0	0	0	0	576	576	192	/tmp/riley-opt-260912/batch6-projection-probe/fixtures/x-row_fingerprint-576.bf16	/tmp/riley-opt-260912/batch6-projection-probe/fixtures/w-00-q.bf16
1	0	0	1	576	576	192	/tmp/riley-opt-260912/batch6-projection-probe/fixtures/x-signed_zero_impulses-576.bf16	/tmp/riley-opt-260912/batch6-projection-probe/fixtures/w-00-q.bf16
2	0	0	2	576	576	192	/tmp/riley-opt-260912/batch6-projection-probe/fixtures/x-bounded_cancellation-576.bf16	/tmp/riley-opt-260912/batch6-projection-probe/fixtures/w-00-q.bf16
3	0	1	0	192	576	192	/tmp/riley-opt-260912/batch6-projection-probe/fixtures/x-row_fingerprint-576.bf16	/tmp/riley-opt-260912/batch6-projection-probe/fixtures/w-00-k.bf16
4	0	1	1	192	576	192	/tmp/riley-opt-260912/batch6-projection-probe/fixtures/x-signed_zero_impulses-576.bf16	/tmp/riley-opt-260912/batch6-projection-probe/fixtures/w-00-k.bf16
5	0	1	2	192	576	192	/tmp/riley-opt-260912/batch6-projection-probe/fixtures/x-bounded_cancellation-576.bf16	/tmp/riley-opt-260912/batch6-projection-probe/fixtures/w-00-k.bf16
6	0	2	0	192	576	192	/tmp/riley-opt-260912/batch6-projection-probe/fixtures/x-row_fingerprint-576.bf16	/tmp/riley-opt-260912/batch6-projection-probe/fixtures/w-00-v.bf16
7	0	2	1	192	576	192	/tmp/riley-opt-260912/batch6-projection-probe/fixtures/x-signed_zero_impulses-576.bf16	/tmp/riley-opt-260912/batch6-projection-probe/fixtures/w-00-v.bf16
8	0	2	2	192	576	192	/tmp/riley-opt-260912/batch6-projection-probe/fixtures/x-bounded_cancellation-576.bf16	/tmp/riley-opt-260912/batch6-projection-probe/fixtures/w-00-v.bf16
9	0	3	0	576	576	128	/tmp/riley-opt-260912/batch6-projection-probe/fixtures/x-row_fingerprint-576.bf16	/tmp/riley-opt-260912/batch6-projection-probe/fixtures/w-00-o.bf16
10	0	3	1	576	576	128	/tmp/riley-opt-260912/batch6-projection-probe/fixtures/x-signed_zero_impulses-576.bf16	/tmp/riley-opt-260912/batch6-projection-probe/fixtures/w-00-o.bf16
11	0	3	2	576	576	128	/tmp/riley-opt-260912/batch6-projection-probe/fixtures/x-bounded_cancellation-576.bf16	/tmp/riley-opt-260912/batch6-projection-probe/fixtures/w-00-o.bf16
12	0	4	0	1536	576	0	/tmp/riley-opt-260912/batch6-projection-probe/fixtures/x-row_fingerprint-576.bf16	/tmp/riley-opt-260912/batch6-projection-probe/fixtures/w-00-gate.bf16
13	0	4	1	1536	576	0	/tmp/riley-opt-260912/batch6-projection-probe/fixtures/x-signed_zero_impulses-576.bf16	/tmp/riley-opt-260912/batch6-projection-probe/fixtures/w-00-gate.bf16
14	0	4	2	1536	576	0	/tmp/riley-opt-260912/batch6-projection-probe/fixtures/x-bounded_cancellation-576.bf16	/tmp/riley-opt-260912/batch6-projection-probe/fixtures/w-00-gate.bf16
15	0	5	0	1536	576	0	/tmp/riley-opt-260912/batch6-projection-probe/fixtures/x-row_fingerprint-576.bf16	/tmp/riley-opt-260912/batch6-projection-probe/fixtures/w-00-up.bf16
16	0	5	1	1536	576	0	/tmp/riley-opt-260912/batch6-projection-probe/fixtures/x-signed_zero_impulses-576.bf16	/tmp/riley-opt-260912/batch6-projection-probe/fixtures/w-00-up.bf16
17	0	5	2	1536	576	0	/tmp/riley-opt-260912/batch6-projection-probe/fixtures/x-bounded_cancellation-576.bf16	/tmp/riley-opt-260912/batch6-projection-probe/fixtures/w-00-up.bf16
18	0	6	0	576	1536	320	/tmp/riley-opt-260912/batch6-projection-probe/fixtures/x-row_fingerprint-1536.bf16	/tmp/riley-opt-260912/batch6-projection-probe/fixtures/w-00-down.bf16
19	0	6	1	576	1536	320	/tmp/riley-opt-260912/batch6-projection-probe/fixtures/x-signed_zero_impulses-1536.bf16	/tmp/riley-opt-260912/batch6-projection-probe/fixtures/w-00-down.bf16
20	0	6	2	576	1536	320	/tmp/riley-opt-260912/batch6-projection-probe/fixtures/x-bounded_cancellation-1536.bf16	/tmp/riley-opt-260912/batch6-projection-probe/fixtures/w-00-down.bf16
21	1	0	0	576	576	192	/tmp/riley-opt-260912/batch6-projection-probe/fixtures/x-row_fingerprint-576.bf16	/tmp/riley-opt-260912/batch6-projection-probe/fixtures/w-01-q.bf16
22	1	0	1	576	576	192	/tmp/riley-opt-260912/batch6-projection-probe/fixtures/x-signed_zero_impulses-576.bf16	/tmp/riley-opt-260912/batch6-projection-probe/fixtures/w-01-q.bf16
23	1	0	2	576	576	192	/tmp/riley-opt-260912/batch6-projection-probe/fixtures/x-bounded_cancellation-576.bf16	/tmp/riley-opt-260912/batch6-projection-probe/fixtures/w-01-q.bf16
24	1	1	0	192	576	192	/tmp/riley-opt-260912/batch6-projection-probe/fixtures/x-row_fingerprint-576.bf16	/tmp/riley-opt-260912/batch6-projection-probe/fixtures/w-01-k.bf16
25	1	1	1	192	576	192	/tmp/riley-opt-260912/batch6-projection-probe/fixtures/x-signed_zero_impulses-576.bf16	/tmp/riley-opt-260912/batch6-projection-probe/fixtures/w-01-k.bf16
26	1	1	2	192	576	192	/tmp/riley-opt-260912/batch6-projection-probe/fixtures/x-bounded_cancellation-576.bf16	/tmp/riley-opt-260912/batch6-projection-probe/fixtures/w-01-k.bf16
27	1	2	0	192	576	192	/tmp/riley-opt-260912/batch6-projection-probe/fixtures/x-row_fingerprint-576.bf16	/tmp/riley-opt-260912/batch6-projection-probe/fixtures/w-01-v.bf16
28	1	2	1	192	576	192	/tmp/riley-opt-260912/batch6-projection-probe/fixtures/x-signed_zero_impulses-576.bf16	/tmp/riley-opt-260912/batch6-projection-probe/fixtures/w-01-v.bf16
29	1	2	2	192	576	192	/tmp/riley-opt-260912/batch6-projection-probe/fixtures/x-bounded_cancellation-576.bf16	/tmp/riley-opt-260912/batch6-projection-probe/fixtures/w-01-v.bf16
30	1	3	0	576	576	128	/tmp/riley-opt-260912/batch6-projection-probe/fixtures/x-row_fingerprint-576.bf16	/tmp/riley-opt-260912/batch6-projection-probe/fixtures/w-01-o.bf16
31	1	3	1	576	576	128	/tmp/riley-opt-260912/batch6-projection-probe/fixtures/x-signed_zero_impulses-576.bf16	/tmp/riley-opt-260912/batch6-projection-probe/fixtures/w-01-o.bf16
32	1	3	2	576	576	128	/tmp/riley-opt-260912/batch6-projection-probe/fixtures/x-bounded_cancellation-576.bf16	/tmp/riley-opt-260912/batch6-projection-probe/fixtures/w-01-o.bf16
33	1	4	0	1536	576	0	/tmp/riley-opt-260912/batch6-projection-probe/fixtures/x-row_fingerprint-576.bf16	/tmp/riley-opt-260912/batch6-projection-probe/fixtures/w-01-gate.bf16
34	1	4	1	1536	576	0	/tmp/riley-opt-260912/batch6-projection-probe/fixtures/x-signed_zero_impulses-576.bf16	/tmp/riley-opt-260912/batch6-projection-probe/fixtures/w-01-gate.bf16
35	1	4	2	1536	576	0	/tmp/riley-opt-260912/batch6-projection-probe/fixtures/x-bounded_cancellation-576.bf16	/tmp/riley-opt-260912/batch6-projection-probe/fixtures/w-01-gate.bf16
36	1	5	0	1536	576	0	/tmp/riley-opt-260912/batch6-projection-probe/fixtures/x-row_fingerprint-576.bf16	/tmp/riley-opt-260912/batch6-projection-probe/fixtures/w-01-up.bf16
37	1	5	1	1536	576	0	/tmp/riley-opt-260912/batch6-projection-probe/fixtures/x-signed_zero_impulses-576.bf16	/tmp/riley-opt-260912/batch6-projection-probe/fixtures/w-01-up.bf16
38	1	5	2	1536	576	0	/tmp/riley-opt-260912/batch6-projection-probe/fixtures/x-bounded_cancellation-576.bf16	/tmp/riley-opt-260912/batch6-projection-probe/fixtures/w-01-up.bf16
39	1	6	0	576	1536	320	/tmp/riley-opt-260912/batch6-projection-probe/fixtures/x-row_fingerprint-1536.bf16	/tmp/riley-opt-260912/batch6-projection-probe/fixtures/w-01-down.bf16
40	1	6	1	576	1536	320	/tmp/riley-opt-260912/batch6-projection-probe/fixtures/x-signed_zero_impulses-1536.bf16	/tmp/riley-opt-260912/batch6-projection-probe/fixtures/w-01-down.bf16
41	1	6	2	576	1536	320	/tmp/riley-opt-260912/batch6-projection-probe/fixtures/x-bounded_cancellation-1536.bf16	/tmp/riley-opt-260912/batch6-projection-probe/fixtures/w-01-down.bf16
42	2	0	0	576	576	192	/tmp/riley-opt-260912/batch6-projection-probe/fixtures/x-row_fingerprint-576.bf16	/tmp/riley-opt-260912/batch6-projection-probe/fixtures/w-02-q.bf16
43	2	0	1	576	576	192	/tmp/riley-opt-260912/batch6-projection-probe/fixtures/x-signed_zero_impulses-576.bf16	/tmp/riley-opt-260912/batch6-projection-probe/fixtures/w-02-q.bf16
44	2	0	2	576	576	192	/tmp/riley-opt-260912/batch6-projection-probe/fixtures/x-bounded_cancellation-576.bf16	/tmp/riley-opt-260912/batch6-projection-probe/fixtures/w-02-q.bf16
45	2	1	0	192	576	192	/tmp/riley-opt-260912/batch6-projection-probe/fixtures/x-row_fingerprint-576.bf16	/tmp/riley-opt-260912/batch6-projection-probe/fixtures/w-02-k.bf16
46	2	1	1	192	576	192	/tmp/riley-opt-260912/batch6-projection-probe/fixtures/x-signed_zero_impulses-576.bf16	/tmp/riley-opt-260912/batch6-projection-probe/fixtures/w-02-k.bf16
47	2	1	2	192	576	192	/tmp/riley-opt-260912/batch6-projection-probe/fixtures/x-bounded_cancellation-576.bf16	/tmp/riley-opt-260912/batch6-projection-probe/fixtures/w-02-k.bf16
48	2	2	0	192	576	192	/tmp/riley-opt-260912/batch6-projection-probe/fixtures/x-row_fingerprint-576.bf16	/tmp/riley-opt-260912/batch6-projection-probe/fixtures/w-02-v.bf16
49	2	2	1	192	576	192	/tmp/riley-opt-260912/batch6-projection-probe/fixtures/x-signed_zero_impulses-576.bf16	/tmp/riley-opt-260912/batch6-projection-probe/fixtures/w-02-v.bf16
50	2	2	2	192	576	192	/tmp/riley-opt-260912/batch6-projection-probe/fixtures/x-bounded_cancellation-576.bf16	/tmp/riley-opt-260912/batch6-projection-probe/fixtures/w-02-v.bf16
51	2	3	0	576	576	128	/tmp/riley-opt-260912/batch6-projection-probe/fixtures/x-row_fingerprint-576.bf16	/tmp/riley-opt-260912/batch6-projection-probe/fixtures/w-02-o.bf16
52	2	3	1	576	576	128	/tmp/riley-opt-260912/batch6-projection-probe/fixtures/x-signed_zero_impulses-576.bf16	/tmp/riley-opt-260912/batch6-projection-probe/fixtures/w-02-o.bf16
53	2	3	2	576	576	128	/tmp/riley-opt-260912/batch6-projection-probe/fixtures/x-bounded_cancellation-576.bf16	/tmp/riley-opt-260912/batch6-projection-probe/fixtures/w-02-o.bf16
54	2	4	0	1536	576	0	/tmp/riley-opt-260912/batch6-projection-probe/fixtures/x-row_fingerprint-576.bf16	/tmp/riley-opt-260912/batch6-projection-probe/fixtures/w-02-gate.bf16
55	2	4	1	1536	576	0	/tmp/riley-opt-260912/batch6-projection-probe/fixtures/x-signed_zero_impulses-576.bf16	/tmp/riley-opt-260912/batch6-projection-probe/fixtures/w-02-gate.bf16
56	2	4	2	1536	576	0	/tmp/riley-opt-260912/batch6-projection-probe/fixtures/x-bounded_cancellation-576.bf16	/tmp/riley-opt-260912/batch6-projection-probe/fixtures/w-02-gate.bf16
57	2	5	0	1536	576	0	/tmp/riley-opt-260912/batch6-projection-probe/fixtures/x-row_fingerprint-576.bf16	/tmp/riley-opt-260912/batch6-projection-probe/fixtures/w-02-up.bf16
58	2	5	1	1536	576	0	/tmp/riley-opt-260912/batch6-projection-probe/fixtures/x-signed_zero_impulses-576.bf16	/tmp/riley-opt-260912/batch6-projection-probe/fixtures/w-02-up.bf16
59	2	5	2	1536	576	0	/tmp/riley-opt-260912/batch6-projection-probe/fixtures/x-bounded_cancellation-576.bf16	/tmp/riley-opt-260912/batch6-projection-probe/fixtures/w-02-up.bf16
60	2	6	0	576	1536	320	/tmp/riley-opt-260912/batch6-projection-probe/fixtures/x-row_fingerprint-1536.bf16	/tmp/riley-opt-260912/batch6-projection-probe/fixtures/w-02-down.bf16
61	2	6	1	576	1536	320	/tmp/riley-opt-260912/batch6-projection-probe/fixtures/x-signed_zero_impulses-1536.bf16	/tmp/riley-opt-260912/batch6-projection-probe/fixtures/w-02-down.bf16
62	2	6	2	576	1536	320	/tmp/riley-opt-260912/batch6-projection-probe/fixtures/x-bounded_cancellation-1536.bf16	/tmp/riley-opt-260912/batch6-projection-probe/fixtures/w-02-down.bf16
63	3	0	0	576	576	192	/tmp/riley-opt-260912/batch6-projection-probe/fixtures/x-row_fingerprint-576.bf16	/tmp/riley-opt-260912/batch6-projection-probe/fixtures/w-03-q.bf16
64	3	0	1	576	576	192	/tmp/riley-opt-260912/batch6-projection-probe/fixtures/x-signed_zero_impulses-576.bf16	/tmp/riley-opt-260912/batch6-projection-probe/fixtures/w-03-q.bf16
65	3	0	2	576	576	192	/tmp/riley-opt-260912/batch6-projection-probe/fixtures/x-bounded_cancellation-576.bf16	/tmp/riley-opt-260912/batch6-projection-probe/fixtures/w-03-q.bf16
66	3	1	0	192	576	192	/tmp/riley-opt-260912/batch6-projection-probe/fixtures/x-row_fingerprint-576.bf16	/tmp/riley-opt-260912/batch6-projection-probe/fixtures/w-03-k.bf16
67	3	1	1	192	576	192	/tmp/riley-opt-260912/batch6-projection-probe/fixtures/x-signed_zero_impulses-576.bf16	/tmp/riley-opt-260912/batch6-projection-probe/fixtures/w-03-k.bf16
68	3	1	2	192	576	192	/tmp/riley-opt-260912/batch6-projection-probe/fixtures/x-bounded_cancellation-576.bf16	/tmp/riley-opt-260912/batch6-projection-probe/fixtures/w-03-k.bf16
69	3	2	0	192	576	192	/tmp/riley-opt-260912/batch6-projection-probe/fixtures/x-row_fingerprint-576.bf16	/tmp/riley-opt-260912/batch6-projection-probe/fixtures/w-03-v.bf16
70	3	2	1	192	576	192	/tmp/riley-opt-260912/batch6-projection-probe/fixtures/x-signed_zero_impulses-576.bf16	/tmp/riley-opt-260912/batch6-projection-probe/fixtures/w-03-v.bf16
71	3	2	2	192	576	192	/tmp/riley-opt-260912/batch6-projection-probe/fixtures/x-bounded_cancellation-576.bf16	/tmp/riley-opt-260912/batch6-projection-probe/fixtures/w-03-v.bf16
72	3	3	0	576	576	128	/tmp/riley-opt-260912/batch6-projection-probe/fixtures/x-row_fingerprint-576.bf16	/tmp/riley-opt-260912/batch6-projection-probe/fixtures/w-03-o.bf16
73	3	3	1	576	576	128	/tmp/riley-opt-260912/batch6-projection-probe/fixtures/x-signed_zero_impulses-576.bf16	/tmp/riley-opt-260912/batch6-projection-probe/fixtures/w-03-o.bf16
74	3	3	2	576	576	128	/tmp/riley-opt-260912/batch6-projection-probe/fixtures/x-bounded_cancellation-576.bf16	/tmp/riley-opt-260912/batch6-projection-probe/fixtures/w-03-o.bf16
75	3	4	0	1536	576	0	/tmp/riley-opt-260912/batch6-projection-probe/fixtures/x-row_fingerprint-576.bf16	/tmp/riley-opt-260912/batch6-projection-probe/fixtures/w-03-gate.bf16
76	3	4	1	1536	576	0	/tmp/riley-opt-260912/batch6-projection-probe/fixtures/x-signed_zero_impulses-576.bf16	/tmp/riley-opt-260912/batch6-projection-probe/fixtures/w-03-gate.bf16
77	3	4	2	1536	576	0	/tmp/riley-opt-260912/batch6-projection-probe/fixtures/x-bounded_cancellation-576.bf16	/tmp/riley-opt-260912/batch6-projection-probe/fixtures/w-03-gate.bf16
78	3	5	0	1536	576	0	/tmp/riley-opt-260912/batch6-projection-probe/fixtures/x-row_fingerprint-576.bf16	/tmp/riley-opt-260912/batch6-projection-probe/fixtures/w-03-up.bf16
79	3	5	1	1536	576	0	/tmp/riley-opt-260912/batch6-projection-probe/fixtures/x-signed_zero_impulses-576.bf16	/tmp/riley-opt-260912/batch6-projection-probe/fixtures/w-03-up.bf16
80	3	5	2	1536	576	0	/tmp/riley-opt-260912/batch6-projection-probe/fixtures/x-bounded_cancellation-576.bf16	/tmp/riley-opt-260912/batch6-projection-probe/fixtures/w-03-up.bf16
81	3	6	0	576	1536	320	/tmp/riley-opt-260912/batch6-projection-probe/fixtures/x-row_fingerprint-1536.bf16	/tmp/riley-opt-260912/batch6-projection-probe/fixtures/w-03-down.bf16
82	3	6	1	576	1536	320	/tmp/riley-opt-260912/batch6-projection-probe/fixtures/x-signed_zero_impulses-1536.bf16	/tmp/riley-opt-260912/batch6-projection-probe/fixtures/w-03-down.bf16
83	3	6	2	576	1536	320	/tmp/riley-opt-260912/batch6-projection-probe/fixtures/x-bounded_cancellation-1536.bf16	/tmp/riley-opt-260912/batch6-projection-probe/fixtures/w-03-down.bf16
84	4	0	0	576	576	192	/tmp/riley-opt-260912/batch6-projection-probe/fixtures/x-row_fingerprint-576.bf16	/tmp/riley-opt-260912/batch6-projection-probe/fixtures/w-04-q.bf16
85	4	0	1	576	576	192	/tmp/riley-opt-260912/batch6-projection-probe/fixtures/x-signed_zero_impulses-576.bf16	/tmp/riley-opt-260912/batch6-projection-probe/fixtures/w-04-q.bf16
86	4	0	2	576	576	192	/tmp/riley-opt-260912/batch6-projection-probe/fixtures/x-bounded_cancellation-576.bf16	/tmp/riley-opt-260912/batch6-projection-probe/fixtures/w-04-q.bf16
87	4	1	0	192	576	192	/tmp/riley-opt-260912/batch6-projection-probe/fixtures/x-row_fingerprint-576.bf16	/tmp/riley-opt-260912/batch6-projection-probe/fixtures/w-04-k.bf16
88	4	1	1	192	576	192	/tmp/riley-opt-260912/batch6-projection-probe/fixtures/x-signed_zero_impulses-576.bf16	/tmp/riley-opt-260912/batch6-projection-probe/fixtures/w-04-k.bf16
89	4	1	2	192	576	192	/tmp/riley-opt-260912/batch6-projection-probe/fixtures/x-bounded_cancellation-576.bf16	/tmp/riley-opt-260912/batch6-projection-probe/fixtures/w-04-k.bf16
90	4	2	0	192	576	192	/tmp/riley-opt-260912/batch6-projection-probe/fixtures/x-row_fingerprint-576.bf16	/tmp/riley-opt-260912/batch6-projection-probe/fixtures/w-04-v.bf16
91	4	2	1	192	576	192	/tmp/riley-opt-260912/batch6-projection-probe/fixtures/x-signed_zero_impulses-576.bf16	/tmp/riley-opt-260912/batch6-projection-probe/fixtures/w-04-v.bf16
92	4	2	2	192	576	192	/tmp/riley-opt-260912/batch6-projection-probe/fixtures/x-bounded_cancellation-576.bf16	/tmp/riley-opt-260912/batch6-projection-probe/fixtures/w-04-v.bf16
93	4	3	0	576	576	128	/tmp/riley-opt-260912/batch6-projection-probe/fixtures/x-row_fingerprint-576.bf16	/tmp/riley-opt-260912/batch6-projection-probe/fixtures/w-04-o.bf16
94	4	3	1	576	576	128	/tmp/riley-opt-260912/batch6-projection-probe/fixtures/x-signed_zero_impulses-576.bf16	/tmp/riley-opt-260912/batch6-projection-probe/fixtures/w-04-o.bf16
95	4	3	2	576	576	128	/tmp/riley-opt-260912/batch6-projection-probe/fixtures/x-bounded_cancellation-576.bf16	/tmp/riley-opt-260912/batch6-projection-probe/fixtures/w-04-o.bf16
96	4	4	0	1536	576	0	/tmp/riley-opt-260912/batch6-projection-probe/fixtures/x-row_fingerprint-576.bf16	/tmp/riley-opt-260912/batch6-projection-probe/fixtures/w-04-gate.bf16
97	4	4	1	1536	576	0	/tmp/riley-opt-260912/batch6-projection-probe/fixtures/x-signed_zero_impulses-576.bf16	/tmp/riley-opt-260912/batch6-projection-probe/fixtures/w-04-gate.bf16
98	4	4	2	1536	576	0	/tmp/riley-opt-260912/batch6-projection-probe/fixtures/x-bounded_cancellation-576.bf16	/tmp/riley-opt-260912/batch6-projection-probe/fixtures/w-04-gate.bf16
99	4	5	0	1536	576	0	/tmp/riley-opt-260912/batch6-projection-probe/fixtures/x-row_fingerprint-576.bf16	/tmp/riley-opt-260912/batch6-projection-probe/fixtures/w-04-up.bf16
100	4	5	1	1536	576	0	/tmp/riley-opt-260912/batch6-projection-probe/fixtures/x-signed_zero_impulses-576.bf16	/tmp/riley-opt-260912/batch6-projection-probe/fixtures/w-04-up.bf16
101	4	5	2	1536	576	0	/tmp/riley-opt-260912/batch6-projection-probe/fixtures/x-bounded_cancellation-576.bf16	/tmp/riley-opt-260912/batch6-projection-probe/fixtures/w-04-up.bf16
102	4	6	0	576	1536	320	/tmp/riley-opt-260912/batch6-projection-probe/fixtures/x-row_fingerprint-1536.bf16	/tmp/riley-opt-260912/batch6-projection-probe/fixtures/w-04-down.bf16
103	4	6	1	576	1536	320	/tmp/riley-opt-260912/batch6-projection-probe/fixtures/x-signed_zero_impulses-1536.bf16	/tmp/riley-opt-260912/batch6-projection-probe/fixtures/w-04-down.bf16
104	4	6	2	576	1536	320	/tmp/riley-opt-260912/batch6-projection-probe/fixtures/x-bounded_cancellation-1536.bf16	/tmp/riley-opt-260912/batch6-projection-probe/fixtures/w-04-down.bf16
105	5	0	0	576	576	192	/tmp/riley-opt-260912/batch6-projection-probe/fixtures/x-row_fingerprint-576.bf16	/tmp/riley-opt-260912/batch6-projection-probe/fixtures/w-05-q.bf16
106	5	0	1	576	576	192	/tmp/riley-opt-260912/batch6-projection-probe/fixtures/x-signed_zero_impulses-576.bf16	/tmp/riley-opt-260912/batch6-projection-probe/fixtures/w-05-q.bf16
107	5	0	2	576	576	192	/tmp/riley-opt-260912/batch6-projection-probe/fixtures/x-bounded_cancellation-576.bf16	/tmp/riley-opt-260912/batch6-projection-probe/fixtures/w-05-q.bf16
108	5	1	0	192	576	192	/tmp/riley-opt-260912/batch6-projection-probe/fixtures/x-row_fingerprint-576.bf16	/tmp/riley-opt-260912/batch6-projection-probe/fixtures/w-05-k.bf16
109	5	1	1	192	576	192	/tmp/riley-opt-260912/batch6-projection-probe/fixtures/x-signed_zero_impulses-576.bf16	/tmp/riley-opt-260912/batch6-projection-probe/fixtures/w-05-k.bf16
110	5	1	2	192	576	192	/tmp/riley-opt-260912/batch6-projection-probe/fixtures/x-bounded_cancellation-576.bf16	/tmp/riley-opt-260912/batch6-projection-probe/fixtures/w-05-k.bf16
111	5	2	0	192	576	192	/tmp/riley-opt-260912/batch6-projection-probe/fixtures/x-row_fingerprint-576.bf16	/tmp/riley-opt-260912/batch6-projection-probe/fixtures/w-05-v.bf16
112	5	2	1	192	576	192	/tmp/riley-opt-260912/batch6-projection-probe/fixtures/x-signed_zero_impulses-576.bf16	/tmp/riley-opt-260912/batch6-projection-probe/fixtures/w-05-v.bf16
113	5	2	2	192	576	192	/tmp/riley-opt-260912/batch6-projection-probe/fixtures/x-bounded_cancellation-576.bf16	/tmp/riley-opt-260912/batch6-projection-probe/fixtures/w-05-v.bf16
114	5	3	0	576	576	128	/tmp/riley-opt-260912/batch6-projection-probe/fixtures/x-row_fingerprint-576.bf16	/tmp/riley-opt-260912/batch6-projection-probe/fixtures/w-05-o.bf16
115	5	3	1	576	576	128	/tmp/riley-opt-260912/batch6-projection-probe/fixtures/x-signed_zero_impulses-576.bf16	/tmp/riley-opt-260912/batch6-projection-probe/fixtures/w-05-o.bf16
116	5	3	2	576	576	128	/tmp/riley-opt-260912/batch6-projection-probe/fixtures/x-bounded_cancellation-576.bf16	/tmp/riley-opt-260912/batch6-projection-probe/fixtures/w-05-o.bf16
117	5	4	0	1536	576	0	/tmp/riley-opt-260912/batch6-projection-probe/fixtures/x-row_fingerprint-576.bf16	/tmp/riley-opt-260912/batch6-projection-probe/fixtures/w-05-gate.bf16
118	5	4	1	1536	576	0	/tmp/riley-opt-260912/batch6-projection-probe/fixtures/x-signed_zero_impulses-576.bf16	/tmp/riley-opt-260912/batch6-projection-probe/fixtures/w-05-gate.bf16
119	5	4	2	1536	576	0	/tmp/riley-opt-260912/batch6-projection-probe/fixtures/x-bounded_cancellation-576.bf16	/tmp/riley-opt-260912/batch6-projection-probe/fixtures/w-05-gate.bf16
120	5	5	0	1536	576	0	/tmp/riley-opt-260912/batch6-projection-probe/fixtures/x-row_fingerprint-576.bf16	/tmp/riley-opt-260912/batch6-projection-probe/fixtures/w-05-up.bf16
121	5	5	1	1536	576	0	/tmp/riley-opt-260912/batch6-projection-probe/fixtures/x-signed_zero_impulses-576.bf16	/tmp/riley-opt-260912/batch6-projection-probe/fixtures/w-05-up.bf16
122	5	5	2	1536	576	0	/tmp/riley-opt-260912/batch6-projection-probe/fixtures/x-bounded_cancellation-576.bf16	/tmp/riley-opt-260912/batch6-projection-probe/fixtures/w-05-up.bf16
123	5	6	0	576	1536	320	/tmp/riley-opt-260912/batch6-projection-probe/fixtures/x-row_fingerprint-1536.bf16	/tmp/riley-opt-260912/batch6-projection-probe/fixtures/w-05-down.bf16
124	5	6	1	576	1536	320	/tmp/riley-opt-260912/batch6-projection-probe/fixtures/x-signed_zero_impulses-1536.bf16	/tmp/riley-opt-260912/batch6-projection-probe/fixtures/w-05-down.bf16
125	5	6	2	576	1536	320	/tmp/riley-opt-260912/batch6-projection-probe/fixtures/x-bounded_cancellation-1536.bf16	/tmp/riley-opt-260912/batch6-projection-probe/fixtures/w-05-down.bf16
126	6	0	0	576	576	192	/tmp/riley-opt-260912/batch6-projection-probe/fixtures/x-row_fingerprint-576.bf16	/tmp/riley-opt-260912/batch6-projection-probe/fixtures/w-06-q.bf16
127	6	0	1	576	576	192	/tmp/riley-opt-260912/batch6-projection-probe/fixtures/x-signed_zero_impulses-576.bf16	/tmp/riley-opt-260912/batch6-projection-probe/fixtures/w-06-q.bf16
128	6	0	2	576	576	192	/tmp/riley-opt-260912/batch6-projection-probe/fixtures/x-bounded_cancellation-576.bf16	/tmp/riley-opt-260912/batch6-projection-probe/fixtures/w-06-q.bf16
129	6	1	0	192	576	192	/tmp/riley-opt-260912/batch6-projection-probe/fixtures/x-row_fingerprint-576.bf16	/tmp/riley-opt-260912/batch6-projection-probe/fixtures/w-06-k.bf16
130	6	1	1	192	576	192	/tmp/riley-opt-260912/batch6-projection-probe/fixtures/x-signed_zero_impulses-576.bf16	/tmp/riley-opt-260912/batch6-projection-probe/fixtures/w-06-k.bf16
131	6	1	2	192	576	192	/tmp/riley-opt-260912/batch6-projection-probe/fixtures/x-bounded_cancellation-576.bf16	/tmp/riley-opt-260912/batch6-projection-probe/fixtures/w-06-k.bf16
132	6	2	0	192	576	192	/tmp/riley-opt-260912/batch6-projection-probe/fixtures/x-row_fingerprint-576.bf16	/tmp/riley-opt-260912/batch6-projection-probe/fixtures/w-06-v.bf16
133	6	2	1	192	576	192	/tmp/riley-opt-260912/batch6-projection-probe/fixtures/x-signed_zero_impulses-576.bf16	/tmp/riley-opt-260912/batch6-projection-probe/fixtures/w-06-v.bf16
134	6	2	2	192	576	192	/tmp/riley-opt-260912/batch6-projection-probe/fixtures/x-bounded_cancellation-576.bf16	/tmp/riley-opt-260912/batch6-projection-probe/fixtures/w-06-v.bf16
135	6	3	0	576	576	128	/tmp/riley-opt-260912/batch6-projection-probe/fixtures/x-row_fingerprint-576.bf16	/tmp/riley-opt-260912/batch6-projection-probe/fixtures/w-06-o.bf16
136	6	3	1	576	576	128	/tmp/riley-opt-260912/batch6-projection-probe/fixtures/x-signed_zero_impulses-576.bf16	/tmp/riley-opt-260912/batch6-projection-probe/fixtures/w-06-o.bf16
137	6	3	2	576	576	128	/tmp/riley-opt-260912/batch6-projection-probe/fixtures/x-bounded_cancellation-576.bf16	/tmp/riley-opt-260912/batch6-projection-probe/fixtures/w-06-o.bf16
138	6	4	0	1536	576	0	/tmp/riley-opt-260912/batch6-projection-probe/fixtures/x-row_fingerprint-576.bf16	/tmp/riley-opt-260912/batch6-projection-probe/fixtures/w-06-gate.bf16
139	6	4	1	1536	576	0	/tmp/riley-opt-260912/batch6-projection-probe/fixtures/x-signed_zero_impulses-576.bf16	/tmp/riley-opt-260912/batch6-projection-probe/fixtures/w-06-gate.bf16
140	6	4	2	1536	576	0	/tmp/riley-opt-260912/batch6-projection-probe/fixtures/x-bounded_cancellation-576.bf16	/tmp/riley-opt-260912/batch6-projection-probe/fixtures/w-06-gate.bf16
141	6	5	0	1536	576	0	/tmp/riley-opt-260912/batch6-projection-probe/fixtures/x-row_fingerprint-576.bf16	/tmp/riley-opt-260912/batch6-projection-probe/fixtures/w-06-up.bf16
142	6	5	1	1536	576	0	/tmp/riley-opt-260912/batch6-projection-probe/fixtures/x-signed_zero_impulses-576.bf16	/tmp/riley-opt-260912/batch6-projection-probe/fixtures/w-06-up.bf16
143	6	5	2	1536	576	0	/tmp/riley-opt-260912/batch6-projection-probe/fixtures/x-bounded_cancellation-576.bf16	/tmp/riley-opt-260912/batch6-projection-probe/fixtures/w-06-up.bf16
144	6	6	0	576	1536	320	/tmp/riley-opt-260912/batch6-projection-probe/fixtures/x-row_fingerprint-1536.bf16	/tmp/riley-opt-260912/batch6-projection-probe/fixtures/w-06-down.bf16
145	6	6	1	576	1536	320	/tmp/riley-opt-260912/batch6-projection-probe/fixtures/x-signed_zero_impulses-1536.bf16	/tmp/riley-opt-260912/batch6-projection-probe/fixtures/w-06-down.bf16
146	6	6	2	576	1536	320	/tmp/riley-opt-260912/batch6-projection-probe/fixtures/x-bounded_cancellation-1536.bf16	/tmp/riley-opt-260912/batch6-projection-probe/fixtures/w-06-down.bf16
147	7	0	0	576	576	192	/tmp/riley-opt-260912/batch6-projection-probe/fixtures/x-row_fingerprint-576.bf16	/tmp/riley-opt-260912/batch6-projection-probe/fixtures/w-07-q.bf16
148	7	0	1	576	576	192	/tmp/riley-opt-260912/batch6-projection-probe/fixtures/x-signed_zero_impulses-576.bf16	/tmp/riley-opt-260912/batch6-projection-probe/fixtures/w-07-q.bf16
149	7	0	2	576	576	192	/tmp/riley-opt-260912/batch6-projection-probe/fixtures/x-bounded_cancellation-576.bf16	/tmp/riley-opt-260912/batch6-projection-probe/fixtures/w-07-q.bf16
150	7	1	0	192	576	192	/tmp/riley-opt-260912/batch6-projection-probe/fixtures/x-row_fingerprint-576.bf16	/tmp/riley-opt-260912/batch6-projection-probe/fixtures/w-07-k.bf16
151	7	1	1	192	576	192	/tmp/riley-opt-260912/batch6-projection-probe/fixtures/x-signed_zero_impulses-576.bf16	/tmp/riley-opt-260912/batch6-projection-probe/fixtures/w-07-k.bf16
152	7	1	2	192	576	192	/tmp/riley-opt-260912/batch6-projection-probe/fixtures/x-bounded_cancellation-576.bf16	/tmp/riley-opt-260912/batch6-projection-probe/fixtures/w-07-k.bf16
153	7	2	0	192	576	192	/tmp/riley-opt-260912/batch6-projection-probe/fixtures/x-row_fingerprint-576.bf16	/tmp/riley-opt-260912/batch6-projection-probe/fixtures/w-07-v.bf16
154	7	2	1	192	576	192	/tmp/riley-opt-260912/batch6-projection-probe/fixtures/x-signed_zero_impulses-576.bf16	/tmp/riley-opt-260912/batch6-projection-probe/fixtures/w-07-v.bf16
155	7	2	2	192	576	192	/tmp/riley-opt-260912/batch6-projection-probe/fixtures/x-bounded_cancellation-576.bf16	/tmp/riley-opt-260912/batch6-projection-probe/fixtures/w-07-v.bf16
156	7	3	0	576	576	128	/tmp/riley-opt-260912/batch6-projection-probe/fixtures/x-row_fingerprint-576.bf16	/tmp/riley-opt-260912/batch6-projection-probe/fixtures/w-07-o.bf16
157	7	3	1	576	576	128	/tmp/riley-opt-260912/batch6-projection-probe/fixtures/x-signed_zero_impulses-576.bf16	/tmp/riley-opt-260912/batch6-projection-probe/fixtures/w-07-o.bf16
158	7	3	2	576	576	128	/tmp/riley-opt-260912/batch6-projection-probe/fixtures/x-bounded_cancellation-576.bf16	/tmp/riley-opt-260912/batch6-projection-probe/fixtures/w-07-o.bf16
159	7	4	0	1536	576	0	/tmp/riley-opt-260912/batch6-projection-probe/fixtures/x-row_fingerprint-576.bf16	/tmp/riley-opt-260912/batch6-projection-probe/fixtures/w-07-gate.bf16
160	7	4	1	1536	576	0	/tmp/riley-opt-260912/batch6-projection-probe/fixtures/x-signed_zero_impulses-576.bf16	/tmp/riley-opt-260912/batch6-projection-probe/fixtures/w-07-gate.bf16
161	7	4	2	1536	576	0	/tmp/riley-opt-260912/batch6-projection-probe/fixtures/x-bounded_cancellation-576.bf16	/tmp/riley-opt-260912/batch6-projection-probe/fixtures/w-07-gate.bf16
162	7	5	0	1536	576	0	/tmp/riley-opt-260912/batch6-projection-probe/fixtures/x-row_fingerprint-576.bf16	/tmp/riley-opt-260912/batch6-projection-probe/fixtures/w-07-up.bf16
163	7	5	1	1536	576	0	/tmp/riley-opt-260912/batch6-projection-probe/fixtures/x-signed_zero_impulses-576.bf16	/tmp/riley-opt-260912/batch6-projection-probe/fixtures/w-07-up.bf16
164	7	5	2	1536	576	0	/tmp/riley-opt-260912/batch6-projection-probe/fixtures/x-bounded_cancellation-576.bf16	/tmp/riley-opt-260912/batch6-projection-probe/fixtures/w-07-up.bf16
165	7	6	0	576	1536	320	/tmp/riley-opt-260912/batch6-projection-probe/fixtures/x-row_fingerprint-1536.bf16	/tmp/riley-opt-260912/batch6-projection-probe/fixtures/w-07-down.bf16
166	7	6	1	576	1536	320	/tmp/riley-opt-260912/batch6-projection-probe/fixtures/x-signed_zero_impulses-1536.bf16	/tmp/riley-opt-260912/batch6-projection-probe/fixtures/w-07-down.bf16
167	7	6	2	576	1536	320	/tmp/riley-opt-260912/batch6-projection-probe/fixtures/x-bounded_cancellation-1536.bf16	/tmp/riley-opt-260912/batch6-projection-probe/fixtures/w-07-down.bf16
168	8	0	0	576	576	192	/tmp/riley-opt-260912/batch6-projection-probe/fixtures/x-row_fingerprint-576.bf16	/tmp/riley-opt-260912/batch6-projection-probe/fixtures/w-08-q.bf16
169	8	0	1	576	576	192	/tmp/riley-opt-260912/batch6-projection-probe/fixtures/x-signed_zero_impulses-576.bf16	/tmp/riley-opt-260912/batch6-projection-probe/fixtures/w-08-q.bf16
170	8	0	2	576	576	192	/tmp/riley-opt-260912/batch6-projection-probe/fixtures/x-bounded_cancellation-576.bf16	/tmp/riley-opt-260912/batch6-projection-probe/fixtures/w-08-q.bf16
171	8	1	0	192	576	192	/tmp/riley-opt-260912/batch6-projection-probe/fixtures/x-row_fingerprint-576.bf16	/tmp/riley-opt-260912/batch6-projection-probe/fixtures/w-08-k.bf16
172	8	1	1	192	576	192	/tmp/riley-opt-260912/batch6-projection-probe/fixtures/x-signed_zero_impulses-576.bf16	/tmp/riley-opt-260912/batch6-projection-probe/fixtures/w-08-k.bf16
173	8	1	2	192	576	192	/tmp/riley-opt-260912/batch6-projection-probe/fixtures/x-bounded_cancellation-576.bf16	/tmp/riley-opt-260912/batch6-projection-probe/fixtures/w-08-k.bf16
174	8	2	0	192	576	192	/tmp/riley-opt-260912/batch6-projection-probe/fixtures/x-row_fingerprint-576.bf16	/tmp/riley-opt-260912/batch6-projection-probe/fixtures/w-08-v.bf16
175	8	2	1	192	576	192	/tmp/riley-opt-260912/batch6-projection-probe/fixtures/x-signed_zero_impulses-576.bf16	/tmp/riley-opt-260912/batch6-projection-probe/fixtures/w-08-v.bf16
176	8	2	2	192	576	192	/tmp/riley-opt-260912/batch6-projection-probe/fixtures/x-bounded_cancellation-576.bf16	/tmp/riley-opt-260912/batch6-projection-probe/fixtures/w-08-v.bf16
177	8	3	0	576	576	128	/tmp/riley-opt-260912/batch6-projection-probe/fixtures/x-row_fingerprint-576.bf16	/tmp/riley-opt-260912/batch6-projection-probe/fixtures/w-08-o.bf16
178	8	3	1	576	576	128	/tmp/riley-opt-260912/batch6-projection-probe/fixtures/x-signed_zero_impulses-576.bf16	/tmp/riley-opt-260912/batch6-projection-probe/fixtures/w-08-o.bf16
179	8	3	2	576	576	128	/tmp/riley-opt-260912/batch6-projection-probe/fixtures/x-bounded_cancellation-576.bf16	/tmp/riley-opt-260912/batch6-projection-probe/fixtures/w-08-o.bf16
180	8	4	0	1536	576	0	/tmp/riley-opt-260912/batch6-projection-probe/fixtures/x-row_fingerprint-576.bf16	/tmp/riley-opt-260912/batch6-projection-probe/fixtures/w-08-gate.bf16
181	8	4	1	1536	576	0	/tmp/riley-opt-260912/batch6-projection-probe/fixtures/x-signed_zero_impulses-576.bf16	/tmp/riley-opt-260912/batch6-projection-probe/fixtures/w-08-gate.bf16
182	8	4	2	1536	576	0	/tmp/riley-opt-260912/batch6-projection-probe/fixtures/x-bounded_cancellation-576.bf16	/tmp/riley-opt-260912/batch6-projection-probe/fixtures/w-08-gate.bf16
183	8	5	0	1536	576	0	/tmp/riley-opt-260912/batch6-projection-probe/fixtures/x-row_fingerprint-576.bf16	/tmp/riley-opt-260912/batch6-projection-probe/fixtures/w-08-up.bf16
184	8	5	1	1536	576	0	/tmp/riley-opt-260912/batch6-projection-probe/fixtures/x-signed_zero_impulses-576.bf16	/tmp/riley-opt-260912/batch6-projection-probe/fixtures/w-08-up.bf16
185	8	5	2	1536	576	0	/tmp/riley-opt-260912/batch6-projection-probe/fixtures/x-bounded_cancellation-576.bf16	/tmp/riley-opt-260912/batch6-projection-probe/fixtures/w-08-up.bf16
186	8	6	0	576	1536	320	/tmp/riley-opt-260912/batch6-projection-probe/fixtures/x-row_fingerprint-1536.bf16	/tmp/riley-opt-260912/batch6-projection-probe/fixtures/w-08-down.bf16
187	8	6	1	576	1536	320	/tmp/riley-opt-260912/batch6-projection-probe/fixtures/x-signed_zero_impulses-1536.bf16	/tmp/riley-opt-260912/batch6-projection-probe/fixtures/w-08-down.bf16
188	8	6	2	576	1536	320	/tmp/riley-opt-260912/batch6-projection-probe/fixtures/x-bounded_cancellation-1536.bf16	/tmp/riley-opt-260912/batch6-projection-probe/fixtures/w-08-down.bf16
189	9	0	0	576	576	192	/tmp/riley-opt-260912/batch6-projection-probe/fixtures/x-row_fingerprint-576.bf16	/tmp/riley-opt-260912/batch6-projection-probe/fixtures/w-09-q.bf16
190	9	0	1	576	576	192	/tmp/riley-opt-260912/batch6-projection-probe/fixtures/x-signed_zero_impulses-576.bf16	/tmp/riley-opt-260912/batch6-projection-probe/fixtures/w-09-q.bf16
191	9	0	2	576	576	192	/tmp/riley-opt-260912/batch6-projection-probe/fixtures/x-bounded_cancellation-576.bf16	/tmp/riley-opt-260912/batch6-projection-probe/fixtures/w-09-q.bf16
192	9	1	0	192	576	192	/tmp/riley-opt-260912/batch6-projection-probe/fixtures/x-row_fingerprint-576.bf16	/tmp/riley-opt-260912/batch6-projection-probe/fixtures/w-09-k.bf16
193	9	1	1	192	576	192	/tmp/riley-opt-260912/batch6-projection-probe/fixtures/x-signed_zero_impulses-576.bf16	/tmp/riley-opt-260912/batch6-projection-probe/fixtures/w-09-k.bf16
194	9	1	2	192	576	192	/tmp/riley-opt-260912/batch6-projection-probe/fixtures/x-bounded_cancellation-576.bf16	/tmp/riley-opt-260912/batch6-projection-probe/fixtures/w-09-k.bf16
195	9	2	0	192	576	192	/tmp/riley-opt-260912/batch6-projection-probe/fixtures/x-row_fingerprint-576.bf16	/tmp/riley-opt-260912/batch6-projection-probe/fixtures/w-09-v.bf16
196	9	2	1	192	576	192	/tmp/riley-opt-260912/batch6-projection-probe/fixtures/x-signed_zero_impulses-576.bf16	/tmp/riley-opt-260912/batch6-projection-probe/fixtures/w-09-v.bf16
197	9	2	2	192	576	192	/tmp/riley-opt-260912/batch6-projection-probe/fixtures/x-bounded_cancellation-576.bf16	/tmp/riley-opt-260912/batch6-projection-probe/fixtures/w-09-v.bf16
198	9	3	0	576	576	128	/tmp/riley-opt-260912/batch6-projection-probe/fixtures/x-row_fingerprint-576.bf16	/tmp/riley-opt-260912/batch6-projection-probe/fixtures/w-09-o.bf16
199	9	3	1	576	576	128	/tmp/riley-opt-260912/batch6-projection-probe/fixtures/x-signed_zero_impulses-576.bf16	/tmp/riley-opt-260912/batch6-projection-probe/fixtures/w-09-o.bf16
200	9	3	2	576	576	128	/tmp/riley-opt-260912/batch6-projection-probe/fixtures/x-bounded_cancellation-576.bf16	/tmp/riley-opt-260912/batch6-projection-probe/fixtures/w-09-o.bf16
201	9	4	0	1536	576	0	/tmp/riley-opt-260912/batch6-projection-probe/fixtures/x-row_fingerprint-576.bf16	/tmp/riley-opt-260912/batch6-projection-probe/fixtures/w-09-gate.bf16
202	9	4	1	1536	576	0	/tmp/riley-opt-260912/batch6-projection-probe/fixtures/x-signed_zero_impulses-576.bf16	/tmp/riley-opt-260912/batch6-projection-probe/fixtures/w-09-gate.bf16
203	9	4	2	1536	576	0	/tmp/riley-opt-260912/batch6-projection-probe/fixtures/x-bounded_cancellation-576.bf16	/tmp/riley-opt-260912/batch6-projection-probe/fixtures/w-09-gate.bf16
204	9	5	0	1536	576	0	/tmp/riley-opt-260912/batch6-projection-probe/fixtures/x-row_fingerprint-576.bf16	/tmp/riley-opt-260912/batch6-projection-probe/fixtures/w-09-up.bf16
205	9	5	1	1536	576	0	/tmp/riley-opt-260912/batch6-projection-probe/fixtures/x-signed_zero_impulses-576.bf16	/tmp/riley-opt-260912/batch6-projection-probe/fixtures/w-09-up.bf16
206	9	5	2	1536	576	0	/tmp/riley-opt-260912/batch6-projection-probe/fixtures/x-bounded_cancellation-576.bf16	/tmp/riley-opt-260912/batch6-projection-probe/fixtures/w-09-up.bf16
207	9	6	0	576	1536	320	/tmp/riley-opt-260912/batch6-projection-probe/fixtures/x-row_fingerprint-1536.bf16	/tmp/riley-opt-260912/batch6-projection-probe/fixtures/w-09-down.bf16
208	9	6	1	576	1536	320	/tmp/riley-opt-260912/batch6-projection-probe/fixtures/x-signed_zero_impulses-1536.bf16	/tmp/riley-opt-260912/batch6-projection-probe/fixtures/w-09-down.bf16
209	9	6	2	576	1536	320	/tmp/riley-opt-260912/batch6-projection-probe/fixtures/x-bounded_cancellation-1536.bf16	/tmp/riley-opt-260912/batch6-projection-probe/fixtures/w-09-down.bf16
210	10	0	0	576	576	192	/tmp/riley-opt-260912/batch6-projection-probe/fixtures/x-row_fingerprint-576.bf16	/tmp/riley-opt-260912/batch6-projection-probe/fixtures/w-10-q.bf16
211	10	0	1	576	576	192	/tmp/riley-opt-260912/batch6-projection-probe/fixtures/x-signed_zero_impulses-576.bf16	/tmp/riley-opt-260912/batch6-projection-probe/fixtures/w-10-q.bf16
212	10	0	2	576	576	192	/tmp/riley-opt-260912/batch6-projection-probe/fixtures/x-bounded_cancellation-576.bf16	/tmp/riley-opt-260912/batch6-projection-probe/fixtures/w-10-q.bf16
213	10	1	0	192	576	192	/tmp/riley-opt-260912/batch6-projection-probe/fixtures/x-row_fingerprint-576.bf16	/tmp/riley-opt-260912/batch6-projection-probe/fixtures/w-10-k.bf16
214	10	1	1	192	576	192	/tmp/riley-opt-260912/batch6-projection-probe/fixtures/x-signed_zero_impulses-576.bf16	/tmp/riley-opt-260912/batch6-projection-probe/fixtures/w-10-k.bf16
215	10	1	2	192	576	192	/tmp/riley-opt-260912/batch6-projection-probe/fixtures/x-bounded_cancellation-576.bf16	/tmp/riley-opt-260912/batch6-projection-probe/fixtures/w-10-k.bf16
216	10	2	0	192	576	192	/tmp/riley-opt-260912/batch6-projection-probe/fixtures/x-row_fingerprint-576.bf16	/tmp/riley-opt-260912/batch6-projection-probe/fixtures/w-10-v.bf16
217	10	2	1	192	576	192	/tmp/riley-opt-260912/batch6-projection-probe/fixtures/x-signed_zero_impulses-576.bf16	/tmp/riley-opt-260912/batch6-projection-probe/fixtures/w-10-v.bf16
218	10	2	2	192	576	192	/tmp/riley-opt-260912/batch6-projection-probe/fixtures/x-bounded_cancellation-576.bf16	/tmp/riley-opt-260912/batch6-projection-probe/fixtures/w-10-v.bf16
219	10	3	0	576	576	128	/tmp/riley-opt-260912/batch6-projection-probe/fixtures/x-row_fingerprint-576.bf16	/tmp/riley-opt-260912/batch6-projection-probe/fixtures/w-10-o.bf16
220	10	3	1	576	576	128	/tmp/riley-opt-260912/batch6-projection-probe/fixtures/x-signed_zero_impulses-576.bf16	/tmp/riley-opt-260912/batch6-projection-probe/fixtures/w-10-o.bf16
221	10	3	2	576	576	128	/tmp/riley-opt-260912/batch6-projection-probe/fixtures/x-bounded_cancellation-576.bf16	/tmp/riley-opt-260912/batch6-projection-probe/fixtures/w-10-o.bf16
222	10	4	0	1536	576	0	/tmp/riley-opt-260912/batch6-projection-probe/fixtures/x-row_fingerprint-576.bf16	/tmp/riley-opt-260912/batch6-projection-probe/fixtures/w-10-gate.bf16
223	10	4	1	1536	576	0	/tmp/riley-opt-260912/batch6-projection-probe/fixtures/x-signed_zero_impulses-576.bf16	/tmp/riley-opt-260912/batch6-projection-probe/fixtures/w-10-gate.bf16
224	10	4	2	1536	576	0	/tmp/riley-opt-260912/batch6-projection-probe/fixtures/x-bounded_cancellation-576.bf16	/tmp/riley-opt-260912/batch6-projection-probe/fixtures/w-10-gate.bf16
225	10	5	0	1536	576	0	/tmp/riley-opt-260912/batch6-projection-probe/fixtures/x-row_fingerprint-576.bf16	/tmp/riley-opt-260912/batch6-projection-probe/fixtures/w-10-up.bf16
226	10	5	1	1536	576	0	/tmp/riley-opt-260912/batch6-projection-probe/fixtures/x-signed_zero_impulses-576.bf16	/tmp/riley-opt-260912/batch6-projection-probe/fixtures/w-10-up.bf16
227	10	5	2	1536	576	0	/tmp/riley-opt-260912/batch6-projection-probe/fixtures/x-bounded_cancellation-576.bf16	/tmp/riley-opt-260912/batch6-projection-probe/fixtures/w-10-up.bf16
228	10	6	0	576	1536	320	/tmp/riley-opt-260912/batch6-projection-probe/fixtures/x-row_fingerprint-1536.bf16	/tmp/riley-opt-260912/batch6-projection-probe/fixtures/w-10-down.bf16
229	10	6	1	576	1536	320	/tmp/riley-opt-260912/batch6-projection-probe/fixtures/x-signed_zero_impulses-1536.bf16	/tmp/riley-opt-260912/batch6-projection-probe/fixtures/w-10-down.bf16
230	10	6	2	576	1536	320	/tmp/riley-opt-260912/batch6-projection-probe/fixtures/x-bounded_cancellation-1536.bf16	/tmp/riley-opt-260912/batch6-projection-probe/fixtures/w-10-down.bf16
231	11	0	0	576	576	192	/tmp/riley-opt-260912/batch6-projection-probe/fixtures/x-row_fingerprint-576.bf16	/tmp/riley-opt-260912/batch6-projection-probe/fixtures/w-11-q.bf16
232	11	0	1	576	576	192	/tmp/riley-opt-260912/batch6-projection-probe/fixtures/x-signed_zero_impulses-576.bf16	/tmp/riley-opt-260912/batch6-projection-probe/fixtures/w-11-q.bf16
233	11	0	2	576	576	192	/tmp/riley-opt-260912/batch6-projection-probe/fixtures/x-bounded_cancellation-576.bf16	/tmp/riley-opt-260912/batch6-projection-probe/fixtures/w-11-q.bf16
234	11	1	0	192	576	192	/tmp/riley-opt-260912/batch6-projection-probe/fixtures/x-row_fingerprint-576.bf16	/tmp/riley-opt-260912/batch6-projection-probe/fixtures/w-11-k.bf16
235	11	1	1	192	576	192	/tmp/riley-opt-260912/batch6-projection-probe/fixtures/x-signed_zero_impulses-576.bf16	/tmp/riley-opt-260912/batch6-projection-probe/fixtures/w-11-k.bf16
236	11	1	2	192	576	192	/tmp/riley-opt-260912/batch6-projection-probe/fixtures/x-bounded_cancellation-576.bf16	/tmp/riley-opt-260912/batch6-projection-probe/fixtures/w-11-k.bf16
237	11	2	0	192	576	192	/tmp/riley-opt-260912/batch6-projection-probe/fixtures/x-row_fingerprint-576.bf16	/tmp/riley-opt-260912/batch6-projection-probe/fixtures/w-11-v.bf16
238	11	2	1	192	576	192	/tmp/riley-opt-260912/batch6-projection-probe/fixtures/x-signed_zero_impulses-576.bf16	/tmp/riley-opt-260912/batch6-projection-probe/fixtures/w-11-v.bf16
239	11	2	2	192	576	192	/tmp/riley-opt-260912/batch6-projection-probe/fixtures/x-bounded_cancellation-576.bf16	/tmp/riley-opt-260912/batch6-projection-probe/fixtures/w-11-v.bf16
240	11	3	0	576	576	128	/tmp/riley-opt-260912/batch6-projection-probe/fixtures/x-row_fingerprint-576.bf16	/tmp/riley-opt-260912/batch6-projection-probe/fixtures/w-11-o.bf16
241	11	3	1	576	576	128	/tmp/riley-opt-260912/batch6-projection-probe/fixtures/x-signed_zero_impulses-576.bf16	/tmp/riley-opt-260912/batch6-projection-probe/fixtures/w-11-o.bf16
242	11	3	2	576	576	128	/tmp/riley-opt-260912/batch6-projection-probe/fixtures/x-bounded_cancellation-576.bf16	/tmp/riley-opt-260912/batch6-projection-probe/fixtures/w-11-o.bf16
243	11	4	0	1536	576	0	/tmp/riley-opt-260912/batch6-projection-probe/fixtures/x-row_fingerprint-576.bf16	/tmp/riley-opt-260912/batch6-projection-probe/fixtures/w-11-gate.bf16
244	11	4	1	1536	576	0	/tmp/riley-opt-260912/batch6-projection-probe/fixtures/x-signed_zero_impulses-576.bf16	/tmp/riley-opt-260912/batch6-projection-probe/fixtures/w-11-gate.bf16
245	11	4	2	1536	576	0	/tmp/riley-opt-260912/batch6-projection-probe/fixtures/x-bounded_cancellation-576.bf16	/tmp/riley-opt-260912/batch6-projection-probe/fixtures/w-11-gate.bf16
246	11	5	0	1536	576	0	/tmp/riley-opt-260912/batch6-projection-probe/fixtures/x-row_fingerprint-576.bf16	/tmp/riley-opt-260912/batch6-projection-probe/fixtures/w-11-up.bf16
247	11	5	1	1536	576	0	/tmp/riley-opt-260912/batch6-projection-probe/fixtures/x-signed_zero_impulses-576.bf16	/tmp/riley-opt-260912/batch6-projection-probe/fixtures/w-11-up.bf16
248	11	5	2	1536	576	0	/tmp/riley-opt-260912/batch6-projection-probe/fixtures/x-bounded_cancellation-576.bf16	/tmp/riley-opt-260912/batch6-projection-probe/fixtures/w-11-up.bf16
249	11	6	0	576	1536	320	/tmp/riley-opt-260912/batch6-projection-probe/fixtures/x-row_fingerprint-1536.bf16	/tmp/riley-opt-260912/batch6-projection-probe/fixtures/w-11-down.bf16
250	11	6	1	576	1536	320	/tmp/riley-opt-260912/batch6-projection-probe/fixtures/x-signed_zero_impulses-1536.bf16	/tmp/riley-opt-260912/batch6-projection-probe/fixtures/w-11-down.bf16
251	11	6	2	576	1536	320	/tmp/riley-opt-260912/batch6-projection-probe/fixtures/x-bounded_cancellation-1536.bf16	/tmp/riley-opt-260912/batch6-projection-probe/fixtures/w-11-down.bf16
252	12	0	0	576	576	192	/tmp/riley-opt-260912/batch6-projection-probe/fixtures/x-row_fingerprint-576.bf16	/tmp/riley-opt-260912/batch6-projection-probe/fixtures/w-12-q.bf16
253	12	0	1	576	576	192	/tmp/riley-opt-260912/batch6-projection-probe/fixtures/x-signed_zero_impulses-576.bf16	/tmp/riley-opt-260912/batch6-projection-probe/fixtures/w-12-q.bf16
254	12	0	2	576	576	192	/tmp/riley-opt-260912/batch6-projection-probe/fixtures/x-bounded_cancellation-576.bf16	/tmp/riley-opt-260912/batch6-projection-probe/fixtures/w-12-q.bf16
255	12	1	0	192	576	192	/tmp/riley-opt-260912/batch6-projection-probe/fixtures/x-row_fingerprint-576.bf16	/tmp/riley-opt-260912/batch6-projection-probe/fixtures/w-12-k.bf16
256	12	1	1	192	576	192	/tmp/riley-opt-260912/batch6-projection-probe/fixtures/x-signed_zero_impulses-576.bf16	/tmp/riley-opt-260912/batch6-projection-probe/fixtures/w-12-k.bf16
257	12	1	2	192	576	192	/tmp/riley-opt-260912/batch6-projection-probe/fixtures/x-bounded_cancellation-576.bf16	/tmp/riley-opt-260912/batch6-projection-probe/fixtures/w-12-k.bf16
258	12	2	0	192	576	192	/tmp/riley-opt-260912/batch6-projection-probe/fixtures/x-row_fingerprint-576.bf16	/tmp/riley-opt-260912/batch6-projection-probe/fixtures/w-12-v.bf16
259	12	2	1	192	576	192	/tmp/riley-opt-260912/batch6-projection-probe/fixtures/x-signed_zero_impulses-576.bf16	/tmp/riley-opt-260912/batch6-projection-probe/fixtures/w-12-v.bf16
260	12	2	2	192	576	192	/tmp/riley-opt-260912/batch6-projection-probe/fixtures/x-bounded_cancellation-576.bf16	/tmp/riley-opt-260912/batch6-projection-probe/fixtures/w-12-v.bf16
261	12	3	0	576	576	128	/tmp/riley-opt-260912/batch6-projection-probe/fixtures/x-row_fingerprint-576.bf16	/tmp/riley-opt-260912/batch6-projection-probe/fixtures/w-12-o.bf16
262	12	3	1	576	576	128	/tmp/riley-opt-260912/batch6-projection-probe/fixtures/x-signed_zero_impulses-576.bf16	/tmp/riley-opt-260912/batch6-projection-probe/fixtures/w-12-o.bf16
263	12	3	2	576	576	128	/tmp/riley-opt-260912/batch6-projection-probe/fixtures/x-bounded_cancellation-576.bf16	/tmp/riley-opt-260912/batch6-projection-probe/fixtures/w-12-o.bf16
264	12	4	0	1536	576	0	/tmp/riley-opt-260912/batch6-projection-probe/fixtures/x-row_fingerprint-576.bf16	/tmp/riley-opt-260912/batch6-projection-probe/fixtures/w-12-gate.bf16
265	12	4	1	1536	576	0	/tmp/riley-opt-260912/batch6-projection-probe/fixtures/x-signed_zero_impulses-576.bf16	/tmp/riley-opt-260912/batch6-projection-probe/fixtures/w-12-gate.bf16
266	12	4	2	1536	576	0	/tmp/riley-opt-260912/batch6-projection-probe/fixtures/x-bounded_cancellation-576.bf16	/tmp/riley-opt-260912/batch6-projection-probe/fixtures/w-12-gate.bf16
267	12	5	0	1536	576	0	/tmp/riley-opt-260912/batch6-projection-probe/fixtures/x-row_fingerprint-576.bf16	/tmp/riley-opt-260912/batch6-projection-probe/fixtures/w-12-up.bf16
268	12	5	1	1536	576	0	/tmp/riley-opt-260912/batch6-projection-probe/fixtures/x-signed_zero_impulses-576.bf16	/tmp/riley-opt-260912/batch6-projection-probe/fixtures/w-12-up.bf16
269	12	5	2	1536	576	0	/tmp/riley-opt-260912/batch6-projection-probe/fixtures/x-bounded_cancellation-576.bf16	/tmp/riley-opt-260912/batch6-projection-probe/fixtures/w-12-up.bf16
270	12	6	0	576	1536	320	/tmp/riley-opt-260912/batch6-projection-probe/fixtures/x-row_fingerprint-1536.bf16	/tmp/riley-opt-260912/batch6-projection-probe/fixtures/w-12-down.bf16
271	12	6	1	576	1536	320	/tmp/riley-opt-260912/batch6-projection-probe/fixtures/x-signed_zero_impulses-1536.bf16	/tmp/riley-opt-260912/batch6-projection-probe/fixtures/w-12-down.bf16
272	12	6	2	576	1536	320	/tmp/riley-opt-260912/batch6-projection-probe/fixtures/x-bounded_cancellation-1536.bf16	/tmp/riley-opt-260912/batch6-projection-probe/fixtures/w-12-down.bf16
273	13	0	0	576	576	192	/tmp/riley-opt-260912/batch6-projection-probe/fixtures/x-row_fingerprint-576.bf16	/tmp/riley-opt-260912/batch6-projection-probe/fixtures/w-13-q.bf16
274	13	0	1	576	576	192	/tmp/riley-opt-260912/batch6-projection-probe/fixtures/x-signed_zero_impulses-576.bf16	/tmp/riley-opt-260912/batch6-projection-probe/fixtures/w-13-q.bf16
275	13	0	2	576	576	192	/tmp/riley-opt-260912/batch6-projection-probe/fixtures/x-bounded_cancellation-576.bf16	/tmp/riley-opt-260912/batch6-projection-probe/fixtures/w-13-q.bf16
276	13	1	0	192	576	192	/tmp/riley-opt-260912/batch6-projection-probe/fixtures/x-row_fingerprint-576.bf16	/tmp/riley-opt-260912/batch6-projection-probe/fixtures/w-13-k.bf16
277	13	1	1	192	576	192	/tmp/riley-opt-260912/batch6-projection-probe/fixtures/x-signed_zero_impulses-576.bf16	/tmp/riley-opt-260912/batch6-projection-probe/fixtures/w-13-k.bf16
278	13	1	2	192	576	192	/tmp/riley-opt-260912/batch6-projection-probe/fixtures/x-bounded_cancellation-576.bf16	/tmp/riley-opt-260912/batch6-projection-probe/fixtures/w-13-k.bf16
279	13	2	0	192	576	192	/tmp/riley-opt-260912/batch6-projection-probe/fixtures/x-row_fingerprint-576.bf16	/tmp/riley-opt-260912/batch6-projection-probe/fixtures/w-13-v.bf16
280	13	2	1	192	576	192	/tmp/riley-opt-260912/batch6-projection-probe/fixtures/x-signed_zero_impulses-576.bf16	/tmp/riley-opt-260912/batch6-projection-probe/fixtures/w-13-v.bf16
281	13	2	2	192	576	192	/tmp/riley-opt-260912/batch6-projection-probe/fixtures/x-bounded_cancellation-576.bf16	/tmp/riley-opt-260912/batch6-projection-probe/fixtures/w-13-v.bf16
282	13	3	0	576	576	128	/tmp/riley-opt-260912/batch6-projection-probe/fixtures/x-row_fingerprint-576.bf16	/tmp/riley-opt-260912/batch6-projection-probe/fixtures/w-13-o.bf16
283	13	3	1	576	576	128	/tmp/riley-opt-260912/batch6-projection-probe/fixtures/x-signed_zero_impulses-576.bf16	/tmp/riley-opt-260912/batch6-projection-probe/fixtures/w-13-o.bf16
284	13	3	2	576	576	128	/tmp/riley-opt-260912/batch6-projection-probe/fixtures/x-bounded_cancellation-576.bf16	/tmp/riley-opt-260912/batch6-projection-probe/fixtures/w-13-o.bf16
285	13	4	0	1536	576	0	/tmp/riley-opt-260912/batch6-projection-probe/fixtures/x-row_fingerprint-576.bf16	/tmp/riley-opt-260912/batch6-projection-probe/fixtures/w-13-gate.bf16
286	13	4	1	1536	576	0	/tmp/riley-opt-260912/batch6-projection-probe/fixtures/x-signed_zero_impulses-576.bf16	/tmp/riley-opt-260912/batch6-projection-probe/fixtures/w-13-gate.bf16
287	13	4	2	1536	576	0	/tmp/riley-opt-260912/batch6-projection-probe/fixtures/x-bounded_cancellation-576.bf16	/tmp/riley-opt-260912/batch6-projection-probe/fixtures/w-13-gate.bf16
288	13	5	0	1536	576	0	/tmp/riley-opt-260912/batch6-projection-probe/fixtures/x-row_fingerprint-576.bf16	/tmp/riley-opt-260912/batch6-projection-probe/fixtures/w-13-up.bf16
289	13	5	1	1536	576	0	/tmp/riley-opt-260912/batch6-projection-probe/fixtures/x-signed_zero_impulses-576.bf16	/tmp/riley-opt-260912/batch6-projection-probe/fixtures/w-13-up.bf16
290	13	5	2	1536	576	0	/tmp/riley-opt-260912/batch6-projection-probe/fixtures/x-bounded_cancellation-576.bf16	/tmp/riley-opt-260912/batch6-projection-probe/fixtures/w-13-up.bf16
291	13	6	0	576	1536	320	/tmp/riley-opt-260912/batch6-projection-probe/fixtures/x-row_fingerprint-1536.bf16	/tmp/riley-opt-260912/batch6-projection-probe/fixtures/w-13-down.bf16
292	13	6	1	576	1536	320	/tmp/riley-opt-260912/batch6-projection-probe/fixtures/x-signed_zero_impulses-1536.bf16	/tmp/riley-opt-260912/batch6-projection-probe/fixtures/w-13-down.bf16
293	13	6	2	576	1536	320	/tmp/riley-opt-260912/batch6-projection-probe/fixtures/x-bounded_cancellation-1536.bf16	/tmp/riley-opt-260912/batch6-projection-probe/fixtures/w-13-down.bf16
294	14	0	0	576	576	192	/tmp/riley-opt-260912/batch6-projection-probe/fixtures/x-row_fingerprint-576.bf16	/tmp/riley-opt-260912/batch6-projection-probe/fixtures/w-14-q.bf16
295	14	0	1	576	576	192	/tmp/riley-opt-260912/batch6-projection-probe/fixtures/x-signed_zero_impulses-576.bf16	/tmp/riley-opt-260912/batch6-projection-probe/fixtures/w-14-q.bf16
296	14	0	2	576	576	192	/tmp/riley-opt-260912/batch6-projection-probe/fixtures/x-bounded_cancellation-576.bf16	/tmp/riley-opt-260912/batch6-projection-probe/fixtures/w-14-q.bf16
297	14	1	0	192	576	192	/tmp/riley-opt-260912/batch6-projection-probe/fixtures/x-row_fingerprint-576.bf16	/tmp/riley-opt-260912/batch6-projection-probe/fixtures/w-14-k.bf16
298	14	1	1	192	576	192	/tmp/riley-opt-260912/batch6-projection-probe/fixtures/x-signed_zero_impulses-576.bf16	/tmp/riley-opt-260912/batch6-projection-probe/fixtures/w-14-k.bf16
299	14	1	2	192	576	192	/tmp/riley-opt-260912/batch6-projection-probe/fixtures/x-bounded_cancellation-576.bf16	/tmp/riley-opt-260912/batch6-projection-probe/fixtures/w-14-k.bf16
300	14	2	0	192	576	192	/tmp/riley-opt-260912/batch6-projection-probe/fixtures/x-row_fingerprint-576.bf16	/tmp/riley-opt-260912/batch6-projection-probe/fixtures/w-14-v.bf16
301	14	2	1	192	576	192	/tmp/riley-opt-260912/batch6-projection-probe/fixtures/x-signed_zero_impulses-576.bf16	/tmp/riley-opt-260912/batch6-projection-probe/fixtures/w-14-v.bf16
302	14	2	2	192	576	192	/tmp/riley-opt-260912/batch6-projection-probe/fixtures/x-bounded_cancellation-576.bf16	/tmp/riley-opt-260912/batch6-projection-probe/fixtures/w-14-v.bf16
303	14	3	0	576	576	128	/tmp/riley-opt-260912/batch6-projection-probe/fixtures/x-row_fingerprint-576.bf16	/tmp/riley-opt-260912/batch6-projection-probe/fixtures/w-14-o.bf16
304	14	3	1	576	576	128	/tmp/riley-opt-260912/batch6-projection-probe/fixtures/x-signed_zero_impulses-576.bf16	/tmp/riley-opt-260912/batch6-projection-probe/fixtures/w-14-o.bf16
305	14	3	2	576	576	128	/tmp/riley-opt-260912/batch6-projection-probe/fixtures/x-bounded_cancellation-576.bf16	/tmp/riley-opt-260912/batch6-projection-probe/fixtures/w-14-o.bf16
306	14	4	0	1536	576	0	/tmp/riley-opt-260912/batch6-projection-probe/fixtures/x-row_fingerprint-576.bf16	/tmp/riley-opt-260912/batch6-projection-probe/fixtures/w-14-gate.bf16
307	14	4	1	1536	576	0	/tmp/riley-opt-260912/batch6-projection-probe/fixtures/x-signed_zero_impulses-576.bf16	/tmp/riley-opt-260912/batch6-projection-probe/fixtures/w-14-gate.bf16
308	14	4	2	1536	576	0	/tmp/riley-opt-260912/batch6-projection-probe/fixtures/x-bounded_cancellation-576.bf16	/tmp/riley-opt-260912/batch6-projection-probe/fixtures/w-14-gate.bf16
309	14	5	0	1536	576	0	/tmp/riley-opt-260912/batch6-projection-probe/fixtures/x-row_fingerprint-576.bf16	/tmp/riley-opt-260912/batch6-projection-probe/fixtures/w-14-up.bf16
310	14	5	1	1536	576	0	/tmp/riley-opt-260912/batch6-projection-probe/fixtures/x-signed_zero_impulses-576.bf16	/tmp/riley-opt-260912/batch6-projection-probe/fixtures/w-14-up.bf16
311	14	5	2	1536	576	0	/tmp/riley-opt-260912/batch6-projection-probe/fixtures/x-bounded_cancellation-576.bf16	/tmp/riley-opt-260912/batch6-projection-probe/fixtures/w-14-up.bf16
312	14	6	0	576	1536	320	/tmp/riley-opt-260912/batch6-projection-probe/fixtures/x-row_fingerprint-1536.bf16	/tmp/riley-opt-260912/batch6-projection-probe/fixtures/w-14-down.bf16
313	14	6	1	576	1536	320	/tmp/riley-opt-260912/batch6-projection-probe/fixtures/x-signed_zero_impulses-1536.bf16	/tmp/riley-opt-260912/batch6-projection-probe/fixtures/w-14-down.bf16
314	14	6	2	576	1536	320	/tmp/riley-opt-260912/batch6-projection-probe/fixtures/x-bounded_cancellation-1536.bf16	/tmp/riley-opt-260912/batch6-projection-probe/fixtures/w-14-down.bf16
315	15	0	0	576	576	192	/tmp/riley-opt-260912/batch6-projection-probe/fixtures/x-row_fingerprint-576.bf16	/tmp/riley-opt-260912/batch6-projection-probe/fixtures/w-15-q.bf16
316	15	0	1	576	576	192	/tmp/riley-opt-260912/batch6-projection-probe/fixtures/x-signed_zero_impulses-576.bf16	/tmp/riley-opt-260912/batch6-projection-probe/fixtures/w-15-q.bf16
317	15	0	2	576	576	192	/tmp/riley-opt-260912/batch6-projection-probe/fixtures/x-bounded_cancellation-576.bf16	/tmp/riley-opt-260912/batch6-projection-probe/fixtures/w-15-q.bf16
318	15	1	0	192	576	192	/tmp/riley-opt-260912/batch6-projection-probe/fixtures/x-row_fingerprint-576.bf16	/tmp/riley-opt-260912/batch6-projection-probe/fixtures/w-15-k.bf16
319	15	1	1	192	576	192	/tmp/riley-opt-260912/batch6-projection-probe/fixtures/x-signed_zero_impulses-576.bf16	/tmp/riley-opt-260912/batch6-projection-probe/fixtures/w-15-k.bf16
320	15	1	2	192	576	192	/tmp/riley-opt-260912/batch6-projection-probe/fixtures/x-bounded_cancellation-576.bf16	/tmp/riley-opt-260912/batch6-projection-probe/fixtures/w-15-k.bf16
321	15	2	0	192	576	192	/tmp/riley-opt-260912/batch6-projection-probe/fixtures/x-row_fingerprint-576.bf16	/tmp/riley-opt-260912/batch6-projection-probe/fixtures/w-15-v.bf16
322	15	2	1	192	576	192	/tmp/riley-opt-260912/batch6-projection-probe/fixtures/x-signed_zero_impulses-576.bf16	/tmp/riley-opt-260912/batch6-projection-probe/fixtures/w-15-v.bf16
323	15	2	2	192	576	192	/tmp/riley-opt-260912/batch6-projection-probe/fixtures/x-bounded_cancellation-576.bf16	/tmp/riley-opt-260912/batch6-projection-probe/fixtures/w-15-v.bf16
324	15	3	0	576	576	128	/tmp/riley-opt-260912/batch6-projection-probe/fixtures/x-row_fingerprint-576.bf16	/tmp/riley-opt-260912/batch6-projection-probe/fixtures/w-15-o.bf16
325	15	3	1	576	576	128	/tmp/riley-opt-260912/batch6-projection-probe/fixtures/x-signed_zero_impulses-576.bf16	/tmp/riley-opt-260912/batch6-projection-probe/fixtures/w-15-o.bf16
326	15	3	2	576	576	128	/tmp/riley-opt-260912/batch6-projection-probe/fixtures/x-bounded_cancellation-576.bf16	/tmp/riley-opt-260912/batch6-projection-probe/fixtures/w-15-o.bf16
327	15	4	0	1536	576	0	/tmp/riley-opt-260912/batch6-projection-probe/fixtures/x-row_fingerprint-576.bf16	/tmp/riley-opt-260912/batch6-projection-probe/fixtures/w-15-gate.bf16
328	15	4	1	1536	576	0	/tmp/riley-opt-260912/batch6-projection-probe/fixtures/x-signed_zero_impulses-576.bf16	/tmp/riley-opt-260912/batch6-projection-probe/fixtures/w-15-gate.bf16
329	15	4	2	1536	576	0	/tmp/riley-opt-260912/batch6-projection-probe/fixtures/x-bounded_cancellation-576.bf16	/tmp/riley-opt-260912/batch6-projection-probe/fixtures/w-15-gate.bf16
330	15	5	0	1536	576	0	/tmp/riley-opt-260912/batch6-projection-probe/fixtures/x-row_fingerprint-576.bf16	/tmp/riley-opt-260912/batch6-projection-probe/fixtures/w-15-up.bf16
331	15	5	1	1536	576	0	/tmp/riley-opt-260912/batch6-projection-probe/fixtures/x-signed_zero_impulses-576.bf16	/tmp/riley-opt-260912/batch6-projection-probe/fixtures/w-15-up.bf16
332	15	5	2	1536	576	0	/tmp/riley-opt-260912/batch6-projection-probe/fixtures/x-bounded_cancellation-576.bf16	/tmp/riley-opt-260912/batch6-projection-probe/fixtures/w-15-up.bf16
333	15	6	0	576	1536	320	/tmp/riley-opt-260912/batch6-projection-probe/fixtures/x-row_fingerprint-1536.bf16	/tmp/riley-opt-260912/batch6-projection-probe/fixtures/w-15-down.bf16
334	15	6	1	576	1536	320	/tmp/riley-opt-260912/batch6-projection-probe/fixtures/x-signed_zero_impulses-1536.bf16	/tmp/riley-opt-260912/batch6-projection-probe/fixtures/w-15-down.bf16
335	15	6	2	576	1536	320	/tmp/riley-opt-260912/batch6-projection-probe/fixtures/x-bounded_cancellation-1536.bf16	/tmp/riley-opt-260912/batch6-projection-probe/fixtures/w-15-down.bf16
336	16	0	0	576	576	192	/tmp/riley-opt-260912/batch6-projection-probe/fixtures/x-row_fingerprint-576.bf16	/tmp/riley-opt-260912/batch6-projection-probe/fixtures/w-16-q.bf16
337	16	0	1	576	576	192	/tmp/riley-opt-260912/batch6-projection-probe/fixtures/x-signed_zero_impulses-576.bf16	/tmp/riley-opt-260912/batch6-projection-probe/fixtures/w-16-q.bf16
338	16	0	2	576	576	192	/tmp/riley-opt-260912/batch6-projection-probe/fixtures/x-bounded_cancellation-576.bf16	/tmp/riley-opt-260912/batch6-projection-probe/fixtures/w-16-q.bf16
339	16	1	0	192	576	192	/tmp/riley-opt-260912/batch6-projection-probe/fixtures/x-row_fingerprint-576.bf16	/tmp/riley-opt-260912/batch6-projection-probe/fixtures/w-16-k.bf16
340	16	1	1	192	576	192	/tmp/riley-opt-260912/batch6-projection-probe/fixtures/x-signed_zero_impulses-576.bf16	/tmp/riley-opt-260912/batch6-projection-probe/fixtures/w-16-k.bf16
341	16	1	2	192	576	192	/tmp/riley-opt-260912/batch6-projection-probe/fixtures/x-bounded_cancellation-576.bf16	/tmp/riley-opt-260912/batch6-projection-probe/fixtures/w-16-k.bf16
342	16	2	0	192	576	192	/tmp/riley-opt-260912/batch6-projection-probe/fixtures/x-row_fingerprint-576.bf16	/tmp/riley-opt-260912/batch6-projection-probe/fixtures/w-16-v.bf16
343	16	2	1	192	576	192	/tmp/riley-opt-260912/batch6-projection-probe/fixtures/x-signed_zero_impulses-576.bf16	/tmp/riley-opt-260912/batch6-projection-probe/fixtures/w-16-v.bf16
344	16	2	2	192	576	192	/tmp/riley-opt-260912/batch6-projection-probe/fixtures/x-bounded_cancellation-576.bf16	/tmp/riley-opt-260912/batch6-projection-probe/fixtures/w-16-v.bf16
345	16	3	0	576	576	128	/tmp/riley-opt-260912/batch6-projection-probe/fixtures/x-row_fingerprint-576.bf16	/tmp/riley-opt-260912/batch6-projection-probe/fixtures/w-16-o.bf16
346	16	3	1	576	576	128	/tmp/riley-opt-260912/batch6-projection-probe/fixtures/x-signed_zero_impulses-576.bf16	/tmp/riley-opt-260912/batch6-projection-probe/fixtures/w-16-o.bf16
347	16	3	2	576	576	128	/tmp/riley-opt-260912/batch6-projection-probe/fixtures/x-bounded_cancellation-576.bf16	/tmp/riley-opt-260912/batch6-projection-probe/fixtures/w-16-o.bf16
348	16	4	0	1536	576	0	/tmp/riley-opt-260912/batch6-projection-probe/fixtures/x-row_fingerprint-576.bf16	/tmp/riley-opt-260912/batch6-projection-probe/fixtures/w-16-gate.bf16
349	16	4	1	1536	576	0	/tmp/riley-opt-260912/batch6-projection-probe/fixtures/x-signed_zero_impulses-576.bf16	/tmp/riley-opt-260912/batch6-projection-probe/fixtures/w-16-gate.bf16
350	16	4	2	1536	576	0	/tmp/riley-opt-260912/batch6-projection-probe/fixtures/x-bounded_cancellation-576.bf16	/tmp/riley-opt-260912/batch6-projection-probe/fixtures/w-16-gate.bf16
351	16	5	0	1536	576	0	/tmp/riley-opt-260912/batch6-projection-probe/fixtures/x-row_fingerprint-576.bf16	/tmp/riley-opt-260912/batch6-projection-probe/fixtures/w-16-up.bf16
352	16	5	1	1536	576	0	/tmp/riley-opt-260912/batch6-projection-probe/fixtures/x-signed_zero_impulses-576.bf16	/tmp/riley-opt-260912/batch6-projection-probe/fixtures/w-16-up.bf16
353	16	5	2	1536	576	0	/tmp/riley-opt-260912/batch6-projection-probe/fixtures/x-bounded_cancellation-576.bf16	/tmp/riley-opt-260912/batch6-projection-probe/fixtures/w-16-up.bf16
354	16	6	0	576	1536	320	/tmp/riley-opt-260912/batch6-projection-probe/fixtures/x-row_fingerprint-1536.bf16	/tmp/riley-opt-260912/batch6-projection-probe/fixtures/w-16-down.bf16
355	16	6	1	576	1536	320	/tmp/riley-opt-260912/batch6-projection-probe/fixtures/x-signed_zero_impulses-1536.bf16	/tmp/riley-opt-260912/batch6-projection-probe/fixtures/w-16-down.bf16
356	16	6	2	576	1536	320	/tmp/riley-opt-260912/batch6-projection-probe/fixtures/x-bounded_cancellation-1536.bf16	/tmp/riley-opt-260912/batch6-projection-probe/fixtures/w-16-down.bf16
357	17	0	0	576	576	192	/tmp/riley-opt-260912/batch6-projection-probe/fixtures/x-row_fingerprint-576.bf16	/tmp/riley-opt-260912/batch6-projection-probe/fixtures/w-17-q.bf16
358	17	0	1	576	576	192	/tmp/riley-opt-260912/batch6-projection-probe/fixtures/x-signed_zero_impulses-576.bf16	/tmp/riley-opt-260912/batch6-projection-probe/fixtures/w-17-q.bf16
359	17	0	2	576	576	192	/tmp/riley-opt-260912/batch6-projection-probe/fixtures/x-bounded_cancellation-576.bf16	/tmp/riley-opt-260912/batch6-projection-probe/fixtures/w-17-q.bf16
360	17	1	0	192	576	192	/tmp/riley-opt-260912/batch6-projection-probe/fixtures/x-row_fingerprint-576.bf16	/tmp/riley-opt-260912/batch6-projection-probe/fixtures/w-17-k.bf16
361	17	1	1	192	576	192	/tmp/riley-opt-260912/batch6-projection-probe/fixtures/x-signed_zero_impulses-576.bf16	/tmp/riley-opt-260912/batch6-projection-probe/fixtures/w-17-k.bf16
362	17	1	2	192	576	192	/tmp/riley-opt-260912/batch6-projection-probe/fixtures/x-bounded_cancellation-576.bf16	/tmp/riley-opt-260912/batch6-projection-probe/fixtures/w-17-k.bf16
363	17	2	0	192	576	192	/tmp/riley-opt-260912/batch6-projection-probe/fixtures/x-row_fingerprint-576.bf16	/tmp/riley-opt-260912/batch6-projection-probe/fixtures/w-17-v.bf16
364	17	2	1	192	576	192	/tmp/riley-opt-260912/batch6-projection-probe/fixtures/x-signed_zero_impulses-576.bf16	/tmp/riley-opt-260912/batch6-projection-probe/fixtures/w-17-v.bf16
365	17	2	2	192	576	192	/tmp/riley-opt-260912/batch6-projection-probe/fixtures/x-bounded_cancellation-576.bf16	/tmp/riley-opt-260912/batch6-projection-probe/fixtures/w-17-v.bf16
366	17	3	0	576	576	128	/tmp/riley-opt-260912/batch6-projection-probe/fixtures/x-row_fingerprint-576.bf16	/tmp/riley-opt-260912/batch6-projection-probe/fixtures/w-17-o.bf16
367	17	3	1	576	576	128	/tmp/riley-opt-260912/batch6-projection-probe/fixtures/x-signed_zero_impulses-576.bf16	/tmp/riley-opt-260912/batch6-projection-probe/fixtures/w-17-o.bf16
368	17	3	2	576	576	128	/tmp/riley-opt-260912/batch6-projection-probe/fixtures/x-bounded_cancellation-576.bf16	/tmp/riley-opt-260912/batch6-projection-probe/fixtures/w-17-o.bf16
369	17	4	0	1536	576	0	/tmp/riley-opt-260912/batch6-projection-probe/fixtures/x-row_fingerprint-576.bf16	/tmp/riley-opt-260912/batch6-projection-probe/fixtures/w-17-gate.bf16
370	17	4	1	1536	576	0	/tmp/riley-opt-260912/batch6-projection-probe/fixtures/x-signed_zero_impulses-576.bf16	/tmp/riley-opt-260912/batch6-projection-probe/fixtures/w-17-gate.bf16
371	17	4	2	1536	576	0	/tmp/riley-opt-260912/batch6-projection-probe/fixtures/x-bounded_cancellation-576.bf16	/tmp/riley-opt-260912/batch6-projection-probe/fixtures/w-17-gate.bf16
372	17	5	0	1536	576	0	/tmp/riley-opt-260912/batch6-projection-probe/fixtures/x-row_fingerprint-576.bf16	/tmp/riley-opt-260912/batch6-projection-probe/fixtures/w-17-up.bf16
373	17	5	1	1536	576	0	/tmp/riley-opt-260912/batch6-projection-probe/fixtures/x-signed_zero_impulses-576.bf16	/tmp/riley-opt-260912/batch6-projection-probe/fixtures/w-17-up.bf16
374	17	5	2	1536	576	0	/tmp/riley-opt-260912/batch6-projection-probe/fixtures/x-bounded_cancellation-576.bf16	/tmp/riley-opt-260912/batch6-projection-probe/fixtures/w-17-up.bf16
375	17	6	0	576	1536	320	/tmp/riley-opt-260912/batch6-projection-probe/fixtures/x-row_fingerprint-1536.bf16	/tmp/riley-opt-260912/batch6-projection-probe/fixtures/w-17-down.bf16
376	17	6	1	576	1536	320	/tmp/riley-opt-260912/batch6-projection-probe/fixtures/x-signed_zero_impulses-1536.bf16	/tmp/riley-opt-260912/batch6-projection-probe/fixtures/w-17-down.bf16
377	17	6	2	576	1536	320	/tmp/riley-opt-260912/batch6-projection-probe/fixtures/x-bounded_cancellation-1536.bf16	/tmp/riley-opt-260912/batch6-projection-probe/fixtures/w-17-down.bf16
378	18	0	0	576	576	192	/tmp/riley-opt-260912/batch6-projection-probe/fixtures/x-row_fingerprint-576.bf16	/tmp/riley-opt-260912/batch6-projection-probe/fixtures/w-18-q.bf16
379	18	0	1	576	576	192	/tmp/riley-opt-260912/batch6-projection-probe/fixtures/x-signed_zero_impulses-576.bf16	/tmp/riley-opt-260912/batch6-projection-probe/fixtures/w-18-q.bf16
380	18	0	2	576	576	192	/tmp/riley-opt-260912/batch6-projection-probe/fixtures/x-bounded_cancellation-576.bf16	/tmp/riley-opt-260912/batch6-projection-probe/fixtures/w-18-q.bf16
381	18	1	0	192	576	192	/tmp/riley-opt-260912/batch6-projection-probe/fixtures/x-row_fingerprint-576.bf16	/tmp/riley-opt-260912/batch6-projection-probe/fixtures/w-18-k.bf16
382	18	1	1	192	576	192	/tmp/riley-opt-260912/batch6-projection-probe/fixtures/x-signed_zero_impulses-576.bf16	/tmp/riley-opt-260912/batch6-projection-probe/fixtures/w-18-k.bf16
383	18	1	2	192	576	192	/tmp/riley-opt-260912/batch6-projection-probe/fixtures/x-bounded_cancellation-576.bf16	/tmp/riley-opt-260912/batch6-projection-probe/fixtures/w-18-k.bf16
384	18	2	0	192	576	192	/tmp/riley-opt-260912/batch6-projection-probe/fixtures/x-row_fingerprint-576.bf16	/tmp/riley-opt-260912/batch6-projection-probe/fixtures/w-18-v.bf16
385	18	2	1	192	576	192	/tmp/riley-opt-260912/batch6-projection-probe/fixtures/x-signed_zero_impulses-576.bf16	/tmp/riley-opt-260912/batch6-projection-probe/fixtures/w-18-v.bf16
386	18	2	2	192	576	192	/tmp/riley-opt-260912/batch6-projection-probe/fixtures/x-bounded_cancellation-576.bf16	/tmp/riley-opt-260912/batch6-projection-probe/fixtures/w-18-v.bf16
387	18	3	0	576	576	128	/tmp/riley-opt-260912/batch6-projection-probe/fixtures/x-row_fingerprint-576.bf16	/tmp/riley-opt-260912/batch6-projection-probe/fixtures/w-18-o.bf16
388	18	3	1	576	576	128	/tmp/riley-opt-260912/batch6-projection-probe/fixtures/x-signed_zero_impulses-576.bf16	/tmp/riley-opt-260912/batch6-projection-probe/fixtures/w-18-o.bf16
389	18	3	2	576	576	128	/tmp/riley-opt-260912/batch6-projection-probe/fixtures/x-bounded_cancellation-576.bf16	/tmp/riley-opt-260912/batch6-projection-probe/fixtures/w-18-o.bf16
390	18	4	0	1536	576	0	/tmp/riley-opt-260912/batch6-projection-probe/fixtures/x-row_fingerprint-576.bf16	/tmp/riley-opt-260912/batch6-projection-probe/fixtures/w-18-gate.bf16
391	18	4	1	1536	576	0	/tmp/riley-opt-260912/batch6-projection-probe/fixtures/x-signed_zero_impulses-576.bf16	/tmp/riley-opt-260912/batch6-projection-probe/fixtures/w-18-gate.bf16
392	18	4	2	1536	576	0	/tmp/riley-opt-260912/batch6-projection-probe/fixtures/x-bounded_cancellation-576.bf16	/tmp/riley-opt-260912/batch6-projection-probe/fixtures/w-18-gate.bf16
393	18	5	0	1536	576	0	/tmp/riley-opt-260912/batch6-projection-probe/fixtures/x-row_fingerprint-576.bf16	/tmp/riley-opt-260912/batch6-projection-probe/fixtures/w-18-up.bf16
394	18	5	1	1536	576	0	/tmp/riley-opt-260912/batch6-projection-probe/fixtures/x-signed_zero_impulses-576.bf16	/tmp/riley-opt-260912/batch6-projection-probe/fixtures/w-18-up.bf16
395	18	5	2	1536	576	0	/tmp/riley-opt-260912/batch6-projection-probe/fixtures/x-bounded_cancellation-576.bf16	/tmp/riley-opt-260912/batch6-projection-probe/fixtures/w-18-up.bf16
396	18	6	0	576	1536	320	/tmp/riley-opt-260912/batch6-projection-probe/fixtures/x-row_fingerprint-1536.bf16	/tmp/riley-opt-260912/batch6-projection-probe/fixtures/w-18-down.bf16
397	18	6	1	576	1536	320	/tmp/riley-opt-260912/batch6-projection-probe/fixtures/x-signed_zero_impulses-1536.bf16	/tmp/riley-opt-260912/batch6-projection-probe/fixtures/w-18-down.bf16
398	18	6	2	576	1536	320	/tmp/riley-opt-260912/batch6-projection-probe/fixtures/x-bounded_cancellation-1536.bf16	/tmp/riley-opt-260912/batch6-projection-probe/fixtures/w-18-down.bf16
399	19	0	0	576	576	192	/tmp/riley-opt-260912/batch6-projection-probe/fixtures/x-row_fingerprint-576.bf16	/tmp/riley-opt-260912/batch6-projection-probe/fixtures/w-19-q.bf16
400	19	0	1	576	576	192	/tmp/riley-opt-260912/batch6-projection-probe/fixtures/x-signed_zero_impulses-576.bf16	/tmp/riley-opt-260912/batch6-projection-probe/fixtures/w-19-q.bf16
401	19	0	2	576	576	192	/tmp/riley-opt-260912/batch6-projection-probe/fixtures/x-bounded_cancellation-576.bf16	/tmp/riley-opt-260912/batch6-projection-probe/fixtures/w-19-q.bf16
402	19	1	0	192	576	192	/tmp/riley-opt-260912/batch6-projection-probe/fixtures/x-row_fingerprint-576.bf16	/tmp/riley-opt-260912/batch6-projection-probe/fixtures/w-19-k.bf16
403	19	1	1	192	576	192	/tmp/riley-opt-260912/batch6-projection-probe/fixtures/x-signed_zero_impulses-576.bf16	/tmp/riley-opt-260912/batch6-projection-probe/fixtures/w-19-k.bf16
404	19	1	2	192	576	192	/tmp/riley-opt-260912/batch6-projection-probe/fixtures/x-bounded_cancellation-576.bf16	/tmp/riley-opt-260912/batch6-projection-probe/fixtures/w-19-k.bf16
405	19	2	0	192	576	192	/tmp/riley-opt-260912/batch6-projection-probe/fixtures/x-row_fingerprint-576.bf16	/tmp/riley-opt-260912/batch6-projection-probe/fixtures/w-19-v.bf16
406	19	2	1	192	576	192	/tmp/riley-opt-260912/batch6-projection-probe/fixtures/x-signed_zero_impulses-576.bf16	/tmp/riley-opt-260912/batch6-projection-probe/fixtures/w-19-v.bf16
407	19	2	2	192	576	192	/tmp/riley-opt-260912/batch6-projection-probe/fixtures/x-bounded_cancellation-576.bf16	/tmp/riley-opt-260912/batch6-projection-probe/fixtures/w-19-v.bf16
408	19	3	0	576	576	128	/tmp/riley-opt-260912/batch6-projection-probe/fixtures/x-row_fingerprint-576.bf16	/tmp/riley-opt-260912/batch6-projection-probe/fixtures/w-19-o.bf16
409	19	3	1	576	576	128	/tmp/riley-opt-260912/batch6-projection-probe/fixtures/x-signed_zero_impulses-576.bf16	/tmp/riley-opt-260912/batch6-projection-probe/fixtures/w-19-o.bf16
410	19	3	2	576	576	128	/tmp/riley-opt-260912/batch6-projection-probe/fixtures/x-bounded_cancellation-576.bf16	/tmp/riley-opt-260912/batch6-projection-probe/fixtures/w-19-o.bf16
411	19	4	0	1536	576	0	/tmp/riley-opt-260912/batch6-projection-probe/fixtures/x-row_fingerprint-576.bf16	/tmp/riley-opt-260912/batch6-projection-probe/fixtures/w-19-gate.bf16
412	19	4	1	1536	576	0	/tmp/riley-opt-260912/batch6-projection-probe/fixtures/x-signed_zero_impulses-576.bf16	/tmp/riley-opt-260912/batch6-projection-probe/fixtures/w-19-gate.bf16
413	19	4	2	1536	576	0	/tmp/riley-opt-260912/batch6-projection-probe/fixtures/x-bounded_cancellation-576.bf16	/tmp/riley-opt-260912/batch6-projection-probe/fixtures/w-19-gate.bf16
414	19	5	0	1536	576	0	/tmp/riley-opt-260912/batch6-projection-probe/fixtures/x-row_fingerprint-576.bf16	/tmp/riley-opt-260912/batch6-projection-probe/fixtures/w-19-up.bf16
415	19	5	1	1536	576	0	/tmp/riley-opt-260912/batch6-projection-probe/fixtures/x-signed_zero_impulses-576.bf16	/tmp/riley-opt-260912/batch6-projection-probe/fixtures/w-19-up.bf16
416	19	5	2	1536	576	0	/tmp/riley-opt-260912/batch6-projection-probe/fixtures/x-bounded_cancellation-576.bf16	/tmp/riley-opt-260912/batch6-projection-probe/fixtures/w-19-up.bf16
417	19	6	0	576	1536	320	/tmp/riley-opt-260912/batch6-projection-probe/fixtures/x-row_fingerprint-1536.bf16	/tmp/riley-opt-260912/batch6-projection-probe/fixtures/w-19-down.bf16
418	19	6	1	576	1536	320	/tmp/riley-opt-260912/batch6-projection-probe/fixtures/x-signed_zero_impulses-1536.bf16	/tmp/riley-opt-260912/batch6-projection-probe/fixtures/w-19-down.bf16
419	19	6	2	576	1536	320	/tmp/riley-opt-260912/batch6-projection-probe/fixtures/x-bounded_cancellation-1536.bf16	/tmp/riley-opt-260912/batch6-projection-probe/fixtures/w-19-down.bf16
420	20	0	0	576	576	192	/tmp/riley-opt-260912/batch6-projection-probe/fixtures/x-row_fingerprint-576.bf16	/tmp/riley-opt-260912/batch6-projection-probe/fixtures/w-20-q.bf16
421	20	0	1	576	576	192	/tmp/riley-opt-260912/batch6-projection-probe/fixtures/x-signed_zero_impulses-576.bf16	/tmp/riley-opt-260912/batch6-projection-probe/fixtures/w-20-q.bf16
422	20	0	2	576	576	192	/tmp/riley-opt-260912/batch6-projection-probe/fixtures/x-bounded_cancellation-576.bf16	/tmp/riley-opt-260912/batch6-projection-probe/fixtures/w-20-q.bf16
423	20	1	0	192	576	192	/tmp/riley-opt-260912/batch6-projection-probe/fixtures/x-row_fingerprint-576.bf16	/tmp/riley-opt-260912/batch6-projection-probe/fixtures/w-20-k.bf16
424	20	1	1	192	576	192	/tmp/riley-opt-260912/batch6-projection-probe/fixtures/x-signed_zero_impulses-576.bf16	/tmp/riley-opt-260912/batch6-projection-probe/fixtures/w-20-k.bf16
425	20	1	2	192	576	192	/tmp/riley-opt-260912/batch6-projection-probe/fixtures/x-bounded_cancellation-576.bf16	/tmp/riley-opt-260912/batch6-projection-probe/fixtures/w-20-k.bf16
426	20	2	0	192	576	192	/tmp/riley-opt-260912/batch6-projection-probe/fixtures/x-row_fingerprint-576.bf16	/tmp/riley-opt-260912/batch6-projection-probe/fixtures/w-20-v.bf16
427	20	2	1	192	576	192	/tmp/riley-opt-260912/batch6-projection-probe/fixtures/x-signed_zero_impulses-576.bf16	/tmp/riley-opt-260912/batch6-projection-probe/fixtures/w-20-v.bf16
428	20	2	2	192	576	192	/tmp/riley-opt-260912/batch6-projection-probe/fixtures/x-bounded_cancellation-576.bf16	/tmp/riley-opt-260912/batch6-projection-probe/fixtures/w-20-v.bf16
429	20	3	0	576	576	128	/tmp/riley-opt-260912/batch6-projection-probe/fixtures/x-row_fingerprint-576.bf16	/tmp/riley-opt-260912/batch6-projection-probe/fixtures/w-20-o.bf16
430	20	3	1	576	576	128	/tmp/riley-opt-260912/batch6-projection-probe/fixtures/x-signed_zero_impulses-576.bf16	/tmp/riley-opt-260912/batch6-projection-probe/fixtures/w-20-o.bf16
431	20	3	2	576	576	128	/tmp/riley-opt-260912/batch6-projection-probe/fixtures/x-bounded_cancellation-576.bf16	/tmp/riley-opt-260912/batch6-projection-probe/fixtures/w-20-o.bf16
432	20	4	0	1536	576	0	/tmp/riley-opt-260912/batch6-projection-probe/fixtures/x-row_fingerprint-576.bf16	/tmp/riley-opt-260912/batch6-projection-probe/fixtures/w-20-gate.bf16
433	20	4	1	1536	576	0	/tmp/riley-opt-260912/batch6-projection-probe/fixtures/x-signed_zero_impulses-576.bf16	/tmp/riley-opt-260912/batch6-projection-probe/fixtures/w-20-gate.bf16
434	20	4	2	1536	576	0	/tmp/riley-opt-260912/batch6-projection-probe/fixtures/x-bounded_cancellation-576.bf16	/tmp/riley-opt-260912/batch6-projection-probe/fixtures/w-20-gate.bf16
435	20	5	0	1536	576	0	/tmp/riley-opt-260912/batch6-projection-probe/fixtures/x-row_fingerprint-576.bf16	/tmp/riley-opt-260912/batch6-projection-probe/fixtures/w-20-up.bf16
436	20	5	1	1536	576	0	/tmp/riley-opt-260912/batch6-projection-probe/fixtures/x-signed_zero_impulses-576.bf16	/tmp/riley-opt-260912/batch6-projection-probe/fixtures/w-20-up.bf16
437	20	5	2	1536	576	0	/tmp/riley-opt-260912/batch6-projection-probe/fixtures/x-bounded_cancellation-576.bf16	/tmp/riley-opt-260912/batch6-projection-probe/fixtures/w-20-up.bf16
438	20	6	0	576	1536	320	/tmp/riley-opt-260912/batch6-projection-probe/fixtures/x-row_fingerprint-1536.bf16	/tmp/riley-opt-260912/batch6-projection-probe/fixtures/w-20-down.bf16
439	20	6	1	576	1536	320	/tmp/riley-opt-260912/batch6-projection-probe/fixtures/x-signed_zero_impulses-1536.bf16	/tmp/riley-opt-260912/batch6-projection-probe/fixtures/w-20-down.bf16
440	20	6	2	576	1536	320	/tmp/riley-opt-260912/batch6-projection-probe/fixtures/x-bounded_cancellation-1536.bf16	/tmp/riley-opt-260912/batch6-projection-probe/fixtures/w-20-down.bf16
441	21	0	0	576	576	192	/tmp/riley-opt-260912/batch6-projection-probe/fixtures/x-row_fingerprint-576.bf16	/tmp/riley-opt-260912/batch6-projection-probe/fixtures/w-21-q.bf16
442	21	0	1	576	576	192	/tmp/riley-opt-260912/batch6-projection-probe/fixtures/x-signed_zero_impulses-576.bf16	/tmp/riley-opt-260912/batch6-projection-probe/fixtures/w-21-q.bf16
443	21	0	2	576	576	192	/tmp/riley-opt-260912/batch6-projection-probe/fixtures/x-bounded_cancellation-576.bf16	/tmp/riley-opt-260912/batch6-projection-probe/fixtures/w-21-q.bf16
444	21	1	0	192	576	192	/tmp/riley-opt-260912/batch6-projection-probe/fixtures/x-row_fingerprint-576.bf16	/tmp/riley-opt-260912/batch6-projection-probe/fixtures/w-21-k.bf16
445	21	1	1	192	576	192	/tmp/riley-opt-260912/batch6-projection-probe/fixtures/x-signed_zero_impulses-576.bf16	/tmp/riley-opt-260912/batch6-projection-probe/fixtures/w-21-k.bf16
446	21	1	2	192	576	192	/tmp/riley-opt-260912/batch6-projection-probe/fixtures/x-bounded_cancellation-576.bf16	/tmp/riley-opt-260912/batch6-projection-probe/fixtures/w-21-k.bf16
447	21	2	0	192	576	192	/tmp/riley-opt-260912/batch6-projection-probe/fixtures/x-row_fingerprint-576.bf16	/tmp/riley-opt-260912/batch6-projection-probe/fixtures/w-21-v.bf16
448	21	2	1	192	576	192	/tmp/riley-opt-260912/batch6-projection-probe/fixtures/x-signed_zero_impulses-576.bf16	/tmp/riley-opt-260912/batch6-projection-probe/fixtures/w-21-v.bf16
449	21	2	2	192	576	192	/tmp/riley-opt-260912/batch6-projection-probe/fixtures/x-bounded_cancellation-576.bf16	/tmp/riley-opt-260912/batch6-projection-probe/fixtures/w-21-v.bf16
450	21	3	0	576	576	128	/tmp/riley-opt-260912/batch6-projection-probe/fixtures/x-row_fingerprint-576.bf16	/tmp/riley-opt-260912/batch6-projection-probe/fixtures/w-21-o.bf16
451	21	3	1	576	576	128	/tmp/riley-opt-260912/batch6-projection-probe/fixtures/x-signed_zero_impulses-576.bf16	/tmp/riley-opt-260912/batch6-projection-probe/fixtures/w-21-o.bf16
452	21	3	2	576	576	128	/tmp/riley-opt-260912/batch6-projection-probe/fixtures/x-bounded_cancellation-576.bf16	/tmp/riley-opt-260912/batch6-projection-probe/fixtures/w-21-o.bf16
453	21	4	0	1536	576	0	/tmp/riley-opt-260912/batch6-projection-probe/fixtures/x-row_fingerprint-576.bf16	/tmp/riley-opt-260912/batch6-projection-probe/fixtures/w-21-gate.bf16
454	21	4	1	1536	576	0	/tmp/riley-opt-260912/batch6-projection-probe/fixtures/x-signed_zero_impulses-576.bf16	/tmp/riley-opt-260912/batch6-projection-probe/fixtures/w-21-gate.bf16
455	21	4	2	1536	576	0	/tmp/riley-opt-260912/batch6-projection-probe/fixtures/x-bounded_cancellation-576.bf16	/tmp/riley-opt-260912/batch6-projection-probe/fixtures/w-21-gate.bf16
456	21	5	0	1536	576	0	/tmp/riley-opt-260912/batch6-projection-probe/fixtures/x-row_fingerprint-576.bf16	/tmp/riley-opt-260912/batch6-projection-probe/fixtures/w-21-up.bf16
457	21	5	1	1536	576	0	/tmp/riley-opt-260912/batch6-projection-probe/fixtures/x-signed_zero_impulses-576.bf16	/tmp/riley-opt-260912/batch6-projection-probe/fixtures/w-21-up.bf16
458	21	5	2	1536	576	0	/tmp/riley-opt-260912/batch6-projection-probe/fixtures/x-bounded_cancellation-576.bf16	/tmp/riley-opt-260912/batch6-projection-probe/fixtures/w-21-up.bf16
459	21	6	0	576	1536	320	/tmp/riley-opt-260912/batch6-projection-probe/fixtures/x-row_fingerprint-1536.bf16	/tmp/riley-opt-260912/batch6-projection-probe/fixtures/w-21-down.bf16
460	21	6	1	576	1536	320	/tmp/riley-opt-260912/batch6-projection-probe/fixtures/x-signed_zero_impulses-1536.bf16	/tmp/riley-opt-260912/batch6-projection-probe/fixtures/w-21-down.bf16
461	21	6	2	576	1536	320	/tmp/riley-opt-260912/batch6-projection-probe/fixtures/x-bounded_cancellation-1536.bf16	/tmp/riley-opt-260912/batch6-projection-probe/fixtures/w-21-down.bf16
462	22	0	0	576	576	192	/tmp/riley-opt-260912/batch6-projection-probe/fixtures/x-row_fingerprint-576.bf16	/tmp/riley-opt-260912/batch6-projection-probe/fixtures/w-22-q.bf16
463	22	0	1	576	576	192	/tmp/riley-opt-260912/batch6-projection-probe/fixtures/x-signed_zero_impulses-576.bf16	/tmp/riley-opt-260912/batch6-projection-probe/fixtures/w-22-q.bf16
464	22	0	2	576	576	192	/tmp/riley-opt-260912/batch6-projection-probe/fixtures/x-bounded_cancellation-576.bf16	/tmp/riley-opt-260912/batch6-projection-probe/fixtures/w-22-q.bf16
465	22	1	0	192	576	192	/tmp/riley-opt-260912/batch6-projection-probe/fixtures/x-row_fingerprint-576.bf16	/tmp/riley-opt-260912/batch6-projection-probe/fixtures/w-22-k.bf16
466	22	1	1	192	576	192	/tmp/riley-opt-260912/batch6-projection-probe/fixtures/x-signed_zero_impulses-576.bf16	/tmp/riley-opt-260912/batch6-projection-probe/fixtures/w-22-k.bf16
467	22	1	2	192	576	192	/tmp/riley-opt-260912/batch6-projection-probe/fixtures/x-bounded_cancellation-576.bf16	/tmp/riley-opt-260912/batch6-projection-probe/fixtures/w-22-k.bf16
468	22	2	0	192	576	192	/tmp/riley-opt-260912/batch6-projection-probe/fixtures/x-row_fingerprint-576.bf16	/tmp/riley-opt-260912/batch6-projection-probe/fixtures/w-22-v.bf16
469	22	2	1	192	576	192	/tmp/riley-opt-260912/batch6-projection-probe/fixtures/x-signed_zero_impulses-576.bf16	/tmp/riley-opt-260912/batch6-projection-probe/fixtures/w-22-v.bf16
470	22	2	2	192	576	192	/tmp/riley-opt-260912/batch6-projection-probe/fixtures/x-bounded_cancellation-576.bf16	/tmp/riley-opt-260912/batch6-projection-probe/fixtures/w-22-v.bf16
471	22	3	0	576	576	128	/tmp/riley-opt-260912/batch6-projection-probe/fixtures/x-row_fingerprint-576.bf16	/tmp/riley-opt-260912/batch6-projection-probe/fixtures/w-22-o.bf16
472	22	3	1	576	576	128	/tmp/riley-opt-260912/batch6-projection-probe/fixtures/x-signed_zero_impulses-576.bf16	/tmp/riley-opt-260912/batch6-projection-probe/fixtures/w-22-o.bf16
473	22	3	2	576	576	128	/tmp/riley-opt-260912/batch6-projection-probe/fixtures/x-bounded_cancellation-576.bf16	/tmp/riley-opt-260912/batch6-projection-probe/fixtures/w-22-o.bf16
474	22	4	0	1536	576	0	/tmp/riley-opt-260912/batch6-projection-probe/fixtures/x-row_fingerprint-576.bf16	/tmp/riley-opt-260912/batch6-projection-probe/fixtures/w-22-gate.bf16
475	22	4	1	1536	576	0	/tmp/riley-opt-260912/batch6-projection-probe/fixtures/x-signed_zero_impulses-576.bf16	/tmp/riley-opt-260912/batch6-projection-probe/fixtures/w-22-gate.bf16
476	22	4	2	1536	576	0	/tmp/riley-opt-260912/batch6-projection-probe/fixtures/x-bounded_cancellation-576.bf16	/tmp/riley-opt-260912/batch6-projection-probe/fixtures/w-22-gate.bf16
477	22	5	0	1536	576	0	/tmp/riley-opt-260912/batch6-projection-probe/fixtures/x-row_fingerprint-576.bf16	/tmp/riley-opt-260912/batch6-projection-probe/fixtures/w-22-up.bf16
478	22	5	1	1536	576	0	/tmp/riley-opt-260912/batch6-projection-probe/fixtures/x-signed_zero_impulses-576.bf16	/tmp/riley-opt-260912/batch6-projection-probe/fixtures/w-22-up.bf16
479	22	5	2	1536	576	0	/tmp/riley-opt-260912/batch6-projection-probe/fixtures/x-bounded_cancellation-576.bf16	/tmp/riley-opt-260912/batch6-projection-probe/fixtures/w-22-up.bf16
480	22	6	0	576	1536	320	/tmp/riley-opt-260912/batch6-projection-probe/fixtures/x-row_fingerprint-1536.bf16	/tmp/riley-opt-260912/batch6-projection-probe/fixtures/w-22-down.bf16
481	22	6	1	576	1536	320	/tmp/riley-opt-260912/batch6-projection-probe/fixtures/x-signed_zero_impulses-1536.bf16	/tmp/riley-opt-260912/batch6-projection-probe/fixtures/w-22-down.bf16
482	22	6	2	576	1536	320	/tmp/riley-opt-260912/batch6-projection-probe/fixtures/x-bounded_cancellation-1536.bf16	/tmp/riley-opt-260912/batch6-projection-probe/fixtures/w-22-down.bf16
483	23	0	0	576	576	192	/tmp/riley-opt-260912/batch6-projection-probe/fixtures/x-row_fingerprint-576.bf16	/tmp/riley-opt-260912/batch6-projection-probe/fixtures/w-23-q.bf16
484	23	0	1	576	576	192	/tmp/riley-opt-260912/batch6-projection-probe/fixtures/x-signed_zero_impulses-576.bf16	/tmp/riley-opt-260912/batch6-projection-probe/fixtures/w-23-q.bf16
485	23	0	2	576	576	192	/tmp/riley-opt-260912/batch6-projection-probe/fixtures/x-bounded_cancellation-576.bf16	/tmp/riley-opt-260912/batch6-projection-probe/fixtures/w-23-q.bf16
486	23	1	0	192	576	192	/tmp/riley-opt-260912/batch6-projection-probe/fixtures/x-row_fingerprint-576.bf16	/tmp/riley-opt-260912/batch6-projection-probe/fixtures/w-23-k.bf16
487	23	1	1	192	576	192	/tmp/riley-opt-260912/batch6-projection-probe/fixtures/x-signed_zero_impulses-576.bf16	/tmp/riley-opt-260912/batch6-projection-probe/fixtures/w-23-k.bf16
488	23	1	2	192	576	192	/tmp/riley-opt-260912/batch6-projection-probe/fixtures/x-bounded_cancellation-576.bf16	/tmp/riley-opt-260912/batch6-projection-probe/fixtures/w-23-k.bf16
489	23	2	0	192	576	192	/tmp/riley-opt-260912/batch6-projection-probe/fixtures/x-row_fingerprint-576.bf16	/tmp/riley-opt-260912/batch6-projection-probe/fixtures/w-23-v.bf16
490	23	2	1	192	576	192	/tmp/riley-opt-260912/batch6-projection-probe/fixtures/x-signed_zero_impulses-576.bf16	/tmp/riley-opt-260912/batch6-projection-probe/fixtures/w-23-v.bf16
491	23	2	2	192	576	192	/tmp/riley-opt-260912/batch6-projection-probe/fixtures/x-bounded_cancellation-576.bf16	/tmp/riley-opt-260912/batch6-projection-probe/fixtures/w-23-v.bf16
492	23	3	0	576	576	128	/tmp/riley-opt-260912/batch6-projection-probe/fixtures/x-row_fingerprint-576.bf16	/tmp/riley-opt-260912/batch6-projection-probe/fixtures/w-23-o.bf16
493	23	3	1	576	576	128	/tmp/riley-opt-260912/batch6-projection-probe/fixtures/x-signed_zero_impulses-576.bf16	/tmp/riley-opt-260912/batch6-projection-probe/fixtures/w-23-o.bf16
494	23	3	2	576	576	128	/tmp/riley-opt-260912/batch6-projection-probe/fixtures/x-bounded_cancellation-576.bf16	/tmp/riley-opt-260912/batch6-projection-probe/fixtures/w-23-o.bf16
495	23	4	0	1536	576	0	/tmp/riley-opt-260912/batch6-projection-probe/fixtures/x-row_fingerprint-576.bf16	/tmp/riley-opt-260912/batch6-projection-probe/fixtures/w-23-gate.bf16
496	23	4	1	1536	576	0	/tmp/riley-opt-260912/batch6-projection-probe/fixtures/x-signed_zero_impulses-576.bf16	/tmp/riley-opt-260912/batch6-projection-probe/fixtures/w-23-gate.bf16
497	23	4	2	1536	576	0	/tmp/riley-opt-260912/batch6-projection-probe/fixtures/x-bounded_cancellation-576.bf16	/tmp/riley-opt-260912/batch6-projection-probe/fixtures/w-23-gate.bf16
498	23	5	0	1536	576	0	/tmp/riley-opt-260912/batch6-projection-probe/fixtures/x-row_fingerprint-576.bf16	/tmp/riley-opt-260912/batch6-projection-probe/fixtures/w-23-up.bf16
499	23	5	1	1536	576	0	/tmp/riley-opt-260912/batch6-projection-probe/fixtures/x-signed_zero_impulses-576.bf16	/tmp/riley-opt-260912/batch6-projection-probe/fixtures/w-23-up.bf16
500	23	5	2	1536	576	0	/tmp/riley-opt-260912/batch6-projection-probe/fixtures/x-bounded_cancellation-576.bf16	/tmp/riley-opt-260912/batch6-projection-probe/fixtures/w-23-up.bf16
501	23	6	0	576	1536	320	/tmp/riley-opt-260912/batch6-projection-probe/fixtures/x-row_fingerprint-1536.bf16	/tmp/riley-opt-260912/batch6-projection-probe/fixtures/w-23-down.bf16
502	23	6	1	576	1536	320	/tmp/riley-opt-260912/batch6-projection-probe/fixtures/x-signed_zero_impulses-1536.bf16	/tmp/riley-opt-260912/batch6-projection-probe/fixtures/w-23-down.bf16
503	23	6	2	576	1536	320	/tmp/riley-opt-260912/batch6-projection-probe/fixtures/x-bounded_cancellation-1536.bf16	/tmp/riley-opt-260912/batch6-projection-probe/fixtures/w-23-down.bf16
504	24	0	0	576	576	192	/tmp/riley-opt-260912/batch6-projection-probe/fixtures/x-row_fingerprint-576.bf16	/tmp/riley-opt-260912/batch6-projection-probe/fixtures/w-24-q.bf16
505	24	0	1	576	576	192	/tmp/riley-opt-260912/batch6-projection-probe/fixtures/x-signed_zero_impulses-576.bf16	/tmp/riley-opt-260912/batch6-projection-probe/fixtures/w-24-q.bf16
506	24	0	2	576	576	192	/tmp/riley-opt-260912/batch6-projection-probe/fixtures/x-bounded_cancellation-576.bf16	/tmp/riley-opt-260912/batch6-projection-probe/fixtures/w-24-q.bf16
507	24	1	0	192	576	192	/tmp/riley-opt-260912/batch6-projection-probe/fixtures/x-row_fingerprint-576.bf16	/tmp/riley-opt-260912/batch6-projection-probe/fixtures/w-24-k.bf16
508	24	1	1	192	576	192	/tmp/riley-opt-260912/batch6-projection-probe/fixtures/x-signed_zero_impulses-576.bf16	/tmp/riley-opt-260912/batch6-projection-probe/fixtures/w-24-k.bf16
509	24	1	2	192	576	192	/tmp/riley-opt-260912/batch6-projection-probe/fixtures/x-bounded_cancellation-576.bf16	/tmp/riley-opt-260912/batch6-projection-probe/fixtures/w-24-k.bf16
510	24	2	0	192	576	192	/tmp/riley-opt-260912/batch6-projection-probe/fixtures/x-row_fingerprint-576.bf16	/tmp/riley-opt-260912/batch6-projection-probe/fixtures/w-24-v.bf16
511	24	2	1	192	576	192	/tmp/riley-opt-260912/batch6-projection-probe/fixtures/x-signed_zero_impulses-576.bf16	/tmp/riley-opt-260912/batch6-projection-probe/fixtures/w-24-v.bf16
512	24	2	2	192	576	192	/tmp/riley-opt-260912/batch6-projection-probe/fixtures/x-bounded_cancellation-576.bf16	/tmp/riley-opt-260912/batch6-projection-probe/fixtures/w-24-v.bf16
513	24	3	0	576	576	128	/tmp/riley-opt-260912/batch6-projection-probe/fixtures/x-row_fingerprint-576.bf16	/tmp/riley-opt-260912/batch6-projection-probe/fixtures/w-24-o.bf16
514	24	3	1	576	576	128	/tmp/riley-opt-260912/batch6-projection-probe/fixtures/x-signed_zero_impulses-576.bf16	/tmp/riley-opt-260912/batch6-projection-probe/fixtures/w-24-o.bf16
515	24	3	2	576	576	128	/tmp/riley-opt-260912/batch6-projection-probe/fixtures/x-bounded_cancellation-576.bf16	/tmp/riley-opt-260912/batch6-projection-probe/fixtures/w-24-o.bf16
516	24	4	0	1536	576	0	/tmp/riley-opt-260912/batch6-projection-probe/fixtures/x-row_fingerprint-576.bf16	/tmp/riley-opt-260912/batch6-projection-probe/fixtures/w-24-gate.bf16
517	24	4	1	1536	576	0	/tmp/riley-opt-260912/batch6-projection-probe/fixtures/x-signed_zero_impulses-576.bf16	/tmp/riley-opt-260912/batch6-projection-probe/fixtures/w-24-gate.bf16
518	24	4	2	1536	576	0	/tmp/riley-opt-260912/batch6-projection-probe/fixtures/x-bounded_cancellation-576.bf16	/tmp/riley-opt-260912/batch6-projection-probe/fixtures/w-24-gate.bf16
519	24	5	0	1536	576	0	/tmp/riley-opt-260912/batch6-projection-probe/fixtures/x-row_fingerprint-576.bf16	/tmp/riley-opt-260912/batch6-projection-probe/fixtures/w-24-up.bf16
520	24	5	1	1536	576	0	/tmp/riley-opt-260912/batch6-projection-probe/fixtures/x-signed_zero_impulses-576.bf16	/tmp/riley-opt-260912/batch6-projection-probe/fixtures/w-24-up.bf16
521	24	5	2	1536	576	0	/tmp/riley-opt-260912/batch6-projection-probe/fixtures/x-bounded_cancellation-576.bf16	/tmp/riley-opt-260912/batch6-projection-probe/fixtures/w-24-up.bf16
522	24	6	0	576	1536	320	/tmp/riley-opt-260912/batch6-projection-probe/fixtures/x-row_fingerprint-1536.bf16	/tmp/riley-opt-260912/batch6-projection-probe/fixtures/w-24-down.bf16
523	24	6	1	576	1536	320	/tmp/riley-opt-260912/batch6-projection-probe/fixtures/x-signed_zero_impulses-1536.bf16	/tmp/riley-opt-260912/batch6-projection-probe/fixtures/w-24-down.bf16
524	24	6	2	576	1536	320	/tmp/riley-opt-260912/batch6-projection-probe/fixtures/x-bounded_cancellation-1536.bf16	/tmp/riley-opt-260912/batch6-projection-probe/fixtures/w-24-down.bf16
525	25	0	0	576	576	192	/tmp/riley-opt-260912/batch6-projection-probe/fixtures/x-row_fingerprint-576.bf16	/tmp/riley-opt-260912/batch6-projection-probe/fixtures/w-25-q.bf16
526	25	0	1	576	576	192	/tmp/riley-opt-260912/batch6-projection-probe/fixtures/x-signed_zero_impulses-576.bf16	/tmp/riley-opt-260912/batch6-projection-probe/fixtures/w-25-q.bf16
527	25	0	2	576	576	192	/tmp/riley-opt-260912/batch6-projection-probe/fixtures/x-bounded_cancellation-576.bf16	/tmp/riley-opt-260912/batch6-projection-probe/fixtures/w-25-q.bf16
528	25	1	0	192	576	192	/tmp/riley-opt-260912/batch6-projection-probe/fixtures/x-row_fingerprint-576.bf16	/tmp/riley-opt-260912/batch6-projection-probe/fixtures/w-25-k.bf16
529	25	1	1	192	576	192	/tmp/riley-opt-260912/batch6-projection-probe/fixtures/x-signed_zero_impulses-576.bf16	/tmp/riley-opt-260912/batch6-projection-probe/fixtures/w-25-k.bf16
530	25	1	2	192	576	192	/tmp/riley-opt-260912/batch6-projection-probe/fixtures/x-bounded_cancellation-576.bf16	/tmp/riley-opt-260912/batch6-projection-probe/fixtures/w-25-k.bf16
531	25	2	0	192	576	192	/tmp/riley-opt-260912/batch6-projection-probe/fixtures/x-row_fingerprint-576.bf16	/tmp/riley-opt-260912/batch6-projection-probe/fixtures/w-25-v.bf16
532	25	2	1	192	576	192	/tmp/riley-opt-260912/batch6-projection-probe/fixtures/x-signed_zero_impulses-576.bf16	/tmp/riley-opt-260912/batch6-projection-probe/fixtures/w-25-v.bf16
533	25	2	2	192	576	192	/tmp/riley-opt-260912/batch6-projection-probe/fixtures/x-bounded_cancellation-576.bf16	/tmp/riley-opt-260912/batch6-projection-probe/fixtures/w-25-v.bf16
534	25	3	0	576	576	128	/tmp/riley-opt-260912/batch6-projection-probe/fixtures/x-row_fingerprint-576.bf16	/tmp/riley-opt-260912/batch6-projection-probe/fixtures/w-25-o.bf16
535	25	3	1	576	576	128	/tmp/riley-opt-260912/batch6-projection-probe/fixtures/x-signed_zero_impulses-576.bf16	/tmp/riley-opt-260912/batch6-projection-probe/fixtures/w-25-o.bf16
536	25	3	2	576	576	128	/tmp/riley-opt-260912/batch6-projection-probe/fixtures/x-bounded_cancellation-576.bf16	/tmp/riley-opt-260912/batch6-projection-probe/fixtures/w-25-o.bf16
537	25	4	0	1536	576	0	/tmp/riley-opt-260912/batch6-projection-probe/fixtures/x-row_fingerprint-576.bf16	/tmp/riley-opt-260912/batch6-projection-probe/fixtures/w-25-gate.bf16
538	25	4	1	1536	576	0	/tmp/riley-opt-260912/batch6-projection-probe/fixtures/x-signed_zero_impulses-576.bf16	/tmp/riley-opt-260912/batch6-projection-probe/fixtures/w-25-gate.bf16
539	25	4	2	1536	576	0	/tmp/riley-opt-260912/batch6-projection-probe/fixtures/x-bounded_cancellation-576.bf16	/tmp/riley-opt-260912/batch6-projection-probe/fixtures/w-25-gate.bf16
540	25	5	0	1536	576	0	/tmp/riley-opt-260912/batch6-projection-probe/fixtures/x-row_fingerprint-576.bf16	/tmp/riley-opt-260912/batch6-projection-probe/fixtures/w-25-up.bf16
541	25	5	1	1536	576	0	/tmp/riley-opt-260912/batch6-projection-probe/fixtures/x-signed_zero_impulses-576.bf16	/tmp/riley-opt-260912/batch6-projection-probe/fixtures/w-25-up.bf16
542	25	5	2	1536	576	0	/tmp/riley-opt-260912/batch6-projection-probe/fixtures/x-bounded_cancellation-576.bf16	/tmp/riley-opt-260912/batch6-projection-probe/fixtures/w-25-up.bf16
543	25	6	0	576	1536	320	/tmp/riley-opt-260912/batch6-projection-probe/fixtures/x-row_fingerprint-1536.bf16	/tmp/riley-opt-260912/batch6-projection-probe/fixtures/w-25-down.bf16
544	25	6	1	576	1536	320	/tmp/riley-opt-260912/batch6-projection-probe/fixtures/x-signed_zero_impulses-1536.bf16	/tmp/riley-opt-260912/batch6-projection-probe/fixtures/w-25-down.bf16
545	25	6	2	576	1536	320	/tmp/riley-opt-260912/batch6-projection-probe/fixtures/x-bounded_cancellation-1536.bf16	/tmp/riley-opt-260912/batch6-projection-probe/fixtures/w-25-down.bf16
546	26	0	0	576	576	192	/tmp/riley-opt-260912/batch6-projection-probe/fixtures/x-row_fingerprint-576.bf16	/tmp/riley-opt-260912/batch6-projection-probe/fixtures/w-26-q.bf16
547	26	0	1	576	576	192	/tmp/riley-opt-260912/batch6-projection-probe/fixtures/x-signed_zero_impulses-576.bf16	/tmp/riley-opt-260912/batch6-projection-probe/fixtures/w-26-q.bf16
548	26	0	2	576	576	192	/tmp/riley-opt-260912/batch6-projection-probe/fixtures/x-bounded_cancellation-576.bf16	/tmp/riley-opt-260912/batch6-projection-probe/fixtures/w-26-q.bf16
549	26	1	0	192	576	192	/tmp/riley-opt-260912/batch6-projection-probe/fixtures/x-row_fingerprint-576.bf16	/tmp/riley-opt-260912/batch6-projection-probe/fixtures/w-26-k.bf16
550	26	1	1	192	576	192	/tmp/riley-opt-260912/batch6-projection-probe/fixtures/x-signed_zero_impulses-576.bf16	/tmp/riley-opt-260912/batch6-projection-probe/fixtures/w-26-k.bf16
551	26	1	2	192	576	192	/tmp/riley-opt-260912/batch6-projection-probe/fixtures/x-bounded_cancellation-576.bf16	/tmp/riley-opt-260912/batch6-projection-probe/fixtures/w-26-k.bf16
552	26	2	0	192	576	192	/tmp/riley-opt-260912/batch6-projection-probe/fixtures/x-row_fingerprint-576.bf16	/tmp/riley-opt-260912/batch6-projection-probe/fixtures/w-26-v.bf16
553	26	2	1	192	576	192	/tmp/riley-opt-260912/batch6-projection-probe/fixtures/x-signed_zero_impulses-576.bf16	/tmp/riley-opt-260912/batch6-projection-probe/fixtures/w-26-v.bf16
554	26	2	2	192	576	192	/tmp/riley-opt-260912/batch6-projection-probe/fixtures/x-bounded_cancellation-576.bf16	/tmp/riley-opt-260912/batch6-projection-probe/fixtures/w-26-v.bf16
555	26	3	0	576	576	128	/tmp/riley-opt-260912/batch6-projection-probe/fixtures/x-row_fingerprint-576.bf16	/tmp/riley-opt-260912/batch6-projection-probe/fixtures/w-26-o.bf16
556	26	3	1	576	576	128	/tmp/riley-opt-260912/batch6-projection-probe/fixtures/x-signed_zero_impulses-576.bf16	/tmp/riley-opt-260912/batch6-projection-probe/fixtures/w-26-o.bf16
557	26	3	2	576	576	128	/tmp/riley-opt-260912/batch6-projection-probe/fixtures/x-bounded_cancellation-576.bf16	/tmp/riley-opt-260912/batch6-projection-probe/fixtures/w-26-o.bf16
558	26	4	0	1536	576	0	/tmp/riley-opt-260912/batch6-projection-probe/fixtures/x-row_fingerprint-576.bf16	/tmp/riley-opt-260912/batch6-projection-probe/fixtures/w-26-gate.bf16
559	26	4	1	1536	576	0	/tmp/riley-opt-260912/batch6-projection-probe/fixtures/x-signed_zero_impulses-576.bf16	/tmp/riley-opt-260912/batch6-projection-probe/fixtures/w-26-gate.bf16
560	26	4	2	1536	576	0	/tmp/riley-opt-260912/batch6-projection-probe/fixtures/x-bounded_cancellation-576.bf16	/tmp/riley-opt-260912/batch6-projection-probe/fixtures/w-26-gate.bf16
561	26	5	0	1536	576	0	/tmp/riley-opt-260912/batch6-projection-probe/fixtures/x-row_fingerprint-576.bf16	/tmp/riley-opt-260912/batch6-projection-probe/fixtures/w-26-up.bf16
562	26	5	1	1536	576	0	/tmp/riley-opt-260912/batch6-projection-probe/fixtures/x-signed_zero_impulses-576.bf16	/tmp/riley-opt-260912/batch6-projection-probe/fixtures/w-26-up.bf16
563	26	5	2	1536	576	0	/tmp/riley-opt-260912/batch6-projection-probe/fixtures/x-bounded_cancellation-576.bf16	/tmp/riley-opt-260912/batch6-projection-probe/fixtures/w-26-up.bf16
564	26	6	0	576	1536	320	/tmp/riley-opt-260912/batch6-projection-probe/fixtures/x-row_fingerprint-1536.bf16	/tmp/riley-opt-260912/batch6-projection-probe/fixtures/w-26-down.bf16
565	26	6	1	576	1536	320	/tmp/riley-opt-260912/batch6-projection-probe/fixtures/x-signed_zero_impulses-1536.bf16	/tmp/riley-opt-260912/batch6-projection-probe/fixtures/w-26-down.bf16
566	26	6	2	576	1536	320	/tmp/riley-opt-260912/batch6-projection-probe/fixtures/x-bounded_cancellation-1536.bf16	/tmp/riley-opt-260912/batch6-projection-probe/fixtures/w-26-down.bf16
567	27	0	0	576	576	192	/tmp/riley-opt-260912/batch6-projection-probe/fixtures/x-row_fingerprint-576.bf16	/tmp/riley-opt-260912/batch6-projection-probe/fixtures/w-27-q.bf16
568	27	0	1	576	576	192	/tmp/riley-opt-260912/batch6-projection-probe/fixtures/x-signed_zero_impulses-576.bf16	/tmp/riley-opt-260912/batch6-projection-probe/fixtures/w-27-q.bf16
569	27	0	2	576	576	192	/tmp/riley-opt-260912/batch6-projection-probe/fixtures/x-bounded_cancellation-576.bf16	/tmp/riley-opt-260912/batch6-projection-probe/fixtures/w-27-q.bf16
570	27	1	0	192	576	192	/tmp/riley-opt-260912/batch6-projection-probe/fixtures/x-row_fingerprint-576.bf16	/tmp/riley-opt-260912/batch6-projection-probe/fixtures/w-27-k.bf16
571	27	1	1	192	576	192	/tmp/riley-opt-260912/batch6-projection-probe/fixtures/x-signed_zero_impulses-576.bf16	/tmp/riley-opt-260912/batch6-projection-probe/fixtures/w-27-k.bf16
572	27	1	2	192	576	192	/tmp/riley-opt-260912/batch6-projection-probe/fixtures/x-bounded_cancellation-576.bf16	/tmp/riley-opt-260912/batch6-projection-probe/fixtures/w-27-k.bf16
573	27	2	0	192	576	192	/tmp/riley-opt-260912/batch6-projection-probe/fixtures/x-row_fingerprint-576.bf16	/tmp/riley-opt-260912/batch6-projection-probe/fixtures/w-27-v.bf16
574	27	2	1	192	576	192	/tmp/riley-opt-260912/batch6-projection-probe/fixtures/x-signed_zero_impulses-576.bf16	/tmp/riley-opt-260912/batch6-projection-probe/fixtures/w-27-v.bf16
575	27	2	2	192	576	192	/tmp/riley-opt-260912/batch6-projection-probe/fixtures/x-bounded_cancellation-576.bf16	/tmp/riley-opt-260912/batch6-projection-probe/fixtures/w-27-v.bf16
576	27	3	0	576	576	128	/tmp/riley-opt-260912/batch6-projection-probe/fixtures/x-row_fingerprint-576.bf16	/tmp/riley-opt-260912/batch6-projection-probe/fixtures/w-27-o.bf16
577	27	3	1	576	576	128	/tmp/riley-opt-260912/batch6-projection-probe/fixtures/x-signed_zero_impulses-576.bf16	/tmp/riley-opt-260912/batch6-projection-probe/fixtures/w-27-o.bf16
578	27	3	2	576	576	128	/tmp/riley-opt-260912/batch6-projection-probe/fixtures/x-bounded_cancellation-576.bf16	/tmp/riley-opt-260912/batch6-projection-probe/fixtures/w-27-o.bf16
579	27	4	0	1536	576	0	/tmp/riley-opt-260912/batch6-projection-probe/fixtures/x-row_fingerprint-576.bf16	/tmp/riley-opt-260912/batch6-projection-probe/fixtures/w-27-gate.bf16
580	27	4	1	1536	576	0	/tmp/riley-opt-260912/batch6-projection-probe/fixtures/x-signed_zero_impulses-576.bf16	/tmp/riley-opt-260912/batch6-projection-probe/fixtures/w-27-gate.bf16
581	27	4	2	1536	576	0	/tmp/riley-opt-260912/batch6-projection-probe/fixtures/x-bounded_cancellation-576.bf16	/tmp/riley-opt-260912/batch6-projection-probe/fixtures/w-27-gate.bf16
582	27	5	0	1536	576	0	/tmp/riley-opt-260912/batch6-projection-probe/fixtures/x-row_fingerprint-576.bf16	/tmp/riley-opt-260912/batch6-projection-probe/fixtures/w-27-up.bf16
583	27	5	1	1536	576	0	/tmp/riley-opt-260912/batch6-projection-probe/fixtures/x-signed_zero_impulses-576.bf16	/tmp/riley-opt-260912/batch6-projection-probe/fixtures/w-27-up.bf16
584	27	5	2	1536	576	0	/tmp/riley-opt-260912/batch6-projection-probe/fixtures/x-bounded_cancellation-576.bf16	/tmp/riley-opt-260912/batch6-projection-probe/fixtures/w-27-up.bf16
585	27	6	0	576	1536	320	/tmp/riley-opt-260912/batch6-projection-probe/fixtures/x-row_fingerprint-1536.bf16	/tmp/riley-opt-260912/batch6-projection-probe/fixtures/w-27-down.bf16
586	27	6	1	576	1536	320	/tmp/riley-opt-260912/batch6-projection-probe/fixtures/x-signed_zero_impulses-1536.bf16	/tmp/riley-opt-260912/batch6-projection-probe/fixtures/w-27-down.bf16
587	27	6	2	576	1536	320	/tmp/riley-opt-260912/batch6-projection-probe/fixtures/x-bounded_cancellation-1536.bf16	/tmp/riley-opt-260912/batch6-projection-probe/fixtures/w-27-down.bf16
588	28	0	0	576	576	192	/tmp/riley-opt-260912/batch6-projection-probe/fixtures/x-row_fingerprint-576.bf16	/tmp/riley-opt-260912/batch6-projection-probe/fixtures/w-28-q.bf16
589	28	0	1	576	576	192	/tmp/riley-opt-260912/batch6-projection-probe/fixtures/x-signed_zero_impulses-576.bf16	/tmp/riley-opt-260912/batch6-projection-probe/fixtures/w-28-q.bf16
590	28	0	2	576	576	192	/tmp/riley-opt-260912/batch6-projection-probe/fixtures/x-bounded_cancellation-576.bf16	/tmp/riley-opt-260912/batch6-projection-probe/fixtures/w-28-q.bf16
591	28	1	0	192	576	192	/tmp/riley-opt-260912/batch6-projection-probe/fixtures/x-row_fingerprint-576.bf16	/tmp/riley-opt-260912/batch6-projection-probe/fixtures/w-28-k.bf16
592	28	1	1	192	576	192	/tmp/riley-opt-260912/batch6-projection-probe/fixtures/x-signed_zero_impulses-576.bf16	/tmp/riley-opt-260912/batch6-projection-probe/fixtures/w-28-k.bf16
593	28	1	2	192	576	192	/tmp/riley-opt-260912/batch6-projection-probe/fixtures/x-bounded_cancellation-576.bf16	/tmp/riley-opt-260912/batch6-projection-probe/fixtures/w-28-k.bf16
594	28	2	0	192	576	192	/tmp/riley-opt-260912/batch6-projection-probe/fixtures/x-row_fingerprint-576.bf16	/tmp/riley-opt-260912/batch6-projection-probe/fixtures/w-28-v.bf16
595	28	2	1	192	576	192	/tmp/riley-opt-260912/batch6-projection-probe/fixtures/x-signed_zero_impulses-576.bf16	/tmp/riley-opt-260912/batch6-projection-probe/fixtures/w-28-v.bf16
596	28	2	2	192	576	192	/tmp/riley-opt-260912/batch6-projection-probe/fixtures/x-bounded_cancellation-576.bf16	/tmp/riley-opt-260912/batch6-projection-probe/fixtures/w-28-v.bf16
597	28	3	0	576	576	128	/tmp/riley-opt-260912/batch6-projection-probe/fixtures/x-row_fingerprint-576.bf16	/tmp/riley-opt-260912/batch6-projection-probe/fixtures/w-28-o.bf16
598	28	3	1	576	576	128	/tmp/riley-opt-260912/batch6-projection-probe/fixtures/x-signed_zero_impulses-576.bf16	/tmp/riley-opt-260912/batch6-projection-probe/fixtures/w-28-o.bf16
599	28	3	2	576	576	128	/tmp/riley-opt-260912/batch6-projection-probe/fixtures/x-bounded_cancellation-576.bf16	/tmp/riley-opt-260912/batch6-projection-probe/fixtures/w-28-o.bf16
600	28	4	0	1536	576	0	/tmp/riley-opt-260912/batch6-projection-probe/fixtures/x-row_fingerprint-576.bf16	/tmp/riley-opt-260912/batch6-projection-probe/fixtures/w-28-gate.bf16
601	28	4	1	1536	576	0	/tmp/riley-opt-260912/batch6-projection-probe/fixtures/x-signed_zero_impulses-576.bf16	/tmp/riley-opt-260912/batch6-projection-probe/fixtures/w-28-gate.bf16
602	28	4	2	1536	576	0	/tmp/riley-opt-260912/batch6-projection-probe/fixtures/x-bounded_cancellation-576.bf16	/tmp/riley-opt-260912/batch6-projection-probe/fixtures/w-28-gate.bf16
603	28	5	0	1536	576	0	/tmp/riley-opt-260912/batch6-projection-probe/fixtures/x-row_fingerprint-576.bf16	/tmp/riley-opt-260912/batch6-projection-probe/fixtures/w-28-up.bf16
604	28	5	1	1536	576	0	/tmp/riley-opt-260912/batch6-projection-probe/fixtures/x-signed_zero_impulses-576.bf16	/tmp/riley-opt-260912/batch6-projection-probe/fixtures/w-28-up.bf16
605	28	5	2	1536	576	0	/tmp/riley-opt-260912/batch6-projection-probe/fixtures/x-bounded_cancellation-576.bf16	/tmp/riley-opt-260912/batch6-projection-probe/fixtures/w-28-up.bf16
606	28	6	0	576	1536	320	/tmp/riley-opt-260912/batch6-projection-probe/fixtures/x-row_fingerprint-1536.bf16	/tmp/riley-opt-260912/batch6-projection-probe/fixtures/w-28-down.bf16
607	28	6	1	576	1536	320	/tmp/riley-opt-260912/batch6-projection-probe/fixtures/x-signed_zero_impulses-1536.bf16	/tmp/riley-opt-260912/batch6-projection-probe/fixtures/w-28-down.bf16
608	28	6	2	576	1536	320	/tmp/riley-opt-260912/batch6-projection-probe/fixtures/x-bounded_cancellation-1536.bf16	/tmp/riley-opt-260912/batch6-projection-probe/fixtures/w-28-down.bf16
609	29	0	0	576	576	192	/tmp/riley-opt-260912/batch6-projection-probe/fixtures/x-row_fingerprint-576.bf16	/tmp/riley-opt-260912/batch6-projection-probe/fixtures/w-29-q.bf16
610	29	0	1	576	576	192	/tmp/riley-opt-260912/batch6-projection-probe/fixtures/x-signed_zero_impulses-576.bf16	/tmp/riley-opt-260912/batch6-projection-probe/fixtures/w-29-q.bf16
611	29	0	2	576	576	192	/tmp/riley-opt-260912/batch6-projection-probe/fixtures/x-bounded_cancellation-576.bf16	/tmp/riley-opt-260912/batch6-projection-probe/fixtures/w-29-q.bf16
612	29	1	0	192	576	192	/tmp/riley-opt-260912/batch6-projection-probe/fixtures/x-row_fingerprint-576.bf16	/tmp/riley-opt-260912/batch6-projection-probe/fixtures/w-29-k.bf16
613	29	1	1	192	576	192	/tmp/riley-opt-260912/batch6-projection-probe/fixtures/x-signed_zero_impulses-576.bf16	/tmp/riley-opt-260912/batch6-projection-probe/fixtures/w-29-k.bf16
614	29	1	2	192	576	192	/tmp/riley-opt-260912/batch6-projection-probe/fixtures/x-bounded_cancellation-576.bf16	/tmp/riley-opt-260912/batch6-projection-probe/fixtures/w-29-k.bf16
615	29	2	0	192	576	192	/tmp/riley-opt-260912/batch6-projection-probe/fixtures/x-row_fingerprint-576.bf16	/tmp/riley-opt-260912/batch6-projection-probe/fixtures/w-29-v.bf16
616	29	2	1	192	576	192	/tmp/riley-opt-260912/batch6-projection-probe/fixtures/x-signed_zero_impulses-576.bf16	/tmp/riley-opt-260912/batch6-projection-probe/fixtures/w-29-v.bf16
617	29	2	2	192	576	192	/tmp/riley-opt-260912/batch6-projection-probe/fixtures/x-bounded_cancellation-576.bf16	/tmp/riley-opt-260912/batch6-projection-probe/fixtures/w-29-v.bf16
618	29	3	0	576	576	128	/tmp/riley-opt-260912/batch6-projection-probe/fixtures/x-row_fingerprint-576.bf16	/tmp/riley-opt-260912/batch6-projection-probe/fixtures/w-29-o.bf16
619	29	3	1	576	576	128	/tmp/riley-opt-260912/batch6-projection-probe/fixtures/x-signed_zero_impulses-576.bf16	/tmp/riley-opt-260912/batch6-projection-probe/fixtures/w-29-o.bf16
620	29	3	2	576	576	128	/tmp/riley-opt-260912/batch6-projection-probe/fixtures/x-bounded_cancellation-576.bf16	/tmp/riley-opt-260912/batch6-projection-probe/fixtures/w-29-o.bf16
621	29	4	0	1536	576	0	/tmp/riley-opt-260912/batch6-projection-probe/fixtures/x-row_fingerprint-576.bf16	/tmp/riley-opt-260912/batch6-projection-probe/fixtures/w-29-gate.bf16
622	29	4	1	1536	576	0	/tmp/riley-opt-260912/batch6-projection-probe/fixtures/x-signed_zero_impulses-576.bf16	/tmp/riley-opt-260912/batch6-projection-probe/fixtures/w-29-gate.bf16
623	29	4	2	1536	576	0	/tmp/riley-opt-260912/batch6-projection-probe/fixtures/x-bounded_cancellation-576.bf16	/tmp/riley-opt-260912/batch6-projection-probe/fixtures/w-29-gate.bf16
624	29	5	0	1536	576	0	/tmp/riley-opt-260912/batch6-projection-probe/fixtures/x-row_fingerprint-576.bf16	/tmp/riley-opt-260912/batch6-projection-probe/fixtures/w-29-up.bf16
625	29	5	1	1536	576	0	/tmp/riley-opt-260912/batch6-projection-probe/fixtures/x-signed_zero_impulses-576.bf16	/tmp/riley-opt-260912/batch6-projection-probe/fixtures/w-29-up.bf16
626	29	5	2	1536	576	0	/tmp/riley-opt-260912/batch6-projection-probe/fixtures/x-bounded_cancellation-576.bf16	/tmp/riley-opt-260912/batch6-projection-probe/fixtures/w-29-up.bf16
627	29	6	0	576	1536	320	/tmp/riley-opt-260912/batch6-projection-probe/fixtures/x-row_fingerprint-1536.bf16	/tmp/riley-opt-260912/batch6-projection-probe/fixtures/w-29-down.bf16
628	29	6	1	576	1536	320	/tmp/riley-opt-260912/batch6-projection-probe/fixtures/x-signed_zero_impulses-1536.bf16	/tmp/riley-opt-260912/batch6-projection-probe/fixtures/w-29-down.bf16
629	29	6	2	576	1536	320	/tmp/riley-opt-260912/batch6-projection-probe/fixtures/x-bounded_cancellation-1536.bf16	/tmp/riley-opt-260912/batch6-projection-probe/fixtures/w-29-down.bf16
