   Compiling riley-cuda v0.1.0 (/tmp/riley-opt-260912/hardware-validation-source/crates/riley-cuda)
warning: riley-cuda@0.1.0: riley-cuda: CUDA toolkit=/tmp/riley-opt-260912/flashinfer-compatibility/toolchain130/nvidia/cu13 nvcc=/tmp/riley-opt-260912/flashinfer-compatibility/toolchain130/nvidia/cu13/bin/nvcc
warning: riley-cuda@0.1.0: riley-cuda: CUDA AOT architectures=89 (compile targets only; no runtime device detection)
warning: riley-cuda@0.1.0: riley-cuda: cuBLASLt strategy=shared linker=/tmp/riley-opt-260912/flashinfer-compatibility/toolchain130/nvidia/cu13/lib/libcublasLt.so
warning: riley-cuda@0.1.0: riley-cuda: CUDA Runtime strategy=shared linker=/tmp/riley-opt-260912/flashinfer-compatibility/toolchain130/nvidia/cu13/lib/libcudart.so
warning: riley-cuda@0.1.0: riley-cuda: CUDA Driver linker=/usr/lib/x86_64-linux-gnu/libcuda.so
warning: methods `record_mlp` and `record_mlp_with_norm` are never used
     --> crates/riley-cuda/src/ffi.rs:10295:19
      |
10294 | impl GraphResourcesHandle {
      | ------------------------- methods in this implementation
10295 |     pub(super) fn record_mlp(
      |                   ^^^^^^^^^^
...
10305 |     pub(super) fn record_mlp_with_norm(
      |                   ^^^^^^^^^^^^^^^^^^^^
      |
      = note: `#[warn(dead_code)]` on by default

warning: methods `record_norm_qkv`, `record_qkv_with_rope`, and `record_qkv_with_cache` are never used
     --> crates/riley-cuda/src/ffi.rs:10599:19
      |
10598 | impl GraphResourcesHandle {
      | ------------------------- methods in this implementation
10599 |     pub(super) fn record_norm_qkv(
      |                   ^^^^^^^^^^^^^^^
...
10610 |     pub(super) fn record_qkv_with_rope(
      |                   ^^^^^^^^^^^^^^^^^^^^
...
10622 |     pub(super) fn record_qkv_with_cache(
      |                   ^^^^^^^^^^^^^^^^^^^^^

warning: function `riley_cuda_graph_capture_begin_indexed_rope_bf16` is never used
    --> crates/riley-cuda/src/ffi.rs:1547:8
     |
1547 |     fn riley_cuda_graph_capture_begin_indexed_rope_bf16(
     |        ^^^^^^^^^^^^^^^^^^^^^^^^^^^^^^^^^^^^^^^^^^^^^^^^

   Compiling riley-tensor v0.1.0 (/tmp/riley-opt-260912/hardware-validation-source/crates/riley-tensor)
   Compiling riley-model v0.1.0 (/tmp/riley-opt-260912/hardware-validation-source/crates/riley-model)
warning: `riley-cuda` (lib) generated 3 warnings
   Compiling riley-runtime v0.1.0 (/tmp/riley-opt-260912/hardware-validation-source/crates/riley-runtime)
warning: unused import: `U16_BYTES`
  --> crates/riley-runtime/src/llama/batch_executor.rs:23:50
   |
23 | use super::executor::buffers::{BatchDeviceInput, U16_BYTES, U32_BYTES};
   |                                                  ^^^^^^^^^
   |
   = note: `#[warn(unused_imports)]` on by default

warning: unused imports: `PackedIterationLayout` and `pack_iteration_input`
  --> crates/riley-runtime/src/llama/batch_executor.rs:42:5
   |
42 |     PackedIterationLayout, pack_iteration_input, validate_for_execution,
   |     ^^^^^^^^^^^^^^^^^^^^^  ^^^^^^^^^^^^^^^^^^^^

warning: constant `BF16_BYTES` is never used
  --> crates/riley-runtime/src/llama/batch_executor.rs:62:7
   |
62 | const BF16_BYTES: u64 = 2;
   |       ^^^^^^^^^^
   |
   = note: `#[warn(dead_code)]` on by default

warning: function `rejected` is never used
  --> crates/riley-runtime/src/llama/graph_decode_qkv_audit.rs:22:4
   |
22 | fn rejected(reason: &'static str) -> LlamaBatchExecutorError {
   |    ^^^^^^^^

warning: function `read` is never used
  --> crates/riley-runtime/src/llama/graph_decode_qkv_audit.rs:28:4
   |
28 | fn read(
   |    ^^^^

warning: methods `audit_c07_norm_qkv`, `audit_c07_qkv_rope`, `audit_c07_qkv_kv`, `audit_c07_attention_chain`, and `audit_qkv_impl` are never used
  --> crates/riley-runtime/src/llama/graph_decode_qkv_audit.rs:39:19
   |
37 | impl PreparedLlamaBatchExecutor {
   | ------------------------------- methods in this implementation
38 |     #[allow(clippy::too_many_lines)]
39 |     pub(crate) fn audit_c07_norm_qkv(
   |                   ^^^^^^^^^^^^^^^^^^
...
45 |     pub(crate) fn audit_c07_qkv_rope(
   |                   ^^^^^^^^^^^^^^^^^^
...
52 |     pub(crate) fn audit_c07_qkv_kv(
   |                   ^^^^^^^^^^^^^^^^
...
59 |     pub(crate) fn audit_c07_attention_chain(
   |                   ^^^^^^^^^^^^^^^^^^^^^^^^^
...
67 |     fn audit_qkv_impl(
   |        ^^^^^^^^^^^^^^

   Compiling riley-scheduler v0.1.0 (/tmp/riley-opt-260912/hardware-validation-source/crates/riley-scheduler)
warning: `riley-runtime` (lib) generated 6 warnings (run `cargo fix --lib -p riley-runtime` to apply 2 suggestions)
    Finished `test` profile [unoptimized + debuginfo] target(s) in 9.48s
     Running tests/flashinfer_model_observation_gpu.rs (/tmp/riley-opt-260912/flashinfer-cargo-target/debug/deps/flashinfer_model_observation_gpu-7b204a5a9c46728d)

running 2 tests
test flashinfer_model_observation_compact32 ... FLASHINFER_TOKEN_MISMATCH request=RequestId(28) generated=2 expected=1315 actual=26332 greedy=false pure_decode=false
FLASHINFER_TOKEN_MISMATCH request=RequestId(29) generated=2 expected=1315 actual=47522 greedy=false pure_decode=false
FLASHINFER_TOKEN_MISMATCH request=RequestId(31) generated=1 expected=504 actual=38734 greedy=false pure_decode=false
FLASHINFER_TOKEN_MISMATCH request=RequestId(32) generated=1 expected=504 actual=38734 greedy=false pure_decode=false
FLASHINFER_TOKEN_MISMATCH request=RequestId(23) generated=5 expected=41863 actual=9612 greedy=true pure_decode=false
FLASHINFER_TOKEN_MISMATCH request=RequestId(25) generated=4 expected=422 actual=642 greedy=true pure_decode=false
FLASHINFER_TOKEN_MISMATCH request=RequestId(26) generated=4 expected=422 actual=642 greedy=true pure_decode=false
FLASHINFER_TOKEN_MISMATCH request=RequestId(28) generated=3 expected=2863 actual=41281 greedy=true pure_decode=false
FLASHINFER_TOKEN_MISMATCH request=RequestId(29) generated=3 expected=2863 actual=41281 greedy=true pure_decode=false
FLASHINFER_TOKEN_MISMATCH request=RequestId(31) generated=2 expected=1315 actual=47522 greedy=true pure_decode=false
FLASHINFER_TOKEN_MISMATCH request=RequestId(32) generated=2 expected=1315 actual=47522 greedy=true pure_decode=false
FLASHINFER_TOKEN_MISMATCH request=RequestId(22) generated=6 expected=41480 actual=18 greedy=true pure_decode=false
FLASHINFER_TOKEN_MISMATCH request=RequestId(23) generated=6 expected=41480 actual=874 greedy=true pure_decode=false
FLASHINFER_TOKEN_MISMATCH request=RequestId(24) generated=1 expected=504 actual=38734 greedy=true pure_decode=false
FLASHINFER_TOKEN_MISMATCH request=RequestId(25) generated=5 expected=41863 actual=9612 greedy=true pure_decode=false
FLASHINFER_TOKEN_MISMATCH request=RequestId(26) generated=5 expected=41863 actual=9612 greedy=true pure_decode=false
FLASHINFER_TOKEN_MISMATCH request=RequestId(27) generated=1 expected=504 actual=38734 greedy=true pure_decode=false
FLASHINFER_TOKEN_MISMATCH request=RequestId(28) generated=4 expected=422 actual=642 greedy=true pure_decode=false
FLASHINFER_TOKEN_MISMATCH request=RequestId(29) generated=4 expected=422 actual=642 greedy=true pure_decode=false
FLASHINFER_TOKEN_MISMATCH request=RequestId(30) generated=1 expected=504 actual=38734 greedy=true pure_decode=false
FLASHINFER_TOKEN_MISMATCH request=RequestId(31) generated=3 expected=2863 actual=41281 greedy=true pure_decode=false
FLASHINFER_TOKEN_MISMATCH request=RequestId(32) generated=3 expected=2863 actual=41281 greedy=true pure_decode=false
FLASHINFER_TOKEN_MISMATCH request=RequestId(20) generated=8 expected=3297 actual=338 greedy=false pure_decode=true
FLASHINFER_TOKEN_MISMATCH request=RequestId(21) generated=2 expected=1315 actual=47522 greedy=false pure_decode=true
FLASHINFER_TOKEN_MISMATCH request=RequestId(22) generated=7 expected=6549 actual=7866 greedy=false pure_decode=true
FLASHINFER_TOKEN_MISMATCH request=RequestId(23) generated=7 expected=6549 actual=7866 greedy=false pure_decode=true
FLASHINFER_TOKEN_MISMATCH request=RequestId(24) generated=2 expected=1315 actual=47522 greedy=false pure_decode=true
FLASHINFER_TOKEN_MISMATCH request=RequestId(25) generated=6 expected=41480 actual=874 greedy=false pure_decode=true
FLASHINFER_TOKEN_MISMATCH request=RequestId(26) generated=6 expected=41480 actual=874 greedy=false pure_decode=true
FLASHINFER_TOKEN_MISMATCH request=RequestId(27) generated=2 expected=1315 actual=47522 greedy=false pure_decode=true
FLASHINFER_TOKEN_MISMATCH request=RequestId(28) generated=5 expected=41863 actual=9612 greedy=false pure_decode=true
FLASHINFER_TOKEN_MISMATCH request=RequestId(29) generated=5 expected=41863 actual=9612 greedy=false pure_decode=true
FLASHINFER_TOKEN_MISMATCH request=RequestId(30) generated=2 expected=1315 actual=47522 greedy=false pure_decode=true
FLASHINFER_TOKEN_MISMATCH request=RequestId(31) generated=4 expected=422 actual=642 greedy=false pure_decode=true
FLASHINFER_TOKEN_MISMATCH request=RequestId(32) generated=4 expected=422 actual=642 greedy=false pure_decode=true
FLASHINFER_TOKEN_MISMATCH request=RequestId(20) generated=9 expected=476 actual=260 greedy=true pure_decode=true
FLASHINFER_TOKEN_MISMATCH request=RequestId(21) generated=3 expected=2863 actual=41281 greedy=true pure_decode=true
FLASHINFER_TOKEN_MISMATCH request=RequestId(22) generated=8 expected=3297 actual=43179 greedy=true pure_decode=true
FLASHINFER_TOKEN_MISMATCH request=RequestId(23) generated=8 expected=3297 actual=43179 greedy=true pure_decode=true
FLASHINFER_TOKEN_MISMATCH request=RequestId(24) generated=3 expected=2863 actual=41281 greedy=true pure_decode=true
FLASHINFER_TOKEN_MISMATCH request=RequestId(25) generated=7 expected=6549 actual=7866 greedy=true pure_decode=true
FLASHINFER_TOKEN_MISMATCH request=RequestId(26) generated=7 expected=6549 actual=7866 greedy=true pure_decode=true
FLASHINFER_TOKEN_MISMATCH request=RequestId(27) generated=3 expected=2863 actual=41281 greedy=true pure_decode=true
FLASHINFER_TOKEN_MISMATCH request=RequestId(28) generated=6 expected=41480 actual=874 greedy=true pure_decode=true
FLASHINFER_TOKEN_MISMATCH request=RequestId(29) generated=6 expected=41480 actual=874 greedy=true pure_decode=true
FLASHINFER_TOKEN_MISMATCH request=RequestId(30) generated=3 expected=2863 actual=41281 greedy=true pure_decode=true
FLASHINFER_TOKEN_MISMATCH request=RequestId(31) generated=5 expected=41863 actual=9612 greedy=true pure_decode=true
FLASHINFER_TOKEN_MISMATCH request=RequestId(32) generated=5 expected=41863 actual=9612 greedy=true pure_decode=true
FLASHINFER_TOKEN_MISMATCH request=RequestId(20) generated=10 expected=378 actual=504 greedy=true pure_decode=true
FLASHINFER_TOKEN_MISMATCH request=RequestId(21) generated=4 expected=422 actual=642 greedy=true pure_decode=true
FLASHINFER_TOKEN_MISMATCH request=RequestId(22) generated=9 expected=476 actual=9612 greedy=true pure_decode=true
FLASHINFER_TOKEN_MISMATCH request=RequestId(23) generated=9 expected=476 actual=9612 greedy=true pure_decode=true
FLASHINFER_TOKEN_MISMATCH request=RequestId(24) generated=4 expected=422 actual=642 greedy=true pure_decode=true
FLASHINFER_TOKEN_MISMATCH request=RequestId(25) generated=8 expected=3297 actual=43179 greedy=true pure_decode=true
FLASHINFER_TOKEN_MISMATCH request=RequestId(26) generated=8 expected=3297 actual=43179 greedy=true pure_decode=true
FLASHINFER_TOKEN_MISMATCH request=RequestId(27) generated=4 expected=422 actual=642 greedy=true pure_decode=true
FLASHINFER_TOKEN_MISMATCH request=RequestId(28) generated=7 expected=6549 actual=7866 greedy=true pure_decode=true
FLASHINFER_TOKEN_MISMATCH request=RequestId(29) generated=7 expected=6549 actual=7866 greedy=true pure_decode=true
FLASHINFER_TOKEN_MISMATCH request=RequestId(30) generated=4 expected=422 actual=642 greedy=true pure_decode=true
FLASHINFER_TOKEN_MISMATCH request=RequestId(31) generated=6 expected=41480 actual=874 greedy=true pure_decode=true
FLASHINFER_TOKEN_MISMATCH request=RequestId(32) generated=6 expected=41480 actual=874 greedy=true pure_decode=true
FLASHINFER_TOKEN_MISMATCH request=RequestId(20) generated=11 expected=4771 actual=26332 greedy=false pure_decode=true
FLASHINFER_TOKEN_MISMATCH request=RequestId(21) generated=5 expected=41863 actual=9612 greedy=false pure_decode=true
FLASHINFER_TOKEN_MISMATCH request=RequestId(22) generated=10 expected=378 actual=9612 greedy=false pure_decode=true
FLASHINFER_TOKEN_MISMATCH request=RequestId(23) generated=10 expected=378 actual=9612 greedy=false pure_decode=true
FLASHINFER_TOKEN_MISMATCH request=RequestId(24) generated=5 expected=41863 actual=9612 greedy=false pure_decode=true
FLASHINFER_TOKEN_MISMATCH request=RequestId(25) generated=9 expected=476 actual=9612 greedy=false pure_decode=true
FLASHINFER_TOKEN_MISMATCH request=RequestId(26) generated=9 expected=476 actual=9612 greedy=false pure_decode=true
FLASHINFER_TOKEN_MISMATCH request=RequestId(27) generated=5 expected=41863 actual=9612 greedy=false pure_decode=true
FLASHINFER_TOKEN_MISMATCH request=RequestId(28) generated=8 expected=3297 actual=43179 greedy=false pure_decode=true
FLASHINFER_TOKEN_MISMATCH request=RequestId(29) generated=8 expected=3297 actual=43179 greedy=false pure_decode=true
FLASHINFER_TOKEN_MISMATCH request=RequestId(30) generated=5 expected=41863 actual=9612 greedy=false pure_decode=true
FLASHINFER_TOKEN_MISMATCH request=RequestId(31) generated=7 expected=6549 actual=7866 greedy=false pure_decode=true
FLASHINFER_TOKEN_MISMATCH request=RequestId(32) generated=7 expected=6549 actual=7866 greedy=false pure_decode=true
FLASHINFER_TOKEN_MISMATCH request=RequestId(20) generated=12 expected=314 actual=2345 greedy=true pure_decode=true
FLASHINFER_TOKEN_MISMATCH request=RequestId(21) generated=6 expected=41480 actual=874 greedy=true pure_decode=true
FLASHINFER_TOKEN_MISMATCH request=RequestId(22) generated=11 expected=4771 actual=27603 greedy=true pure_decode=true
FLASHINFER_TOKEN_MISMATCH request=RequestId(23) generated=11 expected=4771 actual=27603 greedy=true pure_decode=true
FLASHINFER_TOKEN_MISMATCH request=RequestId(24) generated=6 expected=41480 actual=874 greedy=true pure_decode=true
FLASHINFER_TOKEN_MISMATCH request=RequestId(25) generated=10 expected=378 actual=9612 greedy=true pure_decode=true
FLASHINFER_TOKEN_MISMATCH request=RequestId(26) generated=10 expected=378 actual=9612 greedy=true pure_decode=true
FLASHINFER_TOKEN_MISMATCH request=RequestId(27) generated=6 expected=41480 actual=874 greedy=true pure_decode=true
FLASHINFER_TOKEN_MISMATCH request=RequestId(28) generated=9 expected=476 actual=9612 greedy=true pure_decode=true
FLASHINFER_TOKEN_MISMATCH request=RequestId(29) generated=9 expected=476 actual=9612 greedy=true pure_decode=true
FLASHINFER_TOKEN_MISMATCH request=RequestId(30) generated=6 expected=41480 actual=874 greedy=true pure_decode=true
FLASHINFER_TOKEN_MISMATCH request=RequestId(31) generated=8 expected=3297 actual=43179 greedy=true pure_decode=true
FLASHINFER_TOKEN_MISMATCH request=RequestId(32) generated=8 expected=3297 actual=43179 greedy=true pure_decode=true
FLASHINFER_TOKEN_MISMATCH request=RequestId(20) generated=13 expected=253 actual=260 greedy=true pure_decode=true
FLASHINFER_TOKEN_MISMATCH request=RequestId(21) generated=7 expected=6549 actual=7866 greedy=true pure_decode=true
FLASHINFER_TOKEN_MISMATCH request=RequestId(22) generated=12 expected=314 actual=28 greedy=true pure_decode=true
FLASHINFER_TOKEN_MISMATCH request=RequestId(23) generated=12 expected=314 actual=28 greedy=true pure_decode=true
FLASHINFER_TOKEN_MISMATCH request=RequestId(24) generated=7 expected=6549 actual=7866 greedy=true pure_decode=true
FLASHINFER_TOKEN_MISMATCH request=RequestId(25) generated=11 expected=4771 actual=27603 greedy=true pure_decode=true
FLASHINFER_TOKEN_MISMATCH request=RequestId(26) generated=11 expected=4771 actual=27603 greedy=true pure_decode=true
FLASHINFER_TOKEN_MISMATCH request=RequestId(27) generated=7 expected=6549 actual=7866 greedy=true pure_decode=true
FLASHINFER_TOKEN_MISMATCH request=RequestId(28) generated=10 expected=378 actual=9612 greedy=true pure_decode=true
FLASHINFER_TOKEN_MISMATCH request=RequestId(29) generated=10 expected=378 actual=9612 greedy=true pure_decode=true
FLASHINFER_TOKEN_MISMATCH request=RequestId(30) generated=7 expected=6549 actual=7866 greedy=true pure_decode=true
FLASHINFER_TOKEN_MISMATCH request=RequestId(31) generated=9 expected=476 actual=9612 greedy=true pure_decode=true
FLASHINFER_TOKEN_MISMATCH request=RequestId(32) generated=9 expected=476 actual=9612 greedy=true pure_decode=true
FLASHINFER_TOKEN_MISMATCH request=RequestId(20) generated=14 expected=1123 actual=1246 greedy=false pure_decode=true
FLASHINFER_TOKEN_MISMATCH request=RequestId(21) generated=8 expected=3297 actual=43179 greedy=false pure_decode=true
FLASHINFER_TOKEN_MISMATCH request=RequestId(22) generated=13 expected=253 actual=34304 greedy=false pure_decode=true
FLASHINFER_TOKEN_MISMATCH request=RequestId(23) generated=13 expected=253 actual=34304 greedy=false pure_decode=true
FLASHINFER_TOKEN_MISMATCH request=RequestId(24) generated=8 expected=3297 actual=43179 greedy=false pure_decode=true
FLASHINFER_TOKEN_MISMATCH request=RequestId(25) generated=12 expected=314 actual=28 greedy=false pure_decode=true
FLASHINFER_TOKEN_MISMATCH request=RequestId(26) generated=12 expected=314 actual=28 greedy=false pure_decode=true
FLASHINFER_TOKEN_MISMATCH request=RequestId(27) generated=8 expected=3297 actual=43179 greedy=false pure_decode=true
FLASHINFER_TOKEN_MISMATCH request=RequestId(28) generated=11 expected=4771 actual=27603 greedy=false pure_decode=true
FLASHINFER_TOKEN_MISMATCH request=RequestId(29) generated=11 expected=4771 actual=27603 greedy=false pure_decode=true
FLASHINFER_TOKEN_MISMATCH request=RequestId(30) generated=8 expected=3297 actual=43179 greedy=false pure_decode=true
FLASHINFER_TOKEN_MISMATCH request=RequestId(31) generated=10 expected=378 actual=9612 greedy=false pure_decode=true
FLASHINFER_TOKEN_MISMATCH request=RequestId(32) generated=10 expected=378 actual=9612 greedy=false pure_decode=true
FLASHINFER_TOKEN_MISMATCH request=RequestId(20) generated=15 expected=1183 actual=12318 greedy=true pure_decode=true
FLASHINFER_TOKEN_MISMATCH request=RequestId(21) generated=9 expected=476 actual=9612 greedy=true pure_decode=true
FLASHINFER_TOKEN_MISMATCH request=RequestId(22) generated=14 expected=1123 actual=450 greedy=true pure_decode=true
FLASHINFER_TOKEN_MISMATCH request=RequestId(23) generated=14 expected=1123 actual=450 greedy=true pure_decode=true
FLASHINFER_TOKEN_MISMATCH request=RequestId(24) generated=9 expected=476 actual=9612 greedy=true pure_decode=true
FLASHINFER_TOKEN_MISMATCH request=RequestId(25) generated=13 expected=253 actual=34304 greedy=true pure_decode=true
FLASHINFER_TOKEN_MISMATCH request=RequestId(26) generated=13 expected=253 actual=34304 greedy=true pure_decode=true
FLASHINFER_TOKEN_MISMATCH request=RequestId(27) generated=9 expected=476 actual=9612 greedy=true pure_decode=true
FLASHINFER_TOKEN_MISMATCH request=RequestId(28) generated=12 expected=314 actual=28 greedy=true pure_decode=true
FLASHINFER_TOKEN_MISMATCH request=RequestId(29) generated=12 expected=314 actual=28 greedy=true pure_decode=true
FLASHINFER_TOKEN_MISMATCH request=RequestId(30) generated=9 expected=476 actual=9612 greedy=true pure_decode=true
FLASHINFER_TOKEN_MISMATCH request=RequestId(31) generated=11 expected=4771 actual=27603 greedy=true pure_decode=true
FLASHINFER_TOKEN_MISMATCH request=RequestId(32) generated=11 expected=4771 actual=27603 greedy=true pure_decode=true
FLASHINFER_TOKEN_MISMATCH request=RequestId(21) generated=10 expected=378 actual=9612 greedy=true pure_decode=true
FLASHINFER_TOKEN_MISMATCH request=RequestId(22) generated=15 expected=1183 actual=793 greedy=true pure_decode=true
FLASHINFER_TOKEN_MISMATCH request=RequestId(23) generated=15 expected=1183 actual=793 greedy=true pure_decode=true
FLASHINFER_TOKEN_MISMATCH request=RequestId(24) generated=10 expected=378 actual=9612 greedy=true pure_decode=true
FLASHINFER_TOKEN_MISMATCH request=RequestId(25) generated=14 expected=1123 actual=450 greedy=true pure_decode=true
FLASHINFER_TOKEN_MISMATCH request=RequestId(26) generated=14 expected=1123 actual=450 greedy=true pure_decode=true
FLASHINFER_TOKEN_MISMATCH request=RequestId(27) generated=10 expected=378 actual=9612 greedy=true pure_decode=true
FLASHINFER_TOKEN_MISMATCH request=RequestId(28) generated=13 expected=253 actual=34304 greedy=true pure_decode=true
FLASHINFER_TOKEN_MISMATCH request=RequestId(29) generated=13 expected=253 actual=34304 greedy=true pure_decode=true
FLASHINFER_TOKEN_MISMATCH request=RequestId(30) generated=10 expected=378 actual=9612 greedy=true pure_decode=true
FLASHINFER_TOKEN_MISMATCH request=RequestId(31) generated=12 expected=314 actual=28 greedy=true pure_decode=true
FLASHINFER_TOKEN_MISMATCH request=RequestId(32) generated=12 expected=314 actual=28 greedy=true pure_decode=true
FLASHINFER_TOKEN_MISMATCH request=RequestId(21) generated=11 expected=4771 actual=27603 greedy=false pure_decode=true
FLASHINFER_TOKEN_MISMATCH request=RequestId(22) generated=16 expected=282 actual=35603 greedy=false pure_decode=true
FLASHINFER_TOKEN_MISMATCH request=RequestId(23) generated=16 expected=282 actual=35603 greedy=false pure_decode=true
FLASHINFER_TOKEN_MISMATCH request=RequestId(24) generated=11 expected=4771 actual=27603 greedy=false pure_decode=true
FLASHINFER_TOKEN_MISMATCH request=RequestId(25) generated=15 expected=1183 actual=793 greedy=false pure_decode=true
FLASHINFER_TOKEN_MISMATCH request=RequestId(26) generated=15 expected=1183 actual=793 greedy=false pure_decode=true
FLASHINFER_TOKEN_MISMATCH request=RequestId(27) generated=11 expected=4771 actual=27603 greedy=false pure_decode=true
FLASHINFER_TOKEN_MISMATCH request=RequestId(28) generated=14 expected=1123 actual=450 greedy=false pure_decode=true
FLASHINFER_TOKEN_MISMATCH request=RequestId(29) generated=14 expected=1123 actual=450 greedy=false pure_decode=true
FLASHINFER_TOKEN_MISMATCH request=RequestId(30) generated=11 expected=4771 actual=27603 greedy=false pure_decode=true
FLASHINFER_TOKEN_MISMATCH request=RequestId(31) generated=13 expected=253 actual=34304 greedy=false pure_decode=true
FLASHINFER_TOKEN_MISMATCH request=RequestId(32) generated=13 expected=253 actual=34304 greedy=false pure_decode=true
FLASHINFER_TOKEN_MISMATCH request=RequestId(20) generated=18 expected=1502 actual=1079 greedy=true pure_decode=true
FLASHINFER_TOKEN_MISMATCH request=RequestId(21) generated=12 expected=314 actual=28 greedy=true pure_decode=true
FLASHINFER_TOKEN_MISMATCH request=RequestId(22) generated=17 expected=260 actual=30 greedy=true pure_decode=true
FLASHINFER_TOKEN_MISMATCH request=RequestId(23) generated=17 expected=260 actual=30 greedy=true pure_decode=true
FLASHINFER_TOKEN_MISMATCH request=RequestId(24) generated=12 expected=314 actual=28 greedy=true pure_decode=true
FLASHINFER_TOKEN_MISMATCH request=RequestId(25) generated=16 expected=282 actual=35603 greedy=true pure_decode=true
FLASHINFER_TOKEN_MISMATCH request=RequestId(26) generated=16 expected=282 actual=35603 greedy=true pure_decode=true
FLASHINFER_TOKEN_MISMATCH request=RequestId(27) generated=12 expected=314 actual=28 greedy=true pure_decode=true
FLASHINFER_TOKEN_MISMATCH request=RequestId(28) generated=15 expected=1183 actual=793 greedy=true pure_decode=true
FLASHINFER_TOKEN_MISMATCH request=RequestId(29) generated=15 expected=1183 actual=793 greedy=true pure_decode=true
FLASHINFER_TOKEN_MISMATCH request=RequestId(30) generated=12 expected=314 actual=28 greedy=true pure_decode=true
FLASHINFER_TOKEN_MISMATCH request=RequestId(31) generated=14 expected=1123 actual=450 greedy=true pure_decode=true
FLASHINFER_TOKEN_MISMATCH request=RequestId(32) generated=14 expected=1123 actual=450 greedy=true pure_decode=true
FLASHINFER_TOKEN_MISMATCH request=RequestId(20) generated=19 expected=282 actual=1325 greedy=true pure_decode=true
FLASHINFER_TOKEN_MISMATCH request=RequestId(21) generated=13 expected=253 actual=34304 greedy=true pure_decode=true
FLASHINFER_TOKEN_MISMATCH request=RequestId(22) generated=18 expected=1502 actual=3533 greedy=true pure_decode=true
FLASHINFER_TOKEN_MISMATCH request=RequestId(23) generated=18 expected=1502 actual=3533 greedy=true pure_decode=true
FLASHINFER_TOKEN_MISMATCH request=RequestId(24) generated=13 expected=253 actual=34304 greedy=true pure_decode=true
FLASHINFER_TOKEN_MISMATCH request=RequestId(25) generated=17 expected=260 actual=30 greedy=true pure_decode=true
FLASHINFER_TOKEN_MISMATCH request=RequestId(26) generated=17 expected=260 actual=30 greedy=true pure_decode=true
FLASHINFER_TOKEN_MISMATCH request=RequestId(27) generated=13 expected=253 actual=34304 greedy=true pure_decode=true
FLASHINFER_TOKEN_MISMATCH request=RequestId(28) generated=16 expected=282 actual=35603 greedy=true pure_decode=true
FLASHINFER_TOKEN_MISMATCH request=RequestId(29) generated=16 expected=282 actual=35603 greedy=true pure_decode=true
FLASHINFER_TOKEN_MISMATCH request=RequestId(30) generated=13 expected=253 actual=34304 greedy=true pure_decode=true
FLASHINFER_TOKEN_MISMATCH request=RequestId(31) generated=15 expected=1183 actual=793 greedy=true pure_decode=true
FLASHINFER_TOKEN_MISMATCH request=RequestId(32) generated=15 expected=1183 actual=793 greedy=true pure_decode=true
FLASHINFER_TOKEN_MISMATCH request=RequestId(20) generated=20 expected=23399 actual=260 greedy=false pure_decode=true
FLASHINFER_TOKEN_MISMATCH request=RequestId(21) generated=14 expected=1123 actual=450 greedy=false pure_decode=true
FLASHINFER_TOKEN_MISMATCH request=RequestId(22) generated=19 expected=282 actual=30 greedy=false pure_decode=true
FLASHINFER_TOKEN_MISMATCH request=RequestId(23) generated=19 expected=282 actual=30 greedy=false pure_decode=true
FLASHINFER_TOKEN_MISMATCH request=RequestId(24) generated=14 expected=1123 actual=450 greedy=false pure_decode=true
FLASHINFER_TOKEN_MISMATCH request=RequestId(25) generated=18 expected=1502 actual=3533 greedy=false pure_decode=true
FLASHINFER_TOKEN_MISMATCH request=RequestId(26) generated=18 expected=1502 actual=3533 greedy=false pure_decode=true
FLASHINFER_TOKEN_MISMATCH request=RequestId(27) generated=14 expected=1123 actual=450 greedy=false pure_decode=true
FLASHINFER_TOKEN_MISMATCH request=RequestId(28) generated=17 expected=260 actual=30 greedy=false pure_decode=true
FLASHINFER_TOKEN_MISMATCH request=RequestId(29) generated=17 expected=260 actual=30 greedy=false pure_decode=true
FLASHINFER_TOKEN_MISMATCH request=RequestId(30) generated=14 expected=1123 actual=450 greedy=false pure_decode=true
FLASHINFER_TOKEN_MISMATCH request=RequestId(31) generated=16 expected=282 actual=35603 greedy=false pure_decode=true
FLASHINFER_TOKEN_MISMATCH request=RequestId(32) generated=16 expected=282 actual=35603 greedy=false pure_decode=true
FLASHINFER_TOKEN_MISMATCH request=RequestId(20) generated=21 expected=338 actual=282 greedy=true pure_decode=true
FLASHINFER_TOKEN_MISMATCH request=RequestId(21) generated=15 expected=1183 actual=793 greedy=true pure_decode=true
FLASHINFER_TOKEN_MISMATCH request=RequestId(22) generated=20 expected=23399 actual=30 greedy=true pure_decode=true
FLASHINFER_TOKEN_MISMATCH request=RequestId(23) generated=20 expected=23399 actual=30 greedy=true pure_decode=true
FLASHINFER_TOKEN_MISMATCH request=RequestId(24) generated=15 expected=1183 actual=793 greedy=true pure_decode=true
FLASHINFER_TOKEN_MISMATCH request=RequestId(25) generated=19 expected=282 actual=30 greedy=true pure_decode=true
FLASHINFER_TOKEN_MISMATCH request=RequestId(26) generated=19 expected=282 actual=30 greedy=true pure_decode=true
FLASHINFER_TOKEN_MISMATCH request=RequestId(27) generated=15 expected=1183 actual=793 greedy=true pure_decode=true
FLASHINFER_TOKEN_MISMATCH request=RequestId(28) generated=18 expected=1502 actual=3533 greedy=true pure_decode=true
FLASHINFER_TOKEN_MISMATCH request=RequestId(29) generated=18 expected=1502 actual=3533 greedy=true pure_decode=true
FLASHINFER_TOKEN_MISMATCH request=RequestId(30) generated=15 expected=1183 actual=793 greedy=true pure_decode=true
FLASHINFER_TOKEN_MISMATCH request=RequestId(31) generated=17 expected=260 actual=30 greedy=true pure_decode=true
FLASHINFER_TOKEN_MISMATCH request=RequestId(32) generated=17 expected=260 actual=30 greedy=true pure_decode=true
FLASHINFER_TOKEN_MISMATCH request=RequestId(20) generated=22 expected=314 actual=260 greedy=true pure_decode=true
FLASHINFER_TOKEN_MISMATCH request=RequestId(21) generated=16 expected=282 actual=35603 greedy=true pure_decode=true
FLASHINFER_TOKEN_MISMATCH request=RequestId(22) generated=21 expected=338 actual=436 greedy=true pure_decode=true
FLASHINFER_TOKEN_MISMATCH request=RequestId(23) generated=21 expected=338 actual=436 greedy=true pure_decode=true
FLASHINFER_TOKEN_MISMATCH request=RequestId(24) generated=16 expected=282 actual=35603 greedy=true pure_decode=true
FLASHINFER_TOKEN_MISMATCH request=RequestId(25) generated=20 expected=23399 actual=30 greedy=true pure_decode=true
FLASHINFER_TOKEN_MISMATCH request=RequestId(26) generated=20 expected=23399 actual=30 greedy=true pure_decode=true
FLASHINFER_TOKEN_MISMATCH request=RequestId(27) generated=16 expected=282 actual=35603 greedy=true pure_decode=true
FLASHINFER_TOKEN_MISMATCH request=RequestId(28) generated=19 expected=282 actual=30 greedy=true pure_decode=true
FLASHINFER_TOKEN_MISMATCH request=RequestId(29) generated=19 expected=282 actual=30 greedy=true pure_decode=true
FLASHINFER_TOKEN_MISMATCH request=RequestId(30) generated=16 expected=282 actual=35603 greedy=true pure_decode=true
FLASHINFER_TOKEN_MISMATCH request=RequestId(31) generated=18 expected=1502 actual=3533 greedy=true pure_decode=true
FLASHINFER_TOKEN_MISMATCH request=RequestId(32) generated=18 expected=1502 actual=3533 greedy=true pure_decode=true
FLASHINFER_TOKEN_MISMATCH request=RequestId(20) generated=23 expected=1129 actual=260 greedy=false pure_decode=true
FLASHINFER_TOKEN_MISMATCH request=RequestId(21) generated=17 expected=260 actual=30 greedy=false pure_decode=true
FLASHINFER_TOKEN_MISMATCH request=RequestId(22) generated=22 expected=314 actual=30 greedy=false pure_decode=true
FLASHINFER_TOKEN_MISMATCH request=RequestId(23) generated=22 expected=314 actual=30 greedy=false pure_decode=true
FLASHINFER_TOKEN_MISMATCH request=RequestId(24) generated=17 expected=260 actual=30 greedy=false pure_decode=true
FLASHINFER_TOKEN_MISMATCH request=RequestId(25) generated=21 expected=338 actual=436 greedy=false pure_decode=true
FLASHINFER_TOKEN_MISMATCH request=RequestId(26) generated=21 expected=338 actual=436 greedy=false pure_decode=true
FLASHINFER_TOKEN_MISMATCH request=RequestId(27) generated=17 expected=260 actual=30 greedy=false pure_decode=true
FLASHINFER_TOKEN_MISMATCH request=RequestId(28) generated=20 expected=23399 actual=30 greedy=false pure_decode=true
FLASHINFER_TOKEN_MISMATCH request=RequestId(29) generated=20 expected=23399 actual=30 greedy=false pure_decode=true
FLASHINFER_TOKEN_MISMATCH request=RequestId(30) generated=17 expected=260 actual=30 greedy=false pure_decode=true
FLASHINFER_TOKEN_MISMATCH request=RequestId(31) generated=19 expected=282 actual=30 greedy=false pure_decode=true
FLASHINFER_TOKEN_MISMATCH request=RequestId(32) generated=19 expected=282 actual=30 greedy=false pure_decode=true
FLASHINFER_TOKEN_MISMATCH request=RequestId(20) generated=24 expected=983 actual=139 greedy=true pure_decode=true
FLASHINFER_TOKEN_MISMATCH request=RequestId(21) generated=18 expected=1502 actual=3533 greedy=true pure_decode=true
FLASHINFER_TOKEN_MISMATCH request=RequestId(22) generated=23 expected=1129 actual=34304 greedy=true pure_decode=true
FLASHINFER_TOKEN_MISMATCH request=RequestId(23) generated=23 expected=1129 actual=34304 greedy=true pure_decode=true
FLASHINFER_TOKEN_MISMATCH request=RequestId(24) generated=18 expected=1502 actual=3533 greedy=true pure_decode=true
FLASHINFER_TOKEN_MISMATCH request=RequestId(25) generated=22 expected=314 actual=30 greedy=true pure_decode=true
FLASHINFER_TOKEN_MISMATCH request=RequestId(26) generated=22 expected=314 actual=30 greedy=true pure_decode=true
FLASHINFER_TOKEN_MISMATCH request=RequestId(27) generated=18 expected=1502 actual=3533 greedy=true pure_decode=true
FLASHINFER_TOKEN_MISMATCH request=RequestId(28) generated=21 expected=338 actual=436 greedy=true pure_decode=true
FLASHINFER_TOKEN_MISMATCH request=RequestId(29) generated=21 expected=338 actual=436 greedy=true pure_decode=true
FLASHINFER_TOKEN_MISMATCH request=RequestId(30) generated=18 expected=1502 actual=3533 greedy=true pure_decode=true
FLASHINFER_TOKEN_MISMATCH request=RequestId(31) generated=20 expected=23399 actual=30 greedy=true pure_decode=true
FLASHINFER_TOKEN_MISMATCH request=RequestId(32) generated=20 expected=23399 actual=30 greedy=true pure_decode=true
FLASHINFER_TOKEN_MISMATCH request=RequestId(20) generated=25 expected=281 actual=30791 greedy=true pure_decode=true
FLASHINFER_TOKEN_MISMATCH request=RequestId(21) generated=19 expected=282 actual=30 greedy=true pure_decode=true
FLASHINFER_TOKEN_MISMATCH request=RequestId(22) generated=24 expected=983 actual=9612 greedy=true pure_decode=true
FLASHINFER_TOKEN_MISMATCH request=RequestId(23) generated=24 expected=983 actual=9612 greedy=true pure_decode=true
FLASHINFER_TOKEN_MISMATCH request=RequestId(24) generated=19 expected=282 actual=30 greedy=true pure_decode=true
FLASHINFER_TOKEN_MISMATCH request=RequestId(25) generated=23 expected=1129 actual=34304 greedy=true pure_decode=true
FLASHINFER_TOKEN_MISMATCH request=RequestId(26) generated=23 expected=1129 actual=34304 greedy=true pure_decode=true
FLASHINFER_TOKEN_MISMATCH request=RequestId(27) generated=19 expected=282 actual=30 greedy=true pure_decode=true
FLASHINFER_TOKEN_MISMATCH request=RequestId(28) generated=22 expected=314 actual=30 greedy=true pure_decode=true
FLASHINFER_TOKEN_MISMATCH request=RequestId(29) generated=22 expected=314 actual=30 greedy=true pure_decode=true
FLASHINFER_TOKEN_MISMATCH request=RequestId(30) generated=19 expected=282 actual=30 greedy=true pure_decode=true
FLASHINFER_TOKEN_MISMATCH request=RequestId(31) generated=21 expected=338 actual=436 greedy=true pure_decode=true
FLASHINFER_TOKEN_MISMATCH request=RequestId(32) generated=21 expected=338 actual=436 greedy=true pure_decode=true
FLASHINFER_TOKEN_MISMATCH request=RequestId(20) generated=26 expected=260 actual=2581 greedy=false pure_decode=true
FLASHINFER_TOKEN_MISMATCH request=RequestId(21) generated=20 expected=23399 actual=30 greedy=false pure_decode=true
FLASHINFER_TOKEN_MISMATCH request=RequestId(22) generated=25 expected=281 actual=1766 greedy=false pure_decode=true
FLASHINFER_TOKEN_MISMATCH request=RequestId(23) generated=25 expected=281 actual=1766 greedy=false pure_decode=true
FLASHINFER_TOKEN_MISMATCH request=RequestId(24) generated=20 expected=23399 actual=30 greedy=false pure_decode=true
FLASHINFER_TOKEN_MISMATCH request=RequestId(25) generated=24 expected=983 actual=9612 greedy=false pure_decode=true
FLASHINFER_TOKEN_MISMATCH request=RequestId(26) generated=24 expected=983 actual=9612 greedy=false pure_decode=true
FLASHINFER_TOKEN_MISMATCH request=RequestId(27) generated=20 expected=23399 actual=30 greedy=false pure_decode=true
FLASHINFER_TOKEN_MISMATCH request=RequestId(28) generated=23 expected=1129 actual=34304 greedy=false pure_decode=true
FLASHINFER_TOKEN_MISMATCH request=RequestId(29) generated=23 expected=1129 actual=34304 greedy=false pure_decode=true
FLASHINFER_TOKEN_MISMATCH request=RequestId(30) generated=20 expected=23399 actual=30 greedy=false pure_decode=true
FLASHINFER_TOKEN_MISMATCH request=RequestId(31) generated=22 expected=314 actual=30 greedy=false pure_decode=true
FLASHINFER_TOKEN_MISMATCH request=RequestId(32) generated=22 expected=314 actual=30 greedy=false pure_decode=true
FLASHINFER_TOKEN_MISMATCH request=RequestId(20) generated=27 expected=9411 actual=141 greedy=true pure_decode=true
FLASHINFER_TOKEN_MISMATCH request=RequestId(21) generated=21 expected=338 actual=436 greedy=true pure_decode=true
FLASHINFER_TOKEN_MISMATCH request=RequestId(22) generated=26 expected=260 actual=6395 greedy=true pure_decode=true
FLASHINFER_TOKEN_MISMATCH request=RequestId(23) generated=26 expected=260 actual=6395 greedy=true pure_decode=true
FLASHINFER_TOKEN_MISMATCH request=RequestId(24) generated=21 expected=338 actual=436 greedy=true pure_decode=true
FLASHINFER_TOKEN_MISMATCH request=RequestId(25) generated=25 expected=281 actual=1766 greedy=true pure_decode=true
FLASHINFER_TOKEN_MISMATCH request=RequestId(26) generated=25 expected=281 actual=1766 greedy=true pure_decode=true
FLASHINFER_TOKEN_MISMATCH request=RequestId(27) generated=21 expected=338 actual=436 greedy=true pure_decode=true
FLASHINFER_TOKEN_MISMATCH request=RequestId(28) generated=24 expected=983 actual=9612 greedy=true pure_decode=true
FLASHINFER_TOKEN_MISMATCH request=RequestId(29) generated=24 expected=983 actual=9612 greedy=true pure_decode=true
FLASHINFER_TOKEN_MISMATCH request=RequestId(30) generated=21 expected=338 actual=436 greedy=true pure_decode=true
FLASHINFER_TOKEN_MISMATCH request=RequestId(31) generated=23 expected=1129 actual=34304 greedy=true pure_decode=true
FLASHINFER_TOKEN_MISMATCH request=RequestId(32) generated=23 expected=1129 actual=34304 greedy=true pure_decode=true
FLASHINFER_TOKEN_MISMATCH request=RequestId(20) generated=28 expected=282 actual=30 greedy=true pure_decode=true
FLASHINFER_TOKEN_MISMATCH request=RequestId(21) generated=22 expected=314 actual=30 greedy=true pure_decode=true
FLASHINFER_TOKEN_MISMATCH request=RequestId(22) generated=27 expected=9411 actual=3533 greedy=true pure_decode=true
FLASHINFER_TOKEN_MISMATCH request=RequestId(23) generated=27 expected=9411 actual=3533 greedy=true pure_decode=true
FLASHINFER_TOKEN_MISMATCH request=RequestId(24) generated=22 expected=314 actual=30 greedy=true pure_decode=true
FLASHINFER_TOKEN_MISMATCH request=RequestId(25) generated=26 expected=260 actual=6395 greedy=true pure_decode=true
FLASHINFER_TOKEN_MISMATCH request=RequestId(26) generated=26 expected=260 actual=6395 greedy=true pure_decode=true
FLASHINFER_TOKEN_MISMATCH request=RequestId(27) generated=22 expected=314 actual=30 greedy=true pure_decode=true
FLASHINFER_TOKEN_MISMATCH request=RequestId(28) generated=25 expected=281 actual=1766 greedy=true pure_decode=true
FLASHINFER_TOKEN_MISMATCH request=RequestId(29) generated=25 expected=281 actual=1766 greedy=true pure_decode=true
FLASHINFER_TOKEN_MISMATCH request=RequestId(30) generated=22 expected=314 actual=30 greedy=true pure_decode=true
FLASHINFER_TOKEN_MISMATCH request=RequestId(31) generated=24 expected=983 actual=9612 greedy=true pure_decode=true
FLASHINFER_TOKEN_MISMATCH request=RequestId(32) generated=24 expected=983 actual=9612 greedy=true pure_decode=true
FLASHINFER_TOKEN_MISMATCH request=RequestId(20) generated=29 expected=260 actual=30791 greedy=false pure_decode=true
FLASHINFER_TOKEN_MISMATCH request=RequestId(21) generated=23 expected=1129 actual=34304 greedy=false pure_decode=true
FLASHINFER_TOKEN_MISMATCH request=RequestId(22) generated=28 expected=282 actual=22004 greedy=false pure_decode=true
FLASHINFER_TOKEN_MISMATCH request=RequestId(23) generated=28 expected=282 actual=22004 greedy=false pure_decode=true
FLASHINFER_TOKEN_MISMATCH request=RequestId(24) generated=23 expected=1129 actual=34304 greedy=false pure_decode=true
FLASHINFER_TOKEN_MISMATCH request=RequestId(25) generated=27 expected=9411 actual=3533 greedy=false pure_decode=true
FLASHINFER_TOKEN_MISMATCH request=RequestId(26) generated=27 expected=9411 actual=3533 greedy=false pure_decode=true
FLASHINFER_TOKEN_MISMATCH request=RequestId(27) generated=23 expected=1129 actual=34304 greedy=false pure_decode=true
FLASHINFER_TOKEN_MISMATCH request=RequestId(28) generated=26 expected=260 actual=6395 greedy=false pure_decode=true
FLASHINFER_TOKEN_MISMATCH request=RequestId(29) generated=26 expected=260 actual=6395 greedy=false pure_decode=true
FLASHINFER_TOKEN_MISMATCH request=RequestId(30) generated=23 expected=1129 actual=34304 greedy=false pure_decode=true
FLASHINFER_TOKEN_MISMATCH request=RequestId(31) generated=25 expected=281 actual=1766 greedy=false pure_decode=true
FLASHINFER_TOKEN_MISMATCH request=RequestId(32) generated=25 expected=281 actual=1766 greedy=false pure_decode=true
FLASHINFER_TOKEN_MISMATCH request=RequestId(19) generated=30 expected=216 actual=1843 greedy=true pure_decode=true
FLASHINFER_TOKEN_MISMATCH request=RequestId(20) generated=30 expected=216 actual=3533 greedy=true pure_decode=true
FLASHINFER_TOKEN_MISMATCH request=RequestId(21) generated=24 expected=983 actual=9612 greedy=true pure_decode=true
FLASHINFER_TOKEN_MISMATCH request=RequestId(22) generated=29 expected=260 actual=30 greedy=true pure_decode=true
FLASHINFER_TOKEN_MISMATCH request=RequestId(23) generated=29 expected=260 actual=30 greedy=true pure_decode=true
FLASHINFER_TOKEN_MISMATCH request=RequestId(24) generated=24 expected=983 actual=9612 greedy=true pure_decode=true
FLASHINFER_TOKEN_MISMATCH request=RequestId(25) generated=28 expected=282 actual=22004 greedy=true pure_decode=true
FLASHINFER_TOKEN_MISMATCH request=RequestId(26) generated=28 expected=282 actual=22004 greedy=true pure_decode=true
FLASHINFER_TOKEN_MISMATCH request=RequestId(27) generated=24 expected=983 actual=9612 greedy=true pure_decode=true
FLASHINFER_TOKEN_MISMATCH request=RequestId(28) generated=27 expected=9411 actual=3533 greedy=true pure_decode=true
FLASHINFER_TOKEN_MISMATCH request=RequestId(29) generated=27 expected=9411 actual=3533 greedy=true pure_decode=true
FLASHINFER_TOKEN_MISMATCH request=RequestId(30) generated=24 expected=983 actual=9612 greedy=true pure_decode=true
FLASHINFER_TOKEN_MISMATCH request=RequestId(31) generated=26 expected=260 actual=6395 greedy=true pure_decode=true
FLASHINFER_TOKEN_MISMATCH request=RequestId(32) generated=26 expected=260 actual=6395 greedy=true pure_decode=true
FLASHINFER_TOKEN_MISMATCH request=RequestId(20) generated=31 expected=33 actual=38734 greedy=true pure_decode=true
FLASHINFER_TOKEN_MISMATCH request=RequestId(21) generated=25 expected=281 actual=1766 greedy=true pure_decode=true
FLASHINFER_TOKEN_MISMATCH request=RequestId(22) generated=30 expected=216 actual=3533 greedy=true pure_decode=true
FLASHINFER_TOKEN_MISMATCH request=RequestId(23) generated=30 expected=216 actual=3533 greedy=true pure_decode=true
FLASHINFER_TOKEN_MISMATCH request=RequestId(24) generated=25 expected=281 actual=1766 greedy=true pure_decode=true
FLASHINFER_TOKEN_MISMATCH request=RequestId(25) generated=29 expected=260 actual=30 greedy=true pure_decode=true
FLASHINFER_TOKEN_MISMATCH request=RequestId(26) generated=29 expected=260 actual=30 greedy=true pure_decode=true
FLASHINFER_TOKEN_MISMATCH request=RequestId(27) generated=25 expected=281 actual=1766 greedy=true pure_decode=true
FLASHINFER_TOKEN_MISMATCH request=RequestId(28) generated=28 expected=282 actual=22004 greedy=true pure_decode=true
FLASHINFER_TOKEN_MISMATCH request=RequestId(29) generated=28 expected=282 actual=22004 greedy=true pure_decode=true
FLASHINFER_TOKEN_MISMATCH request=RequestId(30) generated=25 expected=281 actual=1766 greedy=true pure_decode=true
FLASHINFER_TOKEN_MISMATCH request=RequestId(31) generated=27 expected=9411 actual=3533 greedy=true pure_decode=true
FLASHINFER_TOKEN_MISMATCH request=RequestId(32) generated=27 expected=9411 actual=3533 greedy=true pure_decode=true
FLASHINFER_TOKEN_MISMATCH request=RequestId(19) generated=32 expected=41 actual=32 greedy=false pure_decode=true
FLASHINFER_TOKEN_MISMATCH request=RequestId(20) generated=32 expected=41 actual=4274 greedy=false pure_decode=true
FLASHINFER_TOKEN_MISMATCH request=RequestId(21) generated=26 expected=260 actual=6395 greedy=false pure_decode=true
FLASHINFER_TOKEN_MISMATCH request=RequestId(22) generated=31 expected=33 actual=38734 greedy=false pure_decode=true
FLASHINFER_TOKEN_MISMATCH request=RequestId(23) generated=31 expected=33 actual=38734 greedy=false pure_decode=true
FLASHINFER_TOKEN_MISMATCH request=RequestId(24) generated=26 expected=260 actual=6395 greedy=false pure_decode=true
FLASHINFER_TOKEN_MISMATCH request=RequestId(25) generated=30 expected=216 actual=3533 greedy=false pure_decode=true
FLASHINFER_TOKEN_MISMATCH request=RequestId(26) generated=30 expected=216 actual=3533 greedy=false pure_decode=true
FLASHINFER_TOKEN_MISMATCH request=RequestId(27) generated=26 expected=260 actual=6395 greedy=false pure_decode=true
FLASHINFER_TOKEN_MISMATCH request=RequestId(28) generated=29 expected=260 actual=30 greedy=false pure_decode=true
FLASHINFER_TOKEN_MISMATCH request=RequestId(29) generated=29 expected=260 actual=30 greedy=false pure_decode=true
FLASHINFER_TOKEN_MISMATCH request=RequestId(30) generated=26 expected=260 actual=6395 greedy=false pure_decode=true
FLASHINFER_TOKEN_MISMATCH request=RequestId(31) generated=28 expected=282 actual=22004 greedy=false pure_decode=true
FLASHINFER_TOKEN_MISMATCH request=RequestId(32) generated=28 expected=282 actual=22004 greedy=false pure_decode=true
FLASHINFER_TOKEN_MISMATCH request=RequestId(19) generated=33 expected=37 actual=18 greedy=true pure_decode=true
FLASHINFER_TOKEN_MISMATCH request=RequestId(20) generated=33 expected=37 actual=793 greedy=true pure_decode=true
FLASHINFER_TOKEN_MISMATCH request=RequestId(21) generated=27 expected=9411 actual=3533 greedy=true pure_decode=true
FLASHINFER_TOKEN_MISMATCH request=RequestId(22) generated=32 expected=41 actual=4274 greedy=true pure_decode=true
FLASHINFER_TOKEN_MISMATCH request=RequestId(23) generated=32 expected=41 actual=4274 greedy=true pure_decode=true
FLASHINFER_TOKEN_MISMATCH request=RequestId(24) generated=27 expected=9411 actual=3533 greedy=true pure_decode=true
FLASHINFER_TOKEN_MISMATCH request=RequestId(25) generated=31 expected=33 actual=38734 greedy=true pure_decode=true
FLASHINFER_TOKEN_MISMATCH request=RequestId(26) generated=31 expected=33 actual=38734 greedy=true pure_decode=true
FLASHINFER_TOKEN_MISMATCH request=RequestId(27) generated=27 expected=9411 actual=3533 greedy=true pure_decode=true
FLASHINFER_TOKEN_MISMATCH request=RequestId(28) generated=30 expected=216 actual=3533 greedy=true pure_decode=true
FLASHINFER_TOKEN_MISMATCH request=RequestId(29) generated=30 expected=216 actual=3533 greedy=true pure_decode=true
FLASHINFER_TOKEN_MISMATCH request=RequestId(30) generated=27 expected=9411 actual=3533 greedy=true pure_decode=true
FLASHINFER_TOKEN_MISMATCH request=RequestId(31) generated=29 expected=260 actual=30 greedy=true pure_decode=true
FLASHINFER_TOKEN_MISMATCH request=RequestId(32) generated=29 expected=260 actual=30 greedy=true pure_decode=true
FLASHINFER_TOKEN_MISMATCH request=RequestId(19) generated=34 expected=32 actual=1673 greedy=true pure_decode=true
FLASHINFER_TOKEN_MISMATCH request=RequestId(20) generated=34 expected=32 actual=3427 greedy=true pure_decode=true
FLASHINFER_TOKEN_MISMATCH request=RequestId(21) generated=28 expected=282 actual=22004 greedy=true pure_decode=true
FLASHINFER_TOKEN_MISMATCH request=RequestId(22) generated=33 expected=37 actual=793 greedy=true pure_decode=true
FLASHINFER_TOKEN_MISMATCH request=RequestId(23) generated=33 expected=37 actual=793 greedy=true pure_decode=true
FLASHINFER_TOKEN_MISMATCH request=RequestId(24) generated=28 expected=282 actual=22004 greedy=true pure_decode=true
FLASHINFER_TOKEN_MISMATCH request=RequestId(25) generated=32 expected=41 actual=4274 greedy=true pure_decode=true
FLASHINFER_TOKEN_MISMATCH request=RequestId(26) generated=32 expected=41 actual=4274 greedy=true pure_decode=true
FLASHINFER_TOKEN_MISMATCH request=RequestId(27) generated=28 expected=282 actual=22004 greedy=true pure_decode=true
FLASHINFER_TOKEN_MISMATCH request=RequestId(28) generated=31 expected=33 actual=38734 greedy=true pure_decode=true
FLASHINFER_TOKEN_MISMATCH request=RequestId(29) generated=31 expected=33 actual=38734 greedy=true pure_decode=true
FLASHINFER_TOKEN_MISMATCH request=RequestId(30) generated=28 expected=282 actual=22004 greedy=true pure_decode=true
FLASHINFER_TOKEN_MISMATCH request=RequestId(31) generated=30 expected=216 actual=3533 greedy=true pure_decode=true
FLASHINFER_TOKEN_MISMATCH request=RequestId(32) generated=30 expected=216 actual=3533 greedy=true pure_decode=true
FLASHINFER_TOKEN_MISMATCH request=RequestId(19) generated=35 expected=506 actual=14816 greedy=false pure_decode=true
FLASHINFER_TOKEN_MISMATCH request=RequestId(20) generated=35 expected=506 actual=32861 greedy=false pure_decode=true
FLASHINFER_TOKEN_MISMATCH request=RequestId(21) generated=29 expected=260 actual=30 greedy=false pure_decode=true
FLASHINFER_TOKEN_MISMATCH request=RequestId(22) generated=34 expected=32 actual=3427 greedy=false pure_decode=true
FLASHINFER_TOKEN_MISMATCH request=RequestId(23) generated=34 expected=32 actual=3427 greedy=false pure_decode=true
FLASHINFER_TOKEN_MISMATCH request=RequestId(24) generated=29 expected=260 actual=30 greedy=false pure_decode=true
FLASHINFER_TOKEN_MISMATCH request=RequestId(25) generated=33 expected=37 actual=793 greedy=false pure_decode=true
FLASHINFER_TOKEN_MISMATCH request=RequestId(26) generated=33 expected=37 actual=793 greedy=false pure_decode=true
FLASHINFER_TOKEN_MISMATCH request=RequestId(27) generated=29 expected=260 actual=30 greedy=false pure_decode=true
FLASHINFER_TOKEN_MISMATCH request=RequestId(28) generated=32 expected=41 actual=4274 greedy=false pure_decode=true
FLASHINFER_TOKEN_MISMATCH request=RequestId(29) generated=32 expected=41 actual=4274 greedy=false pure_decode=true
FLASHINFER_TOKEN_MISMATCH request=RequestId(30) generated=29 expected=260 actual=30 greedy=false pure_decode=true
FLASHINFER_TOKEN_MISMATCH request=RequestId(31) generated=31 expected=33 actual=38734 greedy=false pure_decode=true
FLASHINFER_TOKEN_MISMATCH request=RequestId(32) generated=31 expected=33 actual=38734 greedy=false pure_decode=true
FLASHINFER_TOKEN_MISMATCH request=RequestId(19) generated=36 expected=1673 actual=260 greedy=true pure_decode=true
FLASHINFER_TOKEN_MISMATCH request=RequestId(20) generated=36 expected=1673 actual=20642 greedy=true pure_decode=true
FLASHINFER_TOKEN_MISMATCH request=RequestId(21) generated=30 expected=216 actual=3533 greedy=true pure_decode=true
FLASHINFER_TOKEN_MISMATCH request=RequestId(22) generated=35 expected=506 actual=32861 greedy=true pure_decode=true
FLASHINFER_TOKEN_MISMATCH request=RequestId(23) generated=35 expected=506 actual=32861 greedy=true pure_decode=true
FLASHINFER_TOKEN_MISMATCH request=RequestId(24) generated=30 expected=216 actual=3533 greedy=true pure_decode=true
FLASHINFER_TOKEN_MISMATCH request=RequestId(25) generated=34 expected=32 actual=3427 greedy=true pure_decode=true
FLASHINFER_TOKEN_MISMATCH request=RequestId(26) generated=34 expected=32 actual=3427 greedy=true pure_decode=true
FLASHINFER_TOKEN_MISMATCH request=RequestId(27) generated=30 expected=216 actual=3533 greedy=true pure_decode=true
FLASHINFER_TOKEN_MISMATCH request=RequestId(28) generated=33 expected=37 actual=793 greedy=true pure_decode=true
FLASHINFER_TOKEN_MISMATCH request=RequestId(29) generated=33 expected=37 actual=793 greedy=true pure_decode=true
FLASHINFER_TOKEN_MISMATCH request=RequestId(30) generated=30 expected=216 actual=3533 greedy=true pure_decode=true
FLASHINFER_TOKEN_MISMATCH request=RequestId(31) generated=32 expected=41 actual=4274 greedy=true pure_decode=true
FLASHINFER_TOKEN_MISMATCH request=RequestId(32) generated=32 expected=41 actual=4274 greedy=true pure_decode=true
FLASHINFER_TOKEN_MISMATCH request=RequestId(19) generated=37 expected=378 actual=1673 greedy=true pure_decode=true
FLASHINFER_TOKEN_MISMATCH request=RequestId(20) generated=37 expected=378 actual=9612 greedy=true pure_decode=true
FLASHINFER_TOKEN_MISMATCH request=RequestId(21) generated=31 expected=33 actual=38734 greedy=true pure_decode=true
FLASHINFER_TOKEN_MISMATCH request=RequestId(22) generated=36 expected=1673 actual=20642 greedy=true pure_decode=true
FLASHINFER_TOKEN_MISMATCH request=RequestId(23) generated=36 expected=1673 actual=20642 greedy=true pure_decode=true
FLASHINFER_TOKEN_MISMATCH request=RequestId(24) generated=31 expected=33 actual=38734 greedy=true pure_decode=true
FLASHINFER_TOKEN_MISMATCH request=RequestId(25) generated=35 expected=506 actual=32861 greedy=true pure_decode=true
FLASHINFER_TOKEN_MISMATCH request=RequestId(26) generated=35 expected=506 actual=32861 greedy=true pure_decode=true
FLASHINFER_TOKEN_MISMATCH request=RequestId(27) generated=31 expected=33 actual=38734 greedy=true pure_decode=true
FLASHINFER_TOKEN_MISMATCH request=RequestId(28) generated=34 expected=32 actual=3427 greedy=true pure_decode=true
FLASHINFER_TOKEN_MISMATCH request=RequestId(29) generated=34 expected=32 actual=3427 greedy=true pure_decode=true
FLASHINFER_TOKEN_MISMATCH request=RequestId(30) generated=31 expected=33 actual=38734 greedy=true pure_decode=true
FLASHINFER_TOKEN_MISMATCH request=RequestId(31) generated=33 expected=37 actual=793 greedy=true pure_decode=true
FLASHINFER_TOKEN_MISMATCH request=RequestId(32) generated=33 expected=37 actual=793 greedy=true pure_decode=true
FLASHINFER_TOKEN_MISMATCH request=RequestId(19) generated=38 expected=3870 actual=26332 greedy=false pure_decode=true
FLASHINFER_TOKEN_MISMATCH request=RequestId(20) generated=38 expected=3870 actual=27603 greedy=false pure_decode=true
FLASHINFER_TOKEN_MISMATCH request=RequestId(21) generated=32 expected=41 actual=4274 greedy=false pure_decode=true
FLASHINFER_TOKEN_MISMATCH request=RequestId(22) generated=37 expected=378 actual=9612 greedy=false pure_decode=true
FLASHINFER_TOKEN_MISMATCH request=RequestId(23) generated=37 expected=378 actual=9612 greedy=false pure_decode=true
FLASHINFER_TOKEN_MISMATCH request=RequestId(24) generated=32 expected=41 actual=4274 greedy=false pure_decode=true
FLASHINFER_TOKEN_MISMATCH request=RequestId(25) generated=36 expected=1673 actual=20642 greedy=false pure_decode=true
FLASHINFER_TOKEN_MISMATCH request=RequestId(26) generated=36 expected=1673 actual=20642 greedy=false pure_decode=true
FLASHINFER_TOKEN_MISMATCH request=RequestId(27) generated=32 expected=41 actual=4274 greedy=false pure_decode=true
FLASHINFER_TOKEN_MISMATCH request=RequestId(28) generated=35 expected=506 actual=32861 greedy=false pure_decode=true
FLASHINFER_TOKEN_MISMATCH request=RequestId(29) generated=35 expected=506 actual=32861 greedy=false pure_decode=true
FLASHINFER_TOKEN_MISMATCH request=RequestId(30) generated=32 expected=41 actual=4274 greedy=false pure_decode=true
FLASHINFER_TOKEN_MISMATCH request=RequestId(31) generated=34 expected=32 actual=3427 greedy=false pure_decode=true
FLASHINFER_TOKEN_MISMATCH request=RequestId(32) generated=34 expected=32 actual=3427 greedy=false pure_decode=true
FLASHINFER_TOKEN_MISMATCH request=RequestId(20) generated=39 expected=359 actual=17626 greedy=true pure_decode=true
FLASHINFER_TOKEN_MISMATCH request=RequestId(21) generated=33 expected=37 actual=793 greedy=true pure_decode=true
FLASHINFER_TOKEN_MISMATCH request=RequestId(22) generated=38 expected=3870 actual=27603 greedy=true pure_decode=true
FLASHINFER_TOKEN_MISMATCH request=RequestId(23) generated=38 expected=3870 actual=27603 greedy=true pure_decode=true
FLASHINFER_TOKEN_MISMATCH request=RequestId(24) generated=33 expected=37 actual=793 greedy=true pure_decode=true
FLASHINFER_TOKEN_MISMATCH request=RequestId(25) generated=37 expected=378 actual=9612 greedy=true pure_decode=true
FLASHINFER_TOKEN_MISMATCH request=RequestId(26) generated=37 expected=378 actual=9612 greedy=true pure_decode=true
FLASHINFER_TOKEN_MISMATCH request=RequestId(27) generated=33 expected=37 actual=793 greedy=true pure_decode=true
FLASHINFER_TOKEN_MISMATCH request=RequestId(28) generated=36 expected=1673 actual=20642 greedy=true pure_decode=true
FLASHINFER_TOKEN_MISMATCH request=RequestId(29) generated=36 expected=1673 actual=20642 greedy=true pure_decode=true
FLASHINFER_TOKEN_MISMATCH request=RequestId(30) generated=33 expected=37 actual=793 greedy=true pure_decode=true
FLASHINFER_TOKEN_MISMATCH request=RequestId(31) generated=35 expected=506 actual=32861 greedy=true pure_decode=true
FLASHINFER_TOKEN_MISMATCH request=RequestId(32) generated=35 expected=506 actual=32861 greedy=true pure_decode=true
FLASHINFER_TOKEN_MISMATCH request=RequestId(19) generated=40 expected=876 actual=7866 greedy=true pure_decode=true
FLASHINFER_TOKEN_MISMATCH request=RequestId(20) generated=40 expected=876 actual=43179 greedy=true pure_decode=true
FLASHINFER_TOKEN_MISMATCH request=RequestId(21) generated=34 expected=32 actual=3427 greedy=true pure_decode=true
FLASHINFER_TOKEN_MISMATCH request=RequestId(22) generated=39 expected=359 actual=17626 greedy=true pure_decode=true
FLASHINFER_TOKEN_MISMATCH request=RequestId(23) generated=39 expected=359 actual=17626 greedy=true pure_decode=true
FLASHINFER_TOKEN_MISMATCH request=RequestId(24) generated=34 expected=32 actual=3427 greedy=true pure_decode=true
FLASHINFER_TOKEN_MISMATCH request=RequestId(25) generated=38 expected=3870 actual=27603 greedy=true pure_decode=true
FLASHINFER_TOKEN_MISMATCH request=RequestId(26) generated=38 expected=3870 actual=27603 greedy=true pure_decode=true
FLASHINFER_TOKEN_MISMATCH request=RequestId(27) generated=34 expected=32 actual=3427 greedy=true pure_decode=true
FLASHINFER_TOKEN_MISMATCH request=RequestId(28) generated=37 expected=378 actual=9612 greedy=true pure_decode=true
FLASHINFER_TOKEN_MISMATCH request=RequestId(29) generated=37 expected=378 actual=9612 greedy=true pure_decode=true
FLASHINFER_TOKEN_MISMATCH request=RequestId(30) generated=34 expected=32 actual=3427 greedy=true pure_decode=true
FLASHINFER_TOKEN_MISMATCH request=RequestId(31) generated=36 expected=1673 actual=20642 greedy=true pure_decode=true
FLASHINFER_TOKEN_MISMATCH request=RequestId(32) generated=36 expected=1673 actual=20642 greedy=true pure_decode=true
FLASHINFER_TOKEN_MISMATCH request=RequestId(19) generated=41 expected=2452 actual=3297 greedy=false pure_decode=true
FLASHINFER_TOKEN_MISMATCH request=RequestId(20) generated=41 expected=2452 actual=25662 greedy=false pure_decode=true
FLASHINFER_TOKEN_MISMATCH request=RequestId(21) generated=35 expected=506 actual=32861 greedy=false pure_decode=true
FLASHINFER_TOKEN_MISMATCH request=RequestId(22) generated=40 expected=876 actual=43179 greedy=false pure_decode=true
FLASHINFER_TOKEN_MISMATCH request=RequestId(23) generated=40 expected=876 actual=43179 greedy=false pure_decode=true
FLASHINFER_TOKEN_MISMATCH request=RequestId(24) generated=35 expected=506 actual=32861 greedy=false pure_decode=true
FLASHINFER_TOKEN_MISMATCH request=RequestId(25) generated=39 expected=359 actual=17626 greedy=false pure_decode=true
FLASHINFER_TOKEN_MISMATCH request=RequestId(26) generated=39 expected=359 actual=17626 greedy=false pure_decode=true
FLASHINFER_TOKEN_MISMATCH request=RequestId(27) generated=35 expected=506 actual=32861 greedy=false pure_decode=true
FLASHINFER_TOKEN_MISMATCH request=RequestId(28) generated=38 expected=3870 actual=27603 greedy=false pure_decode=true
FLASHINFER_TOKEN_MISMATCH request=RequestId(29) generated=38 expected=3870 actual=27603 greedy=false pure_decode=true
FLASHINFER_TOKEN_MISMATCH request=RequestId(30) generated=35 expected=506 actual=32861 greedy=false pure_decode=true
FLASHINFER_TOKEN_MISMATCH request=RequestId(31) generated=37 expected=378 actual=9612 greedy=false pure_decode=true
FLASHINFER_TOKEN_MISMATCH request=RequestId(32) generated=37 expected=378 actual=9612 greedy=false pure_decode=true
FLASHINFER_TOKEN_MISMATCH request=RequestId(19) generated=42 expected=284 actual=6309 greedy=true pure_decode=true
FLASHINFER_TOKEN_MISMATCH request=RequestId(20) generated=42 expected=284 actual=43476 greedy=true pure_decode=true
FLASHINFER_TOKEN_MISMATCH request=RequestId(21) generated=36 expected=1673 actual=20642 greedy=true pure_decode=true
FLASHINFER_TOKEN_MISMATCH request=RequestId(22) generated=41 expected=2452 actual=25662 greedy=true pure_decode=true
FLASHINFER_TOKEN_MISMATCH request=RequestId(23) generated=41 expected=2452 actual=25662 greedy=true pure_decode=true
FLASHINFER_TOKEN_MISMATCH request=RequestId(24) generated=36 expected=1673 actual=20642 greedy=true pure_decode=true
FLASHINFER_TOKEN_MISMATCH request=RequestId(25) generated=40 expected=876 actual=43179 greedy=true pure_decode=true
FLASHINFER_TOKEN_MISMATCH request=RequestId(26) generated=40 expected=876 actual=43179 greedy=true pure_decode=true
FLASHINFER_TOKEN_MISMATCH request=RequestId(27) generated=36 expected=1673 actual=20642 greedy=true pure_decode=true
FLASHINFER_TOKEN_MISMATCH request=RequestId(28) generated=39 expected=359 actual=17626 greedy=true pure_decode=true
FLASHINFER_TOKEN_MISMATCH request=RequestId(29) generated=39 expected=359 actual=17626 greedy=true pure_decode=true
FLASHINFER_TOKEN_MISMATCH request=RequestId(30) generated=36 expected=1673 actual=20642 greedy=true pure_decode=true
FLASHINFER_TOKEN_MISMATCH request=RequestId(31) generated=38 expected=3870 actual=27603 greedy=true pure_decode=true
FLASHINFER_TOKEN_MISMATCH request=RequestId(32) generated=38 expected=3870 actual=27603 greedy=true pure_decode=true
FLASHINFER_TOKEN_MISMATCH request=RequestId(19) generated=43 expected=260 actual=9612 greedy=true pure_decode=true
FLASHINFER_TOKEN_MISMATCH request=RequestId(20) generated=43 expected=260 actual=9612 greedy=true pure_decode=true
FLASHINFER_TOKEN_MISMATCH request=RequestId(21) generated=37 expected=378 actual=9612 greedy=true pure_decode=true
FLASHINFER_TOKEN_MISMATCH request=RequestId(22) generated=42 expected=284 actual=43476 greedy=true pure_decode=true
FLASHINFER_TOKEN_MISMATCH request=RequestId(23) generated=42 expected=284 actual=43476 greedy=true pure_decode=true
FLASHINFER_TOKEN_MISMATCH request=RequestId(24) generated=37 expected=378 actual=9612 greedy=true pure_decode=true
FLASHINFER_TOKEN_MISMATCH request=RequestId(25) generated=41 expected=2452 actual=25662 greedy=true pure_decode=true
FLASHINFER_TOKEN_MISMATCH request=RequestId(26) generated=41 expected=2452 actual=25662 greedy=true pure_decode=true
FLASHINFER_TOKEN_MISMATCH request=RequestId(27) generated=37 expected=378 actual=9612 greedy=true pure_decode=true
FLASHINFER_TOKEN_MISMATCH request=RequestId(28) generated=40 expected=876 actual=43179 greedy=true pure_decode=true
FLASHINFER_TOKEN_MISMATCH request=RequestId(29) generated=40 expected=876 actual=43179 greedy=true pure_decode=true
FLASHINFER_TOKEN_MISMATCH request=RequestId(30) generated=37 expected=378 actual=9612 greedy=true pure_decode=true
FLASHINFER_TOKEN_MISMATCH request=RequestId(31) generated=39 expected=359 actual=17626 greedy=true pure_decode=true
FLASHINFER_TOKEN_MISMATCH request=RequestId(32) generated=39 expected=359 actual=17626 greedy=true pure_decode=true
FLASHINFER_TOKEN_MISMATCH request=RequestId(19) generated=44 expected=5049 actual=656 greedy=false pure_decode=true
FLASHINFER_TOKEN_MISMATCH request=RequestId(20) generated=44 expected=5049 actual=3533 greedy=false pure_decode=true
FLASHINFER_TOKEN_MISMATCH request=RequestId(21) generated=38 expected=3870 actual=27603 greedy=false pure_decode=true
FLASHINFER_TOKEN_MISMATCH request=RequestId(22) generated=43 expected=260 actual=9612 greedy=false pure_decode=true
FLASHINFER_TOKEN_MISMATCH request=RequestId(23) generated=43 expected=260 actual=9612 greedy=false pure_decode=true
FLASHINFER_TOKEN_MISMATCH request=RequestId(24) generated=38 expected=3870 actual=27603 greedy=false pure_decode=true
FLASHINFER_TOKEN_MISMATCH request=RequestId(25) generated=42 expected=284 actual=43476 greedy=false pure_decode=true
FLASHINFER_TOKEN_MISMATCH request=RequestId(26) generated=42 expected=284 actual=43476 greedy=false pure_decode=true
FLASHINFER_TOKEN_MISMATCH request=RequestId(27) generated=38 expected=3870 actual=27603 greedy=false pure_decode=true
FLASHINFER_TOKEN_MISMATCH request=RequestId(28) generated=41 expected=2452 actual=25662 greedy=false pure_decode=true
FLASHINFER_TOKEN_MISMATCH request=RequestId(29) generated=41 expected=2452 actual=25662 greedy=false pure_decode=true
FLASHINFER_TOKEN_MISMATCH request=RequestId(30) generated=38 expected=3870 actual=27603 greedy=false pure_decode=true
FLASHINFER_TOKEN_MISMATCH request=RequestId(31) generated=40 expected=876 actual=43179 greedy=false pure_decode=true
FLASHINFER_TOKEN_MISMATCH request=RequestId(32) generated=40 expected=876 actual=43179 greedy=false pure_decode=true
FLASHINFER_TOKEN_MISMATCH request=RequestId(19) generated=45 expected=314 actual=1311 greedy=true pure_decode=true
FLASHINFER_TOKEN_MISMATCH request=RequestId(20) generated=45 expected=314 actual=41281 greedy=true pure_decode=true
FLASHINFER_TOKEN_MISMATCH request=RequestId(21) generated=39 expected=359 actual=17626 greedy=true pure_decode=true
FLASHINFER_TOKEN_MISMATCH request=RequestId(22) generated=44 expected=5049 actual=3533 greedy=true pure_decode=true
FLASHINFER_TOKEN_MISMATCH request=RequestId(23) generated=44 expected=5049 actual=3533 greedy=true pure_decode=true
FLASHINFER_TOKEN_MISMATCH request=RequestId(24) generated=39 expected=359 actual=17626 greedy=true pure_decode=true
FLASHINFER_TOKEN_MISMATCH request=RequestId(25) generated=43 expected=260 actual=9612 greedy=true pure_decode=true
FLASHINFER_TOKEN_MISMATCH request=RequestId(26) generated=43 expected=260 actual=9612 greedy=true pure_decode=true
FLASHINFER_TOKEN_MISMATCH request=RequestId(27) generated=39 expected=359 actual=17626 greedy=true pure_decode=true
FLASHINFER_TOKEN_MISMATCH request=RequestId(28) generated=42 expected=284 actual=43476 greedy=true pure_decode=true
FLASHINFER_TOKEN_MISMATCH request=RequestId(29) generated=42 expected=284 actual=43476 greedy=true pure_decode=true
FLASHINFER_TOKEN_MISMATCH request=RequestId(30) generated=39 expected=359 actual=17626 greedy=true pure_decode=true
FLASHINFER_TOKEN_MISMATCH request=RequestId(31) generated=41 expected=2452 actual=25662 greedy=true pure_decode=true
FLASHINFER_TOKEN_MISMATCH request=RequestId(32) generated=41 expected=2452 actual=25662 greedy=true pure_decode=true
FLASHINFER_TOKEN_MISMATCH request=RequestId(19) generated=46 expected=876 actual=4037 greedy=true pure_decode=true
FLASHINFER_TOKEN_MISMATCH request=RequestId(20) generated=46 expected=876 actual=34304 greedy=true pure_decode=true
FLASHINFER_TOKEN_MISMATCH request=RequestId(21) generated=40 expected=876 actual=43179 greedy=true pure_decode=true
FLASHINFER_TOKEN_MISMATCH request=RequestId(22) generated=45 expected=314 actual=41281 greedy=true pure_decode=true
FLASHINFER_TOKEN_MISMATCH request=RequestId(23) generated=45 expected=314 actual=41281 greedy=true pure_decode=true
FLASHINFER_TOKEN_MISMATCH request=RequestId(24) generated=40 expected=876 actual=43179 greedy=true pure_decode=true
FLASHINFER_TOKEN_MISMATCH request=RequestId(25) generated=44 expected=5049 actual=3533 greedy=true pure_decode=true
FLASHINFER_TOKEN_MISMATCH request=RequestId(26) generated=44 expected=5049 actual=3533 greedy=true pure_decode=true
FLASHINFER_TOKEN_MISMATCH request=RequestId(27) generated=40 expected=876 actual=43179 greedy=true pure_decode=true
FLASHINFER_TOKEN_MISMATCH request=RequestId(28) generated=43 expected=260 actual=9612 greedy=true pure_decode=true
FLASHINFER_TOKEN_MISMATCH request=RequestId(29) generated=43 expected=260 actual=9612 greedy=true pure_decode=true
FLASHINFER_TOKEN_MISMATCH request=RequestId(30) generated=40 expected=876 actual=43179 greedy=true pure_decode=true
FLASHINFER_TOKEN_MISMATCH request=RequestId(31) generated=42 expected=284 actual=43476 greedy=true pure_decode=true
FLASHINFER_TOKEN_MISMATCH request=RequestId(32) generated=42 expected=284 actual=43476 greedy=true pure_decode=true
FLASHINFER_TOKEN_MISMATCH request=RequestId(19) generated=47 expected=2275 actual=9612 greedy=false pure_decode=true
FLASHINFER_TOKEN_MISMATCH request=RequestId(20) generated=47 expected=2275 actual=25662 greedy=false pure_decode=true
FLASHINFER_TOKEN_MISMATCH request=RequestId(21) generated=41 expected=2452 actual=25662 greedy=false pure_decode=true
FLASHINFER_TOKEN_MISMATCH request=RequestId(22) generated=46 expected=876 actual=34304 greedy=false pure_decode=true
FLASHINFER_TOKEN_MISMATCH request=RequestId(23) generated=46 expected=876 actual=34304 greedy=false pure_decode=true
FLASHINFER_TOKEN_MISMATCH request=RequestId(24) generated=41 expected=2452 actual=25662 greedy=false pure_decode=true
FLASHINFER_TOKEN_MISMATCH request=RequestId(25) generated=45 expected=314 actual=41281 greedy=false pure_decode=true
FLASHINFER_TOKEN_MISMATCH request=RequestId(26) generated=45 expected=314 actual=41281 greedy=false pure_decode=true
FLASHINFER_TOKEN_MISMATCH request=RequestId(27) generated=41 expected=2452 actual=25662 greedy=false pure_decode=true
FLASHINFER_TOKEN_MISMATCH request=RequestId(28) generated=44 expected=5049 actual=3533 greedy=false pure_decode=true
FLASHINFER_TOKEN_MISMATCH request=RequestId(29) generated=44 expected=5049 actual=3533 greedy=false pure_decode=true
FLASHINFER_TOKEN_MISMATCH request=RequestId(30) generated=41 expected=2452 actual=25662 greedy=false pure_decode=true
FLASHINFER_TOKEN_MISMATCH request=RequestId(31) generated=43 expected=260 actual=9612 greedy=false pure_decode=true
FLASHINFER_TOKEN_MISMATCH request=RequestId(32) generated=43 expected=260 actual=9612 greedy=false pure_decode=true
FLASHINFER_TOKEN_MISMATCH request=RequestId(19) generated=48 expected=578 actual=6986 greedy=true pure_decode=true
FLASHINFER_TOKEN_MISMATCH request=RequestId(20) generated=48 expected=578 actual=28318 greedy=true pure_decode=true
FLASHINFER_TOKEN_MISMATCH request=RequestId(21) generated=42 expected=284 actual=43476 greedy=true pure_decode=true
FLASHINFER_TOKEN_MISMATCH request=RequestId(22) generated=47 expected=2275 actual=25662 greedy=true pure_decode=true
FLASHINFER_TOKEN_MISMATCH request=RequestId(23) generated=47 expected=2275 actual=25662 greedy=true pure_decode=true
FLASHINFER_TOKEN_MISMATCH request=RequestId(24) generated=42 expected=284 actual=43476 greedy=true pure_decode=true
FLASHINFER_TOKEN_MISMATCH request=RequestId(25) generated=46 expected=876 actual=34304 greedy=true pure_decode=true
FLASHINFER_TOKEN_MISMATCH request=RequestId(26) generated=46 expected=876 actual=34304 greedy=true pure_decode=true
FLASHINFER_TOKEN_MISMATCH request=RequestId(27) generated=42 expected=284 actual=43476 greedy=true pure_decode=true
FLASHINFER_TOKEN_MISMATCH request=RequestId(28) generated=45 expected=314 actual=41281 greedy=true pure_decode=true
FLASHINFER_TOKEN_MISMATCH request=RequestId(29) generated=45 expected=314 actual=41281 greedy=true pure_decode=true
FLASHINFER_TOKEN_MISMATCH request=RequestId(30) generated=42 expected=284 actual=43476 greedy=true pure_decode=true
FLASHINFER_TOKEN_MISMATCH request=RequestId(31) generated=44 expected=5049 actual=3533 greedy=true pure_decode=true
FLASHINFER_TOKEN_MISMATCH request=RequestId(32) generated=44 expected=5049 actual=3533 greedy=true pure_decode=true
FLASHINFER_TOKEN_MISMATCH request=RequestId(19) generated=49 expected=1673 actual=30791 greedy=true pure_decode=true
FLASHINFER_TOKEN_MISMATCH request=RequestId(20) generated=49 expected=1673 actual=30 greedy=true pure_decode=true
FLASHINFER_TOKEN_MISMATCH request=RequestId(21) generated=43 expected=260 actual=9612 greedy=true pure_decode=true
FLASHINFER_TOKEN_MISMATCH request=RequestId(22) generated=48 expected=578 actual=28318 greedy=true pure_decode=true
FLASHINFER_TOKEN_MISMATCH request=RequestId(23) generated=48 expected=578 actual=28318 greedy=true pure_decode=true
FLASHINFER_TOKEN_MISMATCH request=RequestId(24) generated=43 expected=260 actual=9612 greedy=true pure_decode=true
FLASHINFER_TOKEN_MISMATCH request=RequestId(25) generated=47 expected=2275 actual=25662 greedy=true pure_decode=true
FLASHINFER_TOKEN_MISMATCH request=RequestId(26) generated=47 expected=2275 actual=25662 greedy=true pure_decode=true
FLASHINFER_TOKEN_MISMATCH request=RequestId(27) generated=43 expected=260 actual=9612 greedy=true pure_decode=true
FLASHINFER_TOKEN_MISMATCH request=RequestId(28) generated=46 expected=876 actual=34304 greedy=true pure_decode=true
FLASHINFER_TOKEN_MISMATCH request=RequestId(29) generated=46 expected=876 actual=34304 greedy=true pure_decode=true
FLASHINFER_TOKEN_MISMATCH request=RequestId(30) generated=43 expected=260 actual=9612 greedy=true pure_decode=true
FLASHINFER_TOKEN_MISMATCH request=RequestId(31) generated=45 expected=314 actual=41281 greedy=true pure_decode=true
FLASHINFER_TOKEN_MISMATCH request=RequestId(32) generated=45 expected=314 actual=41281 greedy=true pure_decode=true
FLASHINFER_TOKEN_MISMATCH request=RequestId(19) generated=50 expected=378 actual=9612 greedy=false pure_decode=true
FLASHINFER_TOKEN_MISMATCH request=RequestId(20) generated=50 expected=378 actual=9612 greedy=false pure_decode=true
FLASHINFER_TOKEN_MISMATCH request=RequestId(21) generated=44 expected=5049 actual=3533 greedy=false pure_decode=true
FLASHINFER_TOKEN_MISMATCH request=RequestId(22) generated=49 expected=1673 actual=30 greedy=false pure_decode=true
FLASHINFER_TOKEN_MISMATCH request=RequestId(23) generated=49 expected=1673 actual=30 greedy=false pure_decode=true
FLASHINFER_TOKEN_MISMATCH request=RequestId(24) generated=44 expected=5049 actual=3533 greedy=false pure_decode=true
FLASHINFER_TOKEN_MISMATCH request=RequestId(25) generated=48 expected=578 actual=28318 greedy=false pure_decode=true
FLASHINFER_TOKEN_MISMATCH request=RequestId(26) generated=48 expected=578 actual=28318 greedy=false pure_decode=true
FLASHINFER_TOKEN_MISMATCH request=RequestId(27) generated=44 expected=5049 actual=3533 greedy=false pure_decode=true
FLASHINFER_TOKEN_MISMATCH request=RequestId(28) generated=47 expected=2275 actual=25662 greedy=false pure_decode=true
FLASHINFER_TOKEN_MISMATCH request=RequestId(29) generated=47 expected=2275 actual=25662 greedy=false pure_decode=true
FLASHINFER_TOKEN_MISMATCH request=RequestId(30) generated=44 expected=5049 actual=3533 greedy=false pure_decode=true
FLASHINFER_TOKEN_MISMATCH request=RequestId(31) generated=46 expected=876 actual=34304 greedy=false pure_decode=true
FLASHINFER_TOKEN_MISMATCH request=RequestId(32) generated=46 expected=876 actual=34304 greedy=false pure_decode=true
FLASHINFER_TOKEN_MISMATCH request=RequestId(19) generated=51 expected=4771 actual=27603 greedy=true pure_decode=true
FLASHINFER_TOKEN_MISMATCH request=RequestId(20) generated=51 expected=4771 actual=27603 greedy=true pure_decode=true
FLASHINFER_TOKEN_MISMATCH request=RequestId(21) generated=45 expected=314 actual=41281 greedy=true pure_decode=true
FLASHINFER_TOKEN_MISMATCH request=RequestId(22) generated=50 expected=378 actual=9612 greedy=true pure_decode=true
FLASHINFER_TOKEN_MISMATCH request=RequestId(23) generated=50 expected=378 actual=9612 greedy=true pure_decode=true
FLASHINFER_TOKEN_MISMATCH request=RequestId(24) generated=45 expected=314 actual=41281 greedy=true pure_decode=true
FLASHINFER_TOKEN_MISMATCH request=RequestId(25) generated=49 expected=1673 actual=30 greedy=true pure_decode=true
FLASHINFER_TOKEN_MISMATCH request=RequestId(26) generated=49 expected=1673 actual=30 greedy=true pure_decode=true
FLASHINFER_TOKEN_MISMATCH request=RequestId(27) generated=45 expected=314 actual=41281 greedy=true pure_decode=true
FLASHINFER_TOKEN_MISMATCH request=RequestId(28) generated=48 expected=578 actual=28318 greedy=true pure_decode=true
FLASHINFER_TOKEN_MISMATCH request=RequestId(29) generated=48 expected=578 actual=28318 greedy=true pure_decode=true
FLASHINFER_TOKEN_MISMATCH request=RequestId(30) generated=45 expected=314 actual=41281 greedy=true pure_decode=true
FLASHINFER_TOKEN_MISMATCH request=RequestId(31) generated=47 expected=2275 actual=25662 greedy=true pure_decode=true
FLASHINFER_TOKEN_MISMATCH request=RequestId(32) generated=47 expected=2275 actual=25662 greedy=true pure_decode=true
FLASHINFER_TOKEN_MISMATCH request=RequestId(19) generated=52 expected=314 actual=28 greedy=true pure_decode=true
FLASHINFER_TOKEN_MISMATCH request=RequestId(20) generated=52 expected=314 actual=28 greedy=true pure_decode=true
FLASHINFER_TOKEN_MISMATCH request=RequestId(21) generated=46 expected=876 actual=34304 greedy=true pure_decode=true
FLASHINFER_TOKEN_MISMATCH request=RequestId(22) generated=51 expected=4771 actual=27603 greedy=true pure_decode=true
FLASHINFER_TOKEN_MISMATCH request=RequestId(23) generated=51 expected=4771 actual=27603 greedy=true pure_decode=true
FLASHINFER_TOKEN_MISMATCH request=RequestId(24) generated=46 expected=876 actual=34304 greedy=true pure_decode=true
FLASHINFER_TOKEN_MISMATCH request=RequestId(25) generated=50 expected=378 actual=9612 greedy=true pure_decode=true
FLASHINFER_TOKEN_MISMATCH request=RequestId(26) generated=50 expected=378 actual=9612 greedy=true pure_decode=true
FLASHINFER_TOKEN_MISMATCH request=RequestId(27) generated=46 expected=876 actual=34304 greedy=true pure_decode=true
FLASHINFER_TOKEN_MISMATCH request=RequestId(28) generated=49 expected=1673 actual=30 greedy=true pure_decode=true
FLASHINFER_TOKEN_MISMATCH request=RequestId(29) generated=49 expected=1673 actual=30 greedy=true pure_decode=true
FLASHINFER_TOKEN_MISMATCH request=RequestId(30) generated=46 expected=876 actual=34304 greedy=true pure_decode=true
FLASHINFER_TOKEN_MISMATCH request=RequestId(31) generated=48 expected=578 actual=28318 greedy=true pure_decode=true
FLASHINFER_TOKEN_MISMATCH request=RequestId(32) generated=48 expected=578 actual=28318 greedy=true pure_decode=true
FLASHINFER_TOKEN_MISMATCH request=RequestId(19) generated=53 expected=253 actual=34304 greedy=false pure_decode=true
FLASHINFER_TOKEN_MISMATCH request=RequestId(20) generated=53 expected=253 actual=34304 greedy=false pure_decode=true
FLASHINFER_TOKEN_MISMATCH request=RequestId(21) generated=47 expected=2275 actual=25662 greedy=false pure_decode=true
FLASHINFER_TOKEN_MISMATCH request=RequestId(22) generated=52 expected=314 actual=28 greedy=false pure_decode=true
FLASHINFER_TOKEN_MISMATCH request=RequestId(23) generated=52 expected=314 actual=28 greedy=false pure_decode=true
FLASHINFER_TOKEN_MISMATCH request=RequestId(24) generated=47 expected=2275 actual=25662 greedy=false pure_decode=true
FLASHINFER_TOKEN_MISMATCH request=RequestId(25) generated=51 expected=4771 actual=27603 greedy=false pure_decode=true
FLASHINFER_TOKEN_MISMATCH request=RequestId(26) generated=51 expected=4771 actual=27603 greedy=false pure_decode=true
FLASHINFER_TOKEN_MISMATCH request=RequestId(27) generated=47 expected=2275 actual=25662 greedy=false pure_decode=true
FLASHINFER_TOKEN_MISMATCH request=RequestId(28) generated=50 expected=378 actual=9612 greedy=false pure_decode=true
FLASHINFER_TOKEN_MISMATCH request=RequestId(29) generated=50 expected=378 actual=9612 greedy=false pure_decode=true
FLASHINFER_TOKEN_MISMATCH request=RequestId(30) generated=47 expected=2275 actual=25662 greedy=false pure_decode=true
FLASHINFER_TOKEN_MISMATCH request=RequestId(31) generated=49 expected=1673 actual=30 greedy=false pure_decode=true
FLASHINFER_TOKEN_MISMATCH request=RequestId(32) generated=49 expected=1673 actual=30 greedy=false pure_decode=true
FLASHINFER_TOKEN_MISMATCH request=RequestId(19) generated=54 expected=1123 actual=450 greedy=true pure_decode=true
FLASHINFER_TOKEN_MISMATCH request=RequestId(20) generated=54 expected=1123 actual=450 greedy=true pure_decode=true
FLASHINFER_TOKEN_MISMATCH request=RequestId(21) generated=48 expected=578 actual=28318 greedy=true pure_decode=true
FLASHINFER_TOKEN_MISMATCH request=RequestId(22) generated=53 expected=253 actual=34304 greedy=true pure_decode=true
FLASHINFER_TOKEN_MISMATCH request=RequestId(23) generated=53 expected=253 actual=34304 greedy=true pure_decode=true
FLASHINFER_TOKEN_MISMATCH request=RequestId(24) generated=48 expected=578 actual=28318 greedy=true pure_decode=true
FLASHINFER_TOKEN_MISMATCH request=RequestId(25) generated=52 expected=314 actual=28 greedy=true pure_decode=true
FLASHINFER_TOKEN_MISMATCH request=RequestId(26) generated=52 expected=314 actual=28 greedy=true pure_decode=true
FLASHINFER_TOKEN_MISMATCH request=RequestId(27) generated=48 expected=578 actual=28318 greedy=true pure_decode=true
FLASHINFER_TOKEN_MISMATCH request=RequestId(28) generated=51 expected=4771 actual=27603 greedy=true pure_decode=true
FLASHINFER_TOKEN_MISMATCH request=RequestId(29) generated=51 expected=4771 actual=27603 greedy=true pure_decode=true
FLASHINFER_TOKEN_MISMATCH request=RequestId(30) generated=48 expected=578 actual=28318 greedy=true pure_decode=true
FLASHINFER_TOKEN_MISMATCH request=RequestId(31) generated=50 expected=378 actual=9612 greedy=true pure_decode=true
FLASHINFER_TOKEN_MISMATCH request=RequestId(32) generated=50 expected=378 actual=9612 greedy=true pure_decode=true
FLASHINFER_TOKEN_MISMATCH request=RequestId(19) generated=55 expected=1183 actual=793 greedy=true pure_decode=true
FLASHINFER_TOKEN_MISMATCH request=RequestId(20) generated=55 expected=1183 actual=793 greedy=true pure_decode=true
FLASHINFER_TOKEN_MISMATCH request=RequestId(21) generated=49 expected=1673 actual=30 greedy=true pure_decode=true
FLASHINFER_TOKEN_MISMATCH request=RequestId(22) generated=54 expected=1123 actual=450 greedy=true pure_decode=true
FLASHINFER_TOKEN_MISMATCH request=RequestId(23) generated=54 expected=1123 actual=450 greedy=true pure_decode=true
FLASHINFER_TOKEN_MISMATCH request=RequestId(24) generated=49 expected=1673 actual=30 greedy=true pure_decode=true
FLASHINFER_TOKEN_MISMATCH request=RequestId(25) generated=53 expected=253 actual=34304 greedy=true pure_decode=true
FLASHINFER_TOKEN_MISMATCH request=RequestId(26) generated=53 expected=253 actual=34304 greedy=true pure_decode=true
FLASHINFER_TOKEN_MISMATCH request=RequestId(27) generated=49 expected=1673 actual=30 greedy=true pure_decode=true
FLASHINFER_TOKEN_MISMATCH request=RequestId(28) generated=52 expected=314 actual=28 greedy=true pure_decode=true
FLASHINFER_TOKEN_MISMATCH request=RequestId(29) generated=52 expected=314 actual=28 greedy=true pure_decode=true
FLASHINFER_TOKEN_MISMATCH request=RequestId(30) generated=49 expected=1673 actual=30 greedy=true pure_decode=true
FLASHINFER_TOKEN_MISMATCH request=RequestId(31) generated=51 expected=4771 actual=27603 greedy=true pure_decode=true
FLASHINFER_TOKEN_MISMATCH request=RequestId(32) generated=51 expected=4771 actual=27603 greedy=true pure_decode=true
FLASHINFER_TOKEN_MISMATCH request=RequestId(18) generated=51 expected=4771 actual=26332 greedy=false pure_decode=true
FLASHINFER_TOKEN_MISMATCH request=RequestId(19) generated=56 expected=282 actual=35603 greedy=false pure_decode=true
FLASHINFER_TOKEN_MISMATCH request=RequestId(20) generated=56 expected=282 actual=35603 greedy=false pure_decode=true
FLASHINFER_TOKEN_MISMATCH request=RequestId(21) generated=50 expected=378 actual=9612 greedy=false pure_decode=true
FLASHINFER_TOKEN_MISMATCH request=RequestId(22) generated=55 expected=1183 actual=793 greedy=false pure_decode=true
FLASHINFER_TOKEN_MISMATCH request=RequestId(23) generated=55 expected=1183 actual=793 greedy=false pure_decode=true
FLASHINFER_TOKEN_MISMATCH request=RequestId(24) generated=50 expected=378 actual=9612 greedy=false pure_decode=true
FLASHINFER_TOKEN_MISMATCH request=RequestId(25) generated=54 expected=1123 actual=450 greedy=false pure_decode=true
FLASHINFER_TOKEN_MISMATCH request=RequestId(26) generated=54 expected=1123 actual=450 greedy=false pure_decode=true
FLASHINFER_TOKEN_MISMATCH request=RequestId(27) generated=50 expected=378 actual=9612 greedy=false pure_decode=true
FLASHINFER_TOKEN_MISMATCH request=RequestId(28) generated=53 expected=253 actual=34304 greedy=false pure_decode=true
FLASHINFER_TOKEN_MISMATCH request=RequestId(29) generated=53 expected=253 actual=34304 greedy=false pure_decode=true
FLASHINFER_TOKEN_MISMATCH request=RequestId(30) generated=50 expected=378 actual=9612 greedy=false pure_decode=true
FLASHINFER_TOKEN_MISMATCH request=RequestId(31) generated=52 expected=314 actual=28 greedy=false pure_decode=true
FLASHINFER_TOKEN_MISMATCH request=RequestId(32) generated=52 expected=314 actual=28 greedy=false pure_decode=true
FLASHINFER_TOKEN_MISMATCH request=RequestId(18) generated=52 expected=314 actual=2345 greedy=true pure_decode=true
FLASHINFER_TOKEN_MISMATCH request=RequestId(19) generated=57 expected=260 actual=30 greedy=true pure_decode=true
FLASHINFER_TOKEN_MISMATCH request=RequestId(20) generated=57 expected=260 actual=30 greedy=true pure_decode=true
FLASHINFER_TOKEN_MISMATCH request=RequestId(21) generated=51 expected=4771 actual=27603 greedy=true pure_decode=true
FLASHINFER_TOKEN_MISMATCH request=RequestId(22) generated=56 expected=282 actual=35603 greedy=true pure_decode=true
FLASHINFER_TOKEN_MISMATCH request=RequestId(23) generated=56 expected=282 actual=35603 greedy=true pure_decode=true
FLASHINFER_TOKEN_MISMATCH request=RequestId(24) generated=51 expected=4771 actual=27603 greedy=true pure_decode=true
FLASHINFER_TOKEN_MISMATCH request=RequestId(25) generated=55 expected=1183 actual=793 greedy=true pure_decode=true
FLASHINFER_TOKEN_MISMATCH request=RequestId(26) generated=55 expected=1183 actual=793 greedy=true pure_decode=true
FLASHINFER_TOKEN_MISMATCH request=RequestId(27) generated=51 expected=4771 actual=27603 greedy=true pure_decode=true
FLASHINFER_TOKEN_MISMATCH request=RequestId(28) generated=54 expected=1123 actual=450 greedy=true pure_decode=true
FLASHINFER_TOKEN_MISMATCH request=RequestId(29) generated=54 expected=1123 actual=450 greedy=true pure_decode=true
FLASHINFER_TOKEN_MISMATCH request=RequestId(30) generated=51 expected=4771 actual=27603 greedy=true pure_decode=true
FLASHINFER_TOKEN_MISMATCH request=RequestId(31) generated=53 expected=253 actual=34304 greedy=true pure_decode=true
FLASHINFER_TOKEN_MISMATCH request=RequestId(32) generated=53 expected=253 actual=34304 greedy=true pure_decode=true
FLASHINFER_TOKEN_MISMATCH request=RequestId(19) generated=58 expected=1502 actual=3533 greedy=true pure_decode=true
FLASHINFER_TOKEN_MISMATCH request=RequestId(20) generated=58 expected=1502 actual=3533 greedy=true pure_decode=true
FLASHINFER_TOKEN_MISMATCH request=RequestId(21) generated=52 expected=314 actual=28 greedy=true pure_decode=true
FLASHINFER_TOKEN_MISMATCH request=RequestId(22) generated=57 expected=260 actual=30 greedy=true pure_decode=true
FLASHINFER_TOKEN_MISMATCH request=RequestId(23) generated=57 expected=260 actual=30 greedy=true pure_decode=true
FLASHINFER_TOKEN_MISMATCH request=RequestId(24) generated=52 expected=314 actual=28 greedy=true pure_decode=true
FLASHINFER_TOKEN_MISMATCH request=RequestId(25) generated=56 expected=282 actual=35603 greedy=true pure_decode=true
FLASHINFER_TOKEN_MISMATCH request=RequestId(26) generated=56 expected=282 actual=35603 greedy=true pure_decode=true
FLASHINFER_TOKEN_MISMATCH request=RequestId(27) generated=52 expected=314 actual=28 greedy=true pure_decode=true
FLASHINFER_TOKEN_MISMATCH request=RequestId(28) generated=55 expected=1183 actual=793 greedy=true pure_decode=true
FLASHINFER_TOKEN_MISMATCH request=RequestId(29) generated=55 expected=1183 actual=793 greedy=true pure_decode=true
FLASHINFER_TOKEN_MISMATCH request=RequestId(30) generated=52 expected=314 actual=28 greedy=true pure_decode=true
FLASHINFER_TOKEN_MISMATCH request=RequestId(31) generated=54 expected=1123 actual=450 greedy=true pure_decode=true
FLASHINFER_TOKEN_MISMATCH request=RequestId(32) generated=54 expected=1123 actual=450 greedy=true pure_decode=true
FLASHINFER_TOKEN_MISMATCH request=RequestId(18) generated=54 expected=1123 actual=1251 greedy=false pure_decode=true
FLASHINFER_TOKEN_MISMATCH request=RequestId(19) generated=59 expected=282 actual=30 greedy=false pure_decode=true
FLASHINFER_TOKEN_MISMATCH request=RequestId(20) generated=59 expected=282 actual=30 greedy=false pure_decode=true
FLASHINFER_TOKEN_MISMATCH request=RequestId(21) generated=53 expected=253 actual=34304 greedy=false pure_decode=true
FLASHINFER_TOKEN_MISMATCH request=RequestId(22) generated=58 expected=1502 actual=3533 greedy=false pure_decode=true
FLASHINFER_TOKEN_MISMATCH request=RequestId(23) generated=58 expected=1502 actual=3533 greedy=false pure_decode=true
FLASHINFER_TOKEN_MISMATCH request=RequestId(24) generated=53 expected=253 actual=34304 greedy=false pure_decode=true
FLASHINFER_TOKEN_MISMATCH request=RequestId(25) generated=57 expected=260 actual=30 greedy=false pure_decode=true
FLASHINFER_TOKEN_MISMATCH request=RequestId(26) generated=57 expected=260 actual=30 greedy=false pure_decode=true
FLASHINFER_TOKEN_MISMATCH request=RequestId(27) generated=53 expected=253 actual=34304 greedy=false pure_decode=true
FLASHINFER_TOKEN_MISMATCH request=RequestId(28) generated=56 expected=282 actual=35603 greedy=false pure_decode=true
FLASHINFER_TOKEN_MISMATCH request=RequestId(29) generated=56 expected=282 actual=35603 greedy=false pure_decode=true
FLASHINFER_TOKEN_MISMATCH request=RequestId(30) generated=53 expected=253 actual=34304 greedy=false pure_decode=true
FLASHINFER_TOKEN_MISMATCH request=RequestId(31) generated=55 expected=1183 actual=793 greedy=false pure_decode=true
FLASHINFER_TOKEN_MISMATCH request=RequestId(32) generated=55 expected=1183 actual=793 greedy=false pure_decode=true
FLASHINFER_TOKEN_MISMATCH request=RequestId(18) generated=55 expected=1183 actual=12318 greedy=true pure_decode=true
FLASHINFER_TOKEN_MISMATCH request=RequestId(19) generated=60 expected=23399 actual=30 greedy=true pure_decode=true
FLASHINFER_TOKEN_MISMATCH request=RequestId(20) generated=60 expected=23399 actual=30 greedy=true pure_decode=true
FLASHINFER_TOKEN_MISMATCH request=RequestId(21) generated=54 expected=1123 actual=450 greedy=true pure_decode=true
FLASHINFER_TOKEN_MISMATCH request=RequestId(22) generated=59 expected=282 actual=30 greedy=true pure_decode=true
FLASHINFER_TOKEN_MISMATCH request=RequestId(23) generated=59 expected=282 actual=30 greedy=true pure_decode=true
FLASHINFER_TOKEN_MISMATCH request=RequestId(24) generated=54 expected=1123 actual=450 greedy=true pure_decode=true
FLASHINFER_TOKEN_MISMATCH request=RequestId(25) generated=58 expected=1502 actual=3533 greedy=true pure_decode=true
FLASHINFER_TOKEN_MISMATCH request=RequestId(26) generated=58 expected=1502 actual=3533 greedy=true pure_decode=true
FLASHINFER_TOKEN_MISMATCH request=RequestId(27) generated=54 expected=1123 actual=450 greedy=true pure_decode=true
FLASHINFER_TOKEN_MISMATCH request=RequestId(28) generated=57 expected=260 actual=30 greedy=true pure_decode=true
FLASHINFER_TOKEN_MISMATCH request=RequestId(29) generated=57 expected=260 actual=30 greedy=true pure_decode=true
FLASHINFER_TOKEN_MISMATCH request=RequestId(30) generated=54 expected=1123 actual=450 greedy=true pure_decode=true
FLASHINFER_TOKEN_MISMATCH request=RequestId(31) generated=56 expected=282 actual=35603 greedy=true pure_decode=true
FLASHINFER_TOKEN_MISMATCH request=RequestId(32) generated=56 expected=282 actual=35603 greedy=true pure_decode=true
FLASHINFER_TOKEN_MISMATCH request=RequestId(19) generated=61 expected=338 actual=436 greedy=true pure_decode=true
FLASHINFER_TOKEN_MISMATCH request=RequestId(20) generated=61 expected=338 actual=436 greedy=true pure_decode=true
FLASHINFER_TOKEN_MISMATCH request=RequestId(21) generated=55 expected=1183 actual=793 greedy=true pure_decode=true
FLASHINFER_TOKEN_MISMATCH request=RequestId(22) generated=60 expected=23399 actual=30 greedy=true pure_decode=true
FLASHINFER_TOKEN_MISMATCH request=RequestId(23) generated=60 expected=23399 actual=30 greedy=true pure_decode=true
FLASHINFER_TOKEN_MISMATCH request=RequestId(24) generated=55 expected=1183 actual=793 greedy=true pure_decode=true
FLASHINFER_TOKEN_MISMATCH request=RequestId(25) generated=59 expected=282 actual=30 greedy=true pure_decode=true
FLASHINFER_TOKEN_MISMATCH request=RequestId(26) generated=59 expected=282 actual=30 greedy=true pure_decode=true
FLASHINFER_TOKEN_MISMATCH request=RequestId(27) generated=55 expected=1183 actual=793 greedy=true pure_decode=true
FLASHINFER_TOKEN_MISMATCH request=RequestId(28) generated=58 expected=1502 actual=3533 greedy=true pure_decode=true
FLASHINFER_TOKEN_MISMATCH request=RequestId(29) generated=58 expected=1502 actual=3533 greedy=true pure_decode=true
FLASHINFER_TOKEN_MISMATCH request=RequestId(30) generated=55 expected=1183 actual=793 greedy=true pure_decode=true
FLASHINFER_TOKEN_MISMATCH request=RequestId(31) generated=57 expected=260 actual=30 greedy=true pure_decode=true
FLASHINFER_TOKEN_MISMATCH request=RequestId(32) generated=57 expected=260 actual=30 greedy=true pure_decode=true
FLASHINFER_TOKEN_MISMATCH request=RequestId(19) generated=62 expected=314 actual=30 greedy=false pure_decode=true
FLASHINFER_TOKEN_MISMATCH request=RequestId(20) generated=62 expected=314 actual=30 greedy=false pure_decode=true
FLASHINFER_TOKEN_MISMATCH request=RequestId(21) generated=56 expected=282 actual=35603 greedy=false pure_decode=true
FLASHINFER_TOKEN_MISMATCH request=RequestId(22) generated=61 expected=338 actual=436 greedy=false pure_decode=true
FLASHINFER_TOKEN_MISMATCH request=RequestId(23) generated=61 expected=338 actual=436 greedy=false pure_decode=true
FLASHINFER_TOKEN_MISMATCH request=RequestId(24) generated=56 expected=282 actual=35603 greedy=false pure_decode=true
FLASHINFER_TOKEN_MISMATCH request=RequestId(25) generated=60 expected=23399 actual=30 greedy=false pure_decode=true
FLASHINFER_TOKEN_MISMATCH request=RequestId(26) generated=60 expected=23399 actual=30 greedy=false pure_decode=true
FLASHINFER_TOKEN_MISMATCH request=RequestId(27) generated=56 expected=282 actual=35603 greedy=false pure_decode=true
FLASHINFER_TOKEN_MISMATCH request=RequestId(28) generated=59 expected=282 actual=30 greedy=false pure_decode=true
FLASHINFER_TOKEN_MISMATCH request=RequestId(29) generated=59 expected=282 actual=30 greedy=false pure_decode=true
FLASHINFER_TOKEN_MISMATCH request=RequestId(30) generated=56 expected=282 actual=35603 greedy=false pure_decode=true
FLASHINFER_TOKEN_MISMATCH request=RequestId(31) generated=58 expected=1502 actual=3533 greedy=false pure_decode=true
FLASHINFER_TOKEN_MISMATCH request=RequestId(32) generated=58 expected=1502 actual=3533 greedy=false pure_decode=true
FLASHINFER_TOKEN_MISMATCH request=RequestId(18) generated=58 expected=1502 actual=1079 greedy=true pure_decode=true
FLASHINFER_TOKEN_MISMATCH request=RequestId(19) generated=63 expected=1129 actual=34304 greedy=true pure_decode=true
FLASHINFER_TOKEN_MISMATCH request=RequestId(20) generated=63 expected=1129 actual=34304 greedy=true pure_decode=true
FLASHINFER_TOKEN_MISMATCH request=RequestId(21) generated=57 expected=260 actual=30 greedy=true pure_decode=true
FLASHINFER_TOKEN_MISMATCH request=RequestId(22) generated=62 expected=314 actual=30 greedy=true pure_decode=true
FLASHINFER_TOKEN_MISMATCH request=RequestId(23) generated=62 expected=314 actual=30 greedy=true pure_decode=true
FLASHINFER_TOKEN_MISMATCH request=RequestId(24) generated=57 expected=260 actual=30 greedy=true pure_decode=true
FLASHINFER_TOKEN_MISMATCH request=RequestId(25) generated=61 expected=338 actual=436 greedy=true pure_decode=true
FLASHINFER_TOKEN_MISMATCH request=RequestId(26) generated=61 expected=338 actual=436 greedy=true pure_decode=true
FLASHINFER_TOKEN_MISMATCH request=RequestId(27) generated=57 expected=260 actual=30 greedy=true pure_decode=true
FLASHINFER_TOKEN_MISMATCH request=RequestId(28) generated=60 expected=23399 actual=30 greedy=true pure_decode=true
FLASHINFER_TOKEN_MISMATCH request=RequestId(29) generated=60 expected=23399 actual=30 greedy=true pure_decode=true
FLASHINFER_TOKEN_MISMATCH request=RequestId(30) generated=57 expected=260 actual=30 greedy=true pure_decode=true
FLASHINFER_TOKEN_MISMATCH request=RequestId(31) generated=59 expected=282 actual=30 greedy=true pure_decode=true
FLASHINFER_TOKEN_MISMATCH request=RequestId(32) generated=59 expected=282 actual=30 greedy=true pure_decode=true
FLASHINFER_TOKEN_MISMATCH request=RequestId(18) generated=59 expected=282 actual=14934 greedy=true pure_decode=true
FLASHINFER_TOKEN_MISMATCH request=RequestId(19) generated=64 expected=983 actual=9612 greedy=true pure_decode=true
FLASHINFER_TOKEN_MISMATCH request=RequestId(20) generated=64 expected=983 actual=9612 greedy=true pure_decode=true
FLASHINFER_TOKEN_MISMATCH request=RequestId(21) generated=58 expected=1502 actual=3533 greedy=true pure_decode=true
FLASHINFER_TOKEN_MISMATCH request=RequestId(22) generated=63 expected=1129 actual=34304 greedy=true pure_decode=true
FLASHINFER_TOKEN_MISMATCH request=RequestId(23) generated=63 expected=1129 actual=34304 greedy=true pure_decode=true
FLASHINFER_TOKEN_MISMATCH request=RequestId(24) generated=58 expected=1502 actual=3533 greedy=true pure_decode=true
FLASHINFER_TOKEN_MISMATCH request=RequestId(25) generated=62 expected=314 actual=30 greedy=true pure_decode=true
FLASHINFER_TOKEN_MISMATCH request=RequestId(26) generated=62 expected=314 actual=30 greedy=true pure_decode=true
FLASHINFER_TOKEN_MISMATCH request=RequestId(27) generated=58 expected=1502 actual=3533 greedy=true pure_decode=true
FLASHINFER_TOKEN_MISMATCH request=RequestId(28) generated=61 expected=338 actual=436 greedy=true pure_decode=true
FLASHINFER_TOKEN_MISMATCH request=RequestId(29) generated=61 expected=338 actual=436 greedy=true pure_decode=true
FLASHINFER_TOKEN_MISMATCH request=RequestId(30) generated=58 expected=1502 actual=3533 greedy=true pure_decode=true
FLASHINFER_TOKEN_MISMATCH request=RequestId(31) generated=60 expected=23399 actual=30 greedy=true pure_decode=true
FLASHINFER_TOKEN_MISMATCH request=RequestId(32) generated=60 expected=23399 actual=30 greedy=true pure_decode=true
FLASHINFER_TOKEN_MISMATCH request=RequestId(18) generated=60 expected=23399 actual=260 greedy=false pure_decode=true
FLASHINFER_TOKEN_MISMATCH request=RequestId(19) generated=65 expected=281 actual=1766 greedy=false pure_decode=true
FLASHINFER_TOKEN_MISMATCH request=RequestId(20) generated=65 expected=281 actual=1766 greedy=false pure_decode=true
FLASHINFER_TOKEN_MISMATCH request=RequestId(21) generated=59 expected=282 actual=30 greedy=false pure_decode=true
FLASHINFER_TOKEN_MISMATCH request=RequestId(22) generated=64 expected=983 actual=9612 greedy=false pure_decode=true
FLASHINFER_TOKEN_MISMATCH request=RequestId(23) generated=64 expected=983 actual=9612 greedy=false pure_decode=true
FLASHINFER_TOKEN_MISMATCH request=RequestId(24) generated=59 expected=282 actual=30 greedy=false pure_decode=true
FLASHINFER_TOKEN_MISMATCH request=RequestId(25) generated=63 expected=1129 actual=34304 greedy=false pure_decode=true
FLASHINFER_TOKEN_MISMATCH request=RequestId(26) generated=63 expected=1129 actual=34304 greedy=false pure_decode=true
FLASHINFER_TOKEN_MISMATCH request=RequestId(27) generated=59 expected=282 actual=30 greedy=false pure_decode=true
FLASHINFER_TOKEN_MISMATCH request=RequestId(28) generated=62 expected=314 actual=30 greedy=false pure_decode=true
FLASHINFER_TOKEN_MISMATCH request=RequestId(29) generated=62 expected=314 actual=30 greedy=false pure_decode=true
FLASHINFER_TOKEN_MISMATCH request=RequestId(30) generated=59 expected=282 actual=30 greedy=false pure_decode=true
FLASHINFER_TOKEN_MISMATCH request=RequestId(31) generated=61 expected=338 actual=436 greedy=false pure_decode=true
FLASHINFER_TOKEN_MISMATCH request=RequestId(32) generated=61 expected=338 actual=436 greedy=false pure_decode=true
FLASHINFER_TOKEN_MISMATCH request=RequestId(18) generated=61 expected=338 actual=26034 greedy=true pure_decode=true
FLASHINFER_TOKEN_MISMATCH request=RequestId(19) generated=66 expected=260 actual=6395 greedy=true pure_decode=true
FLASHINFER_TOKEN_MISMATCH request=RequestId(20) generated=66 expected=260 actual=6395 greedy=true pure_decode=true
FLASHINFER_TOKEN_MISMATCH request=RequestId(21) generated=60 expected=23399 actual=30 greedy=true pure_decode=true
FLASHINFER_TOKEN_MISMATCH request=RequestId(22) generated=65 expected=281 actual=1766 greedy=true pure_decode=true
FLASHINFER_TOKEN_MISMATCH request=RequestId(23) generated=65 expected=281 actual=1766 greedy=true pure_decode=true
FLASHINFER_TOKEN_MISMATCH request=RequestId(24) generated=60 expected=23399 actual=30 greedy=true pure_decode=true
FLASHINFER_TOKEN_MISMATCH request=RequestId(25) generated=64 expected=983 actual=9612 greedy=true pure_decode=true
FLASHINFER_TOKEN_MISMATCH request=RequestId(26) generated=64 expected=983 actual=9612 greedy=true pure_decode=true
FLASHINFER_TOKEN_MISMATCH request=RequestId(27) generated=60 expected=23399 actual=30 greedy=true pure_decode=true
FLASHINFER_TOKEN_MISMATCH request=RequestId(28) generated=63 expected=1129 actual=34304 greedy=true pure_decode=true
FLASHINFER_TOKEN_MISMATCH request=RequestId(29) generated=63 expected=1129 actual=34304 greedy=true pure_decode=true
FLASHINFER_TOKEN_MISMATCH request=RequestId(30) generated=60 expected=23399 actual=30 greedy=true pure_decode=true
FLASHINFER_TOKEN_MISMATCH request=RequestId(31) generated=62 expected=314 actual=30 greedy=true pure_decode=true
FLASHINFER_TOKEN_MISMATCH request=RequestId(32) generated=62 expected=314 actual=30 greedy=true pure_decode=true
FLASHINFER_TOKEN_MISMATCH request=RequestId(18) generated=62 expected=314 actual=13098 greedy=true pure_decode=true
FLASHINFER_TOKEN_MISMATCH request=RequestId(19) generated=67 expected=9411 actual=3533 greedy=true pure_decode=true
FLASHINFER_TOKEN_MISMATCH request=RequestId(20) generated=67 expected=9411 actual=3533 greedy=true pure_decode=true
FLASHINFER_TOKEN_MISMATCH request=RequestId(21) generated=61 expected=338 actual=436 greedy=true pure_decode=true
FLASHINFER_TOKEN_MISMATCH request=RequestId(22) generated=66 expected=260 actual=6395 greedy=true pure_decode=true
FLASHINFER_TOKEN_MISMATCH request=RequestId(23) generated=66 expected=260 actual=6395 greedy=true pure_decode=true
FLASHINFER_TOKEN_MISMATCH request=RequestId(24) generated=61 expected=338 actual=436 greedy=true pure_decode=true
FLASHINFER_TOKEN_MISMATCH request=RequestId(25) generated=65 expected=281 actual=1766 greedy=true pure_decode=true
FLASHINFER_TOKEN_MISMATCH request=RequestId(26) generated=65 expected=281 actual=1766 greedy=true pure_decode=true
FLASHINFER_TOKEN_MISMATCH request=RequestId(27) generated=61 expected=338 actual=436 greedy=true pure_decode=true
FLASHINFER_TOKEN_MISMATCH request=RequestId(28) generated=64 expected=983 actual=9612 greedy=true pure_decode=true
FLASHINFER_TOKEN_MISMATCH request=RequestId(29) generated=64 expected=983 actual=9612 greedy=true pure_decode=true
FLASHINFER_TOKEN_MISMATCH request=RequestId(30) generated=61 expected=338 actual=436 greedy=true pure_decode=true
FLASHINFER_TOKEN_MISMATCH request=RequestId(31) generated=63 expected=1129 actual=34304 greedy=true pure_decode=true
FLASHINFER_TOKEN_MISMATCH request=RequestId(32) generated=63 expected=1129 actual=34304 greedy=true pure_decode=true
FLASHINFER_TOKEN_MISMATCH request=RequestId(18) generated=63 expected=1129 actual=274 greedy=false pure_decode=true
FLASHINFER_TOKEN_MISMATCH request=RequestId(19) generated=68 expected=282 actual=22004 greedy=false pure_decode=true
FLASHINFER_TOKEN_MISMATCH request=RequestId(20) generated=68 expected=282 actual=22004 greedy=false pure_decode=true
FLASHINFER_TOKEN_MISMATCH request=RequestId(21) generated=62 expected=314 actual=30 greedy=false pure_decode=true
FLASHINFER_TOKEN_MISMATCH request=RequestId(22) generated=67 expected=9411 actual=3533 greedy=false pure_decode=true
FLASHINFER_TOKEN_MISMATCH request=RequestId(23) generated=67 expected=9411 actual=3533 greedy=false pure_decode=true
FLASHINFER_TOKEN_MISMATCH request=RequestId(24) generated=62 expected=314 actual=30 greedy=false pure_decode=true
FLASHINFER_TOKEN_MISMATCH request=RequestId(25) generated=66 expected=260 actual=6395 greedy=false pure_decode=true
FLASHINFER_TOKEN_MISMATCH request=RequestId(26) generated=66 expected=260 actual=6395 greedy=false pure_decode=true
FLASHINFER_TOKEN_MISMATCH request=RequestId(27) generated=62 expected=314 actual=30 greedy=false pure_decode=true
FLASHINFER_TOKEN_MISMATCH request=RequestId(28) generated=65 expected=281 actual=1766 greedy=false pure_decode=true
FLASHINFER_TOKEN_MISMATCH request=RequestId(29) generated=65 expected=281 actual=1766 greedy=false pure_decode=true
FLASHINFER_TOKEN_MISMATCH request=RequestId(30) generated=62 expected=314 actual=30 greedy=false pure_decode=true
FLASHINFER_TOKEN_MISMATCH request=RequestId(31) generated=64 expected=983 actual=9612 greedy=false pure_decode=true
FLASHINFER_TOKEN_MISMATCH request=RequestId(32) generated=64 expected=983 actual=9612 greedy=false pure_decode=true
FLASHINFER_TOKEN_MISMATCH request=RequestId(18) generated=64 expected=983 actual=1711 greedy=true pure_decode=true
FLASHINFER_TOKEN_MISMATCH request=RequestId(19) generated=69 expected=260 actual=30 greedy=true pure_decode=true
FLASHINFER_TOKEN_MISMATCH request=RequestId(20) generated=69 expected=260 actual=30 greedy=true pure_decode=true
FLASHINFER_TOKEN_MISMATCH request=RequestId(21) generated=63 expected=1129 actual=34304 greedy=true pure_decode=true
FLASHINFER_TOKEN_MISMATCH request=RequestId(22) generated=68 expected=282 actual=22004 greedy=true pure_decode=true
FLASHINFER_TOKEN_MISMATCH request=RequestId(23) generated=68 expected=282 actual=22004 greedy=true pure_decode=true
FLASHINFER_TOKEN_MISMATCH request=RequestId(24) generated=63 expected=1129 actual=34304 greedy=true pure_decode=true
FLASHINFER_TOKEN_MISMATCH request=RequestId(25) generated=67 expected=9411 actual=3533 greedy=true pure_decode=true
FLASHINFER_TOKEN_MISMATCH request=RequestId(26) generated=67 expected=9411 actual=3533 greedy=true pure_decode=true
FLASHINFER_TOKEN_MISMATCH request=RequestId(27) generated=63 expected=1129 actual=34304 greedy=true pure_decode=true
FLASHINFER_TOKEN_MISMATCH request=RequestId(28) generated=66 expected=260 actual=6395 greedy=true pure_decode=true
FLASHINFER_TOKEN_MISMATCH request=RequestId(29) generated=66 expected=260 actual=6395 greedy=true pure_decode=true
FLASHINFER_TOKEN_MISMATCH request=RequestId(30) generated=63 expected=1129 actual=34304 greedy=true pure_decode=true
FLASHINFER_TOKEN_MISMATCH request=RequestId(31) generated=65 expected=281 actual=1766 greedy=true pure_decode=true
FLASHINFER_TOKEN_MISMATCH request=RequestId(32) generated=65 expected=281 actual=1766 greedy=true pure_decode=true
FLASHINFER_TOKEN_MISMATCH request=RequestId(18) generated=65 expected=281 actual=1535 greedy=true pure_decode=true
FLASHINFER_TOKEN_MISMATCH request=RequestId(19) generated=70 expected=216 actual=3533 greedy=true pure_decode=true
FLASHINFER_TOKEN_MISMATCH request=RequestId(20) generated=70 expected=216 actual=3533 greedy=true pure_decode=true
FLASHINFER_TOKEN_MISMATCH request=RequestId(21) generated=64 expected=983 actual=9612 greedy=true pure_decode=true
FLASHINFER_TOKEN_MISMATCH request=RequestId(22) generated=69 expected=260 actual=30 greedy=true pure_decode=true
FLASHINFER_TOKEN_MISMATCH request=RequestId(23) generated=69 expected=260 actual=30 greedy=true pure_decode=true
FLASHINFER_TOKEN_MISMATCH request=RequestId(24) generated=64 expected=983 actual=9612 greedy=true pure_decode=true
FLASHINFER_TOKEN_MISMATCH request=RequestId(25) generated=68 expected=282 actual=22004 greedy=true pure_decode=true
FLASHINFER_TOKEN_MISMATCH request=RequestId(26) generated=68 expected=282 actual=22004 greedy=true pure_decode=true
FLASHINFER_TOKEN_MISMATCH request=RequestId(27) generated=64 expected=983 actual=9612 greedy=true pure_decode=true
FLASHINFER_TOKEN_MISMATCH request=RequestId(28) generated=67 expected=9411 actual=3533 greedy=true pure_decode=true
FLASHINFER_TOKEN_MISMATCH request=RequestId(29) generated=67 expected=9411 actual=3533 greedy=true pure_decode=true
FLASHINFER_TOKEN_MISMATCH request=RequestId(30) generated=64 expected=983 actual=9612 greedy=true pure_decode=true
FLASHINFER_TOKEN_MISMATCH request=RequestId(31) generated=66 expected=260 actual=6395 greedy=true pure_decode=true
FLASHINFER_TOKEN_MISMATCH request=RequestId(32) generated=66 expected=260 actual=6395 greedy=true pure_decode=true
FLASHINFER_TOKEN_MISMATCH request=RequestId(18) generated=66 expected=260 actual=37565 greedy=false pure_decode=true
FLASHINFER_TOKEN_MISMATCH request=RequestId(19) generated=71 expected=33 actual=38734 greedy=false pure_decode=true
FLASHINFER_TOKEN_MISMATCH request=RequestId(20) generated=71 expected=33 actual=38734 greedy=false pure_decode=true
FLASHINFER_TOKEN_MISMATCH request=RequestId(21) generated=65 expected=281 actual=1766 greedy=false pure_decode=true
FLASHINFER_TOKEN_MISMATCH request=RequestId(22) generated=70 expected=216 actual=3533 greedy=false pure_decode=true
FLASHINFER_TOKEN_MISMATCH request=RequestId(23) generated=70 expected=216 actual=3533 greedy=false pure_decode=true
FLASHINFER_TOKEN_MISMATCH request=RequestId(24) generated=65 expected=281 actual=1766 greedy=false pure_decode=true
FLASHINFER_TOKEN_MISMATCH request=RequestId(25) generated=69 expected=260 actual=30 greedy=false pure_decode=true
FLASHINFER_TOKEN_MISMATCH request=RequestId(26) generated=69 expected=260 actual=30 greedy=false pure_decode=true
FLASHINFER_TOKEN_MISMATCH request=RequestId(27) generated=65 expected=281 actual=1766 greedy=false pure_decode=true
FLASHINFER_TOKEN_MISMATCH request=RequestId(28) generated=68 expected=282 actual=22004 greedy=false pure_decode=true
FLASHINFER_TOKEN_MISMATCH request=RequestId(29) generated=68 expected=282 actual=22004 greedy=false pure_decode=true
FLASHINFER_TOKEN_MISMATCH request=RequestId(30) generated=65 expected=281 actual=1766 greedy=false pure_decode=true
FLASHINFER_TOKEN_MISMATCH request=RequestId(31) generated=67 expected=9411 actual=3533 greedy=false pure_decode=true
FLASHINFER_TOKEN_MISMATCH request=RequestId(32) generated=67 expected=9411 actual=3533 greedy=false pure_decode=true
FLASHINFER_TOKEN_MISMATCH request=RequestId(18) generated=67 expected=9411 actual=1079 greedy=true pure_decode=true
FLASHINFER_TOKEN_MISMATCH request=RequestId(19) generated=72 expected=41 actual=4274 greedy=true pure_decode=true
FLASHINFER_TOKEN_MISMATCH request=RequestId(20) generated=72 expected=41 actual=4274 greedy=true pure_decode=true
FLASHINFER_TOKEN_MISMATCH request=RequestId(21) generated=66 expected=260 actual=6395 greedy=true pure_decode=true
FLASHINFER_TOKEN_MISMATCH request=RequestId(22) generated=71 expected=33 actual=38734 greedy=true pure_decode=true
FLASHINFER_TOKEN_MISMATCH request=RequestId(23) generated=71 expected=33 actual=38734 greedy=true pure_decode=true
FLASHINFER_TOKEN_MISMATCH request=RequestId(24) generated=66 expected=260 actual=6395 greedy=true pure_decode=true
FLASHINFER_TOKEN_MISMATCH request=RequestId(25) generated=70 expected=216 actual=3533 greedy=true pure_decode=true
FLASHINFER_TOKEN_MISMATCH request=RequestId(26) generated=70 expected=216 actual=3533 greedy=true pure_decode=true
FLASHINFER_TOKEN_MISMATCH request=RequestId(27) generated=66 expected=260 actual=6395 greedy=true pure_decode=true
FLASHINFER_TOKEN_MISMATCH request=RequestId(28) generated=69 expected=260 actual=30 greedy=true pure_decode=true
FLASHINFER_TOKEN_MISMATCH request=RequestId(29) generated=69 expected=260 actual=30 greedy=true pure_decode=true
FLASHINFER_TOKEN_MISMATCH request=RequestId(30) generated=66 expected=260 actual=6395 greedy=true pure_decode=true
FLASHINFER_TOKEN_MISMATCH request=RequestId(31) generated=68 expected=282 actual=22004 greedy=true pure_decode=true
FLASHINFER_TOKEN_MISMATCH request=RequestId(32) generated=68 expected=282 actual=22004 greedy=true pure_decode=true
FLASHINFER_TOKEN_MISMATCH request=RequestId(18) generated=68 expected=282 actual=30 greedy=true pure_decode=true
FLASHINFER_TOKEN_MISMATCH request=RequestId(19) generated=73 expected=37 actual=793 greedy=true pure_decode=true
FLASHINFER_TOKEN_MISMATCH request=RequestId(20) generated=73 expected=37 actual=793 greedy=true pure_decode=true
FLASHINFER_TOKEN_MISMATCH request=RequestId(21) generated=67 expected=9411 actual=3533 greedy=true pure_decode=true
FLASHINFER_TOKEN_MISMATCH request=RequestId(22) generated=72 expected=41 actual=4274 greedy=true pure_decode=true
FLASHINFER_TOKEN_MISMATCH request=RequestId(23) generated=72 expected=41 actual=4274 greedy=true pure_decode=true
FLASHINFER_TOKEN_MISMATCH request=RequestId(24) generated=67 expected=9411 actual=3533 greedy=true pure_decode=true
FLASHINFER_TOKEN_MISMATCH request=RequestId(25) generated=71 expected=33 actual=38734 greedy=true pure_decode=true
FLASHINFER_TOKEN_MISMATCH request=RequestId(26) generated=71 expected=33 actual=38734 greedy=true pure_decode=true
FLASHINFER_TOKEN_MISMATCH request=RequestId(27) generated=67 expected=9411 actual=3533 greedy=true pure_decode=true
FLASHINFER_TOKEN_MISMATCH request=RequestId(28) generated=70 expected=216 actual=3533 greedy=true pure_decode=true
FLASHINFER_TOKEN_MISMATCH request=RequestId(29) generated=70 expected=216 actual=3533 greedy=true pure_decode=true
FLASHINFER_TOKEN_MISMATCH request=RequestId(30) generated=67 expected=9411 actual=3533 greedy=true pure_decode=true
FLASHINFER_TOKEN_MISMATCH request=RequestId(31) generated=69 expected=260 actual=30 greedy=true pure_decode=true
FLASHINFER_TOKEN_MISMATCH request=RequestId(32) generated=69 expected=260 actual=30 greedy=true pure_decode=true
FLASHINFER_TOKEN_MISMATCH request=RequestId(18) generated=69 expected=260 actual=19818 greedy=false pure_decode=true
FLASHINFER_TOKEN_MISMATCH request=RequestId(19) generated=74 expected=32 actual=3427 greedy=false pure_decode=true
FLASHINFER_TOKEN_MISMATCH request=RequestId(20) generated=74 expected=32 actual=3427 greedy=false pure_decode=true
FLASHINFER_TOKEN_MISMATCH request=RequestId(21) generated=68 expected=282 actual=22004 greedy=false pure_decode=true
FLASHINFER_TOKEN_MISMATCH request=RequestId(22) generated=73 expected=37 actual=793 greedy=false pure_decode=true
FLASHINFER_TOKEN_MISMATCH request=RequestId(23) generated=73 expected=37 actual=793 greedy=false pure_decode=true
FLASHINFER_TOKEN_MISMATCH request=RequestId(24) generated=68 expected=282 actual=22004 greedy=false pure_decode=true
FLASHINFER_TOKEN_MISMATCH request=RequestId(25) generated=72 expected=41 actual=4274 greedy=false pure_decode=true
FLASHINFER_TOKEN_MISMATCH request=RequestId(26) generated=72 expected=41 actual=4274 greedy=false pure_decode=true
FLASHINFER_TOKEN_MISMATCH request=RequestId(27) generated=68 expected=282 actual=22004 greedy=false pure_decode=true
FLASHINFER_TOKEN_MISMATCH request=RequestId(28) generated=71 expected=33 actual=38734 greedy=false pure_decode=true
FLASHINFER_TOKEN_MISMATCH request=RequestId(29) generated=71 expected=33 actual=38734 greedy=false pure_decode=true
FLASHINFER_TOKEN_MISMATCH request=RequestId(30) generated=68 expected=282 actual=22004 greedy=false pure_decode=true
FLASHINFER_TOKEN_MISMATCH request=RequestId(31) generated=70 expected=216 actual=3533 greedy=false pure_decode=true
FLASHINFER_TOKEN_MISMATCH request=RequestId(32) generated=70 expected=216 actual=3533 greedy=false pure_decode=true
FLASHINFER_TOKEN_MISMATCH request=RequestId(18) generated=70 expected=216 actual=656 greedy=true pure_decode=true
FLASHINFER_TOKEN_MISMATCH request=RequestId(19) generated=75 expected=506 actual=32861 greedy=true pure_decode=true
FLASHINFER_TOKEN_MISMATCH request=RequestId(20) generated=75 expected=506 actual=32861 greedy=true pure_decode=true
FLASHINFER_TOKEN_MISMATCH request=RequestId(21) generated=69 expected=260 actual=30 greedy=true pure_decode=true
FLASHINFER_TOKEN_MISMATCH request=RequestId(22) generated=74 expected=32 actual=3427 greedy=true pure_decode=true
FLASHINFER_TOKEN_MISMATCH request=RequestId(23) generated=74 expected=32 actual=3427 greedy=true pure_decode=true
FLASHINFER_TOKEN_MISMATCH request=RequestId(24) generated=69 expected=260 actual=30 greedy=true pure_decode=true
FLASHINFER_TOKEN_MISMATCH request=RequestId(25) generated=73 expected=37 actual=793 greedy=true pure_decode=true
FLASHINFER_TOKEN_MISMATCH request=RequestId(26) generated=73 expected=37 actual=793 greedy=true pure_decode=true
FLASHINFER_TOKEN_MISMATCH request=RequestId(27) generated=69 expected=260 actual=30 greedy=true pure_decode=true
FLASHINFER_TOKEN_MISMATCH request=RequestId(28) generated=72 expected=41 actual=4274 greedy=true pure_decode=true
FLASHINFER_TOKEN_MISMATCH request=RequestId(29) generated=72 expected=41 actual=4274 greedy=true pure_decode=true
FLASHINFER_TOKEN_MISMATCH request=RequestId(30) generated=69 expected=260 actual=30 greedy=true pure_decode=true
FLASHINFER_TOKEN_MISMATCH request=RequestId(31) generated=71 expected=33 actual=38734 greedy=true pure_decode=true
FLASHINFER_TOKEN_MISMATCH request=RequestId(32) generated=71 expected=33 actual=38734 greedy=true pure_decode=true
FLASHINFER_TOKEN_MISMATCH request=RequestId(18) generated=71 expected=33 actual=11095 greedy=true pure_decode=true
FLASHINFER_TOKEN_MISMATCH request=RequestId(19) generated=76 expected=1673 actual=20642 greedy=true pure_decode=true
FLASHINFER_TOKEN_MISMATCH request=RequestId(20) generated=76 expected=1673 actual=20642 greedy=true pure_decode=true
FLASHINFER_TOKEN_MISMATCH request=RequestId(21) generated=70 expected=216 actual=3533 greedy=true pure_decode=true
FLASHINFER_TOKEN_MISMATCH request=RequestId(22) generated=75 expected=506 actual=32861 greedy=true pure_decode=true
FLASHINFER_TOKEN_MISMATCH request=RequestId(23) generated=75 expected=506 actual=32861 greedy=true pure_decode=true
FLASHINFER_TOKEN_MISMATCH request=RequestId(24) generated=70 expected=216 actual=3533 greedy=true pure_decode=true
FLASHINFER_TOKEN_MISMATCH request=RequestId(25) generated=74 expected=32 actual=3427 greedy=true pure_decode=true
FLASHINFER_TOKEN_MISMATCH request=RequestId(26) generated=74 expected=32 actual=3427 greedy=true pure_decode=true
FLASHINFER_TOKEN_MISMATCH request=RequestId(27) generated=70 expected=216 actual=3533 greedy=true pure_decode=true
FLASHINFER_TOKEN_MISMATCH request=RequestId(28) generated=73 expected=37 actual=793 greedy=true pure_decode=true
FLASHINFER_TOKEN_MISMATCH request=RequestId(29) generated=73 expected=37 actual=793 greedy=true pure_decode=true
FLASHINFER_TOKEN_MISMATCH request=RequestId(30) generated=70 expected=216 actual=3533 greedy=true pure_decode=true
FLASHINFER_TOKEN_MISMATCH request=RequestId(31) generated=72 expected=41 actual=4274 greedy=true pure_decode=true
FLASHINFER_TOKEN_MISMATCH request=RequestId(32) generated=72 expected=41 actual=4274 greedy=true pure_decode=true
FLASHINFER_TOKEN_MISMATCH request=RequestId(18) generated=72 expected=41 actual=34668 greedy=false pure_decode=true
FLASHINFER_TOKEN_MISMATCH request=RequestId(19) generated=77 expected=378 actual=9612 greedy=false pure_decode=true
FLASHINFER_TOKEN_MISMATCH request=RequestId(20) generated=77 expected=378 actual=9612 greedy=false pure_decode=true
FLASHINFER_TOKEN_MISMATCH request=RequestId(21) generated=71 expected=33 actual=38734 greedy=false pure_decode=true
FLASHINFER_TOKEN_MISMATCH request=RequestId(22) generated=76 expected=1673 actual=20642 greedy=false pure_decode=true
FLASHINFER_TOKEN_MISMATCH request=RequestId(23) generated=76 expected=1673 actual=20642 greedy=false pure_decode=true
FLASHINFER_TOKEN_MISMATCH request=RequestId(24) generated=71 expected=33 actual=38734 greedy=false pure_decode=true
FLASHINFER_TOKEN_MISMATCH request=RequestId(25) generated=75 expected=506 actual=32861 greedy=false pure_decode=true
FLASHINFER_TOKEN_MISMATCH request=RequestId(26) generated=75 expected=506 actual=32861 greedy=false pure_decode=true
FLASHINFER_TOKEN_MISMATCH request=RequestId(27) generated=71 expected=33 actual=38734 greedy=false pure_decode=true
FLASHINFER_TOKEN_MISMATCH request=RequestId(28) generated=74 expected=32 actual=3427 greedy=false pure_decode=true
FLASHINFER_TOKEN_MISMATCH request=RequestId(29) generated=74 expected=32 actual=3427 greedy=false pure_decode=true
FLASHINFER_TOKEN_MISMATCH request=RequestId(30) generated=71 expected=33 actual=38734 greedy=false pure_decode=true
FLASHINFER_TOKEN_MISMATCH request=RequestId(31) generated=73 expected=37 actual=793 greedy=false pure_decode=true
FLASHINFER_TOKEN_MISMATCH request=RequestId(32) generated=73 expected=37 actual=793 greedy=false pure_decode=true
FLASHINFER_TOKEN_MISMATCH request=RequestId(18) generated=73 expected=37 actual=28 greedy=true pure_decode=true
FLASHINFER_TOKEN_MISMATCH request=RequestId(19) generated=78 expected=3870 actual=27603 greedy=true pure_decode=true
FLASHINFER_TOKEN_MISMATCH request=RequestId(20) generated=78 expected=3870 actual=27603 greedy=true pure_decode=true
FLASHINFER_TOKEN_MISMATCH request=RequestId(21) generated=72 expected=41 actual=4274 greedy=true pure_decode=true
FLASHINFER_TOKEN_MISMATCH request=RequestId(22) generated=77 expected=378 actual=9612 greedy=true pure_decode=true
FLASHINFER_TOKEN_MISMATCH request=RequestId(23) generated=77 expected=378 actual=9612 greedy=true pure_decode=true
FLASHINFER_TOKEN_MISMATCH request=RequestId(24) generated=72 expected=41 actual=4274 greedy=true pure_decode=true
FLASHINFER_TOKEN_MISMATCH request=RequestId(25) generated=76 expected=1673 actual=20642 greedy=true pure_decode=true
FLASHINFER_TOKEN_MISMATCH request=RequestId(26) generated=76 expected=1673 actual=20642 greedy=true pure_decode=true
FLASHINFER_TOKEN_MISMATCH request=RequestId(27) generated=72 expected=41 actual=4274 greedy=true pure_decode=true
FLASHINFER_TOKEN_MISMATCH request=RequestId(28) generated=75 expected=506 actual=32861 greedy=true pure_decode=true
FLASHINFER_TOKEN_MISMATCH request=RequestId(29) generated=75 expected=506 actual=32861 greedy=true pure_decode=true
FLASHINFER_TOKEN_MISMATCH request=RequestId(30) generated=72 expected=41 actual=4274 greedy=true pure_decode=true
FLASHINFER_TOKEN_MISMATCH request=RequestId(31) generated=74 expected=32 actual=3427 greedy=true pure_decode=true
FLASHINFER_TOKEN_MISMATCH request=RequestId(32) generated=74 expected=32 actual=3427 greedy=true pure_decode=true
FLASHINFER_TOKEN_MISMATCH request=RequestId(18) generated=74 expected=32 actual=3427 greedy=true pure_decode=true
FLASHINFER_TOKEN_MISMATCH request=RequestId(19) generated=79 expected=359 actual=17626 greedy=true pure_decode=true
FLASHINFER_TOKEN_MISMATCH request=RequestId(20) generated=79 expected=359 actual=17626 greedy=true pure_decode=true
FLASHINFER_TOKEN_MISMATCH request=RequestId(21) generated=73 expected=37 actual=793 greedy=true pure_decode=true
FLASHINFER_TOKEN_MISMATCH request=RequestId(22) generated=78 expected=3870 actual=27603 greedy=true pure_decode=true
FLASHINFER_TOKEN_MISMATCH request=RequestId(23) generated=78 expected=3870 actual=27603 greedy=true pure_decode=true
FLASHINFER_TOKEN_MISMATCH request=RequestId(24) generated=73 expected=37 actual=793 greedy=true pure_decode=true
FLASHINFER_TOKEN_MISMATCH request=RequestId(25) generated=77 expected=378 actual=9612 greedy=true pure_decode=true
FLASHINFER_TOKEN_MISMATCH request=RequestId(26) generated=77 expected=378 actual=9612 greedy=true pure_decode=true
FLASHINFER_TOKEN_MISMATCH request=RequestId(27) generated=73 expected=37 actual=793 greedy=true pure_decode=true
FLASHINFER_TOKEN_MISMATCH request=RequestId(28) generated=76 expected=1673 actual=20642 greedy=true pure_decode=true
FLASHINFER_TOKEN_MISMATCH request=RequestId(29) generated=76 expected=1673 actual=20642 greedy=true pure_decode=true
FLASHINFER_TOKEN_MISMATCH request=RequestId(30) generated=73 expected=37 actual=793 greedy=true pure_decode=true
FLASHINFER_TOKEN_MISMATCH request=RequestId(31) generated=75 expected=506 actual=32861 greedy=true pure_decode=true
FLASHINFER_TOKEN_MISMATCH request=RequestId(32) generated=75 expected=506 actual=32861 greedy=true pure_decode=true
FLASHINFER_TOKEN_MISMATCH request=RequestId(17) generated=81 expected=2452 actual=1673 greedy=false pure_decode=true
FLASHINFER_TOKEN_MISMATCH request=RequestId(18) generated=75 expected=506 actual=32861 greedy=false pure_decode=true
FLASHINFER_TOKEN_MISMATCH request=RequestId(19) generated=80 expected=876 actual=43179 greedy=false pure_decode=true
FLASHINFER_TOKEN_MISMATCH request=RequestId(20) generated=80 expected=876 actual=43179 greedy=false pure_decode=true
FLASHINFER_TOKEN_MISMATCH request=RequestId(21) generated=74 expected=32 actual=3427 greedy=false pure_decode=true
FLASHINFER_TOKEN_MISMATCH request=RequestId(22) generated=79 expected=359 actual=17626 greedy=false pure_decode=true
FLASHINFER_TOKEN_MISMATCH request=RequestId(23) generated=79 expected=359 actual=17626 greedy=false pure_decode=true
FLASHINFER_TOKEN_MISMATCH request=RequestId(24) generated=74 expected=32 actual=3427 greedy=false pure_decode=true
FLASHINFER_TOKEN_MISMATCH request=RequestId(25) generated=78 expected=3870 actual=27603 greedy=false pure_decode=true
FLASHINFER_TOKEN_MISMATCH request=RequestId(26) generated=78 expected=3870 actual=27603 greedy=false pure_decode=true
FLASHINFER_TOKEN_MISMATCH request=RequestId(27) generated=74 expected=32 actual=3427 greedy=false pure_decode=true
FLASHINFER_TOKEN_MISMATCH request=RequestId(28) generated=77 expected=378 actual=9612 greedy=false pure_decode=true
FLASHINFER_TOKEN_MISMATCH request=RequestId(29) generated=77 expected=378 actual=9612 greedy=false pure_decode=true
FLASHINFER_TOKEN_MISMATCH request=RequestId(30) generated=74 expected=32 actual=3427 greedy=false pure_decode=true
FLASHINFER_TOKEN_MISMATCH request=RequestId(31) generated=76 expected=1673 actual=20642 greedy=false pure_decode=true
FLASHINFER_TOKEN_MISMATCH request=RequestId(32) generated=76 expected=1673 actual=20642 greedy=false pure_decode=true
FLASHINFER_TOKEN_MISMATCH request=RequestId(17) generated=82 expected=284 actual=260 greedy=true pure_decode=true
FLASHINFER_TOKEN_MISMATCH request=RequestId(18) generated=76 expected=1673 actual=20642 greedy=true pure_decode=true
FLASHINFER_TOKEN_MISMATCH request=RequestId(19) generated=81 expected=2452 actual=25662 greedy=true pure_decode=true
FLASHINFER_TOKEN_MISMATCH request=RequestId(20) generated=81 expected=2452 actual=25662 greedy=true pure_decode=true
FLASHINFER_TOKEN_MISMATCH request=RequestId(21) generated=75 expected=506 actual=32861 greedy=true pure_decode=true
FLASHINFER_TOKEN_MISMATCH request=RequestId(22) generated=80 expected=876 actual=43179 greedy=true pure_decode=true
FLASHINFER_TOKEN_MISMATCH request=RequestId(23) generated=80 expected=876 actual=43179 greedy=true pure_decode=true
FLASHINFER_TOKEN_MISMATCH request=RequestId(24) generated=75 expected=506 actual=32861 greedy=true pure_decode=true
FLASHINFER_TOKEN_MISMATCH request=RequestId(25) generated=79 expected=359 actual=17626 greedy=true pure_decode=true
FLASHINFER_TOKEN_MISMATCH request=RequestId(26) generated=79 expected=359 actual=17626 greedy=true pure_decode=true
FLASHINFER_TOKEN_MISMATCH request=RequestId(27) generated=75 expected=506 actual=32861 greedy=true pure_decode=true
FLASHINFER_TOKEN_MISMATCH request=RequestId(28) generated=78 expected=3870 actual=27603 greedy=true pure_decode=true
FLASHINFER_TOKEN_MISMATCH request=RequestId(29) generated=78 expected=3870 actual=27603 greedy=true pure_decode=true
FLASHINFER_TOKEN_MISMATCH request=RequestId(30) generated=75 expected=506 actual=32861 greedy=true pure_decode=true
FLASHINFER_TOKEN_MISMATCH request=RequestId(31) generated=77 expected=378 actual=9612 greedy=true pure_decode=true
FLASHINFER_TOKEN_MISMATCH request=RequestId(32) generated=77 expected=378 actual=9612 greedy=true pure_decode=true
FLASHINFER_TOKEN_MISMATCH request=RequestId(18) generated=77 expected=378 actual=9612 greedy=true pure_decode=true
FLASHINFER_TOKEN_MISMATCH request=RequestId(19) generated=82 expected=284 actual=43476 greedy=true pure_decode=true
FLASHINFER_TOKEN_MISMATCH request=RequestId(20) generated=82 expected=284 actual=43476 greedy=true pure_decode=true
FLASHINFER_TOKEN_MISMATCH request=RequestId(21) generated=76 expected=1673 actual=20642 greedy=true pure_decode=true
FLASHINFER_TOKEN_MISMATCH request=RequestId(22) generated=81 expected=2452 actual=25662 greedy=true pure_decode=true
FLASHINFER_TOKEN_MISMATCH request=RequestId(23) generated=81 expected=2452 actual=25662 greedy=true pure_decode=true
FLASHINFER_TOKEN_MISMATCH request=RequestId(24) generated=76 expected=1673 actual=20642 greedy=true pure_decode=true
FLASHINFER_TOKEN_MISMATCH request=RequestId(25) generated=80 expected=876 actual=43179 greedy=true pure_decode=true
FLASHINFER_TOKEN_MISMATCH request=RequestId(26) generated=80 expected=876 actual=43179 greedy=true pure_decode=true
FLASHINFER_TOKEN_MISMATCH request=RequestId(27) generated=76 expected=1673 actual=20642 greedy=true pure_decode=true
FLASHINFER_TOKEN_MISMATCH request=RequestId(28) generated=79 expected=359 actual=17626 greedy=true pure_decode=true
FLASHINFER_TOKEN_MISMATCH request=RequestId(29) generated=79 expected=359 actual=17626 greedy=true pure_decode=true
FLASHINFER_TOKEN_MISMATCH request=RequestId(30) generated=76 expected=1673 actual=20642 greedy=true pure_decode=true
FLASHINFER_TOKEN_MISMATCH request=RequestId(31) generated=78 expected=3870 actual=27603 greedy=true pure_decode=true
FLASHINFER_TOKEN_MISMATCH request=RequestId(32) generated=78 expected=3870 actual=27603 greedy=true pure_decode=true
FLASHINFER_TOKEN_MISMATCH request=RequestId(17) generated=84 expected=5049 actual=1843 greedy=false pure_decode=true
FLASHINFER_TOKEN_MISMATCH request=RequestId(18) generated=78 expected=3870 actual=27603 greedy=false pure_decode=true
FLASHINFER_TOKEN_MISMATCH request=RequestId(19) generated=83 expected=260 actual=9612 greedy=false pure_decode=true
FLASHINFER_TOKEN_MISMATCH request=RequestId(20) generated=83 expected=260 actual=9612 greedy=false pure_decode=true
FLASHINFER_TOKEN_MISMATCH request=RequestId(21) generated=77 expected=378 actual=9612 greedy=false pure_decode=true
FLASHINFER_TOKEN_MISMATCH request=RequestId(22) generated=82 expected=284 actual=43476 greedy=false pure_decode=true
FLASHINFER_TOKEN_MISMATCH request=RequestId(23) generated=82 expected=284 actual=43476 greedy=false pure_decode=true
FLASHINFER_TOKEN_MISMATCH request=RequestId(24) generated=77 expected=378 actual=9612 greedy=false pure_decode=true
FLASHINFER_TOKEN_MISMATCH request=RequestId(25) generated=81 expected=2452 actual=25662 greedy=false pure_decode=true
FLASHINFER_TOKEN_MISMATCH request=RequestId(26) generated=81 expected=2452 actual=25662 greedy=false pure_decode=true
FLASHINFER_TOKEN_MISMATCH request=RequestId(27) generated=77 expected=378 actual=9612 greedy=false pure_decode=true
FLASHINFER_TOKEN_MISMATCH request=RequestId(28) generated=80 expected=876 actual=43179 greedy=false pure_decode=true
FLASHINFER_TOKEN_MISMATCH request=RequestId(29) generated=80 expected=876 actual=43179 greedy=false pure_decode=true
FLASHINFER_TOKEN_MISMATCH request=RequestId(30) generated=77 expected=378 actual=9612 greedy=false pure_decode=true
FLASHINFER_TOKEN_MISMATCH request=RequestId(31) generated=79 expected=359 actual=17626 greedy=false pure_decode=true
FLASHINFER_TOKEN_MISMATCH request=RequestId(32) generated=79 expected=359 actual=17626 greedy=false pure_decode=true
FLASHINFER_TOKEN_MISMATCH request=RequestId(17) generated=85 expected=314 actual=1761 greedy=true pure_decode=true
FLASHINFER_TOKEN_MISMATCH request=RequestId(18) generated=79 expected=359 actual=17626 greedy=true pure_decode=true
FLASHINFER_TOKEN_MISMATCH request=RequestId(19) generated=84 expected=5049 actual=3533 greedy=true pure_decode=true
FLASHINFER_TOKEN_MISMATCH request=RequestId(20) generated=84 expected=5049 actual=3533 greedy=true pure_decode=true
FLASHINFER_TOKEN_MISMATCH request=RequestId(21) generated=78 expected=3870 actual=27603 greedy=true pure_decode=true
FLASHINFER_TOKEN_MISMATCH request=RequestId(22) generated=83 expected=260 actual=9612 greedy=true pure_decode=true
FLASHINFER_TOKEN_MISMATCH request=RequestId(23) generated=83 expected=260 actual=9612 greedy=true pure_decode=true
FLASHINFER_TOKEN_MISMATCH request=RequestId(24) generated=78 expected=3870 actual=27603 greedy=true pure_decode=true
FLASHINFER_TOKEN_MISMATCH request=RequestId(25) generated=82 expected=284 actual=43476 greedy=true pure_decode=true
FLASHINFER_TOKEN_MISMATCH request=RequestId(26) generated=82 expected=284 actual=43476 greedy=true pure_decode=true
FLASHINFER_TOKEN_MISMATCH request=RequestId(27) generated=78 expected=3870 actual=27603 greedy=true pure_decode=true
FLASHINFER_TOKEN_MISMATCH request=RequestId(28) generated=81 expected=2452 actual=25662 greedy=true pure_decode=true
FLASHINFER_TOKEN_MISMATCH request=RequestId(29) generated=81 expected=2452 actual=25662 greedy=true pure_decode=true
FLASHINFER_TOKEN_MISMATCH request=RequestId(30) generated=78 expected=3870 actual=27603 greedy=true pure_decode=true
FLASHINFER_TOKEN_MISMATCH request=RequestId(31) generated=80 expected=876 actual=43179 greedy=true pure_decode=true
FLASHINFER_TOKEN_MISMATCH request=RequestId(32) generated=80 expected=876 actual=43179 greedy=true pure_decode=true
FLASHINFER_TOKEN_MISMATCH request=RequestId(17) generated=86 expected=876 actual=253 greedy=true pure_decode=true
FLASHINFER_TOKEN_MISMATCH request=RequestId(18) generated=80 expected=876 actual=43179 greedy=true pure_decode=true
FLASHINFER_TOKEN_MISMATCH request=RequestId(19) generated=85 expected=314 actual=41281 greedy=true pure_decode=true
FLASHINFER_TOKEN_MISMATCH request=RequestId(20) generated=85 expected=314 actual=41281 greedy=true pure_decode=true
FLASHINFER_TOKEN_MISMATCH request=RequestId(21) generated=79 expected=359 actual=17626 greedy=true pure_decode=true
FLASHINFER_TOKEN_MISMATCH request=RequestId(22) generated=84 expected=5049 actual=3533 greedy=true pure_decode=true
FLASHINFER_TOKEN_MISMATCH request=RequestId(23) generated=84 expected=5049 actual=3533 greedy=true pure_decode=true
FLASHINFER_TOKEN_MISMATCH request=RequestId(24) generated=79 expected=359 actual=17626 greedy=true pure_decode=true
FLASHINFER_TOKEN_MISMATCH request=RequestId(25) generated=83 expected=260 actual=9612 greedy=true pure_decode=true
FLASHINFER_TOKEN_MISMATCH request=RequestId(26) generated=83 expected=260 actual=9612 greedy=true pure_decode=true
FLASHINFER_TOKEN_MISMATCH request=RequestId(27) generated=79 expected=359 actual=17626 greedy=true pure_decode=true
FLASHINFER_TOKEN_MISMATCH request=RequestId(28) generated=82 expected=284 actual=43476 greedy=true pure_decode=true
FLASHINFER_TOKEN_MISMATCH request=RequestId(29) generated=82 expected=284 actual=43476 greedy=true pure_decode=true
FLASHINFER_TOKEN_MISMATCH request=RequestId(30) generated=79 expected=359 actual=17626 greedy=true pure_decode=true
FLASHINFER_TOKEN_MISMATCH request=RequestId(31) generated=81 expected=2452 actual=25662 greedy=true pure_decode=true
FLASHINFER_TOKEN_MISMATCH request=RequestId(32) generated=81 expected=2452 actual=25662 greedy=true pure_decode=true
FLASHINFER_TOKEN_MISMATCH request=RequestId(17) generated=87 expected=2275 actual=2473 greedy=false pure_decode=true
FLASHINFER_TOKEN_MISMATCH request=RequestId(18) generated=81 expected=2452 actual=25662 greedy=false pure_decode=true
FLASHINFER_TOKEN_MISMATCH request=RequestId(19) generated=86 expected=876 actual=34304 greedy=false pure_decode=true
FLASHINFER_TOKEN_MISMATCH request=RequestId(20) generated=86 expected=876 actual=34304 greedy=false pure_decode=true
FLASHINFER_TOKEN_MISMATCH request=RequestId(21) generated=80 expected=876 actual=43179 greedy=false pure_decode=true
FLASHINFER_TOKEN_MISMATCH request=RequestId(22) generated=85 expected=314 actual=41281 greedy=false pure_decode=true
FLASHINFER_TOKEN_MISMATCH request=RequestId(23) generated=85 expected=314 actual=41281 greedy=false pure_decode=true
FLASHINFER_TOKEN_MISMATCH request=RequestId(24) generated=80 expected=876 actual=43179 greedy=false pure_decode=true
FLASHINFER_TOKEN_MISMATCH request=RequestId(25) generated=84 expected=5049 actual=3533 greedy=false pure_decode=true
FLASHINFER_TOKEN_MISMATCH request=RequestId(26) generated=84 expected=5049 actual=3533 greedy=false pure_decode=true
FLASHINFER_TOKEN_MISMATCH request=RequestId(27) generated=80 expected=876 actual=43179 greedy=false pure_decode=true
FLASHINFER_TOKEN_MISMATCH request=RequestId(28) generated=83 expected=260 actual=9612 greedy=false pure_decode=true
FLASHINFER_TOKEN_MISMATCH request=RequestId(29) generated=83 expected=260 actual=9612 greedy=false pure_decode=true
FLASHINFER_TOKEN_MISMATCH request=RequestId(30) generated=80 expected=876 actual=43179 greedy=false pure_decode=true
FLASHINFER_TOKEN_MISMATCH request=RequestId(31) generated=82 expected=284 actual=43476 greedy=false pure_decode=true
FLASHINFER_TOKEN_MISMATCH request=RequestId(32) generated=82 expected=284 actual=43476 greedy=false pure_decode=true
FLASHINFER_TOKEN_MISMATCH request=RequestId(17) generated=88 expected=578 actual=282 greedy=true pure_decode=true
FLASHINFER_TOKEN_MISMATCH request=RequestId(18) generated=82 expected=284 actual=43476 greedy=true pure_decode=true
FLASHINFER_TOKEN_MISMATCH request=RequestId(19) generated=87 expected=2275 actual=25662 greedy=true pure_decode=true
FLASHINFER_TOKEN_MISMATCH request=RequestId(20) generated=87 expected=2275 actual=25662 greedy=true pure_decode=true
FLASHINFER_TOKEN_MISMATCH request=RequestId(21) generated=81 expected=2452 actual=25662 greedy=true pure_decode=true
FLASHINFER_TOKEN_MISMATCH request=RequestId(22) generated=86 expected=876 actual=34304 greedy=true pure_decode=true
FLASHINFER_TOKEN_MISMATCH request=RequestId(23) generated=86 expected=876 actual=34304 greedy=true pure_decode=true
FLASHINFER_TOKEN_MISMATCH request=RequestId(24) generated=81 expected=2452 actual=25662 greedy=true pure_decode=true
FLASHINFER_TOKEN_MISMATCH request=RequestId(25) generated=85 expected=314 actual=41281 greedy=true pure_decode=true
FLASHINFER_TOKEN_MISMATCH request=RequestId(26) generated=85 expected=314 actual=41281 greedy=true pure_decode=true
FLASHINFER_TOKEN_MISMATCH request=RequestId(27) generated=81 expected=2452 actual=25662 greedy=true pure_decode=true
FLASHINFER_TOKEN_MISMATCH request=RequestId(28) generated=84 expected=5049 actual=3533 greedy=true pure_decode=true
FLASHINFER_TOKEN_MISMATCH request=RequestId(29) generated=84 expected=5049 actual=3533 greedy=true pure_decode=true
FLASHINFER_TOKEN_MISMATCH request=RequestId(30) generated=81 expected=2452 actual=25662 greedy=true pure_decode=true
FLASHINFER_TOKEN_MISMATCH request=RequestId(31) generated=83 expected=260 actual=9612 greedy=true pure_decode=true
FLASHINFER_TOKEN_MISMATCH request=RequestId(32) generated=83 expected=260 actual=9612 greedy=true pure_decode=true
FLASHINFER_TOKEN_MISMATCH request=RequestId(17) generated=89 expected=1673 actual=19423 greedy=true pure_decode=true
FLASHINFER_TOKEN_MISMATCH request=RequestId(18) generated=83 expected=260 actual=9612 greedy=true pure_decode=true
FLASHINFER_TOKEN_MISMATCH request=RequestId(19) generated=88 expected=578 actual=28318 greedy=true pure_decode=true
FLASHINFER_TOKEN_MISMATCH request=RequestId(20) generated=88 expected=578 actual=28318 greedy=true pure_decode=true
FLASHINFER_TOKEN_MISMATCH request=RequestId(21) generated=82 expected=284 actual=43476 greedy=true pure_decode=true
FLASHINFER_TOKEN_MISMATCH request=RequestId(22) generated=87 expected=2275 actual=25662 greedy=true pure_decode=true
FLASHINFER_TOKEN_MISMATCH request=RequestId(23) generated=87 expected=2275 actual=25662 greedy=true pure_decode=true
FLASHINFER_TOKEN_MISMATCH request=RequestId(24) generated=82 expected=284 actual=43476 greedy=true pure_decode=true
FLASHINFER_TOKEN_MISMATCH request=RequestId(25) generated=86 expected=876 actual=34304 greedy=true pure_decode=true
FLASHINFER_TOKEN_MISMATCH request=RequestId(26) generated=86 expected=876 actual=34304 greedy=true pure_decode=true
FLASHINFER_TOKEN_MISMATCH request=RequestId(27) generated=82 expected=284 actual=43476 greedy=true pure_decode=true
FLASHINFER_TOKEN_MISMATCH request=RequestId(28) generated=85 expected=314 actual=41281 greedy=true pure_decode=true
FLASHINFER_TOKEN_MISMATCH request=RequestId(29) generated=85 expected=314 actual=41281 greedy=true pure_decode=true
FLASHINFER_TOKEN_MISMATCH request=RequestId(30) generated=82 expected=284 actual=43476 greedy=true pure_decode=true
FLASHINFER_TOKEN_MISMATCH request=RequestId(31) generated=84 expected=5049 actual=3533 greedy=true pure_decode=true
FLASHINFER_TOKEN_MISMATCH request=RequestId(32) generated=84 expected=5049 actual=3533 greedy=true pure_decode=true
FLASHINFER_TOKEN_MISMATCH request=RequestId(17) generated=90 expected=378 actual=1673 greedy=false pure_decode=true
FLASHINFER_TOKEN_MISMATCH request=RequestId(18) generated=84 expected=5049 actual=3533 greedy=false pure_decode=true
FLASHINFER_TOKEN_MISMATCH request=RequestId(19) generated=89 expected=1673 actual=30 greedy=false pure_decode=true
FLASHINFER_TOKEN_MISMATCH request=RequestId(20) generated=89 expected=1673 actual=30 greedy=false pure_decode=true
FLASHINFER_TOKEN_MISMATCH request=RequestId(21) generated=83 expected=260 actual=9612 greedy=false pure_decode=true
FLASHINFER_TOKEN_MISMATCH request=RequestId(22) generated=88 expected=578 actual=28318 greedy=false pure_decode=true
FLASHINFER_TOKEN_MISMATCH request=RequestId(23) generated=88 expected=578 actual=28318 greedy=false pure_decode=true
FLASHINFER_TOKEN_MISMATCH request=RequestId(24) generated=83 expected=260 actual=9612 greedy=false pure_decode=true
FLASHINFER_TOKEN_MISMATCH request=RequestId(25) generated=87 expected=2275 actual=25662 greedy=false pure_decode=true
FLASHINFER_TOKEN_MISMATCH request=RequestId(26) generated=87 expected=2275 actual=25662 greedy=false pure_decode=true
FLASHINFER_TOKEN_MISMATCH request=RequestId(27) generated=83 expected=260 actual=9612 greedy=false pure_decode=true
FLASHINFER_TOKEN_MISMATCH request=RequestId(28) generated=86 expected=876 actual=34304 greedy=false pure_decode=true
FLASHINFER_TOKEN_MISMATCH request=RequestId(29) generated=86 expected=876 actual=34304 greedy=false pure_decode=true
FLASHINFER_TOKEN_MISMATCH request=RequestId(30) generated=83 expected=260 actual=9612 greedy=false pure_decode=true
FLASHINFER_TOKEN_MISMATCH request=RequestId(31) generated=85 expected=314 actual=41281 greedy=false pure_decode=true
FLASHINFER_TOKEN_MISMATCH request=RequestId(32) generated=85 expected=314 actual=41281 greedy=false pure_decode=true
FLASHINFER_TOKEN_MISMATCH request=RequestId(17) generated=91 expected=4771 actual=26332 greedy=true pure_decode=true
FLASHINFER_TOKEN_MISMATCH request=RequestId(18) generated=85 expected=314 actual=41281 greedy=true pure_decode=true
FLASHINFER_TOKEN_MISMATCH request=RequestId(19) generated=90 expected=378 actual=9612 greedy=true pure_decode=true
FLASHINFER_TOKEN_MISMATCH request=RequestId(20) generated=90 expected=378 actual=9612 greedy=true pure_decode=true
FLASHINFER_TOKEN_MISMATCH request=RequestId(21) generated=84 expected=5049 actual=3533 greedy=true pure_decode=true
FLASHINFER_TOKEN_MISMATCH request=RequestId(22) generated=89 expected=1673 actual=30 greedy=true pure_decode=true
FLASHINFER_TOKEN_MISMATCH request=RequestId(23) generated=89 expected=1673 actual=30 greedy=true pure_decode=true
FLASHINFER_TOKEN_MISMATCH request=RequestId(24) generated=84 expected=5049 actual=3533 greedy=true pure_decode=true
FLASHINFER_TOKEN_MISMATCH request=RequestId(25) generated=88 expected=578 actual=28318 greedy=true pure_decode=true
FLASHINFER_TOKEN_MISMATCH request=RequestId(26) generated=88 expected=578 actual=28318 greedy=true pure_decode=true
FLASHINFER_TOKEN_MISMATCH request=RequestId(27) generated=84 expected=5049 actual=3533 greedy=true pure_decode=true
FLASHINFER_TOKEN_MISMATCH request=RequestId(28) generated=87 expected=2275 actual=25662 greedy=true pure_decode=true
FLASHINFER_TOKEN_MISMATCH request=RequestId(29) generated=87 expected=2275 actual=25662 greedy=true pure_decode=true
FLASHINFER_TOKEN_MISMATCH request=RequestId(30) generated=84 expected=5049 actual=3533 greedy=true pure_decode=true
FLASHINFER_TOKEN_MISMATCH request=RequestId(31) generated=86 expected=876 actual=34304 greedy=true pure_decode=true
FLASHINFER_TOKEN_MISMATCH request=RequestId(32) generated=86 expected=876 actual=34304 greedy=true pure_decode=true
FLASHINFER_TOKEN_MISMATCH request=RequestId(17) generated=92 expected=314 actual=8956 greedy=true pure_decode=true
FLASHINFER_TOKEN_MISMATCH request=RequestId(18) generated=86 expected=876 actual=34304 greedy=true pure_decode=true
FLASHINFER_TOKEN_MISMATCH request=RequestId(19) generated=91 expected=4771 actual=27603 greedy=true pure_decode=true
FLASHINFER_TOKEN_MISMATCH request=RequestId(20) generated=91 expected=4771 actual=27603 greedy=true pure_decode=true
FLASHINFER_TOKEN_MISMATCH request=RequestId(21) generated=85 expected=314 actual=41281 greedy=true pure_decode=true
FLASHINFER_TOKEN_MISMATCH request=RequestId(22) generated=90 expected=378 actual=9612 greedy=true pure_decode=true
FLASHINFER_TOKEN_MISMATCH request=RequestId(23) generated=90 expected=378 actual=9612 greedy=true pure_decode=true
FLASHINFER_TOKEN_MISMATCH request=RequestId(24) generated=85 expected=314 actual=41281 greedy=true pure_decode=true
FLASHINFER_TOKEN_MISMATCH request=RequestId(25) generated=89 expected=1673 actual=30 greedy=true pure_decode=true
FLASHINFER_TOKEN_MISMATCH request=RequestId(26) generated=89 expected=1673 actual=30 greedy=true pure_decode=true
FLASHINFER_TOKEN_MISMATCH request=RequestId(27) generated=85 expected=314 actual=41281 greedy=true pure_decode=true
FLASHINFER_TOKEN_MISMATCH request=RequestId(28) generated=88 expected=578 actual=28318 greedy=true pure_decode=true
FLASHINFER_TOKEN_MISMATCH request=RequestId(29) generated=88 expected=578 actual=28318 greedy=true pure_decode=true
FLASHINFER_TOKEN_MISMATCH request=RequestId(30) generated=85 expected=314 actual=41281 greedy=true pure_decode=true
FLASHINFER_TOKEN_MISMATCH request=RequestId(31) generated=87 expected=2275 actual=25662 greedy=true pure_decode=true
FLASHINFER_TOKEN_MISMATCH request=RequestId(32) generated=87 expected=2275 actual=25662 greedy=true pure_decode=true
FLASHINFER_TOKEN_MISMATCH request=RequestId(17) generated=93 expected=253 actual=4130 greedy=false pure_decode=true
FLASHINFER_TOKEN_MISMATCH request=RequestId(18) generated=87 expected=2275 actual=25662 greedy=false pure_decode=true
FLASHINFER_TOKEN_MISMATCH request=RequestId(19) generated=92 expected=314 actual=28 greedy=false pure_decode=true
FLASHINFER_TOKEN_MISMATCH request=RequestId(20) generated=92 expected=314 actual=28 greedy=false pure_decode=true
FLASHINFER_TOKEN_MISMATCH request=RequestId(21) generated=86 expected=876 actual=34304 greedy=false pure_decode=true
FLASHINFER_TOKEN_MISMATCH request=RequestId(22) generated=91 expected=4771 actual=27603 greedy=false pure_decode=true
FLASHINFER_TOKEN_MISMATCH request=RequestId(23) generated=91 expected=4771 actual=27603 greedy=false pure_decode=true
FLASHINFER_TOKEN_MISMATCH request=RequestId(24) generated=86 expected=876 actual=34304 greedy=false pure_decode=true
FLASHINFER_TOKEN_MISMATCH request=RequestId(25) generated=90 expected=378 actual=9612 greedy=false pure_decode=true
FLASHINFER_TOKEN_MISMATCH request=RequestId(26) generated=90 expected=378 actual=9612 greedy=false pure_decode=true
FLASHINFER_TOKEN_MISMATCH request=RequestId(27) generated=86 expected=876 actual=34304 greedy=false pure_decode=true
FLASHINFER_TOKEN_MISMATCH request=RequestId(28) generated=89 expected=1673 actual=30 greedy=false pure_decode=true
FLASHINFER_TOKEN_MISMATCH request=RequestId(29) generated=89 expected=1673 actual=30 greedy=false pure_decode=true
FLASHINFER_TOKEN_MISMATCH request=RequestId(30) generated=86 expected=876 actual=34304 greedy=false pure_decode=true
FLASHINFER_TOKEN_MISMATCH request=RequestId(31) generated=88 expected=578 actual=28318 greedy=false pure_decode=true
FLASHINFER_TOKEN_MISMATCH request=RequestId(32) generated=88 expected=578 actual=28318 greedy=false pure_decode=true
FLASHINFER_TOKEN_MISMATCH request=RequestId(17) generated=94 expected=1123 actual=1246 greedy=true pure_decode=true
FLASHINFER_TOKEN_MISMATCH request=RequestId(18) generated=88 expected=578 actual=28318 greedy=true pure_decode=true
FLASHINFER_TOKEN_MISMATCH request=RequestId(19) generated=93 expected=253 actual=34304 greedy=true pure_decode=true
FLASHINFER_TOKEN_MISMATCH request=RequestId(20) generated=93 expected=253 actual=34304 greedy=true pure_decode=true
FLASHINFER_TOKEN_MISMATCH request=RequestId(21) generated=87 expected=2275 actual=25662 greedy=true pure_decode=true
FLASHINFER_TOKEN_MISMATCH request=RequestId(22) generated=92 expected=314 actual=28 greedy=true pure_decode=true
FLASHINFER_TOKEN_MISMATCH request=RequestId(23) generated=92 expected=314 actual=28 greedy=true pure_decode=true
FLASHINFER_TOKEN_MISMATCH request=RequestId(24) generated=87 expected=2275 actual=25662 greedy=true pure_decode=true
FLASHINFER_TOKEN_MISMATCH request=RequestId(25) generated=91 expected=4771 actual=27603 greedy=true pure_decode=true
FLASHINFER_TOKEN_MISMATCH request=RequestId(26) generated=91 expected=4771 actual=27603 greedy=true pure_decode=true
FLASHINFER_TOKEN_MISMATCH request=RequestId(27) generated=87 expected=2275 actual=25662 greedy=true pure_decode=true
FLASHINFER_TOKEN_MISMATCH request=RequestId(28) generated=90 expected=378 actual=9612 greedy=true pure_decode=true
FLASHINFER_TOKEN_MISMATCH request=RequestId(29) generated=90 expected=378 actual=9612 greedy=true pure_decode=true
FLASHINFER_TOKEN_MISMATCH request=RequestId(30) generated=87 expected=2275 actual=25662 greedy=true pure_decode=true
FLASHINFER_TOKEN_MISMATCH request=RequestId(31) generated=89 expected=1673 actual=30 greedy=true pure_decode=true
FLASHINFER_TOKEN_MISMATCH request=RequestId(32) generated=89 expected=1673 actual=30 greedy=true pure_decode=true
FLASHINFER_TOKEN_MISMATCH request=RequestId(17) generated=95 expected=1183 actual=12318 greedy=true pure_decode=true
FLASHINFER_TOKEN_MISMATCH request=RequestId(18) generated=89 expected=1673 actual=30 greedy=true pure_decode=true
FLASHINFER_TOKEN_MISMATCH request=RequestId(19) generated=94 expected=1123 actual=450 greedy=true pure_decode=true
FLASHINFER_TOKEN_MISMATCH request=RequestId(20) generated=94 expected=1123 actual=450 greedy=true pure_decode=true
FLASHINFER_TOKEN_MISMATCH request=RequestId(21) generated=88 expected=578 actual=28318 greedy=true pure_decode=true
FLASHINFER_TOKEN_MISMATCH request=RequestId(22) generated=93 expected=253 actual=34304 greedy=true pure_decode=true
FLASHINFER_TOKEN_MISMATCH request=RequestId(23) generated=93 expected=253 actual=34304 greedy=true pure_decode=true
FLASHINFER_TOKEN_MISMATCH request=RequestId(24) generated=88 expected=578 actual=28318 greedy=true pure_decode=true
FLASHINFER_TOKEN_MISMATCH request=RequestId(25) generated=92 expected=314 actual=28 greedy=true pure_decode=true
FLASHINFER_TOKEN_MISMATCH request=RequestId(26) generated=92 expected=314 actual=28 greedy=true pure_decode=true
FLASHINFER_TOKEN_MISMATCH request=RequestId(27) generated=88 expected=578 actual=28318 greedy=true pure_decode=true
FLASHINFER_TOKEN_MISMATCH request=RequestId(28) generated=91 expected=4771 actual=27603 greedy=true pure_decode=true
FLASHINFER_TOKEN_MISMATCH request=RequestId(29) generated=91 expected=4771 actual=27603 greedy=true pure_decode=true
FLASHINFER_TOKEN_MISMATCH request=RequestId(30) generated=88 expected=578 actual=28318 greedy=true pure_decode=true
FLASHINFER_TOKEN_MISMATCH request=RequestId(31) generated=90 expected=378 actual=9612 greedy=true pure_decode=true
FLASHINFER_TOKEN_MISMATCH request=RequestId(32) generated=90 expected=378 actual=9612 greedy=true pure_decode=true
FLASHINFER_TOKEN_MISMATCH request=RequestId(17) generated=96 expected=282 actual=327 greedy=false pure_decode=true
FLASHINFER_TOKEN_MISMATCH request=RequestId(18) generated=90 expected=378 actual=9612 greedy=false pure_decode=true
FLASHINFER_TOKEN_MISMATCH request=RequestId(19) generated=95 expected=1183 actual=793 greedy=false pure_decode=true
FLASHINFER_TOKEN_MISMATCH request=RequestId(20) generated=95 expected=1183 actual=793 greedy=false pure_decode=true
FLASHINFER_TOKEN_MISMATCH request=RequestId(21) generated=89 expected=1673 actual=30 greedy=false pure_decode=true
FLASHINFER_TOKEN_MISMATCH request=RequestId(22) generated=94 expected=1123 actual=450 greedy=false pure_decode=true
FLASHINFER_TOKEN_MISMATCH request=RequestId(23) generated=94 expected=1123 actual=450 greedy=false pure_decode=true
FLASHINFER_TOKEN_MISMATCH request=RequestId(24) generated=89 expected=1673 actual=30 greedy=false pure_decode=true
FLASHINFER_TOKEN_MISMATCH request=RequestId(25) generated=93 expected=253 actual=34304 greedy=false pure_decode=true
FLASHINFER_TOKEN_MISMATCH request=RequestId(26) generated=93 expected=253 actual=34304 greedy=false pure_decode=true
FLASHINFER_TOKEN_MISMATCH request=RequestId(27) generated=89 expected=1673 actual=30 greedy=false pure_decode=true
FLASHINFER_TOKEN_MISMATCH request=RequestId(28) generated=92 expected=314 actual=28 greedy=false pure_decode=true
FLASHINFER_TOKEN_MISMATCH request=RequestId(29) generated=92 expected=314 actual=28 greedy=false pure_decode=true
FLASHINFER_TOKEN_MISMATCH request=RequestId(30) generated=89 expected=1673 actual=30 greedy=false pure_decode=true
FLASHINFER_TOKEN_MISMATCH request=RequestId(31) generated=91 expected=4771 actual=27603 greedy=false pure_decode=true
FLASHINFER_TOKEN_MISMATCH request=RequestId(32) generated=91 expected=4771 actual=27603 greedy=false pure_decode=true
FLASHINFER_TOKEN_MISMATCH request=RequestId(18) generated=91 expected=4771 actual=27603 greedy=true pure_decode=true
FLASHINFER_TOKEN_MISMATCH request=RequestId(19) generated=96 expected=282 actual=35603 greedy=true pure_decode=true
FLASHINFER_TOKEN_MISMATCH request=RequestId(20) generated=96 expected=282 actual=35603 greedy=true pure_decode=true
FLASHINFER_TOKEN_MISMATCH request=RequestId(21) generated=90 expected=378 actual=9612 greedy=true pure_decode=true
FLASHINFER_TOKEN_MISMATCH request=RequestId(22) generated=95 expected=1183 actual=793 greedy=true pure_decode=true
FLASHINFER_TOKEN_MISMATCH request=RequestId(23) generated=95 expected=1183 actual=793 greedy=true pure_decode=true
FLASHINFER_TOKEN_MISMATCH request=RequestId(24) generated=90 expected=378 actual=9612 greedy=true pure_decode=true
FLASHINFER_TOKEN_MISMATCH request=RequestId(25) generated=94 expected=1123 actual=450 greedy=true pure_decode=true
FLASHINFER_TOKEN_MISMATCH request=RequestId(26) generated=94 expected=1123 actual=450 greedy=true pure_decode=true
FLASHINFER_TOKEN_MISMATCH request=RequestId(27) generated=90 expected=378 actual=9612 greedy=true pure_decode=true
FLASHINFER_TOKEN_MISMATCH request=RequestId(28) generated=93 expected=253 actual=34304 greedy=true pure_decode=true
FLASHINFER_TOKEN_MISMATCH request=RequestId(29) generated=93 expected=253 actual=34304 greedy=true pure_decode=true
FLASHINFER_TOKEN_MISMATCH request=RequestId(30) generated=90 expected=378 actual=9612 greedy=true pure_decode=true
FLASHINFER_TOKEN_MISMATCH request=RequestId(31) generated=92 expected=314 actual=28 greedy=true pure_decode=true
FLASHINFER_TOKEN_MISMATCH request=RequestId(32) generated=92 expected=314 actual=28 greedy=true pure_decode=true
FLASHINFER_TOKEN_MISMATCH request=RequestId(17) generated=98 expected=1502 actual=656 greedy=true pure_decode=true
FLASHINFER_TOKEN_MISMATCH request=RequestId(18) generated=92 expected=314 actual=28 greedy=true pure_decode=true
FLASHINFER_TOKEN_MISMATCH request=RequestId(19) generated=97 expected=260 actual=30 greedy=true pure_decode=true
FLASHINFER_TOKEN_MISMATCH request=RequestId(20) generated=97 expected=260 actual=30 greedy=true pure_decode=true
FLASHINFER_TOKEN_MISMATCH request=RequestId(21) generated=91 expected=4771 actual=27603 greedy=true pure_decode=true
FLASHINFER_TOKEN_MISMATCH request=RequestId(22) generated=96 expected=282 actual=35603 greedy=true pure_decode=true
FLASHINFER_TOKEN_MISMATCH request=RequestId(23) generated=96 expected=282 actual=35603 greedy=true pure_decode=true
FLASHINFER_TOKEN_MISMATCH request=RequestId(24) generated=91 expected=4771 actual=27603 greedy=true pure_decode=true
FLASHINFER_TOKEN_MISMATCH request=RequestId(25) generated=95 expected=1183 actual=793 greedy=true pure_decode=true
FLASHINFER_TOKEN_MISMATCH request=RequestId(26) generated=95 expected=1183 actual=793 greedy=true pure_decode=true
FLASHINFER_TOKEN_MISMATCH request=RequestId(27) generated=91 expected=4771 actual=27603 greedy=true pure_decode=true
FLASHINFER_TOKEN_MISMATCH request=RequestId(28) generated=94 expected=1123 actual=450 greedy=true pure_decode=true
FLASHINFER_TOKEN_MISMATCH request=RequestId(29) generated=94 expected=1123 actual=450 greedy=true pure_decode=true
FLASHINFER_TOKEN_MISMATCH request=RequestId(30) generated=91 expected=4771 actual=27603 greedy=true pure_decode=true
FLASHINFER_TOKEN_MISMATCH request=RequestId(31) generated=93 expected=253 actual=34304 greedy=true pure_decode=true
FLASHINFER_TOKEN_MISMATCH request=RequestId(32) generated=93 expected=253 actual=34304 greedy=true pure_decode=true
FLASHINFER_TOKEN_MISMATCH request=RequestId(17) generated=99 expected=282 actual=21140 greedy=false pure_decode=true
FLASHINFER_TOKEN_MISMATCH request=RequestId(18) generated=93 expected=253 actual=34304 greedy=false pure_decode=true
FLASHINFER_TOKEN_MISMATCH request=RequestId(19) generated=98 expected=1502 actual=3533 greedy=false pure_decode=true
FLASHINFER_TOKEN_MISMATCH request=RequestId(20) generated=98 expected=1502 actual=3533 greedy=false pure_decode=true
FLASHINFER_TOKEN_MISMATCH request=RequestId(21) generated=92 expected=314 actual=28 greedy=false pure_decode=true
FLASHINFER_TOKEN_MISMATCH request=RequestId(22) generated=97 expected=260 actual=30 greedy=false pure_decode=true
FLASHINFER_TOKEN_MISMATCH request=RequestId(23) generated=97 expected=260 actual=30 greedy=false pure_decode=true
FLASHINFER_TOKEN_MISMATCH request=RequestId(24) generated=92 expected=314 actual=28 greedy=false pure_decode=true
FLASHINFER_TOKEN_MISMATCH request=RequestId(25) generated=96 expected=282 actual=35603 greedy=false pure_decode=true
FLASHINFER_TOKEN_MISMATCH request=RequestId(26) generated=96 expected=282 actual=35603 greedy=false pure_decode=true
FLASHINFER_TOKEN_MISMATCH request=RequestId(27) generated=92 expected=314 actual=28 greedy=false pure_decode=true
FLASHINFER_TOKEN_MISMATCH request=RequestId(28) generated=95 expected=1183 actual=793 greedy=false pure_decode=true
FLASHINFER_TOKEN_MISMATCH request=RequestId(29) generated=95 expected=1183 actual=793 greedy=false pure_decode=true
FLASHINFER_TOKEN_MISMATCH request=RequestId(30) generated=92 expected=314 actual=28 greedy=false pure_decode=true
FLASHINFER_TOKEN_MISMATCH request=RequestId(31) generated=94 expected=1123 actual=450 greedy=false pure_decode=true
FLASHINFER_TOKEN_MISMATCH request=RequestId(32) generated=94 expected=1123 actual=450 greedy=false pure_decode=true
FLASHINFER_TOKEN_MISMATCH request=RequestId(17) generated=100 expected=23399 actual=17626 greedy=true pure_decode=true
FLASHINFER_TOKEN_MISMATCH request=RequestId(18) generated=94 expected=1123 actual=450 greedy=true pure_decode=true
FLASHINFER_TOKEN_MISMATCH request=RequestId(19) generated=99 expected=282 actual=30 greedy=true pure_decode=true
FLASHINFER_TOKEN_MISMATCH request=RequestId(20) generated=99 expected=282 actual=30 greedy=true pure_decode=true
FLASHINFER_TOKEN_MISMATCH request=RequestId(21) generated=93 expected=253 actual=34304 greedy=true pure_decode=true
FLASHINFER_TOKEN_MISMATCH request=RequestId(22) generated=98 expected=1502 actual=3533 greedy=true pure_decode=true
FLASHINFER_TOKEN_MISMATCH request=RequestId(23) generated=98 expected=1502 actual=3533 greedy=true pure_decode=true
FLASHINFER_TOKEN_MISMATCH request=RequestId(24) generated=93 expected=253 actual=34304 greedy=true pure_decode=true
FLASHINFER_TOKEN_MISMATCH request=RequestId(25) generated=97 expected=260 actual=30 greedy=true pure_decode=true
FLASHINFER_TOKEN_MISMATCH request=RequestId(26) generated=97 expected=260 actual=30 greedy=true pure_decode=true
FLASHINFER_TOKEN_MISMATCH request=RequestId(27) generated=93 expected=253 actual=34304 greedy=true pure_decode=true
FLASHINFER_TOKEN_MISMATCH request=RequestId(28) generated=96 expected=282 actual=35603 greedy=true pure_decode=true
FLASHINFER_TOKEN_MISMATCH request=RequestId(29) generated=96 expected=282 actual=35603 greedy=true pure_decode=true
FLASHINFER_TOKEN_MISMATCH request=RequestId(30) generated=93 expected=253 actual=34304 greedy=true pure_decode=true
FLASHINFER_TOKEN_MISMATCH request=RequestId(31) generated=95 expected=1183 actual=793 greedy=true pure_decode=true
FLASHINFER_TOKEN_MISMATCH request=RequestId(32) generated=95 expected=1183 actual=793 greedy=true pure_decode=true
FLASHINFER_TOKEN_MISMATCH request=RequestId(17) generated=101 expected=338 actual=9768 greedy=true pure_decode=true
FLASHINFER_TOKEN_MISMATCH request=RequestId(18) generated=95 expected=1183 actual=793 greedy=true pure_decode=true
FLASHINFER_TOKEN_MISMATCH request=RequestId(19) generated=100 expected=23399 actual=30 greedy=true pure_decode=true
FLASHINFER_TOKEN_MISMATCH request=RequestId(20) generated=100 expected=23399 actual=30 greedy=true pure_decode=true
FLASHINFER_TOKEN_MISMATCH request=RequestId(21) generated=94 expected=1123 actual=450 greedy=true pure_decode=true
FLASHINFER_TOKEN_MISMATCH request=RequestId(22) generated=99 expected=282 actual=30 greedy=true pure_decode=true
FLASHINFER_TOKEN_MISMATCH request=RequestId(23) generated=99 expected=282 actual=30 greedy=true pure_decode=true
FLASHINFER_TOKEN_MISMATCH request=RequestId(24) generated=94 expected=1123 actual=450 greedy=true pure_decode=true
FLASHINFER_TOKEN_MISMATCH request=RequestId(25) generated=98 expected=1502 actual=3533 greedy=true pure_decode=true
FLASHINFER_TOKEN_MISMATCH request=RequestId(26) generated=98 expected=1502 actual=3533 greedy=true pure_decode=true
FLASHINFER_TOKEN_MISMATCH request=RequestId(27) generated=94 expected=1123 actual=450 greedy=true pure_decode=true
FLASHINFER_TOKEN_MISMATCH request=RequestId(28) generated=97 expected=260 actual=30 greedy=true pure_decode=true
FLASHINFER_TOKEN_MISMATCH request=RequestId(29) generated=97 expected=260 actual=30 greedy=true pure_decode=true
FLASHINFER_TOKEN_MISMATCH request=RequestId(30) generated=94 expected=1123 actual=450 greedy=true pure_decode=true
FLASHINFER_TOKEN_MISMATCH request=RequestId(31) generated=96 expected=282 actual=35603 greedy=true pure_decode=true
FLASHINFER_TOKEN_MISMATCH request=RequestId(32) generated=96 expected=282 actual=35603 greedy=true pure_decode=true
FLASHINFER_TOKEN_MISMATCH request=RequestId(17) generated=102 expected=314 actual=357 greedy=false pure_decode=true
FLASHINFER_TOKEN_MISMATCH request=RequestId(18) generated=96 expected=282 actual=35603 greedy=false pure_decode=true
FLASHINFER_TOKEN_MISMATCH request=RequestId(19) generated=101 expected=338 actual=436 greedy=false pure_decode=true
FLASHINFER_TOKEN_MISMATCH request=RequestId(20) generated=101 expected=338 actual=436 greedy=false pure_decode=true
FLASHINFER_TOKEN_MISMATCH request=RequestId(21) generated=95 expected=1183 actual=793 greedy=false pure_decode=true
FLASHINFER_TOKEN_MISMATCH request=RequestId(22) generated=100 expected=23399 actual=30 greedy=false pure_decode=true
FLASHINFER_TOKEN_MISMATCH request=RequestId(23) generated=100 expected=23399 actual=30 greedy=false pure_decode=true
FLASHINFER_TOKEN_MISMATCH request=RequestId(24) generated=95 expected=1183 actual=793 greedy=false pure_decode=true
FLASHINFER_TOKEN_MISMATCH request=RequestId(25) generated=99 expected=282 actual=30 greedy=false pure_decode=true
FLASHINFER_TOKEN_MISMATCH request=RequestId(26) generated=99 expected=282 actual=30 greedy=false pure_decode=true
FLASHINFER_TOKEN_MISMATCH request=RequestId(27) generated=95 expected=1183 actual=793 greedy=false pure_decode=true
FLASHINFER_TOKEN_MISMATCH request=RequestId(28) generated=98 expected=1502 actual=3533 greedy=false pure_decode=true
FLASHINFER_TOKEN_MISMATCH request=RequestId(29) generated=98 expected=1502 actual=3533 greedy=false pure_decode=true
FLASHINFER_TOKEN_MISMATCH request=RequestId(30) generated=95 expected=1183 actual=793 greedy=false pure_decode=true
FLASHINFER_TOKEN_MISMATCH request=RequestId(31) generated=97 expected=260 actual=30 greedy=false pure_decode=true
FLASHINFER_TOKEN_MISMATCH request=RequestId(32) generated=97 expected=260 actual=30 greedy=false pure_decode=true
FLASHINFER_TOKEN_MISMATCH request=RequestId(17) generated=103 expected=1129 actual=851 greedy=true pure_decode=true
FLASHINFER_TOKEN_MISMATCH request=RequestId(18) generated=97 expected=260 actual=30 greedy=true pure_decode=true
FLASHINFER_TOKEN_MISMATCH request=RequestId(19) generated=102 expected=314 actual=30 greedy=true pure_decode=true
FLASHINFER_TOKEN_MISMATCH request=RequestId(20) generated=102 expected=314 actual=30 greedy=true pure_decode=true
FLASHINFER_TOKEN_MISMATCH request=RequestId(21) generated=96 expected=282 actual=35603 greedy=true pure_decode=true
FLASHINFER_TOKEN_MISMATCH request=RequestId(22) generated=101 expected=338 actual=436 greedy=true pure_decode=true
FLASHINFER_TOKEN_MISMATCH request=RequestId(23) generated=101 expected=338 actual=436 greedy=true pure_decode=true
FLASHINFER_TOKEN_MISMATCH request=RequestId(24) generated=96 expected=282 actual=35603 greedy=true pure_decode=true
FLASHINFER_TOKEN_MISMATCH request=RequestId(25) generated=100 expected=23399 actual=30 greedy=true pure_decode=true
FLASHINFER_TOKEN_MISMATCH request=RequestId(26) generated=100 expected=23399 actual=30 greedy=true pure_decode=true
FLASHINFER_TOKEN_MISMATCH request=RequestId(27) generated=96 expected=282 actual=35603 greedy=true pure_decode=true
FLASHINFER_TOKEN_MISMATCH request=RequestId(28) generated=99 expected=282 actual=30 greedy=true pure_decode=true
FLASHINFER_TOKEN_MISMATCH request=RequestId(29) generated=99 expected=282 actual=30 greedy=true pure_decode=true
FLASHINFER_TOKEN_MISMATCH request=RequestId(30) generated=96 expected=282 actual=35603 greedy=true pure_decode=true
FLASHINFER_TOKEN_MISMATCH request=RequestId(31) generated=98 expected=1502 actual=3533 greedy=true pure_decode=true
FLASHINFER_TOKEN_MISMATCH request=RequestId(32) generated=98 expected=1502 actual=3533 greedy=true pure_decode=true
FLASHINFER_TOKEN_MISMATCH request=RequestId(17) generated=104 expected=983 actual=5644 greedy=true pure_decode=true
FLASHINFER_TOKEN_MISMATCH request=RequestId(18) generated=98 expected=1502 actual=3533 greedy=true pure_decode=true
FLASHINFER_TOKEN_MISMATCH request=RequestId(19) generated=103 expected=1129 actual=34304 greedy=true pure_decode=true
FLASHINFER_TOKEN_MISMATCH request=RequestId(20) generated=103 expected=1129 actual=34304 greedy=true pure_decode=true
FLASHINFER_TOKEN_MISMATCH request=RequestId(21) generated=97 expected=260 actual=30 greedy=true pure_decode=true
FLASHINFER_TOKEN_MISMATCH request=RequestId(22) generated=102 expected=314 actual=30 greedy=true pure_decode=true
FLASHINFER_TOKEN_MISMATCH request=RequestId(23) generated=102 expected=314 actual=30 greedy=true pure_decode=true
FLASHINFER_TOKEN_MISMATCH request=RequestId(24) generated=97 expected=260 actual=30 greedy=true pure_decode=true
FLASHINFER_TOKEN_MISMATCH request=RequestId(25) generated=101 expected=338 actual=436 greedy=true pure_decode=true
FLASHINFER_TOKEN_MISMATCH request=RequestId(26) generated=101 expected=338 actual=436 greedy=true pure_decode=true
FLASHINFER_TOKEN_MISMATCH request=RequestId(27) generated=97 expected=260 actual=30 greedy=true pure_decode=true
FLASHINFER_TOKEN_MISMATCH request=RequestId(28) generated=100 expected=23399 actual=30 greedy=true pure_decode=true
FLASHINFER_TOKEN_MISMATCH request=RequestId(29) generated=100 expected=23399 actual=30 greedy=true pure_decode=true
FLASHINFER_TOKEN_MISMATCH request=RequestId(30) generated=97 expected=260 actual=30 greedy=true pure_decode=true
FLASHINFER_TOKEN_MISMATCH request=RequestId(31) generated=99 expected=282 actual=30 greedy=true pure_decode=true
FLASHINFER_TOKEN_MISMATCH request=RequestId(32) generated=99 expected=282 actual=30 greedy=true pure_decode=true
FLASHINFER_TOKEN_MISMATCH request=RequestId(17) generated=105 expected=281 actual=38734 greedy=false pure_decode=true
FLASHINFER_TOKEN_MISMATCH request=RequestId(18) generated=99 expected=282 actual=30 greedy=false pure_decode=true
FLASHINFER_TOKEN_MISMATCH request=RequestId(19) generated=104 expected=983 actual=9612 greedy=false pure_decode=true
FLASHINFER_TOKEN_MISMATCH request=RequestId(20) generated=104 expected=983 actual=9612 greedy=false pure_decode=true
FLASHINFER_TOKEN_MISMATCH request=RequestId(21) generated=98 expected=1502 actual=3533 greedy=false pure_decode=true
FLASHINFER_TOKEN_MISMATCH request=RequestId(22) generated=103 expected=1129 actual=34304 greedy=false pure_decode=true
FLASHINFER_TOKEN_MISMATCH request=RequestId(23) generated=103 expected=1129 actual=34304 greedy=false pure_decode=true
FLASHINFER_TOKEN_MISMATCH request=RequestId(24) generated=98 expected=1502 actual=3533 greedy=false pure_decode=true
FLASHINFER_TOKEN_MISMATCH request=RequestId(25) generated=102 expected=314 actual=30 greedy=false pure_decode=true
FLASHINFER_TOKEN_MISMATCH request=RequestId(26) generated=102 expected=314 actual=30 greedy=false pure_decode=true
FLASHINFER_TOKEN_MISMATCH request=RequestId(27) generated=98 expected=1502 actual=3533 greedy=false pure_decode=true
FLASHINFER_TOKEN_MISMATCH request=RequestId(28) generated=101 expected=338 actual=436 greedy=false pure_decode=true
FLASHINFER_TOKEN_MISMATCH request=RequestId(29) generated=101 expected=338 actual=436 greedy=false pure_decode=true
FLASHINFER_TOKEN_MISMATCH request=RequestId(30) generated=98 expected=1502 actual=3533 greedy=false pure_decode=true
FLASHINFER_TOKEN_MISMATCH request=RequestId(31) generated=100 expected=23399 actual=30 greedy=false pure_decode=true
FLASHINFER_TOKEN_MISMATCH request=RequestId(32) generated=100 expected=23399 actual=30 greedy=false pure_decode=true
FLASHINFER_TOKEN_MISMATCH request=RequestId(17) generated=106 expected=260 actual=30791 greedy=true pure_decode=true
FLASHINFER_TOKEN_MISMATCH request=RequestId(18) generated=100 expected=23399 actual=30 greedy=true pure_decode=true
FLASHINFER_TOKEN_MISMATCH request=RequestId(19) generated=105 expected=281 actual=1766 greedy=true pure_decode=true
FLASHINFER_TOKEN_MISMATCH request=RequestId(20) generated=105 expected=281 actual=1766 greedy=true pure_decode=true
FLASHINFER_TOKEN_MISMATCH request=RequestId(21) generated=99 expected=282 actual=30 greedy=true pure_decode=true
FLASHINFER_TOKEN_MISMATCH request=RequestId(22) generated=104 expected=983 actual=9612 greedy=true pure_decode=true
FLASHINFER_TOKEN_MISMATCH request=RequestId(23) generated=104 expected=983 actual=9612 greedy=true pure_decode=true
FLASHINFER_TOKEN_MISMATCH request=RequestId(24) generated=99 expected=282 actual=30 greedy=true pure_decode=true
FLASHINFER_TOKEN_MISMATCH request=RequestId(25) generated=103 expected=1129 actual=34304 greedy=true pure_decode=true
FLASHINFER_TOKEN_MISMATCH request=RequestId(26) generated=103 expected=1129 actual=34304 greedy=true pure_decode=true
FLASHINFER_TOKEN_MISMATCH request=RequestId(27) generated=99 expected=282 actual=30 greedy=true pure_decode=true
FLASHINFER_TOKEN_MISMATCH request=RequestId(28) generated=102 expected=314 actual=30 greedy=true pure_decode=true
FLASHINFER_TOKEN_MISMATCH request=RequestId(29) generated=102 expected=314 actual=30 greedy=true pure_decode=true
FLASHINFER_TOKEN_MISMATCH request=RequestId(30) generated=99 expected=282 actual=30 greedy=true pure_decode=true
FLASHINFER_TOKEN_MISMATCH request=RequestId(31) generated=101 expected=338 actual=436 greedy=true pure_decode=true
FLASHINFER_TOKEN_MISMATCH request=RequestId(32) generated=101 expected=338 actual=436 greedy=true pure_decode=true
FLASHINFER_TOKEN_MISMATCH request=RequestId(17) generated=107 expected=9411 actual=6217 greedy=true pure_decode=true
FLASHINFER_TOKEN_MISMATCH request=RequestId(18) generated=101 expected=338 actual=436 greedy=true pure_decode=true
FLASHINFER_TOKEN_MISMATCH request=RequestId(19) generated=106 expected=260 actual=6395 greedy=true pure_decode=true
FLASHINFER_TOKEN_MISMATCH request=RequestId(20) generated=106 expected=260 actual=6395 greedy=true pure_decode=true
FLASHINFER_TOKEN_MISMATCH request=RequestId(21) generated=100 expected=23399 actual=30 greedy=true pure_decode=true
FLASHINFER_TOKEN_MISMATCH request=RequestId(22) generated=105 expected=281 actual=1766 greedy=true pure_decode=true
FLASHINFER_TOKEN_MISMATCH request=RequestId(23) generated=105 expected=281 actual=1766 greedy=true pure_decode=true
FLASHINFER_TOKEN_MISMATCH request=RequestId(24) generated=100 expected=23399 actual=30 greedy=true pure_decode=true
FLASHINFER_TOKEN_MISMATCH request=RequestId(25) generated=104 expected=983 actual=9612 greedy=true pure_decode=true
FLASHINFER_TOKEN_MISMATCH request=RequestId(26) generated=104 expected=983 actual=9612 greedy=true pure_decode=true
FLASHINFER_TOKEN_MISMATCH request=RequestId(27) generated=100 expected=23399 actual=30 greedy=true pure_decode=true
FLASHINFER_TOKEN_MISMATCH request=RequestId(28) generated=103 expected=1129 actual=34304 greedy=true pure_decode=true
FLASHINFER_TOKEN_MISMATCH request=RequestId(29) generated=103 expected=1129 actual=34304 greedy=true pure_decode=true
FLASHINFER_TOKEN_MISMATCH request=RequestId(30) generated=100 expected=23399 actual=30 greedy=true pure_decode=true
FLASHINFER_TOKEN_MISMATCH request=RequestId(31) generated=102 expected=314 actual=30 greedy=true pure_decode=true
FLASHINFER_TOKEN_MISMATCH request=RequestId(32) generated=102 expected=314 actual=30 greedy=true pure_decode=true
FLASHINFER_TOKEN_MISMATCH request=RequestId(17) generated=108 expected=282 actual=30 greedy=false pure_decode=true
FLASHINFER_TOKEN_MISMATCH request=RequestId(18) generated=102 expected=314 actual=30 greedy=false pure_decode=true
FLASHINFER_TOKEN_MISMATCH request=RequestId(19) generated=107 expected=9411 actual=3533 greedy=false pure_decode=true
FLASHINFER_TOKEN_MISMATCH request=RequestId(20) generated=107 expected=9411 actual=3533 greedy=false pure_decode=true
FLASHINFER_TOKEN_MISMATCH request=RequestId(21) generated=101 expected=338 actual=436 greedy=false pure_decode=true
FLASHINFER_TOKEN_MISMATCH request=RequestId(22) generated=106 expected=260 actual=6395 greedy=false pure_decode=true
FLASHINFER_TOKEN_MISMATCH request=RequestId(23) generated=106 expected=260 actual=6395 greedy=false pure_decode=true
FLASHINFER_TOKEN_MISMATCH request=RequestId(24) generated=101 expected=338 actual=436 greedy=false pure_decode=true
FLASHINFER_TOKEN_MISMATCH request=RequestId(25) generated=105 expected=281 actual=1766 greedy=false pure_decode=true
FLASHINFER_TOKEN_MISMATCH request=RequestId(26) generated=105 expected=281 actual=1766 greedy=false pure_decode=true
FLASHINFER_TOKEN_MISMATCH request=RequestId(27) generated=101 expected=338 actual=436 greedy=false pure_decode=true
FLASHINFER_TOKEN_MISMATCH request=RequestId(28) generated=104 expected=983 actual=9612 greedy=false pure_decode=true
FLASHINFER_TOKEN_MISMATCH request=RequestId(29) generated=104 expected=983 actual=9612 greedy=false pure_decode=true
FLASHINFER_TOKEN_MISMATCH request=RequestId(30) generated=101 expected=338 actual=436 greedy=false pure_decode=true
FLASHINFER_TOKEN_MISMATCH request=RequestId(31) generated=103 expected=1129 actual=34304 greedy=false pure_decode=true
FLASHINFER_TOKEN_MISMATCH request=RequestId(32) generated=103 expected=1129 actual=34304 greedy=false pure_decode=true
FLASHINFER_TOKEN_MISMATCH request=RequestId(17) generated=109 expected=260 actual=30791 greedy=true pure_decode=true
FLASHINFER_TOKEN_MISMATCH request=RequestId(18) generated=103 expected=1129 actual=34304 greedy=true pure_decode=true
FLASHINFER_TOKEN_MISMATCH request=RequestId(19) generated=108 expected=282 actual=22004 greedy=true pure_decode=true
FLASHINFER_TOKEN_MISMATCH request=RequestId(20) generated=108 expected=282 actual=22004 greedy=true pure_decode=true
FLASHINFER_TOKEN_MISMATCH request=RequestId(21) generated=102 expected=314 actual=30 greedy=true pure_decode=true
FLASHINFER_TOKEN_MISMATCH request=RequestId(22) generated=107 expected=9411 actual=3533 greedy=true pure_decode=true
FLASHINFER_TOKEN_MISMATCH request=RequestId(23) generated=107 expected=9411 actual=3533 greedy=true pure_decode=true
FLASHINFER_TOKEN_MISMATCH request=RequestId(24) generated=102 expected=314 actual=30 greedy=true pure_decode=true
FLASHINFER_TOKEN_MISMATCH request=RequestId(25) generated=106 expected=260 actual=6395 greedy=true pure_decode=true
FLASHINFER_TOKEN_MISMATCH request=RequestId(26) generated=106 expected=260 actual=6395 greedy=true pure_decode=true
FLASHINFER_TOKEN_MISMATCH request=RequestId(27) generated=102 expected=314 actual=30 greedy=true pure_decode=true
FLASHINFER_TOKEN_MISMATCH request=RequestId(28) generated=105 expected=281 actual=1766 greedy=true pure_decode=true
FLASHINFER_TOKEN_MISMATCH request=RequestId(29) generated=105 expected=281 actual=1766 greedy=true pure_decode=true
FLASHINFER_TOKEN_MISMATCH request=RequestId(30) generated=102 expected=314 actual=30 greedy=true pure_decode=true
FLASHINFER_TOKEN_MISMATCH request=RequestId(31) generated=104 expected=983 actual=9612 greedy=true pure_decode=true
FLASHINFER_TOKEN_MISMATCH request=RequestId(32) generated=104 expected=983 actual=9612 greedy=true pure_decode=true
FLASHINFER_TOKEN_MISMATCH request=RequestId(17) generated=110 expected=216 actual=3427 greedy=true pure_decode=true
FLASHINFER_TOKEN_MISMATCH request=RequestId(18) generated=104 expected=983 actual=9612 greedy=true pure_decode=true
FLASHINFER_TOKEN_MISMATCH request=RequestId(19) generated=109 expected=260 actual=30 greedy=true pure_decode=true
FLASHINFER_TOKEN_MISMATCH request=RequestId(20) generated=109 expected=260 actual=30 greedy=true pure_decode=true
FLASHINFER_TOKEN_MISMATCH request=RequestId(21) generated=103 expected=1129 actual=34304 greedy=true pure_decode=true
FLASHINFER_TOKEN_MISMATCH request=RequestId(22) generated=108 expected=282 actual=22004 greedy=true pure_decode=true
FLASHINFER_TOKEN_MISMATCH request=RequestId(23) generated=108 expected=282 actual=22004 greedy=true pure_decode=true
FLASHINFER_TOKEN_MISMATCH request=RequestId(24) generated=103 expected=1129 actual=34304 greedy=true pure_decode=true
FLASHINFER_TOKEN_MISMATCH request=RequestId(25) generated=107 expected=9411 actual=3533 greedy=true pure_decode=true
FLASHINFER_TOKEN_MISMATCH request=RequestId(26) generated=107 expected=9411 actual=3533 greedy=true pure_decode=true
FLASHINFER_TOKEN_MISMATCH request=RequestId(27) generated=103 expected=1129 actual=34304 greedy=true pure_decode=true
FLASHINFER_TOKEN_MISMATCH request=RequestId(28) generated=106 expected=260 actual=6395 greedy=true pure_decode=true
FLASHINFER_TOKEN_MISMATCH request=RequestId(29) generated=106 expected=260 actual=6395 greedy=true pure_decode=true
FLASHINFER_TOKEN_MISMATCH request=RequestId(30) generated=103 expected=1129 actual=34304 greedy=true pure_decode=true
FLASHINFER_TOKEN_MISMATCH request=RequestId(31) generated=105 expected=281 actual=1766 greedy=true pure_decode=true
FLASHINFER_TOKEN_MISMATCH request=RequestId(32) generated=105 expected=281 actual=1766 greedy=true pure_decode=true
FLASHINFER_TOKEN_MISMATCH request=RequestId(17) generated=111 expected=33 actual=38734 greedy=false pure_decode=true
FLASHINFER_TOKEN_MISMATCH request=RequestId(18) generated=105 expected=281 actual=1766 greedy=false pure_decode=true
FLASHINFER_TOKEN_MISMATCH request=RequestId(19) generated=110 expected=216 actual=3533 greedy=false pure_decode=true
FLASHINFER_TOKEN_MISMATCH request=RequestId(20) generated=110 expected=216 actual=3533 greedy=false pure_decode=true
FLASHINFER_TOKEN_MISMATCH request=RequestId(21) generated=104 expected=983 actual=9612 greedy=false pure_decode=true
FLASHINFER_TOKEN_MISMATCH request=RequestId(22) generated=109 expected=260 actual=30 greedy=false pure_decode=true
FLASHINFER_TOKEN_MISMATCH request=RequestId(23) generated=109 expected=260 actual=30 greedy=false pure_decode=true
FLASHINFER_TOKEN_MISMATCH request=RequestId(24) generated=104 expected=983 actual=9612 greedy=false pure_decode=true
FLASHINFER_TOKEN_MISMATCH request=RequestId(25) generated=108 expected=282 actual=22004 greedy=false pure_decode=true
FLASHINFER_TOKEN_MISMATCH request=RequestId(26) generated=108 expected=282 actual=22004 greedy=false pure_decode=true
FLASHINFER_TOKEN_MISMATCH request=RequestId(27) generated=104 expected=983 actual=9612 greedy=false pure_decode=true
FLASHINFER_TOKEN_MISMATCH request=RequestId(28) generated=107 expected=9411 actual=3533 greedy=false pure_decode=true
FLASHINFER_TOKEN_MISMATCH request=RequestId(29) generated=107 expected=9411 actual=3533 greedy=false pure_decode=true
FLASHINFER_TOKEN_MISMATCH request=RequestId(30) generated=104 expected=983 actual=9612 greedy=false pure_decode=true
FLASHINFER_TOKEN_MISMATCH request=RequestId(31) generated=106 expected=260 actual=6395 greedy=false pure_decode=true
FLASHINFER_TOKEN_MISMATCH request=RequestId(32) generated=106 expected=260 actual=6395 greedy=false pure_decode=true
FLASHINFER_TOKEN_MISMATCH request=RequestId(16) generated=112 expected=41 actual=32 greedy=true pure_decode=true
FLASHINFER_TOKEN_MISMATCH request=RequestId(17) generated=112 expected=41 actual=4274 greedy=true pure_decode=true
FLASHINFER_TOKEN_MISMATCH request=RequestId(18) generated=106 expected=260 actual=6395 greedy=true pure_decode=true
FLASHINFER_TOKEN_MISMATCH request=RequestId(19) generated=111 expected=33 actual=38734 greedy=true pure_decode=true
FLASHINFER_TOKEN_MISMATCH request=RequestId(20) generated=111 expected=33 actual=38734 greedy=true pure_decode=true
FLASHINFER_TOKEN_MISMATCH request=RequestId(21) generated=105 expected=281 actual=1766 greedy=true pure_decode=true
FLASHINFER_TOKEN_MISMATCH request=RequestId(22) generated=110 expected=216 actual=3533 greedy=true pure_decode=true
FLASHINFER_TOKEN_MISMATCH request=RequestId(23) generated=110 expected=216 actual=3533 greedy=true pure_decode=true
FLASHINFER_TOKEN_MISMATCH request=RequestId(24) generated=105 expected=281 actual=1766 greedy=true pure_decode=true
FLASHINFER_TOKEN_MISMATCH request=RequestId(25) generated=109 expected=260 actual=30 greedy=true pure_decode=true
FLASHINFER_TOKEN_MISMATCH request=RequestId(26) generated=109 expected=260 actual=30 greedy=true pure_decode=true
FLASHINFER_TOKEN_MISMATCH request=RequestId(27) generated=105 expected=281 actual=1766 greedy=true pure_decode=true
FLASHINFER_TOKEN_MISMATCH request=RequestId(28) generated=108 expected=282 actual=22004 greedy=true pure_decode=true
FLASHINFER_TOKEN_MISMATCH request=RequestId(29) generated=108 expected=282 actual=22004 greedy=true pure_decode=true
FLASHINFER_TOKEN_MISMATCH request=RequestId(30) generated=105 expected=281 actual=1766 greedy=true pure_decode=true
FLASHINFER_TOKEN_MISMATCH request=RequestId(31) generated=107 expected=9411 actual=3533 greedy=true pure_decode=true
FLASHINFER_TOKEN_MISMATCH request=RequestId(32) generated=107 expected=9411 actual=3533 greedy=true pure_decode=true
FLASHINFER_TOKEN_MISMATCH request=RequestId(16) generated=113 expected=37 actual=1673 greedy=true pure_decode=true
FLASHINFER_TOKEN_MISMATCH request=RequestId(17) generated=113 expected=37 actual=793 greedy=true pure_decode=true
FLASHINFER_TOKEN_MISMATCH request=RequestId(18) generated=107 expected=9411 actual=3533 greedy=true pure_decode=true
FLASHINFER_TOKEN_MISMATCH request=RequestId(19) generated=112 expected=41 actual=4274 greedy=true pure_decode=true
FLASHINFER_TOKEN_MISMATCH request=RequestId(20) generated=112 expected=41 actual=4274 greedy=true pure_decode=true
FLASHINFER_TOKEN_MISMATCH request=RequestId(21) generated=106 expected=260 actual=6395 greedy=true pure_decode=true
FLASHINFER_TOKEN_MISMATCH request=RequestId(22) generated=111 expected=33 actual=38734 greedy=true pure_decode=true
FLASHINFER_TOKEN_MISMATCH request=RequestId(23) generated=111 expected=33 actual=38734 greedy=true pure_decode=true
FLASHINFER_TOKEN_MISMATCH request=RequestId(24) generated=106 expected=260 actual=6395 greedy=true pure_decode=true
FLASHINFER_TOKEN_MISMATCH request=RequestId(25) generated=110 expected=216 actual=3533 greedy=true pure_decode=true
FLASHINFER_TOKEN_MISMATCH request=RequestId(26) generated=110 expected=216 actual=3533 greedy=true pure_decode=true
FLASHINFER_TOKEN_MISMATCH request=RequestId(27) generated=106 expected=260 actual=6395 greedy=true pure_decode=true
FLASHINFER_TOKEN_MISMATCH request=RequestId(28) generated=109 expected=260 actual=30 greedy=true pure_decode=true
FLASHINFER_TOKEN_MISMATCH request=RequestId(29) generated=109 expected=260 actual=30 greedy=true pure_decode=true
FLASHINFER_TOKEN_MISMATCH request=RequestId(30) generated=106 expected=260 actual=6395 greedy=true pure_decode=true
FLASHINFER_TOKEN_MISMATCH request=RequestId(31) generated=108 expected=282 actual=22004 greedy=true pure_decode=true
FLASHINFER_TOKEN_MISMATCH request=RequestId(32) generated=108 expected=282 actual=22004 greedy=true pure_decode=true
FLASHINFER_TOKEN_MISMATCH request=RequestId(16) generated=114 expected=32 actual=18 greedy=false pure_decode=true
FLASHINFER_TOKEN_MISMATCH request=RequestId(17) generated=114 expected=32 actual=3427 greedy=false pure_decode=true
FLASHINFER_TOKEN_MISMATCH request=RequestId(18) generated=108 expected=282 actual=22004 greedy=false pure_decode=true
FLASHINFER_TOKEN_MISMATCH request=RequestId(19) generated=113 expected=37 actual=793 greedy=false pure_decode=true
FLASHINFER_TOKEN_MISMATCH request=RequestId(20) generated=113 expected=37 actual=793 greedy=false pure_decode=true
FLASHINFER_TOKEN_MISMATCH request=RequestId(21) generated=107 expected=9411 actual=3533 greedy=false pure_decode=true
FLASHINFER_TOKEN_MISMATCH request=RequestId(22) generated=112 expected=41 actual=4274 greedy=false pure_decode=true
FLASHINFER_TOKEN_MISMATCH request=RequestId(23) generated=112 expected=41 actual=4274 greedy=false pure_decode=true
FLASHINFER_TOKEN_MISMATCH request=RequestId(24) generated=107 expected=9411 actual=3533 greedy=false pure_decode=true
FLASHINFER_TOKEN_MISMATCH request=RequestId(25) generated=111 expected=33 actual=38734 greedy=false pure_decode=true
FLASHINFER_TOKEN_MISMATCH request=RequestId(26) generated=111 expected=33 actual=38734 greedy=false pure_decode=true
FLASHINFER_TOKEN_MISMATCH request=RequestId(27) generated=107 expected=9411 actual=3533 greedy=false pure_decode=true
FLASHINFER_TOKEN_MISMATCH request=RequestId(28) generated=110 expected=216 actual=3533 greedy=false pure_decode=true
FLASHINFER_TOKEN_MISMATCH request=RequestId(29) generated=110 expected=216 actual=3533 greedy=false pure_decode=true
FLASHINFER_TOKEN_MISMATCH request=RequestId(30) generated=107 expected=9411 actual=3533 greedy=false pure_decode=true
FLASHINFER_TOKEN_MISMATCH request=RequestId(31) generated=109 expected=260 actual=30 greedy=false pure_decode=true
FLASHINFER_TOKEN_MISMATCH request=RequestId(32) generated=109 expected=260 actual=30 greedy=false pure_decode=true
FLASHINFER_TOKEN_MISMATCH request=RequestId(16) generated=115 expected=506 actual=86 greedy=true pure_decode=true
FLASHINFER_TOKEN_MISMATCH request=RequestId(17) generated=115 expected=506 actual=32861 greedy=true pure_decode=true
FLASHINFER_TOKEN_MISMATCH request=RequestId(18) generated=109 expected=260 actual=30 greedy=true pure_decode=true
FLASHINFER_TOKEN_MISMATCH request=RequestId(19) generated=114 expected=32 actual=3427 greedy=true pure_decode=true
FLASHINFER_TOKEN_MISMATCH request=RequestId(20) generated=114 expected=32 actual=3427 greedy=true pure_decode=true
FLASHINFER_TOKEN_MISMATCH request=RequestId(21) generated=108 expected=282 actual=22004 greedy=true pure_decode=true
FLASHINFER_TOKEN_MISMATCH request=RequestId(22) generated=113 expected=37 actual=793 greedy=true pure_decode=true
FLASHINFER_TOKEN_MISMATCH request=RequestId(23) generated=113 expected=37 actual=793 greedy=true pure_decode=true
FLASHINFER_TOKEN_MISMATCH request=RequestId(24) generated=108 expected=282 actual=22004 greedy=true pure_decode=true
FLASHINFER_TOKEN_MISMATCH request=RequestId(25) generated=112 expected=41 actual=4274 greedy=true pure_decode=true
FLASHINFER_TOKEN_MISMATCH request=RequestId(26) generated=112 expected=41 actual=4274 greedy=true pure_decode=true
FLASHINFER_TOKEN_MISMATCH request=RequestId(27) generated=108 expected=282 actual=22004 greedy=true pure_decode=true
FLASHINFER_TOKEN_MISMATCH request=RequestId(28) generated=111 expected=33 actual=38734 greedy=true pure_decode=true
FLASHINFER_TOKEN_MISMATCH request=RequestId(29) generated=111 expected=33 actual=38734 greedy=true pure_decode=true
FLASHINFER_TOKEN_MISMATCH request=RequestId(30) generated=108 expected=282 actual=22004 greedy=true pure_decode=true
FLASHINFER_TOKEN_MISMATCH request=RequestId(31) generated=110 expected=216 actual=3533 greedy=true pure_decode=true
FLASHINFER_TOKEN_MISMATCH request=RequestId(32) generated=110 expected=216 actual=3533 greedy=true pure_decode=true
FLASHINFER_TOKEN_MISMATCH request=RequestId(16) generated=116 expected=1673 actual=260 greedy=true pure_decode=true
FLASHINFER_TOKEN_MISMATCH request=RequestId(17) generated=116 expected=1673 actual=20642 greedy=true pure_decode=true
FLASHINFER_TOKEN_MISMATCH request=RequestId(18) generated=110 expected=216 actual=3533 greedy=true pure_decode=true
FLASHINFER_TOKEN_MISMATCH request=RequestId(19) generated=115 expected=506 actual=32861 greedy=true pure_decode=true
FLASHINFER_TOKEN_MISMATCH request=RequestId(20) generated=115 expected=506 actual=32861 greedy=true pure_decode=true
FLASHINFER_TOKEN_MISMATCH request=RequestId(21) generated=109 expected=260 actual=30 greedy=true pure_decode=true
FLASHINFER_TOKEN_MISMATCH request=RequestId(22) generated=114 expected=32 actual=3427 greedy=true pure_decode=true
FLASHINFER_TOKEN_MISMATCH request=RequestId(23) generated=114 expected=32 actual=3427 greedy=true pure_decode=true
FLASHINFER_TOKEN_MISMATCH request=RequestId(24) generated=109 expected=260 actual=30 greedy=true pure_decode=true
FLASHINFER_TOKEN_MISMATCH request=RequestId(25) generated=113 expected=37 actual=793 greedy=true pure_decode=true
FLASHINFER_TOKEN_MISMATCH request=RequestId(26) generated=113 expected=37 actual=793 greedy=true pure_decode=true
FLASHINFER_TOKEN_MISMATCH request=RequestId(27) generated=109 expected=260 actual=30 greedy=true pure_decode=true
FLASHINFER_TOKEN_MISMATCH request=RequestId(28) generated=112 expected=41 actual=4274 greedy=true pure_decode=true
FLASHINFER_TOKEN_MISMATCH request=RequestId(29) generated=112 expected=41 actual=4274 greedy=true pure_decode=true
FLASHINFER_TOKEN_MISMATCH request=RequestId(30) generated=109 expected=260 actual=30 greedy=true pure_decode=true
FLASHINFER_TOKEN_MISMATCH request=RequestId(31) generated=111 expected=33 actual=38734 greedy=true pure_decode=true
FLASHINFER_TOKEN_MISMATCH request=RequestId(32) generated=111 expected=33 actual=38734 greedy=true pure_decode=true
FLASHINFER_TOKEN_MISMATCH request=RequestId(17) generated=117 expected=378 actual=9612 greedy=false pure_decode=true
FLASHINFER_TOKEN_MISMATCH request=RequestId(18) generated=111 expected=33 actual=38734 greedy=false pure_decode=true
FLASHINFER_TOKEN_MISMATCH request=RequestId(19) generated=116 expected=1673 actual=20642 greedy=false pure_decode=true
FLASHINFER_TOKEN_MISMATCH request=RequestId(20) generated=116 expected=1673 actual=20642 greedy=false pure_decode=true
FLASHINFER_TOKEN_MISMATCH request=RequestId(21) generated=110 expected=216 actual=3533 greedy=false pure_decode=true
FLASHINFER_TOKEN_MISMATCH request=RequestId(22) generated=115 expected=506 actual=32861 greedy=false pure_decode=true
FLASHINFER_TOKEN_MISMATCH request=RequestId(23) generated=115 expected=506 actual=32861 greedy=false pure_decode=true
FLASHINFER_TOKEN_MISMATCH request=RequestId(24) generated=110 expected=216 actual=3533 greedy=false pure_decode=true
FLASHINFER_TOKEN_MISMATCH request=RequestId(25) generated=114 expected=32 actual=3427 greedy=false pure_decode=true
FLASHINFER_TOKEN_MISMATCH request=RequestId(26) generated=114 expected=32 actual=3427 greedy=false pure_decode=true
FLASHINFER_TOKEN_MISMATCH request=RequestId(27) generated=110 expected=216 actual=3533 greedy=false pure_decode=true
FLASHINFER_TOKEN_MISMATCH request=RequestId(28) generated=113 expected=37 actual=793 greedy=false pure_decode=true
FLASHINFER_TOKEN_MISMATCH request=RequestId(29) generated=113 expected=37 actual=793 greedy=false pure_decode=true
FLASHINFER_TOKEN_MISMATCH request=RequestId(30) generated=110 expected=216 actual=3533 greedy=false pure_decode=true
FLASHINFER_TOKEN_MISMATCH request=RequestId(31) generated=112 expected=41 actual=4274 greedy=false pure_decode=true
FLASHINFER_TOKEN_MISMATCH request=RequestId(32) generated=112 expected=41 actual=4274 greedy=false pure_decode=true
FLASHINFER_TOKEN_MISMATCH request=RequestId(16) generated=118 expected=3870 actual=26332 greedy=true pure_decode=true
FLASHINFER_TOKEN_MISMATCH request=RequestId(17) generated=118 expected=3870 actual=27603 greedy=true pure_decode=true
FLASHINFER_TOKEN_MISMATCH request=RequestId(18) generated=112 expected=41 actual=4274 greedy=true pure_decode=true
FLASHINFER_TOKEN_MISMATCH request=RequestId(19) generated=117 expected=378 actual=9612 greedy=true pure_decode=true
FLASHINFER_TOKEN_MISMATCH request=RequestId(20) generated=117 expected=378 actual=9612 greedy=true pure_decode=true
FLASHINFER_TOKEN_MISMATCH request=RequestId(21) generated=111 expected=33 actual=38734 greedy=true pure_decode=true
FLASHINFER_TOKEN_MISMATCH request=RequestId(22) generated=116 expected=1673 actual=20642 greedy=true pure_decode=true
FLASHINFER_TOKEN_MISMATCH request=RequestId(23) generated=116 expected=1673 actual=20642 greedy=true pure_decode=true
FLASHINFER_TOKEN_MISMATCH request=RequestId(24) generated=111 expected=33 actual=38734 greedy=true pure_decode=true
FLASHINFER_TOKEN_MISMATCH request=RequestId(25) generated=115 expected=506 actual=32861 greedy=true pure_decode=true
FLASHINFER_TOKEN_MISMATCH request=RequestId(26) generated=115 expected=506 actual=32861 greedy=true pure_decode=true
FLASHINFER_TOKEN_MISMATCH request=RequestId(27) generated=111 expected=33 actual=38734 greedy=true pure_decode=true
FLASHINFER_TOKEN_MISMATCH request=RequestId(28) generated=114 expected=32 actual=3427 greedy=true pure_decode=true
FLASHINFER_TOKEN_MISMATCH request=RequestId(29) generated=114 expected=32 actual=3427 greedy=true pure_decode=true
FLASHINFER_TOKEN_MISMATCH request=RequestId(30) generated=111 expected=33 actual=38734 greedy=true pure_decode=true
FLASHINFER_TOKEN_MISMATCH request=RequestId(31) generated=113 expected=37 actual=793 greedy=true pure_decode=true
FLASHINFER_TOKEN_MISMATCH request=RequestId(32) generated=113 expected=37 actual=793 greedy=true pure_decode=true
FLASHINFER_TOKEN_MISMATCH request=RequestId(17) generated=119 expected=359 actual=17626 greedy=true pure_decode=true
FLASHINFER_TOKEN_MISMATCH request=RequestId(18) generated=113 expected=37 actual=793 greedy=true pure_decode=true
FLASHINFER_TOKEN_MISMATCH request=RequestId(19) generated=118 expected=3870 actual=27603 greedy=true pure_decode=true
FLASHINFER_TOKEN_MISMATCH request=RequestId(20) generated=118 expected=3870 actual=27603 greedy=true pure_decode=true
FLASHINFER_TOKEN_MISMATCH request=RequestId(21) generated=112 expected=41 actual=4274 greedy=true pure_decode=true
FLASHINFER_TOKEN_MISMATCH request=RequestId(22) generated=117 expected=378 actual=9612 greedy=true pure_decode=true
FLASHINFER_TOKEN_MISMATCH request=RequestId(23) generated=117 expected=378 actual=9612 greedy=true pure_decode=true
FLASHINFER_TOKEN_MISMATCH request=RequestId(24) generated=112 expected=41 actual=4274 greedy=true pure_decode=true
FLASHINFER_TOKEN_MISMATCH request=RequestId(25) generated=116 expected=1673 actual=20642 greedy=true pure_decode=true
FLASHINFER_TOKEN_MISMATCH request=RequestId(26) generated=116 expected=1673 actual=20642 greedy=true pure_decode=true
FLASHINFER_TOKEN_MISMATCH request=RequestId(27) generated=112 expected=41 actual=4274 greedy=true pure_decode=true
FLASHINFER_TOKEN_MISMATCH request=RequestId(28) generated=115 expected=506 actual=32861 greedy=true pure_decode=true
FLASHINFER_TOKEN_MISMATCH request=RequestId(29) generated=115 expected=506 actual=32861 greedy=true pure_decode=true
FLASHINFER_TOKEN_MISMATCH request=RequestId(30) generated=112 expected=41 actual=4274 greedy=true pure_decode=true
FLASHINFER_TOKEN_MISMATCH request=RequestId(31) generated=114 expected=32 actual=3427 greedy=true pure_decode=true
FLASHINFER_TOKEN_MISMATCH request=RequestId(32) generated=114 expected=32 actual=3427 greedy=true pure_decode=true
FLASHINFER_TOKEN_MISMATCH request=RequestId(16) generated=120 expected=876 actual=46015 greedy=false pure_decode=true
FLASHINFER_TOKEN_MISMATCH request=RequestId(17) generated=120 expected=876 actual=43179 greedy=false pure_decode=true
FLASHINFER_TOKEN_MISMATCH request=RequestId(18) generated=114 expected=32 actual=3427 greedy=false pure_decode=true
FLASHINFER_TOKEN_MISMATCH request=RequestId(19) generated=119 expected=359 actual=17626 greedy=false pure_decode=true
FLASHINFER_TOKEN_MISMATCH request=RequestId(20) generated=119 expected=359 actual=17626 greedy=false pure_decode=true
FLASHINFER_TOKEN_MISMATCH request=RequestId(21) generated=113 expected=37 actual=793 greedy=false pure_decode=true
FLASHINFER_TOKEN_MISMATCH request=RequestId(22) generated=118 expected=3870 actual=27603 greedy=false pure_decode=true
FLASHINFER_TOKEN_MISMATCH request=RequestId(23) generated=118 expected=3870 actual=27603 greedy=false pure_decode=true
FLASHINFER_TOKEN_MISMATCH request=RequestId(24) generated=113 expected=37 actual=793 greedy=false pure_decode=true
FLASHINFER_TOKEN_MISMATCH request=RequestId(25) generated=117 expected=378 actual=9612 greedy=false pure_decode=true
FLASHINFER_TOKEN_MISMATCH request=RequestId(26) generated=117 expected=378 actual=9612 greedy=false pure_decode=true
FLASHINFER_TOKEN_MISMATCH request=RequestId(27) generated=113 expected=37 actual=793 greedy=false pure_decode=true
FLASHINFER_TOKEN_MISMATCH request=RequestId(28) generated=116 expected=1673 actual=20642 greedy=false pure_decode=true
FLASHINFER_TOKEN_MISMATCH request=RequestId(29) generated=116 expected=1673 actual=20642 greedy=false pure_decode=true
FLASHINFER_TOKEN_MISMATCH request=RequestId(30) generated=113 expected=37 actual=793 greedy=false pure_decode=true
FLASHINFER_TOKEN_MISMATCH request=RequestId(31) generated=115 expected=506 actual=32861 greedy=false pure_decode=true
FLASHINFER_TOKEN_MISMATCH request=RequestId(32) generated=115 expected=506 actual=32861 greedy=false pure_decode=true
FLASHINFER_TOKEN_MISMATCH request=RequestId(16) generated=121 expected=2452 actual=3297 greedy=true pure_decode=true
FLASHINFER_TOKEN_MISMATCH request=RequestId(17) generated=121 expected=2452 actual=25662 greedy=true pure_decode=true
FLASHINFER_TOKEN_MISMATCH request=RequestId(18) generated=115 expected=506 actual=32861 greedy=true pure_decode=true
FLASHINFER_TOKEN_MISMATCH request=RequestId(19) generated=120 expected=876 actual=43179 greedy=true pure_decode=true
FLASHINFER_TOKEN_MISMATCH request=RequestId(20) generated=120 expected=876 actual=43179 greedy=true pure_decode=true
FLASHINFER_TOKEN_MISMATCH request=RequestId(21) generated=114 expected=32 actual=3427 greedy=true pure_decode=true
FLASHINFER_TOKEN_MISMATCH request=RequestId(22) generated=119 expected=359 actual=17626 greedy=true pure_decode=true
FLASHINFER_TOKEN_MISMATCH request=RequestId(23) generated=119 expected=359 actual=17626 greedy=true pure_decode=true
FLASHINFER_TOKEN_MISMATCH request=RequestId(24) generated=114 expected=32 actual=3427 greedy=true pure_decode=true
FLASHINFER_TOKEN_MISMATCH request=RequestId(25) generated=118 expected=3870 actual=27603 greedy=true pure_decode=true
FLASHINFER_TOKEN_MISMATCH request=RequestId(26) generated=118 expected=3870 actual=27603 greedy=true pure_decode=true
FLASHINFER_TOKEN_MISMATCH request=RequestId(27) generated=114 expected=32 actual=3427 greedy=true pure_decode=true
FLASHINFER_TOKEN_MISMATCH request=RequestId(28) generated=117 expected=378 actual=9612 greedy=true pure_decode=true
FLASHINFER_TOKEN_MISMATCH request=RequestId(29) generated=117 expected=378 actual=9612 greedy=true pure_decode=true
FLASHINFER_TOKEN_MISMATCH request=RequestId(30) generated=114 expected=32 actual=3427 greedy=true pure_decode=true
FLASHINFER_TOKEN_MISMATCH request=RequestId(31) generated=116 expected=1673 actual=20642 greedy=true pure_decode=true
FLASHINFER_TOKEN_MISMATCH request=RequestId(32) generated=116 expected=1673 actual=20642 greedy=true pure_decode=true
FLASHINFER_TOKEN_MISMATCH request=RequestId(16) generated=122 expected=284 actual=13056 greedy=true pure_decode=true
FLASHINFER_TOKEN_MISMATCH request=RequestId(17) generated=122 expected=284 actual=43476 greedy=true pure_decode=true
FLASHINFER_TOKEN_MISMATCH request=RequestId(18) generated=116 expected=1673 actual=20642 greedy=true pure_decode=true
FLASHINFER_TOKEN_MISMATCH request=RequestId(19) generated=121 expected=2452 actual=25662 greedy=true pure_decode=true
FLASHINFER_TOKEN_MISMATCH request=RequestId(20) generated=121 expected=2452 actual=25662 greedy=true pure_decode=true
FLASHINFER_TOKEN_MISMATCH request=RequestId(21) generated=115 expected=506 actual=32861 greedy=true pure_decode=true
FLASHINFER_TOKEN_MISMATCH request=RequestId(22) generated=120 expected=876 actual=43179 greedy=true pure_decode=true
FLASHINFER_TOKEN_MISMATCH request=RequestId(23) generated=120 expected=876 actual=43179 greedy=true pure_decode=true
FLASHINFER_TOKEN_MISMATCH request=RequestId(24) generated=115 expected=506 actual=32861 greedy=true pure_decode=true
FLASHINFER_TOKEN_MISMATCH request=RequestId(25) generated=119 expected=359 actual=17626 greedy=true pure_decode=true
FLASHINFER_TOKEN_MISMATCH request=RequestId(26) generated=119 expected=359 actual=17626 greedy=true pure_decode=true
FLASHINFER_TOKEN_MISMATCH request=RequestId(27) generated=115 expected=506 actual=32861 greedy=true pure_decode=true
FLASHINFER_TOKEN_MISMATCH request=RequestId(28) generated=118 expected=3870 actual=27603 greedy=true pure_decode=true
FLASHINFER_TOKEN_MISMATCH request=RequestId(29) generated=118 expected=3870 actual=27603 greedy=true pure_decode=true
FLASHINFER_TOKEN_MISMATCH request=RequestId(30) generated=115 expected=506 actual=32861 greedy=true pure_decode=true
FLASHINFER_TOKEN_MISMATCH request=RequestId(31) generated=117 expected=378 actual=9612 greedy=true pure_decode=true
FLASHINFER_TOKEN_MISMATCH request=RequestId(32) generated=117 expected=378 actual=9612 greedy=true pure_decode=true
FLASHINFER_TOKEN_MISMATCH request=RequestId(16) generated=123 expected=260 actual=876 greedy=false pure_decode=true
FLASHINFER_TOKEN_MISMATCH request=RequestId(19) generated=122 expected=284 actual=43476 greedy=false pure_decode=true
FLASHINFER_TOKEN_MISMATCH request=RequestId(20) generated=122 expected=284 actual=43476 greedy=false pure_decode=true
FLASHINFER_TOKEN_MISMATCH request=RequestId(21) generated=116 expected=1673 actual=20642 greedy=false pure_decode=true
FLASHINFER_TOKEN_MISMATCH request=RequestId(22) generated=121 expected=2452 actual=25662 greedy=false pure_decode=true
FLASHINFER_TOKEN_MISMATCH request=RequestId(23) generated=121 expected=2452 actual=25662 greedy=false pure_decode=true
FLASHINFER_TOKEN_MISMATCH request=RequestId(24) generated=116 expected=1673 actual=20642 greedy=false pure_decode=true
FLASHINFER_TOKEN_MISMATCH request=RequestId(25) generated=120 expected=876 actual=43179 greedy=false pure_decode=true
FLASHINFER_TOKEN_MISMATCH request=RequestId(26) generated=120 expected=876 actual=43179 greedy=false pure_decode=true
FLASHINFER_TOKEN_MISMATCH request=RequestId(27) generated=116 expected=1673 actual=20642 greedy=false pure_decode=true
FLASHINFER_TOKEN_MISMATCH request=RequestId(28) generated=119 expected=359 actual=17626 greedy=false pure_decode=true
FLASHINFER_TOKEN_MISMATCH request=RequestId(29) generated=119 expected=359 actual=17626 greedy=false pure_decode=true
FLASHINFER_TOKEN_MISMATCH request=RequestId(30) generated=116 expected=1673 actual=20642 greedy=false pure_decode=true
FLASHINFER_TOKEN_MISMATCH request=RequestId(31) generated=118 expected=3870 actual=27603 greedy=false pure_decode=true
FLASHINFER_TOKEN_MISMATCH request=RequestId(32) generated=118 expected=3870 actual=27603 greedy=false pure_decode=true
FLASHINFER_TOKEN_MISMATCH request=RequestId(17) generated=124 expected=5049 actual=3870 greedy=true pure_decode=true
FLASHINFER_TOKEN_MISMATCH request=RequestId(18) generated=118 expected=3870 actual=4771 greedy=true pure_decode=true
FLASHINFER_TOKEN_MISMATCH request=RequestId(21) generated=117 expected=378 actual=9612 greedy=true pure_decode=true
FLASHINFER_TOKEN_MISMATCH request=RequestId(22) generated=122 expected=284 actual=43476 greedy=true pure_decode=true
FLASHINFER_TOKEN_MISMATCH request=RequestId(23) generated=122 expected=284 actual=43476 greedy=true pure_decode=true
FLASHINFER_TOKEN_MISMATCH request=RequestId(24) generated=117 expected=378 actual=9612 greedy=true pure_decode=true
FLASHINFER_TOKEN_MISMATCH request=RequestId(25) generated=121 expected=2452 actual=25662 greedy=true pure_decode=true
FLASHINFER_TOKEN_MISMATCH request=RequestId(26) generated=121 expected=2452 actual=25662 greedy=true pure_decode=true
FLASHINFER_TOKEN_MISMATCH request=RequestId(27) generated=117 expected=378 actual=9612 greedy=true pure_decode=true
FLASHINFER_TOKEN_MISMATCH request=RequestId(28) generated=120 expected=876 actual=43179 greedy=true pure_decode=true
FLASHINFER_TOKEN_MISMATCH request=RequestId(29) generated=120 expected=876 actual=43179 greedy=true pure_decode=true
FLASHINFER_TOKEN_MISMATCH request=RequestId(30) generated=117 expected=378 actual=9612 greedy=true pure_decode=true
FLASHINFER_TOKEN_MISMATCH request=RequestId(31) generated=119 expected=359 actual=17626 greedy=true pure_decode=true
FLASHINFER_TOKEN_MISMATCH request=RequestId(32) generated=119 expected=359 actual=17626 greedy=true pure_decode=true
FLASHINFER_TOKEN_MISMATCH request=RequestId(19) generated=124 expected=5049 actual=550 greedy=true pure_decode=true
FLASHINFER_TOKEN_MISMATCH request=RequestId(20) generated=124 expected=5049 actual=198 greedy=true pure_decode=true
FLASHINFER_TOKEN_MISMATCH request=RequestId(21) generated=118 expected=3870 actual=808 greedy=true pure_decode=true
FLASHINFER_TOKEN_MISMATCH request=RequestId(23) generated=123 expected=260 actual=9612 greedy=true pure_decode=true
FLASHINFER_TOKEN_MISMATCH request=RequestId(24) generated=118 expected=3870 actual=27603 greedy=true pure_decode=true
FLASHINFER_TOKEN_MISMATCH request=RequestId(25) generated=122 expected=284 actual=43476 greedy=true pure_decode=true
FLASHINFER_TOKEN_MISMATCH request=RequestId(26) generated=122 expected=284 actual=43476 greedy=true pure_decode=true
FLASHINFER_TOKEN_MISMATCH request=RequestId(27) generated=118 expected=3870 actual=27603 greedy=true pure_decode=true
FLASHINFER_TOKEN_MISMATCH request=RequestId(28) generated=121 expected=2452 actual=25662 greedy=true pure_decode=true
FLASHINFER_TOKEN_MISMATCH request=RequestId(29) generated=121 expected=2452 actual=25662 greedy=true pure_decode=true
FLASHINFER_TOKEN_MISMATCH request=RequestId(30) generated=118 expected=3870 actual=27603 greedy=true pure_decode=true
FLASHINFER_TOKEN_MISMATCH request=RequestId(31) generated=120 expected=876 actual=43179 greedy=true pure_decode=true
FLASHINFER_TOKEN_MISMATCH request=RequestId(32) generated=120 expected=876 actual=43179 greedy=true pure_decode=true
FLASHINFER_TOKEN_MISMATCH request=RequestId(18) generated=120 expected=876 actual=441 greedy=false pure_decode=true
FLASHINFER_TOKEN_MISMATCH request=RequestId(19) generated=125 expected=314 actual=30 greedy=false pure_decode=true
FLASHINFER_TOKEN_MISMATCH request=RequestId(20) generated=125 expected=314 actual=282 greedy=false pure_decode=true
FLASHINFER_TOKEN_MISMATCH request=RequestId(21) generated=119 expected=359 actual=282 greedy=false pure_decode=true
FLASHINFER_TOKEN_MISMATCH request=RequestId(22) generated=124 expected=5049 actual=198 greedy=false pure_decode=true
FLASHINFER_TOKEN_MISMATCH request=RequestId(23) generated=124 expected=5049 actual=198 greedy=false pure_decode=true
FLASHINFER_TOKEN_MISMATCH request=RequestId(24) generated=119 expected=359 actual=1182 greedy=false pure_decode=true
FLASHINFER_TOKEN_MISMATCH request=RequestId(25) generated=123 expected=260 actual=9612 greedy=false pure_decode=true
FLASHINFER_TOKEN_MISMATCH request=RequestId(26) generated=123 expected=260 actual=9612 greedy=false pure_decode=true
FLASHINFER_TOKEN_MISMATCH request=RequestId(27) generated=119 expected=359 actual=17626 greedy=false pure_decode=true
FLASHINFER_TOKEN_MISMATCH request=RequestId(28) generated=122 expected=284 actual=43476 greedy=false pure_decode=true
FLASHINFER_TOKEN_MISMATCH request=RequestId(29) generated=122 expected=284 actual=43476 greedy=false pure_decode=true
FLASHINFER_TOKEN_MISMATCH request=RequestId(30) generated=119 expected=359 actual=17626 greedy=false pure_decode=true
FLASHINFER_TOKEN_MISMATCH request=RequestId(31) generated=121 expected=2452 actual=25662 greedy=false pure_decode=true
FLASHINFER_TOKEN_MISMATCH request=RequestId(32) generated=121 expected=2452 actual=25662 greedy=false pure_decode=true
FLASHINFER_TOKEN_MISMATCH request=RequestId(17) generated=127 expected=2275 actual=2452 greedy=true pure_decode=true
FLASHINFER_TOKEN_MISMATCH request=RequestId(19) generated=126 expected=876 actual=253 greedy=true pure_decode=true
FLASHINFER_TOKEN_MISMATCH request=RequestId(20) generated=126 expected=876 actual=253 greedy=true pure_decode=true
FLASHINFER_TOKEN_MISMATCH request=RequestId(21) generated=120 expected=876 actual=441 greedy=true pure_decode=true
FLASHINFER_TOKEN_MISMATCH request=RequestId(22) generated=125 expected=314 actual=282 greedy=true pure_decode=true
FLASHINFER_TOKEN_MISMATCH request=RequestId(23) generated=125 expected=314 actual=282 greedy=true pure_decode=true
FLASHINFER_TOKEN_MISMATCH request=RequestId(24) generated=120 expected=876 actual=441 greedy=true pure_decode=true
FLASHINFER_TOKEN_MISMATCH request=RequestId(25) generated=124 expected=5049 actual=198 greedy=true pure_decode=true
FLASHINFER_TOKEN_MISMATCH request=RequestId(26) generated=124 expected=5049 actual=1079 greedy=true pure_decode=true
FLASHINFER_TOKEN_MISMATCH request=RequestId(27) generated=120 expected=876 actual=43179 greedy=true pure_decode=true
FLASHINFER_TOKEN_MISMATCH request=RequestId(28) generated=123 expected=260 actual=9612 greedy=true pure_decode=true
FLASHINFER_TOKEN_MISMATCH request=RequestId(29) generated=123 expected=260 actual=9612 greedy=true pure_decode=true
FLASHINFER_TOKEN_MISMATCH request=RequestId(30) generated=120 expected=876 actual=43179 greedy=true pure_decode=true
FLASHINFER_TOKEN_MISMATCH request=RequestId(31) generated=122 expected=284 actual=43476 greedy=true pure_decode=true
FLASHINFER_TOKEN_MISMATCH request=RequestId(32) generated=122 expected=284 actual=43476 greedy=true pure_decode=true
FLASHINFER_TOKEN_MISMATCH request=RequestId(19) generated=127 expected=2275 actual=29 greedy=true pure_decode=true
FLASHINFER_TOKEN_MISMATCH request=RequestId(20) generated=127 expected=2275 actual=29 greedy=true pure_decode=true
FLASHINFER_TOKEN_MISMATCH request=RequestId(21) generated=121 expected=2452 actual=29 greedy=true pure_decode=true
FLASHINFER_TOKEN_MISMATCH request=RequestId(22) generated=126 expected=876 actual=253 greedy=true pure_decode=true
FLASHINFER_TOKEN_MISMATCH request=RequestId(23) generated=126 expected=876 actual=253 greedy=true pure_decode=true
FLASHINFER_TOKEN_MISMATCH request=RequestId(24) generated=121 expected=2452 actual=29 greedy=true pure_decode=true
FLASHINFER_TOKEN_MISMATCH request=RequestId(25) generated=125 expected=314 actual=282 greedy=true pure_decode=true
FLASHINFER_TOKEN_MISMATCH request=RequestId(26) generated=125 expected=314 actual=282 greedy=true pure_decode=true
FLASHINFER_TOKEN_MISMATCH request=RequestId(27) generated=121 expected=2452 actual=29 greedy=true pure_decode=true
FLASHINFER_TOKEN_MISMATCH request=RequestId(28) generated=124 expected=5049 actual=1079 greedy=true pure_decode=true
FLASHINFER_TOKEN_MISMATCH request=RequestId(29) generated=124 expected=5049 actual=3533 greedy=true pure_decode=true
FLASHINFER_TOKEN_MISMATCH request=RequestId(30) generated=121 expected=2452 actual=25662 greedy=true pure_decode=true
FLASHINFER_TOKEN_MISMATCH request=RequestId(31) generated=123 expected=260 actual=9612 greedy=true pure_decode=true
FLASHINFER_TOKEN_MISMATCH request=RequestId(32) generated=123 expected=260 actual=9612 greedy=true pure_decode=true
FLASHINFER_TOKEN_MISMATCH request=RequestId(22) generated=127 expected=2275 actual=29 greedy=false pure_decode=true
FLASHINFER_TOKEN_MISMATCH request=RequestId(23) generated=127 expected=2275 actual=29 greedy=false pure_decode=true
FLASHINFER_TOKEN_MISMATCH request=RequestId(25) generated=126 expected=876 actual=253 greedy=false pure_decode=true
FLASHINFER_TOKEN_MISMATCH request=RequestId(26) generated=126 expected=876 actual=253 greedy=false pure_decode=true
FLASHINFER_TOKEN_MISMATCH request=RequestId(27) generated=122 expected=284 actual=28 greedy=false pure_decode=true
FLASHINFER_TOKEN_MISMATCH request=RequestId(28) generated=125 expected=314 actual=282 greedy=false pure_decode=true
FLASHINFER_TOKEN_MISMATCH request=RequestId(29) generated=125 expected=314 actual=30 greedy=false pure_decode=true
FLASHINFER_TOKEN_MISMATCH request=RequestId(30) generated=122 expected=284 actual=13056 greedy=false pure_decode=true
FLASHINFER_TOKEN_MISMATCH request=RequestId(31) generated=124 expected=5049 actual=3533 greedy=false pure_decode=true
FLASHINFER_TOKEN_MISMATCH request=RequestId(32) generated=124 expected=5049 actual=3533 greedy=false pure_decode=true
FLASHINFER_TOKEN_MISMATCH request=RequestId(25) generated=127 expected=2275 actual=29 greedy=true pure_decode=true
FLASHINFER_TOKEN_MISMATCH request=RequestId(26) generated=127 expected=2275 actual=29 greedy=true pure_decode=true
FLASHINFER_TOKEN_MISMATCH request=RequestId(28) generated=126 expected=876 actual=253 greedy=true pure_decode=true
FLASHINFER_TOKEN_MISMATCH request=RequestId(29) generated=126 expected=876 actual=253 greedy=true pure_decode=true
FLASHINFER_TOKEN_MISMATCH request=RequestId(31) generated=125 expected=314 actual=282 greedy=true pure_decode=true
FLASHINFER_TOKEN_MISMATCH request=RequestId(32) generated=125 expected=314 actual=1311 greedy=true pure_decode=true
FLASHINFER_TOKEN_MISMATCH request=RequestId(21) generated=124 expected=5049 actual=198 greedy=true pure_decode=true
FLASHINFER_TOKEN_MISMATCH request=RequestId(24) generated=124 expected=5049 actual=198 greedy=true pure_decode=true
FLASHINFER_TOKEN_MISMATCH request=RequestId(27) generated=124 expected=5049 actual=198 greedy=true pure_decode=true
FLASHINFER_TOKEN_MISMATCH request=RequestId(28) generated=127 expected=2275 actual=29 greedy=true pure_decode=true
FLASHINFER_TOKEN_MISMATCH request=RequestId(29) generated=127 expected=2275 actual=29 greedy=true pure_decode=true
FLASHINFER_TOKEN_MISMATCH request=RequestId(30) generated=124 expected=5049 actual=198 greedy=true pure_decode=true
FLASHINFER_TOKEN_MISMATCH request=RequestId(31) generated=126 expected=876 actual=253 greedy=true pure_decode=true
FLASHINFER_TOKEN_MISMATCH request=RequestId(32) generated=126 expected=876 actual=253 greedy=true pure_decode=true
FLASHINFER_TOKEN_MISMATCH request=RequestId(24) generated=125 expected=314 actual=30 greedy=false pure_decode=true
FLASHINFER_TOKEN_MISMATCH request=RequestId(27) generated=125 expected=314 actual=282 greedy=false pure_decode=true
FLASHINFER_TOKEN_MISMATCH request=RequestId(30) generated=125 expected=314 actual=282 greedy=false pure_decode=true
FLASHINFER_TOKEN_MISMATCH request=RequestId(31) generated=127 expected=2275 actual=29 greedy=false pure_decode=true
FLASHINFER_TOKEN_MISMATCH request=RequestId(32) generated=127 expected=2275 actual=29 greedy=false pure_decode=true
FLASHINFER_TOKEN_MISMATCH request=RequestId(18) generated=127 expected=2275 actual=2452 greedy=true pure_decode=true
FLASHINFER_TOKEN_MISMATCH request=RequestId(21) generated=126 expected=876 actual=253 greedy=true pure_decode=true
FLASHINFER_TOKEN_MISMATCH request=RequestId(24) generated=126 expected=876 actual=253 greedy=true pure_decode=true
FLASHINFER_TOKEN_MISMATCH request=RequestId(27) generated=126 expected=876 actual=253 greedy=true pure_decode=true
FLASHINFER_TOKEN_MISMATCH request=RequestId(30) generated=126 expected=876 actual=253 greedy=true pure_decode=true
FLASHINFER_TOKEN_MISMATCH request=RequestId(21) generated=127 expected=2275 actual=2452 greedy=true pure_decode=true
FLASHINFER_TOKEN_MISMATCH request=RequestId(24) generated=127 expected=2275 actual=29 greedy=true pure_decode=true
FLASHINFER_TOKEN_MISMATCH request=RequestId(27) generated=127 expected=2275 actual=29 greedy=true pure_decode=true
FLASHINFER_TOKEN_MISMATCH request=RequestId(30) generated=127 expected=2275 actual=29 greedy=true pure_decode=true
STAGE_CONTROL exact_backend=false separate_stages=false mixed_iterations=13 pure_decode_iterations=127 cross_request_token_differences=1828 token_comparisons=3968 cross_request_logit_differences=621 logit_comparisons=1236
FLASHINFER_OBSERVATION values=67043328 exact_values=6262594 max_abs=61.1875 rmse=7.205071600439382 argmax_agreements=2268 outputs=4096 numerical_profile_accepted=false teacher_forced=true
LOADED_MIXED rows_max=32 logits_checked=4096 iterations=141 pending_close_abort=true allocation_zero=true
ok
test flashinfer_model_observation_partial ... FLASHINFER_TOKEN_MISMATCH request=RequestId(1) generated=1 expected=504 actual=38734 greedy=false pure_decode=false
FLASHINFER_TOKEN_MISMATCH request=RequestId(2) generated=1 expected=504 actual=38734 greedy=false pure_decode=false
FLASHINFER_TOKEN_MISMATCH request=RequestId(1) generated=2 expected=808 actual=12910 greedy=false pure_decode=true
FLASHINFER_TOKEN_MISMATCH request=RequestId(2) generated=2 expected=5601 actual=12910 greedy=false pure_decode=true
FLASHINFER_TOKEN_MISMATCH request=RequestId(3) generated=1 expected=504 actual=38734 greedy=false pure_decode=true
FLASHINFER_TOKEN_MISMATCH request=RequestId(1) generated=3 expected=827 actual=3427 greedy=false pure_decode=true
FLASHINFER_TOKEN_MISMATCH request=RequestId(2) generated=3 expected=436 actual=28720 greedy=false pure_decode=true
FLASHINFER_TOKEN_MISMATCH request=RequestId(3) generated=2 expected=1315 actual=12910 greedy=false pure_decode=true
FLASHINFER_TOKEN_MISMATCH request=RequestId(1) generated=4 expected=2656 actual=43179 greedy=false pure_decode=true
FLASHINFER_TOKEN_MISMATCH request=RequestId(2) generated=4 expected=2837 actual=24582 greedy=false pure_decode=true
FLASHINFER_TOKEN_MISMATCH request=RequestId(3) generated=3 expected=2863 actual=30791 greedy=false pure_decode=true
FLASHINFER_TOKEN_MISMATCH request=RequestId(1) generated=5 expected=282 actual=642 greedy=false pure_decode=true
FLASHINFER_TOKEN_MISMATCH request=RequestId(2) generated=5 expected=281 actual=642 greedy=false pure_decode=true
FLASHINFER_TOKEN_MISMATCH request=RequestId(3) generated=4 expected=422 actual=17626 greedy=false pure_decode=true
FLASHINFER_TOKEN_MISMATCH request=RequestId(1) generated=6 expected=260 actual=25662 greedy=false pure_decode=true
FLASHINFER_TOKEN_MISMATCH request=RequestId(2) generated=6 expected=216 actual=1766 greedy=false pure_decode=true
FLASHINFER_TOKEN_MISMATCH request=RequestId(3) generated=5 expected=41863 actual=30 greedy=false pure_decode=true
FLASHINFER_TOKEN_MISMATCH request=RequestId(1) generated=7 expected=3086 actual=39357 greedy=false pure_decode=true
FLASHINFER_TOKEN_MISMATCH request=RequestId(2) generated=7 expected=33 actual=38734 greedy=false pure_decode=true
FLASHINFER_TOKEN_MISMATCH request=RequestId(3) generated=6 expected=41480 actual=28 greedy=false pure_decode=true
FLASHINFER_TOKEN_MISMATCH request=RequestId(1) generated=8 expected=359 actual=12910 greedy=false pure_decode=true
FLASHINFER_TOKEN_MISMATCH request=RequestId(2) generated=8 expected=39 actual=793 greedy=false pure_decode=true
FLASHINFER_TOKEN_MISMATCH request=RequestId(3) generated=7 expected=6549 actual=9023 greedy=false pure_decode=true
FLASHINFER_TOKEN_MISMATCH request=RequestId(1) generated=9 expected=216 actual=12910 greedy=false pure_decode=true
FLASHINFER_TOKEN_MISMATCH request=RequestId(2) generated=9 expected=39 actual=793 greedy=false pure_decode=true
FLASHINFER_TOKEN_MISMATCH request=RequestId(3) generated=8 expected=3297 actual=3427 greedy=false pure_decode=true
FLASHINFER_TOKEN_MISMATCH request=RequestId(1) generated=10 expected=33 actual=38734 greedy=false pure_decode=true
FLASHINFER_TOKEN_MISMATCH request=RequestId(2) generated=10 expected=38 actual=793 greedy=false pure_decode=true
FLASHINFER_TOKEN_MISMATCH request=RequestId(3) generated=9 expected=476 actual=39297 greedy=false pure_decode=true
FLASHINFER_TOKEN_MISMATCH request=RequestId(1) generated=11 expected=41 actual=793 greedy=false pure_decode=true
FLASHINFER_TOKEN_MISMATCH request=RequestId(2) generated=11 expected=411 actual=5644 greedy=false pure_decode=true
FLASHINFER_TOKEN_MISMATCH request=RequestId(3) generated=10 expected=378 actual=9612 greedy=false pure_decode=true
FLASHINFER_TOKEN_MISMATCH request=RequestId(1) generated=12 expected=40 actual=793 greedy=false pure_decode=true
FLASHINFER_TOKEN_MISMATCH request=RequestId(2) generated=12 expected=260 actual=3533 greedy=false pure_decode=true
FLASHINFER_TOKEN_MISMATCH request=RequestId(3) generated=11 expected=4771 actual=36265 greedy=false pure_decode=true
FLASHINFER_TOKEN_MISMATCH request=RequestId(1) generated=13 expected=37 actual=362 greedy=false pure_decode=true
FLASHINFER_TOKEN_MISMATCH request=RequestId(2) generated=13 expected=2938 actual=39357 greedy=false pure_decode=true
FLASHINFER_TOKEN_MISMATCH request=RequestId(3) generated=12 expected=314 actual=28 greedy=false pure_decode=true
FLASHINFER_TOKEN_MISMATCH request=RequestId(1) generated=14 expected=284 actual=5644 greedy=false pure_decode=true
FLASHINFER_TOKEN_MISMATCH request=RequestId(2) generated=14 expected=288 actual=4274 greedy=false pure_decode=true
FLASHINFER_TOKEN_MISMATCH request=RequestId(3) generated=13 expected=253 actual=40470 greedy=false pure_decode=true
FLASHINFER_TOKEN_MISMATCH request=RequestId(1) generated=15 expected=216 actual=23458 greedy=false pure_decode=true
FLASHINFER_TOKEN_MISMATCH request=RequestId(2) generated=15 expected=2037 actual=450 greedy=false pure_decode=true
FLASHINFER_TOKEN_MISMATCH request=RequestId(3) generated=14 expected=1123 actual=28911 greedy=false pure_decode=true
FLASHINFER_TOKEN_MISMATCH request=RequestId(1) generated=16 expected=33 actual=38734 greedy=false pure_decode=true
FLASHINFER_TOKEN_MISMATCH request=RequestId(2) generated=16 expected=29763 actual=642 greedy=false pure_decode=true
FLASHINFER_TOKEN_MISMATCH request=RequestId(3) generated=15 expected=1183 actual=6496 greedy=false pure_decode=true
FLASHINFER_TOKEN_MISMATCH request=RequestId(1) generated=17 expected=41 actual=793 greedy=false pure_decode=true
FLASHINFER_TOKEN_MISMATCH request=RequestId(2) generated=17 expected=429 actual=43159 greedy=false pure_decode=true
FLASHINFER_TOKEN_MISMATCH request=RequestId(3) generated=16 expected=282 actual=43179 greedy=false pure_decode=true
FLASHINFER_TOKEN_MISMATCH request=RequestId(1) generated=18 expected=40 actual=793 greedy=false pure_decode=true
FLASHINFER_TOKEN_MISMATCH request=RequestId(2) generated=18 expected=260 actual=41281 greedy=false pure_decode=true
FLASHINFER_TOKEN_MISMATCH request=RequestId(3) generated=17 expected=260 actual=25662 greedy=false pure_decode=true
FLASHINFER_TOKEN_MISMATCH request=RequestId(1) generated=19 expected=38 actual=362 greedy=false pure_decode=true
FLASHINFER_TOKEN_MISMATCH request=RequestId(2) generated=19 expected=1547 actual=39357 greedy=false pure_decode=true
FLASHINFER_TOKEN_MISMATCH request=RequestId(3) generated=18 expected=1502 actual=39357 greedy=false pure_decode=true
FLASHINFER_TOKEN_MISMATCH request=RequestId(1) generated=20 expected=30 actual=5644 greedy=false pure_decode=true
FLASHINFER_TOKEN_MISMATCH request=RequestId(2) generated=20 expected=21370 actual=43179 greedy=false pure_decode=true
FLASHINFER_TOKEN_MISMATCH request=RequestId(3) generated=19 expected=282 actual=3427 greedy=false pure_decode=true
FLASHINFER_TOKEN_MISMATCH request=RequestId(1) generated=21 expected=378 actual=9612 greedy=false pure_decode=true
FLASHINFER_TOKEN_MISMATCH request=RequestId(2) generated=21 expected=30 actual=28 greedy=false pure_decode=true
FLASHINFER_TOKEN_MISMATCH request=RequestId(3) generated=20 expected=23399 actual=25662 greedy=false pure_decode=true
FLASHINFER_TOKEN_MISMATCH request=RequestId(1) generated=22 expected=2028 actual=36265 greedy=false pure_decode=true
FLASHINFER_TOKEN_MISMATCH request=RequestId(2) generated=22 expected=378 actual=9612 greedy=false pure_decode=true
FLASHINFER_TOKEN_MISMATCH request=RequestId(3) generated=21 expected=338 actual=13125 greedy=false pure_decode=true
FLASHINFER_TOKEN_MISMATCH request=RequestId(1) generated=23 expected=282 actual=6 greedy=false pure_decode=true
FLASHINFER_TOKEN_MISMATCH request=RequestId(2) generated=23 expected=5601 actual=36265 greedy=false pure_decode=true
FLASHINFER_TOKEN_MISMATCH request=RequestId(3) generated=22 expected=314 actual=25662 greedy=false pure_decode=true
FLASHINFER_TOKEN_MISMATCH request=RequestId(1) generated=24 expected=260 actual=25662 greedy=false pure_decode=true
FLASHINFER_TOKEN_MISMATCH request=RequestId(2) generated=24 expected=436 actual=28720 greedy=false pure_decode=true
FLASHINFER_TOKEN_MISMATCH request=RequestId(3) generated=23 expected=1129 actual=40470 greedy=false pure_decode=true
FLASHINFER_TOKEN_MISMATCH request=RequestId(1) generated=25 expected=808 actual=39357 greedy=false pure_decode=true
FLASHINFER_TOKEN_MISMATCH request=RequestId(2) generated=25 expected=2837 actual=24582 greedy=false pure_decode=true
FLASHINFER_TOKEN_MISMATCH request=RequestId(3) generated=24 expected=983 actual=19806 greedy=false pure_decode=true
FLASHINFER_TOKEN_MISMATCH request=RequestId(1) generated=26 expected=827 actual=3427 greedy=false pure_decode=true
FLASHINFER_TOKEN_MISMATCH request=RequestId(2) generated=26 expected=335 actual=642 greedy=false pure_decode=true
FLASHINFER_TOKEN_MISMATCH request=RequestId(3) generated=25 expected=281 actual=19818 greedy=false pure_decode=true
FLASHINFER_TOKEN_MISMATCH request=RequestId(1) generated=27 expected=2656 actual=43179 greedy=false pure_decode=true
FLASHINFER_TOKEN_MISMATCH request=RequestId(2) generated=27 expected=253 actual=16441 greedy=false pure_decode=true
FLASHINFER_TOKEN_MISMATCH request=RequestId(3) generated=26 expected=260 actual=1766 greedy=false pure_decode=true
FLASHINFER_TOKEN_MISMATCH request=RequestId(1) generated=28 expected=314 actual=642 greedy=false pure_decode=true
FLASHINFER_TOKEN_MISMATCH request=RequestId(2) generated=28 expected=13083 actual=28911 greedy=false pure_decode=true
FLASHINFER_TOKEN_MISMATCH request=RequestId(3) generated=27 expected=9411 actual=39357 greedy=false pure_decode=true
FLASHINFER_TOKEN_MISMATCH request=RequestId(1) generated=29 expected=216 actual=40470 greedy=false pure_decode=true
FLASHINFER_TOKEN_MISMATCH request=RequestId(2) generated=29 expected=33204 actual=21962 greedy=false pure_decode=true
FLASHINFER_TOKEN_MISMATCH request=RequestId(3) generated=28 expected=282 actual=260 greedy=false pure_decode=true
FLASHINFER_TOKEN_MISMATCH request=RequestId(1) generated=30 expected=33 actual=38734 greedy=false pure_decode=true
FLASHINFER_TOKEN_MISMATCH request=RequestId(2) generated=30 expected=260 actual=30 greedy=false pure_decode=true
FLASHINFER_TOKEN_MISMATCH request=RequestId(3) generated=29 expected=260 actual=25662 greedy=false pure_decode=true
FLASHINFER_TOKEN_MISMATCH request=RequestId(1) generated=31 expected=41 actual=793 greedy=false pure_decode=true
FLASHINFER_TOKEN_MISMATCH request=RequestId(2) generated=31 expected=2240 actual=39357 greedy=false pure_decode=true
FLASHINFER_TOKEN_MISMATCH request=RequestId(3) generated=30 expected=216 actual=39357 greedy=false pure_decode=true
FLASHINFER_TOKEN_MISMATCH request=RequestId(2) generated=32 expected=28 actual=17626 greedy=false pure_decode=true
FLASHINFER_TOKEN_MISMATCH request=RequestId(3) generated=31 expected=33 actual=38734 greedy=false pure_decode=true
FLASHINFER_TOKEN_MISMATCH request=RequestId(2) generated=33 expected=284 actual=9612 greedy=false pure_decode=true
FLASHINFER_TOKEN_MISMATCH request=RequestId(3) generated=32 expected=41 actual=43348 greedy=false pure_decode=true
FLASHINFER_TOKEN_MISMATCH request=RequestId(2) generated=34 expected=436 actual=2017 greedy=false pure_decode=true
FLASHINFER_TOKEN_MISMATCH request=RequestId(3) generated=33 expected=37 actual=793 greedy=false pure_decode=true
FLASHINFER_TOKEN_MISMATCH request=RequestId(2) generated=35 expected=10000 actual=43179 greedy=false pure_decode=true
FLASHINFER_TOKEN_MISMATCH request=RequestId(3) generated=34 expected=32 actual=25662 greedy=false pure_decode=true
FLASHINFER_TOKEN_MISMATCH request=RequestId(2) generated=36 expected=411 actual=17626 greedy=false pure_decode=true
FLASHINFER_TOKEN_MISMATCH request=RequestId(3) generated=35 expected=506 actual=2017 greedy=false pure_decode=true
FLASHINFER_TOKEN_MISMATCH request=RequestId(2) generated=37 expected=253 actual=25662 greedy=false pure_decode=true
FLASHINFER_TOKEN_MISMATCH request=RequestId(3) generated=36 expected=1673 actual=67 greedy=false pure_decode=true
FLASHINFER_TOKEN_MISMATCH request=RequestId(2) generated=38 expected=283 actual=450 greedy=false pure_decode=true
FLASHINFER_TOKEN_MISMATCH request=RequestId(3) generated=37 expected=378 actual=29566 greedy=false pure_decode=true
FLASHINFER_TOKEN_MISMATCH request=RequestId(2) generated=39 expected=3489 actual=30 greedy=false pure_decode=true
FLASHINFER_TOKEN_MISMATCH request=RequestId(3) generated=38 expected=3870 actual=43348 greedy=false pure_decode=true
FLASHINFER_TOKEN_MISMATCH request=RequestId(2) generated=40 expected=30 actual=1639 greedy=false pure_decode=true
FLASHINFER_TOKEN_MISMATCH request=RequestId(3) generated=39 expected=359 actual=17626 greedy=false pure_decode=true
FLASHINFER_TOKEN_MISMATCH request=RequestId(2) generated=41 expected=378 actual=9612 greedy=false pure_decode=true
FLASHINFER_TOKEN_MISMATCH request=RequestId(3) generated=40 expected=876 actual=43179 greedy=false pure_decode=true
FLASHINFER_TOKEN_MISMATCH request=RequestId(2) generated=42 expected=5601 actual=43348 greedy=false pure_decode=true
FLASHINFER_TOKEN_MISMATCH request=RequestId(3) generated=41 expected=2452 actual=28911 greedy=false pure_decode=true
FLASHINFER_TOKEN_MISMATCH request=RequestId(2) generated=43 expected=436 actual=24904 greedy=false pure_decode=true
FLASHINFER_TOKEN_MISMATCH request=RequestId(2) generated=44 expected=2837 actual=43179 greedy=false pure_decode=true
FLASHINFER_TOKEN_MISMATCH request=RequestId(3) generated=43 expected=260 actual=2017 greedy=false pure_decode=true
FLASHINFER_TOKEN_MISMATCH request=RequestId(2) generated=45 expected=335 actual=10952 greedy=false pure_decode=true
FLASHINFER_TOKEN_MISMATCH request=RequestId(3) generated=44 expected=5049 actual=35531 greedy=false pure_decode=true
FLASHINFER_TOKEN_MISMATCH request=RequestId(2) generated=46 expected=253 actual=450 greedy=false pure_decode=true
FLASHINFER_TOKEN_MISMATCH request=RequestId(3) generated=45 expected=314 actual=43476 greedy=false pure_decode=true
FLASHINFER_TOKEN_MISMATCH request=RequestId(2) generated=47 expected=13083 actual=450 greedy=false pure_decode=true
FLASHINFER_TOKEN_MISMATCH request=RequestId(3) generated=46 expected=876 actual=43179 greedy=false pure_decode=true
FLASHINFER_TOKEN_MISMATCH request=RequestId(2) generated=48 expected=28 actual=8336 greedy=false pure_decode=true
FLASHINFER_TOKEN_MISMATCH request=RequestId(3) generated=47 expected=2275 actual=28911 greedy=false pure_decode=true
FLASHINFER_TOKEN_MISMATCH request=RequestId(2) generated=49 expected=284 actual=9612 greedy=false pure_decode=true
FLASHINFER_TOKEN_MISMATCH request=RequestId(3) generated=48 expected=578 actual=25662 greedy=false pure_decode=true
FLASHINFER_TOKEN_MISMATCH request=RequestId(2) generated=50 expected=436 actual=2017 greedy=false pure_decode=true
FLASHINFER_TOKEN_MISMATCH request=RequestId(3) generated=49 expected=1673 actual=30 greedy=false pure_decode=true
FLASHINFER_TOKEN_MISMATCH request=RequestId(2) generated=51 expected=10000 actual=43179 greedy=false pure_decode=true
FLASHINFER_TOKEN_MISMATCH request=RequestId(3) generated=50 expected=378 actual=29566 greedy=false pure_decode=true
FLASHINFER_TOKEN_MISMATCH request=RequestId(2) generated=52 expected=411 actual=17626 greedy=false pure_decode=true
FLASHINFER_TOKEN_MISMATCH request=RequestId(3) generated=51 expected=4771 actual=43348 greedy=false pure_decode=true
FLASHINFER_TOKEN_MISMATCH request=RequestId(2) generated=53 expected=253 actual=25662 greedy=false pure_decode=true
FLASHINFER_TOKEN_MISMATCH request=RequestId(3) generated=52 expected=314 actual=330 greedy=false pure_decode=true
FLASHINFER_TOKEN_MISMATCH request=RequestId(2) generated=54 expected=283 actual=450 greedy=false pure_decode=true
FLASHINFER_TOKEN_MISMATCH request=RequestId(3) generated=53 expected=253 actual=43179 greedy=false pure_decode=true
FLASHINFER_TOKEN_MISMATCH request=RequestId(2) generated=55 expected=3489 actual=30 greedy=false pure_decode=true
FLASHINFER_TOKEN_MISMATCH request=RequestId(3) generated=54 expected=1123 actual=450 greedy=false pure_decode=true
FLASHINFER_TOKEN_MISMATCH request=RequestId(2) generated=56 expected=30 actual=1639 greedy=false pure_decode=true
FLASHINFER_TOKEN_MISMATCH request=RequestId(3) generated=55 expected=1183 actual=43348 greedy=false pure_decode=true
FLASHINFER_TOKEN_MISMATCH request=RequestId(2) generated=57 expected=378 actual=9612 greedy=false pure_decode=true
FLASHINFER_TOKEN_MISMATCH request=RequestId(3) generated=56 expected=282 actual=28911 greedy=false pure_decode=true
FLASHINFER_TOKEN_MISMATCH request=RequestId(2) generated=58 expected=5601 actual=43348 greedy=false pure_decode=true
FLASHINFER_TOKEN_MISMATCH request=RequestId(3) generated=57 expected=260 actual=9612 greedy=false pure_decode=true
FLASHINFER_TOKEN_MISMATCH request=RequestId(2) generated=59 expected=436 actual=24904 greedy=false pure_decode=true
FLASHINFER_TOKEN_MISMATCH request=RequestId(3) generated=58 expected=1502 actual=35531 greedy=false pure_decode=true
FLASHINFER_TOKEN_MISMATCH request=RequestId(2) generated=60 expected=2837 actual=43179 greedy=false pure_decode=true
FLASHINFER_TOKEN_MISMATCH request=RequestId(3) generated=59 expected=282 actual=9612 greedy=false pure_decode=true
FLASHINFER_TOKEN_MISMATCH request=RequestId(2) generated=61 expected=335 actual=10952 greedy=false pure_decode=true
FLASHINFER_TOKEN_MISMATCH request=RequestId(3) generated=60 expected=23399 actual=9612 greedy=false pure_decode=true
FLASHINFER_TOKEN_MISMATCH request=RequestId(2) generated=62 expected=253 actual=450 greedy=false pure_decode=true
FLASHINFER_TOKEN_MISMATCH request=RequestId(3) generated=61 expected=338 actual=34228 greedy=false pure_decode=true
FLASHINFER_TOKEN_MISMATCH request=RequestId(2) generated=63 expected=13083 actual=450 greedy=false pure_decode=true
FLASHINFER_TOKEN_MISMATCH request=RequestId(3) generated=62 expected=314 actual=30 greedy=false pure_decode=true
FLASHINFER_TOKEN_MISMATCH request=RequestId(3) generated=63 expected=1129 actual=43179 greedy=false pure_decode=true
FLASHINFER_TOKEN_MISMATCH request=RequestId(3) generated=64 expected=983 actual=450 greedy=false pure_decode=true
FLASHINFER_TOKEN_MISMATCH request=RequestId(3) generated=65 expected=281 actual=793 greedy=false pure_decode=true
FLASHINFER_TOKEN_MISMATCH request=RequestId(3) generated=66 expected=260 actual=450 greedy=false pure_decode=true
FLASHINFER_TOKEN_MISMATCH request=RequestId(3) generated=67 expected=9411 actual=35531 greedy=false pure_decode=true
FLASHINFER_TOKEN_MISMATCH request=RequestId(3) generated=68 expected=282 actual=16718 greedy=false pure_decode=true
FLASHINFER_TOKEN_MISMATCH request=RequestId(3) generated=69 expected=260 actual=9612 greedy=false pure_decode=true
FLASHINFER_TOKEN_MISMATCH request=RequestId(3) generated=70 expected=216 actual=35531 greedy=false pure_decode=true
FLASHINFER_TOKEN_MISMATCH request=RequestId(3) generated=71 expected=33 actual=38734 greedy=false pure_decode=true
FLASHINFER_TOKEN_MISMATCH request=RequestId(3) generated=72 expected=41 actual=43348 greedy=false pure_decode=true
FLASHINFER_TOKEN_MISMATCH request=RequestId(3) generated=73 expected=37 actual=793 greedy=false pure_decode=true
FLASHINFER_TOKEN_MISMATCH request=RequestId(3) generated=74 expected=32 actual=25662 greedy=false pure_decode=true
FLASHINFER_TOKEN_MISMATCH request=RequestId(3) generated=75 expected=506 actual=2017 greedy=false pure_decode=true
FLASHINFER_TOKEN_MISMATCH request=RequestId(3) generated=76 expected=1673 actual=67 greedy=false pure_decode=true
FLASHINFER_TOKEN_MISMATCH request=RequestId(3) generated=77 expected=378 actual=29566 greedy=false pure_decode=true
FLASHINFER_TOKEN_MISMATCH request=RequestId(3) generated=78 expected=3870 actual=43348 greedy=false pure_decode=true
FLASHINFER_TOKEN_MISMATCH request=RequestId(3) generated=79 expected=359 actual=17626 greedy=false pure_decode=true
FLASHINFER_TOKEN_MISMATCH request=RequestId(3) generated=80 expected=876 actual=43179 greedy=false pure_decode=true
FLASHINFER_TOKEN_MISMATCH request=RequestId(3) generated=81 expected=2452 actual=28911 greedy=false pure_decode=true
FLASHINFER_TOKEN_MISMATCH request=RequestId(3) generated=83 expected=260 actual=2017 greedy=false pure_decode=true
FLASHINFER_TOKEN_MISMATCH request=RequestId(3) generated=84 expected=5049 actual=35531 greedy=false pure_decode=true
FLASHINFER_TOKEN_MISMATCH request=RequestId(3) generated=85 expected=314 actual=43476 greedy=false pure_decode=true
FLASHINFER_TOKEN_MISMATCH request=RequestId(3) generated=86 expected=876 actual=43179 greedy=false pure_decode=true
FLASHINFER_TOKEN_MISMATCH request=RequestId(3) generated=87 expected=2275 actual=28911 greedy=false pure_decode=true
FLASHINFER_TOKEN_MISMATCH request=RequestId(3) generated=88 expected=578 actual=25662 greedy=false pure_decode=true
FLASHINFER_TOKEN_MISMATCH request=RequestId(3) generated=89 expected=1673 actual=30 greedy=false pure_decode=true
FLASHINFER_TOKEN_MISMATCH request=RequestId(3) generated=90 expected=378 actual=29566 greedy=false pure_decode=true
FLASHINFER_TOKEN_MISMATCH request=RequestId(3) generated=91 expected=4771 actual=43348 greedy=false pure_decode=true
FLASHINFER_TOKEN_MISMATCH request=RequestId(3) generated=92 expected=314 actual=330 greedy=false pure_decode=true
FLASHINFER_TOKEN_MISMATCH request=RequestId(3) generated=93 expected=253 actual=43179 greedy=false pure_decode=true
FLASHINFER_TOKEN_MISMATCH request=RequestId(3) generated=94 expected=1123 actual=450 greedy=false pure_decode=true
FLASHINFER_TOKEN_MISMATCH request=RequestId(3) generated=95 expected=1183 actual=43348 greedy=false pure_decode=true
FLASHINFER_TOKEN_MISMATCH request=RequestId(3) generated=96 expected=282 actual=28911 greedy=false pure_decode=true
FLASHINFER_TOKEN_MISMATCH request=RequestId(3) generated=97 expected=260 actual=9612 greedy=false pure_decode=true
FLASHINFER_TOKEN_MISMATCH request=RequestId(3) generated=98 expected=1502 actual=35531 greedy=false pure_decode=true
FLASHINFER_TOKEN_MISMATCH request=RequestId(3) generated=99 expected=282 actual=9612 greedy=false pure_decode=true
FLASHINFER_TOKEN_MISMATCH request=RequestId(3) generated=100 expected=23399 actual=9612 greedy=false pure_decode=true
FLASHINFER_TOKEN_MISMATCH request=RequestId(3) generated=101 expected=338 actual=34228 greedy=false pure_decode=true
FLASHINFER_TOKEN_MISMATCH request=RequestId(3) generated=102 expected=314 actual=30 greedy=false pure_decode=true
FLASHINFER_TOKEN_MISMATCH request=RequestId(3) generated=103 expected=1129 actual=43179 greedy=false pure_decode=true
FLASHINFER_TOKEN_MISMATCH request=RequestId(3) generated=104 expected=983 actual=450 greedy=false pure_decode=true
FLASHINFER_TOKEN_MISMATCH request=RequestId(3) generated=105 expected=281 actual=793 greedy=false pure_decode=true
FLASHINFER_TOKEN_MISMATCH request=RequestId(3) generated=106 expected=260 actual=450 greedy=false pure_decode=true
FLASHINFER_TOKEN_MISMATCH request=RequestId(3) generated=107 expected=9411 actual=35531 greedy=false pure_decode=true
FLASHINFER_TOKEN_MISMATCH request=RequestId(3) generated=108 expected=282 actual=16718 greedy=false pure_decode=true
FLASHINFER_TOKEN_MISMATCH request=RequestId(3) generated=109 expected=260 actual=9612 greedy=false pure_decode=true
FLASHINFER_TOKEN_MISMATCH request=RequestId(3) generated=110 expected=216 actual=35531 greedy=false pure_decode=true
FLASHINFER_TOKEN_MISMATCH request=RequestId(3) generated=111 expected=33 actual=38734 greedy=false pure_decode=true
FLASHINFER_TOKEN_MISMATCH request=RequestId(3) generated=112 expected=41 actual=43348 greedy=false pure_decode=true
FLASHINFER_TOKEN_MISMATCH request=RequestId(3) generated=113 expected=37 actual=793 greedy=false pure_decode=true
FLASHINFER_TOKEN_MISMATCH request=RequestId(3) generated=114 expected=32 actual=25662 greedy=false pure_decode=true
FLASHINFER_TOKEN_MISMATCH request=RequestId(3) generated=115 expected=506 actual=2017 greedy=false pure_decode=true
FLASHINFER_TOKEN_MISMATCH request=RequestId(3) generated=116 expected=1673 actual=67 greedy=false pure_decode=true
FLASHINFER_TOKEN_MISMATCH request=RequestId(3) generated=117 expected=378 actual=29566 greedy=false pure_decode=true
FLASHINFER_TOKEN_MISMATCH request=RequestId(3) generated=118 expected=3870 actual=43348 greedy=false pure_decode=true
FLASHINFER_TOKEN_MISMATCH request=RequestId(3) generated=119 expected=359 actual=17626 greedy=false pure_decode=true
FLASHINFER_TOKEN_MISMATCH request=RequestId(3) generated=120 expected=876 actual=43179 greedy=false pure_decode=true
FLASHINFER_TOKEN_MISMATCH request=RequestId(3) generated=121 expected=2452 actual=28911 greedy=false pure_decode=true
FLASHINFER_TOKEN_MISMATCH request=RequestId(3) generated=123 expected=260 actual=2017 greedy=false pure_decode=true
FLASHINFER_TOKEN_MISMATCH request=RequestId(3) generated=124 expected=5049 actual=35531 greedy=false pure_decode=true
FLASHINFER_TOKEN_MISMATCH request=RequestId(3) generated=125 expected=314 actual=43476 greedy=false pure_decode=true
FLASHINFER_TOKEN_MISMATCH request=RequestId(3) generated=126 expected=876 actual=43179 greedy=false pure_decode=true
FLASHINFER_TOKEN_MISMATCH request=RequestId(3) generated=127 expected=2275 actual=28911 greedy=false pure_decode=true
STAGE_CONTROL exact_backend=false separate_stages=false mixed_iterations=1 pure_decode_iterations=127 cross_request_token_differences=0 token_comparisons=0 cross_request_logit_differences=0 logit_comparisons=0
FLASHINFER_OBSERVATION values=11010048 exact_values=157338 max_abs=58.0625 rmse=13.656378979713386 argmax_agreements=6 outputs=224 numerical_profile_accepted=false teacher_forced=true
LOADED_MIXED rows_max=3 logits_checked=224 iterations=129 pending_close_abort=true allocation_zero=true
ok

test result: ok. 2 passed; 0 failed; 0 ignored; 0 measured; 2 filtered out; finished in 44.81s

