{"schema":"riley.owned-graph-diagnostic.v1","kind":"graph","capture_id":1,"inventory_status":0,"nodes":403,"kernel_nodes":397,"memcpy_nodes":6,"other_nodes":0,"memcpy_params_status":0,"memcpy_unknown_nodes":0,"memcpy_bytes_complete":true,"h2d_bytes":604,"d2h_bytes":98344,"d2d_bytes":1152}
{"schema":"riley.decode-operator-diagnostic.v1","kind":"inventory","capture_id":1,"inventory_status":0,"event_record_nodes":0,"event_wait_nodes":0}
{"schema":"riley.decode-operator-diagnostic.v1","kind":"capture","capture_id":1,"phase":"prefill","operator":"rope_kv","layer_mask":536903681,"interval_count":3,"expected_event_records":0,"recorded_event_records":0,"source_sha256":"2d148ef8cb76ee2fb23e1515063108d53c20cbc34ab125ab63cafd65fa3635b2","tool_sha256":"eec3de607508ca1fbda4ddc9860040df7a5380cdb77c159df9e2d2318c337052","historical_tool_sha256":"9f0f3a526ed1a47c3e6a37e33111a21356ac5b2d58294ff797ec0a40a5091b78","projection_events_compiled":true}
{"schema":"riley.owned-graph-diagnostic.v1","kind":"graph","capture_id":2,"inventory_status":0,"nodes":288,"kernel_nodes":277,"memcpy_nodes":5,"other_nodes":6,"memcpy_params_status":0,"memcpy_unknown_nodes":0,"memcpy_bytes_complete":true,"h2d_bytes":604,"d2h_bytes":98344,"d2d_bytes":0}
{"schema":"riley.decode-operator-diagnostic.v1","kind":"inventory","capture_id":2,"inventory_status":0,"event_record_nodes":6,"event_wait_nodes":0}
{"schema":"riley.decode-operator-diagnostic.v1","kind":"capture","capture_id":2,"phase":"decode","operator":"rope_kv","layer_mask":536903681,"interval_count":3,"expected_event_records":6,"recorded_event_records":6,"source_sha256":"2d148ef8cb76ee2fb23e1515063108d53c20cbc34ab125ab63cafd65fa3635b2","tool_sha256":"eec3de607508ca1fbda4ddc9860040df7a5380cdb77c159df9e2d2318c337052","historical_tool_sha256":"9f0f3a526ed1a47c3e6a37e33111a21356ac5b2d58294ff797ec0a40a5091b78","projection_events_compiled":true}
RILEY_GRAPH prepared=true policy=Require fallback=false gpu_iteration_timing=false numerics=vllm-smol-p128-v1
riley listening on http://127.0.0.1:19341 (graceful_signals=SIGINT,SIGTERM graceful_stdin_shutdown=false)
{"schema":"riley.owned-graph-diagnostic.v1","kind":"replay","capture_id":1,"replay_id":1,"position":127,"host_staging_bytes":98344,"event_setup_ns":7014,"host_staging_ns":5146,"host_launch_ns":104790,"host_wait_ns":13653573,"cuda_graph_span_ns":13755264.282,"event_status":0,"launch_status":0,"completion_status":0}
{"schema":"riley.owned-graph-diagnostic.v1","kind":"read","capture_id":1,"replay_id":1,"host_read_bytes":98344,"host_read_ns":27841}
{"schema":"riley.owned-graph-diagnostic.v1","kind":"replay","capture_id":2,"replay_id":2,"position":128,"host_staging_bytes":98344,"event_setup_ns":955,"host_staging_ns":3833,"host_launch_ns":77024,"host_wait_ns":2166568,"cuda_graph_span_ns":2240447.998,"event_status":0,"launch_status":0,"completion_status":0}
{"schema":"riley.decode-operator-diagnostic.v1","kind":"operation","capture_id":2,"replay_id":2,"position":128,"operator":"rope_kv","launch_status":0,"completion_status":0,"intervals":[{"layer":0,"cuda_span_ns":3392.000,"event_status":0},{"layer":15,"cuda_span_ns":4096.000,"event_status":0},{"layer":29,"cuda_span_ns":3072.000,"event_status":0}],"cuda_sum_ns":10560.000}
{"schema":"riley.owned-graph-diagnostic.v1","kind":"read","capture_id":2,"replay_id":2,"host_read_bytes":98344,"host_read_ns":5601}
{"schema":"riley.owned-graph-diagnostic.v1","kind":"replay","capture_id":2,"replay_id":3,"position":129,"host_staging_bytes":98344,"event_setup_ns":622,"host_staging_ns":2262,"host_launch_ns":13247,"host_wait_ns":1876189,"cuda_graph_span_ns":1886656.046,"event_status":0,"launch_status":0,"completion_status":0}
{"schema":"riley.decode-operator-diagnostic.v1","kind":"operation","capture_id":2,"replay_id":3,"position":129,"operator":"rope_kv","launch_status":0,"completion_status":0,"intervals":[{"layer":0,"cuda_span_ns":3072.000,"event_status":0},{"layer":15,"cuda_span_ns":3072.000,"event_status":0},{"layer":29,"cuda_span_ns":3072.000,"event_status":0}],"cuda_sum_ns":9216.000}
{"schema":"riley.owned-graph-diagnostic.v1","kind":"read","capture_id":2,"replay_id":3,"host_read_bytes":98344,"host_read_ns":4663}
{"schema":"riley.owned-graph-diagnostic.v1","kind":"replay","capture_id":2,"replay_id":4,"position":130,"host_staging_bytes":98344,"event_setup_ns":384,"host_staging_ns":1577,"host_launch_ns":10833,"host_wait_ns":1877987,"cuda_graph_span_ns":1885920.048,"event_status":0,"launch_status":0,"completion_status":0}
{"schema":"riley.decode-operator-diagnostic.v1","kind":"operation","capture_id":2,"replay_id":4,"position":130,"operator":"rope_kv","launch_status":0,"completion_status":0,"intervals":[{"layer":0,"cuda_span_ns":4096.000,"event_status":0},{"layer":15,"cuda_span_ns":3072.000,"event_status":0},{"layer":29,"cuda_span_ns":3072.000,"event_status":0}],"cuda_sum_ns":10240.000}
{"schema":"riley.owned-graph-diagnostic.v1","kind":"read","capture_id":2,"replay_id":4,"host_read_bytes":98344,"host_read_ns":5163}
{"schema":"riley.owned-graph-diagnostic.v1","kind":"replay","capture_id":2,"replay_id":5,"position":131,"host_staging_bytes":98344,"event_setup_ns":575,"host_staging_ns":1657,"host_launch_ns":11509,"host_wait_ns":1876767,"cuda_graph_span_ns":1885663.986,"event_status":0,"launch_status":0,"completion_status":0}
{"schema":"riley.decode-operator-diagnostic.v1","kind":"operation","capture_id":2,"replay_id":5,"position":131,"operator":"rope_kv","launch_status":0,"completion_status":0,"intervals":[{"layer":0,"cuda_span_ns":3072.000,"event_status":0},{"layer":15,"cuda_span_ns":3072.000,"event_status":0},{"layer":29,"cuda_span_ns":3072.000,"event_status":0}],"cuda_sum_ns":9216.000}
{"schema":"riley.owned-graph-diagnostic.v1","kind":"read","capture_id":2,"replay_id":5,"host_read_bytes":98344,"host_read_ns":4568}
{"schema":"riley.owned-graph-diagnostic.v1","kind":"replay","capture_id":2,"replay_id":6,"position":132,"host_staging_bytes":98344,"event_setup_ns":347,"host_staging_ns":1572,"host_launch_ns":10875,"host_wait_ns":1877847,"cuda_graph_span_ns":1886335.969,"event_status":0,"launch_status":0,"completion_status":0}
{"schema":"riley.decode-operator-diagnostic.v1","kind":"operation","capture_id":2,"replay_id":6,"position":132,"operator":"rope_kv","launch_status":0,"completion_status":0,"intervals":[{"layer":0,"cuda_span_ns":4096.000,"event_status":0},{"layer":15,"cuda_span_ns":4096.000,"event_status":0},{"layer":29,"cuda_span_ns":3072.000,"event_status":0}],"cuda_sum_ns":11264.000}
{"schema":"riley.owned-graph-diagnostic.v1","kind":"read","capture_id":2,"replay_id":6,"host_read_bytes":98344,"host_read_ns":4944}
{"schema":"riley.owned-graph-diagnostic.v1","kind":"replay","capture_id":2,"replay_id":7,"position":133,"host_staging_bytes":98344,"event_setup_ns":347,"host_staging_ns":1582,"host_launch_ns":10903,"host_wait_ns":1878407,"cuda_graph_span_ns":1886880.040,"event_status":0,"launch_status":0,"completion_status":0}
{"schema":"riley.decode-operator-diagnostic.v1","kind":"operation","capture_id":2,"replay_id":7,"position":133,"operator":"rope_kv","launch_status":0,"completion_status":0,"intervals":[{"layer":0,"cuda_span_ns":4096.000,"event_status":0},{"layer":15,"cuda_span_ns":3072.000,"event_status":0},{"layer":29,"cuda_span_ns":3072.000,"event_status":0}],"cuda_sum_ns":10240.000}
{"schema":"riley.owned-graph-diagnostic.v1","kind":"read","capture_id":2,"replay_id":7,"host_read_bytes":98344,"host_read_ns":4644}
{"schema":"riley.owned-graph-diagnostic.v1","kind":"replay","capture_id":2,"replay_id":8,"position":134,"host_staging_bytes":98344,"event_setup_ns":299,"host_staging_ns":1686,"host_launch_ns":10737,"host_wait_ns":1875735,"cuda_graph_span_ns":1883903.980,"event_status":0,"launch_status":0,"completion_status":0}
{"schema":"riley.decode-operator-diagnostic.v1","kind":"operation","capture_id":2,"replay_id":8,"position":134,"operator":"rope_kv","launch_status":0,"completion_status":0,"intervals":[{"layer":0,"cuda_span_ns":4096.000,"event_status":0},{"layer":15,"cuda_span_ns":3072.000,"event_status":0},{"layer":29,"cuda_span_ns":4096.000,"event_status":0}],"cuda_sum_ns":11264.000}
{"schema":"riley.owned-graph-diagnostic.v1","kind":"read","capture_id":2,"replay_id":8,"host_read_bytes":98344,"host_read_ns":4757}
{"schema":"riley.owned-graph-diagnostic.v1","kind":"replay","capture_id":2,"replay_id":9,"position":135,"host_staging_bytes":98344,"event_setup_ns":312,"host_staging_ns":1591,"host_launch_ns":12322,"host_wait_ns":1878076,"cuda_graph_span_ns":1887807.965,"event_status":0,"launch_status":0,"completion_status":0}
{"schema":"riley.decode-operator-diagnostic.v1","kind":"operation","capture_id":2,"replay_id":9,"position":135,"operator":"rope_kv","launch_status":0,"completion_status":0,"intervals":[{"layer":0,"cuda_span_ns":4096.000,"event_status":0},{"layer":15,"cuda_span_ns":3072.000,"event_status":0},{"layer":29,"cuda_span_ns":3072.000,"event_status":0}],"cuda_sum_ns":10240.000}
{"schema":"riley.owned-graph-diagnostic.v1","kind":"read","capture_id":2,"replay_id":9,"host_read_bytes":98344,"host_read_ns":4958}
{"schema":"riley.owned-graph-diagnostic.v1","kind":"replay","capture_id":2,"replay_id":10,"position":136,"host_staging_bytes":98344,"event_setup_ns":410,"host_staging_ns":1597,"host_launch_ns":10716,"host_wait_ns":1919562,"cuda_graph_span_ns":1927616.000,"event_status":0,"launch_status":0,"completion_status":0}
{"schema":"riley.decode-operator-diagnostic.v1","kind":"operation","capture_id":2,"replay_id":10,"position":136,"operator":"rope_kv","launch_status":0,"completion_status":0,"intervals":[{"layer":0,"cuda_span_ns":4096.000,"event_status":0},{"layer":15,"cuda_span_ns":4096.000,"event_status":0},{"layer":29,"cuda_span_ns":3072.000,"event_status":0}],"cuda_sum_ns":11264.000}
{"schema":"riley.owned-graph-diagnostic.v1","kind":"read","capture_id":2,"replay_id":10,"host_read_bytes":98344,"host_read_ns":4889}
{"schema":"riley.owned-graph-diagnostic.v1","kind":"replay","capture_id":2,"replay_id":11,"position":137,"host_staging_bytes":98344,"event_setup_ns":391,"host_staging_ns":1634,"host_launch_ns":10859,"host_wait_ns":1929046,"cuda_graph_span_ns":1937183.976,"event_status":0,"launch_status":0,"completion_status":0}
{"schema":"riley.decode-operator-diagnostic.v1","kind":"operation","capture_id":2,"replay_id":11,"position":137,"operator":"rope_kv","launch_status":0,"completion_status":0,"intervals":[{"layer":0,"cuda_span_ns":4096.000,"event_status":0},{"layer":15,"cuda_span_ns":3072.000,"event_status":0},{"layer":29,"cuda_span_ns":3072.000,"event_status":0}],"cuda_sum_ns":10240.000}
{"schema":"riley.owned-graph-diagnostic.v1","kind":"read","capture_id":2,"replay_id":11,"host_read_bytes":98344,"host_read_ns":5071}
{"schema":"riley.owned-graph-diagnostic.v1","kind":"replay","capture_id":2,"replay_id":12,"position":138,"host_staging_bytes":98344,"event_setup_ns":366,"host_staging_ns":1641,"host_launch_ns":11219,"host_wait_ns":1928103,"cuda_graph_span_ns":1936607.957,"event_status":0,"launch_status":0,"completion_status":0}
{"schema":"riley.decode-operator-diagnostic.v1","kind":"operation","capture_id":2,"replay_id":12,"position":138,"operator":"rope_kv","launch_status":0,"completion_status":0,"intervals":[{"layer":0,"cuda_span_ns":3072.000,"event_status":0},{"layer":15,"cuda_span_ns":4096.000,"event_status":0},{"layer":29,"cuda_span_ns":3072.000,"event_status":0}],"cuda_sum_ns":10240.000}
{"schema":"riley.owned-graph-diagnostic.v1","kind":"read","capture_id":2,"replay_id":12,"host_read_bytes":98344,"host_read_ns":5276}
{"schema":"riley.owned-graph-diagnostic.v1","kind":"replay","capture_id":2,"replay_id":13,"position":139,"host_staging_bytes":98344,"event_setup_ns":282,"host_staging_ns":1816,"host_launch_ns":11287,"host_wait_ns":1928605,"cuda_graph_span_ns":1937088.013,"event_status":0,"launch_status":0,"completion_status":0}
{"schema":"riley.decode-operator-diagnostic.v1","kind":"operation","capture_id":2,"replay_id":13,"position":139,"operator":"rope_kv","launch_status":0,"completion_status":0,"intervals":[{"layer":0,"cuda_span_ns":3072.000,"event_status":0},{"layer":15,"cuda_span_ns":4096.000,"event_status":0},{"layer":29,"cuda_span_ns":3072.000,"event_status":0}],"cuda_sum_ns":10240.000}
{"schema":"riley.owned-graph-diagnostic.v1","kind":"read","capture_id":2,"replay_id":13,"host_read_bytes":98344,"host_read_ns":5153}
{"schema":"riley.owned-graph-diagnostic.v1","kind":"replay","capture_id":2,"replay_id":14,"position":140,"host_staging_bytes":98344,"event_setup_ns":283,"host_staging_ns":1912,"host_launch_ns":11437,"host_wait_ns":1936891,"cuda_graph_span_ns":1945600.033,"event_status":0,"launch_status":0,"completion_status":0}
{"schema":"riley.decode-operator-diagnostic.v1","kind":"operation","capture_id":2,"replay_id":14,"position":140,"operator":"rope_kv","launch_status":0,"completion_status":0,"intervals":[{"layer":0,"cuda_span_ns":3072.000,"event_status":0},{"layer":15,"cuda_span_ns":3072.000,"event_status":0},{"layer":29,"cuda_span_ns":3072.000,"event_status":0}],"cuda_sum_ns":9216.000}
{"schema":"riley.owned-graph-diagnostic.v1","kind":"read","capture_id":2,"replay_id":14,"host_read_bytes":98344,"host_read_ns":5751}
{"schema":"riley.owned-graph-diagnostic.v1","kind":"replay","capture_id":2,"replay_id":15,"position":141,"host_staging_bytes":98344,"event_setup_ns":496,"host_staging_ns":1790,"host_launch_ns":10989,"host_wait_ns":1936108,"cuda_graph_span_ns":1944576.025,"event_status":0,"launch_status":0,"completion_status":0}
{"schema":"riley.decode-operator-diagnostic.v1","kind":"operation","capture_id":2,"replay_id":15,"position":141,"operator":"rope_kv","launch_status":0,"completion_status":0,"intervals":[{"layer":0,"cuda_span_ns":3072.000,"event_status":0},{"layer":15,"cuda_span_ns":4096.000,"event_status":0},{"layer":29,"cuda_span_ns":3072.000,"event_status":0}],"cuda_sum_ns":10240.000}
{"schema":"riley.owned-graph-diagnostic.v1","kind":"read","capture_id":2,"replay_id":15,"host_read_bytes":98344,"host_read_ns":5150}
{"schema":"riley.owned-graph-diagnostic.v1","kind":"replay","capture_id":2,"replay_id":16,"position":142,"host_staging_bytes":98344,"event_setup_ns":375,"host_staging_ns":1687,"host_launch_ns":11051,"host_wait_ns":1935261,"cuda_graph_span_ns":1943328.023,"event_status":0,"launch_status":0,"completion_status":0}
{"schema":"riley.decode-operator-diagnostic.v1","kind":"operation","capture_id":2,"replay_id":16,"position":142,"operator":"rope_kv","launch_status":0,"completion_status":0,"intervals":[{"layer":0,"cuda_span_ns":3072.000,"event_status":0},{"layer":15,"cuda_span_ns":3072.000,"event_status":0},{"layer":29,"cuda_span_ns":3072.000,"event_status":0}],"cuda_sum_ns":9216.000}
{"schema":"riley.owned-graph-diagnostic.v1","kind":"read","capture_id":2,"replay_id":16,"host_read_bytes":98344,"host_read_ns":4920}
{"schema":"riley.owned-graph-diagnostic.v1","kind":"replay","capture_id":2,"replay_id":17,"position":143,"host_staging_bytes":98344,"event_setup_ns":395,"host_staging_ns":1769,"host_launch_ns":11135,"host_wait_ns":1925519,"cuda_graph_span_ns":1933536.053,"event_status":0,"launch_status":0,"completion_status":0}
{"schema":"riley.decode-operator-diagnostic.v1","kind":"operation","capture_id":2,"replay_id":17,"position":143,"operator":"rope_kv","launch_status":0,"completion_status":0,"intervals":[{"layer":0,"cuda_span_ns":3072.000,"event_status":0},{"layer":15,"cuda_span_ns":3072.000,"event_status":0},{"layer":29,"cuda_span_ns":3072.000,"event_status":0}],"cuda_sum_ns":9216.000}
{"schema":"riley.owned-graph-diagnostic.v1","kind":"read","capture_id":2,"replay_id":17,"host_read_bytes":98344,"host_read_ns":5137}
{"schema":"riley.owned-graph-diagnostic.v1","kind":"replay","capture_id":2,"replay_id":18,"position":144,"host_staging_bytes":98344,"event_setup_ns":704,"host_staging_ns":1712,"host_launch_ns":10884,"host_wait_ns":1991023,"cuda_graph_span_ns":1999008.060,"event_status":0,"launch_status":0,"completion_status":0}
{"schema":"riley.decode-operator-diagnostic.v1","kind":"operation","capture_id":2,"replay_id":18,"position":144,"operator":"rope_kv","launch_status":0,"completion_status":0,"intervals":[{"layer":0,"cuda_span_ns":3072.000,"event_status":0},{"layer":15,"cuda_span_ns":3072.000,"event_status":0},{"layer":29,"cuda_span_ns":3072.000,"event_status":0}],"cuda_sum_ns":9216.000}
{"schema":"riley.owned-graph-diagnostic.v1","kind":"read","capture_id":2,"replay_id":18,"host_read_bytes":98344,"host_read_ns":4714}
{"schema":"riley.owned-graph-diagnostic.v1","kind":"replay","capture_id":2,"replay_id":19,"position":145,"host_staging_bytes":98344,"event_setup_ns":437,"host_staging_ns":1759,"host_launch_ns":11092,"host_wait_ns":2006856,"cuda_graph_span_ns":2015327.930,"event_status":0,"launch_status":0,"completion_status":0}
{"schema":"riley.decode-operator-diagnostic.v1","kind":"operation","capture_id":2,"replay_id":19,"position":145,"operator":"rope_kv","launch_status":0,"completion_status":0,"intervals":[{"layer":0,"cuda_span_ns":4096.000,"event_status":0},{"layer":15,"cuda_span_ns":3072.000,"event_status":0},{"layer":29,"cuda_span_ns":3072.000,"event_status":0}],"cuda_sum_ns":10240.000}
{"schema":"riley.owned-graph-diagnostic.v1","kind":"read","capture_id":2,"replay_id":19,"host_read_bytes":98344,"host_read_ns":5491}
{"schema":"riley.owned-graph-diagnostic.v1","kind":"replay","capture_id":2,"replay_id":20,"position":146,"host_staging_bytes":98344,"event_setup_ns":478,"host_staging_ns":1834,"host_launch_ns":10822,"host_wait_ns":1999541,"cuda_graph_span_ns":2007839.918,"event_status":0,"launch_status":0,"completion_status":0}
{"schema":"riley.decode-operator-diagnostic.v1","kind":"operation","capture_id":2,"replay_id":20,"position":146,"operator":"rope_kv","launch_status":0,"completion_status":0,"intervals":[{"layer":0,"cuda_span_ns":3072.000,"event_status":0},{"layer":15,"cuda_span_ns":4096.000,"event_status":0},{"layer":29,"cuda_span_ns":3072.000,"event_status":0}],"cuda_sum_ns":10240.000}
{"schema":"riley.owned-graph-diagnostic.v1","kind":"read","capture_id":2,"replay_id":20,"host_read_bytes":98344,"host_read_ns":4813}
{"schema":"riley.owned-graph-diagnostic.v1","kind":"replay","capture_id":2,"replay_id":21,"position":147,"host_staging_bytes":98344,"event_setup_ns":379,"host_staging_ns":1756,"host_launch_ns":11396,"host_wait_ns":1999104,"cuda_graph_span_ns":2007839.918,"event_status":0,"launch_status":0,"completion_status":0}
{"schema":"riley.decode-operator-diagnostic.v1","kind":"operation","capture_id":2,"replay_id":21,"position":147,"operator":"rope_kv","launch_status":0,"completion_status":0,"intervals":[{"layer":0,"cuda_span_ns":4096.000,"event_status":0},{"layer":15,"cuda_span_ns":3072.000,"event_status":0},{"layer":29,"cuda_span_ns":3072.000,"event_status":0}],"cuda_sum_ns":10240.000}
{"schema":"riley.owned-graph-diagnostic.v1","kind":"read","capture_id":2,"replay_id":21,"host_read_bytes":98344,"host_read_ns":4739}
{"schema":"riley.owned-graph-diagnostic.v1","kind":"replay","capture_id":2,"replay_id":22,"position":148,"host_staging_bytes":98344,"event_setup_ns":301,"host_staging_ns":1610,"host_launch_ns":11016,"host_wait_ns":2001471,"cuda_graph_span_ns":2009792.089,"event_status":0,"launch_status":0,"completion_status":0}
{"schema":"riley.decode-operator-diagnostic.v1","kind":"operation","capture_id":2,"replay_id":22,"position":148,"operator":"rope_kv","launch_status":0,"completion_status":0,"intervals":[{"layer":0,"cuda_span_ns":4096.000,"event_status":0},{"layer":15,"cuda_span_ns":3072.000,"event_status":0},{"layer":29,"cuda_span_ns":3072.000,"event_status":0}],"cuda_sum_ns":10240.000}
{"schema":"riley.owned-graph-diagnostic.v1","kind":"read","capture_id":2,"replay_id":22,"host_read_bytes":98344,"host_read_ns":4508}
{"schema":"riley.owned-graph-diagnostic.v1","kind":"replay","capture_id":2,"replay_id":23,"position":149,"host_staging_bytes":98344,"event_setup_ns":312,"host_staging_ns":1612,"host_launch_ns":10840,"host_wait_ns":2002246,"cuda_graph_span_ns":2010623.932,"event_status":0,"launch_status":0,"completion_status":0}
{"schema":"riley.decode-operator-diagnostic.v1","kind":"operation","capture_id":2,"replay_id":23,"position":149,"operator":"rope_kv","launch_status":0,"completion_status":0,"intervals":[{"layer":0,"cuda_span_ns":3072.000,"event_status":0},{"layer":15,"cuda_span_ns":3072.000,"event_status":0},{"layer":29,"cuda_span_ns":3072.000,"event_status":0}],"cuda_sum_ns":9216.000}
{"schema":"riley.owned-graph-diagnostic.v1","kind":"read","capture_id":2,"replay_id":23,"host_read_bytes":98344,"host_read_ns":4800}
{"schema":"riley.owned-graph-diagnostic.v1","kind":"replay","capture_id":2,"replay_id":24,"position":150,"host_staging_bytes":98344,"event_setup_ns":387,"host_staging_ns":1597,"host_launch_ns":11166,"host_wait_ns":2007386,"cuda_graph_span_ns":2015775.919,"event_status":0,"launch_status":0,"completion_status":0}
{"schema":"riley.decode-operator-diagnostic.v1","kind":"operation","capture_id":2,"replay_id":24,"position":150,"operator":"rope_kv","launch_status":0,"completion_status":0,"intervals":[{"layer":0,"cuda_span_ns":4096.000,"event_status":0},{"layer":15,"cuda_span_ns":3072.000,"event_status":0},{"layer":29,"cuda_span_ns":3072.000,"event_status":0}],"cuda_sum_ns":10240.000}
{"schema":"riley.owned-graph-diagnostic.v1","kind":"read","capture_id":2,"replay_id":24,"host_read_bytes":98344,"host_read_ns":4571}
{"schema":"riley.owned-graph-diagnostic.v1","kind":"replay","capture_id":2,"replay_id":25,"position":151,"host_staging_bytes":98344,"event_setup_ns":304,"host_staging_ns":1602,"host_launch_ns":10896,"host_wait_ns":2001132,"cuda_graph_span_ns":2009439.945,"event_status":0,"launch_status":0,"completion_status":0}
{"schema":"riley.decode-operator-diagnostic.v1","kind":"operation","capture_id":2,"replay_id":25,"position":151,"operator":"rope_kv","launch_status":0,"completion_status":0,"intervals":[{"layer":0,"cuda_span_ns":4096.000,"event_status":0},{"layer":15,"cuda_span_ns":3072.000,"event_status":0},{"layer":29,"cuda_span_ns":3072.000,"event_status":0}],"cuda_sum_ns":10240.000}
{"schema":"riley.owned-graph-diagnostic.v1","kind":"read","capture_id":2,"replay_id":25,"host_read_bytes":98344,"host_read_ns":4896}
{"schema":"riley.owned-graph-diagnostic.v1","kind":"replay","capture_id":2,"replay_id":26,"position":152,"host_staging_bytes":98344,"event_setup_ns":295,"host_staging_ns":1627,"host_launch_ns":11042,"host_wait_ns":2048117,"cuda_graph_span_ns":2056607.962,"event_status":0,"launch_status":0,"completion_status":0}
{"schema":"riley.decode-operator-diagnostic.v1","kind":"operation","capture_id":2,"replay_id":26,"position":152,"operator":"rope_kv","launch_status":0,"completion_status":0,"intervals":[{"layer":0,"cuda_span_ns":4096.000,"event_status":0},{"layer":15,"cuda_span_ns":3072.000,"event_status":0},{"layer":29,"cuda_span_ns":3072.000,"event_status":0}],"cuda_sum_ns":10240.000}
{"schema":"riley.owned-graph-diagnostic.v1","kind":"read","capture_id":2,"replay_id":26,"host_read_bytes":98344,"host_read_ns":4393}
{"schema":"riley.owned-graph-diagnostic.v1","kind":"replay","capture_id":2,"replay_id":27,"position":153,"host_staging_bytes":98344,"event_setup_ns":378,"host_staging_ns":1619,"host_launch_ns":10897,"host_wait_ns":2059670,"cuda_graph_span_ns":2068032.026,"event_status":0,"launch_status":0,"completion_status":0}
{"schema":"riley.decode-operator-diagnostic.v1","kind":"operation","capture_id":2,"replay_id":27,"position":153,"operator":"rope_kv","launch_status":0,"completion_status":0,"intervals":[{"layer":0,"cuda_span_ns":4096.000,"event_status":0},{"layer":15,"cuda_span_ns":3072.000,"event_status":0},{"layer":29,"cuda_span_ns":3072.000,"event_status":0}],"cuda_sum_ns":10240.000}
{"schema":"riley.owned-graph-diagnostic.v1","kind":"read","capture_id":2,"replay_id":27,"host_read_bytes":98344,"host_read_ns":4846}
{"schema":"riley.owned-graph-diagnostic.v1","kind":"replay","capture_id":2,"replay_id":28,"position":154,"host_staging_bytes":98344,"event_setup_ns":340,"host_staging_ns":1626,"host_launch_ns":10834,"host_wait_ns":2057313,"cuda_graph_span_ns":2065504.074,"event_status":0,"launch_status":0,"completion_status":0}
{"schema":"riley.decode-operator-diagnostic.v1","kind":"operation","capture_id":2,"replay_id":28,"position":154,"operator":"rope_kv","launch_status":0,"completion_status":0,"intervals":[{"layer":0,"cuda_span_ns":4096.000,"event_status":0},{"layer":15,"cuda_span_ns":3072.000,"event_status":0},{"layer":29,"cuda_span_ns":3072.000,"event_status":0}],"cuda_sum_ns":10240.000}
{"schema":"riley.owned-graph-diagnostic.v1","kind":"read","capture_id":2,"replay_id":28,"host_read_bytes":98344,"host_read_ns":5178}
{"schema":"riley.owned-graph-diagnostic.v1","kind":"replay","capture_id":2,"replay_id":29,"position":155,"host_staging_bytes":98344,"event_setup_ns":380,"host_staging_ns":1573,"host_launch_ns":11283,"host_wait_ns":2059799,"cuda_graph_span_ns":2067872.047,"event_status":0,"launch_status":0,"completion_status":0}
{"schema":"riley.decode-operator-diagnostic.v1","kind":"operation","capture_id":2,"replay_id":29,"position":155,"operator":"rope_kv","launch_status":0,"completion_status":0,"intervals":[{"layer":0,"cuda_span_ns":3072.000,"event_status":0},{"layer":15,"cuda_span_ns":3072.000,"event_status":0},{"layer":29,"cuda_span_ns":3072.000,"event_status":0}],"cuda_sum_ns":9216.000}
{"schema":"riley.owned-graph-diagnostic.v1","kind":"read","capture_id":2,"replay_id":29,"host_read_bytes":98344,"host_read_ns":4518}
{"schema":"riley.owned-graph-diagnostic.v1","kind":"replay","capture_id":2,"replay_id":30,"position":156,"host_staging_bytes":98344,"event_setup_ns":332,"host_staging_ns":1648,"host_launch_ns":11398,"host_wait_ns":2058169,"cuda_graph_span_ns":2066911.936,"event_status":0,"launch_status":0,"completion_status":0}
{"schema":"riley.decode-operator-diagnostic.v1","kind":"operation","capture_id":2,"replay_id":30,"position":156,"operator":"rope_kv","launch_status":0,"completion_status":0,"intervals":[{"layer":0,"cuda_span_ns":4096.000,"event_status":0},{"layer":15,"cuda_span_ns":3072.000,"event_status":0},{"layer":29,"cuda_span_ns":3072.000,"event_status":0}],"cuda_sum_ns":10240.000}
{"schema":"riley.owned-graph-diagnostic.v1","kind":"read","capture_id":2,"replay_id":30,"host_read_bytes":98344,"host_read_ns":4435}
{"schema":"riley.owned-graph-diagnostic.v1","kind":"replay","capture_id":2,"replay_id":31,"position":157,"host_staging_bytes":98344,"event_setup_ns":281,"host_staging_ns":1564,"host_launch_ns":11151,"host_wait_ns":2066201,"cuda_graph_span_ns":2074624.062,"event_status":0,"launch_status":0,"completion_status":0}
{"schema":"riley.decode-operator-diagnostic.v1","kind":"operation","capture_id":2,"replay_id":31,"position":157,"operator":"rope_kv","launch_status":0,"completion_status":0,"intervals":[{"layer":0,"cuda_span_ns":4096.000,"event_status":0},{"layer":15,"cuda_span_ns":3072.000,"event_status":0},{"layer":29,"cuda_span_ns":3072.000,"event_status":0}],"cuda_sum_ns":10240.000}
{"schema":"riley.owned-graph-diagnostic.v1","kind":"read","capture_id":2,"replay_id":31,"host_read_bytes":98344,"host_read_ns":4882}
{"schema":"riley.owned-graph-diagnostic.v1","kind":"replay","capture_id":2,"replay_id":32,"position":158,"host_staging_bytes":98344,"event_setup_ns":289,"host_staging_ns":1560,"host_launch_ns":10751,"host_wait_ns":2057436,"cuda_graph_span_ns":2065632.105,"event_status":0,"launch_status":0,"completion_status":0}
{"schema":"riley.decode-operator-diagnostic.v1","kind":"operation","capture_id":2,"replay_id":32,"position":158,"operator":"rope_kv","launch_status":0,"completion_status":0,"intervals":[{"layer":0,"cuda_span_ns":4096.000,"event_status":0},{"layer":15,"cuda_span_ns":3072.000,"event_status":0},{"layer":29,"cuda_span_ns":3072.000,"event_status":0}],"cuda_sum_ns":10240.000}
{"schema":"riley.owned-graph-diagnostic.v1","kind":"read","capture_id":2,"replay_id":32,"host_read_bytes":98344,"host_read_ns":4726}
{"schema":"riley.owned-graph-diagnostic.v1","kind":"replay","capture_id":1,"replay_id":33,"position":127,"host_staging_bytes":98344,"event_setup_ns":4060,"host_staging_ns":2162,"host_launch_ns":15182,"host_wait_ns":13670809,"cuda_graph_span_ns":13682944.298,"event_status":0,"launch_status":0,"completion_status":0}
{"schema":"riley.owned-graph-diagnostic.v1","kind":"read","capture_id":1,"replay_id":33,"host_read_bytes":98344,"host_read_ns":7261}
{"schema":"riley.owned-graph-diagnostic.v1","kind":"replay","capture_id":2,"replay_id":34,"position":128,"host_staging_bytes":98344,"event_setup_ns":763,"host_staging_ns":1982,"host_launch_ns":16138,"host_wait_ns":2197662,"cuda_graph_span_ns":2210880.041,"event_status":0,"launch_status":0,"completion_status":0}
{"schema":"riley.decode-operator-diagnostic.v1","kind":"operation","capture_id":2,"replay_id":34,"position":128,"operator":"rope_kv","launch_status":0,"completion_status":0,"intervals":[{"layer":0,"cuda_span_ns":4096.000,"event_status":0},{"layer":15,"cuda_span_ns":3072.000,"event_status":0},{"layer":29,"cuda_span_ns":3072.000,"event_status":0}],"cuda_sum_ns":10240.000}
{"schema":"riley.owned-graph-diagnostic.v1","kind":"read","capture_id":2,"replay_id":34,"host_read_bytes":98344,"host_read_ns":4726}
{"schema":"riley.owned-graph-diagnostic.v1","kind":"replay","capture_id":2,"replay_id":35,"position":129,"host_staging_bytes":98344,"event_setup_ns":464,"host_staging_ns":1598,"host_launch_ns":11080,"host_wait_ns":1877647,"cuda_graph_span_ns":1886080.027,"event_status":0,"launch_status":0,"completion_status":0}
{"schema":"riley.decode-operator-diagnostic.v1","kind":"operation","capture_id":2,"replay_id":35,"position":129,"operator":"rope_kv","launch_status":0,"completion_status":0,"intervals":[{"layer":0,"cuda_span_ns":4096.000,"event_status":0},{"layer":15,"cuda_span_ns":4096.000,"event_status":0},{"layer":29,"cuda_span_ns":3072.000,"event_status":0}],"cuda_sum_ns":11264.000}
{"schema":"riley.owned-graph-diagnostic.v1","kind":"read","capture_id":2,"replay_id":35,"host_read_bytes":98344,"host_read_ns":4590}
{"schema":"riley.owned-graph-diagnostic.v1","kind":"replay","capture_id":2,"replay_id":36,"position":130,"host_staging_bytes":98344,"event_setup_ns":353,"host_staging_ns":1588,"host_launch_ns":11025,"host_wait_ns":1877656,"cuda_graph_span_ns":1886111.975,"event_status":0,"launch_status":0,"completion_status":0}
{"schema":"riley.decode-operator-diagnostic.v1","kind":"operation","capture_id":2,"replay_id":36,"position":130,"operator":"rope_kv","launch_status":0,"completion_status":0,"intervals":[{"layer":0,"cuda_span_ns":3072.000,"event_status":0},{"layer":15,"cuda_span_ns":3072.000,"event_status":0},{"layer":29,"cuda_span_ns":3072.000,"event_status":0}],"cuda_sum_ns":9216.000}
{"schema":"riley.owned-graph-diagnostic.v1","kind":"read","capture_id":2,"replay_id":36,"host_read_bytes":98344,"host_read_ns":4381}
{"schema":"riley.owned-graph-diagnostic.v1","kind":"replay","capture_id":2,"replay_id":37,"position":131,"host_staging_bytes":98344,"event_setup_ns":437,"host_staging_ns":1567,"host_launch_ns":10797,"host_wait_ns":1877990,"cuda_graph_span_ns":1886175.990,"event_status":0,"launch_status":0,"completion_status":0}
{"schema":"riley.decode-operator-diagnostic.v1","kind":"operation","capture_id":2,"replay_id":37,"position":131,"operator":"rope_kv","launch_status":0,"completion_status":0,"intervals":[{"layer":0,"cuda_span_ns":4096.000,"event_status":0},{"layer":15,"cuda_span_ns":3072.000,"event_status":0},{"layer":29,"cuda_span_ns":3072.000,"event_status":0}],"cuda_sum_ns":10240.000}
{"schema":"riley.owned-graph-diagnostic.v1","kind":"read","capture_id":2,"replay_id":37,"host_read_bytes":98344,"host_read_ns":4340}
{"schema":"riley.owned-graph-diagnostic.v1","kind":"replay","capture_id":2,"replay_id":38,"position":132,"host_staging_bytes":98344,"event_setup_ns":404,"host_staging_ns":1565,"host_launch_ns":10735,"host_wait_ns":1878704,"cuda_graph_span_ns":1886976.004,"event_status":0,"launch_status":0,"completion_status":0}
{"schema":"riley.decode-operator-diagnostic.v1","kind":"operation","capture_id":2,"replay_id":38,"position":132,"operator":"rope_kv","launch_status":0,"completion_status":0,"intervals":[{"layer":0,"cuda_span_ns":4096.000,"event_status":0},{"layer":15,"cuda_span_ns":3072.000,"event_status":0},{"layer":29,"cuda_span_ns":3072.000,"event_status":0}],"cuda_sum_ns":10240.000}
{"schema":"riley.owned-graph-diagnostic.v1","kind":"read","capture_id":2,"replay_id":38,"host_read_bytes":98344,"host_read_ns":4654}
{"schema":"riley.owned-graph-diagnostic.v1","kind":"replay","capture_id":2,"replay_id":39,"position":133,"host_staging_bytes":98344,"event_setup_ns":331,"host_staging_ns":1572,"host_launch_ns":10624,"host_wait_ns":1879757,"cuda_graph_span_ns":1887807.965,"event_status":0,"launch_status":0,"completion_status":0}
{"schema":"riley.decode-operator-diagnostic.v1","kind":"operation","capture_id":2,"replay_id":39,"position":133,"operator":"rope_kv","launch_status":0,"completion_status":0,"intervals":[{"layer":0,"cuda_span_ns":4096.000,"event_status":0},{"layer":15,"cuda_span_ns":4096.000,"event_status":0},{"layer":29,"cuda_span_ns":3072.000,"event_status":0}],"cuda_sum_ns":11264.000}
{"schema":"riley.owned-graph-diagnostic.v1","kind":"read","capture_id":2,"replay_id":39,"host_read_bytes":98344,"host_read_ns":4718}
{"schema":"riley.owned-graph-diagnostic.v1","kind":"replay","capture_id":2,"replay_id":40,"position":134,"host_staging_bytes":98344,"event_setup_ns":314,"host_staging_ns":1579,"host_launch_ns":10876,"host_wait_ns":1876571,"cuda_graph_span_ns":1885215.998,"event_status":0,"launch_status":0,"completion_status":0}
{"schema":"riley.decode-operator-diagnostic.v1","kind":"operation","capture_id":2,"replay_id":40,"position":134,"operator":"rope_kv","launch_status":0,"completion_status":0,"intervals":[{"layer":0,"cuda_span_ns":3072.000,"event_status":0},{"layer":15,"cuda_span_ns":3072.000,"event_status":0},{"layer":29,"cuda_span_ns":3072.000,"event_status":0}],"cuda_sum_ns":9216.000}
{"schema":"riley.owned-graph-diagnostic.v1","kind":"read","capture_id":2,"replay_id":40,"host_read_bytes":98344,"host_read_ns":4458}
{"schema":"riley.owned-graph-diagnostic.v1","kind":"replay","capture_id":2,"replay_id":41,"position":135,"host_staging_bytes":98344,"event_setup_ns":372,"host_staging_ns":1581,"host_launch_ns":10822,"host_wait_ns":1878922,"cuda_graph_span_ns":1887104.034,"event_status":0,"launch_status":0,"completion_status":0}
{"schema":"riley.decode-operator-diagnostic.v1","kind":"operation","capture_id":2,"replay_id":41,"position":135,"operator":"rope_kv","launch_status":0,"completion_status":0,"intervals":[{"layer":0,"cuda_span_ns":3072.000,"event_status":0},{"layer":15,"cuda_span_ns":4096.000,"event_status":0},{"layer":29,"cuda_span_ns":3072.000,"event_status":0}],"cuda_sum_ns":10240.000}
{"schema":"riley.owned-graph-diagnostic.v1","kind":"read","capture_id":2,"replay_id":41,"host_read_bytes":98344,"host_read_ns":4280}
{"schema":"riley.owned-graph-diagnostic.v1","kind":"replay","capture_id":2,"replay_id":42,"position":136,"host_staging_bytes":98344,"event_setup_ns":367,"host_staging_ns":1585,"host_launch_ns":10755,"host_wait_ns":1919234,"cuda_graph_span_ns":1927360.058,"event_status":0,"launch_status":0,"completion_status":0}
{"schema":"riley.decode-operator-diagnostic.v1","kind":"operation","capture_id":2,"replay_id":42,"position":136,"operator":"rope_kv","launch_status":0,"completion_status":0,"intervals":[{"layer":0,"cuda_span_ns":3072.000,"event_status":0},{"layer":15,"cuda_span_ns":4096.000,"event_status":0},{"layer":29,"cuda_span_ns":3072.000,"event_status":0}],"cuda_sum_ns":10240.000}
{"schema":"riley.owned-graph-diagnostic.v1","kind":"read","capture_id":2,"replay_id":42,"host_read_bytes":98344,"host_read_ns":4806}
{"schema":"riley.owned-graph-diagnostic.v1","kind":"replay","capture_id":2,"replay_id":43,"position":137,"host_staging_bytes":98344,"event_setup_ns":331,"host_staging_ns":1584,"host_launch_ns":13929,"host_wait_ns":1927010,"cuda_graph_span_ns":1938336.015,"event_status":0,"launch_status":0,"completion_status":0}
{"schema":"riley.decode-operator-diagnostic.v1","kind":"operation","capture_id":2,"replay_id":43,"position":137,"operator":"rope_kv","launch_status":0,"completion_status":0,"intervals":[{"layer":0,"cuda_span_ns":4096.000,"event_status":0},{"layer":15,"cuda_span_ns":3072.000,"event_status":0},{"layer":29,"cuda_span_ns":3072.000,"event_status":0}],"cuda_sum_ns":10240.000}
{"schema":"riley.owned-graph-diagnostic.v1","kind":"read","capture_id":2,"replay_id":43,"host_read_bytes":98344,"host_read_ns":4693}
{"schema":"riley.owned-graph-diagnostic.v1","kind":"replay","capture_id":2,"replay_id":44,"position":138,"host_staging_bytes":98344,"event_setup_ns":327,"host_staging_ns":1563,"host_launch_ns":11270,"host_wait_ns":1927693,"cuda_graph_span_ns":1936287.999,"event_status":0,"launch_status":0,"completion_status":0}
{"schema":"riley.decode-operator-diagnostic.v1","kind":"operation","capture_id":2,"replay_id":44,"position":138,"operator":"rope_kv","launch_status":0,"completion_status":0,"intervals":[{"layer":0,"cuda_span_ns":3072.000,"event_status":0},{"layer":15,"cuda_span_ns":4096.000,"event_status":0},{"layer":29,"cuda_span_ns":3072.000,"event_status":0}],"cuda_sum_ns":10240.000}
{"schema":"riley.owned-graph-diagnostic.v1","kind":"read","capture_id":2,"replay_id":44,"host_read_bytes":98344,"host_read_ns":4640}
{"schema":"riley.owned-graph-diagnostic.v1","kind":"replay","capture_id":2,"replay_id":45,"position":139,"host_staging_bytes":98344,"event_setup_ns":311,"host_staging_ns":1562,"host_launch_ns":10898,"host_wait_ns":1936726,"cuda_graph_span_ns":1944959.998,"event_status":0,"launch_status":0,"completion_status":0}
{"schema":"riley.decode-operator-diagnostic.v1","kind":"operation","capture_id":2,"replay_id":45,"position":139,"operator":"rope_kv","launch_status":0,"completion_status":0,"intervals":[{"layer":0,"cuda_span_ns":4096.000,"event_status":0},{"layer":15,"cuda_span_ns":4096.000,"event_status":0},{"layer":29,"cuda_span_ns":3072.000,"event_status":0}],"cuda_sum_ns":11264.000}
{"schema":"riley.owned-graph-diagnostic.v1","kind":"read","capture_id":2,"replay_id":45,"host_read_bytes":98344,"host_read_ns":4688}
{"schema":"riley.owned-graph-diagnostic.v1","kind":"replay","capture_id":2,"replay_id":46,"position":140,"host_staging_bytes":98344,"event_setup_ns":325,"host_staging_ns":1557,"host_launch_ns":10380,"host_wait_ns":1934431,"cuda_graph_span_ns":1942111.969,"event_status":0,"launch_status":0,"completion_status":0}
{"schema":"riley.decode-operator-diagnostic.v1","kind":"operation","capture_id":2,"replay_id":46,"position":140,"operator":"rope_kv","launch_status":0,"completion_status":0,"intervals":[{"layer":0,"cuda_span_ns":4096.000,"event_status":0},{"layer":15,"cuda_span_ns":4096.000,"event_status":0},{"layer":29,"cuda_span_ns":3072.000,"event_status":0}],"cuda_sum_ns":11264.000}
{"schema":"riley.owned-graph-diagnostic.v1","kind":"read","capture_id":2,"replay_id":46,"host_read_bytes":98344,"host_read_ns":4539}
{"schema":"riley.owned-graph-diagnostic.v1","kind":"replay","capture_id":2,"replay_id":47,"position":141,"host_staging_bytes":98344,"event_setup_ns":355,"host_staging_ns":1584,"host_launch_ns":10781,"host_wait_ns":1935752,"cuda_graph_span_ns":1943904.042,"event_status":0,"launch_status":0,"completion_status":0}
{"schema":"riley.decode-operator-diagnostic.v1","kind":"operation","capture_id":2,"replay_id":47,"position":141,"operator":"rope_kv","launch_status":0,"completion_status":0,"intervals":[{"layer":0,"cuda_span_ns":3072.000,"event_status":0},{"layer":15,"cuda_span_ns":4096.000,"event_status":0},{"layer":29,"cuda_span_ns":3072.000,"event_status":0}],"cuda_sum_ns":10240.000}
{"schema":"riley.owned-graph-diagnostic.v1","kind":"read","capture_id":2,"replay_id":47,"host_read_bytes":98344,"host_read_ns":5665}
{"schema":"riley.owned-graph-diagnostic.v1","kind":"replay","capture_id":2,"replay_id":48,"position":142,"host_staging_bytes":98344,"event_setup_ns":306,"host_staging_ns":1575,"host_launch_ns":10886,"host_wait_ns":1936569,"cuda_graph_span_ns":1944576.025,"event_status":0,"launch_status":0,"completion_status":0}
{"schema":"riley.decode-operator-diagnostic.v1","kind":"operation","capture_id":2,"replay_id":48,"position":142,"operator":"rope_kv","launch_status":0,"completion_status":0,"intervals":[{"layer":0,"cuda_span_ns":4096.000,"event_status":0},{"layer":15,"cuda_span_ns":3072.000,"event_status":0},{"layer":29,"cuda_span_ns":3072.000,"event_status":0}],"cuda_sum_ns":10240.000}
{"schema":"riley.owned-graph-diagnostic.v1","kind":"read","capture_id":2,"replay_id":48,"host_read_bytes":98344,"host_read_ns":4606}
{"schema":"riley.owned-graph-diagnostic.v1","kind":"replay","capture_id":2,"replay_id":49,"position":143,"host_staging_bytes":98344,"event_setup_ns":313,"host_staging_ns":1583,"host_launch_ns":11000,"host_wait_ns":1927247,"cuda_graph_span_ns":1935520.053,"event_status":0,"launch_status":0,"completion_status":0}
{"schema":"riley.decode-operator-diagnostic.v1","kind":"operation","capture_id":2,"replay_id":49,"position":143,"operator":"rope_kv","launch_status":0,"completion_status":0,"intervals":[{"layer":0,"cuda_span_ns":3072.000,"event_status":0},{"layer":15,"cuda_span_ns":4096.000,"event_status":0},{"layer":29,"cuda_span_ns":3072.000,"event_status":0}],"cuda_sum_ns":10240.000}
{"schema":"riley.owned-graph-diagnostic.v1","kind":"read","capture_id":2,"replay_id":49,"host_read_bytes":98344,"host_read_ns":4568}
{"schema":"riley.owned-graph-diagnostic.v1","kind":"replay","capture_id":2,"replay_id":50,"position":144,"host_staging_bytes":98344,"event_setup_ns":361,"host_staging_ns":1549,"host_launch_ns":10840,"host_wait_ns":1993608,"cuda_graph_span_ns":2001760.006,"event_status":0,"launch_status":0,"completion_status":0}
{"schema":"riley.decode-operator-diagnostic.v1","kind":"operation","capture_id":2,"replay_id":50,"position":144,"operator":"rope_kv","launch_status":0,"completion_status":0,"intervals":[{"layer":0,"cuda_span_ns":3072.000,"event_status":0},{"layer":15,"cuda_span_ns":4096.000,"event_status":0},{"layer":29,"cuda_span_ns":3072.000,"event_status":0}],"cuda_sum_ns":10240.000}
{"schema":"riley.owned-graph-diagnostic.v1","kind":"read","capture_id":2,"replay_id":50,"host_read_bytes":98344,"host_read_ns":4278}
{"schema":"riley.owned-graph-diagnostic.v1","kind":"replay","capture_id":2,"replay_id":51,"position":145,"host_staging_bytes":98344,"event_setup_ns":363,"host_staging_ns":1566,"host_launch_ns":10777,"host_wait_ns":2000631,"cuda_graph_span_ns":2008735.895,"event_status":0,"launch_status":0,"completion_status":0}
{"schema":"riley.decode-operator-diagnostic.v1","kind":"operation","capture_id":2,"replay_id":51,"position":145,"operator":"rope_kv","launch_status":0,"completion_status":0,"intervals":[{"layer":0,"cuda_span_ns":4096.000,"event_status":0},{"layer":15,"cuda_span_ns":3072.000,"event_status":0},{"layer":29,"cuda_span_ns":3072.000,"event_status":0}],"cuda_sum_ns":10240.000}
{"schema":"riley.owned-graph-diagnostic.v1","kind":"read","capture_id":2,"replay_id":51,"host_read_bytes":98344,"host_read_ns":4757}
{"schema":"riley.owned-graph-diagnostic.v1","kind":"replay","capture_id":2,"replay_id":52,"position":146,"host_staging_bytes":98344,"event_setup_ns":396,"host_staging_ns":1557,"host_launch_ns":10780,"host_wait_ns":2001331,"cuda_graph_span_ns":2009536.028,"event_status":0,"launch_status":0,"completion_status":0}
{"schema":"riley.decode-operator-diagnostic.v1","kind":"operation","capture_id":2,"replay_id":52,"position":146,"operator":"rope_kv","launch_status":0,"completion_status":0,"intervals":[{"layer":0,"cuda_span_ns":3072.000,"event_status":0},{"layer":15,"cuda_span_ns":4096.000,"event_status":0},{"layer":29,"cuda_span_ns":2048.000,"event_status":0}],"cuda_sum_ns":9216.000}
{"schema":"riley.owned-graph-diagnostic.v1","kind":"read","capture_id":2,"replay_id":52,"host_read_bytes":98344,"host_read_ns":4371}
{"schema":"riley.owned-graph-diagnostic.v1","kind":"replay","capture_id":2,"replay_id":53,"position":147,"host_staging_bytes":98344,"event_setup_ns":331,"host_staging_ns":1538,"host_launch_ns":12288,"host_wait_ns":2001464,"cuda_graph_span_ns":2011168.003,"event_status":0,"launch_status":0,"completion_status":0}
{"schema":"riley.decode-operator-diagnostic.v1","kind":"operation","capture_id":2,"replay_id":53,"position":147,"operator":"rope_kv","launch_status":0,"completion_status":0,"intervals":[{"layer":0,"cuda_span_ns":4096.000,"event_status":0},{"layer":15,"cuda_span_ns":4096.000,"event_status":0},{"layer":29,"cuda_span_ns":3072.000,"event_status":0}],"cuda_sum_ns":11264.000}
{"schema":"riley.owned-graph-diagnostic.v1","kind":"read","capture_id":2,"replay_id":53,"host_read_bytes":98344,"host_read_ns":4935}
{"schema":"riley.owned-graph-diagnostic.v1","kind":"replay","capture_id":2,"replay_id":54,"position":148,"host_staging_bytes":98344,"event_setup_ns":361,"host_staging_ns":1561,"host_launch_ns":11099,"host_wait_ns":2002014,"cuda_graph_span_ns":2010303.974,"event_status":0,"launch_status":0,"completion_status":0}
{"schema":"riley.decode-operator-diagnostic.v1","kind":"operation","capture_id":2,"replay_id":54,"position":148,"operator":"rope_kv","launch_status":0,"completion_status":0,"intervals":[{"layer":0,"cuda_span_ns":4096.000,"event_status":0},{"layer":15,"cuda_span_ns":4096.000,"event_status":0},{"layer":29,"cuda_span_ns":3072.000,"event_status":0}],"cuda_sum_ns":11264.000}
{"schema":"riley.owned-graph-diagnostic.v1","kind":"read","capture_id":2,"replay_id":54,"host_read_bytes":98344,"host_read_ns":4629}
{"schema":"riley.owned-graph-diagnostic.v1","kind":"replay","capture_id":2,"replay_id":55,"position":149,"host_staging_bytes":98344,"event_setup_ns":312,"host_staging_ns":1560,"host_launch_ns":10679,"host_wait_ns":2008594,"cuda_graph_span_ns":2016416.073,"event_status":0,"launch_status":0,"completion_status":0}
{"schema":"riley.decode-operator-diagnostic.v1","kind":"operation","capture_id":2,"replay_id":55,"position":149,"operator":"rope_kv","launch_status":0,"completion_status":0,"intervals":[{"layer":0,"cuda_span_ns":4096.000,"event_status":0},{"layer":15,"cuda_span_ns":4096.000,"event_status":0},{"layer":29,"cuda_span_ns":3072.000,"event_status":0}],"cuda_sum_ns":11264.000}
{"schema":"riley.owned-graph-diagnostic.v1","kind":"read","capture_id":2,"replay_id":55,"host_read_bytes":98344,"host_read_ns":4899}
{"schema":"riley.owned-graph-diagnostic.v1","kind":"replay","capture_id":2,"replay_id":56,"position":150,"host_staging_bytes":98344,"event_setup_ns":367,"host_staging_ns":1562,"host_launch_ns":10820,"host_wait_ns":2007004,"cuda_graph_span_ns":2015327.930,"event_status":0,"launch_status":0,"completion_status":0}
{"schema":"riley.decode-operator-diagnostic.v1","kind":"operation","capture_id":2,"replay_id":56,"position":150,"operator":"rope_kv","launch_status":0,"completion_status":0,"intervals":[{"layer":0,"cuda_span_ns":3072.000,"event_status":0},{"layer":15,"cuda_span_ns":4096.000,"event_status":0},{"layer":29,"cuda_span_ns":3072.000,"event_status":0}],"cuda_sum_ns":10240.000}
{"schema":"riley.owned-graph-diagnostic.v1","kind":"read","capture_id":2,"replay_id":56,"host_read_bytes":98344,"host_read_ns":4583}
{"schema":"riley.owned-graph-diagnostic.v1","kind":"replay","capture_id":2,"replay_id":57,"position":151,"host_staging_bytes":98344,"event_setup_ns":305,"host_staging_ns":1573,"host_launch_ns":10664,"host_wait_ns":2001329,"cuda_graph_span_ns":2009279.966,"event_status":0,"launch_status":0,"completion_status":0}
{"schema":"riley.decode-operator-diagnostic.v1","kind":"operation","capture_id":2,"replay_id":57,"position":151,"operator":"rope_kv","launch_status":0,"completion_status":0,"intervals":[{"layer":0,"cuda_span_ns":4096.000,"event_status":0},{"layer":15,"cuda_span_ns":3072.000,"event_status":0},{"layer":29,"cuda_span_ns":3072.000,"event_status":0}],"cuda_sum_ns":10240.000}
{"schema":"riley.owned-graph-diagnostic.v1","kind":"read","capture_id":2,"replay_id":57,"host_read_bytes":98344,"host_read_ns":4929}
{"schema":"riley.owned-graph-diagnostic.v1","kind":"replay","capture_id":2,"replay_id":58,"position":152,"host_staging_bytes":98344,"event_setup_ns":342,"host_staging_ns":1545,"host_launch_ns":11010,"host_wait_ns":2049469,"cuda_graph_span_ns":2057888.031,"event_status":0,"launch_status":0,"completion_status":0}
{"schema":"riley.decode-operator-diagnostic.v1","kind":"operation","capture_id":2,"replay_id":58,"position":152,"operator":"rope_kv","launch_status":0,"completion_status":0,"intervals":[{"layer":0,"cuda_span_ns":3072.000,"event_status":0},{"layer":15,"cuda_span_ns":4096.000,"event_status":0},{"layer":29,"cuda_span_ns":3072.000,"event_status":0}],"cuda_sum_ns":10240.000}
{"schema":"riley.owned-graph-diagnostic.v1","kind":"read","capture_id":2,"replay_id":58,"host_read_bytes":98344,"host_read_ns":4409}
{"schema":"riley.owned-graph-diagnostic.v1","kind":"replay","capture_id":2,"replay_id":59,"position":153,"host_staging_bytes":98344,"event_setup_ns":361,"host_staging_ns":1565,"host_launch_ns":10765,"host_wait_ns":2057450,"cuda_graph_span_ns":2065599.918,"event_status":0,"launch_status":0,"completion_status":0}
{"schema":"riley.decode-operator-diagnostic.v1","kind":"operation","capture_id":2,"replay_id":59,"position":153,"operator":"rope_kv","launch_status":0,"completion_status":0,"intervals":[{"layer":0,"cuda_span_ns":4096.000,"event_status":0},{"layer":15,"cuda_span_ns":3072.000,"event_status":0},{"layer":29,"cuda_span_ns":3072.000,"event_status":0}],"cuda_sum_ns":10240.000}
{"schema":"riley.owned-graph-diagnostic.v1","kind":"read","capture_id":2,"replay_id":59,"host_read_bytes":98344,"host_read_ns":5027}
{"schema":"riley.owned-graph-diagnostic.v1","kind":"replay","capture_id":2,"replay_id":60,"position":154,"host_staging_bytes":98344,"event_setup_ns":308,"host_staging_ns":1576,"host_launch_ns":10977,"host_wait_ns":2056599,"cuda_graph_span_ns":2065151.930,"event_status":0,"launch_status":0,"completion_status":0}
{"schema":"riley.decode-operator-diagnostic.v1","kind":"operation","capture_id":2,"replay_id":60,"position":154,"operator":"rope_kv","launch_status":0,"completion_status":0,"intervals":[{"layer":0,"cuda_span_ns":3072.000,"event_status":0},{"layer":15,"cuda_span_ns":3072.000,"event_status":0},{"layer":29,"cuda_span_ns":3072.000,"event_status":0}],"cuda_sum_ns":9216.000}
{"schema":"riley.owned-graph-diagnostic.v1","kind":"read","capture_id":2,"replay_id":60,"host_read_bytes":98344,"host_read_ns":4849}
{"schema":"riley.owned-graph-diagnostic.v1","kind":"replay","capture_id":2,"replay_id":61,"position":155,"host_staging_bytes":98344,"event_setup_ns":439,"host_staging_ns":1561,"host_launch_ns":11038,"host_wait_ns":2060683,"cuda_graph_span_ns":2068959.951,"event_status":0,"launch_status":0,"completion_status":0}
{"schema":"riley.decode-operator-diagnostic.v1","kind":"operation","capture_id":2,"replay_id":61,"position":155,"operator":"rope_kv","launch_status":0,"completion_status":0,"intervals":[{"layer":0,"cuda_span_ns":3072.000,"event_status":0},{"layer":15,"cuda_span_ns":3072.000,"event_status":0},{"layer":29,"cuda_span_ns":3072.000,"event_status":0}],"cuda_sum_ns":9216.000}
{"schema":"riley.owned-graph-diagnostic.v1","kind":"read","capture_id":2,"replay_id":61,"host_read_bytes":98344,"host_read_ns":4716}
{"schema":"riley.owned-graph-diagnostic.v1","kind":"replay","capture_id":2,"replay_id":62,"position":156,"host_staging_bytes":98344,"event_setup_ns":308,"host_staging_ns":1577,"host_launch_ns":10921,"host_wait_ns":2060334,"cuda_graph_span_ns":2068288.088,"event_status":0,"launch_status":0,"completion_status":0}
{"schema":"riley.decode-operator-diagnostic.v1","kind":"operation","capture_id":2,"replay_id":62,"position":156,"operator":"rope_kv","launch_status":0,"completion_status":0,"intervals":[{"layer":0,"cuda_span_ns":3072.000,"event_status":0},{"layer":15,"cuda_span_ns":3072.000,"event_status":0},{"layer":29,"cuda_span_ns":3072.000,"event_status":0}],"cuda_sum_ns":9216.000}
{"schema":"riley.owned-graph-diagnostic.v1","kind":"read","capture_id":2,"replay_id":62,"host_read_bytes":98344,"host_read_ns":5247}
{"schema":"riley.owned-graph-diagnostic.v1","kind":"replay","capture_id":2,"replay_id":63,"position":157,"host_staging_bytes":98344,"event_setup_ns":296,"host_staging_ns":1574,"host_launch_ns":10622,"host_wait_ns":2065713,"cuda_graph_span_ns":2073503.971,"event_status":0,"launch_status":0,"completion_status":0}
{"schema":"riley.decode-operator-diagnostic.v1","kind":"operation","capture_id":2,"replay_id":63,"position":157,"operator":"rope_kv","launch_status":0,"completion_status":0,"intervals":[{"layer":0,"cuda_span_ns":4096.000,"event_status":0},{"layer":15,"cuda_span_ns":4096.000,"event_status":0},{"layer":29,"cuda_span_ns":2048.000,"event_status":0}],"cuda_sum_ns":10240.000}
{"schema":"riley.owned-graph-diagnostic.v1","kind":"read","capture_id":2,"replay_id":63,"host_read_bytes":98344,"host_read_ns":4851}
{"schema":"riley.owned-graph-diagnostic.v1","kind":"replay","capture_id":2,"replay_id":64,"position":158,"host_staging_bytes":98344,"event_setup_ns":366,"host_staging_ns":1540,"host_launch_ns":10949,"host_wait_ns":2057498,"cuda_graph_span_ns":2065504.074,"event_status":0,"launch_status":0,"completion_status":0}
{"schema":"riley.decode-operator-diagnostic.v1","kind":"operation","capture_id":2,"replay_id":64,"position":158,"operator":"rope_kv","launch_status":0,"completion_status":0,"intervals":[{"layer":0,"cuda_span_ns":4096.000,"event_status":0},{"layer":15,"cuda_span_ns":4096.000,"event_status":0},{"layer":29,"cuda_span_ns":3072.000,"event_status":0}],"cuda_sum_ns":11264.000}
{"schema":"riley.owned-graph-diagnostic.v1","kind":"read","capture_id":2,"replay_id":64,"host_read_bytes":98344,"host_read_ns":4759}
{"schema":"riley.owned-graph-diagnostic.v1","kind":"replay","capture_id":1,"replay_id":65,"position":127,"host_staging_bytes":98344,"event_setup_ns":3139,"host_staging_ns":2105,"host_launch_ns":14114,"host_wait_ns":13654181,"cuda_graph_span_ns":13665087.700,"event_status":0,"launch_status":0,"completion_status":0}
{"schema":"riley.owned-graph-diagnostic.v1","kind":"read","capture_id":1,"replay_id":65,"host_read_bytes":98344,"host_read_ns":5708}
{"schema":"riley.owned-graph-diagnostic.v1","kind":"replay","capture_id":2,"replay_id":66,"position":128,"host_staging_bytes":98344,"event_setup_ns":662,"host_staging_ns":1801,"host_launch_ns":14724,"host_wait_ns":2205364,"cuda_graph_span_ns":2217184.067,"event_status":0,"launch_status":0,"completion_status":0}
{"schema":"riley.decode-operator-diagnostic.v1","kind":"operation","capture_id":2,"replay_id":66,"position":128,"operator":"rope_kv","launch_status":0,"completion_status":0,"intervals":[{"layer":0,"cuda_span_ns":4096.000,"event_status":0},{"layer":15,"cuda_span_ns":4096.000,"event_status":0},{"layer":29,"cuda_span_ns":4096.000,"event_status":0}],"cuda_sum_ns":12288.000}
{"schema":"riley.owned-graph-diagnostic.v1","kind":"read","capture_id":2,"replay_id":66,"host_read_bytes":98344,"host_read_ns":5212}
{"schema":"riley.owned-graph-diagnostic.v1","kind":"replay","capture_id":2,"replay_id":67,"position":129,"host_staging_bytes":98344,"event_setup_ns":511,"host_staging_ns":1565,"host_launch_ns":11001,"host_wait_ns":1869879,"cuda_graph_span_ns":1878304.005,"event_status":0,"launch_status":0,"completion_status":0}
{"schema":"riley.decode-operator-diagnostic.v1","kind":"operation","capture_id":2,"replay_id":67,"position":129,"operator":"rope_kv","launch_status":0,"completion_status":0,"intervals":[{"layer":0,"cuda_span_ns":3072.000,"event_status":0},{"layer":15,"cuda_span_ns":4096.000,"event_status":0},{"layer":29,"cuda_span_ns":3072.000,"event_status":0}],"cuda_sum_ns":10240.000}
{"schema":"riley.owned-graph-diagnostic.v1","kind":"read","capture_id":2,"replay_id":67,"host_read_bytes":98344,"host_read_ns":4790}
{"schema":"riley.owned-graph-diagnostic.v1","kind":"replay","capture_id":2,"replay_id":68,"position":130,"host_staging_bytes":98344,"event_setup_ns":443,"host_staging_ns":1554,"host_launch_ns":10945,"host_wait_ns":1882206,"cuda_graph_span_ns":1890336.037,"event_status":0,"launch_status":0,"completion_status":0}
{"schema":"riley.decode-operator-diagnostic.v1","kind":"operation","capture_id":2,"replay_id":68,"position":130,"operator":"rope_kv","launch_status":0,"completion_status":0,"intervals":[{"layer":0,"cuda_span_ns":3072.000,"event_status":0},{"layer":15,"cuda_span_ns":3072.000,"event_status":0},{"layer":29,"cuda_span_ns":3072.000,"event_status":0}],"cuda_sum_ns":9216.000}
{"schema":"riley.owned-graph-diagnostic.v1","kind":"read","capture_id":2,"replay_id":68,"host_read_bytes":98344,"host_read_ns":5374}
{"schema":"riley.owned-graph-diagnostic.v1","kind":"replay","capture_id":2,"replay_id":69,"position":131,"host_staging_bytes":98344,"event_setup_ns":661,"host_staging_ns":1555,"host_launch_ns":11090,"host_wait_ns":1877267,"cuda_graph_span_ns":1885568.023,"event_status":0,"launch_status":0,"completion_status":0}
{"schema":"riley.decode-operator-diagnostic.v1","kind":"operation","capture_id":2,"replay_id":69,"position":131,"operator":"rope_kv","launch_status":0,"completion_status":0,"intervals":[{"layer":0,"cuda_span_ns":4096.000,"event_status":0},{"layer":15,"cuda_span_ns":3072.000,"event_status":0},{"layer":29,"cuda_span_ns":3072.000,"event_status":0}],"cuda_sum_ns":10240.000}
{"schema":"riley.owned-graph-diagnostic.v1","kind":"read","capture_id":2,"replay_id":69,"host_read_bytes":98344,"host_read_ns":4790}
{"schema":"riley.owned-graph-diagnostic.v1","kind":"replay","capture_id":2,"replay_id":70,"position":132,"host_staging_bytes":98344,"event_setup_ns":485,"host_staging_ns":1564,"host_launch_ns":11319,"host_wait_ns":1876843,"cuda_graph_span_ns":1885408.044,"event_status":0,"launch_status":0,"completion_status":0}
{"schema":"riley.decode-operator-diagnostic.v1","kind":"operation","capture_id":2,"replay_id":70,"position":132,"operator":"rope_kv","launch_status":0,"completion_status":0,"intervals":[{"layer":0,"cuda_span_ns":4096.000,"event_status":0},{"layer":15,"cuda_span_ns":3072.000,"event_status":0},{"layer":29,"cuda_span_ns":3072.000,"event_status":0}],"cuda_sum_ns":10240.000}
{"schema":"riley.owned-graph-diagnostic.v1","kind":"read","capture_id":2,"replay_id":70,"host_read_bytes":98344,"host_read_ns":4579}
{"schema":"riley.owned-graph-diagnostic.v1","kind":"replay","capture_id":2,"replay_id":71,"position":133,"host_staging_bytes":98344,"event_setup_ns":309,"host_staging_ns":1597,"host_launch_ns":13439,"host_wait_ns":1863374,"cuda_graph_span_ns":1890176.058,"event_status":0,"launch_status":0,"completion_status":0}
{"schema":"riley.decode-operator-diagnostic.v1","kind":"operation","capture_id":2,"replay_id":71,"position":133,"operator":"rope_kv","launch_status":0,"completion_status":0,"intervals":[{"layer":0,"cuda_span_ns":4096.000,"event_status":0},{"layer":15,"cuda_span_ns":4096.000,"event_status":0},{"layer":29,"cuda_span_ns":3072.000,"event_status":0}],"cuda_sum_ns":11264.000}
{"schema":"riley.owned-graph-diagnostic.v1","kind":"read","capture_id":2,"replay_id":71,"host_read_bytes":98344,"host_read_ns":4902}
{"schema":"riley.owned-graph-diagnostic.v1","kind":"replay","capture_id":2,"replay_id":72,"position":134,"host_staging_bytes":98344,"event_setup_ns":1135,"host_staging_ns":1673,"host_launch_ns":15665,"host_wait_ns":1878097,"cuda_graph_span_ns":1891136.050,"event_status":0,"launch_status":0,"completion_status":0}
{"schema":"riley.decode-operator-diagnostic.v1","kind":"operation","capture_id":2,"replay_id":72,"position":134,"operator":"rope_kv","launch_status":0,"completion_status":0,"intervals":[{"layer":0,"cuda_span_ns":3072.000,"event_status":0},{"layer":15,"cuda_span_ns":3072.000,"event_status":0},{"layer":29,"cuda_span_ns":3072.000,"event_status":0}],"cuda_sum_ns":9216.000}
{"schema":"riley.owned-graph-diagnostic.v1","kind":"read","capture_id":2,"replay_id":72,"host_read_bytes":98344,"host_read_ns":4555}
{"schema":"riley.owned-graph-diagnostic.v1","kind":"replay","capture_id":2,"replay_id":73,"position":135,"host_staging_bytes":98344,"event_setup_ns":416,"host_staging_ns":1558,"host_launch_ns":10749,"host_wait_ns":1879640,"cuda_graph_span_ns":1887616.038,"event_status":0,"launch_status":0,"completion_status":0}
{"schema":"riley.decode-operator-diagnostic.v1","kind":"operation","capture_id":2,"replay_id":73,"position":135,"operator":"rope_kv","launch_status":0,"completion_status":0,"intervals":[{"layer":0,"cuda_span_ns":4096.000,"event_status":0},{"layer":15,"cuda_span_ns":3072.000,"event_status":0},{"layer":29,"cuda_span_ns":3072.000,"event_status":0}],"cuda_sum_ns":10240.000}
{"schema":"riley.owned-graph-diagnostic.v1","kind":"read","capture_id":2,"replay_id":73,"host_read_bytes":98344,"host_read_ns":5426}
{"schema":"riley.owned-graph-diagnostic.v1","kind":"replay","capture_id":2,"replay_id":74,"position":136,"host_staging_bytes":98344,"event_setup_ns":368,"host_staging_ns":1543,"host_launch_ns":10803,"host_wait_ns":1919307,"cuda_graph_span_ns":1927711.964,"event_status":0,"launch_status":0,"completion_status":0}
{"schema":"riley.decode-operator-diagnostic.v1","kind":"operation","capture_id":2,"replay_id":74,"position":136,"operator":"rope_kv","launch_status":0,"completion_status":0,"intervals":[{"layer":0,"cuda_span_ns":3072.000,"event_status":0},{"layer":15,"cuda_span_ns":3072.000,"event_status":0},{"layer":29,"cuda_span_ns":3072.000,"event_status":0}],"cuda_sum_ns":9216.000}
{"schema":"riley.owned-graph-diagnostic.v1","kind":"read","capture_id":2,"replay_id":74,"host_read_bytes":98344,"host_read_ns":5096}
{"schema":"riley.owned-graph-diagnostic.v1","kind":"replay","capture_id":2,"replay_id":75,"position":137,"host_staging_bytes":98344,"event_setup_ns":346,"host_staging_ns":1546,"host_launch_ns":10904,"host_wait_ns":1936094,"cuda_graph_span_ns":1944319.963,"event_status":0,"launch_status":0,"completion_status":0}
{"schema":"riley.decode-operator-diagnostic.v1","kind":"operation","capture_id":2,"replay_id":75,"position":137,"operator":"rope_kv","launch_status":0,"completion_status":0,"intervals":[{"layer":0,"cuda_span_ns":3072.000,"event_status":0},{"layer":15,"cuda_span_ns":3072.000,"event_status":0},{"layer":29,"cuda_span_ns":3072.000,"event_status":0}],"cuda_sum_ns":9216.000}
{"schema":"riley.owned-graph-diagnostic.v1","kind":"read","capture_id":2,"replay_id":75,"host_read_bytes":98344,"host_read_ns":5229}
{"schema":"riley.owned-graph-diagnostic.v1","kind":"replay","capture_id":2,"replay_id":76,"position":138,"host_staging_bytes":98344,"event_setup_ns":440,"host_staging_ns":1555,"host_launch_ns":11451,"host_wait_ns":1936495,"cuda_graph_span_ns":1945215.940,"event_status":0,"launch_status":0,"completion_status":0}
{"schema":"riley.decode-operator-diagnostic.v1","kind":"operation","capture_id":2,"replay_id":76,"position":138,"operator":"rope_kv","launch_status":0,"completion_status":0,"intervals":[{"layer":0,"cuda_span_ns":3072.000,"event_status":0},{"layer":15,"cuda_span_ns":3072.000,"event_status":0},{"layer":29,"cuda_span_ns":3072.000,"event_status":0}],"cuda_sum_ns":9216.000}
{"schema":"riley.owned-graph-diagnostic.v1","kind":"read","capture_id":2,"replay_id":76,"host_read_bytes":98344,"host_read_ns":4684}
{"schema":"riley.owned-graph-diagnostic.v1","kind":"replay","capture_id":2,"replay_id":77,"position":139,"host_staging_bytes":98344,"event_setup_ns":326,"host_staging_ns":1542,"host_launch_ns":11135,"host_wait_ns":1928744,"cuda_graph_span_ns":1936895.967,"event_status":0,"launch_status":0,"completion_status":0}
{"schema":"riley.decode-operator-diagnostic.v1","kind":"operation","capture_id":2,"replay_id":77,"position":139,"operator":"rope_kv","launch_status":0,"completion_status":0,"intervals":[{"layer":0,"cuda_span_ns":3072.000,"event_status":0},{"layer":15,"cuda_span_ns":3072.000,"event_status":0},{"layer":29,"cuda_span_ns":3072.000,"event_status":0}],"cuda_sum_ns":9216.000}
{"schema":"riley.owned-graph-diagnostic.v1","kind":"read","capture_id":2,"replay_id":77,"host_read_bytes":98344,"host_read_ns":5279}
{"schema":"riley.owned-graph-diagnostic.v1","kind":"replay","capture_id":2,"replay_id":78,"position":140,"host_staging_bytes":98344,"event_setup_ns":739,"host_staging_ns":1865,"host_launch_ns":15472,"host_wait_ns":1928037,"cuda_graph_span_ns":1941184.044,"event_status":0,"launch_status":0,"completion_status":0}
{"schema":"riley.decode-operator-diagnostic.v1","kind":"operation","capture_id":2,"replay_id":78,"position":140,"operator":"rope_kv","launch_status":0,"completion_status":0,"intervals":[{"layer":0,"cuda_span_ns":4096.000,"event_status":0},{"layer":15,"cuda_span_ns":3072.000,"event_status":0},{"layer":29,"cuda_span_ns":3072.000,"event_status":0}],"cuda_sum_ns":10240.000}
{"schema":"riley.owned-graph-diagnostic.v1","kind":"read","capture_id":2,"replay_id":78,"host_read_bytes":98344,"host_read_ns":4883}
{"schema":"riley.owned-graph-diagnostic.v1","kind":"replay","capture_id":2,"replay_id":79,"position":141,"host_staging_bytes":98344,"event_setup_ns":421,"host_staging_ns":1540,"host_launch_ns":10946,"host_wait_ns":1936828,"cuda_graph_span_ns":1945024.014,"event_status":0,"launch_status":0,"completion_status":0}
{"schema":"riley.decode-operator-diagnostic.v1","kind":"operation","capture_id":2,"replay_id":79,"position":141,"operator":"rope_kv","launch_status":0,"completion_status":0,"intervals":[{"layer":0,"cuda_span_ns":3072.000,"event_status":0},{"layer":15,"cuda_span_ns":3072.000,"event_status":0},{"layer":29,"cuda_span_ns":3072.000,"event_status":0}],"cuda_sum_ns":9216.000}
{"schema":"riley.owned-graph-diagnostic.v1","kind":"read","capture_id":2,"replay_id":79,"host_read_bytes":98344,"host_read_ns":4646}
{"schema":"riley.owned-graph-diagnostic.v1","kind":"replay","capture_id":2,"replay_id":80,"position":142,"host_staging_bytes":98344,"event_setup_ns":354,"host_staging_ns":1543,"host_launch_ns":11091,"host_wait_ns":1935355,"cuda_graph_span_ns":1943904.042,"event_status":0,"launch_status":0,"completion_status":0}
{"schema":"riley.decode-operator-diagnostic.v1","kind":"operation","capture_id":2,"replay_id":80,"position":142,"operator":"rope_kv","launch_status":0,"completion_status":0,"intervals":[{"layer":0,"cuda_span_ns":4096.000,"event_status":0},{"layer":15,"cuda_span_ns":4096.000,"event_status":0},{"layer":29,"cuda_span_ns":3072.000,"event_status":0}],"cuda_sum_ns":11264.000}
{"schema":"riley.owned-graph-diagnostic.v1","kind":"read","capture_id":2,"replay_id":80,"host_read_bytes":98344,"host_read_ns":4582}
{"schema":"riley.owned-graph-diagnostic.v1","kind":"replay","capture_id":2,"replay_id":81,"position":143,"host_staging_bytes":98344,"event_setup_ns":333,"host_staging_ns":1542,"host_launch_ns":10855,"host_wait_ns":1928074,"cuda_graph_span_ns":1935904.026,"event_status":0,"launch_status":0,"completion_status":0}
{"schema":"riley.decode-operator-diagnostic.v1","kind":"operation","capture_id":2,"replay_id":81,"position":143,"operator":"rope_kv","launch_status":0,"completion_status":0,"intervals":[{"layer":0,"cuda_span_ns":3072.000,"event_status":0},{"layer":15,"cuda_span_ns":4096.000,"event_status":0},{"layer":29,"cuda_span_ns":3072.000,"event_status":0}],"cuda_sum_ns":10240.000}
{"schema":"riley.owned-graph-diagnostic.v1","kind":"read","capture_id":2,"replay_id":81,"host_read_bytes":98344,"host_read_ns":4923}
{"schema":"riley.owned-graph-diagnostic.v1","kind":"replay","capture_id":2,"replay_id":82,"position":144,"host_staging_bytes":98344,"event_setup_ns":325,"host_staging_ns":1582,"host_launch_ns":11190,"host_wait_ns":1993461,"cuda_graph_span_ns":2001760.006,"event_status":0,"launch_status":0,"completion_status":0}
{"schema":"riley.decode-operator-diagnostic.v1","kind":"operation","capture_id":2,"replay_id":82,"position":144,"operator":"rope_kv","launch_status":0,"completion_status":0,"intervals":[{"layer":0,"cuda_span_ns":4096.000,"event_status":0},{"layer":15,"cuda_span_ns":4096.000,"event_status":0},{"layer":29,"cuda_span_ns":3072.000,"event_status":0}],"cuda_sum_ns":11264.000}
{"schema":"riley.owned-graph-diagnostic.v1","kind":"read","capture_id":2,"replay_id":82,"host_read_bytes":98344,"host_read_ns":5158}
{"schema":"riley.owned-graph-diagnostic.v1","kind":"replay","capture_id":2,"replay_id":83,"position":145,"host_staging_bytes":98344,"event_setup_ns":1043,"host_staging_ns":1570,"host_launch_ns":11251,"host_wait_ns":2011115,"cuda_graph_span_ns":2019615.889,"event_status":0,"launch_status":0,"completion_status":0}
{"schema":"riley.decode-operator-diagnostic.v1","kind":"operation","capture_id":2,"replay_id":83,"position":145,"operator":"rope_kv","launch_status":0,"completion_status":0,"intervals":[{"layer":0,"cuda_span_ns":3072.000,"event_status":0},{"layer":15,"cuda_span_ns":3072.000,"event_status":0},{"layer":29,"cuda_span_ns":3072.000,"event_status":0}],"cuda_sum_ns":9216.000}
{"schema":"riley.owned-graph-diagnostic.v1","kind":"read","capture_id":2,"replay_id":83,"host_read_bytes":98344,"host_read_ns":5007}
{"schema":"riley.owned-graph-diagnostic.v1","kind":"replay","capture_id":2,"replay_id":84,"position":146,"host_staging_bytes":98344,"event_setup_ns":326,"host_staging_ns":1568,"host_launch_ns":11210,"host_wait_ns":2000899,"cuda_graph_span_ns":2009376.049,"event_status":0,"launch_status":0,"completion_status":0}
{"schema":"riley.decode-operator-diagnostic.v1","kind":"operation","capture_id":2,"replay_id":84,"position":146,"operator":"rope_kv","launch_status":0,"completion_status":0,"intervals":[{"layer":0,"cuda_span_ns":3072.000,"event_status":0},{"layer":15,"cuda_span_ns":3072.000,"event_status":0},{"layer":29,"cuda_span_ns":3072.000,"event_status":0}],"cuda_sum_ns":9216.000}
{"schema":"riley.owned-graph-diagnostic.v1","kind":"read","capture_id":2,"replay_id":84,"host_read_bytes":98344,"host_read_ns":4672}
{"schema":"riley.owned-graph-diagnostic.v1","kind":"replay","capture_id":2,"replay_id":85,"position":147,"host_staging_bytes":98344,"event_setup_ns":322,"host_staging_ns":1564,"host_launch_ns":10688,"host_wait_ns":2008409,"cuda_graph_span_ns":2016256.094,"event_status":0,"launch_status":0,"completion_status":0}
{"schema":"riley.decode-operator-diagnostic.v1","kind":"operation","capture_id":2,"replay_id":85,"position":147,"operator":"rope_kv","launch_status":0,"completion_status":0,"intervals":[{"layer":0,"cuda_span_ns":3072.000,"event_status":0},{"layer":15,"cuda_span_ns":3072.000,"event_status":0},{"layer":29,"cuda_span_ns":3072.000,"event_status":0}],"cuda_sum_ns":9216.000}
{"schema":"riley.owned-graph-diagnostic.v1","kind":"read","capture_id":2,"replay_id":85,"host_read_bytes":98344,"host_read_ns":4777}
{"schema":"riley.owned-graph-diagnostic.v1","kind":"replay","capture_id":2,"replay_id":86,"position":148,"host_staging_bytes":98344,"event_setup_ns":367,"host_staging_ns":1562,"host_launch_ns":11151,"host_wait_ns":2010138,"cuda_graph_span_ns":2018559.933,"event_status":0,"launch_status":0,"completion_status":0}
{"schema":"riley.decode-operator-diagnostic.v1","kind":"operation","capture_id":2,"replay_id":86,"position":148,"operator":"rope_kv","launch_status":0,"completion_status":0,"intervals":[{"layer":0,"cuda_span_ns":4096.000,"event_status":0},{"layer":15,"cuda_span_ns":3072.000,"event_status":0},{"layer":29,"cuda_span_ns":3072.000,"event_status":0}],"cuda_sum_ns":10240.000}
{"schema":"riley.owned-graph-diagnostic.v1","kind":"read","capture_id":2,"replay_id":86,"host_read_bytes":98344,"host_read_ns":5595}
{"schema":"riley.owned-graph-diagnostic.v1","kind":"replay","capture_id":2,"replay_id":87,"position":149,"host_staging_bytes":98344,"event_setup_ns":454,"host_staging_ns":1562,"host_launch_ns":11133,"host_wait_ns":2009381,"cuda_graph_span_ns":2017888.069,"event_status":0,"launch_status":0,"completion_status":0}
{"schema":"riley.decode-operator-diagnostic.v1","kind":"operation","capture_id":2,"replay_id":87,"position":149,"operator":"rope_kv","launch_status":0,"completion_status":0,"intervals":[{"layer":0,"cuda_span_ns":4096.000,"event_status":0},{"layer":15,"cuda_span_ns":4096.000,"event_status":0},{"layer":29,"cuda_span_ns":3072.000,"event_status":0}],"cuda_sum_ns":11264.000}
{"schema":"riley.owned-graph-diagnostic.v1","kind":"read","capture_id":2,"replay_id":87,"host_read_bytes":98344,"host_read_ns":4984}
{"schema":"riley.owned-graph-diagnostic.v1","kind":"replay","capture_id":2,"replay_id":88,"position":150,"host_staging_bytes":98344,"event_setup_ns":455,"host_staging_ns":1585,"host_launch_ns":11094,"host_wait_ns":2010122,"cuda_graph_span_ns":2018464.088,"event_status":0,"launch_status":0,"completion_status":0}
{"schema":"riley.decode-operator-diagnostic.v1","kind":"operation","capture_id":2,"replay_id":88,"position":150,"operator":"rope_kv","launch_status":0,"completion_status":0,"intervals":[{"layer":0,"cuda_span_ns":3072.000,"event_status":0},{"layer":15,"cuda_span_ns":3072.000,"event_status":0},{"layer":29,"cuda_span_ns":3072.000,"event_status":0}],"cuda_sum_ns":9216.000}
{"schema":"riley.owned-graph-diagnostic.v1","kind":"read","capture_id":2,"replay_id":88,"host_read_bytes":98344,"host_read_ns":4616}
{"schema":"riley.owned-graph-diagnostic.v1","kind":"replay","capture_id":2,"replay_id":89,"position":151,"host_staging_bytes":98344,"event_setup_ns":292,"host_staging_ns":1554,"host_launch_ns":10996,"host_wait_ns":2000326,"cuda_graph_span_ns":2008480.072,"event_status":0,"launch_status":0,"completion_status":0}
{"schema":"riley.decode-operator-diagnostic.v1","kind":"operation","capture_id":2,"replay_id":89,"position":151,"operator":"rope_kv","launch_status":0,"completion_status":0,"intervals":[{"layer":0,"cuda_span_ns":3072.000,"event_status":0},{"layer":15,"cuda_span_ns":3072.000,"event_status":0},{"layer":29,"cuda_span_ns":3072.000,"event_status":0}],"cuda_sum_ns":9216.000}
{"schema":"riley.owned-graph-diagnostic.v1","kind":"read","capture_id":2,"replay_id":89,"host_read_bytes":98344,"host_read_ns":4861}
{"schema":"riley.owned-graph-diagnostic.v1","kind":"replay","capture_id":2,"replay_id":90,"position":152,"host_staging_bytes":98344,"event_setup_ns":299,"host_staging_ns":1553,"host_launch_ns":11073,"host_wait_ns":2050125,"cuda_graph_span_ns":2058495.998,"event_status":0,"launch_status":0,"completion_status":0}
{"schema":"riley.decode-operator-diagnostic.v1","kind":"operation","capture_id":2,"replay_id":90,"position":152,"operator":"rope_kv","launch_status":0,"completion_status":0,"intervals":[{"layer":0,"cuda_span_ns":4096.000,"event_status":0},{"layer":15,"cuda_span_ns":3072.000,"event_status":0},{"layer":29,"cuda_span_ns":3072.000,"event_status":0}],"cuda_sum_ns":10240.000}
{"schema":"riley.owned-graph-diagnostic.v1","kind":"read","capture_id":2,"replay_id":90,"host_read_bytes":98344,"host_read_ns":4686}
{"schema":"riley.owned-graph-diagnostic.v1","kind":"replay","capture_id":2,"replay_id":91,"position":153,"host_staging_bytes":98344,"event_setup_ns":329,"host_staging_ns":1560,"host_launch_ns":11621,"host_wait_ns":2058064,"cuda_graph_span_ns":2067071.915,"event_status":0,"launch_status":0,"completion_status":0}
{"schema":"riley.decode-operator-diagnostic.v1","kind":"operation","capture_id":2,"replay_id":91,"position":153,"operator":"rope_kv","launch_status":0,"completion_status":0,"intervals":[{"layer":0,"cuda_span_ns":3072.000,"event_status":0},{"layer":15,"cuda_span_ns":3072.000,"event_status":0},{"layer":29,"cuda_span_ns":3072.000,"event_status":0}],"cuda_sum_ns":9216.000}
{"schema":"riley.owned-graph-diagnostic.v1","kind":"read","capture_id":2,"replay_id":91,"host_read_bytes":98344,"host_read_ns":4650}
{"schema":"riley.owned-graph-diagnostic.v1","kind":"replay","capture_id":2,"replay_id":92,"position":154,"host_staging_bytes":98344,"event_setup_ns":301,"host_staging_ns":1553,"host_launch_ns":10961,"host_wait_ns":2059124,"cuda_graph_span_ns":2067456.007,"event_status":0,"launch_status":0,"completion_status":0}
{"schema":"riley.decode-operator-diagnostic.v1","kind":"operation","capture_id":2,"replay_id":92,"position":154,"operator":"rope_kv","launch_status":0,"completion_status":0,"intervals":[{"layer":0,"cuda_span_ns":4096.000,"event_status":0},{"layer":15,"cuda_span_ns":3072.000,"event_status":0},{"layer":29,"cuda_span_ns":3072.000,"event_status":0}],"cuda_sum_ns":10240.000}
{"schema":"riley.owned-graph-diagnostic.v1","kind":"read","capture_id":2,"replay_id":92,"host_read_bytes":98344,"host_read_ns":6019}
{"schema":"riley.owned-graph-diagnostic.v1","kind":"replay","capture_id":2,"replay_id":93,"position":155,"host_staging_bytes":98344,"event_setup_ns":350,"host_staging_ns":1560,"host_launch_ns":10992,"host_wait_ns":2058691,"cuda_graph_span_ns":2066879.988,"event_status":0,"launch_status":0,"completion_status":0}
{"schema":"riley.decode-operator-diagnostic.v1","kind":"operation","capture_id":2,"replay_id":93,"position":155,"operator":"rope_kv","launch_status":0,"completion_status":0,"intervals":[{"layer":0,"cuda_span_ns":4096.000,"event_status":0},{"layer":15,"cuda_span_ns":3072.000,"event_status":0},{"layer":29,"cuda_span_ns":3072.000,"event_status":0}],"cuda_sum_ns":10240.000}
{"schema":"riley.owned-graph-diagnostic.v1","kind":"read","capture_id":2,"replay_id":93,"host_read_bytes":98344,"host_read_ns":5069}
{"schema":"riley.owned-graph-diagnostic.v1","kind":"replay","capture_id":2,"replay_id":94,"position":156,"host_staging_bytes":98344,"event_setup_ns":494,"host_staging_ns":1595,"host_launch_ns":11791,"host_wait_ns":2059226,"cuda_graph_span_ns":2068416.119,"event_status":0,"launch_status":0,"completion_status":0}
{"schema":"riley.decode-operator-diagnostic.v1","kind":"operation","capture_id":2,"replay_id":94,"position":156,"operator":"rope_kv","launch_status":0,"completion_status":0,"intervals":[{"layer":0,"cuda_span_ns":4096.000,"event_status":0},{"layer":15,"cuda_span_ns":3072.000,"event_status":0},{"layer":29,"cuda_span_ns":3072.000,"event_status":0}],"cuda_sum_ns":10240.000}
{"schema":"riley.owned-graph-diagnostic.v1","kind":"read","capture_id":2,"replay_id":94,"host_read_bytes":98344,"host_read_ns":4613}
{"schema":"riley.owned-graph-diagnostic.v1","kind":"replay","capture_id":2,"replay_id":95,"position":157,"host_staging_bytes":98344,"event_setup_ns":694,"host_staging_ns":1573,"host_launch_ns":11064,"host_wait_ns":2057555,"cuda_graph_span_ns":2065855.980,"event_status":0,"launch_status":0,"completion_status":0}
{"schema":"riley.decode-operator-diagnostic.v1","kind":"operation","capture_id":2,"replay_id":95,"position":157,"operator":"rope_kv","launch_status":0,"completion_status":0,"intervals":[{"layer":0,"cuda_span_ns":3072.000,"event_status":0},{"layer":15,"cuda_span_ns":3072.000,"event_status":0},{"layer":29,"cuda_span_ns":3072.000,"event_status":0}],"cuda_sum_ns":9216.000}
{"schema":"riley.owned-graph-diagnostic.v1","kind":"read","capture_id":2,"replay_id":95,"host_read_bytes":98344,"host_read_ns":4757}
{"schema":"riley.owned-graph-diagnostic.v1","kind":"replay","capture_id":2,"replay_id":96,"position":158,"host_staging_bytes":98344,"event_setup_ns":472,"host_staging_ns":1596,"host_launch_ns":11243,"host_wait_ns":2058490,"cuda_graph_span_ns":2067071.915,"event_status":0,"launch_status":0,"completion_status":0}
{"schema":"riley.decode-operator-diagnostic.v1","kind":"operation","capture_id":2,"replay_id":96,"position":158,"operator":"rope_kv","launch_status":0,"completion_status":0,"intervals":[{"layer":0,"cuda_span_ns":4096.000,"event_status":0},{"layer":15,"cuda_span_ns":3072.000,"event_status":0},{"layer":29,"cuda_span_ns":3072.000,"event_status":0}],"cuda_sum_ns":10240.000}
{"schema":"riley.owned-graph-diagnostic.v1","kind":"read","capture_id":2,"replay_id":96,"host_read_bytes":98344,"host_read_ns":4615}
{"schema":"riley.owned-graph-diagnostic.v1","kind":"replay","capture_id":1,"replay_id":97,"position":127,"host_staging_bytes":98344,"event_setup_ns":3229,"host_staging_ns":6905,"host_launch_ns":15702,"host_wait_ns":13671625,"cuda_graph_span_ns":13683648.109,"event_status":0,"launch_status":0,"completion_status":0}
{"schema":"riley.owned-graph-diagnostic.v1","kind":"read","capture_id":1,"replay_id":97,"host_read_bytes":98344,"host_read_ns":7843}
{"schema":"riley.owned-graph-diagnostic.v1","kind":"replay","capture_id":2,"replay_id":98,"position":128,"host_staging_bytes":98344,"event_setup_ns":1231,"host_staging_ns":2414,"host_launch_ns":17776,"host_wait_ns":2200599,"cuda_graph_span_ns":2215552.092,"event_status":0,"launch_status":0,"completion_status":0}
{"schema":"riley.decode-operator-diagnostic.v1","kind":"operation","capture_id":2,"replay_id":98,"position":128,"operator":"rope_kv","launch_status":0,"completion_status":0,"intervals":[{"layer":0,"cuda_span_ns":4096.000,"event_status":0},{"layer":15,"cuda_span_ns":3072.000,"event_status":0},{"layer":29,"cuda_span_ns":3072.000,"event_status":0}],"cuda_sum_ns":10240.000}
{"schema":"riley.owned-graph-diagnostic.v1","kind":"read","capture_id":2,"replay_id":98,"host_read_bytes":98344,"host_read_ns":5375}
{"schema":"riley.owned-graph-diagnostic.v1","kind":"replay","capture_id":2,"replay_id":99,"position":129,"host_staging_bytes":98344,"event_setup_ns":503,"host_staging_ns":1638,"host_launch_ns":11310,"host_wait_ns":1879105,"cuda_graph_span_ns":1887743.950,"event_status":0,"launch_status":0,"completion_status":0}
{"schema":"riley.decode-operator-diagnostic.v1","kind":"operation","capture_id":2,"replay_id":99,"position":129,"operator":"rope_kv","launch_status":0,"completion_status":0,"intervals":[{"layer":0,"cuda_span_ns":3072.000,"event_status":0},{"layer":15,"cuda_span_ns":3072.000,"event_status":0},{"layer":29,"cuda_span_ns":3072.000,"event_status":0}],"cuda_sum_ns":9216.000}
{"schema":"riley.owned-graph-diagnostic.v1","kind":"read","capture_id":2,"replay_id":99,"host_read_bytes":98344,"host_read_ns":5368}
{"schema":"riley.owned-graph-diagnostic.v1","kind":"replay","capture_id":2,"replay_id":100,"position":130,"host_staging_bytes":98344,"event_setup_ns":509,"host_staging_ns":1611,"host_launch_ns":11231,"host_wait_ns":1877410,"cuda_graph_span_ns":1885983.944,"event_status":0,"launch_status":0,"completion_status":0}
{"schema":"riley.decode-operator-diagnostic.v1","kind":"operation","capture_id":2,"replay_id":100,"position":130,"operator":"rope_kv","launch_status":0,"completion_status":0,"intervals":[{"layer":0,"cuda_span_ns":3072.000,"event_status":0},{"layer":15,"cuda_span_ns":3072.000,"event_status":0},{"layer":29,"cuda_span_ns":3072.000,"event_status":0}],"cuda_sum_ns":9216.000}
{"schema":"riley.owned-graph-diagnostic.v1","kind":"read","capture_id":2,"replay_id":100,"host_read_bytes":98344,"host_read_ns":6318}
{"schema":"riley.owned-graph-diagnostic.v1","kind":"replay","capture_id":2,"replay_id":101,"position":131,"host_staging_bytes":98344,"event_setup_ns":653,"host_staging_ns":2102,"host_launch_ns":11206,"host_wait_ns":1879539,"cuda_graph_span_ns":1888128.042,"event_status":0,"launch_status":0,"completion_status":0}
{"schema":"riley.decode-operator-diagnostic.v1","kind":"operation","capture_id":2,"replay_id":101,"position":131,"operator":"rope_kv","launch_status":0,"completion_status":0,"intervals":[{"layer":0,"cuda_span_ns":4096.000,"event_status":0},{"layer":15,"cuda_span_ns":3072.000,"event_status":0},{"layer":29,"cuda_span_ns":3072.000,"event_status":0}],"cuda_sum_ns":10240.000}
{"schema":"riley.owned-graph-diagnostic.v1","kind":"read","capture_id":2,"replay_id":101,"host_read_bytes":98344,"host_read_ns":4932}
{"schema":"riley.owned-graph-diagnostic.v1","kind":"replay","capture_id":2,"replay_id":102,"position":132,"host_staging_bytes":98344,"event_setup_ns":321,"host_staging_ns":1625,"host_launch_ns":11255,"host_wait_ns":1876362,"cuda_graph_span_ns":1884927.988,"event_status":0,"launch_status":0,"completion_status":0}
{"schema":"riley.decode-operator-diagnostic.v1","kind":"operation","capture_id":2,"replay_id":102,"position":132,"operator":"rope_kv","launch_status":0,"completion_status":0,"intervals":[{"layer":0,"cuda_span_ns":3072.000,"event_status":0},{"layer":15,"cuda_span_ns":3072.000,"event_status":0},{"layer":29,"cuda_span_ns":3072.000,"event_status":0}],"cuda_sum_ns":9216.000}
{"schema":"riley.owned-graph-diagnostic.v1","kind":"read","capture_id":2,"replay_id":102,"host_read_bytes":98344,"host_read_ns":5659}
{"schema":"riley.owned-graph-diagnostic.v1","kind":"replay","capture_id":2,"replay_id":103,"position":133,"host_staging_bytes":98344,"event_setup_ns":383,"host_staging_ns":1697,"host_launch_ns":11340,"host_wait_ns":1876726,"cuda_graph_span_ns":1885663.986,"event_status":0,"launch_status":0,"completion_status":0}
{"schema":"riley.decode-operator-diagnostic.v1","kind":"operation","capture_id":2,"replay_id":103,"position":133,"operator":"rope_kv","launch_status":0,"completion_status":0,"intervals":[{"layer":0,"cuda_span_ns":3072.000,"event_status":0},{"layer":15,"cuda_span_ns":4096.000,"event_status":0},{"layer":29,"cuda_span_ns":3072.000,"event_status":0}],"cuda_sum_ns":10240.000}
{"schema":"riley.owned-graph-diagnostic.v1","kind":"read","capture_id":2,"replay_id":103,"host_read_bytes":98344,"host_read_ns":4773}
{"schema":"riley.owned-graph-diagnostic.v1","kind":"replay","capture_id":2,"replay_id":104,"position":134,"host_staging_bytes":98344,"event_setup_ns":438,"host_staging_ns":1600,"host_launch_ns":11581,"host_wait_ns":1877797,"cuda_graph_span_ns":1886880.040,"event_status":0,"launch_status":0,"completion_status":0}
{"schema":"riley.decode-operator-diagnostic.v1","kind":"operation","capture_id":2,"replay_id":104,"position":134,"operator":"rope_kv","launch_status":0,"completion_status":0,"intervals":[{"layer":0,"cuda_span_ns":4096.000,"event_status":0},{"layer":15,"cuda_span_ns":3072.000,"event_status":0},{"layer":29,"cuda_span_ns":3072.000,"event_status":0}],"cuda_sum_ns":10240.000}
{"schema":"riley.owned-graph-diagnostic.v1","kind":"read","capture_id":2,"replay_id":104,"host_read_bytes":98344,"host_read_ns":5366}
{"schema":"riley.owned-graph-diagnostic.v1","kind":"replay","capture_id":2,"replay_id":105,"position":135,"host_staging_bytes":98344,"event_setup_ns":319,"host_staging_ns":1625,"host_launch_ns":11429,"host_wait_ns":1872140,"cuda_graph_span_ns":1881024.003,"event_status":0,"launch_status":0,"completion_status":0}
{"schema":"riley.decode-operator-diagnostic.v1","kind":"operation","capture_id":2,"replay_id":105,"position":135,"operator":"rope_kv","launch_status":0,"completion_status":0,"intervals":[{"layer":0,"cuda_span_ns":4096.000,"event_status":0},{"layer":15,"cuda_span_ns":4096.000,"event_status":0},{"layer":29,"cuda_span_ns":3072.000,"event_status":0}],"cuda_sum_ns":11264.000}
{"schema":"riley.owned-graph-diagnostic.v1","kind":"read","capture_id":2,"replay_id":105,"host_read_bytes":98344,"host_read_ns":5080}
{"schema":"riley.owned-graph-diagnostic.v1","kind":"replay","capture_id":2,"replay_id":106,"position":136,"host_staging_bytes":98344,"event_setup_ns":425,"host_staging_ns":1598,"host_launch_ns":11091,"host_wait_ns":1918744,"cuda_graph_span_ns":1927296.042,"event_status":0,"launch_status":0,"completion_status":0}
{"schema":"riley.decode-operator-diagnostic.v1","kind":"operation","capture_id":2,"replay_id":106,"position":136,"operator":"rope_kv","launch_status":0,"completion_status":0,"intervals":[{"layer":0,"cuda_span_ns":4096.000,"event_status":0},{"layer":15,"cuda_span_ns":3072.000,"event_status":0},{"layer":29,"cuda_span_ns":3072.000,"event_status":0}],"cuda_sum_ns":10240.000}
{"schema":"riley.owned-graph-diagnostic.v1","kind":"read","capture_id":2,"replay_id":106,"host_read_bytes":98344,"host_read_ns":4760}
{"schema":"riley.owned-graph-diagnostic.v1","kind":"replay","capture_id":2,"replay_id":107,"position":137,"host_staging_bytes":98344,"event_setup_ns":429,"host_staging_ns":1554,"host_launch_ns":11106,"host_wait_ns":1927814,"cuda_graph_span_ns":1936192.036,"event_status":0,"launch_status":0,"completion_status":0}
{"schema":"riley.decode-operator-diagnostic.v1","kind":"operation","capture_id":2,"replay_id":107,"position":137,"operator":"rope_kv","launch_status":0,"completion_status":0,"intervals":[{"layer":0,"cuda_span_ns":4096.000,"event_status":0},{"layer":15,"cuda_span_ns":3072.000,"event_status":0},{"layer":29,"cuda_span_ns":3072.000,"event_status":0}],"cuda_sum_ns":10240.000}
{"schema":"riley.owned-graph-diagnostic.v1","kind":"read","capture_id":2,"replay_id":107,"host_read_bytes":98344,"host_read_ns":4825}
{"schema":"riley.owned-graph-diagnostic.v1","kind":"replay","capture_id":2,"replay_id":108,"position":138,"host_staging_bytes":98344,"event_setup_ns":323,"host_staging_ns":1585,"host_launch_ns":10924,"host_wait_ns":1927022,"cuda_graph_span_ns":1935456.038,"event_status":0,"launch_status":0,"completion_status":0}
{"schema":"riley.decode-operator-diagnostic.v1","kind":"operation","capture_id":2,"replay_id":108,"position":138,"operator":"rope_kv","launch_status":0,"completion_status":0,"intervals":[{"layer":0,"cuda_span_ns":4096.000,"event_status":0},{"layer":15,"cuda_span_ns":4096.000,"event_status":0},{"layer":29,"cuda_span_ns":3072.000,"event_status":0}],"cuda_sum_ns":11264.000}
{"schema":"riley.owned-graph-diagnostic.v1","kind":"read","capture_id":2,"replay_id":108,"host_read_bytes":98344,"host_read_ns":4968}
{"schema":"riley.owned-graph-diagnostic.v1","kind":"replay","capture_id":2,"replay_id":109,"position":139,"host_staging_bytes":98344,"event_setup_ns":408,"host_staging_ns":1640,"host_launch_ns":11040,"host_wait_ns":1926477,"cuda_graph_span_ns":1934911.966,"event_status":0,"launch_status":0,"completion_status":0}
{"schema":"riley.decode-operator-diagnostic.v1","kind":"operation","capture_id":2,"replay_id":109,"position":139,"operator":"rope_kv","launch_status":0,"completion_status":0,"intervals":[{"layer":0,"cuda_span_ns":4096.000,"event_status":0},{"layer":15,"cuda_span_ns":3072.000,"event_status":0},{"layer":29,"cuda_span_ns":3072.000,"event_status":0}],"cuda_sum_ns":10240.000}
{"schema":"riley.owned-graph-diagnostic.v1","kind":"read","capture_id":2,"replay_id":109,"host_read_bytes":98344,"host_read_ns":4747}
{"schema":"riley.owned-graph-diagnostic.v1","kind":"replay","capture_id":2,"replay_id":110,"position":140,"host_staging_bytes":98344,"event_setup_ns":310,"host_staging_ns":1533,"host_launch_ns":11030,"host_wait_ns":1935479,"cuda_graph_span_ns":1944000.006,"event_status":0,"launch_status":0,"completion_status":0}
{"schema":"riley.decode-operator-diagnostic.v1","kind":"operation","capture_id":2,"replay_id":110,"position":140,"operator":"rope_kv","launch_status":0,"completion_status":0,"intervals":[{"layer":0,"cuda_span_ns":4096.000,"event_status":0},{"layer":15,"cuda_span_ns":3072.000,"event_status":0},{"layer":29,"cuda_span_ns":3072.000,"event_status":0}],"cuda_sum_ns":10240.000}
{"schema":"riley.owned-graph-diagnostic.v1","kind":"read","capture_id":2,"replay_id":110,"host_read_bytes":98344,"host_read_ns":4601}
{"schema":"riley.owned-graph-diagnostic.v1","kind":"replay","capture_id":2,"replay_id":111,"position":141,"host_staging_bytes":98344,"event_setup_ns":421,"host_staging_ns":1560,"host_launch_ns":11227,"host_wait_ns":1937938,"cuda_graph_span_ns":1946431.994,"event_status":0,"launch_status":0,"completion_status":0}
{"schema":"riley.decode-operator-diagnostic.v1","kind":"operation","capture_id":2,"replay_id":111,"position":141,"operator":"rope_kv","launch_status":0,"completion_status":0,"intervals":[{"layer":0,"cuda_span_ns":4096.000,"event_status":0},{"layer":15,"cuda_span_ns":4096.000,"event_status":0},{"layer":29,"cuda_span_ns":4096.000,"event_status":0}],"cuda_sum_ns":12288.000}
{"schema":"riley.owned-graph-diagnostic.v1","kind":"read","capture_id":2,"replay_id":111,"host_read_bytes":98344,"host_read_ns":4819}
{"schema":"riley.owned-graph-diagnostic.v1","kind":"replay","capture_id":2,"replay_id":112,"position":142,"host_staging_bytes":98344,"event_setup_ns":346,"host_staging_ns":1573,"host_launch_ns":10891,"host_wait_ns":1935279,"cuda_graph_span_ns":1943423.986,"event_status":0,"launch_status":0,"completion_status":0}
{"schema":"riley.decode-operator-diagnostic.v1","kind":"operation","capture_id":2,"replay_id":112,"position":142,"operator":"rope_kv","launch_status":0,"completion_status":0,"intervals":[{"layer":0,"cuda_span_ns":4096.000,"event_status":0},{"layer":15,"cuda_span_ns":4096.000,"event_status":0},{"layer":29,"cuda_span_ns":3072.000,"event_status":0}],"cuda_sum_ns":11264.000}
{"schema":"riley.owned-graph-diagnostic.v1","kind":"read","capture_id":2,"replay_id":112,"host_read_bytes":98344,"host_read_ns":4242}
{"schema":"riley.owned-graph-diagnostic.v1","kind":"replay","capture_id":2,"replay_id":113,"position":143,"host_staging_bytes":98344,"event_setup_ns":365,"host_staging_ns":1528,"host_launch_ns":11109,"host_wait_ns":1926552,"cuda_graph_span_ns":1935039.997,"event_status":0,"launch_status":0,"completion_status":0}
{"schema":"riley.decode-operator-diagnostic.v1","kind":"operation","capture_id":2,"replay_id":113,"position":143,"operator":"rope_kv","launch_status":0,"completion_status":0,"intervals":[{"layer":0,"cuda_span_ns":4096.000,"event_status":0},{"layer":15,"cuda_span_ns":3072.000,"event_status":0},{"layer":29,"cuda_span_ns":3072.000,"event_status":0}],"cuda_sum_ns":10240.000}
{"schema":"riley.owned-graph-diagnostic.v1","kind":"read","capture_id":2,"replay_id":113,"host_read_bytes":98344,"host_read_ns":4689}
{"schema":"riley.owned-graph-diagnostic.v1","kind":"replay","capture_id":2,"replay_id":114,"position":144,"host_staging_bytes":98344,"event_setup_ns":511,"host_staging_ns":1586,"host_launch_ns":12448,"host_wait_ns":1991163,"cuda_graph_span_ns":2000927.925,"event_status":0,"launch_status":0,"completion_status":0}
{"schema":"riley.decode-operator-diagnostic.v1","kind":"operation","capture_id":2,"replay_id":114,"position":144,"operator":"rope_kv","launch_status":0,"completion_status":0,"intervals":[{"layer":0,"cuda_span_ns":3072.000,"event_status":0},{"layer":15,"cuda_span_ns":3072.000,"event_status":0},{"layer":29,"cuda_span_ns":3072.000,"event_status":0}],"cuda_sum_ns":9216.000}
{"schema":"riley.owned-graph-diagnostic.v1","kind":"read","capture_id":2,"replay_id":114,"host_read_bytes":98344,"host_read_ns":7388}
{"schema":"riley.owned-graph-diagnostic.v1","kind":"replay","capture_id":2,"replay_id":115,"position":145,"host_staging_bytes":98344,"event_setup_ns":538,"host_staging_ns":1562,"host_launch_ns":11382,"host_wait_ns":2000123,"cuda_graph_span_ns":2009056.091,"event_status":0,"launch_status":0,"completion_status":0}
{"schema":"riley.decode-operator-diagnostic.v1","kind":"operation","capture_id":2,"replay_id":115,"position":145,"operator":"rope_kv","launch_status":0,"completion_status":0,"intervals":[{"layer":0,"cuda_span_ns":3072.000,"event_status":0},{"layer":15,"cuda_span_ns":3072.000,"event_status":0},{"layer":29,"cuda_span_ns":3072.000,"event_status":0}],"cuda_sum_ns":9216.000}
{"schema":"riley.owned-graph-diagnostic.v1","kind":"read","capture_id":2,"replay_id":115,"host_read_bytes":98344,"host_read_ns":4866}
{"schema":"riley.owned-graph-diagnostic.v1","kind":"replay","capture_id":2,"replay_id":116,"position":146,"host_staging_bytes":98344,"event_setup_ns":322,"host_staging_ns":1566,"host_launch_ns":10925,"host_wait_ns":1999384,"cuda_graph_span_ns":2007999.897,"event_status":0,"launch_status":0,"completion_status":0}
{"schema":"riley.decode-operator-diagnostic.v1","kind":"operation","capture_id":2,"replay_id":116,"position":146,"operator":"rope_kv","launch_status":0,"completion_status":0,"intervals":[{"layer":0,"cuda_span_ns":4096.000,"event_status":0},{"layer":15,"cuda_span_ns":4096.000,"event_status":0},{"layer":29,"cuda_span_ns":3072.000,"event_status":0}],"cuda_sum_ns":11264.000}
{"schema":"riley.owned-graph-diagnostic.v1","kind":"read","capture_id":2,"replay_id":116,"host_read_bytes":98344,"host_read_ns":4562}
{"schema":"riley.owned-graph-diagnostic.v1","kind":"replay","capture_id":2,"replay_id":117,"position":147,"host_staging_bytes":98344,"event_setup_ns":339,"host_staging_ns":1555,"host_launch_ns":10903,"host_wait_ns":2000780,"cuda_graph_span_ns":2009056.091,"event_status":0,"launch_status":0,"completion_status":0}
{"schema":"riley.decode-operator-diagnostic.v1","kind":"operation","capture_id":2,"replay_id":117,"position":147,"operator":"rope_kv","launch_status":0,"completion_status":0,"intervals":[{"layer":0,"cuda_span_ns":3072.000,"event_status":0},{"layer":15,"cuda_span_ns":3072.000,"event_status":0},{"layer":29,"cuda_span_ns":3072.000,"event_status":0}],"cuda_sum_ns":9216.000}
{"schema":"riley.owned-graph-diagnostic.v1","kind":"read","capture_id":2,"replay_id":117,"host_read_bytes":98344,"host_read_ns":4287}
{"schema":"riley.owned-graph-diagnostic.v1","kind":"replay","capture_id":2,"replay_id":118,"position":148,"host_staging_bytes":98344,"event_setup_ns":387,"host_staging_ns":1570,"host_launch_ns":10948,"host_wait_ns":2007229,"cuda_graph_span_ns":2015647.888,"event_status":0,"launch_status":0,"completion_status":0}
{"schema":"riley.decode-operator-diagnostic.v1","kind":"operation","capture_id":2,"replay_id":118,"position":148,"operator":"rope_kv","launch_status":0,"completion_status":0,"intervals":[{"layer":0,"cuda_span_ns":3072.000,"event_status":0},{"layer":15,"cuda_span_ns":3072.000,"event_status":0},{"layer":29,"cuda_span_ns":3072.000,"event_status":0}],"cuda_sum_ns":9216.000}
{"schema":"riley.owned-graph-diagnostic.v1","kind":"read","capture_id":2,"replay_id":118,"host_read_bytes":98344,"host_read_ns":4422}
{"schema":"riley.owned-graph-diagnostic.v1","kind":"replay","capture_id":2,"replay_id":119,"position":149,"host_staging_bytes":98344,"event_setup_ns":407,"host_staging_ns":1587,"host_launch_ns":10955,"host_wait_ns":2000008,"cuda_graph_span_ns":2008608.103,"event_status":0,"launch_status":0,"completion_status":0}
{"schema":"riley.decode-operator-diagnostic.v1","kind":"operation","capture_id":2,"replay_id":119,"position":149,"operator":"rope_kv","launch_status":0,"completion_status":0,"intervals":[{"layer":0,"cuda_span_ns":4096.000,"event_status":0},{"layer":15,"cuda_span_ns":3072.000,"event_status":0},{"layer":29,"cuda_span_ns":3072.000,"event_status":0}],"cuda_sum_ns":10240.000}
{"schema":"riley.owned-graph-diagnostic.v1","kind":"read","capture_id":2,"replay_id":119,"host_read_bytes":98344,"host_read_ns":4759}
{"schema":"riley.owned-graph-diagnostic.v1","kind":"replay","capture_id":2,"replay_id":120,"position":150,"host_staging_bytes":98344,"event_setup_ns":529,"host_staging_ns":1546,"host_launch_ns":10486,"host_wait_ns":2008278,"cuda_graph_span_ns":2016351.938,"event_status":0,"launch_status":0,"completion_status":0}
{"schema":"riley.decode-operator-diagnostic.v1","kind":"operation","capture_id":2,"replay_id":120,"position":150,"operator":"rope_kv","launch_status":0,"completion_status":0,"intervals":[{"layer":0,"cuda_span_ns":4096.000,"event_status":0},{"layer":15,"cuda_span_ns":3072.000,"event_status":0},{"layer":29,"cuda_span_ns":3072.000,"event_status":0}],"cuda_sum_ns":10240.000}
{"schema":"riley.owned-graph-diagnostic.v1","kind":"read","capture_id":2,"replay_id":120,"host_read_bytes":98344,"host_read_ns":4790}
{"schema":"riley.owned-graph-diagnostic.v1","kind":"replay","capture_id":2,"replay_id":121,"position":151,"host_staging_bytes":98344,"event_setup_ns":522,"host_staging_ns":1567,"host_launch_ns":10829,"host_wait_ns":1999617,"cuda_graph_span_ns":2007904.053,"event_status":0,"launch_status":0,"completion_status":0}
{"schema":"riley.decode-operator-diagnostic.v1","kind":"operation","capture_id":2,"replay_id":121,"position":151,"operator":"rope_kv","launch_status":0,"completion_status":0,"intervals":[{"layer":0,"cuda_span_ns":4096.000,"event_status":0},{"layer":15,"cuda_span_ns":4096.000,"event_status":0},{"layer":29,"cuda_span_ns":3072.000,"event_status":0}],"cuda_sum_ns":11264.000}
{"schema":"riley.owned-graph-diagnostic.v1","kind":"read","capture_id":2,"replay_id":121,"host_read_bytes":98344,"host_read_ns":4553}
{"schema":"riley.owned-graph-diagnostic.v1","kind":"replay","capture_id":2,"replay_id":122,"position":152,"host_staging_bytes":98344,"event_setup_ns":349,"host_staging_ns":1556,"host_launch_ns":11250,"host_wait_ns":2040793,"cuda_graph_span_ns":2049407.959,"event_status":0,"launch_status":0,"completion_status":0}
{"schema":"riley.decode-operator-diagnostic.v1","kind":"operation","capture_id":2,"replay_id":122,"position":152,"operator":"rope_kv","launch_status":0,"completion_status":0,"intervals":[{"layer":0,"cuda_span_ns":4096.000,"event_status":0},{"layer":15,"cuda_span_ns":4096.000,"event_status":0},{"layer":29,"cuda_span_ns":3072.000,"event_status":0}],"cuda_sum_ns":11264.000}
{"schema":"riley.owned-graph-diagnostic.v1","kind":"read","capture_id":2,"replay_id":122,"host_read_bytes":98344,"host_read_ns":5156}
{"schema":"riley.owned-graph-diagnostic.v1","kind":"replay","capture_id":2,"replay_id":123,"position":153,"host_staging_bytes":98344,"event_setup_ns":309,"host_staging_ns":1588,"host_launch_ns":10923,"host_wait_ns":2060155,"cuda_graph_span_ns":2068480.015,"event_status":0,"launch_status":0,"completion_status":0}
{"schema":"riley.decode-operator-diagnostic.v1","kind":"operation","capture_id":2,"replay_id":123,"position":153,"operator":"rope_kv","launch_status":0,"completion_status":0,"intervals":[{"layer":0,"cuda_span_ns":3072.000,"event_status":0},{"layer":15,"cuda_span_ns":3072.000,"event_status":0},{"layer":29,"cuda_span_ns":3072.000,"event_status":0}],"cuda_sum_ns":9216.000}
{"schema":"riley.owned-graph-diagnostic.v1","kind":"read","capture_id":2,"replay_id":123,"host_read_bytes":98344,"host_read_ns":5267}
{"schema":"riley.owned-graph-diagnostic.v1","kind":"replay","capture_id":2,"replay_id":124,"position":154,"host_staging_bytes":98344,"event_setup_ns":376,"host_staging_ns":1572,"host_launch_ns":10920,"host_wait_ns":2059555,"cuda_graph_span_ns":2067935.944,"event_status":0,"launch_status":0,"completion_status":0}
{"schema":"riley.decode-operator-diagnostic.v1","kind":"operation","capture_id":2,"replay_id":124,"position":154,"operator":"rope_kv","launch_status":0,"completion_status":0,"intervals":[{"layer":0,"cuda_span_ns":4096.000,"event_status":0},{"layer":15,"cuda_span_ns":4096.000,"event_status":0},{"layer":29,"cuda_span_ns":3072.000,"event_status":0}],"cuda_sum_ns":11264.000}
{"schema":"riley.owned-graph-diagnostic.v1","kind":"read","capture_id":2,"replay_id":124,"host_read_bytes":98344,"host_read_ns":4590}
{"schema":"riley.owned-graph-diagnostic.v1","kind":"replay","capture_id":2,"replay_id":125,"position":155,"host_staging_bytes":98344,"event_setup_ns":318,"host_staging_ns":1530,"host_launch_ns":10943,"host_wait_ns":2055969,"cuda_graph_span_ns":2064095.974,"event_status":0,"launch_status":0,"completion_status":0}
{"schema":"riley.decode-operator-diagnostic.v1","kind":"operation","capture_id":2,"replay_id":125,"position":155,"operator":"rope_kv","launch_status":0,"completion_status":0,"intervals":[{"layer":0,"cuda_span_ns":3072.000,"event_status":0},{"layer":15,"cuda_span_ns":4096.000,"event_status":0},{"layer":29,"cuda_span_ns":3072.000,"event_status":0}],"cuda_sum_ns":10240.000}
{"schema":"riley.owned-graph-diagnostic.v1","kind":"read","capture_id":2,"replay_id":125,"host_read_bytes":98344,"host_read_ns":4756}
{"schema":"riley.owned-graph-diagnostic.v1","kind":"replay","capture_id":2,"replay_id":126,"position":156,"host_staging_bytes":98344,"event_setup_ns":308,"host_staging_ns":1584,"host_launch_ns":10999,"host_wait_ns":2056125,"cuda_graph_span_ns":2064575.911,"event_status":0,"launch_status":0,"completion_status":0}
{"schema":"riley.decode-operator-diagnostic.v1","kind":"operation","capture_id":2,"replay_id":126,"position":156,"operator":"rope_kv","launch_status":0,"completion_status":0,"intervals":[{"layer":0,"cuda_span_ns":3072.000,"event_status":0},{"layer":15,"cuda_span_ns":3072.000,"event_status":0},{"layer":29,"cuda_span_ns":3072.000,"event_status":0}],"cuda_sum_ns":9216.000}
{"schema":"riley.owned-graph-diagnostic.v1","kind":"read","capture_id":2,"replay_id":126,"host_read_bytes":98344,"host_read_ns":4772}
{"schema":"riley.owned-graph-diagnostic.v1","kind":"replay","capture_id":2,"replay_id":127,"position":157,"host_staging_bytes":98344,"event_setup_ns":333,"host_staging_ns":1566,"host_launch_ns":10895,"host_wait_ns":2065278,"cuda_graph_span_ns":2073695.898,"event_status":0,"launch_status":0,"completion_status":0}
{"schema":"riley.decode-operator-diagnostic.v1","kind":"operation","capture_id":2,"replay_id":127,"position":157,"operator":"rope_kv","launch_status":0,"completion_status":0,"intervals":[{"layer":0,"cuda_span_ns":3072.000,"event_status":0},{"layer":15,"cuda_span_ns":4096.000,"event_status":0},{"layer":29,"cuda_span_ns":3072.000,"event_status":0}],"cuda_sum_ns":10240.000}
{"schema":"riley.owned-graph-diagnostic.v1","kind":"read","capture_id":2,"replay_id":127,"host_read_bytes":98344,"host_read_ns":4988}
{"schema":"riley.owned-graph-diagnostic.v1","kind":"replay","capture_id":2,"replay_id":128,"position":158,"host_staging_bytes":98344,"event_setup_ns":350,"host_staging_ns":1585,"host_launch_ns":11186,"host_wait_ns":2056857,"cuda_graph_span_ns":2065536.022,"event_status":0,"launch_status":0,"completion_status":0}
{"schema":"riley.decode-operator-diagnostic.v1","kind":"operation","capture_id":2,"replay_id":128,"position":158,"operator":"rope_kv","launch_status":0,"completion_status":0,"intervals":[{"layer":0,"cuda_span_ns":3072.000,"event_status":0},{"layer":15,"cuda_span_ns":4096.000,"event_status":0},{"layer":29,"cuda_span_ns":3072.000,"event_status":0}],"cuda_sum_ns":10240.000}
{"schema":"riley.owned-graph-diagnostic.v1","kind":"read","capture_id":2,"replay_id":128,"host_read_bytes":98344,"host_read_ns":4583}
{"schema":"riley.owned-graph-diagnostic.v1","kind":"replay","capture_id":1,"replay_id":129,"position":127,"host_staging_bytes":98344,"event_setup_ns":495,"host_staging_ns":1564,"host_launch_ns":9079,"host_wait_ns":13671487,"cuda_graph_span_ns":13677375.793,"event_status":0,"launch_status":0,"completion_status":0}
{"schema":"riley.owned-graph-diagnostic.v1","kind":"read","capture_id":1,"replay_id":129,"host_read_bytes":98344,"host_read_ns":5220}
{"schema":"riley.owned-graph-diagnostic.v1","kind":"replay","capture_id":2,"replay_id":130,"position":128,"host_staging_bytes":98344,"event_setup_ns":443,"host_staging_ns":1681,"host_launch_ns":12960,"host_wait_ns":2209493,"cuda_graph_span_ns":2219360.113,"event_status":0,"launch_status":0,"completion_status":0}
{"schema":"riley.decode-operator-diagnostic.v1","kind":"operation","capture_id":2,"replay_id":130,"position":128,"operator":"rope_kv","launch_status":0,"completion_status":0,"intervals":[{"layer":0,"cuda_span_ns":3072.000,"event_status":0},{"layer":15,"cuda_span_ns":4096.000,"event_status":0},{"layer":29,"cuda_span_ns":3072.000,"event_status":0}],"cuda_sum_ns":10240.000}
{"schema":"riley.owned-graph-diagnostic.v1","kind":"read","capture_id":2,"replay_id":130,"host_read_bytes":98344,"host_read_ns":4814}
{"schema":"riley.owned-graph-diagnostic.v1","kind":"replay","capture_id":2,"replay_id":131,"position":129,"host_staging_bytes":98344,"event_setup_ns":422,"host_staging_ns":1543,"host_launch_ns":11114,"host_wait_ns":1870524,"cuda_graph_span_ns":1878975.987,"event_status":0,"launch_status":0,"completion_status":0}
{"schema":"riley.decode-operator-diagnostic.v1","kind":"operation","capture_id":2,"replay_id":131,"position":129,"operator":"rope_kv","launch_status":0,"completion_status":0,"intervals":[{"layer":0,"cuda_span_ns":3072.000,"event_status":0},{"layer":15,"cuda_span_ns":3072.000,"event_status":0},{"layer":29,"cuda_span_ns":3072.000,"event_status":0}],"cuda_sum_ns":9216.000}
{"schema":"riley.owned-graph-diagnostic.v1","kind":"read","capture_id":2,"replay_id":131,"host_read_bytes":98344,"host_read_ns":4556}
{"schema":"riley.owned-graph-diagnostic.v1","kind":"replay","capture_id":2,"replay_id":132,"position":130,"host_staging_bytes":98344,"event_setup_ns":431,"host_staging_ns":1533,"host_launch_ns":11019,"host_wait_ns":1878887,"cuda_graph_span_ns":1887295.961,"event_status":0,"launch_status":0,"completion_status":0}
{"schema":"riley.decode-operator-diagnostic.v1","kind":"operation","capture_id":2,"replay_id":132,"position":130,"operator":"rope_kv","launch_status":0,"completion_status":0,"intervals":[{"layer":0,"cuda_span_ns":4096.000,"event_status":0},{"layer":15,"cuda_span_ns":3072.000,"event_status":0},{"layer":29,"cuda_span_ns":3072.000,"event_status":0}],"cuda_sum_ns":10240.000}
{"schema":"riley.owned-graph-diagnostic.v1","kind":"read","capture_id":2,"replay_id":132,"host_read_bytes":98344,"host_read_ns":5058}
{"schema":"riley.owned-graph-diagnostic.v1","kind":"replay","capture_id":2,"replay_id":133,"position":131,"host_staging_bytes":98344,"event_setup_ns":451,"host_staging_ns":1589,"host_launch_ns":11286,"host_wait_ns":1879160,"cuda_graph_span_ns":1887807.965,"event_status":0,"launch_status":0,"completion_status":0}
{"schema":"riley.decode-operator-diagnostic.v1","kind":"operation","capture_id":2,"replay_id":133,"position":131,"operator":"rope_kv","launch_status":0,"completion_status":0,"intervals":[{"layer":0,"cuda_span_ns":3072.000,"event_status":0},{"layer":15,"cuda_span_ns":3072.000,"event_status":0},{"layer":29,"cuda_span_ns":3072.000,"event_status":0}],"cuda_sum_ns":9216.000}
{"schema":"riley.owned-graph-diagnostic.v1","kind":"read","capture_id":2,"replay_id":133,"host_read_bytes":98344,"host_read_ns":4590}
{"schema":"riley.owned-graph-diagnostic.v1","kind":"replay","capture_id":2,"replay_id":134,"position":132,"host_staging_bytes":98344,"event_setup_ns":383,"host_staging_ns":1534,"host_launch_ns":10810,"host_wait_ns":1878500,"cuda_graph_span_ns":1886687.994,"event_status":0,"launch_status":0,"completion_status":0}
{"schema":"riley.decode-operator-diagnostic.v1","kind":"operation","capture_id":2,"replay_id":134,"position":132,"operator":"rope_kv","launch_status":0,"completion_status":0,"intervals":[{"layer":0,"cuda_span_ns":3072.000,"event_status":0},{"layer":15,"cuda_span_ns":3072.000,"event_status":0},{"layer":29,"cuda_span_ns":3072.000,"event_status":0}],"cuda_sum_ns":9216.000}
{"schema":"riley.owned-graph-diagnostic.v1","kind":"read","capture_id":2,"replay_id":134,"host_read_bytes":98344,"host_read_ns":4686}
{"schema":"riley.owned-graph-diagnostic.v1","kind":"replay","capture_id":2,"replay_id":135,"position":133,"host_staging_bytes":98344,"event_setup_ns":409,"host_staging_ns":1569,"host_launch_ns":11246,"host_wait_ns":1877431,"cuda_graph_span_ns":1886271.954,"event_status":0,"launch_status":0,"completion_status":0}
{"schema":"riley.decode-operator-diagnostic.v1","kind":"operation","capture_id":2,"replay_id":135,"position":133,"operator":"rope_kv","launch_status":0,"completion_status":0,"intervals":[{"layer":0,"cuda_span_ns":4096.000,"event_status":0},{"layer":15,"cuda_span_ns":3072.000,"event_status":0},{"layer":29,"cuda_span_ns":3072.000,"event_status":0}],"cuda_sum_ns":10240.000}
{"schema":"riley.owned-graph-diagnostic.v1","kind":"read","capture_id":2,"replay_id":135,"host_read_bytes":98344,"host_read_ns":4798}
{"schema":"riley.owned-graph-diagnostic.v1","kind":"replay","capture_id":2,"replay_id":136,"position":134,"host_staging_bytes":98344,"event_setup_ns":304,"host_staging_ns":1561,"host_launch_ns":10793,"host_wait_ns":1877735,"cuda_graph_span_ns":1886111.975,"event_status":0,"launch_status":0,"completion_status":0}
{"schema":"riley.decode-operator-diagnostic.v1","kind":"operation","capture_id":2,"replay_id":136,"position":134,"operator":"rope_kv","launch_status":0,"completion_status":0,"intervals":[{"layer":0,"cuda_span_ns":4096.000,"event_status":0},{"layer":15,"cuda_span_ns":4096.000,"event_status":0},{"layer":29,"cuda_span_ns":3072.000,"event_status":0}],"cuda_sum_ns":11264.000}
{"schema":"riley.owned-graph-diagnostic.v1","kind":"read","capture_id":2,"replay_id":136,"host_read_bytes":98344,"host_read_ns":4742}
{"schema":"riley.owned-graph-diagnostic.v1","kind":"replay","capture_id":2,"replay_id":137,"position":135,"host_staging_bytes":98344,"event_setup_ns":346,"host_staging_ns":1564,"host_launch_ns":10866,"host_wait_ns":1876092,"cuda_graph_span_ns":1884351.969,"event_status":0,"launch_status":0,"completion_status":0}
{"schema":"riley.decode-operator-diagnostic.v1","kind":"operation","capture_id":2,"replay_id":137,"position":135,"operator":"rope_kv","launch_status":0,"completion_status":0,"intervals":[{"layer":0,"cuda_span_ns":4096.000,"event_status":0},{"layer":15,"cuda_span_ns":4096.000,"event_status":0},{"layer":29,"cuda_span_ns":3072.000,"event_status":0}],"cuda_sum_ns":11264.000}
{"schema":"riley.owned-graph-diagnostic.v1","kind":"read","capture_id":2,"replay_id":137,"host_read_bytes":98344,"host_read_ns":4722}
{"schema":"riley.owned-graph-diagnostic.v1","kind":"replay","capture_id":2,"replay_id":138,"position":136,"host_staging_bytes":98344,"event_setup_ns":309,"host_staging_ns":1532,"host_launch_ns":10687,"host_wait_ns":1918274,"cuda_graph_span_ns":1926367.998,"event_status":0,"launch_status":0,"completion_status":0}
{"schema":"riley.decode-operator-diagnostic.v1","kind":"operation","capture_id":2,"replay_id":138,"position":136,"operator":"rope_kv","launch_status":0,"completion_status":0,"intervals":[{"layer":0,"cuda_span_ns":4096.000,"event_status":0},{"layer":15,"cuda_span_ns":3072.000,"event_status":0},{"layer":29,"cuda_span_ns":2048.000,"event_status":0}],"cuda_sum_ns":9216.000}
{"schema":"riley.owned-graph-diagnostic.v1","kind":"read","capture_id":2,"replay_id":138,"host_read_bytes":98344,"host_read_ns":4282}
{"schema":"riley.owned-graph-diagnostic.v1","kind":"replay","capture_id":2,"replay_id":139,"position":137,"host_staging_bytes":98344,"event_setup_ns":310,"host_staging_ns":1545,"host_launch_ns":10725,"host_wait_ns":1926743,"cuda_graph_span_ns":1934911.966,"event_status":0,"launch_status":0,"completion_status":0}
{"schema":"riley.decode-operator-diagnostic.v1","kind":"operation","capture_id":2,"replay_id":139,"position":137,"operator":"rope_kv","launch_status":0,"completion_status":0,"intervals":[{"layer":0,"cuda_span_ns":3072.000,"event_status":0},{"layer":15,"cuda_span_ns":4096.000,"event_status":0},{"layer":29,"cuda_span_ns":3072.000,"event_status":0}],"cuda_sum_ns":10240.000}
{"schema":"riley.owned-graph-diagnostic.v1","kind":"read","capture_id":2,"replay_id":139,"host_read_bytes":98344,"host_read_ns":4717}
{"schema":"riley.owned-graph-diagnostic.v1","kind":"replay","capture_id":2,"replay_id":140,"position":138,"host_staging_bytes":98344,"event_setup_ns":317,"host_staging_ns":1556,"host_launch_ns":13167,"host_wait_ns":1927284,"cuda_graph_span_ns":1938016.057,"event_status":0,"launch_status":0,"completion_status":0}
{"schema":"riley.decode-operator-diagnostic.v1","kind":"operation","capture_id":2,"replay_id":140,"position":138,"operator":"rope_kv","launch_status":0,"completion_status":0,"intervals":[{"layer":0,"cuda_span_ns":4096.000,"event_status":0},{"layer":15,"cuda_span_ns":4096.000,"event_status":0},{"layer":29,"cuda_span_ns":3072.000,"event_status":0}],"cuda_sum_ns":11264.000}
{"schema":"riley.owned-graph-diagnostic.v1","kind":"read","capture_id":2,"replay_id":140,"host_read_bytes":98344,"host_read_ns":4690}
{"schema":"riley.owned-graph-diagnostic.v1","kind":"replay","capture_id":2,"replay_id":141,"position":139,"host_staging_bytes":98344,"event_setup_ns":385,"host_staging_ns":1553,"host_launch_ns":11072,"host_wait_ns":1936619,"cuda_graph_span_ns":1945152.044,"event_status":0,"launch_status":0,"completion_status":0}
{"schema":"riley.decode-operator-diagnostic.v1","kind":"operation","capture_id":2,"replay_id":141,"position":139,"operator":"rope_kv","launch_status":0,"completion_status":0,"intervals":[{"layer":0,"cuda_span_ns":4096.000,"event_status":0},{"layer":15,"cuda_span_ns":3072.000,"event_status":0},{"layer":29,"cuda_span_ns":3072.000,"event_status":0}],"cuda_sum_ns":10240.000}
{"schema":"riley.owned-graph-diagnostic.v1","kind":"read","capture_id":2,"replay_id":141,"host_read_bytes":98344,"host_read_ns":4872}
{"schema":"riley.owned-graph-diagnostic.v1","kind":"replay","capture_id":2,"replay_id":142,"position":140,"host_staging_bytes":98344,"event_setup_ns":488,"host_staging_ns":1552,"host_launch_ns":11281,"host_wait_ns":1935365,"cuda_graph_span_ns":1944128.036,"event_status":0,"launch_status":0,"completion_status":0}
{"schema":"riley.decode-operator-diagnostic.v1","kind":"operation","capture_id":2,"replay_id":142,"position":140,"operator":"rope_kv","launch_status":0,"completion_status":0,"intervals":[{"layer":0,"cuda_span_ns":3072.000,"event_status":0},{"layer":15,"cuda_span_ns":3072.000,"event_status":0},{"layer":29,"cuda_span_ns":3072.000,"event_status":0}],"cuda_sum_ns":9216.000}
{"schema":"riley.owned-graph-diagnostic.v1","kind":"read","capture_id":2,"replay_id":142,"host_read_bytes":98344,"host_read_ns":4785}
{"schema":"riley.owned-graph-diagnostic.v1","kind":"replay","capture_id":2,"replay_id":143,"position":141,"host_staging_bytes":98344,"event_setup_ns":312,"host_staging_ns":1587,"host_launch_ns":11388,"host_wait_ns":1938262,"cuda_graph_span_ns":1947008.014,"event_status":0,"launch_status":0,"completion_status":0}
{"schema":"riley.decode-operator-diagnostic.v1","kind":"operation","capture_id":2,"replay_id":143,"position":141,"operator":"rope_kv","launch_status":0,"completion_status":0,"intervals":[{"layer":0,"cuda_span_ns":4096.000,"event_status":0},{"layer":15,"cuda_span_ns":3072.000,"event_status":0},{"layer":29,"cuda_span_ns":3072.000,"event_status":0}],"cuda_sum_ns":10240.000}
{"schema":"riley.owned-graph-diagnostic.v1","kind":"read","capture_id":2,"replay_id":143,"host_read_bytes":98344,"host_read_ns":4624}
{"schema":"riley.owned-graph-diagnostic.v1","kind":"replay","capture_id":2,"replay_id":144,"position":142,"host_staging_bytes":98344,"event_setup_ns":439,"host_staging_ns":1570,"host_launch_ns":11034,"host_wait_ns":1936991,"cuda_graph_span_ns":1945376.039,"event_status":0,"launch_status":0,"completion_status":0}
{"schema":"riley.decode-operator-diagnostic.v1","kind":"operation","capture_id":2,"replay_id":144,"position":142,"operator":"rope_kv","launch_status":0,"completion_status":0,"intervals":[{"layer":0,"cuda_span_ns":4096.000,"event_status":0},{"layer":15,"cuda_span_ns":4096.000,"event_status":0},{"layer":29,"cuda_span_ns":3072.000,"event_status":0}],"cuda_sum_ns":11264.000}
{"schema":"riley.owned-graph-diagnostic.v1","kind":"read","capture_id":2,"replay_id":144,"host_read_bytes":98344,"host_read_ns":5033}
{"schema":"riley.owned-graph-diagnostic.v1","kind":"replay","capture_id":2,"replay_id":145,"position":143,"host_staging_bytes":98344,"event_setup_ns":357,"host_staging_ns":1589,"host_launch_ns":10795,"host_wait_ns":1926189,"cuda_graph_span_ns":1933920.026,"event_status":0,"launch_status":0,"completion_status":0}
{"schema":"riley.decode-operator-diagnostic.v1","kind":"operation","capture_id":2,"replay_id":145,"position":143,"operator":"rope_kv","launch_status":0,"completion_status":0,"intervals":[{"layer":0,"cuda_span_ns":3072.000,"event_status":0},{"layer":15,"cuda_span_ns":4096.000,"event_status":0},{"layer":29,"cuda_span_ns":3072.000,"event_status":0}],"cuda_sum_ns":10240.000}
{"schema":"riley.owned-graph-diagnostic.v1","kind":"read","capture_id":2,"replay_id":145,"host_read_bytes":98344,"host_read_ns":4752}
{"schema":"riley.owned-graph-diagnostic.v1","kind":"replay","capture_id":2,"replay_id":146,"position":144,"host_staging_bytes":98344,"event_setup_ns":469,"host_staging_ns":1569,"host_launch_ns":10922,"host_wait_ns":1993621,"cuda_graph_span_ns":2001951.933,"event_status":0,"launch_status":0,"completion_status":0}
{"schema":"riley.decode-operator-diagnostic.v1","kind":"operation","capture_id":2,"replay_id":146,"position":144,"operator":"rope_kv","launch_status":0,"completion_status":0,"intervals":[{"layer":0,"cuda_span_ns":3072.000,"event_status":0},{"layer":15,"cuda_span_ns":4096.000,"event_status":0},{"layer":29,"cuda_span_ns":3072.000,"event_status":0}],"cuda_sum_ns":10240.000}
{"schema":"riley.owned-graph-diagnostic.v1","kind":"read","capture_id":2,"replay_id":146,"host_read_bytes":98344,"host_read_ns":4961}
{"schema":"riley.owned-graph-diagnostic.v1","kind":"replay","capture_id":2,"replay_id":147,"position":145,"host_staging_bytes":98344,"event_setup_ns":478,"host_staging_ns":1560,"host_launch_ns":11035,"host_wait_ns":2000360,"cuda_graph_span_ns":2008831.978,"event_status":0,"launch_status":0,"completion_status":0}
{"schema":"riley.decode-operator-diagnostic.v1","kind":"operation","capture_id":2,"replay_id":147,"position":145,"operator":"rope_kv","launch_status":0,"completion_status":0,"intervals":[{"layer":0,"cuda_span_ns":3072.000,"event_status":0},{"layer":15,"cuda_span_ns":4096.000,"event_status":0},{"layer":29,"cuda_span_ns":3072.000,"event_status":0}],"cuda_sum_ns":10240.000}
{"schema":"riley.owned-graph-diagnostic.v1","kind":"read","capture_id":2,"replay_id":147,"host_read_bytes":98344,"host_read_ns":5145}
{"schema":"riley.owned-graph-diagnostic.v1","kind":"replay","capture_id":2,"replay_id":148,"position":146,"host_staging_bytes":98344,"event_setup_ns":468,"host_staging_ns":1563,"host_launch_ns":11029,"host_wait_ns":2002083,"cuda_graph_span_ns":2010560.036,"event_status":0,"launch_status":0,"completion_status":0}
{"schema":"riley.decode-operator-diagnostic.v1","kind":"operation","capture_id":2,"replay_id":148,"position":146,"operator":"rope_kv","launch_status":0,"completion_status":0,"intervals":[{"layer":0,"cuda_span_ns":4096.000,"event_status":0},{"layer":15,"cuda_span_ns":3072.000,"event_status":0},{"layer":29,"cuda_span_ns":4096.000,"event_status":0}],"cuda_sum_ns":11264.000}
{"schema":"riley.owned-graph-diagnostic.v1","kind":"read","capture_id":2,"replay_id":148,"host_read_bytes":98344,"host_read_ns":4630}
{"schema":"riley.owned-graph-diagnostic.v1","kind":"replay","capture_id":2,"replay_id":149,"position":147,"host_staging_bytes":98344,"event_setup_ns":407,"host_staging_ns":1594,"host_launch_ns":11592,"host_wait_ns":2002142,"cuda_graph_span_ns":2011071.920,"event_status":0,"launch_status":0,"completion_status":0}
{"schema":"riley.decode-operator-diagnostic.v1","kind":"operation","capture_id":2,"replay_id":149,"position":147,"operator":"rope_kv","launch_status":0,"completion_status":0,"intervals":[{"layer":0,"cuda_span_ns":4096.000,"event_status":0},{"layer":15,"cuda_span_ns":4096.000,"event_status":0},{"layer":29,"cuda_span_ns":3072.000,"event_status":0}],"cuda_sum_ns":11264.000}
{"schema":"riley.owned-graph-diagnostic.v1","kind":"read","capture_id":2,"replay_id":149,"host_read_bytes":98344,"host_read_ns":4886}
{"schema":"riley.owned-graph-diagnostic.v1","kind":"replay","capture_id":2,"replay_id":150,"position":148,"host_staging_bytes":98344,"event_setup_ns":399,"host_staging_ns":1562,"host_launch_ns":10998,"host_wait_ns":2008997,"cuda_graph_span_ns":2017280.102,"event_status":0,"launch_status":0,"completion_status":0}
{"schema":"riley.decode-operator-diagnostic.v1","kind":"operation","capture_id":2,"replay_id":150,"position":148,"operator":"rope_kv","launch_status":0,"completion_status":0,"intervals":[{"layer":0,"cuda_span_ns":3072.000,"event_status":0},{"layer":15,"cuda_span_ns":3072.000,"event_status":0},{"layer":29,"cuda_span_ns":3072.000,"event_status":0}],"cuda_sum_ns":9216.000}
{"schema":"riley.owned-graph-diagnostic.v1","kind":"read","capture_id":2,"replay_id":150,"host_read_bytes":98344,"host_read_ns":5146}
{"schema":"riley.owned-graph-diagnostic.v1","kind":"replay","capture_id":2,"replay_id":151,"position":149,"host_staging_bytes":98344,"event_setup_ns":418,"host_staging_ns":1589,"host_launch_ns":11182,"host_wait_ns":2009269,"cuda_graph_span_ns":2017663.956,"event_status":0,"launch_status":0,"completion_status":0}
{"schema":"riley.decode-operator-diagnostic.v1","kind":"operation","capture_id":2,"replay_id":151,"position":149,"operator":"rope_kv","launch_status":0,"completion_status":0,"intervals":[{"layer":0,"cuda_span_ns":4096.000,"event_status":0},{"layer":15,"cuda_span_ns":4096.000,"event_status":0},{"layer":29,"cuda_span_ns":3072.000,"event_status":0}],"cuda_sum_ns":11264.000}
{"schema":"riley.owned-graph-diagnostic.v1","kind":"read","capture_id":2,"replay_id":151,"host_read_bytes":98344,"host_read_ns":4947}
{"schema":"riley.owned-graph-diagnostic.v1","kind":"replay","capture_id":2,"replay_id":152,"position":150,"host_staging_bytes":98344,"event_setup_ns":565,"host_staging_ns":1547,"host_launch_ns":11185,"host_wait_ns":2010489,"cuda_graph_span_ns":2019072.056,"event_status":0,"launch_status":0,"completion_status":0}
{"schema":"riley.decode-operator-diagnostic.v1","kind":"operation","capture_id":2,"replay_id":152,"position":150,"operator":"rope_kv","launch_status":0,"completion_status":0,"intervals":[{"layer":0,"cuda_span_ns":4096.000,"event_status":0},{"layer":15,"cuda_span_ns":4096.000,"event_status":0},{"layer":29,"cuda_span_ns":3072.000,"event_status":0}],"cuda_sum_ns":11264.000}
{"schema":"riley.owned-graph-diagnostic.v1","kind":"read","capture_id":2,"replay_id":152,"host_read_bytes":98344,"host_read_ns":4815}
{"schema":"riley.owned-graph-diagnostic.v1","kind":"replay","capture_id":2,"replay_id":153,"position":151,"host_staging_bytes":98344,"event_setup_ns":458,"host_staging_ns":1624,"host_launch_ns":11483,"host_wait_ns":2003221,"cuda_graph_span_ns":2011967.897,"event_status":0,"launch_status":0,"completion_status":0}
{"schema":"riley.decode-operator-diagnostic.v1","kind":"operation","capture_id":2,"replay_id":153,"position":151,"operator":"rope_kv","launch_status":0,"completion_status":0,"intervals":[{"layer":0,"cuda_span_ns":4096.000,"event_status":0},{"layer":15,"cuda_span_ns":3072.000,"event_status":0},{"layer":29,"cuda_span_ns":3072.000,"event_status":0}],"cuda_sum_ns":10240.000}
{"schema":"riley.owned-graph-diagnostic.v1","kind":"read","capture_id":2,"replay_id":153,"host_read_bytes":98344,"host_read_ns":4895}
{"schema":"riley.owned-graph-diagnostic.v1","kind":"replay","capture_id":2,"replay_id":154,"position":152,"host_staging_bytes":98344,"event_setup_ns":710,"host_staging_ns":1665,"host_launch_ns":11106,"host_wait_ns":2041846,"cuda_graph_span_ns":2050496.101,"event_status":0,"launch_status":0,"completion_status":0}
{"schema":"riley.decode-operator-diagnostic.v1","kind":"operation","capture_id":2,"replay_id":154,"position":152,"operator":"rope_kv","launch_status":0,"completion_status":0,"intervals":[{"layer":0,"cuda_span_ns":4096.000,"event_status":0},{"layer":15,"cuda_span_ns":3072.000,"event_status":0},{"layer":29,"cuda_span_ns":3072.000,"event_status":0}],"cuda_sum_ns":10240.000}
{"schema":"riley.owned-graph-diagnostic.v1","kind":"read","capture_id":2,"replay_id":154,"host_read_bytes":98344,"host_read_ns":4722}
{"schema":"riley.owned-graph-diagnostic.v1","kind":"replay","capture_id":2,"replay_id":155,"position":153,"host_staging_bytes":98344,"event_setup_ns":408,"host_staging_ns":1556,"host_launch_ns":11027,"host_wait_ns":2058738,"cuda_graph_span_ns":2067167.997,"event_status":0,"launch_status":0,"completion_status":0}
{"schema":"riley.decode-operator-diagnostic.v1","kind":"operation","capture_id":2,"replay_id":155,"position":153,"operator":"rope_kv","launch_status":0,"completion_status":0,"intervals":[{"layer":0,"cuda_span_ns":3072.000,"event_status":0},{"layer":15,"cuda_span_ns":3072.000,"event_status":0},{"layer":29,"cuda_span_ns":3072.000,"event_status":0}],"cuda_sum_ns":9216.000}
{"schema":"riley.owned-graph-diagnostic.v1","kind":"read","capture_id":2,"replay_id":155,"host_read_bytes":98344,"host_read_ns":4971}
{"schema":"riley.owned-graph-diagnostic.v1","kind":"replay","capture_id":2,"replay_id":156,"position":154,"host_staging_bytes":98344,"event_setup_ns":392,"host_staging_ns":1574,"host_launch_ns":11173,"host_wait_ns":2057312,"cuda_graph_span_ns":2065727.949,"event_status":0,"launch_status":0,"completion_status":0}
{"schema":"riley.decode-operator-diagnostic.v1","kind":"operation","capture_id":2,"replay_id":156,"position":154,"operator":"rope_kv","launch_status":0,"completion_status":0,"intervals":[{"layer":0,"cuda_span_ns":4096.000,"event_status":0},{"layer":15,"cuda_span_ns":3072.000,"event_status":0},{"layer":29,"cuda_span_ns":3072.000,"event_status":0}],"cuda_sum_ns":10240.000}
{"schema":"riley.owned-graph-diagnostic.v1","kind":"read","capture_id":2,"replay_id":156,"host_read_bytes":98344,"host_read_ns":4877}
{"schema":"riley.owned-graph-diagnostic.v1","kind":"replay","capture_id":2,"replay_id":157,"position":155,"host_staging_bytes":98344,"event_setup_ns":415,"host_staging_ns":1554,"host_launch_ns":11059,"host_wait_ns":2058381,"cuda_graph_span_ns":2066656.113,"event_status":0,"launch_status":0,"completion_status":0}
{"schema":"riley.decode-operator-diagnostic.v1","kind":"operation","capture_id":2,"replay_id":157,"position":155,"operator":"rope_kv","launch_status":0,"completion_status":0,"intervals":[{"layer":0,"cuda_span_ns":4096.000,"event_status":0},{"layer":15,"cuda_span_ns":3072.000,"event_status":0},{"layer":29,"cuda_span_ns":3072.000,"event_status":0}],"cuda_sum_ns":10240.000}
{"schema":"riley.owned-graph-diagnostic.v1","kind":"read","capture_id":2,"replay_id":157,"host_read_bytes":98344,"host_read_ns":5005}
{"schema":"riley.owned-graph-diagnostic.v1","kind":"replay","capture_id":2,"replay_id":158,"position":156,"host_staging_bytes":98344,"event_setup_ns":314,"host_staging_ns":1559,"host_launch_ns":10834,"host_wait_ns":2059383,"cuda_graph_span_ns":2067424.059,"event_status":0,"launch_status":0,"completion_status":0}
{"schema":"riley.decode-operator-diagnostic.v1","kind":"operation","capture_id":2,"replay_id":158,"position":156,"operator":"rope_kv","launch_status":0,"completion_status":0,"intervals":[{"layer":0,"cuda_span_ns":4096.000,"event_status":0},{"layer":15,"cuda_span_ns":3072.000,"event_status":0},{"layer":29,"cuda_span_ns":3072.000,"event_status":0}],"cuda_sum_ns":10240.000}
{"schema":"riley.owned-graph-diagnostic.v1","kind":"read","capture_id":2,"replay_id":158,"host_read_bytes":98344,"host_read_ns":4619}
{"schema":"riley.owned-graph-diagnostic.v1","kind":"replay","capture_id":2,"replay_id":159,"position":157,"host_staging_bytes":98344,"event_setup_ns":431,"host_staging_ns":1535,"host_launch_ns":12168,"host_wait_ns":2061232,"cuda_graph_span_ns":2070559.978,"event_status":0,"launch_status":0,"completion_status":0}
{"schema":"riley.decode-operator-diagnostic.v1","kind":"operation","capture_id":2,"replay_id":159,"position":157,"operator":"rope_kv","launch_status":0,"completion_status":0,"intervals":[{"layer":0,"cuda_span_ns":3072.000,"event_status":0},{"layer":15,"cuda_span_ns":4096.000,"event_status":0},{"layer":29,"cuda_span_ns":3072.000,"event_status":0}],"cuda_sum_ns":10240.000}
{"schema":"riley.owned-graph-diagnostic.v1","kind":"read","capture_id":2,"replay_id":159,"host_read_bytes":98344,"host_read_ns":4912}
{"schema":"riley.owned-graph-diagnostic.v1","kind":"replay","capture_id":2,"replay_id":160,"position":158,"host_staging_bytes":98344,"event_setup_ns":317,"host_staging_ns":1558,"host_launch_ns":10991,"host_wait_ns":2059833,"cuda_graph_span_ns":2068063.974,"event_status":0,"launch_status":0,"completion_status":0}
{"schema":"riley.decode-operator-diagnostic.v1","kind":"operation","capture_id":2,"replay_id":160,"position":158,"operator":"rope_kv","launch_status":0,"completion_status":0,"intervals":[{"layer":0,"cuda_span_ns":3072.000,"event_status":0},{"layer":15,"cuda_span_ns":3072.000,"event_status":0},{"layer":29,"cuda_span_ns":3072.000,"event_status":0}],"cuda_sum_ns":9216.000}
{"schema":"riley.owned-graph-diagnostic.v1","kind":"read","capture_id":2,"replay_id":160,"host_read_bytes":98344,"host_read_ns":4715}
{"schema":"riley.owned-graph-diagnostic.v1","kind":"replay","capture_id":1,"replay_id":161,"position":127,"host_staging_bytes":98344,"event_setup_ns":3477,"host_staging_ns":2042,"host_launch_ns":13948,"host_wait_ns":13668907,"cuda_graph_span_ns":13680000.305,"event_status":0,"launch_status":0,"completion_status":0}
{"schema":"riley.owned-graph-diagnostic.v1","kind":"read","capture_id":1,"replay_id":161,"host_read_bytes":98344,"host_read_ns":6460}
{"schema":"riley.owned-graph-diagnostic.v1","kind":"replay","capture_id":2,"replay_id":162,"position":128,"host_staging_bytes":98344,"event_setup_ns":694,"host_staging_ns":1818,"host_launch_ns":15846,"host_wait_ns":2195809,"cuda_graph_span_ns":2208672.047,"event_status":0,"launch_status":0,"completion_status":0}
{"schema":"riley.decode-operator-diagnostic.v1","kind":"operation","capture_id":2,"replay_id":162,"position":128,"operator":"rope_kv","launch_status":0,"completion_status":0,"intervals":[{"layer":0,"cuda_span_ns":4096.000,"event_status":0},{"layer":15,"cuda_span_ns":4096.000,"event_status":0},{"layer":29,"cuda_span_ns":3072.000,"event_status":0}],"cuda_sum_ns":11264.000}
{"schema":"riley.owned-graph-diagnostic.v1","kind":"read","capture_id":2,"replay_id":162,"host_read_bytes":98344,"host_read_ns":5020}
{"schema":"riley.owned-graph-diagnostic.v1","kind":"replay","capture_id":2,"replay_id":163,"position":129,"host_staging_bytes":98344,"event_setup_ns":445,"host_staging_ns":1595,"host_launch_ns":10804,"host_wait_ns":1878156,"cuda_graph_span_ns":1886304.021,"event_status":0,"launch_status":0,"completion_status":0}
{"schema":"riley.decode-operator-diagnostic.v1","kind":"operation","capture_id":2,"replay_id":163,"position":129,"operator":"rope_kv","launch_status":0,"completion_status":0,"intervals":[{"layer":0,"cuda_span_ns":4096.000,"event_status":0},{"layer":15,"cuda_span_ns":4096.000,"event_status":0},{"layer":29,"cuda_span_ns":3072.000,"event_status":0}],"cuda_sum_ns":11264.000}
{"schema":"riley.owned-graph-diagnostic.v1","kind":"read","capture_id":2,"replay_id":163,"host_read_bytes":98344,"host_read_ns":4842}
{"schema":"riley.owned-graph-diagnostic.v1","kind":"replay","capture_id":2,"replay_id":164,"position":130,"host_staging_bytes":98344,"event_setup_ns":385,"host_staging_ns":1562,"host_launch_ns":10755,"host_wait_ns":1879370,"cuda_graph_span_ns":1887488.008,"event_status":0,"launch_status":0,"completion_status":0}
{"schema":"riley.decode-operator-diagnostic.v1","kind":"operation","capture_id":2,"replay_id":164,"position":130,"operator":"rope_kv","launch_status":0,"completion_status":0,"intervals":[{"layer":0,"cuda_span_ns":3072.000,"event_status":0},{"layer":15,"cuda_span_ns":4096.000,"event_status":0},{"layer":29,"cuda_span_ns":3072.000,"event_status":0}],"cuda_sum_ns":10240.000}
{"schema":"riley.owned-graph-diagnostic.v1","kind":"read","capture_id":2,"replay_id":164,"host_read_bytes":98344,"host_read_ns":4666}
{"schema":"riley.owned-graph-diagnostic.v1","kind":"replay","capture_id":2,"replay_id":165,"position":131,"host_staging_bytes":98344,"event_setup_ns":364,"host_staging_ns":1591,"host_launch_ns":10913,"host_wait_ns":1878031,"cuda_graph_span_ns":1886240.005,"event_status":0,"launch_status":0,"completion_status":0}
{"schema":"riley.decode-operator-diagnostic.v1","kind":"operation","capture_id":2,"replay_id":165,"position":131,"operator":"rope_kv","launch_status":0,"completion_status":0,"intervals":[{"layer":0,"cuda_span_ns":4096.000,"event_status":0},{"layer":15,"cuda_span_ns":4096.000,"event_status":0},{"layer":29,"cuda_span_ns":3072.000,"event_status":0}],"cuda_sum_ns":11264.000}
{"schema":"riley.owned-graph-diagnostic.v1","kind":"read","capture_id":2,"replay_id":165,"host_read_bytes":98344,"host_read_ns":4398}
{"schema":"riley.owned-graph-diagnostic.v1","kind":"replay","capture_id":2,"replay_id":166,"position":132,"host_staging_bytes":98344,"event_setup_ns":439,"host_staging_ns":1582,"host_launch_ns":10876,"host_wait_ns":1876724,"cuda_graph_span_ns":1884832.025,"event_status":0,"launch_status":0,"completion_status":0}
{"schema":"riley.decode-operator-diagnostic.v1","kind":"operation","capture_id":2,"replay_id":166,"position":132,"operator":"rope_kv","launch_status":0,"completion_status":0,"intervals":[{"layer":0,"cuda_span_ns":4096.000,"event_status":0},{"layer":15,"cuda_span_ns":4096.000,"event_status":0},{"layer":29,"cuda_span_ns":3072.000,"event_status":0}],"cuda_sum_ns":11264.000}
{"schema":"riley.owned-graph-diagnostic.v1","kind":"read","capture_id":2,"replay_id":166,"host_read_bytes":98344,"host_read_ns":4697}
{"schema":"riley.owned-graph-diagnostic.v1","kind":"replay","capture_id":2,"replay_id":167,"position":133,"host_staging_bytes":98344,"event_setup_ns":369,"host_staging_ns":1571,"host_launch_ns":11200,"host_wait_ns":1886406,"cuda_graph_span_ns":1895104.051,"event_status":0,"launch_status":0,"completion_status":0}
{"schema":"riley.decode-operator-diagnostic.v1","kind":"operation","capture_id":2,"replay_id":167,"position":133,"operator":"rope_kv","launch_status":0,"completion_status":0,"intervals":[{"layer":0,"cuda_span_ns":4096.000,"event_status":0},{"layer":15,"cuda_span_ns":3072.000,"event_status":0},{"layer":29,"cuda_span_ns":3072.000,"event_status":0}],"cuda_sum_ns":10240.000}
{"schema":"riley.owned-graph-diagnostic.v1","kind":"read","capture_id":2,"replay_id":167,"host_read_bytes":98344,"host_read_ns":4752}
{"schema":"riley.owned-graph-diagnostic.v1","kind":"replay","capture_id":2,"replay_id":168,"position":134,"host_staging_bytes":98344,"event_setup_ns":355,"host_staging_ns":1572,"host_launch_ns":10920,"host_wait_ns":1876281,"cuda_graph_span_ns":1884480.000,"event_status":0,"launch_status":0,"completion_status":0}
{"schema":"riley.decode-operator-diagnostic.v1","kind":"operation","capture_id":2,"replay_id":168,"position":134,"operator":"rope_kv","launch_status":0,"completion_status":0,"intervals":[{"layer":0,"cuda_span_ns":4096.000,"event_status":0},{"layer":15,"cuda_span_ns":4096.000,"event_status":0},{"layer":29,"cuda_span_ns":3072.000,"event_status":0}],"cuda_sum_ns":11264.000}
{"schema":"riley.owned-graph-diagnostic.v1","kind":"read","capture_id":2,"replay_id":168,"host_read_bytes":98344,"host_read_ns":5260}
{"schema":"riley.owned-graph-diagnostic.v1","kind":"replay","capture_id":2,"replay_id":169,"position":135,"host_staging_bytes":98344,"event_setup_ns":391,"host_staging_ns":1575,"host_launch_ns":10633,"host_wait_ns":1877406,"cuda_graph_span_ns":1885472.059,"event_status":0,"launch_status":0,"completion_status":0}
{"schema":"riley.decode-operator-diagnostic.v1","kind":"operation","capture_id":2,"replay_id":169,"position":135,"operator":"rope_kv","launch_status":0,"completion_status":0,"intervals":[{"layer":0,"cuda_span_ns":4096.000,"event_status":0},{"layer":15,"cuda_span_ns":3072.000,"event_status":0},{"layer":29,"cuda_span_ns":3072.000,"event_status":0}],"cuda_sum_ns":10240.000}
{"schema":"riley.owned-graph-diagnostic.v1","kind":"read","capture_id":2,"replay_id":169,"host_read_bytes":98344,"host_read_ns":4810}
{"schema":"riley.owned-graph-diagnostic.v1","kind":"replay","capture_id":2,"replay_id":170,"position":136,"host_staging_bytes":98344,"event_setup_ns":357,"host_staging_ns":1563,"host_launch_ns":10758,"host_wait_ns":1921745,"cuda_graph_span_ns":1929728.031,"event_status":0,"launch_status":0,"completion_status":0}
{"schema":"riley.decode-operator-diagnostic.v1","kind":"operation","capture_id":2,"replay_id":170,"position":136,"operator":"rope_kv","launch_status":0,"completion_status":0,"intervals":[{"layer":0,"cuda_span_ns":4096.000,"event_status":0},{"layer":15,"cuda_span_ns":3072.000,"event_status":0},{"layer":29,"cuda_span_ns":3072.000,"event_status":0}],"cuda_sum_ns":10240.000}
{"schema":"riley.owned-graph-diagnostic.v1","kind":"read","capture_id":2,"replay_id":170,"host_read_bytes":98344,"host_read_ns":4442}
{"schema":"riley.owned-graph-diagnostic.v1","kind":"replay","capture_id":2,"replay_id":171,"position":137,"host_staging_bytes":98344,"event_setup_ns":337,"host_staging_ns":1568,"host_launch_ns":10973,"host_wait_ns":1929222,"cuda_graph_span_ns":1937600.017,"event_status":0,"launch_status":0,"completion_status":0}
{"schema":"riley.decode-operator-diagnostic.v1","kind":"operation","capture_id":2,"replay_id":171,"position":137,"operator":"rope_kv","launch_status":0,"completion_status":0,"intervals":[{"layer":0,"cuda_span_ns":3072.000,"event_status":0},{"layer":15,"cuda_span_ns":3072.000,"event_status":0},{"layer":29,"cuda_span_ns":3072.000,"event_status":0}],"cuda_sum_ns":9216.000}
{"schema":"riley.owned-graph-diagnostic.v1","kind":"read","capture_id":2,"replay_id":171,"host_read_bytes":98344,"host_read_ns":4939}
{"schema":"riley.owned-graph-diagnostic.v1","kind":"replay","capture_id":2,"replay_id":172,"position":138,"host_staging_bytes":98344,"event_setup_ns":328,"host_staging_ns":1582,"host_launch_ns":10821,"host_wait_ns":1927812,"cuda_graph_span_ns":1935968.041,"event_status":0,"launch_status":0,"completion_status":0}
{"schema":"riley.decode-operator-diagnostic.v1","kind":"operation","capture_id":2,"replay_id":172,"position":138,"operator":"rope_kv","launch_status":0,"completion_status":0,"intervals":[{"layer":0,"cuda_span_ns":3072.000,"event_status":0},{"layer":15,"cuda_span_ns":4096.000,"event_status":0},{"layer":29,"cuda_span_ns":3072.000,"event_status":0}],"cuda_sum_ns":10240.000}
{"schema":"riley.owned-graph-diagnostic.v1","kind":"read","capture_id":2,"replay_id":172,"host_read_bytes":98344,"host_read_ns":4134}
{"schema":"riley.owned-graph-diagnostic.v1","kind":"replay","capture_id":2,"replay_id":173,"position":139,"host_staging_bytes":98344,"event_setup_ns":449,"host_staging_ns":1581,"host_launch_ns":10818,"host_wait_ns":1927825,"cuda_graph_span_ns":1935871.959,"event_status":0,"launch_status":0,"completion_status":0}
{"schema":"riley.decode-operator-diagnostic.v1","kind":"operation","capture_id":2,"replay_id":173,"position":139,"operator":"rope_kv","launch_status":0,"completion_status":0,"intervals":[{"layer":0,"cuda_span_ns":3072.000,"event_status":0},{"layer":15,"cuda_span_ns":3072.000,"event_status":0},{"layer":29,"cuda_span_ns":3072.000,"event_status":0}],"cuda_sum_ns":9216.000}
{"schema":"riley.owned-graph-diagnostic.v1","kind":"read","capture_id":2,"replay_id":173,"host_read_bytes":98344,"host_read_ns":5044}
{"schema":"riley.owned-graph-diagnostic.v1","kind":"replay","capture_id":2,"replay_id":174,"position":140,"host_staging_bytes":98344,"event_setup_ns":356,"host_staging_ns":1588,"host_launch_ns":11040,"host_wait_ns":1936561,"cuda_graph_span_ns":1944767.952,"event_status":0,"launch_status":0,"completion_status":0}
{"schema":"riley.decode-operator-diagnostic.v1","kind":"operation","capture_id":2,"replay_id":174,"position":140,"operator":"rope_kv","launch_status":0,"completion_status":0,"intervals":[{"layer":0,"cuda_span_ns":4096.000,"event_status":0},{"layer":15,"cuda_span_ns":4096.000,"event_status":0},{"layer":29,"cuda_span_ns":3072.000,"event_status":0}],"cuda_sum_ns":11264.000}
{"schema":"riley.owned-graph-diagnostic.v1","kind":"read","capture_id":2,"replay_id":174,"host_read_bytes":98344,"host_read_ns":4590}
{"schema":"riley.owned-graph-diagnostic.v1","kind":"replay","capture_id":2,"replay_id":175,"position":141,"host_staging_bytes":98344,"event_setup_ns":359,"host_staging_ns":1559,"host_launch_ns":10949,"host_wait_ns":1936125,"cuda_graph_span_ns":1944543.958,"event_status":0,"launch_status":0,"completion_status":0}
{"schema":"riley.decode-operator-diagnostic.v1","kind":"operation","capture_id":2,"replay_id":175,"position":141,"operator":"rope_kv","launch_status":0,"completion_status":0,"intervals":[{"layer":0,"cuda_span_ns":3072.000,"event_status":0},{"layer":15,"cuda_span_ns":3072.000,"event_status":0},{"layer":29,"cuda_span_ns":3072.000,"event_status":0}],"cuda_sum_ns":9216.000}
{"schema":"riley.owned-graph-diagnostic.v1","kind":"read","capture_id":2,"replay_id":175,"host_read_bytes":98344,"host_read_ns":4402}
{"schema":"riley.owned-graph-diagnostic.v1","kind":"replay","capture_id":2,"replay_id":176,"position":142,"host_staging_bytes":98344,"event_setup_ns":376,"host_staging_ns":1568,"host_launch_ns":10922,"host_wait_ns":1929398,"cuda_graph_span_ns":1937759.995,"event_status":0,"launch_status":0,"completion_status":0}
{"schema":"riley.decode-operator-diagnostic.v1","kind":"operation","capture_id":2,"replay_id":176,"position":142,"operator":"rope_kv","launch_status":0,"completion_status":0,"intervals":[{"layer":0,"cuda_span_ns":3072.000,"event_status":0},{"layer":15,"cuda_span_ns":4096.000,"event_status":0},{"layer":29,"cuda_span_ns":3072.000,"event_status":0}],"cuda_sum_ns":10240.000}
{"schema":"riley.owned-graph-diagnostic.v1","kind":"read","capture_id":2,"replay_id":176,"host_read_bytes":98344,"host_read_ns":4624}
{"schema":"riley.owned-graph-diagnostic.v1","kind":"replay","capture_id":2,"replay_id":177,"position":143,"host_staging_bytes":98344,"event_setup_ns":552,"host_staging_ns":1577,"host_launch_ns":10503,"host_wait_ns":1926704,"cuda_graph_span_ns":1934239.984,"event_status":0,"launch_status":0,"completion_status":0}
{"schema":"riley.decode-operator-diagnostic.v1","kind":"operation","capture_id":2,"replay_id":177,"position":143,"operator":"rope_kv","launch_status":0,"completion_status":0,"intervals":[{"layer":0,"cuda_span_ns":3072.000,"event_status":0},{"layer":15,"cuda_span_ns":4096.000,"event_status":0},{"layer":29,"cuda_span_ns":3072.000,"event_status":0}],"cuda_sum_ns":10240.000}
{"schema":"riley.owned-graph-diagnostic.v1","kind":"read","capture_id":2,"replay_id":177,"host_read_bytes":98344,"host_read_ns":4378}
{"schema":"riley.owned-graph-diagnostic.v1","kind":"replay","capture_id":2,"replay_id":178,"position":144,"host_staging_bytes":98344,"event_setup_ns":372,"host_staging_ns":1584,"host_launch_ns":10859,"host_wait_ns":1993266,"cuda_graph_span_ns":2001440.048,"event_status":0,"launch_status":0,"completion_status":0}
{"schema":"riley.decode-operator-diagnostic.v1","kind":"operation","capture_id":2,"replay_id":178,"position":144,"operator":"rope_kv","launch_status":0,"completion_status":0,"intervals":[{"layer":0,"cuda_span_ns":4096.000,"event_status":0},{"layer":15,"cuda_span_ns":4096.000,"event_status":0},{"layer":29,"cuda_span_ns":3072.000,"event_status":0}],"cuda_sum_ns":11264.000}
{"schema":"riley.owned-graph-diagnostic.v1","kind":"read","capture_id":2,"replay_id":178,"host_read_bytes":98344,"host_read_ns":4631}
{"schema":"riley.owned-graph-diagnostic.v1","kind":"replay","capture_id":2,"replay_id":179,"position":145,"host_staging_bytes":98344,"event_setup_ns":592,"host_staging_ns":1562,"host_launch_ns":10908,"host_wait_ns":2000210,"cuda_graph_span_ns":2008703.947,"event_status":0,"launch_status":0,"completion_status":0}
{"schema":"riley.decode-operator-diagnostic.v1","kind":"operation","capture_id":2,"replay_id":179,"position":145,"operator":"rope_kv","launch_status":0,"completion_status":0,"intervals":[{"layer":0,"cuda_span_ns":4096.000,"event_status":0},{"layer":15,"cuda_span_ns":3072.000,"event_status":0},{"layer":29,"cuda_span_ns":3072.000,"event_status":0}],"cuda_sum_ns":10240.000}
{"schema":"riley.owned-graph-diagnostic.v1","kind":"read","capture_id":2,"replay_id":179,"host_read_bytes":98344,"host_read_ns":4369}
{"schema":"riley.owned-graph-diagnostic.v1","kind":"replay","capture_id":2,"replay_id":180,"position":146,"host_staging_bytes":98344,"event_setup_ns":386,"host_staging_ns":1545,"host_launch_ns":11245,"host_wait_ns":2001485,"cuda_graph_span_ns":2010143.995,"event_status":0,"launch_status":0,"completion_status":0}
{"schema":"riley.decode-operator-diagnostic.v1","kind":"operation","capture_id":2,"replay_id":180,"position":146,"operator":"rope_kv","launch_status":0,"completion_status":0,"intervals":[{"layer":0,"cuda_span_ns":3072.000,"event_status":0},{"layer":15,"cuda_span_ns":4096.000,"event_status":0},{"layer":29,"cuda_span_ns":3072.000,"event_status":0}],"cuda_sum_ns":10240.000}
{"schema":"riley.owned-graph-diagnostic.v1","kind":"read","capture_id":2,"replay_id":180,"host_read_bytes":98344,"host_read_ns":4766}
{"schema":"riley.owned-graph-diagnostic.v1","kind":"replay","capture_id":2,"replay_id":181,"position":147,"host_staging_bytes":98344,"event_setup_ns":543,"host_staging_ns":1561,"host_launch_ns":10671,"host_wait_ns":2009673,"cuda_graph_span_ns":2017535.925,"event_status":0,"launch_status":0,"completion_status":0}
{"schema":"riley.decode-operator-diagnostic.v1","kind":"operation","capture_id":2,"replay_id":181,"position":147,"operator":"rope_kv","launch_status":0,"completion_status":0,"intervals":[{"layer":0,"cuda_span_ns":3072.000,"event_status":0},{"layer":15,"cuda_span_ns":3072.000,"event_status":0},{"layer":29,"cuda_span_ns":3072.000,"event_status":0}],"cuda_sum_ns":9216.000}
{"schema":"riley.owned-graph-diagnostic.v1","kind":"read","capture_id":2,"replay_id":181,"host_read_bytes":98344,"host_read_ns":4686}
{"schema":"riley.owned-graph-diagnostic.v1","kind":"replay","capture_id":2,"replay_id":182,"position":148,"host_staging_bytes":98344,"event_setup_ns":429,"host_staging_ns":1540,"host_launch_ns":10835,"host_wait_ns":2002994,"cuda_graph_span_ns":2011327.982,"event_status":0,"launch_status":0,"completion_status":0}
{"schema":"riley.decode-operator-diagnostic.v1","kind":"operation","capture_id":2,"replay_id":182,"position":148,"operator":"rope_kv","launch_status":0,"completion_status":0,"intervals":[{"layer":0,"cuda_span_ns":3072.000,"event_status":0},{"layer":15,"cuda_span_ns":3072.000,"event_status":0},{"layer":29,"cuda_span_ns":3072.000,"event_status":0}],"cuda_sum_ns":9216.000}
{"schema":"riley.owned-graph-diagnostic.v1","kind":"read","capture_id":2,"replay_id":182,"host_read_bytes":98344,"host_read_ns":4742}
{"schema":"riley.owned-graph-diagnostic.v1","kind":"replay","capture_id":2,"replay_id":183,"position":149,"host_staging_bytes":98344,"event_setup_ns":394,"host_staging_ns":1569,"host_launch_ns":10969,"host_wait_ns":2010498,"cuda_graph_span_ns":2018879.890,"event_status":0,"launch_status":0,"completion_status":0}
{"schema":"riley.decode-operator-diagnostic.v1","kind":"operation","capture_id":2,"replay_id":183,"position":149,"operator":"rope_kv","launch_status":0,"completion_status":0,"intervals":[{"layer":0,"cuda_span_ns":3072.000,"event_status":0},{"layer":15,"cuda_span_ns":3072.000,"event_status":0},{"layer":29,"cuda_span_ns":3072.000,"event_status":0}],"cuda_sum_ns":9216.000}
{"schema":"riley.owned-graph-diagnostic.v1","kind":"read","capture_id":2,"replay_id":183,"host_read_bytes":98344,"host_read_ns":4426}
{"schema":"riley.owned-graph-diagnostic.v1","kind":"replay","capture_id":2,"replay_id":184,"position":150,"host_staging_bytes":98344,"event_setup_ns":338,"host_staging_ns":1547,"host_launch_ns":11221,"host_wait_ns":2007406,"cuda_graph_span_ns":2015808.105,"event_status":0,"launch_status":0,"completion_status":0}
{"schema":"riley.decode-operator-diagnostic.v1","kind":"operation","capture_id":2,"replay_id":184,"position":150,"operator":"rope_kv","launch_status":0,"completion_status":0,"intervals":[{"layer":0,"cuda_span_ns":3072.000,"event_status":0},{"layer":15,"cuda_span_ns":3072.000,"event_status":0},{"layer":29,"cuda_span_ns":3072.000,"event_status":0}],"cuda_sum_ns":9216.000}
{"schema":"riley.owned-graph-diagnostic.v1","kind":"read","capture_id":2,"replay_id":184,"host_read_bytes":98344,"host_read_ns":4811}
{"schema":"riley.owned-graph-diagnostic.v1","kind":"replay","capture_id":2,"replay_id":185,"position":151,"host_staging_bytes":98344,"event_setup_ns":389,"host_staging_ns":1566,"host_launch_ns":11807,"host_wait_ns":2001282,"cuda_graph_span_ns":2010303.974,"event_status":0,"launch_status":0,"completion_status":0}
{"schema":"riley.decode-operator-diagnostic.v1","kind":"operation","capture_id":2,"replay_id":185,"position":151,"operator":"rope_kv","launch_status":0,"completion_status":0,"intervals":[{"layer":0,"cuda_span_ns":4096.000,"event_status":0},{"layer":15,"cuda_span_ns":4096.000,"event_status":0},{"layer":29,"cuda_span_ns":3072.000,"event_status":0}],"cuda_sum_ns":11264.000}
{"schema":"riley.owned-graph-diagnostic.v1","kind":"read","capture_id":2,"replay_id":185,"host_read_bytes":98344,"host_read_ns":4561}
{"schema":"riley.owned-graph-diagnostic.v1","kind":"replay","capture_id":2,"replay_id":186,"position":152,"host_staging_bytes":98344,"event_setup_ns":373,"host_staging_ns":1579,"host_launch_ns":11128,"host_wait_ns":2044273,"cuda_graph_span_ns":2052992.105,"event_status":0,"launch_status":0,"completion_status":0}
{"schema":"riley.decode-operator-diagnostic.v1","kind":"operation","capture_id":2,"replay_id":186,"position":152,"operator":"rope_kv","launch_status":0,"completion_status":0,"intervals":[{"layer":0,"cuda_span_ns":4096.000,"event_status":0},{"layer":15,"cuda_span_ns":3072.000,"event_status":0},{"layer":29,"cuda_span_ns":3072.000,"event_status":0}],"cuda_sum_ns":10240.000}
{"schema":"riley.owned-graph-diagnostic.v1","kind":"read","capture_id":2,"replay_id":186,"host_read_bytes":98344,"host_read_ns":4726}
{"schema":"riley.owned-graph-diagnostic.v1","kind":"replay","capture_id":2,"replay_id":187,"position":153,"host_staging_bytes":98344,"event_setup_ns":395,"host_staging_ns":1556,"host_launch_ns":10861,"host_wait_ns":2057682,"cuda_graph_span_ns":2066080.093,"event_status":0,"launch_status":0,"completion_status":0}
{"schema":"riley.decode-operator-diagnostic.v1","kind":"operation","capture_id":2,"replay_id":187,"position":153,"operator":"rope_kv","launch_status":0,"completion_status":0,"intervals":[{"layer":0,"cuda_span_ns":3072.000,"event_status":0},{"layer":15,"cuda_span_ns":4096.000,"event_status":0},{"layer":29,"cuda_span_ns":3072.000,"event_status":0}],"cuda_sum_ns":10240.000}
{"schema":"riley.owned-graph-diagnostic.v1","kind":"read","capture_id":2,"replay_id":187,"host_read_bytes":98344,"host_read_ns":4568}
{"schema":"riley.owned-graph-diagnostic.v1","kind":"replay","capture_id":2,"replay_id":188,"position":154,"host_staging_bytes":98344,"event_setup_ns":334,"host_staging_ns":1537,"host_launch_ns":10975,"host_wait_ns":2057631,"cuda_graph_span_ns":2066143.990,"event_status":0,"launch_status":0,"completion_status":0}
{"schema":"riley.decode-operator-diagnostic.v1","kind":"operation","capture_id":2,"replay_id":188,"position":154,"operator":"rope_kv","launch_status":0,"completion_status":0,"intervals":[{"layer":0,"cuda_span_ns":4096.000,"event_status":0},{"layer":15,"cuda_span_ns":4096.000,"event_status":0},{"layer":29,"cuda_span_ns":3072.000,"event_status":0}],"cuda_sum_ns":11264.000}
{"schema":"riley.owned-graph-diagnostic.v1","kind":"read","capture_id":2,"replay_id":188,"host_read_bytes":98344,"host_read_ns":4833}
{"schema":"riley.owned-graph-diagnostic.v1","kind":"replay","capture_id":2,"replay_id":189,"position":155,"host_staging_bytes":98344,"event_setup_ns":590,"host_staging_ns":1575,"host_launch_ns":10619,"host_wait_ns":2058028,"cuda_graph_span_ns":2065920.115,"event_status":0,"launch_status":0,"completion_status":0}
{"schema":"riley.decode-operator-diagnostic.v1","kind":"operation","capture_id":2,"replay_id":189,"position":155,"operator":"rope_kv","launch_status":0,"completion_status":0,"intervals":[{"layer":0,"cuda_span_ns":3072.000,"event_status":0},{"layer":15,"cuda_span_ns":3072.000,"event_status":0},{"layer":29,"cuda_span_ns":3072.000,"event_status":0}],"cuda_sum_ns":9216.000}
{"schema":"riley.owned-graph-diagnostic.v1","kind":"read","capture_id":2,"replay_id":189,"host_read_bytes":98344,"host_read_ns":4778}
{"schema":"riley.owned-graph-diagnostic.v1","kind":"replay","capture_id":2,"replay_id":190,"position":156,"host_staging_bytes":98344,"event_setup_ns":407,"host_staging_ns":1566,"host_launch_ns":10733,"host_wait_ns":2058164,"cuda_graph_span_ns":2066400.051,"event_status":0,"launch_status":0,"completion_status":0}
{"schema":"riley.decode-operator-diagnostic.v1","kind":"operation","capture_id":2,"replay_id":190,"position":156,"operator":"rope_kv","launch_status":0,"completion_status":0,"intervals":[{"layer":0,"cuda_span_ns":4096.000,"event_status":0},{"layer":15,"cuda_span_ns":3072.000,"event_status":0},{"layer":29,"cuda_span_ns":3072.000,"event_status":0}],"cuda_sum_ns":10240.000}
{"schema":"riley.owned-graph-diagnostic.v1","kind":"read","capture_id":2,"replay_id":190,"host_read_bytes":98344,"host_read_ns":4883}
{"schema":"riley.owned-graph-diagnostic.v1","kind":"replay","capture_id":2,"replay_id":191,"position":157,"host_staging_bytes":98344,"event_setup_ns":387,"host_staging_ns":1556,"host_launch_ns":10979,"host_wait_ns":2060101,"cuda_graph_span_ns":2068671.942,"event_status":0,"launch_status":0,"completion_status":0}
{"schema":"riley.decode-operator-diagnostic.v1","kind":"operation","capture_id":2,"replay_id":191,"position":157,"operator":"rope_kv","launch_status":0,"completion_status":0,"intervals":[{"layer":0,"cuda_span_ns":4096.000,"event_status":0},{"layer":15,"cuda_span_ns":3072.000,"event_status":0},{"layer":29,"cuda_span_ns":3072.000,"event_status":0}],"cuda_sum_ns":10240.000}
{"schema":"riley.owned-graph-diagnostic.v1","kind":"read","capture_id":2,"replay_id":191,"host_read_bytes":98344,"host_read_ns":4456}
{"schema":"riley.owned-graph-diagnostic.v1","kind":"replay","capture_id":2,"replay_id":192,"position":158,"host_staging_bytes":98344,"event_setup_ns":431,"host_staging_ns":1578,"host_launch_ns":11162,"host_wait_ns":2059236,"cuda_graph_span_ns":2067679.882,"event_status":0,"launch_status":0,"completion_status":0}
{"schema":"riley.decode-operator-diagnostic.v1","kind":"operation","capture_id":2,"replay_id":192,"position":158,"operator":"rope_kv","launch_status":0,"completion_status":0,"intervals":[{"layer":0,"cuda_span_ns":3072.000,"event_status":0},{"layer":15,"cuda_span_ns":3072.000,"event_status":0},{"layer":29,"cuda_span_ns":3072.000,"event_status":0}],"cuda_sum_ns":9216.000}
{"schema":"riley.owned-graph-diagnostic.v1","kind":"read","capture_id":2,"replay_id":192,"host_read_bytes":98344,"host_read_ns":4808}
riley graceful shutdown requested by SIGTERM
RILEY_GRAPH close replays=192
