0	0	0	2	2	960	576	0	/tmp/riley-opt-260912/multisequence-projection-probe-v2/fixtures/x-576-0-m2-a2.bf16	/tmp/riley-opt-260912/multisequence-projection-probe-v2/fixtures/w-00-qkv.bf16
1	0	0	4	4	960	576	0	/tmp/riley-opt-260912/multisequence-projection-probe-v2/fixtures/x-576-0-m4-a4.bf16	/tmp/riley-opt-260912/multisequence-projection-probe-v2/fixtures/w-00-qkv.bf16
2	0	0	4	3	960	576	0	/tmp/riley-opt-260912/multisequence-projection-probe-v2/fixtures/x-576-0-m4-a3.bf16	/tmp/riley-opt-260912/multisequence-projection-probe-v2/fixtures/w-00-qkv.bf16
3	0	0	2	2	960	576	1	/tmp/riley-opt-260912/multisequence-projection-probe-v2/fixtures/x-576-1-m2-a2.bf16	/tmp/riley-opt-260912/multisequence-projection-probe-v2/fixtures/w-00-qkv.bf16
4	0	0	4	4	960	576	1	/tmp/riley-opt-260912/multisequence-projection-probe-v2/fixtures/x-576-1-m4-a4.bf16	/tmp/riley-opt-260912/multisequence-projection-probe-v2/fixtures/w-00-qkv.bf16
5	0	0	4	3	960	576	1	/tmp/riley-opt-260912/multisequence-projection-probe-v2/fixtures/x-576-1-m4-a3.bf16	/tmp/riley-opt-260912/multisequence-projection-probe-v2/fixtures/w-00-qkv.bf16
6	0	0	2	2	960	576	2	/tmp/riley-opt-260912/multisequence-projection-probe-v2/fixtures/x-576-2-m2-a2.bf16	/tmp/riley-opt-260912/multisequence-projection-probe-v2/fixtures/w-00-qkv.bf16
7	0	0	4	4	960	576	2	/tmp/riley-opt-260912/multisequence-projection-probe-v2/fixtures/x-576-2-m4-a4.bf16	/tmp/riley-opt-260912/multisequence-projection-probe-v2/fixtures/w-00-qkv.bf16
8	0	0	4	3	960	576	2	/tmp/riley-opt-260912/multisequence-projection-probe-v2/fixtures/x-576-2-m4-a3.bf16	/tmp/riley-opt-260912/multisequence-projection-probe-v2/fixtures/w-00-qkv.bf16
9	0	1	2	2	3072	576	0	/tmp/riley-opt-260912/multisequence-projection-probe-v2/fixtures/x-576-0-m2-a2.bf16	/tmp/riley-opt-260912/multisequence-projection-probe-v2/fixtures/w-00-gate_up.bf16
10	0	1	4	4	3072	576	0	/tmp/riley-opt-260912/multisequence-projection-probe-v2/fixtures/x-576-0-m4-a4.bf16	/tmp/riley-opt-260912/multisequence-projection-probe-v2/fixtures/w-00-gate_up.bf16
11	0	1	4	3	3072	576	0	/tmp/riley-opt-260912/multisequence-projection-probe-v2/fixtures/x-576-0-m4-a3.bf16	/tmp/riley-opt-260912/multisequence-projection-probe-v2/fixtures/w-00-gate_up.bf16
12	0	1	2	2	3072	576	1	/tmp/riley-opt-260912/multisequence-projection-probe-v2/fixtures/x-576-1-m2-a2.bf16	/tmp/riley-opt-260912/multisequence-projection-probe-v2/fixtures/w-00-gate_up.bf16
13	0	1	4	4	3072	576	1	/tmp/riley-opt-260912/multisequence-projection-probe-v2/fixtures/x-576-1-m4-a4.bf16	/tmp/riley-opt-260912/multisequence-projection-probe-v2/fixtures/w-00-gate_up.bf16
14	0	1	4	3	3072	576	1	/tmp/riley-opt-260912/multisequence-projection-probe-v2/fixtures/x-576-1-m4-a3.bf16	/tmp/riley-opt-260912/multisequence-projection-probe-v2/fixtures/w-00-gate_up.bf16
15	0	1	2	2	3072	576	2	/tmp/riley-opt-260912/multisequence-projection-probe-v2/fixtures/x-576-2-m2-a2.bf16	/tmp/riley-opt-260912/multisequence-projection-probe-v2/fixtures/w-00-gate_up.bf16
16	0	1	4	4	3072	576	2	/tmp/riley-opt-260912/multisequence-projection-probe-v2/fixtures/x-576-2-m4-a4.bf16	/tmp/riley-opt-260912/multisequence-projection-probe-v2/fixtures/w-00-gate_up.bf16
17	0	1	4	3	3072	576	2	/tmp/riley-opt-260912/multisequence-projection-probe-v2/fixtures/x-576-2-m4-a3.bf16	/tmp/riley-opt-260912/multisequence-projection-probe-v2/fixtures/w-00-gate_up.bf16
18	0	2	2	2	576	576	0	/tmp/riley-opt-260912/multisequence-projection-probe-v2/fixtures/x-576-0-m2-a2.bf16	/tmp/riley-opt-260912/multisequence-projection-probe-v2/fixtures/w-00-o.bf16
19	0	2	4	4	576	576	0	/tmp/riley-opt-260912/multisequence-projection-probe-v2/fixtures/x-576-0-m4-a4.bf16	/tmp/riley-opt-260912/multisequence-projection-probe-v2/fixtures/w-00-o.bf16
20	0	2	4	3	576	576	0	/tmp/riley-opt-260912/multisequence-projection-probe-v2/fixtures/x-576-0-m4-a3.bf16	/tmp/riley-opt-260912/multisequence-projection-probe-v2/fixtures/w-00-o.bf16
21	0	2	2	2	576	576	1	/tmp/riley-opt-260912/multisequence-projection-probe-v2/fixtures/x-576-1-m2-a2.bf16	/tmp/riley-opt-260912/multisequence-projection-probe-v2/fixtures/w-00-o.bf16
22	0	2	4	4	576	576	1	/tmp/riley-opt-260912/multisequence-projection-probe-v2/fixtures/x-576-1-m4-a4.bf16	/tmp/riley-opt-260912/multisequence-projection-probe-v2/fixtures/w-00-o.bf16
23	0	2	4	3	576	576	1	/tmp/riley-opt-260912/multisequence-projection-probe-v2/fixtures/x-576-1-m4-a3.bf16	/tmp/riley-opt-260912/multisequence-projection-probe-v2/fixtures/w-00-o.bf16
24	0	2	2	2	576	576	2	/tmp/riley-opt-260912/multisequence-projection-probe-v2/fixtures/x-576-2-m2-a2.bf16	/tmp/riley-opt-260912/multisequence-projection-probe-v2/fixtures/w-00-o.bf16
25	0	2	4	4	576	576	2	/tmp/riley-opt-260912/multisequence-projection-probe-v2/fixtures/x-576-2-m4-a4.bf16	/tmp/riley-opt-260912/multisequence-projection-probe-v2/fixtures/w-00-o.bf16
26	0	2	4	3	576	576	2	/tmp/riley-opt-260912/multisequence-projection-probe-v2/fixtures/x-576-2-m4-a3.bf16	/tmp/riley-opt-260912/multisequence-projection-probe-v2/fixtures/w-00-o.bf16
27	0	3	2	2	576	1536	0	/tmp/riley-opt-260912/multisequence-projection-probe-v2/fixtures/x-1536-0-m2-a2.bf16	/tmp/riley-opt-260912/multisequence-projection-probe-v2/fixtures/w-00-down.bf16
28	0	3	4	4	576	1536	0	/tmp/riley-opt-260912/multisequence-projection-probe-v2/fixtures/x-1536-0-m4-a4.bf16	/tmp/riley-opt-260912/multisequence-projection-probe-v2/fixtures/w-00-down.bf16
29	0	3	4	3	576	1536	0	/tmp/riley-opt-260912/multisequence-projection-probe-v2/fixtures/x-1536-0-m4-a3.bf16	/tmp/riley-opt-260912/multisequence-projection-probe-v2/fixtures/w-00-down.bf16
30	0	3	2	2	576	1536	1	/tmp/riley-opt-260912/multisequence-projection-probe-v2/fixtures/x-1536-1-m2-a2.bf16	/tmp/riley-opt-260912/multisequence-projection-probe-v2/fixtures/w-00-down.bf16
31	0	3	4	4	576	1536	1	/tmp/riley-opt-260912/multisequence-projection-probe-v2/fixtures/x-1536-1-m4-a4.bf16	/tmp/riley-opt-260912/multisequence-projection-probe-v2/fixtures/w-00-down.bf16
32	0	3	4	3	576	1536	1	/tmp/riley-opt-260912/multisequence-projection-probe-v2/fixtures/x-1536-1-m4-a3.bf16	/tmp/riley-opt-260912/multisequence-projection-probe-v2/fixtures/w-00-down.bf16
33	0	3	2	2	576	1536	2	/tmp/riley-opt-260912/multisequence-projection-probe-v2/fixtures/x-1536-2-m2-a2.bf16	/tmp/riley-opt-260912/multisequence-projection-probe-v2/fixtures/w-00-down.bf16
34	0	3	4	4	576	1536	2	/tmp/riley-opt-260912/multisequence-projection-probe-v2/fixtures/x-1536-2-m4-a4.bf16	/tmp/riley-opt-260912/multisequence-projection-probe-v2/fixtures/w-00-down.bf16
35	0	3	4	3	576	1536	2	/tmp/riley-opt-260912/multisequence-projection-probe-v2/fixtures/x-1536-2-m4-a3.bf16	/tmp/riley-opt-260912/multisequence-projection-probe-v2/fixtures/w-00-down.bf16
36	1	0	2	2	960	576	0	/tmp/riley-opt-260912/multisequence-projection-probe-v2/fixtures/x-576-0-m2-a2.bf16	/tmp/riley-opt-260912/multisequence-projection-probe-v2/fixtures/w-01-qkv.bf16
37	1	0	4	4	960	576	0	/tmp/riley-opt-260912/multisequence-projection-probe-v2/fixtures/x-576-0-m4-a4.bf16	/tmp/riley-opt-260912/multisequence-projection-probe-v2/fixtures/w-01-qkv.bf16
38	1	0	4	3	960	576	0	/tmp/riley-opt-260912/multisequence-projection-probe-v2/fixtures/x-576-0-m4-a3.bf16	/tmp/riley-opt-260912/multisequence-projection-probe-v2/fixtures/w-01-qkv.bf16
39	1	0	2	2	960	576	1	/tmp/riley-opt-260912/multisequence-projection-probe-v2/fixtures/x-576-1-m2-a2.bf16	/tmp/riley-opt-260912/multisequence-projection-probe-v2/fixtures/w-01-qkv.bf16
40	1	0	4	4	960	576	1	/tmp/riley-opt-260912/multisequence-projection-probe-v2/fixtures/x-576-1-m4-a4.bf16	/tmp/riley-opt-260912/multisequence-projection-probe-v2/fixtures/w-01-qkv.bf16
41	1	0	4	3	960	576	1	/tmp/riley-opt-260912/multisequence-projection-probe-v2/fixtures/x-576-1-m4-a3.bf16	/tmp/riley-opt-260912/multisequence-projection-probe-v2/fixtures/w-01-qkv.bf16
42	1	0	2	2	960	576	2	/tmp/riley-opt-260912/multisequence-projection-probe-v2/fixtures/x-576-2-m2-a2.bf16	/tmp/riley-opt-260912/multisequence-projection-probe-v2/fixtures/w-01-qkv.bf16
43	1	0	4	4	960	576	2	/tmp/riley-opt-260912/multisequence-projection-probe-v2/fixtures/x-576-2-m4-a4.bf16	/tmp/riley-opt-260912/multisequence-projection-probe-v2/fixtures/w-01-qkv.bf16
44	1	0	4	3	960	576	2	/tmp/riley-opt-260912/multisequence-projection-probe-v2/fixtures/x-576-2-m4-a3.bf16	/tmp/riley-opt-260912/multisequence-projection-probe-v2/fixtures/w-01-qkv.bf16
45	1	1	2	2	3072	576	0	/tmp/riley-opt-260912/multisequence-projection-probe-v2/fixtures/x-576-0-m2-a2.bf16	/tmp/riley-opt-260912/multisequence-projection-probe-v2/fixtures/w-01-gate_up.bf16
46	1	1	4	4	3072	576	0	/tmp/riley-opt-260912/multisequence-projection-probe-v2/fixtures/x-576-0-m4-a4.bf16	/tmp/riley-opt-260912/multisequence-projection-probe-v2/fixtures/w-01-gate_up.bf16
47	1	1	4	3	3072	576	0	/tmp/riley-opt-260912/multisequence-projection-probe-v2/fixtures/x-576-0-m4-a3.bf16	/tmp/riley-opt-260912/multisequence-projection-probe-v2/fixtures/w-01-gate_up.bf16
48	1	1	2	2	3072	576	1	/tmp/riley-opt-260912/multisequence-projection-probe-v2/fixtures/x-576-1-m2-a2.bf16	/tmp/riley-opt-260912/multisequence-projection-probe-v2/fixtures/w-01-gate_up.bf16
49	1	1	4	4	3072	576	1	/tmp/riley-opt-260912/multisequence-projection-probe-v2/fixtures/x-576-1-m4-a4.bf16	/tmp/riley-opt-260912/multisequence-projection-probe-v2/fixtures/w-01-gate_up.bf16
50	1	1	4	3	3072	576	1	/tmp/riley-opt-260912/multisequence-projection-probe-v2/fixtures/x-576-1-m4-a3.bf16	/tmp/riley-opt-260912/multisequence-projection-probe-v2/fixtures/w-01-gate_up.bf16
51	1	1	2	2	3072	576	2	/tmp/riley-opt-260912/multisequence-projection-probe-v2/fixtures/x-576-2-m2-a2.bf16	/tmp/riley-opt-260912/multisequence-projection-probe-v2/fixtures/w-01-gate_up.bf16
52	1	1	4	4	3072	576	2	/tmp/riley-opt-260912/multisequence-projection-probe-v2/fixtures/x-576-2-m4-a4.bf16	/tmp/riley-opt-260912/multisequence-projection-probe-v2/fixtures/w-01-gate_up.bf16
53	1	1	4	3	3072	576	2	/tmp/riley-opt-260912/multisequence-projection-probe-v2/fixtures/x-576-2-m4-a3.bf16	/tmp/riley-opt-260912/multisequence-projection-probe-v2/fixtures/w-01-gate_up.bf16
54	1	2	2	2	576	576	0	/tmp/riley-opt-260912/multisequence-projection-probe-v2/fixtures/x-576-0-m2-a2.bf16	/tmp/riley-opt-260912/multisequence-projection-probe-v2/fixtures/w-01-o.bf16
55	1	2	4	4	576	576	0	/tmp/riley-opt-260912/multisequence-projection-probe-v2/fixtures/x-576-0-m4-a4.bf16	/tmp/riley-opt-260912/multisequence-projection-probe-v2/fixtures/w-01-o.bf16
56	1	2	4	3	576	576	0	/tmp/riley-opt-260912/multisequence-projection-probe-v2/fixtures/x-576-0-m4-a3.bf16	/tmp/riley-opt-260912/multisequence-projection-probe-v2/fixtures/w-01-o.bf16
57	1	2	2	2	576	576	1	/tmp/riley-opt-260912/multisequence-projection-probe-v2/fixtures/x-576-1-m2-a2.bf16	/tmp/riley-opt-260912/multisequence-projection-probe-v2/fixtures/w-01-o.bf16
58	1	2	4	4	576	576	1	/tmp/riley-opt-260912/multisequence-projection-probe-v2/fixtures/x-576-1-m4-a4.bf16	/tmp/riley-opt-260912/multisequence-projection-probe-v2/fixtures/w-01-o.bf16
59	1	2	4	3	576	576	1	/tmp/riley-opt-260912/multisequence-projection-probe-v2/fixtures/x-576-1-m4-a3.bf16	/tmp/riley-opt-260912/multisequence-projection-probe-v2/fixtures/w-01-o.bf16
60	1	2	2	2	576	576	2	/tmp/riley-opt-260912/multisequence-projection-probe-v2/fixtures/x-576-2-m2-a2.bf16	/tmp/riley-opt-260912/multisequence-projection-probe-v2/fixtures/w-01-o.bf16
61	1	2	4	4	576	576	2	/tmp/riley-opt-260912/multisequence-projection-probe-v2/fixtures/x-576-2-m4-a4.bf16	/tmp/riley-opt-260912/multisequence-projection-probe-v2/fixtures/w-01-o.bf16
62	1	2	4	3	576	576	2	/tmp/riley-opt-260912/multisequence-projection-probe-v2/fixtures/x-576-2-m4-a3.bf16	/tmp/riley-opt-260912/multisequence-projection-probe-v2/fixtures/w-01-o.bf16
63	1	3	2	2	576	1536	0	/tmp/riley-opt-260912/multisequence-projection-probe-v2/fixtures/x-1536-0-m2-a2.bf16	/tmp/riley-opt-260912/multisequence-projection-probe-v2/fixtures/w-01-down.bf16
64	1	3	4	4	576	1536	0	/tmp/riley-opt-260912/multisequence-projection-probe-v2/fixtures/x-1536-0-m4-a4.bf16	/tmp/riley-opt-260912/multisequence-projection-probe-v2/fixtures/w-01-down.bf16
65	1	3	4	3	576	1536	0	/tmp/riley-opt-260912/multisequence-projection-probe-v2/fixtures/x-1536-0-m4-a3.bf16	/tmp/riley-opt-260912/multisequence-projection-probe-v2/fixtures/w-01-down.bf16
66	1	3	2	2	576	1536	1	/tmp/riley-opt-260912/multisequence-projection-probe-v2/fixtures/x-1536-1-m2-a2.bf16	/tmp/riley-opt-260912/multisequence-projection-probe-v2/fixtures/w-01-down.bf16
67	1	3	4	4	576	1536	1	/tmp/riley-opt-260912/multisequence-projection-probe-v2/fixtures/x-1536-1-m4-a4.bf16	/tmp/riley-opt-260912/multisequence-projection-probe-v2/fixtures/w-01-down.bf16
68	1	3	4	3	576	1536	1	/tmp/riley-opt-260912/multisequence-projection-probe-v2/fixtures/x-1536-1-m4-a3.bf16	/tmp/riley-opt-260912/multisequence-projection-probe-v2/fixtures/w-01-down.bf16
69	1	3	2	2	576	1536	2	/tmp/riley-opt-260912/multisequence-projection-probe-v2/fixtures/x-1536-2-m2-a2.bf16	/tmp/riley-opt-260912/multisequence-projection-probe-v2/fixtures/w-01-down.bf16
70	1	3	4	4	576	1536	2	/tmp/riley-opt-260912/multisequence-projection-probe-v2/fixtures/x-1536-2-m4-a4.bf16	/tmp/riley-opt-260912/multisequence-projection-probe-v2/fixtures/w-01-down.bf16
71	1	3	4	3	576	1536	2	/tmp/riley-opt-260912/multisequence-projection-probe-v2/fixtures/x-1536-2-m4-a3.bf16	/tmp/riley-opt-260912/multisequence-projection-probe-v2/fixtures/w-01-down.bf16
72	2	0	2	2	960	576	0	/tmp/riley-opt-260912/multisequence-projection-probe-v2/fixtures/x-576-0-m2-a2.bf16	/tmp/riley-opt-260912/multisequence-projection-probe-v2/fixtures/w-02-qkv.bf16
73	2	0	4	4	960	576	0	/tmp/riley-opt-260912/multisequence-projection-probe-v2/fixtures/x-576-0-m4-a4.bf16	/tmp/riley-opt-260912/multisequence-projection-probe-v2/fixtures/w-02-qkv.bf16
74	2	0	4	3	960	576	0	/tmp/riley-opt-260912/multisequence-projection-probe-v2/fixtures/x-576-0-m4-a3.bf16	/tmp/riley-opt-260912/multisequence-projection-probe-v2/fixtures/w-02-qkv.bf16
75	2	0	2	2	960	576	1	/tmp/riley-opt-260912/multisequence-projection-probe-v2/fixtures/x-576-1-m2-a2.bf16	/tmp/riley-opt-260912/multisequence-projection-probe-v2/fixtures/w-02-qkv.bf16
76	2	0	4	4	960	576	1	/tmp/riley-opt-260912/multisequence-projection-probe-v2/fixtures/x-576-1-m4-a4.bf16	/tmp/riley-opt-260912/multisequence-projection-probe-v2/fixtures/w-02-qkv.bf16
77	2	0	4	3	960	576	1	/tmp/riley-opt-260912/multisequence-projection-probe-v2/fixtures/x-576-1-m4-a3.bf16	/tmp/riley-opt-260912/multisequence-projection-probe-v2/fixtures/w-02-qkv.bf16
78	2	0	2	2	960	576	2	/tmp/riley-opt-260912/multisequence-projection-probe-v2/fixtures/x-576-2-m2-a2.bf16	/tmp/riley-opt-260912/multisequence-projection-probe-v2/fixtures/w-02-qkv.bf16
79	2	0	4	4	960	576	2	/tmp/riley-opt-260912/multisequence-projection-probe-v2/fixtures/x-576-2-m4-a4.bf16	/tmp/riley-opt-260912/multisequence-projection-probe-v2/fixtures/w-02-qkv.bf16
80	2	0	4	3	960	576	2	/tmp/riley-opt-260912/multisequence-projection-probe-v2/fixtures/x-576-2-m4-a3.bf16	/tmp/riley-opt-260912/multisequence-projection-probe-v2/fixtures/w-02-qkv.bf16
81	2	1	2	2	3072	576	0	/tmp/riley-opt-260912/multisequence-projection-probe-v2/fixtures/x-576-0-m2-a2.bf16	/tmp/riley-opt-260912/multisequence-projection-probe-v2/fixtures/w-02-gate_up.bf16
82	2	1	4	4	3072	576	0	/tmp/riley-opt-260912/multisequence-projection-probe-v2/fixtures/x-576-0-m4-a4.bf16	/tmp/riley-opt-260912/multisequence-projection-probe-v2/fixtures/w-02-gate_up.bf16
83	2	1	4	3	3072	576	0	/tmp/riley-opt-260912/multisequence-projection-probe-v2/fixtures/x-576-0-m4-a3.bf16	/tmp/riley-opt-260912/multisequence-projection-probe-v2/fixtures/w-02-gate_up.bf16
84	2	1	2	2	3072	576	1	/tmp/riley-opt-260912/multisequence-projection-probe-v2/fixtures/x-576-1-m2-a2.bf16	/tmp/riley-opt-260912/multisequence-projection-probe-v2/fixtures/w-02-gate_up.bf16
85	2	1	4	4	3072	576	1	/tmp/riley-opt-260912/multisequence-projection-probe-v2/fixtures/x-576-1-m4-a4.bf16	/tmp/riley-opt-260912/multisequence-projection-probe-v2/fixtures/w-02-gate_up.bf16
86	2	1	4	3	3072	576	1	/tmp/riley-opt-260912/multisequence-projection-probe-v2/fixtures/x-576-1-m4-a3.bf16	/tmp/riley-opt-260912/multisequence-projection-probe-v2/fixtures/w-02-gate_up.bf16
87	2	1	2	2	3072	576	2	/tmp/riley-opt-260912/multisequence-projection-probe-v2/fixtures/x-576-2-m2-a2.bf16	/tmp/riley-opt-260912/multisequence-projection-probe-v2/fixtures/w-02-gate_up.bf16
88	2	1	4	4	3072	576	2	/tmp/riley-opt-260912/multisequence-projection-probe-v2/fixtures/x-576-2-m4-a4.bf16	/tmp/riley-opt-260912/multisequence-projection-probe-v2/fixtures/w-02-gate_up.bf16
89	2	1	4	3	3072	576	2	/tmp/riley-opt-260912/multisequence-projection-probe-v2/fixtures/x-576-2-m4-a3.bf16	/tmp/riley-opt-260912/multisequence-projection-probe-v2/fixtures/w-02-gate_up.bf16
90	2	2	2	2	576	576	0	/tmp/riley-opt-260912/multisequence-projection-probe-v2/fixtures/x-576-0-m2-a2.bf16	/tmp/riley-opt-260912/multisequence-projection-probe-v2/fixtures/w-02-o.bf16
91	2	2	4	4	576	576	0	/tmp/riley-opt-260912/multisequence-projection-probe-v2/fixtures/x-576-0-m4-a4.bf16	/tmp/riley-opt-260912/multisequence-projection-probe-v2/fixtures/w-02-o.bf16
92	2	2	4	3	576	576	0	/tmp/riley-opt-260912/multisequence-projection-probe-v2/fixtures/x-576-0-m4-a3.bf16	/tmp/riley-opt-260912/multisequence-projection-probe-v2/fixtures/w-02-o.bf16
93	2	2	2	2	576	576	1	/tmp/riley-opt-260912/multisequence-projection-probe-v2/fixtures/x-576-1-m2-a2.bf16	/tmp/riley-opt-260912/multisequence-projection-probe-v2/fixtures/w-02-o.bf16
94	2	2	4	4	576	576	1	/tmp/riley-opt-260912/multisequence-projection-probe-v2/fixtures/x-576-1-m4-a4.bf16	/tmp/riley-opt-260912/multisequence-projection-probe-v2/fixtures/w-02-o.bf16
95	2	2	4	3	576	576	1	/tmp/riley-opt-260912/multisequence-projection-probe-v2/fixtures/x-576-1-m4-a3.bf16	/tmp/riley-opt-260912/multisequence-projection-probe-v2/fixtures/w-02-o.bf16
96	2	2	2	2	576	576	2	/tmp/riley-opt-260912/multisequence-projection-probe-v2/fixtures/x-576-2-m2-a2.bf16	/tmp/riley-opt-260912/multisequence-projection-probe-v2/fixtures/w-02-o.bf16
97	2	2	4	4	576	576	2	/tmp/riley-opt-260912/multisequence-projection-probe-v2/fixtures/x-576-2-m4-a4.bf16	/tmp/riley-opt-260912/multisequence-projection-probe-v2/fixtures/w-02-o.bf16
98	2	2	4	3	576	576	2	/tmp/riley-opt-260912/multisequence-projection-probe-v2/fixtures/x-576-2-m4-a3.bf16	/tmp/riley-opt-260912/multisequence-projection-probe-v2/fixtures/w-02-o.bf16
99	2	3	2	2	576	1536	0	/tmp/riley-opt-260912/multisequence-projection-probe-v2/fixtures/x-1536-0-m2-a2.bf16	/tmp/riley-opt-260912/multisequence-projection-probe-v2/fixtures/w-02-down.bf16
100	2	3	4	4	576	1536	0	/tmp/riley-opt-260912/multisequence-projection-probe-v2/fixtures/x-1536-0-m4-a4.bf16	/tmp/riley-opt-260912/multisequence-projection-probe-v2/fixtures/w-02-down.bf16
101	2	3	4	3	576	1536	0	/tmp/riley-opt-260912/multisequence-projection-probe-v2/fixtures/x-1536-0-m4-a3.bf16	/tmp/riley-opt-260912/multisequence-projection-probe-v2/fixtures/w-02-down.bf16
102	2	3	2	2	576	1536	1	/tmp/riley-opt-260912/multisequence-projection-probe-v2/fixtures/x-1536-1-m2-a2.bf16	/tmp/riley-opt-260912/multisequence-projection-probe-v2/fixtures/w-02-down.bf16
103	2	3	4	4	576	1536	1	/tmp/riley-opt-260912/multisequence-projection-probe-v2/fixtures/x-1536-1-m4-a4.bf16	/tmp/riley-opt-260912/multisequence-projection-probe-v2/fixtures/w-02-down.bf16
104	2	3	4	3	576	1536	1	/tmp/riley-opt-260912/multisequence-projection-probe-v2/fixtures/x-1536-1-m4-a3.bf16	/tmp/riley-opt-260912/multisequence-projection-probe-v2/fixtures/w-02-down.bf16
105	2	3	2	2	576	1536	2	/tmp/riley-opt-260912/multisequence-projection-probe-v2/fixtures/x-1536-2-m2-a2.bf16	/tmp/riley-opt-260912/multisequence-projection-probe-v2/fixtures/w-02-down.bf16
106	2	3	4	4	576	1536	2	/tmp/riley-opt-260912/multisequence-projection-probe-v2/fixtures/x-1536-2-m4-a4.bf16	/tmp/riley-opt-260912/multisequence-projection-probe-v2/fixtures/w-02-down.bf16
107	2	3	4	3	576	1536	2	/tmp/riley-opt-260912/multisequence-projection-probe-v2/fixtures/x-1536-2-m4-a3.bf16	/tmp/riley-opt-260912/multisequence-projection-probe-v2/fixtures/w-02-down.bf16
108	3	0	2	2	960	576	0	/tmp/riley-opt-260912/multisequence-projection-probe-v2/fixtures/x-576-0-m2-a2.bf16	/tmp/riley-opt-260912/multisequence-projection-probe-v2/fixtures/w-03-qkv.bf16
109	3	0	4	4	960	576	0	/tmp/riley-opt-260912/multisequence-projection-probe-v2/fixtures/x-576-0-m4-a4.bf16	/tmp/riley-opt-260912/multisequence-projection-probe-v2/fixtures/w-03-qkv.bf16
110	3	0	4	3	960	576	0	/tmp/riley-opt-260912/multisequence-projection-probe-v2/fixtures/x-576-0-m4-a3.bf16	/tmp/riley-opt-260912/multisequence-projection-probe-v2/fixtures/w-03-qkv.bf16
111	3	0	2	2	960	576	1	/tmp/riley-opt-260912/multisequence-projection-probe-v2/fixtures/x-576-1-m2-a2.bf16	/tmp/riley-opt-260912/multisequence-projection-probe-v2/fixtures/w-03-qkv.bf16
112	3	0	4	4	960	576	1	/tmp/riley-opt-260912/multisequence-projection-probe-v2/fixtures/x-576-1-m4-a4.bf16	/tmp/riley-opt-260912/multisequence-projection-probe-v2/fixtures/w-03-qkv.bf16
113	3	0	4	3	960	576	1	/tmp/riley-opt-260912/multisequence-projection-probe-v2/fixtures/x-576-1-m4-a3.bf16	/tmp/riley-opt-260912/multisequence-projection-probe-v2/fixtures/w-03-qkv.bf16
114	3	0	2	2	960	576	2	/tmp/riley-opt-260912/multisequence-projection-probe-v2/fixtures/x-576-2-m2-a2.bf16	/tmp/riley-opt-260912/multisequence-projection-probe-v2/fixtures/w-03-qkv.bf16
115	3	0	4	4	960	576	2	/tmp/riley-opt-260912/multisequence-projection-probe-v2/fixtures/x-576-2-m4-a4.bf16	/tmp/riley-opt-260912/multisequence-projection-probe-v2/fixtures/w-03-qkv.bf16
116	3	0	4	3	960	576	2	/tmp/riley-opt-260912/multisequence-projection-probe-v2/fixtures/x-576-2-m4-a3.bf16	/tmp/riley-opt-260912/multisequence-projection-probe-v2/fixtures/w-03-qkv.bf16
117	3	1	2	2	3072	576	0	/tmp/riley-opt-260912/multisequence-projection-probe-v2/fixtures/x-576-0-m2-a2.bf16	/tmp/riley-opt-260912/multisequence-projection-probe-v2/fixtures/w-03-gate_up.bf16
118	3	1	4	4	3072	576	0	/tmp/riley-opt-260912/multisequence-projection-probe-v2/fixtures/x-576-0-m4-a4.bf16	/tmp/riley-opt-260912/multisequence-projection-probe-v2/fixtures/w-03-gate_up.bf16
119	3	1	4	3	3072	576	0	/tmp/riley-opt-260912/multisequence-projection-probe-v2/fixtures/x-576-0-m4-a3.bf16	/tmp/riley-opt-260912/multisequence-projection-probe-v2/fixtures/w-03-gate_up.bf16
120	3	1	2	2	3072	576	1	/tmp/riley-opt-260912/multisequence-projection-probe-v2/fixtures/x-576-1-m2-a2.bf16	/tmp/riley-opt-260912/multisequence-projection-probe-v2/fixtures/w-03-gate_up.bf16
121	3	1	4	4	3072	576	1	/tmp/riley-opt-260912/multisequence-projection-probe-v2/fixtures/x-576-1-m4-a4.bf16	/tmp/riley-opt-260912/multisequence-projection-probe-v2/fixtures/w-03-gate_up.bf16
122	3	1	4	3	3072	576	1	/tmp/riley-opt-260912/multisequence-projection-probe-v2/fixtures/x-576-1-m4-a3.bf16	/tmp/riley-opt-260912/multisequence-projection-probe-v2/fixtures/w-03-gate_up.bf16
123	3	1	2	2	3072	576	2	/tmp/riley-opt-260912/multisequence-projection-probe-v2/fixtures/x-576-2-m2-a2.bf16	/tmp/riley-opt-260912/multisequence-projection-probe-v2/fixtures/w-03-gate_up.bf16
124	3	1	4	4	3072	576	2	/tmp/riley-opt-260912/multisequence-projection-probe-v2/fixtures/x-576-2-m4-a4.bf16	/tmp/riley-opt-260912/multisequence-projection-probe-v2/fixtures/w-03-gate_up.bf16
125	3	1	4	3	3072	576	2	/tmp/riley-opt-260912/multisequence-projection-probe-v2/fixtures/x-576-2-m4-a3.bf16	/tmp/riley-opt-260912/multisequence-projection-probe-v2/fixtures/w-03-gate_up.bf16
126	3	2	2	2	576	576	0	/tmp/riley-opt-260912/multisequence-projection-probe-v2/fixtures/x-576-0-m2-a2.bf16	/tmp/riley-opt-260912/multisequence-projection-probe-v2/fixtures/w-03-o.bf16
127	3	2	4	4	576	576	0	/tmp/riley-opt-260912/multisequence-projection-probe-v2/fixtures/x-576-0-m4-a4.bf16	/tmp/riley-opt-260912/multisequence-projection-probe-v2/fixtures/w-03-o.bf16
128	3	2	4	3	576	576	0	/tmp/riley-opt-260912/multisequence-projection-probe-v2/fixtures/x-576-0-m4-a3.bf16	/tmp/riley-opt-260912/multisequence-projection-probe-v2/fixtures/w-03-o.bf16
129	3	2	2	2	576	576	1	/tmp/riley-opt-260912/multisequence-projection-probe-v2/fixtures/x-576-1-m2-a2.bf16	/tmp/riley-opt-260912/multisequence-projection-probe-v2/fixtures/w-03-o.bf16
130	3	2	4	4	576	576	1	/tmp/riley-opt-260912/multisequence-projection-probe-v2/fixtures/x-576-1-m4-a4.bf16	/tmp/riley-opt-260912/multisequence-projection-probe-v2/fixtures/w-03-o.bf16
131	3	2	4	3	576	576	1	/tmp/riley-opt-260912/multisequence-projection-probe-v2/fixtures/x-576-1-m4-a3.bf16	/tmp/riley-opt-260912/multisequence-projection-probe-v2/fixtures/w-03-o.bf16
132	3	2	2	2	576	576	2	/tmp/riley-opt-260912/multisequence-projection-probe-v2/fixtures/x-576-2-m2-a2.bf16	/tmp/riley-opt-260912/multisequence-projection-probe-v2/fixtures/w-03-o.bf16
133	3	2	4	4	576	576	2	/tmp/riley-opt-260912/multisequence-projection-probe-v2/fixtures/x-576-2-m4-a4.bf16	/tmp/riley-opt-260912/multisequence-projection-probe-v2/fixtures/w-03-o.bf16
134	3	2	4	3	576	576	2	/tmp/riley-opt-260912/multisequence-projection-probe-v2/fixtures/x-576-2-m4-a3.bf16	/tmp/riley-opt-260912/multisequence-projection-probe-v2/fixtures/w-03-o.bf16
135	3	3	2	2	576	1536	0	/tmp/riley-opt-260912/multisequence-projection-probe-v2/fixtures/x-1536-0-m2-a2.bf16	/tmp/riley-opt-260912/multisequence-projection-probe-v2/fixtures/w-03-down.bf16
136	3	3	4	4	576	1536	0	/tmp/riley-opt-260912/multisequence-projection-probe-v2/fixtures/x-1536-0-m4-a4.bf16	/tmp/riley-opt-260912/multisequence-projection-probe-v2/fixtures/w-03-down.bf16
137	3	3	4	3	576	1536	0	/tmp/riley-opt-260912/multisequence-projection-probe-v2/fixtures/x-1536-0-m4-a3.bf16	/tmp/riley-opt-260912/multisequence-projection-probe-v2/fixtures/w-03-down.bf16
138	3	3	2	2	576	1536	1	/tmp/riley-opt-260912/multisequence-projection-probe-v2/fixtures/x-1536-1-m2-a2.bf16	/tmp/riley-opt-260912/multisequence-projection-probe-v2/fixtures/w-03-down.bf16
139	3	3	4	4	576	1536	1	/tmp/riley-opt-260912/multisequence-projection-probe-v2/fixtures/x-1536-1-m4-a4.bf16	/tmp/riley-opt-260912/multisequence-projection-probe-v2/fixtures/w-03-down.bf16
140	3	3	4	3	576	1536	1	/tmp/riley-opt-260912/multisequence-projection-probe-v2/fixtures/x-1536-1-m4-a3.bf16	/tmp/riley-opt-260912/multisequence-projection-probe-v2/fixtures/w-03-down.bf16
141	3	3	2	2	576	1536	2	/tmp/riley-opt-260912/multisequence-projection-probe-v2/fixtures/x-1536-2-m2-a2.bf16	/tmp/riley-opt-260912/multisequence-projection-probe-v2/fixtures/w-03-down.bf16
142	3	3	4	4	576	1536	2	/tmp/riley-opt-260912/multisequence-projection-probe-v2/fixtures/x-1536-2-m4-a4.bf16	/tmp/riley-opt-260912/multisequence-projection-probe-v2/fixtures/w-03-down.bf16
143	3	3	4	3	576	1536	2	/tmp/riley-opt-260912/multisequence-projection-probe-v2/fixtures/x-1536-2-m4-a3.bf16	/tmp/riley-opt-260912/multisequence-projection-probe-v2/fixtures/w-03-down.bf16
144	4	0	2	2	960	576	0	/tmp/riley-opt-260912/multisequence-projection-probe-v2/fixtures/x-576-0-m2-a2.bf16	/tmp/riley-opt-260912/multisequence-projection-probe-v2/fixtures/w-04-qkv.bf16
145	4	0	4	4	960	576	0	/tmp/riley-opt-260912/multisequence-projection-probe-v2/fixtures/x-576-0-m4-a4.bf16	/tmp/riley-opt-260912/multisequence-projection-probe-v2/fixtures/w-04-qkv.bf16
146	4	0	4	3	960	576	0	/tmp/riley-opt-260912/multisequence-projection-probe-v2/fixtures/x-576-0-m4-a3.bf16	/tmp/riley-opt-260912/multisequence-projection-probe-v2/fixtures/w-04-qkv.bf16
147	4	0	2	2	960	576	1	/tmp/riley-opt-260912/multisequence-projection-probe-v2/fixtures/x-576-1-m2-a2.bf16	/tmp/riley-opt-260912/multisequence-projection-probe-v2/fixtures/w-04-qkv.bf16
148	4	0	4	4	960	576	1	/tmp/riley-opt-260912/multisequence-projection-probe-v2/fixtures/x-576-1-m4-a4.bf16	/tmp/riley-opt-260912/multisequence-projection-probe-v2/fixtures/w-04-qkv.bf16
149	4	0	4	3	960	576	1	/tmp/riley-opt-260912/multisequence-projection-probe-v2/fixtures/x-576-1-m4-a3.bf16	/tmp/riley-opt-260912/multisequence-projection-probe-v2/fixtures/w-04-qkv.bf16
150	4	0	2	2	960	576	2	/tmp/riley-opt-260912/multisequence-projection-probe-v2/fixtures/x-576-2-m2-a2.bf16	/tmp/riley-opt-260912/multisequence-projection-probe-v2/fixtures/w-04-qkv.bf16
151	4	0	4	4	960	576	2	/tmp/riley-opt-260912/multisequence-projection-probe-v2/fixtures/x-576-2-m4-a4.bf16	/tmp/riley-opt-260912/multisequence-projection-probe-v2/fixtures/w-04-qkv.bf16
152	4	0	4	3	960	576	2	/tmp/riley-opt-260912/multisequence-projection-probe-v2/fixtures/x-576-2-m4-a3.bf16	/tmp/riley-opt-260912/multisequence-projection-probe-v2/fixtures/w-04-qkv.bf16
153	4	1	2	2	3072	576	0	/tmp/riley-opt-260912/multisequence-projection-probe-v2/fixtures/x-576-0-m2-a2.bf16	/tmp/riley-opt-260912/multisequence-projection-probe-v2/fixtures/w-04-gate_up.bf16
154	4	1	4	4	3072	576	0	/tmp/riley-opt-260912/multisequence-projection-probe-v2/fixtures/x-576-0-m4-a4.bf16	/tmp/riley-opt-260912/multisequence-projection-probe-v2/fixtures/w-04-gate_up.bf16
155	4	1	4	3	3072	576	0	/tmp/riley-opt-260912/multisequence-projection-probe-v2/fixtures/x-576-0-m4-a3.bf16	/tmp/riley-opt-260912/multisequence-projection-probe-v2/fixtures/w-04-gate_up.bf16
156	4	1	2	2	3072	576	1	/tmp/riley-opt-260912/multisequence-projection-probe-v2/fixtures/x-576-1-m2-a2.bf16	/tmp/riley-opt-260912/multisequence-projection-probe-v2/fixtures/w-04-gate_up.bf16
157	4	1	4	4	3072	576	1	/tmp/riley-opt-260912/multisequence-projection-probe-v2/fixtures/x-576-1-m4-a4.bf16	/tmp/riley-opt-260912/multisequence-projection-probe-v2/fixtures/w-04-gate_up.bf16
158	4	1	4	3	3072	576	1	/tmp/riley-opt-260912/multisequence-projection-probe-v2/fixtures/x-576-1-m4-a3.bf16	/tmp/riley-opt-260912/multisequence-projection-probe-v2/fixtures/w-04-gate_up.bf16
159	4	1	2	2	3072	576	2	/tmp/riley-opt-260912/multisequence-projection-probe-v2/fixtures/x-576-2-m2-a2.bf16	/tmp/riley-opt-260912/multisequence-projection-probe-v2/fixtures/w-04-gate_up.bf16
160	4	1	4	4	3072	576	2	/tmp/riley-opt-260912/multisequence-projection-probe-v2/fixtures/x-576-2-m4-a4.bf16	/tmp/riley-opt-260912/multisequence-projection-probe-v2/fixtures/w-04-gate_up.bf16
161	4	1	4	3	3072	576	2	/tmp/riley-opt-260912/multisequence-projection-probe-v2/fixtures/x-576-2-m4-a3.bf16	/tmp/riley-opt-260912/multisequence-projection-probe-v2/fixtures/w-04-gate_up.bf16
162	4	2	2	2	576	576	0	/tmp/riley-opt-260912/multisequence-projection-probe-v2/fixtures/x-576-0-m2-a2.bf16	/tmp/riley-opt-260912/multisequence-projection-probe-v2/fixtures/w-04-o.bf16
163	4	2	4	4	576	576	0	/tmp/riley-opt-260912/multisequence-projection-probe-v2/fixtures/x-576-0-m4-a4.bf16	/tmp/riley-opt-260912/multisequence-projection-probe-v2/fixtures/w-04-o.bf16
164	4	2	4	3	576	576	0	/tmp/riley-opt-260912/multisequence-projection-probe-v2/fixtures/x-576-0-m4-a3.bf16	/tmp/riley-opt-260912/multisequence-projection-probe-v2/fixtures/w-04-o.bf16
165	4	2	2	2	576	576	1	/tmp/riley-opt-260912/multisequence-projection-probe-v2/fixtures/x-576-1-m2-a2.bf16	/tmp/riley-opt-260912/multisequence-projection-probe-v2/fixtures/w-04-o.bf16
166	4	2	4	4	576	576	1	/tmp/riley-opt-260912/multisequence-projection-probe-v2/fixtures/x-576-1-m4-a4.bf16	/tmp/riley-opt-260912/multisequence-projection-probe-v2/fixtures/w-04-o.bf16
167	4	2	4	3	576	576	1	/tmp/riley-opt-260912/multisequence-projection-probe-v2/fixtures/x-576-1-m4-a3.bf16	/tmp/riley-opt-260912/multisequence-projection-probe-v2/fixtures/w-04-o.bf16
168	4	2	2	2	576	576	2	/tmp/riley-opt-260912/multisequence-projection-probe-v2/fixtures/x-576-2-m2-a2.bf16	/tmp/riley-opt-260912/multisequence-projection-probe-v2/fixtures/w-04-o.bf16
169	4	2	4	4	576	576	2	/tmp/riley-opt-260912/multisequence-projection-probe-v2/fixtures/x-576-2-m4-a4.bf16	/tmp/riley-opt-260912/multisequence-projection-probe-v2/fixtures/w-04-o.bf16
170	4	2	4	3	576	576	2	/tmp/riley-opt-260912/multisequence-projection-probe-v2/fixtures/x-576-2-m4-a3.bf16	/tmp/riley-opt-260912/multisequence-projection-probe-v2/fixtures/w-04-o.bf16
171	4	3	2	2	576	1536	0	/tmp/riley-opt-260912/multisequence-projection-probe-v2/fixtures/x-1536-0-m2-a2.bf16	/tmp/riley-opt-260912/multisequence-projection-probe-v2/fixtures/w-04-down.bf16
172	4	3	4	4	576	1536	0	/tmp/riley-opt-260912/multisequence-projection-probe-v2/fixtures/x-1536-0-m4-a4.bf16	/tmp/riley-opt-260912/multisequence-projection-probe-v2/fixtures/w-04-down.bf16
173	4	3	4	3	576	1536	0	/tmp/riley-opt-260912/multisequence-projection-probe-v2/fixtures/x-1536-0-m4-a3.bf16	/tmp/riley-opt-260912/multisequence-projection-probe-v2/fixtures/w-04-down.bf16
174	4	3	2	2	576	1536	1	/tmp/riley-opt-260912/multisequence-projection-probe-v2/fixtures/x-1536-1-m2-a2.bf16	/tmp/riley-opt-260912/multisequence-projection-probe-v2/fixtures/w-04-down.bf16
175	4	3	4	4	576	1536	1	/tmp/riley-opt-260912/multisequence-projection-probe-v2/fixtures/x-1536-1-m4-a4.bf16	/tmp/riley-opt-260912/multisequence-projection-probe-v2/fixtures/w-04-down.bf16
176	4	3	4	3	576	1536	1	/tmp/riley-opt-260912/multisequence-projection-probe-v2/fixtures/x-1536-1-m4-a3.bf16	/tmp/riley-opt-260912/multisequence-projection-probe-v2/fixtures/w-04-down.bf16
177	4	3	2	2	576	1536	2	/tmp/riley-opt-260912/multisequence-projection-probe-v2/fixtures/x-1536-2-m2-a2.bf16	/tmp/riley-opt-260912/multisequence-projection-probe-v2/fixtures/w-04-down.bf16
178	4	3	4	4	576	1536	2	/tmp/riley-opt-260912/multisequence-projection-probe-v2/fixtures/x-1536-2-m4-a4.bf16	/tmp/riley-opt-260912/multisequence-projection-probe-v2/fixtures/w-04-down.bf16
179	4	3	4	3	576	1536	2	/tmp/riley-opt-260912/multisequence-projection-probe-v2/fixtures/x-1536-2-m4-a3.bf16	/tmp/riley-opt-260912/multisequence-projection-probe-v2/fixtures/w-04-down.bf16
180	5	0	2	2	960	576	0	/tmp/riley-opt-260912/multisequence-projection-probe-v2/fixtures/x-576-0-m2-a2.bf16	/tmp/riley-opt-260912/multisequence-projection-probe-v2/fixtures/w-05-qkv.bf16
181	5	0	4	4	960	576	0	/tmp/riley-opt-260912/multisequence-projection-probe-v2/fixtures/x-576-0-m4-a4.bf16	/tmp/riley-opt-260912/multisequence-projection-probe-v2/fixtures/w-05-qkv.bf16
182	5	0	4	3	960	576	0	/tmp/riley-opt-260912/multisequence-projection-probe-v2/fixtures/x-576-0-m4-a3.bf16	/tmp/riley-opt-260912/multisequence-projection-probe-v2/fixtures/w-05-qkv.bf16
183	5	0	2	2	960	576	1	/tmp/riley-opt-260912/multisequence-projection-probe-v2/fixtures/x-576-1-m2-a2.bf16	/tmp/riley-opt-260912/multisequence-projection-probe-v2/fixtures/w-05-qkv.bf16
184	5	0	4	4	960	576	1	/tmp/riley-opt-260912/multisequence-projection-probe-v2/fixtures/x-576-1-m4-a4.bf16	/tmp/riley-opt-260912/multisequence-projection-probe-v2/fixtures/w-05-qkv.bf16
185	5	0	4	3	960	576	1	/tmp/riley-opt-260912/multisequence-projection-probe-v2/fixtures/x-576-1-m4-a3.bf16	/tmp/riley-opt-260912/multisequence-projection-probe-v2/fixtures/w-05-qkv.bf16
186	5	0	2	2	960	576	2	/tmp/riley-opt-260912/multisequence-projection-probe-v2/fixtures/x-576-2-m2-a2.bf16	/tmp/riley-opt-260912/multisequence-projection-probe-v2/fixtures/w-05-qkv.bf16
187	5	0	4	4	960	576	2	/tmp/riley-opt-260912/multisequence-projection-probe-v2/fixtures/x-576-2-m4-a4.bf16	/tmp/riley-opt-260912/multisequence-projection-probe-v2/fixtures/w-05-qkv.bf16
188	5	0	4	3	960	576	2	/tmp/riley-opt-260912/multisequence-projection-probe-v2/fixtures/x-576-2-m4-a3.bf16	/tmp/riley-opt-260912/multisequence-projection-probe-v2/fixtures/w-05-qkv.bf16
189	5	1	2	2	3072	576	0	/tmp/riley-opt-260912/multisequence-projection-probe-v2/fixtures/x-576-0-m2-a2.bf16	/tmp/riley-opt-260912/multisequence-projection-probe-v2/fixtures/w-05-gate_up.bf16
190	5	1	4	4	3072	576	0	/tmp/riley-opt-260912/multisequence-projection-probe-v2/fixtures/x-576-0-m4-a4.bf16	/tmp/riley-opt-260912/multisequence-projection-probe-v2/fixtures/w-05-gate_up.bf16
191	5	1	4	3	3072	576	0	/tmp/riley-opt-260912/multisequence-projection-probe-v2/fixtures/x-576-0-m4-a3.bf16	/tmp/riley-opt-260912/multisequence-projection-probe-v2/fixtures/w-05-gate_up.bf16
192	5	1	2	2	3072	576	1	/tmp/riley-opt-260912/multisequence-projection-probe-v2/fixtures/x-576-1-m2-a2.bf16	/tmp/riley-opt-260912/multisequence-projection-probe-v2/fixtures/w-05-gate_up.bf16
193	5	1	4	4	3072	576	1	/tmp/riley-opt-260912/multisequence-projection-probe-v2/fixtures/x-576-1-m4-a4.bf16	/tmp/riley-opt-260912/multisequence-projection-probe-v2/fixtures/w-05-gate_up.bf16
194	5	1	4	3	3072	576	1	/tmp/riley-opt-260912/multisequence-projection-probe-v2/fixtures/x-576-1-m4-a3.bf16	/tmp/riley-opt-260912/multisequence-projection-probe-v2/fixtures/w-05-gate_up.bf16
195	5	1	2	2	3072	576	2	/tmp/riley-opt-260912/multisequence-projection-probe-v2/fixtures/x-576-2-m2-a2.bf16	/tmp/riley-opt-260912/multisequence-projection-probe-v2/fixtures/w-05-gate_up.bf16
196	5	1	4	4	3072	576	2	/tmp/riley-opt-260912/multisequence-projection-probe-v2/fixtures/x-576-2-m4-a4.bf16	/tmp/riley-opt-260912/multisequence-projection-probe-v2/fixtures/w-05-gate_up.bf16
197	5	1	4	3	3072	576	2	/tmp/riley-opt-260912/multisequence-projection-probe-v2/fixtures/x-576-2-m4-a3.bf16	/tmp/riley-opt-260912/multisequence-projection-probe-v2/fixtures/w-05-gate_up.bf16
198	5	2	2	2	576	576	0	/tmp/riley-opt-260912/multisequence-projection-probe-v2/fixtures/x-576-0-m2-a2.bf16	/tmp/riley-opt-260912/multisequence-projection-probe-v2/fixtures/w-05-o.bf16
199	5	2	4	4	576	576	0	/tmp/riley-opt-260912/multisequence-projection-probe-v2/fixtures/x-576-0-m4-a4.bf16	/tmp/riley-opt-260912/multisequence-projection-probe-v2/fixtures/w-05-o.bf16
200	5	2	4	3	576	576	0	/tmp/riley-opt-260912/multisequence-projection-probe-v2/fixtures/x-576-0-m4-a3.bf16	/tmp/riley-opt-260912/multisequence-projection-probe-v2/fixtures/w-05-o.bf16
201	5	2	2	2	576	576	1	/tmp/riley-opt-260912/multisequence-projection-probe-v2/fixtures/x-576-1-m2-a2.bf16	/tmp/riley-opt-260912/multisequence-projection-probe-v2/fixtures/w-05-o.bf16
202	5	2	4	4	576	576	1	/tmp/riley-opt-260912/multisequence-projection-probe-v2/fixtures/x-576-1-m4-a4.bf16	/tmp/riley-opt-260912/multisequence-projection-probe-v2/fixtures/w-05-o.bf16
203	5	2	4	3	576	576	1	/tmp/riley-opt-260912/multisequence-projection-probe-v2/fixtures/x-576-1-m4-a3.bf16	/tmp/riley-opt-260912/multisequence-projection-probe-v2/fixtures/w-05-o.bf16
204	5	2	2	2	576	576	2	/tmp/riley-opt-260912/multisequence-projection-probe-v2/fixtures/x-576-2-m2-a2.bf16	/tmp/riley-opt-260912/multisequence-projection-probe-v2/fixtures/w-05-o.bf16
205	5	2	4	4	576	576	2	/tmp/riley-opt-260912/multisequence-projection-probe-v2/fixtures/x-576-2-m4-a4.bf16	/tmp/riley-opt-260912/multisequence-projection-probe-v2/fixtures/w-05-o.bf16
206	5	2	4	3	576	576	2	/tmp/riley-opt-260912/multisequence-projection-probe-v2/fixtures/x-576-2-m4-a3.bf16	/tmp/riley-opt-260912/multisequence-projection-probe-v2/fixtures/w-05-o.bf16
207	5	3	2	2	576	1536	0	/tmp/riley-opt-260912/multisequence-projection-probe-v2/fixtures/x-1536-0-m2-a2.bf16	/tmp/riley-opt-260912/multisequence-projection-probe-v2/fixtures/w-05-down.bf16
208	5	3	4	4	576	1536	0	/tmp/riley-opt-260912/multisequence-projection-probe-v2/fixtures/x-1536-0-m4-a4.bf16	/tmp/riley-opt-260912/multisequence-projection-probe-v2/fixtures/w-05-down.bf16
209	5	3	4	3	576	1536	0	/tmp/riley-opt-260912/multisequence-projection-probe-v2/fixtures/x-1536-0-m4-a3.bf16	/tmp/riley-opt-260912/multisequence-projection-probe-v2/fixtures/w-05-down.bf16
210	5	3	2	2	576	1536	1	/tmp/riley-opt-260912/multisequence-projection-probe-v2/fixtures/x-1536-1-m2-a2.bf16	/tmp/riley-opt-260912/multisequence-projection-probe-v2/fixtures/w-05-down.bf16
211	5	3	4	4	576	1536	1	/tmp/riley-opt-260912/multisequence-projection-probe-v2/fixtures/x-1536-1-m4-a4.bf16	/tmp/riley-opt-260912/multisequence-projection-probe-v2/fixtures/w-05-down.bf16
212	5	3	4	3	576	1536	1	/tmp/riley-opt-260912/multisequence-projection-probe-v2/fixtures/x-1536-1-m4-a3.bf16	/tmp/riley-opt-260912/multisequence-projection-probe-v2/fixtures/w-05-down.bf16
213	5	3	2	2	576	1536	2	/tmp/riley-opt-260912/multisequence-projection-probe-v2/fixtures/x-1536-2-m2-a2.bf16	/tmp/riley-opt-260912/multisequence-projection-probe-v2/fixtures/w-05-down.bf16
214	5	3	4	4	576	1536	2	/tmp/riley-opt-260912/multisequence-projection-probe-v2/fixtures/x-1536-2-m4-a4.bf16	/tmp/riley-opt-260912/multisequence-projection-probe-v2/fixtures/w-05-down.bf16
215	5	3	4	3	576	1536	2	/tmp/riley-opt-260912/multisequence-projection-probe-v2/fixtures/x-1536-2-m4-a3.bf16	/tmp/riley-opt-260912/multisequence-projection-probe-v2/fixtures/w-05-down.bf16
216	6	0	2	2	960	576	0	/tmp/riley-opt-260912/multisequence-projection-probe-v2/fixtures/x-576-0-m2-a2.bf16	/tmp/riley-opt-260912/multisequence-projection-probe-v2/fixtures/w-06-qkv.bf16
217	6	0	4	4	960	576	0	/tmp/riley-opt-260912/multisequence-projection-probe-v2/fixtures/x-576-0-m4-a4.bf16	/tmp/riley-opt-260912/multisequence-projection-probe-v2/fixtures/w-06-qkv.bf16
218	6	0	4	3	960	576	0	/tmp/riley-opt-260912/multisequence-projection-probe-v2/fixtures/x-576-0-m4-a3.bf16	/tmp/riley-opt-260912/multisequence-projection-probe-v2/fixtures/w-06-qkv.bf16
219	6	0	2	2	960	576	1	/tmp/riley-opt-260912/multisequence-projection-probe-v2/fixtures/x-576-1-m2-a2.bf16	/tmp/riley-opt-260912/multisequence-projection-probe-v2/fixtures/w-06-qkv.bf16
220	6	0	4	4	960	576	1	/tmp/riley-opt-260912/multisequence-projection-probe-v2/fixtures/x-576-1-m4-a4.bf16	/tmp/riley-opt-260912/multisequence-projection-probe-v2/fixtures/w-06-qkv.bf16
221	6	0	4	3	960	576	1	/tmp/riley-opt-260912/multisequence-projection-probe-v2/fixtures/x-576-1-m4-a3.bf16	/tmp/riley-opt-260912/multisequence-projection-probe-v2/fixtures/w-06-qkv.bf16
222	6	0	2	2	960	576	2	/tmp/riley-opt-260912/multisequence-projection-probe-v2/fixtures/x-576-2-m2-a2.bf16	/tmp/riley-opt-260912/multisequence-projection-probe-v2/fixtures/w-06-qkv.bf16
223	6	0	4	4	960	576	2	/tmp/riley-opt-260912/multisequence-projection-probe-v2/fixtures/x-576-2-m4-a4.bf16	/tmp/riley-opt-260912/multisequence-projection-probe-v2/fixtures/w-06-qkv.bf16
224	6	0	4	3	960	576	2	/tmp/riley-opt-260912/multisequence-projection-probe-v2/fixtures/x-576-2-m4-a3.bf16	/tmp/riley-opt-260912/multisequence-projection-probe-v2/fixtures/w-06-qkv.bf16
225	6	1	2	2	3072	576	0	/tmp/riley-opt-260912/multisequence-projection-probe-v2/fixtures/x-576-0-m2-a2.bf16	/tmp/riley-opt-260912/multisequence-projection-probe-v2/fixtures/w-06-gate_up.bf16
226	6	1	4	4	3072	576	0	/tmp/riley-opt-260912/multisequence-projection-probe-v2/fixtures/x-576-0-m4-a4.bf16	/tmp/riley-opt-260912/multisequence-projection-probe-v2/fixtures/w-06-gate_up.bf16
227	6	1	4	3	3072	576	0	/tmp/riley-opt-260912/multisequence-projection-probe-v2/fixtures/x-576-0-m4-a3.bf16	/tmp/riley-opt-260912/multisequence-projection-probe-v2/fixtures/w-06-gate_up.bf16
228	6	1	2	2	3072	576	1	/tmp/riley-opt-260912/multisequence-projection-probe-v2/fixtures/x-576-1-m2-a2.bf16	/tmp/riley-opt-260912/multisequence-projection-probe-v2/fixtures/w-06-gate_up.bf16
229	6	1	4	4	3072	576	1	/tmp/riley-opt-260912/multisequence-projection-probe-v2/fixtures/x-576-1-m4-a4.bf16	/tmp/riley-opt-260912/multisequence-projection-probe-v2/fixtures/w-06-gate_up.bf16
230	6	1	4	3	3072	576	1	/tmp/riley-opt-260912/multisequence-projection-probe-v2/fixtures/x-576-1-m4-a3.bf16	/tmp/riley-opt-260912/multisequence-projection-probe-v2/fixtures/w-06-gate_up.bf16
231	6	1	2	2	3072	576	2	/tmp/riley-opt-260912/multisequence-projection-probe-v2/fixtures/x-576-2-m2-a2.bf16	/tmp/riley-opt-260912/multisequence-projection-probe-v2/fixtures/w-06-gate_up.bf16
232	6	1	4	4	3072	576	2	/tmp/riley-opt-260912/multisequence-projection-probe-v2/fixtures/x-576-2-m4-a4.bf16	/tmp/riley-opt-260912/multisequence-projection-probe-v2/fixtures/w-06-gate_up.bf16
233	6	1	4	3	3072	576	2	/tmp/riley-opt-260912/multisequence-projection-probe-v2/fixtures/x-576-2-m4-a3.bf16	/tmp/riley-opt-260912/multisequence-projection-probe-v2/fixtures/w-06-gate_up.bf16
234	6	2	2	2	576	576	0	/tmp/riley-opt-260912/multisequence-projection-probe-v2/fixtures/x-576-0-m2-a2.bf16	/tmp/riley-opt-260912/multisequence-projection-probe-v2/fixtures/w-06-o.bf16
235	6	2	4	4	576	576	0	/tmp/riley-opt-260912/multisequence-projection-probe-v2/fixtures/x-576-0-m4-a4.bf16	/tmp/riley-opt-260912/multisequence-projection-probe-v2/fixtures/w-06-o.bf16
236	6	2	4	3	576	576	0	/tmp/riley-opt-260912/multisequence-projection-probe-v2/fixtures/x-576-0-m4-a3.bf16	/tmp/riley-opt-260912/multisequence-projection-probe-v2/fixtures/w-06-o.bf16
237	6	2	2	2	576	576	1	/tmp/riley-opt-260912/multisequence-projection-probe-v2/fixtures/x-576-1-m2-a2.bf16	/tmp/riley-opt-260912/multisequence-projection-probe-v2/fixtures/w-06-o.bf16
238	6	2	4	4	576	576	1	/tmp/riley-opt-260912/multisequence-projection-probe-v2/fixtures/x-576-1-m4-a4.bf16	/tmp/riley-opt-260912/multisequence-projection-probe-v2/fixtures/w-06-o.bf16
239	6	2	4	3	576	576	1	/tmp/riley-opt-260912/multisequence-projection-probe-v2/fixtures/x-576-1-m4-a3.bf16	/tmp/riley-opt-260912/multisequence-projection-probe-v2/fixtures/w-06-o.bf16
240	6	2	2	2	576	576	2	/tmp/riley-opt-260912/multisequence-projection-probe-v2/fixtures/x-576-2-m2-a2.bf16	/tmp/riley-opt-260912/multisequence-projection-probe-v2/fixtures/w-06-o.bf16
241	6	2	4	4	576	576	2	/tmp/riley-opt-260912/multisequence-projection-probe-v2/fixtures/x-576-2-m4-a4.bf16	/tmp/riley-opt-260912/multisequence-projection-probe-v2/fixtures/w-06-o.bf16
242	6	2	4	3	576	576	2	/tmp/riley-opt-260912/multisequence-projection-probe-v2/fixtures/x-576-2-m4-a3.bf16	/tmp/riley-opt-260912/multisequence-projection-probe-v2/fixtures/w-06-o.bf16
243	6	3	2	2	576	1536	0	/tmp/riley-opt-260912/multisequence-projection-probe-v2/fixtures/x-1536-0-m2-a2.bf16	/tmp/riley-opt-260912/multisequence-projection-probe-v2/fixtures/w-06-down.bf16
244	6	3	4	4	576	1536	0	/tmp/riley-opt-260912/multisequence-projection-probe-v2/fixtures/x-1536-0-m4-a4.bf16	/tmp/riley-opt-260912/multisequence-projection-probe-v2/fixtures/w-06-down.bf16
245	6	3	4	3	576	1536	0	/tmp/riley-opt-260912/multisequence-projection-probe-v2/fixtures/x-1536-0-m4-a3.bf16	/tmp/riley-opt-260912/multisequence-projection-probe-v2/fixtures/w-06-down.bf16
246	6	3	2	2	576	1536	1	/tmp/riley-opt-260912/multisequence-projection-probe-v2/fixtures/x-1536-1-m2-a2.bf16	/tmp/riley-opt-260912/multisequence-projection-probe-v2/fixtures/w-06-down.bf16
247	6	3	4	4	576	1536	1	/tmp/riley-opt-260912/multisequence-projection-probe-v2/fixtures/x-1536-1-m4-a4.bf16	/tmp/riley-opt-260912/multisequence-projection-probe-v2/fixtures/w-06-down.bf16
248	6	3	4	3	576	1536	1	/tmp/riley-opt-260912/multisequence-projection-probe-v2/fixtures/x-1536-1-m4-a3.bf16	/tmp/riley-opt-260912/multisequence-projection-probe-v2/fixtures/w-06-down.bf16
249	6	3	2	2	576	1536	2	/tmp/riley-opt-260912/multisequence-projection-probe-v2/fixtures/x-1536-2-m2-a2.bf16	/tmp/riley-opt-260912/multisequence-projection-probe-v2/fixtures/w-06-down.bf16
250	6	3	4	4	576	1536	2	/tmp/riley-opt-260912/multisequence-projection-probe-v2/fixtures/x-1536-2-m4-a4.bf16	/tmp/riley-opt-260912/multisequence-projection-probe-v2/fixtures/w-06-down.bf16
251	6	3	4	3	576	1536	2	/tmp/riley-opt-260912/multisequence-projection-probe-v2/fixtures/x-1536-2-m4-a3.bf16	/tmp/riley-opt-260912/multisequence-projection-probe-v2/fixtures/w-06-down.bf16
252	7	0	2	2	960	576	0	/tmp/riley-opt-260912/multisequence-projection-probe-v2/fixtures/x-576-0-m2-a2.bf16	/tmp/riley-opt-260912/multisequence-projection-probe-v2/fixtures/w-07-qkv.bf16
253	7	0	4	4	960	576	0	/tmp/riley-opt-260912/multisequence-projection-probe-v2/fixtures/x-576-0-m4-a4.bf16	/tmp/riley-opt-260912/multisequence-projection-probe-v2/fixtures/w-07-qkv.bf16
254	7	0	4	3	960	576	0	/tmp/riley-opt-260912/multisequence-projection-probe-v2/fixtures/x-576-0-m4-a3.bf16	/tmp/riley-opt-260912/multisequence-projection-probe-v2/fixtures/w-07-qkv.bf16
255	7	0	2	2	960	576	1	/tmp/riley-opt-260912/multisequence-projection-probe-v2/fixtures/x-576-1-m2-a2.bf16	/tmp/riley-opt-260912/multisequence-projection-probe-v2/fixtures/w-07-qkv.bf16
256	7	0	4	4	960	576	1	/tmp/riley-opt-260912/multisequence-projection-probe-v2/fixtures/x-576-1-m4-a4.bf16	/tmp/riley-opt-260912/multisequence-projection-probe-v2/fixtures/w-07-qkv.bf16
257	7	0	4	3	960	576	1	/tmp/riley-opt-260912/multisequence-projection-probe-v2/fixtures/x-576-1-m4-a3.bf16	/tmp/riley-opt-260912/multisequence-projection-probe-v2/fixtures/w-07-qkv.bf16
258	7	0	2	2	960	576	2	/tmp/riley-opt-260912/multisequence-projection-probe-v2/fixtures/x-576-2-m2-a2.bf16	/tmp/riley-opt-260912/multisequence-projection-probe-v2/fixtures/w-07-qkv.bf16
259	7	0	4	4	960	576	2	/tmp/riley-opt-260912/multisequence-projection-probe-v2/fixtures/x-576-2-m4-a4.bf16	/tmp/riley-opt-260912/multisequence-projection-probe-v2/fixtures/w-07-qkv.bf16
260	7	0	4	3	960	576	2	/tmp/riley-opt-260912/multisequence-projection-probe-v2/fixtures/x-576-2-m4-a3.bf16	/tmp/riley-opt-260912/multisequence-projection-probe-v2/fixtures/w-07-qkv.bf16
261	7	1	2	2	3072	576	0	/tmp/riley-opt-260912/multisequence-projection-probe-v2/fixtures/x-576-0-m2-a2.bf16	/tmp/riley-opt-260912/multisequence-projection-probe-v2/fixtures/w-07-gate_up.bf16
262	7	1	4	4	3072	576	0	/tmp/riley-opt-260912/multisequence-projection-probe-v2/fixtures/x-576-0-m4-a4.bf16	/tmp/riley-opt-260912/multisequence-projection-probe-v2/fixtures/w-07-gate_up.bf16
263	7	1	4	3	3072	576	0	/tmp/riley-opt-260912/multisequence-projection-probe-v2/fixtures/x-576-0-m4-a3.bf16	/tmp/riley-opt-260912/multisequence-projection-probe-v2/fixtures/w-07-gate_up.bf16
264	7	1	2	2	3072	576	1	/tmp/riley-opt-260912/multisequence-projection-probe-v2/fixtures/x-576-1-m2-a2.bf16	/tmp/riley-opt-260912/multisequence-projection-probe-v2/fixtures/w-07-gate_up.bf16
265	7	1	4	4	3072	576	1	/tmp/riley-opt-260912/multisequence-projection-probe-v2/fixtures/x-576-1-m4-a4.bf16	/tmp/riley-opt-260912/multisequence-projection-probe-v2/fixtures/w-07-gate_up.bf16
266	7	1	4	3	3072	576	1	/tmp/riley-opt-260912/multisequence-projection-probe-v2/fixtures/x-576-1-m4-a3.bf16	/tmp/riley-opt-260912/multisequence-projection-probe-v2/fixtures/w-07-gate_up.bf16
267	7	1	2	2	3072	576	2	/tmp/riley-opt-260912/multisequence-projection-probe-v2/fixtures/x-576-2-m2-a2.bf16	/tmp/riley-opt-260912/multisequence-projection-probe-v2/fixtures/w-07-gate_up.bf16
268	7	1	4	4	3072	576	2	/tmp/riley-opt-260912/multisequence-projection-probe-v2/fixtures/x-576-2-m4-a4.bf16	/tmp/riley-opt-260912/multisequence-projection-probe-v2/fixtures/w-07-gate_up.bf16
269	7	1	4	3	3072	576	2	/tmp/riley-opt-260912/multisequence-projection-probe-v2/fixtures/x-576-2-m4-a3.bf16	/tmp/riley-opt-260912/multisequence-projection-probe-v2/fixtures/w-07-gate_up.bf16
270	7	2	2	2	576	576	0	/tmp/riley-opt-260912/multisequence-projection-probe-v2/fixtures/x-576-0-m2-a2.bf16	/tmp/riley-opt-260912/multisequence-projection-probe-v2/fixtures/w-07-o.bf16
271	7	2	4	4	576	576	0	/tmp/riley-opt-260912/multisequence-projection-probe-v2/fixtures/x-576-0-m4-a4.bf16	/tmp/riley-opt-260912/multisequence-projection-probe-v2/fixtures/w-07-o.bf16
272	7	2	4	3	576	576	0	/tmp/riley-opt-260912/multisequence-projection-probe-v2/fixtures/x-576-0-m4-a3.bf16	/tmp/riley-opt-260912/multisequence-projection-probe-v2/fixtures/w-07-o.bf16
273	7	2	2	2	576	576	1	/tmp/riley-opt-260912/multisequence-projection-probe-v2/fixtures/x-576-1-m2-a2.bf16	/tmp/riley-opt-260912/multisequence-projection-probe-v2/fixtures/w-07-o.bf16
274	7	2	4	4	576	576	1	/tmp/riley-opt-260912/multisequence-projection-probe-v2/fixtures/x-576-1-m4-a4.bf16	/tmp/riley-opt-260912/multisequence-projection-probe-v2/fixtures/w-07-o.bf16
275	7	2	4	3	576	576	1	/tmp/riley-opt-260912/multisequence-projection-probe-v2/fixtures/x-576-1-m4-a3.bf16	/tmp/riley-opt-260912/multisequence-projection-probe-v2/fixtures/w-07-o.bf16
276	7	2	2	2	576	576	2	/tmp/riley-opt-260912/multisequence-projection-probe-v2/fixtures/x-576-2-m2-a2.bf16	/tmp/riley-opt-260912/multisequence-projection-probe-v2/fixtures/w-07-o.bf16
277	7	2	4	4	576	576	2	/tmp/riley-opt-260912/multisequence-projection-probe-v2/fixtures/x-576-2-m4-a4.bf16	/tmp/riley-opt-260912/multisequence-projection-probe-v2/fixtures/w-07-o.bf16
278	7	2	4	3	576	576	2	/tmp/riley-opt-260912/multisequence-projection-probe-v2/fixtures/x-576-2-m4-a3.bf16	/tmp/riley-opt-260912/multisequence-projection-probe-v2/fixtures/w-07-o.bf16
279	7	3	2	2	576	1536	0	/tmp/riley-opt-260912/multisequence-projection-probe-v2/fixtures/x-1536-0-m2-a2.bf16	/tmp/riley-opt-260912/multisequence-projection-probe-v2/fixtures/w-07-down.bf16
280	7	3	4	4	576	1536	0	/tmp/riley-opt-260912/multisequence-projection-probe-v2/fixtures/x-1536-0-m4-a4.bf16	/tmp/riley-opt-260912/multisequence-projection-probe-v2/fixtures/w-07-down.bf16
281	7	3	4	3	576	1536	0	/tmp/riley-opt-260912/multisequence-projection-probe-v2/fixtures/x-1536-0-m4-a3.bf16	/tmp/riley-opt-260912/multisequence-projection-probe-v2/fixtures/w-07-down.bf16
282	7	3	2	2	576	1536	1	/tmp/riley-opt-260912/multisequence-projection-probe-v2/fixtures/x-1536-1-m2-a2.bf16	/tmp/riley-opt-260912/multisequence-projection-probe-v2/fixtures/w-07-down.bf16
283	7	3	4	4	576	1536	1	/tmp/riley-opt-260912/multisequence-projection-probe-v2/fixtures/x-1536-1-m4-a4.bf16	/tmp/riley-opt-260912/multisequence-projection-probe-v2/fixtures/w-07-down.bf16
284	7	3	4	3	576	1536	1	/tmp/riley-opt-260912/multisequence-projection-probe-v2/fixtures/x-1536-1-m4-a3.bf16	/tmp/riley-opt-260912/multisequence-projection-probe-v2/fixtures/w-07-down.bf16
285	7	3	2	2	576	1536	2	/tmp/riley-opt-260912/multisequence-projection-probe-v2/fixtures/x-1536-2-m2-a2.bf16	/tmp/riley-opt-260912/multisequence-projection-probe-v2/fixtures/w-07-down.bf16
286	7	3	4	4	576	1536	2	/tmp/riley-opt-260912/multisequence-projection-probe-v2/fixtures/x-1536-2-m4-a4.bf16	/tmp/riley-opt-260912/multisequence-projection-probe-v2/fixtures/w-07-down.bf16
287	7	3	4	3	576	1536	2	/tmp/riley-opt-260912/multisequence-projection-probe-v2/fixtures/x-1536-2-m4-a3.bf16	/tmp/riley-opt-260912/multisequence-projection-probe-v2/fixtures/w-07-down.bf16
288	8	0	2	2	960	576	0	/tmp/riley-opt-260912/multisequence-projection-probe-v2/fixtures/x-576-0-m2-a2.bf16	/tmp/riley-opt-260912/multisequence-projection-probe-v2/fixtures/w-08-qkv.bf16
289	8	0	4	4	960	576	0	/tmp/riley-opt-260912/multisequence-projection-probe-v2/fixtures/x-576-0-m4-a4.bf16	/tmp/riley-opt-260912/multisequence-projection-probe-v2/fixtures/w-08-qkv.bf16
290	8	0	4	3	960	576	0	/tmp/riley-opt-260912/multisequence-projection-probe-v2/fixtures/x-576-0-m4-a3.bf16	/tmp/riley-opt-260912/multisequence-projection-probe-v2/fixtures/w-08-qkv.bf16
291	8	0	2	2	960	576	1	/tmp/riley-opt-260912/multisequence-projection-probe-v2/fixtures/x-576-1-m2-a2.bf16	/tmp/riley-opt-260912/multisequence-projection-probe-v2/fixtures/w-08-qkv.bf16
292	8	0	4	4	960	576	1	/tmp/riley-opt-260912/multisequence-projection-probe-v2/fixtures/x-576-1-m4-a4.bf16	/tmp/riley-opt-260912/multisequence-projection-probe-v2/fixtures/w-08-qkv.bf16
293	8	0	4	3	960	576	1	/tmp/riley-opt-260912/multisequence-projection-probe-v2/fixtures/x-576-1-m4-a3.bf16	/tmp/riley-opt-260912/multisequence-projection-probe-v2/fixtures/w-08-qkv.bf16
294	8	0	2	2	960	576	2	/tmp/riley-opt-260912/multisequence-projection-probe-v2/fixtures/x-576-2-m2-a2.bf16	/tmp/riley-opt-260912/multisequence-projection-probe-v2/fixtures/w-08-qkv.bf16
295	8	0	4	4	960	576	2	/tmp/riley-opt-260912/multisequence-projection-probe-v2/fixtures/x-576-2-m4-a4.bf16	/tmp/riley-opt-260912/multisequence-projection-probe-v2/fixtures/w-08-qkv.bf16
296	8	0	4	3	960	576	2	/tmp/riley-opt-260912/multisequence-projection-probe-v2/fixtures/x-576-2-m4-a3.bf16	/tmp/riley-opt-260912/multisequence-projection-probe-v2/fixtures/w-08-qkv.bf16
297	8	1	2	2	3072	576	0	/tmp/riley-opt-260912/multisequence-projection-probe-v2/fixtures/x-576-0-m2-a2.bf16	/tmp/riley-opt-260912/multisequence-projection-probe-v2/fixtures/w-08-gate_up.bf16
298	8	1	4	4	3072	576	0	/tmp/riley-opt-260912/multisequence-projection-probe-v2/fixtures/x-576-0-m4-a4.bf16	/tmp/riley-opt-260912/multisequence-projection-probe-v2/fixtures/w-08-gate_up.bf16
299	8	1	4	3	3072	576	0	/tmp/riley-opt-260912/multisequence-projection-probe-v2/fixtures/x-576-0-m4-a3.bf16	/tmp/riley-opt-260912/multisequence-projection-probe-v2/fixtures/w-08-gate_up.bf16
300	8	1	2	2	3072	576	1	/tmp/riley-opt-260912/multisequence-projection-probe-v2/fixtures/x-576-1-m2-a2.bf16	/tmp/riley-opt-260912/multisequence-projection-probe-v2/fixtures/w-08-gate_up.bf16
301	8	1	4	4	3072	576	1	/tmp/riley-opt-260912/multisequence-projection-probe-v2/fixtures/x-576-1-m4-a4.bf16	/tmp/riley-opt-260912/multisequence-projection-probe-v2/fixtures/w-08-gate_up.bf16
302	8	1	4	3	3072	576	1	/tmp/riley-opt-260912/multisequence-projection-probe-v2/fixtures/x-576-1-m4-a3.bf16	/tmp/riley-opt-260912/multisequence-projection-probe-v2/fixtures/w-08-gate_up.bf16
303	8	1	2	2	3072	576	2	/tmp/riley-opt-260912/multisequence-projection-probe-v2/fixtures/x-576-2-m2-a2.bf16	/tmp/riley-opt-260912/multisequence-projection-probe-v2/fixtures/w-08-gate_up.bf16
304	8	1	4	4	3072	576	2	/tmp/riley-opt-260912/multisequence-projection-probe-v2/fixtures/x-576-2-m4-a4.bf16	/tmp/riley-opt-260912/multisequence-projection-probe-v2/fixtures/w-08-gate_up.bf16
305	8	1	4	3	3072	576	2	/tmp/riley-opt-260912/multisequence-projection-probe-v2/fixtures/x-576-2-m4-a3.bf16	/tmp/riley-opt-260912/multisequence-projection-probe-v2/fixtures/w-08-gate_up.bf16
306	8	2	2	2	576	576	0	/tmp/riley-opt-260912/multisequence-projection-probe-v2/fixtures/x-576-0-m2-a2.bf16	/tmp/riley-opt-260912/multisequence-projection-probe-v2/fixtures/w-08-o.bf16
307	8	2	4	4	576	576	0	/tmp/riley-opt-260912/multisequence-projection-probe-v2/fixtures/x-576-0-m4-a4.bf16	/tmp/riley-opt-260912/multisequence-projection-probe-v2/fixtures/w-08-o.bf16
308	8	2	4	3	576	576	0	/tmp/riley-opt-260912/multisequence-projection-probe-v2/fixtures/x-576-0-m4-a3.bf16	/tmp/riley-opt-260912/multisequence-projection-probe-v2/fixtures/w-08-o.bf16
309	8	2	2	2	576	576	1	/tmp/riley-opt-260912/multisequence-projection-probe-v2/fixtures/x-576-1-m2-a2.bf16	/tmp/riley-opt-260912/multisequence-projection-probe-v2/fixtures/w-08-o.bf16
310	8	2	4	4	576	576	1	/tmp/riley-opt-260912/multisequence-projection-probe-v2/fixtures/x-576-1-m4-a4.bf16	/tmp/riley-opt-260912/multisequence-projection-probe-v2/fixtures/w-08-o.bf16
311	8	2	4	3	576	576	1	/tmp/riley-opt-260912/multisequence-projection-probe-v2/fixtures/x-576-1-m4-a3.bf16	/tmp/riley-opt-260912/multisequence-projection-probe-v2/fixtures/w-08-o.bf16
312	8	2	2	2	576	576	2	/tmp/riley-opt-260912/multisequence-projection-probe-v2/fixtures/x-576-2-m2-a2.bf16	/tmp/riley-opt-260912/multisequence-projection-probe-v2/fixtures/w-08-o.bf16
313	8	2	4	4	576	576	2	/tmp/riley-opt-260912/multisequence-projection-probe-v2/fixtures/x-576-2-m4-a4.bf16	/tmp/riley-opt-260912/multisequence-projection-probe-v2/fixtures/w-08-o.bf16
314	8	2	4	3	576	576	2	/tmp/riley-opt-260912/multisequence-projection-probe-v2/fixtures/x-576-2-m4-a3.bf16	/tmp/riley-opt-260912/multisequence-projection-probe-v2/fixtures/w-08-o.bf16
315	8	3	2	2	576	1536	0	/tmp/riley-opt-260912/multisequence-projection-probe-v2/fixtures/x-1536-0-m2-a2.bf16	/tmp/riley-opt-260912/multisequence-projection-probe-v2/fixtures/w-08-down.bf16
316	8	3	4	4	576	1536	0	/tmp/riley-opt-260912/multisequence-projection-probe-v2/fixtures/x-1536-0-m4-a4.bf16	/tmp/riley-opt-260912/multisequence-projection-probe-v2/fixtures/w-08-down.bf16
317	8	3	4	3	576	1536	0	/tmp/riley-opt-260912/multisequence-projection-probe-v2/fixtures/x-1536-0-m4-a3.bf16	/tmp/riley-opt-260912/multisequence-projection-probe-v2/fixtures/w-08-down.bf16
318	8	3	2	2	576	1536	1	/tmp/riley-opt-260912/multisequence-projection-probe-v2/fixtures/x-1536-1-m2-a2.bf16	/tmp/riley-opt-260912/multisequence-projection-probe-v2/fixtures/w-08-down.bf16
319	8	3	4	4	576	1536	1	/tmp/riley-opt-260912/multisequence-projection-probe-v2/fixtures/x-1536-1-m4-a4.bf16	/tmp/riley-opt-260912/multisequence-projection-probe-v2/fixtures/w-08-down.bf16
320	8	3	4	3	576	1536	1	/tmp/riley-opt-260912/multisequence-projection-probe-v2/fixtures/x-1536-1-m4-a3.bf16	/tmp/riley-opt-260912/multisequence-projection-probe-v2/fixtures/w-08-down.bf16
321	8	3	2	2	576	1536	2	/tmp/riley-opt-260912/multisequence-projection-probe-v2/fixtures/x-1536-2-m2-a2.bf16	/tmp/riley-opt-260912/multisequence-projection-probe-v2/fixtures/w-08-down.bf16
322	8	3	4	4	576	1536	2	/tmp/riley-opt-260912/multisequence-projection-probe-v2/fixtures/x-1536-2-m4-a4.bf16	/tmp/riley-opt-260912/multisequence-projection-probe-v2/fixtures/w-08-down.bf16
323	8	3	4	3	576	1536	2	/tmp/riley-opt-260912/multisequence-projection-probe-v2/fixtures/x-1536-2-m4-a3.bf16	/tmp/riley-opt-260912/multisequence-projection-probe-v2/fixtures/w-08-down.bf16
324	9	0	2	2	960	576	0	/tmp/riley-opt-260912/multisequence-projection-probe-v2/fixtures/x-576-0-m2-a2.bf16	/tmp/riley-opt-260912/multisequence-projection-probe-v2/fixtures/w-09-qkv.bf16
325	9	0	4	4	960	576	0	/tmp/riley-opt-260912/multisequence-projection-probe-v2/fixtures/x-576-0-m4-a4.bf16	/tmp/riley-opt-260912/multisequence-projection-probe-v2/fixtures/w-09-qkv.bf16
326	9	0	4	3	960	576	0	/tmp/riley-opt-260912/multisequence-projection-probe-v2/fixtures/x-576-0-m4-a3.bf16	/tmp/riley-opt-260912/multisequence-projection-probe-v2/fixtures/w-09-qkv.bf16
327	9	0	2	2	960	576	1	/tmp/riley-opt-260912/multisequence-projection-probe-v2/fixtures/x-576-1-m2-a2.bf16	/tmp/riley-opt-260912/multisequence-projection-probe-v2/fixtures/w-09-qkv.bf16
328	9	0	4	4	960	576	1	/tmp/riley-opt-260912/multisequence-projection-probe-v2/fixtures/x-576-1-m4-a4.bf16	/tmp/riley-opt-260912/multisequence-projection-probe-v2/fixtures/w-09-qkv.bf16
329	9	0	4	3	960	576	1	/tmp/riley-opt-260912/multisequence-projection-probe-v2/fixtures/x-576-1-m4-a3.bf16	/tmp/riley-opt-260912/multisequence-projection-probe-v2/fixtures/w-09-qkv.bf16
330	9	0	2	2	960	576	2	/tmp/riley-opt-260912/multisequence-projection-probe-v2/fixtures/x-576-2-m2-a2.bf16	/tmp/riley-opt-260912/multisequence-projection-probe-v2/fixtures/w-09-qkv.bf16
331	9	0	4	4	960	576	2	/tmp/riley-opt-260912/multisequence-projection-probe-v2/fixtures/x-576-2-m4-a4.bf16	/tmp/riley-opt-260912/multisequence-projection-probe-v2/fixtures/w-09-qkv.bf16
332	9	0	4	3	960	576	2	/tmp/riley-opt-260912/multisequence-projection-probe-v2/fixtures/x-576-2-m4-a3.bf16	/tmp/riley-opt-260912/multisequence-projection-probe-v2/fixtures/w-09-qkv.bf16
333	9	1	2	2	3072	576	0	/tmp/riley-opt-260912/multisequence-projection-probe-v2/fixtures/x-576-0-m2-a2.bf16	/tmp/riley-opt-260912/multisequence-projection-probe-v2/fixtures/w-09-gate_up.bf16
334	9	1	4	4	3072	576	0	/tmp/riley-opt-260912/multisequence-projection-probe-v2/fixtures/x-576-0-m4-a4.bf16	/tmp/riley-opt-260912/multisequence-projection-probe-v2/fixtures/w-09-gate_up.bf16
335	9	1	4	3	3072	576	0	/tmp/riley-opt-260912/multisequence-projection-probe-v2/fixtures/x-576-0-m4-a3.bf16	/tmp/riley-opt-260912/multisequence-projection-probe-v2/fixtures/w-09-gate_up.bf16
336	9	1	2	2	3072	576	1	/tmp/riley-opt-260912/multisequence-projection-probe-v2/fixtures/x-576-1-m2-a2.bf16	/tmp/riley-opt-260912/multisequence-projection-probe-v2/fixtures/w-09-gate_up.bf16
337	9	1	4	4	3072	576	1	/tmp/riley-opt-260912/multisequence-projection-probe-v2/fixtures/x-576-1-m4-a4.bf16	/tmp/riley-opt-260912/multisequence-projection-probe-v2/fixtures/w-09-gate_up.bf16
338	9	1	4	3	3072	576	1	/tmp/riley-opt-260912/multisequence-projection-probe-v2/fixtures/x-576-1-m4-a3.bf16	/tmp/riley-opt-260912/multisequence-projection-probe-v2/fixtures/w-09-gate_up.bf16
339	9	1	2	2	3072	576	2	/tmp/riley-opt-260912/multisequence-projection-probe-v2/fixtures/x-576-2-m2-a2.bf16	/tmp/riley-opt-260912/multisequence-projection-probe-v2/fixtures/w-09-gate_up.bf16
340	9	1	4	4	3072	576	2	/tmp/riley-opt-260912/multisequence-projection-probe-v2/fixtures/x-576-2-m4-a4.bf16	/tmp/riley-opt-260912/multisequence-projection-probe-v2/fixtures/w-09-gate_up.bf16
341	9	1	4	3	3072	576	2	/tmp/riley-opt-260912/multisequence-projection-probe-v2/fixtures/x-576-2-m4-a3.bf16	/tmp/riley-opt-260912/multisequence-projection-probe-v2/fixtures/w-09-gate_up.bf16
342	9	2	2	2	576	576	0	/tmp/riley-opt-260912/multisequence-projection-probe-v2/fixtures/x-576-0-m2-a2.bf16	/tmp/riley-opt-260912/multisequence-projection-probe-v2/fixtures/w-09-o.bf16
343	9	2	4	4	576	576	0	/tmp/riley-opt-260912/multisequence-projection-probe-v2/fixtures/x-576-0-m4-a4.bf16	/tmp/riley-opt-260912/multisequence-projection-probe-v2/fixtures/w-09-o.bf16
344	9	2	4	3	576	576	0	/tmp/riley-opt-260912/multisequence-projection-probe-v2/fixtures/x-576-0-m4-a3.bf16	/tmp/riley-opt-260912/multisequence-projection-probe-v2/fixtures/w-09-o.bf16
345	9	2	2	2	576	576	1	/tmp/riley-opt-260912/multisequence-projection-probe-v2/fixtures/x-576-1-m2-a2.bf16	/tmp/riley-opt-260912/multisequence-projection-probe-v2/fixtures/w-09-o.bf16
346	9	2	4	4	576	576	1	/tmp/riley-opt-260912/multisequence-projection-probe-v2/fixtures/x-576-1-m4-a4.bf16	/tmp/riley-opt-260912/multisequence-projection-probe-v2/fixtures/w-09-o.bf16
347	9	2	4	3	576	576	1	/tmp/riley-opt-260912/multisequence-projection-probe-v2/fixtures/x-576-1-m4-a3.bf16	/tmp/riley-opt-260912/multisequence-projection-probe-v2/fixtures/w-09-o.bf16
348	9	2	2	2	576	576	2	/tmp/riley-opt-260912/multisequence-projection-probe-v2/fixtures/x-576-2-m2-a2.bf16	/tmp/riley-opt-260912/multisequence-projection-probe-v2/fixtures/w-09-o.bf16
349	9	2	4	4	576	576	2	/tmp/riley-opt-260912/multisequence-projection-probe-v2/fixtures/x-576-2-m4-a4.bf16	/tmp/riley-opt-260912/multisequence-projection-probe-v2/fixtures/w-09-o.bf16
350	9	2	4	3	576	576	2	/tmp/riley-opt-260912/multisequence-projection-probe-v2/fixtures/x-576-2-m4-a3.bf16	/tmp/riley-opt-260912/multisequence-projection-probe-v2/fixtures/w-09-o.bf16
351	9	3	2	2	576	1536	0	/tmp/riley-opt-260912/multisequence-projection-probe-v2/fixtures/x-1536-0-m2-a2.bf16	/tmp/riley-opt-260912/multisequence-projection-probe-v2/fixtures/w-09-down.bf16
352	9	3	4	4	576	1536	0	/tmp/riley-opt-260912/multisequence-projection-probe-v2/fixtures/x-1536-0-m4-a4.bf16	/tmp/riley-opt-260912/multisequence-projection-probe-v2/fixtures/w-09-down.bf16
353	9	3	4	3	576	1536	0	/tmp/riley-opt-260912/multisequence-projection-probe-v2/fixtures/x-1536-0-m4-a3.bf16	/tmp/riley-opt-260912/multisequence-projection-probe-v2/fixtures/w-09-down.bf16
354	9	3	2	2	576	1536	1	/tmp/riley-opt-260912/multisequence-projection-probe-v2/fixtures/x-1536-1-m2-a2.bf16	/tmp/riley-opt-260912/multisequence-projection-probe-v2/fixtures/w-09-down.bf16
355	9	3	4	4	576	1536	1	/tmp/riley-opt-260912/multisequence-projection-probe-v2/fixtures/x-1536-1-m4-a4.bf16	/tmp/riley-opt-260912/multisequence-projection-probe-v2/fixtures/w-09-down.bf16
356	9	3	4	3	576	1536	1	/tmp/riley-opt-260912/multisequence-projection-probe-v2/fixtures/x-1536-1-m4-a3.bf16	/tmp/riley-opt-260912/multisequence-projection-probe-v2/fixtures/w-09-down.bf16
357	9	3	2	2	576	1536	2	/tmp/riley-opt-260912/multisequence-projection-probe-v2/fixtures/x-1536-2-m2-a2.bf16	/tmp/riley-opt-260912/multisequence-projection-probe-v2/fixtures/w-09-down.bf16
358	9	3	4	4	576	1536	2	/tmp/riley-opt-260912/multisequence-projection-probe-v2/fixtures/x-1536-2-m4-a4.bf16	/tmp/riley-opt-260912/multisequence-projection-probe-v2/fixtures/w-09-down.bf16
359	9	3	4	3	576	1536	2	/tmp/riley-opt-260912/multisequence-projection-probe-v2/fixtures/x-1536-2-m4-a3.bf16	/tmp/riley-opt-260912/multisequence-projection-probe-v2/fixtures/w-09-down.bf16
360	10	0	2	2	960	576	0	/tmp/riley-opt-260912/multisequence-projection-probe-v2/fixtures/x-576-0-m2-a2.bf16	/tmp/riley-opt-260912/multisequence-projection-probe-v2/fixtures/w-10-qkv.bf16
361	10	0	4	4	960	576	0	/tmp/riley-opt-260912/multisequence-projection-probe-v2/fixtures/x-576-0-m4-a4.bf16	/tmp/riley-opt-260912/multisequence-projection-probe-v2/fixtures/w-10-qkv.bf16
362	10	0	4	3	960	576	0	/tmp/riley-opt-260912/multisequence-projection-probe-v2/fixtures/x-576-0-m4-a3.bf16	/tmp/riley-opt-260912/multisequence-projection-probe-v2/fixtures/w-10-qkv.bf16
363	10	0	2	2	960	576	1	/tmp/riley-opt-260912/multisequence-projection-probe-v2/fixtures/x-576-1-m2-a2.bf16	/tmp/riley-opt-260912/multisequence-projection-probe-v2/fixtures/w-10-qkv.bf16
364	10	0	4	4	960	576	1	/tmp/riley-opt-260912/multisequence-projection-probe-v2/fixtures/x-576-1-m4-a4.bf16	/tmp/riley-opt-260912/multisequence-projection-probe-v2/fixtures/w-10-qkv.bf16
365	10	0	4	3	960	576	1	/tmp/riley-opt-260912/multisequence-projection-probe-v2/fixtures/x-576-1-m4-a3.bf16	/tmp/riley-opt-260912/multisequence-projection-probe-v2/fixtures/w-10-qkv.bf16
366	10	0	2	2	960	576	2	/tmp/riley-opt-260912/multisequence-projection-probe-v2/fixtures/x-576-2-m2-a2.bf16	/tmp/riley-opt-260912/multisequence-projection-probe-v2/fixtures/w-10-qkv.bf16
367	10	0	4	4	960	576	2	/tmp/riley-opt-260912/multisequence-projection-probe-v2/fixtures/x-576-2-m4-a4.bf16	/tmp/riley-opt-260912/multisequence-projection-probe-v2/fixtures/w-10-qkv.bf16
368	10	0	4	3	960	576	2	/tmp/riley-opt-260912/multisequence-projection-probe-v2/fixtures/x-576-2-m4-a3.bf16	/tmp/riley-opt-260912/multisequence-projection-probe-v2/fixtures/w-10-qkv.bf16
369	10	1	2	2	3072	576	0	/tmp/riley-opt-260912/multisequence-projection-probe-v2/fixtures/x-576-0-m2-a2.bf16	/tmp/riley-opt-260912/multisequence-projection-probe-v2/fixtures/w-10-gate_up.bf16
370	10	1	4	4	3072	576	0	/tmp/riley-opt-260912/multisequence-projection-probe-v2/fixtures/x-576-0-m4-a4.bf16	/tmp/riley-opt-260912/multisequence-projection-probe-v2/fixtures/w-10-gate_up.bf16
371	10	1	4	3	3072	576	0	/tmp/riley-opt-260912/multisequence-projection-probe-v2/fixtures/x-576-0-m4-a3.bf16	/tmp/riley-opt-260912/multisequence-projection-probe-v2/fixtures/w-10-gate_up.bf16
372	10	1	2	2	3072	576	1	/tmp/riley-opt-260912/multisequence-projection-probe-v2/fixtures/x-576-1-m2-a2.bf16	/tmp/riley-opt-260912/multisequence-projection-probe-v2/fixtures/w-10-gate_up.bf16
373	10	1	4	4	3072	576	1	/tmp/riley-opt-260912/multisequence-projection-probe-v2/fixtures/x-576-1-m4-a4.bf16	/tmp/riley-opt-260912/multisequence-projection-probe-v2/fixtures/w-10-gate_up.bf16
374	10	1	4	3	3072	576	1	/tmp/riley-opt-260912/multisequence-projection-probe-v2/fixtures/x-576-1-m4-a3.bf16	/tmp/riley-opt-260912/multisequence-projection-probe-v2/fixtures/w-10-gate_up.bf16
375	10	1	2	2	3072	576	2	/tmp/riley-opt-260912/multisequence-projection-probe-v2/fixtures/x-576-2-m2-a2.bf16	/tmp/riley-opt-260912/multisequence-projection-probe-v2/fixtures/w-10-gate_up.bf16
376	10	1	4	4	3072	576	2	/tmp/riley-opt-260912/multisequence-projection-probe-v2/fixtures/x-576-2-m4-a4.bf16	/tmp/riley-opt-260912/multisequence-projection-probe-v2/fixtures/w-10-gate_up.bf16
377	10	1	4	3	3072	576	2	/tmp/riley-opt-260912/multisequence-projection-probe-v2/fixtures/x-576-2-m4-a3.bf16	/tmp/riley-opt-260912/multisequence-projection-probe-v2/fixtures/w-10-gate_up.bf16
378	10	2	2	2	576	576	0	/tmp/riley-opt-260912/multisequence-projection-probe-v2/fixtures/x-576-0-m2-a2.bf16	/tmp/riley-opt-260912/multisequence-projection-probe-v2/fixtures/w-10-o.bf16
379	10	2	4	4	576	576	0	/tmp/riley-opt-260912/multisequence-projection-probe-v2/fixtures/x-576-0-m4-a4.bf16	/tmp/riley-opt-260912/multisequence-projection-probe-v2/fixtures/w-10-o.bf16
380	10	2	4	3	576	576	0	/tmp/riley-opt-260912/multisequence-projection-probe-v2/fixtures/x-576-0-m4-a3.bf16	/tmp/riley-opt-260912/multisequence-projection-probe-v2/fixtures/w-10-o.bf16
381	10	2	2	2	576	576	1	/tmp/riley-opt-260912/multisequence-projection-probe-v2/fixtures/x-576-1-m2-a2.bf16	/tmp/riley-opt-260912/multisequence-projection-probe-v2/fixtures/w-10-o.bf16
382	10	2	4	4	576	576	1	/tmp/riley-opt-260912/multisequence-projection-probe-v2/fixtures/x-576-1-m4-a4.bf16	/tmp/riley-opt-260912/multisequence-projection-probe-v2/fixtures/w-10-o.bf16
383	10	2	4	3	576	576	1	/tmp/riley-opt-260912/multisequence-projection-probe-v2/fixtures/x-576-1-m4-a3.bf16	/tmp/riley-opt-260912/multisequence-projection-probe-v2/fixtures/w-10-o.bf16
384	10	2	2	2	576	576	2	/tmp/riley-opt-260912/multisequence-projection-probe-v2/fixtures/x-576-2-m2-a2.bf16	/tmp/riley-opt-260912/multisequence-projection-probe-v2/fixtures/w-10-o.bf16
385	10	2	4	4	576	576	2	/tmp/riley-opt-260912/multisequence-projection-probe-v2/fixtures/x-576-2-m4-a4.bf16	/tmp/riley-opt-260912/multisequence-projection-probe-v2/fixtures/w-10-o.bf16
386	10	2	4	3	576	576	2	/tmp/riley-opt-260912/multisequence-projection-probe-v2/fixtures/x-576-2-m4-a3.bf16	/tmp/riley-opt-260912/multisequence-projection-probe-v2/fixtures/w-10-o.bf16
387	10	3	2	2	576	1536	0	/tmp/riley-opt-260912/multisequence-projection-probe-v2/fixtures/x-1536-0-m2-a2.bf16	/tmp/riley-opt-260912/multisequence-projection-probe-v2/fixtures/w-10-down.bf16
388	10	3	4	4	576	1536	0	/tmp/riley-opt-260912/multisequence-projection-probe-v2/fixtures/x-1536-0-m4-a4.bf16	/tmp/riley-opt-260912/multisequence-projection-probe-v2/fixtures/w-10-down.bf16
389	10	3	4	3	576	1536	0	/tmp/riley-opt-260912/multisequence-projection-probe-v2/fixtures/x-1536-0-m4-a3.bf16	/tmp/riley-opt-260912/multisequence-projection-probe-v2/fixtures/w-10-down.bf16
390	10	3	2	2	576	1536	1	/tmp/riley-opt-260912/multisequence-projection-probe-v2/fixtures/x-1536-1-m2-a2.bf16	/tmp/riley-opt-260912/multisequence-projection-probe-v2/fixtures/w-10-down.bf16
391	10	3	4	4	576	1536	1	/tmp/riley-opt-260912/multisequence-projection-probe-v2/fixtures/x-1536-1-m4-a4.bf16	/tmp/riley-opt-260912/multisequence-projection-probe-v2/fixtures/w-10-down.bf16
392	10	3	4	3	576	1536	1	/tmp/riley-opt-260912/multisequence-projection-probe-v2/fixtures/x-1536-1-m4-a3.bf16	/tmp/riley-opt-260912/multisequence-projection-probe-v2/fixtures/w-10-down.bf16
393	10	3	2	2	576	1536	2	/tmp/riley-opt-260912/multisequence-projection-probe-v2/fixtures/x-1536-2-m2-a2.bf16	/tmp/riley-opt-260912/multisequence-projection-probe-v2/fixtures/w-10-down.bf16
394	10	3	4	4	576	1536	2	/tmp/riley-opt-260912/multisequence-projection-probe-v2/fixtures/x-1536-2-m4-a4.bf16	/tmp/riley-opt-260912/multisequence-projection-probe-v2/fixtures/w-10-down.bf16
395	10	3	4	3	576	1536	2	/tmp/riley-opt-260912/multisequence-projection-probe-v2/fixtures/x-1536-2-m4-a3.bf16	/tmp/riley-opt-260912/multisequence-projection-probe-v2/fixtures/w-10-down.bf16
396	11	0	2	2	960	576	0	/tmp/riley-opt-260912/multisequence-projection-probe-v2/fixtures/x-576-0-m2-a2.bf16	/tmp/riley-opt-260912/multisequence-projection-probe-v2/fixtures/w-11-qkv.bf16
397	11	0	4	4	960	576	0	/tmp/riley-opt-260912/multisequence-projection-probe-v2/fixtures/x-576-0-m4-a4.bf16	/tmp/riley-opt-260912/multisequence-projection-probe-v2/fixtures/w-11-qkv.bf16
398	11	0	4	3	960	576	0	/tmp/riley-opt-260912/multisequence-projection-probe-v2/fixtures/x-576-0-m4-a3.bf16	/tmp/riley-opt-260912/multisequence-projection-probe-v2/fixtures/w-11-qkv.bf16
399	11	0	2	2	960	576	1	/tmp/riley-opt-260912/multisequence-projection-probe-v2/fixtures/x-576-1-m2-a2.bf16	/tmp/riley-opt-260912/multisequence-projection-probe-v2/fixtures/w-11-qkv.bf16
400	11	0	4	4	960	576	1	/tmp/riley-opt-260912/multisequence-projection-probe-v2/fixtures/x-576-1-m4-a4.bf16	/tmp/riley-opt-260912/multisequence-projection-probe-v2/fixtures/w-11-qkv.bf16
401	11	0	4	3	960	576	1	/tmp/riley-opt-260912/multisequence-projection-probe-v2/fixtures/x-576-1-m4-a3.bf16	/tmp/riley-opt-260912/multisequence-projection-probe-v2/fixtures/w-11-qkv.bf16
402	11	0	2	2	960	576	2	/tmp/riley-opt-260912/multisequence-projection-probe-v2/fixtures/x-576-2-m2-a2.bf16	/tmp/riley-opt-260912/multisequence-projection-probe-v2/fixtures/w-11-qkv.bf16
403	11	0	4	4	960	576	2	/tmp/riley-opt-260912/multisequence-projection-probe-v2/fixtures/x-576-2-m4-a4.bf16	/tmp/riley-opt-260912/multisequence-projection-probe-v2/fixtures/w-11-qkv.bf16
404	11	0	4	3	960	576	2	/tmp/riley-opt-260912/multisequence-projection-probe-v2/fixtures/x-576-2-m4-a3.bf16	/tmp/riley-opt-260912/multisequence-projection-probe-v2/fixtures/w-11-qkv.bf16
405	11	1	2	2	3072	576	0	/tmp/riley-opt-260912/multisequence-projection-probe-v2/fixtures/x-576-0-m2-a2.bf16	/tmp/riley-opt-260912/multisequence-projection-probe-v2/fixtures/w-11-gate_up.bf16
406	11	1	4	4	3072	576	0	/tmp/riley-opt-260912/multisequence-projection-probe-v2/fixtures/x-576-0-m4-a4.bf16	/tmp/riley-opt-260912/multisequence-projection-probe-v2/fixtures/w-11-gate_up.bf16
407	11	1	4	3	3072	576	0	/tmp/riley-opt-260912/multisequence-projection-probe-v2/fixtures/x-576-0-m4-a3.bf16	/tmp/riley-opt-260912/multisequence-projection-probe-v2/fixtures/w-11-gate_up.bf16
408	11	1	2	2	3072	576	1	/tmp/riley-opt-260912/multisequence-projection-probe-v2/fixtures/x-576-1-m2-a2.bf16	/tmp/riley-opt-260912/multisequence-projection-probe-v2/fixtures/w-11-gate_up.bf16
409	11	1	4	4	3072	576	1	/tmp/riley-opt-260912/multisequence-projection-probe-v2/fixtures/x-576-1-m4-a4.bf16	/tmp/riley-opt-260912/multisequence-projection-probe-v2/fixtures/w-11-gate_up.bf16
410	11	1	4	3	3072	576	1	/tmp/riley-opt-260912/multisequence-projection-probe-v2/fixtures/x-576-1-m4-a3.bf16	/tmp/riley-opt-260912/multisequence-projection-probe-v2/fixtures/w-11-gate_up.bf16
411	11	1	2	2	3072	576	2	/tmp/riley-opt-260912/multisequence-projection-probe-v2/fixtures/x-576-2-m2-a2.bf16	/tmp/riley-opt-260912/multisequence-projection-probe-v2/fixtures/w-11-gate_up.bf16
412	11	1	4	4	3072	576	2	/tmp/riley-opt-260912/multisequence-projection-probe-v2/fixtures/x-576-2-m4-a4.bf16	/tmp/riley-opt-260912/multisequence-projection-probe-v2/fixtures/w-11-gate_up.bf16
413	11	1	4	3	3072	576	2	/tmp/riley-opt-260912/multisequence-projection-probe-v2/fixtures/x-576-2-m4-a3.bf16	/tmp/riley-opt-260912/multisequence-projection-probe-v2/fixtures/w-11-gate_up.bf16
414	11	2	2	2	576	576	0	/tmp/riley-opt-260912/multisequence-projection-probe-v2/fixtures/x-576-0-m2-a2.bf16	/tmp/riley-opt-260912/multisequence-projection-probe-v2/fixtures/w-11-o.bf16
415	11	2	4	4	576	576	0	/tmp/riley-opt-260912/multisequence-projection-probe-v2/fixtures/x-576-0-m4-a4.bf16	/tmp/riley-opt-260912/multisequence-projection-probe-v2/fixtures/w-11-o.bf16
416	11	2	4	3	576	576	0	/tmp/riley-opt-260912/multisequence-projection-probe-v2/fixtures/x-576-0-m4-a3.bf16	/tmp/riley-opt-260912/multisequence-projection-probe-v2/fixtures/w-11-o.bf16
417	11	2	2	2	576	576	1	/tmp/riley-opt-260912/multisequence-projection-probe-v2/fixtures/x-576-1-m2-a2.bf16	/tmp/riley-opt-260912/multisequence-projection-probe-v2/fixtures/w-11-o.bf16
418	11	2	4	4	576	576	1	/tmp/riley-opt-260912/multisequence-projection-probe-v2/fixtures/x-576-1-m4-a4.bf16	/tmp/riley-opt-260912/multisequence-projection-probe-v2/fixtures/w-11-o.bf16
419	11	2	4	3	576	576	1	/tmp/riley-opt-260912/multisequence-projection-probe-v2/fixtures/x-576-1-m4-a3.bf16	/tmp/riley-opt-260912/multisequence-projection-probe-v2/fixtures/w-11-o.bf16
420	11	2	2	2	576	576	2	/tmp/riley-opt-260912/multisequence-projection-probe-v2/fixtures/x-576-2-m2-a2.bf16	/tmp/riley-opt-260912/multisequence-projection-probe-v2/fixtures/w-11-o.bf16
421	11	2	4	4	576	576	2	/tmp/riley-opt-260912/multisequence-projection-probe-v2/fixtures/x-576-2-m4-a4.bf16	/tmp/riley-opt-260912/multisequence-projection-probe-v2/fixtures/w-11-o.bf16
422	11	2	4	3	576	576	2	/tmp/riley-opt-260912/multisequence-projection-probe-v2/fixtures/x-576-2-m4-a3.bf16	/tmp/riley-opt-260912/multisequence-projection-probe-v2/fixtures/w-11-o.bf16
423	11	3	2	2	576	1536	0	/tmp/riley-opt-260912/multisequence-projection-probe-v2/fixtures/x-1536-0-m2-a2.bf16	/tmp/riley-opt-260912/multisequence-projection-probe-v2/fixtures/w-11-down.bf16
424	11	3	4	4	576	1536	0	/tmp/riley-opt-260912/multisequence-projection-probe-v2/fixtures/x-1536-0-m4-a4.bf16	/tmp/riley-opt-260912/multisequence-projection-probe-v2/fixtures/w-11-down.bf16
425	11	3	4	3	576	1536	0	/tmp/riley-opt-260912/multisequence-projection-probe-v2/fixtures/x-1536-0-m4-a3.bf16	/tmp/riley-opt-260912/multisequence-projection-probe-v2/fixtures/w-11-down.bf16
426	11	3	2	2	576	1536	1	/tmp/riley-opt-260912/multisequence-projection-probe-v2/fixtures/x-1536-1-m2-a2.bf16	/tmp/riley-opt-260912/multisequence-projection-probe-v2/fixtures/w-11-down.bf16
427	11	3	4	4	576	1536	1	/tmp/riley-opt-260912/multisequence-projection-probe-v2/fixtures/x-1536-1-m4-a4.bf16	/tmp/riley-opt-260912/multisequence-projection-probe-v2/fixtures/w-11-down.bf16
428	11	3	4	3	576	1536	1	/tmp/riley-opt-260912/multisequence-projection-probe-v2/fixtures/x-1536-1-m4-a3.bf16	/tmp/riley-opt-260912/multisequence-projection-probe-v2/fixtures/w-11-down.bf16
429	11	3	2	2	576	1536	2	/tmp/riley-opt-260912/multisequence-projection-probe-v2/fixtures/x-1536-2-m2-a2.bf16	/tmp/riley-opt-260912/multisequence-projection-probe-v2/fixtures/w-11-down.bf16
430	11	3	4	4	576	1536	2	/tmp/riley-opt-260912/multisequence-projection-probe-v2/fixtures/x-1536-2-m4-a4.bf16	/tmp/riley-opt-260912/multisequence-projection-probe-v2/fixtures/w-11-down.bf16
431	11	3	4	3	576	1536	2	/tmp/riley-opt-260912/multisequence-projection-probe-v2/fixtures/x-1536-2-m4-a3.bf16	/tmp/riley-opt-260912/multisequence-projection-probe-v2/fixtures/w-11-down.bf16
432	12	0	2	2	960	576	0	/tmp/riley-opt-260912/multisequence-projection-probe-v2/fixtures/x-576-0-m2-a2.bf16	/tmp/riley-opt-260912/multisequence-projection-probe-v2/fixtures/w-12-qkv.bf16
433	12	0	4	4	960	576	0	/tmp/riley-opt-260912/multisequence-projection-probe-v2/fixtures/x-576-0-m4-a4.bf16	/tmp/riley-opt-260912/multisequence-projection-probe-v2/fixtures/w-12-qkv.bf16
434	12	0	4	3	960	576	0	/tmp/riley-opt-260912/multisequence-projection-probe-v2/fixtures/x-576-0-m4-a3.bf16	/tmp/riley-opt-260912/multisequence-projection-probe-v2/fixtures/w-12-qkv.bf16
435	12	0	2	2	960	576	1	/tmp/riley-opt-260912/multisequence-projection-probe-v2/fixtures/x-576-1-m2-a2.bf16	/tmp/riley-opt-260912/multisequence-projection-probe-v2/fixtures/w-12-qkv.bf16
436	12	0	4	4	960	576	1	/tmp/riley-opt-260912/multisequence-projection-probe-v2/fixtures/x-576-1-m4-a4.bf16	/tmp/riley-opt-260912/multisequence-projection-probe-v2/fixtures/w-12-qkv.bf16
437	12	0	4	3	960	576	1	/tmp/riley-opt-260912/multisequence-projection-probe-v2/fixtures/x-576-1-m4-a3.bf16	/tmp/riley-opt-260912/multisequence-projection-probe-v2/fixtures/w-12-qkv.bf16
438	12	0	2	2	960	576	2	/tmp/riley-opt-260912/multisequence-projection-probe-v2/fixtures/x-576-2-m2-a2.bf16	/tmp/riley-opt-260912/multisequence-projection-probe-v2/fixtures/w-12-qkv.bf16
439	12	0	4	4	960	576	2	/tmp/riley-opt-260912/multisequence-projection-probe-v2/fixtures/x-576-2-m4-a4.bf16	/tmp/riley-opt-260912/multisequence-projection-probe-v2/fixtures/w-12-qkv.bf16
440	12	0	4	3	960	576	2	/tmp/riley-opt-260912/multisequence-projection-probe-v2/fixtures/x-576-2-m4-a3.bf16	/tmp/riley-opt-260912/multisequence-projection-probe-v2/fixtures/w-12-qkv.bf16
441	12	1	2	2	3072	576	0	/tmp/riley-opt-260912/multisequence-projection-probe-v2/fixtures/x-576-0-m2-a2.bf16	/tmp/riley-opt-260912/multisequence-projection-probe-v2/fixtures/w-12-gate_up.bf16
442	12	1	4	4	3072	576	0	/tmp/riley-opt-260912/multisequence-projection-probe-v2/fixtures/x-576-0-m4-a4.bf16	/tmp/riley-opt-260912/multisequence-projection-probe-v2/fixtures/w-12-gate_up.bf16
443	12	1	4	3	3072	576	0	/tmp/riley-opt-260912/multisequence-projection-probe-v2/fixtures/x-576-0-m4-a3.bf16	/tmp/riley-opt-260912/multisequence-projection-probe-v2/fixtures/w-12-gate_up.bf16
444	12	1	2	2	3072	576	1	/tmp/riley-opt-260912/multisequence-projection-probe-v2/fixtures/x-576-1-m2-a2.bf16	/tmp/riley-opt-260912/multisequence-projection-probe-v2/fixtures/w-12-gate_up.bf16
445	12	1	4	4	3072	576	1	/tmp/riley-opt-260912/multisequence-projection-probe-v2/fixtures/x-576-1-m4-a4.bf16	/tmp/riley-opt-260912/multisequence-projection-probe-v2/fixtures/w-12-gate_up.bf16
446	12	1	4	3	3072	576	1	/tmp/riley-opt-260912/multisequence-projection-probe-v2/fixtures/x-576-1-m4-a3.bf16	/tmp/riley-opt-260912/multisequence-projection-probe-v2/fixtures/w-12-gate_up.bf16
447	12	1	2	2	3072	576	2	/tmp/riley-opt-260912/multisequence-projection-probe-v2/fixtures/x-576-2-m2-a2.bf16	/tmp/riley-opt-260912/multisequence-projection-probe-v2/fixtures/w-12-gate_up.bf16
448	12	1	4	4	3072	576	2	/tmp/riley-opt-260912/multisequence-projection-probe-v2/fixtures/x-576-2-m4-a4.bf16	/tmp/riley-opt-260912/multisequence-projection-probe-v2/fixtures/w-12-gate_up.bf16
449	12	1	4	3	3072	576	2	/tmp/riley-opt-260912/multisequence-projection-probe-v2/fixtures/x-576-2-m4-a3.bf16	/tmp/riley-opt-260912/multisequence-projection-probe-v2/fixtures/w-12-gate_up.bf16
450	12	2	2	2	576	576	0	/tmp/riley-opt-260912/multisequence-projection-probe-v2/fixtures/x-576-0-m2-a2.bf16	/tmp/riley-opt-260912/multisequence-projection-probe-v2/fixtures/w-12-o.bf16
451	12	2	4	4	576	576	0	/tmp/riley-opt-260912/multisequence-projection-probe-v2/fixtures/x-576-0-m4-a4.bf16	/tmp/riley-opt-260912/multisequence-projection-probe-v2/fixtures/w-12-o.bf16
452	12	2	4	3	576	576	0	/tmp/riley-opt-260912/multisequence-projection-probe-v2/fixtures/x-576-0-m4-a3.bf16	/tmp/riley-opt-260912/multisequence-projection-probe-v2/fixtures/w-12-o.bf16
453	12	2	2	2	576	576	1	/tmp/riley-opt-260912/multisequence-projection-probe-v2/fixtures/x-576-1-m2-a2.bf16	/tmp/riley-opt-260912/multisequence-projection-probe-v2/fixtures/w-12-o.bf16
454	12	2	4	4	576	576	1	/tmp/riley-opt-260912/multisequence-projection-probe-v2/fixtures/x-576-1-m4-a4.bf16	/tmp/riley-opt-260912/multisequence-projection-probe-v2/fixtures/w-12-o.bf16
455	12	2	4	3	576	576	1	/tmp/riley-opt-260912/multisequence-projection-probe-v2/fixtures/x-576-1-m4-a3.bf16	/tmp/riley-opt-260912/multisequence-projection-probe-v2/fixtures/w-12-o.bf16
456	12	2	2	2	576	576	2	/tmp/riley-opt-260912/multisequence-projection-probe-v2/fixtures/x-576-2-m2-a2.bf16	/tmp/riley-opt-260912/multisequence-projection-probe-v2/fixtures/w-12-o.bf16
457	12	2	4	4	576	576	2	/tmp/riley-opt-260912/multisequence-projection-probe-v2/fixtures/x-576-2-m4-a4.bf16	/tmp/riley-opt-260912/multisequence-projection-probe-v2/fixtures/w-12-o.bf16
458	12	2	4	3	576	576	2	/tmp/riley-opt-260912/multisequence-projection-probe-v2/fixtures/x-576-2-m4-a3.bf16	/tmp/riley-opt-260912/multisequence-projection-probe-v2/fixtures/w-12-o.bf16
459	12	3	2	2	576	1536	0	/tmp/riley-opt-260912/multisequence-projection-probe-v2/fixtures/x-1536-0-m2-a2.bf16	/tmp/riley-opt-260912/multisequence-projection-probe-v2/fixtures/w-12-down.bf16
460	12	3	4	4	576	1536	0	/tmp/riley-opt-260912/multisequence-projection-probe-v2/fixtures/x-1536-0-m4-a4.bf16	/tmp/riley-opt-260912/multisequence-projection-probe-v2/fixtures/w-12-down.bf16
461	12	3	4	3	576	1536	0	/tmp/riley-opt-260912/multisequence-projection-probe-v2/fixtures/x-1536-0-m4-a3.bf16	/tmp/riley-opt-260912/multisequence-projection-probe-v2/fixtures/w-12-down.bf16
462	12	3	2	2	576	1536	1	/tmp/riley-opt-260912/multisequence-projection-probe-v2/fixtures/x-1536-1-m2-a2.bf16	/tmp/riley-opt-260912/multisequence-projection-probe-v2/fixtures/w-12-down.bf16
463	12	3	4	4	576	1536	1	/tmp/riley-opt-260912/multisequence-projection-probe-v2/fixtures/x-1536-1-m4-a4.bf16	/tmp/riley-opt-260912/multisequence-projection-probe-v2/fixtures/w-12-down.bf16
464	12	3	4	3	576	1536	1	/tmp/riley-opt-260912/multisequence-projection-probe-v2/fixtures/x-1536-1-m4-a3.bf16	/tmp/riley-opt-260912/multisequence-projection-probe-v2/fixtures/w-12-down.bf16
465	12	3	2	2	576	1536	2	/tmp/riley-opt-260912/multisequence-projection-probe-v2/fixtures/x-1536-2-m2-a2.bf16	/tmp/riley-opt-260912/multisequence-projection-probe-v2/fixtures/w-12-down.bf16
466	12	3	4	4	576	1536	2	/tmp/riley-opt-260912/multisequence-projection-probe-v2/fixtures/x-1536-2-m4-a4.bf16	/tmp/riley-opt-260912/multisequence-projection-probe-v2/fixtures/w-12-down.bf16
467	12	3	4	3	576	1536	2	/tmp/riley-opt-260912/multisequence-projection-probe-v2/fixtures/x-1536-2-m4-a3.bf16	/tmp/riley-opt-260912/multisequence-projection-probe-v2/fixtures/w-12-down.bf16
468	13	0	2	2	960	576	0	/tmp/riley-opt-260912/multisequence-projection-probe-v2/fixtures/x-576-0-m2-a2.bf16	/tmp/riley-opt-260912/multisequence-projection-probe-v2/fixtures/w-13-qkv.bf16
469	13	0	4	4	960	576	0	/tmp/riley-opt-260912/multisequence-projection-probe-v2/fixtures/x-576-0-m4-a4.bf16	/tmp/riley-opt-260912/multisequence-projection-probe-v2/fixtures/w-13-qkv.bf16
470	13	0	4	3	960	576	0	/tmp/riley-opt-260912/multisequence-projection-probe-v2/fixtures/x-576-0-m4-a3.bf16	/tmp/riley-opt-260912/multisequence-projection-probe-v2/fixtures/w-13-qkv.bf16
471	13	0	2	2	960	576	1	/tmp/riley-opt-260912/multisequence-projection-probe-v2/fixtures/x-576-1-m2-a2.bf16	/tmp/riley-opt-260912/multisequence-projection-probe-v2/fixtures/w-13-qkv.bf16
472	13	0	4	4	960	576	1	/tmp/riley-opt-260912/multisequence-projection-probe-v2/fixtures/x-576-1-m4-a4.bf16	/tmp/riley-opt-260912/multisequence-projection-probe-v2/fixtures/w-13-qkv.bf16
473	13	0	4	3	960	576	1	/tmp/riley-opt-260912/multisequence-projection-probe-v2/fixtures/x-576-1-m4-a3.bf16	/tmp/riley-opt-260912/multisequence-projection-probe-v2/fixtures/w-13-qkv.bf16
474	13	0	2	2	960	576	2	/tmp/riley-opt-260912/multisequence-projection-probe-v2/fixtures/x-576-2-m2-a2.bf16	/tmp/riley-opt-260912/multisequence-projection-probe-v2/fixtures/w-13-qkv.bf16
475	13	0	4	4	960	576	2	/tmp/riley-opt-260912/multisequence-projection-probe-v2/fixtures/x-576-2-m4-a4.bf16	/tmp/riley-opt-260912/multisequence-projection-probe-v2/fixtures/w-13-qkv.bf16
476	13	0	4	3	960	576	2	/tmp/riley-opt-260912/multisequence-projection-probe-v2/fixtures/x-576-2-m4-a3.bf16	/tmp/riley-opt-260912/multisequence-projection-probe-v2/fixtures/w-13-qkv.bf16
477	13	1	2	2	3072	576	0	/tmp/riley-opt-260912/multisequence-projection-probe-v2/fixtures/x-576-0-m2-a2.bf16	/tmp/riley-opt-260912/multisequence-projection-probe-v2/fixtures/w-13-gate_up.bf16
478	13	1	4	4	3072	576	0	/tmp/riley-opt-260912/multisequence-projection-probe-v2/fixtures/x-576-0-m4-a4.bf16	/tmp/riley-opt-260912/multisequence-projection-probe-v2/fixtures/w-13-gate_up.bf16
479	13	1	4	3	3072	576	0	/tmp/riley-opt-260912/multisequence-projection-probe-v2/fixtures/x-576-0-m4-a3.bf16	/tmp/riley-opt-260912/multisequence-projection-probe-v2/fixtures/w-13-gate_up.bf16
480	13	1	2	2	3072	576	1	/tmp/riley-opt-260912/multisequence-projection-probe-v2/fixtures/x-576-1-m2-a2.bf16	/tmp/riley-opt-260912/multisequence-projection-probe-v2/fixtures/w-13-gate_up.bf16
481	13	1	4	4	3072	576	1	/tmp/riley-opt-260912/multisequence-projection-probe-v2/fixtures/x-576-1-m4-a4.bf16	/tmp/riley-opt-260912/multisequence-projection-probe-v2/fixtures/w-13-gate_up.bf16
482	13	1	4	3	3072	576	1	/tmp/riley-opt-260912/multisequence-projection-probe-v2/fixtures/x-576-1-m4-a3.bf16	/tmp/riley-opt-260912/multisequence-projection-probe-v2/fixtures/w-13-gate_up.bf16
483	13	1	2	2	3072	576	2	/tmp/riley-opt-260912/multisequence-projection-probe-v2/fixtures/x-576-2-m2-a2.bf16	/tmp/riley-opt-260912/multisequence-projection-probe-v2/fixtures/w-13-gate_up.bf16
484	13	1	4	4	3072	576	2	/tmp/riley-opt-260912/multisequence-projection-probe-v2/fixtures/x-576-2-m4-a4.bf16	/tmp/riley-opt-260912/multisequence-projection-probe-v2/fixtures/w-13-gate_up.bf16
485	13	1	4	3	3072	576	2	/tmp/riley-opt-260912/multisequence-projection-probe-v2/fixtures/x-576-2-m4-a3.bf16	/tmp/riley-opt-260912/multisequence-projection-probe-v2/fixtures/w-13-gate_up.bf16
486	13	2	2	2	576	576	0	/tmp/riley-opt-260912/multisequence-projection-probe-v2/fixtures/x-576-0-m2-a2.bf16	/tmp/riley-opt-260912/multisequence-projection-probe-v2/fixtures/w-13-o.bf16
487	13	2	4	4	576	576	0	/tmp/riley-opt-260912/multisequence-projection-probe-v2/fixtures/x-576-0-m4-a4.bf16	/tmp/riley-opt-260912/multisequence-projection-probe-v2/fixtures/w-13-o.bf16
488	13	2	4	3	576	576	0	/tmp/riley-opt-260912/multisequence-projection-probe-v2/fixtures/x-576-0-m4-a3.bf16	/tmp/riley-opt-260912/multisequence-projection-probe-v2/fixtures/w-13-o.bf16
489	13	2	2	2	576	576	1	/tmp/riley-opt-260912/multisequence-projection-probe-v2/fixtures/x-576-1-m2-a2.bf16	/tmp/riley-opt-260912/multisequence-projection-probe-v2/fixtures/w-13-o.bf16
490	13	2	4	4	576	576	1	/tmp/riley-opt-260912/multisequence-projection-probe-v2/fixtures/x-576-1-m4-a4.bf16	/tmp/riley-opt-260912/multisequence-projection-probe-v2/fixtures/w-13-o.bf16
491	13	2	4	3	576	576	1	/tmp/riley-opt-260912/multisequence-projection-probe-v2/fixtures/x-576-1-m4-a3.bf16	/tmp/riley-opt-260912/multisequence-projection-probe-v2/fixtures/w-13-o.bf16
492	13	2	2	2	576	576	2	/tmp/riley-opt-260912/multisequence-projection-probe-v2/fixtures/x-576-2-m2-a2.bf16	/tmp/riley-opt-260912/multisequence-projection-probe-v2/fixtures/w-13-o.bf16
493	13	2	4	4	576	576	2	/tmp/riley-opt-260912/multisequence-projection-probe-v2/fixtures/x-576-2-m4-a4.bf16	/tmp/riley-opt-260912/multisequence-projection-probe-v2/fixtures/w-13-o.bf16
494	13	2	4	3	576	576	2	/tmp/riley-opt-260912/multisequence-projection-probe-v2/fixtures/x-576-2-m4-a3.bf16	/tmp/riley-opt-260912/multisequence-projection-probe-v2/fixtures/w-13-o.bf16
495	13	3	2	2	576	1536	0	/tmp/riley-opt-260912/multisequence-projection-probe-v2/fixtures/x-1536-0-m2-a2.bf16	/tmp/riley-opt-260912/multisequence-projection-probe-v2/fixtures/w-13-down.bf16
496	13	3	4	4	576	1536	0	/tmp/riley-opt-260912/multisequence-projection-probe-v2/fixtures/x-1536-0-m4-a4.bf16	/tmp/riley-opt-260912/multisequence-projection-probe-v2/fixtures/w-13-down.bf16
497	13	3	4	3	576	1536	0	/tmp/riley-opt-260912/multisequence-projection-probe-v2/fixtures/x-1536-0-m4-a3.bf16	/tmp/riley-opt-260912/multisequence-projection-probe-v2/fixtures/w-13-down.bf16
498	13	3	2	2	576	1536	1	/tmp/riley-opt-260912/multisequence-projection-probe-v2/fixtures/x-1536-1-m2-a2.bf16	/tmp/riley-opt-260912/multisequence-projection-probe-v2/fixtures/w-13-down.bf16
499	13	3	4	4	576	1536	1	/tmp/riley-opt-260912/multisequence-projection-probe-v2/fixtures/x-1536-1-m4-a4.bf16	/tmp/riley-opt-260912/multisequence-projection-probe-v2/fixtures/w-13-down.bf16
500	13	3	4	3	576	1536	1	/tmp/riley-opt-260912/multisequence-projection-probe-v2/fixtures/x-1536-1-m4-a3.bf16	/tmp/riley-opt-260912/multisequence-projection-probe-v2/fixtures/w-13-down.bf16
501	13	3	2	2	576	1536	2	/tmp/riley-opt-260912/multisequence-projection-probe-v2/fixtures/x-1536-2-m2-a2.bf16	/tmp/riley-opt-260912/multisequence-projection-probe-v2/fixtures/w-13-down.bf16
502	13	3	4	4	576	1536	2	/tmp/riley-opt-260912/multisequence-projection-probe-v2/fixtures/x-1536-2-m4-a4.bf16	/tmp/riley-opt-260912/multisequence-projection-probe-v2/fixtures/w-13-down.bf16
503	13	3	4	3	576	1536	2	/tmp/riley-opt-260912/multisequence-projection-probe-v2/fixtures/x-1536-2-m4-a3.bf16	/tmp/riley-opt-260912/multisequence-projection-probe-v2/fixtures/w-13-down.bf16
504	14	0	2	2	960	576	0	/tmp/riley-opt-260912/multisequence-projection-probe-v2/fixtures/x-576-0-m2-a2.bf16	/tmp/riley-opt-260912/multisequence-projection-probe-v2/fixtures/w-14-qkv.bf16
505	14	0	4	4	960	576	0	/tmp/riley-opt-260912/multisequence-projection-probe-v2/fixtures/x-576-0-m4-a4.bf16	/tmp/riley-opt-260912/multisequence-projection-probe-v2/fixtures/w-14-qkv.bf16
506	14	0	4	3	960	576	0	/tmp/riley-opt-260912/multisequence-projection-probe-v2/fixtures/x-576-0-m4-a3.bf16	/tmp/riley-opt-260912/multisequence-projection-probe-v2/fixtures/w-14-qkv.bf16
507	14	0	2	2	960	576	1	/tmp/riley-opt-260912/multisequence-projection-probe-v2/fixtures/x-576-1-m2-a2.bf16	/tmp/riley-opt-260912/multisequence-projection-probe-v2/fixtures/w-14-qkv.bf16
508	14	0	4	4	960	576	1	/tmp/riley-opt-260912/multisequence-projection-probe-v2/fixtures/x-576-1-m4-a4.bf16	/tmp/riley-opt-260912/multisequence-projection-probe-v2/fixtures/w-14-qkv.bf16
509	14	0	4	3	960	576	1	/tmp/riley-opt-260912/multisequence-projection-probe-v2/fixtures/x-576-1-m4-a3.bf16	/tmp/riley-opt-260912/multisequence-projection-probe-v2/fixtures/w-14-qkv.bf16
510	14	0	2	2	960	576	2	/tmp/riley-opt-260912/multisequence-projection-probe-v2/fixtures/x-576-2-m2-a2.bf16	/tmp/riley-opt-260912/multisequence-projection-probe-v2/fixtures/w-14-qkv.bf16
511	14	0	4	4	960	576	2	/tmp/riley-opt-260912/multisequence-projection-probe-v2/fixtures/x-576-2-m4-a4.bf16	/tmp/riley-opt-260912/multisequence-projection-probe-v2/fixtures/w-14-qkv.bf16
512	14	0	4	3	960	576	2	/tmp/riley-opt-260912/multisequence-projection-probe-v2/fixtures/x-576-2-m4-a3.bf16	/tmp/riley-opt-260912/multisequence-projection-probe-v2/fixtures/w-14-qkv.bf16
513	14	1	2	2	3072	576	0	/tmp/riley-opt-260912/multisequence-projection-probe-v2/fixtures/x-576-0-m2-a2.bf16	/tmp/riley-opt-260912/multisequence-projection-probe-v2/fixtures/w-14-gate_up.bf16
514	14	1	4	4	3072	576	0	/tmp/riley-opt-260912/multisequence-projection-probe-v2/fixtures/x-576-0-m4-a4.bf16	/tmp/riley-opt-260912/multisequence-projection-probe-v2/fixtures/w-14-gate_up.bf16
515	14	1	4	3	3072	576	0	/tmp/riley-opt-260912/multisequence-projection-probe-v2/fixtures/x-576-0-m4-a3.bf16	/tmp/riley-opt-260912/multisequence-projection-probe-v2/fixtures/w-14-gate_up.bf16
516	14	1	2	2	3072	576	1	/tmp/riley-opt-260912/multisequence-projection-probe-v2/fixtures/x-576-1-m2-a2.bf16	/tmp/riley-opt-260912/multisequence-projection-probe-v2/fixtures/w-14-gate_up.bf16
517	14	1	4	4	3072	576	1	/tmp/riley-opt-260912/multisequence-projection-probe-v2/fixtures/x-576-1-m4-a4.bf16	/tmp/riley-opt-260912/multisequence-projection-probe-v2/fixtures/w-14-gate_up.bf16
518	14	1	4	3	3072	576	1	/tmp/riley-opt-260912/multisequence-projection-probe-v2/fixtures/x-576-1-m4-a3.bf16	/tmp/riley-opt-260912/multisequence-projection-probe-v2/fixtures/w-14-gate_up.bf16
519	14	1	2	2	3072	576	2	/tmp/riley-opt-260912/multisequence-projection-probe-v2/fixtures/x-576-2-m2-a2.bf16	/tmp/riley-opt-260912/multisequence-projection-probe-v2/fixtures/w-14-gate_up.bf16
520	14	1	4	4	3072	576	2	/tmp/riley-opt-260912/multisequence-projection-probe-v2/fixtures/x-576-2-m4-a4.bf16	/tmp/riley-opt-260912/multisequence-projection-probe-v2/fixtures/w-14-gate_up.bf16
521	14	1	4	3	3072	576	2	/tmp/riley-opt-260912/multisequence-projection-probe-v2/fixtures/x-576-2-m4-a3.bf16	/tmp/riley-opt-260912/multisequence-projection-probe-v2/fixtures/w-14-gate_up.bf16
522	14	2	2	2	576	576	0	/tmp/riley-opt-260912/multisequence-projection-probe-v2/fixtures/x-576-0-m2-a2.bf16	/tmp/riley-opt-260912/multisequence-projection-probe-v2/fixtures/w-14-o.bf16
523	14	2	4	4	576	576	0	/tmp/riley-opt-260912/multisequence-projection-probe-v2/fixtures/x-576-0-m4-a4.bf16	/tmp/riley-opt-260912/multisequence-projection-probe-v2/fixtures/w-14-o.bf16
524	14	2	4	3	576	576	0	/tmp/riley-opt-260912/multisequence-projection-probe-v2/fixtures/x-576-0-m4-a3.bf16	/tmp/riley-opt-260912/multisequence-projection-probe-v2/fixtures/w-14-o.bf16
525	14	2	2	2	576	576	1	/tmp/riley-opt-260912/multisequence-projection-probe-v2/fixtures/x-576-1-m2-a2.bf16	/tmp/riley-opt-260912/multisequence-projection-probe-v2/fixtures/w-14-o.bf16
526	14	2	4	4	576	576	1	/tmp/riley-opt-260912/multisequence-projection-probe-v2/fixtures/x-576-1-m4-a4.bf16	/tmp/riley-opt-260912/multisequence-projection-probe-v2/fixtures/w-14-o.bf16
527	14	2	4	3	576	576	1	/tmp/riley-opt-260912/multisequence-projection-probe-v2/fixtures/x-576-1-m4-a3.bf16	/tmp/riley-opt-260912/multisequence-projection-probe-v2/fixtures/w-14-o.bf16
528	14	2	2	2	576	576	2	/tmp/riley-opt-260912/multisequence-projection-probe-v2/fixtures/x-576-2-m2-a2.bf16	/tmp/riley-opt-260912/multisequence-projection-probe-v2/fixtures/w-14-o.bf16
529	14	2	4	4	576	576	2	/tmp/riley-opt-260912/multisequence-projection-probe-v2/fixtures/x-576-2-m4-a4.bf16	/tmp/riley-opt-260912/multisequence-projection-probe-v2/fixtures/w-14-o.bf16
530	14	2	4	3	576	576	2	/tmp/riley-opt-260912/multisequence-projection-probe-v2/fixtures/x-576-2-m4-a3.bf16	/tmp/riley-opt-260912/multisequence-projection-probe-v2/fixtures/w-14-o.bf16
531	14	3	2	2	576	1536	0	/tmp/riley-opt-260912/multisequence-projection-probe-v2/fixtures/x-1536-0-m2-a2.bf16	/tmp/riley-opt-260912/multisequence-projection-probe-v2/fixtures/w-14-down.bf16
532	14	3	4	4	576	1536	0	/tmp/riley-opt-260912/multisequence-projection-probe-v2/fixtures/x-1536-0-m4-a4.bf16	/tmp/riley-opt-260912/multisequence-projection-probe-v2/fixtures/w-14-down.bf16
533	14	3	4	3	576	1536	0	/tmp/riley-opt-260912/multisequence-projection-probe-v2/fixtures/x-1536-0-m4-a3.bf16	/tmp/riley-opt-260912/multisequence-projection-probe-v2/fixtures/w-14-down.bf16
534	14	3	2	2	576	1536	1	/tmp/riley-opt-260912/multisequence-projection-probe-v2/fixtures/x-1536-1-m2-a2.bf16	/tmp/riley-opt-260912/multisequence-projection-probe-v2/fixtures/w-14-down.bf16
535	14	3	4	4	576	1536	1	/tmp/riley-opt-260912/multisequence-projection-probe-v2/fixtures/x-1536-1-m4-a4.bf16	/tmp/riley-opt-260912/multisequence-projection-probe-v2/fixtures/w-14-down.bf16
536	14	3	4	3	576	1536	1	/tmp/riley-opt-260912/multisequence-projection-probe-v2/fixtures/x-1536-1-m4-a3.bf16	/tmp/riley-opt-260912/multisequence-projection-probe-v2/fixtures/w-14-down.bf16
537	14	3	2	2	576	1536	2	/tmp/riley-opt-260912/multisequence-projection-probe-v2/fixtures/x-1536-2-m2-a2.bf16	/tmp/riley-opt-260912/multisequence-projection-probe-v2/fixtures/w-14-down.bf16
538	14	3	4	4	576	1536	2	/tmp/riley-opt-260912/multisequence-projection-probe-v2/fixtures/x-1536-2-m4-a4.bf16	/tmp/riley-opt-260912/multisequence-projection-probe-v2/fixtures/w-14-down.bf16
539	14	3	4	3	576	1536	2	/tmp/riley-opt-260912/multisequence-projection-probe-v2/fixtures/x-1536-2-m4-a3.bf16	/tmp/riley-opt-260912/multisequence-projection-probe-v2/fixtures/w-14-down.bf16
540	15	0	2	2	960	576	0	/tmp/riley-opt-260912/multisequence-projection-probe-v2/fixtures/x-576-0-m2-a2.bf16	/tmp/riley-opt-260912/multisequence-projection-probe-v2/fixtures/w-15-qkv.bf16
541	15	0	4	4	960	576	0	/tmp/riley-opt-260912/multisequence-projection-probe-v2/fixtures/x-576-0-m4-a4.bf16	/tmp/riley-opt-260912/multisequence-projection-probe-v2/fixtures/w-15-qkv.bf16
542	15	0	4	3	960	576	0	/tmp/riley-opt-260912/multisequence-projection-probe-v2/fixtures/x-576-0-m4-a3.bf16	/tmp/riley-opt-260912/multisequence-projection-probe-v2/fixtures/w-15-qkv.bf16
543	15	0	2	2	960	576	1	/tmp/riley-opt-260912/multisequence-projection-probe-v2/fixtures/x-576-1-m2-a2.bf16	/tmp/riley-opt-260912/multisequence-projection-probe-v2/fixtures/w-15-qkv.bf16
544	15	0	4	4	960	576	1	/tmp/riley-opt-260912/multisequence-projection-probe-v2/fixtures/x-576-1-m4-a4.bf16	/tmp/riley-opt-260912/multisequence-projection-probe-v2/fixtures/w-15-qkv.bf16
545	15	0	4	3	960	576	1	/tmp/riley-opt-260912/multisequence-projection-probe-v2/fixtures/x-576-1-m4-a3.bf16	/tmp/riley-opt-260912/multisequence-projection-probe-v2/fixtures/w-15-qkv.bf16
546	15	0	2	2	960	576	2	/tmp/riley-opt-260912/multisequence-projection-probe-v2/fixtures/x-576-2-m2-a2.bf16	/tmp/riley-opt-260912/multisequence-projection-probe-v2/fixtures/w-15-qkv.bf16
547	15	0	4	4	960	576	2	/tmp/riley-opt-260912/multisequence-projection-probe-v2/fixtures/x-576-2-m4-a4.bf16	/tmp/riley-opt-260912/multisequence-projection-probe-v2/fixtures/w-15-qkv.bf16
548	15	0	4	3	960	576	2	/tmp/riley-opt-260912/multisequence-projection-probe-v2/fixtures/x-576-2-m4-a3.bf16	/tmp/riley-opt-260912/multisequence-projection-probe-v2/fixtures/w-15-qkv.bf16
549	15	1	2	2	3072	576	0	/tmp/riley-opt-260912/multisequence-projection-probe-v2/fixtures/x-576-0-m2-a2.bf16	/tmp/riley-opt-260912/multisequence-projection-probe-v2/fixtures/w-15-gate_up.bf16
550	15	1	4	4	3072	576	0	/tmp/riley-opt-260912/multisequence-projection-probe-v2/fixtures/x-576-0-m4-a4.bf16	/tmp/riley-opt-260912/multisequence-projection-probe-v2/fixtures/w-15-gate_up.bf16
551	15	1	4	3	3072	576	0	/tmp/riley-opt-260912/multisequence-projection-probe-v2/fixtures/x-576-0-m4-a3.bf16	/tmp/riley-opt-260912/multisequence-projection-probe-v2/fixtures/w-15-gate_up.bf16
552	15	1	2	2	3072	576	1	/tmp/riley-opt-260912/multisequence-projection-probe-v2/fixtures/x-576-1-m2-a2.bf16	/tmp/riley-opt-260912/multisequence-projection-probe-v2/fixtures/w-15-gate_up.bf16
553	15	1	4	4	3072	576	1	/tmp/riley-opt-260912/multisequence-projection-probe-v2/fixtures/x-576-1-m4-a4.bf16	/tmp/riley-opt-260912/multisequence-projection-probe-v2/fixtures/w-15-gate_up.bf16
554	15	1	4	3	3072	576	1	/tmp/riley-opt-260912/multisequence-projection-probe-v2/fixtures/x-576-1-m4-a3.bf16	/tmp/riley-opt-260912/multisequence-projection-probe-v2/fixtures/w-15-gate_up.bf16
555	15	1	2	2	3072	576	2	/tmp/riley-opt-260912/multisequence-projection-probe-v2/fixtures/x-576-2-m2-a2.bf16	/tmp/riley-opt-260912/multisequence-projection-probe-v2/fixtures/w-15-gate_up.bf16
556	15	1	4	4	3072	576	2	/tmp/riley-opt-260912/multisequence-projection-probe-v2/fixtures/x-576-2-m4-a4.bf16	/tmp/riley-opt-260912/multisequence-projection-probe-v2/fixtures/w-15-gate_up.bf16
557	15	1	4	3	3072	576	2	/tmp/riley-opt-260912/multisequence-projection-probe-v2/fixtures/x-576-2-m4-a3.bf16	/tmp/riley-opt-260912/multisequence-projection-probe-v2/fixtures/w-15-gate_up.bf16
558	15	2	2	2	576	576	0	/tmp/riley-opt-260912/multisequence-projection-probe-v2/fixtures/x-576-0-m2-a2.bf16	/tmp/riley-opt-260912/multisequence-projection-probe-v2/fixtures/w-15-o.bf16
559	15	2	4	4	576	576	0	/tmp/riley-opt-260912/multisequence-projection-probe-v2/fixtures/x-576-0-m4-a4.bf16	/tmp/riley-opt-260912/multisequence-projection-probe-v2/fixtures/w-15-o.bf16
560	15	2	4	3	576	576	0	/tmp/riley-opt-260912/multisequence-projection-probe-v2/fixtures/x-576-0-m4-a3.bf16	/tmp/riley-opt-260912/multisequence-projection-probe-v2/fixtures/w-15-o.bf16
561	15	2	2	2	576	576	1	/tmp/riley-opt-260912/multisequence-projection-probe-v2/fixtures/x-576-1-m2-a2.bf16	/tmp/riley-opt-260912/multisequence-projection-probe-v2/fixtures/w-15-o.bf16
562	15	2	4	4	576	576	1	/tmp/riley-opt-260912/multisequence-projection-probe-v2/fixtures/x-576-1-m4-a4.bf16	/tmp/riley-opt-260912/multisequence-projection-probe-v2/fixtures/w-15-o.bf16
563	15	2	4	3	576	576	1	/tmp/riley-opt-260912/multisequence-projection-probe-v2/fixtures/x-576-1-m4-a3.bf16	/tmp/riley-opt-260912/multisequence-projection-probe-v2/fixtures/w-15-o.bf16
564	15	2	2	2	576	576	2	/tmp/riley-opt-260912/multisequence-projection-probe-v2/fixtures/x-576-2-m2-a2.bf16	/tmp/riley-opt-260912/multisequence-projection-probe-v2/fixtures/w-15-o.bf16
565	15	2	4	4	576	576	2	/tmp/riley-opt-260912/multisequence-projection-probe-v2/fixtures/x-576-2-m4-a4.bf16	/tmp/riley-opt-260912/multisequence-projection-probe-v2/fixtures/w-15-o.bf16
566	15	2	4	3	576	576	2	/tmp/riley-opt-260912/multisequence-projection-probe-v2/fixtures/x-576-2-m4-a3.bf16	/tmp/riley-opt-260912/multisequence-projection-probe-v2/fixtures/w-15-o.bf16
567	15	3	2	2	576	1536	0	/tmp/riley-opt-260912/multisequence-projection-probe-v2/fixtures/x-1536-0-m2-a2.bf16	/tmp/riley-opt-260912/multisequence-projection-probe-v2/fixtures/w-15-down.bf16
568	15	3	4	4	576	1536	0	/tmp/riley-opt-260912/multisequence-projection-probe-v2/fixtures/x-1536-0-m4-a4.bf16	/tmp/riley-opt-260912/multisequence-projection-probe-v2/fixtures/w-15-down.bf16
569	15	3	4	3	576	1536	0	/tmp/riley-opt-260912/multisequence-projection-probe-v2/fixtures/x-1536-0-m4-a3.bf16	/tmp/riley-opt-260912/multisequence-projection-probe-v2/fixtures/w-15-down.bf16
570	15	3	2	2	576	1536	1	/tmp/riley-opt-260912/multisequence-projection-probe-v2/fixtures/x-1536-1-m2-a2.bf16	/tmp/riley-opt-260912/multisequence-projection-probe-v2/fixtures/w-15-down.bf16
571	15	3	4	4	576	1536	1	/tmp/riley-opt-260912/multisequence-projection-probe-v2/fixtures/x-1536-1-m4-a4.bf16	/tmp/riley-opt-260912/multisequence-projection-probe-v2/fixtures/w-15-down.bf16
572	15	3	4	3	576	1536	1	/tmp/riley-opt-260912/multisequence-projection-probe-v2/fixtures/x-1536-1-m4-a3.bf16	/tmp/riley-opt-260912/multisequence-projection-probe-v2/fixtures/w-15-down.bf16
573	15	3	2	2	576	1536	2	/tmp/riley-opt-260912/multisequence-projection-probe-v2/fixtures/x-1536-2-m2-a2.bf16	/tmp/riley-opt-260912/multisequence-projection-probe-v2/fixtures/w-15-down.bf16
574	15	3	4	4	576	1536	2	/tmp/riley-opt-260912/multisequence-projection-probe-v2/fixtures/x-1536-2-m4-a4.bf16	/tmp/riley-opt-260912/multisequence-projection-probe-v2/fixtures/w-15-down.bf16
575	15	3	4	3	576	1536	2	/tmp/riley-opt-260912/multisequence-projection-probe-v2/fixtures/x-1536-2-m4-a3.bf16	/tmp/riley-opt-260912/multisequence-projection-probe-v2/fixtures/w-15-down.bf16
576	16	0	2	2	960	576	0	/tmp/riley-opt-260912/multisequence-projection-probe-v2/fixtures/x-576-0-m2-a2.bf16	/tmp/riley-opt-260912/multisequence-projection-probe-v2/fixtures/w-16-qkv.bf16
577	16	0	4	4	960	576	0	/tmp/riley-opt-260912/multisequence-projection-probe-v2/fixtures/x-576-0-m4-a4.bf16	/tmp/riley-opt-260912/multisequence-projection-probe-v2/fixtures/w-16-qkv.bf16
578	16	0	4	3	960	576	0	/tmp/riley-opt-260912/multisequence-projection-probe-v2/fixtures/x-576-0-m4-a3.bf16	/tmp/riley-opt-260912/multisequence-projection-probe-v2/fixtures/w-16-qkv.bf16
579	16	0	2	2	960	576	1	/tmp/riley-opt-260912/multisequence-projection-probe-v2/fixtures/x-576-1-m2-a2.bf16	/tmp/riley-opt-260912/multisequence-projection-probe-v2/fixtures/w-16-qkv.bf16
580	16	0	4	4	960	576	1	/tmp/riley-opt-260912/multisequence-projection-probe-v2/fixtures/x-576-1-m4-a4.bf16	/tmp/riley-opt-260912/multisequence-projection-probe-v2/fixtures/w-16-qkv.bf16
581	16	0	4	3	960	576	1	/tmp/riley-opt-260912/multisequence-projection-probe-v2/fixtures/x-576-1-m4-a3.bf16	/tmp/riley-opt-260912/multisequence-projection-probe-v2/fixtures/w-16-qkv.bf16
582	16	0	2	2	960	576	2	/tmp/riley-opt-260912/multisequence-projection-probe-v2/fixtures/x-576-2-m2-a2.bf16	/tmp/riley-opt-260912/multisequence-projection-probe-v2/fixtures/w-16-qkv.bf16
583	16	0	4	4	960	576	2	/tmp/riley-opt-260912/multisequence-projection-probe-v2/fixtures/x-576-2-m4-a4.bf16	/tmp/riley-opt-260912/multisequence-projection-probe-v2/fixtures/w-16-qkv.bf16
584	16	0	4	3	960	576	2	/tmp/riley-opt-260912/multisequence-projection-probe-v2/fixtures/x-576-2-m4-a3.bf16	/tmp/riley-opt-260912/multisequence-projection-probe-v2/fixtures/w-16-qkv.bf16
585	16	1	2	2	3072	576	0	/tmp/riley-opt-260912/multisequence-projection-probe-v2/fixtures/x-576-0-m2-a2.bf16	/tmp/riley-opt-260912/multisequence-projection-probe-v2/fixtures/w-16-gate_up.bf16
586	16	1	4	4	3072	576	0	/tmp/riley-opt-260912/multisequence-projection-probe-v2/fixtures/x-576-0-m4-a4.bf16	/tmp/riley-opt-260912/multisequence-projection-probe-v2/fixtures/w-16-gate_up.bf16
587	16	1	4	3	3072	576	0	/tmp/riley-opt-260912/multisequence-projection-probe-v2/fixtures/x-576-0-m4-a3.bf16	/tmp/riley-opt-260912/multisequence-projection-probe-v2/fixtures/w-16-gate_up.bf16
588	16	1	2	2	3072	576	1	/tmp/riley-opt-260912/multisequence-projection-probe-v2/fixtures/x-576-1-m2-a2.bf16	/tmp/riley-opt-260912/multisequence-projection-probe-v2/fixtures/w-16-gate_up.bf16
589	16	1	4	4	3072	576	1	/tmp/riley-opt-260912/multisequence-projection-probe-v2/fixtures/x-576-1-m4-a4.bf16	/tmp/riley-opt-260912/multisequence-projection-probe-v2/fixtures/w-16-gate_up.bf16
590	16	1	4	3	3072	576	1	/tmp/riley-opt-260912/multisequence-projection-probe-v2/fixtures/x-576-1-m4-a3.bf16	/tmp/riley-opt-260912/multisequence-projection-probe-v2/fixtures/w-16-gate_up.bf16
591	16	1	2	2	3072	576	2	/tmp/riley-opt-260912/multisequence-projection-probe-v2/fixtures/x-576-2-m2-a2.bf16	/tmp/riley-opt-260912/multisequence-projection-probe-v2/fixtures/w-16-gate_up.bf16
592	16	1	4	4	3072	576	2	/tmp/riley-opt-260912/multisequence-projection-probe-v2/fixtures/x-576-2-m4-a4.bf16	/tmp/riley-opt-260912/multisequence-projection-probe-v2/fixtures/w-16-gate_up.bf16
593	16	1	4	3	3072	576	2	/tmp/riley-opt-260912/multisequence-projection-probe-v2/fixtures/x-576-2-m4-a3.bf16	/tmp/riley-opt-260912/multisequence-projection-probe-v2/fixtures/w-16-gate_up.bf16
594	16	2	2	2	576	576	0	/tmp/riley-opt-260912/multisequence-projection-probe-v2/fixtures/x-576-0-m2-a2.bf16	/tmp/riley-opt-260912/multisequence-projection-probe-v2/fixtures/w-16-o.bf16
595	16	2	4	4	576	576	0	/tmp/riley-opt-260912/multisequence-projection-probe-v2/fixtures/x-576-0-m4-a4.bf16	/tmp/riley-opt-260912/multisequence-projection-probe-v2/fixtures/w-16-o.bf16
596	16	2	4	3	576	576	0	/tmp/riley-opt-260912/multisequence-projection-probe-v2/fixtures/x-576-0-m4-a3.bf16	/tmp/riley-opt-260912/multisequence-projection-probe-v2/fixtures/w-16-o.bf16
597	16	2	2	2	576	576	1	/tmp/riley-opt-260912/multisequence-projection-probe-v2/fixtures/x-576-1-m2-a2.bf16	/tmp/riley-opt-260912/multisequence-projection-probe-v2/fixtures/w-16-o.bf16
598	16	2	4	4	576	576	1	/tmp/riley-opt-260912/multisequence-projection-probe-v2/fixtures/x-576-1-m4-a4.bf16	/tmp/riley-opt-260912/multisequence-projection-probe-v2/fixtures/w-16-o.bf16
599	16	2	4	3	576	576	1	/tmp/riley-opt-260912/multisequence-projection-probe-v2/fixtures/x-576-1-m4-a3.bf16	/tmp/riley-opt-260912/multisequence-projection-probe-v2/fixtures/w-16-o.bf16
600	16	2	2	2	576	576	2	/tmp/riley-opt-260912/multisequence-projection-probe-v2/fixtures/x-576-2-m2-a2.bf16	/tmp/riley-opt-260912/multisequence-projection-probe-v2/fixtures/w-16-o.bf16
601	16	2	4	4	576	576	2	/tmp/riley-opt-260912/multisequence-projection-probe-v2/fixtures/x-576-2-m4-a4.bf16	/tmp/riley-opt-260912/multisequence-projection-probe-v2/fixtures/w-16-o.bf16
602	16	2	4	3	576	576	2	/tmp/riley-opt-260912/multisequence-projection-probe-v2/fixtures/x-576-2-m4-a3.bf16	/tmp/riley-opt-260912/multisequence-projection-probe-v2/fixtures/w-16-o.bf16
603	16	3	2	2	576	1536	0	/tmp/riley-opt-260912/multisequence-projection-probe-v2/fixtures/x-1536-0-m2-a2.bf16	/tmp/riley-opt-260912/multisequence-projection-probe-v2/fixtures/w-16-down.bf16
604	16	3	4	4	576	1536	0	/tmp/riley-opt-260912/multisequence-projection-probe-v2/fixtures/x-1536-0-m4-a4.bf16	/tmp/riley-opt-260912/multisequence-projection-probe-v2/fixtures/w-16-down.bf16
605	16	3	4	3	576	1536	0	/tmp/riley-opt-260912/multisequence-projection-probe-v2/fixtures/x-1536-0-m4-a3.bf16	/tmp/riley-opt-260912/multisequence-projection-probe-v2/fixtures/w-16-down.bf16
606	16	3	2	2	576	1536	1	/tmp/riley-opt-260912/multisequence-projection-probe-v2/fixtures/x-1536-1-m2-a2.bf16	/tmp/riley-opt-260912/multisequence-projection-probe-v2/fixtures/w-16-down.bf16
607	16	3	4	4	576	1536	1	/tmp/riley-opt-260912/multisequence-projection-probe-v2/fixtures/x-1536-1-m4-a4.bf16	/tmp/riley-opt-260912/multisequence-projection-probe-v2/fixtures/w-16-down.bf16
608	16	3	4	3	576	1536	1	/tmp/riley-opt-260912/multisequence-projection-probe-v2/fixtures/x-1536-1-m4-a3.bf16	/tmp/riley-opt-260912/multisequence-projection-probe-v2/fixtures/w-16-down.bf16
609	16	3	2	2	576	1536	2	/tmp/riley-opt-260912/multisequence-projection-probe-v2/fixtures/x-1536-2-m2-a2.bf16	/tmp/riley-opt-260912/multisequence-projection-probe-v2/fixtures/w-16-down.bf16
610	16	3	4	4	576	1536	2	/tmp/riley-opt-260912/multisequence-projection-probe-v2/fixtures/x-1536-2-m4-a4.bf16	/tmp/riley-opt-260912/multisequence-projection-probe-v2/fixtures/w-16-down.bf16
611	16	3	4	3	576	1536	2	/tmp/riley-opt-260912/multisequence-projection-probe-v2/fixtures/x-1536-2-m4-a3.bf16	/tmp/riley-opt-260912/multisequence-projection-probe-v2/fixtures/w-16-down.bf16
612	17	0	2	2	960	576	0	/tmp/riley-opt-260912/multisequence-projection-probe-v2/fixtures/x-576-0-m2-a2.bf16	/tmp/riley-opt-260912/multisequence-projection-probe-v2/fixtures/w-17-qkv.bf16
613	17	0	4	4	960	576	0	/tmp/riley-opt-260912/multisequence-projection-probe-v2/fixtures/x-576-0-m4-a4.bf16	/tmp/riley-opt-260912/multisequence-projection-probe-v2/fixtures/w-17-qkv.bf16
614	17	0	4	3	960	576	0	/tmp/riley-opt-260912/multisequence-projection-probe-v2/fixtures/x-576-0-m4-a3.bf16	/tmp/riley-opt-260912/multisequence-projection-probe-v2/fixtures/w-17-qkv.bf16
615	17	0	2	2	960	576	1	/tmp/riley-opt-260912/multisequence-projection-probe-v2/fixtures/x-576-1-m2-a2.bf16	/tmp/riley-opt-260912/multisequence-projection-probe-v2/fixtures/w-17-qkv.bf16
616	17	0	4	4	960	576	1	/tmp/riley-opt-260912/multisequence-projection-probe-v2/fixtures/x-576-1-m4-a4.bf16	/tmp/riley-opt-260912/multisequence-projection-probe-v2/fixtures/w-17-qkv.bf16
617	17	0	4	3	960	576	1	/tmp/riley-opt-260912/multisequence-projection-probe-v2/fixtures/x-576-1-m4-a3.bf16	/tmp/riley-opt-260912/multisequence-projection-probe-v2/fixtures/w-17-qkv.bf16
618	17	0	2	2	960	576	2	/tmp/riley-opt-260912/multisequence-projection-probe-v2/fixtures/x-576-2-m2-a2.bf16	/tmp/riley-opt-260912/multisequence-projection-probe-v2/fixtures/w-17-qkv.bf16
619	17	0	4	4	960	576	2	/tmp/riley-opt-260912/multisequence-projection-probe-v2/fixtures/x-576-2-m4-a4.bf16	/tmp/riley-opt-260912/multisequence-projection-probe-v2/fixtures/w-17-qkv.bf16
620	17	0	4	3	960	576	2	/tmp/riley-opt-260912/multisequence-projection-probe-v2/fixtures/x-576-2-m4-a3.bf16	/tmp/riley-opt-260912/multisequence-projection-probe-v2/fixtures/w-17-qkv.bf16
621	17	1	2	2	3072	576	0	/tmp/riley-opt-260912/multisequence-projection-probe-v2/fixtures/x-576-0-m2-a2.bf16	/tmp/riley-opt-260912/multisequence-projection-probe-v2/fixtures/w-17-gate_up.bf16
622	17	1	4	4	3072	576	0	/tmp/riley-opt-260912/multisequence-projection-probe-v2/fixtures/x-576-0-m4-a4.bf16	/tmp/riley-opt-260912/multisequence-projection-probe-v2/fixtures/w-17-gate_up.bf16
623	17	1	4	3	3072	576	0	/tmp/riley-opt-260912/multisequence-projection-probe-v2/fixtures/x-576-0-m4-a3.bf16	/tmp/riley-opt-260912/multisequence-projection-probe-v2/fixtures/w-17-gate_up.bf16
624	17	1	2	2	3072	576	1	/tmp/riley-opt-260912/multisequence-projection-probe-v2/fixtures/x-576-1-m2-a2.bf16	/tmp/riley-opt-260912/multisequence-projection-probe-v2/fixtures/w-17-gate_up.bf16
625	17	1	4	4	3072	576	1	/tmp/riley-opt-260912/multisequence-projection-probe-v2/fixtures/x-576-1-m4-a4.bf16	/tmp/riley-opt-260912/multisequence-projection-probe-v2/fixtures/w-17-gate_up.bf16
626	17	1	4	3	3072	576	1	/tmp/riley-opt-260912/multisequence-projection-probe-v2/fixtures/x-576-1-m4-a3.bf16	/tmp/riley-opt-260912/multisequence-projection-probe-v2/fixtures/w-17-gate_up.bf16
627	17	1	2	2	3072	576	2	/tmp/riley-opt-260912/multisequence-projection-probe-v2/fixtures/x-576-2-m2-a2.bf16	/tmp/riley-opt-260912/multisequence-projection-probe-v2/fixtures/w-17-gate_up.bf16
628	17	1	4	4	3072	576	2	/tmp/riley-opt-260912/multisequence-projection-probe-v2/fixtures/x-576-2-m4-a4.bf16	/tmp/riley-opt-260912/multisequence-projection-probe-v2/fixtures/w-17-gate_up.bf16
629	17	1	4	3	3072	576	2	/tmp/riley-opt-260912/multisequence-projection-probe-v2/fixtures/x-576-2-m4-a3.bf16	/tmp/riley-opt-260912/multisequence-projection-probe-v2/fixtures/w-17-gate_up.bf16
630	17	2	2	2	576	576	0	/tmp/riley-opt-260912/multisequence-projection-probe-v2/fixtures/x-576-0-m2-a2.bf16	/tmp/riley-opt-260912/multisequence-projection-probe-v2/fixtures/w-17-o.bf16
631	17	2	4	4	576	576	0	/tmp/riley-opt-260912/multisequence-projection-probe-v2/fixtures/x-576-0-m4-a4.bf16	/tmp/riley-opt-260912/multisequence-projection-probe-v2/fixtures/w-17-o.bf16
632	17	2	4	3	576	576	0	/tmp/riley-opt-260912/multisequence-projection-probe-v2/fixtures/x-576-0-m4-a3.bf16	/tmp/riley-opt-260912/multisequence-projection-probe-v2/fixtures/w-17-o.bf16
633	17	2	2	2	576	576	1	/tmp/riley-opt-260912/multisequence-projection-probe-v2/fixtures/x-576-1-m2-a2.bf16	/tmp/riley-opt-260912/multisequence-projection-probe-v2/fixtures/w-17-o.bf16
634	17	2	4	4	576	576	1	/tmp/riley-opt-260912/multisequence-projection-probe-v2/fixtures/x-576-1-m4-a4.bf16	/tmp/riley-opt-260912/multisequence-projection-probe-v2/fixtures/w-17-o.bf16
635	17	2	4	3	576	576	1	/tmp/riley-opt-260912/multisequence-projection-probe-v2/fixtures/x-576-1-m4-a3.bf16	/tmp/riley-opt-260912/multisequence-projection-probe-v2/fixtures/w-17-o.bf16
636	17	2	2	2	576	576	2	/tmp/riley-opt-260912/multisequence-projection-probe-v2/fixtures/x-576-2-m2-a2.bf16	/tmp/riley-opt-260912/multisequence-projection-probe-v2/fixtures/w-17-o.bf16
637	17	2	4	4	576	576	2	/tmp/riley-opt-260912/multisequence-projection-probe-v2/fixtures/x-576-2-m4-a4.bf16	/tmp/riley-opt-260912/multisequence-projection-probe-v2/fixtures/w-17-o.bf16
638	17	2	4	3	576	576	2	/tmp/riley-opt-260912/multisequence-projection-probe-v2/fixtures/x-576-2-m4-a3.bf16	/tmp/riley-opt-260912/multisequence-projection-probe-v2/fixtures/w-17-o.bf16
639	17	3	2	2	576	1536	0	/tmp/riley-opt-260912/multisequence-projection-probe-v2/fixtures/x-1536-0-m2-a2.bf16	/tmp/riley-opt-260912/multisequence-projection-probe-v2/fixtures/w-17-down.bf16
640	17	3	4	4	576	1536	0	/tmp/riley-opt-260912/multisequence-projection-probe-v2/fixtures/x-1536-0-m4-a4.bf16	/tmp/riley-opt-260912/multisequence-projection-probe-v2/fixtures/w-17-down.bf16
641	17	3	4	3	576	1536	0	/tmp/riley-opt-260912/multisequence-projection-probe-v2/fixtures/x-1536-0-m4-a3.bf16	/tmp/riley-opt-260912/multisequence-projection-probe-v2/fixtures/w-17-down.bf16
642	17	3	2	2	576	1536	1	/tmp/riley-opt-260912/multisequence-projection-probe-v2/fixtures/x-1536-1-m2-a2.bf16	/tmp/riley-opt-260912/multisequence-projection-probe-v2/fixtures/w-17-down.bf16
643	17	3	4	4	576	1536	1	/tmp/riley-opt-260912/multisequence-projection-probe-v2/fixtures/x-1536-1-m4-a4.bf16	/tmp/riley-opt-260912/multisequence-projection-probe-v2/fixtures/w-17-down.bf16
644	17	3	4	3	576	1536	1	/tmp/riley-opt-260912/multisequence-projection-probe-v2/fixtures/x-1536-1-m4-a3.bf16	/tmp/riley-opt-260912/multisequence-projection-probe-v2/fixtures/w-17-down.bf16
645	17	3	2	2	576	1536	2	/tmp/riley-opt-260912/multisequence-projection-probe-v2/fixtures/x-1536-2-m2-a2.bf16	/tmp/riley-opt-260912/multisequence-projection-probe-v2/fixtures/w-17-down.bf16
646	17	3	4	4	576	1536	2	/tmp/riley-opt-260912/multisequence-projection-probe-v2/fixtures/x-1536-2-m4-a4.bf16	/tmp/riley-opt-260912/multisequence-projection-probe-v2/fixtures/w-17-down.bf16
647	17	3	4	3	576	1536	2	/tmp/riley-opt-260912/multisequence-projection-probe-v2/fixtures/x-1536-2-m4-a3.bf16	/tmp/riley-opt-260912/multisequence-projection-probe-v2/fixtures/w-17-down.bf16
648	18	0	2	2	960	576	0	/tmp/riley-opt-260912/multisequence-projection-probe-v2/fixtures/x-576-0-m2-a2.bf16	/tmp/riley-opt-260912/multisequence-projection-probe-v2/fixtures/w-18-qkv.bf16
649	18	0	4	4	960	576	0	/tmp/riley-opt-260912/multisequence-projection-probe-v2/fixtures/x-576-0-m4-a4.bf16	/tmp/riley-opt-260912/multisequence-projection-probe-v2/fixtures/w-18-qkv.bf16
650	18	0	4	3	960	576	0	/tmp/riley-opt-260912/multisequence-projection-probe-v2/fixtures/x-576-0-m4-a3.bf16	/tmp/riley-opt-260912/multisequence-projection-probe-v2/fixtures/w-18-qkv.bf16
651	18	0	2	2	960	576	1	/tmp/riley-opt-260912/multisequence-projection-probe-v2/fixtures/x-576-1-m2-a2.bf16	/tmp/riley-opt-260912/multisequence-projection-probe-v2/fixtures/w-18-qkv.bf16
652	18	0	4	4	960	576	1	/tmp/riley-opt-260912/multisequence-projection-probe-v2/fixtures/x-576-1-m4-a4.bf16	/tmp/riley-opt-260912/multisequence-projection-probe-v2/fixtures/w-18-qkv.bf16
653	18	0	4	3	960	576	1	/tmp/riley-opt-260912/multisequence-projection-probe-v2/fixtures/x-576-1-m4-a3.bf16	/tmp/riley-opt-260912/multisequence-projection-probe-v2/fixtures/w-18-qkv.bf16
654	18	0	2	2	960	576	2	/tmp/riley-opt-260912/multisequence-projection-probe-v2/fixtures/x-576-2-m2-a2.bf16	/tmp/riley-opt-260912/multisequence-projection-probe-v2/fixtures/w-18-qkv.bf16
655	18	0	4	4	960	576	2	/tmp/riley-opt-260912/multisequence-projection-probe-v2/fixtures/x-576-2-m4-a4.bf16	/tmp/riley-opt-260912/multisequence-projection-probe-v2/fixtures/w-18-qkv.bf16
656	18	0	4	3	960	576	2	/tmp/riley-opt-260912/multisequence-projection-probe-v2/fixtures/x-576-2-m4-a3.bf16	/tmp/riley-opt-260912/multisequence-projection-probe-v2/fixtures/w-18-qkv.bf16
657	18	1	2	2	3072	576	0	/tmp/riley-opt-260912/multisequence-projection-probe-v2/fixtures/x-576-0-m2-a2.bf16	/tmp/riley-opt-260912/multisequence-projection-probe-v2/fixtures/w-18-gate_up.bf16
658	18	1	4	4	3072	576	0	/tmp/riley-opt-260912/multisequence-projection-probe-v2/fixtures/x-576-0-m4-a4.bf16	/tmp/riley-opt-260912/multisequence-projection-probe-v2/fixtures/w-18-gate_up.bf16
659	18	1	4	3	3072	576	0	/tmp/riley-opt-260912/multisequence-projection-probe-v2/fixtures/x-576-0-m4-a3.bf16	/tmp/riley-opt-260912/multisequence-projection-probe-v2/fixtures/w-18-gate_up.bf16
660	18	1	2	2	3072	576	1	/tmp/riley-opt-260912/multisequence-projection-probe-v2/fixtures/x-576-1-m2-a2.bf16	/tmp/riley-opt-260912/multisequence-projection-probe-v2/fixtures/w-18-gate_up.bf16
661	18	1	4	4	3072	576	1	/tmp/riley-opt-260912/multisequence-projection-probe-v2/fixtures/x-576-1-m4-a4.bf16	/tmp/riley-opt-260912/multisequence-projection-probe-v2/fixtures/w-18-gate_up.bf16
662	18	1	4	3	3072	576	1	/tmp/riley-opt-260912/multisequence-projection-probe-v2/fixtures/x-576-1-m4-a3.bf16	/tmp/riley-opt-260912/multisequence-projection-probe-v2/fixtures/w-18-gate_up.bf16
663	18	1	2	2	3072	576	2	/tmp/riley-opt-260912/multisequence-projection-probe-v2/fixtures/x-576-2-m2-a2.bf16	/tmp/riley-opt-260912/multisequence-projection-probe-v2/fixtures/w-18-gate_up.bf16
664	18	1	4	4	3072	576	2	/tmp/riley-opt-260912/multisequence-projection-probe-v2/fixtures/x-576-2-m4-a4.bf16	/tmp/riley-opt-260912/multisequence-projection-probe-v2/fixtures/w-18-gate_up.bf16
665	18	1	4	3	3072	576	2	/tmp/riley-opt-260912/multisequence-projection-probe-v2/fixtures/x-576-2-m4-a3.bf16	/tmp/riley-opt-260912/multisequence-projection-probe-v2/fixtures/w-18-gate_up.bf16
666	18	2	2	2	576	576	0	/tmp/riley-opt-260912/multisequence-projection-probe-v2/fixtures/x-576-0-m2-a2.bf16	/tmp/riley-opt-260912/multisequence-projection-probe-v2/fixtures/w-18-o.bf16
667	18	2	4	4	576	576	0	/tmp/riley-opt-260912/multisequence-projection-probe-v2/fixtures/x-576-0-m4-a4.bf16	/tmp/riley-opt-260912/multisequence-projection-probe-v2/fixtures/w-18-o.bf16
668	18	2	4	3	576	576	0	/tmp/riley-opt-260912/multisequence-projection-probe-v2/fixtures/x-576-0-m4-a3.bf16	/tmp/riley-opt-260912/multisequence-projection-probe-v2/fixtures/w-18-o.bf16
669	18	2	2	2	576	576	1	/tmp/riley-opt-260912/multisequence-projection-probe-v2/fixtures/x-576-1-m2-a2.bf16	/tmp/riley-opt-260912/multisequence-projection-probe-v2/fixtures/w-18-o.bf16
670	18	2	4	4	576	576	1	/tmp/riley-opt-260912/multisequence-projection-probe-v2/fixtures/x-576-1-m4-a4.bf16	/tmp/riley-opt-260912/multisequence-projection-probe-v2/fixtures/w-18-o.bf16
671	18	2	4	3	576	576	1	/tmp/riley-opt-260912/multisequence-projection-probe-v2/fixtures/x-576-1-m4-a3.bf16	/tmp/riley-opt-260912/multisequence-projection-probe-v2/fixtures/w-18-o.bf16
672	18	2	2	2	576	576	2	/tmp/riley-opt-260912/multisequence-projection-probe-v2/fixtures/x-576-2-m2-a2.bf16	/tmp/riley-opt-260912/multisequence-projection-probe-v2/fixtures/w-18-o.bf16
673	18	2	4	4	576	576	2	/tmp/riley-opt-260912/multisequence-projection-probe-v2/fixtures/x-576-2-m4-a4.bf16	/tmp/riley-opt-260912/multisequence-projection-probe-v2/fixtures/w-18-o.bf16
674	18	2	4	3	576	576	2	/tmp/riley-opt-260912/multisequence-projection-probe-v2/fixtures/x-576-2-m4-a3.bf16	/tmp/riley-opt-260912/multisequence-projection-probe-v2/fixtures/w-18-o.bf16
675	18	3	2	2	576	1536	0	/tmp/riley-opt-260912/multisequence-projection-probe-v2/fixtures/x-1536-0-m2-a2.bf16	/tmp/riley-opt-260912/multisequence-projection-probe-v2/fixtures/w-18-down.bf16
676	18	3	4	4	576	1536	0	/tmp/riley-opt-260912/multisequence-projection-probe-v2/fixtures/x-1536-0-m4-a4.bf16	/tmp/riley-opt-260912/multisequence-projection-probe-v2/fixtures/w-18-down.bf16
677	18	3	4	3	576	1536	0	/tmp/riley-opt-260912/multisequence-projection-probe-v2/fixtures/x-1536-0-m4-a3.bf16	/tmp/riley-opt-260912/multisequence-projection-probe-v2/fixtures/w-18-down.bf16
678	18	3	2	2	576	1536	1	/tmp/riley-opt-260912/multisequence-projection-probe-v2/fixtures/x-1536-1-m2-a2.bf16	/tmp/riley-opt-260912/multisequence-projection-probe-v2/fixtures/w-18-down.bf16
679	18	3	4	4	576	1536	1	/tmp/riley-opt-260912/multisequence-projection-probe-v2/fixtures/x-1536-1-m4-a4.bf16	/tmp/riley-opt-260912/multisequence-projection-probe-v2/fixtures/w-18-down.bf16
680	18	3	4	3	576	1536	1	/tmp/riley-opt-260912/multisequence-projection-probe-v2/fixtures/x-1536-1-m4-a3.bf16	/tmp/riley-opt-260912/multisequence-projection-probe-v2/fixtures/w-18-down.bf16
681	18	3	2	2	576	1536	2	/tmp/riley-opt-260912/multisequence-projection-probe-v2/fixtures/x-1536-2-m2-a2.bf16	/tmp/riley-opt-260912/multisequence-projection-probe-v2/fixtures/w-18-down.bf16
682	18	3	4	4	576	1536	2	/tmp/riley-opt-260912/multisequence-projection-probe-v2/fixtures/x-1536-2-m4-a4.bf16	/tmp/riley-opt-260912/multisequence-projection-probe-v2/fixtures/w-18-down.bf16
683	18	3	4	3	576	1536	2	/tmp/riley-opt-260912/multisequence-projection-probe-v2/fixtures/x-1536-2-m4-a3.bf16	/tmp/riley-opt-260912/multisequence-projection-probe-v2/fixtures/w-18-down.bf16
684	19	0	2	2	960	576	0	/tmp/riley-opt-260912/multisequence-projection-probe-v2/fixtures/x-576-0-m2-a2.bf16	/tmp/riley-opt-260912/multisequence-projection-probe-v2/fixtures/w-19-qkv.bf16
685	19	0	4	4	960	576	0	/tmp/riley-opt-260912/multisequence-projection-probe-v2/fixtures/x-576-0-m4-a4.bf16	/tmp/riley-opt-260912/multisequence-projection-probe-v2/fixtures/w-19-qkv.bf16
686	19	0	4	3	960	576	0	/tmp/riley-opt-260912/multisequence-projection-probe-v2/fixtures/x-576-0-m4-a3.bf16	/tmp/riley-opt-260912/multisequence-projection-probe-v2/fixtures/w-19-qkv.bf16
687	19	0	2	2	960	576	1	/tmp/riley-opt-260912/multisequence-projection-probe-v2/fixtures/x-576-1-m2-a2.bf16	/tmp/riley-opt-260912/multisequence-projection-probe-v2/fixtures/w-19-qkv.bf16
688	19	0	4	4	960	576	1	/tmp/riley-opt-260912/multisequence-projection-probe-v2/fixtures/x-576-1-m4-a4.bf16	/tmp/riley-opt-260912/multisequence-projection-probe-v2/fixtures/w-19-qkv.bf16
689	19	0	4	3	960	576	1	/tmp/riley-opt-260912/multisequence-projection-probe-v2/fixtures/x-576-1-m4-a3.bf16	/tmp/riley-opt-260912/multisequence-projection-probe-v2/fixtures/w-19-qkv.bf16
690	19	0	2	2	960	576	2	/tmp/riley-opt-260912/multisequence-projection-probe-v2/fixtures/x-576-2-m2-a2.bf16	/tmp/riley-opt-260912/multisequence-projection-probe-v2/fixtures/w-19-qkv.bf16
691	19	0	4	4	960	576	2	/tmp/riley-opt-260912/multisequence-projection-probe-v2/fixtures/x-576-2-m4-a4.bf16	/tmp/riley-opt-260912/multisequence-projection-probe-v2/fixtures/w-19-qkv.bf16
692	19	0	4	3	960	576	2	/tmp/riley-opt-260912/multisequence-projection-probe-v2/fixtures/x-576-2-m4-a3.bf16	/tmp/riley-opt-260912/multisequence-projection-probe-v2/fixtures/w-19-qkv.bf16
693	19	1	2	2	3072	576	0	/tmp/riley-opt-260912/multisequence-projection-probe-v2/fixtures/x-576-0-m2-a2.bf16	/tmp/riley-opt-260912/multisequence-projection-probe-v2/fixtures/w-19-gate_up.bf16
694	19	1	4	4	3072	576	0	/tmp/riley-opt-260912/multisequence-projection-probe-v2/fixtures/x-576-0-m4-a4.bf16	/tmp/riley-opt-260912/multisequence-projection-probe-v2/fixtures/w-19-gate_up.bf16
695	19	1	4	3	3072	576	0	/tmp/riley-opt-260912/multisequence-projection-probe-v2/fixtures/x-576-0-m4-a3.bf16	/tmp/riley-opt-260912/multisequence-projection-probe-v2/fixtures/w-19-gate_up.bf16
696	19	1	2	2	3072	576	1	/tmp/riley-opt-260912/multisequence-projection-probe-v2/fixtures/x-576-1-m2-a2.bf16	/tmp/riley-opt-260912/multisequence-projection-probe-v2/fixtures/w-19-gate_up.bf16
697	19	1	4	4	3072	576	1	/tmp/riley-opt-260912/multisequence-projection-probe-v2/fixtures/x-576-1-m4-a4.bf16	/tmp/riley-opt-260912/multisequence-projection-probe-v2/fixtures/w-19-gate_up.bf16
698	19	1	4	3	3072	576	1	/tmp/riley-opt-260912/multisequence-projection-probe-v2/fixtures/x-576-1-m4-a3.bf16	/tmp/riley-opt-260912/multisequence-projection-probe-v2/fixtures/w-19-gate_up.bf16
699	19	1	2	2	3072	576	2	/tmp/riley-opt-260912/multisequence-projection-probe-v2/fixtures/x-576-2-m2-a2.bf16	/tmp/riley-opt-260912/multisequence-projection-probe-v2/fixtures/w-19-gate_up.bf16
700	19	1	4	4	3072	576	2	/tmp/riley-opt-260912/multisequence-projection-probe-v2/fixtures/x-576-2-m4-a4.bf16	/tmp/riley-opt-260912/multisequence-projection-probe-v2/fixtures/w-19-gate_up.bf16
701	19	1	4	3	3072	576	2	/tmp/riley-opt-260912/multisequence-projection-probe-v2/fixtures/x-576-2-m4-a3.bf16	/tmp/riley-opt-260912/multisequence-projection-probe-v2/fixtures/w-19-gate_up.bf16
702	19	2	2	2	576	576	0	/tmp/riley-opt-260912/multisequence-projection-probe-v2/fixtures/x-576-0-m2-a2.bf16	/tmp/riley-opt-260912/multisequence-projection-probe-v2/fixtures/w-19-o.bf16
703	19	2	4	4	576	576	0	/tmp/riley-opt-260912/multisequence-projection-probe-v2/fixtures/x-576-0-m4-a4.bf16	/tmp/riley-opt-260912/multisequence-projection-probe-v2/fixtures/w-19-o.bf16
704	19	2	4	3	576	576	0	/tmp/riley-opt-260912/multisequence-projection-probe-v2/fixtures/x-576-0-m4-a3.bf16	/tmp/riley-opt-260912/multisequence-projection-probe-v2/fixtures/w-19-o.bf16
705	19	2	2	2	576	576	1	/tmp/riley-opt-260912/multisequence-projection-probe-v2/fixtures/x-576-1-m2-a2.bf16	/tmp/riley-opt-260912/multisequence-projection-probe-v2/fixtures/w-19-o.bf16
706	19	2	4	4	576	576	1	/tmp/riley-opt-260912/multisequence-projection-probe-v2/fixtures/x-576-1-m4-a4.bf16	/tmp/riley-opt-260912/multisequence-projection-probe-v2/fixtures/w-19-o.bf16
707	19	2	4	3	576	576	1	/tmp/riley-opt-260912/multisequence-projection-probe-v2/fixtures/x-576-1-m4-a3.bf16	/tmp/riley-opt-260912/multisequence-projection-probe-v2/fixtures/w-19-o.bf16
708	19	2	2	2	576	576	2	/tmp/riley-opt-260912/multisequence-projection-probe-v2/fixtures/x-576-2-m2-a2.bf16	/tmp/riley-opt-260912/multisequence-projection-probe-v2/fixtures/w-19-o.bf16
709	19	2	4	4	576	576	2	/tmp/riley-opt-260912/multisequence-projection-probe-v2/fixtures/x-576-2-m4-a4.bf16	/tmp/riley-opt-260912/multisequence-projection-probe-v2/fixtures/w-19-o.bf16
710	19	2	4	3	576	576	2	/tmp/riley-opt-260912/multisequence-projection-probe-v2/fixtures/x-576-2-m4-a3.bf16	/tmp/riley-opt-260912/multisequence-projection-probe-v2/fixtures/w-19-o.bf16
711	19	3	2	2	576	1536	0	/tmp/riley-opt-260912/multisequence-projection-probe-v2/fixtures/x-1536-0-m2-a2.bf16	/tmp/riley-opt-260912/multisequence-projection-probe-v2/fixtures/w-19-down.bf16
712	19	3	4	4	576	1536	0	/tmp/riley-opt-260912/multisequence-projection-probe-v2/fixtures/x-1536-0-m4-a4.bf16	/tmp/riley-opt-260912/multisequence-projection-probe-v2/fixtures/w-19-down.bf16
713	19	3	4	3	576	1536	0	/tmp/riley-opt-260912/multisequence-projection-probe-v2/fixtures/x-1536-0-m4-a3.bf16	/tmp/riley-opt-260912/multisequence-projection-probe-v2/fixtures/w-19-down.bf16
714	19	3	2	2	576	1536	1	/tmp/riley-opt-260912/multisequence-projection-probe-v2/fixtures/x-1536-1-m2-a2.bf16	/tmp/riley-opt-260912/multisequence-projection-probe-v2/fixtures/w-19-down.bf16
715	19	3	4	4	576	1536	1	/tmp/riley-opt-260912/multisequence-projection-probe-v2/fixtures/x-1536-1-m4-a4.bf16	/tmp/riley-opt-260912/multisequence-projection-probe-v2/fixtures/w-19-down.bf16
716	19	3	4	3	576	1536	1	/tmp/riley-opt-260912/multisequence-projection-probe-v2/fixtures/x-1536-1-m4-a3.bf16	/tmp/riley-opt-260912/multisequence-projection-probe-v2/fixtures/w-19-down.bf16
717	19	3	2	2	576	1536	2	/tmp/riley-opt-260912/multisequence-projection-probe-v2/fixtures/x-1536-2-m2-a2.bf16	/tmp/riley-opt-260912/multisequence-projection-probe-v2/fixtures/w-19-down.bf16
718	19	3	4	4	576	1536	2	/tmp/riley-opt-260912/multisequence-projection-probe-v2/fixtures/x-1536-2-m4-a4.bf16	/tmp/riley-opt-260912/multisequence-projection-probe-v2/fixtures/w-19-down.bf16
719	19	3	4	3	576	1536	2	/tmp/riley-opt-260912/multisequence-projection-probe-v2/fixtures/x-1536-2-m4-a3.bf16	/tmp/riley-opt-260912/multisequence-projection-probe-v2/fixtures/w-19-down.bf16
720	20	0	2	2	960	576	0	/tmp/riley-opt-260912/multisequence-projection-probe-v2/fixtures/x-576-0-m2-a2.bf16	/tmp/riley-opt-260912/multisequence-projection-probe-v2/fixtures/w-20-qkv.bf16
721	20	0	4	4	960	576	0	/tmp/riley-opt-260912/multisequence-projection-probe-v2/fixtures/x-576-0-m4-a4.bf16	/tmp/riley-opt-260912/multisequence-projection-probe-v2/fixtures/w-20-qkv.bf16
722	20	0	4	3	960	576	0	/tmp/riley-opt-260912/multisequence-projection-probe-v2/fixtures/x-576-0-m4-a3.bf16	/tmp/riley-opt-260912/multisequence-projection-probe-v2/fixtures/w-20-qkv.bf16
723	20	0	2	2	960	576	1	/tmp/riley-opt-260912/multisequence-projection-probe-v2/fixtures/x-576-1-m2-a2.bf16	/tmp/riley-opt-260912/multisequence-projection-probe-v2/fixtures/w-20-qkv.bf16
724	20	0	4	4	960	576	1	/tmp/riley-opt-260912/multisequence-projection-probe-v2/fixtures/x-576-1-m4-a4.bf16	/tmp/riley-opt-260912/multisequence-projection-probe-v2/fixtures/w-20-qkv.bf16
725	20	0	4	3	960	576	1	/tmp/riley-opt-260912/multisequence-projection-probe-v2/fixtures/x-576-1-m4-a3.bf16	/tmp/riley-opt-260912/multisequence-projection-probe-v2/fixtures/w-20-qkv.bf16
726	20	0	2	2	960	576	2	/tmp/riley-opt-260912/multisequence-projection-probe-v2/fixtures/x-576-2-m2-a2.bf16	/tmp/riley-opt-260912/multisequence-projection-probe-v2/fixtures/w-20-qkv.bf16
727	20	0	4	4	960	576	2	/tmp/riley-opt-260912/multisequence-projection-probe-v2/fixtures/x-576-2-m4-a4.bf16	/tmp/riley-opt-260912/multisequence-projection-probe-v2/fixtures/w-20-qkv.bf16
728	20	0	4	3	960	576	2	/tmp/riley-opt-260912/multisequence-projection-probe-v2/fixtures/x-576-2-m4-a3.bf16	/tmp/riley-opt-260912/multisequence-projection-probe-v2/fixtures/w-20-qkv.bf16
729	20	1	2	2	3072	576	0	/tmp/riley-opt-260912/multisequence-projection-probe-v2/fixtures/x-576-0-m2-a2.bf16	/tmp/riley-opt-260912/multisequence-projection-probe-v2/fixtures/w-20-gate_up.bf16
730	20	1	4	4	3072	576	0	/tmp/riley-opt-260912/multisequence-projection-probe-v2/fixtures/x-576-0-m4-a4.bf16	/tmp/riley-opt-260912/multisequence-projection-probe-v2/fixtures/w-20-gate_up.bf16
731	20	1	4	3	3072	576	0	/tmp/riley-opt-260912/multisequence-projection-probe-v2/fixtures/x-576-0-m4-a3.bf16	/tmp/riley-opt-260912/multisequence-projection-probe-v2/fixtures/w-20-gate_up.bf16
732	20	1	2	2	3072	576	1	/tmp/riley-opt-260912/multisequence-projection-probe-v2/fixtures/x-576-1-m2-a2.bf16	/tmp/riley-opt-260912/multisequence-projection-probe-v2/fixtures/w-20-gate_up.bf16
733	20	1	4	4	3072	576	1	/tmp/riley-opt-260912/multisequence-projection-probe-v2/fixtures/x-576-1-m4-a4.bf16	/tmp/riley-opt-260912/multisequence-projection-probe-v2/fixtures/w-20-gate_up.bf16
734	20	1	4	3	3072	576	1	/tmp/riley-opt-260912/multisequence-projection-probe-v2/fixtures/x-576-1-m4-a3.bf16	/tmp/riley-opt-260912/multisequence-projection-probe-v2/fixtures/w-20-gate_up.bf16
735	20	1	2	2	3072	576	2	/tmp/riley-opt-260912/multisequence-projection-probe-v2/fixtures/x-576-2-m2-a2.bf16	/tmp/riley-opt-260912/multisequence-projection-probe-v2/fixtures/w-20-gate_up.bf16
736	20	1	4	4	3072	576	2	/tmp/riley-opt-260912/multisequence-projection-probe-v2/fixtures/x-576-2-m4-a4.bf16	/tmp/riley-opt-260912/multisequence-projection-probe-v2/fixtures/w-20-gate_up.bf16
737	20	1	4	3	3072	576	2	/tmp/riley-opt-260912/multisequence-projection-probe-v2/fixtures/x-576-2-m4-a3.bf16	/tmp/riley-opt-260912/multisequence-projection-probe-v2/fixtures/w-20-gate_up.bf16
738	20	2	2	2	576	576	0	/tmp/riley-opt-260912/multisequence-projection-probe-v2/fixtures/x-576-0-m2-a2.bf16	/tmp/riley-opt-260912/multisequence-projection-probe-v2/fixtures/w-20-o.bf16
739	20	2	4	4	576	576	0	/tmp/riley-opt-260912/multisequence-projection-probe-v2/fixtures/x-576-0-m4-a4.bf16	/tmp/riley-opt-260912/multisequence-projection-probe-v2/fixtures/w-20-o.bf16
740	20	2	4	3	576	576	0	/tmp/riley-opt-260912/multisequence-projection-probe-v2/fixtures/x-576-0-m4-a3.bf16	/tmp/riley-opt-260912/multisequence-projection-probe-v2/fixtures/w-20-o.bf16
741	20	2	2	2	576	576	1	/tmp/riley-opt-260912/multisequence-projection-probe-v2/fixtures/x-576-1-m2-a2.bf16	/tmp/riley-opt-260912/multisequence-projection-probe-v2/fixtures/w-20-o.bf16
742	20	2	4	4	576	576	1	/tmp/riley-opt-260912/multisequence-projection-probe-v2/fixtures/x-576-1-m4-a4.bf16	/tmp/riley-opt-260912/multisequence-projection-probe-v2/fixtures/w-20-o.bf16
743	20	2	4	3	576	576	1	/tmp/riley-opt-260912/multisequence-projection-probe-v2/fixtures/x-576-1-m4-a3.bf16	/tmp/riley-opt-260912/multisequence-projection-probe-v2/fixtures/w-20-o.bf16
744	20	2	2	2	576	576	2	/tmp/riley-opt-260912/multisequence-projection-probe-v2/fixtures/x-576-2-m2-a2.bf16	/tmp/riley-opt-260912/multisequence-projection-probe-v2/fixtures/w-20-o.bf16
745	20	2	4	4	576	576	2	/tmp/riley-opt-260912/multisequence-projection-probe-v2/fixtures/x-576-2-m4-a4.bf16	/tmp/riley-opt-260912/multisequence-projection-probe-v2/fixtures/w-20-o.bf16
746	20	2	4	3	576	576	2	/tmp/riley-opt-260912/multisequence-projection-probe-v2/fixtures/x-576-2-m4-a3.bf16	/tmp/riley-opt-260912/multisequence-projection-probe-v2/fixtures/w-20-o.bf16
747	20	3	2	2	576	1536	0	/tmp/riley-opt-260912/multisequence-projection-probe-v2/fixtures/x-1536-0-m2-a2.bf16	/tmp/riley-opt-260912/multisequence-projection-probe-v2/fixtures/w-20-down.bf16
748	20	3	4	4	576	1536	0	/tmp/riley-opt-260912/multisequence-projection-probe-v2/fixtures/x-1536-0-m4-a4.bf16	/tmp/riley-opt-260912/multisequence-projection-probe-v2/fixtures/w-20-down.bf16
749	20	3	4	3	576	1536	0	/tmp/riley-opt-260912/multisequence-projection-probe-v2/fixtures/x-1536-0-m4-a3.bf16	/tmp/riley-opt-260912/multisequence-projection-probe-v2/fixtures/w-20-down.bf16
750	20	3	2	2	576	1536	1	/tmp/riley-opt-260912/multisequence-projection-probe-v2/fixtures/x-1536-1-m2-a2.bf16	/tmp/riley-opt-260912/multisequence-projection-probe-v2/fixtures/w-20-down.bf16
751	20	3	4	4	576	1536	1	/tmp/riley-opt-260912/multisequence-projection-probe-v2/fixtures/x-1536-1-m4-a4.bf16	/tmp/riley-opt-260912/multisequence-projection-probe-v2/fixtures/w-20-down.bf16
752	20	3	4	3	576	1536	1	/tmp/riley-opt-260912/multisequence-projection-probe-v2/fixtures/x-1536-1-m4-a3.bf16	/tmp/riley-opt-260912/multisequence-projection-probe-v2/fixtures/w-20-down.bf16
753	20	3	2	2	576	1536	2	/tmp/riley-opt-260912/multisequence-projection-probe-v2/fixtures/x-1536-2-m2-a2.bf16	/tmp/riley-opt-260912/multisequence-projection-probe-v2/fixtures/w-20-down.bf16
754	20	3	4	4	576	1536	2	/tmp/riley-opt-260912/multisequence-projection-probe-v2/fixtures/x-1536-2-m4-a4.bf16	/tmp/riley-opt-260912/multisequence-projection-probe-v2/fixtures/w-20-down.bf16
755	20	3	4	3	576	1536	2	/tmp/riley-opt-260912/multisequence-projection-probe-v2/fixtures/x-1536-2-m4-a3.bf16	/tmp/riley-opt-260912/multisequence-projection-probe-v2/fixtures/w-20-down.bf16
756	21	0	2	2	960	576	0	/tmp/riley-opt-260912/multisequence-projection-probe-v2/fixtures/x-576-0-m2-a2.bf16	/tmp/riley-opt-260912/multisequence-projection-probe-v2/fixtures/w-21-qkv.bf16
757	21	0	4	4	960	576	0	/tmp/riley-opt-260912/multisequence-projection-probe-v2/fixtures/x-576-0-m4-a4.bf16	/tmp/riley-opt-260912/multisequence-projection-probe-v2/fixtures/w-21-qkv.bf16
758	21	0	4	3	960	576	0	/tmp/riley-opt-260912/multisequence-projection-probe-v2/fixtures/x-576-0-m4-a3.bf16	/tmp/riley-opt-260912/multisequence-projection-probe-v2/fixtures/w-21-qkv.bf16
759	21	0	2	2	960	576	1	/tmp/riley-opt-260912/multisequence-projection-probe-v2/fixtures/x-576-1-m2-a2.bf16	/tmp/riley-opt-260912/multisequence-projection-probe-v2/fixtures/w-21-qkv.bf16
760	21	0	4	4	960	576	1	/tmp/riley-opt-260912/multisequence-projection-probe-v2/fixtures/x-576-1-m4-a4.bf16	/tmp/riley-opt-260912/multisequence-projection-probe-v2/fixtures/w-21-qkv.bf16
761	21	0	4	3	960	576	1	/tmp/riley-opt-260912/multisequence-projection-probe-v2/fixtures/x-576-1-m4-a3.bf16	/tmp/riley-opt-260912/multisequence-projection-probe-v2/fixtures/w-21-qkv.bf16
762	21	0	2	2	960	576	2	/tmp/riley-opt-260912/multisequence-projection-probe-v2/fixtures/x-576-2-m2-a2.bf16	/tmp/riley-opt-260912/multisequence-projection-probe-v2/fixtures/w-21-qkv.bf16
763	21	0	4	4	960	576	2	/tmp/riley-opt-260912/multisequence-projection-probe-v2/fixtures/x-576-2-m4-a4.bf16	/tmp/riley-opt-260912/multisequence-projection-probe-v2/fixtures/w-21-qkv.bf16
764	21	0	4	3	960	576	2	/tmp/riley-opt-260912/multisequence-projection-probe-v2/fixtures/x-576-2-m4-a3.bf16	/tmp/riley-opt-260912/multisequence-projection-probe-v2/fixtures/w-21-qkv.bf16
765	21	1	2	2	3072	576	0	/tmp/riley-opt-260912/multisequence-projection-probe-v2/fixtures/x-576-0-m2-a2.bf16	/tmp/riley-opt-260912/multisequence-projection-probe-v2/fixtures/w-21-gate_up.bf16
766	21	1	4	4	3072	576	0	/tmp/riley-opt-260912/multisequence-projection-probe-v2/fixtures/x-576-0-m4-a4.bf16	/tmp/riley-opt-260912/multisequence-projection-probe-v2/fixtures/w-21-gate_up.bf16
767	21	1	4	3	3072	576	0	/tmp/riley-opt-260912/multisequence-projection-probe-v2/fixtures/x-576-0-m4-a3.bf16	/tmp/riley-opt-260912/multisequence-projection-probe-v2/fixtures/w-21-gate_up.bf16
768	21	1	2	2	3072	576	1	/tmp/riley-opt-260912/multisequence-projection-probe-v2/fixtures/x-576-1-m2-a2.bf16	/tmp/riley-opt-260912/multisequence-projection-probe-v2/fixtures/w-21-gate_up.bf16
769	21	1	4	4	3072	576	1	/tmp/riley-opt-260912/multisequence-projection-probe-v2/fixtures/x-576-1-m4-a4.bf16	/tmp/riley-opt-260912/multisequence-projection-probe-v2/fixtures/w-21-gate_up.bf16
770	21	1	4	3	3072	576	1	/tmp/riley-opt-260912/multisequence-projection-probe-v2/fixtures/x-576-1-m4-a3.bf16	/tmp/riley-opt-260912/multisequence-projection-probe-v2/fixtures/w-21-gate_up.bf16
771	21	1	2	2	3072	576	2	/tmp/riley-opt-260912/multisequence-projection-probe-v2/fixtures/x-576-2-m2-a2.bf16	/tmp/riley-opt-260912/multisequence-projection-probe-v2/fixtures/w-21-gate_up.bf16
772	21	1	4	4	3072	576	2	/tmp/riley-opt-260912/multisequence-projection-probe-v2/fixtures/x-576-2-m4-a4.bf16	/tmp/riley-opt-260912/multisequence-projection-probe-v2/fixtures/w-21-gate_up.bf16
773	21	1	4	3	3072	576	2	/tmp/riley-opt-260912/multisequence-projection-probe-v2/fixtures/x-576-2-m4-a3.bf16	/tmp/riley-opt-260912/multisequence-projection-probe-v2/fixtures/w-21-gate_up.bf16
774	21	2	2	2	576	576	0	/tmp/riley-opt-260912/multisequence-projection-probe-v2/fixtures/x-576-0-m2-a2.bf16	/tmp/riley-opt-260912/multisequence-projection-probe-v2/fixtures/w-21-o.bf16
775	21	2	4	4	576	576	0	/tmp/riley-opt-260912/multisequence-projection-probe-v2/fixtures/x-576-0-m4-a4.bf16	/tmp/riley-opt-260912/multisequence-projection-probe-v2/fixtures/w-21-o.bf16
776	21	2	4	3	576	576	0	/tmp/riley-opt-260912/multisequence-projection-probe-v2/fixtures/x-576-0-m4-a3.bf16	/tmp/riley-opt-260912/multisequence-projection-probe-v2/fixtures/w-21-o.bf16
777	21	2	2	2	576	576	1	/tmp/riley-opt-260912/multisequence-projection-probe-v2/fixtures/x-576-1-m2-a2.bf16	/tmp/riley-opt-260912/multisequence-projection-probe-v2/fixtures/w-21-o.bf16
778	21	2	4	4	576	576	1	/tmp/riley-opt-260912/multisequence-projection-probe-v2/fixtures/x-576-1-m4-a4.bf16	/tmp/riley-opt-260912/multisequence-projection-probe-v2/fixtures/w-21-o.bf16
779	21	2	4	3	576	576	1	/tmp/riley-opt-260912/multisequence-projection-probe-v2/fixtures/x-576-1-m4-a3.bf16	/tmp/riley-opt-260912/multisequence-projection-probe-v2/fixtures/w-21-o.bf16
780	21	2	2	2	576	576	2	/tmp/riley-opt-260912/multisequence-projection-probe-v2/fixtures/x-576-2-m2-a2.bf16	/tmp/riley-opt-260912/multisequence-projection-probe-v2/fixtures/w-21-o.bf16
781	21	2	4	4	576	576	2	/tmp/riley-opt-260912/multisequence-projection-probe-v2/fixtures/x-576-2-m4-a4.bf16	/tmp/riley-opt-260912/multisequence-projection-probe-v2/fixtures/w-21-o.bf16
782	21	2	4	3	576	576	2	/tmp/riley-opt-260912/multisequence-projection-probe-v2/fixtures/x-576-2-m4-a3.bf16	/tmp/riley-opt-260912/multisequence-projection-probe-v2/fixtures/w-21-o.bf16
783	21	3	2	2	576	1536	0	/tmp/riley-opt-260912/multisequence-projection-probe-v2/fixtures/x-1536-0-m2-a2.bf16	/tmp/riley-opt-260912/multisequence-projection-probe-v2/fixtures/w-21-down.bf16
784	21	3	4	4	576	1536	0	/tmp/riley-opt-260912/multisequence-projection-probe-v2/fixtures/x-1536-0-m4-a4.bf16	/tmp/riley-opt-260912/multisequence-projection-probe-v2/fixtures/w-21-down.bf16
785	21	3	4	3	576	1536	0	/tmp/riley-opt-260912/multisequence-projection-probe-v2/fixtures/x-1536-0-m4-a3.bf16	/tmp/riley-opt-260912/multisequence-projection-probe-v2/fixtures/w-21-down.bf16
786	21	3	2	2	576	1536	1	/tmp/riley-opt-260912/multisequence-projection-probe-v2/fixtures/x-1536-1-m2-a2.bf16	/tmp/riley-opt-260912/multisequence-projection-probe-v2/fixtures/w-21-down.bf16
787	21	3	4	4	576	1536	1	/tmp/riley-opt-260912/multisequence-projection-probe-v2/fixtures/x-1536-1-m4-a4.bf16	/tmp/riley-opt-260912/multisequence-projection-probe-v2/fixtures/w-21-down.bf16
788	21	3	4	3	576	1536	1	/tmp/riley-opt-260912/multisequence-projection-probe-v2/fixtures/x-1536-1-m4-a3.bf16	/tmp/riley-opt-260912/multisequence-projection-probe-v2/fixtures/w-21-down.bf16
789	21	3	2	2	576	1536	2	/tmp/riley-opt-260912/multisequence-projection-probe-v2/fixtures/x-1536-2-m2-a2.bf16	/tmp/riley-opt-260912/multisequence-projection-probe-v2/fixtures/w-21-down.bf16
790	21	3	4	4	576	1536	2	/tmp/riley-opt-260912/multisequence-projection-probe-v2/fixtures/x-1536-2-m4-a4.bf16	/tmp/riley-opt-260912/multisequence-projection-probe-v2/fixtures/w-21-down.bf16
791	21	3	4	3	576	1536	2	/tmp/riley-opt-260912/multisequence-projection-probe-v2/fixtures/x-1536-2-m4-a3.bf16	/tmp/riley-opt-260912/multisequence-projection-probe-v2/fixtures/w-21-down.bf16
792	22	0	2	2	960	576	0	/tmp/riley-opt-260912/multisequence-projection-probe-v2/fixtures/x-576-0-m2-a2.bf16	/tmp/riley-opt-260912/multisequence-projection-probe-v2/fixtures/w-22-qkv.bf16
793	22	0	4	4	960	576	0	/tmp/riley-opt-260912/multisequence-projection-probe-v2/fixtures/x-576-0-m4-a4.bf16	/tmp/riley-opt-260912/multisequence-projection-probe-v2/fixtures/w-22-qkv.bf16
794	22	0	4	3	960	576	0	/tmp/riley-opt-260912/multisequence-projection-probe-v2/fixtures/x-576-0-m4-a3.bf16	/tmp/riley-opt-260912/multisequence-projection-probe-v2/fixtures/w-22-qkv.bf16
795	22	0	2	2	960	576	1	/tmp/riley-opt-260912/multisequence-projection-probe-v2/fixtures/x-576-1-m2-a2.bf16	/tmp/riley-opt-260912/multisequence-projection-probe-v2/fixtures/w-22-qkv.bf16
796	22	0	4	4	960	576	1	/tmp/riley-opt-260912/multisequence-projection-probe-v2/fixtures/x-576-1-m4-a4.bf16	/tmp/riley-opt-260912/multisequence-projection-probe-v2/fixtures/w-22-qkv.bf16
797	22	0	4	3	960	576	1	/tmp/riley-opt-260912/multisequence-projection-probe-v2/fixtures/x-576-1-m4-a3.bf16	/tmp/riley-opt-260912/multisequence-projection-probe-v2/fixtures/w-22-qkv.bf16
798	22	0	2	2	960	576	2	/tmp/riley-opt-260912/multisequence-projection-probe-v2/fixtures/x-576-2-m2-a2.bf16	/tmp/riley-opt-260912/multisequence-projection-probe-v2/fixtures/w-22-qkv.bf16
799	22	0	4	4	960	576	2	/tmp/riley-opt-260912/multisequence-projection-probe-v2/fixtures/x-576-2-m4-a4.bf16	/tmp/riley-opt-260912/multisequence-projection-probe-v2/fixtures/w-22-qkv.bf16
800	22	0	4	3	960	576	2	/tmp/riley-opt-260912/multisequence-projection-probe-v2/fixtures/x-576-2-m4-a3.bf16	/tmp/riley-opt-260912/multisequence-projection-probe-v2/fixtures/w-22-qkv.bf16
801	22	1	2	2	3072	576	0	/tmp/riley-opt-260912/multisequence-projection-probe-v2/fixtures/x-576-0-m2-a2.bf16	/tmp/riley-opt-260912/multisequence-projection-probe-v2/fixtures/w-22-gate_up.bf16
802	22	1	4	4	3072	576	0	/tmp/riley-opt-260912/multisequence-projection-probe-v2/fixtures/x-576-0-m4-a4.bf16	/tmp/riley-opt-260912/multisequence-projection-probe-v2/fixtures/w-22-gate_up.bf16
803	22	1	4	3	3072	576	0	/tmp/riley-opt-260912/multisequence-projection-probe-v2/fixtures/x-576-0-m4-a3.bf16	/tmp/riley-opt-260912/multisequence-projection-probe-v2/fixtures/w-22-gate_up.bf16
804	22	1	2	2	3072	576	1	/tmp/riley-opt-260912/multisequence-projection-probe-v2/fixtures/x-576-1-m2-a2.bf16	/tmp/riley-opt-260912/multisequence-projection-probe-v2/fixtures/w-22-gate_up.bf16
805	22	1	4	4	3072	576	1	/tmp/riley-opt-260912/multisequence-projection-probe-v2/fixtures/x-576-1-m4-a4.bf16	/tmp/riley-opt-260912/multisequence-projection-probe-v2/fixtures/w-22-gate_up.bf16
806	22	1	4	3	3072	576	1	/tmp/riley-opt-260912/multisequence-projection-probe-v2/fixtures/x-576-1-m4-a3.bf16	/tmp/riley-opt-260912/multisequence-projection-probe-v2/fixtures/w-22-gate_up.bf16
807	22	1	2	2	3072	576	2	/tmp/riley-opt-260912/multisequence-projection-probe-v2/fixtures/x-576-2-m2-a2.bf16	/tmp/riley-opt-260912/multisequence-projection-probe-v2/fixtures/w-22-gate_up.bf16
808	22	1	4	4	3072	576	2	/tmp/riley-opt-260912/multisequence-projection-probe-v2/fixtures/x-576-2-m4-a4.bf16	/tmp/riley-opt-260912/multisequence-projection-probe-v2/fixtures/w-22-gate_up.bf16
809	22	1	4	3	3072	576	2	/tmp/riley-opt-260912/multisequence-projection-probe-v2/fixtures/x-576-2-m4-a3.bf16	/tmp/riley-opt-260912/multisequence-projection-probe-v2/fixtures/w-22-gate_up.bf16
810	22	2	2	2	576	576	0	/tmp/riley-opt-260912/multisequence-projection-probe-v2/fixtures/x-576-0-m2-a2.bf16	/tmp/riley-opt-260912/multisequence-projection-probe-v2/fixtures/w-22-o.bf16
811	22	2	4	4	576	576	0	/tmp/riley-opt-260912/multisequence-projection-probe-v2/fixtures/x-576-0-m4-a4.bf16	/tmp/riley-opt-260912/multisequence-projection-probe-v2/fixtures/w-22-o.bf16
812	22	2	4	3	576	576	0	/tmp/riley-opt-260912/multisequence-projection-probe-v2/fixtures/x-576-0-m4-a3.bf16	/tmp/riley-opt-260912/multisequence-projection-probe-v2/fixtures/w-22-o.bf16
813	22	2	2	2	576	576	1	/tmp/riley-opt-260912/multisequence-projection-probe-v2/fixtures/x-576-1-m2-a2.bf16	/tmp/riley-opt-260912/multisequence-projection-probe-v2/fixtures/w-22-o.bf16
814	22	2	4	4	576	576	1	/tmp/riley-opt-260912/multisequence-projection-probe-v2/fixtures/x-576-1-m4-a4.bf16	/tmp/riley-opt-260912/multisequence-projection-probe-v2/fixtures/w-22-o.bf16
815	22	2	4	3	576	576	1	/tmp/riley-opt-260912/multisequence-projection-probe-v2/fixtures/x-576-1-m4-a3.bf16	/tmp/riley-opt-260912/multisequence-projection-probe-v2/fixtures/w-22-o.bf16
816	22	2	2	2	576	576	2	/tmp/riley-opt-260912/multisequence-projection-probe-v2/fixtures/x-576-2-m2-a2.bf16	/tmp/riley-opt-260912/multisequence-projection-probe-v2/fixtures/w-22-o.bf16
817	22	2	4	4	576	576	2	/tmp/riley-opt-260912/multisequence-projection-probe-v2/fixtures/x-576-2-m4-a4.bf16	/tmp/riley-opt-260912/multisequence-projection-probe-v2/fixtures/w-22-o.bf16
818	22	2	4	3	576	576	2	/tmp/riley-opt-260912/multisequence-projection-probe-v2/fixtures/x-576-2-m4-a3.bf16	/tmp/riley-opt-260912/multisequence-projection-probe-v2/fixtures/w-22-o.bf16
819	22	3	2	2	576	1536	0	/tmp/riley-opt-260912/multisequence-projection-probe-v2/fixtures/x-1536-0-m2-a2.bf16	/tmp/riley-opt-260912/multisequence-projection-probe-v2/fixtures/w-22-down.bf16
820	22	3	4	4	576	1536	0	/tmp/riley-opt-260912/multisequence-projection-probe-v2/fixtures/x-1536-0-m4-a4.bf16	/tmp/riley-opt-260912/multisequence-projection-probe-v2/fixtures/w-22-down.bf16
821	22	3	4	3	576	1536	0	/tmp/riley-opt-260912/multisequence-projection-probe-v2/fixtures/x-1536-0-m4-a3.bf16	/tmp/riley-opt-260912/multisequence-projection-probe-v2/fixtures/w-22-down.bf16
822	22	3	2	2	576	1536	1	/tmp/riley-opt-260912/multisequence-projection-probe-v2/fixtures/x-1536-1-m2-a2.bf16	/tmp/riley-opt-260912/multisequence-projection-probe-v2/fixtures/w-22-down.bf16
823	22	3	4	4	576	1536	1	/tmp/riley-opt-260912/multisequence-projection-probe-v2/fixtures/x-1536-1-m4-a4.bf16	/tmp/riley-opt-260912/multisequence-projection-probe-v2/fixtures/w-22-down.bf16
824	22	3	4	3	576	1536	1	/tmp/riley-opt-260912/multisequence-projection-probe-v2/fixtures/x-1536-1-m4-a3.bf16	/tmp/riley-opt-260912/multisequence-projection-probe-v2/fixtures/w-22-down.bf16
825	22	3	2	2	576	1536	2	/tmp/riley-opt-260912/multisequence-projection-probe-v2/fixtures/x-1536-2-m2-a2.bf16	/tmp/riley-opt-260912/multisequence-projection-probe-v2/fixtures/w-22-down.bf16
826	22	3	4	4	576	1536	2	/tmp/riley-opt-260912/multisequence-projection-probe-v2/fixtures/x-1536-2-m4-a4.bf16	/tmp/riley-opt-260912/multisequence-projection-probe-v2/fixtures/w-22-down.bf16
827	22	3	4	3	576	1536	2	/tmp/riley-opt-260912/multisequence-projection-probe-v2/fixtures/x-1536-2-m4-a3.bf16	/tmp/riley-opt-260912/multisequence-projection-probe-v2/fixtures/w-22-down.bf16
828	23	0	2	2	960	576	0	/tmp/riley-opt-260912/multisequence-projection-probe-v2/fixtures/x-576-0-m2-a2.bf16	/tmp/riley-opt-260912/multisequence-projection-probe-v2/fixtures/w-23-qkv.bf16
829	23	0	4	4	960	576	0	/tmp/riley-opt-260912/multisequence-projection-probe-v2/fixtures/x-576-0-m4-a4.bf16	/tmp/riley-opt-260912/multisequence-projection-probe-v2/fixtures/w-23-qkv.bf16
830	23	0	4	3	960	576	0	/tmp/riley-opt-260912/multisequence-projection-probe-v2/fixtures/x-576-0-m4-a3.bf16	/tmp/riley-opt-260912/multisequence-projection-probe-v2/fixtures/w-23-qkv.bf16
831	23	0	2	2	960	576	1	/tmp/riley-opt-260912/multisequence-projection-probe-v2/fixtures/x-576-1-m2-a2.bf16	/tmp/riley-opt-260912/multisequence-projection-probe-v2/fixtures/w-23-qkv.bf16
832	23	0	4	4	960	576	1	/tmp/riley-opt-260912/multisequence-projection-probe-v2/fixtures/x-576-1-m4-a4.bf16	/tmp/riley-opt-260912/multisequence-projection-probe-v2/fixtures/w-23-qkv.bf16
833	23	0	4	3	960	576	1	/tmp/riley-opt-260912/multisequence-projection-probe-v2/fixtures/x-576-1-m4-a3.bf16	/tmp/riley-opt-260912/multisequence-projection-probe-v2/fixtures/w-23-qkv.bf16
834	23	0	2	2	960	576	2	/tmp/riley-opt-260912/multisequence-projection-probe-v2/fixtures/x-576-2-m2-a2.bf16	/tmp/riley-opt-260912/multisequence-projection-probe-v2/fixtures/w-23-qkv.bf16
835	23	0	4	4	960	576	2	/tmp/riley-opt-260912/multisequence-projection-probe-v2/fixtures/x-576-2-m4-a4.bf16	/tmp/riley-opt-260912/multisequence-projection-probe-v2/fixtures/w-23-qkv.bf16
836	23	0	4	3	960	576	2	/tmp/riley-opt-260912/multisequence-projection-probe-v2/fixtures/x-576-2-m4-a3.bf16	/tmp/riley-opt-260912/multisequence-projection-probe-v2/fixtures/w-23-qkv.bf16
837	23	1	2	2	3072	576	0	/tmp/riley-opt-260912/multisequence-projection-probe-v2/fixtures/x-576-0-m2-a2.bf16	/tmp/riley-opt-260912/multisequence-projection-probe-v2/fixtures/w-23-gate_up.bf16
838	23	1	4	4	3072	576	0	/tmp/riley-opt-260912/multisequence-projection-probe-v2/fixtures/x-576-0-m4-a4.bf16	/tmp/riley-opt-260912/multisequence-projection-probe-v2/fixtures/w-23-gate_up.bf16
839	23	1	4	3	3072	576	0	/tmp/riley-opt-260912/multisequence-projection-probe-v2/fixtures/x-576-0-m4-a3.bf16	/tmp/riley-opt-260912/multisequence-projection-probe-v2/fixtures/w-23-gate_up.bf16
840	23	1	2	2	3072	576	1	/tmp/riley-opt-260912/multisequence-projection-probe-v2/fixtures/x-576-1-m2-a2.bf16	/tmp/riley-opt-260912/multisequence-projection-probe-v2/fixtures/w-23-gate_up.bf16
841	23	1	4	4	3072	576	1	/tmp/riley-opt-260912/multisequence-projection-probe-v2/fixtures/x-576-1-m4-a4.bf16	/tmp/riley-opt-260912/multisequence-projection-probe-v2/fixtures/w-23-gate_up.bf16
842	23	1	4	3	3072	576	1	/tmp/riley-opt-260912/multisequence-projection-probe-v2/fixtures/x-576-1-m4-a3.bf16	/tmp/riley-opt-260912/multisequence-projection-probe-v2/fixtures/w-23-gate_up.bf16
843	23	1	2	2	3072	576	2	/tmp/riley-opt-260912/multisequence-projection-probe-v2/fixtures/x-576-2-m2-a2.bf16	/tmp/riley-opt-260912/multisequence-projection-probe-v2/fixtures/w-23-gate_up.bf16
844	23	1	4	4	3072	576	2	/tmp/riley-opt-260912/multisequence-projection-probe-v2/fixtures/x-576-2-m4-a4.bf16	/tmp/riley-opt-260912/multisequence-projection-probe-v2/fixtures/w-23-gate_up.bf16
845	23	1	4	3	3072	576	2	/tmp/riley-opt-260912/multisequence-projection-probe-v2/fixtures/x-576-2-m4-a3.bf16	/tmp/riley-opt-260912/multisequence-projection-probe-v2/fixtures/w-23-gate_up.bf16
846	23	2	2	2	576	576	0	/tmp/riley-opt-260912/multisequence-projection-probe-v2/fixtures/x-576-0-m2-a2.bf16	/tmp/riley-opt-260912/multisequence-projection-probe-v2/fixtures/w-23-o.bf16
847	23	2	4	4	576	576	0	/tmp/riley-opt-260912/multisequence-projection-probe-v2/fixtures/x-576-0-m4-a4.bf16	/tmp/riley-opt-260912/multisequence-projection-probe-v2/fixtures/w-23-o.bf16
848	23	2	4	3	576	576	0	/tmp/riley-opt-260912/multisequence-projection-probe-v2/fixtures/x-576-0-m4-a3.bf16	/tmp/riley-opt-260912/multisequence-projection-probe-v2/fixtures/w-23-o.bf16
849	23	2	2	2	576	576	1	/tmp/riley-opt-260912/multisequence-projection-probe-v2/fixtures/x-576-1-m2-a2.bf16	/tmp/riley-opt-260912/multisequence-projection-probe-v2/fixtures/w-23-o.bf16
850	23	2	4	4	576	576	1	/tmp/riley-opt-260912/multisequence-projection-probe-v2/fixtures/x-576-1-m4-a4.bf16	/tmp/riley-opt-260912/multisequence-projection-probe-v2/fixtures/w-23-o.bf16
851	23	2	4	3	576	576	1	/tmp/riley-opt-260912/multisequence-projection-probe-v2/fixtures/x-576-1-m4-a3.bf16	/tmp/riley-opt-260912/multisequence-projection-probe-v2/fixtures/w-23-o.bf16
852	23	2	2	2	576	576	2	/tmp/riley-opt-260912/multisequence-projection-probe-v2/fixtures/x-576-2-m2-a2.bf16	/tmp/riley-opt-260912/multisequence-projection-probe-v2/fixtures/w-23-o.bf16
853	23	2	4	4	576	576	2	/tmp/riley-opt-260912/multisequence-projection-probe-v2/fixtures/x-576-2-m4-a4.bf16	/tmp/riley-opt-260912/multisequence-projection-probe-v2/fixtures/w-23-o.bf16
854	23	2	4	3	576	576	2	/tmp/riley-opt-260912/multisequence-projection-probe-v2/fixtures/x-576-2-m4-a3.bf16	/tmp/riley-opt-260912/multisequence-projection-probe-v2/fixtures/w-23-o.bf16
855	23	3	2	2	576	1536	0	/tmp/riley-opt-260912/multisequence-projection-probe-v2/fixtures/x-1536-0-m2-a2.bf16	/tmp/riley-opt-260912/multisequence-projection-probe-v2/fixtures/w-23-down.bf16
856	23	3	4	4	576	1536	0	/tmp/riley-opt-260912/multisequence-projection-probe-v2/fixtures/x-1536-0-m4-a4.bf16	/tmp/riley-opt-260912/multisequence-projection-probe-v2/fixtures/w-23-down.bf16
857	23	3	4	3	576	1536	0	/tmp/riley-opt-260912/multisequence-projection-probe-v2/fixtures/x-1536-0-m4-a3.bf16	/tmp/riley-opt-260912/multisequence-projection-probe-v2/fixtures/w-23-down.bf16
858	23	3	2	2	576	1536	1	/tmp/riley-opt-260912/multisequence-projection-probe-v2/fixtures/x-1536-1-m2-a2.bf16	/tmp/riley-opt-260912/multisequence-projection-probe-v2/fixtures/w-23-down.bf16
859	23	3	4	4	576	1536	1	/tmp/riley-opt-260912/multisequence-projection-probe-v2/fixtures/x-1536-1-m4-a4.bf16	/tmp/riley-opt-260912/multisequence-projection-probe-v2/fixtures/w-23-down.bf16
860	23	3	4	3	576	1536	1	/tmp/riley-opt-260912/multisequence-projection-probe-v2/fixtures/x-1536-1-m4-a3.bf16	/tmp/riley-opt-260912/multisequence-projection-probe-v2/fixtures/w-23-down.bf16
861	23	3	2	2	576	1536	2	/tmp/riley-opt-260912/multisequence-projection-probe-v2/fixtures/x-1536-2-m2-a2.bf16	/tmp/riley-opt-260912/multisequence-projection-probe-v2/fixtures/w-23-down.bf16
862	23	3	4	4	576	1536	2	/tmp/riley-opt-260912/multisequence-projection-probe-v2/fixtures/x-1536-2-m4-a4.bf16	/tmp/riley-opt-260912/multisequence-projection-probe-v2/fixtures/w-23-down.bf16
863	23	3	4	3	576	1536	2	/tmp/riley-opt-260912/multisequence-projection-probe-v2/fixtures/x-1536-2-m4-a3.bf16	/tmp/riley-opt-260912/multisequence-projection-probe-v2/fixtures/w-23-down.bf16
864	24	0	2	2	960	576	0	/tmp/riley-opt-260912/multisequence-projection-probe-v2/fixtures/x-576-0-m2-a2.bf16	/tmp/riley-opt-260912/multisequence-projection-probe-v2/fixtures/w-24-qkv.bf16
865	24	0	4	4	960	576	0	/tmp/riley-opt-260912/multisequence-projection-probe-v2/fixtures/x-576-0-m4-a4.bf16	/tmp/riley-opt-260912/multisequence-projection-probe-v2/fixtures/w-24-qkv.bf16
866	24	0	4	3	960	576	0	/tmp/riley-opt-260912/multisequence-projection-probe-v2/fixtures/x-576-0-m4-a3.bf16	/tmp/riley-opt-260912/multisequence-projection-probe-v2/fixtures/w-24-qkv.bf16
867	24	0	2	2	960	576	1	/tmp/riley-opt-260912/multisequence-projection-probe-v2/fixtures/x-576-1-m2-a2.bf16	/tmp/riley-opt-260912/multisequence-projection-probe-v2/fixtures/w-24-qkv.bf16
868	24	0	4	4	960	576	1	/tmp/riley-opt-260912/multisequence-projection-probe-v2/fixtures/x-576-1-m4-a4.bf16	/tmp/riley-opt-260912/multisequence-projection-probe-v2/fixtures/w-24-qkv.bf16
869	24	0	4	3	960	576	1	/tmp/riley-opt-260912/multisequence-projection-probe-v2/fixtures/x-576-1-m4-a3.bf16	/tmp/riley-opt-260912/multisequence-projection-probe-v2/fixtures/w-24-qkv.bf16
870	24	0	2	2	960	576	2	/tmp/riley-opt-260912/multisequence-projection-probe-v2/fixtures/x-576-2-m2-a2.bf16	/tmp/riley-opt-260912/multisequence-projection-probe-v2/fixtures/w-24-qkv.bf16
871	24	0	4	4	960	576	2	/tmp/riley-opt-260912/multisequence-projection-probe-v2/fixtures/x-576-2-m4-a4.bf16	/tmp/riley-opt-260912/multisequence-projection-probe-v2/fixtures/w-24-qkv.bf16
872	24	0	4	3	960	576	2	/tmp/riley-opt-260912/multisequence-projection-probe-v2/fixtures/x-576-2-m4-a3.bf16	/tmp/riley-opt-260912/multisequence-projection-probe-v2/fixtures/w-24-qkv.bf16
873	24	1	2	2	3072	576	0	/tmp/riley-opt-260912/multisequence-projection-probe-v2/fixtures/x-576-0-m2-a2.bf16	/tmp/riley-opt-260912/multisequence-projection-probe-v2/fixtures/w-24-gate_up.bf16
874	24	1	4	4	3072	576	0	/tmp/riley-opt-260912/multisequence-projection-probe-v2/fixtures/x-576-0-m4-a4.bf16	/tmp/riley-opt-260912/multisequence-projection-probe-v2/fixtures/w-24-gate_up.bf16
875	24	1	4	3	3072	576	0	/tmp/riley-opt-260912/multisequence-projection-probe-v2/fixtures/x-576-0-m4-a3.bf16	/tmp/riley-opt-260912/multisequence-projection-probe-v2/fixtures/w-24-gate_up.bf16
876	24	1	2	2	3072	576	1	/tmp/riley-opt-260912/multisequence-projection-probe-v2/fixtures/x-576-1-m2-a2.bf16	/tmp/riley-opt-260912/multisequence-projection-probe-v2/fixtures/w-24-gate_up.bf16
877	24	1	4	4	3072	576	1	/tmp/riley-opt-260912/multisequence-projection-probe-v2/fixtures/x-576-1-m4-a4.bf16	/tmp/riley-opt-260912/multisequence-projection-probe-v2/fixtures/w-24-gate_up.bf16
878	24	1	4	3	3072	576	1	/tmp/riley-opt-260912/multisequence-projection-probe-v2/fixtures/x-576-1-m4-a3.bf16	/tmp/riley-opt-260912/multisequence-projection-probe-v2/fixtures/w-24-gate_up.bf16
879	24	1	2	2	3072	576	2	/tmp/riley-opt-260912/multisequence-projection-probe-v2/fixtures/x-576-2-m2-a2.bf16	/tmp/riley-opt-260912/multisequence-projection-probe-v2/fixtures/w-24-gate_up.bf16
880	24	1	4	4	3072	576	2	/tmp/riley-opt-260912/multisequence-projection-probe-v2/fixtures/x-576-2-m4-a4.bf16	/tmp/riley-opt-260912/multisequence-projection-probe-v2/fixtures/w-24-gate_up.bf16
881	24	1	4	3	3072	576	2	/tmp/riley-opt-260912/multisequence-projection-probe-v2/fixtures/x-576-2-m4-a3.bf16	/tmp/riley-opt-260912/multisequence-projection-probe-v2/fixtures/w-24-gate_up.bf16
882	24	2	2	2	576	576	0	/tmp/riley-opt-260912/multisequence-projection-probe-v2/fixtures/x-576-0-m2-a2.bf16	/tmp/riley-opt-260912/multisequence-projection-probe-v2/fixtures/w-24-o.bf16
883	24	2	4	4	576	576	0	/tmp/riley-opt-260912/multisequence-projection-probe-v2/fixtures/x-576-0-m4-a4.bf16	/tmp/riley-opt-260912/multisequence-projection-probe-v2/fixtures/w-24-o.bf16
884	24	2	4	3	576	576	0	/tmp/riley-opt-260912/multisequence-projection-probe-v2/fixtures/x-576-0-m4-a3.bf16	/tmp/riley-opt-260912/multisequence-projection-probe-v2/fixtures/w-24-o.bf16
885	24	2	2	2	576	576	1	/tmp/riley-opt-260912/multisequence-projection-probe-v2/fixtures/x-576-1-m2-a2.bf16	/tmp/riley-opt-260912/multisequence-projection-probe-v2/fixtures/w-24-o.bf16
886	24	2	4	4	576	576	1	/tmp/riley-opt-260912/multisequence-projection-probe-v2/fixtures/x-576-1-m4-a4.bf16	/tmp/riley-opt-260912/multisequence-projection-probe-v2/fixtures/w-24-o.bf16
887	24	2	4	3	576	576	1	/tmp/riley-opt-260912/multisequence-projection-probe-v2/fixtures/x-576-1-m4-a3.bf16	/tmp/riley-opt-260912/multisequence-projection-probe-v2/fixtures/w-24-o.bf16
888	24	2	2	2	576	576	2	/tmp/riley-opt-260912/multisequence-projection-probe-v2/fixtures/x-576-2-m2-a2.bf16	/tmp/riley-opt-260912/multisequence-projection-probe-v2/fixtures/w-24-o.bf16
889	24	2	4	4	576	576	2	/tmp/riley-opt-260912/multisequence-projection-probe-v2/fixtures/x-576-2-m4-a4.bf16	/tmp/riley-opt-260912/multisequence-projection-probe-v2/fixtures/w-24-o.bf16
890	24	2	4	3	576	576	2	/tmp/riley-opt-260912/multisequence-projection-probe-v2/fixtures/x-576-2-m4-a3.bf16	/tmp/riley-opt-260912/multisequence-projection-probe-v2/fixtures/w-24-o.bf16
891	24	3	2	2	576	1536	0	/tmp/riley-opt-260912/multisequence-projection-probe-v2/fixtures/x-1536-0-m2-a2.bf16	/tmp/riley-opt-260912/multisequence-projection-probe-v2/fixtures/w-24-down.bf16
892	24	3	4	4	576	1536	0	/tmp/riley-opt-260912/multisequence-projection-probe-v2/fixtures/x-1536-0-m4-a4.bf16	/tmp/riley-opt-260912/multisequence-projection-probe-v2/fixtures/w-24-down.bf16
893	24	3	4	3	576	1536	0	/tmp/riley-opt-260912/multisequence-projection-probe-v2/fixtures/x-1536-0-m4-a3.bf16	/tmp/riley-opt-260912/multisequence-projection-probe-v2/fixtures/w-24-down.bf16
894	24	3	2	2	576	1536	1	/tmp/riley-opt-260912/multisequence-projection-probe-v2/fixtures/x-1536-1-m2-a2.bf16	/tmp/riley-opt-260912/multisequence-projection-probe-v2/fixtures/w-24-down.bf16
895	24	3	4	4	576	1536	1	/tmp/riley-opt-260912/multisequence-projection-probe-v2/fixtures/x-1536-1-m4-a4.bf16	/tmp/riley-opt-260912/multisequence-projection-probe-v2/fixtures/w-24-down.bf16
896	24	3	4	3	576	1536	1	/tmp/riley-opt-260912/multisequence-projection-probe-v2/fixtures/x-1536-1-m4-a3.bf16	/tmp/riley-opt-260912/multisequence-projection-probe-v2/fixtures/w-24-down.bf16
897	24	3	2	2	576	1536	2	/tmp/riley-opt-260912/multisequence-projection-probe-v2/fixtures/x-1536-2-m2-a2.bf16	/tmp/riley-opt-260912/multisequence-projection-probe-v2/fixtures/w-24-down.bf16
898	24	3	4	4	576	1536	2	/tmp/riley-opt-260912/multisequence-projection-probe-v2/fixtures/x-1536-2-m4-a4.bf16	/tmp/riley-opt-260912/multisequence-projection-probe-v2/fixtures/w-24-down.bf16
899	24	3	4	3	576	1536	2	/tmp/riley-opt-260912/multisequence-projection-probe-v2/fixtures/x-1536-2-m4-a3.bf16	/tmp/riley-opt-260912/multisequence-projection-probe-v2/fixtures/w-24-down.bf16
900	25	0	2	2	960	576	0	/tmp/riley-opt-260912/multisequence-projection-probe-v2/fixtures/x-576-0-m2-a2.bf16	/tmp/riley-opt-260912/multisequence-projection-probe-v2/fixtures/w-25-qkv.bf16
901	25	0	4	4	960	576	0	/tmp/riley-opt-260912/multisequence-projection-probe-v2/fixtures/x-576-0-m4-a4.bf16	/tmp/riley-opt-260912/multisequence-projection-probe-v2/fixtures/w-25-qkv.bf16
902	25	0	4	3	960	576	0	/tmp/riley-opt-260912/multisequence-projection-probe-v2/fixtures/x-576-0-m4-a3.bf16	/tmp/riley-opt-260912/multisequence-projection-probe-v2/fixtures/w-25-qkv.bf16
903	25	0	2	2	960	576	1	/tmp/riley-opt-260912/multisequence-projection-probe-v2/fixtures/x-576-1-m2-a2.bf16	/tmp/riley-opt-260912/multisequence-projection-probe-v2/fixtures/w-25-qkv.bf16
904	25	0	4	4	960	576	1	/tmp/riley-opt-260912/multisequence-projection-probe-v2/fixtures/x-576-1-m4-a4.bf16	/tmp/riley-opt-260912/multisequence-projection-probe-v2/fixtures/w-25-qkv.bf16
905	25	0	4	3	960	576	1	/tmp/riley-opt-260912/multisequence-projection-probe-v2/fixtures/x-576-1-m4-a3.bf16	/tmp/riley-opt-260912/multisequence-projection-probe-v2/fixtures/w-25-qkv.bf16
906	25	0	2	2	960	576	2	/tmp/riley-opt-260912/multisequence-projection-probe-v2/fixtures/x-576-2-m2-a2.bf16	/tmp/riley-opt-260912/multisequence-projection-probe-v2/fixtures/w-25-qkv.bf16
907	25	0	4	4	960	576	2	/tmp/riley-opt-260912/multisequence-projection-probe-v2/fixtures/x-576-2-m4-a4.bf16	/tmp/riley-opt-260912/multisequence-projection-probe-v2/fixtures/w-25-qkv.bf16
908	25	0	4	3	960	576	2	/tmp/riley-opt-260912/multisequence-projection-probe-v2/fixtures/x-576-2-m4-a3.bf16	/tmp/riley-opt-260912/multisequence-projection-probe-v2/fixtures/w-25-qkv.bf16
909	25	1	2	2	3072	576	0	/tmp/riley-opt-260912/multisequence-projection-probe-v2/fixtures/x-576-0-m2-a2.bf16	/tmp/riley-opt-260912/multisequence-projection-probe-v2/fixtures/w-25-gate_up.bf16
910	25	1	4	4	3072	576	0	/tmp/riley-opt-260912/multisequence-projection-probe-v2/fixtures/x-576-0-m4-a4.bf16	/tmp/riley-opt-260912/multisequence-projection-probe-v2/fixtures/w-25-gate_up.bf16
911	25	1	4	3	3072	576	0	/tmp/riley-opt-260912/multisequence-projection-probe-v2/fixtures/x-576-0-m4-a3.bf16	/tmp/riley-opt-260912/multisequence-projection-probe-v2/fixtures/w-25-gate_up.bf16
912	25	1	2	2	3072	576	1	/tmp/riley-opt-260912/multisequence-projection-probe-v2/fixtures/x-576-1-m2-a2.bf16	/tmp/riley-opt-260912/multisequence-projection-probe-v2/fixtures/w-25-gate_up.bf16
913	25	1	4	4	3072	576	1	/tmp/riley-opt-260912/multisequence-projection-probe-v2/fixtures/x-576-1-m4-a4.bf16	/tmp/riley-opt-260912/multisequence-projection-probe-v2/fixtures/w-25-gate_up.bf16
914	25	1	4	3	3072	576	1	/tmp/riley-opt-260912/multisequence-projection-probe-v2/fixtures/x-576-1-m4-a3.bf16	/tmp/riley-opt-260912/multisequence-projection-probe-v2/fixtures/w-25-gate_up.bf16
915	25	1	2	2	3072	576	2	/tmp/riley-opt-260912/multisequence-projection-probe-v2/fixtures/x-576-2-m2-a2.bf16	/tmp/riley-opt-260912/multisequence-projection-probe-v2/fixtures/w-25-gate_up.bf16
916	25	1	4	4	3072	576	2	/tmp/riley-opt-260912/multisequence-projection-probe-v2/fixtures/x-576-2-m4-a4.bf16	/tmp/riley-opt-260912/multisequence-projection-probe-v2/fixtures/w-25-gate_up.bf16
917	25	1	4	3	3072	576	2	/tmp/riley-opt-260912/multisequence-projection-probe-v2/fixtures/x-576-2-m4-a3.bf16	/tmp/riley-opt-260912/multisequence-projection-probe-v2/fixtures/w-25-gate_up.bf16
918	25	2	2	2	576	576	0	/tmp/riley-opt-260912/multisequence-projection-probe-v2/fixtures/x-576-0-m2-a2.bf16	/tmp/riley-opt-260912/multisequence-projection-probe-v2/fixtures/w-25-o.bf16
919	25	2	4	4	576	576	0	/tmp/riley-opt-260912/multisequence-projection-probe-v2/fixtures/x-576-0-m4-a4.bf16	/tmp/riley-opt-260912/multisequence-projection-probe-v2/fixtures/w-25-o.bf16
920	25	2	4	3	576	576	0	/tmp/riley-opt-260912/multisequence-projection-probe-v2/fixtures/x-576-0-m4-a3.bf16	/tmp/riley-opt-260912/multisequence-projection-probe-v2/fixtures/w-25-o.bf16
921	25	2	2	2	576	576	1	/tmp/riley-opt-260912/multisequence-projection-probe-v2/fixtures/x-576-1-m2-a2.bf16	/tmp/riley-opt-260912/multisequence-projection-probe-v2/fixtures/w-25-o.bf16
922	25	2	4	4	576	576	1	/tmp/riley-opt-260912/multisequence-projection-probe-v2/fixtures/x-576-1-m4-a4.bf16	/tmp/riley-opt-260912/multisequence-projection-probe-v2/fixtures/w-25-o.bf16
923	25	2	4	3	576	576	1	/tmp/riley-opt-260912/multisequence-projection-probe-v2/fixtures/x-576-1-m4-a3.bf16	/tmp/riley-opt-260912/multisequence-projection-probe-v2/fixtures/w-25-o.bf16
924	25	2	2	2	576	576	2	/tmp/riley-opt-260912/multisequence-projection-probe-v2/fixtures/x-576-2-m2-a2.bf16	/tmp/riley-opt-260912/multisequence-projection-probe-v2/fixtures/w-25-o.bf16
925	25	2	4	4	576	576	2	/tmp/riley-opt-260912/multisequence-projection-probe-v2/fixtures/x-576-2-m4-a4.bf16	/tmp/riley-opt-260912/multisequence-projection-probe-v2/fixtures/w-25-o.bf16
926	25	2	4	3	576	576	2	/tmp/riley-opt-260912/multisequence-projection-probe-v2/fixtures/x-576-2-m4-a3.bf16	/tmp/riley-opt-260912/multisequence-projection-probe-v2/fixtures/w-25-o.bf16
927	25	3	2	2	576	1536	0	/tmp/riley-opt-260912/multisequence-projection-probe-v2/fixtures/x-1536-0-m2-a2.bf16	/tmp/riley-opt-260912/multisequence-projection-probe-v2/fixtures/w-25-down.bf16
928	25	3	4	4	576	1536	0	/tmp/riley-opt-260912/multisequence-projection-probe-v2/fixtures/x-1536-0-m4-a4.bf16	/tmp/riley-opt-260912/multisequence-projection-probe-v2/fixtures/w-25-down.bf16
929	25	3	4	3	576	1536	0	/tmp/riley-opt-260912/multisequence-projection-probe-v2/fixtures/x-1536-0-m4-a3.bf16	/tmp/riley-opt-260912/multisequence-projection-probe-v2/fixtures/w-25-down.bf16
930	25	3	2	2	576	1536	1	/tmp/riley-opt-260912/multisequence-projection-probe-v2/fixtures/x-1536-1-m2-a2.bf16	/tmp/riley-opt-260912/multisequence-projection-probe-v2/fixtures/w-25-down.bf16
931	25	3	4	4	576	1536	1	/tmp/riley-opt-260912/multisequence-projection-probe-v2/fixtures/x-1536-1-m4-a4.bf16	/tmp/riley-opt-260912/multisequence-projection-probe-v2/fixtures/w-25-down.bf16
932	25	3	4	3	576	1536	1	/tmp/riley-opt-260912/multisequence-projection-probe-v2/fixtures/x-1536-1-m4-a3.bf16	/tmp/riley-opt-260912/multisequence-projection-probe-v2/fixtures/w-25-down.bf16
933	25	3	2	2	576	1536	2	/tmp/riley-opt-260912/multisequence-projection-probe-v2/fixtures/x-1536-2-m2-a2.bf16	/tmp/riley-opt-260912/multisequence-projection-probe-v2/fixtures/w-25-down.bf16
934	25	3	4	4	576	1536	2	/tmp/riley-opt-260912/multisequence-projection-probe-v2/fixtures/x-1536-2-m4-a4.bf16	/tmp/riley-opt-260912/multisequence-projection-probe-v2/fixtures/w-25-down.bf16
935	25	3	4	3	576	1536	2	/tmp/riley-opt-260912/multisequence-projection-probe-v2/fixtures/x-1536-2-m4-a3.bf16	/tmp/riley-opt-260912/multisequence-projection-probe-v2/fixtures/w-25-down.bf16
936	26	0	2	2	960	576	0	/tmp/riley-opt-260912/multisequence-projection-probe-v2/fixtures/x-576-0-m2-a2.bf16	/tmp/riley-opt-260912/multisequence-projection-probe-v2/fixtures/w-26-qkv.bf16
937	26	0	4	4	960	576	0	/tmp/riley-opt-260912/multisequence-projection-probe-v2/fixtures/x-576-0-m4-a4.bf16	/tmp/riley-opt-260912/multisequence-projection-probe-v2/fixtures/w-26-qkv.bf16
938	26	0	4	3	960	576	0	/tmp/riley-opt-260912/multisequence-projection-probe-v2/fixtures/x-576-0-m4-a3.bf16	/tmp/riley-opt-260912/multisequence-projection-probe-v2/fixtures/w-26-qkv.bf16
939	26	0	2	2	960	576	1	/tmp/riley-opt-260912/multisequence-projection-probe-v2/fixtures/x-576-1-m2-a2.bf16	/tmp/riley-opt-260912/multisequence-projection-probe-v2/fixtures/w-26-qkv.bf16
940	26	0	4	4	960	576	1	/tmp/riley-opt-260912/multisequence-projection-probe-v2/fixtures/x-576-1-m4-a4.bf16	/tmp/riley-opt-260912/multisequence-projection-probe-v2/fixtures/w-26-qkv.bf16
941	26	0	4	3	960	576	1	/tmp/riley-opt-260912/multisequence-projection-probe-v2/fixtures/x-576-1-m4-a3.bf16	/tmp/riley-opt-260912/multisequence-projection-probe-v2/fixtures/w-26-qkv.bf16
942	26	0	2	2	960	576	2	/tmp/riley-opt-260912/multisequence-projection-probe-v2/fixtures/x-576-2-m2-a2.bf16	/tmp/riley-opt-260912/multisequence-projection-probe-v2/fixtures/w-26-qkv.bf16
943	26	0	4	4	960	576	2	/tmp/riley-opt-260912/multisequence-projection-probe-v2/fixtures/x-576-2-m4-a4.bf16	/tmp/riley-opt-260912/multisequence-projection-probe-v2/fixtures/w-26-qkv.bf16
944	26	0	4	3	960	576	2	/tmp/riley-opt-260912/multisequence-projection-probe-v2/fixtures/x-576-2-m4-a3.bf16	/tmp/riley-opt-260912/multisequence-projection-probe-v2/fixtures/w-26-qkv.bf16
945	26	1	2	2	3072	576	0	/tmp/riley-opt-260912/multisequence-projection-probe-v2/fixtures/x-576-0-m2-a2.bf16	/tmp/riley-opt-260912/multisequence-projection-probe-v2/fixtures/w-26-gate_up.bf16
946	26	1	4	4	3072	576	0	/tmp/riley-opt-260912/multisequence-projection-probe-v2/fixtures/x-576-0-m4-a4.bf16	/tmp/riley-opt-260912/multisequence-projection-probe-v2/fixtures/w-26-gate_up.bf16
947	26	1	4	3	3072	576	0	/tmp/riley-opt-260912/multisequence-projection-probe-v2/fixtures/x-576-0-m4-a3.bf16	/tmp/riley-opt-260912/multisequence-projection-probe-v2/fixtures/w-26-gate_up.bf16
948	26	1	2	2	3072	576	1	/tmp/riley-opt-260912/multisequence-projection-probe-v2/fixtures/x-576-1-m2-a2.bf16	/tmp/riley-opt-260912/multisequence-projection-probe-v2/fixtures/w-26-gate_up.bf16
949	26	1	4	4	3072	576	1	/tmp/riley-opt-260912/multisequence-projection-probe-v2/fixtures/x-576-1-m4-a4.bf16	/tmp/riley-opt-260912/multisequence-projection-probe-v2/fixtures/w-26-gate_up.bf16
950	26	1	4	3	3072	576	1	/tmp/riley-opt-260912/multisequence-projection-probe-v2/fixtures/x-576-1-m4-a3.bf16	/tmp/riley-opt-260912/multisequence-projection-probe-v2/fixtures/w-26-gate_up.bf16
951	26	1	2	2	3072	576	2	/tmp/riley-opt-260912/multisequence-projection-probe-v2/fixtures/x-576-2-m2-a2.bf16	/tmp/riley-opt-260912/multisequence-projection-probe-v2/fixtures/w-26-gate_up.bf16
952	26	1	4	4	3072	576	2	/tmp/riley-opt-260912/multisequence-projection-probe-v2/fixtures/x-576-2-m4-a4.bf16	/tmp/riley-opt-260912/multisequence-projection-probe-v2/fixtures/w-26-gate_up.bf16
953	26	1	4	3	3072	576	2	/tmp/riley-opt-260912/multisequence-projection-probe-v2/fixtures/x-576-2-m4-a3.bf16	/tmp/riley-opt-260912/multisequence-projection-probe-v2/fixtures/w-26-gate_up.bf16
954	26	2	2	2	576	576	0	/tmp/riley-opt-260912/multisequence-projection-probe-v2/fixtures/x-576-0-m2-a2.bf16	/tmp/riley-opt-260912/multisequence-projection-probe-v2/fixtures/w-26-o.bf16
955	26	2	4	4	576	576	0	/tmp/riley-opt-260912/multisequence-projection-probe-v2/fixtures/x-576-0-m4-a4.bf16	/tmp/riley-opt-260912/multisequence-projection-probe-v2/fixtures/w-26-o.bf16
956	26	2	4	3	576	576	0	/tmp/riley-opt-260912/multisequence-projection-probe-v2/fixtures/x-576-0-m4-a3.bf16	/tmp/riley-opt-260912/multisequence-projection-probe-v2/fixtures/w-26-o.bf16
957	26	2	2	2	576	576	1	/tmp/riley-opt-260912/multisequence-projection-probe-v2/fixtures/x-576-1-m2-a2.bf16	/tmp/riley-opt-260912/multisequence-projection-probe-v2/fixtures/w-26-o.bf16
958	26	2	4	4	576	576	1	/tmp/riley-opt-260912/multisequence-projection-probe-v2/fixtures/x-576-1-m4-a4.bf16	/tmp/riley-opt-260912/multisequence-projection-probe-v2/fixtures/w-26-o.bf16
959	26	2	4	3	576	576	1	/tmp/riley-opt-260912/multisequence-projection-probe-v2/fixtures/x-576-1-m4-a3.bf16	/tmp/riley-opt-260912/multisequence-projection-probe-v2/fixtures/w-26-o.bf16
960	26	2	2	2	576	576	2	/tmp/riley-opt-260912/multisequence-projection-probe-v2/fixtures/x-576-2-m2-a2.bf16	/tmp/riley-opt-260912/multisequence-projection-probe-v2/fixtures/w-26-o.bf16
961	26	2	4	4	576	576	2	/tmp/riley-opt-260912/multisequence-projection-probe-v2/fixtures/x-576-2-m4-a4.bf16	/tmp/riley-opt-260912/multisequence-projection-probe-v2/fixtures/w-26-o.bf16
962	26	2	4	3	576	576	2	/tmp/riley-opt-260912/multisequence-projection-probe-v2/fixtures/x-576-2-m4-a3.bf16	/tmp/riley-opt-260912/multisequence-projection-probe-v2/fixtures/w-26-o.bf16
963	26	3	2	2	576	1536	0	/tmp/riley-opt-260912/multisequence-projection-probe-v2/fixtures/x-1536-0-m2-a2.bf16	/tmp/riley-opt-260912/multisequence-projection-probe-v2/fixtures/w-26-down.bf16
964	26	3	4	4	576	1536	0	/tmp/riley-opt-260912/multisequence-projection-probe-v2/fixtures/x-1536-0-m4-a4.bf16	/tmp/riley-opt-260912/multisequence-projection-probe-v2/fixtures/w-26-down.bf16
965	26	3	4	3	576	1536	0	/tmp/riley-opt-260912/multisequence-projection-probe-v2/fixtures/x-1536-0-m4-a3.bf16	/tmp/riley-opt-260912/multisequence-projection-probe-v2/fixtures/w-26-down.bf16
966	26	3	2	2	576	1536	1	/tmp/riley-opt-260912/multisequence-projection-probe-v2/fixtures/x-1536-1-m2-a2.bf16	/tmp/riley-opt-260912/multisequence-projection-probe-v2/fixtures/w-26-down.bf16
967	26	3	4	4	576	1536	1	/tmp/riley-opt-260912/multisequence-projection-probe-v2/fixtures/x-1536-1-m4-a4.bf16	/tmp/riley-opt-260912/multisequence-projection-probe-v2/fixtures/w-26-down.bf16
968	26	3	4	3	576	1536	1	/tmp/riley-opt-260912/multisequence-projection-probe-v2/fixtures/x-1536-1-m4-a3.bf16	/tmp/riley-opt-260912/multisequence-projection-probe-v2/fixtures/w-26-down.bf16
969	26	3	2	2	576	1536	2	/tmp/riley-opt-260912/multisequence-projection-probe-v2/fixtures/x-1536-2-m2-a2.bf16	/tmp/riley-opt-260912/multisequence-projection-probe-v2/fixtures/w-26-down.bf16
970	26	3	4	4	576	1536	2	/tmp/riley-opt-260912/multisequence-projection-probe-v2/fixtures/x-1536-2-m4-a4.bf16	/tmp/riley-opt-260912/multisequence-projection-probe-v2/fixtures/w-26-down.bf16
971	26	3	4	3	576	1536	2	/tmp/riley-opt-260912/multisequence-projection-probe-v2/fixtures/x-1536-2-m4-a3.bf16	/tmp/riley-opt-260912/multisequence-projection-probe-v2/fixtures/w-26-down.bf16
972	27	0	2	2	960	576	0	/tmp/riley-opt-260912/multisequence-projection-probe-v2/fixtures/x-576-0-m2-a2.bf16	/tmp/riley-opt-260912/multisequence-projection-probe-v2/fixtures/w-27-qkv.bf16
973	27	0	4	4	960	576	0	/tmp/riley-opt-260912/multisequence-projection-probe-v2/fixtures/x-576-0-m4-a4.bf16	/tmp/riley-opt-260912/multisequence-projection-probe-v2/fixtures/w-27-qkv.bf16
974	27	0	4	3	960	576	0	/tmp/riley-opt-260912/multisequence-projection-probe-v2/fixtures/x-576-0-m4-a3.bf16	/tmp/riley-opt-260912/multisequence-projection-probe-v2/fixtures/w-27-qkv.bf16
975	27	0	2	2	960	576	1	/tmp/riley-opt-260912/multisequence-projection-probe-v2/fixtures/x-576-1-m2-a2.bf16	/tmp/riley-opt-260912/multisequence-projection-probe-v2/fixtures/w-27-qkv.bf16
976	27	0	4	4	960	576	1	/tmp/riley-opt-260912/multisequence-projection-probe-v2/fixtures/x-576-1-m4-a4.bf16	/tmp/riley-opt-260912/multisequence-projection-probe-v2/fixtures/w-27-qkv.bf16
977	27	0	4	3	960	576	1	/tmp/riley-opt-260912/multisequence-projection-probe-v2/fixtures/x-576-1-m4-a3.bf16	/tmp/riley-opt-260912/multisequence-projection-probe-v2/fixtures/w-27-qkv.bf16
978	27	0	2	2	960	576	2	/tmp/riley-opt-260912/multisequence-projection-probe-v2/fixtures/x-576-2-m2-a2.bf16	/tmp/riley-opt-260912/multisequence-projection-probe-v2/fixtures/w-27-qkv.bf16
979	27	0	4	4	960	576	2	/tmp/riley-opt-260912/multisequence-projection-probe-v2/fixtures/x-576-2-m4-a4.bf16	/tmp/riley-opt-260912/multisequence-projection-probe-v2/fixtures/w-27-qkv.bf16
980	27	0	4	3	960	576	2	/tmp/riley-opt-260912/multisequence-projection-probe-v2/fixtures/x-576-2-m4-a3.bf16	/tmp/riley-opt-260912/multisequence-projection-probe-v2/fixtures/w-27-qkv.bf16
981	27	1	2	2	3072	576	0	/tmp/riley-opt-260912/multisequence-projection-probe-v2/fixtures/x-576-0-m2-a2.bf16	/tmp/riley-opt-260912/multisequence-projection-probe-v2/fixtures/w-27-gate_up.bf16
982	27	1	4	4	3072	576	0	/tmp/riley-opt-260912/multisequence-projection-probe-v2/fixtures/x-576-0-m4-a4.bf16	/tmp/riley-opt-260912/multisequence-projection-probe-v2/fixtures/w-27-gate_up.bf16
983	27	1	4	3	3072	576	0	/tmp/riley-opt-260912/multisequence-projection-probe-v2/fixtures/x-576-0-m4-a3.bf16	/tmp/riley-opt-260912/multisequence-projection-probe-v2/fixtures/w-27-gate_up.bf16
984	27	1	2	2	3072	576	1	/tmp/riley-opt-260912/multisequence-projection-probe-v2/fixtures/x-576-1-m2-a2.bf16	/tmp/riley-opt-260912/multisequence-projection-probe-v2/fixtures/w-27-gate_up.bf16
985	27	1	4	4	3072	576	1	/tmp/riley-opt-260912/multisequence-projection-probe-v2/fixtures/x-576-1-m4-a4.bf16	/tmp/riley-opt-260912/multisequence-projection-probe-v2/fixtures/w-27-gate_up.bf16
986	27	1	4	3	3072	576	1	/tmp/riley-opt-260912/multisequence-projection-probe-v2/fixtures/x-576-1-m4-a3.bf16	/tmp/riley-opt-260912/multisequence-projection-probe-v2/fixtures/w-27-gate_up.bf16
987	27	1	2	2	3072	576	2	/tmp/riley-opt-260912/multisequence-projection-probe-v2/fixtures/x-576-2-m2-a2.bf16	/tmp/riley-opt-260912/multisequence-projection-probe-v2/fixtures/w-27-gate_up.bf16
988	27	1	4	4	3072	576	2	/tmp/riley-opt-260912/multisequence-projection-probe-v2/fixtures/x-576-2-m4-a4.bf16	/tmp/riley-opt-260912/multisequence-projection-probe-v2/fixtures/w-27-gate_up.bf16
989	27	1	4	3	3072	576	2	/tmp/riley-opt-260912/multisequence-projection-probe-v2/fixtures/x-576-2-m4-a3.bf16	/tmp/riley-opt-260912/multisequence-projection-probe-v2/fixtures/w-27-gate_up.bf16
990	27	2	2	2	576	576	0	/tmp/riley-opt-260912/multisequence-projection-probe-v2/fixtures/x-576-0-m2-a2.bf16	/tmp/riley-opt-260912/multisequence-projection-probe-v2/fixtures/w-27-o.bf16
991	27	2	4	4	576	576	0	/tmp/riley-opt-260912/multisequence-projection-probe-v2/fixtures/x-576-0-m4-a4.bf16	/tmp/riley-opt-260912/multisequence-projection-probe-v2/fixtures/w-27-o.bf16
992	27	2	4	3	576	576	0	/tmp/riley-opt-260912/multisequence-projection-probe-v2/fixtures/x-576-0-m4-a3.bf16	/tmp/riley-opt-260912/multisequence-projection-probe-v2/fixtures/w-27-o.bf16
993	27	2	2	2	576	576	1	/tmp/riley-opt-260912/multisequence-projection-probe-v2/fixtures/x-576-1-m2-a2.bf16	/tmp/riley-opt-260912/multisequence-projection-probe-v2/fixtures/w-27-o.bf16
994	27	2	4	4	576	576	1	/tmp/riley-opt-260912/multisequence-projection-probe-v2/fixtures/x-576-1-m4-a4.bf16	/tmp/riley-opt-260912/multisequence-projection-probe-v2/fixtures/w-27-o.bf16
995	27	2	4	3	576	576	1	/tmp/riley-opt-260912/multisequence-projection-probe-v2/fixtures/x-576-1-m4-a3.bf16	/tmp/riley-opt-260912/multisequence-projection-probe-v2/fixtures/w-27-o.bf16
996	27	2	2	2	576	576	2	/tmp/riley-opt-260912/multisequence-projection-probe-v2/fixtures/x-576-2-m2-a2.bf16	/tmp/riley-opt-260912/multisequence-projection-probe-v2/fixtures/w-27-o.bf16
997	27	2	4	4	576	576	2	/tmp/riley-opt-260912/multisequence-projection-probe-v2/fixtures/x-576-2-m4-a4.bf16	/tmp/riley-opt-260912/multisequence-projection-probe-v2/fixtures/w-27-o.bf16
998	27	2	4	3	576	576	2	/tmp/riley-opt-260912/multisequence-projection-probe-v2/fixtures/x-576-2-m4-a3.bf16	/tmp/riley-opt-260912/multisequence-projection-probe-v2/fixtures/w-27-o.bf16
999	27	3	2	2	576	1536	0	/tmp/riley-opt-260912/multisequence-projection-probe-v2/fixtures/x-1536-0-m2-a2.bf16	/tmp/riley-opt-260912/multisequence-projection-probe-v2/fixtures/w-27-down.bf16
1000	27	3	4	4	576	1536	0	/tmp/riley-opt-260912/multisequence-projection-probe-v2/fixtures/x-1536-0-m4-a4.bf16	/tmp/riley-opt-260912/multisequence-projection-probe-v2/fixtures/w-27-down.bf16
1001	27	3	4	3	576	1536	0	/tmp/riley-opt-260912/multisequence-projection-probe-v2/fixtures/x-1536-0-m4-a3.bf16	/tmp/riley-opt-260912/multisequence-projection-probe-v2/fixtures/w-27-down.bf16
1002	27	3	2	2	576	1536	1	/tmp/riley-opt-260912/multisequence-projection-probe-v2/fixtures/x-1536-1-m2-a2.bf16	/tmp/riley-opt-260912/multisequence-projection-probe-v2/fixtures/w-27-down.bf16
1003	27	3	4	4	576	1536	1	/tmp/riley-opt-260912/multisequence-projection-probe-v2/fixtures/x-1536-1-m4-a4.bf16	/tmp/riley-opt-260912/multisequence-projection-probe-v2/fixtures/w-27-down.bf16
1004	27	3	4	3	576	1536	1	/tmp/riley-opt-260912/multisequence-projection-probe-v2/fixtures/x-1536-1-m4-a3.bf16	/tmp/riley-opt-260912/multisequence-projection-probe-v2/fixtures/w-27-down.bf16
1005	27	3	2	2	576	1536	2	/tmp/riley-opt-260912/multisequence-projection-probe-v2/fixtures/x-1536-2-m2-a2.bf16	/tmp/riley-opt-260912/multisequence-projection-probe-v2/fixtures/w-27-down.bf16
1006	27	3	4	4	576	1536	2	/tmp/riley-opt-260912/multisequence-projection-probe-v2/fixtures/x-1536-2-m4-a4.bf16	/tmp/riley-opt-260912/multisequence-projection-probe-v2/fixtures/w-27-down.bf16
1007	27	3	4	3	576	1536	2	/tmp/riley-opt-260912/multisequence-projection-probe-v2/fixtures/x-1536-2-m4-a3.bf16	/tmp/riley-opt-260912/multisequence-projection-probe-v2/fixtures/w-27-down.bf16
1008	28	0	2	2	960	576	0	/tmp/riley-opt-260912/multisequence-projection-probe-v2/fixtures/x-576-0-m2-a2.bf16	/tmp/riley-opt-260912/multisequence-projection-probe-v2/fixtures/w-28-qkv.bf16
1009	28	0	4	4	960	576	0	/tmp/riley-opt-260912/multisequence-projection-probe-v2/fixtures/x-576-0-m4-a4.bf16	/tmp/riley-opt-260912/multisequence-projection-probe-v2/fixtures/w-28-qkv.bf16
1010	28	0	4	3	960	576	0	/tmp/riley-opt-260912/multisequence-projection-probe-v2/fixtures/x-576-0-m4-a3.bf16	/tmp/riley-opt-260912/multisequence-projection-probe-v2/fixtures/w-28-qkv.bf16
1011	28	0	2	2	960	576	1	/tmp/riley-opt-260912/multisequence-projection-probe-v2/fixtures/x-576-1-m2-a2.bf16	/tmp/riley-opt-260912/multisequence-projection-probe-v2/fixtures/w-28-qkv.bf16
1012	28	0	4	4	960	576	1	/tmp/riley-opt-260912/multisequence-projection-probe-v2/fixtures/x-576-1-m4-a4.bf16	/tmp/riley-opt-260912/multisequence-projection-probe-v2/fixtures/w-28-qkv.bf16
1013	28	0	4	3	960	576	1	/tmp/riley-opt-260912/multisequence-projection-probe-v2/fixtures/x-576-1-m4-a3.bf16	/tmp/riley-opt-260912/multisequence-projection-probe-v2/fixtures/w-28-qkv.bf16
1014	28	0	2	2	960	576	2	/tmp/riley-opt-260912/multisequence-projection-probe-v2/fixtures/x-576-2-m2-a2.bf16	/tmp/riley-opt-260912/multisequence-projection-probe-v2/fixtures/w-28-qkv.bf16
1015	28	0	4	4	960	576	2	/tmp/riley-opt-260912/multisequence-projection-probe-v2/fixtures/x-576-2-m4-a4.bf16	/tmp/riley-opt-260912/multisequence-projection-probe-v2/fixtures/w-28-qkv.bf16
1016	28	0	4	3	960	576	2	/tmp/riley-opt-260912/multisequence-projection-probe-v2/fixtures/x-576-2-m4-a3.bf16	/tmp/riley-opt-260912/multisequence-projection-probe-v2/fixtures/w-28-qkv.bf16
1017	28	1	2	2	3072	576	0	/tmp/riley-opt-260912/multisequence-projection-probe-v2/fixtures/x-576-0-m2-a2.bf16	/tmp/riley-opt-260912/multisequence-projection-probe-v2/fixtures/w-28-gate_up.bf16
1018	28	1	4	4	3072	576	0	/tmp/riley-opt-260912/multisequence-projection-probe-v2/fixtures/x-576-0-m4-a4.bf16	/tmp/riley-opt-260912/multisequence-projection-probe-v2/fixtures/w-28-gate_up.bf16
1019	28	1	4	3	3072	576	0	/tmp/riley-opt-260912/multisequence-projection-probe-v2/fixtures/x-576-0-m4-a3.bf16	/tmp/riley-opt-260912/multisequence-projection-probe-v2/fixtures/w-28-gate_up.bf16
1020	28	1	2	2	3072	576	1	/tmp/riley-opt-260912/multisequence-projection-probe-v2/fixtures/x-576-1-m2-a2.bf16	/tmp/riley-opt-260912/multisequence-projection-probe-v2/fixtures/w-28-gate_up.bf16
1021	28	1	4	4	3072	576	1	/tmp/riley-opt-260912/multisequence-projection-probe-v2/fixtures/x-576-1-m4-a4.bf16	/tmp/riley-opt-260912/multisequence-projection-probe-v2/fixtures/w-28-gate_up.bf16
1022	28	1	4	3	3072	576	1	/tmp/riley-opt-260912/multisequence-projection-probe-v2/fixtures/x-576-1-m4-a3.bf16	/tmp/riley-opt-260912/multisequence-projection-probe-v2/fixtures/w-28-gate_up.bf16
1023	28	1	2	2	3072	576	2	/tmp/riley-opt-260912/multisequence-projection-probe-v2/fixtures/x-576-2-m2-a2.bf16	/tmp/riley-opt-260912/multisequence-projection-probe-v2/fixtures/w-28-gate_up.bf16
1024	28	1	4	4	3072	576	2	/tmp/riley-opt-260912/multisequence-projection-probe-v2/fixtures/x-576-2-m4-a4.bf16	/tmp/riley-opt-260912/multisequence-projection-probe-v2/fixtures/w-28-gate_up.bf16
1025	28	1	4	3	3072	576	2	/tmp/riley-opt-260912/multisequence-projection-probe-v2/fixtures/x-576-2-m4-a3.bf16	/tmp/riley-opt-260912/multisequence-projection-probe-v2/fixtures/w-28-gate_up.bf16
1026	28	2	2	2	576	576	0	/tmp/riley-opt-260912/multisequence-projection-probe-v2/fixtures/x-576-0-m2-a2.bf16	/tmp/riley-opt-260912/multisequence-projection-probe-v2/fixtures/w-28-o.bf16
1027	28	2	4	4	576	576	0	/tmp/riley-opt-260912/multisequence-projection-probe-v2/fixtures/x-576-0-m4-a4.bf16	/tmp/riley-opt-260912/multisequence-projection-probe-v2/fixtures/w-28-o.bf16
1028	28	2	4	3	576	576	0	/tmp/riley-opt-260912/multisequence-projection-probe-v2/fixtures/x-576-0-m4-a3.bf16	/tmp/riley-opt-260912/multisequence-projection-probe-v2/fixtures/w-28-o.bf16
1029	28	2	2	2	576	576	1	/tmp/riley-opt-260912/multisequence-projection-probe-v2/fixtures/x-576-1-m2-a2.bf16	/tmp/riley-opt-260912/multisequence-projection-probe-v2/fixtures/w-28-o.bf16
1030	28	2	4	4	576	576	1	/tmp/riley-opt-260912/multisequence-projection-probe-v2/fixtures/x-576-1-m4-a4.bf16	/tmp/riley-opt-260912/multisequence-projection-probe-v2/fixtures/w-28-o.bf16
1031	28	2	4	3	576	576	1	/tmp/riley-opt-260912/multisequence-projection-probe-v2/fixtures/x-576-1-m4-a3.bf16	/tmp/riley-opt-260912/multisequence-projection-probe-v2/fixtures/w-28-o.bf16
1032	28	2	2	2	576	576	2	/tmp/riley-opt-260912/multisequence-projection-probe-v2/fixtures/x-576-2-m2-a2.bf16	/tmp/riley-opt-260912/multisequence-projection-probe-v2/fixtures/w-28-o.bf16
1033	28	2	4	4	576	576	2	/tmp/riley-opt-260912/multisequence-projection-probe-v2/fixtures/x-576-2-m4-a4.bf16	/tmp/riley-opt-260912/multisequence-projection-probe-v2/fixtures/w-28-o.bf16
1034	28	2	4	3	576	576	2	/tmp/riley-opt-260912/multisequence-projection-probe-v2/fixtures/x-576-2-m4-a3.bf16	/tmp/riley-opt-260912/multisequence-projection-probe-v2/fixtures/w-28-o.bf16
1035	28	3	2	2	576	1536	0	/tmp/riley-opt-260912/multisequence-projection-probe-v2/fixtures/x-1536-0-m2-a2.bf16	/tmp/riley-opt-260912/multisequence-projection-probe-v2/fixtures/w-28-down.bf16
1036	28	3	4	4	576	1536	0	/tmp/riley-opt-260912/multisequence-projection-probe-v2/fixtures/x-1536-0-m4-a4.bf16	/tmp/riley-opt-260912/multisequence-projection-probe-v2/fixtures/w-28-down.bf16
1037	28	3	4	3	576	1536	0	/tmp/riley-opt-260912/multisequence-projection-probe-v2/fixtures/x-1536-0-m4-a3.bf16	/tmp/riley-opt-260912/multisequence-projection-probe-v2/fixtures/w-28-down.bf16
1038	28	3	2	2	576	1536	1	/tmp/riley-opt-260912/multisequence-projection-probe-v2/fixtures/x-1536-1-m2-a2.bf16	/tmp/riley-opt-260912/multisequence-projection-probe-v2/fixtures/w-28-down.bf16
1039	28	3	4	4	576	1536	1	/tmp/riley-opt-260912/multisequence-projection-probe-v2/fixtures/x-1536-1-m4-a4.bf16	/tmp/riley-opt-260912/multisequence-projection-probe-v2/fixtures/w-28-down.bf16
1040	28	3	4	3	576	1536	1	/tmp/riley-opt-260912/multisequence-projection-probe-v2/fixtures/x-1536-1-m4-a3.bf16	/tmp/riley-opt-260912/multisequence-projection-probe-v2/fixtures/w-28-down.bf16
1041	28	3	2	2	576	1536	2	/tmp/riley-opt-260912/multisequence-projection-probe-v2/fixtures/x-1536-2-m2-a2.bf16	/tmp/riley-opt-260912/multisequence-projection-probe-v2/fixtures/w-28-down.bf16
1042	28	3	4	4	576	1536	2	/tmp/riley-opt-260912/multisequence-projection-probe-v2/fixtures/x-1536-2-m4-a4.bf16	/tmp/riley-opt-260912/multisequence-projection-probe-v2/fixtures/w-28-down.bf16
1043	28	3	4	3	576	1536	2	/tmp/riley-opt-260912/multisequence-projection-probe-v2/fixtures/x-1536-2-m4-a3.bf16	/tmp/riley-opt-260912/multisequence-projection-probe-v2/fixtures/w-28-down.bf16
1044	29	0	2	2	960	576	0	/tmp/riley-opt-260912/multisequence-projection-probe-v2/fixtures/x-576-0-m2-a2.bf16	/tmp/riley-opt-260912/multisequence-projection-probe-v2/fixtures/w-29-qkv.bf16
1045	29	0	4	4	960	576	0	/tmp/riley-opt-260912/multisequence-projection-probe-v2/fixtures/x-576-0-m4-a4.bf16	/tmp/riley-opt-260912/multisequence-projection-probe-v2/fixtures/w-29-qkv.bf16
1046	29	0	4	3	960	576	0	/tmp/riley-opt-260912/multisequence-projection-probe-v2/fixtures/x-576-0-m4-a3.bf16	/tmp/riley-opt-260912/multisequence-projection-probe-v2/fixtures/w-29-qkv.bf16
1047	29	0	2	2	960	576	1	/tmp/riley-opt-260912/multisequence-projection-probe-v2/fixtures/x-576-1-m2-a2.bf16	/tmp/riley-opt-260912/multisequence-projection-probe-v2/fixtures/w-29-qkv.bf16
1048	29	0	4	4	960	576	1	/tmp/riley-opt-260912/multisequence-projection-probe-v2/fixtures/x-576-1-m4-a4.bf16	/tmp/riley-opt-260912/multisequence-projection-probe-v2/fixtures/w-29-qkv.bf16
1049	29	0	4	3	960	576	1	/tmp/riley-opt-260912/multisequence-projection-probe-v2/fixtures/x-576-1-m4-a3.bf16	/tmp/riley-opt-260912/multisequence-projection-probe-v2/fixtures/w-29-qkv.bf16
1050	29	0	2	2	960	576	2	/tmp/riley-opt-260912/multisequence-projection-probe-v2/fixtures/x-576-2-m2-a2.bf16	/tmp/riley-opt-260912/multisequence-projection-probe-v2/fixtures/w-29-qkv.bf16
1051	29	0	4	4	960	576	2	/tmp/riley-opt-260912/multisequence-projection-probe-v2/fixtures/x-576-2-m4-a4.bf16	/tmp/riley-opt-260912/multisequence-projection-probe-v2/fixtures/w-29-qkv.bf16
1052	29	0	4	3	960	576	2	/tmp/riley-opt-260912/multisequence-projection-probe-v2/fixtures/x-576-2-m4-a3.bf16	/tmp/riley-opt-260912/multisequence-projection-probe-v2/fixtures/w-29-qkv.bf16
1053	29	1	2	2	3072	576	0	/tmp/riley-opt-260912/multisequence-projection-probe-v2/fixtures/x-576-0-m2-a2.bf16	/tmp/riley-opt-260912/multisequence-projection-probe-v2/fixtures/w-29-gate_up.bf16
1054	29	1	4	4	3072	576	0	/tmp/riley-opt-260912/multisequence-projection-probe-v2/fixtures/x-576-0-m4-a4.bf16	/tmp/riley-opt-260912/multisequence-projection-probe-v2/fixtures/w-29-gate_up.bf16
1055	29	1	4	3	3072	576	0	/tmp/riley-opt-260912/multisequence-projection-probe-v2/fixtures/x-576-0-m4-a3.bf16	/tmp/riley-opt-260912/multisequence-projection-probe-v2/fixtures/w-29-gate_up.bf16
1056	29	1	2	2	3072	576	1	/tmp/riley-opt-260912/multisequence-projection-probe-v2/fixtures/x-576-1-m2-a2.bf16	/tmp/riley-opt-260912/multisequence-projection-probe-v2/fixtures/w-29-gate_up.bf16
1057	29	1	4	4	3072	576	1	/tmp/riley-opt-260912/multisequence-projection-probe-v2/fixtures/x-576-1-m4-a4.bf16	/tmp/riley-opt-260912/multisequence-projection-probe-v2/fixtures/w-29-gate_up.bf16
1058	29	1	4	3	3072	576	1	/tmp/riley-opt-260912/multisequence-projection-probe-v2/fixtures/x-576-1-m4-a3.bf16	/tmp/riley-opt-260912/multisequence-projection-probe-v2/fixtures/w-29-gate_up.bf16
1059	29	1	2	2	3072	576	2	/tmp/riley-opt-260912/multisequence-projection-probe-v2/fixtures/x-576-2-m2-a2.bf16	/tmp/riley-opt-260912/multisequence-projection-probe-v2/fixtures/w-29-gate_up.bf16
1060	29	1	4	4	3072	576	2	/tmp/riley-opt-260912/multisequence-projection-probe-v2/fixtures/x-576-2-m4-a4.bf16	/tmp/riley-opt-260912/multisequence-projection-probe-v2/fixtures/w-29-gate_up.bf16
1061	29	1	4	3	3072	576	2	/tmp/riley-opt-260912/multisequence-projection-probe-v2/fixtures/x-576-2-m4-a3.bf16	/tmp/riley-opt-260912/multisequence-projection-probe-v2/fixtures/w-29-gate_up.bf16
1062	29	2	2	2	576	576	0	/tmp/riley-opt-260912/multisequence-projection-probe-v2/fixtures/x-576-0-m2-a2.bf16	/tmp/riley-opt-260912/multisequence-projection-probe-v2/fixtures/w-29-o.bf16
1063	29	2	4	4	576	576	0	/tmp/riley-opt-260912/multisequence-projection-probe-v2/fixtures/x-576-0-m4-a4.bf16	/tmp/riley-opt-260912/multisequence-projection-probe-v2/fixtures/w-29-o.bf16
1064	29	2	4	3	576	576	0	/tmp/riley-opt-260912/multisequence-projection-probe-v2/fixtures/x-576-0-m4-a3.bf16	/tmp/riley-opt-260912/multisequence-projection-probe-v2/fixtures/w-29-o.bf16
1065	29	2	2	2	576	576	1	/tmp/riley-opt-260912/multisequence-projection-probe-v2/fixtures/x-576-1-m2-a2.bf16	/tmp/riley-opt-260912/multisequence-projection-probe-v2/fixtures/w-29-o.bf16
1066	29	2	4	4	576	576	1	/tmp/riley-opt-260912/multisequence-projection-probe-v2/fixtures/x-576-1-m4-a4.bf16	/tmp/riley-opt-260912/multisequence-projection-probe-v2/fixtures/w-29-o.bf16
1067	29	2	4	3	576	576	1	/tmp/riley-opt-260912/multisequence-projection-probe-v2/fixtures/x-576-1-m4-a3.bf16	/tmp/riley-opt-260912/multisequence-projection-probe-v2/fixtures/w-29-o.bf16
1068	29	2	2	2	576	576	2	/tmp/riley-opt-260912/multisequence-projection-probe-v2/fixtures/x-576-2-m2-a2.bf16	/tmp/riley-opt-260912/multisequence-projection-probe-v2/fixtures/w-29-o.bf16
1069	29	2	4	4	576	576	2	/tmp/riley-opt-260912/multisequence-projection-probe-v2/fixtures/x-576-2-m4-a4.bf16	/tmp/riley-opt-260912/multisequence-projection-probe-v2/fixtures/w-29-o.bf16
1070	29	2	4	3	576	576	2	/tmp/riley-opt-260912/multisequence-projection-probe-v2/fixtures/x-576-2-m4-a3.bf16	/tmp/riley-opt-260912/multisequence-projection-probe-v2/fixtures/w-29-o.bf16
1071	29	3	2	2	576	1536	0	/tmp/riley-opt-260912/multisequence-projection-probe-v2/fixtures/x-1536-0-m2-a2.bf16	/tmp/riley-opt-260912/multisequence-projection-probe-v2/fixtures/w-29-down.bf16
1072	29	3	4	4	576	1536	0	/tmp/riley-opt-260912/multisequence-projection-probe-v2/fixtures/x-1536-0-m4-a4.bf16	/tmp/riley-opt-260912/multisequence-projection-probe-v2/fixtures/w-29-down.bf16
1073	29	3	4	3	576	1536	0	/tmp/riley-opt-260912/multisequence-projection-probe-v2/fixtures/x-1536-0-m4-a3.bf16	/tmp/riley-opt-260912/multisequence-projection-probe-v2/fixtures/w-29-down.bf16
1074	29	3	2	2	576	1536	1	/tmp/riley-opt-260912/multisequence-projection-probe-v2/fixtures/x-1536-1-m2-a2.bf16	/tmp/riley-opt-260912/multisequence-projection-probe-v2/fixtures/w-29-down.bf16
1075	29	3	4	4	576	1536	1	/tmp/riley-opt-260912/multisequence-projection-probe-v2/fixtures/x-1536-1-m4-a4.bf16	/tmp/riley-opt-260912/multisequence-projection-probe-v2/fixtures/w-29-down.bf16
1076	29	3	4	3	576	1536	1	/tmp/riley-opt-260912/multisequence-projection-probe-v2/fixtures/x-1536-1-m4-a3.bf16	/tmp/riley-opt-260912/multisequence-projection-probe-v2/fixtures/w-29-down.bf16
1077	29	3	2	2	576	1536	2	/tmp/riley-opt-260912/multisequence-projection-probe-v2/fixtures/x-1536-2-m2-a2.bf16	/tmp/riley-opt-260912/multisequence-projection-probe-v2/fixtures/w-29-down.bf16
1078	29	3	4	4	576	1536	2	/tmp/riley-opt-260912/multisequence-projection-probe-v2/fixtures/x-1536-2-m4-a4.bf16	/tmp/riley-opt-260912/multisequence-projection-probe-v2/fixtures/w-29-down.bf16
1079	29	3	4	3	576	1536	2	/tmp/riley-opt-260912/multisequence-projection-probe-v2/fixtures/x-1536-2-m4-a3.bf16	/tmp/riley-opt-260912/multisequence-projection-probe-v2/fixtures/w-29-down.bf16
1080	30	4	2	2	49152	576	0	/tmp/riley-opt-260912/multisequence-projection-probe-v2/fixtures/x-576-0-m2-a2.bf16	/tmp/riley-opt-260912/multisequence-projection-probe-v2/fixtures/w-30-head.bf16
1081	30	4	4	4	49152	576	0	/tmp/riley-opt-260912/multisequence-projection-probe-v2/fixtures/x-576-0-m4-a4.bf16	/tmp/riley-opt-260912/multisequence-projection-probe-v2/fixtures/w-30-head.bf16
1082	30	4	4	3	49152	576	0	/tmp/riley-opt-260912/multisequence-projection-probe-v2/fixtures/x-576-0-m4-a3.bf16	/tmp/riley-opt-260912/multisequence-projection-probe-v2/fixtures/w-30-head.bf16
1083	30	4	2	2	49152	576	1	/tmp/riley-opt-260912/multisequence-projection-probe-v2/fixtures/x-576-1-m2-a2.bf16	/tmp/riley-opt-260912/multisequence-projection-probe-v2/fixtures/w-30-head.bf16
1084	30	4	4	4	49152	576	1	/tmp/riley-opt-260912/multisequence-projection-probe-v2/fixtures/x-576-1-m4-a4.bf16	/tmp/riley-opt-260912/multisequence-projection-probe-v2/fixtures/w-30-head.bf16
1085	30	4	4	3	49152	576	1	/tmp/riley-opt-260912/multisequence-projection-probe-v2/fixtures/x-576-1-m4-a3.bf16	/tmp/riley-opt-260912/multisequence-projection-probe-v2/fixtures/w-30-head.bf16
1086	30	4	2	2	49152	576	2	/tmp/riley-opt-260912/multisequence-projection-probe-v2/fixtures/x-576-2-m2-a2.bf16	/tmp/riley-opt-260912/multisequence-projection-probe-v2/fixtures/w-30-head.bf16
1087	30	4	4	4	49152	576	2	/tmp/riley-opt-260912/multisequence-projection-probe-v2/fixtures/x-576-2-m4-a4.bf16	/tmp/riley-opt-260912/multisequence-projection-probe-v2/fixtures/w-30-head.bf16
1088	30	4	4	3	49152	576	2	/tmp/riley-opt-260912/multisequence-projection-probe-v2/fixtures/x-576-2-m4-a3.bf16	/tmp/riley-opt-260912/multisequence-projection-probe-v2/fixtures/w-30-head.bf16
