{"schema":"riley.owned-graph-diagnostic.v1","kind":"graph","capture_id":1,"inventory_status":0,"nodes":403,"kernel_nodes":397,"memcpy_nodes":6,"other_nodes":0,"memcpy_params_status":0,"memcpy_unknown_nodes":0,"memcpy_bytes_complete":true,"h2d_bytes":604,"d2h_bytes":98344,"d2d_bytes":1152}
{"schema":"riley.decode-operator-diagnostic.v1","kind":"inventory","capture_id":1,"inventory_status":0,"event_record_nodes":0,"event_wait_nodes":0}
{"schema":"riley.decode-operator-diagnostic.v1","kind":"capture","capture_id":1,"phase":"prefill","operator":"down","layer_mask":536903681,"interval_count":3,"expected_event_records":0,"recorded_event_records":0,"source_sha256":"2d148ef8cb76ee2fb23e1515063108d53c20cbc34ab125ab63cafd65fa3635b2","tool_sha256":"eec3de607508ca1fbda4ddc9860040df7a5380cdb77c159df9e2d2318c337052","historical_tool_sha256":"9f0f3a526ed1a47c3e6a37e33111a21356ac5b2d58294ff797ec0a40a5091b78","projection_events_compiled":true}
{"schema":"riley.owned-graph-diagnostic.v1","kind":"graph","capture_id":2,"inventory_status":0,"nodes":288,"kernel_nodes":277,"memcpy_nodes":5,"other_nodes":6,"memcpy_params_status":0,"memcpy_unknown_nodes":0,"memcpy_bytes_complete":true,"h2d_bytes":604,"d2h_bytes":98344,"d2d_bytes":0}
{"schema":"riley.decode-operator-diagnostic.v1","kind":"inventory","capture_id":2,"inventory_status":0,"event_record_nodes":6,"event_wait_nodes":0}
{"schema":"riley.decode-operator-diagnostic.v1","kind":"capture","capture_id":2,"phase":"decode","operator":"down","layer_mask":536903681,"interval_count":3,"expected_event_records":6,"recorded_event_records":6,"source_sha256":"2d148ef8cb76ee2fb23e1515063108d53c20cbc34ab125ab63cafd65fa3635b2","tool_sha256":"eec3de607508ca1fbda4ddc9860040df7a5380cdb77c159df9e2d2318c337052","historical_tool_sha256":"9f0f3a526ed1a47c3e6a37e33111a21356ac5b2d58294ff797ec0a40a5091b78","projection_events_compiled":true}
RILEY_GRAPH prepared=true policy=Require fallback=false gpu_iteration_timing=false numerics=vllm-smol-p128-v1
riley listening on http://127.0.0.1:19341 (graceful_signals=SIGINT,SIGTERM graceful_stdin_shutdown=false)
{"schema":"riley.owned-graph-diagnostic.v1","kind":"replay","capture_id":1,"replay_id":1,"position":127,"host_staging_bytes":98344,"event_setup_ns":9122,"host_staging_ns":12809,"host_launch_ns":214740,"host_wait_ns":13683701,"cuda_graph_span_ns":13894144.058,"event_status":0,"launch_status":0,"completion_status":0}
{"schema":"riley.owned-graph-diagnostic.v1","kind":"read","capture_id":1,"replay_id":1,"host_read_bytes":98344,"host_read_ns":32033}
{"schema":"riley.owned-graph-diagnostic.v1","kind":"replay","capture_id":2,"replay_id":2,"position":128,"host_staging_bytes":98344,"event_setup_ns":2512,"host_staging_ns":4287,"host_launch_ns":103322,"host_wait_ns":2140024,"cuda_graph_span_ns":2242016.077,"event_status":0,"launch_status":0,"completion_status":0}
{"schema":"riley.decode-operator-diagnostic.v1","kind":"operation","capture_id":2,"replay_id":2,"position":128,"operator":"down","launch_status":0,"completion_status":0,"intervals":[{"layer":0,"cuda_span_ns":5440.000,"event_status":0},{"layer":15,"cuda_span_ns":5120.000,"event_status":0},{"layer":29,"cuda_span_ns":5120.000,"event_status":0}],"cuda_sum_ns":15680.000}
{"schema":"riley.owned-graph-diagnostic.v1","kind":"read","capture_id":2,"replay_id":2,"host_read_bytes":98344,"host_read_ns":6196}
{"schema":"riley.owned-graph-diagnostic.v1","kind":"replay","capture_id":2,"replay_id":3,"position":129,"host_staging_bytes":98344,"event_setup_ns":456,"host_staging_ns":1891,"host_launch_ns":12909,"host_wait_ns":1870710,"cuda_graph_span_ns":1881088.018,"event_status":0,"launch_status":0,"completion_status":0}
{"schema":"riley.decode-operator-diagnostic.v1","kind":"operation","capture_id":2,"replay_id":3,"position":129,"operator":"down","launch_status":0,"completion_status":0,"intervals":[{"layer":0,"cuda_span_ns":6144.000,"event_status":0},{"layer":15,"cuda_span_ns":5120.000,"event_status":0},{"layer":29,"cuda_span_ns":5120.000,"event_status":0}],"cuda_sum_ns":16384.000}
{"schema":"riley.owned-graph-diagnostic.v1","kind":"read","capture_id":2,"replay_id":3,"host_read_bytes":98344,"host_read_ns":4897}
{"schema":"riley.owned-graph-diagnostic.v1","kind":"replay","capture_id":2,"replay_id":4,"position":130,"host_staging_bytes":98344,"event_setup_ns":450,"host_staging_ns":1646,"host_launch_ns":10897,"host_wait_ns":1879360,"cuda_graph_span_ns":1887712.002,"event_status":0,"launch_status":0,"completion_status":0}
{"schema":"riley.decode-operator-diagnostic.v1","kind":"operation","capture_id":2,"replay_id":4,"position":130,"operator":"down","launch_status":0,"completion_status":0,"intervals":[{"layer":0,"cuda_span_ns":5120.000,"event_status":0},{"layer":15,"cuda_span_ns":6144.000,"event_status":0},{"layer":29,"cuda_span_ns":5120.000,"event_status":0}],"cuda_sum_ns":16384.000}
{"schema":"riley.owned-graph-diagnostic.v1","kind":"read","capture_id":2,"replay_id":4,"host_read_bytes":98344,"host_read_ns":4818}
{"schema":"riley.owned-graph-diagnostic.v1","kind":"replay","capture_id":2,"replay_id":5,"position":131,"host_staging_bytes":98344,"event_setup_ns":421,"host_staging_ns":1667,"host_launch_ns":11309,"host_wait_ns":1879571,"cuda_graph_span_ns":1887871.981,"event_status":0,"launch_status":0,"completion_status":0}
{"schema":"riley.decode-operator-diagnostic.v1","kind":"operation","capture_id":2,"replay_id":5,"position":131,"operator":"down","launch_status":0,"completion_status":0,"intervals":[{"layer":0,"cuda_span_ns":6144.000,"event_status":0},{"layer":15,"cuda_span_ns":6144.000,"event_status":0},{"layer":29,"cuda_span_ns":5120.000,"event_status":0}],"cuda_sum_ns":17408.000}
{"schema":"riley.owned-graph-diagnostic.v1","kind":"read","capture_id":2,"replay_id":5,"host_read_bytes":98344,"host_read_ns":5188}
{"schema":"riley.owned-graph-diagnostic.v1","kind":"replay","capture_id":2,"replay_id":6,"position":132,"host_staging_bytes":98344,"event_setup_ns":492,"host_staging_ns":1698,"host_launch_ns":10748,"host_wait_ns":1879131,"cuda_graph_span_ns":1887328.029,"event_status":0,"launch_status":0,"completion_status":0}
{"schema":"riley.decode-operator-diagnostic.v1","kind":"operation","capture_id":2,"replay_id":6,"position":132,"operator":"down","launch_status":0,"completion_status":0,"intervals":[{"layer":0,"cuda_span_ns":6144.000,"event_status":0},{"layer":15,"cuda_span_ns":6144.000,"event_status":0},{"layer":29,"cuda_span_ns":5120.000,"event_status":0}],"cuda_sum_ns":17408.000}
{"schema":"riley.owned-graph-diagnostic.v1","kind":"read","capture_id":2,"replay_id":6,"host_read_bytes":98344,"host_read_ns":5443}
{"schema":"riley.owned-graph-diagnostic.v1","kind":"replay","capture_id":2,"replay_id":7,"position":133,"host_staging_bytes":98344,"event_setup_ns":446,"host_staging_ns":1762,"host_launch_ns":11271,"host_wait_ns":1887913,"cuda_graph_span_ns":1896576.047,"event_status":0,"launch_status":0,"completion_status":0}
{"schema":"riley.decode-operator-diagnostic.v1","kind":"operation","capture_id":2,"replay_id":7,"position":133,"operator":"down","launch_status":0,"completion_status":0,"intervals":[{"layer":0,"cuda_span_ns":5120.000,"event_status":0},{"layer":15,"cuda_span_ns":5120.000,"event_status":0},{"layer":29,"cuda_span_ns":5120.000,"event_status":0}],"cuda_sum_ns":15360.000}
{"schema":"riley.owned-graph-diagnostic.v1","kind":"read","capture_id":2,"replay_id":7,"host_read_bytes":98344,"host_read_ns":5492}
{"schema":"riley.owned-graph-diagnostic.v1","kind":"replay","capture_id":2,"replay_id":8,"position":134,"host_staging_bytes":98344,"event_setup_ns":353,"host_staging_ns":1915,"host_launch_ns":11064,"host_wait_ns":1878181,"cuda_graph_span_ns":1886528.015,"event_status":0,"launch_status":0,"completion_status":0}
{"schema":"riley.decode-operator-diagnostic.v1","kind":"operation","capture_id":2,"replay_id":8,"position":134,"operator":"down","launch_status":0,"completion_status":0,"intervals":[{"layer":0,"cuda_span_ns":5120.000,"event_status":0},{"layer":15,"cuda_span_ns":5120.000,"event_status":0},{"layer":29,"cuda_span_ns":5120.000,"event_status":0}],"cuda_sum_ns":15360.000}
{"schema":"riley.owned-graph-diagnostic.v1","kind":"read","capture_id":2,"replay_id":8,"host_read_bytes":98344,"host_read_ns":5442}
{"schema":"riley.owned-graph-diagnostic.v1","kind":"replay","capture_id":2,"replay_id":9,"position":135,"host_staging_bytes":98344,"event_setup_ns":353,"host_staging_ns":1792,"host_launch_ns":11220,"host_wait_ns":1878820,"cuda_graph_span_ns":1887199.998,"event_status":0,"launch_status":0,"completion_status":0}
{"schema":"riley.decode-operator-diagnostic.v1","kind":"operation","capture_id":2,"replay_id":9,"position":135,"operator":"down","launch_status":0,"completion_status":0,"intervals":[{"layer":0,"cuda_span_ns":6144.000,"event_status":0},{"layer":15,"cuda_span_ns":5120.000,"event_status":0},{"layer":29,"cuda_span_ns":5120.000,"event_status":0}],"cuda_sum_ns":16384.000}
{"schema":"riley.owned-graph-diagnostic.v1","kind":"read","capture_id":2,"replay_id":9,"host_read_bytes":98344,"host_read_ns":5061}
{"schema":"riley.owned-graph-diagnostic.v1","kind":"replay","capture_id":2,"replay_id":10,"position":136,"host_staging_bytes":98344,"event_setup_ns":490,"host_staging_ns":1816,"host_launch_ns":10972,"host_wait_ns":1920639,"cuda_graph_span_ns":1929087.996,"event_status":0,"launch_status":0,"completion_status":0}
{"schema":"riley.decode-operator-diagnostic.v1","kind":"operation","capture_id":2,"replay_id":10,"position":136,"operator":"down","launch_status":0,"completion_status":0,"intervals":[{"layer":0,"cuda_span_ns":6144.000,"event_status":0},{"layer":15,"cuda_span_ns":5120.000,"event_status":0},{"layer":29,"cuda_span_ns":5120.000,"event_status":0}],"cuda_sum_ns":16384.000}
{"schema":"riley.owned-graph-diagnostic.v1","kind":"read","capture_id":2,"replay_id":10,"host_read_bytes":98344,"host_read_ns":5157}
{"schema":"riley.owned-graph-diagnostic.v1","kind":"replay","capture_id":2,"replay_id":11,"position":137,"host_staging_bytes":98344,"event_setup_ns":335,"host_staging_ns":1841,"host_launch_ns":11090,"host_wait_ns":1927139,"cuda_graph_span_ns":1935487.986,"event_status":0,"launch_status":0,"completion_status":0}
{"schema":"riley.decode-operator-diagnostic.v1","kind":"operation","capture_id":2,"replay_id":11,"position":137,"operator":"down","launch_status":0,"completion_status":0,"intervals":[{"layer":0,"cuda_span_ns":5120.000,"event_status":0},{"layer":15,"cuda_span_ns":6144.000,"event_status":0},{"layer":29,"cuda_span_ns":5120.000,"event_status":0}],"cuda_sum_ns":16384.000}
{"schema":"riley.owned-graph-diagnostic.v1","kind":"read","capture_id":2,"replay_id":11,"host_read_bytes":98344,"host_read_ns":5220}
{"schema":"riley.owned-graph-diagnostic.v1","kind":"replay","capture_id":2,"replay_id":12,"position":138,"host_staging_bytes":98344,"event_setup_ns":364,"host_staging_ns":1804,"host_launch_ns":10843,"host_wait_ns":1934596,"cuda_graph_span_ns":1942880.034,"event_status":0,"launch_status":0,"completion_status":0}
{"schema":"riley.decode-operator-diagnostic.v1","kind":"operation","capture_id":2,"replay_id":12,"position":138,"operator":"down","launch_status":0,"completion_status":0,"intervals":[{"layer":0,"cuda_span_ns":5120.000,"event_status":0},{"layer":15,"cuda_span_ns":5120.000,"event_status":0},{"layer":29,"cuda_span_ns":5120.000,"event_status":0}],"cuda_sum_ns":15360.000}
{"schema":"riley.owned-graph-diagnostic.v1","kind":"read","capture_id":2,"replay_id":12,"host_read_bytes":98344,"host_read_ns":5228}
{"schema":"riley.owned-graph-diagnostic.v1","kind":"replay","capture_id":2,"replay_id":13,"position":139,"host_staging_bytes":98344,"event_setup_ns":394,"host_staging_ns":1693,"host_launch_ns":11055,"host_wait_ns":1934075,"cuda_graph_span_ns":1942335.963,"event_status":0,"launch_status":0,"completion_status":0}
{"schema":"riley.decode-operator-diagnostic.v1","kind":"operation","capture_id":2,"replay_id":13,"position":139,"operator":"down","launch_status":0,"completion_status":0,"intervals":[{"layer":0,"cuda_span_ns":5120.000,"event_status":0},{"layer":15,"cuda_span_ns":5120.000,"event_status":0},{"layer":29,"cuda_span_ns":5120.000,"event_status":0}],"cuda_sum_ns":15360.000}
{"schema":"riley.owned-graph-diagnostic.v1","kind":"read","capture_id":2,"replay_id":13,"host_read_bytes":98344,"host_read_ns":5295}
{"schema":"riley.owned-graph-diagnostic.v1","kind":"replay","capture_id":2,"replay_id":14,"position":140,"host_staging_bytes":98344,"event_setup_ns":382,"host_staging_ns":1619,"host_launch_ns":11113,"host_wait_ns":1935979,"cuda_graph_span_ns":1944576.025,"event_status":0,"launch_status":0,"completion_status":0}
{"schema":"riley.decode-operator-diagnostic.v1","kind":"operation","capture_id":2,"replay_id":14,"position":140,"operator":"down","launch_status":0,"completion_status":0,"intervals":[{"layer":0,"cuda_span_ns":5120.000,"event_status":0},{"layer":15,"cuda_span_ns":5120.000,"event_status":0},{"layer":29,"cuda_span_ns":5120.000,"event_status":0}],"cuda_sum_ns":15360.000}
{"schema":"riley.owned-graph-diagnostic.v1","kind":"read","capture_id":2,"replay_id":14,"host_read_bytes":98344,"host_read_ns":5179}
{"schema":"riley.owned-graph-diagnostic.v1","kind":"replay","capture_id":2,"replay_id":15,"position":141,"host_staging_bytes":98344,"event_setup_ns":441,"host_staging_ns":1695,"host_launch_ns":10945,"host_wait_ns":1936814,"cuda_graph_span_ns":1945119.977,"event_status":0,"launch_status":0,"completion_status":0}
{"schema":"riley.decode-operator-diagnostic.v1","kind":"operation","capture_id":2,"replay_id":15,"position":141,"operator":"down","launch_status":0,"completion_status":0,"intervals":[{"layer":0,"cuda_span_ns":5120.000,"event_status":0},{"layer":15,"cuda_span_ns":6144.000,"event_status":0},{"layer":29,"cuda_span_ns":5120.000,"event_status":0}],"cuda_sum_ns":16384.000}
{"schema":"riley.owned-graph-diagnostic.v1","kind":"read","capture_id":2,"replay_id":15,"host_read_bytes":98344,"host_read_ns":5006}
{"schema":"riley.owned-graph-diagnostic.v1","kind":"replay","capture_id":2,"replay_id":16,"position":142,"host_staging_bytes":98344,"event_setup_ns":491,"host_staging_ns":1673,"host_launch_ns":10588,"host_wait_ns":1935221,"cuda_graph_span_ns":1942975.998,"event_status":0,"launch_status":0,"completion_status":0}
{"schema":"riley.decode-operator-diagnostic.v1","kind":"operation","capture_id":2,"replay_id":16,"position":142,"operator":"down","launch_status":0,"completion_status":0,"intervals":[{"layer":0,"cuda_span_ns":5120.000,"event_status":0},{"layer":15,"cuda_span_ns":5120.000,"event_status":0},{"layer":29,"cuda_span_ns":5120.000,"event_status":0}],"cuda_sum_ns":15360.000}
{"schema":"riley.owned-graph-diagnostic.v1","kind":"read","capture_id":2,"replay_id":16,"host_read_bytes":98344,"host_read_ns":5172}
{"schema":"riley.owned-graph-diagnostic.v1","kind":"replay","capture_id":2,"replay_id":17,"position":143,"host_staging_bytes":98344,"event_setup_ns":317,"host_staging_ns":1683,"host_launch_ns":11064,"host_wait_ns":1936101,"cuda_graph_span_ns":1944352.031,"event_status":0,"launch_status":0,"completion_status":0}
{"schema":"riley.decode-operator-diagnostic.v1","kind":"operation","capture_id":2,"replay_id":17,"position":143,"operator":"down","launch_status":0,"completion_status":0,"intervals":[{"layer":0,"cuda_span_ns":6144.000,"event_status":0},{"layer":15,"cuda_span_ns":6144.000,"event_status":0},{"layer":29,"cuda_span_ns":5120.000,"event_status":0}],"cuda_sum_ns":17408.000}
{"schema":"riley.owned-graph-diagnostic.v1","kind":"read","capture_id":2,"replay_id":17,"host_read_bytes":98344,"host_read_ns":5263}
{"schema":"riley.owned-graph-diagnostic.v1","kind":"replay","capture_id":2,"replay_id":18,"position":144,"host_staging_bytes":98344,"event_setup_ns":441,"host_staging_ns":1710,"host_launch_ns":10892,"host_wait_ns":1991248,"cuda_graph_span_ns":1999487.996,"event_status":0,"launch_status":0,"completion_status":0}
{"schema":"riley.decode-operator-diagnostic.v1","kind":"operation","capture_id":2,"replay_id":18,"position":144,"operator":"down","launch_status":0,"completion_status":0,"intervals":[{"layer":0,"cuda_span_ns":5120.000,"event_status":0},{"layer":15,"cuda_span_ns":6144.000,"event_status":0},{"layer":29,"cuda_span_ns":5120.000,"event_status":0}],"cuda_sum_ns":16384.000}
{"schema":"riley.owned-graph-diagnostic.v1","kind":"read","capture_id":2,"replay_id":18,"host_read_bytes":98344,"host_read_ns":5477}
{"schema":"riley.owned-graph-diagnostic.v1","kind":"replay","capture_id":2,"replay_id":19,"position":145,"host_staging_bytes":98344,"event_setup_ns":310,"host_staging_ns":1606,"host_launch_ns":11064,"host_wait_ns":2009023,"cuda_graph_span_ns":2017503.977,"event_status":0,"launch_status":0,"completion_status":0}
{"schema":"riley.decode-operator-diagnostic.v1","kind":"operation","capture_id":2,"replay_id":19,"position":145,"operator":"down","launch_status":0,"completion_status":0,"intervals":[{"layer":0,"cuda_span_ns":6144.000,"event_status":0},{"layer":15,"cuda_span_ns":6144.000,"event_status":0},{"layer":29,"cuda_span_ns":5120.000,"event_status":0}],"cuda_sum_ns":17408.000}
{"schema":"riley.owned-graph-diagnostic.v1","kind":"read","capture_id":2,"replay_id":19,"host_read_bytes":98344,"host_read_ns":5053}
{"schema":"riley.owned-graph-diagnostic.v1","kind":"replay","capture_id":2,"replay_id":20,"position":146,"host_staging_bytes":98344,"event_setup_ns":453,"host_staging_ns":1606,"host_launch_ns":10891,"host_wait_ns":2007722,"cuda_graph_span_ns":2015903.950,"event_status":0,"launch_status":0,"completion_status":0}
{"schema":"riley.decode-operator-diagnostic.v1","kind":"operation","capture_id":2,"replay_id":20,"position":146,"operator":"down","launch_status":0,"completion_status":0,"intervals":[{"layer":0,"cuda_span_ns":6144.000,"event_status":0},{"layer":15,"cuda_span_ns":6144.000,"event_status":0},{"layer":29,"cuda_span_ns":5120.000,"event_status":0}],"cuda_sum_ns":17408.000}
{"schema":"riley.owned-graph-diagnostic.v1","kind":"read","capture_id":2,"replay_id":20,"host_read_bytes":98344,"host_read_ns":5298}
{"schema":"riley.owned-graph-diagnostic.v1","kind":"replay","capture_id":2,"replay_id":21,"position":147,"host_staging_bytes":98344,"event_setup_ns":312,"host_staging_ns":1601,"host_launch_ns":11174,"host_wait_ns":2003519,"cuda_graph_span_ns":2011904.001,"event_status":0,"launch_status":0,"completion_status":0}
{"schema":"riley.decode-operator-diagnostic.v1","kind":"operation","capture_id":2,"replay_id":21,"position":147,"operator":"down","launch_status":0,"completion_status":0,"intervals":[{"layer":0,"cuda_span_ns":6144.000,"event_status":0},{"layer":15,"cuda_span_ns":5120.000,"event_status":0},{"layer":29,"cuda_span_ns":5120.000,"event_status":0}],"cuda_sum_ns":16384.000}
{"schema":"riley.owned-graph-diagnostic.v1","kind":"read","capture_id":2,"replay_id":21,"host_read_bytes":98344,"host_read_ns":5014}
{"schema":"riley.owned-graph-diagnostic.v1","kind":"replay","capture_id":2,"replay_id":22,"position":148,"host_staging_bytes":98344,"event_setup_ns":483,"host_staging_ns":1588,"host_launch_ns":11360,"host_wait_ns":2010120,"cuda_graph_span_ns":2018752.098,"event_status":0,"launch_status":0,"completion_status":0}
{"schema":"riley.decode-operator-diagnostic.v1","kind":"operation","capture_id":2,"replay_id":22,"position":148,"operator":"down","launch_status":0,"completion_status":0,"intervals":[{"layer":0,"cuda_span_ns":6144.000,"event_status":0},{"layer":15,"cuda_span_ns":5120.000,"event_status":0},{"layer":29,"cuda_span_ns":5120.000,"event_status":0}],"cuda_sum_ns":16384.000}
{"schema":"riley.owned-graph-diagnostic.v1","kind":"read","capture_id":2,"replay_id":22,"host_read_bytes":98344,"host_read_ns":4817}
{"schema":"riley.owned-graph-diagnostic.v1","kind":"replay","capture_id":2,"replay_id":23,"position":149,"host_staging_bytes":98344,"event_setup_ns":300,"host_staging_ns":1614,"host_launch_ns":10863,"host_wait_ns":2009490,"cuda_graph_span_ns":2017663.956,"event_status":0,"launch_status":0,"completion_status":0}
{"schema":"riley.decode-operator-diagnostic.v1","kind":"operation","capture_id":2,"replay_id":23,"position":149,"operator":"down","launch_status":0,"completion_status":0,"intervals":[{"layer":0,"cuda_span_ns":6144.000,"event_status":0},{"layer":15,"cuda_span_ns":6144.000,"event_status":0},{"layer":29,"cuda_span_ns":5120.000,"event_status":0}],"cuda_sum_ns":17408.000}
{"schema":"riley.owned-graph-diagnostic.v1","kind":"read","capture_id":2,"replay_id":23,"host_read_bytes":98344,"host_read_ns":4823}
{"schema":"riley.owned-graph-diagnostic.v1","kind":"replay","capture_id":2,"replay_id":24,"position":150,"host_staging_bytes":98344,"event_setup_ns":297,"host_staging_ns":1582,"host_launch_ns":11002,"host_wait_ns":2010784,"cuda_graph_span_ns":2019072.056,"event_status":0,"launch_status":0,"completion_status":0}
{"schema":"riley.decode-operator-diagnostic.v1","kind":"operation","capture_id":2,"replay_id":24,"position":150,"operator":"down","launch_status":0,"completion_status":0,"intervals":[{"layer":0,"cuda_span_ns":6144.000,"event_status":0},{"layer":15,"cuda_span_ns":5120.000,"event_status":0},{"layer":29,"cuda_span_ns":5120.000,"event_status":0}],"cuda_sum_ns":16384.000}
{"schema":"riley.owned-graph-diagnostic.v1","kind":"read","capture_id":2,"replay_id":24,"host_read_bytes":98344,"host_read_ns":4638}
{"schema":"riley.owned-graph-diagnostic.v1","kind":"replay","capture_id":2,"replay_id":25,"position":151,"host_staging_bytes":98344,"event_setup_ns":336,"host_staging_ns":1585,"host_launch_ns":10659,"host_wait_ns":2000251,"cuda_graph_span_ns":2008127.928,"event_status":0,"launch_status":0,"completion_status":0}
{"schema":"riley.decode-operator-diagnostic.v1","kind":"operation","capture_id":2,"replay_id":25,"position":151,"operator":"down","launch_status":0,"completion_status":0,"intervals":[{"layer":0,"cuda_span_ns":5120.000,"event_status":0},{"layer":15,"cuda_span_ns":5120.000,"event_status":0},{"layer":29,"cuda_span_ns":5120.000,"event_status":0}],"cuda_sum_ns":15360.000}
{"schema":"riley.owned-graph-diagnostic.v1","kind":"read","capture_id":2,"replay_id":25,"host_read_bytes":98344,"host_read_ns":4676}
{"schema":"riley.owned-graph-diagnostic.v1","kind":"replay","capture_id":2,"replay_id":26,"position":152,"host_staging_bytes":98344,"event_setup_ns":382,"host_staging_ns":1602,"host_launch_ns":11424,"host_wait_ns":2051300,"cuda_graph_span_ns":2060064.077,"event_status":0,"launch_status":0,"completion_status":0}
{"schema":"riley.decode-operator-diagnostic.v1","kind":"operation","capture_id":2,"replay_id":26,"position":152,"operator":"down","launch_status":0,"completion_status":0,"intervals":[{"layer":0,"cuda_span_ns":6144.000,"event_status":0},{"layer":15,"cuda_span_ns":6144.000,"event_status":0},{"layer":29,"cuda_span_ns":5120.000,"event_status":0}],"cuda_sum_ns":17408.000}
{"schema":"riley.owned-graph-diagnostic.v1","kind":"read","capture_id":2,"replay_id":26,"host_read_bytes":98344,"host_read_ns":4749}
{"schema":"riley.owned-graph-diagnostic.v1","kind":"replay","capture_id":2,"replay_id":27,"position":153,"host_staging_bytes":98344,"event_setup_ns":329,"host_staging_ns":1573,"host_launch_ns":10992,"host_wait_ns":2058414,"cuda_graph_span_ns":2066879.988,"event_status":0,"launch_status":0,"completion_status":0}
{"schema":"riley.decode-operator-diagnostic.v1","kind":"operation","capture_id":2,"replay_id":27,"position":153,"operator":"down","launch_status":0,"completion_status":0,"intervals":[{"layer":0,"cuda_span_ns":5120.000,"event_status":0},{"layer":15,"cuda_span_ns":6144.000,"event_status":0},{"layer":29,"cuda_span_ns":5120.000,"event_status":0}],"cuda_sum_ns":16384.000}
{"schema":"riley.owned-graph-diagnostic.v1","kind":"read","capture_id":2,"replay_id":27,"host_read_bytes":98344,"host_read_ns":4962}
{"schema":"riley.owned-graph-diagnostic.v1","kind":"replay","capture_id":2,"replay_id":28,"position":154,"host_staging_bytes":98344,"event_setup_ns":284,"host_staging_ns":1549,"host_launch_ns":10825,"host_wait_ns":2059985,"cuda_graph_span_ns":2068000.078,"event_status":0,"launch_status":0,"completion_status":0}
{"schema":"riley.decode-operator-diagnostic.v1","kind":"operation","capture_id":2,"replay_id":28,"position":154,"operator":"down","launch_status":0,"completion_status":0,"intervals":[{"layer":0,"cuda_span_ns":6144.000,"event_status":0},{"layer":15,"cuda_span_ns":5120.000,"event_status":0},{"layer":29,"cuda_span_ns":5120.000,"event_status":0}],"cuda_sum_ns":16384.000}
{"schema":"riley.owned-graph-diagnostic.v1","kind":"read","capture_id":2,"replay_id":28,"host_read_bytes":98344,"host_read_ns":5132}
{"schema":"riley.owned-graph-diagnostic.v1","kind":"replay","capture_id":2,"replay_id":29,"position":155,"host_staging_bytes":98344,"event_setup_ns":373,"host_staging_ns":1668,"host_launch_ns":12059,"host_wait_ns":2059223,"cuda_graph_span_ns":2068223.953,"event_status":0,"launch_status":0,"completion_status":0}
{"schema":"riley.decode-operator-diagnostic.v1","kind":"operation","capture_id":2,"replay_id":29,"position":155,"operator":"down","launch_status":0,"completion_status":0,"intervals":[{"layer":0,"cuda_span_ns":6144.000,"event_status":0},{"layer":15,"cuda_span_ns":6144.000,"event_status":0},{"layer":29,"cuda_span_ns":5120.000,"event_status":0}],"cuda_sum_ns":17408.000}
{"schema":"riley.owned-graph-diagnostic.v1","kind":"read","capture_id":2,"replay_id":29,"host_read_bytes":98344,"host_read_ns":5160}
{"schema":"riley.owned-graph-diagnostic.v1","kind":"replay","capture_id":2,"replay_id":30,"position":156,"host_staging_bytes":98344,"event_setup_ns":428,"host_staging_ns":1585,"host_launch_ns":11979,"host_wait_ns":2060156,"cuda_graph_span_ns":2069504.023,"event_status":0,"launch_status":0,"completion_status":0}
{"schema":"riley.decode-operator-diagnostic.v1","kind":"operation","capture_id":2,"replay_id":30,"position":156,"operator":"down","launch_status":0,"completion_status":0,"intervals":[{"layer":0,"cuda_span_ns":5120.000,"event_status":0},{"layer":15,"cuda_span_ns":6144.000,"event_status":0},{"layer":29,"cuda_span_ns":5120.000,"event_status":0}],"cuda_sum_ns":16384.000}
{"schema":"riley.owned-graph-diagnostic.v1","kind":"read","capture_id":2,"replay_id":30,"host_read_bytes":98344,"host_read_ns":5211}
{"schema":"riley.owned-graph-diagnostic.v1","kind":"replay","capture_id":2,"replay_id":31,"position":157,"host_staging_bytes":98344,"event_setup_ns":440,"host_staging_ns":1580,"host_launch_ns":11279,"host_wait_ns":2059015,"cuda_graph_span_ns":2067584.038,"event_status":0,"launch_status":0,"completion_status":0}
{"schema":"riley.decode-operator-diagnostic.v1","kind":"operation","capture_id":2,"replay_id":31,"position":157,"operator":"down","launch_status":0,"completion_status":0,"intervals":[{"layer":0,"cuda_span_ns":5120.000,"event_status":0},{"layer":15,"cuda_span_ns":6144.000,"event_status":0},{"layer":29,"cuda_span_ns":5120.000,"event_status":0}],"cuda_sum_ns":16384.000}
{"schema":"riley.owned-graph-diagnostic.v1","kind":"read","capture_id":2,"replay_id":31,"host_read_bytes":98344,"host_read_ns":5101}
{"schema":"riley.owned-graph-diagnostic.v1","kind":"replay","capture_id":2,"replay_id":32,"position":158,"host_staging_bytes":98344,"event_setup_ns":394,"host_staging_ns":1625,"host_launch_ns":11483,"host_wait_ns":2059285,"cuda_graph_span_ns":2068320.036,"event_status":0,"launch_status":0,"completion_status":0}
{"schema":"riley.decode-operator-diagnostic.v1","kind":"operation","capture_id":2,"replay_id":32,"position":158,"operator":"down","launch_status":0,"completion_status":0,"intervals":[{"layer":0,"cuda_span_ns":5120.000,"event_status":0},{"layer":15,"cuda_span_ns":5120.000,"event_status":0},{"layer":29,"cuda_span_ns":5120.000,"event_status":0}],"cuda_sum_ns":15360.000}
{"schema":"riley.owned-graph-diagnostic.v1","kind":"read","capture_id":2,"replay_id":32,"host_read_bytes":98344,"host_read_ns":5012}
{"schema":"riley.owned-graph-diagnostic.v1","kind":"replay","capture_id":1,"replay_id":33,"position":127,"host_staging_bytes":98344,"event_setup_ns":4231,"host_staging_ns":2914,"host_launch_ns":18472,"host_wait_ns":13679821,"cuda_graph_span_ns":13695424.080,"event_status":0,"launch_status":0,"completion_status":0}
{"schema":"riley.owned-graph-diagnostic.v1","kind":"read","capture_id":1,"replay_id":33,"host_read_bytes":98344,"host_read_ns":7485}
{"schema":"riley.owned-graph-diagnostic.v1","kind":"replay","capture_id":2,"replay_id":34,"position":128,"host_staging_bytes":98344,"event_setup_ns":1040,"host_staging_ns":2768,"host_launch_ns":19370,"host_wait_ns":2206763,"cuda_graph_span_ns":2223295.927,"event_status":0,"launch_status":0,"completion_status":0}
{"schema":"riley.decode-operator-diagnostic.v1","kind":"operation","capture_id":2,"replay_id":34,"position":128,"operator":"down","launch_status":0,"completion_status":0,"intervals":[{"layer":0,"cuda_span_ns":6144.000,"event_status":0},{"layer":15,"cuda_span_ns":6144.000,"event_status":0},{"layer":29,"cuda_span_ns":5120.000,"event_status":0}],"cuda_sum_ns":17408.000}
{"schema":"riley.owned-graph-diagnostic.v1","kind":"read","capture_id":2,"replay_id":34,"host_read_bytes":98344,"host_read_ns":5634}
{"schema":"riley.owned-graph-diagnostic.v1","kind":"replay","capture_id":2,"replay_id":35,"position":129,"host_staging_bytes":98344,"event_setup_ns":613,"host_staging_ns":1674,"host_launch_ns":11233,"host_wait_ns":1878741,"cuda_graph_span_ns":1887392.044,"event_status":0,"launch_status":0,"completion_status":0}
{"schema":"riley.decode-operator-diagnostic.v1","kind":"operation","capture_id":2,"replay_id":35,"position":129,"operator":"down","launch_status":0,"completion_status":0,"intervals":[{"layer":0,"cuda_span_ns":6144.000,"event_status":0},{"layer":15,"cuda_span_ns":5120.000,"event_status":0},{"layer":29,"cuda_span_ns":5120.000,"event_status":0}],"cuda_sum_ns":16384.000}
{"schema":"riley.owned-graph-diagnostic.v1","kind":"read","capture_id":2,"replay_id":35,"host_read_bytes":98344,"host_read_ns":5481}
{"schema":"riley.owned-graph-diagnostic.v1","kind":"replay","capture_id":2,"replay_id":36,"position":130,"host_staging_bytes":98344,"event_setup_ns":631,"host_staging_ns":1901,"host_launch_ns":11621,"host_wait_ns":1878163,"cuda_graph_span_ns":1887104.034,"event_status":0,"launch_status":0,"completion_status":0}
{"schema":"riley.decode-operator-diagnostic.v1","kind":"operation","capture_id":2,"replay_id":36,"position":130,"operator":"down","launch_status":0,"completion_status":0,"intervals":[{"layer":0,"cuda_span_ns":6144.000,"event_status":0},{"layer":15,"cuda_span_ns":5120.000,"event_status":0},{"layer":29,"cuda_span_ns":5120.000,"event_status":0}],"cuda_sum_ns":16384.000}
{"schema":"riley.owned-graph-diagnostic.v1","kind":"read","capture_id":2,"replay_id":36,"host_read_bytes":98344,"host_read_ns":6206}
{"schema":"riley.owned-graph-diagnostic.v1","kind":"replay","capture_id":2,"replay_id":37,"position":131,"host_staging_bytes":98344,"event_setup_ns":781,"host_staging_ns":1766,"host_launch_ns":11160,"host_wait_ns":1878460,"cuda_graph_span_ns":1886816.025,"event_status":0,"launch_status":0,"completion_status":0}
{"schema":"riley.decode-operator-diagnostic.v1","kind":"operation","capture_id":2,"replay_id":37,"position":131,"operator":"down","launch_status":0,"completion_status":0,"intervals":[{"layer":0,"cuda_span_ns":5120.000,"event_status":0},{"layer":15,"cuda_span_ns":5120.000,"event_status":0},{"layer":29,"cuda_span_ns":5120.000,"event_status":0}],"cuda_sum_ns":15360.000}
{"schema":"riley.owned-graph-diagnostic.v1","kind":"read","capture_id":2,"replay_id":37,"host_read_bytes":98344,"host_read_ns":5571}
{"schema":"riley.owned-graph-diagnostic.v1","kind":"replay","capture_id":2,"replay_id":38,"position":132,"host_staging_bytes":98344,"event_setup_ns":563,"host_staging_ns":1639,"host_launch_ns":10941,"host_wait_ns":1879243,"cuda_graph_span_ns":1887616.038,"event_status":0,"launch_status":0,"completion_status":0}
{"schema":"riley.decode-operator-diagnostic.v1","kind":"operation","capture_id":2,"replay_id":38,"position":132,"operator":"down","launch_status":0,"completion_status":0,"intervals":[{"layer":0,"cuda_span_ns":5120.000,"event_status":0},{"layer":15,"cuda_span_ns":6144.000,"event_status":0},{"layer":29,"cuda_span_ns":5120.000,"event_status":0}],"cuda_sum_ns":16384.000}
{"schema":"riley.owned-graph-diagnostic.v1","kind":"read","capture_id":2,"replay_id":38,"host_read_bytes":98344,"host_read_ns":5372}
{"schema":"riley.owned-graph-diagnostic.v1","kind":"replay","capture_id":2,"replay_id":39,"position":133,"host_staging_bytes":98344,"event_setup_ns":436,"host_staging_ns":1665,"host_launch_ns":10989,"host_wait_ns":1887331,"cuda_graph_span_ns":1895648.003,"event_status":0,"launch_status":0,"completion_status":0}
{"schema":"riley.decode-operator-diagnostic.v1","kind":"operation","capture_id":2,"replay_id":39,"position":133,"operator":"down","launch_status":0,"completion_status":0,"intervals":[{"layer":0,"cuda_span_ns":6144.000,"event_status":0},{"layer":15,"cuda_span_ns":6144.000,"event_status":0},{"layer":29,"cuda_span_ns":6144.000,"event_status":0}],"cuda_sum_ns":18432.001}
{"schema":"riley.owned-graph-diagnostic.v1","kind":"read","capture_id":2,"replay_id":39,"host_read_bytes":98344,"host_read_ns":4965}
{"schema":"riley.owned-graph-diagnostic.v1","kind":"replay","capture_id":2,"replay_id":40,"position":134,"host_staging_bytes":98344,"event_setup_ns":388,"host_staging_ns":1622,"host_launch_ns":11155,"host_wait_ns":1880622,"cuda_graph_span_ns":1889055.967,"event_status":0,"launch_status":0,"completion_status":0}
{"schema":"riley.decode-operator-diagnostic.v1","kind":"operation","capture_id":2,"replay_id":40,"position":134,"operator":"down","launch_status":0,"completion_status":0,"intervals":[{"layer":0,"cuda_span_ns":5120.000,"event_status":0},{"layer":15,"cuda_span_ns":6144.000,"event_status":0},{"layer":29,"cuda_span_ns":5120.000,"event_status":0}],"cuda_sum_ns":16384.000}
{"schema":"riley.owned-graph-diagnostic.v1","kind":"read","capture_id":2,"replay_id":40,"host_read_bytes":98344,"host_read_ns":5401}
{"schema":"riley.owned-graph-diagnostic.v1","kind":"replay","capture_id":2,"replay_id":41,"position":135,"host_staging_bytes":98344,"event_setup_ns":331,"host_staging_ns":1580,"host_launch_ns":11331,"host_wait_ns":1879665,"cuda_graph_span_ns":1888288.021,"event_status":0,"launch_status":0,"completion_status":0}
{"schema":"riley.decode-operator-diagnostic.v1","kind":"operation","capture_id":2,"replay_id":41,"position":135,"operator":"down","launch_status":0,"completion_status":0,"intervals":[{"layer":0,"cuda_span_ns":5120.000,"event_status":0},{"layer":15,"cuda_span_ns":5120.000,"event_status":0},{"layer":29,"cuda_span_ns":5120.000,"event_status":0}],"cuda_sum_ns":15360.000}
{"schema":"riley.owned-graph-diagnostic.v1","kind":"read","capture_id":2,"replay_id":41,"host_read_bytes":98344,"host_read_ns":5205}
{"schema":"riley.owned-graph-diagnostic.v1","kind":"replay","capture_id":2,"replay_id":42,"position":136,"host_staging_bytes":98344,"event_setup_ns":452,"host_staging_ns":1581,"host_launch_ns":11207,"host_wait_ns":1917519,"cuda_graph_span_ns":1926015.973,"event_status":0,"launch_status":0,"completion_status":0}
{"schema":"riley.decode-operator-diagnostic.v1","kind":"operation","capture_id":2,"replay_id":42,"position":136,"operator":"down","launch_status":0,"completion_status":0,"intervals":[{"layer":0,"cuda_span_ns":5120.000,"event_status":0},{"layer":15,"cuda_span_ns":6144.000,"event_status":0},{"layer":29,"cuda_span_ns":5120.000,"event_status":0}],"cuda_sum_ns":16384.000}
{"schema":"riley.owned-graph-diagnostic.v1","kind":"read","capture_id":2,"replay_id":42,"host_read_bytes":98344,"host_read_ns":5135}
{"schema":"riley.owned-graph-diagnostic.v1","kind":"replay","capture_id":2,"replay_id":43,"position":137,"host_staging_bytes":98344,"event_setup_ns":474,"host_staging_ns":1562,"host_launch_ns":13900,"host_wait_ns":1932446,"cuda_graph_span_ns":1943776.011,"event_status":0,"launch_status":0,"completion_status":0}
{"schema":"riley.decode-operator-diagnostic.v1","kind":"operation","capture_id":2,"replay_id":43,"position":137,"operator":"down","launch_status":0,"completion_status":0,"intervals":[{"layer":0,"cuda_span_ns":5120.000,"event_status":0},{"layer":15,"cuda_span_ns":5120.000,"event_status":0},{"layer":29,"cuda_span_ns":6144.000,"event_status":0}],"cuda_sum_ns":16384.000}
{"schema":"riley.owned-graph-diagnostic.v1","kind":"read","capture_id":2,"replay_id":43,"host_read_bytes":98344,"host_read_ns":5584}
{"schema":"riley.owned-graph-diagnostic.v1","kind":"replay","capture_id":2,"replay_id":44,"position":138,"host_staging_bytes":98344,"event_setup_ns":397,"host_staging_ns":1603,"host_launch_ns":11292,"host_wait_ns":1937293,"cuda_graph_span_ns":1945695.996,"event_status":0,"launch_status":0,"completion_status":0}
{"schema":"riley.decode-operator-diagnostic.v1","kind":"operation","capture_id":2,"replay_id":44,"position":138,"operator":"down","launch_status":0,"completion_status":0,"intervals":[{"layer":0,"cuda_span_ns":6144.000,"event_status":0},{"layer":15,"cuda_span_ns":6144.000,"event_status":0},{"layer":29,"cuda_span_ns":6144.000,"event_status":0}],"cuda_sum_ns":18432.001}
{"schema":"riley.owned-graph-diagnostic.v1","kind":"read","capture_id":2,"replay_id":44,"host_read_bytes":98344,"host_read_ns":5035}
{"schema":"riley.owned-graph-diagnostic.v1","kind":"replay","capture_id":2,"replay_id":45,"position":139,"host_staging_bytes":98344,"event_setup_ns":512,"host_staging_ns":1601,"host_launch_ns":11509,"host_wait_ns":1936141,"cuda_graph_span_ns":1944864.035,"event_status":0,"launch_status":0,"completion_status":0}
{"schema":"riley.decode-operator-diagnostic.v1","kind":"operation","capture_id":2,"replay_id":45,"position":139,"operator":"down","launch_status":0,"completion_status":0,"intervals":[{"layer":0,"cuda_span_ns":5120.000,"event_status":0},{"layer":15,"cuda_span_ns":5120.000,"event_status":0},{"layer":29,"cuda_span_ns":6144.000,"event_status":0}],"cuda_sum_ns":16384.000}
{"schema":"riley.owned-graph-diagnostic.v1","kind":"read","capture_id":2,"replay_id":45,"host_read_bytes":98344,"host_read_ns":4720}
{"schema":"riley.owned-graph-diagnostic.v1","kind":"replay","capture_id":2,"replay_id":46,"position":140,"host_staging_bytes":98344,"event_setup_ns":377,"host_staging_ns":1607,"host_launch_ns":11020,"host_wait_ns":1936056,"cuda_graph_span_ns":1944447.994,"event_status":0,"launch_status":0,"completion_status":0}
{"schema":"riley.decode-operator-diagnostic.v1","kind":"operation","capture_id":2,"replay_id":46,"position":140,"operator":"down","launch_status":0,"completion_status":0,"intervals":[{"layer":0,"cuda_span_ns":5120.000,"event_status":0},{"layer":15,"cuda_span_ns":6144.000,"event_status":0},{"layer":29,"cuda_span_ns":5120.000,"event_status":0}],"cuda_sum_ns":16384.000}
{"schema":"riley.owned-graph-diagnostic.v1","kind":"read","capture_id":2,"replay_id":46,"host_read_bytes":98344,"host_read_ns":4693}
{"schema":"riley.owned-graph-diagnostic.v1","kind":"replay","capture_id":2,"replay_id":47,"position":141,"host_staging_bytes":98344,"event_setup_ns":380,"host_staging_ns":1579,"host_launch_ns":10996,"host_wait_ns":1936892,"cuda_graph_span_ns":1945279.956,"event_status":0,"launch_status":0,"completion_status":0}
{"schema":"riley.decode-operator-diagnostic.v1","kind":"operation","capture_id":2,"replay_id":47,"position":141,"operator":"down","launch_status":0,"completion_status":0,"intervals":[{"layer":0,"cuda_span_ns":5120.000,"event_status":0},{"layer":15,"cuda_span_ns":6144.000,"event_status":0},{"layer":29,"cuda_span_ns":5120.000,"event_status":0}],"cuda_sum_ns":16384.000}
{"schema":"riley.owned-graph-diagnostic.v1","kind":"read","capture_id":2,"replay_id":47,"host_read_bytes":98344,"host_read_ns":5211}
{"schema":"riley.owned-graph-diagnostic.v1","kind":"replay","capture_id":2,"replay_id":48,"position":142,"host_staging_bytes":98344,"event_setup_ns":362,"host_staging_ns":1617,"host_launch_ns":11217,"host_wait_ns":1935997,"cuda_graph_span_ns":1944576.025,"event_status":0,"launch_status":0,"completion_status":0}
{"schema":"riley.decode-operator-diagnostic.v1","kind":"operation","capture_id":2,"replay_id":48,"position":142,"operator":"down","launch_status":0,"completion_status":0,"intervals":[{"layer":0,"cuda_span_ns":5120.000,"event_status":0},{"layer":15,"cuda_span_ns":6144.000,"event_status":0},{"layer":29,"cuda_span_ns":5120.000,"event_status":0}],"cuda_sum_ns":16384.000}
{"schema":"riley.owned-graph-diagnostic.v1","kind":"read","capture_id":2,"replay_id":48,"host_read_bytes":98344,"host_read_ns":5044}
{"schema":"riley.owned-graph-diagnostic.v1","kind":"replay","capture_id":2,"replay_id":49,"position":143,"host_staging_bytes":98344,"event_setup_ns":424,"host_staging_ns":1593,"host_launch_ns":11309,"host_wait_ns":1933863,"cuda_graph_span_ns":1935871.959,"event_status":0,"launch_status":0,"completion_status":0}
{"schema":"riley.decode-operator-diagnostic.v1","kind":"operation","capture_id":2,"replay_id":49,"position":143,"operator":"down","launch_status":0,"completion_status":0,"intervals":[{"layer":0,"cuda_span_ns":5120.000,"event_status":0},{"layer":15,"cuda_span_ns":5120.000,"event_status":0},{"layer":29,"cuda_span_ns":5120.000,"event_status":0}],"cuda_sum_ns":15360.000}
{"schema":"riley.owned-graph-diagnostic.v1","kind":"read","capture_id":2,"replay_id":49,"host_read_bytes":98344,"host_read_ns":5727}
{"schema":"riley.owned-graph-diagnostic.v1","kind":"replay","capture_id":2,"replay_id":50,"position":144,"host_staging_bytes":98344,"event_setup_ns":627,"host_staging_ns":1620,"host_launch_ns":11820,"host_wait_ns":1993859,"cuda_graph_span_ns":2002912.045,"event_status":0,"launch_status":0,"completion_status":0}
{"schema":"riley.decode-operator-diagnostic.v1","kind":"operation","capture_id":2,"replay_id":50,"position":144,"operator":"down","launch_status":0,"completion_status":0,"intervals":[{"layer":0,"cuda_span_ns":6144.000,"event_status":0},{"layer":15,"cuda_span_ns":6144.000,"event_status":0},{"layer":29,"cuda_span_ns":5120.000,"event_status":0}],"cuda_sum_ns":17408.000}
{"schema":"riley.owned-graph-diagnostic.v1","kind":"read","capture_id":2,"replay_id":50,"host_read_bytes":98344,"host_read_ns":5046}
{"schema":"riley.owned-graph-diagnostic.v1","kind":"replay","capture_id":2,"replay_id":51,"position":145,"host_staging_bytes":98344,"event_setup_ns":376,"host_staging_ns":1601,"host_launch_ns":10980,"host_wait_ns":2002074,"cuda_graph_span_ns":2010495.901,"event_status":0,"launch_status":0,"completion_status":0}
{"schema":"riley.decode-operator-diagnostic.v1","kind":"operation","capture_id":2,"replay_id":51,"position":145,"operator":"down","launch_status":0,"completion_status":0,"intervals":[{"layer":0,"cuda_span_ns":6144.000,"event_status":0},{"layer":15,"cuda_span_ns":6144.000,"event_status":0},{"layer":29,"cuda_span_ns":5120.000,"event_status":0}],"cuda_sum_ns":17408.000}
{"schema":"riley.owned-graph-diagnostic.v1","kind":"read","capture_id":2,"replay_id":51,"host_read_bytes":98344,"host_read_ns":4943}
{"schema":"riley.owned-graph-diagnostic.v1","kind":"replay","capture_id":2,"replay_id":52,"position":146,"host_staging_bytes":98344,"event_setup_ns":428,"host_staging_ns":1625,"host_launch_ns":11122,"host_wait_ns":2009068,"cuda_graph_span_ns":2017503.977,"event_status":0,"launch_status":0,"completion_status":0}
{"schema":"riley.decode-operator-diagnostic.v1","kind":"operation","capture_id":2,"replay_id":52,"position":146,"operator":"down","launch_status":0,"completion_status":0,"intervals":[{"layer":0,"cuda_span_ns":5120.000,"event_status":0},{"layer":15,"cuda_span_ns":6144.000,"event_status":0},{"layer":29,"cuda_span_ns":5120.000,"event_status":0}],"cuda_sum_ns":16384.000}
{"schema":"riley.owned-graph-diagnostic.v1","kind":"read","capture_id":2,"replay_id":52,"host_read_bytes":98344,"host_read_ns":4971}
{"schema":"riley.owned-graph-diagnostic.v1","kind":"replay","capture_id":2,"replay_id":53,"position":147,"host_staging_bytes":98344,"event_setup_ns":405,"host_staging_ns":1612,"host_launch_ns":11294,"host_wait_ns":2000589,"cuda_graph_span_ns":2009023.905,"event_status":0,"launch_status":0,"completion_status":0}
{"schema":"riley.decode-operator-diagnostic.v1","kind":"operation","capture_id":2,"replay_id":53,"position":147,"operator":"down","launch_status":0,"completion_status":0,"intervals":[{"layer":0,"cuda_span_ns":6144.000,"event_status":0},{"layer":15,"cuda_span_ns":5120.000,"event_status":0},{"layer":29,"cuda_span_ns":5120.000,"event_status":0}],"cuda_sum_ns":16384.000}
{"schema":"riley.owned-graph-diagnostic.v1","kind":"read","capture_id":2,"replay_id":53,"host_read_bytes":98344,"host_read_ns":4985}
{"schema":"riley.owned-graph-diagnostic.v1","kind":"replay","capture_id":2,"replay_id":54,"position":148,"host_staging_bytes":98344,"event_setup_ns":472,"host_staging_ns":1554,"host_launch_ns":11010,"host_wait_ns":2001093,"cuda_graph_span_ns":2009536.028,"event_status":0,"launch_status":0,"completion_status":0}
{"schema":"riley.decode-operator-diagnostic.v1","kind":"operation","capture_id":2,"replay_id":54,"position":148,"operator":"down","launch_status":0,"completion_status":0,"intervals":[{"layer":0,"cuda_span_ns":5120.000,"event_status":0},{"layer":15,"cuda_span_ns":6144.000,"event_status":0},{"layer":29,"cuda_span_ns":5120.000,"event_status":0}],"cuda_sum_ns":16384.000}
{"schema":"riley.owned-graph-diagnostic.v1","kind":"read","capture_id":2,"replay_id":54,"host_read_bytes":98344,"host_read_ns":5292}
{"schema":"riley.owned-graph-diagnostic.v1","kind":"replay","capture_id":2,"replay_id":55,"position":149,"host_staging_bytes":98344,"event_setup_ns":339,"host_staging_ns":1560,"host_launch_ns":10992,"host_wait_ns":2007999,"cuda_graph_span_ns":2016511.917,"event_status":0,"launch_status":0,"completion_status":0}
{"schema":"riley.decode-operator-diagnostic.v1","kind":"operation","capture_id":2,"replay_id":55,"position":149,"operator":"down","launch_status":0,"completion_status":0,"intervals":[{"layer":0,"cuda_span_ns":6144.000,"event_status":0},{"layer":15,"cuda_span_ns":5120.000,"event_status":0},{"layer":29,"cuda_span_ns":5120.000,"event_status":0}],"cuda_sum_ns":16384.000}
{"schema":"riley.owned-graph-diagnostic.v1","kind":"read","capture_id":2,"replay_id":55,"host_read_bytes":98344,"host_read_ns":5100}
{"schema":"riley.owned-graph-diagnostic.v1","kind":"replay","capture_id":2,"replay_id":56,"position":150,"host_staging_bytes":98344,"event_setup_ns":636,"host_staging_ns":1636,"host_launch_ns":11919,"host_wait_ns":2007796,"cuda_graph_span_ns":2016927.958,"event_status":0,"launch_status":0,"completion_status":0}
{"schema":"riley.decode-operator-diagnostic.v1","kind":"operation","capture_id":2,"replay_id":56,"position":150,"operator":"down","launch_status":0,"completion_status":0,"intervals":[{"layer":0,"cuda_span_ns":5120.000,"event_status":0},{"layer":15,"cuda_span_ns":6144.000,"event_status":0},{"layer":29,"cuda_span_ns":5120.000,"event_status":0}],"cuda_sum_ns":16384.000}
{"schema":"riley.owned-graph-diagnostic.v1","kind":"read","capture_id":2,"replay_id":56,"host_read_bytes":98344,"host_read_ns":5174}
{"schema":"riley.owned-graph-diagnostic.v1","kind":"replay","capture_id":2,"replay_id":57,"position":151,"host_staging_bytes":98344,"event_setup_ns":638,"host_staging_ns":1715,"host_launch_ns":11769,"host_wait_ns":2009239,"cuda_graph_span_ns":2018079.996,"event_status":0,"launch_status":0,"completion_status":0}
{"schema":"riley.decode-operator-diagnostic.v1","kind":"operation","capture_id":2,"replay_id":57,"position":151,"operator":"down","launch_status":0,"completion_status":0,"intervals":[{"layer":0,"cuda_span_ns":5120.000,"event_status":0},{"layer":15,"cuda_span_ns":6144.000,"event_status":0},{"layer":29,"cuda_span_ns":5120.000,"event_status":0}],"cuda_sum_ns":16384.000}
{"schema":"riley.owned-graph-diagnostic.v1","kind":"read","capture_id":2,"replay_id":57,"host_read_bytes":98344,"host_read_ns":5433}
{"schema":"riley.owned-graph-diagnostic.v1","kind":"replay","capture_id":2,"replay_id":58,"position":152,"host_staging_bytes":98344,"event_setup_ns":756,"host_staging_ns":1836,"host_launch_ns":12329,"host_wait_ns":2049305,"cuda_graph_span_ns":2059040.070,"event_status":0,"launch_status":0,"completion_status":0}
{"schema":"riley.decode-operator-diagnostic.v1","kind":"operation","capture_id":2,"replay_id":58,"position":152,"operator":"down","launch_status":0,"completion_status":0,"intervals":[{"layer":0,"cuda_span_ns":5120.000,"event_status":0},{"layer":15,"cuda_span_ns":5120.000,"event_status":0},{"layer":29,"cuda_span_ns":5120.000,"event_status":0}],"cuda_sum_ns":15360.000}
{"schema":"riley.owned-graph-diagnostic.v1","kind":"read","capture_id":2,"replay_id":58,"host_read_bytes":98344,"host_read_ns":5167}
{"schema":"riley.owned-graph-diagnostic.v1","kind":"replay","capture_id":2,"replay_id":59,"position":153,"host_staging_bytes":98344,"event_setup_ns":540,"host_staging_ns":1657,"host_launch_ns":12675,"host_wait_ns":2057793,"cuda_graph_span_ns":2067872.047,"event_status":0,"launch_status":0,"completion_status":0}
{"schema":"riley.decode-operator-diagnostic.v1","kind":"operation","capture_id":2,"replay_id":59,"position":153,"operator":"down","launch_status":0,"completion_status":0,"intervals":[{"layer":0,"cuda_span_ns":6144.000,"event_status":0},{"layer":15,"cuda_span_ns":6144.000,"event_status":0},{"layer":29,"cuda_span_ns":6144.000,"event_status":0}],"cuda_sum_ns":18432.001}
{"schema":"riley.owned-graph-diagnostic.v1","kind":"read","capture_id":2,"replay_id":59,"host_read_bytes":98344,"host_read_ns":4916}
{"schema":"riley.owned-graph-diagnostic.v1","kind":"replay","capture_id":2,"replay_id":60,"position":154,"host_staging_bytes":98344,"event_setup_ns":437,"host_staging_ns":1665,"host_launch_ns":12192,"host_wait_ns":2057671,"cuda_graph_span_ns":2067136.049,"event_status":0,"launch_status":0,"completion_status":0}
{"schema":"riley.decode-operator-diagnostic.v1","kind":"operation","capture_id":2,"replay_id":60,"position":154,"operator":"down","launch_status":0,"completion_status":0,"intervals":[{"layer":0,"cuda_span_ns":5120.000,"event_status":0},{"layer":15,"cuda_span_ns":5120.000,"event_status":0},{"layer":29,"cuda_span_ns":5120.000,"event_status":0}],"cuda_sum_ns":15360.000}
{"schema":"riley.owned-graph-diagnostic.v1","kind":"read","capture_id":2,"replay_id":60,"host_read_bytes":98344,"host_read_ns":5533}
{"schema":"riley.owned-graph-diagnostic.v1","kind":"replay","capture_id":2,"replay_id":61,"position":155,"host_staging_bytes":98344,"event_setup_ns":451,"host_staging_ns":1750,"host_launch_ns":12156,"host_wait_ns":2057963,"cuda_graph_span_ns":2067199.945,"event_status":0,"launch_status":0,"completion_status":0}
{"schema":"riley.decode-operator-diagnostic.v1","kind":"operation","capture_id":2,"replay_id":61,"position":155,"operator":"down","launch_status":0,"completion_status":0,"intervals":[{"layer":0,"cuda_span_ns":6144.000,"event_status":0},{"layer":15,"cuda_span_ns":5120.000,"event_status":0},{"layer":29,"cuda_span_ns":5120.000,"event_status":0}],"cuda_sum_ns":16384.000}
{"schema":"riley.owned-graph-diagnostic.v1","kind":"read","capture_id":2,"replay_id":61,"host_read_bytes":98344,"host_read_ns":5343}
{"schema":"riley.owned-graph-diagnostic.v1","kind":"replay","capture_id":2,"replay_id":62,"position":156,"host_staging_bytes":98344,"event_setup_ns":512,"host_staging_ns":1763,"host_launch_ns":12545,"host_wait_ns":2060538,"cuda_graph_span_ns":2070559.978,"event_status":0,"launch_status":0,"completion_status":0}
{"schema":"riley.decode-operator-diagnostic.v1","kind":"operation","capture_id":2,"replay_id":62,"position":156,"operator":"down","launch_status":0,"completion_status":0,"intervals":[{"layer":0,"cuda_span_ns":6144.000,"event_status":0},{"layer":15,"cuda_span_ns":5120.000,"event_status":0},{"layer":29,"cuda_span_ns":5120.000,"event_status":0}],"cuda_sum_ns":16384.000}
{"schema":"riley.owned-graph-diagnostic.v1","kind":"read","capture_id":2,"replay_id":62,"host_read_bytes":98344,"host_read_ns":5293}
{"schema":"riley.owned-graph-diagnostic.v1","kind":"replay","capture_id":2,"replay_id":63,"position":157,"host_staging_bytes":98344,"event_setup_ns":387,"host_staging_ns":1761,"host_launch_ns":11827,"host_wait_ns":2058379,"cuda_graph_span_ns":2067424.059,"event_status":0,"launch_status":0,"completion_status":0}
{"schema":"riley.decode-operator-diagnostic.v1","kind":"operation","capture_id":2,"replay_id":63,"position":157,"operator":"down","launch_status":0,"completion_status":0,"intervals":[{"layer":0,"cuda_span_ns":6144.000,"event_status":0},{"layer":15,"cuda_span_ns":5120.000,"event_status":0},{"layer":29,"cuda_span_ns":5120.000,"event_status":0}],"cuda_sum_ns":16384.000}
{"schema":"riley.owned-graph-diagnostic.v1","kind":"read","capture_id":2,"replay_id":63,"host_read_bytes":98344,"host_read_ns":5294}
{"schema":"riley.owned-graph-diagnostic.v1","kind":"replay","capture_id":2,"replay_id":64,"position":158,"host_staging_bytes":98344,"event_setup_ns":477,"host_staging_ns":1805,"host_launch_ns":12519,"host_wait_ns":2056495,"cuda_graph_span_ns":2066720.009,"event_status":0,"launch_status":0,"completion_status":0}
{"schema":"riley.decode-operator-diagnostic.v1","kind":"operation","capture_id":2,"replay_id":64,"position":158,"operator":"down","launch_status":0,"completion_status":0,"intervals":[{"layer":0,"cuda_span_ns":6144.000,"event_status":0},{"layer":15,"cuda_span_ns":5120.000,"event_status":0},{"layer":29,"cuda_span_ns":5120.000,"event_status":0}],"cuda_sum_ns":16384.000}
{"schema":"riley.owned-graph-diagnostic.v1","kind":"read","capture_id":2,"replay_id":64,"host_read_bytes":98344,"host_read_ns":5118}
{"schema":"riley.owned-graph-diagnostic.v1","kind":"replay","capture_id":1,"replay_id":65,"position":127,"host_staging_bytes":98344,"event_setup_ns":3849,"host_staging_ns":2243,"host_launch_ns":16208,"host_wait_ns":13679706,"cuda_graph_span_ns":13692511.559,"event_status":0,"launch_status":0,"completion_status":0}
{"schema":"riley.owned-graph-diagnostic.v1","kind":"read","capture_id":1,"replay_id":65,"host_read_bytes":98344,"host_read_ns":7903}
{"schema":"riley.owned-graph-diagnostic.v1","kind":"replay","capture_id":2,"replay_id":66,"position":128,"host_staging_bytes":98344,"event_setup_ns":1117,"host_staging_ns":2687,"host_launch_ns":21022,"host_wait_ns":2206973,"cuda_graph_span_ns":2224832.058,"event_status":0,"launch_status":0,"completion_status":0}
{"schema":"riley.decode-operator-diagnostic.v1","kind":"operation","capture_id":2,"replay_id":66,"position":128,"operator":"down","launch_status":0,"completion_status":0,"intervals":[{"layer":0,"cuda_span_ns":6144.000,"event_status":0},{"layer":15,"cuda_span_ns":6144.000,"event_status":0},{"layer":29,"cuda_span_ns":5120.000,"event_status":0}],"cuda_sum_ns":17408.000}
{"schema":"riley.owned-graph-diagnostic.v1","kind":"read","capture_id":2,"replay_id":66,"host_read_bytes":98344,"host_read_ns":5435}
{"schema":"riley.owned-graph-diagnostic.v1","kind":"replay","capture_id":2,"replay_id":67,"position":129,"host_staging_bytes":98344,"event_setup_ns":596,"host_staging_ns":1660,"host_launch_ns":11448,"host_wait_ns":1870414,"cuda_graph_span_ns":1879423.976,"event_status":0,"launch_status":0,"completion_status":0}
{"schema":"riley.decode-operator-diagnostic.v1","kind":"operation","capture_id":2,"replay_id":67,"position":129,"operator":"down","launch_status":0,"completion_status":0,"intervals":[{"layer":0,"cuda_span_ns":6144.000,"event_status":0},{"layer":15,"cuda_span_ns":5120.000,"event_status":0},{"layer":29,"cuda_span_ns":5120.000,"event_status":0}],"cuda_sum_ns":16384.000}
{"schema":"riley.owned-graph-diagnostic.v1","kind":"read","capture_id":2,"replay_id":67,"host_read_bytes":98344,"host_read_ns":5187}
{"schema":"riley.owned-graph-diagnostic.v1","kind":"replay","capture_id":2,"replay_id":68,"position":130,"host_staging_bytes":98344,"event_setup_ns":415,"host_staging_ns":1676,"host_launch_ns":11380,"host_wait_ns":1879087,"cuda_graph_span_ns":1887904.048,"event_status":0,"launch_status":0,"completion_status":0}
{"schema":"riley.decode-operator-diagnostic.v1","kind":"operation","capture_id":2,"replay_id":68,"position":130,"operator":"down","launch_status":0,"completion_status":0,"intervals":[{"layer":0,"cuda_span_ns":5120.000,"event_status":0},{"layer":15,"cuda_span_ns":5120.000,"event_status":0},{"layer":29,"cuda_span_ns":5120.000,"event_status":0}],"cuda_sum_ns":15360.000}
{"schema":"riley.owned-graph-diagnostic.v1","kind":"read","capture_id":2,"replay_id":68,"host_read_bytes":98344,"host_read_ns":5229}
{"schema":"riley.owned-graph-diagnostic.v1","kind":"replay","capture_id":2,"replay_id":69,"position":131,"host_staging_bytes":98344,"event_setup_ns":534,"host_staging_ns":1704,"host_launch_ns":11183,"host_wait_ns":1878038,"cuda_graph_span_ns":1886592.031,"event_status":0,"launch_status":0,"completion_status":0}
{"schema":"riley.decode-operator-diagnostic.v1","kind":"operation","capture_id":2,"replay_id":69,"position":131,"operator":"down","launch_status":0,"completion_status":0,"intervals":[{"layer":0,"cuda_span_ns":6144.000,"event_status":0},{"layer":15,"cuda_span_ns":5120.000,"event_status":0},{"layer":29,"cuda_span_ns":5120.000,"event_status":0}],"cuda_sum_ns":16384.000}
{"schema":"riley.owned-graph-diagnostic.v1","kind":"read","capture_id":2,"replay_id":69,"host_read_bytes":98344,"host_read_ns":4824}
{"schema":"riley.owned-graph-diagnostic.v1","kind":"replay","capture_id":2,"replay_id":70,"position":132,"host_staging_bytes":98344,"event_setup_ns":369,"host_staging_ns":1654,"host_launch_ns":11210,"host_wait_ns":1877671,"cuda_graph_span_ns":1886240.005,"event_status":0,"launch_status":0,"completion_status":0}
{"schema":"riley.decode-operator-diagnostic.v1","kind":"operation","capture_id":2,"replay_id":70,"position":132,"operator":"down","launch_status":0,"completion_status":0,"intervals":[{"layer":0,"cuda_span_ns":5120.000,"event_status":0},{"layer":15,"cuda_span_ns":6144.000,"event_status":0},{"layer":29,"cuda_span_ns":6144.000,"event_status":0}],"cuda_sum_ns":17408.000}
{"schema":"riley.owned-graph-diagnostic.v1","kind":"read","capture_id":2,"replay_id":70,"host_read_bytes":98344,"host_read_ns":5408}
{"schema":"riley.owned-graph-diagnostic.v1","kind":"replay","capture_id":2,"replay_id":71,"position":133,"host_staging_bytes":98344,"event_setup_ns":415,"host_staging_ns":1658,"host_launch_ns":14672,"host_wait_ns":1878969,"cuda_graph_span_ns":1890912.056,"event_status":0,"launch_status":0,"completion_status":0}
{"schema":"riley.decode-operator-diagnostic.v1","kind":"operation","capture_id":2,"replay_id":71,"position":133,"operator":"down","launch_status":0,"completion_status":0,"intervals":[{"layer":0,"cuda_span_ns":5120.000,"event_status":0},{"layer":15,"cuda_span_ns":5120.000,"event_status":0},{"layer":29,"cuda_span_ns":5120.000,"event_status":0}],"cuda_sum_ns":15360.000}
{"schema":"riley.owned-graph-diagnostic.v1","kind":"read","capture_id":2,"replay_id":71,"host_read_bytes":98344,"host_read_ns":5126}
{"schema":"riley.owned-graph-diagnostic.v1","kind":"replay","capture_id":2,"replay_id":72,"position":134,"host_staging_bytes":98344,"event_setup_ns":331,"host_staging_ns":1629,"host_launch_ns":10965,"host_wait_ns":1879597,"cuda_graph_span_ns":1887776.017,"event_status":0,"launch_status":0,"completion_status":0}
{"schema":"riley.decode-operator-diagnostic.v1","kind":"operation","capture_id":2,"replay_id":72,"position":134,"operator":"down","launch_status":0,"completion_status":0,"intervals":[{"layer":0,"cuda_span_ns":5120.000,"event_status":0},{"layer":15,"cuda_span_ns":6144.000,"event_status":0},{"layer":29,"cuda_span_ns":5120.000,"event_status":0}],"cuda_sum_ns":16384.000}
{"schema":"riley.owned-graph-diagnostic.v1","kind":"read","capture_id":2,"replay_id":72,"host_read_bytes":98344,"host_read_ns":4737}
{"schema":"riley.owned-graph-diagnostic.v1","kind":"replay","capture_id":2,"replay_id":73,"position":135,"host_staging_bytes":98344,"event_setup_ns":360,"host_staging_ns":1627,"host_launch_ns":10942,"host_wait_ns":1879205,"cuda_graph_span_ns":1887359.977,"event_status":0,"launch_status":0,"completion_status":0}
{"schema":"riley.decode-operator-diagnostic.v1","kind":"operation","capture_id":2,"replay_id":73,"position":135,"operator":"down","launch_status":0,"completion_status":0,"intervals":[{"layer":0,"cuda_span_ns":5120.000,"event_status":0},{"layer":15,"cuda_span_ns":6144.000,"event_status":0},{"layer":29,"cuda_span_ns":5120.000,"event_status":0}],"cuda_sum_ns":16384.000}
{"schema":"riley.owned-graph-diagnostic.v1","kind":"read","capture_id":2,"replay_id":73,"host_read_bytes":98344,"host_read_ns":5699}
{"schema":"riley.owned-graph-diagnostic.v1","kind":"replay","capture_id":2,"replay_id":74,"position":136,"host_staging_bytes":98344,"event_setup_ns":306,"host_staging_ns":1593,"host_launch_ns":10922,"host_wait_ns":1919299,"cuda_graph_span_ns":1927456.021,"event_status":0,"launch_status":0,"completion_status":0}
{"schema":"riley.decode-operator-diagnostic.v1","kind":"operation","capture_id":2,"replay_id":74,"position":136,"operator":"down","launch_status":0,"completion_status":0,"intervals":[{"layer":0,"cuda_span_ns":5120.000,"event_status":0},{"layer":15,"cuda_span_ns":6144.000,"event_status":0},{"layer":29,"cuda_span_ns":5120.000,"event_status":0}],"cuda_sum_ns":16384.000}
{"schema":"riley.owned-graph-diagnostic.v1","kind":"read","capture_id":2,"replay_id":74,"host_read_bytes":98344,"host_read_ns":4926}
{"schema":"riley.owned-graph-diagnostic.v1","kind":"replay","capture_id":2,"replay_id":75,"position":137,"host_staging_bytes":98344,"event_setup_ns":328,"host_staging_ns":1639,"host_launch_ns":10980,"host_wait_ns":1926200,"cuda_graph_span_ns":1934751.987,"event_status":0,"launch_status":0,"completion_status":0}
{"schema":"riley.decode-operator-diagnostic.v1","kind":"operation","capture_id":2,"replay_id":75,"position":137,"operator":"down","launch_status":0,"completion_status":0,"intervals":[{"layer":0,"cuda_span_ns":6144.000,"event_status":0},{"layer":15,"cuda_span_ns":6144.000,"event_status":0},{"layer":29,"cuda_span_ns":5120.000,"event_status":0}],"cuda_sum_ns":17408.000}
{"schema":"riley.owned-graph-diagnostic.v1","kind":"read","capture_id":2,"replay_id":75,"host_read_bytes":98344,"host_read_ns":4933}
{"schema":"riley.owned-graph-diagnostic.v1","kind":"replay","capture_id":2,"replay_id":76,"position":138,"host_staging_bytes":98344,"event_setup_ns":377,"host_staging_ns":1590,"host_launch_ns":11050,"host_wait_ns":1935979,"cuda_graph_span_ns":1944607.973,"event_status":0,"launch_status":0,"completion_status":0}
{"schema":"riley.decode-operator-diagnostic.v1","kind":"operation","capture_id":2,"replay_id":76,"position":138,"operator":"down","launch_status":0,"completion_status":0,"intervals":[{"layer":0,"cuda_span_ns":5120.000,"event_status":0},{"layer":15,"cuda_span_ns":6144.000,"event_status":0},{"layer":29,"cuda_span_ns":5120.000,"event_status":0}],"cuda_sum_ns":16384.000}
{"schema":"riley.owned-graph-diagnostic.v1","kind":"read","capture_id":2,"replay_id":76,"host_read_bytes":98344,"host_read_ns":5662}
{"schema":"riley.owned-graph-diagnostic.v1","kind":"replay","capture_id":2,"replay_id":77,"position":139,"host_staging_bytes":98344,"event_setup_ns":371,"host_staging_ns":1571,"host_launch_ns":10954,"host_wait_ns":1935063,"cuda_graph_span_ns":1943232.059,"event_status":0,"launch_status":0,"completion_status":0}
{"schema":"riley.decode-operator-diagnostic.v1","kind":"operation","capture_id":2,"replay_id":77,"position":139,"operator":"down","launch_status":0,"completion_status":0,"intervals":[{"layer":0,"cuda_span_ns":5120.000,"event_status":0},{"layer":15,"cuda_span_ns":6144.000,"event_status":0},{"layer":29,"cuda_span_ns":5120.000,"event_status":0}],"cuda_sum_ns":16384.000}
{"schema":"riley.owned-graph-diagnostic.v1","kind":"read","capture_id":2,"replay_id":77,"host_read_bytes":98344,"host_read_ns":4919}
{"schema":"riley.owned-graph-diagnostic.v1","kind":"replay","capture_id":2,"replay_id":78,"position":140,"host_staging_bytes":98344,"event_setup_ns":368,"host_staging_ns":1556,"host_launch_ns":10710,"host_wait_ns":1936651,"cuda_graph_span_ns":1944800.019,"event_status":0,"launch_status":0,"completion_status":0}
{"schema":"riley.decode-operator-diagnostic.v1","kind":"operation","capture_id":2,"replay_id":78,"position":140,"operator":"down","launch_status":0,"completion_status":0,"intervals":[{"layer":0,"cuda_span_ns":6144.000,"event_status":0},{"layer":15,"cuda_span_ns":6144.000,"event_status":0},{"layer":29,"cuda_span_ns":5120.000,"event_status":0}],"cuda_sum_ns":17408.000}
{"schema":"riley.owned-graph-diagnostic.v1","kind":"read","capture_id":2,"replay_id":78,"host_read_bytes":98344,"host_read_ns":5188}
{"schema":"riley.owned-graph-diagnostic.v1","kind":"replay","capture_id":2,"replay_id":79,"position":141,"host_staging_bytes":98344,"event_setup_ns":291,"host_staging_ns":1638,"host_launch_ns":10853,"host_wait_ns":1935391,"cuda_graph_span_ns":1943711.996,"event_status":0,"launch_status":0,"completion_status":0}
{"schema":"riley.decode-operator-diagnostic.v1","kind":"operation","capture_id":2,"replay_id":79,"position":141,"operator":"down","launch_status":0,"completion_status":0,"intervals":[{"layer":0,"cuda_span_ns":5120.000,"event_status":0},{"layer":15,"cuda_span_ns":5120.000,"event_status":0},{"layer":29,"cuda_span_ns":5120.000,"event_status":0}],"cuda_sum_ns":15360.000}
{"schema":"riley.owned-graph-diagnostic.v1","kind":"read","capture_id":2,"replay_id":79,"host_read_bytes":98344,"host_read_ns":4900}
{"schema":"riley.owned-graph-diagnostic.v1","kind":"replay","capture_id":2,"replay_id":80,"position":142,"host_staging_bytes":98344,"event_setup_ns":363,"host_staging_ns":1577,"host_launch_ns":10970,"host_wait_ns":1935476,"cuda_graph_span_ns":1943647.981,"event_status":0,"launch_status":0,"completion_status":0}
{"schema":"riley.decode-operator-diagnostic.v1","kind":"operation","capture_id":2,"replay_id":80,"position":142,"operator":"down","launch_status":0,"completion_status":0,"intervals":[{"layer":0,"cuda_span_ns":5120.000,"event_status":0},{"layer":15,"cuda_span_ns":6144.000,"event_status":0},{"layer":29,"cuda_span_ns":5120.000,"event_status":0}],"cuda_sum_ns":16384.000}
{"schema":"riley.owned-graph-diagnostic.v1","kind":"read","capture_id":2,"replay_id":80,"host_read_bytes":98344,"host_read_ns":5356}
{"schema":"riley.owned-graph-diagnostic.v1","kind":"replay","capture_id":2,"replay_id":81,"position":143,"host_staging_bytes":98344,"event_setup_ns":384,"host_staging_ns":1560,"host_launch_ns":11304,"host_wait_ns":1925245,"cuda_graph_span_ns":1933791.995,"event_status":0,"launch_status":0,"completion_status":0}
{"schema":"riley.decode-operator-diagnostic.v1","kind":"operation","capture_id":2,"replay_id":81,"position":143,"operator":"down","launch_status":0,"completion_status":0,"intervals":[{"layer":0,"cuda_span_ns":5120.000,"event_status":0},{"layer":15,"cuda_span_ns":5120.000,"event_status":0},{"layer":29,"cuda_span_ns":6144.000,"event_status":0}],"cuda_sum_ns":16384.000}
{"schema":"riley.owned-graph-diagnostic.v1","kind":"read","capture_id":2,"replay_id":81,"host_read_bytes":98344,"host_read_ns":5067}
{"schema":"riley.owned-graph-diagnostic.v1","kind":"replay","capture_id":2,"replay_id":82,"position":144,"host_staging_bytes":98344,"event_setup_ns":360,"host_staging_ns":1568,"host_launch_ns":10621,"host_wait_ns":1992062,"cuda_graph_span_ns":2000288.010,"event_status":0,"launch_status":0,"completion_status":0}
{"schema":"riley.decode-operator-diagnostic.v1","kind":"operation","capture_id":2,"replay_id":82,"position":144,"operator":"down","launch_status":0,"completion_status":0,"intervals":[{"layer":0,"cuda_span_ns":6144.000,"event_status":0},{"layer":15,"cuda_span_ns":5120.000,"event_status":0},{"layer":29,"cuda_span_ns":5120.000,"event_status":0}],"cuda_sum_ns":16384.000}
{"schema":"riley.owned-graph-diagnostic.v1","kind":"read","capture_id":2,"replay_id":82,"host_read_bytes":98344,"host_read_ns":4876}
{"schema":"riley.owned-graph-diagnostic.v1","kind":"replay","capture_id":2,"replay_id":83,"position":145,"host_staging_bytes":98344,"event_setup_ns":297,"host_staging_ns":1595,"host_launch_ns":10931,"host_wait_ns":1998457,"cuda_graph_span_ns":2006848.097,"event_status":0,"launch_status":0,"completion_status":0}
{"schema":"riley.decode-operator-diagnostic.v1","kind":"operation","capture_id":2,"replay_id":83,"position":145,"operator":"down","launch_status":0,"completion_status":0,"intervals":[{"layer":0,"cuda_span_ns":5120.000,"event_status":0},{"layer":15,"cuda_span_ns":5120.000,"event_status":0},{"layer":29,"cuda_span_ns":5120.000,"event_status":0}],"cuda_sum_ns":15360.000}
{"schema":"riley.owned-graph-diagnostic.v1","kind":"read","capture_id":2,"replay_id":83,"host_read_bytes":98344,"host_read_ns":4886}
{"schema":"riley.owned-graph-diagnostic.v1","kind":"replay","capture_id":2,"replay_id":84,"position":146,"host_staging_bytes":98344,"event_setup_ns":366,"host_staging_ns":1588,"host_launch_ns":10753,"host_wait_ns":2000389,"cuda_graph_span_ns":2008543.968,"event_status":0,"launch_status":0,"completion_status":0}
{"schema":"riley.decode-operator-diagnostic.v1","kind":"operation","capture_id":2,"replay_id":84,"position":146,"operator":"down","launch_status":0,"completion_status":0,"intervals":[{"layer":0,"cuda_span_ns":6144.000,"event_status":0},{"layer":15,"cuda_span_ns":6144.000,"event_status":0},{"layer":29,"cuda_span_ns":6144.000,"event_status":0}],"cuda_sum_ns":18432.001}
{"schema":"riley.owned-graph-diagnostic.v1","kind":"read","capture_id":2,"replay_id":84,"host_read_bytes":98344,"host_read_ns":4545}
{"schema":"riley.owned-graph-diagnostic.v1","kind":"replay","capture_id":2,"replay_id":85,"position":147,"host_staging_bytes":98344,"event_setup_ns":349,"host_staging_ns":1556,"host_launch_ns":11216,"host_wait_ns":2007999,"cuda_graph_span_ns":2016671.896,"event_status":0,"launch_status":0,"completion_status":0}
{"schema":"riley.decode-operator-diagnostic.v1","kind":"operation","capture_id":2,"replay_id":85,"position":147,"operator":"down","launch_status":0,"completion_status":0,"intervals":[{"layer":0,"cuda_span_ns":6144.000,"event_status":0},{"layer":15,"cuda_span_ns":5120.000,"event_status":0},{"layer":29,"cuda_span_ns":5120.000,"event_status":0}],"cuda_sum_ns":16384.000}
{"schema":"riley.owned-graph-diagnostic.v1","kind":"read","capture_id":2,"replay_id":85,"host_read_bytes":98344,"host_read_ns":4779}
{"schema":"riley.owned-graph-diagnostic.v1","kind":"replay","capture_id":2,"replay_id":86,"position":148,"host_staging_bytes":98344,"event_setup_ns":319,"host_staging_ns":1615,"host_launch_ns":11072,"host_wait_ns":2009695,"cuda_graph_span_ns":2018336.058,"event_status":0,"launch_status":0,"completion_status":0}
{"schema":"riley.decode-operator-diagnostic.v1","kind":"operation","capture_id":2,"replay_id":86,"position":148,"operator":"down","launch_status":0,"completion_status":0,"intervals":[{"layer":0,"cuda_span_ns":6144.000,"event_status":0},{"layer":15,"cuda_span_ns":5120.000,"event_status":0},{"layer":29,"cuda_span_ns":5120.000,"event_status":0}],"cuda_sum_ns":16384.000}
{"schema":"riley.owned-graph-diagnostic.v1","kind":"read","capture_id":2,"replay_id":86,"host_read_bytes":98344,"host_read_ns":5174}
{"schema":"riley.owned-graph-diagnostic.v1","kind":"replay","capture_id":2,"replay_id":87,"position":149,"host_staging_bytes":98344,"event_setup_ns":302,"host_staging_ns":1599,"host_launch_ns":11335,"host_wait_ns":2009234,"cuda_graph_span_ns":2017920.017,"event_status":0,"launch_status":0,"completion_status":0}
{"schema":"riley.decode-operator-diagnostic.v1","kind":"operation","capture_id":2,"replay_id":87,"position":149,"operator":"down","launch_status":0,"completion_status":0,"intervals":[{"layer":0,"cuda_span_ns":6144.000,"event_status":0},{"layer":15,"cuda_span_ns":5120.000,"event_status":0},{"layer":29,"cuda_span_ns":6144.000,"event_status":0}],"cuda_sum_ns":17408.000}
{"schema":"riley.owned-graph-diagnostic.v1","kind":"read","capture_id":2,"replay_id":87,"host_read_bytes":98344,"host_read_ns":4979}
{"schema":"riley.owned-graph-diagnostic.v1","kind":"replay","capture_id":2,"replay_id":88,"position":150,"host_staging_bytes":98344,"event_setup_ns":330,"host_staging_ns":1592,"host_launch_ns":10865,"host_wait_ns":2010599,"cuda_graph_span_ns":2018944.025,"event_status":0,"launch_status":0,"completion_status":0}
{"schema":"riley.decode-operator-diagnostic.v1","kind":"operation","capture_id":2,"replay_id":88,"position":150,"operator":"down","launch_status":0,"completion_status":0,"intervals":[{"layer":0,"cuda_span_ns":5120.000,"event_status":0},{"layer":15,"cuda_span_ns":6144.000,"event_status":0},{"layer":29,"cuda_span_ns":5120.000,"event_status":0}],"cuda_sum_ns":16384.000}
{"schema":"riley.owned-graph-diagnostic.v1","kind":"read","capture_id":2,"replay_id":88,"host_read_bytes":98344,"host_read_ns":5017}
{"schema":"riley.owned-graph-diagnostic.v1","kind":"replay","capture_id":2,"replay_id":89,"position":151,"host_staging_bytes":98344,"event_setup_ns":323,"host_staging_ns":1576,"host_launch_ns":11137,"host_wait_ns":2010512,"cuda_graph_span_ns":2018784.046,"event_status":0,"launch_status":0,"completion_status":0}
{"schema":"riley.decode-operator-diagnostic.v1","kind":"operation","capture_id":2,"replay_id":89,"position":151,"operator":"down","launch_status":0,"completion_status":0,"intervals":[{"layer":0,"cuda_span_ns":5120.000,"event_status":0},{"layer":15,"cuda_span_ns":6144.000,"event_status":0},{"layer":29,"cuda_span_ns":5120.000,"event_status":0}],"cuda_sum_ns":16384.000}
{"schema":"riley.owned-graph-diagnostic.v1","kind":"read","capture_id":2,"replay_id":89,"host_read_bytes":98344,"host_read_ns":4579}
{"schema":"riley.owned-graph-diagnostic.v1","kind":"replay","capture_id":2,"replay_id":90,"position":152,"host_staging_bytes":98344,"event_setup_ns":323,"host_staging_ns":1553,"host_launch_ns":11132,"host_wait_ns":2044817,"cuda_graph_span_ns":2053247.929,"event_status":0,"launch_status":0,"completion_status":0}
{"schema":"riley.decode-operator-diagnostic.v1","kind":"operation","capture_id":2,"replay_id":90,"position":152,"operator":"down","launch_status":0,"completion_status":0,"intervals":[{"layer":0,"cuda_span_ns":6144.000,"event_status":0},{"layer":15,"cuda_span_ns":6144.000,"event_status":0},{"layer":29,"cuda_span_ns":5120.000,"event_status":0}],"cuda_sum_ns":17408.000}
{"schema":"riley.owned-graph-diagnostic.v1","kind":"read","capture_id":2,"replay_id":90,"host_read_bytes":98344,"host_read_ns":5572}
{"schema":"riley.owned-graph-diagnostic.v1","kind":"replay","capture_id":2,"replay_id":91,"position":153,"host_staging_bytes":98344,"event_setup_ns":480,"host_staging_ns":1602,"host_launch_ns":11573,"host_wait_ns":2060174,"cuda_graph_span_ns":2068928.003,"event_status":0,"launch_status":0,"completion_status":0}
{"schema":"riley.decode-operator-diagnostic.v1","kind":"operation","capture_id":2,"replay_id":91,"position":153,"operator":"down","launch_status":0,"completion_status":0,"intervals":[{"layer":0,"cuda_span_ns":6144.000,"event_status":0},{"layer":15,"cuda_span_ns":5120.000,"event_status":0},{"layer":29,"cuda_span_ns":5120.000,"event_status":0}],"cuda_sum_ns":16384.000}
{"schema":"riley.owned-graph-diagnostic.v1","kind":"read","capture_id":2,"replay_id":91,"host_read_bytes":98344,"host_read_ns":5364}
{"schema":"riley.owned-graph-diagnostic.v1","kind":"replay","capture_id":2,"replay_id":92,"position":154,"host_staging_bytes":98344,"event_setup_ns":512,"host_staging_ns":1605,"host_launch_ns":10875,"host_wait_ns":2056179,"cuda_graph_span_ns":2064512.014,"event_status":0,"launch_status":0,"completion_status":0}
{"schema":"riley.decode-operator-diagnostic.v1","kind":"operation","capture_id":2,"replay_id":92,"position":154,"operator":"down","launch_status":0,"completion_status":0,"intervals":[{"layer":0,"cuda_span_ns":5120.000,"event_status":0},{"layer":15,"cuda_span_ns":6144.000,"event_status":0},{"layer":29,"cuda_span_ns":5120.000,"event_status":0}],"cuda_sum_ns":16384.000}
{"schema":"riley.owned-graph-diagnostic.v1","kind":"read","capture_id":2,"replay_id":92,"host_read_bytes":98344,"host_read_ns":4741}
{"schema":"riley.owned-graph-diagnostic.v1","kind":"replay","capture_id":2,"replay_id":93,"position":155,"host_staging_bytes":98344,"event_setup_ns":290,"host_staging_ns":1580,"host_launch_ns":11066,"host_wait_ns":2056971,"cuda_graph_span_ns":2065376.043,"event_status":0,"launch_status":0,"completion_status":0}
{"schema":"riley.decode-operator-diagnostic.v1","kind":"operation","capture_id":2,"replay_id":93,"position":155,"operator":"down","launch_status":0,"completion_status":0,"intervals":[{"layer":0,"cuda_span_ns":5120.000,"event_status":0},{"layer":15,"cuda_span_ns":6144.000,"event_status":0},{"layer":29,"cuda_span_ns":5120.000,"event_status":0}],"cuda_sum_ns":16384.000}
{"schema":"riley.owned-graph-diagnostic.v1","kind":"read","capture_id":2,"replay_id":93,"host_read_bytes":98344,"host_read_ns":4625}
{"schema":"riley.owned-graph-diagnostic.v1","kind":"replay","capture_id":2,"replay_id":94,"position":156,"host_staging_bytes":98344,"event_setup_ns":333,"host_staging_ns":1561,"host_launch_ns":10751,"host_wait_ns":2057661,"cuda_graph_span_ns":2065984.011,"event_status":0,"launch_status":0,"completion_status":0}
{"schema":"riley.decode-operator-diagnostic.v1","kind":"operation","capture_id":2,"replay_id":94,"position":156,"operator":"down","launch_status":0,"completion_status":0,"intervals":[{"layer":0,"cuda_span_ns":5120.000,"event_status":0},{"layer":15,"cuda_span_ns":6144.000,"event_status":0},{"layer":29,"cuda_span_ns":5120.000,"event_status":0}],"cuda_sum_ns":16384.000}
{"schema":"riley.owned-graph-diagnostic.v1","kind":"read","capture_id":2,"replay_id":94,"host_read_bytes":98344,"host_read_ns":4706}
{"schema":"riley.owned-graph-diagnostic.v1","kind":"replay","capture_id":2,"replay_id":95,"position":157,"host_staging_bytes":98344,"event_setup_ns":405,"host_staging_ns":1575,"host_launch_ns":10762,"host_wait_ns":2058830,"cuda_graph_span_ns":2067104.101,"event_status":0,"launch_status":0,"completion_status":0}
{"schema":"riley.decode-operator-diagnostic.v1","kind":"operation","capture_id":2,"replay_id":95,"position":157,"operator":"down","launch_status":0,"completion_status":0,"intervals":[{"layer":0,"cuda_span_ns":6144.000,"event_status":0},{"layer":15,"cuda_span_ns":6144.000,"event_status":0},{"layer":29,"cuda_span_ns":5120.000,"event_status":0}],"cuda_sum_ns":17408.000}
{"schema":"riley.owned-graph-diagnostic.v1","kind":"read","capture_id":2,"replay_id":95,"host_read_bytes":98344,"host_read_ns":4873}
{"schema":"riley.owned-graph-diagnostic.v1","kind":"replay","capture_id":2,"replay_id":96,"position":158,"host_staging_bytes":98344,"event_setup_ns":433,"host_staging_ns":1576,"host_launch_ns":11372,"host_wait_ns":2065903,"cuda_graph_span_ns":2074784.040,"event_status":0,"launch_status":0,"completion_status":0}
{"schema":"riley.decode-operator-diagnostic.v1","kind":"operation","capture_id":2,"replay_id":96,"position":158,"operator":"down","launch_status":0,"completion_status":0,"intervals":[{"layer":0,"cuda_span_ns":6144.000,"event_status":0},{"layer":15,"cuda_span_ns":5120.000,"event_status":0},{"layer":29,"cuda_span_ns":5120.000,"event_status":0}],"cuda_sum_ns":16384.000}
{"schema":"riley.owned-graph-diagnostic.v1","kind":"read","capture_id":2,"replay_id":96,"host_read_bytes":98344,"host_read_ns":4474}
{"schema":"riley.owned-graph-diagnostic.v1","kind":"replay","capture_id":1,"replay_id":97,"position":127,"host_staging_bytes":98344,"event_setup_ns":3325,"host_staging_ns":2117,"host_launch_ns":15316,"host_wait_ns":13671885,"cuda_graph_span_ns":13684384.346,"event_status":0,"launch_status":0,"completion_status":0}
{"schema":"riley.owned-graph-diagnostic.v1","kind":"read","capture_id":1,"replay_id":97,"host_read_bytes":98344,"host_read_ns":7551}
{"schema":"riley.owned-graph-diagnostic.v1","kind":"replay","capture_id":2,"replay_id":98,"position":128,"host_staging_bytes":98344,"event_setup_ns":725,"host_staging_ns":1761,"host_launch_ns":18402,"host_wait_ns":2201670,"cuda_graph_span_ns":2217119.932,"event_status":0,"launch_status":0,"completion_status":0}
{"schema":"riley.decode-operator-diagnostic.v1","kind":"operation","capture_id":2,"replay_id":98,"position":128,"operator":"down","launch_status":0,"completion_status":0,"intervals":[{"layer":0,"cuda_span_ns":6144.000,"event_status":0},{"layer":15,"cuda_span_ns":6144.000,"event_status":0},{"layer":29,"cuda_span_ns":5120.000,"event_status":0}],"cuda_sum_ns":17408.000}
{"schema":"riley.owned-graph-diagnostic.v1","kind":"read","capture_id":2,"replay_id":98,"host_read_bytes":98344,"host_read_ns":4956}
{"schema":"riley.owned-graph-diagnostic.v1","kind":"replay","capture_id":2,"replay_id":99,"position":129,"host_staging_bytes":98344,"event_setup_ns":543,"host_staging_ns":1571,"host_launch_ns":11175,"host_wait_ns":1879670,"cuda_graph_span_ns":1888543.963,"event_status":0,"launch_status":0,"completion_status":0}
{"schema":"riley.decode-operator-diagnostic.v1","kind":"operation","capture_id":2,"replay_id":99,"position":129,"operator":"down","launch_status":0,"completion_status":0,"intervals":[{"layer":0,"cuda_span_ns":5120.000,"event_status":0},{"layer":15,"cuda_span_ns":5120.000,"event_status":0},{"layer":29,"cuda_span_ns":5120.000,"event_status":0}],"cuda_sum_ns":15360.000}
{"schema":"riley.owned-graph-diagnostic.v1","kind":"read","capture_id":2,"replay_id":99,"host_read_bytes":98344,"host_read_ns":5541}
{"schema":"riley.owned-graph-diagnostic.v1","kind":"replay","capture_id":2,"replay_id":100,"position":130,"host_staging_bytes":98344,"event_setup_ns":543,"host_staging_ns":1598,"host_launch_ns":11250,"host_wait_ns":1880486,"cuda_graph_span_ns":1888960.004,"event_status":0,"launch_status":0,"completion_status":0}
{"schema":"riley.decode-operator-diagnostic.v1","kind":"operation","capture_id":2,"replay_id":100,"position":130,"operator":"down","launch_status":0,"completion_status":0,"intervals":[{"layer":0,"cuda_span_ns":6144.000,"event_status":0},{"layer":15,"cuda_span_ns":6144.000,"event_status":0},{"layer":29,"cuda_span_ns":5120.000,"event_status":0}],"cuda_sum_ns":17408.000}
{"schema":"riley.owned-graph-diagnostic.v1","kind":"read","capture_id":2,"replay_id":100,"host_read_bytes":98344,"host_read_ns":4905}
{"schema":"riley.owned-graph-diagnostic.v1","kind":"replay","capture_id":2,"replay_id":101,"position":131,"host_staging_bytes":98344,"event_setup_ns":410,"host_staging_ns":1559,"host_launch_ns":10809,"host_wait_ns":1879010,"cuda_graph_span_ns":1887168.050,"event_status":0,"launch_status":0,"completion_status":0}
{"schema":"riley.decode-operator-diagnostic.v1","kind":"operation","capture_id":2,"replay_id":101,"position":131,"operator":"down","launch_status":0,"completion_status":0,"intervals":[{"layer":0,"cuda_span_ns":5120.000,"event_status":0},{"layer":15,"cuda_span_ns":6144.000,"event_status":0},{"layer":29,"cuda_span_ns":5120.000,"event_status":0}],"cuda_sum_ns":16384.000}
{"schema":"riley.owned-graph-diagnostic.v1","kind":"read","capture_id":2,"replay_id":101,"host_read_bytes":98344,"host_read_ns":7331}
{"schema":"riley.owned-graph-diagnostic.v1","kind":"replay","capture_id":2,"replay_id":102,"position":132,"host_staging_bytes":98344,"event_setup_ns":590,"host_staging_ns":1583,"host_launch_ns":11344,"host_wait_ns":1877797,"cuda_graph_span_ns":1886464.000,"event_status":0,"launch_status":0,"completion_status":0}
{"schema":"riley.decode-operator-diagnostic.v1","kind":"operation","capture_id":2,"replay_id":102,"position":132,"operator":"down","launch_status":0,"completion_status":0,"intervals":[{"layer":0,"cuda_span_ns":5120.000,"event_status":0},{"layer":15,"cuda_span_ns":6144.000,"event_status":0},{"layer":29,"cuda_span_ns":5120.000,"event_status":0}],"cuda_sum_ns":16384.000}
{"schema":"riley.owned-graph-diagnostic.v1","kind":"read","capture_id":2,"replay_id":102,"host_read_bytes":98344,"host_read_ns":4796}
{"schema":"riley.owned-graph-diagnostic.v1","kind":"replay","capture_id":2,"replay_id":103,"position":133,"host_staging_bytes":98344,"event_setup_ns":423,"host_staging_ns":1559,"host_launch_ns":11364,"host_wait_ns":1884823,"cuda_graph_span_ns":1893632.054,"event_status":0,"launch_status":0,"completion_status":0}
{"schema":"riley.decode-operator-diagnostic.v1","kind":"operation","capture_id":2,"replay_id":103,"position":133,"operator":"down","launch_status":0,"completion_status":0,"intervals":[{"layer":0,"cuda_span_ns":6144.000,"event_status":0},{"layer":15,"cuda_span_ns":6144.000,"event_status":0},{"layer":29,"cuda_span_ns":5120.000,"event_status":0}],"cuda_sum_ns":17408.000}
{"schema":"riley.owned-graph-diagnostic.v1","kind":"read","capture_id":2,"replay_id":103,"host_read_bytes":98344,"host_read_ns":4866}
{"schema":"riley.owned-graph-diagnostic.v1","kind":"replay","capture_id":2,"replay_id":104,"position":134,"host_staging_bytes":98344,"event_setup_ns":364,"host_staging_ns":1583,"host_launch_ns":11057,"host_wait_ns":1877304,"cuda_graph_span_ns":1885856.032,"event_status":0,"launch_status":0,"completion_status":0}
{"schema":"riley.decode-operator-diagnostic.v1","kind":"operation","capture_id":2,"replay_id":104,"position":134,"operator":"down","launch_status":0,"completion_status":0,"intervals":[{"layer":0,"cuda_span_ns":6144.000,"event_status":0},{"layer":15,"cuda_span_ns":6144.000,"event_status":0},{"layer":29,"cuda_span_ns":6144.000,"event_status":0}],"cuda_sum_ns":18432.001}
{"schema":"riley.owned-graph-diagnostic.v1","kind":"read","capture_id":2,"replay_id":104,"host_read_bytes":98344,"host_read_ns":4731}
{"schema":"riley.owned-graph-diagnostic.v1","kind":"replay","capture_id":2,"replay_id":105,"position":135,"host_staging_bytes":98344,"event_setup_ns":427,"host_staging_ns":1604,"host_launch_ns":10917,"host_wait_ns":1875704,"cuda_graph_span_ns":1883967.996,"event_status":0,"launch_status":0,"completion_status":0}
{"schema":"riley.decode-operator-diagnostic.v1","kind":"operation","capture_id":2,"replay_id":105,"position":135,"operator":"down","launch_status":0,"completion_status":0,"intervals":[{"layer":0,"cuda_span_ns":5120.000,"event_status":0},{"layer":15,"cuda_span_ns":5120.000,"event_status":0},{"layer":29,"cuda_span_ns":5120.000,"event_status":0}],"cuda_sum_ns":15360.000}
{"schema":"riley.owned-graph-diagnostic.v1","kind":"read","capture_id":2,"replay_id":105,"host_read_bytes":98344,"host_read_ns":5133}
{"schema":"riley.owned-graph-diagnostic.v1","kind":"replay","capture_id":2,"replay_id":106,"position":136,"host_staging_bytes":98344,"event_setup_ns":293,"host_staging_ns":1560,"host_launch_ns":10854,"host_wait_ns":1917720,"cuda_graph_span_ns":1926048.040,"event_status":0,"launch_status":0,"completion_status":0}
{"schema":"riley.decode-operator-diagnostic.v1","kind":"operation","capture_id":2,"replay_id":106,"position":136,"operator":"down","launch_status":0,"completion_status":0,"intervals":[{"layer":0,"cuda_span_ns":6144.000,"event_status":0},{"layer":15,"cuda_span_ns":6144.000,"event_status":0},{"layer":29,"cuda_span_ns":5120.000,"event_status":0}],"cuda_sum_ns":17408.000}
{"schema":"riley.owned-graph-diagnostic.v1","kind":"read","capture_id":2,"replay_id":106,"host_read_bytes":98344,"host_read_ns":4984}
{"schema":"riley.owned-graph-diagnostic.v1","kind":"replay","capture_id":2,"replay_id":107,"position":137,"host_staging_bytes":98344,"event_setup_ns":405,"host_staging_ns":1548,"host_launch_ns":10855,"host_wait_ns":1933258,"cuda_graph_span_ns":1941759.944,"event_status":0,"launch_status":0,"completion_status":0}
{"schema":"riley.decode-operator-diagnostic.v1","kind":"operation","capture_id":2,"replay_id":107,"position":137,"operator":"down","launch_status":0,"completion_status":0,"intervals":[{"layer":0,"cuda_span_ns":5120.000,"event_status":0},{"layer":15,"cuda_span_ns":6144.000,"event_status":0},{"layer":29,"cuda_span_ns":5120.000,"event_status":0}],"cuda_sum_ns":16384.000}
{"schema":"riley.owned-graph-diagnostic.v1","kind":"read","capture_id":2,"replay_id":107,"host_read_bytes":98344,"host_read_ns":4757}
{"schema":"riley.owned-graph-diagnostic.v1","kind":"replay","capture_id":2,"replay_id":108,"position":138,"host_staging_bytes":98344,"event_setup_ns":310,"host_staging_ns":1589,"host_launch_ns":11136,"host_wait_ns":1926533,"cuda_graph_span_ns":1935199.976,"event_status":0,"launch_status":0,"completion_status":0}
{"schema":"riley.decode-operator-diagnostic.v1","kind":"operation","capture_id":2,"replay_id":108,"position":138,"operator":"down","launch_status":0,"completion_status":0,"intervals":[{"layer":0,"cuda_span_ns":5120.000,"event_status":0},{"layer":15,"cuda_span_ns":5120.000,"event_status":0},{"layer":29,"cuda_span_ns":5120.000,"event_status":0}],"cuda_sum_ns":15360.000}
{"schema":"riley.owned-graph-diagnostic.v1","kind":"read","capture_id":2,"replay_id":108,"host_read_bytes":98344,"host_read_ns":5234}
{"schema":"riley.owned-graph-diagnostic.v1","kind":"replay","capture_id":2,"replay_id":109,"position":139,"host_staging_bytes":98344,"event_setup_ns":396,"host_staging_ns":1579,"host_launch_ns":10948,"host_wait_ns":1934526,"cuda_graph_span_ns":1942847.967,"event_status":0,"launch_status":0,"completion_status":0}
{"schema":"riley.decode-operator-diagnostic.v1","kind":"operation","capture_id":2,"replay_id":109,"position":139,"operator":"down","launch_status":0,"completion_status":0,"intervals":[{"layer":0,"cuda_span_ns":5120.000,"event_status":0},{"layer":15,"cuda_span_ns":6144.000,"event_status":0},{"layer":29,"cuda_span_ns":5120.000,"event_status":0}],"cuda_sum_ns":16384.000}
{"schema":"riley.owned-graph-diagnostic.v1","kind":"read","capture_id":2,"replay_id":109,"host_read_bytes":98344,"host_read_ns":4705}
{"schema":"riley.owned-graph-diagnostic.v1","kind":"replay","capture_id":2,"replay_id":110,"position":140,"host_staging_bytes":98344,"event_setup_ns":362,"host_staging_ns":1595,"host_launch_ns":10750,"host_wait_ns":1933690,"cuda_graph_span_ns":1941984.057,"event_status":0,"launch_status":0,"completion_status":0}
{"schema":"riley.decode-operator-diagnostic.v1","kind":"operation","capture_id":2,"replay_id":110,"position":140,"operator":"down","launch_status":0,"completion_status":0,"intervals":[{"layer":0,"cuda_span_ns":5120.000,"event_status":0},{"layer":15,"cuda_span_ns":5120.000,"event_status":0},{"layer":29,"cuda_span_ns":5120.000,"event_status":0}],"cuda_sum_ns":15360.000}
{"schema":"riley.owned-graph-diagnostic.v1","kind":"read","capture_id":2,"replay_id":110,"host_read_bytes":98344,"host_read_ns":4928}
{"schema":"riley.owned-graph-diagnostic.v1","kind":"replay","capture_id":2,"replay_id":111,"position":141,"host_staging_bytes":98344,"event_setup_ns":441,"host_staging_ns":1568,"host_launch_ns":11088,"host_wait_ns":1936394,"cuda_graph_span_ns":1944959.998,"event_status":0,"launch_status":0,"completion_status":0}
{"schema":"riley.decode-operator-diagnostic.v1","kind":"operation","capture_id":2,"replay_id":111,"position":141,"operator":"down","launch_status":0,"completion_status":0,"intervals":[{"layer":0,"cuda_span_ns":6144.000,"event_status":0},{"layer":15,"cuda_span_ns":6144.000,"event_status":0},{"layer":29,"cuda_span_ns":5120.000,"event_status":0}],"cuda_sum_ns":17408.000}
{"schema":"riley.owned-graph-diagnostic.v1","kind":"read","capture_id":2,"replay_id":111,"host_read_bytes":98344,"host_read_ns":5256}
{"schema":"riley.owned-graph-diagnostic.v1","kind":"replay","capture_id":2,"replay_id":112,"position":142,"host_staging_bytes":98344,"event_setup_ns":368,"host_staging_ns":1561,"host_launch_ns":11168,"host_wait_ns":1934861,"cuda_graph_span_ns":1943328.023,"event_status":0,"launch_status":0,"completion_status":0}
{"schema":"riley.decode-operator-diagnostic.v1","kind":"operation","capture_id":2,"replay_id":112,"position":142,"operator":"down","launch_status":0,"completion_status":0,"intervals":[{"layer":0,"cuda_span_ns":6144.000,"event_status":0},{"layer":15,"cuda_span_ns":6144.000,"event_status":0},{"layer":29,"cuda_span_ns":5120.000,"event_status":0}],"cuda_sum_ns":17408.000}
{"schema":"riley.owned-graph-diagnostic.v1","kind":"read","capture_id":2,"replay_id":112,"host_read_bytes":98344,"host_read_ns":4648}
{"schema":"riley.owned-graph-diagnostic.v1","kind":"replay","capture_id":2,"replay_id":113,"position":143,"host_staging_bytes":98344,"event_setup_ns":299,"host_staging_ns":1576,"host_launch_ns":10725,"host_wait_ns":1927826,"cuda_graph_span_ns":1935807.943,"event_status":0,"launch_status":0,"completion_status":0}
{"schema":"riley.decode-operator-diagnostic.v1","kind":"operation","capture_id":2,"replay_id":113,"position":143,"operator":"down","launch_status":0,"completion_status":0,"intervals":[{"layer":0,"cuda_span_ns":5120.000,"event_status":0},{"layer":15,"cuda_span_ns":5120.000,"event_status":0},{"layer":29,"cuda_span_ns":5120.000,"event_status":0}],"cuda_sum_ns":15360.000}
{"schema":"riley.owned-graph-diagnostic.v1","kind":"read","capture_id":2,"replay_id":113,"host_read_bytes":98344,"host_read_ns":5060}
{"schema":"riley.owned-graph-diagnostic.v1","kind":"replay","capture_id":2,"replay_id":114,"position":144,"host_staging_bytes":98344,"event_setup_ns":300,"host_staging_ns":1555,"host_launch_ns":10786,"host_wait_ns":1992346,"cuda_graph_span_ns":2000479.937,"event_status":0,"launch_status":0,"completion_status":0}
{"schema":"riley.decode-operator-diagnostic.v1","kind":"operation","capture_id":2,"replay_id":114,"position":144,"operator":"down","launch_status":0,"completion_status":0,"intervals":[{"layer":0,"cuda_span_ns":5120.000,"event_status":0},{"layer":15,"cuda_span_ns":5120.000,"event_status":0},{"layer":29,"cuda_span_ns":5120.000,"event_status":0}],"cuda_sum_ns":15360.000}
{"schema":"riley.owned-graph-diagnostic.v1","kind":"read","capture_id":2,"replay_id":114,"host_read_bytes":98344,"host_read_ns":4848}
{"schema":"riley.owned-graph-diagnostic.v1","kind":"replay","capture_id":2,"replay_id":115,"position":145,"host_staging_bytes":98344,"event_setup_ns":305,"host_staging_ns":1563,"host_launch_ns":11074,"host_wait_ns":2008384,"cuda_graph_span_ns":2016639.948,"event_status":0,"launch_status":0,"completion_status":0}
{"schema":"riley.decode-operator-diagnostic.v1","kind":"operation","capture_id":2,"replay_id":115,"position":145,"operator":"down","launch_status":0,"completion_status":0,"intervals":[{"layer":0,"cuda_span_ns":5120.000,"event_status":0},{"layer":15,"cuda_span_ns":6144.000,"event_status":0},{"layer":29,"cuda_span_ns":5120.000,"event_status":0}],"cuda_sum_ns":16384.000}
{"schema":"riley.owned-graph-diagnostic.v1","kind":"read","capture_id":2,"replay_id":115,"host_read_bytes":98344,"host_read_ns":5646}
{"schema":"riley.owned-graph-diagnostic.v1","kind":"replay","capture_id":2,"replay_id":116,"position":146,"host_staging_bytes":98344,"event_setup_ns":305,"host_staging_ns":1660,"host_launch_ns":11604,"host_wait_ns":1998890,"cuda_graph_span_ns":2007839.918,"event_status":0,"launch_status":0,"completion_status":0}
{"schema":"riley.decode-operator-diagnostic.v1","kind":"operation","capture_id":2,"replay_id":116,"position":146,"operator":"down","launch_status":0,"completion_status":0,"intervals":[{"layer":0,"cuda_span_ns":5120.000,"event_status":0},{"layer":15,"cuda_span_ns":6144.000,"event_status":0},{"layer":29,"cuda_span_ns":5120.000,"event_status":0}],"cuda_sum_ns":16384.000}
{"schema":"riley.owned-graph-diagnostic.v1","kind":"read","capture_id":2,"replay_id":116,"host_read_bytes":98344,"host_read_ns":5044}
{"schema":"riley.owned-graph-diagnostic.v1","kind":"replay","capture_id":2,"replay_id":117,"position":147,"host_staging_bytes":98344,"event_setup_ns":325,"host_staging_ns":1577,"host_launch_ns":10717,"host_wait_ns":2007135,"cuda_graph_span_ns":2015136.003,"event_status":0,"launch_status":0,"completion_status":0}
{"schema":"riley.decode-operator-diagnostic.v1","kind":"operation","capture_id":2,"replay_id":117,"position":147,"operator":"down","launch_status":0,"completion_status":0,"intervals":[{"layer":0,"cuda_span_ns":5120.000,"event_status":0},{"layer":15,"cuda_span_ns":6144.000,"event_status":0},{"layer":29,"cuda_span_ns":5120.000,"event_status":0}],"cuda_sum_ns":16384.000}
{"schema":"riley.owned-graph-diagnostic.v1","kind":"read","capture_id":2,"replay_id":117,"host_read_bytes":98344,"host_read_ns":4562}
{"schema":"riley.owned-graph-diagnostic.v1","kind":"replay","capture_id":2,"replay_id":118,"position":148,"host_staging_bytes":98344,"event_setup_ns":298,"host_staging_ns":1574,"host_launch_ns":10838,"host_wait_ns":2000296,"cuda_graph_span_ns":2008671.999,"event_status":0,"launch_status":0,"completion_status":0}
{"schema":"riley.decode-operator-diagnostic.v1","kind":"operation","capture_id":2,"replay_id":118,"position":148,"operator":"down","launch_status":0,"completion_status":0,"intervals":[{"layer":0,"cuda_span_ns":5120.000,"event_status":0},{"layer":15,"cuda_span_ns":6144.000,"event_status":0},{"layer":29,"cuda_span_ns":5120.000,"event_status":0}],"cuda_sum_ns":16384.000}
{"schema":"riley.owned-graph-diagnostic.v1","kind":"read","capture_id":2,"replay_id":118,"host_read_bytes":98344,"host_read_ns":4883}
{"schema":"riley.owned-graph-diagnostic.v1","kind":"replay","capture_id":2,"replay_id":119,"position":149,"host_staging_bytes":98344,"event_setup_ns":405,"host_staging_ns":1573,"host_launch_ns":11207,"host_wait_ns":2008318,"cuda_graph_span_ns":2017087.936,"event_status":0,"launch_status":0,"completion_status":0}
{"schema":"riley.decode-operator-diagnostic.v1","kind":"operation","capture_id":2,"replay_id":119,"position":149,"operator":"down","launch_status":0,"completion_status":0,"intervals":[{"layer":0,"cuda_span_ns":5120.000,"event_status":0},{"layer":15,"cuda_span_ns":6144.000,"event_status":0},{"layer":29,"cuda_span_ns":6144.000,"event_status":0}],"cuda_sum_ns":17408.000}
{"schema":"riley.owned-graph-diagnostic.v1","kind":"read","capture_id":2,"replay_id":119,"host_read_bytes":98344,"host_read_ns":4777}
{"schema":"riley.owned-graph-diagnostic.v1","kind":"replay","capture_id":2,"replay_id":120,"position":150,"host_staging_bytes":98344,"event_setup_ns":309,"host_staging_ns":1584,"host_launch_ns":11130,"host_wait_ns":2008217,"cuda_graph_span_ns":2016896.009,"event_status":0,"launch_status":0,"completion_status":0}
{"schema":"riley.decode-operator-diagnostic.v1","kind":"operation","capture_id":2,"replay_id":120,"position":150,"operator":"down","launch_status":0,"completion_status":0,"intervals":[{"layer":0,"cuda_span_ns":6144.000,"event_status":0},{"layer":15,"cuda_span_ns":5120.000,"event_status":0},{"layer":29,"cuda_span_ns":5120.000,"event_status":0}],"cuda_sum_ns":16384.000}
{"schema":"riley.owned-graph-diagnostic.v1","kind":"read","capture_id":2,"replay_id":120,"host_read_bytes":98344,"host_read_ns":5086}
{"schema":"riley.owned-graph-diagnostic.v1","kind":"replay","capture_id":2,"replay_id":121,"position":151,"host_staging_bytes":98344,"event_setup_ns":298,"host_staging_ns":1571,"host_launch_ns":10986,"host_wait_ns":2008344,"cuda_graph_span_ns":2016832.113,"event_status":0,"launch_status":0,"completion_status":0}
{"schema":"riley.decode-operator-diagnostic.v1","kind":"operation","capture_id":2,"replay_id":121,"position":151,"operator":"down","launch_status":0,"completion_status":0,"intervals":[{"layer":0,"cuda_span_ns":6144.000,"event_status":0},{"layer":15,"cuda_span_ns":6144.000,"event_status":0},{"layer":29,"cuda_span_ns":5120.000,"event_status":0}],"cuda_sum_ns":17408.000}
{"schema":"riley.owned-graph-diagnostic.v1","kind":"read","capture_id":2,"replay_id":121,"host_read_bytes":98344,"host_read_ns":4581}
{"schema":"riley.owned-graph-diagnostic.v1","kind":"replay","capture_id":2,"replay_id":122,"position":152,"host_staging_bytes":98344,"event_setup_ns":371,"host_staging_ns":1591,"host_launch_ns":10960,"host_wait_ns":2048192,"cuda_graph_span_ns":2056607.962,"event_status":0,"launch_status":0,"completion_status":0}
{"schema":"riley.decode-operator-diagnostic.v1","kind":"operation","capture_id":2,"replay_id":122,"position":152,"operator":"down","launch_status":0,"completion_status":0,"intervals":[{"layer":0,"cuda_span_ns":5120.000,"event_status":0},{"layer":15,"cuda_span_ns":5120.000,"event_status":0},{"layer":29,"cuda_span_ns":5120.000,"event_status":0}],"cuda_sum_ns":15360.000}
{"schema":"riley.owned-graph-diagnostic.v1","kind":"read","capture_id":2,"replay_id":122,"host_read_bytes":98344,"host_read_ns":4792}
{"schema":"riley.owned-graph-diagnostic.v1","kind":"replay","capture_id":2,"replay_id":123,"position":153,"host_staging_bytes":98344,"event_setup_ns":358,"host_staging_ns":1562,"host_launch_ns":11013,"host_wait_ns":2057764,"cuda_graph_span_ns":2066335.917,"event_status":0,"launch_status":0,"completion_status":0}
{"schema":"riley.decode-operator-diagnostic.v1","kind":"operation","capture_id":2,"replay_id":123,"position":153,"operator":"down","launch_status":0,"completion_status":0,"intervals":[{"layer":0,"cuda_span_ns":5120.000,"event_status":0},{"layer":15,"cuda_span_ns":6144.000,"event_status":0},{"layer":29,"cuda_span_ns":5120.000,"event_status":0}],"cuda_sum_ns":16384.000}
{"schema":"riley.owned-graph-diagnostic.v1","kind":"read","capture_id":2,"replay_id":123,"host_read_bytes":98344,"host_read_ns":4675}
{"schema":"riley.owned-graph-diagnostic.v1","kind":"replay","capture_id":2,"replay_id":124,"position":154,"host_staging_bytes":98344,"event_setup_ns":391,"host_staging_ns":1558,"host_launch_ns":11137,"host_wait_ns":2057732,"cuda_graph_span_ns":2066368.103,"event_status":0,"launch_status":0,"completion_status":0}
{"schema":"riley.decode-operator-diagnostic.v1","kind":"operation","capture_id":2,"replay_id":124,"position":154,"operator":"down","launch_status":0,"completion_status":0,"intervals":[{"layer":0,"cuda_span_ns":5120.000,"event_status":0},{"layer":15,"cuda_span_ns":5120.000,"event_status":0},{"layer":29,"cuda_span_ns":5120.000,"event_status":0}],"cuda_sum_ns":15360.000}
{"schema":"riley.owned-graph-diagnostic.v1","kind":"read","capture_id":2,"replay_id":124,"host_read_bytes":98344,"host_read_ns":4902}
{"schema":"riley.owned-graph-diagnostic.v1","kind":"replay","capture_id":2,"replay_id":125,"position":155,"host_staging_bytes":98344,"event_setup_ns":608,"host_staging_ns":1596,"host_launch_ns":10968,"host_wait_ns":2059231,"cuda_graph_span_ns":2067679.882,"event_status":0,"launch_status":0,"completion_status":0}
{"schema":"riley.decode-operator-diagnostic.v1","kind":"operation","capture_id":2,"replay_id":125,"position":155,"operator":"down","launch_status":0,"completion_status":0,"intervals":[{"layer":0,"cuda_span_ns":5120.000,"event_status":0},{"layer":15,"cuda_span_ns":5120.000,"event_status":0},{"layer":29,"cuda_span_ns":5120.000,"event_status":0}],"cuda_sum_ns":15360.000}
{"schema":"riley.owned-graph-diagnostic.v1","kind":"read","capture_id":2,"replay_id":125,"host_read_bytes":98344,"host_read_ns":5118}
{"schema":"riley.owned-graph-diagnostic.v1","kind":"replay","capture_id":2,"replay_id":126,"position":156,"host_staging_bytes":98344,"event_setup_ns":290,"host_staging_ns":1609,"host_launch_ns":11450,"host_wait_ns":2057486,"cuda_graph_span_ns":2066303.968,"event_status":0,"launch_status":0,"completion_status":0}
{"schema":"riley.decode-operator-diagnostic.v1","kind":"operation","capture_id":2,"replay_id":126,"position":156,"operator":"down","launch_status":0,"completion_status":0,"intervals":[{"layer":0,"cuda_span_ns":5120.000,"event_status":0},{"layer":15,"cuda_span_ns":6144.000,"event_status":0},{"layer":29,"cuda_span_ns":5120.000,"event_status":0}],"cuda_sum_ns":16384.000}
{"schema":"riley.owned-graph-diagnostic.v1","kind":"read","capture_id":2,"replay_id":126,"host_read_bytes":98344,"host_read_ns":5174}
{"schema":"riley.owned-graph-diagnostic.v1","kind":"replay","capture_id":2,"replay_id":127,"position":157,"host_staging_bytes":98344,"event_setup_ns":439,"host_staging_ns":1597,"host_launch_ns":10997,"host_wait_ns":2066112,"cuda_graph_span_ns":2074559.927,"event_status":0,"launch_status":0,"completion_status":0}
{"schema":"riley.decode-operator-diagnostic.v1","kind":"operation","capture_id":2,"replay_id":127,"position":157,"operator":"down","launch_status":0,"completion_status":0,"intervals":[{"layer":0,"cuda_span_ns":5120.000,"event_status":0},{"layer":15,"cuda_span_ns":5120.000,"event_status":0},{"layer":29,"cuda_span_ns":5120.000,"event_status":0}],"cuda_sum_ns":15360.000}
{"schema":"riley.owned-graph-diagnostic.v1","kind":"read","capture_id":2,"replay_id":127,"host_read_bytes":98344,"host_read_ns":4563}
{"schema":"riley.owned-graph-diagnostic.v1","kind":"replay","capture_id":2,"replay_id":128,"position":158,"host_staging_bytes":98344,"event_setup_ns":307,"host_staging_ns":1579,"host_launch_ns":10998,"host_wait_ns":2056682,"cuda_graph_span_ns":2065151.930,"event_status":0,"launch_status":0,"completion_status":0}
{"schema":"riley.decode-operator-diagnostic.v1","kind":"operation","capture_id":2,"replay_id":128,"position":158,"operator":"down","launch_status":0,"completion_status":0,"intervals":[{"layer":0,"cuda_span_ns":6144.000,"event_status":0},{"layer":15,"cuda_span_ns":5120.000,"event_status":0},{"layer":29,"cuda_span_ns":5120.000,"event_status":0}],"cuda_sum_ns":16384.000}
{"schema":"riley.owned-graph-diagnostic.v1","kind":"read","capture_id":2,"replay_id":128,"host_read_bytes":98344,"host_read_ns":4733}
{"schema":"riley.owned-graph-diagnostic.v1","kind":"replay","capture_id":1,"replay_id":129,"position":127,"host_staging_bytes":98344,"event_setup_ns":3729,"host_staging_ns":2013,"host_launch_ns":15110,"host_wait_ns":13678235,"cuda_graph_span_ns":13690176.010,"event_status":0,"launch_status":0,"completion_status":0}
{"schema":"riley.owned-graph-diagnostic.v1","kind":"read","capture_id":1,"replay_id":129,"host_read_bytes":98344,"host_read_ns":7079}
{"schema":"riley.owned-graph-diagnostic.v1","kind":"replay","capture_id":2,"replay_id":130,"position":128,"host_staging_bytes":98344,"event_setup_ns":772,"host_staging_ns":1921,"host_launch_ns":16919,"host_wait_ns":2205787,"cuda_graph_span_ns":2219743.967,"event_status":0,"launch_status":0,"completion_status":0}
{"schema":"riley.decode-operator-diagnostic.v1","kind":"operation","capture_id":2,"replay_id":130,"position":128,"operator":"down","launch_status":0,"completion_status":0,"intervals":[{"layer":0,"cuda_span_ns":6144.000,"event_status":0},{"layer":15,"cuda_span_ns":6144.000,"event_status":0},{"layer":29,"cuda_span_ns":4096.000,"event_status":0}],"cuda_sum_ns":16384.000}
{"schema":"riley.owned-graph-diagnostic.v1","kind":"read","capture_id":2,"replay_id":130,"host_read_bytes":98344,"host_read_ns":5842}
{"schema":"riley.owned-graph-diagnostic.v1","kind":"replay","capture_id":2,"replay_id":131,"position":129,"host_staging_bytes":98344,"event_setup_ns":573,"host_staging_ns":1568,"host_launch_ns":11079,"host_wait_ns":1878300,"cuda_graph_span_ns":1886783.957,"event_status":0,"launch_status":0,"completion_status":0}
{"schema":"riley.decode-operator-diagnostic.v1","kind":"operation","capture_id":2,"replay_id":131,"position":129,"operator":"down","launch_status":0,"completion_status":0,"intervals":[{"layer":0,"cuda_span_ns":5120.000,"event_status":0},{"layer":15,"cuda_span_ns":6144.000,"event_status":0},{"layer":29,"cuda_span_ns":5120.000,"event_status":0}],"cuda_sum_ns":16384.000}
{"schema":"riley.owned-graph-diagnostic.v1","kind":"read","capture_id":2,"replay_id":131,"host_read_bytes":98344,"host_read_ns":5567}
{"schema":"riley.owned-graph-diagnostic.v1","kind":"replay","capture_id":2,"replay_id":132,"position":130,"host_staging_bytes":98344,"event_setup_ns":750,"host_staging_ns":1622,"host_launch_ns":11023,"host_wait_ns":1876803,"cuda_graph_span_ns":1885375.977,"event_status":0,"launch_status":0,"completion_status":0}
{"schema":"riley.decode-operator-diagnostic.v1","kind":"operation","capture_id":2,"replay_id":132,"position":130,"operator":"down","launch_status":0,"completion_status":0,"intervals":[{"layer":0,"cuda_span_ns":6144.000,"event_status":0},{"layer":15,"cuda_span_ns":6144.000,"event_status":0},{"layer":29,"cuda_span_ns":5120.000,"event_status":0}],"cuda_sum_ns":17408.000}
{"schema":"riley.owned-graph-diagnostic.v1","kind":"read","capture_id":2,"replay_id":132,"host_read_bytes":98344,"host_read_ns":5509}
{"schema":"riley.owned-graph-diagnostic.v1","kind":"replay","capture_id":2,"replay_id":133,"position":131,"host_staging_bytes":98344,"event_setup_ns":460,"host_staging_ns":1626,"host_launch_ns":10959,"host_wait_ns":1877898,"cuda_graph_span_ns":1886144.042,"event_status":0,"launch_status":0,"completion_status":0}
{"schema":"riley.decode-operator-diagnostic.v1","kind":"operation","capture_id":2,"replay_id":133,"position":131,"operator":"down","launch_status":0,"completion_status":0,"intervals":[{"layer":0,"cuda_span_ns":6144.000,"event_status":0},{"layer":15,"cuda_span_ns":6144.000,"event_status":0},{"layer":29,"cuda_span_ns":5120.000,"event_status":0}],"cuda_sum_ns":17408.000}
{"schema":"riley.owned-graph-diagnostic.v1","kind":"read","capture_id":2,"replay_id":133,"host_read_bytes":98344,"host_read_ns":5176}
{"schema":"riley.owned-graph-diagnostic.v1","kind":"replay","capture_id":2,"replay_id":134,"position":132,"host_staging_bytes":98344,"event_setup_ns":492,"host_staging_ns":1583,"host_launch_ns":11033,"host_wait_ns":1877706,"cuda_graph_span_ns":1886271.954,"event_status":0,"launch_status":0,"completion_status":0}
{"schema":"riley.decode-operator-diagnostic.v1","kind":"operation","capture_id":2,"replay_id":134,"position":132,"operator":"down","launch_status":0,"completion_status":0,"intervals":[{"layer":0,"cuda_span_ns":6144.000,"event_status":0},{"layer":15,"cuda_span_ns":5120.000,"event_status":0},{"layer":29,"cuda_span_ns":5120.000,"event_status":0}],"cuda_sum_ns":16384.000}
{"schema":"riley.owned-graph-diagnostic.v1","kind":"read","capture_id":2,"replay_id":134,"host_read_bytes":98344,"host_read_ns":4838}
{"schema":"riley.owned-graph-diagnostic.v1","kind":"replay","capture_id":2,"replay_id":135,"position":133,"host_staging_bytes":98344,"event_setup_ns":340,"host_staging_ns":1571,"host_launch_ns":10804,"host_wait_ns":1884390,"cuda_graph_span_ns":1892799.973,"event_status":0,"launch_status":0,"completion_status":0}
{"schema":"riley.decode-operator-diagnostic.v1","kind":"operation","capture_id":2,"replay_id":135,"position":133,"operator":"down","launch_status":0,"completion_status":0,"intervals":[{"layer":0,"cuda_span_ns":6144.000,"event_status":0},{"layer":15,"cuda_span_ns":6144.000,"event_status":0},{"layer":29,"cuda_span_ns":6144.000,"event_status":0}],"cuda_sum_ns":18432.001}
{"schema":"riley.owned-graph-diagnostic.v1","kind":"read","capture_id":2,"replay_id":135,"host_read_bytes":98344,"host_read_ns":5596}
{"schema":"riley.owned-graph-diagnostic.v1","kind":"replay","capture_id":2,"replay_id":136,"position":134,"host_staging_bytes":98344,"event_setup_ns":580,"host_staging_ns":1590,"host_launch_ns":10596,"host_wait_ns":1879852,"cuda_graph_span_ns":1887871.981,"event_status":0,"launch_status":0,"completion_status":0}
{"schema":"riley.decode-operator-diagnostic.v1","kind":"operation","capture_id":2,"replay_id":136,"position":134,"operator":"down","launch_status":0,"completion_status":0,"intervals":[{"layer":0,"cuda_span_ns":5120.000,"event_status":0},{"layer":15,"cuda_span_ns":6144.000,"event_status":0},{"layer":29,"cuda_span_ns":5120.000,"event_status":0}],"cuda_sum_ns":16384.000}
{"schema":"riley.owned-graph-diagnostic.v1","kind":"read","capture_id":2,"replay_id":136,"host_read_bytes":98344,"host_read_ns":5261}
{"schema":"riley.owned-graph-diagnostic.v1","kind":"replay","capture_id":2,"replay_id":137,"position":135,"host_staging_bytes":98344,"event_setup_ns":397,"host_staging_ns":1594,"host_launch_ns":11374,"host_wait_ns":1877204,"cuda_graph_span_ns":1885663.986,"event_status":0,"launch_status":0,"completion_status":0}
{"schema":"riley.decode-operator-diagnostic.v1","kind":"operation","capture_id":2,"replay_id":137,"position":135,"operator":"down","launch_status":0,"completion_status":0,"intervals":[{"layer":0,"cuda_span_ns":6144.000,"event_status":0},{"layer":15,"cuda_span_ns":6144.000,"event_status":0},{"layer":29,"cuda_span_ns":5120.000,"event_status":0}],"cuda_sum_ns":17408.000}
{"schema":"riley.owned-graph-diagnostic.v1","kind":"read","capture_id":2,"replay_id":137,"host_read_bytes":98344,"host_read_ns":5030}
{"schema":"riley.owned-graph-diagnostic.v1","kind":"replay","capture_id":2,"replay_id":138,"position":136,"host_staging_bytes":98344,"event_setup_ns":363,"host_staging_ns":1604,"host_launch_ns":10682,"host_wait_ns":1920783,"cuda_graph_span_ns":1928928.018,"event_status":0,"launch_status":0,"completion_status":0}
{"schema":"riley.decode-operator-diagnostic.v1","kind":"operation","capture_id":2,"replay_id":138,"position":136,"operator":"down","launch_status":0,"completion_status":0,"intervals":[{"layer":0,"cuda_span_ns":6144.000,"event_status":0},{"layer":15,"cuda_span_ns":5120.000,"event_status":0},{"layer":29,"cuda_span_ns":5120.000,"event_status":0}],"cuda_sum_ns":16384.000}
{"schema":"riley.owned-graph-diagnostic.v1","kind":"read","capture_id":2,"replay_id":138,"host_read_bytes":98344,"host_read_ns":4926}
{"schema":"riley.owned-graph-diagnostic.v1","kind":"replay","capture_id":2,"replay_id":139,"position":137,"host_staging_bytes":98344,"event_setup_ns":555,"host_staging_ns":1584,"host_launch_ns":11277,"host_wait_ns":1928362,"cuda_graph_span_ns":1936928.034,"event_status":0,"launch_status":0,"completion_status":0}
{"schema":"riley.decode-operator-diagnostic.v1","kind":"operation","capture_id":2,"replay_id":139,"position":137,"operator":"down","launch_status":0,"completion_status":0,"intervals":[{"layer":0,"cuda_span_ns":6144.000,"event_status":0},{"layer":15,"cuda_span_ns":5120.000,"event_status":0},{"layer":29,"cuda_span_ns":6144.000,"event_status":0}],"cuda_sum_ns":17408.000}
{"schema":"riley.owned-graph-diagnostic.v1","kind":"read","capture_id":2,"replay_id":139,"host_read_bytes":98344,"host_read_ns":5197}
{"schema":"riley.owned-graph-diagnostic.v1","kind":"replay","capture_id":2,"replay_id":140,"position":138,"host_staging_bytes":98344,"event_setup_ns":299,"host_staging_ns":1578,"host_launch_ns":13700,"host_wait_ns":1925406,"cuda_graph_span_ns":1936607.957,"event_status":0,"launch_status":0,"completion_status":0}
{"schema":"riley.decode-operator-diagnostic.v1","kind":"operation","capture_id":2,"replay_id":140,"position":138,"operator":"down","launch_status":0,"completion_status":0,"intervals":[{"layer":0,"cuda_span_ns":6144.000,"event_status":0},{"layer":15,"cuda_span_ns":5120.000,"event_status":0},{"layer":29,"cuda_span_ns":5120.000,"event_status":0}],"cuda_sum_ns":16384.000}
{"schema":"riley.owned-graph-diagnostic.v1","kind":"read","capture_id":2,"replay_id":140,"host_read_bytes":98344,"host_read_ns":4785}
{"schema":"riley.owned-graph-diagnostic.v1","kind":"replay","capture_id":2,"replay_id":141,"position":139,"host_staging_bytes":98344,"event_setup_ns":316,"host_staging_ns":1614,"host_launch_ns":11573,"host_wait_ns":1933300,"cuda_graph_span_ns":1942271.948,"event_status":0,"launch_status":0,"completion_status":0}
{"schema":"riley.decode-operator-diagnostic.v1","kind":"operation","capture_id":2,"replay_id":141,"position":139,"operator":"down","launch_status":0,"completion_status":0,"intervals":[{"layer":0,"cuda_span_ns":5120.000,"event_status":0},{"layer":15,"cuda_span_ns":5120.000,"event_status":0},{"layer":29,"cuda_span_ns":5120.000,"event_status":0}],"cuda_sum_ns":15360.000}
{"schema":"riley.owned-graph-diagnostic.v1","kind":"read","capture_id":2,"replay_id":141,"host_read_bytes":98344,"host_read_ns":5094}
{"schema":"riley.owned-graph-diagnostic.v1","kind":"replay","capture_id":2,"replay_id":142,"position":140,"host_staging_bytes":98344,"event_setup_ns":557,"host_staging_ns":1630,"host_launch_ns":11808,"host_wait_ns":1934762,"cuda_graph_span_ns":1944416.046,"event_status":0,"launch_status":0,"completion_status":0}
{"schema":"riley.decode-operator-diagnostic.v1","kind":"operation","capture_id":2,"replay_id":142,"position":140,"operator":"down","launch_status":0,"completion_status":0,"intervals":[{"layer":0,"cuda_span_ns":5120.000,"event_status":0},{"layer":15,"cuda_span_ns":5120.000,"event_status":0},{"layer":29,"cuda_span_ns":5120.000,"event_status":0}],"cuda_sum_ns":15360.000}
{"schema":"riley.owned-graph-diagnostic.v1","kind":"read","capture_id":2,"replay_id":142,"host_read_bytes":98344,"host_read_ns":5316}
{"schema":"riley.owned-graph-diagnostic.v1","kind":"replay","capture_id":2,"replay_id":143,"position":141,"host_staging_bytes":98344,"event_setup_ns":377,"host_staging_ns":1574,"host_launch_ns":11067,"host_wait_ns":1933983,"cuda_graph_span_ns":1942687.988,"event_status":0,"launch_status":0,"completion_status":0}
{"schema":"riley.decode-operator-diagnostic.v1","kind":"operation","capture_id":2,"replay_id":143,"position":141,"operator":"down","launch_status":0,"completion_status":0,"intervals":[{"layer":0,"cuda_span_ns":5120.000,"event_status":0},{"layer":15,"cuda_span_ns":6144.000,"event_status":0},{"layer":29,"cuda_span_ns":5120.000,"event_status":0}],"cuda_sum_ns":16384.000}
{"schema":"riley.owned-graph-diagnostic.v1","kind":"read","capture_id":2,"replay_id":143,"host_read_bytes":98344,"host_read_ns":5022}
{"schema":"riley.owned-graph-diagnostic.v1","kind":"replay","capture_id":2,"replay_id":144,"position":142,"host_staging_bytes":98344,"event_setup_ns":329,"host_staging_ns":1584,"host_launch_ns":11036,"host_wait_ns":1935091,"cuda_graph_span_ns":1943519.950,"event_status":0,"launch_status":0,"completion_status":0}
{"schema":"riley.decode-operator-diagnostic.v1","kind":"operation","capture_id":2,"replay_id":144,"position":142,"operator":"down","launch_status":0,"completion_status":0,"intervals":[{"layer":0,"cuda_span_ns":5120.000,"event_status":0},{"layer":15,"cuda_span_ns":6144.000,"event_status":0},{"layer":29,"cuda_span_ns":5120.000,"event_status":0}],"cuda_sum_ns":16384.000}
{"schema":"riley.owned-graph-diagnostic.v1","kind":"read","capture_id":2,"replay_id":144,"host_read_bytes":98344,"host_read_ns":4675}
{"schema":"riley.owned-graph-diagnostic.v1","kind":"replay","capture_id":2,"replay_id":145,"position":143,"host_staging_bytes":98344,"event_setup_ns":441,"host_staging_ns":1597,"host_launch_ns":11221,"host_wait_ns":1933362,"cuda_graph_span_ns":1941951.990,"event_status":0,"launch_status":0,"completion_status":0}
{"schema":"riley.decode-operator-diagnostic.v1","kind":"operation","capture_id":2,"replay_id":145,"position":143,"operator":"down","launch_status":0,"completion_status":0,"intervals":[{"layer":0,"cuda_span_ns":5120.000,"event_status":0},{"layer":15,"cuda_span_ns":5120.000,"event_status":0},{"layer":29,"cuda_span_ns":5120.000,"event_status":0}],"cuda_sum_ns":15360.000}
{"schema":"riley.owned-graph-diagnostic.v1","kind":"read","capture_id":2,"replay_id":145,"host_read_bytes":98344,"host_read_ns":4768}
{"schema":"riley.owned-graph-diagnostic.v1","kind":"replay","capture_id":2,"replay_id":146,"position":144,"host_staging_bytes":98344,"event_setup_ns":302,"host_staging_ns":1578,"host_launch_ns":11335,"host_wait_ns":1992236,"cuda_graph_span_ns":2001055.956,"event_status":0,"launch_status":0,"completion_status":0}
{"schema":"riley.decode-operator-diagnostic.v1","kind":"operation","capture_id":2,"replay_id":146,"position":144,"operator":"down","launch_status":0,"completion_status":0,"intervals":[{"layer":0,"cuda_span_ns":5120.000,"event_status":0},{"layer":15,"cuda_span_ns":5120.000,"event_status":0},{"layer":29,"cuda_span_ns":5120.000,"event_status":0}],"cuda_sum_ns":15360.000}
{"schema":"riley.owned-graph-diagnostic.v1","kind":"read","capture_id":2,"replay_id":146,"host_read_bytes":98344,"host_read_ns":4903}
{"schema":"riley.owned-graph-diagnostic.v1","kind":"replay","capture_id":2,"replay_id":147,"position":145,"host_staging_bytes":98344,"event_setup_ns":376,"host_staging_ns":1568,"host_launch_ns":11493,"host_wait_ns":1999793,"cuda_graph_span_ns":2008671.999,"event_status":0,"launch_status":0,"completion_status":0}
{"schema":"riley.decode-operator-diagnostic.v1","kind":"operation","capture_id":2,"replay_id":147,"position":145,"operator":"down","launch_status":0,"completion_status":0,"intervals":[{"layer":0,"cuda_span_ns":5120.000,"event_status":0},{"layer":15,"cuda_span_ns":5120.000,"event_status":0},{"layer":29,"cuda_span_ns":5120.000,"event_status":0}],"cuda_sum_ns":15360.000}
{"schema":"riley.owned-graph-diagnostic.v1","kind":"read","capture_id":2,"replay_id":147,"host_read_bytes":98344,"host_read_ns":5174}
{"schema":"riley.owned-graph-diagnostic.v1","kind":"replay","capture_id":2,"replay_id":148,"position":146,"host_staging_bytes":98344,"event_setup_ns":420,"host_staging_ns":1701,"host_launch_ns":11250,"host_wait_ns":2000188,"cuda_graph_span_ns":2008991.957,"event_status":0,"launch_status":0,"completion_status":0}
{"schema":"riley.decode-operator-diagnostic.v1","kind":"operation","capture_id":2,"replay_id":148,"position":146,"operator":"down","launch_status":0,"completion_status":0,"intervals":[{"layer":0,"cuda_span_ns":6144.000,"event_status":0},{"layer":15,"cuda_span_ns":6144.000,"event_status":0},{"layer":29,"cuda_span_ns":5120.000,"event_status":0}],"cuda_sum_ns":17408.000}
{"schema":"riley.owned-graph-diagnostic.v1","kind":"read","capture_id":2,"replay_id":148,"host_read_bytes":98344,"host_read_ns":5275}
{"schema":"riley.owned-graph-diagnostic.v1","kind":"replay","capture_id":2,"replay_id":149,"position":147,"host_staging_bytes":98344,"event_setup_ns":456,"host_staging_ns":1565,"host_launch_ns":11244,"host_wait_ns":2008599,"cuda_graph_span_ns":2017247.915,"event_status":0,"launch_status":0,"completion_status":0}
{"schema":"riley.decode-operator-diagnostic.v1","kind":"operation","capture_id":2,"replay_id":149,"position":147,"operator":"down","launch_status":0,"completion_status":0,"intervals":[{"layer":0,"cuda_span_ns":6144.000,"event_status":0},{"layer":15,"cuda_span_ns":5120.000,"event_status":0},{"layer":29,"cuda_span_ns":5120.000,"event_status":0}],"cuda_sum_ns":16384.000}
{"schema":"riley.owned-graph-diagnostic.v1","kind":"read","capture_id":2,"replay_id":149,"host_read_bytes":98344,"host_read_ns":5191}
{"schema":"riley.owned-graph-diagnostic.v1","kind":"replay","capture_id":2,"replay_id":150,"position":148,"host_staging_bytes":98344,"event_setup_ns":360,"host_staging_ns":1588,"host_launch_ns":11219,"host_wait_ns":2001412,"cuda_graph_span_ns":2010112.047,"event_status":0,"launch_status":0,"completion_status":0}
{"schema":"riley.decode-operator-diagnostic.v1","kind":"operation","capture_id":2,"replay_id":150,"position":148,"operator":"down","launch_status":0,"completion_status":0,"intervals":[{"layer":0,"cuda_span_ns":6144.000,"event_status":0},{"layer":15,"cuda_span_ns":5120.000,"event_status":0},{"layer":29,"cuda_span_ns":6144.000,"event_status":0}],"cuda_sum_ns":17408.000}
{"schema":"riley.owned-graph-diagnostic.v1","kind":"read","capture_id":2,"replay_id":150,"host_read_bytes":98344,"host_read_ns":4972}
{"schema":"riley.owned-graph-diagnostic.v1","kind":"replay","capture_id":2,"replay_id":151,"position":149,"host_staging_bytes":98344,"event_setup_ns":381,"host_staging_ns":1564,"host_launch_ns":11433,"host_wait_ns":2010043,"cuda_graph_span_ns":2019007.921,"event_status":0,"launch_status":0,"completion_status":0}
{"schema":"riley.decode-operator-diagnostic.v1","kind":"operation","capture_id":2,"replay_id":151,"position":149,"operator":"down","launch_status":0,"completion_status":0,"intervals":[{"layer":0,"cuda_span_ns":5120.000,"event_status":0},{"layer":15,"cuda_span_ns":5120.000,"event_status":0},{"layer":29,"cuda_span_ns":5120.000,"event_status":0}],"cuda_sum_ns":15360.000}
{"schema":"riley.owned-graph-diagnostic.v1","kind":"read","capture_id":2,"replay_id":151,"host_read_bytes":98344,"host_read_ns":5374}
{"schema":"riley.owned-graph-diagnostic.v1","kind":"replay","capture_id":2,"replay_id":152,"position":150,"host_staging_bytes":98344,"event_setup_ns":436,"host_staging_ns":1563,"host_launch_ns":11032,"host_wait_ns":2007248,"cuda_graph_span_ns":2015647.888,"event_status":0,"launch_status":0,"completion_status":0}
{"schema":"riley.decode-operator-diagnostic.v1","kind":"operation","capture_id":2,"replay_id":152,"position":150,"operator":"down","launch_status":0,"completion_status":0,"intervals":[{"layer":0,"cuda_span_ns":5120.000,"event_status":0},{"layer":15,"cuda_span_ns":6144.000,"event_status":0},{"layer":29,"cuda_span_ns":5120.000,"event_status":0}],"cuda_sum_ns":16384.000}
{"schema":"riley.owned-graph-diagnostic.v1","kind":"read","capture_id":2,"replay_id":152,"host_read_bytes":98344,"host_read_ns":4801}
{"schema":"riley.owned-graph-diagnostic.v1","kind":"replay","capture_id":2,"replay_id":153,"position":151,"host_staging_bytes":98344,"event_setup_ns":314,"host_staging_ns":1610,"host_launch_ns":11194,"host_wait_ns":2000384,"cuda_graph_span_ns":2008991.957,"event_status":0,"launch_status":0,"completion_status":0}
{"schema":"riley.decode-operator-diagnostic.v1","kind":"operation","capture_id":2,"replay_id":153,"position":151,"operator":"down","launch_status":0,"completion_status":0,"intervals":[{"layer":0,"cuda_span_ns":5120.000,"event_status":0},{"layer":15,"cuda_span_ns":6144.000,"event_status":0},{"layer":29,"cuda_span_ns":5120.000,"event_status":0}],"cuda_sum_ns":16384.000}
{"schema":"riley.owned-graph-diagnostic.v1","kind":"read","capture_id":2,"replay_id":153,"host_read_bytes":98344,"host_read_ns":4645}
{"schema":"riley.owned-graph-diagnostic.v1","kind":"replay","capture_id":2,"replay_id":154,"position":152,"host_staging_bytes":98344,"event_setup_ns":512,"host_staging_ns":1583,"host_launch_ns":10901,"host_wait_ns":2049154,"cuda_graph_span_ns":2057823.896,"event_status":0,"launch_status":0,"completion_status":0}
{"schema":"riley.decode-operator-diagnostic.v1","kind":"operation","capture_id":2,"replay_id":154,"position":152,"operator":"down","launch_status":0,"completion_status":0,"intervals":[{"layer":0,"cuda_span_ns":5120.000,"event_status":0},{"layer":15,"cuda_span_ns":5120.000,"event_status":0},{"layer":29,"cuda_span_ns":5120.000,"event_status":0}],"cuda_sum_ns":15360.000}
{"schema":"riley.owned-graph-diagnostic.v1","kind":"read","capture_id":2,"replay_id":154,"host_read_bytes":98344,"host_read_ns":5326}
{"schema":"riley.owned-graph-diagnostic.v1","kind":"replay","capture_id":2,"replay_id":155,"position":153,"host_staging_bytes":98344,"event_setup_ns":427,"host_staging_ns":1609,"host_launch_ns":11223,"host_wait_ns":2057084,"cuda_graph_span_ns":2065056.086,"event_status":0,"launch_status":0,"completion_status":0}
{"schema":"riley.decode-operator-diagnostic.v1","kind":"operation","capture_id":2,"replay_id":155,"position":153,"operator":"down","launch_status":0,"completion_status":0,"intervals":[{"layer":0,"cuda_span_ns":6144.000,"event_status":0},{"layer":15,"cuda_span_ns":5120.000,"event_status":0},{"layer":29,"cuda_span_ns":5120.000,"event_status":0}],"cuda_sum_ns":16384.000}
{"schema":"riley.owned-graph-diagnostic.v1","kind":"read","capture_id":2,"replay_id":155,"host_read_bytes":98344,"host_read_ns":5168}
{"schema":"riley.owned-graph-diagnostic.v1","kind":"replay","capture_id":2,"replay_id":156,"position":154,"host_staging_bytes":98344,"event_setup_ns":592,"host_staging_ns":1643,"host_launch_ns":12131,"host_wait_ns":2057352,"cuda_graph_span_ns":2066911.936,"event_status":0,"launch_status":0,"completion_status":0}
{"schema":"riley.decode-operator-diagnostic.v1","kind":"operation","capture_id":2,"replay_id":156,"position":154,"operator":"down","launch_status":0,"completion_status":0,"intervals":[{"layer":0,"cuda_span_ns":5120.000,"event_status":0},{"layer":15,"cuda_span_ns":6144.000,"event_status":0},{"layer":29,"cuda_span_ns":6144.000,"event_status":0}],"cuda_sum_ns":17408.000}
{"schema":"riley.owned-graph-diagnostic.v1","kind":"read","capture_id":2,"replay_id":156,"host_read_bytes":98344,"host_read_ns":5114}
{"schema":"riley.owned-graph-diagnostic.v1","kind":"replay","capture_id":2,"replay_id":157,"position":155,"host_staging_bytes":98344,"event_setup_ns":486,"host_staging_ns":1645,"host_launch_ns":12156,"host_wait_ns":2058555,"cuda_graph_span_ns":2067903.996,"event_status":0,"launch_status":0,"completion_status":0}
{"schema":"riley.decode-operator-diagnostic.v1","kind":"operation","capture_id":2,"replay_id":157,"position":155,"operator":"down","launch_status":0,"completion_status":0,"intervals":[{"layer":0,"cuda_span_ns":6144.000,"event_status":0},{"layer":15,"cuda_span_ns":5120.000,"event_status":0},{"layer":29,"cuda_span_ns":5120.000,"event_status":0}],"cuda_sum_ns":16384.000}
{"schema":"riley.owned-graph-diagnostic.v1","kind":"read","capture_id":2,"replay_id":157,"host_read_bytes":98344,"host_read_ns":5676}
{"schema":"riley.owned-graph-diagnostic.v1","kind":"replay","capture_id":2,"replay_id":158,"position":156,"host_staging_bytes":98344,"event_setup_ns":472,"host_staging_ns":1583,"host_launch_ns":11962,"host_wait_ns":2058150,"cuda_graph_span_ns":2067327.976,"event_status":0,"launch_status":0,"completion_status":0}
{"schema":"riley.decode-operator-diagnostic.v1","kind":"operation","capture_id":2,"replay_id":158,"position":156,"operator":"down","launch_status":0,"completion_status":0,"intervals":[{"layer":0,"cuda_span_ns":6144.000,"event_status":0},{"layer":15,"cuda_span_ns":6144.000,"event_status":0},{"layer":29,"cuda_span_ns":5120.000,"event_status":0}],"cuda_sum_ns":17408.000}
{"schema":"riley.owned-graph-diagnostic.v1","kind":"read","capture_id":2,"replay_id":158,"host_read_bytes":98344,"host_read_ns":5298}
{"schema":"riley.owned-graph-diagnostic.v1","kind":"replay","capture_id":2,"replay_id":159,"position":157,"host_staging_bytes":98344,"event_setup_ns":632,"host_staging_ns":1733,"host_launch_ns":12151,"host_wait_ns":2064638,"cuda_graph_span_ns":2074464.083,"event_status":0,"launch_status":0,"completion_status":0}
{"schema":"riley.decode-operator-diagnostic.v1","kind":"operation","capture_id":2,"replay_id":159,"position":157,"operator":"down","launch_status":0,"completion_status":0,"intervals":[{"layer":0,"cuda_span_ns":6144.000,"event_status":0},{"layer":15,"cuda_span_ns":5120.000,"event_status":0},{"layer":29,"cuda_span_ns":5120.000,"event_status":0}],"cuda_sum_ns":16384.000}
{"schema":"riley.owned-graph-diagnostic.v1","kind":"read","capture_id":2,"replay_id":159,"host_read_bytes":98344,"host_read_ns":5245}
{"schema":"riley.owned-graph-diagnostic.v1","kind":"replay","capture_id":2,"replay_id":160,"position":158,"host_staging_bytes":98344,"event_setup_ns":493,"host_staging_ns":1709,"host_launch_ns":11624,"host_wait_ns":2058961,"cuda_graph_span_ns":2067935.944,"event_status":0,"launch_status":0,"completion_status":0}
{"schema":"riley.decode-operator-diagnostic.v1","kind":"operation","capture_id":2,"replay_id":160,"position":158,"operator":"down","launch_status":0,"completion_status":0,"intervals":[{"layer":0,"cuda_span_ns":6144.000,"event_status":0},{"layer":15,"cuda_span_ns":6144.000,"event_status":0},{"layer":29,"cuda_span_ns":5120.000,"event_status":0}],"cuda_sum_ns":17408.000}
{"schema":"riley.owned-graph-diagnostic.v1","kind":"read","capture_id":2,"replay_id":160,"host_read_bytes":98344,"host_read_ns":4990}
{"schema":"riley.owned-graph-diagnostic.v1","kind":"replay","capture_id":1,"replay_id":161,"position":127,"host_staging_bytes":98344,"event_setup_ns":2301,"host_staging_ns":2166,"host_launch_ns":13678,"host_wait_ns":13671367,"cuda_graph_span_ns":13680671.692,"event_status":0,"launch_status":0,"completion_status":0}
{"schema":"riley.owned-graph-diagnostic.v1","kind":"read","capture_id":1,"replay_id":161,"host_read_bytes":98344,"host_read_ns":8847}
{"schema":"riley.owned-graph-diagnostic.v1","kind":"replay","capture_id":2,"replay_id":162,"position":128,"host_staging_bytes":98344,"event_setup_ns":1688,"host_staging_ns":1871,"host_launch_ns":18298,"host_wait_ns":2198317,"cuda_graph_span_ns":2213664.055,"event_status":0,"launch_status":0,"completion_status":0}
{"schema":"riley.decode-operator-diagnostic.v1","kind":"operation","capture_id":2,"replay_id":162,"position":128,"operator":"down","launch_status":0,"completion_status":0,"intervals":[{"layer":0,"cuda_span_ns":6144.000,"event_status":0},{"layer":15,"cuda_span_ns":6144.000,"event_status":0},{"layer":29,"cuda_span_ns":5120.000,"event_status":0}],"cuda_sum_ns":17408.000}
{"schema":"riley.owned-graph-diagnostic.v1","kind":"read","capture_id":2,"replay_id":162,"host_read_bytes":98344,"host_read_ns":5881}
{"schema":"riley.owned-graph-diagnostic.v1","kind":"replay","capture_id":2,"replay_id":163,"position":129,"host_staging_bytes":98344,"event_setup_ns":560,"host_staging_ns":1585,"host_launch_ns":11761,"host_wait_ns":1878009,"cuda_graph_span_ns":1887359.977,"event_status":0,"launch_status":0,"completion_status":0}
{"schema":"riley.decode-operator-diagnostic.v1","kind":"operation","capture_id":2,"replay_id":163,"position":129,"operator":"down","launch_status":0,"completion_status":0,"intervals":[{"layer":0,"cuda_span_ns":5120.000,"event_status":0},{"layer":15,"cuda_span_ns":6144.000,"event_status":0},{"layer":29,"cuda_span_ns":5120.000,"event_status":0}],"cuda_sum_ns":16384.000}
{"schema":"riley.owned-graph-diagnostic.v1","kind":"read","capture_id":2,"replay_id":163,"host_read_bytes":98344,"host_read_ns":5711}
{"schema":"riley.owned-graph-diagnostic.v1","kind":"replay","capture_id":2,"replay_id":164,"position":130,"host_staging_bytes":98344,"event_setup_ns":402,"host_staging_ns":1575,"host_launch_ns":11265,"host_wait_ns":1877032,"cuda_graph_span_ns":1885792.017,"event_status":0,"launch_status":0,"completion_status":0}
{"schema":"riley.decode-operator-diagnostic.v1","kind":"operation","capture_id":2,"replay_id":164,"position":130,"operator":"down","launch_status":0,"completion_status":0,"intervals":[{"layer":0,"cuda_span_ns":6144.000,"event_status":0},{"layer":15,"cuda_span_ns":5120.000,"event_status":0},{"layer":29,"cuda_span_ns":5120.000,"event_status":0}],"cuda_sum_ns":16384.000}
{"schema":"riley.owned-graph-diagnostic.v1","kind":"read","capture_id":2,"replay_id":164,"host_read_bytes":98344,"host_read_ns":5395}
{"schema":"riley.owned-graph-diagnostic.v1","kind":"replay","capture_id":2,"replay_id":165,"position":131,"host_staging_bytes":98344,"event_setup_ns":357,"host_staging_ns":1615,"host_launch_ns":11338,"host_wait_ns":1876677,"cuda_graph_span_ns":1885439.992,"event_status":0,"launch_status":0,"completion_status":0}
{"schema":"riley.decode-operator-diagnostic.v1","kind":"operation","capture_id":2,"replay_id":165,"position":131,"operator":"down","launch_status":0,"completion_status":0,"intervals":[{"layer":0,"cuda_span_ns":6144.000,"event_status":0},{"layer":15,"cuda_span_ns":6144.000,"event_status":0},{"layer":29,"cuda_span_ns":5120.000,"event_status":0}],"cuda_sum_ns":17408.000}
{"schema":"riley.owned-graph-diagnostic.v1","kind":"read","capture_id":2,"replay_id":165,"host_read_bytes":98344,"host_read_ns":5164}
{"schema":"riley.owned-graph-diagnostic.v1","kind":"replay","capture_id":2,"replay_id":166,"position":132,"host_staging_bytes":98344,"event_setup_ns":342,"host_staging_ns":1584,"host_launch_ns":11489,"host_wait_ns":1878486,"cuda_graph_span_ns":1887488.008,"event_status":0,"launch_status":0,"completion_status":0}
{"schema":"riley.decode-operator-diagnostic.v1","kind":"operation","capture_id":2,"replay_id":166,"position":132,"operator":"down","launch_status":0,"completion_status":0,"intervals":[{"layer":0,"cuda_span_ns":5120.000,"event_status":0},{"layer":15,"cuda_span_ns":5120.000,"event_status":0},{"layer":29,"cuda_span_ns":5120.000,"event_status":0}],"cuda_sum_ns":15360.000}
{"schema":"riley.owned-graph-diagnostic.v1","kind":"read","capture_id":2,"replay_id":166,"host_read_bytes":98344,"host_read_ns":6038}
{"schema":"riley.owned-graph-diagnostic.v1","kind":"replay","capture_id":2,"replay_id":167,"position":133,"host_staging_bytes":98344,"event_setup_ns":336,"host_staging_ns":1538,"host_launch_ns":11024,"host_wait_ns":1879990,"cuda_graph_span_ns":1888607.979,"event_status":0,"launch_status":0,"completion_status":0}
{"schema":"riley.decode-operator-diagnostic.v1","kind":"operation","capture_id":2,"replay_id":167,"position":133,"operator":"down","launch_status":0,"completion_status":0,"intervals":[{"layer":0,"cuda_span_ns":5120.000,"event_status":0},{"layer":15,"cuda_span_ns":5120.000,"event_status":0},{"layer":29,"cuda_span_ns":6144.000,"event_status":0}],"cuda_sum_ns":16384.000}
{"schema":"riley.owned-graph-diagnostic.v1","kind":"read","capture_id":2,"replay_id":167,"host_read_bytes":98344,"host_read_ns":5184}
{"schema":"riley.owned-graph-diagnostic.v1","kind":"replay","capture_id":2,"replay_id":168,"position":134,"host_staging_bytes":98344,"event_setup_ns":400,"host_staging_ns":1621,"host_launch_ns":11444,"host_wait_ns":1886720,"cuda_graph_span_ns":1895391.941,"event_status":0,"launch_status":0,"completion_status":0}
{"schema":"riley.decode-operator-diagnostic.v1","kind":"operation","capture_id":2,"replay_id":168,"position":134,"operator":"down","launch_status":0,"completion_status":0,"intervals":[{"layer":0,"cuda_span_ns":6144.000,"event_status":0},{"layer":15,"cuda_span_ns":5120.000,"event_status":0},{"layer":29,"cuda_span_ns":5120.000,"event_status":0}],"cuda_sum_ns":16384.000}
{"schema":"riley.owned-graph-diagnostic.v1","kind":"read","capture_id":2,"replay_id":168,"host_read_bytes":98344,"host_read_ns":5238}
{"schema":"riley.owned-graph-diagnostic.v1","kind":"replay","capture_id":2,"replay_id":169,"position":135,"host_staging_bytes":98344,"event_setup_ns":533,"host_staging_ns":1581,"host_launch_ns":11227,"host_wait_ns":1878166,"cuda_graph_span_ns":1886656.046,"event_status":0,"launch_status":0,"completion_status":0}
{"schema":"riley.decode-operator-diagnostic.v1","kind":"operation","capture_id":2,"replay_id":169,"position":135,"operator":"down","launch_status":0,"completion_status":0,"intervals":[{"layer":0,"cuda_span_ns":6144.000,"event_status":0},{"layer":15,"cuda_span_ns":6144.000,"event_status":0},{"layer":29,"cuda_span_ns":5120.000,"event_status":0}],"cuda_sum_ns":17408.000}
{"schema":"riley.owned-graph-diagnostic.v1","kind":"read","capture_id":2,"replay_id":169,"host_read_bytes":98344,"host_read_ns":5003}
{"schema":"riley.owned-graph-diagnostic.v1","kind":"replay","capture_id":2,"replay_id":170,"position":136,"host_staging_bytes":98344,"event_setup_ns":300,"host_staging_ns":1607,"host_launch_ns":10940,"host_wait_ns":1917065,"cuda_graph_span_ns":1925439.954,"event_status":0,"launch_status":0,"completion_status":0}
{"schema":"riley.decode-operator-diagnostic.v1","kind":"operation","capture_id":2,"replay_id":170,"position":136,"operator":"down","launch_status":0,"completion_status":0,"intervals":[{"layer":0,"cuda_span_ns":5120.000,"event_status":0},{"layer":15,"cuda_span_ns":6144.000,"event_status":0},{"layer":29,"cuda_span_ns":5120.000,"event_status":0}],"cuda_sum_ns":16384.000}
{"schema":"riley.owned-graph-diagnostic.v1","kind":"read","capture_id":2,"replay_id":170,"host_read_bytes":98344,"host_read_ns":4951}
{"schema":"riley.owned-graph-diagnostic.v1","kind":"replay","capture_id":2,"replay_id":171,"position":137,"host_staging_bytes":98344,"event_setup_ns":357,"host_staging_ns":1581,"host_launch_ns":10947,"host_wait_ns":1934998,"cuda_graph_span_ns":1943488.002,"event_status":0,"launch_status":0,"completion_status":0}
{"schema":"riley.decode-operator-diagnostic.v1","kind":"operation","capture_id":2,"replay_id":171,"position":137,"operator":"down","launch_status":0,"completion_status":0,"intervals":[{"layer":0,"cuda_span_ns":5120.000,"event_status":0},{"layer":15,"cuda_span_ns":5120.000,"event_status":0},{"layer":29,"cuda_span_ns":5120.000,"event_status":0}],"cuda_sum_ns":15360.000}
{"schema":"riley.owned-graph-diagnostic.v1","kind":"read","capture_id":2,"replay_id":171,"host_read_bytes":98344,"host_read_ns":5234}
{"schema":"riley.owned-graph-diagnostic.v1","kind":"replay","capture_id":2,"replay_id":172,"position":138,"host_staging_bytes":98344,"event_setup_ns":381,"host_staging_ns":1597,"host_launch_ns":10987,"host_wait_ns":1936306,"cuda_graph_span_ns":1944864.035,"event_status":0,"launch_status":0,"completion_status":0}
{"schema":"riley.decode-operator-diagnostic.v1","kind":"operation","capture_id":2,"replay_id":172,"position":138,"operator":"down","launch_status":0,"completion_status":0,"intervals":[{"layer":0,"cuda_span_ns":5120.000,"event_status":0},{"layer":15,"cuda_span_ns":5120.000,"event_status":0},{"layer":29,"cuda_span_ns":5120.000,"event_status":0}],"cuda_sum_ns":15360.000}
{"schema":"riley.owned-graph-diagnostic.v1","kind":"read","capture_id":2,"replay_id":172,"host_read_bytes":98344,"host_read_ns":4752}
{"schema":"riley.owned-graph-diagnostic.v1","kind":"replay","capture_id":2,"replay_id":173,"position":139,"host_staging_bytes":98344,"event_setup_ns":541,"host_staging_ns":1555,"host_launch_ns":11041,"host_wait_ns":1936407,"cuda_graph_span_ns":1944928.050,"event_status":0,"launch_status":0,"completion_status":0}
{"schema":"riley.decode-operator-diagnostic.v1","kind":"operation","capture_id":2,"replay_id":173,"position":139,"operator":"down","launch_status":0,"completion_status":0,"intervals":[{"layer":0,"cuda_span_ns":6144.000,"event_status":0},{"layer":15,"cuda_span_ns":5120.000,"event_status":0},{"layer":29,"cuda_span_ns":5120.000,"event_status":0}],"cuda_sum_ns":16384.000}
{"schema":"riley.owned-graph-diagnostic.v1","kind":"read","capture_id":2,"replay_id":173,"host_read_bytes":98344,"host_read_ns":5165}
{"schema":"riley.owned-graph-diagnostic.v1","kind":"replay","capture_id":2,"replay_id":174,"position":140,"host_staging_bytes":98344,"event_setup_ns":512,"host_staging_ns":1678,"host_launch_ns":10956,"host_wait_ns":1935638,"cuda_graph_span_ns":1943871.975,"event_status":0,"launch_status":0,"completion_status":0}
{"schema":"riley.decode-operator-diagnostic.v1","kind":"operation","capture_id":2,"replay_id":174,"position":140,"operator":"down","launch_status":0,"completion_status":0,"intervals":[{"layer":0,"cuda_span_ns":5120.000,"event_status":0},{"layer":15,"cuda_span_ns":5120.000,"event_status":0},{"layer":29,"cuda_span_ns":5120.000,"event_status":0}],"cuda_sum_ns":15360.000}
{"schema":"riley.owned-graph-diagnostic.v1","kind":"read","capture_id":2,"replay_id":174,"host_read_bytes":98344,"host_read_ns":4756}
{"schema":"riley.owned-graph-diagnostic.v1","kind":"replay","capture_id":2,"replay_id":175,"position":141,"host_staging_bytes":98344,"event_setup_ns":313,"host_staging_ns":1562,"host_launch_ns":11545,"host_wait_ns":1936686,"cuda_graph_span_ns":1945600.033,"event_status":0,"launch_status":0,"completion_status":0}
{"schema":"riley.decode-operator-diagnostic.v1","kind":"operation","capture_id":2,"replay_id":175,"position":141,"operator":"down","launch_status":0,"completion_status":0,"intervals":[{"layer":0,"cuda_span_ns":5120.000,"event_status":0},{"layer":15,"cuda_span_ns":6144.000,"event_status":0},{"layer":29,"cuda_span_ns":5120.000,"event_status":0}],"cuda_sum_ns":16384.000}
{"schema":"riley.owned-graph-diagnostic.v1","kind":"read","capture_id":2,"replay_id":175,"host_read_bytes":98344,"host_read_ns":5010}
{"schema":"riley.owned-graph-diagnostic.v1","kind":"replay","capture_id":2,"replay_id":176,"position":142,"host_staging_bytes":98344,"event_setup_ns":447,"host_staging_ns":1606,"host_launch_ns":11037,"host_wait_ns":1934017,"cuda_graph_span_ns":1942368.031,"event_status":0,"launch_status":0,"completion_status":0}
{"schema":"riley.decode-operator-diagnostic.v1","kind":"operation","capture_id":2,"replay_id":176,"position":142,"operator":"down","launch_status":0,"completion_status":0,"intervals":[{"layer":0,"cuda_span_ns":6144.000,"event_status":0},{"layer":15,"cuda_span_ns":6144.000,"event_status":0},{"layer":29,"cuda_span_ns":6144.000,"event_status":0}],"cuda_sum_ns":18432.001}
{"schema":"riley.owned-graph-diagnostic.v1","kind":"read","capture_id":2,"replay_id":176,"host_read_bytes":98344,"host_read_ns":5071}
{"schema":"riley.owned-graph-diagnostic.v1","kind":"replay","capture_id":2,"replay_id":177,"position":143,"host_staging_bytes":98344,"event_setup_ns":366,"host_staging_ns":1599,"host_launch_ns":11295,"host_wait_ns":1926124,"cuda_graph_span_ns":1934687.972,"event_status":0,"launch_status":0,"completion_status":0}
{"schema":"riley.decode-operator-diagnostic.v1","kind":"operation","capture_id":2,"replay_id":177,"position":143,"operator":"down","launch_status":0,"completion_status":0,"intervals":[{"layer":0,"cuda_span_ns":6144.000,"event_status":0},{"layer":15,"cuda_span_ns":6144.000,"event_status":0},{"layer":29,"cuda_span_ns":5120.000,"event_status":0}],"cuda_sum_ns":17408.000}
{"schema":"riley.owned-graph-diagnostic.v1","kind":"read","capture_id":2,"replay_id":177,"host_read_bytes":98344,"host_read_ns":5206}
{"schema":"riley.owned-graph-diagnostic.v1","kind":"replay","capture_id":2,"replay_id":178,"position":144,"host_staging_bytes":98344,"event_setup_ns":442,"host_staging_ns":1554,"host_launch_ns":11099,"host_wait_ns":1993997,"cuda_graph_span_ns":2002336.025,"event_status":0,"launch_status":0,"completion_status":0}
{"schema":"riley.decode-operator-diagnostic.v1","kind":"operation","capture_id":2,"replay_id":178,"position":144,"operator":"down","launch_status":0,"completion_status":0,"intervals":[{"layer":0,"cuda_span_ns":5120.000,"event_status":0},{"layer":15,"cuda_span_ns":5120.000,"event_status":0},{"layer":29,"cuda_span_ns":5120.000,"event_status":0}],"cuda_sum_ns":15360.000}
{"schema":"riley.owned-graph-diagnostic.v1","kind":"read","capture_id":2,"replay_id":178,"host_read_bytes":98344,"host_read_ns":5064}
{"schema":"riley.owned-graph-diagnostic.v1","kind":"replay","capture_id":2,"replay_id":179,"position":145,"host_staging_bytes":98344,"event_setup_ns":328,"host_staging_ns":1659,"host_launch_ns":11326,"host_wait_ns":2008117,"cuda_graph_span_ns":2016736.031,"event_status":0,"launch_status":0,"completion_status":0}
{"schema":"riley.decode-operator-diagnostic.v1","kind":"operation","capture_id":2,"replay_id":179,"position":145,"operator":"down","launch_status":0,"completion_status":0,"intervals":[{"layer":0,"cuda_span_ns":6144.000,"event_status":0},{"layer":15,"cuda_span_ns":5120.000,"event_status":0},{"layer":29,"cuda_span_ns":5120.000,"event_status":0}],"cuda_sum_ns":16384.000}
{"schema":"riley.owned-graph-diagnostic.v1","kind":"read","capture_id":2,"replay_id":179,"host_read_bytes":98344,"host_read_ns":4848}
{"schema":"riley.owned-graph-diagnostic.v1","kind":"replay","capture_id":2,"replay_id":180,"position":146,"host_staging_bytes":98344,"event_setup_ns":369,"host_staging_ns":1643,"host_launch_ns":11358,"host_wait_ns":2008506,"cuda_graph_span_ns":2017312.050,"event_status":0,"launch_status":0,"completion_status":0}
{"schema":"riley.decode-operator-diagnostic.v1","kind":"operation","capture_id":2,"replay_id":180,"position":146,"operator":"down","launch_status":0,"completion_status":0,"intervals":[{"layer":0,"cuda_span_ns":5120.000,"event_status":0},{"layer":15,"cuda_span_ns":6144.000,"event_status":0},{"layer":29,"cuda_span_ns":5120.000,"event_status":0}],"cuda_sum_ns":16384.000}
{"schema":"riley.owned-graph-diagnostic.v1","kind":"read","capture_id":2,"replay_id":180,"host_read_bytes":98344,"host_read_ns":4694}
{"schema":"riley.owned-graph-diagnostic.v1","kind":"replay","capture_id":2,"replay_id":181,"position":147,"host_staging_bytes":98344,"event_setup_ns":388,"host_staging_ns":1570,"host_launch_ns":11506,"host_wait_ns":1999779,"cuda_graph_span_ns":2008575.916,"event_status":0,"launch_status":0,"completion_status":0}
{"schema":"riley.decode-operator-diagnostic.v1","kind":"operation","capture_id":2,"replay_id":181,"position":147,"operator":"down","launch_status":0,"completion_status":0,"intervals":[{"layer":0,"cuda_span_ns":5120.000,"event_status":0},{"layer":15,"cuda_span_ns":5120.000,"event_status":0},{"layer":29,"cuda_span_ns":5120.000,"event_status":0}],"cuda_sum_ns":15360.000}
{"schema":"riley.owned-graph-diagnostic.v1","kind":"read","capture_id":2,"replay_id":181,"host_read_bytes":98344,"host_read_ns":4877}
{"schema":"riley.owned-graph-diagnostic.v1","kind":"replay","capture_id":2,"replay_id":182,"position":148,"host_staging_bytes":98344,"event_setup_ns":320,"host_staging_ns":1561,"host_launch_ns":10910,"host_wait_ns":2006809,"cuda_graph_span_ns":2015199.900,"event_status":0,"launch_status":0,"completion_status":0}
{"schema":"riley.decode-operator-diagnostic.v1","kind":"operation","capture_id":2,"replay_id":182,"position":148,"operator":"down","launch_status":0,"completion_status":0,"intervals":[{"layer":0,"cuda_span_ns":5120.000,"event_status":0},{"layer":15,"cuda_span_ns":6144.000,"event_status":0},{"layer":29,"cuda_span_ns":5120.000,"event_status":0}],"cuda_sum_ns":16384.000}
{"schema":"riley.owned-graph-diagnostic.v1","kind":"read","capture_id":2,"replay_id":182,"host_read_bytes":98344,"host_read_ns":4768}
{"schema":"riley.owned-graph-diagnostic.v1","kind":"replay","capture_id":2,"replay_id":183,"position":149,"host_staging_bytes":98344,"event_setup_ns":395,"host_staging_ns":1607,"host_launch_ns":10839,"host_wait_ns":2009675,"cuda_graph_span_ns":2018016.100,"event_status":0,"launch_status":0,"completion_status":0}
{"schema":"riley.decode-operator-diagnostic.v1","kind":"operation","capture_id":2,"replay_id":183,"position":149,"operator":"down","launch_status":0,"completion_status":0,"intervals":[{"layer":0,"cuda_span_ns":6144.000,"event_status":0},{"layer":15,"cuda_span_ns":6144.000,"event_status":0},{"layer":29,"cuda_span_ns":5120.000,"event_status":0}],"cuda_sum_ns":17408.000}
{"schema":"riley.owned-graph-diagnostic.v1","kind":"read","capture_id":2,"replay_id":183,"host_read_bytes":98344,"host_read_ns":5140}
{"schema":"riley.owned-graph-diagnostic.v1","kind":"replay","capture_id":2,"replay_id":184,"position":150,"host_staging_bytes":98344,"event_setup_ns":482,"host_staging_ns":1648,"host_launch_ns":11088,"host_wait_ns":2011408,"cuda_graph_span_ns":2019711.971,"event_status":0,"launch_status":0,"completion_status":0}
{"schema":"riley.decode-operator-diagnostic.v1","kind":"operation","capture_id":2,"replay_id":184,"position":150,"operator":"down","launch_status":0,"completion_status":0,"intervals":[{"layer":0,"cuda_span_ns":5120.000,"event_status":0},{"layer":15,"cuda_span_ns":6144.000,"event_status":0},{"layer":29,"cuda_span_ns":5120.000,"event_status":0}],"cuda_sum_ns":16384.000}
{"schema":"riley.owned-graph-diagnostic.v1","kind":"read","capture_id":2,"replay_id":184,"host_read_bytes":98344,"host_read_ns":4832}
{"schema":"riley.owned-graph-diagnostic.v1","kind":"replay","capture_id":2,"replay_id":185,"position":151,"host_staging_bytes":98344,"event_setup_ns":428,"host_staging_ns":1608,"host_launch_ns":11219,"host_wait_ns":2002165,"cuda_graph_span_ns":2010591.984,"event_status":0,"launch_status":0,"completion_status":0}
{"schema":"riley.decode-operator-diagnostic.v1","kind":"operation","capture_id":2,"replay_id":185,"position":151,"operator":"down","launch_status":0,"completion_status":0,"intervals":[{"layer":0,"cuda_span_ns":6144.000,"event_status":0},{"layer":15,"cuda_span_ns":6144.000,"event_status":0},{"layer":29,"cuda_span_ns":5120.000,"event_status":0}],"cuda_sum_ns":17408.000}
{"schema":"riley.owned-graph-diagnostic.v1","kind":"read","capture_id":2,"replay_id":185,"host_read_bytes":98344,"host_read_ns":4909}
{"schema":"riley.owned-graph-diagnostic.v1","kind":"replay","capture_id":2,"replay_id":186,"position":152,"host_staging_bytes":98344,"event_setup_ns":404,"host_staging_ns":1595,"host_launch_ns":10913,"host_wait_ns":2048442,"cuda_graph_span_ns":2056384.087,"event_status":0,"launch_status":0,"completion_status":0}
{"schema":"riley.decode-operator-diagnostic.v1","kind":"operation","capture_id":2,"replay_id":186,"position":152,"operator":"down","launch_status":0,"completion_status":0,"intervals":[{"layer":0,"cuda_span_ns":6144.000,"event_status":0},{"layer":15,"cuda_span_ns":5120.000,"event_status":0},{"layer":29,"cuda_span_ns":5120.000,"event_status":0}],"cuda_sum_ns":16384.000}
{"schema":"riley.owned-graph-diagnostic.v1","kind":"read","capture_id":2,"replay_id":186,"host_read_bytes":98344,"host_read_ns":5337}
{"schema":"riley.owned-graph-diagnostic.v1","kind":"replay","capture_id":2,"replay_id":187,"position":153,"host_staging_bytes":98344,"event_setup_ns":477,"host_staging_ns":1546,"host_launch_ns":11012,"host_wait_ns":2058526,"cuda_graph_span_ns":2067008.018,"event_status":0,"launch_status":0,"completion_status":0}
{"schema":"riley.decode-operator-diagnostic.v1","kind":"operation","capture_id":2,"replay_id":187,"position":153,"operator":"down","launch_status":0,"completion_status":0,"intervals":[{"layer":0,"cuda_span_ns":5120.000,"event_status":0},{"layer":15,"cuda_span_ns":5120.000,"event_status":0},{"layer":29,"cuda_span_ns":5120.000,"event_status":0}],"cuda_sum_ns":15360.000}
{"schema":"riley.owned-graph-diagnostic.v1","kind":"read","capture_id":2,"replay_id":187,"host_read_bytes":98344,"host_read_ns":5080}
{"schema":"riley.owned-graph-diagnostic.v1","kind":"replay","capture_id":2,"replay_id":188,"position":154,"host_staging_bytes":98344,"event_setup_ns":485,"host_staging_ns":1537,"host_launch_ns":11307,"host_wait_ns":2064627,"cuda_graph_span_ns":2073343.992,"event_status":0,"launch_status":0,"completion_status":0}
{"schema":"riley.decode-operator-diagnostic.v1","kind":"operation","capture_id":2,"replay_id":188,"position":154,"operator":"down","launch_status":0,"completion_status":0,"intervals":[{"layer":0,"cuda_span_ns":6144.000,"event_status":0},{"layer":15,"cuda_span_ns":5120.000,"event_status":0},{"layer":29,"cuda_span_ns":5120.000,"event_status":0}],"cuda_sum_ns":16384.000}
{"schema":"riley.owned-graph-diagnostic.v1","kind":"read","capture_id":2,"replay_id":188,"host_read_bytes":98344,"host_read_ns":4999}
{"schema":"riley.owned-graph-diagnostic.v1","kind":"replay","capture_id":2,"replay_id":189,"position":155,"host_staging_bytes":98344,"event_setup_ns":325,"host_staging_ns":1602,"host_launch_ns":12625,"host_wait_ns":2059077,"cuda_graph_span_ns":2069119.930,"event_status":0,"launch_status":0,"completion_status":0}
{"schema":"riley.decode-operator-diagnostic.v1","kind":"operation","capture_id":2,"replay_id":189,"position":155,"operator":"down","launch_status":0,"completion_status":0,"intervals":[{"layer":0,"cuda_span_ns":6144.000,"event_status":0},{"layer":15,"cuda_span_ns":6144.000,"event_status":0},{"layer":29,"cuda_span_ns":5120.000,"event_status":0}],"cuda_sum_ns":17408.000}
{"schema":"riley.owned-graph-diagnostic.v1","kind":"read","capture_id":2,"replay_id":189,"host_read_bytes":98344,"host_read_ns":4975}
{"schema":"riley.owned-graph-diagnostic.v1","kind":"replay","capture_id":2,"replay_id":190,"position":156,"host_staging_bytes":98344,"event_setup_ns":388,"host_staging_ns":1605,"host_launch_ns":10974,"host_wait_ns":2060855,"cuda_graph_span_ns":2069184.065,"event_status":0,"launch_status":0,"completion_status":0}
{"schema":"riley.decode-operator-diagnostic.v1","kind":"operation","capture_id":2,"replay_id":190,"position":156,"operator":"down","launch_status":0,"completion_status":0,"intervals":[{"layer":0,"cuda_span_ns":6144.000,"event_status":0},{"layer":15,"cuda_span_ns":6144.000,"event_status":0},{"layer":29,"cuda_span_ns":5120.000,"event_status":0}],"cuda_sum_ns":17408.000}
{"schema":"riley.owned-graph-diagnostic.v1","kind":"read","capture_id":2,"replay_id":190,"host_read_bytes":98344,"host_read_ns":6000}
{"schema":"riley.owned-graph-diagnostic.v1","kind":"replay","capture_id":2,"replay_id":191,"position":157,"host_staging_bytes":98344,"event_setup_ns":398,"host_staging_ns":1664,"host_launch_ns":11749,"host_wait_ns":2067476,"cuda_graph_span_ns":2076384.068,"event_status":0,"launch_status":0,"completion_status":0}
{"schema":"riley.decode-operator-diagnostic.v1","kind":"operation","capture_id":2,"replay_id":191,"position":157,"operator":"down","launch_status":0,"completion_status":0,"intervals":[{"layer":0,"cuda_span_ns":6144.000,"event_status":0},{"layer":15,"cuda_span_ns":6144.000,"event_status":0},{"layer":29,"cuda_span_ns":5120.000,"event_status":0}],"cuda_sum_ns":17408.000}
{"schema":"riley.owned-graph-diagnostic.v1","kind":"read","capture_id":2,"replay_id":191,"host_read_bytes":98344,"host_read_ns":5433}
{"schema":"riley.owned-graph-diagnostic.v1","kind":"replay","capture_id":2,"replay_id":192,"position":158,"host_staging_bytes":98344,"event_setup_ns":592,"host_staging_ns":1657,"host_launch_ns":11589,"host_wait_ns":2060246,"cuda_graph_span_ns":2069024.086,"event_status":0,"launch_status":0,"completion_status":0}
{"schema":"riley.decode-operator-diagnostic.v1","kind":"operation","capture_id":2,"replay_id":192,"position":158,"operator":"down","launch_status":0,"completion_status":0,"intervals":[{"layer":0,"cuda_span_ns":6144.000,"event_status":0},{"layer":15,"cuda_span_ns":5120.000,"event_status":0},{"layer":29,"cuda_span_ns":5120.000,"event_status":0}],"cuda_sum_ns":16384.000}
{"schema":"riley.owned-graph-diagnostic.v1","kind":"read","capture_id":2,"replay_id":192,"host_read_bytes":98344,"host_read_ns":5454}
riley graceful shutdown requested by SIGTERM
RILEY_GRAPH close replays=192
