0	0	0	2	2	960	576	0	0	/tmp/riley-opt-260912/multisequence-projection-candidates-v1/fixtures/x-576-0-m2-a2.bf16	/tmp/riley-opt-260912/multisequence-projection-candidates-v1/fixtures/w-00-qkv.bf16
1	0	0	2	2	960	576	0	1	/tmp/riley-opt-260912/multisequence-projection-candidates-v1/fixtures/x-576-0-m2-a2.bf16	/tmp/riley-opt-260912/multisequence-projection-candidates-v1/fixtures/w-00-qkv.bf16
2	0	0	4	4	960	576	0	0	/tmp/riley-opt-260912/multisequence-projection-candidates-v1/fixtures/x-576-0-m4-a4.bf16	/tmp/riley-opt-260912/multisequence-projection-candidates-v1/fixtures/w-00-qkv.bf16
3	0	0	4	4	960	576	0	1	/tmp/riley-opt-260912/multisequence-projection-candidates-v1/fixtures/x-576-0-m4-a4.bf16	/tmp/riley-opt-260912/multisequence-projection-candidates-v1/fixtures/w-00-qkv.bf16
4	0	0	4	3	960	576	0	0	/tmp/riley-opt-260912/multisequence-projection-candidates-v1/fixtures/x-576-0-m4-a3.bf16	/tmp/riley-opt-260912/multisequence-projection-candidates-v1/fixtures/w-00-qkv.bf16
5	0	0	4	3	960	576	0	1	/tmp/riley-opt-260912/multisequence-projection-candidates-v1/fixtures/x-576-0-m4-a3.bf16	/tmp/riley-opt-260912/multisequence-projection-candidates-v1/fixtures/w-00-qkv.bf16
6	0	0	2	2	960	576	1	0	/tmp/riley-opt-260912/multisequence-projection-candidates-v1/fixtures/x-576-1-m2-a2.bf16	/tmp/riley-opt-260912/multisequence-projection-candidates-v1/fixtures/w-00-qkv.bf16
7	0	0	2	2	960	576	1	1	/tmp/riley-opt-260912/multisequence-projection-candidates-v1/fixtures/x-576-1-m2-a2.bf16	/tmp/riley-opt-260912/multisequence-projection-candidates-v1/fixtures/w-00-qkv.bf16
8	0	0	4	4	960	576	1	0	/tmp/riley-opt-260912/multisequence-projection-candidates-v1/fixtures/x-576-1-m4-a4.bf16	/tmp/riley-opt-260912/multisequence-projection-candidates-v1/fixtures/w-00-qkv.bf16
9	0	0	4	4	960	576	1	1	/tmp/riley-opt-260912/multisequence-projection-candidates-v1/fixtures/x-576-1-m4-a4.bf16	/tmp/riley-opt-260912/multisequence-projection-candidates-v1/fixtures/w-00-qkv.bf16
10	0	0	4	3	960	576	1	0	/tmp/riley-opt-260912/multisequence-projection-candidates-v1/fixtures/x-576-1-m4-a3.bf16	/tmp/riley-opt-260912/multisequence-projection-candidates-v1/fixtures/w-00-qkv.bf16
11	0	0	4	3	960	576	1	1	/tmp/riley-opt-260912/multisequence-projection-candidates-v1/fixtures/x-576-1-m4-a3.bf16	/tmp/riley-opt-260912/multisequence-projection-candidates-v1/fixtures/w-00-qkv.bf16
12	0	0	2	2	960	576	2	0	/tmp/riley-opt-260912/multisequence-projection-candidates-v1/fixtures/x-576-2-m2-a2.bf16	/tmp/riley-opt-260912/multisequence-projection-candidates-v1/fixtures/w-00-qkv.bf16
13	0	0	2	2	960	576	2	1	/tmp/riley-opt-260912/multisequence-projection-candidates-v1/fixtures/x-576-2-m2-a2.bf16	/tmp/riley-opt-260912/multisequence-projection-candidates-v1/fixtures/w-00-qkv.bf16
14	0	0	4	4	960	576	2	0	/tmp/riley-opt-260912/multisequence-projection-candidates-v1/fixtures/x-576-2-m4-a4.bf16	/tmp/riley-opt-260912/multisequence-projection-candidates-v1/fixtures/w-00-qkv.bf16
15	0	0	4	4	960	576	2	1	/tmp/riley-opt-260912/multisequence-projection-candidates-v1/fixtures/x-576-2-m4-a4.bf16	/tmp/riley-opt-260912/multisequence-projection-candidates-v1/fixtures/w-00-qkv.bf16
16	0	0	4	3	960	576	2	0	/tmp/riley-opt-260912/multisequence-projection-candidates-v1/fixtures/x-576-2-m4-a3.bf16	/tmp/riley-opt-260912/multisequence-projection-candidates-v1/fixtures/w-00-qkv.bf16
17	0	0	4	3	960	576	2	1	/tmp/riley-opt-260912/multisequence-projection-candidates-v1/fixtures/x-576-2-m4-a3.bf16	/tmp/riley-opt-260912/multisequence-projection-candidates-v1/fixtures/w-00-qkv.bf16
18	0	1	2	2	3072	576	0	0	/tmp/riley-opt-260912/multisequence-projection-candidates-v1/fixtures/x-576-0-m2-a2.bf16	/tmp/riley-opt-260912/multisequence-projection-candidates-v1/fixtures/w-00-gate_up.bf16
19	0	1	2	2	3072	576	0	1	/tmp/riley-opt-260912/multisequence-projection-candidates-v1/fixtures/x-576-0-m2-a2.bf16	/tmp/riley-opt-260912/multisequence-projection-candidates-v1/fixtures/w-00-gate_up.bf16
20	0	1	4	4	3072	576	0	0	/tmp/riley-opt-260912/multisequence-projection-candidates-v1/fixtures/x-576-0-m4-a4.bf16	/tmp/riley-opt-260912/multisequence-projection-candidates-v1/fixtures/w-00-gate_up.bf16
21	0	1	4	4	3072	576	0	1	/tmp/riley-opt-260912/multisequence-projection-candidates-v1/fixtures/x-576-0-m4-a4.bf16	/tmp/riley-opt-260912/multisequence-projection-candidates-v1/fixtures/w-00-gate_up.bf16
22	0	1	4	3	3072	576	0	0	/tmp/riley-opt-260912/multisequence-projection-candidates-v1/fixtures/x-576-0-m4-a3.bf16	/tmp/riley-opt-260912/multisequence-projection-candidates-v1/fixtures/w-00-gate_up.bf16
23	0	1	4	3	3072	576	0	1	/tmp/riley-opt-260912/multisequence-projection-candidates-v1/fixtures/x-576-0-m4-a3.bf16	/tmp/riley-opt-260912/multisequence-projection-candidates-v1/fixtures/w-00-gate_up.bf16
24	0	1	2	2	3072	576	1	0	/tmp/riley-opt-260912/multisequence-projection-candidates-v1/fixtures/x-576-1-m2-a2.bf16	/tmp/riley-opt-260912/multisequence-projection-candidates-v1/fixtures/w-00-gate_up.bf16
25	0	1	2	2	3072	576	1	1	/tmp/riley-opt-260912/multisequence-projection-candidates-v1/fixtures/x-576-1-m2-a2.bf16	/tmp/riley-opt-260912/multisequence-projection-candidates-v1/fixtures/w-00-gate_up.bf16
26	0	1	4	4	3072	576	1	0	/tmp/riley-opt-260912/multisequence-projection-candidates-v1/fixtures/x-576-1-m4-a4.bf16	/tmp/riley-opt-260912/multisequence-projection-candidates-v1/fixtures/w-00-gate_up.bf16
27	0	1	4	4	3072	576	1	1	/tmp/riley-opt-260912/multisequence-projection-candidates-v1/fixtures/x-576-1-m4-a4.bf16	/tmp/riley-opt-260912/multisequence-projection-candidates-v1/fixtures/w-00-gate_up.bf16
28	0	1	4	3	3072	576	1	0	/tmp/riley-opt-260912/multisequence-projection-candidates-v1/fixtures/x-576-1-m4-a3.bf16	/tmp/riley-opt-260912/multisequence-projection-candidates-v1/fixtures/w-00-gate_up.bf16
29	0	1	4	3	3072	576	1	1	/tmp/riley-opt-260912/multisequence-projection-candidates-v1/fixtures/x-576-1-m4-a3.bf16	/tmp/riley-opt-260912/multisequence-projection-candidates-v1/fixtures/w-00-gate_up.bf16
30	0	1	2	2	3072	576	2	0	/tmp/riley-opt-260912/multisequence-projection-candidates-v1/fixtures/x-576-2-m2-a2.bf16	/tmp/riley-opt-260912/multisequence-projection-candidates-v1/fixtures/w-00-gate_up.bf16
31	0	1	2	2	3072	576	2	1	/tmp/riley-opt-260912/multisequence-projection-candidates-v1/fixtures/x-576-2-m2-a2.bf16	/tmp/riley-opt-260912/multisequence-projection-candidates-v1/fixtures/w-00-gate_up.bf16
32	0	1	4	4	3072	576	2	0	/tmp/riley-opt-260912/multisequence-projection-candidates-v1/fixtures/x-576-2-m4-a4.bf16	/tmp/riley-opt-260912/multisequence-projection-candidates-v1/fixtures/w-00-gate_up.bf16
33	0	1	4	4	3072	576	2	1	/tmp/riley-opt-260912/multisequence-projection-candidates-v1/fixtures/x-576-2-m4-a4.bf16	/tmp/riley-opt-260912/multisequence-projection-candidates-v1/fixtures/w-00-gate_up.bf16
34	0	1	4	3	3072	576	2	0	/tmp/riley-opt-260912/multisequence-projection-candidates-v1/fixtures/x-576-2-m4-a3.bf16	/tmp/riley-opt-260912/multisequence-projection-candidates-v1/fixtures/w-00-gate_up.bf16
35	0	1	4	3	3072	576	2	1	/tmp/riley-opt-260912/multisequence-projection-candidates-v1/fixtures/x-576-2-m4-a3.bf16	/tmp/riley-opt-260912/multisequence-projection-candidates-v1/fixtures/w-00-gate_up.bf16
36	0	2	2	2	576	576	0	0	/tmp/riley-opt-260912/multisequence-projection-candidates-v1/fixtures/x-576-0-m2-a2.bf16	/tmp/riley-opt-260912/multisequence-projection-candidates-v1/fixtures/w-00-o.bf16
37	0	2	2	2	576	576	0	1	/tmp/riley-opt-260912/multisequence-projection-candidates-v1/fixtures/x-576-0-m2-a2.bf16	/tmp/riley-opt-260912/multisequence-projection-candidates-v1/fixtures/w-00-o.bf16
38	0	2	4	4	576	576	0	0	/tmp/riley-opt-260912/multisequence-projection-candidates-v1/fixtures/x-576-0-m4-a4.bf16	/tmp/riley-opt-260912/multisequence-projection-candidates-v1/fixtures/w-00-o.bf16
39	0	2	4	4	576	576	0	1	/tmp/riley-opt-260912/multisequence-projection-candidates-v1/fixtures/x-576-0-m4-a4.bf16	/tmp/riley-opt-260912/multisequence-projection-candidates-v1/fixtures/w-00-o.bf16
40	0	2	4	3	576	576	0	0	/tmp/riley-opt-260912/multisequence-projection-candidates-v1/fixtures/x-576-0-m4-a3.bf16	/tmp/riley-opt-260912/multisequence-projection-candidates-v1/fixtures/w-00-o.bf16
41	0	2	4	3	576	576	0	1	/tmp/riley-opt-260912/multisequence-projection-candidates-v1/fixtures/x-576-0-m4-a3.bf16	/tmp/riley-opt-260912/multisequence-projection-candidates-v1/fixtures/w-00-o.bf16
42	0	2	2	2	576	576	1	0	/tmp/riley-opt-260912/multisequence-projection-candidates-v1/fixtures/x-576-1-m2-a2.bf16	/tmp/riley-opt-260912/multisequence-projection-candidates-v1/fixtures/w-00-o.bf16
43	0	2	2	2	576	576	1	1	/tmp/riley-opt-260912/multisequence-projection-candidates-v1/fixtures/x-576-1-m2-a2.bf16	/tmp/riley-opt-260912/multisequence-projection-candidates-v1/fixtures/w-00-o.bf16
44	0	2	4	4	576	576	1	0	/tmp/riley-opt-260912/multisequence-projection-candidates-v1/fixtures/x-576-1-m4-a4.bf16	/tmp/riley-opt-260912/multisequence-projection-candidates-v1/fixtures/w-00-o.bf16
45	0	2	4	4	576	576	1	1	/tmp/riley-opt-260912/multisequence-projection-candidates-v1/fixtures/x-576-1-m4-a4.bf16	/tmp/riley-opt-260912/multisequence-projection-candidates-v1/fixtures/w-00-o.bf16
46	0	2	4	3	576	576	1	0	/tmp/riley-opt-260912/multisequence-projection-candidates-v1/fixtures/x-576-1-m4-a3.bf16	/tmp/riley-opt-260912/multisequence-projection-candidates-v1/fixtures/w-00-o.bf16
47	0	2	4	3	576	576	1	1	/tmp/riley-opt-260912/multisequence-projection-candidates-v1/fixtures/x-576-1-m4-a3.bf16	/tmp/riley-opt-260912/multisequence-projection-candidates-v1/fixtures/w-00-o.bf16
48	0	2	2	2	576	576	2	0	/tmp/riley-opt-260912/multisequence-projection-candidates-v1/fixtures/x-576-2-m2-a2.bf16	/tmp/riley-opt-260912/multisequence-projection-candidates-v1/fixtures/w-00-o.bf16
49	0	2	2	2	576	576	2	1	/tmp/riley-opt-260912/multisequence-projection-candidates-v1/fixtures/x-576-2-m2-a2.bf16	/tmp/riley-opt-260912/multisequence-projection-candidates-v1/fixtures/w-00-o.bf16
50	0	2	4	4	576	576	2	0	/tmp/riley-opt-260912/multisequence-projection-candidates-v1/fixtures/x-576-2-m4-a4.bf16	/tmp/riley-opt-260912/multisequence-projection-candidates-v1/fixtures/w-00-o.bf16
51	0	2	4	4	576	576	2	1	/tmp/riley-opt-260912/multisequence-projection-candidates-v1/fixtures/x-576-2-m4-a4.bf16	/tmp/riley-opt-260912/multisequence-projection-candidates-v1/fixtures/w-00-o.bf16
52	0	2	4	3	576	576	2	0	/tmp/riley-opt-260912/multisequence-projection-candidates-v1/fixtures/x-576-2-m4-a3.bf16	/tmp/riley-opt-260912/multisequence-projection-candidates-v1/fixtures/w-00-o.bf16
53	0	2	4	3	576	576	2	1	/tmp/riley-opt-260912/multisequence-projection-candidates-v1/fixtures/x-576-2-m4-a3.bf16	/tmp/riley-opt-260912/multisequence-projection-candidates-v1/fixtures/w-00-o.bf16
54	0	3	2	2	576	1536	0	0	/tmp/riley-opt-260912/multisequence-projection-candidates-v1/fixtures/x-1536-0-m2-a2.bf16	/tmp/riley-opt-260912/multisequence-projection-candidates-v1/fixtures/w-00-down.bf16
55	0	3	2	2	576	1536	0	1	/tmp/riley-opt-260912/multisequence-projection-candidates-v1/fixtures/x-1536-0-m2-a2.bf16	/tmp/riley-opt-260912/multisequence-projection-candidates-v1/fixtures/w-00-down.bf16
56	0	3	4	4	576	1536	0	0	/tmp/riley-opt-260912/multisequence-projection-candidates-v1/fixtures/x-1536-0-m4-a4.bf16	/tmp/riley-opt-260912/multisequence-projection-candidates-v1/fixtures/w-00-down.bf16
57	0	3	4	4	576	1536	0	1	/tmp/riley-opt-260912/multisequence-projection-candidates-v1/fixtures/x-1536-0-m4-a4.bf16	/tmp/riley-opt-260912/multisequence-projection-candidates-v1/fixtures/w-00-down.bf16
58	0	3	4	3	576	1536	0	0	/tmp/riley-opt-260912/multisequence-projection-candidates-v1/fixtures/x-1536-0-m4-a3.bf16	/tmp/riley-opt-260912/multisequence-projection-candidates-v1/fixtures/w-00-down.bf16
59	0	3	4	3	576	1536	0	1	/tmp/riley-opt-260912/multisequence-projection-candidates-v1/fixtures/x-1536-0-m4-a3.bf16	/tmp/riley-opt-260912/multisequence-projection-candidates-v1/fixtures/w-00-down.bf16
60	0	3	2	2	576	1536	1	0	/tmp/riley-opt-260912/multisequence-projection-candidates-v1/fixtures/x-1536-1-m2-a2.bf16	/tmp/riley-opt-260912/multisequence-projection-candidates-v1/fixtures/w-00-down.bf16
61	0	3	2	2	576	1536	1	1	/tmp/riley-opt-260912/multisequence-projection-candidates-v1/fixtures/x-1536-1-m2-a2.bf16	/tmp/riley-opt-260912/multisequence-projection-candidates-v1/fixtures/w-00-down.bf16
62	0	3	4	4	576	1536	1	0	/tmp/riley-opt-260912/multisequence-projection-candidates-v1/fixtures/x-1536-1-m4-a4.bf16	/tmp/riley-opt-260912/multisequence-projection-candidates-v1/fixtures/w-00-down.bf16
63	0	3	4	4	576	1536	1	1	/tmp/riley-opt-260912/multisequence-projection-candidates-v1/fixtures/x-1536-1-m4-a4.bf16	/tmp/riley-opt-260912/multisequence-projection-candidates-v1/fixtures/w-00-down.bf16
64	0	3	4	3	576	1536	1	0	/tmp/riley-opt-260912/multisequence-projection-candidates-v1/fixtures/x-1536-1-m4-a3.bf16	/tmp/riley-opt-260912/multisequence-projection-candidates-v1/fixtures/w-00-down.bf16
65	0	3	4	3	576	1536	1	1	/tmp/riley-opt-260912/multisequence-projection-candidates-v1/fixtures/x-1536-1-m4-a3.bf16	/tmp/riley-opt-260912/multisequence-projection-candidates-v1/fixtures/w-00-down.bf16
66	0	3	2	2	576	1536	2	0	/tmp/riley-opt-260912/multisequence-projection-candidates-v1/fixtures/x-1536-2-m2-a2.bf16	/tmp/riley-opt-260912/multisequence-projection-candidates-v1/fixtures/w-00-down.bf16
67	0	3	2	2	576	1536	2	1	/tmp/riley-opt-260912/multisequence-projection-candidates-v1/fixtures/x-1536-2-m2-a2.bf16	/tmp/riley-opt-260912/multisequence-projection-candidates-v1/fixtures/w-00-down.bf16
68	0	3	4	4	576	1536	2	0	/tmp/riley-opt-260912/multisequence-projection-candidates-v1/fixtures/x-1536-2-m4-a4.bf16	/tmp/riley-opt-260912/multisequence-projection-candidates-v1/fixtures/w-00-down.bf16
69	0	3	4	4	576	1536	2	1	/tmp/riley-opt-260912/multisequence-projection-candidates-v1/fixtures/x-1536-2-m4-a4.bf16	/tmp/riley-opt-260912/multisequence-projection-candidates-v1/fixtures/w-00-down.bf16
70	0	3	4	3	576	1536	2	0	/tmp/riley-opt-260912/multisequence-projection-candidates-v1/fixtures/x-1536-2-m4-a3.bf16	/tmp/riley-opt-260912/multisequence-projection-candidates-v1/fixtures/w-00-down.bf16
71	0	3	4	3	576	1536	2	1	/tmp/riley-opt-260912/multisequence-projection-candidates-v1/fixtures/x-1536-2-m4-a3.bf16	/tmp/riley-opt-260912/multisequence-projection-candidates-v1/fixtures/w-00-down.bf16
72	1	0	2	2	960	576	0	0	/tmp/riley-opt-260912/multisequence-projection-candidates-v1/fixtures/x-576-0-m2-a2.bf16	/tmp/riley-opt-260912/multisequence-projection-candidates-v1/fixtures/w-01-qkv.bf16
73	1	0	2	2	960	576	0	1	/tmp/riley-opt-260912/multisequence-projection-candidates-v1/fixtures/x-576-0-m2-a2.bf16	/tmp/riley-opt-260912/multisequence-projection-candidates-v1/fixtures/w-01-qkv.bf16
74	1	0	4	4	960	576	0	0	/tmp/riley-opt-260912/multisequence-projection-candidates-v1/fixtures/x-576-0-m4-a4.bf16	/tmp/riley-opt-260912/multisequence-projection-candidates-v1/fixtures/w-01-qkv.bf16
75	1	0	4	4	960	576	0	1	/tmp/riley-opt-260912/multisequence-projection-candidates-v1/fixtures/x-576-0-m4-a4.bf16	/tmp/riley-opt-260912/multisequence-projection-candidates-v1/fixtures/w-01-qkv.bf16
76	1	0	4	3	960	576	0	0	/tmp/riley-opt-260912/multisequence-projection-candidates-v1/fixtures/x-576-0-m4-a3.bf16	/tmp/riley-opt-260912/multisequence-projection-candidates-v1/fixtures/w-01-qkv.bf16
77	1	0	4	3	960	576	0	1	/tmp/riley-opt-260912/multisequence-projection-candidates-v1/fixtures/x-576-0-m4-a3.bf16	/tmp/riley-opt-260912/multisequence-projection-candidates-v1/fixtures/w-01-qkv.bf16
78	1	0	2	2	960	576	1	0	/tmp/riley-opt-260912/multisequence-projection-candidates-v1/fixtures/x-576-1-m2-a2.bf16	/tmp/riley-opt-260912/multisequence-projection-candidates-v1/fixtures/w-01-qkv.bf16
79	1	0	2	2	960	576	1	1	/tmp/riley-opt-260912/multisequence-projection-candidates-v1/fixtures/x-576-1-m2-a2.bf16	/tmp/riley-opt-260912/multisequence-projection-candidates-v1/fixtures/w-01-qkv.bf16
80	1	0	4	4	960	576	1	0	/tmp/riley-opt-260912/multisequence-projection-candidates-v1/fixtures/x-576-1-m4-a4.bf16	/tmp/riley-opt-260912/multisequence-projection-candidates-v1/fixtures/w-01-qkv.bf16
81	1	0	4	4	960	576	1	1	/tmp/riley-opt-260912/multisequence-projection-candidates-v1/fixtures/x-576-1-m4-a4.bf16	/tmp/riley-opt-260912/multisequence-projection-candidates-v1/fixtures/w-01-qkv.bf16
82	1	0	4	3	960	576	1	0	/tmp/riley-opt-260912/multisequence-projection-candidates-v1/fixtures/x-576-1-m4-a3.bf16	/tmp/riley-opt-260912/multisequence-projection-candidates-v1/fixtures/w-01-qkv.bf16
83	1	0	4	3	960	576	1	1	/tmp/riley-opt-260912/multisequence-projection-candidates-v1/fixtures/x-576-1-m4-a3.bf16	/tmp/riley-opt-260912/multisequence-projection-candidates-v1/fixtures/w-01-qkv.bf16
84	1	0	2	2	960	576	2	0	/tmp/riley-opt-260912/multisequence-projection-candidates-v1/fixtures/x-576-2-m2-a2.bf16	/tmp/riley-opt-260912/multisequence-projection-candidates-v1/fixtures/w-01-qkv.bf16
85	1	0	2	2	960	576	2	1	/tmp/riley-opt-260912/multisequence-projection-candidates-v1/fixtures/x-576-2-m2-a2.bf16	/tmp/riley-opt-260912/multisequence-projection-candidates-v1/fixtures/w-01-qkv.bf16
86	1	0	4	4	960	576	2	0	/tmp/riley-opt-260912/multisequence-projection-candidates-v1/fixtures/x-576-2-m4-a4.bf16	/tmp/riley-opt-260912/multisequence-projection-candidates-v1/fixtures/w-01-qkv.bf16
87	1	0	4	4	960	576	2	1	/tmp/riley-opt-260912/multisequence-projection-candidates-v1/fixtures/x-576-2-m4-a4.bf16	/tmp/riley-opt-260912/multisequence-projection-candidates-v1/fixtures/w-01-qkv.bf16
88	1	0	4	3	960	576	2	0	/tmp/riley-opt-260912/multisequence-projection-candidates-v1/fixtures/x-576-2-m4-a3.bf16	/tmp/riley-opt-260912/multisequence-projection-candidates-v1/fixtures/w-01-qkv.bf16
89	1	0	4	3	960	576	2	1	/tmp/riley-opt-260912/multisequence-projection-candidates-v1/fixtures/x-576-2-m4-a3.bf16	/tmp/riley-opt-260912/multisequence-projection-candidates-v1/fixtures/w-01-qkv.bf16
90	1	1	2	2	3072	576	0	0	/tmp/riley-opt-260912/multisequence-projection-candidates-v1/fixtures/x-576-0-m2-a2.bf16	/tmp/riley-opt-260912/multisequence-projection-candidates-v1/fixtures/w-01-gate_up.bf16
91	1	1	2	2	3072	576	0	1	/tmp/riley-opt-260912/multisequence-projection-candidates-v1/fixtures/x-576-0-m2-a2.bf16	/tmp/riley-opt-260912/multisequence-projection-candidates-v1/fixtures/w-01-gate_up.bf16
92	1	1	4	4	3072	576	0	0	/tmp/riley-opt-260912/multisequence-projection-candidates-v1/fixtures/x-576-0-m4-a4.bf16	/tmp/riley-opt-260912/multisequence-projection-candidates-v1/fixtures/w-01-gate_up.bf16
93	1	1	4	4	3072	576	0	1	/tmp/riley-opt-260912/multisequence-projection-candidates-v1/fixtures/x-576-0-m4-a4.bf16	/tmp/riley-opt-260912/multisequence-projection-candidates-v1/fixtures/w-01-gate_up.bf16
94	1	1	4	3	3072	576	0	0	/tmp/riley-opt-260912/multisequence-projection-candidates-v1/fixtures/x-576-0-m4-a3.bf16	/tmp/riley-opt-260912/multisequence-projection-candidates-v1/fixtures/w-01-gate_up.bf16
95	1	1	4	3	3072	576	0	1	/tmp/riley-opt-260912/multisequence-projection-candidates-v1/fixtures/x-576-0-m4-a3.bf16	/tmp/riley-opt-260912/multisequence-projection-candidates-v1/fixtures/w-01-gate_up.bf16
96	1	1	2	2	3072	576	1	0	/tmp/riley-opt-260912/multisequence-projection-candidates-v1/fixtures/x-576-1-m2-a2.bf16	/tmp/riley-opt-260912/multisequence-projection-candidates-v1/fixtures/w-01-gate_up.bf16
97	1	1	2	2	3072	576	1	1	/tmp/riley-opt-260912/multisequence-projection-candidates-v1/fixtures/x-576-1-m2-a2.bf16	/tmp/riley-opt-260912/multisequence-projection-candidates-v1/fixtures/w-01-gate_up.bf16
98	1	1	4	4	3072	576	1	0	/tmp/riley-opt-260912/multisequence-projection-candidates-v1/fixtures/x-576-1-m4-a4.bf16	/tmp/riley-opt-260912/multisequence-projection-candidates-v1/fixtures/w-01-gate_up.bf16
99	1	1	4	4	3072	576	1	1	/tmp/riley-opt-260912/multisequence-projection-candidates-v1/fixtures/x-576-1-m4-a4.bf16	/tmp/riley-opt-260912/multisequence-projection-candidates-v1/fixtures/w-01-gate_up.bf16
100	1	1	4	3	3072	576	1	0	/tmp/riley-opt-260912/multisequence-projection-candidates-v1/fixtures/x-576-1-m4-a3.bf16	/tmp/riley-opt-260912/multisequence-projection-candidates-v1/fixtures/w-01-gate_up.bf16
101	1	1	4	3	3072	576	1	1	/tmp/riley-opt-260912/multisequence-projection-candidates-v1/fixtures/x-576-1-m4-a3.bf16	/tmp/riley-opt-260912/multisequence-projection-candidates-v1/fixtures/w-01-gate_up.bf16
102	1	1	2	2	3072	576	2	0	/tmp/riley-opt-260912/multisequence-projection-candidates-v1/fixtures/x-576-2-m2-a2.bf16	/tmp/riley-opt-260912/multisequence-projection-candidates-v1/fixtures/w-01-gate_up.bf16
103	1	1	2	2	3072	576	2	1	/tmp/riley-opt-260912/multisequence-projection-candidates-v1/fixtures/x-576-2-m2-a2.bf16	/tmp/riley-opt-260912/multisequence-projection-candidates-v1/fixtures/w-01-gate_up.bf16
104	1	1	4	4	3072	576	2	0	/tmp/riley-opt-260912/multisequence-projection-candidates-v1/fixtures/x-576-2-m4-a4.bf16	/tmp/riley-opt-260912/multisequence-projection-candidates-v1/fixtures/w-01-gate_up.bf16
105	1	1	4	4	3072	576	2	1	/tmp/riley-opt-260912/multisequence-projection-candidates-v1/fixtures/x-576-2-m4-a4.bf16	/tmp/riley-opt-260912/multisequence-projection-candidates-v1/fixtures/w-01-gate_up.bf16
106	1	1	4	3	3072	576	2	0	/tmp/riley-opt-260912/multisequence-projection-candidates-v1/fixtures/x-576-2-m4-a3.bf16	/tmp/riley-opt-260912/multisequence-projection-candidates-v1/fixtures/w-01-gate_up.bf16
107	1	1	4	3	3072	576	2	1	/tmp/riley-opt-260912/multisequence-projection-candidates-v1/fixtures/x-576-2-m4-a3.bf16	/tmp/riley-opt-260912/multisequence-projection-candidates-v1/fixtures/w-01-gate_up.bf16
108	1	2	2	2	576	576	0	0	/tmp/riley-opt-260912/multisequence-projection-candidates-v1/fixtures/x-576-0-m2-a2.bf16	/tmp/riley-opt-260912/multisequence-projection-candidates-v1/fixtures/w-01-o.bf16
109	1	2	2	2	576	576	0	1	/tmp/riley-opt-260912/multisequence-projection-candidates-v1/fixtures/x-576-0-m2-a2.bf16	/tmp/riley-opt-260912/multisequence-projection-candidates-v1/fixtures/w-01-o.bf16
110	1	2	4	4	576	576	0	0	/tmp/riley-opt-260912/multisequence-projection-candidates-v1/fixtures/x-576-0-m4-a4.bf16	/tmp/riley-opt-260912/multisequence-projection-candidates-v1/fixtures/w-01-o.bf16
111	1	2	4	4	576	576	0	1	/tmp/riley-opt-260912/multisequence-projection-candidates-v1/fixtures/x-576-0-m4-a4.bf16	/tmp/riley-opt-260912/multisequence-projection-candidates-v1/fixtures/w-01-o.bf16
112	1	2	4	3	576	576	0	0	/tmp/riley-opt-260912/multisequence-projection-candidates-v1/fixtures/x-576-0-m4-a3.bf16	/tmp/riley-opt-260912/multisequence-projection-candidates-v1/fixtures/w-01-o.bf16
113	1	2	4	3	576	576	0	1	/tmp/riley-opt-260912/multisequence-projection-candidates-v1/fixtures/x-576-0-m4-a3.bf16	/tmp/riley-opt-260912/multisequence-projection-candidates-v1/fixtures/w-01-o.bf16
114	1	2	2	2	576	576	1	0	/tmp/riley-opt-260912/multisequence-projection-candidates-v1/fixtures/x-576-1-m2-a2.bf16	/tmp/riley-opt-260912/multisequence-projection-candidates-v1/fixtures/w-01-o.bf16
115	1	2	2	2	576	576	1	1	/tmp/riley-opt-260912/multisequence-projection-candidates-v1/fixtures/x-576-1-m2-a2.bf16	/tmp/riley-opt-260912/multisequence-projection-candidates-v1/fixtures/w-01-o.bf16
116	1	2	4	4	576	576	1	0	/tmp/riley-opt-260912/multisequence-projection-candidates-v1/fixtures/x-576-1-m4-a4.bf16	/tmp/riley-opt-260912/multisequence-projection-candidates-v1/fixtures/w-01-o.bf16
117	1	2	4	4	576	576	1	1	/tmp/riley-opt-260912/multisequence-projection-candidates-v1/fixtures/x-576-1-m4-a4.bf16	/tmp/riley-opt-260912/multisequence-projection-candidates-v1/fixtures/w-01-o.bf16
118	1	2	4	3	576	576	1	0	/tmp/riley-opt-260912/multisequence-projection-candidates-v1/fixtures/x-576-1-m4-a3.bf16	/tmp/riley-opt-260912/multisequence-projection-candidates-v1/fixtures/w-01-o.bf16
119	1	2	4	3	576	576	1	1	/tmp/riley-opt-260912/multisequence-projection-candidates-v1/fixtures/x-576-1-m4-a3.bf16	/tmp/riley-opt-260912/multisequence-projection-candidates-v1/fixtures/w-01-o.bf16
120	1	2	2	2	576	576	2	0	/tmp/riley-opt-260912/multisequence-projection-candidates-v1/fixtures/x-576-2-m2-a2.bf16	/tmp/riley-opt-260912/multisequence-projection-candidates-v1/fixtures/w-01-o.bf16
121	1	2	2	2	576	576	2	1	/tmp/riley-opt-260912/multisequence-projection-candidates-v1/fixtures/x-576-2-m2-a2.bf16	/tmp/riley-opt-260912/multisequence-projection-candidates-v1/fixtures/w-01-o.bf16
122	1	2	4	4	576	576	2	0	/tmp/riley-opt-260912/multisequence-projection-candidates-v1/fixtures/x-576-2-m4-a4.bf16	/tmp/riley-opt-260912/multisequence-projection-candidates-v1/fixtures/w-01-o.bf16
123	1	2	4	4	576	576	2	1	/tmp/riley-opt-260912/multisequence-projection-candidates-v1/fixtures/x-576-2-m4-a4.bf16	/tmp/riley-opt-260912/multisequence-projection-candidates-v1/fixtures/w-01-o.bf16
124	1	2	4	3	576	576	2	0	/tmp/riley-opt-260912/multisequence-projection-candidates-v1/fixtures/x-576-2-m4-a3.bf16	/tmp/riley-opt-260912/multisequence-projection-candidates-v1/fixtures/w-01-o.bf16
125	1	2	4	3	576	576	2	1	/tmp/riley-opt-260912/multisequence-projection-candidates-v1/fixtures/x-576-2-m4-a3.bf16	/tmp/riley-opt-260912/multisequence-projection-candidates-v1/fixtures/w-01-o.bf16
126	1	3	2	2	576	1536	0	0	/tmp/riley-opt-260912/multisequence-projection-candidates-v1/fixtures/x-1536-0-m2-a2.bf16	/tmp/riley-opt-260912/multisequence-projection-candidates-v1/fixtures/w-01-down.bf16
127	1	3	2	2	576	1536	0	1	/tmp/riley-opt-260912/multisequence-projection-candidates-v1/fixtures/x-1536-0-m2-a2.bf16	/tmp/riley-opt-260912/multisequence-projection-candidates-v1/fixtures/w-01-down.bf16
128	1	3	4	4	576	1536	0	0	/tmp/riley-opt-260912/multisequence-projection-candidates-v1/fixtures/x-1536-0-m4-a4.bf16	/tmp/riley-opt-260912/multisequence-projection-candidates-v1/fixtures/w-01-down.bf16
129	1	3	4	4	576	1536	0	1	/tmp/riley-opt-260912/multisequence-projection-candidates-v1/fixtures/x-1536-0-m4-a4.bf16	/tmp/riley-opt-260912/multisequence-projection-candidates-v1/fixtures/w-01-down.bf16
130	1	3	4	3	576	1536	0	0	/tmp/riley-opt-260912/multisequence-projection-candidates-v1/fixtures/x-1536-0-m4-a3.bf16	/tmp/riley-opt-260912/multisequence-projection-candidates-v1/fixtures/w-01-down.bf16
131	1	3	4	3	576	1536	0	1	/tmp/riley-opt-260912/multisequence-projection-candidates-v1/fixtures/x-1536-0-m4-a3.bf16	/tmp/riley-opt-260912/multisequence-projection-candidates-v1/fixtures/w-01-down.bf16
132	1	3	2	2	576	1536	1	0	/tmp/riley-opt-260912/multisequence-projection-candidates-v1/fixtures/x-1536-1-m2-a2.bf16	/tmp/riley-opt-260912/multisequence-projection-candidates-v1/fixtures/w-01-down.bf16
133	1	3	2	2	576	1536	1	1	/tmp/riley-opt-260912/multisequence-projection-candidates-v1/fixtures/x-1536-1-m2-a2.bf16	/tmp/riley-opt-260912/multisequence-projection-candidates-v1/fixtures/w-01-down.bf16
134	1	3	4	4	576	1536	1	0	/tmp/riley-opt-260912/multisequence-projection-candidates-v1/fixtures/x-1536-1-m4-a4.bf16	/tmp/riley-opt-260912/multisequence-projection-candidates-v1/fixtures/w-01-down.bf16
135	1	3	4	4	576	1536	1	1	/tmp/riley-opt-260912/multisequence-projection-candidates-v1/fixtures/x-1536-1-m4-a4.bf16	/tmp/riley-opt-260912/multisequence-projection-candidates-v1/fixtures/w-01-down.bf16
136	1	3	4	3	576	1536	1	0	/tmp/riley-opt-260912/multisequence-projection-candidates-v1/fixtures/x-1536-1-m4-a3.bf16	/tmp/riley-opt-260912/multisequence-projection-candidates-v1/fixtures/w-01-down.bf16
137	1	3	4	3	576	1536	1	1	/tmp/riley-opt-260912/multisequence-projection-candidates-v1/fixtures/x-1536-1-m4-a3.bf16	/tmp/riley-opt-260912/multisequence-projection-candidates-v1/fixtures/w-01-down.bf16
138	1	3	2	2	576	1536	2	0	/tmp/riley-opt-260912/multisequence-projection-candidates-v1/fixtures/x-1536-2-m2-a2.bf16	/tmp/riley-opt-260912/multisequence-projection-candidates-v1/fixtures/w-01-down.bf16
139	1	3	2	2	576	1536	2	1	/tmp/riley-opt-260912/multisequence-projection-candidates-v1/fixtures/x-1536-2-m2-a2.bf16	/tmp/riley-opt-260912/multisequence-projection-candidates-v1/fixtures/w-01-down.bf16
140	1	3	4	4	576	1536	2	0	/tmp/riley-opt-260912/multisequence-projection-candidates-v1/fixtures/x-1536-2-m4-a4.bf16	/tmp/riley-opt-260912/multisequence-projection-candidates-v1/fixtures/w-01-down.bf16
141	1	3	4	4	576	1536	2	1	/tmp/riley-opt-260912/multisequence-projection-candidates-v1/fixtures/x-1536-2-m4-a4.bf16	/tmp/riley-opt-260912/multisequence-projection-candidates-v1/fixtures/w-01-down.bf16
142	1	3	4	3	576	1536	2	0	/tmp/riley-opt-260912/multisequence-projection-candidates-v1/fixtures/x-1536-2-m4-a3.bf16	/tmp/riley-opt-260912/multisequence-projection-candidates-v1/fixtures/w-01-down.bf16
143	1	3	4	3	576	1536	2	1	/tmp/riley-opt-260912/multisequence-projection-candidates-v1/fixtures/x-1536-2-m4-a3.bf16	/tmp/riley-opt-260912/multisequence-projection-candidates-v1/fixtures/w-01-down.bf16
144	2	0	2	2	960	576	0	0	/tmp/riley-opt-260912/multisequence-projection-candidates-v1/fixtures/x-576-0-m2-a2.bf16	/tmp/riley-opt-260912/multisequence-projection-candidates-v1/fixtures/w-02-qkv.bf16
145	2	0	2	2	960	576	0	1	/tmp/riley-opt-260912/multisequence-projection-candidates-v1/fixtures/x-576-0-m2-a2.bf16	/tmp/riley-opt-260912/multisequence-projection-candidates-v1/fixtures/w-02-qkv.bf16
146	2	0	4	4	960	576	0	0	/tmp/riley-opt-260912/multisequence-projection-candidates-v1/fixtures/x-576-0-m4-a4.bf16	/tmp/riley-opt-260912/multisequence-projection-candidates-v1/fixtures/w-02-qkv.bf16
147	2	0	4	4	960	576	0	1	/tmp/riley-opt-260912/multisequence-projection-candidates-v1/fixtures/x-576-0-m4-a4.bf16	/tmp/riley-opt-260912/multisequence-projection-candidates-v1/fixtures/w-02-qkv.bf16
148	2	0	4	3	960	576	0	0	/tmp/riley-opt-260912/multisequence-projection-candidates-v1/fixtures/x-576-0-m4-a3.bf16	/tmp/riley-opt-260912/multisequence-projection-candidates-v1/fixtures/w-02-qkv.bf16
149	2	0	4	3	960	576	0	1	/tmp/riley-opt-260912/multisequence-projection-candidates-v1/fixtures/x-576-0-m4-a3.bf16	/tmp/riley-opt-260912/multisequence-projection-candidates-v1/fixtures/w-02-qkv.bf16
150	2	0	2	2	960	576	1	0	/tmp/riley-opt-260912/multisequence-projection-candidates-v1/fixtures/x-576-1-m2-a2.bf16	/tmp/riley-opt-260912/multisequence-projection-candidates-v1/fixtures/w-02-qkv.bf16
151	2	0	2	2	960	576	1	1	/tmp/riley-opt-260912/multisequence-projection-candidates-v1/fixtures/x-576-1-m2-a2.bf16	/tmp/riley-opt-260912/multisequence-projection-candidates-v1/fixtures/w-02-qkv.bf16
152	2	0	4	4	960	576	1	0	/tmp/riley-opt-260912/multisequence-projection-candidates-v1/fixtures/x-576-1-m4-a4.bf16	/tmp/riley-opt-260912/multisequence-projection-candidates-v1/fixtures/w-02-qkv.bf16
153	2	0	4	4	960	576	1	1	/tmp/riley-opt-260912/multisequence-projection-candidates-v1/fixtures/x-576-1-m4-a4.bf16	/tmp/riley-opt-260912/multisequence-projection-candidates-v1/fixtures/w-02-qkv.bf16
154	2	0	4	3	960	576	1	0	/tmp/riley-opt-260912/multisequence-projection-candidates-v1/fixtures/x-576-1-m4-a3.bf16	/tmp/riley-opt-260912/multisequence-projection-candidates-v1/fixtures/w-02-qkv.bf16
155	2	0	4	3	960	576	1	1	/tmp/riley-opt-260912/multisequence-projection-candidates-v1/fixtures/x-576-1-m4-a3.bf16	/tmp/riley-opt-260912/multisequence-projection-candidates-v1/fixtures/w-02-qkv.bf16
156	2	0	2	2	960	576	2	0	/tmp/riley-opt-260912/multisequence-projection-candidates-v1/fixtures/x-576-2-m2-a2.bf16	/tmp/riley-opt-260912/multisequence-projection-candidates-v1/fixtures/w-02-qkv.bf16
157	2	0	2	2	960	576	2	1	/tmp/riley-opt-260912/multisequence-projection-candidates-v1/fixtures/x-576-2-m2-a2.bf16	/tmp/riley-opt-260912/multisequence-projection-candidates-v1/fixtures/w-02-qkv.bf16
158	2	0	4	4	960	576	2	0	/tmp/riley-opt-260912/multisequence-projection-candidates-v1/fixtures/x-576-2-m4-a4.bf16	/tmp/riley-opt-260912/multisequence-projection-candidates-v1/fixtures/w-02-qkv.bf16
159	2	0	4	4	960	576	2	1	/tmp/riley-opt-260912/multisequence-projection-candidates-v1/fixtures/x-576-2-m4-a4.bf16	/tmp/riley-opt-260912/multisequence-projection-candidates-v1/fixtures/w-02-qkv.bf16
160	2	0	4	3	960	576	2	0	/tmp/riley-opt-260912/multisequence-projection-candidates-v1/fixtures/x-576-2-m4-a3.bf16	/tmp/riley-opt-260912/multisequence-projection-candidates-v1/fixtures/w-02-qkv.bf16
161	2	0	4	3	960	576	2	1	/tmp/riley-opt-260912/multisequence-projection-candidates-v1/fixtures/x-576-2-m4-a3.bf16	/tmp/riley-opt-260912/multisequence-projection-candidates-v1/fixtures/w-02-qkv.bf16
162	2	1	2	2	3072	576	0	0	/tmp/riley-opt-260912/multisequence-projection-candidates-v1/fixtures/x-576-0-m2-a2.bf16	/tmp/riley-opt-260912/multisequence-projection-candidates-v1/fixtures/w-02-gate_up.bf16
163	2	1	2	2	3072	576	0	1	/tmp/riley-opt-260912/multisequence-projection-candidates-v1/fixtures/x-576-0-m2-a2.bf16	/tmp/riley-opt-260912/multisequence-projection-candidates-v1/fixtures/w-02-gate_up.bf16
164	2	1	4	4	3072	576	0	0	/tmp/riley-opt-260912/multisequence-projection-candidates-v1/fixtures/x-576-0-m4-a4.bf16	/tmp/riley-opt-260912/multisequence-projection-candidates-v1/fixtures/w-02-gate_up.bf16
165	2	1	4	4	3072	576	0	1	/tmp/riley-opt-260912/multisequence-projection-candidates-v1/fixtures/x-576-0-m4-a4.bf16	/tmp/riley-opt-260912/multisequence-projection-candidates-v1/fixtures/w-02-gate_up.bf16
166	2	1	4	3	3072	576	0	0	/tmp/riley-opt-260912/multisequence-projection-candidates-v1/fixtures/x-576-0-m4-a3.bf16	/tmp/riley-opt-260912/multisequence-projection-candidates-v1/fixtures/w-02-gate_up.bf16
167	2	1	4	3	3072	576	0	1	/tmp/riley-opt-260912/multisequence-projection-candidates-v1/fixtures/x-576-0-m4-a3.bf16	/tmp/riley-opt-260912/multisequence-projection-candidates-v1/fixtures/w-02-gate_up.bf16
168	2	1	2	2	3072	576	1	0	/tmp/riley-opt-260912/multisequence-projection-candidates-v1/fixtures/x-576-1-m2-a2.bf16	/tmp/riley-opt-260912/multisequence-projection-candidates-v1/fixtures/w-02-gate_up.bf16
169	2	1	2	2	3072	576	1	1	/tmp/riley-opt-260912/multisequence-projection-candidates-v1/fixtures/x-576-1-m2-a2.bf16	/tmp/riley-opt-260912/multisequence-projection-candidates-v1/fixtures/w-02-gate_up.bf16
170	2	1	4	4	3072	576	1	0	/tmp/riley-opt-260912/multisequence-projection-candidates-v1/fixtures/x-576-1-m4-a4.bf16	/tmp/riley-opt-260912/multisequence-projection-candidates-v1/fixtures/w-02-gate_up.bf16
171	2	1	4	4	3072	576	1	1	/tmp/riley-opt-260912/multisequence-projection-candidates-v1/fixtures/x-576-1-m4-a4.bf16	/tmp/riley-opt-260912/multisequence-projection-candidates-v1/fixtures/w-02-gate_up.bf16
172	2	1	4	3	3072	576	1	0	/tmp/riley-opt-260912/multisequence-projection-candidates-v1/fixtures/x-576-1-m4-a3.bf16	/tmp/riley-opt-260912/multisequence-projection-candidates-v1/fixtures/w-02-gate_up.bf16
173	2	1	4	3	3072	576	1	1	/tmp/riley-opt-260912/multisequence-projection-candidates-v1/fixtures/x-576-1-m4-a3.bf16	/tmp/riley-opt-260912/multisequence-projection-candidates-v1/fixtures/w-02-gate_up.bf16
174	2	1	2	2	3072	576	2	0	/tmp/riley-opt-260912/multisequence-projection-candidates-v1/fixtures/x-576-2-m2-a2.bf16	/tmp/riley-opt-260912/multisequence-projection-candidates-v1/fixtures/w-02-gate_up.bf16
175	2	1	2	2	3072	576	2	1	/tmp/riley-opt-260912/multisequence-projection-candidates-v1/fixtures/x-576-2-m2-a2.bf16	/tmp/riley-opt-260912/multisequence-projection-candidates-v1/fixtures/w-02-gate_up.bf16
176	2	1	4	4	3072	576	2	0	/tmp/riley-opt-260912/multisequence-projection-candidates-v1/fixtures/x-576-2-m4-a4.bf16	/tmp/riley-opt-260912/multisequence-projection-candidates-v1/fixtures/w-02-gate_up.bf16
177	2	1	4	4	3072	576	2	1	/tmp/riley-opt-260912/multisequence-projection-candidates-v1/fixtures/x-576-2-m4-a4.bf16	/tmp/riley-opt-260912/multisequence-projection-candidates-v1/fixtures/w-02-gate_up.bf16
178	2	1	4	3	3072	576	2	0	/tmp/riley-opt-260912/multisequence-projection-candidates-v1/fixtures/x-576-2-m4-a3.bf16	/tmp/riley-opt-260912/multisequence-projection-candidates-v1/fixtures/w-02-gate_up.bf16
179	2	1	4	3	3072	576	2	1	/tmp/riley-opt-260912/multisequence-projection-candidates-v1/fixtures/x-576-2-m4-a3.bf16	/tmp/riley-opt-260912/multisequence-projection-candidates-v1/fixtures/w-02-gate_up.bf16
180	2	2	2	2	576	576	0	0	/tmp/riley-opt-260912/multisequence-projection-candidates-v1/fixtures/x-576-0-m2-a2.bf16	/tmp/riley-opt-260912/multisequence-projection-candidates-v1/fixtures/w-02-o.bf16
181	2	2	2	2	576	576	0	1	/tmp/riley-opt-260912/multisequence-projection-candidates-v1/fixtures/x-576-0-m2-a2.bf16	/tmp/riley-opt-260912/multisequence-projection-candidates-v1/fixtures/w-02-o.bf16
182	2	2	4	4	576	576	0	0	/tmp/riley-opt-260912/multisequence-projection-candidates-v1/fixtures/x-576-0-m4-a4.bf16	/tmp/riley-opt-260912/multisequence-projection-candidates-v1/fixtures/w-02-o.bf16
183	2	2	4	4	576	576	0	1	/tmp/riley-opt-260912/multisequence-projection-candidates-v1/fixtures/x-576-0-m4-a4.bf16	/tmp/riley-opt-260912/multisequence-projection-candidates-v1/fixtures/w-02-o.bf16
184	2	2	4	3	576	576	0	0	/tmp/riley-opt-260912/multisequence-projection-candidates-v1/fixtures/x-576-0-m4-a3.bf16	/tmp/riley-opt-260912/multisequence-projection-candidates-v1/fixtures/w-02-o.bf16
185	2	2	4	3	576	576	0	1	/tmp/riley-opt-260912/multisequence-projection-candidates-v1/fixtures/x-576-0-m4-a3.bf16	/tmp/riley-opt-260912/multisequence-projection-candidates-v1/fixtures/w-02-o.bf16
186	2	2	2	2	576	576	1	0	/tmp/riley-opt-260912/multisequence-projection-candidates-v1/fixtures/x-576-1-m2-a2.bf16	/tmp/riley-opt-260912/multisequence-projection-candidates-v1/fixtures/w-02-o.bf16
187	2	2	2	2	576	576	1	1	/tmp/riley-opt-260912/multisequence-projection-candidates-v1/fixtures/x-576-1-m2-a2.bf16	/tmp/riley-opt-260912/multisequence-projection-candidates-v1/fixtures/w-02-o.bf16
188	2	2	4	4	576	576	1	0	/tmp/riley-opt-260912/multisequence-projection-candidates-v1/fixtures/x-576-1-m4-a4.bf16	/tmp/riley-opt-260912/multisequence-projection-candidates-v1/fixtures/w-02-o.bf16
189	2	2	4	4	576	576	1	1	/tmp/riley-opt-260912/multisequence-projection-candidates-v1/fixtures/x-576-1-m4-a4.bf16	/tmp/riley-opt-260912/multisequence-projection-candidates-v1/fixtures/w-02-o.bf16
190	2	2	4	3	576	576	1	0	/tmp/riley-opt-260912/multisequence-projection-candidates-v1/fixtures/x-576-1-m4-a3.bf16	/tmp/riley-opt-260912/multisequence-projection-candidates-v1/fixtures/w-02-o.bf16
191	2	2	4	3	576	576	1	1	/tmp/riley-opt-260912/multisequence-projection-candidates-v1/fixtures/x-576-1-m4-a3.bf16	/tmp/riley-opt-260912/multisequence-projection-candidates-v1/fixtures/w-02-o.bf16
192	2	2	2	2	576	576	2	0	/tmp/riley-opt-260912/multisequence-projection-candidates-v1/fixtures/x-576-2-m2-a2.bf16	/tmp/riley-opt-260912/multisequence-projection-candidates-v1/fixtures/w-02-o.bf16
193	2	2	2	2	576	576	2	1	/tmp/riley-opt-260912/multisequence-projection-candidates-v1/fixtures/x-576-2-m2-a2.bf16	/tmp/riley-opt-260912/multisequence-projection-candidates-v1/fixtures/w-02-o.bf16
194	2	2	4	4	576	576	2	0	/tmp/riley-opt-260912/multisequence-projection-candidates-v1/fixtures/x-576-2-m4-a4.bf16	/tmp/riley-opt-260912/multisequence-projection-candidates-v1/fixtures/w-02-o.bf16
195	2	2	4	4	576	576	2	1	/tmp/riley-opt-260912/multisequence-projection-candidates-v1/fixtures/x-576-2-m4-a4.bf16	/tmp/riley-opt-260912/multisequence-projection-candidates-v1/fixtures/w-02-o.bf16
196	2	2	4	3	576	576	2	0	/tmp/riley-opt-260912/multisequence-projection-candidates-v1/fixtures/x-576-2-m4-a3.bf16	/tmp/riley-opt-260912/multisequence-projection-candidates-v1/fixtures/w-02-o.bf16
197	2	2	4	3	576	576	2	1	/tmp/riley-opt-260912/multisequence-projection-candidates-v1/fixtures/x-576-2-m4-a3.bf16	/tmp/riley-opt-260912/multisequence-projection-candidates-v1/fixtures/w-02-o.bf16
198	2	3	2	2	576	1536	0	0	/tmp/riley-opt-260912/multisequence-projection-candidates-v1/fixtures/x-1536-0-m2-a2.bf16	/tmp/riley-opt-260912/multisequence-projection-candidates-v1/fixtures/w-02-down.bf16
199	2	3	2	2	576	1536	0	1	/tmp/riley-opt-260912/multisequence-projection-candidates-v1/fixtures/x-1536-0-m2-a2.bf16	/tmp/riley-opt-260912/multisequence-projection-candidates-v1/fixtures/w-02-down.bf16
200	2	3	4	4	576	1536	0	0	/tmp/riley-opt-260912/multisequence-projection-candidates-v1/fixtures/x-1536-0-m4-a4.bf16	/tmp/riley-opt-260912/multisequence-projection-candidates-v1/fixtures/w-02-down.bf16
201	2	3	4	4	576	1536	0	1	/tmp/riley-opt-260912/multisequence-projection-candidates-v1/fixtures/x-1536-0-m4-a4.bf16	/tmp/riley-opt-260912/multisequence-projection-candidates-v1/fixtures/w-02-down.bf16
202	2	3	4	3	576	1536	0	0	/tmp/riley-opt-260912/multisequence-projection-candidates-v1/fixtures/x-1536-0-m4-a3.bf16	/tmp/riley-opt-260912/multisequence-projection-candidates-v1/fixtures/w-02-down.bf16
203	2	3	4	3	576	1536	0	1	/tmp/riley-opt-260912/multisequence-projection-candidates-v1/fixtures/x-1536-0-m4-a3.bf16	/tmp/riley-opt-260912/multisequence-projection-candidates-v1/fixtures/w-02-down.bf16
204	2	3	2	2	576	1536	1	0	/tmp/riley-opt-260912/multisequence-projection-candidates-v1/fixtures/x-1536-1-m2-a2.bf16	/tmp/riley-opt-260912/multisequence-projection-candidates-v1/fixtures/w-02-down.bf16
205	2	3	2	2	576	1536	1	1	/tmp/riley-opt-260912/multisequence-projection-candidates-v1/fixtures/x-1536-1-m2-a2.bf16	/tmp/riley-opt-260912/multisequence-projection-candidates-v1/fixtures/w-02-down.bf16
206	2	3	4	4	576	1536	1	0	/tmp/riley-opt-260912/multisequence-projection-candidates-v1/fixtures/x-1536-1-m4-a4.bf16	/tmp/riley-opt-260912/multisequence-projection-candidates-v1/fixtures/w-02-down.bf16
207	2	3	4	4	576	1536	1	1	/tmp/riley-opt-260912/multisequence-projection-candidates-v1/fixtures/x-1536-1-m4-a4.bf16	/tmp/riley-opt-260912/multisequence-projection-candidates-v1/fixtures/w-02-down.bf16
208	2	3	4	3	576	1536	1	0	/tmp/riley-opt-260912/multisequence-projection-candidates-v1/fixtures/x-1536-1-m4-a3.bf16	/tmp/riley-opt-260912/multisequence-projection-candidates-v1/fixtures/w-02-down.bf16
209	2	3	4	3	576	1536	1	1	/tmp/riley-opt-260912/multisequence-projection-candidates-v1/fixtures/x-1536-1-m4-a3.bf16	/tmp/riley-opt-260912/multisequence-projection-candidates-v1/fixtures/w-02-down.bf16
210	2	3	2	2	576	1536	2	0	/tmp/riley-opt-260912/multisequence-projection-candidates-v1/fixtures/x-1536-2-m2-a2.bf16	/tmp/riley-opt-260912/multisequence-projection-candidates-v1/fixtures/w-02-down.bf16
211	2	3	2	2	576	1536	2	1	/tmp/riley-opt-260912/multisequence-projection-candidates-v1/fixtures/x-1536-2-m2-a2.bf16	/tmp/riley-opt-260912/multisequence-projection-candidates-v1/fixtures/w-02-down.bf16
212	2	3	4	4	576	1536	2	0	/tmp/riley-opt-260912/multisequence-projection-candidates-v1/fixtures/x-1536-2-m4-a4.bf16	/tmp/riley-opt-260912/multisequence-projection-candidates-v1/fixtures/w-02-down.bf16
213	2	3	4	4	576	1536	2	1	/tmp/riley-opt-260912/multisequence-projection-candidates-v1/fixtures/x-1536-2-m4-a4.bf16	/tmp/riley-opt-260912/multisequence-projection-candidates-v1/fixtures/w-02-down.bf16
214	2	3	4	3	576	1536	2	0	/tmp/riley-opt-260912/multisequence-projection-candidates-v1/fixtures/x-1536-2-m4-a3.bf16	/tmp/riley-opt-260912/multisequence-projection-candidates-v1/fixtures/w-02-down.bf16
215	2	3	4	3	576	1536	2	1	/tmp/riley-opt-260912/multisequence-projection-candidates-v1/fixtures/x-1536-2-m4-a3.bf16	/tmp/riley-opt-260912/multisequence-projection-candidates-v1/fixtures/w-02-down.bf16
216	3	0	2	2	960	576	0	0	/tmp/riley-opt-260912/multisequence-projection-candidates-v1/fixtures/x-576-0-m2-a2.bf16	/tmp/riley-opt-260912/multisequence-projection-candidates-v1/fixtures/w-03-qkv.bf16
217	3	0	2	2	960	576	0	1	/tmp/riley-opt-260912/multisequence-projection-candidates-v1/fixtures/x-576-0-m2-a2.bf16	/tmp/riley-opt-260912/multisequence-projection-candidates-v1/fixtures/w-03-qkv.bf16
218	3	0	4	4	960	576	0	0	/tmp/riley-opt-260912/multisequence-projection-candidates-v1/fixtures/x-576-0-m4-a4.bf16	/tmp/riley-opt-260912/multisequence-projection-candidates-v1/fixtures/w-03-qkv.bf16
219	3	0	4	4	960	576	0	1	/tmp/riley-opt-260912/multisequence-projection-candidates-v1/fixtures/x-576-0-m4-a4.bf16	/tmp/riley-opt-260912/multisequence-projection-candidates-v1/fixtures/w-03-qkv.bf16
220	3	0	4	3	960	576	0	0	/tmp/riley-opt-260912/multisequence-projection-candidates-v1/fixtures/x-576-0-m4-a3.bf16	/tmp/riley-opt-260912/multisequence-projection-candidates-v1/fixtures/w-03-qkv.bf16
221	3	0	4	3	960	576	0	1	/tmp/riley-opt-260912/multisequence-projection-candidates-v1/fixtures/x-576-0-m4-a3.bf16	/tmp/riley-opt-260912/multisequence-projection-candidates-v1/fixtures/w-03-qkv.bf16
222	3	0	2	2	960	576	1	0	/tmp/riley-opt-260912/multisequence-projection-candidates-v1/fixtures/x-576-1-m2-a2.bf16	/tmp/riley-opt-260912/multisequence-projection-candidates-v1/fixtures/w-03-qkv.bf16
223	3	0	2	2	960	576	1	1	/tmp/riley-opt-260912/multisequence-projection-candidates-v1/fixtures/x-576-1-m2-a2.bf16	/tmp/riley-opt-260912/multisequence-projection-candidates-v1/fixtures/w-03-qkv.bf16
224	3	0	4	4	960	576	1	0	/tmp/riley-opt-260912/multisequence-projection-candidates-v1/fixtures/x-576-1-m4-a4.bf16	/tmp/riley-opt-260912/multisequence-projection-candidates-v1/fixtures/w-03-qkv.bf16
225	3	0	4	4	960	576	1	1	/tmp/riley-opt-260912/multisequence-projection-candidates-v1/fixtures/x-576-1-m4-a4.bf16	/tmp/riley-opt-260912/multisequence-projection-candidates-v1/fixtures/w-03-qkv.bf16
226	3	0	4	3	960	576	1	0	/tmp/riley-opt-260912/multisequence-projection-candidates-v1/fixtures/x-576-1-m4-a3.bf16	/tmp/riley-opt-260912/multisequence-projection-candidates-v1/fixtures/w-03-qkv.bf16
227	3	0	4	3	960	576	1	1	/tmp/riley-opt-260912/multisequence-projection-candidates-v1/fixtures/x-576-1-m4-a3.bf16	/tmp/riley-opt-260912/multisequence-projection-candidates-v1/fixtures/w-03-qkv.bf16
228	3	0	2	2	960	576	2	0	/tmp/riley-opt-260912/multisequence-projection-candidates-v1/fixtures/x-576-2-m2-a2.bf16	/tmp/riley-opt-260912/multisequence-projection-candidates-v1/fixtures/w-03-qkv.bf16
229	3	0	2	2	960	576	2	1	/tmp/riley-opt-260912/multisequence-projection-candidates-v1/fixtures/x-576-2-m2-a2.bf16	/tmp/riley-opt-260912/multisequence-projection-candidates-v1/fixtures/w-03-qkv.bf16
230	3	0	4	4	960	576	2	0	/tmp/riley-opt-260912/multisequence-projection-candidates-v1/fixtures/x-576-2-m4-a4.bf16	/tmp/riley-opt-260912/multisequence-projection-candidates-v1/fixtures/w-03-qkv.bf16
231	3	0	4	4	960	576	2	1	/tmp/riley-opt-260912/multisequence-projection-candidates-v1/fixtures/x-576-2-m4-a4.bf16	/tmp/riley-opt-260912/multisequence-projection-candidates-v1/fixtures/w-03-qkv.bf16
232	3	0	4	3	960	576	2	0	/tmp/riley-opt-260912/multisequence-projection-candidates-v1/fixtures/x-576-2-m4-a3.bf16	/tmp/riley-opt-260912/multisequence-projection-candidates-v1/fixtures/w-03-qkv.bf16
233	3	0	4	3	960	576	2	1	/tmp/riley-opt-260912/multisequence-projection-candidates-v1/fixtures/x-576-2-m4-a3.bf16	/tmp/riley-opt-260912/multisequence-projection-candidates-v1/fixtures/w-03-qkv.bf16
234	3	1	2	2	3072	576	0	0	/tmp/riley-opt-260912/multisequence-projection-candidates-v1/fixtures/x-576-0-m2-a2.bf16	/tmp/riley-opt-260912/multisequence-projection-candidates-v1/fixtures/w-03-gate_up.bf16
235	3	1	2	2	3072	576	0	1	/tmp/riley-opt-260912/multisequence-projection-candidates-v1/fixtures/x-576-0-m2-a2.bf16	/tmp/riley-opt-260912/multisequence-projection-candidates-v1/fixtures/w-03-gate_up.bf16
236	3	1	4	4	3072	576	0	0	/tmp/riley-opt-260912/multisequence-projection-candidates-v1/fixtures/x-576-0-m4-a4.bf16	/tmp/riley-opt-260912/multisequence-projection-candidates-v1/fixtures/w-03-gate_up.bf16
237	3	1	4	4	3072	576	0	1	/tmp/riley-opt-260912/multisequence-projection-candidates-v1/fixtures/x-576-0-m4-a4.bf16	/tmp/riley-opt-260912/multisequence-projection-candidates-v1/fixtures/w-03-gate_up.bf16
238	3	1	4	3	3072	576	0	0	/tmp/riley-opt-260912/multisequence-projection-candidates-v1/fixtures/x-576-0-m4-a3.bf16	/tmp/riley-opt-260912/multisequence-projection-candidates-v1/fixtures/w-03-gate_up.bf16
239	3	1	4	3	3072	576	0	1	/tmp/riley-opt-260912/multisequence-projection-candidates-v1/fixtures/x-576-0-m4-a3.bf16	/tmp/riley-opt-260912/multisequence-projection-candidates-v1/fixtures/w-03-gate_up.bf16
240	3	1	2	2	3072	576	1	0	/tmp/riley-opt-260912/multisequence-projection-candidates-v1/fixtures/x-576-1-m2-a2.bf16	/tmp/riley-opt-260912/multisequence-projection-candidates-v1/fixtures/w-03-gate_up.bf16
241	3	1	2	2	3072	576	1	1	/tmp/riley-opt-260912/multisequence-projection-candidates-v1/fixtures/x-576-1-m2-a2.bf16	/tmp/riley-opt-260912/multisequence-projection-candidates-v1/fixtures/w-03-gate_up.bf16
242	3	1	4	4	3072	576	1	0	/tmp/riley-opt-260912/multisequence-projection-candidates-v1/fixtures/x-576-1-m4-a4.bf16	/tmp/riley-opt-260912/multisequence-projection-candidates-v1/fixtures/w-03-gate_up.bf16
243	3	1	4	4	3072	576	1	1	/tmp/riley-opt-260912/multisequence-projection-candidates-v1/fixtures/x-576-1-m4-a4.bf16	/tmp/riley-opt-260912/multisequence-projection-candidates-v1/fixtures/w-03-gate_up.bf16
244	3	1	4	3	3072	576	1	0	/tmp/riley-opt-260912/multisequence-projection-candidates-v1/fixtures/x-576-1-m4-a3.bf16	/tmp/riley-opt-260912/multisequence-projection-candidates-v1/fixtures/w-03-gate_up.bf16
245	3	1	4	3	3072	576	1	1	/tmp/riley-opt-260912/multisequence-projection-candidates-v1/fixtures/x-576-1-m4-a3.bf16	/tmp/riley-opt-260912/multisequence-projection-candidates-v1/fixtures/w-03-gate_up.bf16
246	3	1	2	2	3072	576	2	0	/tmp/riley-opt-260912/multisequence-projection-candidates-v1/fixtures/x-576-2-m2-a2.bf16	/tmp/riley-opt-260912/multisequence-projection-candidates-v1/fixtures/w-03-gate_up.bf16
247	3	1	2	2	3072	576	2	1	/tmp/riley-opt-260912/multisequence-projection-candidates-v1/fixtures/x-576-2-m2-a2.bf16	/tmp/riley-opt-260912/multisequence-projection-candidates-v1/fixtures/w-03-gate_up.bf16
248	3	1	4	4	3072	576	2	0	/tmp/riley-opt-260912/multisequence-projection-candidates-v1/fixtures/x-576-2-m4-a4.bf16	/tmp/riley-opt-260912/multisequence-projection-candidates-v1/fixtures/w-03-gate_up.bf16
249	3	1	4	4	3072	576	2	1	/tmp/riley-opt-260912/multisequence-projection-candidates-v1/fixtures/x-576-2-m4-a4.bf16	/tmp/riley-opt-260912/multisequence-projection-candidates-v1/fixtures/w-03-gate_up.bf16
250	3	1	4	3	3072	576	2	0	/tmp/riley-opt-260912/multisequence-projection-candidates-v1/fixtures/x-576-2-m4-a3.bf16	/tmp/riley-opt-260912/multisequence-projection-candidates-v1/fixtures/w-03-gate_up.bf16
251	3	1	4	3	3072	576	2	1	/tmp/riley-opt-260912/multisequence-projection-candidates-v1/fixtures/x-576-2-m4-a3.bf16	/tmp/riley-opt-260912/multisequence-projection-candidates-v1/fixtures/w-03-gate_up.bf16
252	3	2	2	2	576	576	0	0	/tmp/riley-opt-260912/multisequence-projection-candidates-v1/fixtures/x-576-0-m2-a2.bf16	/tmp/riley-opt-260912/multisequence-projection-candidates-v1/fixtures/w-03-o.bf16
253	3	2	2	2	576	576	0	1	/tmp/riley-opt-260912/multisequence-projection-candidates-v1/fixtures/x-576-0-m2-a2.bf16	/tmp/riley-opt-260912/multisequence-projection-candidates-v1/fixtures/w-03-o.bf16
254	3	2	4	4	576	576	0	0	/tmp/riley-opt-260912/multisequence-projection-candidates-v1/fixtures/x-576-0-m4-a4.bf16	/tmp/riley-opt-260912/multisequence-projection-candidates-v1/fixtures/w-03-o.bf16
255	3	2	4	4	576	576	0	1	/tmp/riley-opt-260912/multisequence-projection-candidates-v1/fixtures/x-576-0-m4-a4.bf16	/tmp/riley-opt-260912/multisequence-projection-candidates-v1/fixtures/w-03-o.bf16
256	3	2	4	3	576	576	0	0	/tmp/riley-opt-260912/multisequence-projection-candidates-v1/fixtures/x-576-0-m4-a3.bf16	/tmp/riley-opt-260912/multisequence-projection-candidates-v1/fixtures/w-03-o.bf16
257	3	2	4	3	576	576	0	1	/tmp/riley-opt-260912/multisequence-projection-candidates-v1/fixtures/x-576-0-m4-a3.bf16	/tmp/riley-opt-260912/multisequence-projection-candidates-v1/fixtures/w-03-o.bf16
258	3	2	2	2	576	576	1	0	/tmp/riley-opt-260912/multisequence-projection-candidates-v1/fixtures/x-576-1-m2-a2.bf16	/tmp/riley-opt-260912/multisequence-projection-candidates-v1/fixtures/w-03-o.bf16
259	3	2	2	2	576	576	1	1	/tmp/riley-opt-260912/multisequence-projection-candidates-v1/fixtures/x-576-1-m2-a2.bf16	/tmp/riley-opt-260912/multisequence-projection-candidates-v1/fixtures/w-03-o.bf16
260	3	2	4	4	576	576	1	0	/tmp/riley-opt-260912/multisequence-projection-candidates-v1/fixtures/x-576-1-m4-a4.bf16	/tmp/riley-opt-260912/multisequence-projection-candidates-v1/fixtures/w-03-o.bf16
261	3	2	4	4	576	576	1	1	/tmp/riley-opt-260912/multisequence-projection-candidates-v1/fixtures/x-576-1-m4-a4.bf16	/tmp/riley-opt-260912/multisequence-projection-candidates-v1/fixtures/w-03-o.bf16
262	3	2	4	3	576	576	1	0	/tmp/riley-opt-260912/multisequence-projection-candidates-v1/fixtures/x-576-1-m4-a3.bf16	/tmp/riley-opt-260912/multisequence-projection-candidates-v1/fixtures/w-03-o.bf16
263	3	2	4	3	576	576	1	1	/tmp/riley-opt-260912/multisequence-projection-candidates-v1/fixtures/x-576-1-m4-a3.bf16	/tmp/riley-opt-260912/multisequence-projection-candidates-v1/fixtures/w-03-o.bf16
264	3	2	2	2	576	576	2	0	/tmp/riley-opt-260912/multisequence-projection-candidates-v1/fixtures/x-576-2-m2-a2.bf16	/tmp/riley-opt-260912/multisequence-projection-candidates-v1/fixtures/w-03-o.bf16
265	3	2	2	2	576	576	2	1	/tmp/riley-opt-260912/multisequence-projection-candidates-v1/fixtures/x-576-2-m2-a2.bf16	/tmp/riley-opt-260912/multisequence-projection-candidates-v1/fixtures/w-03-o.bf16
266	3	2	4	4	576	576	2	0	/tmp/riley-opt-260912/multisequence-projection-candidates-v1/fixtures/x-576-2-m4-a4.bf16	/tmp/riley-opt-260912/multisequence-projection-candidates-v1/fixtures/w-03-o.bf16
267	3	2	4	4	576	576	2	1	/tmp/riley-opt-260912/multisequence-projection-candidates-v1/fixtures/x-576-2-m4-a4.bf16	/tmp/riley-opt-260912/multisequence-projection-candidates-v1/fixtures/w-03-o.bf16
268	3	2	4	3	576	576	2	0	/tmp/riley-opt-260912/multisequence-projection-candidates-v1/fixtures/x-576-2-m4-a3.bf16	/tmp/riley-opt-260912/multisequence-projection-candidates-v1/fixtures/w-03-o.bf16
269	3	2	4	3	576	576	2	1	/tmp/riley-opt-260912/multisequence-projection-candidates-v1/fixtures/x-576-2-m4-a3.bf16	/tmp/riley-opt-260912/multisequence-projection-candidates-v1/fixtures/w-03-o.bf16
270	3	3	2	2	576	1536	0	0	/tmp/riley-opt-260912/multisequence-projection-candidates-v1/fixtures/x-1536-0-m2-a2.bf16	/tmp/riley-opt-260912/multisequence-projection-candidates-v1/fixtures/w-03-down.bf16
271	3	3	2	2	576	1536	0	1	/tmp/riley-opt-260912/multisequence-projection-candidates-v1/fixtures/x-1536-0-m2-a2.bf16	/tmp/riley-opt-260912/multisequence-projection-candidates-v1/fixtures/w-03-down.bf16
272	3	3	4	4	576	1536	0	0	/tmp/riley-opt-260912/multisequence-projection-candidates-v1/fixtures/x-1536-0-m4-a4.bf16	/tmp/riley-opt-260912/multisequence-projection-candidates-v1/fixtures/w-03-down.bf16
273	3	3	4	4	576	1536	0	1	/tmp/riley-opt-260912/multisequence-projection-candidates-v1/fixtures/x-1536-0-m4-a4.bf16	/tmp/riley-opt-260912/multisequence-projection-candidates-v1/fixtures/w-03-down.bf16
274	3	3	4	3	576	1536	0	0	/tmp/riley-opt-260912/multisequence-projection-candidates-v1/fixtures/x-1536-0-m4-a3.bf16	/tmp/riley-opt-260912/multisequence-projection-candidates-v1/fixtures/w-03-down.bf16
275	3	3	4	3	576	1536	0	1	/tmp/riley-opt-260912/multisequence-projection-candidates-v1/fixtures/x-1536-0-m4-a3.bf16	/tmp/riley-opt-260912/multisequence-projection-candidates-v1/fixtures/w-03-down.bf16
276	3	3	2	2	576	1536	1	0	/tmp/riley-opt-260912/multisequence-projection-candidates-v1/fixtures/x-1536-1-m2-a2.bf16	/tmp/riley-opt-260912/multisequence-projection-candidates-v1/fixtures/w-03-down.bf16
277	3	3	2	2	576	1536	1	1	/tmp/riley-opt-260912/multisequence-projection-candidates-v1/fixtures/x-1536-1-m2-a2.bf16	/tmp/riley-opt-260912/multisequence-projection-candidates-v1/fixtures/w-03-down.bf16
278	3	3	4	4	576	1536	1	0	/tmp/riley-opt-260912/multisequence-projection-candidates-v1/fixtures/x-1536-1-m4-a4.bf16	/tmp/riley-opt-260912/multisequence-projection-candidates-v1/fixtures/w-03-down.bf16
279	3	3	4	4	576	1536	1	1	/tmp/riley-opt-260912/multisequence-projection-candidates-v1/fixtures/x-1536-1-m4-a4.bf16	/tmp/riley-opt-260912/multisequence-projection-candidates-v1/fixtures/w-03-down.bf16
280	3	3	4	3	576	1536	1	0	/tmp/riley-opt-260912/multisequence-projection-candidates-v1/fixtures/x-1536-1-m4-a3.bf16	/tmp/riley-opt-260912/multisequence-projection-candidates-v1/fixtures/w-03-down.bf16
281	3	3	4	3	576	1536	1	1	/tmp/riley-opt-260912/multisequence-projection-candidates-v1/fixtures/x-1536-1-m4-a3.bf16	/tmp/riley-opt-260912/multisequence-projection-candidates-v1/fixtures/w-03-down.bf16
282	3	3	2	2	576	1536	2	0	/tmp/riley-opt-260912/multisequence-projection-candidates-v1/fixtures/x-1536-2-m2-a2.bf16	/tmp/riley-opt-260912/multisequence-projection-candidates-v1/fixtures/w-03-down.bf16
283	3	3	2	2	576	1536	2	1	/tmp/riley-opt-260912/multisequence-projection-candidates-v1/fixtures/x-1536-2-m2-a2.bf16	/tmp/riley-opt-260912/multisequence-projection-candidates-v1/fixtures/w-03-down.bf16
284	3	3	4	4	576	1536	2	0	/tmp/riley-opt-260912/multisequence-projection-candidates-v1/fixtures/x-1536-2-m4-a4.bf16	/tmp/riley-opt-260912/multisequence-projection-candidates-v1/fixtures/w-03-down.bf16
285	3	3	4	4	576	1536	2	1	/tmp/riley-opt-260912/multisequence-projection-candidates-v1/fixtures/x-1536-2-m4-a4.bf16	/tmp/riley-opt-260912/multisequence-projection-candidates-v1/fixtures/w-03-down.bf16
286	3	3	4	3	576	1536	2	0	/tmp/riley-opt-260912/multisequence-projection-candidates-v1/fixtures/x-1536-2-m4-a3.bf16	/tmp/riley-opt-260912/multisequence-projection-candidates-v1/fixtures/w-03-down.bf16
287	3	3	4	3	576	1536	2	1	/tmp/riley-opt-260912/multisequence-projection-candidates-v1/fixtures/x-1536-2-m4-a3.bf16	/tmp/riley-opt-260912/multisequence-projection-candidates-v1/fixtures/w-03-down.bf16
288	4	0	2	2	960	576	0	0	/tmp/riley-opt-260912/multisequence-projection-candidates-v1/fixtures/x-576-0-m2-a2.bf16	/tmp/riley-opt-260912/multisequence-projection-candidates-v1/fixtures/w-04-qkv.bf16
289	4	0	2	2	960	576	0	1	/tmp/riley-opt-260912/multisequence-projection-candidates-v1/fixtures/x-576-0-m2-a2.bf16	/tmp/riley-opt-260912/multisequence-projection-candidates-v1/fixtures/w-04-qkv.bf16
290	4	0	4	4	960	576	0	0	/tmp/riley-opt-260912/multisequence-projection-candidates-v1/fixtures/x-576-0-m4-a4.bf16	/tmp/riley-opt-260912/multisequence-projection-candidates-v1/fixtures/w-04-qkv.bf16
291	4	0	4	4	960	576	0	1	/tmp/riley-opt-260912/multisequence-projection-candidates-v1/fixtures/x-576-0-m4-a4.bf16	/tmp/riley-opt-260912/multisequence-projection-candidates-v1/fixtures/w-04-qkv.bf16
292	4	0	4	3	960	576	0	0	/tmp/riley-opt-260912/multisequence-projection-candidates-v1/fixtures/x-576-0-m4-a3.bf16	/tmp/riley-opt-260912/multisequence-projection-candidates-v1/fixtures/w-04-qkv.bf16
293	4	0	4	3	960	576	0	1	/tmp/riley-opt-260912/multisequence-projection-candidates-v1/fixtures/x-576-0-m4-a3.bf16	/tmp/riley-opt-260912/multisequence-projection-candidates-v1/fixtures/w-04-qkv.bf16
294	4	0	2	2	960	576	1	0	/tmp/riley-opt-260912/multisequence-projection-candidates-v1/fixtures/x-576-1-m2-a2.bf16	/tmp/riley-opt-260912/multisequence-projection-candidates-v1/fixtures/w-04-qkv.bf16
295	4	0	2	2	960	576	1	1	/tmp/riley-opt-260912/multisequence-projection-candidates-v1/fixtures/x-576-1-m2-a2.bf16	/tmp/riley-opt-260912/multisequence-projection-candidates-v1/fixtures/w-04-qkv.bf16
296	4	0	4	4	960	576	1	0	/tmp/riley-opt-260912/multisequence-projection-candidates-v1/fixtures/x-576-1-m4-a4.bf16	/tmp/riley-opt-260912/multisequence-projection-candidates-v1/fixtures/w-04-qkv.bf16
297	4	0	4	4	960	576	1	1	/tmp/riley-opt-260912/multisequence-projection-candidates-v1/fixtures/x-576-1-m4-a4.bf16	/tmp/riley-opt-260912/multisequence-projection-candidates-v1/fixtures/w-04-qkv.bf16
298	4	0	4	3	960	576	1	0	/tmp/riley-opt-260912/multisequence-projection-candidates-v1/fixtures/x-576-1-m4-a3.bf16	/tmp/riley-opt-260912/multisequence-projection-candidates-v1/fixtures/w-04-qkv.bf16
299	4	0	4	3	960	576	1	1	/tmp/riley-opt-260912/multisequence-projection-candidates-v1/fixtures/x-576-1-m4-a3.bf16	/tmp/riley-opt-260912/multisequence-projection-candidates-v1/fixtures/w-04-qkv.bf16
300	4	0	2	2	960	576	2	0	/tmp/riley-opt-260912/multisequence-projection-candidates-v1/fixtures/x-576-2-m2-a2.bf16	/tmp/riley-opt-260912/multisequence-projection-candidates-v1/fixtures/w-04-qkv.bf16
301	4	0	2	2	960	576	2	1	/tmp/riley-opt-260912/multisequence-projection-candidates-v1/fixtures/x-576-2-m2-a2.bf16	/tmp/riley-opt-260912/multisequence-projection-candidates-v1/fixtures/w-04-qkv.bf16
302	4	0	4	4	960	576	2	0	/tmp/riley-opt-260912/multisequence-projection-candidates-v1/fixtures/x-576-2-m4-a4.bf16	/tmp/riley-opt-260912/multisequence-projection-candidates-v1/fixtures/w-04-qkv.bf16
303	4	0	4	4	960	576	2	1	/tmp/riley-opt-260912/multisequence-projection-candidates-v1/fixtures/x-576-2-m4-a4.bf16	/tmp/riley-opt-260912/multisequence-projection-candidates-v1/fixtures/w-04-qkv.bf16
304	4	0	4	3	960	576	2	0	/tmp/riley-opt-260912/multisequence-projection-candidates-v1/fixtures/x-576-2-m4-a3.bf16	/tmp/riley-opt-260912/multisequence-projection-candidates-v1/fixtures/w-04-qkv.bf16
305	4	0	4	3	960	576	2	1	/tmp/riley-opt-260912/multisequence-projection-candidates-v1/fixtures/x-576-2-m4-a3.bf16	/tmp/riley-opt-260912/multisequence-projection-candidates-v1/fixtures/w-04-qkv.bf16
306	4	1	2	2	3072	576	0	0	/tmp/riley-opt-260912/multisequence-projection-candidates-v1/fixtures/x-576-0-m2-a2.bf16	/tmp/riley-opt-260912/multisequence-projection-candidates-v1/fixtures/w-04-gate_up.bf16
307	4	1	2	2	3072	576	0	1	/tmp/riley-opt-260912/multisequence-projection-candidates-v1/fixtures/x-576-0-m2-a2.bf16	/tmp/riley-opt-260912/multisequence-projection-candidates-v1/fixtures/w-04-gate_up.bf16
308	4	1	4	4	3072	576	0	0	/tmp/riley-opt-260912/multisequence-projection-candidates-v1/fixtures/x-576-0-m4-a4.bf16	/tmp/riley-opt-260912/multisequence-projection-candidates-v1/fixtures/w-04-gate_up.bf16
309	4	1	4	4	3072	576	0	1	/tmp/riley-opt-260912/multisequence-projection-candidates-v1/fixtures/x-576-0-m4-a4.bf16	/tmp/riley-opt-260912/multisequence-projection-candidates-v1/fixtures/w-04-gate_up.bf16
310	4	1	4	3	3072	576	0	0	/tmp/riley-opt-260912/multisequence-projection-candidates-v1/fixtures/x-576-0-m4-a3.bf16	/tmp/riley-opt-260912/multisequence-projection-candidates-v1/fixtures/w-04-gate_up.bf16
311	4	1	4	3	3072	576	0	1	/tmp/riley-opt-260912/multisequence-projection-candidates-v1/fixtures/x-576-0-m4-a3.bf16	/tmp/riley-opt-260912/multisequence-projection-candidates-v1/fixtures/w-04-gate_up.bf16
312	4	1	2	2	3072	576	1	0	/tmp/riley-opt-260912/multisequence-projection-candidates-v1/fixtures/x-576-1-m2-a2.bf16	/tmp/riley-opt-260912/multisequence-projection-candidates-v1/fixtures/w-04-gate_up.bf16
313	4	1	2	2	3072	576	1	1	/tmp/riley-opt-260912/multisequence-projection-candidates-v1/fixtures/x-576-1-m2-a2.bf16	/tmp/riley-opt-260912/multisequence-projection-candidates-v1/fixtures/w-04-gate_up.bf16
314	4	1	4	4	3072	576	1	0	/tmp/riley-opt-260912/multisequence-projection-candidates-v1/fixtures/x-576-1-m4-a4.bf16	/tmp/riley-opt-260912/multisequence-projection-candidates-v1/fixtures/w-04-gate_up.bf16
315	4	1	4	4	3072	576	1	1	/tmp/riley-opt-260912/multisequence-projection-candidates-v1/fixtures/x-576-1-m4-a4.bf16	/tmp/riley-opt-260912/multisequence-projection-candidates-v1/fixtures/w-04-gate_up.bf16
316	4	1	4	3	3072	576	1	0	/tmp/riley-opt-260912/multisequence-projection-candidates-v1/fixtures/x-576-1-m4-a3.bf16	/tmp/riley-opt-260912/multisequence-projection-candidates-v1/fixtures/w-04-gate_up.bf16
317	4	1	4	3	3072	576	1	1	/tmp/riley-opt-260912/multisequence-projection-candidates-v1/fixtures/x-576-1-m4-a3.bf16	/tmp/riley-opt-260912/multisequence-projection-candidates-v1/fixtures/w-04-gate_up.bf16
318	4	1	2	2	3072	576	2	0	/tmp/riley-opt-260912/multisequence-projection-candidates-v1/fixtures/x-576-2-m2-a2.bf16	/tmp/riley-opt-260912/multisequence-projection-candidates-v1/fixtures/w-04-gate_up.bf16
319	4	1	2	2	3072	576	2	1	/tmp/riley-opt-260912/multisequence-projection-candidates-v1/fixtures/x-576-2-m2-a2.bf16	/tmp/riley-opt-260912/multisequence-projection-candidates-v1/fixtures/w-04-gate_up.bf16
320	4	1	4	4	3072	576	2	0	/tmp/riley-opt-260912/multisequence-projection-candidates-v1/fixtures/x-576-2-m4-a4.bf16	/tmp/riley-opt-260912/multisequence-projection-candidates-v1/fixtures/w-04-gate_up.bf16
321	4	1	4	4	3072	576	2	1	/tmp/riley-opt-260912/multisequence-projection-candidates-v1/fixtures/x-576-2-m4-a4.bf16	/tmp/riley-opt-260912/multisequence-projection-candidates-v1/fixtures/w-04-gate_up.bf16
322	4	1	4	3	3072	576	2	0	/tmp/riley-opt-260912/multisequence-projection-candidates-v1/fixtures/x-576-2-m4-a3.bf16	/tmp/riley-opt-260912/multisequence-projection-candidates-v1/fixtures/w-04-gate_up.bf16
323	4	1	4	3	3072	576	2	1	/tmp/riley-opt-260912/multisequence-projection-candidates-v1/fixtures/x-576-2-m4-a3.bf16	/tmp/riley-opt-260912/multisequence-projection-candidates-v1/fixtures/w-04-gate_up.bf16
324	4	2	2	2	576	576	0	0	/tmp/riley-opt-260912/multisequence-projection-candidates-v1/fixtures/x-576-0-m2-a2.bf16	/tmp/riley-opt-260912/multisequence-projection-candidates-v1/fixtures/w-04-o.bf16
325	4	2	2	2	576	576	0	1	/tmp/riley-opt-260912/multisequence-projection-candidates-v1/fixtures/x-576-0-m2-a2.bf16	/tmp/riley-opt-260912/multisequence-projection-candidates-v1/fixtures/w-04-o.bf16
326	4	2	4	4	576	576	0	0	/tmp/riley-opt-260912/multisequence-projection-candidates-v1/fixtures/x-576-0-m4-a4.bf16	/tmp/riley-opt-260912/multisequence-projection-candidates-v1/fixtures/w-04-o.bf16
327	4	2	4	4	576	576	0	1	/tmp/riley-opt-260912/multisequence-projection-candidates-v1/fixtures/x-576-0-m4-a4.bf16	/tmp/riley-opt-260912/multisequence-projection-candidates-v1/fixtures/w-04-o.bf16
328	4	2	4	3	576	576	0	0	/tmp/riley-opt-260912/multisequence-projection-candidates-v1/fixtures/x-576-0-m4-a3.bf16	/tmp/riley-opt-260912/multisequence-projection-candidates-v1/fixtures/w-04-o.bf16
329	4	2	4	3	576	576	0	1	/tmp/riley-opt-260912/multisequence-projection-candidates-v1/fixtures/x-576-0-m4-a3.bf16	/tmp/riley-opt-260912/multisequence-projection-candidates-v1/fixtures/w-04-o.bf16
330	4	2	2	2	576	576	1	0	/tmp/riley-opt-260912/multisequence-projection-candidates-v1/fixtures/x-576-1-m2-a2.bf16	/tmp/riley-opt-260912/multisequence-projection-candidates-v1/fixtures/w-04-o.bf16
331	4	2	2	2	576	576	1	1	/tmp/riley-opt-260912/multisequence-projection-candidates-v1/fixtures/x-576-1-m2-a2.bf16	/tmp/riley-opt-260912/multisequence-projection-candidates-v1/fixtures/w-04-o.bf16
332	4	2	4	4	576	576	1	0	/tmp/riley-opt-260912/multisequence-projection-candidates-v1/fixtures/x-576-1-m4-a4.bf16	/tmp/riley-opt-260912/multisequence-projection-candidates-v1/fixtures/w-04-o.bf16
333	4	2	4	4	576	576	1	1	/tmp/riley-opt-260912/multisequence-projection-candidates-v1/fixtures/x-576-1-m4-a4.bf16	/tmp/riley-opt-260912/multisequence-projection-candidates-v1/fixtures/w-04-o.bf16
334	4	2	4	3	576	576	1	0	/tmp/riley-opt-260912/multisequence-projection-candidates-v1/fixtures/x-576-1-m4-a3.bf16	/tmp/riley-opt-260912/multisequence-projection-candidates-v1/fixtures/w-04-o.bf16
335	4	2	4	3	576	576	1	1	/tmp/riley-opt-260912/multisequence-projection-candidates-v1/fixtures/x-576-1-m4-a3.bf16	/tmp/riley-opt-260912/multisequence-projection-candidates-v1/fixtures/w-04-o.bf16
336	4	2	2	2	576	576	2	0	/tmp/riley-opt-260912/multisequence-projection-candidates-v1/fixtures/x-576-2-m2-a2.bf16	/tmp/riley-opt-260912/multisequence-projection-candidates-v1/fixtures/w-04-o.bf16
337	4	2	2	2	576	576	2	1	/tmp/riley-opt-260912/multisequence-projection-candidates-v1/fixtures/x-576-2-m2-a2.bf16	/tmp/riley-opt-260912/multisequence-projection-candidates-v1/fixtures/w-04-o.bf16
338	4	2	4	4	576	576	2	0	/tmp/riley-opt-260912/multisequence-projection-candidates-v1/fixtures/x-576-2-m4-a4.bf16	/tmp/riley-opt-260912/multisequence-projection-candidates-v1/fixtures/w-04-o.bf16
339	4	2	4	4	576	576	2	1	/tmp/riley-opt-260912/multisequence-projection-candidates-v1/fixtures/x-576-2-m4-a4.bf16	/tmp/riley-opt-260912/multisequence-projection-candidates-v1/fixtures/w-04-o.bf16
340	4	2	4	3	576	576	2	0	/tmp/riley-opt-260912/multisequence-projection-candidates-v1/fixtures/x-576-2-m4-a3.bf16	/tmp/riley-opt-260912/multisequence-projection-candidates-v1/fixtures/w-04-o.bf16
341	4	2	4	3	576	576	2	1	/tmp/riley-opt-260912/multisequence-projection-candidates-v1/fixtures/x-576-2-m4-a3.bf16	/tmp/riley-opt-260912/multisequence-projection-candidates-v1/fixtures/w-04-o.bf16
342	4	3	2	2	576	1536	0	0	/tmp/riley-opt-260912/multisequence-projection-candidates-v1/fixtures/x-1536-0-m2-a2.bf16	/tmp/riley-opt-260912/multisequence-projection-candidates-v1/fixtures/w-04-down.bf16
343	4	3	2	2	576	1536	0	1	/tmp/riley-opt-260912/multisequence-projection-candidates-v1/fixtures/x-1536-0-m2-a2.bf16	/tmp/riley-opt-260912/multisequence-projection-candidates-v1/fixtures/w-04-down.bf16
344	4	3	4	4	576	1536	0	0	/tmp/riley-opt-260912/multisequence-projection-candidates-v1/fixtures/x-1536-0-m4-a4.bf16	/tmp/riley-opt-260912/multisequence-projection-candidates-v1/fixtures/w-04-down.bf16
345	4	3	4	4	576	1536	0	1	/tmp/riley-opt-260912/multisequence-projection-candidates-v1/fixtures/x-1536-0-m4-a4.bf16	/tmp/riley-opt-260912/multisequence-projection-candidates-v1/fixtures/w-04-down.bf16
346	4	3	4	3	576	1536	0	0	/tmp/riley-opt-260912/multisequence-projection-candidates-v1/fixtures/x-1536-0-m4-a3.bf16	/tmp/riley-opt-260912/multisequence-projection-candidates-v1/fixtures/w-04-down.bf16
347	4	3	4	3	576	1536	0	1	/tmp/riley-opt-260912/multisequence-projection-candidates-v1/fixtures/x-1536-0-m4-a3.bf16	/tmp/riley-opt-260912/multisequence-projection-candidates-v1/fixtures/w-04-down.bf16
348	4	3	2	2	576	1536	1	0	/tmp/riley-opt-260912/multisequence-projection-candidates-v1/fixtures/x-1536-1-m2-a2.bf16	/tmp/riley-opt-260912/multisequence-projection-candidates-v1/fixtures/w-04-down.bf16
349	4	3	2	2	576	1536	1	1	/tmp/riley-opt-260912/multisequence-projection-candidates-v1/fixtures/x-1536-1-m2-a2.bf16	/tmp/riley-opt-260912/multisequence-projection-candidates-v1/fixtures/w-04-down.bf16
350	4	3	4	4	576	1536	1	0	/tmp/riley-opt-260912/multisequence-projection-candidates-v1/fixtures/x-1536-1-m4-a4.bf16	/tmp/riley-opt-260912/multisequence-projection-candidates-v1/fixtures/w-04-down.bf16
351	4	3	4	4	576	1536	1	1	/tmp/riley-opt-260912/multisequence-projection-candidates-v1/fixtures/x-1536-1-m4-a4.bf16	/tmp/riley-opt-260912/multisequence-projection-candidates-v1/fixtures/w-04-down.bf16
352	4	3	4	3	576	1536	1	0	/tmp/riley-opt-260912/multisequence-projection-candidates-v1/fixtures/x-1536-1-m4-a3.bf16	/tmp/riley-opt-260912/multisequence-projection-candidates-v1/fixtures/w-04-down.bf16
353	4	3	4	3	576	1536	1	1	/tmp/riley-opt-260912/multisequence-projection-candidates-v1/fixtures/x-1536-1-m4-a3.bf16	/tmp/riley-opt-260912/multisequence-projection-candidates-v1/fixtures/w-04-down.bf16
354	4	3	2	2	576	1536	2	0	/tmp/riley-opt-260912/multisequence-projection-candidates-v1/fixtures/x-1536-2-m2-a2.bf16	/tmp/riley-opt-260912/multisequence-projection-candidates-v1/fixtures/w-04-down.bf16
355	4	3	2	2	576	1536	2	1	/tmp/riley-opt-260912/multisequence-projection-candidates-v1/fixtures/x-1536-2-m2-a2.bf16	/tmp/riley-opt-260912/multisequence-projection-candidates-v1/fixtures/w-04-down.bf16
356	4	3	4	4	576	1536	2	0	/tmp/riley-opt-260912/multisequence-projection-candidates-v1/fixtures/x-1536-2-m4-a4.bf16	/tmp/riley-opt-260912/multisequence-projection-candidates-v1/fixtures/w-04-down.bf16
357	4	3	4	4	576	1536	2	1	/tmp/riley-opt-260912/multisequence-projection-candidates-v1/fixtures/x-1536-2-m4-a4.bf16	/tmp/riley-opt-260912/multisequence-projection-candidates-v1/fixtures/w-04-down.bf16
358	4	3	4	3	576	1536	2	0	/tmp/riley-opt-260912/multisequence-projection-candidates-v1/fixtures/x-1536-2-m4-a3.bf16	/tmp/riley-opt-260912/multisequence-projection-candidates-v1/fixtures/w-04-down.bf16
359	4	3	4	3	576	1536	2	1	/tmp/riley-opt-260912/multisequence-projection-candidates-v1/fixtures/x-1536-2-m4-a3.bf16	/tmp/riley-opt-260912/multisequence-projection-candidates-v1/fixtures/w-04-down.bf16
360	5	0	2	2	960	576	0	0	/tmp/riley-opt-260912/multisequence-projection-candidates-v1/fixtures/x-576-0-m2-a2.bf16	/tmp/riley-opt-260912/multisequence-projection-candidates-v1/fixtures/w-05-qkv.bf16
361	5	0	2	2	960	576	0	1	/tmp/riley-opt-260912/multisequence-projection-candidates-v1/fixtures/x-576-0-m2-a2.bf16	/tmp/riley-opt-260912/multisequence-projection-candidates-v1/fixtures/w-05-qkv.bf16
362	5	0	4	4	960	576	0	0	/tmp/riley-opt-260912/multisequence-projection-candidates-v1/fixtures/x-576-0-m4-a4.bf16	/tmp/riley-opt-260912/multisequence-projection-candidates-v1/fixtures/w-05-qkv.bf16
363	5	0	4	4	960	576	0	1	/tmp/riley-opt-260912/multisequence-projection-candidates-v1/fixtures/x-576-0-m4-a4.bf16	/tmp/riley-opt-260912/multisequence-projection-candidates-v1/fixtures/w-05-qkv.bf16
364	5	0	4	3	960	576	0	0	/tmp/riley-opt-260912/multisequence-projection-candidates-v1/fixtures/x-576-0-m4-a3.bf16	/tmp/riley-opt-260912/multisequence-projection-candidates-v1/fixtures/w-05-qkv.bf16
365	5	0	4	3	960	576	0	1	/tmp/riley-opt-260912/multisequence-projection-candidates-v1/fixtures/x-576-0-m4-a3.bf16	/tmp/riley-opt-260912/multisequence-projection-candidates-v1/fixtures/w-05-qkv.bf16
366	5	0	2	2	960	576	1	0	/tmp/riley-opt-260912/multisequence-projection-candidates-v1/fixtures/x-576-1-m2-a2.bf16	/tmp/riley-opt-260912/multisequence-projection-candidates-v1/fixtures/w-05-qkv.bf16
367	5	0	2	2	960	576	1	1	/tmp/riley-opt-260912/multisequence-projection-candidates-v1/fixtures/x-576-1-m2-a2.bf16	/tmp/riley-opt-260912/multisequence-projection-candidates-v1/fixtures/w-05-qkv.bf16
368	5	0	4	4	960	576	1	0	/tmp/riley-opt-260912/multisequence-projection-candidates-v1/fixtures/x-576-1-m4-a4.bf16	/tmp/riley-opt-260912/multisequence-projection-candidates-v1/fixtures/w-05-qkv.bf16
369	5	0	4	4	960	576	1	1	/tmp/riley-opt-260912/multisequence-projection-candidates-v1/fixtures/x-576-1-m4-a4.bf16	/tmp/riley-opt-260912/multisequence-projection-candidates-v1/fixtures/w-05-qkv.bf16
370	5	0	4	3	960	576	1	0	/tmp/riley-opt-260912/multisequence-projection-candidates-v1/fixtures/x-576-1-m4-a3.bf16	/tmp/riley-opt-260912/multisequence-projection-candidates-v1/fixtures/w-05-qkv.bf16
371	5	0	4	3	960	576	1	1	/tmp/riley-opt-260912/multisequence-projection-candidates-v1/fixtures/x-576-1-m4-a3.bf16	/tmp/riley-opt-260912/multisequence-projection-candidates-v1/fixtures/w-05-qkv.bf16
372	5	0	2	2	960	576	2	0	/tmp/riley-opt-260912/multisequence-projection-candidates-v1/fixtures/x-576-2-m2-a2.bf16	/tmp/riley-opt-260912/multisequence-projection-candidates-v1/fixtures/w-05-qkv.bf16
373	5	0	2	2	960	576	2	1	/tmp/riley-opt-260912/multisequence-projection-candidates-v1/fixtures/x-576-2-m2-a2.bf16	/tmp/riley-opt-260912/multisequence-projection-candidates-v1/fixtures/w-05-qkv.bf16
374	5	0	4	4	960	576	2	0	/tmp/riley-opt-260912/multisequence-projection-candidates-v1/fixtures/x-576-2-m4-a4.bf16	/tmp/riley-opt-260912/multisequence-projection-candidates-v1/fixtures/w-05-qkv.bf16
375	5	0	4	4	960	576	2	1	/tmp/riley-opt-260912/multisequence-projection-candidates-v1/fixtures/x-576-2-m4-a4.bf16	/tmp/riley-opt-260912/multisequence-projection-candidates-v1/fixtures/w-05-qkv.bf16
376	5	0	4	3	960	576	2	0	/tmp/riley-opt-260912/multisequence-projection-candidates-v1/fixtures/x-576-2-m4-a3.bf16	/tmp/riley-opt-260912/multisequence-projection-candidates-v1/fixtures/w-05-qkv.bf16
377	5	0	4	3	960	576	2	1	/tmp/riley-opt-260912/multisequence-projection-candidates-v1/fixtures/x-576-2-m4-a3.bf16	/tmp/riley-opt-260912/multisequence-projection-candidates-v1/fixtures/w-05-qkv.bf16
378	5	1	2	2	3072	576	0	0	/tmp/riley-opt-260912/multisequence-projection-candidates-v1/fixtures/x-576-0-m2-a2.bf16	/tmp/riley-opt-260912/multisequence-projection-candidates-v1/fixtures/w-05-gate_up.bf16
379	5	1	2	2	3072	576	0	1	/tmp/riley-opt-260912/multisequence-projection-candidates-v1/fixtures/x-576-0-m2-a2.bf16	/tmp/riley-opt-260912/multisequence-projection-candidates-v1/fixtures/w-05-gate_up.bf16
380	5	1	4	4	3072	576	0	0	/tmp/riley-opt-260912/multisequence-projection-candidates-v1/fixtures/x-576-0-m4-a4.bf16	/tmp/riley-opt-260912/multisequence-projection-candidates-v1/fixtures/w-05-gate_up.bf16
381	5	1	4	4	3072	576	0	1	/tmp/riley-opt-260912/multisequence-projection-candidates-v1/fixtures/x-576-0-m4-a4.bf16	/tmp/riley-opt-260912/multisequence-projection-candidates-v1/fixtures/w-05-gate_up.bf16
382	5	1	4	3	3072	576	0	0	/tmp/riley-opt-260912/multisequence-projection-candidates-v1/fixtures/x-576-0-m4-a3.bf16	/tmp/riley-opt-260912/multisequence-projection-candidates-v1/fixtures/w-05-gate_up.bf16
383	5	1	4	3	3072	576	0	1	/tmp/riley-opt-260912/multisequence-projection-candidates-v1/fixtures/x-576-0-m4-a3.bf16	/tmp/riley-opt-260912/multisequence-projection-candidates-v1/fixtures/w-05-gate_up.bf16
384	5	1	2	2	3072	576	1	0	/tmp/riley-opt-260912/multisequence-projection-candidates-v1/fixtures/x-576-1-m2-a2.bf16	/tmp/riley-opt-260912/multisequence-projection-candidates-v1/fixtures/w-05-gate_up.bf16
385	5	1	2	2	3072	576	1	1	/tmp/riley-opt-260912/multisequence-projection-candidates-v1/fixtures/x-576-1-m2-a2.bf16	/tmp/riley-opt-260912/multisequence-projection-candidates-v1/fixtures/w-05-gate_up.bf16
386	5	1	4	4	3072	576	1	0	/tmp/riley-opt-260912/multisequence-projection-candidates-v1/fixtures/x-576-1-m4-a4.bf16	/tmp/riley-opt-260912/multisequence-projection-candidates-v1/fixtures/w-05-gate_up.bf16
387	5	1	4	4	3072	576	1	1	/tmp/riley-opt-260912/multisequence-projection-candidates-v1/fixtures/x-576-1-m4-a4.bf16	/tmp/riley-opt-260912/multisequence-projection-candidates-v1/fixtures/w-05-gate_up.bf16
388	5	1	4	3	3072	576	1	0	/tmp/riley-opt-260912/multisequence-projection-candidates-v1/fixtures/x-576-1-m4-a3.bf16	/tmp/riley-opt-260912/multisequence-projection-candidates-v1/fixtures/w-05-gate_up.bf16
389	5	1	4	3	3072	576	1	1	/tmp/riley-opt-260912/multisequence-projection-candidates-v1/fixtures/x-576-1-m4-a3.bf16	/tmp/riley-opt-260912/multisequence-projection-candidates-v1/fixtures/w-05-gate_up.bf16
390	5	1	2	2	3072	576	2	0	/tmp/riley-opt-260912/multisequence-projection-candidates-v1/fixtures/x-576-2-m2-a2.bf16	/tmp/riley-opt-260912/multisequence-projection-candidates-v1/fixtures/w-05-gate_up.bf16
391	5	1	2	2	3072	576	2	1	/tmp/riley-opt-260912/multisequence-projection-candidates-v1/fixtures/x-576-2-m2-a2.bf16	/tmp/riley-opt-260912/multisequence-projection-candidates-v1/fixtures/w-05-gate_up.bf16
392	5	1	4	4	3072	576	2	0	/tmp/riley-opt-260912/multisequence-projection-candidates-v1/fixtures/x-576-2-m4-a4.bf16	/tmp/riley-opt-260912/multisequence-projection-candidates-v1/fixtures/w-05-gate_up.bf16
393	5	1	4	4	3072	576	2	1	/tmp/riley-opt-260912/multisequence-projection-candidates-v1/fixtures/x-576-2-m4-a4.bf16	/tmp/riley-opt-260912/multisequence-projection-candidates-v1/fixtures/w-05-gate_up.bf16
394	5	1	4	3	3072	576	2	0	/tmp/riley-opt-260912/multisequence-projection-candidates-v1/fixtures/x-576-2-m4-a3.bf16	/tmp/riley-opt-260912/multisequence-projection-candidates-v1/fixtures/w-05-gate_up.bf16
395	5	1	4	3	3072	576	2	1	/tmp/riley-opt-260912/multisequence-projection-candidates-v1/fixtures/x-576-2-m4-a3.bf16	/tmp/riley-opt-260912/multisequence-projection-candidates-v1/fixtures/w-05-gate_up.bf16
396	5	2	2	2	576	576	0	0	/tmp/riley-opt-260912/multisequence-projection-candidates-v1/fixtures/x-576-0-m2-a2.bf16	/tmp/riley-opt-260912/multisequence-projection-candidates-v1/fixtures/w-05-o.bf16
397	5	2	2	2	576	576	0	1	/tmp/riley-opt-260912/multisequence-projection-candidates-v1/fixtures/x-576-0-m2-a2.bf16	/tmp/riley-opt-260912/multisequence-projection-candidates-v1/fixtures/w-05-o.bf16
398	5	2	4	4	576	576	0	0	/tmp/riley-opt-260912/multisequence-projection-candidates-v1/fixtures/x-576-0-m4-a4.bf16	/tmp/riley-opt-260912/multisequence-projection-candidates-v1/fixtures/w-05-o.bf16
399	5	2	4	4	576	576	0	1	/tmp/riley-opt-260912/multisequence-projection-candidates-v1/fixtures/x-576-0-m4-a4.bf16	/tmp/riley-opt-260912/multisequence-projection-candidates-v1/fixtures/w-05-o.bf16
400	5	2	4	3	576	576	0	0	/tmp/riley-opt-260912/multisequence-projection-candidates-v1/fixtures/x-576-0-m4-a3.bf16	/tmp/riley-opt-260912/multisequence-projection-candidates-v1/fixtures/w-05-o.bf16
401	5	2	4	3	576	576	0	1	/tmp/riley-opt-260912/multisequence-projection-candidates-v1/fixtures/x-576-0-m4-a3.bf16	/tmp/riley-opt-260912/multisequence-projection-candidates-v1/fixtures/w-05-o.bf16
402	5	2	2	2	576	576	1	0	/tmp/riley-opt-260912/multisequence-projection-candidates-v1/fixtures/x-576-1-m2-a2.bf16	/tmp/riley-opt-260912/multisequence-projection-candidates-v1/fixtures/w-05-o.bf16
403	5	2	2	2	576	576	1	1	/tmp/riley-opt-260912/multisequence-projection-candidates-v1/fixtures/x-576-1-m2-a2.bf16	/tmp/riley-opt-260912/multisequence-projection-candidates-v1/fixtures/w-05-o.bf16
404	5	2	4	4	576	576	1	0	/tmp/riley-opt-260912/multisequence-projection-candidates-v1/fixtures/x-576-1-m4-a4.bf16	/tmp/riley-opt-260912/multisequence-projection-candidates-v1/fixtures/w-05-o.bf16
405	5	2	4	4	576	576	1	1	/tmp/riley-opt-260912/multisequence-projection-candidates-v1/fixtures/x-576-1-m4-a4.bf16	/tmp/riley-opt-260912/multisequence-projection-candidates-v1/fixtures/w-05-o.bf16
406	5	2	4	3	576	576	1	0	/tmp/riley-opt-260912/multisequence-projection-candidates-v1/fixtures/x-576-1-m4-a3.bf16	/tmp/riley-opt-260912/multisequence-projection-candidates-v1/fixtures/w-05-o.bf16
407	5	2	4	3	576	576	1	1	/tmp/riley-opt-260912/multisequence-projection-candidates-v1/fixtures/x-576-1-m4-a3.bf16	/tmp/riley-opt-260912/multisequence-projection-candidates-v1/fixtures/w-05-o.bf16
408	5	2	2	2	576	576	2	0	/tmp/riley-opt-260912/multisequence-projection-candidates-v1/fixtures/x-576-2-m2-a2.bf16	/tmp/riley-opt-260912/multisequence-projection-candidates-v1/fixtures/w-05-o.bf16
409	5	2	2	2	576	576	2	1	/tmp/riley-opt-260912/multisequence-projection-candidates-v1/fixtures/x-576-2-m2-a2.bf16	/tmp/riley-opt-260912/multisequence-projection-candidates-v1/fixtures/w-05-o.bf16
410	5	2	4	4	576	576	2	0	/tmp/riley-opt-260912/multisequence-projection-candidates-v1/fixtures/x-576-2-m4-a4.bf16	/tmp/riley-opt-260912/multisequence-projection-candidates-v1/fixtures/w-05-o.bf16
411	5	2	4	4	576	576	2	1	/tmp/riley-opt-260912/multisequence-projection-candidates-v1/fixtures/x-576-2-m4-a4.bf16	/tmp/riley-opt-260912/multisequence-projection-candidates-v1/fixtures/w-05-o.bf16
412	5	2	4	3	576	576	2	0	/tmp/riley-opt-260912/multisequence-projection-candidates-v1/fixtures/x-576-2-m4-a3.bf16	/tmp/riley-opt-260912/multisequence-projection-candidates-v1/fixtures/w-05-o.bf16
413	5	2	4	3	576	576	2	1	/tmp/riley-opt-260912/multisequence-projection-candidates-v1/fixtures/x-576-2-m4-a3.bf16	/tmp/riley-opt-260912/multisequence-projection-candidates-v1/fixtures/w-05-o.bf16
414	5	3	2	2	576	1536	0	0	/tmp/riley-opt-260912/multisequence-projection-candidates-v1/fixtures/x-1536-0-m2-a2.bf16	/tmp/riley-opt-260912/multisequence-projection-candidates-v1/fixtures/w-05-down.bf16
415	5	3	2	2	576	1536	0	1	/tmp/riley-opt-260912/multisequence-projection-candidates-v1/fixtures/x-1536-0-m2-a2.bf16	/tmp/riley-opt-260912/multisequence-projection-candidates-v1/fixtures/w-05-down.bf16
416	5	3	4	4	576	1536	0	0	/tmp/riley-opt-260912/multisequence-projection-candidates-v1/fixtures/x-1536-0-m4-a4.bf16	/tmp/riley-opt-260912/multisequence-projection-candidates-v1/fixtures/w-05-down.bf16
417	5	3	4	4	576	1536	0	1	/tmp/riley-opt-260912/multisequence-projection-candidates-v1/fixtures/x-1536-0-m4-a4.bf16	/tmp/riley-opt-260912/multisequence-projection-candidates-v1/fixtures/w-05-down.bf16
418	5	3	4	3	576	1536	0	0	/tmp/riley-opt-260912/multisequence-projection-candidates-v1/fixtures/x-1536-0-m4-a3.bf16	/tmp/riley-opt-260912/multisequence-projection-candidates-v1/fixtures/w-05-down.bf16
419	5	3	4	3	576	1536	0	1	/tmp/riley-opt-260912/multisequence-projection-candidates-v1/fixtures/x-1536-0-m4-a3.bf16	/tmp/riley-opt-260912/multisequence-projection-candidates-v1/fixtures/w-05-down.bf16
420	5	3	2	2	576	1536	1	0	/tmp/riley-opt-260912/multisequence-projection-candidates-v1/fixtures/x-1536-1-m2-a2.bf16	/tmp/riley-opt-260912/multisequence-projection-candidates-v1/fixtures/w-05-down.bf16
421	5	3	2	2	576	1536	1	1	/tmp/riley-opt-260912/multisequence-projection-candidates-v1/fixtures/x-1536-1-m2-a2.bf16	/tmp/riley-opt-260912/multisequence-projection-candidates-v1/fixtures/w-05-down.bf16
422	5	3	4	4	576	1536	1	0	/tmp/riley-opt-260912/multisequence-projection-candidates-v1/fixtures/x-1536-1-m4-a4.bf16	/tmp/riley-opt-260912/multisequence-projection-candidates-v1/fixtures/w-05-down.bf16
423	5	3	4	4	576	1536	1	1	/tmp/riley-opt-260912/multisequence-projection-candidates-v1/fixtures/x-1536-1-m4-a4.bf16	/tmp/riley-opt-260912/multisequence-projection-candidates-v1/fixtures/w-05-down.bf16
424	5	3	4	3	576	1536	1	0	/tmp/riley-opt-260912/multisequence-projection-candidates-v1/fixtures/x-1536-1-m4-a3.bf16	/tmp/riley-opt-260912/multisequence-projection-candidates-v1/fixtures/w-05-down.bf16
425	5	3	4	3	576	1536	1	1	/tmp/riley-opt-260912/multisequence-projection-candidates-v1/fixtures/x-1536-1-m4-a3.bf16	/tmp/riley-opt-260912/multisequence-projection-candidates-v1/fixtures/w-05-down.bf16
426	5	3	2	2	576	1536	2	0	/tmp/riley-opt-260912/multisequence-projection-candidates-v1/fixtures/x-1536-2-m2-a2.bf16	/tmp/riley-opt-260912/multisequence-projection-candidates-v1/fixtures/w-05-down.bf16
427	5	3	2	2	576	1536	2	1	/tmp/riley-opt-260912/multisequence-projection-candidates-v1/fixtures/x-1536-2-m2-a2.bf16	/tmp/riley-opt-260912/multisequence-projection-candidates-v1/fixtures/w-05-down.bf16
428	5	3	4	4	576	1536	2	0	/tmp/riley-opt-260912/multisequence-projection-candidates-v1/fixtures/x-1536-2-m4-a4.bf16	/tmp/riley-opt-260912/multisequence-projection-candidates-v1/fixtures/w-05-down.bf16
429	5	3	4	4	576	1536	2	1	/tmp/riley-opt-260912/multisequence-projection-candidates-v1/fixtures/x-1536-2-m4-a4.bf16	/tmp/riley-opt-260912/multisequence-projection-candidates-v1/fixtures/w-05-down.bf16
430	5	3	4	3	576	1536	2	0	/tmp/riley-opt-260912/multisequence-projection-candidates-v1/fixtures/x-1536-2-m4-a3.bf16	/tmp/riley-opt-260912/multisequence-projection-candidates-v1/fixtures/w-05-down.bf16
431	5	3	4	3	576	1536	2	1	/tmp/riley-opt-260912/multisequence-projection-candidates-v1/fixtures/x-1536-2-m4-a3.bf16	/tmp/riley-opt-260912/multisequence-projection-candidates-v1/fixtures/w-05-down.bf16
432	6	0	2	2	960	576	0	0	/tmp/riley-opt-260912/multisequence-projection-candidates-v1/fixtures/x-576-0-m2-a2.bf16	/tmp/riley-opt-260912/multisequence-projection-candidates-v1/fixtures/w-06-qkv.bf16
433	6	0	2	2	960	576	0	1	/tmp/riley-opt-260912/multisequence-projection-candidates-v1/fixtures/x-576-0-m2-a2.bf16	/tmp/riley-opt-260912/multisequence-projection-candidates-v1/fixtures/w-06-qkv.bf16
434	6	0	4	4	960	576	0	0	/tmp/riley-opt-260912/multisequence-projection-candidates-v1/fixtures/x-576-0-m4-a4.bf16	/tmp/riley-opt-260912/multisequence-projection-candidates-v1/fixtures/w-06-qkv.bf16
435	6	0	4	4	960	576	0	1	/tmp/riley-opt-260912/multisequence-projection-candidates-v1/fixtures/x-576-0-m4-a4.bf16	/tmp/riley-opt-260912/multisequence-projection-candidates-v1/fixtures/w-06-qkv.bf16
436	6	0	4	3	960	576	0	0	/tmp/riley-opt-260912/multisequence-projection-candidates-v1/fixtures/x-576-0-m4-a3.bf16	/tmp/riley-opt-260912/multisequence-projection-candidates-v1/fixtures/w-06-qkv.bf16
437	6	0	4	3	960	576	0	1	/tmp/riley-opt-260912/multisequence-projection-candidates-v1/fixtures/x-576-0-m4-a3.bf16	/tmp/riley-opt-260912/multisequence-projection-candidates-v1/fixtures/w-06-qkv.bf16
438	6	0	2	2	960	576	1	0	/tmp/riley-opt-260912/multisequence-projection-candidates-v1/fixtures/x-576-1-m2-a2.bf16	/tmp/riley-opt-260912/multisequence-projection-candidates-v1/fixtures/w-06-qkv.bf16
439	6	0	2	2	960	576	1	1	/tmp/riley-opt-260912/multisequence-projection-candidates-v1/fixtures/x-576-1-m2-a2.bf16	/tmp/riley-opt-260912/multisequence-projection-candidates-v1/fixtures/w-06-qkv.bf16
440	6	0	4	4	960	576	1	0	/tmp/riley-opt-260912/multisequence-projection-candidates-v1/fixtures/x-576-1-m4-a4.bf16	/tmp/riley-opt-260912/multisequence-projection-candidates-v1/fixtures/w-06-qkv.bf16
441	6	0	4	4	960	576	1	1	/tmp/riley-opt-260912/multisequence-projection-candidates-v1/fixtures/x-576-1-m4-a4.bf16	/tmp/riley-opt-260912/multisequence-projection-candidates-v1/fixtures/w-06-qkv.bf16
442	6	0	4	3	960	576	1	0	/tmp/riley-opt-260912/multisequence-projection-candidates-v1/fixtures/x-576-1-m4-a3.bf16	/tmp/riley-opt-260912/multisequence-projection-candidates-v1/fixtures/w-06-qkv.bf16
443	6	0	4	3	960	576	1	1	/tmp/riley-opt-260912/multisequence-projection-candidates-v1/fixtures/x-576-1-m4-a3.bf16	/tmp/riley-opt-260912/multisequence-projection-candidates-v1/fixtures/w-06-qkv.bf16
444	6	0	2	2	960	576	2	0	/tmp/riley-opt-260912/multisequence-projection-candidates-v1/fixtures/x-576-2-m2-a2.bf16	/tmp/riley-opt-260912/multisequence-projection-candidates-v1/fixtures/w-06-qkv.bf16
445	6	0	2	2	960	576	2	1	/tmp/riley-opt-260912/multisequence-projection-candidates-v1/fixtures/x-576-2-m2-a2.bf16	/tmp/riley-opt-260912/multisequence-projection-candidates-v1/fixtures/w-06-qkv.bf16
446	6	0	4	4	960	576	2	0	/tmp/riley-opt-260912/multisequence-projection-candidates-v1/fixtures/x-576-2-m4-a4.bf16	/tmp/riley-opt-260912/multisequence-projection-candidates-v1/fixtures/w-06-qkv.bf16
447	6	0	4	4	960	576	2	1	/tmp/riley-opt-260912/multisequence-projection-candidates-v1/fixtures/x-576-2-m4-a4.bf16	/tmp/riley-opt-260912/multisequence-projection-candidates-v1/fixtures/w-06-qkv.bf16
448	6	0	4	3	960	576	2	0	/tmp/riley-opt-260912/multisequence-projection-candidates-v1/fixtures/x-576-2-m4-a3.bf16	/tmp/riley-opt-260912/multisequence-projection-candidates-v1/fixtures/w-06-qkv.bf16
449	6	0	4	3	960	576	2	1	/tmp/riley-opt-260912/multisequence-projection-candidates-v1/fixtures/x-576-2-m4-a3.bf16	/tmp/riley-opt-260912/multisequence-projection-candidates-v1/fixtures/w-06-qkv.bf16
450	6	1	2	2	3072	576	0	0	/tmp/riley-opt-260912/multisequence-projection-candidates-v1/fixtures/x-576-0-m2-a2.bf16	/tmp/riley-opt-260912/multisequence-projection-candidates-v1/fixtures/w-06-gate_up.bf16
451	6	1	2	2	3072	576	0	1	/tmp/riley-opt-260912/multisequence-projection-candidates-v1/fixtures/x-576-0-m2-a2.bf16	/tmp/riley-opt-260912/multisequence-projection-candidates-v1/fixtures/w-06-gate_up.bf16
452	6	1	4	4	3072	576	0	0	/tmp/riley-opt-260912/multisequence-projection-candidates-v1/fixtures/x-576-0-m4-a4.bf16	/tmp/riley-opt-260912/multisequence-projection-candidates-v1/fixtures/w-06-gate_up.bf16
453	6	1	4	4	3072	576	0	1	/tmp/riley-opt-260912/multisequence-projection-candidates-v1/fixtures/x-576-0-m4-a4.bf16	/tmp/riley-opt-260912/multisequence-projection-candidates-v1/fixtures/w-06-gate_up.bf16
454	6	1	4	3	3072	576	0	0	/tmp/riley-opt-260912/multisequence-projection-candidates-v1/fixtures/x-576-0-m4-a3.bf16	/tmp/riley-opt-260912/multisequence-projection-candidates-v1/fixtures/w-06-gate_up.bf16
455	6	1	4	3	3072	576	0	1	/tmp/riley-opt-260912/multisequence-projection-candidates-v1/fixtures/x-576-0-m4-a3.bf16	/tmp/riley-opt-260912/multisequence-projection-candidates-v1/fixtures/w-06-gate_up.bf16
456	6	1	2	2	3072	576	1	0	/tmp/riley-opt-260912/multisequence-projection-candidates-v1/fixtures/x-576-1-m2-a2.bf16	/tmp/riley-opt-260912/multisequence-projection-candidates-v1/fixtures/w-06-gate_up.bf16
457	6	1	2	2	3072	576	1	1	/tmp/riley-opt-260912/multisequence-projection-candidates-v1/fixtures/x-576-1-m2-a2.bf16	/tmp/riley-opt-260912/multisequence-projection-candidates-v1/fixtures/w-06-gate_up.bf16
458	6	1	4	4	3072	576	1	0	/tmp/riley-opt-260912/multisequence-projection-candidates-v1/fixtures/x-576-1-m4-a4.bf16	/tmp/riley-opt-260912/multisequence-projection-candidates-v1/fixtures/w-06-gate_up.bf16
459	6	1	4	4	3072	576	1	1	/tmp/riley-opt-260912/multisequence-projection-candidates-v1/fixtures/x-576-1-m4-a4.bf16	/tmp/riley-opt-260912/multisequence-projection-candidates-v1/fixtures/w-06-gate_up.bf16
460	6	1	4	3	3072	576	1	0	/tmp/riley-opt-260912/multisequence-projection-candidates-v1/fixtures/x-576-1-m4-a3.bf16	/tmp/riley-opt-260912/multisequence-projection-candidates-v1/fixtures/w-06-gate_up.bf16
461	6	1	4	3	3072	576	1	1	/tmp/riley-opt-260912/multisequence-projection-candidates-v1/fixtures/x-576-1-m4-a3.bf16	/tmp/riley-opt-260912/multisequence-projection-candidates-v1/fixtures/w-06-gate_up.bf16
462	6	1	2	2	3072	576	2	0	/tmp/riley-opt-260912/multisequence-projection-candidates-v1/fixtures/x-576-2-m2-a2.bf16	/tmp/riley-opt-260912/multisequence-projection-candidates-v1/fixtures/w-06-gate_up.bf16
463	6	1	2	2	3072	576	2	1	/tmp/riley-opt-260912/multisequence-projection-candidates-v1/fixtures/x-576-2-m2-a2.bf16	/tmp/riley-opt-260912/multisequence-projection-candidates-v1/fixtures/w-06-gate_up.bf16
464	6	1	4	4	3072	576	2	0	/tmp/riley-opt-260912/multisequence-projection-candidates-v1/fixtures/x-576-2-m4-a4.bf16	/tmp/riley-opt-260912/multisequence-projection-candidates-v1/fixtures/w-06-gate_up.bf16
465	6	1	4	4	3072	576	2	1	/tmp/riley-opt-260912/multisequence-projection-candidates-v1/fixtures/x-576-2-m4-a4.bf16	/tmp/riley-opt-260912/multisequence-projection-candidates-v1/fixtures/w-06-gate_up.bf16
466	6	1	4	3	3072	576	2	0	/tmp/riley-opt-260912/multisequence-projection-candidates-v1/fixtures/x-576-2-m4-a3.bf16	/tmp/riley-opt-260912/multisequence-projection-candidates-v1/fixtures/w-06-gate_up.bf16
467	6	1	4	3	3072	576	2	1	/tmp/riley-opt-260912/multisequence-projection-candidates-v1/fixtures/x-576-2-m4-a3.bf16	/tmp/riley-opt-260912/multisequence-projection-candidates-v1/fixtures/w-06-gate_up.bf16
468	6	2	2	2	576	576	0	0	/tmp/riley-opt-260912/multisequence-projection-candidates-v1/fixtures/x-576-0-m2-a2.bf16	/tmp/riley-opt-260912/multisequence-projection-candidates-v1/fixtures/w-06-o.bf16
469	6	2	2	2	576	576	0	1	/tmp/riley-opt-260912/multisequence-projection-candidates-v1/fixtures/x-576-0-m2-a2.bf16	/tmp/riley-opt-260912/multisequence-projection-candidates-v1/fixtures/w-06-o.bf16
470	6	2	4	4	576	576	0	0	/tmp/riley-opt-260912/multisequence-projection-candidates-v1/fixtures/x-576-0-m4-a4.bf16	/tmp/riley-opt-260912/multisequence-projection-candidates-v1/fixtures/w-06-o.bf16
471	6	2	4	4	576	576	0	1	/tmp/riley-opt-260912/multisequence-projection-candidates-v1/fixtures/x-576-0-m4-a4.bf16	/tmp/riley-opt-260912/multisequence-projection-candidates-v1/fixtures/w-06-o.bf16
472	6	2	4	3	576	576	0	0	/tmp/riley-opt-260912/multisequence-projection-candidates-v1/fixtures/x-576-0-m4-a3.bf16	/tmp/riley-opt-260912/multisequence-projection-candidates-v1/fixtures/w-06-o.bf16
473	6	2	4	3	576	576	0	1	/tmp/riley-opt-260912/multisequence-projection-candidates-v1/fixtures/x-576-0-m4-a3.bf16	/tmp/riley-opt-260912/multisequence-projection-candidates-v1/fixtures/w-06-o.bf16
474	6	2	2	2	576	576	1	0	/tmp/riley-opt-260912/multisequence-projection-candidates-v1/fixtures/x-576-1-m2-a2.bf16	/tmp/riley-opt-260912/multisequence-projection-candidates-v1/fixtures/w-06-o.bf16
475	6	2	2	2	576	576	1	1	/tmp/riley-opt-260912/multisequence-projection-candidates-v1/fixtures/x-576-1-m2-a2.bf16	/tmp/riley-opt-260912/multisequence-projection-candidates-v1/fixtures/w-06-o.bf16
476	6	2	4	4	576	576	1	0	/tmp/riley-opt-260912/multisequence-projection-candidates-v1/fixtures/x-576-1-m4-a4.bf16	/tmp/riley-opt-260912/multisequence-projection-candidates-v1/fixtures/w-06-o.bf16
477	6	2	4	4	576	576	1	1	/tmp/riley-opt-260912/multisequence-projection-candidates-v1/fixtures/x-576-1-m4-a4.bf16	/tmp/riley-opt-260912/multisequence-projection-candidates-v1/fixtures/w-06-o.bf16
478	6	2	4	3	576	576	1	0	/tmp/riley-opt-260912/multisequence-projection-candidates-v1/fixtures/x-576-1-m4-a3.bf16	/tmp/riley-opt-260912/multisequence-projection-candidates-v1/fixtures/w-06-o.bf16
479	6	2	4	3	576	576	1	1	/tmp/riley-opt-260912/multisequence-projection-candidates-v1/fixtures/x-576-1-m4-a3.bf16	/tmp/riley-opt-260912/multisequence-projection-candidates-v1/fixtures/w-06-o.bf16
480	6	2	2	2	576	576	2	0	/tmp/riley-opt-260912/multisequence-projection-candidates-v1/fixtures/x-576-2-m2-a2.bf16	/tmp/riley-opt-260912/multisequence-projection-candidates-v1/fixtures/w-06-o.bf16
481	6	2	2	2	576	576	2	1	/tmp/riley-opt-260912/multisequence-projection-candidates-v1/fixtures/x-576-2-m2-a2.bf16	/tmp/riley-opt-260912/multisequence-projection-candidates-v1/fixtures/w-06-o.bf16
482	6	2	4	4	576	576	2	0	/tmp/riley-opt-260912/multisequence-projection-candidates-v1/fixtures/x-576-2-m4-a4.bf16	/tmp/riley-opt-260912/multisequence-projection-candidates-v1/fixtures/w-06-o.bf16
483	6	2	4	4	576	576	2	1	/tmp/riley-opt-260912/multisequence-projection-candidates-v1/fixtures/x-576-2-m4-a4.bf16	/tmp/riley-opt-260912/multisequence-projection-candidates-v1/fixtures/w-06-o.bf16
484	6	2	4	3	576	576	2	0	/tmp/riley-opt-260912/multisequence-projection-candidates-v1/fixtures/x-576-2-m4-a3.bf16	/tmp/riley-opt-260912/multisequence-projection-candidates-v1/fixtures/w-06-o.bf16
485	6	2	4	3	576	576	2	1	/tmp/riley-opt-260912/multisequence-projection-candidates-v1/fixtures/x-576-2-m4-a3.bf16	/tmp/riley-opt-260912/multisequence-projection-candidates-v1/fixtures/w-06-o.bf16
486	6	3	2	2	576	1536	0	0	/tmp/riley-opt-260912/multisequence-projection-candidates-v1/fixtures/x-1536-0-m2-a2.bf16	/tmp/riley-opt-260912/multisequence-projection-candidates-v1/fixtures/w-06-down.bf16
487	6	3	2	2	576	1536	0	1	/tmp/riley-opt-260912/multisequence-projection-candidates-v1/fixtures/x-1536-0-m2-a2.bf16	/tmp/riley-opt-260912/multisequence-projection-candidates-v1/fixtures/w-06-down.bf16
488	6	3	4	4	576	1536	0	0	/tmp/riley-opt-260912/multisequence-projection-candidates-v1/fixtures/x-1536-0-m4-a4.bf16	/tmp/riley-opt-260912/multisequence-projection-candidates-v1/fixtures/w-06-down.bf16
489	6	3	4	4	576	1536	0	1	/tmp/riley-opt-260912/multisequence-projection-candidates-v1/fixtures/x-1536-0-m4-a4.bf16	/tmp/riley-opt-260912/multisequence-projection-candidates-v1/fixtures/w-06-down.bf16
490	6	3	4	3	576	1536	0	0	/tmp/riley-opt-260912/multisequence-projection-candidates-v1/fixtures/x-1536-0-m4-a3.bf16	/tmp/riley-opt-260912/multisequence-projection-candidates-v1/fixtures/w-06-down.bf16
491	6	3	4	3	576	1536	0	1	/tmp/riley-opt-260912/multisequence-projection-candidates-v1/fixtures/x-1536-0-m4-a3.bf16	/tmp/riley-opt-260912/multisequence-projection-candidates-v1/fixtures/w-06-down.bf16
492	6	3	2	2	576	1536	1	0	/tmp/riley-opt-260912/multisequence-projection-candidates-v1/fixtures/x-1536-1-m2-a2.bf16	/tmp/riley-opt-260912/multisequence-projection-candidates-v1/fixtures/w-06-down.bf16
493	6	3	2	2	576	1536	1	1	/tmp/riley-opt-260912/multisequence-projection-candidates-v1/fixtures/x-1536-1-m2-a2.bf16	/tmp/riley-opt-260912/multisequence-projection-candidates-v1/fixtures/w-06-down.bf16
494	6	3	4	4	576	1536	1	0	/tmp/riley-opt-260912/multisequence-projection-candidates-v1/fixtures/x-1536-1-m4-a4.bf16	/tmp/riley-opt-260912/multisequence-projection-candidates-v1/fixtures/w-06-down.bf16
495	6	3	4	4	576	1536	1	1	/tmp/riley-opt-260912/multisequence-projection-candidates-v1/fixtures/x-1536-1-m4-a4.bf16	/tmp/riley-opt-260912/multisequence-projection-candidates-v1/fixtures/w-06-down.bf16
496	6	3	4	3	576	1536	1	0	/tmp/riley-opt-260912/multisequence-projection-candidates-v1/fixtures/x-1536-1-m4-a3.bf16	/tmp/riley-opt-260912/multisequence-projection-candidates-v1/fixtures/w-06-down.bf16
497	6	3	4	3	576	1536	1	1	/tmp/riley-opt-260912/multisequence-projection-candidates-v1/fixtures/x-1536-1-m4-a3.bf16	/tmp/riley-opt-260912/multisequence-projection-candidates-v1/fixtures/w-06-down.bf16
498	6	3	2	2	576	1536	2	0	/tmp/riley-opt-260912/multisequence-projection-candidates-v1/fixtures/x-1536-2-m2-a2.bf16	/tmp/riley-opt-260912/multisequence-projection-candidates-v1/fixtures/w-06-down.bf16
499	6	3	2	2	576	1536	2	1	/tmp/riley-opt-260912/multisequence-projection-candidates-v1/fixtures/x-1536-2-m2-a2.bf16	/tmp/riley-opt-260912/multisequence-projection-candidates-v1/fixtures/w-06-down.bf16
500	6	3	4	4	576	1536	2	0	/tmp/riley-opt-260912/multisequence-projection-candidates-v1/fixtures/x-1536-2-m4-a4.bf16	/tmp/riley-opt-260912/multisequence-projection-candidates-v1/fixtures/w-06-down.bf16
501	6	3	4	4	576	1536	2	1	/tmp/riley-opt-260912/multisequence-projection-candidates-v1/fixtures/x-1536-2-m4-a4.bf16	/tmp/riley-opt-260912/multisequence-projection-candidates-v1/fixtures/w-06-down.bf16
502	6	3	4	3	576	1536	2	0	/tmp/riley-opt-260912/multisequence-projection-candidates-v1/fixtures/x-1536-2-m4-a3.bf16	/tmp/riley-opt-260912/multisequence-projection-candidates-v1/fixtures/w-06-down.bf16
503	6	3	4	3	576	1536	2	1	/tmp/riley-opt-260912/multisequence-projection-candidates-v1/fixtures/x-1536-2-m4-a3.bf16	/tmp/riley-opt-260912/multisequence-projection-candidates-v1/fixtures/w-06-down.bf16
504	7	0	2	2	960	576	0	0	/tmp/riley-opt-260912/multisequence-projection-candidates-v1/fixtures/x-576-0-m2-a2.bf16	/tmp/riley-opt-260912/multisequence-projection-candidates-v1/fixtures/w-07-qkv.bf16
505	7	0	2	2	960	576	0	1	/tmp/riley-opt-260912/multisequence-projection-candidates-v1/fixtures/x-576-0-m2-a2.bf16	/tmp/riley-opt-260912/multisequence-projection-candidates-v1/fixtures/w-07-qkv.bf16
506	7	0	4	4	960	576	0	0	/tmp/riley-opt-260912/multisequence-projection-candidates-v1/fixtures/x-576-0-m4-a4.bf16	/tmp/riley-opt-260912/multisequence-projection-candidates-v1/fixtures/w-07-qkv.bf16
507	7	0	4	4	960	576	0	1	/tmp/riley-opt-260912/multisequence-projection-candidates-v1/fixtures/x-576-0-m4-a4.bf16	/tmp/riley-opt-260912/multisequence-projection-candidates-v1/fixtures/w-07-qkv.bf16
508	7	0	4	3	960	576	0	0	/tmp/riley-opt-260912/multisequence-projection-candidates-v1/fixtures/x-576-0-m4-a3.bf16	/tmp/riley-opt-260912/multisequence-projection-candidates-v1/fixtures/w-07-qkv.bf16
509	7	0	4	3	960	576	0	1	/tmp/riley-opt-260912/multisequence-projection-candidates-v1/fixtures/x-576-0-m4-a3.bf16	/tmp/riley-opt-260912/multisequence-projection-candidates-v1/fixtures/w-07-qkv.bf16
510	7	0	2	2	960	576	1	0	/tmp/riley-opt-260912/multisequence-projection-candidates-v1/fixtures/x-576-1-m2-a2.bf16	/tmp/riley-opt-260912/multisequence-projection-candidates-v1/fixtures/w-07-qkv.bf16
511	7	0	2	2	960	576	1	1	/tmp/riley-opt-260912/multisequence-projection-candidates-v1/fixtures/x-576-1-m2-a2.bf16	/tmp/riley-opt-260912/multisequence-projection-candidates-v1/fixtures/w-07-qkv.bf16
512	7	0	4	4	960	576	1	0	/tmp/riley-opt-260912/multisequence-projection-candidates-v1/fixtures/x-576-1-m4-a4.bf16	/tmp/riley-opt-260912/multisequence-projection-candidates-v1/fixtures/w-07-qkv.bf16
513	7	0	4	4	960	576	1	1	/tmp/riley-opt-260912/multisequence-projection-candidates-v1/fixtures/x-576-1-m4-a4.bf16	/tmp/riley-opt-260912/multisequence-projection-candidates-v1/fixtures/w-07-qkv.bf16
514	7	0	4	3	960	576	1	0	/tmp/riley-opt-260912/multisequence-projection-candidates-v1/fixtures/x-576-1-m4-a3.bf16	/tmp/riley-opt-260912/multisequence-projection-candidates-v1/fixtures/w-07-qkv.bf16
515	7	0	4	3	960	576	1	1	/tmp/riley-opt-260912/multisequence-projection-candidates-v1/fixtures/x-576-1-m4-a3.bf16	/tmp/riley-opt-260912/multisequence-projection-candidates-v1/fixtures/w-07-qkv.bf16
516	7	0	2	2	960	576	2	0	/tmp/riley-opt-260912/multisequence-projection-candidates-v1/fixtures/x-576-2-m2-a2.bf16	/tmp/riley-opt-260912/multisequence-projection-candidates-v1/fixtures/w-07-qkv.bf16
517	7	0	2	2	960	576	2	1	/tmp/riley-opt-260912/multisequence-projection-candidates-v1/fixtures/x-576-2-m2-a2.bf16	/tmp/riley-opt-260912/multisequence-projection-candidates-v1/fixtures/w-07-qkv.bf16
518	7	0	4	4	960	576	2	0	/tmp/riley-opt-260912/multisequence-projection-candidates-v1/fixtures/x-576-2-m4-a4.bf16	/tmp/riley-opt-260912/multisequence-projection-candidates-v1/fixtures/w-07-qkv.bf16
519	7	0	4	4	960	576	2	1	/tmp/riley-opt-260912/multisequence-projection-candidates-v1/fixtures/x-576-2-m4-a4.bf16	/tmp/riley-opt-260912/multisequence-projection-candidates-v1/fixtures/w-07-qkv.bf16
520	7	0	4	3	960	576	2	0	/tmp/riley-opt-260912/multisequence-projection-candidates-v1/fixtures/x-576-2-m4-a3.bf16	/tmp/riley-opt-260912/multisequence-projection-candidates-v1/fixtures/w-07-qkv.bf16
521	7	0	4	3	960	576	2	1	/tmp/riley-opt-260912/multisequence-projection-candidates-v1/fixtures/x-576-2-m4-a3.bf16	/tmp/riley-opt-260912/multisequence-projection-candidates-v1/fixtures/w-07-qkv.bf16
522	7	1	2	2	3072	576	0	0	/tmp/riley-opt-260912/multisequence-projection-candidates-v1/fixtures/x-576-0-m2-a2.bf16	/tmp/riley-opt-260912/multisequence-projection-candidates-v1/fixtures/w-07-gate_up.bf16
523	7	1	2	2	3072	576	0	1	/tmp/riley-opt-260912/multisequence-projection-candidates-v1/fixtures/x-576-0-m2-a2.bf16	/tmp/riley-opt-260912/multisequence-projection-candidates-v1/fixtures/w-07-gate_up.bf16
524	7	1	4	4	3072	576	0	0	/tmp/riley-opt-260912/multisequence-projection-candidates-v1/fixtures/x-576-0-m4-a4.bf16	/tmp/riley-opt-260912/multisequence-projection-candidates-v1/fixtures/w-07-gate_up.bf16
525	7	1	4	4	3072	576	0	1	/tmp/riley-opt-260912/multisequence-projection-candidates-v1/fixtures/x-576-0-m4-a4.bf16	/tmp/riley-opt-260912/multisequence-projection-candidates-v1/fixtures/w-07-gate_up.bf16
526	7	1	4	3	3072	576	0	0	/tmp/riley-opt-260912/multisequence-projection-candidates-v1/fixtures/x-576-0-m4-a3.bf16	/tmp/riley-opt-260912/multisequence-projection-candidates-v1/fixtures/w-07-gate_up.bf16
527	7	1	4	3	3072	576	0	1	/tmp/riley-opt-260912/multisequence-projection-candidates-v1/fixtures/x-576-0-m4-a3.bf16	/tmp/riley-opt-260912/multisequence-projection-candidates-v1/fixtures/w-07-gate_up.bf16
528	7	1	2	2	3072	576	1	0	/tmp/riley-opt-260912/multisequence-projection-candidates-v1/fixtures/x-576-1-m2-a2.bf16	/tmp/riley-opt-260912/multisequence-projection-candidates-v1/fixtures/w-07-gate_up.bf16
529	7	1	2	2	3072	576	1	1	/tmp/riley-opt-260912/multisequence-projection-candidates-v1/fixtures/x-576-1-m2-a2.bf16	/tmp/riley-opt-260912/multisequence-projection-candidates-v1/fixtures/w-07-gate_up.bf16
530	7	1	4	4	3072	576	1	0	/tmp/riley-opt-260912/multisequence-projection-candidates-v1/fixtures/x-576-1-m4-a4.bf16	/tmp/riley-opt-260912/multisequence-projection-candidates-v1/fixtures/w-07-gate_up.bf16
531	7	1	4	4	3072	576	1	1	/tmp/riley-opt-260912/multisequence-projection-candidates-v1/fixtures/x-576-1-m4-a4.bf16	/tmp/riley-opt-260912/multisequence-projection-candidates-v1/fixtures/w-07-gate_up.bf16
532	7	1	4	3	3072	576	1	0	/tmp/riley-opt-260912/multisequence-projection-candidates-v1/fixtures/x-576-1-m4-a3.bf16	/tmp/riley-opt-260912/multisequence-projection-candidates-v1/fixtures/w-07-gate_up.bf16
533	7	1	4	3	3072	576	1	1	/tmp/riley-opt-260912/multisequence-projection-candidates-v1/fixtures/x-576-1-m4-a3.bf16	/tmp/riley-opt-260912/multisequence-projection-candidates-v1/fixtures/w-07-gate_up.bf16
534	7	1	2	2	3072	576	2	0	/tmp/riley-opt-260912/multisequence-projection-candidates-v1/fixtures/x-576-2-m2-a2.bf16	/tmp/riley-opt-260912/multisequence-projection-candidates-v1/fixtures/w-07-gate_up.bf16
535	7	1	2	2	3072	576	2	1	/tmp/riley-opt-260912/multisequence-projection-candidates-v1/fixtures/x-576-2-m2-a2.bf16	/tmp/riley-opt-260912/multisequence-projection-candidates-v1/fixtures/w-07-gate_up.bf16
536	7	1	4	4	3072	576	2	0	/tmp/riley-opt-260912/multisequence-projection-candidates-v1/fixtures/x-576-2-m4-a4.bf16	/tmp/riley-opt-260912/multisequence-projection-candidates-v1/fixtures/w-07-gate_up.bf16
537	7	1	4	4	3072	576	2	1	/tmp/riley-opt-260912/multisequence-projection-candidates-v1/fixtures/x-576-2-m4-a4.bf16	/tmp/riley-opt-260912/multisequence-projection-candidates-v1/fixtures/w-07-gate_up.bf16
538	7	1	4	3	3072	576	2	0	/tmp/riley-opt-260912/multisequence-projection-candidates-v1/fixtures/x-576-2-m4-a3.bf16	/tmp/riley-opt-260912/multisequence-projection-candidates-v1/fixtures/w-07-gate_up.bf16
539	7	1	4	3	3072	576	2	1	/tmp/riley-opt-260912/multisequence-projection-candidates-v1/fixtures/x-576-2-m4-a3.bf16	/tmp/riley-opt-260912/multisequence-projection-candidates-v1/fixtures/w-07-gate_up.bf16
540	7	2	2	2	576	576	0	0	/tmp/riley-opt-260912/multisequence-projection-candidates-v1/fixtures/x-576-0-m2-a2.bf16	/tmp/riley-opt-260912/multisequence-projection-candidates-v1/fixtures/w-07-o.bf16
541	7	2	2	2	576	576	0	1	/tmp/riley-opt-260912/multisequence-projection-candidates-v1/fixtures/x-576-0-m2-a2.bf16	/tmp/riley-opt-260912/multisequence-projection-candidates-v1/fixtures/w-07-o.bf16
542	7	2	4	4	576	576	0	0	/tmp/riley-opt-260912/multisequence-projection-candidates-v1/fixtures/x-576-0-m4-a4.bf16	/tmp/riley-opt-260912/multisequence-projection-candidates-v1/fixtures/w-07-o.bf16
543	7	2	4	4	576	576	0	1	/tmp/riley-opt-260912/multisequence-projection-candidates-v1/fixtures/x-576-0-m4-a4.bf16	/tmp/riley-opt-260912/multisequence-projection-candidates-v1/fixtures/w-07-o.bf16
544	7	2	4	3	576	576	0	0	/tmp/riley-opt-260912/multisequence-projection-candidates-v1/fixtures/x-576-0-m4-a3.bf16	/tmp/riley-opt-260912/multisequence-projection-candidates-v1/fixtures/w-07-o.bf16
545	7	2	4	3	576	576	0	1	/tmp/riley-opt-260912/multisequence-projection-candidates-v1/fixtures/x-576-0-m4-a3.bf16	/tmp/riley-opt-260912/multisequence-projection-candidates-v1/fixtures/w-07-o.bf16
546	7	2	2	2	576	576	1	0	/tmp/riley-opt-260912/multisequence-projection-candidates-v1/fixtures/x-576-1-m2-a2.bf16	/tmp/riley-opt-260912/multisequence-projection-candidates-v1/fixtures/w-07-o.bf16
547	7	2	2	2	576	576	1	1	/tmp/riley-opt-260912/multisequence-projection-candidates-v1/fixtures/x-576-1-m2-a2.bf16	/tmp/riley-opt-260912/multisequence-projection-candidates-v1/fixtures/w-07-o.bf16
548	7	2	4	4	576	576	1	0	/tmp/riley-opt-260912/multisequence-projection-candidates-v1/fixtures/x-576-1-m4-a4.bf16	/tmp/riley-opt-260912/multisequence-projection-candidates-v1/fixtures/w-07-o.bf16
549	7	2	4	4	576	576	1	1	/tmp/riley-opt-260912/multisequence-projection-candidates-v1/fixtures/x-576-1-m4-a4.bf16	/tmp/riley-opt-260912/multisequence-projection-candidates-v1/fixtures/w-07-o.bf16
550	7	2	4	3	576	576	1	0	/tmp/riley-opt-260912/multisequence-projection-candidates-v1/fixtures/x-576-1-m4-a3.bf16	/tmp/riley-opt-260912/multisequence-projection-candidates-v1/fixtures/w-07-o.bf16
551	7	2	4	3	576	576	1	1	/tmp/riley-opt-260912/multisequence-projection-candidates-v1/fixtures/x-576-1-m4-a3.bf16	/tmp/riley-opt-260912/multisequence-projection-candidates-v1/fixtures/w-07-o.bf16
552	7	2	2	2	576	576	2	0	/tmp/riley-opt-260912/multisequence-projection-candidates-v1/fixtures/x-576-2-m2-a2.bf16	/tmp/riley-opt-260912/multisequence-projection-candidates-v1/fixtures/w-07-o.bf16
553	7	2	2	2	576	576	2	1	/tmp/riley-opt-260912/multisequence-projection-candidates-v1/fixtures/x-576-2-m2-a2.bf16	/tmp/riley-opt-260912/multisequence-projection-candidates-v1/fixtures/w-07-o.bf16
554	7	2	4	4	576	576	2	0	/tmp/riley-opt-260912/multisequence-projection-candidates-v1/fixtures/x-576-2-m4-a4.bf16	/tmp/riley-opt-260912/multisequence-projection-candidates-v1/fixtures/w-07-o.bf16
555	7	2	4	4	576	576	2	1	/tmp/riley-opt-260912/multisequence-projection-candidates-v1/fixtures/x-576-2-m4-a4.bf16	/tmp/riley-opt-260912/multisequence-projection-candidates-v1/fixtures/w-07-o.bf16
556	7	2	4	3	576	576	2	0	/tmp/riley-opt-260912/multisequence-projection-candidates-v1/fixtures/x-576-2-m4-a3.bf16	/tmp/riley-opt-260912/multisequence-projection-candidates-v1/fixtures/w-07-o.bf16
557	7	2	4	3	576	576	2	1	/tmp/riley-opt-260912/multisequence-projection-candidates-v1/fixtures/x-576-2-m4-a3.bf16	/tmp/riley-opt-260912/multisequence-projection-candidates-v1/fixtures/w-07-o.bf16
558	7	3	2	2	576	1536	0	0	/tmp/riley-opt-260912/multisequence-projection-candidates-v1/fixtures/x-1536-0-m2-a2.bf16	/tmp/riley-opt-260912/multisequence-projection-candidates-v1/fixtures/w-07-down.bf16
559	7	3	2	2	576	1536	0	1	/tmp/riley-opt-260912/multisequence-projection-candidates-v1/fixtures/x-1536-0-m2-a2.bf16	/tmp/riley-opt-260912/multisequence-projection-candidates-v1/fixtures/w-07-down.bf16
560	7	3	4	4	576	1536	0	0	/tmp/riley-opt-260912/multisequence-projection-candidates-v1/fixtures/x-1536-0-m4-a4.bf16	/tmp/riley-opt-260912/multisequence-projection-candidates-v1/fixtures/w-07-down.bf16
561	7	3	4	4	576	1536	0	1	/tmp/riley-opt-260912/multisequence-projection-candidates-v1/fixtures/x-1536-0-m4-a4.bf16	/tmp/riley-opt-260912/multisequence-projection-candidates-v1/fixtures/w-07-down.bf16
562	7	3	4	3	576	1536	0	0	/tmp/riley-opt-260912/multisequence-projection-candidates-v1/fixtures/x-1536-0-m4-a3.bf16	/tmp/riley-opt-260912/multisequence-projection-candidates-v1/fixtures/w-07-down.bf16
563	7	3	4	3	576	1536	0	1	/tmp/riley-opt-260912/multisequence-projection-candidates-v1/fixtures/x-1536-0-m4-a3.bf16	/tmp/riley-opt-260912/multisequence-projection-candidates-v1/fixtures/w-07-down.bf16
564	7	3	2	2	576	1536	1	0	/tmp/riley-opt-260912/multisequence-projection-candidates-v1/fixtures/x-1536-1-m2-a2.bf16	/tmp/riley-opt-260912/multisequence-projection-candidates-v1/fixtures/w-07-down.bf16
565	7	3	2	2	576	1536	1	1	/tmp/riley-opt-260912/multisequence-projection-candidates-v1/fixtures/x-1536-1-m2-a2.bf16	/tmp/riley-opt-260912/multisequence-projection-candidates-v1/fixtures/w-07-down.bf16
566	7	3	4	4	576	1536	1	0	/tmp/riley-opt-260912/multisequence-projection-candidates-v1/fixtures/x-1536-1-m4-a4.bf16	/tmp/riley-opt-260912/multisequence-projection-candidates-v1/fixtures/w-07-down.bf16
567	7	3	4	4	576	1536	1	1	/tmp/riley-opt-260912/multisequence-projection-candidates-v1/fixtures/x-1536-1-m4-a4.bf16	/tmp/riley-opt-260912/multisequence-projection-candidates-v1/fixtures/w-07-down.bf16
568	7	3	4	3	576	1536	1	0	/tmp/riley-opt-260912/multisequence-projection-candidates-v1/fixtures/x-1536-1-m4-a3.bf16	/tmp/riley-opt-260912/multisequence-projection-candidates-v1/fixtures/w-07-down.bf16
569	7	3	4	3	576	1536	1	1	/tmp/riley-opt-260912/multisequence-projection-candidates-v1/fixtures/x-1536-1-m4-a3.bf16	/tmp/riley-opt-260912/multisequence-projection-candidates-v1/fixtures/w-07-down.bf16
570	7	3	2	2	576	1536	2	0	/tmp/riley-opt-260912/multisequence-projection-candidates-v1/fixtures/x-1536-2-m2-a2.bf16	/tmp/riley-opt-260912/multisequence-projection-candidates-v1/fixtures/w-07-down.bf16
571	7	3	2	2	576	1536	2	1	/tmp/riley-opt-260912/multisequence-projection-candidates-v1/fixtures/x-1536-2-m2-a2.bf16	/tmp/riley-opt-260912/multisequence-projection-candidates-v1/fixtures/w-07-down.bf16
572	7	3	4	4	576	1536	2	0	/tmp/riley-opt-260912/multisequence-projection-candidates-v1/fixtures/x-1536-2-m4-a4.bf16	/tmp/riley-opt-260912/multisequence-projection-candidates-v1/fixtures/w-07-down.bf16
573	7	3	4	4	576	1536	2	1	/tmp/riley-opt-260912/multisequence-projection-candidates-v1/fixtures/x-1536-2-m4-a4.bf16	/tmp/riley-opt-260912/multisequence-projection-candidates-v1/fixtures/w-07-down.bf16
574	7	3	4	3	576	1536	2	0	/tmp/riley-opt-260912/multisequence-projection-candidates-v1/fixtures/x-1536-2-m4-a3.bf16	/tmp/riley-opt-260912/multisequence-projection-candidates-v1/fixtures/w-07-down.bf16
575	7	3	4	3	576	1536	2	1	/tmp/riley-opt-260912/multisequence-projection-candidates-v1/fixtures/x-1536-2-m4-a3.bf16	/tmp/riley-opt-260912/multisequence-projection-candidates-v1/fixtures/w-07-down.bf16
576	8	0	2	2	960	576	0	0	/tmp/riley-opt-260912/multisequence-projection-candidates-v1/fixtures/x-576-0-m2-a2.bf16	/tmp/riley-opt-260912/multisequence-projection-candidates-v1/fixtures/w-08-qkv.bf16
577	8	0	2	2	960	576	0	1	/tmp/riley-opt-260912/multisequence-projection-candidates-v1/fixtures/x-576-0-m2-a2.bf16	/tmp/riley-opt-260912/multisequence-projection-candidates-v1/fixtures/w-08-qkv.bf16
578	8	0	4	4	960	576	0	0	/tmp/riley-opt-260912/multisequence-projection-candidates-v1/fixtures/x-576-0-m4-a4.bf16	/tmp/riley-opt-260912/multisequence-projection-candidates-v1/fixtures/w-08-qkv.bf16
579	8	0	4	4	960	576	0	1	/tmp/riley-opt-260912/multisequence-projection-candidates-v1/fixtures/x-576-0-m4-a4.bf16	/tmp/riley-opt-260912/multisequence-projection-candidates-v1/fixtures/w-08-qkv.bf16
580	8	0	4	3	960	576	0	0	/tmp/riley-opt-260912/multisequence-projection-candidates-v1/fixtures/x-576-0-m4-a3.bf16	/tmp/riley-opt-260912/multisequence-projection-candidates-v1/fixtures/w-08-qkv.bf16
581	8	0	4	3	960	576	0	1	/tmp/riley-opt-260912/multisequence-projection-candidates-v1/fixtures/x-576-0-m4-a3.bf16	/tmp/riley-opt-260912/multisequence-projection-candidates-v1/fixtures/w-08-qkv.bf16
582	8	0	2	2	960	576	1	0	/tmp/riley-opt-260912/multisequence-projection-candidates-v1/fixtures/x-576-1-m2-a2.bf16	/tmp/riley-opt-260912/multisequence-projection-candidates-v1/fixtures/w-08-qkv.bf16
583	8	0	2	2	960	576	1	1	/tmp/riley-opt-260912/multisequence-projection-candidates-v1/fixtures/x-576-1-m2-a2.bf16	/tmp/riley-opt-260912/multisequence-projection-candidates-v1/fixtures/w-08-qkv.bf16
584	8	0	4	4	960	576	1	0	/tmp/riley-opt-260912/multisequence-projection-candidates-v1/fixtures/x-576-1-m4-a4.bf16	/tmp/riley-opt-260912/multisequence-projection-candidates-v1/fixtures/w-08-qkv.bf16
585	8	0	4	4	960	576	1	1	/tmp/riley-opt-260912/multisequence-projection-candidates-v1/fixtures/x-576-1-m4-a4.bf16	/tmp/riley-opt-260912/multisequence-projection-candidates-v1/fixtures/w-08-qkv.bf16
586	8	0	4	3	960	576	1	0	/tmp/riley-opt-260912/multisequence-projection-candidates-v1/fixtures/x-576-1-m4-a3.bf16	/tmp/riley-opt-260912/multisequence-projection-candidates-v1/fixtures/w-08-qkv.bf16
587	8	0	4	3	960	576	1	1	/tmp/riley-opt-260912/multisequence-projection-candidates-v1/fixtures/x-576-1-m4-a3.bf16	/tmp/riley-opt-260912/multisequence-projection-candidates-v1/fixtures/w-08-qkv.bf16
588	8	0	2	2	960	576	2	0	/tmp/riley-opt-260912/multisequence-projection-candidates-v1/fixtures/x-576-2-m2-a2.bf16	/tmp/riley-opt-260912/multisequence-projection-candidates-v1/fixtures/w-08-qkv.bf16
589	8	0	2	2	960	576	2	1	/tmp/riley-opt-260912/multisequence-projection-candidates-v1/fixtures/x-576-2-m2-a2.bf16	/tmp/riley-opt-260912/multisequence-projection-candidates-v1/fixtures/w-08-qkv.bf16
590	8	0	4	4	960	576	2	0	/tmp/riley-opt-260912/multisequence-projection-candidates-v1/fixtures/x-576-2-m4-a4.bf16	/tmp/riley-opt-260912/multisequence-projection-candidates-v1/fixtures/w-08-qkv.bf16
591	8	0	4	4	960	576	2	1	/tmp/riley-opt-260912/multisequence-projection-candidates-v1/fixtures/x-576-2-m4-a4.bf16	/tmp/riley-opt-260912/multisequence-projection-candidates-v1/fixtures/w-08-qkv.bf16
592	8	0	4	3	960	576	2	0	/tmp/riley-opt-260912/multisequence-projection-candidates-v1/fixtures/x-576-2-m4-a3.bf16	/tmp/riley-opt-260912/multisequence-projection-candidates-v1/fixtures/w-08-qkv.bf16
593	8	0	4	3	960	576	2	1	/tmp/riley-opt-260912/multisequence-projection-candidates-v1/fixtures/x-576-2-m4-a3.bf16	/tmp/riley-opt-260912/multisequence-projection-candidates-v1/fixtures/w-08-qkv.bf16
594	8	1	2	2	3072	576	0	0	/tmp/riley-opt-260912/multisequence-projection-candidates-v1/fixtures/x-576-0-m2-a2.bf16	/tmp/riley-opt-260912/multisequence-projection-candidates-v1/fixtures/w-08-gate_up.bf16
595	8	1	2	2	3072	576	0	1	/tmp/riley-opt-260912/multisequence-projection-candidates-v1/fixtures/x-576-0-m2-a2.bf16	/tmp/riley-opt-260912/multisequence-projection-candidates-v1/fixtures/w-08-gate_up.bf16
596	8	1	4	4	3072	576	0	0	/tmp/riley-opt-260912/multisequence-projection-candidates-v1/fixtures/x-576-0-m4-a4.bf16	/tmp/riley-opt-260912/multisequence-projection-candidates-v1/fixtures/w-08-gate_up.bf16
597	8	1	4	4	3072	576	0	1	/tmp/riley-opt-260912/multisequence-projection-candidates-v1/fixtures/x-576-0-m4-a4.bf16	/tmp/riley-opt-260912/multisequence-projection-candidates-v1/fixtures/w-08-gate_up.bf16
598	8	1	4	3	3072	576	0	0	/tmp/riley-opt-260912/multisequence-projection-candidates-v1/fixtures/x-576-0-m4-a3.bf16	/tmp/riley-opt-260912/multisequence-projection-candidates-v1/fixtures/w-08-gate_up.bf16
599	8	1	4	3	3072	576	0	1	/tmp/riley-opt-260912/multisequence-projection-candidates-v1/fixtures/x-576-0-m4-a3.bf16	/tmp/riley-opt-260912/multisequence-projection-candidates-v1/fixtures/w-08-gate_up.bf16
600	8	1	2	2	3072	576	1	0	/tmp/riley-opt-260912/multisequence-projection-candidates-v1/fixtures/x-576-1-m2-a2.bf16	/tmp/riley-opt-260912/multisequence-projection-candidates-v1/fixtures/w-08-gate_up.bf16
601	8	1	2	2	3072	576	1	1	/tmp/riley-opt-260912/multisequence-projection-candidates-v1/fixtures/x-576-1-m2-a2.bf16	/tmp/riley-opt-260912/multisequence-projection-candidates-v1/fixtures/w-08-gate_up.bf16
602	8	1	4	4	3072	576	1	0	/tmp/riley-opt-260912/multisequence-projection-candidates-v1/fixtures/x-576-1-m4-a4.bf16	/tmp/riley-opt-260912/multisequence-projection-candidates-v1/fixtures/w-08-gate_up.bf16
603	8	1	4	4	3072	576	1	1	/tmp/riley-opt-260912/multisequence-projection-candidates-v1/fixtures/x-576-1-m4-a4.bf16	/tmp/riley-opt-260912/multisequence-projection-candidates-v1/fixtures/w-08-gate_up.bf16
604	8	1	4	3	3072	576	1	0	/tmp/riley-opt-260912/multisequence-projection-candidates-v1/fixtures/x-576-1-m4-a3.bf16	/tmp/riley-opt-260912/multisequence-projection-candidates-v1/fixtures/w-08-gate_up.bf16
605	8	1	4	3	3072	576	1	1	/tmp/riley-opt-260912/multisequence-projection-candidates-v1/fixtures/x-576-1-m4-a3.bf16	/tmp/riley-opt-260912/multisequence-projection-candidates-v1/fixtures/w-08-gate_up.bf16
606	8	1	2	2	3072	576	2	0	/tmp/riley-opt-260912/multisequence-projection-candidates-v1/fixtures/x-576-2-m2-a2.bf16	/tmp/riley-opt-260912/multisequence-projection-candidates-v1/fixtures/w-08-gate_up.bf16
607	8	1	2	2	3072	576	2	1	/tmp/riley-opt-260912/multisequence-projection-candidates-v1/fixtures/x-576-2-m2-a2.bf16	/tmp/riley-opt-260912/multisequence-projection-candidates-v1/fixtures/w-08-gate_up.bf16
608	8	1	4	4	3072	576	2	0	/tmp/riley-opt-260912/multisequence-projection-candidates-v1/fixtures/x-576-2-m4-a4.bf16	/tmp/riley-opt-260912/multisequence-projection-candidates-v1/fixtures/w-08-gate_up.bf16
609	8	1	4	4	3072	576	2	1	/tmp/riley-opt-260912/multisequence-projection-candidates-v1/fixtures/x-576-2-m4-a4.bf16	/tmp/riley-opt-260912/multisequence-projection-candidates-v1/fixtures/w-08-gate_up.bf16
610	8	1	4	3	3072	576	2	0	/tmp/riley-opt-260912/multisequence-projection-candidates-v1/fixtures/x-576-2-m4-a3.bf16	/tmp/riley-opt-260912/multisequence-projection-candidates-v1/fixtures/w-08-gate_up.bf16
611	8	1	4	3	3072	576	2	1	/tmp/riley-opt-260912/multisequence-projection-candidates-v1/fixtures/x-576-2-m4-a3.bf16	/tmp/riley-opt-260912/multisequence-projection-candidates-v1/fixtures/w-08-gate_up.bf16
612	8	2	2	2	576	576	0	0	/tmp/riley-opt-260912/multisequence-projection-candidates-v1/fixtures/x-576-0-m2-a2.bf16	/tmp/riley-opt-260912/multisequence-projection-candidates-v1/fixtures/w-08-o.bf16
613	8	2	2	2	576	576	0	1	/tmp/riley-opt-260912/multisequence-projection-candidates-v1/fixtures/x-576-0-m2-a2.bf16	/tmp/riley-opt-260912/multisequence-projection-candidates-v1/fixtures/w-08-o.bf16
614	8	2	4	4	576	576	0	0	/tmp/riley-opt-260912/multisequence-projection-candidates-v1/fixtures/x-576-0-m4-a4.bf16	/tmp/riley-opt-260912/multisequence-projection-candidates-v1/fixtures/w-08-o.bf16
615	8	2	4	4	576	576	0	1	/tmp/riley-opt-260912/multisequence-projection-candidates-v1/fixtures/x-576-0-m4-a4.bf16	/tmp/riley-opt-260912/multisequence-projection-candidates-v1/fixtures/w-08-o.bf16
616	8	2	4	3	576	576	0	0	/tmp/riley-opt-260912/multisequence-projection-candidates-v1/fixtures/x-576-0-m4-a3.bf16	/tmp/riley-opt-260912/multisequence-projection-candidates-v1/fixtures/w-08-o.bf16
617	8	2	4	3	576	576	0	1	/tmp/riley-opt-260912/multisequence-projection-candidates-v1/fixtures/x-576-0-m4-a3.bf16	/tmp/riley-opt-260912/multisequence-projection-candidates-v1/fixtures/w-08-o.bf16
618	8	2	2	2	576	576	1	0	/tmp/riley-opt-260912/multisequence-projection-candidates-v1/fixtures/x-576-1-m2-a2.bf16	/tmp/riley-opt-260912/multisequence-projection-candidates-v1/fixtures/w-08-o.bf16
619	8	2	2	2	576	576	1	1	/tmp/riley-opt-260912/multisequence-projection-candidates-v1/fixtures/x-576-1-m2-a2.bf16	/tmp/riley-opt-260912/multisequence-projection-candidates-v1/fixtures/w-08-o.bf16
620	8	2	4	4	576	576	1	0	/tmp/riley-opt-260912/multisequence-projection-candidates-v1/fixtures/x-576-1-m4-a4.bf16	/tmp/riley-opt-260912/multisequence-projection-candidates-v1/fixtures/w-08-o.bf16
621	8	2	4	4	576	576	1	1	/tmp/riley-opt-260912/multisequence-projection-candidates-v1/fixtures/x-576-1-m4-a4.bf16	/tmp/riley-opt-260912/multisequence-projection-candidates-v1/fixtures/w-08-o.bf16
622	8	2	4	3	576	576	1	0	/tmp/riley-opt-260912/multisequence-projection-candidates-v1/fixtures/x-576-1-m4-a3.bf16	/tmp/riley-opt-260912/multisequence-projection-candidates-v1/fixtures/w-08-o.bf16
623	8	2	4	3	576	576	1	1	/tmp/riley-opt-260912/multisequence-projection-candidates-v1/fixtures/x-576-1-m4-a3.bf16	/tmp/riley-opt-260912/multisequence-projection-candidates-v1/fixtures/w-08-o.bf16
624	8	2	2	2	576	576	2	0	/tmp/riley-opt-260912/multisequence-projection-candidates-v1/fixtures/x-576-2-m2-a2.bf16	/tmp/riley-opt-260912/multisequence-projection-candidates-v1/fixtures/w-08-o.bf16
625	8	2	2	2	576	576	2	1	/tmp/riley-opt-260912/multisequence-projection-candidates-v1/fixtures/x-576-2-m2-a2.bf16	/tmp/riley-opt-260912/multisequence-projection-candidates-v1/fixtures/w-08-o.bf16
626	8	2	4	4	576	576	2	0	/tmp/riley-opt-260912/multisequence-projection-candidates-v1/fixtures/x-576-2-m4-a4.bf16	/tmp/riley-opt-260912/multisequence-projection-candidates-v1/fixtures/w-08-o.bf16
627	8	2	4	4	576	576	2	1	/tmp/riley-opt-260912/multisequence-projection-candidates-v1/fixtures/x-576-2-m4-a4.bf16	/tmp/riley-opt-260912/multisequence-projection-candidates-v1/fixtures/w-08-o.bf16
628	8	2	4	3	576	576	2	0	/tmp/riley-opt-260912/multisequence-projection-candidates-v1/fixtures/x-576-2-m4-a3.bf16	/tmp/riley-opt-260912/multisequence-projection-candidates-v1/fixtures/w-08-o.bf16
629	8	2	4	3	576	576	2	1	/tmp/riley-opt-260912/multisequence-projection-candidates-v1/fixtures/x-576-2-m4-a3.bf16	/tmp/riley-opt-260912/multisequence-projection-candidates-v1/fixtures/w-08-o.bf16
630	8	3	2	2	576	1536	0	0	/tmp/riley-opt-260912/multisequence-projection-candidates-v1/fixtures/x-1536-0-m2-a2.bf16	/tmp/riley-opt-260912/multisequence-projection-candidates-v1/fixtures/w-08-down.bf16
631	8	3	2	2	576	1536	0	1	/tmp/riley-opt-260912/multisequence-projection-candidates-v1/fixtures/x-1536-0-m2-a2.bf16	/tmp/riley-opt-260912/multisequence-projection-candidates-v1/fixtures/w-08-down.bf16
632	8	3	4	4	576	1536	0	0	/tmp/riley-opt-260912/multisequence-projection-candidates-v1/fixtures/x-1536-0-m4-a4.bf16	/tmp/riley-opt-260912/multisequence-projection-candidates-v1/fixtures/w-08-down.bf16
633	8	3	4	4	576	1536	0	1	/tmp/riley-opt-260912/multisequence-projection-candidates-v1/fixtures/x-1536-0-m4-a4.bf16	/tmp/riley-opt-260912/multisequence-projection-candidates-v1/fixtures/w-08-down.bf16
634	8	3	4	3	576	1536	0	0	/tmp/riley-opt-260912/multisequence-projection-candidates-v1/fixtures/x-1536-0-m4-a3.bf16	/tmp/riley-opt-260912/multisequence-projection-candidates-v1/fixtures/w-08-down.bf16
635	8	3	4	3	576	1536	0	1	/tmp/riley-opt-260912/multisequence-projection-candidates-v1/fixtures/x-1536-0-m4-a3.bf16	/tmp/riley-opt-260912/multisequence-projection-candidates-v1/fixtures/w-08-down.bf16
636	8	3	2	2	576	1536	1	0	/tmp/riley-opt-260912/multisequence-projection-candidates-v1/fixtures/x-1536-1-m2-a2.bf16	/tmp/riley-opt-260912/multisequence-projection-candidates-v1/fixtures/w-08-down.bf16
637	8	3	2	2	576	1536	1	1	/tmp/riley-opt-260912/multisequence-projection-candidates-v1/fixtures/x-1536-1-m2-a2.bf16	/tmp/riley-opt-260912/multisequence-projection-candidates-v1/fixtures/w-08-down.bf16
638	8	3	4	4	576	1536	1	0	/tmp/riley-opt-260912/multisequence-projection-candidates-v1/fixtures/x-1536-1-m4-a4.bf16	/tmp/riley-opt-260912/multisequence-projection-candidates-v1/fixtures/w-08-down.bf16
639	8	3	4	4	576	1536	1	1	/tmp/riley-opt-260912/multisequence-projection-candidates-v1/fixtures/x-1536-1-m4-a4.bf16	/tmp/riley-opt-260912/multisequence-projection-candidates-v1/fixtures/w-08-down.bf16
640	8	3	4	3	576	1536	1	0	/tmp/riley-opt-260912/multisequence-projection-candidates-v1/fixtures/x-1536-1-m4-a3.bf16	/tmp/riley-opt-260912/multisequence-projection-candidates-v1/fixtures/w-08-down.bf16
641	8	3	4	3	576	1536	1	1	/tmp/riley-opt-260912/multisequence-projection-candidates-v1/fixtures/x-1536-1-m4-a3.bf16	/tmp/riley-opt-260912/multisequence-projection-candidates-v1/fixtures/w-08-down.bf16
642	8	3	2	2	576	1536	2	0	/tmp/riley-opt-260912/multisequence-projection-candidates-v1/fixtures/x-1536-2-m2-a2.bf16	/tmp/riley-opt-260912/multisequence-projection-candidates-v1/fixtures/w-08-down.bf16
643	8	3	2	2	576	1536	2	1	/tmp/riley-opt-260912/multisequence-projection-candidates-v1/fixtures/x-1536-2-m2-a2.bf16	/tmp/riley-opt-260912/multisequence-projection-candidates-v1/fixtures/w-08-down.bf16
644	8	3	4	4	576	1536	2	0	/tmp/riley-opt-260912/multisequence-projection-candidates-v1/fixtures/x-1536-2-m4-a4.bf16	/tmp/riley-opt-260912/multisequence-projection-candidates-v1/fixtures/w-08-down.bf16
645	8	3	4	4	576	1536	2	1	/tmp/riley-opt-260912/multisequence-projection-candidates-v1/fixtures/x-1536-2-m4-a4.bf16	/tmp/riley-opt-260912/multisequence-projection-candidates-v1/fixtures/w-08-down.bf16
646	8	3	4	3	576	1536	2	0	/tmp/riley-opt-260912/multisequence-projection-candidates-v1/fixtures/x-1536-2-m4-a3.bf16	/tmp/riley-opt-260912/multisequence-projection-candidates-v1/fixtures/w-08-down.bf16
647	8	3	4	3	576	1536	2	1	/tmp/riley-opt-260912/multisequence-projection-candidates-v1/fixtures/x-1536-2-m4-a3.bf16	/tmp/riley-opt-260912/multisequence-projection-candidates-v1/fixtures/w-08-down.bf16
648	9	0	2	2	960	576	0	0	/tmp/riley-opt-260912/multisequence-projection-candidates-v1/fixtures/x-576-0-m2-a2.bf16	/tmp/riley-opt-260912/multisequence-projection-candidates-v1/fixtures/w-09-qkv.bf16
649	9	0	2	2	960	576	0	1	/tmp/riley-opt-260912/multisequence-projection-candidates-v1/fixtures/x-576-0-m2-a2.bf16	/tmp/riley-opt-260912/multisequence-projection-candidates-v1/fixtures/w-09-qkv.bf16
650	9	0	4	4	960	576	0	0	/tmp/riley-opt-260912/multisequence-projection-candidates-v1/fixtures/x-576-0-m4-a4.bf16	/tmp/riley-opt-260912/multisequence-projection-candidates-v1/fixtures/w-09-qkv.bf16
651	9	0	4	4	960	576	0	1	/tmp/riley-opt-260912/multisequence-projection-candidates-v1/fixtures/x-576-0-m4-a4.bf16	/tmp/riley-opt-260912/multisequence-projection-candidates-v1/fixtures/w-09-qkv.bf16
652	9	0	4	3	960	576	0	0	/tmp/riley-opt-260912/multisequence-projection-candidates-v1/fixtures/x-576-0-m4-a3.bf16	/tmp/riley-opt-260912/multisequence-projection-candidates-v1/fixtures/w-09-qkv.bf16
653	9	0	4	3	960	576	0	1	/tmp/riley-opt-260912/multisequence-projection-candidates-v1/fixtures/x-576-0-m4-a3.bf16	/tmp/riley-opt-260912/multisequence-projection-candidates-v1/fixtures/w-09-qkv.bf16
654	9	0	2	2	960	576	1	0	/tmp/riley-opt-260912/multisequence-projection-candidates-v1/fixtures/x-576-1-m2-a2.bf16	/tmp/riley-opt-260912/multisequence-projection-candidates-v1/fixtures/w-09-qkv.bf16
655	9	0	2	2	960	576	1	1	/tmp/riley-opt-260912/multisequence-projection-candidates-v1/fixtures/x-576-1-m2-a2.bf16	/tmp/riley-opt-260912/multisequence-projection-candidates-v1/fixtures/w-09-qkv.bf16
656	9	0	4	4	960	576	1	0	/tmp/riley-opt-260912/multisequence-projection-candidates-v1/fixtures/x-576-1-m4-a4.bf16	/tmp/riley-opt-260912/multisequence-projection-candidates-v1/fixtures/w-09-qkv.bf16
657	9	0	4	4	960	576	1	1	/tmp/riley-opt-260912/multisequence-projection-candidates-v1/fixtures/x-576-1-m4-a4.bf16	/tmp/riley-opt-260912/multisequence-projection-candidates-v1/fixtures/w-09-qkv.bf16
658	9	0	4	3	960	576	1	0	/tmp/riley-opt-260912/multisequence-projection-candidates-v1/fixtures/x-576-1-m4-a3.bf16	/tmp/riley-opt-260912/multisequence-projection-candidates-v1/fixtures/w-09-qkv.bf16
659	9	0	4	3	960	576	1	1	/tmp/riley-opt-260912/multisequence-projection-candidates-v1/fixtures/x-576-1-m4-a3.bf16	/tmp/riley-opt-260912/multisequence-projection-candidates-v1/fixtures/w-09-qkv.bf16
660	9	0	2	2	960	576	2	0	/tmp/riley-opt-260912/multisequence-projection-candidates-v1/fixtures/x-576-2-m2-a2.bf16	/tmp/riley-opt-260912/multisequence-projection-candidates-v1/fixtures/w-09-qkv.bf16
661	9	0	2	2	960	576	2	1	/tmp/riley-opt-260912/multisequence-projection-candidates-v1/fixtures/x-576-2-m2-a2.bf16	/tmp/riley-opt-260912/multisequence-projection-candidates-v1/fixtures/w-09-qkv.bf16
662	9	0	4	4	960	576	2	0	/tmp/riley-opt-260912/multisequence-projection-candidates-v1/fixtures/x-576-2-m4-a4.bf16	/tmp/riley-opt-260912/multisequence-projection-candidates-v1/fixtures/w-09-qkv.bf16
663	9	0	4	4	960	576	2	1	/tmp/riley-opt-260912/multisequence-projection-candidates-v1/fixtures/x-576-2-m4-a4.bf16	/tmp/riley-opt-260912/multisequence-projection-candidates-v1/fixtures/w-09-qkv.bf16
664	9	0	4	3	960	576	2	0	/tmp/riley-opt-260912/multisequence-projection-candidates-v1/fixtures/x-576-2-m4-a3.bf16	/tmp/riley-opt-260912/multisequence-projection-candidates-v1/fixtures/w-09-qkv.bf16
665	9	0	4	3	960	576	2	1	/tmp/riley-opt-260912/multisequence-projection-candidates-v1/fixtures/x-576-2-m4-a3.bf16	/tmp/riley-opt-260912/multisequence-projection-candidates-v1/fixtures/w-09-qkv.bf16
666	9	1	2	2	3072	576	0	0	/tmp/riley-opt-260912/multisequence-projection-candidates-v1/fixtures/x-576-0-m2-a2.bf16	/tmp/riley-opt-260912/multisequence-projection-candidates-v1/fixtures/w-09-gate_up.bf16
667	9	1	2	2	3072	576	0	1	/tmp/riley-opt-260912/multisequence-projection-candidates-v1/fixtures/x-576-0-m2-a2.bf16	/tmp/riley-opt-260912/multisequence-projection-candidates-v1/fixtures/w-09-gate_up.bf16
668	9	1	4	4	3072	576	0	0	/tmp/riley-opt-260912/multisequence-projection-candidates-v1/fixtures/x-576-0-m4-a4.bf16	/tmp/riley-opt-260912/multisequence-projection-candidates-v1/fixtures/w-09-gate_up.bf16
669	9	1	4	4	3072	576	0	1	/tmp/riley-opt-260912/multisequence-projection-candidates-v1/fixtures/x-576-0-m4-a4.bf16	/tmp/riley-opt-260912/multisequence-projection-candidates-v1/fixtures/w-09-gate_up.bf16
670	9	1	4	3	3072	576	0	0	/tmp/riley-opt-260912/multisequence-projection-candidates-v1/fixtures/x-576-0-m4-a3.bf16	/tmp/riley-opt-260912/multisequence-projection-candidates-v1/fixtures/w-09-gate_up.bf16
671	9	1	4	3	3072	576	0	1	/tmp/riley-opt-260912/multisequence-projection-candidates-v1/fixtures/x-576-0-m4-a3.bf16	/tmp/riley-opt-260912/multisequence-projection-candidates-v1/fixtures/w-09-gate_up.bf16
672	9	1	2	2	3072	576	1	0	/tmp/riley-opt-260912/multisequence-projection-candidates-v1/fixtures/x-576-1-m2-a2.bf16	/tmp/riley-opt-260912/multisequence-projection-candidates-v1/fixtures/w-09-gate_up.bf16
673	9	1	2	2	3072	576	1	1	/tmp/riley-opt-260912/multisequence-projection-candidates-v1/fixtures/x-576-1-m2-a2.bf16	/tmp/riley-opt-260912/multisequence-projection-candidates-v1/fixtures/w-09-gate_up.bf16
674	9	1	4	4	3072	576	1	0	/tmp/riley-opt-260912/multisequence-projection-candidates-v1/fixtures/x-576-1-m4-a4.bf16	/tmp/riley-opt-260912/multisequence-projection-candidates-v1/fixtures/w-09-gate_up.bf16
675	9	1	4	4	3072	576	1	1	/tmp/riley-opt-260912/multisequence-projection-candidates-v1/fixtures/x-576-1-m4-a4.bf16	/tmp/riley-opt-260912/multisequence-projection-candidates-v1/fixtures/w-09-gate_up.bf16
676	9	1	4	3	3072	576	1	0	/tmp/riley-opt-260912/multisequence-projection-candidates-v1/fixtures/x-576-1-m4-a3.bf16	/tmp/riley-opt-260912/multisequence-projection-candidates-v1/fixtures/w-09-gate_up.bf16
677	9	1	4	3	3072	576	1	1	/tmp/riley-opt-260912/multisequence-projection-candidates-v1/fixtures/x-576-1-m4-a3.bf16	/tmp/riley-opt-260912/multisequence-projection-candidates-v1/fixtures/w-09-gate_up.bf16
678	9	1	2	2	3072	576	2	0	/tmp/riley-opt-260912/multisequence-projection-candidates-v1/fixtures/x-576-2-m2-a2.bf16	/tmp/riley-opt-260912/multisequence-projection-candidates-v1/fixtures/w-09-gate_up.bf16
679	9	1	2	2	3072	576	2	1	/tmp/riley-opt-260912/multisequence-projection-candidates-v1/fixtures/x-576-2-m2-a2.bf16	/tmp/riley-opt-260912/multisequence-projection-candidates-v1/fixtures/w-09-gate_up.bf16
680	9	1	4	4	3072	576	2	0	/tmp/riley-opt-260912/multisequence-projection-candidates-v1/fixtures/x-576-2-m4-a4.bf16	/tmp/riley-opt-260912/multisequence-projection-candidates-v1/fixtures/w-09-gate_up.bf16
681	9	1	4	4	3072	576	2	1	/tmp/riley-opt-260912/multisequence-projection-candidates-v1/fixtures/x-576-2-m4-a4.bf16	/tmp/riley-opt-260912/multisequence-projection-candidates-v1/fixtures/w-09-gate_up.bf16
682	9	1	4	3	3072	576	2	0	/tmp/riley-opt-260912/multisequence-projection-candidates-v1/fixtures/x-576-2-m4-a3.bf16	/tmp/riley-opt-260912/multisequence-projection-candidates-v1/fixtures/w-09-gate_up.bf16
683	9	1	4	3	3072	576	2	1	/tmp/riley-opt-260912/multisequence-projection-candidates-v1/fixtures/x-576-2-m4-a3.bf16	/tmp/riley-opt-260912/multisequence-projection-candidates-v1/fixtures/w-09-gate_up.bf16
684	9	2	2	2	576	576	0	0	/tmp/riley-opt-260912/multisequence-projection-candidates-v1/fixtures/x-576-0-m2-a2.bf16	/tmp/riley-opt-260912/multisequence-projection-candidates-v1/fixtures/w-09-o.bf16
685	9	2	2	2	576	576	0	1	/tmp/riley-opt-260912/multisequence-projection-candidates-v1/fixtures/x-576-0-m2-a2.bf16	/tmp/riley-opt-260912/multisequence-projection-candidates-v1/fixtures/w-09-o.bf16
686	9	2	4	4	576	576	0	0	/tmp/riley-opt-260912/multisequence-projection-candidates-v1/fixtures/x-576-0-m4-a4.bf16	/tmp/riley-opt-260912/multisequence-projection-candidates-v1/fixtures/w-09-o.bf16
687	9	2	4	4	576	576	0	1	/tmp/riley-opt-260912/multisequence-projection-candidates-v1/fixtures/x-576-0-m4-a4.bf16	/tmp/riley-opt-260912/multisequence-projection-candidates-v1/fixtures/w-09-o.bf16
688	9	2	4	3	576	576	0	0	/tmp/riley-opt-260912/multisequence-projection-candidates-v1/fixtures/x-576-0-m4-a3.bf16	/tmp/riley-opt-260912/multisequence-projection-candidates-v1/fixtures/w-09-o.bf16
689	9	2	4	3	576	576	0	1	/tmp/riley-opt-260912/multisequence-projection-candidates-v1/fixtures/x-576-0-m4-a3.bf16	/tmp/riley-opt-260912/multisequence-projection-candidates-v1/fixtures/w-09-o.bf16
690	9	2	2	2	576	576	1	0	/tmp/riley-opt-260912/multisequence-projection-candidates-v1/fixtures/x-576-1-m2-a2.bf16	/tmp/riley-opt-260912/multisequence-projection-candidates-v1/fixtures/w-09-o.bf16
691	9	2	2	2	576	576	1	1	/tmp/riley-opt-260912/multisequence-projection-candidates-v1/fixtures/x-576-1-m2-a2.bf16	/tmp/riley-opt-260912/multisequence-projection-candidates-v1/fixtures/w-09-o.bf16
692	9	2	4	4	576	576	1	0	/tmp/riley-opt-260912/multisequence-projection-candidates-v1/fixtures/x-576-1-m4-a4.bf16	/tmp/riley-opt-260912/multisequence-projection-candidates-v1/fixtures/w-09-o.bf16
693	9	2	4	4	576	576	1	1	/tmp/riley-opt-260912/multisequence-projection-candidates-v1/fixtures/x-576-1-m4-a4.bf16	/tmp/riley-opt-260912/multisequence-projection-candidates-v1/fixtures/w-09-o.bf16
694	9	2	4	3	576	576	1	0	/tmp/riley-opt-260912/multisequence-projection-candidates-v1/fixtures/x-576-1-m4-a3.bf16	/tmp/riley-opt-260912/multisequence-projection-candidates-v1/fixtures/w-09-o.bf16
695	9	2	4	3	576	576	1	1	/tmp/riley-opt-260912/multisequence-projection-candidates-v1/fixtures/x-576-1-m4-a3.bf16	/tmp/riley-opt-260912/multisequence-projection-candidates-v1/fixtures/w-09-o.bf16
696	9	2	2	2	576	576	2	0	/tmp/riley-opt-260912/multisequence-projection-candidates-v1/fixtures/x-576-2-m2-a2.bf16	/tmp/riley-opt-260912/multisequence-projection-candidates-v1/fixtures/w-09-o.bf16
697	9	2	2	2	576	576	2	1	/tmp/riley-opt-260912/multisequence-projection-candidates-v1/fixtures/x-576-2-m2-a2.bf16	/tmp/riley-opt-260912/multisequence-projection-candidates-v1/fixtures/w-09-o.bf16
698	9	2	4	4	576	576	2	0	/tmp/riley-opt-260912/multisequence-projection-candidates-v1/fixtures/x-576-2-m4-a4.bf16	/tmp/riley-opt-260912/multisequence-projection-candidates-v1/fixtures/w-09-o.bf16
699	9	2	4	4	576	576	2	1	/tmp/riley-opt-260912/multisequence-projection-candidates-v1/fixtures/x-576-2-m4-a4.bf16	/tmp/riley-opt-260912/multisequence-projection-candidates-v1/fixtures/w-09-o.bf16
700	9	2	4	3	576	576	2	0	/tmp/riley-opt-260912/multisequence-projection-candidates-v1/fixtures/x-576-2-m4-a3.bf16	/tmp/riley-opt-260912/multisequence-projection-candidates-v1/fixtures/w-09-o.bf16
701	9	2	4	3	576	576	2	1	/tmp/riley-opt-260912/multisequence-projection-candidates-v1/fixtures/x-576-2-m4-a3.bf16	/tmp/riley-opt-260912/multisequence-projection-candidates-v1/fixtures/w-09-o.bf16
702	9	3	2	2	576	1536	0	0	/tmp/riley-opt-260912/multisequence-projection-candidates-v1/fixtures/x-1536-0-m2-a2.bf16	/tmp/riley-opt-260912/multisequence-projection-candidates-v1/fixtures/w-09-down.bf16
703	9	3	2	2	576	1536	0	1	/tmp/riley-opt-260912/multisequence-projection-candidates-v1/fixtures/x-1536-0-m2-a2.bf16	/tmp/riley-opt-260912/multisequence-projection-candidates-v1/fixtures/w-09-down.bf16
704	9	3	4	4	576	1536	0	0	/tmp/riley-opt-260912/multisequence-projection-candidates-v1/fixtures/x-1536-0-m4-a4.bf16	/tmp/riley-opt-260912/multisequence-projection-candidates-v1/fixtures/w-09-down.bf16
705	9	3	4	4	576	1536	0	1	/tmp/riley-opt-260912/multisequence-projection-candidates-v1/fixtures/x-1536-0-m4-a4.bf16	/tmp/riley-opt-260912/multisequence-projection-candidates-v1/fixtures/w-09-down.bf16
706	9	3	4	3	576	1536	0	0	/tmp/riley-opt-260912/multisequence-projection-candidates-v1/fixtures/x-1536-0-m4-a3.bf16	/tmp/riley-opt-260912/multisequence-projection-candidates-v1/fixtures/w-09-down.bf16
707	9	3	4	3	576	1536	0	1	/tmp/riley-opt-260912/multisequence-projection-candidates-v1/fixtures/x-1536-0-m4-a3.bf16	/tmp/riley-opt-260912/multisequence-projection-candidates-v1/fixtures/w-09-down.bf16
708	9	3	2	2	576	1536	1	0	/tmp/riley-opt-260912/multisequence-projection-candidates-v1/fixtures/x-1536-1-m2-a2.bf16	/tmp/riley-opt-260912/multisequence-projection-candidates-v1/fixtures/w-09-down.bf16
709	9	3	2	2	576	1536	1	1	/tmp/riley-opt-260912/multisequence-projection-candidates-v1/fixtures/x-1536-1-m2-a2.bf16	/tmp/riley-opt-260912/multisequence-projection-candidates-v1/fixtures/w-09-down.bf16
710	9	3	4	4	576	1536	1	0	/tmp/riley-opt-260912/multisequence-projection-candidates-v1/fixtures/x-1536-1-m4-a4.bf16	/tmp/riley-opt-260912/multisequence-projection-candidates-v1/fixtures/w-09-down.bf16
711	9	3	4	4	576	1536	1	1	/tmp/riley-opt-260912/multisequence-projection-candidates-v1/fixtures/x-1536-1-m4-a4.bf16	/tmp/riley-opt-260912/multisequence-projection-candidates-v1/fixtures/w-09-down.bf16
712	9	3	4	3	576	1536	1	0	/tmp/riley-opt-260912/multisequence-projection-candidates-v1/fixtures/x-1536-1-m4-a3.bf16	/tmp/riley-opt-260912/multisequence-projection-candidates-v1/fixtures/w-09-down.bf16
713	9	3	4	3	576	1536	1	1	/tmp/riley-opt-260912/multisequence-projection-candidates-v1/fixtures/x-1536-1-m4-a3.bf16	/tmp/riley-opt-260912/multisequence-projection-candidates-v1/fixtures/w-09-down.bf16
714	9	3	2	2	576	1536	2	0	/tmp/riley-opt-260912/multisequence-projection-candidates-v1/fixtures/x-1536-2-m2-a2.bf16	/tmp/riley-opt-260912/multisequence-projection-candidates-v1/fixtures/w-09-down.bf16
715	9	3	2	2	576	1536	2	1	/tmp/riley-opt-260912/multisequence-projection-candidates-v1/fixtures/x-1536-2-m2-a2.bf16	/tmp/riley-opt-260912/multisequence-projection-candidates-v1/fixtures/w-09-down.bf16
716	9	3	4	4	576	1536	2	0	/tmp/riley-opt-260912/multisequence-projection-candidates-v1/fixtures/x-1536-2-m4-a4.bf16	/tmp/riley-opt-260912/multisequence-projection-candidates-v1/fixtures/w-09-down.bf16
717	9	3	4	4	576	1536	2	1	/tmp/riley-opt-260912/multisequence-projection-candidates-v1/fixtures/x-1536-2-m4-a4.bf16	/tmp/riley-opt-260912/multisequence-projection-candidates-v1/fixtures/w-09-down.bf16
718	9	3	4	3	576	1536	2	0	/tmp/riley-opt-260912/multisequence-projection-candidates-v1/fixtures/x-1536-2-m4-a3.bf16	/tmp/riley-opt-260912/multisequence-projection-candidates-v1/fixtures/w-09-down.bf16
719	9	3	4	3	576	1536	2	1	/tmp/riley-opt-260912/multisequence-projection-candidates-v1/fixtures/x-1536-2-m4-a3.bf16	/tmp/riley-opt-260912/multisequence-projection-candidates-v1/fixtures/w-09-down.bf16
720	10	0	2	2	960	576	0	0	/tmp/riley-opt-260912/multisequence-projection-candidates-v1/fixtures/x-576-0-m2-a2.bf16	/tmp/riley-opt-260912/multisequence-projection-candidates-v1/fixtures/w-10-qkv.bf16
721	10	0	2	2	960	576	0	1	/tmp/riley-opt-260912/multisequence-projection-candidates-v1/fixtures/x-576-0-m2-a2.bf16	/tmp/riley-opt-260912/multisequence-projection-candidates-v1/fixtures/w-10-qkv.bf16
722	10	0	4	4	960	576	0	0	/tmp/riley-opt-260912/multisequence-projection-candidates-v1/fixtures/x-576-0-m4-a4.bf16	/tmp/riley-opt-260912/multisequence-projection-candidates-v1/fixtures/w-10-qkv.bf16
723	10	0	4	4	960	576	0	1	/tmp/riley-opt-260912/multisequence-projection-candidates-v1/fixtures/x-576-0-m4-a4.bf16	/tmp/riley-opt-260912/multisequence-projection-candidates-v1/fixtures/w-10-qkv.bf16
724	10	0	4	3	960	576	0	0	/tmp/riley-opt-260912/multisequence-projection-candidates-v1/fixtures/x-576-0-m4-a3.bf16	/tmp/riley-opt-260912/multisequence-projection-candidates-v1/fixtures/w-10-qkv.bf16
725	10	0	4	3	960	576	0	1	/tmp/riley-opt-260912/multisequence-projection-candidates-v1/fixtures/x-576-0-m4-a3.bf16	/tmp/riley-opt-260912/multisequence-projection-candidates-v1/fixtures/w-10-qkv.bf16
726	10	0	2	2	960	576	1	0	/tmp/riley-opt-260912/multisequence-projection-candidates-v1/fixtures/x-576-1-m2-a2.bf16	/tmp/riley-opt-260912/multisequence-projection-candidates-v1/fixtures/w-10-qkv.bf16
727	10	0	2	2	960	576	1	1	/tmp/riley-opt-260912/multisequence-projection-candidates-v1/fixtures/x-576-1-m2-a2.bf16	/tmp/riley-opt-260912/multisequence-projection-candidates-v1/fixtures/w-10-qkv.bf16
728	10	0	4	4	960	576	1	0	/tmp/riley-opt-260912/multisequence-projection-candidates-v1/fixtures/x-576-1-m4-a4.bf16	/tmp/riley-opt-260912/multisequence-projection-candidates-v1/fixtures/w-10-qkv.bf16
729	10	0	4	4	960	576	1	1	/tmp/riley-opt-260912/multisequence-projection-candidates-v1/fixtures/x-576-1-m4-a4.bf16	/tmp/riley-opt-260912/multisequence-projection-candidates-v1/fixtures/w-10-qkv.bf16
730	10	0	4	3	960	576	1	0	/tmp/riley-opt-260912/multisequence-projection-candidates-v1/fixtures/x-576-1-m4-a3.bf16	/tmp/riley-opt-260912/multisequence-projection-candidates-v1/fixtures/w-10-qkv.bf16
731	10	0	4	3	960	576	1	1	/tmp/riley-opt-260912/multisequence-projection-candidates-v1/fixtures/x-576-1-m4-a3.bf16	/tmp/riley-opt-260912/multisequence-projection-candidates-v1/fixtures/w-10-qkv.bf16
732	10	0	2	2	960	576	2	0	/tmp/riley-opt-260912/multisequence-projection-candidates-v1/fixtures/x-576-2-m2-a2.bf16	/tmp/riley-opt-260912/multisequence-projection-candidates-v1/fixtures/w-10-qkv.bf16
733	10	0	2	2	960	576	2	1	/tmp/riley-opt-260912/multisequence-projection-candidates-v1/fixtures/x-576-2-m2-a2.bf16	/tmp/riley-opt-260912/multisequence-projection-candidates-v1/fixtures/w-10-qkv.bf16
734	10	0	4	4	960	576	2	0	/tmp/riley-opt-260912/multisequence-projection-candidates-v1/fixtures/x-576-2-m4-a4.bf16	/tmp/riley-opt-260912/multisequence-projection-candidates-v1/fixtures/w-10-qkv.bf16
735	10	0	4	4	960	576	2	1	/tmp/riley-opt-260912/multisequence-projection-candidates-v1/fixtures/x-576-2-m4-a4.bf16	/tmp/riley-opt-260912/multisequence-projection-candidates-v1/fixtures/w-10-qkv.bf16
736	10	0	4	3	960	576	2	0	/tmp/riley-opt-260912/multisequence-projection-candidates-v1/fixtures/x-576-2-m4-a3.bf16	/tmp/riley-opt-260912/multisequence-projection-candidates-v1/fixtures/w-10-qkv.bf16
737	10	0	4	3	960	576	2	1	/tmp/riley-opt-260912/multisequence-projection-candidates-v1/fixtures/x-576-2-m4-a3.bf16	/tmp/riley-opt-260912/multisequence-projection-candidates-v1/fixtures/w-10-qkv.bf16
738	10	1	2	2	3072	576	0	0	/tmp/riley-opt-260912/multisequence-projection-candidates-v1/fixtures/x-576-0-m2-a2.bf16	/tmp/riley-opt-260912/multisequence-projection-candidates-v1/fixtures/w-10-gate_up.bf16
739	10	1	2	2	3072	576	0	1	/tmp/riley-opt-260912/multisequence-projection-candidates-v1/fixtures/x-576-0-m2-a2.bf16	/tmp/riley-opt-260912/multisequence-projection-candidates-v1/fixtures/w-10-gate_up.bf16
740	10	1	4	4	3072	576	0	0	/tmp/riley-opt-260912/multisequence-projection-candidates-v1/fixtures/x-576-0-m4-a4.bf16	/tmp/riley-opt-260912/multisequence-projection-candidates-v1/fixtures/w-10-gate_up.bf16
741	10	1	4	4	3072	576	0	1	/tmp/riley-opt-260912/multisequence-projection-candidates-v1/fixtures/x-576-0-m4-a4.bf16	/tmp/riley-opt-260912/multisequence-projection-candidates-v1/fixtures/w-10-gate_up.bf16
742	10	1	4	3	3072	576	0	0	/tmp/riley-opt-260912/multisequence-projection-candidates-v1/fixtures/x-576-0-m4-a3.bf16	/tmp/riley-opt-260912/multisequence-projection-candidates-v1/fixtures/w-10-gate_up.bf16
743	10	1	4	3	3072	576	0	1	/tmp/riley-opt-260912/multisequence-projection-candidates-v1/fixtures/x-576-0-m4-a3.bf16	/tmp/riley-opt-260912/multisequence-projection-candidates-v1/fixtures/w-10-gate_up.bf16
744	10	1	2	2	3072	576	1	0	/tmp/riley-opt-260912/multisequence-projection-candidates-v1/fixtures/x-576-1-m2-a2.bf16	/tmp/riley-opt-260912/multisequence-projection-candidates-v1/fixtures/w-10-gate_up.bf16
745	10	1	2	2	3072	576	1	1	/tmp/riley-opt-260912/multisequence-projection-candidates-v1/fixtures/x-576-1-m2-a2.bf16	/tmp/riley-opt-260912/multisequence-projection-candidates-v1/fixtures/w-10-gate_up.bf16
746	10	1	4	4	3072	576	1	0	/tmp/riley-opt-260912/multisequence-projection-candidates-v1/fixtures/x-576-1-m4-a4.bf16	/tmp/riley-opt-260912/multisequence-projection-candidates-v1/fixtures/w-10-gate_up.bf16
747	10	1	4	4	3072	576	1	1	/tmp/riley-opt-260912/multisequence-projection-candidates-v1/fixtures/x-576-1-m4-a4.bf16	/tmp/riley-opt-260912/multisequence-projection-candidates-v1/fixtures/w-10-gate_up.bf16
748	10	1	4	3	3072	576	1	0	/tmp/riley-opt-260912/multisequence-projection-candidates-v1/fixtures/x-576-1-m4-a3.bf16	/tmp/riley-opt-260912/multisequence-projection-candidates-v1/fixtures/w-10-gate_up.bf16
749	10	1	4	3	3072	576	1	1	/tmp/riley-opt-260912/multisequence-projection-candidates-v1/fixtures/x-576-1-m4-a3.bf16	/tmp/riley-opt-260912/multisequence-projection-candidates-v1/fixtures/w-10-gate_up.bf16
750	10	1	2	2	3072	576	2	0	/tmp/riley-opt-260912/multisequence-projection-candidates-v1/fixtures/x-576-2-m2-a2.bf16	/tmp/riley-opt-260912/multisequence-projection-candidates-v1/fixtures/w-10-gate_up.bf16
751	10	1	2	2	3072	576	2	1	/tmp/riley-opt-260912/multisequence-projection-candidates-v1/fixtures/x-576-2-m2-a2.bf16	/tmp/riley-opt-260912/multisequence-projection-candidates-v1/fixtures/w-10-gate_up.bf16
752	10	1	4	4	3072	576	2	0	/tmp/riley-opt-260912/multisequence-projection-candidates-v1/fixtures/x-576-2-m4-a4.bf16	/tmp/riley-opt-260912/multisequence-projection-candidates-v1/fixtures/w-10-gate_up.bf16
753	10	1	4	4	3072	576	2	1	/tmp/riley-opt-260912/multisequence-projection-candidates-v1/fixtures/x-576-2-m4-a4.bf16	/tmp/riley-opt-260912/multisequence-projection-candidates-v1/fixtures/w-10-gate_up.bf16
754	10	1	4	3	3072	576	2	0	/tmp/riley-opt-260912/multisequence-projection-candidates-v1/fixtures/x-576-2-m4-a3.bf16	/tmp/riley-opt-260912/multisequence-projection-candidates-v1/fixtures/w-10-gate_up.bf16
755	10	1	4	3	3072	576	2	1	/tmp/riley-opt-260912/multisequence-projection-candidates-v1/fixtures/x-576-2-m4-a3.bf16	/tmp/riley-opt-260912/multisequence-projection-candidates-v1/fixtures/w-10-gate_up.bf16
756	10	2	2	2	576	576	0	0	/tmp/riley-opt-260912/multisequence-projection-candidates-v1/fixtures/x-576-0-m2-a2.bf16	/tmp/riley-opt-260912/multisequence-projection-candidates-v1/fixtures/w-10-o.bf16
757	10	2	2	2	576	576	0	1	/tmp/riley-opt-260912/multisequence-projection-candidates-v1/fixtures/x-576-0-m2-a2.bf16	/tmp/riley-opt-260912/multisequence-projection-candidates-v1/fixtures/w-10-o.bf16
758	10	2	4	4	576	576	0	0	/tmp/riley-opt-260912/multisequence-projection-candidates-v1/fixtures/x-576-0-m4-a4.bf16	/tmp/riley-opt-260912/multisequence-projection-candidates-v1/fixtures/w-10-o.bf16
759	10	2	4	4	576	576	0	1	/tmp/riley-opt-260912/multisequence-projection-candidates-v1/fixtures/x-576-0-m4-a4.bf16	/tmp/riley-opt-260912/multisequence-projection-candidates-v1/fixtures/w-10-o.bf16
760	10	2	4	3	576	576	0	0	/tmp/riley-opt-260912/multisequence-projection-candidates-v1/fixtures/x-576-0-m4-a3.bf16	/tmp/riley-opt-260912/multisequence-projection-candidates-v1/fixtures/w-10-o.bf16
761	10	2	4	3	576	576	0	1	/tmp/riley-opt-260912/multisequence-projection-candidates-v1/fixtures/x-576-0-m4-a3.bf16	/tmp/riley-opt-260912/multisequence-projection-candidates-v1/fixtures/w-10-o.bf16
762	10	2	2	2	576	576	1	0	/tmp/riley-opt-260912/multisequence-projection-candidates-v1/fixtures/x-576-1-m2-a2.bf16	/tmp/riley-opt-260912/multisequence-projection-candidates-v1/fixtures/w-10-o.bf16
763	10	2	2	2	576	576	1	1	/tmp/riley-opt-260912/multisequence-projection-candidates-v1/fixtures/x-576-1-m2-a2.bf16	/tmp/riley-opt-260912/multisequence-projection-candidates-v1/fixtures/w-10-o.bf16
764	10	2	4	4	576	576	1	0	/tmp/riley-opt-260912/multisequence-projection-candidates-v1/fixtures/x-576-1-m4-a4.bf16	/tmp/riley-opt-260912/multisequence-projection-candidates-v1/fixtures/w-10-o.bf16
765	10	2	4	4	576	576	1	1	/tmp/riley-opt-260912/multisequence-projection-candidates-v1/fixtures/x-576-1-m4-a4.bf16	/tmp/riley-opt-260912/multisequence-projection-candidates-v1/fixtures/w-10-o.bf16
766	10	2	4	3	576	576	1	0	/tmp/riley-opt-260912/multisequence-projection-candidates-v1/fixtures/x-576-1-m4-a3.bf16	/tmp/riley-opt-260912/multisequence-projection-candidates-v1/fixtures/w-10-o.bf16
767	10	2	4	3	576	576	1	1	/tmp/riley-opt-260912/multisequence-projection-candidates-v1/fixtures/x-576-1-m4-a3.bf16	/tmp/riley-opt-260912/multisequence-projection-candidates-v1/fixtures/w-10-o.bf16
768	10	2	2	2	576	576	2	0	/tmp/riley-opt-260912/multisequence-projection-candidates-v1/fixtures/x-576-2-m2-a2.bf16	/tmp/riley-opt-260912/multisequence-projection-candidates-v1/fixtures/w-10-o.bf16
769	10	2	2	2	576	576	2	1	/tmp/riley-opt-260912/multisequence-projection-candidates-v1/fixtures/x-576-2-m2-a2.bf16	/tmp/riley-opt-260912/multisequence-projection-candidates-v1/fixtures/w-10-o.bf16
770	10	2	4	4	576	576	2	0	/tmp/riley-opt-260912/multisequence-projection-candidates-v1/fixtures/x-576-2-m4-a4.bf16	/tmp/riley-opt-260912/multisequence-projection-candidates-v1/fixtures/w-10-o.bf16
771	10	2	4	4	576	576	2	1	/tmp/riley-opt-260912/multisequence-projection-candidates-v1/fixtures/x-576-2-m4-a4.bf16	/tmp/riley-opt-260912/multisequence-projection-candidates-v1/fixtures/w-10-o.bf16
772	10	2	4	3	576	576	2	0	/tmp/riley-opt-260912/multisequence-projection-candidates-v1/fixtures/x-576-2-m4-a3.bf16	/tmp/riley-opt-260912/multisequence-projection-candidates-v1/fixtures/w-10-o.bf16
773	10	2	4	3	576	576	2	1	/tmp/riley-opt-260912/multisequence-projection-candidates-v1/fixtures/x-576-2-m4-a3.bf16	/tmp/riley-opt-260912/multisequence-projection-candidates-v1/fixtures/w-10-o.bf16
774	10	3	2	2	576	1536	0	0	/tmp/riley-opt-260912/multisequence-projection-candidates-v1/fixtures/x-1536-0-m2-a2.bf16	/tmp/riley-opt-260912/multisequence-projection-candidates-v1/fixtures/w-10-down.bf16
775	10	3	2	2	576	1536	0	1	/tmp/riley-opt-260912/multisequence-projection-candidates-v1/fixtures/x-1536-0-m2-a2.bf16	/tmp/riley-opt-260912/multisequence-projection-candidates-v1/fixtures/w-10-down.bf16
776	10	3	4	4	576	1536	0	0	/tmp/riley-opt-260912/multisequence-projection-candidates-v1/fixtures/x-1536-0-m4-a4.bf16	/tmp/riley-opt-260912/multisequence-projection-candidates-v1/fixtures/w-10-down.bf16
777	10	3	4	4	576	1536	0	1	/tmp/riley-opt-260912/multisequence-projection-candidates-v1/fixtures/x-1536-0-m4-a4.bf16	/tmp/riley-opt-260912/multisequence-projection-candidates-v1/fixtures/w-10-down.bf16
778	10	3	4	3	576	1536	0	0	/tmp/riley-opt-260912/multisequence-projection-candidates-v1/fixtures/x-1536-0-m4-a3.bf16	/tmp/riley-opt-260912/multisequence-projection-candidates-v1/fixtures/w-10-down.bf16
779	10	3	4	3	576	1536	0	1	/tmp/riley-opt-260912/multisequence-projection-candidates-v1/fixtures/x-1536-0-m4-a3.bf16	/tmp/riley-opt-260912/multisequence-projection-candidates-v1/fixtures/w-10-down.bf16
780	10	3	2	2	576	1536	1	0	/tmp/riley-opt-260912/multisequence-projection-candidates-v1/fixtures/x-1536-1-m2-a2.bf16	/tmp/riley-opt-260912/multisequence-projection-candidates-v1/fixtures/w-10-down.bf16
781	10	3	2	2	576	1536	1	1	/tmp/riley-opt-260912/multisequence-projection-candidates-v1/fixtures/x-1536-1-m2-a2.bf16	/tmp/riley-opt-260912/multisequence-projection-candidates-v1/fixtures/w-10-down.bf16
782	10	3	4	4	576	1536	1	0	/tmp/riley-opt-260912/multisequence-projection-candidates-v1/fixtures/x-1536-1-m4-a4.bf16	/tmp/riley-opt-260912/multisequence-projection-candidates-v1/fixtures/w-10-down.bf16
783	10	3	4	4	576	1536	1	1	/tmp/riley-opt-260912/multisequence-projection-candidates-v1/fixtures/x-1536-1-m4-a4.bf16	/tmp/riley-opt-260912/multisequence-projection-candidates-v1/fixtures/w-10-down.bf16
784	10	3	4	3	576	1536	1	0	/tmp/riley-opt-260912/multisequence-projection-candidates-v1/fixtures/x-1536-1-m4-a3.bf16	/tmp/riley-opt-260912/multisequence-projection-candidates-v1/fixtures/w-10-down.bf16
785	10	3	4	3	576	1536	1	1	/tmp/riley-opt-260912/multisequence-projection-candidates-v1/fixtures/x-1536-1-m4-a3.bf16	/tmp/riley-opt-260912/multisequence-projection-candidates-v1/fixtures/w-10-down.bf16
786	10	3	2	2	576	1536	2	0	/tmp/riley-opt-260912/multisequence-projection-candidates-v1/fixtures/x-1536-2-m2-a2.bf16	/tmp/riley-opt-260912/multisequence-projection-candidates-v1/fixtures/w-10-down.bf16
787	10	3	2	2	576	1536	2	1	/tmp/riley-opt-260912/multisequence-projection-candidates-v1/fixtures/x-1536-2-m2-a2.bf16	/tmp/riley-opt-260912/multisequence-projection-candidates-v1/fixtures/w-10-down.bf16
788	10	3	4	4	576	1536	2	0	/tmp/riley-opt-260912/multisequence-projection-candidates-v1/fixtures/x-1536-2-m4-a4.bf16	/tmp/riley-opt-260912/multisequence-projection-candidates-v1/fixtures/w-10-down.bf16
789	10	3	4	4	576	1536	2	1	/tmp/riley-opt-260912/multisequence-projection-candidates-v1/fixtures/x-1536-2-m4-a4.bf16	/tmp/riley-opt-260912/multisequence-projection-candidates-v1/fixtures/w-10-down.bf16
790	10	3	4	3	576	1536	2	0	/tmp/riley-opt-260912/multisequence-projection-candidates-v1/fixtures/x-1536-2-m4-a3.bf16	/tmp/riley-opt-260912/multisequence-projection-candidates-v1/fixtures/w-10-down.bf16
791	10	3	4	3	576	1536	2	1	/tmp/riley-opt-260912/multisequence-projection-candidates-v1/fixtures/x-1536-2-m4-a3.bf16	/tmp/riley-opt-260912/multisequence-projection-candidates-v1/fixtures/w-10-down.bf16
792	11	0	2	2	960	576	0	0	/tmp/riley-opt-260912/multisequence-projection-candidates-v1/fixtures/x-576-0-m2-a2.bf16	/tmp/riley-opt-260912/multisequence-projection-candidates-v1/fixtures/w-11-qkv.bf16
793	11	0	2	2	960	576	0	1	/tmp/riley-opt-260912/multisequence-projection-candidates-v1/fixtures/x-576-0-m2-a2.bf16	/tmp/riley-opt-260912/multisequence-projection-candidates-v1/fixtures/w-11-qkv.bf16
794	11	0	4	4	960	576	0	0	/tmp/riley-opt-260912/multisequence-projection-candidates-v1/fixtures/x-576-0-m4-a4.bf16	/tmp/riley-opt-260912/multisequence-projection-candidates-v1/fixtures/w-11-qkv.bf16
795	11	0	4	4	960	576	0	1	/tmp/riley-opt-260912/multisequence-projection-candidates-v1/fixtures/x-576-0-m4-a4.bf16	/tmp/riley-opt-260912/multisequence-projection-candidates-v1/fixtures/w-11-qkv.bf16
796	11	0	4	3	960	576	0	0	/tmp/riley-opt-260912/multisequence-projection-candidates-v1/fixtures/x-576-0-m4-a3.bf16	/tmp/riley-opt-260912/multisequence-projection-candidates-v1/fixtures/w-11-qkv.bf16
797	11	0	4	3	960	576	0	1	/tmp/riley-opt-260912/multisequence-projection-candidates-v1/fixtures/x-576-0-m4-a3.bf16	/tmp/riley-opt-260912/multisequence-projection-candidates-v1/fixtures/w-11-qkv.bf16
798	11	0	2	2	960	576	1	0	/tmp/riley-opt-260912/multisequence-projection-candidates-v1/fixtures/x-576-1-m2-a2.bf16	/tmp/riley-opt-260912/multisequence-projection-candidates-v1/fixtures/w-11-qkv.bf16
799	11	0	2	2	960	576	1	1	/tmp/riley-opt-260912/multisequence-projection-candidates-v1/fixtures/x-576-1-m2-a2.bf16	/tmp/riley-opt-260912/multisequence-projection-candidates-v1/fixtures/w-11-qkv.bf16
800	11	0	4	4	960	576	1	0	/tmp/riley-opt-260912/multisequence-projection-candidates-v1/fixtures/x-576-1-m4-a4.bf16	/tmp/riley-opt-260912/multisequence-projection-candidates-v1/fixtures/w-11-qkv.bf16
801	11	0	4	4	960	576	1	1	/tmp/riley-opt-260912/multisequence-projection-candidates-v1/fixtures/x-576-1-m4-a4.bf16	/tmp/riley-opt-260912/multisequence-projection-candidates-v1/fixtures/w-11-qkv.bf16
802	11	0	4	3	960	576	1	0	/tmp/riley-opt-260912/multisequence-projection-candidates-v1/fixtures/x-576-1-m4-a3.bf16	/tmp/riley-opt-260912/multisequence-projection-candidates-v1/fixtures/w-11-qkv.bf16
803	11	0	4	3	960	576	1	1	/tmp/riley-opt-260912/multisequence-projection-candidates-v1/fixtures/x-576-1-m4-a3.bf16	/tmp/riley-opt-260912/multisequence-projection-candidates-v1/fixtures/w-11-qkv.bf16
804	11	0	2	2	960	576	2	0	/tmp/riley-opt-260912/multisequence-projection-candidates-v1/fixtures/x-576-2-m2-a2.bf16	/tmp/riley-opt-260912/multisequence-projection-candidates-v1/fixtures/w-11-qkv.bf16
805	11	0	2	2	960	576	2	1	/tmp/riley-opt-260912/multisequence-projection-candidates-v1/fixtures/x-576-2-m2-a2.bf16	/tmp/riley-opt-260912/multisequence-projection-candidates-v1/fixtures/w-11-qkv.bf16
806	11	0	4	4	960	576	2	0	/tmp/riley-opt-260912/multisequence-projection-candidates-v1/fixtures/x-576-2-m4-a4.bf16	/tmp/riley-opt-260912/multisequence-projection-candidates-v1/fixtures/w-11-qkv.bf16
807	11	0	4	4	960	576	2	1	/tmp/riley-opt-260912/multisequence-projection-candidates-v1/fixtures/x-576-2-m4-a4.bf16	/tmp/riley-opt-260912/multisequence-projection-candidates-v1/fixtures/w-11-qkv.bf16
808	11	0	4	3	960	576	2	0	/tmp/riley-opt-260912/multisequence-projection-candidates-v1/fixtures/x-576-2-m4-a3.bf16	/tmp/riley-opt-260912/multisequence-projection-candidates-v1/fixtures/w-11-qkv.bf16
809	11	0	4	3	960	576	2	1	/tmp/riley-opt-260912/multisequence-projection-candidates-v1/fixtures/x-576-2-m4-a3.bf16	/tmp/riley-opt-260912/multisequence-projection-candidates-v1/fixtures/w-11-qkv.bf16
810	11	1	2	2	3072	576	0	0	/tmp/riley-opt-260912/multisequence-projection-candidates-v1/fixtures/x-576-0-m2-a2.bf16	/tmp/riley-opt-260912/multisequence-projection-candidates-v1/fixtures/w-11-gate_up.bf16
811	11	1	2	2	3072	576	0	1	/tmp/riley-opt-260912/multisequence-projection-candidates-v1/fixtures/x-576-0-m2-a2.bf16	/tmp/riley-opt-260912/multisequence-projection-candidates-v1/fixtures/w-11-gate_up.bf16
812	11	1	4	4	3072	576	0	0	/tmp/riley-opt-260912/multisequence-projection-candidates-v1/fixtures/x-576-0-m4-a4.bf16	/tmp/riley-opt-260912/multisequence-projection-candidates-v1/fixtures/w-11-gate_up.bf16
813	11	1	4	4	3072	576	0	1	/tmp/riley-opt-260912/multisequence-projection-candidates-v1/fixtures/x-576-0-m4-a4.bf16	/tmp/riley-opt-260912/multisequence-projection-candidates-v1/fixtures/w-11-gate_up.bf16
814	11	1	4	3	3072	576	0	0	/tmp/riley-opt-260912/multisequence-projection-candidates-v1/fixtures/x-576-0-m4-a3.bf16	/tmp/riley-opt-260912/multisequence-projection-candidates-v1/fixtures/w-11-gate_up.bf16
815	11	1	4	3	3072	576	0	1	/tmp/riley-opt-260912/multisequence-projection-candidates-v1/fixtures/x-576-0-m4-a3.bf16	/tmp/riley-opt-260912/multisequence-projection-candidates-v1/fixtures/w-11-gate_up.bf16
816	11	1	2	2	3072	576	1	0	/tmp/riley-opt-260912/multisequence-projection-candidates-v1/fixtures/x-576-1-m2-a2.bf16	/tmp/riley-opt-260912/multisequence-projection-candidates-v1/fixtures/w-11-gate_up.bf16
817	11	1	2	2	3072	576	1	1	/tmp/riley-opt-260912/multisequence-projection-candidates-v1/fixtures/x-576-1-m2-a2.bf16	/tmp/riley-opt-260912/multisequence-projection-candidates-v1/fixtures/w-11-gate_up.bf16
818	11	1	4	4	3072	576	1	0	/tmp/riley-opt-260912/multisequence-projection-candidates-v1/fixtures/x-576-1-m4-a4.bf16	/tmp/riley-opt-260912/multisequence-projection-candidates-v1/fixtures/w-11-gate_up.bf16
819	11	1	4	4	3072	576	1	1	/tmp/riley-opt-260912/multisequence-projection-candidates-v1/fixtures/x-576-1-m4-a4.bf16	/tmp/riley-opt-260912/multisequence-projection-candidates-v1/fixtures/w-11-gate_up.bf16
820	11	1	4	3	3072	576	1	0	/tmp/riley-opt-260912/multisequence-projection-candidates-v1/fixtures/x-576-1-m4-a3.bf16	/tmp/riley-opt-260912/multisequence-projection-candidates-v1/fixtures/w-11-gate_up.bf16
821	11	1	4	3	3072	576	1	1	/tmp/riley-opt-260912/multisequence-projection-candidates-v1/fixtures/x-576-1-m4-a3.bf16	/tmp/riley-opt-260912/multisequence-projection-candidates-v1/fixtures/w-11-gate_up.bf16
822	11	1	2	2	3072	576	2	0	/tmp/riley-opt-260912/multisequence-projection-candidates-v1/fixtures/x-576-2-m2-a2.bf16	/tmp/riley-opt-260912/multisequence-projection-candidates-v1/fixtures/w-11-gate_up.bf16
823	11	1	2	2	3072	576	2	1	/tmp/riley-opt-260912/multisequence-projection-candidates-v1/fixtures/x-576-2-m2-a2.bf16	/tmp/riley-opt-260912/multisequence-projection-candidates-v1/fixtures/w-11-gate_up.bf16
824	11	1	4	4	3072	576	2	0	/tmp/riley-opt-260912/multisequence-projection-candidates-v1/fixtures/x-576-2-m4-a4.bf16	/tmp/riley-opt-260912/multisequence-projection-candidates-v1/fixtures/w-11-gate_up.bf16
825	11	1	4	4	3072	576	2	1	/tmp/riley-opt-260912/multisequence-projection-candidates-v1/fixtures/x-576-2-m4-a4.bf16	/tmp/riley-opt-260912/multisequence-projection-candidates-v1/fixtures/w-11-gate_up.bf16
826	11	1	4	3	3072	576	2	0	/tmp/riley-opt-260912/multisequence-projection-candidates-v1/fixtures/x-576-2-m4-a3.bf16	/tmp/riley-opt-260912/multisequence-projection-candidates-v1/fixtures/w-11-gate_up.bf16
827	11	1	4	3	3072	576	2	1	/tmp/riley-opt-260912/multisequence-projection-candidates-v1/fixtures/x-576-2-m4-a3.bf16	/tmp/riley-opt-260912/multisequence-projection-candidates-v1/fixtures/w-11-gate_up.bf16
828	11	2	2	2	576	576	0	0	/tmp/riley-opt-260912/multisequence-projection-candidates-v1/fixtures/x-576-0-m2-a2.bf16	/tmp/riley-opt-260912/multisequence-projection-candidates-v1/fixtures/w-11-o.bf16
829	11	2	2	2	576	576	0	1	/tmp/riley-opt-260912/multisequence-projection-candidates-v1/fixtures/x-576-0-m2-a2.bf16	/tmp/riley-opt-260912/multisequence-projection-candidates-v1/fixtures/w-11-o.bf16
830	11	2	4	4	576	576	0	0	/tmp/riley-opt-260912/multisequence-projection-candidates-v1/fixtures/x-576-0-m4-a4.bf16	/tmp/riley-opt-260912/multisequence-projection-candidates-v1/fixtures/w-11-o.bf16
831	11	2	4	4	576	576	0	1	/tmp/riley-opt-260912/multisequence-projection-candidates-v1/fixtures/x-576-0-m4-a4.bf16	/tmp/riley-opt-260912/multisequence-projection-candidates-v1/fixtures/w-11-o.bf16
832	11	2	4	3	576	576	0	0	/tmp/riley-opt-260912/multisequence-projection-candidates-v1/fixtures/x-576-0-m4-a3.bf16	/tmp/riley-opt-260912/multisequence-projection-candidates-v1/fixtures/w-11-o.bf16
833	11	2	4	3	576	576	0	1	/tmp/riley-opt-260912/multisequence-projection-candidates-v1/fixtures/x-576-0-m4-a3.bf16	/tmp/riley-opt-260912/multisequence-projection-candidates-v1/fixtures/w-11-o.bf16
834	11	2	2	2	576	576	1	0	/tmp/riley-opt-260912/multisequence-projection-candidates-v1/fixtures/x-576-1-m2-a2.bf16	/tmp/riley-opt-260912/multisequence-projection-candidates-v1/fixtures/w-11-o.bf16
835	11	2	2	2	576	576	1	1	/tmp/riley-opt-260912/multisequence-projection-candidates-v1/fixtures/x-576-1-m2-a2.bf16	/tmp/riley-opt-260912/multisequence-projection-candidates-v1/fixtures/w-11-o.bf16
836	11	2	4	4	576	576	1	0	/tmp/riley-opt-260912/multisequence-projection-candidates-v1/fixtures/x-576-1-m4-a4.bf16	/tmp/riley-opt-260912/multisequence-projection-candidates-v1/fixtures/w-11-o.bf16
837	11	2	4	4	576	576	1	1	/tmp/riley-opt-260912/multisequence-projection-candidates-v1/fixtures/x-576-1-m4-a4.bf16	/tmp/riley-opt-260912/multisequence-projection-candidates-v1/fixtures/w-11-o.bf16
838	11	2	4	3	576	576	1	0	/tmp/riley-opt-260912/multisequence-projection-candidates-v1/fixtures/x-576-1-m4-a3.bf16	/tmp/riley-opt-260912/multisequence-projection-candidates-v1/fixtures/w-11-o.bf16
839	11	2	4	3	576	576	1	1	/tmp/riley-opt-260912/multisequence-projection-candidates-v1/fixtures/x-576-1-m4-a3.bf16	/tmp/riley-opt-260912/multisequence-projection-candidates-v1/fixtures/w-11-o.bf16
840	11	2	2	2	576	576	2	0	/tmp/riley-opt-260912/multisequence-projection-candidates-v1/fixtures/x-576-2-m2-a2.bf16	/tmp/riley-opt-260912/multisequence-projection-candidates-v1/fixtures/w-11-o.bf16
841	11	2	2	2	576	576	2	1	/tmp/riley-opt-260912/multisequence-projection-candidates-v1/fixtures/x-576-2-m2-a2.bf16	/tmp/riley-opt-260912/multisequence-projection-candidates-v1/fixtures/w-11-o.bf16
842	11	2	4	4	576	576	2	0	/tmp/riley-opt-260912/multisequence-projection-candidates-v1/fixtures/x-576-2-m4-a4.bf16	/tmp/riley-opt-260912/multisequence-projection-candidates-v1/fixtures/w-11-o.bf16
843	11	2	4	4	576	576	2	1	/tmp/riley-opt-260912/multisequence-projection-candidates-v1/fixtures/x-576-2-m4-a4.bf16	/tmp/riley-opt-260912/multisequence-projection-candidates-v1/fixtures/w-11-o.bf16
844	11	2	4	3	576	576	2	0	/tmp/riley-opt-260912/multisequence-projection-candidates-v1/fixtures/x-576-2-m4-a3.bf16	/tmp/riley-opt-260912/multisequence-projection-candidates-v1/fixtures/w-11-o.bf16
845	11	2	4	3	576	576	2	1	/tmp/riley-opt-260912/multisequence-projection-candidates-v1/fixtures/x-576-2-m4-a3.bf16	/tmp/riley-opt-260912/multisequence-projection-candidates-v1/fixtures/w-11-o.bf16
846	11	3	2	2	576	1536	0	0	/tmp/riley-opt-260912/multisequence-projection-candidates-v1/fixtures/x-1536-0-m2-a2.bf16	/tmp/riley-opt-260912/multisequence-projection-candidates-v1/fixtures/w-11-down.bf16
847	11	3	2	2	576	1536	0	1	/tmp/riley-opt-260912/multisequence-projection-candidates-v1/fixtures/x-1536-0-m2-a2.bf16	/tmp/riley-opt-260912/multisequence-projection-candidates-v1/fixtures/w-11-down.bf16
848	11	3	4	4	576	1536	0	0	/tmp/riley-opt-260912/multisequence-projection-candidates-v1/fixtures/x-1536-0-m4-a4.bf16	/tmp/riley-opt-260912/multisequence-projection-candidates-v1/fixtures/w-11-down.bf16
849	11	3	4	4	576	1536	0	1	/tmp/riley-opt-260912/multisequence-projection-candidates-v1/fixtures/x-1536-0-m4-a4.bf16	/tmp/riley-opt-260912/multisequence-projection-candidates-v1/fixtures/w-11-down.bf16
850	11	3	4	3	576	1536	0	0	/tmp/riley-opt-260912/multisequence-projection-candidates-v1/fixtures/x-1536-0-m4-a3.bf16	/tmp/riley-opt-260912/multisequence-projection-candidates-v1/fixtures/w-11-down.bf16
851	11	3	4	3	576	1536	0	1	/tmp/riley-opt-260912/multisequence-projection-candidates-v1/fixtures/x-1536-0-m4-a3.bf16	/tmp/riley-opt-260912/multisequence-projection-candidates-v1/fixtures/w-11-down.bf16
852	11	3	2	2	576	1536	1	0	/tmp/riley-opt-260912/multisequence-projection-candidates-v1/fixtures/x-1536-1-m2-a2.bf16	/tmp/riley-opt-260912/multisequence-projection-candidates-v1/fixtures/w-11-down.bf16
853	11	3	2	2	576	1536	1	1	/tmp/riley-opt-260912/multisequence-projection-candidates-v1/fixtures/x-1536-1-m2-a2.bf16	/tmp/riley-opt-260912/multisequence-projection-candidates-v1/fixtures/w-11-down.bf16
854	11	3	4	4	576	1536	1	0	/tmp/riley-opt-260912/multisequence-projection-candidates-v1/fixtures/x-1536-1-m4-a4.bf16	/tmp/riley-opt-260912/multisequence-projection-candidates-v1/fixtures/w-11-down.bf16
855	11	3	4	4	576	1536	1	1	/tmp/riley-opt-260912/multisequence-projection-candidates-v1/fixtures/x-1536-1-m4-a4.bf16	/tmp/riley-opt-260912/multisequence-projection-candidates-v1/fixtures/w-11-down.bf16
856	11	3	4	3	576	1536	1	0	/tmp/riley-opt-260912/multisequence-projection-candidates-v1/fixtures/x-1536-1-m4-a3.bf16	/tmp/riley-opt-260912/multisequence-projection-candidates-v1/fixtures/w-11-down.bf16
857	11	3	4	3	576	1536	1	1	/tmp/riley-opt-260912/multisequence-projection-candidates-v1/fixtures/x-1536-1-m4-a3.bf16	/tmp/riley-opt-260912/multisequence-projection-candidates-v1/fixtures/w-11-down.bf16
858	11	3	2	2	576	1536	2	0	/tmp/riley-opt-260912/multisequence-projection-candidates-v1/fixtures/x-1536-2-m2-a2.bf16	/tmp/riley-opt-260912/multisequence-projection-candidates-v1/fixtures/w-11-down.bf16
859	11	3	2	2	576	1536	2	1	/tmp/riley-opt-260912/multisequence-projection-candidates-v1/fixtures/x-1536-2-m2-a2.bf16	/tmp/riley-opt-260912/multisequence-projection-candidates-v1/fixtures/w-11-down.bf16
860	11	3	4	4	576	1536	2	0	/tmp/riley-opt-260912/multisequence-projection-candidates-v1/fixtures/x-1536-2-m4-a4.bf16	/tmp/riley-opt-260912/multisequence-projection-candidates-v1/fixtures/w-11-down.bf16
861	11	3	4	4	576	1536	2	1	/tmp/riley-opt-260912/multisequence-projection-candidates-v1/fixtures/x-1536-2-m4-a4.bf16	/tmp/riley-opt-260912/multisequence-projection-candidates-v1/fixtures/w-11-down.bf16
862	11	3	4	3	576	1536	2	0	/tmp/riley-opt-260912/multisequence-projection-candidates-v1/fixtures/x-1536-2-m4-a3.bf16	/tmp/riley-opt-260912/multisequence-projection-candidates-v1/fixtures/w-11-down.bf16
863	11	3	4	3	576	1536	2	1	/tmp/riley-opt-260912/multisequence-projection-candidates-v1/fixtures/x-1536-2-m4-a3.bf16	/tmp/riley-opt-260912/multisequence-projection-candidates-v1/fixtures/w-11-down.bf16
864	12	0	2	2	960	576	0	0	/tmp/riley-opt-260912/multisequence-projection-candidates-v1/fixtures/x-576-0-m2-a2.bf16	/tmp/riley-opt-260912/multisequence-projection-candidates-v1/fixtures/w-12-qkv.bf16
865	12	0	2	2	960	576	0	1	/tmp/riley-opt-260912/multisequence-projection-candidates-v1/fixtures/x-576-0-m2-a2.bf16	/tmp/riley-opt-260912/multisequence-projection-candidates-v1/fixtures/w-12-qkv.bf16
866	12	0	4	4	960	576	0	0	/tmp/riley-opt-260912/multisequence-projection-candidates-v1/fixtures/x-576-0-m4-a4.bf16	/tmp/riley-opt-260912/multisequence-projection-candidates-v1/fixtures/w-12-qkv.bf16
867	12	0	4	4	960	576	0	1	/tmp/riley-opt-260912/multisequence-projection-candidates-v1/fixtures/x-576-0-m4-a4.bf16	/tmp/riley-opt-260912/multisequence-projection-candidates-v1/fixtures/w-12-qkv.bf16
868	12	0	4	3	960	576	0	0	/tmp/riley-opt-260912/multisequence-projection-candidates-v1/fixtures/x-576-0-m4-a3.bf16	/tmp/riley-opt-260912/multisequence-projection-candidates-v1/fixtures/w-12-qkv.bf16
869	12	0	4	3	960	576	0	1	/tmp/riley-opt-260912/multisequence-projection-candidates-v1/fixtures/x-576-0-m4-a3.bf16	/tmp/riley-opt-260912/multisequence-projection-candidates-v1/fixtures/w-12-qkv.bf16
870	12	0	2	2	960	576	1	0	/tmp/riley-opt-260912/multisequence-projection-candidates-v1/fixtures/x-576-1-m2-a2.bf16	/tmp/riley-opt-260912/multisequence-projection-candidates-v1/fixtures/w-12-qkv.bf16
871	12	0	2	2	960	576	1	1	/tmp/riley-opt-260912/multisequence-projection-candidates-v1/fixtures/x-576-1-m2-a2.bf16	/tmp/riley-opt-260912/multisequence-projection-candidates-v1/fixtures/w-12-qkv.bf16
872	12	0	4	4	960	576	1	0	/tmp/riley-opt-260912/multisequence-projection-candidates-v1/fixtures/x-576-1-m4-a4.bf16	/tmp/riley-opt-260912/multisequence-projection-candidates-v1/fixtures/w-12-qkv.bf16
873	12	0	4	4	960	576	1	1	/tmp/riley-opt-260912/multisequence-projection-candidates-v1/fixtures/x-576-1-m4-a4.bf16	/tmp/riley-opt-260912/multisequence-projection-candidates-v1/fixtures/w-12-qkv.bf16
874	12	0	4	3	960	576	1	0	/tmp/riley-opt-260912/multisequence-projection-candidates-v1/fixtures/x-576-1-m4-a3.bf16	/tmp/riley-opt-260912/multisequence-projection-candidates-v1/fixtures/w-12-qkv.bf16
875	12	0	4	3	960	576	1	1	/tmp/riley-opt-260912/multisequence-projection-candidates-v1/fixtures/x-576-1-m4-a3.bf16	/tmp/riley-opt-260912/multisequence-projection-candidates-v1/fixtures/w-12-qkv.bf16
876	12	0	2	2	960	576	2	0	/tmp/riley-opt-260912/multisequence-projection-candidates-v1/fixtures/x-576-2-m2-a2.bf16	/tmp/riley-opt-260912/multisequence-projection-candidates-v1/fixtures/w-12-qkv.bf16
877	12	0	2	2	960	576	2	1	/tmp/riley-opt-260912/multisequence-projection-candidates-v1/fixtures/x-576-2-m2-a2.bf16	/tmp/riley-opt-260912/multisequence-projection-candidates-v1/fixtures/w-12-qkv.bf16
878	12	0	4	4	960	576	2	0	/tmp/riley-opt-260912/multisequence-projection-candidates-v1/fixtures/x-576-2-m4-a4.bf16	/tmp/riley-opt-260912/multisequence-projection-candidates-v1/fixtures/w-12-qkv.bf16
879	12	0	4	4	960	576	2	1	/tmp/riley-opt-260912/multisequence-projection-candidates-v1/fixtures/x-576-2-m4-a4.bf16	/tmp/riley-opt-260912/multisequence-projection-candidates-v1/fixtures/w-12-qkv.bf16
880	12	0	4	3	960	576	2	0	/tmp/riley-opt-260912/multisequence-projection-candidates-v1/fixtures/x-576-2-m4-a3.bf16	/tmp/riley-opt-260912/multisequence-projection-candidates-v1/fixtures/w-12-qkv.bf16
881	12	0	4	3	960	576	2	1	/tmp/riley-opt-260912/multisequence-projection-candidates-v1/fixtures/x-576-2-m4-a3.bf16	/tmp/riley-opt-260912/multisequence-projection-candidates-v1/fixtures/w-12-qkv.bf16
882	12	1	2	2	3072	576	0	0	/tmp/riley-opt-260912/multisequence-projection-candidates-v1/fixtures/x-576-0-m2-a2.bf16	/tmp/riley-opt-260912/multisequence-projection-candidates-v1/fixtures/w-12-gate_up.bf16
883	12	1	2	2	3072	576	0	1	/tmp/riley-opt-260912/multisequence-projection-candidates-v1/fixtures/x-576-0-m2-a2.bf16	/tmp/riley-opt-260912/multisequence-projection-candidates-v1/fixtures/w-12-gate_up.bf16
884	12	1	4	4	3072	576	0	0	/tmp/riley-opt-260912/multisequence-projection-candidates-v1/fixtures/x-576-0-m4-a4.bf16	/tmp/riley-opt-260912/multisequence-projection-candidates-v1/fixtures/w-12-gate_up.bf16
885	12	1	4	4	3072	576	0	1	/tmp/riley-opt-260912/multisequence-projection-candidates-v1/fixtures/x-576-0-m4-a4.bf16	/tmp/riley-opt-260912/multisequence-projection-candidates-v1/fixtures/w-12-gate_up.bf16
886	12	1	4	3	3072	576	0	0	/tmp/riley-opt-260912/multisequence-projection-candidates-v1/fixtures/x-576-0-m4-a3.bf16	/tmp/riley-opt-260912/multisequence-projection-candidates-v1/fixtures/w-12-gate_up.bf16
887	12	1	4	3	3072	576	0	1	/tmp/riley-opt-260912/multisequence-projection-candidates-v1/fixtures/x-576-0-m4-a3.bf16	/tmp/riley-opt-260912/multisequence-projection-candidates-v1/fixtures/w-12-gate_up.bf16
888	12	1	2	2	3072	576	1	0	/tmp/riley-opt-260912/multisequence-projection-candidates-v1/fixtures/x-576-1-m2-a2.bf16	/tmp/riley-opt-260912/multisequence-projection-candidates-v1/fixtures/w-12-gate_up.bf16
889	12	1	2	2	3072	576	1	1	/tmp/riley-opt-260912/multisequence-projection-candidates-v1/fixtures/x-576-1-m2-a2.bf16	/tmp/riley-opt-260912/multisequence-projection-candidates-v1/fixtures/w-12-gate_up.bf16
890	12	1	4	4	3072	576	1	0	/tmp/riley-opt-260912/multisequence-projection-candidates-v1/fixtures/x-576-1-m4-a4.bf16	/tmp/riley-opt-260912/multisequence-projection-candidates-v1/fixtures/w-12-gate_up.bf16
891	12	1	4	4	3072	576	1	1	/tmp/riley-opt-260912/multisequence-projection-candidates-v1/fixtures/x-576-1-m4-a4.bf16	/tmp/riley-opt-260912/multisequence-projection-candidates-v1/fixtures/w-12-gate_up.bf16
892	12	1	4	3	3072	576	1	0	/tmp/riley-opt-260912/multisequence-projection-candidates-v1/fixtures/x-576-1-m4-a3.bf16	/tmp/riley-opt-260912/multisequence-projection-candidates-v1/fixtures/w-12-gate_up.bf16
893	12	1	4	3	3072	576	1	1	/tmp/riley-opt-260912/multisequence-projection-candidates-v1/fixtures/x-576-1-m4-a3.bf16	/tmp/riley-opt-260912/multisequence-projection-candidates-v1/fixtures/w-12-gate_up.bf16
894	12	1	2	2	3072	576	2	0	/tmp/riley-opt-260912/multisequence-projection-candidates-v1/fixtures/x-576-2-m2-a2.bf16	/tmp/riley-opt-260912/multisequence-projection-candidates-v1/fixtures/w-12-gate_up.bf16
895	12	1	2	2	3072	576	2	1	/tmp/riley-opt-260912/multisequence-projection-candidates-v1/fixtures/x-576-2-m2-a2.bf16	/tmp/riley-opt-260912/multisequence-projection-candidates-v1/fixtures/w-12-gate_up.bf16
896	12	1	4	4	3072	576	2	0	/tmp/riley-opt-260912/multisequence-projection-candidates-v1/fixtures/x-576-2-m4-a4.bf16	/tmp/riley-opt-260912/multisequence-projection-candidates-v1/fixtures/w-12-gate_up.bf16
897	12	1	4	4	3072	576	2	1	/tmp/riley-opt-260912/multisequence-projection-candidates-v1/fixtures/x-576-2-m4-a4.bf16	/tmp/riley-opt-260912/multisequence-projection-candidates-v1/fixtures/w-12-gate_up.bf16
898	12	1	4	3	3072	576	2	0	/tmp/riley-opt-260912/multisequence-projection-candidates-v1/fixtures/x-576-2-m4-a3.bf16	/tmp/riley-opt-260912/multisequence-projection-candidates-v1/fixtures/w-12-gate_up.bf16
899	12	1	4	3	3072	576	2	1	/tmp/riley-opt-260912/multisequence-projection-candidates-v1/fixtures/x-576-2-m4-a3.bf16	/tmp/riley-opt-260912/multisequence-projection-candidates-v1/fixtures/w-12-gate_up.bf16
900	12	2	2	2	576	576	0	0	/tmp/riley-opt-260912/multisequence-projection-candidates-v1/fixtures/x-576-0-m2-a2.bf16	/tmp/riley-opt-260912/multisequence-projection-candidates-v1/fixtures/w-12-o.bf16
901	12	2	2	2	576	576	0	1	/tmp/riley-opt-260912/multisequence-projection-candidates-v1/fixtures/x-576-0-m2-a2.bf16	/tmp/riley-opt-260912/multisequence-projection-candidates-v1/fixtures/w-12-o.bf16
902	12	2	4	4	576	576	0	0	/tmp/riley-opt-260912/multisequence-projection-candidates-v1/fixtures/x-576-0-m4-a4.bf16	/tmp/riley-opt-260912/multisequence-projection-candidates-v1/fixtures/w-12-o.bf16
903	12	2	4	4	576	576	0	1	/tmp/riley-opt-260912/multisequence-projection-candidates-v1/fixtures/x-576-0-m4-a4.bf16	/tmp/riley-opt-260912/multisequence-projection-candidates-v1/fixtures/w-12-o.bf16
904	12	2	4	3	576	576	0	0	/tmp/riley-opt-260912/multisequence-projection-candidates-v1/fixtures/x-576-0-m4-a3.bf16	/tmp/riley-opt-260912/multisequence-projection-candidates-v1/fixtures/w-12-o.bf16
905	12	2	4	3	576	576	0	1	/tmp/riley-opt-260912/multisequence-projection-candidates-v1/fixtures/x-576-0-m4-a3.bf16	/tmp/riley-opt-260912/multisequence-projection-candidates-v1/fixtures/w-12-o.bf16
906	12	2	2	2	576	576	1	0	/tmp/riley-opt-260912/multisequence-projection-candidates-v1/fixtures/x-576-1-m2-a2.bf16	/tmp/riley-opt-260912/multisequence-projection-candidates-v1/fixtures/w-12-o.bf16
907	12	2	2	2	576	576	1	1	/tmp/riley-opt-260912/multisequence-projection-candidates-v1/fixtures/x-576-1-m2-a2.bf16	/tmp/riley-opt-260912/multisequence-projection-candidates-v1/fixtures/w-12-o.bf16
908	12	2	4	4	576	576	1	0	/tmp/riley-opt-260912/multisequence-projection-candidates-v1/fixtures/x-576-1-m4-a4.bf16	/tmp/riley-opt-260912/multisequence-projection-candidates-v1/fixtures/w-12-o.bf16
909	12	2	4	4	576	576	1	1	/tmp/riley-opt-260912/multisequence-projection-candidates-v1/fixtures/x-576-1-m4-a4.bf16	/tmp/riley-opt-260912/multisequence-projection-candidates-v1/fixtures/w-12-o.bf16
910	12	2	4	3	576	576	1	0	/tmp/riley-opt-260912/multisequence-projection-candidates-v1/fixtures/x-576-1-m4-a3.bf16	/tmp/riley-opt-260912/multisequence-projection-candidates-v1/fixtures/w-12-o.bf16
911	12	2	4	3	576	576	1	1	/tmp/riley-opt-260912/multisequence-projection-candidates-v1/fixtures/x-576-1-m4-a3.bf16	/tmp/riley-opt-260912/multisequence-projection-candidates-v1/fixtures/w-12-o.bf16
912	12	2	2	2	576	576	2	0	/tmp/riley-opt-260912/multisequence-projection-candidates-v1/fixtures/x-576-2-m2-a2.bf16	/tmp/riley-opt-260912/multisequence-projection-candidates-v1/fixtures/w-12-o.bf16
913	12	2	2	2	576	576	2	1	/tmp/riley-opt-260912/multisequence-projection-candidates-v1/fixtures/x-576-2-m2-a2.bf16	/tmp/riley-opt-260912/multisequence-projection-candidates-v1/fixtures/w-12-o.bf16
914	12	2	4	4	576	576	2	0	/tmp/riley-opt-260912/multisequence-projection-candidates-v1/fixtures/x-576-2-m4-a4.bf16	/tmp/riley-opt-260912/multisequence-projection-candidates-v1/fixtures/w-12-o.bf16
915	12	2	4	4	576	576	2	1	/tmp/riley-opt-260912/multisequence-projection-candidates-v1/fixtures/x-576-2-m4-a4.bf16	/tmp/riley-opt-260912/multisequence-projection-candidates-v1/fixtures/w-12-o.bf16
916	12	2	4	3	576	576	2	0	/tmp/riley-opt-260912/multisequence-projection-candidates-v1/fixtures/x-576-2-m4-a3.bf16	/tmp/riley-opt-260912/multisequence-projection-candidates-v1/fixtures/w-12-o.bf16
917	12	2	4	3	576	576	2	1	/tmp/riley-opt-260912/multisequence-projection-candidates-v1/fixtures/x-576-2-m4-a3.bf16	/tmp/riley-opt-260912/multisequence-projection-candidates-v1/fixtures/w-12-o.bf16
918	12	3	2	2	576	1536	0	0	/tmp/riley-opt-260912/multisequence-projection-candidates-v1/fixtures/x-1536-0-m2-a2.bf16	/tmp/riley-opt-260912/multisequence-projection-candidates-v1/fixtures/w-12-down.bf16
919	12	3	2	2	576	1536	0	1	/tmp/riley-opt-260912/multisequence-projection-candidates-v1/fixtures/x-1536-0-m2-a2.bf16	/tmp/riley-opt-260912/multisequence-projection-candidates-v1/fixtures/w-12-down.bf16
920	12	3	4	4	576	1536	0	0	/tmp/riley-opt-260912/multisequence-projection-candidates-v1/fixtures/x-1536-0-m4-a4.bf16	/tmp/riley-opt-260912/multisequence-projection-candidates-v1/fixtures/w-12-down.bf16
921	12	3	4	4	576	1536	0	1	/tmp/riley-opt-260912/multisequence-projection-candidates-v1/fixtures/x-1536-0-m4-a4.bf16	/tmp/riley-opt-260912/multisequence-projection-candidates-v1/fixtures/w-12-down.bf16
922	12	3	4	3	576	1536	0	0	/tmp/riley-opt-260912/multisequence-projection-candidates-v1/fixtures/x-1536-0-m4-a3.bf16	/tmp/riley-opt-260912/multisequence-projection-candidates-v1/fixtures/w-12-down.bf16
923	12	3	4	3	576	1536	0	1	/tmp/riley-opt-260912/multisequence-projection-candidates-v1/fixtures/x-1536-0-m4-a3.bf16	/tmp/riley-opt-260912/multisequence-projection-candidates-v1/fixtures/w-12-down.bf16
924	12	3	2	2	576	1536	1	0	/tmp/riley-opt-260912/multisequence-projection-candidates-v1/fixtures/x-1536-1-m2-a2.bf16	/tmp/riley-opt-260912/multisequence-projection-candidates-v1/fixtures/w-12-down.bf16
925	12	3	2	2	576	1536	1	1	/tmp/riley-opt-260912/multisequence-projection-candidates-v1/fixtures/x-1536-1-m2-a2.bf16	/tmp/riley-opt-260912/multisequence-projection-candidates-v1/fixtures/w-12-down.bf16
926	12	3	4	4	576	1536	1	0	/tmp/riley-opt-260912/multisequence-projection-candidates-v1/fixtures/x-1536-1-m4-a4.bf16	/tmp/riley-opt-260912/multisequence-projection-candidates-v1/fixtures/w-12-down.bf16
927	12	3	4	4	576	1536	1	1	/tmp/riley-opt-260912/multisequence-projection-candidates-v1/fixtures/x-1536-1-m4-a4.bf16	/tmp/riley-opt-260912/multisequence-projection-candidates-v1/fixtures/w-12-down.bf16
928	12	3	4	3	576	1536	1	0	/tmp/riley-opt-260912/multisequence-projection-candidates-v1/fixtures/x-1536-1-m4-a3.bf16	/tmp/riley-opt-260912/multisequence-projection-candidates-v1/fixtures/w-12-down.bf16
929	12	3	4	3	576	1536	1	1	/tmp/riley-opt-260912/multisequence-projection-candidates-v1/fixtures/x-1536-1-m4-a3.bf16	/tmp/riley-opt-260912/multisequence-projection-candidates-v1/fixtures/w-12-down.bf16
930	12	3	2	2	576	1536	2	0	/tmp/riley-opt-260912/multisequence-projection-candidates-v1/fixtures/x-1536-2-m2-a2.bf16	/tmp/riley-opt-260912/multisequence-projection-candidates-v1/fixtures/w-12-down.bf16
931	12	3	2	2	576	1536	2	1	/tmp/riley-opt-260912/multisequence-projection-candidates-v1/fixtures/x-1536-2-m2-a2.bf16	/tmp/riley-opt-260912/multisequence-projection-candidates-v1/fixtures/w-12-down.bf16
932	12	3	4	4	576	1536	2	0	/tmp/riley-opt-260912/multisequence-projection-candidates-v1/fixtures/x-1536-2-m4-a4.bf16	/tmp/riley-opt-260912/multisequence-projection-candidates-v1/fixtures/w-12-down.bf16
933	12	3	4	4	576	1536	2	1	/tmp/riley-opt-260912/multisequence-projection-candidates-v1/fixtures/x-1536-2-m4-a4.bf16	/tmp/riley-opt-260912/multisequence-projection-candidates-v1/fixtures/w-12-down.bf16
934	12	3	4	3	576	1536	2	0	/tmp/riley-opt-260912/multisequence-projection-candidates-v1/fixtures/x-1536-2-m4-a3.bf16	/tmp/riley-opt-260912/multisequence-projection-candidates-v1/fixtures/w-12-down.bf16
935	12	3	4	3	576	1536	2	1	/tmp/riley-opt-260912/multisequence-projection-candidates-v1/fixtures/x-1536-2-m4-a3.bf16	/tmp/riley-opt-260912/multisequence-projection-candidates-v1/fixtures/w-12-down.bf16
936	13	0	2	2	960	576	0	0	/tmp/riley-opt-260912/multisequence-projection-candidates-v1/fixtures/x-576-0-m2-a2.bf16	/tmp/riley-opt-260912/multisequence-projection-candidates-v1/fixtures/w-13-qkv.bf16
937	13	0	2	2	960	576	0	1	/tmp/riley-opt-260912/multisequence-projection-candidates-v1/fixtures/x-576-0-m2-a2.bf16	/tmp/riley-opt-260912/multisequence-projection-candidates-v1/fixtures/w-13-qkv.bf16
938	13	0	4	4	960	576	0	0	/tmp/riley-opt-260912/multisequence-projection-candidates-v1/fixtures/x-576-0-m4-a4.bf16	/tmp/riley-opt-260912/multisequence-projection-candidates-v1/fixtures/w-13-qkv.bf16
939	13	0	4	4	960	576	0	1	/tmp/riley-opt-260912/multisequence-projection-candidates-v1/fixtures/x-576-0-m4-a4.bf16	/tmp/riley-opt-260912/multisequence-projection-candidates-v1/fixtures/w-13-qkv.bf16
940	13	0	4	3	960	576	0	0	/tmp/riley-opt-260912/multisequence-projection-candidates-v1/fixtures/x-576-0-m4-a3.bf16	/tmp/riley-opt-260912/multisequence-projection-candidates-v1/fixtures/w-13-qkv.bf16
941	13	0	4	3	960	576	0	1	/tmp/riley-opt-260912/multisequence-projection-candidates-v1/fixtures/x-576-0-m4-a3.bf16	/tmp/riley-opt-260912/multisequence-projection-candidates-v1/fixtures/w-13-qkv.bf16
942	13	0	2	2	960	576	1	0	/tmp/riley-opt-260912/multisequence-projection-candidates-v1/fixtures/x-576-1-m2-a2.bf16	/tmp/riley-opt-260912/multisequence-projection-candidates-v1/fixtures/w-13-qkv.bf16
943	13	0	2	2	960	576	1	1	/tmp/riley-opt-260912/multisequence-projection-candidates-v1/fixtures/x-576-1-m2-a2.bf16	/tmp/riley-opt-260912/multisequence-projection-candidates-v1/fixtures/w-13-qkv.bf16
944	13	0	4	4	960	576	1	0	/tmp/riley-opt-260912/multisequence-projection-candidates-v1/fixtures/x-576-1-m4-a4.bf16	/tmp/riley-opt-260912/multisequence-projection-candidates-v1/fixtures/w-13-qkv.bf16
945	13	0	4	4	960	576	1	1	/tmp/riley-opt-260912/multisequence-projection-candidates-v1/fixtures/x-576-1-m4-a4.bf16	/tmp/riley-opt-260912/multisequence-projection-candidates-v1/fixtures/w-13-qkv.bf16
946	13	0	4	3	960	576	1	0	/tmp/riley-opt-260912/multisequence-projection-candidates-v1/fixtures/x-576-1-m4-a3.bf16	/tmp/riley-opt-260912/multisequence-projection-candidates-v1/fixtures/w-13-qkv.bf16
947	13	0	4	3	960	576	1	1	/tmp/riley-opt-260912/multisequence-projection-candidates-v1/fixtures/x-576-1-m4-a3.bf16	/tmp/riley-opt-260912/multisequence-projection-candidates-v1/fixtures/w-13-qkv.bf16
948	13	0	2	2	960	576	2	0	/tmp/riley-opt-260912/multisequence-projection-candidates-v1/fixtures/x-576-2-m2-a2.bf16	/tmp/riley-opt-260912/multisequence-projection-candidates-v1/fixtures/w-13-qkv.bf16
949	13	0	2	2	960	576	2	1	/tmp/riley-opt-260912/multisequence-projection-candidates-v1/fixtures/x-576-2-m2-a2.bf16	/tmp/riley-opt-260912/multisequence-projection-candidates-v1/fixtures/w-13-qkv.bf16
950	13	0	4	4	960	576	2	0	/tmp/riley-opt-260912/multisequence-projection-candidates-v1/fixtures/x-576-2-m4-a4.bf16	/tmp/riley-opt-260912/multisequence-projection-candidates-v1/fixtures/w-13-qkv.bf16
951	13	0	4	4	960	576	2	1	/tmp/riley-opt-260912/multisequence-projection-candidates-v1/fixtures/x-576-2-m4-a4.bf16	/tmp/riley-opt-260912/multisequence-projection-candidates-v1/fixtures/w-13-qkv.bf16
952	13	0	4	3	960	576	2	0	/tmp/riley-opt-260912/multisequence-projection-candidates-v1/fixtures/x-576-2-m4-a3.bf16	/tmp/riley-opt-260912/multisequence-projection-candidates-v1/fixtures/w-13-qkv.bf16
953	13	0	4	3	960	576	2	1	/tmp/riley-opt-260912/multisequence-projection-candidates-v1/fixtures/x-576-2-m4-a3.bf16	/tmp/riley-opt-260912/multisequence-projection-candidates-v1/fixtures/w-13-qkv.bf16
954	13	1	2	2	3072	576	0	0	/tmp/riley-opt-260912/multisequence-projection-candidates-v1/fixtures/x-576-0-m2-a2.bf16	/tmp/riley-opt-260912/multisequence-projection-candidates-v1/fixtures/w-13-gate_up.bf16
955	13	1	2	2	3072	576	0	1	/tmp/riley-opt-260912/multisequence-projection-candidates-v1/fixtures/x-576-0-m2-a2.bf16	/tmp/riley-opt-260912/multisequence-projection-candidates-v1/fixtures/w-13-gate_up.bf16
956	13	1	4	4	3072	576	0	0	/tmp/riley-opt-260912/multisequence-projection-candidates-v1/fixtures/x-576-0-m4-a4.bf16	/tmp/riley-opt-260912/multisequence-projection-candidates-v1/fixtures/w-13-gate_up.bf16
957	13	1	4	4	3072	576	0	1	/tmp/riley-opt-260912/multisequence-projection-candidates-v1/fixtures/x-576-0-m4-a4.bf16	/tmp/riley-opt-260912/multisequence-projection-candidates-v1/fixtures/w-13-gate_up.bf16
958	13	1	4	3	3072	576	0	0	/tmp/riley-opt-260912/multisequence-projection-candidates-v1/fixtures/x-576-0-m4-a3.bf16	/tmp/riley-opt-260912/multisequence-projection-candidates-v1/fixtures/w-13-gate_up.bf16
959	13	1	4	3	3072	576	0	1	/tmp/riley-opt-260912/multisequence-projection-candidates-v1/fixtures/x-576-0-m4-a3.bf16	/tmp/riley-opt-260912/multisequence-projection-candidates-v1/fixtures/w-13-gate_up.bf16
960	13	1	2	2	3072	576	1	0	/tmp/riley-opt-260912/multisequence-projection-candidates-v1/fixtures/x-576-1-m2-a2.bf16	/tmp/riley-opt-260912/multisequence-projection-candidates-v1/fixtures/w-13-gate_up.bf16
961	13	1	2	2	3072	576	1	1	/tmp/riley-opt-260912/multisequence-projection-candidates-v1/fixtures/x-576-1-m2-a2.bf16	/tmp/riley-opt-260912/multisequence-projection-candidates-v1/fixtures/w-13-gate_up.bf16
962	13	1	4	4	3072	576	1	0	/tmp/riley-opt-260912/multisequence-projection-candidates-v1/fixtures/x-576-1-m4-a4.bf16	/tmp/riley-opt-260912/multisequence-projection-candidates-v1/fixtures/w-13-gate_up.bf16
963	13	1	4	4	3072	576	1	1	/tmp/riley-opt-260912/multisequence-projection-candidates-v1/fixtures/x-576-1-m4-a4.bf16	/tmp/riley-opt-260912/multisequence-projection-candidates-v1/fixtures/w-13-gate_up.bf16
964	13	1	4	3	3072	576	1	0	/tmp/riley-opt-260912/multisequence-projection-candidates-v1/fixtures/x-576-1-m4-a3.bf16	/tmp/riley-opt-260912/multisequence-projection-candidates-v1/fixtures/w-13-gate_up.bf16
965	13	1	4	3	3072	576	1	1	/tmp/riley-opt-260912/multisequence-projection-candidates-v1/fixtures/x-576-1-m4-a3.bf16	/tmp/riley-opt-260912/multisequence-projection-candidates-v1/fixtures/w-13-gate_up.bf16
966	13	1	2	2	3072	576	2	0	/tmp/riley-opt-260912/multisequence-projection-candidates-v1/fixtures/x-576-2-m2-a2.bf16	/tmp/riley-opt-260912/multisequence-projection-candidates-v1/fixtures/w-13-gate_up.bf16
967	13	1	2	2	3072	576	2	1	/tmp/riley-opt-260912/multisequence-projection-candidates-v1/fixtures/x-576-2-m2-a2.bf16	/tmp/riley-opt-260912/multisequence-projection-candidates-v1/fixtures/w-13-gate_up.bf16
968	13	1	4	4	3072	576	2	0	/tmp/riley-opt-260912/multisequence-projection-candidates-v1/fixtures/x-576-2-m4-a4.bf16	/tmp/riley-opt-260912/multisequence-projection-candidates-v1/fixtures/w-13-gate_up.bf16
969	13	1	4	4	3072	576	2	1	/tmp/riley-opt-260912/multisequence-projection-candidates-v1/fixtures/x-576-2-m4-a4.bf16	/tmp/riley-opt-260912/multisequence-projection-candidates-v1/fixtures/w-13-gate_up.bf16
970	13	1	4	3	3072	576	2	0	/tmp/riley-opt-260912/multisequence-projection-candidates-v1/fixtures/x-576-2-m4-a3.bf16	/tmp/riley-opt-260912/multisequence-projection-candidates-v1/fixtures/w-13-gate_up.bf16
971	13	1	4	3	3072	576	2	1	/tmp/riley-opt-260912/multisequence-projection-candidates-v1/fixtures/x-576-2-m4-a3.bf16	/tmp/riley-opt-260912/multisequence-projection-candidates-v1/fixtures/w-13-gate_up.bf16
972	13	2	2	2	576	576	0	0	/tmp/riley-opt-260912/multisequence-projection-candidates-v1/fixtures/x-576-0-m2-a2.bf16	/tmp/riley-opt-260912/multisequence-projection-candidates-v1/fixtures/w-13-o.bf16
973	13	2	2	2	576	576	0	1	/tmp/riley-opt-260912/multisequence-projection-candidates-v1/fixtures/x-576-0-m2-a2.bf16	/tmp/riley-opt-260912/multisequence-projection-candidates-v1/fixtures/w-13-o.bf16
974	13	2	4	4	576	576	0	0	/tmp/riley-opt-260912/multisequence-projection-candidates-v1/fixtures/x-576-0-m4-a4.bf16	/tmp/riley-opt-260912/multisequence-projection-candidates-v1/fixtures/w-13-o.bf16
975	13	2	4	4	576	576	0	1	/tmp/riley-opt-260912/multisequence-projection-candidates-v1/fixtures/x-576-0-m4-a4.bf16	/tmp/riley-opt-260912/multisequence-projection-candidates-v1/fixtures/w-13-o.bf16
976	13	2	4	3	576	576	0	0	/tmp/riley-opt-260912/multisequence-projection-candidates-v1/fixtures/x-576-0-m4-a3.bf16	/tmp/riley-opt-260912/multisequence-projection-candidates-v1/fixtures/w-13-o.bf16
977	13	2	4	3	576	576	0	1	/tmp/riley-opt-260912/multisequence-projection-candidates-v1/fixtures/x-576-0-m4-a3.bf16	/tmp/riley-opt-260912/multisequence-projection-candidates-v1/fixtures/w-13-o.bf16
978	13	2	2	2	576	576	1	0	/tmp/riley-opt-260912/multisequence-projection-candidates-v1/fixtures/x-576-1-m2-a2.bf16	/tmp/riley-opt-260912/multisequence-projection-candidates-v1/fixtures/w-13-o.bf16
979	13	2	2	2	576	576	1	1	/tmp/riley-opt-260912/multisequence-projection-candidates-v1/fixtures/x-576-1-m2-a2.bf16	/tmp/riley-opt-260912/multisequence-projection-candidates-v1/fixtures/w-13-o.bf16
980	13	2	4	4	576	576	1	0	/tmp/riley-opt-260912/multisequence-projection-candidates-v1/fixtures/x-576-1-m4-a4.bf16	/tmp/riley-opt-260912/multisequence-projection-candidates-v1/fixtures/w-13-o.bf16
981	13	2	4	4	576	576	1	1	/tmp/riley-opt-260912/multisequence-projection-candidates-v1/fixtures/x-576-1-m4-a4.bf16	/tmp/riley-opt-260912/multisequence-projection-candidates-v1/fixtures/w-13-o.bf16
982	13	2	4	3	576	576	1	0	/tmp/riley-opt-260912/multisequence-projection-candidates-v1/fixtures/x-576-1-m4-a3.bf16	/tmp/riley-opt-260912/multisequence-projection-candidates-v1/fixtures/w-13-o.bf16
983	13	2	4	3	576	576	1	1	/tmp/riley-opt-260912/multisequence-projection-candidates-v1/fixtures/x-576-1-m4-a3.bf16	/tmp/riley-opt-260912/multisequence-projection-candidates-v1/fixtures/w-13-o.bf16
984	13	2	2	2	576	576	2	0	/tmp/riley-opt-260912/multisequence-projection-candidates-v1/fixtures/x-576-2-m2-a2.bf16	/tmp/riley-opt-260912/multisequence-projection-candidates-v1/fixtures/w-13-o.bf16
985	13	2	2	2	576	576	2	1	/tmp/riley-opt-260912/multisequence-projection-candidates-v1/fixtures/x-576-2-m2-a2.bf16	/tmp/riley-opt-260912/multisequence-projection-candidates-v1/fixtures/w-13-o.bf16
986	13	2	4	4	576	576	2	0	/tmp/riley-opt-260912/multisequence-projection-candidates-v1/fixtures/x-576-2-m4-a4.bf16	/tmp/riley-opt-260912/multisequence-projection-candidates-v1/fixtures/w-13-o.bf16
987	13	2	4	4	576	576	2	1	/tmp/riley-opt-260912/multisequence-projection-candidates-v1/fixtures/x-576-2-m4-a4.bf16	/tmp/riley-opt-260912/multisequence-projection-candidates-v1/fixtures/w-13-o.bf16
988	13	2	4	3	576	576	2	0	/tmp/riley-opt-260912/multisequence-projection-candidates-v1/fixtures/x-576-2-m4-a3.bf16	/tmp/riley-opt-260912/multisequence-projection-candidates-v1/fixtures/w-13-o.bf16
989	13	2	4	3	576	576	2	1	/tmp/riley-opt-260912/multisequence-projection-candidates-v1/fixtures/x-576-2-m4-a3.bf16	/tmp/riley-opt-260912/multisequence-projection-candidates-v1/fixtures/w-13-o.bf16
990	13	3	2	2	576	1536	0	0	/tmp/riley-opt-260912/multisequence-projection-candidates-v1/fixtures/x-1536-0-m2-a2.bf16	/tmp/riley-opt-260912/multisequence-projection-candidates-v1/fixtures/w-13-down.bf16
991	13	3	2	2	576	1536	0	1	/tmp/riley-opt-260912/multisequence-projection-candidates-v1/fixtures/x-1536-0-m2-a2.bf16	/tmp/riley-opt-260912/multisequence-projection-candidates-v1/fixtures/w-13-down.bf16
992	13	3	4	4	576	1536	0	0	/tmp/riley-opt-260912/multisequence-projection-candidates-v1/fixtures/x-1536-0-m4-a4.bf16	/tmp/riley-opt-260912/multisequence-projection-candidates-v1/fixtures/w-13-down.bf16
993	13	3	4	4	576	1536	0	1	/tmp/riley-opt-260912/multisequence-projection-candidates-v1/fixtures/x-1536-0-m4-a4.bf16	/tmp/riley-opt-260912/multisequence-projection-candidates-v1/fixtures/w-13-down.bf16
994	13	3	4	3	576	1536	0	0	/tmp/riley-opt-260912/multisequence-projection-candidates-v1/fixtures/x-1536-0-m4-a3.bf16	/tmp/riley-opt-260912/multisequence-projection-candidates-v1/fixtures/w-13-down.bf16
995	13	3	4	3	576	1536	0	1	/tmp/riley-opt-260912/multisequence-projection-candidates-v1/fixtures/x-1536-0-m4-a3.bf16	/tmp/riley-opt-260912/multisequence-projection-candidates-v1/fixtures/w-13-down.bf16
996	13	3	2	2	576	1536	1	0	/tmp/riley-opt-260912/multisequence-projection-candidates-v1/fixtures/x-1536-1-m2-a2.bf16	/tmp/riley-opt-260912/multisequence-projection-candidates-v1/fixtures/w-13-down.bf16
997	13	3	2	2	576	1536	1	1	/tmp/riley-opt-260912/multisequence-projection-candidates-v1/fixtures/x-1536-1-m2-a2.bf16	/tmp/riley-opt-260912/multisequence-projection-candidates-v1/fixtures/w-13-down.bf16
998	13	3	4	4	576	1536	1	0	/tmp/riley-opt-260912/multisequence-projection-candidates-v1/fixtures/x-1536-1-m4-a4.bf16	/tmp/riley-opt-260912/multisequence-projection-candidates-v1/fixtures/w-13-down.bf16
999	13	3	4	4	576	1536	1	1	/tmp/riley-opt-260912/multisequence-projection-candidates-v1/fixtures/x-1536-1-m4-a4.bf16	/tmp/riley-opt-260912/multisequence-projection-candidates-v1/fixtures/w-13-down.bf16
1000	13	3	4	3	576	1536	1	0	/tmp/riley-opt-260912/multisequence-projection-candidates-v1/fixtures/x-1536-1-m4-a3.bf16	/tmp/riley-opt-260912/multisequence-projection-candidates-v1/fixtures/w-13-down.bf16
1001	13	3	4	3	576	1536	1	1	/tmp/riley-opt-260912/multisequence-projection-candidates-v1/fixtures/x-1536-1-m4-a3.bf16	/tmp/riley-opt-260912/multisequence-projection-candidates-v1/fixtures/w-13-down.bf16
1002	13	3	2	2	576	1536	2	0	/tmp/riley-opt-260912/multisequence-projection-candidates-v1/fixtures/x-1536-2-m2-a2.bf16	/tmp/riley-opt-260912/multisequence-projection-candidates-v1/fixtures/w-13-down.bf16
1003	13	3	2	2	576	1536	2	1	/tmp/riley-opt-260912/multisequence-projection-candidates-v1/fixtures/x-1536-2-m2-a2.bf16	/tmp/riley-opt-260912/multisequence-projection-candidates-v1/fixtures/w-13-down.bf16
1004	13	3	4	4	576	1536	2	0	/tmp/riley-opt-260912/multisequence-projection-candidates-v1/fixtures/x-1536-2-m4-a4.bf16	/tmp/riley-opt-260912/multisequence-projection-candidates-v1/fixtures/w-13-down.bf16
1005	13	3	4	4	576	1536	2	1	/tmp/riley-opt-260912/multisequence-projection-candidates-v1/fixtures/x-1536-2-m4-a4.bf16	/tmp/riley-opt-260912/multisequence-projection-candidates-v1/fixtures/w-13-down.bf16
1006	13	3	4	3	576	1536	2	0	/tmp/riley-opt-260912/multisequence-projection-candidates-v1/fixtures/x-1536-2-m4-a3.bf16	/tmp/riley-opt-260912/multisequence-projection-candidates-v1/fixtures/w-13-down.bf16
1007	13	3	4	3	576	1536	2	1	/tmp/riley-opt-260912/multisequence-projection-candidates-v1/fixtures/x-1536-2-m4-a3.bf16	/tmp/riley-opt-260912/multisequence-projection-candidates-v1/fixtures/w-13-down.bf16
1008	14	0	2	2	960	576	0	0	/tmp/riley-opt-260912/multisequence-projection-candidates-v1/fixtures/x-576-0-m2-a2.bf16	/tmp/riley-opt-260912/multisequence-projection-candidates-v1/fixtures/w-14-qkv.bf16
1009	14	0	2	2	960	576	0	1	/tmp/riley-opt-260912/multisequence-projection-candidates-v1/fixtures/x-576-0-m2-a2.bf16	/tmp/riley-opt-260912/multisequence-projection-candidates-v1/fixtures/w-14-qkv.bf16
1010	14	0	4	4	960	576	0	0	/tmp/riley-opt-260912/multisequence-projection-candidates-v1/fixtures/x-576-0-m4-a4.bf16	/tmp/riley-opt-260912/multisequence-projection-candidates-v1/fixtures/w-14-qkv.bf16
1011	14	0	4	4	960	576	0	1	/tmp/riley-opt-260912/multisequence-projection-candidates-v1/fixtures/x-576-0-m4-a4.bf16	/tmp/riley-opt-260912/multisequence-projection-candidates-v1/fixtures/w-14-qkv.bf16
1012	14	0	4	3	960	576	0	0	/tmp/riley-opt-260912/multisequence-projection-candidates-v1/fixtures/x-576-0-m4-a3.bf16	/tmp/riley-opt-260912/multisequence-projection-candidates-v1/fixtures/w-14-qkv.bf16
1013	14	0	4	3	960	576	0	1	/tmp/riley-opt-260912/multisequence-projection-candidates-v1/fixtures/x-576-0-m4-a3.bf16	/tmp/riley-opt-260912/multisequence-projection-candidates-v1/fixtures/w-14-qkv.bf16
1014	14	0	2	2	960	576	1	0	/tmp/riley-opt-260912/multisequence-projection-candidates-v1/fixtures/x-576-1-m2-a2.bf16	/tmp/riley-opt-260912/multisequence-projection-candidates-v1/fixtures/w-14-qkv.bf16
1015	14	0	2	2	960	576	1	1	/tmp/riley-opt-260912/multisequence-projection-candidates-v1/fixtures/x-576-1-m2-a2.bf16	/tmp/riley-opt-260912/multisequence-projection-candidates-v1/fixtures/w-14-qkv.bf16
1016	14	0	4	4	960	576	1	0	/tmp/riley-opt-260912/multisequence-projection-candidates-v1/fixtures/x-576-1-m4-a4.bf16	/tmp/riley-opt-260912/multisequence-projection-candidates-v1/fixtures/w-14-qkv.bf16
1017	14	0	4	4	960	576	1	1	/tmp/riley-opt-260912/multisequence-projection-candidates-v1/fixtures/x-576-1-m4-a4.bf16	/tmp/riley-opt-260912/multisequence-projection-candidates-v1/fixtures/w-14-qkv.bf16
1018	14	0	4	3	960	576	1	0	/tmp/riley-opt-260912/multisequence-projection-candidates-v1/fixtures/x-576-1-m4-a3.bf16	/tmp/riley-opt-260912/multisequence-projection-candidates-v1/fixtures/w-14-qkv.bf16
1019	14	0	4	3	960	576	1	1	/tmp/riley-opt-260912/multisequence-projection-candidates-v1/fixtures/x-576-1-m4-a3.bf16	/tmp/riley-opt-260912/multisequence-projection-candidates-v1/fixtures/w-14-qkv.bf16
1020	14	0	2	2	960	576	2	0	/tmp/riley-opt-260912/multisequence-projection-candidates-v1/fixtures/x-576-2-m2-a2.bf16	/tmp/riley-opt-260912/multisequence-projection-candidates-v1/fixtures/w-14-qkv.bf16
1021	14	0	2	2	960	576	2	1	/tmp/riley-opt-260912/multisequence-projection-candidates-v1/fixtures/x-576-2-m2-a2.bf16	/tmp/riley-opt-260912/multisequence-projection-candidates-v1/fixtures/w-14-qkv.bf16
1022	14	0	4	4	960	576	2	0	/tmp/riley-opt-260912/multisequence-projection-candidates-v1/fixtures/x-576-2-m4-a4.bf16	/tmp/riley-opt-260912/multisequence-projection-candidates-v1/fixtures/w-14-qkv.bf16
1023	14	0	4	4	960	576	2	1	/tmp/riley-opt-260912/multisequence-projection-candidates-v1/fixtures/x-576-2-m4-a4.bf16	/tmp/riley-opt-260912/multisequence-projection-candidates-v1/fixtures/w-14-qkv.bf16
1024	14	0	4	3	960	576	2	0	/tmp/riley-opt-260912/multisequence-projection-candidates-v1/fixtures/x-576-2-m4-a3.bf16	/tmp/riley-opt-260912/multisequence-projection-candidates-v1/fixtures/w-14-qkv.bf16
1025	14	0	4	3	960	576	2	1	/tmp/riley-opt-260912/multisequence-projection-candidates-v1/fixtures/x-576-2-m4-a3.bf16	/tmp/riley-opt-260912/multisequence-projection-candidates-v1/fixtures/w-14-qkv.bf16
1026	14	1	2	2	3072	576	0	0	/tmp/riley-opt-260912/multisequence-projection-candidates-v1/fixtures/x-576-0-m2-a2.bf16	/tmp/riley-opt-260912/multisequence-projection-candidates-v1/fixtures/w-14-gate_up.bf16
1027	14	1	2	2	3072	576	0	1	/tmp/riley-opt-260912/multisequence-projection-candidates-v1/fixtures/x-576-0-m2-a2.bf16	/tmp/riley-opt-260912/multisequence-projection-candidates-v1/fixtures/w-14-gate_up.bf16
1028	14	1	4	4	3072	576	0	0	/tmp/riley-opt-260912/multisequence-projection-candidates-v1/fixtures/x-576-0-m4-a4.bf16	/tmp/riley-opt-260912/multisequence-projection-candidates-v1/fixtures/w-14-gate_up.bf16
1029	14	1	4	4	3072	576	0	1	/tmp/riley-opt-260912/multisequence-projection-candidates-v1/fixtures/x-576-0-m4-a4.bf16	/tmp/riley-opt-260912/multisequence-projection-candidates-v1/fixtures/w-14-gate_up.bf16
1030	14	1	4	3	3072	576	0	0	/tmp/riley-opt-260912/multisequence-projection-candidates-v1/fixtures/x-576-0-m4-a3.bf16	/tmp/riley-opt-260912/multisequence-projection-candidates-v1/fixtures/w-14-gate_up.bf16
1031	14	1	4	3	3072	576	0	1	/tmp/riley-opt-260912/multisequence-projection-candidates-v1/fixtures/x-576-0-m4-a3.bf16	/tmp/riley-opt-260912/multisequence-projection-candidates-v1/fixtures/w-14-gate_up.bf16
1032	14	1	2	2	3072	576	1	0	/tmp/riley-opt-260912/multisequence-projection-candidates-v1/fixtures/x-576-1-m2-a2.bf16	/tmp/riley-opt-260912/multisequence-projection-candidates-v1/fixtures/w-14-gate_up.bf16
1033	14	1	2	2	3072	576	1	1	/tmp/riley-opt-260912/multisequence-projection-candidates-v1/fixtures/x-576-1-m2-a2.bf16	/tmp/riley-opt-260912/multisequence-projection-candidates-v1/fixtures/w-14-gate_up.bf16
1034	14	1	4	4	3072	576	1	0	/tmp/riley-opt-260912/multisequence-projection-candidates-v1/fixtures/x-576-1-m4-a4.bf16	/tmp/riley-opt-260912/multisequence-projection-candidates-v1/fixtures/w-14-gate_up.bf16
1035	14	1	4	4	3072	576	1	1	/tmp/riley-opt-260912/multisequence-projection-candidates-v1/fixtures/x-576-1-m4-a4.bf16	/tmp/riley-opt-260912/multisequence-projection-candidates-v1/fixtures/w-14-gate_up.bf16
1036	14	1	4	3	3072	576	1	0	/tmp/riley-opt-260912/multisequence-projection-candidates-v1/fixtures/x-576-1-m4-a3.bf16	/tmp/riley-opt-260912/multisequence-projection-candidates-v1/fixtures/w-14-gate_up.bf16
1037	14	1	4	3	3072	576	1	1	/tmp/riley-opt-260912/multisequence-projection-candidates-v1/fixtures/x-576-1-m4-a3.bf16	/tmp/riley-opt-260912/multisequence-projection-candidates-v1/fixtures/w-14-gate_up.bf16
1038	14	1	2	2	3072	576	2	0	/tmp/riley-opt-260912/multisequence-projection-candidates-v1/fixtures/x-576-2-m2-a2.bf16	/tmp/riley-opt-260912/multisequence-projection-candidates-v1/fixtures/w-14-gate_up.bf16
1039	14	1	2	2	3072	576	2	1	/tmp/riley-opt-260912/multisequence-projection-candidates-v1/fixtures/x-576-2-m2-a2.bf16	/tmp/riley-opt-260912/multisequence-projection-candidates-v1/fixtures/w-14-gate_up.bf16
1040	14	1	4	4	3072	576	2	0	/tmp/riley-opt-260912/multisequence-projection-candidates-v1/fixtures/x-576-2-m4-a4.bf16	/tmp/riley-opt-260912/multisequence-projection-candidates-v1/fixtures/w-14-gate_up.bf16
1041	14	1	4	4	3072	576	2	1	/tmp/riley-opt-260912/multisequence-projection-candidates-v1/fixtures/x-576-2-m4-a4.bf16	/tmp/riley-opt-260912/multisequence-projection-candidates-v1/fixtures/w-14-gate_up.bf16
1042	14	1	4	3	3072	576	2	0	/tmp/riley-opt-260912/multisequence-projection-candidates-v1/fixtures/x-576-2-m4-a3.bf16	/tmp/riley-opt-260912/multisequence-projection-candidates-v1/fixtures/w-14-gate_up.bf16
1043	14	1	4	3	3072	576	2	1	/tmp/riley-opt-260912/multisequence-projection-candidates-v1/fixtures/x-576-2-m4-a3.bf16	/tmp/riley-opt-260912/multisequence-projection-candidates-v1/fixtures/w-14-gate_up.bf16
1044	14	2	2	2	576	576	0	0	/tmp/riley-opt-260912/multisequence-projection-candidates-v1/fixtures/x-576-0-m2-a2.bf16	/tmp/riley-opt-260912/multisequence-projection-candidates-v1/fixtures/w-14-o.bf16
1045	14	2	2	2	576	576	0	1	/tmp/riley-opt-260912/multisequence-projection-candidates-v1/fixtures/x-576-0-m2-a2.bf16	/tmp/riley-opt-260912/multisequence-projection-candidates-v1/fixtures/w-14-o.bf16
1046	14	2	4	4	576	576	0	0	/tmp/riley-opt-260912/multisequence-projection-candidates-v1/fixtures/x-576-0-m4-a4.bf16	/tmp/riley-opt-260912/multisequence-projection-candidates-v1/fixtures/w-14-o.bf16
1047	14	2	4	4	576	576	0	1	/tmp/riley-opt-260912/multisequence-projection-candidates-v1/fixtures/x-576-0-m4-a4.bf16	/tmp/riley-opt-260912/multisequence-projection-candidates-v1/fixtures/w-14-o.bf16
1048	14	2	4	3	576	576	0	0	/tmp/riley-opt-260912/multisequence-projection-candidates-v1/fixtures/x-576-0-m4-a3.bf16	/tmp/riley-opt-260912/multisequence-projection-candidates-v1/fixtures/w-14-o.bf16
1049	14	2	4	3	576	576	0	1	/tmp/riley-opt-260912/multisequence-projection-candidates-v1/fixtures/x-576-0-m4-a3.bf16	/tmp/riley-opt-260912/multisequence-projection-candidates-v1/fixtures/w-14-o.bf16
1050	14	2	2	2	576	576	1	0	/tmp/riley-opt-260912/multisequence-projection-candidates-v1/fixtures/x-576-1-m2-a2.bf16	/tmp/riley-opt-260912/multisequence-projection-candidates-v1/fixtures/w-14-o.bf16
1051	14	2	2	2	576	576	1	1	/tmp/riley-opt-260912/multisequence-projection-candidates-v1/fixtures/x-576-1-m2-a2.bf16	/tmp/riley-opt-260912/multisequence-projection-candidates-v1/fixtures/w-14-o.bf16
1052	14	2	4	4	576	576	1	0	/tmp/riley-opt-260912/multisequence-projection-candidates-v1/fixtures/x-576-1-m4-a4.bf16	/tmp/riley-opt-260912/multisequence-projection-candidates-v1/fixtures/w-14-o.bf16
1053	14	2	4	4	576	576	1	1	/tmp/riley-opt-260912/multisequence-projection-candidates-v1/fixtures/x-576-1-m4-a4.bf16	/tmp/riley-opt-260912/multisequence-projection-candidates-v1/fixtures/w-14-o.bf16
1054	14	2	4	3	576	576	1	0	/tmp/riley-opt-260912/multisequence-projection-candidates-v1/fixtures/x-576-1-m4-a3.bf16	/tmp/riley-opt-260912/multisequence-projection-candidates-v1/fixtures/w-14-o.bf16
1055	14	2	4	3	576	576	1	1	/tmp/riley-opt-260912/multisequence-projection-candidates-v1/fixtures/x-576-1-m4-a3.bf16	/tmp/riley-opt-260912/multisequence-projection-candidates-v1/fixtures/w-14-o.bf16
1056	14	2	2	2	576	576	2	0	/tmp/riley-opt-260912/multisequence-projection-candidates-v1/fixtures/x-576-2-m2-a2.bf16	/tmp/riley-opt-260912/multisequence-projection-candidates-v1/fixtures/w-14-o.bf16
1057	14	2	2	2	576	576	2	1	/tmp/riley-opt-260912/multisequence-projection-candidates-v1/fixtures/x-576-2-m2-a2.bf16	/tmp/riley-opt-260912/multisequence-projection-candidates-v1/fixtures/w-14-o.bf16
1058	14	2	4	4	576	576	2	0	/tmp/riley-opt-260912/multisequence-projection-candidates-v1/fixtures/x-576-2-m4-a4.bf16	/tmp/riley-opt-260912/multisequence-projection-candidates-v1/fixtures/w-14-o.bf16
1059	14	2	4	4	576	576	2	1	/tmp/riley-opt-260912/multisequence-projection-candidates-v1/fixtures/x-576-2-m4-a4.bf16	/tmp/riley-opt-260912/multisequence-projection-candidates-v1/fixtures/w-14-o.bf16
1060	14	2	4	3	576	576	2	0	/tmp/riley-opt-260912/multisequence-projection-candidates-v1/fixtures/x-576-2-m4-a3.bf16	/tmp/riley-opt-260912/multisequence-projection-candidates-v1/fixtures/w-14-o.bf16
1061	14	2	4	3	576	576	2	1	/tmp/riley-opt-260912/multisequence-projection-candidates-v1/fixtures/x-576-2-m4-a3.bf16	/tmp/riley-opt-260912/multisequence-projection-candidates-v1/fixtures/w-14-o.bf16
1062	14	3	2	2	576	1536	0	0	/tmp/riley-opt-260912/multisequence-projection-candidates-v1/fixtures/x-1536-0-m2-a2.bf16	/tmp/riley-opt-260912/multisequence-projection-candidates-v1/fixtures/w-14-down.bf16
1063	14	3	2	2	576	1536	0	1	/tmp/riley-opt-260912/multisequence-projection-candidates-v1/fixtures/x-1536-0-m2-a2.bf16	/tmp/riley-opt-260912/multisequence-projection-candidates-v1/fixtures/w-14-down.bf16
1064	14	3	4	4	576	1536	0	0	/tmp/riley-opt-260912/multisequence-projection-candidates-v1/fixtures/x-1536-0-m4-a4.bf16	/tmp/riley-opt-260912/multisequence-projection-candidates-v1/fixtures/w-14-down.bf16
1065	14	3	4	4	576	1536	0	1	/tmp/riley-opt-260912/multisequence-projection-candidates-v1/fixtures/x-1536-0-m4-a4.bf16	/tmp/riley-opt-260912/multisequence-projection-candidates-v1/fixtures/w-14-down.bf16
1066	14	3	4	3	576	1536	0	0	/tmp/riley-opt-260912/multisequence-projection-candidates-v1/fixtures/x-1536-0-m4-a3.bf16	/tmp/riley-opt-260912/multisequence-projection-candidates-v1/fixtures/w-14-down.bf16
1067	14	3	4	3	576	1536	0	1	/tmp/riley-opt-260912/multisequence-projection-candidates-v1/fixtures/x-1536-0-m4-a3.bf16	/tmp/riley-opt-260912/multisequence-projection-candidates-v1/fixtures/w-14-down.bf16
1068	14	3	2	2	576	1536	1	0	/tmp/riley-opt-260912/multisequence-projection-candidates-v1/fixtures/x-1536-1-m2-a2.bf16	/tmp/riley-opt-260912/multisequence-projection-candidates-v1/fixtures/w-14-down.bf16
1069	14	3	2	2	576	1536	1	1	/tmp/riley-opt-260912/multisequence-projection-candidates-v1/fixtures/x-1536-1-m2-a2.bf16	/tmp/riley-opt-260912/multisequence-projection-candidates-v1/fixtures/w-14-down.bf16
1070	14	3	4	4	576	1536	1	0	/tmp/riley-opt-260912/multisequence-projection-candidates-v1/fixtures/x-1536-1-m4-a4.bf16	/tmp/riley-opt-260912/multisequence-projection-candidates-v1/fixtures/w-14-down.bf16
1071	14	3	4	4	576	1536	1	1	/tmp/riley-opt-260912/multisequence-projection-candidates-v1/fixtures/x-1536-1-m4-a4.bf16	/tmp/riley-opt-260912/multisequence-projection-candidates-v1/fixtures/w-14-down.bf16
1072	14	3	4	3	576	1536	1	0	/tmp/riley-opt-260912/multisequence-projection-candidates-v1/fixtures/x-1536-1-m4-a3.bf16	/tmp/riley-opt-260912/multisequence-projection-candidates-v1/fixtures/w-14-down.bf16
1073	14	3	4	3	576	1536	1	1	/tmp/riley-opt-260912/multisequence-projection-candidates-v1/fixtures/x-1536-1-m4-a3.bf16	/tmp/riley-opt-260912/multisequence-projection-candidates-v1/fixtures/w-14-down.bf16
1074	14	3	2	2	576	1536	2	0	/tmp/riley-opt-260912/multisequence-projection-candidates-v1/fixtures/x-1536-2-m2-a2.bf16	/tmp/riley-opt-260912/multisequence-projection-candidates-v1/fixtures/w-14-down.bf16
1075	14	3	2	2	576	1536	2	1	/tmp/riley-opt-260912/multisequence-projection-candidates-v1/fixtures/x-1536-2-m2-a2.bf16	/tmp/riley-opt-260912/multisequence-projection-candidates-v1/fixtures/w-14-down.bf16
1076	14	3	4	4	576	1536	2	0	/tmp/riley-opt-260912/multisequence-projection-candidates-v1/fixtures/x-1536-2-m4-a4.bf16	/tmp/riley-opt-260912/multisequence-projection-candidates-v1/fixtures/w-14-down.bf16
1077	14	3	4	4	576	1536	2	1	/tmp/riley-opt-260912/multisequence-projection-candidates-v1/fixtures/x-1536-2-m4-a4.bf16	/tmp/riley-opt-260912/multisequence-projection-candidates-v1/fixtures/w-14-down.bf16
1078	14	3	4	3	576	1536	2	0	/tmp/riley-opt-260912/multisequence-projection-candidates-v1/fixtures/x-1536-2-m4-a3.bf16	/tmp/riley-opt-260912/multisequence-projection-candidates-v1/fixtures/w-14-down.bf16
1079	14	3	4	3	576	1536	2	1	/tmp/riley-opt-260912/multisequence-projection-candidates-v1/fixtures/x-1536-2-m4-a3.bf16	/tmp/riley-opt-260912/multisequence-projection-candidates-v1/fixtures/w-14-down.bf16
1080	15	0	2	2	960	576	0	0	/tmp/riley-opt-260912/multisequence-projection-candidates-v1/fixtures/x-576-0-m2-a2.bf16	/tmp/riley-opt-260912/multisequence-projection-candidates-v1/fixtures/w-15-qkv.bf16
1081	15	0	2	2	960	576	0	1	/tmp/riley-opt-260912/multisequence-projection-candidates-v1/fixtures/x-576-0-m2-a2.bf16	/tmp/riley-opt-260912/multisequence-projection-candidates-v1/fixtures/w-15-qkv.bf16
1082	15	0	4	4	960	576	0	0	/tmp/riley-opt-260912/multisequence-projection-candidates-v1/fixtures/x-576-0-m4-a4.bf16	/tmp/riley-opt-260912/multisequence-projection-candidates-v1/fixtures/w-15-qkv.bf16
1083	15	0	4	4	960	576	0	1	/tmp/riley-opt-260912/multisequence-projection-candidates-v1/fixtures/x-576-0-m4-a4.bf16	/tmp/riley-opt-260912/multisequence-projection-candidates-v1/fixtures/w-15-qkv.bf16
1084	15	0	4	3	960	576	0	0	/tmp/riley-opt-260912/multisequence-projection-candidates-v1/fixtures/x-576-0-m4-a3.bf16	/tmp/riley-opt-260912/multisequence-projection-candidates-v1/fixtures/w-15-qkv.bf16
1085	15	0	4	3	960	576	0	1	/tmp/riley-opt-260912/multisequence-projection-candidates-v1/fixtures/x-576-0-m4-a3.bf16	/tmp/riley-opt-260912/multisequence-projection-candidates-v1/fixtures/w-15-qkv.bf16
1086	15	0	2	2	960	576	1	0	/tmp/riley-opt-260912/multisequence-projection-candidates-v1/fixtures/x-576-1-m2-a2.bf16	/tmp/riley-opt-260912/multisequence-projection-candidates-v1/fixtures/w-15-qkv.bf16
1087	15	0	2	2	960	576	1	1	/tmp/riley-opt-260912/multisequence-projection-candidates-v1/fixtures/x-576-1-m2-a2.bf16	/tmp/riley-opt-260912/multisequence-projection-candidates-v1/fixtures/w-15-qkv.bf16
1088	15	0	4	4	960	576	1	0	/tmp/riley-opt-260912/multisequence-projection-candidates-v1/fixtures/x-576-1-m4-a4.bf16	/tmp/riley-opt-260912/multisequence-projection-candidates-v1/fixtures/w-15-qkv.bf16
1089	15	0	4	4	960	576	1	1	/tmp/riley-opt-260912/multisequence-projection-candidates-v1/fixtures/x-576-1-m4-a4.bf16	/tmp/riley-opt-260912/multisequence-projection-candidates-v1/fixtures/w-15-qkv.bf16
1090	15	0	4	3	960	576	1	0	/tmp/riley-opt-260912/multisequence-projection-candidates-v1/fixtures/x-576-1-m4-a3.bf16	/tmp/riley-opt-260912/multisequence-projection-candidates-v1/fixtures/w-15-qkv.bf16
1091	15	0	4	3	960	576	1	1	/tmp/riley-opt-260912/multisequence-projection-candidates-v1/fixtures/x-576-1-m4-a3.bf16	/tmp/riley-opt-260912/multisequence-projection-candidates-v1/fixtures/w-15-qkv.bf16
1092	15	0	2	2	960	576	2	0	/tmp/riley-opt-260912/multisequence-projection-candidates-v1/fixtures/x-576-2-m2-a2.bf16	/tmp/riley-opt-260912/multisequence-projection-candidates-v1/fixtures/w-15-qkv.bf16
1093	15	0	2	2	960	576	2	1	/tmp/riley-opt-260912/multisequence-projection-candidates-v1/fixtures/x-576-2-m2-a2.bf16	/tmp/riley-opt-260912/multisequence-projection-candidates-v1/fixtures/w-15-qkv.bf16
1094	15	0	4	4	960	576	2	0	/tmp/riley-opt-260912/multisequence-projection-candidates-v1/fixtures/x-576-2-m4-a4.bf16	/tmp/riley-opt-260912/multisequence-projection-candidates-v1/fixtures/w-15-qkv.bf16
1095	15	0	4	4	960	576	2	1	/tmp/riley-opt-260912/multisequence-projection-candidates-v1/fixtures/x-576-2-m4-a4.bf16	/tmp/riley-opt-260912/multisequence-projection-candidates-v1/fixtures/w-15-qkv.bf16
1096	15	0	4	3	960	576	2	0	/tmp/riley-opt-260912/multisequence-projection-candidates-v1/fixtures/x-576-2-m4-a3.bf16	/tmp/riley-opt-260912/multisequence-projection-candidates-v1/fixtures/w-15-qkv.bf16
1097	15	0	4	3	960	576	2	1	/tmp/riley-opt-260912/multisequence-projection-candidates-v1/fixtures/x-576-2-m4-a3.bf16	/tmp/riley-opt-260912/multisequence-projection-candidates-v1/fixtures/w-15-qkv.bf16
1098	15	1	2	2	3072	576	0	0	/tmp/riley-opt-260912/multisequence-projection-candidates-v1/fixtures/x-576-0-m2-a2.bf16	/tmp/riley-opt-260912/multisequence-projection-candidates-v1/fixtures/w-15-gate_up.bf16
1099	15	1	2	2	3072	576	0	1	/tmp/riley-opt-260912/multisequence-projection-candidates-v1/fixtures/x-576-0-m2-a2.bf16	/tmp/riley-opt-260912/multisequence-projection-candidates-v1/fixtures/w-15-gate_up.bf16
1100	15	1	4	4	3072	576	0	0	/tmp/riley-opt-260912/multisequence-projection-candidates-v1/fixtures/x-576-0-m4-a4.bf16	/tmp/riley-opt-260912/multisequence-projection-candidates-v1/fixtures/w-15-gate_up.bf16
1101	15	1	4	4	3072	576	0	1	/tmp/riley-opt-260912/multisequence-projection-candidates-v1/fixtures/x-576-0-m4-a4.bf16	/tmp/riley-opt-260912/multisequence-projection-candidates-v1/fixtures/w-15-gate_up.bf16
1102	15	1	4	3	3072	576	0	0	/tmp/riley-opt-260912/multisequence-projection-candidates-v1/fixtures/x-576-0-m4-a3.bf16	/tmp/riley-opt-260912/multisequence-projection-candidates-v1/fixtures/w-15-gate_up.bf16
1103	15	1	4	3	3072	576	0	1	/tmp/riley-opt-260912/multisequence-projection-candidates-v1/fixtures/x-576-0-m4-a3.bf16	/tmp/riley-opt-260912/multisequence-projection-candidates-v1/fixtures/w-15-gate_up.bf16
1104	15	1	2	2	3072	576	1	0	/tmp/riley-opt-260912/multisequence-projection-candidates-v1/fixtures/x-576-1-m2-a2.bf16	/tmp/riley-opt-260912/multisequence-projection-candidates-v1/fixtures/w-15-gate_up.bf16
1105	15	1	2	2	3072	576	1	1	/tmp/riley-opt-260912/multisequence-projection-candidates-v1/fixtures/x-576-1-m2-a2.bf16	/tmp/riley-opt-260912/multisequence-projection-candidates-v1/fixtures/w-15-gate_up.bf16
1106	15	1	4	4	3072	576	1	0	/tmp/riley-opt-260912/multisequence-projection-candidates-v1/fixtures/x-576-1-m4-a4.bf16	/tmp/riley-opt-260912/multisequence-projection-candidates-v1/fixtures/w-15-gate_up.bf16
1107	15	1	4	4	3072	576	1	1	/tmp/riley-opt-260912/multisequence-projection-candidates-v1/fixtures/x-576-1-m4-a4.bf16	/tmp/riley-opt-260912/multisequence-projection-candidates-v1/fixtures/w-15-gate_up.bf16
1108	15	1	4	3	3072	576	1	0	/tmp/riley-opt-260912/multisequence-projection-candidates-v1/fixtures/x-576-1-m4-a3.bf16	/tmp/riley-opt-260912/multisequence-projection-candidates-v1/fixtures/w-15-gate_up.bf16
1109	15	1	4	3	3072	576	1	1	/tmp/riley-opt-260912/multisequence-projection-candidates-v1/fixtures/x-576-1-m4-a3.bf16	/tmp/riley-opt-260912/multisequence-projection-candidates-v1/fixtures/w-15-gate_up.bf16
1110	15	1	2	2	3072	576	2	0	/tmp/riley-opt-260912/multisequence-projection-candidates-v1/fixtures/x-576-2-m2-a2.bf16	/tmp/riley-opt-260912/multisequence-projection-candidates-v1/fixtures/w-15-gate_up.bf16
1111	15	1	2	2	3072	576	2	1	/tmp/riley-opt-260912/multisequence-projection-candidates-v1/fixtures/x-576-2-m2-a2.bf16	/tmp/riley-opt-260912/multisequence-projection-candidates-v1/fixtures/w-15-gate_up.bf16
1112	15	1	4	4	3072	576	2	0	/tmp/riley-opt-260912/multisequence-projection-candidates-v1/fixtures/x-576-2-m4-a4.bf16	/tmp/riley-opt-260912/multisequence-projection-candidates-v1/fixtures/w-15-gate_up.bf16
1113	15	1	4	4	3072	576	2	1	/tmp/riley-opt-260912/multisequence-projection-candidates-v1/fixtures/x-576-2-m4-a4.bf16	/tmp/riley-opt-260912/multisequence-projection-candidates-v1/fixtures/w-15-gate_up.bf16
1114	15	1	4	3	3072	576	2	0	/tmp/riley-opt-260912/multisequence-projection-candidates-v1/fixtures/x-576-2-m4-a3.bf16	/tmp/riley-opt-260912/multisequence-projection-candidates-v1/fixtures/w-15-gate_up.bf16
1115	15	1	4	3	3072	576	2	1	/tmp/riley-opt-260912/multisequence-projection-candidates-v1/fixtures/x-576-2-m4-a3.bf16	/tmp/riley-opt-260912/multisequence-projection-candidates-v1/fixtures/w-15-gate_up.bf16
1116	15	2	2	2	576	576	0	0	/tmp/riley-opt-260912/multisequence-projection-candidates-v1/fixtures/x-576-0-m2-a2.bf16	/tmp/riley-opt-260912/multisequence-projection-candidates-v1/fixtures/w-15-o.bf16
1117	15	2	2	2	576	576	0	1	/tmp/riley-opt-260912/multisequence-projection-candidates-v1/fixtures/x-576-0-m2-a2.bf16	/tmp/riley-opt-260912/multisequence-projection-candidates-v1/fixtures/w-15-o.bf16
1118	15	2	4	4	576	576	0	0	/tmp/riley-opt-260912/multisequence-projection-candidates-v1/fixtures/x-576-0-m4-a4.bf16	/tmp/riley-opt-260912/multisequence-projection-candidates-v1/fixtures/w-15-o.bf16
1119	15	2	4	4	576	576	0	1	/tmp/riley-opt-260912/multisequence-projection-candidates-v1/fixtures/x-576-0-m4-a4.bf16	/tmp/riley-opt-260912/multisequence-projection-candidates-v1/fixtures/w-15-o.bf16
1120	15	2	4	3	576	576	0	0	/tmp/riley-opt-260912/multisequence-projection-candidates-v1/fixtures/x-576-0-m4-a3.bf16	/tmp/riley-opt-260912/multisequence-projection-candidates-v1/fixtures/w-15-o.bf16
1121	15	2	4	3	576	576	0	1	/tmp/riley-opt-260912/multisequence-projection-candidates-v1/fixtures/x-576-0-m4-a3.bf16	/tmp/riley-opt-260912/multisequence-projection-candidates-v1/fixtures/w-15-o.bf16
1122	15	2	2	2	576	576	1	0	/tmp/riley-opt-260912/multisequence-projection-candidates-v1/fixtures/x-576-1-m2-a2.bf16	/tmp/riley-opt-260912/multisequence-projection-candidates-v1/fixtures/w-15-o.bf16
1123	15	2	2	2	576	576	1	1	/tmp/riley-opt-260912/multisequence-projection-candidates-v1/fixtures/x-576-1-m2-a2.bf16	/tmp/riley-opt-260912/multisequence-projection-candidates-v1/fixtures/w-15-o.bf16
1124	15	2	4	4	576	576	1	0	/tmp/riley-opt-260912/multisequence-projection-candidates-v1/fixtures/x-576-1-m4-a4.bf16	/tmp/riley-opt-260912/multisequence-projection-candidates-v1/fixtures/w-15-o.bf16
1125	15	2	4	4	576	576	1	1	/tmp/riley-opt-260912/multisequence-projection-candidates-v1/fixtures/x-576-1-m4-a4.bf16	/tmp/riley-opt-260912/multisequence-projection-candidates-v1/fixtures/w-15-o.bf16
1126	15	2	4	3	576	576	1	0	/tmp/riley-opt-260912/multisequence-projection-candidates-v1/fixtures/x-576-1-m4-a3.bf16	/tmp/riley-opt-260912/multisequence-projection-candidates-v1/fixtures/w-15-o.bf16
1127	15	2	4	3	576	576	1	1	/tmp/riley-opt-260912/multisequence-projection-candidates-v1/fixtures/x-576-1-m4-a3.bf16	/tmp/riley-opt-260912/multisequence-projection-candidates-v1/fixtures/w-15-o.bf16
1128	15	2	2	2	576	576	2	0	/tmp/riley-opt-260912/multisequence-projection-candidates-v1/fixtures/x-576-2-m2-a2.bf16	/tmp/riley-opt-260912/multisequence-projection-candidates-v1/fixtures/w-15-o.bf16
1129	15	2	2	2	576	576	2	1	/tmp/riley-opt-260912/multisequence-projection-candidates-v1/fixtures/x-576-2-m2-a2.bf16	/tmp/riley-opt-260912/multisequence-projection-candidates-v1/fixtures/w-15-o.bf16
1130	15	2	4	4	576	576	2	0	/tmp/riley-opt-260912/multisequence-projection-candidates-v1/fixtures/x-576-2-m4-a4.bf16	/tmp/riley-opt-260912/multisequence-projection-candidates-v1/fixtures/w-15-o.bf16
1131	15	2	4	4	576	576	2	1	/tmp/riley-opt-260912/multisequence-projection-candidates-v1/fixtures/x-576-2-m4-a4.bf16	/tmp/riley-opt-260912/multisequence-projection-candidates-v1/fixtures/w-15-o.bf16
1132	15	2	4	3	576	576	2	0	/tmp/riley-opt-260912/multisequence-projection-candidates-v1/fixtures/x-576-2-m4-a3.bf16	/tmp/riley-opt-260912/multisequence-projection-candidates-v1/fixtures/w-15-o.bf16
1133	15	2	4	3	576	576	2	1	/tmp/riley-opt-260912/multisequence-projection-candidates-v1/fixtures/x-576-2-m4-a3.bf16	/tmp/riley-opt-260912/multisequence-projection-candidates-v1/fixtures/w-15-o.bf16
1134	15	3	2	2	576	1536	0	0	/tmp/riley-opt-260912/multisequence-projection-candidates-v1/fixtures/x-1536-0-m2-a2.bf16	/tmp/riley-opt-260912/multisequence-projection-candidates-v1/fixtures/w-15-down.bf16
1135	15	3	2	2	576	1536	0	1	/tmp/riley-opt-260912/multisequence-projection-candidates-v1/fixtures/x-1536-0-m2-a2.bf16	/tmp/riley-opt-260912/multisequence-projection-candidates-v1/fixtures/w-15-down.bf16
1136	15	3	4	4	576	1536	0	0	/tmp/riley-opt-260912/multisequence-projection-candidates-v1/fixtures/x-1536-0-m4-a4.bf16	/tmp/riley-opt-260912/multisequence-projection-candidates-v1/fixtures/w-15-down.bf16
1137	15	3	4	4	576	1536	0	1	/tmp/riley-opt-260912/multisequence-projection-candidates-v1/fixtures/x-1536-0-m4-a4.bf16	/tmp/riley-opt-260912/multisequence-projection-candidates-v1/fixtures/w-15-down.bf16
1138	15	3	4	3	576	1536	0	0	/tmp/riley-opt-260912/multisequence-projection-candidates-v1/fixtures/x-1536-0-m4-a3.bf16	/tmp/riley-opt-260912/multisequence-projection-candidates-v1/fixtures/w-15-down.bf16
1139	15	3	4	3	576	1536	0	1	/tmp/riley-opt-260912/multisequence-projection-candidates-v1/fixtures/x-1536-0-m4-a3.bf16	/tmp/riley-opt-260912/multisequence-projection-candidates-v1/fixtures/w-15-down.bf16
1140	15	3	2	2	576	1536	1	0	/tmp/riley-opt-260912/multisequence-projection-candidates-v1/fixtures/x-1536-1-m2-a2.bf16	/tmp/riley-opt-260912/multisequence-projection-candidates-v1/fixtures/w-15-down.bf16
1141	15	3	2	2	576	1536	1	1	/tmp/riley-opt-260912/multisequence-projection-candidates-v1/fixtures/x-1536-1-m2-a2.bf16	/tmp/riley-opt-260912/multisequence-projection-candidates-v1/fixtures/w-15-down.bf16
1142	15	3	4	4	576	1536	1	0	/tmp/riley-opt-260912/multisequence-projection-candidates-v1/fixtures/x-1536-1-m4-a4.bf16	/tmp/riley-opt-260912/multisequence-projection-candidates-v1/fixtures/w-15-down.bf16
1143	15	3	4	4	576	1536	1	1	/tmp/riley-opt-260912/multisequence-projection-candidates-v1/fixtures/x-1536-1-m4-a4.bf16	/tmp/riley-opt-260912/multisequence-projection-candidates-v1/fixtures/w-15-down.bf16
1144	15	3	4	3	576	1536	1	0	/tmp/riley-opt-260912/multisequence-projection-candidates-v1/fixtures/x-1536-1-m4-a3.bf16	/tmp/riley-opt-260912/multisequence-projection-candidates-v1/fixtures/w-15-down.bf16
1145	15	3	4	3	576	1536	1	1	/tmp/riley-opt-260912/multisequence-projection-candidates-v1/fixtures/x-1536-1-m4-a3.bf16	/tmp/riley-opt-260912/multisequence-projection-candidates-v1/fixtures/w-15-down.bf16
1146	15	3	2	2	576	1536	2	0	/tmp/riley-opt-260912/multisequence-projection-candidates-v1/fixtures/x-1536-2-m2-a2.bf16	/tmp/riley-opt-260912/multisequence-projection-candidates-v1/fixtures/w-15-down.bf16
1147	15	3	2	2	576	1536	2	1	/tmp/riley-opt-260912/multisequence-projection-candidates-v1/fixtures/x-1536-2-m2-a2.bf16	/tmp/riley-opt-260912/multisequence-projection-candidates-v1/fixtures/w-15-down.bf16
1148	15	3	4	4	576	1536	2	0	/tmp/riley-opt-260912/multisequence-projection-candidates-v1/fixtures/x-1536-2-m4-a4.bf16	/tmp/riley-opt-260912/multisequence-projection-candidates-v1/fixtures/w-15-down.bf16
1149	15	3	4	4	576	1536	2	1	/tmp/riley-opt-260912/multisequence-projection-candidates-v1/fixtures/x-1536-2-m4-a4.bf16	/tmp/riley-opt-260912/multisequence-projection-candidates-v1/fixtures/w-15-down.bf16
1150	15	3	4	3	576	1536	2	0	/tmp/riley-opt-260912/multisequence-projection-candidates-v1/fixtures/x-1536-2-m4-a3.bf16	/tmp/riley-opt-260912/multisequence-projection-candidates-v1/fixtures/w-15-down.bf16
1151	15	3	4	3	576	1536	2	1	/tmp/riley-opt-260912/multisequence-projection-candidates-v1/fixtures/x-1536-2-m4-a3.bf16	/tmp/riley-opt-260912/multisequence-projection-candidates-v1/fixtures/w-15-down.bf16
1152	16	0	2	2	960	576	0	0	/tmp/riley-opt-260912/multisequence-projection-candidates-v1/fixtures/x-576-0-m2-a2.bf16	/tmp/riley-opt-260912/multisequence-projection-candidates-v1/fixtures/w-16-qkv.bf16
1153	16	0	2	2	960	576	0	1	/tmp/riley-opt-260912/multisequence-projection-candidates-v1/fixtures/x-576-0-m2-a2.bf16	/tmp/riley-opt-260912/multisequence-projection-candidates-v1/fixtures/w-16-qkv.bf16
1154	16	0	4	4	960	576	0	0	/tmp/riley-opt-260912/multisequence-projection-candidates-v1/fixtures/x-576-0-m4-a4.bf16	/tmp/riley-opt-260912/multisequence-projection-candidates-v1/fixtures/w-16-qkv.bf16
1155	16	0	4	4	960	576	0	1	/tmp/riley-opt-260912/multisequence-projection-candidates-v1/fixtures/x-576-0-m4-a4.bf16	/tmp/riley-opt-260912/multisequence-projection-candidates-v1/fixtures/w-16-qkv.bf16
1156	16	0	4	3	960	576	0	0	/tmp/riley-opt-260912/multisequence-projection-candidates-v1/fixtures/x-576-0-m4-a3.bf16	/tmp/riley-opt-260912/multisequence-projection-candidates-v1/fixtures/w-16-qkv.bf16
1157	16	0	4	3	960	576	0	1	/tmp/riley-opt-260912/multisequence-projection-candidates-v1/fixtures/x-576-0-m4-a3.bf16	/tmp/riley-opt-260912/multisequence-projection-candidates-v1/fixtures/w-16-qkv.bf16
1158	16	0	2	2	960	576	1	0	/tmp/riley-opt-260912/multisequence-projection-candidates-v1/fixtures/x-576-1-m2-a2.bf16	/tmp/riley-opt-260912/multisequence-projection-candidates-v1/fixtures/w-16-qkv.bf16
1159	16	0	2	2	960	576	1	1	/tmp/riley-opt-260912/multisequence-projection-candidates-v1/fixtures/x-576-1-m2-a2.bf16	/tmp/riley-opt-260912/multisequence-projection-candidates-v1/fixtures/w-16-qkv.bf16
1160	16	0	4	4	960	576	1	0	/tmp/riley-opt-260912/multisequence-projection-candidates-v1/fixtures/x-576-1-m4-a4.bf16	/tmp/riley-opt-260912/multisequence-projection-candidates-v1/fixtures/w-16-qkv.bf16
1161	16	0	4	4	960	576	1	1	/tmp/riley-opt-260912/multisequence-projection-candidates-v1/fixtures/x-576-1-m4-a4.bf16	/tmp/riley-opt-260912/multisequence-projection-candidates-v1/fixtures/w-16-qkv.bf16
1162	16	0	4	3	960	576	1	0	/tmp/riley-opt-260912/multisequence-projection-candidates-v1/fixtures/x-576-1-m4-a3.bf16	/tmp/riley-opt-260912/multisequence-projection-candidates-v1/fixtures/w-16-qkv.bf16
1163	16	0	4	3	960	576	1	1	/tmp/riley-opt-260912/multisequence-projection-candidates-v1/fixtures/x-576-1-m4-a3.bf16	/tmp/riley-opt-260912/multisequence-projection-candidates-v1/fixtures/w-16-qkv.bf16
1164	16	0	2	2	960	576	2	0	/tmp/riley-opt-260912/multisequence-projection-candidates-v1/fixtures/x-576-2-m2-a2.bf16	/tmp/riley-opt-260912/multisequence-projection-candidates-v1/fixtures/w-16-qkv.bf16
1165	16	0	2	2	960	576	2	1	/tmp/riley-opt-260912/multisequence-projection-candidates-v1/fixtures/x-576-2-m2-a2.bf16	/tmp/riley-opt-260912/multisequence-projection-candidates-v1/fixtures/w-16-qkv.bf16
1166	16	0	4	4	960	576	2	0	/tmp/riley-opt-260912/multisequence-projection-candidates-v1/fixtures/x-576-2-m4-a4.bf16	/tmp/riley-opt-260912/multisequence-projection-candidates-v1/fixtures/w-16-qkv.bf16
1167	16	0	4	4	960	576	2	1	/tmp/riley-opt-260912/multisequence-projection-candidates-v1/fixtures/x-576-2-m4-a4.bf16	/tmp/riley-opt-260912/multisequence-projection-candidates-v1/fixtures/w-16-qkv.bf16
1168	16	0	4	3	960	576	2	0	/tmp/riley-opt-260912/multisequence-projection-candidates-v1/fixtures/x-576-2-m4-a3.bf16	/tmp/riley-opt-260912/multisequence-projection-candidates-v1/fixtures/w-16-qkv.bf16
1169	16	0	4	3	960	576	2	1	/tmp/riley-opt-260912/multisequence-projection-candidates-v1/fixtures/x-576-2-m4-a3.bf16	/tmp/riley-opt-260912/multisequence-projection-candidates-v1/fixtures/w-16-qkv.bf16
1170	16	1	2	2	3072	576	0	0	/tmp/riley-opt-260912/multisequence-projection-candidates-v1/fixtures/x-576-0-m2-a2.bf16	/tmp/riley-opt-260912/multisequence-projection-candidates-v1/fixtures/w-16-gate_up.bf16
1171	16	1	2	2	3072	576	0	1	/tmp/riley-opt-260912/multisequence-projection-candidates-v1/fixtures/x-576-0-m2-a2.bf16	/tmp/riley-opt-260912/multisequence-projection-candidates-v1/fixtures/w-16-gate_up.bf16
1172	16	1	4	4	3072	576	0	0	/tmp/riley-opt-260912/multisequence-projection-candidates-v1/fixtures/x-576-0-m4-a4.bf16	/tmp/riley-opt-260912/multisequence-projection-candidates-v1/fixtures/w-16-gate_up.bf16
1173	16	1	4	4	3072	576	0	1	/tmp/riley-opt-260912/multisequence-projection-candidates-v1/fixtures/x-576-0-m4-a4.bf16	/tmp/riley-opt-260912/multisequence-projection-candidates-v1/fixtures/w-16-gate_up.bf16
1174	16	1	4	3	3072	576	0	0	/tmp/riley-opt-260912/multisequence-projection-candidates-v1/fixtures/x-576-0-m4-a3.bf16	/tmp/riley-opt-260912/multisequence-projection-candidates-v1/fixtures/w-16-gate_up.bf16
1175	16	1	4	3	3072	576	0	1	/tmp/riley-opt-260912/multisequence-projection-candidates-v1/fixtures/x-576-0-m4-a3.bf16	/tmp/riley-opt-260912/multisequence-projection-candidates-v1/fixtures/w-16-gate_up.bf16
1176	16	1	2	2	3072	576	1	0	/tmp/riley-opt-260912/multisequence-projection-candidates-v1/fixtures/x-576-1-m2-a2.bf16	/tmp/riley-opt-260912/multisequence-projection-candidates-v1/fixtures/w-16-gate_up.bf16
1177	16	1	2	2	3072	576	1	1	/tmp/riley-opt-260912/multisequence-projection-candidates-v1/fixtures/x-576-1-m2-a2.bf16	/tmp/riley-opt-260912/multisequence-projection-candidates-v1/fixtures/w-16-gate_up.bf16
1178	16	1	4	4	3072	576	1	0	/tmp/riley-opt-260912/multisequence-projection-candidates-v1/fixtures/x-576-1-m4-a4.bf16	/tmp/riley-opt-260912/multisequence-projection-candidates-v1/fixtures/w-16-gate_up.bf16
1179	16	1	4	4	3072	576	1	1	/tmp/riley-opt-260912/multisequence-projection-candidates-v1/fixtures/x-576-1-m4-a4.bf16	/tmp/riley-opt-260912/multisequence-projection-candidates-v1/fixtures/w-16-gate_up.bf16
1180	16	1	4	3	3072	576	1	0	/tmp/riley-opt-260912/multisequence-projection-candidates-v1/fixtures/x-576-1-m4-a3.bf16	/tmp/riley-opt-260912/multisequence-projection-candidates-v1/fixtures/w-16-gate_up.bf16
1181	16	1	4	3	3072	576	1	1	/tmp/riley-opt-260912/multisequence-projection-candidates-v1/fixtures/x-576-1-m4-a3.bf16	/tmp/riley-opt-260912/multisequence-projection-candidates-v1/fixtures/w-16-gate_up.bf16
1182	16	1	2	2	3072	576	2	0	/tmp/riley-opt-260912/multisequence-projection-candidates-v1/fixtures/x-576-2-m2-a2.bf16	/tmp/riley-opt-260912/multisequence-projection-candidates-v1/fixtures/w-16-gate_up.bf16
1183	16	1	2	2	3072	576	2	1	/tmp/riley-opt-260912/multisequence-projection-candidates-v1/fixtures/x-576-2-m2-a2.bf16	/tmp/riley-opt-260912/multisequence-projection-candidates-v1/fixtures/w-16-gate_up.bf16
1184	16	1	4	4	3072	576	2	0	/tmp/riley-opt-260912/multisequence-projection-candidates-v1/fixtures/x-576-2-m4-a4.bf16	/tmp/riley-opt-260912/multisequence-projection-candidates-v1/fixtures/w-16-gate_up.bf16
1185	16	1	4	4	3072	576	2	1	/tmp/riley-opt-260912/multisequence-projection-candidates-v1/fixtures/x-576-2-m4-a4.bf16	/tmp/riley-opt-260912/multisequence-projection-candidates-v1/fixtures/w-16-gate_up.bf16
1186	16	1	4	3	3072	576	2	0	/tmp/riley-opt-260912/multisequence-projection-candidates-v1/fixtures/x-576-2-m4-a3.bf16	/tmp/riley-opt-260912/multisequence-projection-candidates-v1/fixtures/w-16-gate_up.bf16
1187	16	1	4	3	3072	576	2	1	/tmp/riley-opt-260912/multisequence-projection-candidates-v1/fixtures/x-576-2-m4-a3.bf16	/tmp/riley-opt-260912/multisequence-projection-candidates-v1/fixtures/w-16-gate_up.bf16
1188	16	2	2	2	576	576	0	0	/tmp/riley-opt-260912/multisequence-projection-candidates-v1/fixtures/x-576-0-m2-a2.bf16	/tmp/riley-opt-260912/multisequence-projection-candidates-v1/fixtures/w-16-o.bf16
1189	16	2	2	2	576	576	0	1	/tmp/riley-opt-260912/multisequence-projection-candidates-v1/fixtures/x-576-0-m2-a2.bf16	/tmp/riley-opt-260912/multisequence-projection-candidates-v1/fixtures/w-16-o.bf16
1190	16	2	4	4	576	576	0	0	/tmp/riley-opt-260912/multisequence-projection-candidates-v1/fixtures/x-576-0-m4-a4.bf16	/tmp/riley-opt-260912/multisequence-projection-candidates-v1/fixtures/w-16-o.bf16
1191	16	2	4	4	576	576	0	1	/tmp/riley-opt-260912/multisequence-projection-candidates-v1/fixtures/x-576-0-m4-a4.bf16	/tmp/riley-opt-260912/multisequence-projection-candidates-v1/fixtures/w-16-o.bf16
1192	16	2	4	3	576	576	0	0	/tmp/riley-opt-260912/multisequence-projection-candidates-v1/fixtures/x-576-0-m4-a3.bf16	/tmp/riley-opt-260912/multisequence-projection-candidates-v1/fixtures/w-16-o.bf16
1193	16	2	4	3	576	576	0	1	/tmp/riley-opt-260912/multisequence-projection-candidates-v1/fixtures/x-576-0-m4-a3.bf16	/tmp/riley-opt-260912/multisequence-projection-candidates-v1/fixtures/w-16-o.bf16
1194	16	2	2	2	576	576	1	0	/tmp/riley-opt-260912/multisequence-projection-candidates-v1/fixtures/x-576-1-m2-a2.bf16	/tmp/riley-opt-260912/multisequence-projection-candidates-v1/fixtures/w-16-o.bf16
1195	16	2	2	2	576	576	1	1	/tmp/riley-opt-260912/multisequence-projection-candidates-v1/fixtures/x-576-1-m2-a2.bf16	/tmp/riley-opt-260912/multisequence-projection-candidates-v1/fixtures/w-16-o.bf16
1196	16	2	4	4	576	576	1	0	/tmp/riley-opt-260912/multisequence-projection-candidates-v1/fixtures/x-576-1-m4-a4.bf16	/tmp/riley-opt-260912/multisequence-projection-candidates-v1/fixtures/w-16-o.bf16
1197	16	2	4	4	576	576	1	1	/tmp/riley-opt-260912/multisequence-projection-candidates-v1/fixtures/x-576-1-m4-a4.bf16	/tmp/riley-opt-260912/multisequence-projection-candidates-v1/fixtures/w-16-o.bf16
1198	16	2	4	3	576	576	1	0	/tmp/riley-opt-260912/multisequence-projection-candidates-v1/fixtures/x-576-1-m4-a3.bf16	/tmp/riley-opt-260912/multisequence-projection-candidates-v1/fixtures/w-16-o.bf16
1199	16	2	4	3	576	576	1	1	/tmp/riley-opt-260912/multisequence-projection-candidates-v1/fixtures/x-576-1-m4-a3.bf16	/tmp/riley-opt-260912/multisequence-projection-candidates-v1/fixtures/w-16-o.bf16
1200	16	2	2	2	576	576	2	0	/tmp/riley-opt-260912/multisequence-projection-candidates-v1/fixtures/x-576-2-m2-a2.bf16	/tmp/riley-opt-260912/multisequence-projection-candidates-v1/fixtures/w-16-o.bf16
1201	16	2	2	2	576	576	2	1	/tmp/riley-opt-260912/multisequence-projection-candidates-v1/fixtures/x-576-2-m2-a2.bf16	/tmp/riley-opt-260912/multisequence-projection-candidates-v1/fixtures/w-16-o.bf16
1202	16	2	4	4	576	576	2	0	/tmp/riley-opt-260912/multisequence-projection-candidates-v1/fixtures/x-576-2-m4-a4.bf16	/tmp/riley-opt-260912/multisequence-projection-candidates-v1/fixtures/w-16-o.bf16
1203	16	2	4	4	576	576	2	1	/tmp/riley-opt-260912/multisequence-projection-candidates-v1/fixtures/x-576-2-m4-a4.bf16	/tmp/riley-opt-260912/multisequence-projection-candidates-v1/fixtures/w-16-o.bf16
1204	16	2	4	3	576	576	2	0	/tmp/riley-opt-260912/multisequence-projection-candidates-v1/fixtures/x-576-2-m4-a3.bf16	/tmp/riley-opt-260912/multisequence-projection-candidates-v1/fixtures/w-16-o.bf16
1205	16	2	4	3	576	576	2	1	/tmp/riley-opt-260912/multisequence-projection-candidates-v1/fixtures/x-576-2-m4-a3.bf16	/tmp/riley-opt-260912/multisequence-projection-candidates-v1/fixtures/w-16-o.bf16
1206	16	3	2	2	576	1536	0	0	/tmp/riley-opt-260912/multisequence-projection-candidates-v1/fixtures/x-1536-0-m2-a2.bf16	/tmp/riley-opt-260912/multisequence-projection-candidates-v1/fixtures/w-16-down.bf16
1207	16	3	2	2	576	1536	0	1	/tmp/riley-opt-260912/multisequence-projection-candidates-v1/fixtures/x-1536-0-m2-a2.bf16	/tmp/riley-opt-260912/multisequence-projection-candidates-v1/fixtures/w-16-down.bf16
1208	16	3	4	4	576	1536	0	0	/tmp/riley-opt-260912/multisequence-projection-candidates-v1/fixtures/x-1536-0-m4-a4.bf16	/tmp/riley-opt-260912/multisequence-projection-candidates-v1/fixtures/w-16-down.bf16
1209	16	3	4	4	576	1536	0	1	/tmp/riley-opt-260912/multisequence-projection-candidates-v1/fixtures/x-1536-0-m4-a4.bf16	/tmp/riley-opt-260912/multisequence-projection-candidates-v1/fixtures/w-16-down.bf16
1210	16	3	4	3	576	1536	0	0	/tmp/riley-opt-260912/multisequence-projection-candidates-v1/fixtures/x-1536-0-m4-a3.bf16	/tmp/riley-opt-260912/multisequence-projection-candidates-v1/fixtures/w-16-down.bf16
1211	16	3	4	3	576	1536	0	1	/tmp/riley-opt-260912/multisequence-projection-candidates-v1/fixtures/x-1536-0-m4-a3.bf16	/tmp/riley-opt-260912/multisequence-projection-candidates-v1/fixtures/w-16-down.bf16
1212	16	3	2	2	576	1536	1	0	/tmp/riley-opt-260912/multisequence-projection-candidates-v1/fixtures/x-1536-1-m2-a2.bf16	/tmp/riley-opt-260912/multisequence-projection-candidates-v1/fixtures/w-16-down.bf16
1213	16	3	2	2	576	1536	1	1	/tmp/riley-opt-260912/multisequence-projection-candidates-v1/fixtures/x-1536-1-m2-a2.bf16	/tmp/riley-opt-260912/multisequence-projection-candidates-v1/fixtures/w-16-down.bf16
1214	16	3	4	4	576	1536	1	0	/tmp/riley-opt-260912/multisequence-projection-candidates-v1/fixtures/x-1536-1-m4-a4.bf16	/tmp/riley-opt-260912/multisequence-projection-candidates-v1/fixtures/w-16-down.bf16
1215	16	3	4	4	576	1536	1	1	/tmp/riley-opt-260912/multisequence-projection-candidates-v1/fixtures/x-1536-1-m4-a4.bf16	/tmp/riley-opt-260912/multisequence-projection-candidates-v1/fixtures/w-16-down.bf16
1216	16	3	4	3	576	1536	1	0	/tmp/riley-opt-260912/multisequence-projection-candidates-v1/fixtures/x-1536-1-m4-a3.bf16	/tmp/riley-opt-260912/multisequence-projection-candidates-v1/fixtures/w-16-down.bf16
1217	16	3	4	3	576	1536	1	1	/tmp/riley-opt-260912/multisequence-projection-candidates-v1/fixtures/x-1536-1-m4-a3.bf16	/tmp/riley-opt-260912/multisequence-projection-candidates-v1/fixtures/w-16-down.bf16
1218	16	3	2	2	576	1536	2	0	/tmp/riley-opt-260912/multisequence-projection-candidates-v1/fixtures/x-1536-2-m2-a2.bf16	/tmp/riley-opt-260912/multisequence-projection-candidates-v1/fixtures/w-16-down.bf16
1219	16	3	2	2	576	1536	2	1	/tmp/riley-opt-260912/multisequence-projection-candidates-v1/fixtures/x-1536-2-m2-a2.bf16	/tmp/riley-opt-260912/multisequence-projection-candidates-v1/fixtures/w-16-down.bf16
1220	16	3	4	4	576	1536	2	0	/tmp/riley-opt-260912/multisequence-projection-candidates-v1/fixtures/x-1536-2-m4-a4.bf16	/tmp/riley-opt-260912/multisequence-projection-candidates-v1/fixtures/w-16-down.bf16
1221	16	3	4	4	576	1536	2	1	/tmp/riley-opt-260912/multisequence-projection-candidates-v1/fixtures/x-1536-2-m4-a4.bf16	/tmp/riley-opt-260912/multisequence-projection-candidates-v1/fixtures/w-16-down.bf16
1222	16	3	4	3	576	1536	2	0	/tmp/riley-opt-260912/multisequence-projection-candidates-v1/fixtures/x-1536-2-m4-a3.bf16	/tmp/riley-opt-260912/multisequence-projection-candidates-v1/fixtures/w-16-down.bf16
1223	16	3	4	3	576	1536	2	1	/tmp/riley-opt-260912/multisequence-projection-candidates-v1/fixtures/x-1536-2-m4-a3.bf16	/tmp/riley-opt-260912/multisequence-projection-candidates-v1/fixtures/w-16-down.bf16
1224	17	0	2	2	960	576	0	0	/tmp/riley-opt-260912/multisequence-projection-candidates-v1/fixtures/x-576-0-m2-a2.bf16	/tmp/riley-opt-260912/multisequence-projection-candidates-v1/fixtures/w-17-qkv.bf16
1225	17	0	2	2	960	576	0	1	/tmp/riley-opt-260912/multisequence-projection-candidates-v1/fixtures/x-576-0-m2-a2.bf16	/tmp/riley-opt-260912/multisequence-projection-candidates-v1/fixtures/w-17-qkv.bf16
1226	17	0	4	4	960	576	0	0	/tmp/riley-opt-260912/multisequence-projection-candidates-v1/fixtures/x-576-0-m4-a4.bf16	/tmp/riley-opt-260912/multisequence-projection-candidates-v1/fixtures/w-17-qkv.bf16
1227	17	0	4	4	960	576	0	1	/tmp/riley-opt-260912/multisequence-projection-candidates-v1/fixtures/x-576-0-m4-a4.bf16	/tmp/riley-opt-260912/multisequence-projection-candidates-v1/fixtures/w-17-qkv.bf16
1228	17	0	4	3	960	576	0	0	/tmp/riley-opt-260912/multisequence-projection-candidates-v1/fixtures/x-576-0-m4-a3.bf16	/tmp/riley-opt-260912/multisequence-projection-candidates-v1/fixtures/w-17-qkv.bf16
1229	17	0	4	3	960	576	0	1	/tmp/riley-opt-260912/multisequence-projection-candidates-v1/fixtures/x-576-0-m4-a3.bf16	/tmp/riley-opt-260912/multisequence-projection-candidates-v1/fixtures/w-17-qkv.bf16
1230	17	0	2	2	960	576	1	0	/tmp/riley-opt-260912/multisequence-projection-candidates-v1/fixtures/x-576-1-m2-a2.bf16	/tmp/riley-opt-260912/multisequence-projection-candidates-v1/fixtures/w-17-qkv.bf16
1231	17	0	2	2	960	576	1	1	/tmp/riley-opt-260912/multisequence-projection-candidates-v1/fixtures/x-576-1-m2-a2.bf16	/tmp/riley-opt-260912/multisequence-projection-candidates-v1/fixtures/w-17-qkv.bf16
1232	17	0	4	4	960	576	1	0	/tmp/riley-opt-260912/multisequence-projection-candidates-v1/fixtures/x-576-1-m4-a4.bf16	/tmp/riley-opt-260912/multisequence-projection-candidates-v1/fixtures/w-17-qkv.bf16
1233	17	0	4	4	960	576	1	1	/tmp/riley-opt-260912/multisequence-projection-candidates-v1/fixtures/x-576-1-m4-a4.bf16	/tmp/riley-opt-260912/multisequence-projection-candidates-v1/fixtures/w-17-qkv.bf16
1234	17	0	4	3	960	576	1	0	/tmp/riley-opt-260912/multisequence-projection-candidates-v1/fixtures/x-576-1-m4-a3.bf16	/tmp/riley-opt-260912/multisequence-projection-candidates-v1/fixtures/w-17-qkv.bf16
1235	17	0	4	3	960	576	1	1	/tmp/riley-opt-260912/multisequence-projection-candidates-v1/fixtures/x-576-1-m4-a3.bf16	/tmp/riley-opt-260912/multisequence-projection-candidates-v1/fixtures/w-17-qkv.bf16
1236	17	0	2	2	960	576	2	0	/tmp/riley-opt-260912/multisequence-projection-candidates-v1/fixtures/x-576-2-m2-a2.bf16	/tmp/riley-opt-260912/multisequence-projection-candidates-v1/fixtures/w-17-qkv.bf16
1237	17	0	2	2	960	576	2	1	/tmp/riley-opt-260912/multisequence-projection-candidates-v1/fixtures/x-576-2-m2-a2.bf16	/tmp/riley-opt-260912/multisequence-projection-candidates-v1/fixtures/w-17-qkv.bf16
1238	17	0	4	4	960	576	2	0	/tmp/riley-opt-260912/multisequence-projection-candidates-v1/fixtures/x-576-2-m4-a4.bf16	/tmp/riley-opt-260912/multisequence-projection-candidates-v1/fixtures/w-17-qkv.bf16
1239	17	0	4	4	960	576	2	1	/tmp/riley-opt-260912/multisequence-projection-candidates-v1/fixtures/x-576-2-m4-a4.bf16	/tmp/riley-opt-260912/multisequence-projection-candidates-v1/fixtures/w-17-qkv.bf16
1240	17	0	4	3	960	576	2	0	/tmp/riley-opt-260912/multisequence-projection-candidates-v1/fixtures/x-576-2-m4-a3.bf16	/tmp/riley-opt-260912/multisequence-projection-candidates-v1/fixtures/w-17-qkv.bf16
1241	17	0	4	3	960	576	2	1	/tmp/riley-opt-260912/multisequence-projection-candidates-v1/fixtures/x-576-2-m4-a3.bf16	/tmp/riley-opt-260912/multisequence-projection-candidates-v1/fixtures/w-17-qkv.bf16
1242	17	1	2	2	3072	576	0	0	/tmp/riley-opt-260912/multisequence-projection-candidates-v1/fixtures/x-576-0-m2-a2.bf16	/tmp/riley-opt-260912/multisequence-projection-candidates-v1/fixtures/w-17-gate_up.bf16
1243	17	1	2	2	3072	576	0	1	/tmp/riley-opt-260912/multisequence-projection-candidates-v1/fixtures/x-576-0-m2-a2.bf16	/tmp/riley-opt-260912/multisequence-projection-candidates-v1/fixtures/w-17-gate_up.bf16
1244	17	1	4	4	3072	576	0	0	/tmp/riley-opt-260912/multisequence-projection-candidates-v1/fixtures/x-576-0-m4-a4.bf16	/tmp/riley-opt-260912/multisequence-projection-candidates-v1/fixtures/w-17-gate_up.bf16
1245	17	1	4	4	3072	576	0	1	/tmp/riley-opt-260912/multisequence-projection-candidates-v1/fixtures/x-576-0-m4-a4.bf16	/tmp/riley-opt-260912/multisequence-projection-candidates-v1/fixtures/w-17-gate_up.bf16
1246	17	1	4	3	3072	576	0	0	/tmp/riley-opt-260912/multisequence-projection-candidates-v1/fixtures/x-576-0-m4-a3.bf16	/tmp/riley-opt-260912/multisequence-projection-candidates-v1/fixtures/w-17-gate_up.bf16
1247	17	1	4	3	3072	576	0	1	/tmp/riley-opt-260912/multisequence-projection-candidates-v1/fixtures/x-576-0-m4-a3.bf16	/tmp/riley-opt-260912/multisequence-projection-candidates-v1/fixtures/w-17-gate_up.bf16
1248	17	1	2	2	3072	576	1	0	/tmp/riley-opt-260912/multisequence-projection-candidates-v1/fixtures/x-576-1-m2-a2.bf16	/tmp/riley-opt-260912/multisequence-projection-candidates-v1/fixtures/w-17-gate_up.bf16
1249	17	1	2	2	3072	576	1	1	/tmp/riley-opt-260912/multisequence-projection-candidates-v1/fixtures/x-576-1-m2-a2.bf16	/tmp/riley-opt-260912/multisequence-projection-candidates-v1/fixtures/w-17-gate_up.bf16
1250	17	1	4	4	3072	576	1	0	/tmp/riley-opt-260912/multisequence-projection-candidates-v1/fixtures/x-576-1-m4-a4.bf16	/tmp/riley-opt-260912/multisequence-projection-candidates-v1/fixtures/w-17-gate_up.bf16
1251	17	1	4	4	3072	576	1	1	/tmp/riley-opt-260912/multisequence-projection-candidates-v1/fixtures/x-576-1-m4-a4.bf16	/tmp/riley-opt-260912/multisequence-projection-candidates-v1/fixtures/w-17-gate_up.bf16
1252	17	1	4	3	3072	576	1	0	/tmp/riley-opt-260912/multisequence-projection-candidates-v1/fixtures/x-576-1-m4-a3.bf16	/tmp/riley-opt-260912/multisequence-projection-candidates-v1/fixtures/w-17-gate_up.bf16
1253	17	1	4	3	3072	576	1	1	/tmp/riley-opt-260912/multisequence-projection-candidates-v1/fixtures/x-576-1-m4-a3.bf16	/tmp/riley-opt-260912/multisequence-projection-candidates-v1/fixtures/w-17-gate_up.bf16
1254	17	1	2	2	3072	576	2	0	/tmp/riley-opt-260912/multisequence-projection-candidates-v1/fixtures/x-576-2-m2-a2.bf16	/tmp/riley-opt-260912/multisequence-projection-candidates-v1/fixtures/w-17-gate_up.bf16
1255	17	1	2	2	3072	576	2	1	/tmp/riley-opt-260912/multisequence-projection-candidates-v1/fixtures/x-576-2-m2-a2.bf16	/tmp/riley-opt-260912/multisequence-projection-candidates-v1/fixtures/w-17-gate_up.bf16
1256	17	1	4	4	3072	576	2	0	/tmp/riley-opt-260912/multisequence-projection-candidates-v1/fixtures/x-576-2-m4-a4.bf16	/tmp/riley-opt-260912/multisequence-projection-candidates-v1/fixtures/w-17-gate_up.bf16
1257	17	1	4	4	3072	576	2	1	/tmp/riley-opt-260912/multisequence-projection-candidates-v1/fixtures/x-576-2-m4-a4.bf16	/tmp/riley-opt-260912/multisequence-projection-candidates-v1/fixtures/w-17-gate_up.bf16
1258	17	1	4	3	3072	576	2	0	/tmp/riley-opt-260912/multisequence-projection-candidates-v1/fixtures/x-576-2-m4-a3.bf16	/tmp/riley-opt-260912/multisequence-projection-candidates-v1/fixtures/w-17-gate_up.bf16
1259	17	1	4	3	3072	576	2	1	/tmp/riley-opt-260912/multisequence-projection-candidates-v1/fixtures/x-576-2-m4-a3.bf16	/tmp/riley-opt-260912/multisequence-projection-candidates-v1/fixtures/w-17-gate_up.bf16
1260	17	2	2	2	576	576	0	0	/tmp/riley-opt-260912/multisequence-projection-candidates-v1/fixtures/x-576-0-m2-a2.bf16	/tmp/riley-opt-260912/multisequence-projection-candidates-v1/fixtures/w-17-o.bf16
1261	17	2	2	2	576	576	0	1	/tmp/riley-opt-260912/multisequence-projection-candidates-v1/fixtures/x-576-0-m2-a2.bf16	/tmp/riley-opt-260912/multisequence-projection-candidates-v1/fixtures/w-17-o.bf16
1262	17	2	4	4	576	576	0	0	/tmp/riley-opt-260912/multisequence-projection-candidates-v1/fixtures/x-576-0-m4-a4.bf16	/tmp/riley-opt-260912/multisequence-projection-candidates-v1/fixtures/w-17-o.bf16
1263	17	2	4	4	576	576	0	1	/tmp/riley-opt-260912/multisequence-projection-candidates-v1/fixtures/x-576-0-m4-a4.bf16	/tmp/riley-opt-260912/multisequence-projection-candidates-v1/fixtures/w-17-o.bf16
1264	17	2	4	3	576	576	0	0	/tmp/riley-opt-260912/multisequence-projection-candidates-v1/fixtures/x-576-0-m4-a3.bf16	/tmp/riley-opt-260912/multisequence-projection-candidates-v1/fixtures/w-17-o.bf16
1265	17	2	4	3	576	576	0	1	/tmp/riley-opt-260912/multisequence-projection-candidates-v1/fixtures/x-576-0-m4-a3.bf16	/tmp/riley-opt-260912/multisequence-projection-candidates-v1/fixtures/w-17-o.bf16
1266	17	2	2	2	576	576	1	0	/tmp/riley-opt-260912/multisequence-projection-candidates-v1/fixtures/x-576-1-m2-a2.bf16	/tmp/riley-opt-260912/multisequence-projection-candidates-v1/fixtures/w-17-o.bf16
1267	17	2	2	2	576	576	1	1	/tmp/riley-opt-260912/multisequence-projection-candidates-v1/fixtures/x-576-1-m2-a2.bf16	/tmp/riley-opt-260912/multisequence-projection-candidates-v1/fixtures/w-17-o.bf16
1268	17	2	4	4	576	576	1	0	/tmp/riley-opt-260912/multisequence-projection-candidates-v1/fixtures/x-576-1-m4-a4.bf16	/tmp/riley-opt-260912/multisequence-projection-candidates-v1/fixtures/w-17-o.bf16
1269	17	2	4	4	576	576	1	1	/tmp/riley-opt-260912/multisequence-projection-candidates-v1/fixtures/x-576-1-m4-a4.bf16	/tmp/riley-opt-260912/multisequence-projection-candidates-v1/fixtures/w-17-o.bf16
1270	17	2	4	3	576	576	1	0	/tmp/riley-opt-260912/multisequence-projection-candidates-v1/fixtures/x-576-1-m4-a3.bf16	/tmp/riley-opt-260912/multisequence-projection-candidates-v1/fixtures/w-17-o.bf16
1271	17	2	4	3	576	576	1	1	/tmp/riley-opt-260912/multisequence-projection-candidates-v1/fixtures/x-576-1-m4-a3.bf16	/tmp/riley-opt-260912/multisequence-projection-candidates-v1/fixtures/w-17-o.bf16
1272	17	2	2	2	576	576	2	0	/tmp/riley-opt-260912/multisequence-projection-candidates-v1/fixtures/x-576-2-m2-a2.bf16	/tmp/riley-opt-260912/multisequence-projection-candidates-v1/fixtures/w-17-o.bf16
1273	17	2	2	2	576	576	2	1	/tmp/riley-opt-260912/multisequence-projection-candidates-v1/fixtures/x-576-2-m2-a2.bf16	/tmp/riley-opt-260912/multisequence-projection-candidates-v1/fixtures/w-17-o.bf16
1274	17	2	4	4	576	576	2	0	/tmp/riley-opt-260912/multisequence-projection-candidates-v1/fixtures/x-576-2-m4-a4.bf16	/tmp/riley-opt-260912/multisequence-projection-candidates-v1/fixtures/w-17-o.bf16
1275	17	2	4	4	576	576	2	1	/tmp/riley-opt-260912/multisequence-projection-candidates-v1/fixtures/x-576-2-m4-a4.bf16	/tmp/riley-opt-260912/multisequence-projection-candidates-v1/fixtures/w-17-o.bf16
1276	17	2	4	3	576	576	2	0	/tmp/riley-opt-260912/multisequence-projection-candidates-v1/fixtures/x-576-2-m4-a3.bf16	/tmp/riley-opt-260912/multisequence-projection-candidates-v1/fixtures/w-17-o.bf16
1277	17	2	4	3	576	576	2	1	/tmp/riley-opt-260912/multisequence-projection-candidates-v1/fixtures/x-576-2-m4-a3.bf16	/tmp/riley-opt-260912/multisequence-projection-candidates-v1/fixtures/w-17-o.bf16
1278	17	3	2	2	576	1536	0	0	/tmp/riley-opt-260912/multisequence-projection-candidates-v1/fixtures/x-1536-0-m2-a2.bf16	/tmp/riley-opt-260912/multisequence-projection-candidates-v1/fixtures/w-17-down.bf16
1279	17	3	2	2	576	1536	0	1	/tmp/riley-opt-260912/multisequence-projection-candidates-v1/fixtures/x-1536-0-m2-a2.bf16	/tmp/riley-opt-260912/multisequence-projection-candidates-v1/fixtures/w-17-down.bf16
1280	17	3	4	4	576	1536	0	0	/tmp/riley-opt-260912/multisequence-projection-candidates-v1/fixtures/x-1536-0-m4-a4.bf16	/tmp/riley-opt-260912/multisequence-projection-candidates-v1/fixtures/w-17-down.bf16
1281	17	3	4	4	576	1536	0	1	/tmp/riley-opt-260912/multisequence-projection-candidates-v1/fixtures/x-1536-0-m4-a4.bf16	/tmp/riley-opt-260912/multisequence-projection-candidates-v1/fixtures/w-17-down.bf16
1282	17	3	4	3	576	1536	0	0	/tmp/riley-opt-260912/multisequence-projection-candidates-v1/fixtures/x-1536-0-m4-a3.bf16	/tmp/riley-opt-260912/multisequence-projection-candidates-v1/fixtures/w-17-down.bf16
1283	17	3	4	3	576	1536	0	1	/tmp/riley-opt-260912/multisequence-projection-candidates-v1/fixtures/x-1536-0-m4-a3.bf16	/tmp/riley-opt-260912/multisequence-projection-candidates-v1/fixtures/w-17-down.bf16
1284	17	3	2	2	576	1536	1	0	/tmp/riley-opt-260912/multisequence-projection-candidates-v1/fixtures/x-1536-1-m2-a2.bf16	/tmp/riley-opt-260912/multisequence-projection-candidates-v1/fixtures/w-17-down.bf16
1285	17	3	2	2	576	1536	1	1	/tmp/riley-opt-260912/multisequence-projection-candidates-v1/fixtures/x-1536-1-m2-a2.bf16	/tmp/riley-opt-260912/multisequence-projection-candidates-v1/fixtures/w-17-down.bf16
1286	17	3	4	4	576	1536	1	0	/tmp/riley-opt-260912/multisequence-projection-candidates-v1/fixtures/x-1536-1-m4-a4.bf16	/tmp/riley-opt-260912/multisequence-projection-candidates-v1/fixtures/w-17-down.bf16
1287	17	3	4	4	576	1536	1	1	/tmp/riley-opt-260912/multisequence-projection-candidates-v1/fixtures/x-1536-1-m4-a4.bf16	/tmp/riley-opt-260912/multisequence-projection-candidates-v1/fixtures/w-17-down.bf16
1288	17	3	4	3	576	1536	1	0	/tmp/riley-opt-260912/multisequence-projection-candidates-v1/fixtures/x-1536-1-m4-a3.bf16	/tmp/riley-opt-260912/multisequence-projection-candidates-v1/fixtures/w-17-down.bf16
1289	17	3	4	3	576	1536	1	1	/tmp/riley-opt-260912/multisequence-projection-candidates-v1/fixtures/x-1536-1-m4-a3.bf16	/tmp/riley-opt-260912/multisequence-projection-candidates-v1/fixtures/w-17-down.bf16
1290	17	3	2	2	576	1536	2	0	/tmp/riley-opt-260912/multisequence-projection-candidates-v1/fixtures/x-1536-2-m2-a2.bf16	/tmp/riley-opt-260912/multisequence-projection-candidates-v1/fixtures/w-17-down.bf16
1291	17	3	2	2	576	1536	2	1	/tmp/riley-opt-260912/multisequence-projection-candidates-v1/fixtures/x-1536-2-m2-a2.bf16	/tmp/riley-opt-260912/multisequence-projection-candidates-v1/fixtures/w-17-down.bf16
1292	17	3	4	4	576	1536	2	0	/tmp/riley-opt-260912/multisequence-projection-candidates-v1/fixtures/x-1536-2-m4-a4.bf16	/tmp/riley-opt-260912/multisequence-projection-candidates-v1/fixtures/w-17-down.bf16
1293	17	3	4	4	576	1536	2	1	/tmp/riley-opt-260912/multisequence-projection-candidates-v1/fixtures/x-1536-2-m4-a4.bf16	/tmp/riley-opt-260912/multisequence-projection-candidates-v1/fixtures/w-17-down.bf16
1294	17	3	4	3	576	1536	2	0	/tmp/riley-opt-260912/multisequence-projection-candidates-v1/fixtures/x-1536-2-m4-a3.bf16	/tmp/riley-opt-260912/multisequence-projection-candidates-v1/fixtures/w-17-down.bf16
1295	17	3	4	3	576	1536	2	1	/tmp/riley-opt-260912/multisequence-projection-candidates-v1/fixtures/x-1536-2-m4-a3.bf16	/tmp/riley-opt-260912/multisequence-projection-candidates-v1/fixtures/w-17-down.bf16
1296	18	0	2	2	960	576	0	0	/tmp/riley-opt-260912/multisequence-projection-candidates-v1/fixtures/x-576-0-m2-a2.bf16	/tmp/riley-opt-260912/multisequence-projection-candidates-v1/fixtures/w-18-qkv.bf16
1297	18	0	2	2	960	576	0	1	/tmp/riley-opt-260912/multisequence-projection-candidates-v1/fixtures/x-576-0-m2-a2.bf16	/tmp/riley-opt-260912/multisequence-projection-candidates-v1/fixtures/w-18-qkv.bf16
1298	18	0	4	4	960	576	0	0	/tmp/riley-opt-260912/multisequence-projection-candidates-v1/fixtures/x-576-0-m4-a4.bf16	/tmp/riley-opt-260912/multisequence-projection-candidates-v1/fixtures/w-18-qkv.bf16
1299	18	0	4	4	960	576	0	1	/tmp/riley-opt-260912/multisequence-projection-candidates-v1/fixtures/x-576-0-m4-a4.bf16	/tmp/riley-opt-260912/multisequence-projection-candidates-v1/fixtures/w-18-qkv.bf16
1300	18	0	4	3	960	576	0	0	/tmp/riley-opt-260912/multisequence-projection-candidates-v1/fixtures/x-576-0-m4-a3.bf16	/tmp/riley-opt-260912/multisequence-projection-candidates-v1/fixtures/w-18-qkv.bf16
1301	18	0	4	3	960	576	0	1	/tmp/riley-opt-260912/multisequence-projection-candidates-v1/fixtures/x-576-0-m4-a3.bf16	/tmp/riley-opt-260912/multisequence-projection-candidates-v1/fixtures/w-18-qkv.bf16
1302	18	0	2	2	960	576	1	0	/tmp/riley-opt-260912/multisequence-projection-candidates-v1/fixtures/x-576-1-m2-a2.bf16	/tmp/riley-opt-260912/multisequence-projection-candidates-v1/fixtures/w-18-qkv.bf16
1303	18	0	2	2	960	576	1	1	/tmp/riley-opt-260912/multisequence-projection-candidates-v1/fixtures/x-576-1-m2-a2.bf16	/tmp/riley-opt-260912/multisequence-projection-candidates-v1/fixtures/w-18-qkv.bf16
1304	18	0	4	4	960	576	1	0	/tmp/riley-opt-260912/multisequence-projection-candidates-v1/fixtures/x-576-1-m4-a4.bf16	/tmp/riley-opt-260912/multisequence-projection-candidates-v1/fixtures/w-18-qkv.bf16
1305	18	0	4	4	960	576	1	1	/tmp/riley-opt-260912/multisequence-projection-candidates-v1/fixtures/x-576-1-m4-a4.bf16	/tmp/riley-opt-260912/multisequence-projection-candidates-v1/fixtures/w-18-qkv.bf16
1306	18	0	4	3	960	576	1	0	/tmp/riley-opt-260912/multisequence-projection-candidates-v1/fixtures/x-576-1-m4-a3.bf16	/tmp/riley-opt-260912/multisequence-projection-candidates-v1/fixtures/w-18-qkv.bf16
1307	18	0	4	3	960	576	1	1	/tmp/riley-opt-260912/multisequence-projection-candidates-v1/fixtures/x-576-1-m4-a3.bf16	/tmp/riley-opt-260912/multisequence-projection-candidates-v1/fixtures/w-18-qkv.bf16
1308	18	0	2	2	960	576	2	0	/tmp/riley-opt-260912/multisequence-projection-candidates-v1/fixtures/x-576-2-m2-a2.bf16	/tmp/riley-opt-260912/multisequence-projection-candidates-v1/fixtures/w-18-qkv.bf16
1309	18	0	2	2	960	576	2	1	/tmp/riley-opt-260912/multisequence-projection-candidates-v1/fixtures/x-576-2-m2-a2.bf16	/tmp/riley-opt-260912/multisequence-projection-candidates-v1/fixtures/w-18-qkv.bf16
1310	18	0	4	4	960	576	2	0	/tmp/riley-opt-260912/multisequence-projection-candidates-v1/fixtures/x-576-2-m4-a4.bf16	/tmp/riley-opt-260912/multisequence-projection-candidates-v1/fixtures/w-18-qkv.bf16
1311	18	0	4	4	960	576	2	1	/tmp/riley-opt-260912/multisequence-projection-candidates-v1/fixtures/x-576-2-m4-a4.bf16	/tmp/riley-opt-260912/multisequence-projection-candidates-v1/fixtures/w-18-qkv.bf16
1312	18	0	4	3	960	576	2	0	/tmp/riley-opt-260912/multisequence-projection-candidates-v1/fixtures/x-576-2-m4-a3.bf16	/tmp/riley-opt-260912/multisequence-projection-candidates-v1/fixtures/w-18-qkv.bf16
1313	18	0	4	3	960	576	2	1	/tmp/riley-opt-260912/multisequence-projection-candidates-v1/fixtures/x-576-2-m4-a3.bf16	/tmp/riley-opt-260912/multisequence-projection-candidates-v1/fixtures/w-18-qkv.bf16
1314	18	1	2	2	3072	576	0	0	/tmp/riley-opt-260912/multisequence-projection-candidates-v1/fixtures/x-576-0-m2-a2.bf16	/tmp/riley-opt-260912/multisequence-projection-candidates-v1/fixtures/w-18-gate_up.bf16
1315	18	1	2	2	3072	576	0	1	/tmp/riley-opt-260912/multisequence-projection-candidates-v1/fixtures/x-576-0-m2-a2.bf16	/tmp/riley-opt-260912/multisequence-projection-candidates-v1/fixtures/w-18-gate_up.bf16
1316	18	1	4	4	3072	576	0	0	/tmp/riley-opt-260912/multisequence-projection-candidates-v1/fixtures/x-576-0-m4-a4.bf16	/tmp/riley-opt-260912/multisequence-projection-candidates-v1/fixtures/w-18-gate_up.bf16
1317	18	1	4	4	3072	576	0	1	/tmp/riley-opt-260912/multisequence-projection-candidates-v1/fixtures/x-576-0-m4-a4.bf16	/tmp/riley-opt-260912/multisequence-projection-candidates-v1/fixtures/w-18-gate_up.bf16
1318	18	1	4	3	3072	576	0	0	/tmp/riley-opt-260912/multisequence-projection-candidates-v1/fixtures/x-576-0-m4-a3.bf16	/tmp/riley-opt-260912/multisequence-projection-candidates-v1/fixtures/w-18-gate_up.bf16
1319	18	1	4	3	3072	576	0	1	/tmp/riley-opt-260912/multisequence-projection-candidates-v1/fixtures/x-576-0-m4-a3.bf16	/tmp/riley-opt-260912/multisequence-projection-candidates-v1/fixtures/w-18-gate_up.bf16
1320	18	1	2	2	3072	576	1	0	/tmp/riley-opt-260912/multisequence-projection-candidates-v1/fixtures/x-576-1-m2-a2.bf16	/tmp/riley-opt-260912/multisequence-projection-candidates-v1/fixtures/w-18-gate_up.bf16
1321	18	1	2	2	3072	576	1	1	/tmp/riley-opt-260912/multisequence-projection-candidates-v1/fixtures/x-576-1-m2-a2.bf16	/tmp/riley-opt-260912/multisequence-projection-candidates-v1/fixtures/w-18-gate_up.bf16
1322	18	1	4	4	3072	576	1	0	/tmp/riley-opt-260912/multisequence-projection-candidates-v1/fixtures/x-576-1-m4-a4.bf16	/tmp/riley-opt-260912/multisequence-projection-candidates-v1/fixtures/w-18-gate_up.bf16
1323	18	1	4	4	3072	576	1	1	/tmp/riley-opt-260912/multisequence-projection-candidates-v1/fixtures/x-576-1-m4-a4.bf16	/tmp/riley-opt-260912/multisequence-projection-candidates-v1/fixtures/w-18-gate_up.bf16
1324	18	1	4	3	3072	576	1	0	/tmp/riley-opt-260912/multisequence-projection-candidates-v1/fixtures/x-576-1-m4-a3.bf16	/tmp/riley-opt-260912/multisequence-projection-candidates-v1/fixtures/w-18-gate_up.bf16
1325	18	1	4	3	3072	576	1	1	/tmp/riley-opt-260912/multisequence-projection-candidates-v1/fixtures/x-576-1-m4-a3.bf16	/tmp/riley-opt-260912/multisequence-projection-candidates-v1/fixtures/w-18-gate_up.bf16
1326	18	1	2	2	3072	576	2	0	/tmp/riley-opt-260912/multisequence-projection-candidates-v1/fixtures/x-576-2-m2-a2.bf16	/tmp/riley-opt-260912/multisequence-projection-candidates-v1/fixtures/w-18-gate_up.bf16
1327	18	1	2	2	3072	576	2	1	/tmp/riley-opt-260912/multisequence-projection-candidates-v1/fixtures/x-576-2-m2-a2.bf16	/tmp/riley-opt-260912/multisequence-projection-candidates-v1/fixtures/w-18-gate_up.bf16
1328	18	1	4	4	3072	576	2	0	/tmp/riley-opt-260912/multisequence-projection-candidates-v1/fixtures/x-576-2-m4-a4.bf16	/tmp/riley-opt-260912/multisequence-projection-candidates-v1/fixtures/w-18-gate_up.bf16
1329	18	1	4	4	3072	576	2	1	/tmp/riley-opt-260912/multisequence-projection-candidates-v1/fixtures/x-576-2-m4-a4.bf16	/tmp/riley-opt-260912/multisequence-projection-candidates-v1/fixtures/w-18-gate_up.bf16
1330	18	1	4	3	3072	576	2	0	/tmp/riley-opt-260912/multisequence-projection-candidates-v1/fixtures/x-576-2-m4-a3.bf16	/tmp/riley-opt-260912/multisequence-projection-candidates-v1/fixtures/w-18-gate_up.bf16
1331	18	1	4	3	3072	576	2	1	/tmp/riley-opt-260912/multisequence-projection-candidates-v1/fixtures/x-576-2-m4-a3.bf16	/tmp/riley-opt-260912/multisequence-projection-candidates-v1/fixtures/w-18-gate_up.bf16
1332	18	2	2	2	576	576	0	0	/tmp/riley-opt-260912/multisequence-projection-candidates-v1/fixtures/x-576-0-m2-a2.bf16	/tmp/riley-opt-260912/multisequence-projection-candidates-v1/fixtures/w-18-o.bf16
1333	18	2	2	2	576	576	0	1	/tmp/riley-opt-260912/multisequence-projection-candidates-v1/fixtures/x-576-0-m2-a2.bf16	/tmp/riley-opt-260912/multisequence-projection-candidates-v1/fixtures/w-18-o.bf16
1334	18	2	4	4	576	576	0	0	/tmp/riley-opt-260912/multisequence-projection-candidates-v1/fixtures/x-576-0-m4-a4.bf16	/tmp/riley-opt-260912/multisequence-projection-candidates-v1/fixtures/w-18-o.bf16
1335	18	2	4	4	576	576	0	1	/tmp/riley-opt-260912/multisequence-projection-candidates-v1/fixtures/x-576-0-m4-a4.bf16	/tmp/riley-opt-260912/multisequence-projection-candidates-v1/fixtures/w-18-o.bf16
1336	18	2	4	3	576	576	0	0	/tmp/riley-opt-260912/multisequence-projection-candidates-v1/fixtures/x-576-0-m4-a3.bf16	/tmp/riley-opt-260912/multisequence-projection-candidates-v1/fixtures/w-18-o.bf16
1337	18	2	4	3	576	576	0	1	/tmp/riley-opt-260912/multisequence-projection-candidates-v1/fixtures/x-576-0-m4-a3.bf16	/tmp/riley-opt-260912/multisequence-projection-candidates-v1/fixtures/w-18-o.bf16
1338	18	2	2	2	576	576	1	0	/tmp/riley-opt-260912/multisequence-projection-candidates-v1/fixtures/x-576-1-m2-a2.bf16	/tmp/riley-opt-260912/multisequence-projection-candidates-v1/fixtures/w-18-o.bf16
1339	18	2	2	2	576	576	1	1	/tmp/riley-opt-260912/multisequence-projection-candidates-v1/fixtures/x-576-1-m2-a2.bf16	/tmp/riley-opt-260912/multisequence-projection-candidates-v1/fixtures/w-18-o.bf16
1340	18	2	4	4	576	576	1	0	/tmp/riley-opt-260912/multisequence-projection-candidates-v1/fixtures/x-576-1-m4-a4.bf16	/tmp/riley-opt-260912/multisequence-projection-candidates-v1/fixtures/w-18-o.bf16
1341	18	2	4	4	576	576	1	1	/tmp/riley-opt-260912/multisequence-projection-candidates-v1/fixtures/x-576-1-m4-a4.bf16	/tmp/riley-opt-260912/multisequence-projection-candidates-v1/fixtures/w-18-o.bf16
1342	18	2	4	3	576	576	1	0	/tmp/riley-opt-260912/multisequence-projection-candidates-v1/fixtures/x-576-1-m4-a3.bf16	/tmp/riley-opt-260912/multisequence-projection-candidates-v1/fixtures/w-18-o.bf16
1343	18	2	4	3	576	576	1	1	/tmp/riley-opt-260912/multisequence-projection-candidates-v1/fixtures/x-576-1-m4-a3.bf16	/tmp/riley-opt-260912/multisequence-projection-candidates-v1/fixtures/w-18-o.bf16
1344	18	2	2	2	576	576	2	0	/tmp/riley-opt-260912/multisequence-projection-candidates-v1/fixtures/x-576-2-m2-a2.bf16	/tmp/riley-opt-260912/multisequence-projection-candidates-v1/fixtures/w-18-o.bf16
1345	18	2	2	2	576	576	2	1	/tmp/riley-opt-260912/multisequence-projection-candidates-v1/fixtures/x-576-2-m2-a2.bf16	/tmp/riley-opt-260912/multisequence-projection-candidates-v1/fixtures/w-18-o.bf16
1346	18	2	4	4	576	576	2	0	/tmp/riley-opt-260912/multisequence-projection-candidates-v1/fixtures/x-576-2-m4-a4.bf16	/tmp/riley-opt-260912/multisequence-projection-candidates-v1/fixtures/w-18-o.bf16
1347	18	2	4	4	576	576	2	1	/tmp/riley-opt-260912/multisequence-projection-candidates-v1/fixtures/x-576-2-m4-a4.bf16	/tmp/riley-opt-260912/multisequence-projection-candidates-v1/fixtures/w-18-o.bf16
1348	18	2	4	3	576	576	2	0	/tmp/riley-opt-260912/multisequence-projection-candidates-v1/fixtures/x-576-2-m4-a3.bf16	/tmp/riley-opt-260912/multisequence-projection-candidates-v1/fixtures/w-18-o.bf16
1349	18	2	4	3	576	576	2	1	/tmp/riley-opt-260912/multisequence-projection-candidates-v1/fixtures/x-576-2-m4-a3.bf16	/tmp/riley-opt-260912/multisequence-projection-candidates-v1/fixtures/w-18-o.bf16
1350	18	3	2	2	576	1536	0	0	/tmp/riley-opt-260912/multisequence-projection-candidates-v1/fixtures/x-1536-0-m2-a2.bf16	/tmp/riley-opt-260912/multisequence-projection-candidates-v1/fixtures/w-18-down.bf16
1351	18	3	2	2	576	1536	0	1	/tmp/riley-opt-260912/multisequence-projection-candidates-v1/fixtures/x-1536-0-m2-a2.bf16	/tmp/riley-opt-260912/multisequence-projection-candidates-v1/fixtures/w-18-down.bf16
1352	18	3	4	4	576	1536	0	0	/tmp/riley-opt-260912/multisequence-projection-candidates-v1/fixtures/x-1536-0-m4-a4.bf16	/tmp/riley-opt-260912/multisequence-projection-candidates-v1/fixtures/w-18-down.bf16
1353	18	3	4	4	576	1536	0	1	/tmp/riley-opt-260912/multisequence-projection-candidates-v1/fixtures/x-1536-0-m4-a4.bf16	/tmp/riley-opt-260912/multisequence-projection-candidates-v1/fixtures/w-18-down.bf16
1354	18	3	4	3	576	1536	0	0	/tmp/riley-opt-260912/multisequence-projection-candidates-v1/fixtures/x-1536-0-m4-a3.bf16	/tmp/riley-opt-260912/multisequence-projection-candidates-v1/fixtures/w-18-down.bf16
1355	18	3	4	3	576	1536	0	1	/tmp/riley-opt-260912/multisequence-projection-candidates-v1/fixtures/x-1536-0-m4-a3.bf16	/tmp/riley-opt-260912/multisequence-projection-candidates-v1/fixtures/w-18-down.bf16
1356	18	3	2	2	576	1536	1	0	/tmp/riley-opt-260912/multisequence-projection-candidates-v1/fixtures/x-1536-1-m2-a2.bf16	/tmp/riley-opt-260912/multisequence-projection-candidates-v1/fixtures/w-18-down.bf16
1357	18	3	2	2	576	1536	1	1	/tmp/riley-opt-260912/multisequence-projection-candidates-v1/fixtures/x-1536-1-m2-a2.bf16	/tmp/riley-opt-260912/multisequence-projection-candidates-v1/fixtures/w-18-down.bf16
1358	18	3	4	4	576	1536	1	0	/tmp/riley-opt-260912/multisequence-projection-candidates-v1/fixtures/x-1536-1-m4-a4.bf16	/tmp/riley-opt-260912/multisequence-projection-candidates-v1/fixtures/w-18-down.bf16
1359	18	3	4	4	576	1536	1	1	/tmp/riley-opt-260912/multisequence-projection-candidates-v1/fixtures/x-1536-1-m4-a4.bf16	/tmp/riley-opt-260912/multisequence-projection-candidates-v1/fixtures/w-18-down.bf16
1360	18	3	4	3	576	1536	1	0	/tmp/riley-opt-260912/multisequence-projection-candidates-v1/fixtures/x-1536-1-m4-a3.bf16	/tmp/riley-opt-260912/multisequence-projection-candidates-v1/fixtures/w-18-down.bf16
1361	18	3	4	3	576	1536	1	1	/tmp/riley-opt-260912/multisequence-projection-candidates-v1/fixtures/x-1536-1-m4-a3.bf16	/tmp/riley-opt-260912/multisequence-projection-candidates-v1/fixtures/w-18-down.bf16
1362	18	3	2	2	576	1536	2	0	/tmp/riley-opt-260912/multisequence-projection-candidates-v1/fixtures/x-1536-2-m2-a2.bf16	/tmp/riley-opt-260912/multisequence-projection-candidates-v1/fixtures/w-18-down.bf16
1363	18	3	2	2	576	1536	2	1	/tmp/riley-opt-260912/multisequence-projection-candidates-v1/fixtures/x-1536-2-m2-a2.bf16	/tmp/riley-opt-260912/multisequence-projection-candidates-v1/fixtures/w-18-down.bf16
1364	18	3	4	4	576	1536	2	0	/tmp/riley-opt-260912/multisequence-projection-candidates-v1/fixtures/x-1536-2-m4-a4.bf16	/tmp/riley-opt-260912/multisequence-projection-candidates-v1/fixtures/w-18-down.bf16
1365	18	3	4	4	576	1536	2	1	/tmp/riley-opt-260912/multisequence-projection-candidates-v1/fixtures/x-1536-2-m4-a4.bf16	/tmp/riley-opt-260912/multisequence-projection-candidates-v1/fixtures/w-18-down.bf16
1366	18	3	4	3	576	1536	2	0	/tmp/riley-opt-260912/multisequence-projection-candidates-v1/fixtures/x-1536-2-m4-a3.bf16	/tmp/riley-opt-260912/multisequence-projection-candidates-v1/fixtures/w-18-down.bf16
1367	18	3	4	3	576	1536	2	1	/tmp/riley-opt-260912/multisequence-projection-candidates-v1/fixtures/x-1536-2-m4-a3.bf16	/tmp/riley-opt-260912/multisequence-projection-candidates-v1/fixtures/w-18-down.bf16
1368	19	0	2	2	960	576	0	0	/tmp/riley-opt-260912/multisequence-projection-candidates-v1/fixtures/x-576-0-m2-a2.bf16	/tmp/riley-opt-260912/multisequence-projection-candidates-v1/fixtures/w-19-qkv.bf16
1369	19	0	2	2	960	576	0	1	/tmp/riley-opt-260912/multisequence-projection-candidates-v1/fixtures/x-576-0-m2-a2.bf16	/tmp/riley-opt-260912/multisequence-projection-candidates-v1/fixtures/w-19-qkv.bf16
1370	19	0	4	4	960	576	0	0	/tmp/riley-opt-260912/multisequence-projection-candidates-v1/fixtures/x-576-0-m4-a4.bf16	/tmp/riley-opt-260912/multisequence-projection-candidates-v1/fixtures/w-19-qkv.bf16
1371	19	0	4	4	960	576	0	1	/tmp/riley-opt-260912/multisequence-projection-candidates-v1/fixtures/x-576-0-m4-a4.bf16	/tmp/riley-opt-260912/multisequence-projection-candidates-v1/fixtures/w-19-qkv.bf16
1372	19	0	4	3	960	576	0	0	/tmp/riley-opt-260912/multisequence-projection-candidates-v1/fixtures/x-576-0-m4-a3.bf16	/tmp/riley-opt-260912/multisequence-projection-candidates-v1/fixtures/w-19-qkv.bf16
1373	19	0	4	3	960	576	0	1	/tmp/riley-opt-260912/multisequence-projection-candidates-v1/fixtures/x-576-0-m4-a3.bf16	/tmp/riley-opt-260912/multisequence-projection-candidates-v1/fixtures/w-19-qkv.bf16
1374	19	0	2	2	960	576	1	0	/tmp/riley-opt-260912/multisequence-projection-candidates-v1/fixtures/x-576-1-m2-a2.bf16	/tmp/riley-opt-260912/multisequence-projection-candidates-v1/fixtures/w-19-qkv.bf16
1375	19	0	2	2	960	576	1	1	/tmp/riley-opt-260912/multisequence-projection-candidates-v1/fixtures/x-576-1-m2-a2.bf16	/tmp/riley-opt-260912/multisequence-projection-candidates-v1/fixtures/w-19-qkv.bf16
1376	19	0	4	4	960	576	1	0	/tmp/riley-opt-260912/multisequence-projection-candidates-v1/fixtures/x-576-1-m4-a4.bf16	/tmp/riley-opt-260912/multisequence-projection-candidates-v1/fixtures/w-19-qkv.bf16
1377	19	0	4	4	960	576	1	1	/tmp/riley-opt-260912/multisequence-projection-candidates-v1/fixtures/x-576-1-m4-a4.bf16	/tmp/riley-opt-260912/multisequence-projection-candidates-v1/fixtures/w-19-qkv.bf16
1378	19	0	4	3	960	576	1	0	/tmp/riley-opt-260912/multisequence-projection-candidates-v1/fixtures/x-576-1-m4-a3.bf16	/tmp/riley-opt-260912/multisequence-projection-candidates-v1/fixtures/w-19-qkv.bf16
1379	19	0	4	3	960	576	1	1	/tmp/riley-opt-260912/multisequence-projection-candidates-v1/fixtures/x-576-1-m4-a3.bf16	/tmp/riley-opt-260912/multisequence-projection-candidates-v1/fixtures/w-19-qkv.bf16
1380	19	0	2	2	960	576	2	0	/tmp/riley-opt-260912/multisequence-projection-candidates-v1/fixtures/x-576-2-m2-a2.bf16	/tmp/riley-opt-260912/multisequence-projection-candidates-v1/fixtures/w-19-qkv.bf16
1381	19	0	2	2	960	576	2	1	/tmp/riley-opt-260912/multisequence-projection-candidates-v1/fixtures/x-576-2-m2-a2.bf16	/tmp/riley-opt-260912/multisequence-projection-candidates-v1/fixtures/w-19-qkv.bf16
1382	19	0	4	4	960	576	2	0	/tmp/riley-opt-260912/multisequence-projection-candidates-v1/fixtures/x-576-2-m4-a4.bf16	/tmp/riley-opt-260912/multisequence-projection-candidates-v1/fixtures/w-19-qkv.bf16
1383	19	0	4	4	960	576	2	1	/tmp/riley-opt-260912/multisequence-projection-candidates-v1/fixtures/x-576-2-m4-a4.bf16	/tmp/riley-opt-260912/multisequence-projection-candidates-v1/fixtures/w-19-qkv.bf16
1384	19	0	4	3	960	576	2	0	/tmp/riley-opt-260912/multisequence-projection-candidates-v1/fixtures/x-576-2-m4-a3.bf16	/tmp/riley-opt-260912/multisequence-projection-candidates-v1/fixtures/w-19-qkv.bf16
1385	19	0	4	3	960	576	2	1	/tmp/riley-opt-260912/multisequence-projection-candidates-v1/fixtures/x-576-2-m4-a3.bf16	/tmp/riley-opt-260912/multisequence-projection-candidates-v1/fixtures/w-19-qkv.bf16
1386	19	1	2	2	3072	576	0	0	/tmp/riley-opt-260912/multisequence-projection-candidates-v1/fixtures/x-576-0-m2-a2.bf16	/tmp/riley-opt-260912/multisequence-projection-candidates-v1/fixtures/w-19-gate_up.bf16
1387	19	1	2	2	3072	576	0	1	/tmp/riley-opt-260912/multisequence-projection-candidates-v1/fixtures/x-576-0-m2-a2.bf16	/tmp/riley-opt-260912/multisequence-projection-candidates-v1/fixtures/w-19-gate_up.bf16
1388	19	1	4	4	3072	576	0	0	/tmp/riley-opt-260912/multisequence-projection-candidates-v1/fixtures/x-576-0-m4-a4.bf16	/tmp/riley-opt-260912/multisequence-projection-candidates-v1/fixtures/w-19-gate_up.bf16
1389	19	1	4	4	3072	576	0	1	/tmp/riley-opt-260912/multisequence-projection-candidates-v1/fixtures/x-576-0-m4-a4.bf16	/tmp/riley-opt-260912/multisequence-projection-candidates-v1/fixtures/w-19-gate_up.bf16
1390	19	1	4	3	3072	576	0	0	/tmp/riley-opt-260912/multisequence-projection-candidates-v1/fixtures/x-576-0-m4-a3.bf16	/tmp/riley-opt-260912/multisequence-projection-candidates-v1/fixtures/w-19-gate_up.bf16
1391	19	1	4	3	3072	576	0	1	/tmp/riley-opt-260912/multisequence-projection-candidates-v1/fixtures/x-576-0-m4-a3.bf16	/tmp/riley-opt-260912/multisequence-projection-candidates-v1/fixtures/w-19-gate_up.bf16
1392	19	1	2	2	3072	576	1	0	/tmp/riley-opt-260912/multisequence-projection-candidates-v1/fixtures/x-576-1-m2-a2.bf16	/tmp/riley-opt-260912/multisequence-projection-candidates-v1/fixtures/w-19-gate_up.bf16
1393	19	1	2	2	3072	576	1	1	/tmp/riley-opt-260912/multisequence-projection-candidates-v1/fixtures/x-576-1-m2-a2.bf16	/tmp/riley-opt-260912/multisequence-projection-candidates-v1/fixtures/w-19-gate_up.bf16
1394	19	1	4	4	3072	576	1	0	/tmp/riley-opt-260912/multisequence-projection-candidates-v1/fixtures/x-576-1-m4-a4.bf16	/tmp/riley-opt-260912/multisequence-projection-candidates-v1/fixtures/w-19-gate_up.bf16
1395	19	1	4	4	3072	576	1	1	/tmp/riley-opt-260912/multisequence-projection-candidates-v1/fixtures/x-576-1-m4-a4.bf16	/tmp/riley-opt-260912/multisequence-projection-candidates-v1/fixtures/w-19-gate_up.bf16
1396	19	1	4	3	3072	576	1	0	/tmp/riley-opt-260912/multisequence-projection-candidates-v1/fixtures/x-576-1-m4-a3.bf16	/tmp/riley-opt-260912/multisequence-projection-candidates-v1/fixtures/w-19-gate_up.bf16
1397	19	1	4	3	3072	576	1	1	/tmp/riley-opt-260912/multisequence-projection-candidates-v1/fixtures/x-576-1-m4-a3.bf16	/tmp/riley-opt-260912/multisequence-projection-candidates-v1/fixtures/w-19-gate_up.bf16
1398	19	1	2	2	3072	576	2	0	/tmp/riley-opt-260912/multisequence-projection-candidates-v1/fixtures/x-576-2-m2-a2.bf16	/tmp/riley-opt-260912/multisequence-projection-candidates-v1/fixtures/w-19-gate_up.bf16
1399	19	1	2	2	3072	576	2	1	/tmp/riley-opt-260912/multisequence-projection-candidates-v1/fixtures/x-576-2-m2-a2.bf16	/tmp/riley-opt-260912/multisequence-projection-candidates-v1/fixtures/w-19-gate_up.bf16
1400	19	1	4	4	3072	576	2	0	/tmp/riley-opt-260912/multisequence-projection-candidates-v1/fixtures/x-576-2-m4-a4.bf16	/tmp/riley-opt-260912/multisequence-projection-candidates-v1/fixtures/w-19-gate_up.bf16
1401	19	1	4	4	3072	576	2	1	/tmp/riley-opt-260912/multisequence-projection-candidates-v1/fixtures/x-576-2-m4-a4.bf16	/tmp/riley-opt-260912/multisequence-projection-candidates-v1/fixtures/w-19-gate_up.bf16
1402	19	1	4	3	3072	576	2	0	/tmp/riley-opt-260912/multisequence-projection-candidates-v1/fixtures/x-576-2-m4-a3.bf16	/tmp/riley-opt-260912/multisequence-projection-candidates-v1/fixtures/w-19-gate_up.bf16
1403	19	1	4	3	3072	576	2	1	/tmp/riley-opt-260912/multisequence-projection-candidates-v1/fixtures/x-576-2-m4-a3.bf16	/tmp/riley-opt-260912/multisequence-projection-candidates-v1/fixtures/w-19-gate_up.bf16
1404	19	2	2	2	576	576	0	0	/tmp/riley-opt-260912/multisequence-projection-candidates-v1/fixtures/x-576-0-m2-a2.bf16	/tmp/riley-opt-260912/multisequence-projection-candidates-v1/fixtures/w-19-o.bf16
1405	19	2	2	2	576	576	0	1	/tmp/riley-opt-260912/multisequence-projection-candidates-v1/fixtures/x-576-0-m2-a2.bf16	/tmp/riley-opt-260912/multisequence-projection-candidates-v1/fixtures/w-19-o.bf16
1406	19	2	4	4	576	576	0	0	/tmp/riley-opt-260912/multisequence-projection-candidates-v1/fixtures/x-576-0-m4-a4.bf16	/tmp/riley-opt-260912/multisequence-projection-candidates-v1/fixtures/w-19-o.bf16
1407	19	2	4	4	576	576	0	1	/tmp/riley-opt-260912/multisequence-projection-candidates-v1/fixtures/x-576-0-m4-a4.bf16	/tmp/riley-opt-260912/multisequence-projection-candidates-v1/fixtures/w-19-o.bf16
1408	19	2	4	3	576	576	0	0	/tmp/riley-opt-260912/multisequence-projection-candidates-v1/fixtures/x-576-0-m4-a3.bf16	/tmp/riley-opt-260912/multisequence-projection-candidates-v1/fixtures/w-19-o.bf16
1409	19	2	4	3	576	576	0	1	/tmp/riley-opt-260912/multisequence-projection-candidates-v1/fixtures/x-576-0-m4-a3.bf16	/tmp/riley-opt-260912/multisequence-projection-candidates-v1/fixtures/w-19-o.bf16
1410	19	2	2	2	576	576	1	0	/tmp/riley-opt-260912/multisequence-projection-candidates-v1/fixtures/x-576-1-m2-a2.bf16	/tmp/riley-opt-260912/multisequence-projection-candidates-v1/fixtures/w-19-o.bf16
1411	19	2	2	2	576	576	1	1	/tmp/riley-opt-260912/multisequence-projection-candidates-v1/fixtures/x-576-1-m2-a2.bf16	/tmp/riley-opt-260912/multisequence-projection-candidates-v1/fixtures/w-19-o.bf16
1412	19	2	4	4	576	576	1	0	/tmp/riley-opt-260912/multisequence-projection-candidates-v1/fixtures/x-576-1-m4-a4.bf16	/tmp/riley-opt-260912/multisequence-projection-candidates-v1/fixtures/w-19-o.bf16
1413	19	2	4	4	576	576	1	1	/tmp/riley-opt-260912/multisequence-projection-candidates-v1/fixtures/x-576-1-m4-a4.bf16	/tmp/riley-opt-260912/multisequence-projection-candidates-v1/fixtures/w-19-o.bf16
1414	19	2	4	3	576	576	1	0	/tmp/riley-opt-260912/multisequence-projection-candidates-v1/fixtures/x-576-1-m4-a3.bf16	/tmp/riley-opt-260912/multisequence-projection-candidates-v1/fixtures/w-19-o.bf16
1415	19	2	4	3	576	576	1	1	/tmp/riley-opt-260912/multisequence-projection-candidates-v1/fixtures/x-576-1-m4-a3.bf16	/tmp/riley-opt-260912/multisequence-projection-candidates-v1/fixtures/w-19-o.bf16
1416	19	2	2	2	576	576	2	0	/tmp/riley-opt-260912/multisequence-projection-candidates-v1/fixtures/x-576-2-m2-a2.bf16	/tmp/riley-opt-260912/multisequence-projection-candidates-v1/fixtures/w-19-o.bf16
1417	19	2	2	2	576	576	2	1	/tmp/riley-opt-260912/multisequence-projection-candidates-v1/fixtures/x-576-2-m2-a2.bf16	/tmp/riley-opt-260912/multisequence-projection-candidates-v1/fixtures/w-19-o.bf16
1418	19	2	4	4	576	576	2	0	/tmp/riley-opt-260912/multisequence-projection-candidates-v1/fixtures/x-576-2-m4-a4.bf16	/tmp/riley-opt-260912/multisequence-projection-candidates-v1/fixtures/w-19-o.bf16
1419	19	2	4	4	576	576	2	1	/tmp/riley-opt-260912/multisequence-projection-candidates-v1/fixtures/x-576-2-m4-a4.bf16	/tmp/riley-opt-260912/multisequence-projection-candidates-v1/fixtures/w-19-o.bf16
1420	19	2	4	3	576	576	2	0	/tmp/riley-opt-260912/multisequence-projection-candidates-v1/fixtures/x-576-2-m4-a3.bf16	/tmp/riley-opt-260912/multisequence-projection-candidates-v1/fixtures/w-19-o.bf16
1421	19	2	4	3	576	576	2	1	/tmp/riley-opt-260912/multisequence-projection-candidates-v1/fixtures/x-576-2-m4-a3.bf16	/tmp/riley-opt-260912/multisequence-projection-candidates-v1/fixtures/w-19-o.bf16
1422	19	3	2	2	576	1536	0	0	/tmp/riley-opt-260912/multisequence-projection-candidates-v1/fixtures/x-1536-0-m2-a2.bf16	/tmp/riley-opt-260912/multisequence-projection-candidates-v1/fixtures/w-19-down.bf16
1423	19	3	2	2	576	1536	0	1	/tmp/riley-opt-260912/multisequence-projection-candidates-v1/fixtures/x-1536-0-m2-a2.bf16	/tmp/riley-opt-260912/multisequence-projection-candidates-v1/fixtures/w-19-down.bf16
1424	19	3	4	4	576	1536	0	0	/tmp/riley-opt-260912/multisequence-projection-candidates-v1/fixtures/x-1536-0-m4-a4.bf16	/tmp/riley-opt-260912/multisequence-projection-candidates-v1/fixtures/w-19-down.bf16
1425	19	3	4	4	576	1536	0	1	/tmp/riley-opt-260912/multisequence-projection-candidates-v1/fixtures/x-1536-0-m4-a4.bf16	/tmp/riley-opt-260912/multisequence-projection-candidates-v1/fixtures/w-19-down.bf16
1426	19	3	4	3	576	1536	0	0	/tmp/riley-opt-260912/multisequence-projection-candidates-v1/fixtures/x-1536-0-m4-a3.bf16	/tmp/riley-opt-260912/multisequence-projection-candidates-v1/fixtures/w-19-down.bf16
1427	19	3	4	3	576	1536	0	1	/tmp/riley-opt-260912/multisequence-projection-candidates-v1/fixtures/x-1536-0-m4-a3.bf16	/tmp/riley-opt-260912/multisequence-projection-candidates-v1/fixtures/w-19-down.bf16
1428	19	3	2	2	576	1536	1	0	/tmp/riley-opt-260912/multisequence-projection-candidates-v1/fixtures/x-1536-1-m2-a2.bf16	/tmp/riley-opt-260912/multisequence-projection-candidates-v1/fixtures/w-19-down.bf16
1429	19	3	2	2	576	1536	1	1	/tmp/riley-opt-260912/multisequence-projection-candidates-v1/fixtures/x-1536-1-m2-a2.bf16	/tmp/riley-opt-260912/multisequence-projection-candidates-v1/fixtures/w-19-down.bf16
1430	19	3	4	4	576	1536	1	0	/tmp/riley-opt-260912/multisequence-projection-candidates-v1/fixtures/x-1536-1-m4-a4.bf16	/tmp/riley-opt-260912/multisequence-projection-candidates-v1/fixtures/w-19-down.bf16
1431	19	3	4	4	576	1536	1	1	/tmp/riley-opt-260912/multisequence-projection-candidates-v1/fixtures/x-1536-1-m4-a4.bf16	/tmp/riley-opt-260912/multisequence-projection-candidates-v1/fixtures/w-19-down.bf16
1432	19	3	4	3	576	1536	1	0	/tmp/riley-opt-260912/multisequence-projection-candidates-v1/fixtures/x-1536-1-m4-a3.bf16	/tmp/riley-opt-260912/multisequence-projection-candidates-v1/fixtures/w-19-down.bf16
1433	19	3	4	3	576	1536	1	1	/tmp/riley-opt-260912/multisequence-projection-candidates-v1/fixtures/x-1536-1-m4-a3.bf16	/tmp/riley-opt-260912/multisequence-projection-candidates-v1/fixtures/w-19-down.bf16
1434	19	3	2	2	576	1536	2	0	/tmp/riley-opt-260912/multisequence-projection-candidates-v1/fixtures/x-1536-2-m2-a2.bf16	/tmp/riley-opt-260912/multisequence-projection-candidates-v1/fixtures/w-19-down.bf16
1435	19	3	2	2	576	1536	2	1	/tmp/riley-opt-260912/multisequence-projection-candidates-v1/fixtures/x-1536-2-m2-a2.bf16	/tmp/riley-opt-260912/multisequence-projection-candidates-v1/fixtures/w-19-down.bf16
1436	19	3	4	4	576	1536	2	0	/tmp/riley-opt-260912/multisequence-projection-candidates-v1/fixtures/x-1536-2-m4-a4.bf16	/tmp/riley-opt-260912/multisequence-projection-candidates-v1/fixtures/w-19-down.bf16
1437	19	3	4	4	576	1536	2	1	/tmp/riley-opt-260912/multisequence-projection-candidates-v1/fixtures/x-1536-2-m4-a4.bf16	/tmp/riley-opt-260912/multisequence-projection-candidates-v1/fixtures/w-19-down.bf16
1438	19	3	4	3	576	1536	2	0	/tmp/riley-opt-260912/multisequence-projection-candidates-v1/fixtures/x-1536-2-m4-a3.bf16	/tmp/riley-opt-260912/multisequence-projection-candidates-v1/fixtures/w-19-down.bf16
1439	19	3	4	3	576	1536	2	1	/tmp/riley-opt-260912/multisequence-projection-candidates-v1/fixtures/x-1536-2-m4-a3.bf16	/tmp/riley-opt-260912/multisequence-projection-candidates-v1/fixtures/w-19-down.bf16
1440	20	0	2	2	960	576	0	0	/tmp/riley-opt-260912/multisequence-projection-candidates-v1/fixtures/x-576-0-m2-a2.bf16	/tmp/riley-opt-260912/multisequence-projection-candidates-v1/fixtures/w-20-qkv.bf16
1441	20	0	2	2	960	576	0	1	/tmp/riley-opt-260912/multisequence-projection-candidates-v1/fixtures/x-576-0-m2-a2.bf16	/tmp/riley-opt-260912/multisequence-projection-candidates-v1/fixtures/w-20-qkv.bf16
1442	20	0	4	4	960	576	0	0	/tmp/riley-opt-260912/multisequence-projection-candidates-v1/fixtures/x-576-0-m4-a4.bf16	/tmp/riley-opt-260912/multisequence-projection-candidates-v1/fixtures/w-20-qkv.bf16
1443	20	0	4	4	960	576	0	1	/tmp/riley-opt-260912/multisequence-projection-candidates-v1/fixtures/x-576-0-m4-a4.bf16	/tmp/riley-opt-260912/multisequence-projection-candidates-v1/fixtures/w-20-qkv.bf16
1444	20	0	4	3	960	576	0	0	/tmp/riley-opt-260912/multisequence-projection-candidates-v1/fixtures/x-576-0-m4-a3.bf16	/tmp/riley-opt-260912/multisequence-projection-candidates-v1/fixtures/w-20-qkv.bf16
1445	20	0	4	3	960	576	0	1	/tmp/riley-opt-260912/multisequence-projection-candidates-v1/fixtures/x-576-0-m4-a3.bf16	/tmp/riley-opt-260912/multisequence-projection-candidates-v1/fixtures/w-20-qkv.bf16
1446	20	0	2	2	960	576	1	0	/tmp/riley-opt-260912/multisequence-projection-candidates-v1/fixtures/x-576-1-m2-a2.bf16	/tmp/riley-opt-260912/multisequence-projection-candidates-v1/fixtures/w-20-qkv.bf16
1447	20	0	2	2	960	576	1	1	/tmp/riley-opt-260912/multisequence-projection-candidates-v1/fixtures/x-576-1-m2-a2.bf16	/tmp/riley-opt-260912/multisequence-projection-candidates-v1/fixtures/w-20-qkv.bf16
1448	20	0	4	4	960	576	1	0	/tmp/riley-opt-260912/multisequence-projection-candidates-v1/fixtures/x-576-1-m4-a4.bf16	/tmp/riley-opt-260912/multisequence-projection-candidates-v1/fixtures/w-20-qkv.bf16
1449	20	0	4	4	960	576	1	1	/tmp/riley-opt-260912/multisequence-projection-candidates-v1/fixtures/x-576-1-m4-a4.bf16	/tmp/riley-opt-260912/multisequence-projection-candidates-v1/fixtures/w-20-qkv.bf16
1450	20	0	4	3	960	576	1	0	/tmp/riley-opt-260912/multisequence-projection-candidates-v1/fixtures/x-576-1-m4-a3.bf16	/tmp/riley-opt-260912/multisequence-projection-candidates-v1/fixtures/w-20-qkv.bf16
1451	20	0	4	3	960	576	1	1	/tmp/riley-opt-260912/multisequence-projection-candidates-v1/fixtures/x-576-1-m4-a3.bf16	/tmp/riley-opt-260912/multisequence-projection-candidates-v1/fixtures/w-20-qkv.bf16
1452	20	0	2	2	960	576	2	0	/tmp/riley-opt-260912/multisequence-projection-candidates-v1/fixtures/x-576-2-m2-a2.bf16	/tmp/riley-opt-260912/multisequence-projection-candidates-v1/fixtures/w-20-qkv.bf16
1453	20	0	2	2	960	576	2	1	/tmp/riley-opt-260912/multisequence-projection-candidates-v1/fixtures/x-576-2-m2-a2.bf16	/tmp/riley-opt-260912/multisequence-projection-candidates-v1/fixtures/w-20-qkv.bf16
1454	20	0	4	4	960	576	2	0	/tmp/riley-opt-260912/multisequence-projection-candidates-v1/fixtures/x-576-2-m4-a4.bf16	/tmp/riley-opt-260912/multisequence-projection-candidates-v1/fixtures/w-20-qkv.bf16
1455	20	0	4	4	960	576	2	1	/tmp/riley-opt-260912/multisequence-projection-candidates-v1/fixtures/x-576-2-m4-a4.bf16	/tmp/riley-opt-260912/multisequence-projection-candidates-v1/fixtures/w-20-qkv.bf16
1456	20	0	4	3	960	576	2	0	/tmp/riley-opt-260912/multisequence-projection-candidates-v1/fixtures/x-576-2-m4-a3.bf16	/tmp/riley-opt-260912/multisequence-projection-candidates-v1/fixtures/w-20-qkv.bf16
1457	20	0	4	3	960	576	2	1	/tmp/riley-opt-260912/multisequence-projection-candidates-v1/fixtures/x-576-2-m4-a3.bf16	/tmp/riley-opt-260912/multisequence-projection-candidates-v1/fixtures/w-20-qkv.bf16
1458	20	1	2	2	3072	576	0	0	/tmp/riley-opt-260912/multisequence-projection-candidates-v1/fixtures/x-576-0-m2-a2.bf16	/tmp/riley-opt-260912/multisequence-projection-candidates-v1/fixtures/w-20-gate_up.bf16
1459	20	1	2	2	3072	576	0	1	/tmp/riley-opt-260912/multisequence-projection-candidates-v1/fixtures/x-576-0-m2-a2.bf16	/tmp/riley-opt-260912/multisequence-projection-candidates-v1/fixtures/w-20-gate_up.bf16
1460	20	1	4	4	3072	576	0	0	/tmp/riley-opt-260912/multisequence-projection-candidates-v1/fixtures/x-576-0-m4-a4.bf16	/tmp/riley-opt-260912/multisequence-projection-candidates-v1/fixtures/w-20-gate_up.bf16
1461	20	1	4	4	3072	576	0	1	/tmp/riley-opt-260912/multisequence-projection-candidates-v1/fixtures/x-576-0-m4-a4.bf16	/tmp/riley-opt-260912/multisequence-projection-candidates-v1/fixtures/w-20-gate_up.bf16
1462	20	1	4	3	3072	576	0	0	/tmp/riley-opt-260912/multisequence-projection-candidates-v1/fixtures/x-576-0-m4-a3.bf16	/tmp/riley-opt-260912/multisequence-projection-candidates-v1/fixtures/w-20-gate_up.bf16
1463	20	1	4	3	3072	576	0	1	/tmp/riley-opt-260912/multisequence-projection-candidates-v1/fixtures/x-576-0-m4-a3.bf16	/tmp/riley-opt-260912/multisequence-projection-candidates-v1/fixtures/w-20-gate_up.bf16
1464	20	1	2	2	3072	576	1	0	/tmp/riley-opt-260912/multisequence-projection-candidates-v1/fixtures/x-576-1-m2-a2.bf16	/tmp/riley-opt-260912/multisequence-projection-candidates-v1/fixtures/w-20-gate_up.bf16
1465	20	1	2	2	3072	576	1	1	/tmp/riley-opt-260912/multisequence-projection-candidates-v1/fixtures/x-576-1-m2-a2.bf16	/tmp/riley-opt-260912/multisequence-projection-candidates-v1/fixtures/w-20-gate_up.bf16
1466	20	1	4	4	3072	576	1	0	/tmp/riley-opt-260912/multisequence-projection-candidates-v1/fixtures/x-576-1-m4-a4.bf16	/tmp/riley-opt-260912/multisequence-projection-candidates-v1/fixtures/w-20-gate_up.bf16
1467	20	1	4	4	3072	576	1	1	/tmp/riley-opt-260912/multisequence-projection-candidates-v1/fixtures/x-576-1-m4-a4.bf16	/tmp/riley-opt-260912/multisequence-projection-candidates-v1/fixtures/w-20-gate_up.bf16
1468	20	1	4	3	3072	576	1	0	/tmp/riley-opt-260912/multisequence-projection-candidates-v1/fixtures/x-576-1-m4-a3.bf16	/tmp/riley-opt-260912/multisequence-projection-candidates-v1/fixtures/w-20-gate_up.bf16
1469	20	1	4	3	3072	576	1	1	/tmp/riley-opt-260912/multisequence-projection-candidates-v1/fixtures/x-576-1-m4-a3.bf16	/tmp/riley-opt-260912/multisequence-projection-candidates-v1/fixtures/w-20-gate_up.bf16
1470	20	1	2	2	3072	576	2	0	/tmp/riley-opt-260912/multisequence-projection-candidates-v1/fixtures/x-576-2-m2-a2.bf16	/tmp/riley-opt-260912/multisequence-projection-candidates-v1/fixtures/w-20-gate_up.bf16
1471	20	1	2	2	3072	576	2	1	/tmp/riley-opt-260912/multisequence-projection-candidates-v1/fixtures/x-576-2-m2-a2.bf16	/tmp/riley-opt-260912/multisequence-projection-candidates-v1/fixtures/w-20-gate_up.bf16
1472	20	1	4	4	3072	576	2	0	/tmp/riley-opt-260912/multisequence-projection-candidates-v1/fixtures/x-576-2-m4-a4.bf16	/tmp/riley-opt-260912/multisequence-projection-candidates-v1/fixtures/w-20-gate_up.bf16
1473	20	1	4	4	3072	576	2	1	/tmp/riley-opt-260912/multisequence-projection-candidates-v1/fixtures/x-576-2-m4-a4.bf16	/tmp/riley-opt-260912/multisequence-projection-candidates-v1/fixtures/w-20-gate_up.bf16
1474	20	1	4	3	3072	576	2	0	/tmp/riley-opt-260912/multisequence-projection-candidates-v1/fixtures/x-576-2-m4-a3.bf16	/tmp/riley-opt-260912/multisequence-projection-candidates-v1/fixtures/w-20-gate_up.bf16
1475	20	1	4	3	3072	576	2	1	/tmp/riley-opt-260912/multisequence-projection-candidates-v1/fixtures/x-576-2-m4-a3.bf16	/tmp/riley-opt-260912/multisequence-projection-candidates-v1/fixtures/w-20-gate_up.bf16
1476	20	2	2	2	576	576	0	0	/tmp/riley-opt-260912/multisequence-projection-candidates-v1/fixtures/x-576-0-m2-a2.bf16	/tmp/riley-opt-260912/multisequence-projection-candidates-v1/fixtures/w-20-o.bf16
1477	20	2	2	2	576	576	0	1	/tmp/riley-opt-260912/multisequence-projection-candidates-v1/fixtures/x-576-0-m2-a2.bf16	/tmp/riley-opt-260912/multisequence-projection-candidates-v1/fixtures/w-20-o.bf16
1478	20	2	4	4	576	576	0	0	/tmp/riley-opt-260912/multisequence-projection-candidates-v1/fixtures/x-576-0-m4-a4.bf16	/tmp/riley-opt-260912/multisequence-projection-candidates-v1/fixtures/w-20-o.bf16
1479	20	2	4	4	576	576	0	1	/tmp/riley-opt-260912/multisequence-projection-candidates-v1/fixtures/x-576-0-m4-a4.bf16	/tmp/riley-opt-260912/multisequence-projection-candidates-v1/fixtures/w-20-o.bf16
1480	20	2	4	3	576	576	0	0	/tmp/riley-opt-260912/multisequence-projection-candidates-v1/fixtures/x-576-0-m4-a3.bf16	/tmp/riley-opt-260912/multisequence-projection-candidates-v1/fixtures/w-20-o.bf16
1481	20	2	4	3	576	576	0	1	/tmp/riley-opt-260912/multisequence-projection-candidates-v1/fixtures/x-576-0-m4-a3.bf16	/tmp/riley-opt-260912/multisequence-projection-candidates-v1/fixtures/w-20-o.bf16
1482	20	2	2	2	576	576	1	0	/tmp/riley-opt-260912/multisequence-projection-candidates-v1/fixtures/x-576-1-m2-a2.bf16	/tmp/riley-opt-260912/multisequence-projection-candidates-v1/fixtures/w-20-o.bf16
1483	20	2	2	2	576	576	1	1	/tmp/riley-opt-260912/multisequence-projection-candidates-v1/fixtures/x-576-1-m2-a2.bf16	/tmp/riley-opt-260912/multisequence-projection-candidates-v1/fixtures/w-20-o.bf16
1484	20	2	4	4	576	576	1	0	/tmp/riley-opt-260912/multisequence-projection-candidates-v1/fixtures/x-576-1-m4-a4.bf16	/tmp/riley-opt-260912/multisequence-projection-candidates-v1/fixtures/w-20-o.bf16
1485	20	2	4	4	576	576	1	1	/tmp/riley-opt-260912/multisequence-projection-candidates-v1/fixtures/x-576-1-m4-a4.bf16	/tmp/riley-opt-260912/multisequence-projection-candidates-v1/fixtures/w-20-o.bf16
1486	20	2	4	3	576	576	1	0	/tmp/riley-opt-260912/multisequence-projection-candidates-v1/fixtures/x-576-1-m4-a3.bf16	/tmp/riley-opt-260912/multisequence-projection-candidates-v1/fixtures/w-20-o.bf16
1487	20	2	4	3	576	576	1	1	/tmp/riley-opt-260912/multisequence-projection-candidates-v1/fixtures/x-576-1-m4-a3.bf16	/tmp/riley-opt-260912/multisequence-projection-candidates-v1/fixtures/w-20-o.bf16
1488	20	2	2	2	576	576	2	0	/tmp/riley-opt-260912/multisequence-projection-candidates-v1/fixtures/x-576-2-m2-a2.bf16	/tmp/riley-opt-260912/multisequence-projection-candidates-v1/fixtures/w-20-o.bf16
1489	20	2	2	2	576	576	2	1	/tmp/riley-opt-260912/multisequence-projection-candidates-v1/fixtures/x-576-2-m2-a2.bf16	/tmp/riley-opt-260912/multisequence-projection-candidates-v1/fixtures/w-20-o.bf16
1490	20	2	4	4	576	576	2	0	/tmp/riley-opt-260912/multisequence-projection-candidates-v1/fixtures/x-576-2-m4-a4.bf16	/tmp/riley-opt-260912/multisequence-projection-candidates-v1/fixtures/w-20-o.bf16
1491	20	2	4	4	576	576	2	1	/tmp/riley-opt-260912/multisequence-projection-candidates-v1/fixtures/x-576-2-m4-a4.bf16	/tmp/riley-opt-260912/multisequence-projection-candidates-v1/fixtures/w-20-o.bf16
1492	20	2	4	3	576	576	2	0	/tmp/riley-opt-260912/multisequence-projection-candidates-v1/fixtures/x-576-2-m4-a3.bf16	/tmp/riley-opt-260912/multisequence-projection-candidates-v1/fixtures/w-20-o.bf16
1493	20	2	4	3	576	576	2	1	/tmp/riley-opt-260912/multisequence-projection-candidates-v1/fixtures/x-576-2-m4-a3.bf16	/tmp/riley-opt-260912/multisequence-projection-candidates-v1/fixtures/w-20-o.bf16
1494	20	3	2	2	576	1536	0	0	/tmp/riley-opt-260912/multisequence-projection-candidates-v1/fixtures/x-1536-0-m2-a2.bf16	/tmp/riley-opt-260912/multisequence-projection-candidates-v1/fixtures/w-20-down.bf16
1495	20	3	2	2	576	1536	0	1	/tmp/riley-opt-260912/multisequence-projection-candidates-v1/fixtures/x-1536-0-m2-a2.bf16	/tmp/riley-opt-260912/multisequence-projection-candidates-v1/fixtures/w-20-down.bf16
1496	20	3	4	4	576	1536	0	0	/tmp/riley-opt-260912/multisequence-projection-candidates-v1/fixtures/x-1536-0-m4-a4.bf16	/tmp/riley-opt-260912/multisequence-projection-candidates-v1/fixtures/w-20-down.bf16
1497	20	3	4	4	576	1536	0	1	/tmp/riley-opt-260912/multisequence-projection-candidates-v1/fixtures/x-1536-0-m4-a4.bf16	/tmp/riley-opt-260912/multisequence-projection-candidates-v1/fixtures/w-20-down.bf16
1498	20	3	4	3	576	1536	0	0	/tmp/riley-opt-260912/multisequence-projection-candidates-v1/fixtures/x-1536-0-m4-a3.bf16	/tmp/riley-opt-260912/multisequence-projection-candidates-v1/fixtures/w-20-down.bf16
1499	20	3	4	3	576	1536	0	1	/tmp/riley-opt-260912/multisequence-projection-candidates-v1/fixtures/x-1536-0-m4-a3.bf16	/tmp/riley-opt-260912/multisequence-projection-candidates-v1/fixtures/w-20-down.bf16
1500	20	3	2	2	576	1536	1	0	/tmp/riley-opt-260912/multisequence-projection-candidates-v1/fixtures/x-1536-1-m2-a2.bf16	/tmp/riley-opt-260912/multisequence-projection-candidates-v1/fixtures/w-20-down.bf16
1501	20	3	2	2	576	1536	1	1	/tmp/riley-opt-260912/multisequence-projection-candidates-v1/fixtures/x-1536-1-m2-a2.bf16	/tmp/riley-opt-260912/multisequence-projection-candidates-v1/fixtures/w-20-down.bf16
1502	20	3	4	4	576	1536	1	0	/tmp/riley-opt-260912/multisequence-projection-candidates-v1/fixtures/x-1536-1-m4-a4.bf16	/tmp/riley-opt-260912/multisequence-projection-candidates-v1/fixtures/w-20-down.bf16
1503	20	3	4	4	576	1536	1	1	/tmp/riley-opt-260912/multisequence-projection-candidates-v1/fixtures/x-1536-1-m4-a4.bf16	/tmp/riley-opt-260912/multisequence-projection-candidates-v1/fixtures/w-20-down.bf16
1504	20	3	4	3	576	1536	1	0	/tmp/riley-opt-260912/multisequence-projection-candidates-v1/fixtures/x-1536-1-m4-a3.bf16	/tmp/riley-opt-260912/multisequence-projection-candidates-v1/fixtures/w-20-down.bf16
1505	20	3	4	3	576	1536	1	1	/tmp/riley-opt-260912/multisequence-projection-candidates-v1/fixtures/x-1536-1-m4-a3.bf16	/tmp/riley-opt-260912/multisequence-projection-candidates-v1/fixtures/w-20-down.bf16
1506	20	3	2	2	576	1536	2	0	/tmp/riley-opt-260912/multisequence-projection-candidates-v1/fixtures/x-1536-2-m2-a2.bf16	/tmp/riley-opt-260912/multisequence-projection-candidates-v1/fixtures/w-20-down.bf16
1507	20	3	2	2	576	1536	2	1	/tmp/riley-opt-260912/multisequence-projection-candidates-v1/fixtures/x-1536-2-m2-a2.bf16	/tmp/riley-opt-260912/multisequence-projection-candidates-v1/fixtures/w-20-down.bf16
1508	20	3	4	4	576	1536	2	0	/tmp/riley-opt-260912/multisequence-projection-candidates-v1/fixtures/x-1536-2-m4-a4.bf16	/tmp/riley-opt-260912/multisequence-projection-candidates-v1/fixtures/w-20-down.bf16
1509	20	3	4	4	576	1536	2	1	/tmp/riley-opt-260912/multisequence-projection-candidates-v1/fixtures/x-1536-2-m4-a4.bf16	/tmp/riley-opt-260912/multisequence-projection-candidates-v1/fixtures/w-20-down.bf16
1510	20	3	4	3	576	1536	2	0	/tmp/riley-opt-260912/multisequence-projection-candidates-v1/fixtures/x-1536-2-m4-a3.bf16	/tmp/riley-opt-260912/multisequence-projection-candidates-v1/fixtures/w-20-down.bf16
1511	20	3	4	3	576	1536	2	1	/tmp/riley-opt-260912/multisequence-projection-candidates-v1/fixtures/x-1536-2-m4-a3.bf16	/tmp/riley-opt-260912/multisequence-projection-candidates-v1/fixtures/w-20-down.bf16
1512	21	0	2	2	960	576	0	0	/tmp/riley-opt-260912/multisequence-projection-candidates-v1/fixtures/x-576-0-m2-a2.bf16	/tmp/riley-opt-260912/multisequence-projection-candidates-v1/fixtures/w-21-qkv.bf16
1513	21	0	2	2	960	576	0	1	/tmp/riley-opt-260912/multisequence-projection-candidates-v1/fixtures/x-576-0-m2-a2.bf16	/tmp/riley-opt-260912/multisequence-projection-candidates-v1/fixtures/w-21-qkv.bf16
1514	21	0	4	4	960	576	0	0	/tmp/riley-opt-260912/multisequence-projection-candidates-v1/fixtures/x-576-0-m4-a4.bf16	/tmp/riley-opt-260912/multisequence-projection-candidates-v1/fixtures/w-21-qkv.bf16
1515	21	0	4	4	960	576	0	1	/tmp/riley-opt-260912/multisequence-projection-candidates-v1/fixtures/x-576-0-m4-a4.bf16	/tmp/riley-opt-260912/multisequence-projection-candidates-v1/fixtures/w-21-qkv.bf16
1516	21	0	4	3	960	576	0	0	/tmp/riley-opt-260912/multisequence-projection-candidates-v1/fixtures/x-576-0-m4-a3.bf16	/tmp/riley-opt-260912/multisequence-projection-candidates-v1/fixtures/w-21-qkv.bf16
1517	21	0	4	3	960	576	0	1	/tmp/riley-opt-260912/multisequence-projection-candidates-v1/fixtures/x-576-0-m4-a3.bf16	/tmp/riley-opt-260912/multisequence-projection-candidates-v1/fixtures/w-21-qkv.bf16
1518	21	0	2	2	960	576	1	0	/tmp/riley-opt-260912/multisequence-projection-candidates-v1/fixtures/x-576-1-m2-a2.bf16	/tmp/riley-opt-260912/multisequence-projection-candidates-v1/fixtures/w-21-qkv.bf16
1519	21	0	2	2	960	576	1	1	/tmp/riley-opt-260912/multisequence-projection-candidates-v1/fixtures/x-576-1-m2-a2.bf16	/tmp/riley-opt-260912/multisequence-projection-candidates-v1/fixtures/w-21-qkv.bf16
1520	21	0	4	4	960	576	1	0	/tmp/riley-opt-260912/multisequence-projection-candidates-v1/fixtures/x-576-1-m4-a4.bf16	/tmp/riley-opt-260912/multisequence-projection-candidates-v1/fixtures/w-21-qkv.bf16
1521	21	0	4	4	960	576	1	1	/tmp/riley-opt-260912/multisequence-projection-candidates-v1/fixtures/x-576-1-m4-a4.bf16	/tmp/riley-opt-260912/multisequence-projection-candidates-v1/fixtures/w-21-qkv.bf16
1522	21	0	4	3	960	576	1	0	/tmp/riley-opt-260912/multisequence-projection-candidates-v1/fixtures/x-576-1-m4-a3.bf16	/tmp/riley-opt-260912/multisequence-projection-candidates-v1/fixtures/w-21-qkv.bf16
1523	21	0	4	3	960	576	1	1	/tmp/riley-opt-260912/multisequence-projection-candidates-v1/fixtures/x-576-1-m4-a3.bf16	/tmp/riley-opt-260912/multisequence-projection-candidates-v1/fixtures/w-21-qkv.bf16
1524	21	0	2	2	960	576	2	0	/tmp/riley-opt-260912/multisequence-projection-candidates-v1/fixtures/x-576-2-m2-a2.bf16	/tmp/riley-opt-260912/multisequence-projection-candidates-v1/fixtures/w-21-qkv.bf16
1525	21	0	2	2	960	576	2	1	/tmp/riley-opt-260912/multisequence-projection-candidates-v1/fixtures/x-576-2-m2-a2.bf16	/tmp/riley-opt-260912/multisequence-projection-candidates-v1/fixtures/w-21-qkv.bf16
1526	21	0	4	4	960	576	2	0	/tmp/riley-opt-260912/multisequence-projection-candidates-v1/fixtures/x-576-2-m4-a4.bf16	/tmp/riley-opt-260912/multisequence-projection-candidates-v1/fixtures/w-21-qkv.bf16
1527	21	0	4	4	960	576	2	1	/tmp/riley-opt-260912/multisequence-projection-candidates-v1/fixtures/x-576-2-m4-a4.bf16	/tmp/riley-opt-260912/multisequence-projection-candidates-v1/fixtures/w-21-qkv.bf16
1528	21	0	4	3	960	576	2	0	/tmp/riley-opt-260912/multisequence-projection-candidates-v1/fixtures/x-576-2-m4-a3.bf16	/tmp/riley-opt-260912/multisequence-projection-candidates-v1/fixtures/w-21-qkv.bf16
1529	21	0	4	3	960	576	2	1	/tmp/riley-opt-260912/multisequence-projection-candidates-v1/fixtures/x-576-2-m4-a3.bf16	/tmp/riley-opt-260912/multisequence-projection-candidates-v1/fixtures/w-21-qkv.bf16
1530	21	1	2	2	3072	576	0	0	/tmp/riley-opt-260912/multisequence-projection-candidates-v1/fixtures/x-576-0-m2-a2.bf16	/tmp/riley-opt-260912/multisequence-projection-candidates-v1/fixtures/w-21-gate_up.bf16
1531	21	1	2	2	3072	576	0	1	/tmp/riley-opt-260912/multisequence-projection-candidates-v1/fixtures/x-576-0-m2-a2.bf16	/tmp/riley-opt-260912/multisequence-projection-candidates-v1/fixtures/w-21-gate_up.bf16
1532	21	1	4	4	3072	576	0	0	/tmp/riley-opt-260912/multisequence-projection-candidates-v1/fixtures/x-576-0-m4-a4.bf16	/tmp/riley-opt-260912/multisequence-projection-candidates-v1/fixtures/w-21-gate_up.bf16
1533	21	1	4	4	3072	576	0	1	/tmp/riley-opt-260912/multisequence-projection-candidates-v1/fixtures/x-576-0-m4-a4.bf16	/tmp/riley-opt-260912/multisequence-projection-candidates-v1/fixtures/w-21-gate_up.bf16
1534	21	1	4	3	3072	576	0	0	/tmp/riley-opt-260912/multisequence-projection-candidates-v1/fixtures/x-576-0-m4-a3.bf16	/tmp/riley-opt-260912/multisequence-projection-candidates-v1/fixtures/w-21-gate_up.bf16
1535	21	1	4	3	3072	576	0	1	/tmp/riley-opt-260912/multisequence-projection-candidates-v1/fixtures/x-576-0-m4-a3.bf16	/tmp/riley-opt-260912/multisequence-projection-candidates-v1/fixtures/w-21-gate_up.bf16
1536	21	1	2	2	3072	576	1	0	/tmp/riley-opt-260912/multisequence-projection-candidates-v1/fixtures/x-576-1-m2-a2.bf16	/tmp/riley-opt-260912/multisequence-projection-candidates-v1/fixtures/w-21-gate_up.bf16
1537	21	1	2	2	3072	576	1	1	/tmp/riley-opt-260912/multisequence-projection-candidates-v1/fixtures/x-576-1-m2-a2.bf16	/tmp/riley-opt-260912/multisequence-projection-candidates-v1/fixtures/w-21-gate_up.bf16
1538	21	1	4	4	3072	576	1	0	/tmp/riley-opt-260912/multisequence-projection-candidates-v1/fixtures/x-576-1-m4-a4.bf16	/tmp/riley-opt-260912/multisequence-projection-candidates-v1/fixtures/w-21-gate_up.bf16
1539	21	1	4	4	3072	576	1	1	/tmp/riley-opt-260912/multisequence-projection-candidates-v1/fixtures/x-576-1-m4-a4.bf16	/tmp/riley-opt-260912/multisequence-projection-candidates-v1/fixtures/w-21-gate_up.bf16
1540	21	1	4	3	3072	576	1	0	/tmp/riley-opt-260912/multisequence-projection-candidates-v1/fixtures/x-576-1-m4-a3.bf16	/tmp/riley-opt-260912/multisequence-projection-candidates-v1/fixtures/w-21-gate_up.bf16
1541	21	1	4	3	3072	576	1	1	/tmp/riley-opt-260912/multisequence-projection-candidates-v1/fixtures/x-576-1-m4-a3.bf16	/tmp/riley-opt-260912/multisequence-projection-candidates-v1/fixtures/w-21-gate_up.bf16
1542	21	1	2	2	3072	576	2	0	/tmp/riley-opt-260912/multisequence-projection-candidates-v1/fixtures/x-576-2-m2-a2.bf16	/tmp/riley-opt-260912/multisequence-projection-candidates-v1/fixtures/w-21-gate_up.bf16
1543	21	1	2	2	3072	576	2	1	/tmp/riley-opt-260912/multisequence-projection-candidates-v1/fixtures/x-576-2-m2-a2.bf16	/tmp/riley-opt-260912/multisequence-projection-candidates-v1/fixtures/w-21-gate_up.bf16
1544	21	1	4	4	3072	576	2	0	/tmp/riley-opt-260912/multisequence-projection-candidates-v1/fixtures/x-576-2-m4-a4.bf16	/tmp/riley-opt-260912/multisequence-projection-candidates-v1/fixtures/w-21-gate_up.bf16
1545	21	1	4	4	3072	576	2	1	/tmp/riley-opt-260912/multisequence-projection-candidates-v1/fixtures/x-576-2-m4-a4.bf16	/tmp/riley-opt-260912/multisequence-projection-candidates-v1/fixtures/w-21-gate_up.bf16
1546	21	1	4	3	3072	576	2	0	/tmp/riley-opt-260912/multisequence-projection-candidates-v1/fixtures/x-576-2-m4-a3.bf16	/tmp/riley-opt-260912/multisequence-projection-candidates-v1/fixtures/w-21-gate_up.bf16
1547	21	1	4	3	3072	576	2	1	/tmp/riley-opt-260912/multisequence-projection-candidates-v1/fixtures/x-576-2-m4-a3.bf16	/tmp/riley-opt-260912/multisequence-projection-candidates-v1/fixtures/w-21-gate_up.bf16
1548	21	2	2	2	576	576	0	0	/tmp/riley-opt-260912/multisequence-projection-candidates-v1/fixtures/x-576-0-m2-a2.bf16	/tmp/riley-opt-260912/multisequence-projection-candidates-v1/fixtures/w-21-o.bf16
1549	21	2	2	2	576	576	0	1	/tmp/riley-opt-260912/multisequence-projection-candidates-v1/fixtures/x-576-0-m2-a2.bf16	/tmp/riley-opt-260912/multisequence-projection-candidates-v1/fixtures/w-21-o.bf16
1550	21	2	4	4	576	576	0	0	/tmp/riley-opt-260912/multisequence-projection-candidates-v1/fixtures/x-576-0-m4-a4.bf16	/tmp/riley-opt-260912/multisequence-projection-candidates-v1/fixtures/w-21-o.bf16
1551	21	2	4	4	576	576	0	1	/tmp/riley-opt-260912/multisequence-projection-candidates-v1/fixtures/x-576-0-m4-a4.bf16	/tmp/riley-opt-260912/multisequence-projection-candidates-v1/fixtures/w-21-o.bf16
1552	21	2	4	3	576	576	0	0	/tmp/riley-opt-260912/multisequence-projection-candidates-v1/fixtures/x-576-0-m4-a3.bf16	/tmp/riley-opt-260912/multisequence-projection-candidates-v1/fixtures/w-21-o.bf16
1553	21	2	4	3	576	576	0	1	/tmp/riley-opt-260912/multisequence-projection-candidates-v1/fixtures/x-576-0-m4-a3.bf16	/tmp/riley-opt-260912/multisequence-projection-candidates-v1/fixtures/w-21-o.bf16
1554	21	2	2	2	576	576	1	0	/tmp/riley-opt-260912/multisequence-projection-candidates-v1/fixtures/x-576-1-m2-a2.bf16	/tmp/riley-opt-260912/multisequence-projection-candidates-v1/fixtures/w-21-o.bf16
1555	21	2	2	2	576	576	1	1	/tmp/riley-opt-260912/multisequence-projection-candidates-v1/fixtures/x-576-1-m2-a2.bf16	/tmp/riley-opt-260912/multisequence-projection-candidates-v1/fixtures/w-21-o.bf16
1556	21	2	4	4	576	576	1	0	/tmp/riley-opt-260912/multisequence-projection-candidates-v1/fixtures/x-576-1-m4-a4.bf16	/tmp/riley-opt-260912/multisequence-projection-candidates-v1/fixtures/w-21-o.bf16
1557	21	2	4	4	576	576	1	1	/tmp/riley-opt-260912/multisequence-projection-candidates-v1/fixtures/x-576-1-m4-a4.bf16	/tmp/riley-opt-260912/multisequence-projection-candidates-v1/fixtures/w-21-o.bf16
1558	21	2	4	3	576	576	1	0	/tmp/riley-opt-260912/multisequence-projection-candidates-v1/fixtures/x-576-1-m4-a3.bf16	/tmp/riley-opt-260912/multisequence-projection-candidates-v1/fixtures/w-21-o.bf16
1559	21	2	4	3	576	576	1	1	/tmp/riley-opt-260912/multisequence-projection-candidates-v1/fixtures/x-576-1-m4-a3.bf16	/tmp/riley-opt-260912/multisequence-projection-candidates-v1/fixtures/w-21-o.bf16
1560	21	2	2	2	576	576	2	0	/tmp/riley-opt-260912/multisequence-projection-candidates-v1/fixtures/x-576-2-m2-a2.bf16	/tmp/riley-opt-260912/multisequence-projection-candidates-v1/fixtures/w-21-o.bf16
1561	21	2	2	2	576	576	2	1	/tmp/riley-opt-260912/multisequence-projection-candidates-v1/fixtures/x-576-2-m2-a2.bf16	/tmp/riley-opt-260912/multisequence-projection-candidates-v1/fixtures/w-21-o.bf16
1562	21	2	4	4	576	576	2	0	/tmp/riley-opt-260912/multisequence-projection-candidates-v1/fixtures/x-576-2-m4-a4.bf16	/tmp/riley-opt-260912/multisequence-projection-candidates-v1/fixtures/w-21-o.bf16
1563	21	2	4	4	576	576	2	1	/tmp/riley-opt-260912/multisequence-projection-candidates-v1/fixtures/x-576-2-m4-a4.bf16	/tmp/riley-opt-260912/multisequence-projection-candidates-v1/fixtures/w-21-o.bf16
1564	21	2	4	3	576	576	2	0	/tmp/riley-opt-260912/multisequence-projection-candidates-v1/fixtures/x-576-2-m4-a3.bf16	/tmp/riley-opt-260912/multisequence-projection-candidates-v1/fixtures/w-21-o.bf16
1565	21	2	4	3	576	576	2	1	/tmp/riley-opt-260912/multisequence-projection-candidates-v1/fixtures/x-576-2-m4-a3.bf16	/tmp/riley-opt-260912/multisequence-projection-candidates-v1/fixtures/w-21-o.bf16
1566	21	3	2	2	576	1536	0	0	/tmp/riley-opt-260912/multisequence-projection-candidates-v1/fixtures/x-1536-0-m2-a2.bf16	/tmp/riley-opt-260912/multisequence-projection-candidates-v1/fixtures/w-21-down.bf16
1567	21	3	2	2	576	1536	0	1	/tmp/riley-opt-260912/multisequence-projection-candidates-v1/fixtures/x-1536-0-m2-a2.bf16	/tmp/riley-opt-260912/multisequence-projection-candidates-v1/fixtures/w-21-down.bf16
1568	21	3	4	4	576	1536	0	0	/tmp/riley-opt-260912/multisequence-projection-candidates-v1/fixtures/x-1536-0-m4-a4.bf16	/tmp/riley-opt-260912/multisequence-projection-candidates-v1/fixtures/w-21-down.bf16
1569	21	3	4	4	576	1536	0	1	/tmp/riley-opt-260912/multisequence-projection-candidates-v1/fixtures/x-1536-0-m4-a4.bf16	/tmp/riley-opt-260912/multisequence-projection-candidates-v1/fixtures/w-21-down.bf16
1570	21	3	4	3	576	1536	0	0	/tmp/riley-opt-260912/multisequence-projection-candidates-v1/fixtures/x-1536-0-m4-a3.bf16	/tmp/riley-opt-260912/multisequence-projection-candidates-v1/fixtures/w-21-down.bf16
1571	21	3	4	3	576	1536	0	1	/tmp/riley-opt-260912/multisequence-projection-candidates-v1/fixtures/x-1536-0-m4-a3.bf16	/tmp/riley-opt-260912/multisequence-projection-candidates-v1/fixtures/w-21-down.bf16
1572	21	3	2	2	576	1536	1	0	/tmp/riley-opt-260912/multisequence-projection-candidates-v1/fixtures/x-1536-1-m2-a2.bf16	/tmp/riley-opt-260912/multisequence-projection-candidates-v1/fixtures/w-21-down.bf16
1573	21	3	2	2	576	1536	1	1	/tmp/riley-opt-260912/multisequence-projection-candidates-v1/fixtures/x-1536-1-m2-a2.bf16	/tmp/riley-opt-260912/multisequence-projection-candidates-v1/fixtures/w-21-down.bf16
1574	21	3	4	4	576	1536	1	0	/tmp/riley-opt-260912/multisequence-projection-candidates-v1/fixtures/x-1536-1-m4-a4.bf16	/tmp/riley-opt-260912/multisequence-projection-candidates-v1/fixtures/w-21-down.bf16
1575	21	3	4	4	576	1536	1	1	/tmp/riley-opt-260912/multisequence-projection-candidates-v1/fixtures/x-1536-1-m4-a4.bf16	/tmp/riley-opt-260912/multisequence-projection-candidates-v1/fixtures/w-21-down.bf16
1576	21	3	4	3	576	1536	1	0	/tmp/riley-opt-260912/multisequence-projection-candidates-v1/fixtures/x-1536-1-m4-a3.bf16	/tmp/riley-opt-260912/multisequence-projection-candidates-v1/fixtures/w-21-down.bf16
1577	21	3	4	3	576	1536	1	1	/tmp/riley-opt-260912/multisequence-projection-candidates-v1/fixtures/x-1536-1-m4-a3.bf16	/tmp/riley-opt-260912/multisequence-projection-candidates-v1/fixtures/w-21-down.bf16
1578	21	3	2	2	576	1536	2	0	/tmp/riley-opt-260912/multisequence-projection-candidates-v1/fixtures/x-1536-2-m2-a2.bf16	/tmp/riley-opt-260912/multisequence-projection-candidates-v1/fixtures/w-21-down.bf16
1579	21	3	2	2	576	1536	2	1	/tmp/riley-opt-260912/multisequence-projection-candidates-v1/fixtures/x-1536-2-m2-a2.bf16	/tmp/riley-opt-260912/multisequence-projection-candidates-v1/fixtures/w-21-down.bf16
1580	21	3	4	4	576	1536	2	0	/tmp/riley-opt-260912/multisequence-projection-candidates-v1/fixtures/x-1536-2-m4-a4.bf16	/tmp/riley-opt-260912/multisequence-projection-candidates-v1/fixtures/w-21-down.bf16
1581	21	3	4	4	576	1536	2	1	/tmp/riley-opt-260912/multisequence-projection-candidates-v1/fixtures/x-1536-2-m4-a4.bf16	/tmp/riley-opt-260912/multisequence-projection-candidates-v1/fixtures/w-21-down.bf16
1582	21	3	4	3	576	1536	2	0	/tmp/riley-opt-260912/multisequence-projection-candidates-v1/fixtures/x-1536-2-m4-a3.bf16	/tmp/riley-opt-260912/multisequence-projection-candidates-v1/fixtures/w-21-down.bf16
1583	21	3	4	3	576	1536	2	1	/tmp/riley-opt-260912/multisequence-projection-candidates-v1/fixtures/x-1536-2-m4-a3.bf16	/tmp/riley-opt-260912/multisequence-projection-candidates-v1/fixtures/w-21-down.bf16
1584	22	0	2	2	960	576	0	0	/tmp/riley-opt-260912/multisequence-projection-candidates-v1/fixtures/x-576-0-m2-a2.bf16	/tmp/riley-opt-260912/multisequence-projection-candidates-v1/fixtures/w-22-qkv.bf16
1585	22	0	2	2	960	576	0	1	/tmp/riley-opt-260912/multisequence-projection-candidates-v1/fixtures/x-576-0-m2-a2.bf16	/tmp/riley-opt-260912/multisequence-projection-candidates-v1/fixtures/w-22-qkv.bf16
1586	22	0	4	4	960	576	0	0	/tmp/riley-opt-260912/multisequence-projection-candidates-v1/fixtures/x-576-0-m4-a4.bf16	/tmp/riley-opt-260912/multisequence-projection-candidates-v1/fixtures/w-22-qkv.bf16
1587	22	0	4	4	960	576	0	1	/tmp/riley-opt-260912/multisequence-projection-candidates-v1/fixtures/x-576-0-m4-a4.bf16	/tmp/riley-opt-260912/multisequence-projection-candidates-v1/fixtures/w-22-qkv.bf16
1588	22	0	4	3	960	576	0	0	/tmp/riley-opt-260912/multisequence-projection-candidates-v1/fixtures/x-576-0-m4-a3.bf16	/tmp/riley-opt-260912/multisequence-projection-candidates-v1/fixtures/w-22-qkv.bf16
1589	22	0	4	3	960	576	0	1	/tmp/riley-opt-260912/multisequence-projection-candidates-v1/fixtures/x-576-0-m4-a3.bf16	/tmp/riley-opt-260912/multisequence-projection-candidates-v1/fixtures/w-22-qkv.bf16
1590	22	0	2	2	960	576	1	0	/tmp/riley-opt-260912/multisequence-projection-candidates-v1/fixtures/x-576-1-m2-a2.bf16	/tmp/riley-opt-260912/multisequence-projection-candidates-v1/fixtures/w-22-qkv.bf16
1591	22	0	2	2	960	576	1	1	/tmp/riley-opt-260912/multisequence-projection-candidates-v1/fixtures/x-576-1-m2-a2.bf16	/tmp/riley-opt-260912/multisequence-projection-candidates-v1/fixtures/w-22-qkv.bf16
1592	22	0	4	4	960	576	1	0	/tmp/riley-opt-260912/multisequence-projection-candidates-v1/fixtures/x-576-1-m4-a4.bf16	/tmp/riley-opt-260912/multisequence-projection-candidates-v1/fixtures/w-22-qkv.bf16
1593	22	0	4	4	960	576	1	1	/tmp/riley-opt-260912/multisequence-projection-candidates-v1/fixtures/x-576-1-m4-a4.bf16	/tmp/riley-opt-260912/multisequence-projection-candidates-v1/fixtures/w-22-qkv.bf16
1594	22	0	4	3	960	576	1	0	/tmp/riley-opt-260912/multisequence-projection-candidates-v1/fixtures/x-576-1-m4-a3.bf16	/tmp/riley-opt-260912/multisequence-projection-candidates-v1/fixtures/w-22-qkv.bf16
1595	22	0	4	3	960	576	1	1	/tmp/riley-opt-260912/multisequence-projection-candidates-v1/fixtures/x-576-1-m4-a3.bf16	/tmp/riley-opt-260912/multisequence-projection-candidates-v1/fixtures/w-22-qkv.bf16
1596	22	0	2	2	960	576	2	0	/tmp/riley-opt-260912/multisequence-projection-candidates-v1/fixtures/x-576-2-m2-a2.bf16	/tmp/riley-opt-260912/multisequence-projection-candidates-v1/fixtures/w-22-qkv.bf16
1597	22	0	2	2	960	576	2	1	/tmp/riley-opt-260912/multisequence-projection-candidates-v1/fixtures/x-576-2-m2-a2.bf16	/tmp/riley-opt-260912/multisequence-projection-candidates-v1/fixtures/w-22-qkv.bf16
1598	22	0	4	4	960	576	2	0	/tmp/riley-opt-260912/multisequence-projection-candidates-v1/fixtures/x-576-2-m4-a4.bf16	/tmp/riley-opt-260912/multisequence-projection-candidates-v1/fixtures/w-22-qkv.bf16
1599	22	0	4	4	960	576	2	1	/tmp/riley-opt-260912/multisequence-projection-candidates-v1/fixtures/x-576-2-m4-a4.bf16	/tmp/riley-opt-260912/multisequence-projection-candidates-v1/fixtures/w-22-qkv.bf16
1600	22	0	4	3	960	576	2	0	/tmp/riley-opt-260912/multisequence-projection-candidates-v1/fixtures/x-576-2-m4-a3.bf16	/tmp/riley-opt-260912/multisequence-projection-candidates-v1/fixtures/w-22-qkv.bf16
1601	22	0	4	3	960	576	2	1	/tmp/riley-opt-260912/multisequence-projection-candidates-v1/fixtures/x-576-2-m4-a3.bf16	/tmp/riley-opt-260912/multisequence-projection-candidates-v1/fixtures/w-22-qkv.bf16
1602	22	1	2	2	3072	576	0	0	/tmp/riley-opt-260912/multisequence-projection-candidates-v1/fixtures/x-576-0-m2-a2.bf16	/tmp/riley-opt-260912/multisequence-projection-candidates-v1/fixtures/w-22-gate_up.bf16
1603	22	1	2	2	3072	576	0	1	/tmp/riley-opt-260912/multisequence-projection-candidates-v1/fixtures/x-576-0-m2-a2.bf16	/tmp/riley-opt-260912/multisequence-projection-candidates-v1/fixtures/w-22-gate_up.bf16
1604	22	1	4	4	3072	576	0	0	/tmp/riley-opt-260912/multisequence-projection-candidates-v1/fixtures/x-576-0-m4-a4.bf16	/tmp/riley-opt-260912/multisequence-projection-candidates-v1/fixtures/w-22-gate_up.bf16
1605	22	1	4	4	3072	576	0	1	/tmp/riley-opt-260912/multisequence-projection-candidates-v1/fixtures/x-576-0-m4-a4.bf16	/tmp/riley-opt-260912/multisequence-projection-candidates-v1/fixtures/w-22-gate_up.bf16
1606	22	1	4	3	3072	576	0	0	/tmp/riley-opt-260912/multisequence-projection-candidates-v1/fixtures/x-576-0-m4-a3.bf16	/tmp/riley-opt-260912/multisequence-projection-candidates-v1/fixtures/w-22-gate_up.bf16
1607	22	1	4	3	3072	576	0	1	/tmp/riley-opt-260912/multisequence-projection-candidates-v1/fixtures/x-576-0-m4-a3.bf16	/tmp/riley-opt-260912/multisequence-projection-candidates-v1/fixtures/w-22-gate_up.bf16
1608	22	1	2	2	3072	576	1	0	/tmp/riley-opt-260912/multisequence-projection-candidates-v1/fixtures/x-576-1-m2-a2.bf16	/tmp/riley-opt-260912/multisequence-projection-candidates-v1/fixtures/w-22-gate_up.bf16
1609	22	1	2	2	3072	576	1	1	/tmp/riley-opt-260912/multisequence-projection-candidates-v1/fixtures/x-576-1-m2-a2.bf16	/tmp/riley-opt-260912/multisequence-projection-candidates-v1/fixtures/w-22-gate_up.bf16
1610	22	1	4	4	3072	576	1	0	/tmp/riley-opt-260912/multisequence-projection-candidates-v1/fixtures/x-576-1-m4-a4.bf16	/tmp/riley-opt-260912/multisequence-projection-candidates-v1/fixtures/w-22-gate_up.bf16
1611	22	1	4	4	3072	576	1	1	/tmp/riley-opt-260912/multisequence-projection-candidates-v1/fixtures/x-576-1-m4-a4.bf16	/tmp/riley-opt-260912/multisequence-projection-candidates-v1/fixtures/w-22-gate_up.bf16
1612	22	1	4	3	3072	576	1	0	/tmp/riley-opt-260912/multisequence-projection-candidates-v1/fixtures/x-576-1-m4-a3.bf16	/tmp/riley-opt-260912/multisequence-projection-candidates-v1/fixtures/w-22-gate_up.bf16
1613	22	1	4	3	3072	576	1	1	/tmp/riley-opt-260912/multisequence-projection-candidates-v1/fixtures/x-576-1-m4-a3.bf16	/tmp/riley-opt-260912/multisequence-projection-candidates-v1/fixtures/w-22-gate_up.bf16
1614	22	1	2	2	3072	576	2	0	/tmp/riley-opt-260912/multisequence-projection-candidates-v1/fixtures/x-576-2-m2-a2.bf16	/tmp/riley-opt-260912/multisequence-projection-candidates-v1/fixtures/w-22-gate_up.bf16
1615	22	1	2	2	3072	576	2	1	/tmp/riley-opt-260912/multisequence-projection-candidates-v1/fixtures/x-576-2-m2-a2.bf16	/tmp/riley-opt-260912/multisequence-projection-candidates-v1/fixtures/w-22-gate_up.bf16
1616	22	1	4	4	3072	576	2	0	/tmp/riley-opt-260912/multisequence-projection-candidates-v1/fixtures/x-576-2-m4-a4.bf16	/tmp/riley-opt-260912/multisequence-projection-candidates-v1/fixtures/w-22-gate_up.bf16
1617	22	1	4	4	3072	576	2	1	/tmp/riley-opt-260912/multisequence-projection-candidates-v1/fixtures/x-576-2-m4-a4.bf16	/tmp/riley-opt-260912/multisequence-projection-candidates-v1/fixtures/w-22-gate_up.bf16
1618	22	1	4	3	3072	576	2	0	/tmp/riley-opt-260912/multisequence-projection-candidates-v1/fixtures/x-576-2-m4-a3.bf16	/tmp/riley-opt-260912/multisequence-projection-candidates-v1/fixtures/w-22-gate_up.bf16
1619	22	1	4	3	3072	576	2	1	/tmp/riley-opt-260912/multisequence-projection-candidates-v1/fixtures/x-576-2-m4-a3.bf16	/tmp/riley-opt-260912/multisequence-projection-candidates-v1/fixtures/w-22-gate_up.bf16
1620	22	2	2	2	576	576	0	0	/tmp/riley-opt-260912/multisequence-projection-candidates-v1/fixtures/x-576-0-m2-a2.bf16	/tmp/riley-opt-260912/multisequence-projection-candidates-v1/fixtures/w-22-o.bf16
1621	22	2	2	2	576	576	0	1	/tmp/riley-opt-260912/multisequence-projection-candidates-v1/fixtures/x-576-0-m2-a2.bf16	/tmp/riley-opt-260912/multisequence-projection-candidates-v1/fixtures/w-22-o.bf16
1622	22	2	4	4	576	576	0	0	/tmp/riley-opt-260912/multisequence-projection-candidates-v1/fixtures/x-576-0-m4-a4.bf16	/tmp/riley-opt-260912/multisequence-projection-candidates-v1/fixtures/w-22-o.bf16
1623	22	2	4	4	576	576	0	1	/tmp/riley-opt-260912/multisequence-projection-candidates-v1/fixtures/x-576-0-m4-a4.bf16	/tmp/riley-opt-260912/multisequence-projection-candidates-v1/fixtures/w-22-o.bf16
1624	22	2	4	3	576	576	0	0	/tmp/riley-opt-260912/multisequence-projection-candidates-v1/fixtures/x-576-0-m4-a3.bf16	/tmp/riley-opt-260912/multisequence-projection-candidates-v1/fixtures/w-22-o.bf16
1625	22	2	4	3	576	576	0	1	/tmp/riley-opt-260912/multisequence-projection-candidates-v1/fixtures/x-576-0-m4-a3.bf16	/tmp/riley-opt-260912/multisequence-projection-candidates-v1/fixtures/w-22-o.bf16
1626	22	2	2	2	576	576	1	0	/tmp/riley-opt-260912/multisequence-projection-candidates-v1/fixtures/x-576-1-m2-a2.bf16	/tmp/riley-opt-260912/multisequence-projection-candidates-v1/fixtures/w-22-o.bf16
1627	22	2	2	2	576	576	1	1	/tmp/riley-opt-260912/multisequence-projection-candidates-v1/fixtures/x-576-1-m2-a2.bf16	/tmp/riley-opt-260912/multisequence-projection-candidates-v1/fixtures/w-22-o.bf16
1628	22	2	4	4	576	576	1	0	/tmp/riley-opt-260912/multisequence-projection-candidates-v1/fixtures/x-576-1-m4-a4.bf16	/tmp/riley-opt-260912/multisequence-projection-candidates-v1/fixtures/w-22-o.bf16
1629	22	2	4	4	576	576	1	1	/tmp/riley-opt-260912/multisequence-projection-candidates-v1/fixtures/x-576-1-m4-a4.bf16	/tmp/riley-opt-260912/multisequence-projection-candidates-v1/fixtures/w-22-o.bf16
1630	22	2	4	3	576	576	1	0	/tmp/riley-opt-260912/multisequence-projection-candidates-v1/fixtures/x-576-1-m4-a3.bf16	/tmp/riley-opt-260912/multisequence-projection-candidates-v1/fixtures/w-22-o.bf16
1631	22	2	4	3	576	576	1	1	/tmp/riley-opt-260912/multisequence-projection-candidates-v1/fixtures/x-576-1-m4-a3.bf16	/tmp/riley-opt-260912/multisequence-projection-candidates-v1/fixtures/w-22-o.bf16
1632	22	2	2	2	576	576	2	0	/tmp/riley-opt-260912/multisequence-projection-candidates-v1/fixtures/x-576-2-m2-a2.bf16	/tmp/riley-opt-260912/multisequence-projection-candidates-v1/fixtures/w-22-o.bf16
1633	22	2	2	2	576	576	2	1	/tmp/riley-opt-260912/multisequence-projection-candidates-v1/fixtures/x-576-2-m2-a2.bf16	/tmp/riley-opt-260912/multisequence-projection-candidates-v1/fixtures/w-22-o.bf16
1634	22	2	4	4	576	576	2	0	/tmp/riley-opt-260912/multisequence-projection-candidates-v1/fixtures/x-576-2-m4-a4.bf16	/tmp/riley-opt-260912/multisequence-projection-candidates-v1/fixtures/w-22-o.bf16
1635	22	2	4	4	576	576	2	1	/tmp/riley-opt-260912/multisequence-projection-candidates-v1/fixtures/x-576-2-m4-a4.bf16	/tmp/riley-opt-260912/multisequence-projection-candidates-v1/fixtures/w-22-o.bf16
1636	22	2	4	3	576	576	2	0	/tmp/riley-opt-260912/multisequence-projection-candidates-v1/fixtures/x-576-2-m4-a3.bf16	/tmp/riley-opt-260912/multisequence-projection-candidates-v1/fixtures/w-22-o.bf16
1637	22	2	4	3	576	576	2	1	/tmp/riley-opt-260912/multisequence-projection-candidates-v1/fixtures/x-576-2-m4-a3.bf16	/tmp/riley-opt-260912/multisequence-projection-candidates-v1/fixtures/w-22-o.bf16
1638	22	3	2	2	576	1536	0	0	/tmp/riley-opt-260912/multisequence-projection-candidates-v1/fixtures/x-1536-0-m2-a2.bf16	/tmp/riley-opt-260912/multisequence-projection-candidates-v1/fixtures/w-22-down.bf16
1639	22	3	2	2	576	1536	0	1	/tmp/riley-opt-260912/multisequence-projection-candidates-v1/fixtures/x-1536-0-m2-a2.bf16	/tmp/riley-opt-260912/multisequence-projection-candidates-v1/fixtures/w-22-down.bf16
1640	22	3	4	4	576	1536	0	0	/tmp/riley-opt-260912/multisequence-projection-candidates-v1/fixtures/x-1536-0-m4-a4.bf16	/tmp/riley-opt-260912/multisequence-projection-candidates-v1/fixtures/w-22-down.bf16
1641	22	3	4	4	576	1536	0	1	/tmp/riley-opt-260912/multisequence-projection-candidates-v1/fixtures/x-1536-0-m4-a4.bf16	/tmp/riley-opt-260912/multisequence-projection-candidates-v1/fixtures/w-22-down.bf16
1642	22	3	4	3	576	1536	0	0	/tmp/riley-opt-260912/multisequence-projection-candidates-v1/fixtures/x-1536-0-m4-a3.bf16	/tmp/riley-opt-260912/multisequence-projection-candidates-v1/fixtures/w-22-down.bf16
1643	22	3	4	3	576	1536	0	1	/tmp/riley-opt-260912/multisequence-projection-candidates-v1/fixtures/x-1536-0-m4-a3.bf16	/tmp/riley-opt-260912/multisequence-projection-candidates-v1/fixtures/w-22-down.bf16
1644	22	3	2	2	576	1536	1	0	/tmp/riley-opt-260912/multisequence-projection-candidates-v1/fixtures/x-1536-1-m2-a2.bf16	/tmp/riley-opt-260912/multisequence-projection-candidates-v1/fixtures/w-22-down.bf16
1645	22	3	2	2	576	1536	1	1	/tmp/riley-opt-260912/multisequence-projection-candidates-v1/fixtures/x-1536-1-m2-a2.bf16	/tmp/riley-opt-260912/multisequence-projection-candidates-v1/fixtures/w-22-down.bf16
1646	22	3	4	4	576	1536	1	0	/tmp/riley-opt-260912/multisequence-projection-candidates-v1/fixtures/x-1536-1-m4-a4.bf16	/tmp/riley-opt-260912/multisequence-projection-candidates-v1/fixtures/w-22-down.bf16
1647	22	3	4	4	576	1536	1	1	/tmp/riley-opt-260912/multisequence-projection-candidates-v1/fixtures/x-1536-1-m4-a4.bf16	/tmp/riley-opt-260912/multisequence-projection-candidates-v1/fixtures/w-22-down.bf16
1648	22	3	4	3	576	1536	1	0	/tmp/riley-opt-260912/multisequence-projection-candidates-v1/fixtures/x-1536-1-m4-a3.bf16	/tmp/riley-opt-260912/multisequence-projection-candidates-v1/fixtures/w-22-down.bf16
1649	22	3	4	3	576	1536	1	1	/tmp/riley-opt-260912/multisequence-projection-candidates-v1/fixtures/x-1536-1-m4-a3.bf16	/tmp/riley-opt-260912/multisequence-projection-candidates-v1/fixtures/w-22-down.bf16
1650	22	3	2	2	576	1536	2	0	/tmp/riley-opt-260912/multisequence-projection-candidates-v1/fixtures/x-1536-2-m2-a2.bf16	/tmp/riley-opt-260912/multisequence-projection-candidates-v1/fixtures/w-22-down.bf16
1651	22	3	2	2	576	1536	2	1	/tmp/riley-opt-260912/multisequence-projection-candidates-v1/fixtures/x-1536-2-m2-a2.bf16	/tmp/riley-opt-260912/multisequence-projection-candidates-v1/fixtures/w-22-down.bf16
1652	22	3	4	4	576	1536	2	0	/tmp/riley-opt-260912/multisequence-projection-candidates-v1/fixtures/x-1536-2-m4-a4.bf16	/tmp/riley-opt-260912/multisequence-projection-candidates-v1/fixtures/w-22-down.bf16
1653	22	3	4	4	576	1536	2	1	/tmp/riley-opt-260912/multisequence-projection-candidates-v1/fixtures/x-1536-2-m4-a4.bf16	/tmp/riley-opt-260912/multisequence-projection-candidates-v1/fixtures/w-22-down.bf16
1654	22	3	4	3	576	1536	2	0	/tmp/riley-opt-260912/multisequence-projection-candidates-v1/fixtures/x-1536-2-m4-a3.bf16	/tmp/riley-opt-260912/multisequence-projection-candidates-v1/fixtures/w-22-down.bf16
1655	22	3	4	3	576	1536	2	1	/tmp/riley-opt-260912/multisequence-projection-candidates-v1/fixtures/x-1536-2-m4-a3.bf16	/tmp/riley-opt-260912/multisequence-projection-candidates-v1/fixtures/w-22-down.bf16
1656	23	0	2	2	960	576	0	0	/tmp/riley-opt-260912/multisequence-projection-candidates-v1/fixtures/x-576-0-m2-a2.bf16	/tmp/riley-opt-260912/multisequence-projection-candidates-v1/fixtures/w-23-qkv.bf16
1657	23	0	2	2	960	576	0	1	/tmp/riley-opt-260912/multisequence-projection-candidates-v1/fixtures/x-576-0-m2-a2.bf16	/tmp/riley-opt-260912/multisequence-projection-candidates-v1/fixtures/w-23-qkv.bf16
1658	23	0	4	4	960	576	0	0	/tmp/riley-opt-260912/multisequence-projection-candidates-v1/fixtures/x-576-0-m4-a4.bf16	/tmp/riley-opt-260912/multisequence-projection-candidates-v1/fixtures/w-23-qkv.bf16
1659	23	0	4	4	960	576	0	1	/tmp/riley-opt-260912/multisequence-projection-candidates-v1/fixtures/x-576-0-m4-a4.bf16	/tmp/riley-opt-260912/multisequence-projection-candidates-v1/fixtures/w-23-qkv.bf16
1660	23	0	4	3	960	576	0	0	/tmp/riley-opt-260912/multisequence-projection-candidates-v1/fixtures/x-576-0-m4-a3.bf16	/tmp/riley-opt-260912/multisequence-projection-candidates-v1/fixtures/w-23-qkv.bf16
1661	23	0	4	3	960	576	0	1	/tmp/riley-opt-260912/multisequence-projection-candidates-v1/fixtures/x-576-0-m4-a3.bf16	/tmp/riley-opt-260912/multisequence-projection-candidates-v1/fixtures/w-23-qkv.bf16
1662	23	0	2	2	960	576	1	0	/tmp/riley-opt-260912/multisequence-projection-candidates-v1/fixtures/x-576-1-m2-a2.bf16	/tmp/riley-opt-260912/multisequence-projection-candidates-v1/fixtures/w-23-qkv.bf16
1663	23	0	2	2	960	576	1	1	/tmp/riley-opt-260912/multisequence-projection-candidates-v1/fixtures/x-576-1-m2-a2.bf16	/tmp/riley-opt-260912/multisequence-projection-candidates-v1/fixtures/w-23-qkv.bf16
1664	23	0	4	4	960	576	1	0	/tmp/riley-opt-260912/multisequence-projection-candidates-v1/fixtures/x-576-1-m4-a4.bf16	/tmp/riley-opt-260912/multisequence-projection-candidates-v1/fixtures/w-23-qkv.bf16
1665	23	0	4	4	960	576	1	1	/tmp/riley-opt-260912/multisequence-projection-candidates-v1/fixtures/x-576-1-m4-a4.bf16	/tmp/riley-opt-260912/multisequence-projection-candidates-v1/fixtures/w-23-qkv.bf16
1666	23	0	4	3	960	576	1	0	/tmp/riley-opt-260912/multisequence-projection-candidates-v1/fixtures/x-576-1-m4-a3.bf16	/tmp/riley-opt-260912/multisequence-projection-candidates-v1/fixtures/w-23-qkv.bf16
1667	23	0	4	3	960	576	1	1	/tmp/riley-opt-260912/multisequence-projection-candidates-v1/fixtures/x-576-1-m4-a3.bf16	/tmp/riley-opt-260912/multisequence-projection-candidates-v1/fixtures/w-23-qkv.bf16
1668	23	0	2	2	960	576	2	0	/tmp/riley-opt-260912/multisequence-projection-candidates-v1/fixtures/x-576-2-m2-a2.bf16	/tmp/riley-opt-260912/multisequence-projection-candidates-v1/fixtures/w-23-qkv.bf16
1669	23	0	2	2	960	576	2	1	/tmp/riley-opt-260912/multisequence-projection-candidates-v1/fixtures/x-576-2-m2-a2.bf16	/tmp/riley-opt-260912/multisequence-projection-candidates-v1/fixtures/w-23-qkv.bf16
1670	23	0	4	4	960	576	2	0	/tmp/riley-opt-260912/multisequence-projection-candidates-v1/fixtures/x-576-2-m4-a4.bf16	/tmp/riley-opt-260912/multisequence-projection-candidates-v1/fixtures/w-23-qkv.bf16
1671	23	0	4	4	960	576	2	1	/tmp/riley-opt-260912/multisequence-projection-candidates-v1/fixtures/x-576-2-m4-a4.bf16	/tmp/riley-opt-260912/multisequence-projection-candidates-v1/fixtures/w-23-qkv.bf16
1672	23	0	4	3	960	576	2	0	/tmp/riley-opt-260912/multisequence-projection-candidates-v1/fixtures/x-576-2-m4-a3.bf16	/tmp/riley-opt-260912/multisequence-projection-candidates-v1/fixtures/w-23-qkv.bf16
1673	23	0	4	3	960	576	2	1	/tmp/riley-opt-260912/multisequence-projection-candidates-v1/fixtures/x-576-2-m4-a3.bf16	/tmp/riley-opt-260912/multisequence-projection-candidates-v1/fixtures/w-23-qkv.bf16
1674	23	1	2	2	3072	576	0	0	/tmp/riley-opt-260912/multisequence-projection-candidates-v1/fixtures/x-576-0-m2-a2.bf16	/tmp/riley-opt-260912/multisequence-projection-candidates-v1/fixtures/w-23-gate_up.bf16
1675	23	1	2	2	3072	576	0	1	/tmp/riley-opt-260912/multisequence-projection-candidates-v1/fixtures/x-576-0-m2-a2.bf16	/tmp/riley-opt-260912/multisequence-projection-candidates-v1/fixtures/w-23-gate_up.bf16
1676	23	1	4	4	3072	576	0	0	/tmp/riley-opt-260912/multisequence-projection-candidates-v1/fixtures/x-576-0-m4-a4.bf16	/tmp/riley-opt-260912/multisequence-projection-candidates-v1/fixtures/w-23-gate_up.bf16
1677	23	1	4	4	3072	576	0	1	/tmp/riley-opt-260912/multisequence-projection-candidates-v1/fixtures/x-576-0-m4-a4.bf16	/tmp/riley-opt-260912/multisequence-projection-candidates-v1/fixtures/w-23-gate_up.bf16
1678	23	1	4	3	3072	576	0	0	/tmp/riley-opt-260912/multisequence-projection-candidates-v1/fixtures/x-576-0-m4-a3.bf16	/tmp/riley-opt-260912/multisequence-projection-candidates-v1/fixtures/w-23-gate_up.bf16
1679	23	1	4	3	3072	576	0	1	/tmp/riley-opt-260912/multisequence-projection-candidates-v1/fixtures/x-576-0-m4-a3.bf16	/tmp/riley-opt-260912/multisequence-projection-candidates-v1/fixtures/w-23-gate_up.bf16
1680	23	1	2	2	3072	576	1	0	/tmp/riley-opt-260912/multisequence-projection-candidates-v1/fixtures/x-576-1-m2-a2.bf16	/tmp/riley-opt-260912/multisequence-projection-candidates-v1/fixtures/w-23-gate_up.bf16
1681	23	1	2	2	3072	576	1	1	/tmp/riley-opt-260912/multisequence-projection-candidates-v1/fixtures/x-576-1-m2-a2.bf16	/tmp/riley-opt-260912/multisequence-projection-candidates-v1/fixtures/w-23-gate_up.bf16
1682	23	1	4	4	3072	576	1	0	/tmp/riley-opt-260912/multisequence-projection-candidates-v1/fixtures/x-576-1-m4-a4.bf16	/tmp/riley-opt-260912/multisequence-projection-candidates-v1/fixtures/w-23-gate_up.bf16
1683	23	1	4	4	3072	576	1	1	/tmp/riley-opt-260912/multisequence-projection-candidates-v1/fixtures/x-576-1-m4-a4.bf16	/tmp/riley-opt-260912/multisequence-projection-candidates-v1/fixtures/w-23-gate_up.bf16
1684	23	1	4	3	3072	576	1	0	/tmp/riley-opt-260912/multisequence-projection-candidates-v1/fixtures/x-576-1-m4-a3.bf16	/tmp/riley-opt-260912/multisequence-projection-candidates-v1/fixtures/w-23-gate_up.bf16
1685	23	1	4	3	3072	576	1	1	/tmp/riley-opt-260912/multisequence-projection-candidates-v1/fixtures/x-576-1-m4-a3.bf16	/tmp/riley-opt-260912/multisequence-projection-candidates-v1/fixtures/w-23-gate_up.bf16
1686	23	1	2	2	3072	576	2	0	/tmp/riley-opt-260912/multisequence-projection-candidates-v1/fixtures/x-576-2-m2-a2.bf16	/tmp/riley-opt-260912/multisequence-projection-candidates-v1/fixtures/w-23-gate_up.bf16
1687	23	1	2	2	3072	576	2	1	/tmp/riley-opt-260912/multisequence-projection-candidates-v1/fixtures/x-576-2-m2-a2.bf16	/tmp/riley-opt-260912/multisequence-projection-candidates-v1/fixtures/w-23-gate_up.bf16
1688	23	1	4	4	3072	576	2	0	/tmp/riley-opt-260912/multisequence-projection-candidates-v1/fixtures/x-576-2-m4-a4.bf16	/tmp/riley-opt-260912/multisequence-projection-candidates-v1/fixtures/w-23-gate_up.bf16
1689	23	1	4	4	3072	576	2	1	/tmp/riley-opt-260912/multisequence-projection-candidates-v1/fixtures/x-576-2-m4-a4.bf16	/tmp/riley-opt-260912/multisequence-projection-candidates-v1/fixtures/w-23-gate_up.bf16
1690	23	1	4	3	3072	576	2	0	/tmp/riley-opt-260912/multisequence-projection-candidates-v1/fixtures/x-576-2-m4-a3.bf16	/tmp/riley-opt-260912/multisequence-projection-candidates-v1/fixtures/w-23-gate_up.bf16
1691	23	1	4	3	3072	576	2	1	/tmp/riley-opt-260912/multisequence-projection-candidates-v1/fixtures/x-576-2-m4-a3.bf16	/tmp/riley-opt-260912/multisequence-projection-candidates-v1/fixtures/w-23-gate_up.bf16
1692	23	2	2	2	576	576	0	0	/tmp/riley-opt-260912/multisequence-projection-candidates-v1/fixtures/x-576-0-m2-a2.bf16	/tmp/riley-opt-260912/multisequence-projection-candidates-v1/fixtures/w-23-o.bf16
1693	23	2	2	2	576	576	0	1	/tmp/riley-opt-260912/multisequence-projection-candidates-v1/fixtures/x-576-0-m2-a2.bf16	/tmp/riley-opt-260912/multisequence-projection-candidates-v1/fixtures/w-23-o.bf16
1694	23	2	4	4	576	576	0	0	/tmp/riley-opt-260912/multisequence-projection-candidates-v1/fixtures/x-576-0-m4-a4.bf16	/tmp/riley-opt-260912/multisequence-projection-candidates-v1/fixtures/w-23-o.bf16
1695	23	2	4	4	576	576	0	1	/tmp/riley-opt-260912/multisequence-projection-candidates-v1/fixtures/x-576-0-m4-a4.bf16	/tmp/riley-opt-260912/multisequence-projection-candidates-v1/fixtures/w-23-o.bf16
1696	23	2	4	3	576	576	0	0	/tmp/riley-opt-260912/multisequence-projection-candidates-v1/fixtures/x-576-0-m4-a3.bf16	/tmp/riley-opt-260912/multisequence-projection-candidates-v1/fixtures/w-23-o.bf16
1697	23	2	4	3	576	576	0	1	/tmp/riley-opt-260912/multisequence-projection-candidates-v1/fixtures/x-576-0-m4-a3.bf16	/tmp/riley-opt-260912/multisequence-projection-candidates-v1/fixtures/w-23-o.bf16
1698	23	2	2	2	576	576	1	0	/tmp/riley-opt-260912/multisequence-projection-candidates-v1/fixtures/x-576-1-m2-a2.bf16	/tmp/riley-opt-260912/multisequence-projection-candidates-v1/fixtures/w-23-o.bf16
1699	23	2	2	2	576	576	1	1	/tmp/riley-opt-260912/multisequence-projection-candidates-v1/fixtures/x-576-1-m2-a2.bf16	/tmp/riley-opt-260912/multisequence-projection-candidates-v1/fixtures/w-23-o.bf16
1700	23	2	4	4	576	576	1	0	/tmp/riley-opt-260912/multisequence-projection-candidates-v1/fixtures/x-576-1-m4-a4.bf16	/tmp/riley-opt-260912/multisequence-projection-candidates-v1/fixtures/w-23-o.bf16
1701	23	2	4	4	576	576	1	1	/tmp/riley-opt-260912/multisequence-projection-candidates-v1/fixtures/x-576-1-m4-a4.bf16	/tmp/riley-opt-260912/multisequence-projection-candidates-v1/fixtures/w-23-o.bf16
1702	23	2	4	3	576	576	1	0	/tmp/riley-opt-260912/multisequence-projection-candidates-v1/fixtures/x-576-1-m4-a3.bf16	/tmp/riley-opt-260912/multisequence-projection-candidates-v1/fixtures/w-23-o.bf16
1703	23	2	4	3	576	576	1	1	/tmp/riley-opt-260912/multisequence-projection-candidates-v1/fixtures/x-576-1-m4-a3.bf16	/tmp/riley-opt-260912/multisequence-projection-candidates-v1/fixtures/w-23-o.bf16
1704	23	2	2	2	576	576	2	0	/tmp/riley-opt-260912/multisequence-projection-candidates-v1/fixtures/x-576-2-m2-a2.bf16	/tmp/riley-opt-260912/multisequence-projection-candidates-v1/fixtures/w-23-o.bf16
1705	23	2	2	2	576	576	2	1	/tmp/riley-opt-260912/multisequence-projection-candidates-v1/fixtures/x-576-2-m2-a2.bf16	/tmp/riley-opt-260912/multisequence-projection-candidates-v1/fixtures/w-23-o.bf16
1706	23	2	4	4	576	576	2	0	/tmp/riley-opt-260912/multisequence-projection-candidates-v1/fixtures/x-576-2-m4-a4.bf16	/tmp/riley-opt-260912/multisequence-projection-candidates-v1/fixtures/w-23-o.bf16
1707	23	2	4	4	576	576	2	1	/tmp/riley-opt-260912/multisequence-projection-candidates-v1/fixtures/x-576-2-m4-a4.bf16	/tmp/riley-opt-260912/multisequence-projection-candidates-v1/fixtures/w-23-o.bf16
1708	23	2	4	3	576	576	2	0	/tmp/riley-opt-260912/multisequence-projection-candidates-v1/fixtures/x-576-2-m4-a3.bf16	/tmp/riley-opt-260912/multisequence-projection-candidates-v1/fixtures/w-23-o.bf16
1709	23	2	4	3	576	576	2	1	/tmp/riley-opt-260912/multisequence-projection-candidates-v1/fixtures/x-576-2-m4-a3.bf16	/tmp/riley-opt-260912/multisequence-projection-candidates-v1/fixtures/w-23-o.bf16
1710	23	3	2	2	576	1536	0	0	/tmp/riley-opt-260912/multisequence-projection-candidates-v1/fixtures/x-1536-0-m2-a2.bf16	/tmp/riley-opt-260912/multisequence-projection-candidates-v1/fixtures/w-23-down.bf16
1711	23	3	2	2	576	1536	0	1	/tmp/riley-opt-260912/multisequence-projection-candidates-v1/fixtures/x-1536-0-m2-a2.bf16	/tmp/riley-opt-260912/multisequence-projection-candidates-v1/fixtures/w-23-down.bf16
1712	23	3	4	4	576	1536	0	0	/tmp/riley-opt-260912/multisequence-projection-candidates-v1/fixtures/x-1536-0-m4-a4.bf16	/tmp/riley-opt-260912/multisequence-projection-candidates-v1/fixtures/w-23-down.bf16
1713	23	3	4	4	576	1536	0	1	/tmp/riley-opt-260912/multisequence-projection-candidates-v1/fixtures/x-1536-0-m4-a4.bf16	/tmp/riley-opt-260912/multisequence-projection-candidates-v1/fixtures/w-23-down.bf16
1714	23	3	4	3	576	1536	0	0	/tmp/riley-opt-260912/multisequence-projection-candidates-v1/fixtures/x-1536-0-m4-a3.bf16	/tmp/riley-opt-260912/multisequence-projection-candidates-v1/fixtures/w-23-down.bf16
1715	23	3	4	3	576	1536	0	1	/tmp/riley-opt-260912/multisequence-projection-candidates-v1/fixtures/x-1536-0-m4-a3.bf16	/tmp/riley-opt-260912/multisequence-projection-candidates-v1/fixtures/w-23-down.bf16
1716	23	3	2	2	576	1536	1	0	/tmp/riley-opt-260912/multisequence-projection-candidates-v1/fixtures/x-1536-1-m2-a2.bf16	/tmp/riley-opt-260912/multisequence-projection-candidates-v1/fixtures/w-23-down.bf16
1717	23	3	2	2	576	1536	1	1	/tmp/riley-opt-260912/multisequence-projection-candidates-v1/fixtures/x-1536-1-m2-a2.bf16	/tmp/riley-opt-260912/multisequence-projection-candidates-v1/fixtures/w-23-down.bf16
1718	23	3	4	4	576	1536	1	0	/tmp/riley-opt-260912/multisequence-projection-candidates-v1/fixtures/x-1536-1-m4-a4.bf16	/tmp/riley-opt-260912/multisequence-projection-candidates-v1/fixtures/w-23-down.bf16
1719	23	3	4	4	576	1536	1	1	/tmp/riley-opt-260912/multisequence-projection-candidates-v1/fixtures/x-1536-1-m4-a4.bf16	/tmp/riley-opt-260912/multisequence-projection-candidates-v1/fixtures/w-23-down.bf16
1720	23	3	4	3	576	1536	1	0	/tmp/riley-opt-260912/multisequence-projection-candidates-v1/fixtures/x-1536-1-m4-a3.bf16	/tmp/riley-opt-260912/multisequence-projection-candidates-v1/fixtures/w-23-down.bf16
1721	23	3	4	3	576	1536	1	1	/tmp/riley-opt-260912/multisequence-projection-candidates-v1/fixtures/x-1536-1-m4-a3.bf16	/tmp/riley-opt-260912/multisequence-projection-candidates-v1/fixtures/w-23-down.bf16
1722	23	3	2	2	576	1536	2	0	/tmp/riley-opt-260912/multisequence-projection-candidates-v1/fixtures/x-1536-2-m2-a2.bf16	/tmp/riley-opt-260912/multisequence-projection-candidates-v1/fixtures/w-23-down.bf16
1723	23	3	2	2	576	1536	2	1	/tmp/riley-opt-260912/multisequence-projection-candidates-v1/fixtures/x-1536-2-m2-a2.bf16	/tmp/riley-opt-260912/multisequence-projection-candidates-v1/fixtures/w-23-down.bf16
1724	23	3	4	4	576	1536	2	0	/tmp/riley-opt-260912/multisequence-projection-candidates-v1/fixtures/x-1536-2-m4-a4.bf16	/tmp/riley-opt-260912/multisequence-projection-candidates-v1/fixtures/w-23-down.bf16
1725	23	3	4	4	576	1536	2	1	/tmp/riley-opt-260912/multisequence-projection-candidates-v1/fixtures/x-1536-2-m4-a4.bf16	/tmp/riley-opt-260912/multisequence-projection-candidates-v1/fixtures/w-23-down.bf16
1726	23	3	4	3	576	1536	2	0	/tmp/riley-opt-260912/multisequence-projection-candidates-v1/fixtures/x-1536-2-m4-a3.bf16	/tmp/riley-opt-260912/multisequence-projection-candidates-v1/fixtures/w-23-down.bf16
1727	23	3	4	3	576	1536	2	1	/tmp/riley-opt-260912/multisequence-projection-candidates-v1/fixtures/x-1536-2-m4-a3.bf16	/tmp/riley-opt-260912/multisequence-projection-candidates-v1/fixtures/w-23-down.bf16
1728	24	0	2	2	960	576	0	0	/tmp/riley-opt-260912/multisequence-projection-candidates-v1/fixtures/x-576-0-m2-a2.bf16	/tmp/riley-opt-260912/multisequence-projection-candidates-v1/fixtures/w-24-qkv.bf16
1729	24	0	2	2	960	576	0	1	/tmp/riley-opt-260912/multisequence-projection-candidates-v1/fixtures/x-576-0-m2-a2.bf16	/tmp/riley-opt-260912/multisequence-projection-candidates-v1/fixtures/w-24-qkv.bf16
1730	24	0	4	4	960	576	0	0	/tmp/riley-opt-260912/multisequence-projection-candidates-v1/fixtures/x-576-0-m4-a4.bf16	/tmp/riley-opt-260912/multisequence-projection-candidates-v1/fixtures/w-24-qkv.bf16
1731	24	0	4	4	960	576	0	1	/tmp/riley-opt-260912/multisequence-projection-candidates-v1/fixtures/x-576-0-m4-a4.bf16	/tmp/riley-opt-260912/multisequence-projection-candidates-v1/fixtures/w-24-qkv.bf16
1732	24	0	4	3	960	576	0	0	/tmp/riley-opt-260912/multisequence-projection-candidates-v1/fixtures/x-576-0-m4-a3.bf16	/tmp/riley-opt-260912/multisequence-projection-candidates-v1/fixtures/w-24-qkv.bf16
1733	24	0	4	3	960	576	0	1	/tmp/riley-opt-260912/multisequence-projection-candidates-v1/fixtures/x-576-0-m4-a3.bf16	/tmp/riley-opt-260912/multisequence-projection-candidates-v1/fixtures/w-24-qkv.bf16
1734	24	0	2	2	960	576	1	0	/tmp/riley-opt-260912/multisequence-projection-candidates-v1/fixtures/x-576-1-m2-a2.bf16	/tmp/riley-opt-260912/multisequence-projection-candidates-v1/fixtures/w-24-qkv.bf16
1735	24	0	2	2	960	576	1	1	/tmp/riley-opt-260912/multisequence-projection-candidates-v1/fixtures/x-576-1-m2-a2.bf16	/tmp/riley-opt-260912/multisequence-projection-candidates-v1/fixtures/w-24-qkv.bf16
1736	24	0	4	4	960	576	1	0	/tmp/riley-opt-260912/multisequence-projection-candidates-v1/fixtures/x-576-1-m4-a4.bf16	/tmp/riley-opt-260912/multisequence-projection-candidates-v1/fixtures/w-24-qkv.bf16
1737	24	0	4	4	960	576	1	1	/tmp/riley-opt-260912/multisequence-projection-candidates-v1/fixtures/x-576-1-m4-a4.bf16	/tmp/riley-opt-260912/multisequence-projection-candidates-v1/fixtures/w-24-qkv.bf16
1738	24	0	4	3	960	576	1	0	/tmp/riley-opt-260912/multisequence-projection-candidates-v1/fixtures/x-576-1-m4-a3.bf16	/tmp/riley-opt-260912/multisequence-projection-candidates-v1/fixtures/w-24-qkv.bf16
1739	24	0	4	3	960	576	1	1	/tmp/riley-opt-260912/multisequence-projection-candidates-v1/fixtures/x-576-1-m4-a3.bf16	/tmp/riley-opt-260912/multisequence-projection-candidates-v1/fixtures/w-24-qkv.bf16
1740	24	0	2	2	960	576	2	0	/tmp/riley-opt-260912/multisequence-projection-candidates-v1/fixtures/x-576-2-m2-a2.bf16	/tmp/riley-opt-260912/multisequence-projection-candidates-v1/fixtures/w-24-qkv.bf16
1741	24	0	2	2	960	576	2	1	/tmp/riley-opt-260912/multisequence-projection-candidates-v1/fixtures/x-576-2-m2-a2.bf16	/tmp/riley-opt-260912/multisequence-projection-candidates-v1/fixtures/w-24-qkv.bf16
1742	24	0	4	4	960	576	2	0	/tmp/riley-opt-260912/multisequence-projection-candidates-v1/fixtures/x-576-2-m4-a4.bf16	/tmp/riley-opt-260912/multisequence-projection-candidates-v1/fixtures/w-24-qkv.bf16
1743	24	0	4	4	960	576	2	1	/tmp/riley-opt-260912/multisequence-projection-candidates-v1/fixtures/x-576-2-m4-a4.bf16	/tmp/riley-opt-260912/multisequence-projection-candidates-v1/fixtures/w-24-qkv.bf16
1744	24	0	4	3	960	576	2	0	/tmp/riley-opt-260912/multisequence-projection-candidates-v1/fixtures/x-576-2-m4-a3.bf16	/tmp/riley-opt-260912/multisequence-projection-candidates-v1/fixtures/w-24-qkv.bf16
1745	24	0	4	3	960	576	2	1	/tmp/riley-opt-260912/multisequence-projection-candidates-v1/fixtures/x-576-2-m4-a3.bf16	/tmp/riley-opt-260912/multisequence-projection-candidates-v1/fixtures/w-24-qkv.bf16
1746	24	1	2	2	3072	576	0	0	/tmp/riley-opt-260912/multisequence-projection-candidates-v1/fixtures/x-576-0-m2-a2.bf16	/tmp/riley-opt-260912/multisequence-projection-candidates-v1/fixtures/w-24-gate_up.bf16
1747	24	1	2	2	3072	576	0	1	/tmp/riley-opt-260912/multisequence-projection-candidates-v1/fixtures/x-576-0-m2-a2.bf16	/tmp/riley-opt-260912/multisequence-projection-candidates-v1/fixtures/w-24-gate_up.bf16
1748	24	1	4	4	3072	576	0	0	/tmp/riley-opt-260912/multisequence-projection-candidates-v1/fixtures/x-576-0-m4-a4.bf16	/tmp/riley-opt-260912/multisequence-projection-candidates-v1/fixtures/w-24-gate_up.bf16
1749	24	1	4	4	3072	576	0	1	/tmp/riley-opt-260912/multisequence-projection-candidates-v1/fixtures/x-576-0-m4-a4.bf16	/tmp/riley-opt-260912/multisequence-projection-candidates-v1/fixtures/w-24-gate_up.bf16
1750	24	1	4	3	3072	576	0	0	/tmp/riley-opt-260912/multisequence-projection-candidates-v1/fixtures/x-576-0-m4-a3.bf16	/tmp/riley-opt-260912/multisequence-projection-candidates-v1/fixtures/w-24-gate_up.bf16
1751	24	1	4	3	3072	576	0	1	/tmp/riley-opt-260912/multisequence-projection-candidates-v1/fixtures/x-576-0-m4-a3.bf16	/tmp/riley-opt-260912/multisequence-projection-candidates-v1/fixtures/w-24-gate_up.bf16
1752	24	1	2	2	3072	576	1	0	/tmp/riley-opt-260912/multisequence-projection-candidates-v1/fixtures/x-576-1-m2-a2.bf16	/tmp/riley-opt-260912/multisequence-projection-candidates-v1/fixtures/w-24-gate_up.bf16
1753	24	1	2	2	3072	576	1	1	/tmp/riley-opt-260912/multisequence-projection-candidates-v1/fixtures/x-576-1-m2-a2.bf16	/tmp/riley-opt-260912/multisequence-projection-candidates-v1/fixtures/w-24-gate_up.bf16
1754	24	1	4	4	3072	576	1	0	/tmp/riley-opt-260912/multisequence-projection-candidates-v1/fixtures/x-576-1-m4-a4.bf16	/tmp/riley-opt-260912/multisequence-projection-candidates-v1/fixtures/w-24-gate_up.bf16
1755	24	1	4	4	3072	576	1	1	/tmp/riley-opt-260912/multisequence-projection-candidates-v1/fixtures/x-576-1-m4-a4.bf16	/tmp/riley-opt-260912/multisequence-projection-candidates-v1/fixtures/w-24-gate_up.bf16
1756	24	1	4	3	3072	576	1	0	/tmp/riley-opt-260912/multisequence-projection-candidates-v1/fixtures/x-576-1-m4-a3.bf16	/tmp/riley-opt-260912/multisequence-projection-candidates-v1/fixtures/w-24-gate_up.bf16
1757	24	1	4	3	3072	576	1	1	/tmp/riley-opt-260912/multisequence-projection-candidates-v1/fixtures/x-576-1-m4-a3.bf16	/tmp/riley-opt-260912/multisequence-projection-candidates-v1/fixtures/w-24-gate_up.bf16
1758	24	1	2	2	3072	576	2	0	/tmp/riley-opt-260912/multisequence-projection-candidates-v1/fixtures/x-576-2-m2-a2.bf16	/tmp/riley-opt-260912/multisequence-projection-candidates-v1/fixtures/w-24-gate_up.bf16
1759	24	1	2	2	3072	576	2	1	/tmp/riley-opt-260912/multisequence-projection-candidates-v1/fixtures/x-576-2-m2-a2.bf16	/tmp/riley-opt-260912/multisequence-projection-candidates-v1/fixtures/w-24-gate_up.bf16
1760	24	1	4	4	3072	576	2	0	/tmp/riley-opt-260912/multisequence-projection-candidates-v1/fixtures/x-576-2-m4-a4.bf16	/tmp/riley-opt-260912/multisequence-projection-candidates-v1/fixtures/w-24-gate_up.bf16
1761	24	1	4	4	3072	576	2	1	/tmp/riley-opt-260912/multisequence-projection-candidates-v1/fixtures/x-576-2-m4-a4.bf16	/tmp/riley-opt-260912/multisequence-projection-candidates-v1/fixtures/w-24-gate_up.bf16
1762	24	1	4	3	3072	576	2	0	/tmp/riley-opt-260912/multisequence-projection-candidates-v1/fixtures/x-576-2-m4-a3.bf16	/tmp/riley-opt-260912/multisequence-projection-candidates-v1/fixtures/w-24-gate_up.bf16
1763	24	1	4	3	3072	576	2	1	/tmp/riley-opt-260912/multisequence-projection-candidates-v1/fixtures/x-576-2-m4-a3.bf16	/tmp/riley-opt-260912/multisequence-projection-candidates-v1/fixtures/w-24-gate_up.bf16
1764	24	2	2	2	576	576	0	0	/tmp/riley-opt-260912/multisequence-projection-candidates-v1/fixtures/x-576-0-m2-a2.bf16	/tmp/riley-opt-260912/multisequence-projection-candidates-v1/fixtures/w-24-o.bf16
1765	24	2	2	2	576	576	0	1	/tmp/riley-opt-260912/multisequence-projection-candidates-v1/fixtures/x-576-0-m2-a2.bf16	/tmp/riley-opt-260912/multisequence-projection-candidates-v1/fixtures/w-24-o.bf16
1766	24	2	4	4	576	576	0	0	/tmp/riley-opt-260912/multisequence-projection-candidates-v1/fixtures/x-576-0-m4-a4.bf16	/tmp/riley-opt-260912/multisequence-projection-candidates-v1/fixtures/w-24-o.bf16
1767	24	2	4	4	576	576	0	1	/tmp/riley-opt-260912/multisequence-projection-candidates-v1/fixtures/x-576-0-m4-a4.bf16	/tmp/riley-opt-260912/multisequence-projection-candidates-v1/fixtures/w-24-o.bf16
1768	24	2	4	3	576	576	0	0	/tmp/riley-opt-260912/multisequence-projection-candidates-v1/fixtures/x-576-0-m4-a3.bf16	/tmp/riley-opt-260912/multisequence-projection-candidates-v1/fixtures/w-24-o.bf16
1769	24	2	4	3	576	576	0	1	/tmp/riley-opt-260912/multisequence-projection-candidates-v1/fixtures/x-576-0-m4-a3.bf16	/tmp/riley-opt-260912/multisequence-projection-candidates-v1/fixtures/w-24-o.bf16
1770	24	2	2	2	576	576	1	0	/tmp/riley-opt-260912/multisequence-projection-candidates-v1/fixtures/x-576-1-m2-a2.bf16	/tmp/riley-opt-260912/multisequence-projection-candidates-v1/fixtures/w-24-o.bf16
1771	24	2	2	2	576	576	1	1	/tmp/riley-opt-260912/multisequence-projection-candidates-v1/fixtures/x-576-1-m2-a2.bf16	/tmp/riley-opt-260912/multisequence-projection-candidates-v1/fixtures/w-24-o.bf16
1772	24	2	4	4	576	576	1	0	/tmp/riley-opt-260912/multisequence-projection-candidates-v1/fixtures/x-576-1-m4-a4.bf16	/tmp/riley-opt-260912/multisequence-projection-candidates-v1/fixtures/w-24-o.bf16
1773	24	2	4	4	576	576	1	1	/tmp/riley-opt-260912/multisequence-projection-candidates-v1/fixtures/x-576-1-m4-a4.bf16	/tmp/riley-opt-260912/multisequence-projection-candidates-v1/fixtures/w-24-o.bf16
1774	24	2	4	3	576	576	1	0	/tmp/riley-opt-260912/multisequence-projection-candidates-v1/fixtures/x-576-1-m4-a3.bf16	/tmp/riley-opt-260912/multisequence-projection-candidates-v1/fixtures/w-24-o.bf16
1775	24	2	4	3	576	576	1	1	/tmp/riley-opt-260912/multisequence-projection-candidates-v1/fixtures/x-576-1-m4-a3.bf16	/tmp/riley-opt-260912/multisequence-projection-candidates-v1/fixtures/w-24-o.bf16
1776	24	2	2	2	576	576	2	0	/tmp/riley-opt-260912/multisequence-projection-candidates-v1/fixtures/x-576-2-m2-a2.bf16	/tmp/riley-opt-260912/multisequence-projection-candidates-v1/fixtures/w-24-o.bf16
1777	24	2	2	2	576	576	2	1	/tmp/riley-opt-260912/multisequence-projection-candidates-v1/fixtures/x-576-2-m2-a2.bf16	/tmp/riley-opt-260912/multisequence-projection-candidates-v1/fixtures/w-24-o.bf16
1778	24	2	4	4	576	576	2	0	/tmp/riley-opt-260912/multisequence-projection-candidates-v1/fixtures/x-576-2-m4-a4.bf16	/tmp/riley-opt-260912/multisequence-projection-candidates-v1/fixtures/w-24-o.bf16
1779	24	2	4	4	576	576	2	1	/tmp/riley-opt-260912/multisequence-projection-candidates-v1/fixtures/x-576-2-m4-a4.bf16	/tmp/riley-opt-260912/multisequence-projection-candidates-v1/fixtures/w-24-o.bf16
1780	24	2	4	3	576	576	2	0	/tmp/riley-opt-260912/multisequence-projection-candidates-v1/fixtures/x-576-2-m4-a3.bf16	/tmp/riley-opt-260912/multisequence-projection-candidates-v1/fixtures/w-24-o.bf16
1781	24	2	4	3	576	576	2	1	/tmp/riley-opt-260912/multisequence-projection-candidates-v1/fixtures/x-576-2-m4-a3.bf16	/tmp/riley-opt-260912/multisequence-projection-candidates-v1/fixtures/w-24-o.bf16
1782	24	3	2	2	576	1536	0	0	/tmp/riley-opt-260912/multisequence-projection-candidates-v1/fixtures/x-1536-0-m2-a2.bf16	/tmp/riley-opt-260912/multisequence-projection-candidates-v1/fixtures/w-24-down.bf16
1783	24	3	2	2	576	1536	0	1	/tmp/riley-opt-260912/multisequence-projection-candidates-v1/fixtures/x-1536-0-m2-a2.bf16	/tmp/riley-opt-260912/multisequence-projection-candidates-v1/fixtures/w-24-down.bf16
1784	24	3	4	4	576	1536	0	0	/tmp/riley-opt-260912/multisequence-projection-candidates-v1/fixtures/x-1536-0-m4-a4.bf16	/tmp/riley-opt-260912/multisequence-projection-candidates-v1/fixtures/w-24-down.bf16
1785	24	3	4	4	576	1536	0	1	/tmp/riley-opt-260912/multisequence-projection-candidates-v1/fixtures/x-1536-0-m4-a4.bf16	/tmp/riley-opt-260912/multisequence-projection-candidates-v1/fixtures/w-24-down.bf16
1786	24	3	4	3	576	1536	0	0	/tmp/riley-opt-260912/multisequence-projection-candidates-v1/fixtures/x-1536-0-m4-a3.bf16	/tmp/riley-opt-260912/multisequence-projection-candidates-v1/fixtures/w-24-down.bf16
1787	24	3	4	3	576	1536	0	1	/tmp/riley-opt-260912/multisequence-projection-candidates-v1/fixtures/x-1536-0-m4-a3.bf16	/tmp/riley-opt-260912/multisequence-projection-candidates-v1/fixtures/w-24-down.bf16
1788	24	3	2	2	576	1536	1	0	/tmp/riley-opt-260912/multisequence-projection-candidates-v1/fixtures/x-1536-1-m2-a2.bf16	/tmp/riley-opt-260912/multisequence-projection-candidates-v1/fixtures/w-24-down.bf16
1789	24	3	2	2	576	1536	1	1	/tmp/riley-opt-260912/multisequence-projection-candidates-v1/fixtures/x-1536-1-m2-a2.bf16	/tmp/riley-opt-260912/multisequence-projection-candidates-v1/fixtures/w-24-down.bf16
1790	24	3	4	4	576	1536	1	0	/tmp/riley-opt-260912/multisequence-projection-candidates-v1/fixtures/x-1536-1-m4-a4.bf16	/tmp/riley-opt-260912/multisequence-projection-candidates-v1/fixtures/w-24-down.bf16
1791	24	3	4	4	576	1536	1	1	/tmp/riley-opt-260912/multisequence-projection-candidates-v1/fixtures/x-1536-1-m4-a4.bf16	/tmp/riley-opt-260912/multisequence-projection-candidates-v1/fixtures/w-24-down.bf16
1792	24	3	4	3	576	1536	1	0	/tmp/riley-opt-260912/multisequence-projection-candidates-v1/fixtures/x-1536-1-m4-a3.bf16	/tmp/riley-opt-260912/multisequence-projection-candidates-v1/fixtures/w-24-down.bf16
1793	24	3	4	3	576	1536	1	1	/tmp/riley-opt-260912/multisequence-projection-candidates-v1/fixtures/x-1536-1-m4-a3.bf16	/tmp/riley-opt-260912/multisequence-projection-candidates-v1/fixtures/w-24-down.bf16
1794	24	3	2	2	576	1536	2	0	/tmp/riley-opt-260912/multisequence-projection-candidates-v1/fixtures/x-1536-2-m2-a2.bf16	/tmp/riley-opt-260912/multisequence-projection-candidates-v1/fixtures/w-24-down.bf16
1795	24	3	2	2	576	1536	2	1	/tmp/riley-opt-260912/multisequence-projection-candidates-v1/fixtures/x-1536-2-m2-a2.bf16	/tmp/riley-opt-260912/multisequence-projection-candidates-v1/fixtures/w-24-down.bf16
1796	24	3	4	4	576	1536	2	0	/tmp/riley-opt-260912/multisequence-projection-candidates-v1/fixtures/x-1536-2-m4-a4.bf16	/tmp/riley-opt-260912/multisequence-projection-candidates-v1/fixtures/w-24-down.bf16
1797	24	3	4	4	576	1536	2	1	/tmp/riley-opt-260912/multisequence-projection-candidates-v1/fixtures/x-1536-2-m4-a4.bf16	/tmp/riley-opt-260912/multisequence-projection-candidates-v1/fixtures/w-24-down.bf16
1798	24	3	4	3	576	1536	2	0	/tmp/riley-opt-260912/multisequence-projection-candidates-v1/fixtures/x-1536-2-m4-a3.bf16	/tmp/riley-opt-260912/multisequence-projection-candidates-v1/fixtures/w-24-down.bf16
1799	24	3	4	3	576	1536	2	1	/tmp/riley-opt-260912/multisequence-projection-candidates-v1/fixtures/x-1536-2-m4-a3.bf16	/tmp/riley-opt-260912/multisequence-projection-candidates-v1/fixtures/w-24-down.bf16
1800	25	0	2	2	960	576	0	0	/tmp/riley-opt-260912/multisequence-projection-candidates-v1/fixtures/x-576-0-m2-a2.bf16	/tmp/riley-opt-260912/multisequence-projection-candidates-v1/fixtures/w-25-qkv.bf16
1801	25	0	2	2	960	576	0	1	/tmp/riley-opt-260912/multisequence-projection-candidates-v1/fixtures/x-576-0-m2-a2.bf16	/tmp/riley-opt-260912/multisequence-projection-candidates-v1/fixtures/w-25-qkv.bf16
1802	25	0	4	4	960	576	0	0	/tmp/riley-opt-260912/multisequence-projection-candidates-v1/fixtures/x-576-0-m4-a4.bf16	/tmp/riley-opt-260912/multisequence-projection-candidates-v1/fixtures/w-25-qkv.bf16
1803	25	0	4	4	960	576	0	1	/tmp/riley-opt-260912/multisequence-projection-candidates-v1/fixtures/x-576-0-m4-a4.bf16	/tmp/riley-opt-260912/multisequence-projection-candidates-v1/fixtures/w-25-qkv.bf16
1804	25	0	4	3	960	576	0	0	/tmp/riley-opt-260912/multisequence-projection-candidates-v1/fixtures/x-576-0-m4-a3.bf16	/tmp/riley-opt-260912/multisequence-projection-candidates-v1/fixtures/w-25-qkv.bf16
1805	25	0	4	3	960	576	0	1	/tmp/riley-opt-260912/multisequence-projection-candidates-v1/fixtures/x-576-0-m4-a3.bf16	/tmp/riley-opt-260912/multisequence-projection-candidates-v1/fixtures/w-25-qkv.bf16
1806	25	0	2	2	960	576	1	0	/tmp/riley-opt-260912/multisequence-projection-candidates-v1/fixtures/x-576-1-m2-a2.bf16	/tmp/riley-opt-260912/multisequence-projection-candidates-v1/fixtures/w-25-qkv.bf16
1807	25	0	2	2	960	576	1	1	/tmp/riley-opt-260912/multisequence-projection-candidates-v1/fixtures/x-576-1-m2-a2.bf16	/tmp/riley-opt-260912/multisequence-projection-candidates-v1/fixtures/w-25-qkv.bf16
1808	25	0	4	4	960	576	1	0	/tmp/riley-opt-260912/multisequence-projection-candidates-v1/fixtures/x-576-1-m4-a4.bf16	/tmp/riley-opt-260912/multisequence-projection-candidates-v1/fixtures/w-25-qkv.bf16
1809	25	0	4	4	960	576	1	1	/tmp/riley-opt-260912/multisequence-projection-candidates-v1/fixtures/x-576-1-m4-a4.bf16	/tmp/riley-opt-260912/multisequence-projection-candidates-v1/fixtures/w-25-qkv.bf16
1810	25	0	4	3	960	576	1	0	/tmp/riley-opt-260912/multisequence-projection-candidates-v1/fixtures/x-576-1-m4-a3.bf16	/tmp/riley-opt-260912/multisequence-projection-candidates-v1/fixtures/w-25-qkv.bf16
1811	25	0	4	3	960	576	1	1	/tmp/riley-opt-260912/multisequence-projection-candidates-v1/fixtures/x-576-1-m4-a3.bf16	/tmp/riley-opt-260912/multisequence-projection-candidates-v1/fixtures/w-25-qkv.bf16
1812	25	0	2	2	960	576	2	0	/tmp/riley-opt-260912/multisequence-projection-candidates-v1/fixtures/x-576-2-m2-a2.bf16	/tmp/riley-opt-260912/multisequence-projection-candidates-v1/fixtures/w-25-qkv.bf16
1813	25	0	2	2	960	576	2	1	/tmp/riley-opt-260912/multisequence-projection-candidates-v1/fixtures/x-576-2-m2-a2.bf16	/tmp/riley-opt-260912/multisequence-projection-candidates-v1/fixtures/w-25-qkv.bf16
1814	25	0	4	4	960	576	2	0	/tmp/riley-opt-260912/multisequence-projection-candidates-v1/fixtures/x-576-2-m4-a4.bf16	/tmp/riley-opt-260912/multisequence-projection-candidates-v1/fixtures/w-25-qkv.bf16
1815	25	0	4	4	960	576	2	1	/tmp/riley-opt-260912/multisequence-projection-candidates-v1/fixtures/x-576-2-m4-a4.bf16	/tmp/riley-opt-260912/multisequence-projection-candidates-v1/fixtures/w-25-qkv.bf16
1816	25	0	4	3	960	576	2	0	/tmp/riley-opt-260912/multisequence-projection-candidates-v1/fixtures/x-576-2-m4-a3.bf16	/tmp/riley-opt-260912/multisequence-projection-candidates-v1/fixtures/w-25-qkv.bf16
1817	25	0	4	3	960	576	2	1	/tmp/riley-opt-260912/multisequence-projection-candidates-v1/fixtures/x-576-2-m4-a3.bf16	/tmp/riley-opt-260912/multisequence-projection-candidates-v1/fixtures/w-25-qkv.bf16
1818	25	1	2	2	3072	576	0	0	/tmp/riley-opt-260912/multisequence-projection-candidates-v1/fixtures/x-576-0-m2-a2.bf16	/tmp/riley-opt-260912/multisequence-projection-candidates-v1/fixtures/w-25-gate_up.bf16
1819	25	1	2	2	3072	576	0	1	/tmp/riley-opt-260912/multisequence-projection-candidates-v1/fixtures/x-576-0-m2-a2.bf16	/tmp/riley-opt-260912/multisequence-projection-candidates-v1/fixtures/w-25-gate_up.bf16
1820	25	1	4	4	3072	576	0	0	/tmp/riley-opt-260912/multisequence-projection-candidates-v1/fixtures/x-576-0-m4-a4.bf16	/tmp/riley-opt-260912/multisequence-projection-candidates-v1/fixtures/w-25-gate_up.bf16
1821	25	1	4	4	3072	576	0	1	/tmp/riley-opt-260912/multisequence-projection-candidates-v1/fixtures/x-576-0-m4-a4.bf16	/tmp/riley-opt-260912/multisequence-projection-candidates-v1/fixtures/w-25-gate_up.bf16
1822	25	1	4	3	3072	576	0	0	/tmp/riley-opt-260912/multisequence-projection-candidates-v1/fixtures/x-576-0-m4-a3.bf16	/tmp/riley-opt-260912/multisequence-projection-candidates-v1/fixtures/w-25-gate_up.bf16
1823	25	1	4	3	3072	576	0	1	/tmp/riley-opt-260912/multisequence-projection-candidates-v1/fixtures/x-576-0-m4-a3.bf16	/tmp/riley-opt-260912/multisequence-projection-candidates-v1/fixtures/w-25-gate_up.bf16
1824	25	1	2	2	3072	576	1	0	/tmp/riley-opt-260912/multisequence-projection-candidates-v1/fixtures/x-576-1-m2-a2.bf16	/tmp/riley-opt-260912/multisequence-projection-candidates-v1/fixtures/w-25-gate_up.bf16
1825	25	1	2	2	3072	576	1	1	/tmp/riley-opt-260912/multisequence-projection-candidates-v1/fixtures/x-576-1-m2-a2.bf16	/tmp/riley-opt-260912/multisequence-projection-candidates-v1/fixtures/w-25-gate_up.bf16
1826	25	1	4	4	3072	576	1	0	/tmp/riley-opt-260912/multisequence-projection-candidates-v1/fixtures/x-576-1-m4-a4.bf16	/tmp/riley-opt-260912/multisequence-projection-candidates-v1/fixtures/w-25-gate_up.bf16
1827	25	1	4	4	3072	576	1	1	/tmp/riley-opt-260912/multisequence-projection-candidates-v1/fixtures/x-576-1-m4-a4.bf16	/tmp/riley-opt-260912/multisequence-projection-candidates-v1/fixtures/w-25-gate_up.bf16
1828	25	1	4	3	3072	576	1	0	/tmp/riley-opt-260912/multisequence-projection-candidates-v1/fixtures/x-576-1-m4-a3.bf16	/tmp/riley-opt-260912/multisequence-projection-candidates-v1/fixtures/w-25-gate_up.bf16
1829	25	1	4	3	3072	576	1	1	/tmp/riley-opt-260912/multisequence-projection-candidates-v1/fixtures/x-576-1-m4-a3.bf16	/tmp/riley-opt-260912/multisequence-projection-candidates-v1/fixtures/w-25-gate_up.bf16
1830	25	1	2	2	3072	576	2	0	/tmp/riley-opt-260912/multisequence-projection-candidates-v1/fixtures/x-576-2-m2-a2.bf16	/tmp/riley-opt-260912/multisequence-projection-candidates-v1/fixtures/w-25-gate_up.bf16
1831	25	1	2	2	3072	576	2	1	/tmp/riley-opt-260912/multisequence-projection-candidates-v1/fixtures/x-576-2-m2-a2.bf16	/tmp/riley-opt-260912/multisequence-projection-candidates-v1/fixtures/w-25-gate_up.bf16
1832	25	1	4	4	3072	576	2	0	/tmp/riley-opt-260912/multisequence-projection-candidates-v1/fixtures/x-576-2-m4-a4.bf16	/tmp/riley-opt-260912/multisequence-projection-candidates-v1/fixtures/w-25-gate_up.bf16
1833	25	1	4	4	3072	576	2	1	/tmp/riley-opt-260912/multisequence-projection-candidates-v1/fixtures/x-576-2-m4-a4.bf16	/tmp/riley-opt-260912/multisequence-projection-candidates-v1/fixtures/w-25-gate_up.bf16
1834	25	1	4	3	3072	576	2	0	/tmp/riley-opt-260912/multisequence-projection-candidates-v1/fixtures/x-576-2-m4-a3.bf16	/tmp/riley-opt-260912/multisequence-projection-candidates-v1/fixtures/w-25-gate_up.bf16
1835	25	1	4	3	3072	576	2	1	/tmp/riley-opt-260912/multisequence-projection-candidates-v1/fixtures/x-576-2-m4-a3.bf16	/tmp/riley-opt-260912/multisequence-projection-candidates-v1/fixtures/w-25-gate_up.bf16
1836	25	2	2	2	576	576	0	0	/tmp/riley-opt-260912/multisequence-projection-candidates-v1/fixtures/x-576-0-m2-a2.bf16	/tmp/riley-opt-260912/multisequence-projection-candidates-v1/fixtures/w-25-o.bf16
1837	25	2	2	2	576	576	0	1	/tmp/riley-opt-260912/multisequence-projection-candidates-v1/fixtures/x-576-0-m2-a2.bf16	/tmp/riley-opt-260912/multisequence-projection-candidates-v1/fixtures/w-25-o.bf16
1838	25	2	4	4	576	576	0	0	/tmp/riley-opt-260912/multisequence-projection-candidates-v1/fixtures/x-576-0-m4-a4.bf16	/tmp/riley-opt-260912/multisequence-projection-candidates-v1/fixtures/w-25-o.bf16
1839	25	2	4	4	576	576	0	1	/tmp/riley-opt-260912/multisequence-projection-candidates-v1/fixtures/x-576-0-m4-a4.bf16	/tmp/riley-opt-260912/multisequence-projection-candidates-v1/fixtures/w-25-o.bf16
1840	25	2	4	3	576	576	0	0	/tmp/riley-opt-260912/multisequence-projection-candidates-v1/fixtures/x-576-0-m4-a3.bf16	/tmp/riley-opt-260912/multisequence-projection-candidates-v1/fixtures/w-25-o.bf16
1841	25	2	4	3	576	576	0	1	/tmp/riley-opt-260912/multisequence-projection-candidates-v1/fixtures/x-576-0-m4-a3.bf16	/tmp/riley-opt-260912/multisequence-projection-candidates-v1/fixtures/w-25-o.bf16
1842	25	2	2	2	576	576	1	0	/tmp/riley-opt-260912/multisequence-projection-candidates-v1/fixtures/x-576-1-m2-a2.bf16	/tmp/riley-opt-260912/multisequence-projection-candidates-v1/fixtures/w-25-o.bf16
1843	25	2	2	2	576	576	1	1	/tmp/riley-opt-260912/multisequence-projection-candidates-v1/fixtures/x-576-1-m2-a2.bf16	/tmp/riley-opt-260912/multisequence-projection-candidates-v1/fixtures/w-25-o.bf16
1844	25	2	4	4	576	576	1	0	/tmp/riley-opt-260912/multisequence-projection-candidates-v1/fixtures/x-576-1-m4-a4.bf16	/tmp/riley-opt-260912/multisequence-projection-candidates-v1/fixtures/w-25-o.bf16
1845	25	2	4	4	576	576	1	1	/tmp/riley-opt-260912/multisequence-projection-candidates-v1/fixtures/x-576-1-m4-a4.bf16	/tmp/riley-opt-260912/multisequence-projection-candidates-v1/fixtures/w-25-o.bf16
1846	25	2	4	3	576	576	1	0	/tmp/riley-opt-260912/multisequence-projection-candidates-v1/fixtures/x-576-1-m4-a3.bf16	/tmp/riley-opt-260912/multisequence-projection-candidates-v1/fixtures/w-25-o.bf16
1847	25	2	4	3	576	576	1	1	/tmp/riley-opt-260912/multisequence-projection-candidates-v1/fixtures/x-576-1-m4-a3.bf16	/tmp/riley-opt-260912/multisequence-projection-candidates-v1/fixtures/w-25-o.bf16
1848	25	2	2	2	576	576	2	0	/tmp/riley-opt-260912/multisequence-projection-candidates-v1/fixtures/x-576-2-m2-a2.bf16	/tmp/riley-opt-260912/multisequence-projection-candidates-v1/fixtures/w-25-o.bf16
1849	25	2	2	2	576	576	2	1	/tmp/riley-opt-260912/multisequence-projection-candidates-v1/fixtures/x-576-2-m2-a2.bf16	/tmp/riley-opt-260912/multisequence-projection-candidates-v1/fixtures/w-25-o.bf16
1850	25	2	4	4	576	576	2	0	/tmp/riley-opt-260912/multisequence-projection-candidates-v1/fixtures/x-576-2-m4-a4.bf16	/tmp/riley-opt-260912/multisequence-projection-candidates-v1/fixtures/w-25-o.bf16
1851	25	2	4	4	576	576	2	1	/tmp/riley-opt-260912/multisequence-projection-candidates-v1/fixtures/x-576-2-m4-a4.bf16	/tmp/riley-opt-260912/multisequence-projection-candidates-v1/fixtures/w-25-o.bf16
1852	25	2	4	3	576	576	2	0	/tmp/riley-opt-260912/multisequence-projection-candidates-v1/fixtures/x-576-2-m4-a3.bf16	/tmp/riley-opt-260912/multisequence-projection-candidates-v1/fixtures/w-25-o.bf16
1853	25	2	4	3	576	576	2	1	/tmp/riley-opt-260912/multisequence-projection-candidates-v1/fixtures/x-576-2-m4-a3.bf16	/tmp/riley-opt-260912/multisequence-projection-candidates-v1/fixtures/w-25-o.bf16
1854	25	3	2	2	576	1536	0	0	/tmp/riley-opt-260912/multisequence-projection-candidates-v1/fixtures/x-1536-0-m2-a2.bf16	/tmp/riley-opt-260912/multisequence-projection-candidates-v1/fixtures/w-25-down.bf16
1855	25	3	2	2	576	1536	0	1	/tmp/riley-opt-260912/multisequence-projection-candidates-v1/fixtures/x-1536-0-m2-a2.bf16	/tmp/riley-opt-260912/multisequence-projection-candidates-v1/fixtures/w-25-down.bf16
1856	25	3	4	4	576	1536	0	0	/tmp/riley-opt-260912/multisequence-projection-candidates-v1/fixtures/x-1536-0-m4-a4.bf16	/tmp/riley-opt-260912/multisequence-projection-candidates-v1/fixtures/w-25-down.bf16
1857	25	3	4	4	576	1536	0	1	/tmp/riley-opt-260912/multisequence-projection-candidates-v1/fixtures/x-1536-0-m4-a4.bf16	/tmp/riley-opt-260912/multisequence-projection-candidates-v1/fixtures/w-25-down.bf16
1858	25	3	4	3	576	1536	0	0	/tmp/riley-opt-260912/multisequence-projection-candidates-v1/fixtures/x-1536-0-m4-a3.bf16	/tmp/riley-opt-260912/multisequence-projection-candidates-v1/fixtures/w-25-down.bf16
1859	25	3	4	3	576	1536	0	1	/tmp/riley-opt-260912/multisequence-projection-candidates-v1/fixtures/x-1536-0-m4-a3.bf16	/tmp/riley-opt-260912/multisequence-projection-candidates-v1/fixtures/w-25-down.bf16
1860	25	3	2	2	576	1536	1	0	/tmp/riley-opt-260912/multisequence-projection-candidates-v1/fixtures/x-1536-1-m2-a2.bf16	/tmp/riley-opt-260912/multisequence-projection-candidates-v1/fixtures/w-25-down.bf16
1861	25	3	2	2	576	1536	1	1	/tmp/riley-opt-260912/multisequence-projection-candidates-v1/fixtures/x-1536-1-m2-a2.bf16	/tmp/riley-opt-260912/multisequence-projection-candidates-v1/fixtures/w-25-down.bf16
1862	25	3	4	4	576	1536	1	0	/tmp/riley-opt-260912/multisequence-projection-candidates-v1/fixtures/x-1536-1-m4-a4.bf16	/tmp/riley-opt-260912/multisequence-projection-candidates-v1/fixtures/w-25-down.bf16
1863	25	3	4	4	576	1536	1	1	/tmp/riley-opt-260912/multisequence-projection-candidates-v1/fixtures/x-1536-1-m4-a4.bf16	/tmp/riley-opt-260912/multisequence-projection-candidates-v1/fixtures/w-25-down.bf16
1864	25	3	4	3	576	1536	1	0	/tmp/riley-opt-260912/multisequence-projection-candidates-v1/fixtures/x-1536-1-m4-a3.bf16	/tmp/riley-opt-260912/multisequence-projection-candidates-v1/fixtures/w-25-down.bf16
1865	25	3	4	3	576	1536	1	1	/tmp/riley-opt-260912/multisequence-projection-candidates-v1/fixtures/x-1536-1-m4-a3.bf16	/tmp/riley-opt-260912/multisequence-projection-candidates-v1/fixtures/w-25-down.bf16
1866	25	3	2	2	576	1536	2	0	/tmp/riley-opt-260912/multisequence-projection-candidates-v1/fixtures/x-1536-2-m2-a2.bf16	/tmp/riley-opt-260912/multisequence-projection-candidates-v1/fixtures/w-25-down.bf16
1867	25	3	2	2	576	1536	2	1	/tmp/riley-opt-260912/multisequence-projection-candidates-v1/fixtures/x-1536-2-m2-a2.bf16	/tmp/riley-opt-260912/multisequence-projection-candidates-v1/fixtures/w-25-down.bf16
1868	25	3	4	4	576	1536	2	0	/tmp/riley-opt-260912/multisequence-projection-candidates-v1/fixtures/x-1536-2-m4-a4.bf16	/tmp/riley-opt-260912/multisequence-projection-candidates-v1/fixtures/w-25-down.bf16
1869	25	3	4	4	576	1536	2	1	/tmp/riley-opt-260912/multisequence-projection-candidates-v1/fixtures/x-1536-2-m4-a4.bf16	/tmp/riley-opt-260912/multisequence-projection-candidates-v1/fixtures/w-25-down.bf16
1870	25	3	4	3	576	1536	2	0	/tmp/riley-opt-260912/multisequence-projection-candidates-v1/fixtures/x-1536-2-m4-a3.bf16	/tmp/riley-opt-260912/multisequence-projection-candidates-v1/fixtures/w-25-down.bf16
1871	25	3	4	3	576	1536	2	1	/tmp/riley-opt-260912/multisequence-projection-candidates-v1/fixtures/x-1536-2-m4-a3.bf16	/tmp/riley-opt-260912/multisequence-projection-candidates-v1/fixtures/w-25-down.bf16
1872	26	0	2	2	960	576	0	0	/tmp/riley-opt-260912/multisequence-projection-candidates-v1/fixtures/x-576-0-m2-a2.bf16	/tmp/riley-opt-260912/multisequence-projection-candidates-v1/fixtures/w-26-qkv.bf16
1873	26	0	2	2	960	576	0	1	/tmp/riley-opt-260912/multisequence-projection-candidates-v1/fixtures/x-576-0-m2-a2.bf16	/tmp/riley-opt-260912/multisequence-projection-candidates-v1/fixtures/w-26-qkv.bf16
1874	26	0	4	4	960	576	0	0	/tmp/riley-opt-260912/multisequence-projection-candidates-v1/fixtures/x-576-0-m4-a4.bf16	/tmp/riley-opt-260912/multisequence-projection-candidates-v1/fixtures/w-26-qkv.bf16
1875	26	0	4	4	960	576	0	1	/tmp/riley-opt-260912/multisequence-projection-candidates-v1/fixtures/x-576-0-m4-a4.bf16	/tmp/riley-opt-260912/multisequence-projection-candidates-v1/fixtures/w-26-qkv.bf16
1876	26	0	4	3	960	576	0	0	/tmp/riley-opt-260912/multisequence-projection-candidates-v1/fixtures/x-576-0-m4-a3.bf16	/tmp/riley-opt-260912/multisequence-projection-candidates-v1/fixtures/w-26-qkv.bf16
1877	26	0	4	3	960	576	0	1	/tmp/riley-opt-260912/multisequence-projection-candidates-v1/fixtures/x-576-0-m4-a3.bf16	/tmp/riley-opt-260912/multisequence-projection-candidates-v1/fixtures/w-26-qkv.bf16
1878	26	0	2	2	960	576	1	0	/tmp/riley-opt-260912/multisequence-projection-candidates-v1/fixtures/x-576-1-m2-a2.bf16	/tmp/riley-opt-260912/multisequence-projection-candidates-v1/fixtures/w-26-qkv.bf16
1879	26	0	2	2	960	576	1	1	/tmp/riley-opt-260912/multisequence-projection-candidates-v1/fixtures/x-576-1-m2-a2.bf16	/tmp/riley-opt-260912/multisequence-projection-candidates-v1/fixtures/w-26-qkv.bf16
1880	26	0	4	4	960	576	1	0	/tmp/riley-opt-260912/multisequence-projection-candidates-v1/fixtures/x-576-1-m4-a4.bf16	/tmp/riley-opt-260912/multisequence-projection-candidates-v1/fixtures/w-26-qkv.bf16
1881	26	0	4	4	960	576	1	1	/tmp/riley-opt-260912/multisequence-projection-candidates-v1/fixtures/x-576-1-m4-a4.bf16	/tmp/riley-opt-260912/multisequence-projection-candidates-v1/fixtures/w-26-qkv.bf16
1882	26	0	4	3	960	576	1	0	/tmp/riley-opt-260912/multisequence-projection-candidates-v1/fixtures/x-576-1-m4-a3.bf16	/tmp/riley-opt-260912/multisequence-projection-candidates-v1/fixtures/w-26-qkv.bf16
1883	26	0	4	3	960	576	1	1	/tmp/riley-opt-260912/multisequence-projection-candidates-v1/fixtures/x-576-1-m4-a3.bf16	/tmp/riley-opt-260912/multisequence-projection-candidates-v1/fixtures/w-26-qkv.bf16
1884	26	0	2	2	960	576	2	0	/tmp/riley-opt-260912/multisequence-projection-candidates-v1/fixtures/x-576-2-m2-a2.bf16	/tmp/riley-opt-260912/multisequence-projection-candidates-v1/fixtures/w-26-qkv.bf16
1885	26	0	2	2	960	576	2	1	/tmp/riley-opt-260912/multisequence-projection-candidates-v1/fixtures/x-576-2-m2-a2.bf16	/tmp/riley-opt-260912/multisequence-projection-candidates-v1/fixtures/w-26-qkv.bf16
1886	26	0	4	4	960	576	2	0	/tmp/riley-opt-260912/multisequence-projection-candidates-v1/fixtures/x-576-2-m4-a4.bf16	/tmp/riley-opt-260912/multisequence-projection-candidates-v1/fixtures/w-26-qkv.bf16
1887	26	0	4	4	960	576	2	1	/tmp/riley-opt-260912/multisequence-projection-candidates-v1/fixtures/x-576-2-m4-a4.bf16	/tmp/riley-opt-260912/multisequence-projection-candidates-v1/fixtures/w-26-qkv.bf16
1888	26	0	4	3	960	576	2	0	/tmp/riley-opt-260912/multisequence-projection-candidates-v1/fixtures/x-576-2-m4-a3.bf16	/tmp/riley-opt-260912/multisequence-projection-candidates-v1/fixtures/w-26-qkv.bf16
1889	26	0	4	3	960	576	2	1	/tmp/riley-opt-260912/multisequence-projection-candidates-v1/fixtures/x-576-2-m4-a3.bf16	/tmp/riley-opt-260912/multisequence-projection-candidates-v1/fixtures/w-26-qkv.bf16
1890	26	1	2	2	3072	576	0	0	/tmp/riley-opt-260912/multisequence-projection-candidates-v1/fixtures/x-576-0-m2-a2.bf16	/tmp/riley-opt-260912/multisequence-projection-candidates-v1/fixtures/w-26-gate_up.bf16
1891	26	1	2	2	3072	576	0	1	/tmp/riley-opt-260912/multisequence-projection-candidates-v1/fixtures/x-576-0-m2-a2.bf16	/tmp/riley-opt-260912/multisequence-projection-candidates-v1/fixtures/w-26-gate_up.bf16
1892	26	1	4	4	3072	576	0	0	/tmp/riley-opt-260912/multisequence-projection-candidates-v1/fixtures/x-576-0-m4-a4.bf16	/tmp/riley-opt-260912/multisequence-projection-candidates-v1/fixtures/w-26-gate_up.bf16
1893	26	1	4	4	3072	576	0	1	/tmp/riley-opt-260912/multisequence-projection-candidates-v1/fixtures/x-576-0-m4-a4.bf16	/tmp/riley-opt-260912/multisequence-projection-candidates-v1/fixtures/w-26-gate_up.bf16
1894	26	1	4	3	3072	576	0	0	/tmp/riley-opt-260912/multisequence-projection-candidates-v1/fixtures/x-576-0-m4-a3.bf16	/tmp/riley-opt-260912/multisequence-projection-candidates-v1/fixtures/w-26-gate_up.bf16
1895	26	1	4	3	3072	576	0	1	/tmp/riley-opt-260912/multisequence-projection-candidates-v1/fixtures/x-576-0-m4-a3.bf16	/tmp/riley-opt-260912/multisequence-projection-candidates-v1/fixtures/w-26-gate_up.bf16
1896	26	1	2	2	3072	576	1	0	/tmp/riley-opt-260912/multisequence-projection-candidates-v1/fixtures/x-576-1-m2-a2.bf16	/tmp/riley-opt-260912/multisequence-projection-candidates-v1/fixtures/w-26-gate_up.bf16
1897	26	1	2	2	3072	576	1	1	/tmp/riley-opt-260912/multisequence-projection-candidates-v1/fixtures/x-576-1-m2-a2.bf16	/tmp/riley-opt-260912/multisequence-projection-candidates-v1/fixtures/w-26-gate_up.bf16
1898	26	1	4	4	3072	576	1	0	/tmp/riley-opt-260912/multisequence-projection-candidates-v1/fixtures/x-576-1-m4-a4.bf16	/tmp/riley-opt-260912/multisequence-projection-candidates-v1/fixtures/w-26-gate_up.bf16
1899	26	1	4	4	3072	576	1	1	/tmp/riley-opt-260912/multisequence-projection-candidates-v1/fixtures/x-576-1-m4-a4.bf16	/tmp/riley-opt-260912/multisequence-projection-candidates-v1/fixtures/w-26-gate_up.bf16
1900	26	1	4	3	3072	576	1	0	/tmp/riley-opt-260912/multisequence-projection-candidates-v1/fixtures/x-576-1-m4-a3.bf16	/tmp/riley-opt-260912/multisequence-projection-candidates-v1/fixtures/w-26-gate_up.bf16
1901	26	1	4	3	3072	576	1	1	/tmp/riley-opt-260912/multisequence-projection-candidates-v1/fixtures/x-576-1-m4-a3.bf16	/tmp/riley-opt-260912/multisequence-projection-candidates-v1/fixtures/w-26-gate_up.bf16
1902	26	1	2	2	3072	576	2	0	/tmp/riley-opt-260912/multisequence-projection-candidates-v1/fixtures/x-576-2-m2-a2.bf16	/tmp/riley-opt-260912/multisequence-projection-candidates-v1/fixtures/w-26-gate_up.bf16
1903	26	1	2	2	3072	576	2	1	/tmp/riley-opt-260912/multisequence-projection-candidates-v1/fixtures/x-576-2-m2-a2.bf16	/tmp/riley-opt-260912/multisequence-projection-candidates-v1/fixtures/w-26-gate_up.bf16
1904	26	1	4	4	3072	576	2	0	/tmp/riley-opt-260912/multisequence-projection-candidates-v1/fixtures/x-576-2-m4-a4.bf16	/tmp/riley-opt-260912/multisequence-projection-candidates-v1/fixtures/w-26-gate_up.bf16
1905	26	1	4	4	3072	576	2	1	/tmp/riley-opt-260912/multisequence-projection-candidates-v1/fixtures/x-576-2-m4-a4.bf16	/tmp/riley-opt-260912/multisequence-projection-candidates-v1/fixtures/w-26-gate_up.bf16
1906	26	1	4	3	3072	576	2	0	/tmp/riley-opt-260912/multisequence-projection-candidates-v1/fixtures/x-576-2-m4-a3.bf16	/tmp/riley-opt-260912/multisequence-projection-candidates-v1/fixtures/w-26-gate_up.bf16
1907	26	1	4	3	3072	576	2	1	/tmp/riley-opt-260912/multisequence-projection-candidates-v1/fixtures/x-576-2-m4-a3.bf16	/tmp/riley-opt-260912/multisequence-projection-candidates-v1/fixtures/w-26-gate_up.bf16
1908	26	2	2	2	576	576	0	0	/tmp/riley-opt-260912/multisequence-projection-candidates-v1/fixtures/x-576-0-m2-a2.bf16	/tmp/riley-opt-260912/multisequence-projection-candidates-v1/fixtures/w-26-o.bf16
1909	26	2	2	2	576	576	0	1	/tmp/riley-opt-260912/multisequence-projection-candidates-v1/fixtures/x-576-0-m2-a2.bf16	/tmp/riley-opt-260912/multisequence-projection-candidates-v1/fixtures/w-26-o.bf16
1910	26	2	4	4	576	576	0	0	/tmp/riley-opt-260912/multisequence-projection-candidates-v1/fixtures/x-576-0-m4-a4.bf16	/tmp/riley-opt-260912/multisequence-projection-candidates-v1/fixtures/w-26-o.bf16
1911	26	2	4	4	576	576	0	1	/tmp/riley-opt-260912/multisequence-projection-candidates-v1/fixtures/x-576-0-m4-a4.bf16	/tmp/riley-opt-260912/multisequence-projection-candidates-v1/fixtures/w-26-o.bf16
1912	26	2	4	3	576	576	0	0	/tmp/riley-opt-260912/multisequence-projection-candidates-v1/fixtures/x-576-0-m4-a3.bf16	/tmp/riley-opt-260912/multisequence-projection-candidates-v1/fixtures/w-26-o.bf16
1913	26	2	4	3	576	576	0	1	/tmp/riley-opt-260912/multisequence-projection-candidates-v1/fixtures/x-576-0-m4-a3.bf16	/tmp/riley-opt-260912/multisequence-projection-candidates-v1/fixtures/w-26-o.bf16
1914	26	2	2	2	576	576	1	0	/tmp/riley-opt-260912/multisequence-projection-candidates-v1/fixtures/x-576-1-m2-a2.bf16	/tmp/riley-opt-260912/multisequence-projection-candidates-v1/fixtures/w-26-o.bf16
1915	26	2	2	2	576	576	1	1	/tmp/riley-opt-260912/multisequence-projection-candidates-v1/fixtures/x-576-1-m2-a2.bf16	/tmp/riley-opt-260912/multisequence-projection-candidates-v1/fixtures/w-26-o.bf16
1916	26	2	4	4	576	576	1	0	/tmp/riley-opt-260912/multisequence-projection-candidates-v1/fixtures/x-576-1-m4-a4.bf16	/tmp/riley-opt-260912/multisequence-projection-candidates-v1/fixtures/w-26-o.bf16
1917	26	2	4	4	576	576	1	1	/tmp/riley-opt-260912/multisequence-projection-candidates-v1/fixtures/x-576-1-m4-a4.bf16	/tmp/riley-opt-260912/multisequence-projection-candidates-v1/fixtures/w-26-o.bf16
1918	26	2	4	3	576	576	1	0	/tmp/riley-opt-260912/multisequence-projection-candidates-v1/fixtures/x-576-1-m4-a3.bf16	/tmp/riley-opt-260912/multisequence-projection-candidates-v1/fixtures/w-26-o.bf16
1919	26	2	4	3	576	576	1	1	/tmp/riley-opt-260912/multisequence-projection-candidates-v1/fixtures/x-576-1-m4-a3.bf16	/tmp/riley-opt-260912/multisequence-projection-candidates-v1/fixtures/w-26-o.bf16
1920	26	2	2	2	576	576	2	0	/tmp/riley-opt-260912/multisequence-projection-candidates-v1/fixtures/x-576-2-m2-a2.bf16	/tmp/riley-opt-260912/multisequence-projection-candidates-v1/fixtures/w-26-o.bf16
1921	26	2	2	2	576	576	2	1	/tmp/riley-opt-260912/multisequence-projection-candidates-v1/fixtures/x-576-2-m2-a2.bf16	/tmp/riley-opt-260912/multisequence-projection-candidates-v1/fixtures/w-26-o.bf16
1922	26	2	4	4	576	576	2	0	/tmp/riley-opt-260912/multisequence-projection-candidates-v1/fixtures/x-576-2-m4-a4.bf16	/tmp/riley-opt-260912/multisequence-projection-candidates-v1/fixtures/w-26-o.bf16
1923	26	2	4	4	576	576	2	1	/tmp/riley-opt-260912/multisequence-projection-candidates-v1/fixtures/x-576-2-m4-a4.bf16	/tmp/riley-opt-260912/multisequence-projection-candidates-v1/fixtures/w-26-o.bf16
1924	26	2	4	3	576	576	2	0	/tmp/riley-opt-260912/multisequence-projection-candidates-v1/fixtures/x-576-2-m4-a3.bf16	/tmp/riley-opt-260912/multisequence-projection-candidates-v1/fixtures/w-26-o.bf16
1925	26	2	4	3	576	576	2	1	/tmp/riley-opt-260912/multisequence-projection-candidates-v1/fixtures/x-576-2-m4-a3.bf16	/tmp/riley-opt-260912/multisequence-projection-candidates-v1/fixtures/w-26-o.bf16
1926	26	3	2	2	576	1536	0	0	/tmp/riley-opt-260912/multisequence-projection-candidates-v1/fixtures/x-1536-0-m2-a2.bf16	/tmp/riley-opt-260912/multisequence-projection-candidates-v1/fixtures/w-26-down.bf16
1927	26	3	2	2	576	1536	0	1	/tmp/riley-opt-260912/multisequence-projection-candidates-v1/fixtures/x-1536-0-m2-a2.bf16	/tmp/riley-opt-260912/multisequence-projection-candidates-v1/fixtures/w-26-down.bf16
1928	26	3	4	4	576	1536	0	0	/tmp/riley-opt-260912/multisequence-projection-candidates-v1/fixtures/x-1536-0-m4-a4.bf16	/tmp/riley-opt-260912/multisequence-projection-candidates-v1/fixtures/w-26-down.bf16
1929	26	3	4	4	576	1536	0	1	/tmp/riley-opt-260912/multisequence-projection-candidates-v1/fixtures/x-1536-0-m4-a4.bf16	/tmp/riley-opt-260912/multisequence-projection-candidates-v1/fixtures/w-26-down.bf16
1930	26	3	4	3	576	1536	0	0	/tmp/riley-opt-260912/multisequence-projection-candidates-v1/fixtures/x-1536-0-m4-a3.bf16	/tmp/riley-opt-260912/multisequence-projection-candidates-v1/fixtures/w-26-down.bf16
1931	26	3	4	3	576	1536	0	1	/tmp/riley-opt-260912/multisequence-projection-candidates-v1/fixtures/x-1536-0-m4-a3.bf16	/tmp/riley-opt-260912/multisequence-projection-candidates-v1/fixtures/w-26-down.bf16
1932	26	3	2	2	576	1536	1	0	/tmp/riley-opt-260912/multisequence-projection-candidates-v1/fixtures/x-1536-1-m2-a2.bf16	/tmp/riley-opt-260912/multisequence-projection-candidates-v1/fixtures/w-26-down.bf16
1933	26	3	2	2	576	1536	1	1	/tmp/riley-opt-260912/multisequence-projection-candidates-v1/fixtures/x-1536-1-m2-a2.bf16	/tmp/riley-opt-260912/multisequence-projection-candidates-v1/fixtures/w-26-down.bf16
1934	26	3	4	4	576	1536	1	0	/tmp/riley-opt-260912/multisequence-projection-candidates-v1/fixtures/x-1536-1-m4-a4.bf16	/tmp/riley-opt-260912/multisequence-projection-candidates-v1/fixtures/w-26-down.bf16
1935	26	3	4	4	576	1536	1	1	/tmp/riley-opt-260912/multisequence-projection-candidates-v1/fixtures/x-1536-1-m4-a4.bf16	/tmp/riley-opt-260912/multisequence-projection-candidates-v1/fixtures/w-26-down.bf16
1936	26	3	4	3	576	1536	1	0	/tmp/riley-opt-260912/multisequence-projection-candidates-v1/fixtures/x-1536-1-m4-a3.bf16	/tmp/riley-opt-260912/multisequence-projection-candidates-v1/fixtures/w-26-down.bf16
1937	26	3	4	3	576	1536	1	1	/tmp/riley-opt-260912/multisequence-projection-candidates-v1/fixtures/x-1536-1-m4-a3.bf16	/tmp/riley-opt-260912/multisequence-projection-candidates-v1/fixtures/w-26-down.bf16
1938	26	3	2	2	576	1536	2	0	/tmp/riley-opt-260912/multisequence-projection-candidates-v1/fixtures/x-1536-2-m2-a2.bf16	/tmp/riley-opt-260912/multisequence-projection-candidates-v1/fixtures/w-26-down.bf16
1939	26	3	2	2	576	1536	2	1	/tmp/riley-opt-260912/multisequence-projection-candidates-v1/fixtures/x-1536-2-m2-a2.bf16	/tmp/riley-opt-260912/multisequence-projection-candidates-v1/fixtures/w-26-down.bf16
1940	26	3	4	4	576	1536	2	0	/tmp/riley-opt-260912/multisequence-projection-candidates-v1/fixtures/x-1536-2-m4-a4.bf16	/tmp/riley-opt-260912/multisequence-projection-candidates-v1/fixtures/w-26-down.bf16
1941	26	3	4	4	576	1536	2	1	/tmp/riley-opt-260912/multisequence-projection-candidates-v1/fixtures/x-1536-2-m4-a4.bf16	/tmp/riley-opt-260912/multisequence-projection-candidates-v1/fixtures/w-26-down.bf16
1942	26	3	4	3	576	1536	2	0	/tmp/riley-opt-260912/multisequence-projection-candidates-v1/fixtures/x-1536-2-m4-a3.bf16	/tmp/riley-opt-260912/multisequence-projection-candidates-v1/fixtures/w-26-down.bf16
1943	26	3	4	3	576	1536	2	1	/tmp/riley-opt-260912/multisequence-projection-candidates-v1/fixtures/x-1536-2-m4-a3.bf16	/tmp/riley-opt-260912/multisequence-projection-candidates-v1/fixtures/w-26-down.bf16
1944	27	0	2	2	960	576	0	0	/tmp/riley-opt-260912/multisequence-projection-candidates-v1/fixtures/x-576-0-m2-a2.bf16	/tmp/riley-opt-260912/multisequence-projection-candidates-v1/fixtures/w-27-qkv.bf16
1945	27	0	2	2	960	576	0	1	/tmp/riley-opt-260912/multisequence-projection-candidates-v1/fixtures/x-576-0-m2-a2.bf16	/tmp/riley-opt-260912/multisequence-projection-candidates-v1/fixtures/w-27-qkv.bf16
1946	27	0	4	4	960	576	0	0	/tmp/riley-opt-260912/multisequence-projection-candidates-v1/fixtures/x-576-0-m4-a4.bf16	/tmp/riley-opt-260912/multisequence-projection-candidates-v1/fixtures/w-27-qkv.bf16
1947	27	0	4	4	960	576	0	1	/tmp/riley-opt-260912/multisequence-projection-candidates-v1/fixtures/x-576-0-m4-a4.bf16	/tmp/riley-opt-260912/multisequence-projection-candidates-v1/fixtures/w-27-qkv.bf16
1948	27	0	4	3	960	576	0	0	/tmp/riley-opt-260912/multisequence-projection-candidates-v1/fixtures/x-576-0-m4-a3.bf16	/tmp/riley-opt-260912/multisequence-projection-candidates-v1/fixtures/w-27-qkv.bf16
1949	27	0	4	3	960	576	0	1	/tmp/riley-opt-260912/multisequence-projection-candidates-v1/fixtures/x-576-0-m4-a3.bf16	/tmp/riley-opt-260912/multisequence-projection-candidates-v1/fixtures/w-27-qkv.bf16
1950	27	0	2	2	960	576	1	0	/tmp/riley-opt-260912/multisequence-projection-candidates-v1/fixtures/x-576-1-m2-a2.bf16	/tmp/riley-opt-260912/multisequence-projection-candidates-v1/fixtures/w-27-qkv.bf16
1951	27	0	2	2	960	576	1	1	/tmp/riley-opt-260912/multisequence-projection-candidates-v1/fixtures/x-576-1-m2-a2.bf16	/tmp/riley-opt-260912/multisequence-projection-candidates-v1/fixtures/w-27-qkv.bf16
1952	27	0	4	4	960	576	1	0	/tmp/riley-opt-260912/multisequence-projection-candidates-v1/fixtures/x-576-1-m4-a4.bf16	/tmp/riley-opt-260912/multisequence-projection-candidates-v1/fixtures/w-27-qkv.bf16
1953	27	0	4	4	960	576	1	1	/tmp/riley-opt-260912/multisequence-projection-candidates-v1/fixtures/x-576-1-m4-a4.bf16	/tmp/riley-opt-260912/multisequence-projection-candidates-v1/fixtures/w-27-qkv.bf16
1954	27	0	4	3	960	576	1	0	/tmp/riley-opt-260912/multisequence-projection-candidates-v1/fixtures/x-576-1-m4-a3.bf16	/tmp/riley-opt-260912/multisequence-projection-candidates-v1/fixtures/w-27-qkv.bf16
1955	27	0	4	3	960	576	1	1	/tmp/riley-opt-260912/multisequence-projection-candidates-v1/fixtures/x-576-1-m4-a3.bf16	/tmp/riley-opt-260912/multisequence-projection-candidates-v1/fixtures/w-27-qkv.bf16
1956	27	0	2	2	960	576	2	0	/tmp/riley-opt-260912/multisequence-projection-candidates-v1/fixtures/x-576-2-m2-a2.bf16	/tmp/riley-opt-260912/multisequence-projection-candidates-v1/fixtures/w-27-qkv.bf16
1957	27	0	2	2	960	576	2	1	/tmp/riley-opt-260912/multisequence-projection-candidates-v1/fixtures/x-576-2-m2-a2.bf16	/tmp/riley-opt-260912/multisequence-projection-candidates-v1/fixtures/w-27-qkv.bf16
1958	27	0	4	4	960	576	2	0	/tmp/riley-opt-260912/multisequence-projection-candidates-v1/fixtures/x-576-2-m4-a4.bf16	/tmp/riley-opt-260912/multisequence-projection-candidates-v1/fixtures/w-27-qkv.bf16
1959	27	0	4	4	960	576	2	1	/tmp/riley-opt-260912/multisequence-projection-candidates-v1/fixtures/x-576-2-m4-a4.bf16	/tmp/riley-opt-260912/multisequence-projection-candidates-v1/fixtures/w-27-qkv.bf16
1960	27	0	4	3	960	576	2	0	/tmp/riley-opt-260912/multisequence-projection-candidates-v1/fixtures/x-576-2-m4-a3.bf16	/tmp/riley-opt-260912/multisequence-projection-candidates-v1/fixtures/w-27-qkv.bf16
1961	27	0	4	3	960	576	2	1	/tmp/riley-opt-260912/multisequence-projection-candidates-v1/fixtures/x-576-2-m4-a3.bf16	/tmp/riley-opt-260912/multisequence-projection-candidates-v1/fixtures/w-27-qkv.bf16
1962	27	1	2	2	3072	576	0	0	/tmp/riley-opt-260912/multisequence-projection-candidates-v1/fixtures/x-576-0-m2-a2.bf16	/tmp/riley-opt-260912/multisequence-projection-candidates-v1/fixtures/w-27-gate_up.bf16
1963	27	1	2	2	3072	576	0	1	/tmp/riley-opt-260912/multisequence-projection-candidates-v1/fixtures/x-576-0-m2-a2.bf16	/tmp/riley-opt-260912/multisequence-projection-candidates-v1/fixtures/w-27-gate_up.bf16
1964	27	1	4	4	3072	576	0	0	/tmp/riley-opt-260912/multisequence-projection-candidates-v1/fixtures/x-576-0-m4-a4.bf16	/tmp/riley-opt-260912/multisequence-projection-candidates-v1/fixtures/w-27-gate_up.bf16
1965	27	1	4	4	3072	576	0	1	/tmp/riley-opt-260912/multisequence-projection-candidates-v1/fixtures/x-576-0-m4-a4.bf16	/tmp/riley-opt-260912/multisequence-projection-candidates-v1/fixtures/w-27-gate_up.bf16
1966	27	1	4	3	3072	576	0	0	/tmp/riley-opt-260912/multisequence-projection-candidates-v1/fixtures/x-576-0-m4-a3.bf16	/tmp/riley-opt-260912/multisequence-projection-candidates-v1/fixtures/w-27-gate_up.bf16
1967	27	1	4	3	3072	576	0	1	/tmp/riley-opt-260912/multisequence-projection-candidates-v1/fixtures/x-576-0-m4-a3.bf16	/tmp/riley-opt-260912/multisequence-projection-candidates-v1/fixtures/w-27-gate_up.bf16
1968	27	1	2	2	3072	576	1	0	/tmp/riley-opt-260912/multisequence-projection-candidates-v1/fixtures/x-576-1-m2-a2.bf16	/tmp/riley-opt-260912/multisequence-projection-candidates-v1/fixtures/w-27-gate_up.bf16
1969	27	1	2	2	3072	576	1	1	/tmp/riley-opt-260912/multisequence-projection-candidates-v1/fixtures/x-576-1-m2-a2.bf16	/tmp/riley-opt-260912/multisequence-projection-candidates-v1/fixtures/w-27-gate_up.bf16
1970	27	1	4	4	3072	576	1	0	/tmp/riley-opt-260912/multisequence-projection-candidates-v1/fixtures/x-576-1-m4-a4.bf16	/tmp/riley-opt-260912/multisequence-projection-candidates-v1/fixtures/w-27-gate_up.bf16
1971	27	1	4	4	3072	576	1	1	/tmp/riley-opt-260912/multisequence-projection-candidates-v1/fixtures/x-576-1-m4-a4.bf16	/tmp/riley-opt-260912/multisequence-projection-candidates-v1/fixtures/w-27-gate_up.bf16
1972	27	1	4	3	3072	576	1	0	/tmp/riley-opt-260912/multisequence-projection-candidates-v1/fixtures/x-576-1-m4-a3.bf16	/tmp/riley-opt-260912/multisequence-projection-candidates-v1/fixtures/w-27-gate_up.bf16
1973	27	1	4	3	3072	576	1	1	/tmp/riley-opt-260912/multisequence-projection-candidates-v1/fixtures/x-576-1-m4-a3.bf16	/tmp/riley-opt-260912/multisequence-projection-candidates-v1/fixtures/w-27-gate_up.bf16
1974	27	1	2	2	3072	576	2	0	/tmp/riley-opt-260912/multisequence-projection-candidates-v1/fixtures/x-576-2-m2-a2.bf16	/tmp/riley-opt-260912/multisequence-projection-candidates-v1/fixtures/w-27-gate_up.bf16
1975	27	1	2	2	3072	576	2	1	/tmp/riley-opt-260912/multisequence-projection-candidates-v1/fixtures/x-576-2-m2-a2.bf16	/tmp/riley-opt-260912/multisequence-projection-candidates-v1/fixtures/w-27-gate_up.bf16
1976	27	1	4	4	3072	576	2	0	/tmp/riley-opt-260912/multisequence-projection-candidates-v1/fixtures/x-576-2-m4-a4.bf16	/tmp/riley-opt-260912/multisequence-projection-candidates-v1/fixtures/w-27-gate_up.bf16
1977	27	1	4	4	3072	576	2	1	/tmp/riley-opt-260912/multisequence-projection-candidates-v1/fixtures/x-576-2-m4-a4.bf16	/tmp/riley-opt-260912/multisequence-projection-candidates-v1/fixtures/w-27-gate_up.bf16
1978	27	1	4	3	3072	576	2	0	/tmp/riley-opt-260912/multisequence-projection-candidates-v1/fixtures/x-576-2-m4-a3.bf16	/tmp/riley-opt-260912/multisequence-projection-candidates-v1/fixtures/w-27-gate_up.bf16
1979	27	1	4	3	3072	576	2	1	/tmp/riley-opt-260912/multisequence-projection-candidates-v1/fixtures/x-576-2-m4-a3.bf16	/tmp/riley-opt-260912/multisequence-projection-candidates-v1/fixtures/w-27-gate_up.bf16
1980	27	2	2	2	576	576	0	0	/tmp/riley-opt-260912/multisequence-projection-candidates-v1/fixtures/x-576-0-m2-a2.bf16	/tmp/riley-opt-260912/multisequence-projection-candidates-v1/fixtures/w-27-o.bf16
1981	27	2	2	2	576	576	0	1	/tmp/riley-opt-260912/multisequence-projection-candidates-v1/fixtures/x-576-0-m2-a2.bf16	/tmp/riley-opt-260912/multisequence-projection-candidates-v1/fixtures/w-27-o.bf16
1982	27	2	4	4	576	576	0	0	/tmp/riley-opt-260912/multisequence-projection-candidates-v1/fixtures/x-576-0-m4-a4.bf16	/tmp/riley-opt-260912/multisequence-projection-candidates-v1/fixtures/w-27-o.bf16
1983	27	2	4	4	576	576	0	1	/tmp/riley-opt-260912/multisequence-projection-candidates-v1/fixtures/x-576-0-m4-a4.bf16	/tmp/riley-opt-260912/multisequence-projection-candidates-v1/fixtures/w-27-o.bf16
1984	27	2	4	3	576	576	0	0	/tmp/riley-opt-260912/multisequence-projection-candidates-v1/fixtures/x-576-0-m4-a3.bf16	/tmp/riley-opt-260912/multisequence-projection-candidates-v1/fixtures/w-27-o.bf16
1985	27	2	4	3	576	576	0	1	/tmp/riley-opt-260912/multisequence-projection-candidates-v1/fixtures/x-576-0-m4-a3.bf16	/tmp/riley-opt-260912/multisequence-projection-candidates-v1/fixtures/w-27-o.bf16
1986	27	2	2	2	576	576	1	0	/tmp/riley-opt-260912/multisequence-projection-candidates-v1/fixtures/x-576-1-m2-a2.bf16	/tmp/riley-opt-260912/multisequence-projection-candidates-v1/fixtures/w-27-o.bf16
1987	27	2	2	2	576	576	1	1	/tmp/riley-opt-260912/multisequence-projection-candidates-v1/fixtures/x-576-1-m2-a2.bf16	/tmp/riley-opt-260912/multisequence-projection-candidates-v1/fixtures/w-27-o.bf16
1988	27	2	4	4	576	576	1	0	/tmp/riley-opt-260912/multisequence-projection-candidates-v1/fixtures/x-576-1-m4-a4.bf16	/tmp/riley-opt-260912/multisequence-projection-candidates-v1/fixtures/w-27-o.bf16
1989	27	2	4	4	576	576	1	1	/tmp/riley-opt-260912/multisequence-projection-candidates-v1/fixtures/x-576-1-m4-a4.bf16	/tmp/riley-opt-260912/multisequence-projection-candidates-v1/fixtures/w-27-o.bf16
1990	27	2	4	3	576	576	1	0	/tmp/riley-opt-260912/multisequence-projection-candidates-v1/fixtures/x-576-1-m4-a3.bf16	/tmp/riley-opt-260912/multisequence-projection-candidates-v1/fixtures/w-27-o.bf16
1991	27	2	4	3	576	576	1	1	/tmp/riley-opt-260912/multisequence-projection-candidates-v1/fixtures/x-576-1-m4-a3.bf16	/tmp/riley-opt-260912/multisequence-projection-candidates-v1/fixtures/w-27-o.bf16
1992	27	2	2	2	576	576	2	0	/tmp/riley-opt-260912/multisequence-projection-candidates-v1/fixtures/x-576-2-m2-a2.bf16	/tmp/riley-opt-260912/multisequence-projection-candidates-v1/fixtures/w-27-o.bf16
1993	27	2	2	2	576	576	2	1	/tmp/riley-opt-260912/multisequence-projection-candidates-v1/fixtures/x-576-2-m2-a2.bf16	/tmp/riley-opt-260912/multisequence-projection-candidates-v1/fixtures/w-27-o.bf16
1994	27	2	4	4	576	576	2	0	/tmp/riley-opt-260912/multisequence-projection-candidates-v1/fixtures/x-576-2-m4-a4.bf16	/tmp/riley-opt-260912/multisequence-projection-candidates-v1/fixtures/w-27-o.bf16
1995	27	2	4	4	576	576	2	1	/tmp/riley-opt-260912/multisequence-projection-candidates-v1/fixtures/x-576-2-m4-a4.bf16	/tmp/riley-opt-260912/multisequence-projection-candidates-v1/fixtures/w-27-o.bf16
1996	27	2	4	3	576	576	2	0	/tmp/riley-opt-260912/multisequence-projection-candidates-v1/fixtures/x-576-2-m4-a3.bf16	/tmp/riley-opt-260912/multisequence-projection-candidates-v1/fixtures/w-27-o.bf16
1997	27	2	4	3	576	576	2	1	/tmp/riley-opt-260912/multisequence-projection-candidates-v1/fixtures/x-576-2-m4-a3.bf16	/tmp/riley-opt-260912/multisequence-projection-candidates-v1/fixtures/w-27-o.bf16
1998	27	3	2	2	576	1536	0	0	/tmp/riley-opt-260912/multisequence-projection-candidates-v1/fixtures/x-1536-0-m2-a2.bf16	/tmp/riley-opt-260912/multisequence-projection-candidates-v1/fixtures/w-27-down.bf16
1999	27	3	2	2	576	1536	0	1	/tmp/riley-opt-260912/multisequence-projection-candidates-v1/fixtures/x-1536-0-m2-a2.bf16	/tmp/riley-opt-260912/multisequence-projection-candidates-v1/fixtures/w-27-down.bf16
2000	27	3	4	4	576	1536	0	0	/tmp/riley-opt-260912/multisequence-projection-candidates-v1/fixtures/x-1536-0-m4-a4.bf16	/tmp/riley-opt-260912/multisequence-projection-candidates-v1/fixtures/w-27-down.bf16
2001	27	3	4	4	576	1536	0	1	/tmp/riley-opt-260912/multisequence-projection-candidates-v1/fixtures/x-1536-0-m4-a4.bf16	/tmp/riley-opt-260912/multisequence-projection-candidates-v1/fixtures/w-27-down.bf16
2002	27	3	4	3	576	1536	0	0	/tmp/riley-opt-260912/multisequence-projection-candidates-v1/fixtures/x-1536-0-m4-a3.bf16	/tmp/riley-opt-260912/multisequence-projection-candidates-v1/fixtures/w-27-down.bf16
2003	27	3	4	3	576	1536	0	1	/tmp/riley-opt-260912/multisequence-projection-candidates-v1/fixtures/x-1536-0-m4-a3.bf16	/tmp/riley-opt-260912/multisequence-projection-candidates-v1/fixtures/w-27-down.bf16
2004	27	3	2	2	576	1536	1	0	/tmp/riley-opt-260912/multisequence-projection-candidates-v1/fixtures/x-1536-1-m2-a2.bf16	/tmp/riley-opt-260912/multisequence-projection-candidates-v1/fixtures/w-27-down.bf16
2005	27	3	2	2	576	1536	1	1	/tmp/riley-opt-260912/multisequence-projection-candidates-v1/fixtures/x-1536-1-m2-a2.bf16	/tmp/riley-opt-260912/multisequence-projection-candidates-v1/fixtures/w-27-down.bf16
2006	27	3	4	4	576	1536	1	0	/tmp/riley-opt-260912/multisequence-projection-candidates-v1/fixtures/x-1536-1-m4-a4.bf16	/tmp/riley-opt-260912/multisequence-projection-candidates-v1/fixtures/w-27-down.bf16
2007	27	3	4	4	576	1536	1	1	/tmp/riley-opt-260912/multisequence-projection-candidates-v1/fixtures/x-1536-1-m4-a4.bf16	/tmp/riley-opt-260912/multisequence-projection-candidates-v1/fixtures/w-27-down.bf16
2008	27	3	4	3	576	1536	1	0	/tmp/riley-opt-260912/multisequence-projection-candidates-v1/fixtures/x-1536-1-m4-a3.bf16	/tmp/riley-opt-260912/multisequence-projection-candidates-v1/fixtures/w-27-down.bf16
2009	27	3	4	3	576	1536	1	1	/tmp/riley-opt-260912/multisequence-projection-candidates-v1/fixtures/x-1536-1-m4-a3.bf16	/tmp/riley-opt-260912/multisequence-projection-candidates-v1/fixtures/w-27-down.bf16
2010	27	3	2	2	576	1536	2	0	/tmp/riley-opt-260912/multisequence-projection-candidates-v1/fixtures/x-1536-2-m2-a2.bf16	/tmp/riley-opt-260912/multisequence-projection-candidates-v1/fixtures/w-27-down.bf16
2011	27	3	2	2	576	1536	2	1	/tmp/riley-opt-260912/multisequence-projection-candidates-v1/fixtures/x-1536-2-m2-a2.bf16	/tmp/riley-opt-260912/multisequence-projection-candidates-v1/fixtures/w-27-down.bf16
2012	27	3	4	4	576	1536	2	0	/tmp/riley-opt-260912/multisequence-projection-candidates-v1/fixtures/x-1536-2-m4-a4.bf16	/tmp/riley-opt-260912/multisequence-projection-candidates-v1/fixtures/w-27-down.bf16
2013	27	3	4	4	576	1536	2	1	/tmp/riley-opt-260912/multisequence-projection-candidates-v1/fixtures/x-1536-2-m4-a4.bf16	/tmp/riley-opt-260912/multisequence-projection-candidates-v1/fixtures/w-27-down.bf16
2014	27	3	4	3	576	1536	2	0	/tmp/riley-opt-260912/multisequence-projection-candidates-v1/fixtures/x-1536-2-m4-a3.bf16	/tmp/riley-opt-260912/multisequence-projection-candidates-v1/fixtures/w-27-down.bf16
2015	27	3	4	3	576	1536	2	1	/tmp/riley-opt-260912/multisequence-projection-candidates-v1/fixtures/x-1536-2-m4-a3.bf16	/tmp/riley-opt-260912/multisequence-projection-candidates-v1/fixtures/w-27-down.bf16
2016	28	0	2	2	960	576	0	0	/tmp/riley-opt-260912/multisequence-projection-candidates-v1/fixtures/x-576-0-m2-a2.bf16	/tmp/riley-opt-260912/multisequence-projection-candidates-v1/fixtures/w-28-qkv.bf16
2017	28	0	2	2	960	576	0	1	/tmp/riley-opt-260912/multisequence-projection-candidates-v1/fixtures/x-576-0-m2-a2.bf16	/tmp/riley-opt-260912/multisequence-projection-candidates-v1/fixtures/w-28-qkv.bf16
2018	28	0	4	4	960	576	0	0	/tmp/riley-opt-260912/multisequence-projection-candidates-v1/fixtures/x-576-0-m4-a4.bf16	/tmp/riley-opt-260912/multisequence-projection-candidates-v1/fixtures/w-28-qkv.bf16
2019	28	0	4	4	960	576	0	1	/tmp/riley-opt-260912/multisequence-projection-candidates-v1/fixtures/x-576-0-m4-a4.bf16	/tmp/riley-opt-260912/multisequence-projection-candidates-v1/fixtures/w-28-qkv.bf16
2020	28	0	4	3	960	576	0	0	/tmp/riley-opt-260912/multisequence-projection-candidates-v1/fixtures/x-576-0-m4-a3.bf16	/tmp/riley-opt-260912/multisequence-projection-candidates-v1/fixtures/w-28-qkv.bf16
2021	28	0	4	3	960	576	0	1	/tmp/riley-opt-260912/multisequence-projection-candidates-v1/fixtures/x-576-0-m4-a3.bf16	/tmp/riley-opt-260912/multisequence-projection-candidates-v1/fixtures/w-28-qkv.bf16
2022	28	0	2	2	960	576	1	0	/tmp/riley-opt-260912/multisequence-projection-candidates-v1/fixtures/x-576-1-m2-a2.bf16	/tmp/riley-opt-260912/multisequence-projection-candidates-v1/fixtures/w-28-qkv.bf16
2023	28	0	2	2	960	576	1	1	/tmp/riley-opt-260912/multisequence-projection-candidates-v1/fixtures/x-576-1-m2-a2.bf16	/tmp/riley-opt-260912/multisequence-projection-candidates-v1/fixtures/w-28-qkv.bf16
2024	28	0	4	4	960	576	1	0	/tmp/riley-opt-260912/multisequence-projection-candidates-v1/fixtures/x-576-1-m4-a4.bf16	/tmp/riley-opt-260912/multisequence-projection-candidates-v1/fixtures/w-28-qkv.bf16
2025	28	0	4	4	960	576	1	1	/tmp/riley-opt-260912/multisequence-projection-candidates-v1/fixtures/x-576-1-m4-a4.bf16	/tmp/riley-opt-260912/multisequence-projection-candidates-v1/fixtures/w-28-qkv.bf16
2026	28	0	4	3	960	576	1	0	/tmp/riley-opt-260912/multisequence-projection-candidates-v1/fixtures/x-576-1-m4-a3.bf16	/tmp/riley-opt-260912/multisequence-projection-candidates-v1/fixtures/w-28-qkv.bf16
2027	28	0	4	3	960	576	1	1	/tmp/riley-opt-260912/multisequence-projection-candidates-v1/fixtures/x-576-1-m4-a3.bf16	/tmp/riley-opt-260912/multisequence-projection-candidates-v1/fixtures/w-28-qkv.bf16
2028	28	0	2	2	960	576	2	0	/tmp/riley-opt-260912/multisequence-projection-candidates-v1/fixtures/x-576-2-m2-a2.bf16	/tmp/riley-opt-260912/multisequence-projection-candidates-v1/fixtures/w-28-qkv.bf16
2029	28	0	2	2	960	576	2	1	/tmp/riley-opt-260912/multisequence-projection-candidates-v1/fixtures/x-576-2-m2-a2.bf16	/tmp/riley-opt-260912/multisequence-projection-candidates-v1/fixtures/w-28-qkv.bf16
2030	28	0	4	4	960	576	2	0	/tmp/riley-opt-260912/multisequence-projection-candidates-v1/fixtures/x-576-2-m4-a4.bf16	/tmp/riley-opt-260912/multisequence-projection-candidates-v1/fixtures/w-28-qkv.bf16
2031	28	0	4	4	960	576	2	1	/tmp/riley-opt-260912/multisequence-projection-candidates-v1/fixtures/x-576-2-m4-a4.bf16	/tmp/riley-opt-260912/multisequence-projection-candidates-v1/fixtures/w-28-qkv.bf16
2032	28	0	4	3	960	576	2	0	/tmp/riley-opt-260912/multisequence-projection-candidates-v1/fixtures/x-576-2-m4-a3.bf16	/tmp/riley-opt-260912/multisequence-projection-candidates-v1/fixtures/w-28-qkv.bf16
2033	28	0	4	3	960	576	2	1	/tmp/riley-opt-260912/multisequence-projection-candidates-v1/fixtures/x-576-2-m4-a3.bf16	/tmp/riley-opt-260912/multisequence-projection-candidates-v1/fixtures/w-28-qkv.bf16
2034	28	1	2	2	3072	576	0	0	/tmp/riley-opt-260912/multisequence-projection-candidates-v1/fixtures/x-576-0-m2-a2.bf16	/tmp/riley-opt-260912/multisequence-projection-candidates-v1/fixtures/w-28-gate_up.bf16
2035	28	1	2	2	3072	576	0	1	/tmp/riley-opt-260912/multisequence-projection-candidates-v1/fixtures/x-576-0-m2-a2.bf16	/tmp/riley-opt-260912/multisequence-projection-candidates-v1/fixtures/w-28-gate_up.bf16
2036	28	1	4	4	3072	576	0	0	/tmp/riley-opt-260912/multisequence-projection-candidates-v1/fixtures/x-576-0-m4-a4.bf16	/tmp/riley-opt-260912/multisequence-projection-candidates-v1/fixtures/w-28-gate_up.bf16
2037	28	1	4	4	3072	576	0	1	/tmp/riley-opt-260912/multisequence-projection-candidates-v1/fixtures/x-576-0-m4-a4.bf16	/tmp/riley-opt-260912/multisequence-projection-candidates-v1/fixtures/w-28-gate_up.bf16
2038	28	1	4	3	3072	576	0	0	/tmp/riley-opt-260912/multisequence-projection-candidates-v1/fixtures/x-576-0-m4-a3.bf16	/tmp/riley-opt-260912/multisequence-projection-candidates-v1/fixtures/w-28-gate_up.bf16
2039	28	1	4	3	3072	576	0	1	/tmp/riley-opt-260912/multisequence-projection-candidates-v1/fixtures/x-576-0-m4-a3.bf16	/tmp/riley-opt-260912/multisequence-projection-candidates-v1/fixtures/w-28-gate_up.bf16
2040	28	1	2	2	3072	576	1	0	/tmp/riley-opt-260912/multisequence-projection-candidates-v1/fixtures/x-576-1-m2-a2.bf16	/tmp/riley-opt-260912/multisequence-projection-candidates-v1/fixtures/w-28-gate_up.bf16
2041	28	1	2	2	3072	576	1	1	/tmp/riley-opt-260912/multisequence-projection-candidates-v1/fixtures/x-576-1-m2-a2.bf16	/tmp/riley-opt-260912/multisequence-projection-candidates-v1/fixtures/w-28-gate_up.bf16
2042	28	1	4	4	3072	576	1	0	/tmp/riley-opt-260912/multisequence-projection-candidates-v1/fixtures/x-576-1-m4-a4.bf16	/tmp/riley-opt-260912/multisequence-projection-candidates-v1/fixtures/w-28-gate_up.bf16
2043	28	1	4	4	3072	576	1	1	/tmp/riley-opt-260912/multisequence-projection-candidates-v1/fixtures/x-576-1-m4-a4.bf16	/tmp/riley-opt-260912/multisequence-projection-candidates-v1/fixtures/w-28-gate_up.bf16
2044	28	1	4	3	3072	576	1	0	/tmp/riley-opt-260912/multisequence-projection-candidates-v1/fixtures/x-576-1-m4-a3.bf16	/tmp/riley-opt-260912/multisequence-projection-candidates-v1/fixtures/w-28-gate_up.bf16
2045	28	1	4	3	3072	576	1	1	/tmp/riley-opt-260912/multisequence-projection-candidates-v1/fixtures/x-576-1-m4-a3.bf16	/tmp/riley-opt-260912/multisequence-projection-candidates-v1/fixtures/w-28-gate_up.bf16
2046	28	1	2	2	3072	576	2	0	/tmp/riley-opt-260912/multisequence-projection-candidates-v1/fixtures/x-576-2-m2-a2.bf16	/tmp/riley-opt-260912/multisequence-projection-candidates-v1/fixtures/w-28-gate_up.bf16
2047	28	1	2	2	3072	576	2	1	/tmp/riley-opt-260912/multisequence-projection-candidates-v1/fixtures/x-576-2-m2-a2.bf16	/tmp/riley-opt-260912/multisequence-projection-candidates-v1/fixtures/w-28-gate_up.bf16
2048	28	1	4	4	3072	576	2	0	/tmp/riley-opt-260912/multisequence-projection-candidates-v1/fixtures/x-576-2-m4-a4.bf16	/tmp/riley-opt-260912/multisequence-projection-candidates-v1/fixtures/w-28-gate_up.bf16
2049	28	1	4	4	3072	576	2	1	/tmp/riley-opt-260912/multisequence-projection-candidates-v1/fixtures/x-576-2-m4-a4.bf16	/tmp/riley-opt-260912/multisequence-projection-candidates-v1/fixtures/w-28-gate_up.bf16
2050	28	1	4	3	3072	576	2	0	/tmp/riley-opt-260912/multisequence-projection-candidates-v1/fixtures/x-576-2-m4-a3.bf16	/tmp/riley-opt-260912/multisequence-projection-candidates-v1/fixtures/w-28-gate_up.bf16
2051	28	1	4	3	3072	576	2	1	/tmp/riley-opt-260912/multisequence-projection-candidates-v1/fixtures/x-576-2-m4-a3.bf16	/tmp/riley-opt-260912/multisequence-projection-candidates-v1/fixtures/w-28-gate_up.bf16
2052	28	2	2	2	576	576	0	0	/tmp/riley-opt-260912/multisequence-projection-candidates-v1/fixtures/x-576-0-m2-a2.bf16	/tmp/riley-opt-260912/multisequence-projection-candidates-v1/fixtures/w-28-o.bf16
2053	28	2	2	2	576	576	0	1	/tmp/riley-opt-260912/multisequence-projection-candidates-v1/fixtures/x-576-0-m2-a2.bf16	/tmp/riley-opt-260912/multisequence-projection-candidates-v1/fixtures/w-28-o.bf16
2054	28	2	4	4	576	576	0	0	/tmp/riley-opt-260912/multisequence-projection-candidates-v1/fixtures/x-576-0-m4-a4.bf16	/tmp/riley-opt-260912/multisequence-projection-candidates-v1/fixtures/w-28-o.bf16
2055	28	2	4	4	576	576	0	1	/tmp/riley-opt-260912/multisequence-projection-candidates-v1/fixtures/x-576-0-m4-a4.bf16	/tmp/riley-opt-260912/multisequence-projection-candidates-v1/fixtures/w-28-o.bf16
2056	28	2	4	3	576	576	0	0	/tmp/riley-opt-260912/multisequence-projection-candidates-v1/fixtures/x-576-0-m4-a3.bf16	/tmp/riley-opt-260912/multisequence-projection-candidates-v1/fixtures/w-28-o.bf16
2057	28	2	4	3	576	576	0	1	/tmp/riley-opt-260912/multisequence-projection-candidates-v1/fixtures/x-576-0-m4-a3.bf16	/tmp/riley-opt-260912/multisequence-projection-candidates-v1/fixtures/w-28-o.bf16
2058	28	2	2	2	576	576	1	0	/tmp/riley-opt-260912/multisequence-projection-candidates-v1/fixtures/x-576-1-m2-a2.bf16	/tmp/riley-opt-260912/multisequence-projection-candidates-v1/fixtures/w-28-o.bf16
2059	28	2	2	2	576	576	1	1	/tmp/riley-opt-260912/multisequence-projection-candidates-v1/fixtures/x-576-1-m2-a2.bf16	/tmp/riley-opt-260912/multisequence-projection-candidates-v1/fixtures/w-28-o.bf16
2060	28	2	4	4	576	576	1	0	/tmp/riley-opt-260912/multisequence-projection-candidates-v1/fixtures/x-576-1-m4-a4.bf16	/tmp/riley-opt-260912/multisequence-projection-candidates-v1/fixtures/w-28-o.bf16
2061	28	2	4	4	576	576	1	1	/tmp/riley-opt-260912/multisequence-projection-candidates-v1/fixtures/x-576-1-m4-a4.bf16	/tmp/riley-opt-260912/multisequence-projection-candidates-v1/fixtures/w-28-o.bf16
2062	28	2	4	3	576	576	1	0	/tmp/riley-opt-260912/multisequence-projection-candidates-v1/fixtures/x-576-1-m4-a3.bf16	/tmp/riley-opt-260912/multisequence-projection-candidates-v1/fixtures/w-28-o.bf16
2063	28	2	4	3	576	576	1	1	/tmp/riley-opt-260912/multisequence-projection-candidates-v1/fixtures/x-576-1-m4-a3.bf16	/tmp/riley-opt-260912/multisequence-projection-candidates-v1/fixtures/w-28-o.bf16
2064	28	2	2	2	576	576	2	0	/tmp/riley-opt-260912/multisequence-projection-candidates-v1/fixtures/x-576-2-m2-a2.bf16	/tmp/riley-opt-260912/multisequence-projection-candidates-v1/fixtures/w-28-o.bf16
2065	28	2	2	2	576	576	2	1	/tmp/riley-opt-260912/multisequence-projection-candidates-v1/fixtures/x-576-2-m2-a2.bf16	/tmp/riley-opt-260912/multisequence-projection-candidates-v1/fixtures/w-28-o.bf16
2066	28	2	4	4	576	576	2	0	/tmp/riley-opt-260912/multisequence-projection-candidates-v1/fixtures/x-576-2-m4-a4.bf16	/tmp/riley-opt-260912/multisequence-projection-candidates-v1/fixtures/w-28-o.bf16
2067	28	2	4	4	576	576	2	1	/tmp/riley-opt-260912/multisequence-projection-candidates-v1/fixtures/x-576-2-m4-a4.bf16	/tmp/riley-opt-260912/multisequence-projection-candidates-v1/fixtures/w-28-o.bf16
2068	28	2	4	3	576	576	2	0	/tmp/riley-opt-260912/multisequence-projection-candidates-v1/fixtures/x-576-2-m4-a3.bf16	/tmp/riley-opt-260912/multisequence-projection-candidates-v1/fixtures/w-28-o.bf16
2069	28	2	4	3	576	576	2	1	/tmp/riley-opt-260912/multisequence-projection-candidates-v1/fixtures/x-576-2-m4-a3.bf16	/tmp/riley-opt-260912/multisequence-projection-candidates-v1/fixtures/w-28-o.bf16
2070	28	3	2	2	576	1536	0	0	/tmp/riley-opt-260912/multisequence-projection-candidates-v1/fixtures/x-1536-0-m2-a2.bf16	/tmp/riley-opt-260912/multisequence-projection-candidates-v1/fixtures/w-28-down.bf16
2071	28	3	2	2	576	1536	0	1	/tmp/riley-opt-260912/multisequence-projection-candidates-v1/fixtures/x-1536-0-m2-a2.bf16	/tmp/riley-opt-260912/multisequence-projection-candidates-v1/fixtures/w-28-down.bf16
2072	28	3	4	4	576	1536	0	0	/tmp/riley-opt-260912/multisequence-projection-candidates-v1/fixtures/x-1536-0-m4-a4.bf16	/tmp/riley-opt-260912/multisequence-projection-candidates-v1/fixtures/w-28-down.bf16
2073	28	3	4	4	576	1536	0	1	/tmp/riley-opt-260912/multisequence-projection-candidates-v1/fixtures/x-1536-0-m4-a4.bf16	/tmp/riley-opt-260912/multisequence-projection-candidates-v1/fixtures/w-28-down.bf16
2074	28	3	4	3	576	1536	0	0	/tmp/riley-opt-260912/multisequence-projection-candidates-v1/fixtures/x-1536-0-m4-a3.bf16	/tmp/riley-opt-260912/multisequence-projection-candidates-v1/fixtures/w-28-down.bf16
2075	28	3	4	3	576	1536	0	1	/tmp/riley-opt-260912/multisequence-projection-candidates-v1/fixtures/x-1536-0-m4-a3.bf16	/tmp/riley-opt-260912/multisequence-projection-candidates-v1/fixtures/w-28-down.bf16
2076	28	3	2	2	576	1536	1	0	/tmp/riley-opt-260912/multisequence-projection-candidates-v1/fixtures/x-1536-1-m2-a2.bf16	/tmp/riley-opt-260912/multisequence-projection-candidates-v1/fixtures/w-28-down.bf16
2077	28	3	2	2	576	1536	1	1	/tmp/riley-opt-260912/multisequence-projection-candidates-v1/fixtures/x-1536-1-m2-a2.bf16	/tmp/riley-opt-260912/multisequence-projection-candidates-v1/fixtures/w-28-down.bf16
2078	28	3	4	4	576	1536	1	0	/tmp/riley-opt-260912/multisequence-projection-candidates-v1/fixtures/x-1536-1-m4-a4.bf16	/tmp/riley-opt-260912/multisequence-projection-candidates-v1/fixtures/w-28-down.bf16
2079	28	3	4	4	576	1536	1	1	/tmp/riley-opt-260912/multisequence-projection-candidates-v1/fixtures/x-1536-1-m4-a4.bf16	/tmp/riley-opt-260912/multisequence-projection-candidates-v1/fixtures/w-28-down.bf16
2080	28	3	4	3	576	1536	1	0	/tmp/riley-opt-260912/multisequence-projection-candidates-v1/fixtures/x-1536-1-m4-a3.bf16	/tmp/riley-opt-260912/multisequence-projection-candidates-v1/fixtures/w-28-down.bf16
2081	28	3	4	3	576	1536	1	1	/tmp/riley-opt-260912/multisequence-projection-candidates-v1/fixtures/x-1536-1-m4-a3.bf16	/tmp/riley-opt-260912/multisequence-projection-candidates-v1/fixtures/w-28-down.bf16
2082	28	3	2	2	576	1536	2	0	/tmp/riley-opt-260912/multisequence-projection-candidates-v1/fixtures/x-1536-2-m2-a2.bf16	/tmp/riley-opt-260912/multisequence-projection-candidates-v1/fixtures/w-28-down.bf16
2083	28	3	2	2	576	1536	2	1	/tmp/riley-opt-260912/multisequence-projection-candidates-v1/fixtures/x-1536-2-m2-a2.bf16	/tmp/riley-opt-260912/multisequence-projection-candidates-v1/fixtures/w-28-down.bf16
2084	28	3	4	4	576	1536	2	0	/tmp/riley-opt-260912/multisequence-projection-candidates-v1/fixtures/x-1536-2-m4-a4.bf16	/tmp/riley-opt-260912/multisequence-projection-candidates-v1/fixtures/w-28-down.bf16
2085	28	3	4	4	576	1536	2	1	/tmp/riley-opt-260912/multisequence-projection-candidates-v1/fixtures/x-1536-2-m4-a4.bf16	/tmp/riley-opt-260912/multisequence-projection-candidates-v1/fixtures/w-28-down.bf16
2086	28	3	4	3	576	1536	2	0	/tmp/riley-opt-260912/multisequence-projection-candidates-v1/fixtures/x-1536-2-m4-a3.bf16	/tmp/riley-opt-260912/multisequence-projection-candidates-v1/fixtures/w-28-down.bf16
2087	28	3	4	3	576	1536	2	1	/tmp/riley-opt-260912/multisequence-projection-candidates-v1/fixtures/x-1536-2-m4-a3.bf16	/tmp/riley-opt-260912/multisequence-projection-candidates-v1/fixtures/w-28-down.bf16
2088	29	0	2	2	960	576	0	0	/tmp/riley-opt-260912/multisequence-projection-candidates-v1/fixtures/x-576-0-m2-a2.bf16	/tmp/riley-opt-260912/multisequence-projection-candidates-v1/fixtures/w-29-qkv.bf16
2089	29	0	2	2	960	576	0	1	/tmp/riley-opt-260912/multisequence-projection-candidates-v1/fixtures/x-576-0-m2-a2.bf16	/tmp/riley-opt-260912/multisequence-projection-candidates-v1/fixtures/w-29-qkv.bf16
2090	29	0	4	4	960	576	0	0	/tmp/riley-opt-260912/multisequence-projection-candidates-v1/fixtures/x-576-0-m4-a4.bf16	/tmp/riley-opt-260912/multisequence-projection-candidates-v1/fixtures/w-29-qkv.bf16
2091	29	0	4	4	960	576	0	1	/tmp/riley-opt-260912/multisequence-projection-candidates-v1/fixtures/x-576-0-m4-a4.bf16	/tmp/riley-opt-260912/multisequence-projection-candidates-v1/fixtures/w-29-qkv.bf16
2092	29	0	4	3	960	576	0	0	/tmp/riley-opt-260912/multisequence-projection-candidates-v1/fixtures/x-576-0-m4-a3.bf16	/tmp/riley-opt-260912/multisequence-projection-candidates-v1/fixtures/w-29-qkv.bf16
2093	29	0	4	3	960	576	0	1	/tmp/riley-opt-260912/multisequence-projection-candidates-v1/fixtures/x-576-0-m4-a3.bf16	/tmp/riley-opt-260912/multisequence-projection-candidates-v1/fixtures/w-29-qkv.bf16
2094	29	0	2	2	960	576	1	0	/tmp/riley-opt-260912/multisequence-projection-candidates-v1/fixtures/x-576-1-m2-a2.bf16	/tmp/riley-opt-260912/multisequence-projection-candidates-v1/fixtures/w-29-qkv.bf16
2095	29	0	2	2	960	576	1	1	/tmp/riley-opt-260912/multisequence-projection-candidates-v1/fixtures/x-576-1-m2-a2.bf16	/tmp/riley-opt-260912/multisequence-projection-candidates-v1/fixtures/w-29-qkv.bf16
2096	29	0	4	4	960	576	1	0	/tmp/riley-opt-260912/multisequence-projection-candidates-v1/fixtures/x-576-1-m4-a4.bf16	/tmp/riley-opt-260912/multisequence-projection-candidates-v1/fixtures/w-29-qkv.bf16
2097	29	0	4	4	960	576	1	1	/tmp/riley-opt-260912/multisequence-projection-candidates-v1/fixtures/x-576-1-m4-a4.bf16	/tmp/riley-opt-260912/multisequence-projection-candidates-v1/fixtures/w-29-qkv.bf16
2098	29	0	4	3	960	576	1	0	/tmp/riley-opt-260912/multisequence-projection-candidates-v1/fixtures/x-576-1-m4-a3.bf16	/tmp/riley-opt-260912/multisequence-projection-candidates-v1/fixtures/w-29-qkv.bf16
2099	29	0	4	3	960	576	1	1	/tmp/riley-opt-260912/multisequence-projection-candidates-v1/fixtures/x-576-1-m4-a3.bf16	/tmp/riley-opt-260912/multisequence-projection-candidates-v1/fixtures/w-29-qkv.bf16
2100	29	0	2	2	960	576	2	0	/tmp/riley-opt-260912/multisequence-projection-candidates-v1/fixtures/x-576-2-m2-a2.bf16	/tmp/riley-opt-260912/multisequence-projection-candidates-v1/fixtures/w-29-qkv.bf16
2101	29	0	2	2	960	576	2	1	/tmp/riley-opt-260912/multisequence-projection-candidates-v1/fixtures/x-576-2-m2-a2.bf16	/tmp/riley-opt-260912/multisequence-projection-candidates-v1/fixtures/w-29-qkv.bf16
2102	29	0	4	4	960	576	2	0	/tmp/riley-opt-260912/multisequence-projection-candidates-v1/fixtures/x-576-2-m4-a4.bf16	/tmp/riley-opt-260912/multisequence-projection-candidates-v1/fixtures/w-29-qkv.bf16
2103	29	0	4	4	960	576	2	1	/tmp/riley-opt-260912/multisequence-projection-candidates-v1/fixtures/x-576-2-m4-a4.bf16	/tmp/riley-opt-260912/multisequence-projection-candidates-v1/fixtures/w-29-qkv.bf16
2104	29	0	4	3	960	576	2	0	/tmp/riley-opt-260912/multisequence-projection-candidates-v1/fixtures/x-576-2-m4-a3.bf16	/tmp/riley-opt-260912/multisequence-projection-candidates-v1/fixtures/w-29-qkv.bf16
2105	29	0	4	3	960	576	2	1	/tmp/riley-opt-260912/multisequence-projection-candidates-v1/fixtures/x-576-2-m4-a3.bf16	/tmp/riley-opt-260912/multisequence-projection-candidates-v1/fixtures/w-29-qkv.bf16
2106	29	1	2	2	3072	576	0	0	/tmp/riley-opt-260912/multisequence-projection-candidates-v1/fixtures/x-576-0-m2-a2.bf16	/tmp/riley-opt-260912/multisequence-projection-candidates-v1/fixtures/w-29-gate_up.bf16
2107	29	1	2	2	3072	576	0	1	/tmp/riley-opt-260912/multisequence-projection-candidates-v1/fixtures/x-576-0-m2-a2.bf16	/tmp/riley-opt-260912/multisequence-projection-candidates-v1/fixtures/w-29-gate_up.bf16
2108	29	1	4	4	3072	576	0	0	/tmp/riley-opt-260912/multisequence-projection-candidates-v1/fixtures/x-576-0-m4-a4.bf16	/tmp/riley-opt-260912/multisequence-projection-candidates-v1/fixtures/w-29-gate_up.bf16
2109	29	1	4	4	3072	576	0	1	/tmp/riley-opt-260912/multisequence-projection-candidates-v1/fixtures/x-576-0-m4-a4.bf16	/tmp/riley-opt-260912/multisequence-projection-candidates-v1/fixtures/w-29-gate_up.bf16
2110	29	1	4	3	3072	576	0	0	/tmp/riley-opt-260912/multisequence-projection-candidates-v1/fixtures/x-576-0-m4-a3.bf16	/tmp/riley-opt-260912/multisequence-projection-candidates-v1/fixtures/w-29-gate_up.bf16
2111	29	1	4	3	3072	576	0	1	/tmp/riley-opt-260912/multisequence-projection-candidates-v1/fixtures/x-576-0-m4-a3.bf16	/tmp/riley-opt-260912/multisequence-projection-candidates-v1/fixtures/w-29-gate_up.bf16
2112	29	1	2	2	3072	576	1	0	/tmp/riley-opt-260912/multisequence-projection-candidates-v1/fixtures/x-576-1-m2-a2.bf16	/tmp/riley-opt-260912/multisequence-projection-candidates-v1/fixtures/w-29-gate_up.bf16
2113	29	1	2	2	3072	576	1	1	/tmp/riley-opt-260912/multisequence-projection-candidates-v1/fixtures/x-576-1-m2-a2.bf16	/tmp/riley-opt-260912/multisequence-projection-candidates-v1/fixtures/w-29-gate_up.bf16
2114	29	1	4	4	3072	576	1	0	/tmp/riley-opt-260912/multisequence-projection-candidates-v1/fixtures/x-576-1-m4-a4.bf16	/tmp/riley-opt-260912/multisequence-projection-candidates-v1/fixtures/w-29-gate_up.bf16
2115	29	1	4	4	3072	576	1	1	/tmp/riley-opt-260912/multisequence-projection-candidates-v1/fixtures/x-576-1-m4-a4.bf16	/tmp/riley-opt-260912/multisequence-projection-candidates-v1/fixtures/w-29-gate_up.bf16
2116	29	1	4	3	3072	576	1	0	/tmp/riley-opt-260912/multisequence-projection-candidates-v1/fixtures/x-576-1-m4-a3.bf16	/tmp/riley-opt-260912/multisequence-projection-candidates-v1/fixtures/w-29-gate_up.bf16
2117	29	1	4	3	3072	576	1	1	/tmp/riley-opt-260912/multisequence-projection-candidates-v1/fixtures/x-576-1-m4-a3.bf16	/tmp/riley-opt-260912/multisequence-projection-candidates-v1/fixtures/w-29-gate_up.bf16
2118	29	1	2	2	3072	576	2	0	/tmp/riley-opt-260912/multisequence-projection-candidates-v1/fixtures/x-576-2-m2-a2.bf16	/tmp/riley-opt-260912/multisequence-projection-candidates-v1/fixtures/w-29-gate_up.bf16
2119	29	1	2	2	3072	576	2	1	/tmp/riley-opt-260912/multisequence-projection-candidates-v1/fixtures/x-576-2-m2-a2.bf16	/tmp/riley-opt-260912/multisequence-projection-candidates-v1/fixtures/w-29-gate_up.bf16
2120	29	1	4	4	3072	576	2	0	/tmp/riley-opt-260912/multisequence-projection-candidates-v1/fixtures/x-576-2-m4-a4.bf16	/tmp/riley-opt-260912/multisequence-projection-candidates-v1/fixtures/w-29-gate_up.bf16
2121	29	1	4	4	3072	576	2	1	/tmp/riley-opt-260912/multisequence-projection-candidates-v1/fixtures/x-576-2-m4-a4.bf16	/tmp/riley-opt-260912/multisequence-projection-candidates-v1/fixtures/w-29-gate_up.bf16
2122	29	1	4	3	3072	576	2	0	/tmp/riley-opt-260912/multisequence-projection-candidates-v1/fixtures/x-576-2-m4-a3.bf16	/tmp/riley-opt-260912/multisequence-projection-candidates-v1/fixtures/w-29-gate_up.bf16
2123	29	1	4	3	3072	576	2	1	/tmp/riley-opt-260912/multisequence-projection-candidates-v1/fixtures/x-576-2-m4-a3.bf16	/tmp/riley-opt-260912/multisequence-projection-candidates-v1/fixtures/w-29-gate_up.bf16
2124	29	2	2	2	576	576	0	0	/tmp/riley-opt-260912/multisequence-projection-candidates-v1/fixtures/x-576-0-m2-a2.bf16	/tmp/riley-opt-260912/multisequence-projection-candidates-v1/fixtures/w-29-o.bf16
2125	29	2	2	2	576	576	0	1	/tmp/riley-opt-260912/multisequence-projection-candidates-v1/fixtures/x-576-0-m2-a2.bf16	/tmp/riley-opt-260912/multisequence-projection-candidates-v1/fixtures/w-29-o.bf16
2126	29	2	4	4	576	576	0	0	/tmp/riley-opt-260912/multisequence-projection-candidates-v1/fixtures/x-576-0-m4-a4.bf16	/tmp/riley-opt-260912/multisequence-projection-candidates-v1/fixtures/w-29-o.bf16
2127	29	2	4	4	576	576	0	1	/tmp/riley-opt-260912/multisequence-projection-candidates-v1/fixtures/x-576-0-m4-a4.bf16	/tmp/riley-opt-260912/multisequence-projection-candidates-v1/fixtures/w-29-o.bf16
2128	29	2	4	3	576	576	0	0	/tmp/riley-opt-260912/multisequence-projection-candidates-v1/fixtures/x-576-0-m4-a3.bf16	/tmp/riley-opt-260912/multisequence-projection-candidates-v1/fixtures/w-29-o.bf16
2129	29	2	4	3	576	576	0	1	/tmp/riley-opt-260912/multisequence-projection-candidates-v1/fixtures/x-576-0-m4-a3.bf16	/tmp/riley-opt-260912/multisequence-projection-candidates-v1/fixtures/w-29-o.bf16
2130	29	2	2	2	576	576	1	0	/tmp/riley-opt-260912/multisequence-projection-candidates-v1/fixtures/x-576-1-m2-a2.bf16	/tmp/riley-opt-260912/multisequence-projection-candidates-v1/fixtures/w-29-o.bf16
2131	29	2	2	2	576	576	1	1	/tmp/riley-opt-260912/multisequence-projection-candidates-v1/fixtures/x-576-1-m2-a2.bf16	/tmp/riley-opt-260912/multisequence-projection-candidates-v1/fixtures/w-29-o.bf16
2132	29	2	4	4	576	576	1	0	/tmp/riley-opt-260912/multisequence-projection-candidates-v1/fixtures/x-576-1-m4-a4.bf16	/tmp/riley-opt-260912/multisequence-projection-candidates-v1/fixtures/w-29-o.bf16
2133	29	2	4	4	576	576	1	1	/tmp/riley-opt-260912/multisequence-projection-candidates-v1/fixtures/x-576-1-m4-a4.bf16	/tmp/riley-opt-260912/multisequence-projection-candidates-v1/fixtures/w-29-o.bf16
2134	29	2	4	3	576	576	1	0	/tmp/riley-opt-260912/multisequence-projection-candidates-v1/fixtures/x-576-1-m4-a3.bf16	/tmp/riley-opt-260912/multisequence-projection-candidates-v1/fixtures/w-29-o.bf16
2135	29	2	4	3	576	576	1	1	/tmp/riley-opt-260912/multisequence-projection-candidates-v1/fixtures/x-576-1-m4-a3.bf16	/tmp/riley-opt-260912/multisequence-projection-candidates-v1/fixtures/w-29-o.bf16
2136	29	2	2	2	576	576	2	0	/tmp/riley-opt-260912/multisequence-projection-candidates-v1/fixtures/x-576-2-m2-a2.bf16	/tmp/riley-opt-260912/multisequence-projection-candidates-v1/fixtures/w-29-o.bf16
2137	29	2	2	2	576	576	2	1	/tmp/riley-opt-260912/multisequence-projection-candidates-v1/fixtures/x-576-2-m2-a2.bf16	/tmp/riley-opt-260912/multisequence-projection-candidates-v1/fixtures/w-29-o.bf16
2138	29	2	4	4	576	576	2	0	/tmp/riley-opt-260912/multisequence-projection-candidates-v1/fixtures/x-576-2-m4-a4.bf16	/tmp/riley-opt-260912/multisequence-projection-candidates-v1/fixtures/w-29-o.bf16
2139	29	2	4	4	576	576	2	1	/tmp/riley-opt-260912/multisequence-projection-candidates-v1/fixtures/x-576-2-m4-a4.bf16	/tmp/riley-opt-260912/multisequence-projection-candidates-v1/fixtures/w-29-o.bf16
2140	29	2	4	3	576	576	2	0	/tmp/riley-opt-260912/multisequence-projection-candidates-v1/fixtures/x-576-2-m4-a3.bf16	/tmp/riley-opt-260912/multisequence-projection-candidates-v1/fixtures/w-29-o.bf16
2141	29	2	4	3	576	576	2	1	/tmp/riley-opt-260912/multisequence-projection-candidates-v1/fixtures/x-576-2-m4-a3.bf16	/tmp/riley-opt-260912/multisequence-projection-candidates-v1/fixtures/w-29-o.bf16
2142	29	3	2	2	576	1536	0	0	/tmp/riley-opt-260912/multisequence-projection-candidates-v1/fixtures/x-1536-0-m2-a2.bf16	/tmp/riley-opt-260912/multisequence-projection-candidates-v1/fixtures/w-29-down.bf16
2143	29	3	2	2	576	1536	0	1	/tmp/riley-opt-260912/multisequence-projection-candidates-v1/fixtures/x-1536-0-m2-a2.bf16	/tmp/riley-opt-260912/multisequence-projection-candidates-v1/fixtures/w-29-down.bf16
2144	29	3	4	4	576	1536	0	0	/tmp/riley-opt-260912/multisequence-projection-candidates-v1/fixtures/x-1536-0-m4-a4.bf16	/tmp/riley-opt-260912/multisequence-projection-candidates-v1/fixtures/w-29-down.bf16
2145	29	3	4	4	576	1536	0	1	/tmp/riley-opt-260912/multisequence-projection-candidates-v1/fixtures/x-1536-0-m4-a4.bf16	/tmp/riley-opt-260912/multisequence-projection-candidates-v1/fixtures/w-29-down.bf16
2146	29	3	4	3	576	1536	0	0	/tmp/riley-opt-260912/multisequence-projection-candidates-v1/fixtures/x-1536-0-m4-a3.bf16	/tmp/riley-opt-260912/multisequence-projection-candidates-v1/fixtures/w-29-down.bf16
2147	29	3	4	3	576	1536	0	1	/tmp/riley-opt-260912/multisequence-projection-candidates-v1/fixtures/x-1536-0-m4-a3.bf16	/tmp/riley-opt-260912/multisequence-projection-candidates-v1/fixtures/w-29-down.bf16
2148	29	3	2	2	576	1536	1	0	/tmp/riley-opt-260912/multisequence-projection-candidates-v1/fixtures/x-1536-1-m2-a2.bf16	/tmp/riley-opt-260912/multisequence-projection-candidates-v1/fixtures/w-29-down.bf16
2149	29	3	2	2	576	1536	1	1	/tmp/riley-opt-260912/multisequence-projection-candidates-v1/fixtures/x-1536-1-m2-a2.bf16	/tmp/riley-opt-260912/multisequence-projection-candidates-v1/fixtures/w-29-down.bf16
2150	29	3	4	4	576	1536	1	0	/tmp/riley-opt-260912/multisequence-projection-candidates-v1/fixtures/x-1536-1-m4-a4.bf16	/tmp/riley-opt-260912/multisequence-projection-candidates-v1/fixtures/w-29-down.bf16
2151	29	3	4	4	576	1536	1	1	/tmp/riley-opt-260912/multisequence-projection-candidates-v1/fixtures/x-1536-1-m4-a4.bf16	/tmp/riley-opt-260912/multisequence-projection-candidates-v1/fixtures/w-29-down.bf16
2152	29	3	4	3	576	1536	1	0	/tmp/riley-opt-260912/multisequence-projection-candidates-v1/fixtures/x-1536-1-m4-a3.bf16	/tmp/riley-opt-260912/multisequence-projection-candidates-v1/fixtures/w-29-down.bf16
2153	29	3	4	3	576	1536	1	1	/tmp/riley-opt-260912/multisequence-projection-candidates-v1/fixtures/x-1536-1-m4-a3.bf16	/tmp/riley-opt-260912/multisequence-projection-candidates-v1/fixtures/w-29-down.bf16
2154	29	3	2	2	576	1536	2	0	/tmp/riley-opt-260912/multisequence-projection-candidates-v1/fixtures/x-1536-2-m2-a2.bf16	/tmp/riley-opt-260912/multisequence-projection-candidates-v1/fixtures/w-29-down.bf16
2155	29	3	2	2	576	1536	2	1	/tmp/riley-opt-260912/multisequence-projection-candidates-v1/fixtures/x-1536-2-m2-a2.bf16	/tmp/riley-opt-260912/multisequence-projection-candidates-v1/fixtures/w-29-down.bf16
2156	29	3	4	4	576	1536	2	0	/tmp/riley-opt-260912/multisequence-projection-candidates-v1/fixtures/x-1536-2-m4-a4.bf16	/tmp/riley-opt-260912/multisequence-projection-candidates-v1/fixtures/w-29-down.bf16
2157	29	3	4	4	576	1536	2	1	/tmp/riley-opt-260912/multisequence-projection-candidates-v1/fixtures/x-1536-2-m4-a4.bf16	/tmp/riley-opt-260912/multisequence-projection-candidates-v1/fixtures/w-29-down.bf16
2158	29	3	4	3	576	1536	2	0	/tmp/riley-opt-260912/multisequence-projection-candidates-v1/fixtures/x-1536-2-m4-a3.bf16	/tmp/riley-opt-260912/multisequence-projection-candidates-v1/fixtures/w-29-down.bf16
2159	29	3	4	3	576	1536	2	1	/tmp/riley-opt-260912/multisequence-projection-candidates-v1/fixtures/x-1536-2-m4-a3.bf16	/tmp/riley-opt-260912/multisequence-projection-candidates-v1/fixtures/w-29-down.bf16
2160	30	4	2	2	49152	576	0	0	/tmp/riley-opt-260912/multisequence-projection-candidates-v1/fixtures/x-576-0-m2-a2.bf16	/tmp/riley-opt-260912/multisequence-projection-candidates-v1/fixtures/w-30-head.bf16
2161	30	4	2	2	49152	576	0	1	/tmp/riley-opt-260912/multisequence-projection-candidates-v1/fixtures/x-576-0-m2-a2.bf16	/tmp/riley-opt-260912/multisequence-projection-candidates-v1/fixtures/w-30-head.bf16
2162	30	4	4	4	49152	576	0	0	/tmp/riley-opt-260912/multisequence-projection-candidates-v1/fixtures/x-576-0-m4-a4.bf16	/tmp/riley-opt-260912/multisequence-projection-candidates-v1/fixtures/w-30-head.bf16
2163	30	4	4	4	49152	576	0	1	/tmp/riley-opt-260912/multisequence-projection-candidates-v1/fixtures/x-576-0-m4-a4.bf16	/tmp/riley-opt-260912/multisequence-projection-candidates-v1/fixtures/w-30-head.bf16
2164	30	4	4	3	49152	576	0	0	/tmp/riley-opt-260912/multisequence-projection-candidates-v1/fixtures/x-576-0-m4-a3.bf16	/tmp/riley-opt-260912/multisequence-projection-candidates-v1/fixtures/w-30-head.bf16
2165	30	4	4	3	49152	576	0	1	/tmp/riley-opt-260912/multisequence-projection-candidates-v1/fixtures/x-576-0-m4-a3.bf16	/tmp/riley-opt-260912/multisequence-projection-candidates-v1/fixtures/w-30-head.bf16
2166	30	4	2	2	49152	576	1	0	/tmp/riley-opt-260912/multisequence-projection-candidates-v1/fixtures/x-576-1-m2-a2.bf16	/tmp/riley-opt-260912/multisequence-projection-candidates-v1/fixtures/w-30-head.bf16
2167	30	4	2	2	49152	576	1	1	/tmp/riley-opt-260912/multisequence-projection-candidates-v1/fixtures/x-576-1-m2-a2.bf16	/tmp/riley-opt-260912/multisequence-projection-candidates-v1/fixtures/w-30-head.bf16
2168	30	4	4	4	49152	576	1	0	/tmp/riley-opt-260912/multisequence-projection-candidates-v1/fixtures/x-576-1-m4-a4.bf16	/tmp/riley-opt-260912/multisequence-projection-candidates-v1/fixtures/w-30-head.bf16
2169	30	4	4	4	49152	576	1	1	/tmp/riley-opt-260912/multisequence-projection-candidates-v1/fixtures/x-576-1-m4-a4.bf16	/tmp/riley-opt-260912/multisequence-projection-candidates-v1/fixtures/w-30-head.bf16
2170	30	4	4	3	49152	576	1	0	/tmp/riley-opt-260912/multisequence-projection-candidates-v1/fixtures/x-576-1-m4-a3.bf16	/tmp/riley-opt-260912/multisequence-projection-candidates-v1/fixtures/w-30-head.bf16
2171	30	4	4	3	49152	576	1	1	/tmp/riley-opt-260912/multisequence-projection-candidates-v1/fixtures/x-576-1-m4-a3.bf16	/tmp/riley-opt-260912/multisequence-projection-candidates-v1/fixtures/w-30-head.bf16
2172	30	4	2	2	49152	576	2	0	/tmp/riley-opt-260912/multisequence-projection-candidates-v1/fixtures/x-576-2-m2-a2.bf16	/tmp/riley-opt-260912/multisequence-projection-candidates-v1/fixtures/w-30-head.bf16
2173	30	4	2	2	49152	576	2	1	/tmp/riley-opt-260912/multisequence-projection-candidates-v1/fixtures/x-576-2-m2-a2.bf16	/tmp/riley-opt-260912/multisequence-projection-candidates-v1/fixtures/w-30-head.bf16
2174	30	4	4	4	49152	576	2	0	/tmp/riley-opt-260912/multisequence-projection-candidates-v1/fixtures/x-576-2-m4-a4.bf16	/tmp/riley-opt-260912/multisequence-projection-candidates-v1/fixtures/w-30-head.bf16
2175	30	4	4	4	49152	576	2	1	/tmp/riley-opt-260912/multisequence-projection-candidates-v1/fixtures/x-576-2-m4-a4.bf16	/tmp/riley-opt-260912/multisequence-projection-candidates-v1/fixtures/w-30-head.bf16
2176	30	4	4	3	49152	576	2	0	/tmp/riley-opt-260912/multisequence-projection-candidates-v1/fixtures/x-576-2-m4-a3.bf16	/tmp/riley-opt-260912/multisequence-projection-candidates-v1/fixtures/w-30-head.bf16
2177	30	4	4	3	49152	576	2	1	/tmp/riley-opt-260912/multisequence-projection-candidates-v1/fixtures/x-576-2-m4-a3.bf16	/tmp/riley-opt-260912/multisequence-projection-candidates-v1/fixtures/w-30-head.bf16
