{"schema":"riley.owned-graph-diagnostic.v1","kind":"graph","capture_id":1,"inventory_status":0,"nodes":403,"kernel_nodes":397,"memcpy_nodes":6,"other_nodes":0,"memcpy_params_status":0,"memcpy_unknown_nodes":0,"memcpy_bytes_complete":true,"h2d_bytes":604,"d2h_bytes":98344,"d2d_bytes":1152}
{"schema":"riley.decode-operator-diagnostic.v1","kind":"inventory","capture_id":1,"inventory_status":0,"event_record_nodes":0,"event_wait_nodes":0}
{"schema":"riley.decode-operator-diagnostic.v1","kind":"capture","capture_id":1,"phase":"prefill","operator":"head","layer_mask":1073741824,"interval_count":1,"expected_event_records":0,"recorded_event_records":0,"source_sha256":"8586726646729333e9bcea17c419b530aeb30e47cc1727189b701d9468d5dad5","tool_sha256":"6cb953a66df57150834e9df38d1a65fa82de976d2af1c583ffa2db3c912509d0","historical_tool_sha256":"9f0f3a526ed1a47c3e6a37e33111a21356ac5b2d58294ff797ec0a40a5091b78","projection_events_compiled":false}
{"schema":"riley.owned-graph-diagnostic.v1","kind":"graph","capture_id":2,"inventory_status":0,"nodes":284,"kernel_nodes":277,"memcpy_nodes":5,"other_nodes":2,"memcpy_params_status":0,"memcpy_unknown_nodes":0,"memcpy_bytes_complete":true,"h2d_bytes":604,"d2h_bytes":98344,"d2d_bytes":0}
{"schema":"riley.decode-operator-diagnostic.v1","kind":"inventory","capture_id":2,"inventory_status":0,"event_record_nodes":2,"event_wait_nodes":0}
{"schema":"riley.decode-operator-diagnostic.v1","kind":"capture","capture_id":2,"phase":"decode","operator":"head","layer_mask":1073741824,"interval_count":1,"expected_event_records":2,"recorded_event_records":2,"source_sha256":"8586726646729333e9bcea17c419b530aeb30e47cc1727189b701d9468d5dad5","tool_sha256":"6cb953a66df57150834e9df38d1a65fa82de976d2af1c583ffa2db3c912509d0","historical_tool_sha256":"9f0f3a526ed1a47c3e6a37e33111a21356ac5b2d58294ff797ec0a40a5091b78","projection_events_compiled":false}
RILEY_GRAPH prepared=true policy=Require fallback=false gpu_iteration_timing=false numerics=vllm-smol-p128-v1
riley listening on http://127.0.0.1:19341 (graceful_signals=SIGINT,SIGTERM graceful_stdin_shutdown=false)
{"schema":"riley.owned-graph-diagnostic.v1","kind":"replay","capture_id":1,"replay_id":1,"position":127,"host_staging_bytes":98344,"event_setup_ns":9170,"host_staging_ns":12266,"host_launch_ns":193161,"host_wait_ns":4775201,"cuda_graph_span_ns":4966879.845,"event_status":0,"launch_status":0,"completion_status":0}
{"schema":"riley.owned-graph-diagnostic.v1","kind":"read","capture_id":1,"replay_id":1,"host_read_bytes":98344,"host_read_ns":45349}
{"schema":"riley.owned-graph-diagnostic.v1","kind":"replay","capture_id":2,"replay_id":2,"position":128,"host_staging_bytes":98344,"event_setup_ns":1625,"host_staging_ns":3482,"host_launch_ns":131335,"host_wait_ns":1010242,"cuda_graph_span_ns":1139392.018,"event_status":0,"launch_status":0,"completion_status":0}
{"schema":"riley.decode-operator-diagnostic.v1","kind":"operation","capture_id":2,"replay_id":2,"position":128,"operator":"head","launch_status":0,"completion_status":0,"intervals":[{"layer":null,"cuda_span_ns":64511.999,"event_status":0}],"cuda_sum_ns":64511.999}
{"schema":"riley.owned-graph-diagnostic.v1","kind":"read","capture_id":2,"replay_id":2,"host_read_bytes":98344,"host_read_ns":12706}
{"schema":"riley.owned-graph-diagnostic.v1","kind":"replay","capture_id":2,"replay_id":3,"position":129,"host_staging_bytes":98344,"event_setup_ns":1402,"host_staging_ns":2820,"host_launch_ns":12480,"host_wait_ns":950202,"cuda_graph_span_ns":960864.007,"event_status":0,"launch_status":0,"completion_status":0}
{"schema":"riley.decode-operator-diagnostic.v1","kind":"operation","capture_id":2,"replay_id":3,"position":129,"operator":"head","launch_status":0,"completion_status":0,"intervals":[{"layer":null,"cuda_span_ns":65536.000,"event_status":0}],"cuda_sum_ns":65536.000}
{"schema":"riley.owned-graph-diagnostic.v1","kind":"read","capture_id":2,"replay_id":3,"host_read_bytes":98344,"host_read_ns":12342}
{"schema":"riley.owned-graph-diagnostic.v1","kind":"replay","capture_id":2,"replay_id":4,"position":130,"host_staging_bytes":98344,"event_setup_ns":1088,"host_staging_ns":2822,"host_launch_ns":11624,"host_wait_ns":957875,"cuda_graph_span_ns":967679.977,"event_status":0,"launch_status":0,"completion_status":0}
{"schema":"riley.decode-operator-diagnostic.v1","kind":"operation","capture_id":2,"replay_id":4,"position":130,"operator":"head","launch_status":0,"completion_status":0,"intervals":[{"layer":null,"cuda_span_ns":64511.999,"event_status":0}],"cuda_sum_ns":64511.999}
{"schema":"riley.owned-graph-diagnostic.v1","kind":"read","capture_id":2,"replay_id":4,"host_read_bytes":98344,"host_read_ns":12212}
{"schema":"riley.owned-graph-diagnostic.v1","kind":"replay","capture_id":2,"replay_id":5,"position":131,"host_staging_bytes":98344,"event_setup_ns":1243,"host_staging_ns":2850,"host_launch_ns":11765,"host_wait_ns":958997,"cuda_graph_span_ns":968735.993,"event_status":0,"launch_status":0,"completion_status":0}
{"schema":"riley.decode-operator-diagnostic.v1","kind":"operation","capture_id":2,"replay_id":5,"position":131,"operator":"head","launch_status":0,"completion_status":0,"intervals":[{"layer":null,"cuda_span_ns":64511.999,"event_status":0}],"cuda_sum_ns":64511.999}
{"schema":"riley.owned-graph-diagnostic.v1","kind":"read","capture_id":2,"replay_id":5,"host_read_bytes":98344,"host_read_ns":12019}
{"schema":"riley.owned-graph-diagnostic.v1","kind":"replay","capture_id":2,"replay_id":6,"position":132,"host_staging_bytes":98344,"event_setup_ns":1118,"host_staging_ns":2873,"host_launch_ns":11154,"host_wait_ns":951097,"cuda_graph_span_ns":960128.009,"event_status":0,"launch_status":0,"completion_status":0}
{"schema":"riley.decode-operator-diagnostic.v1","kind":"operation","capture_id":2,"replay_id":6,"position":132,"operator":"head","launch_status":0,"completion_status":0,"intervals":[{"layer":null,"cuda_span_ns":64511.999,"event_status":0}],"cuda_sum_ns":64511.999}
{"schema":"riley.owned-graph-diagnostic.v1","kind":"read","capture_id":2,"replay_id":6,"host_read_bytes":98344,"host_read_ns":12651}
{"schema":"riley.owned-graph-diagnostic.v1","kind":"replay","capture_id":2,"replay_id":7,"position":133,"host_staging_bytes":98344,"event_setup_ns":1069,"host_staging_ns":2812,"host_launch_ns":11080,"host_wait_ns":951148,"cuda_graph_span_ns":960255.980,"event_status":0,"launch_status":0,"completion_status":0}
{"schema":"riley.decode-operator-diagnostic.v1","kind":"operation","capture_id":2,"replay_id":7,"position":133,"operator":"head","launch_status":0,"completion_status":0,"intervals":[{"layer":null,"cuda_span_ns":64511.999,"event_status":0}],"cuda_sum_ns":64511.999}
{"schema":"riley.owned-graph-diagnostic.v1","kind":"read","capture_id":2,"replay_id":7,"host_read_bytes":98344,"host_read_ns":13302}
{"schema":"riley.owned-graph-diagnostic.v1","kind":"replay","capture_id":2,"replay_id":8,"position":134,"host_staging_bytes":98344,"event_setup_ns":1029,"host_staging_ns":2861,"host_launch_ns":11163,"host_wait_ns":953817,"cuda_graph_span_ns":962656.021,"event_status":0,"launch_status":0,"completion_status":0}
{"schema":"riley.decode-operator-diagnostic.v1","kind":"operation","capture_id":2,"replay_id":8,"position":134,"operator":"head","launch_status":0,"completion_status":0,"intervals":[{"layer":null,"cuda_span_ns":64511.999,"event_status":0}],"cuda_sum_ns":64511.999}
{"schema":"riley.owned-graph-diagnostic.v1","kind":"read","capture_id":2,"replay_id":8,"host_read_bytes":98344,"host_read_ns":12680}
{"schema":"riley.owned-graph-diagnostic.v1","kind":"replay","capture_id":2,"replay_id":9,"position":135,"host_staging_bytes":98344,"event_setup_ns":994,"host_staging_ns":2877,"host_launch_ns":10798,"host_wait_ns":952979,"cuda_graph_span_ns":961247.981,"event_status":0,"launch_status":0,"completion_status":0}
{"schema":"riley.decode-operator-diagnostic.v1","kind":"operation","capture_id":2,"replay_id":9,"position":135,"operator":"head","launch_status":0,"completion_status":0,"intervals":[{"layer":null,"cuda_span_ns":64511.999,"event_status":0}],"cuda_sum_ns":64511.999}
{"schema":"riley.owned-graph-diagnostic.v1","kind":"read","capture_id":2,"replay_id":9,"host_read_bytes":98344,"host_read_ns":12784}
{"schema":"riley.owned-graph-diagnostic.v1","kind":"replay","capture_id":2,"replay_id":10,"position":136,"host_staging_bytes":98344,"event_setup_ns":1430,"host_staging_ns":3433,"host_launch_ns":12680,"host_wait_ns":952530,"cuda_graph_span_ns":963424.027,"event_status":0,"launch_status":0,"completion_status":0}
{"schema":"riley.decode-operator-diagnostic.v1","kind":"operation","capture_id":2,"replay_id":10,"position":136,"operator":"head","launch_status":0,"completion_status":0,"intervals":[{"layer":null,"cuda_span_ns":65536.000,"event_status":0}],"cuda_sum_ns":65536.000}
{"schema":"riley.owned-graph-diagnostic.v1","kind":"read","capture_id":2,"replay_id":10,"host_read_bytes":98344,"host_read_ns":13270}
{"schema":"riley.owned-graph-diagnostic.v1","kind":"replay","capture_id":2,"replay_id":11,"position":137,"host_staging_bytes":98344,"event_setup_ns":1030,"host_staging_ns":2874,"host_launch_ns":11027,"host_wait_ns":951164,"cuda_graph_span_ns":959807.992,"event_status":0,"launch_status":0,"completion_status":0}
{"schema":"riley.decode-operator-diagnostic.v1","kind":"operation","capture_id":2,"replay_id":11,"position":137,"operator":"head","launch_status":0,"completion_status":0,"intervals":[{"layer":null,"cuda_span_ns":64511.999,"event_status":0}],"cuda_sum_ns":64511.999}
{"schema":"riley.owned-graph-diagnostic.v1","kind":"read","capture_id":2,"replay_id":11,"host_read_bytes":98344,"host_read_ns":12366}
{"schema":"riley.owned-graph-diagnostic.v1","kind":"replay","capture_id":2,"replay_id":12,"position":138,"host_staging_bytes":98344,"event_setup_ns":1259,"host_staging_ns":3920,"host_launch_ns":12892,"host_wait_ns":958877,"cuda_graph_span_ns":968671.978,"event_status":0,"launch_status":0,"completion_status":0}
{"schema":"riley.decode-operator-diagnostic.v1","kind":"operation","capture_id":2,"replay_id":12,"position":138,"operator":"head","launch_status":0,"completion_status":0,"intervals":[{"layer":null,"cuda_span_ns":64511.999,"event_status":0}],"cuda_sum_ns":64511.999}
{"schema":"riley.owned-graph-diagnostic.v1","kind":"read","capture_id":2,"replay_id":12,"host_read_bytes":98344,"host_read_ns":5429}
{"schema":"riley.owned-graph-diagnostic.v1","kind":"replay","capture_id":2,"replay_id":13,"position":139,"host_staging_bytes":98344,"event_setup_ns":1861,"host_staging_ns":2661,"host_launch_ns":17248,"host_wait_ns":949530,"cuda_graph_span_ns":965247.989,"event_status":0,"launch_status":0,"completion_status":0}
{"schema":"riley.decode-operator-diagnostic.v1","kind":"operation","capture_id":2,"replay_id":13,"position":139,"operator":"head","launch_status":0,"completion_status":0,"intervals":[{"layer":null,"cuda_span_ns":65536.000,"event_status":0}],"cuda_sum_ns":65536.000}
{"schema":"riley.owned-graph-diagnostic.v1","kind":"read","capture_id":2,"replay_id":13,"host_read_bytes":98344,"host_read_ns":4939}
{"schema":"riley.owned-graph-diagnostic.v1","kind":"replay","capture_id":2,"replay_id":14,"position":140,"host_staging_bytes":98344,"event_setup_ns":430,"host_staging_ns":1440,"host_launch_ns":7209,"host_wait_ns":958003,"cuda_graph_span_ns":962719.977,"event_status":0,"launch_status":0,"completion_status":0}
{"schema":"riley.decode-operator-diagnostic.v1","kind":"operation","capture_id":2,"replay_id":14,"position":140,"operator":"head","launch_status":0,"completion_status":0,"intervals":[{"layer":null,"cuda_span_ns":64511.999,"event_status":0}],"cuda_sum_ns":64511.999}
{"schema":"riley.owned-graph-diagnostic.v1","kind":"read","capture_id":2,"replay_id":14,"host_read_bytes":98344,"host_read_ns":4869}
{"schema":"riley.owned-graph-diagnostic.v1","kind":"replay","capture_id":2,"replay_id":15,"position":141,"host_staging_bytes":98344,"event_setup_ns":358,"host_staging_ns":1458,"host_launch_ns":7310,"host_wait_ns":958818,"cuda_graph_span_ns":963711.977,"event_status":0,"launch_status":0,"completion_status":0}
{"schema":"riley.decode-operator-diagnostic.v1","kind":"operation","capture_id":2,"replay_id":15,"position":141,"operator":"head","launch_status":0,"completion_status":0,"intervals":[{"layer":null,"cuda_span_ns":64511.999,"event_status":0}],"cuda_sum_ns":64511.999}
{"schema":"riley.owned-graph-diagnostic.v1","kind":"read","capture_id":2,"replay_id":15,"host_read_bytes":98344,"host_read_ns":4839}
{"schema":"riley.owned-graph-diagnostic.v1","kind":"replay","capture_id":2,"replay_id":16,"position":142,"host_staging_bytes":98344,"event_setup_ns":321,"host_staging_ns":1464,"host_launch_ns":6685,"host_wait_ns":959668,"cuda_graph_span_ns":963711.977,"event_status":0,"launch_status":0,"completion_status":0}
{"schema":"riley.decode-operator-diagnostic.v1","kind":"operation","capture_id":2,"replay_id":16,"position":142,"operator":"head","launch_status":0,"completion_status":0,"intervals":[{"layer":null,"cuda_span_ns":64511.999,"event_status":0}],"cuda_sum_ns":64511.999}
{"schema":"riley.owned-graph-diagnostic.v1","kind":"read","capture_id":2,"replay_id":16,"host_read_bytes":98344,"host_read_ns":4395}
{"schema":"riley.owned-graph-diagnostic.v1","kind":"replay","capture_id":2,"replay_id":17,"position":143,"host_staging_bytes":98344,"event_setup_ns":294,"host_staging_ns":1456,"host_launch_ns":6579,"host_wait_ns":958438,"cuda_graph_span_ns":962271.988,"event_status":0,"launch_status":0,"completion_status":0}
{"schema":"riley.decode-operator-diagnostic.v1","kind":"operation","capture_id":2,"replay_id":17,"position":143,"operator":"head","launch_status":0,"completion_status":0,"intervals":[{"layer":null,"cuda_span_ns":64511.999,"event_status":0}],"cuda_sum_ns":64511.999}
{"schema":"riley.owned-graph-diagnostic.v1","kind":"read","capture_id":2,"replay_id":17,"host_read_bytes":98344,"host_read_ns":4577}
{"schema":"riley.owned-graph-diagnostic.v1","kind":"replay","capture_id":2,"replay_id":18,"position":144,"host_staging_bytes":98344,"event_setup_ns":343,"host_staging_ns":1451,"host_launch_ns":6975,"host_wait_ns":976205,"cuda_graph_span_ns":980607.986,"event_status":0,"launch_status":0,"completion_status":0}
{"schema":"riley.decode-operator-diagnostic.v1","kind":"operation","capture_id":2,"replay_id":18,"position":144,"operator":"head","launch_status":0,"completion_status":0,"intervals":[{"layer":null,"cuda_span_ns":64511.999,"event_status":0}],"cuda_sum_ns":64511.999}
{"schema":"riley.owned-graph-diagnostic.v1","kind":"read","capture_id":2,"replay_id":18,"host_read_bytes":98344,"host_read_ns":4135}
{"schema":"riley.owned-graph-diagnostic.v1","kind":"replay","capture_id":2,"replay_id":19,"position":145,"host_staging_bytes":98344,"event_setup_ns":553,"host_staging_ns":1449,"host_launch_ns":6568,"host_wait_ns":975373,"cuda_graph_span_ns":979359.984,"event_status":0,"launch_status":0,"completion_status":0}
{"schema":"riley.decode-operator-diagnostic.v1","kind":"operation","capture_id":2,"replay_id":19,"position":145,"operator":"head","launch_status":0,"completion_status":0,"intervals":[{"layer":null,"cuda_span_ns":64511.999,"event_status":0}],"cuda_sum_ns":64511.999}
{"schema":"riley.owned-graph-diagnostic.v1","kind":"read","capture_id":2,"replay_id":19,"host_read_bytes":98344,"host_read_ns":4378}
{"schema":"riley.owned-graph-diagnostic.v1","kind":"replay","capture_id":2,"replay_id":20,"position":146,"host_staging_bytes":98344,"event_setup_ns":383,"host_staging_ns":1450,"host_launch_ns":6801,"host_wait_ns":975838,"cuda_graph_span_ns":980000.019,"event_status":0,"launch_status":0,"completion_status":0}
{"schema":"riley.decode-operator-diagnostic.v1","kind":"operation","capture_id":2,"replay_id":20,"position":146,"operator":"head","launch_status":0,"completion_status":0,"intervals":[{"layer":null,"cuda_span_ns":65536.000,"event_status":0}],"cuda_sum_ns":65536.000}
{"schema":"riley.owned-graph-diagnostic.v1","kind":"read","capture_id":2,"replay_id":20,"host_read_bytes":98344,"host_read_ns":4717}
{"schema":"riley.owned-graph-diagnostic.v1","kind":"replay","capture_id":2,"replay_id":21,"position":147,"host_staging_bytes":98344,"event_setup_ns":372,"host_staging_ns":1471,"host_launch_ns":6785,"host_wait_ns":975296,"cuda_graph_span_ns":979327.977,"event_status":0,"launch_status":0,"completion_status":0}
{"schema":"riley.decode-operator-diagnostic.v1","kind":"operation","capture_id":2,"replay_id":21,"position":147,"operator":"head","launch_status":0,"completion_status":0,"intervals":[{"layer":null,"cuda_span_ns":64511.999,"event_status":0}],"cuda_sum_ns":64511.999}
{"schema":"riley.owned-graph-diagnostic.v1","kind":"read","capture_id":2,"replay_id":21,"host_read_bytes":98344,"host_read_ns":4302}
{"schema":"riley.owned-graph-diagnostic.v1","kind":"replay","capture_id":2,"replay_id":22,"position":148,"host_staging_bytes":98344,"event_setup_ns":391,"host_staging_ns":1458,"host_launch_ns":6635,"host_wait_ns":974308,"cuda_graph_span_ns":978208.005,"event_status":0,"launch_status":0,"completion_status":0}
{"schema":"riley.decode-operator-diagnostic.v1","kind":"operation","capture_id":2,"replay_id":22,"position":148,"operator":"head","launch_status":0,"completion_status":0,"intervals":[{"layer":null,"cuda_span_ns":64511.999,"event_status":0}],"cuda_sum_ns":64511.999}
{"schema":"riley.owned-graph-diagnostic.v1","kind":"read","capture_id":2,"replay_id":22,"host_read_bytes":98344,"host_read_ns":4393}
{"schema":"riley.owned-graph-diagnostic.v1","kind":"replay","capture_id":2,"replay_id":23,"position":149,"host_staging_bytes":98344,"event_setup_ns":357,"host_staging_ns":1463,"host_launch_ns":7259,"host_wait_ns":974018,"cuda_graph_span_ns":978655.994,"event_status":0,"launch_status":0,"completion_status":0}
{"schema":"riley.decode-operator-diagnostic.v1","kind":"operation","capture_id":2,"replay_id":23,"position":149,"operator":"head","launch_status":0,"completion_status":0,"intervals":[{"layer":null,"cuda_span_ns":64511.999,"event_status":0}],"cuda_sum_ns":64511.999}
{"schema":"riley.owned-graph-diagnostic.v1","kind":"read","capture_id":2,"replay_id":23,"host_read_bytes":98344,"host_read_ns":4379}
{"schema":"riley.owned-graph-diagnostic.v1","kind":"replay","capture_id":2,"replay_id":24,"position":150,"host_staging_bytes":98344,"event_setup_ns":555,"host_staging_ns":1465,"host_launch_ns":8256,"host_wait_ns":974772,"cuda_graph_span_ns":980351.985,"event_status":0,"launch_status":0,"completion_status":0}
{"schema":"riley.decode-operator-diagnostic.v1","kind":"operation","capture_id":2,"replay_id":24,"position":150,"operator":"head","launch_status":0,"completion_status":0,"intervals":[{"layer":null,"cuda_span_ns":64511.999,"event_status":0}],"cuda_sum_ns":64511.999}
{"schema":"riley.owned-graph-diagnostic.v1","kind":"read","capture_id":2,"replay_id":24,"host_read_bytes":98344,"host_read_ns":4506}
{"schema":"riley.owned-graph-diagnostic.v1","kind":"replay","capture_id":2,"replay_id":25,"position":151,"host_staging_bytes":98344,"event_setup_ns":601,"host_staging_ns":1458,"host_launch_ns":8306,"host_wait_ns":974843,"cuda_graph_span_ns":980319.977,"event_status":0,"launch_status":0,"completion_status":0}
{"schema":"riley.decode-operator-diagnostic.v1","kind":"operation","capture_id":2,"replay_id":25,"position":151,"operator":"head","launch_status":0,"completion_status":0,"intervals":[{"layer":null,"cuda_span_ns":64511.999,"event_status":0}],"cuda_sum_ns":64511.999}
{"schema":"riley.owned-graph-diagnostic.v1","kind":"read","capture_id":2,"replay_id":25,"host_read_bytes":98344,"host_read_ns":4588}
{"schema":"riley.owned-graph-diagnostic.v1","kind":"replay","capture_id":2,"replay_id":26,"position":152,"host_staging_bytes":98344,"event_setup_ns":453,"host_staging_ns":1456,"host_launch_ns":7864,"host_wait_ns":975581,"cuda_graph_span_ns":980960.011,"event_status":0,"launch_status":0,"completion_status":0}
{"schema":"riley.decode-operator-diagnostic.v1","kind":"operation","capture_id":2,"replay_id":26,"position":152,"operator":"head","launch_status":0,"completion_status":0,"intervals":[{"layer":null,"cuda_span_ns":64511.999,"event_status":0}],"cuda_sum_ns":64511.999}
{"schema":"riley.owned-graph-diagnostic.v1","kind":"read","capture_id":2,"replay_id":26,"host_read_bytes":98344,"host_read_ns":4392}
{"schema":"riley.owned-graph-diagnostic.v1","kind":"replay","capture_id":2,"replay_id":27,"position":153,"host_staging_bytes":98344,"event_setup_ns":411,"host_staging_ns":1455,"host_launch_ns":7367,"host_wait_ns":975189,"cuda_graph_span_ns":980032.027,"event_status":0,"launch_status":0,"completion_status":0}
{"schema":"riley.decode-operator-diagnostic.v1","kind":"operation","capture_id":2,"replay_id":27,"position":153,"operator":"head","launch_status":0,"completion_status":0,"intervals":[{"layer":null,"cuda_span_ns":64511.999,"event_status":0}],"cuda_sum_ns":64511.999}
{"schema":"riley.owned-graph-diagnostic.v1","kind":"read","capture_id":2,"replay_id":27,"host_read_bytes":98344,"host_read_ns":4942}
{"schema":"riley.owned-graph-diagnostic.v1","kind":"replay","capture_id":2,"replay_id":28,"position":154,"host_staging_bytes":98344,"event_setup_ns":428,"host_staging_ns":1465,"host_launch_ns":9163,"host_wait_ns":973932,"cuda_graph_span_ns":980543.971,"event_status":0,"launch_status":0,"completion_status":0}
{"schema":"riley.decode-operator-diagnostic.v1","kind":"operation","capture_id":2,"replay_id":28,"position":154,"operator":"head","launch_status":0,"completion_status":0,"intervals":[{"layer":null,"cuda_span_ns":65536.000,"event_status":0}],"cuda_sum_ns":65536.000}
{"schema":"riley.owned-graph-diagnostic.v1","kind":"read","capture_id":2,"replay_id":28,"host_read_bytes":98344,"host_read_ns":4526}
{"schema":"riley.owned-graph-diagnostic.v1","kind":"replay","capture_id":2,"replay_id":29,"position":155,"host_staging_bytes":98344,"event_setup_ns":441,"host_staging_ns":1447,"host_launch_ns":8190,"host_wait_ns":976468,"cuda_graph_span_ns":981791.973,"event_status":0,"launch_status":0,"completion_status":0}
{"schema":"riley.decode-operator-diagnostic.v1","kind":"operation","capture_id":2,"replay_id":29,"position":155,"operator":"head","launch_status":0,"completion_status":0,"intervals":[{"layer":null,"cuda_span_ns":64511.999,"event_status":0}],"cuda_sum_ns":64511.999}
{"schema":"riley.owned-graph-diagnostic.v1","kind":"read","capture_id":2,"replay_id":29,"host_read_bytes":98344,"host_read_ns":4584}
{"schema":"riley.owned-graph-diagnostic.v1","kind":"replay","capture_id":2,"replay_id":30,"position":156,"host_staging_bytes":98344,"event_setup_ns":452,"host_staging_ns":1453,"host_launch_ns":7832,"host_wait_ns":974874,"cuda_graph_span_ns":980032.027,"event_status":0,"launch_status":0,"completion_status":0}
{"schema":"riley.decode-operator-diagnostic.v1","kind":"operation","capture_id":2,"replay_id":30,"position":156,"operator":"head","launch_status":0,"completion_status":0,"intervals":[{"layer":null,"cuda_span_ns":64511.999,"event_status":0}],"cuda_sum_ns":64511.999}
{"schema":"riley.owned-graph-diagnostic.v1","kind":"read","capture_id":2,"replay_id":30,"host_read_bytes":98344,"host_read_ns":4300}
{"schema":"riley.owned-graph-diagnostic.v1","kind":"replay","capture_id":2,"replay_id":31,"position":157,"host_staging_bytes":98344,"event_setup_ns":625,"host_staging_ns":1446,"host_launch_ns":8044,"host_wait_ns":974766,"cuda_graph_span_ns":980127.990,"event_status":0,"launch_status":0,"completion_status":0}
{"schema":"riley.decode-operator-diagnostic.v1","kind":"operation","capture_id":2,"replay_id":31,"position":157,"operator":"head","launch_status":0,"completion_status":0,"intervals":[{"layer":null,"cuda_span_ns":64511.999,"event_status":0}],"cuda_sum_ns":64511.999}
{"schema":"riley.owned-graph-diagnostic.v1","kind":"read","capture_id":2,"replay_id":31,"host_read_bytes":98344,"host_read_ns":4632}
{"schema":"riley.owned-graph-diagnostic.v1","kind":"replay","capture_id":2,"replay_id":32,"position":158,"host_staging_bytes":98344,"event_setup_ns":784,"host_staging_ns":1448,"host_launch_ns":7936,"host_wait_ns":974867,"cuda_graph_span_ns":980159.998,"event_status":0,"launch_status":0,"completion_status":0}
{"schema":"riley.decode-operator-diagnostic.v1","kind":"operation","capture_id":2,"replay_id":32,"position":158,"operator":"head","launch_status":0,"completion_status":0,"intervals":[{"layer":null,"cuda_span_ns":64511.999,"event_status":0}],"cuda_sum_ns":64511.999}
{"schema":"riley.owned-graph-diagnostic.v1","kind":"read","capture_id":2,"replay_id":32,"host_read_bytes":98344,"host_read_ns":4477}
{"schema":"riley.owned-graph-diagnostic.v1","kind":"replay","capture_id":1,"replay_id":33,"position":127,"host_staging_bytes":98344,"event_setup_ns":3240,"host_staging_ns":1960,"host_launch_ns":16906,"host_wait_ns":4781241,"cuda_graph_span_ns":4795167.923,"event_status":0,"launch_status":0,"completion_status":0}
{"schema":"riley.owned-graph-diagnostic.v1","kind":"read","capture_id":1,"replay_id":33,"host_read_bytes":98344,"host_read_ns":5345}
{"schema":"riley.owned-graph-diagnostic.v1","kind":"replay","capture_id":2,"replay_id":34,"position":128,"host_staging_bytes":98344,"event_setup_ns":528,"host_staging_ns":1504,"host_launch_ns":10988,"host_wait_ns":1010721,"cuda_graph_span_ns":1018720.031,"event_status":0,"launch_status":0,"completion_status":0}
{"schema":"riley.decode-operator-diagnostic.v1","kind":"operation","capture_id":2,"replay_id":34,"position":128,"operator":"head","launch_status":0,"completion_status":0,"intervals":[{"layer":null,"cuda_span_ns":64511.999,"event_status":0}],"cuda_sum_ns":64511.999}
{"schema":"riley.owned-graph-diagnostic.v1","kind":"read","capture_id":2,"replay_id":34,"host_read_bytes":98344,"host_read_ns":4604}
{"schema":"riley.owned-graph-diagnostic.v1","kind":"replay","capture_id":2,"replay_id":35,"position":129,"host_staging_bytes":98344,"event_setup_ns":488,"host_staging_ns":1469,"host_launch_ns":6802,"host_wait_ns":959529,"cuda_graph_span_ns":963904.023,"event_status":0,"launch_status":0,"completion_status":0}
{"schema":"riley.decode-operator-diagnostic.v1","kind":"operation","capture_id":2,"replay_id":35,"position":129,"operator":"head","launch_status":0,"completion_status":0,"intervals":[{"layer":null,"cuda_span_ns":64511.999,"event_status":0}],"cuda_sum_ns":64511.999}
{"schema":"riley.owned-graph-diagnostic.v1","kind":"read","capture_id":2,"replay_id":35,"host_read_bytes":98344,"host_read_ns":4438}
{"schema":"riley.owned-graph-diagnostic.v1","kind":"replay","capture_id":2,"replay_id":36,"position":130,"host_staging_bytes":98344,"event_setup_ns":405,"host_staging_ns":1475,"host_launch_ns":7057,"host_wait_ns":961127,"cuda_graph_span_ns":965727.985,"event_status":0,"launch_status":0,"completion_status":0}
{"schema":"riley.decode-operator-diagnostic.v1","kind":"operation","capture_id":2,"replay_id":36,"position":130,"operator":"head","launch_status":0,"completion_status":0,"intervals":[{"layer":null,"cuda_span_ns":65536.000,"event_status":0}],"cuda_sum_ns":65536.000}
{"schema":"riley.owned-graph-diagnostic.v1","kind":"read","capture_id":2,"replay_id":36,"host_read_bytes":98344,"host_read_ns":4088}
{"schema":"riley.owned-graph-diagnostic.v1","kind":"replay","capture_id":2,"replay_id":37,"position":131,"host_staging_bytes":98344,"event_setup_ns":370,"host_staging_ns":1465,"host_launch_ns":6587,"host_wait_ns":958996,"cuda_graph_span_ns":963039.994,"event_status":0,"launch_status":0,"completion_status":0}
{"schema":"riley.decode-operator-diagnostic.v1","kind":"operation","capture_id":2,"replay_id":37,"position":131,"operator":"head","launch_status":0,"completion_status":0,"intervals":[{"layer":null,"cuda_span_ns":64511.999,"event_status":0}],"cuda_sum_ns":64511.999}
{"schema":"riley.owned-graph-diagnostic.v1","kind":"read","capture_id":2,"replay_id":37,"host_read_bytes":98344,"host_read_ns":4228}
{"schema":"riley.owned-graph-diagnostic.v1","kind":"replay","capture_id":2,"replay_id":38,"position":132,"host_staging_bytes":98344,"event_setup_ns":374,"host_staging_ns":1464,"host_launch_ns":6587,"host_wait_ns":959123,"cuda_graph_span_ns":963295.996,"event_status":0,"launch_status":0,"completion_status":0}
{"schema":"riley.decode-operator-diagnostic.v1","kind":"operation","capture_id":2,"replay_id":38,"position":132,"operator":"head","launch_status":0,"completion_status":0,"intervals":[{"layer":null,"cuda_span_ns":65536.000,"event_status":0}],"cuda_sum_ns":65536.000}
{"schema":"riley.owned-graph-diagnostic.v1","kind":"read","capture_id":2,"replay_id":38,"host_read_bytes":98344,"host_read_ns":4020}
{"schema":"riley.owned-graph-diagnostic.v1","kind":"replay","capture_id":2,"replay_id":39,"position":133,"host_staging_bytes":98344,"event_setup_ns":410,"host_staging_ns":1460,"host_launch_ns":6734,"host_wait_ns":958303,"cuda_graph_span_ns":962207.973,"event_status":0,"launch_status":0,"completion_status":0}
{"schema":"riley.decode-operator-diagnostic.v1","kind":"operation","capture_id":2,"replay_id":39,"position":133,"operator":"head","launch_status":0,"completion_status":0,"intervals":[{"layer":null,"cuda_span_ns":64511.999,"event_status":0}],"cuda_sum_ns":64511.999}
{"schema":"riley.owned-graph-diagnostic.v1","kind":"read","capture_id":2,"replay_id":39,"host_read_bytes":98344,"host_read_ns":4504}
{"schema":"riley.owned-graph-diagnostic.v1","kind":"replay","capture_id":2,"replay_id":40,"position":134,"host_staging_bytes":98344,"event_setup_ns":348,"host_staging_ns":1510,"host_launch_ns":6911,"host_wait_ns":957461,"cuda_graph_span_ns":962303.996,"event_status":0,"launch_status":0,"completion_status":0}
{"schema":"riley.decode-operator-diagnostic.v1","kind":"operation","capture_id":2,"replay_id":40,"position":134,"operator":"head","launch_status":0,"completion_status":0,"intervals":[{"layer":null,"cuda_span_ns":64511.999,"event_status":0}],"cuda_sum_ns":64511.999}
{"schema":"riley.owned-graph-diagnostic.v1","kind":"read","capture_id":2,"replay_id":40,"host_read_bytes":98344,"host_read_ns":4192}
{"schema":"riley.owned-graph-diagnostic.v1","kind":"replay","capture_id":2,"replay_id":41,"position":135,"host_staging_bytes":98344,"event_setup_ns":354,"host_staging_ns":1522,"host_launch_ns":7153,"host_wait_ns":958532,"cuda_graph_span_ns":963072.002,"event_status":0,"launch_status":0,"completion_status":0}
{"schema":"riley.decode-operator-diagnostic.v1","kind":"operation","capture_id":2,"replay_id":41,"position":135,"operator":"head","launch_status":0,"completion_status":0,"intervals":[{"layer":null,"cuda_span_ns":64511.999,"event_status":0}],"cuda_sum_ns":64511.999}
{"schema":"riley.owned-graph-diagnostic.v1","kind":"read","capture_id":2,"replay_id":41,"host_read_bytes":98344,"host_read_ns":4418}
{"schema":"riley.owned-graph-diagnostic.v1","kind":"replay","capture_id":2,"replay_id":42,"position":136,"host_staging_bytes":98344,"event_setup_ns":349,"host_staging_ns":1553,"host_launch_ns":7151,"host_wait_ns":960397,"cuda_graph_span_ns":965023.994,"event_status":0,"launch_status":0,"completion_status":0}
{"schema":"riley.decode-operator-diagnostic.v1","kind":"operation","capture_id":2,"replay_id":42,"position":136,"operator":"head","launch_status":0,"completion_status":0,"intervals":[{"layer":null,"cuda_span_ns":64511.999,"event_status":0}],"cuda_sum_ns":64511.999}
{"schema":"riley.owned-graph-diagnostic.v1","kind":"read","capture_id":2,"replay_id":42,"host_read_bytes":98344,"host_read_ns":4483}
{"schema":"riley.owned-graph-diagnostic.v1","kind":"replay","capture_id":2,"replay_id":43,"position":137,"host_staging_bytes":98344,"event_setup_ns":400,"host_staging_ns":1560,"host_launch_ns":10398,"host_wait_ns":954273,"cuda_graph_span_ns":961920.023,"event_status":0,"launch_status":0,"completion_status":0}
{"schema":"riley.decode-operator-diagnostic.v1","kind":"operation","capture_id":2,"replay_id":43,"position":137,"operator":"head","launch_status":0,"completion_status":0,"intervals":[{"layer":null,"cuda_span_ns":63487.999,"event_status":0}],"cuda_sum_ns":63487.999}
{"schema":"riley.owned-graph-diagnostic.v1","kind":"read","capture_id":2,"replay_id":43,"host_read_bytes":98344,"host_read_ns":4479}
{"schema":"riley.owned-graph-diagnostic.v1","kind":"replay","capture_id":2,"replay_id":44,"position":138,"host_staging_bytes":98344,"event_setup_ns":323,"host_staging_ns":1555,"host_launch_ns":7018,"host_wait_ns":959397,"cuda_graph_span_ns":963775.992,"event_status":0,"launch_status":0,"completion_status":0}
{"schema":"riley.decode-operator-diagnostic.v1","kind":"operation","capture_id":2,"replay_id":44,"position":138,"operator":"head","launch_status":0,"completion_status":0,"intervals":[{"layer":null,"cuda_span_ns":65536.000,"event_status":0}],"cuda_sum_ns":65536.000}
{"schema":"riley.owned-graph-diagnostic.v1","kind":"read","capture_id":2,"replay_id":44,"host_read_bytes":98344,"host_read_ns":4998}
{"schema":"riley.owned-graph-diagnostic.v1","kind":"replay","capture_id":2,"replay_id":45,"position":139,"host_staging_bytes":98344,"event_setup_ns":359,"host_staging_ns":1560,"host_launch_ns":7459,"host_wait_ns":958515,"cuda_graph_span_ns":963263.988,"event_status":0,"launch_status":0,"completion_status":0}
{"schema":"riley.decode-operator-diagnostic.v1","kind":"operation","capture_id":2,"replay_id":45,"position":139,"operator":"head","launch_status":0,"completion_status":0,"intervals":[{"layer":null,"cuda_span_ns":64511.999,"event_status":0}],"cuda_sum_ns":64511.999}
{"schema":"riley.owned-graph-diagnostic.v1","kind":"read","capture_id":2,"replay_id":45,"host_read_bytes":98344,"host_read_ns":4707}
{"schema":"riley.owned-graph-diagnostic.v1","kind":"replay","capture_id":2,"replay_id":46,"position":140,"host_staging_bytes":98344,"event_setup_ns":403,"host_staging_ns":1522,"host_launch_ns":7102,"host_wait_ns":958483,"cuda_graph_span_ns":963072.002,"event_status":0,"launch_status":0,"completion_status":0}
{"schema":"riley.decode-operator-diagnostic.v1","kind":"operation","capture_id":2,"replay_id":46,"position":140,"operator":"head","launch_status":0,"completion_status":0,"intervals":[{"layer":null,"cuda_span_ns":64511.999,"event_status":0}],"cuda_sum_ns":64511.999}
{"schema":"riley.owned-graph-diagnostic.v1","kind":"read","capture_id":2,"replay_id":46,"host_read_bytes":98344,"host_read_ns":4479}
{"schema":"riley.owned-graph-diagnostic.v1","kind":"replay","capture_id":2,"replay_id":47,"position":141,"host_staging_bytes":98344,"event_setup_ns":350,"host_staging_ns":1529,"host_launch_ns":7620,"host_wait_ns":959162,"cuda_graph_span_ns":964320.004,"event_status":0,"launch_status":0,"completion_status":0}
{"schema":"riley.decode-operator-diagnostic.v1","kind":"operation","capture_id":2,"replay_id":47,"position":141,"operator":"head","launch_status":0,"completion_status":0,"intervals":[{"layer":null,"cuda_span_ns":64511.999,"event_status":0}],"cuda_sum_ns":64511.999}
{"schema":"riley.owned-graph-diagnostic.v1","kind":"read","capture_id":2,"replay_id":47,"host_read_bytes":98344,"host_read_ns":4004}
{"schema":"riley.owned-graph-diagnostic.v1","kind":"replay","capture_id":2,"replay_id":48,"position":142,"host_staging_bytes":98344,"event_setup_ns":671,"host_staging_ns":1524,"host_launch_ns":7047,"host_wait_ns":958401,"cuda_graph_span_ns":962943.971,"event_status":0,"launch_status":0,"completion_status":0}
{"schema":"riley.decode-operator-diagnostic.v1","kind":"operation","capture_id":2,"replay_id":48,"position":142,"operator":"head","launch_status":0,"completion_status":0,"intervals":[{"layer":null,"cuda_span_ns":65536.000,"event_status":0}],"cuda_sum_ns":65536.000}
{"schema":"riley.owned-graph-diagnostic.v1","kind":"read","capture_id":2,"replay_id":48,"host_read_bytes":98344,"host_read_ns":4457}
{"schema":"riley.owned-graph-diagnostic.v1","kind":"replay","capture_id":2,"replay_id":49,"position":143,"host_staging_bytes":98344,"event_setup_ns":398,"host_staging_ns":1524,"host_launch_ns":7371,"host_wait_ns":960439,"cuda_graph_span_ns":965120.018,"event_status":0,"launch_status":0,"completion_status":0}
{"schema":"riley.decode-operator-diagnostic.v1","kind":"operation","capture_id":2,"replay_id":49,"position":143,"operator":"head","launch_status":0,"completion_status":0,"intervals":[{"layer":null,"cuda_span_ns":64511.999,"event_status":0}],"cuda_sum_ns":64511.999}
{"schema":"riley.owned-graph-diagnostic.v1","kind":"read","capture_id":2,"replay_id":49,"host_read_bytes":98344,"host_read_ns":4510}
{"schema":"riley.owned-graph-diagnostic.v1","kind":"replay","capture_id":2,"replay_id":50,"position":144,"host_staging_bytes":98344,"event_setup_ns":412,"host_staging_ns":1522,"host_launch_ns":7124,"host_wait_ns":977776,"cuda_graph_span_ns":982176.006,"event_status":0,"launch_status":0,"completion_status":0}
{"schema":"riley.decode-operator-diagnostic.v1","kind":"operation","capture_id":2,"replay_id":50,"position":144,"operator":"head","launch_status":0,"completion_status":0,"intervals":[{"layer":null,"cuda_span_ns":65536.000,"event_status":0}],"cuda_sum_ns":65536.000}
{"schema":"riley.owned-graph-diagnostic.v1","kind":"read","capture_id":2,"replay_id":50,"host_read_bytes":98344,"host_read_ns":4554}
{"schema":"riley.owned-graph-diagnostic.v1","kind":"replay","capture_id":2,"replay_id":51,"position":145,"host_staging_bytes":98344,"event_setup_ns":376,"host_staging_ns":1514,"host_launch_ns":7255,"host_wait_ns":977095,"cuda_graph_span_ns":981599.987,"event_status":0,"launch_status":0,"completion_status":0}
{"schema":"riley.decode-operator-diagnostic.v1","kind":"operation","capture_id":2,"replay_id":51,"position":145,"operator":"head","launch_status":0,"completion_status":0,"intervals":[{"layer":null,"cuda_span_ns":64511.999,"event_status":0}],"cuda_sum_ns":64511.999}
{"schema":"riley.owned-graph-diagnostic.v1","kind":"read","capture_id":2,"replay_id":51,"host_read_bytes":98344,"host_read_ns":4367}
{"schema":"riley.owned-graph-diagnostic.v1","kind":"replay","capture_id":2,"replay_id":52,"position":146,"host_staging_bytes":98344,"event_setup_ns":440,"host_staging_ns":1519,"host_launch_ns":7073,"host_wait_ns":976479,"cuda_graph_span_ns":980704.010,"event_status":0,"launch_status":0,"completion_status":0}
{"schema":"riley.decode-operator-diagnostic.v1","kind":"operation","capture_id":2,"replay_id":52,"position":146,"operator":"head","launch_status":0,"completion_status":0,"intervals":[{"layer":null,"cuda_span_ns":65536.000,"event_status":0}],"cuda_sum_ns":65536.000}
{"schema":"riley.owned-graph-diagnostic.v1","kind":"read","capture_id":2,"replay_id":52,"host_read_bytes":98344,"host_read_ns":4653}
{"schema":"riley.owned-graph-diagnostic.v1","kind":"replay","capture_id":2,"replay_id":53,"position":147,"host_staging_bytes":98344,"event_setup_ns":393,"host_staging_ns":1522,"host_launch_ns":7221,"host_wait_ns":968796,"cuda_graph_span_ns":972992.003,"event_status":0,"launch_status":0,"completion_status":0}
{"schema":"riley.decode-operator-diagnostic.v1","kind":"operation","capture_id":2,"replay_id":53,"position":147,"operator":"head","launch_status":0,"completion_status":0,"intervals":[{"layer":null,"cuda_span_ns":63487.999,"event_status":0}],"cuda_sum_ns":63487.999}
{"schema":"riley.owned-graph-diagnostic.v1","kind":"read","capture_id":2,"replay_id":53,"host_read_bytes":98344,"host_read_ns":4704}
{"schema":"riley.owned-graph-diagnostic.v1","kind":"replay","capture_id":2,"replay_id":54,"position":148,"host_staging_bytes":98344,"event_setup_ns":328,"host_staging_ns":1555,"host_launch_ns":7179,"host_wait_ns":967465,"cuda_graph_span_ns":971903.980,"event_status":0,"launch_status":0,"completion_status":0}
{"schema":"riley.decode-operator-diagnostic.v1","kind":"operation","capture_id":2,"replay_id":54,"position":148,"operator":"head","launch_status":0,"completion_status":0,"intervals":[{"layer":null,"cuda_span_ns":64511.999,"event_status":0}],"cuda_sum_ns":64511.999}
{"schema":"riley.owned-graph-diagnostic.v1","kind":"read","capture_id":2,"replay_id":54,"host_read_bytes":98344,"host_read_ns":4606}
{"schema":"riley.owned-graph-diagnostic.v1","kind":"replay","capture_id":2,"replay_id":55,"position":149,"host_staging_bytes":98344,"event_setup_ns":395,"host_staging_ns":1556,"host_launch_ns":7542,"host_wait_ns":974749,"cuda_graph_span_ns":979583.979,"event_status":0,"launch_status":0,"completion_status":0}
{"schema":"riley.decode-operator-diagnostic.v1","kind":"operation","capture_id":2,"replay_id":55,"position":149,"operator":"head","launch_status":0,"completion_status":0,"intervals":[{"layer":null,"cuda_span_ns":64511.999,"event_status":0}],"cuda_sum_ns":64511.999}
{"schema":"riley.owned-graph-diagnostic.v1","kind":"read","capture_id":2,"replay_id":55,"host_read_bytes":98344,"host_read_ns":4562}
{"schema":"riley.owned-graph-diagnostic.v1","kind":"replay","capture_id":2,"replay_id":56,"position":150,"host_staging_bytes":98344,"event_setup_ns":456,"host_staging_ns":1544,"host_launch_ns":7223,"host_wait_ns":975588,"cuda_graph_span_ns":980319.977,"event_status":0,"launch_status":0,"completion_status":0}
{"schema":"riley.decode-operator-diagnostic.v1","kind":"operation","capture_id":2,"replay_id":56,"position":150,"operator":"head","launch_status":0,"completion_status":0,"intervals":[{"layer":null,"cuda_span_ns":65536.000,"event_status":0}],"cuda_sum_ns":65536.000}
{"schema":"riley.owned-graph-diagnostic.v1","kind":"read","capture_id":2,"replay_id":56,"host_read_bytes":98344,"host_read_ns":4921}
{"schema":"riley.owned-graph-diagnostic.v1","kind":"replay","capture_id":2,"replay_id":57,"position":151,"host_staging_bytes":98344,"event_setup_ns":355,"host_staging_ns":1562,"host_launch_ns":7258,"host_wait_ns":975700,"cuda_graph_span_ns":980159.998,"event_status":0,"launch_status":0,"completion_status":0}
{"schema":"riley.decode-operator-diagnostic.v1","kind":"operation","capture_id":2,"replay_id":57,"position":151,"operator":"head","launch_status":0,"completion_status":0,"intervals":[{"layer":null,"cuda_span_ns":64511.999,"event_status":0}],"cuda_sum_ns":64511.999}
{"schema":"riley.owned-graph-diagnostic.v1","kind":"read","capture_id":2,"replay_id":57,"host_read_bytes":98344,"host_read_ns":4912}
{"schema":"riley.owned-graph-diagnostic.v1","kind":"replay","capture_id":2,"replay_id":58,"position":152,"host_staging_bytes":98344,"event_setup_ns":432,"host_staging_ns":1552,"host_launch_ns":7954,"host_wait_ns":975915,"cuda_graph_span_ns":981440.008,"event_status":0,"launch_status":0,"completion_status":0}
{"schema":"riley.decode-operator-diagnostic.v1","kind":"operation","capture_id":2,"replay_id":58,"position":152,"operator":"head","launch_status":0,"completion_status":0,"intervals":[{"layer":null,"cuda_span_ns":64511.999,"event_status":0}],"cuda_sum_ns":64511.999}
{"schema":"riley.owned-graph-diagnostic.v1","kind":"read","capture_id":2,"replay_id":58,"host_read_bytes":98344,"host_read_ns":4628}
{"schema":"riley.owned-graph-diagnostic.v1","kind":"replay","capture_id":2,"replay_id":59,"position":153,"host_staging_bytes":98344,"event_setup_ns":458,"host_staging_ns":1618,"host_launch_ns":7836,"host_wait_ns":974899,"cuda_graph_span_ns":980192.006,"event_status":0,"launch_status":0,"completion_status":0}
{"schema":"riley.decode-operator-diagnostic.v1","kind":"operation","capture_id":2,"replay_id":59,"position":153,"operator":"head","launch_status":0,"completion_status":0,"intervals":[{"layer":null,"cuda_span_ns":64511.999,"event_status":0}],"cuda_sum_ns":64511.999}
{"schema":"riley.owned-graph-diagnostic.v1","kind":"read","capture_id":2,"replay_id":59,"host_read_bytes":98344,"host_read_ns":4616}
{"schema":"riley.owned-graph-diagnostic.v1","kind":"replay","capture_id":2,"replay_id":60,"position":154,"host_staging_bytes":98344,"event_setup_ns":606,"host_staging_ns":1550,"host_launch_ns":7865,"host_wait_ns":974533,"cuda_graph_span_ns":980159.998,"event_status":0,"launch_status":0,"completion_status":0}
{"schema":"riley.decode-operator-diagnostic.v1","kind":"operation","capture_id":2,"replay_id":60,"position":154,"operator":"head","launch_status":0,"completion_status":0,"intervals":[{"layer":null,"cuda_span_ns":64511.999,"event_status":0}],"cuda_sum_ns":64511.999}
{"schema":"riley.owned-graph-diagnostic.v1","kind":"read","capture_id":2,"replay_id":60,"host_read_bytes":98344,"host_read_ns":4728}
{"schema":"riley.owned-graph-diagnostic.v1","kind":"replay","capture_id":2,"replay_id":61,"position":155,"host_staging_bytes":98344,"event_setup_ns":447,"host_staging_ns":1555,"host_launch_ns":7390,"host_wait_ns":974187,"cuda_graph_span_ns":978847.980,"event_status":0,"launch_status":0,"completion_status":0}
{"schema":"riley.decode-operator-diagnostic.v1","kind":"operation","capture_id":2,"replay_id":61,"position":155,"operator":"head","launch_status":0,"completion_status":0,"intervals":[{"layer":null,"cuda_span_ns":64511.999,"event_status":0}],"cuda_sum_ns":64511.999}
{"schema":"riley.owned-graph-diagnostic.v1","kind":"read","capture_id":2,"replay_id":61,"host_read_bytes":98344,"host_read_ns":17655}
{"schema":"riley.owned-graph-diagnostic.v1","kind":"replay","capture_id":2,"replay_id":62,"position":156,"host_staging_bytes":98344,"event_setup_ns":398,"host_staging_ns":1562,"host_launch_ns":7743,"host_wait_ns":977331,"cuda_graph_span_ns":982464.015,"event_status":0,"launch_status":0,"completion_status":0}
{"schema":"riley.decode-operator-diagnostic.v1","kind":"operation","capture_id":2,"replay_id":62,"position":156,"operator":"head","launch_status":0,"completion_status":0,"intervals":[{"layer":null,"cuda_span_ns":64511.999,"event_status":0}],"cuda_sum_ns":64511.999}
{"schema":"riley.owned-graph-diagnostic.v1","kind":"read","capture_id":2,"replay_id":62,"host_read_bytes":98344,"host_read_ns":4457}
{"schema":"riley.owned-graph-diagnostic.v1","kind":"replay","capture_id":2,"replay_id":63,"position":157,"host_staging_bytes":98344,"event_setup_ns":420,"host_staging_ns":1560,"host_launch_ns":7471,"host_wait_ns":974068,"cuda_graph_span_ns":978879.988,"event_status":0,"launch_status":0,"completion_status":0}
{"schema":"riley.decode-operator-diagnostic.v1","kind":"operation","capture_id":2,"replay_id":63,"position":157,"operator":"head","launch_status":0,"completion_status":0,"intervals":[{"layer":null,"cuda_span_ns":64511.999,"event_status":0}],"cuda_sum_ns":64511.999}
{"schema":"riley.owned-graph-diagnostic.v1","kind":"read","capture_id":2,"replay_id":63,"host_read_bytes":98344,"host_read_ns":4631}
{"schema":"riley.owned-graph-diagnostic.v1","kind":"replay","capture_id":2,"replay_id":64,"position":158,"host_staging_bytes":98344,"event_setup_ns":383,"host_staging_ns":1579,"host_launch_ns":7631,"host_wait_ns":975204,"cuda_graph_span_ns":979615.986,"event_status":0,"launch_status":0,"completion_status":0}
{"schema":"riley.decode-operator-diagnostic.v1","kind":"operation","capture_id":2,"replay_id":64,"position":158,"operator":"head","launch_status":0,"completion_status":0,"intervals":[{"layer":null,"cuda_span_ns":64511.999,"event_status":0}],"cuda_sum_ns":64511.999}
{"schema":"riley.owned-graph-diagnostic.v1","kind":"read","capture_id":2,"replay_id":64,"host_read_bytes":98344,"host_read_ns":5366}
{"schema":"riley.owned-graph-diagnostic.v1","kind":"replay","capture_id":1,"replay_id":65,"position":127,"host_staging_bytes":98344,"event_setup_ns":4005,"host_staging_ns":2296,"host_launch_ns":16150,"host_wait_ns":4781878,"cuda_graph_span_ns":4794015.884,"event_status":0,"launch_status":0,"completion_status":0}
{"schema":"riley.owned-graph-diagnostic.v1","kind":"read","capture_id":1,"replay_id":65,"host_read_bytes":98344,"host_read_ns":6521}
{"schema":"riley.owned-graph-diagnostic.v1","kind":"replay","capture_id":2,"replay_id":66,"position":128,"host_staging_bytes":98344,"event_setup_ns":1488,"host_staging_ns":2786,"host_launch_ns":20036,"host_wait_ns":1007813,"cuda_graph_span_ns":1025439.978,"event_status":0,"launch_status":0,"completion_status":0}
{"schema":"riley.decode-operator-diagnostic.v1","kind":"operation","capture_id":2,"replay_id":66,"position":128,"operator":"head","launch_status":0,"completion_status":0,"intervals":[{"layer":null,"cuda_span_ns":64511.999,"event_status":0}],"cuda_sum_ns":64511.999}
{"schema":"riley.owned-graph-diagnostic.v1","kind":"read","capture_id":2,"replay_id":66,"host_read_bytes":98344,"host_read_ns":5660}
{"schema":"riley.owned-graph-diagnostic.v1","kind":"replay","capture_id":2,"replay_id":67,"position":129,"host_staging_bytes":98344,"event_setup_ns":775,"host_staging_ns":2100,"host_launch_ns":10837,"host_wait_ns":953347,"cuda_graph_span_ns":961376.011,"event_status":0,"launch_status":0,"completion_status":0}
{"schema":"riley.decode-operator-diagnostic.v1","kind":"operation","capture_id":2,"replay_id":67,"position":129,"operator":"head","launch_status":0,"completion_status":0,"intervals":[{"layer":null,"cuda_span_ns":64511.999,"event_status":0}],"cuda_sum_ns":64511.999}
{"schema":"riley.owned-graph-diagnostic.v1","kind":"read","capture_id":2,"replay_id":67,"host_read_bytes":98344,"host_read_ns":5902}
{"schema":"riley.owned-graph-diagnostic.v1","kind":"replay","capture_id":2,"replay_id":68,"position":130,"host_staging_bytes":98344,"event_setup_ns":1182,"host_staging_ns":2845,"host_launch_ns":13785,"host_wait_ns":951011,"cuda_graph_span_ns":962368.011,"event_status":0,"launch_status":0,"completion_status":0}
{"schema":"riley.decode-operator-diagnostic.v1","kind":"operation","capture_id":2,"replay_id":68,"position":130,"operator":"head","launch_status":0,"completion_status":0,"intervals":[{"layer":null,"cuda_span_ns":64511.999,"event_status":0}],"cuda_sum_ns":64511.999}
{"schema":"riley.owned-graph-diagnostic.v1","kind":"read","capture_id":2,"replay_id":68,"host_read_bytes":98344,"host_read_ns":6472}
{"schema":"riley.owned-graph-diagnostic.v1","kind":"replay","capture_id":2,"replay_id":69,"position":131,"host_staging_bytes":98344,"event_setup_ns":1102,"host_staging_ns":2271,"host_launch_ns":14509,"host_wait_ns":951801,"cuda_graph_span_ns":963840.008,"event_status":0,"launch_status":0,"completion_status":0}
{"schema":"riley.decode-operator-diagnostic.v1","kind":"operation","capture_id":2,"replay_id":69,"position":131,"operator":"head","launch_status":0,"completion_status":0,"intervals":[{"layer":null,"cuda_span_ns":64511.999,"event_status":0}],"cuda_sum_ns":64511.999}
{"schema":"riley.owned-graph-diagnostic.v1","kind":"read","capture_id":2,"replay_id":69,"host_read_bytes":98344,"host_read_ns":6076}
{"schema":"riley.owned-graph-diagnostic.v1","kind":"replay","capture_id":2,"replay_id":70,"position":132,"host_staging_bytes":98344,"event_setup_ns":845,"host_staging_ns":2077,"host_launch_ns":13072,"host_wait_ns":952360,"cuda_graph_span_ns":961727.977,"event_status":0,"launch_status":0,"completion_status":0}
{"schema":"riley.decode-operator-diagnostic.v1","kind":"operation","capture_id":2,"replay_id":70,"position":132,"operator":"head","launch_status":0,"completion_status":0,"intervals":[{"layer":null,"cuda_span_ns":64511.999,"event_status":0}],"cuda_sum_ns":64511.999}
{"schema":"riley.owned-graph-diagnostic.v1","kind":"read","capture_id":2,"replay_id":70,"host_read_bytes":98344,"host_read_ns":15940}
{"schema":"riley.owned-graph-diagnostic.v1","kind":"replay","capture_id":2,"replay_id":71,"position":133,"host_staging_bytes":98344,"event_setup_ns":2384,"host_staging_ns":5607,"host_launch_ns":22613,"host_wait_ns":952793,"cuda_graph_span_ns":973599.970,"event_status":0,"launch_status":0,"completion_status":0}
{"schema":"riley.decode-operator-diagnostic.v1","kind":"operation","capture_id":2,"replay_id":71,"position":133,"operator":"head","launch_status":0,"completion_status":0,"intervals":[{"layer":null,"cuda_span_ns":64511.999,"event_status":0}],"cuda_sum_ns":64511.999}
{"schema":"riley.owned-graph-diagnostic.v1","kind":"read","capture_id":2,"replay_id":71,"host_read_bytes":98344,"host_read_ns":12605}
{"schema":"riley.owned-graph-diagnostic.v1","kind":"replay","capture_id":2,"replay_id":72,"position":134,"host_staging_bytes":98344,"event_setup_ns":1646,"host_staging_ns":3745,"host_launch_ns":14355,"host_wait_ns":950802,"cuda_graph_span_ns":963263.988,"event_status":0,"launch_status":0,"completion_status":0}
{"schema":"riley.decode-operator-diagnostic.v1","kind":"operation","capture_id":2,"replay_id":72,"position":134,"operator":"head","launch_status":0,"completion_status":0,"intervals":[{"layer":null,"cuda_span_ns":64511.999,"event_status":0}],"cuda_sum_ns":64511.999}
{"schema":"riley.owned-graph-diagnostic.v1","kind":"read","capture_id":2,"replay_id":72,"host_read_bytes":98344,"host_read_ns":13421}
{"schema":"riley.owned-graph-diagnostic.v1","kind":"replay","capture_id":2,"replay_id":73,"position":135,"host_staging_bytes":98344,"event_setup_ns":1346,"host_staging_ns":2993,"host_launch_ns":12246,"host_wait_ns":958199,"cuda_graph_span_ns":968415.976,"event_status":0,"launch_status":0,"completion_status":0}
{"schema":"riley.decode-operator-diagnostic.v1","kind":"operation","capture_id":2,"replay_id":73,"position":135,"operator":"head","launch_status":0,"completion_status":0,"intervals":[{"layer":null,"cuda_span_ns":64511.999,"event_status":0}],"cuda_sum_ns":64511.999}
{"schema":"riley.owned-graph-diagnostic.v1","kind":"read","capture_id":2,"replay_id":73,"host_read_bytes":98344,"host_read_ns":13793}
{"schema":"riley.owned-graph-diagnostic.v1","kind":"replay","capture_id":2,"replay_id":74,"position":136,"host_staging_bytes":98344,"event_setup_ns":1267,"host_staging_ns":3217,"host_launch_ns":12011,"host_wait_ns":956211,"cuda_graph_span_ns":966463.983,"event_status":0,"launch_status":0,"completion_status":0}
{"schema":"riley.decode-operator-diagnostic.v1","kind":"operation","capture_id":2,"replay_id":74,"position":136,"operator":"head","launch_status":0,"completion_status":0,"intervals":[{"layer":null,"cuda_span_ns":64511.999,"event_status":0}],"cuda_sum_ns":64511.999}
{"schema":"riley.owned-graph-diagnostic.v1","kind":"read","capture_id":2,"replay_id":74,"host_read_bytes":98344,"host_read_ns":13493}
{"schema":"riley.owned-graph-diagnostic.v1","kind":"replay","capture_id":2,"replay_id":75,"position":137,"host_staging_bytes":98344,"event_setup_ns":1187,"host_staging_ns":2915,"host_launch_ns":12856,"host_wait_ns":949471,"cuda_graph_span_ns":960575.998,"event_status":0,"launch_status":0,"completion_status":0}
{"schema":"riley.decode-operator-diagnostic.v1","kind":"operation","capture_id":2,"replay_id":75,"position":137,"operator":"head","launch_status":0,"completion_status":0,"intervals":[{"layer":null,"cuda_span_ns":64511.999,"event_status":0}],"cuda_sum_ns":64511.999}
{"schema":"riley.owned-graph-diagnostic.v1","kind":"read","capture_id":2,"replay_id":75,"host_read_bytes":98344,"host_read_ns":12961}
{"schema":"riley.owned-graph-diagnostic.v1","kind":"replay","capture_id":2,"replay_id":76,"position":138,"host_staging_bytes":98344,"event_setup_ns":1245,"host_staging_ns":2967,"host_launch_ns":12149,"host_wait_ns":957104,"cuda_graph_span_ns":966463.983,"event_status":0,"launch_status":0,"completion_status":0}
{"schema":"riley.decode-operator-diagnostic.v1","kind":"operation","capture_id":2,"replay_id":76,"position":138,"operator":"head","launch_status":0,"completion_status":0,"intervals":[{"layer":null,"cuda_span_ns":64511.999,"event_status":0}],"cuda_sum_ns":64511.999}
{"schema":"riley.owned-graph-diagnostic.v1","kind":"read","capture_id":2,"replay_id":76,"host_read_bytes":98344,"host_read_ns":5827}
{"schema":"riley.owned-graph-diagnostic.v1","kind":"replay","capture_id":2,"replay_id":77,"position":139,"host_staging_bytes":98344,"event_setup_ns":1460,"host_staging_ns":2856,"host_launch_ns":14734,"host_wait_ns":948404,"cuda_graph_span_ns":961120.009,"event_status":0,"launch_status":0,"completion_status":0}
{"schema":"riley.decode-operator-diagnostic.v1","kind":"operation","capture_id":2,"replay_id":77,"position":139,"operator":"head","launch_status":0,"completion_status":0,"intervals":[{"layer":null,"cuda_span_ns":64511.999,"event_status":0}],"cuda_sum_ns":64511.999}
{"schema":"riley.owned-graph-diagnostic.v1","kind":"read","capture_id":2,"replay_id":77,"host_read_bytes":98344,"host_read_ns":4717}
{"schema":"riley.owned-graph-diagnostic.v1","kind":"replay","capture_id":2,"replay_id":78,"position":140,"host_staging_bytes":98344,"event_setup_ns":382,"host_staging_ns":1527,"host_launch_ns":7801,"host_wait_ns":958801,"cuda_graph_span_ns":964160.025,"event_status":0,"launch_status":0,"completion_status":0}
{"schema":"riley.decode-operator-diagnostic.v1","kind":"operation","capture_id":2,"replay_id":78,"position":140,"operator":"head","launch_status":0,"completion_status":0,"intervals":[{"layer":null,"cuda_span_ns":65536.000,"event_status":0}],"cuda_sum_ns":65536.000}
{"schema":"riley.owned-graph-diagnostic.v1","kind":"read","capture_id":2,"replay_id":78,"host_read_bytes":98344,"host_read_ns":4410}
{"schema":"riley.owned-graph-diagnostic.v1","kind":"replay","capture_id":2,"replay_id":79,"position":141,"host_staging_bytes":98344,"event_setup_ns":314,"host_staging_ns":1522,"host_launch_ns":6642,"host_wait_ns":957608,"cuda_graph_span_ns":961567.998,"event_status":0,"launch_status":0,"completion_status":0}
{"schema":"riley.decode-operator-diagnostic.v1","kind":"operation","capture_id":2,"replay_id":79,"position":141,"operator":"head","launch_status":0,"completion_status":0,"intervals":[{"layer":null,"cuda_span_ns":63487.999,"event_status":0}],"cuda_sum_ns":63487.999}
{"schema":"riley.owned-graph-diagnostic.v1","kind":"read","capture_id":2,"replay_id":79,"host_read_bytes":98344,"host_read_ns":4520}
{"schema":"riley.owned-graph-diagnostic.v1","kind":"replay","capture_id":2,"replay_id":80,"position":142,"host_staging_bytes":98344,"event_setup_ns":332,"host_staging_ns":1491,"host_launch_ns":6749,"host_wait_ns":958278,"cuda_graph_span_ns":962527.990,"event_status":0,"launch_status":0,"completion_status":0}
{"schema":"riley.decode-operator-diagnostic.v1","kind":"operation","capture_id":2,"replay_id":80,"position":142,"operator":"head","launch_status":0,"completion_status":0,"intervals":[{"layer":null,"cuda_span_ns":64511.999,"event_status":0}],"cuda_sum_ns":64511.999}
{"schema":"riley.owned-graph-diagnostic.v1","kind":"read","capture_id":2,"replay_id":80,"host_read_bytes":98344,"host_read_ns":4664}
{"schema":"riley.owned-graph-diagnostic.v1","kind":"replay","capture_id":2,"replay_id":81,"position":143,"host_staging_bytes":98344,"event_setup_ns":296,"host_staging_ns":1478,"host_launch_ns":6782,"host_wait_ns":959440,"cuda_graph_span_ns":963584.006,"event_status":0,"launch_status":0,"completion_status":0}
{"schema":"riley.decode-operator-diagnostic.v1","kind":"operation","capture_id":2,"replay_id":81,"position":143,"operator":"head","launch_status":0,"completion_status":0,"intervals":[{"layer":null,"cuda_span_ns":63487.999,"event_status":0}],"cuda_sum_ns":63487.999}
{"schema":"riley.owned-graph-diagnostic.v1","kind":"read","capture_id":2,"replay_id":81,"host_read_bytes":98344,"host_read_ns":5202}
{"schema":"riley.owned-graph-diagnostic.v1","kind":"replay","capture_id":2,"replay_id":82,"position":144,"host_staging_bytes":98344,"event_setup_ns":346,"host_staging_ns":1505,"host_launch_ns":6684,"host_wait_ns":974890,"cuda_graph_span_ns":979040.027,"event_status":0,"launch_status":0,"completion_status":0}
{"schema":"riley.decode-operator-diagnostic.v1","kind":"operation","capture_id":2,"replay_id":82,"position":144,"operator":"head","launch_status":0,"completion_status":0,"intervals":[{"layer":null,"cuda_span_ns":64511.999,"event_status":0}],"cuda_sum_ns":64511.999}
{"schema":"riley.owned-graph-diagnostic.v1","kind":"read","capture_id":2,"replay_id":82,"host_read_bytes":98344,"host_read_ns":4432}
{"schema":"riley.owned-graph-diagnostic.v1","kind":"replay","capture_id":2,"replay_id":83,"position":145,"host_staging_bytes":98344,"event_setup_ns":349,"host_staging_ns":1519,"host_launch_ns":6832,"host_wait_ns":974902,"cuda_graph_span_ns":979232.013,"event_status":0,"launch_status":0,"completion_status":0}
{"schema":"riley.decode-operator-diagnostic.v1","kind":"operation","capture_id":2,"replay_id":83,"position":145,"operator":"head","launch_status":0,"completion_status":0,"intervals":[{"layer":null,"cuda_span_ns":64511.999,"event_status":0}],"cuda_sum_ns":64511.999}
{"schema":"riley.owned-graph-diagnostic.v1","kind":"read","capture_id":2,"replay_id":83,"host_read_bytes":98344,"host_read_ns":4485}
{"schema":"riley.owned-graph-diagnostic.v1","kind":"replay","capture_id":2,"replay_id":84,"position":146,"host_staging_bytes":98344,"event_setup_ns":327,"host_staging_ns":1506,"host_launch_ns":6743,"host_wait_ns":975634,"cuda_graph_span_ns":979903.996,"event_status":0,"launch_status":0,"completion_status":0}
{"schema":"riley.decode-operator-diagnostic.v1","kind":"operation","capture_id":2,"replay_id":84,"position":146,"operator":"head","launch_status":0,"completion_status":0,"intervals":[{"layer":null,"cuda_span_ns":64511.999,"event_status":0}],"cuda_sum_ns":64511.999}
{"schema":"riley.owned-graph-diagnostic.v1","kind":"read","capture_id":2,"replay_id":84,"host_read_bytes":98344,"host_read_ns":3910}
{"schema":"riley.owned-graph-diagnostic.v1","kind":"replay","capture_id":2,"replay_id":85,"position":147,"host_staging_bytes":98344,"event_setup_ns":395,"host_staging_ns":1512,"host_launch_ns":7114,"host_wait_ns":976332,"cuda_graph_span_ns":980863.988,"event_status":0,"launch_status":0,"completion_status":0}
{"schema":"riley.decode-operator-diagnostic.v1","kind":"operation","capture_id":2,"replay_id":85,"position":147,"operator":"head","launch_status":0,"completion_status":0,"intervals":[{"layer":null,"cuda_span_ns":64511.999,"event_status":0}],"cuda_sum_ns":64511.999}
{"schema":"riley.owned-graph-diagnostic.v1","kind":"read","capture_id":2,"replay_id":85,"host_read_bytes":98344,"host_read_ns":4391}
{"schema":"riley.owned-graph-diagnostic.v1","kind":"replay","capture_id":2,"replay_id":86,"position":148,"host_staging_bytes":98344,"event_setup_ns":328,"host_staging_ns":1503,"host_launch_ns":7249,"host_wait_ns":975796,"cuda_graph_span_ns":980575.979,"event_status":0,"launch_status":0,"completion_status":0}
{"schema":"riley.decode-operator-diagnostic.v1","kind":"operation","capture_id":2,"replay_id":86,"position":148,"operator":"head","launch_status":0,"completion_status":0,"intervals":[{"layer":null,"cuda_span_ns":64511.999,"event_status":0}],"cuda_sum_ns":64511.999}
{"schema":"riley.owned-graph-diagnostic.v1","kind":"read","capture_id":2,"replay_id":86,"host_read_bytes":98344,"host_read_ns":4677}
{"schema":"riley.owned-graph-diagnostic.v1","kind":"replay","capture_id":2,"replay_id":87,"position":149,"host_staging_bytes":98344,"event_setup_ns":421,"host_staging_ns":1511,"host_launch_ns":7139,"host_wait_ns":974383,"cuda_graph_span_ns":979103.982,"event_status":0,"launch_status":0,"completion_status":0}
{"schema":"riley.decode-operator-diagnostic.v1","kind":"operation","capture_id":2,"replay_id":87,"position":149,"operator":"head","launch_status":0,"completion_status":0,"intervals":[{"layer":null,"cuda_span_ns":64511.999,"event_status":0}],"cuda_sum_ns":64511.999}
{"schema":"riley.owned-graph-diagnostic.v1","kind":"read","capture_id":2,"replay_id":87,"host_read_bytes":98344,"host_read_ns":4422}
{"schema":"riley.owned-graph-diagnostic.v1","kind":"replay","capture_id":2,"replay_id":88,"position":150,"host_staging_bytes":98344,"event_setup_ns":291,"host_staging_ns":1549,"host_launch_ns":7306,"host_wait_ns":976813,"cuda_graph_span_ns":981504.023,"event_status":0,"launch_status":0,"completion_status":0}
{"schema":"riley.decode-operator-diagnostic.v1","kind":"operation","capture_id":2,"replay_id":88,"position":150,"operator":"head","launch_status":0,"completion_status":0,"intervals":[{"layer":null,"cuda_span_ns":64511.999,"event_status":0}],"cuda_sum_ns":64511.999}
{"schema":"riley.owned-graph-diagnostic.v1","kind":"read","capture_id":2,"replay_id":88,"host_read_bytes":98344,"host_read_ns":4779}
{"schema":"riley.owned-graph-diagnostic.v1","kind":"replay","capture_id":2,"replay_id":89,"position":151,"host_staging_bytes":98344,"event_setup_ns":349,"host_staging_ns":1528,"host_launch_ns":7035,"host_wait_ns":977497,"cuda_graph_span_ns":981664.002,"event_status":0,"launch_status":0,"completion_status":0}
{"schema":"riley.decode-operator-diagnostic.v1","kind":"operation","capture_id":2,"replay_id":89,"position":151,"operator":"head","launch_status":0,"completion_status":0,"intervals":[{"layer":null,"cuda_span_ns":64511.999,"event_status":0}],"cuda_sum_ns":64511.999}
{"schema":"riley.owned-graph-diagnostic.v1","kind":"read","capture_id":2,"replay_id":89,"host_read_bytes":98344,"host_read_ns":4470}
{"schema":"riley.owned-graph-diagnostic.v1","kind":"replay","capture_id":2,"replay_id":90,"position":152,"host_staging_bytes":98344,"event_setup_ns":398,"host_staging_ns":1499,"host_launch_ns":7494,"host_wait_ns":974587,"cuda_graph_span_ns":979488.015,"event_status":0,"launch_status":0,"completion_status":0}
{"schema":"riley.decode-operator-diagnostic.v1","kind":"operation","capture_id":2,"replay_id":90,"position":152,"operator":"head","launch_status":0,"completion_status":0,"intervals":[{"layer":null,"cuda_span_ns":65536.000,"event_status":0}],"cuda_sum_ns":65536.000}
{"schema":"riley.owned-graph-diagnostic.v1","kind":"read","capture_id":2,"replay_id":90,"host_read_bytes":98344,"host_read_ns":3973}
{"schema":"riley.owned-graph-diagnostic.v1","kind":"replay","capture_id":2,"replay_id":91,"position":153,"host_staging_bytes":98344,"event_setup_ns":292,"host_staging_ns":1514,"host_launch_ns":7285,"host_wait_ns":978017,"cuda_graph_span_ns":982688.010,"event_status":0,"launch_status":0,"completion_status":0}
{"schema":"riley.decode-operator-diagnostic.v1","kind":"operation","capture_id":2,"replay_id":91,"position":153,"operator":"head","launch_status":0,"completion_status":0,"intervals":[{"layer":null,"cuda_span_ns":64511.999,"event_status":0}],"cuda_sum_ns":64511.999}
{"schema":"riley.owned-graph-diagnostic.v1","kind":"read","capture_id":2,"replay_id":91,"host_read_bytes":98344,"host_read_ns":4664}
{"schema":"riley.owned-graph-diagnostic.v1","kind":"replay","capture_id":2,"replay_id":92,"position":154,"host_staging_bytes":98344,"event_setup_ns":407,"host_staging_ns":1500,"host_launch_ns":6747,"host_wait_ns":973852,"cuda_graph_span_ns":977952.003,"event_status":0,"launch_status":0,"completion_status":0}
{"schema":"riley.decode-operator-diagnostic.v1","kind":"operation","capture_id":2,"replay_id":92,"position":154,"operator":"head","launch_status":0,"completion_status":0,"intervals":[{"layer":null,"cuda_span_ns":65536.000,"event_status":0}],"cuda_sum_ns":65536.000}
{"schema":"riley.owned-graph-diagnostic.v1","kind":"read","capture_id":2,"replay_id":92,"host_read_bytes":98344,"host_read_ns":4517}
{"schema":"riley.owned-graph-diagnostic.v1","kind":"replay","capture_id":2,"replay_id":93,"position":155,"host_staging_bytes":98344,"event_setup_ns":404,"host_staging_ns":1529,"host_launch_ns":7410,"host_wait_ns":973859,"cuda_graph_span_ns":978623.986,"event_status":0,"launch_status":0,"completion_status":0}
{"schema":"riley.decode-operator-diagnostic.v1","kind":"operation","capture_id":2,"replay_id":93,"position":155,"operator":"head","launch_status":0,"completion_status":0,"intervals":[{"layer":null,"cuda_span_ns":65536.000,"event_status":0}],"cuda_sum_ns":65536.000}
{"schema":"riley.owned-graph-diagnostic.v1","kind":"read","capture_id":2,"replay_id":93,"host_read_bytes":98344,"host_read_ns":4295}
{"schema":"riley.owned-graph-diagnostic.v1","kind":"replay","capture_id":2,"replay_id":94,"position":156,"host_staging_bytes":98344,"event_setup_ns":514,"host_staging_ns":1519,"host_launch_ns":7321,"host_wait_ns":976233,"cuda_graph_span_ns":981055.975,"event_status":0,"launch_status":0,"completion_status":0}
{"schema":"riley.decode-operator-diagnostic.v1","kind":"operation","capture_id":2,"replay_id":94,"position":156,"operator":"head","launch_status":0,"completion_status":0,"intervals":[{"layer":null,"cuda_span_ns":64511.999,"event_status":0}],"cuda_sum_ns":64511.999}
{"schema":"riley.owned-graph-diagnostic.v1","kind":"read","capture_id":2,"replay_id":94,"host_read_bytes":98344,"host_read_ns":4547}
{"schema":"riley.owned-graph-diagnostic.v1","kind":"replay","capture_id":2,"replay_id":95,"position":157,"host_staging_bytes":98344,"event_setup_ns":582,"host_staging_ns":1504,"host_launch_ns":7094,"host_wait_ns":974900,"cuda_graph_span_ns":979424.000,"event_status":0,"launch_status":0,"completion_status":0}
{"schema":"riley.decode-operator-diagnostic.v1","kind":"operation","capture_id":2,"replay_id":95,"position":157,"operator":"head","launch_status":0,"completion_status":0,"intervals":[{"layer":null,"cuda_span_ns":64511.999,"event_status":0}],"cuda_sum_ns":64511.999}
{"schema":"riley.owned-graph-diagnostic.v1","kind":"read","capture_id":2,"replay_id":95,"host_read_bytes":98344,"host_read_ns":4812}
{"schema":"riley.owned-graph-diagnostic.v1","kind":"replay","capture_id":2,"replay_id":96,"position":158,"host_staging_bytes":98344,"event_setup_ns":419,"host_staging_ns":1518,"host_launch_ns":7365,"host_wait_ns":973829,"cuda_graph_span_ns":978688.002,"event_status":0,"launch_status":0,"completion_status":0}
{"schema":"riley.decode-operator-diagnostic.v1","kind":"operation","capture_id":2,"replay_id":96,"position":158,"operator":"head","launch_status":0,"completion_status":0,"intervals":[{"layer":null,"cuda_span_ns":64511.999,"event_status":0}],"cuda_sum_ns":64511.999}
{"schema":"riley.owned-graph-diagnostic.v1","kind":"read","capture_id":2,"replay_id":96,"host_read_bytes":98344,"host_read_ns":4456}
{"schema":"riley.owned-graph-diagnostic.v1","kind":"replay","capture_id":1,"replay_id":97,"position":127,"host_staging_bytes":98344,"event_setup_ns":2867,"host_staging_ns":2007,"host_launch_ns":15354,"host_wait_ns":4773708,"cuda_graph_span_ns":4786464.214,"event_status":0,"launch_status":0,"completion_status":0}
{"schema":"riley.owned-graph-diagnostic.v1","kind":"read","capture_id":1,"replay_id":97,"host_read_bytes":98344,"host_read_ns":5028}
{"schema":"riley.owned-graph-diagnostic.v1","kind":"replay","capture_id":2,"replay_id":98,"position":128,"host_staging_bytes":98344,"event_setup_ns":733,"host_staging_ns":1711,"host_launch_ns":9865,"host_wait_ns":1009463,"cuda_graph_span_ns":1016639.948,"event_status":0,"launch_status":0,"completion_status":0}
{"schema":"riley.decode-operator-diagnostic.v1","kind":"operation","capture_id":2,"replay_id":98,"position":128,"operator":"head","launch_status":0,"completion_status":0,"intervals":[{"layer":null,"cuda_span_ns":64511.999,"event_status":0}],"cuda_sum_ns":64511.999}
{"schema":"riley.owned-graph-diagnostic.v1","kind":"read","capture_id":2,"replay_id":98,"host_read_bytes":98344,"host_read_ns":4616}
{"schema":"riley.owned-graph-diagnostic.v1","kind":"replay","capture_id":2,"replay_id":99,"position":129,"host_staging_bytes":98344,"event_setup_ns":535,"host_staging_ns":1548,"host_launch_ns":7246,"host_wait_ns":957536,"cuda_graph_span_ns":962368.011,"event_status":0,"launch_status":0,"completion_status":0}
{"schema":"riley.decode-operator-diagnostic.v1","kind":"operation","capture_id":2,"replay_id":99,"position":129,"operator":"head","launch_status":0,"completion_status":0,"intervals":[{"layer":null,"cuda_span_ns":64511.999,"event_status":0}],"cuda_sum_ns":64511.999}
{"schema":"riley.owned-graph-diagnostic.v1","kind":"read","capture_id":2,"replay_id":99,"host_read_bytes":98344,"host_read_ns":4010}
{"schema":"riley.owned-graph-diagnostic.v1","kind":"replay","capture_id":2,"replay_id":100,"position":130,"host_staging_bytes":98344,"event_setup_ns":444,"host_staging_ns":1540,"host_launch_ns":6665,"host_wait_ns":958842,"cuda_graph_span_ns":963199.973,"event_status":0,"launch_status":0,"completion_status":0}
{"schema":"riley.decode-operator-diagnostic.v1","kind":"operation","capture_id":2,"replay_id":100,"position":130,"operator":"head","launch_status":0,"completion_status":0,"intervals":[{"layer":null,"cuda_span_ns":64511.999,"event_status":0}],"cuda_sum_ns":64511.999}
{"schema":"riley.owned-graph-diagnostic.v1","kind":"read","capture_id":2,"replay_id":100,"host_read_bytes":98344,"host_read_ns":4912}
{"schema":"riley.owned-graph-diagnostic.v1","kind":"replay","capture_id":2,"replay_id":101,"position":131,"host_staging_bytes":98344,"event_setup_ns":462,"host_staging_ns":1543,"host_launch_ns":6788,"host_wait_ns":957641,"cuda_graph_span_ns":961759.984,"event_status":0,"launch_status":0,"completion_status":0}
{"schema":"riley.decode-operator-diagnostic.v1","kind":"operation","capture_id":2,"replay_id":101,"position":131,"operator":"head","launch_status":0,"completion_status":0,"intervals":[{"layer":null,"cuda_span_ns":63487.999,"event_status":0}],"cuda_sum_ns":63487.999}
{"schema":"riley.owned-graph-diagnostic.v1","kind":"read","capture_id":2,"replay_id":101,"host_read_bytes":98344,"host_read_ns":4093}
{"schema":"riley.owned-graph-diagnostic.v1","kind":"replay","capture_id":2,"replay_id":102,"position":132,"host_staging_bytes":98344,"event_setup_ns":336,"host_staging_ns":1537,"host_launch_ns":6970,"host_wait_ns":957929,"cuda_graph_span_ns":962080.002,"event_status":0,"launch_status":0,"completion_status":0}
{"schema":"riley.decode-operator-diagnostic.v1","kind":"operation","capture_id":2,"replay_id":102,"position":132,"operator":"head","launch_status":0,"completion_status":0,"intervals":[{"layer":null,"cuda_span_ns":64511.999,"event_status":0}],"cuda_sum_ns":64511.999}
{"schema":"riley.owned-graph-diagnostic.v1","kind":"read","capture_id":2,"replay_id":102,"host_read_bytes":98344,"host_read_ns":4573}
{"schema":"riley.owned-graph-diagnostic.v1","kind":"replay","capture_id":2,"replay_id":103,"position":133,"host_staging_bytes":98344,"event_setup_ns":319,"host_staging_ns":1519,"host_launch_ns":6787,"host_wait_ns":959792,"cuda_graph_span_ns":964255.989,"event_status":0,"launch_status":0,"completion_status":0}
{"schema":"riley.decode-operator-diagnostic.v1","kind":"operation","capture_id":2,"replay_id":103,"position":133,"operator":"head","launch_status":0,"completion_status":0,"intervals":[{"layer":null,"cuda_span_ns":64511.999,"event_status":0}],"cuda_sum_ns":64511.999}
{"schema":"riley.owned-graph-diagnostic.v1","kind":"read","capture_id":2,"replay_id":103,"host_read_bytes":98344,"host_read_ns":4745}
{"schema":"riley.owned-graph-diagnostic.v1","kind":"replay","capture_id":2,"replay_id":104,"position":134,"host_staging_bytes":98344,"event_setup_ns":306,"host_staging_ns":1466,"host_launch_ns":7204,"host_wait_ns":958024,"cuda_graph_span_ns":962751.985,"event_status":0,"launch_status":0,"completion_status":0}
{"schema":"riley.decode-operator-diagnostic.v1","kind":"operation","capture_id":2,"replay_id":104,"position":134,"operator":"head","launch_status":0,"completion_status":0,"intervals":[{"layer":null,"cuda_span_ns":64511.999,"event_status":0}],"cuda_sum_ns":64511.999}
{"schema":"riley.owned-graph-diagnostic.v1","kind":"read","capture_id":2,"replay_id":104,"host_read_bytes":98344,"host_read_ns":4169}
{"schema":"riley.owned-graph-diagnostic.v1","kind":"replay","capture_id":2,"replay_id":105,"position":135,"host_staging_bytes":98344,"event_setup_ns":300,"host_staging_ns":1461,"host_launch_ns":6811,"host_wait_ns":959503,"cuda_graph_span_ns":963743.985,"event_status":0,"launch_status":0,"completion_status":0}
{"schema":"riley.decode-operator-diagnostic.v1","kind":"operation","capture_id":2,"replay_id":105,"position":135,"operator":"head","launch_status":0,"completion_status":0,"intervals":[{"layer":null,"cuda_span_ns":64511.999,"event_status":0}],"cuda_sum_ns":64511.999}
{"schema":"riley.owned-graph-diagnostic.v1","kind":"read","capture_id":2,"replay_id":105,"host_read_bytes":98344,"host_read_ns":4658}
{"schema":"riley.owned-graph-diagnostic.v1","kind":"replay","capture_id":2,"replay_id":106,"position":136,"host_staging_bytes":98344,"event_setup_ns":308,"host_staging_ns":1463,"host_launch_ns":6964,"host_wait_ns":958979,"cuda_graph_span_ns":963487.983,"event_status":0,"launch_status":0,"completion_status":0}
{"schema":"riley.decode-operator-diagnostic.v1","kind":"operation","capture_id":2,"replay_id":106,"position":136,"operator":"head","launch_status":0,"completion_status":0,"intervals":[{"layer":null,"cuda_span_ns":64511.999,"event_status":0}],"cuda_sum_ns":64511.999}
{"schema":"riley.owned-graph-diagnostic.v1","kind":"read","capture_id":2,"replay_id":106,"host_read_bytes":98344,"host_read_ns":4630}
{"schema":"riley.owned-graph-diagnostic.v1","kind":"replay","capture_id":2,"replay_id":107,"position":137,"host_staging_bytes":98344,"event_setup_ns":348,"host_staging_ns":1524,"host_launch_ns":7513,"host_wait_ns":960516,"cuda_graph_span_ns":965568.006,"event_status":0,"launch_status":0,"completion_status":0}
{"schema":"riley.decode-operator-diagnostic.v1","kind":"operation","capture_id":2,"replay_id":107,"position":137,"operator":"head","launch_status":0,"completion_status":0,"intervals":[{"layer":null,"cuda_span_ns":64511.999,"event_status":0}],"cuda_sum_ns":64511.999}
{"schema":"riley.owned-graph-diagnostic.v1","kind":"read","capture_id":2,"replay_id":107,"host_read_bytes":98344,"host_read_ns":4480}
{"schema":"riley.owned-graph-diagnostic.v1","kind":"replay","capture_id":2,"replay_id":108,"position":138,"host_staging_bytes":98344,"event_setup_ns":360,"host_staging_ns":1521,"host_launch_ns":7119,"host_wait_ns":958894,"cuda_graph_span_ns":963551.998,"event_status":0,"launch_status":0,"completion_status":0}
{"schema":"riley.decode-operator-diagnostic.v1","kind":"operation","capture_id":2,"replay_id":108,"position":138,"operator":"head","launch_status":0,"completion_status":0,"intervals":[{"layer":null,"cuda_span_ns":64511.999,"event_status":0}],"cuda_sum_ns":64511.999}
{"schema":"riley.owned-graph-diagnostic.v1","kind":"read","capture_id":2,"replay_id":108,"host_read_bytes":98344,"host_read_ns":4348}
{"schema":"riley.owned-graph-diagnostic.v1","kind":"replay","capture_id":2,"replay_id":109,"position":139,"host_staging_bytes":98344,"event_setup_ns":317,"host_staging_ns":1532,"host_launch_ns":6954,"host_wait_ns":957700,"cuda_graph_span_ns":961824.000,"event_status":0,"launch_status":0,"completion_status":0}
{"schema":"riley.decode-operator-diagnostic.v1","kind":"operation","capture_id":2,"replay_id":109,"position":139,"operator":"head","launch_status":0,"completion_status":0,"intervals":[{"layer":null,"cuda_span_ns":63487.999,"event_status":0}],"cuda_sum_ns":63487.999}
{"schema":"riley.owned-graph-diagnostic.v1","kind":"read","capture_id":2,"replay_id":109,"host_read_bytes":98344,"host_read_ns":4313}
{"schema":"riley.owned-graph-diagnostic.v1","kind":"replay","capture_id":2,"replay_id":110,"position":140,"host_staging_bytes":98344,"event_setup_ns":378,"host_staging_ns":1532,"host_launch_ns":7220,"host_wait_ns":958882,"cuda_graph_span_ns":963295.996,"event_status":0,"launch_status":0,"completion_status":0}
{"schema":"riley.decode-operator-diagnostic.v1","kind":"operation","capture_id":2,"replay_id":110,"position":140,"operator":"head","launch_status":0,"completion_status":0,"intervals":[{"layer":null,"cuda_span_ns":64511.999,"event_status":0}],"cuda_sum_ns":64511.999}
{"schema":"riley.owned-graph-diagnostic.v1","kind":"read","capture_id":2,"replay_id":110,"host_read_bytes":98344,"host_read_ns":4416}
{"schema":"riley.owned-graph-diagnostic.v1","kind":"replay","capture_id":2,"replay_id":111,"position":141,"host_staging_bytes":98344,"event_setup_ns":541,"host_staging_ns":1521,"host_launch_ns":7506,"host_wait_ns":958236,"cuda_graph_span_ns":963231.981,"event_status":0,"launch_status":0,"completion_status":0}
{"schema":"riley.decode-operator-diagnostic.v1","kind":"operation","capture_id":2,"replay_id":111,"position":141,"operator":"head","launch_status":0,"completion_status":0,"intervals":[{"layer":null,"cuda_span_ns":64511.999,"event_status":0}],"cuda_sum_ns":64511.999}
{"schema":"riley.owned-graph-diagnostic.v1","kind":"read","capture_id":2,"replay_id":111,"host_read_bytes":98344,"host_read_ns":4251}
{"schema":"riley.owned-graph-diagnostic.v1","kind":"replay","capture_id":2,"replay_id":112,"position":142,"host_staging_bytes":98344,"event_setup_ns":414,"host_staging_ns":1525,"host_launch_ns":7623,"host_wait_ns":958548,"cuda_graph_span_ns":963680.029,"event_status":0,"launch_status":0,"completion_status":0}
{"schema":"riley.decode-operator-diagnostic.v1","kind":"operation","capture_id":2,"replay_id":112,"position":142,"operator":"head","launch_status":0,"completion_status":0,"intervals":[{"layer":null,"cuda_span_ns":64511.999,"event_status":0}],"cuda_sum_ns":64511.999}
{"schema":"riley.owned-graph-diagnostic.v1","kind":"read","capture_id":2,"replay_id":112,"host_read_bytes":98344,"host_read_ns":4510}
{"schema":"riley.owned-graph-diagnostic.v1","kind":"replay","capture_id":2,"replay_id":113,"position":143,"host_staging_bytes":98344,"event_setup_ns":402,"host_staging_ns":1516,"host_launch_ns":7056,"host_wait_ns":958255,"cuda_graph_span_ns":962848.008,"event_status":0,"launch_status":0,"completion_status":0}
{"schema":"riley.decode-operator-diagnostic.v1","kind":"operation","capture_id":2,"replay_id":113,"position":143,"operator":"head","launch_status":0,"completion_status":0,"intervals":[{"layer":null,"cuda_span_ns":64511.999,"event_status":0}],"cuda_sum_ns":64511.999}
{"schema":"riley.owned-graph-diagnostic.v1","kind":"read","capture_id":2,"replay_id":113,"host_read_bytes":98344,"host_read_ns":4201}
{"schema":"riley.owned-graph-diagnostic.v1","kind":"replay","capture_id":2,"replay_id":114,"position":144,"host_staging_bytes":98344,"event_setup_ns":387,"host_staging_ns":1516,"host_launch_ns":7367,"host_wait_ns":967208,"cuda_graph_span_ns":972191.989,"event_status":0,"launch_status":0,"completion_status":0}
{"schema":"riley.decode-operator-diagnostic.v1","kind":"operation","capture_id":2,"replay_id":114,"position":144,"operator":"head","launch_status":0,"completion_status":0,"intervals":[{"layer":null,"cuda_span_ns":64511.999,"event_status":0}],"cuda_sum_ns":64511.999}
{"schema":"riley.owned-graph-diagnostic.v1","kind":"read","capture_id":2,"replay_id":114,"host_read_bytes":98344,"host_read_ns":4884}
{"schema":"riley.owned-graph-diagnostic.v1","kind":"replay","capture_id":2,"replay_id":115,"position":145,"host_staging_bytes":98344,"event_setup_ns":392,"host_staging_ns":1565,"host_launch_ns":7532,"host_wait_ns":967353,"cuda_graph_span_ns":972320.020,"event_status":0,"launch_status":0,"completion_status":0}
{"schema":"riley.decode-operator-diagnostic.v1","kind":"operation","capture_id":2,"replay_id":115,"position":145,"operator":"head","launch_status":0,"completion_status":0,"intervals":[{"layer":null,"cuda_span_ns":63487.999,"event_status":0}],"cuda_sum_ns":63487.999}
{"schema":"riley.owned-graph-diagnostic.v1","kind":"read","capture_id":2,"replay_id":115,"host_read_bytes":98344,"host_read_ns":4618}
{"schema":"riley.owned-graph-diagnostic.v1","kind":"replay","capture_id":2,"replay_id":116,"position":146,"host_staging_bytes":98344,"event_setup_ns":310,"host_staging_ns":1462,"host_launch_ns":7973,"host_wait_ns":974789,"cuda_graph_span_ns":980256.021,"event_status":0,"launch_status":0,"completion_status":0}
{"schema":"riley.decode-operator-diagnostic.v1","kind":"operation","capture_id":2,"replay_id":116,"position":146,"operator":"head","launch_status":0,"completion_status":0,"intervals":[{"layer":null,"cuda_span_ns":64511.999,"event_status":0}],"cuda_sum_ns":64511.999}
{"schema":"riley.owned-graph-diagnostic.v1","kind":"read","capture_id":2,"replay_id":116,"host_read_bytes":98344,"host_read_ns":4318}
{"schema":"riley.owned-graph-diagnostic.v1","kind":"replay","capture_id":2,"replay_id":117,"position":147,"host_staging_bytes":98344,"event_setup_ns":569,"host_staging_ns":1505,"host_launch_ns":8033,"host_wait_ns":975562,"cuda_graph_span_ns":980928.004,"event_status":0,"launch_status":0,"completion_status":0}
{"schema":"riley.decode-operator-diagnostic.v1","kind":"operation","capture_id":2,"replay_id":117,"position":147,"operator":"head","launch_status":0,"completion_status":0,"intervals":[{"layer":null,"cuda_span_ns":64511.999,"event_status":0}],"cuda_sum_ns":64511.999}
{"schema":"riley.owned-graph-diagnostic.v1","kind":"read","capture_id":2,"replay_id":117,"host_read_bytes":98344,"host_read_ns":4716}
{"schema":"riley.owned-graph-diagnostic.v1","kind":"replay","capture_id":2,"replay_id":118,"position":148,"host_staging_bytes":98344,"event_setup_ns":583,"host_staging_ns":1491,"host_launch_ns":8429,"host_wait_ns":977229,"cuda_graph_span_ns":982976.019,"event_status":0,"launch_status":0,"completion_status":0}
{"schema":"riley.decode-operator-diagnostic.v1","kind":"operation","capture_id":2,"replay_id":118,"position":148,"operator":"head","launch_status":0,"completion_status":0,"intervals":[{"layer":null,"cuda_span_ns":64511.999,"event_status":0}],"cuda_sum_ns":64511.999}
{"schema":"riley.owned-graph-diagnostic.v1","kind":"read","capture_id":2,"replay_id":118,"host_read_bytes":98344,"host_read_ns":4955}
{"schema":"riley.owned-graph-diagnostic.v1","kind":"replay","capture_id":2,"replay_id":119,"position":149,"host_staging_bytes":98344,"event_setup_ns":575,"host_staging_ns":1508,"host_launch_ns":9130,"host_wait_ns":973794,"cuda_graph_span_ns":980383.992,"event_status":0,"launch_status":0,"completion_status":0}
{"schema":"riley.decode-operator-diagnostic.v1","kind":"operation","capture_id":2,"replay_id":119,"position":149,"operator":"head","launch_status":0,"completion_status":0,"intervals":[{"layer":null,"cuda_span_ns":65536.000,"event_status":0}],"cuda_sum_ns":65536.000}
{"schema":"riley.owned-graph-diagnostic.v1","kind":"read","capture_id":2,"replay_id":119,"host_read_bytes":98344,"host_read_ns":4667}
{"schema":"riley.owned-graph-diagnostic.v1","kind":"replay","capture_id":2,"replay_id":120,"position":150,"host_staging_bytes":98344,"event_setup_ns":609,"host_staging_ns":1521,"host_launch_ns":7785,"host_wait_ns":973983,"cuda_graph_span_ns":978976.011,"event_status":0,"launch_status":0,"completion_status":0}
{"schema":"riley.decode-operator-diagnostic.v1","kind":"operation","capture_id":2,"replay_id":120,"position":150,"operator":"head","launch_status":0,"completion_status":0,"intervals":[{"layer":null,"cuda_span_ns":64511.999,"event_status":0}],"cuda_sum_ns":64511.999}
{"schema":"riley.owned-graph-diagnostic.v1","kind":"read","capture_id":2,"replay_id":120,"host_read_bytes":98344,"host_read_ns":4539}
{"schema":"riley.owned-graph-diagnostic.v1","kind":"replay","capture_id":2,"replay_id":121,"position":151,"host_staging_bytes":98344,"event_setup_ns":466,"host_staging_ns":1514,"host_launch_ns":7672,"host_wait_ns":968178,"cuda_graph_span_ns":973504.007,"event_status":0,"launch_status":0,"completion_status":0}
{"schema":"riley.decode-operator-diagnostic.v1","kind":"operation","capture_id":2,"replay_id":121,"position":151,"operator":"head","launch_status":0,"completion_status":0,"intervals":[{"layer":null,"cuda_span_ns":65536.000,"event_status":0}],"cuda_sum_ns":65536.000}
{"schema":"riley.owned-graph-diagnostic.v1","kind":"read","capture_id":2,"replay_id":121,"host_read_bytes":98344,"host_read_ns":4489}
{"schema":"riley.owned-graph-diagnostic.v1","kind":"replay","capture_id":2,"replay_id":122,"position":152,"host_staging_bytes":98344,"event_setup_ns":480,"host_staging_ns":1569,"host_launch_ns":11372,"host_wait_ns":975711,"cuda_graph_span_ns":980319.977,"event_status":0,"launch_status":0,"completion_status":0}
{"schema":"riley.decode-operator-diagnostic.v1","kind":"operation","capture_id":2,"replay_id":122,"position":152,"operator":"head","launch_status":0,"completion_status":0,"intervals":[{"layer":null,"cuda_span_ns":64511.999,"event_status":0}],"cuda_sum_ns":64511.999}
{"schema":"riley.owned-graph-diagnostic.v1","kind":"read","capture_id":2,"replay_id":122,"host_read_bytes":98344,"host_read_ns":4313}
{"schema":"riley.owned-graph-diagnostic.v1","kind":"replay","capture_id":2,"replay_id":123,"position":153,"host_staging_bytes":98344,"event_setup_ns":438,"host_staging_ns":1547,"host_launch_ns":8350,"host_wait_ns":974062,"cuda_graph_span_ns":980319.977,"event_status":0,"launch_status":0,"completion_status":0}
{"schema":"riley.decode-operator-diagnostic.v1","kind":"operation","capture_id":2,"replay_id":123,"position":153,"operator":"head","launch_status":0,"completion_status":0,"intervals":[{"layer":null,"cuda_span_ns":64511.999,"event_status":0}],"cuda_sum_ns":64511.999}
{"schema":"riley.owned-graph-diagnostic.v1","kind":"read","capture_id":2,"replay_id":123,"host_read_bytes":98344,"host_read_ns":4346}
{"schema":"riley.owned-graph-diagnostic.v1","kind":"replay","capture_id":2,"replay_id":124,"position":154,"host_staging_bytes":98344,"event_setup_ns":391,"host_staging_ns":1568,"host_launch_ns":7319,"host_wait_ns":975489,"cuda_graph_span_ns":980383.992,"event_status":0,"launch_status":0,"completion_status":0}
{"schema":"riley.decode-operator-diagnostic.v1","kind":"operation","capture_id":2,"replay_id":124,"position":154,"operator":"head","launch_status":0,"completion_status":0,"intervals":[{"layer":null,"cuda_span_ns":64511.999,"event_status":0}],"cuda_sum_ns":64511.999}
{"schema":"riley.owned-graph-diagnostic.v1","kind":"read","capture_id":2,"replay_id":124,"host_read_bytes":98344,"host_read_ns":4187}
{"schema":"riley.owned-graph-diagnostic.v1","kind":"replay","capture_id":2,"replay_id":125,"position":155,"host_staging_bytes":98344,"event_setup_ns":443,"host_staging_ns":1553,"host_launch_ns":7615,"host_wait_ns":975245,"cuda_graph_span_ns":979776.025,"event_status":0,"launch_status":0,"completion_status":0}
{"schema":"riley.decode-operator-diagnostic.v1","kind":"operation","capture_id":2,"replay_id":125,"position":155,"operator":"head","launch_status":0,"completion_status":0,"intervals":[{"layer":null,"cuda_span_ns":64511.999,"event_status":0}],"cuda_sum_ns":64511.999}
{"schema":"riley.owned-graph-diagnostic.v1","kind":"read","capture_id":2,"replay_id":125,"host_read_bytes":98344,"host_read_ns":4735}
{"schema":"riley.owned-graph-diagnostic.v1","kind":"replay","capture_id":2,"replay_id":126,"position":156,"host_staging_bytes":98344,"event_setup_ns":350,"host_staging_ns":1545,"host_launch_ns":7361,"host_wait_ns":975298,"cuda_graph_span_ns":980095.983,"event_status":0,"launch_status":0,"completion_status":0}
{"schema":"riley.decode-operator-diagnostic.v1","kind":"operation","capture_id":2,"replay_id":126,"position":156,"operator":"head","launch_status":0,"completion_status":0,"intervals":[{"layer":null,"cuda_span_ns":64511.999,"event_status":0}],"cuda_sum_ns":64511.999}
{"schema":"riley.owned-graph-diagnostic.v1","kind":"read","capture_id":2,"replay_id":126,"host_read_bytes":98344,"host_read_ns":4776}
{"schema":"riley.owned-graph-diagnostic.v1","kind":"replay","capture_id":2,"replay_id":127,"position":157,"host_staging_bytes":98344,"event_setup_ns":392,"host_staging_ns":1561,"host_launch_ns":7255,"host_wait_ns":973831,"cuda_graph_span_ns":978559.971,"event_status":0,"launch_status":0,"completion_status":0}
{"schema":"riley.decode-operator-diagnostic.v1","kind":"operation","capture_id":2,"replay_id":127,"position":157,"operator":"head","launch_status":0,"completion_status":0,"intervals":[{"layer":null,"cuda_span_ns":64511.999,"event_status":0}],"cuda_sum_ns":64511.999}
{"schema":"riley.owned-graph-diagnostic.v1","kind":"read","capture_id":2,"replay_id":127,"host_read_bytes":98344,"host_read_ns":4600}
{"schema":"riley.owned-graph-diagnostic.v1","kind":"replay","capture_id":2,"replay_id":128,"position":158,"host_staging_bytes":98344,"event_setup_ns":420,"host_staging_ns":1558,"host_launch_ns":8321,"host_wait_ns":973868,"cuda_graph_span_ns":979712.009,"event_status":0,"launch_status":0,"completion_status":0}
{"schema":"riley.decode-operator-diagnostic.v1","kind":"operation","capture_id":2,"replay_id":128,"position":158,"operator":"head","launch_status":0,"completion_status":0,"intervals":[{"layer":null,"cuda_span_ns":64511.999,"event_status":0}],"cuda_sum_ns":64511.999}
{"schema":"riley.owned-graph-diagnostic.v1","kind":"read","capture_id":2,"replay_id":128,"host_read_bytes":98344,"host_read_ns":4238}
{"schema":"riley.owned-graph-diagnostic.v1","kind":"replay","capture_id":1,"replay_id":129,"position":127,"host_staging_bytes":98344,"event_setup_ns":2877,"host_staging_ns":2181,"host_launch_ns":15093,"host_wait_ns":4774395,"cuda_graph_span_ns":4787072.182,"event_status":0,"launch_status":0,"completion_status":0}
{"schema":"riley.owned-graph-diagnostic.v1","kind":"read","capture_id":1,"replay_id":129,"host_read_bytes":98344,"host_read_ns":5642}
{"schema":"riley.owned-graph-diagnostic.v1","kind":"replay","capture_id":2,"replay_id":130,"position":128,"host_staging_bytes":98344,"event_setup_ns":541,"host_staging_ns":1663,"host_launch_ns":9688,"host_wait_ns":1009198,"cuda_graph_span_ns":1016000.032,"event_status":0,"launch_status":0,"completion_status":0}
{"schema":"riley.decode-operator-diagnostic.v1","kind":"operation","capture_id":2,"replay_id":130,"position":128,"operator":"head","launch_status":0,"completion_status":0,"intervals":[{"layer":null,"cuda_span_ns":65536.000,"event_status":0}],"cuda_sum_ns":65536.000}
{"schema":"riley.owned-graph-diagnostic.v1","kind":"read","capture_id":2,"replay_id":130,"host_read_bytes":98344,"host_read_ns":4547}
{"schema":"riley.owned-graph-diagnostic.v1","kind":"replay","capture_id":2,"replay_id":131,"position":129,"host_staging_bytes":98344,"event_setup_ns":504,"host_staging_ns":1562,"host_launch_ns":7276,"host_wait_ns":958570,"cuda_graph_span_ns":963360.012,"event_status":0,"launch_status":0,"completion_status":0}
{"schema":"riley.decode-operator-diagnostic.v1","kind":"operation","capture_id":2,"replay_id":131,"position":129,"operator":"head","launch_status":0,"completion_status":0,"intervals":[{"layer":null,"cuda_span_ns":64511.999,"event_status":0}],"cuda_sum_ns":64511.999}
{"schema":"riley.owned-graph-diagnostic.v1","kind":"read","capture_id":2,"replay_id":131,"host_read_bytes":98344,"host_read_ns":4513}
{"schema":"riley.owned-graph-diagnostic.v1","kind":"replay","capture_id":2,"replay_id":132,"position":130,"host_staging_bytes":98344,"event_setup_ns":397,"host_staging_ns":1542,"host_launch_ns":6717,"host_wait_ns":959457,"cuda_graph_span_ns":963648.021,"event_status":0,"launch_status":0,"completion_status":0}
{"schema":"riley.decode-operator-diagnostic.v1","kind":"operation","capture_id":2,"replay_id":132,"position":130,"operator":"head","launch_status":0,"completion_status":0,"intervals":[{"layer":null,"cuda_span_ns":64511.999,"event_status":0}],"cuda_sum_ns":64511.999}
{"schema":"riley.owned-graph-diagnostic.v1","kind":"read","capture_id":2,"replay_id":132,"host_read_bytes":98344,"host_read_ns":4526}
{"schema":"riley.owned-graph-diagnostic.v1","kind":"replay","capture_id":2,"replay_id":133,"position":131,"host_staging_bytes":98344,"event_setup_ns":394,"host_staging_ns":1559,"host_launch_ns":7202,"host_wait_ns":958532,"cuda_graph_span_ns":963007.987,"event_status":0,"launch_status":0,"completion_status":0}
{"schema":"riley.decode-operator-diagnostic.v1","kind":"operation","capture_id":2,"replay_id":133,"position":131,"operator":"head","launch_status":0,"completion_status":0,"intervals":[{"layer":null,"cuda_span_ns":64511.999,"event_status":0}],"cuda_sum_ns":64511.999}
{"schema":"riley.owned-graph-diagnostic.v1","kind":"read","capture_id":2,"replay_id":133,"host_read_bytes":98344,"host_read_ns":4395}
{"schema":"riley.owned-graph-diagnostic.v1","kind":"replay","capture_id":2,"replay_id":134,"position":132,"host_staging_bytes":98344,"event_setup_ns":336,"host_staging_ns":1550,"host_launch_ns":6729,"host_wait_ns":958271,"cuda_graph_span_ns":962559.998,"event_status":0,"launch_status":0,"completion_status":0}
{"schema":"riley.decode-operator-diagnostic.v1","kind":"operation","capture_id":2,"replay_id":134,"position":132,"operator":"head","launch_status":0,"completion_status":0,"intervals":[{"layer":null,"cuda_span_ns":65536.000,"event_status":0}],"cuda_sum_ns":65536.000}
{"schema":"riley.owned-graph-diagnostic.v1","kind":"read","capture_id":2,"replay_id":134,"host_read_bytes":98344,"host_read_ns":4995}
{"schema":"riley.owned-graph-diagnostic.v1","kind":"replay","capture_id":2,"replay_id":135,"position":133,"host_staging_bytes":98344,"event_setup_ns":375,"host_staging_ns":1550,"host_launch_ns":6954,"host_wait_ns":958999,"cuda_graph_span_ns":963616.014,"event_status":0,"launch_status":0,"completion_status":0}
{"schema":"riley.decode-operator-diagnostic.v1","kind":"operation","capture_id":2,"replay_id":135,"position":133,"operator":"head","launch_status":0,"completion_status":0,"intervals":[{"layer":null,"cuda_span_ns":64511.999,"event_status":0}],"cuda_sum_ns":64511.999}
{"schema":"riley.owned-graph-diagnostic.v1","kind":"read","capture_id":2,"replay_id":135,"host_read_bytes":98344,"host_read_ns":4551}
{"schema":"riley.owned-graph-diagnostic.v1","kind":"replay","capture_id":2,"replay_id":136,"position":134,"host_staging_bytes":98344,"event_setup_ns":324,"host_staging_ns":1558,"host_launch_ns":7127,"host_wait_ns":958611,"cuda_graph_span_ns":963360.012,"event_status":0,"launch_status":0,"completion_status":0}
{"schema":"riley.decode-operator-diagnostic.v1","kind":"operation","capture_id":2,"replay_id":136,"position":134,"operator":"head","launch_status":0,"completion_status":0,"intervals":[{"layer":null,"cuda_span_ns":64511.999,"event_status":0}],"cuda_sum_ns":64511.999}
{"schema":"riley.owned-graph-diagnostic.v1","kind":"read","capture_id":2,"replay_id":136,"host_read_bytes":98344,"host_read_ns":4525}
{"schema":"riley.owned-graph-diagnostic.v1","kind":"replay","capture_id":2,"replay_id":137,"position":135,"host_staging_bytes":98344,"event_setup_ns":317,"host_staging_ns":1547,"host_launch_ns":6726,"host_wait_ns":959046,"cuda_graph_span_ns":963007.987,"event_status":0,"launch_status":0,"completion_status":0}
{"schema":"riley.decode-operator-diagnostic.v1","kind":"operation","capture_id":2,"replay_id":137,"position":135,"operator":"head","launch_status":0,"completion_status":0,"intervals":[{"layer":null,"cuda_span_ns":64511.999,"event_status":0}],"cuda_sum_ns":64511.999}
{"schema":"riley.owned-graph-diagnostic.v1","kind":"read","capture_id":2,"replay_id":137,"host_read_bytes":98344,"host_read_ns":4737}
{"schema":"riley.owned-graph-diagnostic.v1","kind":"replay","capture_id":2,"replay_id":138,"position":136,"host_staging_bytes":98344,"event_setup_ns":355,"host_staging_ns":1561,"host_launch_ns":6833,"host_wait_ns":959165,"cuda_graph_span_ns":963584.006,"event_status":0,"launch_status":0,"completion_status":0}
{"schema":"riley.decode-operator-diagnostic.v1","kind":"operation","capture_id":2,"replay_id":138,"position":136,"operator":"head","launch_status":0,"completion_status":0,"intervals":[{"layer":null,"cuda_span_ns":64511.999,"event_status":0}],"cuda_sum_ns":64511.999}
{"schema":"riley.owned-graph-diagnostic.v1","kind":"read","capture_id":2,"replay_id":138,"host_read_bytes":98344,"host_read_ns":4530}
{"schema":"riley.owned-graph-diagnostic.v1","kind":"replay","capture_id":2,"replay_id":139,"position":137,"host_staging_bytes":98344,"event_setup_ns":338,"host_staging_ns":1545,"host_launch_ns":6987,"host_wait_ns":959513,"cuda_graph_span_ns":963999.987,"event_status":0,"launch_status":0,"completion_status":0}
{"schema":"riley.decode-operator-diagnostic.v1","kind":"operation","capture_id":2,"replay_id":139,"position":137,"operator":"head","launch_status":0,"completion_status":0,"intervals":[{"layer":null,"cuda_span_ns":64511.999,"event_status":0}],"cuda_sum_ns":64511.999}
{"schema":"riley.owned-graph-diagnostic.v1","kind":"read","capture_id":2,"replay_id":139,"host_read_bytes":98344,"host_read_ns":3952}
{"schema":"riley.owned-graph-diagnostic.v1","kind":"replay","capture_id":2,"replay_id":140,"position":138,"host_staging_bytes":98344,"event_setup_ns":389,"host_staging_ns":1549,"host_launch_ns":6904,"host_wait_ns":959670,"cuda_graph_span_ns":964191.973,"event_status":0,"launch_status":0,"completion_status":0}
{"schema":"riley.decode-operator-diagnostic.v1","kind":"operation","capture_id":2,"replay_id":140,"position":138,"operator":"head","launch_status":0,"completion_status":0,"intervals":[{"layer":null,"cuda_span_ns":64511.999,"event_status":0}],"cuda_sum_ns":64511.999}
{"schema":"riley.owned-graph-diagnostic.v1","kind":"read","capture_id":2,"replay_id":140,"host_read_bytes":98344,"host_read_ns":4055}
{"schema":"riley.owned-graph-diagnostic.v1","kind":"replay","capture_id":2,"replay_id":141,"position":139,"host_staging_bytes":98344,"event_setup_ns":414,"host_staging_ns":1562,"host_launch_ns":7017,"host_wait_ns":957909,"cuda_graph_span_ns":962080.002,"event_status":0,"launch_status":0,"completion_status":0}
{"schema":"riley.decode-operator-diagnostic.v1","kind":"operation","capture_id":2,"replay_id":141,"position":139,"operator":"head","launch_status":0,"completion_status":0,"intervals":[{"layer":null,"cuda_span_ns":64511.999,"event_status":0}],"cuda_sum_ns":64511.999}
{"schema":"riley.owned-graph-diagnostic.v1","kind":"read","capture_id":2,"replay_id":141,"host_read_bytes":98344,"host_read_ns":4179}
{"schema":"riley.owned-graph-diagnostic.v1","kind":"replay","capture_id":2,"replay_id":142,"position":140,"host_staging_bytes":98344,"event_setup_ns":320,"host_staging_ns":1518,"host_launch_ns":6953,"host_wait_ns":958174,"cuda_graph_span_ns":962688.029,"event_status":0,"launch_status":0,"completion_status":0}
{"schema":"riley.decode-operator-diagnostic.v1","kind":"operation","capture_id":2,"replay_id":142,"position":140,"operator":"head","launch_status":0,"completion_status":0,"intervals":[{"layer":null,"cuda_span_ns":64511.999,"event_status":0}],"cuda_sum_ns":64511.999}
{"schema":"riley.owned-graph-diagnostic.v1","kind":"read","capture_id":2,"replay_id":142,"host_read_bytes":98344,"host_read_ns":4300}
{"schema":"riley.owned-graph-diagnostic.v1","kind":"replay","capture_id":2,"replay_id":143,"position":141,"host_staging_bytes":98344,"event_setup_ns":348,"host_staging_ns":1563,"host_launch_ns":6754,"host_wait_ns":958016,"cuda_graph_span_ns":962400.019,"event_status":0,"launch_status":0,"completion_status":0}
{"schema":"riley.decode-operator-diagnostic.v1","kind":"operation","capture_id":2,"replay_id":143,"position":141,"operator":"head","launch_status":0,"completion_status":0,"intervals":[{"layer":null,"cuda_span_ns":64511.999,"event_status":0}],"cuda_sum_ns":64511.999}
{"schema":"riley.owned-graph-diagnostic.v1","kind":"read","capture_id":2,"replay_id":143,"host_read_bytes":98344,"host_read_ns":4337}
{"schema":"riley.owned-graph-diagnostic.v1","kind":"replay","capture_id":2,"replay_id":144,"position":142,"host_staging_bytes":98344,"event_setup_ns":382,"host_staging_ns":1562,"host_launch_ns":7139,"host_wait_ns":958440,"cuda_graph_span_ns":963136.017,"event_status":0,"launch_status":0,"completion_status":0}
{"schema":"riley.decode-operator-diagnostic.v1","kind":"operation","capture_id":2,"replay_id":144,"position":142,"operator":"head","launch_status":0,"completion_status":0,"intervals":[{"layer":null,"cuda_span_ns":65536.000,"event_status":0}],"cuda_sum_ns":65536.000}
{"schema":"riley.owned-graph-diagnostic.v1","kind":"read","capture_id":2,"replay_id":144,"host_read_bytes":98344,"host_read_ns":4605}
{"schema":"riley.owned-graph-diagnostic.v1","kind":"replay","capture_id":2,"replay_id":145,"position":143,"host_staging_bytes":98344,"event_setup_ns":400,"host_staging_ns":1565,"host_launch_ns":7053,"host_wait_ns":958407,"cuda_graph_span_ns":962848.008,"event_status":0,"launch_status":0,"completion_status":0}
{"schema":"riley.decode-operator-diagnostic.v1","kind":"operation","capture_id":2,"replay_id":145,"position":143,"operator":"head","launch_status":0,"completion_status":0,"intervals":[{"layer":null,"cuda_span_ns":65536.000,"event_status":0}],"cuda_sum_ns":65536.000}
{"schema":"riley.owned-graph-diagnostic.v1","kind":"read","capture_id":2,"replay_id":145,"host_read_bytes":98344,"host_read_ns":3866}
{"schema":"riley.owned-graph-diagnostic.v1","kind":"replay","capture_id":2,"replay_id":146,"position":144,"host_staging_bytes":98344,"event_setup_ns":566,"host_staging_ns":1547,"host_launch_ns":7150,"host_wait_ns":966960,"cuda_graph_span_ns":971647.978,"event_status":0,"launch_status":0,"completion_status":0}
{"schema":"riley.decode-operator-diagnostic.v1","kind":"operation","capture_id":2,"replay_id":146,"position":144,"operator":"head","launch_status":0,"completion_status":0,"intervals":[{"layer":null,"cuda_span_ns":64511.999,"event_status":0}],"cuda_sum_ns":64511.999}
{"schema":"riley.owned-graph-diagnostic.v1","kind":"read","capture_id":2,"replay_id":146,"host_read_bytes":98344,"host_read_ns":4738}
{"schema":"riley.owned-graph-diagnostic.v1","kind":"replay","capture_id":2,"replay_id":147,"position":145,"host_staging_bytes":98344,"event_setup_ns":419,"host_staging_ns":1545,"host_launch_ns":7321,"host_wait_ns":974224,"cuda_graph_span_ns":978911.996,"event_status":0,"launch_status":0,"completion_status":0}
{"schema":"riley.decode-operator-diagnostic.v1","kind":"operation","capture_id":2,"replay_id":147,"position":145,"operator":"head","launch_status":0,"completion_status":0,"intervals":[{"layer":null,"cuda_span_ns":64511.999,"event_status":0}],"cuda_sum_ns":64511.999}
{"schema":"riley.owned-graph-diagnostic.v1","kind":"read","capture_id":2,"replay_id":147,"host_read_bytes":98344,"host_read_ns":4783}
{"schema":"riley.owned-graph-diagnostic.v1","kind":"replay","capture_id":2,"replay_id":148,"position":146,"host_staging_bytes":98344,"event_setup_ns":497,"host_staging_ns":1560,"host_launch_ns":7325,"host_wait_ns":975501,"cuda_graph_span_ns":980256.021,"event_status":0,"launch_status":0,"completion_status":0}
{"schema":"riley.decode-operator-diagnostic.v1","kind":"operation","capture_id":2,"replay_id":148,"position":146,"operator":"head","launch_status":0,"completion_status":0,"intervals":[{"layer":null,"cuda_span_ns":63487.999,"event_status":0}],"cuda_sum_ns":63487.999}
{"schema":"riley.owned-graph-diagnostic.v1","kind":"read","capture_id":2,"replay_id":148,"host_read_bytes":98344,"host_read_ns":4525}
{"schema":"riley.owned-graph-diagnostic.v1","kind":"replay","capture_id":2,"replay_id":149,"position":147,"host_staging_bytes":98344,"event_setup_ns":391,"host_staging_ns":1547,"host_launch_ns":10305,"host_wait_ns":973968,"cuda_graph_span_ns":981664.002,"event_status":0,"launch_status":0,"completion_status":0}
{"schema":"riley.decode-operator-diagnostic.v1","kind":"operation","capture_id":2,"replay_id":149,"position":147,"operator":"head","launch_status":0,"completion_status":0,"intervals":[{"layer":null,"cuda_span_ns":64511.999,"event_status":0}],"cuda_sum_ns":64511.999}
{"schema":"riley.owned-graph-diagnostic.v1","kind":"read","capture_id":2,"replay_id":149,"host_read_bytes":98344,"host_read_ns":4662}
{"schema":"riley.owned-graph-diagnostic.v1","kind":"replay","capture_id":2,"replay_id":150,"position":148,"host_staging_bytes":98344,"event_setup_ns":479,"host_staging_ns":1480,"host_launch_ns":8347,"host_wait_ns":975496,"cuda_graph_span_ns":981280.029,"event_status":0,"launch_status":0,"completion_status":0}
{"schema":"riley.decode-operator-diagnostic.v1","kind":"operation","capture_id":2,"replay_id":150,"position":148,"operator":"head","launch_status":0,"completion_status":0,"intervals":[{"layer":null,"cuda_span_ns":64511.999,"event_status":0}],"cuda_sum_ns":64511.999}
{"schema":"riley.owned-graph-diagnostic.v1","kind":"read","capture_id":2,"replay_id":150,"host_read_bytes":98344,"host_read_ns":4578}
{"schema":"riley.owned-graph-diagnostic.v1","kind":"replay","capture_id":2,"replay_id":151,"position":149,"host_staging_bytes":98344,"event_setup_ns":550,"host_staging_ns":1481,"host_launch_ns":7063,"host_wait_ns":974557,"cuda_graph_span_ns":979167.998,"event_status":0,"launch_status":0,"completion_status":0}
{"schema":"riley.decode-operator-diagnostic.v1","kind":"operation","capture_id":2,"replay_id":151,"position":149,"operator":"head","launch_status":0,"completion_status":0,"intervals":[{"layer":null,"cuda_span_ns":64511.999,"event_status":0}],"cuda_sum_ns":64511.999}
{"schema":"riley.owned-graph-diagnostic.v1","kind":"read","capture_id":2,"replay_id":151,"host_read_bytes":98344,"host_read_ns":4239}
{"schema":"riley.owned-graph-diagnostic.v1","kind":"replay","capture_id":2,"replay_id":152,"position":150,"host_staging_bytes":98344,"event_setup_ns":375,"host_staging_ns":1480,"host_launch_ns":7906,"host_wait_ns":977201,"cuda_graph_span_ns":982432.008,"event_status":0,"launch_status":0,"completion_status":0}
{"schema":"riley.decode-operator-diagnostic.v1","kind":"operation","capture_id":2,"replay_id":152,"position":150,"operator":"head","launch_status":0,"completion_status":0,"intervals":[{"layer":null,"cuda_span_ns":64511.999,"event_status":0}],"cuda_sum_ns":64511.999}
{"schema":"riley.owned-graph-diagnostic.v1","kind":"read","capture_id":2,"replay_id":152,"host_read_bytes":98344,"host_read_ns":4152}
{"schema":"riley.owned-graph-diagnostic.v1","kind":"replay","capture_id":2,"replay_id":153,"position":151,"host_staging_bytes":98344,"event_setup_ns":620,"host_staging_ns":1482,"host_launch_ns":7372,"host_wait_ns":975494,"cuda_graph_span_ns":980095.983,"event_status":0,"launch_status":0,"completion_status":0}
{"schema":"riley.decode-operator-diagnostic.v1","kind":"operation","capture_id":2,"replay_id":153,"position":151,"operator":"head","launch_status":0,"completion_status":0,"intervals":[{"layer":null,"cuda_span_ns":64511.999,"event_status":0}],"cuda_sum_ns":64511.999}
{"schema":"riley.owned-graph-diagnostic.v1","kind":"read","capture_id":2,"replay_id":153,"host_read_bytes":98344,"host_read_ns":4265}
{"schema":"riley.owned-graph-diagnostic.v1","kind":"replay","capture_id":2,"replay_id":154,"position":152,"host_staging_bytes":98344,"event_setup_ns":359,"host_staging_ns":1492,"host_launch_ns":7201,"host_wait_ns":974082,"cuda_graph_span_ns":978847.980,"event_status":0,"launch_status":0,"completion_status":0}
{"schema":"riley.decode-operator-diagnostic.v1","kind":"operation","capture_id":2,"replay_id":154,"position":152,"operator":"head","launch_status":0,"completion_status":0,"intervals":[{"layer":null,"cuda_span_ns":64511.999,"event_status":0}],"cuda_sum_ns":64511.999}
{"schema":"riley.owned-graph-diagnostic.v1","kind":"read","capture_id":2,"replay_id":154,"host_read_bytes":98344,"host_read_ns":4332}
{"schema":"riley.owned-graph-diagnostic.v1","kind":"replay","capture_id":2,"replay_id":155,"position":153,"host_staging_bytes":98344,"event_setup_ns":600,"host_staging_ns":1516,"host_launch_ns":6858,"host_wait_ns":974860,"cuda_graph_span_ns":979071.975,"event_status":0,"launch_status":0,"completion_status":0}
{"schema":"riley.decode-operator-diagnostic.v1","kind":"operation","capture_id":2,"replay_id":155,"position":153,"operator":"head","launch_status":0,"completion_status":0,"intervals":[{"layer":null,"cuda_span_ns":63487.999,"event_status":0}],"cuda_sum_ns":63487.999}
{"schema":"riley.owned-graph-diagnostic.v1","kind":"read","capture_id":2,"replay_id":155,"host_read_bytes":98344,"host_read_ns":4356}
{"schema":"riley.owned-graph-diagnostic.v1","kind":"replay","capture_id":2,"replay_id":156,"position":154,"host_staging_bytes":98344,"event_setup_ns":412,"host_staging_ns":1539,"host_launch_ns":7151,"host_wait_ns":974647,"cuda_graph_span_ns":979359.984,"event_status":0,"launch_status":0,"completion_status":0}
{"schema":"riley.decode-operator-diagnostic.v1","kind":"operation","capture_id":2,"replay_id":156,"position":154,"operator":"head","launch_status":0,"completion_status":0,"intervals":[{"layer":null,"cuda_span_ns":64511.999,"event_status":0}],"cuda_sum_ns":64511.999}
{"schema":"riley.owned-graph-diagnostic.v1","kind":"read","capture_id":2,"replay_id":156,"host_read_bytes":98344,"host_read_ns":4702}
{"schema":"riley.owned-graph-diagnostic.v1","kind":"replay","capture_id":2,"replay_id":157,"position":155,"host_staging_bytes":98344,"event_setup_ns":467,"host_staging_ns":1550,"host_launch_ns":7301,"host_wait_ns":975387,"cuda_graph_span_ns":979903.996,"event_status":0,"launch_status":0,"completion_status":0}
{"schema":"riley.decode-operator-diagnostic.v1","kind":"operation","capture_id":2,"replay_id":157,"position":155,"operator":"head","launch_status":0,"completion_status":0,"intervals":[{"layer":null,"cuda_span_ns":64511.999,"event_status":0}],"cuda_sum_ns":64511.999}
{"schema":"riley.owned-graph-diagnostic.v1","kind":"read","capture_id":2,"replay_id":157,"host_read_bytes":98344,"host_read_ns":4568}
{"schema":"riley.owned-graph-diagnostic.v1","kind":"replay","capture_id":2,"replay_id":158,"position":156,"host_staging_bytes":98344,"event_setup_ns":328,"host_staging_ns":1564,"host_launch_ns":6690,"host_wait_ns":974287,"cuda_graph_span_ns":978304.029,"event_status":0,"launch_status":0,"completion_status":0}
{"schema":"riley.decode-operator-diagnostic.v1","kind":"operation","capture_id":2,"replay_id":158,"position":156,"operator":"head","launch_status":0,"completion_status":0,"intervals":[{"layer":null,"cuda_span_ns":64511.999,"event_status":0}],"cuda_sum_ns":64511.999}
{"schema":"riley.owned-graph-diagnostic.v1","kind":"read","capture_id":2,"replay_id":158,"host_read_bytes":98344,"host_read_ns":4334}
{"schema":"riley.owned-graph-diagnostic.v1","kind":"replay","capture_id":2,"replay_id":159,"position":157,"host_staging_bytes":98344,"event_setup_ns":344,"host_staging_ns":1532,"host_launch_ns":7188,"host_wait_ns":975335,"cuda_graph_span_ns":980095.983,"event_status":0,"launch_status":0,"completion_status":0}
{"schema":"riley.decode-operator-diagnostic.v1","kind":"operation","capture_id":2,"replay_id":159,"position":157,"operator":"head","launch_status":0,"completion_status":0,"intervals":[{"layer":null,"cuda_span_ns":64511.999,"event_status":0}],"cuda_sum_ns":64511.999}
{"schema":"riley.owned-graph-diagnostic.v1","kind":"read","capture_id":2,"replay_id":159,"host_read_bytes":98344,"host_read_ns":4103}
{"schema":"riley.owned-graph-diagnostic.v1","kind":"replay","capture_id":2,"replay_id":160,"position":158,"host_staging_bytes":98344,"event_setup_ns":328,"host_staging_ns":1481,"host_launch_ns":7267,"host_wait_ns":975151,"cuda_graph_span_ns":980000.019,"event_status":0,"launch_status":0,"completion_status":0}
{"schema":"riley.decode-operator-diagnostic.v1","kind":"operation","capture_id":2,"replay_id":160,"position":158,"operator":"head","launch_status":0,"completion_status":0,"intervals":[{"layer":null,"cuda_span_ns":64511.999,"event_status":0}],"cuda_sum_ns":64511.999}
{"schema":"riley.owned-graph-diagnostic.v1","kind":"read","capture_id":2,"replay_id":160,"host_read_bytes":98344,"host_read_ns":4859}
{"schema":"riley.owned-graph-diagnostic.v1","kind":"replay","capture_id":1,"replay_id":161,"position":127,"host_staging_bytes":98344,"event_setup_ns":3267,"host_staging_ns":1989,"host_launch_ns":13595,"host_wait_ns":4782813,"cuda_graph_span_ns":4793568.134,"event_status":0,"launch_status":0,"completion_status":0}
{"schema":"riley.owned-graph-diagnostic.v1","kind":"read","capture_id":1,"replay_id":161,"host_read_bytes":98344,"host_read_ns":6080}
{"schema":"riley.owned-graph-diagnostic.v1","kind":"replay","capture_id":2,"replay_id":162,"position":128,"host_staging_bytes":98344,"event_setup_ns":910,"host_staging_ns":1793,"host_launch_ns":11324,"host_wait_ns":1007985,"cuda_graph_span_ns":1016479.969,"event_status":0,"launch_status":0,"completion_status":0}
{"schema":"riley.decode-operator-diagnostic.v1","kind":"operation","capture_id":2,"replay_id":162,"position":128,"operator":"head","launch_status":0,"completion_status":0,"intervals":[{"layer":null,"cuda_span_ns":64511.999,"event_status":0}],"cuda_sum_ns":64511.999}
{"schema":"riley.owned-graph-diagnostic.v1","kind":"read","capture_id":2,"replay_id":162,"host_read_bytes":98344,"host_read_ns":5074}
{"schema":"riley.owned-graph-diagnostic.v1","kind":"replay","capture_id":2,"replay_id":163,"position":129,"host_staging_bytes":98344,"event_setup_ns":538,"host_staging_ns":1533,"host_launch_ns":7252,"host_wait_ns":958522,"cuda_graph_span_ns":963295.996,"event_status":0,"launch_status":0,"completion_status":0}
{"schema":"riley.decode-operator-diagnostic.v1","kind":"operation","capture_id":2,"replay_id":163,"position":129,"operator":"head","launch_status":0,"completion_status":0,"intervals":[{"layer":null,"cuda_span_ns":65536.000,"event_status":0}],"cuda_sum_ns":65536.000}
{"schema":"riley.owned-graph-diagnostic.v1","kind":"read","capture_id":2,"replay_id":163,"host_read_bytes":98344,"host_read_ns":4568}
{"schema":"riley.owned-graph-diagnostic.v1","kind":"replay","capture_id":2,"replay_id":164,"position":130,"host_staging_bytes":98344,"event_setup_ns":366,"host_staging_ns":1520,"host_launch_ns":6851,"host_wait_ns":957602,"cuda_graph_span_ns":961824.000,"event_status":0,"launch_status":0,"completion_status":0}
{"schema":"riley.decode-operator-diagnostic.v1","kind":"operation","capture_id":2,"replay_id":164,"position":130,"operator":"head","launch_status":0,"completion_status":0,"intervals":[{"layer":null,"cuda_span_ns":64511.999,"event_status":0}],"cuda_sum_ns":64511.999}
{"schema":"riley.owned-graph-diagnostic.v1","kind":"read","capture_id":2,"replay_id":164,"host_read_bytes":98344,"host_read_ns":4684}
{"schema":"riley.owned-graph-diagnostic.v1","kind":"replay","capture_id":2,"replay_id":165,"position":131,"host_staging_bytes":98344,"event_setup_ns":378,"host_staging_ns":1526,"host_launch_ns":6850,"host_wait_ns":958862,"cuda_graph_span_ns":962943.971,"event_status":0,"launch_status":0,"completion_status":0}
{"schema":"riley.decode-operator-diagnostic.v1","kind":"operation","capture_id":2,"replay_id":165,"position":131,"operator":"head","launch_status":0,"completion_status":0,"intervals":[{"layer":null,"cuda_span_ns":64511.999,"event_status":0}],"cuda_sum_ns":64511.999}
{"schema":"riley.owned-graph-diagnostic.v1","kind":"read","capture_id":2,"replay_id":165,"host_read_bytes":98344,"host_read_ns":4591}
{"schema":"riley.owned-graph-diagnostic.v1","kind":"replay","capture_id":2,"replay_id":166,"position":132,"host_staging_bytes":98344,"event_setup_ns":440,"host_staging_ns":1523,"host_launch_ns":6676,"host_wait_ns":958462,"cuda_graph_span_ns":962688.029,"event_status":0,"launch_status":0,"completion_status":0}
{"schema":"riley.decode-operator-diagnostic.v1","kind":"operation","capture_id":2,"replay_id":166,"position":132,"operator":"head","launch_status":0,"completion_status":0,"intervals":[{"layer":null,"cuda_span_ns":64511.999,"event_status":0}],"cuda_sum_ns":64511.999}
{"schema":"riley.owned-graph-diagnostic.v1","kind":"read","capture_id":2,"replay_id":166,"host_read_bytes":98344,"host_read_ns":5108}
{"schema":"riley.owned-graph-diagnostic.v1","kind":"replay","capture_id":2,"replay_id":167,"position":133,"host_staging_bytes":98344,"event_setup_ns":380,"host_staging_ns":1521,"host_launch_ns":7010,"host_wait_ns":959803,"cuda_graph_span_ns":964447.975,"event_status":0,"launch_status":0,"completion_status":0}
{"schema":"riley.decode-operator-diagnostic.v1","kind":"operation","capture_id":2,"replay_id":167,"position":133,"operator":"head","launch_status":0,"completion_status":0,"intervals":[{"layer":null,"cuda_span_ns":64511.999,"event_status":0}],"cuda_sum_ns":64511.999}
{"schema":"riley.owned-graph-diagnostic.v1","kind":"read","capture_id":2,"replay_id":167,"host_read_bytes":98344,"host_read_ns":4876}
{"schema":"riley.owned-graph-diagnostic.v1","kind":"replay","capture_id":2,"replay_id":168,"position":134,"host_staging_bytes":98344,"event_setup_ns":543,"host_staging_ns":1523,"host_launch_ns":7197,"host_wait_ns":959317,"cuda_graph_span_ns":963808.000,"event_status":0,"launch_status":0,"completion_status":0}
{"schema":"riley.decode-operator-diagnostic.v1","kind":"operation","capture_id":2,"replay_id":168,"position":134,"operator":"head","launch_status":0,"completion_status":0,"intervals":[{"layer":null,"cuda_span_ns":64511.999,"event_status":0}],"cuda_sum_ns":64511.999}
{"schema":"riley.owned-graph-diagnostic.v1","kind":"read","capture_id":2,"replay_id":168,"host_read_bytes":98344,"host_read_ns":4181}
{"schema":"riley.owned-graph-diagnostic.v1","kind":"replay","capture_id":2,"replay_id":169,"position":135,"host_staging_bytes":98344,"event_setup_ns":472,"host_staging_ns":1535,"host_launch_ns":6663,"host_wait_ns":959094,"cuda_graph_span_ns":963199.973,"event_status":0,"launch_status":0,"completion_status":0}
{"schema":"riley.decode-operator-diagnostic.v1","kind":"operation","capture_id":2,"replay_id":169,"position":135,"operator":"head","launch_status":0,"completion_status":0,"intervals":[{"layer":null,"cuda_span_ns":64511.999,"event_status":0}],"cuda_sum_ns":64511.999}
{"schema":"riley.owned-graph-diagnostic.v1","kind":"read","capture_id":2,"replay_id":169,"host_read_bytes":98344,"host_read_ns":4261}
{"schema":"riley.owned-graph-diagnostic.v1","kind":"replay","capture_id":2,"replay_id":170,"position":136,"host_staging_bytes":98344,"event_setup_ns":440,"host_staging_ns":1528,"host_launch_ns":6981,"host_wait_ns":959193,"cuda_graph_span_ns":963455.975,"event_status":0,"launch_status":0,"completion_status":0}
{"schema":"riley.decode-operator-diagnostic.v1","kind":"operation","capture_id":2,"replay_id":170,"position":136,"operator":"head","launch_status":0,"completion_status":0,"intervals":[{"layer":null,"cuda_span_ns":65536.000,"event_status":0}],"cuda_sum_ns":65536.000}
{"schema":"riley.owned-graph-diagnostic.v1","kind":"read","capture_id":2,"replay_id":170,"host_read_bytes":98344,"host_read_ns":4072}
{"schema":"riley.owned-graph-diagnostic.v1","kind":"replay","capture_id":2,"replay_id":171,"position":137,"host_staging_bytes":98344,"event_setup_ns":396,"host_staging_ns":1536,"host_launch_ns":6628,"host_wait_ns":958229,"cuda_graph_span_ns":962463.975,"event_status":0,"launch_status":0,"completion_status":0}
{"schema":"riley.decode-operator-diagnostic.v1","kind":"operation","capture_id":2,"replay_id":171,"position":137,"operator":"head","launch_status":0,"completion_status":0,"intervals":[{"layer":null,"cuda_span_ns":64511.999,"event_status":0}],"cuda_sum_ns":64511.999}
{"schema":"riley.owned-graph-diagnostic.v1","kind":"read","capture_id":2,"replay_id":171,"host_read_bytes":98344,"host_read_ns":4092}
{"schema":"riley.owned-graph-diagnostic.v1","kind":"replay","capture_id":2,"replay_id":172,"position":138,"host_staging_bytes":98344,"event_setup_ns":376,"host_staging_ns":1533,"host_launch_ns":6727,"host_wait_ns":957572,"cuda_graph_span_ns":961856.008,"event_status":0,"launch_status":0,"completion_status":0}
{"schema":"riley.decode-operator-diagnostic.v1","kind":"operation","capture_id":2,"replay_id":172,"position":138,"operator":"head","launch_status":0,"completion_status":0,"intervals":[{"layer":null,"cuda_span_ns":64511.999,"event_status":0}],"cuda_sum_ns":64511.999}
{"schema":"riley.owned-graph-diagnostic.v1","kind":"read","capture_id":2,"replay_id":172,"host_read_bytes":98344,"host_read_ns":4992}
{"schema":"riley.owned-graph-diagnostic.v1","kind":"replay","capture_id":2,"replay_id":173,"position":139,"host_staging_bytes":98344,"event_setup_ns":433,"host_staging_ns":1533,"host_launch_ns":6970,"host_wait_ns":959909,"cuda_graph_span_ns":964287.996,"event_status":0,"launch_status":0,"completion_status":0}
{"schema":"riley.decode-operator-diagnostic.v1","kind":"operation","capture_id":2,"replay_id":173,"position":139,"operator":"head","launch_status":0,"completion_status":0,"intervals":[{"layer":null,"cuda_span_ns":65536.000,"event_status":0}],"cuda_sum_ns":65536.000}
{"schema":"riley.owned-graph-diagnostic.v1","kind":"read","capture_id":2,"replay_id":173,"host_read_bytes":98344,"host_read_ns":4445}
{"schema":"riley.owned-graph-diagnostic.v1","kind":"replay","capture_id":2,"replay_id":174,"position":140,"host_staging_bytes":98344,"event_setup_ns":365,"host_staging_ns":1519,"host_launch_ns":6796,"host_wait_ns":959891,"cuda_graph_span_ns":964160.025,"event_status":0,"launch_status":0,"completion_status":0}
{"schema":"riley.decode-operator-diagnostic.v1","kind":"operation","capture_id":2,"replay_id":174,"position":140,"operator":"head","launch_status":0,"completion_status":0,"intervals":[{"layer":null,"cuda_span_ns":63487.999,"event_status":0}],"cuda_sum_ns":63487.999}
{"schema":"riley.owned-graph-diagnostic.v1","kind":"read","capture_id":2,"replay_id":174,"host_read_bytes":98344,"host_read_ns":4345}
{"schema":"riley.owned-graph-diagnostic.v1","kind":"replay","capture_id":2,"replay_id":175,"position":141,"host_staging_bytes":98344,"event_setup_ns":334,"host_staging_ns":1523,"host_launch_ns":6753,"host_wait_ns":958342,"cuda_graph_span_ns":962719.977,"event_status":0,"launch_status":0,"completion_status":0}
{"schema":"riley.decode-operator-diagnostic.v1","kind":"operation","capture_id":2,"replay_id":175,"position":141,"operator":"head","launch_status":0,"completion_status":0,"intervals":[{"layer":null,"cuda_span_ns":65536.000,"event_status":0}],"cuda_sum_ns":65536.000}
{"schema":"riley.owned-graph-diagnostic.v1","kind":"read","capture_id":2,"replay_id":175,"host_read_bytes":98344,"host_read_ns":8126}
{"schema":"riley.owned-graph-diagnostic.v1","kind":"replay","capture_id":2,"replay_id":176,"position":142,"host_staging_bytes":98344,"event_setup_ns":304,"host_staging_ns":1527,"host_launch_ns":6847,"host_wait_ns":957815,"cuda_graph_span_ns":961888.015,"event_status":0,"launch_status":0,"completion_status":0}
{"schema":"riley.decode-operator-diagnostic.v1","kind":"operation","capture_id":2,"replay_id":176,"position":142,"operator":"head","launch_status":0,"completion_status":0,"intervals":[{"layer":null,"cuda_span_ns":64511.999,"event_status":0}],"cuda_sum_ns":64511.999}
{"schema":"riley.owned-graph-diagnostic.v1","kind":"read","capture_id":2,"replay_id":176,"host_read_bytes":98344,"host_read_ns":4547}
{"schema":"riley.owned-graph-diagnostic.v1","kind":"replay","capture_id":2,"replay_id":177,"position":143,"host_staging_bytes":98344,"event_setup_ns":309,"host_staging_ns":1514,"host_launch_ns":6725,"host_wait_ns":959448,"cuda_graph_span_ns":963519.990,"event_status":0,"launch_status":0,"completion_status":0}
{"schema":"riley.decode-operator-diagnostic.v1","kind":"operation","capture_id":2,"replay_id":177,"position":143,"operator":"head","launch_status":0,"completion_status":0,"intervals":[{"layer":null,"cuda_span_ns":65536.000,"event_status":0}],"cuda_sum_ns":65536.000}
{"schema":"riley.owned-graph-diagnostic.v1","kind":"read","capture_id":2,"replay_id":177,"host_read_bytes":98344,"host_read_ns":4206}
{"schema":"riley.owned-graph-diagnostic.v1","kind":"replay","capture_id":2,"replay_id":178,"position":144,"host_staging_bytes":98344,"event_setup_ns":340,"host_staging_ns":1527,"host_launch_ns":6966,"host_wait_ns":978317,"cuda_graph_span_ns":982752.025,"event_status":0,"launch_status":0,"completion_status":0}
{"schema":"riley.decode-operator-diagnostic.v1","kind":"operation","capture_id":2,"replay_id":178,"position":144,"operator":"head","launch_status":0,"completion_status":0,"intervals":[{"layer":null,"cuda_span_ns":64511.999,"event_status":0}],"cuda_sum_ns":64511.999}
{"schema":"riley.owned-graph-diagnostic.v1","kind":"read","capture_id":2,"replay_id":178,"host_read_bytes":98344,"host_read_ns":4146}
{"schema":"riley.owned-graph-diagnostic.v1","kind":"replay","capture_id":2,"replay_id":179,"position":145,"host_staging_bytes":98344,"event_setup_ns":474,"host_staging_ns":1550,"host_launch_ns":6704,"host_wait_ns":977816,"cuda_graph_span_ns":981984.019,"event_status":0,"launch_status":0,"completion_status":0}
{"schema":"riley.decode-operator-diagnostic.v1","kind":"operation","capture_id":2,"replay_id":179,"position":145,"operator":"head","launch_status":0,"completion_status":0,"intervals":[{"layer":null,"cuda_span_ns":64511.999,"event_status":0}],"cuda_sum_ns":64511.999}
{"schema":"riley.owned-graph-diagnostic.v1","kind":"read","capture_id":2,"replay_id":179,"host_read_bytes":98344,"host_read_ns":4721}
{"schema":"riley.owned-graph-diagnostic.v1","kind":"replay","capture_id":2,"replay_id":180,"position":146,"host_staging_bytes":98344,"event_setup_ns":369,"host_staging_ns":1523,"host_launch_ns":6819,"host_wait_ns":975873,"cuda_graph_span_ns":980032.027,"event_status":0,"launch_status":0,"completion_status":0}
{"schema":"riley.decode-operator-diagnostic.v1","kind":"operation","capture_id":2,"replay_id":180,"position":146,"operator":"head","launch_status":0,"completion_status":0,"intervals":[{"layer":null,"cuda_span_ns":64511.999,"event_status":0}],"cuda_sum_ns":64511.999}
{"schema":"riley.owned-graph-diagnostic.v1","kind":"read","capture_id":2,"replay_id":180,"host_read_bytes":98344,"host_read_ns":4660}
{"schema":"riley.owned-graph-diagnostic.v1","kind":"replay","capture_id":2,"replay_id":181,"position":147,"host_staging_bytes":98344,"event_setup_ns":486,"host_staging_ns":1528,"host_launch_ns":6854,"host_wait_ns":976046,"cuda_graph_span_ns":980159.998,"event_status":0,"launch_status":0,"completion_status":0}
{"schema":"riley.decode-operator-diagnostic.v1","kind":"operation","capture_id":2,"replay_id":181,"position":147,"operator":"head","launch_status":0,"completion_status":0,"intervals":[{"layer":null,"cuda_span_ns":65536.000,"event_status":0}],"cuda_sum_ns":65536.000}
{"schema":"riley.owned-graph-diagnostic.v1","kind":"read","capture_id":2,"replay_id":181,"host_read_bytes":98344,"host_read_ns":4549}
{"schema":"riley.owned-graph-diagnostic.v1","kind":"replay","capture_id":2,"replay_id":182,"position":148,"host_staging_bytes":98344,"event_setup_ns":360,"host_staging_ns":1529,"host_launch_ns":6577,"host_wait_ns":974572,"cuda_graph_span_ns":978559.971,"event_status":0,"launch_status":0,"completion_status":0}
{"schema":"riley.decode-operator-diagnostic.v1","kind":"operation","capture_id":2,"replay_id":182,"position":148,"operator":"head","launch_status":0,"completion_status":0,"intervals":[{"layer":null,"cuda_span_ns":64511.999,"event_status":0}],"cuda_sum_ns":64511.999}
{"schema":"riley.owned-graph-diagnostic.v1","kind":"read","capture_id":2,"replay_id":182,"host_read_bytes":98344,"host_read_ns":4097}
{"schema":"riley.owned-graph-diagnostic.v1","kind":"replay","capture_id":2,"replay_id":183,"position":149,"host_staging_bytes":98344,"event_setup_ns":419,"host_staging_ns":1521,"host_launch_ns":6703,"host_wait_ns":969448,"cuda_graph_span_ns":973568.022,"event_status":0,"launch_status":0,"completion_status":0}
{"schema":"riley.decode-operator-diagnostic.v1","kind":"operation","capture_id":2,"replay_id":183,"position":149,"operator":"head","launch_status":0,"completion_status":0,"intervals":[{"layer":null,"cuda_span_ns":64511.999,"event_status":0}],"cuda_sum_ns":64511.999}
{"schema":"riley.owned-graph-diagnostic.v1","kind":"read","capture_id":2,"replay_id":183,"host_read_bytes":98344,"host_read_ns":4059}
{"schema":"riley.owned-graph-diagnostic.v1","kind":"replay","capture_id":2,"replay_id":184,"position":150,"host_staging_bytes":98344,"event_setup_ns":417,"host_staging_ns":1523,"host_launch_ns":6738,"host_wait_ns":974379,"cuda_graph_span_ns":978784.025,"event_status":0,"launch_status":0,"completion_status":0}
{"schema":"riley.decode-operator-diagnostic.v1","kind":"operation","capture_id":2,"replay_id":184,"position":150,"operator":"head","launch_status":0,"completion_status":0,"intervals":[{"layer":null,"cuda_span_ns":64511.999,"event_status":0}],"cuda_sum_ns":64511.999}
{"schema":"riley.owned-graph-diagnostic.v1","kind":"read","capture_id":2,"replay_id":184,"host_read_bytes":98344,"host_read_ns":4719}
{"schema":"riley.owned-graph-diagnostic.v1","kind":"replay","capture_id":2,"replay_id":185,"position":151,"host_staging_bytes":98344,"event_setup_ns":306,"host_staging_ns":1524,"host_launch_ns":6760,"host_wait_ns":977188,"cuda_graph_span_ns":981216.013,"event_status":0,"launch_status":0,"completion_status":0}
{"schema":"riley.decode-operator-diagnostic.v1","kind":"operation","capture_id":2,"replay_id":185,"position":151,"operator":"head","launch_status":0,"completion_status":0,"intervals":[{"layer":null,"cuda_span_ns":64511.999,"event_status":0}],"cuda_sum_ns":64511.999}
{"schema":"riley.owned-graph-diagnostic.v1","kind":"read","capture_id":2,"replay_id":185,"host_read_bytes":98344,"host_read_ns":4750}
{"schema":"riley.owned-graph-diagnostic.v1","kind":"replay","capture_id":2,"replay_id":186,"position":152,"host_staging_bytes":98344,"event_setup_ns":444,"host_staging_ns":1517,"host_launch_ns":7095,"host_wait_ns":975526,"cuda_graph_span_ns":980192.006,"event_status":0,"launch_status":0,"completion_status":0}
{"schema":"riley.decode-operator-diagnostic.v1","kind":"operation","capture_id":2,"replay_id":186,"position":152,"operator":"head","launch_status":0,"completion_status":0,"intervals":[{"layer":null,"cuda_span_ns":64511.999,"event_status":0}],"cuda_sum_ns":64511.999}
{"schema":"riley.owned-graph-diagnostic.v1","kind":"read","capture_id":2,"replay_id":186,"host_read_bytes":98344,"host_read_ns":5093}
{"schema":"riley.owned-graph-diagnostic.v1","kind":"replay","capture_id":2,"replay_id":187,"position":153,"host_staging_bytes":98344,"event_setup_ns":325,"host_staging_ns":1563,"host_launch_ns":6784,"host_wait_ns":976041,"cuda_graph_span_ns":980224.013,"event_status":0,"launch_status":0,"completion_status":0}
{"schema":"riley.decode-operator-diagnostic.v1","kind":"operation","capture_id":2,"replay_id":187,"position":153,"operator":"head","launch_status":0,"completion_status":0,"intervals":[{"layer":null,"cuda_span_ns":64511.999,"event_status":0}],"cuda_sum_ns":64511.999}
{"schema":"riley.owned-graph-diagnostic.v1","kind":"read","capture_id":2,"replay_id":187,"host_read_bytes":98344,"host_read_ns":4897}
{"schema":"riley.owned-graph-diagnostic.v1","kind":"replay","capture_id":2,"replay_id":188,"position":154,"host_staging_bytes":98344,"event_setup_ns":325,"host_staging_ns":1565,"host_launch_ns":6780,"host_wait_ns":974702,"cuda_graph_span_ns":978752.017,"event_status":0,"launch_status":0,"completion_status":0}
{"schema":"riley.decode-operator-diagnostic.v1","kind":"operation","capture_id":2,"replay_id":188,"position":154,"operator":"head","launch_status":0,"completion_status":0,"intervals":[{"layer":null,"cuda_span_ns":63487.999,"event_status":0}],"cuda_sum_ns":63487.999}
{"schema":"riley.owned-graph-diagnostic.v1","kind":"read","capture_id":2,"replay_id":188,"host_read_bytes":98344,"host_read_ns":5194}
{"schema":"riley.owned-graph-diagnostic.v1","kind":"replay","capture_id":2,"replay_id":189,"position":155,"host_staging_bytes":98344,"event_setup_ns":332,"host_staging_ns":1541,"host_launch_ns":6878,"host_wait_ns":975286,"cuda_graph_span_ns":979456.007,"event_status":0,"launch_status":0,"completion_status":0}
{"schema":"riley.decode-operator-diagnostic.v1","kind":"operation","capture_id":2,"replay_id":189,"position":155,"operator":"head","launch_status":0,"completion_status":0,"intervals":[{"layer":null,"cuda_span_ns":64511.999,"event_status":0}],"cuda_sum_ns":64511.999}
{"schema":"riley.owned-graph-diagnostic.v1","kind":"read","capture_id":2,"replay_id":189,"host_read_bytes":98344,"host_read_ns":4185}
{"schema":"riley.owned-graph-diagnostic.v1","kind":"replay","capture_id":2,"replay_id":190,"position":156,"host_staging_bytes":98344,"event_setup_ns":341,"host_staging_ns":1545,"host_launch_ns":6932,"host_wait_ns":975199,"cuda_graph_span_ns":979744.017,"event_status":0,"launch_status":0,"completion_status":0}
{"schema":"riley.decode-operator-diagnostic.v1","kind":"operation","capture_id":2,"replay_id":190,"position":156,"operator":"head","launch_status":0,"completion_status":0,"intervals":[{"layer":null,"cuda_span_ns":64511.999,"event_status":0}],"cuda_sum_ns":64511.999}
{"schema":"riley.owned-graph-diagnostic.v1","kind":"read","capture_id":2,"replay_id":190,"host_read_bytes":98344,"host_read_ns":4255}
{"schema":"riley.owned-graph-diagnostic.v1","kind":"replay","capture_id":2,"replay_id":191,"position":157,"host_staging_bytes":98344,"event_setup_ns":402,"host_staging_ns":1556,"host_launch_ns":6706,"host_wait_ns":974943,"cuda_graph_span_ns":979167.998,"event_status":0,"launch_status":0,"completion_status":0}
{"schema":"riley.decode-operator-diagnostic.v1","kind":"operation","capture_id":2,"replay_id":191,"position":157,"operator":"head","launch_status":0,"completion_status":0,"intervals":[{"layer":null,"cuda_span_ns":64511.999,"event_status":0}],"cuda_sum_ns":64511.999}
{"schema":"riley.owned-graph-diagnostic.v1","kind":"read","capture_id":2,"replay_id":191,"host_read_bytes":98344,"host_read_ns":4327}
{"schema":"riley.owned-graph-diagnostic.v1","kind":"replay","capture_id":2,"replay_id":192,"position":158,"host_staging_bytes":98344,"event_setup_ns":388,"host_staging_ns":1549,"host_launch_ns":7119,"host_wait_ns":976555,"cuda_graph_span_ns":980992.019,"event_status":0,"launch_status":0,"completion_status":0}
{"schema":"riley.decode-operator-diagnostic.v1","kind":"operation","capture_id":2,"replay_id":192,"position":158,"operator":"head","launch_status":0,"completion_status":0,"intervals":[{"layer":null,"cuda_span_ns":65536.000,"event_status":0}],"cuda_sum_ns":65536.000}
{"schema":"riley.owned-graph-diagnostic.v1","kind":"read","capture_id":2,"replay_id":192,"host_read_bytes":98344,"host_read_ns":4447}
riley graceful shutdown requested by SIGTERM
RILEY_GRAPH close replays=192
