{"schema":"riley.owned-graph-diagnostic.v1","kind":"graph","capture_id":1,"inventory_status":0,"nodes":405,"kernel_nodes":397,"memcpy_nodes":6,"other_nodes":2,"memcpy_params_status":0,"memcpy_unknown_nodes":0,"memcpy_bytes_complete":true,"h2d_bytes":604,"d2h_bytes":98344,"d2d_bytes":1152}
{"schema":"riley.decode-operator-diagnostic.v1","kind":"inventory","capture_id":1,"inventory_status":0,"event_record_nodes":2,"event_wait_nodes":0}
{"schema":"riley.decode-operator-diagnostic.v1","kind":"capture","capture_id":1,"phase":"prefill","operator":"off","layer_mask":0,"interval_count":0,"expected_event_records":0,"recorded_event_records":0,"source_sha256":"2d148ef8cb76ee2fb23e1515063108d53c20cbc34ab125ab63cafd65fa3635b2","tool_sha256":"eec3de607508ca1fbda4ddc9860040df7a5380cdb77c159df9e2d2318c337052","historical_tool_sha256":"9f0f3a526ed1a47c3e6a37e33111a21356ac5b2d58294ff797ec0a40a5091b78","projection_events_compiled":true}
{"schema":"riley.owned-graph-diagnostic.v1","kind":"graph","capture_id":2,"inventory_status":0,"nodes":284,"kernel_nodes":277,"memcpy_nodes":5,"other_nodes":2,"memcpy_params_status":0,"memcpy_unknown_nodes":0,"memcpy_bytes_complete":true,"h2d_bytes":604,"d2h_bytes":98344,"d2d_bytes":0}
{"schema":"riley.decode-operator-diagnostic.v1","kind":"inventory","capture_id":2,"inventory_status":0,"event_record_nodes":2,"event_wait_nodes":0}
{"schema":"riley.decode-operator-diagnostic.v1","kind":"capture","capture_id":2,"phase":"decode","operator":"off","layer_mask":0,"interval_count":0,"expected_event_records":0,"recorded_event_records":0,"source_sha256":"2d148ef8cb76ee2fb23e1515063108d53c20cbc34ab125ab63cafd65fa3635b2","tool_sha256":"eec3de607508ca1fbda4ddc9860040df7a5380cdb77c159df9e2d2318c337052","historical_tool_sha256":"9f0f3a526ed1a47c3e6a37e33111a21356ac5b2d58294ff797ec0a40a5091b78","projection_events_compiled":true}
RILEY_GRAPH prepared=true policy=Require fallback=false gpu_iteration_timing=false numerics=vllm-smol-p128-v1
riley listening on http://127.0.0.1:19341 (graceful_signals=SIGINT,SIGTERM graceful_stdin_shutdown=false)
{"schema":"riley.owned-graph-diagnostic.v1","kind":"replay","capture_id":1,"replay_id":1,"position":127,"host_staging_bytes":98344,"event_setup_ns":8837,"host_staging_ns":12268,"host_launch_ns":211687,"host_wait_ns":13523435,"cuda_graph_span_ns":13732224.464,"event_status":0,"launch_status":0,"completion_status":0}
{"schema":"riley.owned-graph-diagnostic.v1","kind":"projection","capture_id":1,"replay_id":1,"position":127,"layer":0,"projection":"down","operator":"override","cuda_span_ns":108543.999,"event_status":0,"launch_status":0,"completion_status":0}
{"schema":"riley.owned-graph-diagnostic.v1","kind":"read","capture_id":1,"replay_id":1,"host_read_bytes":98344,"host_read_ns":28535}
{"schema":"riley.owned-graph-diagnostic.v1","kind":"replay","capture_id":2,"replay_id":2,"position":128,"host_staging_bytes":98344,"event_setup_ns":1643,"host_staging_ns":2632,"host_launch_ns":79437,"host_wait_ns":2149034,"cuda_graph_span_ns":2226495.981,"event_status":0,"launch_status":0,"completion_status":0}
{"schema":"riley.owned-graph-diagnostic.v1","kind":"projection","capture_id":2,"replay_id":2,"position":128,"layer":0,"projection":"down","operator":"canonical","cuda_span_ns":5120.000,"event_status":0,"launch_status":0,"completion_status":0}
{"schema":"riley.owned-graph-diagnostic.v1","kind":"read","capture_id":2,"replay_id":2,"host_read_bytes":98344,"host_read_ns":6054}
{"schema":"riley.owned-graph-diagnostic.v1","kind":"replay","capture_id":2,"replay_id":3,"position":129,"host_staging_bytes":98344,"event_setup_ns":485,"host_staging_ns":1666,"host_launch_ns":8691,"host_wait_ns":1870603,"cuda_graph_span_ns":1876512.051,"event_status":0,"launch_status":0,"completion_status":0}
{"schema":"riley.owned-graph-diagnostic.v1","kind":"projection","capture_id":2,"replay_id":3,"position":129,"layer":0,"projection":"down","operator":"canonical","cuda_span_ns":5120.000,"event_status":0,"launch_status":0,"completion_status":0}
{"schema":"riley.owned-graph-diagnostic.v1","kind":"read","capture_id":2,"replay_id":3,"host_read_bytes":98344,"host_read_ns":4723}
{"schema":"riley.owned-graph-diagnostic.v1","kind":"replay","capture_id":2,"replay_id":4,"position":130,"host_staging_bytes":98344,"event_setup_ns":403,"host_staging_ns":1464,"host_launch_ns":6823,"host_wait_ns":1868323,"cuda_graph_span_ns":1872607.946,"event_status":0,"launch_status":0,"completion_status":0}
{"schema":"riley.owned-graph-diagnostic.v1","kind":"projection","capture_id":2,"replay_id":4,"position":130,"layer":0,"projection":"down","operator":"canonical","cuda_span_ns":5120.000,"event_status":0,"launch_status":0,"completion_status":0}
{"schema":"riley.owned-graph-diagnostic.v1","kind":"read","capture_id":2,"replay_id":4,"host_read_bytes":98344,"host_read_ns":4701}
{"schema":"riley.owned-graph-diagnostic.v1","kind":"replay","capture_id":2,"replay_id":5,"position":131,"host_staging_bytes":98344,"event_setup_ns":491,"host_staging_ns":1490,"host_launch_ns":7161,"host_wait_ns":1866944,"cuda_graph_span_ns":1871680.021,"event_status":0,"launch_status":0,"completion_status":0}
{"schema":"riley.owned-graph-diagnostic.v1","kind":"projection","capture_id":2,"replay_id":5,"position":131,"layer":0,"projection":"down","operator":"canonical","cuda_span_ns":5120.000,"event_status":0,"launch_status":0,"completion_status":0}
{"schema":"riley.owned-graph-diagnostic.v1","kind":"read","capture_id":2,"replay_id":5,"host_read_bytes":98344,"host_read_ns":4774}
{"schema":"riley.owned-graph-diagnostic.v1","kind":"replay","capture_id":2,"replay_id":6,"position":132,"host_staging_bytes":98344,"event_setup_ns":402,"host_staging_ns":1475,"host_launch_ns":7117,"host_wait_ns":1877830,"cuda_graph_span_ns":1882272.005,"event_status":0,"launch_status":0,"completion_status":0}
{"schema":"riley.owned-graph-diagnostic.v1","kind":"projection","capture_id":2,"replay_id":6,"position":132,"layer":0,"projection":"down","operator":"canonical","cuda_span_ns":6144.000,"event_status":0,"launch_status":0,"completion_status":0}
{"schema":"riley.owned-graph-diagnostic.v1","kind":"read","capture_id":2,"replay_id":6,"host_read_bytes":98344,"host_read_ns":4833}
{"schema":"riley.owned-graph-diagnostic.v1","kind":"replay","capture_id":2,"replay_id":7,"position":133,"host_staging_bytes":98344,"event_setup_ns":353,"host_staging_ns":1483,"host_launch_ns":7339,"host_wait_ns":1877581,"cuda_graph_span_ns":1880928.040,"event_status":0,"launch_status":0,"completion_status":0}
{"schema":"riley.owned-graph-diagnostic.v1","kind":"projection","capture_id":2,"replay_id":7,"position":133,"layer":0,"projection":"down","operator":"canonical","cuda_span_ns":5120.000,"event_status":0,"launch_status":0,"completion_status":0}
{"schema":"riley.owned-graph-diagnostic.v1","kind":"read","capture_id":2,"replay_id":7,"host_read_bytes":98344,"host_read_ns":5336}
{"schema":"riley.owned-graph-diagnostic.v1","kind":"replay","capture_id":2,"replay_id":8,"position":134,"host_staging_bytes":98344,"event_setup_ns":1486,"host_staging_ns":2758,"host_launch_ns":15446,"host_wait_ns":1869212,"cuda_graph_span_ns":1882624.030,"event_status":0,"launch_status":0,"completion_status":0}
{"schema":"riley.owned-graph-diagnostic.v1","kind":"projection","capture_id":2,"replay_id":8,"position":134,"layer":0,"projection":"down","operator":"canonical","cuda_span_ns":5120.000,"event_status":0,"launch_status":0,"completion_status":0}
{"schema":"riley.owned-graph-diagnostic.v1","kind":"read","capture_id":2,"replay_id":8,"host_read_bytes":98344,"host_read_ns":4880}
{"schema":"riley.owned-graph-diagnostic.v1","kind":"replay","capture_id":2,"replay_id":9,"position":135,"host_staging_bytes":98344,"event_setup_ns":372,"host_staging_ns":1485,"host_launch_ns":7481,"host_wait_ns":1868500,"cuda_graph_span_ns":1873119.950,"event_status":0,"launch_status":0,"completion_status":0}
{"schema":"riley.owned-graph-diagnostic.v1","kind":"projection","capture_id":2,"replay_id":9,"position":135,"layer":0,"projection":"down","operator":"canonical","cuda_span_ns":5120.000,"event_status":0,"launch_status":0,"completion_status":0}
{"schema":"riley.owned-graph-diagnostic.v1","kind":"read","capture_id":2,"replay_id":9,"host_read_bytes":98344,"host_read_ns":4434}
{"schema":"riley.owned-graph-diagnostic.v1","kind":"replay","capture_id":2,"replay_id":10,"position":136,"host_staging_bytes":98344,"event_setup_ns":413,"host_staging_ns":1508,"host_launch_ns":7207,"host_wait_ns":1911803,"cuda_graph_span_ns":1916128.039,"event_status":0,"launch_status":0,"completion_status":0}
{"schema":"riley.owned-graph-diagnostic.v1","kind":"projection","capture_id":2,"replay_id":10,"position":136,"layer":0,"projection":"down","operator":"canonical","cuda_span_ns":5120.000,"event_status":0,"launch_status":0,"completion_status":0}
{"schema":"riley.owned-graph-diagnostic.v1","kind":"read","capture_id":2,"replay_id":10,"host_read_bytes":98344,"host_read_ns":5146}
{"schema":"riley.owned-graph-diagnostic.v1","kind":"replay","capture_id":2,"replay_id":11,"position":137,"host_staging_bytes":98344,"event_setup_ns":330,"host_staging_ns":1491,"host_launch_ns":6656,"host_wait_ns":1925730,"cuda_graph_span_ns":1929728.031,"event_status":0,"launch_status":0,"completion_status":0}
{"schema":"riley.owned-graph-diagnostic.v1","kind":"projection","capture_id":2,"replay_id":11,"position":137,"layer":0,"projection":"down","operator":"canonical","cuda_span_ns":5120.000,"event_status":0,"launch_status":0,"completion_status":0}
{"schema":"riley.owned-graph-diagnostic.v1","kind":"read","capture_id":2,"replay_id":11,"host_read_bytes":98344,"host_read_ns":4580}
{"schema":"riley.owned-graph-diagnostic.v1","kind":"replay","capture_id":2,"replay_id":12,"position":138,"host_staging_bytes":98344,"event_setup_ns":299,"host_staging_ns":1483,"host_launch_ns":6971,"host_wait_ns":1927039,"cuda_graph_span_ns":1931424.022,"event_status":0,"launch_status":0,"completion_status":0}
{"schema":"riley.owned-graph-diagnostic.v1","kind":"projection","capture_id":2,"replay_id":12,"position":138,"layer":0,"projection":"down","operator":"canonical","cuda_span_ns":6144.000,"event_status":0,"launch_status":0,"completion_status":0}
{"schema":"riley.owned-graph-diagnostic.v1","kind":"read","capture_id":2,"replay_id":12,"host_read_bytes":98344,"host_read_ns":4936}
{"schema":"riley.owned-graph-diagnostic.v1","kind":"replay","capture_id":2,"replay_id":13,"position":139,"host_staging_bytes":98344,"event_setup_ns":496,"host_staging_ns":1492,"host_launch_ns":7039,"host_wait_ns":1926328,"cuda_graph_span_ns":1930624.008,"event_status":0,"launch_status":0,"completion_status":0}
{"schema":"riley.owned-graph-diagnostic.v1","kind":"projection","capture_id":2,"replay_id":13,"position":139,"layer":0,"projection":"down","operator":"canonical","cuda_span_ns":5120.000,"event_status":0,"launch_status":0,"completion_status":0}
{"schema":"riley.owned-graph-diagnostic.v1","kind":"read","capture_id":2,"replay_id":13,"host_read_bytes":98344,"host_read_ns":4551}
{"schema":"riley.owned-graph-diagnostic.v1","kind":"replay","capture_id":2,"replay_id":14,"position":140,"host_staging_bytes":98344,"event_setup_ns":663,"host_staging_ns":1495,"host_launch_ns":7387,"host_wait_ns":1927345,"cuda_graph_span_ns":1932096.004,"event_status":0,"launch_status":0,"completion_status":0}
{"schema":"riley.owned-graph-diagnostic.v1","kind":"projection","capture_id":2,"replay_id":14,"position":140,"layer":0,"projection":"down","operator":"canonical","cuda_span_ns":5120.000,"event_status":0,"launch_status":0,"completion_status":0}
{"schema":"riley.owned-graph-diagnostic.v1","kind":"read","capture_id":2,"replay_id":14,"host_read_bytes":98344,"host_read_ns":4554}
{"schema":"riley.owned-graph-diagnostic.v1","kind":"replay","capture_id":2,"replay_id":15,"position":141,"host_staging_bytes":98344,"event_setup_ns":485,"host_staging_ns":1492,"host_launch_ns":7949,"host_wait_ns":1926069,"cuda_graph_span_ns":1931295.991,"event_status":0,"launch_status":0,"completion_status":0}
{"schema":"riley.owned-graph-diagnostic.v1","kind":"projection","capture_id":2,"replay_id":15,"position":141,"layer":0,"projection":"down","operator":"canonical","cuda_span_ns":5120.000,"event_status":0,"launch_status":0,"completion_status":0}
{"schema":"riley.owned-graph-diagnostic.v1","kind":"read","capture_id":2,"replay_id":15,"host_read_bytes":98344,"host_read_ns":4538}
{"schema":"riley.owned-graph-diagnostic.v1","kind":"replay","capture_id":2,"replay_id":16,"position":142,"host_staging_bytes":98344,"event_setup_ns":361,"host_staging_ns":1503,"host_launch_ns":7479,"host_wait_ns":1927174,"cuda_graph_span_ns":1932031.989,"event_status":0,"launch_status":0,"completion_status":0}
{"schema":"riley.owned-graph-diagnostic.v1","kind":"projection","capture_id":2,"replay_id":16,"position":142,"layer":0,"projection":"down","operator":"canonical","cuda_span_ns":6144.000,"event_status":0,"launch_status":0,"completion_status":0}
{"schema":"riley.owned-graph-diagnostic.v1","kind":"read","capture_id":2,"replay_id":16,"host_read_bytes":98344,"host_read_ns":5035}
{"schema":"riley.owned-graph-diagnostic.v1","kind":"replay","capture_id":2,"replay_id":17,"position":143,"host_staging_bytes":98344,"event_setup_ns":510,"host_staging_ns":1483,"host_launch_ns":9512,"host_wait_ns":1925846,"cuda_graph_span_ns":1932639.956,"event_status":0,"launch_status":0,"completion_status":0}
{"schema":"riley.owned-graph-diagnostic.v1","kind":"projection","capture_id":2,"replay_id":17,"position":143,"layer":0,"projection":"down","operator":"canonical","cuda_span_ns":5120.000,"event_status":0,"launch_status":0,"completion_status":0}
{"schema":"riley.owned-graph-diagnostic.v1","kind":"read","capture_id":2,"replay_id":17,"host_read_bytes":98344,"host_read_ns":4565}
{"schema":"riley.owned-graph-diagnostic.v1","kind":"replay","capture_id":2,"replay_id":18,"position":144,"host_staging_bytes":98344,"event_setup_ns":939,"host_staging_ns":1467,"host_launch_ns":10264,"host_wait_ns":1983921,"cuda_graph_span_ns":1991904.020,"event_status":0,"launch_status":0,"completion_status":0}
{"schema":"riley.owned-graph-diagnostic.v1","kind":"projection","capture_id":2,"replay_id":18,"position":144,"layer":0,"projection":"down","operator":"canonical","cuda_span_ns":5120.000,"event_status":0,"launch_status":0,"completion_status":0}
{"schema":"riley.owned-graph-diagnostic.v1","kind":"read","capture_id":2,"replay_id":18,"host_read_bytes":98344,"host_read_ns":4736}
{"schema":"riley.owned-graph-diagnostic.v1","kind":"replay","capture_id":2,"replay_id":19,"position":145,"host_staging_bytes":98344,"event_setup_ns":478,"host_staging_ns":1493,"host_launch_ns":9671,"host_wait_ns":2000108,"cuda_graph_span_ns":2007456.064,"event_status":0,"launch_status":0,"completion_status":0}
{"schema":"riley.owned-graph-diagnostic.v1","kind":"projection","capture_id":2,"replay_id":19,"position":145,"layer":0,"projection":"down","operator":"canonical","cuda_span_ns":5120.000,"event_status":0,"launch_status":0,"completion_status":0}
{"schema":"riley.owned-graph-diagnostic.v1","kind":"read","capture_id":2,"replay_id":19,"host_read_bytes":98344,"host_read_ns":4755}
{"schema":"riley.owned-graph-diagnostic.v1","kind":"replay","capture_id":2,"replay_id":20,"position":146,"host_staging_bytes":98344,"event_setup_ns":512,"host_staging_ns":1499,"host_launch_ns":9032,"host_wait_ns":2000053,"cuda_graph_span_ns":2006560.087,"event_status":0,"launch_status":0,"completion_status":0}
{"schema":"riley.owned-graph-diagnostic.v1","kind":"projection","capture_id":2,"replay_id":20,"position":146,"layer":0,"projection":"down","operator":"canonical","cuda_span_ns":5120.000,"event_status":0,"launch_status":0,"completion_status":0}
{"schema":"riley.owned-graph-diagnostic.v1","kind":"read","capture_id":2,"replay_id":20,"host_read_bytes":98344,"host_read_ns":4610}
{"schema":"riley.owned-graph-diagnostic.v1","kind":"replay","capture_id":2,"replay_id":21,"position":147,"host_staging_bytes":98344,"event_setup_ns":603,"host_staging_ns":1494,"host_launch_ns":9516,"host_wait_ns":2001959,"cuda_graph_span_ns":2008608.103,"event_status":0,"launch_status":0,"completion_status":0}
{"schema":"riley.owned-graph-diagnostic.v1","kind":"projection","capture_id":2,"replay_id":21,"position":147,"layer":0,"projection":"down","operator":"canonical","cuda_span_ns":5120.000,"event_status":0,"launch_status":0,"completion_status":0}
{"schema":"riley.owned-graph-diagnostic.v1","kind":"read","capture_id":2,"replay_id":21,"host_read_bytes":98344,"host_read_ns":4423}
{"schema":"riley.owned-graph-diagnostic.v1","kind":"replay","capture_id":2,"replay_id":22,"position":148,"host_staging_bytes":98344,"event_setup_ns":479,"host_staging_ns":1466,"host_launch_ns":8216,"host_wait_ns":1998278,"cuda_graph_span_ns":2003936.052,"event_status":0,"launch_status":0,"completion_status":0}
{"schema":"riley.owned-graph-diagnostic.v1","kind":"projection","capture_id":2,"replay_id":22,"position":148,"layer":0,"projection":"down","operator":"canonical","cuda_span_ns":5120.000,"event_status":0,"launch_status":0,"completion_status":0}
{"schema":"riley.owned-graph-diagnostic.v1","kind":"read","capture_id":2,"replay_id":22,"host_read_bytes":98344,"host_read_ns":4382}
{"schema":"riley.owned-graph-diagnostic.v1","kind":"replay","capture_id":2,"replay_id":23,"position":149,"host_staging_bytes":98344,"event_setup_ns":448,"host_staging_ns":1643,"host_launch_ns":7756,"host_wait_ns":1998337,"cuda_graph_span_ns":2003488.064,"event_status":0,"launch_status":0,"completion_status":0}
{"schema":"riley.owned-graph-diagnostic.v1","kind":"projection","capture_id":2,"replay_id":23,"position":149,"layer":0,"projection":"down","operator":"canonical","cuda_span_ns":6144.000,"event_status":0,"launch_status":0,"completion_status":0}
{"schema":"riley.owned-graph-diagnostic.v1","kind":"read","capture_id":2,"replay_id":23,"host_read_bytes":98344,"host_read_ns":4394}
{"schema":"riley.owned-graph-diagnostic.v1","kind":"replay","capture_id":2,"replay_id":24,"position":150,"host_staging_bytes":98344,"event_setup_ns":419,"host_staging_ns":1498,"host_launch_ns":7343,"host_wait_ns":2002132,"cuda_graph_span_ns":2006943.941,"event_status":0,"launch_status":0,"completion_status":0}
{"schema":"riley.owned-graph-diagnostic.v1","kind":"projection","capture_id":2,"replay_id":24,"position":150,"layer":0,"projection":"down","operator":"canonical","cuda_span_ns":5120.000,"event_status":0,"launch_status":0,"completion_status":0}
{"schema":"riley.owned-graph-diagnostic.v1","kind":"read","capture_id":2,"replay_id":24,"host_read_bytes":98344,"host_read_ns":4663}
{"schema":"riley.owned-graph-diagnostic.v1","kind":"replay","capture_id":2,"replay_id":25,"position":151,"host_staging_bytes":98344,"event_setup_ns":490,"host_staging_ns":1502,"host_launch_ns":7496,"host_wait_ns":2000313,"cuda_graph_span_ns":2005311.966,"event_status":0,"launch_status":0,"completion_status":0}
{"schema":"riley.owned-graph-diagnostic.v1","kind":"projection","capture_id":2,"replay_id":25,"position":151,"layer":0,"projection":"down","operator":"canonical","cuda_span_ns":6144.000,"event_status":0,"launch_status":0,"completion_status":0}
{"schema":"riley.owned-graph-diagnostic.v1","kind":"read","capture_id":2,"replay_id":25,"host_read_bytes":98344,"host_read_ns":4627}
{"schema":"riley.owned-graph-diagnostic.v1","kind":"replay","capture_id":2,"replay_id":26,"position":152,"host_staging_bytes":98344,"event_setup_ns":482,"host_staging_ns":1494,"host_launch_ns":8807,"host_wait_ns":2040093,"cuda_graph_span_ns":2046495.914,"event_status":0,"launch_status":0,"completion_status":0}
{"schema":"riley.owned-graph-diagnostic.v1","kind":"projection","capture_id":2,"replay_id":26,"position":152,"layer":0,"projection":"down","operator":"canonical","cuda_span_ns":6144.000,"event_status":0,"launch_status":0,"completion_status":0}
{"schema":"riley.owned-graph-diagnostic.v1","kind":"read","capture_id":2,"replay_id":26,"host_read_bytes":98344,"host_read_ns":5102}
{"schema":"riley.owned-graph-diagnostic.v1","kind":"replay","capture_id":2,"replay_id":27,"position":153,"host_staging_bytes":98344,"event_setup_ns":508,"host_staging_ns":1500,"host_launch_ns":7813,"host_wait_ns":2052318,"cuda_graph_span_ns":2057503.939,"event_status":0,"launch_status":0,"completion_status":0}
{"schema":"riley.owned-graph-diagnostic.v1","kind":"projection","capture_id":2,"replay_id":27,"position":153,"layer":0,"projection":"down","operator":"canonical","cuda_span_ns":5120.000,"event_status":0,"launch_status":0,"completion_status":0}
{"schema":"riley.owned-graph-diagnostic.v1","kind":"read","capture_id":2,"replay_id":27,"host_read_bytes":98344,"host_read_ns":4549}
{"schema":"riley.owned-graph-diagnostic.v1","kind":"replay","capture_id":2,"replay_id":28,"position":154,"host_staging_bytes":98344,"event_setup_ns":482,"host_staging_ns":1480,"host_launch_ns":8389,"host_wait_ns":2057273,"cuda_graph_span_ns":2062911.987,"event_status":0,"launch_status":0,"completion_status":0}
{"schema":"riley.owned-graph-diagnostic.v1","kind":"projection","capture_id":2,"replay_id":28,"position":154,"layer":0,"projection":"down","operator":"canonical","cuda_span_ns":5120.000,"event_status":0,"launch_status":0,"completion_status":0}
{"schema":"riley.owned-graph-diagnostic.v1","kind":"read","capture_id":2,"replay_id":28,"host_read_bytes":98344,"host_read_ns":4569}
{"schema":"riley.owned-graph-diagnostic.v1","kind":"replay","capture_id":2,"replay_id":29,"position":155,"host_staging_bytes":98344,"event_setup_ns":438,"host_staging_ns":1482,"host_launch_ns":8393,"host_wait_ns":2056273,"cuda_graph_span_ns":2061696.053,"event_status":0,"launch_status":0,"completion_status":0}
{"schema":"riley.owned-graph-diagnostic.v1","kind":"projection","capture_id":2,"replay_id":29,"position":155,"layer":0,"projection":"down","operator":"canonical","cuda_span_ns":6144.000,"event_status":0,"launch_status":0,"completion_status":0}
{"schema":"riley.owned-graph-diagnostic.v1","kind":"read","capture_id":2,"replay_id":29,"host_read_bytes":98344,"host_read_ns":4832}
{"schema":"riley.owned-graph-diagnostic.v1","kind":"replay","capture_id":2,"replay_id":30,"position":156,"host_staging_bytes":98344,"event_setup_ns":625,"host_staging_ns":1484,"host_launch_ns":9236,"host_wait_ns":2056408,"cuda_graph_span_ns":2062975.883,"event_status":0,"launch_status":0,"completion_status":0}
{"schema":"riley.owned-graph-diagnostic.v1","kind":"projection","capture_id":2,"replay_id":30,"position":156,"layer":0,"projection":"down","operator":"canonical","cuda_span_ns":5120.000,"event_status":0,"launch_status":0,"completion_status":0}
{"schema":"riley.owned-graph-diagnostic.v1","kind":"read","capture_id":2,"replay_id":30,"host_read_bytes":98344,"host_read_ns":4537}
{"schema":"riley.owned-graph-diagnostic.v1","kind":"replay","capture_id":2,"replay_id":31,"position":157,"host_staging_bytes":98344,"event_setup_ns":560,"host_staging_ns":1536,"host_launch_ns":9093,"host_wait_ns":2057042,"cuda_graph_span_ns":2063488.007,"event_status":0,"launch_status":0,"completion_status":0}
{"schema":"riley.owned-graph-diagnostic.v1","kind":"projection","capture_id":2,"replay_id":31,"position":157,"layer":0,"projection":"down","operator":"canonical","cuda_span_ns":5120.000,"event_status":0,"launch_status":0,"completion_status":0}
{"schema":"riley.owned-graph-diagnostic.v1","kind":"read","capture_id":2,"replay_id":31,"host_read_bytes":98344,"host_read_ns":5047}
{"schema":"riley.owned-graph-diagnostic.v1","kind":"replay","capture_id":2,"replay_id":32,"position":158,"host_staging_bytes":98344,"event_setup_ns":518,"host_staging_ns":1490,"host_launch_ns":8139,"host_wait_ns":2059255,"cuda_graph_span_ns":2064991.951,"event_status":0,"launch_status":0,"completion_status":0}
{"schema":"riley.owned-graph-diagnostic.v1","kind":"projection","capture_id":2,"replay_id":32,"position":158,"layer":0,"projection":"down","operator":"canonical","cuda_span_ns":6144.000,"event_status":0,"launch_status":0,"completion_status":0}
{"schema":"riley.owned-graph-diagnostic.v1","kind":"read","capture_id":2,"replay_id":32,"host_read_bytes":98344,"host_read_ns":4458}
{"schema":"riley.owned-graph-diagnostic.v1","kind":"replay","capture_id":1,"replay_id":33,"position":127,"host_staging_bytes":98344,"event_setup_ns":5359,"host_staging_ns":2265,"host_launch_ns":22991,"host_wait_ns":13678489,"cuda_graph_span_ns":13698111.534,"event_status":0,"launch_status":0,"completion_status":0}
{"schema":"riley.owned-graph-diagnostic.v1","kind":"projection","capture_id":1,"replay_id":33,"position":127,"layer":0,"projection":"down","operator":"override","cuda_span_ns":108543.999,"event_status":0,"launch_status":0,"completion_status":0}
{"schema":"riley.owned-graph-diagnostic.v1","kind":"read","capture_id":1,"replay_id":33,"host_read_bytes":98344,"host_read_ns":6577}
{"schema":"riley.owned-graph-diagnostic.v1","kind":"replay","capture_id":2,"replay_id":34,"position":128,"host_staging_bytes":98344,"event_setup_ns":897,"host_staging_ns":1549,"host_launch_ns":12477,"host_wait_ns":2199130,"cuda_graph_span_ns":2208575.964,"event_status":0,"launch_status":0,"completion_status":0}
{"schema":"riley.owned-graph-diagnostic.v1","kind":"projection","capture_id":2,"replay_id":34,"position":128,"layer":0,"projection":"down","operator":"canonical","cuda_span_ns":5120.000,"event_status":0,"launch_status":0,"completion_status":0}
{"schema":"riley.owned-graph-diagnostic.v1","kind":"read","capture_id":2,"replay_id":34,"host_read_bytes":98344,"host_read_ns":4662}
{"schema":"riley.owned-graph-diagnostic.v1","kind":"replay","capture_id":2,"replay_id":35,"position":129,"host_staging_bytes":98344,"event_setup_ns":513,"host_staging_ns":1511,"host_launch_ns":6800,"host_wait_ns":1867337,"cuda_graph_span_ns":1871456.027,"event_status":0,"launch_status":0,"completion_status":0}
{"schema":"riley.owned-graph-diagnostic.v1","kind":"projection","capture_id":2,"replay_id":35,"position":129,"layer":0,"projection":"down","operator":"canonical","cuda_span_ns":5120.000,"event_status":0,"launch_status":0,"completion_status":0}
{"schema":"riley.owned-graph-diagnostic.v1","kind":"read","capture_id":2,"replay_id":35,"host_read_bytes":98344,"host_read_ns":5226}
{"schema":"riley.owned-graph-diagnostic.v1","kind":"replay","capture_id":2,"replay_id":36,"position":130,"host_staging_bytes":98344,"event_setup_ns":442,"host_staging_ns":1501,"host_launch_ns":7343,"host_wait_ns":1868565,"cuda_graph_span_ns":1873407.960,"event_status":0,"launch_status":0,"completion_status":0}
{"schema":"riley.owned-graph-diagnostic.v1","kind":"projection","capture_id":2,"replay_id":36,"position":130,"layer":0,"projection":"down","operator":"canonical","cuda_span_ns":5120.000,"event_status":0,"launch_status":0,"completion_status":0}
{"schema":"riley.owned-graph-diagnostic.v1","kind":"read","capture_id":2,"replay_id":36,"host_read_bytes":98344,"host_read_ns":5740}
{"schema":"riley.owned-graph-diagnostic.v1","kind":"replay","capture_id":2,"replay_id":37,"position":131,"host_staging_bytes":98344,"event_setup_ns":502,"host_staging_ns":1504,"host_launch_ns":7052,"host_wait_ns":1869949,"cuda_graph_span_ns":1874336.004,"event_status":0,"launch_status":0,"completion_status":0}
{"schema":"riley.owned-graph-diagnostic.v1","kind":"projection","capture_id":2,"replay_id":37,"position":131,"layer":0,"projection":"down","operator":"canonical","cuda_span_ns":5120.000,"event_status":0,"launch_status":0,"completion_status":0}
{"schema":"riley.owned-graph-diagnostic.v1","kind":"read","capture_id":2,"replay_id":37,"host_read_bytes":98344,"host_read_ns":5105}
{"schema":"riley.owned-graph-diagnostic.v1","kind":"replay","capture_id":2,"replay_id":38,"position":132,"host_staging_bytes":98344,"event_setup_ns":331,"host_staging_ns":1505,"host_launch_ns":7200,"host_wait_ns":1868463,"cuda_graph_span_ns":1872992.039,"event_status":0,"launch_status":0,"completion_status":0}
{"schema":"riley.owned-graph-diagnostic.v1","kind":"projection","capture_id":2,"replay_id":38,"position":132,"layer":0,"projection":"down","operator":"canonical","cuda_span_ns":5120.000,"event_status":0,"launch_status":0,"completion_status":0}
{"schema":"riley.owned-graph-diagnostic.v1","kind":"read","capture_id":2,"replay_id":38,"host_read_bytes":98344,"host_read_ns":4993}
{"schema":"riley.owned-graph-diagnostic.v1","kind":"replay","capture_id":2,"replay_id":39,"position":133,"host_staging_bytes":98344,"event_setup_ns":345,"host_staging_ns":1503,"host_launch_ns":6783,"host_wait_ns":1877096,"cuda_graph_span_ns":1881343.961,"event_status":0,"launch_status":0,"completion_status":0}
{"schema":"riley.owned-graph-diagnostic.v1","kind":"projection","capture_id":2,"replay_id":39,"position":133,"layer":0,"projection":"down","operator":"canonical","cuda_span_ns":5120.000,"event_status":0,"launch_status":0,"completion_status":0}
{"schema":"riley.owned-graph-diagnostic.v1","kind":"read","capture_id":2,"replay_id":39,"host_read_bytes":98344,"host_read_ns":4758}
{"schema":"riley.owned-graph-diagnostic.v1","kind":"replay","capture_id":2,"replay_id":40,"position":134,"host_staging_bytes":98344,"event_setup_ns":381,"host_staging_ns":1478,"host_launch_ns":6672,"host_wait_ns":1878554,"cuda_graph_span_ns":1882560.015,"event_status":0,"launch_status":0,"completion_status":0}
{"schema":"riley.owned-graph-diagnostic.v1","kind":"projection","capture_id":2,"replay_id":40,"position":134,"layer":0,"projection":"down","operator":"canonical","cuda_span_ns":5120.000,"event_status":0,"launch_status":0,"completion_status":0}
{"schema":"riley.owned-graph-diagnostic.v1","kind":"read","capture_id":2,"replay_id":40,"host_read_bytes":98344,"host_read_ns":4643}
{"schema":"riley.owned-graph-diagnostic.v1","kind":"replay","capture_id":2,"replay_id":41,"position":135,"host_staging_bytes":98344,"event_setup_ns":356,"host_staging_ns":1502,"host_launch_ns":6995,"host_wait_ns":1868998,"cuda_graph_span_ns":1873183.966,"event_status":0,"launch_status":0,"completion_status":0}
{"schema":"riley.owned-graph-diagnostic.v1","kind":"projection","capture_id":2,"replay_id":41,"position":135,"layer":0,"projection":"down","operator":"canonical","cuda_span_ns":5120.000,"event_status":0,"launch_status":0,"completion_status":0}
{"schema":"riley.owned-graph-diagnostic.v1","kind":"read","capture_id":2,"replay_id":41,"host_read_bytes":98344,"host_read_ns":4708}
{"schema":"riley.owned-graph-diagnostic.v1","kind":"replay","capture_id":2,"replay_id":42,"position":136,"host_staging_bytes":98344,"event_setup_ns":336,"host_staging_ns":1519,"host_launch_ns":6413,"host_wait_ns":1917935,"cuda_graph_span_ns":1921823.978,"event_status":0,"launch_status":0,"completion_status":0}
{"schema":"riley.owned-graph-diagnostic.v1","kind":"projection","capture_id":2,"replay_id":42,"position":136,"layer":0,"projection":"down","operator":"canonical","cuda_span_ns":5120.000,"event_status":0,"launch_status":0,"completion_status":0}
{"schema":"riley.owned-graph-diagnostic.v1","kind":"read","capture_id":2,"replay_id":42,"host_read_bytes":98344,"host_read_ns":4918}
{"schema":"riley.owned-graph-diagnostic.v1","kind":"replay","capture_id":2,"replay_id":43,"position":137,"host_staging_bytes":98344,"event_setup_ns":361,"host_staging_ns":1502,"host_launch_ns":9667,"host_wait_ns":1927028,"cuda_graph_span_ns":1934080.005,"event_status":0,"launch_status":0,"completion_status":0}
{"schema":"riley.owned-graph-diagnostic.v1","kind":"projection","capture_id":2,"replay_id":43,"position":137,"layer":0,"projection":"down","operator":"canonical","cuda_span_ns":5120.000,"event_status":0,"launch_status":0,"completion_status":0}
{"schema":"riley.owned-graph-diagnostic.v1","kind":"read","capture_id":2,"replay_id":43,"host_read_bytes":98344,"host_read_ns":4822}
{"schema":"riley.owned-graph-diagnostic.v1","kind":"replay","capture_id":2,"replay_id":44,"position":138,"host_staging_bytes":98344,"event_setup_ns":415,"host_staging_ns":1501,"host_launch_ns":6787,"host_wait_ns":1925806,"cuda_graph_span_ns":1929952.025,"event_status":0,"launch_status":0,"completion_status":0}
{"schema":"riley.owned-graph-diagnostic.v1","kind":"projection","capture_id":2,"replay_id":44,"position":138,"layer":0,"projection":"down","operator":"canonical","cuda_span_ns":5120.000,"event_status":0,"launch_status":0,"completion_status":0}
{"schema":"riley.owned-graph-diagnostic.v1","kind":"read","capture_id":2,"replay_id":44,"host_read_bytes":98344,"host_read_ns":4854}
{"schema":"riley.owned-graph-diagnostic.v1","kind":"replay","capture_id":2,"replay_id":45,"position":139,"host_staging_bytes":98344,"event_setup_ns":340,"host_staging_ns":1490,"host_launch_ns":6475,"host_wait_ns":1927247,"cuda_graph_span_ns":1931071.997,"event_status":0,"launch_status":0,"completion_status":0}
{"schema":"riley.owned-graph-diagnostic.v1","kind":"projection","capture_id":2,"replay_id":45,"position":139,"layer":0,"projection":"down","operator":"canonical","cuda_span_ns":5120.000,"event_status":0,"launch_status":0,"completion_status":0}
{"schema":"riley.owned-graph-diagnostic.v1","kind":"read","capture_id":2,"replay_id":45,"host_read_bytes":98344,"host_read_ns":5440}
{"schema":"riley.owned-graph-diagnostic.v1","kind":"replay","capture_id":2,"replay_id":46,"position":140,"host_staging_bytes":98344,"event_setup_ns":331,"host_staging_ns":1502,"host_launch_ns":6615,"host_wait_ns":1934469,"cuda_graph_span_ns":1938367.963,"event_status":0,"launch_status":0,"completion_status":0}
{"schema":"riley.owned-graph-diagnostic.v1","kind":"projection","capture_id":2,"replay_id":46,"position":140,"layer":0,"projection":"down","operator":"canonical","cuda_span_ns":5120.000,"event_status":0,"launch_status":0,"completion_status":0}
{"schema":"riley.owned-graph-diagnostic.v1","kind":"read","capture_id":2,"replay_id":46,"host_read_bytes":98344,"host_read_ns":4176}
{"schema":"riley.owned-graph-diagnostic.v1","kind":"replay","capture_id":2,"replay_id":47,"position":141,"host_staging_bytes":98344,"event_setup_ns":372,"host_staging_ns":1496,"host_launch_ns":6638,"host_wait_ns":1935476,"cuda_graph_span_ns":1939584.017,"event_status":0,"launch_status":0,"completion_status":0}
{"schema":"riley.owned-graph-diagnostic.v1","kind":"projection","capture_id":2,"replay_id":47,"position":141,"layer":0,"projection":"down","operator":"canonical","cuda_span_ns":5120.000,"event_status":0,"launch_status":0,"completion_status":0}
{"schema":"riley.owned-graph-diagnostic.v1","kind":"read","capture_id":2,"replay_id":47,"host_read_bytes":98344,"host_read_ns":4464}
{"schema":"riley.owned-graph-diagnostic.v1","kind":"replay","capture_id":2,"replay_id":48,"position":142,"host_staging_bytes":98344,"event_setup_ns":338,"host_staging_ns":1497,"host_launch_ns":6523,"host_wait_ns":1924543,"cuda_graph_span_ns":1928383.946,"event_status":0,"launch_status":0,"completion_status":0}
{"schema":"riley.owned-graph-diagnostic.v1","kind":"projection","capture_id":2,"replay_id":48,"position":142,"layer":0,"projection":"down","operator":"canonical","cuda_span_ns":5120.000,"event_status":0,"launch_status":0,"completion_status":0}
{"schema":"riley.owned-graph-diagnostic.v1","kind":"read","capture_id":2,"replay_id":48,"host_read_bytes":98344,"host_read_ns":4558}
{"schema":"riley.owned-graph-diagnostic.v1","kind":"replay","capture_id":2,"replay_id":49,"position":143,"host_staging_bytes":98344,"event_setup_ns":393,"host_staging_ns":1503,"host_launch_ns":6932,"host_wait_ns":1928365,"cuda_graph_span_ns":1932703.972,"event_status":0,"launch_status":0,"completion_status":0}
{"schema":"riley.owned-graph-diagnostic.v1","kind":"projection","capture_id":2,"replay_id":49,"position":143,"layer":0,"projection":"down","operator":"canonical","cuda_span_ns":5120.000,"event_status":0,"launch_status":0,"completion_status":0}
{"schema":"riley.owned-graph-diagnostic.v1","kind":"read","capture_id":2,"replay_id":49,"host_read_bytes":98344,"host_read_ns":5045}
{"schema":"riley.owned-graph-diagnostic.v1","kind":"replay","capture_id":2,"replay_id":50,"position":144,"host_staging_bytes":98344,"event_setup_ns":403,"host_staging_ns":1499,"host_launch_ns":6641,"host_wait_ns":1984745,"cuda_graph_span_ns":1988863.945,"event_status":0,"launch_status":0,"completion_status":0}
{"schema":"riley.owned-graph-diagnostic.v1","kind":"projection","capture_id":2,"replay_id":50,"position":144,"layer":0,"projection":"down","operator":"canonical","cuda_span_ns":5344.000,"event_status":0,"launch_status":0,"completion_status":0}
{"schema":"riley.owned-graph-diagnostic.v1","kind":"read","capture_id":2,"replay_id":50,"host_read_bytes":98344,"host_read_ns":4951}
{"schema":"riley.owned-graph-diagnostic.v1","kind":"replay","capture_id":2,"replay_id":51,"position":145,"host_staging_bytes":98344,"event_setup_ns":397,"host_staging_ns":1506,"host_launch_ns":6708,"host_wait_ns":1999241,"cuda_graph_span_ns":2003360.033,"event_status":0,"launch_status":0,"completion_status":0}
{"schema":"riley.owned-graph-diagnostic.v1","kind":"projection","capture_id":2,"replay_id":51,"position":145,"layer":0,"projection":"down","operator":"canonical","cuda_span_ns":5120.000,"event_status":0,"launch_status":0,"completion_status":0}
{"schema":"riley.owned-graph-diagnostic.v1","kind":"read","capture_id":2,"replay_id":51,"host_read_bytes":98344,"host_read_ns":4508}
{"schema":"riley.owned-graph-diagnostic.v1","kind":"replay","capture_id":2,"replay_id":52,"position":146,"host_staging_bytes":98344,"event_setup_ns":372,"host_staging_ns":1496,"host_launch_ns":6923,"host_wait_ns":1999091,"cuda_graph_span_ns":2003488.064,"event_status":0,"launch_status":0,"completion_status":0}
{"schema":"riley.owned-graph-diagnostic.v1","kind":"projection","capture_id":2,"replay_id":52,"position":146,"layer":0,"projection":"down","operator":"canonical","cuda_span_ns":5120.000,"event_status":0,"launch_status":0,"completion_status":0}
{"schema":"riley.owned-graph-diagnostic.v1","kind":"read","capture_id":2,"replay_id":52,"host_read_bytes":98344,"host_read_ns":4283}
{"schema":"riley.owned-graph-diagnostic.v1","kind":"replay","capture_id":2,"replay_id":53,"position":147,"host_staging_bytes":98344,"event_setup_ns":370,"host_staging_ns":1492,"host_launch_ns":7078,"host_wait_ns":1999327,"cuda_graph_span_ns":2003679.991,"event_status":0,"launch_status":0,"completion_status":0}
{"schema":"riley.owned-graph-diagnostic.v1","kind":"projection","capture_id":2,"replay_id":53,"position":147,"layer":0,"projection":"down","operator":"canonical","cuda_span_ns":5120.000,"event_status":0,"launch_status":0,"completion_status":0}
{"schema":"riley.owned-graph-diagnostic.v1","kind":"read","capture_id":2,"replay_id":53,"host_read_bytes":98344,"host_read_ns":4532}
{"schema":"riley.owned-graph-diagnostic.v1","kind":"replay","capture_id":2,"replay_id":54,"position":148,"host_staging_bytes":98344,"event_setup_ns":336,"host_staging_ns":1506,"host_launch_ns":6800,"host_wait_ns":1998668,"cuda_graph_span_ns":2003135.920,"event_status":0,"launch_status":0,"completion_status":0}
{"schema":"riley.owned-graph-diagnostic.v1","kind":"projection","capture_id":2,"replay_id":54,"position":148,"layer":0,"projection":"down","operator":"canonical","cuda_span_ns":5120.000,"event_status":0,"launch_status":0,"completion_status":0}
{"schema":"riley.owned-graph-diagnostic.v1","kind":"read","capture_id":2,"replay_id":54,"host_read_bytes":98344,"host_read_ns":4743}
{"schema":"riley.owned-graph-diagnostic.v1","kind":"replay","capture_id":2,"replay_id":55,"position":149,"host_staging_bytes":98344,"event_setup_ns":333,"host_staging_ns":1479,"host_launch_ns":7117,"host_wait_ns":2007918,"cuda_graph_span_ns":2012288.094,"event_status":0,"launch_status":0,"completion_status":0}
{"schema":"riley.owned-graph-diagnostic.v1","kind":"projection","capture_id":2,"replay_id":55,"position":149,"layer":0,"projection":"down","operator":"canonical","cuda_span_ns":5120.000,"event_status":0,"launch_status":0,"completion_status":0}
{"schema":"riley.owned-graph-diagnostic.v1","kind":"read","capture_id":2,"replay_id":55,"host_read_bytes":98344,"host_read_ns":4465}
{"schema":"riley.owned-graph-diagnostic.v1","kind":"replay","capture_id":2,"replay_id":56,"position":150,"host_staging_bytes":98344,"event_setup_ns":337,"host_staging_ns":1494,"host_launch_ns":6576,"host_wait_ns":1999602,"cuda_graph_span_ns":2003488.064,"event_status":0,"launch_status":0,"completion_status":0}
{"schema":"riley.owned-graph-diagnostic.v1","kind":"projection","capture_id":2,"replay_id":56,"position":150,"layer":0,"projection":"down","operator":"canonical","cuda_span_ns":6144.000,"event_status":0,"launch_status":0,"completion_status":0}
{"schema":"riley.owned-graph-diagnostic.v1","kind":"read","capture_id":2,"replay_id":56,"host_read_bytes":98344,"host_read_ns":4833}
{"schema":"riley.owned-graph-diagnostic.v1","kind":"replay","capture_id":2,"replay_id":57,"position":151,"host_staging_bytes":98344,"event_setup_ns":337,"host_staging_ns":1478,"host_launch_ns":6845,"host_wait_ns":1998822,"cuda_graph_span_ns":2003007.889,"event_status":0,"launch_status":0,"completion_status":0}
{"schema":"riley.owned-graph-diagnostic.v1","kind":"projection","capture_id":2,"replay_id":57,"position":151,"layer":0,"projection":"down","operator":"canonical","cuda_span_ns":5120.000,"event_status":0,"launch_status":0,"completion_status":0}
{"schema":"riley.owned-graph-diagnostic.v1","kind":"read","capture_id":2,"replay_id":57,"host_read_bytes":98344,"host_read_ns":4609}
{"schema":"riley.owned-graph-diagnostic.v1","kind":"replay","capture_id":2,"replay_id":58,"position":152,"host_staging_bytes":98344,"event_setup_ns":358,"host_staging_ns":1506,"host_launch_ns":6719,"host_wait_ns":2042324,"cuda_graph_span_ns":2046560.049,"event_status":0,"launch_status":0,"completion_status":0}
{"schema":"riley.owned-graph-diagnostic.v1","kind":"projection","capture_id":2,"replay_id":58,"position":152,"layer":0,"projection":"down","operator":"canonical","cuda_span_ns":5120.000,"event_status":0,"launch_status":0,"completion_status":0}
{"schema":"riley.owned-graph-diagnostic.v1","kind":"read","capture_id":2,"replay_id":58,"host_read_bytes":98344,"host_read_ns":5202}
{"schema":"riley.owned-graph-diagnostic.v1","kind":"replay","capture_id":2,"replay_id":59,"position":153,"host_staging_bytes":98344,"event_setup_ns":384,"host_staging_ns":1504,"host_launch_ns":6601,"host_wait_ns":2058609,"cuda_graph_span_ns":2062304.020,"event_status":0,"launch_status":0,"completion_status":0}
{"schema":"riley.owned-graph-diagnostic.v1","kind":"projection","capture_id":2,"replay_id":59,"position":153,"layer":0,"projection":"down","operator":"canonical","cuda_span_ns":5120.000,"event_status":0,"launch_status":0,"completion_status":0}
{"schema":"riley.owned-graph-diagnostic.v1","kind":"read","capture_id":2,"replay_id":59,"host_read_bytes":98344,"host_read_ns":4242}
{"schema":"riley.owned-graph-diagnostic.v1","kind":"replay","capture_id":2,"replay_id":60,"position":154,"host_staging_bytes":98344,"event_setup_ns":348,"host_staging_ns":1501,"host_launch_ns":6861,"host_wait_ns":2057160,"cuda_graph_span_ns":2061376.095,"event_status":0,"launch_status":0,"completion_status":0}
{"schema":"riley.owned-graph-diagnostic.v1","kind":"projection","capture_id":2,"replay_id":60,"position":154,"layer":0,"projection":"down","operator":"canonical","cuda_span_ns":5120.000,"event_status":0,"launch_status":0,"completion_status":0}
{"schema":"riley.owned-graph-diagnostic.v1","kind":"read","capture_id":2,"replay_id":60,"host_read_bytes":98344,"host_read_ns":4680}
{"schema":"riley.owned-graph-diagnostic.v1","kind":"replay","capture_id":2,"replay_id":61,"position":155,"host_staging_bytes":98344,"event_setup_ns":365,"host_staging_ns":1497,"host_launch_ns":6440,"host_wait_ns":2058185,"cuda_graph_span_ns":2061952.114,"event_status":0,"launch_status":0,"completion_status":0}
{"schema":"riley.owned-graph-diagnostic.v1","kind":"projection","capture_id":2,"replay_id":61,"position":155,"layer":0,"projection":"down","operator":"canonical","cuda_span_ns":5120.000,"event_status":0,"launch_status":0,"completion_status":0}
{"schema":"riley.owned-graph-diagnostic.v1","kind":"read","capture_id":2,"replay_id":61,"host_read_bytes":98344,"host_read_ns":4407}
{"schema":"riley.owned-graph-diagnostic.v1","kind":"replay","capture_id":2,"replay_id":62,"position":156,"host_staging_bytes":98344,"event_setup_ns":352,"host_staging_ns":1506,"host_launch_ns":6854,"host_wait_ns":2056800,"cuda_graph_span_ns":2060992.002,"event_status":0,"launch_status":0,"completion_status":0}
{"schema":"riley.owned-graph-diagnostic.v1","kind":"projection","capture_id":2,"replay_id":62,"position":156,"layer":0,"projection":"down","operator":"canonical","cuda_span_ns":5120.000,"event_status":0,"launch_status":0,"completion_status":0}
{"schema":"riley.owned-graph-diagnostic.v1","kind":"read","capture_id":2,"replay_id":62,"host_read_bytes":98344,"host_read_ns":4517}
{"schema":"riley.owned-graph-diagnostic.v1","kind":"replay","capture_id":2,"replay_id":63,"position":157,"host_staging_bytes":98344,"event_setup_ns":344,"host_staging_ns":1495,"host_launch_ns":6641,"host_wait_ns":2057721,"cuda_graph_span_ns":2061887.980,"event_status":0,"launch_status":0,"completion_status":0}
{"schema":"riley.owned-graph-diagnostic.v1","kind":"projection","capture_id":2,"replay_id":63,"position":157,"layer":0,"projection":"down","operator":"canonical","cuda_span_ns":5120.000,"event_status":0,"launch_status":0,"completion_status":0}
{"schema":"riley.owned-graph-diagnostic.v1","kind":"read","capture_id":2,"replay_id":63,"host_read_bytes":98344,"host_read_ns":4596}
{"schema":"riley.owned-graph-diagnostic.v1","kind":"replay","capture_id":2,"replay_id":64,"position":158,"host_staging_bytes":98344,"event_setup_ns":327,"host_staging_ns":1486,"host_launch_ns":6561,"host_wait_ns":2056159,"cuda_graph_span_ns":2060319.901,"event_status":0,"launch_status":0,"completion_status":0}
{"schema":"riley.owned-graph-diagnostic.v1","kind":"projection","capture_id":2,"replay_id":64,"position":158,"layer":0,"projection":"down","operator":"canonical","cuda_span_ns":5120.000,"event_status":0,"launch_status":0,"completion_status":0}
{"schema":"riley.owned-graph-diagnostic.v1","kind":"read","capture_id":2,"replay_id":64,"host_read_bytes":98344,"host_read_ns":4601}
{"schema":"riley.owned-graph-diagnostic.v1","kind":"replay","capture_id":1,"replay_id":65,"position":127,"host_staging_bytes":98344,"event_setup_ns":1094,"host_staging_ns":1522,"host_launch_ns":11718,"host_wait_ns":13668777,"cuda_graph_span_ns":13677056.313,"event_status":0,"launch_status":0,"completion_status":0}
{"schema":"riley.owned-graph-diagnostic.v1","kind":"projection","capture_id":1,"replay_id":65,"position":127,"layer":0,"projection":"down","operator":"override","cuda_span_ns":107519.999,"event_status":0,"launch_status":0,"completion_status":0}
{"schema":"riley.owned-graph-diagnostic.v1","kind":"read","capture_id":1,"replay_id":65,"host_read_bytes":98344,"host_read_ns":5552}
{"schema":"riley.owned-graph-diagnostic.v1","kind":"replay","capture_id":2,"replay_id":66,"position":128,"host_staging_bytes":98344,"event_setup_ns":710,"host_staging_ns":1530,"host_launch_ns":8258,"host_wait_ns":2203894,"cuda_graph_span_ns":2209248.066,"event_status":0,"launch_status":0,"completion_status":0}
{"schema":"riley.owned-graph-diagnostic.v1","kind":"projection","capture_id":2,"replay_id":66,"position":128,"layer":0,"projection":"down","operator":"canonical","cuda_span_ns":5120.000,"event_status":0,"launch_status":0,"completion_status":0}
{"schema":"riley.owned-graph-diagnostic.v1","kind":"read","capture_id":2,"replay_id":66,"host_read_bytes":98344,"host_read_ns":4652}
{"schema":"riley.owned-graph-diagnostic.v1","kind":"replay","capture_id":2,"replay_id":67,"position":129,"host_staging_bytes":98344,"event_setup_ns":407,"host_staging_ns":1526,"host_launch_ns":6622,"host_wait_ns":1867818,"cuda_graph_span_ns":1871999.979,"event_status":0,"launch_status":0,"completion_status":0}
{"schema":"riley.owned-graph-diagnostic.v1","kind":"projection","capture_id":2,"replay_id":67,"position":129,"layer":0,"projection":"down","operator":"canonical","cuda_span_ns":5216.000,"event_status":0,"launch_status":0,"completion_status":0}
{"schema":"riley.owned-graph-diagnostic.v1","kind":"read","capture_id":2,"replay_id":67,"host_read_bytes":98344,"host_read_ns":4380}
{"schema":"riley.owned-graph-diagnostic.v1","kind":"replay","capture_id":2,"replay_id":68,"position":130,"host_staging_bytes":98344,"event_setup_ns":428,"host_staging_ns":1509,"host_launch_ns":6918,"host_wait_ns":1868320,"cuda_graph_span_ns":1872704.029,"event_status":0,"launch_status":0,"completion_status":0}
{"schema":"riley.owned-graph-diagnostic.v1","kind":"projection","capture_id":2,"replay_id":68,"position":130,"layer":0,"projection":"down","operator":"canonical","cuda_span_ns":5120.000,"event_status":0,"launch_status":0,"completion_status":0}
{"schema":"riley.owned-graph-diagnostic.v1","kind":"read","capture_id":2,"replay_id":68,"host_read_bytes":98344,"host_read_ns":4777}
{"schema":"riley.owned-graph-diagnostic.v1","kind":"replay","capture_id":2,"replay_id":69,"position":131,"host_staging_bytes":98344,"event_setup_ns":343,"host_staging_ns":1509,"host_launch_ns":6656,"host_wait_ns":1875837,"cuda_graph_span_ns":1879776.001,"event_status":0,"launch_status":0,"completion_status":0}
{"schema":"riley.owned-graph-diagnostic.v1","kind":"projection","capture_id":2,"replay_id":69,"position":131,"layer":0,"projection":"down","operator":"canonical","cuda_span_ns":6144.000,"event_status":0,"launch_status":0,"completion_status":0}
{"schema":"riley.owned-graph-diagnostic.v1","kind":"read","capture_id":2,"replay_id":69,"host_read_bytes":98344,"host_read_ns":4507}
{"schema":"riley.owned-graph-diagnostic.v1","kind":"replay","capture_id":2,"replay_id":70,"position":132,"host_staging_bytes":98344,"event_setup_ns":309,"host_staging_ns":1489,"host_launch_ns":6738,"host_wait_ns":1876378,"cuda_graph_span_ns":1880735.993,"event_status":0,"launch_status":0,"completion_status":0}
{"schema":"riley.owned-graph-diagnostic.v1","kind":"projection","capture_id":2,"replay_id":70,"position":132,"layer":0,"projection":"down","operator":"canonical","cuda_span_ns":5120.000,"event_status":0,"launch_status":0,"completion_status":0}
{"schema":"riley.owned-graph-diagnostic.v1","kind":"read","capture_id":2,"replay_id":70,"host_read_bytes":98344,"host_read_ns":4534}
{"schema":"riley.owned-graph-diagnostic.v1","kind":"replay","capture_id":2,"replay_id":71,"position":133,"host_staging_bytes":98344,"event_setup_ns":386,"host_staging_ns":1508,"host_launch_ns":6849,"host_wait_ns":1875362,"cuda_graph_span_ns":1879680.037,"event_status":0,"launch_status":0,"completion_status":0}
{"schema":"riley.owned-graph-diagnostic.v1","kind":"projection","capture_id":2,"replay_id":71,"position":133,"layer":0,"projection":"down","operator":"canonical","cuda_span_ns":5120.000,"event_status":0,"launch_status":0,"completion_status":0}
{"schema":"riley.owned-graph-diagnostic.v1","kind":"read","capture_id":2,"replay_id":71,"host_read_bytes":98344,"host_read_ns":4750}
{"schema":"riley.owned-graph-diagnostic.v1","kind":"replay","capture_id":2,"replay_id":72,"position":134,"host_staging_bytes":98344,"event_setup_ns":297,"host_staging_ns":1492,"host_launch_ns":6788,"host_wait_ns":1874904,"cuda_graph_span_ns":1879392.028,"event_status":0,"launch_status":0,"completion_status":0}
{"schema":"riley.owned-graph-diagnostic.v1","kind":"projection","capture_id":2,"replay_id":72,"position":134,"layer":0,"projection":"down","operator":"canonical","cuda_span_ns":6144.000,"event_status":0,"launch_status":0,"completion_status":0}
{"schema":"riley.owned-graph-diagnostic.v1","kind":"read","capture_id":2,"replay_id":72,"host_read_bytes":98344,"host_read_ns":4562}
{"schema":"riley.owned-graph-diagnostic.v1","kind":"replay","capture_id":2,"replay_id":73,"position":135,"host_staging_bytes":98344,"event_setup_ns":322,"host_staging_ns":1497,"host_launch_ns":6875,"host_wait_ns":1868311,"cuda_graph_span_ns":1872544.050,"event_status":0,"launch_status":0,"completion_status":0}
{"schema":"riley.owned-graph-diagnostic.v1","kind":"projection","capture_id":2,"replay_id":73,"position":135,"layer":0,"projection":"down","operator":"canonical","cuda_span_ns":5120.000,"event_status":0,"launch_status":0,"completion_status":0}
{"schema":"riley.owned-graph-diagnostic.v1","kind":"read","capture_id":2,"replay_id":73,"host_read_bytes":98344,"host_read_ns":4786}
{"schema":"riley.owned-graph-diagnostic.v1","kind":"replay","capture_id":2,"replay_id":74,"position":136,"host_staging_bytes":98344,"event_setup_ns":302,"host_staging_ns":1509,"host_launch_ns":6855,"host_wait_ns":1910566,"cuda_graph_span_ns":1914720.058,"event_status":0,"launch_status":0,"completion_status":0}
{"schema":"riley.owned-graph-diagnostic.v1","kind":"projection","capture_id":2,"replay_id":74,"position":136,"layer":0,"projection":"down","operator":"canonical","cuda_span_ns":5120.000,"event_status":0,"launch_status":0,"completion_status":0}
{"schema":"riley.owned-graph-diagnostic.v1","kind":"read","capture_id":2,"replay_id":74,"host_read_bytes":98344,"host_read_ns":4415}
{"schema":"riley.owned-graph-diagnostic.v1","kind":"replay","capture_id":2,"replay_id":75,"position":137,"host_staging_bytes":98344,"event_setup_ns":293,"host_staging_ns":1494,"host_launch_ns":6497,"host_wait_ns":1925568,"cuda_graph_span_ns":1929695.964,"event_status":0,"launch_status":0,"completion_status":0}
{"schema":"riley.owned-graph-diagnostic.v1","kind":"projection","capture_id":2,"replay_id":75,"position":137,"layer":0,"projection":"down","operator":"canonical","cuda_span_ns":6144.000,"event_status":0,"launch_status":0,"completion_status":0}
{"schema":"riley.owned-graph-diagnostic.v1","kind":"read","capture_id":2,"replay_id":75,"host_read_bytes":98344,"host_read_ns":4840}
{"schema":"riley.owned-graph-diagnostic.v1","kind":"replay","capture_id":2,"replay_id":76,"position":138,"host_staging_bytes":98344,"event_setup_ns":296,"host_staging_ns":1497,"host_launch_ns":6626,"host_wait_ns":1924846,"cuda_graph_span_ns":1929087.996,"event_status":0,"launch_status":0,"completion_status":0}
{"schema":"riley.owned-graph-diagnostic.v1","kind":"projection","capture_id":2,"replay_id":76,"position":138,"layer":0,"projection":"down","operator":"canonical","cuda_span_ns":5120.000,"event_status":0,"launch_status":0,"completion_status":0}
{"schema":"riley.owned-graph-diagnostic.v1","kind":"read","capture_id":2,"replay_id":76,"host_read_bytes":98344,"host_read_ns":4434}
{"schema":"riley.owned-graph-diagnostic.v1","kind":"replay","capture_id":2,"replay_id":77,"position":139,"host_staging_bytes":98344,"event_setup_ns":404,"host_staging_ns":1495,"host_launch_ns":6476,"host_wait_ns":1924751,"cuda_graph_span_ns":1928735.971,"event_status":0,"launch_status":0,"completion_status":0}
{"schema":"riley.owned-graph-diagnostic.v1","kind":"projection","capture_id":2,"replay_id":77,"position":139,"layer":0,"projection":"down","operator":"canonical","cuda_span_ns":6144.000,"event_status":0,"launch_status":0,"completion_status":0}
{"schema":"riley.owned-graph-diagnostic.v1","kind":"read","capture_id":2,"replay_id":77,"host_read_bytes":98344,"host_read_ns":4372}
{"schema":"riley.owned-graph-diagnostic.v1","kind":"replay","capture_id":2,"replay_id":78,"position":140,"host_staging_bytes":98344,"event_setup_ns":421,"host_staging_ns":1465,"host_launch_ns":6801,"host_wait_ns":1924155,"cuda_graph_span_ns":1928480.029,"event_status":0,"launch_status":0,"completion_status":0}
{"schema":"riley.owned-graph-diagnostic.v1","kind":"projection","capture_id":2,"replay_id":78,"position":140,"layer":0,"projection":"down","operator":"canonical","cuda_span_ns":5120.000,"event_status":0,"launch_status":0,"completion_status":0}
{"schema":"riley.owned-graph-diagnostic.v1","kind":"read","capture_id":2,"replay_id":78,"host_read_bytes":98344,"host_read_ns":4038}
{"schema":"riley.owned-graph-diagnostic.v1","kind":"replay","capture_id":2,"replay_id":79,"position":141,"host_staging_bytes":98344,"event_setup_ns":297,"host_staging_ns":1483,"host_launch_ns":6514,"host_wait_ns":1929579,"cuda_graph_span_ns":1933375.955,"event_status":0,"launch_status":0,"completion_status":0}
{"schema":"riley.owned-graph-diagnostic.v1","kind":"projection","capture_id":2,"replay_id":79,"position":141,"layer":0,"projection":"down","operator":"canonical","cuda_span_ns":6144.000,"event_status":0,"launch_status":0,"completion_status":0}
{"schema":"riley.owned-graph-diagnostic.v1","kind":"read","capture_id":2,"replay_id":79,"host_read_bytes":98344,"host_read_ns":4637}
{"schema":"riley.owned-graph-diagnostic.v1","kind":"replay","capture_id":2,"replay_id":80,"position":142,"host_staging_bytes":98344,"event_setup_ns":370,"host_staging_ns":1492,"host_launch_ns":6417,"host_wait_ns":1925462,"cuda_graph_span_ns":1929152.012,"event_status":0,"launch_status":0,"completion_status":0}
{"schema":"riley.owned-graph-diagnostic.v1","kind":"projection","capture_id":2,"replay_id":80,"position":142,"layer":0,"projection":"down","operator":"canonical","cuda_span_ns":6144.000,"event_status":0,"launch_status":0,"completion_status":0}
{"schema":"riley.owned-graph-diagnostic.v1","kind":"read","capture_id":2,"replay_id":80,"host_read_bytes":98344,"host_read_ns":4464}
{"schema":"riley.owned-graph-diagnostic.v1","kind":"replay","capture_id":2,"replay_id":81,"position":143,"host_staging_bytes":98344,"event_setup_ns":370,"host_staging_ns":1506,"host_launch_ns":6867,"host_wait_ns":1924436,"cuda_graph_span_ns":1928768.039,"event_status":0,"launch_status":0,"completion_status":0}
{"schema":"riley.owned-graph-diagnostic.v1","kind":"projection","capture_id":2,"replay_id":81,"position":143,"layer":0,"projection":"down","operator":"canonical","cuda_span_ns":5120.000,"event_status":0,"launch_status":0,"completion_status":0}
{"schema":"riley.owned-graph-diagnostic.v1","kind":"read","capture_id":2,"replay_id":81,"host_read_bytes":98344,"host_read_ns":4608}
{"schema":"riley.owned-graph-diagnostic.v1","kind":"replay","capture_id":2,"replay_id":82,"position":144,"host_staging_bytes":98344,"event_setup_ns":300,"host_staging_ns":1488,"host_launch_ns":6423,"host_wait_ns":1984521,"cuda_graph_span_ns":1988415.956,"event_status":0,"launch_status":0,"completion_status":0}
{"schema":"riley.owned-graph-diagnostic.v1","kind":"projection","capture_id":2,"replay_id":82,"position":144,"layer":0,"projection":"down","operator":"canonical","cuda_span_ns":5120.000,"event_status":0,"launch_status":0,"completion_status":0}
{"schema":"riley.owned-graph-diagnostic.v1","kind":"read","capture_id":2,"replay_id":82,"host_read_bytes":98344,"host_read_ns":4422}
{"schema":"riley.owned-graph-diagnostic.v1","kind":"replay","capture_id":2,"replay_id":83,"position":145,"host_staging_bytes":98344,"event_setup_ns":365,"host_staging_ns":1520,"host_launch_ns":6690,"host_wait_ns":2000344,"cuda_graph_span_ns":2004447.937,"event_status":0,"launch_status":0,"completion_status":0}
{"schema":"riley.owned-graph-diagnostic.v1","kind":"projection","capture_id":2,"replay_id":83,"position":145,"layer":0,"projection":"down","operator":"canonical","cuda_span_ns":5120.000,"event_status":0,"launch_status":0,"completion_status":0}
{"schema":"riley.owned-graph-diagnostic.v1","kind":"read","capture_id":2,"replay_id":83,"host_read_bytes":98344,"host_read_ns":4703}
{"schema":"riley.owned-graph-diagnostic.v1","kind":"replay","capture_id":2,"replay_id":84,"position":146,"host_staging_bytes":98344,"event_setup_ns":301,"host_staging_ns":1501,"host_launch_ns":6810,"host_wait_ns":1999304,"cuda_graph_span_ns":2003711.939,"event_status":0,"launch_status":0,"completion_status":0}
{"schema":"riley.owned-graph-diagnostic.v1","kind":"projection","capture_id":2,"replay_id":84,"position":146,"layer":0,"projection":"down","operator":"canonical","cuda_span_ns":5120.000,"event_status":0,"launch_status":0,"completion_status":0}
{"schema":"riley.owned-graph-diagnostic.v1","kind":"read","capture_id":2,"replay_id":84,"host_read_bytes":98344,"host_read_ns":4508}
{"schema":"riley.owned-graph-diagnostic.v1","kind":"replay","capture_id":2,"replay_id":85,"position":147,"host_staging_bytes":98344,"event_setup_ns":301,"host_staging_ns":1485,"host_launch_ns":6503,"host_wait_ns":2000420,"cuda_graph_span_ns":2004031.897,"event_status":0,"launch_status":0,"completion_status":0}
{"schema":"riley.owned-graph-diagnostic.v1","kind":"projection","capture_id":2,"replay_id":85,"position":147,"layer":0,"projection":"down","operator":"canonical","cuda_span_ns":5120.000,"event_status":0,"launch_status":0,"completion_status":0}
{"schema":"riley.owned-graph-diagnostic.v1","kind":"read","capture_id":2,"replay_id":85,"host_read_bytes":98344,"host_read_ns":4255}
{"schema":"riley.owned-graph-diagnostic.v1","kind":"replay","capture_id":2,"replay_id":86,"position":148,"host_staging_bytes":98344,"event_setup_ns":331,"host_staging_ns":1485,"host_launch_ns":6965,"host_wait_ns":1999371,"cuda_graph_span_ns":2003808.022,"event_status":0,"launch_status":0,"completion_status":0}
{"schema":"riley.owned-graph-diagnostic.v1","kind":"projection","capture_id":2,"replay_id":86,"position":148,"layer":0,"projection":"down","operator":"canonical","cuda_span_ns":5120.000,"event_status":0,"launch_status":0,"completion_status":0}
{"schema":"riley.owned-graph-diagnostic.v1","kind":"read","capture_id":2,"replay_id":86,"host_read_bytes":98344,"host_read_ns":4191}
{"schema":"riley.owned-graph-diagnostic.v1","kind":"replay","capture_id":2,"replay_id":87,"position":149,"host_staging_bytes":98344,"event_setup_ns":397,"host_staging_ns":1482,"host_launch_ns":6860,"host_wait_ns":2000440,"cuda_graph_span_ns":2004832.029,"event_status":0,"launch_status":0,"completion_status":0}
{"schema":"riley.owned-graph-diagnostic.v1","kind":"projection","capture_id":2,"replay_id":87,"position":149,"layer":0,"projection":"down","operator":"canonical","cuda_span_ns":5120.000,"event_status":0,"launch_status":0,"completion_status":0}
{"schema":"riley.owned-graph-diagnostic.v1","kind":"read","capture_id":2,"replay_id":87,"host_read_bytes":98344,"host_read_ns":4695}
{"schema":"riley.owned-graph-diagnostic.v1","kind":"replay","capture_id":2,"replay_id":88,"position":150,"host_staging_bytes":98344,"event_setup_ns":424,"host_staging_ns":1494,"host_launch_ns":6596,"host_wait_ns":2000135,"cuda_graph_span_ns":2004064.083,"event_status":0,"launch_status":0,"completion_status":0}
{"schema":"riley.owned-graph-diagnostic.v1","kind":"projection","capture_id":2,"replay_id":88,"position":150,"layer":0,"projection":"down","operator":"canonical","cuda_span_ns":6144.000,"event_status":0,"launch_status":0,"completion_status":0}
{"schema":"riley.owned-graph-diagnostic.v1","kind":"read","capture_id":2,"replay_id":88,"host_read_bytes":98344,"host_read_ns":4654}
{"schema":"riley.owned-graph-diagnostic.v1","kind":"replay","capture_id":2,"replay_id":89,"position":151,"host_staging_bytes":98344,"event_setup_ns":305,"host_staging_ns":1485,"host_launch_ns":6858,"host_wait_ns":1999625,"cuda_graph_span_ns":2003839.970,"event_status":0,"launch_status":0,"completion_status":0}
{"schema":"riley.owned-graph-diagnostic.v1","kind":"projection","capture_id":2,"replay_id":89,"position":151,"layer":0,"projection":"down","operator":"canonical","cuda_span_ns":5120.000,"event_status":0,"launch_status":0,"completion_status":0}
{"schema":"riley.owned-graph-diagnostic.v1","kind":"read","capture_id":2,"replay_id":89,"host_read_bytes":98344,"host_read_ns":4373}
{"schema":"riley.owned-graph-diagnostic.v1","kind":"replay","capture_id":2,"replay_id":90,"position":152,"host_staging_bytes":98344,"event_setup_ns":305,"host_staging_ns":1490,"host_launch_ns":6787,"host_wait_ns":2040628,"cuda_graph_span_ns":2045088.053,"event_status":0,"launch_status":0,"completion_status":0}
{"schema":"riley.owned-graph-diagnostic.v1","kind":"projection","capture_id":2,"replay_id":90,"position":152,"layer":0,"projection":"down","operator":"canonical","cuda_span_ns":5120.000,"event_status":0,"launch_status":0,"completion_status":0}
{"schema":"riley.owned-graph-diagnostic.v1","kind":"read","capture_id":2,"replay_id":90,"host_read_bytes":98344,"host_read_ns":4302}
{"schema":"riley.owned-graph-diagnostic.v1","kind":"replay","capture_id":2,"replay_id":91,"position":153,"host_staging_bytes":98344,"event_setup_ns":358,"host_staging_ns":1482,"host_launch_ns":6624,"host_wait_ns":2056290,"cuda_graph_span_ns":2060192.108,"event_status":0,"launch_status":0,"completion_status":0}
{"schema":"riley.owned-graph-diagnostic.v1","kind":"projection","capture_id":2,"replay_id":91,"position":153,"layer":0,"projection":"down","operator":"canonical","cuda_span_ns":5120.000,"event_status":0,"launch_status":0,"completion_status":0}
{"schema":"riley.owned-graph-diagnostic.v1","kind":"read","capture_id":2,"replay_id":91,"host_read_bytes":98344,"host_read_ns":4702}
{"schema":"riley.owned-graph-diagnostic.v1","kind":"replay","capture_id":2,"replay_id":92,"position":154,"host_staging_bytes":98344,"event_setup_ns":439,"host_staging_ns":1489,"host_launch_ns":6602,"host_wait_ns":2058224,"cuda_graph_span_ns":2063424.110,"event_status":0,"launch_status":0,"completion_status":0}
{"schema":"riley.owned-graph-diagnostic.v1","kind":"projection","capture_id":2,"replay_id":92,"position":154,"layer":0,"projection":"down","operator":"canonical","cuda_span_ns":5120.000,"event_status":0,"launch_status":0,"completion_status":0}
{"schema":"riley.owned-graph-diagnostic.v1","kind":"read","capture_id":2,"replay_id":92,"host_read_bytes":98344,"host_read_ns":4867}
{"schema":"riley.owned-graph-diagnostic.v1","kind":"replay","capture_id":2,"replay_id":93,"position":155,"host_staging_bytes":98344,"event_setup_ns":327,"host_staging_ns":1497,"host_launch_ns":6574,"host_wait_ns":2057074,"cuda_graph_span_ns":2060928.106,"event_status":0,"launch_status":0,"completion_status":0}
{"schema":"riley.owned-graph-diagnostic.v1","kind":"projection","capture_id":2,"replay_id":93,"position":155,"layer":0,"projection":"down","operator":"canonical","cuda_span_ns":5120.000,"event_status":0,"launch_status":0,"completion_status":0}
{"schema":"riley.owned-graph-diagnostic.v1","kind":"read","capture_id":2,"replay_id":93,"host_read_bytes":98344,"host_read_ns":4823}
{"schema":"riley.owned-graph-diagnostic.v1","kind":"replay","capture_id":2,"replay_id":94,"position":156,"host_staging_bytes":98344,"event_setup_ns":351,"host_staging_ns":1499,"host_launch_ns":6790,"host_wait_ns":2057978,"cuda_graph_span_ns":2062272.072,"event_status":0,"launch_status":0,"completion_status":0}
{"schema":"riley.owned-graph-diagnostic.v1","kind":"projection","capture_id":2,"replay_id":94,"position":156,"layer":0,"projection":"down","operator":"canonical","cuda_span_ns":5120.000,"event_status":0,"launch_status":0,"completion_status":0}
{"schema":"riley.owned-graph-diagnostic.v1","kind":"read","capture_id":2,"replay_id":94,"host_read_bytes":98344,"host_read_ns":4433}
{"schema":"riley.owned-graph-diagnostic.v1","kind":"replay","capture_id":2,"replay_id":95,"position":157,"host_staging_bytes":98344,"event_setup_ns":302,"host_staging_ns":1482,"host_launch_ns":6502,"host_wait_ns":2056309,"cuda_graph_span_ns":2060096.025,"event_status":0,"launch_status":0,"completion_status":0}
{"schema":"riley.owned-graph-diagnostic.v1","kind":"projection","capture_id":2,"replay_id":95,"position":157,"layer":0,"projection":"down","operator":"canonical","cuda_span_ns":5120.000,"event_status":0,"launch_status":0,"completion_status":0}
{"schema":"riley.owned-graph-diagnostic.v1","kind":"read","capture_id":2,"replay_id":95,"host_read_bytes":98344,"host_read_ns":4545}
{"schema":"riley.owned-graph-diagnostic.v1","kind":"replay","capture_id":2,"replay_id":96,"position":158,"host_staging_bytes":98344,"event_setup_ns":305,"host_staging_ns":1496,"host_launch_ns":6573,"host_wait_ns":2055894,"cuda_graph_span_ns":2059999.943,"event_status":0,"launch_status":0,"completion_status":0}
{"schema":"riley.owned-graph-diagnostic.v1","kind":"projection","capture_id":2,"replay_id":96,"position":158,"layer":0,"projection":"down","operator":"canonical","cuda_span_ns":5120.000,"event_status":0,"launch_status":0,"completion_status":0}
{"schema":"riley.owned-graph-diagnostic.v1","kind":"read","capture_id":2,"replay_id":96,"host_read_bytes":98344,"host_read_ns":4403}
{"schema":"riley.owned-graph-diagnostic.v1","kind":"replay","capture_id":1,"replay_id":97,"position":127,"host_staging_bytes":98344,"event_setup_ns":879,"host_staging_ns":1485,"host_launch_ns":9415,"host_wait_ns":13680355,"cuda_graph_span_ns":13686655.998,"event_status":0,"launch_status":0,"completion_status":0}
{"schema":"riley.owned-graph-diagnostic.v1","kind":"projection","capture_id":1,"replay_id":97,"position":127,"layer":0,"projection":"down","operator":"override","cuda_span_ns":109568.000,"event_status":0,"launch_status":0,"completion_status":0}
{"schema":"riley.owned-graph-diagnostic.v1","kind":"read","capture_id":1,"replay_id":97,"host_read_bytes":98344,"host_read_ns":5528}
{"schema":"riley.owned-graph-diagnostic.v1","kind":"replay","capture_id":2,"replay_id":98,"position":128,"host_staging_bytes":98344,"event_setup_ns":537,"host_staging_ns":1558,"host_launch_ns":8023,"host_wait_ns":2198839,"cuda_graph_span_ns":2204031.944,"event_status":0,"launch_status":0,"completion_status":0}
{"schema":"riley.owned-graph-diagnostic.v1","kind":"projection","capture_id":2,"replay_id":98,"position":128,"layer":0,"projection":"down","operator":"canonical","cuda_span_ns":6144.000,"event_status":0,"launch_status":0,"completion_status":0}
{"schema":"riley.owned-graph-diagnostic.v1","kind":"read","capture_id":2,"replay_id":98,"host_read_bytes":98344,"host_read_ns":4452}
{"schema":"riley.owned-graph-diagnostic.v1","kind":"replay","capture_id":2,"replay_id":99,"position":129,"host_staging_bytes":98344,"event_setup_ns":405,"host_staging_ns":1493,"host_launch_ns":6593,"host_wait_ns":1876598,"cuda_graph_span_ns":1880352.020,"event_status":0,"launch_status":0,"completion_status":0}
{"schema":"riley.owned-graph-diagnostic.v1","kind":"projection","capture_id":2,"replay_id":99,"position":129,"layer":0,"projection":"down","operator":"canonical","cuda_span_ns":5120.000,"event_status":0,"launch_status":0,"completion_status":0}
{"schema":"riley.owned-graph-diagnostic.v1","kind":"read","capture_id":2,"replay_id":99,"host_read_bytes":98344,"host_read_ns":4764}
{"schema":"riley.owned-graph-diagnostic.v1","kind":"replay","capture_id":2,"replay_id":100,"position":130,"host_staging_bytes":98344,"event_setup_ns":494,"host_staging_ns":1496,"host_launch_ns":6834,"host_wait_ns":1868085,"cuda_graph_span_ns":1872447.968,"event_status":0,"launch_status":0,"completion_status":0}
{"schema":"riley.owned-graph-diagnostic.v1","kind":"projection","capture_id":2,"replay_id":100,"position":130,"layer":0,"projection":"down","operator":"canonical","cuda_span_ns":5120.000,"event_status":0,"launch_status":0,"completion_status":0}
{"schema":"riley.owned-graph-diagnostic.v1","kind":"read","capture_id":2,"replay_id":100,"host_read_bytes":98344,"host_read_ns":4736}
{"schema":"riley.owned-graph-diagnostic.v1","kind":"replay","capture_id":2,"replay_id":101,"position":131,"host_staging_bytes":98344,"event_setup_ns":308,"host_staging_ns":1488,"host_launch_ns":6758,"host_wait_ns":1867556,"cuda_graph_span_ns":1871775.985,"event_status":0,"launch_status":0,"completion_status":0}
{"schema":"riley.owned-graph-diagnostic.v1","kind":"projection","capture_id":2,"replay_id":101,"position":131,"layer":0,"projection":"down","operator":"canonical","cuda_span_ns":5120.000,"event_status":0,"launch_status":0,"completion_status":0}
{"schema":"riley.owned-graph-diagnostic.v1","kind":"read","capture_id":2,"replay_id":101,"host_read_bytes":98344,"host_read_ns":4689}
{"schema":"riley.owned-graph-diagnostic.v1","kind":"replay","capture_id":2,"replay_id":102,"position":132,"host_staging_bytes":98344,"event_setup_ns":358,"host_staging_ns":1502,"host_launch_ns":6900,"host_wait_ns":1876392,"cuda_graph_span_ns":1880767.941,"event_status":0,"launch_status":0,"completion_status":0}
{"schema":"riley.owned-graph-diagnostic.v1","kind":"projection","capture_id":2,"replay_id":102,"position":132,"layer":0,"projection":"down","operator":"canonical","cuda_span_ns":5120.000,"event_status":0,"launch_status":0,"completion_status":0}
{"schema":"riley.owned-graph-diagnostic.v1","kind":"read","capture_id":2,"replay_id":102,"host_read_bytes":98344,"host_read_ns":4745}
{"schema":"riley.owned-graph-diagnostic.v1","kind":"replay","capture_id":2,"replay_id":103,"position":133,"host_staging_bytes":98344,"event_setup_ns":405,"host_staging_ns":1510,"host_launch_ns":6569,"host_wait_ns":1875359,"cuda_graph_span_ns":1879232.049,"event_status":0,"launch_status":0,"completion_status":0}
{"schema":"riley.owned-graph-diagnostic.v1","kind":"projection","capture_id":2,"replay_id":103,"position":133,"layer":0,"projection":"down","operator":"canonical","cuda_span_ns":5120.000,"event_status":0,"launch_status":0,"completion_status":0}
{"schema":"riley.owned-graph-diagnostic.v1","kind":"read","capture_id":2,"replay_id":103,"host_read_bytes":98344,"host_read_ns":5039}
{"schema":"riley.owned-graph-diagnostic.v1","kind":"replay","capture_id":2,"replay_id":104,"position":134,"host_staging_bytes":98344,"event_setup_ns":485,"host_staging_ns":1481,"host_launch_ns":6647,"host_wait_ns":1876044,"cuda_graph_span_ns":1880383.968,"event_status":0,"launch_status":0,"completion_status":0}
{"schema":"riley.owned-graph-diagnostic.v1","kind":"projection","capture_id":2,"replay_id":104,"position":134,"layer":0,"projection":"down","operator":"canonical","cuda_span_ns":6144.000,"event_status":0,"launch_status":0,"completion_status":0}
{"schema":"riley.owned-graph-diagnostic.v1","kind":"read","capture_id":2,"replay_id":104,"host_read_bytes":98344,"host_read_ns":4812}
{"schema":"riley.owned-graph-diagnostic.v1","kind":"replay","capture_id":2,"replay_id":105,"position":135,"host_staging_bytes":98344,"event_setup_ns":364,"host_staging_ns":1477,"host_launch_ns":6893,"host_wait_ns":1868046,"cuda_graph_span_ns":1872383.952,"event_status":0,"launch_status":0,"completion_status":0}
{"schema":"riley.owned-graph-diagnostic.v1","kind":"projection","capture_id":2,"replay_id":105,"position":135,"layer":0,"projection":"down","operator":"canonical","cuda_span_ns":5120.000,"event_status":0,"launch_status":0,"completion_status":0}
{"schema":"riley.owned-graph-diagnostic.v1","kind":"read","capture_id":2,"replay_id":105,"host_read_bytes":98344,"host_read_ns":5057}
{"schema":"riley.owned-graph-diagnostic.v1","kind":"replay","capture_id":2,"replay_id":106,"position":136,"host_staging_bytes":98344,"event_setup_ns":484,"host_staging_ns":1515,"host_launch_ns":6679,"host_wait_ns":1910284,"cuda_graph_span_ns":1914432.049,"event_status":0,"launch_status":0,"completion_status":0}
{"schema":"riley.owned-graph-diagnostic.v1","kind":"projection","capture_id":2,"replay_id":106,"position":136,"layer":0,"projection":"down","operator":"canonical","cuda_span_ns":5120.000,"event_status":0,"launch_status":0,"completion_status":0}
{"schema":"riley.owned-graph-diagnostic.v1","kind":"read","capture_id":2,"replay_id":106,"host_read_bytes":98344,"host_read_ns":5490}
{"schema":"riley.owned-graph-diagnostic.v1","kind":"replay","capture_id":2,"replay_id":107,"position":137,"host_staging_bytes":98344,"event_setup_ns":442,"host_staging_ns":1547,"host_launch_ns":7221,"host_wait_ns":1924725,"cuda_graph_span_ns":1929568.052,"event_status":0,"launch_status":0,"completion_status":0}
{"schema":"riley.owned-graph-diagnostic.v1","kind":"projection","capture_id":2,"replay_id":107,"position":137,"layer":0,"projection":"down","operator":"canonical","cuda_span_ns":5120.000,"event_status":0,"launch_status":0,"completion_status":0}
{"schema":"riley.owned-graph-diagnostic.v1","kind":"read","capture_id":2,"replay_id":107,"host_read_bytes":98344,"host_read_ns":4836}
{"schema":"riley.owned-graph-diagnostic.v1","kind":"replay","capture_id":2,"replay_id":108,"position":138,"host_staging_bytes":98344,"event_setup_ns":526,"host_staging_ns":1538,"host_launch_ns":7200,"host_wait_ns":1924900,"cuda_graph_span_ns":1929568.052,"event_status":0,"launch_status":0,"completion_status":0}
{"schema":"riley.owned-graph-diagnostic.v1","kind":"projection","capture_id":2,"replay_id":108,"position":138,"layer":0,"projection":"down","operator":"canonical","cuda_span_ns":5120.000,"event_status":0,"launch_status":0,"completion_status":0}
{"schema":"riley.owned-graph-diagnostic.v1","kind":"read","capture_id":2,"replay_id":108,"host_read_bytes":98344,"host_read_ns":4592}
{"schema":"riley.owned-graph-diagnostic.v1","kind":"replay","capture_id":2,"replay_id":109,"position":139,"host_staging_bytes":98344,"event_setup_ns":519,"host_staging_ns":1493,"host_launch_ns":7157,"host_wait_ns":1924116,"cuda_graph_span_ns":1928607.941,"event_status":0,"launch_status":0,"completion_status":0}
{"schema":"riley.owned-graph-diagnostic.v1","kind":"projection","capture_id":2,"replay_id":109,"position":139,"layer":0,"projection":"down","operator":"canonical","cuda_span_ns":5120.000,"event_status":0,"launch_status":0,"completion_status":0}
{"schema":"riley.owned-graph-diagnostic.v1","kind":"read","capture_id":2,"replay_id":109,"host_read_bytes":98344,"host_read_ns":4443}
{"schema":"riley.owned-graph-diagnostic.v1","kind":"replay","capture_id":2,"replay_id":110,"position":140,"host_staging_bytes":98344,"event_setup_ns":389,"host_staging_ns":1510,"host_launch_ns":6796,"host_wait_ns":1925600,"cuda_graph_span_ns":1929952.025,"event_status":0,"launch_status":0,"completion_status":0}
{"schema":"riley.owned-graph-diagnostic.v1","kind":"projection","capture_id":2,"replay_id":110,"position":140,"layer":0,"projection":"down","operator":"canonical","cuda_span_ns":5120.000,"event_status":0,"launch_status":0,"completion_status":0}
{"schema":"riley.owned-graph-diagnostic.v1","kind":"read","capture_id":2,"replay_id":110,"host_read_bytes":98344,"host_read_ns":4541}
{"schema":"riley.owned-graph-diagnostic.v1","kind":"replay","capture_id":2,"replay_id":111,"position":141,"host_staging_bytes":98344,"event_setup_ns":385,"host_staging_ns":1535,"host_launch_ns":7077,"host_wait_ns":1924216,"cuda_graph_span_ns":1928640.008,"event_status":0,"launch_status":0,"completion_status":0}
{"schema":"riley.owned-graph-diagnostic.v1","kind":"projection","capture_id":2,"replay_id":111,"position":141,"layer":0,"projection":"down","operator":"canonical","cuda_span_ns":5120.000,"event_status":0,"launch_status":0,"completion_status":0}
{"schema":"riley.owned-graph-diagnostic.v1","kind":"read","capture_id":2,"replay_id":111,"host_read_bytes":98344,"host_read_ns":5150}
{"schema":"riley.owned-graph-diagnostic.v1","kind":"replay","capture_id":2,"replay_id":112,"position":142,"host_staging_bytes":98344,"event_setup_ns":655,"host_staging_ns":1664,"host_launch_ns":7914,"host_wait_ns":1925498,"cuda_graph_span_ns":1931040.049,"event_status":0,"launch_status":0,"completion_status":0}
{"schema":"riley.owned-graph-diagnostic.v1","kind":"projection","capture_id":2,"replay_id":112,"position":142,"layer":0,"projection":"down","operator":"canonical","cuda_span_ns":6144.000,"event_status":0,"launch_status":0,"completion_status":0}
{"schema":"riley.owned-graph-diagnostic.v1","kind":"read","capture_id":2,"replay_id":112,"host_read_bytes":98344,"host_read_ns":5093}
{"schema":"riley.owned-graph-diagnostic.v1","kind":"replay","capture_id":2,"replay_id":113,"position":143,"host_staging_bytes":98344,"event_setup_ns":471,"host_staging_ns":1577,"host_launch_ns":7679,"host_wait_ns":1924500,"cuda_graph_span_ns":1929535.985,"event_status":0,"launch_status":0,"completion_status":0}
{"schema":"riley.owned-graph-diagnostic.v1","kind":"projection","capture_id":2,"replay_id":113,"position":143,"layer":0,"projection":"down","operator":"canonical","cuda_span_ns":5120.000,"event_status":0,"launch_status":0,"completion_status":0}
{"schema":"riley.owned-graph-diagnostic.v1","kind":"read","capture_id":2,"replay_id":113,"host_read_bytes":98344,"host_read_ns":4768}
{"schema":"riley.owned-graph-diagnostic.v1","kind":"replay","capture_id":2,"replay_id":114,"position":144,"host_staging_bytes":98344,"event_setup_ns":514,"host_staging_ns":1570,"host_launch_ns":6751,"host_wait_ns":1991201,"cuda_graph_span_ns":1995455.980,"event_status":0,"launch_status":0,"completion_status":0}
{"schema":"riley.owned-graph-diagnostic.v1","kind":"projection","capture_id":2,"replay_id":114,"position":144,"layer":0,"projection":"down","operator":"canonical","cuda_span_ns":5120.000,"event_status":0,"launch_status":0,"completion_status":0}
{"schema":"riley.owned-graph-diagnostic.v1","kind":"read","capture_id":2,"replay_id":114,"host_read_bytes":98344,"host_read_ns":4885}
{"schema":"riley.owned-graph-diagnostic.v1","kind":"replay","capture_id":2,"replay_id":115,"position":145,"host_staging_bytes":98344,"event_setup_ns":373,"host_staging_ns":1528,"host_launch_ns":7301,"host_wait_ns":1999148,"cuda_graph_span_ns":2003743.887,"event_status":0,"launch_status":0,"completion_status":0}
{"schema":"riley.owned-graph-diagnostic.v1","kind":"projection","capture_id":2,"replay_id":115,"position":145,"layer":0,"projection":"down","operator":"canonical","cuda_span_ns":5120.000,"event_status":0,"launch_status":0,"completion_status":0}
{"schema":"riley.owned-graph-diagnostic.v1","kind":"read","capture_id":2,"replay_id":115,"host_read_bytes":98344,"host_read_ns":4495}
{"schema":"riley.owned-graph-diagnostic.v1","kind":"replay","capture_id":2,"replay_id":116,"position":146,"host_staging_bytes":98344,"event_setup_ns":423,"host_staging_ns":1530,"host_launch_ns":7448,"host_wait_ns":1998000,"cuda_graph_span_ns":2002880.096,"event_status":0,"launch_status":0,"completion_status":0}
{"schema":"riley.owned-graph-diagnostic.v1","kind":"projection","capture_id":2,"replay_id":116,"position":146,"layer":0,"projection":"down","operator":"canonical","cuda_span_ns":5120.000,"event_status":0,"launch_status":0,"completion_status":0}
{"schema":"riley.owned-graph-diagnostic.v1","kind":"read","capture_id":2,"replay_id":116,"host_read_bytes":98344,"host_read_ns":5175}
{"schema":"riley.owned-graph-diagnostic.v1","kind":"replay","capture_id":2,"replay_id":117,"position":147,"host_staging_bytes":98344,"event_setup_ns":443,"host_staging_ns":1658,"host_launch_ns":7439,"host_wait_ns":1999293,"cuda_graph_span_ns":2003583.908,"event_status":0,"launch_status":0,"completion_status":0}
{"schema":"riley.owned-graph-diagnostic.v1","kind":"projection","capture_id":2,"replay_id":117,"position":147,"layer":0,"projection":"down","operator":"canonical","cuda_span_ns":6144.000,"event_status":0,"launch_status":0,"completion_status":0}
{"schema":"riley.owned-graph-diagnostic.v1","kind":"read","capture_id":2,"replay_id":117,"host_read_bytes":98344,"host_read_ns":5589}
{"schema":"riley.owned-graph-diagnostic.v1","kind":"replay","capture_id":2,"replay_id":118,"position":148,"host_staging_bytes":98344,"event_setup_ns":600,"host_staging_ns":1626,"host_launch_ns":8460,"host_wait_ns":1999374,"cuda_graph_span_ns":2005343.914,"event_status":0,"launch_status":0,"completion_status":0}
{"schema":"riley.owned-graph-diagnostic.v1","kind":"projection","capture_id":2,"replay_id":118,"position":148,"layer":0,"projection":"down","operator":"canonical","cuda_span_ns":6144.000,"event_status":0,"launch_status":0,"completion_status":0}
{"schema":"riley.owned-graph-diagnostic.v1","kind":"read","capture_id":2,"replay_id":118,"host_read_bytes":98344,"host_read_ns":4843}
{"schema":"riley.owned-graph-diagnostic.v1","kind":"replay","capture_id":2,"replay_id":119,"position":149,"host_staging_bytes":98344,"event_setup_ns":729,"host_staging_ns":1546,"host_launch_ns":7758,"host_wait_ns":1997803,"cuda_graph_span_ns":2003168.106,"event_status":0,"launch_status":0,"completion_status":0}
{"schema":"riley.owned-graph-diagnostic.v1","kind":"projection","capture_id":2,"replay_id":119,"position":149,"layer":0,"projection":"down","operator":"canonical","cuda_span_ns":5120.000,"event_status":0,"launch_status":0,"completion_status":0}
{"schema":"riley.owned-graph-diagnostic.v1","kind":"read","capture_id":2,"replay_id":119,"host_read_bytes":98344,"host_read_ns":4403}
{"schema":"riley.owned-graph-diagnostic.v1","kind":"replay","capture_id":2,"replay_id":120,"position":150,"host_staging_bytes":98344,"event_setup_ns":352,"host_staging_ns":1524,"host_launch_ns":7025,"host_wait_ns":1998596,"cuda_graph_span_ns":2003103.971,"event_status":0,"launch_status":0,"completion_status":0}
{"schema":"riley.owned-graph-diagnostic.v1","kind":"projection","capture_id":2,"replay_id":120,"position":150,"layer":0,"projection":"down","operator":"canonical","cuda_span_ns":5120.000,"event_status":0,"launch_status":0,"completion_status":0}
{"schema":"riley.owned-graph-diagnostic.v1","kind":"read","capture_id":2,"replay_id":120,"host_read_bytes":98344,"host_read_ns":4570}
{"schema":"riley.owned-graph-diagnostic.v1","kind":"replay","capture_id":2,"replay_id":121,"position":151,"host_staging_bytes":98344,"event_setup_ns":307,"host_staging_ns":1503,"host_launch_ns":7050,"host_wait_ns":1997827,"cuda_graph_span_ns":2002336.025,"event_status":0,"launch_status":0,"completion_status":0}
{"schema":"riley.owned-graph-diagnostic.v1","kind":"projection","capture_id":2,"replay_id":121,"position":151,"layer":0,"projection":"down","operator":"canonical","cuda_span_ns":5120.000,"event_status":0,"launch_status":0,"completion_status":0}
{"schema":"riley.owned-graph-diagnostic.v1","kind":"read","capture_id":2,"replay_id":121,"host_read_bytes":98344,"host_read_ns":4443}
{"schema":"riley.owned-graph-diagnostic.v1","kind":"replay","capture_id":2,"replay_id":122,"position":152,"host_staging_bytes":98344,"event_setup_ns":397,"host_staging_ns":1502,"host_launch_ns":6581,"host_wait_ns":2039631,"cuda_graph_span_ns":2043648.005,"event_status":0,"launch_status":0,"completion_status":0}
{"schema":"riley.owned-graph-diagnostic.v1","kind":"projection","capture_id":2,"replay_id":122,"position":152,"layer":0,"projection":"down","operator":"canonical","cuda_span_ns":6144.000,"event_status":0,"launch_status":0,"completion_status":0}
{"schema":"riley.owned-graph-diagnostic.v1","kind":"read","capture_id":2,"replay_id":122,"host_read_bytes":98344,"host_read_ns":4717}
{"schema":"riley.owned-graph-diagnostic.v1","kind":"replay","capture_id":2,"replay_id":123,"position":153,"host_staging_bytes":98344,"event_setup_ns":302,"host_staging_ns":1486,"host_launch_ns":6716,"host_wait_ns":2048795,"cuda_graph_span_ns":2053056.002,"event_status":0,"launch_status":0,"completion_status":0}
{"schema":"riley.owned-graph-diagnostic.v1","kind":"projection","capture_id":2,"replay_id":123,"position":153,"layer":0,"projection":"down","operator":"canonical","cuda_span_ns":5120.000,"event_status":0,"launch_status":0,"completion_status":0}
{"schema":"riley.owned-graph-diagnostic.v1","kind":"read","capture_id":2,"replay_id":123,"host_read_bytes":98344,"host_read_ns":4843}
{"schema":"riley.owned-graph-diagnostic.v1","kind":"replay","capture_id":2,"replay_id":124,"position":154,"host_staging_bytes":98344,"event_setup_ns":286,"host_staging_ns":1502,"host_launch_ns":6807,"host_wait_ns":2056528,"cuda_graph_span_ns":2060928.106,"event_status":0,"launch_status":0,"completion_status":0}
{"schema":"riley.owned-graph-diagnostic.v1","kind":"projection","capture_id":2,"replay_id":124,"position":154,"layer":0,"projection":"down","operator":"canonical","cuda_span_ns":6144.000,"event_status":0,"launch_status":0,"completion_status":0}
{"schema":"riley.owned-graph-diagnostic.v1","kind":"read","capture_id":2,"replay_id":124,"host_read_bytes":98344,"host_read_ns":4416}
{"schema":"riley.owned-graph-diagnostic.v1","kind":"replay","capture_id":2,"replay_id":125,"position":155,"host_staging_bytes":98344,"event_setup_ns":379,"host_staging_ns":1486,"host_launch_ns":6635,"host_wait_ns":2056683,"cuda_graph_span_ns":2060800.076,"event_status":0,"launch_status":0,"completion_status":0}
{"schema":"riley.owned-graph-diagnostic.v1","kind":"projection","capture_id":2,"replay_id":125,"position":155,"layer":0,"projection":"down","operator":"canonical","cuda_span_ns":5120.000,"event_status":0,"launch_status":0,"completion_status":0}
{"schema":"riley.owned-graph-diagnostic.v1","kind":"read","capture_id":2,"replay_id":125,"host_read_bytes":98344,"host_read_ns":4257}
{"schema":"riley.owned-graph-diagnostic.v1","kind":"replay","capture_id":2,"replay_id":126,"position":156,"host_staging_bytes":98344,"event_setup_ns":284,"host_staging_ns":1475,"host_launch_ns":7023,"host_wait_ns":2056994,"cuda_graph_span_ns":2061503.887,"event_status":0,"launch_status":0,"completion_status":0}
{"schema":"riley.owned-graph-diagnostic.v1","kind":"projection","capture_id":2,"replay_id":126,"position":156,"layer":0,"projection":"down","operator":"canonical","cuda_span_ns":5120.000,"event_status":0,"launch_status":0,"completion_status":0}
{"schema":"riley.owned-graph-diagnostic.v1","kind":"read","capture_id":2,"replay_id":126,"host_read_bytes":98344,"host_read_ns":4226}
{"schema":"riley.owned-graph-diagnostic.v1","kind":"replay","capture_id":2,"replay_id":127,"position":157,"host_staging_bytes":98344,"event_setup_ns":335,"host_staging_ns":1513,"host_launch_ns":7068,"host_wait_ns":2056870,"cuda_graph_span_ns":2061183.929,"event_status":0,"launch_status":0,"completion_status":0}
{"schema":"riley.owned-graph-diagnostic.v1","kind":"projection","capture_id":2,"replay_id":127,"position":157,"layer":0,"projection":"down","operator":"canonical","cuda_span_ns":5120.000,"event_status":0,"launch_status":0,"completion_status":0}
{"schema":"riley.owned-graph-diagnostic.v1","kind":"read","capture_id":2,"replay_id":127,"host_read_bytes":98344,"host_read_ns":4709}
{"schema":"riley.owned-graph-diagnostic.v1","kind":"replay","capture_id":2,"replay_id":128,"position":158,"host_staging_bytes":98344,"event_setup_ns":632,"host_staging_ns":1486,"host_launch_ns":6498,"host_wait_ns":2057478,"cuda_graph_span_ns":2061631.918,"event_status":0,"launch_status":0,"completion_status":0}
{"schema":"riley.owned-graph-diagnostic.v1","kind":"projection","capture_id":2,"replay_id":128,"position":158,"layer":0,"projection":"down","operator":"canonical","cuda_span_ns":5120.000,"event_status":0,"launch_status":0,"completion_status":0}
{"schema":"riley.owned-graph-diagnostic.v1","kind":"read","capture_id":2,"replay_id":128,"host_read_bytes":98344,"host_read_ns":4667}
{"schema":"riley.owned-graph-diagnostic.v1","kind":"replay","capture_id":1,"replay_id":129,"position":127,"host_staging_bytes":98344,"event_setup_ns":625,"host_staging_ns":1544,"host_launch_ns":10589,"host_wait_ns":13677804,"cuda_graph_span_ns":13684960.365,"event_status":0,"launch_status":0,"completion_status":0}
{"schema":"riley.owned-graph-diagnostic.v1","kind":"projection","capture_id":1,"replay_id":129,"position":127,"layer":0,"projection":"down","operator":"override","cuda_span_ns":108543.999,"event_status":0,"launch_status":0,"completion_status":0}
{"schema":"riley.owned-graph-diagnostic.v1","kind":"read","capture_id":1,"replay_id":129,"host_read_bytes":98344,"host_read_ns":5877}
{"schema":"riley.owned-graph-diagnostic.v1","kind":"replay","capture_id":2,"replay_id":130,"position":128,"host_staging_bytes":98344,"event_setup_ns":959,"host_staging_ns":1927,"host_launch_ns":8940,"host_wait_ns":2198065,"cuda_graph_span_ns":2204288.006,"event_status":0,"launch_status":0,"completion_status":0}
{"schema":"riley.owned-graph-diagnostic.v1","kind":"projection","capture_id":2,"replay_id":130,"position":128,"layer":0,"projection":"down","operator":"canonical","cuda_span_ns":5120.000,"event_status":0,"launch_status":0,"completion_status":0}
{"schema":"riley.owned-graph-diagnostic.v1","kind":"read","capture_id":2,"replay_id":130,"host_read_bytes":98344,"host_read_ns":4458}
{"schema":"riley.owned-graph-diagnostic.v1","kind":"replay","capture_id":2,"replay_id":131,"position":129,"host_staging_bytes":98344,"event_setup_ns":555,"host_staging_ns":1588,"host_launch_ns":7361,"host_wait_ns":1868283,"cuda_graph_span_ns":1873152.018,"event_status":0,"launch_status":0,"completion_status":0}
{"schema":"riley.owned-graph-diagnostic.v1","kind":"projection","capture_id":2,"replay_id":131,"position":129,"layer":0,"projection":"down","operator":"canonical","cuda_span_ns":5120.000,"event_status":0,"launch_status":0,"completion_status":0}
{"schema":"riley.owned-graph-diagnostic.v1","kind":"read","capture_id":2,"replay_id":131,"host_read_bytes":98344,"host_read_ns":5203}
{"schema":"riley.owned-graph-diagnostic.v1","kind":"replay","capture_id":2,"replay_id":132,"position":130,"host_staging_bytes":98344,"event_setup_ns":388,"host_staging_ns":1607,"host_launch_ns":7410,"host_wait_ns":1876020,"cuda_graph_span_ns":1881247.997,"event_status":0,"launch_status":0,"completion_status":0}
{"schema":"riley.owned-graph-diagnostic.v1","kind":"projection","capture_id":2,"replay_id":132,"position":130,"layer":0,"projection":"down","operator":"canonical","cuda_span_ns":5120.000,"event_status":0,"launch_status":0,"completion_status":0}
{"schema":"riley.owned-graph-diagnostic.v1","kind":"read","capture_id":2,"replay_id":132,"host_read_bytes":98344,"host_read_ns":4922}
{"schema":"riley.owned-graph-diagnostic.v1","kind":"replay","capture_id":2,"replay_id":133,"position":131,"host_staging_bytes":98344,"event_setup_ns":467,"host_staging_ns":1591,"host_launch_ns":7126,"host_wait_ns":1868520,"cuda_graph_span_ns":1872799.993,"event_status":0,"launch_status":0,"completion_status":0}
{"schema":"riley.owned-graph-diagnostic.v1","kind":"projection","capture_id":2,"replay_id":133,"position":131,"layer":0,"projection":"down","operator":"canonical","cuda_span_ns":5120.000,"event_status":0,"launch_status":0,"completion_status":0}
{"schema":"riley.owned-graph-diagnostic.v1","kind":"read","capture_id":2,"replay_id":133,"host_read_bytes":98344,"host_read_ns":4609}
{"schema":"riley.owned-graph-diagnostic.v1","kind":"replay","capture_id":2,"replay_id":134,"position":132,"host_staging_bytes":98344,"event_setup_ns":422,"host_staging_ns":1544,"host_launch_ns":6953,"host_wait_ns":1876320,"cuda_graph_span_ns":1880831.957,"event_status":0,"launch_status":0,"completion_status":0}
{"schema":"riley.owned-graph-diagnostic.v1","kind":"projection","capture_id":2,"replay_id":134,"position":132,"layer":0,"projection":"down","operator":"canonical","cuda_span_ns":5120.000,"event_status":0,"launch_status":0,"completion_status":0}
{"schema":"riley.owned-graph-diagnostic.v1","kind":"read","capture_id":2,"replay_id":134,"host_read_bytes":98344,"host_read_ns":4881}
{"schema":"riley.owned-graph-diagnostic.v1","kind":"replay","capture_id":2,"replay_id":135,"position":133,"host_staging_bytes":98344,"event_setup_ns":446,"host_staging_ns":1523,"host_launch_ns":7081,"host_wait_ns":1875017,"cuda_graph_span_ns":1879520.059,"event_status":0,"launch_status":0,"completion_status":0}
{"schema":"riley.owned-graph-diagnostic.v1","kind":"projection","capture_id":2,"replay_id":135,"position":133,"layer":0,"projection":"down","operator":"canonical","cuda_span_ns":5120.000,"event_status":0,"launch_status":0,"completion_status":0}
{"schema":"riley.owned-graph-diagnostic.v1","kind":"read","capture_id":2,"replay_id":135,"host_read_bytes":98344,"host_read_ns":4655}
{"schema":"riley.owned-graph-diagnostic.v1","kind":"replay","capture_id":2,"replay_id":136,"position":134,"host_staging_bytes":98344,"event_setup_ns":354,"host_staging_ns":1500,"host_launch_ns":7035,"host_wait_ns":1875610,"cuda_graph_span_ns":1880288.005,"event_status":0,"launch_status":0,"completion_status":0}
{"schema":"riley.owned-graph-diagnostic.v1","kind":"projection","capture_id":2,"replay_id":136,"position":134,"layer":0,"projection":"down","operator":"canonical","cuda_span_ns":5120.000,"event_status":0,"launch_status":0,"completion_status":0}
{"schema":"riley.owned-graph-diagnostic.v1","kind":"read","capture_id":2,"replay_id":136,"host_read_bytes":98344,"host_read_ns":4401}
{"schema":"riley.owned-graph-diagnostic.v1","kind":"replay","capture_id":2,"replay_id":137,"position":135,"host_staging_bytes":98344,"event_setup_ns":450,"host_staging_ns":1484,"host_launch_ns":7176,"host_wait_ns":1867529,"cuda_graph_span_ns":1872095.942,"event_status":0,"launch_status":0,"completion_status":0}
{"schema":"riley.owned-graph-diagnostic.v1","kind":"projection","capture_id":2,"replay_id":137,"position":135,"layer":0,"projection":"down","operator":"canonical","cuda_span_ns":5120.000,"event_status":0,"launch_status":0,"completion_status":0}
{"schema":"riley.owned-graph-diagnostic.v1","kind":"read","capture_id":2,"replay_id":137,"host_read_bytes":98344,"host_read_ns":4598}
{"schema":"riley.owned-graph-diagnostic.v1","kind":"replay","capture_id":2,"replay_id":138,"position":136,"host_staging_bytes":98344,"event_setup_ns":349,"host_staging_ns":1526,"host_launch_ns":7170,"host_wait_ns":1910458,"cuda_graph_span_ns":1915104.032,"event_status":0,"launch_status":0,"completion_status":0}
{"schema":"riley.owned-graph-diagnostic.v1","kind":"projection","capture_id":2,"replay_id":138,"position":136,"layer":0,"projection":"down","operator":"canonical","cuda_span_ns":5120.000,"event_status":0,"launch_status":0,"completion_status":0}
{"schema":"riley.owned-graph-diagnostic.v1","kind":"read","capture_id":2,"replay_id":138,"host_read_bytes":98344,"host_read_ns":4412}
{"schema":"riley.owned-graph-diagnostic.v1","kind":"replay","capture_id":2,"replay_id":139,"position":137,"host_staging_bytes":98344,"event_setup_ns":504,"host_staging_ns":1572,"host_launch_ns":6917,"host_wait_ns":1924427,"cuda_graph_span_ns":1928832.054,"event_status":0,"launch_status":0,"completion_status":0}
{"schema":"riley.owned-graph-diagnostic.v1","kind":"projection","capture_id":2,"replay_id":139,"position":137,"layer":0,"projection":"down","operator":"canonical","cuda_span_ns":5120.000,"event_status":0,"launch_status":0,"completion_status":0}
{"schema":"riley.owned-graph-diagnostic.v1","kind":"read","capture_id":2,"replay_id":139,"host_read_bytes":98344,"host_read_ns":4966}
{"schema":"riley.owned-graph-diagnostic.v1","kind":"replay","capture_id":2,"replay_id":140,"position":138,"host_staging_bytes":98344,"event_setup_ns":584,"host_staging_ns":1635,"host_launch_ns":8340,"host_wait_ns":1925316,"cuda_graph_span_ns":1931071.997,"event_status":0,"launch_status":0,"completion_status":0}
{"schema":"riley.owned-graph-diagnostic.v1","kind":"projection","capture_id":2,"replay_id":140,"position":138,"layer":0,"projection":"down","operator":"canonical","cuda_span_ns":5120.000,"event_status":0,"launch_status":0,"completion_status":0}
{"schema":"riley.owned-graph-diagnostic.v1","kind":"read","capture_id":2,"replay_id":140,"host_read_bytes":98344,"host_read_ns":5085}
{"schema":"riley.owned-graph-diagnostic.v1","kind":"replay","capture_id":2,"replay_id":141,"position":139,"host_staging_bytes":98344,"event_setup_ns":494,"host_staging_ns":1583,"host_launch_ns":7545,"host_wait_ns":1926766,"cuda_graph_span_ns":1931679.964,"event_status":0,"launch_status":0,"completion_status":0}
{"schema":"riley.owned-graph-diagnostic.v1","kind":"projection","capture_id":2,"replay_id":141,"position":139,"layer":0,"projection":"down","operator":"canonical","cuda_span_ns":5120.000,"event_status":0,"launch_status":0,"completion_status":0}
{"schema":"riley.owned-graph-diagnostic.v1","kind":"read","capture_id":2,"replay_id":141,"host_read_bytes":98344,"host_read_ns":4899}
{"schema":"riley.owned-graph-diagnostic.v1","kind":"replay","capture_id":2,"replay_id":142,"position":140,"host_staging_bytes":98344,"event_setup_ns":545,"host_staging_ns":1703,"host_launch_ns":7622,"host_wait_ns":1924359,"cuda_graph_span_ns":1929600.000,"event_status":0,"launch_status":0,"completion_status":0}
{"schema":"riley.owned-graph-diagnostic.v1","kind":"projection","capture_id":2,"replay_id":142,"position":140,"layer":0,"projection":"down","operator":"canonical","cuda_span_ns":5120.000,"event_status":0,"launch_status":0,"completion_status":0}
{"schema":"riley.owned-graph-diagnostic.v1","kind":"read","capture_id":2,"replay_id":142,"host_read_bytes":98344,"host_read_ns":4643}
{"schema":"riley.owned-graph-diagnostic.v1","kind":"replay","capture_id":2,"replay_id":143,"position":141,"host_staging_bytes":98344,"event_setup_ns":428,"host_staging_ns":1541,"host_launch_ns":6909,"host_wait_ns":1932292,"cuda_graph_span_ns":1936864.018,"event_status":0,"launch_status":0,"completion_status":0}
{"schema":"riley.owned-graph-diagnostic.v1","kind":"projection","capture_id":2,"replay_id":143,"position":141,"layer":0,"projection":"down","operator":"canonical","cuda_span_ns":5120.000,"event_status":0,"launch_status":0,"completion_status":0}
{"schema":"riley.owned-graph-diagnostic.v1","kind":"read","capture_id":2,"replay_id":143,"host_read_bytes":98344,"host_read_ns":4821}
{"schema":"riley.owned-graph-diagnostic.v1","kind":"replay","capture_id":2,"replay_id":144,"position":142,"host_staging_bytes":98344,"event_setup_ns":494,"host_staging_ns":1549,"host_launch_ns":7166,"host_wait_ns":1925552,"cuda_graph_span_ns":1930367.947,"event_status":0,"launch_status":0,"completion_status":0}
{"schema":"riley.owned-graph-diagnostic.v1","kind":"projection","capture_id":2,"replay_id":144,"position":142,"layer":0,"projection":"down","operator":"canonical","cuda_span_ns":5120.000,"event_status":0,"launch_status":0,"completion_status":0}
{"schema":"riley.owned-graph-diagnostic.v1","kind":"read","capture_id":2,"replay_id":144,"host_read_bytes":98344,"host_read_ns":4370}
{"schema":"riley.owned-graph-diagnostic.v1","kind":"replay","capture_id":2,"replay_id":145,"position":143,"host_staging_bytes":98344,"event_setup_ns":592,"host_staging_ns":1587,"host_launch_ns":7253,"host_wait_ns":1926457,"cuda_graph_span_ns":1930976.033,"event_status":0,"launch_status":0,"completion_status":0}
{"schema":"riley.owned-graph-diagnostic.v1","kind":"projection","capture_id":2,"replay_id":145,"position":143,"layer":0,"projection":"down","operator":"canonical","cuda_span_ns":5120.000,"event_status":0,"launch_status":0,"completion_status":0}
{"schema":"riley.owned-graph-diagnostic.v1","kind":"read","capture_id":2,"replay_id":145,"host_read_bytes":98344,"host_read_ns":4389}
{"schema":"riley.owned-graph-diagnostic.v1","kind":"replay","capture_id":2,"replay_id":146,"position":144,"host_staging_bytes":98344,"event_setup_ns":347,"host_staging_ns":1554,"host_launch_ns":9471,"host_wait_ns":1982752,"cuda_graph_span_ns":1989824.057,"event_status":0,"launch_status":0,"completion_status":0}
{"schema":"riley.owned-graph-diagnostic.v1","kind":"projection","capture_id":2,"replay_id":146,"position":144,"layer":0,"projection":"down","operator":"canonical","cuda_span_ns":6144.000,"event_status":0,"launch_status":0,"completion_status":0}
{"schema":"riley.owned-graph-diagnostic.v1","kind":"read","capture_id":2,"replay_id":146,"host_read_bytes":98344,"host_read_ns":4627}
{"schema":"riley.owned-graph-diagnostic.v1","kind":"replay","capture_id":2,"replay_id":147,"position":145,"host_staging_bytes":98344,"event_setup_ns":407,"host_staging_ns":1542,"host_launch_ns":6930,"host_wait_ns":1998573,"cuda_graph_span_ns":2002975.941,"event_status":0,"launch_status":0,"completion_status":0}
{"schema":"riley.owned-graph-diagnostic.v1","kind":"projection","capture_id":2,"replay_id":147,"position":145,"layer":0,"projection":"down","operator":"canonical","cuda_span_ns":5120.000,"event_status":0,"launch_status":0,"completion_status":0}
{"schema":"riley.owned-graph-diagnostic.v1","kind":"read","capture_id":2,"replay_id":147,"host_read_bytes":98344,"host_read_ns":4349}
{"schema":"riley.owned-graph-diagnostic.v1","kind":"replay","capture_id":2,"replay_id":148,"position":146,"host_staging_bytes":98344,"event_setup_ns":339,"host_staging_ns":1494,"host_launch_ns":7246,"host_wait_ns":1999693,"cuda_graph_span_ns":2004479.885,"event_status":0,"launch_status":0,"completion_status":0}
{"schema":"riley.owned-graph-diagnostic.v1","kind":"projection","capture_id":2,"replay_id":148,"position":146,"layer":0,"projection":"down","operator":"canonical","cuda_span_ns":5120.000,"event_status":0,"launch_status":0,"completion_status":0}
{"schema":"riley.owned-graph-diagnostic.v1","kind":"read","capture_id":2,"replay_id":148,"host_read_bytes":98344,"host_read_ns":4461}
{"schema":"riley.owned-graph-diagnostic.v1","kind":"replay","capture_id":2,"replay_id":149,"position":147,"host_staging_bytes":98344,"event_setup_ns":388,"host_staging_ns":1497,"host_launch_ns":6608,"host_wait_ns":1999037,"cuda_graph_span_ns":2003103.971,"event_status":0,"launch_status":0,"completion_status":0}
{"schema":"riley.owned-graph-diagnostic.v1","kind":"projection","capture_id":2,"replay_id":149,"position":147,"layer":0,"projection":"down","operator":"canonical","cuda_span_ns":5120.000,"event_status":0,"launch_status":0,"completion_status":0}
{"schema":"riley.owned-graph-diagnostic.v1","kind":"read","capture_id":2,"replay_id":149,"host_read_bytes":98344,"host_read_ns":4340}
{"schema":"riley.owned-graph-diagnostic.v1","kind":"replay","capture_id":2,"replay_id":150,"position":148,"host_staging_bytes":98344,"event_setup_ns":304,"host_staging_ns":1501,"host_launch_ns":6740,"host_wait_ns":1999101,"cuda_graph_span_ns":2003328.085,"event_status":0,"launch_status":0,"completion_status":0}
{"schema":"riley.owned-graph-diagnostic.v1","kind":"projection","capture_id":2,"replay_id":150,"position":148,"layer":0,"projection":"down","operator":"canonical","cuda_span_ns":5120.000,"event_status":0,"launch_status":0,"completion_status":0}
{"schema":"riley.owned-graph-diagnostic.v1","kind":"read","capture_id":2,"replay_id":150,"host_read_bytes":98344,"host_read_ns":4627}
{"schema":"riley.owned-graph-diagnostic.v1","kind":"replay","capture_id":2,"replay_id":151,"position":149,"host_staging_bytes":98344,"event_setup_ns":509,"host_staging_ns":1514,"host_launch_ns":6570,"host_wait_ns":1998599,"cuda_graph_span_ns":2002815.962,"event_status":0,"launch_status":0,"completion_status":0}
{"schema":"riley.owned-graph-diagnostic.v1","kind":"projection","capture_id":2,"replay_id":151,"position":149,"layer":0,"projection":"down","operator":"canonical","cuda_span_ns":5120.000,"event_status":0,"launch_status":0,"completion_status":0}
{"schema":"riley.owned-graph-diagnostic.v1","kind":"read","capture_id":2,"replay_id":151,"host_read_bytes":98344,"host_read_ns":4370}
{"schema":"riley.owned-graph-diagnostic.v1","kind":"replay","capture_id":2,"replay_id":152,"position":150,"host_staging_bytes":98344,"event_setup_ns":308,"host_staging_ns":1491,"host_launch_ns":6557,"host_wait_ns":1997819,"cuda_graph_span_ns":2001951.933,"event_status":0,"launch_status":0,"completion_status":0}
{"schema":"riley.owned-graph-diagnostic.v1","kind":"projection","capture_id":2,"replay_id":152,"position":150,"layer":0,"projection":"down","operator":"canonical","cuda_span_ns":5120.000,"event_status":0,"launch_status":0,"completion_status":0}
{"schema":"riley.owned-graph-diagnostic.v1","kind":"read","capture_id":2,"replay_id":152,"host_read_bytes":98344,"host_read_ns":4107}
{"schema":"riley.owned-graph-diagnostic.v1","kind":"replay","capture_id":2,"replay_id":153,"position":151,"host_staging_bytes":98344,"event_setup_ns":442,"host_staging_ns":1489,"host_launch_ns":7266,"host_wait_ns":1999234,"cuda_graph_span_ns":2003711.939,"event_status":0,"launch_status":0,"completion_status":0}
{"schema":"riley.owned-graph-diagnostic.v1","kind":"projection","capture_id":2,"replay_id":153,"position":151,"layer":0,"projection":"down","operator":"canonical","cuda_span_ns":5120.000,"event_status":0,"launch_status":0,"completion_status":0}
{"schema":"riley.owned-graph-diagnostic.v1","kind":"read","capture_id":2,"replay_id":153,"host_read_bytes":98344,"host_read_ns":4244}
{"schema":"riley.owned-graph-diagnostic.v1","kind":"replay","capture_id":2,"replay_id":154,"position":152,"host_staging_bytes":98344,"event_setup_ns":289,"host_staging_ns":1497,"host_launch_ns":6678,"host_wait_ns":2040417,"cuda_graph_span_ns":2044831.991,"event_status":0,"launch_status":0,"completion_status":0}
{"schema":"riley.owned-graph-diagnostic.v1","kind":"projection","capture_id":2,"replay_id":154,"position":152,"layer":0,"projection":"down","operator":"canonical","cuda_span_ns":6144.000,"event_status":0,"launch_status":0,"completion_status":0}
{"schema":"riley.owned-graph-diagnostic.v1","kind":"read","capture_id":2,"replay_id":154,"host_read_bytes":98344,"host_read_ns":4965}
{"schema":"riley.owned-graph-diagnostic.v1","kind":"replay","capture_id":2,"replay_id":155,"position":153,"host_staging_bytes":98344,"event_setup_ns":281,"host_staging_ns":1514,"host_launch_ns":6830,"host_wait_ns":2057777,"cuda_graph_span_ns":2062175.989,"event_status":0,"launch_status":0,"completion_status":0}
{"schema":"riley.owned-graph-diagnostic.v1","kind":"projection","capture_id":2,"replay_id":155,"position":153,"layer":0,"projection":"down","operator":"canonical","cuda_span_ns":5120.000,"event_status":0,"launch_status":0,"completion_status":0}
{"schema":"riley.owned-graph-diagnostic.v1","kind":"read","capture_id":2,"replay_id":155,"host_read_bytes":98344,"host_read_ns":4386}
{"schema":"riley.owned-graph-diagnostic.v1","kind":"replay","capture_id":2,"replay_id":156,"position":154,"host_staging_bytes":98344,"event_setup_ns":586,"host_staging_ns":1531,"host_launch_ns":7127,"host_wait_ns":2058227,"cuda_graph_span_ns":2062720.060,"event_status":0,"launch_status":0,"completion_status":0}
{"schema":"riley.owned-graph-diagnostic.v1","kind":"projection","capture_id":2,"replay_id":156,"position":154,"layer":0,"projection":"down","operator":"canonical","cuda_span_ns":6144.000,"event_status":0,"launch_status":0,"completion_status":0}
{"schema":"riley.owned-graph-diagnostic.v1","kind":"read","capture_id":2,"replay_id":156,"host_read_bytes":98344,"host_read_ns":4016}
{"schema":"riley.owned-graph-diagnostic.v1","kind":"replay","capture_id":2,"replay_id":157,"position":155,"host_staging_bytes":98344,"event_setup_ns":287,"host_staging_ns":1500,"host_launch_ns":6752,"host_wait_ns":2048409,"cuda_graph_span_ns":2052511.930,"event_status":0,"launch_status":0,"completion_status":0}
{"schema":"riley.owned-graph-diagnostic.v1","kind":"projection","capture_id":2,"replay_id":157,"position":155,"layer":0,"projection":"down","operator":"canonical","cuda_span_ns":5120.000,"event_status":0,"launch_status":0,"completion_status":0}
{"schema":"riley.owned-graph-diagnostic.v1","kind":"read","capture_id":2,"replay_id":157,"host_read_bytes":98344,"host_read_ns":4207}
{"schema":"riley.owned-graph-diagnostic.v1","kind":"replay","capture_id":2,"replay_id":158,"position":156,"host_staging_bytes":98344,"event_setup_ns":346,"host_staging_ns":1492,"host_launch_ns":6920,"host_wait_ns":2056668,"cuda_graph_span_ns":2060992.002,"event_status":0,"launch_status":0,"completion_status":0}
{"schema":"riley.owned-graph-diagnostic.v1","kind":"projection","capture_id":2,"replay_id":158,"position":156,"layer":0,"projection":"down","operator":"canonical","cuda_span_ns":5120.000,"event_status":0,"launch_status":0,"completion_status":0}
{"schema":"riley.owned-graph-diagnostic.v1","kind":"read","capture_id":2,"replay_id":158,"host_read_bytes":98344,"host_read_ns":4337}
{"schema":"riley.owned-graph-diagnostic.v1","kind":"replay","capture_id":2,"replay_id":159,"position":157,"host_staging_bytes":98344,"event_setup_ns":430,"host_staging_ns":1513,"host_launch_ns":7025,"host_wait_ns":2056281,"cuda_graph_span_ns":2060800.076,"event_status":0,"launch_status":0,"completion_status":0}
{"schema":"riley.owned-graph-diagnostic.v1","kind":"projection","capture_id":2,"replay_id":159,"position":157,"layer":0,"projection":"down","operator":"canonical","cuda_span_ns":5120.000,"event_status":0,"launch_status":0,"completion_status":0}
{"schema":"riley.owned-graph-diagnostic.v1","kind":"read","capture_id":2,"replay_id":159,"host_read_bytes":98344,"host_read_ns":4756}
{"schema":"riley.owned-graph-diagnostic.v1","kind":"replay","capture_id":2,"replay_id":160,"position":158,"host_staging_bytes":98344,"event_setup_ns":347,"host_staging_ns":1508,"host_launch_ns":6978,"host_wait_ns":2056233,"cuda_graph_span_ns":2060544.014,"event_status":0,"launch_status":0,"completion_status":0}
{"schema":"riley.owned-graph-diagnostic.v1","kind":"projection","capture_id":2,"replay_id":160,"position":158,"layer":0,"projection":"down","operator":"canonical","cuda_span_ns":5120.000,"event_status":0,"launch_status":0,"completion_status":0}
{"schema":"riley.owned-graph-diagnostic.v1","kind":"read","capture_id":2,"replay_id":160,"host_read_bytes":98344,"host_read_ns":4202}
{"schema":"riley.owned-graph-diagnostic.v1","kind":"replay","capture_id":1,"replay_id":161,"position":127,"host_staging_bytes":98344,"event_setup_ns":927,"host_staging_ns":1586,"host_launch_ns":11010,"host_wait_ns":13663490,"cuda_graph_span_ns":13671232.224,"event_status":0,"launch_status":0,"completion_status":0}
{"schema":"riley.owned-graph-diagnostic.v1","kind":"projection","capture_id":1,"replay_id":161,"position":127,"layer":0,"projection":"down","operator":"override","cuda_span_ns":107519.999,"event_status":0,"launch_status":0,"completion_status":0}
{"schema":"riley.owned-graph-diagnostic.v1","kind":"read","capture_id":1,"replay_id":161,"host_read_bytes":98344,"host_read_ns":4887}
{"schema":"riley.owned-graph-diagnostic.v1","kind":"replay","capture_id":2,"replay_id":162,"position":128,"host_staging_bytes":98344,"event_setup_ns":531,"host_staging_ns":1691,"host_launch_ns":8815,"host_wait_ns":2204415,"cuda_graph_span_ns":2210112.095,"event_status":0,"launch_status":0,"completion_status":0}
{"schema":"riley.owned-graph-diagnostic.v1","kind":"projection","capture_id":2,"replay_id":162,"position":128,"layer":0,"projection":"down","operator":"canonical","cuda_span_ns":6144.000,"event_status":0,"launch_status":0,"completion_status":0}
{"schema":"riley.owned-graph-diagnostic.v1","kind":"read","capture_id":2,"replay_id":162,"host_read_bytes":98344,"host_read_ns":4713}
{"schema":"riley.owned-graph-diagnostic.v1","kind":"replay","capture_id":2,"replay_id":163,"position":129,"host_staging_bytes":98344,"event_setup_ns":428,"host_staging_ns":1484,"host_launch_ns":7148,"host_wait_ns":1876076,"cuda_graph_span_ns":1880800.009,"event_status":0,"launch_status":0,"completion_status":0}
{"schema":"riley.owned-graph-diagnostic.v1","kind":"projection","capture_id":2,"replay_id":163,"position":129,"layer":0,"projection":"down","operator":"canonical","cuda_span_ns":5120.000,"event_status":0,"launch_status":0,"completion_status":0}
{"schema":"riley.owned-graph-diagnostic.v1","kind":"read","capture_id":2,"replay_id":163,"host_read_bytes":98344,"host_read_ns":4354}
{"schema":"riley.owned-graph-diagnostic.v1","kind":"replay","capture_id":2,"replay_id":164,"position":130,"host_staging_bytes":98344,"event_setup_ns":401,"host_staging_ns":1493,"host_launch_ns":6671,"host_wait_ns":1867142,"cuda_graph_span_ns":1871168.017,"event_status":0,"launch_status":0,"completion_status":0}
{"schema":"riley.owned-graph-diagnostic.v1","kind":"projection","capture_id":2,"replay_id":164,"position":130,"layer":0,"projection":"down","operator":"canonical","cuda_span_ns":5120.000,"event_status":0,"launch_status":0,"completion_status":0}
{"schema":"riley.owned-graph-diagnostic.v1","kind":"read","capture_id":2,"replay_id":164,"host_read_bytes":98344,"host_read_ns":4424}
{"schema":"riley.owned-graph-diagnostic.v1","kind":"replay","capture_id":2,"replay_id":165,"position":131,"host_staging_bytes":98344,"event_setup_ns":340,"host_staging_ns":1479,"host_launch_ns":6631,"host_wait_ns":1876234,"cuda_graph_span_ns":1880192.041,"event_status":0,"launch_status":0,"completion_status":0}
{"schema":"riley.owned-graph-diagnostic.v1","kind":"projection","capture_id":2,"replay_id":165,"position":131,"layer":0,"projection":"down","operator":"canonical","cuda_span_ns":5120.000,"event_status":0,"launch_status":0,"completion_status":0}
{"schema":"riley.owned-graph-diagnostic.v1","kind":"read","capture_id":2,"replay_id":165,"host_read_bytes":98344,"host_read_ns":4546}
{"schema":"riley.owned-graph-diagnostic.v1","kind":"replay","capture_id":2,"replay_id":166,"position":132,"host_staging_bytes":98344,"event_setup_ns":419,"host_staging_ns":1497,"host_launch_ns":6955,"host_wait_ns":1875552,"cuda_graph_span_ns":1880159.974,"event_status":0,"launch_status":0,"completion_status":0}
{"schema":"riley.owned-graph-diagnostic.v1","kind":"projection","capture_id":2,"replay_id":166,"position":132,"layer":0,"projection":"down","operator":"canonical","cuda_span_ns":5120.000,"event_status":0,"launch_status":0,"completion_status":0}
{"schema":"riley.owned-graph-diagnostic.v1","kind":"read","capture_id":2,"replay_id":166,"host_read_bytes":98344,"host_read_ns":4656}
{"schema":"riley.owned-graph-diagnostic.v1","kind":"replay","capture_id":2,"replay_id":167,"position":133,"host_staging_bytes":98344,"event_setup_ns":298,"host_staging_ns":1481,"host_launch_ns":6747,"host_wait_ns":1874244,"cuda_graph_span_ns":1878304.005,"event_status":0,"launch_status":0,"completion_status":0}
{"schema":"riley.owned-graph-diagnostic.v1","kind":"projection","capture_id":2,"replay_id":167,"position":133,"layer":0,"projection":"down","operator":"canonical","cuda_span_ns":5120.000,"event_status":0,"launch_status":0,"completion_status":0}
{"schema":"riley.owned-graph-diagnostic.v1","kind":"read","capture_id":2,"replay_id":167,"host_read_bytes":98344,"host_read_ns":4387}
{"schema":"riley.owned-graph-diagnostic.v1","kind":"replay","capture_id":2,"replay_id":168,"position":134,"host_staging_bytes":98344,"event_setup_ns":276,"host_staging_ns":1485,"host_launch_ns":6896,"host_wait_ns":1877085,"cuda_graph_span_ns":1880511.999,"event_status":0,"launch_status":0,"completion_status":0}
{"schema":"riley.owned-graph-diagnostic.v1","kind":"projection","capture_id":2,"replay_id":168,"position":134,"layer":0,"projection":"down","operator":"canonical","cuda_span_ns":6144.000,"event_status":0,"launch_status":0,"completion_status":0}
{"schema":"riley.owned-graph-diagnostic.v1","kind":"read","capture_id":2,"replay_id":168,"host_read_bytes":98344,"host_read_ns":5171}
{"schema":"riley.owned-graph-diagnostic.v1","kind":"replay","capture_id":2,"replay_id":169,"position":135,"host_staging_bytes":98344,"event_setup_ns":498,"host_staging_ns":1746,"host_launch_ns":10034,"host_wait_ns":1868547,"cuda_graph_span_ns":1875967.979,"event_status":0,"launch_status":0,"completion_status":0}
{"schema":"riley.owned-graph-diagnostic.v1","kind":"projection","capture_id":2,"replay_id":169,"position":135,"layer":0,"projection":"down","operator":"canonical","cuda_span_ns":6144.000,"event_status":0,"launch_status":0,"completion_status":0}
{"schema":"riley.owned-graph-diagnostic.v1","kind":"read","capture_id":2,"replay_id":169,"host_read_bytes":98344,"host_read_ns":4934}
{"schema":"riley.owned-graph-diagnostic.v1","kind":"replay","capture_id":2,"replay_id":170,"position":136,"host_staging_bytes":98344,"event_setup_ns":576,"host_staging_ns":1645,"host_launch_ns":9033,"host_wait_ns":1908505,"cuda_graph_span_ns":1915040.016,"event_status":0,"launch_status":0,"completion_status":0}
{"schema":"riley.owned-graph-diagnostic.v1","kind":"projection","capture_id":2,"replay_id":170,"position":136,"layer":0,"projection":"down","operator":"canonical","cuda_span_ns":5120.000,"event_status":0,"launch_status":0,"completion_status":0}
{"schema":"riley.owned-graph-diagnostic.v1","kind":"read","capture_id":2,"replay_id":170,"host_read_bytes":98344,"host_read_ns":5085}
{"schema":"riley.owned-graph-diagnostic.v1","kind":"replay","capture_id":2,"replay_id":171,"position":137,"host_staging_bytes":98344,"event_setup_ns":489,"host_staging_ns":1609,"host_launch_ns":8042,"host_wait_ns":1925331,"cuda_graph_span_ns":1930976.033,"event_status":0,"launch_status":0,"completion_status":0}
{"schema":"riley.owned-graph-diagnostic.v1","kind":"projection","capture_id":2,"replay_id":171,"position":137,"layer":0,"projection":"down","operator":"canonical","cuda_span_ns":5120.000,"event_status":0,"launch_status":0,"completion_status":0}
{"schema":"riley.owned-graph-diagnostic.v1","kind":"read","capture_id":2,"replay_id":171,"host_read_bytes":98344,"host_read_ns":4556}
{"schema":"riley.owned-graph-diagnostic.v1","kind":"replay","capture_id":2,"replay_id":172,"position":138,"host_staging_bytes":98344,"event_setup_ns":309,"host_staging_ns":1505,"host_launch_ns":6711,"host_wait_ns":1925046,"cuda_graph_span_ns":1928992.033,"event_status":0,"launch_status":0,"completion_status":0}
{"schema":"riley.owned-graph-diagnostic.v1","kind":"projection","capture_id":2,"replay_id":172,"position":138,"layer":0,"projection":"down","operator":"canonical","cuda_span_ns":4096.000,"event_status":0,"launch_status":0,"completion_status":0}
{"schema":"riley.owned-graph-diagnostic.v1","kind":"read","capture_id":2,"replay_id":172,"host_read_bytes":98344,"host_read_ns":4670}
{"schema":"riley.owned-graph-diagnostic.v1","kind":"replay","capture_id":2,"replay_id":173,"position":139,"host_staging_bytes":98344,"event_setup_ns":425,"host_staging_ns":1553,"host_launch_ns":7391,"host_wait_ns":1925759,"cuda_graph_span_ns":1930400.014,"event_status":0,"launch_status":0,"completion_status":0}
{"schema":"riley.owned-graph-diagnostic.v1","kind":"projection","capture_id":2,"replay_id":173,"position":139,"layer":0,"projection":"down","operator":"canonical","cuda_span_ns":6144.000,"event_status":0,"launch_status":0,"completion_status":0}
{"schema":"riley.owned-graph-diagnostic.v1","kind":"read","capture_id":2,"replay_id":173,"host_read_bytes":98344,"host_read_ns":4383}
{"schema":"riley.owned-graph-diagnostic.v1","kind":"replay","capture_id":2,"replay_id":174,"position":140,"host_staging_bytes":98344,"event_setup_ns":291,"host_staging_ns":1483,"host_launch_ns":6616,"host_wait_ns":1925938,"cuda_graph_span_ns":1929855.943,"event_status":0,"launch_status":0,"completion_status":0}
{"schema":"riley.owned-graph-diagnostic.v1","kind":"projection","capture_id":2,"replay_id":174,"position":140,"layer":0,"projection":"down","operator":"canonical","cuda_span_ns":5504.000,"event_status":0,"launch_status":0,"completion_status":0}
{"schema":"riley.owned-graph-diagnostic.v1","kind":"read","capture_id":2,"replay_id":174,"host_read_bytes":98344,"host_read_ns":4661}
{"schema":"riley.owned-graph-diagnostic.v1","kind":"replay","capture_id":2,"replay_id":175,"position":141,"host_staging_bytes":98344,"event_setup_ns":367,"host_staging_ns":1550,"host_launch_ns":7066,"host_wait_ns":1925376,"cuda_graph_span_ns":1930112.004,"event_status":0,"launch_status":0,"completion_status":0}
{"schema":"riley.owned-graph-diagnostic.v1","kind":"projection","capture_id":2,"replay_id":175,"position":141,"layer":0,"projection":"down","operator":"canonical","cuda_span_ns":5120.000,"event_status":0,"launch_status":0,"completion_status":0}
{"schema":"riley.owned-graph-diagnostic.v1","kind":"read","capture_id":2,"replay_id":175,"host_read_bytes":98344,"host_read_ns":4889}
{"schema":"riley.owned-graph-diagnostic.v1","kind":"replay","capture_id":2,"replay_id":176,"position":142,"host_staging_bytes":98344,"event_setup_ns":289,"host_staging_ns":1504,"host_launch_ns":8214,"host_wait_ns":1924318,"cuda_graph_span_ns":1929952.025,"event_status":0,"launch_status":0,"completion_status":0}
{"schema":"riley.owned-graph-diagnostic.v1","kind":"projection","capture_id":2,"replay_id":176,"position":142,"layer":0,"projection":"down","operator":"canonical","cuda_span_ns":5120.000,"event_status":0,"launch_status":0,"completion_status":0}
{"schema":"riley.owned-graph-diagnostic.v1","kind":"read","capture_id":2,"replay_id":176,"host_read_bytes":98344,"host_read_ns":5400}
{"schema":"riley.owned-graph-diagnostic.v1","kind":"replay","capture_id":2,"replay_id":177,"position":143,"host_staging_bytes":98344,"event_setup_ns":502,"host_staging_ns":1619,"host_launch_ns":8129,"host_wait_ns":1924990,"cuda_graph_span_ns":1930431.962,"event_status":0,"launch_status":0,"completion_status":0}
{"schema":"riley.owned-graph-diagnostic.v1","kind":"projection","capture_id":2,"replay_id":177,"position":143,"layer":0,"projection":"down","operator":"canonical","cuda_span_ns":5120.000,"event_status":0,"launch_status":0,"completion_status":0}
{"schema":"riley.owned-graph-diagnostic.v1","kind":"read","capture_id":2,"replay_id":177,"host_read_bytes":98344,"host_read_ns":5537}
{"schema":"riley.owned-graph-diagnostic.v1","kind":"replay","capture_id":2,"replay_id":178,"position":144,"host_staging_bytes":98344,"event_setup_ns":738,"host_staging_ns":2006,"host_launch_ns":10007,"host_wait_ns":1984124,"cuda_graph_span_ns":1991487.980,"event_status":0,"launch_status":0,"completion_status":0}
{"schema":"riley.owned-graph-diagnostic.v1","kind":"projection","capture_id":2,"replay_id":178,"position":144,"layer":0,"projection":"down","operator":"canonical","cuda_span_ns":5120.000,"event_status":0,"launch_status":0,"completion_status":0}
{"schema":"riley.owned-graph-diagnostic.v1","kind":"read","capture_id":2,"replay_id":178,"host_read_bytes":98344,"host_read_ns":5265}
{"schema":"riley.owned-graph-diagnostic.v1","kind":"replay","capture_id":2,"replay_id":179,"position":145,"host_staging_bytes":98344,"event_setup_ns":642,"host_staging_ns":1648,"host_launch_ns":8138,"host_wait_ns":1999397,"cuda_graph_span_ns":2004863.977,"event_status":0,"launch_status":0,"completion_status":0}
{"schema":"riley.owned-graph-diagnostic.v1","kind":"projection","capture_id":2,"replay_id":179,"position":145,"layer":0,"projection":"down","operator":"canonical","cuda_span_ns":5120.000,"event_status":0,"launch_status":0,"completion_status":0}
{"schema":"riley.owned-graph-diagnostic.v1","kind":"read","capture_id":2,"replay_id":179,"host_read_bytes":98344,"host_read_ns":5973}
{"schema":"riley.owned-graph-diagnostic.v1","kind":"replay","capture_id":2,"replay_id":180,"position":146,"host_staging_bytes":98344,"event_setup_ns":745,"host_staging_ns":2077,"host_launch_ns":10735,"host_wait_ns":1998043,"cuda_graph_span_ns":2006272.078,"event_status":0,"launch_status":0,"completion_status":0}
{"schema":"riley.owned-graph-diagnostic.v1","kind":"projection","capture_id":2,"replay_id":180,"position":146,"layer":0,"projection":"down","operator":"canonical","cuda_span_ns":5120.000,"event_status":0,"launch_status":0,"completion_status":0}
{"schema":"riley.owned-graph-diagnostic.v1","kind":"read","capture_id":2,"replay_id":180,"host_read_bytes":98344,"host_read_ns":5446}
{"schema":"riley.owned-graph-diagnostic.v1","kind":"replay","capture_id":2,"replay_id":181,"position":147,"host_staging_bytes":98344,"event_setup_ns":367,"host_staging_ns":1569,"host_launch_ns":7681,"host_wait_ns":1999593,"cuda_graph_span_ns":2004352.093,"event_status":0,"launch_status":0,"completion_status":0}
{"schema":"riley.owned-graph-diagnostic.v1","kind":"projection","capture_id":2,"replay_id":181,"position":147,"layer":0,"projection":"down","operator":"canonical","cuda_span_ns":5120.000,"event_status":0,"launch_status":0,"completion_status":0}
{"schema":"riley.owned-graph-diagnostic.v1","kind":"read","capture_id":2,"replay_id":181,"host_read_bytes":98344,"host_read_ns":5277}
{"schema":"riley.owned-graph-diagnostic.v1","kind":"replay","capture_id":2,"replay_id":182,"position":148,"host_staging_bytes":98344,"event_setup_ns":840,"host_staging_ns":1669,"host_launch_ns":9383,"host_wait_ns":1999481,"cuda_graph_span_ns":2006464.005,"event_status":0,"launch_status":0,"completion_status":0}
{"schema":"riley.owned-graph-diagnostic.v1","kind":"projection","capture_id":2,"replay_id":182,"position":148,"layer":0,"projection":"down","operator":"canonical","cuda_span_ns":5120.000,"event_status":0,"launch_status":0,"completion_status":0}
{"schema":"riley.owned-graph-diagnostic.v1","kind":"read","capture_id":2,"replay_id":182,"host_read_bytes":98344,"host_read_ns":5081}
{"schema":"riley.owned-graph-diagnostic.v1","kind":"replay","capture_id":2,"replay_id":183,"position":149,"host_staging_bytes":98344,"event_setup_ns":370,"host_staging_ns":1546,"host_launch_ns":7311,"host_wait_ns":2000417,"cuda_graph_span_ns":2005088.091,"event_status":0,"launch_status":0,"completion_status":0}
{"schema":"riley.owned-graph-diagnostic.v1","kind":"projection","capture_id":2,"replay_id":183,"position":149,"layer":0,"projection":"down","operator":"canonical","cuda_span_ns":5120.000,"event_status":0,"launch_status":0,"completion_status":0}
{"schema":"riley.owned-graph-diagnostic.v1","kind":"read","capture_id":2,"replay_id":183,"host_read_bytes":98344,"host_read_ns":5317}
{"schema":"riley.owned-graph-diagnostic.v1","kind":"replay","capture_id":2,"replay_id":184,"position":150,"host_staging_bytes":98344,"event_setup_ns":1073,"host_staging_ns":1616,"host_launch_ns":10298,"host_wait_ns":1997118,"cuda_graph_span_ns":2004992.008,"event_status":0,"launch_status":0,"completion_status":0}
{"schema":"riley.owned-graph-diagnostic.v1","kind":"projection","capture_id":2,"replay_id":184,"position":150,"layer":0,"projection":"down","operator":"canonical","cuda_span_ns":5120.000,"event_status":0,"launch_status":0,"completion_status":0}
{"schema":"riley.owned-graph-diagnostic.v1","kind":"read","capture_id":2,"replay_id":184,"host_read_bytes":98344,"host_read_ns":4825}
{"schema":"riley.owned-graph-diagnostic.v1","kind":"replay","capture_id":2,"replay_id":185,"position":151,"host_staging_bytes":98344,"event_setup_ns":665,"host_staging_ns":1549,"host_launch_ns":8052,"host_wait_ns":2000947,"cuda_graph_span_ns":2006047.964,"event_status":0,"launch_status":0,"completion_status":0}
{"schema":"riley.owned-graph-diagnostic.v1","kind":"projection","capture_id":2,"replay_id":185,"position":151,"layer":0,"projection":"down","operator":"canonical","cuda_span_ns":5120.000,"event_status":0,"launch_status":0,"completion_status":0}
{"schema":"riley.owned-graph-diagnostic.v1","kind":"read","capture_id":2,"replay_id":185,"host_read_bytes":98344,"host_read_ns":4867}
{"schema":"riley.owned-graph-diagnostic.v1","kind":"replay","capture_id":2,"replay_id":186,"position":152,"host_staging_bytes":98344,"event_setup_ns":750,"host_staging_ns":1593,"host_launch_ns":7937,"host_wait_ns":2040278,"cuda_graph_span_ns":2045824.051,"event_status":0,"launch_status":0,"completion_status":0}
{"schema":"riley.owned-graph-diagnostic.v1","kind":"projection","capture_id":2,"replay_id":186,"position":152,"layer":0,"projection":"down","operator":"canonical","cuda_span_ns":5120.000,"event_status":0,"launch_status":0,"completion_status":0}
{"schema":"riley.owned-graph-diagnostic.v1","kind":"read","capture_id":2,"replay_id":186,"host_read_bytes":98344,"host_read_ns":5021}
{"schema":"riley.owned-graph-diagnostic.v1","kind":"replay","capture_id":2,"replay_id":187,"position":153,"host_staging_bytes":98344,"event_setup_ns":499,"host_staging_ns":1564,"host_launch_ns":8079,"host_wait_ns":2055248,"cuda_graph_span_ns":2060832.024,"event_status":0,"launch_status":0,"completion_status":0}
{"schema":"riley.owned-graph-diagnostic.v1","kind":"projection","capture_id":2,"replay_id":187,"position":153,"layer":0,"projection":"down","operator":"canonical","cuda_span_ns":5120.000,"event_status":0,"launch_status":0,"completion_status":0}
{"schema":"riley.owned-graph-diagnostic.v1","kind":"read","capture_id":2,"replay_id":187,"host_read_bytes":98344,"host_read_ns":4639}
{"schema":"riley.owned-graph-diagnostic.v1","kind":"replay","capture_id":2,"replay_id":188,"position":154,"host_staging_bytes":98344,"event_setup_ns":386,"host_staging_ns":1541,"host_launch_ns":7580,"host_wait_ns":2056434,"cuda_graph_span_ns":2061664.104,"event_status":0,"launch_status":0,"completion_status":0}
{"schema":"riley.owned-graph-diagnostic.v1","kind":"projection","capture_id":2,"replay_id":188,"position":154,"layer":0,"projection":"down","operator":"canonical","cuda_span_ns":5120.000,"event_status":0,"launch_status":0,"completion_status":0}
{"schema":"riley.owned-graph-diagnostic.v1","kind":"read","capture_id":2,"replay_id":188,"host_read_bytes":98344,"host_read_ns":4507}
{"schema":"riley.owned-graph-diagnostic.v1","kind":"replay","capture_id":2,"replay_id":189,"position":155,"host_staging_bytes":98344,"event_setup_ns":289,"host_staging_ns":1508,"host_launch_ns":6677,"host_wait_ns":2057778,"cuda_graph_span_ns":2061728.001,"event_status":0,"launch_status":0,"completion_status":0}
{"schema":"riley.owned-graph-diagnostic.v1","kind":"projection","capture_id":2,"replay_id":189,"position":155,"layer":0,"projection":"down","operator":"canonical","cuda_span_ns":6144.000,"event_status":0,"launch_status":0,"completion_status":0}
{"schema":"riley.owned-graph-diagnostic.v1","kind":"read","capture_id":2,"replay_id":189,"host_read_bytes":98344,"host_read_ns":4841}
{"schema":"riley.owned-graph-diagnostic.v1","kind":"replay","capture_id":2,"replay_id":190,"position":156,"host_staging_bytes":98344,"event_setup_ns":309,"host_staging_ns":1487,"host_launch_ns":6983,"host_wait_ns":2057705,"cuda_graph_span_ns":2062335.968,"event_status":0,"launch_status":0,"completion_status":0}
{"schema":"riley.owned-graph-diagnostic.v1","kind":"projection","capture_id":2,"replay_id":190,"position":156,"layer":0,"projection":"down","operator":"canonical","cuda_span_ns":5120.000,"event_status":0,"launch_status":0,"completion_status":0}
{"schema":"riley.owned-graph-diagnostic.v1","kind":"read","capture_id":2,"replay_id":190,"host_read_bytes":98344,"host_read_ns":4992}
{"schema":"riley.owned-graph-diagnostic.v1","kind":"replay","capture_id":2,"replay_id":191,"position":157,"host_staging_bytes":98344,"event_setup_ns":400,"host_staging_ns":1533,"host_launch_ns":6609,"host_wait_ns":2055432,"cuda_graph_span_ns":2059648.037,"event_status":0,"launch_status":0,"completion_status":0}
{"schema":"riley.owned-graph-diagnostic.v1","kind":"projection","capture_id":2,"replay_id":191,"position":157,"layer":0,"projection":"down","operator":"canonical","cuda_span_ns":5120.000,"event_status":0,"launch_status":0,"completion_status":0}
{"schema":"riley.owned-graph-diagnostic.v1","kind":"read","capture_id":2,"replay_id":191,"host_read_bytes":98344,"host_read_ns":4705}
{"schema":"riley.owned-graph-diagnostic.v1","kind":"replay","capture_id":2,"replay_id":192,"position":158,"host_staging_bytes":98344,"event_setup_ns":331,"host_staging_ns":1505,"host_launch_ns":7184,"host_wait_ns":2056532,"cuda_graph_span_ns":2061216.116,"event_status":0,"launch_status":0,"completion_status":0}
{"schema":"riley.owned-graph-diagnostic.v1","kind":"projection","capture_id":2,"replay_id":192,"position":158,"layer":0,"projection":"down","operator":"canonical","cuda_span_ns":5120.000,"event_status":0,"launch_status":0,"completion_status":0}
{"schema":"riley.owned-graph-diagnostic.v1","kind":"read","capture_id":2,"replay_id":192,"host_read_bytes":98344,"host_read_ns":4406}
riley graceful shutdown requested by SIGTERM
RILEY_GRAPH close replays=192
