{"schema":"riley.owned-graph-diagnostic.v1","kind":"graph","capture_id":1,"inventory_status":0,"nodes":404,"kernel_nodes":397,"memcpy_nodes":5,"other_nodes":2,"memcpy_params_status":0,"memcpy_unknown_nodes":0,"memcpy_bytes_complete":true,"h2d_bytes":84,"d2h_bytes":98344,"d2d_bytes":0}
{"schema":"riley.owned-graph-diagnostic.v1","kind":"graph","capture_id":2,"inventory_status":0,"nodes":404,"kernel_nodes":397,"memcpy_nodes":5,"other_nodes":2,"memcpy_params_status":0,"memcpy_unknown_nodes":0,"memcpy_bytes_complete":true,"h2d_bytes":84,"d2h_bytes":98344,"d2d_bytes":0}
RILEY_GRAPH prepared=true policy=Require fallback=false gpu_iteration_timing=false numerics=vllm-smol-p128-v1
riley listening on http://127.0.0.1:19341 (graceful_signals=SIGINT,SIGTERM graceful_stdin_shutdown=false)
{"schema":"riley.owned-graph-diagnostic.v1","kind":"replay","capture_id":1,"replay_id":1,"position":0,"host_staging_bytes":98344,"event_setup_ns":12386,"host_staging_ns":5213,"host_launch_ns":110856,"host_wait_ns":2904166,"cuda_graph_span_ns":3012864.113,"event_status":0,"launch_status":0,"completion_status":0}
{"schema":"riley.owned-graph-diagnostic.v1","kind":"projection","capture_id":1,"replay_id":1,"position":0,"layer":0,"projection":"gate","operator":"override","cuda_span_ns":11264.000,"event_status":0,"launch_status":0,"completion_status":0}
{"schema":"riley.owned-graph-diagnostic.v1","kind":"read","capture_id":1,"replay_id":1,"host_read_bytes":98344,"host_read_ns":26916}
{"schema":"riley.owned-graph-diagnostic.v1","kind":"replay","capture_id":1,"replay_id":2,"position":1,"host_staging_bytes":98344,"event_setup_ns":540,"host_staging_ns":3160,"host_launch_ns":10232,"host_wait_ns":3014905,"cuda_graph_span_ns":3022144.079,"event_status":0,"launch_status":0,"completion_status":0}
{"schema":"riley.owned-graph-diagnostic.v1","kind":"projection","capture_id":1,"replay_id":2,"position":1,"layer":0,"projection":"gate","operator":"override","cuda_span_ns":10240.000,"event_status":0,"launch_status":0,"completion_status":0}
{"schema":"riley.owned-graph-diagnostic.v1","kind":"read","capture_id":1,"replay_id":2,"host_read_bytes":98344,"host_read_ns":5024}
{"schema":"riley.owned-graph-diagnostic.v1","kind":"replay","capture_id":1,"replay_id":3,"position":2,"host_staging_bytes":98344,"event_setup_ns":325,"host_staging_ns":1579,"host_launch_ns":6663,"host_wait_ns":3022316,"cuda_graph_span_ns":3026207.924,"event_status":0,"launch_status":0,"completion_status":0}
{"schema":"riley.owned-graph-diagnostic.v1","kind":"projection","capture_id":1,"replay_id":3,"position":2,"layer":0,"projection":"gate","operator":"override","cuda_span_ns":11264.000,"event_status":0,"launch_status":0,"completion_status":0}
{"schema":"riley.owned-graph-diagnostic.v1","kind":"read","capture_id":1,"replay_id":3,"host_read_bytes":98344,"host_read_ns":4833}
{"schema":"riley.owned-graph-diagnostic.v1","kind":"replay","capture_id":1,"replay_id":4,"position":3,"host_staging_bytes":98344,"event_setup_ns":377,"host_staging_ns":1653,"host_launch_ns":6754,"host_wait_ns":3027135,"cuda_graph_span_ns":3031136.036,"event_status":0,"launch_status":0,"completion_status":0}
{"schema":"riley.owned-graph-diagnostic.v1","kind":"projection","capture_id":1,"replay_id":4,"position":3,"layer":0,"projection":"gate","operator":"override","cuda_span_ns":10240.000,"event_status":0,"launch_status":0,"completion_status":0}
{"schema":"riley.owned-graph-diagnostic.v1","kind":"read","capture_id":1,"replay_id":4,"host_read_bytes":98344,"host_read_ns":4938}
{"schema":"riley.owned-graph-diagnostic.v1","kind":"replay","capture_id":1,"replay_id":5,"position":4,"host_staging_bytes":98344,"event_setup_ns":533,"host_staging_ns":1617,"host_launch_ns":6894,"host_wait_ns":3029079,"cuda_graph_span_ns":3032991.886,"event_status":0,"launch_status":0,"completion_status":0}
{"schema":"riley.owned-graph-diagnostic.v1","kind":"projection","capture_id":1,"replay_id":5,"position":4,"layer":0,"projection":"gate","operator":"override","cuda_span_ns":11264.000,"event_status":0,"launch_status":0,"completion_status":0}
{"schema":"riley.owned-graph-diagnostic.v1","kind":"read","capture_id":1,"replay_id":5,"host_read_bytes":98344,"host_read_ns":4973}
{"schema":"riley.owned-graph-diagnostic.v1","kind":"replay","capture_id":1,"replay_id":6,"position":5,"host_staging_bytes":98344,"event_setup_ns":738,"host_staging_ns":1653,"host_launch_ns":8086,"host_wait_ns":3030398,"cuda_graph_span_ns":3035840.034,"event_status":0,"launch_status":0,"completion_status":0}
{"schema":"riley.owned-graph-diagnostic.v1","kind":"projection","capture_id":1,"replay_id":6,"position":5,"layer":0,"projection":"gate","operator":"override","cuda_span_ns":11264.000,"event_status":0,"launch_status":0,"completion_status":0}
{"schema":"riley.owned-graph-diagnostic.v1","kind":"read","capture_id":1,"replay_id":6,"host_read_bytes":98344,"host_read_ns":5084}
{"schema":"riley.owned-graph-diagnostic.v1","kind":"replay","capture_id":1,"replay_id":7,"position":6,"host_staging_bytes":98344,"event_setup_ns":504,"host_staging_ns":1691,"host_launch_ns":7409,"host_wait_ns":3027274,"cuda_graph_span_ns":3031872.034,"event_status":0,"launch_status":0,"completion_status":0}
{"schema":"riley.owned-graph-diagnostic.v1","kind":"projection","capture_id":1,"replay_id":7,"position":6,"layer":0,"projection":"gate","operator":"override","cuda_span_ns":11264.000,"event_status":0,"launch_status":0,"completion_status":0}
{"schema":"riley.owned-graph-diagnostic.v1","kind":"read","capture_id":1,"replay_id":7,"host_read_bytes":98344,"host_read_ns":5247}
{"schema":"riley.owned-graph-diagnostic.v1","kind":"replay","capture_id":1,"replay_id":8,"position":7,"host_staging_bytes":98344,"event_setup_ns":398,"host_staging_ns":1572,"host_launch_ns":6927,"host_wait_ns":3027968,"cuda_graph_span_ns":3031935.930,"event_status":0,"launch_status":0,"completion_status":0}
{"schema":"riley.owned-graph-diagnostic.v1","kind":"projection","capture_id":1,"replay_id":8,"position":7,"layer":0,"projection":"gate","operator":"override","cuda_span_ns":10240.000,"event_status":0,"launch_status":0,"completion_status":0}
{"schema":"riley.owned-graph-diagnostic.v1","kind":"read","capture_id":1,"replay_id":8,"host_read_bytes":98344,"host_read_ns":5229}
{"schema":"riley.owned-graph-diagnostic.v1","kind":"replay","capture_id":1,"replay_id":9,"position":8,"host_staging_bytes":98344,"event_setup_ns":368,"host_staging_ns":1591,"host_launch_ns":6499,"host_wait_ns":3070372,"cuda_graph_span_ns":3073983.908,"event_status":0,"launch_status":0,"completion_status":0}
{"schema":"riley.owned-graph-diagnostic.v1","kind":"projection","capture_id":1,"replay_id":9,"position":8,"layer":0,"projection":"gate","operator":"override","cuda_span_ns":11264.000,"event_status":0,"launch_status":0,"completion_status":0}
{"schema":"riley.owned-graph-diagnostic.v1","kind":"read","capture_id":1,"replay_id":9,"host_read_bytes":98344,"host_read_ns":5744}
{"schema":"riley.owned-graph-diagnostic.v1","kind":"replay","capture_id":1,"replay_id":10,"position":9,"host_staging_bytes":98344,"event_setup_ns":326,"host_staging_ns":1757,"host_launch_ns":7023,"host_wait_ns":3102549,"cuda_graph_span_ns":3106463.909,"event_status":0,"launch_status":0,"completion_status":0}
{"schema":"riley.owned-graph-diagnostic.v1","kind":"projection","capture_id":1,"replay_id":10,"position":9,"layer":0,"projection":"gate","operator":"override","cuda_span_ns":10240.000,"event_status":0,"launch_status":0,"completion_status":0}
{"schema":"riley.owned-graph-diagnostic.v1","kind":"read","capture_id":1,"replay_id":10,"host_read_bytes":98344,"host_read_ns":5054}
{"schema":"riley.owned-graph-diagnostic.v1","kind":"replay","capture_id":1,"replay_id":11,"position":10,"host_staging_bytes":98344,"event_setup_ns":354,"host_staging_ns":1710,"host_launch_ns":6913,"host_wait_ns":3111792,"cuda_graph_span_ns":3116064.072,"event_status":0,"launch_status":0,"completion_status":0}
{"schema":"riley.owned-graph-diagnostic.v1","kind":"projection","capture_id":1,"replay_id":11,"position":10,"layer":0,"projection":"gate","operator":"override","cuda_span_ns":11264.000,"event_status":0,"launch_status":0,"completion_status":0}
{"schema":"riley.owned-graph-diagnostic.v1","kind":"read","capture_id":1,"replay_id":11,"host_read_bytes":98344,"host_read_ns":5067}
{"schema":"riley.owned-graph-diagnostic.v1","kind":"replay","capture_id":1,"replay_id":12,"position":11,"host_staging_bytes":98344,"event_setup_ns":280,"host_staging_ns":1621,"host_launch_ns":7774,"host_wait_ns":3110620,"cuda_graph_span_ns":3115328.074,"event_status":0,"launch_status":0,"completion_status":0}
{"schema":"riley.owned-graph-diagnostic.v1","kind":"projection","capture_id":1,"replay_id":12,"position":11,"layer":0,"projection":"gate","operator":"override","cuda_span_ns":11264.000,"event_status":0,"launch_status":0,"completion_status":0}
{"schema":"riley.owned-graph-diagnostic.v1","kind":"read","capture_id":1,"replay_id":12,"host_read_bytes":98344,"host_read_ns":4521}
{"schema":"riley.owned-graph-diagnostic.v1","kind":"replay","capture_id":1,"replay_id":13,"position":12,"host_staging_bytes":98344,"event_setup_ns":313,"host_staging_ns":1567,"host_launch_ns":7031,"host_wait_ns":3117184,"cuda_graph_span_ns":3121279.955,"event_status":0,"launch_status":0,"completion_status":0}
{"schema":"riley.owned-graph-diagnostic.v1","kind":"projection","capture_id":1,"replay_id":13,"position":12,"layer":0,"projection":"gate","operator":"override","cuda_span_ns":10240.000,"event_status":0,"launch_status":0,"completion_status":0}
{"schema":"riley.owned-graph-diagnostic.v1","kind":"read","capture_id":1,"replay_id":13,"host_read_bytes":98344,"host_read_ns":4950}
{"schema":"riley.owned-graph-diagnostic.v1","kind":"replay","capture_id":1,"replay_id":14,"position":13,"host_staging_bytes":98344,"event_setup_ns":311,"host_staging_ns":1605,"host_launch_ns":6678,"host_wait_ns":3111877,"cuda_graph_span_ns":3115583.897,"event_status":0,"launch_status":0,"completion_status":0}
{"schema":"riley.owned-graph-diagnostic.v1","kind":"projection","capture_id":1,"replay_id":14,"position":13,"layer":0,"projection":"gate","operator":"override","cuda_span_ns":11264.000,"event_status":0,"launch_status":0,"completion_status":0}
{"schema":"riley.owned-graph-diagnostic.v1","kind":"read","capture_id":1,"replay_id":14,"host_read_bytes":98344,"host_read_ns":4833}
{"schema":"riley.owned-graph-diagnostic.v1","kind":"replay","capture_id":1,"replay_id":15,"position":14,"host_staging_bytes":98344,"event_setup_ns":432,"host_staging_ns":1576,"host_launch_ns":6681,"host_wait_ns":3119134,"cuda_graph_span_ns":3122976.065,"event_status":0,"launch_status":0,"completion_status":0}
{"schema":"riley.owned-graph-diagnostic.v1","kind":"projection","capture_id":1,"replay_id":15,"position":14,"layer":0,"projection":"gate","operator":"override","cuda_span_ns":10240.000,"event_status":0,"launch_status":0,"completion_status":0}
{"schema":"riley.owned-graph-diagnostic.v1","kind":"read","capture_id":1,"replay_id":15,"host_read_bytes":98344,"host_read_ns":4956}
{"schema":"riley.owned-graph-diagnostic.v1","kind":"replay","capture_id":1,"replay_id":16,"position":15,"host_staging_bytes":98344,"event_setup_ns":280,"host_staging_ns":1589,"host_launch_ns":6562,"host_wait_ns":3111233,"cuda_graph_span_ns":3114975.929,"event_status":0,"launch_status":0,"completion_status":0}
{"schema":"riley.owned-graph-diagnostic.v1","kind":"projection","capture_id":1,"replay_id":16,"position":15,"layer":0,"projection":"gate","operator":"override","cuda_span_ns":11264.000,"event_status":0,"launch_status":0,"completion_status":0}
{"schema":"riley.owned-graph-diagnostic.v1","kind":"read","capture_id":1,"replay_id":16,"host_read_bytes":98344,"host_read_ns":5131}
{"schema":"riley.owned-graph-diagnostic.v1","kind":"replay","capture_id":1,"replay_id":17,"position":16,"host_staging_bytes":98344,"event_setup_ns":512,"host_staging_ns":1631,"host_launch_ns":6689,"host_wait_ns":3178812,"cuda_graph_span_ns":3180864.096,"event_status":0,"launch_status":0,"completion_status":0}
{"schema":"riley.owned-graph-diagnostic.v1","kind":"projection","capture_id":1,"replay_id":17,"position":16,"layer":0,"projection":"gate","operator":"override","cuda_span_ns":11264.000,"event_status":0,"launch_status":0,"completion_status":0}
{"schema":"riley.owned-graph-diagnostic.v1","kind":"read","capture_id":1,"replay_id":17,"host_read_bytes":98344,"host_read_ns":6614}
{"schema":"riley.owned-graph-diagnostic.v1","kind":"replay","capture_id":1,"replay_id":18,"position":17,"host_staging_bytes":98344,"event_setup_ns":1620,"host_staging_ns":3312,"host_launch_ns":14437,"host_wait_ns":3206070,"cuda_graph_span_ns":3218143.940,"event_status":0,"launch_status":0,"completion_status":0}
{"schema":"riley.owned-graph-diagnostic.v1","kind":"projection","capture_id":1,"replay_id":18,"position":17,"layer":0,"projection":"gate","operator":"override","cuda_span_ns":11264.000,"event_status":0,"launch_status":0,"completion_status":0}
{"schema":"riley.owned-graph-diagnostic.v1","kind":"read","capture_id":1,"replay_id":18,"host_read_bytes":98344,"host_read_ns":4849}
{"schema":"riley.owned-graph-diagnostic.v1","kind":"replay","capture_id":1,"replay_id":19,"position":18,"host_staging_bytes":98344,"event_setup_ns":405,"host_staging_ns":1589,"host_launch_ns":7147,"host_wait_ns":3226471,"cuda_graph_span_ns":3230976.105,"event_status":0,"launch_status":0,"completion_status":0}
{"schema":"riley.owned-graph-diagnostic.v1","kind":"projection","capture_id":1,"replay_id":19,"position":18,"layer":0,"projection":"gate","operator":"override","cuda_span_ns":10240.000,"event_status":0,"launch_status":0,"completion_status":0}
{"schema":"riley.owned-graph-diagnostic.v1","kind":"read","capture_id":1,"replay_id":19,"host_read_bytes":98344,"host_read_ns":5027}
{"schema":"riley.owned-graph-diagnostic.v1","kind":"replay","capture_id":1,"replay_id":20,"position":19,"host_staging_bytes":98344,"event_setup_ns":356,"host_staging_ns":1721,"host_launch_ns":6920,"host_wait_ns":3223208,"cuda_graph_span_ns":3227168.083,"event_status":0,"launch_status":0,"completion_status":0}
{"schema":"riley.owned-graph-diagnostic.v1","kind":"projection","capture_id":1,"replay_id":20,"position":19,"layer":0,"projection":"gate","operator":"override","cuda_span_ns":11264.000,"event_status":0,"launch_status":0,"completion_status":0}
{"schema":"riley.owned-graph-diagnostic.v1","kind":"read","capture_id":1,"replay_id":20,"host_read_bytes":98344,"host_read_ns":5227}
{"schema":"riley.owned-graph-diagnostic.v1","kind":"replay","capture_id":1,"replay_id":21,"position":20,"host_staging_bytes":98344,"event_setup_ns":330,"host_staging_ns":1682,"host_launch_ns":6856,"host_wait_ns":3225081,"cuda_graph_span_ns":3229248.047,"event_status":0,"launch_status":0,"completion_status":0}
{"schema":"riley.owned-graph-diagnostic.v1","kind":"projection","capture_id":1,"replay_id":21,"position":20,"layer":0,"projection":"gate","operator":"override","cuda_span_ns":11264.000,"event_status":0,"launch_status":0,"completion_status":0}
{"schema":"riley.owned-graph-diagnostic.v1","kind":"read","capture_id":1,"replay_id":21,"host_read_bytes":98344,"host_read_ns":4648}
{"schema":"riley.owned-graph-diagnostic.v1","kind":"replay","capture_id":1,"replay_id":22,"position":21,"host_staging_bytes":98344,"event_setup_ns":342,"host_staging_ns":1646,"host_launch_ns":6863,"host_wait_ns":3224540,"cuda_graph_span_ns":3228800.058,"event_status":0,"launch_status":0,"completion_status":0}
{"schema":"riley.owned-graph-diagnostic.v1","kind":"projection","capture_id":1,"replay_id":22,"position":21,"layer":0,"projection":"gate","operator":"override","cuda_span_ns":11264.000,"event_status":0,"launch_status":0,"completion_status":0}
{"schema":"riley.owned-graph-diagnostic.v1","kind":"read","capture_id":1,"replay_id":22,"host_read_bytes":98344,"host_read_ns":4727}
{"schema":"riley.owned-graph-diagnostic.v1","kind":"replay","capture_id":1,"replay_id":23,"position":22,"host_staging_bytes":98344,"event_setup_ns":293,"host_staging_ns":1602,"host_launch_ns":6423,"host_wait_ns":3214954,"cuda_graph_span_ns":3218656.063,"event_status":0,"launch_status":0,"completion_status":0}
{"schema":"riley.owned-graph-diagnostic.v1","kind":"projection","capture_id":1,"replay_id":23,"position":22,"layer":0,"projection":"gate","operator":"override","cuda_span_ns":10240.000,"event_status":0,"launch_status":0,"completion_status":0}
{"schema":"riley.owned-graph-diagnostic.v1","kind":"read","capture_id":1,"replay_id":23,"host_read_bytes":98344,"host_read_ns":4686}
{"schema":"riley.owned-graph-diagnostic.v1","kind":"replay","capture_id":1,"replay_id":24,"position":23,"host_staging_bytes":98344,"event_setup_ns":279,"host_staging_ns":1625,"host_launch_ns":6727,"host_wait_ns":3215791,"cuda_graph_span_ns":3219840.050,"event_status":0,"launch_status":0,"completion_status":0}
{"schema":"riley.owned-graph-diagnostic.v1","kind":"projection","capture_id":1,"replay_id":24,"position":23,"layer":0,"projection":"gate","operator":"override","cuda_span_ns":11264.000,"event_status":0,"launch_status":0,"completion_status":0}
{"schema":"riley.owned-graph-diagnostic.v1","kind":"read","capture_id":1,"replay_id":24,"host_read_bytes":98344,"host_read_ns":4541}
{"schema":"riley.owned-graph-diagnostic.v1","kind":"replay","capture_id":1,"replay_id":25,"position":24,"host_staging_bytes":98344,"event_setup_ns":282,"host_staging_ns":1568,"host_launch_ns":6717,"host_wait_ns":3264180,"cuda_graph_span_ns":3267935.991,"event_status":0,"launch_status":0,"completion_status":0}
{"schema":"riley.owned-graph-diagnostic.v1","kind":"projection","capture_id":1,"replay_id":25,"position":24,"layer":0,"projection":"gate","operator":"override","cuda_span_ns":11264.000,"event_status":0,"launch_status":0,"completion_status":0}
{"schema":"riley.owned-graph-diagnostic.v1","kind":"read","capture_id":1,"replay_id":25,"host_read_bytes":98344,"host_read_ns":5022}
{"schema":"riley.owned-graph-diagnostic.v1","kind":"replay","capture_id":1,"replay_id":26,"position":25,"host_staging_bytes":98344,"event_setup_ns":282,"host_staging_ns":1573,"host_launch_ns":6504,"host_wait_ns":3300246,"cuda_graph_span_ns":3303839.922,"event_status":0,"launch_status":0,"completion_status":0}
{"schema":"riley.owned-graph-diagnostic.v1","kind":"projection","capture_id":1,"replay_id":26,"position":25,"layer":0,"projection":"gate","operator":"override","cuda_span_ns":11264.000,"event_status":0,"launch_status":0,"completion_status":0}
{"schema":"riley.owned-graph-diagnostic.v1","kind":"read","capture_id":1,"replay_id":26,"host_read_bytes":98344,"host_read_ns":5008}
{"schema":"riley.owned-graph-diagnostic.v1","kind":"replay","capture_id":1,"replay_id":27,"position":26,"host_staging_bytes":98344,"event_setup_ns":365,"host_staging_ns":1578,"host_launch_ns":6893,"host_wait_ns":3314436,"cuda_graph_span_ns":3318304.062,"event_status":0,"launch_status":0,"completion_status":0}
{"schema":"riley.owned-graph-diagnostic.v1","kind":"projection","capture_id":1,"replay_id":27,"position":26,"layer":0,"projection":"gate","operator":"override","cuda_span_ns":10240.000,"event_status":0,"launch_status":0,"completion_status":0}
{"schema":"riley.owned-graph-diagnostic.v1","kind":"read","capture_id":1,"replay_id":27,"host_read_bytes":98344,"host_read_ns":4619}
{"schema":"riley.owned-graph-diagnostic.v1","kind":"replay","capture_id":1,"replay_id":28,"position":27,"host_staging_bytes":98344,"event_setup_ns":288,"host_staging_ns":1522,"host_launch_ns":6626,"host_wait_ns":3313911,"cuda_graph_span_ns":3317728.043,"event_status":0,"launch_status":0,"completion_status":0}
{"schema":"riley.owned-graph-diagnostic.v1","kind":"projection","capture_id":1,"replay_id":28,"position":27,"layer":0,"projection":"gate","operator":"override","cuda_span_ns":10240.000,"event_status":0,"launch_status":0,"completion_status":0}
{"schema":"riley.owned-graph-diagnostic.v1","kind":"read","capture_id":1,"replay_id":28,"host_read_bytes":98344,"host_read_ns":4471}
{"schema":"riley.owned-graph-diagnostic.v1","kind":"replay","capture_id":1,"replay_id":29,"position":28,"host_staging_bytes":98344,"event_setup_ns":307,"host_staging_ns":1565,"host_launch_ns":6535,"host_wait_ns":3313828,"cuda_graph_span_ns":3317568.064,"event_status":0,"launch_status":0,"completion_status":0}
{"schema":"riley.owned-graph-diagnostic.v1","kind":"projection","capture_id":1,"replay_id":29,"position":28,"layer":0,"projection":"gate","operator":"override","cuda_span_ns":10240.000,"event_status":0,"launch_status":0,"completion_status":0}
{"schema":"riley.owned-graph-diagnostic.v1","kind":"read","capture_id":1,"replay_id":29,"host_read_bytes":98344,"host_read_ns":4944}
{"schema":"riley.owned-graph-diagnostic.v1","kind":"replay","capture_id":1,"replay_id":30,"position":29,"host_staging_bytes":98344,"event_setup_ns":297,"host_staging_ns":1549,"host_launch_ns":6794,"host_wait_ns":3313125,"cuda_graph_span_ns":3317087.889,"event_status":0,"launch_status":0,"completion_status":0}
{"schema":"riley.owned-graph-diagnostic.v1","kind":"projection","capture_id":1,"replay_id":30,"position":29,"layer":0,"projection":"gate","operator":"override","cuda_span_ns":11264.000,"event_status":0,"launch_status":0,"completion_status":0}
{"schema":"riley.owned-graph-diagnostic.v1","kind":"read","capture_id":1,"replay_id":30,"host_read_bytes":98344,"host_read_ns":4860}
{"schema":"riley.owned-graph-diagnostic.v1","kind":"replay","capture_id":1,"replay_id":31,"position":30,"host_staging_bytes":98344,"event_setup_ns":320,"host_staging_ns":1538,"host_launch_ns":6617,"host_wait_ns":3305780,"cuda_graph_span_ns":3309535.980,"event_status":0,"launch_status":0,"completion_status":0}
{"schema":"riley.owned-graph-diagnostic.v1","kind":"projection","capture_id":1,"replay_id":31,"position":30,"layer":0,"projection":"gate","operator":"override","cuda_span_ns":11264.000,"event_status":0,"launch_status":0,"completion_status":0}
{"schema":"riley.owned-graph-diagnostic.v1","kind":"read","capture_id":1,"replay_id":31,"host_read_bytes":98344,"host_read_ns":5249}
{"schema":"riley.owned-graph-diagnostic.v1","kind":"replay","capture_id":1,"replay_id":32,"position":31,"host_staging_bytes":98344,"event_setup_ns":287,"host_staging_ns":1548,"host_launch_ns":6829,"host_wait_ns":3307983,"cuda_graph_span_ns":3311935.902,"event_status":0,"launch_status":0,"completion_status":0}
{"schema":"riley.owned-graph-diagnostic.v1","kind":"projection","capture_id":1,"replay_id":32,"position":31,"layer":0,"projection":"gate","operator":"override","cuda_span_ns":10240.000,"event_status":0,"launch_status":0,"completion_status":0}
{"schema":"riley.owned-graph-diagnostic.v1","kind":"read","capture_id":1,"replay_id":32,"host_read_bytes":98344,"host_read_ns":4602}
{"schema":"riley.owned-graph-diagnostic.v1","kind":"replay","capture_id":1,"replay_id":33,"position":32,"host_staging_bytes":98344,"event_setup_ns":375,"host_staging_ns":1517,"host_launch_ns":6427,"host_wait_ns":3374296,"cuda_graph_span_ns":3377856.016,"event_status":0,"launch_status":0,"completion_status":0}
{"schema":"riley.owned-graph-diagnostic.v1","kind":"projection","capture_id":1,"replay_id":33,"position":32,"layer":0,"projection":"gate","operator":"override","cuda_span_ns":11264.000,"event_status":0,"launch_status":0,"completion_status":0}
{"schema":"riley.owned-graph-diagnostic.v1","kind":"read","capture_id":1,"replay_id":33,"host_read_bytes":98344,"host_read_ns":4474}
{"schema":"riley.owned-graph-diagnostic.v1","kind":"replay","capture_id":1,"replay_id":34,"position":33,"host_staging_bytes":98344,"event_setup_ns":327,"host_staging_ns":1511,"host_launch_ns":6566,"host_wait_ns":3413654,"cuda_graph_span_ns":3417216.063,"event_status":0,"launch_status":0,"completion_status":0}
{"schema":"riley.owned-graph-diagnostic.v1","kind":"projection","capture_id":1,"replay_id":34,"position":33,"layer":0,"projection":"gate","operator":"override","cuda_span_ns":10240.000,"event_status":0,"launch_status":0,"completion_status":0}
{"schema":"riley.owned-graph-diagnostic.v1","kind":"read","capture_id":1,"replay_id":34,"host_read_bytes":98344,"host_read_ns":4705}
{"schema":"riley.owned-graph-diagnostic.v1","kind":"replay","capture_id":1,"replay_id":35,"position":34,"host_staging_bytes":98344,"event_setup_ns":273,"host_staging_ns":1529,"host_launch_ns":6751,"host_wait_ns":3422422,"cuda_graph_span_ns":3425823.927,"event_status":0,"launch_status":0,"completion_status":0}
{"schema":"riley.owned-graph-diagnostic.v1","kind":"projection","capture_id":1,"replay_id":35,"position":34,"layer":0,"projection":"gate","operator":"override","cuda_span_ns":11264.000,"event_status":0,"launch_status":0,"completion_status":0}
{"schema":"riley.owned-graph-diagnostic.v1","kind":"read","capture_id":1,"replay_id":35,"host_read_bytes":98344,"host_read_ns":4873}
{"schema":"riley.owned-graph-diagnostic.v1","kind":"replay","capture_id":1,"replay_id":36,"position":35,"host_staging_bytes":98344,"event_setup_ns":314,"host_staging_ns":1526,"host_launch_ns":6632,"host_wait_ns":3420938,"cuda_graph_span_ns":3424448.013,"event_status":0,"launch_status":0,"completion_status":0}
{"schema":"riley.owned-graph-diagnostic.v1","kind":"projection","capture_id":1,"replay_id":36,"position":35,"layer":0,"projection":"gate","operator":"override","cuda_span_ns":11264.000,"event_status":0,"launch_status":0,"completion_status":0}
{"schema":"riley.owned-graph-diagnostic.v1","kind":"read","capture_id":1,"replay_id":36,"host_read_bytes":98344,"host_read_ns":4853}
{"schema":"riley.owned-graph-diagnostic.v1","kind":"replay","capture_id":1,"replay_id":37,"position":36,"host_staging_bytes":98344,"event_setup_ns":395,"host_staging_ns":1585,"host_launch_ns":7171,"host_wait_ns":3419652,"cuda_graph_span_ns":3423743.963,"event_status":0,"launch_status":0,"completion_status":0}
{"schema":"riley.owned-graph-diagnostic.v1","kind":"projection","capture_id":1,"replay_id":37,"position":36,"layer":0,"projection":"gate","operator":"override","cuda_span_ns":10240.000,"event_status":0,"launch_status":0,"completion_status":0}
{"schema":"riley.owned-graph-diagnostic.v1","kind":"read","capture_id":1,"replay_id":37,"host_read_bytes":98344,"host_read_ns":4993}
{"schema":"riley.owned-graph-diagnostic.v1","kind":"replay","capture_id":1,"replay_id":38,"position":37,"host_staging_bytes":98344,"event_setup_ns":350,"host_staging_ns":1542,"host_launch_ns":6505,"host_wait_ns":3419566,"cuda_graph_span_ns":3423360.109,"event_status":0,"launch_status":0,"completion_status":0}
{"schema":"riley.owned-graph-diagnostic.v1","kind":"projection","capture_id":1,"replay_id":38,"position":37,"layer":0,"projection":"gate","operator":"override","cuda_span_ns":11264.000,"event_status":0,"launch_status":0,"completion_status":0}
{"schema":"riley.owned-graph-diagnostic.v1","kind":"read","capture_id":1,"replay_id":38,"host_read_bytes":98344,"host_read_ns":4721}
{"schema":"riley.owned-graph-diagnostic.v1","kind":"replay","capture_id":1,"replay_id":39,"position":38,"host_staging_bytes":98344,"event_setup_ns":497,"host_staging_ns":1535,"host_launch_ns":6862,"host_wait_ns":3421714,"cuda_graph_span_ns":3424767.971,"event_status":0,"launch_status":0,"completion_status":0}
{"schema":"riley.owned-graph-diagnostic.v1","kind":"projection","capture_id":1,"replay_id":39,"position":38,"layer":0,"projection":"gate","operator":"override","cuda_span_ns":11264.000,"event_status":0,"launch_status":0,"completion_status":0}
{"schema":"riley.owned-graph-diagnostic.v1","kind":"read","capture_id":1,"replay_id":39,"host_read_bytes":98344,"host_read_ns":4686}
{"schema":"riley.owned-graph-diagnostic.v1","kind":"replay","capture_id":1,"replay_id":40,"position":39,"host_staging_bytes":98344,"event_setup_ns":300,"host_staging_ns":1558,"host_launch_ns":7355,"host_wait_ns":3413426,"cuda_graph_span_ns":3417920.113,"event_status":0,"launch_status":0,"completion_status":0}
{"schema":"riley.owned-graph-diagnostic.v1","kind":"projection","capture_id":1,"replay_id":40,"position":39,"layer":0,"projection":"gate","operator":"override","cuda_span_ns":11264.000,"event_status":0,"launch_status":0,"completion_status":0}
{"schema":"riley.owned-graph-diagnostic.v1","kind":"read","capture_id":1,"replay_id":40,"host_read_bytes":98344,"host_read_ns":4533}
{"schema":"riley.owned-graph-diagnostic.v1","kind":"replay","capture_id":1,"replay_id":41,"position":40,"host_staging_bytes":98344,"event_setup_ns":463,"host_staging_ns":1519,"host_launch_ns":6831,"host_wait_ns":3463015,"cuda_graph_span_ns":3466912.031,"event_status":0,"launch_status":0,"completion_status":0}
{"schema":"riley.owned-graph-diagnostic.v1","kind":"projection","capture_id":1,"replay_id":41,"position":40,"layer":0,"projection":"gate","operator":"override","cuda_span_ns":11264.000,"event_status":0,"launch_status":0,"completion_status":0}
{"schema":"riley.owned-graph-diagnostic.v1","kind":"read","capture_id":1,"replay_id":41,"host_read_bytes":98344,"host_read_ns":4669}
{"schema":"riley.owned-graph-diagnostic.v1","kind":"replay","capture_id":1,"replay_id":42,"position":41,"host_staging_bytes":98344,"event_setup_ns":691,"host_staging_ns":1565,"host_launch_ns":7541,"host_wait_ns":3493527,"cuda_graph_span_ns":3498368.025,"event_status":0,"launch_status":0,"completion_status":0}
{"schema":"riley.owned-graph-diagnostic.v1","kind":"projection","capture_id":1,"replay_id":42,"position":41,"layer":0,"projection":"gate","operator":"override","cuda_span_ns":10240.000,"event_status":0,"launch_status":0,"completion_status":0}
{"schema":"riley.owned-graph-diagnostic.v1","kind":"read","capture_id":1,"replay_id":42,"host_read_bytes":98344,"host_read_ns":4618}
{"schema":"riley.owned-graph-diagnostic.v1","kind":"replay","capture_id":1,"replay_id":43,"position":42,"host_staging_bytes":98344,"event_setup_ns":565,"host_staging_ns":1530,"host_launch_ns":6852,"host_wait_ns":3510138,"cuda_graph_span_ns":3514271.975,"event_status":0,"launch_status":0,"completion_status":0}
{"schema":"riley.owned-graph-diagnostic.v1","kind":"projection","capture_id":1,"replay_id":43,"position":42,"layer":0,"projection":"gate","operator":"override","cuda_span_ns":10240.000,"event_status":0,"launch_status":0,"completion_status":0}
{"schema":"riley.owned-graph-diagnostic.v1","kind":"read","capture_id":1,"replay_id":43,"host_read_bytes":98344,"host_read_ns":4595}
{"schema":"riley.owned-graph-diagnostic.v1","kind":"replay","capture_id":1,"replay_id":44,"position":43,"host_staging_bytes":98344,"event_setup_ns":378,"host_staging_ns":1525,"host_launch_ns":6914,"host_wait_ns":3511913,"cuda_graph_span_ns":3516096.115,"event_status":0,"launch_status":0,"completion_status":0}
{"schema":"riley.owned-graph-diagnostic.v1","kind":"projection","capture_id":1,"replay_id":44,"position":43,"layer":0,"projection":"gate","operator":"override","cuda_span_ns":11264.000,"event_status":0,"launch_status":0,"completion_status":0}
{"schema":"riley.owned-graph-diagnostic.v1","kind":"read","capture_id":1,"replay_id":44,"host_read_bytes":98344,"host_read_ns":4596}
{"schema":"riley.owned-graph-diagnostic.v1","kind":"replay","capture_id":1,"replay_id":45,"position":44,"host_staging_bytes":98344,"event_setup_ns":442,"host_staging_ns":1585,"host_launch_ns":7026,"host_wait_ns":3496134,"cuda_graph_span_ns":3500351.906,"event_status":0,"launch_status":0,"completion_status":0}
{"schema":"riley.owned-graph-diagnostic.v1","kind":"projection","capture_id":1,"replay_id":45,"position":44,"layer":0,"projection":"gate","operator":"override","cuda_span_ns":11264.000,"event_status":0,"launch_status":0,"completion_status":0}
{"schema":"riley.owned-graph-diagnostic.v1","kind":"read","capture_id":1,"replay_id":45,"host_read_bytes":98344,"host_read_ns":4971}
{"schema":"riley.owned-graph-diagnostic.v1","kind":"replay","capture_id":1,"replay_id":46,"position":45,"host_staging_bytes":98344,"event_setup_ns":302,"host_staging_ns":1639,"host_launch_ns":7124,"host_wait_ns":3395233,"cuda_graph_span_ns":3399327.993,"event_status":0,"launch_status":0,"completion_status":0}
{"schema":"riley.owned-graph-diagnostic.v1","kind":"projection","capture_id":1,"replay_id":46,"position":45,"layer":0,"projection":"gate","operator":"override","cuda_span_ns":10240.000,"event_status":0,"launch_status":0,"completion_status":0}
{"schema":"riley.owned-graph-diagnostic.v1","kind":"read","capture_id":1,"replay_id":46,"host_read_bytes":98344,"host_read_ns":4383}
{"schema":"riley.owned-graph-diagnostic.v1","kind":"replay","capture_id":1,"replay_id":47,"position":46,"host_staging_bytes":98344,"event_setup_ns":288,"host_staging_ns":1549,"host_launch_ns":7048,"host_wait_ns":3404700,"cuda_graph_span_ns":3409024.000,"event_status":0,"launch_status":0,"completion_status":0}
{"schema":"riley.owned-graph-diagnostic.v1","kind":"projection","capture_id":1,"replay_id":47,"position":46,"layer":0,"projection":"gate","operator":"override","cuda_span_ns":11264.000,"event_status":0,"launch_status":0,"completion_status":0}
{"schema":"riley.owned-graph-diagnostic.v1","kind":"read","capture_id":1,"replay_id":47,"host_read_bytes":98344,"host_read_ns":4471}
{"schema":"riley.owned-graph-diagnostic.v1","kind":"replay","capture_id":1,"replay_id":48,"position":47,"host_staging_bytes":98344,"event_setup_ns":273,"host_staging_ns":1538,"host_launch_ns":6996,"host_wait_ns":3392520,"cuda_graph_span_ns":3396831.989,"event_status":0,"launch_status":0,"completion_status":0}
{"schema":"riley.owned-graph-diagnostic.v1","kind":"projection","capture_id":1,"replay_id":48,"position":47,"layer":0,"projection":"gate","operator":"override","cuda_span_ns":11264.000,"event_status":0,"launch_status":0,"completion_status":0}
{"schema":"riley.owned-graph-diagnostic.v1","kind":"read","capture_id":1,"replay_id":48,"host_read_bytes":98344,"host_read_ns":4515}
{"schema":"riley.owned-graph-diagnostic.v1","kind":"replay","capture_id":1,"replay_id":49,"position":48,"host_staging_bytes":98344,"event_setup_ns":349,"host_staging_ns":1525,"host_launch_ns":7094,"host_wait_ns":3458273,"cuda_graph_span_ns":3462847.948,"event_status":0,"launch_status":0,"completion_status":0}
{"schema":"riley.owned-graph-diagnostic.v1","kind":"projection","capture_id":1,"replay_id":49,"position":48,"layer":0,"projection":"gate","operator":"override","cuda_span_ns":11264.000,"event_status":0,"launch_status":0,"completion_status":0}
{"schema":"riley.owned-graph-diagnostic.v1","kind":"read","capture_id":1,"replay_id":49,"host_read_bytes":98344,"host_read_ns":4566}
{"schema":"riley.owned-graph-diagnostic.v1","kind":"replay","capture_id":1,"replay_id":50,"position":49,"host_staging_bytes":98344,"event_setup_ns":278,"host_staging_ns":1528,"host_launch_ns":7181,"host_wait_ns":3493812,"cuda_graph_span_ns":3498336.077,"event_status":0,"launch_status":0,"completion_status":0}
{"schema":"riley.owned-graph-diagnostic.v1","kind":"projection","capture_id":1,"replay_id":50,"position":49,"layer":0,"projection":"gate","operator":"override","cuda_span_ns":10240.000,"event_status":0,"launch_status":0,"completion_status":0}
{"schema":"riley.owned-graph-diagnostic.v1","kind":"read","capture_id":1,"replay_id":50,"host_read_bytes":98344,"host_read_ns":4735}
{"schema":"riley.owned-graph-diagnostic.v1","kind":"replay","capture_id":1,"replay_id":51,"position":50,"host_staging_bytes":98344,"event_setup_ns":303,"host_staging_ns":1534,"host_launch_ns":7171,"host_wait_ns":3503752,"cuda_graph_span_ns":3507936.001,"event_status":0,"launch_status":0,"completion_status":0}
{"schema":"riley.owned-graph-diagnostic.v1","kind":"projection","capture_id":1,"replay_id":51,"position":50,"layer":0,"projection":"gate","operator":"override","cuda_span_ns":11264.000,"event_status":0,"launch_status":0,"completion_status":0}
{"schema":"riley.owned-graph-diagnostic.v1","kind":"read","capture_id":1,"replay_id":51,"host_read_bytes":98344,"host_read_ns":4830}
{"schema":"riley.owned-graph-diagnostic.v1","kind":"replay","capture_id":1,"replay_id":52,"position":51,"host_staging_bytes":98344,"event_setup_ns":470,"host_staging_ns":1544,"host_launch_ns":7447,"host_wait_ns":3511184,"cuda_graph_span_ns":3515680.075,"event_status":0,"launch_status":0,"completion_status":0}
{"schema":"riley.owned-graph-diagnostic.v1","kind":"projection","capture_id":1,"replay_id":52,"position":51,"layer":0,"projection":"gate","operator":"override","cuda_span_ns":10240.000,"event_status":0,"launch_status":0,"completion_status":0}
{"schema":"riley.owned-graph-diagnostic.v1","kind":"read","capture_id":1,"replay_id":52,"host_read_bytes":98344,"host_read_ns":4628}
{"schema":"riley.owned-graph-diagnostic.v1","kind":"replay","capture_id":1,"replay_id":53,"position":52,"host_staging_bytes":98344,"event_setup_ns":289,"host_staging_ns":1523,"host_launch_ns":6258,"host_wait_ns":3508458,"cuda_graph_span_ns":3512000.084,"event_status":0,"launch_status":0,"completion_status":0}
{"schema":"riley.owned-graph-diagnostic.v1","kind":"projection","capture_id":1,"replay_id":53,"position":52,"layer":0,"projection":"gate","operator":"override","cuda_span_ns":10240.000,"event_status":0,"launch_status":0,"completion_status":0}
{"schema":"riley.owned-graph-diagnostic.v1","kind":"read","capture_id":1,"replay_id":53,"host_read_bytes":98344,"host_read_ns":4940}
{"schema":"riley.owned-graph-diagnostic.v1","kind":"replay","capture_id":1,"replay_id":54,"position":53,"host_staging_bytes":98344,"event_setup_ns":368,"host_staging_ns":1546,"host_launch_ns":7569,"host_wait_ns":3512377,"cuda_graph_span_ns":3515295.982,"event_status":0,"launch_status":0,"completion_status":0}
{"schema":"riley.owned-graph-diagnostic.v1","kind":"projection","capture_id":1,"replay_id":54,"position":53,"layer":0,"projection":"gate","operator":"override","cuda_span_ns":11264.000,"event_status":0,"launch_status":0,"completion_status":0}
{"schema":"riley.owned-graph-diagnostic.v1","kind":"read","capture_id":1,"replay_id":54,"host_read_bytes":98344,"host_read_ns":5250}
{"schema":"riley.owned-graph-diagnostic.v1","kind":"replay","capture_id":1,"replay_id":55,"position":54,"host_staging_bytes":98344,"event_setup_ns":1682,"host_staging_ns":1959,"host_launch_ns":14304,"host_wait_ns":3503627,"cuda_graph_span_ns":3515808.105,"event_status":0,"launch_status":0,"completion_status":0}
{"schema":"riley.owned-graph-diagnostic.v1","kind":"projection","capture_id":1,"replay_id":55,"position":54,"layer":0,"projection":"gate","operator":"override","cuda_span_ns":11264.000,"event_status":0,"launch_status":0,"completion_status":0}
{"schema":"riley.owned-graph-diagnostic.v1","kind":"read","capture_id":1,"replay_id":55,"host_read_bytes":98344,"host_read_ns":5160}
{"schema":"riley.owned-graph-diagnostic.v1","kind":"replay","capture_id":1,"replay_id":56,"position":55,"host_staging_bytes":98344,"event_setup_ns":414,"host_staging_ns":1640,"host_launch_ns":7413,"host_wait_ns":3512695,"cuda_graph_span_ns":3517087.936,"event_status":0,"launch_status":0,"completion_status":0}
{"schema":"riley.owned-graph-diagnostic.v1","kind":"projection","capture_id":1,"replay_id":56,"position":55,"layer":0,"projection":"gate","operator":"override","cuda_span_ns":10240.000,"event_status":0,"launch_status":0,"completion_status":0}
{"schema":"riley.owned-graph-diagnostic.v1","kind":"read","capture_id":1,"replay_id":56,"host_read_bytes":98344,"host_read_ns":4878}
{"schema":"riley.owned-graph-diagnostic.v1","kind":"replay","capture_id":1,"replay_id":57,"position":56,"host_staging_bytes":98344,"event_setup_ns":314,"host_staging_ns":1547,"host_launch_ns":7004,"host_wait_ns":3540392,"cuda_graph_span_ns":3544543.982,"event_status":0,"launch_status":0,"completion_status":0}
{"schema":"riley.owned-graph-diagnostic.v1","kind":"projection","capture_id":1,"replay_id":57,"position":56,"layer":0,"projection":"gate","operator":"override","cuda_span_ns":10240.000,"event_status":0,"launch_status":0,"completion_status":0}
{"schema":"riley.owned-graph-diagnostic.v1","kind":"read","capture_id":1,"replay_id":57,"host_read_bytes":98344,"host_read_ns":4340}
{"schema":"riley.owned-graph-diagnostic.v1","kind":"replay","capture_id":1,"replay_id":58,"position":57,"host_staging_bytes":98344,"event_setup_ns":303,"host_staging_ns":1525,"host_launch_ns":6567,"host_wait_ns":3576408,"cuda_graph_span_ns":3580224.037,"event_status":0,"launch_status":0,"completion_status":0}
{"schema":"riley.owned-graph-diagnostic.v1","kind":"projection","capture_id":1,"replay_id":58,"position":57,"layer":0,"projection":"gate","operator":"override","cuda_span_ns":11264.000,"event_status":0,"launch_status":0,"completion_status":0}
{"schema":"riley.owned-graph-diagnostic.v1","kind":"read","capture_id":1,"replay_id":58,"host_read_bytes":98344,"host_read_ns":4059}
{"schema":"riley.owned-graph-diagnostic.v1","kind":"replay","capture_id":1,"replay_id":59,"position":58,"host_staging_bytes":98344,"event_setup_ns":302,"host_staging_ns":1533,"host_launch_ns":6791,"host_wait_ns":3583672,"cuda_graph_span_ns":3587680.101,"event_status":0,"launch_status":0,"completion_status":0}
{"schema":"riley.owned-graph-diagnostic.v1","kind":"projection","capture_id":1,"replay_id":59,"position":58,"layer":0,"projection":"gate","operator":"override","cuda_span_ns":10240.000,"event_status":0,"launch_status":0,"completion_status":0}
{"schema":"riley.owned-graph-diagnostic.v1","kind":"read","capture_id":1,"replay_id":59,"host_read_bytes":98344,"host_read_ns":4653}
{"schema":"riley.owned-graph-diagnostic.v1","kind":"replay","capture_id":1,"replay_id":60,"position":59,"host_staging_bytes":98344,"event_setup_ns":310,"host_staging_ns":1524,"host_launch_ns":6753,"host_wait_ns":3586131,"cuda_graph_span_ns":3589983.940,"event_status":0,"launch_status":0,"completion_status":0}
{"schema":"riley.owned-graph-diagnostic.v1","kind":"projection","capture_id":1,"replay_id":60,"position":59,"layer":0,"projection":"gate","operator":"override","cuda_span_ns":10240.000,"event_status":0,"launch_status":0,"completion_status":0}
{"schema":"riley.owned-graph-diagnostic.v1","kind":"read","capture_id":1,"replay_id":60,"host_read_bytes":98344,"host_read_ns":4386}
{"schema":"riley.owned-graph-diagnostic.v1","kind":"replay","capture_id":1,"replay_id":61,"position":60,"host_staging_bytes":98344,"event_setup_ns":310,"host_staging_ns":1539,"host_launch_ns":6592,"host_wait_ns":3585083,"cuda_graph_span_ns":3588511.944,"event_status":0,"launch_status":0,"completion_status":0}
{"schema":"riley.owned-graph-diagnostic.v1","kind":"projection","capture_id":1,"replay_id":61,"position":60,"layer":0,"projection":"gate","operator":"override","cuda_span_ns":10240.000,"event_status":0,"launch_status":0,"completion_status":0}
{"schema":"riley.owned-graph-diagnostic.v1","kind":"read","capture_id":1,"replay_id":61,"host_read_bytes":98344,"host_read_ns":4762}
{"schema":"riley.owned-graph-diagnostic.v1","kind":"replay","capture_id":1,"replay_id":62,"position":61,"host_staging_bytes":98344,"event_setup_ns":295,"host_staging_ns":1520,"host_launch_ns":6938,"host_wait_ns":3592009,"cuda_graph_span_ns":3596096.039,"event_status":0,"launch_status":0,"completion_status":0}
{"schema":"riley.owned-graph-diagnostic.v1","kind":"projection","capture_id":1,"replay_id":62,"position":61,"layer":0,"projection":"gate","operator":"override","cuda_span_ns":10240.000,"event_status":0,"launch_status":0,"completion_status":0}
{"schema":"riley.owned-graph-diagnostic.v1","kind":"read","capture_id":1,"replay_id":62,"host_read_bytes":98344,"host_read_ns":4776}
{"schema":"riley.owned-graph-diagnostic.v1","kind":"replay","capture_id":1,"replay_id":63,"position":62,"host_staging_bytes":98344,"event_setup_ns":438,"host_staging_ns":1519,"host_launch_ns":6733,"host_wait_ns":3584930,"cuda_graph_span_ns":3588639.975,"event_status":0,"launch_status":0,"completion_status":0}
{"schema":"riley.owned-graph-diagnostic.v1","kind":"projection","capture_id":1,"replay_id":63,"position":62,"layer":0,"projection":"gate","operator":"override","cuda_span_ns":10240.000,"event_status":0,"launch_status":0,"completion_status":0}
{"schema":"riley.owned-graph-diagnostic.v1","kind":"read","capture_id":1,"replay_id":63,"host_read_bytes":98344,"host_read_ns":4621}
{"schema":"riley.owned-graph-diagnostic.v1","kind":"replay","capture_id":1,"replay_id":64,"position":63,"host_staging_bytes":98344,"event_setup_ns":542,"host_staging_ns":1528,"host_launch_ns":6803,"host_wait_ns":3581295,"cuda_graph_span_ns":3585311.890,"event_status":0,"launch_status":0,"completion_status":0}
{"schema":"riley.owned-graph-diagnostic.v1","kind":"projection","capture_id":1,"replay_id":64,"position":63,"layer":0,"projection":"gate","operator":"override","cuda_span_ns":10240.000,"event_status":0,"launch_status":0,"completion_status":0}
{"schema":"riley.owned-graph-diagnostic.v1","kind":"read","capture_id":1,"replay_id":64,"host_read_bytes":98344,"host_read_ns":4543}
{"schema":"riley.owned-graph-diagnostic.v1","kind":"replay","capture_id":1,"replay_id":65,"position":64,"host_staging_bytes":98344,"event_setup_ns":516,"host_staging_ns":1531,"host_launch_ns":6665,"host_wait_ns":3649223,"cuda_graph_span_ns":3653248.072,"event_status":0,"launch_status":0,"completion_status":0}
{"schema":"riley.owned-graph-diagnostic.v1","kind":"projection","capture_id":1,"replay_id":65,"position":64,"layer":0,"projection":"gate","operator":"override","cuda_span_ns":11264.000,"event_status":0,"launch_status":0,"completion_status":0}
{"schema":"riley.owned-graph-diagnostic.v1","kind":"read","capture_id":1,"replay_id":65,"host_read_bytes":98344,"host_read_ns":4511}
{"schema":"riley.owned-graph-diagnostic.v1","kind":"replay","capture_id":1,"replay_id":66,"position":65,"host_staging_bytes":98344,"event_setup_ns":305,"host_staging_ns":1533,"host_launch_ns":6686,"host_wait_ns":3687818,"cuda_graph_span_ns":3691936.016,"event_status":0,"launch_status":0,"completion_status":0}
{"schema":"riley.owned-graph-diagnostic.v1","kind":"projection","capture_id":1,"replay_id":66,"position":65,"layer":0,"projection":"gate","operator":"override","cuda_span_ns":11264.000,"event_status":0,"launch_status":0,"completion_status":0}
{"schema":"riley.owned-graph-diagnostic.v1","kind":"read","capture_id":1,"replay_id":66,"host_read_bytes":98344,"host_read_ns":4624}
{"schema":"riley.owned-graph-diagnostic.v1","kind":"replay","capture_id":1,"replay_id":67,"position":66,"host_staging_bytes":98344,"event_setup_ns":391,"host_staging_ns":1544,"host_launch_ns":6796,"host_wait_ns":3700403,"cuda_graph_span_ns":3704576.015,"event_status":0,"launch_status":0,"completion_status":0}
{"schema":"riley.owned-graph-diagnostic.v1","kind":"projection","capture_id":1,"replay_id":67,"position":66,"layer":0,"projection":"gate","operator":"override","cuda_span_ns":10240.000,"event_status":0,"launch_status":0,"completion_status":0}
{"schema":"riley.owned-graph-diagnostic.v1","kind":"read","capture_id":1,"replay_id":67,"host_read_bytes":98344,"host_read_ns":4910}
{"schema":"riley.owned-graph-diagnostic.v1","kind":"replay","capture_id":1,"replay_id":68,"position":67,"host_staging_bytes":98344,"event_setup_ns":349,"host_staging_ns":1521,"host_launch_ns":6824,"host_wait_ns":3689564,"cuda_graph_span_ns":3693856.001,"event_status":0,"launch_status":0,"completion_status":0}
{"schema":"riley.owned-graph-diagnostic.v1","kind":"projection","capture_id":1,"replay_id":68,"position":67,"layer":0,"projection":"gate","operator":"override","cuda_span_ns":11264.000,"event_status":0,"launch_status":0,"completion_status":0}
{"schema":"riley.owned-graph-diagnostic.v1","kind":"read","capture_id":1,"replay_id":68,"host_read_bytes":98344,"host_read_ns":4472}
{"schema":"riley.owned-graph-diagnostic.v1","kind":"replay","capture_id":1,"replay_id":69,"position":68,"host_staging_bytes":98344,"event_setup_ns":512,"host_staging_ns":1525,"host_launch_ns":6664,"host_wait_ns":3687777,"cuda_graph_span_ns":3691839.933,"event_status":0,"launch_status":0,"completion_status":0}
{"schema":"riley.owned-graph-diagnostic.v1","kind":"projection","capture_id":1,"replay_id":69,"position":68,"layer":0,"projection":"gate","operator":"override","cuda_span_ns":11264.000,"event_status":0,"launch_status":0,"completion_status":0}
{"schema":"riley.owned-graph-diagnostic.v1","kind":"read","capture_id":1,"replay_id":69,"host_read_bytes":98344,"host_read_ns":4477}
{"schema":"riley.owned-graph-diagnostic.v1","kind":"replay","capture_id":1,"replay_id":70,"position":69,"host_staging_bytes":98344,"event_setup_ns":430,"host_staging_ns":1538,"host_launch_ns":6495,"host_wait_ns":3697550,"cuda_graph_span_ns":3701407.909,"event_status":0,"launch_status":0,"completion_status":0}
{"schema":"riley.owned-graph-diagnostic.v1","kind":"projection","capture_id":1,"replay_id":70,"position":69,"layer":0,"projection":"gate","operator":"override","cuda_span_ns":10240.000,"event_status":0,"launch_status":0,"completion_status":0}
{"schema":"riley.owned-graph-diagnostic.v1","kind":"read","capture_id":1,"replay_id":70,"host_read_bytes":98344,"host_read_ns":4440}
{"schema":"riley.owned-graph-diagnostic.v1","kind":"replay","capture_id":1,"replay_id":71,"position":70,"host_staging_bytes":98344,"event_setup_ns":399,"host_staging_ns":1524,"host_launch_ns":6627,"host_wait_ns":3695704,"cuda_graph_span_ns":3699775.934,"event_status":0,"launch_status":0,"completion_status":0}
{"schema":"riley.owned-graph-diagnostic.v1","kind":"projection","capture_id":1,"replay_id":71,"position":70,"layer":0,"projection":"gate","operator":"override","cuda_span_ns":10240.000,"event_status":0,"launch_status":0,"completion_status":0}
{"schema":"riley.owned-graph-diagnostic.v1","kind":"read","capture_id":1,"replay_id":71,"host_read_bytes":98344,"host_read_ns":4516}
{"schema":"riley.owned-graph-diagnostic.v1","kind":"replay","capture_id":1,"replay_id":72,"position":71,"host_staging_bytes":98344,"event_setup_ns":357,"host_staging_ns":1517,"host_launch_ns":6783,"host_wait_ns":3692843,"cuda_graph_span_ns":3696671.963,"event_status":0,"launch_status":0,"completion_status":0}
{"schema":"riley.owned-graph-diagnostic.v1","kind":"projection","capture_id":1,"replay_id":72,"position":71,"layer":0,"projection":"gate","operator":"override","cuda_span_ns":10240.000,"event_status":0,"launch_status":0,"completion_status":0}
{"schema":"riley.owned-graph-diagnostic.v1","kind":"read","capture_id":1,"replay_id":72,"host_read_bytes":98344,"host_read_ns":4360}
{"schema":"riley.owned-graph-diagnostic.v1","kind":"replay","capture_id":1,"replay_id":73,"position":72,"host_staging_bytes":98344,"event_setup_ns":510,"host_staging_ns":1534,"host_launch_ns":6644,"host_wait_ns":3741087,"cuda_graph_span_ns":3744927.883,"event_status":0,"launch_status":0,"completion_status":0}
{"schema":"riley.owned-graph-diagnostic.v1","kind":"projection","capture_id":1,"replay_id":73,"position":72,"layer":0,"projection":"gate","operator":"override","cuda_span_ns":11264.000,"event_status":0,"launch_status":0,"completion_status":0}
{"schema":"riley.owned-graph-diagnostic.v1","kind":"read","capture_id":1,"replay_id":73,"host_read_bytes":98344,"host_read_ns":4580}
{"schema":"riley.owned-graph-diagnostic.v1","kind":"replay","capture_id":1,"replay_id":74,"position":73,"host_staging_bytes":98344,"event_setup_ns":456,"host_staging_ns":1516,"host_launch_ns":7057,"host_wait_ns":3781217,"cuda_graph_span_ns":3785504.103,"event_status":0,"launch_status":0,"completion_status":0}
{"schema":"riley.owned-graph-diagnostic.v1","kind":"projection","capture_id":1,"replay_id":74,"position":73,"layer":0,"projection":"gate","operator":"override","cuda_span_ns":10240.000,"event_status":0,"launch_status":0,"completion_status":0}
{"schema":"riley.owned-graph-diagnostic.v1","kind":"read","capture_id":1,"replay_id":74,"host_read_bytes":98344,"host_read_ns":4843}
{"schema":"riley.owned-graph-diagnostic.v1","kind":"replay","capture_id":1,"replay_id":75,"position":74,"host_staging_bytes":98344,"event_setup_ns":367,"host_staging_ns":1519,"host_launch_ns":6792,"host_wait_ns":3782265,"cuda_graph_span_ns":3786144.018,"event_status":0,"launch_status":0,"completion_status":0}
{"schema":"riley.owned-graph-diagnostic.v1","kind":"projection","capture_id":1,"replay_id":75,"position":74,"layer":0,"projection":"gate","operator":"override","cuda_span_ns":10240.000,"event_status":0,"launch_status":0,"completion_status":0}
{"schema":"riley.owned-graph-diagnostic.v1","kind":"read","capture_id":1,"replay_id":75,"host_read_bytes":98344,"host_read_ns":4780}
{"schema":"riley.owned-graph-diagnostic.v1","kind":"replay","capture_id":1,"replay_id":76,"position":75,"host_staging_bytes":98344,"event_setup_ns":297,"host_staging_ns":1521,"host_launch_ns":6602,"host_wait_ns":3779843,"cuda_graph_span_ns":3783648.014,"event_status":0,"launch_status":0,"completion_status":0}
{"schema":"riley.owned-graph-diagnostic.v1","kind":"projection","capture_id":1,"replay_id":76,"position":75,"layer":0,"projection":"gate","operator":"override","cuda_span_ns":10240.000,"event_status":0,"launch_status":0,"completion_status":0}
{"schema":"riley.owned-graph-diagnostic.v1","kind":"read","capture_id":1,"replay_id":76,"host_read_bytes":98344,"host_read_ns":4092}
{"schema":"riley.owned-graph-diagnostic.v1","kind":"replay","capture_id":1,"replay_id":77,"position":76,"host_staging_bytes":98344,"event_setup_ns":297,"host_staging_ns":1515,"host_launch_ns":7059,"host_wait_ns":3779517,"cuda_graph_span_ns":3783807.993,"event_status":0,"launch_status":0,"completion_status":0}
{"schema":"riley.owned-graph-diagnostic.v1","kind":"projection","capture_id":1,"replay_id":77,"position":76,"layer":0,"projection":"gate","operator":"override","cuda_span_ns":10240.000,"event_status":0,"launch_status":0,"completion_status":0}
{"schema":"riley.owned-graph-diagnostic.v1","kind":"read","capture_id":1,"replay_id":77,"host_read_bytes":98344,"host_read_ns":5188}
{"schema":"riley.owned-graph-diagnostic.v1","kind":"replay","capture_id":1,"replay_id":78,"position":77,"host_staging_bytes":98344,"event_setup_ns":489,"host_staging_ns":1522,"host_launch_ns":7356,"host_wait_ns":3786322,"cuda_graph_span_ns":3790879.965,"event_status":0,"launch_status":0,"completion_status":0}
{"schema":"riley.owned-graph-diagnostic.v1","kind":"projection","capture_id":1,"replay_id":78,"position":77,"layer":0,"projection":"gate","operator":"override","cuda_span_ns":10240.000,"event_status":0,"launch_status":0,"completion_status":0}
{"schema":"riley.owned-graph-diagnostic.v1","kind":"read","capture_id":1,"replay_id":78,"host_read_bytes":98344,"host_read_ns":6111}
{"schema":"riley.owned-graph-diagnostic.v1","kind":"replay","capture_id":1,"replay_id":79,"position":78,"host_staging_bytes":98344,"event_setup_ns":444,"host_staging_ns":1524,"host_launch_ns":6952,"host_wait_ns":3780265,"cuda_graph_span_ns":3784800.053,"event_status":0,"launch_status":0,"completion_status":0}
{"schema":"riley.owned-graph-diagnostic.v1","kind":"projection","capture_id":1,"replay_id":79,"position":78,"layer":0,"projection":"gate","operator":"override","cuda_span_ns":11264.000,"event_status":0,"launch_status":0,"completion_status":0}
{"schema":"riley.owned-graph-diagnostic.v1","kind":"read","capture_id":1,"replay_id":79,"host_read_bytes":98344,"host_read_ns":5171}
{"schema":"riley.owned-graph-diagnostic.v1","kind":"replay","capture_id":1,"replay_id":80,"position":79,"host_staging_bytes":98344,"event_setup_ns":364,"host_staging_ns":1533,"host_launch_ns":6727,"host_wait_ns":3781068,"cuda_graph_span_ns":3784991.980,"event_status":0,"launch_status":0,"completion_status":0}
{"schema":"riley.owned-graph-diagnostic.v1","kind":"projection","capture_id":1,"replay_id":80,"position":79,"layer":0,"projection":"gate","operator":"override","cuda_span_ns":10240.000,"event_status":0,"launch_status":0,"completion_status":0}
{"schema":"riley.owned-graph-diagnostic.v1","kind":"read","capture_id":1,"replay_id":80,"host_read_bytes":98344,"host_read_ns":4544}
{"schema":"riley.owned-graph-diagnostic.v1","kind":"replay","capture_id":1,"replay_id":81,"position":80,"host_staging_bytes":98344,"event_setup_ns":350,"host_staging_ns":1519,"host_launch_ns":6581,"host_wait_ns":3837934,"cuda_graph_span_ns":3841759.920,"event_status":0,"launch_status":0,"completion_status":0}
{"schema":"riley.owned-graph-diagnostic.v1","kind":"projection","capture_id":1,"replay_id":81,"position":80,"layer":0,"projection":"gate","operator":"override","cuda_span_ns":11264.000,"event_status":0,"launch_status":0,"completion_status":0}
{"schema":"riley.owned-graph-diagnostic.v1","kind":"read","capture_id":1,"replay_id":81,"host_read_bytes":98344,"host_read_ns":4752}
{"schema":"riley.owned-graph-diagnostic.v1","kind":"replay","capture_id":1,"replay_id":82,"position":81,"host_staging_bytes":98344,"event_setup_ns":355,"host_staging_ns":1518,"host_launch_ns":6861,"host_wait_ns":3877943,"cuda_graph_span_ns":3882112.026,"event_status":0,"launch_status":0,"completion_status":0}
{"schema":"riley.owned-graph-diagnostic.v1","kind":"projection","capture_id":1,"replay_id":82,"position":81,"layer":0,"projection":"gate","operator":"override","cuda_span_ns":10240.000,"event_status":0,"launch_status":0,"completion_status":0}
{"schema":"riley.owned-graph-diagnostic.v1","kind":"read","capture_id":1,"replay_id":82,"host_read_bytes":98344,"host_read_ns":4621}
{"schema":"riley.owned-graph-diagnostic.v1","kind":"replay","capture_id":1,"replay_id":83,"position":82,"host_staging_bytes":98344,"event_setup_ns":316,"host_staging_ns":1506,"host_launch_ns":6332,"host_wait_ns":3885421,"cuda_graph_span_ns":3888992.071,"event_status":0,"launch_status":0,"completion_status":0}
{"schema":"riley.owned-graph-diagnostic.v1","kind":"projection","capture_id":1,"replay_id":83,"position":82,"layer":0,"projection":"gate","operator":"override","cuda_span_ns":11264.000,"event_status":0,"launch_status":0,"completion_status":0}
{"schema":"riley.owned-graph-diagnostic.v1","kind":"read","capture_id":1,"replay_id":83,"host_read_bytes":98344,"host_read_ns":5046}
{"schema":"riley.owned-graph-diagnostic.v1","kind":"replay","capture_id":1,"replay_id":84,"position":83,"host_staging_bytes":98344,"event_setup_ns":503,"host_staging_ns":1522,"host_launch_ns":7010,"host_wait_ns":3881895,"cuda_graph_span_ns":3886431.932,"event_status":0,"launch_status":0,"completion_status":0}
{"schema":"riley.owned-graph-diagnostic.v1","kind":"projection","capture_id":1,"replay_id":84,"position":83,"layer":0,"projection":"gate","operator":"override","cuda_span_ns":11264.000,"event_status":0,"launch_status":0,"completion_status":0}
{"schema":"riley.owned-graph-diagnostic.v1","kind":"read","capture_id":1,"replay_id":84,"host_read_bytes":98344,"host_read_ns":4578}
{"schema":"riley.owned-graph-diagnostic.v1","kind":"replay","capture_id":1,"replay_id":85,"position":84,"host_staging_bytes":98344,"event_setup_ns":428,"host_staging_ns":1516,"host_launch_ns":7319,"host_wait_ns":3886549,"cuda_graph_span_ns":3891135.931,"event_status":0,"launch_status":0,"completion_status":0}
{"schema":"riley.owned-graph-diagnostic.v1","kind":"projection","capture_id":1,"replay_id":85,"position":84,"layer":0,"projection":"gate","operator":"override","cuda_span_ns":11264.000,"event_status":0,"launch_status":0,"completion_status":0}
{"schema":"riley.owned-graph-diagnostic.v1","kind":"read","capture_id":1,"replay_id":85,"host_read_bytes":98344,"host_read_ns":4354}
{"schema":"riley.owned-graph-diagnostic.v1","kind":"replay","capture_id":1,"replay_id":86,"position":85,"host_staging_bytes":98344,"event_setup_ns":302,"host_staging_ns":1522,"host_launch_ns":6716,"host_wait_ns":3886491,"cuda_graph_span_ns":3890624.046,"event_status":0,"launch_status":0,"completion_status":0}
{"schema":"riley.owned-graph-diagnostic.v1","kind":"projection","capture_id":1,"replay_id":86,"position":85,"layer":0,"projection":"gate","operator":"override","cuda_span_ns":10240.000,"event_status":0,"launch_status":0,"completion_status":0}
{"schema":"riley.owned-graph-diagnostic.v1","kind":"read","capture_id":1,"replay_id":86,"host_read_bytes":98344,"host_read_ns":4481}
{"schema":"riley.owned-graph-diagnostic.v1","kind":"replay","capture_id":1,"replay_id":87,"position":86,"host_staging_bytes":98344,"event_setup_ns":294,"host_staging_ns":1510,"host_launch_ns":6990,"host_wait_ns":3885371,"cuda_graph_span_ns":3889503.956,"event_status":0,"launch_status":0,"completion_status":0}
{"schema":"riley.owned-graph-diagnostic.v1","kind":"projection","capture_id":1,"replay_id":87,"position":86,"layer":0,"projection":"gate","operator":"override","cuda_span_ns":10240.000,"event_status":0,"launch_status":0,"completion_status":0}
{"schema":"riley.owned-graph-diagnostic.v1","kind":"read","capture_id":1,"replay_id":87,"host_read_bytes":98344,"host_read_ns":4623}
{"schema":"riley.owned-graph-diagnostic.v1","kind":"replay","capture_id":1,"replay_id":88,"position":87,"host_staging_bytes":98344,"event_setup_ns":367,"host_staging_ns":1510,"host_launch_ns":6861,"host_wait_ns":3880102,"cuda_graph_span_ns":3884255.886,"event_status":0,"launch_status":0,"completion_status":0}
{"schema":"riley.owned-graph-diagnostic.v1","kind":"projection","capture_id":1,"replay_id":88,"position":87,"layer":0,"projection":"gate","operator":"override","cuda_span_ns":10240.000,"event_status":0,"launch_status":0,"completion_status":0}
{"schema":"riley.owned-graph-diagnostic.v1","kind":"read","capture_id":1,"replay_id":88,"host_read_bytes":98344,"host_read_ns":4644}
{"schema":"riley.owned-graph-diagnostic.v1","kind":"replay","capture_id":1,"replay_id":89,"position":88,"host_staging_bytes":98344,"event_setup_ns":463,"host_staging_ns":1519,"host_launch_ns":7031,"host_wait_ns":3933699,"cuda_graph_span_ns":3938047.886,"event_status":0,"launch_status":0,"completion_status":0}
{"schema":"riley.owned-graph-diagnostic.v1","kind":"projection","capture_id":1,"replay_id":89,"position":88,"layer":0,"projection":"gate","operator":"override","cuda_span_ns":11264.000,"event_status":0,"launch_status":0,"completion_status":0}
{"schema":"riley.owned-graph-diagnostic.v1","kind":"read","capture_id":1,"replay_id":89,"host_read_bytes":98344,"host_read_ns":4985}
{"schema":"riley.owned-graph-diagnostic.v1","kind":"replay","capture_id":1,"replay_id":90,"position":89,"host_staging_bytes":98344,"event_setup_ns":382,"host_staging_ns":1522,"host_launch_ns":6833,"host_wait_ns":3961686,"cuda_graph_span_ns":3965600.014,"event_status":0,"launch_status":0,"completion_status":0}
{"schema":"riley.owned-graph-diagnostic.v1","kind":"projection","capture_id":1,"replay_id":90,"position":89,"layer":0,"projection":"gate","operator":"override","cuda_span_ns":10240.000,"event_status":0,"launch_status":0,"completion_status":0}
{"schema":"riley.owned-graph-diagnostic.v1","kind":"read","capture_id":1,"replay_id":90,"host_read_bytes":98344,"host_read_ns":4491}
{"schema":"riley.owned-graph-diagnostic.v1","kind":"replay","capture_id":1,"replay_id":91,"position":90,"host_staging_bytes":98344,"event_setup_ns":287,"host_staging_ns":1510,"host_launch_ns":6549,"host_wait_ns":3970766,"cuda_graph_span_ns":3974656.105,"event_status":0,"launch_status":0,"completion_status":0}
{"schema":"riley.owned-graph-diagnostic.v1","kind":"projection","capture_id":1,"replay_id":91,"position":90,"layer":0,"projection":"gate","operator":"override","cuda_span_ns":11264.000,"event_status":0,"launch_status":0,"completion_status":0}
{"schema":"riley.owned-graph-diagnostic.v1","kind":"read","capture_id":1,"replay_id":91,"host_read_bytes":98344,"host_read_ns":4461}
{"schema":"riley.owned-graph-diagnostic.v1","kind":"replay","capture_id":1,"replay_id":92,"position":91,"host_staging_bytes":98344,"event_setup_ns":439,"host_staging_ns":1515,"host_launch_ns":6886,"host_wait_ns":3970815,"cuda_graph_span_ns":3975008.011,"event_status":0,"launch_status":0,"completion_status":0}
{"schema":"riley.owned-graph-diagnostic.v1","kind":"projection","capture_id":1,"replay_id":92,"position":91,"layer":0,"projection":"gate","operator":"override","cuda_span_ns":11264.000,"event_status":0,"launch_status":0,"completion_status":0}
{"schema":"riley.owned-graph-diagnostic.v1","kind":"read","capture_id":1,"replay_id":92,"host_read_bytes":98344,"host_read_ns":4935}
{"schema":"riley.owned-graph-diagnostic.v1","kind":"replay","capture_id":1,"replay_id":93,"position":92,"host_staging_bytes":98344,"event_setup_ns":361,"host_staging_ns":1524,"host_launch_ns":6529,"host_wait_ns":3976323,"cuda_graph_span_ns":3979903.936,"event_status":0,"launch_status":0,"completion_status":0}
{"schema":"riley.owned-graph-diagnostic.v1","kind":"projection","capture_id":1,"replay_id":93,"position":92,"layer":0,"projection":"gate","operator":"override","cuda_span_ns":10240.000,"event_status":0,"launch_status":0,"completion_status":0}
{"schema":"riley.owned-graph-diagnostic.v1","kind":"read","capture_id":1,"replay_id":93,"host_read_bytes":98344,"host_read_ns":4714}
{"schema":"riley.owned-graph-diagnostic.v1","kind":"replay","capture_id":1,"replay_id":94,"position":93,"host_staging_bytes":98344,"event_setup_ns":277,"host_staging_ns":1518,"host_launch_ns":6811,"host_wait_ns":3979905,"cuda_graph_span_ns":3983903.885,"event_status":0,"launch_status":0,"completion_status":0}
{"schema":"riley.owned-graph-diagnostic.v1","kind":"projection","capture_id":1,"replay_id":94,"position":93,"layer":0,"projection":"gate","operator":"override","cuda_span_ns":10240.000,"event_status":0,"launch_status":0,"completion_status":0}
{"schema":"riley.owned-graph-diagnostic.v1","kind":"read","capture_id":1,"replay_id":94,"host_read_bytes":98344,"host_read_ns":4497}
{"schema":"riley.owned-graph-diagnostic.v1","kind":"replay","capture_id":1,"replay_id":95,"position":94,"host_staging_bytes":98344,"event_setup_ns":346,"host_staging_ns":1502,"host_launch_ns":6752,"host_wait_ns":3979064,"cuda_graph_span_ns":3983103.991,"event_status":0,"launch_status":0,"completion_status":0}
{"schema":"riley.owned-graph-diagnostic.v1","kind":"projection","capture_id":1,"replay_id":95,"position":94,"layer":0,"projection":"gate","operator":"override","cuda_span_ns":10240.000,"event_status":0,"launch_status":0,"completion_status":0}
{"schema":"riley.owned-graph-diagnostic.v1","kind":"read","capture_id":1,"replay_id":95,"host_read_bytes":98344,"host_read_ns":4753}
{"schema":"riley.owned-graph-diagnostic.v1","kind":"replay","capture_id":1,"replay_id":96,"position":95,"host_staging_bytes":98344,"event_setup_ns":429,"host_staging_ns":1508,"host_launch_ns":6459,"host_wait_ns":3968802,"cuda_graph_span_ns":3972671.986,"event_status":0,"launch_status":0,"completion_status":0}
{"schema":"riley.owned-graph-diagnostic.v1","kind":"projection","capture_id":1,"replay_id":96,"position":95,"layer":0,"projection":"gate","operator":"override","cuda_span_ns":11264.000,"event_status":0,"launch_status":0,"completion_status":0}
{"schema":"riley.owned-graph-diagnostic.v1","kind":"read","capture_id":1,"replay_id":96,"host_read_bytes":98344,"host_read_ns":4763}
{"schema":"riley.owned-graph-diagnostic.v1","kind":"replay","capture_id":1,"replay_id":97,"position":96,"host_staging_bytes":98344,"event_setup_ns":351,"host_staging_ns":1518,"host_launch_ns":7034,"host_wait_ns":4033533,"cuda_graph_span_ns":4037951.946,"event_status":0,"launch_status":0,"completion_status":0}
{"schema":"riley.owned-graph-diagnostic.v1","kind":"projection","capture_id":1,"replay_id":97,"position":96,"layer":0,"projection":"gate","operator":"override","cuda_span_ns":10240.000,"event_status":0,"launch_status":0,"completion_status":0}
{"schema":"riley.owned-graph-diagnostic.v1","kind":"read","capture_id":1,"replay_id":97,"host_read_bytes":98344,"host_read_ns":4638}
{"schema":"riley.owned-graph-diagnostic.v1","kind":"replay","capture_id":1,"replay_id":98,"position":97,"host_staging_bytes":98344,"event_setup_ns":484,"host_staging_ns":1548,"host_launch_ns":6641,"host_wait_ns":4075205,"cuda_graph_span_ns":4079167.843,"event_status":0,"launch_status":0,"completion_status":0}
{"schema":"riley.owned-graph-diagnostic.v1","kind":"projection","capture_id":1,"replay_id":98,"position":97,"layer":0,"projection":"gate","operator":"override","cuda_span_ns":11264.000,"event_status":0,"launch_status":0,"completion_status":0}
{"schema":"riley.owned-graph-diagnostic.v1","kind":"read","capture_id":1,"replay_id":98,"host_read_bytes":98344,"host_read_ns":5089}
{"schema":"riley.owned-graph-diagnostic.v1","kind":"replay","capture_id":1,"replay_id":99,"position":98,"host_staging_bytes":98344,"event_setup_ns":453,"host_staging_ns":1523,"host_launch_ns":7118,"host_wait_ns":4082302,"cuda_graph_span_ns":4086751.938,"event_status":0,"launch_status":0,"completion_status":0}
{"schema":"riley.owned-graph-diagnostic.v1","kind":"projection","capture_id":1,"replay_id":99,"position":98,"layer":0,"projection":"gate","operator":"override","cuda_span_ns":10240.000,"event_status":0,"launch_status":0,"completion_status":0}
{"schema":"riley.owned-graph-diagnostic.v1","kind":"read","capture_id":1,"replay_id":99,"host_read_bytes":98344,"host_read_ns":4708}
{"schema":"riley.owned-graph-diagnostic.v1","kind":"replay","capture_id":1,"replay_id":100,"position":99,"host_staging_bytes":98344,"event_setup_ns":418,"host_staging_ns":1511,"host_launch_ns":6681,"host_wait_ns":4085806,"cuda_graph_span_ns":4089824.200,"event_status":0,"launch_status":0,"completion_status":0}
{"schema":"riley.owned-graph-diagnostic.v1","kind":"projection","capture_id":1,"replay_id":100,"position":99,"layer":0,"projection":"gate","operator":"override","cuda_span_ns":11264.000,"event_status":0,"launch_status":0,"completion_status":0}
{"schema":"riley.owned-graph-diagnostic.v1","kind":"read","capture_id":1,"replay_id":100,"host_read_bytes":98344,"host_read_ns":4543}
{"schema":"riley.owned-graph-diagnostic.v1","kind":"replay","capture_id":1,"replay_id":101,"position":100,"host_staging_bytes":98344,"event_setup_ns":370,"host_staging_ns":1513,"host_launch_ns":6584,"host_wait_ns":4083309,"cuda_graph_span_ns":4087168.217,"event_status":0,"launch_status":0,"completion_status":0}
{"schema":"riley.owned-graph-diagnostic.v1","kind":"projection","capture_id":1,"replay_id":101,"position":100,"layer":0,"projection":"gate","operator":"override","cuda_span_ns":11264.000,"event_status":0,"launch_status":0,"completion_status":0}
{"schema":"riley.owned-graph-diagnostic.v1","kind":"read","capture_id":1,"replay_id":101,"host_read_bytes":98344,"host_read_ns":4592}
{"schema":"riley.owned-graph-diagnostic.v1","kind":"replay","capture_id":1,"replay_id":102,"position":101,"host_staging_bytes":98344,"event_setup_ns":463,"host_staging_ns":1516,"host_launch_ns":6686,"host_wait_ns":4074546,"cuda_graph_span_ns":4078656.197,"event_status":0,"launch_status":0,"completion_status":0}
{"schema":"riley.owned-graph-diagnostic.v1","kind":"projection","capture_id":1,"replay_id":102,"position":101,"layer":0,"projection":"gate","operator":"override","cuda_span_ns":10240.000,"event_status":0,"launch_status":0,"completion_status":0}
{"schema":"riley.owned-graph-diagnostic.v1","kind":"read","capture_id":1,"replay_id":102,"host_read_bytes":98344,"host_read_ns":4499}
{"schema":"riley.owned-graph-diagnostic.v1","kind":"replay","capture_id":1,"replay_id":103,"position":102,"host_staging_bytes":98344,"event_setup_ns":282,"host_staging_ns":1527,"host_launch_ns":6778,"host_wait_ns":4085499,"cuda_graph_span_ns":4089632.034,"event_status":0,"launch_status":0,"completion_status":0}
{"schema":"riley.owned-graph-diagnostic.v1","kind":"projection","capture_id":1,"replay_id":103,"position":102,"layer":0,"projection":"gate","operator":"override","cuda_span_ns":10240.000,"event_status":0,"launch_status":0,"completion_status":0}
{"schema":"riley.owned-graph-diagnostic.v1","kind":"read","capture_id":1,"replay_id":103,"host_read_bytes":98344,"host_read_ns":4635}
{"schema":"riley.owned-graph-diagnostic.v1","kind":"replay","capture_id":1,"replay_id":104,"position":103,"host_staging_bytes":98344,"event_setup_ns":286,"host_staging_ns":1513,"host_launch_ns":7025,"host_wait_ns":4086811,"cuda_graph_span_ns":4090943.813,"event_status":0,"launch_status":0,"completion_status":0}
{"schema":"riley.owned-graph-diagnostic.v1","kind":"projection","capture_id":1,"replay_id":104,"position":103,"layer":0,"projection":"gate","operator":"override","cuda_span_ns":10240.000,"event_status":0,"launch_status":0,"completion_status":0}
{"schema":"riley.owned-graph-diagnostic.v1","kind":"read","capture_id":1,"replay_id":104,"host_read_bytes":98344,"host_read_ns":4823}
{"schema":"riley.owned-graph-diagnostic.v1","kind":"replay","capture_id":1,"replay_id":105,"position":104,"host_staging_bytes":98344,"event_setup_ns":363,"host_staging_ns":1525,"host_launch_ns":6498,"host_wait_ns":4124446,"cuda_graph_span_ns":4127967.834,"event_status":0,"launch_status":0,"completion_status":0}
{"schema":"riley.owned-graph-diagnostic.v1","kind":"projection","capture_id":1,"replay_id":105,"position":104,"layer":0,"projection":"gate","operator":"override","cuda_span_ns":10240.000,"event_status":0,"launch_status":0,"completion_status":0}
{"schema":"riley.owned-graph-diagnostic.v1","kind":"read","capture_id":1,"replay_id":105,"host_read_bytes":98344,"host_read_ns":4639}
{"schema":"riley.owned-graph-diagnostic.v1","kind":"replay","capture_id":1,"replay_id":106,"position":105,"host_staging_bytes":98344,"event_setup_ns":413,"host_staging_ns":1508,"host_launch_ns":6704,"host_wait_ns":4147255,"cuda_graph_span_ns":4151296.139,"event_status":0,"launch_status":0,"completion_status":0}
{"schema":"riley.owned-graph-diagnostic.v1","kind":"projection","capture_id":1,"replay_id":106,"position":105,"layer":0,"projection":"gate","operator":"override","cuda_span_ns":11264.000,"event_status":0,"launch_status":0,"completion_status":0}
{"schema":"riley.owned-graph-diagnostic.v1","kind":"read","capture_id":1,"replay_id":106,"host_read_bytes":98344,"host_read_ns":4246}
{"schema":"riley.owned-graph-diagnostic.v1","kind":"replay","capture_id":1,"replay_id":107,"position":106,"host_staging_bytes":98344,"event_setup_ns":400,"host_staging_ns":1500,"host_launch_ns":7113,"host_wait_ns":4165501,"cuda_graph_span_ns":4169600.010,"event_status":0,"launch_status":0,"completion_status":0}
{"schema":"riley.owned-graph-diagnostic.v1","kind":"projection","capture_id":1,"replay_id":107,"position":106,"layer":0,"projection":"gate","operator":"override","cuda_span_ns":11264.000,"event_status":0,"launch_status":0,"completion_status":0}
{"schema":"riley.owned-graph-diagnostic.v1","kind":"read","capture_id":1,"replay_id":107,"host_read_bytes":98344,"host_read_ns":5028}
{"schema":"riley.owned-graph-diagnostic.v1","kind":"replay","capture_id":1,"replay_id":108,"position":107,"host_staging_bytes":98344,"event_setup_ns":359,"host_staging_ns":1538,"host_launch_ns":6904,"host_wait_ns":4164745,"cuda_graph_span_ns":4169023.991,"event_status":0,"launch_status":0,"completion_status":0}
{"schema":"riley.owned-graph-diagnostic.v1","kind":"projection","capture_id":1,"replay_id":108,"position":107,"layer":0,"projection":"gate","operator":"override","cuda_span_ns":10240.000,"event_status":0,"launch_status":0,"completion_status":0}
{"schema":"riley.owned-graph-diagnostic.v1","kind":"read","capture_id":1,"replay_id":108,"host_read_bytes":98344,"host_read_ns":4743}
{"schema":"riley.owned-graph-diagnostic.v1","kind":"replay","capture_id":1,"replay_id":109,"position":108,"host_staging_bytes":98344,"event_setup_ns":568,"host_staging_ns":1531,"host_launch_ns":7046,"host_wait_ns":4166439,"cuda_graph_span_ns":4170879.841,"event_status":0,"launch_status":0,"completion_status":0}
{"schema":"riley.owned-graph-diagnostic.v1","kind":"projection","capture_id":1,"replay_id":109,"position":108,"layer":0,"projection":"gate","operator":"override","cuda_span_ns":11264.000,"event_status":0,"launch_status":0,"completion_status":0}
{"schema":"riley.owned-graph-diagnostic.v1","kind":"read","capture_id":1,"replay_id":109,"host_read_bytes":98344,"host_read_ns":4687}
{"schema":"riley.owned-graph-diagnostic.v1","kind":"replay","capture_id":1,"replay_id":110,"position":109,"host_staging_bytes":98344,"event_setup_ns":307,"host_staging_ns":1534,"host_launch_ns":6595,"host_wait_ns":4164957,"cuda_graph_span_ns":4168735.981,"event_status":0,"launch_status":0,"completion_status":0}
{"schema":"riley.owned-graph-diagnostic.v1","kind":"projection","capture_id":1,"replay_id":110,"position":109,"layer":0,"projection":"gate","operator":"override","cuda_span_ns":10240.000,"event_status":0,"launch_status":0,"completion_status":0}
{"schema":"riley.owned-graph-diagnostic.v1","kind":"read","capture_id":1,"replay_id":110,"host_read_bytes":98344,"host_read_ns":4658}
{"schema":"riley.owned-graph-diagnostic.v1","kind":"replay","capture_id":1,"replay_id":111,"position":110,"host_staging_bytes":98344,"event_setup_ns":327,"host_staging_ns":1523,"host_launch_ns":6876,"host_wait_ns":4158283,"cuda_graph_span_ns":4162432.194,"event_status":0,"launch_status":0,"completion_status":0}
{"schema":"riley.owned-graph-diagnostic.v1","kind":"projection","capture_id":1,"replay_id":111,"position":110,"layer":0,"projection":"gate","operator":"override","cuda_span_ns":11264.000,"event_status":0,"launch_status":0,"completion_status":0}
{"schema":"riley.owned-graph-diagnostic.v1","kind":"read","capture_id":1,"replay_id":111,"host_read_bytes":98344,"host_read_ns":4336}
{"schema":"riley.owned-graph-diagnostic.v1","kind":"replay","capture_id":1,"replay_id":112,"position":111,"host_staging_bytes":98344,"event_setup_ns":376,"host_staging_ns":1524,"host_launch_ns":7228,"host_wait_ns":4156656,"cuda_graph_span_ns":4161407.948,"event_status":0,"launch_status":0,"completion_status":0}
{"schema":"riley.owned-graph-diagnostic.v1","kind":"projection","capture_id":1,"replay_id":112,"position":111,"layer":0,"projection":"gate","operator":"override","cuda_span_ns":10240.000,"event_status":0,"launch_status":0,"completion_status":0}
{"schema":"riley.owned-graph-diagnostic.v1","kind":"read","capture_id":1,"replay_id":112,"host_read_bytes":98344,"host_read_ns":4644}
{"schema":"riley.owned-graph-diagnostic.v1","kind":"replay","capture_id":1,"replay_id":113,"position":112,"host_staging_bytes":98344,"event_setup_ns":353,"host_staging_ns":1520,"host_launch_ns":6932,"host_wait_ns":4228346,"cuda_graph_span_ns":4232543.945,"event_status":0,"launch_status":0,"completion_status":0}
{"schema":"riley.owned-graph-diagnostic.v1","kind":"projection","capture_id":1,"replay_id":113,"position":112,"layer":0,"projection":"gate","operator":"override","cuda_span_ns":11264.000,"event_status":0,"launch_status":0,"completion_status":0}
{"schema":"riley.owned-graph-diagnostic.v1","kind":"read","capture_id":1,"replay_id":113,"host_read_bytes":98344,"host_read_ns":4822}
{"schema":"riley.owned-graph-diagnostic.v1","kind":"replay","capture_id":1,"replay_id":114,"position":113,"host_staging_bytes":98344,"event_setup_ns":458,"host_staging_ns":1518,"host_launch_ns":7294,"host_wait_ns":4257826,"cuda_graph_span_ns":4262400.150,"event_status":0,"launch_status":0,"completion_status":0}
{"schema":"riley.owned-graph-diagnostic.v1","kind":"projection","capture_id":1,"replay_id":114,"position":113,"layer":0,"projection":"gate","operator":"override","cuda_span_ns":11264.000,"event_status":0,"launch_status":0,"completion_status":0}
{"schema":"riley.owned-graph-diagnostic.v1","kind":"read","capture_id":1,"replay_id":114,"host_read_bytes":98344,"host_read_ns":4657}
{"schema":"riley.owned-graph-diagnostic.v1","kind":"replay","capture_id":1,"replay_id":115,"position":114,"host_staging_bytes":98344,"event_setup_ns":437,"host_staging_ns":1592,"host_launch_ns":6878,"host_wait_ns":4272202,"cuda_graph_span_ns":4276095.867,"event_status":0,"launch_status":0,"completion_status":0}
{"schema":"riley.owned-graph-diagnostic.v1","kind":"projection","capture_id":1,"replay_id":115,"position":114,"layer":0,"projection":"gate","operator":"override","cuda_span_ns":10240.000,"event_status":0,"launch_status":0,"completion_status":0}
{"schema":"riley.owned-graph-diagnostic.v1","kind":"read","capture_id":1,"replay_id":115,"host_read_bytes":98344,"host_read_ns":5252}
{"schema":"riley.owned-graph-diagnostic.v1","kind":"replay","capture_id":1,"replay_id":116,"position":115,"host_staging_bytes":98344,"event_setup_ns":499,"host_staging_ns":1533,"host_launch_ns":6872,"host_wait_ns":4263311,"cuda_graph_span_ns":4267615.795,"event_status":0,"launch_status":0,"completion_status":0}
{"schema":"riley.owned-graph-diagnostic.v1","kind":"projection","capture_id":1,"replay_id":116,"position":115,"layer":0,"projection":"gate","operator":"override","cuda_span_ns":11264.000,"event_status":0,"launch_status":0,"completion_status":0}
{"schema":"riley.owned-graph-diagnostic.v1","kind":"read","capture_id":1,"replay_id":116,"host_read_bytes":98344,"host_read_ns":4733}
{"schema":"riley.owned-graph-diagnostic.v1","kind":"replay","capture_id":1,"replay_id":117,"position":116,"host_staging_bytes":98344,"event_setup_ns":368,"host_staging_ns":1531,"host_launch_ns":6706,"host_wait_ns":4264858,"cuda_graph_span_ns":4268799.782,"event_status":0,"launch_status":0,"completion_status":0}
{"schema":"riley.owned-graph-diagnostic.v1","kind":"projection","capture_id":1,"replay_id":117,"position":116,"layer":0,"projection":"gate","operator":"override","cuda_span_ns":10240.000,"event_status":0,"launch_status":0,"completion_status":0}
{"schema":"riley.owned-graph-diagnostic.v1","kind":"read","capture_id":1,"replay_id":117,"host_read_bytes":98344,"host_read_ns":4935}
{"schema":"riley.owned-graph-diagnostic.v1","kind":"replay","capture_id":1,"replay_id":118,"position":117,"host_staging_bytes":98344,"event_setup_ns":315,"host_staging_ns":1518,"host_launch_ns":6709,"host_wait_ns":4271706,"cuda_graph_span_ns":4275616.169,"event_status":0,"launch_status":0,"completion_status":0}
{"schema":"riley.owned-graph-diagnostic.v1","kind":"projection","capture_id":1,"replay_id":118,"position":117,"layer":0,"projection":"gate","operator":"override","cuda_span_ns":11264.000,"event_status":0,"launch_status":0,"completion_status":0}
{"schema":"riley.owned-graph-diagnostic.v1","kind":"read","capture_id":1,"replay_id":118,"host_read_bytes":98344,"host_read_ns":4830}
{"schema":"riley.owned-graph-diagnostic.v1","kind":"replay","capture_id":1,"replay_id":119,"position":118,"host_staging_bytes":98344,"event_setup_ns":424,"host_staging_ns":1518,"host_launch_ns":7047,"host_wait_ns":4274355,"cuda_graph_span_ns":4278399.944,"event_status":0,"launch_status":0,"completion_status":0}
{"schema":"riley.owned-graph-diagnostic.v1","kind":"projection","capture_id":1,"replay_id":119,"position":118,"layer":0,"projection":"gate","operator":"override","cuda_span_ns":10240.000,"event_status":0,"launch_status":0,"completion_status":0}
{"schema":"riley.owned-graph-diagnostic.v1","kind":"read","capture_id":1,"replay_id":119,"host_read_bytes":98344,"host_read_ns":4578}
{"schema":"riley.owned-graph-diagnostic.v1","kind":"replay","capture_id":1,"replay_id":120,"position":119,"host_staging_bytes":98344,"event_setup_ns":433,"host_staging_ns":1518,"host_launch_ns":7084,"host_wait_ns":4264994,"cuda_graph_span_ns":4269087.791,"event_status":0,"launch_status":0,"completion_status":0}
{"schema":"riley.owned-graph-diagnostic.v1","kind":"projection","capture_id":1,"replay_id":120,"position":119,"layer":0,"projection":"gate","operator":"override","cuda_span_ns":10240.000,"event_status":0,"launch_status":0,"completion_status":0}
{"schema":"riley.owned-graph-diagnostic.v1","kind":"read","capture_id":1,"replay_id":120,"host_read_bytes":98344,"host_read_ns":4559}
{"schema":"riley.owned-graph-diagnostic.v1","kind":"replay","capture_id":1,"replay_id":121,"position":120,"host_staging_bytes":98344,"event_setup_ns":323,"host_staging_ns":1532,"host_launch_ns":10000,"host_wait_ns":4307676,"cuda_graph_span_ns":4315072.060,"event_status":0,"launch_status":0,"completion_status":0}
{"schema":"riley.owned-graph-diagnostic.v1","kind":"projection","capture_id":1,"replay_id":121,"position":120,"layer":0,"projection":"gate","operator":"override","cuda_span_ns":10240.000,"event_status":0,"launch_status":0,"completion_status":0}
{"schema":"riley.owned-graph-diagnostic.v1","kind":"read","capture_id":1,"replay_id":121,"host_read_bytes":98344,"host_read_ns":4955}
{"schema":"riley.owned-graph-diagnostic.v1","kind":"replay","capture_id":1,"replay_id":122,"position":121,"host_staging_bytes":98344,"event_setup_ns":711,"host_staging_ns":1542,"host_launch_ns":7318,"host_wait_ns":4345996,"cuda_graph_span_ns":4350495.815,"event_status":0,"launch_status":0,"completion_status":0}
{"schema":"riley.owned-graph-diagnostic.v1","kind":"projection","capture_id":1,"replay_id":122,"position":121,"layer":0,"projection":"gate","operator":"override","cuda_span_ns":10240.000,"event_status":0,"launch_status":0,"completion_status":0}
{"schema":"riley.owned-graph-diagnostic.v1","kind":"read","capture_id":1,"replay_id":122,"host_read_bytes":98344,"host_read_ns":4818}
{"schema":"riley.owned-graph-diagnostic.v1","kind":"replay","capture_id":1,"replay_id":123,"position":122,"host_staging_bytes":98344,"event_setup_ns":446,"host_staging_ns":1577,"host_launch_ns":7125,"host_wait_ns":4356231,"cuda_graph_span_ns":4360767.841,"event_status":0,"launch_status":0,"completion_status":0}
{"schema":"riley.owned-graph-diagnostic.v1","kind":"projection","capture_id":1,"replay_id":123,"position":122,"layer":0,"projection":"gate","operator":"override","cuda_span_ns":10240.000,"event_status":0,"launch_status":0,"completion_status":0}
{"schema":"riley.owned-graph-diagnostic.v1","kind":"read","capture_id":1,"replay_id":123,"host_read_bytes":98344,"host_read_ns":4790}
{"schema":"riley.owned-graph-diagnostic.v1","kind":"replay","capture_id":1,"replay_id":124,"position":123,"host_staging_bytes":98344,"event_setup_ns":740,"host_staging_ns":1596,"host_launch_ns":7228,"host_wait_ns":4356161,"cuda_graph_span_ns":4360511.780,"event_status":0,"launch_status":0,"completion_status":0}
{"schema":"riley.owned-graph-diagnostic.v1","kind":"projection","capture_id":1,"replay_id":124,"position":123,"layer":0,"projection":"gate","operator":"override","cuda_span_ns":11264.000,"event_status":0,"launch_status":0,"completion_status":0}
{"schema":"riley.owned-graph-diagnostic.v1","kind":"read","capture_id":1,"replay_id":124,"host_read_bytes":98344,"host_read_ns":4917}
{"schema":"riley.owned-graph-diagnostic.v1","kind":"replay","capture_id":1,"replay_id":125,"position":124,"host_staging_bytes":98344,"event_setup_ns":413,"host_staging_ns":1542,"host_launch_ns":7381,"host_wait_ns":4358087,"cuda_graph_span_ns":4362783.909,"event_status":0,"launch_status":0,"completion_status":0}
{"schema":"riley.owned-graph-diagnostic.v1","kind":"projection","capture_id":1,"replay_id":125,"position":124,"layer":0,"projection":"gate","operator":"override","cuda_span_ns":10240.000,"event_status":0,"launch_status":0,"completion_status":0}
{"schema":"riley.owned-graph-diagnostic.v1","kind":"read","capture_id":1,"replay_id":125,"host_read_bytes":98344,"host_read_ns":4523}
{"schema":"riley.owned-graph-diagnostic.v1","kind":"replay","capture_id":1,"replay_id":126,"position":125,"host_staging_bytes":98344,"event_setup_ns":353,"host_staging_ns":1537,"host_launch_ns":6621,"host_wait_ns":4362890,"cuda_graph_span_ns":4366655.827,"event_status":0,"launch_status":0,"completion_status":0}
{"schema":"riley.owned-graph-diagnostic.v1","kind":"projection","capture_id":1,"replay_id":126,"position":125,"layer":0,"projection":"gate","operator":"override","cuda_span_ns":10240.000,"event_status":0,"launch_status":0,"completion_status":0}
{"schema":"riley.owned-graph-diagnostic.v1","kind":"read","capture_id":1,"replay_id":126,"host_read_bytes":98344,"host_read_ns":4794}
{"schema":"riley.owned-graph-diagnostic.v1","kind":"replay","capture_id":1,"replay_id":127,"position":126,"host_staging_bytes":98344,"event_setup_ns":619,"host_staging_ns":1549,"host_launch_ns":7670,"host_wait_ns":4356701,"cuda_graph_span_ns":4361408.234,"event_status":0,"launch_status":0,"completion_status":0}
{"schema":"riley.owned-graph-diagnostic.v1","kind":"projection","capture_id":1,"replay_id":127,"position":126,"layer":0,"projection":"gate","operator":"override","cuda_span_ns":10240.000,"event_status":0,"launch_status":0,"completion_status":0}
{"schema":"riley.owned-graph-diagnostic.v1","kind":"read","capture_id":1,"replay_id":127,"host_read_bytes":98344,"host_read_ns":4720}
{"schema":"riley.owned-graph-diagnostic.v1","kind":"replay","capture_id":1,"replay_id":128,"position":127,"host_staging_bytes":98344,"event_setup_ns":377,"host_staging_ns":1533,"host_launch_ns":6981,"host_wait_ns":4354856,"cuda_graph_span_ns":4359039.783,"event_status":0,"launch_status":0,"completion_status":0}
{"schema":"riley.owned-graph-diagnostic.v1","kind":"projection","capture_id":1,"replay_id":128,"position":127,"layer":0,"projection":"gate","operator":"override","cuda_span_ns":10240.000,"event_status":0,"launch_status":0,"completion_status":0}
{"schema":"riley.owned-graph-diagnostic.v1","kind":"read","capture_id":1,"replay_id":128,"host_read_bytes":98344,"host_read_ns":4894}
{"schema":"riley.owned-graph-diagnostic.v1","kind":"replay","capture_id":2,"replay_id":129,"position":128,"host_staging_bytes":98344,"event_setup_ns":421,"host_staging_ns":1535,"host_launch_ns":95101,"host_wait_ns":2246135,"cuda_graph_span_ns":2338783.979,"event_status":0,"launch_status":0,"completion_status":0}
{"schema":"riley.owned-graph-diagnostic.v1","kind":"projection","capture_id":2,"replay_id":129,"position":128,"layer":0,"projection":"gate","operator":"canonical","cuda_span_ns":6144.000,"event_status":0,"launch_status":0,"completion_status":0}
{"schema":"riley.owned-graph-diagnostic.v1","kind":"read","capture_id":2,"replay_id":129,"host_read_bytes":98344,"host_read_ns":4825}
{"schema":"riley.owned-graph-diagnostic.v1","kind":"replay","capture_id":2,"replay_id":130,"position":129,"host_staging_bytes":98344,"event_setup_ns":571,"host_staging_ns":1791,"host_launch_ns":8146,"host_wait_ns":2041317,"cuda_graph_span_ns":2047008.038,"event_status":0,"launch_status":0,"completion_status":0}
{"schema":"riley.owned-graph-diagnostic.v1","kind":"projection","capture_id":2,"replay_id":130,"position":129,"layer":0,"projection":"gate","operator":"canonical","cuda_span_ns":5120.000,"event_status":0,"launch_status":0,"completion_status":0}
{"schema":"riley.owned-graph-diagnostic.v1","kind":"read","capture_id":2,"replay_id":130,"host_read_bytes":98344,"host_read_ns":4659}
{"schema":"riley.owned-graph-diagnostic.v1","kind":"replay","capture_id":2,"replay_id":131,"position":130,"host_staging_bytes":98344,"event_setup_ns":383,"host_staging_ns":1535,"host_launch_ns":7011,"host_wait_ns":2041060,"cuda_graph_span_ns":2045439.959,"event_status":0,"launch_status":0,"completion_status":0}
{"schema":"riley.owned-graph-diagnostic.v1","kind":"projection","capture_id":2,"replay_id":131,"position":130,"layer":0,"projection":"gate","operator":"canonical","cuda_span_ns":5120.000,"event_status":0,"launch_status":0,"completion_status":0}
{"schema":"riley.owned-graph-diagnostic.v1","kind":"read","capture_id":2,"replay_id":131,"host_read_bytes":98344,"host_read_ns":4717}
{"schema":"riley.owned-graph-diagnostic.v1","kind":"replay","capture_id":2,"replay_id":132,"position":131,"host_staging_bytes":98344,"event_setup_ns":368,"host_staging_ns":1520,"host_launch_ns":6881,"host_wait_ns":2040707,"cuda_graph_span_ns":2044960.022,"event_status":0,"launch_status":0,"completion_status":0}
{"schema":"riley.owned-graph-diagnostic.v1","kind":"projection","capture_id":2,"replay_id":132,"position":131,"layer":0,"projection":"gate","operator":"canonical","cuda_span_ns":5120.000,"event_status":0,"launch_status":0,"completion_status":0}
{"schema":"riley.owned-graph-diagnostic.v1","kind":"read","capture_id":2,"replay_id":132,"host_read_bytes":98344,"host_read_ns":4565}
{"schema":"riley.owned-graph-diagnostic.v1","kind":"replay","capture_id":2,"replay_id":133,"position":132,"host_staging_bytes":98344,"event_setup_ns":390,"host_staging_ns":1518,"host_launch_ns":6769,"host_wait_ns":2041462,"cuda_graph_span_ns":2045824.051,"event_status":0,"launch_status":0,"completion_status":0}
{"schema":"riley.owned-graph-diagnostic.v1","kind":"projection","capture_id":2,"replay_id":133,"position":132,"layer":0,"projection":"gate","operator":"canonical","cuda_span_ns":5120.000,"event_status":0,"launch_status":0,"completion_status":0}
{"schema":"riley.owned-graph-diagnostic.v1","kind":"read","capture_id":2,"replay_id":133,"host_read_bytes":98344,"host_read_ns":4736}
{"schema":"riley.owned-graph-diagnostic.v1","kind":"replay","capture_id":2,"replay_id":134,"position":133,"host_staging_bytes":98344,"event_setup_ns":445,"host_staging_ns":1531,"host_launch_ns":6712,"host_wait_ns":2050484,"cuda_graph_span_ns":2054687.977,"event_status":0,"launch_status":0,"completion_status":0}
{"schema":"riley.owned-graph-diagnostic.v1","kind":"projection","capture_id":2,"replay_id":134,"position":133,"layer":0,"projection":"gate","operator":"canonical","cuda_span_ns":5120.000,"event_status":0,"launch_status":0,"completion_status":0}
{"schema":"riley.owned-graph-diagnostic.v1","kind":"read","capture_id":2,"replay_id":134,"host_read_bytes":98344,"host_read_ns":4230}
{"schema":"riley.owned-graph-diagnostic.v1","kind":"replay","capture_id":2,"replay_id":135,"position":134,"host_staging_bytes":98344,"event_setup_ns":329,"host_staging_ns":1516,"host_launch_ns":6955,"host_wait_ns":2050926,"cuda_graph_span_ns":2055007.935,"event_status":0,"launch_status":0,"completion_status":0}
{"schema":"riley.owned-graph-diagnostic.v1","kind":"projection","capture_id":2,"replay_id":135,"position":134,"layer":0,"projection":"gate","operator":"canonical","cuda_span_ns":5120.000,"event_status":0,"launch_status":0,"completion_status":0}
{"schema":"riley.owned-graph-diagnostic.v1","kind":"read","capture_id":2,"replay_id":135,"host_read_bytes":98344,"host_read_ns":5012}
{"schema":"riley.owned-graph-diagnostic.v1","kind":"replay","capture_id":2,"replay_id":136,"position":135,"host_staging_bytes":98344,"event_setup_ns":406,"host_staging_ns":1534,"host_launch_ns":6728,"host_wait_ns":2042147,"cuda_graph_span_ns":2046367.884,"event_status":0,"launch_status":0,"completion_status":0}
{"schema":"riley.owned-graph-diagnostic.v1","kind":"projection","capture_id":2,"replay_id":136,"position":135,"layer":0,"projection":"gate","operator":"canonical","cuda_span_ns":5120.000,"event_status":0,"launch_status":0,"completion_status":0}
{"schema":"riley.owned-graph-diagnostic.v1","kind":"read","capture_id":2,"replay_id":136,"host_read_bytes":98344,"host_read_ns":4713}
{"schema":"riley.owned-graph-diagnostic.v1","kind":"replay","capture_id":2,"replay_id":137,"position":136,"host_staging_bytes":98344,"event_setup_ns":383,"host_staging_ns":1529,"host_launch_ns":7089,"host_wait_ns":2081122,"cuda_graph_span_ns":2085632.086,"event_status":0,"launch_status":0,"completion_status":0}
{"schema":"riley.owned-graph-diagnostic.v1","kind":"projection","capture_id":2,"replay_id":137,"position":136,"layer":0,"projection":"gate","operator":"canonical","cuda_span_ns":6144.000,"event_status":0,"launch_status":0,"completion_status":0}
{"schema":"riley.owned-graph-diagnostic.v1","kind":"read","capture_id":2,"replay_id":137,"host_read_bytes":98344,"host_read_ns":4665}
{"schema":"riley.owned-graph-diagnostic.v1","kind":"replay","capture_id":2,"replay_id":138,"position":137,"host_staging_bytes":98344,"event_setup_ns":442,"host_staging_ns":1512,"host_launch_ns":7374,"host_wait_ns":2097018,"cuda_graph_span_ns":2101887.941,"event_status":0,"launch_status":0,"completion_status":0}
{"schema":"riley.owned-graph-diagnostic.v1","kind":"projection","capture_id":2,"replay_id":138,"position":137,"layer":0,"projection":"gate","operator":"canonical","cuda_span_ns":5120.000,"event_status":0,"launch_status":0,"completion_status":0}
{"schema":"riley.owned-graph-diagnostic.v1","kind":"read","capture_id":2,"replay_id":138,"host_read_bytes":98344,"host_read_ns":4704}
{"schema":"riley.owned-graph-diagnostic.v1","kind":"replay","capture_id":2,"replay_id":139,"position":138,"host_staging_bytes":98344,"event_setup_ns":408,"host_staging_ns":1546,"host_launch_ns":6854,"host_wait_ns":2098787,"cuda_graph_span_ns":2103231.907,"event_status":0,"launch_status":0,"completion_status":0}
{"schema":"riley.owned-graph-diagnostic.v1","kind":"projection","capture_id":2,"replay_id":139,"position":138,"layer":0,"projection":"gate","operator":"canonical","cuda_span_ns":6144.000,"event_status":0,"launch_status":0,"completion_status":0}
{"schema":"riley.owned-graph-diagnostic.v1","kind":"read","capture_id":2,"replay_id":139,"host_read_bytes":98344,"host_read_ns":4944}
{"schema":"riley.owned-graph-diagnostic.v1","kind":"replay","capture_id":2,"replay_id":140,"position":139,"host_staging_bytes":98344,"event_setup_ns":407,"host_staging_ns":1531,"host_launch_ns":6820,"host_wait_ns":2099924,"cuda_graph_span_ns":2104127.884,"event_status":0,"launch_status":0,"completion_status":0}
{"schema":"riley.owned-graph-diagnostic.v1","kind":"projection","capture_id":2,"replay_id":140,"position":139,"layer":0,"projection":"gate","operator":"canonical","cuda_span_ns":6144.000,"event_status":0,"launch_status":0,"completion_status":0}
{"schema":"riley.owned-graph-diagnostic.v1","kind":"read","capture_id":2,"replay_id":140,"host_read_bytes":98344,"host_read_ns":5148}
{"schema":"riley.owned-graph-diagnostic.v1","kind":"replay","capture_id":2,"replay_id":141,"position":140,"host_staging_bytes":98344,"event_setup_ns":495,"host_staging_ns":1558,"host_launch_ns":7063,"host_wait_ns":2101682,"cuda_graph_span_ns":2106400.013,"event_status":0,"launch_status":0,"completion_status":0}
{"schema":"riley.owned-graph-diagnostic.v1","kind":"projection","capture_id":2,"replay_id":141,"position":140,"layer":0,"projection":"gate","operator":"canonical","cuda_span_ns":6144.000,"event_status":0,"launch_status":0,"completion_status":0}
{"schema":"riley.owned-graph-diagnostic.v1","kind":"read","capture_id":2,"replay_id":141,"host_read_bytes":98344,"host_read_ns":4467}
{"schema":"riley.owned-graph-diagnostic.v1","kind":"replay","capture_id":2,"replay_id":142,"position":141,"host_staging_bytes":98344,"event_setup_ns":313,"host_staging_ns":1533,"host_launch_ns":7073,"host_wait_ns":2107690,"cuda_graph_span_ns":2112287.998,"event_status":0,"launch_status":0,"completion_status":0}
{"schema":"riley.owned-graph-diagnostic.v1","kind":"projection","capture_id":2,"replay_id":142,"position":141,"layer":0,"projection":"gate","operator":"canonical","cuda_span_ns":6144.000,"event_status":0,"launch_status":0,"completion_status":0}
{"schema":"riley.owned-graph-diagnostic.v1","kind":"read","capture_id":2,"replay_id":142,"host_read_bytes":98344,"host_read_ns":4790}
{"schema":"riley.owned-graph-diagnostic.v1","kind":"replay","capture_id":2,"replay_id":143,"position":142,"host_staging_bytes":98344,"event_setup_ns":351,"host_staging_ns":1530,"host_launch_ns":7045,"host_wait_ns":2099586,"cuda_graph_span_ns":2104095.936,"event_status":0,"launch_status":0,"completion_status":0}
{"schema":"riley.owned-graph-diagnostic.v1","kind":"projection","capture_id":2,"replay_id":143,"position":142,"layer":0,"projection":"gate","operator":"canonical","cuda_span_ns":5120.000,"event_status":0,"launch_status":0,"completion_status":0}
{"schema":"riley.owned-graph-diagnostic.v1","kind":"read","capture_id":2,"replay_id":143,"host_read_bytes":98344,"host_read_ns":4637}
{"schema":"riley.owned-graph-diagnostic.v1","kind":"replay","capture_id":2,"replay_id":144,"position":143,"host_staging_bytes":98344,"event_setup_ns":324,"host_staging_ns":1529,"host_launch_ns":6860,"host_wait_ns":2099907,"cuda_graph_span_ns":2104351.997,"event_status":0,"launch_status":0,"completion_status":0}
{"schema":"riley.owned-graph-diagnostic.v1","kind":"projection","capture_id":2,"replay_id":144,"position":143,"layer":0,"projection":"gate","operator":"canonical","cuda_span_ns":5120.000,"event_status":0,"launch_status":0,"completion_status":0}
{"schema":"riley.owned-graph-diagnostic.v1","kind":"read","capture_id":2,"replay_id":144,"host_read_bytes":98344,"host_read_ns":4441}
{"schema":"riley.owned-graph-diagnostic.v1","kind":"replay","capture_id":2,"replay_id":145,"position":144,"host_staging_bytes":98344,"event_setup_ns":395,"host_staging_ns":1514,"host_launch_ns":6671,"host_wait_ns":2157356,"cuda_graph_span_ns":2161600.113,"event_status":0,"launch_status":0,"completion_status":0}
{"schema":"riley.owned-graph-diagnostic.v1","kind":"projection","capture_id":2,"replay_id":145,"position":144,"layer":0,"projection":"gate","operator":"canonical","cuda_span_ns":5120.000,"event_status":0,"launch_status":0,"completion_status":0}
{"schema":"riley.owned-graph-diagnostic.v1","kind":"read","capture_id":2,"replay_id":145,"host_read_bytes":98344,"host_read_ns":4794}
{"schema":"riley.owned-graph-diagnostic.v1","kind":"replay","capture_id":2,"replay_id":146,"position":145,"host_staging_bytes":98344,"event_setup_ns":304,"host_staging_ns":1520,"host_launch_ns":9634,"host_wait_ns":2165531,"cuda_graph_span_ns":2172544.003,"event_status":0,"launch_status":0,"completion_status":0}
{"schema":"riley.owned-graph-diagnostic.v1","kind":"projection","capture_id":2,"replay_id":146,"position":145,"layer":0,"projection":"gate","operator":"canonical","cuda_span_ns":5120.000,"event_status":0,"launch_status":0,"completion_status":0}
{"schema":"riley.owned-graph-diagnostic.v1","kind":"read","capture_id":2,"replay_id":146,"host_read_bytes":98344,"host_read_ns":4967}
{"schema":"riley.owned-graph-diagnostic.v1","kind":"replay","capture_id":2,"replay_id":147,"position":146,"host_staging_bytes":98344,"event_setup_ns":305,"host_staging_ns":1520,"host_launch_ns":6721,"host_wait_ns":2173575,"cuda_graph_span_ns":2177664.042,"event_status":0,"launch_status":0,"completion_status":0}
{"schema":"riley.owned-graph-diagnostic.v1","kind":"projection","capture_id":2,"replay_id":147,"position":146,"layer":0,"projection":"gate","operator":"canonical","cuda_span_ns":5120.000,"event_status":0,"launch_status":0,"completion_status":0}
{"schema":"riley.owned-graph-diagnostic.v1","kind":"read","capture_id":2,"replay_id":147,"host_read_bytes":98344,"host_read_ns":4548}
{"schema":"riley.owned-graph-diagnostic.v1","kind":"replay","capture_id":2,"replay_id":148,"position":147,"host_staging_bytes":98344,"event_setup_ns":406,"host_staging_ns":1528,"host_launch_ns":6881,"host_wait_ns":2172308,"cuda_graph_span_ns":2176192.045,"event_status":0,"launch_status":0,"completion_status":0}
{"schema":"riley.owned-graph-diagnostic.v1","kind":"projection","capture_id":2,"replay_id":148,"position":147,"layer":0,"projection":"gate","operator":"canonical","cuda_span_ns":5120.000,"event_status":0,"launch_status":0,"completion_status":0}
{"schema":"riley.owned-graph-diagnostic.v1","kind":"read","capture_id":2,"replay_id":148,"host_read_bytes":98344,"host_read_ns":4969}
{"schema":"riley.owned-graph-diagnostic.v1","kind":"replay","capture_id":2,"replay_id":149,"position":148,"host_staging_bytes":98344,"event_setup_ns":704,"host_staging_ns":1547,"host_launch_ns":7531,"host_wait_ns":2173626,"cuda_graph_span_ns":2178591.967,"event_status":0,"launch_status":0,"completion_status":0}
{"schema":"riley.owned-graph-diagnostic.v1","kind":"projection","capture_id":2,"replay_id":149,"position":148,"layer":0,"projection":"gate","operator":"canonical","cuda_span_ns":5120.000,"event_status":0,"launch_status":0,"completion_status":0}
{"schema":"riley.owned-graph-diagnostic.v1","kind":"read","capture_id":2,"replay_id":149,"host_read_bytes":98344,"host_read_ns":4610}
{"schema":"riley.owned-graph-diagnostic.v1","kind":"replay","capture_id":2,"replay_id":150,"position":149,"host_staging_bytes":98344,"event_setup_ns":405,"host_staging_ns":1536,"host_launch_ns":7109,"host_wait_ns":2172190,"cuda_graph_span_ns":2176768.064,"event_status":0,"launch_status":0,"completion_status":0}
{"schema":"riley.owned-graph-diagnostic.v1","kind":"projection","capture_id":2,"replay_id":150,"position":149,"layer":0,"projection":"gate","operator":"canonical","cuda_span_ns":5120.000,"event_status":0,"launch_status":0,"completion_status":0}
{"schema":"riley.owned-graph-diagnostic.v1","kind":"read","capture_id":2,"replay_id":150,"host_read_bytes":98344,"host_read_ns":4492}
{"schema":"riley.owned-graph-diagnostic.v1","kind":"replay","capture_id":2,"replay_id":151,"position":150,"host_staging_bytes":98344,"event_setup_ns":342,"host_staging_ns":1511,"host_launch_ns":6726,"host_wait_ns":2173065,"cuda_graph_span_ns":2176000.118,"event_status":0,"launch_status":0,"completion_status":0}
{"schema":"riley.owned-graph-diagnostic.v1","kind":"projection","capture_id":2,"replay_id":151,"position":150,"layer":0,"projection":"gate","operator":"canonical","cuda_span_ns":5120.000,"event_status":0,"launch_status":0,"completion_status":0}
{"schema":"riley.owned-graph-diagnostic.v1","kind":"read","capture_id":2,"replay_id":151,"host_read_bytes":98344,"host_read_ns":4637}
{"schema":"riley.owned-graph-diagnostic.v1","kind":"replay","capture_id":2,"replay_id":152,"position":151,"host_staging_bytes":98344,"event_setup_ns":298,"host_staging_ns":1537,"host_launch_ns":6642,"host_wait_ns":2172110,"cuda_graph_span_ns":2176095.963,"event_status":0,"launch_status":0,"completion_status":0}
{"schema":"riley.owned-graph-diagnostic.v1","kind":"projection","capture_id":2,"replay_id":152,"position":151,"layer":0,"projection":"gate","operator":"canonical","cuda_span_ns":5120.000,"event_status":0,"launch_status":0,"completion_status":0}
{"schema":"riley.owned-graph-diagnostic.v1","kind":"read","capture_id":2,"replay_id":152,"host_read_bytes":98344,"host_read_ns":4517}
{"schema":"riley.owned-graph-diagnostic.v1","kind":"replay","capture_id":2,"replay_id":153,"position":152,"host_staging_bytes":98344,"event_setup_ns":311,"host_staging_ns":1546,"host_launch_ns":7008,"host_wait_ns":2213681,"cuda_graph_span_ns":2218111.992,"event_status":0,"launch_status":0,"completion_status":0}
{"schema":"riley.owned-graph-diagnostic.v1","kind":"projection","capture_id":2,"replay_id":153,"position":152,"layer":0,"projection":"gate","operator":"canonical","cuda_span_ns":6144.000,"event_status":0,"launch_status":0,"completion_status":0}
{"schema":"riley.owned-graph-diagnostic.v1","kind":"read","capture_id":2,"replay_id":153,"host_read_bytes":98344,"host_read_ns":4816}
{"schema":"riley.owned-graph-diagnostic.v1","kind":"replay","capture_id":2,"replay_id":154,"position":153,"host_staging_bytes":98344,"event_setup_ns":345,"host_staging_ns":1527,"host_launch_ns":6662,"host_wait_ns":2222812,"cuda_graph_span_ns":2226943.970,"event_status":0,"launch_status":0,"completion_status":0}
{"schema":"riley.owned-graph-diagnostic.v1","kind":"projection","capture_id":2,"replay_id":154,"position":153,"layer":0,"projection":"gate","operator":"canonical","cuda_span_ns":5120.000,"event_status":0,"launch_status":0,"completion_status":0}
{"schema":"riley.owned-graph-diagnostic.v1","kind":"read","capture_id":2,"replay_id":154,"host_read_bytes":98344,"host_read_ns":4969}
{"schema":"riley.owned-graph-diagnostic.v1","kind":"replay","capture_id":2,"replay_id":155,"position":154,"host_staging_bytes":98344,"event_setup_ns":379,"host_staging_ns":1538,"host_launch_ns":7348,"host_wait_ns":2223318,"cuda_graph_span_ns":2228032.112,"event_status":0,"launch_status":0,"completion_status":0}
{"schema":"riley.owned-graph-diagnostic.v1","kind":"projection","capture_id":2,"replay_id":155,"position":154,"layer":0,"projection":"gate","operator":"canonical","cuda_span_ns":5120.000,"event_status":0,"launch_status":0,"completion_status":0}
{"schema":"riley.owned-graph-diagnostic.v1","kind":"read","capture_id":2,"replay_id":155,"host_read_bytes":98344,"host_read_ns":4819}
{"schema":"riley.owned-graph-diagnostic.v1","kind":"replay","capture_id":2,"replay_id":156,"position":155,"host_staging_bytes":98344,"event_setup_ns":449,"host_staging_ns":1527,"host_launch_ns":7074,"host_wait_ns":2229306,"cuda_graph_span_ns":2233760.118,"event_status":0,"launch_status":0,"completion_status":0}
{"schema":"riley.owned-graph-diagnostic.v1","kind":"projection","capture_id":2,"replay_id":156,"position":155,"layer":0,"projection":"gate","operator":"canonical","cuda_span_ns":5120.000,"event_status":0,"launch_status":0,"completion_status":0}
{"schema":"riley.owned-graph-diagnostic.v1","kind":"read","capture_id":2,"replay_id":156,"host_read_bytes":98344,"host_read_ns":4699}
{"schema":"riley.owned-graph-diagnostic.v1","kind":"replay","capture_id":2,"replay_id":157,"position":156,"host_staging_bytes":98344,"event_setup_ns":388,"host_staging_ns":1533,"host_launch_ns":6645,"host_wait_ns":2221620,"cuda_graph_span_ns":2225696.087,"event_status":0,"launch_status":0,"completion_status":0}
{"schema":"riley.owned-graph-diagnostic.v1","kind":"projection","capture_id":2,"replay_id":157,"position":156,"layer":0,"projection":"gate","operator":"canonical","cuda_span_ns":5120.000,"event_status":0,"launch_status":0,"completion_status":0}
{"schema":"riley.owned-graph-diagnostic.v1","kind":"read","capture_id":2,"replay_id":157,"host_read_bytes":98344,"host_read_ns":4663}
{"schema":"riley.owned-graph-diagnostic.v1","kind":"replay","capture_id":2,"replay_id":158,"position":157,"host_staging_bytes":98344,"event_setup_ns":400,"host_staging_ns":1547,"host_launch_ns":7096,"host_wait_ns":2227500,"cuda_graph_span_ns":2232127.905,"event_status":0,"launch_status":0,"completion_status":0}
{"schema":"riley.owned-graph-diagnostic.v1","kind":"projection","capture_id":2,"replay_id":158,"position":157,"layer":0,"projection":"gate","operator":"canonical","cuda_span_ns":5120.000,"event_status":0,"launch_status":0,"completion_status":0}
{"schema":"riley.owned-graph-diagnostic.v1","kind":"read","capture_id":2,"replay_id":158,"host_read_bytes":98344,"host_read_ns":4820}
{"schema":"riley.owned-graph-diagnostic.v1","kind":"replay","capture_id":2,"replay_id":159,"position":158,"host_staging_bytes":98344,"event_setup_ns":408,"host_staging_ns":1536,"host_launch_ns":6645,"host_wait_ns":2230107,"cuda_graph_span_ns":2234175.920,"event_status":0,"launch_status":0,"completion_status":0}
{"schema":"riley.owned-graph-diagnostic.v1","kind":"projection","capture_id":2,"replay_id":159,"position":158,"layer":0,"projection":"gate","operator":"canonical","cuda_span_ns":5120.000,"event_status":0,"launch_status":0,"completion_status":0}
{"schema":"riley.owned-graph-diagnostic.v1","kind":"read","capture_id":2,"replay_id":159,"host_read_bytes":98344,"host_read_ns":4357}
{"schema":"riley.owned-graph-diagnostic.v1","kind":"replay","capture_id":1,"replay_id":160,"position":0,"host_staging_bytes":98344,"event_setup_ns":3333,"host_staging_ns":2109,"host_launch_ns":20395,"host_wait_ns":2879557,"cuda_graph_span_ns":2897311.926,"event_status":0,"launch_status":0,"completion_status":0}
{"schema":"riley.owned-graph-diagnostic.v1","kind":"projection","capture_id":1,"replay_id":160,"position":0,"layer":0,"projection":"gate","operator":"override","cuda_span_ns":10240.000,"event_status":0,"launch_status":0,"completion_status":0}
{"schema":"riley.owned-graph-diagnostic.v1","kind":"read","capture_id":1,"replay_id":160,"host_read_bytes":98344,"host_read_ns":6372}
{"schema":"riley.owned-graph-diagnostic.v1","kind":"replay","capture_id":1,"replay_id":161,"position":1,"host_staging_bytes":98344,"event_setup_ns":769,"host_staging_ns":1722,"host_launch_ns":8955,"host_wait_ns":2918939,"cuda_graph_span_ns":2924959.898,"event_status":0,"launch_status":0,"completion_status":0}
{"schema":"riley.owned-graph-diagnostic.v1","kind":"projection","capture_id":1,"replay_id":161,"position":1,"layer":0,"projection":"gate","operator":"override","cuda_span_ns":11264.000,"event_status":0,"launch_status":0,"completion_status":0}
{"schema":"riley.owned-graph-diagnostic.v1","kind":"read","capture_id":1,"replay_id":161,"host_read_bytes":98344,"host_read_ns":5193}
{"schema":"riley.owned-graph-diagnostic.v1","kind":"replay","capture_id":1,"replay_id":162,"position":2,"host_staging_bytes":98344,"event_setup_ns":599,"host_staging_ns":1520,"host_launch_ns":6663,"host_wait_ns":2937570,"cuda_graph_span_ns":2941567.898,"event_status":0,"launch_status":0,"completion_status":0}
{"schema":"riley.owned-graph-diagnostic.v1","kind":"projection","capture_id":1,"replay_id":162,"position":2,"layer":0,"projection":"gate","operator":"override","cuda_span_ns":11264.000,"event_status":0,"launch_status":0,"completion_status":0}
{"schema":"riley.owned-graph-diagnostic.v1","kind":"read","capture_id":1,"replay_id":162,"host_read_bytes":98344,"host_read_ns":5267}
{"schema":"riley.owned-graph-diagnostic.v1","kind":"replay","capture_id":1,"replay_id":163,"position":3,"host_staging_bytes":98344,"event_setup_ns":774,"host_staging_ns":1545,"host_launch_ns":8994,"host_wait_ns":2932291,"cuda_graph_span_ns":2938719.988,"event_status":0,"launch_status":0,"completion_status":0}
{"schema":"riley.owned-graph-diagnostic.v1","kind":"projection","capture_id":1,"replay_id":163,"position":3,"layer":0,"projection":"gate","operator":"override","cuda_span_ns":10240.000,"event_status":0,"launch_status":0,"completion_status":0}
{"schema":"riley.owned-graph-diagnostic.v1","kind":"read","capture_id":1,"replay_id":163,"host_read_bytes":98344,"host_read_ns":5133}
{"schema":"riley.owned-graph-diagnostic.v1","kind":"replay","capture_id":1,"replay_id":164,"position":4,"host_staging_bytes":98344,"event_setup_ns":460,"host_staging_ns":1527,"host_launch_ns":6703,"host_wait_ns":2934115,"cuda_graph_span_ns":2938047.886,"event_status":0,"launch_status":0,"completion_status":0}
{"schema":"riley.owned-graph-diagnostic.v1","kind":"projection","capture_id":1,"replay_id":164,"position":4,"layer":0,"projection":"gate","operator":"override","cuda_span_ns":10240.000,"event_status":0,"launch_status":0,"completion_status":0}
{"schema":"riley.owned-graph-diagnostic.v1","kind":"read","capture_id":1,"replay_id":164,"host_read_bytes":98344,"host_read_ns":4903}
{"schema":"riley.owned-graph-diagnostic.v1","kind":"replay","capture_id":1,"replay_id":165,"position":5,"host_staging_bytes":98344,"event_setup_ns":480,"host_staging_ns":1525,"host_launch_ns":7154,"host_wait_ns":2940891,"cuda_graph_span_ns":2945440.054,"event_status":0,"launch_status":0,"completion_status":0}
{"schema":"riley.owned-graph-diagnostic.v1","kind":"projection","capture_id":1,"replay_id":165,"position":5,"layer":0,"projection":"gate","operator":"override","cuda_span_ns":10240.000,"event_status":0,"launch_status":0,"completion_status":0}
{"schema":"riley.owned-graph-diagnostic.v1","kind":"read","capture_id":1,"replay_id":165,"host_read_bytes":98344,"host_read_ns":4841}
{"schema":"riley.owned-graph-diagnostic.v1","kind":"replay","capture_id":1,"replay_id":166,"position":6,"host_staging_bytes":98344,"event_setup_ns":466,"host_staging_ns":1522,"host_launch_ns":6532,"host_wait_ns":2945933,"cuda_graph_span_ns":2949631.929,"event_status":0,"launch_status":0,"completion_status":0}
{"schema":"riley.owned-graph-diagnostic.v1","kind":"projection","capture_id":1,"replay_id":166,"position":6,"layer":0,"projection":"gate","operator":"override","cuda_span_ns":10240.000,"event_status":0,"launch_status":0,"completion_status":0}
{"schema":"riley.owned-graph-diagnostic.v1","kind":"read","capture_id":1,"replay_id":166,"host_read_bytes":98344,"host_read_ns":4935}
{"schema":"riley.owned-graph-diagnostic.v1","kind":"replay","capture_id":1,"replay_id":167,"position":7,"host_staging_bytes":98344,"event_setup_ns":497,"host_staging_ns":1524,"host_launch_ns":6778,"host_wait_ns":2936193,"cuda_graph_span_ns":2940128.088,"event_status":0,"launch_status":0,"completion_status":0}
{"schema":"riley.owned-graph-diagnostic.v1","kind":"projection","capture_id":1,"replay_id":167,"position":7,"layer":0,"projection":"gate","operator":"override","cuda_span_ns":11264.000,"event_status":0,"launch_status":0,"completion_status":0}
{"schema":"riley.owned-graph-diagnostic.v1","kind":"read","capture_id":1,"replay_id":167,"host_read_bytes":98344,"host_read_ns":4528}
{"schema":"riley.owned-graph-diagnostic.v1","kind":"replay","capture_id":1,"replay_id":168,"position":8,"host_staging_bytes":98344,"event_setup_ns":446,"host_staging_ns":1530,"host_launch_ns":7132,"host_wait_ns":2968273,"cuda_graph_span_ns":2972575.903,"event_status":0,"launch_status":0,"completion_status":0}
{"schema":"riley.owned-graph-diagnostic.v1","kind":"projection","capture_id":1,"replay_id":168,"position":8,"layer":0,"projection":"gate","operator":"override","cuda_span_ns":10240.000,"event_status":0,"launch_status":0,"completion_status":0}
{"schema":"riley.owned-graph-diagnostic.v1","kind":"read","capture_id":1,"replay_id":168,"host_read_bytes":98344,"host_read_ns":4551}
{"schema":"riley.owned-graph-diagnostic.v1","kind":"replay","capture_id":1,"replay_id":169,"position":9,"host_staging_bytes":98344,"event_setup_ns":350,"host_staging_ns":1527,"host_launch_ns":6560,"host_wait_ns":3003097,"cuda_graph_span_ns":3006943.941,"event_status":0,"launch_status":0,"completion_status":0}
{"schema":"riley.owned-graph-diagnostic.v1","kind":"projection","capture_id":1,"replay_id":169,"position":9,"layer":0,"projection":"gate","operator":"override","cuda_span_ns":10240.000,"event_status":0,"launch_status":0,"completion_status":0}
{"schema":"riley.owned-graph-diagnostic.v1","kind":"read","capture_id":1,"replay_id":169,"host_read_bytes":98344,"host_read_ns":4584}
{"schema":"riley.owned-graph-diagnostic.v1","kind":"replay","capture_id":1,"replay_id":170,"position":10,"host_staging_bytes":98344,"event_setup_ns":337,"host_staging_ns":1526,"host_launch_ns":6913,"host_wait_ns":3011106,"cuda_graph_span_ns":3015007.973,"event_status":0,"launch_status":0,"completion_status":0}
{"schema":"riley.owned-graph-diagnostic.v1","kind":"projection","capture_id":1,"replay_id":170,"position":10,"layer":0,"projection":"gate","operator":"override","cuda_span_ns":10240.000,"event_status":0,"launch_status":0,"completion_status":0}
{"schema":"riley.owned-graph-diagnostic.v1","kind":"read","capture_id":1,"replay_id":170,"host_read_bytes":98344,"host_read_ns":4602}
{"schema":"riley.owned-graph-diagnostic.v1","kind":"replay","capture_id":1,"replay_id":171,"position":11,"host_staging_bytes":98344,"event_setup_ns":318,"host_staging_ns":1511,"host_launch_ns":6889,"host_wait_ns":3021582,"cuda_graph_span_ns":3025759.935,"event_status":0,"launch_status":0,"completion_status":0}
{"schema":"riley.owned-graph-diagnostic.v1","kind":"projection","capture_id":1,"replay_id":171,"position":11,"layer":0,"projection":"gate","operator":"override","cuda_span_ns":10240.000,"event_status":0,"launch_status":0,"completion_status":0}
{"schema":"riley.owned-graph-diagnostic.v1","kind":"read","capture_id":1,"replay_id":171,"host_read_bytes":98344,"host_read_ns":5158}
{"schema":"riley.owned-graph-diagnostic.v1","kind":"replay","capture_id":1,"replay_id":172,"position":12,"host_staging_bytes":98344,"event_setup_ns":372,"host_staging_ns":1509,"host_launch_ns":6479,"host_wait_ns":3018500,"cuda_graph_span_ns":3022111.893,"event_status":0,"launch_status":0,"completion_status":0}
{"schema":"riley.owned-graph-diagnostic.v1","kind":"projection","capture_id":1,"replay_id":172,"position":12,"layer":0,"projection":"gate","operator":"override","cuda_span_ns":11264.000,"event_status":0,"launch_status":0,"completion_status":0}
{"schema":"riley.owned-graph-diagnostic.v1","kind":"read","capture_id":1,"replay_id":172,"host_read_bytes":98344,"host_read_ns":4669}
{"schema":"riley.owned-graph-diagnostic.v1","kind":"replay","capture_id":1,"replay_id":173,"position":13,"host_staging_bytes":98344,"event_setup_ns":352,"host_staging_ns":1521,"host_launch_ns":6744,"host_wait_ns":3018527,"cuda_graph_span_ns":3022176.027,"event_status":0,"launch_status":0,"completion_status":0}
{"schema":"riley.owned-graph-diagnostic.v1","kind":"projection","capture_id":1,"replay_id":173,"position":13,"layer":0,"projection":"gate","operator":"override","cuda_span_ns":10240.000,"event_status":0,"launch_status":0,"completion_status":0}
{"schema":"riley.owned-graph-diagnostic.v1","kind":"read","capture_id":1,"replay_id":173,"host_read_bytes":98344,"host_read_ns":4432}
{"schema":"riley.owned-graph-diagnostic.v1","kind":"replay","capture_id":1,"replay_id":174,"position":14,"host_staging_bytes":98344,"event_setup_ns":458,"host_staging_ns":1519,"host_launch_ns":6456,"host_wait_ns":3011492,"cuda_graph_span_ns":3015232.086,"event_status":0,"launch_status":0,"completion_status":0}
{"schema":"riley.owned-graph-diagnostic.v1","kind":"projection","capture_id":1,"replay_id":174,"position":14,"layer":0,"projection":"gate","operator":"override","cuda_span_ns":10240.000,"event_status":0,"launch_status":0,"completion_status":0}
{"schema":"riley.owned-graph-diagnostic.v1","kind":"read","capture_id":1,"replay_id":174,"host_read_bytes":98344,"host_read_ns":4142}
{"schema":"riley.owned-graph-diagnostic.v1","kind":"replay","capture_id":1,"replay_id":175,"position":15,"host_staging_bytes":98344,"event_setup_ns":376,"host_staging_ns":1527,"host_launch_ns":6814,"host_wait_ns":3009330,"cuda_graph_span_ns":3013439.894,"event_status":0,"launch_status":0,"completion_status":0}
{"schema":"riley.owned-graph-diagnostic.v1","kind":"projection","capture_id":1,"replay_id":175,"position":15,"layer":0,"projection":"gate","operator":"override","cuda_span_ns":10240.000,"event_status":0,"launch_status":0,"completion_status":0}
{"schema":"riley.owned-graph-diagnostic.v1","kind":"read","capture_id":1,"replay_id":175,"host_read_bytes":98344,"host_read_ns":4853}
{"schema":"riley.owned-graph-diagnostic.v1","kind":"replay","capture_id":1,"replay_id":176,"position":16,"host_staging_bytes":98344,"event_setup_ns":404,"host_staging_ns":1525,"host_launch_ns":6840,"host_wait_ns":3078570,"cuda_graph_span_ns":3082655.907,"event_status":0,"launch_status":0,"completion_status":0}
{"schema":"riley.owned-graph-diagnostic.v1","kind":"projection","capture_id":1,"replay_id":176,"position":16,"layer":0,"projection":"gate","operator":"override","cuda_span_ns":10240.000,"event_status":0,"launch_status":0,"completion_status":0}
{"schema":"riley.owned-graph-diagnostic.v1","kind":"read","capture_id":1,"replay_id":176,"host_read_bytes":98344,"host_read_ns":4653}
{"schema":"riley.owned-graph-diagnostic.v1","kind":"replay","capture_id":1,"replay_id":177,"position":17,"host_staging_bytes":98344,"event_setup_ns":355,"host_staging_ns":1523,"host_launch_ns":6595,"host_wait_ns":3110500,"cuda_graph_span_ns":3114336.014,"event_status":0,"launch_status":0,"completion_status":0}
{"schema":"riley.owned-graph-diagnostic.v1","kind":"projection","capture_id":1,"replay_id":177,"position":17,"layer":0,"projection":"gate","operator":"override","cuda_span_ns":10240.000,"event_status":0,"launch_status":0,"completion_status":0}
{"schema":"riley.owned-graph-diagnostic.v1","kind":"read","capture_id":1,"replay_id":177,"host_read_bytes":98344,"host_read_ns":4496}
{"schema":"riley.owned-graph-diagnostic.v1","kind":"replay","capture_id":1,"replay_id":178,"position":18,"host_staging_bytes":98344,"event_setup_ns":319,"host_staging_ns":1524,"host_launch_ns":6906,"host_wait_ns":3118377,"cuda_graph_span_ns":3122720.003,"event_status":0,"launch_status":0,"completion_status":0}
{"schema":"riley.owned-graph-diagnostic.v1","kind":"projection","capture_id":1,"replay_id":178,"position":18,"layer":0,"projection":"gate","operator":"override","cuda_span_ns":10240.000,"event_status":0,"launch_status":0,"completion_status":0}
{"schema":"riley.owned-graph-diagnostic.v1","kind":"read","capture_id":1,"replay_id":178,"host_read_bytes":98344,"host_read_ns":4999}
{"schema":"riley.owned-graph-diagnostic.v1","kind":"replay","capture_id":1,"replay_id":179,"position":19,"host_staging_bytes":98344,"event_setup_ns":334,"host_staging_ns":1533,"host_launch_ns":6549,"host_wait_ns":3117768,"cuda_graph_span_ns":3121407.986,"event_status":0,"launch_status":0,"completion_status":0}
{"schema":"riley.owned-graph-diagnostic.v1","kind":"projection","capture_id":1,"replay_id":179,"position":19,"layer":0,"projection":"gate","operator":"override","cuda_span_ns":10240.000,"event_status":0,"launch_status":0,"completion_status":0}
{"schema":"riley.owned-graph-diagnostic.v1","kind":"read","capture_id":1,"replay_id":179,"host_read_bytes":98344,"host_read_ns":4523}
{"schema":"riley.owned-graph-diagnostic.v1","kind":"replay","capture_id":1,"replay_id":180,"position":20,"host_staging_bytes":98344,"event_setup_ns":351,"host_staging_ns":1523,"host_launch_ns":6735,"host_wait_ns":3125076,"cuda_graph_span_ns":3129024.029,"event_status":0,"launch_status":0,"completion_status":0}
{"schema":"riley.owned-graph-diagnostic.v1","kind":"projection","capture_id":1,"replay_id":180,"position":20,"layer":0,"projection":"gate","operator":"override","cuda_span_ns":11264.000,"event_status":0,"launch_status":0,"completion_status":0}
{"schema":"riley.owned-graph-diagnostic.v1","kind":"read","capture_id":1,"replay_id":180,"host_read_bytes":98344,"host_read_ns":4786}
{"schema":"riley.owned-graph-diagnostic.v1","kind":"replay","capture_id":1,"replay_id":181,"position":21,"host_staging_bytes":98344,"event_setup_ns":398,"host_staging_ns":1532,"host_launch_ns":6523,"host_wait_ns":3129209,"cuda_graph_span_ns":3132927.895,"event_status":0,"launch_status":0,"completion_status":0}
{"schema":"riley.owned-graph-diagnostic.v1","kind":"projection","capture_id":1,"replay_id":181,"position":21,"layer":0,"projection":"gate","operator":"override","cuda_span_ns":11264.000,"event_status":0,"launch_status":0,"completion_status":0}
{"schema":"riley.owned-graph-diagnostic.v1","kind":"read","capture_id":1,"replay_id":181,"host_read_bytes":98344,"host_read_ns":4282}
{"schema":"riley.owned-graph-diagnostic.v1","kind":"replay","capture_id":1,"replay_id":182,"position":22,"host_staging_bytes":98344,"event_setup_ns":447,"host_staging_ns":1508,"host_launch_ns":6606,"host_wait_ns":3124647,"cuda_graph_span_ns":3128416.061,"event_status":0,"launch_status":0,"completion_status":0}
{"schema":"riley.owned-graph-diagnostic.v1","kind":"projection","capture_id":1,"replay_id":182,"position":22,"layer":0,"projection":"gate","operator":"override","cuda_span_ns":10240.000,"event_status":0,"launch_status":0,"completion_status":0}
{"schema":"riley.owned-graph-diagnostic.v1","kind":"read","capture_id":1,"replay_id":182,"host_read_bytes":98344,"host_read_ns":4555}
{"schema":"riley.owned-graph-diagnostic.v1","kind":"replay","capture_id":1,"replay_id":183,"position":23,"host_staging_bytes":98344,"event_setup_ns":311,"host_staging_ns":1529,"host_launch_ns":6568,"host_wait_ns":3118782,"cuda_graph_span_ns":3122688.055,"event_status":0,"launch_status":0,"completion_status":0}
{"schema":"riley.owned-graph-diagnostic.v1","kind":"projection","capture_id":1,"replay_id":183,"position":23,"layer":0,"projection":"gate","operator":"override","cuda_span_ns":11264.000,"event_status":0,"launch_status":0,"completion_status":0}
{"schema":"riley.owned-graph-diagnostic.v1","kind":"read","capture_id":1,"replay_id":183,"host_read_bytes":98344,"host_read_ns":4462}
{"schema":"riley.owned-graph-diagnostic.v1","kind":"replay","capture_id":1,"replay_id":184,"position":24,"host_staging_bytes":98344,"event_setup_ns":411,"host_staging_ns":1531,"host_launch_ns":6843,"host_wait_ns":3167343,"cuda_graph_span_ns":3171583.891,"event_status":0,"launch_status":0,"completion_status":0}
{"schema":"riley.owned-graph-diagnostic.v1","kind":"projection","capture_id":1,"replay_id":184,"position":24,"layer":0,"projection":"gate","operator":"override","cuda_span_ns":10240.000,"event_status":0,"launch_status":0,"completion_status":0}
{"schema":"riley.owned-graph-diagnostic.v1","kind":"read","capture_id":1,"replay_id":184,"host_read_bytes":98344,"host_read_ns":4903}
{"schema":"riley.owned-graph-diagnostic.v1","kind":"replay","capture_id":1,"replay_id":185,"position":25,"host_staging_bytes":98344,"event_setup_ns":508,"host_staging_ns":1520,"host_launch_ns":6827,"host_wait_ns":3197258,"cuda_graph_span_ns":3201215.982,"event_status":0,"launch_status":0,"completion_status":0}
{"schema":"riley.owned-graph-diagnostic.v1","kind":"projection","capture_id":1,"replay_id":185,"position":25,"layer":0,"projection":"gate","operator":"override","cuda_span_ns":10240.000,"event_status":0,"launch_status":0,"completion_status":0}
{"schema":"riley.owned-graph-diagnostic.v1","kind":"read","capture_id":1,"replay_id":185,"host_read_bytes":98344,"host_read_ns":4510}
{"schema":"riley.owned-graph-diagnostic.v1","kind":"replay","capture_id":1,"replay_id":186,"position":26,"host_staging_bytes":98344,"event_setup_ns":315,"host_staging_ns":1524,"host_launch_ns":6571,"host_wait_ns":3205929,"cuda_graph_span_ns":3209887.981,"event_status":0,"launch_status":0,"completion_status":0}
{"schema":"riley.owned-graph-diagnostic.v1","kind":"projection","capture_id":1,"replay_id":186,"position":26,"layer":0,"projection":"gate","operator":"override","cuda_span_ns":10240.000,"event_status":0,"launch_status":0,"completion_status":0}
{"schema":"riley.owned-graph-diagnostic.v1","kind":"read","capture_id":1,"replay_id":186,"host_read_bytes":98344,"host_read_ns":4709}
{"schema":"riley.owned-graph-diagnostic.v1","kind":"replay","capture_id":1,"replay_id":187,"position":27,"host_staging_bytes":98344,"event_setup_ns":454,"host_staging_ns":1538,"host_launch_ns":6911,"host_wait_ns":3205901,"cuda_graph_span_ns":3210112.095,"event_status":0,"launch_status":0,"completion_status":0}
{"schema":"riley.owned-graph-diagnostic.v1","kind":"projection","capture_id":1,"replay_id":187,"position":27,"layer":0,"projection":"gate","operator":"override","cuda_span_ns":11264.000,"event_status":0,"launch_status":0,"completion_status":0}
{"schema":"riley.owned-graph-diagnostic.v1","kind":"read","capture_id":1,"replay_id":187,"host_read_bytes":98344,"host_read_ns":5002}
{"schema":"riley.owned-graph-diagnostic.v1","kind":"replay","capture_id":1,"replay_id":188,"position":28,"host_staging_bytes":98344,"event_setup_ns":557,"host_staging_ns":1549,"host_launch_ns":7498,"host_wait_ns":3208979,"cuda_graph_span_ns":3213471.889,"event_status":0,"launch_status":0,"completion_status":0}
{"schema":"riley.owned-graph-diagnostic.v1","kind":"projection","capture_id":1,"replay_id":188,"position":28,"layer":0,"projection":"gate","operator":"override","cuda_span_ns":10240.000,"event_status":0,"launch_status":0,"completion_status":0}
{"schema":"riley.owned-graph-diagnostic.v1","kind":"read","capture_id":1,"replay_id":188,"host_read_bytes":98344,"host_read_ns":4739}
{"schema":"riley.owned-graph-diagnostic.v1","kind":"replay","capture_id":1,"replay_id":189,"position":29,"host_staging_bytes":98344,"event_setup_ns":425,"host_staging_ns":1533,"host_launch_ns":7367,"host_wait_ns":3208883,"cuda_graph_span_ns":3213407.993,"event_status":0,"launch_status":0,"completion_status":0}
{"schema":"riley.owned-graph-diagnostic.v1","kind":"projection","capture_id":1,"replay_id":189,"position":29,"layer":0,"projection":"gate","operator":"override","cuda_span_ns":10240.000,"event_status":0,"launch_status":0,"completion_status":0}
{"schema":"riley.owned-graph-diagnostic.v1","kind":"read","capture_id":1,"replay_id":189,"host_read_bytes":98344,"host_read_ns":4901}
{"schema":"riley.owned-graph-diagnostic.v1","kind":"replay","capture_id":1,"replay_id":190,"position":30,"host_staging_bytes":98344,"event_setup_ns":427,"host_staging_ns":1545,"host_launch_ns":7147,"host_wait_ns":3206173,"cuda_graph_span_ns":3210623.980,"event_status":0,"launch_status":0,"completion_status":0}
{"schema":"riley.owned-graph-diagnostic.v1","kind":"projection","capture_id":1,"replay_id":190,"position":30,"layer":0,"projection":"gate","operator":"override","cuda_span_ns":10240.000,"event_status":0,"launch_status":0,"completion_status":0}
{"schema":"riley.owned-graph-diagnostic.v1","kind":"read","capture_id":1,"replay_id":190,"host_read_bytes":98344,"host_read_ns":4671}
{"schema":"riley.owned-graph-diagnostic.v1","kind":"replay","capture_id":1,"replay_id":191,"position":31,"host_staging_bytes":98344,"event_setup_ns":410,"host_staging_ns":1519,"host_launch_ns":7081,"host_wait_ns":3205665,"cuda_graph_span_ns":3210112.095,"event_status":0,"launch_status":0,"completion_status":0}
{"schema":"riley.owned-graph-diagnostic.v1","kind":"projection","capture_id":1,"replay_id":191,"position":31,"layer":0,"projection":"gate","operator":"override","cuda_span_ns":10240.000,"event_status":0,"launch_status":0,"completion_status":0}
{"schema":"riley.owned-graph-diagnostic.v1","kind":"read","capture_id":1,"replay_id":191,"host_read_bytes":98344,"host_read_ns":4548}
{"schema":"riley.owned-graph-diagnostic.v1","kind":"replay","capture_id":1,"replay_id":192,"position":32,"host_staging_bytes":98344,"event_setup_ns":383,"host_staging_ns":1505,"host_launch_ns":6943,"host_wait_ns":3266113,"cuda_graph_span_ns":3270495.892,"event_status":0,"launch_status":0,"completion_status":0}
{"schema":"riley.owned-graph-diagnostic.v1","kind":"projection","capture_id":1,"replay_id":192,"position":32,"layer":0,"projection":"gate","operator":"override","cuda_span_ns":10240.000,"event_status":0,"launch_status":0,"completion_status":0}
{"schema":"riley.owned-graph-diagnostic.v1","kind":"read","capture_id":1,"replay_id":192,"host_read_bytes":98344,"host_read_ns":4801}
{"schema":"riley.owned-graph-diagnostic.v1","kind":"replay","capture_id":1,"replay_id":193,"position":33,"host_staging_bytes":98344,"event_setup_ns":601,"host_staging_ns":1552,"host_launch_ns":7117,"host_wait_ns":3301834,"cuda_graph_span_ns":3305887.938,"event_status":0,"launch_status":0,"completion_status":0}
{"schema":"riley.owned-graph-diagnostic.v1","kind":"projection","capture_id":1,"replay_id":193,"position":33,"layer":0,"projection":"gate","operator":"override","cuda_span_ns":10240.000,"event_status":0,"launch_status":0,"completion_status":0}
{"schema":"riley.owned-graph-diagnostic.v1","kind":"read","capture_id":1,"replay_id":193,"host_read_bytes":98344,"host_read_ns":4816}
{"schema":"riley.owned-graph-diagnostic.v1","kind":"replay","capture_id":1,"replay_id":194,"position":34,"host_staging_bytes":98344,"event_setup_ns":385,"host_staging_ns":1517,"host_launch_ns":6738,"host_wait_ns":3313776,"cuda_graph_span_ns":3317696.095,"event_status":0,"launch_status":0,"completion_status":0}
{"schema":"riley.owned-graph-diagnostic.v1","kind":"projection","capture_id":1,"replay_id":194,"position":34,"layer":0,"projection":"gate","operator":"override","cuda_span_ns":11264.000,"event_status":0,"launch_status":0,"completion_status":0}
{"schema":"riley.owned-graph-diagnostic.v1","kind":"read","capture_id":1,"replay_id":194,"host_read_bytes":98344,"host_read_ns":3972}
{"schema":"riley.owned-graph-diagnostic.v1","kind":"replay","capture_id":1,"replay_id":195,"position":35,"host_staging_bytes":98344,"event_setup_ns":312,"host_staging_ns":1538,"host_launch_ns":6688,"host_wait_ns":3316820,"cuda_graph_span_ns":3320800.066,"event_status":0,"launch_status":0,"completion_status":0}
{"schema":"riley.owned-graph-diagnostic.v1","kind":"projection","capture_id":1,"replay_id":195,"position":35,"layer":0,"projection":"gate","operator":"override","cuda_span_ns":10240.000,"event_status":0,"launch_status":0,"completion_status":0}
{"schema":"riley.owned-graph-diagnostic.v1","kind":"read","capture_id":1,"replay_id":195,"host_read_bytes":98344,"host_read_ns":4360}
{"schema":"riley.owned-graph-diagnostic.v1","kind":"replay","capture_id":1,"replay_id":196,"position":36,"host_staging_bytes":98344,"event_setup_ns":364,"host_staging_ns":1517,"host_launch_ns":6848,"host_wait_ns":3315928,"cuda_graph_span_ns":3319871.902,"event_status":0,"launch_status":0,"completion_status":0}
{"schema":"riley.owned-graph-diagnostic.v1","kind":"projection","capture_id":1,"replay_id":196,"position":36,"layer":0,"projection":"gate","operator":"override","cuda_span_ns":11264.000,"event_status":0,"launch_status":0,"completion_status":0}
{"schema":"riley.owned-graph-diagnostic.v1","kind":"read","capture_id":1,"replay_id":196,"host_read_bytes":98344,"host_read_ns":4421}
{"schema":"riley.owned-graph-diagnostic.v1","kind":"replay","capture_id":1,"replay_id":197,"position":37,"host_staging_bytes":98344,"event_setup_ns":307,"host_staging_ns":1523,"host_launch_ns":6465,"host_wait_ns":3316905,"cuda_graph_span_ns":3320703.983,"event_status":0,"launch_status":0,"completion_status":0}
{"schema":"riley.owned-graph-diagnostic.v1","kind":"projection","capture_id":1,"replay_id":197,"position":37,"layer":0,"projection":"gate","operator":"override","cuda_span_ns":10240.000,"event_status":0,"launch_status":0,"completion_status":0}
{"schema":"riley.owned-graph-diagnostic.v1","kind":"read","capture_id":1,"replay_id":197,"host_read_bytes":98344,"host_read_ns":4906}
{"schema":"riley.owned-graph-diagnostic.v1","kind":"replay","capture_id":1,"replay_id":198,"position":38,"host_staging_bytes":98344,"event_setup_ns":332,"host_staging_ns":1529,"host_launch_ns":6814,"host_wait_ns":3306582,"cuda_graph_span_ns":3310623.884,"event_status":0,"launch_status":0,"completion_status":0}
{"schema":"riley.owned-graph-diagnostic.v1","kind":"projection","capture_id":1,"replay_id":198,"position":38,"layer":0,"projection":"gate","operator":"override","cuda_span_ns":10240.000,"event_status":0,"launch_status":0,"completion_status":0}
{"schema":"riley.owned-graph-diagnostic.v1","kind":"read","capture_id":1,"replay_id":198,"host_read_bytes":98344,"host_read_ns":4832}
{"schema":"riley.owned-graph-diagnostic.v1","kind":"replay","capture_id":1,"replay_id":199,"position":39,"host_staging_bytes":98344,"event_setup_ns":422,"host_staging_ns":1523,"host_launch_ns":6682,"host_wait_ns":3305825,"cuda_graph_span_ns":3309823.990,"event_status":0,"launch_status":0,"completion_status":0}
{"schema":"riley.owned-graph-diagnostic.v1","kind":"projection","capture_id":1,"replay_id":199,"position":39,"layer":0,"projection":"gate","operator":"override","cuda_span_ns":10240.000,"event_status":0,"launch_status":0,"completion_status":0}
{"schema":"riley.owned-graph-diagnostic.v1","kind":"read","capture_id":1,"replay_id":199,"host_read_bytes":98344,"host_read_ns":4715}
{"schema":"riley.owned-graph-diagnostic.v1","kind":"replay","capture_id":1,"replay_id":200,"position":40,"host_staging_bytes":98344,"event_setup_ns":384,"host_staging_ns":1516,"host_launch_ns":6961,"host_wait_ns":3357279,"cuda_graph_span_ns":3361407.995,"event_status":0,"launch_status":0,"completion_status":0}
{"schema":"riley.owned-graph-diagnostic.v1","kind":"projection","capture_id":1,"replay_id":200,"position":40,"layer":0,"projection":"gate","operator":"override","cuda_span_ns":10240.000,"event_status":0,"launch_status":0,"completion_status":0}
{"schema":"riley.owned-graph-diagnostic.v1","kind":"read","capture_id":1,"replay_id":200,"host_read_bytes":98344,"host_read_ns":3974}
{"schema":"riley.owned-graph-diagnostic.v1","kind":"replay","capture_id":1,"replay_id":201,"position":41,"host_staging_bytes":98344,"event_setup_ns":340,"host_staging_ns":1513,"host_launch_ns":6606,"host_wait_ns":3388090,"cuda_graph_span_ns":3391743.898,"event_status":0,"launch_status":0,"completion_status":0}
{"schema":"riley.owned-graph-diagnostic.v1","kind":"projection","capture_id":1,"replay_id":201,"position":41,"layer":0,"projection":"gate","operator":"override","cuda_span_ns":10240.000,"event_status":0,"launch_status":0,"completion_status":0}
{"schema":"riley.owned-graph-diagnostic.v1","kind":"read","capture_id":1,"replay_id":201,"host_read_bytes":98344,"host_read_ns":4434}
{"schema":"riley.owned-graph-diagnostic.v1","kind":"replay","capture_id":1,"replay_id":202,"position":42,"host_staging_bytes":98344,"event_setup_ns":295,"host_staging_ns":1517,"host_launch_ns":6859,"host_wait_ns":3398421,"cuda_graph_span_ns":3402591.944,"event_status":0,"launch_status":0,"completion_status":0}
{"schema":"riley.owned-graph-diagnostic.v1","kind":"projection","capture_id":1,"replay_id":202,"position":42,"layer":0,"projection":"gate","operator":"override","cuda_span_ns":10240.000,"event_status":0,"launch_status":0,"completion_status":0}
{"schema":"riley.owned-graph-diagnostic.v1","kind":"read","capture_id":1,"replay_id":202,"host_read_bytes":98344,"host_read_ns":4697}
{"schema":"riley.owned-graph-diagnostic.v1","kind":"replay","capture_id":1,"replay_id":203,"position":43,"host_staging_bytes":98344,"event_setup_ns":378,"host_staging_ns":1519,"host_launch_ns":6938,"host_wait_ns":3394736,"cuda_graph_span_ns":3398880.005,"event_status":0,"launch_status":0,"completion_status":0}
{"schema":"riley.owned-graph-diagnostic.v1","kind":"projection","capture_id":1,"replay_id":203,"position":43,"layer":0,"projection":"gate","operator":"override","cuda_span_ns":11264.000,"event_status":0,"launch_status":0,"completion_status":0}
{"schema":"riley.owned-graph-diagnostic.v1","kind":"read","capture_id":1,"replay_id":203,"host_read_bytes":98344,"host_read_ns":4698}
{"schema":"riley.owned-graph-diagnostic.v1","kind":"replay","capture_id":1,"replay_id":204,"position":44,"host_staging_bytes":98344,"event_setup_ns":314,"host_staging_ns":1536,"host_launch_ns":6633,"host_wait_ns":3398061,"cuda_graph_span_ns":3402080.059,"event_status":0,"launch_status":0,"completion_status":0}
{"schema":"riley.owned-graph-diagnostic.v1","kind":"projection","capture_id":1,"replay_id":204,"position":44,"layer":0,"projection":"gate","operator":"override","cuda_span_ns":10240.000,"event_status":0,"launch_status":0,"completion_status":0}
{"schema":"riley.owned-graph-diagnostic.v1","kind":"read","capture_id":1,"replay_id":204,"host_read_bytes":98344,"host_read_ns":4291}
{"schema":"riley.owned-graph-diagnostic.v1","kind":"replay","capture_id":1,"replay_id":205,"position":45,"host_staging_bytes":98344,"event_setup_ns":392,"host_staging_ns":1519,"host_launch_ns":6714,"host_wait_ns":3398620,"cuda_graph_span_ns":3402688.026,"event_status":0,"launch_status":0,"completion_status":0}
{"schema":"riley.owned-graph-diagnostic.v1","kind":"projection","capture_id":1,"replay_id":205,"position":45,"layer":0,"projection":"gate","operator":"override","cuda_span_ns":10240.000,"event_status":0,"launch_status":0,"completion_status":0}
{"schema":"riley.owned-graph-diagnostic.v1","kind":"read","capture_id":1,"replay_id":205,"host_read_bytes":98344,"host_read_ns":4817}
{"schema":"riley.owned-graph-diagnostic.v1","kind":"replay","capture_id":1,"replay_id":206,"position":46,"host_staging_bytes":98344,"event_setup_ns":327,"host_staging_ns":1526,"host_launch_ns":6886,"host_wait_ns":3395597,"cuda_graph_span_ns":3399712.086,"event_status":0,"launch_status":0,"completion_status":0}
{"schema":"riley.owned-graph-diagnostic.v1","kind":"projection","capture_id":1,"replay_id":206,"position":46,"layer":0,"projection":"gate","operator":"override","cuda_span_ns":11264.000,"event_status":0,"launch_status":0,"completion_status":0}
{"schema":"riley.owned-graph-diagnostic.v1","kind":"read","capture_id":1,"replay_id":206,"host_read_bytes":98344,"host_read_ns":4521}
{"schema":"riley.owned-graph-diagnostic.v1","kind":"replay","capture_id":1,"replay_id":207,"position":47,"host_staging_bytes":98344,"event_setup_ns":355,"host_staging_ns":1528,"host_launch_ns":6621,"host_wait_ns":3394928,"cuda_graph_span_ns":3398976.088,"event_status":0,"launch_status":0,"completion_status":0}
{"schema":"riley.owned-graph-diagnostic.v1","kind":"projection","capture_id":1,"replay_id":207,"position":47,"layer":0,"projection":"gate","operator":"override","cuda_span_ns":10240.000,"event_status":0,"launch_status":0,"completion_status":0}
{"schema":"riley.owned-graph-diagnostic.v1","kind":"read","capture_id":1,"replay_id":207,"host_read_bytes":98344,"host_read_ns":4085}
{"schema":"riley.owned-graph-diagnostic.v1","kind":"replay","capture_id":1,"replay_id":208,"position":48,"host_staging_bytes":98344,"event_setup_ns":314,"host_staging_ns":1534,"host_launch_ns":6468,"host_wait_ns":3462534,"cuda_graph_span_ns":3466336.012,"event_status":0,"launch_status":0,"completion_status":0}
{"schema":"riley.owned-graph-diagnostic.v1","kind":"projection","capture_id":1,"replay_id":208,"position":48,"layer":0,"projection":"gate","operator":"override","cuda_span_ns":10240.000,"event_status":0,"launch_status":0,"completion_status":0}
{"schema":"riley.owned-graph-diagnostic.v1","kind":"read","capture_id":1,"replay_id":208,"host_read_bytes":98344,"host_read_ns":4647}
{"schema":"riley.owned-graph-diagnostic.v1","kind":"replay","capture_id":1,"replay_id":209,"position":49,"host_staging_bytes":98344,"event_setup_ns":306,"host_staging_ns":1516,"host_launch_ns":6787,"host_wait_ns":3491778,"cuda_graph_span_ns":3495712.042,"event_status":0,"launch_status":0,"completion_status":0}
{"schema":"riley.owned-graph-diagnostic.v1","kind":"projection","capture_id":1,"replay_id":209,"position":49,"layer":0,"projection":"gate","operator":"override","cuda_span_ns":10240.000,"event_status":0,"launch_status":0,"completion_status":0}
{"schema":"riley.owned-graph-diagnostic.v1","kind":"read","capture_id":1,"replay_id":209,"host_read_bytes":98344,"host_read_ns":4536}
{"schema":"riley.owned-graph-diagnostic.v1","kind":"replay","capture_id":1,"replay_id":210,"position":50,"host_staging_bytes":98344,"event_setup_ns":315,"host_staging_ns":1527,"host_launch_ns":7056,"host_wait_ns":3500441,"cuda_graph_span_ns":3504800.081,"event_status":0,"launch_status":0,"completion_status":0}
{"schema":"riley.owned-graph-diagnostic.v1","kind":"projection","capture_id":1,"replay_id":210,"position":50,"layer":0,"projection":"gate","operator":"override","cuda_span_ns":10240.000,"event_status":0,"launch_status":0,"completion_status":0}
{"schema":"riley.owned-graph-diagnostic.v1","kind":"read","capture_id":1,"replay_id":210,"host_read_bytes":98344,"host_read_ns":4514}
{"schema":"riley.owned-graph-diagnostic.v1","kind":"replay","capture_id":1,"replay_id":211,"position":51,"host_staging_bytes":98344,"event_setup_ns":377,"host_staging_ns":1531,"host_launch_ns":6656,"host_wait_ns":3502876,"cuda_graph_span_ns":3506527.901,"event_status":0,"launch_status":0,"completion_status":0}
{"schema":"riley.owned-graph-diagnostic.v1","kind":"projection","capture_id":1,"replay_id":211,"position":51,"layer":0,"projection":"gate","operator":"override","cuda_span_ns":11264.000,"event_status":0,"launch_status":0,"completion_status":0}
{"schema":"riley.owned-graph-diagnostic.v1","kind":"read","capture_id":1,"replay_id":211,"host_read_bytes":98344,"host_read_ns":4599}
{"schema":"riley.owned-graph-diagnostic.v1","kind":"replay","capture_id":1,"replay_id":212,"position":52,"host_staging_bytes":98344,"event_setup_ns":325,"host_staging_ns":1518,"host_launch_ns":6747,"host_wait_ns":3503946,"cuda_graph_span_ns":3507872.105,"event_status":0,"launch_status":0,"completion_status":0}
{"schema":"riley.owned-graph-diagnostic.v1","kind":"projection","capture_id":1,"replay_id":212,"position":52,"layer":0,"projection":"gate","operator":"override","cuda_span_ns":10240.000,"event_status":0,"launch_status":0,"completion_status":0}
{"schema":"riley.owned-graph-diagnostic.v1","kind":"read","capture_id":1,"replay_id":212,"host_read_bytes":98344,"host_read_ns":4591}
{"schema":"riley.owned-graph-diagnostic.v1","kind":"replay","capture_id":1,"replay_id":213,"position":53,"host_staging_bytes":98344,"event_setup_ns":313,"host_staging_ns":1508,"host_launch_ns":6604,"host_wait_ns":3511545,"cuda_graph_span_ns":3515424.013,"event_status":0,"launch_status":0,"completion_status":0}
{"schema":"riley.owned-graph-diagnostic.v1","kind":"projection","capture_id":1,"replay_id":213,"position":53,"layer":0,"projection":"gate","operator":"override","cuda_span_ns":10240.000,"event_status":0,"launch_status":0,"completion_status":0}
{"schema":"riley.owned-graph-diagnostic.v1","kind":"read","capture_id":1,"replay_id":213,"host_read_bytes":98344,"host_read_ns":4604}
{"schema":"riley.owned-graph-diagnostic.v1","kind":"replay","capture_id":1,"replay_id":214,"position":54,"host_staging_bytes":98344,"event_setup_ns":320,"host_staging_ns":1534,"host_launch_ns":6837,"host_wait_ns":3512281,"cuda_graph_span_ns":3516288.042,"event_status":0,"launch_status":0,"completion_status":0}
{"schema":"riley.owned-graph-diagnostic.v1","kind":"projection","capture_id":1,"replay_id":214,"position":54,"layer":0,"projection":"gate","operator":"override","cuda_span_ns":11264.000,"event_status":0,"launch_status":0,"completion_status":0}
{"schema":"riley.owned-graph-diagnostic.v1","kind":"read","capture_id":1,"replay_id":214,"host_read_bytes":98344,"host_read_ns":4953}
{"schema":"riley.owned-graph-diagnostic.v1","kind":"replay","capture_id":1,"replay_id":215,"position":55,"host_staging_bytes":98344,"event_setup_ns":404,"host_staging_ns":1572,"host_launch_ns":7794,"host_wait_ns":3503570,"cuda_graph_span_ns":3508480.072,"event_status":0,"launch_status":0,"completion_status":0}
{"schema":"riley.owned-graph-diagnostic.v1","kind":"projection","capture_id":1,"replay_id":215,"position":55,"layer":0,"projection":"gate","operator":"override","cuda_span_ns":11264.000,"event_status":0,"launch_status":0,"completion_status":0}
{"schema":"riley.owned-graph-diagnostic.v1","kind":"read","capture_id":1,"replay_id":215,"host_read_bytes":98344,"host_read_ns":4823}
{"schema":"riley.owned-graph-diagnostic.v1","kind":"replay","capture_id":1,"replay_id":216,"position":56,"host_staging_bytes":98344,"event_setup_ns":310,"host_staging_ns":1554,"host_launch_ns":7031,"host_wait_ns":3544558,"cuda_graph_span_ns":3548928.022,"event_status":0,"launch_status":0,"completion_status":0}
{"schema":"riley.owned-graph-diagnostic.v1","kind":"projection","capture_id":1,"replay_id":216,"position":56,"layer":0,"projection":"gate","operator":"override","cuda_span_ns":10240.000,"event_status":0,"launch_status":0,"completion_status":0}
{"schema":"riley.owned-graph-diagnostic.v1","kind":"read","capture_id":1,"replay_id":216,"host_read_bytes":98344,"host_read_ns":4801}
{"schema":"riley.owned-graph-diagnostic.v1","kind":"replay","capture_id":1,"replay_id":217,"position":57,"host_staging_bytes":98344,"event_setup_ns":458,"host_staging_ns":1535,"host_launch_ns":7268,"host_wait_ns":3576743,"cuda_graph_span_ns":3581279.993,"event_status":0,"launch_status":0,"completion_status":0}
{"schema":"riley.owned-graph-diagnostic.v1","kind":"projection","capture_id":1,"replay_id":217,"position":57,"layer":0,"projection":"gate","operator":"override","cuda_span_ns":11264.000,"event_status":0,"launch_status":0,"completion_status":0}
{"schema":"riley.owned-graph-diagnostic.v1","kind":"read","capture_id":1,"replay_id":217,"host_read_bytes":98344,"host_read_ns":4456}
{"schema":"riley.owned-graph-diagnostic.v1","kind":"replay","capture_id":1,"replay_id":218,"position":58,"host_staging_bytes":98344,"event_setup_ns":432,"host_staging_ns":1538,"host_launch_ns":7443,"host_wait_ns":3586643,"cuda_graph_span_ns":3590847.969,"event_status":0,"launch_status":0,"completion_status":0}
{"schema":"riley.owned-graph-diagnostic.v1","kind":"projection","capture_id":1,"replay_id":218,"position":58,"layer":0,"projection":"gate","operator":"override","cuda_span_ns":10240.000,"event_status":0,"launch_status":0,"completion_status":0}
{"schema":"riley.owned-graph-diagnostic.v1","kind":"read","capture_id":1,"replay_id":218,"host_read_bytes":98344,"host_read_ns":4456}
{"schema":"riley.owned-graph-diagnostic.v1","kind":"replay","capture_id":1,"replay_id":219,"position":59,"host_staging_bytes":98344,"event_setup_ns":388,"host_staging_ns":1554,"host_launch_ns":7378,"host_wait_ns":3586815,"cuda_graph_span_ns":3591360.092,"event_status":0,"launch_status":0,"completion_status":0}
{"schema":"riley.owned-graph-diagnostic.v1","kind":"projection","capture_id":1,"replay_id":219,"position":59,"layer":0,"projection":"gate","operator":"override","cuda_span_ns":10240.000,"event_status":0,"launch_status":0,"completion_status":0}
{"schema":"riley.owned-graph-diagnostic.v1","kind":"read","capture_id":1,"replay_id":219,"host_read_bytes":98344,"host_read_ns":5014}
{"schema":"riley.owned-graph-diagnostic.v1","kind":"replay","capture_id":1,"replay_id":220,"position":60,"host_staging_bytes":98344,"event_setup_ns":437,"host_staging_ns":1721,"host_launch_ns":8087,"host_wait_ns":3585409,"cuda_graph_span_ns":3590656.042,"event_status":0,"launch_status":0,"completion_status":0}
{"schema":"riley.owned-graph-diagnostic.v1","kind":"projection","capture_id":1,"replay_id":220,"position":60,"layer":0,"projection":"gate","operator":"override","cuda_span_ns":10240.000,"event_status":0,"launch_status":0,"completion_status":0}
{"schema":"riley.owned-graph-diagnostic.v1","kind":"read","capture_id":1,"replay_id":220,"host_read_bytes":98344,"host_read_ns":4620}
{"schema":"riley.owned-graph-diagnostic.v1","kind":"replay","capture_id":1,"replay_id":221,"position":61,"host_staging_bytes":98344,"event_setup_ns":547,"host_staging_ns":1747,"host_launch_ns":7957,"host_wait_ns":3595520,"cuda_graph_span_ns":3600224.018,"event_status":0,"launch_status":0,"completion_status":0}
{"schema":"riley.owned-graph-diagnostic.v1","kind":"projection","capture_id":1,"replay_id":221,"position":61,"layer":0,"projection":"gate","operator":"override","cuda_span_ns":11264.000,"event_status":0,"launch_status":0,"completion_status":0}
{"schema":"riley.owned-graph-diagnostic.v1","kind":"read","capture_id":1,"replay_id":221,"host_read_bytes":98344,"host_read_ns":5459}
{"schema":"riley.owned-graph-diagnostic.v1","kind":"replay","capture_id":1,"replay_id":222,"position":62,"host_staging_bytes":98344,"event_setup_ns":719,"host_staging_ns":1899,"host_launch_ns":7882,"host_wait_ns":3583023,"cuda_graph_span_ns":3587840.080,"event_status":0,"launch_status":0,"completion_status":0}
{"schema":"riley.owned-graph-diagnostic.v1","kind":"projection","capture_id":1,"replay_id":222,"position":62,"layer":0,"projection":"gate","operator":"override","cuda_span_ns":10240.000,"event_status":0,"launch_status":0,"completion_status":0}
{"schema":"riley.owned-graph-diagnostic.v1","kind":"read","capture_id":1,"replay_id":222,"host_read_bytes":98344,"host_read_ns":4883}
{"schema":"riley.owned-graph-diagnostic.v1","kind":"replay","capture_id":1,"replay_id":223,"position":63,"host_staging_bytes":98344,"event_setup_ns":404,"host_staging_ns":1760,"host_launch_ns":6872,"host_wait_ns":3584244,"cuda_graph_span_ns":3588288.069,"event_status":0,"launch_status":0,"completion_status":0}
{"schema":"riley.owned-graph-diagnostic.v1","kind":"projection","capture_id":1,"replay_id":223,"position":63,"layer":0,"projection":"gate","operator":"override","cuda_span_ns":10240.000,"event_status":0,"launch_status":0,"completion_status":0}
{"schema":"riley.owned-graph-diagnostic.v1","kind":"read","capture_id":1,"replay_id":223,"host_read_bytes":98344,"host_read_ns":4868}
{"schema":"riley.owned-graph-diagnostic.v1","kind":"replay","capture_id":1,"replay_id":224,"position":64,"host_staging_bytes":98344,"event_setup_ns":586,"host_staging_ns":1587,"host_launch_ns":8027,"host_wait_ns":3649860,"cuda_graph_span_ns":3655168.056,"event_status":0,"launch_status":0,"completion_status":0}
{"schema":"riley.owned-graph-diagnostic.v1","kind":"projection","capture_id":1,"replay_id":224,"position":64,"layer":0,"projection":"gate","operator":"override","cuda_span_ns":10240.000,"event_status":0,"launch_status":0,"completion_status":0}
{"schema":"riley.owned-graph-diagnostic.v1","kind":"read","capture_id":1,"replay_id":224,"host_read_bytes":98344,"host_read_ns":5576}
{"schema":"riley.owned-graph-diagnostic.v1","kind":"replay","capture_id":1,"replay_id":225,"position":65,"host_staging_bytes":98344,"event_setup_ns":612,"host_staging_ns":1564,"host_launch_ns":7135,"host_wait_ns":3680913,"cuda_graph_span_ns":3685472.012,"event_status":0,"launch_status":0,"completion_status":0}
{"schema":"riley.owned-graph-diagnostic.v1","kind":"projection","capture_id":1,"replay_id":225,"position":65,"layer":0,"projection":"gate","operator":"override","cuda_span_ns":10240.000,"event_status":0,"launch_status":0,"completion_status":0}
{"schema":"riley.owned-graph-diagnostic.v1","kind":"read","capture_id":1,"replay_id":225,"host_read_bytes":98344,"host_read_ns":4848}
{"schema":"riley.owned-graph-diagnostic.v1","kind":"replay","capture_id":1,"replay_id":226,"position":66,"host_staging_bytes":98344,"event_setup_ns":398,"host_staging_ns":1560,"host_launch_ns":7079,"host_wait_ns":3696049,"cuda_graph_span_ns":3700256.109,"event_status":0,"launch_status":0,"completion_status":0}
{"schema":"riley.owned-graph-diagnostic.v1","kind":"projection","capture_id":1,"replay_id":226,"position":66,"layer":0,"projection":"gate","operator":"override","cuda_span_ns":11264.000,"event_status":0,"launch_status":0,"completion_status":0}
{"schema":"riley.owned-graph-diagnostic.v1","kind":"read","capture_id":1,"replay_id":226,"host_read_bytes":98344,"host_read_ns":4723}
{"schema":"riley.owned-graph-diagnostic.v1","kind":"replay","capture_id":1,"replay_id":227,"position":67,"host_staging_bytes":98344,"event_setup_ns":462,"host_staging_ns":1545,"host_launch_ns":7401,"host_wait_ns":3700376,"cuda_graph_span_ns":3705120.087,"event_status":0,"launch_status":0,"completion_status":0}
{"schema":"riley.owned-graph-diagnostic.v1","kind":"projection","capture_id":1,"replay_id":227,"position":67,"layer":0,"projection":"gate","operator":"override","cuda_span_ns":10240.000,"event_status":0,"launch_status":0,"completion_status":0}
{"schema":"riley.owned-graph-diagnostic.v1","kind":"read","capture_id":1,"replay_id":227,"host_read_bytes":98344,"host_read_ns":5397}
{"schema":"riley.owned-graph-diagnostic.v1","kind":"replay","capture_id":1,"replay_id":228,"position":68,"host_staging_bytes":98344,"event_setup_ns":436,"host_staging_ns":1548,"host_launch_ns":6967,"host_wait_ns":3689361,"cuda_graph_span_ns":3693536.043,"event_status":0,"launch_status":0,"completion_status":0}
{"schema":"riley.owned-graph-diagnostic.v1","kind":"projection","capture_id":1,"replay_id":228,"position":68,"layer":0,"projection":"gate","operator":"override","cuda_span_ns":10240.000,"event_status":0,"launch_status":0,"completion_status":0}
{"schema":"riley.owned-graph-diagnostic.v1","kind":"read","capture_id":1,"replay_id":228,"host_read_bytes":98344,"host_read_ns":4714}
{"schema":"riley.owned-graph-diagnostic.v1","kind":"replay","capture_id":1,"replay_id":229,"position":69,"host_staging_bytes":98344,"event_setup_ns":548,"host_staging_ns":1577,"host_launch_ns":7231,"host_wait_ns":3701894,"cuda_graph_span_ns":3705183.983,"event_status":0,"launch_status":0,"completion_status":0}
{"schema":"riley.owned-graph-diagnostic.v1","kind":"projection","capture_id":1,"replay_id":229,"position":69,"layer":0,"projection":"gate","operator":"override","cuda_span_ns":10240.000,"event_status":0,"launch_status":0,"completion_status":0}
{"schema":"riley.owned-graph-diagnostic.v1","kind":"read","capture_id":1,"replay_id":229,"host_read_bytes":98344,"host_read_ns":4997}
{"schema":"riley.owned-graph-diagnostic.v1","kind":"replay","capture_id":1,"replay_id":230,"position":70,"host_staging_bytes":98344,"event_setup_ns":778,"host_staging_ns":1569,"host_launch_ns":7684,"host_wait_ns":3698720,"cuda_graph_span_ns":3703520.060,"event_status":0,"launch_status":0,"completion_status":0}
{"schema":"riley.owned-graph-diagnostic.v1","kind":"projection","capture_id":1,"replay_id":230,"position":70,"layer":0,"projection":"gate","operator":"override","cuda_span_ns":11264.000,"event_status":0,"launch_status":0,"completion_status":0}
{"schema":"riley.owned-graph-diagnostic.v1","kind":"read","capture_id":1,"replay_id":230,"host_read_bytes":98344,"host_read_ns":4279}
{"schema":"riley.owned-graph-diagnostic.v1","kind":"replay","capture_id":1,"replay_id":231,"position":71,"host_staging_bytes":98344,"event_setup_ns":393,"host_staging_ns":1551,"host_launch_ns":6839,"host_wait_ns":3698620,"cuda_graph_span_ns":3702528.000,"event_status":0,"launch_status":0,"completion_status":0}
{"schema":"riley.owned-graph-diagnostic.v1","kind":"projection","capture_id":1,"replay_id":231,"position":71,"layer":0,"projection":"gate","operator":"override","cuda_span_ns":10240.000,"event_status":0,"launch_status":0,"completion_status":0}
{"schema":"riley.owned-graph-diagnostic.v1","kind":"read","capture_id":1,"replay_id":231,"host_read_bytes":98344,"host_read_ns":5151}
{"schema":"riley.owned-graph-diagnostic.v1","kind":"replay","capture_id":1,"replay_id":232,"position":72,"host_staging_bytes":98344,"event_setup_ns":439,"host_staging_ns":1547,"host_launch_ns":7245,"host_wait_ns":3739456,"cuda_graph_span_ns":3743808.031,"event_status":0,"launch_status":0,"completion_status":0}
{"schema":"riley.owned-graph-diagnostic.v1","kind":"projection","capture_id":1,"replay_id":232,"position":72,"layer":0,"projection":"gate","operator":"override","cuda_span_ns":10240.000,"event_status":0,"launch_status":0,"completion_status":0}
{"schema":"riley.owned-graph-diagnostic.v1","kind":"read","capture_id":1,"replay_id":232,"host_read_bytes":98344,"host_read_ns":4793}
{"schema":"riley.owned-graph-diagnostic.v1","kind":"replay","capture_id":1,"replay_id":233,"position":73,"host_staging_bytes":98344,"event_setup_ns":540,"host_staging_ns":1524,"host_launch_ns":7196,"host_wait_ns":3781758,"cuda_graph_span_ns":3786015.987,"event_status":0,"launch_status":0,"completion_status":0}
{"schema":"riley.owned-graph-diagnostic.v1","kind":"projection","capture_id":1,"replay_id":233,"position":73,"layer":0,"projection":"gate","operator":"override","cuda_span_ns":10240.000,"event_status":0,"launch_status":0,"completion_status":0}
{"schema":"riley.owned-graph-diagnostic.v1","kind":"read","capture_id":1,"replay_id":233,"host_read_bytes":98344,"host_read_ns":4678}
{"schema":"riley.owned-graph-diagnostic.v1","kind":"replay","capture_id":1,"replay_id":234,"position":74,"host_staging_bytes":98344,"event_setup_ns":385,"host_staging_ns":1559,"host_launch_ns":6926,"host_wait_ns":3782824,"cuda_graph_span_ns":3786815.882,"event_status":0,"launch_status":0,"completion_status":0}
{"schema":"riley.owned-graph-diagnostic.v1","kind":"projection","capture_id":1,"replay_id":234,"position":74,"layer":0,"projection":"gate","operator":"override","cuda_span_ns":11264.000,"event_status":0,"launch_status":0,"completion_status":0}
{"schema":"riley.owned-graph-diagnostic.v1","kind":"read","capture_id":1,"replay_id":234,"host_read_bytes":98344,"host_read_ns":4702}
{"schema":"riley.owned-graph-diagnostic.v1","kind":"replay","capture_id":1,"replay_id":235,"position":75,"host_staging_bytes":98344,"event_setup_ns":400,"host_staging_ns":1570,"host_launch_ns":7472,"host_wait_ns":3780494,"cuda_graph_span_ns":3784960.032,"event_status":0,"launch_status":0,"completion_status":0}
{"schema":"riley.owned-graph-diagnostic.v1","kind":"projection","capture_id":1,"replay_id":235,"position":75,"layer":0,"projection":"gate","operator":"override","cuda_span_ns":11264.000,"event_status":0,"launch_status":0,"completion_status":0}
{"schema":"riley.owned-graph-diagnostic.v1","kind":"read","capture_id":1,"replay_id":235,"host_read_bytes":98344,"host_read_ns":4561}
{"schema":"riley.owned-graph-diagnostic.v1","kind":"replay","capture_id":1,"replay_id":236,"position":76,"host_staging_bytes":98344,"event_setup_ns":355,"host_staging_ns":1570,"host_launch_ns":7013,"host_wait_ns":3789562,"cuda_graph_span_ns":3793535.948,"event_status":0,"launch_status":0,"completion_status":0}
{"schema":"riley.owned-graph-diagnostic.v1","kind":"projection","capture_id":1,"replay_id":236,"position":76,"layer":0,"projection":"gate","operator":"override","cuda_span_ns":10240.000,"event_status":0,"launch_status":0,"completion_status":0}
{"schema":"riley.owned-graph-diagnostic.v1","kind":"read","capture_id":1,"replay_id":236,"host_read_bytes":98344,"host_read_ns":4844}
{"schema":"riley.owned-graph-diagnostic.v1","kind":"replay","capture_id":1,"replay_id":237,"position":77,"host_staging_bytes":98344,"event_setup_ns":558,"host_staging_ns":1567,"host_launch_ns":7420,"host_wait_ns":3790725,"cuda_graph_span_ns":3794912.100,"event_status":0,"launch_status":0,"completion_status":0}
{"schema":"riley.owned-graph-diagnostic.v1","kind":"projection","capture_id":1,"replay_id":237,"position":77,"layer":0,"projection":"gate","operator":"override","cuda_span_ns":11264.000,"event_status":0,"launch_status":0,"completion_status":0}
{"schema":"riley.owned-graph-diagnostic.v1","kind":"read","capture_id":1,"replay_id":237,"host_read_bytes":98344,"host_read_ns":4563}
{"schema":"riley.owned-graph-diagnostic.v1","kind":"replay","capture_id":1,"replay_id":238,"position":78,"host_staging_bytes":98344,"event_setup_ns":379,"host_staging_ns":1530,"host_launch_ns":6845,"host_wait_ns":3787805,"cuda_graph_span_ns":3791680.098,"event_status":0,"launch_status":0,"completion_status":0}
{"schema":"riley.owned-graph-diagnostic.v1","kind":"projection","capture_id":1,"replay_id":238,"position":78,"layer":0,"projection":"gate","operator":"override","cuda_span_ns":10240.000,"event_status":0,"launch_status":0,"completion_status":0}
{"schema":"riley.owned-graph-diagnostic.v1","kind":"read","capture_id":1,"replay_id":238,"host_read_bytes":98344,"host_read_ns":4576}
{"schema":"riley.owned-graph-diagnostic.v1","kind":"replay","capture_id":1,"replay_id":239,"position":79,"host_staging_bytes":98344,"event_setup_ns":356,"host_staging_ns":1545,"host_launch_ns":7459,"host_wait_ns":3781267,"cuda_graph_span_ns":3785727.978,"event_status":0,"launch_status":0,"completion_status":0}
{"schema":"riley.owned-graph-diagnostic.v1","kind":"projection","capture_id":1,"replay_id":239,"position":79,"layer":0,"projection":"gate","operator":"override","cuda_span_ns":10240.000,"event_status":0,"launch_status":0,"completion_status":0}
{"schema":"riley.owned-graph-diagnostic.v1","kind":"read","capture_id":1,"replay_id":239,"host_read_bytes":98344,"host_read_ns":4832}
{"schema":"riley.owned-graph-diagnostic.v1","kind":"replay","capture_id":1,"replay_id":240,"position":80,"host_staging_bytes":98344,"event_setup_ns":446,"host_staging_ns":1561,"host_launch_ns":7282,"host_wait_ns":3837952,"cuda_graph_span_ns":3842367.887,"event_status":0,"launch_status":0,"completion_status":0}
{"schema":"riley.owned-graph-diagnostic.v1","kind":"projection","capture_id":1,"replay_id":240,"position":80,"layer":0,"projection":"gate","operator":"override","cuda_span_ns":10240.000,"event_status":0,"launch_status":0,"completion_status":0}
{"schema":"riley.owned-graph-diagnostic.v1","kind":"read","capture_id":1,"replay_id":240,"host_read_bytes":98344,"host_read_ns":4917}
{"schema":"riley.owned-graph-diagnostic.v1","kind":"replay","capture_id":1,"replay_id":241,"position":81,"host_staging_bytes":98344,"event_setup_ns":594,"host_staging_ns":1531,"host_launch_ns":7043,"host_wait_ns":3877149,"cuda_graph_span_ns":3881407.976,"event_status":0,"launch_status":0,"completion_status":0}
{"schema":"riley.owned-graph-diagnostic.v1","kind":"projection","capture_id":1,"replay_id":241,"position":81,"layer":0,"projection":"gate","operator":"override","cuda_span_ns":11264.000,"event_status":0,"launch_status":0,"completion_status":0}
{"schema":"riley.owned-graph-diagnostic.v1","kind":"read","capture_id":1,"replay_id":241,"host_read_bytes":98344,"host_read_ns":4791}
{"schema":"riley.owned-graph-diagnostic.v1","kind":"replay","capture_id":1,"replay_id":242,"position":82,"host_staging_bytes":98344,"event_setup_ns":405,"host_staging_ns":1527,"host_launch_ns":7146,"host_wait_ns":3880113,"cuda_graph_span_ns":3884543.896,"event_status":0,"launch_status":0,"completion_status":0}
{"schema":"riley.owned-graph-diagnostic.v1","kind":"projection","capture_id":1,"replay_id":242,"position":82,"layer":0,"projection":"gate","operator":"override","cuda_span_ns":10240.000,"event_status":0,"launch_status":0,"completion_status":0}
{"schema":"riley.owned-graph-diagnostic.v1","kind":"read","capture_id":1,"replay_id":242,"host_read_bytes":98344,"host_read_ns":5067}
{"schema":"riley.owned-graph-diagnostic.v1","kind":"replay","capture_id":1,"replay_id":243,"position":83,"host_staging_bytes":98344,"event_setup_ns":534,"host_staging_ns":1638,"host_launch_ns":8084,"host_wait_ns":3887497,"cuda_graph_span_ns":3892384.052,"event_status":0,"launch_status":0,"completion_status":0}
{"schema":"riley.owned-graph-diagnostic.v1","kind":"projection","capture_id":1,"replay_id":243,"position":83,"layer":0,"projection":"gate","operator":"override","cuda_span_ns":10240.000,"event_status":0,"launch_status":0,"completion_status":0}
{"schema":"riley.owned-graph-diagnostic.v1","kind":"read","capture_id":1,"replay_id":243,"host_read_bytes":98344,"host_read_ns":5236}
{"schema":"riley.owned-graph-diagnostic.v1","kind":"replay","capture_id":1,"replay_id":244,"position":84,"host_staging_bytes":98344,"event_setup_ns":649,"host_staging_ns":1662,"host_launch_ns":7575,"host_wait_ns":3889833,"cuda_graph_span_ns":3894432.068,"event_status":0,"launch_status":0,"completion_status":0}
{"schema":"riley.owned-graph-diagnostic.v1","kind":"projection","capture_id":1,"replay_id":244,"position":84,"layer":0,"projection":"gate","operator":"override","cuda_span_ns":10240.000,"event_status":0,"launch_status":0,"completion_status":0}
{"schema":"riley.owned-graph-diagnostic.v1","kind":"read","capture_id":1,"replay_id":244,"host_read_bytes":98344,"host_read_ns":6061}
{"schema":"riley.owned-graph-diagnostic.v1","kind":"replay","capture_id":1,"replay_id":245,"position":85,"host_staging_bytes":98344,"event_setup_ns":792,"host_staging_ns":1744,"host_launch_ns":10076,"host_wait_ns":3877985,"cuda_graph_span_ns":3885087.967,"event_status":0,"launch_status":0,"completion_status":0}
{"schema":"riley.owned-graph-diagnostic.v1","kind":"projection","capture_id":1,"replay_id":245,"position":85,"layer":0,"projection":"gate","operator":"override","cuda_span_ns":11264.000,"event_status":0,"launch_status":0,"completion_status":0}
{"schema":"riley.owned-graph-diagnostic.v1","kind":"read","capture_id":1,"replay_id":245,"host_read_bytes":98344,"host_read_ns":6133}
{"schema":"riley.owned-graph-diagnostic.v1","kind":"replay","capture_id":1,"replay_id":246,"position":86,"host_staging_bytes":98344,"event_setup_ns":545,"host_staging_ns":1700,"host_launch_ns":9102,"host_wait_ns":3886080,"cuda_graph_span_ns":3892384.052,"event_status":0,"launch_status":0,"completion_status":0}
{"schema":"riley.owned-graph-diagnostic.v1","kind":"projection","capture_id":1,"replay_id":246,"position":86,"layer":0,"projection":"gate","operator":"override","cuda_span_ns":10240.000,"event_status":0,"launch_status":0,"completion_status":0}
{"schema":"riley.owned-graph-diagnostic.v1","kind":"read","capture_id":1,"replay_id":246,"host_read_bytes":98344,"host_read_ns":5384}
{"schema":"riley.owned-graph-diagnostic.v1","kind":"replay","capture_id":1,"replay_id":247,"position":87,"host_staging_bytes":98344,"event_setup_ns":531,"host_staging_ns":1655,"host_launch_ns":7528,"host_wait_ns":3888541,"cuda_graph_span_ns":3893023.968,"event_status":0,"launch_status":0,"completion_status":0}
{"schema":"riley.owned-graph-diagnostic.v1","kind":"projection","capture_id":1,"replay_id":247,"position":87,"layer":0,"projection":"gate","operator":"override","cuda_span_ns":10240.000,"event_status":0,"launch_status":0,"completion_status":0}
{"schema":"riley.owned-graph-diagnostic.v1","kind":"read","capture_id":1,"replay_id":247,"host_read_bytes":98344,"host_read_ns":5461}
{"schema":"riley.owned-graph-diagnostic.v1","kind":"replay","capture_id":1,"replay_id":248,"position":88,"host_staging_bytes":98344,"event_setup_ns":612,"host_staging_ns":1596,"host_launch_ns":7705,"host_wait_ns":3926039,"cuda_graph_span_ns":3930687.904,"event_status":0,"launch_status":0,"completion_status":0}
{"schema":"riley.owned-graph-diagnostic.v1","kind":"projection","capture_id":1,"replay_id":248,"position":88,"layer":0,"projection":"gate","operator":"override","cuda_span_ns":11264.000,"event_status":0,"launch_status":0,"completion_status":0}
{"schema":"riley.owned-graph-diagnostic.v1","kind":"read","capture_id":1,"replay_id":248,"host_read_bytes":98344,"host_read_ns":6022}
{"schema":"riley.owned-graph-diagnostic.v1","kind":"replay","capture_id":1,"replay_id":249,"position":89,"host_staging_bytes":98344,"event_setup_ns":765,"host_staging_ns":1621,"host_launch_ns":7797,"host_wait_ns":3961618,"cuda_graph_span_ns":3966624.022,"event_status":0,"launch_status":0,"completion_status":0}
{"schema":"riley.owned-graph-diagnostic.v1","kind":"projection","capture_id":1,"replay_id":249,"position":89,"layer":0,"projection":"gate","operator":"override","cuda_span_ns":10240.000,"event_status":0,"launch_status":0,"completion_status":0}
{"schema":"riley.owned-graph-diagnostic.v1","kind":"read","capture_id":1,"replay_id":249,"host_read_bytes":98344,"host_read_ns":5394}
{"schema":"riley.owned-graph-diagnostic.v1","kind":"replay","capture_id":1,"replay_id":250,"position":90,"host_staging_bytes":98344,"event_setup_ns":435,"host_staging_ns":1591,"host_launch_ns":7858,"host_wait_ns":3967463,"cuda_graph_span_ns":3972735.882,"event_status":0,"launch_status":0,"completion_status":0}
{"schema":"riley.owned-graph-diagnostic.v1","kind":"projection","capture_id":1,"replay_id":250,"position":90,"layer":0,"projection":"gate","operator":"override","cuda_span_ns":11264.000,"event_status":0,"launch_status":0,"completion_status":0}
{"schema":"riley.owned-graph-diagnostic.v1","kind":"read","capture_id":1,"replay_id":250,"host_read_bytes":98344,"host_read_ns":5209}
{"schema":"riley.owned-graph-diagnostic.v1","kind":"replay","capture_id":1,"replay_id":251,"position":91,"host_staging_bytes":98344,"event_setup_ns":427,"host_staging_ns":1566,"host_launch_ns":6969,"host_wait_ns":3967459,"cuda_graph_span_ns":3971679.926,"event_status":0,"launch_status":0,"completion_status":0}
{"schema":"riley.owned-graph-diagnostic.v1","kind":"projection","capture_id":1,"replay_id":251,"position":91,"layer":0,"projection":"gate","operator":"override","cuda_span_ns":11264.000,"event_status":0,"launch_status":0,"completion_status":0}
{"schema":"riley.owned-graph-diagnostic.v1","kind":"read","capture_id":1,"replay_id":251,"host_read_bytes":98344,"host_read_ns":5399}
{"schema":"riley.owned-graph-diagnostic.v1","kind":"replay","capture_id":1,"replay_id":252,"position":92,"host_staging_bytes":98344,"event_setup_ns":477,"host_staging_ns":1588,"host_launch_ns":7665,"host_wait_ns":3968531,"cuda_graph_span_ns":3973376.036,"event_status":0,"launch_status":0,"completion_status":0}
{"schema":"riley.owned-graph-diagnostic.v1","kind":"projection","capture_id":1,"replay_id":252,"position":92,"layer":0,"projection":"gate","operator":"override","cuda_span_ns":10240.000,"event_status":0,"launch_status":0,"completion_status":0}
{"schema":"riley.owned-graph-diagnostic.v1","kind":"read","capture_id":1,"replay_id":252,"host_read_bytes":98344,"host_read_ns":5690}
{"schema":"riley.owned-graph-diagnostic.v1","kind":"replay","capture_id":1,"replay_id":253,"position":93,"host_staging_bytes":98344,"event_setup_ns":1024,"host_staging_ns":1695,"host_launch_ns":9176,"host_wait_ns":3975137,"cuda_graph_span_ns":3980607.986,"event_status":0,"launch_status":0,"completion_status":0}
{"schema":"riley.owned-graph-diagnostic.v1","kind":"projection","capture_id":1,"replay_id":253,"position":93,"layer":0,"projection":"gate","operator":"override","cuda_span_ns":10240.000,"event_status":0,"launch_status":0,"completion_status":0}
{"schema":"riley.owned-graph-diagnostic.v1","kind":"read","capture_id":1,"replay_id":253,"host_read_bytes":98344,"host_read_ns":5054}
{"schema":"riley.owned-graph-diagnostic.v1","kind":"replay","capture_id":1,"replay_id":254,"position":94,"host_staging_bytes":98344,"event_setup_ns":473,"host_staging_ns":1662,"host_launch_ns":7760,"host_wait_ns":3977674,"cuda_graph_span_ns":3982367.992,"event_status":0,"launch_status":0,"completion_status":0}
{"schema":"riley.owned-graph-diagnostic.v1","kind":"projection","capture_id":1,"replay_id":254,"position":94,"layer":0,"projection":"gate","operator":"override","cuda_span_ns":11264.000,"event_status":0,"launch_status":0,"completion_status":0}
{"schema":"riley.owned-graph-diagnostic.v1","kind":"read","capture_id":1,"replay_id":254,"host_read_bytes":98344,"host_read_ns":5402}
{"schema":"riley.owned-graph-diagnostic.v1","kind":"replay","capture_id":1,"replay_id":255,"position":95,"host_staging_bytes":98344,"event_setup_ns":468,"host_staging_ns":1598,"host_launch_ns":7124,"host_wait_ns":3968881,"cuda_graph_span_ns":3973184.109,"event_status":0,"launch_status":0,"completion_status":0}
{"schema":"riley.owned-graph-diagnostic.v1","kind":"projection","capture_id":1,"replay_id":255,"position":95,"layer":0,"projection":"gate","operator":"override","cuda_span_ns":10240.000,"event_status":0,"launch_status":0,"completion_status":0}
{"schema":"riley.owned-graph-diagnostic.v1","kind":"read","capture_id":1,"replay_id":255,"host_read_bytes":98344,"host_read_ns":4959}
{"schema":"riley.owned-graph-diagnostic.v1","kind":"replay","capture_id":1,"replay_id":256,"position":96,"host_staging_bytes":98344,"event_setup_ns":679,"host_staging_ns":1546,"host_launch_ns":6709,"host_wait_ns":4036777,"cuda_graph_span_ns":4040383.816,"event_status":0,"launch_status":0,"completion_status":0}
{"schema":"riley.owned-graph-diagnostic.v1","kind":"projection","capture_id":1,"replay_id":256,"position":96,"layer":0,"projection":"gate","operator":"override","cuda_span_ns":11264.000,"event_status":0,"launch_status":0,"completion_status":0}
{"schema":"riley.owned-graph-diagnostic.v1","kind":"read","capture_id":1,"replay_id":256,"host_read_bytes":98344,"host_read_ns":4900}
{"schema":"riley.owned-graph-diagnostic.v1","kind":"replay","capture_id":1,"replay_id":257,"position":97,"host_staging_bytes":98344,"event_setup_ns":456,"host_staging_ns":1666,"host_launch_ns":7916,"host_wait_ns":4081931,"cuda_graph_span_ns":4087103.844,"event_status":0,"launch_status":0,"completion_status":0}
{"schema":"riley.owned-graph-diagnostic.v1","kind":"projection","capture_id":1,"replay_id":257,"position":97,"layer":0,"projection":"gate","operator":"override","cuda_span_ns":11264.000,"event_status":0,"launch_status":0,"completion_status":0}
{"schema":"riley.owned-graph-diagnostic.v1","kind":"read","capture_id":1,"replay_id":257,"host_read_bytes":98344,"host_read_ns":5012}
{"schema":"riley.owned-graph-diagnostic.v1","kind":"replay","capture_id":1,"replay_id":258,"position":98,"host_staging_bytes":98344,"event_setup_ns":817,"host_staging_ns":1598,"host_launch_ns":6713,"host_wait_ns":4082416,"cuda_graph_span_ns":4086527.824,"event_status":0,"launch_status":0,"completion_status":0}
{"schema":"riley.owned-graph-diagnostic.v1","kind":"projection","capture_id":1,"replay_id":258,"position":98,"layer":0,"projection":"gate","operator":"override","cuda_span_ns":10240.000,"event_status":0,"launch_status":0,"completion_status":0}
{"schema":"riley.owned-graph-diagnostic.v1","kind":"read","capture_id":1,"replay_id":258,"host_read_bytes":98344,"host_read_ns":4625}
{"schema":"riley.owned-graph-diagnostic.v1","kind":"replay","capture_id":1,"replay_id":259,"position":99,"host_staging_bytes":98344,"event_setup_ns":342,"host_staging_ns":1532,"host_launch_ns":6990,"host_wait_ns":4084216,"cuda_graph_span_ns":4086783.886,"event_status":0,"launch_status":0,"completion_status":0}
{"schema":"riley.owned-graph-diagnostic.v1","kind":"projection","capture_id":1,"replay_id":259,"position":99,"layer":0,"projection":"gate","operator":"override","cuda_span_ns":10240.000,"event_status":0,"launch_status":0,"completion_status":0}
{"schema":"riley.owned-graph-diagnostic.v1","kind":"read","capture_id":1,"replay_id":259,"host_read_bytes":98344,"host_read_ns":4838}
{"schema":"riley.owned-graph-diagnostic.v1","kind":"replay","capture_id":1,"replay_id":260,"position":100,"host_staging_bytes":98344,"event_setup_ns":1228,"host_staging_ns":1579,"host_launch_ns":13600,"host_wait_ns":4074719,"cuda_graph_span_ns":4085728.168,"event_status":0,"launch_status":0,"completion_status":0}
{"schema":"riley.owned-graph-diagnostic.v1","kind":"projection","capture_id":1,"replay_id":260,"position":100,"layer":0,"projection":"gate","operator":"override","cuda_span_ns":10240.000,"event_status":0,"launch_status":0,"completion_status":0}
{"schema":"riley.owned-graph-diagnostic.v1","kind":"read","capture_id":1,"replay_id":260,"host_read_bytes":98344,"host_read_ns":4640}
{"schema":"riley.owned-graph-diagnostic.v1","kind":"replay","capture_id":1,"replay_id":261,"position":101,"host_staging_bytes":98344,"event_setup_ns":317,"host_staging_ns":1528,"host_launch_ns":6712,"host_wait_ns":4083415,"cuda_graph_span_ns":4087135.792,"event_status":0,"launch_status":0,"completion_status":0}
{"schema":"riley.owned-graph-diagnostic.v1","kind":"projection","capture_id":1,"replay_id":261,"position":101,"layer":0,"projection":"gate","operator":"override","cuda_span_ns":11264.000,"event_status":0,"launch_status":0,"completion_status":0}
{"schema":"riley.owned-graph-diagnostic.v1","kind":"read","capture_id":1,"replay_id":261,"host_read_bytes":98344,"host_read_ns":4593}
{"schema":"riley.owned-graph-diagnostic.v1","kind":"replay","capture_id":1,"replay_id":262,"position":102,"host_staging_bytes":98344,"event_setup_ns":379,"host_staging_ns":1533,"host_launch_ns":7079,"host_wait_ns":4074646,"cuda_graph_span_ns":4079135.895,"event_status":0,"launch_status":0,"completion_status":0}
{"schema":"riley.owned-graph-diagnostic.v1","kind":"projection","capture_id":1,"replay_id":262,"position":102,"layer":0,"projection":"gate","operator":"override","cuda_span_ns":10240.000,"event_status":0,"launch_status":0,"completion_status":0}
{"schema":"riley.owned-graph-diagnostic.v1","kind":"read","capture_id":1,"replay_id":262,"host_read_bytes":98344,"host_read_ns":4460}
{"schema":"riley.owned-graph-diagnostic.v1","kind":"replay","capture_id":1,"replay_id":263,"position":103,"host_staging_bytes":98344,"event_setup_ns":366,"host_staging_ns":1538,"host_launch_ns":6820,"host_wait_ns":4086066,"cuda_graph_span_ns":4089824.200,"event_status":0,"launch_status":0,"completion_status":0}
{"schema":"riley.owned-graph-diagnostic.v1","kind":"projection","capture_id":1,"replay_id":263,"position":103,"layer":0,"projection":"gate","operator":"override","cuda_span_ns":10240.000,"event_status":0,"launch_status":0,"completion_status":0}
{"schema":"riley.owned-graph-diagnostic.v1","kind":"read","capture_id":1,"replay_id":263,"host_read_bytes":98344,"host_read_ns":4265}
{"schema":"riley.owned-graph-diagnostic.v1","kind":"replay","capture_id":1,"replay_id":264,"position":104,"host_staging_bytes":98344,"event_setup_ns":437,"host_staging_ns":1535,"host_launch_ns":7038,"host_wait_ns":4116854,"cuda_graph_span_ns":4121151.924,"event_status":0,"launch_status":0,"completion_status":0}
{"schema":"riley.owned-graph-diagnostic.v1","kind":"projection","capture_id":1,"replay_id":264,"position":104,"layer":0,"projection":"gate","operator":"override","cuda_span_ns":10240.000,"event_status":0,"launch_status":0,"completion_status":0}
{"schema":"riley.owned-graph-diagnostic.v1","kind":"read","capture_id":1,"replay_id":264,"host_read_bytes":98344,"host_read_ns":4624}
{"schema":"riley.owned-graph-diagnostic.v1","kind":"replay","capture_id":1,"replay_id":265,"position":105,"host_staging_bytes":98344,"event_setup_ns":379,"host_staging_ns":1509,"host_launch_ns":6655,"host_wait_ns":4155642,"cuda_graph_span_ns":4159391.880,"event_status":0,"launch_status":0,"completion_status":0}
{"schema":"riley.owned-graph-diagnostic.v1","kind":"projection","capture_id":1,"replay_id":265,"position":105,"layer":0,"projection":"gate","operator":"override","cuda_span_ns":11264.000,"event_status":0,"launch_status":0,"completion_status":0}
{"schema":"riley.owned-graph-diagnostic.v1","kind":"read","capture_id":1,"replay_id":265,"host_read_bytes":98344,"host_read_ns":4354}
{"schema":"riley.owned-graph-diagnostic.v1","kind":"replay","capture_id":1,"replay_id":266,"position":106,"host_staging_bytes":98344,"event_setup_ns":303,"host_staging_ns":1523,"host_launch_ns":6534,"host_wait_ns":4169183,"cuda_graph_span_ns":4172863.960,"event_status":0,"launch_status":0,"completion_status":0}
{"schema":"riley.owned-graph-diagnostic.v1","kind":"projection","capture_id":1,"replay_id":266,"position":106,"layer":0,"projection":"gate","operator":"override","cuda_span_ns":10240.000,"event_status":0,"launch_status":0,"completion_status":0}
{"schema":"riley.owned-graph-diagnostic.v1","kind":"read","capture_id":1,"replay_id":266,"host_read_bytes":98344,"host_read_ns":4628}
{"schema":"riley.owned-graph-diagnostic.v1","kind":"replay","capture_id":1,"replay_id":267,"position":107,"host_staging_bytes":98344,"event_setup_ns":325,"host_staging_ns":1506,"host_launch_ns":6942,"host_wait_ns":4159306,"cuda_graph_span_ns":4163648.129,"event_status":0,"launch_status":0,"completion_status":0}
{"schema":"riley.owned-graph-diagnostic.v1","kind":"projection","capture_id":1,"replay_id":267,"position":107,"layer":0,"projection":"gate","operator":"override","cuda_span_ns":10240.000,"event_status":0,"launch_status":0,"completion_status":0}
{"schema":"riley.owned-graph-diagnostic.v1","kind":"read","capture_id":1,"replay_id":267,"host_read_bytes":98344,"host_read_ns":4687}
{"schema":"riley.owned-graph-diagnostic.v1","kind":"replay","capture_id":1,"replay_id":268,"position":108,"host_staging_bytes":98344,"event_setup_ns":378,"host_staging_ns":1560,"host_launch_ns":6791,"host_wait_ns":4160145,"cuda_graph_span_ns":4164224.148,"event_status":0,"launch_status":0,"completion_status":0}
{"schema":"riley.owned-graph-diagnostic.v1","kind":"projection","capture_id":1,"replay_id":268,"position":108,"layer":0,"projection":"gate","operator":"override","cuda_span_ns":11264.000,"event_status":0,"launch_status":0,"completion_status":0}
{"schema":"riley.owned-graph-diagnostic.v1","kind":"read","capture_id":1,"replay_id":268,"host_read_bytes":98344,"host_read_ns":4782}
{"schema":"riley.owned-graph-diagnostic.v1","kind":"replay","capture_id":1,"replay_id":269,"position":109,"host_staging_bytes":98344,"event_setup_ns":478,"host_staging_ns":1524,"host_launch_ns":6826,"host_wait_ns":4164616,"cuda_graph_span_ns":4168704.033,"event_status":0,"launch_status":0,"completion_status":0}
{"schema":"riley.owned-graph-diagnostic.v1","kind":"projection","capture_id":1,"replay_id":269,"position":109,"layer":0,"projection":"gate","operator":"override","cuda_span_ns":10240.000,"event_status":0,"launch_status":0,"completion_status":0}
{"schema":"riley.owned-graph-diagnostic.v1","kind":"read","capture_id":1,"replay_id":269,"host_read_bytes":98344,"host_read_ns":4635}
{"schema":"riley.owned-graph-diagnostic.v1","kind":"replay","capture_id":1,"replay_id":270,"position":110,"host_staging_bytes":98344,"event_setup_ns":344,"host_staging_ns":1522,"host_launch_ns":7320,"host_wait_ns":4167598,"cuda_graph_span_ns":4172192.097,"event_status":0,"launch_status":0,"completion_status":0}
{"schema":"riley.owned-graph-diagnostic.v1","kind":"projection","capture_id":1,"replay_id":270,"position":110,"layer":0,"projection":"gate","operator":"override","cuda_span_ns":11264.000,"event_status":0,"launch_status":0,"completion_status":0}
{"schema":"riley.owned-graph-diagnostic.v1","kind":"read","capture_id":1,"replay_id":270,"host_read_bytes":98344,"host_read_ns":4637}
{"schema":"riley.owned-graph-diagnostic.v1","kind":"replay","capture_id":1,"replay_id":271,"position":111,"host_staging_bytes":98344,"event_setup_ns":314,"host_staging_ns":1553,"host_launch_ns":6832,"host_wait_ns":4157939,"cuda_graph_span_ns":4161983.967,"event_status":0,"launch_status":0,"completion_status":0}
{"schema":"riley.owned-graph-diagnostic.v1","kind":"projection","capture_id":1,"replay_id":271,"position":111,"layer":0,"projection":"gate","operator":"override","cuda_span_ns":11264.000,"event_status":0,"launch_status":0,"completion_status":0}
{"schema":"riley.owned-graph-diagnostic.v1","kind":"read","capture_id":1,"replay_id":271,"host_read_bytes":98344,"host_read_ns":4148}
{"schema":"riley.owned-graph-diagnostic.v1","kind":"replay","capture_id":1,"replay_id":272,"position":112,"host_staging_bytes":98344,"event_setup_ns":318,"host_staging_ns":1536,"host_launch_ns":7198,"host_wait_ns":4370590,"cuda_graph_span_ns":4375072.002,"event_status":0,"launch_status":0,"completion_status":0}
{"schema":"riley.owned-graph-diagnostic.v1","kind":"projection","capture_id":1,"replay_id":272,"position":112,"layer":0,"projection":"gate","operator":"override","cuda_span_ns":11264.000,"event_status":0,"launch_status":0,"completion_status":0}
{"schema":"riley.owned-graph-diagnostic.v1","kind":"read","capture_id":1,"replay_id":272,"host_read_bytes":98344,"host_read_ns":4510}
{"schema":"riley.owned-graph-diagnostic.v1","kind":"replay","capture_id":1,"replay_id":273,"position":113,"host_staging_bytes":98344,"event_setup_ns":456,"host_staging_ns":1523,"host_launch_ns":7310,"host_wait_ns":4256835,"cuda_graph_span_ns":4261472.225,"event_status":0,"launch_status":0,"completion_status":0}
{"schema":"riley.owned-graph-diagnostic.v1","kind":"projection","capture_id":1,"replay_id":273,"position":113,"layer":0,"projection":"gate","operator":"override","cuda_span_ns":11264.000,"event_status":0,"launch_status":0,"completion_status":0}
{"schema":"riley.owned-graph-diagnostic.v1","kind":"read","capture_id":1,"replay_id":273,"host_read_bytes":98344,"host_read_ns":4411}
{"schema":"riley.owned-graph-diagnostic.v1","kind":"replay","capture_id":1,"replay_id":274,"position":114,"host_staging_bytes":98344,"event_setup_ns":609,"host_staging_ns":1518,"host_launch_ns":6825,"host_wait_ns":4271503,"cuda_graph_span_ns":4275775.909,"event_status":0,"launch_status":0,"completion_status":0}
{"schema":"riley.owned-graph-diagnostic.v1","kind":"projection","capture_id":1,"replay_id":274,"position":114,"layer":0,"projection":"gate","operator":"override","cuda_span_ns":11264.000,"event_status":0,"launch_status":0,"completion_status":0}
{"schema":"riley.owned-graph-diagnostic.v1","kind":"read","capture_id":1,"replay_id":274,"host_read_bytes":98344,"host_read_ns":4761}
{"schema":"riley.owned-graph-diagnostic.v1","kind":"replay","capture_id":1,"replay_id":275,"position":115,"host_staging_bytes":98344,"event_setup_ns":409,"host_staging_ns":1527,"host_launch_ns":6992,"host_wait_ns":4264505,"cuda_graph_span_ns":4268832.207,"event_status":0,"launch_status":0,"completion_status":0}
{"schema":"riley.owned-graph-diagnostic.v1","kind":"projection","capture_id":1,"replay_id":275,"position":115,"layer":0,"projection":"gate","operator":"override","cuda_span_ns":11264.000,"event_status":0,"launch_status":0,"completion_status":0}
{"schema":"riley.owned-graph-diagnostic.v1","kind":"read","capture_id":1,"replay_id":275,"host_read_bytes":98344,"host_read_ns":4794}
{"schema":"riley.owned-graph-diagnostic.v1","kind":"replay","capture_id":1,"replay_id":276,"position":116,"host_staging_bytes":98344,"event_setup_ns":396,"host_staging_ns":1516,"host_launch_ns":7284,"host_wait_ns":4270925,"cuda_graph_span_ns":4275199.890,"event_status":0,"launch_status":0,"completion_status":0}
{"schema":"riley.owned-graph-diagnostic.v1","kind":"projection","capture_id":1,"replay_id":276,"position":116,"layer":0,"projection":"gate","operator":"override","cuda_span_ns":10240.000,"event_status":0,"launch_status":0,"completion_status":0}
{"schema":"riley.owned-graph-diagnostic.v1","kind":"read","capture_id":1,"replay_id":276,"host_read_bytes":98344,"host_read_ns":5091}
{"schema":"riley.owned-graph-diagnostic.v1","kind":"replay","capture_id":1,"replay_id":277,"position":117,"host_staging_bytes":98344,"event_setup_ns":415,"host_staging_ns":1582,"host_launch_ns":7448,"host_wait_ns":4264794,"cuda_graph_span_ns":4267903.805,"event_status":0,"launch_status":0,"completion_status":0}
{"schema":"riley.owned-graph-diagnostic.v1","kind":"projection","capture_id":1,"replay_id":277,"position":117,"layer":0,"projection":"gate","operator":"override","cuda_span_ns":10240.000,"event_status":0,"launch_status":0,"completion_status":0}
{"schema":"riley.owned-graph-diagnostic.v1","kind":"read","capture_id":1,"replay_id":277,"host_read_bytes":98344,"host_read_ns":7045}
{"schema":"riley.owned-graph-diagnostic.v1","kind":"replay","capture_id":1,"replay_id":278,"position":118,"host_staging_bytes":98344,"event_setup_ns":1652,"host_staging_ns":2211,"host_launch_ns":15172,"host_wait_ns":4264726,"cuda_graph_span_ns":4277791.977,"event_status":0,"launch_status":0,"completion_status":0}
{"schema":"riley.owned-graph-diagnostic.v1","kind":"projection","capture_id":1,"replay_id":278,"position":118,"layer":0,"projection":"gate","operator":"override","cuda_span_ns":10240.000,"event_status":0,"launch_status":0,"completion_status":0}
{"schema":"riley.owned-graph-diagnostic.v1","kind":"read","capture_id":1,"replay_id":278,"host_read_bytes":98344,"host_read_ns":5066}
{"schema":"riley.owned-graph-diagnostic.v1","kind":"replay","capture_id":1,"replay_id":279,"position":119,"host_staging_bytes":98344,"event_setup_ns":658,"host_staging_ns":1529,"host_launch_ns":7347,"host_wait_ns":4272840,"cuda_graph_span_ns":4277376.175,"event_status":0,"launch_status":0,"completion_status":0}
{"schema":"riley.owned-graph-diagnostic.v1","kind":"projection","capture_id":1,"replay_id":279,"position":119,"layer":0,"projection":"gate","operator":"override","cuda_span_ns":10240.000,"event_status":0,"launch_status":0,"completion_status":0}
{"schema":"riley.owned-graph-diagnostic.v1","kind":"read","capture_id":1,"replay_id":279,"host_read_bytes":98344,"host_read_ns":4850}
{"schema":"riley.owned-graph-diagnostic.v1","kind":"replay","capture_id":1,"replay_id":280,"position":120,"host_staging_bytes":98344,"event_setup_ns":640,"host_staging_ns":1523,"host_launch_ns":7613,"host_wait_ns":4307744,"cuda_graph_span_ns":4312511.921,"event_status":0,"launch_status":0,"completion_status":0}
{"schema":"riley.owned-graph-diagnostic.v1","kind":"projection","capture_id":1,"replay_id":280,"position":120,"layer":0,"projection":"gate","operator":"override","cuda_span_ns":10240.000,"event_status":0,"launch_status":0,"completion_status":0}
{"schema":"riley.owned-graph-diagnostic.v1","kind":"read","capture_id":1,"replay_id":280,"host_read_bytes":98344,"host_read_ns":5631}
{"schema":"riley.owned-graph-diagnostic.v1","kind":"replay","capture_id":1,"replay_id":281,"position":121,"host_staging_bytes":98344,"event_setup_ns":456,"host_staging_ns":1533,"host_launch_ns":7126,"host_wait_ns":4348598,"cuda_graph_span_ns":4352831.841,"event_status":0,"launch_status":0,"completion_status":0}
{"schema":"riley.owned-graph-diagnostic.v1","kind":"projection","capture_id":1,"replay_id":281,"position":121,"layer":0,"projection":"gate","operator":"override","cuda_span_ns":10240.000,"event_status":0,"launch_status":0,"completion_status":0}
{"schema":"riley.owned-graph-diagnostic.v1","kind":"read","capture_id":1,"replay_id":281,"host_read_bytes":98344,"host_read_ns":5938}
{"schema":"riley.owned-graph-diagnostic.v1","kind":"replay","capture_id":1,"replay_id":282,"position":122,"host_staging_bytes":98344,"event_setup_ns":472,"host_staging_ns":1513,"host_launch_ns":7174,"host_wait_ns":4355522,"cuda_graph_span_ns":4359807.968,"event_status":0,"launch_status":0,"completion_status":0}
{"schema":"riley.owned-graph-diagnostic.v1","kind":"projection","capture_id":1,"replay_id":282,"position":122,"layer":0,"projection":"gate","operator":"override","cuda_span_ns":10240.000,"event_status":0,"launch_status":0,"completion_status":0}
{"schema":"riley.owned-graph-diagnostic.v1","kind":"read","capture_id":1,"replay_id":282,"host_read_bytes":98344,"host_read_ns":5132}
{"schema":"riley.owned-graph-diagnostic.v1","kind":"replay","capture_id":1,"replay_id":283,"position":123,"host_staging_bytes":98344,"event_setup_ns":450,"host_staging_ns":1546,"host_launch_ns":7249,"host_wait_ns":4354238,"cuda_graph_span_ns":4358560.085,"event_status":0,"launch_status":0,"completion_status":0}
{"schema":"riley.owned-graph-diagnostic.v1","kind":"projection","capture_id":1,"replay_id":283,"position":123,"layer":0,"projection":"gate","operator":"override","cuda_span_ns":11264.000,"event_status":0,"launch_status":0,"completion_status":0}
{"schema":"riley.owned-graph-diagnostic.v1","kind":"read","capture_id":1,"replay_id":283,"host_read_bytes":98344,"host_read_ns":5380}
{"schema":"riley.owned-graph-diagnostic.v1","kind":"replay","capture_id":1,"replay_id":284,"position":124,"host_staging_bytes":98344,"event_setup_ns":520,"host_staging_ns":1548,"host_launch_ns":7188,"host_wait_ns":4353020,"cuda_graph_span_ns":4357471.943,"event_status":0,"launch_status":0,"completion_status":0}
{"schema":"riley.owned-graph-diagnostic.v1","kind":"projection","capture_id":1,"replay_id":284,"position":124,"layer":0,"projection":"gate","operator":"override","cuda_span_ns":10240.000,"event_status":0,"launch_status":0,"completion_status":0}
{"schema":"riley.owned-graph-diagnostic.v1","kind":"read","capture_id":1,"replay_id":284,"host_read_bytes":98344,"host_read_ns":5521}
{"schema":"riley.owned-graph-diagnostic.v1","kind":"replay","capture_id":1,"replay_id":285,"position":125,"host_staging_bytes":98344,"event_setup_ns":475,"host_staging_ns":1610,"host_launch_ns":7384,"host_wait_ns":4361480,"cuda_graph_span_ns":4366335.869,"event_status":0,"launch_status":0,"completion_status":0}
{"schema":"riley.owned-graph-diagnostic.v1","kind":"projection","capture_id":1,"replay_id":285,"position":125,"layer":0,"projection":"gate","operator":"override","cuda_span_ns":10240.000,"event_status":0,"launch_status":0,"completion_status":0}
{"schema":"riley.owned-graph-diagnostic.v1","kind":"read","capture_id":1,"replay_id":285,"host_read_bytes":98344,"host_read_ns":4732}
{"schema":"riley.owned-graph-diagnostic.v1","kind":"replay","capture_id":1,"replay_id":286,"position":126,"host_staging_bytes":98344,"event_setup_ns":823,"host_staging_ns":1625,"host_launch_ns":7251,"host_wait_ns":4368454,"cuda_graph_span_ns":4372863.770,"event_status":0,"launch_status":0,"completion_status":0}
{"schema":"riley.owned-graph-diagnostic.v1","kind":"projection","capture_id":1,"replay_id":286,"position":126,"layer":0,"projection":"gate","operator":"override","cuda_span_ns":11264.000,"event_status":0,"launch_status":0,"completion_status":0}
{"schema":"riley.owned-graph-diagnostic.v1","kind":"read","capture_id":1,"replay_id":286,"host_read_bytes":98344,"host_read_ns":4621}
{"schema":"riley.owned-graph-diagnostic.v1","kind":"replay","capture_id":1,"replay_id":287,"position":127,"host_staging_bytes":98344,"event_setup_ns":434,"host_staging_ns":1534,"host_launch_ns":6944,"host_wait_ns":4354308,"cuda_graph_span_ns":4357759.953,"event_status":0,"launch_status":0,"completion_status":0}
{"schema":"riley.owned-graph-diagnostic.v1","kind":"projection","capture_id":1,"replay_id":287,"position":127,"layer":0,"projection":"gate","operator":"override","cuda_span_ns":10240.000,"event_status":0,"launch_status":0,"completion_status":0}
{"schema":"riley.owned-graph-diagnostic.v1","kind":"read","capture_id":1,"replay_id":287,"host_read_bytes":98344,"host_read_ns":4667}
{"schema":"riley.owned-graph-diagnostic.v1","kind":"replay","capture_id":2,"replay_id":288,"position":128,"host_staging_bytes":98344,"event_setup_ns":619,"host_staging_ns":1563,"host_launch_ns":11783,"host_wait_ns":2318504,"cuda_graph_span_ns":2327744.007,"event_status":0,"launch_status":0,"completion_status":0}
{"schema":"riley.owned-graph-diagnostic.v1","kind":"projection","capture_id":2,"replay_id":288,"position":128,"layer":0,"projection":"gate","operator":"canonical","cuda_span_ns":6144.000,"event_status":0,"launch_status":0,"completion_status":0}
{"schema":"riley.owned-graph-diagnostic.v1","kind":"read","capture_id":2,"replay_id":288,"host_read_bytes":98344,"host_read_ns":5100}
{"schema":"riley.owned-graph-diagnostic.v1","kind":"replay","capture_id":2,"replay_id":289,"position":129,"host_staging_bytes":98344,"event_setup_ns":374,"host_staging_ns":1544,"host_launch_ns":6932,"host_wait_ns":2040571,"cuda_graph_span_ns":2044831.991,"event_status":0,"launch_status":0,"completion_status":0}
{"schema":"riley.owned-graph-diagnostic.v1","kind":"projection","capture_id":2,"replay_id":289,"position":129,"layer":0,"projection":"gate","operator":"canonical","cuda_span_ns":6144.000,"event_status":0,"launch_status":0,"completion_status":0}
{"schema":"riley.owned-graph-diagnostic.v1","kind":"read","capture_id":2,"replay_id":289,"host_read_bytes":98344,"host_read_ns":4853}
{"schema":"riley.owned-graph-diagnostic.v1","kind":"replay","capture_id":2,"replay_id":290,"position":130,"host_staging_bytes":98344,"event_setup_ns":321,"host_staging_ns":1533,"host_launch_ns":6986,"host_wait_ns":2047425,"cuda_graph_span_ns":2051680.088,"event_status":0,"launch_status":0,"completion_status":0}
{"schema":"riley.owned-graph-diagnostic.v1","kind":"projection","capture_id":2,"replay_id":290,"position":130,"layer":0,"projection":"gate","operator":"canonical","cuda_span_ns":6144.000,"event_status":0,"launch_status":0,"completion_status":0}
{"schema":"riley.owned-graph-diagnostic.v1","kind":"read","capture_id":2,"replay_id":290,"host_read_bytes":98344,"host_read_ns":4658}
{"schema":"riley.owned-graph-diagnostic.v1","kind":"replay","capture_id":2,"replay_id":291,"position":131,"host_staging_bytes":98344,"event_setup_ns":1638,"host_staging_ns":1513,"host_launch_ns":10229,"host_wait_ns":2038660,"cuda_graph_span_ns":2046495.914,"event_status":0,"launch_status":0,"completion_status":0}
{"schema":"riley.owned-graph-diagnostic.v1","kind":"projection","capture_id":2,"replay_id":291,"position":131,"layer":0,"projection":"gate","operator":"canonical","cuda_span_ns":5120.000,"event_status":0,"launch_status":0,"completion_status":0}
{"schema":"riley.owned-graph-diagnostic.v1","kind":"read","capture_id":2,"replay_id":291,"host_read_bytes":98344,"host_read_ns":4120}
{"schema":"riley.owned-graph-diagnostic.v1","kind":"replay","capture_id":2,"replay_id":292,"position":132,"host_staging_bytes":98344,"event_setup_ns":1411,"host_staging_ns":1565,"host_launch_ns":6917,"host_wait_ns":2039726,"cuda_graph_span_ns":2044095.993,"event_status":0,"launch_status":0,"completion_status":0}
{"schema":"riley.owned-graph-diagnostic.v1","kind":"projection","capture_id":2,"replay_id":292,"position":132,"layer":0,"projection":"gate","operator":"canonical","cuda_span_ns":6144.000,"event_status":0,"launch_status":0,"completion_status":0}
{"schema":"riley.owned-graph-diagnostic.v1","kind":"read","capture_id":2,"replay_id":292,"host_read_bytes":98344,"host_read_ns":5121}
{"schema":"riley.owned-graph-diagnostic.v1","kind":"replay","capture_id":2,"replay_id":293,"position":133,"host_staging_bytes":98344,"event_setup_ns":1479,"host_staging_ns":1547,"host_launch_ns":6513,"host_wait_ns":2047243,"cuda_graph_span_ns":2051295.996,"event_status":0,"launch_status":0,"completion_status":0}
{"schema":"riley.owned-graph-diagnostic.v1","kind":"projection","capture_id":2,"replay_id":293,"position":133,"layer":0,"projection":"gate","operator":"canonical","cuda_span_ns":5120.000,"event_status":0,"launch_status":0,"completion_status":0}
{"schema":"riley.owned-graph-diagnostic.v1","kind":"read","capture_id":2,"replay_id":293,"host_read_bytes":98344,"host_read_ns":5265}
{"schema":"riley.owned-graph-diagnostic.v1","kind":"replay","capture_id":2,"replay_id":294,"position":134,"host_staging_bytes":98344,"event_setup_ns":696,"host_staging_ns":1595,"host_launch_ns":7140,"host_wait_ns":2041527,"cuda_graph_span_ns":2046015.978,"event_status":0,"launch_status":0,"completion_status":0}
{"schema":"riley.owned-graph-diagnostic.v1","kind":"projection","capture_id":2,"replay_id":294,"position":134,"layer":0,"projection":"gate","operator":"canonical","cuda_span_ns":6144.000,"event_status":0,"launch_status":0,"completion_status":0}
{"schema":"riley.owned-graph-diagnostic.v1","kind":"read","capture_id":2,"replay_id":294,"host_read_bytes":98344,"host_read_ns":4661}
{"schema":"riley.owned-graph-diagnostic.v1","kind":"replay","capture_id":2,"replay_id":295,"position":135,"host_staging_bytes":98344,"event_setup_ns":693,"host_staging_ns":1529,"host_launch_ns":6717,"host_wait_ns":2038704,"cuda_graph_span_ns":2042975.903,"event_status":0,"launch_status":0,"completion_status":0}
{"schema":"riley.owned-graph-diagnostic.v1","kind":"projection","capture_id":2,"replay_id":295,"position":135,"layer":0,"projection":"gate","operator":"canonical","cuda_span_ns":5120.000,"event_status":0,"launch_status":0,"completion_status":0}
{"schema":"riley.owned-graph-diagnostic.v1","kind":"read","capture_id":2,"replay_id":295,"host_read_bytes":98344,"host_read_ns":5619}
{"schema":"riley.owned-graph-diagnostic.v1","kind":"replay","capture_id":2,"replay_id":296,"position":136,"host_staging_bytes":98344,"event_setup_ns":1904,"host_staging_ns":1501,"host_launch_ns":6926,"host_wait_ns":2087940,"cuda_graph_span_ns":2092351.913,"event_status":0,"launch_status":0,"completion_status":0}
{"schema":"riley.owned-graph-diagnostic.v1","kind":"projection","capture_id":2,"replay_id":296,"position":136,"layer":0,"projection":"gate","operator":"canonical","cuda_span_ns":5120.000,"event_status":0,"launch_status":0,"completion_status":0}
{"schema":"riley.owned-graph-diagnostic.v1","kind":"read","capture_id":2,"replay_id":296,"host_read_bytes":98344,"host_read_ns":5443}
{"schema":"riley.owned-graph-diagnostic.v1","kind":"replay","capture_id":2,"replay_id":297,"position":137,"host_staging_bytes":98344,"event_setup_ns":1833,"host_staging_ns":1620,"host_launch_ns":8066,"host_wait_ns":2097576,"cuda_graph_span_ns":2103231.907,"event_status":0,"launch_status":0,"completion_status":0}
{"schema":"riley.owned-graph-diagnostic.v1","kind":"projection","capture_id":2,"replay_id":297,"position":137,"layer":0,"projection":"gate","operator":"canonical","cuda_span_ns":5120.000,"event_status":0,"launch_status":0,"completion_status":0}
{"schema":"riley.owned-graph-diagnostic.v1","kind":"read","capture_id":2,"replay_id":297,"host_read_bytes":98344,"host_read_ns":5189}
{"schema":"riley.owned-graph-diagnostic.v1","kind":"replay","capture_id":2,"replay_id":298,"position":138,"host_staging_bytes":98344,"event_setup_ns":539,"host_staging_ns":1606,"host_launch_ns":6964,"host_wait_ns":2097399,"cuda_graph_span_ns":2101824.045,"event_status":0,"launch_status":0,"completion_status":0}
{"schema":"riley.owned-graph-diagnostic.v1","kind":"projection","capture_id":2,"replay_id":298,"position":138,"layer":0,"projection":"gate","operator":"canonical","cuda_span_ns":6144.000,"event_status":0,"launch_status":0,"completion_status":0}
{"schema":"riley.owned-graph-diagnostic.v1","kind":"read","capture_id":2,"replay_id":298,"host_read_bytes":98344,"host_read_ns":5220}
{"schema":"riley.owned-graph-diagnostic.v1","kind":"replay","capture_id":2,"replay_id":299,"position":139,"host_staging_bytes":98344,"event_setup_ns":520,"host_staging_ns":1611,"host_launch_ns":7103,"host_wait_ns":2096895,"cuda_graph_span_ns":2101471.901,"event_status":0,"launch_status":0,"completion_status":0}
{"schema":"riley.owned-graph-diagnostic.v1","kind":"projection","capture_id":2,"replay_id":299,"position":139,"layer":0,"projection":"gate","operator":"canonical","cuda_span_ns":5120.000,"event_status":0,"launch_status":0,"completion_status":0}
{"schema":"riley.owned-graph-diagnostic.v1","kind":"read","capture_id":2,"replay_id":299,"host_read_bytes":98344,"host_read_ns":5223}
{"schema":"riley.owned-graph-diagnostic.v1","kind":"replay","capture_id":2,"replay_id":300,"position":140,"host_staging_bytes":98344,"event_setup_ns":413,"host_staging_ns":1594,"host_launch_ns":6821,"host_wait_ns":2097197,"cuda_graph_span_ns":2101599.932,"event_status":0,"launch_status":0,"completion_status":0}
{"schema":"riley.owned-graph-diagnostic.v1","kind":"projection","capture_id":2,"replay_id":300,"position":140,"layer":0,"projection":"gate","operator":"canonical","cuda_span_ns":5120.000,"event_status":0,"launch_status":0,"completion_status":0}
{"schema":"riley.owned-graph-diagnostic.v1","kind":"read","capture_id":2,"replay_id":300,"host_read_bytes":98344,"host_read_ns":4810}
{"schema":"riley.owned-graph-diagnostic.v1","kind":"replay","capture_id":2,"replay_id":301,"position":141,"host_staging_bytes":98344,"event_setup_ns":401,"host_staging_ns":1603,"host_launch_ns":6876,"host_wait_ns":2097606,"cuda_graph_span_ns":2101984.024,"event_status":0,"launch_status":0,"completion_status":0}
{"schema":"riley.owned-graph-diagnostic.v1","kind":"projection","capture_id":2,"replay_id":301,"position":141,"layer":0,"projection":"gate","operator":"canonical","cuda_span_ns":6144.000,"event_status":0,"launch_status":0,"completion_status":0}
{"schema":"riley.owned-graph-diagnostic.v1","kind":"read","capture_id":2,"replay_id":301,"host_read_bytes":98344,"host_read_ns":4531}
{"schema":"riley.owned-graph-diagnostic.v1","kind":"replay","capture_id":2,"replay_id":302,"position":142,"host_staging_bytes":98344,"event_setup_ns":310,"host_staging_ns":1711,"host_launch_ns":7195,"host_wait_ns":2098211,"cuda_graph_span_ns":2102720.022,"event_status":0,"launch_status":0,"completion_status":0}
{"schema":"riley.owned-graph-diagnostic.v1","kind":"projection","capture_id":2,"replay_id":302,"position":142,"layer":0,"projection":"gate","operator":"canonical","cuda_span_ns":5120.000,"event_status":0,"launch_status":0,"completion_status":0}
{"schema":"riley.owned-graph-diagnostic.v1","kind":"read","capture_id":2,"replay_id":302,"host_read_bytes":98344,"host_read_ns":5130}
{"schema":"riley.owned-graph-diagnostic.v1","kind":"replay","capture_id":2,"replay_id":303,"position":143,"host_staging_bytes":98344,"event_setup_ns":1630,"host_staging_ns":1558,"host_launch_ns":6855,"host_wait_ns":2097494,"cuda_graph_span_ns":2101919.889,"event_status":0,"launch_status":0,"completion_status":0}
{"schema":"riley.owned-graph-diagnostic.v1","kind":"projection","capture_id":2,"replay_id":303,"position":143,"layer":0,"projection":"gate","operator":"canonical","cuda_span_ns":5120.000,"event_status":0,"launch_status":0,"completion_status":0}
{"schema":"riley.owned-graph-diagnostic.v1","kind":"read","capture_id":2,"replay_id":303,"host_read_bytes":98344,"host_read_ns":4567}
{"schema":"riley.owned-graph-diagnostic.v1","kind":"replay","capture_id":2,"replay_id":304,"position":144,"host_staging_bytes":98344,"event_setup_ns":384,"host_staging_ns":1654,"host_launch_ns":7202,"host_wait_ns":2155000,"cuda_graph_span_ns":2159744.024,"event_status":0,"launch_status":0,"completion_status":0}
{"schema":"riley.owned-graph-diagnostic.v1","kind":"projection","capture_id":2,"replay_id":304,"position":144,"layer":0,"projection":"gate","operator":"canonical","cuda_span_ns":5120.000,"event_status":0,"launch_status":0,"completion_status":0}
{"schema":"riley.owned-graph-diagnostic.v1","kind":"read","capture_id":2,"replay_id":304,"host_read_bytes":98344,"host_read_ns":4392}
{"schema":"riley.owned-graph-diagnostic.v1","kind":"replay","capture_id":2,"replay_id":305,"position":145,"host_staging_bytes":98344,"event_setup_ns":1497,"host_staging_ns":1563,"host_launch_ns":7278,"host_wait_ns":2172611,"cuda_graph_span_ns":2177344.084,"event_status":0,"launch_status":0,"completion_status":0}
{"schema":"riley.owned-graph-diagnostic.v1","kind":"projection","capture_id":2,"replay_id":305,"position":145,"layer":0,"projection":"gate","operator":"canonical","cuda_span_ns":5120.000,"event_status":0,"launch_status":0,"completion_status":0}
{"schema":"riley.owned-graph-diagnostic.v1","kind":"read","capture_id":2,"replay_id":305,"host_read_bytes":98344,"host_read_ns":4324}
{"schema":"riley.owned-graph-diagnostic.v1","kind":"replay","capture_id":2,"replay_id":306,"position":146,"host_staging_bytes":98344,"event_setup_ns":1350,"host_staging_ns":1550,"host_launch_ns":7222,"host_wait_ns":2172665,"cuda_graph_span_ns":2177599.907,"event_status":0,"launch_status":0,"completion_status":0}
{"schema":"riley.owned-graph-diagnostic.v1","kind":"projection","capture_id":2,"replay_id":306,"position":146,"layer":0,"projection":"gate","operator":"canonical","cuda_span_ns":5120.000,"event_status":0,"launch_status":0,"completion_status":0}
{"schema":"riley.owned-graph-diagnostic.v1","kind":"read","capture_id":2,"replay_id":306,"host_read_bytes":98344,"host_read_ns":4381}
{"schema":"riley.owned-graph-diagnostic.v1","kind":"replay","capture_id":2,"replay_id":307,"position":147,"host_staging_bytes":98344,"event_setup_ns":1009,"host_staging_ns":1610,"host_launch_ns":7042,"host_wait_ns":2173631,"cuda_graph_span_ns":2178143.978,"event_status":0,"launch_status":0,"completion_status":0}
{"schema":"riley.owned-graph-diagnostic.v1","kind":"projection","capture_id":2,"replay_id":307,"position":147,"layer":0,"projection":"gate","operator":"canonical","cuda_span_ns":6144.000,"event_status":0,"launch_status":0,"completion_status":0}
{"schema":"riley.owned-graph-diagnostic.v1","kind":"read","capture_id":2,"replay_id":307,"host_read_bytes":98344,"host_read_ns":4732}
{"schema":"riley.owned-graph-diagnostic.v1","kind":"replay","capture_id":2,"replay_id":308,"position":148,"host_staging_bytes":98344,"event_setup_ns":555,"host_staging_ns":1545,"host_launch_ns":6727,"host_wait_ns":2172695,"cuda_graph_span_ns":2177023.888,"event_status":0,"launch_status":0,"completion_status":0}
{"schema":"riley.owned-graph-diagnostic.v1","kind":"projection","capture_id":2,"replay_id":308,"position":148,"layer":0,"projection":"gate","operator":"canonical","cuda_span_ns":6144.000,"event_status":0,"launch_status":0,"completion_status":0}
{"schema":"riley.owned-graph-diagnostic.v1","kind":"read","capture_id":2,"replay_id":308,"host_read_bytes":98344,"host_read_ns":4433}
{"schema":"riley.owned-graph-diagnostic.v1","kind":"replay","capture_id":2,"replay_id":309,"position":149,"host_staging_bytes":98344,"event_setup_ns":505,"host_staging_ns":1538,"host_launch_ns":7225,"host_wait_ns":2170945,"cuda_graph_span_ns":2175616.026,"event_status":0,"launch_status":0,"completion_status":0}
{"schema":"riley.owned-graph-diagnostic.v1","kind":"projection","capture_id":2,"replay_id":309,"position":149,"layer":0,"projection":"gate","operator":"canonical","cuda_span_ns":5120.000,"event_status":0,"launch_status":0,"completion_status":0}
{"schema":"riley.owned-graph-diagnostic.v1","kind":"read","capture_id":2,"replay_id":309,"host_read_bytes":98344,"host_read_ns":4474}
{"schema":"riley.owned-graph-diagnostic.v1","kind":"replay","capture_id":2,"replay_id":310,"position":150,"host_staging_bytes":98344,"event_setup_ns":615,"host_staging_ns":1551,"host_launch_ns":6868,"host_wait_ns":2170791,"cuda_graph_span_ns":2175103.903,"event_status":0,"launch_status":0,"completion_status":0}
{"schema":"riley.owned-graph-diagnostic.v1","kind":"projection","capture_id":2,"replay_id":310,"position":150,"layer":0,"projection":"gate","operator":"canonical","cuda_span_ns":5120.000,"event_status":0,"launch_status":0,"completion_status":0}
{"schema":"riley.owned-graph-diagnostic.v1","kind":"read","capture_id":2,"replay_id":310,"host_read_bytes":98344,"host_read_ns":4232}
{"schema":"riley.owned-graph-diagnostic.v1","kind":"replay","capture_id":2,"replay_id":311,"position":151,"host_staging_bytes":98344,"event_setup_ns":551,"host_staging_ns":1506,"host_launch_ns":6951,"host_wait_ns":2171855,"cuda_graph_span_ns":2175904.036,"event_status":0,"launch_status":0,"completion_status":0}
{"schema":"riley.owned-graph-diagnostic.v1","kind":"projection","capture_id":2,"replay_id":311,"position":151,"layer":0,"projection":"gate","operator":"canonical","cuda_span_ns":5120.000,"event_status":0,"launch_status":0,"completion_status":0}
{"schema":"riley.owned-graph-diagnostic.v1","kind":"read","capture_id":2,"replay_id":311,"host_read_bytes":98344,"host_read_ns":5023}
{"schema":"riley.owned-graph-diagnostic.v1","kind":"replay","capture_id":2,"replay_id":312,"position":152,"host_staging_bytes":98344,"event_setup_ns":1541,"host_staging_ns":1559,"host_launch_ns":7234,"host_wait_ns":2212004,"cuda_graph_span_ns":2216799.974,"event_status":0,"launch_status":0,"completion_status":0}
{"schema":"riley.owned-graph-diagnostic.v1","kind":"projection","capture_id":2,"replay_id":312,"position":152,"layer":0,"projection":"gate","operator":"canonical","cuda_span_ns":5120.000,"event_status":0,"launch_status":0,"completion_status":0}
{"schema":"riley.owned-graph-diagnostic.v1","kind":"read","capture_id":2,"replay_id":312,"host_read_bytes":98344,"host_read_ns":4882}
{"schema":"riley.owned-graph-diagnostic.v1","kind":"replay","capture_id":2,"replay_id":313,"position":153,"host_staging_bytes":98344,"event_setup_ns":946,"host_staging_ns":1661,"host_launch_ns":7725,"host_wait_ns":2229101,"cuda_graph_span_ns":2234015.942,"event_status":0,"launch_status":0,"completion_status":0}
{"schema":"riley.owned-graph-diagnostic.v1","kind":"projection","capture_id":2,"replay_id":313,"position":153,"layer":0,"projection":"gate","operator":"canonical","cuda_span_ns":6144.000,"event_status":0,"launch_status":0,"completion_status":0}
{"schema":"riley.owned-graph-diagnostic.v1","kind":"read","capture_id":2,"replay_id":313,"host_read_bytes":98344,"host_read_ns":5348}
{"schema":"riley.owned-graph-diagnostic.v1","kind":"replay","capture_id":2,"replay_id":314,"position":154,"host_staging_bytes":98344,"event_setup_ns":461,"host_staging_ns":1567,"host_launch_ns":6932,"host_wait_ns":2228649,"cuda_graph_span_ns":2232896.090,"event_status":0,"launch_status":0,"completion_status":0}
{"schema":"riley.owned-graph-diagnostic.v1","kind":"projection","capture_id":2,"replay_id":314,"position":154,"layer":0,"projection":"gate","operator":"canonical","cuda_span_ns":5120.000,"event_status":0,"launch_status":0,"completion_status":0}
{"schema":"riley.owned-graph-diagnostic.v1","kind":"read","capture_id":2,"replay_id":314,"host_read_bytes":98344,"host_read_ns":4845}
{"schema":"riley.owned-graph-diagnostic.v1","kind":"replay","capture_id":2,"replay_id":315,"position":155,"host_staging_bytes":98344,"event_setup_ns":508,"host_staging_ns":1586,"host_launch_ns":7220,"host_wait_ns":2228586,"cuda_graph_span_ns":2232928.038,"event_status":0,"launch_status":0,"completion_status":0}
{"schema":"riley.owned-graph-diagnostic.v1","kind":"projection","capture_id":2,"replay_id":315,"position":155,"layer":0,"projection":"gate","operator":"canonical","cuda_span_ns":5120.000,"event_status":0,"launch_status":0,"completion_status":0}
{"schema":"riley.owned-graph-diagnostic.v1","kind":"read","capture_id":2,"replay_id":315,"host_read_bytes":98344,"host_read_ns":4880}
{"schema":"riley.owned-graph-diagnostic.v1","kind":"replay","capture_id":2,"replay_id":316,"position":156,"host_staging_bytes":98344,"event_setup_ns":666,"host_staging_ns":1556,"host_launch_ns":6943,"host_wait_ns":2228014,"cuda_graph_span_ns":2232448.101,"event_status":0,"launch_status":0,"completion_status":0}
{"schema":"riley.owned-graph-diagnostic.v1","kind":"projection","capture_id":2,"replay_id":316,"position":156,"layer":0,"projection":"gate","operator":"canonical","cuda_span_ns":5120.000,"event_status":0,"launch_status":0,"completion_status":0}
{"schema":"riley.owned-graph-diagnostic.v1","kind":"read","capture_id":2,"replay_id":316,"host_read_bytes":98344,"host_read_ns":5024}
{"schema":"riley.owned-graph-diagnostic.v1","kind":"replay","capture_id":2,"replay_id":317,"position":157,"host_staging_bytes":98344,"event_setup_ns":1730,"host_staging_ns":1531,"host_launch_ns":6941,"host_wait_ns":2227661,"cuda_graph_span_ns":2232000.113,"event_status":0,"launch_status":0,"completion_status":0}
{"schema":"riley.owned-graph-diagnostic.v1","kind":"projection","capture_id":2,"replay_id":317,"position":157,"layer":0,"projection":"gate","operator":"canonical","cuda_span_ns":5120.000,"event_status":0,"launch_status":0,"completion_status":0}
{"schema":"riley.owned-graph-diagnostic.v1","kind":"read","capture_id":2,"replay_id":317,"host_read_bytes":98344,"host_read_ns":4845}
{"schema":"riley.owned-graph-diagnostic.v1","kind":"replay","capture_id":2,"replay_id":318,"position":158,"host_staging_bytes":98344,"event_setup_ns":1300,"host_staging_ns":1548,"host_launch_ns":6824,"host_wait_ns":2230065,"cuda_graph_span_ns":2234272.003,"event_status":0,"launch_status":0,"completion_status":0}
{"schema":"riley.owned-graph-diagnostic.v1","kind":"projection","capture_id":2,"replay_id":318,"position":158,"layer":0,"projection":"gate","operator":"canonical","cuda_span_ns":5120.000,"event_status":0,"launch_status":0,"completion_status":0}
{"schema":"riley.owned-graph-diagnostic.v1","kind":"read","capture_id":2,"replay_id":318,"host_read_bytes":98344,"host_read_ns":4906}
{"schema":"riley.owned-graph-diagnostic.v1","kind":"replay","capture_id":1,"replay_id":319,"position":0,"host_staging_bytes":98344,"event_setup_ns":5433,"host_staging_ns":3524,"host_launch_ns":22478,"host_wait_ns":2878904,"cuda_graph_span_ns":2899008.036,"event_status":0,"launch_status":0,"completion_status":0}
{"schema":"riley.owned-graph-diagnostic.v1","kind":"projection","capture_id":1,"replay_id":319,"position":0,"layer":0,"projection":"gate","operator":"override","cuda_span_ns":10240.000,"event_status":0,"launch_status":0,"completion_status":0}
{"schema":"riley.owned-graph-diagnostic.v1","kind":"read","capture_id":1,"replay_id":319,"host_read_bytes":98344,"host_read_ns":6536}
{"schema":"riley.owned-graph-diagnostic.v1","kind":"replay","capture_id":1,"replay_id":320,"position":1,"host_staging_bytes":98344,"event_setup_ns":628,"host_staging_ns":1926,"host_launch_ns":7956,"host_wait_ns":2922338,"cuda_graph_span_ns":2927615.881,"event_status":0,"launch_status":0,"completion_status":0}
{"schema":"riley.owned-graph-diagnostic.v1","kind":"projection","capture_id":1,"replay_id":320,"position":1,"layer":0,"projection":"gate","operator":"override","cuda_span_ns":10240.000,"event_status":0,"launch_status":0,"completion_status":0}
{"schema":"riley.owned-graph-diagnostic.v1","kind":"read","capture_id":1,"replay_id":320,"host_read_bytes":98344,"host_read_ns":4815}
{"schema":"riley.owned-graph-diagnostic.v1","kind":"replay","capture_id":1,"replay_id":321,"position":2,"host_staging_bytes":98344,"event_setup_ns":456,"host_staging_ns":1874,"host_launch_ns":6881,"host_wait_ns":2937075,"cuda_graph_span_ns":2941407.919,"event_status":0,"launch_status":0,"completion_status":0}
{"schema":"riley.owned-graph-diagnostic.v1","kind":"projection","capture_id":1,"replay_id":321,"position":2,"layer":0,"projection":"gate","operator":"override","cuda_span_ns":10240.000,"event_status":0,"launch_status":0,"completion_status":0}
{"schema":"riley.owned-graph-diagnostic.v1","kind":"read","capture_id":1,"replay_id":321,"host_read_bytes":98344,"host_read_ns":5161}
{"schema":"riley.owned-graph-diagnostic.v1","kind":"replay","capture_id":1,"replay_id":322,"position":3,"host_staging_bytes":98344,"event_setup_ns":530,"host_staging_ns":1882,"host_launch_ns":6992,"host_wait_ns":2928605,"cuda_graph_span_ns":2932735.920,"event_status":0,"launch_status":0,"completion_status":0}
{"schema":"riley.owned-graph-diagnostic.v1","kind":"projection","capture_id":1,"replay_id":322,"position":3,"layer":0,"projection":"gate","operator":"override","cuda_span_ns":10240.000,"event_status":0,"launch_status":0,"completion_status":0}
{"schema":"riley.owned-graph-diagnostic.v1","kind":"read","capture_id":1,"replay_id":322,"host_read_bytes":98344,"host_read_ns":4985}
{"schema":"riley.owned-graph-diagnostic.v1","kind":"replay","capture_id":1,"replay_id":323,"position":4,"host_staging_bytes":98344,"event_setup_ns":421,"host_staging_ns":1841,"host_launch_ns":6566,"host_wait_ns":2938634,"cuda_graph_span_ns":2943007.946,"event_status":0,"launch_status":0,"completion_status":0}
{"schema":"riley.owned-graph-diagnostic.v1","kind":"projection","capture_id":1,"replay_id":323,"position":4,"layer":0,"projection":"gate","operator":"override","cuda_span_ns":11264.000,"event_status":0,"launch_status":0,"completion_status":0}
{"schema":"riley.owned-graph-diagnostic.v1","kind":"read","capture_id":1,"replay_id":323,"host_read_bytes":98344,"host_read_ns":5325}
{"schema":"riley.owned-graph-diagnostic.v1","kind":"replay","capture_id":1,"replay_id":324,"position":5,"host_staging_bytes":98344,"event_setup_ns":516,"host_staging_ns":1862,"host_launch_ns":6827,"host_wait_ns":2935356,"cuda_graph_span_ns":2939584.017,"event_status":0,"launch_status":0,"completion_status":0}
{"schema":"riley.owned-graph-diagnostic.v1","kind":"projection","capture_id":1,"replay_id":324,"position":5,"layer":0,"projection":"gate","operator":"override","cuda_span_ns":11264.000,"event_status":0,"launch_status":0,"completion_status":0}
{"schema":"riley.owned-graph-diagnostic.v1","kind":"read","capture_id":1,"replay_id":324,"host_read_bytes":98344,"host_read_ns":5825}
{"schema":"riley.owned-graph-diagnostic.v1","kind":"replay","capture_id":1,"replay_id":325,"position":6,"host_staging_bytes":98344,"event_setup_ns":497,"host_staging_ns":1929,"host_launch_ns":10416,"host_wait_ns":2931846,"cuda_graph_span_ns":2939647.913,"event_status":0,"launch_status":0,"completion_status":0}
{"schema":"riley.owned-graph-diagnostic.v1","kind":"projection","capture_id":1,"replay_id":325,"position":6,"layer":0,"projection":"gate","operator":"override","cuda_span_ns":10240.000,"event_status":0,"launch_status":0,"completion_status":0}
{"schema":"riley.owned-graph-diagnostic.v1","kind":"read","capture_id":1,"replay_id":325,"host_read_bytes":98344,"host_read_ns":5371}
{"schema":"riley.owned-graph-diagnostic.v1","kind":"replay","capture_id":1,"replay_id":326,"position":7,"host_staging_bytes":98344,"event_setup_ns":318,"host_staging_ns":1830,"host_launch_ns":6896,"host_wait_ns":2938695,"cuda_graph_span_ns":2942687.988,"event_status":0,"launch_status":0,"completion_status":0}
{"schema":"riley.owned-graph-diagnostic.v1","kind":"projection","capture_id":1,"replay_id":326,"position":7,"layer":0,"projection":"gate","operator":"override","cuda_span_ns":10240.000,"event_status":0,"launch_status":0,"completion_status":0}
{"schema":"riley.owned-graph-diagnostic.v1","kind":"read","capture_id":1,"replay_id":326,"host_read_bytes":98344,"host_read_ns":4920}
{"schema":"riley.owned-graph-diagnostic.v1","kind":"replay","capture_id":1,"replay_id":327,"position":8,"host_staging_bytes":98344,"event_setup_ns":373,"host_staging_ns":1732,"host_launch_ns":6970,"host_wait_ns":2968521,"cuda_graph_span_ns":2972800.016,"event_status":0,"launch_status":0,"completion_status":0}
{"schema":"riley.owned-graph-diagnostic.v1","kind":"projection","capture_id":1,"replay_id":327,"position":8,"layer":0,"projection":"gate","operator":"override","cuda_span_ns":10240.000,"event_status":0,"launch_status":0,"completion_status":0}
{"schema":"riley.owned-graph-diagnostic.v1","kind":"read","capture_id":1,"replay_id":327,"host_read_bytes":98344,"host_read_ns":4570}
{"schema":"riley.owned-graph-diagnostic.v1","kind":"replay","capture_id":1,"replay_id":328,"position":9,"host_staging_bytes":98344,"event_setup_ns":444,"host_staging_ns":1534,"host_launch_ns":7162,"host_wait_ns":3003103,"cuda_graph_span_ns":3007679.939,"event_status":0,"launch_status":0,"completion_status":0}
{"schema":"riley.owned-graph-diagnostic.v1","kind":"projection","capture_id":1,"replay_id":328,"position":9,"layer":0,"projection":"gate","operator":"override","cuda_span_ns":10240.000,"event_status":0,"launch_status":0,"completion_status":0}
{"schema":"riley.owned-graph-diagnostic.v1","kind":"read","capture_id":1,"replay_id":328,"host_read_bytes":98344,"host_read_ns":5095}
{"schema":"riley.owned-graph-diagnostic.v1","kind":"replay","capture_id":1,"replay_id":329,"position":10,"host_staging_bytes":98344,"event_setup_ns":358,"host_staging_ns":1548,"host_launch_ns":6932,"host_wait_ns":3010140,"cuda_graph_span_ns":3014431.953,"event_status":0,"launch_status":0,"completion_status":0}
{"schema":"riley.owned-graph-diagnostic.v1","kind":"projection","capture_id":1,"replay_id":329,"position":10,"layer":0,"projection":"gate","operator":"override","cuda_span_ns":10240.000,"event_status":0,"launch_status":0,"completion_status":0}
{"schema":"riley.owned-graph-diagnostic.v1","kind":"read","capture_id":1,"replay_id":329,"host_read_bytes":98344,"host_read_ns":4468}
{"schema":"riley.owned-graph-diagnostic.v1","kind":"replay","capture_id":1,"replay_id":330,"position":11,"host_staging_bytes":98344,"event_setup_ns":330,"host_staging_ns":1527,"host_launch_ns":6752,"host_wait_ns":3015939,"cuda_graph_span_ns":3020159.960,"event_status":0,"launch_status":0,"completion_status":0}
{"schema":"riley.owned-graph-diagnostic.v1","kind":"projection","capture_id":1,"replay_id":330,"position":11,"layer":0,"projection":"gate","operator":"override","cuda_span_ns":10240.000,"event_status":0,"launch_status":0,"completion_status":0}
{"schema":"riley.owned-graph-diagnostic.v1","kind":"read","capture_id":1,"replay_id":330,"host_read_bytes":98344,"host_read_ns":4688}
{"schema":"riley.owned-graph-diagnostic.v1","kind":"replay","capture_id":1,"replay_id":331,"position":12,"host_staging_bytes":98344,"event_setup_ns":315,"host_staging_ns":1597,"host_launch_ns":7509,"host_wait_ns":3009066,"cuda_graph_span_ns":3013600.111,"event_status":0,"launch_status":0,"completion_status":0}
{"schema":"riley.owned-graph-diagnostic.v1","kind":"projection","capture_id":1,"replay_id":331,"position":12,"layer":0,"projection":"gate","operator":"override","cuda_span_ns":11264.000,"event_status":0,"launch_status":0,"completion_status":0}
{"schema":"riley.owned-graph-diagnostic.v1","kind":"read","capture_id":1,"replay_id":331,"host_read_bytes":98344,"host_read_ns":5453}
{"schema":"riley.owned-graph-diagnostic.v1","kind":"replay","capture_id":1,"replay_id":332,"position":13,"host_staging_bytes":98344,"event_setup_ns":473,"host_staging_ns":1647,"host_launch_ns":7611,"host_wait_ns":3018598,"cuda_graph_span_ns":3023616.076,"event_status":0,"launch_status":0,"completion_status":0}
{"schema":"riley.owned-graph-diagnostic.v1","kind":"projection","capture_id":1,"replay_id":332,"position":13,"layer":0,"projection":"gate","operator":"override","cuda_span_ns":10240.000,"event_status":0,"launch_status":0,"completion_status":0}
{"schema":"riley.owned-graph-diagnostic.v1","kind":"read","capture_id":1,"replay_id":332,"host_read_bytes":98344,"host_read_ns":4670}
{"schema":"riley.owned-graph-diagnostic.v1","kind":"replay","capture_id":1,"replay_id":333,"position":14,"host_staging_bytes":98344,"event_setup_ns":470,"host_staging_ns":1597,"host_launch_ns":7507,"host_wait_ns":3019235,"cuda_graph_span_ns":3023679.972,"event_status":0,"launch_status":0,"completion_status":0}
{"schema":"riley.owned-graph-diagnostic.v1","kind":"projection","capture_id":1,"replay_id":333,"position":14,"layer":0,"projection":"gate","operator":"override","cuda_span_ns":10240.000,"event_status":0,"launch_status":0,"completion_status":0}
{"schema":"riley.owned-graph-diagnostic.v1","kind":"read","capture_id":1,"replay_id":333,"host_read_bytes":98344,"host_read_ns":5241}
{"schema":"riley.owned-graph-diagnostic.v1","kind":"replay","capture_id":1,"replay_id":334,"position":15,"host_staging_bytes":98344,"event_setup_ns":436,"host_staging_ns":1642,"host_launch_ns":7140,"host_wait_ns":3004094,"cuda_graph_span_ns":3008127.928,"event_status":0,"launch_status":0,"completion_status":0}
{"schema":"riley.owned-graph-diagnostic.v1","kind":"projection","capture_id":1,"replay_id":334,"position":15,"layer":0,"projection":"gate","operator":"override","cuda_span_ns":10240.000,"event_status":0,"launch_status":0,"completion_status":0}
{"schema":"riley.owned-graph-diagnostic.v1","kind":"read","capture_id":1,"replay_id":334,"host_read_bytes":98344,"host_read_ns":4689}
{"schema":"riley.owned-graph-diagnostic.v1","kind":"replay","capture_id":1,"replay_id":335,"position":16,"host_staging_bytes":98344,"event_setup_ns":523,"host_staging_ns":1618,"host_launch_ns":7347,"host_wait_ns":3069999,"cuda_graph_span_ns":3074592.113,"event_status":0,"launch_status":0,"completion_status":0}
{"schema":"riley.owned-graph-diagnostic.v1","kind":"projection","capture_id":1,"replay_id":335,"position":16,"layer":0,"projection":"gate","operator":"override","cuda_span_ns":10240.000,"event_status":0,"launch_status":0,"completion_status":0}
{"schema":"riley.owned-graph-diagnostic.v1","kind":"read","capture_id":1,"replay_id":335,"host_read_bytes":98344,"host_read_ns":5264}
{"schema":"riley.owned-graph-diagnostic.v1","kind":"replay","capture_id":1,"replay_id":336,"position":17,"host_staging_bytes":98344,"event_setup_ns":446,"host_staging_ns":1611,"host_launch_ns":7253,"host_wait_ns":3109674,"cuda_graph_span_ns":3114079.952,"event_status":0,"launch_status":0,"completion_status":0}
{"schema":"riley.owned-graph-diagnostic.v1","kind":"projection","capture_id":1,"replay_id":336,"position":17,"layer":0,"projection":"gate","operator":"override","cuda_span_ns":10240.000,"event_status":0,"launch_status":0,"completion_status":0}
{"schema":"riley.owned-graph-diagnostic.v1","kind":"read","capture_id":1,"replay_id":336,"host_read_bytes":98344,"host_read_ns":5472}
{"schema":"riley.owned-graph-diagnostic.v1","kind":"replay","capture_id":1,"replay_id":337,"position":18,"host_staging_bytes":98344,"event_setup_ns":379,"host_staging_ns":1600,"host_launch_ns":7309,"host_wait_ns":3118811,"cuda_graph_span_ns":3123264.074,"event_status":0,"launch_status":0,"completion_status":0}
{"schema":"riley.owned-graph-diagnostic.v1","kind":"projection","capture_id":1,"replay_id":337,"position":18,"layer":0,"projection":"gate","operator":"override","cuda_span_ns":10240.000,"event_status":0,"launch_status":0,"completion_status":0}
{"schema":"riley.owned-graph-diagnostic.v1","kind":"read","capture_id":1,"replay_id":337,"host_read_bytes":98344,"host_read_ns":4554}
{"schema":"riley.owned-graph-diagnostic.v1","kind":"replay","capture_id":1,"replay_id":338,"position":19,"host_staging_bytes":98344,"event_setup_ns":318,"host_staging_ns":1564,"host_launch_ns":7301,"host_wait_ns":3117048,"cuda_graph_span_ns":3121536.016,"event_status":0,"launch_status":0,"completion_status":0}
{"schema":"riley.owned-graph-diagnostic.v1","kind":"projection","capture_id":1,"replay_id":338,"position":19,"layer":0,"projection":"gate","operator":"override","cuda_span_ns":11264.000,"event_status":0,"launch_status":0,"completion_status":0}
{"schema":"riley.owned-graph-diagnostic.v1","kind":"read","capture_id":1,"replay_id":338,"host_read_bytes":98344,"host_read_ns":4616}
{"schema":"riley.owned-graph-diagnostic.v1","kind":"replay","capture_id":1,"replay_id":339,"position":20,"host_staging_bytes":98344,"event_setup_ns":352,"host_staging_ns":1539,"host_launch_ns":7382,"host_wait_ns":3116633,"cuda_graph_span_ns":3120640.039,"event_status":0,"launch_status":0,"completion_status":0}
{"schema":"riley.owned-graph-diagnostic.v1","kind":"projection","capture_id":1,"replay_id":339,"position":20,"layer":0,"projection":"gate","operator":"override","cuda_span_ns":11264.000,"event_status":0,"launch_status":0,"completion_status":0}
{"schema":"riley.owned-graph-diagnostic.v1","kind":"read","capture_id":1,"replay_id":339,"host_read_bytes":98344,"host_read_ns":4716}
{"schema":"riley.owned-graph-diagnostic.v1","kind":"replay","capture_id":1,"replay_id":340,"position":21,"host_staging_bytes":98344,"event_setup_ns":426,"host_staging_ns":1597,"host_launch_ns":7356,"host_wait_ns":3116947,"cuda_graph_span_ns":3121792.078,"event_status":0,"launch_status":0,"completion_status":0}
{"schema":"riley.owned-graph-diagnostic.v1","kind":"projection","capture_id":1,"replay_id":340,"position":21,"layer":0,"projection":"gate","operator":"override","cuda_span_ns":10240.000,"event_status":0,"launch_status":0,"completion_status":0}
{"schema":"riley.owned-graph-diagnostic.v1","kind":"read","capture_id":1,"replay_id":340,"host_read_bytes":98344,"host_read_ns":4618}
{"schema":"riley.owned-graph-diagnostic.v1","kind":"replay","capture_id":1,"replay_id":341,"position":22,"host_staging_bytes":98344,"event_setup_ns":401,"host_staging_ns":1551,"host_launch_ns":7110,"host_wait_ns":3122449,"cuda_graph_span_ns":3126816.034,"event_status":0,"launch_status":0,"completion_status":0}
{"schema":"riley.owned-graph-diagnostic.v1","kind":"projection","capture_id":1,"replay_id":341,"position":22,"layer":0,"projection":"gate","operator":"override","cuda_span_ns":10240.000,"event_status":0,"launch_status":0,"completion_status":0}
{"schema":"riley.owned-graph-diagnostic.v1","kind":"read","capture_id":1,"replay_id":341,"host_read_bytes":98344,"host_read_ns":4522}
{"schema":"riley.owned-graph-diagnostic.v1","kind":"replay","capture_id":1,"replay_id":342,"position":23,"host_staging_bytes":98344,"event_setup_ns":350,"host_staging_ns":1532,"host_launch_ns":7023,"host_wait_ns":3118738,"cuda_graph_span_ns":3122879.982,"event_status":0,"launch_status":0,"completion_status":0}
{"schema":"riley.owned-graph-diagnostic.v1","kind":"projection","capture_id":1,"replay_id":342,"position":23,"layer":0,"projection":"gate","operator":"override","cuda_span_ns":10240.000,"event_status":0,"launch_status":0,"completion_status":0}
{"schema":"riley.owned-graph-diagnostic.v1","kind":"read","capture_id":1,"replay_id":342,"host_read_bytes":98344,"host_read_ns":4296}
{"schema":"riley.owned-graph-diagnostic.v1","kind":"replay","capture_id":1,"replay_id":343,"position":24,"host_staging_bytes":98344,"event_setup_ns":402,"host_staging_ns":1542,"host_launch_ns":7271,"host_wait_ns":3159619,"cuda_graph_span_ns":3164160.013,"event_status":0,"launch_status":0,"completion_status":0}
{"schema":"riley.owned-graph-diagnostic.v1","kind":"projection","capture_id":1,"replay_id":343,"position":24,"layer":0,"projection":"gate","operator":"override","cuda_span_ns":10240.000,"event_status":0,"launch_status":0,"completion_status":0}
{"schema":"riley.owned-graph-diagnostic.v1","kind":"read","capture_id":1,"replay_id":343,"host_read_bytes":98344,"host_read_ns":4980}
{"schema":"riley.owned-graph-diagnostic.v1","kind":"replay","capture_id":1,"replay_id":344,"position":25,"host_staging_bytes":98344,"event_setup_ns":431,"host_staging_ns":1565,"host_launch_ns":6982,"host_wait_ns":3200684,"cuda_graph_span_ns":3204960.108,"event_status":0,"launch_status":0,"completion_status":0}
{"schema":"riley.owned-graph-diagnostic.v1","kind":"projection","capture_id":1,"replay_id":344,"position":25,"layer":0,"projection":"gate","operator":"override","cuda_span_ns":10240.000,"event_status":0,"launch_status":0,"completion_status":0}
{"schema":"riley.owned-graph-diagnostic.v1","kind":"read","capture_id":1,"replay_id":344,"host_read_bytes":98344,"host_read_ns":4853}
{"schema":"riley.owned-graph-diagnostic.v1","kind":"replay","capture_id":1,"replay_id":345,"position":26,"host_staging_bytes":98344,"event_setup_ns":359,"host_staging_ns":1576,"host_launch_ns":6896,"host_wait_ns":3214675,"cuda_graph_span_ns":3218656.063,"event_status":0,"launch_status":0,"completion_status":0}
{"schema":"riley.owned-graph-diagnostic.v1","kind":"projection","capture_id":1,"replay_id":345,"position":26,"layer":0,"projection":"gate","operator":"override","cuda_span_ns":10240.000,"event_status":0,"launch_status":0,"completion_status":0}
{"schema":"riley.owned-graph-diagnostic.v1","kind":"read","capture_id":1,"replay_id":345,"host_read_bytes":98344,"host_read_ns":5646}
{"schema":"riley.owned-graph-diagnostic.v1","kind":"replay","capture_id":1,"replay_id":346,"position":27,"host_staging_bytes":98344,"event_setup_ns":511,"host_staging_ns":1755,"host_launch_ns":7931,"host_wait_ns":3210585,"cuda_graph_span_ns":3215424.061,"event_status":0,"launch_status":0,"completion_status":0}
{"schema":"riley.owned-graph-diagnostic.v1","kind":"projection","capture_id":1,"replay_id":346,"position":27,"layer":0,"projection":"gate","operator":"override","cuda_span_ns":10240.000,"event_status":0,"launch_status":0,"completion_status":0}
{"schema":"riley.owned-graph-diagnostic.v1","kind":"read","capture_id":1,"replay_id":346,"host_read_bytes":98344,"host_read_ns":5624}
{"schema":"riley.owned-graph-diagnostic.v1","kind":"replay","capture_id":1,"replay_id":347,"position":28,"host_staging_bytes":98344,"event_setup_ns":395,"host_staging_ns":1595,"host_launch_ns":8110,"host_wait_ns":3208106,"cuda_graph_span_ns":3213407.993,"event_status":0,"launch_status":0,"completion_status":0}
{"schema":"riley.owned-graph-diagnostic.v1","kind":"projection","capture_id":1,"replay_id":347,"position":28,"layer":0,"projection":"gate","operator":"override","cuda_span_ns":11264.000,"event_status":0,"launch_status":0,"completion_status":0}
{"schema":"riley.owned-graph-diagnostic.v1","kind":"read","capture_id":1,"replay_id":347,"host_read_bytes":98344,"host_read_ns":5143}
{"schema":"riley.owned-graph-diagnostic.v1","kind":"replay","capture_id":1,"replay_id":348,"position":29,"host_staging_bytes":98344,"event_setup_ns":643,"host_staging_ns":1594,"host_launch_ns":7797,"host_wait_ns":3212951,"cuda_graph_span_ns":3218015.909,"event_status":0,"launch_status":0,"completion_status":0}
{"schema":"riley.owned-graph-diagnostic.v1","kind":"projection","capture_id":1,"replay_id":348,"position":29,"layer":0,"projection":"gate","operator":"override","cuda_span_ns":10240.000,"event_status":0,"launch_status":0,"completion_status":0}
{"schema":"riley.owned-graph-diagnostic.v1","kind":"read","capture_id":1,"replay_id":348,"host_read_bytes":98344,"host_read_ns":4593}
{"schema":"riley.owned-graph-diagnostic.v1","kind":"replay","capture_id":1,"replay_id":349,"position":30,"host_staging_bytes":98344,"event_setup_ns":377,"host_staging_ns":1577,"host_launch_ns":7734,"host_wait_ns":3214685,"cuda_graph_span_ns":3219424.009,"event_status":0,"launch_status":0,"completion_status":0}
{"schema":"riley.owned-graph-diagnostic.v1","kind":"projection","capture_id":1,"replay_id":349,"position":30,"layer":0,"projection":"gate","operator":"override","cuda_span_ns":10240.000,"event_status":0,"launch_status":0,"completion_status":0}
{"schema":"riley.owned-graph-diagnostic.v1","kind":"read","capture_id":1,"replay_id":349,"host_read_bytes":98344,"host_read_ns":4783}
{"schema":"riley.owned-graph-diagnostic.v1","kind":"replay","capture_id":1,"replay_id":350,"position":31,"host_staging_bytes":98344,"event_setup_ns":2047,"host_staging_ns":1496,"host_launch_ns":7430,"host_wait_ns":3200854,"cuda_graph_span_ns":3205600.023,"event_status":0,"launch_status":0,"completion_status":0}
{"schema":"riley.owned-graph-diagnostic.v1","kind":"projection","capture_id":1,"replay_id":350,"position":31,"layer":0,"projection":"gate","operator":"override","cuda_span_ns":10240.000,"event_status":0,"launch_status":0,"completion_status":0}
{"schema":"riley.owned-graph-diagnostic.v1","kind":"read","capture_id":1,"replay_id":350,"host_read_bytes":98344,"host_read_ns":4938}
{"schema":"riley.owned-graph-diagnostic.v1","kind":"replay","capture_id":1,"replay_id":351,"position":32,"host_staging_bytes":98344,"event_setup_ns":526,"host_staging_ns":1589,"host_launch_ns":7257,"host_wait_ns":3263615,"cuda_graph_span_ns":3267839.909,"event_status":0,"launch_status":0,"completion_status":0}
{"schema":"riley.owned-graph-diagnostic.v1","kind":"projection","capture_id":1,"replay_id":351,"position":32,"layer":0,"projection":"gate","operator":"override","cuda_span_ns":10240.000,"event_status":0,"launch_status":0,"completion_status":0}
{"schema":"riley.owned-graph-diagnostic.v1","kind":"read","capture_id":1,"replay_id":351,"host_read_bytes":98344,"host_read_ns":4587}
{"schema":"riley.owned-graph-diagnostic.v1","kind":"replay","capture_id":1,"replay_id":352,"position":33,"host_staging_bytes":98344,"event_setup_ns":382,"host_staging_ns":1569,"host_launch_ns":7390,"host_wait_ns":3296625,"cuda_graph_span_ns":3301471.949,"event_status":0,"launch_status":0,"completion_status":0}
{"schema":"riley.owned-graph-diagnostic.v1","kind":"projection","capture_id":1,"replay_id":352,"position":33,"layer":0,"projection":"gate","operator":"override","cuda_span_ns":11264.000,"event_status":0,"launch_status":0,"completion_status":0}
{"schema":"riley.owned-graph-diagnostic.v1","kind":"read","capture_id":1,"replay_id":352,"host_read_bytes":98344,"host_read_ns":4770}
{"schema":"riley.owned-graph-diagnostic.v1","kind":"replay","capture_id":1,"replay_id":353,"position":34,"host_staging_bytes":98344,"event_setup_ns":322,"host_staging_ns":1593,"host_launch_ns":7579,"host_wait_ns":3304635,"cuda_graph_span_ns":3309760.094,"event_status":0,"launch_status":0,"completion_status":0}
{"schema":"riley.owned-graph-diagnostic.v1","kind":"projection","capture_id":1,"replay_id":353,"position":34,"layer":0,"projection":"gate","operator":"override","cuda_span_ns":11264.000,"event_status":0,"launch_status":0,"completion_status":0}
{"schema":"riley.owned-graph-diagnostic.v1","kind":"read","capture_id":1,"replay_id":353,"host_read_bytes":98344,"host_read_ns":4691}
{"schema":"riley.owned-graph-diagnostic.v1","kind":"replay","capture_id":1,"replay_id":354,"position":35,"host_staging_bytes":98344,"event_setup_ns":367,"host_staging_ns":1568,"host_launch_ns":7186,"host_wait_ns":3314487,"cuda_graph_span_ns":3319008.112,"event_status":0,"launch_status":0,"completion_status":0}
{"schema":"riley.owned-graph-diagnostic.v1","kind":"projection","capture_id":1,"replay_id":354,"position":35,"layer":0,"projection":"gate","operator":"override","cuda_span_ns":10240.000,"event_status":0,"launch_status":0,"completion_status":0}
{"schema":"riley.owned-graph-diagnostic.v1","kind":"read","capture_id":1,"replay_id":354,"host_read_bytes":98344,"host_read_ns":4484}
{"schema":"riley.owned-graph-diagnostic.v1","kind":"replay","capture_id":1,"replay_id":355,"position":36,"host_staging_bytes":98344,"event_setup_ns":508,"host_staging_ns":1562,"host_launch_ns":7514,"host_wait_ns":3311848,"cuda_graph_span_ns":3316479.921,"event_status":0,"launch_status":0,"completion_status":0}
{"schema":"riley.owned-graph-diagnostic.v1","kind":"projection","capture_id":1,"replay_id":355,"position":36,"layer":0,"projection":"gate","operator":"override","cuda_span_ns":11264.000,"event_status":0,"launch_status":0,"completion_status":0}
{"schema":"riley.owned-graph-diagnostic.v1","kind":"read","capture_id":1,"replay_id":355,"host_read_bytes":98344,"host_read_ns":4604}
{"schema":"riley.owned-graph-diagnostic.v1","kind":"replay","capture_id":1,"replay_id":356,"position":37,"host_staging_bytes":98344,"event_setup_ns":462,"host_staging_ns":1556,"host_launch_ns":7228,"host_wait_ns":3311752,"cuda_graph_span_ns":3316351.891,"event_status":0,"launch_status":0,"completion_status":0}
{"schema":"riley.owned-graph-diagnostic.v1","kind":"projection","capture_id":1,"replay_id":356,"position":37,"layer":0,"projection":"gate","operator":"override","cuda_span_ns":11264.000,"event_status":0,"launch_status":0,"completion_status":0}
{"schema":"riley.owned-graph-diagnostic.v1","kind":"read","capture_id":1,"replay_id":356,"host_read_bytes":98344,"host_read_ns":4883}
{"schema":"riley.owned-graph-diagnostic.v1","kind":"replay","capture_id":1,"replay_id":357,"position":38,"host_staging_bytes":98344,"event_setup_ns":373,"host_staging_ns":1545,"host_launch_ns":7196,"host_wait_ns":3311666,"cuda_graph_span_ns":3316224.098,"event_status":0,"launch_status":0,"completion_status":0}
{"schema":"riley.owned-graph-diagnostic.v1","kind":"projection","capture_id":1,"replay_id":357,"position":38,"layer":0,"projection":"gate","operator":"override","cuda_span_ns":11264.000,"event_status":0,"launch_status":0,"completion_status":0}
{"schema":"riley.owned-graph-diagnostic.v1","kind":"read","capture_id":1,"replay_id":357,"host_read_bytes":98344,"host_read_ns":4588}
{"schema":"riley.owned-graph-diagnostic.v1","kind":"replay","capture_id":1,"replay_id":358,"position":39,"host_staging_bytes":98344,"event_setup_ns":338,"host_staging_ns":1529,"host_launch_ns":6909,"host_wait_ns":3312236,"cuda_graph_span_ns":3316607.952,"event_status":0,"launch_status":0,"completion_status":0}
{"schema":"riley.owned-graph-diagnostic.v1","kind":"projection","capture_id":1,"replay_id":358,"position":39,"layer":0,"projection":"gate","operator":"override","cuda_span_ns":11264.000,"event_status":0,"launch_status":0,"completion_status":0}
{"schema":"riley.owned-graph-diagnostic.v1","kind":"read","capture_id":1,"replay_id":358,"host_read_bytes":98344,"host_read_ns":4592}
{"schema":"riley.owned-graph-diagnostic.v1","kind":"replay","capture_id":1,"replay_id":359,"position":40,"host_staging_bytes":98344,"event_setup_ns":353,"host_staging_ns":1618,"host_launch_ns":6711,"host_wait_ns":3355203,"cuda_graph_span_ns":3359296.083,"event_status":0,"launch_status":0,"completion_status":0}
{"schema":"riley.owned-graph-diagnostic.v1","kind":"projection","capture_id":1,"replay_id":359,"position":40,"layer":0,"projection":"gate","operator":"override","cuda_span_ns":10240.000,"event_status":0,"launch_status":0,"completion_status":0}
{"schema":"riley.owned-graph-diagnostic.v1","kind":"read","capture_id":1,"replay_id":359,"host_read_bytes":98344,"host_read_ns":4532}
{"schema":"riley.owned-graph-diagnostic.v1","kind":"replay","capture_id":1,"replay_id":360,"position":41,"host_staging_bytes":98344,"event_setup_ns":358,"host_staging_ns":1516,"host_launch_ns":6940,"host_wait_ns":3386300,"cuda_graph_span_ns":3390399.933,"event_status":0,"launch_status":0,"completion_status":0}
{"schema":"riley.owned-graph-diagnostic.v1","kind":"projection","capture_id":1,"replay_id":360,"position":41,"layer":0,"projection":"gate","operator":"override","cuda_span_ns":11264.000,"event_status":0,"launch_status":0,"completion_status":0}
{"schema":"riley.owned-graph-diagnostic.v1","kind":"read","capture_id":1,"replay_id":360,"host_read_bytes":98344,"host_read_ns":4668}
{"schema":"riley.owned-graph-diagnostic.v1","kind":"replay","capture_id":1,"replay_id":361,"position":42,"host_staging_bytes":98344,"event_setup_ns":322,"host_staging_ns":1548,"host_launch_ns":6965,"host_wait_ns":3395191,"cuda_graph_span_ns":3399456.024,"event_status":0,"launch_status":0,"completion_status":0}
{"schema":"riley.owned-graph-diagnostic.v1","kind":"projection","capture_id":1,"replay_id":361,"position":42,"layer":0,"projection":"gate","operator":"override","cuda_span_ns":11264.000,"event_status":0,"launch_status":0,"completion_status":0}
{"schema":"riley.owned-graph-diagnostic.v1","kind":"read","capture_id":1,"replay_id":361,"host_read_bytes":98344,"host_read_ns":4353}
{"schema":"riley.owned-graph-diagnostic.v1","kind":"replay","capture_id":1,"replay_id":362,"position":43,"host_staging_bytes":98344,"event_setup_ns":431,"host_staging_ns":1538,"host_launch_ns":7000,"host_wait_ns":3396807,"cuda_graph_span_ns":3400896.072,"event_status":0,"launch_status":0,"completion_status":0}
{"schema":"riley.owned-graph-diagnostic.v1","kind":"projection","capture_id":1,"replay_id":362,"position":43,"layer":0,"projection":"gate","operator":"override","cuda_span_ns":10240.000,"event_status":0,"launch_status":0,"completion_status":0}
{"schema":"riley.owned-graph-diagnostic.v1","kind":"read","capture_id":1,"replay_id":362,"host_read_bytes":98344,"host_read_ns":4661}
{"schema":"riley.owned-graph-diagnostic.v1","kind":"replay","capture_id":1,"replay_id":363,"position":44,"host_staging_bytes":98344,"event_setup_ns":463,"host_staging_ns":1563,"host_launch_ns":7345,"host_wait_ns":3397867,"cuda_graph_span_ns":3402431.965,"event_status":0,"launch_status":0,"completion_status":0}
{"schema":"riley.owned-graph-diagnostic.v1","kind":"projection","capture_id":1,"replay_id":363,"position":44,"layer":0,"projection":"gate","operator":"override","cuda_span_ns":11264.000,"event_status":0,"launch_status":0,"completion_status":0}
{"schema":"riley.owned-graph-diagnostic.v1","kind":"read","capture_id":1,"replay_id":363,"host_read_bytes":98344,"host_read_ns":4548}
{"schema":"riley.owned-graph-diagnostic.v1","kind":"replay","capture_id":1,"replay_id":364,"position":45,"host_staging_bytes":98344,"event_setup_ns":479,"host_staging_ns":1602,"host_launch_ns":7941,"host_wait_ns":3398882,"cuda_graph_span_ns":3403968.096,"event_status":0,"launch_status":0,"completion_status":0}
{"schema":"riley.owned-graph-diagnostic.v1","kind":"projection","capture_id":1,"replay_id":364,"position":45,"layer":0,"projection":"gate","operator":"override","cuda_span_ns":10240.000,"event_status":0,"launch_status":0,"completion_status":0}
{"schema":"riley.owned-graph-diagnostic.v1","kind":"read","capture_id":1,"replay_id":364,"host_read_bytes":98344,"host_read_ns":5112}
{"schema":"riley.owned-graph-diagnostic.v1","kind":"replay","capture_id":1,"replay_id":365,"position":46,"host_staging_bytes":98344,"event_setup_ns":386,"host_staging_ns":1709,"host_launch_ns":7706,"host_wait_ns":3398472,"cuda_graph_span_ns":3403232.098,"event_status":0,"launch_status":0,"completion_status":0}
{"schema":"riley.owned-graph-diagnostic.v1","kind":"projection","capture_id":1,"replay_id":365,"position":46,"layer":0,"projection":"gate","operator":"override","cuda_span_ns":10240.000,"event_status":0,"launch_status":0,"completion_status":0}
{"schema":"riley.owned-graph-diagnostic.v1","kind":"read","capture_id":1,"replay_id":365,"host_read_bytes":98344,"host_read_ns":5021}
{"schema":"riley.owned-graph-diagnostic.v1","kind":"replay","capture_id":1,"replay_id":366,"position":47,"host_staging_bytes":98344,"event_setup_ns":493,"host_staging_ns":1701,"host_launch_ns":7630,"host_wait_ns":3398952,"cuda_graph_span_ns":3403872.013,"event_status":0,"launch_status":0,"completion_status":0}
{"schema":"riley.owned-graph-diagnostic.v1","kind":"projection","capture_id":1,"replay_id":366,"position":47,"layer":0,"projection":"gate","operator":"override","cuda_span_ns":10240.000,"event_status":0,"launch_status":0,"completion_status":0}
{"schema":"riley.owned-graph-diagnostic.v1","kind":"read","capture_id":1,"replay_id":366,"host_read_bytes":98344,"host_read_ns":4918}
{"schema":"riley.owned-graph-diagnostic.v1","kind":"replay","capture_id":1,"replay_id":367,"position":48,"host_staging_bytes":98344,"event_setup_ns":381,"host_staging_ns":1566,"host_launch_ns":7732,"host_wait_ns":3459884,"cuda_graph_span_ns":3464799.881,"event_status":0,"launch_status":0,"completion_status":0}
{"schema":"riley.owned-graph-diagnostic.v1","kind":"projection","capture_id":1,"replay_id":367,"position":48,"layer":0,"projection":"gate","operator":"override","cuda_span_ns":11264.000,"event_status":0,"launch_status":0,"completion_status":0}
{"schema":"riley.owned-graph-diagnostic.v1","kind":"read","capture_id":1,"replay_id":367,"host_read_bytes":98344,"host_read_ns":4587}
{"schema":"riley.owned-graph-diagnostic.v1","kind":"replay","capture_id":1,"replay_id":368,"position":49,"host_staging_bytes":98344,"event_setup_ns":300,"host_staging_ns":1542,"host_launch_ns":6901,"host_wait_ns":3495018,"cuda_graph_span_ns":3499200.106,"event_status":0,"launch_status":0,"completion_status":0}
{"schema":"riley.owned-graph-diagnostic.v1","kind":"projection","capture_id":1,"replay_id":368,"position":49,"layer":0,"projection":"gate","operator":"override","cuda_span_ns":10240.000,"event_status":0,"launch_status":0,"completion_status":0}
{"schema":"riley.owned-graph-diagnostic.v1","kind":"read","capture_id":1,"replay_id":368,"host_read_bytes":98344,"host_read_ns":4492}
{"schema":"riley.owned-graph-diagnostic.v1","kind":"replay","capture_id":1,"replay_id":369,"position":50,"host_staging_bytes":98344,"event_setup_ns":393,"host_staging_ns":1602,"host_launch_ns":7152,"host_wait_ns":3512785,"cuda_graph_span_ns":3517184.019,"event_status":0,"launch_status":0,"completion_status":0}
{"schema":"riley.owned-graph-diagnostic.v1","kind":"projection","capture_id":1,"replay_id":369,"position":50,"layer":0,"projection":"gate","operator":"override","cuda_span_ns":10240.000,"event_status":0,"launch_status":0,"completion_status":0}
{"schema":"riley.owned-graph-diagnostic.v1","kind":"read","capture_id":1,"replay_id":369,"host_read_bytes":98344,"host_read_ns":4843}
{"schema":"riley.owned-graph-diagnostic.v1","kind":"replay","capture_id":1,"replay_id":370,"position":51,"host_staging_bytes":98344,"event_setup_ns":439,"host_staging_ns":1581,"host_launch_ns":6881,"host_wait_ns":3502472,"cuda_graph_span_ns":3506592.035,"event_status":0,"launch_status":0,"completion_status":0}
{"schema":"riley.owned-graph-diagnostic.v1","kind":"projection","capture_id":1,"replay_id":370,"position":51,"layer":0,"projection":"gate","operator":"override","cuda_span_ns":10240.000,"event_status":0,"launch_status":0,"completion_status":0}
{"schema":"riley.owned-graph-diagnostic.v1","kind":"read","capture_id":1,"replay_id":370,"host_read_bytes":98344,"host_read_ns":5010}
{"schema":"riley.owned-graph-diagnostic.v1","kind":"replay","capture_id":1,"replay_id":371,"position":52,"host_staging_bytes":98344,"event_setup_ns":362,"host_staging_ns":1565,"host_launch_ns":7257,"host_wait_ns":3502380,"cuda_graph_span_ns":3506720.066,"event_status":0,"launch_status":0,"completion_status":0}
{"schema":"riley.owned-graph-diagnostic.v1","kind":"projection","capture_id":1,"replay_id":371,"position":52,"layer":0,"projection":"gate","operator":"override","cuda_span_ns":10240.000,"event_status":0,"launch_status":0,"completion_status":0}
{"schema":"riley.owned-graph-diagnostic.v1","kind":"read","capture_id":1,"replay_id":371,"host_read_bytes":98344,"host_read_ns":4884}
{"schema":"riley.owned-graph-diagnostic.v1","kind":"replay","capture_id":1,"replay_id":372,"position":53,"host_staging_bytes":98344,"event_setup_ns":372,"host_staging_ns":1569,"host_launch_ns":7206,"host_wait_ns":3509398,"cuda_graph_span_ns":3513983.965,"event_status":0,"launch_status":0,"completion_status":0}
{"schema":"riley.owned-graph-diagnostic.v1","kind":"projection","capture_id":1,"replay_id":372,"position":53,"layer":0,"projection":"gate","operator":"override","cuda_span_ns":10240.000,"event_status":0,"launch_status":0,"completion_status":0}
{"schema":"riley.owned-graph-diagnostic.v1","kind":"read","capture_id":1,"replay_id":372,"host_read_bytes":98344,"host_read_ns":4789}
{"schema":"riley.owned-graph-diagnostic.v1","kind":"replay","capture_id":1,"replay_id":373,"position":54,"host_staging_bytes":98344,"event_setup_ns":382,"host_staging_ns":1558,"host_launch_ns":7008,"host_wait_ns":3510520,"cuda_graph_span_ns":3514431.953,"event_status":0,"launch_status":0,"completion_status":0}
{"schema":"riley.owned-graph-diagnostic.v1","kind":"projection","capture_id":1,"replay_id":373,"position":54,"layer":0,"projection":"gate","operator":"override","cuda_span_ns":11264.000,"event_status":0,"launch_status":0,"completion_status":0}
{"schema":"riley.owned-graph-diagnostic.v1","kind":"read","capture_id":1,"replay_id":373,"host_read_bytes":98344,"host_read_ns":4575}
{"schema":"riley.owned-graph-diagnostic.v1","kind":"replay","capture_id":1,"replay_id":374,"position":55,"host_staging_bytes":98344,"event_setup_ns":416,"host_staging_ns":1576,"host_launch_ns":6959,"host_wait_ns":3502725,"cuda_graph_span_ns":3506720.066,"event_status":0,"launch_status":0,"completion_status":0}
{"schema":"riley.owned-graph-diagnostic.v1","kind":"projection","capture_id":1,"replay_id":374,"position":55,"layer":0,"projection":"gate","operator":"override","cuda_span_ns":10240.000,"event_status":0,"launch_status":0,"completion_status":0}
{"schema":"riley.owned-graph-diagnostic.v1","kind":"read","capture_id":1,"replay_id":374,"host_read_bytes":98344,"host_read_ns":5002}
{"schema":"riley.owned-graph-diagnostic.v1","kind":"replay","capture_id":1,"replay_id":375,"position":56,"host_staging_bytes":98344,"event_setup_ns":395,"host_staging_ns":1555,"host_launch_ns":7630,"host_wait_ns":3535638,"cuda_graph_span_ns":3540319.920,"event_status":0,"launch_status":0,"completion_status":0}
{"schema":"riley.owned-graph-diagnostic.v1","kind":"projection","capture_id":1,"replay_id":375,"position":56,"layer":0,"projection":"gate","operator":"override","cuda_span_ns":10240.000,"event_status":0,"launch_status":0,"completion_status":0}
{"schema":"riley.owned-graph-diagnostic.v1","kind":"read","capture_id":1,"replay_id":375,"host_read_bytes":98344,"host_read_ns":4824}
{"schema":"riley.owned-graph-diagnostic.v1","kind":"replay","capture_id":1,"replay_id":376,"position":57,"host_staging_bytes":98344,"event_setup_ns":399,"host_staging_ns":1558,"host_launch_ns":8034,"host_wait_ns":3576397,"cuda_graph_span_ns":3581471.920,"event_status":0,"launch_status":0,"completion_status":0}
{"schema":"riley.owned-graph-diagnostic.v1","kind":"projection","capture_id":1,"replay_id":376,"position":57,"layer":0,"projection":"gate","operator":"override","cuda_span_ns":11264.000,"event_status":0,"launch_status":0,"completion_status":0}
{"schema":"riley.owned-graph-diagnostic.v1","kind":"read","capture_id":1,"replay_id":376,"host_read_bytes":98344,"host_read_ns":5154}
{"schema":"riley.owned-graph-diagnostic.v1","kind":"replay","capture_id":1,"replay_id":377,"position":58,"host_staging_bytes":98344,"event_setup_ns":387,"host_staging_ns":1653,"host_launch_ns":7935,"host_wait_ns":3583331,"cuda_graph_span_ns":3588639.975,"event_status":0,"launch_status":0,"completion_status":0}
{"schema":"riley.owned-graph-diagnostic.v1","kind":"projection","capture_id":1,"replay_id":377,"position":58,"layer":0,"projection":"gate","operator":"override","cuda_span_ns":10240.000,"event_status":0,"launch_status":0,"completion_status":0}
{"schema":"riley.owned-graph-diagnostic.v1","kind":"read","capture_id":1,"replay_id":377,"host_read_bytes":98344,"host_read_ns":5298}
{"schema":"riley.owned-graph-diagnostic.v1","kind":"replay","capture_id":1,"replay_id":378,"position":59,"host_staging_bytes":98344,"event_setup_ns":449,"host_staging_ns":1578,"host_launch_ns":7355,"host_wait_ns":3585462,"cuda_graph_span_ns":3589920.044,"event_status":0,"launch_status":0,"completion_status":0}
{"schema":"riley.owned-graph-diagnostic.v1","kind":"projection","capture_id":1,"replay_id":378,"position":59,"layer":0,"projection":"gate","operator":"override","cuda_span_ns":11264.000,"event_status":0,"launch_status":0,"completion_status":0}
{"schema":"riley.owned-graph-diagnostic.v1","kind":"read","capture_id":1,"replay_id":378,"host_read_bytes":98344,"host_read_ns":5192}
{"schema":"riley.owned-graph-diagnostic.v1","kind":"replay","capture_id":1,"replay_id":379,"position":60,"host_staging_bytes":98344,"event_setup_ns":450,"host_staging_ns":1525,"host_launch_ns":6916,"host_wait_ns":3586141,"cuda_graph_span_ns":3590303.898,"event_status":0,"launch_status":0,"completion_status":0}
{"schema":"riley.owned-graph-diagnostic.v1","kind":"projection","capture_id":1,"replay_id":379,"position":60,"layer":0,"projection":"gate","operator":"override","cuda_span_ns":11264.000,"event_status":0,"launch_status":0,"completion_status":0}
{"schema":"riley.owned-graph-diagnostic.v1","kind":"read","capture_id":1,"replay_id":379,"host_read_bytes":98344,"host_read_ns":4475}
{"schema":"riley.owned-graph-diagnostic.v1","kind":"replay","capture_id":1,"replay_id":380,"position":61,"host_staging_bytes":98344,"event_setup_ns":363,"host_staging_ns":1570,"host_launch_ns":7316,"host_wait_ns":3585461,"cuda_graph_span_ns":3590015.888,"event_status":0,"launch_status":0,"completion_status":0}
{"schema":"riley.owned-graph-diagnostic.v1","kind":"projection","capture_id":1,"replay_id":380,"position":61,"layer":0,"projection":"gate","operator":"override","cuda_span_ns":10240.000,"event_status":0,"launch_status":0,"completion_status":0}
{"schema":"riley.owned-graph-diagnostic.v1","kind":"read","capture_id":1,"replay_id":380,"host_read_bytes":98344,"host_read_ns":5064}
{"schema":"riley.owned-graph-diagnostic.v1","kind":"replay","capture_id":1,"replay_id":381,"position":62,"host_staging_bytes":98344,"event_setup_ns":562,"host_staging_ns":1612,"host_launch_ns":8364,"host_wait_ns":3582918,"cuda_graph_span_ns":3588671.923,"event_status":0,"launch_status":0,"completion_status":0}
{"schema":"riley.owned-graph-diagnostic.v1","kind":"projection","capture_id":1,"replay_id":381,"position":62,"layer":0,"projection":"gate","operator":"override","cuda_span_ns":10240.000,"event_status":0,"launch_status":0,"completion_status":0}
{"schema":"riley.owned-graph-diagnostic.v1","kind":"read","capture_id":1,"replay_id":381,"host_read_bytes":98344,"host_read_ns":4832}
{"schema":"riley.owned-graph-diagnostic.v1","kind":"replay","capture_id":1,"replay_id":382,"position":63,"host_staging_bytes":98344,"event_setup_ns":440,"host_staging_ns":1580,"host_launch_ns":7227,"host_wait_ns":3585626,"cuda_graph_span_ns":3590048.075,"event_status":0,"launch_status":0,"completion_status":0}
{"schema":"riley.owned-graph-diagnostic.v1","kind":"projection","capture_id":1,"replay_id":382,"position":63,"layer":0,"projection":"gate","operator":"override","cuda_span_ns":10240.000,"event_status":0,"launch_status":0,"completion_status":0}
{"schema":"riley.owned-graph-diagnostic.v1","kind":"read","capture_id":1,"replay_id":382,"host_read_bytes":98344,"host_read_ns":5268}
{"schema":"riley.owned-graph-diagnostic.v1","kind":"replay","capture_id":1,"replay_id":383,"position":64,"host_staging_bytes":98344,"event_setup_ns":320,"host_staging_ns":1582,"host_launch_ns":7388,"host_wait_ns":3647505,"cuda_graph_span_ns":3652192.116,"event_status":0,"launch_status":0,"completion_status":0}
{"schema":"riley.owned-graph-diagnostic.v1","kind":"projection","capture_id":1,"replay_id":383,"position":64,"layer":0,"projection":"gate","operator":"override","cuda_span_ns":10240.000,"event_status":0,"launch_status":0,"completion_status":0}
{"schema":"riley.owned-graph-diagnostic.v1","kind":"read","capture_id":1,"replay_id":383,"host_read_bytes":98344,"host_read_ns":4840}
{"schema":"riley.owned-graph-diagnostic.v1","kind":"replay","capture_id":1,"replay_id":384,"position":65,"host_staging_bytes":98344,"event_setup_ns":314,"host_staging_ns":1529,"host_launch_ns":7325,"host_wait_ns":3685188,"cuda_graph_span_ns":3689696.074,"event_status":0,"launch_status":0,"completion_status":0}
{"schema":"riley.owned-graph-diagnostic.v1","kind":"projection","capture_id":1,"replay_id":384,"position":65,"layer":0,"projection":"gate","operator":"override","cuda_span_ns":10240.000,"event_status":0,"launch_status":0,"completion_status":0}
{"schema":"riley.owned-graph-diagnostic.v1","kind":"read","capture_id":1,"replay_id":384,"host_read_bytes":98344,"host_read_ns":4707}
{"schema":"riley.owned-graph-diagnostic.v1","kind":"replay","capture_id":1,"replay_id":385,"position":66,"host_staging_bytes":98344,"event_setup_ns":568,"host_staging_ns":1577,"host_launch_ns":7367,"host_wait_ns":3697950,"cuda_graph_span_ns":3702431.917,"event_status":0,"launch_status":0,"completion_status":0}
{"schema":"riley.owned-graph-diagnostic.v1","kind":"projection","capture_id":1,"replay_id":385,"position":66,"layer":0,"projection":"gate","operator":"override","cuda_span_ns":11264.000,"event_status":0,"launch_status":0,"completion_status":0}
{"schema":"riley.owned-graph-diagnostic.v1","kind":"read","capture_id":1,"replay_id":385,"host_read_bytes":98344,"host_read_ns":4627}
{"schema":"riley.owned-graph-diagnostic.v1","kind":"replay","capture_id":1,"replay_id":386,"position":67,"host_staging_bytes":98344,"event_setup_ns":514,"host_staging_ns":1571,"host_launch_ns":7856,"host_wait_ns":3697012,"cuda_graph_span_ns":3702176.094,"event_status":0,"launch_status":0,"completion_status":0}
{"schema":"riley.owned-graph-diagnostic.v1","kind":"projection","capture_id":1,"replay_id":386,"position":67,"layer":0,"projection":"gate","operator":"override","cuda_span_ns":10240.000,"event_status":0,"launch_status":0,"completion_status":0}
{"schema":"riley.owned-graph-diagnostic.v1","kind":"read","capture_id":1,"replay_id":386,"host_read_bytes":98344,"host_read_ns":4314}
{"schema":"riley.owned-graph-diagnostic.v1","kind":"replay","capture_id":1,"replay_id":387,"position":68,"host_staging_bytes":98344,"event_setup_ns":292,"host_staging_ns":1549,"host_launch_ns":7444,"host_wait_ns":3699723,"cuda_graph_span_ns":3704639.912,"event_status":0,"launch_status":0,"completion_status":0}
{"schema":"riley.owned-graph-diagnostic.v1","kind":"projection","capture_id":1,"replay_id":387,"position":68,"layer":0,"projection":"gate","operator":"override","cuda_span_ns":11264.000,"event_status":0,"launch_status":0,"completion_status":0}
{"schema":"riley.owned-graph-diagnostic.v1","kind":"read","capture_id":1,"replay_id":387,"host_read_bytes":98344,"host_read_ns":4878}
{"schema":"riley.owned-graph-diagnostic.v1","kind":"replay","capture_id":1,"replay_id":388,"position":69,"host_staging_bytes":98344,"event_setup_ns":459,"host_staging_ns":1546,"host_launch_ns":6991,"host_wait_ns":3699294,"cuda_graph_span_ns":3703360.081,"event_status":0,"launch_status":0,"completion_status":0}
{"schema":"riley.owned-graph-diagnostic.v1","kind":"projection","capture_id":1,"replay_id":388,"position":69,"layer":0,"projection":"gate","operator":"override","cuda_span_ns":10240.000,"event_status":0,"launch_status":0,"completion_status":0}
{"schema":"riley.owned-graph-diagnostic.v1","kind":"read","capture_id":1,"replay_id":388,"host_read_bytes":98344,"host_read_ns":4809}
{"schema":"riley.owned-graph-diagnostic.v1","kind":"replay","capture_id":1,"replay_id":389,"position":70,"host_staging_bytes":98344,"event_setup_ns":307,"host_staging_ns":1535,"host_launch_ns":7400,"host_wait_ns":3698801,"cuda_graph_span_ns":3703552.008,"event_status":0,"launch_status":0,"completion_status":0}
{"schema":"riley.owned-graph-diagnostic.v1","kind":"projection","capture_id":1,"replay_id":389,"position":70,"layer":0,"projection":"gate","operator":"override","cuda_span_ns":10240.000,"event_status":0,"launch_status":0,"completion_status":0}
{"schema":"riley.owned-graph-diagnostic.v1","kind":"read","capture_id":1,"replay_id":389,"host_read_bytes":98344,"host_read_ns":4840}
{"schema":"riley.owned-graph-diagnostic.v1","kind":"replay","capture_id":1,"replay_id":390,"position":71,"host_staging_bytes":98344,"event_setup_ns":367,"host_staging_ns":1522,"host_launch_ns":6830,"host_wait_ns":3691947,"cuda_graph_span_ns":3695647.955,"event_status":0,"launch_status":0,"completion_status":0}
{"schema":"riley.owned-graph-diagnostic.v1","kind":"projection","capture_id":1,"replay_id":390,"position":71,"layer":0,"projection":"gate","operator":"override","cuda_span_ns":10240.000,"event_status":0,"launch_status":0,"completion_status":0}
{"schema":"riley.owned-graph-diagnostic.v1","kind":"read","capture_id":1,"replay_id":390,"host_read_bytes":98344,"host_read_ns":4974}
{"schema":"riley.owned-graph-diagnostic.v1","kind":"replay","capture_id":1,"replay_id":391,"position":72,"host_staging_bytes":98344,"event_setup_ns":308,"host_staging_ns":1581,"host_launch_ns":7264,"host_wait_ns":3741499,"cuda_graph_span_ns":3745856.047,"event_status":0,"launch_status":0,"completion_status":0}
{"schema":"riley.owned-graph-diagnostic.v1","kind":"projection","capture_id":1,"replay_id":391,"position":72,"layer":0,"projection":"gate","operator":"override","cuda_span_ns":10240.000,"event_status":0,"launch_status":0,"completion_status":0}
{"schema":"riley.owned-graph-diagnostic.v1","kind":"read","capture_id":1,"replay_id":391,"host_read_bytes":98344,"host_read_ns":4698}
{"schema":"riley.owned-graph-diagnostic.v1","kind":"replay","capture_id":1,"replay_id":392,"position":73,"host_staging_bytes":98344,"event_setup_ns":523,"host_staging_ns":1563,"host_launch_ns":7256,"host_wait_ns":3773748,"cuda_graph_span_ns":3777951.956,"event_status":0,"launch_status":0,"completion_status":0}
{"schema":"riley.owned-graph-diagnostic.v1","kind":"projection","capture_id":1,"replay_id":392,"position":73,"layer":0,"projection":"gate","operator":"override","cuda_span_ns":10240.000,"event_status":0,"launch_status":0,"completion_status":0}
{"schema":"riley.owned-graph-diagnostic.v1","kind":"read","capture_id":1,"replay_id":392,"host_read_bytes":98344,"host_read_ns":4793}
{"schema":"riley.owned-graph-diagnostic.v1","kind":"replay","capture_id":1,"replay_id":393,"position":74,"host_staging_bytes":98344,"event_setup_ns":610,"host_staging_ns":1548,"host_launch_ns":6771,"host_wait_ns":3780116,"cuda_graph_span_ns":3783999.920,"event_status":0,"launch_status":0,"completion_status":0}
{"schema":"riley.owned-graph-diagnostic.v1","kind":"projection","capture_id":1,"replay_id":393,"position":74,"layer":0,"projection":"gate","operator":"override","cuda_span_ns":10240.000,"event_status":0,"launch_status":0,"completion_status":0}
{"schema":"riley.owned-graph-diagnostic.v1","kind":"read","capture_id":1,"replay_id":393,"host_read_bytes":98344,"host_read_ns":4943}
{"schema":"riley.owned-graph-diagnostic.v1","kind":"replay","capture_id":1,"replay_id":394,"position":75,"host_staging_bytes":98344,"event_setup_ns":452,"host_staging_ns":1564,"host_launch_ns":7602,"host_wait_ns":3781336,"cuda_graph_span_ns":3786303.997,"event_status":0,"launch_status":0,"completion_status":0}
{"schema":"riley.owned-graph-diagnostic.v1","kind":"projection","capture_id":1,"replay_id":394,"position":75,"layer":0,"projection":"gate","operator":"override","cuda_span_ns":10240.000,"event_status":0,"launch_status":0,"completion_status":0}
{"schema":"riley.owned-graph-diagnostic.v1","kind":"read","capture_id":1,"replay_id":394,"host_read_bytes":98344,"host_read_ns":6355}
{"schema":"riley.owned-graph-diagnostic.v1","kind":"replay","capture_id":1,"replay_id":395,"position":76,"host_staging_bytes":98344,"event_setup_ns":380,"host_staging_ns":1544,"host_launch_ns":6935,"host_wait_ns":3788217,"cuda_graph_span_ns":3792576.075,"event_status":0,"launch_status":0,"completion_status":0}
{"schema":"riley.owned-graph-diagnostic.v1","kind":"projection","capture_id":1,"replay_id":395,"position":76,"layer":0,"projection":"gate","operator":"override","cuda_span_ns":10240.000,"event_status":0,"launch_status":0,"completion_status":0}
{"schema":"riley.owned-graph-diagnostic.v1","kind":"read","capture_id":1,"replay_id":395,"host_read_bytes":98344,"host_read_ns":4451}
{"schema":"riley.owned-graph-diagnostic.v1","kind":"replay","capture_id":1,"replay_id":396,"position":77,"host_staging_bytes":98344,"event_setup_ns":367,"host_staging_ns":1513,"host_launch_ns":7275,"host_wait_ns":3781351,"cuda_graph_span_ns":3785824.060,"event_status":0,"launch_status":0,"completion_status":0}
{"schema":"riley.owned-graph-diagnostic.v1","kind":"projection","capture_id":1,"replay_id":396,"position":77,"layer":0,"projection":"gate","operator":"override","cuda_span_ns":11264.000,"event_status":0,"launch_status":0,"completion_status":0}
{"schema":"riley.owned-graph-diagnostic.v1","kind":"read","capture_id":1,"replay_id":396,"host_read_bytes":98344,"host_read_ns":5055}
{"schema":"riley.owned-graph-diagnostic.v1","kind":"replay","capture_id":1,"replay_id":397,"position":78,"host_staging_bytes":98344,"event_setup_ns":468,"host_staging_ns":1606,"host_launch_ns":6440,"host_wait_ns":3791742,"cuda_graph_span_ns":3794912.100,"event_status":0,"launch_status":0,"completion_status":0}
{"schema":"riley.owned-graph-diagnostic.v1","kind":"projection","capture_id":1,"replay_id":397,"position":78,"layer":0,"projection":"gate","operator":"override","cuda_span_ns":11264.000,"event_status":0,"launch_status":0,"completion_status":0}
{"schema":"riley.owned-graph-diagnostic.v1","kind":"read","capture_id":1,"replay_id":397,"host_read_bytes":98344,"host_read_ns":5529}
{"schema":"riley.owned-graph-diagnostic.v1","kind":"replay","capture_id":1,"replay_id":398,"position":79,"host_staging_bytes":98344,"event_setup_ns":546,"host_staging_ns":1550,"host_launch_ns":6538,"host_wait_ns":3781371,"cuda_graph_span_ns":3785120.010,"event_status":0,"launch_status":0,"completion_status":0}
{"schema":"riley.owned-graph-diagnostic.v1","kind":"projection","capture_id":1,"replay_id":398,"position":79,"layer":0,"projection":"gate","operator":"override","cuda_span_ns":10240.000,"event_status":0,"launch_status":0,"completion_status":0}
{"schema":"riley.owned-graph-diagnostic.v1","kind":"read","capture_id":1,"replay_id":398,"host_read_bytes":98344,"host_read_ns":4630}
{"schema":"riley.owned-graph-diagnostic.v1","kind":"replay","capture_id":1,"replay_id":399,"position":80,"host_staging_bytes":98344,"event_setup_ns":416,"host_staging_ns":1551,"host_launch_ns":7163,"host_wait_ns":3838461,"cuda_graph_span_ns":3842783.928,"event_status":0,"launch_status":0,"completion_status":0}
{"schema":"riley.owned-graph-diagnostic.v1","kind":"projection","capture_id":1,"replay_id":399,"position":80,"layer":0,"projection":"gate","operator":"override","cuda_span_ns":11264.000,"event_status":0,"launch_status":0,"completion_status":0}
{"schema":"riley.owned-graph-diagnostic.v1","kind":"read","capture_id":1,"replay_id":399,"host_read_bytes":98344,"host_read_ns":5375}
{"schema":"riley.owned-graph-diagnostic.v1","kind":"replay","capture_id":1,"replay_id":400,"position":81,"host_staging_bytes":98344,"event_setup_ns":386,"host_staging_ns":1532,"host_launch_ns":6600,"host_wait_ns":3870957,"cuda_graph_span_ns":3874655.962,"event_status":0,"launch_status":0,"completion_status":0}
{"schema":"riley.owned-graph-diagnostic.v1","kind":"projection","capture_id":1,"replay_id":400,"position":81,"layer":0,"projection":"gate","operator":"override","cuda_span_ns":11264.000,"event_status":0,"launch_status":0,"completion_status":0}
{"schema":"riley.owned-graph-diagnostic.v1","kind":"read","capture_id":1,"replay_id":400,"host_read_bytes":98344,"host_read_ns":4406}
{"schema":"riley.owned-graph-diagnostic.v1","kind":"replay","capture_id":1,"replay_id":401,"position":82,"host_staging_bytes":98344,"event_setup_ns":397,"host_staging_ns":1552,"host_launch_ns":8891,"host_wait_ns":3879079,"cuda_graph_span_ns":3885407.925,"event_status":0,"launch_status":0,"completion_status":0}
{"schema":"riley.owned-graph-diagnostic.v1","kind":"projection","capture_id":1,"replay_id":401,"position":82,"layer":0,"projection":"gate","operator":"override","cuda_span_ns":10240.000,"event_status":0,"launch_status":0,"completion_status":0}
{"schema":"riley.owned-graph-diagnostic.v1","kind":"read","capture_id":1,"replay_id":401,"host_read_bytes":98344,"host_read_ns":4702}
{"schema":"riley.owned-graph-diagnostic.v1","kind":"replay","capture_id":1,"replay_id":402,"position":83,"host_staging_bytes":98344,"event_setup_ns":487,"host_staging_ns":1535,"host_launch_ns":7285,"host_wait_ns":3880029,"cuda_graph_span_ns":3884704.113,"event_status":0,"launch_status":0,"completion_status":0}
{"schema":"riley.owned-graph-diagnostic.v1","kind":"projection","capture_id":1,"replay_id":402,"position":83,"layer":0,"projection":"gate","operator":"override","cuda_span_ns":10240.000,"event_status":0,"launch_status":0,"completion_status":0}
{"schema":"riley.owned-graph-diagnostic.v1","kind":"read","capture_id":1,"replay_id":402,"host_read_bytes":98344,"host_read_ns":4991}
{"schema":"riley.owned-graph-diagnostic.v1","kind":"replay","capture_id":1,"replay_id":403,"position":84,"host_staging_bytes":98344,"event_setup_ns":454,"host_staging_ns":1531,"host_launch_ns":6993,"host_wait_ns":3880154,"cuda_graph_span_ns":3884383.917,"event_status":0,"launch_status":0,"completion_status":0}
{"schema":"riley.owned-graph-diagnostic.v1","kind":"projection","capture_id":1,"replay_id":403,"position":84,"layer":0,"projection":"gate","operator":"override","cuda_span_ns":10240.000,"event_status":0,"launch_status":0,"completion_status":0}
{"schema":"riley.owned-graph-diagnostic.v1","kind":"read","capture_id":1,"replay_id":403,"host_read_bytes":98344,"host_read_ns":4809}
{"schema":"riley.owned-graph-diagnostic.v1","kind":"replay","capture_id":1,"replay_id":404,"position":85,"host_staging_bytes":98344,"event_setup_ns":369,"host_staging_ns":1541,"host_launch_ns":7316,"host_wait_ns":3890458,"cuda_graph_span_ns":3894560.099,"event_status":0,"launch_status":0,"completion_status":0}
{"schema":"riley.owned-graph-diagnostic.v1","kind":"projection","capture_id":1,"replay_id":404,"position":85,"layer":0,"projection":"gate","operator":"override","cuda_span_ns":10240.000,"event_status":0,"launch_status":0,"completion_status":0}
{"schema":"riley.owned-graph-diagnostic.v1","kind":"read","capture_id":1,"replay_id":404,"host_read_bytes":98344,"host_read_ns":4544}
{"schema":"riley.owned-graph-diagnostic.v1","kind":"replay","capture_id":1,"replay_id":405,"position":86,"host_staging_bytes":98344,"event_setup_ns":314,"host_staging_ns":1521,"host_launch_ns":6935,"host_wait_ns":3883487,"cuda_graph_span_ns":3887264.013,"event_status":0,"launch_status":0,"completion_status":0}
{"schema":"riley.owned-graph-diagnostic.v1","kind":"projection","capture_id":1,"replay_id":405,"position":86,"layer":0,"projection":"gate","operator":"override","cuda_span_ns":10240.000,"event_status":0,"launch_status":0,"completion_status":0}
{"schema":"riley.owned-graph-diagnostic.v1","kind":"read","capture_id":1,"replay_id":405,"host_read_bytes":98344,"host_read_ns":4359}
{"schema":"riley.owned-graph-diagnostic.v1","kind":"replay","capture_id":1,"replay_id":406,"position":87,"host_staging_bytes":98344,"event_setup_ns":307,"host_staging_ns":1521,"host_launch_ns":6960,"host_wait_ns":3880587,"cuda_graph_span_ns":3884736.061,"event_status":0,"launch_status":0,"completion_status":0}
{"schema":"riley.owned-graph-diagnostic.v1","kind":"projection","capture_id":1,"replay_id":406,"position":87,"layer":0,"projection":"gate","operator":"override","cuda_span_ns":10240.000,"event_status":0,"launch_status":0,"completion_status":0}
{"schema":"riley.owned-graph-diagnostic.v1","kind":"read","capture_id":1,"replay_id":406,"host_read_bytes":98344,"host_read_ns":5057}
{"schema":"riley.owned-graph-diagnostic.v1","kind":"replay","capture_id":1,"replay_id":407,"position":88,"host_staging_bytes":98344,"event_setup_ns":739,"host_staging_ns":1534,"host_launch_ns":7149,"host_wait_ns":3930219,"cuda_graph_span_ns":3934623.957,"event_status":0,"launch_status":0,"completion_status":0}
{"schema":"riley.owned-graph-diagnostic.v1","kind":"projection","capture_id":1,"replay_id":407,"position":88,"layer":0,"projection":"gate","operator":"override","cuda_span_ns":10240.000,"event_status":0,"launch_status":0,"completion_status":0}
{"schema":"riley.owned-graph-diagnostic.v1","kind":"read","capture_id":1,"replay_id":407,"host_read_bytes":98344,"host_read_ns":4505}
{"schema":"riley.owned-graph-diagnostic.v1","kind":"replay","capture_id":1,"replay_id":408,"position":89,"host_staging_bytes":98344,"event_setup_ns":470,"host_staging_ns":1574,"host_launch_ns":7710,"host_wait_ns":3965961,"cuda_graph_span_ns":3970655.918,"event_status":0,"launch_status":0,"completion_status":0}
{"schema":"riley.owned-graph-diagnostic.v1","kind":"projection","capture_id":1,"replay_id":408,"position":89,"layer":0,"projection":"gate","operator":"override","cuda_span_ns":11264.000,"event_status":0,"launch_status":0,"completion_status":0}
{"schema":"riley.owned-graph-diagnostic.v1","kind":"read","capture_id":1,"replay_id":408,"host_read_bytes":98344,"host_read_ns":5656}
{"schema":"riley.owned-graph-diagnostic.v1","kind":"replay","capture_id":1,"replay_id":409,"position":90,"host_staging_bytes":98344,"event_setup_ns":560,"host_staging_ns":1606,"host_launch_ns":8102,"host_wait_ns":3970448,"cuda_graph_span_ns":3975487.947,"event_status":0,"launch_status":0,"completion_status":0}
{"schema":"riley.owned-graph-diagnostic.v1","kind":"projection","capture_id":1,"replay_id":409,"position":90,"layer":0,"projection":"gate","operator":"override","cuda_span_ns":11264.000,"event_status":0,"launch_status":0,"completion_status":0}
{"schema":"riley.owned-graph-diagnostic.v1","kind":"read","capture_id":1,"replay_id":409,"host_read_bytes":98344,"host_read_ns":6187}
{"schema":"riley.owned-graph-diagnostic.v1","kind":"replay","capture_id":1,"replay_id":410,"position":91,"host_staging_bytes":98344,"event_setup_ns":547,"host_staging_ns":1683,"host_launch_ns":7524,"host_wait_ns":3971644,"cuda_graph_span_ns":3976128.101,"event_status":0,"launch_status":0,"completion_status":0}
{"schema":"riley.owned-graph-diagnostic.v1","kind":"projection","capture_id":1,"replay_id":410,"position":91,"layer":0,"projection":"gate","operator":"override","cuda_span_ns":11264.000,"event_status":0,"launch_status":0,"completion_status":0}
{"schema":"riley.owned-graph-diagnostic.v1","kind":"read","capture_id":1,"replay_id":410,"host_read_bytes":98344,"host_read_ns":5084}
{"schema":"riley.owned-graph-diagnostic.v1","kind":"replay","capture_id":1,"replay_id":411,"position":92,"host_staging_bytes":98344,"event_setup_ns":457,"host_staging_ns":1843,"host_launch_ns":8940,"host_wait_ns":3969995,"cuda_graph_span_ns":3976032.019,"event_status":0,"launch_status":0,"completion_status":0}
{"schema":"riley.owned-graph-diagnostic.v1","kind":"projection","capture_id":1,"replay_id":411,"position":92,"layer":0,"projection":"gate","operator":"override","cuda_span_ns":10240.000,"event_status":0,"launch_status":0,"completion_status":0}
{"schema":"riley.owned-graph-diagnostic.v1","kind":"read","capture_id":1,"replay_id":411,"host_read_bytes":98344,"host_read_ns":5277}
{"schema":"riley.owned-graph-diagnostic.v1","kind":"replay","capture_id":1,"replay_id":412,"position":93,"host_staging_bytes":98344,"event_setup_ns":433,"host_staging_ns":1857,"host_launch_ns":7788,"host_wait_ns":3972588,"cuda_graph_span_ns":3977216.005,"event_status":0,"launch_status":0,"completion_status":0}
{"schema":"riley.owned-graph-diagnostic.v1","kind":"projection","capture_id":1,"replay_id":412,"position":93,"layer":0,"projection":"gate","operator":"override","cuda_span_ns":11264.000,"event_status":0,"launch_status":0,"completion_status":0}
{"schema":"riley.owned-graph-diagnostic.v1","kind":"read","capture_id":1,"replay_id":412,"host_read_bytes":98344,"host_read_ns":4984}
{"schema":"riley.owned-graph-diagnostic.v1","kind":"replay","capture_id":1,"replay_id":413,"position":94,"host_staging_bytes":98344,"event_setup_ns":345,"host_staging_ns":1607,"host_launch_ns":7530,"host_wait_ns":3976646,"cuda_graph_span_ns":3981343.985,"event_status":0,"launch_status":0,"completion_status":0}
{"schema":"riley.owned-graph-diagnostic.v1","kind":"projection","capture_id":1,"replay_id":413,"position":94,"layer":0,"projection":"gate","operator":"override","cuda_span_ns":11264.000,"event_status":0,"launch_status":0,"completion_status":0}
{"schema":"riley.owned-graph-diagnostic.v1","kind":"read","capture_id":1,"replay_id":413,"host_read_bytes":98344,"host_read_ns":4731}
{"schema":"riley.owned-graph-diagnostic.v1","kind":"replay","capture_id":1,"replay_id":414,"position":95,"host_staging_bytes":98344,"event_setup_ns":463,"host_staging_ns":1700,"host_launch_ns":8383,"host_wait_ns":3976983,"cuda_graph_span_ns":3982399.940,"event_status":0,"launch_status":0,"completion_status":0}
{"schema":"riley.owned-graph-diagnostic.v1","kind":"projection","capture_id":1,"replay_id":414,"position":95,"layer":0,"projection":"gate","operator":"override","cuda_span_ns":10240.000,"event_status":0,"launch_status":0,"completion_status":0}
{"schema":"riley.owned-graph-diagnostic.v1","kind":"read","capture_id":1,"replay_id":414,"host_read_bytes":98344,"host_read_ns":4900}
{"schema":"riley.owned-graph-diagnostic.v1","kind":"replay","capture_id":1,"replay_id":415,"position":96,"host_staging_bytes":98344,"event_setup_ns":660,"host_staging_ns":1971,"host_launch_ns":8401,"host_wait_ns":4035282,"cuda_graph_span_ns":4040991.783,"event_status":0,"launch_status":0,"completion_status":0}
{"schema":"riley.owned-graph-diagnostic.v1","kind":"projection","capture_id":1,"replay_id":415,"position":96,"layer":0,"projection":"gate","operator":"override","cuda_span_ns":10240.000,"event_status":0,"launch_status":0,"completion_status":0}
{"schema":"riley.owned-graph-diagnostic.v1","kind":"read","capture_id":1,"replay_id":415,"host_read_bytes":98344,"host_read_ns":5577}
{"schema":"riley.owned-graph-diagnostic.v1","kind":"replay","capture_id":1,"replay_id":416,"position":97,"host_staging_bytes":98344,"event_setup_ns":598,"host_staging_ns":2097,"host_launch_ns":9089,"host_wait_ns":4076337,"cuda_graph_span_ns":4082367.897,"event_status":0,"launch_status":0,"completion_status":0}
{"schema":"riley.owned-graph-diagnostic.v1","kind":"projection","capture_id":1,"replay_id":416,"position":97,"layer":0,"projection":"gate","operator":"override","cuda_span_ns":10240.000,"event_status":0,"launch_status":0,"completion_status":0}
{"schema":"riley.owned-graph-diagnostic.v1","kind":"read","capture_id":1,"replay_id":416,"host_read_bytes":98344,"host_read_ns":5489}
{"schema":"riley.owned-graph-diagnostic.v1","kind":"replay","capture_id":1,"replay_id":417,"position":98,"host_staging_bytes":98344,"event_setup_ns":703,"host_staging_ns":2192,"host_launch_ns":9536,"host_wait_ns":4076360,"cuda_graph_span_ns":4082880.020,"event_status":0,"launch_status":0,"completion_status":0}
{"schema":"riley.owned-graph-diagnostic.v1","kind":"projection","capture_id":1,"replay_id":417,"position":98,"layer":0,"projection":"gate","operator":"override","cuda_span_ns":10240.000,"event_status":0,"launch_status":0,"completion_status":0}
{"schema":"riley.owned-graph-diagnostic.v1","kind":"read","capture_id":1,"replay_id":417,"host_read_bytes":98344,"host_read_ns":5175}
{"schema":"riley.owned-graph-diagnostic.v1","kind":"replay","capture_id":1,"replay_id":418,"position":99,"host_staging_bytes":98344,"event_setup_ns":684,"host_staging_ns":2128,"host_launch_ns":7974,"host_wait_ns":4085049,"cuda_graph_span_ns":4090144.157,"event_status":0,"launch_status":0,"completion_status":0}
{"schema":"riley.owned-graph-diagnostic.v1","kind":"projection","capture_id":1,"replay_id":418,"position":99,"layer":0,"projection":"gate","operator":"override","cuda_span_ns":10240.000,"event_status":0,"launch_status":0,"completion_status":0}
{"schema":"riley.owned-graph-diagnostic.v1","kind":"read","capture_id":1,"replay_id":418,"host_read_bytes":98344,"host_read_ns":4718}
{"schema":"riley.owned-graph-diagnostic.v1","kind":"replay","capture_id":1,"replay_id":419,"position":100,"host_staging_bytes":98344,"event_setup_ns":376,"host_staging_ns":1784,"host_launch_ns":8103,"host_wait_ns":4084709,"cuda_graph_span_ns":4089888.096,"event_status":0,"launch_status":0,"completion_status":0}
{"schema":"riley.owned-graph-diagnostic.v1","kind":"projection","capture_id":1,"replay_id":419,"position":100,"layer":0,"projection":"gate","operator":"override","cuda_span_ns":10240.000,"event_status":0,"launch_status":0,"completion_status":0}
{"schema":"riley.owned-graph-diagnostic.v1","kind":"read","capture_id":1,"replay_id":419,"host_read_bytes":98344,"host_read_ns":5113}
{"schema":"riley.owned-graph-diagnostic.v1","kind":"replay","capture_id":1,"replay_id":420,"position":101,"host_staging_bytes":98344,"event_setup_ns":477,"host_staging_ns":2025,"host_launch_ns":8040,"host_wait_ns":4084288,"cuda_graph_span_ns":4089439.869,"event_status":0,"launch_status":0,"completion_status":0}
{"schema":"riley.owned-graph-diagnostic.v1","kind":"projection","capture_id":1,"replay_id":420,"position":101,"layer":0,"projection":"gate","operator":"override","cuda_span_ns":10240.000,"event_status":0,"launch_status":0,"completion_status":0}
{"schema":"riley.owned-graph-diagnostic.v1","kind":"read","capture_id":1,"replay_id":420,"host_read_bytes":98344,"host_read_ns":4948}
{"schema":"riley.owned-graph-diagnostic.v1","kind":"replay","capture_id":1,"replay_id":421,"position":102,"host_staging_bytes":98344,"event_setup_ns":616,"host_staging_ns":1773,"host_launch_ns":8413,"host_wait_ns":4085526,"cuda_graph_span_ns":4091072.083,"event_status":0,"launch_status":0,"completion_status":0}
{"schema":"riley.owned-graph-diagnostic.v1","kind":"projection","capture_id":1,"replay_id":421,"position":102,"layer":0,"projection":"gate","operator":"override","cuda_span_ns":11264.000,"event_status":0,"launch_status":0,"completion_status":0}
{"schema":"riley.owned-graph-diagnostic.v1","kind":"read","capture_id":1,"replay_id":421,"host_read_bytes":98344,"host_read_ns":5601}
{"schema":"riley.owned-graph-diagnostic.v1","kind":"replay","capture_id":1,"replay_id":422,"position":103,"host_staging_bytes":98344,"event_setup_ns":664,"host_staging_ns":1958,"host_launch_ns":8507,"host_wait_ns":4083832,"cuda_graph_span_ns":4089568.138,"event_status":0,"launch_status":0,"completion_status":0}
{"schema":"riley.owned-graph-diagnostic.v1","kind":"projection","capture_id":1,"replay_id":422,"position":103,"layer":0,"projection":"gate","operator":"override","cuda_span_ns":10240.000,"event_status":0,"launch_status":0,"completion_status":0}
{"schema":"riley.owned-graph-diagnostic.v1","kind":"read","capture_id":1,"replay_id":422,"host_read_bytes":98344,"host_read_ns":4519}
{"schema":"riley.owned-graph-diagnostic.v1","kind":"replay","capture_id":1,"replay_id":423,"position":104,"host_staging_bytes":98344,"event_setup_ns":403,"host_staging_ns":1615,"host_launch_ns":7175,"host_wait_ns":4119834,"cuda_graph_span_ns":4124192.238,"event_status":0,"launch_status":0,"completion_status":0}
{"schema":"riley.owned-graph-diagnostic.v1","kind":"projection","capture_id":1,"replay_id":423,"position":104,"layer":0,"projection":"gate","operator":"override","cuda_span_ns":11264.000,"event_status":0,"launch_status":0,"completion_status":0}
{"schema":"riley.owned-graph-diagnostic.v1","kind":"read","capture_id":1,"replay_id":423,"host_read_bytes":98344,"host_read_ns":4780}
{"schema":"riley.owned-graph-diagnostic.v1","kind":"replay","capture_id":1,"replay_id":424,"position":105,"host_staging_bytes":98344,"event_setup_ns":446,"host_staging_ns":1582,"host_launch_ns":7711,"host_wait_ns":4151176,"cuda_graph_span_ns":4156095.982,"event_status":0,"launch_status":0,"completion_status":0}
{"schema":"riley.owned-graph-diagnostic.v1","kind":"projection","capture_id":1,"replay_id":424,"position":105,"layer":0,"projection":"gate","operator":"override","cuda_span_ns":10240.000,"event_status":0,"launch_status":0,"completion_status":0}
{"schema":"riley.owned-graph-diagnostic.v1","kind":"read","capture_id":1,"replay_id":424,"host_read_bytes":98344,"host_read_ns":5361}
{"schema":"riley.owned-graph-diagnostic.v1","kind":"replay","capture_id":1,"replay_id":425,"position":106,"host_staging_bytes":98344,"event_setup_ns":362,"host_staging_ns":1647,"host_launch_ns":7849,"host_wait_ns":4157180,"cuda_graph_span_ns":4162176.132,"event_status":0,"launch_status":0,"completion_status":0}
{"schema":"riley.owned-graph-diagnostic.v1","kind":"projection","capture_id":1,"replay_id":425,"position":106,"layer":0,"projection":"gate","operator":"override","cuda_span_ns":11264.000,"event_status":0,"launch_status":0,"completion_status":0}
{"schema":"riley.owned-graph-diagnostic.v1","kind":"read","capture_id":1,"replay_id":425,"host_read_bytes":98344,"host_read_ns":5298}
{"schema":"riley.owned-graph-diagnostic.v1","kind":"replay","capture_id":1,"replay_id":426,"position":107,"host_staging_bytes":98344,"event_setup_ns":316,"host_staging_ns":1578,"host_launch_ns":7854,"host_wait_ns":4159548,"cuda_graph_span_ns":4164576.054,"event_status":0,"launch_status":0,"completion_status":0}
{"schema":"riley.owned-graph-diagnostic.v1","kind":"projection","capture_id":1,"replay_id":426,"position":107,"layer":0,"projection":"gate","operator":"override","cuda_span_ns":11264.000,"event_status":0,"launch_status":0,"completion_status":0}
{"schema":"riley.owned-graph-diagnostic.v1","kind":"read","capture_id":1,"replay_id":426,"host_read_bytes":98344,"host_read_ns":4836}
{"schema":"riley.owned-graph-diagnostic.v1","kind":"replay","capture_id":1,"replay_id":427,"position":108,"host_staging_bytes":98344,"event_setup_ns":536,"host_staging_ns":1566,"host_launch_ns":7029,"host_wait_ns":4170697,"cuda_graph_span_ns":4175007.820,"event_status":0,"launch_status":0,"completion_status":0}
{"schema":"riley.owned-graph-diagnostic.v1","kind":"projection","capture_id":1,"replay_id":427,"position":108,"layer":0,"projection":"gate","operator":"override","cuda_span_ns":11264.000,"event_status":0,"launch_status":0,"completion_status":0}
{"schema":"riley.owned-graph-diagnostic.v1","kind":"read","capture_id":1,"replay_id":427,"host_read_bytes":98344,"host_read_ns":4941}
{"schema":"riley.owned-graph-diagnostic.v1","kind":"replay","capture_id":1,"replay_id":428,"position":109,"host_staging_bytes":98344,"event_setup_ns":344,"host_staging_ns":1565,"host_launch_ns":7139,"host_wait_ns":4164337,"cuda_graph_span_ns":4168896.198,"event_status":0,"launch_status":0,"completion_status":0}
{"schema":"riley.owned-graph-diagnostic.v1","kind":"projection","capture_id":1,"replay_id":428,"position":109,"layer":0,"projection":"gate","operator":"override","cuda_span_ns":11264.000,"event_status":0,"launch_status":0,"completion_status":0}
{"schema":"riley.owned-graph-diagnostic.v1","kind":"read","capture_id":1,"replay_id":428,"host_read_bytes":98344,"host_read_ns":4958}
{"schema":"riley.owned-graph-diagnostic.v1","kind":"replay","capture_id":1,"replay_id":429,"position":110,"host_staging_bytes":98344,"event_setup_ns":521,"host_staging_ns":1564,"host_launch_ns":7171,"host_wait_ns":4161532,"cuda_graph_span_ns":4166079.998,"event_status":0,"launch_status":0,"completion_status":0}
{"schema":"riley.owned-graph-diagnostic.v1","kind":"projection","capture_id":1,"replay_id":429,"position":110,"layer":0,"projection":"gate","operator":"override","cuda_span_ns":11264.000,"event_status":0,"launch_status":0,"completion_status":0}
{"schema":"riley.owned-graph-diagnostic.v1","kind":"read","capture_id":1,"replay_id":429,"host_read_bytes":98344,"host_read_ns":4854}
{"schema":"riley.owned-graph-diagnostic.v1","kind":"replay","capture_id":1,"replay_id":430,"position":111,"host_staging_bytes":98344,"event_setup_ns":360,"host_staging_ns":1583,"host_launch_ns":7220,"host_wait_ns":4166557,"cuda_graph_span_ns":4170944.214,"event_status":0,"launch_status":0,"completion_status":0}
{"schema":"riley.owned-graph-diagnostic.v1","kind":"projection","capture_id":1,"replay_id":430,"position":111,"layer":0,"projection":"gate","operator":"override","cuda_span_ns":11264.000,"event_status":0,"launch_status":0,"completion_status":0}
{"schema":"riley.owned-graph-diagnostic.v1","kind":"read","capture_id":1,"replay_id":430,"host_read_bytes":98344,"host_read_ns":4733}
{"schema":"riley.owned-graph-diagnostic.v1","kind":"replay","capture_id":1,"replay_id":431,"position":112,"host_staging_bytes":98344,"event_setup_ns":362,"host_staging_ns":1556,"host_launch_ns":7490,"host_wait_ns":4223596,"cuda_graph_span_ns":4228127.956,"event_status":0,"launch_status":0,"completion_status":0}
{"schema":"riley.owned-graph-diagnostic.v1","kind":"projection","capture_id":1,"replay_id":431,"position":112,"layer":0,"projection":"gate","operator":"override","cuda_span_ns":11264.000,"event_status":0,"launch_status":0,"completion_status":0}
{"schema":"riley.owned-graph-diagnostic.v1","kind":"read","capture_id":1,"replay_id":431,"host_read_bytes":98344,"host_read_ns":5040}
{"schema":"riley.owned-graph-diagnostic.v1","kind":"replay","capture_id":1,"replay_id":432,"position":113,"host_staging_bytes":98344,"event_setup_ns":374,"host_staging_ns":1545,"host_launch_ns":6852,"host_wait_ns":4264715,"cuda_graph_span_ns":4268671.989,"event_status":0,"launch_status":0,"completion_status":0}
{"schema":"riley.owned-graph-diagnostic.v1","kind":"projection","capture_id":1,"replay_id":432,"position":113,"layer":0,"projection":"gate","operator":"override","cuda_span_ns":10240.000,"event_status":0,"launch_status":0,"completion_status":0}
{"schema":"riley.owned-graph-diagnostic.v1","kind":"read","capture_id":1,"replay_id":432,"host_read_bytes":98344,"host_read_ns":4972}
{"schema":"riley.owned-graph-diagnostic.v1","kind":"replay","capture_id":1,"replay_id":433,"position":114,"host_staging_bytes":98344,"event_setup_ns":560,"host_staging_ns":1535,"host_launch_ns":6767,"host_wait_ns":4267140,"cuda_graph_span_ns":4270976.067,"event_status":0,"launch_status":0,"completion_status":0}
{"schema":"riley.owned-graph-diagnostic.v1","kind":"projection","capture_id":1,"replay_id":433,"position":114,"layer":0,"projection":"gate","operator":"override","cuda_span_ns":10240.000,"event_status":0,"launch_status":0,"completion_status":0}
{"schema":"riley.owned-graph-diagnostic.v1","kind":"read","capture_id":1,"replay_id":433,"host_read_bytes":98344,"host_read_ns":4800}
{"schema":"riley.owned-graph-diagnostic.v1","kind":"replay","capture_id":1,"replay_id":434,"position":115,"host_staging_bytes":98344,"event_setup_ns":377,"host_staging_ns":1559,"host_launch_ns":7161,"host_wait_ns":4273211,"cuda_graph_span_ns":4277215.958,"event_status":0,"launch_status":0,"completion_status":0}
{"schema":"riley.owned-graph-diagnostic.v1","kind":"projection","capture_id":1,"replay_id":434,"position":115,"layer":0,"projection":"gate","operator":"override","cuda_span_ns":11264.000,"event_status":0,"launch_status":0,"completion_status":0}
{"schema":"riley.owned-graph-diagnostic.v1","kind":"read","capture_id":1,"replay_id":434,"host_read_bytes":98344,"host_read_ns":5224}
{"schema":"riley.owned-graph-diagnostic.v1","kind":"replay","capture_id":1,"replay_id":435,"position":116,"host_staging_bytes":98344,"event_setup_ns":509,"host_staging_ns":1670,"host_launch_ns":7174,"host_wait_ns":4272438,"cuda_graph_span_ns":4276800.156,"event_status":0,"launch_status":0,"completion_status":0}
{"schema":"riley.owned-graph-diagnostic.v1","kind":"projection","capture_id":1,"replay_id":435,"position":116,"layer":0,"projection":"gate","operator":"override","cuda_span_ns":10240.000,"event_status":0,"launch_status":0,"completion_status":0}
{"schema":"riley.owned-graph-diagnostic.v1","kind":"read","capture_id":1,"replay_id":435,"host_read_bytes":98344,"host_read_ns":4687}
{"schema":"riley.owned-graph-diagnostic.v1","kind":"replay","capture_id":1,"replay_id":436,"position":117,"host_staging_bytes":98344,"event_setup_ns":500,"host_staging_ns":1557,"host_launch_ns":10116,"host_wait_ns":4271199,"cuda_graph_span_ns":4278175.831,"event_status":0,"launch_status":0,"completion_status":0}
{"schema":"riley.owned-graph-diagnostic.v1","kind":"projection","capture_id":1,"replay_id":436,"position":117,"layer":0,"projection":"gate","operator":"override","cuda_span_ns":10240.000,"event_status":0,"launch_status":0,"completion_status":0}
{"schema":"riley.owned-graph-diagnostic.v1","kind":"read","capture_id":1,"replay_id":436,"host_read_bytes":98344,"host_read_ns":4681}
{"schema":"riley.owned-graph-diagnostic.v1","kind":"replay","capture_id":1,"replay_id":437,"position":118,"host_staging_bytes":98344,"event_setup_ns":396,"host_staging_ns":1537,"host_launch_ns":7140,"host_wait_ns":4278794,"cuda_graph_span_ns":4283008.099,"event_status":0,"launch_status":0,"completion_status":0}
{"schema":"riley.owned-graph-diagnostic.v1","kind":"projection","capture_id":1,"replay_id":437,"position":118,"layer":0,"projection":"gate","operator":"override","cuda_span_ns":11264.000,"event_status":0,"launch_status":0,"completion_status":0}
{"schema":"riley.owned-graph-diagnostic.v1","kind":"read","capture_id":1,"replay_id":437,"host_read_bytes":98344,"host_read_ns":4722}
{"schema":"riley.owned-graph-diagnostic.v1","kind":"replay","capture_id":1,"replay_id":438,"position":119,"host_staging_bytes":98344,"event_setup_ns":390,"host_staging_ns":1626,"host_launch_ns":7021,"host_wait_ns":4272936,"cuda_graph_span_ns":4277056.217,"event_status":0,"launch_status":0,"completion_status":0}
{"schema":"riley.owned-graph-diagnostic.v1","kind":"projection","capture_id":1,"replay_id":438,"position":119,"layer":0,"projection":"gate","operator":"override","cuda_span_ns":11264.000,"event_status":0,"launch_status":0,"completion_status":0}
{"schema":"riley.owned-graph-diagnostic.v1","kind":"read","capture_id":1,"replay_id":438,"host_read_bytes":98344,"host_read_ns":4644}
{"schema":"riley.owned-graph-diagnostic.v1","kind":"replay","capture_id":1,"replay_id":439,"position":120,"host_staging_bytes":98344,"event_setup_ns":532,"host_staging_ns":1514,"host_launch_ns":7349,"host_wait_ns":4304583,"cuda_graph_span_ns":4308959.961,"event_status":0,"launch_status":0,"completion_status":0}
{"schema":"riley.owned-graph-diagnostic.v1","kind":"projection","capture_id":1,"replay_id":439,"position":120,"layer":0,"projection":"gate","operator":"override","cuda_span_ns":10240.000,"event_status":0,"launch_status":0,"completion_status":0}
{"schema":"riley.owned-graph-diagnostic.v1","kind":"read","capture_id":1,"replay_id":439,"host_read_bytes":98344,"host_read_ns":5508}
{"schema":"riley.owned-graph-diagnostic.v1","kind":"replay","capture_id":1,"replay_id":440,"position":121,"host_staging_bytes":98344,"event_setup_ns":782,"host_staging_ns":1557,"host_launch_ns":7817,"host_wait_ns":4348163,"cuda_graph_span_ns":4353119.850,"event_status":0,"launch_status":0,"completion_status":0}
{"schema":"riley.owned-graph-diagnostic.v1","kind":"projection","capture_id":1,"replay_id":440,"position":121,"layer":0,"projection":"gate","operator":"override","cuda_span_ns":11264.000,"event_status":0,"launch_status":0,"completion_status":0}
{"schema":"riley.owned-graph-diagnostic.v1","kind":"read","capture_id":1,"replay_id":440,"host_read_bytes":98344,"host_read_ns":5130}
{"schema":"riley.owned-graph-diagnostic.v1","kind":"replay","capture_id":1,"replay_id":441,"position":122,"host_staging_bytes":98344,"event_setup_ns":929,"host_staging_ns":1681,"host_launch_ns":7678,"host_wait_ns":4357071,"cuda_graph_span_ns":4361663.818,"event_status":0,"launch_status":0,"completion_status":0}
{"schema":"riley.owned-graph-diagnostic.v1","kind":"projection","capture_id":1,"replay_id":441,"position":122,"layer":0,"projection":"gate","operator":"override","cuda_span_ns":10240.000,"event_status":0,"launch_status":0,"completion_status":0}
{"schema":"riley.owned-graph-diagnostic.v1","kind":"read","capture_id":1,"replay_id":441,"host_read_bytes":98344,"host_read_ns":5459}
{"schema":"riley.owned-graph-diagnostic.v1","kind":"replay","capture_id":1,"replay_id":442,"position":123,"host_staging_bytes":98344,"event_setup_ns":635,"host_staging_ns":1620,"host_launch_ns":7494,"host_wait_ns":4363800,"cuda_graph_span_ns":4368415.833,"event_status":0,"launch_status":0,"completion_status":0}
{"schema":"riley.owned-graph-diagnostic.v1","kind":"projection","capture_id":1,"replay_id":442,"position":123,"layer":0,"projection":"gate","operator":"override","cuda_span_ns":10240.000,"event_status":0,"launch_status":0,"completion_status":0}
{"schema":"riley.owned-graph-diagnostic.v1","kind":"read","capture_id":1,"replay_id":442,"host_read_bytes":98344,"host_read_ns":5950}
{"schema":"riley.owned-graph-diagnostic.v1","kind":"replay","capture_id":1,"replay_id":443,"position":124,"host_staging_bytes":98344,"event_setup_ns":518,"host_staging_ns":1669,"host_launch_ns":7370,"host_wait_ns":4358679,"cuda_graph_span_ns":4363264.084,"event_status":0,"launch_status":0,"completion_status":0}
{"schema":"riley.owned-graph-diagnostic.v1","kind":"projection","capture_id":1,"replay_id":443,"position":124,"layer":0,"projection":"gate","operator":"override","cuda_span_ns":11264.000,"event_status":0,"launch_status":0,"completion_status":0}
{"schema":"riley.owned-graph-diagnostic.v1","kind":"read","capture_id":1,"replay_id":443,"host_read_bytes":98344,"host_read_ns":6343}
{"schema":"riley.owned-graph-diagnostic.v1","kind":"replay","capture_id":1,"replay_id":444,"position":125,"host_staging_bytes":98344,"event_setup_ns":448,"host_staging_ns":1567,"host_launch_ns":7677,"host_wait_ns":4364157,"cuda_graph_span_ns":4369056.225,"event_status":0,"launch_status":0,"completion_status":0}
{"schema":"riley.owned-graph-diagnostic.v1","kind":"projection","capture_id":1,"replay_id":444,"position":125,"layer":0,"projection":"gate","operator":"override","cuda_span_ns":10240.000,"event_status":0,"launch_status":0,"completion_status":0}
{"schema":"riley.owned-graph-diagnostic.v1","kind":"read","capture_id":1,"replay_id":444,"host_read_bytes":98344,"host_read_ns":4698}
{"schema":"riley.owned-graph-diagnostic.v1","kind":"replay","capture_id":1,"replay_id":445,"position":126,"host_staging_bytes":98344,"event_setup_ns":311,"host_staging_ns":1546,"host_launch_ns":6993,"host_wait_ns":4364899,"cuda_graph_span_ns":4369023.800,"event_status":0,"launch_status":0,"completion_status":0}
{"schema":"riley.owned-graph-diagnostic.v1","kind":"projection","capture_id":1,"replay_id":445,"position":126,"layer":0,"projection":"gate","operator":"override","cuda_span_ns":10240.000,"event_status":0,"launch_status":0,"completion_status":0}
{"schema":"riley.owned-graph-diagnostic.v1","kind":"read","capture_id":1,"replay_id":445,"host_read_bytes":98344,"host_read_ns":4900}
{"schema":"riley.owned-graph-diagnostic.v1","kind":"replay","capture_id":1,"replay_id":446,"position":127,"host_staging_bytes":98344,"event_setup_ns":364,"host_staging_ns":1569,"host_launch_ns":7454,"host_wait_ns":4351451,"cuda_graph_span_ns":4355936.050,"event_status":0,"launch_status":0,"completion_status":0}
{"schema":"riley.owned-graph-diagnostic.v1","kind":"projection","capture_id":1,"replay_id":446,"position":127,"layer":0,"projection":"gate","operator":"override","cuda_span_ns":10240.000,"event_status":0,"launch_status":0,"completion_status":0}
{"schema":"riley.owned-graph-diagnostic.v1","kind":"read","capture_id":1,"replay_id":446,"host_read_bytes":98344,"host_read_ns":5248}
{"schema":"riley.owned-graph-diagnostic.v1","kind":"replay","capture_id":2,"replay_id":447,"position":128,"host_staging_bytes":98344,"event_setup_ns":350,"host_staging_ns":1637,"host_launch_ns":12911,"host_wait_ns":2311302,"cuda_graph_span_ns":2321536.064,"event_status":0,"launch_status":0,"completion_status":0}
{"schema":"riley.owned-graph-diagnostic.v1","kind":"projection","capture_id":2,"replay_id":447,"position":128,"layer":0,"projection":"gate","operator":"canonical","cuda_span_ns":6144.000,"event_status":0,"launch_status":0,"completion_status":0}
{"schema":"riley.owned-graph-diagnostic.v1","kind":"read","capture_id":2,"replay_id":447,"host_read_bytes":98344,"host_read_ns":5018}
{"schema":"riley.owned-graph-diagnostic.v1","kind":"replay","capture_id":2,"replay_id":448,"position":129,"host_staging_bytes":98344,"event_setup_ns":349,"host_staging_ns":1605,"host_launch_ns":7752,"host_wait_ns":2042922,"cuda_graph_span_ns":2048127.890,"event_status":0,"launch_status":0,"completion_status":0}
{"schema":"riley.owned-graph-diagnostic.v1","kind":"projection","capture_id":2,"replay_id":448,"position":129,"layer":0,"projection":"gate","operator":"canonical","cuda_span_ns":5120.000,"event_status":0,"launch_status":0,"completion_status":0}
{"schema":"riley.owned-graph-diagnostic.v1","kind":"read","capture_id":2,"replay_id":448,"host_read_bytes":98344,"host_read_ns":4848}
{"schema":"riley.owned-graph-diagnostic.v1","kind":"replay","capture_id":2,"replay_id":449,"position":130,"host_staging_bytes":98344,"event_setup_ns":405,"host_staging_ns":1582,"host_launch_ns":7382,"host_wait_ns":2039740,"cuda_graph_span_ns":2044640.064,"event_status":0,"launch_status":0,"completion_status":0}
{"schema":"riley.owned-graph-diagnostic.v1","kind":"projection","capture_id":2,"replay_id":449,"position":130,"layer":0,"projection":"gate","operator":"canonical","cuda_span_ns":5120.000,"event_status":0,"launch_status":0,"completion_status":0}
{"schema":"riley.owned-graph-diagnostic.v1","kind":"read","capture_id":2,"replay_id":449,"host_read_bytes":98344,"host_read_ns":5052}
{"schema":"riley.owned-graph-diagnostic.v1","kind":"replay","capture_id":2,"replay_id":450,"position":131,"host_staging_bytes":98344,"event_setup_ns":428,"host_staging_ns":1547,"host_launch_ns":6543,"host_wait_ns":2040244,"cuda_graph_span_ns":2044255.972,"event_status":0,"launch_status":0,"completion_status":0}
{"schema":"riley.owned-graph-diagnostic.v1","kind":"projection","capture_id":2,"replay_id":450,"position":131,"layer":0,"projection":"gate","operator":"canonical","cuda_span_ns":6144.000,"event_status":0,"launch_status":0,"completion_status":0}
{"schema":"riley.owned-graph-diagnostic.v1","kind":"read","capture_id":2,"replay_id":450,"host_read_bytes":98344,"host_read_ns":4901}
{"schema":"riley.owned-graph-diagnostic.v1","kind":"replay","capture_id":2,"replay_id":451,"position":132,"host_staging_bytes":98344,"event_setup_ns":311,"host_staging_ns":1538,"host_launch_ns":7109,"host_wait_ns":2040850,"cuda_graph_span_ns":2045151.949,"event_status":0,"launch_status":0,"completion_status":0}
{"schema":"riley.owned-graph-diagnostic.v1","kind":"projection","capture_id":2,"replay_id":451,"position":132,"layer":0,"projection":"gate","operator":"canonical","cuda_span_ns":5120.000,"event_status":0,"launch_status":0,"completion_status":0}
{"schema":"riley.owned-graph-diagnostic.v1","kind":"read","capture_id":2,"replay_id":451,"host_read_bytes":98344,"host_read_ns":4473}
{"schema":"riley.owned-graph-diagnostic.v1","kind":"replay","capture_id":2,"replay_id":452,"position":133,"host_staging_bytes":98344,"event_setup_ns":322,"host_staging_ns":1515,"host_launch_ns":6799,"host_wait_ns":2050886,"cuda_graph_span_ns":2055392.027,"event_status":0,"launch_status":0,"completion_status":0}
{"schema":"riley.owned-graph-diagnostic.v1","kind":"projection","capture_id":2,"replay_id":452,"position":133,"layer":0,"projection":"gate","operator":"canonical","cuda_span_ns":5120.000,"event_status":0,"launch_status":0,"completion_status":0}
{"schema":"riley.owned-graph-diagnostic.v1","kind":"read","capture_id":2,"replay_id":452,"host_read_bytes":98344,"host_read_ns":4669}
{"schema":"riley.owned-graph-diagnostic.v1","kind":"replay","capture_id":2,"replay_id":453,"position":134,"host_staging_bytes":98344,"event_setup_ns":321,"host_staging_ns":1518,"host_launch_ns":6725,"host_wait_ns":2049432,"cuda_graph_span_ns":2053632.021,"event_status":0,"launch_status":0,"completion_status":0}
{"schema":"riley.owned-graph-diagnostic.v1","kind":"projection","capture_id":2,"replay_id":453,"position":134,"layer":0,"projection":"gate","operator":"canonical","cuda_span_ns":6144.000,"event_status":0,"launch_status":0,"completion_status":0}
{"schema":"riley.owned-graph-diagnostic.v1","kind":"read","capture_id":2,"replay_id":453,"host_read_bytes":98344,"host_read_ns":4489}
{"schema":"riley.owned-graph-diagnostic.v1","kind":"replay","capture_id":2,"replay_id":454,"position":135,"host_staging_bytes":98344,"event_setup_ns":368,"host_staging_ns":1550,"host_launch_ns":6913,"host_wait_ns":2043427,"cuda_graph_span_ns":2047775.984,"event_status":0,"launch_status":0,"completion_status":0}
{"schema":"riley.owned-graph-diagnostic.v1","kind":"projection","capture_id":2,"replay_id":454,"position":135,"layer":0,"projection":"gate","operator":"canonical","cuda_span_ns":5120.000,"event_status":0,"launch_status":0,"completion_status":0}
{"schema":"riley.owned-graph-diagnostic.v1","kind":"read","capture_id":2,"replay_id":454,"host_read_bytes":98344,"host_read_ns":5012}
{"schema":"riley.owned-graph-diagnostic.v1","kind":"replay","capture_id":2,"replay_id":455,"position":136,"host_staging_bytes":98344,"event_setup_ns":401,"host_staging_ns":1570,"host_launch_ns":6698,"host_wait_ns":2089899,"cuda_graph_span_ns":2093888.044,"event_status":0,"launch_status":0,"completion_status":0}
{"schema":"riley.owned-graph-diagnostic.v1","kind":"projection","capture_id":2,"replay_id":455,"position":136,"layer":0,"projection":"gate","operator":"canonical","cuda_span_ns":5120.000,"event_status":0,"launch_status":0,"completion_status":0}
{"schema":"riley.owned-graph-diagnostic.v1","kind":"read","capture_id":2,"replay_id":455,"host_read_bytes":98344,"host_read_ns":4664}
{"schema":"riley.owned-graph-diagnostic.v1","kind":"replay","capture_id":2,"replay_id":456,"position":137,"host_staging_bytes":98344,"event_setup_ns":329,"host_staging_ns":1535,"host_launch_ns":7212,"host_wait_ns":2097900,"cuda_graph_span_ns":2102495.909,"event_status":0,"launch_status":0,"completion_status":0}
{"schema":"riley.owned-graph-diagnostic.v1","kind":"projection","capture_id":2,"replay_id":456,"position":137,"layer":0,"projection":"gate","operator":"canonical","cuda_span_ns":5120.000,"event_status":0,"launch_status":0,"completion_status":0}
{"schema":"riley.owned-graph-diagnostic.v1","kind":"read","capture_id":2,"replay_id":456,"host_read_bytes":98344,"host_read_ns":5927}
{"schema":"riley.owned-graph-diagnostic.v1","kind":"replay","capture_id":2,"replay_id":457,"position":138,"host_staging_bytes":98344,"event_setup_ns":317,"host_staging_ns":1546,"host_launch_ns":6632,"host_wait_ns":2100132,"cuda_graph_span_ns":2104063.988,"event_status":0,"launch_status":0,"completion_status":0}
{"schema":"riley.owned-graph-diagnostic.v1","kind":"projection","capture_id":2,"replay_id":457,"position":138,"layer":0,"projection":"gate","operator":"canonical","cuda_span_ns":5120.000,"event_status":0,"launch_status":0,"completion_status":0}
{"schema":"riley.owned-graph-diagnostic.v1","kind":"read","capture_id":2,"replay_id":457,"host_read_bytes":98344,"host_read_ns":4340}
{"schema":"riley.owned-graph-diagnostic.v1","kind":"replay","capture_id":2,"replay_id":458,"position":139,"host_staging_bytes":98344,"event_setup_ns":398,"host_staging_ns":1543,"host_launch_ns":7129,"host_wait_ns":2099957,"cuda_graph_span_ns":2104480.028,"event_status":0,"launch_status":0,"completion_status":0}
{"schema":"riley.owned-graph-diagnostic.v1","kind":"projection","capture_id":2,"replay_id":458,"position":139,"layer":0,"projection":"gate","operator":"canonical","cuda_span_ns":6144.000,"event_status":0,"launch_status":0,"completion_status":0}
{"schema":"riley.owned-graph-diagnostic.v1","kind":"read","capture_id":2,"replay_id":458,"host_read_bytes":98344,"host_read_ns":4384}
{"schema":"riley.owned-graph-diagnostic.v1","kind":"replay","capture_id":2,"replay_id":459,"position":140,"host_staging_bytes":98344,"event_setup_ns":574,"host_staging_ns":1526,"host_launch_ns":6970,"host_wait_ns":2099810,"cuda_graph_span_ns":2104192.019,"event_status":0,"launch_status":0,"completion_status":0}
{"schema":"riley.owned-graph-diagnostic.v1","kind":"projection","capture_id":2,"replay_id":459,"position":140,"layer":0,"projection":"gate","operator":"canonical","cuda_span_ns":5120.000,"event_status":0,"launch_status":0,"completion_status":0}
{"schema":"riley.owned-graph-diagnostic.v1","kind":"read","capture_id":2,"replay_id":459,"host_read_bytes":98344,"host_read_ns":4597}
{"schema":"riley.owned-graph-diagnostic.v1","kind":"replay","capture_id":2,"replay_id":460,"position":141,"host_staging_bytes":98344,"event_setup_ns":536,"host_staging_ns":1536,"host_launch_ns":6431,"host_wait_ns":2100035,"cuda_graph_span_ns":2103775.978,"event_status":0,"launch_status":0,"completion_status":0}
{"schema":"riley.owned-graph-diagnostic.v1","kind":"projection","capture_id":2,"replay_id":460,"position":141,"layer":0,"projection":"gate","operator":"canonical","cuda_span_ns":6144.000,"event_status":0,"launch_status":0,"completion_status":0}
{"schema":"riley.owned-graph-diagnostic.v1","kind":"read","capture_id":2,"replay_id":460,"host_read_bytes":98344,"host_read_ns":4361}
{"schema":"riley.owned-graph-diagnostic.v1","kind":"replay","capture_id":2,"replay_id":461,"position":142,"host_staging_bytes":98344,"event_setup_ns":410,"host_staging_ns":1524,"host_launch_ns":7146,"host_wait_ns":2098454,"cuda_graph_span_ns":2103199.959,"event_status":0,"launch_status":0,"completion_status":0}
{"schema":"riley.owned-graph-diagnostic.v1","kind":"projection","capture_id":2,"replay_id":461,"position":142,"layer":0,"projection":"gate","operator":"canonical","cuda_span_ns":5120.000,"event_status":0,"launch_status":0,"completion_status":0}
{"schema":"riley.owned-graph-diagnostic.v1","kind":"read","capture_id":2,"replay_id":461,"host_read_bytes":98344,"host_read_ns":4592}
{"schema":"riley.owned-graph-diagnostic.v1","kind":"replay","capture_id":2,"replay_id":462,"position":143,"host_staging_bytes":98344,"event_setup_ns":324,"host_staging_ns":1536,"host_launch_ns":6523,"host_wait_ns":2099347,"cuda_graph_span_ns":2103071.928,"event_status":0,"launch_status":0,"completion_status":0}
{"schema":"riley.owned-graph-diagnostic.v1","kind":"projection","capture_id":2,"replay_id":462,"position":143,"layer":0,"projection":"gate","operator":"canonical","cuda_span_ns":6144.000,"event_status":0,"launch_status":0,"completion_status":0}
{"schema":"riley.owned-graph-diagnostic.v1","kind":"read","capture_id":2,"replay_id":462,"host_read_bytes":98344,"host_read_ns":5325}
{"schema":"riley.owned-graph-diagnostic.v1","kind":"replay","capture_id":2,"replay_id":463,"position":144,"host_staging_bytes":98344,"event_setup_ns":556,"host_staging_ns":1536,"host_launch_ns":6840,"host_wait_ns":2157216,"cuda_graph_span_ns":2161407.948,"event_status":0,"launch_status":0,"completion_status":0}
{"schema":"riley.owned-graph-diagnostic.v1","kind":"projection","capture_id":2,"replay_id":463,"position":144,"layer":0,"projection":"gate","operator":"canonical","cuda_span_ns":5120.000,"event_status":0,"launch_status":0,"completion_status":0}
{"schema":"riley.owned-graph-diagnostic.v1","kind":"read","capture_id":2,"replay_id":463,"host_read_bytes":98344,"host_read_ns":4451}
{"schema":"riley.owned-graph-diagnostic.v1","kind":"replay","capture_id":2,"replay_id":464,"position":145,"host_staging_bytes":98344,"event_setup_ns":343,"host_staging_ns":1521,"host_launch_ns":6499,"host_wait_ns":2173595,"cuda_graph_span_ns":2177472.115,"event_status":0,"launch_status":0,"completion_status":0}
{"schema":"riley.owned-graph-diagnostic.v1","kind":"projection","capture_id":2,"replay_id":464,"position":145,"layer":0,"projection":"gate","operator":"canonical","cuda_span_ns":5120.000,"event_status":0,"launch_status":0,"completion_status":0}
{"schema":"riley.owned-graph-diagnostic.v1","kind":"read","capture_id":2,"replay_id":464,"host_read_bytes":98344,"host_read_ns":4495}
{"schema":"riley.owned-graph-diagnostic.v1","kind":"replay","capture_id":2,"replay_id":465,"position":146,"host_staging_bytes":98344,"event_setup_ns":368,"host_staging_ns":1524,"host_launch_ns":6671,"host_wait_ns":2172378,"cuda_graph_span_ns":2176608.086,"event_status":0,"launch_status":0,"completion_status":0}
{"schema":"riley.owned-graph-diagnostic.v1","kind":"projection","capture_id":2,"replay_id":465,"position":146,"layer":0,"projection":"gate","operator":"canonical","cuda_span_ns":5120.000,"event_status":0,"launch_status":0,"completion_status":0}
{"schema":"riley.owned-graph-diagnostic.v1","kind":"read","capture_id":2,"replay_id":465,"host_read_bytes":98344,"host_read_ns":4387}
{"schema":"riley.owned-graph-diagnostic.v1","kind":"replay","capture_id":2,"replay_id":466,"position":147,"host_staging_bytes":98344,"event_setup_ns":388,"host_staging_ns":1513,"host_launch_ns":6630,"host_wait_ns":2172076,"cuda_graph_span_ns":2176095.963,"event_status":0,"launch_status":0,"completion_status":0}
{"schema":"riley.owned-graph-diagnostic.v1","kind":"projection","capture_id":2,"replay_id":466,"position":147,"layer":0,"projection":"gate","operator":"canonical","cuda_span_ns":5120.000,"event_status":0,"launch_status":0,"completion_status":0}
{"schema":"riley.owned-graph-diagnostic.v1","kind":"read","capture_id":2,"replay_id":466,"host_read_bytes":98344,"host_read_ns":4729}
{"schema":"riley.owned-graph-diagnostic.v1","kind":"replay","capture_id":2,"replay_id":467,"position":148,"host_staging_bytes":98344,"event_setup_ns":384,"host_staging_ns":1532,"host_launch_ns":6868,"host_wait_ns":2174354,"cuda_graph_span_ns":2178560.019,"event_status":0,"launch_status":0,"completion_status":0}
{"schema":"riley.owned-graph-diagnostic.v1","kind":"projection","capture_id":2,"replay_id":467,"position":148,"layer":0,"projection":"gate","operator":"canonical","cuda_span_ns":5120.000,"event_status":0,"launch_status":0,"completion_status":0}
{"schema":"riley.owned-graph-diagnostic.v1","kind":"read","capture_id":2,"replay_id":467,"host_read_bytes":98344,"host_read_ns":4637}
{"schema":"riley.owned-graph-diagnostic.v1","kind":"replay","capture_id":2,"replay_id":468,"position":149,"host_staging_bytes":98344,"event_setup_ns":398,"host_staging_ns":1522,"host_launch_ns":6697,"host_wait_ns":2174954,"cuda_graph_span_ns":2179104.090,"event_status":0,"launch_status":0,"completion_status":0}
{"schema":"riley.owned-graph-diagnostic.v1","kind":"projection","capture_id":2,"replay_id":468,"position":149,"layer":0,"projection":"gate","operator":"canonical","cuda_span_ns":5120.000,"event_status":0,"launch_status":0,"completion_status":0}
{"schema":"riley.owned-graph-diagnostic.v1","kind":"read","capture_id":2,"replay_id":468,"host_read_bytes":98344,"host_read_ns":4778}
{"schema":"riley.owned-graph-diagnostic.v1","kind":"replay","capture_id":2,"replay_id":469,"position":150,"host_staging_bytes":98344,"event_setup_ns":374,"host_staging_ns":1517,"host_launch_ns":6513,"host_wait_ns":2173749,"cuda_graph_span_ns":2177727.938,"event_status":0,"launch_status":0,"completion_status":0}
{"schema":"riley.owned-graph-diagnostic.v1","kind":"projection","capture_id":2,"replay_id":469,"position":150,"layer":0,"projection":"gate","operator":"canonical","cuda_span_ns":5120.000,"event_status":0,"launch_status":0,"completion_status":0}
{"schema":"riley.owned-graph-diagnostic.v1","kind":"read","capture_id":2,"replay_id":469,"host_read_bytes":98344,"host_read_ns":4860}
{"schema":"riley.owned-graph-diagnostic.v1","kind":"replay","capture_id":2,"replay_id":470,"position":151,"host_staging_bytes":98344,"event_setup_ns":396,"host_staging_ns":1542,"host_launch_ns":6909,"host_wait_ns":2174566,"cuda_graph_span_ns":2178719.997,"event_status":0,"launch_status":0,"completion_status":0}
{"schema":"riley.owned-graph-diagnostic.v1","kind":"projection","capture_id":2,"replay_id":470,"position":151,"layer":0,"projection":"gate","operator":"canonical","cuda_span_ns":5120.000,"event_status":0,"launch_status":0,"completion_status":0}
{"schema":"riley.owned-graph-diagnostic.v1","kind":"read","capture_id":2,"replay_id":470,"host_read_bytes":98344,"host_read_ns":4217}
{"schema":"riley.owned-graph-diagnostic.v1","kind":"replay","capture_id":2,"replay_id":471,"position":152,"host_staging_bytes":98344,"event_setup_ns":396,"host_staging_ns":1509,"host_launch_ns":6832,"host_wait_ns":2211597,"cuda_graph_span_ns":2215872.049,"event_status":0,"launch_status":0,"completion_status":0}
{"schema":"riley.owned-graph-diagnostic.v1","kind":"projection","capture_id":2,"replay_id":471,"position":152,"layer":0,"projection":"gate","operator":"canonical","cuda_span_ns":5120.000,"event_status":0,"launch_status":0,"completion_status":0}
{"schema":"riley.owned-graph-diagnostic.v1","kind":"read","capture_id":2,"replay_id":471,"host_read_bytes":98344,"host_read_ns":4984}
{"schema":"riley.owned-graph-diagnostic.v1","kind":"replay","capture_id":2,"replay_id":472,"position":153,"host_staging_bytes":98344,"event_setup_ns":322,"host_staging_ns":1523,"host_launch_ns":7024,"host_wait_ns":2228502,"cuda_graph_span_ns":2233023.882,"event_status":0,"launch_status":0,"completion_status":0}
{"schema":"riley.owned-graph-diagnostic.v1","kind":"projection","capture_id":2,"replay_id":472,"position":153,"layer":0,"projection":"gate","operator":"canonical","cuda_span_ns":5120.000,"event_status":0,"launch_status":0,"completion_status":0}
{"schema":"riley.owned-graph-diagnostic.v1","kind":"read","capture_id":2,"replay_id":472,"host_read_bytes":98344,"host_read_ns":4861}
{"schema":"riley.owned-graph-diagnostic.v1","kind":"replay","capture_id":2,"replay_id":473,"position":154,"host_staging_bytes":98344,"event_setup_ns":433,"host_staging_ns":1538,"host_launch_ns":6827,"host_wait_ns":2228145,"cuda_graph_span_ns":2232320.070,"event_status":0,"launch_status":0,"completion_status":0}
{"schema":"riley.owned-graph-diagnostic.v1","kind":"projection","capture_id":2,"replay_id":473,"position":154,"layer":0,"projection":"gate","operator":"canonical","cuda_span_ns":5120.000,"event_status":0,"launch_status":0,"completion_status":0}
{"schema":"riley.owned-graph-diagnostic.v1","kind":"read","capture_id":2,"replay_id":473,"host_read_bytes":98344,"host_read_ns":4682}
{"schema":"riley.owned-graph-diagnostic.v1","kind":"replay","capture_id":2,"replay_id":474,"position":155,"host_staging_bytes":98344,"event_setup_ns":489,"host_staging_ns":1528,"host_launch_ns":7236,"host_wait_ns":2221516,"cuda_graph_span_ns":2226336.002,"event_status":0,"launch_status":0,"completion_status":0}
{"schema":"riley.owned-graph-diagnostic.v1","kind":"projection","capture_id":2,"replay_id":474,"position":155,"layer":0,"projection":"gate","operator":"canonical","cuda_span_ns":5120.000,"event_status":0,"launch_status":0,"completion_status":0}
{"schema":"riley.owned-graph-diagnostic.v1","kind":"read","capture_id":2,"replay_id":474,"host_read_bytes":98344,"host_read_ns":4494}
{"schema":"riley.owned-graph-diagnostic.v1","kind":"replay","capture_id":2,"replay_id":475,"position":156,"host_staging_bytes":98344,"event_setup_ns":318,"host_staging_ns":1531,"host_launch_ns":6392,"host_wait_ns":2228077,"cuda_graph_span_ns":2231807.947,"event_status":0,"launch_status":0,"completion_status":0}
{"schema":"riley.owned-graph-diagnostic.v1","kind":"projection","capture_id":2,"replay_id":475,"position":156,"layer":0,"projection":"gate","operator":"canonical","cuda_span_ns":5120.000,"event_status":0,"launch_status":0,"completion_status":0}
{"schema":"riley.owned-graph-diagnostic.v1","kind":"read","capture_id":2,"replay_id":475,"host_read_bytes":98344,"host_read_ns":4672}
{"schema":"riley.owned-graph-diagnostic.v1","kind":"replay","capture_id":2,"replay_id":476,"position":157,"host_staging_bytes":98344,"event_setup_ns":321,"host_staging_ns":1522,"host_launch_ns":6918,"host_wait_ns":2227500,"cuda_graph_span_ns":2231679.916,"event_status":0,"launch_status":0,"completion_status":0}
{"schema":"riley.owned-graph-diagnostic.v1","kind":"projection","capture_id":2,"replay_id":476,"position":157,"layer":0,"projection":"gate","operator":"canonical","cuda_span_ns":5120.000,"event_status":0,"launch_status":0,"completion_status":0}
{"schema":"riley.owned-graph-diagnostic.v1","kind":"read","capture_id":2,"replay_id":476,"host_read_bytes":98344,"host_read_ns":4307}
{"schema":"riley.owned-graph-diagnostic.v1","kind":"replay","capture_id":2,"replay_id":477,"position":158,"host_staging_bytes":98344,"event_setup_ns":570,"host_staging_ns":1516,"host_launch_ns":7227,"host_wait_ns":2223643,"cuda_graph_span_ns":2228415.966,"event_status":0,"launch_status":0,"completion_status":0}
{"schema":"riley.owned-graph-diagnostic.v1","kind":"projection","capture_id":2,"replay_id":477,"position":158,"layer":0,"projection":"gate","operator":"canonical","cuda_span_ns":6144.000,"event_status":0,"launch_status":0,"completion_status":0}
{"schema":"riley.owned-graph-diagnostic.v1","kind":"read","capture_id":2,"replay_id":477,"host_read_bytes":98344,"host_read_ns":5639}
{"schema":"riley.owned-graph-diagnostic.v1","kind":"replay","capture_id":1,"replay_id":478,"position":0,"host_staging_bytes":98344,"event_setup_ns":4233,"host_staging_ns":2378,"host_launch_ns":19492,"host_wait_ns":2880925,"cuda_graph_span_ns":2897952.080,"event_status":0,"launch_status":0,"completion_status":0}
{"schema":"riley.owned-graph-diagnostic.v1","kind":"projection","capture_id":1,"replay_id":478,"position":0,"layer":0,"projection":"gate","operator":"override","cuda_span_ns":11264.000,"event_status":0,"launch_status":0,"completion_status":0}
{"schema":"riley.owned-graph-diagnostic.v1","kind":"read","capture_id":1,"replay_id":478,"host_read_bytes":98344,"host_read_ns":5746}
{"schema":"riley.owned-graph-diagnostic.v1","kind":"replay","capture_id":1,"replay_id":479,"position":1,"host_staging_bytes":98344,"event_setup_ns":588,"host_staging_ns":1711,"host_launch_ns":7708,"host_wait_ns":2921654,"cuda_graph_span_ns":2926847.935,"event_status":0,"launch_status":0,"completion_status":0}
{"schema":"riley.owned-graph-diagnostic.v1","kind":"projection","capture_id":1,"replay_id":479,"position":1,"layer":0,"projection":"gate","operator":"override","cuda_span_ns":10240.000,"event_status":0,"launch_status":0,"completion_status":0}
{"schema":"riley.owned-graph-diagnostic.v1","kind":"read","capture_id":1,"replay_id":479,"host_read_bytes":98344,"host_read_ns":4845}
{"schema":"riley.owned-graph-diagnostic.v1","kind":"replay","capture_id":1,"replay_id":480,"position":2,"host_staging_bytes":98344,"event_setup_ns":442,"host_staging_ns":1520,"host_launch_ns":6688,"host_wait_ns":2937826,"cuda_graph_span_ns":2941663.980,"event_status":0,"launch_status":0,"completion_status":0}
{"schema":"riley.owned-graph-diagnostic.v1","kind":"projection","capture_id":1,"replay_id":480,"position":2,"layer":0,"projection":"gate","operator":"override","cuda_span_ns":11264.000,"event_status":0,"launch_status":0,"completion_status":0}
{"schema":"riley.owned-graph-diagnostic.v1","kind":"read","capture_id":1,"replay_id":480,"host_read_bytes":98344,"host_read_ns":4624}
{"schema":"riley.owned-graph-diagnostic.v1","kind":"replay","capture_id":1,"replay_id":481,"position":3,"host_staging_bytes":98344,"event_setup_ns":412,"host_staging_ns":1531,"host_launch_ns":6926,"host_wait_ns":2931684,"cuda_graph_span_ns":2935647.964,"event_status":0,"launch_status":0,"completion_status":0}
{"schema":"riley.owned-graph-diagnostic.v1","kind":"projection","capture_id":1,"replay_id":481,"position":3,"layer":0,"projection":"gate","operator":"override","cuda_span_ns":10240.000,"event_status":0,"launch_status":0,"completion_status":0}
{"schema":"riley.owned-graph-diagnostic.v1","kind":"read","capture_id":1,"replay_id":481,"host_read_bytes":98344,"host_read_ns":4229}
{"schema":"riley.owned-graph-diagnostic.v1","kind":"replay","capture_id":1,"replay_id":482,"position":4,"host_staging_bytes":98344,"event_setup_ns":417,"host_staging_ns":1521,"host_launch_ns":6636,"host_wait_ns":2945274,"cuda_graph_span_ns":2949183.941,"event_status":0,"launch_status":0,"completion_status":0}
{"schema":"riley.owned-graph-diagnostic.v1","kind":"projection","capture_id":1,"replay_id":482,"position":4,"layer":0,"projection":"gate","operator":"override","cuda_span_ns":10240.000,"event_status":0,"launch_status":0,"completion_status":0}
{"schema":"riley.owned-graph-diagnostic.v1","kind":"read","capture_id":1,"replay_id":482,"host_read_bytes":98344,"host_read_ns":4803}
{"schema":"riley.owned-graph-diagnostic.v1","kind":"replay","capture_id":1,"replay_id":483,"position":5,"host_staging_bytes":98344,"event_setup_ns":355,"host_staging_ns":1521,"host_launch_ns":6634,"host_wait_ns":2945448,"cuda_graph_span_ns":2949343.920,"event_status":0,"launch_status":0,"completion_status":0}
{"schema":"riley.owned-graph-diagnostic.v1","kind":"projection","capture_id":1,"replay_id":483,"position":5,"layer":0,"projection":"gate","operator":"override","cuda_span_ns":11264.000,"event_status":0,"launch_status":0,"completion_status":0}
{"schema":"riley.owned-graph-diagnostic.v1","kind":"read","capture_id":1,"replay_id":483,"host_read_bytes":98344,"host_read_ns":4736}
{"schema":"riley.owned-graph-diagnostic.v1","kind":"replay","capture_id":1,"replay_id":484,"position":6,"host_staging_bytes":98344,"event_setup_ns":361,"host_staging_ns":1523,"host_launch_ns":6652,"host_wait_ns":2938902,"cuda_graph_span_ns":2942879.915,"event_status":0,"launch_status":0,"completion_status":0}
{"schema":"riley.owned-graph-diagnostic.v1","kind":"projection","capture_id":1,"replay_id":484,"position":6,"layer":0,"projection":"gate","operator":"override","cuda_span_ns":10240.000,"event_status":0,"launch_status":0,"completion_status":0}
{"schema":"riley.owned-graph-diagnostic.v1","kind":"read","capture_id":1,"replay_id":484,"host_read_bytes":98344,"host_read_ns":4609}
{"schema":"riley.owned-graph-diagnostic.v1","kind":"replay","capture_id":1,"replay_id":485,"position":7,"host_staging_bytes":98344,"event_setup_ns":404,"host_staging_ns":1529,"host_launch_ns":6713,"host_wait_ns":2945060,"cuda_graph_span_ns":2949023.962,"event_status":0,"launch_status":0,"completion_status":0}
{"schema":"riley.owned-graph-diagnostic.v1","kind":"projection","capture_id":1,"replay_id":485,"position":7,"layer":0,"projection":"gate","operator":"override","cuda_span_ns":10240.000,"event_status":0,"launch_status":0,"completion_status":0}
{"schema":"riley.owned-graph-diagnostic.v1","kind":"read","capture_id":1,"replay_id":485,"host_read_bytes":98344,"host_read_ns":4339}
{"schema":"riley.owned-graph-diagnostic.v1","kind":"replay","capture_id":1,"replay_id":486,"position":8,"host_staging_bytes":98344,"event_setup_ns":324,"host_staging_ns":1509,"host_launch_ns":6585,"host_wait_ns":2964539,"cuda_graph_span_ns":2968480.110,"event_status":0,"launch_status":0,"completion_status":0}
{"schema":"riley.owned-graph-diagnostic.v1","kind":"projection","capture_id":1,"replay_id":486,"position":8,"layer":0,"projection":"gate","operator":"override","cuda_span_ns":10240.000,"event_status":0,"launch_status":0,"completion_status":0}
{"schema":"riley.owned-graph-diagnostic.v1","kind":"read","capture_id":1,"replay_id":486,"host_read_bytes":98344,"host_read_ns":5072}
{"schema":"riley.owned-graph-diagnostic.v1","kind":"replay","capture_id":1,"replay_id":487,"position":9,"host_staging_bytes":98344,"event_setup_ns":373,"host_staging_ns":1519,"host_launch_ns":6386,"host_wait_ns":3004964,"cuda_graph_span_ns":3008671.999,"event_status":0,"launch_status":0,"completion_status":0}
{"schema":"riley.owned-graph-diagnostic.v1","kind":"projection","capture_id":1,"replay_id":487,"position":9,"layer":0,"projection":"gate","operator":"override","cuda_span_ns":10240.000,"event_status":0,"launch_status":0,"completion_status":0}
{"schema":"riley.owned-graph-diagnostic.v1","kind":"read","capture_id":1,"replay_id":487,"host_read_bytes":98344,"host_read_ns":4627}
{"schema":"riley.owned-graph-diagnostic.v1","kind":"replay","capture_id":1,"replay_id":488,"position":10,"host_staging_bytes":98344,"event_setup_ns":455,"host_staging_ns":1523,"host_launch_ns":6513,"host_wait_ns":3011598,"cuda_graph_span_ns":3015072.107,"event_status":0,"launch_status":0,"completion_status":0}
{"schema":"riley.owned-graph-diagnostic.v1","kind":"projection","capture_id":1,"replay_id":488,"position":10,"layer":0,"projection":"gate","operator":"override","cuda_span_ns":11264.000,"event_status":0,"launch_status":0,"completion_status":0}
{"schema":"riley.owned-graph-diagnostic.v1","kind":"read","capture_id":1,"replay_id":488,"host_read_bytes":98344,"host_read_ns":4767}
{"schema":"riley.owned-graph-diagnostic.v1","kind":"replay","capture_id":1,"replay_id":489,"position":11,"host_staging_bytes":98344,"event_setup_ns":438,"host_staging_ns":1508,"host_launch_ns":6637,"host_wait_ns":3013311,"cuda_graph_span_ns":3017055.988,"event_status":0,"launch_status":0,"completion_status":0}
{"schema":"riley.owned-graph-diagnostic.v1","kind":"projection","capture_id":1,"replay_id":489,"position":11,"layer":0,"projection":"gate","operator":"override","cuda_span_ns":11264.000,"event_status":0,"launch_status":0,"completion_status":0}
{"schema":"riley.owned-graph-diagnostic.v1","kind":"read","capture_id":1,"replay_id":489,"host_read_bytes":98344,"host_read_ns":4685}
{"schema":"riley.owned-graph-diagnostic.v1","kind":"replay","capture_id":1,"replay_id":490,"position":12,"host_staging_bytes":98344,"event_setup_ns":566,"host_staging_ns":1504,"host_launch_ns":6369,"host_wait_ns":3018234,"cuda_graph_span_ns":3021568.060,"event_status":0,"launch_status":0,"completion_status":0}
{"schema":"riley.owned-graph-diagnostic.v1","kind":"projection","capture_id":1,"replay_id":490,"position":12,"layer":0,"projection":"gate","operator":"override","cuda_span_ns":11264.000,"event_status":0,"launch_status":0,"completion_status":0}
{"schema":"riley.owned-graph-diagnostic.v1","kind":"read","capture_id":1,"replay_id":490,"host_read_bytes":98344,"host_read_ns":4482}
{"schema":"riley.owned-graph-diagnostic.v1","kind":"replay","capture_id":1,"replay_id":491,"position":13,"host_staging_bytes":98344,"event_setup_ns":380,"host_staging_ns":1519,"host_launch_ns":6526,"host_wait_ns":3026471,"cuda_graph_span_ns":3030112.028,"event_status":0,"launch_status":0,"completion_status":0}
{"schema":"riley.owned-graph-diagnostic.v1","kind":"projection","capture_id":1,"replay_id":491,"position":13,"layer":0,"projection":"gate","operator":"override","cuda_span_ns":10240.000,"event_status":0,"launch_status":0,"completion_status":0}
{"schema":"riley.owned-graph-diagnostic.v1","kind":"read","capture_id":1,"replay_id":491,"host_read_bytes":98344,"host_read_ns":4498}
{"schema":"riley.owned-graph-diagnostic.v1","kind":"replay","capture_id":1,"replay_id":492,"position":14,"host_staging_bytes":98344,"event_setup_ns":370,"host_staging_ns":1519,"host_launch_ns":6875,"host_wait_ns":3011348,"cuda_graph_span_ns":3015392.065,"event_status":0,"launch_status":0,"completion_status":0}
{"schema":"riley.owned-graph-diagnostic.v1","kind":"projection","capture_id":1,"replay_id":492,"position":14,"layer":0,"projection":"gate","operator":"override","cuda_span_ns":10240.000,"event_status":0,"launch_status":0,"completion_status":0}
{"schema":"riley.owned-graph-diagnostic.v1","kind":"read","capture_id":1,"replay_id":492,"host_read_bytes":98344,"host_read_ns":4332}
{"schema":"riley.owned-graph-diagnostic.v1","kind":"replay","capture_id":1,"replay_id":493,"position":15,"host_staging_bytes":98344,"event_setup_ns":361,"host_staging_ns":1516,"host_launch_ns":6823,"host_wait_ns":3018003,"cuda_graph_span_ns":3022016.048,"event_status":0,"launch_status":0,"completion_status":0}
{"schema":"riley.owned-graph-diagnostic.v1","kind":"projection","capture_id":1,"replay_id":493,"position":15,"layer":0,"projection":"gate","operator":"override","cuda_span_ns":10240.000,"event_status":0,"launch_status":0,"completion_status":0}
{"schema":"riley.owned-graph-diagnostic.v1","kind":"read","capture_id":1,"replay_id":493,"host_read_bytes":98344,"host_read_ns":4536}
{"schema":"riley.owned-graph-diagnostic.v1","kind":"replay","capture_id":1,"replay_id":494,"position":16,"host_staging_bytes":98344,"event_setup_ns":293,"host_staging_ns":1516,"host_launch_ns":6441,"host_wait_ns":3079033,"cuda_graph_span_ns":3082783.937,"event_status":0,"launch_status":0,"completion_status":0}
{"schema":"riley.owned-graph-diagnostic.v1","kind":"projection","capture_id":1,"replay_id":494,"position":16,"layer":0,"projection":"gate","operator":"override","cuda_span_ns":10240.000,"event_status":0,"launch_status":0,"completion_status":0}
{"schema":"riley.owned-graph-diagnostic.v1","kind":"read","capture_id":1,"replay_id":494,"host_read_bytes":98344,"host_read_ns":4581}
{"schema":"riley.owned-graph-diagnostic.v1","kind":"replay","capture_id":1,"replay_id":495,"position":17,"host_staging_bytes":98344,"event_setup_ns":281,"host_staging_ns":1521,"host_launch_ns":6483,"host_wait_ns":3118887,"cuda_graph_span_ns":3122463.942,"event_status":0,"launch_status":0,"completion_status":0}
{"schema":"riley.owned-graph-diagnostic.v1","kind":"projection","capture_id":1,"replay_id":495,"position":17,"layer":0,"projection":"gate","operator":"override","cuda_span_ns":11264.000,"event_status":0,"launch_status":0,"completion_status":0}
{"schema":"riley.owned-graph-diagnostic.v1","kind":"read","capture_id":1,"replay_id":495,"host_read_bytes":98344,"host_read_ns":4237}
{"schema":"riley.owned-graph-diagnostic.v1","kind":"replay","capture_id":1,"replay_id":496,"position":18,"host_staging_bytes":98344,"event_setup_ns":456,"host_staging_ns":1527,"host_launch_ns":6662,"host_wait_ns":3117508,"cuda_graph_span_ns":3121279.955,"event_status":0,"launch_status":0,"completion_status":0}
{"schema":"riley.owned-graph-diagnostic.v1","kind":"projection","capture_id":1,"replay_id":496,"position":18,"layer":0,"projection":"gate","operator":"override","cuda_span_ns":11264.000,"event_status":0,"launch_status":0,"completion_status":0}
{"schema":"riley.owned-graph-diagnostic.v1","kind":"read","capture_id":1,"replay_id":496,"host_read_bytes":98344,"host_read_ns":4319}
{"schema":"riley.owned-graph-diagnostic.v1","kind":"replay","capture_id":1,"replay_id":497,"position":19,"host_staging_bytes":98344,"event_setup_ns":461,"host_staging_ns":1523,"host_launch_ns":6428,"host_wait_ns":3115651,"cuda_graph_span_ns":3119679.928,"event_status":0,"launch_status":0,"completion_status":0}
{"schema":"riley.owned-graph-diagnostic.v1","kind":"projection","capture_id":1,"replay_id":497,"position":19,"layer":0,"projection":"gate","operator":"override","cuda_span_ns":11264.000,"event_status":0,"launch_status":0,"completion_status":0}
{"schema":"riley.owned-graph-diagnostic.v1","kind":"read","capture_id":1,"replay_id":497,"host_read_bytes":98344,"host_read_ns":4616}
{"schema":"riley.owned-graph-diagnostic.v1","kind":"replay","capture_id":1,"replay_id":498,"position":20,"host_staging_bytes":98344,"event_setup_ns":380,"host_staging_ns":1509,"host_launch_ns":6900,"host_wait_ns":3118244,"cuda_graph_span_ns":3122208.118,"event_status":0,"launch_status":0,"completion_status":0}
{"schema":"riley.owned-graph-diagnostic.v1","kind":"projection","capture_id":1,"replay_id":498,"position":20,"layer":0,"projection":"gate","operator":"override","cuda_span_ns":11264.000,"event_status":0,"launch_status":0,"completion_status":0}
{"schema":"riley.owned-graph-diagnostic.v1","kind":"read","capture_id":1,"replay_id":498,"host_read_bytes":98344,"host_read_ns":5238}
{"schema":"riley.owned-graph-diagnostic.v1","kind":"replay","capture_id":1,"replay_id":499,"position":21,"host_staging_bytes":98344,"event_setup_ns":365,"host_staging_ns":1516,"host_launch_ns":6453,"host_wait_ns":3126948,"cuda_graph_span_ns":3130687.952,"event_status":0,"launch_status":0,"completion_status":0}
{"schema":"riley.owned-graph-diagnostic.v1","kind":"projection","capture_id":1,"replay_id":499,"position":21,"layer":0,"projection":"gate","operator":"override","cuda_span_ns":11264.000,"event_status":0,"launch_status":0,"completion_status":0}
{"schema":"riley.owned-graph-diagnostic.v1","kind":"read","capture_id":1,"replay_id":499,"host_read_bytes":98344,"host_read_ns":4340}
{"schema":"riley.owned-graph-diagnostic.v1","kind":"replay","capture_id":1,"replay_id":500,"position":22,"host_staging_bytes":98344,"event_setup_ns":630,"host_staging_ns":1523,"host_launch_ns":6830,"host_wait_ns":3121265,"cuda_graph_span_ns":3124991.894,"event_status":0,"launch_status":0,"completion_status":0}
{"schema":"riley.owned-graph-diagnostic.v1","kind":"projection","capture_id":1,"replay_id":500,"position":22,"layer":0,"projection":"gate","operator":"override","cuda_span_ns":11264.000,"event_status":0,"launch_status":0,"completion_status":0}
{"schema":"riley.owned-graph-diagnostic.v1","kind":"read","capture_id":1,"replay_id":500,"host_read_bytes":98344,"host_read_ns":4628}
{"schema":"riley.owned-graph-diagnostic.v1","kind":"replay","capture_id":1,"replay_id":501,"position":23,"host_staging_bytes":98344,"event_setup_ns":426,"host_staging_ns":1520,"host_launch_ns":6857,"host_wait_ns":3119853,"cuda_graph_span_ns":3123903.990,"event_status":0,"launch_status":0,"completion_status":0}
{"schema":"riley.owned-graph-diagnostic.v1","kind":"projection","capture_id":1,"replay_id":501,"position":23,"layer":0,"projection":"gate","operator":"override","cuda_span_ns":10240.000,"event_status":0,"launch_status":0,"completion_status":0}
{"schema":"riley.owned-graph-diagnostic.v1","kind":"read","capture_id":1,"replay_id":501,"host_read_bytes":98344,"host_read_ns":5162}
{"schema":"riley.owned-graph-diagnostic.v1","kind":"replay","capture_id":1,"replay_id":502,"position":24,"host_staging_bytes":98344,"event_setup_ns":648,"host_staging_ns":1523,"host_launch_ns":6767,"host_wait_ns":3169140,"cuda_graph_span_ns":3172960.043,"event_status":0,"launch_status":0,"completion_status":0}
{"schema":"riley.owned-graph-diagnostic.v1","kind":"projection","capture_id":1,"replay_id":502,"position":24,"layer":0,"projection":"gate","operator":"override","cuda_span_ns":10240.000,"event_status":0,"launch_status":0,"completion_status":0}
{"schema":"riley.owned-graph-diagnostic.v1","kind":"read","capture_id":1,"replay_id":502,"host_read_bytes":98344,"host_read_ns":4847}
{"schema":"riley.owned-graph-diagnostic.v1","kind":"replay","capture_id":1,"replay_id":503,"position":25,"host_staging_bytes":98344,"event_setup_ns":491,"host_staging_ns":1549,"host_launch_ns":7538,"host_wait_ns":3199881,"cuda_graph_span_ns":3204639.912,"event_status":0,"launch_status":0,"completion_status":0}
{"schema":"riley.owned-graph-diagnostic.v1","kind":"projection","capture_id":1,"replay_id":503,"position":25,"layer":0,"projection":"gate","operator":"override","cuda_span_ns":11264.000,"event_status":0,"launch_status":0,"completion_status":0}
{"schema":"riley.owned-graph-diagnostic.v1","kind":"read","capture_id":1,"replay_id":503,"host_read_bytes":98344,"host_read_ns":4876}
{"schema":"riley.owned-graph-diagnostic.v1","kind":"replay","capture_id":1,"replay_id":504,"position":26,"host_staging_bytes":98344,"event_setup_ns":365,"host_staging_ns":1541,"host_launch_ns":6824,"host_wait_ns":3207676,"cuda_graph_span_ns":3211904.049,"event_status":0,"launch_status":0,"completion_status":0}
{"schema":"riley.owned-graph-diagnostic.v1","kind":"projection","capture_id":1,"replay_id":504,"position":26,"layer":0,"projection":"gate","operator":"override","cuda_span_ns":10240.000,"event_status":0,"launch_status":0,"completion_status":0}
{"schema":"riley.owned-graph-diagnostic.v1","kind":"read","capture_id":1,"replay_id":504,"host_read_bytes":98344,"host_read_ns":4918}
{"schema":"riley.owned-graph-diagnostic.v1","kind":"replay","capture_id":1,"replay_id":505,"position":27,"host_staging_bytes":98344,"event_setup_ns":400,"host_staging_ns":1525,"host_launch_ns":7033,"host_wait_ns":3207516,"cuda_graph_span_ns":3211711.884,"event_status":0,"launch_status":0,"completion_status":0}
{"schema":"riley.owned-graph-diagnostic.v1","kind":"projection","capture_id":1,"replay_id":505,"position":27,"layer":0,"projection":"gate","operator":"override","cuda_span_ns":10240.000,"event_status":0,"launch_status":0,"completion_status":0}
{"schema":"riley.owned-graph-diagnostic.v1","kind":"read","capture_id":1,"replay_id":505,"host_read_bytes":98344,"host_read_ns":5165}
{"schema":"riley.owned-graph-diagnostic.v1","kind":"replay","capture_id":1,"replay_id":506,"position":28,"host_staging_bytes":98344,"event_setup_ns":361,"host_staging_ns":1531,"host_launch_ns":7050,"host_wait_ns":3206305,"cuda_graph_span_ns":3210592.031,"event_status":0,"launch_status":0,"completion_status":0}
{"schema":"riley.owned-graph-diagnostic.v1","kind":"projection","capture_id":1,"replay_id":506,"position":28,"layer":0,"projection":"gate","operator":"override","cuda_span_ns":11264.000,"event_status":0,"launch_status":0,"completion_status":0}
{"schema":"riley.owned-graph-diagnostic.v1","kind":"read","capture_id":1,"replay_id":506,"host_read_bytes":98344,"host_read_ns":4046}
{"schema":"riley.owned-graph-diagnostic.v1","kind":"replay","capture_id":1,"replay_id":507,"position":29,"host_staging_bytes":98344,"event_setup_ns":339,"host_staging_ns":1530,"host_launch_ns":6572,"host_wait_ns":3216899,"cuda_graph_span_ns":3220736.027,"event_status":0,"launch_status":0,"completion_status":0}
{"schema":"riley.owned-graph-diagnostic.v1","kind":"projection","capture_id":1,"replay_id":507,"position":29,"layer":0,"projection":"gate","operator":"override","cuda_span_ns":11264.000,"event_status":0,"launch_status":0,"completion_status":0}
{"schema":"riley.owned-graph-diagnostic.v1","kind":"read","capture_id":1,"replay_id":507,"host_read_bytes":98344,"host_read_ns":4540}
{"schema":"riley.owned-graph-diagnostic.v1","kind":"replay","capture_id":1,"replay_id":508,"position":30,"host_staging_bytes":98344,"event_setup_ns":288,"host_staging_ns":1526,"host_launch_ns":7223,"host_wait_ns":3208447,"cuda_graph_span_ns":3212768.078,"event_status":0,"launch_status":0,"completion_status":0}
{"schema":"riley.owned-graph-diagnostic.v1","kind":"projection","capture_id":1,"replay_id":508,"position":30,"layer":0,"projection":"gate","operator":"override","cuda_span_ns":10240.000,"event_status":0,"launch_status":0,"completion_status":0}
{"schema":"riley.owned-graph-diagnostic.v1","kind":"read","capture_id":1,"replay_id":508,"host_read_bytes":98344,"host_read_ns":4377}
{"schema":"riley.owned-graph-diagnostic.v1","kind":"replay","capture_id":1,"replay_id":509,"position":31,"host_staging_bytes":98344,"event_setup_ns":295,"host_staging_ns":1503,"host_launch_ns":6426,"host_wait_ns":3208471,"cuda_graph_span_ns":3212064.028,"event_status":0,"launch_status":0,"completion_status":0}
{"schema":"riley.owned-graph-diagnostic.v1","kind":"projection","capture_id":1,"replay_id":509,"position":31,"layer":0,"projection":"gate","operator":"override","cuda_span_ns":10240.000,"event_status":0,"launch_status":0,"completion_status":0}
{"schema":"riley.owned-graph-diagnostic.v1","kind":"read","capture_id":1,"replay_id":509,"host_read_bytes":98344,"host_read_ns":8121}
{"schema":"riley.owned-graph-diagnostic.v1","kind":"replay","capture_id":1,"replay_id":510,"position":32,"host_staging_bytes":98344,"event_setup_ns":361,"host_staging_ns":1526,"host_launch_ns":6685,"host_wait_ns":3266051,"cuda_graph_span_ns":3269695.997,"event_status":0,"launch_status":0,"completion_status":0}
{"schema":"riley.owned-graph-diagnostic.v1","kind":"projection","capture_id":1,"replay_id":510,"position":32,"layer":0,"projection":"gate","operator":"override","cuda_span_ns":10240.000,"event_status":0,"launch_status":0,"completion_status":0}
{"schema":"riley.owned-graph-diagnostic.v1","kind":"read","capture_id":1,"replay_id":510,"host_read_bytes":98344,"host_read_ns":4697}
{"schema":"riley.owned-graph-diagnostic.v1","kind":"replay","capture_id":1,"replay_id":511,"position":33,"host_staging_bytes":98344,"event_setup_ns":312,"host_staging_ns":1522,"host_launch_ns":6848,"host_wait_ns":3300227,"cuda_graph_span_ns":3304255.962,"event_status":0,"launch_status":0,"completion_status":0}
{"schema":"riley.owned-graph-diagnostic.v1","kind":"projection","capture_id":1,"replay_id":511,"position":33,"layer":0,"projection":"gate","operator":"override","cuda_span_ns":10240.000,"event_status":0,"launch_status":0,"completion_status":0}
{"schema":"riley.owned-graph-diagnostic.v1","kind":"read","capture_id":1,"replay_id":511,"host_read_bytes":98344,"host_read_ns":4684}
{"schema":"riley.owned-graph-diagnostic.v1","kind":"replay","capture_id":1,"replay_id":512,"position":34,"host_staging_bytes":98344,"event_setup_ns":301,"host_staging_ns":1531,"host_launch_ns":6816,"host_wait_ns":3316395,"cuda_graph_span_ns":3320512.056,"event_status":0,"launch_status":0,"completion_status":0}
{"schema":"riley.owned-graph-diagnostic.v1","kind":"projection","capture_id":1,"replay_id":512,"position":34,"layer":0,"projection":"gate","operator":"override","cuda_span_ns":11264.000,"event_status":0,"launch_status":0,"completion_status":0}
{"schema":"riley.owned-graph-diagnostic.v1","kind":"read","capture_id":1,"replay_id":512,"host_read_bytes":98344,"host_read_ns":4163}
{"schema":"riley.owned-graph-diagnostic.v1","kind":"replay","capture_id":1,"replay_id":513,"position":35,"host_staging_bytes":98344,"event_setup_ns":314,"host_staging_ns":1527,"host_launch_ns":7207,"host_wait_ns":3313089,"cuda_graph_span_ns":3317440.033,"event_status":0,"launch_status":0,"completion_status":0}
{"schema":"riley.owned-graph-diagnostic.v1","kind":"projection","capture_id":1,"replay_id":513,"position":35,"layer":0,"projection":"gate","operator":"override","cuda_span_ns":11264.000,"event_status":0,"launch_status":0,"completion_status":0}
{"schema":"riley.owned-graph-diagnostic.v1","kind":"read","capture_id":1,"replay_id":513,"host_read_bytes":98344,"host_read_ns":4797}
{"schema":"riley.owned-graph-diagnostic.v1","kind":"replay","capture_id":1,"replay_id":514,"position":36,"host_staging_bytes":98344,"event_setup_ns":326,"host_staging_ns":1511,"host_launch_ns":6530,"host_wait_ns":3315386,"cuda_graph_span_ns":3319103.956,"event_status":0,"launch_status":0,"completion_status":0}
{"schema":"riley.owned-graph-diagnostic.v1","kind":"projection","capture_id":1,"replay_id":514,"position":36,"layer":0,"projection":"gate","operator":"override","cuda_span_ns":10240.000,"event_status":0,"launch_status":0,"completion_status":0}
{"schema":"riley.owned-graph-diagnostic.v1","kind":"read","capture_id":1,"replay_id":514,"host_read_bytes":98344,"host_read_ns":4402}
{"schema":"riley.owned-graph-diagnostic.v1","kind":"replay","capture_id":1,"replay_id":515,"position":37,"host_staging_bytes":98344,"event_setup_ns":356,"host_staging_ns":1526,"host_launch_ns":6488,"host_wait_ns":3316852,"cuda_graph_span_ns":3320544.004,"event_status":0,"launch_status":0,"completion_status":0}
{"schema":"riley.owned-graph-diagnostic.v1","kind":"projection","capture_id":1,"replay_id":515,"position":37,"layer":0,"projection":"gate","operator":"override","cuda_span_ns":10240.000,"event_status":0,"launch_status":0,"completion_status":0}
{"schema":"riley.owned-graph-diagnostic.v1","kind":"read","capture_id":1,"replay_id":515,"host_read_bytes":98344,"host_read_ns":4955}
{"schema":"riley.owned-graph-diagnostic.v1","kind":"replay","capture_id":1,"replay_id":516,"position":38,"host_staging_bytes":98344,"event_setup_ns":292,"host_staging_ns":1534,"host_launch_ns":7235,"host_wait_ns":3314546,"cuda_graph_span_ns":3318752.050,"event_status":0,"launch_status":0,"completion_status":0}
{"schema":"riley.owned-graph-diagnostic.v1","kind":"projection","capture_id":1,"replay_id":516,"position":38,"layer":0,"projection":"gate","operator":"override","cuda_span_ns":10240.000,"event_status":0,"launch_status":0,"completion_status":0}
{"schema":"riley.owned-graph-diagnostic.v1","kind":"read","capture_id":1,"replay_id":516,"host_read_bytes":98344,"host_read_ns":4488}
{"schema":"riley.owned-graph-diagnostic.v1","kind":"replay","capture_id":1,"replay_id":517,"position":39,"host_staging_bytes":98344,"event_setup_ns":444,"host_staging_ns":1516,"host_launch_ns":6629,"host_wait_ns":3307295,"cuda_graph_span_ns":3311327.934,"event_status":0,"launch_status":0,"completion_status":0}
{"schema":"riley.owned-graph-diagnostic.v1","kind":"projection","capture_id":1,"replay_id":517,"position":39,"layer":0,"projection":"gate","operator":"override","cuda_span_ns":10240.000,"event_status":0,"launch_status":0,"completion_status":0}
{"schema":"riley.owned-graph-diagnostic.v1","kind":"read","capture_id":1,"replay_id":517,"host_read_bytes":98344,"host_read_ns":5154}
{"schema":"riley.owned-graph-diagnostic.v1","kind":"replay","capture_id":1,"replay_id":518,"position":40,"host_staging_bytes":98344,"event_setup_ns":385,"host_staging_ns":1556,"host_launch_ns":7057,"host_wait_ns":3349788,"cuda_graph_span_ns":3353984.118,"event_status":0,"launch_status":0,"completion_status":0}
{"schema":"riley.owned-graph-diagnostic.v1","kind":"projection","capture_id":1,"replay_id":518,"position":40,"layer":0,"projection":"gate","operator":"override","cuda_span_ns":10240.000,"event_status":0,"launch_status":0,"completion_status":0}
{"schema":"riley.owned-graph-diagnostic.v1","kind":"read","capture_id":1,"replay_id":518,"host_read_bytes":98344,"host_read_ns":5128}
{"schema":"riley.owned-graph-diagnostic.v1","kind":"replay","capture_id":1,"replay_id":519,"position":41,"host_staging_bytes":98344,"event_setup_ns":301,"host_staging_ns":1525,"host_launch_ns":6484,"host_wait_ns":3389467,"cuda_graph_span_ns":3393248.081,"event_status":0,"launch_status":0,"completion_status":0}
{"schema":"riley.owned-graph-diagnostic.v1","kind":"projection","capture_id":1,"replay_id":519,"position":41,"layer":0,"projection":"gate","operator":"override","cuda_span_ns":10240.000,"event_status":0,"launch_status":0,"completion_status":0}
{"schema":"riley.owned-graph-diagnostic.v1","kind":"read","capture_id":1,"replay_id":519,"host_read_bytes":98344,"host_read_ns":4549}
{"schema":"riley.owned-graph-diagnostic.v1","kind":"replay","capture_id":1,"replay_id":520,"position":42,"host_staging_bytes":98344,"event_setup_ns":410,"host_staging_ns":1528,"host_launch_ns":6748,"host_wait_ns":3399761,"cuda_graph_span_ns":3403647.900,"event_status":0,"launch_status":0,"completion_status":0}
{"schema":"riley.owned-graph-diagnostic.v1","kind":"projection","capture_id":1,"replay_id":520,"position":42,"layer":0,"projection":"gate","operator":"override","cuda_span_ns":10240.000,"event_status":0,"launch_status":0,"completion_status":0}
{"schema":"riley.owned-graph-diagnostic.v1","kind":"read","capture_id":1,"replay_id":520,"host_read_bytes":98344,"host_read_ns":4541}
{"schema":"riley.owned-graph-diagnostic.v1","kind":"replay","capture_id":1,"replay_id":521,"position":43,"host_staging_bytes":98344,"event_setup_ns":419,"host_staging_ns":1540,"host_launch_ns":7279,"host_wait_ns":3397454,"cuda_graph_span_ns":3401920.080,"event_status":0,"launch_status":0,"completion_status":0}
{"schema":"riley.owned-graph-diagnostic.v1","kind":"projection","capture_id":1,"replay_id":521,"position":43,"layer":0,"projection":"gate","operator":"override","cuda_span_ns":10240.000,"event_status":0,"launch_status":0,"completion_status":0}
{"schema":"riley.owned-graph-diagnostic.v1","kind":"read","capture_id":1,"replay_id":521,"host_read_bytes":98344,"host_read_ns":4633}
{"schema":"riley.owned-graph-diagnostic.v1","kind":"replay","capture_id":1,"replay_id":522,"position":44,"host_staging_bytes":98344,"event_setup_ns":438,"host_staging_ns":1529,"host_launch_ns":7060,"host_wait_ns":3391719,"cuda_graph_span_ns":3396032.095,"event_status":0,"launch_status":0,"completion_status":0}
{"schema":"riley.owned-graph-diagnostic.v1","kind":"projection","capture_id":1,"replay_id":522,"position":44,"layer":0,"projection":"gate","operator":"override","cuda_span_ns":10240.000,"event_status":0,"launch_status":0,"completion_status":0}
{"schema":"riley.owned-graph-diagnostic.v1","kind":"read","capture_id":1,"replay_id":522,"host_read_bytes":98344,"host_read_ns":4880}
{"schema":"riley.owned-graph-diagnostic.v1","kind":"replay","capture_id":1,"replay_id":523,"position":45,"host_staging_bytes":98344,"event_setup_ns":496,"host_staging_ns":1546,"host_launch_ns":7326,"host_wait_ns":3397185,"cuda_graph_span_ns":3401760.101,"event_status":0,"launch_status":0,"completion_status":0}
{"schema":"riley.owned-graph-diagnostic.v1","kind":"projection","capture_id":1,"replay_id":523,"position":45,"layer":0,"projection":"gate","operator":"override","cuda_span_ns":10240.000,"event_status":0,"launch_status":0,"completion_status":0}
{"schema":"riley.owned-graph-diagnostic.v1","kind":"read","capture_id":1,"replay_id":523,"host_read_bytes":98344,"host_read_ns":4523}
{"schema":"riley.owned-graph-diagnostic.v1","kind":"replay","capture_id":1,"replay_id":524,"position":46,"host_staging_bytes":98344,"event_setup_ns":475,"host_staging_ns":1537,"host_launch_ns":7311,"host_wait_ns":3396541,"cuda_graph_span_ns":3400799.990,"event_status":0,"launch_status":0,"completion_status":0}
{"schema":"riley.owned-graph-diagnostic.v1","kind":"projection","capture_id":1,"replay_id":524,"position":46,"layer":0,"projection":"gate","operator":"override","cuda_span_ns":10240.000,"event_status":0,"launch_status":0,"completion_status":0}
{"schema":"riley.owned-graph-diagnostic.v1","kind":"read","capture_id":1,"replay_id":524,"host_read_bytes":98344,"host_read_ns":4811}
{"schema":"riley.owned-graph-diagnostic.v1","kind":"replay","capture_id":1,"replay_id":525,"position":47,"host_staging_bytes":98344,"event_setup_ns":377,"host_staging_ns":1531,"host_launch_ns":7360,"host_wait_ns":3397141,"cuda_graph_span_ns":3401695.967,"event_status":0,"launch_status":0,"completion_status":0}
{"schema":"riley.owned-graph-diagnostic.v1","kind":"projection","capture_id":1,"replay_id":525,"position":47,"layer":0,"projection":"gate","operator":"override","cuda_span_ns":10240.000,"event_status":0,"launch_status":0,"completion_status":0}
{"schema":"riley.owned-graph-diagnostic.v1","kind":"read","capture_id":1,"replay_id":525,"host_read_bytes":98344,"host_read_ns":4591}
{"schema":"riley.owned-graph-diagnostic.v1","kind":"replay","capture_id":1,"replay_id":526,"position":48,"host_staging_bytes":98344,"event_setup_ns":376,"host_staging_ns":1513,"host_launch_ns":6750,"host_wait_ns":3464226,"cuda_graph_span_ns":3468255.997,"event_status":0,"launch_status":0,"completion_status":0}
{"schema":"riley.owned-graph-diagnostic.v1","kind":"projection","capture_id":1,"replay_id":526,"position":48,"layer":0,"projection":"gate","operator":"override","cuda_span_ns":10240.000,"event_status":0,"launch_status":0,"completion_status":0}
{"schema":"riley.owned-graph-diagnostic.v1","kind":"read","capture_id":1,"replay_id":526,"host_read_bytes":98344,"host_read_ns":4750}
{"schema":"riley.owned-graph-diagnostic.v1","kind":"replay","capture_id":1,"replay_id":527,"position":49,"host_staging_bytes":98344,"event_setup_ns":285,"host_staging_ns":1525,"host_launch_ns":6930,"host_wait_ns":3496906,"cuda_graph_span_ns":3500927.925,"event_status":0,"launch_status":0,"completion_status":0}
{"schema":"riley.owned-graph-diagnostic.v1","kind":"projection","capture_id":1,"replay_id":527,"position":49,"layer":0,"projection":"gate","operator":"override","cuda_span_ns":11264.000,"event_status":0,"launch_status":0,"completion_status":0}
{"schema":"riley.owned-graph-diagnostic.v1","kind":"read","capture_id":1,"replay_id":527,"host_read_bytes":98344,"host_read_ns":5145}
{"schema":"riley.owned-graph-diagnostic.v1","kind":"replay","capture_id":1,"replay_id":528,"position":50,"host_staging_bytes":98344,"event_setup_ns":484,"host_staging_ns":1513,"host_launch_ns":6952,"host_wait_ns":3505616,"cuda_graph_span_ns":3509759.903,"event_status":0,"launch_status":0,"completion_status":0}
{"schema":"riley.owned-graph-diagnostic.v1","kind":"projection","capture_id":1,"replay_id":528,"position":50,"layer":0,"projection":"gate","operator":"override","cuda_span_ns":11264.000,"event_status":0,"launch_status":0,"completion_status":0}
{"schema":"riley.owned-graph-diagnostic.v1","kind":"read","capture_id":1,"replay_id":528,"host_read_bytes":98344,"host_read_ns":4198}
{"schema":"riley.owned-graph-diagnostic.v1","kind":"replay","capture_id":1,"replay_id":529,"position":51,"host_staging_bytes":98344,"event_setup_ns":328,"host_staging_ns":1514,"host_launch_ns":9753,"host_wait_ns":3505115,"cuda_graph_span_ns":3512288.094,"event_status":0,"launch_status":0,"completion_status":0}
{"schema":"riley.owned-graph-diagnostic.v1","kind":"projection","capture_id":1,"replay_id":529,"position":51,"layer":0,"projection":"gate","operator":"override","cuda_span_ns":10240.000,"event_status":0,"launch_status":0,"completion_status":0}
{"schema":"riley.owned-graph-diagnostic.v1","kind":"read","capture_id":1,"replay_id":529,"host_read_bytes":98344,"host_read_ns":5161}
{"schema":"riley.owned-graph-diagnostic.v1","kind":"replay","capture_id":1,"replay_id":530,"position":52,"host_staging_bytes":98344,"event_setup_ns":359,"host_staging_ns":1531,"host_launch_ns":6952,"host_wait_ns":3502366,"cuda_graph_span_ns":3506655.931,"event_status":0,"launch_status":0,"completion_status":0}
{"schema":"riley.owned-graph-diagnostic.v1","kind":"projection","capture_id":1,"replay_id":530,"position":52,"layer":0,"projection":"gate","operator":"override","cuda_span_ns":10240.000,"event_status":0,"launch_status":0,"completion_status":0}
{"schema":"riley.owned-graph-diagnostic.v1","kind":"read","capture_id":1,"replay_id":530,"host_read_bytes":98344,"host_read_ns":4040}
{"schema":"riley.owned-graph-diagnostic.v1","kind":"replay","capture_id":1,"replay_id":531,"position":53,"host_staging_bytes":98344,"event_setup_ns":450,"host_staging_ns":1516,"host_launch_ns":6661,"host_wait_ns":3510732,"cuda_graph_span_ns":3514688.015,"event_status":0,"launch_status":0,"completion_status":0}
{"schema":"riley.owned-graph-diagnostic.v1","kind":"projection","capture_id":1,"replay_id":531,"position":53,"layer":0,"projection":"gate","operator":"override","cuda_span_ns":10240.000,"event_status":0,"launch_status":0,"completion_status":0}
{"schema":"riley.owned-graph-diagnostic.v1","kind":"read","capture_id":1,"replay_id":531,"host_read_bytes":98344,"host_read_ns":4725}
{"schema":"riley.owned-graph-diagnostic.v1","kind":"replay","capture_id":1,"replay_id":532,"position":54,"host_staging_bytes":98344,"event_setup_ns":285,"host_staging_ns":1534,"host_launch_ns":7037,"host_wait_ns":3511692,"cuda_graph_span_ns":3515903.950,"event_status":0,"launch_status":0,"completion_status":0}
{"schema":"riley.owned-graph-diagnostic.v1","kind":"projection","capture_id":1,"replay_id":532,"position":54,"layer":0,"projection":"gate","operator":"override","cuda_span_ns":10240.000,"event_status":0,"launch_status":0,"completion_status":0}
{"schema":"riley.owned-graph-diagnostic.v1","kind":"read","capture_id":1,"replay_id":532,"host_read_bytes":98344,"host_read_ns":4898}
{"schema":"riley.owned-graph-diagnostic.v1","kind":"replay","capture_id":1,"replay_id":533,"position":55,"host_staging_bytes":98344,"event_setup_ns":471,"host_staging_ns":1582,"host_launch_ns":7407,"host_wait_ns":3504186,"cuda_graph_span_ns":3508543.968,"event_status":0,"launch_status":0,"completion_status":0}
{"schema":"riley.owned-graph-diagnostic.v1","kind":"projection","capture_id":1,"replay_id":533,"position":55,"layer":0,"projection":"gate","operator":"override","cuda_span_ns":10240.000,"event_status":0,"launch_status":0,"completion_status":0}
{"schema":"riley.owned-graph-diagnostic.v1","kind":"read","capture_id":1,"replay_id":533,"host_read_bytes":98344,"host_read_ns":4638}
{"schema":"riley.owned-graph-diagnostic.v1","kind":"replay","capture_id":1,"replay_id":534,"position":56,"host_staging_bytes":98344,"event_setup_ns":427,"host_staging_ns":1556,"host_launch_ns":7183,"host_wait_ns":3535786,"cuda_graph_span_ns":3540031.910,"event_status":0,"launch_status":0,"completion_status":0}
{"schema":"riley.owned-graph-diagnostic.v1","kind":"projection","capture_id":1,"replay_id":534,"position":56,"layer":0,"projection":"gate","operator":"override","cuda_span_ns":11264.000,"event_status":0,"launch_status":0,"completion_status":0}
{"schema":"riley.owned-graph-diagnostic.v1","kind":"read","capture_id":1,"replay_id":534,"host_read_bytes":98344,"host_read_ns":4669}
{"schema":"riley.owned-graph-diagnostic.v1","kind":"replay","capture_id":1,"replay_id":535,"position":57,"host_staging_bytes":98344,"event_setup_ns":483,"host_staging_ns":1542,"host_launch_ns":7211,"host_wait_ns":3578248,"cuda_graph_span_ns":3582560.062,"event_status":0,"launch_status":0,"completion_status":0}
{"schema":"riley.owned-graph-diagnostic.v1","kind":"projection","capture_id":1,"replay_id":535,"position":57,"layer":0,"projection":"gate","operator":"override","cuda_span_ns":10240.000,"event_status":0,"launch_status":0,"completion_status":0}
{"schema":"riley.owned-graph-diagnostic.v1","kind":"read","capture_id":1,"replay_id":535,"host_read_bytes":98344,"host_read_ns":4740}
{"schema":"riley.owned-graph-diagnostic.v1","kind":"replay","capture_id":1,"replay_id":536,"position":58,"host_staging_bytes":98344,"event_setup_ns":450,"host_staging_ns":1513,"host_launch_ns":7260,"host_wait_ns":3586871,"cuda_graph_span_ns":3591392.040,"event_status":0,"launch_status":0,"completion_status":0}
{"schema":"riley.owned-graph-diagnostic.v1","kind":"projection","capture_id":1,"replay_id":536,"position":58,"layer":0,"projection":"gate","operator":"override","cuda_span_ns":11264.000,"event_status":0,"launch_status":0,"completion_status":0}
{"schema":"riley.owned-graph-diagnostic.v1","kind":"read","capture_id":1,"replay_id":536,"host_read_bytes":98344,"host_read_ns":4649}
{"schema":"riley.owned-graph-diagnostic.v1","kind":"replay","capture_id":1,"replay_id":537,"position":59,"host_staging_bytes":98344,"event_setup_ns":398,"host_staging_ns":1564,"host_launch_ns":7100,"host_wait_ns":3584140,"cuda_graph_span_ns":3588351.965,"event_status":0,"launch_status":0,"completion_status":0}
{"schema":"riley.owned-graph-diagnostic.v1","kind":"projection","capture_id":1,"replay_id":537,"position":59,"layer":0,"projection":"gate","operator":"override","cuda_span_ns":10240.000,"event_status":0,"launch_status":0,"completion_status":0}
{"schema":"riley.owned-graph-diagnostic.v1","kind":"read","capture_id":1,"replay_id":537,"host_read_bytes":98344,"host_read_ns":4179}
{"schema":"riley.owned-graph-diagnostic.v1","kind":"replay","capture_id":1,"replay_id":538,"position":60,"host_staging_bytes":98344,"event_setup_ns":481,"host_staging_ns":1564,"host_launch_ns":7298,"host_wait_ns":3585082,"cuda_graph_span_ns":3589440.107,"event_status":0,"launch_status":0,"completion_status":0}
{"schema":"riley.owned-graph-diagnostic.v1","kind":"projection","capture_id":1,"replay_id":538,"position":60,"layer":0,"projection":"gate","operator":"override","cuda_span_ns":10240.000,"event_status":0,"launch_status":0,"completion_status":0}
{"schema":"riley.owned-graph-diagnostic.v1","kind":"read","capture_id":1,"replay_id":538,"host_read_bytes":98344,"host_read_ns":5271}
{"schema":"riley.owned-graph-diagnostic.v1","kind":"replay","capture_id":1,"replay_id":539,"position":61,"host_staging_bytes":98344,"event_setup_ns":457,"host_staging_ns":1538,"host_launch_ns":6936,"host_wait_ns":3584776,"cuda_graph_span_ns":3589024.067,"event_status":0,"launch_status":0,"completion_status":0}
{"schema":"riley.owned-graph-diagnostic.v1","kind":"projection","capture_id":1,"replay_id":539,"position":61,"layer":0,"projection":"gate","operator":"override","cuda_span_ns":11264.000,"event_status":0,"launch_status":0,"completion_status":0}
{"schema":"riley.owned-graph-diagnostic.v1","kind":"read","capture_id":1,"replay_id":539,"host_read_bytes":98344,"host_read_ns":4749}
{"schema":"riley.owned-graph-diagnostic.v1","kind":"replay","capture_id":1,"replay_id":540,"position":62,"host_staging_bytes":98344,"event_setup_ns":585,"host_staging_ns":1612,"host_launch_ns":7200,"host_wait_ns":3583392,"cuda_graph_span_ns":3587615.967,"event_status":0,"launch_status":0,"completion_status":0}
{"schema":"riley.owned-graph-diagnostic.v1","kind":"projection","capture_id":1,"replay_id":540,"position":62,"layer":0,"projection":"gate","operator":"override","cuda_span_ns":11264.000,"event_status":0,"launch_status":0,"completion_status":0}
{"schema":"riley.owned-graph-diagnostic.v1","kind":"read","capture_id":1,"replay_id":540,"host_read_bytes":98344,"host_read_ns":5660}
{"schema":"riley.owned-graph-diagnostic.v1","kind":"replay","capture_id":1,"replay_id":541,"position":63,"host_staging_bytes":98344,"event_setup_ns":725,"host_staging_ns":1594,"host_launch_ns":7672,"host_wait_ns":3584559,"cuda_graph_span_ns":3589407.921,"event_status":0,"launch_status":0,"completion_status":0}
{"schema":"riley.owned-graph-diagnostic.v1","kind":"projection","capture_id":1,"replay_id":541,"position":63,"layer":0,"projection":"gate","operator":"override","cuda_span_ns":10240.000,"event_status":0,"launch_status":0,"completion_status":0}
{"schema":"riley.owned-graph-diagnostic.v1","kind":"read","capture_id":1,"replay_id":541,"host_read_bytes":98344,"host_read_ns":4672}
{"schema":"riley.owned-graph-diagnostic.v1","kind":"replay","capture_id":1,"replay_id":542,"position":64,"host_staging_bytes":98344,"event_setup_ns":593,"host_staging_ns":1667,"host_launch_ns":7361,"host_wait_ns":3652137,"cuda_graph_span_ns":3656735.897,"event_status":0,"launch_status":0,"completion_status":0}
{"schema":"riley.owned-graph-diagnostic.v1","kind":"projection","capture_id":1,"replay_id":542,"position":64,"layer":0,"projection":"gate","operator":"override","cuda_span_ns":10240.000,"event_status":0,"launch_status":0,"completion_status":0}
{"schema":"riley.owned-graph-diagnostic.v1","kind":"read","capture_id":1,"replay_id":542,"host_read_bytes":98344,"host_read_ns":4565}
{"schema":"riley.owned-graph-diagnostic.v1","kind":"replay","capture_id":1,"replay_id":543,"position":65,"host_staging_bytes":98344,"event_setup_ns":530,"host_staging_ns":1564,"host_launch_ns":7051,"host_wait_ns":3683379,"cuda_graph_span_ns":3687167.883,"event_status":0,"launch_status":0,"completion_status":0}
{"schema":"riley.owned-graph-diagnostic.v1","kind":"projection","capture_id":1,"replay_id":543,"position":65,"layer":0,"projection":"gate","operator":"override","cuda_span_ns":11264.000,"event_status":0,"launch_status":0,"completion_status":0}
{"schema":"riley.owned-graph-diagnostic.v1","kind":"read","capture_id":1,"replay_id":543,"host_read_bytes":98344,"host_read_ns":4609}
{"schema":"riley.owned-graph-diagnostic.v1","kind":"replay","capture_id":1,"replay_id":544,"position":66,"host_staging_bytes":98344,"event_setup_ns":411,"host_staging_ns":1518,"host_launch_ns":7090,"host_wait_ns":3691857,"cuda_graph_span_ns":3696095.943,"event_status":0,"launch_status":0,"completion_status":0}
{"schema":"riley.owned-graph-diagnostic.v1","kind":"projection","capture_id":1,"replay_id":544,"position":66,"layer":0,"projection":"gate","operator":"override","cuda_span_ns":10240.000,"event_status":0,"launch_status":0,"completion_status":0}
{"schema":"riley.owned-graph-diagnostic.v1","kind":"read","capture_id":1,"replay_id":544,"host_read_bytes":98344,"host_read_ns":4531}
{"schema":"riley.owned-graph-diagnostic.v1","kind":"replay","capture_id":1,"replay_id":545,"position":67,"host_staging_bytes":98344,"event_setup_ns":436,"host_staging_ns":1540,"host_launch_ns":7273,"host_wait_ns":3697589,"cuda_graph_span_ns":3702080.011,"event_status":0,"launch_status":0,"completion_status":0}
{"schema":"riley.owned-graph-diagnostic.v1","kind":"projection","capture_id":1,"replay_id":545,"position":67,"layer":0,"projection":"gate","operator":"override","cuda_span_ns":11264.000,"event_status":0,"launch_status":0,"completion_status":0}
{"schema":"riley.owned-graph-diagnostic.v1","kind":"read","capture_id":1,"replay_id":545,"host_read_bytes":98344,"host_read_ns":4456}
{"schema":"riley.owned-graph-diagnostic.v1","kind":"replay","capture_id":1,"replay_id":546,"position":68,"host_staging_bytes":98344,"event_setup_ns":487,"host_staging_ns":1532,"host_launch_ns":6869,"host_wait_ns":3697655,"cuda_graph_span_ns":3701695.919,"event_status":0,"launch_status":0,"completion_status":0}
{"schema":"riley.owned-graph-diagnostic.v1","kind":"projection","capture_id":1,"replay_id":546,"position":68,"layer":0,"projection":"gate","operator":"override","cuda_span_ns":11264.000,"event_status":0,"launch_status":0,"completion_status":0}
{"schema":"riley.owned-graph-diagnostic.v1","kind":"read","capture_id":1,"replay_id":546,"host_read_bytes":98344,"host_read_ns":4525}
{"schema":"riley.owned-graph-diagnostic.v1","kind":"replay","capture_id":1,"replay_id":547,"position":69,"host_staging_bytes":98344,"event_setup_ns":367,"host_staging_ns":1534,"host_launch_ns":6667,"host_wait_ns":3698309,"cuda_graph_span_ns":3702368.021,"event_status":0,"launch_status":0,"completion_status":0}
{"schema":"riley.owned-graph-diagnostic.v1","kind":"projection","capture_id":1,"replay_id":547,"position":69,"layer":0,"projection":"gate","operator":"override","cuda_span_ns":11264.000,"event_status":0,"launch_status":0,"completion_status":0}
{"schema":"riley.owned-graph-diagnostic.v1","kind":"read","capture_id":1,"replay_id":547,"host_read_bytes":98344,"host_read_ns":4874}
{"schema":"riley.owned-graph-diagnostic.v1","kind":"replay","capture_id":1,"replay_id":548,"position":70,"host_staging_bytes":98344,"event_setup_ns":375,"host_staging_ns":1530,"host_launch_ns":7335,"host_wait_ns":3700351,"cuda_graph_span_ns":3704992.056,"event_status":0,"launch_status":0,"completion_status":0}
{"schema":"riley.owned-graph-diagnostic.v1","kind":"projection","capture_id":1,"replay_id":548,"position":70,"layer":0,"projection":"gate","operator":"override","cuda_span_ns":10240.000,"event_status":0,"launch_status":0,"completion_status":0}
{"schema":"riley.owned-graph-diagnostic.v1","kind":"read","capture_id":1,"replay_id":548,"host_read_bytes":98344,"host_read_ns":4819}
{"schema":"riley.owned-graph-diagnostic.v1","kind":"replay","capture_id":1,"replay_id":549,"position":71,"host_staging_bytes":98344,"event_setup_ns":509,"host_staging_ns":1543,"host_launch_ns":6696,"host_wait_ns":3691912,"cuda_graph_span_ns":3696095.943,"event_status":0,"launch_status":0,"completion_status":0}
{"schema":"riley.owned-graph-diagnostic.v1","kind":"projection","capture_id":1,"replay_id":549,"position":71,"layer":0,"projection":"gate","operator":"override","cuda_span_ns":10240.000,"event_status":0,"launch_status":0,"completion_status":0}
{"schema":"riley.owned-graph-diagnostic.v1","kind":"read","capture_id":1,"replay_id":549,"host_read_bytes":98344,"host_read_ns":4311}
{"schema":"riley.owned-graph-diagnostic.v1","kind":"replay","capture_id":1,"replay_id":550,"position":72,"host_staging_bytes":98344,"event_setup_ns":449,"host_staging_ns":1521,"host_launch_ns":6800,"host_wait_ns":3739912,"cuda_graph_span_ns":3743904.114,"event_status":0,"launch_status":0,"completion_status":0}
{"schema":"riley.owned-graph-diagnostic.v1","kind":"projection","capture_id":1,"replay_id":550,"position":72,"layer":0,"projection":"gate","operator":"override","cuda_span_ns":11264.000,"event_status":0,"launch_status":0,"completion_status":0}
{"schema":"riley.owned-graph-diagnostic.v1","kind":"read","capture_id":1,"replay_id":550,"host_read_bytes":98344,"host_read_ns":4477}
{"schema":"riley.owned-graph-diagnostic.v1","kind":"replay","capture_id":1,"replay_id":551,"position":73,"host_staging_bytes":98344,"event_setup_ns":404,"host_staging_ns":1515,"host_launch_ns":6763,"host_wait_ns":3775283,"cuda_graph_span_ns":3779263.973,"event_status":0,"launch_status":0,"completion_status":0}
{"schema":"riley.owned-graph-diagnostic.v1","kind":"projection","capture_id":1,"replay_id":551,"position":73,"layer":0,"projection":"gate","operator":"override","cuda_span_ns":10240.000,"event_status":0,"launch_status":0,"completion_status":0}
{"schema":"riley.owned-graph-diagnostic.v1","kind":"read","capture_id":1,"replay_id":551,"host_read_bytes":98344,"host_read_ns":4705}
{"schema":"riley.owned-graph-diagnostic.v1","kind":"replay","capture_id":1,"replay_id":552,"position":74,"host_staging_bytes":98344,"event_setup_ns":291,"host_staging_ns":1516,"host_launch_ns":6585,"host_wait_ns":3780404,"cuda_graph_span_ns":3784352.064,"event_status":0,"launch_status":0,"completion_status":0}
{"schema":"riley.owned-graph-diagnostic.v1","kind":"projection","capture_id":1,"replay_id":552,"position":74,"layer":0,"projection":"gate","operator":"override","cuda_span_ns":10240.000,"event_status":0,"launch_status":0,"completion_status":0}
{"schema":"riley.owned-graph-diagnostic.v1","kind":"read","capture_id":1,"replay_id":552,"host_read_bytes":98344,"host_read_ns":4513}
{"schema":"riley.owned-graph-diagnostic.v1","kind":"replay","capture_id":1,"replay_id":553,"position":75,"host_staging_bytes":98344,"event_setup_ns":316,"host_staging_ns":1510,"host_launch_ns":6729,"host_wait_ns":3780918,"cuda_graph_span_ns":3784863.949,"event_status":0,"launch_status":0,"completion_status":0}
{"schema":"riley.owned-graph-diagnostic.v1","kind":"projection","capture_id":1,"replay_id":553,"position":75,"layer":0,"projection":"gate","operator":"override","cuda_span_ns":10240.000,"event_status":0,"launch_status":0,"completion_status":0}
{"schema":"riley.owned-graph-diagnostic.v1","kind":"read","capture_id":1,"replay_id":553,"host_read_bytes":98344,"host_read_ns":4892}
{"schema":"riley.owned-graph-diagnostic.v1","kind":"replay","capture_id":1,"replay_id":554,"position":76,"host_staging_bytes":98344,"event_setup_ns":278,"host_staging_ns":1530,"host_launch_ns":6589,"host_wait_ns":3788245,"cuda_graph_span_ns":3791968.107,"event_status":0,"launch_status":0,"completion_status":0}
{"schema":"riley.owned-graph-diagnostic.v1","kind":"projection","capture_id":1,"replay_id":554,"position":76,"layer":0,"projection":"gate","operator":"override","cuda_span_ns":11264.000,"event_status":0,"launch_status":0,"completion_status":0}
{"schema":"riley.owned-graph-diagnostic.v1","kind":"read","capture_id":1,"replay_id":554,"host_read_bytes":98344,"host_read_ns":4543}
{"schema":"riley.owned-graph-diagnostic.v1","kind":"replay","capture_id":1,"replay_id":555,"position":77,"host_staging_bytes":98344,"event_setup_ns":502,"host_staging_ns":1527,"host_launch_ns":7010,"host_wait_ns":3787269,"cuda_graph_span_ns":3791392.088,"event_status":0,"launch_status":0,"completion_status":0}
{"schema":"riley.owned-graph-diagnostic.v1","kind":"projection","capture_id":1,"replay_id":555,"position":77,"layer":0,"projection":"gate","operator":"override","cuda_span_ns":10240.000,"event_status":0,"launch_status":0,"completion_status":0}
{"schema":"riley.owned-graph-diagnostic.v1","kind":"read","capture_id":1,"replay_id":555,"host_read_bytes":98344,"host_read_ns":4779}
{"schema":"riley.owned-graph-diagnostic.v1","kind":"replay","capture_id":1,"replay_id":556,"position":78,"host_staging_bytes":98344,"event_setup_ns":375,"host_staging_ns":1530,"host_launch_ns":6510,"host_wait_ns":3790435,"cuda_graph_span_ns":3794111.967,"event_status":0,"launch_status":0,"completion_status":0}
{"schema":"riley.owned-graph-diagnostic.v1","kind":"projection","capture_id":1,"replay_id":556,"position":78,"layer":0,"projection":"gate","operator":"override","cuda_span_ns":10240.000,"event_status":0,"launch_status":0,"completion_status":0}
{"schema":"riley.owned-graph-diagnostic.v1","kind":"read","capture_id":1,"replay_id":556,"host_read_bytes":98344,"host_read_ns":4348}
{"schema":"riley.owned-graph-diagnostic.v1","kind":"replay","capture_id":1,"replay_id":557,"position":79,"host_staging_bytes":98344,"event_setup_ns":411,"host_staging_ns":1516,"host_launch_ns":6491,"host_wait_ns":3790447,"cuda_graph_span_ns":3794208.050,"event_status":0,"launch_status":0,"completion_status":0}
{"schema":"riley.owned-graph-diagnostic.v1","kind":"projection","capture_id":1,"replay_id":557,"position":79,"layer":0,"projection":"gate","operator":"override","cuda_span_ns":10240.000,"event_status":0,"launch_status":0,"completion_status":0}
{"schema":"riley.owned-graph-diagnostic.v1","kind":"read","capture_id":1,"replay_id":557,"host_read_bytes":98344,"host_read_ns":4691}
{"schema":"riley.owned-graph-diagnostic.v1","kind":"replay","capture_id":1,"replay_id":558,"position":80,"host_staging_bytes":98344,"event_setup_ns":419,"host_staging_ns":1527,"host_launch_ns":7479,"host_wait_ns":3841092,"cuda_graph_span_ns":3845952.034,"event_status":0,"launch_status":0,"completion_status":0}
{"schema":"riley.owned-graph-diagnostic.v1","kind":"projection","capture_id":1,"replay_id":558,"position":80,"layer":0,"projection":"gate","operator":"override","cuda_span_ns":11264.000,"event_status":0,"launch_status":0,"completion_status":0}
{"schema":"riley.owned-graph-diagnostic.v1","kind":"read","capture_id":1,"replay_id":558,"host_read_bytes":98344,"host_read_ns":4811}
{"schema":"riley.owned-graph-diagnostic.v1","kind":"replay","capture_id":1,"replay_id":559,"position":81,"host_staging_bytes":98344,"event_setup_ns":387,"host_staging_ns":1520,"host_launch_ns":7205,"host_wait_ns":3872676,"cuda_graph_span_ns":3876991.987,"event_status":0,"launch_status":0,"completion_status":0}
{"schema":"riley.owned-graph-diagnostic.v1","kind":"projection","capture_id":1,"replay_id":559,"position":81,"layer":0,"projection":"gate","operator":"override","cuda_span_ns":11264.000,"event_status":0,"launch_status":0,"completion_status":0}
{"schema":"riley.owned-graph-diagnostic.v1","kind":"read","capture_id":1,"replay_id":559,"host_read_bytes":98344,"host_read_ns":4524}
{"schema":"riley.owned-graph-diagnostic.v1","kind":"replay","capture_id":1,"replay_id":560,"position":82,"host_staging_bytes":98344,"event_setup_ns":360,"host_staging_ns":1537,"host_launch_ns":7561,"host_wait_ns":3888596,"cuda_graph_span_ns":3893215.895,"event_status":0,"launch_status":0,"completion_status":0}
{"schema":"riley.owned-graph-diagnostic.v1","kind":"projection","capture_id":1,"replay_id":560,"position":82,"layer":0,"projection":"gate","operator":"override","cuda_span_ns":10240.000,"event_status":0,"launch_status":0,"completion_status":0}
{"schema":"riley.owned-graph-diagnostic.v1","kind":"read","capture_id":1,"replay_id":560,"host_read_bytes":98344,"host_read_ns":4420}
{"schema":"riley.owned-graph-diagnostic.v1","kind":"replay","capture_id":1,"replay_id":561,"position":83,"host_staging_bytes":98344,"event_setup_ns":373,"host_staging_ns":1536,"host_launch_ns":7029,"host_wait_ns":3880954,"cuda_graph_span_ns":3885215.998,"event_status":0,"launch_status":0,"completion_status":0}
{"schema":"riley.owned-graph-diagnostic.v1","kind":"projection","capture_id":1,"replay_id":561,"position":83,"layer":0,"projection":"gate","operator":"override","cuda_span_ns":10240.000,"event_status":0,"launch_status":0,"completion_status":0}
{"schema":"riley.owned-graph-diagnostic.v1","kind":"read","capture_id":1,"replay_id":561,"host_read_bytes":98344,"host_read_ns":4564}
{"schema":"riley.owned-graph-diagnostic.v1","kind":"replay","capture_id":1,"replay_id":562,"position":84,"host_staging_bytes":98344,"event_setup_ns":294,"host_staging_ns":1544,"host_launch_ns":6932,"host_wait_ns":3883047,"cuda_graph_span_ns":3887072.086,"event_status":0,"launch_status":0,"completion_status":0}
{"schema":"riley.owned-graph-diagnostic.v1","kind":"projection","capture_id":1,"replay_id":562,"position":84,"layer":0,"projection":"gate","operator":"override","cuda_span_ns":10240.000,"event_status":0,"launch_status":0,"completion_status":0}
{"schema":"riley.owned-graph-diagnostic.v1","kind":"read","capture_id":1,"replay_id":562,"host_read_bytes":98344,"host_read_ns":4006}
{"schema":"riley.owned-graph-diagnostic.v1","kind":"replay","capture_id":1,"replay_id":563,"position":85,"host_staging_bytes":98344,"event_setup_ns":297,"host_staging_ns":1519,"host_launch_ns":6956,"host_wait_ns":3887050,"cuda_graph_span_ns":3891232.014,"event_status":0,"launch_status":0,"completion_status":0}
{"schema":"riley.owned-graph-diagnostic.v1","kind":"projection","capture_id":1,"replay_id":563,"position":85,"layer":0,"projection":"gate","operator":"override","cuda_span_ns":11264.000,"event_status":0,"launch_status":0,"completion_status":0}
{"schema":"riley.owned-graph-diagnostic.v1","kind":"read","capture_id":1,"replay_id":563,"host_read_bytes":98344,"host_read_ns":4394}
{"schema":"riley.owned-graph-diagnostic.v1","kind":"replay","capture_id":1,"replay_id":564,"position":86,"host_staging_bytes":98344,"event_setup_ns":324,"host_staging_ns":1521,"host_launch_ns":6813,"host_wait_ns":3888518,"cuda_graph_span_ns":3892512.083,"event_status":0,"launch_status":0,"completion_status":0}
{"schema":"riley.owned-graph-diagnostic.v1","kind":"projection","capture_id":1,"replay_id":564,"position":86,"layer":0,"projection":"gate","operator":"override","cuda_span_ns":10240.000,"event_status":0,"launch_status":0,"completion_status":0}
{"schema":"riley.owned-graph-diagnostic.v1","kind":"read","capture_id":1,"replay_id":564,"host_read_bytes":98344,"host_read_ns":4365}
{"schema":"riley.owned-graph-diagnostic.v1","kind":"replay","capture_id":1,"replay_id":565,"position":87,"host_staging_bytes":98344,"event_setup_ns":366,"host_staging_ns":1512,"host_launch_ns":6983,"host_wait_ns":3880561,"cuda_graph_span_ns":3884768.009,"event_status":0,"launch_status":0,"completion_status":0}
{"schema":"riley.owned-graph-diagnostic.v1","kind":"projection","capture_id":1,"replay_id":565,"position":87,"layer":0,"projection":"gate","operator":"override","cuda_span_ns":10240.000,"event_status":0,"launch_status":0,"completion_status":0}
{"schema":"riley.owned-graph-diagnostic.v1","kind":"read","capture_id":1,"replay_id":565,"host_read_bytes":98344,"host_read_ns":4695}
{"schema":"riley.owned-graph-diagnostic.v1","kind":"replay","capture_id":1,"replay_id":566,"position":88,"host_staging_bytes":98344,"event_setup_ns":457,"host_staging_ns":1538,"host_launch_ns":6887,"host_wait_ns":3929397,"cuda_graph_span_ns":3933279.991,"event_status":0,"launch_status":0,"completion_status":0}
{"schema":"riley.owned-graph-diagnostic.v1","kind":"projection","capture_id":1,"replay_id":566,"position":88,"layer":0,"projection":"gate","operator":"override","cuda_span_ns":10240.000,"event_status":0,"launch_status":0,"completion_status":0}
{"schema":"riley.owned-graph-diagnostic.v1","kind":"read","capture_id":1,"replay_id":566,"host_read_bytes":98344,"host_read_ns":4758}
{"schema":"riley.owned-graph-diagnostic.v1","kind":"replay","capture_id":1,"replay_id":567,"position":89,"host_staging_bytes":98344,"event_setup_ns":522,"host_staging_ns":1552,"host_launch_ns":6995,"host_wait_ns":3962757,"cuda_graph_span_ns":3966912.031,"event_status":0,"launch_status":0,"completion_status":0}
{"schema":"riley.owned-graph-diagnostic.v1","kind":"projection","capture_id":1,"replay_id":567,"position":89,"layer":0,"projection":"gate","operator":"override","cuda_span_ns":10240.000,"event_status":0,"launch_status":0,"completion_status":0}
{"schema":"riley.owned-graph-diagnostic.v1","kind":"read","capture_id":1,"replay_id":567,"host_read_bytes":98344,"host_read_ns":4384}
{"schema":"riley.owned-graph-diagnostic.v1","kind":"replay","capture_id":1,"replay_id":568,"position":90,"host_staging_bytes":98344,"event_setup_ns":567,"host_staging_ns":1543,"host_launch_ns":7352,"host_wait_ns":3971568,"cuda_graph_span_ns":3975807.905,"event_status":0,"launch_status":0,"completion_status":0}
{"schema":"riley.owned-graph-diagnostic.v1","kind":"projection","capture_id":1,"replay_id":568,"position":90,"layer":0,"projection":"gate","operator":"override","cuda_span_ns":11264.000,"event_status":0,"launch_status":0,"completion_status":0}
{"schema":"riley.owned-graph-diagnostic.v1","kind":"read","capture_id":1,"replay_id":568,"host_read_bytes":98344,"host_read_ns":4591}
{"schema":"riley.owned-graph-diagnostic.v1","kind":"replay","capture_id":1,"replay_id":569,"position":91,"host_staging_bytes":98344,"event_setup_ns":598,"host_staging_ns":1543,"host_launch_ns":7281,"host_wait_ns":3978560,"cuda_graph_span_ns":3983007.908,"event_status":0,"launch_status":0,"completion_status":0}
{"schema":"riley.owned-graph-diagnostic.v1","kind":"projection","capture_id":1,"replay_id":569,"position":91,"layer":0,"projection":"gate","operator":"override","cuda_span_ns":11264.000,"event_status":0,"launch_status":0,"completion_status":0}
{"schema":"riley.owned-graph-diagnostic.v1","kind":"read","capture_id":1,"replay_id":569,"host_read_bytes":98344,"host_read_ns":4525}
{"schema":"riley.owned-graph-diagnostic.v1","kind":"replay","capture_id":1,"replay_id":570,"position":92,"host_staging_bytes":98344,"event_setup_ns":603,"host_staging_ns":1537,"host_launch_ns":6900,"host_wait_ns":3969404,"cuda_graph_span_ns":3973504.066,"event_status":0,"launch_status":0,"completion_status":0}
{"schema":"riley.owned-graph-diagnostic.v1","kind":"projection","capture_id":1,"replay_id":570,"position":92,"layer":0,"projection":"gate","operator":"override","cuda_span_ns":11264.000,"event_status":0,"launch_status":0,"completion_status":0}
{"schema":"riley.owned-graph-diagnostic.v1","kind":"read","capture_id":1,"replay_id":570,"host_read_bytes":98344,"host_read_ns":4479}
{"schema":"riley.owned-graph-diagnostic.v1","kind":"replay","capture_id":1,"replay_id":571,"position":93,"host_staging_bytes":98344,"event_setup_ns":381,"host_staging_ns":1528,"host_launch_ns":6606,"host_wait_ns":3978394,"cuda_graph_span_ns":3982111.931,"event_status":0,"launch_status":0,"completion_status":0}
{"schema":"riley.owned-graph-diagnostic.v1","kind":"projection","capture_id":1,"replay_id":571,"position":93,"layer":0,"projection":"gate","operator":"override","cuda_span_ns":10240.000,"event_status":0,"launch_status":0,"completion_status":0}
{"schema":"riley.owned-graph-diagnostic.v1","kind":"read","capture_id":1,"replay_id":571,"host_read_bytes":98344,"host_read_ns":4574}
{"schema":"riley.owned-graph-diagnostic.v1","kind":"replay","capture_id":1,"replay_id":572,"position":94,"host_staging_bytes":98344,"event_setup_ns":424,"host_staging_ns":1543,"host_launch_ns":6462,"host_wait_ns":3976358,"cuda_graph_span_ns":3979903.936,"event_status":0,"launch_status":0,"completion_status":0}
{"schema":"riley.owned-graph-diagnostic.v1","kind":"projection","capture_id":1,"replay_id":572,"position":94,"layer":0,"projection":"gate","operator":"override","cuda_span_ns":11264.000,"event_status":0,"launch_status":0,"completion_status":0}
{"schema":"riley.owned-graph-diagnostic.v1","kind":"read","capture_id":1,"replay_id":572,"host_read_bytes":98344,"host_read_ns":4065}
{"schema":"riley.owned-graph-diagnostic.v1","kind":"replay","capture_id":1,"replay_id":573,"position":95,"host_staging_bytes":98344,"event_setup_ns":510,"host_staging_ns":1543,"host_launch_ns":7199,"host_wait_ns":3969537,"cuda_graph_span_ns":3973984.003,"event_status":0,"launch_status":0,"completion_status":0}
{"schema":"riley.owned-graph-diagnostic.v1","kind":"projection","capture_id":1,"replay_id":573,"position":95,"layer":0,"projection":"gate","operator":"override","cuda_span_ns":10240.000,"event_status":0,"launch_status":0,"completion_status":0}
{"schema":"riley.owned-graph-diagnostic.v1","kind":"read","capture_id":1,"replay_id":573,"host_read_bytes":98344,"host_read_ns":5363}
{"schema":"riley.owned-graph-diagnostic.v1","kind":"replay","capture_id":1,"replay_id":574,"position":96,"host_staging_bytes":98344,"event_setup_ns":382,"host_staging_ns":1546,"host_launch_ns":6653,"host_wait_ns":4036628,"cuda_graph_span_ns":4040383.816,"event_status":0,"launch_status":0,"completion_status":0}
{"schema":"riley.owned-graph-diagnostic.v1","kind":"projection","capture_id":1,"replay_id":574,"position":96,"layer":0,"projection":"gate","operator":"override","cuda_span_ns":11264.000,"event_status":0,"launch_status":0,"completion_status":0}
{"schema":"riley.owned-graph-diagnostic.v1","kind":"read","capture_id":1,"replay_id":574,"host_read_bytes":98344,"host_read_ns":4625}
{"schema":"riley.owned-graph-diagnostic.v1","kind":"replay","capture_id":1,"replay_id":575,"position":97,"host_staging_bytes":98344,"event_setup_ns":375,"host_staging_ns":1555,"host_launch_ns":7430,"host_wait_ns":4067007,"cuda_graph_span_ns":4071455.956,"event_status":0,"launch_status":0,"completion_status":0}
{"schema":"riley.owned-graph-diagnostic.v1","kind":"projection","capture_id":1,"replay_id":575,"position":97,"layer":0,"projection":"gate","operator":"override","cuda_span_ns":10240.000,"event_status":0,"launch_status":0,"completion_status":0}
{"schema":"riley.owned-graph-diagnostic.v1","kind":"read","capture_id":1,"replay_id":575,"host_read_bytes":98344,"host_read_ns":4616}
{"schema":"riley.owned-graph-diagnostic.v1","kind":"replay","capture_id":1,"replay_id":576,"position":98,"host_staging_bytes":98344,"event_setup_ns":461,"host_staging_ns":1570,"host_launch_ns":7923,"host_wait_ns":4083373,"cuda_graph_span_ns":4088607.788,"event_status":0,"launch_status":0,"completion_status":0}
{"schema":"riley.owned-graph-diagnostic.v1","kind":"projection","capture_id":1,"replay_id":576,"position":98,"layer":0,"projection":"gate","operator":"override","cuda_span_ns":11264.000,"event_status":0,"launch_status":0,"completion_status":0}
{"schema":"riley.owned-graph-diagnostic.v1","kind":"read","capture_id":1,"replay_id":576,"host_read_bytes":98344,"host_read_ns":4319}
{"schema":"riley.owned-graph-diagnostic.v1","kind":"replay","capture_id":1,"replay_id":577,"position":99,"host_staging_bytes":98344,"event_setup_ns":444,"host_staging_ns":1532,"host_launch_ns":7096,"host_wait_ns":4084507,"cuda_graph_span_ns":4088960.171,"event_status":0,"launch_status":0,"completion_status":0}
{"schema":"riley.owned-graph-diagnostic.v1","kind":"projection","capture_id":1,"replay_id":577,"position":99,"layer":0,"projection":"gate","operator":"override","cuda_span_ns":11264.000,"event_status":0,"launch_status":0,"completion_status":0}
{"schema":"riley.owned-graph-diagnostic.v1","kind":"read","capture_id":1,"replay_id":577,"host_read_bytes":98344,"host_read_ns":4374}
{"schema":"riley.owned-graph-diagnostic.v1","kind":"replay","capture_id":1,"replay_id":578,"position":100,"host_staging_bytes":98344,"event_setup_ns":376,"host_staging_ns":1526,"host_launch_ns":7231,"host_wait_ns":4087061,"cuda_graph_span_ns":4091263.771,"event_status":0,"launch_status":0,"completion_status":0}
{"schema":"riley.owned-graph-diagnostic.v1","kind":"projection","capture_id":1,"replay_id":578,"position":100,"layer":0,"projection":"gate","operator":"override","cuda_span_ns":10240.000,"event_status":0,"launch_status":0,"completion_status":0}
{"schema":"riley.owned-graph-diagnostic.v1","kind":"read","capture_id":1,"replay_id":578,"host_read_bytes":98344,"host_read_ns":4538}
{"schema":"riley.owned-graph-diagnostic.v1","kind":"replay","capture_id":1,"replay_id":579,"position":101,"host_staging_bytes":98344,"event_setup_ns":291,"host_staging_ns":1532,"host_launch_ns":6720,"host_wait_ns":4085778,"cuda_graph_span_ns":4089791.775,"event_status":0,"launch_status":0,"completion_status":0}
{"schema":"riley.owned-graph-diagnostic.v1","kind":"projection","capture_id":1,"replay_id":579,"position":101,"layer":0,"projection":"gate","operator":"override","cuda_span_ns":10240.000,"event_status":0,"launch_status":0,"completion_status":0}
{"schema":"riley.owned-graph-diagnostic.v1","kind":"read","capture_id":1,"replay_id":579,"host_read_bytes":98344,"host_read_ns":4367}
{"schema":"riley.owned-graph-diagnostic.v1","kind":"replay","capture_id":1,"replay_id":580,"position":102,"host_staging_bytes":98344,"event_setup_ns":364,"host_staging_ns":1531,"host_launch_ns":7272,"host_wait_ns":4085487,"cuda_graph_span_ns":4089759.827,"event_status":0,"launch_status":0,"completion_status":0}
{"schema":"riley.owned-graph-diagnostic.v1","kind":"projection","capture_id":1,"replay_id":580,"position":102,"layer":0,"projection":"gate","operator":"override","cuda_span_ns":10240.000,"event_status":0,"launch_status":0,"completion_status":0}
{"schema":"riley.owned-graph-diagnostic.v1","kind":"read","capture_id":1,"replay_id":580,"host_read_bytes":98344,"host_read_ns":4293}
{"schema":"riley.owned-graph-diagnostic.v1","kind":"replay","capture_id":1,"replay_id":581,"position":103,"host_staging_bytes":98344,"event_setup_ns":362,"host_staging_ns":1529,"host_launch_ns":9908,"host_wait_ns":4084823,"cuda_graph_span_ns":4092031.956,"event_status":0,"launch_status":0,"completion_status":0}
{"schema":"riley.owned-graph-diagnostic.v1","kind":"projection","capture_id":1,"replay_id":581,"position":103,"layer":0,"projection":"gate","operator":"override","cuda_span_ns":11264.000,"event_status":0,"launch_status":0,"completion_status":0}
{"schema":"riley.owned-graph-diagnostic.v1","kind":"read","capture_id":1,"replay_id":581,"host_read_bytes":98344,"host_read_ns":4907}
{"schema":"riley.owned-graph-diagnostic.v1","kind":"replay","capture_id":1,"replay_id":582,"position":104,"host_staging_bytes":98344,"event_setup_ns":382,"host_staging_ns":1671,"host_launch_ns":7738,"host_wait_ns":4119881,"cuda_graph_span_ns":4124864.101,"event_status":0,"launch_status":0,"completion_status":0}
{"schema":"riley.owned-graph-diagnostic.v1","kind":"projection","capture_id":1,"replay_id":582,"position":104,"layer":0,"projection":"gate","operator":"override","cuda_span_ns":10240.000,"event_status":0,"launch_status":0,"completion_status":0}
{"schema":"riley.owned-graph-diagnostic.v1","kind":"read","capture_id":1,"replay_id":582,"host_read_bytes":98344,"host_read_ns":4849}
{"schema":"riley.owned-graph-diagnostic.v1","kind":"replay","capture_id":1,"replay_id":583,"position":105,"host_staging_bytes":98344,"event_setup_ns":435,"host_staging_ns":1560,"host_launch_ns":7526,"host_wait_ns":4151908,"cuda_graph_span_ns":4156703.949,"event_status":0,"launch_status":0,"completion_status":0}
{"schema":"riley.owned-graph-diagnostic.v1","kind":"projection","capture_id":1,"replay_id":583,"position":105,"layer":0,"projection":"gate","operator":"override","cuda_span_ns":10240.000,"event_status":0,"launch_status":0,"completion_status":0}
{"schema":"riley.owned-graph-diagnostic.v1","kind":"read","capture_id":1,"replay_id":583,"host_read_bytes":98344,"host_read_ns":5261}
{"schema":"riley.owned-graph-diagnostic.v1","kind":"replay","capture_id":1,"replay_id":584,"position":106,"host_staging_bytes":98344,"event_setup_ns":537,"host_staging_ns":1533,"host_launch_ns":6772,"host_wait_ns":4166929,"cuda_graph_span_ns":4170944.214,"event_status":0,"launch_status":0,"completion_status":0}
{"schema":"riley.owned-graph-diagnostic.v1","kind":"projection","capture_id":1,"replay_id":584,"position":106,"layer":0,"projection":"gate","operator":"override","cuda_span_ns":10240.000,"event_status":0,"launch_status":0,"completion_status":0}
{"schema":"riley.owned-graph-diagnostic.v1","kind":"read","capture_id":1,"replay_id":584,"host_read_bytes":98344,"host_read_ns":4542}
{"schema":"riley.owned-graph-diagnostic.v1","kind":"replay","capture_id":1,"replay_id":585,"position":107,"host_staging_bytes":98344,"event_setup_ns":589,"host_staging_ns":1552,"host_launch_ns":7233,"host_wait_ns":4161299,"cuda_graph_span_ns":4165855.885,"event_status":0,"launch_status":0,"completion_status":0}
{"schema":"riley.owned-graph-diagnostic.v1","kind":"projection","capture_id":1,"replay_id":585,"position":107,"layer":0,"projection":"gate","operator":"override","cuda_span_ns":11264.000,"event_status":0,"launch_status":0,"completion_status":0}
{"schema":"riley.owned-graph-diagnostic.v1","kind":"read","capture_id":1,"replay_id":585,"host_read_bytes":98344,"host_read_ns":4674}
{"schema":"riley.owned-graph-diagnostic.v1","kind":"replay","capture_id":1,"replay_id":586,"position":108,"host_staging_bytes":98344,"event_setup_ns":551,"host_staging_ns":1550,"host_launch_ns":7405,"host_wait_ns":4158644,"cuda_graph_span_ns":4163231.850,"event_status":0,"launch_status":0,"completion_status":0}
{"schema":"riley.owned-graph-diagnostic.v1","kind":"projection","capture_id":1,"replay_id":586,"position":108,"layer":0,"projection":"gate","operator":"override","cuda_span_ns":10240.000,"event_status":0,"launch_status":0,"completion_status":0}
{"schema":"riley.owned-graph-diagnostic.v1","kind":"read","capture_id":1,"replay_id":586,"host_read_bytes":98344,"host_read_ns":4604}
{"schema":"riley.owned-graph-diagnostic.v1","kind":"replay","capture_id":1,"replay_id":587,"position":109,"host_staging_bytes":98344,"event_setup_ns":556,"host_staging_ns":1561,"host_launch_ns":7131,"host_wait_ns":4170821,"cuda_graph_span_ns":4174975.872,"event_status":0,"launch_status":0,"completion_status":0}
{"schema":"riley.owned-graph-diagnostic.v1","kind":"projection","capture_id":1,"replay_id":587,"position":109,"layer":0,"projection":"gate","operator":"override","cuda_span_ns":10240.000,"event_status":0,"launch_status":0,"completion_status":0}
{"schema":"riley.owned-graph-diagnostic.v1","kind":"read","capture_id":1,"replay_id":587,"host_read_bytes":98344,"host_read_ns":4686}
{"schema":"riley.owned-graph-diagnostic.v1","kind":"replay","capture_id":1,"replay_id":588,"position":110,"host_staging_bytes":98344,"event_setup_ns":565,"host_staging_ns":1533,"host_launch_ns":7129,"host_wait_ns":4166601,"cuda_graph_span_ns":4170783.997,"event_status":0,"launch_status":0,"completion_status":0}
{"schema":"riley.owned-graph-diagnostic.v1","kind":"projection","capture_id":1,"replay_id":588,"position":110,"layer":0,"projection":"gate","operator":"override","cuda_span_ns":11264.000,"event_status":0,"launch_status":0,"completion_status":0}
{"schema":"riley.owned-graph-diagnostic.v1","kind":"read","capture_id":1,"replay_id":588,"host_read_bytes":98344,"host_read_ns":4929}
{"schema":"riley.owned-graph-diagnostic.v1","kind":"replay","capture_id":1,"replay_id":589,"position":111,"host_staging_bytes":98344,"event_setup_ns":356,"host_staging_ns":1587,"host_launch_ns":7561,"host_wait_ns":4156337,"cuda_graph_span_ns":4160768.032,"event_status":0,"launch_status":0,"completion_status":0}
{"schema":"riley.owned-graph-diagnostic.v1","kind":"projection","capture_id":1,"replay_id":589,"position":111,"layer":0,"projection":"gate","operator":"override","cuda_span_ns":11264.000,"event_status":0,"launch_status":0,"completion_status":0}
{"schema":"riley.owned-graph-diagnostic.v1","kind":"read","capture_id":1,"replay_id":589,"host_read_bytes":98344,"host_read_ns":4642}
{"schema":"riley.owned-graph-diagnostic.v1","kind":"replay","capture_id":1,"replay_id":590,"position":112,"host_staging_bytes":98344,"event_setup_ns":658,"host_staging_ns":1619,"host_launch_ns":8393,"host_wait_ns":4223732,"cuda_graph_span_ns":4228831.768,"event_status":0,"launch_status":0,"completion_status":0}
{"schema":"riley.owned-graph-diagnostic.v1","kind":"projection","capture_id":1,"replay_id":590,"position":112,"layer":0,"projection":"gate","operator":"override","cuda_span_ns":11264.000,"event_status":0,"launch_status":0,"completion_status":0}
{"schema":"riley.owned-graph-diagnostic.v1","kind":"read","capture_id":1,"replay_id":590,"host_read_bytes":98344,"host_read_ns":4922}
{"schema":"riley.owned-graph-diagnostic.v1","kind":"replay","capture_id":1,"replay_id":591,"position":113,"host_staging_bytes":98344,"event_setup_ns":678,"host_staging_ns":1643,"host_launch_ns":7674,"host_wait_ns":4265543,"cuda_graph_span_ns":4270592.213,"event_status":0,"launch_status":0,"completion_status":0}
{"schema":"riley.owned-graph-diagnostic.v1","kind":"projection","capture_id":1,"replay_id":591,"position":113,"layer":0,"projection":"gate","operator":"override","cuda_span_ns":11264.000,"event_status":0,"launch_status":0,"completion_status":0}
{"schema":"riley.owned-graph-diagnostic.v1","kind":"read","capture_id":1,"replay_id":591,"host_read_bytes":98344,"host_read_ns":4971}
{"schema":"riley.owned-graph-diagnostic.v1","kind":"replay","capture_id":1,"replay_id":592,"position":114,"host_staging_bytes":98344,"event_setup_ns":485,"host_staging_ns":1647,"host_launch_ns":7408,"host_wait_ns":4273227,"cuda_graph_span_ns":4278175.831,"event_status":0,"launch_status":0,"completion_status":0}
{"schema":"riley.owned-graph-diagnostic.v1","kind":"projection","capture_id":1,"replay_id":592,"position":114,"layer":0,"projection":"gate","operator":"override","cuda_span_ns":11264.000,"event_status":0,"launch_status":0,"completion_status":0}
{"schema":"riley.owned-graph-diagnostic.v1","kind":"read","capture_id":1,"replay_id":592,"host_read_bytes":98344,"host_read_ns":4637}
{"schema":"riley.owned-graph-diagnostic.v1","kind":"replay","capture_id":1,"replay_id":593,"position":115,"host_staging_bytes":98344,"event_setup_ns":591,"host_staging_ns":1650,"host_launch_ns":8292,"host_wait_ns":4263542,"cuda_graph_span_ns":4269055.843,"event_status":0,"launch_status":0,"completion_status":0}
{"schema":"riley.owned-graph-diagnostic.v1","kind":"projection","capture_id":1,"replay_id":593,"position":115,"layer":0,"projection":"gate","operator":"override","cuda_span_ns":10240.000,"event_status":0,"launch_status":0,"completion_status":0}
{"schema":"riley.owned-graph-diagnostic.v1","kind":"read","capture_id":1,"replay_id":593,"host_read_bytes":98344,"host_read_ns":4819}
{"schema":"riley.owned-graph-diagnostic.v1","kind":"replay","capture_id":1,"replay_id":594,"position":116,"host_staging_bytes":98344,"event_setup_ns":406,"host_staging_ns":1564,"host_launch_ns":7835,"host_wait_ns":4264528,"cuda_graph_span_ns":4269631.863,"event_status":0,"launch_status":0,"completion_status":0}
{"schema":"riley.owned-graph-diagnostic.v1","kind":"projection","capture_id":1,"replay_id":594,"position":116,"layer":0,"projection":"gate","operator":"override","cuda_span_ns":11264.000,"event_status":0,"launch_status":0,"completion_status":0}
{"schema":"riley.owned-graph-diagnostic.v1","kind":"read","capture_id":1,"replay_id":594,"host_read_bytes":98344,"host_read_ns":5333}
{"schema":"riley.owned-graph-diagnostic.v1","kind":"replay","capture_id":1,"replay_id":595,"position":117,"host_staging_bytes":98344,"event_setup_ns":804,"host_staging_ns":1730,"host_launch_ns":8839,"host_wait_ns":4268520,"cuda_graph_span_ns":4274303.913,"event_status":0,"launch_status":0,"completion_status":0}
{"schema":"riley.owned-graph-diagnostic.v1","kind":"projection","capture_id":1,"replay_id":595,"position":117,"layer":0,"projection":"gate","operator":"override","cuda_span_ns":11264.000,"event_status":0,"launch_status":0,"completion_status":0}
{"schema":"riley.owned-graph-diagnostic.v1","kind":"read","capture_id":1,"replay_id":595,"host_read_bytes":98344,"host_read_ns":5278}
{"schema":"riley.owned-graph-diagnostic.v1","kind":"replay","capture_id":1,"replay_id":596,"position":118,"host_staging_bytes":98344,"event_setup_ns":638,"host_staging_ns":2035,"host_launch_ns":8924,"host_wait_ns":4267471,"cuda_graph_span_ns":4273600.101,"event_status":0,"launch_status":0,"completion_status":0}
{"schema":"riley.owned-graph-diagnostic.v1","kind":"projection","capture_id":1,"replay_id":596,"position":118,"layer":0,"projection":"gate","operator":"override","cuda_span_ns":10240.000,"event_status":0,"launch_status":0,"completion_status":0}
{"schema":"riley.owned-graph-diagnostic.v1","kind":"read","capture_id":1,"replay_id":596,"host_read_bytes":98344,"host_read_ns":5337}
{"schema":"riley.owned-graph-diagnostic.v1","kind":"replay","capture_id":1,"replay_id":597,"position":119,"host_staging_bytes":98344,"event_setup_ns":424,"host_staging_ns":1971,"host_launch_ns":8258,"host_wait_ns":4269744,"cuda_graph_span_ns":4274847.984,"event_status":0,"launch_status":0,"completion_status":0}
{"schema":"riley.owned-graph-diagnostic.v1","kind":"projection","capture_id":1,"replay_id":597,"position":119,"layer":0,"projection":"gate","operator":"override","cuda_span_ns":10240.000,"event_status":0,"launch_status":0,"completion_status":0}
{"schema":"riley.owned-graph-diagnostic.v1","kind":"read","capture_id":1,"replay_id":597,"host_read_bytes":98344,"host_read_ns":5193}
{"schema":"riley.owned-graph-diagnostic.v1","kind":"replay","capture_id":1,"replay_id":598,"position":120,"host_staging_bytes":98344,"event_setup_ns":593,"host_staging_ns":1894,"host_launch_ns":8249,"host_wait_ns":4314210,"cuda_graph_span_ns":4319551.945,"event_status":0,"launch_status":0,"completion_status":0}
{"schema":"riley.owned-graph-diagnostic.v1","kind":"projection","capture_id":1,"replay_id":598,"position":120,"layer":0,"projection":"gate","operator":"override","cuda_span_ns":10240.000,"event_status":0,"launch_status":0,"completion_status":0}
{"schema":"riley.owned-graph-diagnostic.v1","kind":"read","capture_id":1,"replay_id":598,"host_read_bytes":98344,"host_read_ns":5103}
{"schema":"riley.owned-graph-diagnostic.v1","kind":"replay","capture_id":1,"replay_id":599,"position":121,"host_staging_bytes":98344,"event_setup_ns":560,"host_staging_ns":1842,"host_launch_ns":7728,"host_wait_ns":4344872,"cuda_graph_span_ns":4349984.169,"event_status":0,"launch_status":0,"completion_status":0}
{"schema":"riley.owned-graph-diagnostic.v1","kind":"projection","capture_id":1,"replay_id":599,"position":121,"layer":0,"projection":"gate","operator":"override","cuda_span_ns":11264.000,"event_status":0,"launch_status":0,"completion_status":0}
{"schema":"riley.owned-graph-diagnostic.v1","kind":"read","capture_id":1,"replay_id":599,"host_read_bytes":98344,"host_read_ns":5621}
{"schema":"riley.owned-graph-diagnostic.v1","kind":"replay","capture_id":1,"replay_id":600,"position":122,"host_staging_bytes":98344,"event_setup_ns":833,"host_staging_ns":1928,"host_launch_ns":8236,"host_wait_ns":4354249,"cuda_graph_span_ns":4359360.218,"event_status":0,"launch_status":0,"completion_status":0}
{"schema":"riley.owned-graph-diagnostic.v1","kind":"projection","capture_id":1,"replay_id":600,"position":122,"layer":0,"projection":"gate","operator":"override","cuda_span_ns":10240.000,"event_status":0,"launch_status":0,"completion_status":0}
{"schema":"riley.owned-graph-diagnostic.v1","kind":"read","capture_id":1,"replay_id":600,"host_read_bytes":98344,"host_read_ns":6093}
{"schema":"riley.owned-graph-diagnostic.v1","kind":"replay","capture_id":1,"replay_id":601,"position":123,"host_staging_bytes":98344,"event_setup_ns":604,"host_staging_ns":1906,"host_launch_ns":8386,"host_wait_ns":4357569,"cuda_graph_span_ns":4363103.867,"event_status":0,"launch_status":0,"completion_status":0}
{"schema":"riley.owned-graph-diagnostic.v1","kind":"projection","capture_id":1,"replay_id":601,"position":123,"layer":0,"projection":"gate","operator":"override","cuda_span_ns":10240.000,"event_status":0,"launch_status":0,"completion_status":0}
{"schema":"riley.owned-graph-diagnostic.v1","kind":"read","capture_id":1,"replay_id":601,"host_read_bytes":98344,"host_read_ns":5462}
{"schema":"riley.owned-graph-diagnostic.v1","kind":"replay","capture_id":1,"replay_id":602,"position":124,"host_staging_bytes":98344,"event_setup_ns":658,"host_staging_ns":2096,"host_launch_ns":8522,"host_wait_ns":4353504,"cuda_graph_span_ns":4359136.105,"event_status":0,"launch_status":0,"completion_status":0}
{"schema":"riley.owned-graph-diagnostic.v1","kind":"projection","capture_id":1,"replay_id":602,"position":124,"layer":0,"projection":"gate","operator":"override","cuda_span_ns":10240.000,"event_status":0,"launch_status":0,"completion_status":0}
{"schema":"riley.owned-graph-diagnostic.v1","kind":"read","capture_id":1,"replay_id":602,"host_read_bytes":98344,"host_read_ns":4627}
{"schema":"riley.owned-graph-diagnostic.v1","kind":"replay","capture_id":1,"replay_id":603,"position":125,"host_staging_bytes":98344,"event_setup_ns":460,"host_staging_ns":1709,"host_launch_ns":7350,"host_wait_ns":4361692,"cuda_graph_span_ns":4366079.807,"event_status":0,"launch_status":0,"completion_status":0}
{"schema":"riley.owned-graph-diagnostic.v1","kind":"projection","capture_id":1,"replay_id":603,"position":125,"layer":0,"projection":"gate","operator":"override","cuda_span_ns":10240.000,"event_status":0,"launch_status":0,"completion_status":0}
{"schema":"riley.owned-graph-diagnostic.v1","kind":"read","capture_id":1,"replay_id":603,"host_read_bytes":98344,"host_read_ns":4755}
{"schema":"riley.owned-graph-diagnostic.v1","kind":"replay","capture_id":1,"replay_id":604,"position":126,"host_staging_bytes":98344,"event_setup_ns":432,"host_staging_ns":1696,"host_launch_ns":7714,"host_wait_ns":4362334,"cuda_graph_span_ns":4367487.907,"event_status":0,"launch_status":0,"completion_status":0}
{"schema":"riley.owned-graph-diagnostic.v1","kind":"projection","capture_id":1,"replay_id":604,"position":126,"layer":0,"projection":"gate","operator":"override","cuda_span_ns":10240.000,"event_status":0,"launch_status":0,"completion_status":0}
{"schema":"riley.owned-graph-diagnostic.v1","kind":"read","capture_id":1,"replay_id":604,"host_read_bytes":98344,"host_read_ns":4475}
{"schema":"riley.owned-graph-diagnostic.v1","kind":"replay","capture_id":1,"replay_id":605,"position":127,"host_staging_bytes":98344,"event_setup_ns":633,"host_staging_ns":1747,"host_launch_ns":7866,"host_wait_ns":4355508,"cuda_graph_span_ns":4360576.153,"event_status":0,"launch_status":0,"completion_status":0}
{"schema":"riley.owned-graph-diagnostic.v1","kind":"projection","capture_id":1,"replay_id":605,"position":127,"layer":0,"projection":"gate","operator":"override","cuda_span_ns":11264.000,"event_status":0,"launch_status":0,"completion_status":0}
{"schema":"riley.owned-graph-diagnostic.v1","kind":"read","capture_id":1,"replay_id":605,"host_read_bytes":98344,"host_read_ns":4900}
{"schema":"riley.owned-graph-diagnostic.v1","kind":"replay","capture_id":2,"replay_id":606,"position":128,"host_staging_bytes":98344,"event_setup_ns":774,"host_staging_ns":1651,"host_launch_ns":12400,"host_wait_ns":2311642,"cuda_graph_span_ns":2321216.106,"event_status":0,"launch_status":0,"completion_status":0}
{"schema":"riley.owned-graph-diagnostic.v1","kind":"projection","capture_id":2,"replay_id":606,"position":128,"layer":0,"projection":"gate","operator":"canonical","cuda_span_ns":5120.000,"event_status":0,"launch_status":0,"completion_status":0}
{"schema":"riley.owned-graph-diagnostic.v1","kind":"read","capture_id":2,"replay_id":606,"host_read_bytes":98344,"host_read_ns":4495}
{"schema":"riley.owned-graph-diagnostic.v1","kind":"replay","capture_id":2,"replay_id":607,"position":129,"host_staging_bytes":98344,"event_setup_ns":300,"host_staging_ns":1547,"host_launch_ns":6575,"host_wait_ns":2039203,"cuda_graph_span_ns":2043200.016,"event_status":0,"launch_status":0,"completion_status":0}
{"schema":"riley.owned-graph-diagnostic.v1","kind":"projection","capture_id":2,"replay_id":607,"position":129,"layer":0,"projection":"gate","operator":"canonical","cuda_span_ns":5120.000,"event_status":0,"launch_status":0,"completion_status":0}
{"schema":"riley.owned-graph-diagnostic.v1","kind":"read","capture_id":2,"replay_id":607,"host_read_bytes":98344,"host_read_ns":4435}
{"schema":"riley.owned-graph-diagnostic.v1","kind":"replay","capture_id":2,"replay_id":608,"position":130,"host_staging_bytes":98344,"event_setup_ns":323,"host_staging_ns":1556,"host_launch_ns":6862,"host_wait_ns":2039978,"cuda_graph_span_ns":2044095.993,"event_status":0,"launch_status":0,"completion_status":0}
{"schema":"riley.owned-graph-diagnostic.v1","kind":"projection","capture_id":2,"replay_id":608,"position":130,"layer":0,"projection":"gate","operator":"canonical","cuda_span_ns":6144.000,"event_status":0,"launch_status":0,"completion_status":0}
{"schema":"riley.owned-graph-diagnostic.v1","kind":"read","capture_id":2,"replay_id":608,"host_read_bytes":98344,"host_read_ns":4400}
{"schema":"riley.owned-graph-diagnostic.v1","kind":"replay","capture_id":2,"replay_id":609,"position":131,"host_staging_bytes":98344,"event_setup_ns":303,"host_staging_ns":1547,"host_launch_ns":6558,"host_wait_ns":2040247,"cuda_graph_span_ns":2044287.920,"event_status":0,"launch_status":0,"completion_status":0}
{"schema":"riley.owned-graph-diagnostic.v1","kind":"projection","capture_id":2,"replay_id":609,"position":131,"layer":0,"projection":"gate","operator":"canonical","cuda_span_ns":5120.000,"event_status":0,"launch_status":0,"completion_status":0}
{"schema":"riley.owned-graph-diagnostic.v1","kind":"read","capture_id":2,"replay_id":609,"host_read_bytes":98344,"host_read_ns":4885}
{"schema":"riley.owned-graph-diagnostic.v1","kind":"replay","capture_id":2,"replay_id":610,"position":132,"host_staging_bytes":98344,"event_setup_ns":404,"host_staging_ns":1528,"host_launch_ns":6653,"host_wait_ns":2042554,"cuda_graph_span_ns":2046655.893,"event_status":0,"launch_status":0,"completion_status":0}
{"schema":"riley.owned-graph-diagnostic.v1","kind":"projection","capture_id":2,"replay_id":610,"position":132,"layer":0,"projection":"gate","operator":"canonical","cuda_span_ns":5120.000,"event_status":0,"launch_status":0,"completion_status":0}
{"schema":"riley.owned-graph-diagnostic.v1","kind":"read","capture_id":2,"replay_id":610,"host_read_bytes":98344,"host_read_ns":4583}
{"schema":"riley.owned-graph-diagnostic.v1","kind":"replay","capture_id":2,"replay_id":611,"position":133,"host_staging_bytes":98344,"event_setup_ns":390,"host_staging_ns":1555,"host_launch_ns":6519,"host_wait_ns":2049138,"cuda_graph_span_ns":2053087.950,"event_status":0,"launch_status":0,"completion_status":0}
{"schema":"riley.owned-graph-diagnostic.v1","kind":"projection","capture_id":2,"replay_id":611,"position":133,"layer":0,"projection":"gate","operator":"canonical","cuda_span_ns":6144.000,"event_status":0,"launch_status":0,"completion_status":0}
{"schema":"riley.owned-graph-diagnostic.v1","kind":"read","capture_id":2,"replay_id":611,"host_read_bytes":98344,"host_read_ns":4618}
{"schema":"riley.owned-graph-diagnostic.v1","kind":"replay","capture_id":2,"replay_id":612,"position":134,"host_staging_bytes":98344,"event_setup_ns":319,"host_staging_ns":1556,"host_launch_ns":6565,"host_wait_ns":2039956,"cuda_graph_span_ns":2043999.910,"event_status":0,"launch_status":0,"completion_status":0}
{"schema":"riley.owned-graph-diagnostic.v1","kind":"projection","capture_id":2,"replay_id":612,"position":134,"layer":0,"projection":"gate","operator":"canonical","cuda_span_ns":6144.000,"event_status":0,"launch_status":0,"completion_status":0}
{"schema":"riley.owned-graph-diagnostic.v1","kind":"read","capture_id":2,"replay_id":612,"host_read_bytes":98344,"host_read_ns":4327}
{"schema":"riley.owned-graph-diagnostic.v1","kind":"replay","capture_id":2,"replay_id":613,"position":135,"host_staging_bytes":98344,"event_setup_ns":388,"host_staging_ns":1529,"host_launch_ns":7071,"host_wait_ns":2039381,"cuda_graph_span_ns":2044032.097,"event_status":0,"launch_status":0,"completion_status":0}
{"schema":"riley.owned-graph-diagnostic.v1","kind":"projection","capture_id":2,"replay_id":613,"position":135,"layer":0,"projection":"gate","operator":"canonical","cuda_span_ns":5120.000,"event_status":0,"launch_status":0,"completion_status":0}
{"schema":"riley.owned-graph-diagnostic.v1","kind":"read","capture_id":2,"replay_id":613,"host_read_bytes":98344,"host_read_ns":4631}
{"schema":"riley.owned-graph-diagnostic.v1","kind":"replay","capture_id":2,"replay_id":614,"position":136,"host_staging_bytes":98344,"event_setup_ns":466,"host_staging_ns":1546,"host_launch_ns":6776,"host_wait_ns":2081317,"cuda_graph_span_ns":2085567.951,"event_status":0,"launch_status":0,"completion_status":0}
{"schema":"riley.owned-graph-diagnostic.v1","kind":"projection","capture_id":2,"replay_id":614,"position":136,"layer":0,"projection":"gate","operator":"canonical","cuda_span_ns":5120.000,"event_status":0,"launch_status":0,"completion_status":0}
{"schema":"riley.owned-graph-diagnostic.v1","kind":"read","capture_id":2,"replay_id":614,"host_read_bytes":98344,"host_read_ns":4875}
{"schema":"riley.owned-graph-diagnostic.v1","kind":"replay","capture_id":2,"replay_id":615,"position":137,"host_staging_bytes":98344,"event_setup_ns":368,"host_staging_ns":1554,"host_launch_ns":7154,"host_wait_ns":2097209,"cuda_graph_span_ns":2101759.911,"event_status":0,"launch_status":0,"completion_status":0}
{"schema":"riley.owned-graph-diagnostic.v1","kind":"projection","capture_id":2,"replay_id":615,"position":137,"layer":0,"projection":"gate","operator":"canonical","cuda_span_ns":5120.000,"event_status":0,"launch_status":0,"completion_status":0}
{"schema":"riley.owned-graph-diagnostic.v1","kind":"read","capture_id":2,"replay_id":615,"host_read_bytes":98344,"host_read_ns":4398}
{"schema":"riley.owned-graph-diagnostic.v1","kind":"replay","capture_id":2,"replay_id":616,"position":138,"host_staging_bytes":98344,"event_setup_ns":453,"host_staging_ns":1530,"host_launch_ns":6583,"host_wait_ns":2097709,"cuda_graph_span_ns":2101824.045,"event_status":0,"launch_status":0,"completion_status":0}
{"schema":"riley.owned-graph-diagnostic.v1","kind":"projection","capture_id":2,"replay_id":616,"position":138,"layer":0,"projection":"gate","operator":"canonical","cuda_span_ns":5120.000,"event_status":0,"launch_status":0,"completion_status":0}
{"schema":"riley.owned-graph-diagnostic.v1","kind":"read","capture_id":2,"replay_id":616,"host_read_bytes":98344,"host_read_ns":4658}
{"schema":"riley.owned-graph-diagnostic.v1","kind":"replay","capture_id":2,"replay_id":617,"position":139,"host_staging_bytes":98344,"event_setup_ns":300,"host_staging_ns":1515,"host_launch_ns":6381,"host_wait_ns":2096312,"cuda_graph_span_ns":2100095.987,"event_status":0,"launch_status":0,"completion_status":0}
{"schema":"riley.owned-graph-diagnostic.v1","kind":"projection","capture_id":2,"replay_id":617,"position":139,"layer":0,"projection":"gate","operator":"canonical","cuda_span_ns":5120.000,"event_status":0,"launch_status":0,"completion_status":0}
{"schema":"riley.owned-graph-diagnostic.v1","kind":"read","capture_id":2,"replay_id":617,"host_read_bytes":98344,"host_read_ns":4956}
{"schema":"riley.owned-graph-diagnostic.v1","kind":"replay","capture_id":2,"replay_id":618,"position":140,"host_staging_bytes":98344,"event_setup_ns":339,"host_staging_ns":1522,"host_launch_ns":6755,"host_wait_ns":2098265,"cuda_graph_span_ns":2102720.022,"event_status":0,"launch_status":0,"completion_status":0}
{"schema":"riley.owned-graph-diagnostic.v1","kind":"projection","capture_id":2,"replay_id":618,"position":140,"layer":0,"projection":"gate","operator":"canonical","cuda_span_ns":5120.000,"event_status":0,"launch_status":0,"completion_status":0}
{"schema":"riley.owned-graph-diagnostic.v1","kind":"read","capture_id":2,"replay_id":618,"host_read_bytes":98344,"host_read_ns":4720}
{"schema":"riley.owned-graph-diagnostic.v1","kind":"replay","capture_id":2,"replay_id":619,"position":141,"host_staging_bytes":98344,"event_setup_ns":361,"host_staging_ns":1595,"host_launch_ns":7171,"host_wait_ns":2098622,"cuda_graph_span_ns":2103199.959,"event_status":0,"launch_status":0,"completion_status":0}
{"schema":"riley.owned-graph-diagnostic.v1","kind":"projection","capture_id":2,"replay_id":619,"position":141,"layer":0,"projection":"gate","operator":"canonical","cuda_span_ns":6144.000,"event_status":0,"launch_status":0,"completion_status":0}
{"schema":"riley.owned-graph-diagnostic.v1","kind":"read","capture_id":2,"replay_id":619,"host_read_bytes":98344,"host_read_ns":4526}
{"schema":"riley.owned-graph-diagnostic.v1","kind":"replay","capture_id":2,"replay_id":620,"position":142,"host_staging_bytes":98344,"event_setup_ns":439,"host_staging_ns":1530,"host_launch_ns":7087,"host_wait_ns":2099898,"cuda_graph_span_ns":2104480.028,"event_status":0,"launch_status":0,"completion_status":0}
{"schema":"riley.owned-graph-diagnostic.v1","kind":"projection","capture_id":2,"replay_id":620,"position":142,"layer":0,"projection":"gate","operator":"canonical","cuda_span_ns":5120.000,"event_status":0,"launch_status":0,"completion_status":0}
{"schema":"riley.owned-graph-diagnostic.v1","kind":"read","capture_id":2,"replay_id":620,"host_read_bytes":98344,"host_read_ns":4434}
{"schema":"riley.owned-graph-diagnostic.v1","kind":"replay","capture_id":2,"replay_id":621,"position":143,"host_staging_bytes":98344,"event_setup_ns":438,"host_staging_ns":1567,"host_launch_ns":6503,"host_wait_ns":2099491,"cuda_graph_span_ns":2103327.990,"event_status":0,"launch_status":0,"completion_status":0}
{"schema":"riley.owned-graph-diagnostic.v1","kind":"projection","capture_id":2,"replay_id":621,"position":143,"layer":0,"projection":"gate","operator":"canonical","cuda_span_ns":5120.000,"event_status":0,"launch_status":0,"completion_status":0}
{"schema":"riley.owned-graph-diagnostic.v1","kind":"read","capture_id":2,"replay_id":621,"host_read_bytes":98344,"host_read_ns":4505}
{"schema":"riley.owned-graph-diagnostic.v1","kind":"replay","capture_id":2,"replay_id":622,"position":144,"host_staging_bytes":98344,"event_setup_ns":310,"host_staging_ns":1517,"host_launch_ns":6858,"host_wait_ns":2155893,"cuda_graph_span_ns":2160032.034,"event_status":0,"launch_status":0,"completion_status":0}
{"schema":"riley.owned-graph-diagnostic.v1","kind":"projection","capture_id":2,"replay_id":622,"position":144,"layer":0,"projection":"gate","operator":"canonical","cuda_span_ns":5120.000,"event_status":0,"launch_status":0,"completion_status":0}
{"schema":"riley.owned-graph-diagnostic.v1","kind":"read","capture_id":2,"replay_id":622,"host_read_bytes":98344,"host_read_ns":4566}
{"schema":"riley.owned-graph-diagnostic.v1","kind":"replay","capture_id":2,"replay_id":623,"position":145,"host_staging_bytes":98344,"event_setup_ns":301,"host_staging_ns":1543,"host_launch_ns":6634,"host_wait_ns":2171314,"cuda_graph_span_ns":2175551.891,"event_status":0,"launch_status":0,"completion_status":0}
{"schema":"riley.owned-graph-diagnostic.v1","kind":"projection","capture_id":2,"replay_id":623,"position":145,"layer":0,"projection":"gate","operator":"canonical","cuda_span_ns":6144.000,"event_status":0,"launch_status":0,"completion_status":0}
{"schema":"riley.owned-graph-diagnostic.v1","kind":"read","capture_id":2,"replay_id":623,"host_read_bytes":98344,"host_read_ns":4340}
{"schema":"riley.owned-graph-diagnostic.v1","kind":"replay","capture_id":2,"replay_id":624,"position":146,"host_staging_bytes":98344,"event_setup_ns":297,"host_staging_ns":1542,"host_launch_ns":6665,"host_wait_ns":2171347,"cuda_graph_span_ns":2175424.099,"event_status":0,"launch_status":0,"completion_status":0}
{"schema":"riley.owned-graph-diagnostic.v1","kind":"projection","capture_id":2,"replay_id":624,"position":146,"layer":0,"projection":"gate","operator":"canonical","cuda_span_ns":5120.000,"event_status":0,"launch_status":0,"completion_status":0}
{"schema":"riley.owned-graph-diagnostic.v1","kind":"read","capture_id":2,"replay_id":624,"host_read_bytes":98344,"host_read_ns":4490}
{"schema":"riley.owned-graph-diagnostic.v1","kind":"replay","capture_id":2,"replay_id":625,"position":147,"host_staging_bytes":98344,"event_setup_ns":294,"host_staging_ns":1531,"host_launch_ns":6664,"host_wait_ns":2172040,"cuda_graph_span_ns":2176032.066,"event_status":0,"launch_status":0,"completion_status":0}
{"schema":"riley.owned-graph-diagnostic.v1","kind":"projection","capture_id":2,"replay_id":625,"position":147,"layer":0,"projection":"gate","operator":"canonical","cuda_span_ns":6144.000,"event_status":0,"launch_status":0,"completion_status":0}
{"schema":"riley.owned-graph-diagnostic.v1","kind":"read","capture_id":2,"replay_id":625,"host_read_bytes":98344,"host_read_ns":4519}
{"schema":"riley.owned-graph-diagnostic.v1","kind":"replay","capture_id":2,"replay_id":626,"position":148,"host_staging_bytes":98344,"event_setup_ns":312,"host_staging_ns":1520,"host_launch_ns":6704,"host_wait_ns":2173316,"cuda_graph_span_ns":2177567.959,"event_status":0,"launch_status":0,"completion_status":0}
{"schema":"riley.owned-graph-diagnostic.v1","kind":"projection","capture_id":2,"replay_id":626,"position":148,"layer":0,"projection":"gate","operator":"canonical","cuda_span_ns":5120.000,"event_status":0,"launch_status":0,"completion_status":0}
{"schema":"riley.owned-graph-diagnostic.v1","kind":"read","capture_id":2,"replay_id":626,"host_read_bytes":98344,"host_read_ns":4818}
{"schema":"riley.owned-graph-diagnostic.v1","kind":"replay","capture_id":2,"replay_id":627,"position":149,"host_staging_bytes":98344,"event_setup_ns":306,"host_staging_ns":1538,"host_launch_ns":6983,"host_wait_ns":2174057,"cuda_graph_span_ns":2178400.040,"event_status":0,"launch_status":0,"completion_status":0}
{"schema":"riley.owned-graph-diagnostic.v1","kind":"projection","capture_id":2,"replay_id":627,"position":149,"layer":0,"projection":"gate","operator":"canonical","cuda_span_ns":6144.000,"event_status":0,"launch_status":0,"completion_status":0}
{"schema":"riley.owned-graph-diagnostic.v1","kind":"read","capture_id":2,"replay_id":627,"host_read_bytes":98344,"host_read_ns":4826}
{"schema":"riley.owned-graph-diagnostic.v1","kind":"replay","capture_id":2,"replay_id":628,"position":150,"host_staging_bytes":98344,"event_setup_ns":310,"host_staging_ns":1519,"host_launch_ns":7050,"host_wait_ns":2172148,"cuda_graph_span_ns":2176512.003,"event_status":0,"launch_status":0,"completion_status":0}
{"schema":"riley.owned-graph-diagnostic.v1","kind":"projection","capture_id":2,"replay_id":628,"position":150,"layer":0,"projection":"gate","operator":"canonical","cuda_span_ns":5120.000,"event_status":0,"launch_status":0,"completion_status":0}
{"schema":"riley.owned-graph-diagnostic.v1","kind":"read","capture_id":2,"replay_id":628,"host_read_bytes":98344,"host_read_ns":4530}
{"schema":"riley.owned-graph-diagnostic.v1","kind":"replay","capture_id":2,"replay_id":629,"position":151,"host_staging_bytes":98344,"event_setup_ns":298,"host_staging_ns":1538,"host_launch_ns":6474,"host_wait_ns":2171609,"cuda_graph_span_ns":2175424.099,"event_status":0,"launch_status":0,"completion_status":0}
{"schema":"riley.owned-graph-diagnostic.v1","kind":"projection","capture_id":2,"replay_id":629,"position":151,"layer":0,"projection":"gate","operator":"canonical","cuda_span_ns":5120.000,"event_status":0,"launch_status":0,"completion_status":0}
{"schema":"riley.owned-graph-diagnostic.v1","kind":"read","capture_id":2,"replay_id":629,"host_read_bytes":98344,"host_read_ns":4793}
{"schema":"riley.owned-graph-diagnostic.v1","kind":"replay","capture_id":2,"replay_id":630,"position":152,"host_staging_bytes":98344,"event_setup_ns":347,"host_staging_ns":1568,"host_launch_ns":6651,"host_wait_ns":2213586,"cuda_graph_span_ns":2217600.107,"event_status":0,"launch_status":0,"completion_status":0}
{"schema":"riley.owned-graph-diagnostic.v1","kind":"projection","capture_id":2,"replay_id":630,"position":152,"layer":0,"projection":"gate","operator":"canonical","cuda_span_ns":5120.000,"event_status":0,"launch_status":0,"completion_status":0}
{"schema":"riley.owned-graph-diagnostic.v1","kind":"read","capture_id":2,"replay_id":630,"host_read_bytes":98344,"host_read_ns":4689}
{"schema":"riley.owned-graph-diagnostic.v1","kind":"replay","capture_id":2,"replay_id":631,"position":153,"host_staging_bytes":98344,"event_setup_ns":367,"host_staging_ns":1549,"host_launch_ns":6986,"host_wait_ns":2228110,"cuda_graph_span_ns":2232480.049,"event_status":0,"launch_status":0,"completion_status":0}
{"schema":"riley.owned-graph-diagnostic.v1","kind":"projection","capture_id":2,"replay_id":631,"position":153,"layer":0,"projection":"gate","operator":"canonical","cuda_span_ns":5120.000,"event_status":0,"launch_status":0,"completion_status":0}
{"schema":"riley.owned-graph-diagnostic.v1","kind":"read","capture_id":2,"replay_id":631,"host_read_bytes":98344,"host_read_ns":4901}
{"schema":"riley.owned-graph-diagnostic.v1","kind":"replay","capture_id":2,"replay_id":632,"position":154,"host_staging_bytes":98344,"event_setup_ns":440,"host_staging_ns":1534,"host_launch_ns":7297,"host_wait_ns":2220125,"cuda_graph_span_ns":2224895.954,"event_status":0,"launch_status":0,"completion_status":0}
{"schema":"riley.owned-graph-diagnostic.v1","kind":"projection","capture_id":2,"replay_id":632,"position":154,"layer":0,"projection":"gate","operator":"canonical","cuda_span_ns":5120.000,"event_status":0,"launch_status":0,"completion_status":0}
{"schema":"riley.owned-graph-diagnostic.v1","kind":"read","capture_id":2,"replay_id":632,"host_read_bytes":98344,"host_read_ns":5008}
{"schema":"riley.owned-graph-diagnostic.v1","kind":"replay","capture_id":2,"replay_id":633,"position":155,"host_staging_bytes":98344,"event_setup_ns":429,"host_staging_ns":1529,"host_launch_ns":6815,"host_wait_ns":2229536,"cuda_graph_span_ns":2233887.911,"event_status":0,"launch_status":0,"completion_status":0}
{"schema":"riley.owned-graph-diagnostic.v1","kind":"projection","capture_id":2,"replay_id":633,"position":155,"layer":0,"projection":"gate","operator":"canonical","cuda_span_ns":5120.000,"event_status":0,"launch_status":0,"completion_status":0}
{"schema":"riley.owned-graph-diagnostic.v1","kind":"read","capture_id":2,"replay_id":633,"host_read_bytes":98344,"host_read_ns":4831}
{"schema":"riley.owned-graph-diagnostic.v1","kind":"replay","capture_id":2,"replay_id":634,"position":156,"host_staging_bytes":98344,"event_setup_ns":371,"host_staging_ns":1553,"host_launch_ns":6641,"host_wait_ns":2229328,"cuda_graph_span_ns":2233407.974,"event_status":0,"launch_status":0,"completion_status":0}
{"schema":"riley.owned-graph-diagnostic.v1","kind":"projection","capture_id":2,"replay_id":634,"position":156,"layer":0,"projection":"gate","operator":"canonical","cuda_span_ns":5120.000,"event_status":0,"launch_status":0,"completion_status":0}
{"schema":"riley.owned-graph-diagnostic.v1","kind":"read","capture_id":2,"replay_id":634,"host_read_bytes":98344,"host_read_ns":4435}
{"schema":"riley.owned-graph-diagnostic.v1","kind":"replay","capture_id":2,"replay_id":635,"position":157,"host_staging_bytes":98344,"event_setup_ns":575,"host_staging_ns":1541,"host_launch_ns":7194,"host_wait_ns":2231161,"cuda_graph_span_ns":2235712.051,"event_status":0,"launch_status":0,"completion_status":0}
{"schema":"riley.owned-graph-diagnostic.v1","kind":"projection","capture_id":2,"replay_id":635,"position":157,"layer":0,"projection":"gate","operator":"canonical","cuda_span_ns":5120.000,"event_status":0,"launch_status":0,"completion_status":0}
{"schema":"riley.owned-graph-diagnostic.v1","kind":"read","capture_id":2,"replay_id":635,"host_read_bytes":98344,"host_read_ns":5338}
{"schema":"riley.owned-graph-diagnostic.v1","kind":"replay","capture_id":2,"replay_id":636,"position":158,"host_staging_bytes":98344,"event_setup_ns":399,"host_staging_ns":1568,"host_launch_ns":6711,"host_wait_ns":2229558,"cuda_graph_span_ns":2233695.984,"event_status":0,"launch_status":0,"completion_status":0}
{"schema":"riley.owned-graph-diagnostic.v1","kind":"projection","capture_id":2,"replay_id":636,"position":158,"layer":0,"projection":"gate","operator":"canonical","cuda_span_ns":6144.000,"event_status":0,"launch_status":0,"completion_status":0}
{"schema":"riley.owned-graph-diagnostic.v1","kind":"read","capture_id":2,"replay_id":636,"host_read_bytes":98344,"host_read_ns":4528}
{"schema":"riley.owned-graph-diagnostic.v1","kind":"replay","capture_id":1,"replay_id":637,"position":0,"host_staging_bytes":98344,"event_setup_ns":5453,"host_staging_ns":3064,"host_launch_ns":21176,"host_wait_ns":2881485,"cuda_graph_span_ns":2900448.084,"event_status":0,"launch_status":0,"completion_status":0}
{"schema":"riley.owned-graph-diagnostic.v1","kind":"projection","capture_id":1,"replay_id":637,"position":0,"layer":0,"projection":"gate","operator":"override","cuda_span_ns":11264.000,"event_status":0,"launch_status":0,"completion_status":0}
{"schema":"riley.owned-graph-diagnostic.v1","kind":"read","capture_id":1,"replay_id":637,"host_read_bytes":98344,"host_read_ns":5822}
{"schema":"riley.owned-graph-diagnostic.v1","kind":"replay","capture_id":1,"replay_id":638,"position":1,"host_staging_bytes":98344,"event_setup_ns":538,"host_staging_ns":1567,"host_launch_ns":7558,"host_wait_ns":2929338,"cuda_graph_span_ns":2934015.989,"event_status":0,"launch_status":0,"completion_status":0}
{"schema":"riley.owned-graph-diagnostic.v1","kind":"projection","capture_id":1,"replay_id":638,"position":1,"layer":0,"projection":"gate","operator":"override","cuda_span_ns":11264.000,"event_status":0,"launch_status":0,"completion_status":0}
{"schema":"riley.owned-graph-diagnostic.v1","kind":"read","capture_id":1,"replay_id":638,"host_read_bytes":98344,"host_read_ns":4670}
{"schema":"riley.owned-graph-diagnostic.v1","kind":"replay","capture_id":1,"replay_id":639,"position":2,"host_staging_bytes":98344,"event_setup_ns":436,"host_staging_ns":1581,"host_launch_ns":7155,"host_wait_ns":2928304,"cuda_graph_span_ns":2932735.920,"event_status":0,"launch_status":0,"completion_status":0}
{"schema":"riley.owned-graph-diagnostic.v1","kind":"projection","capture_id":1,"replay_id":639,"position":2,"layer":0,"projection":"gate","operator":"override","cuda_span_ns":10240.000,"event_status":0,"launch_status":0,"completion_status":0}
{"schema":"riley.owned-graph-diagnostic.v1","kind":"read","capture_id":1,"replay_id":639,"host_read_bytes":98344,"host_read_ns":4592}
{"schema":"riley.owned-graph-diagnostic.v1","kind":"replay","capture_id":1,"replay_id":640,"position":3,"host_staging_bytes":98344,"event_setup_ns":338,"host_staging_ns":1544,"host_launch_ns":6810,"host_wait_ns":2935261,"cuda_graph_span_ns":2939519.882,"event_status":0,"launch_status":0,"completion_status":0}
{"schema":"riley.owned-graph-diagnostic.v1","kind":"projection","capture_id":1,"replay_id":640,"position":3,"layer":0,"projection":"gate","operator":"override","cuda_span_ns":10240.000,"event_status":0,"launch_status":0,"completion_status":0}
{"schema":"riley.owned-graph-diagnostic.v1","kind":"read","capture_id":1,"replay_id":640,"host_read_bytes":98344,"host_read_ns":4983}
{"schema":"riley.owned-graph-diagnostic.v1","kind":"replay","capture_id":1,"replay_id":641,"position":4,"host_staging_bytes":98344,"event_setup_ns":340,"host_staging_ns":1576,"host_launch_ns":6559,"host_wait_ns":2939038,"cuda_graph_span_ns":2943039.894,"event_status":0,"launch_status":0,"completion_status":0}
{"schema":"riley.owned-graph-diagnostic.v1","kind":"projection","capture_id":1,"replay_id":641,"position":4,"layer":0,"projection":"gate","operator":"override","cuda_span_ns":11264.000,"event_status":0,"launch_status":0,"completion_status":0}
{"schema":"riley.owned-graph-diagnostic.v1","kind":"read","capture_id":1,"replay_id":641,"host_read_bytes":98344,"host_read_ns":4944}
{"schema":"riley.owned-graph-diagnostic.v1","kind":"replay","capture_id":1,"replay_id":642,"position":5,"host_staging_bytes":98344,"event_setup_ns":325,"host_staging_ns":1648,"host_launch_ns":6569,"host_wait_ns":2945636,"cuda_graph_span_ns":2949311.972,"event_status":0,"launch_status":0,"completion_status":0}
{"schema":"riley.owned-graph-diagnostic.v1","kind":"projection","capture_id":1,"replay_id":642,"position":5,"layer":0,"projection":"gate","operator":"override","cuda_span_ns":11264.000,"event_status":0,"launch_status":0,"completion_status":0}
{"schema":"riley.owned-graph-diagnostic.v1","kind":"read","capture_id":1,"replay_id":642,"host_read_bytes":98344,"host_read_ns":4678}
{"schema":"riley.owned-graph-diagnostic.v1","kind":"replay","capture_id":1,"replay_id":643,"position":6,"host_staging_bytes":98344,"event_setup_ns":497,"host_staging_ns":1636,"host_launch_ns":7092,"host_wait_ns":2935487,"cuda_graph_span_ns":2939968.109,"event_status":0,"launch_status":0,"completion_status":0}
{"schema":"riley.owned-graph-diagnostic.v1","kind":"projection","capture_id":1,"replay_id":643,"position":6,"layer":0,"projection":"gate","operator":"override","cuda_span_ns":10240.000,"event_status":0,"launch_status":0,"completion_status":0}
{"schema":"riley.owned-graph-diagnostic.v1","kind":"read","capture_id":1,"replay_id":643,"host_read_bytes":98344,"host_read_ns":4891}
{"schema":"riley.owned-graph-diagnostic.v1","kind":"replay","capture_id":1,"replay_id":644,"position":7,"host_staging_bytes":98344,"event_setup_ns":520,"host_staging_ns":1618,"host_launch_ns":6914,"host_wait_ns":2925591,"cuda_graph_span_ns":2929919.958,"event_status":0,"launch_status":0,"completion_status":0}
{"schema":"riley.owned-graph-diagnostic.v1","kind":"projection","capture_id":1,"replay_id":644,"position":7,"layer":0,"projection":"gate","operator":"override","cuda_span_ns":10240.000,"event_status":0,"launch_status":0,"completion_status":0}
{"schema":"riley.owned-graph-diagnostic.v1","kind":"read","capture_id":1,"replay_id":644,"host_read_bytes":98344,"host_read_ns":4920}
{"schema":"riley.owned-graph-diagnostic.v1","kind":"replay","capture_id":1,"replay_id":645,"position":8,"host_staging_bytes":98344,"event_setup_ns":536,"host_staging_ns":1625,"host_launch_ns":6730,"host_wait_ns":2961667,"cuda_graph_span_ns":2965791.941,"event_status":0,"launch_status":0,"completion_status":0}
{"schema":"riley.owned-graph-diagnostic.v1","kind":"projection","capture_id":1,"replay_id":645,"position":8,"layer":0,"projection":"gate","operator":"override","cuda_span_ns":11264.000,"event_status":0,"launch_status":0,"completion_status":0}
{"schema":"riley.owned-graph-diagnostic.v1","kind":"read","capture_id":1,"replay_id":645,"host_read_bytes":98344,"host_read_ns":4761}
{"schema":"riley.owned-graph-diagnostic.v1","kind":"replay","capture_id":1,"replay_id":646,"position":9,"host_staging_bytes":98344,"event_setup_ns":375,"host_staging_ns":1609,"host_launch_ns":6280,"host_wait_ns":3010738,"cuda_graph_span_ns":3014048.100,"event_status":0,"launch_status":0,"completion_status":0}
{"schema":"riley.owned-graph-diagnostic.v1","kind":"projection","capture_id":1,"replay_id":646,"position":9,"layer":0,"projection":"gate","operator":"override","cuda_span_ns":10240.000,"event_status":0,"launch_status":0,"completion_status":0}
{"schema":"riley.owned-graph-diagnostic.v1","kind":"read","capture_id":1,"replay_id":646,"host_read_bytes":98344,"host_read_ns":4611}
{"schema":"riley.owned-graph-diagnostic.v1","kind":"replay","capture_id":1,"replay_id":647,"position":10,"host_staging_bytes":98344,"event_setup_ns":508,"host_staging_ns":1596,"host_launch_ns":6989,"host_wait_ns":3011364,"cuda_graph_span_ns":3015295.982,"event_status":0,"launch_status":0,"completion_status":0}
{"schema":"riley.owned-graph-diagnostic.v1","kind":"projection","capture_id":1,"replay_id":647,"position":10,"layer":0,"projection":"gate","operator":"override","cuda_span_ns":10240.000,"event_status":0,"launch_status":0,"completion_status":0}
{"schema":"riley.owned-graph-diagnostic.v1","kind":"read","capture_id":1,"replay_id":647,"host_read_bytes":98344,"host_read_ns":5144}
{"schema":"riley.owned-graph-diagnostic.v1","kind":"replay","capture_id":1,"replay_id":648,"position":11,"host_staging_bytes":98344,"event_setup_ns":417,"host_staging_ns":1594,"host_launch_ns":6580,"host_wait_ns":3019674,"cuda_graph_span_ns":3023519.993,"event_status":0,"launch_status":0,"completion_status":0}
{"schema":"riley.owned-graph-diagnostic.v1","kind":"projection","capture_id":1,"replay_id":648,"position":11,"layer":0,"projection":"gate","operator":"override","cuda_span_ns":10240.000,"event_status":0,"launch_status":0,"completion_status":0}
{"schema":"riley.owned-graph-diagnostic.v1","kind":"read","capture_id":1,"replay_id":648,"host_read_bytes":98344,"host_read_ns":4667}
{"schema":"riley.owned-graph-diagnostic.v1","kind":"replay","capture_id":1,"replay_id":649,"position":12,"host_staging_bytes":98344,"event_setup_ns":338,"host_staging_ns":1545,"host_launch_ns":6475,"host_wait_ns":3019590,"cuda_graph_span_ns":3023328.066,"event_status":0,"launch_status":0,"completion_status":0}
{"schema":"riley.owned-graph-diagnostic.v1","kind":"projection","capture_id":1,"replay_id":649,"position":12,"layer":0,"projection":"gate","operator":"override","cuda_span_ns":10240.000,"event_status":0,"launch_status":0,"completion_status":0}
{"schema":"riley.owned-graph-diagnostic.v1","kind":"read","capture_id":1,"replay_id":649,"host_read_bytes":98344,"host_read_ns":4636}
{"schema":"riley.owned-graph-diagnostic.v1","kind":"replay","capture_id":1,"replay_id":650,"position":13,"host_staging_bytes":98344,"event_setup_ns":344,"host_staging_ns":1545,"host_launch_ns":6868,"host_wait_ns":3012600,"cuda_graph_span_ns":3016736.031,"event_status":0,"launch_status":0,"completion_status":0}
{"schema":"riley.owned-graph-diagnostic.v1","kind":"projection","capture_id":1,"replay_id":650,"position":13,"layer":0,"projection":"gate","operator":"override","cuda_span_ns":11264.000,"event_status":0,"launch_status":0,"completion_status":0}
{"schema":"riley.owned-graph-diagnostic.v1","kind":"read","capture_id":1,"replay_id":650,"host_read_bytes":98344,"host_read_ns":4470}
{"schema":"riley.owned-graph-diagnostic.v1","kind":"replay","capture_id":1,"replay_id":651,"position":14,"host_staging_bytes":98344,"event_setup_ns":329,"host_staging_ns":1549,"host_launch_ns":6638,"host_wait_ns":3018390,"cuda_graph_span_ns":3022272.110,"event_status":0,"launch_status":0,"completion_status":0}
{"schema":"riley.owned-graph-diagnostic.v1","kind":"projection","capture_id":1,"replay_id":651,"position":14,"layer":0,"projection":"gate","operator":"override","cuda_span_ns":10240.000,"event_status":0,"launch_status":0,"completion_status":0}
{"schema":"riley.owned-graph-diagnostic.v1","kind":"read","capture_id":1,"replay_id":651,"host_read_bytes":98344,"host_read_ns":4450}
{"schema":"riley.owned-graph-diagnostic.v1","kind":"replay","capture_id":1,"replay_id":652,"position":15,"host_staging_bytes":98344,"event_setup_ns":365,"host_staging_ns":1524,"host_launch_ns":6780,"host_wait_ns":3013543,"cuda_graph_span_ns":3017503.977,"event_status":0,"launch_status":0,"completion_status":0}
{"schema":"riley.owned-graph-diagnostic.v1","kind":"projection","capture_id":1,"replay_id":652,"position":15,"layer":0,"projection":"gate","operator":"override","cuda_span_ns":10240.000,"event_status":0,"launch_status":0,"completion_status":0}
{"schema":"riley.owned-graph-diagnostic.v1","kind":"read","capture_id":1,"replay_id":652,"host_read_bytes":98344,"host_read_ns":4689}
{"schema":"riley.owned-graph-diagnostic.v1","kind":"replay","capture_id":1,"replay_id":653,"position":16,"host_staging_bytes":98344,"event_setup_ns":297,"host_staging_ns":1535,"host_launch_ns":6601,"host_wait_ns":3078524,"cuda_graph_span_ns":3082304.001,"event_status":0,"launch_status":0,"completion_status":0}
{"schema":"riley.owned-graph-diagnostic.v1","kind":"projection","capture_id":1,"replay_id":653,"position":16,"layer":0,"projection":"gate","operator":"override","cuda_span_ns":10240.000,"event_status":0,"launch_status":0,"completion_status":0}
{"schema":"riley.owned-graph-diagnostic.v1","kind":"read","capture_id":1,"replay_id":653,"host_read_bytes":98344,"host_read_ns":4614}
{"schema":"riley.owned-graph-diagnostic.v1","kind":"replay","capture_id":1,"replay_id":654,"position":17,"host_staging_bytes":98344,"event_setup_ns":355,"host_staging_ns":1534,"host_launch_ns":6628,"host_wait_ns":3112584,"cuda_graph_span_ns":3116415.977,"event_status":0,"launch_status":0,"completion_status":0}
{"schema":"riley.owned-graph-diagnostic.v1","kind":"projection","capture_id":1,"replay_id":654,"position":17,"layer":0,"projection":"gate","operator":"override","cuda_span_ns":11264.000,"event_status":0,"launch_status":0,"completion_status":0}
{"schema":"riley.owned-graph-diagnostic.v1","kind":"read","capture_id":1,"replay_id":654,"host_read_bytes":98344,"host_read_ns":4725}
{"schema":"riley.owned-graph-diagnostic.v1","kind":"replay","capture_id":1,"replay_id":655,"position":18,"host_staging_bytes":98344,"event_setup_ns":404,"host_staging_ns":1535,"host_launch_ns":6703,"host_wait_ns":3117623,"cuda_graph_span_ns":3121536.016,"event_status":0,"launch_status":0,"completion_status":0}
{"schema":"riley.owned-graph-diagnostic.v1","kind":"projection","capture_id":1,"replay_id":655,"position":18,"layer":0,"projection":"gate","operator":"override","cuda_span_ns":10240.000,"event_status":0,"launch_status":0,"completion_status":0}
{"schema":"riley.owned-graph-diagnostic.v1","kind":"read","capture_id":1,"replay_id":655,"host_read_bytes":98344,"host_read_ns":4465}
{"schema":"riley.owned-graph-diagnostic.v1","kind":"replay","capture_id":1,"replay_id":656,"position":19,"host_staging_bytes":98344,"event_setup_ns":425,"host_staging_ns":1547,"host_launch_ns":6627,"host_wait_ns":3119376,"cuda_graph_span_ns":3123327.971,"event_status":0,"launch_status":0,"completion_status":0}
{"schema":"riley.owned-graph-diagnostic.v1","kind":"projection","capture_id":1,"replay_id":656,"position":19,"layer":0,"projection":"gate","operator":"override","cuda_span_ns":11264.000,"event_status":0,"launch_status":0,"completion_status":0}
{"schema":"riley.owned-graph-diagnostic.v1","kind":"read","capture_id":1,"replay_id":656,"host_read_bytes":98344,"host_read_ns":5113}
{"schema":"riley.owned-graph-diagnostic.v1","kind":"replay","capture_id":1,"replay_id":657,"position":20,"host_staging_bytes":98344,"event_setup_ns":314,"host_staging_ns":1527,"host_launch_ns":6798,"host_wait_ns":3125740,"cuda_graph_span_ns":3129695.892,"event_status":0,"launch_status":0,"completion_status":0}
{"schema":"riley.owned-graph-diagnostic.v1","kind":"projection","capture_id":1,"replay_id":657,"position":20,"layer":0,"projection":"gate","operator":"override","cuda_span_ns":11264.000,"event_status":0,"launch_status":0,"completion_status":0}
{"schema":"riley.owned-graph-diagnostic.v1","kind":"read","capture_id":1,"replay_id":657,"host_read_bytes":98344,"host_read_ns":4547}
{"schema":"riley.owned-graph-diagnostic.v1","kind":"replay","capture_id":1,"replay_id":658,"position":21,"host_staging_bytes":98344,"event_setup_ns":631,"host_staging_ns":1524,"host_launch_ns":6604,"host_wait_ns":3118934,"cuda_graph_span_ns":3122751.951,"event_status":0,"launch_status":0,"completion_status":0}
{"schema":"riley.owned-graph-diagnostic.v1","kind":"projection","capture_id":1,"replay_id":658,"position":21,"layer":0,"projection":"gate","operator":"override","cuda_span_ns":10240.000,"event_status":0,"launch_status":0,"completion_status":0}
{"schema":"riley.owned-graph-diagnostic.v1","kind":"read","capture_id":1,"replay_id":658,"host_read_bytes":98344,"host_read_ns":5047}
{"schema":"riley.owned-graph-diagnostic.v1","kind":"replay","capture_id":1,"replay_id":659,"position":22,"host_staging_bytes":98344,"event_setup_ns":444,"host_staging_ns":1506,"host_launch_ns":6789,"host_wait_ns":3120189,"cuda_graph_span_ns":3124160.051,"event_status":0,"launch_status":0,"completion_status":0}
{"schema":"riley.owned-graph-diagnostic.v1","kind":"projection","capture_id":1,"replay_id":659,"position":22,"layer":0,"projection":"gate","operator":"override","cuda_span_ns":10240.000,"event_status":0,"launch_status":0,"completion_status":0}
{"schema":"riley.owned-graph-diagnostic.v1","kind":"read","capture_id":1,"replay_id":659,"host_read_bytes":98344,"host_read_ns":4916}
{"schema":"riley.owned-graph-diagnostic.v1","kind":"replay","capture_id":1,"replay_id":660,"position":23,"host_staging_bytes":98344,"event_setup_ns":452,"host_staging_ns":1517,"host_launch_ns":6716,"host_wait_ns":3120609,"cuda_graph_span_ns":3124416.113,"event_status":0,"launch_status":0,"completion_status":0}
{"schema":"riley.owned-graph-diagnostic.v1","kind":"projection","capture_id":1,"replay_id":660,"position":23,"layer":0,"projection":"gate","operator":"override","cuda_span_ns":11264.000,"event_status":0,"launch_status":0,"completion_status":0}
{"schema":"riley.owned-graph-diagnostic.v1","kind":"read","capture_id":1,"replay_id":660,"host_read_bytes":98344,"host_read_ns":4551}
{"schema":"riley.owned-graph-diagnostic.v1","kind":"replay","capture_id":1,"replay_id":661,"position":24,"host_staging_bytes":98344,"event_setup_ns":433,"host_staging_ns":1515,"host_launch_ns":6708,"host_wait_ns":3159950,"cuda_graph_span_ns":3163903.952,"event_status":0,"launch_status":0,"completion_status":0}
{"schema":"riley.owned-graph-diagnostic.v1","kind":"projection","capture_id":1,"replay_id":661,"position":24,"layer":0,"projection":"gate","operator":"override","cuda_span_ns":10240.000,"event_status":0,"launch_status":0,"completion_status":0}
{"schema":"riley.owned-graph-diagnostic.v1","kind":"read","capture_id":1,"replay_id":661,"host_read_bytes":98344,"host_read_ns":4436}
{"schema":"riley.owned-graph-diagnostic.v1","kind":"replay","capture_id":1,"replay_id":662,"position":25,"host_staging_bytes":98344,"event_setup_ns":467,"host_staging_ns":1517,"host_launch_ns":6808,"host_wait_ns":3199503,"cuda_graph_span_ns":3203648.090,"event_status":0,"launch_status":0,"completion_status":0}
{"schema":"riley.owned-graph-diagnostic.v1","kind":"projection","capture_id":1,"replay_id":662,"position":25,"layer":0,"projection":"gate","operator":"override","cuda_span_ns":11264.000,"event_status":0,"launch_status":0,"completion_status":0}
{"schema":"riley.owned-graph-diagnostic.v1","kind":"read","capture_id":1,"replay_id":662,"host_read_bytes":98344,"host_read_ns":4410}
{"schema":"riley.owned-graph-diagnostic.v1","kind":"replay","capture_id":1,"replay_id":663,"position":26,"host_staging_bytes":98344,"event_setup_ns":486,"host_staging_ns":1513,"host_launch_ns":6403,"host_wait_ns":3207796,"cuda_graph_span_ns":3211328.030,"event_status":0,"launch_status":0,"completion_status":0}
{"schema":"riley.owned-graph-diagnostic.v1","kind":"projection","capture_id":1,"replay_id":663,"position":26,"layer":0,"projection":"gate","operator":"override","cuda_span_ns":11264.000,"event_status":0,"launch_status":0,"completion_status":0}
{"schema":"riley.owned-graph-diagnostic.v1","kind":"read","capture_id":1,"replay_id":663,"host_read_bytes":98344,"host_read_ns":4649}
{"schema":"riley.owned-graph-diagnostic.v1","kind":"replay","capture_id":1,"replay_id":664,"position":27,"host_staging_bytes":98344,"event_setup_ns":469,"host_staging_ns":1529,"host_launch_ns":6985,"host_wait_ns":3203489,"cuda_graph_span_ns":3207616.091,"event_status":0,"launch_status":0,"completion_status":0}
{"schema":"riley.owned-graph-diagnostic.v1","kind":"projection","capture_id":1,"replay_id":664,"position":27,"layer":0,"projection":"gate","operator":"override","cuda_span_ns":11264.000,"event_status":0,"launch_status":0,"completion_status":0}
{"schema":"riley.owned-graph-diagnostic.v1","kind":"read","capture_id":1,"replay_id":664,"host_read_bytes":98344,"host_read_ns":4493}
{"schema":"riley.owned-graph-diagnostic.v1","kind":"replay","capture_id":1,"replay_id":665,"position":28,"host_staging_bytes":98344,"event_setup_ns":525,"host_staging_ns":1538,"host_launch_ns":7212,"host_wait_ns":3205594,"cuda_graph_span_ns":3210079.908,"event_status":0,"launch_status":0,"completion_status":0}
{"schema":"riley.owned-graph-diagnostic.v1","kind":"projection","capture_id":1,"replay_id":665,"position":28,"layer":0,"projection":"gate","operator":"override","cuda_span_ns":11264.000,"event_status":0,"launch_status":0,"completion_status":0}
{"schema":"riley.owned-graph-diagnostic.v1","kind":"read","capture_id":1,"replay_id":665,"host_read_bytes":98344,"host_read_ns":4746}
{"schema":"riley.owned-graph-diagnostic.v1","kind":"replay","capture_id":1,"replay_id":666,"position":29,"host_staging_bytes":98344,"event_setup_ns":434,"host_staging_ns":1534,"host_launch_ns":7094,"host_wait_ns":3207637,"cuda_graph_span_ns":3211904.049,"event_status":0,"launch_status":0,"completion_status":0}
{"schema":"riley.owned-graph-diagnostic.v1","kind":"projection","capture_id":1,"replay_id":666,"position":29,"layer":0,"projection":"gate","operator":"override","cuda_span_ns":10240.000,"event_status":0,"launch_status":0,"completion_status":0}
{"schema":"riley.owned-graph-diagnostic.v1","kind":"read","capture_id":1,"replay_id":666,"host_read_bytes":98344,"host_read_ns":4008}
{"schema":"riley.owned-graph-diagnostic.v1","kind":"replay","capture_id":1,"replay_id":667,"position":30,"host_staging_bytes":98344,"event_setup_ns":492,"host_staging_ns":1529,"host_launch_ns":7644,"host_wait_ns":3212377,"cuda_graph_span_ns":3217152.119,"event_status":0,"launch_status":0,"completion_status":0}
{"schema":"riley.owned-graph-diagnostic.v1","kind":"projection","capture_id":1,"replay_id":667,"position":30,"layer":0,"projection":"gate","operator":"override","cuda_span_ns":11264.000,"event_status":0,"launch_status":0,"completion_status":0}
{"schema":"riley.owned-graph-diagnostic.v1","kind":"read","capture_id":1,"replay_id":667,"host_read_bytes":98344,"host_read_ns":4592}
{"schema":"riley.owned-graph-diagnostic.v1","kind":"replay","capture_id":1,"replay_id":668,"position":31,"host_staging_bytes":98344,"event_setup_ns":434,"host_staging_ns":1542,"host_launch_ns":7115,"host_wait_ns":3206482,"cuda_graph_span_ns":3210688.114,"event_status":0,"launch_status":0,"completion_status":0}
{"schema":"riley.owned-graph-diagnostic.v1","kind":"projection","capture_id":1,"replay_id":668,"position":31,"layer":0,"projection":"gate","operator":"override","cuda_span_ns":11264.000,"event_status":0,"launch_status":0,"completion_status":0}
{"schema":"riley.owned-graph-diagnostic.v1","kind":"read","capture_id":1,"replay_id":668,"host_read_bytes":98344,"host_read_ns":5082}
{"schema":"riley.owned-graph-diagnostic.v1","kind":"replay","capture_id":1,"replay_id":669,"position":32,"host_staging_bytes":98344,"event_setup_ns":593,"host_staging_ns":1582,"host_launch_ns":8615,"host_wait_ns":3266567,"cuda_graph_span_ns":3272320.032,"event_status":0,"launch_status":0,"completion_status":0}
{"schema":"riley.owned-graph-diagnostic.v1","kind":"projection","capture_id":1,"replay_id":669,"position":32,"layer":0,"projection":"gate","operator":"override","cuda_span_ns":10240.000,"event_status":0,"launch_status":0,"completion_status":0}
{"schema":"riley.owned-graph-diagnostic.v1","kind":"read","capture_id":1,"replay_id":669,"host_read_bytes":98344,"host_read_ns":4911}
{"schema":"riley.owned-graph-diagnostic.v1","kind":"replay","capture_id":1,"replay_id":670,"position":33,"host_staging_bytes":98344,"event_setup_ns":902,"host_staging_ns":1632,"host_launch_ns":9156,"host_wait_ns":3298715,"cuda_graph_span_ns":3304960.012,"event_status":0,"launch_status":0,"completion_status":0}
{"schema":"riley.owned-graph-diagnostic.v1","kind":"projection","capture_id":1,"replay_id":670,"position":33,"layer":0,"projection":"gate","operator":"override","cuda_span_ns":11264.000,"event_status":0,"launch_status":0,"completion_status":0}
{"schema":"riley.owned-graph-diagnostic.v1","kind":"read","capture_id":1,"replay_id":670,"host_read_bytes":98344,"host_read_ns":4648}
{"schema":"riley.owned-graph-diagnostic.v1","kind":"replay","capture_id":1,"replay_id":671,"position":34,"host_staging_bytes":98344,"event_setup_ns":394,"host_staging_ns":1559,"host_launch_ns":7426,"host_wait_ns":3302867,"cuda_graph_span_ns":3307071.924,"event_status":0,"launch_status":0,"completion_status":0}
{"schema":"riley.owned-graph-diagnostic.v1","kind":"projection","capture_id":1,"replay_id":671,"position":34,"layer":0,"projection":"gate","operator":"override","cuda_span_ns":11264.000,"event_status":0,"launch_status":0,"completion_status":0}
{"schema":"riley.owned-graph-diagnostic.v1","kind":"read","capture_id":1,"replay_id":671,"host_read_bytes":98344,"host_read_ns":4569}
{"schema":"riley.owned-graph-diagnostic.v1","kind":"replay","capture_id":1,"replay_id":672,"position":35,"host_staging_bytes":98344,"event_setup_ns":414,"host_staging_ns":1528,"host_launch_ns":7368,"host_wait_ns":3316025,"cuda_graph_span_ns":3320352.077,"event_status":0,"launch_status":0,"completion_status":0}
{"schema":"riley.owned-graph-diagnostic.v1","kind":"projection","capture_id":1,"replay_id":672,"position":35,"layer":0,"projection":"gate","operator":"override","cuda_span_ns":10240.000,"event_status":0,"launch_status":0,"completion_status":0}
{"schema":"riley.owned-graph-diagnostic.v1","kind":"read","capture_id":1,"replay_id":672,"host_read_bytes":98344,"host_read_ns":5347}
{"schema":"riley.owned-graph-diagnostic.v1","kind":"replay","capture_id":1,"replay_id":673,"position":36,"host_staging_bytes":98344,"event_setup_ns":344,"host_staging_ns":1555,"host_launch_ns":6972,"host_wait_ns":3314548,"cuda_graph_span_ns":3318432.093,"event_status":0,"launch_status":0,"completion_status":0}
{"schema":"riley.owned-graph-diagnostic.v1","kind":"projection","capture_id":1,"replay_id":673,"position":36,"layer":0,"projection":"gate","operator":"override","cuda_span_ns":11264.000,"event_status":0,"launch_status":0,"completion_status":0}
{"schema":"riley.owned-graph-diagnostic.v1","kind":"read","capture_id":1,"replay_id":673,"host_read_bytes":98344,"host_read_ns":5090}
{"schema":"riley.owned-graph-diagnostic.v1","kind":"replay","capture_id":1,"replay_id":674,"position":37,"host_staging_bytes":98344,"event_setup_ns":297,"host_staging_ns":1545,"host_launch_ns":7317,"host_wait_ns":3315926,"cuda_graph_span_ns":3320575.953,"event_status":0,"launch_status":0,"completion_status":0}
{"schema":"riley.owned-graph-diagnostic.v1","kind":"projection","capture_id":1,"replay_id":674,"position":37,"layer":0,"projection":"gate","operator":"override","cuda_span_ns":11264.000,"event_status":0,"launch_status":0,"completion_status":0}
{"schema":"riley.owned-graph-diagnostic.v1","kind":"read","capture_id":1,"replay_id":674,"host_read_bytes":98344,"host_read_ns":4789}
{"schema":"riley.owned-graph-diagnostic.v1","kind":"replay","capture_id":1,"replay_id":675,"position":38,"host_staging_bytes":98344,"event_setup_ns":454,"host_staging_ns":1669,"host_launch_ns":7843,"host_wait_ns":3315733,"cuda_graph_span_ns":3320640.087,"event_status":0,"launch_status":0,"completion_status":0}
{"schema":"riley.owned-graph-diagnostic.v1","kind":"projection","capture_id":1,"replay_id":675,"position":38,"layer":0,"projection":"gate","operator":"override","cuda_span_ns":10240.000,"event_status":0,"launch_status":0,"completion_status":0}
{"schema":"riley.owned-graph-diagnostic.v1","kind":"read","capture_id":1,"replay_id":675,"host_read_bytes":98344,"host_read_ns":5241}
{"schema":"riley.owned-graph-diagnostic.v1","kind":"replay","capture_id":1,"replay_id":676,"position":39,"host_staging_bytes":98344,"event_setup_ns":746,"host_staging_ns":1550,"host_launch_ns":7349,"host_wait_ns":3306942,"cuda_graph_span_ns":3311647.892,"event_status":0,"launch_status":0,"completion_status":0}
{"schema":"riley.owned-graph-diagnostic.v1","kind":"projection","capture_id":1,"replay_id":676,"position":39,"layer":0,"projection":"gate","operator":"override","cuda_span_ns":11264.000,"event_status":0,"launch_status":0,"completion_status":0}
{"schema":"riley.owned-graph-diagnostic.v1","kind":"read","capture_id":1,"replay_id":676,"host_read_bytes":98344,"host_read_ns":5036}
{"schema":"riley.owned-graph-diagnostic.v1","kind":"replay","capture_id":1,"replay_id":677,"position":40,"host_staging_bytes":98344,"event_setup_ns":790,"host_staging_ns":1709,"host_launch_ns":7534,"host_wait_ns":3357085,"cuda_graph_span_ns":3361632.109,"event_status":0,"launch_status":0,"completion_status":0}
{"schema":"riley.owned-graph-diagnostic.v1","kind":"projection","capture_id":1,"replay_id":677,"position":40,"layer":0,"projection":"gate","operator":"override","cuda_span_ns":11264.000,"event_status":0,"launch_status":0,"completion_status":0}
{"schema":"riley.owned-graph-diagnostic.v1","kind":"read","capture_id":1,"replay_id":677,"host_read_bytes":98344,"host_read_ns":4555}
{"schema":"riley.owned-graph-diagnostic.v1","kind":"replay","capture_id":1,"replay_id":678,"position":41,"host_staging_bytes":98344,"event_setup_ns":455,"host_staging_ns":1520,"host_launch_ns":7577,"host_wait_ns":3382590,"cuda_graph_span_ns":3387360.096,"event_status":0,"launch_status":0,"completion_status":0}
{"schema":"riley.owned-graph-diagnostic.v1","kind":"projection","capture_id":1,"replay_id":678,"position":41,"layer":0,"projection":"gate","operator":"override","cuda_span_ns":10240.000,"event_status":0,"launch_status":0,"completion_status":0}
{"schema":"riley.owned-graph-diagnostic.v1","kind":"read","capture_id":1,"replay_id":678,"host_read_bytes":98344,"host_read_ns":5180}
{"schema":"riley.owned-graph-diagnostic.v1","kind":"replay","capture_id":1,"replay_id":679,"position":42,"host_staging_bytes":98344,"event_setup_ns":520,"host_staging_ns":1617,"host_launch_ns":6905,"host_wait_ns":3398520,"cuda_graph_span_ns":3402591.944,"event_status":0,"launch_status":0,"completion_status":0}
{"schema":"riley.owned-graph-diagnostic.v1","kind":"projection","capture_id":1,"replay_id":679,"position":42,"layer":0,"projection":"gate","operator":"override","cuda_span_ns":10240.000,"event_status":0,"launch_status":0,"completion_status":0}
{"schema":"riley.owned-graph-diagnostic.v1","kind":"read","capture_id":1,"replay_id":679,"host_read_bytes":98344,"host_read_ns":4388}
{"schema":"riley.owned-graph-diagnostic.v1","kind":"replay","capture_id":1,"replay_id":680,"position":43,"host_staging_bytes":98344,"event_setup_ns":482,"host_staging_ns":1588,"host_launch_ns":7461,"host_wait_ns":3398845,"cuda_graph_span_ns":3403520.107,"event_status":0,"launch_status":0,"completion_status":0}
{"schema":"riley.owned-graph-diagnostic.v1","kind":"projection","capture_id":1,"replay_id":680,"position":43,"layer":0,"projection":"gate","operator":"override","cuda_span_ns":10240.000,"event_status":0,"launch_status":0,"completion_status":0}
{"schema":"riley.owned-graph-diagnostic.v1","kind":"read","capture_id":1,"replay_id":680,"host_read_bytes":98344,"host_read_ns":5055}
{"schema":"riley.owned-graph-diagnostic.v1","kind":"replay","capture_id":1,"replay_id":681,"position":44,"host_staging_bytes":98344,"event_setup_ns":532,"host_staging_ns":1625,"host_launch_ns":7887,"host_wait_ns":3394908,"cuda_graph_span_ns":3400063.992,"event_status":0,"launch_status":0,"completion_status":0}
{"schema":"riley.owned-graph-diagnostic.v1","kind":"projection","capture_id":1,"replay_id":681,"position":44,"layer":0,"projection":"gate","operator":"override","cuda_span_ns":11264.000,"event_status":0,"launch_status":0,"completion_status":0}
{"schema":"riley.owned-graph-diagnostic.v1","kind":"read","capture_id":1,"replay_id":681,"host_read_bytes":98344,"host_read_ns":4552}
{"schema":"riley.owned-graph-diagnostic.v1","kind":"replay","capture_id":1,"replay_id":682,"position":45,"host_staging_bytes":98344,"event_setup_ns":581,"host_staging_ns":1609,"host_launch_ns":7896,"host_wait_ns":3397204,"cuda_graph_span_ns":3402112.007,"event_status":0,"launch_status":0,"completion_status":0}
{"schema":"riley.owned-graph-diagnostic.v1","kind":"projection","capture_id":1,"replay_id":682,"position":45,"layer":0,"projection":"gate","operator":"override","cuda_span_ns":11264.000,"event_status":0,"launch_status":0,"completion_status":0}
{"schema":"riley.owned-graph-diagnostic.v1","kind":"read","capture_id":1,"replay_id":682,"host_read_bytes":98344,"host_read_ns":4853}
{"schema":"riley.owned-graph-diagnostic.v1","kind":"replay","capture_id":1,"replay_id":683,"position":46,"host_staging_bytes":98344,"event_setup_ns":732,"host_staging_ns":1603,"host_launch_ns":7511,"host_wait_ns":3399484,"cuda_graph_span_ns":3404000.044,"event_status":0,"launch_status":0,"completion_status":0}
{"schema":"riley.owned-graph-diagnostic.v1","kind":"projection","capture_id":1,"replay_id":683,"position":46,"layer":0,"projection":"gate","operator":"override","cuda_span_ns":11264.000,"event_status":0,"launch_status":0,"completion_status":0}
{"schema":"riley.owned-graph-diagnostic.v1","kind":"read","capture_id":1,"replay_id":683,"host_read_bytes":98344,"host_read_ns":4811}
{"schema":"riley.owned-graph-diagnostic.v1","kind":"replay","capture_id":1,"replay_id":684,"position":47,"host_staging_bytes":98344,"event_setup_ns":561,"host_staging_ns":1603,"host_launch_ns":7198,"host_wait_ns":3395888,"cuda_graph_span_ns":3400192.022,"event_status":0,"launch_status":0,"completion_status":0}
{"schema":"riley.owned-graph-diagnostic.v1","kind":"projection","capture_id":1,"replay_id":684,"position":47,"layer":0,"projection":"gate","operator":"override","cuda_span_ns":10240.000,"event_status":0,"launch_status":0,"completion_status":0}
{"schema":"riley.owned-graph-diagnostic.v1","kind":"read","capture_id":1,"replay_id":684,"host_read_bytes":98344,"host_read_ns":4682}
{"schema":"riley.owned-graph-diagnostic.v1","kind":"replay","capture_id":1,"replay_id":685,"position":48,"host_staging_bytes":98344,"event_setup_ns":375,"host_staging_ns":1520,"host_launch_ns":7016,"host_wait_ns":3463565,"cuda_graph_span_ns":3467551.947,"event_status":0,"launch_status":0,"completion_status":0}
{"schema":"riley.owned-graph-diagnostic.v1","kind":"projection","capture_id":1,"replay_id":685,"position":48,"layer":0,"projection":"gate","operator":"override","cuda_span_ns":10240.000,"event_status":0,"launch_status":0,"completion_status":0}
{"schema":"riley.owned-graph-diagnostic.v1","kind":"read","capture_id":1,"replay_id":685,"host_read_bytes":98344,"host_read_ns":5048}
{"schema":"riley.owned-graph-diagnostic.v1","kind":"replay","capture_id":1,"replay_id":686,"position":49,"host_staging_bytes":98344,"event_setup_ns":618,"host_staging_ns":1661,"host_launch_ns":7360,"host_wait_ns":3493488,"cuda_graph_span_ns":3498048.067,"event_status":0,"launch_status":0,"completion_status":0}
{"schema":"riley.owned-graph-diagnostic.v1","kind":"projection","capture_id":1,"replay_id":686,"position":49,"layer":0,"projection":"gate","operator":"override","cuda_span_ns":11264.000,"event_status":0,"launch_status":0,"completion_status":0}
{"schema":"riley.owned-graph-diagnostic.v1","kind":"read","capture_id":1,"replay_id":686,"host_read_bytes":98344,"host_read_ns":4558}
{"schema":"riley.owned-graph-diagnostic.v1","kind":"replay","capture_id":1,"replay_id":687,"position":50,"host_staging_bytes":98344,"event_setup_ns":705,"host_staging_ns":1620,"host_launch_ns":7584,"host_wait_ns":3504057,"cuda_graph_span_ns":3507103.920,"event_status":0,"launch_status":0,"completion_status":0}
{"schema":"riley.owned-graph-diagnostic.v1","kind":"projection","capture_id":1,"replay_id":687,"position":50,"layer":0,"projection":"gate","operator":"override","cuda_span_ns":10240.000,"event_status":0,"launch_status":0,"completion_status":0}
{"schema":"riley.owned-graph-diagnostic.v1","kind":"read","capture_id":1,"replay_id":687,"host_read_bytes":98344,"host_read_ns":7055}
{"schema":"riley.owned-graph-diagnostic.v1","kind":"replay","capture_id":1,"replay_id":688,"position":51,"host_staging_bytes":98344,"event_setup_ns":2755,"host_staging_ns":2724,"host_launch_ns":20540,"host_wait_ns":3497306,"cuda_graph_span_ns":3513024.092,"event_status":0,"launch_status":0,"completion_status":0}
{"schema":"riley.owned-graph-diagnostic.v1","kind":"projection","capture_id":1,"replay_id":688,"position":51,"layer":0,"projection":"gate","operator":"override","cuda_span_ns":10240.000,"event_status":0,"launch_status":0,"completion_status":0}
{"schema":"riley.owned-graph-diagnostic.v1","kind":"read","capture_id":1,"replay_id":688,"host_read_bytes":98344,"host_read_ns":8028}
{"schema":"riley.owned-graph-diagnostic.v1","kind":"replay","capture_id":1,"replay_id":689,"position":52,"host_staging_bytes":98344,"event_setup_ns":2647,"host_staging_ns":5294,"host_launch_ns":22916,"host_wait_ns":3494622,"cuda_graph_span_ns":3514911.890,"event_status":0,"launch_status":0,"completion_status":0}
{"schema":"riley.owned-graph-diagnostic.v1","kind":"projection","capture_id":1,"replay_id":689,"position":52,"layer":0,"projection":"gate","operator":"override","cuda_span_ns":10240.000,"event_status":0,"launch_status":0,"completion_status":0}
{"schema":"riley.owned-graph-diagnostic.v1","kind":"read","capture_id":1,"replay_id":689,"host_read_bytes":98344,"host_read_ns":5330}
{"schema":"riley.owned-graph-diagnostic.v1","kind":"replay","capture_id":1,"replay_id":690,"position":53,"host_staging_bytes":98344,"event_setup_ns":368,"host_staging_ns":2266,"host_launch_ns":7226,"host_wait_ns":3512272,"cuda_graph_span_ns":3516576.052,"event_status":0,"launch_status":0,"completion_status":0}
{"schema":"riley.owned-graph-diagnostic.v1","kind":"projection","capture_id":1,"replay_id":690,"position":53,"layer":0,"projection":"gate","operator":"override","cuda_span_ns":10240.000,"event_status":0,"launch_status":0,"completion_status":0}
{"schema":"riley.owned-graph-diagnostic.v1","kind":"read","capture_id":1,"replay_id":690,"host_read_bytes":98344,"host_read_ns":5304}
{"schema":"riley.owned-graph-diagnostic.v1","kind":"replay","capture_id":1,"replay_id":691,"position":54,"host_staging_bytes":98344,"event_setup_ns":501,"host_staging_ns":2800,"host_launch_ns":6776,"host_wait_ns":3511809,"cuda_graph_span_ns":3515840.054,"event_status":0,"launch_status":0,"completion_status":0}
{"schema":"riley.owned-graph-diagnostic.v1","kind":"projection","capture_id":1,"replay_id":691,"position":54,"layer":0,"projection":"gate","operator":"override","cuda_span_ns":11264.000,"event_status":0,"launch_status":0,"completion_status":0}
{"schema":"riley.owned-graph-diagnostic.v1","kind":"read","capture_id":1,"replay_id":691,"host_read_bytes":98344,"host_read_ns":4928}
{"schema":"riley.owned-graph-diagnostic.v1","kind":"replay","capture_id":1,"replay_id":692,"position":55,"host_staging_bytes":98344,"event_setup_ns":397,"host_staging_ns":2092,"host_launch_ns":7048,"host_wait_ns":3502116,"cuda_graph_span_ns":3506464.005,"event_status":0,"launch_status":0,"completion_status":0}
{"schema":"riley.owned-graph-diagnostic.v1","kind":"projection","capture_id":1,"replay_id":692,"position":55,"layer":0,"projection":"gate","operator":"override","cuda_span_ns":10240.000,"event_status":0,"launch_status":0,"completion_status":0}
{"schema":"riley.owned-graph-diagnostic.v1","kind":"read","capture_id":1,"replay_id":692,"host_read_bytes":98344,"host_read_ns":4584}
{"schema":"riley.owned-graph-diagnostic.v1","kind":"replay","capture_id":1,"replay_id":693,"position":56,"host_staging_bytes":98344,"event_setup_ns":400,"host_staging_ns":1971,"host_launch_ns":6553,"host_wait_ns":3544735,"cuda_graph_span_ns":3548608.065,"event_status":0,"launch_status":0,"completion_status":0}
{"schema":"riley.owned-graph-diagnostic.v1","kind":"projection","capture_id":1,"replay_id":693,"position":56,"layer":0,"projection":"gate","operator":"override","cuda_span_ns":10240.000,"event_status":0,"launch_status":0,"completion_status":0}
{"schema":"riley.owned-graph-diagnostic.v1","kind":"read","capture_id":1,"replay_id":693,"host_read_bytes":98344,"host_read_ns":4501}
{"schema":"riley.owned-graph-diagnostic.v1","kind":"replay","capture_id":1,"replay_id":694,"position":57,"host_staging_bytes":98344,"event_setup_ns":348,"host_staging_ns":1937,"host_launch_ns":7220,"host_wait_ns":3571092,"cuda_graph_span_ns":3575583.935,"event_status":0,"launch_status":0,"completion_status":0}
{"schema":"riley.owned-graph-diagnostic.v1","kind":"projection","capture_id":1,"replay_id":694,"position":57,"layer":0,"projection":"gate","operator":"override","cuda_span_ns":10240.000,"event_status":0,"launch_status":0,"completion_status":0}
{"schema":"riley.owned-graph-diagnostic.v1","kind":"read","capture_id":1,"replay_id":694,"host_read_bytes":98344,"host_read_ns":4900}
{"schema":"riley.owned-graph-diagnostic.v1","kind":"replay","capture_id":1,"replay_id":695,"position":58,"host_staging_bytes":98344,"event_setup_ns":384,"host_staging_ns":1763,"host_launch_ns":6788,"host_wait_ns":3585688,"cuda_graph_span_ns":3589695.930,"event_status":0,"launch_status":0,"completion_status":0}
{"schema":"riley.owned-graph-diagnostic.v1","kind":"projection","capture_id":1,"replay_id":695,"position":58,"layer":0,"projection":"gate","operator":"override","cuda_span_ns":10240.000,"event_status":0,"launch_status":0,"completion_status":0}
{"schema":"riley.owned-graph-diagnostic.v1","kind":"read","capture_id":1,"replay_id":695,"host_read_bytes":98344,"host_read_ns":4986}
{"schema":"riley.owned-graph-diagnostic.v1","kind":"replay","capture_id":1,"replay_id":696,"position":59,"host_staging_bytes":98344,"event_setup_ns":318,"host_staging_ns":1663,"host_launch_ns":6756,"host_wait_ns":3586876,"cuda_graph_span_ns":3590816.021,"event_status":0,"launch_status":0,"completion_status":0}
{"schema":"riley.owned-graph-diagnostic.v1","kind":"projection","capture_id":1,"replay_id":696,"position":59,"layer":0,"projection":"gate","operator":"override","cuda_span_ns":11264.000,"event_status":0,"launch_status":0,"completion_status":0}
{"schema":"riley.owned-graph-diagnostic.v1","kind":"read","capture_id":1,"replay_id":696,"host_read_bytes":98344,"host_read_ns":4798}
{"schema":"riley.owned-graph-diagnostic.v1","kind":"replay","capture_id":1,"replay_id":697,"position":60,"host_staging_bytes":98344,"event_setup_ns":372,"host_staging_ns":1718,"host_launch_ns":7222,"host_wait_ns":3582691,"cuda_graph_span_ns":3586368.084,"event_status":0,"launch_status":0,"completion_status":0}
{"schema":"riley.owned-graph-diagnostic.v1","kind":"projection","capture_id":1,"replay_id":697,"position":60,"layer":0,"projection":"gate","operator":"override","cuda_span_ns":11264.000,"event_status":0,"launch_status":0,"completion_status":0}
{"schema":"riley.owned-graph-diagnostic.v1","kind":"read","capture_id":1,"replay_id":697,"host_read_bytes":98344,"host_read_ns":5050}
{"schema":"riley.owned-graph-diagnostic.v1","kind":"replay","capture_id":1,"replay_id":698,"position":61,"host_staging_bytes":98344,"event_setup_ns":319,"host_staging_ns":1698,"host_launch_ns":6747,"host_wait_ns":3584973,"cuda_graph_span_ns":3589056.015,"event_status":0,"launch_status":0,"completion_status":0}
{"schema":"riley.owned-graph-diagnostic.v1","kind":"projection","capture_id":1,"replay_id":698,"position":61,"layer":0,"projection":"gate","operator":"override","cuda_span_ns":10240.000,"event_status":0,"launch_status":0,"completion_status":0}
{"schema":"riley.owned-graph-diagnostic.v1","kind":"read","capture_id":1,"replay_id":698,"host_read_bytes":98344,"host_read_ns":4664}
{"schema":"riley.owned-graph-diagnostic.v1","kind":"replay","capture_id":1,"replay_id":699,"position":62,"host_staging_bytes":98344,"event_setup_ns":330,"host_staging_ns":1618,"host_launch_ns":7201,"host_wait_ns":3584589,"cuda_graph_span_ns":3589024.067,"event_status":0,"launch_status":0,"completion_status":0}
{"schema":"riley.owned-graph-diagnostic.v1","kind":"projection","capture_id":1,"replay_id":699,"position":62,"layer":0,"projection":"gate","operator":"override","cuda_span_ns":10240.000,"event_status":0,"launch_status":0,"completion_status":0}
{"schema":"riley.owned-graph-diagnostic.v1","kind":"read","capture_id":1,"replay_id":699,"host_read_bytes":98344,"host_read_ns":5199}
{"schema":"riley.owned-graph-diagnostic.v1","kind":"replay","capture_id":1,"replay_id":700,"position":63,"host_staging_bytes":98344,"event_setup_ns":376,"host_staging_ns":1624,"host_launch_ns":6594,"host_wait_ns":3585147,"cuda_graph_span_ns":3589087.963,"event_status":0,"launch_status":0,"completion_status":0}
{"schema":"riley.owned-graph-diagnostic.v1","kind":"projection","capture_id":1,"replay_id":700,"position":63,"layer":0,"projection":"gate","operator":"override","cuda_span_ns":10240.000,"event_status":0,"launch_status":0,"completion_status":0}
{"schema":"riley.owned-graph-diagnostic.v1","kind":"read","capture_id":1,"replay_id":700,"host_read_bytes":98344,"host_read_ns":4375}
{"schema":"riley.owned-graph-diagnostic.v1","kind":"replay","capture_id":1,"replay_id":701,"position":64,"host_staging_bytes":98344,"event_setup_ns":332,"host_staging_ns":1575,"host_launch_ns":6595,"host_wait_ns":3652343,"cuda_graph_span_ns":3656287.909,"event_status":0,"launch_status":0,"completion_status":0}
{"schema":"riley.owned-graph-diagnostic.v1","kind":"projection","capture_id":1,"replay_id":701,"position":64,"layer":0,"projection":"gate","operator":"override","cuda_span_ns":11264.000,"event_status":0,"launch_status":0,"completion_status":0}
{"schema":"riley.owned-graph-diagnostic.v1","kind":"read","capture_id":1,"replay_id":701,"host_read_bytes":98344,"host_read_ns":4734}
{"schema":"riley.owned-graph-diagnostic.v1","kind":"replay","capture_id":1,"replay_id":702,"position":65,"host_staging_bytes":98344,"event_setup_ns":477,"host_staging_ns":1542,"host_launch_ns":7251,"host_wait_ns":3679655,"cuda_graph_span_ns":3684096.098,"event_status":0,"launch_status":0,"completion_status":0}
{"schema":"riley.owned-graph-diagnostic.v1","kind":"projection","capture_id":1,"replay_id":702,"position":65,"layer":0,"projection":"gate","operator":"override","cuda_span_ns":10240.000,"event_status":0,"launch_status":0,"completion_status":0}
{"schema":"riley.owned-graph-diagnostic.v1","kind":"read","capture_id":1,"replay_id":702,"host_read_bytes":98344,"host_read_ns":4608}
{"schema":"riley.owned-graph-diagnostic.v1","kind":"replay","capture_id":1,"replay_id":703,"position":66,"host_staging_bytes":98344,"event_setup_ns":304,"host_staging_ns":1538,"host_launch_ns":6431,"host_wait_ns":3700426,"cuda_graph_span_ns":3704063.892,"event_status":0,"launch_status":0,"completion_status":0}
{"schema":"riley.owned-graph-diagnostic.v1","kind":"projection","capture_id":1,"replay_id":703,"position":66,"layer":0,"projection":"gate","operator":"override","cuda_span_ns":11264.000,"event_status":0,"launch_status":0,"completion_status":0}
{"schema":"riley.owned-graph-diagnostic.v1","kind":"read","capture_id":1,"replay_id":703,"host_read_bytes":98344,"host_read_ns":4672}
{"schema":"riley.owned-graph-diagnostic.v1","kind":"replay","capture_id":1,"replay_id":704,"position":67,"host_staging_bytes":98344,"event_setup_ns":399,"host_staging_ns":1555,"host_launch_ns":7211,"host_wait_ns":3700958,"cuda_graph_span_ns":3705440.044,"event_status":0,"launch_status":0,"completion_status":0}
{"schema":"riley.owned-graph-diagnostic.v1","kind":"projection","capture_id":1,"replay_id":704,"position":67,"layer":0,"projection":"gate","operator":"override","cuda_span_ns":10240.000,"event_status":0,"launch_status":0,"completion_status":0}
{"schema":"riley.owned-graph-diagnostic.v1","kind":"read","capture_id":1,"replay_id":704,"host_read_bytes":98344,"host_read_ns":4412}
{"schema":"riley.owned-graph-diagnostic.v1","kind":"replay","capture_id":1,"replay_id":705,"position":68,"host_staging_bytes":98344,"event_setup_ns":332,"host_staging_ns":1540,"host_launch_ns":6794,"host_wait_ns":3698973,"cuda_graph_span_ns":3702719.927,"event_status":0,"launch_status":0,"completion_status":0}
{"schema":"riley.owned-graph-diagnostic.v1","kind":"projection","capture_id":1,"replay_id":705,"position":68,"layer":0,"projection":"gate","operator":"override","cuda_span_ns":11264.000,"event_status":0,"launch_status":0,"completion_status":0}
{"schema":"riley.owned-graph-diagnostic.v1","kind":"read","capture_id":1,"replay_id":705,"host_read_bytes":98344,"host_read_ns":4853}
{"schema":"riley.owned-graph-diagnostic.v1","kind":"replay","capture_id":1,"replay_id":706,"position":69,"host_staging_bytes":98344,"event_setup_ns":365,"host_staging_ns":1538,"host_launch_ns":7111,"host_wait_ns":3701756,"cuda_graph_span_ns":3705919.981,"event_status":0,"launch_status":0,"completion_status":0}
{"schema":"riley.owned-graph-diagnostic.v1","kind":"projection","capture_id":1,"replay_id":706,"position":69,"layer":0,"projection":"gate","operator":"override","cuda_span_ns":10240.000,"event_status":0,"launch_status":0,"completion_status":0}
{"schema":"riley.owned-graph-diagnostic.v1","kind":"read","capture_id":1,"replay_id":706,"host_read_bytes":98344,"host_read_ns":4949}
{"schema":"riley.owned-graph-diagnostic.v1","kind":"replay","capture_id":1,"replay_id":707,"position":70,"host_staging_bytes":98344,"event_setup_ns":392,"host_staging_ns":1538,"host_launch_ns":7511,"host_wait_ns":3699356,"cuda_graph_span_ns":3703936.100,"event_status":0,"launch_status":0,"completion_status":0}
{"schema":"riley.owned-graph-diagnostic.v1","kind":"projection","capture_id":1,"replay_id":707,"position":70,"layer":0,"projection":"gate","operator":"override","cuda_span_ns":10240.000,"event_status":0,"launch_status":0,"completion_status":0}
{"schema":"riley.owned-graph-diagnostic.v1","kind":"read","capture_id":1,"replay_id":707,"host_read_bytes":98344,"host_read_ns":4875}
{"schema":"riley.owned-graph-diagnostic.v1","kind":"replay","capture_id":1,"replay_id":708,"position":71,"host_staging_bytes":98344,"event_setup_ns":326,"host_staging_ns":1527,"host_launch_ns":7093,"host_wait_ns":3702953,"cuda_graph_span_ns":3707168.102,"event_status":0,"launch_status":0,"completion_status":0}
{"schema":"riley.owned-graph-diagnostic.v1","kind":"projection","capture_id":1,"replay_id":708,"position":71,"layer":0,"projection":"gate","operator":"override","cuda_span_ns":11264.000,"event_status":0,"launch_status":0,"completion_status":0}
{"schema":"riley.owned-graph-diagnostic.v1","kind":"read","capture_id":1,"replay_id":708,"host_read_bytes":98344,"host_read_ns":4680}
{"schema":"riley.owned-graph-diagnostic.v1","kind":"replay","capture_id":1,"replay_id":709,"position":72,"host_staging_bytes":98344,"event_setup_ns":410,"host_staging_ns":1530,"host_launch_ns":6830,"host_wait_ns":3739817,"cuda_graph_span_ns":3743743.896,"event_status":0,"launch_status":0,"completion_status":0}
{"schema":"riley.owned-graph-diagnostic.v1","kind":"projection","capture_id":1,"replay_id":709,"position":72,"layer":0,"projection":"gate","operator":"override","cuda_span_ns":11264.000,"event_status":0,"launch_status":0,"completion_status":0}
{"schema":"riley.owned-graph-diagnostic.v1","kind":"read","capture_id":1,"replay_id":709,"host_read_bytes":98344,"host_read_ns":4983}
{"schema":"riley.owned-graph-diagnostic.v1","kind":"replay","capture_id":1,"replay_id":710,"position":73,"host_staging_bytes":98344,"event_setup_ns":319,"host_staging_ns":1536,"host_launch_ns":6889,"host_wait_ns":3773417,"cuda_graph_span_ns":3777535.915,"event_status":0,"launch_status":0,"completion_status":0}
{"schema":"riley.owned-graph-diagnostic.v1","kind":"projection","capture_id":1,"replay_id":710,"position":73,"layer":0,"projection":"gate","operator":"override","cuda_span_ns":11264.000,"event_status":0,"launch_status":0,"completion_status":0}
{"schema":"riley.owned-graph-diagnostic.v1","kind":"read","capture_id":1,"replay_id":710,"host_read_bytes":98344,"host_read_ns":4352}
{"schema":"riley.owned-graph-diagnostic.v1","kind":"replay","capture_id":1,"replay_id":711,"position":74,"host_staging_bytes":98344,"event_setup_ns":333,"host_staging_ns":1539,"host_launch_ns":6989,"host_wait_ns":3780863,"cuda_graph_span_ns":3785151.958,"event_status":0,"launch_status":0,"completion_status":0}
{"schema":"riley.owned-graph-diagnostic.v1","kind":"projection","capture_id":1,"replay_id":711,"position":74,"layer":0,"projection":"gate","operator":"override","cuda_span_ns":10240.000,"event_status":0,"launch_status":0,"completion_status":0}
{"schema":"riley.owned-graph-diagnostic.v1","kind":"read","capture_id":1,"replay_id":711,"host_read_bytes":98344,"host_read_ns":4438}
{"schema":"riley.owned-graph-diagnostic.v1","kind":"replay","capture_id":1,"replay_id":712,"position":75,"host_staging_bytes":98344,"event_setup_ns":305,"host_staging_ns":1539,"host_launch_ns":6976,"host_wait_ns":3782114,"cuda_graph_span_ns":3786272.049,"event_status":0,"launch_status":0,"completion_status":0}
{"schema":"riley.owned-graph-diagnostic.v1","kind":"projection","capture_id":1,"replay_id":712,"position":75,"layer":0,"projection":"gate","operator":"override","cuda_span_ns":11264.000,"event_status":0,"launch_status":0,"completion_status":0}
{"schema":"riley.owned-graph-diagnostic.v1","kind":"read","capture_id":1,"replay_id":712,"host_read_bytes":98344,"host_read_ns":4427}
{"schema":"riley.owned-graph-diagnostic.v1","kind":"replay","capture_id":1,"replay_id":713,"position":76,"host_staging_bytes":98344,"event_setup_ns":435,"host_staging_ns":1531,"host_launch_ns":6686,"host_wait_ns":3790901,"cuda_graph_span_ns":3794912.100,"event_status":0,"launch_status":0,"completion_status":0}
{"schema":"riley.owned-graph-diagnostic.v1","kind":"projection","capture_id":1,"replay_id":713,"position":76,"layer":0,"projection":"gate","operator":"override","cuda_span_ns":10240.000,"event_status":0,"launch_status":0,"completion_status":0}
{"schema":"riley.owned-graph-diagnostic.v1","kind":"read","capture_id":1,"replay_id":713,"host_read_bytes":98344,"host_read_ns":4453}
{"schema":"riley.owned-graph-diagnostic.v1","kind":"replay","capture_id":1,"replay_id":714,"position":77,"host_staging_bytes":98344,"event_setup_ns":331,"host_staging_ns":1524,"host_launch_ns":7341,"host_wait_ns":3789248,"cuda_graph_span_ns":3793728.113,"event_status":0,"launch_status":0,"completion_status":0}
{"schema":"riley.owned-graph-diagnostic.v1","kind":"projection","capture_id":1,"replay_id":714,"position":77,"layer":0,"projection":"gate","operator":"override","cuda_span_ns":11264.000,"event_status":0,"launch_status":0,"completion_status":0}
{"schema":"riley.owned-graph-diagnostic.v1","kind":"read","capture_id":1,"replay_id":714,"host_read_bytes":98344,"host_read_ns":4780}
{"schema":"riley.owned-graph-diagnostic.v1","kind":"replay","capture_id":1,"replay_id":715,"position":78,"host_staging_bytes":98344,"event_setup_ns":322,"host_staging_ns":1514,"host_launch_ns":6944,"host_wait_ns":3779031,"cuda_graph_span_ns":3783360.004,"event_status":0,"launch_status":0,"completion_status":0}
{"schema":"riley.owned-graph-diagnostic.v1","kind":"projection","capture_id":1,"replay_id":715,"position":78,"layer":0,"projection":"gate","operator":"override","cuda_span_ns":11264.000,"event_status":0,"launch_status":0,"completion_status":0}
{"schema":"riley.owned-graph-diagnostic.v1","kind":"read","capture_id":1,"replay_id":715,"host_read_bytes":98344,"host_read_ns":4324}
{"schema":"riley.owned-graph-diagnostic.v1","kind":"replay","capture_id":1,"replay_id":716,"position":79,"host_staging_bytes":98344,"event_setup_ns":368,"host_staging_ns":1523,"host_launch_ns":6641,"host_wait_ns":3781792,"cuda_graph_span_ns":3785408.020,"event_status":0,"launch_status":0,"completion_status":0}
{"schema":"riley.owned-graph-diagnostic.v1","kind":"projection","capture_id":1,"replay_id":716,"position":79,"layer":0,"projection":"gate","operator":"override","cuda_span_ns":10240.000,"event_status":0,"launch_status":0,"completion_status":0}
{"schema":"riley.owned-graph-diagnostic.v1","kind":"read","capture_id":1,"replay_id":716,"host_read_bytes":98344,"host_read_ns":4469}
{"schema":"riley.owned-graph-diagnostic.v1","kind":"replay","capture_id":1,"replay_id":717,"position":80,"host_staging_bytes":98344,"event_setup_ns":396,"host_staging_ns":1527,"host_launch_ns":7258,"host_wait_ns":3840697,"cuda_graph_span_ns":3845119.953,"event_status":0,"launch_status":0,"completion_status":0}
{"schema":"riley.owned-graph-diagnostic.v1","kind":"projection","capture_id":1,"replay_id":717,"position":80,"layer":0,"projection":"gate","operator":"override","cuda_span_ns":10240.000,"event_status":0,"launch_status":0,"completion_status":0}
{"schema":"riley.owned-graph-diagnostic.v1","kind":"read","capture_id":1,"replay_id":717,"host_read_bytes":98344,"host_read_ns":4753}
{"schema":"riley.owned-graph-diagnostic.v1","kind":"replay","capture_id":1,"replay_id":718,"position":81,"host_staging_bytes":98344,"event_setup_ns":600,"host_staging_ns":1583,"host_launch_ns":7156,"host_wait_ns":3881957,"cuda_graph_span_ns":3886399.984,"event_status":0,"launch_status":0,"completion_status":0}
{"schema":"riley.owned-graph-diagnostic.v1","kind":"projection","capture_id":1,"replay_id":718,"position":81,"layer":0,"projection":"gate","operator":"override","cuda_span_ns":10240.000,"event_status":0,"launch_status":0,"completion_status":0}
{"schema":"riley.owned-graph-diagnostic.v1","kind":"read","capture_id":1,"replay_id":718,"host_read_bytes":98344,"host_read_ns":5005}
{"schema":"riley.owned-graph-diagnostic.v1","kind":"replay","capture_id":1,"replay_id":719,"position":82,"host_staging_bytes":98344,"event_setup_ns":509,"host_staging_ns":1546,"host_launch_ns":7079,"host_wait_ns":3887825,"cuda_graph_span_ns":3892127.991,"event_status":0,"launch_status":0,"completion_status":0}
{"schema":"riley.owned-graph-diagnostic.v1","kind":"projection","capture_id":1,"replay_id":719,"position":82,"layer":0,"projection":"gate","operator":"override","cuda_span_ns":10240.000,"event_status":0,"launch_status":0,"completion_status":0}
{"schema":"riley.owned-graph-diagnostic.v1","kind":"read","capture_id":1,"replay_id":719,"host_read_bytes":98344,"host_read_ns":4782}
{"schema":"riley.owned-graph-diagnostic.v1","kind":"replay","capture_id":1,"replay_id":720,"position":83,"host_staging_bytes":98344,"event_setup_ns":842,"host_staging_ns":1572,"host_launch_ns":7444,"host_wait_ns":3891342,"cuda_graph_span_ns":3895807.981,"event_status":0,"launch_status":0,"completion_status":0}
{"schema":"riley.owned-graph-diagnostic.v1","kind":"projection","capture_id":1,"replay_id":720,"position":83,"layer":0,"projection":"gate","operator":"override","cuda_span_ns":10240.000,"event_status":0,"launch_status":0,"completion_status":0}
{"schema":"riley.owned-graph-diagnostic.v1","kind":"read","capture_id":1,"replay_id":720,"host_read_bytes":98344,"host_read_ns":4546}
{"schema":"riley.owned-graph-diagnostic.v1","kind":"replay","capture_id":1,"replay_id":721,"position":84,"host_staging_bytes":98344,"event_setup_ns":550,"host_staging_ns":1560,"host_launch_ns":7234,"host_wait_ns":3886570,"cuda_graph_span_ns":3891135.931,"event_status":0,"launch_status":0,"completion_status":0}
{"schema":"riley.owned-graph-diagnostic.v1","kind":"projection","capture_id":1,"replay_id":721,"position":84,"layer":0,"projection":"gate","operator":"override","cuda_span_ns":11264.000,"event_status":0,"launch_status":0,"completion_status":0}
{"schema":"riley.owned-graph-diagnostic.v1","kind":"read","capture_id":1,"replay_id":721,"host_read_bytes":98344,"host_read_ns":4628}
{"schema":"riley.owned-graph-diagnostic.v1","kind":"replay","capture_id":1,"replay_id":722,"position":85,"host_staging_bytes":98344,"event_setup_ns":379,"host_staging_ns":1518,"host_launch_ns":6963,"host_wait_ns":3884476,"cuda_graph_span_ns":3888607.979,"event_status":0,"launch_status":0,"completion_status":0}
{"schema":"riley.owned-graph-diagnostic.v1","kind":"projection","capture_id":1,"replay_id":722,"position":85,"layer":0,"projection":"gate","operator":"override","cuda_span_ns":11264.000,"event_status":0,"launch_status":0,"completion_status":0}
{"schema":"riley.owned-graph-diagnostic.v1","kind":"read","capture_id":1,"replay_id":722,"host_read_bytes":98344,"host_read_ns":4479}
{"schema":"riley.owned-graph-diagnostic.v1","kind":"replay","capture_id":1,"replay_id":723,"position":86,"host_staging_bytes":98344,"event_setup_ns":308,"host_staging_ns":1532,"host_launch_ns":6674,"host_wait_ns":3887412,"cuda_graph_span_ns":3890975.952,"event_status":0,"launch_status":0,"completion_status":0}
{"schema":"riley.owned-graph-diagnostic.v1","kind":"projection","capture_id":1,"replay_id":723,"position":86,"layer":0,"projection":"gate","operator":"override","cuda_span_ns":11264.000,"event_status":0,"launch_status":0,"completion_status":0}
{"schema":"riley.owned-graph-diagnostic.v1","kind":"read","capture_id":1,"replay_id":723,"host_read_bytes":98344,"host_read_ns":4703}
{"schema":"riley.owned-graph-diagnostic.v1","kind":"replay","capture_id":1,"replay_id":724,"position":87,"host_staging_bytes":98344,"event_setup_ns":509,"host_staging_ns":1611,"host_launch_ns":8112,"host_wait_ns":3880762,"cuda_graph_span_ns":3886143.923,"event_status":0,"launch_status":0,"completion_status":0}
{"schema":"riley.owned-graph-diagnostic.v1","kind":"projection","capture_id":1,"replay_id":724,"position":87,"layer":0,"projection":"gate","operator":"override","cuda_span_ns":10240.000,"event_status":0,"launch_status":0,"completion_status":0}
{"schema":"riley.owned-graph-diagnostic.v1","kind":"read","capture_id":1,"replay_id":724,"host_read_bytes":98344,"host_read_ns":4916}
{"schema":"riley.owned-graph-diagnostic.v1","kind":"replay","capture_id":1,"replay_id":725,"position":88,"host_staging_bytes":98344,"event_setup_ns":659,"host_staging_ns":1660,"host_launch_ns":8488,"host_wait_ns":3932225,"cuda_graph_span_ns":3937792.063,"event_status":0,"launch_status":0,"completion_status":0}
{"schema":"riley.owned-graph-diagnostic.v1","kind":"projection","capture_id":1,"replay_id":725,"position":88,"layer":0,"projection":"gate","operator":"override","cuda_span_ns":11264.000,"event_status":0,"launch_status":0,"completion_status":0}
{"schema":"riley.owned-graph-diagnostic.v1","kind":"read","capture_id":1,"replay_id":725,"host_read_bytes":98344,"host_read_ns":4448}
{"schema":"riley.owned-graph-diagnostic.v1","kind":"replay","capture_id":1,"replay_id":726,"position":89,"host_staging_bytes":98344,"event_setup_ns":511,"host_staging_ns":1576,"host_launch_ns":10416,"host_wait_ns":3958280,"cuda_graph_span_ns":3965856.075,"event_status":0,"launch_status":0,"completion_status":0}
{"schema":"riley.owned-graph-diagnostic.v1","kind":"projection","capture_id":1,"replay_id":726,"position":89,"layer":0,"projection":"gate","operator":"override","cuda_span_ns":10240.000,"event_status":0,"launch_status":0,"completion_status":0}
{"schema":"riley.owned-graph-diagnostic.v1","kind":"read","capture_id":1,"replay_id":726,"host_read_bytes":98344,"host_read_ns":4894}
{"schema":"riley.owned-graph-diagnostic.v1","kind":"replay","capture_id":1,"replay_id":727,"position":90,"host_staging_bytes":98344,"event_setup_ns":525,"host_staging_ns":1643,"host_launch_ns":7645,"host_wait_ns":3970567,"cuda_graph_span_ns":3975264.072,"event_status":0,"launch_status":0,"completion_status":0}
{"schema":"riley.owned-graph-diagnostic.v1","kind":"projection","capture_id":1,"replay_id":727,"position":90,"layer":0,"projection":"gate","operator":"override","cuda_span_ns":11264.000,"event_status":0,"launch_status":0,"completion_status":0}
{"schema":"riley.owned-graph-diagnostic.v1","kind":"read","capture_id":1,"replay_id":727,"host_read_bytes":98344,"host_read_ns":4401}
{"schema":"riley.owned-graph-diagnostic.v1","kind":"replay","capture_id":1,"replay_id":728,"position":91,"host_staging_bytes":98344,"event_setup_ns":543,"host_staging_ns":1553,"host_launch_ns":7303,"host_wait_ns":3970947,"cuda_graph_span_ns":3974976.063,"event_status":0,"launch_status":0,"completion_status":0}
{"schema":"riley.owned-graph-diagnostic.v1","kind":"projection","capture_id":1,"replay_id":728,"position":91,"layer":0,"projection":"gate","operator":"override","cuda_span_ns":10240.000,"event_status":0,"launch_status":0,"completion_status":0}
{"schema":"riley.owned-graph-diagnostic.v1","kind":"read","capture_id":1,"replay_id":728,"host_read_bytes":98344,"host_read_ns":4335}
{"schema":"riley.owned-graph-diagnostic.v1","kind":"replay","capture_id":1,"replay_id":729,"position":92,"host_staging_bytes":98344,"event_setup_ns":579,"host_staging_ns":1576,"host_launch_ns":8068,"host_wait_ns":3967605,"cuda_graph_span_ns":3972703.934,"event_status":0,"launch_status":0,"completion_status":0}
{"schema":"riley.owned-graph-diagnostic.v1","kind":"projection","capture_id":1,"replay_id":729,"position":92,"layer":0,"projection":"gate","operator":"override","cuda_span_ns":10240.000,"event_status":0,"launch_status":0,"completion_status":0}
{"schema":"riley.owned-graph-diagnostic.v1","kind":"read","capture_id":1,"replay_id":729,"host_read_bytes":98344,"host_read_ns":5156}
{"schema":"riley.owned-graph-diagnostic.v1","kind":"replay","capture_id":1,"replay_id":730,"position":93,"host_staging_bytes":98344,"event_setup_ns":439,"host_staging_ns":1616,"host_launch_ns":7725,"host_wait_ns":3968966,"cuda_graph_span_ns":3973952.055,"event_status":0,"launch_status":0,"completion_status":0}
{"schema":"riley.owned-graph-diagnostic.v1","kind":"projection","capture_id":1,"replay_id":730,"position":93,"layer":0,"projection":"gate","operator":"override","cuda_span_ns":10240.000,"event_status":0,"launch_status":0,"completion_status":0}
{"schema":"riley.owned-graph-diagnostic.v1","kind":"read","capture_id":1,"replay_id":730,"host_read_bytes":98344,"host_read_ns":4911}
{"schema":"riley.owned-graph-diagnostic.v1","kind":"replay","capture_id":1,"replay_id":731,"position":94,"host_staging_bytes":98344,"event_setup_ns":391,"host_staging_ns":1553,"host_launch_ns":7050,"host_wait_ns":3969398,"cuda_graph_span_ns":3973472.118,"event_status":0,"launch_status":0,"completion_status":0}
{"schema":"riley.owned-graph-diagnostic.v1","kind":"projection","capture_id":1,"replay_id":731,"position":94,"layer":0,"projection":"gate","operator":"override","cuda_span_ns":11264.000,"event_status":0,"launch_status":0,"completion_status":0}
{"schema":"riley.owned-graph-diagnostic.v1","kind":"read","capture_id":1,"replay_id":731,"host_read_bytes":98344,"host_read_ns":5169}
{"schema":"riley.owned-graph-diagnostic.v1","kind":"replay","capture_id":1,"replay_id":732,"position":95,"host_staging_bytes":98344,"event_setup_ns":508,"host_staging_ns":1571,"host_launch_ns":8218,"host_wait_ns":3977748,"cuda_graph_span_ns":3983200.073,"event_status":0,"launch_status":0,"completion_status":0}
{"schema":"riley.owned-graph-diagnostic.v1","kind":"projection","capture_id":1,"replay_id":732,"position":95,"layer":0,"projection":"gate","operator":"override","cuda_span_ns":11264.000,"event_status":0,"launch_status":0,"completion_status":0}
{"schema":"riley.owned-graph-diagnostic.v1","kind":"read","capture_id":1,"replay_id":732,"host_read_bytes":98344,"host_read_ns":4687}
{"schema":"riley.owned-graph-diagnostic.v1","kind":"replay","capture_id":1,"replay_id":733,"position":96,"host_staging_bytes":98344,"event_setup_ns":662,"host_staging_ns":1559,"host_launch_ns":9283,"host_wait_ns":4031032,"cuda_graph_span_ns":4037407.875,"event_status":0,"launch_status":0,"completion_status":0}
{"schema":"riley.owned-graph-diagnostic.v1","kind":"projection","capture_id":1,"replay_id":733,"position":96,"layer":0,"projection":"gate","operator":"override","cuda_span_ns":10240.000,"event_status":0,"launch_status":0,"completion_status":0}
{"schema":"riley.owned-graph-diagnostic.v1","kind":"read","capture_id":1,"replay_id":733,"host_read_bytes":98344,"host_read_ns":4233}
{"schema":"riley.owned-graph-diagnostic.v1","kind":"replay","capture_id":1,"replay_id":734,"position":97,"host_staging_bytes":98344,"event_setup_ns":315,"host_staging_ns":1633,"host_launch_ns":7631,"host_wait_ns":4076849,"cuda_graph_span_ns":4081727.982,"event_status":0,"launch_status":0,"completion_status":0}
{"schema":"riley.owned-graph-diagnostic.v1","kind":"projection","capture_id":1,"replay_id":734,"position":97,"layer":0,"projection":"gate","operator":"override","cuda_span_ns":10240.000,"event_status":0,"launch_status":0,"completion_status":0}
{"schema":"riley.owned-graph-diagnostic.v1","kind":"read","capture_id":1,"replay_id":734,"host_read_bytes":98344,"host_read_ns":4344}
{"schema":"riley.owned-graph-diagnostic.v1","kind":"replay","capture_id":1,"replay_id":735,"position":98,"host_staging_bytes":98344,"event_setup_ns":373,"host_staging_ns":1554,"host_launch_ns":7313,"host_wait_ns":4080584,"cuda_graph_span_ns":4085120.201,"event_status":0,"launch_status":0,"completion_status":0}
{"schema":"riley.owned-graph-diagnostic.v1","kind":"projection","capture_id":1,"replay_id":735,"position":98,"layer":0,"projection":"gate","operator":"override","cuda_span_ns":10240.000,"event_status":0,"launch_status":0,"completion_status":0}
{"schema":"riley.owned-graph-diagnostic.v1","kind":"read","capture_id":1,"replay_id":735,"host_read_bytes":98344,"host_read_ns":4980}
{"schema":"riley.owned-graph-diagnostic.v1","kind":"replay","capture_id":1,"replay_id":736,"position":99,"host_staging_bytes":98344,"event_setup_ns":606,"host_staging_ns":1568,"host_launch_ns":7028,"host_wait_ns":4076940,"cuda_graph_span_ns":4081312.180,"event_status":0,"launch_status":0,"completion_status":0}
{"schema":"riley.owned-graph-diagnostic.v1","kind":"projection","capture_id":1,"replay_id":736,"position":99,"layer":0,"projection":"gate","operator":"override","cuda_span_ns":10240.000,"event_status":0,"launch_status":0,"completion_status":0}
{"schema":"riley.owned-graph-diagnostic.v1","kind":"read","capture_id":1,"replay_id":736,"host_read_bytes":98344,"host_read_ns":4755}
{"schema":"riley.owned-graph-diagnostic.v1","kind":"replay","capture_id":1,"replay_id":737,"position":100,"host_staging_bytes":98344,"event_setup_ns":628,"host_staging_ns":1557,"host_launch_ns":7638,"host_wait_ns":4075481,"cuda_graph_span_ns":4080512.047,"event_status":0,"launch_status":0,"completion_status":0}
{"schema":"riley.owned-graph-diagnostic.v1","kind":"projection","capture_id":1,"replay_id":737,"position":100,"layer":0,"projection":"gate","operator":"override","cuda_span_ns":10240.000,"event_status":0,"launch_status":0,"completion_status":0}
{"schema":"riley.owned-graph-diagnostic.v1","kind":"read","capture_id":1,"replay_id":737,"host_read_bytes":98344,"host_read_ns":4861}
{"schema":"riley.owned-graph-diagnostic.v1","kind":"replay","capture_id":1,"replay_id":738,"position":101,"host_staging_bytes":98344,"event_setup_ns":593,"host_staging_ns":1546,"host_launch_ns":7323,"host_wait_ns":4085105,"cuda_graph_span_ns":4089503.765,"event_status":0,"launch_status":0,"completion_status":0}
{"schema":"riley.owned-graph-diagnostic.v1","kind":"projection","capture_id":1,"replay_id":738,"position":101,"layer":0,"projection":"gate","operator":"override","cuda_span_ns":10240.000,"event_status":0,"launch_status":0,"completion_status":0}
{"schema":"riley.owned-graph-diagnostic.v1","kind":"read","capture_id":1,"replay_id":738,"host_read_bytes":98344,"host_read_ns":4967}
{"schema":"riley.owned-graph-diagnostic.v1","kind":"replay","capture_id":1,"replay_id":739,"position":102,"host_staging_bytes":98344,"event_setup_ns":733,"host_staging_ns":1588,"host_launch_ns":7718,"host_wait_ns":4076837,"cuda_graph_span_ns":4081503.868,"event_status":0,"launch_status":0,"completion_status":0}
{"schema":"riley.owned-graph-diagnostic.v1","kind":"projection","capture_id":1,"replay_id":739,"position":102,"layer":0,"projection":"gate","operator":"override","cuda_span_ns":11264.000,"event_status":0,"launch_status":0,"completion_status":0}
{"schema":"riley.owned-graph-diagnostic.v1","kind":"read","capture_id":1,"replay_id":739,"host_read_bytes":98344,"host_read_ns":4555}
{"schema":"riley.owned-graph-diagnostic.v1","kind":"replay","capture_id":1,"replay_id":740,"position":103,"host_staging_bytes":98344,"event_setup_ns":436,"host_staging_ns":1614,"host_launch_ns":7363,"host_wait_ns":4076464,"cuda_graph_span_ns":4080895.901,"event_status":0,"launch_status":0,"completion_status":0}
{"schema":"riley.owned-graph-diagnostic.v1","kind":"projection","capture_id":1,"replay_id":740,"position":103,"layer":0,"projection":"gate","operator":"override","cuda_span_ns":10240.000,"event_status":0,"launch_status":0,"completion_status":0}
{"schema":"riley.owned-graph-diagnostic.v1","kind":"read","capture_id":1,"replay_id":740,"host_read_bytes":98344,"host_read_ns":4365}
{"schema":"riley.owned-graph-diagnostic.v1","kind":"replay","capture_id":1,"replay_id":741,"position":104,"host_staging_bytes":98344,"event_setup_ns":505,"host_staging_ns":1637,"host_launch_ns":7369,"host_wait_ns":4110758,"cuda_graph_span_ns":4115456.104,"event_status":0,"launch_status":0,"completion_status":0}
{"schema":"riley.owned-graph-diagnostic.v1","kind":"projection","capture_id":1,"replay_id":741,"position":104,"layer":0,"projection":"gate","operator":"override","cuda_span_ns":11264.000,"event_status":0,"launch_status":0,"completion_status":0}
{"schema":"riley.owned-graph-diagnostic.v1","kind":"read","capture_id":1,"replay_id":741,"host_read_bytes":98344,"host_read_ns":4798}
{"schema":"riley.owned-graph-diagnostic.v1","kind":"replay","capture_id":1,"replay_id":742,"position":105,"host_staging_bytes":98344,"event_setup_ns":461,"host_staging_ns":1556,"host_launch_ns":7853,"host_wait_ns":4153184,"cuda_graph_span_ns":4158080.101,"event_status":0,"launch_status":0,"completion_status":0}
{"schema":"riley.owned-graph-diagnostic.v1","kind":"projection","capture_id":1,"replay_id":742,"position":105,"layer":0,"projection":"gate","operator":"override","cuda_span_ns":10240.000,"event_status":0,"launch_status":0,"completion_status":0}
{"schema":"riley.owned-graph-diagnostic.v1","kind":"read","capture_id":1,"replay_id":742,"host_read_bytes":98344,"host_read_ns":5220}
{"schema":"riley.owned-graph-diagnostic.v1","kind":"replay","capture_id":1,"replay_id":743,"position":106,"host_staging_bytes":98344,"event_setup_ns":634,"host_staging_ns":1592,"host_launch_ns":6992,"host_wait_ns":4157730,"cuda_graph_span_ns":4162047.863,"event_status":0,"launch_status":0,"completion_status":0}
{"schema":"riley.owned-graph-diagnostic.v1","kind":"projection","capture_id":1,"replay_id":743,"position":106,"layer":0,"projection":"gate","operator":"override","cuda_span_ns":10240.000,"event_status":0,"launch_status":0,"completion_status":0}
{"schema":"riley.owned-graph-diagnostic.v1","kind":"read","capture_id":1,"replay_id":743,"host_read_bytes":98344,"host_read_ns":5442}
{"schema":"riley.owned-graph-diagnostic.v1","kind":"replay","capture_id":1,"replay_id":744,"position":107,"host_staging_bytes":98344,"event_setup_ns":510,"host_staging_ns":1606,"host_launch_ns":7717,"host_wait_ns":4161488,"cuda_graph_span_ns":4166079.998,"event_status":0,"launch_status":0,"completion_status":0}
{"schema":"riley.owned-graph-diagnostic.v1","kind":"projection","capture_id":1,"replay_id":744,"position":107,"layer":0,"projection":"gate","operator":"override","cuda_span_ns":11264.000,"event_status":0,"launch_status":0,"completion_status":0}
{"schema":"riley.owned-graph-diagnostic.v1","kind":"read","capture_id":1,"replay_id":744,"host_read_bytes":98344,"host_read_ns":4779}
{"schema":"riley.owned-graph-diagnostic.v1","kind":"replay","capture_id":1,"replay_id":745,"position":108,"host_staging_bytes":98344,"event_setup_ns":521,"host_staging_ns":1575,"host_launch_ns":7521,"host_wait_ns":4161234,"cuda_graph_span_ns":4166175.842,"event_status":0,"launch_status":0,"completion_status":0}
{"schema":"riley.owned-graph-diagnostic.v1","kind":"projection","capture_id":1,"replay_id":745,"position":108,"layer":0,"projection":"gate","operator":"override","cuda_span_ns":11264.000,"event_status":0,"launch_status":0,"completion_status":0}
{"schema":"riley.owned-graph-diagnostic.v1","kind":"read","capture_id":1,"replay_id":745,"host_read_bytes":98344,"host_read_ns":4841}
{"schema":"riley.owned-graph-diagnostic.v1","kind":"replay","capture_id":1,"replay_id":746,"position":109,"host_staging_bytes":98344,"event_setup_ns":387,"host_staging_ns":1564,"host_launch_ns":7880,"host_wait_ns":4167247,"cuda_graph_span_ns":4171999.931,"event_status":0,"launch_status":0,"completion_status":0}
{"schema":"riley.owned-graph-diagnostic.v1","kind":"projection","capture_id":1,"replay_id":746,"position":109,"layer":0,"projection":"gate","operator":"override","cuda_span_ns":10240.000,"event_status":0,"launch_status":0,"completion_status":0}
{"schema":"riley.owned-graph-diagnostic.v1","kind":"read","capture_id":1,"replay_id":746,"host_read_bytes":98344,"host_read_ns":4508}
{"schema":"riley.owned-graph-diagnostic.v1","kind":"replay","capture_id":1,"replay_id":747,"position":110,"host_staging_bytes":98344,"event_setup_ns":468,"host_staging_ns":1613,"host_launch_ns":7684,"host_wait_ns":4159262,"cuda_graph_span_ns":4164063.931,"event_status":0,"launch_status":0,"completion_status":0}
{"schema":"riley.owned-graph-diagnostic.v1","kind":"projection","capture_id":1,"replay_id":747,"position":110,"layer":0,"projection":"gate","operator":"override","cuda_span_ns":10240.000,"event_status":0,"launch_status":0,"completion_status":0}
{"schema":"riley.owned-graph-diagnostic.v1","kind":"read","capture_id":1,"replay_id":747,"host_read_bytes":98344,"host_read_ns":4483}
{"schema":"riley.owned-graph-diagnostic.v1","kind":"replay","capture_id":1,"replay_id":748,"position":111,"host_staging_bytes":98344,"event_setup_ns":538,"host_staging_ns":1570,"host_launch_ns":7770,"host_wait_ns":4165288,"cuda_graph_span_ns":4170271.873,"event_status":0,"launch_status":0,"completion_status":0}
{"schema":"riley.owned-graph-diagnostic.v1","kind":"projection","capture_id":1,"replay_id":748,"position":111,"layer":0,"projection":"gate","operator":"override","cuda_span_ns":10240.000,"event_status":0,"launch_status":0,"completion_status":0}
{"schema":"riley.owned-graph-diagnostic.v1","kind":"read","capture_id":1,"replay_id":748,"host_read_bytes":98344,"host_read_ns":5625}
{"schema":"riley.owned-graph-diagnostic.v1","kind":"replay","capture_id":1,"replay_id":749,"position":112,"host_staging_bytes":98344,"event_setup_ns":634,"host_staging_ns":1556,"host_launch_ns":8122,"host_wait_ns":4222310,"cuda_graph_span_ns":4227744.102,"event_status":0,"launch_status":0,"completion_status":0}
{"schema":"riley.owned-graph-diagnostic.v1","kind":"projection","capture_id":1,"replay_id":749,"position":112,"layer":0,"projection":"gate","operator":"override","cuda_span_ns":11264.000,"event_status":0,"launch_status":0,"completion_status":0}
{"schema":"riley.owned-graph-diagnostic.v1","kind":"read","capture_id":1,"replay_id":749,"host_read_bytes":98344,"host_read_ns":4302}
{"schema":"riley.owned-graph-diagnostic.v1","kind":"replay","capture_id":1,"replay_id":750,"position":113,"host_staging_bytes":98344,"event_setup_ns":385,"host_staging_ns":1550,"host_launch_ns":7195,"host_wait_ns":4258561,"cuda_graph_span_ns":4262176.037,"event_status":0,"launch_status":0,"completion_status":0}
{"schema":"riley.owned-graph-diagnostic.v1","kind":"projection","capture_id":1,"replay_id":750,"position":113,"layer":0,"projection":"gate","operator":"override","cuda_span_ns":11264.000,"event_status":0,"launch_status":0,"completion_status":0}
{"schema":"riley.owned-graph-diagnostic.v1","kind":"read","capture_id":1,"replay_id":750,"host_read_bytes":98344,"host_read_ns":4325}
{"schema":"riley.owned-graph-diagnostic.v1","kind":"replay","capture_id":1,"replay_id":751,"position":114,"host_staging_bytes":98344,"event_setup_ns":451,"host_staging_ns":1570,"host_launch_ns":7345,"host_wait_ns":4264658,"cuda_graph_span_ns":4269087.791,"event_status":0,"launch_status":0,"completion_status":0}
{"schema":"riley.owned-graph-diagnostic.v1","kind":"projection","capture_id":1,"replay_id":751,"position":114,"layer":0,"projection":"gate","operator":"override","cuda_span_ns":10240.000,"event_status":0,"launch_status":0,"completion_status":0}
{"schema":"riley.owned-graph-diagnostic.v1","kind":"read","capture_id":1,"replay_id":751,"host_read_bytes":98344,"host_read_ns":4353}
{"schema":"riley.owned-graph-diagnostic.v1","kind":"replay","capture_id":1,"replay_id":752,"position":115,"host_staging_bytes":98344,"event_setup_ns":307,"host_staging_ns":1541,"host_launch_ns":7254,"host_wait_ns":4274012,"cuda_graph_span_ns":4278336.048,"event_status":0,"launch_status":0,"completion_status":0}
{"schema":"riley.owned-graph-diagnostic.v1","kind":"projection","capture_id":1,"replay_id":752,"position":115,"layer":0,"projection":"gate","operator":"override","cuda_span_ns":10240.000,"event_status":0,"launch_status":0,"completion_status":0}
{"schema":"riley.owned-graph-diagnostic.v1","kind":"read","capture_id":1,"replay_id":752,"host_read_bytes":98344,"host_read_ns":4313}
{"schema":"riley.owned-graph-diagnostic.v1","kind":"replay","capture_id":1,"replay_id":753,"position":116,"host_staging_bytes":98344,"event_setup_ns":373,"host_staging_ns":1549,"host_launch_ns":6800,"host_wait_ns":4267304,"cuda_graph_span_ns":4271200.180,"event_status":0,"launch_status":0,"completion_status":0}
{"schema":"riley.owned-graph-diagnostic.v1","kind":"projection","capture_id":1,"replay_id":753,"position":116,"layer":0,"projection":"gate","operator":"override","cuda_span_ns":10240.000,"event_status":0,"launch_status":0,"completion_status":0}
{"schema":"riley.owned-graph-diagnostic.v1","kind":"read","capture_id":1,"replay_id":753,"host_read_bytes":98344,"host_read_ns":4896}
{"schema":"riley.owned-graph-diagnostic.v1","kind":"replay","capture_id":1,"replay_id":754,"position":117,"host_staging_bytes":98344,"event_setup_ns":330,"host_staging_ns":1540,"host_launch_ns":7058,"host_wait_ns":4272334,"cuda_graph_span_ns":4276607.990,"event_status":0,"launch_status":0,"completion_status":0}
{"schema":"riley.owned-graph-diagnostic.v1","kind":"projection","capture_id":1,"replay_id":754,"position":117,"layer":0,"projection":"gate","operator":"override","cuda_span_ns":10240.000,"event_status":0,"launch_status":0,"completion_status":0}
{"schema":"riley.owned-graph-diagnostic.v1","kind":"read","capture_id":1,"replay_id":754,"host_read_bytes":98344,"host_read_ns":4423}
{"schema":"riley.owned-graph-diagnostic.v1","kind":"replay","capture_id":1,"replay_id":755,"position":118,"host_staging_bytes":98344,"event_setup_ns":448,"host_staging_ns":1543,"host_launch_ns":7094,"host_wait_ns":4271753,"cuda_graph_span_ns":4275904.179,"event_status":0,"launch_status":0,"completion_status":0}
{"schema":"riley.owned-graph-diagnostic.v1","kind":"projection","capture_id":1,"replay_id":755,"position":118,"layer":0,"projection":"gate","operator":"override","cuda_span_ns":10240.000,"event_status":0,"launch_status":0,"completion_status":0}
{"schema":"riley.owned-graph-diagnostic.v1","kind":"read","capture_id":1,"replay_id":755,"host_read_bytes":98344,"host_read_ns":4361}
{"schema":"riley.owned-graph-diagnostic.v1","kind":"replay","capture_id":1,"replay_id":756,"position":119,"host_staging_bytes":98344,"event_setup_ns":410,"host_staging_ns":1548,"host_launch_ns":6805,"host_wait_ns":4264205,"cuda_graph_span_ns":4267936.230,"event_status":0,"launch_status":0,"completion_status":0}
{"schema":"riley.owned-graph-diagnostic.v1","kind":"projection","capture_id":1,"replay_id":756,"position":119,"layer":0,"projection":"gate","operator":"override","cuda_span_ns":10240.000,"event_status":0,"launch_status":0,"completion_status":0}
{"schema":"riley.owned-graph-diagnostic.v1","kind":"read","capture_id":1,"replay_id":756,"host_read_bytes":98344,"host_read_ns":4221}
{"schema":"riley.owned-graph-diagnostic.v1","kind":"replay","capture_id":1,"replay_id":757,"position":120,"host_staging_bytes":98344,"event_setup_ns":332,"host_staging_ns":1515,"host_launch_ns":7119,"host_wait_ns":4313533,"cuda_graph_span_ns":4317759.991,"event_status":0,"launch_status":0,"completion_status":0}
{"schema":"riley.owned-graph-diagnostic.v1","kind":"projection","capture_id":1,"replay_id":757,"position":120,"layer":0,"projection":"gate","operator":"override","cuda_span_ns":10240.000,"event_status":0,"launch_status":0,"completion_status":0}
{"schema":"riley.owned-graph-diagnostic.v1","kind":"read","capture_id":1,"replay_id":757,"host_read_bytes":98344,"host_read_ns":4838}
{"schema":"riley.owned-graph-diagnostic.v1","kind":"replay","capture_id":1,"replay_id":758,"position":121,"host_staging_bytes":98344,"event_setup_ns":432,"host_staging_ns":1533,"host_launch_ns":7584,"host_wait_ns":4348146,"cuda_graph_span_ns":4351168.156,"event_status":0,"launch_status":0,"completion_status":0}
{"schema":"riley.owned-graph-diagnostic.v1","kind":"projection","capture_id":1,"replay_id":758,"position":121,"layer":0,"projection":"gate","operator":"override","cuda_span_ns":10240.000,"event_status":0,"launch_status":0,"completion_status":0}
{"schema":"riley.owned-graph-diagnostic.v1","kind":"read","capture_id":1,"replay_id":758,"host_read_bytes":98344,"host_read_ns":5275}
{"schema":"riley.owned-graph-diagnostic.v1","kind":"replay","capture_id":1,"replay_id":759,"position":122,"host_staging_bytes":98344,"event_setup_ns":1641,"host_staging_ns":2000,"host_launch_ns":15723,"host_wait_ns":4352912,"cuda_graph_span_ns":4366399.765,"event_status":0,"launch_status":0,"completion_status":0}
{"schema":"riley.owned-graph-diagnostic.v1","kind":"projection","capture_id":1,"replay_id":759,"position":122,"layer":0,"projection":"gate","operator":"override","cuda_span_ns":10240.000,"event_status":0,"launch_status":0,"completion_status":0}
{"schema":"riley.owned-graph-diagnostic.v1","kind":"read","capture_id":1,"replay_id":759,"host_read_bytes":98344,"host_read_ns":4834}
{"schema":"riley.owned-graph-diagnostic.v1","kind":"replay","capture_id":1,"replay_id":760,"position":123,"host_staging_bytes":98344,"event_setup_ns":431,"host_staging_ns":1520,"host_launch_ns":7479,"host_wait_ns":4363597,"cuda_graph_span_ns":4368351.936,"event_status":0,"launch_status":0,"completion_status":0}
{"schema":"riley.owned-graph-diagnostic.v1","kind":"projection","capture_id":1,"replay_id":760,"position":123,"layer":0,"projection":"gate","operator":"override","cuda_span_ns":10240.000,"event_status":0,"launch_status":0,"completion_status":0}
{"schema":"riley.owned-graph-diagnostic.v1","kind":"read","capture_id":1,"replay_id":760,"host_read_bytes":98344,"host_read_ns":4496}
{"schema":"riley.owned-graph-diagnostic.v1","kind":"replay","capture_id":1,"replay_id":761,"position":124,"host_staging_bytes":98344,"event_setup_ns":350,"host_staging_ns":1526,"host_launch_ns":6970,"host_wait_ns":4355443,"cuda_graph_span_ns":4359712.124,"event_status":0,"launch_status":0,"completion_status":0}
{"schema":"riley.owned-graph-diagnostic.v1","kind":"projection","capture_id":1,"replay_id":761,"position":124,"layer":0,"projection":"gate","operator":"override","cuda_span_ns":11264.000,"event_status":0,"launch_status":0,"completion_status":0}
{"schema":"riley.owned-graph-diagnostic.v1","kind":"read","capture_id":1,"replay_id":761,"host_read_bytes":98344,"host_read_ns":4592}
{"schema":"riley.owned-graph-diagnostic.v1","kind":"replay","capture_id":1,"replay_id":762,"position":125,"host_staging_bytes":98344,"event_setup_ns":386,"host_staging_ns":1514,"host_launch_ns":6837,"host_wait_ns":4361863,"cuda_graph_span_ns":4366047.859,"event_status":0,"launch_status":0,"completion_status":0}
{"schema":"riley.owned-graph-diagnostic.v1","kind":"projection","capture_id":1,"replay_id":762,"position":125,"layer":0,"projection":"gate","operator":"override","cuda_span_ns":11264.000,"event_status":0,"launch_status":0,"completion_status":0}
{"schema":"riley.owned-graph-diagnostic.v1","kind":"read","capture_id":1,"replay_id":762,"host_read_bytes":98344,"host_read_ns":4655}
{"schema":"riley.owned-graph-diagnostic.v1","kind":"replay","capture_id":1,"replay_id":763,"position":126,"host_staging_bytes":98344,"event_setup_ns":358,"host_staging_ns":1510,"host_launch_ns":6608,"host_wait_ns":4363473,"cuda_graph_span_ns":4367136.002,"event_status":0,"launch_status":0,"completion_status":0}
{"schema":"riley.owned-graph-diagnostic.v1","kind":"projection","capture_id":1,"replay_id":763,"position":126,"layer":0,"projection":"gate","operator":"override","cuda_span_ns":10240.000,"event_status":0,"launch_status":0,"completion_status":0}
{"schema":"riley.owned-graph-diagnostic.v1","kind":"read","capture_id":1,"replay_id":763,"host_read_bytes":98344,"host_read_ns":5033}
{"schema":"riley.owned-graph-diagnostic.v1","kind":"replay","capture_id":1,"replay_id":764,"position":127,"host_staging_bytes":98344,"event_setup_ns":406,"host_staging_ns":1516,"host_launch_ns":7060,"host_wait_ns":4355603,"cuda_graph_span_ns":4359936.237,"event_status":0,"launch_status":0,"completion_status":0}
{"schema":"riley.owned-graph-diagnostic.v1","kind":"projection","capture_id":1,"replay_id":764,"position":127,"layer":0,"projection":"gate","operator":"override","cuda_span_ns":10240.000,"event_status":0,"launch_status":0,"completion_status":0}
{"schema":"riley.owned-graph-diagnostic.v1","kind":"read","capture_id":1,"replay_id":764,"host_read_bytes":98344,"host_read_ns":4569}
{"schema":"riley.owned-graph-diagnostic.v1","kind":"replay","capture_id":2,"replay_id":765,"position":128,"host_staging_bytes":98344,"event_setup_ns":339,"host_staging_ns":1530,"host_launch_ns":11561,"host_wait_ns":2315196,"cuda_graph_span_ns":2324064.016,"event_status":0,"launch_status":0,"completion_status":0}
{"schema":"riley.owned-graph-diagnostic.v1","kind":"projection","capture_id":2,"replay_id":765,"position":128,"layer":0,"projection":"gate","operator":"canonical","cuda_span_ns":6144.000,"event_status":0,"launch_status":0,"completion_status":0}
{"schema":"riley.owned-graph-diagnostic.v1","kind":"read","capture_id":2,"replay_id":765,"host_read_bytes":98344,"host_read_ns":5318}
{"schema":"riley.owned-graph-diagnostic.v1","kind":"replay","capture_id":2,"replay_id":766,"position":129,"host_staging_bytes":98344,"event_setup_ns":297,"host_staging_ns":1509,"host_launch_ns":7122,"host_wait_ns":2043560,"cuda_graph_span_ns":2047872.066,"event_status":0,"launch_status":0,"completion_status":0}
{"schema":"riley.owned-graph-diagnostic.v1","kind":"projection","capture_id":2,"replay_id":766,"position":129,"layer":0,"projection":"gate","operator":"canonical","cuda_span_ns":6144.000,"event_status":0,"launch_status":0,"completion_status":0}
{"schema":"riley.owned-graph-diagnostic.v1","kind":"read","capture_id":2,"replay_id":766,"host_read_bytes":98344,"host_read_ns":4595}
{"schema":"riley.owned-graph-diagnostic.v1","kind":"replay","capture_id":2,"replay_id":767,"position":130,"host_staging_bytes":98344,"event_setup_ns":470,"host_staging_ns":1520,"host_launch_ns":7182,"host_wait_ns":2040133,"cuda_graph_span_ns":2044672.012,"event_status":0,"launch_status":0,"completion_status":0}
{"schema":"riley.owned-graph-diagnostic.v1","kind":"projection","capture_id":2,"replay_id":767,"position":130,"layer":0,"projection":"gate","operator":"canonical","cuda_span_ns":6144.000,"event_status":0,"launch_status":0,"completion_status":0}
{"schema":"riley.owned-graph-diagnostic.v1","kind":"read","capture_id":2,"replay_id":767,"host_read_bytes":98344,"host_read_ns":4969}
{"schema":"riley.owned-graph-diagnostic.v1","kind":"replay","capture_id":2,"replay_id":768,"position":131,"host_staging_bytes":98344,"event_setup_ns":439,"host_staging_ns":1521,"host_launch_ns":6869,"host_wait_ns":2042835,"cuda_graph_span_ns":2047264.099,"event_status":0,"launch_status":0,"completion_status":0}
{"schema":"riley.owned-graph-diagnostic.v1","kind":"projection","capture_id":2,"replay_id":768,"position":131,"layer":0,"projection":"gate","operator":"canonical","cuda_span_ns":5120.000,"event_status":0,"launch_status":0,"completion_status":0}
{"schema":"riley.owned-graph-diagnostic.v1","kind":"read","capture_id":2,"replay_id":768,"host_read_bytes":98344,"host_read_ns":4537}
{"schema":"riley.owned-graph-diagnostic.v1","kind":"replay","capture_id":2,"replay_id":769,"position":132,"host_staging_bytes":98344,"event_setup_ns":399,"host_staging_ns":1531,"host_launch_ns":7083,"host_wait_ns":2039623,"cuda_graph_span_ns":2044224.024,"event_status":0,"launch_status":0,"completion_status":0}
{"schema":"riley.owned-graph-diagnostic.v1","kind":"projection","capture_id":2,"replay_id":769,"position":132,"layer":0,"projection":"gate","operator":"canonical","cuda_span_ns":6144.000,"event_status":0,"launch_status":0,"completion_status":0}
{"schema":"riley.owned-graph-diagnostic.v1","kind":"read","capture_id":2,"replay_id":769,"host_read_bytes":98344,"host_read_ns":4277}
{"schema":"riley.owned-graph-diagnostic.v1","kind":"replay","capture_id":2,"replay_id":770,"position":133,"host_staging_bytes":98344,"event_setup_ns":332,"host_staging_ns":1506,"host_launch_ns":6770,"host_wait_ns":2048502,"cuda_graph_span_ns":2052767.992,"event_status":0,"launch_status":0,"completion_status":0}
{"schema":"riley.owned-graph-diagnostic.v1","kind":"projection","capture_id":2,"replay_id":770,"position":133,"layer":0,"projection":"gate","operator":"canonical","cuda_span_ns":5120.000,"event_status":0,"launch_status":0,"completion_status":0}
{"schema":"riley.owned-graph-diagnostic.v1","kind":"read","capture_id":2,"replay_id":770,"host_read_bytes":98344,"host_read_ns":4244}
{"schema":"riley.owned-graph-diagnostic.v1","kind":"replay","capture_id":2,"replay_id":771,"position":134,"host_staging_bytes":98344,"event_setup_ns":450,"host_staging_ns":1521,"host_launch_ns":6880,"host_wait_ns":2043502,"cuda_graph_span_ns":2048127.890,"event_status":0,"launch_status":0,"completion_status":0}
{"schema":"riley.owned-graph-diagnostic.v1","kind":"projection","capture_id":2,"replay_id":771,"position":134,"layer":0,"projection":"gate","operator":"canonical","cuda_span_ns":6144.000,"event_status":0,"launch_status":0,"completion_status":0}
{"schema":"riley.owned-graph-diagnostic.v1","kind":"read","capture_id":2,"replay_id":771,"host_read_bytes":98344,"host_read_ns":4407}
{"schema":"riley.owned-graph-diagnostic.v1","kind":"replay","capture_id":2,"replay_id":772,"position":135,"host_staging_bytes":98344,"event_setup_ns":351,"host_staging_ns":1523,"host_launch_ns":6606,"host_wait_ns":2042255,"cuda_graph_span_ns":2046240.091,"event_status":0,"launch_status":0,"completion_status":0}
{"schema":"riley.owned-graph-diagnostic.v1","kind":"projection","capture_id":2,"replay_id":772,"position":135,"layer":0,"projection":"gate","operator":"canonical","cuda_span_ns":6144.000,"event_status":0,"launch_status":0,"completion_status":0}
{"schema":"riley.owned-graph-diagnostic.v1","kind":"read","capture_id":2,"replay_id":772,"host_read_bytes":98344,"host_read_ns":3936}
{"schema":"riley.owned-graph-diagnostic.v1","kind":"replay","capture_id":2,"replay_id":773,"position":136,"host_staging_bytes":98344,"event_setup_ns":460,"host_staging_ns":1525,"host_launch_ns":6392,"host_wait_ns":2081039,"cuda_graph_span_ns":2084896.088,"event_status":0,"launch_status":0,"completion_status":0}
{"schema":"riley.owned-graph-diagnostic.v1","kind":"projection","capture_id":2,"replay_id":773,"position":136,"layer":0,"projection":"gate","operator":"canonical","cuda_span_ns":5120.000,"event_status":0,"launch_status":0,"completion_status":0}
{"schema":"riley.owned-graph-diagnostic.v1","kind":"read","capture_id":2,"replay_id":773,"host_read_bytes":98344,"host_read_ns":4233}
{"schema":"riley.owned-graph-diagnostic.v1","kind":"replay","capture_id":2,"replay_id":774,"position":137,"host_staging_bytes":98344,"event_setup_ns":377,"host_staging_ns":1517,"host_launch_ns":6679,"host_wait_ns":2099438,"cuda_graph_span_ns":2103487.968,"event_status":0,"launch_status":0,"completion_status":0}
{"schema":"riley.owned-graph-diagnostic.v1","kind":"projection","capture_id":2,"replay_id":774,"position":137,"layer":0,"projection":"gate","operator":"canonical","cuda_span_ns":5120.000,"event_status":0,"launch_status":0,"completion_status":0}
{"schema":"riley.owned-graph-diagnostic.v1","kind":"read","capture_id":2,"replay_id":774,"host_read_bytes":98344,"host_read_ns":4512}
{"schema":"riley.owned-graph-diagnostic.v1","kind":"replay","capture_id":2,"replay_id":775,"position":138,"host_staging_bytes":98344,"event_setup_ns":347,"host_staging_ns":1524,"host_launch_ns":6557,"host_wait_ns":2101291,"cuda_graph_span_ns":2105087.996,"event_status":0,"launch_status":0,"completion_status":0}
{"schema":"riley.owned-graph-diagnostic.v1","kind":"projection","capture_id":2,"replay_id":775,"position":138,"layer":0,"projection":"gate","operator":"canonical","cuda_span_ns":5120.000,"event_status":0,"launch_status":0,"completion_status":0}
{"schema":"riley.owned-graph-diagnostic.v1","kind":"read","capture_id":2,"replay_id":775,"host_read_bytes":98344,"host_read_ns":4391}
{"schema":"riley.owned-graph-diagnostic.v1","kind":"replay","capture_id":2,"replay_id":776,"position":139,"host_staging_bytes":98344,"event_setup_ns":377,"host_staging_ns":1518,"host_launch_ns":6759,"host_wait_ns":2100286,"cuda_graph_span_ns":2104576.111,"event_status":0,"launch_status":0,"completion_status":0}
{"schema":"riley.owned-graph-diagnostic.v1","kind":"projection","capture_id":2,"replay_id":776,"position":139,"layer":0,"projection":"gate","operator":"canonical","cuda_span_ns":5120.000,"event_status":0,"launch_status":0,"completion_status":0}
{"schema":"riley.owned-graph-diagnostic.v1","kind":"read","capture_id":2,"replay_id":776,"host_read_bytes":98344,"host_read_ns":4494}
{"schema":"riley.owned-graph-diagnostic.v1","kind":"replay","capture_id":2,"replay_id":777,"position":140,"host_staging_bytes":98344,"event_setup_ns":421,"host_staging_ns":1519,"host_launch_ns":6505,"host_wait_ns":2100477,"cuda_graph_span_ns":2104320.049,"event_status":0,"launch_status":0,"completion_status":0}
{"schema":"riley.owned-graph-diagnostic.v1","kind":"projection","capture_id":2,"replay_id":777,"position":140,"layer":0,"projection":"gate","operator":"canonical","cuda_span_ns":5120.000,"event_status":0,"launch_status":0,"completion_status":0}
{"schema":"riley.owned-graph-diagnostic.v1","kind":"read","capture_id":2,"replay_id":777,"host_read_bytes":98344,"host_read_ns":4656}
{"schema":"riley.owned-graph-diagnostic.v1","kind":"replay","capture_id":2,"replay_id":778,"position":141,"host_staging_bytes":98344,"event_setup_ns":380,"host_staging_ns":1523,"host_launch_ns":7113,"host_wait_ns":2099818,"cuda_graph_span_ns":2104448.080,"event_status":0,"launch_status":0,"completion_status":0}
{"schema":"riley.owned-graph-diagnostic.v1","kind":"projection","capture_id":2,"replay_id":778,"position":141,"layer":0,"projection":"gate","operator":"canonical","cuda_span_ns":5120.000,"event_status":0,"launch_status":0,"completion_status":0}
{"schema":"riley.owned-graph-diagnostic.v1","kind":"read","capture_id":2,"replay_id":778,"host_read_bytes":98344,"host_read_ns":4105}
{"schema":"riley.owned-graph-diagnostic.v1","kind":"replay","capture_id":2,"replay_id":779,"position":142,"host_staging_bytes":98344,"event_setup_ns":483,"host_staging_ns":1518,"host_launch_ns":6933,"host_wait_ns":2096838,"cuda_graph_span_ns":2100895.882,"event_status":0,"launch_status":0,"completion_status":0}
{"schema":"riley.owned-graph-diagnostic.v1","kind":"projection","capture_id":2,"replay_id":779,"position":142,"layer":0,"projection":"gate","operator":"canonical","cuda_span_ns":5120.000,"event_status":0,"launch_status":0,"completion_status":0}
{"schema":"riley.owned-graph-diagnostic.v1","kind":"read","capture_id":2,"replay_id":779,"host_read_bytes":98344,"host_read_ns":4829}
{"schema":"riley.owned-graph-diagnostic.v1","kind":"replay","capture_id":2,"replay_id":780,"position":143,"host_staging_bytes":98344,"event_setup_ns":608,"host_staging_ns":1528,"host_launch_ns":7534,"host_wait_ns":2097378,"cuda_graph_span_ns":2102495.909,"event_status":0,"launch_status":0,"completion_status":0}
{"schema":"riley.owned-graph-diagnostic.v1","kind":"projection","capture_id":2,"replay_id":780,"position":143,"layer":0,"projection":"gate","operator":"canonical","cuda_span_ns":6144.000,"event_status":0,"launch_status":0,"completion_status":0}
{"schema":"riley.owned-graph-diagnostic.v1","kind":"read","capture_id":2,"replay_id":780,"host_read_bytes":98344,"host_read_ns":4620}
{"schema":"riley.owned-graph-diagnostic.v1","kind":"replay","capture_id":2,"replay_id":781,"position":144,"host_staging_bytes":98344,"event_setup_ns":485,"host_staging_ns":1527,"host_launch_ns":6801,"host_wait_ns":2156427,"cuda_graph_span_ns":2160383.940,"event_status":0,"launch_status":0,"completion_status":0}
{"schema":"riley.owned-graph-diagnostic.v1","kind":"projection","capture_id":2,"replay_id":781,"position":144,"layer":0,"projection":"gate","operator":"canonical","cuda_span_ns":6144.000,"event_status":0,"launch_status":0,"completion_status":0}
{"schema":"riley.owned-graph-diagnostic.v1","kind":"read","capture_id":2,"replay_id":781,"host_read_bytes":98344,"host_read_ns":4589}
{"schema":"riley.owned-graph-diagnostic.v1","kind":"replay","capture_id":2,"replay_id":782,"position":145,"host_staging_bytes":98344,"event_setup_ns":315,"host_staging_ns":1511,"host_launch_ns":6514,"host_wait_ns":2172749,"cuda_graph_span_ns":2176736.116,"event_status":0,"launch_status":0,"completion_status":0}
{"schema":"riley.owned-graph-diagnostic.v1","kind":"projection","capture_id":2,"replay_id":782,"position":145,"layer":0,"projection":"gate","operator":"canonical","cuda_span_ns":5120.000,"event_status":0,"launch_status":0,"completion_status":0}
{"schema":"riley.owned-graph-diagnostic.v1","kind":"read","capture_id":2,"replay_id":782,"host_read_bytes":98344,"host_read_ns":4411}
{"schema":"riley.owned-graph-diagnostic.v1","kind":"replay","capture_id":2,"replay_id":783,"position":146,"host_staging_bytes":98344,"event_setup_ns":333,"host_staging_ns":1528,"host_launch_ns":6635,"host_wait_ns":2171380,"cuda_graph_span_ns":2175391.912,"event_status":0,"launch_status":0,"completion_status":0}
{"schema":"riley.owned-graph-diagnostic.v1","kind":"projection","capture_id":2,"replay_id":783,"position":146,"layer":0,"projection":"gate","operator":"canonical","cuda_span_ns":5120.000,"event_status":0,"launch_status":0,"completion_status":0}
{"schema":"riley.owned-graph-diagnostic.v1","kind":"read","capture_id":2,"replay_id":783,"host_read_bytes":98344,"host_read_ns":4749}
{"schema":"riley.owned-graph-diagnostic.v1","kind":"replay","capture_id":2,"replay_id":784,"position":147,"host_staging_bytes":98344,"event_setup_ns":487,"host_staging_ns":1526,"host_launch_ns":6707,"host_wait_ns":2174971,"cuda_graph_span_ns":2179071.903,"event_status":0,"launch_status":0,"completion_status":0}
{"schema":"riley.owned-graph-diagnostic.v1","kind":"projection","capture_id":2,"replay_id":784,"position":147,"layer":0,"projection":"gate","operator":"canonical","cuda_span_ns":5120.000,"event_status":0,"launch_status":0,"completion_status":0}
{"schema":"riley.owned-graph-diagnostic.v1","kind":"read","capture_id":2,"replay_id":784,"host_read_bytes":98344,"host_read_ns":4366}
{"schema":"riley.owned-graph-diagnostic.v1","kind":"replay","capture_id":2,"replay_id":785,"position":148,"host_staging_bytes":98344,"event_setup_ns":326,"host_staging_ns":1509,"host_launch_ns":6585,"host_wait_ns":2174184,"cuda_graph_span_ns":2178368.092,"event_status":0,"launch_status":0,"completion_status":0}
{"schema":"riley.owned-graph-diagnostic.v1","kind":"projection","capture_id":2,"replay_id":785,"position":148,"layer":0,"projection":"gate","operator":"canonical","cuda_span_ns":6144.000,"event_status":0,"launch_status":0,"completion_status":0}
{"schema":"riley.owned-graph-diagnostic.v1","kind":"read","capture_id":2,"replay_id":785,"host_read_bytes":98344,"host_read_ns":4742}
{"schema":"riley.owned-graph-diagnostic.v1","kind":"replay","capture_id":2,"replay_id":786,"position":149,"host_staging_bytes":98344,"event_setup_ns":339,"host_staging_ns":1556,"host_launch_ns":6926,"host_wait_ns":2171939,"cuda_graph_span_ns":2176192.045,"event_status":0,"launch_status":0,"completion_status":0}
{"schema":"riley.owned-graph-diagnostic.v1","kind":"projection","capture_id":2,"replay_id":786,"position":149,"layer":0,"projection":"gate","operator":"canonical","cuda_span_ns":6144.000,"event_status":0,"launch_status":0,"completion_status":0}
{"schema":"riley.owned-graph-diagnostic.v1","kind":"read","capture_id":2,"replay_id":786,"host_read_bytes":98344,"host_read_ns":4149}
{"schema":"riley.owned-graph-diagnostic.v1","kind":"replay","capture_id":2,"replay_id":787,"position":150,"host_staging_bytes":98344,"event_setup_ns":380,"host_staging_ns":1502,"host_launch_ns":6689,"host_wait_ns":2172738,"cuda_graph_span_ns":2176928.043,"event_status":0,"launch_status":0,"completion_status":0}
{"schema":"riley.owned-graph-diagnostic.v1","kind":"projection","capture_id":2,"replay_id":787,"position":150,"layer":0,"projection":"gate","operator":"canonical","cuda_span_ns":5120.000,"event_status":0,"launch_status":0,"completion_status":0}
{"schema":"riley.owned-graph-diagnostic.v1","kind":"read","capture_id":2,"replay_id":787,"host_read_bytes":98344,"host_read_ns":4162}
{"schema":"riley.owned-graph-diagnostic.v1","kind":"replay","capture_id":2,"replay_id":788,"position":151,"host_staging_bytes":98344,"event_setup_ns":463,"host_staging_ns":1511,"host_launch_ns":6487,"host_wait_ns":2172162,"cuda_graph_span_ns":2176064.014,"event_status":0,"launch_status":0,"completion_status":0}
{"schema":"riley.owned-graph-diagnostic.v1","kind":"projection","capture_id":2,"replay_id":788,"position":151,"layer":0,"projection":"gate","operator":"canonical","cuda_span_ns":5120.000,"event_status":0,"launch_status":0,"completion_status":0}
{"schema":"riley.owned-graph-diagnostic.v1","kind":"read","capture_id":2,"replay_id":788,"host_read_bytes":98344,"host_read_ns":4219}
{"schema":"riley.owned-graph-diagnostic.v1","kind":"replay","capture_id":2,"replay_id":789,"position":152,"host_staging_bytes":98344,"event_setup_ns":351,"host_staging_ns":1526,"host_launch_ns":6784,"host_wait_ns":2211008,"cuda_graph_span_ns":2215167.999,"event_status":0,"launch_status":0,"completion_status":0}
{"schema":"riley.owned-graph-diagnostic.v1","kind":"projection","capture_id":2,"replay_id":789,"position":152,"layer":0,"projection":"gate","operator":"canonical","cuda_span_ns":5120.000,"event_status":0,"launch_status":0,"completion_status":0}
{"schema":"riley.owned-graph-diagnostic.v1","kind":"read","capture_id":2,"replay_id":789,"host_read_bytes":98344,"host_read_ns":4436}
{"schema":"riley.owned-graph-diagnostic.v1","kind":"replay","capture_id":2,"replay_id":790,"position":153,"host_staging_bytes":98344,"event_setup_ns":319,"host_staging_ns":1517,"host_launch_ns":6387,"host_wait_ns":2221843,"cuda_graph_span_ns":2225663.900,"event_status":0,"launch_status":0,"completion_status":0}
{"schema":"riley.owned-graph-diagnostic.v1","kind":"projection","capture_id":2,"replay_id":790,"position":153,"layer":0,"projection":"gate","operator":"canonical","cuda_span_ns":5120.000,"event_status":0,"launch_status":0,"completion_status":0}
{"schema":"riley.owned-graph-diagnostic.v1","kind":"read","capture_id":2,"replay_id":790,"host_read_bytes":98344,"host_read_ns":4843}
{"schema":"riley.owned-graph-diagnostic.v1","kind":"replay","capture_id":2,"replay_id":791,"position":154,"host_staging_bytes":98344,"event_setup_ns":317,"host_staging_ns":1496,"host_launch_ns":6712,"host_wait_ns":2228198,"cuda_graph_span_ns":2232127.905,"event_status":0,"launch_status":0,"completion_status":0}
{"schema":"riley.owned-graph-diagnostic.v1","kind":"projection","capture_id":2,"replay_id":791,"position":154,"layer":0,"projection":"gate","operator":"canonical","cuda_span_ns":5120.000,"event_status":0,"launch_status":0,"completion_status":0}
{"schema":"riley.owned-graph-diagnostic.v1","kind":"read","capture_id":2,"replay_id":791,"host_read_bytes":98344,"host_read_ns":4657}
{"schema":"riley.owned-graph-diagnostic.v1","kind":"replay","capture_id":2,"replay_id":792,"position":155,"host_staging_bytes":98344,"event_setup_ns":344,"host_staging_ns":1506,"host_launch_ns":6554,"host_wait_ns":2228899,"cuda_graph_span_ns":2232991.934,"event_status":0,"launch_status":0,"completion_status":0}
{"schema":"riley.owned-graph-diagnostic.v1","kind":"projection","capture_id":2,"replay_id":792,"position":155,"layer":0,"projection":"gate","operator":"canonical","cuda_span_ns":5120.000,"event_status":0,"launch_status":0,"completion_status":0}
{"schema":"riley.owned-graph-diagnostic.v1","kind":"read","capture_id":2,"replay_id":792,"host_read_bytes":98344,"host_read_ns":4553}
{"schema":"riley.owned-graph-diagnostic.v1","kind":"replay","capture_id":2,"replay_id":793,"position":156,"host_staging_bytes":98344,"event_setup_ns":327,"host_staging_ns":1517,"host_launch_ns":6507,"host_wait_ns":2227582,"cuda_graph_span_ns":2231647.968,"event_status":0,"launch_status":0,"completion_status":0}
{"schema":"riley.owned-graph-diagnostic.v1","kind":"projection","capture_id":2,"replay_id":793,"position":156,"layer":0,"projection":"gate","operator":"canonical","cuda_span_ns":5120.000,"event_status":0,"launch_status":0,"completion_status":0}
{"schema":"riley.owned-graph-diagnostic.v1","kind":"read","capture_id":2,"replay_id":793,"host_read_bytes":98344,"host_read_ns":4318}
{"schema":"riley.owned-graph-diagnostic.v1","kind":"replay","capture_id":2,"replay_id":794,"position":157,"host_staging_bytes":98344,"event_setup_ns":355,"host_staging_ns":1520,"host_launch_ns":6705,"host_wait_ns":2227872,"cuda_graph_span_ns":2232127.905,"event_status":0,"launch_status":0,"completion_status":0}
{"schema":"riley.owned-graph-diagnostic.v1","kind":"projection","capture_id":2,"replay_id":794,"position":157,"layer":0,"projection":"gate","operator":"canonical","cuda_span_ns":6144.000,"event_status":0,"launch_status":0,"completion_status":0}
{"schema":"riley.owned-graph-diagnostic.v1","kind":"read","capture_id":2,"replay_id":794,"host_read_bytes":98344,"host_read_ns":4718}
{"schema":"riley.owned-graph-diagnostic.v1","kind":"replay","capture_id":2,"replay_id":795,"position":158,"host_staging_bytes":98344,"event_setup_ns":332,"host_staging_ns":1521,"host_launch_ns":6576,"host_wait_ns":2228749,"cuda_graph_span_ns":2233119.965,"event_status":0,"launch_status":0,"completion_status":0}
{"schema":"riley.owned-graph-diagnostic.v1","kind":"projection","capture_id":2,"replay_id":795,"position":158,"layer":0,"projection":"gate","operator":"canonical","cuda_span_ns":6144.000,"event_status":0,"launch_status":0,"completion_status":0}
{"schema":"riley.owned-graph-diagnostic.v1","kind":"read","capture_id":2,"replay_id":795,"host_read_bytes":98344,"host_read_ns":4291}
{"schema":"riley.owned-graph-diagnostic.v1","kind":"replay","capture_id":1,"replay_id":796,"position":0,"host_staging_bytes":98344,"event_setup_ns":3375,"host_staging_ns":2014,"host_launch_ns":18580,"host_wait_ns":2877228,"cuda_graph_span_ns":2893759.966,"event_status":0,"launch_status":0,"completion_status":0}
{"schema":"riley.owned-graph-diagnostic.v1","kind":"projection","capture_id":1,"replay_id":796,"position":0,"layer":0,"projection":"gate","operator":"override","cuda_span_ns":11264.000,"event_status":0,"launch_status":0,"completion_status":0}
{"schema":"riley.owned-graph-diagnostic.v1","kind":"read","capture_id":1,"replay_id":796,"host_read_bytes":98344,"host_read_ns":5491}
{"schema":"riley.owned-graph-diagnostic.v1","kind":"replay","capture_id":1,"replay_id":797,"position":1,"host_staging_bytes":98344,"event_setup_ns":828,"host_staging_ns":1561,"host_launch_ns":7611,"host_wait_ns":2919262,"cuda_graph_span_ns":2924191.952,"event_status":0,"launch_status":0,"completion_status":0}
{"schema":"riley.owned-graph-diagnostic.v1","kind":"projection","capture_id":1,"replay_id":797,"position":1,"layer":0,"projection":"gate","operator":"override","cuda_span_ns":10240.000,"event_status":0,"launch_status":0,"completion_status":0}
{"schema":"riley.owned-graph-diagnostic.v1","kind":"read","capture_id":1,"replay_id":797,"host_read_bytes":98344,"host_read_ns":4616}
{"schema":"riley.owned-graph-diagnostic.v1","kind":"replay","capture_id":1,"replay_id":798,"position":2,"host_staging_bytes":98344,"event_setup_ns":459,"host_staging_ns":1536,"host_launch_ns":6952,"host_wait_ns":2928231,"cuda_graph_span_ns":2932703.972,"event_status":0,"launch_status":0,"completion_status":0}
{"schema":"riley.owned-graph-diagnostic.v1","kind":"projection","capture_id":1,"replay_id":798,"position":2,"layer":0,"projection":"gate","operator":"override","cuda_span_ns":11264.000,"event_status":0,"launch_status":0,"completion_status":0}
{"schema":"riley.owned-graph-diagnostic.v1","kind":"read","capture_id":1,"replay_id":798,"host_read_bytes":98344,"host_read_ns":4286}
{"schema":"riley.owned-graph-diagnostic.v1","kind":"replay","capture_id":1,"replay_id":799,"position":3,"host_staging_bytes":98344,"event_setup_ns":309,"host_staging_ns":1521,"host_launch_ns":6921,"host_wait_ns":2936822,"cuda_graph_span_ns":2940992.117,"event_status":0,"launch_status":0,"completion_status":0}
{"schema":"riley.owned-graph-diagnostic.v1","kind":"projection","capture_id":1,"replay_id":799,"position":3,"layer":0,"projection":"gate","operator":"override","cuda_span_ns":10240.000,"event_status":0,"launch_status":0,"completion_status":0}
{"schema":"riley.owned-graph-diagnostic.v1","kind":"read","capture_id":1,"replay_id":799,"host_read_bytes":98344,"host_read_ns":4637}
{"schema":"riley.owned-graph-diagnostic.v1","kind":"replay","capture_id":1,"replay_id":800,"position":4,"host_staging_bytes":98344,"event_setup_ns":409,"host_staging_ns":1534,"host_launch_ns":6616,"host_wait_ns":2936742,"cuda_graph_span_ns":2940799.952,"event_status":0,"launch_status":0,"completion_status":0}
{"schema":"riley.owned-graph-diagnostic.v1","kind":"projection","capture_id":1,"replay_id":800,"position":4,"layer":0,"projection":"gate","operator":"override","cuda_span_ns":10240.000,"event_status":0,"launch_status":0,"completion_status":0}
{"schema":"riley.owned-graph-diagnostic.v1","kind":"read","capture_id":1,"replay_id":800,"host_read_bytes":98344,"host_read_ns":4739}
{"schema":"riley.owned-graph-diagnostic.v1","kind":"replay","capture_id":1,"replay_id":801,"position":5,"host_staging_bytes":98344,"event_setup_ns":378,"host_staging_ns":1534,"host_launch_ns":6854,"host_wait_ns":2937340,"cuda_graph_span_ns":2941663.980,"event_status":0,"launch_status":0,"completion_status":0}
{"schema":"riley.owned-graph-diagnostic.v1","kind":"projection","capture_id":1,"replay_id":801,"position":5,"layer":0,"projection":"gate","operator":"override","cuda_span_ns":10240.000,"event_status":0,"launch_status":0,"completion_status":0}
{"schema":"riley.owned-graph-diagnostic.v1","kind":"read","capture_id":1,"replay_id":801,"host_read_bytes":98344,"host_read_ns":4674}
{"schema":"riley.owned-graph-diagnostic.v1","kind":"replay","capture_id":1,"replay_id":802,"position":6,"host_staging_bytes":98344,"event_setup_ns":416,"host_staging_ns":1518,"host_launch_ns":6447,"host_wait_ns":2937494,"cuda_graph_span_ns":2941344.023,"event_status":0,"launch_status":0,"completion_status":0}
{"schema":"riley.owned-graph-diagnostic.v1","kind":"projection","capture_id":1,"replay_id":802,"position":6,"layer":0,"projection":"gate","operator":"override","cuda_span_ns":10240.000,"event_status":0,"launch_status":0,"completion_status":0}
{"schema":"riley.owned-graph-diagnostic.v1","kind":"read","capture_id":1,"replay_id":802,"host_read_bytes":98344,"host_read_ns":4607}
{"schema":"riley.owned-graph-diagnostic.v1","kind":"replay","capture_id":1,"replay_id":803,"position":7,"host_staging_bytes":98344,"event_setup_ns":320,"host_staging_ns":1512,"host_launch_ns":6419,"host_wait_ns":2928575,"cuda_graph_span_ns":2932352.066,"event_status":0,"launch_status":0,"completion_status":0}
{"schema":"riley.owned-graph-diagnostic.v1","kind":"projection","capture_id":1,"replay_id":803,"position":7,"layer":0,"projection":"gate","operator":"override","cuda_span_ns":10240.000,"event_status":0,"launch_status":0,"completion_status":0}
{"schema":"riley.owned-graph-diagnostic.v1","kind":"read","capture_id":1,"replay_id":803,"host_read_bytes":98344,"host_read_ns":4821}
{"schema":"riley.owned-graph-diagnostic.v1","kind":"replay","capture_id":1,"replay_id":804,"position":8,"host_staging_bytes":98344,"event_setup_ns":318,"host_staging_ns":1514,"host_launch_ns":6708,"host_wait_ns":2958575,"cuda_graph_span_ns":2962687.969,"event_status":0,"launch_status":0,"completion_status":0}
{"schema":"riley.owned-graph-diagnostic.v1","kind":"projection","capture_id":1,"replay_id":804,"position":8,"layer":0,"projection":"gate","operator":"override","cuda_span_ns":11264.000,"event_status":0,"launch_status":0,"completion_status":0}
{"schema":"riley.owned-graph-diagnostic.v1","kind":"read","capture_id":1,"replay_id":804,"host_read_bytes":98344,"host_read_ns":4709}
{"schema":"riley.owned-graph-diagnostic.v1","kind":"replay","capture_id":1,"replay_id":805,"position":9,"host_staging_bytes":98344,"event_setup_ns":508,"host_staging_ns":1518,"host_launch_ns":6679,"host_wait_ns":3008361,"cuda_graph_span_ns":3012415.886,"event_status":0,"launch_status":0,"completion_status":0}
{"schema":"riley.owned-graph-diagnostic.v1","kind":"projection","capture_id":1,"replay_id":805,"position":9,"layer":0,"projection":"gate","operator":"override","cuda_span_ns":10240.000,"event_status":0,"launch_status":0,"completion_status":0}
{"schema":"riley.owned-graph-diagnostic.v1","kind":"read","capture_id":1,"replay_id":805,"host_read_bytes":98344,"host_read_ns":4545}
{"schema":"riley.owned-graph-diagnostic.v1","kind":"replay","capture_id":1,"replay_id":806,"position":10,"host_staging_bytes":98344,"event_setup_ns":367,"host_staging_ns":1517,"host_launch_ns":6635,"host_wait_ns":3015818,"cuda_graph_span_ns":3019743.919,"event_status":0,"launch_status":0,"completion_status":0}
{"schema":"riley.owned-graph-diagnostic.v1","kind":"projection","capture_id":1,"replay_id":806,"position":10,"layer":0,"projection":"gate","operator":"override","cuda_span_ns":10240.000,"event_status":0,"launch_status":0,"completion_status":0}
{"schema":"riley.owned-graph-diagnostic.v1","kind":"read","capture_id":1,"replay_id":806,"host_read_bytes":98344,"host_read_ns":4812}
{"schema":"riley.owned-graph-diagnostic.v1","kind":"replay","capture_id":1,"replay_id":807,"position":11,"host_staging_bytes":98344,"event_setup_ns":583,"host_staging_ns":1523,"host_launch_ns":6728,"host_wait_ns":3010164,"cuda_graph_span_ns":3014111.996,"event_status":0,"launch_status":0,"completion_status":0}
{"schema":"riley.owned-graph-diagnostic.v1","kind":"projection","capture_id":1,"replay_id":807,"position":11,"layer":0,"projection":"gate","operator":"override","cuda_span_ns":10240.000,"event_status":0,"launch_status":0,"completion_status":0}
{"schema":"riley.owned-graph-diagnostic.v1","kind":"read","capture_id":1,"replay_id":807,"host_read_bytes":98344,"host_read_ns":4449}
{"schema":"riley.owned-graph-diagnostic.v1","kind":"replay","capture_id":1,"replay_id":808,"position":12,"host_staging_bytes":98344,"event_setup_ns":354,"host_staging_ns":1514,"host_launch_ns":6691,"host_wait_ns":3019024,"cuda_graph_span_ns":3023072.004,"event_status":0,"launch_status":0,"completion_status":0}
{"schema":"riley.owned-graph-diagnostic.v1","kind":"projection","capture_id":1,"replay_id":808,"position":12,"layer":0,"projection":"gate","operator":"override","cuda_span_ns":10240.000,"event_status":0,"launch_status":0,"completion_status":0}
{"schema":"riley.owned-graph-diagnostic.v1","kind":"read","capture_id":1,"replay_id":808,"host_read_bytes":98344,"host_read_ns":4711}
{"schema":"riley.owned-graph-diagnostic.v1","kind":"replay","capture_id":1,"replay_id":809,"position":13,"host_staging_bytes":98344,"event_setup_ns":459,"host_staging_ns":1522,"host_launch_ns":6816,"host_wait_ns":3016615,"cuda_graph_span_ns":3020607.948,"event_status":0,"launch_status":0,"completion_status":0}
{"schema":"riley.owned-graph-diagnostic.v1","kind":"projection","capture_id":1,"replay_id":809,"position":13,"layer":0,"projection":"gate","operator":"override","cuda_span_ns":10240.000,"event_status":0,"launch_status":0,"completion_status":0}
{"schema":"riley.owned-graph-diagnostic.v1","kind":"read","capture_id":1,"replay_id":809,"host_read_bytes":98344,"host_read_ns":4210}
{"schema":"riley.owned-graph-diagnostic.v1","kind":"replay","capture_id":1,"replay_id":810,"position":14,"host_staging_bytes":98344,"event_setup_ns":368,"host_staging_ns":1527,"host_launch_ns":6485,"host_wait_ns":3015689,"cuda_graph_span_ns":3019551.992,"event_status":0,"launch_status":0,"completion_status":0}
{"schema":"riley.owned-graph-diagnostic.v1","kind":"projection","capture_id":1,"replay_id":810,"position":14,"layer":0,"projection":"gate","operator":"override","cuda_span_ns":11264.000,"event_status":0,"launch_status":0,"completion_status":0}
{"schema":"riley.owned-graph-diagnostic.v1","kind":"read","capture_id":1,"replay_id":810,"host_read_bytes":98344,"host_read_ns":4602}
{"schema":"riley.owned-graph-diagnostic.v1","kind":"replay","capture_id":1,"replay_id":811,"position":15,"host_staging_bytes":98344,"event_setup_ns":460,"host_staging_ns":1513,"host_launch_ns":6877,"host_wait_ns":3008433,"cuda_graph_span_ns":3012703.896,"event_status":0,"launch_status":0,"completion_status":0}
{"schema":"riley.owned-graph-diagnostic.v1","kind":"projection","capture_id":1,"replay_id":811,"position":15,"layer":0,"projection":"gate","operator":"override","cuda_span_ns":10240.000,"event_status":0,"launch_status":0,"completion_status":0}
{"schema":"riley.owned-graph-diagnostic.v1","kind":"read","capture_id":1,"replay_id":811,"host_read_bytes":98344,"host_read_ns":4568}
{"schema":"riley.owned-graph-diagnostic.v1","kind":"replay","capture_id":1,"replay_id":812,"position":16,"host_staging_bytes":98344,"event_setup_ns":328,"host_staging_ns":1513,"host_launch_ns":6540,"host_wait_ns":3071918,"cuda_graph_span_ns":3075808.048,"event_status":0,"launch_status":0,"completion_status":0}
{"schema":"riley.owned-graph-diagnostic.v1","kind":"projection","capture_id":1,"replay_id":812,"position":16,"layer":0,"projection":"gate","operator":"override","cuda_span_ns":10240.000,"event_status":0,"launch_status":0,"completion_status":0}
{"schema":"riley.owned-graph-diagnostic.v1","kind":"read","capture_id":1,"replay_id":812,"host_read_bytes":98344,"host_read_ns":4616}
{"schema":"riley.owned-graph-diagnostic.v1","kind":"replay","capture_id":1,"replay_id":813,"position":17,"host_staging_bytes":98344,"event_setup_ns":378,"host_staging_ns":1504,"host_launch_ns":6635,"host_wait_ns":3113249,"cuda_graph_span_ns":3116991.997,"event_status":0,"launch_status":0,"completion_status":0}
{"schema":"riley.owned-graph-diagnostic.v1","kind":"projection","capture_id":1,"replay_id":813,"position":17,"layer":0,"projection":"gate","operator":"override","cuda_span_ns":11264.000,"event_status":0,"launch_status":0,"completion_status":0}
{"schema":"riley.owned-graph-diagnostic.v1","kind":"read","capture_id":1,"replay_id":813,"host_read_bytes":98344,"host_read_ns":4834}
{"schema":"riley.owned-graph-diagnostic.v1","kind":"replay","capture_id":1,"replay_id":814,"position":18,"host_staging_bytes":98344,"event_setup_ns":406,"host_staging_ns":1537,"host_launch_ns":6758,"host_wait_ns":3119163,"cuda_graph_span_ns":3122848.034,"event_status":0,"launch_status":0,"completion_status":0}
{"schema":"riley.owned-graph-diagnostic.v1","kind":"projection","capture_id":1,"replay_id":814,"position":18,"layer":0,"projection":"gate","operator":"override","cuda_span_ns":10240.000,"event_status":0,"launch_status":0,"completion_status":0}
{"schema":"riley.owned-graph-diagnostic.v1","kind":"read","capture_id":1,"replay_id":814,"host_read_bytes":98344,"host_read_ns":4978}
{"schema":"riley.owned-graph-diagnostic.v1","kind":"replay","capture_id":1,"replay_id":815,"position":19,"host_staging_bytes":98344,"event_setup_ns":765,"host_staging_ns":1525,"host_launch_ns":7076,"host_wait_ns":3118184,"cuda_graph_span_ns":3122528.076,"event_status":0,"launch_status":0,"completion_status":0}
{"schema":"riley.owned-graph-diagnostic.v1","kind":"projection","capture_id":1,"replay_id":815,"position":19,"layer":0,"projection":"gate","operator":"override","cuda_span_ns":10240.000,"event_status":0,"launch_status":0,"completion_status":0}
{"schema":"riley.owned-graph-diagnostic.v1","kind":"read","capture_id":1,"replay_id":815,"host_read_bytes":98344,"host_read_ns":5277}
{"schema":"riley.owned-graph-diagnostic.v1","kind":"replay","capture_id":1,"replay_id":816,"position":20,"host_staging_bytes":98344,"event_setup_ns":568,"host_staging_ns":1521,"host_launch_ns":7147,"host_wait_ns":3116978,"cuda_graph_span_ns":3121344.090,"event_status":0,"launch_status":0,"completion_status":0}
{"schema":"riley.owned-graph-diagnostic.v1","kind":"projection","capture_id":1,"replay_id":816,"position":20,"layer":0,"projection":"gate","operator":"override","cuda_span_ns":11264.000,"event_status":0,"launch_status":0,"completion_status":0}
{"schema":"riley.owned-graph-diagnostic.v1","kind":"read","capture_id":1,"replay_id":816,"host_read_bytes":98344,"host_read_ns":4908}
{"schema":"riley.owned-graph-diagnostic.v1","kind":"replay","capture_id":1,"replay_id":817,"position":21,"host_staging_bytes":98344,"event_setup_ns":366,"host_staging_ns":1551,"host_launch_ns":6757,"host_wait_ns":3118683,"cuda_graph_span_ns":3122591.972,"event_status":0,"launch_status":0,"completion_status":0}
{"schema":"riley.owned-graph-diagnostic.v1","kind":"projection","capture_id":1,"replay_id":817,"position":21,"layer":0,"projection":"gate","operator":"override","cuda_span_ns":10240.000,"event_status":0,"launch_status":0,"completion_status":0}
{"schema":"riley.owned-graph-diagnostic.v1","kind":"read","capture_id":1,"replay_id":817,"host_read_bytes":98344,"host_read_ns":4689}
{"schema":"riley.owned-graph-diagnostic.v1","kind":"replay","capture_id":1,"replay_id":818,"position":22,"host_staging_bytes":98344,"event_setup_ns":468,"host_staging_ns":1541,"host_launch_ns":7020,"host_wait_ns":3116233,"cuda_graph_span_ns":3120480.061,"event_status":0,"launch_status":0,"completion_status":0}
{"schema":"riley.owned-graph-diagnostic.v1","kind":"projection","capture_id":1,"replay_id":818,"position":22,"layer":0,"projection":"gate","operator":"override","cuda_span_ns":11264.000,"event_status":0,"launch_status":0,"completion_status":0}
{"schema":"riley.owned-graph-diagnostic.v1","kind":"read","capture_id":1,"replay_id":818,"host_read_bytes":98344,"host_read_ns":5005}
{"schema":"riley.owned-graph-diagnostic.v1","kind":"replay","capture_id":1,"replay_id":819,"position":23,"host_staging_bytes":98344,"event_setup_ns":579,"host_staging_ns":1623,"host_launch_ns":7561,"host_wait_ns":3116847,"cuda_graph_span_ns":3121855.974,"event_status":0,"launch_status":0,"completion_status":0}
{"schema":"riley.owned-graph-diagnostic.v1","kind":"projection","capture_id":1,"replay_id":819,"position":23,"layer":0,"projection":"gate","operator":"override","cuda_span_ns":10240.000,"event_status":0,"launch_status":0,"completion_status":0}
{"schema":"riley.owned-graph-diagnostic.v1","kind":"read","capture_id":1,"replay_id":819,"host_read_bytes":98344,"host_read_ns":4668}
{"schema":"riley.owned-graph-diagnostic.v1","kind":"replay","capture_id":1,"replay_id":820,"position":24,"host_staging_bytes":98344,"event_setup_ns":310,"host_staging_ns":1504,"host_launch_ns":7107,"host_wait_ns":3158997,"cuda_graph_span_ns":3163583.994,"event_status":0,"launch_status":0,"completion_status":0}
{"schema":"riley.owned-graph-diagnostic.v1","kind":"projection","capture_id":1,"replay_id":820,"position":24,"layer":0,"projection":"gate","operator":"override","cuda_span_ns":10240.000,"event_status":0,"launch_status":0,"completion_status":0}
{"schema":"riley.owned-graph-diagnostic.v1","kind":"read","capture_id":1,"replay_id":820,"host_read_bytes":98344,"host_read_ns":4297}
{"schema":"riley.owned-graph-diagnostic.v1","kind":"replay","capture_id":1,"replay_id":821,"position":25,"host_staging_bytes":98344,"event_setup_ns":320,"host_staging_ns":1528,"host_launch_ns":7212,"host_wait_ns":3192998,"cuda_graph_span_ns":3197247.982,"event_status":0,"launch_status":0,"completion_status":0}
{"schema":"riley.owned-graph-diagnostic.v1","kind":"projection","capture_id":1,"replay_id":821,"position":25,"layer":0,"projection":"gate","operator":"override","cuda_span_ns":11264.000,"event_status":0,"launch_status":0,"completion_status":0}
{"schema":"riley.owned-graph-diagnostic.v1","kind":"read","capture_id":1,"replay_id":821,"host_read_bytes":98344,"host_read_ns":4583}
{"schema":"riley.owned-graph-diagnostic.v1","kind":"replay","capture_id":1,"replay_id":822,"position":26,"host_staging_bytes":98344,"event_setup_ns":320,"host_staging_ns":1525,"host_launch_ns":6576,"host_wait_ns":3200108,"cuda_graph_span_ns":3203903.913,"event_status":0,"launch_status":0,"completion_status":0}
{"schema":"riley.owned-graph-diagnostic.v1","kind":"projection","capture_id":1,"replay_id":822,"position":26,"layer":0,"projection":"gate","operator":"override","cuda_span_ns":10240.000,"event_status":0,"launch_status":0,"completion_status":0}
{"schema":"riley.owned-graph-diagnostic.v1","kind":"read","capture_id":1,"replay_id":822,"host_read_bytes":98344,"host_read_ns":4492}
{"schema":"riley.owned-graph-diagnostic.v1","kind":"replay","capture_id":1,"replay_id":823,"position":27,"host_staging_bytes":98344,"event_setup_ns":306,"host_staging_ns":1523,"host_launch_ns":6577,"host_wait_ns":3210348,"cuda_graph_span_ns":3213887.930,"event_status":0,"launch_status":0,"completion_status":0}
{"schema":"riley.owned-graph-diagnostic.v1","kind":"projection","capture_id":1,"replay_id":823,"position":27,"layer":0,"projection":"gate","operator":"override","cuda_span_ns":11264.000,"event_status":0,"launch_status":0,"completion_status":0}
{"schema":"riley.owned-graph-diagnostic.v1","kind":"read","capture_id":1,"replay_id":823,"host_read_bytes":98344,"host_read_ns":4580}
{"schema":"riley.owned-graph-diagnostic.v1","kind":"replay","capture_id":1,"replay_id":824,"position":28,"host_staging_bytes":98344,"event_setup_ns":373,"host_staging_ns":1539,"host_launch_ns":7483,"host_wait_ns":3206291,"cuda_graph_span_ns":3210975.885,"event_status":0,"launch_status":0,"completion_status":0}
{"schema":"riley.owned-graph-diagnostic.v1","kind":"projection","capture_id":1,"replay_id":824,"position":28,"layer":0,"projection":"gate","operator":"override","cuda_span_ns":11264.000,"event_status":0,"launch_status":0,"completion_status":0}
{"schema":"riley.owned-graph-diagnostic.v1","kind":"read","capture_id":1,"replay_id":824,"host_read_bytes":98344,"host_read_ns":4533}
{"schema":"riley.owned-graph-diagnostic.v1","kind":"replay","capture_id":1,"replay_id":825,"position":29,"host_staging_bytes":98344,"event_setup_ns":574,"host_staging_ns":1526,"host_launch_ns":7288,"host_wait_ns":3207824,"cuda_graph_span_ns":3212127.924,"event_status":0,"launch_status":0,"completion_status":0}
{"schema":"riley.owned-graph-diagnostic.v1","kind":"projection","capture_id":1,"replay_id":825,"position":29,"layer":0,"projection":"gate","operator":"override","cuda_span_ns":10240.000,"event_status":0,"launch_status":0,"completion_status":0}
{"schema":"riley.owned-graph-diagnostic.v1","kind":"read","capture_id":1,"replay_id":825,"host_read_bytes":98344,"host_read_ns":4368}
{"schema":"riley.owned-graph-diagnostic.v1","kind":"replay","capture_id":1,"replay_id":826,"position":30,"host_staging_bytes":98344,"event_setup_ns":291,"host_staging_ns":1548,"host_launch_ns":7142,"host_wait_ns":3207889,"cuda_graph_span_ns":3212383.986,"event_status":0,"launch_status":0,"completion_status":0}
{"schema":"riley.owned-graph-diagnostic.v1","kind":"projection","capture_id":1,"replay_id":826,"position":30,"layer":0,"projection":"gate","operator":"override","cuda_span_ns":10240.000,"event_status":0,"launch_status":0,"completion_status":0}
{"schema":"riley.owned-graph-diagnostic.v1","kind":"read","capture_id":1,"replay_id":826,"host_read_bytes":98344,"host_read_ns":4544}
{"schema":"riley.owned-graph-diagnostic.v1","kind":"replay","capture_id":1,"replay_id":827,"position":31,"host_staging_bytes":98344,"event_setup_ns":304,"host_staging_ns":1523,"host_launch_ns":6845,"host_wait_ns":3205941,"cuda_graph_span_ns":3210047.960,"event_status":0,"launch_status":0,"completion_status":0}
{"schema":"riley.owned-graph-diagnostic.v1","kind":"projection","capture_id":1,"replay_id":827,"position":31,"layer":0,"projection":"gate","operator":"override","cuda_span_ns":10240.000,"event_status":0,"launch_status":0,"completion_status":0}
{"schema":"riley.owned-graph-diagnostic.v1","kind":"read","capture_id":1,"replay_id":827,"host_read_bytes":98344,"host_read_ns":4572}
{"schema":"riley.owned-graph-diagnostic.v1","kind":"replay","capture_id":1,"replay_id":828,"position":32,"host_staging_bytes":98344,"event_setup_ns":313,"host_staging_ns":1527,"host_launch_ns":6652,"host_wait_ns":3263471,"cuda_graph_span_ns":3267199.993,"event_status":0,"launch_status":0,"completion_status":0}
{"schema":"riley.owned-graph-diagnostic.v1","kind":"projection","capture_id":1,"replay_id":828,"position":32,"layer":0,"projection":"gate","operator":"override","cuda_span_ns":10240.000,"event_status":0,"launch_status":0,"completion_status":0}
{"schema":"riley.owned-graph-diagnostic.v1","kind":"read","capture_id":1,"replay_id":828,"host_read_bytes":98344,"host_read_ns":4900}
{"schema":"riley.owned-graph-diagnostic.v1","kind":"replay","capture_id":1,"replay_id":829,"position":33,"host_staging_bytes":98344,"event_setup_ns":372,"host_staging_ns":1514,"host_launch_ns":6917,"host_wait_ns":3297096,"cuda_graph_span_ns":3301183.939,"event_status":0,"launch_status":0,"completion_status":0}
{"schema":"riley.owned-graph-diagnostic.v1","kind":"projection","capture_id":1,"replay_id":829,"position":33,"layer":0,"projection":"gate","operator":"override","cuda_span_ns":11264.000,"event_status":0,"launch_status":0,"completion_status":0}
{"schema":"riley.owned-graph-diagnostic.v1","kind":"read","capture_id":1,"replay_id":829,"host_read_bytes":98344,"host_read_ns":4534}
{"schema":"riley.owned-graph-diagnostic.v1","kind":"replay","capture_id":1,"replay_id":830,"position":34,"host_staging_bytes":98344,"event_setup_ns":410,"host_staging_ns":1526,"host_launch_ns":6620,"host_wait_ns":3313717,"cuda_graph_span_ns":3317471.981,"event_status":0,"launch_status":0,"completion_status":0}
{"schema":"riley.owned-graph-diagnostic.v1","kind":"projection","capture_id":1,"replay_id":830,"position":34,"layer":0,"projection":"gate","operator":"override","cuda_span_ns":11264.000,"event_status":0,"launch_status":0,"completion_status":0}
{"schema":"riley.owned-graph-diagnostic.v1","kind":"read","capture_id":1,"replay_id":830,"host_read_bytes":98344,"host_read_ns":4757}
{"schema":"riley.owned-graph-diagnostic.v1","kind":"replay","capture_id":1,"replay_id":831,"position":35,"host_staging_bytes":98344,"event_setup_ns":311,"host_staging_ns":1534,"host_launch_ns":7438,"host_wait_ns":3314607,"cuda_graph_span_ns":3319103.956,"event_status":0,"launch_status":0,"completion_status":0}
{"schema":"riley.owned-graph-diagnostic.v1","kind":"projection","capture_id":1,"replay_id":831,"position":35,"layer":0,"projection":"gate","operator":"override","cuda_span_ns":10240.000,"event_status":0,"launch_status":0,"completion_status":0}
{"schema":"riley.owned-graph-diagnostic.v1","kind":"read","capture_id":1,"replay_id":831,"host_read_bytes":98344,"host_read_ns":4706}
{"schema":"riley.owned-graph-diagnostic.v1","kind":"replay","capture_id":1,"replay_id":832,"position":36,"host_staging_bytes":98344,"event_setup_ns":431,"host_staging_ns":1529,"host_launch_ns":6902,"host_wait_ns":3313225,"cuda_graph_span_ns":3317280.054,"event_status":0,"launch_status":0,"completion_status":0}
{"schema":"riley.owned-graph-diagnostic.v1","kind":"projection","capture_id":1,"replay_id":832,"position":36,"layer":0,"projection":"gate","operator":"override","cuda_span_ns":10240.000,"event_status":0,"launch_status":0,"completion_status":0}
{"schema":"riley.owned-graph-diagnostic.v1","kind":"read","capture_id":1,"replay_id":832,"host_read_bytes":98344,"host_read_ns":4473}
{"schema":"riley.owned-graph-diagnostic.v1","kind":"replay","capture_id":1,"replay_id":833,"position":37,"host_staging_bytes":98344,"event_setup_ns":355,"host_staging_ns":1529,"host_launch_ns":6669,"host_wait_ns":3320750,"cuda_graph_span_ns":3324768.066,"event_status":0,"launch_status":0,"completion_status":0}
{"schema":"riley.owned-graph-diagnostic.v1","kind":"projection","capture_id":1,"replay_id":833,"position":37,"layer":0,"projection":"gate","operator":"override","cuda_span_ns":10240.000,"event_status":0,"launch_status":0,"completion_status":0}
{"schema":"riley.owned-graph-diagnostic.v1","kind":"read","capture_id":1,"replay_id":833,"host_read_bytes":98344,"host_read_ns":4646}
{"schema":"riley.owned-graph-diagnostic.v1","kind":"replay","capture_id":1,"replay_id":834,"position":38,"host_staging_bytes":98344,"event_setup_ns":315,"host_staging_ns":1556,"host_launch_ns":6823,"host_wait_ns":3316625,"cuda_graph_span_ns":3320703.983,"event_status":0,"launch_status":0,"completion_status":0}
{"schema":"riley.owned-graph-diagnostic.v1","kind":"projection","capture_id":1,"replay_id":834,"position":38,"layer":0,"projection":"gate","operator":"override","cuda_span_ns":10240.000,"event_status":0,"launch_status":0,"completion_status":0}
{"schema":"riley.owned-graph-diagnostic.v1","kind":"read","capture_id":1,"replay_id":834,"host_read_bytes":98344,"host_read_ns":4371}
{"schema":"riley.owned-graph-diagnostic.v1","kind":"replay","capture_id":1,"replay_id":835,"position":39,"host_staging_bytes":98344,"event_setup_ns":399,"host_staging_ns":1528,"host_launch_ns":6770,"host_wait_ns":3315346,"cuda_graph_span_ns":3319263.935,"event_status":0,"launch_status":0,"completion_status":0}
{"schema":"riley.owned-graph-diagnostic.v1","kind":"projection","capture_id":1,"replay_id":835,"position":39,"layer":0,"projection":"gate","operator":"override","cuda_span_ns":10240.000,"event_status":0,"launch_status":0,"completion_status":0}
{"schema":"riley.owned-graph-diagnostic.v1","kind":"read","capture_id":1,"replay_id":835,"host_read_bytes":98344,"host_read_ns":4518}
{"schema":"riley.owned-graph-diagnostic.v1","kind":"replay","capture_id":1,"replay_id":836,"position":40,"host_staging_bytes":98344,"event_setup_ns":326,"host_staging_ns":1537,"host_launch_ns":6781,"host_wait_ns":3355093,"cuda_graph_span_ns":3359071.970,"event_status":0,"launch_status":0,"completion_status":0}
{"schema":"riley.owned-graph-diagnostic.v1","kind":"projection","capture_id":1,"replay_id":836,"position":40,"layer":0,"projection":"gate","operator":"override","cuda_span_ns":11264.000,"event_status":0,"launch_status":0,"completion_status":0}
{"schema":"riley.owned-graph-diagnostic.v1","kind":"read","capture_id":1,"replay_id":836,"host_read_bytes":98344,"host_read_ns":4607}
{"schema":"riley.owned-graph-diagnostic.v1","kind":"replay","capture_id":1,"replay_id":837,"position":41,"host_staging_bytes":98344,"event_setup_ns":328,"host_staging_ns":1539,"host_launch_ns":6634,"host_wait_ns":3387445,"cuda_graph_span_ns":3391295.910,"event_status":0,"launch_status":0,"completion_status":0}
{"schema":"riley.owned-graph-diagnostic.v1","kind":"projection","capture_id":1,"replay_id":837,"position":41,"layer":0,"projection":"gate","operator":"override","cuda_span_ns":10240.000,"event_status":0,"launch_status":0,"completion_status":0}
{"schema":"riley.owned-graph-diagnostic.v1","kind":"read","capture_id":1,"replay_id":837,"host_read_bytes":98344,"host_read_ns":5184}
{"schema":"riley.owned-graph-diagnostic.v1","kind":"replay","capture_id":1,"replay_id":838,"position":42,"host_staging_bytes":98344,"event_setup_ns":408,"host_staging_ns":1533,"host_launch_ns":6656,"host_wait_ns":3397947,"cuda_graph_span_ns":3402015.924,"event_status":0,"launch_status":0,"completion_status":0}
{"schema":"riley.owned-graph-diagnostic.v1","kind":"projection","capture_id":1,"replay_id":838,"position":42,"layer":0,"projection":"gate","operator":"override","cuda_span_ns":10240.000,"event_status":0,"launch_status":0,"completion_status":0}
{"schema":"riley.owned-graph-diagnostic.v1","kind":"read","capture_id":1,"replay_id":838,"host_read_bytes":98344,"host_read_ns":4680}
{"schema":"riley.owned-graph-diagnostic.v1","kind":"replay","capture_id":1,"replay_id":839,"position":43,"host_staging_bytes":98344,"event_setup_ns":536,"host_staging_ns":1533,"host_launch_ns":7042,"host_wait_ns":3395193,"cuda_graph_span_ns":3399616.003,"event_status":0,"launch_status":0,"completion_status":0}
{"schema":"riley.owned-graph-diagnostic.v1","kind":"projection","capture_id":1,"replay_id":839,"position":43,"layer":0,"projection":"gate","operator":"override","cuda_span_ns":11264.000,"event_status":0,"launch_status":0,"completion_status":0}
{"schema":"riley.owned-graph-diagnostic.v1","kind":"read","capture_id":1,"replay_id":839,"host_read_bytes":98344,"host_read_ns":4767}
{"schema":"riley.owned-graph-diagnostic.v1","kind":"replay","capture_id":1,"replay_id":840,"position":44,"host_staging_bytes":98344,"event_setup_ns":586,"host_staging_ns":1551,"host_launch_ns":7082,"host_wait_ns":3397368,"cuda_graph_span_ns":3401792.049,"event_status":0,"launch_status":0,"completion_status":0}
{"schema":"riley.owned-graph-diagnostic.v1","kind":"projection","capture_id":1,"replay_id":840,"position":44,"layer":0,"projection":"gate","operator":"override","cuda_span_ns":10240.000,"event_status":0,"launch_status":0,"completion_status":0}
{"schema":"riley.owned-graph-diagnostic.v1","kind":"read","capture_id":1,"replay_id":840,"host_read_bytes":98344,"host_read_ns":4787}
{"schema":"riley.owned-graph-diagnostic.v1","kind":"replay","capture_id":1,"replay_id":841,"position":45,"host_staging_bytes":98344,"event_setup_ns":415,"host_staging_ns":1546,"host_launch_ns":7231,"host_wait_ns":3394891,"cuda_graph_span_ns":3399456.024,"event_status":0,"launch_status":0,"completion_status":0}
{"schema":"riley.owned-graph-diagnostic.v1","kind":"projection","capture_id":1,"replay_id":841,"position":45,"layer":0,"projection":"gate","operator":"override","cuda_span_ns":11264.000,"event_status":0,"launch_status":0,"completion_status":0}
{"schema":"riley.owned-graph-diagnostic.v1","kind":"read","capture_id":1,"replay_id":841,"host_read_bytes":98344,"host_read_ns":4912}
{"schema":"riley.owned-graph-diagnostic.v1","kind":"replay","capture_id":1,"replay_id":842,"position":46,"host_staging_bytes":98344,"event_setup_ns":685,"host_staging_ns":1533,"host_launch_ns":7013,"host_wait_ns":3405720,"cuda_graph_span_ns":3409759.998,"event_status":0,"launch_status":0,"completion_status":0}
{"schema":"riley.owned-graph-diagnostic.v1","kind":"projection","capture_id":1,"replay_id":842,"position":46,"layer":0,"projection":"gate","operator":"override","cuda_span_ns":11264.000,"event_status":0,"launch_status":0,"completion_status":0}
{"schema":"riley.owned-graph-diagnostic.v1","kind":"read","capture_id":1,"replay_id":842,"host_read_bytes":98344,"host_read_ns":4554}
{"schema":"riley.owned-graph-diagnostic.v1","kind":"replay","capture_id":1,"replay_id":843,"position":47,"host_staging_bytes":98344,"event_setup_ns":495,"host_staging_ns":1549,"host_launch_ns":7212,"host_wait_ns":3397551,"cuda_graph_span_ns":3401887.894,"event_status":0,"launch_status":0,"completion_status":0}
{"schema":"riley.owned-graph-diagnostic.v1","kind":"projection","capture_id":1,"replay_id":843,"position":47,"layer":0,"projection":"gate","operator":"override","cuda_span_ns":10240.000,"event_status":0,"launch_status":0,"completion_status":0}
{"schema":"riley.owned-graph-diagnostic.v1","kind":"read","capture_id":1,"replay_id":843,"host_read_bytes":98344,"host_read_ns":4617}
{"schema":"riley.owned-graph-diagnostic.v1","kind":"replay","capture_id":1,"replay_id":844,"position":48,"host_staging_bytes":98344,"event_setup_ns":641,"host_staging_ns":1540,"host_launch_ns":6985,"host_wait_ns":3461962,"cuda_graph_span_ns":3466176.033,"event_status":0,"launch_status":0,"completion_status":0}
{"schema":"riley.owned-graph-diagnostic.v1","kind":"projection","capture_id":1,"replay_id":844,"position":48,"layer":0,"projection":"gate","operator":"override","cuda_span_ns":11264.000,"event_status":0,"launch_status":0,"completion_status":0}
{"schema":"riley.owned-graph-diagnostic.v1","kind":"read","capture_id":1,"replay_id":844,"host_read_bytes":98344,"host_read_ns":4684}
{"schema":"riley.owned-graph-diagnostic.v1","kind":"replay","capture_id":1,"replay_id":845,"position":49,"host_staging_bytes":98344,"event_setup_ns":551,"host_staging_ns":1534,"host_launch_ns":6980,"host_wait_ns":3494973,"cuda_graph_span_ns":3499488.115,"event_status":0,"launch_status":0,"completion_status":0}
{"schema":"riley.owned-graph-diagnostic.v1","kind":"projection","capture_id":1,"replay_id":845,"position":49,"layer":0,"projection":"gate","operator":"override","cuda_span_ns":10240.000,"event_status":0,"launch_status":0,"completion_status":0}
{"schema":"riley.owned-graph-diagnostic.v1","kind":"read","capture_id":1,"replay_id":845,"host_read_bytes":98344,"host_read_ns":4522}
{"schema":"riley.owned-graph-diagnostic.v1","kind":"replay","capture_id":1,"replay_id":846,"position":50,"host_staging_bytes":98344,"event_setup_ns":478,"host_staging_ns":1530,"host_launch_ns":7052,"host_wait_ns":3498064,"cuda_graph_span_ns":3502336.025,"event_status":0,"launch_status":0,"completion_status":0}
{"schema":"riley.owned-graph-diagnostic.v1","kind":"projection","capture_id":1,"replay_id":846,"position":50,"layer":0,"projection":"gate","operator":"override","cuda_span_ns":11264.000,"event_status":0,"launch_status":0,"completion_status":0}
{"schema":"riley.owned-graph-diagnostic.v1","kind":"read","capture_id":1,"replay_id":846,"host_read_bytes":98344,"host_read_ns":5088}
{"schema":"riley.owned-graph-diagnostic.v1","kind":"replay","capture_id":1,"replay_id":847,"position":51,"host_staging_bytes":98344,"event_setup_ns":326,"host_staging_ns":1513,"host_launch_ns":6795,"host_wait_ns":3504054,"cuda_graph_span_ns":3507647.991,"event_status":0,"launch_status":0,"completion_status":0}
{"schema":"riley.owned-graph-diagnostic.v1","kind":"projection","capture_id":1,"replay_id":847,"position":51,"layer":0,"projection":"gate","operator":"override","cuda_span_ns":10240.000,"event_status":0,"launch_status":0,"completion_status":0}
{"schema":"riley.owned-graph-diagnostic.v1","kind":"read","capture_id":1,"replay_id":847,"host_read_bytes":98344,"host_read_ns":5018}
{"schema":"riley.owned-graph-diagnostic.v1","kind":"replay","capture_id":1,"replay_id":848,"position":52,"host_staging_bytes":98344,"event_setup_ns":299,"host_staging_ns":1523,"host_launch_ns":6682,"host_wait_ns":3501175,"cuda_graph_span_ns":3505023.956,"event_status":0,"launch_status":0,"completion_status":0}
{"schema":"riley.owned-graph-diagnostic.v1","kind":"projection","capture_id":1,"replay_id":848,"position":52,"layer":0,"projection":"gate","operator":"override","cuda_span_ns":10240.000,"event_status":0,"launch_status":0,"completion_status":0}
{"schema":"riley.owned-graph-diagnostic.v1","kind":"read","capture_id":1,"replay_id":848,"host_read_bytes":98344,"host_read_ns":4407}
{"schema":"riley.owned-graph-diagnostic.v1","kind":"replay","capture_id":1,"replay_id":849,"position":53,"host_staging_bytes":98344,"event_setup_ns":379,"host_staging_ns":1535,"host_launch_ns":6789,"host_wait_ns":3500951,"cuda_graph_span_ns":3504960.060,"event_status":0,"launch_status":0,"completion_status":0}
{"schema":"riley.owned-graph-diagnostic.v1","kind":"projection","capture_id":1,"replay_id":849,"position":53,"layer":0,"projection":"gate","operator":"override","cuda_span_ns":11264.000,"event_status":0,"launch_status":0,"completion_status":0}
{"schema":"riley.owned-graph-diagnostic.v1","kind":"read","capture_id":1,"replay_id":849,"host_read_bytes":98344,"host_read_ns":4646}
{"schema":"riley.owned-graph-diagnostic.v1","kind":"replay","capture_id":1,"replay_id":850,"position":54,"host_staging_bytes":98344,"event_setup_ns":327,"host_staging_ns":1555,"host_launch_ns":6796,"host_wait_ns":3503036,"cuda_graph_span_ns":3507168.055,"event_status":0,"launch_status":0,"completion_status":0}
{"schema":"riley.owned-graph-diagnostic.v1","kind":"projection","capture_id":1,"replay_id":850,"position":54,"layer":0,"projection":"gate","operator":"override","cuda_span_ns":10240.000,"event_status":0,"launch_status":0,"completion_status":0}
{"schema":"riley.owned-graph-diagnostic.v1","kind":"read","capture_id":1,"replay_id":850,"host_read_bytes":98344,"host_read_ns":5032}
{"schema":"riley.owned-graph-diagnostic.v1","kind":"replay","capture_id":1,"replay_id":851,"position":55,"host_staging_bytes":98344,"event_setup_ns":328,"host_staging_ns":1523,"host_launch_ns":6985,"host_wait_ns":3504466,"cuda_graph_span_ns":3508575.916,"event_status":0,"launch_status":0,"completion_status":0}
{"schema":"riley.owned-graph-diagnostic.v1","kind":"projection","capture_id":1,"replay_id":851,"position":55,"layer":0,"projection":"gate","operator":"override","cuda_span_ns":10240.000,"event_status":0,"launch_status":0,"completion_status":0}
{"schema":"riley.owned-graph-diagnostic.v1","kind":"read","capture_id":1,"replay_id":851,"host_read_bytes":98344,"host_read_ns":4896}
{"schema":"riley.owned-graph-diagnostic.v1","kind":"replay","capture_id":1,"replay_id":852,"position":56,"host_staging_bytes":98344,"event_setup_ns":393,"host_staging_ns":1527,"host_launch_ns":6781,"host_wait_ns":3534657,"cuda_graph_span_ns":3538815.975,"event_status":0,"launch_status":0,"completion_status":0}
{"schema":"riley.owned-graph-diagnostic.v1","kind":"projection","capture_id":1,"replay_id":852,"position":56,"layer":0,"projection":"gate","operator":"override","cuda_span_ns":11264.000,"event_status":0,"launch_status":0,"completion_status":0}
{"schema":"riley.owned-graph-diagnostic.v1","kind":"read","capture_id":1,"replay_id":852,"host_read_bytes":98344,"host_read_ns":4647}
{"schema":"riley.owned-graph-diagnostic.v1","kind":"replay","capture_id":1,"replay_id":853,"position":57,"host_staging_bytes":98344,"event_setup_ns":401,"host_staging_ns":1533,"host_launch_ns":6681,"host_wait_ns":3577524,"cuda_graph_span_ns":3581151.962,"event_status":0,"launch_status":0,"completion_status":0}
{"schema":"riley.owned-graph-diagnostic.v1","kind":"projection","capture_id":1,"replay_id":853,"position":57,"layer":0,"projection":"gate","operator":"override","cuda_span_ns":10240.000,"event_status":0,"launch_status":0,"completion_status":0}
{"schema":"riley.owned-graph-diagnostic.v1","kind":"read","capture_id":1,"replay_id":853,"host_read_bytes":98344,"host_read_ns":4997}
{"schema":"riley.owned-graph-diagnostic.v1","kind":"replay","capture_id":1,"replay_id":854,"position":58,"host_staging_bytes":98344,"event_setup_ns":379,"host_staging_ns":1523,"host_launch_ns":6689,"host_wait_ns":3585125,"cuda_graph_span_ns":3589119.911,"event_status":0,"launch_status":0,"completion_status":0}
{"schema":"riley.owned-graph-diagnostic.v1","kind":"projection","capture_id":1,"replay_id":854,"position":58,"layer":0,"projection":"gate","operator":"override","cuda_span_ns":11264.000,"event_status":0,"launch_status":0,"completion_status":0}
{"schema":"riley.owned-graph-diagnostic.v1","kind":"read","capture_id":1,"replay_id":854,"host_read_bytes":98344,"host_read_ns":4814}
{"schema":"riley.owned-graph-diagnostic.v1","kind":"replay","capture_id":1,"replay_id":855,"position":59,"host_staging_bytes":98344,"event_setup_ns":327,"host_staging_ns":1522,"host_launch_ns":6603,"host_wait_ns":3587055,"cuda_graph_span_ns":3590687.990,"event_status":0,"launch_status":0,"completion_status":0}
{"schema":"riley.owned-graph-diagnostic.v1","kind":"projection","capture_id":1,"replay_id":855,"position":59,"layer":0,"projection":"gate","operator":"override","cuda_span_ns":11264.000,"event_status":0,"launch_status":0,"completion_status":0}
{"schema":"riley.owned-graph-diagnostic.v1","kind":"read","capture_id":1,"replay_id":855,"host_read_bytes":98344,"host_read_ns":4725}
{"schema":"riley.owned-graph-diagnostic.v1","kind":"replay","capture_id":1,"replay_id":856,"position":60,"host_staging_bytes":98344,"event_setup_ns":347,"host_staging_ns":1536,"host_launch_ns":6987,"host_wait_ns":3585867,"cuda_graph_span_ns":3590111.971,"event_status":0,"launch_status":0,"completion_status":0}
{"schema":"riley.owned-graph-diagnostic.v1","kind":"projection","capture_id":1,"replay_id":856,"position":60,"layer":0,"projection":"gate","operator":"override","cuda_span_ns":10240.000,"event_status":0,"launch_status":0,"completion_status":0}
{"schema":"riley.owned-graph-diagnostic.v1","kind":"read","capture_id":1,"replay_id":856,"host_read_bytes":98344,"host_read_ns":4576}
{"schema":"riley.owned-graph-diagnostic.v1","kind":"replay","capture_id":1,"replay_id":857,"position":61,"host_staging_bytes":98344,"event_setup_ns":386,"host_staging_ns":1519,"host_launch_ns":6731,"host_wait_ns":3585233,"cuda_graph_span_ns":3589247.942,"event_status":0,"launch_status":0,"completion_status":0}
{"schema":"riley.owned-graph-diagnostic.v1","kind":"projection","capture_id":1,"replay_id":857,"position":61,"layer":0,"projection":"gate","operator":"override","cuda_span_ns":11264.000,"event_status":0,"launch_status":0,"completion_status":0}
{"schema":"riley.owned-graph-diagnostic.v1","kind":"read","capture_id":1,"replay_id":857,"host_read_bytes":98344,"host_read_ns":4539}
{"schema":"riley.owned-graph-diagnostic.v1","kind":"replay","capture_id":1,"replay_id":858,"position":62,"host_staging_bytes":98344,"event_setup_ns":299,"host_staging_ns":1521,"host_launch_ns":6996,"host_wait_ns":3582928,"cuda_graph_span_ns":3587007.999,"event_status":0,"launch_status":0,"completion_status":0}
{"schema":"riley.owned-graph-diagnostic.v1","kind":"projection","capture_id":1,"replay_id":858,"position":62,"layer":0,"projection":"gate","operator":"override","cuda_span_ns":10240.000,"event_status":0,"launch_status":0,"completion_status":0}
{"schema":"riley.owned-graph-diagnostic.v1","kind":"read","capture_id":1,"replay_id":858,"host_read_bytes":98344,"host_read_ns":4638}
{"schema":"riley.owned-graph-diagnostic.v1","kind":"replay","capture_id":1,"replay_id":859,"position":63,"host_staging_bytes":98344,"event_setup_ns":375,"host_staging_ns":1544,"host_launch_ns":7197,"host_wait_ns":3584780,"cuda_graph_span_ns":3589375.973,"event_status":0,"launch_status":0,"completion_status":0}
{"schema":"riley.owned-graph-diagnostic.v1","kind":"projection","capture_id":1,"replay_id":859,"position":63,"layer":0,"projection":"gate","operator":"override","cuda_span_ns":10240.000,"event_status":0,"launch_status":0,"completion_status":0}
{"schema":"riley.owned-graph-diagnostic.v1","kind":"read","capture_id":1,"replay_id":859,"host_read_bytes":98344,"host_read_ns":4463}
{"schema":"riley.owned-graph-diagnostic.v1","kind":"replay","capture_id":1,"replay_id":860,"position":64,"host_staging_bytes":98344,"event_setup_ns":411,"host_staging_ns":1526,"host_launch_ns":6638,"host_wait_ns":3650526,"cuda_graph_span_ns":3654464.006,"event_status":0,"launch_status":0,"completion_status":0}
{"schema":"riley.owned-graph-diagnostic.v1","kind":"projection","capture_id":1,"replay_id":860,"position":64,"layer":0,"projection":"gate","operator":"override","cuda_span_ns":10240.000,"event_status":0,"launch_status":0,"completion_status":0}
{"schema":"riley.owned-graph-diagnostic.v1","kind":"read","capture_id":1,"replay_id":860,"host_read_bytes":98344,"host_read_ns":4606}
{"schema":"riley.owned-graph-diagnostic.v1","kind":"replay","capture_id":1,"replay_id":861,"position":65,"host_staging_bytes":98344,"event_setup_ns":400,"host_staging_ns":1521,"host_launch_ns":6777,"host_wait_ns":3692895,"cuda_graph_span_ns":3696703.911,"event_status":0,"launch_status":0,"completion_status":0}
{"schema":"riley.owned-graph-diagnostic.v1","kind":"projection","capture_id":1,"replay_id":861,"position":65,"layer":0,"projection":"gate","operator":"override","cuda_span_ns":10240.000,"event_status":0,"launch_status":0,"completion_status":0}
{"schema":"riley.owned-graph-diagnostic.v1","kind":"read","capture_id":1,"replay_id":861,"host_read_bytes":98344,"host_read_ns":4874}
{"schema":"riley.owned-graph-diagnostic.v1","kind":"replay","capture_id":1,"replay_id":862,"position":66,"host_staging_bytes":98344,"event_setup_ns":294,"host_staging_ns":1540,"host_launch_ns":7008,"host_wait_ns":3697077,"cuda_graph_span_ns":3701440.096,"event_status":0,"launch_status":0,"completion_status":0}
{"schema":"riley.owned-graph-diagnostic.v1","kind":"projection","capture_id":1,"replay_id":862,"position":66,"layer":0,"projection":"gate","operator":"override","cuda_span_ns":10240.000,"event_status":0,"launch_status":0,"completion_status":0}
{"schema":"riley.owned-graph-diagnostic.v1","kind":"read","capture_id":1,"replay_id":862,"host_read_bytes":98344,"host_read_ns":4578}
{"schema":"riley.owned-graph-diagnostic.v1","kind":"replay","capture_id":1,"replay_id":863,"position":67,"host_staging_bytes":98344,"event_setup_ns":379,"host_staging_ns":1534,"host_launch_ns":6990,"host_wait_ns":3697090,"cuda_graph_span_ns":3701440.096,"event_status":0,"launch_status":0,"completion_status":0}
{"schema":"riley.owned-graph-diagnostic.v1","kind":"projection","capture_id":1,"replay_id":863,"position":67,"layer":0,"projection":"gate","operator":"override","cuda_span_ns":10240.000,"event_status":0,"launch_status":0,"completion_status":0}
{"schema":"riley.owned-graph-diagnostic.v1","kind":"read","capture_id":1,"replay_id":863,"host_read_bytes":98344,"host_read_ns":4458}
{"schema":"riley.owned-graph-diagnostic.v1","kind":"replay","capture_id":1,"replay_id":864,"position":68,"host_staging_bytes":98344,"event_setup_ns":442,"host_staging_ns":1537,"host_launch_ns":6688,"host_wait_ns":3692435,"cuda_graph_span_ns":3696352.005,"event_status":0,"launch_status":0,"completion_status":0}
{"schema":"riley.owned-graph-diagnostic.v1","kind":"projection","capture_id":1,"replay_id":864,"position":68,"layer":0,"projection":"gate","operator":"override","cuda_span_ns":11264.000,"event_status":0,"launch_status":0,"completion_status":0}
{"schema":"riley.owned-graph-diagnostic.v1","kind":"read","capture_id":1,"replay_id":864,"host_read_bytes":98344,"host_read_ns":4632}
{"schema":"riley.owned-graph-diagnostic.v1","kind":"replay","capture_id":1,"replay_id":865,"position":69,"host_staging_bytes":98344,"event_setup_ns":393,"host_staging_ns":1521,"host_launch_ns":6636,"host_wait_ns":3697910,"cuda_graph_span_ns":3701855.898,"event_status":0,"launch_status":0,"completion_status":0}
{"schema":"riley.owned-graph-diagnostic.v1","kind":"projection","capture_id":1,"replay_id":865,"position":69,"layer":0,"projection":"gate","operator":"override","cuda_span_ns":10240.000,"event_status":0,"launch_status":0,"completion_status":0}
{"schema":"riley.owned-graph-diagnostic.v1","kind":"read","capture_id":1,"replay_id":865,"host_read_bytes":98344,"host_read_ns":5262}
{"schema":"riley.owned-graph-diagnostic.v1","kind":"replay","capture_id":1,"replay_id":866,"position":70,"host_staging_bytes":98344,"event_setup_ns":481,"host_staging_ns":1531,"host_launch_ns":6897,"host_wait_ns":3696920,"cuda_graph_span_ns":3701184.034,"event_status":0,"launch_status":0,"completion_status":0}
{"schema":"riley.owned-graph-diagnostic.v1","kind":"projection","capture_id":1,"replay_id":866,"position":70,"layer":0,"projection":"gate","operator":"override","cuda_span_ns":10240.000,"event_status":0,"launch_status":0,"completion_status":0}
{"schema":"riley.owned-graph-diagnostic.v1","kind":"read","capture_id":1,"replay_id":866,"host_read_bytes":98344,"host_read_ns":5002}
{"schema":"riley.owned-graph-diagnostic.v1","kind":"replay","capture_id":1,"replay_id":867,"position":71,"host_staging_bytes":98344,"event_setup_ns":389,"host_staging_ns":1541,"host_launch_ns":6743,"host_wait_ns":3698617,"cuda_graph_span_ns":3702816.010,"event_status":0,"launch_status":0,"completion_status":0}
{"schema":"riley.owned-graph-diagnostic.v1","kind":"projection","capture_id":1,"replay_id":867,"position":71,"layer":0,"projection":"gate","operator":"override","cuda_span_ns":11264.000,"event_status":0,"launch_status":0,"completion_status":0}
{"schema":"riley.owned-graph-diagnostic.v1","kind":"read","capture_id":1,"replay_id":867,"host_read_bytes":98344,"host_read_ns":4879}
{"schema":"riley.owned-graph-diagnostic.v1","kind":"replay","capture_id":1,"replay_id":868,"position":72,"host_staging_bytes":98344,"event_setup_ns":443,"host_staging_ns":1538,"host_launch_ns":6967,"host_wait_ns":3740552,"cuda_graph_span_ns":3744512.081,"event_status":0,"launch_status":0,"completion_status":0}
{"schema":"riley.owned-graph-diagnostic.v1","kind":"projection","capture_id":1,"replay_id":868,"position":72,"layer":0,"projection":"gate","operator":"override","cuda_span_ns":10240.000,"event_status":0,"launch_status":0,"completion_status":0}
{"schema":"riley.owned-graph-diagnostic.v1","kind":"read","capture_id":1,"replay_id":868,"host_read_bytes":98344,"host_read_ns":4667}
{"schema":"riley.owned-graph-diagnostic.v1","kind":"replay","capture_id":1,"replay_id":869,"position":73,"host_staging_bytes":98344,"event_setup_ns":309,"host_staging_ns":1510,"host_launch_ns":6528,"host_wait_ns":3781165,"cuda_graph_span_ns":3784895.897,"event_status":0,"launch_status":0,"completion_status":0}
{"schema":"riley.owned-graph-diagnostic.v1","kind":"projection","capture_id":1,"replay_id":869,"position":73,"layer":0,"projection":"gate","operator":"override","cuda_span_ns":10240.000,"event_status":0,"launch_status":0,"completion_status":0}
{"schema":"riley.owned-graph-diagnostic.v1","kind":"read","capture_id":1,"replay_id":869,"host_read_bytes":98344,"host_read_ns":4635}
{"schema":"riley.owned-graph-diagnostic.v1","kind":"replay","capture_id":1,"replay_id":870,"position":74,"host_staging_bytes":98344,"event_setup_ns":373,"host_staging_ns":1507,"host_launch_ns":6743,"host_wait_ns":3781357,"cuda_graph_span_ns":3785216.093,"event_status":0,"launch_status":0,"completion_status":0}
{"schema":"riley.owned-graph-diagnostic.v1","kind":"projection","capture_id":1,"replay_id":870,"position":74,"layer":0,"projection":"gate","operator":"override","cuda_span_ns":10240.000,"event_status":0,"launch_status":0,"completion_status":0}
{"schema":"riley.owned-graph-diagnostic.v1","kind":"read","capture_id":1,"replay_id":870,"host_read_bytes":98344,"host_read_ns":4738}
{"schema":"riley.owned-graph-diagnostic.v1","kind":"replay","capture_id":1,"replay_id":871,"position":75,"host_staging_bytes":98344,"event_setup_ns":307,"host_staging_ns":1530,"host_launch_ns":9870,"host_wait_ns":3781291,"cuda_graph_span_ns":3788288.116,"event_status":0,"launch_status":0,"completion_status":0}
{"schema":"riley.owned-graph-diagnostic.v1","kind":"projection","capture_id":1,"replay_id":871,"position":75,"layer":0,"projection":"gate","operator":"override","cuda_span_ns":10240.000,"event_status":0,"launch_status":0,"completion_status":0}
{"schema":"riley.owned-graph-diagnostic.v1","kind":"read","capture_id":1,"replay_id":871,"host_read_bytes":98344,"host_read_ns":4628}
{"schema":"riley.owned-graph-diagnostic.v1","kind":"replay","capture_id":1,"replay_id":872,"position":76,"host_staging_bytes":98344,"event_setup_ns":514,"host_staging_ns":1521,"host_launch_ns":6826,"host_wait_ns":3787686,"cuda_graph_span_ns":3791647.911,"event_status":0,"launch_status":0,"completion_status":0}
{"schema":"riley.owned-graph-diagnostic.v1","kind":"projection","capture_id":1,"replay_id":872,"position":76,"layer":0,"projection":"gate","operator":"override","cuda_span_ns":11264.000,"event_status":0,"launch_status":0,"completion_status":0}
{"schema":"riley.owned-graph-diagnostic.v1","kind":"read","capture_id":1,"replay_id":872,"host_read_bytes":98344,"host_read_ns":4721}
{"schema":"riley.owned-graph-diagnostic.v1","kind":"replay","capture_id":1,"replay_id":873,"position":77,"host_staging_bytes":98344,"event_setup_ns":661,"host_staging_ns":1527,"host_launch_ns":7374,"host_wait_ns":3782120,"cuda_graph_span_ns":3786783.934,"event_status":0,"launch_status":0,"completion_status":0}
{"schema":"riley.owned-graph-diagnostic.v1","kind":"projection","capture_id":1,"replay_id":873,"position":77,"layer":0,"projection":"gate","operator":"override","cuda_span_ns":10240.000,"event_status":0,"launch_status":0,"completion_status":0}
{"schema":"riley.owned-graph-diagnostic.v1","kind":"read","capture_id":1,"replay_id":873,"host_read_bytes":98344,"host_read_ns":4492}
{"schema":"riley.owned-graph-diagnostic.v1","kind":"replay","capture_id":1,"replay_id":874,"position":78,"host_staging_bytes":98344,"event_setup_ns":382,"host_staging_ns":1508,"host_launch_ns":6922,"host_wait_ns":3787604,"cuda_graph_span_ns":3791680.098,"event_status":0,"launch_status":0,"completion_status":0}
{"schema":"riley.owned-graph-diagnostic.v1","kind":"projection","capture_id":1,"replay_id":874,"position":78,"layer":0,"projection":"gate","operator":"override","cuda_span_ns":11264.000,"event_status":0,"launch_status":0,"completion_status":0}
{"schema":"riley.owned-graph-diagnostic.v1","kind":"read","capture_id":1,"replay_id":874,"host_read_bytes":98344,"host_read_ns":4442}
{"schema":"riley.owned-graph-diagnostic.v1","kind":"replay","capture_id":1,"replay_id":875,"position":79,"host_staging_bytes":98344,"event_setup_ns":456,"host_staging_ns":1512,"host_launch_ns":6539,"host_wait_ns":3790245,"cuda_graph_span_ns":3793760.061,"event_status":0,"launch_status":0,"completion_status":0}
{"schema":"riley.owned-graph-diagnostic.v1","kind":"projection","capture_id":1,"replay_id":875,"position":79,"layer":0,"projection":"gate","operator":"override","cuda_span_ns":11264.000,"event_status":0,"launch_status":0,"completion_status":0}
{"schema":"riley.owned-graph-diagnostic.v1","kind":"read","capture_id":1,"replay_id":875,"host_read_bytes":98344,"host_read_ns":4494}
{"schema":"riley.owned-graph-diagnostic.v1","kind":"replay","capture_id":1,"replay_id":876,"position":80,"host_staging_bytes":98344,"event_setup_ns":455,"host_staging_ns":1512,"host_launch_ns":7083,"host_wait_ns":3847599,"cuda_graph_span_ns":3851680.040,"event_status":0,"launch_status":0,"completion_status":0}
{"schema":"riley.owned-graph-diagnostic.v1","kind":"projection","capture_id":1,"replay_id":876,"position":80,"layer":0,"projection":"gate","operator":"override","cuda_span_ns":10240.000,"event_status":0,"launch_status":0,"completion_status":0}
{"schema":"riley.owned-graph-diagnostic.v1","kind":"read","capture_id":1,"replay_id":876,"host_read_bytes":98344,"host_read_ns":4660}
{"schema":"riley.owned-graph-diagnostic.v1","kind":"replay","capture_id":1,"replay_id":877,"position":81,"host_staging_bytes":98344,"event_setup_ns":393,"host_staging_ns":1522,"host_launch_ns":7023,"host_wait_ns":3878883,"cuda_graph_span_ns":3883264.065,"event_status":0,"launch_status":0,"completion_status":0}
{"schema":"riley.owned-graph-diagnostic.v1","kind":"projection","capture_id":1,"replay_id":877,"position":81,"layer":0,"projection":"gate","operator":"override","cuda_span_ns":10240.000,"event_status":0,"launch_status":0,"completion_status":0}
{"schema":"riley.owned-graph-diagnostic.v1","kind":"read","capture_id":1,"replay_id":877,"host_read_bytes":98344,"host_read_ns":5042}
{"schema":"riley.owned-graph-diagnostic.v1","kind":"replay","capture_id":1,"replay_id":878,"position":82,"host_staging_bytes":98344,"event_setup_ns":407,"host_staging_ns":1515,"host_launch_ns":7393,"host_wait_ns":3886637,"cuda_graph_span_ns":3891232.014,"event_status":0,"launch_status":0,"completion_status":0}
{"schema":"riley.owned-graph-diagnostic.v1","kind":"projection","capture_id":1,"replay_id":878,"position":82,"layer":0,"projection":"gate","operator":"override","cuda_span_ns":11264.000,"event_status":0,"launch_status":0,"completion_status":0}
{"schema":"riley.owned-graph-diagnostic.v1","kind":"read","capture_id":1,"replay_id":878,"host_read_bytes":98344,"host_read_ns":5007}
{"schema":"riley.owned-graph-diagnostic.v1","kind":"replay","capture_id":1,"replay_id":879,"position":83,"host_staging_bytes":98344,"event_setup_ns":367,"host_staging_ns":1516,"host_launch_ns":6496,"host_wait_ns":3881768,"cuda_graph_span_ns":3885567.904,"event_status":0,"launch_status":0,"completion_status":0}
{"schema":"riley.owned-graph-diagnostic.v1","kind":"projection","capture_id":1,"replay_id":879,"position":83,"layer":0,"projection":"gate","operator":"override","cuda_span_ns":10240.000,"event_status":0,"launch_status":0,"completion_status":0}
{"schema":"riley.owned-graph-diagnostic.v1","kind":"read","capture_id":1,"replay_id":879,"host_read_bytes":98344,"host_read_ns":4901}
{"schema":"riley.owned-graph-diagnostic.v1","kind":"replay","capture_id":1,"replay_id":880,"position":84,"host_staging_bytes":98344,"event_setup_ns":309,"host_staging_ns":1536,"host_launch_ns":6989,"host_wait_ns":3890447,"cuda_graph_span_ns":3894815.922,"event_status":0,"launch_status":0,"completion_status":0}
{"schema":"riley.owned-graph-diagnostic.v1","kind":"projection","capture_id":1,"replay_id":880,"position":84,"layer":0,"projection":"gate","operator":"override","cuda_span_ns":11264.000,"event_status":0,"launch_status":0,"completion_status":0}
{"schema":"riley.owned-graph-diagnostic.v1","kind":"read","capture_id":1,"replay_id":880,"host_read_bytes":98344,"host_read_ns":4500}
{"schema":"riley.owned-graph-diagnostic.v1","kind":"replay","capture_id":1,"replay_id":881,"position":85,"host_staging_bytes":98344,"event_setup_ns":375,"host_staging_ns":1535,"host_launch_ns":7061,"host_wait_ns":3889795,"cuda_graph_span_ns":3893919.945,"event_status":0,"launch_status":0,"completion_status":0}
{"schema":"riley.owned-graph-diagnostic.v1","kind":"projection","capture_id":1,"replay_id":881,"position":85,"layer":0,"projection":"gate","operator":"override","cuda_span_ns":10240.000,"event_status":0,"launch_status":0,"completion_status":0}
{"schema":"riley.owned-graph-diagnostic.v1","kind":"read","capture_id":1,"replay_id":881,"host_read_bytes":98344,"host_read_ns":5452}
{"schema":"riley.owned-graph-diagnostic.v1","kind":"replay","capture_id":1,"replay_id":882,"position":86,"host_staging_bytes":98344,"event_setup_ns":311,"host_staging_ns":1558,"host_launch_ns":7404,"host_wait_ns":3888547,"cuda_graph_span_ns":3893183.947,"event_status":0,"launch_status":0,"completion_status":0}
{"schema":"riley.owned-graph-diagnostic.v1","kind":"projection","capture_id":1,"replay_id":882,"position":86,"layer":0,"projection":"gate","operator":"override","cuda_span_ns":10240.000,"event_status":0,"launch_status":0,"completion_status":0}
{"schema":"riley.owned-graph-diagnostic.v1","kind":"read","capture_id":1,"replay_id":882,"host_read_bytes":98344,"host_read_ns":4961}
{"schema":"riley.owned-graph-diagnostic.v1","kind":"replay","capture_id":1,"replay_id":883,"position":87,"host_staging_bytes":98344,"event_setup_ns":462,"host_staging_ns":1524,"host_launch_ns":6778,"host_wait_ns":3881496,"cuda_graph_span_ns":3885184.050,"event_status":0,"launch_status":0,"completion_status":0}
{"schema":"riley.owned-graph-diagnostic.v1","kind":"projection","capture_id":1,"replay_id":883,"position":87,"layer":0,"projection":"gate","operator":"override","cuda_span_ns":10240.000,"event_status":0,"launch_status":0,"completion_status":0}
{"schema":"riley.owned-graph-diagnostic.v1","kind":"read","capture_id":1,"replay_id":883,"host_read_bytes":98344,"host_read_ns":4797}
{"schema":"riley.owned-graph-diagnostic.v1","kind":"replay","capture_id":1,"replay_id":884,"position":88,"host_staging_bytes":98344,"event_setup_ns":547,"host_staging_ns":1551,"host_launch_ns":7549,"host_wait_ns":3929073,"cuda_graph_span_ns":3933664.083,"event_status":0,"launch_status":0,"completion_status":0}
{"schema":"riley.owned-graph-diagnostic.v1","kind":"projection","capture_id":1,"replay_id":884,"position":88,"layer":0,"projection":"gate","operator":"override","cuda_span_ns":10240.000,"event_status":0,"launch_status":0,"completion_status":0}
{"schema":"riley.owned-graph-diagnostic.v1","kind":"read","capture_id":1,"replay_id":884,"host_read_bytes":98344,"host_read_ns":4625}
{"schema":"riley.owned-graph-diagnostic.v1","kind":"replay","capture_id":1,"replay_id":885,"position":89,"host_staging_bytes":98344,"event_setup_ns":308,"host_staging_ns":1540,"host_launch_ns":7024,"host_wait_ns":3967701,"cuda_graph_span_ns":3972064.018,"event_status":0,"launch_status":0,"completion_status":0}
{"schema":"riley.owned-graph-diagnostic.v1","kind":"projection","capture_id":1,"replay_id":885,"position":89,"layer":0,"projection":"gate","operator":"override","cuda_span_ns":10240.000,"event_status":0,"launch_status":0,"completion_status":0}
{"schema":"riley.owned-graph-diagnostic.v1","kind":"read","capture_id":1,"replay_id":885,"host_read_bytes":98344,"host_read_ns":5330}
{"schema":"riley.owned-graph-diagnostic.v1","kind":"replay","capture_id":1,"replay_id":886,"position":90,"host_staging_bytes":98344,"event_setup_ns":385,"host_staging_ns":1667,"host_launch_ns":7910,"host_wait_ns":3974872,"cuda_graph_span_ns":3979680.061,"event_status":0,"launch_status":0,"completion_status":0}
{"schema":"riley.owned-graph-diagnostic.v1","kind":"projection","capture_id":1,"replay_id":886,"position":90,"layer":0,"projection":"gate","operator":"override","cuda_span_ns":10240.000,"event_status":0,"launch_status":0,"completion_status":0}
{"schema":"riley.owned-graph-diagnostic.v1","kind":"read","capture_id":1,"replay_id":886,"host_read_bytes":98344,"host_read_ns":4918}
{"schema":"riley.owned-graph-diagnostic.v1","kind":"replay","capture_id":1,"replay_id":887,"position":91,"host_staging_bytes":98344,"event_setup_ns":808,"host_staging_ns":1552,"host_launch_ns":7761,"host_wait_ns":3971318,"cuda_graph_span_ns":3976543.903,"event_status":0,"launch_status":0,"completion_status":0}
{"schema":"riley.owned-graph-diagnostic.v1","kind":"projection","capture_id":1,"replay_id":887,"position":91,"layer":0,"projection":"gate","operator":"override","cuda_span_ns":10240.000,"event_status":0,"launch_status":0,"completion_status":0}
{"schema":"riley.owned-graph-diagnostic.v1","kind":"read","capture_id":1,"replay_id":887,"host_read_bytes":98344,"host_read_ns":4495}
{"schema":"riley.owned-graph-diagnostic.v1","kind":"replay","capture_id":1,"replay_id":888,"position":92,"host_staging_bytes":98344,"event_setup_ns":470,"host_staging_ns":1510,"host_launch_ns":7459,"host_wait_ns":3977648,"cuda_graph_span_ns":3982144.117,"event_status":0,"launch_status":0,"completion_status":0}
{"schema":"riley.owned-graph-diagnostic.v1","kind":"projection","capture_id":1,"replay_id":888,"position":92,"layer":0,"projection":"gate","operator":"override","cuda_span_ns":11264.000,"event_status":0,"launch_status":0,"completion_status":0}
{"schema":"riley.owned-graph-diagnostic.v1","kind":"read","capture_id":1,"replay_id":888,"host_read_bytes":98344,"host_read_ns":4601}
{"schema":"riley.owned-graph-diagnostic.v1","kind":"replay","capture_id":1,"replay_id":889,"position":93,"host_staging_bytes":98344,"event_setup_ns":480,"host_staging_ns":1561,"host_launch_ns":7627,"host_wait_ns":3977730,"cuda_graph_span_ns":3982527.971,"event_status":0,"launch_status":0,"completion_status":0}
{"schema":"riley.owned-graph-diagnostic.v1","kind":"projection","capture_id":1,"replay_id":889,"position":93,"layer":0,"projection":"gate","operator":"override","cuda_span_ns":11264.000,"event_status":0,"launch_status":0,"completion_status":0}
{"schema":"riley.owned-graph-diagnostic.v1","kind":"read","capture_id":1,"replay_id":889,"host_read_bytes":98344,"host_read_ns":4480}
{"schema":"riley.owned-graph-diagnostic.v1","kind":"replay","capture_id":1,"replay_id":890,"position":94,"host_staging_bytes":98344,"event_setup_ns":353,"host_staging_ns":1530,"host_launch_ns":6653,"host_wait_ns":3977247,"cuda_graph_span_ns":3981087.923,"event_status":0,"launch_status":0,"completion_status":0}
{"schema":"riley.owned-graph-diagnostic.v1","kind":"projection","capture_id":1,"replay_id":890,"position":94,"layer":0,"projection":"gate","operator":"override","cuda_span_ns":10240.000,"event_status":0,"launch_status":0,"completion_status":0}
{"schema":"riley.owned-graph-diagnostic.v1","kind":"read","capture_id":1,"replay_id":890,"host_read_bytes":98344,"host_read_ns":4537}
{"schema":"riley.owned-graph-diagnostic.v1","kind":"replay","capture_id":1,"replay_id":891,"position":95,"host_staging_bytes":98344,"event_setup_ns":369,"host_staging_ns":1554,"host_launch_ns":7221,"host_wait_ns":3971864,"cuda_graph_span_ns":3976448.059,"event_status":0,"launch_status":0,"completion_status":0}
{"schema":"riley.owned-graph-diagnostic.v1","kind":"projection","capture_id":1,"replay_id":891,"position":95,"layer":0,"projection":"gate","operator":"override","cuda_span_ns":11264.000,"event_status":0,"launch_status":0,"completion_status":0}
{"schema":"riley.owned-graph-diagnostic.v1","kind":"read","capture_id":1,"replay_id":891,"host_read_bytes":98344,"host_read_ns":5042}
{"schema":"riley.owned-graph-diagnostic.v1","kind":"replay","capture_id":1,"replay_id":892,"position":96,"host_staging_bytes":98344,"event_setup_ns":319,"host_staging_ns":1549,"host_launch_ns":7075,"host_wait_ns":4033611,"cuda_graph_span_ns":4037727.833,"event_status":0,"launch_status":0,"completion_status":0}
{"schema":"riley.owned-graph-diagnostic.v1","kind":"projection","capture_id":1,"replay_id":892,"position":96,"layer":0,"projection":"gate","operator":"override","cuda_span_ns":10240.000,"event_status":0,"launch_status":0,"completion_status":0}
{"schema":"riley.owned-graph-diagnostic.v1","kind":"read","capture_id":1,"replay_id":892,"host_read_bytes":98344,"host_read_ns":4732}
{"schema":"riley.owned-graph-diagnostic.v1","kind":"replay","capture_id":1,"replay_id":893,"position":97,"host_staging_bytes":98344,"event_setup_ns":424,"host_staging_ns":1519,"host_launch_ns":6782,"host_wait_ns":4072269,"cuda_graph_span_ns":4076479.912,"event_status":0,"launch_status":0,"completion_status":0}
{"schema":"riley.owned-graph-diagnostic.v1","kind":"projection","capture_id":1,"replay_id":893,"position":97,"layer":0,"projection":"gate","operator":"override","cuda_span_ns":10240.000,"event_status":0,"launch_status":0,"completion_status":0}
{"schema":"riley.owned-graph-diagnostic.v1","kind":"read","capture_id":1,"replay_id":893,"host_read_bytes":98344,"host_read_ns":4684}
{"schema":"riley.owned-graph-diagnostic.v1","kind":"replay","capture_id":1,"replay_id":894,"position":98,"host_staging_bytes":98344,"event_setup_ns":300,"host_staging_ns":1540,"host_launch_ns":6936,"host_wait_ns":4082947,"cuda_graph_span_ns":4087359.905,"event_status":0,"launch_status":0,"completion_status":0}
{"schema":"riley.owned-graph-diagnostic.v1","kind":"projection","capture_id":1,"replay_id":894,"position":98,"layer":0,"projection":"gate","operator":"override","cuda_span_ns":11264.000,"event_status":0,"launch_status":0,"completion_status":0}
{"schema":"riley.owned-graph-diagnostic.v1","kind":"read","capture_id":1,"replay_id":894,"host_read_bytes":98344,"host_read_ns":4856}
{"schema":"riley.owned-graph-diagnostic.v1","kind":"replay","capture_id":1,"replay_id":895,"position":99,"host_staging_bytes":98344,"event_setup_ns":437,"host_staging_ns":1507,"host_launch_ns":6567,"host_wait_ns":4074843,"cuda_graph_span_ns":4078752.041,"event_status":0,"launch_status":0,"completion_status":0}
{"schema":"riley.owned-graph-diagnostic.v1","kind":"projection","capture_id":1,"replay_id":895,"position":99,"layer":0,"projection":"gate","operator":"override","cuda_span_ns":10240.000,"event_status":0,"launch_status":0,"completion_status":0}
{"schema":"riley.owned-graph-diagnostic.v1","kind":"read","capture_id":1,"replay_id":895,"host_read_bytes":98344,"host_read_ns":4489}
{"schema":"riley.owned-graph-diagnostic.v1","kind":"replay","capture_id":1,"replay_id":896,"position":100,"host_staging_bytes":98344,"event_setup_ns":515,"host_staging_ns":1524,"host_launch_ns":6792,"host_wait_ns":4074348,"cuda_graph_span_ns":4078591.824,"event_status":0,"launch_status":0,"completion_status":0}
{"schema":"riley.owned-graph-diagnostic.v1","kind":"projection","capture_id":1,"replay_id":896,"position":100,"layer":0,"projection":"gate","operator":"override","cuda_span_ns":10240.000,"event_status":0,"launch_status":0,"completion_status":0}
{"schema":"riley.owned-graph-diagnostic.v1","kind":"read","capture_id":1,"replay_id":896,"host_read_bytes":98344,"host_read_ns":4878}
{"schema":"riley.owned-graph-diagnostic.v1","kind":"replay","capture_id":1,"replay_id":897,"position":101,"host_staging_bytes":98344,"event_setup_ns":405,"host_staging_ns":1529,"host_launch_ns":6878,"host_wait_ns":4081118,"cuda_graph_span_ns":4085375.786,"event_status":0,"launch_status":0,"completion_status":0}
{"schema":"riley.owned-graph-diagnostic.v1","kind":"projection","capture_id":1,"replay_id":897,"position":101,"layer":0,"projection":"gate","operator":"override","cuda_span_ns":10240.000,"event_status":0,"launch_status":0,"completion_status":0}
{"schema":"riley.owned-graph-diagnostic.v1","kind":"read","capture_id":1,"replay_id":897,"host_read_bytes":98344,"host_read_ns":4298}
{"schema":"riley.owned-graph-diagnostic.v1","kind":"replay","capture_id":1,"replay_id":898,"position":102,"host_staging_bytes":98344,"event_setup_ns":560,"host_staging_ns":1528,"host_launch_ns":6982,"host_wait_ns":4082503,"cuda_graph_span_ns":4086847.782,"event_status":0,"launch_status":0,"completion_status":0}
{"schema":"riley.owned-graph-diagnostic.v1","kind":"projection","capture_id":1,"replay_id":898,"position":102,"layer":0,"projection":"gate","operator":"override","cuda_span_ns":10240.000,"event_status":0,"launch_status":0,"completion_status":0}
{"schema":"riley.owned-graph-diagnostic.v1","kind":"read","capture_id":1,"replay_id":898,"host_read_bytes":98344,"host_read_ns":4973}
{"schema":"riley.owned-graph-diagnostic.v1","kind":"replay","capture_id":1,"replay_id":899,"position":103,"host_staging_bytes":98344,"event_setup_ns":865,"host_staging_ns":1516,"host_launch_ns":6638,"host_wait_ns":4081359,"cuda_graph_span_ns":4085375.786,"event_status":0,"launch_status":0,"completion_status":0}
{"schema":"riley.owned-graph-diagnostic.v1","kind":"projection","capture_id":1,"replay_id":899,"position":103,"layer":0,"projection":"gate","operator":"override","cuda_span_ns":10240.000,"event_status":0,"launch_status":0,"completion_status":0}
{"schema":"riley.owned-graph-diagnostic.v1","kind":"read","capture_id":1,"replay_id":899,"host_read_bytes":98344,"host_read_ns":4842}
{"schema":"riley.owned-graph-diagnostic.v1","kind":"replay","capture_id":1,"replay_id":900,"position":104,"host_staging_bytes":98344,"event_setup_ns":809,"host_staging_ns":1533,"host_launch_ns":6643,"host_wait_ns":4117306,"cuda_graph_span_ns":4121407.986,"event_status":0,"launch_status":0,"completion_status":0}
{"schema":"riley.owned-graph-diagnostic.v1","kind":"projection","capture_id":1,"replay_id":900,"position":104,"layer":0,"projection":"gate","operator":"override","cuda_span_ns":10240.000,"event_status":0,"launch_status":0,"completion_status":0}
{"schema":"riley.owned-graph-diagnostic.v1","kind":"read","capture_id":1,"replay_id":900,"host_read_bytes":98344,"host_read_ns":4993}
{"schema":"riley.owned-graph-diagnostic.v1","kind":"replay","capture_id":1,"replay_id":901,"position":105,"host_staging_bytes":98344,"event_setup_ns":837,"host_staging_ns":1604,"host_launch_ns":6911,"host_wait_ns":4155707,"cuda_graph_span_ns":4159840.107,"event_status":0,"launch_status":0,"completion_status":0}
{"schema":"riley.owned-graph-diagnostic.v1","kind":"projection","capture_id":1,"replay_id":901,"position":105,"layer":0,"projection":"gate","operator":"override","cuda_span_ns":11264.000,"event_status":0,"launch_status":0,"completion_status":0}
{"schema":"riley.owned-graph-diagnostic.v1","kind":"read","capture_id":1,"replay_id":901,"host_read_bytes":98344,"host_read_ns":5144}
{"schema":"riley.owned-graph-diagnostic.v1","kind":"replay","capture_id":1,"replay_id":902,"position":106,"host_staging_bytes":98344,"event_setup_ns":433,"host_staging_ns":1549,"host_launch_ns":7254,"host_wait_ns":4163965,"cuda_graph_span_ns":4168608.189,"event_status":0,"launch_status":0,"completion_status":0}
{"schema":"riley.owned-graph-diagnostic.v1","kind":"projection","capture_id":1,"replay_id":902,"position":106,"layer":0,"projection":"gate","operator":"override","cuda_span_ns":10240.000,"event_status":0,"launch_status":0,"completion_status":0}
{"schema":"riley.owned-graph-diagnostic.v1","kind":"read","capture_id":1,"replay_id":902,"host_read_bytes":98344,"host_read_ns":4602}
{"schema":"riley.owned-graph-diagnostic.v1","kind":"replay","capture_id":1,"replay_id":903,"position":107,"host_staging_bytes":98344,"event_setup_ns":456,"host_staging_ns":1544,"host_launch_ns":7446,"host_wait_ns":4157997,"cuda_graph_span_ns":4162879.944,"event_status":0,"launch_status":0,"completion_status":0}
{"schema":"riley.owned-graph-diagnostic.v1","kind":"projection","capture_id":1,"replay_id":903,"position":107,"layer":0,"projection":"gate","operator":"override","cuda_span_ns":10240.000,"event_status":0,"launch_status":0,"completion_status":0}
{"schema":"riley.owned-graph-diagnostic.v1","kind":"read","capture_id":1,"replay_id":903,"host_read_bytes":98344,"host_read_ns":5298}
{"schema":"riley.owned-graph-diagnostic.v1","kind":"replay","capture_id":1,"replay_id":904,"position":108,"host_staging_bytes":98344,"event_setup_ns":720,"host_staging_ns":1567,"host_launch_ns":7427,"host_wait_ns":4156602,"cuda_graph_span_ns":4161344.051,"event_status":0,"launch_status":0,"completion_status":0}
{"schema":"riley.owned-graph-diagnostic.v1","kind":"projection","capture_id":1,"replay_id":904,"position":108,"layer":0,"projection":"gate","operator":"override","cuda_span_ns":10240.000,"event_status":0,"launch_status":0,"completion_status":0}
{"schema":"riley.owned-graph-diagnostic.v1","kind":"read","capture_id":1,"replay_id":904,"host_read_bytes":98344,"host_read_ns":5063}
{"schema":"riley.owned-graph-diagnostic.v1","kind":"replay","capture_id":1,"replay_id":905,"position":109,"host_staging_bytes":98344,"event_setup_ns":588,"host_staging_ns":1602,"host_launch_ns":7375,"host_wait_ns":4165844,"cuda_graph_span_ns":4170368.195,"event_status":0,"launch_status":0,"completion_status":0}
{"schema":"riley.owned-graph-diagnostic.v1","kind":"projection","capture_id":1,"replay_id":905,"position":109,"layer":0,"projection":"gate","operator":"override","cuda_span_ns":11264.000,"event_status":0,"launch_status":0,"completion_status":0}
{"schema":"riley.owned-graph-diagnostic.v1","kind":"read","capture_id":1,"replay_id":905,"host_read_bytes":98344,"host_read_ns":4879}
{"schema":"riley.owned-graph-diagnostic.v1","kind":"replay","capture_id":1,"replay_id":906,"position":110,"host_staging_bytes":98344,"event_setup_ns":822,"host_staging_ns":1551,"host_launch_ns":7736,"host_wait_ns":4160883,"cuda_graph_span_ns":4165760.040,"event_status":0,"launch_status":0,"completion_status":0}
{"schema":"riley.owned-graph-diagnostic.v1","kind":"projection","capture_id":1,"replay_id":906,"position":110,"layer":0,"projection":"gate","operator":"override","cuda_span_ns":11264.000,"event_status":0,"launch_status":0,"completion_status":0}
{"schema":"riley.owned-graph-diagnostic.v1","kind":"read","capture_id":1,"replay_id":906,"host_read_bytes":98344,"host_read_ns":4763}
{"schema":"riley.owned-graph-diagnostic.v1","kind":"replay","capture_id":1,"replay_id":907,"position":111,"host_staging_bytes":98344,"event_setup_ns":700,"host_staging_ns":1601,"host_launch_ns":7603,"host_wait_ns":4165365,"cuda_graph_span_ns":4169983.864,"event_status":0,"launch_status":0,"completion_status":0}
{"schema":"riley.owned-graph-diagnostic.v1","kind":"projection","capture_id":1,"replay_id":907,"position":111,"layer":0,"projection":"gate","operator":"override","cuda_span_ns":11264.000,"event_status":0,"launch_status":0,"completion_status":0}
{"schema":"riley.owned-graph-diagnostic.v1","kind":"read","capture_id":1,"replay_id":907,"host_read_bytes":98344,"host_read_ns":5458}
{"schema":"riley.owned-graph-diagnostic.v1","kind":"replay","capture_id":1,"replay_id":908,"position":112,"host_staging_bytes":98344,"event_setup_ns":493,"host_staging_ns":1581,"host_launch_ns":7365,"host_wait_ns":4224953,"cuda_graph_span_ns":4227519.989,"event_status":0,"launch_status":0,"completion_status":0}
{"schema":"riley.owned-graph-diagnostic.v1","kind":"projection","capture_id":1,"replay_id":908,"position":112,"layer":0,"projection":"gate","operator":"override","cuda_span_ns":11264.000,"event_status":0,"launch_status":0,"completion_status":0}
{"schema":"riley.owned-graph-diagnostic.v1","kind":"read","capture_id":1,"replay_id":908,"host_read_bytes":98344,"host_read_ns":6850}
{"schema":"riley.owned-graph-diagnostic.v1","kind":"replay","capture_id":1,"replay_id":909,"position":113,"host_staging_bytes":98344,"event_setup_ns":2044,"host_staging_ns":4213,"host_launch_ns":20695,"host_wait_ns":4250302,"cuda_graph_span_ns":4268896.103,"event_status":0,"launch_status":0,"completion_status":0}
{"schema":"riley.owned-graph-diagnostic.v1","kind":"projection","capture_id":1,"replay_id":909,"position":113,"layer":0,"projection":"gate","operator":"override","cuda_span_ns":11264.000,"event_status":0,"launch_status":0,"completion_status":0}
{"schema":"riley.owned-graph-diagnostic.v1","kind":"read","capture_id":1,"replay_id":909,"host_read_bytes":98344,"host_read_ns":5736}
{"schema":"riley.owned-graph-diagnostic.v1","kind":"replay","capture_id":1,"replay_id":910,"position":114,"host_staging_bytes":98344,"event_setup_ns":677,"host_staging_ns":2960,"host_launch_ns":7140,"host_wait_ns":4266031,"cuda_graph_span_ns":4270463.943,"event_status":0,"launch_status":0,"completion_status":0}
{"schema":"riley.owned-graph-diagnostic.v1","kind":"projection","capture_id":1,"replay_id":910,"position":114,"layer":0,"projection":"gate","operator":"override","cuda_span_ns":10240.000,"event_status":0,"launch_status":0,"completion_status":0}
{"schema":"riley.owned-graph-diagnostic.v1","kind":"read","capture_id":1,"replay_id":910,"host_read_bytes":98344,"host_read_ns":5138}
{"schema":"riley.owned-graph-diagnostic.v1","kind":"replay","capture_id":1,"replay_id":911,"position":115,"host_staging_bytes":98344,"event_setup_ns":552,"host_staging_ns":2383,"host_launch_ns":6936,"host_wait_ns":4264453,"cuda_graph_span_ns":4268671.989,"event_status":0,"launch_status":0,"completion_status":0}
{"schema":"riley.owned-graph-diagnostic.v1","kind":"projection","capture_id":1,"replay_id":911,"position":115,"layer":0,"projection":"gate","operator":"override","cuda_span_ns":11264.000,"event_status":0,"launch_status":0,"completion_status":0}
{"schema":"riley.owned-graph-diagnostic.v1","kind":"read","capture_id":1,"replay_id":911,"host_read_bytes":98344,"host_read_ns":5514}
{"schema":"riley.owned-graph-diagnostic.v1","kind":"replay","capture_id":1,"replay_id":912,"position":116,"host_staging_bytes":98344,"event_setup_ns":697,"host_staging_ns":1995,"host_launch_ns":6669,"host_wait_ns":4275266,"cuda_graph_span_ns":4278816.223,"event_status":0,"launch_status":0,"completion_status":0}
{"schema":"riley.owned-graph-diagnostic.v1","kind":"projection","capture_id":1,"replay_id":912,"position":116,"layer":0,"projection":"gate","operator":"override","cuda_span_ns":10240.000,"event_status":0,"launch_status":0,"completion_status":0}
{"schema":"riley.owned-graph-diagnostic.v1","kind":"read","capture_id":1,"replay_id":912,"host_read_bytes":98344,"host_read_ns":4922}
{"schema":"riley.owned-graph-diagnostic.v1","kind":"replay","capture_id":1,"replay_id":913,"position":117,"host_staging_bytes":98344,"event_setup_ns":524,"host_staging_ns":2074,"host_launch_ns":6760,"host_wait_ns":4268104,"cuda_graph_span_ns":4271903.992,"event_status":0,"launch_status":0,"completion_status":0}
{"schema":"riley.owned-graph-diagnostic.v1","kind":"projection","capture_id":1,"replay_id":913,"position":117,"layer":0,"projection":"gate","operator":"override","cuda_span_ns":11264.000,"event_status":0,"launch_status":0,"completion_status":0}
{"schema":"riley.owned-graph-diagnostic.v1","kind":"read","capture_id":1,"replay_id":913,"host_read_bytes":98344,"host_read_ns":5193}
{"schema":"riley.owned-graph-diagnostic.v1","kind":"replay","capture_id":1,"replay_id":914,"position":118,"host_staging_bytes":98344,"event_setup_ns":459,"host_staging_ns":1863,"host_launch_ns":6699,"host_wait_ns":4271581,"cuda_graph_span_ns":4275519.848,"event_status":0,"launch_status":0,"completion_status":0}
{"schema":"riley.owned-graph-diagnostic.v1","kind":"projection","capture_id":1,"replay_id":914,"position":118,"layer":0,"projection":"gate","operator":"override","cuda_span_ns":11264.000,"event_status":0,"launch_status":0,"completion_status":0}
{"schema":"riley.owned-graph-diagnostic.v1","kind":"read","capture_id":1,"replay_id":914,"host_read_bytes":98344,"host_read_ns":5183}
{"schema":"riley.owned-graph-diagnostic.v1","kind":"replay","capture_id":1,"replay_id":915,"position":119,"host_staging_bytes":98344,"event_setup_ns":736,"host_staging_ns":1752,"host_launch_ns":7048,"host_wait_ns":4273041,"cuda_graph_span_ns":4277344.227,"event_status":0,"launch_status":0,"completion_status":0}
{"schema":"riley.owned-graph-diagnostic.v1","kind":"projection","capture_id":1,"replay_id":915,"position":119,"layer":0,"projection":"gate","operator":"override","cuda_span_ns":11264.000,"event_status":0,"launch_status":0,"completion_status":0}
{"schema":"riley.owned-graph-diagnostic.v1","kind":"read","capture_id":1,"replay_id":915,"host_read_bytes":98344,"host_read_ns":5367}
{"schema":"riley.owned-graph-diagnostic.v1","kind":"replay","capture_id":1,"replay_id":916,"position":120,"host_staging_bytes":98344,"event_setup_ns":441,"host_staging_ns":1663,"host_launch_ns":6831,"host_wait_ns":4315320,"cuda_graph_span_ns":4318943.977,"event_status":0,"launch_status":0,"completion_status":0}
{"schema":"riley.owned-graph-diagnostic.v1","kind":"projection","capture_id":1,"replay_id":916,"position":120,"layer":0,"projection":"gate","operator":"override","cuda_span_ns":11264.000,"event_status":0,"launch_status":0,"completion_status":0}
{"schema":"riley.owned-graph-diagnostic.v1","kind":"read","capture_id":1,"replay_id":916,"host_read_bytes":98344,"host_read_ns":5141}
{"schema":"riley.owned-graph-diagnostic.v1","kind":"replay","capture_id":1,"replay_id":917,"position":121,"host_staging_bytes":98344,"event_setup_ns":446,"host_staging_ns":1547,"host_launch_ns":6583,"host_wait_ns":4348150,"cuda_graph_span_ns":4352032.185,"event_status":0,"launch_status":0,"completion_status":0}
{"schema":"riley.owned-graph-diagnostic.v1","kind":"projection","capture_id":1,"replay_id":917,"position":121,"layer":0,"projection":"gate","operator":"override","cuda_span_ns":10240.000,"event_status":0,"launch_status":0,"completion_status":0}
{"schema":"riley.owned-graph-diagnostic.v1","kind":"read","capture_id":1,"replay_id":917,"host_read_bytes":98344,"host_read_ns":5096}
{"schema":"riley.owned-graph-diagnostic.v1","kind":"replay","capture_id":1,"replay_id":918,"position":122,"host_staging_bytes":98344,"event_setup_ns":621,"host_staging_ns":1570,"host_launch_ns":6769,"host_wait_ns":4357205,"cuda_graph_span_ns":4361184.120,"event_status":0,"launch_status":0,"completion_status":0}
{"schema":"riley.owned-graph-diagnostic.v1","kind":"projection","capture_id":1,"replay_id":918,"position":122,"layer":0,"projection":"gate","operator":"override","cuda_span_ns":10240.000,"event_status":0,"launch_status":0,"completion_status":0}
{"schema":"riley.owned-graph-diagnostic.v1","kind":"read","capture_id":1,"replay_id":918,"host_read_bytes":98344,"host_read_ns":4861}
{"schema":"riley.owned-graph-diagnostic.v1","kind":"replay","capture_id":1,"replay_id":919,"position":123,"host_staging_bytes":98344,"event_setup_ns":551,"host_staging_ns":1561,"host_launch_ns":6452,"host_wait_ns":4365256,"cuda_graph_span_ns":4368959.904,"event_status":0,"launch_status":0,"completion_status":0}
{"schema":"riley.owned-graph-diagnostic.v1","kind":"projection","capture_id":1,"replay_id":919,"position":123,"layer":0,"projection":"gate","operator":"override","cuda_span_ns":10240.000,"event_status":0,"launch_status":0,"completion_status":0}
{"schema":"riley.owned-graph-diagnostic.v1","kind":"read","capture_id":1,"replay_id":919,"host_read_bytes":98344,"host_read_ns":4703}
{"schema":"riley.owned-graph-diagnostic.v1","kind":"replay","capture_id":1,"replay_id":920,"position":124,"host_staging_bytes":98344,"event_setup_ns":407,"host_staging_ns":1544,"host_launch_ns":6564,"host_wait_ns":4355457,"cuda_graph_span_ns":4359168.053,"event_status":0,"launch_status":0,"completion_status":0}
{"schema":"riley.owned-graph-diagnostic.v1","kind":"projection","capture_id":1,"replay_id":920,"position":124,"layer":0,"projection":"gate","operator":"override","cuda_span_ns":11264.000,"event_status":0,"launch_status":0,"completion_status":0}
{"schema":"riley.owned-graph-diagnostic.v1","kind":"read","capture_id":1,"replay_id":920,"host_read_bytes":98344,"host_read_ns":4966}
{"schema":"riley.owned-graph-diagnostic.v1","kind":"replay","capture_id":1,"replay_id":921,"position":125,"host_staging_bytes":98344,"event_setup_ns":390,"host_staging_ns":1557,"host_launch_ns":7217,"host_wait_ns":4362730,"cuda_graph_span_ns":4367167.950,"event_status":0,"launch_status":0,"completion_status":0}
{"schema":"riley.owned-graph-diagnostic.v1","kind":"projection","capture_id":1,"replay_id":921,"position":125,"layer":0,"projection":"gate","operator":"override","cuda_span_ns":10240.000,"event_status":0,"launch_status":0,"completion_status":0}
{"schema":"riley.owned-graph-diagnostic.v1","kind":"read","capture_id":1,"replay_id":921,"host_read_bytes":98344,"host_read_ns":4950}
{"schema":"riley.owned-graph-diagnostic.v1","kind":"replay","capture_id":1,"replay_id":922,"position":126,"host_staging_bytes":98344,"event_setup_ns":335,"host_staging_ns":1531,"host_launch_ns":7256,"host_wait_ns":4363695,"cuda_graph_span_ns":4368159.771,"event_status":0,"launch_status":0,"completion_status":0}
{"schema":"riley.owned-graph-diagnostic.v1","kind":"projection","capture_id":1,"replay_id":922,"position":126,"layer":0,"projection":"gate","operator":"override","cuda_span_ns":10240.000,"event_status":0,"launch_status":0,"completion_status":0}
{"schema":"riley.owned-graph-diagnostic.v1","kind":"read","capture_id":1,"replay_id":922,"host_read_bytes":98344,"host_read_ns":4176}
{"schema":"riley.owned-graph-diagnostic.v1","kind":"replay","capture_id":1,"replay_id":923,"position":127,"host_staging_bytes":98344,"event_setup_ns":331,"host_staging_ns":1534,"host_launch_ns":7261,"host_wait_ns":4355524,"cuda_graph_span_ns":4360032.082,"event_status":0,"launch_status":0,"completion_status":0}
{"schema":"riley.owned-graph-diagnostic.v1","kind":"projection","capture_id":1,"replay_id":923,"position":127,"layer":0,"projection":"gate","operator":"override","cuda_span_ns":11264.000,"event_status":0,"launch_status":0,"completion_status":0}
{"schema":"riley.owned-graph-diagnostic.v1","kind":"read","capture_id":1,"replay_id":923,"host_read_bytes":98344,"host_read_ns":5004}
{"schema":"riley.owned-graph-diagnostic.v1","kind":"replay","capture_id":2,"replay_id":924,"position":128,"host_staging_bytes":98344,"event_setup_ns":355,"host_staging_ns":1531,"host_launch_ns":12245,"host_wait_ns":2321963,"cuda_graph_span_ns":2331455.946,"event_status":0,"launch_status":0,"completion_status":0}
{"schema":"riley.owned-graph-diagnostic.v1","kind":"projection","capture_id":2,"replay_id":924,"position":128,"layer":0,"projection":"gate","operator":"canonical","cuda_span_ns":5120.000,"event_status":0,"launch_status":0,"completion_status":0}
{"schema":"riley.owned-graph-diagnostic.v1","kind":"read","capture_id":2,"replay_id":924,"host_read_bytes":98344,"host_read_ns":4479}
{"schema":"riley.owned-graph-diagnostic.v1","kind":"replay","capture_id":2,"replay_id":925,"position":129,"host_staging_bytes":98344,"event_setup_ns":310,"host_staging_ns":1518,"host_launch_ns":6601,"host_wait_ns":2043065,"cuda_graph_span_ns":2046816.111,"event_status":0,"launch_status":0,"completion_status":0}
{"schema":"riley.owned-graph-diagnostic.v1","kind":"projection","capture_id":2,"replay_id":925,"position":129,"layer":0,"projection":"gate","operator":"canonical","cuda_span_ns":6144.000,"event_status":0,"launch_status":0,"completion_status":0}
{"schema":"riley.owned-graph-diagnostic.v1","kind":"read","capture_id":2,"replay_id":925,"host_read_bytes":98344,"host_read_ns":5005}
{"schema":"riley.owned-graph-diagnostic.v1","kind":"replay","capture_id":2,"replay_id":926,"position":130,"host_staging_bytes":98344,"event_setup_ns":383,"host_staging_ns":1509,"host_launch_ns":7083,"host_wait_ns":2048997,"cuda_graph_span_ns":2053407.907,"event_status":0,"launch_status":0,"completion_status":0}
{"schema":"riley.owned-graph-diagnostic.v1","kind":"projection","capture_id":2,"replay_id":926,"position":130,"layer":0,"projection":"gate","operator":"canonical","cuda_span_ns":5120.000,"event_status":0,"launch_status":0,"completion_status":0}
{"schema":"riley.owned-graph-diagnostic.v1","kind":"read","capture_id":2,"replay_id":926,"host_read_bytes":98344,"host_read_ns":4507}
{"schema":"riley.owned-graph-diagnostic.v1","kind":"replay","capture_id":2,"replay_id":927,"position":131,"host_staging_bytes":98344,"event_setup_ns":393,"host_staging_ns":1534,"host_launch_ns":6780,"host_wait_ns":2047175,"cuda_graph_span_ns":2051232.100,"event_status":0,"launch_status":0,"completion_status":0}
{"schema":"riley.owned-graph-diagnostic.v1","kind":"projection","capture_id":2,"replay_id":927,"position":131,"layer":0,"projection":"gate","operator":"canonical","cuda_span_ns":6144.000,"event_status":0,"launch_status":0,"completion_status":0}
{"schema":"riley.owned-graph-diagnostic.v1","kind":"read","capture_id":2,"replay_id":927,"host_read_bytes":98344,"host_read_ns":4550}
{"schema":"riley.owned-graph-diagnostic.v1","kind":"replay","capture_id":2,"replay_id":928,"position":132,"host_staging_bytes":98344,"event_setup_ns":404,"host_staging_ns":1510,"host_launch_ns":6808,"host_wait_ns":2047304,"cuda_graph_span_ns":2051615.953,"event_status":0,"launch_status":0,"completion_status":0}
{"schema":"riley.owned-graph-diagnostic.v1","kind":"projection","capture_id":2,"replay_id":928,"position":132,"layer":0,"projection":"gate","operator":"canonical","cuda_span_ns":5120.000,"event_status":0,"launch_status":0,"completion_status":0}
{"schema":"riley.owned-graph-diagnostic.v1","kind":"read","capture_id":2,"replay_id":928,"host_read_bytes":98344,"host_read_ns":4331}
{"schema":"riley.owned-graph-diagnostic.v1","kind":"replay","capture_id":2,"replay_id":929,"position":133,"host_staging_bytes":98344,"event_setup_ns":372,"host_staging_ns":1508,"host_launch_ns":6535,"host_wait_ns":2051449,"cuda_graph_span_ns":2055392.027,"event_status":0,"launch_status":0,"completion_status":0}
{"schema":"riley.owned-graph-diagnostic.v1","kind":"projection","capture_id":2,"replay_id":929,"position":133,"layer":0,"projection":"gate","operator":"canonical","cuda_span_ns":5120.000,"event_status":0,"launch_status":0,"completion_status":0}
{"schema":"riley.owned-graph-diagnostic.v1","kind":"read","capture_id":2,"replay_id":929,"host_read_bytes":98344,"host_read_ns":4710}
{"schema":"riley.owned-graph-diagnostic.v1","kind":"replay","capture_id":2,"replay_id":930,"position":134,"host_staging_bytes":98344,"event_setup_ns":314,"host_staging_ns":1526,"host_launch_ns":6471,"host_wait_ns":2049819,"cuda_graph_span_ns":2053855.896,"event_status":0,"launch_status":0,"completion_status":0}
{"schema":"riley.owned-graph-diagnostic.v1","kind":"projection","capture_id":2,"replay_id":930,"position":134,"layer":0,"projection":"gate","operator":"canonical","cuda_span_ns":5120.000,"event_status":0,"launch_status":0,"completion_status":0}
{"schema":"riley.owned-graph-diagnostic.v1","kind":"read","capture_id":2,"replay_id":930,"host_read_bytes":98344,"host_read_ns":4378}
{"schema":"riley.owned-graph-diagnostic.v1","kind":"replay","capture_id":2,"replay_id":931,"position":135,"host_staging_bytes":98344,"event_setup_ns":306,"host_staging_ns":1513,"host_launch_ns":6906,"host_wait_ns":2041416,"cuda_graph_span_ns":2045567.989,"event_status":0,"launch_status":0,"completion_status":0}
{"schema":"riley.owned-graph-diagnostic.v1","kind":"projection","capture_id":2,"replay_id":931,"position":135,"layer":0,"projection":"gate","operator":"canonical","cuda_span_ns":6144.000,"event_status":0,"launch_status":0,"completion_status":0}
{"schema":"riley.owned-graph-diagnostic.v1","kind":"read","capture_id":2,"replay_id":931,"host_read_bytes":98344,"host_read_ns":4569}
{"schema":"riley.owned-graph-diagnostic.v1","kind":"replay","capture_id":2,"replay_id":932,"position":136,"host_staging_bytes":98344,"event_setup_ns":369,"host_staging_ns":1528,"host_launch_ns":6760,"host_wait_ns":2083968,"cuda_graph_span_ns":2087840.080,"event_status":0,"launch_status":0,"completion_status":0}
{"schema":"riley.owned-graph-diagnostic.v1","kind":"projection","capture_id":2,"replay_id":932,"position":136,"layer":0,"projection":"gate","operator":"canonical","cuda_span_ns":5120.000,"event_status":0,"launch_status":0,"completion_status":0}
{"schema":"riley.owned-graph-diagnostic.v1","kind":"read","capture_id":2,"replay_id":932,"host_read_bytes":98344,"host_read_ns":4793}
{"schema":"riley.owned-graph-diagnostic.v1","kind":"replay","capture_id":2,"replay_id":933,"position":137,"host_staging_bytes":98344,"event_setup_ns":299,"host_staging_ns":1517,"host_launch_ns":6859,"host_wait_ns":2097172,"cuda_graph_span_ns":2101599.932,"event_status":0,"launch_status":0,"completion_status":0}
{"schema":"riley.owned-graph-diagnostic.v1","kind":"projection","capture_id":2,"replay_id":933,"position":137,"layer":0,"projection":"gate","operator":"canonical","cuda_span_ns":5120.000,"event_status":0,"launch_status":0,"completion_status":0}
{"schema":"riley.owned-graph-diagnostic.v1","kind":"read","capture_id":2,"replay_id":933,"host_read_bytes":98344,"host_read_ns":4841}
{"schema":"riley.owned-graph-diagnostic.v1","kind":"replay","capture_id":2,"replay_id":934,"position":138,"host_staging_bytes":98344,"event_setup_ns":312,"host_staging_ns":1516,"host_launch_ns":6833,"host_wait_ns":2097680,"cuda_graph_span_ns":2101919.889,"event_status":0,"launch_status":0,"completion_status":0}
{"schema":"riley.owned-graph-diagnostic.v1","kind":"projection","capture_id":2,"replay_id":934,"position":138,"layer":0,"projection":"gate","operator":"canonical","cuda_span_ns":6144.000,"event_status":0,"launch_status":0,"completion_status":0}
{"schema":"riley.owned-graph-diagnostic.v1","kind":"read","capture_id":2,"replay_id":934,"host_read_bytes":98344,"host_read_ns":4178}
{"schema":"riley.owned-graph-diagnostic.v1","kind":"replay","capture_id":2,"replay_id":935,"position":139,"host_staging_bytes":98344,"event_setup_ns":423,"host_staging_ns":1527,"host_launch_ns":6659,"host_wait_ns":2098537,"cuda_graph_span_ns":2102560.043,"event_status":0,"launch_status":0,"completion_status":0}
{"schema":"riley.owned-graph-diagnostic.v1","kind":"projection","capture_id":2,"replay_id":935,"position":139,"layer":0,"projection":"gate","operator":"canonical","cuda_span_ns":5120.000,"event_status":0,"launch_status":0,"completion_status":0}
{"schema":"riley.owned-graph-diagnostic.v1","kind":"read","capture_id":2,"replay_id":935,"host_read_bytes":98344,"host_read_ns":4584}
{"schema":"riley.owned-graph-diagnostic.v1","kind":"replay","capture_id":2,"replay_id":936,"position":140,"host_staging_bytes":98344,"event_setup_ns":297,"host_staging_ns":1510,"host_launch_ns":6522,"host_wait_ns":2098701,"cuda_graph_span_ns":2102751.970,"event_status":0,"launch_status":0,"completion_status":0}
{"schema":"riley.owned-graph-diagnostic.v1","kind":"projection","capture_id":2,"replay_id":936,"position":140,"layer":0,"projection":"gate","operator":"canonical","cuda_span_ns":5120.000,"event_status":0,"launch_status":0,"completion_status":0}
{"schema":"riley.owned-graph-diagnostic.v1","kind":"read","capture_id":2,"replay_id":936,"host_read_bytes":98344,"host_read_ns":4541}
{"schema":"riley.owned-graph-diagnostic.v1","kind":"replay","capture_id":2,"replay_id":937,"position":141,"host_staging_bytes":98344,"event_setup_ns":401,"host_staging_ns":1515,"host_launch_ns":9015,"host_wait_ns":2104043,"cuda_graph_span_ns":2110496.044,"event_status":0,"launch_status":0,"completion_status":0}
{"schema":"riley.owned-graph-diagnostic.v1","kind":"projection","capture_id":2,"replay_id":937,"position":141,"layer":0,"projection":"gate","operator":"canonical","cuda_span_ns":6144.000,"event_status":0,"launch_status":0,"completion_status":0}
{"schema":"riley.owned-graph-diagnostic.v1","kind":"read","capture_id":2,"replay_id":937,"host_read_bytes":98344,"host_read_ns":4459}
{"schema":"riley.owned-graph-diagnostic.v1","kind":"replay","capture_id":2,"replay_id":938,"position":142,"host_staging_bytes":98344,"event_setup_ns":393,"host_staging_ns":1540,"host_launch_ns":6728,"host_wait_ns":2101199,"cuda_graph_span_ns":2104959.965,"event_status":0,"launch_status":0,"completion_status":0}
{"schema":"riley.owned-graph-diagnostic.v1","kind":"projection","capture_id":2,"replay_id":938,"position":142,"layer":0,"projection":"gate","operator":"canonical","cuda_span_ns":5120.000,"event_status":0,"launch_status":0,"completion_status":0}
{"schema":"riley.owned-graph-diagnostic.v1","kind":"read","capture_id":2,"replay_id":938,"host_read_bytes":98344,"host_read_ns":4461}
{"schema":"riley.owned-graph-diagnostic.v1","kind":"replay","capture_id":2,"replay_id":939,"position":143,"host_staging_bytes":98344,"event_setup_ns":406,"host_staging_ns":1515,"host_launch_ns":6475,"host_wait_ns":2098784,"cuda_graph_span_ns":2102591.991,"event_status":0,"launch_status":0,"completion_status":0}
{"schema":"riley.owned-graph-diagnostic.v1","kind":"projection","capture_id":2,"replay_id":939,"position":143,"layer":0,"projection":"gate","operator":"canonical","cuda_span_ns":5120.000,"event_status":0,"launch_status":0,"completion_status":0}
{"schema":"riley.owned-graph-diagnostic.v1","kind":"read","capture_id":2,"replay_id":939,"host_read_bytes":98344,"host_read_ns":4757}
{"schema":"riley.owned-graph-diagnostic.v1","kind":"replay","capture_id":2,"replay_id":940,"position":144,"host_staging_bytes":98344,"event_setup_ns":403,"host_staging_ns":1513,"host_launch_ns":6946,"host_wait_ns":2157560,"cuda_graph_span_ns":2162048.101,"event_status":0,"launch_status":0,"completion_status":0}
{"schema":"riley.owned-graph-diagnostic.v1","kind":"projection","capture_id":2,"replay_id":940,"position":144,"layer":0,"projection":"gate","operator":"canonical","cuda_span_ns":5120.000,"event_status":0,"launch_status":0,"completion_status":0}
{"schema":"riley.owned-graph-diagnostic.v1","kind":"read","capture_id":2,"replay_id":940,"host_read_bytes":98344,"host_read_ns":4988}
{"schema":"riley.owned-graph-diagnostic.v1","kind":"replay","capture_id":2,"replay_id":941,"position":145,"host_staging_bytes":98344,"event_setup_ns":393,"host_staging_ns":1524,"host_launch_ns":6470,"host_wait_ns":2173135,"cuda_graph_span_ns":2176991.940,"event_status":0,"launch_status":0,"completion_status":0}
{"schema":"riley.owned-graph-diagnostic.v1","kind":"projection","capture_id":2,"replay_id":941,"position":145,"layer":0,"projection":"gate","operator":"canonical","cuda_span_ns":6144.000,"event_status":0,"launch_status":0,"completion_status":0}
{"schema":"riley.owned-graph-diagnostic.v1","kind":"read","capture_id":2,"replay_id":941,"host_read_bytes":98344,"host_read_ns":4234}
{"schema":"riley.owned-graph-diagnostic.v1","kind":"replay","capture_id":2,"replay_id":942,"position":146,"host_staging_bytes":98344,"event_setup_ns":522,"host_staging_ns":1518,"host_launch_ns":6998,"host_wait_ns":2173789,"cuda_graph_span_ns":2178080.082,"event_status":0,"launch_status":0,"completion_status":0}
{"schema":"riley.owned-graph-diagnostic.v1","kind":"projection","capture_id":2,"replay_id":942,"position":146,"layer":0,"projection":"gate","operator":"canonical","cuda_span_ns":5120.000,"event_status":0,"launch_status":0,"completion_status":0}
{"schema":"riley.owned-graph-diagnostic.v1","kind":"read","capture_id":2,"replay_id":942,"host_read_bytes":98344,"host_read_ns":4485}
{"schema":"riley.owned-graph-diagnostic.v1","kind":"replay","capture_id":2,"replay_id":943,"position":147,"host_staging_bytes":98344,"event_setup_ns":485,"host_staging_ns":1531,"host_launch_ns":6849,"host_wait_ns":2171816,"cuda_graph_span_ns":2175935.984,"event_status":0,"launch_status":0,"completion_status":0}
{"schema":"riley.owned-graph-diagnostic.v1","kind":"projection","capture_id":2,"replay_id":943,"position":147,"layer":0,"projection":"gate","operator":"canonical","cuda_span_ns":5120.000,"event_status":0,"launch_status":0,"completion_status":0}
{"schema":"riley.owned-graph-diagnostic.v1","kind":"read","capture_id":2,"replay_id":943,"host_read_bytes":98344,"host_read_ns":4430}
{"schema":"riley.owned-graph-diagnostic.v1","kind":"replay","capture_id":2,"replay_id":944,"position":148,"host_staging_bytes":98344,"event_setup_ns":401,"host_staging_ns":1503,"host_launch_ns":6783,"host_wait_ns":2172400,"cuda_graph_span_ns":2176831.961,"event_status":0,"launch_status":0,"completion_status":0}
{"schema":"riley.owned-graph-diagnostic.v1","kind":"projection","capture_id":2,"replay_id":944,"position":148,"layer":0,"projection":"gate","operator":"canonical","cuda_span_ns":6144.000,"event_status":0,"launch_status":0,"completion_status":0}
{"schema":"riley.owned-graph-diagnostic.v1","kind":"read","capture_id":2,"replay_id":944,"host_read_bytes":98344,"host_read_ns":4605}
{"schema":"riley.owned-graph-diagnostic.v1","kind":"replay","capture_id":2,"replay_id":945,"position":149,"host_staging_bytes":98344,"event_setup_ns":308,"host_staging_ns":1522,"host_launch_ns":6933,"host_wait_ns":2175635,"cuda_graph_span_ns":2179935.932,"event_status":0,"launch_status":0,"completion_status":0}
{"schema":"riley.owned-graph-diagnostic.v1","kind":"projection","capture_id":2,"replay_id":945,"position":149,"layer":0,"projection":"gate","operator":"canonical","cuda_span_ns":5120.000,"event_status":0,"launch_status":0,"completion_status":0}
{"schema":"riley.owned-graph-diagnostic.v1","kind":"read","capture_id":2,"replay_id":945,"host_read_bytes":98344,"host_read_ns":4213}
{"schema":"riley.owned-graph-diagnostic.v1","kind":"replay","capture_id":2,"replay_id":946,"position":150,"host_staging_bytes":98344,"event_setup_ns":408,"host_staging_ns":1503,"host_launch_ns":6485,"host_wait_ns":2173712,"cuda_graph_span_ns":2177504.063,"event_status":0,"launch_status":0,"completion_status":0}
{"schema":"riley.owned-graph-diagnostic.v1","kind":"projection","capture_id":2,"replay_id":946,"position":150,"layer":0,"projection":"gate","operator":"canonical","cuda_span_ns":5120.000,"event_status":0,"launch_status":0,"completion_status":0}
{"schema":"riley.owned-graph-diagnostic.v1","kind":"read","capture_id":2,"replay_id":946,"host_read_bytes":98344,"host_read_ns":4633}
{"schema":"riley.owned-graph-diagnostic.v1","kind":"replay","capture_id":2,"replay_id":947,"position":151,"host_staging_bytes":98344,"event_setup_ns":449,"host_staging_ns":1519,"host_launch_ns":6922,"host_wait_ns":2170511,"cuda_graph_span_ns":2174815.893,"event_status":0,"launch_status":0,"completion_status":0}
{"schema":"riley.owned-graph-diagnostic.v1","kind":"projection","capture_id":2,"replay_id":947,"position":151,"layer":0,"projection":"gate","operator":"canonical","cuda_span_ns":6144.000,"event_status":0,"launch_status":0,"completion_status":0}
{"schema":"riley.owned-graph-diagnostic.v1","kind":"read","capture_id":2,"replay_id":947,"host_read_bytes":98344,"host_read_ns":4327}
{"schema":"riley.owned-graph-diagnostic.v1","kind":"replay","capture_id":2,"replay_id":948,"position":152,"host_staging_bytes":98344,"event_setup_ns":416,"host_staging_ns":1514,"host_launch_ns":6791,"host_wait_ns":2210912,"cuda_graph_span_ns":2215231.895,"event_status":0,"launch_status":0,"completion_status":0}
{"schema":"riley.owned-graph-diagnostic.v1","kind":"projection","capture_id":2,"replay_id":948,"position":152,"layer":0,"projection":"gate","operator":"canonical","cuda_span_ns":5120.000,"event_status":0,"launch_status":0,"completion_status":0}
{"schema":"riley.owned-graph-diagnostic.v1","kind":"read","capture_id":2,"replay_id":948,"host_read_bytes":98344,"host_read_ns":4414}
{"schema":"riley.owned-graph-diagnostic.v1","kind":"replay","capture_id":2,"replay_id":949,"position":153,"host_staging_bytes":98344,"event_setup_ns":504,"host_staging_ns":1530,"host_launch_ns":6882,"host_wait_ns":2230158,"cuda_graph_span_ns":2234751.940,"event_status":0,"launch_status":0,"completion_status":0}
{"schema":"riley.owned-graph-diagnostic.v1","kind":"projection","capture_id":2,"replay_id":949,"position":153,"layer":0,"projection":"gate","operator":"canonical","cuda_span_ns":6144.000,"event_status":0,"launch_status":0,"completion_status":0}
{"schema":"riley.owned-graph-diagnostic.v1","kind":"read","capture_id":2,"replay_id":949,"host_read_bytes":98344,"host_read_ns":4624}
{"schema":"riley.owned-graph-diagnostic.v1","kind":"replay","capture_id":2,"replay_id":950,"position":154,"host_staging_bytes":98344,"event_setup_ns":523,"host_staging_ns":1513,"host_launch_ns":6912,"host_wait_ns":2230951,"cuda_graph_span_ns":2235359.907,"event_status":0,"launch_status":0,"completion_status":0}
{"schema":"riley.owned-graph-diagnostic.v1","kind":"projection","capture_id":2,"replay_id":950,"position":154,"layer":0,"projection":"gate","operator":"canonical","cuda_span_ns":5120.000,"event_status":0,"launch_status":0,"completion_status":0}
{"schema":"riley.owned-graph-diagnostic.v1","kind":"read","capture_id":2,"replay_id":950,"host_read_bytes":98344,"host_read_ns":4934}
{"schema":"riley.owned-graph-diagnostic.v1","kind":"replay","capture_id":2,"replay_id":951,"position":155,"host_staging_bytes":98344,"event_setup_ns":518,"host_staging_ns":1516,"host_launch_ns":6659,"host_wait_ns":2229093,"cuda_graph_span_ns":2233151.913,"event_status":0,"launch_status":0,"completion_status":0}
{"schema":"riley.owned-graph-diagnostic.v1","kind":"projection","capture_id":2,"replay_id":951,"position":155,"layer":0,"projection":"gate","operator":"canonical","cuda_span_ns":5120.000,"event_status":0,"launch_status":0,"completion_status":0}
{"schema":"riley.owned-graph-diagnostic.v1","kind":"read","capture_id":2,"replay_id":951,"host_read_bytes":98344,"host_read_ns":4361}
{"schema":"riley.owned-graph-diagnostic.v1","kind":"replay","capture_id":2,"replay_id":952,"position":156,"host_staging_bytes":98344,"event_setup_ns":441,"host_staging_ns":1514,"host_launch_ns":6787,"host_wait_ns":2230502,"cuda_graph_span_ns":2234848.022,"event_status":0,"launch_status":0,"completion_status":0}
{"schema":"riley.owned-graph-diagnostic.v1","kind":"projection","capture_id":2,"replay_id":952,"position":156,"layer":0,"projection":"gate","operator":"canonical","cuda_span_ns":5120.000,"event_status":0,"launch_status":0,"completion_status":0}
{"schema":"riley.owned-graph-diagnostic.v1","kind":"read","capture_id":2,"replay_id":952,"host_read_bytes":98344,"host_read_ns":4214}
{"schema":"riley.owned-graph-diagnostic.v1","kind":"replay","capture_id":2,"replay_id":953,"position":157,"host_staging_bytes":98344,"event_setup_ns":487,"host_staging_ns":1507,"host_launch_ns":6777,"host_wait_ns":2231293,"cuda_graph_span_ns":2235584.021,"event_status":0,"launch_status":0,"completion_status":0}
{"schema":"riley.owned-graph-diagnostic.v1","kind":"projection","capture_id":2,"replay_id":953,"position":157,"layer":0,"projection":"gate","operator":"canonical","cuda_span_ns":6144.000,"event_status":0,"launch_status":0,"completion_status":0}
{"schema":"riley.owned-graph-diagnostic.v1","kind":"read","capture_id":2,"replay_id":953,"host_read_bytes":98344,"host_read_ns":4725}
{"schema":"riley.owned-graph-diagnostic.v1","kind":"replay","capture_id":2,"replay_id":954,"position":158,"host_staging_bytes":98344,"event_setup_ns":445,"host_staging_ns":1516,"host_launch_ns":6556,"host_wait_ns":2230693,"cuda_graph_span_ns":2234783.888,"event_status":0,"launch_status":0,"completion_status":0}
{"schema":"riley.owned-graph-diagnostic.v1","kind":"projection","capture_id":2,"replay_id":954,"position":158,"layer":0,"projection":"gate","operator":"canonical","cuda_span_ns":5120.000,"event_status":0,"launch_status":0,"completion_status":0}
{"schema":"riley.owned-graph-diagnostic.v1","kind":"read","capture_id":2,"replay_id":954,"host_read_bytes":98344,"host_read_ns":4816}
riley graceful shutdown requested by SIGTERM
RILEY_GRAPH close replays=954
