{"schema":"riley.owned-graph-diagnostic.v1","kind":"graph","capture_id":1,"inventory_status":0,"nodes":612,"kernel_nodes":607,"memcpy_nodes":5,"other_nodes":0}
RILEY_GRAPH prepared=true policy=Require fallback=false gpu_iteration_timing=false numerics=vllm-smol-p128-v1
riley listening on http://127.0.0.1:19341 (graceful_signals=SIGINT,SIGTERM graceful_stdin_shutdown=false)
{"schema":"riley.owned-graph-diagnostic.v1","kind":"replay","capture_id":1,"replay_id":1,"position":0,"host_staging_bytes":98344,"event_setup_ns":8061,"host_staging_ns":5075,"host_launch_ns":148603,"host_wait_ns":2688444,"cuda_graph_span_ns":2834559.917,"event_status":0,"launch_status":0,"completion_status":0}
{"schema":"riley.owned-graph-diagnostic.v1","kind":"read","capture_id":1,"replay_id":1,"host_read_bytes":98344,"host_read_ns":26276}
{"schema":"riley.owned-graph-diagnostic.v1","kind":"replay","capture_id":1,"replay_id":2,"position":1,"host_staging_bytes":98344,"event_setup_ns":676,"host_staging_ns":4071,"host_launch_ns":9207,"host_wait_ns":2769280,"cuda_graph_span_ns":2775295.973,"event_status":0,"launch_status":0,"completion_status":0}
{"schema":"riley.owned-graph-diagnostic.v1","kind":"read","capture_id":1,"replay_id":2,"host_read_bytes":98344,"host_read_ns":4979}
{"schema":"riley.owned-graph-diagnostic.v1","kind":"replay","capture_id":1,"replay_id":3,"position":2,"host_staging_bytes":98344,"event_setup_ns":525,"host_staging_ns":1601,"host_launch_ns":5031,"host_wait_ns":2784935,"cuda_graph_span_ns":2787199.974,"event_status":0,"launch_status":0,"completion_status":0}
{"schema":"riley.owned-graph-diagnostic.v1","kind":"read","capture_id":1,"replay_id":3,"host_read_bytes":98344,"host_read_ns":4771}
{"schema":"riley.owned-graph-diagnostic.v1","kind":"replay","capture_id":1,"replay_id":4,"position":3,"host_staging_bytes":98344,"event_setup_ns":334,"host_staging_ns":1526,"host_launch_ns":4802,"host_wait_ns":2785462,"cuda_graph_span_ns":2787552.118,"event_status":0,"launch_status":0,"completion_status":0}
{"schema":"riley.owned-graph-diagnostic.v1","kind":"read","capture_id":1,"replay_id":4,"host_read_bytes":98344,"host_read_ns":4973}
{"schema":"riley.owned-graph-diagnostic.v1","kind":"replay","capture_id":1,"replay_id":5,"position":4,"host_staging_bytes":98344,"event_setup_ns":559,"host_staging_ns":1528,"host_launch_ns":4558,"host_wait_ns":2781395,"cuda_graph_span_ns":2783200.026,"event_status":0,"launch_status":0,"completion_status":0}
{"schema":"riley.owned-graph-diagnostic.v1","kind":"read","capture_id":1,"replay_id":5,"host_read_bytes":98344,"host_read_ns":5119}
{"schema":"riley.owned-graph-diagnostic.v1","kind":"replay","capture_id":1,"replay_id":6,"position":5,"host_staging_bytes":98344,"event_setup_ns":442,"host_staging_ns":1567,"host_launch_ns":4661,"host_wait_ns":2802119,"cuda_graph_span_ns":2803776.026,"event_status":0,"launch_status":0,"completion_status":0}
{"schema":"riley.owned-graph-diagnostic.v1","kind":"read","capture_id":1,"replay_id":6,"host_read_bytes":98344,"host_read_ns":5268}
{"schema":"riley.owned-graph-diagnostic.v1","kind":"replay","capture_id":1,"replay_id":7,"position":6,"host_staging_bytes":98344,"event_setup_ns":413,"host_staging_ns":1568,"host_launch_ns":4822,"host_wait_ns":2790058,"cuda_graph_span_ns":2792032.003,"event_status":0,"launch_status":0,"completion_status":0}
{"schema":"riley.owned-graph-diagnostic.v1","kind":"read","capture_id":1,"replay_id":7,"host_read_bytes":98344,"host_read_ns":5127}
{"schema":"riley.owned-graph-diagnostic.v1","kind":"replay","capture_id":1,"replay_id":8,"position":7,"host_staging_bytes":98344,"event_setup_ns":306,"host_staging_ns":1569,"host_launch_ns":4902,"host_wait_ns":2789046,"cuda_graph_span_ns":2790976.048,"event_status":0,"launch_status":0,"completion_status":0}
{"schema":"riley.owned-graph-diagnostic.v1","kind":"read","capture_id":1,"replay_id":8,"host_read_bytes":98344,"host_read_ns":4860}
{"schema":"riley.owned-graph-diagnostic.v1","kind":"replay","capture_id":1,"replay_id":9,"position":8,"host_staging_bytes":98344,"event_setup_ns":293,"host_staging_ns":1563,"host_launch_ns":4937,"host_wait_ns":2836391,"cuda_graph_span_ns":2838527.918,"event_status":0,"launch_status":0,"completion_status":0}
{"schema":"riley.owned-graph-diagnostic.v1","kind":"read","capture_id":1,"replay_id":9,"host_read_bytes":98344,"host_read_ns":5128}
{"schema":"riley.owned-graph-diagnostic.v1","kind":"replay","capture_id":1,"replay_id":10,"position":9,"host_staging_bytes":98344,"event_setup_ns":299,"host_staging_ns":1561,"host_launch_ns":4717,"host_wait_ns":2868951,"cuda_graph_span_ns":2870815.992,"event_status":0,"launch_status":0,"completion_status":0}
{"schema":"riley.owned-graph-diagnostic.v1","kind":"read","capture_id":1,"replay_id":10,"host_read_bytes":98344,"host_read_ns":5215}
{"schema":"riley.owned-graph-diagnostic.v1","kind":"replay","capture_id":1,"replay_id":11,"position":10,"host_staging_bytes":98344,"event_setup_ns":393,"host_staging_ns":1576,"host_launch_ns":5070,"host_wait_ns":2877738,"cuda_graph_span_ns":2880064.011,"event_status":0,"launch_status":0,"completion_status":0}
{"schema":"riley.owned-graph-diagnostic.v1","kind":"read","capture_id":1,"replay_id":11,"host_read_bytes":98344,"host_read_ns":5244}
{"schema":"riley.owned-graph-diagnostic.v1","kind":"replay","capture_id":1,"replay_id":12,"position":11,"host_staging_bytes":98344,"event_setup_ns":319,"host_staging_ns":1581,"host_launch_ns":5547,"host_wait_ns":2875431,"cuda_graph_span_ns":2878015.995,"event_status":0,"launch_status":0,"completion_status":0}
{"schema":"riley.owned-graph-diagnostic.v1","kind":"read","capture_id":1,"replay_id":12,"host_read_bytes":98344,"host_read_ns":5479}
{"schema":"riley.owned-graph-diagnostic.v1","kind":"replay","capture_id":1,"replay_id":13,"position":12,"host_staging_bytes":98344,"event_setup_ns":490,"host_staging_ns":1801,"host_launch_ns":6710,"host_wait_ns":2882493,"cuda_graph_span_ns":2886271.954,"event_status":0,"launch_status":0,"completion_status":0}
{"schema":"riley.owned-graph-diagnostic.v1","kind":"read","capture_id":1,"replay_id":13,"host_read_bytes":98344,"host_read_ns":5493}
{"schema":"riley.owned-graph-diagnostic.v1","kind":"replay","capture_id":1,"replay_id":14,"position":13,"host_staging_bytes":98344,"event_setup_ns":465,"host_staging_ns":1783,"host_launch_ns":5583,"host_wait_ns":2875724,"cuda_graph_span_ns":2878463.984,"event_status":0,"launch_status":0,"completion_status":0}
{"schema":"riley.owned-graph-diagnostic.v1","kind":"read","capture_id":1,"replay_id":14,"host_read_bytes":98344,"host_read_ns":5154}
{"schema":"riley.owned-graph-diagnostic.v1","kind":"replay","capture_id":1,"replay_id":15,"position":14,"host_staging_bytes":98344,"event_setup_ns":334,"host_staging_ns":1557,"host_launch_ns":5146,"host_wait_ns":2885475,"cuda_graph_span_ns":2887583.971,"event_status":0,"launch_status":0,"completion_status":0}
{"schema":"riley.owned-graph-diagnostic.v1","kind":"read","capture_id":1,"replay_id":15,"host_read_bytes":98344,"host_read_ns":4996}
{"schema":"riley.owned-graph-diagnostic.v1","kind":"replay","capture_id":1,"replay_id":16,"position":15,"host_staging_bytes":98344,"event_setup_ns":350,"host_staging_ns":1559,"host_launch_ns":4723,"host_wait_ns":2881022,"cuda_graph_span_ns":2882848.024,"event_status":0,"launch_status":0,"completion_status":0}
{"schema":"riley.owned-graph-diagnostic.v1","kind":"read","capture_id":1,"replay_id":16,"host_read_bytes":98344,"host_read_ns":4922}
{"schema":"riley.owned-graph-diagnostic.v1","kind":"replay","capture_id":1,"replay_id":17,"position":16,"host_staging_bytes":98344,"event_setup_ns":400,"host_staging_ns":1553,"host_launch_ns":4686,"host_wait_ns":2943349,"cuda_graph_span_ns":2945152.044,"event_status":0,"launch_status":0,"completion_status":0}
{"schema":"riley.owned-graph-diagnostic.v1","kind":"read","capture_id":1,"replay_id":17,"host_read_bytes":98344,"host_read_ns":5984}
{"schema":"riley.owned-graph-diagnostic.v1","kind":"replay","capture_id":1,"replay_id":18,"position":17,"host_staging_bytes":98344,"event_setup_ns":448,"host_staging_ns":1533,"host_launch_ns":4822,"host_wait_ns":2980146,"cuda_graph_span_ns":2981983.900,"event_status":0,"launch_status":0,"completion_status":0}
{"schema":"riley.owned-graph-diagnostic.v1","kind":"read","capture_id":1,"replay_id":18,"host_read_bytes":98344,"host_read_ns":5381}
{"schema":"riley.owned-graph-diagnostic.v1","kind":"replay","capture_id":1,"replay_id":19,"position":18,"host_staging_bytes":98344,"event_setup_ns":378,"host_staging_ns":1564,"host_launch_ns":5015,"host_wait_ns":2990198,"cuda_graph_span_ns":2992383.957,"event_status":0,"launch_status":0,"completion_status":0}
{"schema":"riley.owned-graph-diagnostic.v1","kind":"read","capture_id":1,"replay_id":19,"host_read_bytes":98344,"host_read_ns":4979}
{"schema":"riley.owned-graph-diagnostic.v1","kind":"replay","capture_id":1,"replay_id":20,"position":19,"host_staging_bytes":98344,"event_setup_ns":366,"host_staging_ns":1610,"host_launch_ns":5000,"host_wait_ns":2995259,"cuda_graph_span_ns":2997535.944,"event_status":0,"launch_status":0,"completion_status":0}
{"schema":"riley.owned-graph-diagnostic.v1","kind":"read","capture_id":1,"replay_id":20,"host_read_bytes":98344,"host_read_ns":5035}
{"schema":"riley.owned-graph-diagnostic.v1","kind":"replay","capture_id":1,"replay_id":21,"position":20,"host_staging_bytes":98344,"event_setup_ns":315,"host_staging_ns":1552,"host_launch_ns":4796,"host_wait_ns":2996889,"cuda_graph_span_ns":2998784.065,"event_status":0,"launch_status":0,"completion_status":0}
{"schema":"riley.owned-graph-diagnostic.v1","kind":"read","capture_id":1,"replay_id":21,"host_read_bytes":98344,"host_read_ns":5077}
{"schema":"riley.owned-graph-diagnostic.v1","kind":"replay","capture_id":1,"replay_id":22,"position":21,"host_staging_bytes":98344,"event_setup_ns":391,"host_staging_ns":1529,"host_launch_ns":4584,"host_wait_ns":2994615,"cuda_graph_span_ns":2996383.905,"event_status":0,"launch_status":0,"completion_status":0}
{"schema":"riley.owned-graph-diagnostic.v1","kind":"read","capture_id":1,"replay_id":22,"host_read_bytes":98344,"host_read_ns":4959}
{"schema":"riley.owned-graph-diagnostic.v1","kind":"replay","capture_id":1,"replay_id":23,"position":22,"host_staging_bytes":98344,"event_setup_ns":353,"host_staging_ns":1553,"host_launch_ns":4856,"host_wait_ns":2985911,"cuda_graph_span_ns":2987744.093,"event_status":0,"launch_status":0,"completion_status":0}
{"schema":"riley.owned-graph-diagnostic.v1","kind":"read","capture_id":1,"replay_id":23,"host_read_bytes":98344,"host_read_ns":4860}
{"schema":"riley.owned-graph-diagnostic.v1","kind":"replay","capture_id":1,"replay_id":24,"position":23,"host_staging_bytes":98344,"event_setup_ns":495,"host_staging_ns":1521,"host_launch_ns":4748,"host_wait_ns":2985750,"cuda_graph_span_ns":2987231.970,"event_status":0,"launch_status":0,"completion_status":0}
{"schema":"riley.owned-graph-diagnostic.v1","kind":"read","capture_id":1,"replay_id":24,"host_read_bytes":98344,"host_read_ns":4977}
{"schema":"riley.owned-graph-diagnostic.v1","kind":"replay","capture_id":1,"replay_id":25,"position":24,"host_staging_bytes":98344,"event_setup_ns":766,"host_staging_ns":1733,"host_launch_ns":6307,"host_wait_ns":3023859,"cuda_graph_span_ns":3026207.924,"event_status":0,"launch_status":0,"completion_status":0}
{"schema":"riley.owned-graph-diagnostic.v1","kind":"read","capture_id":1,"replay_id":25,"host_read_bytes":98344,"host_read_ns":5850}
{"schema":"riley.owned-graph-diagnostic.v1","kind":"replay","capture_id":1,"replay_id":26,"position":25,"host_staging_bytes":98344,"event_setup_ns":950,"host_staging_ns":2478,"host_launch_ns":10303,"host_wait_ns":3056509,"cuda_graph_span_ns":3063807.964,"event_status":0,"launch_status":0,"completion_status":0}
{"schema":"riley.owned-graph-diagnostic.v1","kind":"read","capture_id":1,"replay_id":26,"host_read_bytes":98344,"host_read_ns":5416}
{"schema":"riley.owned-graph-diagnostic.v1","kind":"replay","capture_id":1,"replay_id":27,"position":26,"host_staging_bytes":98344,"event_setup_ns":657,"host_staging_ns":1868,"host_launch_ns":7787,"host_wait_ns":3067671,"cuda_graph_span_ns":3072671.890,"event_status":0,"launch_status":0,"completion_status":0}
{"schema":"riley.owned-graph-diagnostic.v1","kind":"read","capture_id":1,"replay_id":27,"host_read_bytes":98344,"host_read_ns":4813}
{"schema":"riley.owned-graph-diagnostic.v1","kind":"replay","capture_id":1,"replay_id":28,"position":27,"host_staging_bytes":98344,"event_setup_ns":312,"host_staging_ns":1556,"host_launch_ns":4947,"host_wait_ns":3073221,"cuda_graph_span_ns":3075295.925,"event_status":0,"launch_status":0,"completion_status":0}
{"schema":"riley.owned-graph-diagnostic.v1","kind":"read","capture_id":1,"replay_id":28,"host_read_bytes":98344,"host_read_ns":4736}
{"schema":"riley.owned-graph-diagnostic.v1","kind":"replay","capture_id":1,"replay_id":29,"position":28,"host_staging_bytes":98344,"event_setup_ns":294,"host_staging_ns":1537,"host_launch_ns":5039,"host_wait_ns":3077433,"cuda_graph_span_ns":3079616.070,"event_status":0,"launch_status":0,"completion_status":0}
{"schema":"riley.owned-graph-diagnostic.v1","kind":"read","capture_id":1,"replay_id":29,"host_read_bytes":98344,"host_read_ns":4992}
{"schema":"riley.owned-graph-diagnostic.v1","kind":"replay","capture_id":1,"replay_id":30,"position":29,"host_staging_bytes":98344,"event_setup_ns":293,"host_staging_ns":1521,"host_launch_ns":4796,"host_wait_ns":3082596,"cuda_graph_span_ns":3084608.078,"event_status":0,"launch_status":0,"completion_status":0}
{"schema":"riley.owned-graph-diagnostic.v1","kind":"read","capture_id":1,"replay_id":30,"host_read_bytes":98344,"host_read_ns":4936}
{"schema":"riley.owned-graph-diagnostic.v1","kind":"replay","capture_id":1,"replay_id":31,"position":30,"host_staging_bytes":98344,"event_setup_ns":369,"host_staging_ns":1549,"host_launch_ns":5036,"host_wait_ns":3082500,"cuda_graph_span_ns":3084640.026,"event_status":0,"launch_status":0,"completion_status":0}
{"schema":"riley.owned-graph-diagnostic.v1","kind":"read","capture_id":1,"replay_id":31,"host_read_bytes":98344,"host_read_ns":4734}
{"schema":"riley.owned-graph-diagnostic.v1","kind":"replay","capture_id":1,"replay_id":32,"position":31,"host_staging_bytes":98344,"event_setup_ns":382,"host_staging_ns":1537,"host_launch_ns":4774,"host_wait_ns":3075999,"cuda_graph_span_ns":3077728.033,"event_status":0,"launch_status":0,"completion_status":0}
{"schema":"riley.owned-graph-diagnostic.v1","kind":"read","capture_id":1,"replay_id":32,"host_read_bytes":98344,"host_read_ns":5031}
{"schema":"riley.owned-graph-diagnostic.v1","kind":"replay","capture_id":1,"replay_id":33,"position":32,"host_staging_bytes":98344,"event_setup_ns":363,"host_staging_ns":1537,"host_launch_ns":4953,"host_wait_ns":3157706,"cuda_graph_span_ns":3159615.993,"event_status":0,"launch_status":0,"completion_status":0}
{"schema":"riley.owned-graph-diagnostic.v1","kind":"read","capture_id":1,"replay_id":33,"host_read_bytes":98344,"host_read_ns":4837}
{"schema":"riley.owned-graph-diagnostic.v1","kind":"replay","capture_id":1,"replay_id":34,"position":33,"host_staging_bytes":98344,"event_setup_ns":379,"host_staging_ns":1516,"host_launch_ns":5094,"host_wait_ns":3204045,"cuda_graph_span_ns":3206176.043,"event_status":0,"launch_status":0,"completion_status":0}
{"schema":"riley.owned-graph-diagnostic.v1","kind":"read","capture_id":1,"replay_id":34,"host_read_bytes":98344,"host_read_ns":5149}
{"schema":"riley.owned-graph-diagnostic.v1","kind":"replay","capture_id":1,"replay_id":35,"position":34,"host_staging_bytes":98344,"event_setup_ns":337,"host_staging_ns":1557,"host_launch_ns":4704,"host_wait_ns":3188735,"cuda_graph_span_ns":3190464.020,"event_status":0,"launch_status":0,"completion_status":0}
{"schema":"riley.owned-graph-diagnostic.v1","kind":"read","capture_id":1,"replay_id":35,"host_read_bytes":98344,"host_read_ns":4810}
{"schema":"riley.owned-graph-diagnostic.v1","kind":"replay","capture_id":1,"replay_id":36,"position":35,"host_staging_bytes":98344,"event_setup_ns":289,"host_staging_ns":1523,"host_launch_ns":4880,"host_wait_ns":3072708,"cuda_graph_span_ns":3074624.062,"event_status":0,"launch_status":0,"completion_status":0}
{"schema":"riley.owned-graph-diagnostic.v1","kind":"read","capture_id":1,"replay_id":36,"host_read_bytes":98344,"host_read_ns":4629}
{"schema":"riley.owned-graph-diagnostic.v1","kind":"replay","capture_id":1,"replay_id":37,"position":36,"host_staging_bytes":98344,"event_setup_ns":354,"host_staging_ns":1530,"host_launch_ns":5348,"host_wait_ns":3054155,"cuda_graph_span_ns":3056672.096,"event_status":0,"launch_status":0,"completion_status":0}
{"schema":"riley.owned-graph-diagnostic.v1","kind":"read","capture_id":1,"replay_id":37,"host_read_bytes":98344,"host_read_ns":4823}
{"schema":"riley.owned-graph-diagnostic.v1","kind":"replay","capture_id":1,"replay_id":38,"position":37,"host_staging_bytes":98344,"event_setup_ns":302,"host_staging_ns":1546,"host_launch_ns":4900,"host_wait_ns":3073262,"cuda_graph_span_ns":3075328.112,"event_status":0,"launch_status":0,"completion_status":0}
{"schema":"riley.owned-graph-diagnostic.v1","kind":"read","capture_id":1,"replay_id":38,"host_read_bytes":98344,"host_read_ns":4728}
{"schema":"riley.owned-graph-diagnostic.v1","kind":"replay","capture_id":1,"replay_id":39,"position":38,"host_staging_bytes":98344,"event_setup_ns":297,"host_staging_ns":1523,"host_launch_ns":4974,"host_wait_ns":3067613,"cuda_graph_span_ns":3069600.105,"event_status":0,"launch_status":0,"completion_status":0}
{"schema":"riley.owned-graph-diagnostic.v1","kind":"read","capture_id":1,"replay_id":39,"host_read_bytes":98344,"host_read_ns":5479}
{"schema":"riley.owned-graph-diagnostic.v1","kind":"replay","capture_id":1,"replay_id":40,"position":39,"host_staging_bytes":98344,"event_setup_ns":393,"host_staging_ns":1518,"host_launch_ns":4714,"host_wait_ns":3058466,"cuda_graph_span_ns":3060256.004,"event_status":0,"launch_status":0,"completion_status":0}
{"schema":"riley.owned-graph-diagnostic.v1","kind":"read","capture_id":1,"replay_id":40,"host_read_bytes":98344,"host_read_ns":4554}
{"schema":"riley.owned-graph-diagnostic.v1","kind":"replay","capture_id":1,"replay_id":41,"position":40,"host_staging_bytes":98344,"event_setup_ns":376,"host_staging_ns":1515,"host_launch_ns":4859,"host_wait_ns":3111946,"cuda_graph_span_ns":3113791.943,"event_status":0,"launch_status":0,"completion_status":0}
{"schema":"riley.owned-graph-diagnostic.v1","kind":"read","capture_id":1,"replay_id":41,"host_read_bytes":98344,"host_read_ns":4767}
{"schema":"riley.owned-graph-diagnostic.v1","kind":"replay","capture_id":1,"replay_id":42,"position":41,"host_staging_bytes":98344,"event_setup_ns":388,"host_staging_ns":1514,"host_launch_ns":5157,"host_wait_ns":3136373,"cuda_graph_span_ns":3138623.953,"event_status":0,"launch_status":0,"completion_status":0}
{"schema":"riley.owned-graph-diagnostic.v1","kind":"read","capture_id":1,"replay_id":42,"host_read_bytes":98344,"host_read_ns":4775}
{"schema":"riley.owned-graph-diagnostic.v1","kind":"replay","capture_id":1,"replay_id":43,"position":42,"host_staging_bytes":98344,"event_setup_ns":333,"host_staging_ns":1525,"host_launch_ns":4844,"host_wait_ns":3147195,"cuda_graph_span_ns":3149280.071,"event_status":0,"launch_status":0,"completion_status":0}
{"schema":"riley.owned-graph-diagnostic.v1","kind":"read","capture_id":1,"replay_id":43,"host_read_bytes":98344,"host_read_ns":5222}
{"schema":"riley.owned-graph-diagnostic.v1","kind":"replay","capture_id":1,"replay_id":44,"position":43,"host_staging_bytes":98344,"event_setup_ns":372,"host_staging_ns":1542,"host_launch_ns":5145,"host_wait_ns":3148010,"cuda_graph_span_ns":3150111.914,"event_status":0,"launch_status":0,"completion_status":0}
{"schema":"riley.owned-graph-diagnostic.v1","kind":"read","capture_id":1,"replay_id":44,"host_read_bytes":98344,"host_read_ns":4655}
{"schema":"riley.owned-graph-diagnostic.v1","kind":"replay","capture_id":1,"replay_id":45,"position":44,"host_staging_bytes":98344,"event_setup_ns":629,"host_staging_ns":1538,"host_launch_ns":4741,"host_wait_ns":3145075,"cuda_graph_span_ns":3146559.954,"event_status":0,"launch_status":0,"completion_status":0}
{"schema":"riley.owned-graph-diagnostic.v1","kind":"read","capture_id":1,"replay_id":45,"host_read_bytes":98344,"host_read_ns":5160}
{"schema":"riley.owned-graph-diagnostic.v1","kind":"replay","capture_id":1,"replay_id":46,"position":45,"host_staging_bytes":98344,"event_setup_ns":997,"host_staging_ns":1630,"host_launch_ns":6254,"host_wait_ns":3142288,"cuda_graph_span_ns":3145503.998,"event_status":0,"launch_status":0,"completion_status":0}
{"schema":"riley.owned-graph-diagnostic.v1","kind":"read","capture_id":1,"replay_id":46,"host_read_bytes":98344,"host_read_ns":5109}
{"schema":"riley.owned-graph-diagnostic.v1","kind":"replay","capture_id":1,"replay_id":47,"position":46,"host_staging_bytes":98344,"event_setup_ns":805,"host_staging_ns":1803,"host_launch_ns":7024,"host_wait_ns":3140541,"cuda_graph_span_ns":3144927.979,"event_status":0,"launch_status":0,"completion_status":0}
{"schema":"riley.owned-graph-diagnostic.v1","kind":"read","capture_id":1,"replay_id":47,"host_read_bytes":98344,"host_read_ns":4825}
{"schema":"riley.owned-graph-diagnostic.v1","kind":"replay","capture_id":1,"replay_id":48,"position":47,"host_staging_bytes":98344,"event_setup_ns":581,"host_staging_ns":1639,"host_launch_ns":5571,"host_wait_ns":3136113,"cuda_graph_span_ns":3138751.984,"event_status":0,"launch_status":0,"completion_status":0}
{"schema":"riley.owned-graph-diagnostic.v1","kind":"read","capture_id":1,"replay_id":48,"host_read_bytes":98344,"host_read_ns":5538}
{"schema":"riley.owned-graph-diagnostic.v1","kind":"replay","capture_id":1,"replay_id":49,"position":48,"host_staging_bytes":98344,"event_setup_ns":478,"host_staging_ns":1608,"host_launch_ns":5472,"host_wait_ns":3201403,"cuda_graph_span_ns":3203999.996,"event_status":0,"launch_status":0,"completion_status":0}
{"schema":"riley.owned-graph-diagnostic.v1","kind":"read","capture_id":1,"replay_id":49,"host_read_bytes":98344,"host_read_ns":5039}
{"schema":"riley.owned-graph-diagnostic.v1","kind":"replay","capture_id":1,"replay_id":50,"position":49,"host_staging_bytes":98344,"event_setup_ns":529,"host_staging_ns":1578,"host_launch_ns":6099,"host_wait_ns":3229137,"cuda_graph_span_ns":3232415.915,"event_status":0,"launch_status":0,"completion_status":0}
{"schema":"riley.owned-graph-diagnostic.v1","kind":"read","capture_id":1,"replay_id":50,"host_read_bytes":98344,"host_read_ns":5128}
{"schema":"riley.owned-graph-diagnostic.v1","kind":"replay","capture_id":1,"replay_id":51,"position":50,"host_staging_bytes":98344,"event_setup_ns":427,"host_staging_ns":1600,"host_launch_ns":5418,"host_wait_ns":3244175,"cuda_graph_span_ns":3246560.097,"event_status":0,"launch_status":0,"completion_status":0}
{"schema":"riley.owned-graph-diagnostic.v1","kind":"read","capture_id":1,"replay_id":51,"host_read_bytes":98344,"host_read_ns":4787}
{"schema":"riley.owned-graph-diagnostic.v1","kind":"replay","capture_id":1,"replay_id":52,"position":51,"host_staging_bytes":98344,"event_setup_ns":372,"host_staging_ns":1561,"host_launch_ns":4793,"host_wait_ns":3256975,"cuda_graph_span_ns":3259040.117,"event_status":0,"launch_status":0,"completion_status":0}
{"schema":"riley.owned-graph-diagnostic.v1","kind":"read","capture_id":1,"replay_id":52,"host_read_bytes":98344,"host_read_ns":5073}
{"schema":"riley.owned-graph-diagnostic.v1","kind":"replay","capture_id":1,"replay_id":53,"position":52,"host_staging_bytes":98344,"event_setup_ns":533,"host_staging_ns":1555,"host_launch_ns":4881,"host_wait_ns":3255437,"cuda_graph_span_ns":3257535.934,"event_status":0,"launch_status":0,"completion_status":0}
{"schema":"riley.owned-graph-diagnostic.v1","kind":"read","capture_id":1,"replay_id":53,"host_read_bytes":98344,"host_read_ns":4620}
{"schema":"riley.owned-graph-diagnostic.v1","kind":"replay","capture_id":1,"replay_id":54,"position":53,"host_staging_bytes":98344,"event_setup_ns":291,"host_staging_ns":1503,"host_launch_ns":4890,"host_wait_ns":3253286,"cuda_graph_span_ns":3255359.888,"event_status":0,"launch_status":0,"completion_status":0}
{"schema":"riley.owned-graph-diagnostic.v1","kind":"read","capture_id":1,"replay_id":54,"host_read_bytes":98344,"host_read_ns":4700}
{"schema":"riley.owned-graph-diagnostic.v1","kind":"replay","capture_id":1,"replay_id":55,"position":54,"host_staging_bytes":98344,"event_setup_ns":290,"host_staging_ns":1532,"host_launch_ns":4698,"host_wait_ns":3249644,"cuda_graph_span_ns":3251391.888,"event_status":0,"launch_status":0,"completion_status":0}
{"schema":"riley.owned-graph-diagnostic.v1","kind":"read","capture_id":1,"replay_id":55,"host_read_bytes":98344,"host_read_ns":4658}
{"schema":"riley.owned-graph-diagnostic.v1","kind":"replay","capture_id":1,"replay_id":56,"position":55,"host_staging_bytes":98344,"event_setup_ns":285,"host_staging_ns":1527,"host_launch_ns":4722,"host_wait_ns":3251330,"cuda_graph_span_ns":3253376.007,"event_status":0,"launch_status":0,"completion_status":0}
{"schema":"riley.owned-graph-diagnostic.v1","kind":"read","capture_id":1,"replay_id":56,"host_read_bytes":98344,"host_read_ns":4766}
{"schema":"riley.owned-graph-diagnostic.v1","kind":"replay","capture_id":1,"replay_id":57,"position":56,"host_staging_bytes":98344,"event_setup_ns":349,"host_staging_ns":1516,"host_launch_ns":4909,"host_wait_ns":3283932,"cuda_graph_span_ns":3285887.957,"event_status":0,"launch_status":0,"completion_status":0}
{"schema":"riley.owned-graph-diagnostic.v1","kind":"read","capture_id":1,"replay_id":57,"host_read_bytes":98344,"host_read_ns":4775}
{"schema":"riley.owned-graph-diagnostic.v1","kind":"replay","capture_id":1,"replay_id":58,"position":57,"host_staging_bytes":98344,"event_setup_ns":809,"host_staging_ns":1639,"host_launch_ns":6537,"host_wait_ns":3322678,"cuda_graph_span_ns":3326719.999,"event_status":0,"launch_status":0,"completion_status":0}
{"schema":"riley.owned-graph-diagnostic.v1","kind":"read","capture_id":1,"replay_id":58,"host_read_bytes":98344,"host_read_ns":4706}
{"schema":"riley.owned-graph-diagnostic.v1","kind":"replay","capture_id":1,"replay_id":59,"position":58,"host_staging_bytes":98344,"event_setup_ns":383,"host_staging_ns":1618,"host_launch_ns":5480,"host_wait_ns":3326095,"cuda_graph_span_ns":3328864.098,"event_status":0,"launch_status":0,"completion_status":0}
{"schema":"riley.owned-graph-diagnostic.v1","kind":"read","capture_id":1,"replay_id":59,"host_read_bytes":98344,"host_read_ns":4923}
{"schema":"riley.owned-graph-diagnostic.v1","kind":"replay","capture_id":1,"replay_id":60,"position":59,"host_staging_bytes":98344,"event_setup_ns":307,"host_staging_ns":1542,"host_launch_ns":4990,"host_wait_ns":3319612,"cuda_graph_span_ns":3321727.991,"event_status":0,"launch_status":0,"completion_status":0}
{"schema":"riley.owned-graph-diagnostic.v1","kind":"read","capture_id":1,"replay_id":60,"host_read_bytes":98344,"host_read_ns":5008}
{"schema":"riley.owned-graph-diagnostic.v1","kind":"replay","capture_id":1,"replay_id":61,"position":60,"host_staging_bytes":98344,"event_setup_ns":477,"host_staging_ns":1636,"host_launch_ns":6646,"host_wait_ns":3320615,"cuda_graph_span_ns":3324736.118,"event_status":0,"launch_status":0,"completion_status":0}
{"schema":"riley.owned-graph-diagnostic.v1","kind":"read","capture_id":1,"replay_id":61,"host_read_bytes":98344,"host_read_ns":4894}
{"schema":"riley.owned-graph-diagnostic.v1","kind":"replay","capture_id":1,"replay_id":62,"position":61,"host_staging_bytes":98344,"event_setup_ns":364,"host_staging_ns":1628,"host_launch_ns":5792,"host_wait_ns":3333886,"cuda_graph_span_ns":3336895.943,"event_status":0,"launch_status":0,"completion_status":0}
{"schema":"riley.owned-graph-diagnostic.v1","kind":"read","capture_id":1,"replay_id":62,"host_read_bytes":98344,"host_read_ns":4747}
{"schema":"riley.owned-graph-diagnostic.v1","kind":"replay","capture_id":1,"replay_id":63,"position":62,"host_staging_bytes":98344,"event_setup_ns":430,"host_staging_ns":1625,"host_launch_ns":5900,"host_wait_ns":3339899,"cuda_graph_span_ns":3342943.907,"event_status":0,"launch_status":0,"completion_status":0}
{"schema":"riley.owned-graph-diagnostic.v1","kind":"read","capture_id":1,"replay_id":63,"host_read_bytes":98344,"host_read_ns":5236}
{"schema":"riley.owned-graph-diagnostic.v1","kind":"replay","capture_id":1,"replay_id":64,"position":63,"host_staging_bytes":98344,"event_setup_ns":791,"host_staging_ns":1647,"host_launch_ns":6345,"host_wait_ns":3337697,"cuda_graph_span_ns":3341023.922,"event_status":0,"launch_status":0,"completion_status":0}
{"schema":"riley.owned-graph-diagnostic.v1","kind":"read","capture_id":1,"replay_id":64,"host_read_bytes":98344,"host_read_ns":5391}
{"schema":"riley.owned-graph-diagnostic.v1","kind":"replay","capture_id":1,"replay_id":65,"position":64,"host_staging_bytes":98344,"event_setup_ns":469,"host_staging_ns":1563,"host_launch_ns":5322,"host_wait_ns":3388467,"cuda_graph_span_ns":3390719.891,"event_status":0,"launch_status":0,"completion_status":0}
{"schema":"riley.owned-graph-diagnostic.v1","kind":"read","capture_id":1,"replay_id":65,"host_read_bytes":98344,"host_read_ns":4724}
{"schema":"riley.owned-graph-diagnostic.v1","kind":"replay","capture_id":1,"replay_id":66,"position":65,"host_staging_bytes":98344,"event_setup_ns":436,"host_staging_ns":1547,"host_launch_ns":5236,"host_wait_ns":3428462,"cuda_graph_span_ns":3430880.070,"event_status":0,"launch_status":0,"completion_status":0}
{"schema":"riley.owned-graph-diagnostic.v1","kind":"read","capture_id":1,"replay_id":66,"host_read_bytes":98344,"host_read_ns":5006}
{"schema":"riley.owned-graph-diagnostic.v1","kind":"replay","capture_id":1,"replay_id":67,"position":66,"host_staging_bytes":98344,"event_setup_ns":445,"host_staging_ns":1514,"host_launch_ns":5183,"host_wait_ns":3437364,"cuda_graph_span_ns":3439519.882,"event_status":0,"launch_status":0,"completion_status":0}
{"schema":"riley.owned-graph-diagnostic.v1","kind":"read","capture_id":1,"replay_id":67,"host_read_bytes":98344,"host_read_ns":5000}
{"schema":"riley.owned-graph-diagnostic.v1","kind":"replay","capture_id":1,"replay_id":68,"position":67,"host_staging_bytes":98344,"event_setup_ns":552,"host_staging_ns":1600,"host_launch_ns":5572,"host_wait_ns":3436903,"cuda_graph_span_ns":3439680.099,"event_status":0,"launch_status":0,"completion_status":0}
{"schema":"riley.owned-graph-diagnostic.v1","kind":"read","capture_id":1,"replay_id":68,"host_read_bytes":98344,"host_read_ns":4963}
{"schema":"riley.owned-graph-diagnostic.v1","kind":"replay","capture_id":1,"replay_id":69,"position":68,"host_staging_bytes":98344,"event_setup_ns":518,"host_staging_ns":1596,"host_launch_ns":6016,"host_wait_ns":3438840,"cuda_graph_span_ns":3441855.907,"event_status":0,"launch_status":0,"completion_status":0}
{"schema":"riley.owned-graph-diagnostic.v1","kind":"read","capture_id":1,"replay_id":69,"host_read_bytes":98344,"host_read_ns":5208}
{"schema":"riley.owned-graph-diagnostic.v1","kind":"replay","capture_id":1,"replay_id":70,"position":69,"host_staging_bytes":98344,"event_setup_ns":590,"host_staging_ns":1690,"host_launch_ns":5849,"host_wait_ns":3447683,"cuda_graph_span_ns":3450815.916,"event_status":0,"launch_status":0,"completion_status":0}
{"schema":"riley.owned-graph-diagnostic.v1","kind":"read","capture_id":1,"replay_id":70,"host_read_bytes":98344,"host_read_ns":5100}
{"schema":"riley.owned-graph-diagnostic.v1","kind":"replay","capture_id":1,"replay_id":71,"position":70,"host_staging_bytes":98344,"event_setup_ns":553,"host_staging_ns":1612,"host_launch_ns":7043,"host_wait_ns":3432901,"cuda_graph_span_ns":3437567.949,"event_status":0,"launch_status":0,"completion_status":0}
{"schema":"riley.owned-graph-diagnostic.v1","kind":"read","capture_id":1,"replay_id":71,"host_read_bytes":98344,"host_read_ns":5360}
{"schema":"riley.owned-graph-diagnostic.v1","kind":"replay","capture_id":1,"replay_id":72,"position":71,"host_staging_bytes":98344,"event_setup_ns":617,"host_staging_ns":1608,"host_launch_ns":5190,"host_wait_ns":3432477,"cuda_graph_span_ns":3434655.905,"event_status":0,"launch_status":0,"completion_status":0}
{"schema":"riley.owned-graph-diagnostic.v1","kind":"read","capture_id":1,"replay_id":72,"host_read_bytes":98344,"host_read_ns":4936}
{"schema":"riley.owned-graph-diagnostic.v1","kind":"replay","capture_id":1,"replay_id":73,"position":72,"host_staging_bytes":98344,"event_setup_ns":407,"host_staging_ns":1622,"host_launch_ns":5828,"host_wait_ns":3481479,"cuda_graph_span_ns":3484544.039,"event_status":0,"launch_status":0,"completion_status":0}
{"schema":"riley.owned-graph-diagnostic.v1","kind":"read","capture_id":1,"replay_id":73,"host_read_bytes":98344,"host_read_ns":4892}
{"schema":"riley.owned-graph-diagnostic.v1","kind":"replay","capture_id":1,"replay_id":74,"position":73,"host_staging_bytes":98344,"event_setup_ns":724,"host_staging_ns":1617,"host_launch_ns":5808,"host_wait_ns":3536679,"cuda_graph_span_ns":3539711.952,"event_status":0,"launch_status":0,"completion_status":0}
{"schema":"riley.owned-graph-diagnostic.v1","kind":"read","capture_id":1,"replay_id":74,"host_read_bytes":98344,"host_read_ns":4846}
{"schema":"riley.owned-graph-diagnostic.v1","kind":"replay","capture_id":1,"replay_id":75,"position":74,"host_staging_bytes":98344,"event_setup_ns":320,"host_staging_ns":1532,"host_launch_ns":5126,"host_wait_ns":3540839,"cuda_graph_span_ns":3543103.933,"event_status":0,"launch_status":0,"completion_status":0}
{"schema":"riley.owned-graph-diagnostic.v1","kind":"read","capture_id":1,"replay_id":75,"host_read_bytes":98344,"host_read_ns":4808}
{"schema":"riley.owned-graph-diagnostic.v1","kind":"replay","capture_id":1,"replay_id":76,"position":75,"host_staging_bytes":98344,"event_setup_ns":454,"host_staging_ns":1642,"host_launch_ns":5976,"host_wait_ns":3531584,"cuda_graph_span_ns":3534751.892,"event_status":0,"launch_status":0,"completion_status":0}
{"schema":"riley.owned-graph-diagnostic.v1","kind":"read","capture_id":1,"replay_id":76,"host_read_bytes":98344,"host_read_ns":5671}
{"schema":"riley.owned-graph-diagnostic.v1","kind":"replay","capture_id":1,"replay_id":77,"position":76,"host_staging_bytes":98344,"event_setup_ns":496,"host_staging_ns":1586,"host_launch_ns":5759,"host_wait_ns":3519394,"cuda_graph_span_ns":3522464.037,"event_status":0,"launch_status":0,"completion_status":0}
{"schema":"riley.owned-graph-diagnostic.v1","kind":"read","capture_id":1,"replay_id":77,"host_read_bytes":98344,"host_read_ns":5079}
{"schema":"riley.owned-graph-diagnostic.v1","kind":"replay","capture_id":1,"replay_id":78,"position":77,"host_staging_bytes":98344,"event_setup_ns":470,"host_staging_ns":1548,"host_launch_ns":4938,"host_wait_ns":3523632,"cuda_graph_span_ns":3525120.020,"event_status":0,"launch_status":0,"completion_status":0}
{"schema":"riley.owned-graph-diagnostic.v1","kind":"read","capture_id":1,"replay_id":78,"host_read_bytes":98344,"host_read_ns":5537}
{"schema":"riley.owned-graph-diagnostic.v1","kind":"replay","capture_id":1,"replay_id":79,"position":78,"host_staging_bytes":98344,"event_setup_ns":507,"host_staging_ns":1613,"host_launch_ns":6718,"host_wait_ns":3514428,"cuda_graph_span_ns":3518624.067,"event_status":0,"launch_status":0,"completion_status":0}
{"schema":"riley.owned-graph-diagnostic.v1","kind":"read","capture_id":1,"replay_id":79,"host_read_bytes":98344,"host_read_ns":5429}
{"schema":"riley.owned-graph-diagnostic.v1","kind":"replay","capture_id":1,"replay_id":80,"position":79,"host_staging_bytes":98344,"event_setup_ns":577,"host_staging_ns":1617,"host_launch_ns":6109,"host_wait_ns":3523410,"cuda_graph_span_ns":3526720.047,"event_status":0,"launch_status":0,"completion_status":0}
{"schema":"riley.owned-graph-diagnostic.v1","kind":"read","capture_id":1,"replay_id":80,"host_read_bytes":98344,"host_read_ns":4834}
{"schema":"riley.owned-graph-diagnostic.v1","kind":"replay","capture_id":1,"replay_id":81,"position":80,"host_staging_bytes":98344,"event_setup_ns":578,"host_staging_ns":1545,"host_launch_ns":4960,"host_wait_ns":3590217,"cuda_graph_span_ns":3592544.079,"event_status":0,"launch_status":0,"completion_status":0}
{"schema":"riley.owned-graph-diagnostic.v1","kind":"read","capture_id":1,"replay_id":81,"host_read_bytes":98344,"host_read_ns":4671}
{"schema":"riley.owned-graph-diagnostic.v1","kind":"replay","capture_id":1,"replay_id":82,"position":81,"host_staging_bytes":98344,"event_setup_ns":362,"host_staging_ns":1528,"host_launch_ns":4792,"host_wait_ns":3620872,"cuda_graph_span_ns":3623039.961,"event_status":0,"launch_status":0,"completion_status":0}
{"schema":"riley.owned-graph-diagnostic.v1","kind":"read","capture_id":1,"replay_id":82,"host_read_bytes":98344,"host_read_ns":4359}
{"schema":"riley.owned-graph-diagnostic.v1","kind":"replay","capture_id":1,"replay_id":83,"position":82,"host_staging_bytes":98344,"event_setup_ns":304,"host_staging_ns":1543,"host_launch_ns":5107,"host_wait_ns":3628851,"cuda_graph_span_ns":3631200.075,"event_status":0,"launch_status":0,"completion_status":0}
{"schema":"riley.owned-graph-diagnostic.v1","kind":"read","capture_id":1,"replay_id":83,"host_read_bytes":98344,"host_read_ns":4788}
{"schema":"riley.owned-graph-diagnostic.v1","kind":"replay","capture_id":1,"replay_id":84,"position":83,"host_staging_bytes":98344,"event_setup_ns":464,"host_staging_ns":1541,"host_launch_ns":5183,"host_wait_ns":3636654,"cuda_graph_span_ns":3638976.097,"event_status":0,"launch_status":0,"completion_status":0}
{"schema":"riley.owned-graph-diagnostic.v1","kind":"read","capture_id":1,"replay_id":84,"host_read_bytes":98344,"host_read_ns":4701}
{"schema":"riley.owned-graph-diagnostic.v1","kind":"replay","capture_id":1,"replay_id":85,"position":84,"host_staging_bytes":98344,"event_setup_ns":505,"host_staging_ns":1522,"host_launch_ns":4676,"host_wait_ns":3641426,"cuda_graph_span_ns":3643264.055,"event_status":0,"launch_status":0,"completion_status":0}
{"schema":"riley.owned-graph-diagnostic.v1","kind":"read","capture_id":1,"replay_id":85,"host_read_bytes":98344,"host_read_ns":4782}
{"schema":"riley.owned-graph-diagnostic.v1","kind":"replay","capture_id":1,"replay_id":86,"position":85,"host_staging_bytes":98344,"event_setup_ns":522,"host_staging_ns":1594,"host_launch_ns":6141,"host_wait_ns":3637987,"cuda_graph_span_ns":3641472.101,"event_status":0,"launch_status":0,"completion_status":0}
{"schema":"riley.owned-graph-diagnostic.v1","kind":"read","capture_id":1,"replay_id":86,"host_read_bytes":98344,"host_read_ns":4787}
{"schema":"riley.owned-graph-diagnostic.v1","kind":"replay","capture_id":1,"replay_id":87,"position":86,"host_staging_bytes":98344,"event_setup_ns":539,"host_staging_ns":1609,"host_launch_ns":5873,"host_wait_ns":3625414,"cuda_graph_span_ns":3628736.019,"event_status":0,"launch_status":0,"completion_status":0}
{"schema":"riley.owned-graph-diagnostic.v1","kind":"read","capture_id":1,"replay_id":87,"host_read_bytes":98344,"host_read_ns":4844}
{"schema":"riley.owned-graph-diagnostic.v1","kind":"replay","capture_id":1,"replay_id":88,"position":87,"host_staging_bytes":98344,"event_setup_ns":299,"host_staging_ns":1522,"host_launch_ns":4926,"host_wait_ns":3633073,"cuda_graph_span_ns":3634943.962,"event_status":0,"launch_status":0,"completion_status":0}
{"schema":"riley.owned-graph-diagnostic.v1","kind":"read","capture_id":1,"replay_id":88,"host_read_bytes":98344,"host_read_ns":5051}
{"schema":"riley.owned-graph-diagnostic.v1","kind":"replay","capture_id":1,"replay_id":89,"position":88,"host_staging_bytes":98344,"event_setup_ns":371,"host_staging_ns":1567,"host_launch_ns":5265,"host_wait_ns":3668091,"cuda_graph_span_ns":3670336.008,"event_status":0,"launch_status":0,"completion_status":0}
{"schema":"riley.owned-graph-diagnostic.v1","kind":"read","capture_id":1,"replay_id":89,"host_read_bytes":98344,"host_read_ns":4839}
{"schema":"riley.owned-graph-diagnostic.v1","kind":"replay","capture_id":1,"replay_id":90,"position":89,"host_staging_bytes":98344,"event_setup_ns":631,"host_staging_ns":1643,"host_launch_ns":6161,"host_wait_ns":3705795,"cuda_graph_span_ns":3709120.035,"event_status":0,"launch_status":0,"completion_status":0}
{"schema":"riley.owned-graph-diagnostic.v1","kind":"read","capture_id":1,"replay_id":90,"host_read_bytes":98344,"host_read_ns":5298}
{"schema":"riley.owned-graph-diagnostic.v1","kind":"replay","capture_id":1,"replay_id":91,"position":90,"host_staging_bytes":98344,"event_setup_ns":536,"host_staging_ns":1593,"host_launch_ns":5479,"host_wait_ns":3714334,"cuda_graph_span_ns":3716799.974,"event_status":0,"launch_status":0,"completion_status":0}
{"schema":"riley.owned-graph-diagnostic.v1","kind":"read","capture_id":1,"replay_id":91,"host_read_bytes":98344,"host_read_ns":5282}
{"schema":"riley.owned-graph-diagnostic.v1","kind":"replay","capture_id":1,"replay_id":92,"position":91,"host_staging_bytes":98344,"event_setup_ns":813,"host_staging_ns":1678,"host_launch_ns":6665,"host_wait_ns":3727530,"cuda_graph_span_ns":3731616.020,"event_status":0,"launch_status":0,"completion_status":0}
{"schema":"riley.owned-graph-diagnostic.v1","kind":"read","capture_id":1,"replay_id":92,"host_read_bytes":98344,"host_read_ns":4910}
{"schema":"riley.owned-graph-diagnostic.v1","kind":"replay","capture_id":1,"replay_id":93,"position":92,"host_staging_bytes":98344,"event_setup_ns":584,"host_staging_ns":1638,"host_launch_ns":5516,"host_wait_ns":3736889,"cuda_graph_span_ns":3739615.917,"event_status":0,"launch_status":0,"completion_status":0}
{"schema":"riley.owned-graph-diagnostic.v1","kind":"read","capture_id":1,"replay_id":93,"host_read_bytes":98344,"host_read_ns":4982}
{"schema":"riley.owned-graph-diagnostic.v1","kind":"replay","capture_id":1,"replay_id":94,"position":93,"host_staging_bytes":98344,"event_setup_ns":368,"host_staging_ns":1524,"host_launch_ns":4988,"host_wait_ns":3716731,"cuda_graph_span_ns":3718784.094,"event_status":0,"launch_status":0,"completion_status":0}
{"schema":"riley.owned-graph-diagnostic.v1","kind":"read","capture_id":1,"replay_id":94,"host_read_bytes":98344,"host_read_ns":5297}
{"schema":"riley.owned-graph-diagnostic.v1","kind":"replay","capture_id":1,"replay_id":95,"position":94,"host_staging_bytes":98344,"event_setup_ns":396,"host_staging_ns":1524,"host_launch_ns":4791,"host_wait_ns":3715240,"cuda_graph_span_ns":3716928.005,"event_status":0,"launch_status":0,"completion_status":0}
{"schema":"riley.owned-graph-diagnostic.v1","kind":"read","capture_id":1,"replay_id":95,"host_read_bytes":98344,"host_read_ns":4754}
{"schema":"riley.owned-graph-diagnostic.v1","kind":"replay","capture_id":1,"replay_id":96,"position":95,"host_staging_bytes":98344,"event_setup_ns":294,"host_staging_ns":1521,"host_launch_ns":4992,"host_wait_ns":3709795,"cuda_graph_span_ns":3711904.049,"event_status":0,"launch_status":0,"completion_status":0}
{"schema":"riley.owned-graph-diagnostic.v1","kind":"read","capture_id":1,"replay_id":96,"host_read_bytes":98344,"host_read_ns":4527}
{"schema":"riley.owned-graph-diagnostic.v1","kind":"replay","capture_id":1,"replay_id":97,"position":96,"host_staging_bytes":98344,"event_setup_ns":303,"host_staging_ns":1519,"host_launch_ns":4725,"host_wait_ns":3793239,"cuda_graph_span_ns":3795135.975,"event_status":0,"launch_status":0,"completion_status":0}
{"schema":"riley.owned-graph-diagnostic.v1","kind":"read","capture_id":1,"replay_id":97,"host_read_bytes":98344,"host_read_ns":4900}
{"schema":"riley.owned-graph-diagnostic.v1","kind":"replay","capture_id":1,"replay_id":98,"position":97,"host_staging_bytes":98344,"event_setup_ns":286,"host_staging_ns":1515,"host_launch_ns":5035,"host_wait_ns":3815448,"cuda_graph_span_ns":3817663.908,"event_status":0,"launch_status":0,"completion_status":0}
{"schema":"riley.owned-graph-diagnostic.v1","kind":"read","capture_id":1,"replay_id":98,"host_read_bytes":98344,"host_read_ns":5435}
{"schema":"riley.owned-graph-diagnostic.v1","kind":"replay","capture_id":1,"replay_id":99,"position":98,"host_staging_bytes":98344,"event_setup_ns":417,"host_staging_ns":1513,"host_launch_ns":4918,"host_wait_ns":3821586,"cuda_graph_span_ns":3823584.080,"event_status":0,"launch_status":0,"completion_status":0}
{"schema":"riley.owned-graph-diagnostic.v1","kind":"read","capture_id":1,"replay_id":99,"host_read_bytes":98344,"host_read_ns":5006}
{"schema":"riley.owned-graph-diagnostic.v1","kind":"replay","capture_id":1,"replay_id":100,"position":99,"host_staging_bytes":98344,"event_setup_ns":671,"host_staging_ns":1530,"host_launch_ns":5042,"host_wait_ns":3822705,"cuda_graph_span_ns":3824768.066,"event_status":0,"launch_status":0,"completion_status":0}
{"schema":"riley.owned-graph-diagnostic.v1","kind":"read","capture_id":1,"replay_id":100,"host_read_bytes":98344,"host_read_ns":5150}
{"schema":"riley.owned-graph-diagnostic.v1","kind":"replay","capture_id":1,"replay_id":101,"position":100,"host_staging_bytes":98344,"event_setup_ns":578,"host_staging_ns":1653,"host_launch_ns":5897,"host_wait_ns":3824634,"cuda_graph_span_ns":3827712.059,"event_status":0,"launch_status":0,"completion_status":0}
{"schema":"riley.owned-graph-diagnostic.v1","kind":"read","capture_id":1,"replay_id":101,"host_read_bytes":98344,"host_read_ns":4900}
{"schema":"riley.owned-graph-diagnostic.v1","kind":"replay","capture_id":1,"replay_id":102,"position":101,"host_staging_bytes":98344,"event_setup_ns":595,"host_staging_ns":1651,"host_launch_ns":6533,"host_wait_ns":3827941,"cuda_graph_span_ns":3831712.008,"event_status":0,"launch_status":0,"completion_status":0}
{"schema":"riley.owned-graph-diagnostic.v1","kind":"read","capture_id":1,"replay_id":102,"host_read_bytes":98344,"host_read_ns":4814}
{"schema":"riley.owned-graph-diagnostic.v1","kind":"replay","capture_id":1,"replay_id":103,"position":102,"host_staging_bytes":98344,"event_setup_ns":701,"host_staging_ns":1539,"host_launch_ns":5281,"host_wait_ns":3828630,"cuda_graph_span_ns":3831199.884,"event_status":0,"launch_status":0,"completion_status":0}
{"schema":"riley.owned-graph-diagnostic.v1","kind":"read","capture_id":1,"replay_id":103,"host_read_bytes":98344,"host_read_ns":4778}
{"schema":"riley.owned-graph-diagnostic.v1","kind":"replay","capture_id":1,"replay_id":104,"position":103,"host_staging_bytes":98344,"event_setup_ns":708,"host_staging_ns":1521,"host_launch_ns":4942,"host_wait_ns":3813471,"cuda_graph_span_ns":3815680.027,"event_status":0,"launch_status":0,"completion_status":0}
{"schema":"riley.owned-graph-diagnostic.v1","kind":"read","capture_id":1,"replay_id":104,"host_read_bytes":98344,"host_read_ns":4735}
{"schema":"riley.owned-graph-diagnostic.v1","kind":"replay","capture_id":1,"replay_id":105,"position":104,"host_staging_bytes":98344,"event_setup_ns":529,"host_staging_ns":1527,"host_launch_ns":4861,"host_wait_ns":3863212,"cuda_graph_span_ns":3865375.996,"event_status":0,"launch_status":0,"completion_status":0}
{"schema":"riley.owned-graph-diagnostic.v1","kind":"read","capture_id":1,"replay_id":105,"host_read_bytes":98344,"host_read_ns":5017}
{"schema":"riley.owned-graph-diagnostic.v1","kind":"replay","capture_id":1,"replay_id":106,"position":105,"host_staging_bytes":98344,"event_setup_ns":423,"host_staging_ns":1528,"host_launch_ns":4732,"host_wait_ns":3892171,"cuda_graph_span_ns":3894176.006,"event_status":0,"launch_status":0,"completion_status":0}
{"schema":"riley.owned-graph-diagnostic.v1","kind":"read","capture_id":1,"replay_id":106,"host_read_bytes":98344,"host_read_ns":4876}
{"schema":"riley.owned-graph-diagnostic.v1","kind":"replay","capture_id":1,"replay_id":107,"position":106,"host_staging_bytes":98344,"event_setup_ns":635,"host_staging_ns":1532,"host_launch_ns":5047,"host_wait_ns":3907508,"cuda_graph_span_ns":3909856.081,"event_status":0,"launch_status":0,"completion_status":0}
{"schema":"riley.owned-graph-diagnostic.v1","kind":"read","capture_id":1,"replay_id":107,"host_read_bytes":98344,"host_read_ns":5102}
{"schema":"riley.owned-graph-diagnostic.v1","kind":"replay","capture_id":1,"replay_id":108,"position":107,"host_staging_bytes":98344,"event_setup_ns":352,"host_staging_ns":1535,"host_launch_ns":4998,"host_wait_ns":3910887,"cuda_graph_span_ns":3913216.114,"event_status":0,"launch_status":0,"completion_status":0}
{"schema":"riley.owned-graph-diagnostic.v1","kind":"read","capture_id":1,"replay_id":108,"host_read_bytes":98344,"host_read_ns":4510}
{"schema":"riley.owned-graph-diagnostic.v1","kind":"replay","capture_id":1,"replay_id":109,"position":108,"host_staging_bytes":98344,"event_setup_ns":355,"host_staging_ns":1519,"host_launch_ns":4911,"host_wait_ns":3905199,"cuda_graph_span_ns":3907360.077,"event_status":0,"launch_status":0,"completion_status":0}
{"schema":"riley.owned-graph-diagnostic.v1","kind":"read","capture_id":1,"replay_id":109,"host_read_bytes":98344,"host_read_ns":5046}
{"schema":"riley.owned-graph-diagnostic.v1","kind":"replay","capture_id":1,"replay_id":110,"position":109,"host_staging_bytes":98344,"event_setup_ns":521,"host_staging_ns":1540,"host_launch_ns":4959,"host_wait_ns":3903716,"cuda_graph_span_ns":3905791.998,"event_status":0,"launch_status":0,"completion_status":0}
{"schema":"riley.owned-graph-diagnostic.v1","kind":"read","capture_id":1,"replay_id":110,"host_read_bytes":98344,"host_read_ns":5227}
{"schema":"riley.owned-graph-diagnostic.v1","kind":"replay","capture_id":1,"replay_id":111,"position":110,"host_staging_bytes":98344,"event_setup_ns":693,"host_staging_ns":1557,"host_launch_ns":5776,"host_wait_ns":3901983,"cuda_graph_span_ns":3905087.948,"event_status":0,"launch_status":0,"completion_status":0}
{"schema":"riley.owned-graph-diagnostic.v1","kind":"read","capture_id":1,"replay_id":111,"host_read_bytes":98344,"host_read_ns":4942}
{"schema":"riley.owned-graph-diagnostic.v1","kind":"replay","capture_id":1,"replay_id":112,"position":111,"host_staging_bytes":98344,"event_setup_ns":610,"host_staging_ns":1544,"host_launch_ns":5211,"host_wait_ns":3902636,"cuda_graph_span_ns":3904992.104,"event_status":0,"launch_status":0,"completion_status":0}
{"schema":"riley.owned-graph-diagnostic.v1","kind":"read","capture_id":1,"replay_id":112,"host_read_bytes":98344,"host_read_ns":4833}
{"schema":"riley.owned-graph-diagnostic.v1","kind":"replay","capture_id":1,"replay_id":113,"position":112,"host_staging_bytes":98344,"event_setup_ns":526,"host_staging_ns":1517,"host_launch_ns":5385,"host_wait_ns":3968209,"cuda_graph_span_ns":3970720.053,"event_status":0,"launch_status":0,"completion_status":0}
{"schema":"riley.owned-graph-diagnostic.v1","kind":"read","capture_id":1,"replay_id":113,"host_read_bytes":98344,"host_read_ns":4501}
{"schema":"riley.owned-graph-diagnostic.v1","kind":"replay","capture_id":1,"replay_id":114,"position":113,"host_staging_bytes":98344,"event_setup_ns":309,"host_staging_ns":1532,"host_launch_ns":5339,"host_wait_ns":4000354,"cuda_graph_span_ns":4002719.879,"event_status":0,"launch_status":0,"completion_status":0}
{"schema":"riley.owned-graph-diagnostic.v1","kind":"read","capture_id":1,"replay_id":114,"host_read_bytes":98344,"host_read_ns":4372}
{"schema":"riley.owned-graph-diagnostic.v1","kind":"replay","capture_id":1,"replay_id":115,"position":114,"host_staging_bytes":98344,"event_setup_ns":286,"host_staging_ns":1511,"host_launch_ns":5185,"host_wait_ns":4022206,"cuda_graph_span_ns":4024223.804,"event_status":0,"launch_status":0,"completion_status":0}
{"schema":"riley.owned-graph-diagnostic.v1","kind":"read","capture_id":1,"replay_id":115,"host_read_bytes":98344,"host_read_ns":5523}
{"schema":"riley.owned-graph-diagnostic.v1","kind":"replay","capture_id":1,"replay_id":116,"position":115,"host_staging_bytes":98344,"event_setup_ns":315,"host_staging_ns":1521,"host_launch_ns":5325,"host_wait_ns":4008996,"cuda_graph_span_ns":4011487.961,"event_status":0,"launch_status":0,"completion_status":0}
{"schema":"riley.owned-graph-diagnostic.v1","kind":"read","capture_id":1,"replay_id":116,"host_read_bytes":98344,"host_read_ns":5292}
{"schema":"riley.owned-graph-diagnostic.v1","kind":"replay","capture_id":1,"replay_id":117,"position":116,"host_staging_bytes":98344,"event_setup_ns":585,"host_staging_ns":1516,"host_launch_ns":5159,"host_wait_ns":4010539,"cuda_graph_span_ns":4012479.782,"event_status":0,"launch_status":0,"completion_status":0}
{"schema":"riley.owned-graph-diagnostic.v1","kind":"read","capture_id":1,"replay_id":117,"host_read_bytes":98344,"host_read_ns":5150}
{"schema":"riley.owned-graph-diagnostic.v1","kind":"replay","capture_id":1,"replay_id":118,"position":117,"host_staging_bytes":98344,"event_setup_ns":612,"host_staging_ns":1557,"host_launch_ns":5111,"host_wait_ns":4021823,"cuda_graph_span_ns":4024159.908,"event_status":0,"launch_status":0,"completion_status":0}
{"schema":"riley.owned-graph-diagnostic.v1","kind":"read","capture_id":1,"replay_id":118,"host_read_bytes":98344,"host_read_ns":4917}
{"schema":"riley.owned-graph-diagnostic.v1","kind":"replay","capture_id":1,"replay_id":119,"position":118,"host_staging_bytes":98344,"event_setup_ns":391,"host_staging_ns":1521,"host_launch_ns":5346,"host_wait_ns":4016560,"cuda_graph_span_ns":4019104.004,"event_status":0,"launch_status":0,"completion_status":0}
{"schema":"riley.owned-graph-diagnostic.v1","kind":"read","capture_id":1,"replay_id":119,"host_read_bytes":98344,"host_read_ns":4889}
{"schema":"riley.owned-graph-diagnostic.v1","kind":"replay","capture_id":1,"replay_id":120,"position":119,"host_staging_bytes":98344,"event_setup_ns":285,"host_staging_ns":1524,"host_launch_ns":4809,"host_wait_ns":4017088,"cuda_graph_span_ns":4019104.004,"event_status":0,"launch_status":0,"completion_status":0}
{"schema":"riley.owned-graph-diagnostic.v1","kind":"read","capture_id":1,"replay_id":120,"host_read_bytes":98344,"host_read_ns":5137}
{"schema":"riley.owned-graph-diagnostic.v1","kind":"replay","capture_id":1,"replay_id":121,"position":120,"host_staging_bytes":98344,"event_setup_ns":313,"host_staging_ns":1534,"host_launch_ns":8256,"host_wait_ns":4043818,"cuda_graph_span_ns":4048992.157,"event_status":0,"launch_status":0,"completion_status":0}
{"schema":"riley.owned-graph-diagnostic.v1","kind":"read","capture_id":1,"replay_id":121,"host_read_bytes":98344,"host_read_ns":5101}
{"schema":"riley.owned-graph-diagnostic.v1","kind":"replay","capture_id":1,"replay_id":122,"position":121,"host_staging_bytes":98344,"event_setup_ns":291,"host_staging_ns":1507,"host_launch_ns":5367,"host_wait_ns":4086866,"cuda_graph_span_ns":4089536.190,"event_status":0,"launch_status":0,"completion_status":0}
{"schema":"riley.owned-graph-diagnostic.v1","kind":"read","capture_id":1,"replay_id":122,"host_read_bytes":98344,"host_read_ns":4699}
{"schema":"riley.owned-graph-diagnostic.v1","kind":"replay","capture_id":1,"replay_id":123,"position":122,"host_staging_bytes":98344,"event_setup_ns":526,"host_staging_ns":1528,"host_launch_ns":5093,"host_wait_ns":4090523,"cuda_graph_span_ns":4092703.819,"event_status":0,"launch_status":0,"completion_status":0}
{"schema":"riley.owned-graph-diagnostic.v1","kind":"read","capture_id":1,"replay_id":123,"host_read_bytes":98344,"host_read_ns":4471}
{"schema":"riley.owned-graph-diagnostic.v1","kind":"replay","capture_id":1,"replay_id":124,"position":123,"host_staging_bytes":98344,"event_setup_ns":474,"host_staging_ns":1498,"host_launch_ns":5029,"host_wait_ns":4096982,"cuda_graph_span_ns":4098752.022,"event_status":0,"launch_status":0,"completion_status":0}
{"schema":"riley.owned-graph-diagnostic.v1","kind":"read","capture_id":1,"replay_id":124,"host_read_bytes":98344,"host_read_ns":4977}
{"schema":"riley.owned-graph-diagnostic.v1","kind":"replay","capture_id":1,"replay_id":125,"position":124,"host_staging_bytes":98344,"event_setup_ns":290,"host_staging_ns":1507,"host_launch_ns":4863,"host_wait_ns":4092484,"cuda_graph_span_ns":4094751.835,"event_status":0,"launch_status":0,"completion_status":0}
{"schema":"riley.owned-graph-diagnostic.v1","kind":"read","capture_id":1,"replay_id":125,"host_read_bytes":98344,"host_read_ns":5041}
{"schema":"riley.owned-graph-diagnostic.v1","kind":"replay","capture_id":1,"replay_id":126,"position":125,"host_staging_bytes":98344,"event_setup_ns":426,"host_staging_ns":1507,"host_launch_ns":5043,"host_wait_ns":4101230,"cuda_graph_span_ns":4103456.020,"event_status":0,"launch_status":0,"completion_status":0}
{"schema":"riley.owned-graph-diagnostic.v1","kind":"read","capture_id":1,"replay_id":126,"host_read_bytes":98344,"host_read_ns":4639}
{"schema":"riley.owned-graph-diagnostic.v1","kind":"replay","capture_id":1,"replay_id":127,"position":126,"host_staging_bytes":98344,"event_setup_ns":348,"host_staging_ns":1530,"host_launch_ns":4787,"host_wait_ns":4118739,"cuda_graph_span_ns":4120639.801,"event_status":0,"launch_status":0,"completion_status":0}
{"schema":"riley.owned-graph-diagnostic.v1","kind":"read","capture_id":1,"replay_id":127,"host_read_bytes":98344,"host_read_ns":4491}
{"schema":"riley.owned-graph-diagnostic.v1","kind":"replay","capture_id":1,"replay_id":128,"position":127,"host_staging_bytes":98344,"event_setup_ns":290,"host_staging_ns":1519,"host_launch_ns":4658,"host_wait_ns":4113953,"cuda_graph_span_ns":4115520.000,"event_status":0,"launch_status":0,"completion_status":0}
{"schema":"riley.owned-graph-diagnostic.v1","kind":"read","capture_id":1,"replay_id":128,"host_read_bytes":98344,"host_read_ns":4474}
{"schema":"riley.owned-graph-diagnostic.v1","kind":"replay","capture_id":1,"replay_id":129,"position":128,"host_staging_bytes":98344,"event_setup_ns":520,"host_staging_ns":1514,"host_launch_ns":4753,"host_wait_ns":2476287,"cuda_graph_span_ns":2478336.096,"event_status":0,"launch_status":0,"completion_status":0}
{"schema":"riley.owned-graph-diagnostic.v1","kind":"read","capture_id":1,"replay_id":129,"host_read_bytes":98344,"host_read_ns":4895}
{"schema":"riley.owned-graph-diagnostic.v1","kind":"replay","capture_id":1,"replay_id":130,"position":129,"host_staging_bytes":98344,"event_setup_ns":405,"host_staging_ns":1500,"host_launch_ns":4949,"host_wait_ns":2205921,"cuda_graph_span_ns":2207904.100,"event_status":0,"launch_status":0,"completion_status":0}
{"schema":"riley.owned-graph-diagnostic.v1","kind":"read","capture_id":1,"replay_id":130,"host_read_bytes":98344,"host_read_ns":4248}
{"schema":"riley.owned-graph-diagnostic.v1","kind":"replay","capture_id":1,"replay_id":131,"position":130,"host_staging_bytes":98344,"event_setup_ns":451,"host_staging_ns":1523,"host_launch_ns":4740,"host_wait_ns":2205143,"cuda_graph_span_ns":2207103.968,"event_status":0,"launch_status":0,"completion_status":0}
{"schema":"riley.owned-graph-diagnostic.v1","kind":"read","capture_id":1,"replay_id":131,"host_read_bytes":98344,"host_read_ns":4368}
{"schema":"riley.owned-graph-diagnostic.v1","kind":"replay","capture_id":1,"replay_id":132,"position":131,"host_staging_bytes":98344,"event_setup_ns":345,"host_staging_ns":1529,"host_launch_ns":4581,"host_wait_ns":2206132,"cuda_graph_span_ns":2207999.945,"event_status":0,"launch_status":0,"completion_status":0}
{"schema":"riley.owned-graph-diagnostic.v1","kind":"read","capture_id":1,"replay_id":132,"host_read_bytes":98344,"host_read_ns":4231}
{"schema":"riley.owned-graph-diagnostic.v1","kind":"replay","capture_id":1,"replay_id":133,"position":132,"host_staging_bytes":98344,"event_setup_ns":399,"host_staging_ns":1522,"host_launch_ns":4753,"host_wait_ns":2206086,"cuda_graph_span_ns":2208096.027,"event_status":0,"launch_status":0,"completion_status":0}
{"schema":"riley.owned-graph-diagnostic.v1","kind":"read","capture_id":1,"replay_id":133,"host_read_bytes":98344,"host_read_ns":4966}
{"schema":"riley.owned-graph-diagnostic.v1","kind":"replay","capture_id":1,"replay_id":134,"position":133,"host_staging_bytes":98344,"event_setup_ns":502,"host_staging_ns":1524,"host_launch_ns":5032,"host_wait_ns":2203829,"cuda_graph_span_ns":2205984.116,"event_status":0,"launch_status":0,"completion_status":0}
{"schema":"riley.owned-graph-diagnostic.v1","kind":"read","capture_id":1,"replay_id":134,"host_read_bytes":98344,"host_read_ns":4624}
{"schema":"riley.owned-graph-diagnostic.v1","kind":"replay","capture_id":1,"replay_id":135,"position":134,"host_staging_bytes":98344,"event_setup_ns":391,"host_staging_ns":1569,"host_launch_ns":4961,"host_wait_ns":2197443,"cuda_graph_span_ns":2199647.903,"event_status":0,"launch_status":0,"completion_status":0}
{"schema":"riley.owned-graph-diagnostic.v1","kind":"read","capture_id":1,"replay_id":135,"host_read_bytes":98344,"host_read_ns":4469}
{"schema":"riley.owned-graph-diagnostic.v1","kind":"replay","capture_id":1,"replay_id":136,"position":135,"host_staging_bytes":98344,"event_setup_ns":333,"host_staging_ns":1516,"host_launch_ns":4804,"host_wait_ns":2206730,"cuda_graph_span_ns":2208575.964,"event_status":0,"launch_status":0,"completion_status":0}
{"schema":"riley.owned-graph-diagnostic.v1","kind":"read","capture_id":1,"replay_id":136,"host_read_bytes":98344,"host_read_ns":4516}
{"schema":"riley.owned-graph-diagnostic.v1","kind":"replay","capture_id":1,"replay_id":137,"position":136,"host_staging_bytes":98344,"event_setup_ns":401,"host_staging_ns":1525,"host_launch_ns":4901,"host_wait_ns":2248068,"cuda_graph_span_ns":2250015.974,"event_status":0,"launch_status":0,"completion_status":0}
{"schema":"riley.owned-graph-diagnostic.v1","kind":"read","capture_id":1,"replay_id":137,"host_read_bytes":98344,"host_read_ns":4358}
{"schema":"riley.owned-graph-diagnostic.v1","kind":"replay","capture_id":1,"replay_id":138,"position":137,"host_staging_bytes":98344,"event_setup_ns":457,"host_staging_ns":1520,"host_launch_ns":5056,"host_wait_ns":2254717,"cuda_graph_span_ns":2257055.998,"event_status":0,"launch_status":0,"completion_status":0}
{"schema":"riley.owned-graph-diagnostic.v1","kind":"read","capture_id":1,"replay_id":138,"host_read_bytes":98344,"host_read_ns":4822}
{"schema":"riley.owned-graph-diagnostic.v1","kind":"replay","capture_id":1,"replay_id":139,"position":138,"host_staging_bytes":98344,"event_setup_ns":359,"host_staging_ns":1529,"host_launch_ns":4767,"host_wait_ns":2254748,"cuda_graph_span_ns":2256576.061,"event_status":0,"launch_status":0,"completion_status":0}
{"schema":"riley.owned-graph-diagnostic.v1","kind":"read","capture_id":1,"replay_id":139,"host_read_bytes":98344,"host_read_ns":5013}
{"schema":"riley.owned-graph-diagnostic.v1","kind":"replay","capture_id":1,"replay_id":140,"position":139,"host_staging_bytes":98344,"event_setup_ns":426,"host_staging_ns":1527,"host_launch_ns":4700,"host_wait_ns":2255550,"cuda_graph_span_ns":2257440.090,"event_status":0,"launch_status":0,"completion_status":0}
{"schema":"riley.owned-graph-diagnostic.v1","kind":"read","capture_id":1,"replay_id":140,"host_read_bytes":98344,"host_read_ns":4765}
{"schema":"riley.owned-graph-diagnostic.v1","kind":"replay","capture_id":1,"replay_id":141,"position":140,"host_staging_bytes":98344,"event_setup_ns":512,"host_staging_ns":1542,"host_launch_ns":4991,"host_wait_ns":2255974,"cuda_graph_span_ns":2258080.006,"event_status":0,"launch_status":0,"completion_status":0}
{"schema":"riley.owned-graph-diagnostic.v1","kind":"read","capture_id":1,"replay_id":141,"host_read_bytes":98344,"host_read_ns":4519}
{"schema":"riley.owned-graph-diagnostic.v1","kind":"replay","capture_id":1,"replay_id":142,"position":141,"host_staging_bytes":98344,"event_setup_ns":424,"host_staging_ns":1511,"host_launch_ns":5147,"host_wait_ns":2254803,"cuda_graph_span_ns":2257247.925,"event_status":0,"launch_status":0,"completion_status":0}
{"schema":"riley.owned-graph-diagnostic.v1","kind":"read","capture_id":1,"replay_id":142,"host_read_bytes":98344,"host_read_ns":4684}
{"schema":"riley.owned-graph-diagnostic.v1","kind":"replay","capture_id":1,"replay_id":143,"position":142,"host_staging_bytes":98344,"event_setup_ns":384,"host_staging_ns":1534,"host_launch_ns":4876,"host_wait_ns":2254711,"cuda_graph_span_ns":2256927.967,"event_status":0,"launch_status":0,"completion_status":0}
{"schema":"riley.owned-graph-diagnostic.v1","kind":"read","capture_id":1,"replay_id":143,"host_read_bytes":98344,"host_read_ns":4965}
{"schema":"riley.owned-graph-diagnostic.v1","kind":"replay","capture_id":1,"replay_id":144,"position":143,"host_staging_bytes":98344,"event_setup_ns":299,"host_staging_ns":1530,"host_launch_ns":4761,"host_wait_ns":2253616,"cuda_graph_span_ns":2255712.032,"event_status":0,"launch_status":0,"completion_status":0}
{"schema":"riley.owned-graph-diagnostic.v1","kind":"read","capture_id":1,"replay_id":144,"host_read_bytes":98344,"host_read_ns":4858}
{"schema":"riley.owned-graph-diagnostic.v1","kind":"replay","capture_id":1,"replay_id":145,"position":144,"host_staging_bytes":98344,"event_setup_ns":456,"host_staging_ns":1525,"host_launch_ns":5027,"host_wait_ns":2321787,"cuda_graph_span_ns":2324160.099,"event_status":0,"launch_status":0,"completion_status":0}
{"schema":"riley.owned-graph-diagnostic.v1","kind":"read","capture_id":1,"replay_id":145,"host_read_bytes":98344,"host_read_ns":4962}
{"schema":"riley.owned-graph-diagnostic.v1","kind":"replay","capture_id":1,"replay_id":146,"position":145,"host_staging_bytes":98344,"event_setup_ns":364,"host_staging_ns":1522,"host_launch_ns":4881,"host_wait_ns":2328310,"cuda_graph_span_ns":2330431.938,"event_status":0,"launch_status":0,"completion_status":0}
{"schema":"riley.owned-graph-diagnostic.v1","kind":"read","capture_id":1,"replay_id":146,"host_read_bytes":98344,"host_read_ns":4725}
{"schema":"riley.owned-graph-diagnostic.v1","kind":"replay","capture_id":1,"replay_id":147,"position":146,"host_staging_bytes":98344,"event_setup_ns":398,"host_staging_ns":1534,"host_launch_ns":4670,"host_wait_ns":2319519,"cuda_graph_span_ns":2321343.899,"event_status":0,"launch_status":0,"completion_status":0}
{"schema":"riley.owned-graph-diagnostic.v1","kind":"read","capture_id":1,"replay_id":147,"host_read_bytes":98344,"host_read_ns":5092}
{"schema":"riley.owned-graph-diagnostic.v1","kind":"replay","capture_id":1,"replay_id":148,"position":147,"host_staging_bytes":98344,"event_setup_ns":375,"host_staging_ns":1536,"host_launch_ns":4877,"host_wait_ns":2337936,"cuda_graph_span_ns":2339936.018,"event_status":0,"launch_status":0,"completion_status":0}
{"schema":"riley.owned-graph-diagnostic.v1","kind":"read","capture_id":1,"replay_id":148,"host_read_bytes":98344,"host_read_ns":4952}
{"schema":"riley.owned-graph-diagnostic.v1","kind":"replay","capture_id":1,"replay_id":149,"position":148,"host_staging_bytes":98344,"event_setup_ns":449,"host_staging_ns":1525,"host_launch_ns":4869,"host_wait_ns":2328318,"cuda_graph_span_ns":2330303.907,"event_status":0,"launch_status":0,"completion_status":0}
{"schema":"riley.owned-graph-diagnostic.v1","kind":"read","capture_id":1,"replay_id":149,"host_read_bytes":98344,"host_read_ns":4761}
{"schema":"riley.owned-graph-diagnostic.v1","kind":"replay","capture_id":1,"replay_id":150,"position":149,"host_staging_bytes":98344,"event_setup_ns":470,"host_staging_ns":1529,"host_launch_ns":4750,"host_wait_ns":2328944,"cuda_graph_span_ns":2330976.009,"event_status":0,"launch_status":0,"completion_status":0}
{"schema":"riley.owned-graph-diagnostic.v1","kind":"read","capture_id":1,"replay_id":150,"host_read_bytes":98344,"host_read_ns":4646}
{"schema":"riley.owned-graph-diagnostic.v1","kind":"replay","capture_id":1,"replay_id":151,"position":150,"host_staging_bytes":98344,"event_setup_ns":548,"host_staging_ns":1522,"host_launch_ns":4859,"host_wait_ns":2337586,"cuda_graph_span_ns":2339936.018,"event_status":0,"launch_status":0,"completion_status":0}
{"schema":"riley.owned-graph-diagnostic.v1","kind":"read","capture_id":1,"replay_id":151,"host_read_bytes":98344,"host_read_ns":4923}
{"schema":"riley.owned-graph-diagnostic.v1","kind":"replay","capture_id":1,"replay_id":152,"position":151,"host_staging_bytes":98344,"event_setup_ns":397,"host_staging_ns":1533,"host_launch_ns":4943,"host_wait_ns":2321575,"cuda_graph_span_ns":2323616.028,"event_status":0,"launch_status":0,"completion_status":0}
{"schema":"riley.owned-graph-diagnostic.v1","kind":"read","capture_id":1,"replay_id":152,"host_read_bytes":98344,"host_read_ns":5147}
{"schema":"riley.owned-graph-diagnostic.v1","kind":"replay","capture_id":1,"replay_id":153,"position":152,"host_staging_bytes":98344,"event_setup_ns":445,"host_staging_ns":1536,"host_launch_ns":5221,"host_wait_ns":2360819,"cuda_graph_span_ns":2363296.032,"event_status":0,"launch_status":0,"completion_status":0}
{"schema":"riley.owned-graph-diagnostic.v1","kind":"read","capture_id":1,"replay_id":153,"host_read_bytes":98344,"host_read_ns":4653}
{"schema":"riley.owned-graph-diagnostic.v1","kind":"replay","capture_id":1,"replay_id":154,"position":153,"host_staging_bytes":98344,"event_setup_ns":635,"host_staging_ns":1535,"host_launch_ns":5028,"host_wait_ns":2385658,"cuda_graph_span_ns":2388031.960,"event_status":0,"launch_status":0,"completion_status":0}
{"schema":"riley.owned-graph-diagnostic.v1","kind":"read","capture_id":1,"replay_id":154,"host_read_bytes":98344,"host_read_ns":5058}
{"schema":"riley.owned-graph-diagnostic.v1","kind":"replay","capture_id":1,"replay_id":155,"position":154,"host_staging_bytes":98344,"event_setup_ns":466,"host_staging_ns":1553,"host_launch_ns":4834,"host_wait_ns":2395560,"cuda_graph_span_ns":2397536.039,"event_status":0,"launch_status":0,"completion_status":0}
{"schema":"riley.owned-graph-diagnostic.v1","kind":"read","capture_id":1,"replay_id":155,"host_read_bytes":98344,"host_read_ns":4870}
{"schema":"riley.owned-graph-diagnostic.v1","kind":"replay","capture_id":1,"replay_id":156,"position":155,"host_staging_bytes":98344,"event_setup_ns":389,"host_staging_ns":1520,"host_launch_ns":4971,"host_wait_ns":2386448,"cuda_graph_span_ns":2388639.927,"event_status":0,"launch_status":0,"completion_status":0}
{"schema":"riley.owned-graph-diagnostic.v1","kind":"read","capture_id":1,"replay_id":156,"host_read_bytes":98344,"host_read_ns":4856}
{"schema":"riley.owned-graph-diagnostic.v1","kind":"replay","capture_id":1,"replay_id":157,"position":156,"host_staging_bytes":98344,"event_setup_ns":448,"host_staging_ns":1521,"host_launch_ns":5178,"host_wait_ns":2379370,"cuda_graph_span_ns":2381824.017,"event_status":0,"launch_status":0,"completion_status":0}
{"schema":"riley.owned-graph-diagnostic.v1","kind":"read","capture_id":1,"replay_id":157,"host_read_bytes":98344,"host_read_ns":4985}
{"schema":"riley.owned-graph-diagnostic.v1","kind":"replay","capture_id":1,"replay_id":158,"position":157,"host_staging_bytes":98344,"event_setup_ns":382,"host_staging_ns":1532,"host_launch_ns":4617,"host_wait_ns":2392087,"cuda_graph_span_ns":2393856.049,"event_status":0,"launch_status":0,"completion_status":0}
{"schema":"riley.owned-graph-diagnostic.v1","kind":"read","capture_id":1,"replay_id":158,"host_read_bytes":98344,"host_read_ns":4722}
{"schema":"riley.owned-graph-diagnostic.v1","kind":"replay","capture_id":1,"replay_id":159,"position":158,"host_staging_bytes":98344,"event_setup_ns":371,"host_staging_ns":1528,"host_launch_ns":4760,"host_wait_ns":2378831,"cuda_graph_span_ns":2380991.936,"event_status":0,"launch_status":0,"completion_status":0}
{"schema":"riley.owned-graph-diagnostic.v1","kind":"read","capture_id":1,"replay_id":159,"host_read_bytes":98344,"host_read_ns":4989}
{"schema":"riley.owned-graph-diagnostic.v1","kind":"replay","capture_id":1,"replay_id":160,"position":0,"host_staging_bytes":98344,"event_setup_ns":5158,"host_staging_ns":3598,"host_launch_ns":23147,"host_wait_ns":2580725,"cuda_graph_span_ns":2602015.972,"event_status":0,"launch_status":0,"completion_status":0}
{"schema":"riley.owned-graph-diagnostic.v1","kind":"read","capture_id":1,"replay_id":160,"host_read_bytes":98344,"host_read_ns":6641}
{"schema":"riley.owned-graph-diagnostic.v1","kind":"replay","capture_id":1,"replay_id":161,"position":1,"host_staging_bytes":98344,"event_setup_ns":881,"host_staging_ns":2188,"host_launch_ns":7275,"host_wait_ns":2667123,"cuda_graph_span_ns":2671904.087,"event_status":0,"launch_status":0,"completion_status":0}
{"schema":"riley.owned-graph-diagnostic.v1","kind":"read","capture_id":1,"replay_id":161,"host_read_bytes":98344,"host_read_ns":4858}
{"schema":"riley.owned-graph-diagnostic.v1","kind":"replay","capture_id":1,"replay_id":162,"position":2,"host_staging_bytes":98344,"event_setup_ns":495,"host_staging_ns":1533,"host_launch_ns":5147,"host_wait_ns":2689802,"cuda_graph_span_ns":2692320.108,"event_status":0,"launch_status":0,"completion_status":0}
{"schema":"riley.owned-graph-diagnostic.v1","kind":"read","capture_id":1,"replay_id":162,"host_read_bytes":98344,"host_read_ns":4709}
{"schema":"riley.owned-graph-diagnostic.v1","kind":"replay","capture_id":1,"replay_id":163,"position":3,"host_staging_bytes":98344,"event_setup_ns":375,"host_staging_ns":1532,"host_launch_ns":4766,"host_wait_ns":2683453,"cuda_graph_span_ns":2685472.012,"event_status":0,"launch_status":0,"completion_status":0}
{"schema":"riley.owned-graph-diagnostic.v1","kind":"read","capture_id":1,"replay_id":163,"host_read_bytes":98344,"host_read_ns":4505}
{"schema":"riley.owned-graph-diagnostic.v1","kind":"replay","capture_id":1,"replay_id":164,"position":4,"host_staging_bytes":98344,"event_setup_ns":330,"host_staging_ns":1530,"host_launch_ns":4922,"host_wait_ns":2693744,"cuda_graph_span_ns":2696063.995,"event_status":0,"launch_status":0,"completion_status":0}
{"schema":"riley.owned-graph-diagnostic.v1","kind":"read","capture_id":1,"replay_id":164,"host_read_bytes":98344,"host_read_ns":4797}
{"schema":"riley.owned-graph-diagnostic.v1","kind":"replay","capture_id":1,"replay_id":165,"position":5,"host_staging_bytes":98344,"event_setup_ns":390,"host_staging_ns":1525,"host_launch_ns":4659,"host_wait_ns":2691630,"cuda_graph_span_ns":2693439.960,"event_status":0,"launch_status":0,"completion_status":0}
{"schema":"riley.owned-graph-diagnostic.v1","kind":"read","capture_id":1,"replay_id":165,"host_read_bytes":98344,"host_read_ns":4742}
{"schema":"riley.owned-graph-diagnostic.v1","kind":"replay","capture_id":1,"replay_id":166,"position":6,"host_staging_bytes":98344,"event_setup_ns":680,"host_staging_ns":1587,"host_launch_ns":4765,"host_wait_ns":2674279,"cuda_graph_span_ns":2676383.972,"event_status":0,"launch_status":0,"completion_status":0}
{"schema":"riley.owned-graph-diagnostic.v1","kind":"read","capture_id":1,"replay_id":166,"host_read_bytes":98344,"host_read_ns":4917}
{"schema":"riley.owned-graph-diagnostic.v1","kind":"replay","capture_id":1,"replay_id":167,"position":7,"host_staging_bytes":98344,"event_setup_ns":686,"host_staging_ns":1553,"host_launch_ns":4888,"host_wait_ns":2672071,"cuda_graph_span_ns":2674175.978,"event_status":0,"launch_status":0,"completion_status":0}
{"schema":"riley.owned-graph-diagnostic.v1","kind":"read","capture_id":1,"replay_id":167,"host_read_bytes":98344,"host_read_ns":5154}
{"schema":"riley.owned-graph-diagnostic.v1","kind":"replay","capture_id":1,"replay_id":168,"position":8,"host_staging_bytes":98344,"event_setup_ns":651,"host_staging_ns":1557,"host_launch_ns":5202,"host_wait_ns":2721455,"cuda_graph_span_ns":2723743.916,"event_status":0,"launch_status":0,"completion_status":0}
{"schema":"riley.owned-graph-diagnostic.v1","kind":"read","capture_id":1,"replay_id":168,"host_read_bytes":98344,"host_read_ns":4726}
{"schema":"riley.owned-graph-diagnostic.v1","kind":"replay","capture_id":1,"replay_id":169,"position":9,"host_staging_bytes":98344,"event_setup_ns":597,"host_staging_ns":1570,"host_launch_ns":5012,"host_wait_ns":2759265,"cuda_graph_span_ns":2761600.018,"event_status":0,"launch_status":0,"completion_status":0}
{"schema":"riley.owned-graph-diagnostic.v1","kind":"read","capture_id":1,"replay_id":169,"host_read_bytes":98344,"host_read_ns":4510}
{"schema":"riley.owned-graph-diagnostic.v1","kind":"replay","capture_id":1,"replay_id":170,"position":10,"host_staging_bytes":98344,"event_setup_ns":432,"host_staging_ns":1532,"host_launch_ns":4739,"host_wait_ns":2755434,"cuda_graph_span_ns":2757695.913,"event_status":0,"launch_status":0,"completion_status":0}
{"schema":"riley.owned-graph-diagnostic.v1","kind":"read","capture_id":1,"replay_id":170,"host_read_bytes":98344,"host_read_ns":5041}
{"schema":"riley.owned-graph-diagnostic.v1","kind":"replay","capture_id":1,"replay_id":171,"position":11,"host_staging_bytes":98344,"event_setup_ns":424,"host_staging_ns":1528,"host_launch_ns":5247,"host_wait_ns":2768709,"cuda_graph_span_ns":2771071.911,"event_status":0,"launch_status":0,"completion_status":0}
{"schema":"riley.owned-graph-diagnostic.v1","kind":"read","capture_id":1,"replay_id":171,"host_read_bytes":98344,"host_read_ns":5046}
{"schema":"riley.owned-graph-diagnostic.v1","kind":"replay","capture_id":1,"replay_id":172,"position":12,"host_staging_bytes":98344,"event_setup_ns":553,"host_staging_ns":1540,"host_launch_ns":5293,"host_wait_ns":2763706,"cuda_graph_span_ns":2766207.933,"event_status":0,"launch_status":0,"completion_status":0}
{"schema":"riley.owned-graph-diagnostic.v1","kind":"read","capture_id":1,"replay_id":172,"host_read_bytes":98344,"host_read_ns":4700}
{"schema":"riley.owned-graph-diagnostic.v1","kind":"replay","capture_id":1,"replay_id":173,"position":13,"host_staging_bytes":98344,"event_setup_ns":628,"host_staging_ns":1533,"host_launch_ns":5186,"host_wait_ns":2762674,"cuda_graph_span_ns":2765183.926,"event_status":0,"launch_status":0,"completion_status":0}
{"schema":"riley.owned-graph-diagnostic.v1","kind":"read","capture_id":1,"replay_id":173,"host_read_bytes":98344,"host_read_ns":5029}
{"schema":"riley.owned-graph-diagnostic.v1","kind":"replay","capture_id":1,"replay_id":174,"position":14,"host_staging_bytes":98344,"event_setup_ns":497,"host_staging_ns":1537,"host_launch_ns":5183,"host_wait_ns":2757051,"cuda_graph_span_ns":2759263.992,"event_status":0,"launch_status":0,"completion_status":0}
{"schema":"riley.owned-graph-diagnostic.v1","kind":"read","capture_id":1,"replay_id":174,"host_read_bytes":98344,"host_read_ns":5452}
{"schema":"riley.owned-graph-diagnostic.v1","kind":"replay","capture_id":1,"replay_id":175,"position":15,"host_staging_bytes":98344,"event_setup_ns":656,"host_staging_ns":1535,"host_launch_ns":4905,"host_wait_ns":2750784,"cuda_graph_span_ns":2752896.070,"event_status":0,"launch_status":0,"completion_status":0}
{"schema":"riley.owned-graph-diagnostic.v1","kind":"read","capture_id":1,"replay_id":175,"host_read_bytes":98344,"host_read_ns":5411}
{"schema":"riley.owned-graph-diagnostic.v1","kind":"replay","capture_id":1,"replay_id":176,"position":16,"host_staging_bytes":98344,"event_setup_ns":327,"host_staging_ns":1521,"host_launch_ns":5293,"host_wait_ns":2816730,"cuda_graph_span_ns":2819616.079,"event_status":0,"launch_status":0,"completion_status":0}
{"schema":"riley.owned-graph-diagnostic.v1","kind":"read","capture_id":1,"replay_id":176,"host_read_bytes":98344,"host_read_ns":4459}
{"schema":"riley.owned-graph-diagnostic.v1","kind":"replay","capture_id":1,"replay_id":177,"position":17,"host_staging_bytes":98344,"event_setup_ns":548,"host_staging_ns":1529,"host_launch_ns":4826,"host_wait_ns":2857709,"cuda_graph_span_ns":2859839.916,"event_status":0,"launch_status":0,"completion_status":0}
{"schema":"riley.owned-graph-diagnostic.v1","kind":"read","capture_id":1,"replay_id":177,"host_read_bytes":98344,"host_read_ns":5217}
{"schema":"riley.owned-graph-diagnostic.v1","kind":"replay","capture_id":1,"replay_id":178,"position":18,"host_staging_bytes":98344,"event_setup_ns":436,"host_staging_ns":1558,"host_launch_ns":5093,"host_wait_ns":2883843,"cuda_graph_span_ns":2886303.902,"event_status":0,"launch_status":0,"completion_status":0}
{"schema":"riley.owned-graph-diagnostic.v1","kind":"read","capture_id":1,"replay_id":178,"host_read_bytes":98344,"host_read_ns":5162}
{"schema":"riley.owned-graph-diagnostic.v1","kind":"replay","capture_id":1,"replay_id":179,"position":19,"host_staging_bytes":98344,"event_setup_ns":531,"host_staging_ns":1553,"host_launch_ns":5085,"host_wait_ns":2863343,"cuda_graph_span_ns":2865888.119,"event_status":0,"launch_status":0,"completion_status":0}
{"schema":"riley.owned-graph-diagnostic.v1","kind":"read","capture_id":1,"replay_id":179,"host_read_bytes":98344,"host_read_ns":4706}
{"schema":"riley.owned-graph-diagnostic.v1","kind":"replay","capture_id":1,"replay_id":180,"position":20,"host_staging_bytes":98344,"event_setup_ns":462,"host_staging_ns":1650,"host_launch_ns":6038,"host_wait_ns":2864505,"cuda_graph_span_ns":2868128.061,"event_status":0,"launch_status":0,"completion_status":0}
{"schema":"riley.owned-graph-diagnostic.v1","kind":"read","capture_id":1,"replay_id":180,"host_read_bytes":98344,"host_read_ns":4774}
{"schema":"riley.owned-graph-diagnostic.v1","kind":"replay","capture_id":1,"replay_id":181,"position":21,"host_staging_bytes":98344,"event_setup_ns":587,"host_staging_ns":1625,"host_launch_ns":5217,"host_wait_ns":2861692,"cuda_graph_span_ns":2864223.957,"event_status":0,"launch_status":0,"completion_status":0}
{"schema":"riley.owned-graph-diagnostic.v1","kind":"read","capture_id":1,"replay_id":181,"host_read_bytes":98344,"host_read_ns":5143}
{"schema":"riley.owned-graph-diagnostic.v1","kind":"replay","capture_id":1,"replay_id":182,"position":22,"host_staging_bytes":98344,"event_setup_ns":593,"host_staging_ns":1540,"host_launch_ns":5238,"host_wait_ns":2870000,"cuda_graph_span_ns":2872607.946,"event_status":0,"launch_status":0,"completion_status":0}
{"schema":"riley.owned-graph-diagnostic.v1","kind":"read","capture_id":1,"replay_id":182,"host_read_bytes":98344,"host_read_ns":4561}
{"schema":"riley.owned-graph-diagnostic.v1","kind":"replay","capture_id":1,"replay_id":183,"position":23,"host_staging_bytes":98344,"event_setup_ns":412,"host_staging_ns":1551,"host_launch_ns":5332,"host_wait_ns":2864650,"cuda_graph_span_ns":2867392.063,"event_status":0,"launch_status":0,"completion_status":0}
{"schema":"riley.owned-graph-diagnostic.v1","kind":"read","capture_id":1,"replay_id":183,"host_read_bytes":98344,"host_read_ns":4920}
{"schema":"riley.owned-graph-diagnostic.v1","kind":"replay","capture_id":1,"replay_id":184,"position":24,"host_staging_bytes":98344,"event_setup_ns":491,"host_staging_ns":1538,"host_launch_ns":4936,"host_wait_ns":2906497,"cuda_graph_span_ns":2908735.991,"event_status":0,"launch_status":0,"completion_status":0}
{"schema":"riley.owned-graph-diagnostic.v1","kind":"read","capture_id":1,"replay_id":184,"host_read_bytes":98344,"host_read_ns":5449}
{"schema":"riley.owned-graph-diagnostic.v1","kind":"replay","capture_id":1,"replay_id":185,"position":25,"host_staging_bytes":98344,"event_setup_ns":361,"host_staging_ns":1525,"host_launch_ns":5070,"host_wait_ns":2949220,"cuda_graph_span_ns":2951551.914,"event_status":0,"launch_status":0,"completion_status":0}
{"schema":"riley.owned-graph-diagnostic.v1","kind":"read","capture_id":1,"replay_id":185,"host_read_bytes":98344,"host_read_ns":5041}
{"schema":"riley.owned-graph-diagnostic.v1","kind":"replay","capture_id":1,"replay_id":186,"position":26,"host_staging_bytes":98344,"event_setup_ns":437,"host_staging_ns":1544,"host_launch_ns":5181,"host_wait_ns":2957473,"cuda_graph_span_ns":2960223.913,"event_status":0,"launch_status":0,"completion_status":0}
{"schema":"riley.owned-graph-diagnostic.v1","kind":"read","capture_id":1,"replay_id":186,"host_read_bytes":98344,"host_read_ns":4263}
{"schema":"riley.owned-graph-diagnostic.v1","kind":"replay","capture_id":1,"replay_id":187,"position":27,"host_staging_bytes":98344,"event_setup_ns":396,"host_staging_ns":1525,"host_launch_ns":5009,"host_wait_ns":2953496,"cuda_graph_span_ns":2955647.945,"event_status":0,"launch_status":0,"completion_status":0}
{"schema":"riley.owned-graph-diagnostic.v1","kind":"read","capture_id":1,"replay_id":187,"host_read_bytes":98344,"host_read_ns":4821}
{"schema":"riley.owned-graph-diagnostic.v1","kind":"replay","capture_id":1,"replay_id":188,"position":28,"host_staging_bytes":98344,"event_setup_ns":420,"host_staging_ns":1589,"host_launch_ns":5023,"host_wait_ns":2960207,"cuda_graph_span_ns":2961855.888,"event_status":0,"launch_status":0,"completion_status":0}
{"schema":"riley.owned-graph-diagnostic.v1","kind":"read","capture_id":1,"replay_id":188,"host_read_bytes":98344,"host_read_ns":4871}
{"schema":"riley.owned-graph-diagnostic.v1","kind":"replay","capture_id":1,"replay_id":189,"position":29,"host_staging_bytes":98344,"event_setup_ns":504,"host_staging_ns":1530,"host_launch_ns":5289,"host_wait_ns":2956242,"cuda_graph_span_ns":2958879.948,"event_status":0,"launch_status":0,"completion_status":0}
{"schema":"riley.owned-graph-diagnostic.v1","kind":"read","capture_id":1,"replay_id":189,"host_read_bytes":98344,"host_read_ns":4640}
{"schema":"riley.owned-graph-diagnostic.v1","kind":"replay","capture_id":1,"replay_id":190,"position":30,"host_staging_bytes":98344,"event_setup_ns":462,"host_staging_ns":1567,"host_launch_ns":5128,"host_wait_ns":2958278,"cuda_graph_span_ns":2960671.902,"event_status":0,"launch_status":0,"completion_status":0}
{"schema":"riley.owned-graph-diagnostic.v1","kind":"read","capture_id":1,"replay_id":190,"host_read_bytes":98344,"host_read_ns":4703}
{"schema":"riley.owned-graph-diagnostic.v1","kind":"replay","capture_id":1,"replay_id":191,"position":31,"host_staging_bytes":98344,"event_setup_ns":294,"host_staging_ns":1525,"host_launch_ns":5584,"host_wait_ns":2951994,"cuda_graph_span_ns":2954976.082,"event_status":0,"launch_status":0,"completion_status":0}
{"schema":"riley.owned-graph-diagnostic.v1","kind":"read","capture_id":1,"replay_id":191,"host_read_bytes":98344,"host_read_ns":4602}
{"schema":"riley.owned-graph-diagnostic.v1","kind":"replay","capture_id":1,"replay_id":192,"position":32,"host_staging_bytes":98344,"event_setup_ns":302,"host_staging_ns":1517,"host_launch_ns":4752,"host_wait_ns":3026725,"cuda_graph_span_ns":3028640.032,"event_status":0,"launch_status":0,"completion_status":0}
{"schema":"riley.owned-graph-diagnostic.v1","kind":"read","capture_id":1,"replay_id":192,"host_read_bytes":98344,"host_read_ns":4619}
{"schema":"riley.owned-graph-diagnostic.v1","kind":"replay","capture_id":1,"replay_id":193,"position":33,"host_staging_bytes":98344,"event_setup_ns":426,"host_staging_ns":1518,"host_launch_ns":4846,"host_wait_ns":3060424,"cuda_graph_span_ns":3062432.051,"event_status":0,"launch_status":0,"completion_status":0}
{"schema":"riley.owned-graph-diagnostic.v1","kind":"read","capture_id":1,"replay_id":193,"host_read_bytes":98344,"host_read_ns":4820}
{"schema":"riley.owned-graph-diagnostic.v1","kind":"replay","capture_id":1,"replay_id":194,"position":34,"host_staging_bytes":98344,"event_setup_ns":400,"host_staging_ns":1541,"host_launch_ns":4834,"host_wait_ns":3053253,"cuda_graph_span_ns":3055295.944,"event_status":0,"launch_status":0,"completion_status":0}
{"schema":"riley.owned-graph-diagnostic.v1","kind":"read","capture_id":1,"replay_id":194,"host_read_bytes":98344,"host_read_ns":4266}
{"schema":"riley.owned-graph-diagnostic.v1","kind":"replay","capture_id":1,"replay_id":195,"position":35,"host_staging_bytes":98344,"event_setup_ns":373,"host_staging_ns":1517,"host_launch_ns":5126,"host_wait_ns":3059338,"cuda_graph_span_ns":3061664.104,"event_status":0,"launch_status":0,"completion_status":0}
{"schema":"riley.owned-graph-diagnostic.v1","kind":"read","capture_id":1,"replay_id":195,"host_read_bytes":98344,"host_read_ns":4465}
{"schema":"riley.owned-graph-diagnostic.v1","kind":"replay","capture_id":1,"replay_id":196,"position":36,"host_staging_bytes":98344,"event_setup_ns":438,"host_staging_ns":1539,"host_launch_ns":4907,"host_wait_ns":3058788,"cuda_graph_span_ns":3060863.972,"event_status":0,"launch_status":0,"completion_status":0}
{"schema":"riley.owned-graph-diagnostic.v1","kind":"read","capture_id":1,"replay_id":196,"host_read_bytes":98344,"host_read_ns":4687}
{"schema":"riley.owned-graph-diagnostic.v1","kind":"replay","capture_id":1,"replay_id":197,"position":37,"host_staging_bytes":98344,"event_setup_ns":512,"host_staging_ns":1499,"host_launch_ns":5079,"host_wait_ns":3071234,"cuda_graph_span_ns":3073568.106,"event_status":0,"launch_status":0,"completion_status":0}
{"schema":"riley.owned-graph-diagnostic.v1","kind":"read","capture_id":1,"replay_id":197,"host_read_bytes":98344,"host_read_ns":4668}
{"schema":"riley.owned-graph-diagnostic.v1","kind":"replay","capture_id":1,"replay_id":198,"position":38,"host_staging_bytes":98344,"event_setup_ns":304,"host_staging_ns":1527,"host_launch_ns":4811,"host_wait_ns":3064547,"cuda_graph_span_ns":3066688.061,"event_status":0,"launch_status":0,"completion_status":0}
{"schema":"riley.owned-graph-diagnostic.v1","kind":"read","capture_id":1,"replay_id":198,"host_read_bytes":98344,"host_read_ns":4676}
{"schema":"riley.owned-graph-diagnostic.v1","kind":"replay","capture_id":1,"replay_id":199,"position":39,"host_staging_bytes":98344,"event_setup_ns":296,"host_staging_ns":1508,"host_launch_ns":5024,"host_wait_ns":3066932,"cuda_graph_span_ns":3069152.117,"event_status":0,"launch_status":0,"completion_status":0}
{"schema":"riley.owned-graph-diagnostic.v1","kind":"read","capture_id":1,"replay_id":199,"host_read_bytes":98344,"host_read_ns":5141}
{"schema":"riley.owned-graph-diagnostic.v1","kind":"replay","capture_id":1,"replay_id":200,"position":40,"host_staging_bytes":98344,"event_setup_ns":344,"host_staging_ns":1540,"host_launch_ns":4843,"host_wait_ns":3091751,"cuda_graph_span_ns":3093791.962,"event_status":0,"launch_status":0,"completion_status":0}
{"schema":"riley.owned-graph-diagnostic.v1","kind":"read","capture_id":1,"replay_id":200,"host_read_bytes":98344,"host_read_ns":4594}
{"schema":"riley.owned-graph-diagnostic.v1","kind":"replay","capture_id":1,"replay_id":201,"position":41,"host_staging_bytes":98344,"event_setup_ns":439,"host_staging_ns":1538,"host_launch_ns":5144,"host_wait_ns":3133018,"cuda_graph_span_ns":3135360.003,"event_status":0,"launch_status":0,"completion_status":0}
{"schema":"riley.owned-graph-diagnostic.v1","kind":"read","capture_id":1,"replay_id":201,"host_read_bytes":98344,"host_read_ns":4972}
{"schema":"riley.owned-graph-diagnostic.v1","kind":"replay","capture_id":1,"replay_id":202,"position":42,"host_staging_bytes":98344,"event_setup_ns":432,"host_staging_ns":1600,"host_launch_ns":4895,"host_wait_ns":3148157,"cuda_graph_span_ns":3148576.021,"event_status":0,"launch_status":0,"completion_status":0}
{"schema":"riley.owned-graph-diagnostic.v1","kind":"read","capture_id":1,"replay_id":202,"host_read_bytes":98344,"host_read_ns":4845}
{"schema":"riley.owned-graph-diagnostic.v1","kind":"replay","capture_id":1,"replay_id":203,"position":43,"host_staging_bytes":98344,"event_setup_ns":309,"host_staging_ns":1534,"host_launch_ns":5107,"host_wait_ns":3144551,"cuda_graph_span_ns":3146816.015,"event_status":0,"launch_status":0,"completion_status":0}
{"schema":"riley.owned-graph-diagnostic.v1","kind":"read","capture_id":1,"replay_id":203,"host_read_bytes":98344,"host_read_ns":4880}
{"schema":"riley.owned-graph-diagnostic.v1","kind":"replay","capture_id":1,"replay_id":204,"position":44,"host_staging_bytes":98344,"event_setup_ns":596,"host_staging_ns":1520,"host_launch_ns":4742,"host_wait_ns":3135126,"cuda_graph_span_ns":3137088.060,"event_status":0,"launch_status":0,"completion_status":0}
{"schema":"riley.owned-graph-diagnostic.v1","kind":"read","capture_id":1,"replay_id":204,"host_read_bytes":98344,"host_read_ns":4775}
{"schema":"riley.owned-graph-diagnostic.v1","kind":"replay","capture_id":1,"replay_id":205,"position":45,"host_staging_bytes":98344,"event_setup_ns":292,"host_staging_ns":1530,"host_launch_ns":4827,"host_wait_ns":3155003,"cuda_graph_span_ns":3157183.886,"event_status":0,"launch_status":0,"completion_status":0}
{"schema":"riley.owned-graph-diagnostic.v1","kind":"read","capture_id":1,"replay_id":205,"host_read_bytes":98344,"host_read_ns":4764}
{"schema":"riley.owned-graph-diagnostic.v1","kind":"replay","capture_id":1,"replay_id":206,"position":46,"host_staging_bytes":98344,"event_setup_ns":430,"host_staging_ns":1528,"host_launch_ns":5205,"host_wait_ns":3146158,"cuda_graph_span_ns":3148672.104,"event_status":0,"launch_status":0,"completion_status":0}
{"schema":"riley.owned-graph-diagnostic.v1","kind":"read","capture_id":1,"replay_id":206,"host_read_bytes":98344,"host_read_ns":4768}
{"schema":"riley.owned-graph-diagnostic.v1","kind":"replay","capture_id":1,"replay_id":207,"position":47,"host_staging_bytes":98344,"event_setup_ns":376,"host_staging_ns":1517,"host_launch_ns":4812,"host_wait_ns":3138666,"cuda_graph_span_ns":3140768.051,"event_status":0,"launch_status":0,"completion_status":0}
{"schema":"riley.owned-graph-diagnostic.v1","kind":"read","capture_id":1,"replay_id":207,"host_read_bytes":98344,"host_read_ns":4981}
{"schema":"riley.owned-graph-diagnostic.v1","kind":"replay","capture_id":1,"replay_id":208,"position":48,"host_staging_bytes":98344,"event_setup_ns":473,"host_staging_ns":1536,"host_launch_ns":4899,"host_wait_ns":3194088,"cuda_graph_span_ns":3196415.901,"event_status":0,"launch_status":0,"completion_status":0}
{"schema":"riley.owned-graph-diagnostic.v1","kind":"read","capture_id":1,"replay_id":208,"host_read_bytes":98344,"host_read_ns":4722}
{"schema":"riley.owned-graph-diagnostic.v1","kind":"replay","capture_id":1,"replay_id":209,"position":49,"host_staging_bytes":98344,"event_setup_ns":507,"host_staging_ns":1530,"host_launch_ns":5100,"host_wait_ns":3227841,"cuda_graph_span_ns":3230400.085,"event_status":0,"launch_status":0,"completion_status":0}
{"schema":"riley.owned-graph-diagnostic.v1","kind":"read","capture_id":1,"replay_id":209,"host_read_bytes":98344,"host_read_ns":4602}
{"schema":"riley.owned-graph-diagnostic.v1","kind":"replay","capture_id":1,"replay_id":210,"position":50,"host_staging_bytes":98344,"event_setup_ns":327,"host_staging_ns":1537,"host_launch_ns":5131,"host_wait_ns":3243888,"cuda_graph_span_ns":3246432.066,"event_status":0,"launch_status":0,"completion_status":0}
{"schema":"riley.owned-graph-diagnostic.v1","kind":"read","capture_id":1,"replay_id":210,"host_read_bytes":98344,"host_read_ns":4537}
{"schema":"riley.owned-graph-diagnostic.v1","kind":"replay","capture_id":1,"replay_id":211,"position":51,"host_staging_bytes":98344,"event_setup_ns":348,"host_staging_ns":1531,"host_launch_ns":4755,"host_wait_ns":3261110,"cuda_graph_span_ns":3263135.910,"event_status":0,"launch_status":0,"completion_status":0}
{"schema":"riley.owned-graph-diagnostic.v1","kind":"read","capture_id":1,"replay_id":211,"host_read_bytes":98344,"host_read_ns":4939}
{"schema":"riley.owned-graph-diagnostic.v1","kind":"replay","capture_id":1,"replay_id":212,"position":52,"host_staging_bytes":98344,"event_setup_ns":313,"host_staging_ns":1542,"host_launch_ns":4628,"host_wait_ns":3251562,"cuda_graph_span_ns":3253472.090,"event_status":0,"launch_status":0,"completion_status":0}
{"schema":"riley.owned-graph-diagnostic.v1","kind":"read","capture_id":1,"replay_id":212,"host_read_bytes":98344,"host_read_ns":4632}
{"schema":"riley.owned-graph-diagnostic.v1","kind":"replay","capture_id":1,"replay_id":213,"position":53,"host_staging_bytes":98344,"event_setup_ns":352,"host_staging_ns":1520,"host_launch_ns":4571,"host_wait_ns":3242969,"cuda_graph_span_ns":3244863.987,"event_status":0,"launch_status":0,"completion_status":0}
{"schema":"riley.owned-graph-diagnostic.v1","kind":"read","capture_id":1,"replay_id":213,"host_read_bytes":98344,"host_read_ns":4694}
{"schema":"riley.owned-graph-diagnostic.v1","kind":"replay","capture_id":1,"replay_id":214,"position":54,"host_staging_bytes":98344,"event_setup_ns":308,"host_staging_ns":1526,"host_launch_ns":5067,"host_wait_ns":3250630,"cuda_graph_span_ns":3253087.997,"event_status":0,"launch_status":0,"completion_status":0}
{"schema":"riley.owned-graph-diagnostic.v1","kind":"read","capture_id":1,"replay_id":214,"host_read_bytes":98344,"host_read_ns":4661}
{"schema":"riley.owned-graph-diagnostic.v1","kind":"replay","capture_id":1,"replay_id":215,"position":55,"host_staging_bytes":98344,"event_setup_ns":297,"host_staging_ns":1533,"host_launch_ns":4809,"host_wait_ns":3247019,"cuda_graph_span_ns":3249023.914,"event_status":0,"launch_status":0,"completion_status":0}
{"schema":"riley.owned-graph-diagnostic.v1","kind":"read","capture_id":1,"replay_id":215,"host_read_bytes":98344,"host_read_ns":4628}
{"schema":"riley.owned-graph-diagnostic.v1","kind":"replay","capture_id":1,"replay_id":216,"position":56,"host_staging_bytes":98344,"event_setup_ns":462,"host_staging_ns":1518,"host_launch_ns":4559,"host_wait_ns":3283754,"cuda_graph_span_ns":3285696.030,"event_status":0,"launch_status":0,"completion_status":0}
{"schema":"riley.owned-graph-diagnostic.v1","kind":"read","capture_id":1,"replay_id":216,"host_read_bytes":98344,"host_read_ns":4660}
{"schema":"riley.owned-graph-diagnostic.v1","kind":"replay","capture_id":1,"replay_id":217,"position":57,"host_staging_bytes":98344,"event_setup_ns":371,"host_staging_ns":1528,"host_launch_ns":5049,"host_wait_ns":3342294,"cuda_graph_span_ns":3344543.934,"event_status":0,"launch_status":0,"completion_status":0}
{"schema":"riley.owned-graph-diagnostic.v1","kind":"read","capture_id":1,"replay_id":217,"host_read_bytes":98344,"host_read_ns":4763}
{"schema":"riley.owned-graph-diagnostic.v1","kind":"replay","capture_id":1,"replay_id":218,"position":58,"host_staging_bytes":98344,"event_setup_ns":362,"host_staging_ns":1552,"host_launch_ns":4889,"host_wait_ns":3334290,"cuda_graph_span_ns":3336287.975,"event_status":0,"launch_status":0,"completion_status":0}
{"schema":"riley.owned-graph-diagnostic.v1","kind":"read","capture_id":1,"replay_id":218,"host_read_bytes":98344,"host_read_ns":4915}
{"schema":"riley.owned-graph-diagnostic.v1","kind":"replay","capture_id":1,"replay_id":219,"position":59,"host_staging_bytes":98344,"event_setup_ns":368,"host_staging_ns":1526,"host_launch_ns":4885,"host_wait_ns":3335781,"cuda_graph_span_ns":3337408.066,"event_status":0,"launch_status":0,"completion_status":0}
{"schema":"riley.owned-graph-diagnostic.v1","kind":"read","capture_id":1,"replay_id":219,"host_read_bytes":98344,"host_read_ns":4535}
{"schema":"riley.owned-graph-diagnostic.v1","kind":"replay","capture_id":1,"replay_id":220,"position":60,"host_staging_bytes":98344,"event_setup_ns":506,"host_staging_ns":1582,"host_launch_ns":4855,"host_wait_ns":3337544,"cuda_graph_span_ns":3339679.956,"event_status":0,"launch_status":0,"completion_status":0}
{"schema":"riley.owned-graph-diagnostic.v1","kind":"read","capture_id":1,"replay_id":220,"host_read_bytes":98344,"host_read_ns":5506}
{"schema":"riley.owned-graph-diagnostic.v1","kind":"replay","capture_id":1,"replay_id":221,"position":61,"host_staging_bytes":98344,"event_setup_ns":365,"host_staging_ns":1534,"host_launch_ns":4943,"host_wait_ns":3337220,"cuda_graph_span_ns":3338943.958,"event_status":0,"launch_status":0,"completion_status":0}
{"schema":"riley.owned-graph-diagnostic.v1","kind":"read","capture_id":1,"replay_id":221,"host_read_bytes":98344,"host_read_ns":4856}
{"schema":"riley.owned-graph-diagnostic.v1","kind":"replay","capture_id":1,"replay_id":222,"position":62,"host_staging_bytes":98344,"event_setup_ns":390,"host_staging_ns":1537,"host_launch_ns":5432,"host_wait_ns":3335842,"cuda_graph_span_ns":3338495.970,"event_status":0,"launch_status":0,"completion_status":0}
{"schema":"riley.owned-graph-diagnostic.v1","kind":"read","capture_id":1,"replay_id":222,"host_read_bytes":98344,"host_read_ns":4739}
{"schema":"riley.owned-graph-diagnostic.v1","kind":"replay","capture_id":1,"replay_id":223,"position":63,"host_staging_bytes":98344,"event_setup_ns":487,"host_staging_ns":1533,"host_launch_ns":4986,"host_wait_ns":3338996,"cuda_graph_span_ns":3341216.087,"event_status":0,"launch_status":0,"completion_status":0}
{"schema":"riley.owned-graph-diagnostic.v1","kind":"read","capture_id":1,"replay_id":223,"host_read_bytes":98344,"host_read_ns":4922}
{"schema":"riley.owned-graph-diagnostic.v1","kind":"replay","capture_id":1,"replay_id":224,"position":64,"host_staging_bytes":98344,"event_setup_ns":540,"host_staging_ns":1553,"host_launch_ns":4567,"host_wait_ns":3393295,"cuda_graph_span_ns":3395456.076,"event_status":0,"launch_status":0,"completion_status":0}
{"schema":"riley.owned-graph-diagnostic.v1","kind":"read","capture_id":1,"replay_id":224,"host_read_bytes":98344,"host_read_ns":4779}
{"schema":"riley.owned-graph-diagnostic.v1","kind":"replay","capture_id":1,"replay_id":225,"position":65,"host_staging_bytes":98344,"event_setup_ns":311,"host_staging_ns":1524,"host_launch_ns":5414,"host_wait_ns":3428829,"cuda_graph_span_ns":3431328.058,"event_status":0,"launch_status":0,"completion_status":0}
{"schema":"riley.owned-graph-diagnostic.v1","kind":"read","capture_id":1,"replay_id":225,"host_read_bytes":98344,"host_read_ns":4720}
{"schema":"riley.owned-graph-diagnostic.v1","kind":"replay","capture_id":1,"replay_id":226,"position":66,"host_staging_bytes":98344,"event_setup_ns":323,"host_staging_ns":1537,"host_launch_ns":4918,"host_wait_ns":3443967,"cuda_graph_span_ns":3446016.073,"event_status":0,"launch_status":0,"completion_status":0}
{"schema":"riley.owned-graph-diagnostic.v1","kind":"read","capture_id":1,"replay_id":226,"host_read_bytes":98344,"host_read_ns":4767}
{"schema":"riley.owned-graph-diagnostic.v1","kind":"replay","capture_id":1,"replay_id":227,"position":67,"host_staging_bytes":98344,"event_setup_ns":316,"host_staging_ns":1521,"host_launch_ns":6327,"host_wait_ns":3450499,"cuda_graph_span_ns":3453887.939,"event_status":0,"launch_status":0,"completion_status":0}
{"schema":"riley.owned-graph-diagnostic.v1","kind":"read","capture_id":1,"replay_id":227,"host_read_bytes":98344,"host_read_ns":5136}
{"schema":"riley.owned-graph-diagnostic.v1","kind":"replay","capture_id":1,"replay_id":228,"position":68,"host_staging_bytes":98344,"event_setup_ns":416,"host_staging_ns":1615,"host_launch_ns":5978,"host_wait_ns":3438257,"cuda_graph_span_ns":3441407.919,"event_status":0,"launch_status":0,"completion_status":0}
{"schema":"riley.owned-graph-diagnostic.v1","kind":"read","capture_id":1,"replay_id":228,"host_read_bytes":98344,"host_read_ns":5214}
{"schema":"riley.owned-graph-diagnostic.v1","kind":"replay","capture_id":1,"replay_id":229,"position":69,"host_staging_bytes":98344,"event_setup_ns":468,"host_staging_ns":1540,"host_launch_ns":5563,"host_wait_ns":3458542,"cuda_graph_span_ns":3461312.056,"event_status":0,"launch_status":0,"completion_status":0}
{"schema":"riley.owned-graph-diagnostic.v1","kind":"read","capture_id":1,"replay_id":229,"host_read_bytes":98344,"host_read_ns":4989}
{"schema":"riley.owned-graph-diagnostic.v1","kind":"replay","capture_id":1,"replay_id":230,"position":70,"host_staging_bytes":98344,"event_setup_ns":294,"host_staging_ns":1511,"host_launch_ns":4842,"host_wait_ns":3437236,"cuda_graph_span_ns":3439264.059,"event_status":0,"launch_status":0,"completion_status":0}
{"schema":"riley.owned-graph-diagnostic.v1","kind":"read","capture_id":1,"replay_id":230,"host_read_bytes":98344,"host_read_ns":4970}
{"schema":"riley.owned-graph-diagnostic.v1","kind":"replay","capture_id":1,"replay_id":231,"position":71,"host_staging_bytes":98344,"event_setup_ns":367,"host_staging_ns":1522,"host_launch_ns":4855,"host_wait_ns":3437181,"cuda_graph_span_ns":3438911.915,"event_status":0,"launch_status":0,"completion_status":0}
{"schema":"riley.owned-graph-diagnostic.v1","kind":"read","capture_id":1,"replay_id":231,"host_read_bytes":98344,"host_read_ns":4836}
{"schema":"riley.owned-graph-diagnostic.v1","kind":"replay","capture_id":1,"replay_id":232,"position":72,"host_staging_bytes":98344,"event_setup_ns":301,"host_staging_ns":1533,"host_launch_ns":4901,"host_wait_ns":3479331,"cuda_graph_span_ns":3481568.098,"event_status":0,"launch_status":0,"completion_status":0}
{"schema":"riley.owned-graph-diagnostic.v1","kind":"read","capture_id":1,"replay_id":232,"host_read_bytes":98344,"host_read_ns":5064}
{"schema":"riley.owned-graph-diagnostic.v1","kind":"replay","capture_id":1,"replay_id":233,"position":73,"host_staging_bytes":98344,"event_setup_ns":451,"host_staging_ns":1525,"host_launch_ns":5220,"host_wait_ns":3516975,"cuda_graph_span_ns":3519488.096,"event_status":0,"launch_status":0,"completion_status":0}
{"schema":"riley.owned-graph-diagnostic.v1","kind":"read","capture_id":1,"replay_id":233,"host_read_bytes":98344,"host_read_ns":4701}
{"schema":"riley.owned-graph-diagnostic.v1","kind":"replay","capture_id":1,"replay_id":234,"position":74,"host_staging_bytes":98344,"event_setup_ns":307,"host_staging_ns":1538,"host_launch_ns":5199,"host_wait_ns":3523282,"cuda_graph_span_ns":3525727.987,"event_status":0,"launch_status":0,"completion_status":0}
{"schema":"riley.owned-graph-diagnostic.v1","kind":"read","capture_id":1,"replay_id":234,"host_read_bytes":98344,"host_read_ns":5155}
{"schema":"riley.owned-graph-diagnostic.v1","kind":"replay","capture_id":1,"replay_id":235,"position":75,"host_staging_bytes":98344,"event_setup_ns":609,"host_staging_ns":1634,"host_launch_ns":5883,"host_wait_ns":3528593,"cuda_graph_span_ns":3531519.890,"event_status":0,"launch_status":0,"completion_status":0}
{"schema":"riley.owned-graph-diagnostic.v1","kind":"read","capture_id":1,"replay_id":235,"host_read_bytes":98344,"host_read_ns":4758}
{"schema":"riley.owned-graph-diagnostic.v1","kind":"replay","capture_id":1,"replay_id":236,"position":76,"host_staging_bytes":98344,"event_setup_ns":649,"host_staging_ns":1560,"host_launch_ns":5494,"host_wait_ns":3526044,"cuda_graph_span_ns":3528736.115,"event_status":0,"launch_status":0,"completion_status":0}
{"schema":"riley.owned-graph-diagnostic.v1","kind":"read","capture_id":1,"replay_id":236,"host_read_bytes":98344,"host_read_ns":4977}
{"schema":"riley.owned-graph-diagnostic.v1","kind":"replay","capture_id":1,"replay_id":237,"position":77,"host_staging_bytes":98344,"event_setup_ns":582,"host_staging_ns":1585,"host_launch_ns":5396,"host_wait_ns":3523267,"cuda_graph_span_ns":3525887.966,"event_status":0,"launch_status":0,"completion_status":0}
{"schema":"riley.owned-graph-diagnostic.v1","kind":"read","capture_id":1,"replay_id":237,"host_read_bytes":98344,"host_read_ns":5018}
{"schema":"riley.owned-graph-diagnostic.v1","kind":"replay","capture_id":1,"replay_id":238,"position":78,"host_staging_bytes":98344,"event_setup_ns":369,"host_staging_ns":1540,"host_launch_ns":4895,"host_wait_ns":3522702,"cuda_graph_span_ns":3524895.906,"event_status":0,"launch_status":0,"completion_status":0}
{"schema":"riley.owned-graph-diagnostic.v1","kind":"read","capture_id":1,"replay_id":238,"host_read_bytes":98344,"host_read_ns":5588}
{"schema":"riley.owned-graph-diagnostic.v1","kind":"replay","capture_id":1,"replay_id":239,"position":79,"host_staging_bytes":98344,"event_setup_ns":315,"host_staging_ns":1534,"host_launch_ns":4849,"host_wait_ns":3519509,"cuda_graph_span_ns":3521600.008,"event_status":0,"launch_status":0,"completion_status":0}
{"schema":"riley.owned-graph-diagnostic.v1","kind":"read","capture_id":1,"replay_id":239,"host_read_bytes":98344,"host_read_ns":4964}
{"schema":"riley.owned-graph-diagnostic.v1","kind":"replay","capture_id":1,"replay_id":240,"position":80,"host_staging_bytes":98344,"event_setup_ns":663,"host_staging_ns":1598,"host_launch_ns":5415,"host_wait_ns":3590255,"cuda_graph_span_ns":3593024.015,"event_status":0,"launch_status":0,"completion_status":0}
{"schema":"riley.owned-graph-diagnostic.v1","kind":"read","capture_id":1,"replay_id":240,"host_read_bytes":98344,"host_read_ns":4913}
{"schema":"riley.owned-graph-diagnostic.v1","kind":"replay","capture_id":1,"replay_id":241,"position":81,"host_staging_bytes":98344,"event_setup_ns":382,"host_staging_ns":1594,"host_launch_ns":5707,"host_wait_ns":3617050,"cuda_graph_span_ns":3620032.072,"event_status":0,"launch_status":0,"completion_status":0}
{"schema":"riley.owned-graph-diagnostic.v1","kind":"read","capture_id":1,"replay_id":241,"host_read_bytes":98344,"host_read_ns":4556}
{"schema":"riley.owned-graph-diagnostic.v1","kind":"replay","capture_id":1,"replay_id":242,"position":82,"host_staging_bytes":98344,"event_setup_ns":333,"host_staging_ns":1545,"host_launch_ns":5093,"host_wait_ns":3621910,"cuda_graph_span_ns":3624416.113,"event_status":0,"launch_status":0,"completion_status":0}
{"schema":"riley.owned-graph-diagnostic.v1","kind":"read","capture_id":1,"replay_id":242,"host_read_bytes":98344,"host_read_ns":4917}
{"schema":"riley.owned-graph-diagnostic.v1","kind":"replay","capture_id":1,"replay_id":243,"position":83,"host_staging_bytes":98344,"event_setup_ns":284,"host_staging_ns":1590,"host_launch_ns":5095,"host_wait_ns":3626900,"cuda_graph_span_ns":3628959.894,"event_status":0,"launch_status":0,"completion_status":0}
{"schema":"riley.owned-graph-diagnostic.v1","kind":"read","capture_id":1,"replay_id":243,"host_read_bytes":98344,"host_read_ns":4977}
{"schema":"riley.owned-graph-diagnostic.v1","kind":"replay","capture_id":1,"replay_id":244,"position":84,"host_staging_bytes":98344,"event_setup_ns":462,"host_staging_ns":1537,"host_launch_ns":5562,"host_wait_ns":3639140,"cuda_graph_span_ns":3641664.028,"event_status":0,"launch_status":0,"completion_status":0}
{"schema":"riley.owned-graph-diagnostic.v1","kind":"read","capture_id":1,"replay_id":244,"host_read_bytes":98344,"host_read_ns":4965}
{"schema":"riley.owned-graph-diagnostic.v1","kind":"replay","capture_id":1,"replay_id":245,"position":85,"host_staging_bytes":98344,"event_setup_ns":545,"host_staging_ns":1574,"host_launch_ns":5961,"host_wait_ns":3639264,"cuda_graph_span_ns":3642175.913,"event_status":0,"launch_status":0,"completion_status":0}
{"schema":"riley.owned-graph-diagnostic.v1","kind":"read","capture_id":1,"replay_id":245,"host_read_bytes":98344,"host_read_ns":4843}
{"schema":"riley.owned-graph-diagnostic.v1","kind":"replay","capture_id":1,"replay_id":246,"position":86,"host_staging_bytes":98344,"event_setup_ns":373,"host_staging_ns":1552,"host_launch_ns":4978,"host_wait_ns":3648648,"cuda_graph_span_ns":3650752.068,"event_status":0,"launch_status":0,"completion_status":0}
{"schema":"riley.owned-graph-diagnostic.v1","kind":"read","capture_id":1,"replay_id":246,"host_read_bytes":98344,"host_read_ns":4710}
{"schema":"riley.owned-graph-diagnostic.v1","kind":"replay","capture_id":1,"replay_id":247,"position":87,"host_staging_bytes":98344,"event_setup_ns":436,"host_staging_ns":1582,"host_launch_ns":6124,"host_wait_ns":3624549,"cuda_graph_span_ns":3627968.073,"event_status":0,"launch_status":0,"completion_status":0}
{"schema":"riley.owned-graph-diagnostic.v1","kind":"read","capture_id":1,"replay_id":247,"host_read_bytes":98344,"host_read_ns":4711}
{"schema":"riley.owned-graph-diagnostic.v1","kind":"replay","capture_id":1,"replay_id":248,"position":88,"host_staging_bytes":98344,"event_setup_ns":499,"host_staging_ns":1564,"host_launch_ns":5651,"host_wait_ns":3668203,"cuda_graph_span_ns":3671072.006,"event_status":0,"launch_status":0,"completion_status":0}
{"schema":"riley.owned-graph-diagnostic.v1","kind":"read","capture_id":1,"replay_id":248,"host_read_bytes":98344,"host_read_ns":5514}
{"schema":"riley.owned-graph-diagnostic.v1","kind":"replay","capture_id":1,"replay_id":249,"position":89,"host_staging_bytes":98344,"event_setup_ns":560,"host_staging_ns":1545,"host_launch_ns":5502,"host_wait_ns":3705302,"cuda_graph_span_ns":3707776.070,"event_status":0,"launch_status":0,"completion_status":0}
{"schema":"riley.owned-graph-diagnostic.v1","kind":"read","capture_id":1,"replay_id":249,"host_read_bytes":98344,"host_read_ns":4962}
{"schema":"riley.owned-graph-diagnostic.v1","kind":"replay","capture_id":1,"replay_id":250,"position":90,"host_staging_bytes":98344,"event_setup_ns":620,"host_staging_ns":1718,"host_launch_ns":6588,"host_wait_ns":3707899,"cuda_graph_span_ns":3712064.028,"event_status":0,"launch_status":0,"completion_status":0}
{"schema":"riley.owned-graph-diagnostic.v1","kind":"read","capture_id":1,"replay_id":250,"host_read_bytes":98344,"host_read_ns":5176}
{"schema":"riley.owned-graph-diagnostic.v1","kind":"replay","capture_id":1,"replay_id":251,"position":91,"host_staging_bytes":98344,"event_setup_ns":500,"host_staging_ns":1613,"host_launch_ns":5491,"host_wait_ns":3721982,"cuda_graph_span_ns":3724416.018,"event_status":0,"launch_status":0,"completion_status":0}
{"schema":"riley.owned-graph-diagnostic.v1","kind":"read","capture_id":1,"replay_id":251,"host_read_bytes":98344,"host_read_ns":4641}
{"schema":"riley.owned-graph-diagnostic.v1","kind":"replay","capture_id":1,"replay_id":252,"position":92,"host_staging_bytes":98344,"event_setup_ns":438,"host_staging_ns":1547,"host_launch_ns":5276,"host_wait_ns":3709448,"cuda_graph_span_ns":3711904.049,"event_status":0,"launch_status":0,"completion_status":0}
{"schema":"riley.owned-graph-diagnostic.v1","kind":"read","capture_id":1,"replay_id":252,"host_read_bytes":98344,"host_read_ns":4976}
{"schema":"riley.owned-graph-diagnostic.v1","kind":"replay","capture_id":1,"replay_id":253,"position":93,"host_staging_bytes":98344,"event_setup_ns":390,"host_staging_ns":1616,"host_launch_ns":5267,"host_wait_ns":3714517,"cuda_graph_span_ns":3716448.069,"event_status":0,"launch_status":0,"completion_status":0}
{"schema":"riley.owned-graph-diagnostic.v1","kind":"read","capture_id":1,"replay_id":253,"host_read_bytes":98344,"host_read_ns":5338}
{"schema":"riley.owned-graph-diagnostic.v1","kind":"replay","capture_id":1,"replay_id":254,"position":94,"host_staging_bytes":98344,"event_setup_ns":297,"host_staging_ns":1599,"host_launch_ns":5072,"host_wait_ns":3717601,"cuda_graph_span_ns":3719968.081,"event_status":0,"launch_status":0,"completion_status":0}
{"schema":"riley.owned-graph-diagnostic.v1","kind":"read","capture_id":1,"replay_id":254,"host_read_bytes":98344,"host_read_ns":4890}
{"schema":"riley.owned-graph-diagnostic.v1","kind":"replay","capture_id":1,"replay_id":255,"position":95,"host_staging_bytes":98344,"event_setup_ns":526,"host_staging_ns":1516,"host_launch_ns":5077,"host_wait_ns":3725849,"cuda_graph_span_ns":3727967.978,"event_status":0,"launch_status":0,"completion_status":0}
{"schema":"riley.owned-graph-diagnostic.v1","kind":"read","capture_id":1,"replay_id":255,"host_read_bytes":98344,"host_read_ns":4483}
{"schema":"riley.owned-graph-diagnostic.v1","kind":"replay","capture_id":1,"replay_id":256,"position":96,"host_staging_bytes":98344,"event_setup_ns":378,"host_staging_ns":1554,"host_launch_ns":5146,"host_wait_ns":3780227,"cuda_graph_span_ns":3782495.975,"event_status":0,"launch_status":0,"completion_status":0}
{"schema":"riley.owned-graph-diagnostic.v1","kind":"read","capture_id":1,"replay_id":256,"host_read_bytes":98344,"host_read_ns":5017}
{"schema":"riley.owned-graph-diagnostic.v1","kind":"replay","capture_id":1,"replay_id":257,"position":97,"host_staging_bytes":98344,"event_setup_ns":472,"host_staging_ns":1546,"host_launch_ns":5463,"host_wait_ns":3816390,"cuda_graph_span_ns":3818815.947,"event_status":0,"launch_status":0,"completion_status":0}
{"schema":"riley.owned-graph-diagnostic.v1","kind":"read","capture_id":1,"replay_id":257,"host_read_bytes":98344,"host_read_ns":5344}
{"schema":"riley.owned-graph-diagnostic.v1","kind":"replay","capture_id":1,"replay_id":258,"position":98,"host_staging_bytes":98344,"event_setup_ns":591,"host_staging_ns":1623,"host_launch_ns":6395,"host_wait_ns":3819135,"cuda_graph_span_ns":3822623.968,"event_status":0,"launch_status":0,"completion_status":0}
{"schema":"riley.owned-graph-diagnostic.v1","kind":"read","capture_id":1,"replay_id":258,"host_read_bytes":98344,"host_read_ns":5020}
{"schema":"riley.owned-graph-diagnostic.v1","kind":"replay","capture_id":1,"replay_id":259,"position":99,"host_staging_bytes":98344,"event_setup_ns":529,"host_staging_ns":1603,"host_launch_ns":5573,"host_wait_ns":3824770,"cuda_graph_span_ns":3827167.988,"event_status":0,"launch_status":0,"completion_status":0}
{"schema":"riley.owned-graph-diagnostic.v1","kind":"read","capture_id":1,"replay_id":259,"host_read_bytes":98344,"host_read_ns":4804}
{"schema":"riley.owned-graph-diagnostic.v1","kind":"replay","capture_id":1,"replay_id":260,"position":100,"host_staging_bytes":98344,"event_setup_ns":770,"host_staging_ns":1596,"host_launch_ns":6090,"host_wait_ns":3819477,"cuda_graph_span_ns":3822623.968,"event_status":0,"launch_status":0,"completion_status":0}
{"schema":"riley.owned-graph-diagnostic.v1","kind":"read","capture_id":1,"replay_id":260,"host_read_bytes":98344,"host_read_ns":4661}
{"schema":"riley.owned-graph-diagnostic.v1","kind":"replay","capture_id":1,"replay_id":261,"position":101,"host_staging_bytes":98344,"event_setup_ns":652,"host_staging_ns":1686,"host_launch_ns":6260,"host_wait_ns":3826947,"cuda_graph_span_ns":3830431.938,"event_status":0,"launch_status":0,"completion_status":0}
{"schema":"riley.owned-graph-diagnostic.v1","kind":"read","capture_id":1,"replay_id":261,"host_read_bytes":98344,"host_read_ns":5121}
{"schema":"riley.owned-graph-diagnostic.v1","kind":"replay","capture_id":1,"replay_id":262,"position":102,"host_staging_bytes":98344,"event_setup_ns":609,"host_staging_ns":1867,"host_launch_ns":5820,"host_wait_ns":3829033,"cuda_graph_span_ns":3832031.965,"event_status":0,"launch_status":0,"completion_status":0}
{"schema":"riley.owned-graph-diagnostic.v1","kind":"read","capture_id":1,"replay_id":262,"host_read_bytes":98344,"host_read_ns":5476}
{"schema":"riley.owned-graph-diagnostic.v1","kind":"replay","capture_id":1,"replay_id":263,"position":103,"host_staging_bytes":98344,"event_setup_ns":658,"host_staging_ns":1843,"host_launch_ns":6100,"host_wait_ns":3820898,"cuda_graph_span_ns":3823999.882,"event_status":0,"launch_status":0,"completion_status":0}
{"schema":"riley.owned-graph-diagnostic.v1","kind":"read","capture_id":1,"replay_id":263,"host_read_bytes":98344,"host_read_ns":5301}
{"schema":"riley.owned-graph-diagnostic.v1","kind":"replay","capture_id":1,"replay_id":264,"position":104,"host_staging_bytes":98344,"event_setup_ns":734,"host_staging_ns":1956,"host_launch_ns":7311,"host_wait_ns":3860358,"cuda_graph_span_ns":3865056.038,"event_status":0,"launch_status":0,"completion_status":0}
{"schema":"riley.owned-graph-diagnostic.v1","kind":"read","capture_id":1,"replay_id":264,"host_read_bytes":98344,"host_read_ns":5015}
{"schema":"riley.owned-graph-diagnostic.v1","kind":"replay","capture_id":1,"replay_id":265,"position":105,"host_staging_bytes":98344,"event_setup_ns":430,"host_staging_ns":1730,"host_launch_ns":6378,"host_wait_ns":3901495,"cuda_graph_span_ns":3905312.061,"event_status":0,"launch_status":0,"completion_status":0}
{"schema":"riley.owned-graph-diagnostic.v1","kind":"read","capture_id":1,"replay_id":265,"host_read_bytes":98344,"host_read_ns":4980}
{"schema":"riley.owned-graph-diagnostic.v1","kind":"replay","capture_id":1,"replay_id":266,"position":106,"host_staging_bytes":98344,"event_setup_ns":681,"host_staging_ns":1699,"host_launch_ns":6137,"host_wait_ns":3900458,"cuda_graph_span_ns":3903808.117,"event_status":0,"launch_status":0,"completion_status":0}
{"schema":"riley.owned-graph-diagnostic.v1","kind":"read","capture_id":1,"replay_id":266,"host_read_bytes":98344,"host_read_ns":5040}
{"schema":"riley.owned-graph-diagnostic.v1","kind":"replay","capture_id":1,"replay_id":267,"position":107,"host_staging_bytes":98344,"event_setup_ns":359,"host_staging_ns":1630,"host_launch_ns":5932,"host_wait_ns":3910216,"cuda_graph_span_ns":3912928.104,"event_status":0,"launch_status":0,"completion_status":0}
{"schema":"riley.owned-graph-diagnostic.v1","kind":"read","capture_id":1,"replay_id":267,"host_read_bytes":98344,"host_read_ns":4509}
{"schema":"riley.owned-graph-diagnostic.v1","kind":"replay","capture_id":1,"replay_id":268,"position":108,"host_staging_bytes":98344,"event_setup_ns":296,"host_staging_ns":1598,"host_launch_ns":5350,"host_wait_ns":3907341,"cuda_graph_span_ns":3910079.956,"event_status":0,"launch_status":0,"completion_status":0}
{"schema":"riley.owned-graph-diagnostic.v1","kind":"read","capture_id":1,"replay_id":268,"host_read_bytes":98344,"host_read_ns":4789}
{"schema":"riley.owned-graph-diagnostic.v1","kind":"replay","capture_id":1,"replay_id":269,"position":109,"host_staging_bytes":98344,"event_setup_ns":301,"host_staging_ns":1606,"host_launch_ns":5049,"host_wait_ns":3908104,"cuda_graph_span_ns":3910239.935,"event_status":0,"launch_status":0,"completion_status":0}
{"schema":"riley.owned-graph-diagnostic.v1","kind":"read","capture_id":1,"replay_id":269,"host_read_bytes":98344,"host_read_ns":4832}
{"schema":"riley.owned-graph-diagnostic.v1","kind":"replay","capture_id":1,"replay_id":270,"position":110,"host_staging_bytes":98344,"event_setup_ns":540,"host_staging_ns":1566,"host_launch_ns":5312,"host_wait_ns":3905756,"cuda_graph_span_ns":3908063.889,"event_status":0,"launch_status":0,"completion_status":0}
{"schema":"riley.owned-graph-diagnostic.v1","kind":"read","capture_id":1,"replay_id":270,"host_read_bytes":98344,"host_read_ns":5045}
{"schema":"riley.owned-graph-diagnostic.v1","kind":"replay","capture_id":1,"replay_id":271,"position":111,"host_staging_bytes":98344,"event_setup_ns":389,"host_staging_ns":1559,"host_launch_ns":5661,"host_wait_ns":3904698,"cuda_graph_span_ns":3907488.108,"event_status":0,"launch_status":0,"completion_status":0}
{"schema":"riley.owned-graph-diagnostic.v1","kind":"read","capture_id":1,"replay_id":271,"host_read_bytes":98344,"host_read_ns":5334}
{"schema":"riley.owned-graph-diagnostic.v1","kind":"replay","capture_id":1,"replay_id":272,"position":112,"host_staging_bytes":98344,"event_setup_ns":495,"host_staging_ns":1604,"host_launch_ns":5246,"host_wait_ns":3981707,"cuda_graph_span_ns":3983999.968,"event_status":0,"launch_status":0,"completion_status":0}
{"schema":"riley.owned-graph-diagnostic.v1","kind":"read","capture_id":1,"replay_id":272,"host_read_bytes":98344,"host_read_ns":4624}
{"schema":"riley.owned-graph-diagnostic.v1","kind":"replay","capture_id":1,"replay_id":273,"position":113,"host_staging_bytes":98344,"event_setup_ns":584,"host_staging_ns":1566,"host_launch_ns":5038,"host_wait_ns":4007220,"cuda_graph_span_ns":4009151.936,"event_status":0,"launch_status":0,"completion_status":0}
{"schema":"riley.owned-graph-diagnostic.v1","kind":"read","capture_id":1,"replay_id":273,"host_read_bytes":98344,"host_read_ns":4776}
{"schema":"riley.owned-graph-diagnostic.v1","kind":"replay","capture_id":1,"replay_id":274,"position":114,"host_staging_bytes":98344,"event_setup_ns":475,"host_staging_ns":1764,"host_launch_ns":5857,"host_wait_ns":4004676,"cuda_graph_span_ns":4007647.991,"event_status":0,"launch_status":0,"completion_status":0}
{"schema":"riley.owned-graph-diagnostic.v1","kind":"read","capture_id":1,"replay_id":274,"host_read_bytes":98344,"host_read_ns":4937}
{"schema":"riley.owned-graph-diagnostic.v1","kind":"replay","capture_id":1,"replay_id":275,"position":115,"host_staging_bytes":98344,"event_setup_ns":609,"host_staging_ns":1633,"host_launch_ns":6383,"host_wait_ns":4014050,"cuda_graph_span_ns":4017312.050,"event_status":0,"launch_status":0,"completion_status":0}
{"schema":"riley.owned-graph-diagnostic.v1","kind":"read","capture_id":1,"replay_id":275,"host_read_bytes":98344,"host_read_ns":4819}
{"schema":"riley.owned-graph-diagnostic.v1","kind":"replay","capture_id":1,"replay_id":276,"position":116,"host_staging_bytes":98344,"event_setup_ns":371,"host_staging_ns":1675,"host_launch_ns":6344,"host_wait_ns":4004920,"cuda_graph_span_ns":4008448.124,"event_status":0,"launch_status":0,"completion_status":0}
{"schema":"riley.owned-graph-diagnostic.v1","kind":"read","capture_id":1,"replay_id":276,"host_read_bytes":98344,"host_read_ns":5035}
{"schema":"riley.owned-graph-diagnostic.v1","kind":"replay","capture_id":1,"replay_id":277,"position":117,"host_staging_bytes":98344,"event_setup_ns":608,"host_staging_ns":1690,"host_launch_ns":5589,"host_wait_ns":4016747,"cuda_graph_span_ns":4019360.065,"event_status":0,"launch_status":0,"completion_status":0}
{"schema":"riley.owned-graph-diagnostic.v1","kind":"read","capture_id":1,"replay_id":277,"host_read_bytes":98344,"host_read_ns":4891}
{"schema":"riley.owned-graph-diagnostic.v1","kind":"replay","capture_id":1,"replay_id":278,"position":118,"host_staging_bytes":98344,"event_setup_ns":723,"host_staging_ns":1842,"host_launch_ns":6063,"host_wait_ns":4013798,"cuda_graph_span_ns":4017055.988,"event_status":0,"launch_status":0,"completion_status":0}
{"schema":"riley.owned-graph-diagnostic.v1","kind":"read","capture_id":1,"replay_id":278,"host_read_bytes":98344,"host_read_ns":5081}
{"schema":"riley.owned-graph-diagnostic.v1","kind":"replay","capture_id":1,"replay_id":279,"position":119,"host_staging_bytes":98344,"event_setup_ns":718,"host_staging_ns":1880,"host_launch_ns":6491,"host_wait_ns":4006080,"cuda_graph_span_ns":4009920.120,"event_status":0,"launch_status":0,"completion_status":0}
{"schema":"riley.owned-graph-diagnostic.v1","kind":"read","capture_id":1,"replay_id":279,"host_read_bytes":98344,"host_read_ns":4999}
{"schema":"riley.owned-graph-diagnostic.v1","kind":"replay","capture_id":1,"replay_id":280,"position":120,"host_staging_bytes":98344,"event_setup_ns":820,"host_staging_ns":1803,"host_launch_ns":5755,"host_wait_ns":4059030,"cuda_graph_span_ns":4061952.114,"event_status":0,"launch_status":0,"completion_status":0}
{"schema":"riley.owned-graph-diagnostic.v1","kind":"read","capture_id":1,"replay_id":280,"host_read_bytes":98344,"host_read_ns":5635}
{"schema":"riley.owned-graph-diagnostic.v1","kind":"replay","capture_id":1,"replay_id":281,"position":121,"host_staging_bytes":98344,"event_setup_ns":482,"host_staging_ns":1991,"host_launch_ns":5342,"host_wait_ns":4093803,"cuda_graph_span_ns":4096320.152,"event_status":0,"launch_status":0,"completion_status":0}
{"schema":"riley.owned-graph-diagnostic.v1","kind":"read","capture_id":1,"replay_id":281,"host_read_bytes":98344,"host_read_ns":4611}
{"schema":"riley.owned-graph-diagnostic.v1","kind":"replay","capture_id":1,"replay_id":282,"position":122,"host_staging_bytes":98344,"event_setup_ns":652,"host_staging_ns":1677,"host_launch_ns":5496,"host_wait_ns":4101024,"cuda_graph_span_ns":4103712.082,"event_status":0,"launch_status":0,"completion_status":0}
{"schema":"riley.owned-graph-diagnostic.v1","kind":"read","capture_id":1,"replay_id":282,"host_read_bytes":98344,"host_read_ns":4838}
{"schema":"riley.owned-graph-diagnostic.v1","kind":"replay","capture_id":1,"replay_id":283,"position":123,"host_staging_bytes":98344,"event_setup_ns":788,"host_staging_ns":1587,"host_launch_ns":5772,"host_wait_ns":4095806,"cuda_graph_span_ns":4098783.970,"event_status":0,"launch_status":0,"completion_status":0}
{"schema":"riley.owned-graph-diagnostic.v1","kind":"read","capture_id":1,"replay_id":283,"host_read_bytes":98344,"host_read_ns":4850}
{"schema":"riley.owned-graph-diagnostic.v1","kind":"replay","capture_id":1,"replay_id":284,"position":124,"host_staging_bytes":98344,"event_setup_ns":364,"host_staging_ns":1616,"host_launch_ns":5079,"host_wait_ns":4098074,"cuda_graph_span_ns":4100255.966,"event_status":0,"launch_status":0,"completion_status":0}
{"schema":"riley.owned-graph-diagnostic.v1","kind":"read","capture_id":1,"replay_id":284,"host_read_bytes":98344,"host_read_ns":4718}
{"schema":"riley.owned-graph-diagnostic.v1","kind":"replay","capture_id":1,"replay_id":285,"position":125,"host_staging_bytes":98344,"event_setup_ns":438,"host_staging_ns":1536,"host_launch_ns":5380,"host_wait_ns":4097905,"cuda_graph_span_ns":4100384.235,"event_status":0,"launch_status":0,"completion_status":0}
{"schema":"riley.owned-graph-diagnostic.v1","kind":"read","capture_id":1,"replay_id":285,"host_read_bytes":98344,"host_read_ns":4837}
{"schema":"riley.owned-graph-diagnostic.v1","kind":"replay","capture_id":1,"replay_id":286,"position":126,"host_staging_bytes":98344,"event_setup_ns":551,"host_staging_ns":1573,"host_launch_ns":5398,"host_wait_ns":4097267,"cuda_graph_span_ns":4099840.164,"event_status":0,"launch_status":0,"completion_status":0}
{"schema":"riley.owned-graph-diagnostic.v1","kind":"read","capture_id":1,"replay_id":286,"host_read_bytes":98344,"host_read_ns":5133}
{"schema":"riley.owned-graph-diagnostic.v1","kind":"replay","capture_id":1,"replay_id":287,"position":127,"host_staging_bytes":98344,"event_setup_ns":371,"host_staging_ns":1605,"host_launch_ns":5933,"host_wait_ns":4100740,"cuda_graph_span_ns":4103871.822,"event_status":0,"launch_status":0,"completion_status":0}
{"schema":"riley.owned-graph-diagnostic.v1","kind":"read","capture_id":1,"replay_id":287,"host_read_bytes":98344,"host_read_ns":4943}
{"schema":"riley.owned-graph-diagnostic.v1","kind":"replay","capture_id":1,"replay_id":288,"position":128,"host_staging_bytes":98344,"event_setup_ns":487,"host_staging_ns":1626,"host_launch_ns":5989,"host_wait_ns":2477536,"cuda_graph_span_ns":2480799.913,"event_status":0,"launch_status":0,"completion_status":0}
{"schema":"riley.owned-graph-diagnostic.v1","kind":"read","capture_id":1,"replay_id":288,"host_read_bytes":98344,"host_read_ns":4669}
{"schema":"riley.owned-graph-diagnostic.v1","kind":"replay","capture_id":1,"replay_id":289,"position":129,"host_staging_bytes":98344,"event_setup_ns":299,"host_staging_ns":1551,"host_launch_ns":4924,"host_wait_ns":2204951,"cuda_graph_span_ns":2206975.937,"event_status":0,"launch_status":0,"completion_status":0}
{"schema":"riley.owned-graph-diagnostic.v1","kind":"read","capture_id":1,"replay_id":289,"host_read_bytes":98344,"host_read_ns":4594}
{"schema":"riley.owned-graph-diagnostic.v1","kind":"replay","capture_id":1,"replay_id":290,"position":130,"host_staging_bytes":98344,"event_setup_ns":306,"host_staging_ns":1546,"host_launch_ns":5220,"host_wait_ns":2206782,"cuda_graph_span_ns":2209151.983,"event_status":0,"launch_status":0,"completion_status":0}
{"schema":"riley.owned-graph-diagnostic.v1","kind":"read","capture_id":1,"replay_id":290,"host_read_bytes":98344,"host_read_ns":5106}
{"schema":"riley.owned-graph-diagnostic.v1","kind":"replay","capture_id":1,"replay_id":291,"position":131,"host_staging_bytes":98344,"event_setup_ns":406,"host_staging_ns":1593,"host_launch_ns":5127,"host_wait_ns":2197092,"cuda_graph_span_ns":2199392.080,"event_status":0,"launch_status":0,"completion_status":0}
{"schema":"riley.owned-graph-diagnostic.v1","kind":"read","capture_id":1,"replay_id":291,"host_read_bytes":98344,"host_read_ns":4966}
{"schema":"riley.owned-graph-diagnostic.v1","kind":"replay","capture_id":1,"replay_id":292,"position":132,"host_staging_bytes":98344,"event_setup_ns":327,"host_staging_ns":1548,"host_launch_ns":4850,"host_wait_ns":2198819,"cuda_graph_span_ns":2201119.900,"event_status":0,"launch_status":0,"completion_status":0}
{"schema":"riley.owned-graph-diagnostic.v1","kind":"read","capture_id":1,"replay_id":292,"host_read_bytes":98344,"host_read_ns":5140}
{"schema":"riley.owned-graph-diagnostic.v1","kind":"replay","capture_id":1,"replay_id":293,"position":133,"host_staging_bytes":98344,"event_setup_ns":618,"host_staging_ns":1532,"host_launch_ns":5276,"host_wait_ns":2205585,"cuda_graph_span_ns":2208256.006,"event_status":0,"launch_status":0,"completion_status":0}
{"schema":"riley.owned-graph-diagnostic.v1","kind":"read","capture_id":1,"replay_id":293,"host_read_bytes":98344,"host_read_ns":4668}
{"schema":"riley.owned-graph-diagnostic.v1","kind":"replay","capture_id":1,"replay_id":294,"position":134,"host_staging_bytes":98344,"event_setup_ns":605,"host_staging_ns":1552,"host_launch_ns":5213,"host_wait_ns":2196405,"cuda_graph_span_ns":2198848.009,"event_status":0,"launch_status":0,"completion_status":0}
{"schema":"riley.owned-graph-diagnostic.v1","kind":"read","capture_id":1,"replay_id":294,"host_read_bytes":98344,"host_read_ns":4624}
{"schema":"riley.owned-graph-diagnostic.v1","kind":"replay","capture_id":1,"replay_id":295,"position":135,"host_staging_bytes":98344,"event_setup_ns":384,"host_staging_ns":1557,"host_launch_ns":5417,"host_wait_ns":2196821,"cuda_graph_span_ns":2199615.955,"event_status":0,"launch_status":0,"completion_status":0}
{"schema":"riley.owned-graph-diagnostic.v1","kind":"read","capture_id":1,"replay_id":295,"host_read_bytes":98344,"host_read_ns":4776}
{"schema":"riley.owned-graph-diagnostic.v1","kind":"replay","capture_id":1,"replay_id":296,"position":136,"host_staging_bytes":98344,"event_setup_ns":400,"host_staging_ns":1509,"host_launch_ns":4951,"host_wait_ns":2249481,"cuda_graph_span_ns":2251487.970,"event_status":0,"launch_status":0,"completion_status":0}
{"schema":"riley.owned-graph-diagnostic.v1","kind":"read","capture_id":1,"replay_id":296,"host_read_bytes":98344,"host_read_ns":4797}
{"schema":"riley.owned-graph-diagnostic.v1","kind":"replay","capture_id":1,"replay_id":297,"position":137,"host_staging_bytes":98344,"event_setup_ns":378,"host_staging_ns":1523,"host_launch_ns":5059,"host_wait_ns":2255867,"cuda_graph_span_ns":2258176.088,"event_status":0,"launch_status":0,"completion_status":0}
{"schema":"riley.owned-graph-diagnostic.v1","kind":"read","capture_id":1,"replay_id":297,"host_read_bytes":98344,"host_read_ns":4522}
{"schema":"riley.owned-graph-diagnostic.v1","kind":"replay","capture_id":1,"replay_id":298,"position":138,"host_staging_bytes":98344,"event_setup_ns":310,"host_staging_ns":1549,"host_launch_ns":4914,"host_wait_ns":2253288,"cuda_graph_span_ns":2255359.888,"event_status":0,"launch_status":0,"completion_status":0}
{"schema":"riley.owned-graph-diagnostic.v1","kind":"read","capture_id":1,"replay_id":298,"host_read_bytes":98344,"host_read_ns":4581}
{"schema":"riley.owned-graph-diagnostic.v1","kind":"replay","capture_id":1,"replay_id":299,"position":139,"host_staging_bytes":98344,"event_setup_ns":418,"host_staging_ns":1536,"host_launch_ns":4667,"host_wait_ns":2252406,"cuda_graph_span_ns":2254463.911,"event_status":0,"launch_status":0,"completion_status":0}
{"schema":"riley.owned-graph-diagnostic.v1","kind":"read","capture_id":1,"replay_id":299,"host_read_bytes":98344,"host_read_ns":4587}
{"schema":"riley.owned-graph-diagnostic.v1","kind":"replay","capture_id":1,"replay_id":300,"position":140,"host_staging_bytes":98344,"event_setup_ns":311,"host_staging_ns":1539,"host_launch_ns":5067,"host_wait_ns":2246545,"cuda_graph_span_ns":2248928.070,"event_status":0,"launch_status":0,"completion_status":0}
{"schema":"riley.owned-graph-diagnostic.v1","kind":"read","capture_id":1,"replay_id":300,"host_read_bytes":98344,"host_read_ns":5171}
{"schema":"riley.owned-graph-diagnostic.v1","kind":"replay","capture_id":1,"replay_id":301,"position":141,"host_staging_bytes":98344,"event_setup_ns":416,"host_staging_ns":1569,"host_launch_ns":5347,"host_wait_ns":2255841,"cuda_graph_span_ns":2258271.933,"event_status":0,"launch_status":0,"completion_status":0}
{"schema":"riley.owned-graph-diagnostic.v1","kind":"read","capture_id":1,"replay_id":301,"host_read_bytes":98344,"host_read_ns":5442}
{"schema":"riley.owned-graph-diagnostic.v1","kind":"replay","capture_id":1,"replay_id":302,"position":142,"host_staging_bytes":98344,"event_setup_ns":391,"host_staging_ns":1534,"host_launch_ns":5156,"host_wait_ns":2254187,"cuda_graph_span_ns":2256736.040,"event_status":0,"launch_status":0,"completion_status":0}
{"schema":"riley.owned-graph-diagnostic.v1","kind":"read","capture_id":1,"replay_id":302,"host_read_bytes":98344,"host_read_ns":4721}
{"schema":"riley.owned-graph-diagnostic.v1","kind":"replay","capture_id":1,"replay_id":303,"position":143,"host_staging_bytes":98344,"event_setup_ns":314,"host_staging_ns":1525,"host_launch_ns":4828,"host_wait_ns":2254783,"cuda_graph_span_ns":2256736.040,"event_status":0,"launch_status":0,"completion_status":0}
{"schema":"riley.owned-graph-diagnostic.v1","kind":"read","capture_id":1,"replay_id":303,"host_read_bytes":98344,"host_read_ns":5220}
{"schema":"riley.owned-graph-diagnostic.v1","kind":"replay","capture_id":1,"replay_id":304,"position":144,"host_staging_bytes":98344,"event_setup_ns":590,"host_staging_ns":1646,"host_launch_ns":5380,"host_wait_ns":2310377,"cuda_graph_span_ns":2312799.931,"event_status":0,"launch_status":0,"completion_status":0}
{"schema":"riley.owned-graph-diagnostic.v1","kind":"read","capture_id":1,"replay_id":304,"host_read_bytes":98344,"host_read_ns":5457}
{"schema":"riley.owned-graph-diagnostic.v1","kind":"replay","capture_id":1,"replay_id":305,"position":145,"host_staging_bytes":98344,"event_setup_ns":500,"host_staging_ns":1596,"host_launch_ns":5925,"host_wait_ns":2320755,"cuda_graph_span_ns":2324032.068,"event_status":0,"launch_status":0,"completion_status":0}
{"schema":"riley.owned-graph-diagnostic.v1","kind":"read","capture_id":1,"replay_id":305,"host_read_bytes":98344,"host_read_ns":4533}
{"schema":"riley.owned-graph-diagnostic.v1","kind":"replay","capture_id":1,"replay_id":306,"position":146,"host_staging_bytes":98344,"event_setup_ns":453,"host_staging_ns":1564,"host_launch_ns":5583,"host_wait_ns":2320129,"cuda_graph_span_ns":2322943.926,"event_status":0,"launch_status":0,"completion_status":0}
{"schema":"riley.owned-graph-diagnostic.v1","kind":"read","capture_id":1,"replay_id":306,"host_read_bytes":98344,"host_read_ns":4922}
{"schema":"riley.owned-graph-diagnostic.v1","kind":"replay","capture_id":1,"replay_id":307,"position":147,"host_staging_bytes":98344,"event_setup_ns":450,"host_staging_ns":1594,"host_launch_ns":5091,"host_wait_ns":2329623,"cuda_graph_span_ns":2331743.956,"event_status":0,"launch_status":0,"completion_status":0}
{"schema":"riley.owned-graph-diagnostic.v1","kind":"read","capture_id":1,"replay_id":307,"host_read_bytes":98344,"host_read_ns":4730}
{"schema":"riley.owned-graph-diagnostic.v1","kind":"replay","capture_id":1,"replay_id":308,"position":148,"host_staging_bytes":98344,"event_setup_ns":382,"host_staging_ns":1634,"host_launch_ns":5271,"host_wait_ns":2328815,"cuda_graph_span_ns":2331264.019,"event_status":0,"launch_status":0,"completion_status":0}
{"schema":"riley.owned-graph-diagnostic.v1","kind":"read","capture_id":1,"replay_id":308,"host_read_bytes":98344,"host_read_ns":4779}
{"schema":"riley.owned-graph-diagnostic.v1","kind":"replay","capture_id":1,"replay_id":309,"position":149,"host_staging_bytes":98344,"event_setup_ns":448,"host_staging_ns":1554,"host_launch_ns":5106,"host_wait_ns":2327992,"cuda_graph_span_ns":2330368.042,"event_status":0,"launch_status":0,"completion_status":0}
{"schema":"riley.owned-graph-diagnostic.v1","kind":"read","capture_id":1,"replay_id":309,"host_read_bytes":98344,"host_read_ns":5104}
{"schema":"riley.owned-graph-diagnostic.v1","kind":"replay","capture_id":1,"replay_id":310,"position":150,"host_staging_bytes":98344,"event_setup_ns":343,"host_staging_ns":1534,"host_launch_ns":5325,"host_wait_ns":2326703,"cuda_graph_span_ns":2329216.003,"event_status":0,"launch_status":0,"completion_status":0}
{"schema":"riley.owned-graph-diagnostic.v1","kind":"read","capture_id":1,"replay_id":310,"host_read_bytes":98344,"host_read_ns":4563}
{"schema":"riley.owned-graph-diagnostic.v1","kind":"replay","capture_id":1,"replay_id":311,"position":151,"host_staging_bytes":98344,"event_setup_ns":496,"host_staging_ns":1571,"host_launch_ns":5052,"host_wait_ns":2321311,"cuda_graph_span_ns":2323647.976,"event_status":0,"launch_status":0,"completion_status":0}
{"schema":"riley.owned-graph-diagnostic.v1","kind":"read","capture_id":1,"replay_id":311,"host_read_bytes":98344,"host_read_ns":4764}
{"schema":"riley.owned-graph-diagnostic.v1","kind":"replay","capture_id":1,"replay_id":312,"position":152,"host_staging_bytes":98344,"event_setup_ns":447,"host_staging_ns":1562,"host_launch_ns":5249,"host_wait_ns":2361699,"cuda_graph_span_ns":2364000.082,"event_status":0,"launch_status":0,"completion_status":0}
{"schema":"riley.owned-graph-diagnostic.v1","kind":"read","capture_id":1,"replay_id":312,"host_read_bytes":98344,"host_read_ns":4631}
{"schema":"riley.owned-graph-diagnostic.v1","kind":"replay","capture_id":1,"replay_id":313,"position":153,"host_staging_bytes":98344,"event_setup_ns":399,"host_staging_ns":1542,"host_launch_ns":5196,"host_wait_ns":2379810,"cuda_graph_span_ns":2382143.974,"event_status":0,"launch_status":0,"completion_status":0}
{"schema":"riley.owned-graph-diagnostic.v1","kind":"read","capture_id":1,"replay_id":313,"host_read_bytes":98344,"host_read_ns":4937}
{"schema":"riley.owned-graph-diagnostic.v1","kind":"replay","capture_id":1,"replay_id":314,"position":154,"host_staging_bytes":98344,"event_setup_ns":460,"host_staging_ns":1543,"host_launch_ns":5221,"host_wait_ns":2378694,"cuda_graph_span_ns":2381151.915,"event_status":0,"launch_status":0,"completion_status":0}
{"schema":"riley.owned-graph-diagnostic.v1","kind":"read","capture_id":1,"replay_id":314,"host_read_bytes":98344,"host_read_ns":5059}
{"schema":"riley.owned-graph-diagnostic.v1","kind":"replay","capture_id":1,"replay_id":315,"position":155,"host_staging_bytes":98344,"event_setup_ns":430,"host_staging_ns":1521,"host_launch_ns":4950,"host_wait_ns":2379641,"cuda_graph_span_ns":2381952.047,"event_status":0,"launch_status":0,"completion_status":0}
{"schema":"riley.owned-graph-diagnostic.v1","kind":"read","capture_id":1,"replay_id":315,"host_read_bytes":98344,"host_read_ns":4588}
{"schema":"riley.owned-graph-diagnostic.v1","kind":"replay","capture_id":1,"replay_id":316,"position":156,"host_staging_bytes":98344,"event_setup_ns":517,"host_staging_ns":1541,"host_launch_ns":4897,"host_wait_ns":2385554,"cuda_graph_span_ns":2387360.096,"event_status":0,"launch_status":0,"completion_status":0}
{"schema":"riley.owned-graph-diagnostic.v1","kind":"read","capture_id":1,"replay_id":316,"host_read_bytes":98344,"host_read_ns":5196}
{"schema":"riley.owned-graph-diagnostic.v1","kind":"replay","capture_id":1,"replay_id":317,"position":157,"host_staging_bytes":98344,"event_setup_ns":369,"host_staging_ns":1544,"host_launch_ns":5125,"host_wait_ns":2543192,"cuda_graph_span_ns":2544672.012,"event_status":0,"launch_status":0,"completion_status":0}
{"schema":"riley.owned-graph-diagnostic.v1","kind":"read","capture_id":1,"replay_id":317,"host_read_bytes":98344,"host_read_ns":4940}
{"schema":"riley.owned-graph-diagnostic.v1","kind":"replay","capture_id":1,"replay_id":318,"position":158,"host_staging_bytes":98344,"event_setup_ns":645,"host_staging_ns":1607,"host_launch_ns":5690,"host_wait_ns":2384953,"cuda_graph_span_ns":2387840.033,"event_status":0,"launch_status":0,"completion_status":0}
{"schema":"riley.owned-graph-diagnostic.v1","kind":"read","capture_id":1,"replay_id":318,"host_read_bytes":98344,"host_read_ns":4794}
{"schema":"riley.owned-graph-diagnostic.v1","kind":"replay","capture_id":1,"replay_id":319,"position":0,"host_staging_bytes":98344,"event_setup_ns":4865,"host_staging_ns":2426,"host_launch_ns":17924,"host_wait_ns":2584734,"cuda_graph_span_ns":2600415.945,"event_status":0,"launch_status":0,"completion_status":0}
{"schema":"riley.owned-graph-diagnostic.v1","kind":"read","capture_id":1,"replay_id":319,"host_read_bytes":98344,"host_read_ns":6033}
{"schema":"riley.owned-graph-diagnostic.v1","kind":"replay","capture_id":1,"replay_id":320,"position":1,"host_staging_bytes":98344,"event_setup_ns":812,"host_staging_ns":2240,"host_launch_ns":8841,"host_wait_ns":2658976,"cuda_graph_span_ns":2665247.917,"event_status":0,"launch_status":0,"completion_status":0}
{"schema":"riley.owned-graph-diagnostic.v1","kind":"read","capture_id":1,"replay_id":320,"host_read_bytes":98344,"host_read_ns":4950}
{"schema":"riley.owned-graph-diagnostic.v1","kind":"replay","capture_id":1,"replay_id":321,"position":2,"host_staging_bytes":98344,"event_setup_ns":417,"host_staging_ns":1518,"host_launch_ns":5028,"host_wait_ns":2676445,"cuda_graph_span_ns":2678848.028,"event_status":0,"launch_status":0,"completion_status":0}
{"schema":"riley.owned-graph-diagnostic.v1","kind":"read","capture_id":1,"replay_id":321,"host_read_bytes":98344,"host_read_ns":4715}
{"schema":"riley.owned-graph-diagnostic.v1","kind":"replay","capture_id":1,"replay_id":322,"position":3,"host_staging_bytes":98344,"event_setup_ns":299,"host_staging_ns":1514,"host_launch_ns":4752,"host_wait_ns":2683499,"cuda_graph_span_ns":2685440.063,"event_status":0,"launch_status":0,"completion_status":0}
{"schema":"riley.owned-graph-diagnostic.v1","kind":"read","capture_id":1,"replay_id":322,"host_read_bytes":98344,"host_read_ns":4672}
{"schema":"riley.owned-graph-diagnostic.v1","kind":"replay","capture_id":1,"replay_id":323,"position":4,"host_staging_bytes":98344,"event_setup_ns":291,"host_staging_ns":1520,"host_launch_ns":4720,"host_wait_ns":2692206,"cuda_graph_span_ns":2694112.062,"event_status":0,"launch_status":0,"completion_status":0}
{"schema":"riley.owned-graph-diagnostic.v1","kind":"read","capture_id":1,"replay_id":323,"host_read_bytes":98344,"host_read_ns":4499}
{"schema":"riley.owned-graph-diagnostic.v1","kind":"replay","capture_id":1,"replay_id":324,"position":5,"host_staging_bytes":98344,"event_setup_ns":1542,"host_staging_ns":1429,"host_launch_ns":4676,"host_wait_ns":2689869,"cuda_graph_span_ns":2691648.006,"event_status":0,"launch_status":0,"completion_status":0}
{"schema":"riley.owned-graph-diagnostic.v1","kind":"read","capture_id":1,"replay_id":324,"host_read_bytes":98344,"host_read_ns":4723}
{"schema":"riley.owned-graph-diagnostic.v1","kind":"replay","capture_id":1,"replay_id":325,"position":6,"host_staging_bytes":98344,"event_setup_ns":369,"host_staging_ns":1524,"host_launch_ns":7681,"host_wait_ns":2688297,"cuda_graph_span_ns":2693183.899,"event_status":0,"launch_status":0,"completion_status":0}
{"schema":"riley.owned-graph-diagnostic.v1","kind":"read","capture_id":1,"replay_id":325,"host_read_bytes":98344,"host_read_ns":4679}
{"schema":"riley.owned-graph-diagnostic.v1","kind":"replay","capture_id":1,"replay_id":326,"position":7,"host_staging_bytes":98344,"event_setup_ns":462,"host_staging_ns":1540,"host_launch_ns":4739,"host_wait_ns":2682618,"cuda_graph_span_ns":2684448.004,"event_status":0,"launch_status":0,"completion_status":0}
{"schema":"riley.owned-graph-diagnostic.v1","kind":"read","capture_id":1,"replay_id":326,"host_read_bytes":98344,"host_read_ns":4723}
{"schema":"riley.owned-graph-diagnostic.v1","kind":"replay","capture_id":1,"replay_id":327,"position":8,"host_staging_bytes":98344,"event_setup_ns":370,"host_staging_ns":1531,"host_launch_ns":4597,"host_wait_ns":2721863,"cuda_graph_span_ns":2723488.092,"event_status":0,"launch_status":0,"completion_status":0}
{"schema":"riley.owned-graph-diagnostic.v1","kind":"read","capture_id":1,"replay_id":327,"host_read_bytes":98344,"host_read_ns":4655}
{"schema":"riley.owned-graph-diagnostic.v1","kind":"replay","capture_id":1,"replay_id":328,"position":9,"host_staging_bytes":98344,"event_setup_ns":616,"host_staging_ns":1506,"host_launch_ns":4948,"host_wait_ns":2762756,"cuda_graph_span_ns":2764928.102,"event_status":0,"launch_status":0,"completion_status":0}
{"schema":"riley.owned-graph-diagnostic.v1","kind":"read","capture_id":1,"replay_id":328,"host_read_bytes":98344,"host_read_ns":5459}
{"schema":"riley.owned-graph-diagnostic.v1","kind":"replay","capture_id":1,"replay_id":329,"position":10,"host_staging_bytes":98344,"event_setup_ns":423,"host_staging_ns":1528,"host_launch_ns":4836,"host_wait_ns":2756807,"cuda_graph_span_ns":2758912.086,"event_status":0,"launch_status":0,"completion_status":0}
{"schema":"riley.owned-graph-diagnostic.v1","kind":"read","capture_id":1,"replay_id":329,"host_read_bytes":98344,"host_read_ns":4899}
{"schema":"riley.owned-graph-diagnostic.v1","kind":"replay","capture_id":1,"replay_id":330,"position":11,"host_staging_bytes":98344,"event_setup_ns":424,"host_staging_ns":1518,"host_launch_ns":4523,"host_wait_ns":2761056,"cuda_graph_span_ns":2762687.922,"event_status":0,"launch_status":0,"completion_status":0}
{"schema":"riley.owned-graph-diagnostic.v1","kind":"read","capture_id":1,"replay_id":330,"host_read_bytes":98344,"host_read_ns":5047}
{"schema":"riley.owned-graph-diagnostic.v1","kind":"replay","capture_id":1,"replay_id":331,"position":12,"host_staging_bytes":98344,"event_setup_ns":483,"host_staging_ns":1527,"host_launch_ns":4575,"host_wait_ns":2770321,"cuda_graph_span_ns":2772095.919,"event_status":0,"launch_status":0,"completion_status":0}
{"schema":"riley.owned-graph-diagnostic.v1","kind":"read","capture_id":1,"replay_id":331,"host_read_bytes":98344,"host_read_ns":4785}
{"schema":"riley.owned-graph-diagnostic.v1","kind":"replay","capture_id":1,"replay_id":332,"position":13,"host_staging_bytes":98344,"event_setup_ns":379,"host_staging_ns":1525,"host_launch_ns":4947,"host_wait_ns":2771523,"cuda_graph_span_ns":2773695.946,"event_status":0,"launch_status":0,"completion_status":0}
{"schema":"riley.owned-graph-diagnostic.v1","kind":"read","capture_id":1,"replay_id":332,"host_read_bytes":98344,"host_read_ns":4859}
{"schema":"riley.owned-graph-diagnostic.v1","kind":"replay","capture_id":1,"replay_id":333,"position":14,"host_staging_bytes":98344,"event_setup_ns":613,"host_staging_ns":1517,"host_launch_ns":4635,"host_wait_ns":2795211,"cuda_graph_span_ns":2796895.981,"event_status":0,"launch_status":0,"completion_status":0}
{"schema":"riley.owned-graph-diagnostic.v1","kind":"read","capture_id":1,"replay_id":333,"host_read_bytes":98344,"host_read_ns":4737}
{"schema":"riley.owned-graph-diagnostic.v1","kind":"replay","capture_id":1,"replay_id":334,"position":15,"host_staging_bytes":98344,"event_setup_ns":380,"host_staging_ns":1519,"host_launch_ns":4718,"host_wait_ns":2763328,"cuda_graph_span_ns":2765311.956,"event_status":0,"launch_status":0,"completion_status":0}
{"schema":"riley.owned-graph-diagnostic.v1","kind":"read","capture_id":1,"replay_id":334,"host_read_bytes":98344,"host_read_ns":4691}
{"schema":"riley.owned-graph-diagnostic.v1","kind":"replay","capture_id":1,"replay_id":335,"position":16,"host_staging_bytes":98344,"event_setup_ns":502,"host_staging_ns":1513,"host_launch_ns":4639,"host_wait_ns":2834740,"cuda_graph_span_ns":2836639.881,"event_status":0,"launch_status":0,"completion_status":0}
{"schema":"riley.owned-graph-diagnostic.v1","kind":"read","capture_id":1,"replay_id":335,"host_read_bytes":98344,"host_read_ns":4574}
{"schema":"riley.owned-graph-diagnostic.v1","kind":"replay","capture_id":1,"replay_id":336,"position":17,"host_staging_bytes":98344,"event_setup_ns":352,"host_staging_ns":1514,"host_launch_ns":4933,"host_wait_ns":2872774,"cuda_graph_span_ns":2874975.920,"event_status":0,"launch_status":0,"completion_status":0}
{"schema":"riley.owned-graph-diagnostic.v1","kind":"read","capture_id":1,"replay_id":336,"host_read_bytes":98344,"host_read_ns":4965}
{"schema":"riley.owned-graph-diagnostic.v1","kind":"replay","capture_id":1,"replay_id":337,"position":18,"host_staging_bytes":98344,"event_setup_ns":294,"host_staging_ns":1506,"host_launch_ns":4843,"host_wait_ns":2868655,"cuda_graph_span_ns":2870815.992,"event_status":0,"launch_status":0,"completion_status":0}
{"schema":"riley.owned-graph-diagnostic.v1","kind":"read","capture_id":1,"replay_id":337,"host_read_bytes":98344,"host_read_ns":4618}
{"schema":"riley.owned-graph-diagnostic.v1","kind":"replay","capture_id":1,"replay_id":338,"position":19,"host_staging_bytes":98344,"event_setup_ns":287,"host_staging_ns":1519,"host_launch_ns":4679,"host_wait_ns":2865950,"cuda_graph_span_ns":2869407.892,"event_status":0,"launch_status":0,"completion_status":0}
{"schema":"riley.owned-graph-diagnostic.v1","kind":"read","capture_id":1,"replay_id":338,"host_read_bytes":98344,"host_read_ns":4599}
{"schema":"riley.owned-graph-diagnostic.v1","kind":"replay","capture_id":1,"replay_id":339,"position":20,"host_staging_bytes":98344,"event_setup_ns":295,"host_staging_ns":1517,"host_launch_ns":4648,"host_wait_ns":2874661,"cuda_graph_span_ns":2876640.081,"event_status":0,"launch_status":0,"completion_status":0}
{"schema":"riley.owned-graph-diagnostic.v1","kind":"read","capture_id":1,"replay_id":339,"host_read_bytes":98344,"host_read_ns":4638}
{"schema":"riley.owned-graph-diagnostic.v1","kind":"replay","capture_id":1,"replay_id":340,"position":21,"host_staging_bytes":98344,"event_setup_ns":281,"host_staging_ns":1524,"host_launch_ns":4781,"host_wait_ns":2899945,"cuda_graph_span_ns":2902080.059,"event_status":0,"launch_status":0,"completion_status":0}
{"schema":"riley.owned-graph-diagnostic.v1","kind":"read","capture_id":1,"replay_id":340,"host_read_bytes":98344,"host_read_ns":4704}
{"schema":"riley.owned-graph-diagnostic.v1","kind":"replay","capture_id":1,"replay_id":341,"position":22,"host_staging_bytes":98344,"event_setup_ns":287,"host_staging_ns":1526,"host_launch_ns":7652,"host_wait_ns":2861434,"cuda_graph_span_ns":2866496.086,"event_status":0,"launch_status":0,"completion_status":0}
{"schema":"riley.owned-graph-diagnostic.v1","kind":"read","capture_id":1,"replay_id":341,"host_read_bytes":98344,"host_read_ns":4741}
{"schema":"riley.owned-graph-diagnostic.v1","kind":"replay","capture_id":1,"replay_id":342,"position":23,"host_staging_bytes":98344,"event_setup_ns":283,"host_staging_ns":1530,"host_launch_ns":4816,"host_wait_ns":2861729,"cuda_graph_span_ns":2864000.082,"event_status":0,"launch_status":0,"completion_status":0}
{"schema":"riley.owned-graph-diagnostic.v1","kind":"read","capture_id":1,"replay_id":342,"host_read_bytes":98344,"host_read_ns":4397}
{"schema":"riley.owned-graph-diagnostic.v1","kind":"replay","capture_id":1,"replay_id":343,"position":24,"host_staging_bytes":98344,"event_setup_ns":295,"host_staging_ns":1513,"host_launch_ns":4498,"host_wait_ns":2908166,"cuda_graph_span_ns":2910048.008,"event_status":0,"launch_status":0,"completion_status":0}
{"schema":"riley.owned-graph-diagnostic.v1","kind":"read","capture_id":1,"replay_id":343,"host_read_bytes":98344,"host_read_ns":4498}
{"schema":"riley.owned-graph-diagnostic.v1","kind":"replay","capture_id":1,"replay_id":344,"position":25,"host_staging_bytes":98344,"event_setup_ns":307,"host_staging_ns":1532,"host_launch_ns":4627,"host_wait_ns":2938852,"cuda_graph_span_ns":2940959.930,"event_status":0,"launch_status":0,"completion_status":0}
{"schema":"riley.owned-graph-diagnostic.v1","kind":"read","capture_id":1,"replay_id":344,"host_read_bytes":98344,"host_read_ns":5102}
{"schema":"riley.owned-graph-diagnostic.v1","kind":"replay","capture_id":1,"replay_id":345,"position":26,"host_staging_bytes":98344,"event_setup_ns":354,"host_staging_ns":1525,"host_launch_ns":4712,"host_wait_ns":2952624,"cuda_graph_span_ns":2954623.938,"event_status":0,"launch_status":0,"completion_status":0}
{"schema":"riley.owned-graph-diagnostic.v1","kind":"read","capture_id":1,"replay_id":345,"host_read_bytes":98344,"host_read_ns":4488}
{"schema":"riley.owned-graph-diagnostic.v1","kind":"replay","capture_id":1,"replay_id":346,"position":27,"host_staging_bytes":98344,"event_setup_ns":347,"host_staging_ns":1498,"host_launch_ns":4691,"host_wait_ns":2966923,"cuda_graph_span_ns":2968703.985,"event_status":0,"launch_status":0,"completion_status":0}
{"schema":"riley.owned-graph-diagnostic.v1","kind":"read","capture_id":1,"replay_id":346,"host_read_bytes":98344,"host_read_ns":4438}
{"schema":"riley.owned-graph-diagnostic.v1","kind":"replay","capture_id":1,"replay_id":347,"position":28,"host_staging_bytes":98344,"event_setup_ns":352,"host_staging_ns":1520,"host_launch_ns":4610,"host_wait_ns":2963133,"cuda_graph_span_ns":2965120.077,"event_status":0,"launch_status":0,"completion_status":0}
{"schema":"riley.owned-graph-diagnostic.v1","kind":"read","capture_id":1,"replay_id":347,"host_read_bytes":98344,"host_read_ns":4685}
{"schema":"riley.owned-graph-diagnostic.v1","kind":"replay","capture_id":1,"replay_id":348,"position":29,"host_staging_bytes":98344,"event_setup_ns":298,"host_staging_ns":1534,"host_launch_ns":4674,"host_wait_ns":2966559,"cuda_graph_span_ns":2968384.027,"event_status":0,"launch_status":0,"completion_status":0}
{"schema":"riley.owned-graph-diagnostic.v1","kind":"read","capture_id":1,"replay_id":348,"host_read_bytes":98344,"host_read_ns":4932}
{"schema":"riley.owned-graph-diagnostic.v1","kind":"replay","capture_id":1,"replay_id":349,"position":30,"host_staging_bytes":98344,"event_setup_ns":305,"host_staging_ns":1531,"host_launch_ns":4672,"host_wait_ns":2954547,"cuda_graph_span_ns":2956383.944,"event_status":0,"launch_status":0,"completion_status":0}
{"schema":"riley.owned-graph-diagnostic.v1","kind":"read","capture_id":1,"replay_id":349,"host_read_bytes":98344,"host_read_ns":4828}
{"schema":"riley.owned-graph-diagnostic.v1","kind":"replay","capture_id":1,"replay_id":350,"position":31,"host_staging_bytes":98344,"event_setup_ns":351,"host_staging_ns":1514,"host_launch_ns":4705,"host_wait_ns":2958621,"cuda_graph_span_ns":2960479.975,"event_status":0,"launch_status":0,"completion_status":0}
{"schema":"riley.owned-graph-diagnostic.v1","kind":"read","capture_id":1,"replay_id":350,"host_read_bytes":98344,"host_read_ns":4475}
{"schema":"riley.owned-graph-diagnostic.v1","kind":"replay","capture_id":1,"replay_id":351,"position":32,"host_staging_bytes":98344,"event_setup_ns":297,"host_staging_ns":1515,"host_launch_ns":5005,"host_wait_ns":3027093,"cuda_graph_span_ns":3029344.082,"event_status":0,"launch_status":0,"completion_status":0}
{"schema":"riley.owned-graph-diagnostic.v1","kind":"read","capture_id":1,"replay_id":351,"host_read_bytes":98344,"host_read_ns":4944}
{"schema":"riley.owned-graph-diagnostic.v1","kind":"replay","capture_id":1,"replay_id":352,"position":33,"host_staging_bytes":98344,"event_setup_ns":275,"host_staging_ns":1517,"host_launch_ns":4567,"host_wait_ns":3056673,"cuda_graph_span_ns":3058432.102,"event_status":0,"launch_status":0,"completion_status":0}
{"schema":"riley.owned-graph-diagnostic.v1","kind":"read","capture_id":1,"replay_id":352,"host_read_bytes":98344,"host_read_ns":5048}
{"schema":"riley.owned-graph-diagnostic.v1","kind":"replay","capture_id":1,"replay_id":353,"position":34,"host_staging_bytes":98344,"event_setup_ns":295,"host_staging_ns":1510,"host_launch_ns":4764,"host_wait_ns":3065317,"cuda_graph_span_ns":3067104.101,"event_status":0,"launch_status":0,"completion_status":0}
{"schema":"riley.owned-graph-diagnostic.v1","kind":"read","capture_id":1,"replay_id":353,"host_read_bytes":98344,"host_read_ns":4620}
{"schema":"riley.owned-graph-diagnostic.v1","kind":"replay","capture_id":1,"replay_id":354,"position":35,"host_staging_bytes":98344,"event_setup_ns":292,"host_staging_ns":1529,"host_launch_ns":4655,"host_wait_ns":3067349,"cuda_graph_span_ns":3069152.117,"event_status":0,"launch_status":0,"completion_status":0}
{"schema":"riley.owned-graph-diagnostic.v1","kind":"read","capture_id":1,"replay_id":354,"host_read_bytes":98344,"host_read_ns":4603}
{"schema":"riley.owned-graph-diagnostic.v1","kind":"replay","capture_id":1,"replay_id":355,"position":36,"host_staging_bytes":98344,"event_setup_ns":297,"host_staging_ns":1525,"host_launch_ns":4787,"host_wait_ns":3056691,"cuda_graph_span_ns":3058752.060,"event_status":0,"launch_status":0,"completion_status":0}
{"schema":"riley.owned-graph-diagnostic.v1","kind":"read","capture_id":1,"replay_id":355,"host_read_bytes":98344,"host_read_ns":4904}
{"schema":"riley.owned-graph-diagnostic.v1","kind":"replay","capture_id":1,"replay_id":356,"position":37,"host_staging_bytes":98344,"event_setup_ns":292,"host_staging_ns":1525,"host_launch_ns":4761,"host_wait_ns":3066031,"cuda_graph_span_ns":3068032.026,"event_status":0,"launch_status":0,"completion_status":0}
{"schema":"riley.owned-graph-diagnostic.v1","kind":"read","capture_id":1,"replay_id":356,"host_read_bytes":98344,"host_read_ns":4612}
{"schema":"riley.owned-graph-diagnostic.v1","kind":"replay","capture_id":1,"replay_id":357,"position":38,"host_staging_bytes":98344,"event_setup_ns":293,"host_staging_ns":1524,"host_launch_ns":4588,"host_wait_ns":3066199,"cuda_graph_span_ns":3068095.922,"event_status":0,"launch_status":0,"completion_status":0}
{"schema":"riley.owned-graph-diagnostic.v1","kind":"read","capture_id":1,"replay_id":357,"host_read_bytes":98344,"host_read_ns":4674}
{"schema":"riley.owned-graph-diagnostic.v1","kind":"replay","capture_id":1,"replay_id":358,"position":39,"host_staging_bytes":98344,"event_setup_ns":435,"host_staging_ns":1538,"host_launch_ns":4669,"host_wait_ns":3061698,"cuda_graph_span_ns":3063519.955,"event_status":0,"launch_status":0,"completion_status":0}
{"schema":"riley.owned-graph-diagnostic.v1","kind":"read","capture_id":1,"replay_id":358,"host_read_bytes":98344,"host_read_ns":4908}
{"schema":"riley.owned-graph-diagnostic.v1","kind":"replay","capture_id":1,"replay_id":359,"position":40,"host_staging_bytes":98344,"event_setup_ns":380,"host_staging_ns":1526,"host_launch_ns":4931,"host_wait_ns":3104528,"cuda_graph_span_ns":3106559.992,"event_status":0,"launch_status":0,"completion_status":0}
{"schema":"riley.owned-graph-diagnostic.v1","kind":"read","capture_id":1,"replay_id":359,"host_read_bytes":98344,"host_read_ns":4643}
{"schema":"riley.owned-graph-diagnostic.v1","kind":"replay","capture_id":1,"replay_id":360,"position":41,"host_staging_bytes":98344,"event_setup_ns":369,"host_staging_ns":1522,"host_launch_ns":4677,"host_wait_ns":3141527,"cuda_graph_span_ns":3143487.930,"event_status":0,"launch_status":0,"completion_status":0}
{"schema":"riley.owned-graph-diagnostic.v1","kind":"read","capture_id":1,"replay_id":360,"host_read_bytes":98344,"host_read_ns":4990}
{"schema":"riley.owned-graph-diagnostic.v1","kind":"replay","capture_id":1,"replay_id":361,"position":42,"host_staging_bytes":98344,"event_setup_ns":520,"host_staging_ns":1529,"host_launch_ns":5081,"host_wait_ns":3144013,"cuda_graph_span_ns":3146208.048,"event_status":0,"launch_status":0,"completion_status":0}
{"schema":"riley.owned-graph-diagnostic.v1","kind":"read","capture_id":1,"replay_id":361,"host_read_bytes":98344,"host_read_ns":4953}
{"schema":"riley.owned-graph-diagnostic.v1","kind":"replay","capture_id":1,"replay_id":362,"position":43,"host_staging_bytes":98344,"event_setup_ns":379,"host_staging_ns":1522,"host_launch_ns":4676,"host_wait_ns":3146316,"cuda_graph_span_ns":3148288.012,"event_status":0,"launch_status":0,"completion_status":0}
{"schema":"riley.owned-graph-diagnostic.v1","kind":"read","capture_id":1,"replay_id":362,"host_read_bytes":98344,"host_read_ns":4936}
{"schema":"riley.owned-graph-diagnostic.v1","kind":"replay","capture_id":1,"replay_id":363,"position":44,"host_staging_bytes":98344,"event_setup_ns":491,"host_staging_ns":1552,"host_launch_ns":4859,"host_wait_ns":3147629,"cuda_graph_span_ns":3149568.081,"event_status":0,"launch_status":0,"completion_status":0}
{"schema":"riley.owned-graph-diagnostic.v1","kind":"read","capture_id":1,"replay_id":363,"host_read_bytes":98344,"host_read_ns":5205}
{"schema":"riley.owned-graph-diagnostic.v1","kind":"replay","capture_id":1,"replay_id":364,"position":45,"host_staging_bytes":98344,"event_setup_ns":434,"host_staging_ns":1521,"host_launch_ns":4787,"host_wait_ns":3154506,"cuda_graph_span_ns":3156543.970,"event_status":0,"launch_status":0,"completion_status":0}
{"schema":"riley.owned-graph-diagnostic.v1","kind":"read","capture_id":1,"replay_id":364,"host_read_bytes":98344,"host_read_ns":5303}
{"schema":"riley.owned-graph-diagnostic.v1","kind":"replay","capture_id":1,"replay_id":365,"position":46,"host_staging_bytes":98344,"event_setup_ns":449,"host_staging_ns":1532,"host_launch_ns":4679,"host_wait_ns":3148942,"cuda_graph_span_ns":3150655.985,"event_status":0,"launch_status":0,"completion_status":0}
{"schema":"riley.owned-graph-diagnostic.v1","kind":"read","capture_id":1,"replay_id":365,"host_read_bytes":98344,"host_read_ns":4712}
{"schema":"riley.owned-graph-diagnostic.v1","kind":"replay","capture_id":1,"replay_id":366,"position":47,"host_staging_bytes":98344,"event_setup_ns":297,"host_staging_ns":1531,"host_launch_ns":5125,"host_wait_ns":3161265,"cuda_graph_span_ns":3163647.890,"event_status":0,"launch_status":0,"completion_status":0}
{"schema":"riley.owned-graph-diagnostic.v1","kind":"read","capture_id":1,"replay_id":366,"host_read_bytes":98344,"host_read_ns":4809}
{"schema":"riley.owned-graph-diagnostic.v1","kind":"replay","capture_id":1,"replay_id":367,"position":48,"host_staging_bytes":98344,"event_setup_ns":288,"host_staging_ns":1517,"host_launch_ns":4658,"host_wait_ns":3211946,"cuda_graph_span_ns":3213855.982,"event_status":0,"launch_status":0,"completion_status":0}
{"schema":"riley.owned-graph-diagnostic.v1","kind":"read","capture_id":1,"replay_id":367,"host_read_bytes":98344,"host_read_ns":5306}
{"schema":"riley.owned-graph-diagnostic.v1","kind":"replay","capture_id":1,"replay_id":368,"position":49,"host_staging_bytes":98344,"event_setup_ns":276,"host_staging_ns":1522,"host_launch_ns":4692,"host_wait_ns":3245759,"cuda_graph_span_ns":3247744.083,"event_status":0,"launch_status":0,"completion_status":0}
{"schema":"riley.owned-graph-diagnostic.v1","kind":"read","capture_id":1,"replay_id":368,"host_read_bytes":98344,"host_read_ns":4852}
{"schema":"riley.owned-graph-diagnostic.v1","kind":"replay","capture_id":1,"replay_id":369,"position":50,"host_staging_bytes":98344,"event_setup_ns":280,"host_staging_ns":1529,"host_launch_ns":4669,"host_wait_ns":3246664,"cuda_graph_span_ns":3248287.916,"event_status":0,"launch_status":0,"completion_status":0}
{"schema":"riley.owned-graph-diagnostic.v1","kind":"read","capture_id":1,"replay_id":369,"host_read_bytes":98344,"host_read_ns":4613}
{"schema":"riley.owned-graph-diagnostic.v1","kind":"replay","capture_id":1,"replay_id":370,"position":51,"host_staging_bytes":98344,"event_setup_ns":348,"host_staging_ns":1526,"host_launch_ns":4948,"host_wait_ns":3246631,"cuda_graph_span_ns":3248863.935,"event_status":0,"launch_status":0,"completion_status":0}
{"schema":"riley.owned-graph-diagnostic.v1","kind":"read","capture_id":1,"replay_id":370,"host_read_bytes":98344,"host_read_ns":4918}
{"schema":"riley.owned-graph-diagnostic.v1","kind":"replay","capture_id":1,"replay_id":371,"position":52,"host_staging_bytes":98344,"event_setup_ns":315,"host_staging_ns":1539,"host_launch_ns":4749,"host_wait_ns":3258325,"cuda_graph_span_ns":3260224.104,"event_status":0,"launch_status":0,"completion_status":0}
{"schema":"riley.owned-graph-diagnostic.v1","kind":"read","capture_id":1,"replay_id":371,"host_read_bytes":98344,"host_read_ns":5075}
{"schema":"riley.owned-graph-diagnostic.v1","kind":"replay","capture_id":1,"replay_id":372,"position":53,"host_staging_bytes":98344,"event_setup_ns":309,"host_staging_ns":1524,"host_launch_ns":4943,"host_wait_ns":3261852,"cuda_graph_span_ns":3263967.991,"event_status":0,"launch_status":0,"completion_status":0}
{"schema":"riley.owned-graph-diagnostic.v1","kind":"read","capture_id":1,"replay_id":372,"host_read_bytes":98344,"host_read_ns":4681}
{"schema":"riley.owned-graph-diagnostic.v1","kind":"replay","capture_id":1,"replay_id":373,"position":54,"host_staging_bytes":98344,"event_setup_ns":343,"host_staging_ns":1534,"host_launch_ns":4897,"host_wait_ns":3257005,"cuda_graph_span_ns":3259135.962,"event_status":0,"launch_status":0,"completion_status":0}
{"schema":"riley.owned-graph-diagnostic.v1","kind":"read","capture_id":1,"replay_id":373,"host_read_bytes":98344,"host_read_ns":4515}
{"schema":"riley.owned-graph-diagnostic.v1","kind":"replay","capture_id":1,"replay_id":374,"position":55,"host_staging_bytes":98344,"event_setup_ns":549,"host_staging_ns":1518,"host_launch_ns":4875,"host_wait_ns":3249005,"cuda_graph_span_ns":3251136.065,"event_status":0,"launch_status":0,"completion_status":0}
{"schema":"riley.owned-graph-diagnostic.v1","kind":"read","capture_id":1,"replay_id":374,"host_read_bytes":98344,"host_read_ns":4849}
{"schema":"riley.owned-graph-diagnostic.v1","kind":"replay","capture_id":1,"replay_id":375,"position":56,"host_staging_bytes":98344,"event_setup_ns":306,"host_staging_ns":1559,"host_launch_ns":5272,"host_wait_ns":3285927,"cuda_graph_span_ns":3288640.022,"event_status":0,"launch_status":0,"completion_status":0}
{"schema":"riley.owned-graph-diagnostic.v1","kind":"read","capture_id":1,"replay_id":375,"host_read_bytes":98344,"host_read_ns":4452}
{"schema":"riley.owned-graph-diagnostic.v1","kind":"replay","capture_id":1,"replay_id":376,"position":57,"host_staging_bytes":98344,"event_setup_ns":358,"host_staging_ns":1531,"host_launch_ns":4991,"host_wait_ns":3325638,"cuda_graph_span_ns":3327680.111,"event_status":0,"launch_status":0,"completion_status":0}
{"schema":"riley.owned-graph-diagnostic.v1","kind":"read","capture_id":1,"replay_id":376,"host_read_bytes":98344,"host_read_ns":4503}
{"schema":"riley.owned-graph-diagnostic.v1","kind":"replay","capture_id":1,"replay_id":377,"position":58,"host_staging_bytes":98344,"event_setup_ns":289,"host_staging_ns":1513,"host_launch_ns":4813,"host_wait_ns":3335551,"cuda_graph_span_ns":3337599.993,"event_status":0,"launch_status":0,"completion_status":0}
{"schema":"riley.owned-graph-diagnostic.v1","kind":"read","capture_id":1,"replay_id":377,"host_read_bytes":98344,"host_read_ns":4447}
{"schema":"riley.owned-graph-diagnostic.v1","kind":"replay","capture_id":1,"replay_id":378,"position":59,"host_staging_bytes":98344,"event_setup_ns":278,"host_staging_ns":1529,"host_launch_ns":4885,"host_wait_ns":3344807,"cuda_graph_span_ns":3346976.042,"event_status":0,"launch_status":0,"completion_status":0}
{"schema":"riley.owned-graph-diagnostic.v1","kind":"read","capture_id":1,"replay_id":378,"host_read_bytes":98344,"host_read_ns":4943}
{"schema":"riley.owned-graph-diagnostic.v1","kind":"replay","capture_id":1,"replay_id":379,"position":60,"host_staging_bytes":98344,"event_setup_ns":300,"host_staging_ns":1517,"host_launch_ns":4708,"host_wait_ns":3341114,"cuda_graph_span_ns":3343103.886,"event_status":0,"launch_status":0,"completion_status":0}
{"schema":"riley.owned-graph-diagnostic.v1","kind":"read","capture_id":1,"replay_id":379,"host_read_bytes":98344,"host_read_ns":4903}
{"schema":"riley.owned-graph-diagnostic.v1","kind":"replay","capture_id":1,"replay_id":380,"position":61,"host_staging_bytes":98344,"event_setup_ns":284,"host_staging_ns":1532,"host_launch_ns":4782,"host_wait_ns":3336383,"cuda_graph_span_ns":3338527.918,"event_status":0,"launch_status":0,"completion_status":0}
{"schema":"riley.owned-graph-diagnostic.v1","kind":"read","capture_id":1,"replay_id":380,"host_read_bytes":98344,"host_read_ns":4943}
{"schema":"riley.owned-graph-diagnostic.v1","kind":"replay","capture_id":1,"replay_id":381,"position":62,"host_staging_bytes":98344,"event_setup_ns":300,"host_staging_ns":1532,"host_launch_ns":4744,"host_wait_ns":3342286,"cuda_graph_span_ns":3344320.059,"event_status":0,"launch_status":0,"completion_status":0}
{"schema":"riley.owned-graph-diagnostic.v1","kind":"read","capture_id":1,"replay_id":381,"host_read_bytes":98344,"host_read_ns":4508}
{"schema":"riley.owned-graph-diagnostic.v1","kind":"replay","capture_id":1,"replay_id":382,"position":63,"host_staging_bytes":98344,"event_setup_ns":352,"host_staging_ns":1521,"host_launch_ns":4690,"host_wait_ns":3337437,"cuda_graph_span_ns":3339296.103,"event_status":0,"launch_status":0,"completion_status":0}
{"schema":"riley.owned-graph-diagnostic.v1","kind":"read","capture_id":1,"replay_id":382,"host_read_bytes":98344,"host_read_ns":4750}
{"schema":"riley.owned-graph-diagnostic.v1","kind":"replay","capture_id":1,"replay_id":383,"position":64,"host_staging_bytes":98344,"event_setup_ns":278,"host_staging_ns":1512,"host_launch_ns":4859,"host_wait_ns":3409000,"cuda_graph_span_ns":3411263.943,"event_status":0,"launch_status":0,"completion_status":0}
{"schema":"riley.owned-graph-diagnostic.v1","kind":"read","capture_id":1,"replay_id":383,"host_read_bytes":98344,"host_read_ns":4387}
{"schema":"riley.owned-graph-diagnostic.v1","kind":"replay","capture_id":1,"replay_id":384,"position":65,"host_staging_bytes":98344,"event_setup_ns":307,"host_staging_ns":1516,"host_launch_ns":4739,"host_wait_ns":3450299,"cuda_graph_span_ns":3452255.964,"event_status":0,"launch_status":0,"completion_status":0}
{"schema":"riley.owned-graph-diagnostic.v1","kind":"read","capture_id":1,"replay_id":384,"host_read_bytes":98344,"host_read_ns":4365}
{"schema":"riley.owned-graph-diagnostic.v1","kind":"replay","capture_id":1,"replay_id":385,"position":66,"host_staging_bytes":98344,"event_setup_ns":292,"host_staging_ns":1510,"host_launch_ns":4753,"host_wait_ns":3447831,"cuda_graph_span_ns":3449599.981,"event_status":0,"launch_status":0,"completion_status":0}
{"schema":"riley.owned-graph-diagnostic.v1","kind":"read","capture_id":1,"replay_id":385,"host_read_bytes":98344,"host_read_ns":4599}
{"schema":"riley.owned-graph-diagnostic.v1","kind":"replay","capture_id":1,"replay_id":386,"position":67,"host_staging_bytes":98344,"event_setup_ns":285,"host_staging_ns":1517,"host_launch_ns":4626,"host_wait_ns":3433730,"cuda_graph_span_ns":3435679.913,"event_status":0,"launch_status":0,"completion_status":0}
{"schema":"riley.owned-graph-diagnostic.v1","kind":"read","capture_id":1,"replay_id":386,"host_read_bytes":98344,"host_read_ns":4628}
{"schema":"riley.owned-graph-diagnostic.v1","kind":"replay","capture_id":1,"replay_id":387,"position":68,"host_staging_bytes":98344,"event_setup_ns":286,"host_staging_ns":1527,"host_launch_ns":4713,"host_wait_ns":3453103,"cuda_graph_span_ns":3454911.947,"event_status":0,"launch_status":0,"completion_status":0}
{"schema":"riley.owned-graph-diagnostic.v1","kind":"read","capture_id":1,"replay_id":387,"host_read_bytes":98344,"host_read_ns":4879}
{"schema":"riley.owned-graph-diagnostic.v1","kind":"replay","capture_id":1,"replay_id":388,"position":69,"host_staging_bytes":98344,"event_setup_ns":358,"host_staging_ns":1562,"host_launch_ns":4870,"host_wait_ns":3449064,"cuda_graph_span_ns":3451263.905,"event_status":0,"launch_status":0,"completion_status":0}
{"schema":"riley.owned-graph-diagnostic.v1","kind":"read","capture_id":1,"replay_id":388,"host_read_bytes":98344,"host_read_ns":5004}
{"schema":"riley.owned-graph-diagnostic.v1","kind":"replay","capture_id":1,"replay_id":389,"position":70,"host_staging_bytes":98344,"event_setup_ns":623,"host_staging_ns":1531,"host_launch_ns":4693,"host_wait_ns":3455085,"cuda_graph_span_ns":3456896.067,"event_status":0,"launch_status":0,"completion_status":0}
{"schema":"riley.owned-graph-diagnostic.v1","kind":"read","capture_id":1,"replay_id":389,"host_read_bytes":98344,"host_read_ns":5313}
{"schema":"riley.owned-graph-diagnostic.v1","kind":"replay","capture_id":1,"replay_id":390,"position":71,"host_staging_bytes":98344,"event_setup_ns":350,"host_staging_ns":1530,"host_launch_ns":4972,"host_wait_ns":3442698,"cuda_graph_span_ns":3444672.108,"event_status":0,"launch_status":0,"completion_status":0}
{"schema":"riley.owned-graph-diagnostic.v1","kind":"read","capture_id":1,"replay_id":390,"host_read_bytes":98344,"host_read_ns":4900}
{"schema":"riley.owned-graph-diagnostic.v1","kind":"replay","capture_id":1,"replay_id":391,"position":72,"host_staging_bytes":98344,"event_setup_ns":524,"host_staging_ns":1533,"host_launch_ns":4976,"host_wait_ns":3489413,"cuda_graph_span_ns":3491424.084,"event_status":0,"launch_status":0,"completion_status":0}
{"schema":"riley.owned-graph-diagnostic.v1","kind":"read","capture_id":1,"replay_id":391,"host_read_bytes":98344,"host_read_ns":4889}
{"schema":"riley.owned-graph-diagnostic.v1","kind":"replay","capture_id":1,"replay_id":392,"position":73,"host_staging_bytes":98344,"event_setup_ns":282,"host_staging_ns":1526,"host_launch_ns":4543,"host_wait_ns":3524115,"cuda_graph_span_ns":3526015.997,"event_status":0,"launch_status":0,"completion_status":0}
{"schema":"riley.owned-graph-diagnostic.v1","kind":"read","capture_id":1,"replay_id":392,"host_read_bytes":98344,"host_read_ns":4305}
{"schema":"riley.owned-graph-diagnostic.v1","kind":"replay","capture_id":1,"replay_id":393,"position":74,"host_staging_bytes":98344,"event_setup_ns":506,"host_staging_ns":1525,"host_launch_ns":4995,"host_wait_ns":3534729,"cuda_graph_span_ns":3536927.938,"event_status":0,"launch_status":0,"completion_status":0}
{"schema":"riley.owned-graph-diagnostic.v1","kind":"read","capture_id":1,"replay_id":393,"host_read_bytes":98344,"host_read_ns":4772}
{"schema":"riley.owned-graph-diagnostic.v1","kind":"replay","capture_id":1,"replay_id":394,"position":75,"host_staging_bytes":98344,"event_setup_ns":284,"host_staging_ns":1539,"host_launch_ns":4798,"host_wait_ns":3534660,"cuda_graph_span_ns":3536448.002,"event_status":0,"launch_status":0,"completion_status":0}
{"schema":"riley.owned-graph-diagnostic.v1","kind":"read","capture_id":1,"replay_id":394,"host_read_bytes":98344,"host_read_ns":4625}
{"schema":"riley.owned-graph-diagnostic.v1","kind":"replay","capture_id":1,"replay_id":395,"position":76,"host_staging_bytes":98344,"event_setup_ns":492,"host_staging_ns":1533,"host_launch_ns":4721,"host_wait_ns":3542051,"cuda_graph_span_ns":3544032.097,"event_status":0,"launch_status":0,"completion_status":0}
{"schema":"riley.owned-graph-diagnostic.v1","kind":"read","capture_id":1,"replay_id":395,"host_read_bytes":98344,"host_read_ns":4472}
{"schema":"riley.owned-graph-diagnostic.v1","kind":"replay","capture_id":1,"replay_id":396,"position":77,"host_staging_bytes":98344,"event_setup_ns":275,"host_staging_ns":1525,"host_launch_ns":4818,"host_wait_ns":3534493,"cuda_graph_span_ns":3536416.054,"event_status":0,"launch_status":0,"completion_status":0}
{"schema":"riley.owned-graph-diagnostic.v1","kind":"read","capture_id":1,"replay_id":396,"host_read_bytes":98344,"host_read_ns":5008}
{"schema":"riley.owned-graph-diagnostic.v1","kind":"replay","capture_id":1,"replay_id":397,"position":78,"host_staging_bytes":98344,"event_setup_ns":449,"host_staging_ns":1510,"host_launch_ns":4709,"host_wait_ns":3528836,"cuda_graph_span_ns":3530528.069,"event_status":0,"launch_status":0,"completion_status":0}
{"schema":"riley.owned-graph-diagnostic.v1","kind":"read","capture_id":1,"replay_id":397,"host_read_bytes":98344,"host_read_ns":4810}
{"schema":"riley.owned-graph-diagnostic.v1","kind":"replay","capture_id":1,"replay_id":398,"position":79,"host_staging_bytes":98344,"event_setup_ns":453,"host_staging_ns":1519,"host_launch_ns":4901,"host_wait_ns":3531936,"cuda_graph_span_ns":3533920.050,"event_status":0,"launch_status":0,"completion_status":0}
{"schema":"riley.owned-graph-diagnostic.v1","kind":"read","capture_id":1,"replay_id":398,"host_read_bytes":98344,"host_read_ns":4943}
{"schema":"riley.owned-graph-diagnostic.v1","kind":"replay","capture_id":1,"replay_id":399,"position":80,"host_staging_bytes":98344,"event_setup_ns":386,"host_staging_ns":1525,"host_launch_ns":4848,"host_wait_ns":3591945,"cuda_graph_span_ns":3593951.941,"event_status":0,"launch_status":0,"completion_status":0}
{"schema":"riley.owned-graph-diagnostic.v1","kind":"read","capture_id":1,"replay_id":399,"host_read_bytes":98344,"host_read_ns":5062}
{"schema":"riley.owned-graph-diagnostic.v1","kind":"replay","capture_id":1,"replay_id":400,"position":81,"host_staging_bytes":98344,"event_setup_ns":419,"host_staging_ns":1519,"host_launch_ns":4721,"host_wait_ns":3625853,"cuda_graph_span_ns":3627648.115,"event_status":0,"launch_status":0,"completion_status":0}
{"schema":"riley.owned-graph-diagnostic.v1","kind":"read","capture_id":1,"replay_id":400,"host_read_bytes":98344,"host_read_ns":5010}
{"schema":"riley.owned-graph-diagnostic.v1","kind":"replay","capture_id":1,"replay_id":401,"position":82,"host_staging_bytes":98344,"event_setup_ns":350,"host_staging_ns":1529,"host_launch_ns":4921,"host_wait_ns":3641335,"cuda_graph_span_ns":3643199.921,"event_status":0,"launch_status":0,"completion_status":0}
{"schema":"riley.owned-graph-diagnostic.v1","kind":"read","capture_id":1,"replay_id":401,"host_read_bytes":98344,"host_read_ns":5133}
{"schema":"riley.owned-graph-diagnostic.v1","kind":"replay","capture_id":1,"replay_id":402,"position":83,"host_staging_bytes":98344,"event_setup_ns":279,"host_staging_ns":1522,"host_launch_ns":4979,"host_wait_ns":3633716,"cuda_graph_span_ns":3635839.939,"event_status":0,"launch_status":0,"completion_status":0}
{"schema":"riley.owned-graph-diagnostic.v1","kind":"read","capture_id":1,"replay_id":402,"host_read_bytes":98344,"host_read_ns":4645}
{"schema":"riley.owned-graph-diagnostic.v1","kind":"replay","capture_id":1,"replay_id":403,"position":84,"host_staging_bytes":98344,"event_setup_ns":284,"host_staging_ns":1521,"host_launch_ns":5310,"host_wait_ns":3625371,"cuda_graph_span_ns":3627935.886,"event_status":0,"launch_status":0,"completion_status":0}
{"schema":"riley.owned-graph-diagnostic.v1","kind":"read","capture_id":1,"replay_id":403,"host_read_bytes":98344,"host_read_ns":4835}
{"schema":"riley.owned-graph-diagnostic.v1","kind":"replay","capture_id":1,"replay_id":404,"position":85,"host_staging_bytes":98344,"event_setup_ns":385,"host_staging_ns":1532,"host_launch_ns":4795,"host_wait_ns":3634620,"cuda_graph_span_ns":3636735.916,"event_status":0,"launch_status":0,"completion_status":0}
{"schema":"riley.owned-graph-diagnostic.v1","kind":"read","capture_id":1,"replay_id":404,"host_read_bytes":98344,"host_read_ns":4723}
{"schema":"riley.owned-graph-diagnostic.v1","kind":"replay","capture_id":1,"replay_id":405,"position":86,"host_staging_bytes":98344,"event_setup_ns":415,"host_staging_ns":1545,"host_launch_ns":4906,"host_wait_ns":3630576,"cuda_graph_span_ns":3632704.020,"event_status":0,"launch_status":0,"completion_status":0}
{"schema":"riley.owned-graph-diagnostic.v1","kind":"read","capture_id":1,"replay_id":405,"host_read_bytes":98344,"host_read_ns":4957}
{"schema":"riley.owned-graph-diagnostic.v1","kind":"replay","capture_id":1,"replay_id":406,"position":87,"host_staging_bytes":98344,"event_setup_ns":273,"host_staging_ns":1518,"host_launch_ns":4910,"host_wait_ns":3634360,"cuda_graph_span_ns":3636415.958,"event_status":0,"launch_status":0,"completion_status":0}
{"schema":"riley.owned-graph-diagnostic.v1","kind":"read","capture_id":1,"replay_id":406,"host_read_bytes":98344,"host_read_ns":5033}
{"schema":"riley.owned-graph-diagnostic.v1","kind":"replay","capture_id":1,"replay_id":407,"position":88,"host_staging_bytes":98344,"event_setup_ns":351,"host_staging_ns":1529,"host_launch_ns":4531,"host_wait_ns":3670840,"cuda_graph_span_ns":3672768.116,"event_status":0,"launch_status":0,"completion_status":0}
{"schema":"riley.owned-graph-diagnostic.v1","kind":"read","capture_id":1,"replay_id":407,"host_read_bytes":98344,"host_read_ns":4674}
{"schema":"riley.owned-graph-diagnostic.v1","kind":"replay","capture_id":1,"replay_id":408,"position":89,"host_staging_bytes":98344,"event_setup_ns":315,"host_staging_ns":1536,"host_launch_ns":4981,"host_wait_ns":3713863,"cuda_graph_span_ns":3715967.894,"event_status":0,"launch_status":0,"completion_status":0}
{"schema":"riley.owned-graph-diagnostic.v1","kind":"read","capture_id":1,"replay_id":408,"host_read_bytes":98344,"host_read_ns":4567}
{"schema":"riley.owned-graph-diagnostic.v1","kind":"replay","capture_id":1,"replay_id":409,"position":90,"host_staging_bytes":98344,"event_setup_ns":420,"host_staging_ns":1526,"host_launch_ns":4980,"host_wait_ns":3720754,"cuda_graph_span_ns":3722592.115,"event_status":0,"launch_status":0,"completion_status":0}
{"schema":"riley.owned-graph-diagnostic.v1","kind":"read","capture_id":1,"replay_id":409,"host_read_bytes":98344,"host_read_ns":5051}
{"schema":"riley.owned-graph-diagnostic.v1","kind":"replay","capture_id":1,"replay_id":410,"position":91,"host_staging_bytes":98344,"event_setup_ns":370,"host_staging_ns":1544,"host_launch_ns":4878,"host_wait_ns":3732904,"cuda_graph_span_ns":3734911.919,"event_status":0,"launch_status":0,"completion_status":0}
{"schema":"riley.owned-graph-diagnostic.v1","kind":"read","capture_id":1,"replay_id":410,"host_read_bytes":98344,"host_read_ns":4974}
{"schema":"riley.owned-graph-diagnostic.v1","kind":"replay","capture_id":1,"replay_id":411,"position":92,"host_staging_bytes":98344,"event_setup_ns":533,"host_staging_ns":1536,"host_launch_ns":5018,"host_wait_ns":3719469,"cuda_graph_span_ns":3721951.962,"event_status":0,"launch_status":0,"completion_status":0}
{"schema":"riley.owned-graph-diagnostic.v1","kind":"read","capture_id":1,"replay_id":411,"host_read_bytes":98344,"host_read_ns":5078}
{"schema":"riley.owned-graph-diagnostic.v1","kind":"replay","capture_id":1,"replay_id":412,"position":93,"host_staging_bytes":98344,"event_setup_ns":473,"host_staging_ns":1505,"host_launch_ns":4853,"host_wait_ns":3726931,"cuda_graph_span_ns":3729055.882,"event_status":0,"launch_status":0,"completion_status":0}
{"schema":"riley.owned-graph-diagnostic.v1","kind":"read","capture_id":1,"replay_id":412,"host_read_bytes":98344,"host_read_ns":4845}
{"schema":"riley.owned-graph-diagnostic.v1","kind":"replay","capture_id":1,"replay_id":413,"position":94,"host_staging_bytes":98344,"event_setup_ns":592,"host_staging_ns":1529,"host_launch_ns":5080,"host_wait_ns":3707976,"cuda_graph_span_ns":3710304.022,"event_status":0,"launch_status":0,"completion_status":0}
{"schema":"riley.owned-graph-diagnostic.v1","kind":"read","capture_id":1,"replay_id":413,"host_read_bytes":98344,"host_read_ns":4816}
{"schema":"riley.owned-graph-diagnostic.v1","kind":"replay","capture_id":1,"replay_id":414,"position":95,"host_staging_bytes":98344,"event_setup_ns":412,"host_staging_ns":1531,"host_launch_ns":5153,"host_wait_ns":3713350,"cuda_graph_span_ns":3715679.884,"event_status":0,"launch_status":0,"completion_status":0}
{"schema":"riley.owned-graph-diagnostic.v1","kind":"read","capture_id":1,"replay_id":414,"host_read_bytes":98344,"host_read_ns":4733}
{"schema":"riley.owned-graph-diagnostic.v1","kind":"replay","capture_id":1,"replay_id":415,"position":96,"host_staging_bytes":98344,"event_setup_ns":427,"host_staging_ns":1514,"host_launch_ns":5138,"host_wait_ns":3778893,"cuda_graph_span_ns":3781055.927,"event_status":0,"launch_status":0,"completion_status":0}
{"schema":"riley.owned-graph-diagnostic.v1","kind":"read","capture_id":1,"replay_id":415,"host_read_bytes":98344,"host_read_ns":4682}
{"schema":"riley.owned-graph-diagnostic.v1","kind":"replay","capture_id":1,"replay_id":416,"position":97,"host_staging_bytes":98344,"event_setup_ns":631,"host_staging_ns":1582,"host_launch_ns":5835,"host_wait_ns":3810348,"cuda_graph_span_ns":3813215.971,"event_status":0,"launch_status":0,"completion_status":0}
{"schema":"riley.owned-graph-diagnostic.v1","kind":"read","capture_id":1,"replay_id":416,"host_read_bytes":98344,"host_read_ns":4777}
{"schema":"riley.owned-graph-diagnostic.v1","kind":"replay","capture_id":1,"replay_id":417,"position":98,"host_staging_bytes":98344,"event_setup_ns":570,"host_staging_ns":1622,"host_launch_ns":5904,"host_wait_ns":3825388,"cuda_graph_span_ns":3828543.901,"event_status":0,"launch_status":0,"completion_status":0}
{"schema":"riley.owned-graph-diagnostic.v1","kind":"read","capture_id":1,"replay_id":417,"host_read_bytes":98344,"host_read_ns":4997}
{"schema":"riley.owned-graph-diagnostic.v1","kind":"replay","capture_id":1,"replay_id":418,"position":99,"host_staging_bytes":98344,"event_setup_ns":647,"host_staging_ns":1618,"host_launch_ns":5687,"host_wait_ns":3825481,"cuda_graph_span_ns":3828160.048,"event_status":0,"launch_status":0,"completion_status":0}
{"schema":"riley.owned-graph-diagnostic.v1","kind":"read","capture_id":1,"replay_id":418,"host_read_bytes":98344,"host_read_ns":4835}
{"schema":"riley.owned-graph-diagnostic.v1","kind":"replay","capture_id":1,"replay_id":419,"position":100,"host_staging_bytes":98344,"event_setup_ns":324,"host_staging_ns":1561,"host_launch_ns":5195,"host_wait_ns":3822120,"cuda_graph_span_ns":3824352.026,"event_status":0,"launch_status":0,"completion_status":0}
{"schema":"riley.owned-graph-diagnostic.v1","kind":"read","capture_id":1,"replay_id":419,"host_read_bytes":98344,"host_read_ns":4749}
{"schema":"riley.owned-graph-diagnostic.v1","kind":"replay","capture_id":1,"replay_id":420,"position":101,"host_staging_bytes":98344,"event_setup_ns":398,"host_staging_ns":1618,"host_launch_ns":5390,"host_wait_ns":3822326,"cuda_graph_span_ns":3824928.045,"event_status":0,"launch_status":0,"completion_status":0}
{"schema":"riley.owned-graph-diagnostic.v1","kind":"read","capture_id":1,"replay_id":420,"host_read_bytes":98344,"host_read_ns":5302}
{"schema":"riley.owned-graph-diagnostic.v1","kind":"replay","capture_id":1,"replay_id":421,"position":102,"host_staging_bytes":98344,"event_setup_ns":567,"host_staging_ns":1643,"host_launch_ns":5850,"host_wait_ns":3822276,"cuda_graph_span_ns":3825248.003,"event_status":0,"launch_status":0,"completion_status":0}
{"schema":"riley.owned-graph-diagnostic.v1","kind":"read","capture_id":1,"replay_id":421,"host_read_bytes":98344,"host_read_ns":5145}
{"schema":"riley.owned-graph-diagnostic.v1","kind":"replay","capture_id":1,"replay_id":422,"position":103,"host_staging_bytes":98344,"event_setup_ns":532,"host_staging_ns":1730,"host_launch_ns":5369,"host_wait_ns":3814982,"cuda_graph_span_ns":3817471.981,"event_status":0,"launch_status":0,"completion_status":0}
{"schema":"riley.owned-graph-diagnostic.v1","kind":"read","capture_id":1,"replay_id":422,"host_read_bytes":98344,"host_read_ns":5358}
{"schema":"riley.owned-graph-diagnostic.v1","kind":"replay","capture_id":1,"replay_id":423,"position":104,"host_staging_bytes":98344,"event_setup_ns":513,"host_staging_ns":1667,"host_launch_ns":5848,"host_wait_ns":3859703,"cuda_graph_span_ns":3862783.909,"event_status":0,"launch_status":0,"completion_status":0}
{"schema":"riley.owned-graph-diagnostic.v1","kind":"read","capture_id":1,"replay_id":423,"host_read_bytes":98344,"host_read_ns":4975}
{"schema":"riley.owned-graph-diagnostic.v1","kind":"replay","capture_id":1,"replay_id":424,"position":105,"host_staging_bytes":98344,"event_setup_ns":782,"host_staging_ns":1678,"host_launch_ns":5700,"host_wait_ns":3894376,"cuda_graph_span_ns":3897471.905,"event_status":0,"launch_status":0,"completion_status":0}
{"schema":"riley.owned-graph-diagnostic.v1","kind":"read","capture_id":1,"replay_id":424,"host_read_bytes":98344,"host_read_ns":4537}
{"schema":"riley.owned-graph-diagnostic.v1","kind":"replay","capture_id":1,"replay_id":425,"position":106,"host_staging_bytes":98344,"event_setup_ns":359,"host_staging_ns":1550,"host_launch_ns":5135,"host_wait_ns":3909341,"cuda_graph_span_ns":3911679.983,"event_status":0,"launch_status":0,"completion_status":0}
{"schema":"riley.owned-graph-diagnostic.v1","kind":"read","capture_id":1,"replay_id":425,"host_read_bytes":98344,"host_read_ns":4834}
{"schema":"riley.owned-graph-diagnostic.v1","kind":"replay","capture_id":1,"replay_id":426,"position":107,"host_staging_bytes":98344,"event_setup_ns":564,"host_staging_ns":1628,"host_launch_ns":6171,"host_wait_ns":3905281,"cuda_graph_span_ns":3908735.991,"event_status":0,"launch_status":0,"completion_status":0}
{"schema":"riley.owned-graph-diagnostic.v1","kind":"read","capture_id":1,"replay_id":426,"host_read_bytes":98344,"host_read_ns":5083}
{"schema":"riley.owned-graph-diagnostic.v1","kind":"replay","capture_id":1,"replay_id":427,"position":108,"host_staging_bytes":98344,"event_setup_ns":791,"host_staging_ns":1696,"host_launch_ns":5779,"host_wait_ns":3911616,"cuda_graph_span_ns":3914655.924,"event_status":0,"launch_status":0,"completion_status":0}
{"schema":"riley.owned-graph-diagnostic.v1","kind":"read","capture_id":1,"replay_id":427,"host_read_bytes":98344,"host_read_ns":4969}
{"schema":"riley.owned-graph-diagnostic.v1","kind":"replay","capture_id":1,"replay_id":428,"position":109,"host_staging_bytes":98344,"event_setup_ns":348,"host_staging_ns":1556,"host_launch_ns":5242,"host_wait_ns":3912231,"cuda_graph_span_ns":3914335.966,"event_status":0,"launch_status":0,"completion_status":0}
{"schema":"riley.owned-graph-diagnostic.v1","kind":"read","capture_id":1,"replay_id":428,"host_read_bytes":98344,"host_read_ns":5107}
{"schema":"riley.owned-graph-diagnostic.v1","kind":"replay","capture_id":1,"replay_id":429,"position":110,"host_staging_bytes":98344,"event_setup_ns":463,"host_staging_ns":1602,"host_launch_ns":5788,"host_wait_ns":3908951,"cuda_graph_span_ns":3911999.941,"event_status":0,"launch_status":0,"completion_status":0}
{"schema":"riley.owned-graph-diagnostic.v1","kind":"read","capture_id":1,"replay_id":429,"host_read_bytes":98344,"host_read_ns":4978}
{"schema":"riley.owned-graph-diagnostic.v1","kind":"replay","capture_id":1,"replay_id":430,"position":111,"host_staging_bytes":98344,"event_setup_ns":470,"host_staging_ns":1623,"host_launch_ns":5870,"host_wait_ns":3908233,"cuda_graph_span_ns":3911007.881,"event_status":0,"launch_status":0,"completion_status":0}
{"schema":"riley.owned-graph-diagnostic.v1","kind":"read","capture_id":1,"replay_id":430,"host_read_bytes":98344,"host_read_ns":5132}
{"schema":"riley.owned-graph-diagnostic.v1","kind":"replay","capture_id":1,"replay_id":431,"position":112,"host_staging_bytes":98344,"event_setup_ns":556,"host_staging_ns":1535,"host_launch_ns":6017,"host_wait_ns":3968494,"cuda_graph_span_ns":3969343.901,"event_status":0,"launch_status":0,"completion_status":0}
{"schema":"riley.owned-graph-diagnostic.v1","kind":"read","capture_id":1,"replay_id":431,"host_read_bytes":98344,"host_read_ns":7569}
{"schema":"riley.owned-graph-diagnostic.v1","kind":"replay","capture_id":1,"replay_id":432,"position":113,"host_staging_bytes":98344,"event_setup_ns":2112,"host_staging_ns":4851,"host_launch_ns":20316,"host_wait_ns":4004878,"cuda_graph_span_ns":4022912.025,"event_status":0,"launch_status":0,"completion_status":0}
{"schema":"riley.owned-graph-diagnostic.v1","kind":"read","capture_id":1,"replay_id":432,"host_read_bytes":98344,"host_read_ns":5211}
{"schema":"riley.owned-graph-diagnostic.v1","kind":"replay","capture_id":1,"replay_id":433,"position":114,"host_staging_bytes":98344,"event_setup_ns":448,"host_staging_ns":1925,"host_launch_ns":5482,"host_wait_ns":4017981,"cuda_graph_span_ns":4020351.887,"event_status":0,"launch_status":0,"completion_status":0}
{"schema":"riley.owned-graph-diagnostic.v1","kind":"read","capture_id":1,"replay_id":433,"host_read_bytes":98344,"host_read_ns":5848}
{"schema":"riley.owned-graph-diagnostic.v1","kind":"replay","capture_id":1,"replay_id":434,"position":115,"host_staging_bytes":98344,"event_setup_ns":354,"host_staging_ns":3123,"host_launch_ns":4957,"host_wait_ns":4022667,"cuda_graph_span_ns":4024928.093,"event_status":0,"launch_status":0,"completion_status":0}
{"schema":"riley.owned-graph-diagnostic.v1","kind":"read","capture_id":1,"replay_id":434,"host_read_bytes":98344,"host_read_ns":5225}
{"schema":"riley.owned-graph-diagnostic.v1","kind":"replay","capture_id":1,"replay_id":435,"position":116,"host_staging_bytes":98344,"event_setup_ns":378,"host_staging_ns":2391,"host_launch_ns":4906,"host_wait_ns":4011297,"cuda_graph_span_ns":4013152.122,"event_status":0,"launch_status":0,"completion_status":0}
{"schema":"riley.owned-graph-diagnostic.v1","kind":"read","capture_id":1,"replay_id":435,"host_read_bytes":98344,"host_read_ns":5276}
{"schema":"riley.owned-graph-diagnostic.v1","kind":"replay","capture_id":1,"replay_id":436,"position":117,"host_staging_bytes":98344,"event_setup_ns":366,"host_staging_ns":1815,"host_launch_ns":5021,"host_wait_ns":4030688,"cuda_graph_span_ns":4032703.876,"event_status":0,"launch_status":0,"completion_status":0}
{"schema":"riley.owned-graph-diagnostic.v1","kind":"read","capture_id":1,"replay_id":436,"host_read_bytes":98344,"host_read_ns":5038}
{"schema":"riley.owned-graph-diagnostic.v1","kind":"replay","capture_id":1,"replay_id":437,"position":118,"host_staging_bytes":98344,"event_setup_ns":387,"host_staging_ns":1765,"host_launch_ns":4910,"host_wait_ns":4030578,"cuda_graph_span_ns":4032639.980,"event_status":0,"launch_status":0,"completion_status":0}
{"schema":"riley.owned-graph-diagnostic.v1","kind":"read","capture_id":1,"replay_id":437,"host_read_bytes":98344,"host_read_ns":5080}
{"schema":"riley.owned-graph-diagnostic.v1","kind":"replay","capture_id":1,"replay_id":438,"position":119,"host_staging_bytes":98344,"event_setup_ns":324,"host_staging_ns":1956,"host_launch_ns":4644,"host_wait_ns":4022472,"cuda_graph_span_ns":4024223.804,"event_status":0,"launch_status":0,"completion_status":0}
{"schema":"riley.owned-graph-diagnostic.v1","kind":"read","capture_id":1,"replay_id":438,"host_read_bytes":98344,"host_read_ns":4716}
{"schema":"riley.owned-graph-diagnostic.v1","kind":"replay","capture_id":1,"replay_id":439,"position":120,"host_staging_bytes":98344,"event_setup_ns":508,"host_staging_ns":1870,"host_launch_ns":5285,"host_wait_ns":4050340,"cuda_graph_span_ns":4052608.013,"event_status":0,"launch_status":0,"completion_status":0}
{"schema":"riley.owned-graph-diagnostic.v1","kind":"read","capture_id":1,"replay_id":439,"host_read_bytes":98344,"host_read_ns":5143}
{"schema":"riley.owned-graph-diagnostic.v1","kind":"replay","capture_id":1,"replay_id":440,"position":121,"host_staging_bytes":98344,"event_setup_ns":388,"host_staging_ns":1651,"host_launch_ns":4895,"host_wait_ns":4097155,"cuda_graph_span_ns":4099071.980,"event_status":0,"launch_status":0,"completion_status":0}
{"schema":"riley.owned-graph-diagnostic.v1","kind":"read","capture_id":1,"replay_id":440,"host_read_bytes":98344,"host_read_ns":5103}
{"schema":"riley.owned-graph-diagnostic.v1","kind":"replay","capture_id":1,"replay_id":441,"position":122,"host_staging_bytes":98344,"event_setup_ns":629,"host_staging_ns":1642,"host_launch_ns":5152,"host_wait_ns":4099382,"cuda_graph_span_ns":4101600.170,"event_status":0,"launch_status":0,"completion_status":0}
{"schema":"riley.owned-graph-diagnostic.v1","kind":"read","capture_id":1,"replay_id":441,"host_read_bytes":98344,"host_read_ns":5018}
{"schema":"riley.owned-graph-diagnostic.v1","kind":"replay","capture_id":1,"replay_id":442,"position":123,"host_staging_bytes":98344,"event_setup_ns":484,"host_staging_ns":1628,"host_launch_ns":4968,"host_wait_ns":4101369,"cuda_graph_span_ns":4103456.020,"event_status":0,"launch_status":0,"completion_status":0}
{"schema":"riley.owned-graph-diagnostic.v1","kind":"read","capture_id":1,"replay_id":442,"host_read_bytes":98344,"host_read_ns":4906}
{"schema":"riley.owned-graph-diagnostic.v1","kind":"replay","capture_id":1,"replay_id":443,"position":124,"host_staging_bytes":98344,"event_setup_ns":418,"host_staging_ns":1591,"host_launch_ns":4835,"host_wait_ns":4106609,"cuda_graph_span_ns":4108704.090,"event_status":0,"launch_status":0,"completion_status":0}
{"schema":"riley.owned-graph-diagnostic.v1","kind":"read","capture_id":1,"replay_id":443,"host_read_bytes":98344,"host_read_ns":4737}
{"schema":"riley.owned-graph-diagnostic.v1","kind":"replay","capture_id":1,"replay_id":444,"position":125,"host_staging_bytes":98344,"event_setup_ns":393,"host_staging_ns":1551,"host_launch_ns":4723,"host_wait_ns":4111413,"cuda_graph_span_ns":4112959.862,"event_status":0,"launch_status":0,"completion_status":0}
{"schema":"riley.owned-graph-diagnostic.v1","kind":"read","capture_id":1,"replay_id":444,"host_read_bytes":98344,"host_read_ns":4690}
{"schema":"riley.owned-graph-diagnostic.v1","kind":"replay","capture_id":1,"replay_id":445,"position":126,"host_staging_bytes":98344,"event_setup_ns":290,"host_staging_ns":1539,"host_launch_ns":4704,"host_wait_ns":4104404,"cuda_graph_span_ns":4106207.848,"event_status":0,"launch_status":0,"completion_status":0}
{"schema":"riley.owned-graph-diagnostic.v1","kind":"read","capture_id":1,"replay_id":445,"host_read_bytes":98344,"host_read_ns":4985}
{"schema":"riley.owned-graph-diagnostic.v1","kind":"replay","capture_id":1,"replay_id":446,"position":127,"host_staging_bytes":98344,"event_setup_ns":317,"host_staging_ns":1567,"host_launch_ns":4683,"host_wait_ns":4106624,"cuda_graph_span_ns":4108416.080,"event_status":0,"launch_status":0,"completion_status":0}
{"schema":"riley.owned-graph-diagnostic.v1","kind":"read","capture_id":1,"replay_id":446,"host_read_bytes":98344,"host_read_ns":5040}
{"schema":"riley.owned-graph-diagnostic.v1","kind":"replay","capture_id":1,"replay_id":447,"position":128,"host_staging_bytes":98344,"event_setup_ns":318,"host_staging_ns":1549,"host_launch_ns":4656,"host_wait_ns":2484826,"cuda_graph_span_ns":2486464.024,"event_status":0,"launch_status":0,"completion_status":0}
{"schema":"riley.owned-graph-diagnostic.v1","kind":"read","capture_id":1,"replay_id":447,"host_read_bytes":98344,"host_read_ns":5055}
{"schema":"riley.owned-graph-diagnostic.v1","kind":"replay","capture_id":1,"replay_id":448,"position":129,"host_staging_bytes":98344,"event_setup_ns":283,"host_staging_ns":1535,"host_launch_ns":4600,"host_wait_ns":2202799,"cuda_graph_span_ns":2204672.098,"event_status":0,"launch_status":0,"completion_status":0}
{"schema":"riley.owned-graph-diagnostic.v1","kind":"read","capture_id":1,"replay_id":448,"host_read_bytes":98344,"host_read_ns":4705}
{"schema":"riley.owned-graph-diagnostic.v1","kind":"replay","capture_id":1,"replay_id":449,"position":130,"host_staging_bytes":98344,"event_setup_ns":428,"host_staging_ns":1536,"host_launch_ns":4934,"host_wait_ns":2195127,"cuda_graph_span_ns":2197376.013,"event_status":0,"launch_status":0,"completion_status":0}
{"schema":"riley.owned-graph-diagnostic.v1","kind":"read","capture_id":1,"replay_id":449,"host_read_bytes":98344,"host_read_ns":4621}
{"schema":"riley.owned-graph-diagnostic.v1","kind":"replay","capture_id":1,"replay_id":450,"position":131,"host_staging_bytes":98344,"event_setup_ns":434,"host_staging_ns":1544,"host_launch_ns":4861,"host_wait_ns":2202736,"cuda_graph_span_ns":2205055.952,"event_status":0,"launch_status":0,"completion_status":0}
{"schema":"riley.owned-graph-diagnostic.v1","kind":"read","capture_id":1,"replay_id":450,"host_read_bytes":98344,"host_read_ns":4616}
{"schema":"riley.owned-graph-diagnostic.v1","kind":"replay","capture_id":1,"replay_id":451,"position":132,"host_staging_bytes":98344,"event_setup_ns":341,"host_staging_ns":1534,"host_launch_ns":4716,"host_wait_ns":2203146,"cuda_graph_span_ns":2204960.108,"event_status":0,"launch_status":0,"completion_status":0}
{"schema":"riley.owned-graph-diagnostic.v1","kind":"read","capture_id":1,"replay_id":451,"host_read_bytes":98344,"host_read_ns":4543}
{"schema":"riley.owned-graph-diagnostic.v1","kind":"replay","capture_id":1,"replay_id":452,"position":133,"host_staging_bytes":98344,"event_setup_ns":516,"host_staging_ns":1516,"host_launch_ns":4548,"host_wait_ns":2203967,"cuda_graph_span_ns":2205791.950,"event_status":0,"launch_status":0,"completion_status":0}
{"schema":"riley.owned-graph-diagnostic.v1","kind":"read","capture_id":1,"replay_id":452,"host_read_bytes":98344,"host_read_ns":4849}
{"schema":"riley.owned-graph-diagnostic.v1","kind":"replay","capture_id":1,"replay_id":453,"position":134,"host_staging_bytes":98344,"event_setup_ns":279,"host_staging_ns":1538,"host_launch_ns":4583,"host_wait_ns":2205726,"cuda_graph_span_ns":2207488.060,"event_status":0,"launch_status":0,"completion_status":0}
{"schema":"riley.owned-graph-diagnostic.v1","kind":"read","capture_id":1,"replay_id":453,"host_read_bytes":98344,"host_read_ns":4586}
{"schema":"riley.owned-graph-diagnostic.v1","kind":"replay","capture_id":1,"replay_id":454,"position":135,"host_staging_bytes":98344,"event_setup_ns":486,"host_staging_ns":1512,"host_launch_ns":4756,"host_wait_ns":2206504,"cuda_graph_span_ns":2208479.881,"event_status":0,"launch_status":0,"completion_status":0}
{"schema":"riley.owned-graph-diagnostic.v1","kind":"read","capture_id":1,"replay_id":454,"host_read_bytes":98344,"host_read_ns":4796}
{"schema":"riley.owned-graph-diagnostic.v1","kind":"replay","capture_id":1,"replay_id":455,"position":136,"host_staging_bytes":98344,"event_setup_ns":570,"host_staging_ns":1531,"host_launch_ns":4786,"host_wait_ns":2247356,"cuda_graph_span_ns":2249216.080,"event_status":0,"launch_status":0,"completion_status":0}
{"schema":"riley.owned-graph-diagnostic.v1","kind":"read","capture_id":1,"replay_id":455,"host_read_bytes":98344,"host_read_ns":4539}
{"schema":"riley.owned-graph-diagnostic.v1","kind":"replay","capture_id":1,"replay_id":456,"position":137,"host_staging_bytes":98344,"event_setup_ns":453,"host_staging_ns":1525,"host_launch_ns":4638,"host_wait_ns":2255198,"cuda_graph_span_ns":2256959.915,"event_status":0,"launch_status":0,"completion_status":0}
{"schema":"riley.owned-graph-diagnostic.v1","kind":"read","capture_id":1,"replay_id":456,"host_read_bytes":98344,"host_read_ns":4837}
{"schema":"riley.owned-graph-diagnostic.v1","kind":"replay","capture_id":1,"replay_id":457,"position":138,"host_staging_bytes":98344,"event_setup_ns":322,"host_staging_ns":1540,"host_launch_ns":4658,"host_wait_ns":2255210,"cuda_graph_span_ns":2257184.029,"event_status":0,"launch_status":0,"completion_status":0}
{"schema":"riley.owned-graph-diagnostic.v1","kind":"read","capture_id":1,"replay_id":457,"host_read_bytes":98344,"host_read_ns":4436}
{"schema":"riley.owned-graph-diagnostic.v1","kind":"replay","capture_id":1,"replay_id":458,"position":139,"host_staging_bytes":98344,"event_setup_ns":413,"host_staging_ns":1526,"host_launch_ns":4740,"host_wait_ns":2254529,"cuda_graph_span_ns":2256416.082,"event_status":0,"launch_status":0,"completion_status":0}
{"schema":"riley.owned-graph-diagnostic.v1","kind":"read","capture_id":1,"replay_id":458,"host_read_bytes":98344,"host_read_ns":4583}
{"schema":"riley.owned-graph-diagnostic.v1","kind":"replay","capture_id":1,"replay_id":459,"position":140,"host_staging_bytes":98344,"event_setup_ns":435,"host_staging_ns":1517,"host_launch_ns":4753,"host_wait_ns":2254372,"cuda_graph_span_ns":2256383.896,"event_status":0,"launch_status":0,"completion_status":0}
{"schema":"riley.owned-graph-diagnostic.v1","kind":"read","capture_id":1,"replay_id":459,"host_read_bytes":98344,"host_read_ns":5061}
{"schema":"riley.owned-graph-diagnostic.v1","kind":"replay","capture_id":1,"replay_id":460,"position":141,"host_staging_bytes":98344,"event_setup_ns":395,"host_staging_ns":1518,"host_launch_ns":4749,"host_wait_ns":2263096,"cuda_graph_span_ns":2264991.999,"event_status":0,"launch_status":0,"completion_status":0}
{"schema":"riley.owned-graph-diagnostic.v1","kind":"read","capture_id":1,"replay_id":460,"host_read_bytes":98344,"host_read_ns":5005}
{"schema":"riley.owned-graph-diagnostic.v1","kind":"replay","capture_id":1,"replay_id":461,"position":142,"host_staging_bytes":98344,"event_setup_ns":340,"host_staging_ns":1544,"host_launch_ns":4763,"host_wait_ns":2254773,"cuda_graph_span_ns":2256864.071,"event_status":0,"launch_status":0,"completion_status":0}
{"schema":"riley.owned-graph-diagnostic.v1","kind":"read","capture_id":1,"replay_id":461,"host_read_bytes":98344,"host_read_ns":4571}
{"schema":"riley.owned-graph-diagnostic.v1","kind":"replay","capture_id":1,"replay_id":462,"position":143,"host_staging_bytes":98344,"event_setup_ns":335,"host_staging_ns":1526,"host_launch_ns":4728,"host_wait_ns":2255458,"cuda_graph_span_ns":2257440.090,"event_status":0,"launch_status":0,"completion_status":0}
{"schema":"riley.owned-graph-diagnostic.v1","kind":"read","capture_id":1,"replay_id":462,"host_read_bytes":98344,"host_read_ns":4485}
{"schema":"riley.owned-graph-diagnostic.v1","kind":"replay","capture_id":1,"replay_id":463,"position":144,"host_staging_bytes":98344,"event_setup_ns":321,"host_staging_ns":1534,"host_launch_ns":4773,"host_wait_ns":2310663,"cuda_graph_span_ns":2312704.086,"event_status":0,"launch_status":0,"completion_status":0}
{"schema":"riley.owned-graph-diagnostic.v1","kind":"read","capture_id":1,"replay_id":463,"host_read_bytes":98344,"host_read_ns":4874}
{"schema":"riley.owned-graph-diagnostic.v1","kind":"replay","capture_id":1,"replay_id":464,"position":145,"host_staging_bytes":98344,"event_setup_ns":338,"host_staging_ns":3063,"host_launch_ns":4924,"host_wait_ns":2325805,"cuda_graph_span_ns":2328160.048,"event_status":0,"launch_status":0,"completion_status":0}
{"schema":"riley.owned-graph-diagnostic.v1","kind":"read","capture_id":1,"replay_id":464,"host_read_bytes":98344,"host_read_ns":4479}
{"schema":"riley.owned-graph-diagnostic.v1","kind":"replay","capture_id":1,"replay_id":465,"position":146,"host_staging_bytes":98344,"event_setup_ns":590,"host_staging_ns":1537,"host_launch_ns":4793,"host_wait_ns":2326790,"cuda_graph_span_ns":2328959.942,"event_status":0,"launch_status":0,"completion_status":0}
{"schema":"riley.owned-graph-diagnostic.v1","kind":"read","capture_id":1,"replay_id":465,"host_read_bytes":98344,"host_read_ns":4959}
{"schema":"riley.owned-graph-diagnostic.v1","kind":"replay","capture_id":1,"replay_id":466,"position":147,"host_staging_bytes":98344,"event_setup_ns":449,"host_staging_ns":1529,"host_launch_ns":4872,"host_wait_ns":2329503,"cuda_graph_span_ns":2331648.111,"event_status":0,"launch_status":0,"completion_status":0}
{"schema":"riley.owned-graph-diagnostic.v1","kind":"read","capture_id":1,"replay_id":466,"host_read_bytes":98344,"host_read_ns":4838}
{"schema":"riley.owned-graph-diagnostic.v1","kind":"replay","capture_id":1,"replay_id":467,"position":148,"host_staging_bytes":98344,"event_setup_ns":385,"host_staging_ns":1527,"host_launch_ns":4870,"host_wait_ns":2337176,"cuda_graph_span_ns":2339263.916,"event_status":0,"launch_status":0,"completion_status":0}
{"schema":"riley.owned-graph-diagnostic.v1","kind":"read","capture_id":1,"replay_id":467,"host_read_bytes":98344,"host_read_ns":4680}
{"schema":"riley.owned-graph-diagnostic.v1","kind":"replay","capture_id":1,"replay_id":468,"position":149,"host_staging_bytes":98344,"event_setup_ns":417,"host_staging_ns":1525,"host_launch_ns":4692,"host_wait_ns":2338158,"cuda_graph_span_ns":2340127.945,"event_status":0,"launch_status":0,"completion_status":0}
{"schema":"riley.owned-graph-diagnostic.v1","kind":"read","capture_id":1,"replay_id":468,"host_read_bytes":98344,"host_read_ns":4797}
{"schema":"riley.owned-graph-diagnostic.v1","kind":"replay","capture_id":1,"replay_id":469,"position":150,"host_staging_bytes":98344,"event_setup_ns":468,"host_staging_ns":1521,"host_launch_ns":4812,"host_wait_ns":2335360,"cuda_graph_span_ns":2337343.931,"event_status":0,"launch_status":0,"completion_status":0}
{"schema":"riley.owned-graph-diagnostic.v1","kind":"read","capture_id":1,"replay_id":469,"host_read_bytes":98344,"host_read_ns":4377}
{"schema":"riley.owned-graph-diagnostic.v1","kind":"replay","capture_id":1,"replay_id":470,"position":151,"host_staging_bytes":98344,"event_setup_ns":329,"host_staging_ns":1522,"host_launch_ns":4705,"host_wait_ns":2330171,"cuda_graph_span_ns":2332063.913,"event_status":0,"launch_status":0,"completion_status":0}
{"schema":"riley.owned-graph-diagnostic.v1","kind":"read","capture_id":1,"replay_id":470,"host_read_bytes":98344,"host_read_ns":4930}
{"schema":"riley.owned-graph-diagnostic.v1","kind":"replay","capture_id":1,"replay_id":471,"position":152,"host_staging_bytes":98344,"event_setup_ns":359,"host_staging_ns":1524,"host_launch_ns":4748,"host_wait_ns":2377697,"cuda_graph_span_ns":2379551.888,"event_status":0,"launch_status":0,"completion_status":0}
{"schema":"riley.owned-graph-diagnostic.v1","kind":"read","capture_id":1,"replay_id":471,"host_read_bytes":98344,"host_read_ns":4688}
{"schema":"riley.owned-graph-diagnostic.v1","kind":"replay","capture_id":1,"replay_id":472,"position":153,"host_staging_bytes":98344,"event_setup_ns":467,"host_staging_ns":1514,"host_launch_ns":4686,"host_wait_ns":2387464,"cuda_graph_span_ns":2389408.112,"event_status":0,"launch_status":0,"completion_status":0}
{"schema":"riley.owned-graph-diagnostic.v1","kind":"read","capture_id":1,"replay_id":472,"host_read_bytes":98344,"host_read_ns":4951}
{"schema":"riley.owned-graph-diagnostic.v1","kind":"replay","capture_id":1,"replay_id":473,"position":154,"host_staging_bytes":98344,"event_setup_ns":343,"host_staging_ns":1515,"host_launch_ns":4718,"host_wait_ns":2385105,"cuda_graph_span_ns":2387007.952,"event_status":0,"launch_status":0,"completion_status":0}
{"schema":"riley.owned-graph-diagnostic.v1","kind":"read","capture_id":1,"replay_id":473,"host_read_bytes":98344,"host_read_ns":4749}
{"schema":"riley.owned-graph-diagnostic.v1","kind":"replay","capture_id":1,"replay_id":474,"position":155,"host_staging_bytes":98344,"event_setup_ns":328,"host_staging_ns":1528,"host_launch_ns":4525,"host_wait_ns":2390197,"cuda_graph_span_ns":2391808.033,"event_status":0,"launch_status":0,"completion_status":0}
{"schema":"riley.owned-graph-diagnostic.v1","kind":"read","capture_id":1,"replay_id":474,"host_read_bytes":98344,"host_read_ns":4262}
{"schema":"riley.owned-graph-diagnostic.v1","kind":"replay","capture_id":1,"replay_id":475,"position":156,"host_staging_bytes":98344,"event_setup_ns":376,"host_staging_ns":1506,"host_launch_ns":4827,"host_wait_ns":2387340,"cuda_graph_span_ns":2389375.925,"event_status":0,"launch_status":0,"completion_status":0}
{"schema":"riley.owned-graph-diagnostic.v1","kind":"read","capture_id":1,"replay_id":475,"host_read_bytes":98344,"host_read_ns":4790}
{"schema":"riley.owned-graph-diagnostic.v1","kind":"replay","capture_id":1,"replay_id":476,"position":157,"host_staging_bytes":98344,"event_setup_ns":466,"host_staging_ns":1540,"host_launch_ns":4722,"host_wait_ns":2387545,"cuda_graph_span_ns":2389472.008,"event_status":0,"launch_status":0,"completion_status":0}
{"schema":"riley.owned-graph-diagnostic.v1","kind":"read","capture_id":1,"replay_id":476,"host_read_bytes":98344,"host_read_ns":5118}
{"schema":"riley.owned-graph-diagnostic.v1","kind":"replay","capture_id":1,"replay_id":477,"position":158,"host_staging_bytes":98344,"event_setup_ns":388,"host_staging_ns":1530,"host_launch_ns":4654,"host_wait_ns":2391413,"cuda_graph_span_ns":2393183.947,"event_status":0,"launch_status":0,"completion_status":0}
{"schema":"riley.owned-graph-diagnostic.v1","kind":"read","capture_id":1,"replay_id":477,"host_read_bytes":98344,"host_read_ns":4853}
{"schema":"riley.owned-graph-diagnostic.v1","kind":"replay","capture_id":1,"replay_id":478,"position":0,"host_staging_bytes":98344,"event_setup_ns":4291,"host_staging_ns":2563,"host_launch_ns":15045,"host_wait_ns":2579671,"cuda_graph_span_ns":2592672.110,"event_status":0,"launch_status":0,"completion_status":0}
{"schema":"riley.owned-graph-diagnostic.v1","kind":"read","capture_id":1,"replay_id":478,"host_read_bytes":98344,"host_read_ns":6659}
{"schema":"riley.owned-graph-diagnostic.v1","kind":"replay","capture_id":1,"replay_id":479,"position":1,"host_staging_bytes":98344,"event_setup_ns":535,"host_staging_ns":1753,"host_launch_ns":5875,"host_wait_ns":2671439,"cuda_graph_span_ns":2674592.018,"event_status":0,"launch_status":0,"completion_status":0}
{"schema":"riley.owned-graph-diagnostic.v1","kind":"read","capture_id":1,"replay_id":479,"host_read_bytes":98344,"host_read_ns":5097}
{"schema":"riley.owned-graph-diagnostic.v1","kind":"replay","capture_id":1,"replay_id":480,"position":2,"host_staging_bytes":98344,"event_setup_ns":505,"host_staging_ns":1565,"host_launch_ns":4972,"host_wait_ns":2690918,"cuda_graph_span_ns":2693151.951,"event_status":0,"launch_status":0,"completion_status":0}
{"schema":"riley.owned-graph-diagnostic.v1","kind":"read","capture_id":1,"replay_id":480,"host_read_bytes":98344,"host_read_ns":4794}
{"schema":"riley.owned-graph-diagnostic.v1","kind":"replay","capture_id":1,"replay_id":481,"position":3,"host_staging_bytes":98344,"event_setup_ns":363,"host_staging_ns":1564,"host_launch_ns":4966,"host_wait_ns":2674191,"cuda_graph_span_ns":2676671.982,"event_status":0,"launch_status":0,"completion_status":0}
{"schema":"riley.owned-graph-diagnostic.v1","kind":"read","capture_id":1,"replay_id":481,"host_read_bytes":98344,"host_read_ns":4635}
{"schema":"riley.owned-graph-diagnostic.v1","kind":"replay","capture_id":1,"replay_id":482,"position":4,"host_staging_bytes":98344,"event_setup_ns":482,"host_staging_ns":1549,"host_launch_ns":4751,"host_wait_ns":2677311,"cuda_graph_span_ns":2679424.047,"event_status":0,"launch_status":0,"completion_status":0}
{"schema":"riley.owned-graph-diagnostic.v1","kind":"read","capture_id":1,"replay_id":482,"host_read_bytes":98344,"host_read_ns":4799}
{"schema":"riley.owned-graph-diagnostic.v1","kind":"replay","capture_id":1,"replay_id":483,"position":5,"host_staging_bytes":98344,"event_setup_ns":372,"host_staging_ns":1542,"host_launch_ns":4815,"host_wait_ns":2688510,"cuda_graph_span_ns":2690752.029,"event_status":0,"launch_status":0,"completion_status":0}
{"schema":"riley.owned-graph-diagnostic.v1","kind":"read","capture_id":1,"replay_id":483,"host_read_bytes":98344,"host_read_ns":4614}
{"schema":"riley.owned-graph-diagnostic.v1","kind":"replay","capture_id":1,"replay_id":484,"position":6,"host_staging_bytes":98344,"event_setup_ns":440,"host_staging_ns":1516,"host_launch_ns":4643,"host_wait_ns":2688061,"cuda_graph_span_ns":2689984.083,"event_status":0,"launch_status":0,"completion_status":0}
{"schema":"riley.owned-graph-diagnostic.v1","kind":"read","capture_id":1,"replay_id":484,"host_read_bytes":98344,"host_read_ns":4797}
{"schema":"riley.owned-graph-diagnostic.v1","kind":"replay","capture_id":1,"replay_id":485,"position":7,"host_staging_bytes":98344,"event_setup_ns":277,"host_staging_ns":1525,"host_launch_ns":4765,"host_wait_ns":2682022,"cuda_graph_span_ns":2684063.911,"event_status":0,"launch_status":0,"completion_status":0}
{"schema":"riley.owned-graph-diagnostic.v1","kind":"read","capture_id":1,"replay_id":485,"host_read_bytes":98344,"host_read_ns":4962}
{"schema":"riley.owned-graph-diagnostic.v1","kind":"replay","capture_id":1,"replay_id":486,"position":8,"host_staging_bytes":98344,"event_setup_ns":282,"host_staging_ns":1538,"host_launch_ns":4617,"host_wait_ns":2731597,"cuda_graph_span_ns":2733439.922,"event_status":0,"launch_status":0,"completion_status":0}
{"schema":"riley.owned-graph-diagnostic.v1","kind":"read","capture_id":1,"replay_id":486,"host_read_bytes":98344,"host_read_ns":4762}
{"schema":"riley.owned-graph-diagnostic.v1","kind":"replay","capture_id":1,"replay_id":487,"position":9,"host_staging_bytes":98344,"event_setup_ns":317,"host_staging_ns":1511,"host_launch_ns":4618,"host_wait_ns":2773854,"cuda_graph_span_ns":2775743.961,"event_status":0,"launch_status":0,"completion_status":0}
{"schema":"riley.owned-graph-diagnostic.v1","kind":"read","capture_id":1,"replay_id":487,"host_read_bytes":98344,"host_read_ns":4784}
{"schema":"riley.owned-graph-diagnostic.v1","kind":"replay","capture_id":1,"replay_id":488,"position":10,"host_staging_bytes":98344,"event_setup_ns":357,"host_staging_ns":1540,"host_launch_ns":4621,"host_wait_ns":2772214,"cuda_graph_span_ns":2773888.111,"event_status":0,"launch_status":0,"completion_status":0}
{"schema":"riley.owned-graph-diagnostic.v1","kind":"read","capture_id":1,"replay_id":488,"host_read_bytes":98344,"host_read_ns":5040}
{"schema":"riley.owned-graph-diagnostic.v1","kind":"replay","capture_id":1,"replay_id":489,"position":11,"host_staging_bytes":98344,"event_setup_ns":283,"host_staging_ns":1530,"host_launch_ns":4750,"host_wait_ns":2772189,"cuda_graph_span_ns":2774208.069,"event_status":0,"launch_status":0,"completion_status":0}
{"schema":"riley.owned-graph-diagnostic.v1","kind":"read","capture_id":1,"replay_id":489,"host_read_bytes":98344,"host_read_ns":5397}
{"schema":"riley.owned-graph-diagnostic.v1","kind":"replay","capture_id":1,"replay_id":490,"position":12,"host_staging_bytes":98344,"event_setup_ns":437,"host_staging_ns":1549,"host_launch_ns":4802,"host_wait_ns":2772298,"cuda_graph_span_ns":2774175.882,"event_status":0,"launch_status":0,"completion_status":0}
{"schema":"riley.owned-graph-diagnostic.v1","kind":"read","capture_id":1,"replay_id":490,"host_read_bytes":98344,"host_read_ns":4815}
{"schema":"riley.owned-graph-diagnostic.v1","kind":"replay","capture_id":1,"replay_id":491,"position":13,"host_staging_bytes":98344,"event_setup_ns":390,"host_staging_ns":1527,"host_launch_ns":4923,"host_wait_ns":2767129,"cuda_graph_span_ns":2769311.905,"event_status":0,"launch_status":0,"completion_status":0}
{"schema":"riley.owned-graph-diagnostic.v1","kind":"read","capture_id":1,"replay_id":491,"host_read_bytes":98344,"host_read_ns":4483}
{"schema":"riley.owned-graph-diagnostic.v1","kind":"replay","capture_id":1,"replay_id":492,"position":14,"host_staging_bytes":98344,"event_setup_ns":512,"host_staging_ns":1534,"host_launch_ns":4893,"host_wait_ns":2769431,"cuda_graph_span_ns":2771647.930,"event_status":0,"launch_status":0,"completion_status":0}
{"schema":"riley.owned-graph-diagnostic.v1","kind":"read","capture_id":1,"replay_id":492,"host_read_bytes":98344,"host_read_ns":4640}
{"schema":"riley.owned-graph-diagnostic.v1","kind":"replay","capture_id":1,"replay_id":493,"position":15,"host_staging_bytes":98344,"event_setup_ns":461,"host_staging_ns":1517,"host_launch_ns":4703,"host_wait_ns":2766618,"cuda_graph_span_ns":2768640.041,"event_status":0,"launch_status":0,"completion_status":0}
{"schema":"riley.owned-graph-diagnostic.v1","kind":"read","capture_id":1,"replay_id":493,"host_read_bytes":98344,"host_read_ns":4825}
{"schema":"riley.owned-graph-diagnostic.v1","kind":"replay","capture_id":1,"replay_id":494,"position":16,"host_staging_bytes":98344,"event_setup_ns":325,"host_staging_ns":1517,"host_launch_ns":5152,"host_wait_ns":2825765,"cuda_graph_span_ns":2828128.099,"event_status":0,"launch_status":0,"completion_status":0}
{"schema":"riley.owned-graph-diagnostic.v1","kind":"read","capture_id":1,"replay_id":494,"host_read_bytes":98344,"host_read_ns":4717}
{"schema":"riley.owned-graph-diagnostic.v1","kind":"replay","capture_id":1,"replay_id":495,"position":17,"host_staging_bytes":98344,"event_setup_ns":302,"host_staging_ns":1524,"host_launch_ns":4747,"host_wait_ns":2869719,"cuda_graph_span_ns":2871328.115,"event_status":0,"launch_status":0,"completion_status":0}
{"schema":"riley.owned-graph-diagnostic.v1","kind":"read","capture_id":1,"replay_id":495,"host_read_bytes":98344,"host_read_ns":4957}
{"schema":"riley.owned-graph-diagnostic.v1","kind":"replay","capture_id":1,"replay_id":496,"position":18,"host_staging_bytes":98344,"event_setup_ns":387,"host_staging_ns":1513,"host_launch_ns":4952,"host_wait_ns":2859782,"cuda_graph_span_ns":2861920.118,"event_status":0,"launch_status":0,"completion_status":0}
{"schema":"riley.owned-graph-diagnostic.v1","kind":"read","capture_id":1,"replay_id":496,"host_read_bytes":98344,"host_read_ns":5241}
{"schema":"riley.owned-graph-diagnostic.v1","kind":"replay","capture_id":1,"replay_id":497,"position":19,"host_staging_bytes":98344,"event_setup_ns":300,"host_staging_ns":1521,"host_launch_ns":4913,"host_wait_ns":2863958,"cuda_graph_span_ns":2866240.025,"event_status":0,"launch_status":0,"completion_status":0}
{"schema":"riley.owned-graph-diagnostic.v1","kind":"read","capture_id":1,"replay_id":497,"host_read_bytes":98344,"host_read_ns":4822}
{"schema":"riley.owned-graph-diagnostic.v1","kind":"replay","capture_id":1,"replay_id":498,"position":20,"host_staging_bytes":98344,"event_setup_ns":301,"host_staging_ns":1520,"host_launch_ns":5010,"host_wait_ns":2872620,"cuda_graph_span_ns":2874783.993,"event_status":0,"launch_status":0,"completion_status":0}
{"schema":"riley.owned-graph-diagnostic.v1","kind":"read","capture_id":1,"replay_id":498,"host_read_bytes":98344,"host_read_ns":4621}
{"schema":"riley.owned-graph-diagnostic.v1","kind":"replay","capture_id":1,"replay_id":499,"position":21,"host_staging_bytes":98344,"event_setup_ns":346,"host_staging_ns":1529,"host_launch_ns":4840,"host_wait_ns":2866781,"cuda_graph_span_ns":2868767.977,"event_status":0,"launch_status":0,"completion_status":0}
{"schema":"riley.owned-graph-diagnostic.v1","kind":"read","capture_id":1,"replay_id":499,"host_read_bytes":98344,"host_read_ns":4827}
{"schema":"riley.owned-graph-diagnostic.v1","kind":"replay","capture_id":1,"replay_id":500,"position":22,"host_staging_bytes":98344,"event_setup_ns":499,"host_staging_ns":1533,"host_launch_ns":4711,"host_wait_ns":2858728,"cuda_graph_span_ns":2860863.924,"event_status":0,"launch_status":0,"completion_status":0}
{"schema":"riley.owned-graph-diagnostic.v1","kind":"read","capture_id":1,"replay_id":500,"host_read_bytes":98344,"host_read_ns":5493}
{"schema":"riley.owned-graph-diagnostic.v1","kind":"replay","capture_id":1,"replay_id":501,"position":23,"host_staging_bytes":98344,"event_setup_ns":462,"host_staging_ns":1548,"host_launch_ns":4766,"host_wait_ns":2879026,"cuda_graph_span_ns":2880928.040,"event_status":0,"launch_status":0,"completion_status":0}
{"schema":"riley.owned-graph-diagnostic.v1","kind":"read","capture_id":1,"replay_id":501,"host_read_bytes":98344,"host_read_ns":4883}
{"schema":"riley.owned-graph-diagnostic.v1","kind":"replay","capture_id":1,"replay_id":502,"position":24,"host_staging_bytes":98344,"event_setup_ns":368,"host_staging_ns":1526,"host_launch_ns":4882,"host_wait_ns":2909138,"cuda_graph_span_ns":2911391.973,"event_status":0,"launch_status":0,"completion_status":0}
{"schema":"riley.owned-graph-diagnostic.v1","kind":"read","capture_id":1,"replay_id":502,"host_read_bytes":98344,"host_read_ns":5250}
{"schema":"riley.owned-graph-diagnostic.v1","kind":"replay","capture_id":1,"replay_id":503,"position":25,"host_staging_bytes":98344,"event_setup_ns":279,"host_staging_ns":1533,"host_launch_ns":5107,"host_wait_ns":2932830,"cuda_graph_span_ns":2935136.080,"event_status":0,"launch_status":0,"completion_status":0}
{"schema":"riley.owned-graph-diagnostic.v1","kind":"read","capture_id":1,"replay_id":503,"host_read_bytes":98344,"host_read_ns":4942}
{"schema":"riley.owned-graph-diagnostic.v1","kind":"replay","capture_id":1,"replay_id":504,"position":26,"host_staging_bytes":98344,"event_setup_ns":571,"host_staging_ns":1544,"host_launch_ns":5043,"host_wait_ns":2955719,"cuda_graph_span_ns":2958048.105,"event_status":0,"launch_status":0,"completion_status":0}
{"schema":"riley.owned-graph-diagnostic.v1","kind":"read","capture_id":1,"replay_id":504,"host_read_bytes":98344,"host_read_ns":5178}
{"schema":"riley.owned-graph-diagnostic.v1","kind":"replay","capture_id":1,"replay_id":505,"position":27,"host_staging_bytes":98344,"event_setup_ns":342,"host_staging_ns":1535,"host_launch_ns":5462,"host_wait_ns":2954499,"cuda_graph_span_ns":2956991.911,"event_status":0,"launch_status":0,"completion_status":0}
{"schema":"riley.owned-graph-diagnostic.v1","kind":"read","capture_id":1,"replay_id":505,"host_read_bytes":98344,"host_read_ns":4697}
{"schema":"riley.owned-graph-diagnostic.v1","kind":"replay","capture_id":1,"replay_id":506,"position":28,"host_staging_bytes":98344,"event_setup_ns":397,"host_staging_ns":1534,"host_launch_ns":4905,"host_wait_ns":2967552,"cuda_graph_span_ns":2969664.097,"event_status":0,"launch_status":0,"completion_status":0}
{"schema":"riley.owned-graph-diagnostic.v1","kind":"read","capture_id":1,"replay_id":506,"host_read_bytes":98344,"host_read_ns":5433}
{"schema":"riley.owned-graph-diagnostic.v1","kind":"replay","capture_id":1,"replay_id":507,"position":29,"host_staging_bytes":98344,"event_setup_ns":347,"host_staging_ns":1528,"host_launch_ns":4804,"host_wait_ns":2954804,"cuda_graph_span_ns":2956896.067,"event_status":0,"launch_status":0,"completion_status":0}
{"schema":"riley.owned-graph-diagnostic.v1","kind":"read","capture_id":1,"replay_id":507,"host_read_bytes":98344,"host_read_ns":7821}
{"schema":"riley.owned-graph-diagnostic.v1","kind":"replay","capture_id":1,"replay_id":508,"position":30,"host_staging_bytes":98344,"event_setup_ns":531,"host_staging_ns":1570,"host_launch_ns":5062,"host_wait_ns":2958722,"cuda_graph_span_ns":2961184.025,"event_status":0,"launch_status":0,"completion_status":0}
{"schema":"riley.owned-graph-diagnostic.v1","kind":"read","capture_id":1,"replay_id":508,"host_read_bytes":98344,"host_read_ns":4999}
{"schema":"riley.owned-graph-diagnostic.v1","kind":"replay","capture_id":1,"replay_id":509,"position":31,"host_staging_bytes":98344,"event_setup_ns":454,"host_staging_ns":1610,"host_launch_ns":5109,"host_wait_ns":2954099,"cuda_graph_span_ns":2956511.974,"event_status":0,"launch_status":0,"completion_status":0}
{"schema":"riley.owned-graph-diagnostic.v1","kind":"read","capture_id":1,"replay_id":509,"host_read_bytes":98344,"host_read_ns":5115}
{"schema":"riley.owned-graph-diagnostic.v1","kind":"replay","capture_id":1,"replay_id":510,"position":32,"host_staging_bytes":98344,"event_setup_ns":418,"host_staging_ns":1548,"host_launch_ns":5187,"host_wait_ns":3010888,"cuda_graph_span_ns":3013184.071,"event_status":0,"launch_status":0,"completion_status":0}
{"schema":"riley.owned-graph-diagnostic.v1","kind":"read","capture_id":1,"replay_id":510,"host_read_bytes":98344,"host_read_ns":4833}
{"schema":"riley.owned-graph-diagnostic.v1","kind":"replay","capture_id":1,"replay_id":511,"position":33,"host_staging_bytes":98344,"event_setup_ns":422,"host_staging_ns":1534,"host_launch_ns":4871,"host_wait_ns":3048175,"cuda_graph_span_ns":3049792.051,"event_status":0,"launch_status":0,"completion_status":0}
{"schema":"riley.owned-graph-diagnostic.v1","kind":"read","capture_id":1,"replay_id":511,"host_read_bytes":98344,"host_read_ns":4892}
{"schema":"riley.owned-graph-diagnostic.v1","kind":"replay","capture_id":1,"replay_id":512,"position":34,"host_staging_bytes":98344,"event_setup_ns":516,"host_staging_ns":1533,"host_launch_ns":5407,"host_wait_ns":3052798,"cuda_graph_span_ns":3055263.996,"event_status":0,"launch_status":0,"completion_status":0}
{"schema":"riley.owned-graph-diagnostic.v1","kind":"read","capture_id":1,"replay_id":512,"host_read_bytes":98344,"host_read_ns":5115}
{"schema":"riley.owned-graph-diagnostic.v1","kind":"replay","capture_id":1,"replay_id":513,"position":35,"host_staging_bytes":98344,"event_setup_ns":493,"host_staging_ns":1530,"host_launch_ns":5078,"host_wait_ns":3058097,"cuda_graph_span_ns":3060319.901,"event_status":0,"launch_status":0,"completion_status":0}
{"schema":"riley.owned-graph-diagnostic.v1","kind":"read","capture_id":1,"replay_id":513,"host_read_bytes":98344,"host_read_ns":4829}
{"schema":"riley.owned-graph-diagnostic.v1","kind":"replay","capture_id":1,"replay_id":514,"position":36,"host_staging_bytes":98344,"event_setup_ns":488,"host_staging_ns":1532,"host_launch_ns":4974,"host_wait_ns":3061554,"cuda_graph_span_ns":3063904.047,"event_status":0,"launch_status":0,"completion_status":0}
{"schema":"riley.owned-graph-diagnostic.v1","kind":"read","capture_id":1,"replay_id":514,"host_read_bytes":98344,"host_read_ns":4864}
{"schema":"riley.owned-graph-diagnostic.v1","kind":"replay","capture_id":1,"replay_id":515,"position":37,"host_staging_bytes":98344,"event_setup_ns":511,"host_staging_ns":1538,"host_launch_ns":5286,"host_wait_ns":3058055,"cuda_graph_span_ns":3060575.962,"event_status":0,"launch_status":0,"completion_status":0}
{"schema":"riley.owned-graph-diagnostic.v1","kind":"read","capture_id":1,"replay_id":515,"host_read_bytes":98344,"host_read_ns":4693}
{"schema":"riley.owned-graph-diagnostic.v1","kind":"replay","capture_id":1,"replay_id":516,"position":38,"host_staging_bytes":98344,"event_setup_ns":281,"host_staging_ns":1513,"host_launch_ns":5181,"host_wait_ns":3063510,"cuda_graph_span_ns":3065792.084,"event_status":0,"launch_status":0,"completion_status":0}
{"schema":"riley.owned-graph-diagnostic.v1","kind":"read","capture_id":1,"replay_id":516,"host_read_bytes":98344,"host_read_ns":4610}
{"schema":"riley.owned-graph-diagnostic.v1","kind":"replay","capture_id":1,"replay_id":517,"position":39,"host_staging_bytes":98344,"event_setup_ns":423,"host_staging_ns":1512,"host_launch_ns":4935,"host_wait_ns":3061001,"cuda_graph_span_ns":3063328.028,"event_status":0,"launch_status":0,"completion_status":0}
{"schema":"riley.owned-graph-diagnostic.v1","kind":"read","capture_id":1,"replay_id":517,"host_read_bytes":98344,"host_read_ns":4623}
{"schema":"riley.owned-graph-diagnostic.v1","kind":"replay","capture_id":1,"replay_id":518,"position":40,"host_staging_bytes":98344,"event_setup_ns":281,"host_staging_ns":1529,"host_launch_ns":4678,"host_wait_ns":3111137,"cuda_graph_span_ns":3113055.944,"event_status":0,"launch_status":0,"completion_status":0}
{"schema":"riley.owned-graph-diagnostic.v1","kind":"read","capture_id":1,"replay_id":518,"host_read_bytes":98344,"host_read_ns":5208}
{"schema":"riley.owned-graph-diagnostic.v1","kind":"replay","capture_id":1,"replay_id":519,"position":41,"host_staging_bytes":98344,"event_setup_ns":578,"host_staging_ns":1620,"host_launch_ns":5871,"host_wait_ns":3133176,"cuda_graph_span_ns":3136480.093,"event_status":0,"launch_status":0,"completion_status":0}
{"schema":"riley.owned-graph-diagnostic.v1","kind":"read","capture_id":1,"replay_id":519,"host_read_bytes":98344,"host_read_ns":5062}
{"schema":"riley.owned-graph-diagnostic.v1","kind":"replay","capture_id":1,"replay_id":520,"position":42,"host_staging_bytes":98344,"event_setup_ns":552,"host_staging_ns":1623,"host_launch_ns":5379,"host_wait_ns":3148330,"cuda_graph_span_ns":3151040.077,"event_status":0,"launch_status":0,"completion_status":0}
{"schema":"riley.owned-graph-diagnostic.v1","kind":"read","capture_id":1,"replay_id":520,"host_read_bytes":98344,"host_read_ns":4628}
{"schema":"riley.owned-graph-diagnostic.v1","kind":"replay","capture_id":1,"replay_id":521,"position":43,"host_staging_bytes":98344,"event_setup_ns":340,"host_staging_ns":1566,"host_launch_ns":5321,"host_wait_ns":3140176,"cuda_graph_span_ns":3142784.119,"event_status":0,"launch_status":0,"completion_status":0}
{"schema":"riley.owned-graph-diagnostic.v1","kind":"read","capture_id":1,"replay_id":521,"host_read_bytes":98344,"host_read_ns":4676}
{"schema":"riley.owned-graph-diagnostic.v1","kind":"replay","capture_id":1,"replay_id":522,"position":44,"host_staging_bytes":98344,"event_setup_ns":557,"host_staging_ns":1537,"host_launch_ns":5240,"host_wait_ns":3137978,"cuda_graph_span_ns":3140223.980,"event_status":0,"launch_status":0,"completion_status":0}
{"schema":"riley.owned-graph-diagnostic.v1","kind":"read","capture_id":1,"replay_id":522,"host_read_bytes":98344,"host_read_ns":5327}
{"schema":"riley.owned-graph-diagnostic.v1","kind":"replay","capture_id":1,"replay_id":523,"position":45,"host_staging_bytes":98344,"event_setup_ns":315,"host_staging_ns":1537,"host_launch_ns":5215,"host_wait_ns":3147483,"cuda_graph_span_ns":3149888.039,"event_status":0,"launch_status":0,"completion_status":0}
{"schema":"riley.owned-graph-diagnostic.v1","kind":"read","capture_id":1,"replay_id":523,"host_read_bytes":98344,"host_read_ns":4252}
{"schema":"riley.owned-graph-diagnostic.v1","kind":"replay","capture_id":1,"replay_id":524,"position":46,"host_staging_bytes":98344,"event_setup_ns":597,"host_staging_ns":1539,"host_launch_ns":4969,"host_wait_ns":3138768,"cuda_graph_span_ns":3140991.926,"event_status":0,"launch_status":0,"completion_status":0}
{"schema":"riley.owned-graph-diagnostic.v1","kind":"read","capture_id":1,"replay_id":524,"host_read_bytes":98344,"host_read_ns":4830}
{"schema":"riley.owned-graph-diagnostic.v1","kind":"replay","capture_id":1,"replay_id":525,"position":47,"host_staging_bytes":98344,"event_setup_ns":379,"host_staging_ns":1526,"host_launch_ns":5024,"host_wait_ns":3138844,"cuda_graph_span_ns":3140928.030,"event_status":0,"launch_status":0,"completion_status":0}
{"schema":"riley.owned-graph-diagnostic.v1","kind":"read","capture_id":1,"replay_id":525,"host_read_bytes":98344,"host_read_ns":4588}
{"schema":"riley.owned-graph-diagnostic.v1","kind":"replay","capture_id":1,"replay_id":526,"position":48,"host_staging_bytes":98344,"event_setup_ns":272,"host_staging_ns":1551,"host_launch_ns":4739,"host_wait_ns":3210160,"cuda_graph_span_ns":3212224.007,"event_status":0,"launch_status":0,"completion_status":0}
{"schema":"riley.owned-graph-diagnostic.v1","kind":"read","capture_id":1,"replay_id":526,"host_read_bytes":98344,"host_read_ns":4215}
{"schema":"riley.owned-graph-diagnostic.v1","kind":"replay","capture_id":1,"replay_id":527,"position":49,"host_staging_bytes":98344,"event_setup_ns":557,"host_staging_ns":1542,"host_launch_ns":4784,"host_wait_ns":3245372,"cuda_graph_span_ns":3247679.949,"event_status":0,"launch_status":0,"completion_status":0}
{"schema":"riley.owned-graph-diagnostic.v1","kind":"read","capture_id":1,"replay_id":527,"host_read_bytes":98344,"host_read_ns":4218}
{"schema":"riley.owned-graph-diagnostic.v1","kind":"replay","capture_id":1,"replay_id":528,"position":50,"host_staging_bytes":98344,"event_setup_ns":302,"host_staging_ns":1554,"host_launch_ns":5156,"host_wait_ns":3241175,"cuda_graph_span_ns":3243520.021,"event_status":0,"launch_status":0,"completion_status":0}
{"schema":"riley.owned-graph-diagnostic.v1","kind":"read","capture_id":1,"replay_id":528,"host_read_bytes":98344,"host_read_ns":4245}
{"schema":"riley.owned-graph-diagnostic.v1","kind":"replay","capture_id":1,"replay_id":529,"position":51,"host_staging_bytes":98344,"event_setup_ns":307,"host_staging_ns":1503,"host_launch_ns":8049,"host_wait_ns":3242406,"cuda_graph_span_ns":3247679.949,"event_status":0,"launch_status":0,"completion_status":0}
{"schema":"riley.owned-graph-diagnostic.v1","kind":"read","capture_id":1,"replay_id":529,"host_read_bytes":98344,"host_read_ns":4768}
{"schema":"riley.owned-graph-diagnostic.v1","kind":"replay","capture_id":1,"replay_id":530,"position":52,"host_staging_bytes":98344,"event_setup_ns":356,"host_staging_ns":1542,"host_launch_ns":5229,"host_wait_ns":3250901,"cuda_graph_span_ns":3253407.955,"event_status":0,"launch_status":0,"completion_status":0}
{"schema":"riley.owned-graph-diagnostic.v1","kind":"read","capture_id":1,"replay_id":530,"host_read_bytes":98344,"host_read_ns":4580}
{"schema":"riley.owned-graph-diagnostic.v1","kind":"replay","capture_id":1,"replay_id":531,"position":53,"host_staging_bytes":98344,"event_setup_ns":373,"host_staging_ns":1513,"host_launch_ns":4851,"host_wait_ns":3256831,"cuda_graph_span_ns":3259007.931,"event_status":0,"launch_status":0,"completion_status":0}
{"schema":"riley.owned-graph-diagnostic.v1","kind":"read","capture_id":1,"replay_id":531,"host_read_bytes":98344,"host_read_ns":5910}
{"schema":"riley.owned-graph-diagnostic.v1","kind":"replay","capture_id":1,"replay_id":532,"position":54,"host_staging_bytes":98344,"event_setup_ns":460,"host_staging_ns":1739,"host_launch_ns":5694,"host_wait_ns":3246016,"cuda_graph_span_ns":3248543.978,"event_status":0,"launch_status":0,"completion_status":0}
{"schema":"riley.owned-graph-diagnostic.v1","kind":"read","capture_id":1,"replay_id":532,"host_read_bytes":98344,"host_read_ns":5791}
{"schema":"riley.owned-graph-diagnostic.v1","kind":"replay","capture_id":1,"replay_id":533,"position":55,"host_staging_bytes":98344,"event_setup_ns":389,"host_staging_ns":1672,"host_launch_ns":5222,"host_wait_ns":3252561,"cuda_graph_span_ns":3254911.900,"event_status":0,"launch_status":0,"completion_status":0}
{"schema":"riley.owned-graph-diagnostic.v1","kind":"read","capture_id":1,"replay_id":533,"host_read_bytes":98344,"host_read_ns":4670}
{"schema":"riley.owned-graph-diagnostic.v1","kind":"replay","capture_id":1,"replay_id":534,"position":56,"host_staging_bytes":98344,"event_setup_ns":353,"host_staging_ns":1559,"host_launch_ns":5358,"host_wait_ns":3285261,"cuda_graph_span_ns":3287872.076,"event_status":0,"launch_status":0,"completion_status":0}
{"schema":"riley.owned-graph-diagnostic.v1","kind":"read","capture_id":1,"replay_id":534,"host_read_bytes":98344,"host_read_ns":4291}
{"schema":"riley.owned-graph-diagnostic.v1","kind":"replay","capture_id":1,"replay_id":535,"position":57,"host_staging_bytes":98344,"event_setup_ns":412,"host_staging_ns":1566,"host_launch_ns":5726,"host_wait_ns":3320585,"cuda_graph_span_ns":3323328.018,"event_status":0,"launch_status":0,"completion_status":0}
{"schema":"riley.owned-graph-diagnostic.v1","kind":"read","capture_id":1,"replay_id":535,"host_read_bytes":98344,"host_read_ns":4938}
{"schema":"riley.owned-graph-diagnostic.v1","kind":"replay","capture_id":1,"replay_id":536,"position":58,"host_staging_bytes":98344,"event_setup_ns":438,"host_staging_ns":1593,"host_launch_ns":5474,"host_wait_ns":3327689,"cuda_graph_span_ns":3330399.990,"event_status":0,"launch_status":0,"completion_status":0}
{"schema":"riley.owned-graph-diagnostic.v1","kind":"read","capture_id":1,"replay_id":536,"host_read_bytes":98344,"host_read_ns":5163}
{"schema":"riley.owned-graph-diagnostic.v1","kind":"replay","capture_id":1,"replay_id":537,"position":59,"host_staging_bytes":98344,"event_setup_ns":349,"host_staging_ns":1526,"host_launch_ns":5248,"host_wait_ns":3343844,"cuda_graph_span_ns":3346080.065,"event_status":0,"launch_status":0,"completion_status":0}
{"schema":"riley.owned-graph-diagnostic.v1","kind":"read","capture_id":1,"replay_id":537,"host_read_bytes":98344,"host_read_ns":5417}
{"schema":"riley.owned-graph-diagnostic.v1","kind":"replay","capture_id":1,"replay_id":538,"position":60,"host_staging_bytes":98344,"event_setup_ns":357,"host_staging_ns":1630,"host_launch_ns":5156,"host_wait_ns":3332113,"cuda_graph_span_ns":3334208.012,"event_status":0,"launch_status":0,"completion_status":0}
{"schema":"riley.owned-graph-diagnostic.v1","kind":"read","capture_id":1,"replay_id":538,"host_read_bytes":98344,"host_read_ns":5251}
{"schema":"riley.owned-graph-diagnostic.v1","kind":"replay","capture_id":1,"replay_id":539,"position":61,"host_staging_bytes":98344,"event_setup_ns":581,"host_staging_ns":1580,"host_launch_ns":5306,"host_wait_ns":3354947,"cuda_graph_span_ns":3357568.026,"event_status":0,"launch_status":0,"completion_status":0}
{"schema":"riley.owned-graph-diagnostic.v1","kind":"read","capture_id":1,"replay_id":539,"host_read_bytes":98344,"host_read_ns":5441}
{"schema":"riley.owned-graph-diagnostic.v1","kind":"replay","capture_id":1,"replay_id":540,"position":62,"host_staging_bytes":98344,"event_setup_ns":697,"host_staging_ns":1745,"host_launch_ns":6255,"host_wait_ns":3332837,"cuda_graph_span_ns":3336479.902,"event_status":0,"launch_status":0,"completion_status":0}
{"schema":"riley.owned-graph-diagnostic.v1","kind":"read","capture_id":1,"replay_id":540,"host_read_bytes":98344,"host_read_ns":5406}
{"schema":"riley.owned-graph-diagnostic.v1","kind":"replay","capture_id":1,"replay_id":541,"position":63,"host_staging_bytes":98344,"event_setup_ns":540,"host_staging_ns":1587,"host_launch_ns":5342,"host_wait_ns":3322711,"cuda_graph_span_ns":3325599.909,"event_status":0,"launch_status":0,"completion_status":0}
{"schema":"riley.owned-graph-diagnostic.v1","kind":"read","capture_id":1,"replay_id":541,"host_read_bytes":98344,"host_read_ns":5114}
{"schema":"riley.owned-graph-diagnostic.v1","kind":"replay","capture_id":1,"replay_id":542,"position":64,"host_staging_bytes":98344,"event_setup_ns":631,"host_staging_ns":1626,"host_launch_ns":5554,"host_wait_ns":3393378,"cuda_graph_span_ns":3395967.960,"event_status":0,"launch_status":0,"completion_status":0}
{"schema":"riley.owned-graph-diagnostic.v1","kind":"read","capture_id":1,"replay_id":542,"host_read_bytes":98344,"host_read_ns":5269}
{"schema":"riley.owned-graph-diagnostic.v1","kind":"replay","capture_id":1,"replay_id":543,"position":65,"host_staging_bytes":98344,"event_setup_ns":514,"host_staging_ns":1658,"host_launch_ns":5858,"host_wait_ns":3432394,"cuda_graph_span_ns":3435391.903,"event_status":0,"launch_status":0,"completion_status":0}
{"schema":"riley.owned-graph-diagnostic.v1","kind":"read","capture_id":1,"replay_id":543,"host_read_bytes":98344,"host_read_ns":5832}
{"schema":"riley.owned-graph-diagnostic.v1","kind":"replay","capture_id":1,"replay_id":544,"position":66,"host_staging_bytes":98344,"event_setup_ns":815,"host_staging_ns":1742,"host_launch_ns":6424,"host_wait_ns":3434177,"cuda_graph_span_ns":3437824.011,"event_status":0,"launch_status":0,"completion_status":0}
{"schema":"riley.owned-graph-diagnostic.v1","kind":"read","capture_id":1,"replay_id":544,"host_read_bytes":98344,"host_read_ns":5226}
{"schema":"riley.owned-graph-diagnostic.v1","kind":"replay","capture_id":1,"replay_id":545,"position":67,"host_staging_bytes":98344,"event_setup_ns":375,"host_staging_ns":1808,"host_launch_ns":5987,"host_wait_ns":3450452,"cuda_graph_span_ns":3453599.930,"event_status":0,"launch_status":0,"completion_status":0}
{"schema":"riley.owned-graph-diagnostic.v1","kind":"read","capture_id":1,"replay_id":545,"host_read_bytes":98344,"host_read_ns":5272}
{"schema":"riley.owned-graph-diagnostic.v1","kind":"replay","capture_id":1,"replay_id":546,"position":68,"host_staging_bytes":98344,"event_setup_ns":508,"host_staging_ns":1793,"host_launch_ns":6124,"host_wait_ns":3433500,"cuda_graph_span_ns":3437056.065,"event_status":0,"launch_status":0,"completion_status":0}
{"schema":"riley.owned-graph-diagnostic.v1","kind":"read","capture_id":1,"replay_id":546,"host_read_bytes":98344,"host_read_ns":5114}
{"schema":"riley.owned-graph-diagnostic.v1","kind":"replay","capture_id":1,"replay_id":547,"position":69,"host_staging_bytes":98344,"event_setup_ns":634,"host_staging_ns":1859,"host_launch_ns":6938,"host_wait_ns":3437989,"cuda_graph_span_ns":3442240.000,"event_status":0,"launch_status":0,"completion_status":0}
{"schema":"riley.owned-graph-diagnostic.v1","kind":"read","capture_id":1,"replay_id":547,"host_read_bytes":98344,"host_read_ns":4686}
{"schema":"riley.owned-graph-diagnostic.v1","kind":"replay","capture_id":1,"replay_id":548,"position":70,"host_staging_bytes":98344,"event_setup_ns":453,"host_staging_ns":1641,"host_launch_ns":5674,"host_wait_ns":3441336,"cuda_graph_span_ns":3444128.036,"event_status":0,"launch_status":0,"completion_status":0}
{"schema":"riley.owned-graph-diagnostic.v1","kind":"read","capture_id":1,"replay_id":548,"host_read_bytes":98344,"host_read_ns":4758}
{"schema":"riley.owned-graph-diagnostic.v1","kind":"replay","capture_id":1,"replay_id":549,"position":71,"host_staging_bytes":98344,"event_setup_ns":497,"host_staging_ns":1713,"host_launch_ns":5733,"host_wait_ns":3433816,"cuda_graph_span_ns":3436608.076,"event_status":0,"launch_status":0,"completion_status":0}
{"schema":"riley.owned-graph-diagnostic.v1","kind":"read","capture_id":1,"replay_id":549,"host_read_bytes":98344,"host_read_ns":5064}
{"schema":"riley.owned-graph-diagnostic.v1","kind":"replay","capture_id":1,"replay_id":550,"position":72,"host_staging_bytes":98344,"event_setup_ns":394,"host_staging_ns":1598,"host_launch_ns":5194,"host_wait_ns":3483329,"cuda_graph_span_ns":3485856.056,"event_status":0,"launch_status":0,"completion_status":0}
{"schema":"riley.owned-graph-diagnostic.v1","kind":"read","capture_id":1,"replay_id":550,"host_read_bytes":98344,"host_read_ns":4984}
{"schema":"riley.owned-graph-diagnostic.v1","kind":"replay","capture_id":1,"replay_id":551,"position":73,"host_staging_bytes":98344,"event_setup_ns":334,"host_staging_ns":1550,"host_launch_ns":5486,"host_wait_ns":3524582,"cuda_graph_span_ns":3527136.087,"event_status":0,"launch_status":0,"completion_status":0}
{"schema":"riley.owned-graph-diagnostic.v1","kind":"read","capture_id":1,"replay_id":551,"host_read_bytes":98344,"host_read_ns":4787}
{"schema":"riley.owned-graph-diagnostic.v1","kind":"replay","capture_id":1,"replay_id":552,"position":74,"host_staging_bytes":98344,"event_setup_ns":302,"host_staging_ns":1663,"host_launch_ns":5614,"host_wait_ns":3525075,"cuda_graph_span_ns":3527807.951,"event_status":0,"launch_status":0,"completion_status":0}
{"schema":"riley.owned-graph-diagnostic.v1","kind":"read","capture_id":1,"replay_id":552,"host_read_bytes":98344,"host_read_ns":5223}
{"schema":"riley.owned-graph-diagnostic.v1","kind":"replay","capture_id":1,"replay_id":553,"position":75,"host_staging_bytes":98344,"event_setup_ns":427,"host_staging_ns":1633,"host_launch_ns":5677,"host_wait_ns":3524315,"cuda_graph_span_ns":3527136.087,"event_status":0,"launch_status":0,"completion_status":0}
{"schema":"riley.owned-graph-diagnostic.v1","kind":"read","capture_id":1,"replay_id":553,"host_read_bytes":98344,"host_read_ns":4715}
{"schema":"riley.owned-graph-diagnostic.v1","kind":"replay","capture_id":1,"replay_id":554,"position":76,"host_staging_bytes":98344,"event_setup_ns":351,"host_staging_ns":1627,"host_launch_ns":5051,"host_wait_ns":3523436,"cuda_graph_span_ns":3525887.966,"event_status":0,"launch_status":0,"completion_status":0}
{"schema":"riley.owned-graph-diagnostic.v1","kind":"read","capture_id":1,"replay_id":554,"host_read_bytes":98344,"host_read_ns":5139}
{"schema":"riley.owned-graph-diagnostic.v1","kind":"replay","capture_id":1,"replay_id":555,"position":77,"host_staging_bytes":98344,"event_setup_ns":343,"host_staging_ns":1603,"host_launch_ns":5232,"host_wait_ns":3525458,"cuda_graph_span_ns":3528000.116,"event_status":0,"launch_status":0,"completion_status":0}
{"schema":"riley.owned-graph-diagnostic.v1","kind":"read","capture_id":1,"replay_id":555,"host_read_bytes":98344,"host_read_ns":5228}
{"schema":"riley.owned-graph-diagnostic.v1","kind":"replay","capture_id":1,"replay_id":556,"position":78,"host_staging_bytes":98344,"event_setup_ns":517,"host_staging_ns":1576,"host_launch_ns":5226,"host_wait_ns":3536888,"cuda_graph_span_ns":3539295.912,"event_status":0,"launch_status":0,"completion_status":0}
{"schema":"riley.owned-graph-diagnostic.v1","kind":"read","capture_id":1,"replay_id":556,"host_read_bytes":98344,"host_read_ns":5457}
{"schema":"riley.owned-graph-diagnostic.v1","kind":"replay","capture_id":1,"replay_id":557,"position":79,"host_staging_bytes":98344,"event_setup_ns":628,"host_staging_ns":1724,"host_launch_ns":6023,"host_wait_ns":3531978,"cuda_graph_span_ns":3535007.954,"event_status":0,"launch_status":0,"completion_status":0}
{"schema":"riley.owned-graph-diagnostic.v1","kind":"read","capture_id":1,"replay_id":557,"host_read_bytes":98344,"host_read_ns":5913}
{"schema":"riley.owned-graph-diagnostic.v1","kind":"replay","capture_id":1,"replay_id":558,"position":80,"host_staging_bytes":98344,"event_setup_ns":724,"host_staging_ns":1740,"host_launch_ns":6225,"host_wait_ns":3579890,"cuda_graph_span_ns":3582720.041,"event_status":0,"launch_status":0,"completion_status":0}
{"schema":"riley.owned-graph-diagnostic.v1","kind":"read","capture_id":1,"replay_id":558,"host_read_bytes":98344,"host_read_ns":5472}
{"schema":"riley.owned-graph-diagnostic.v1","kind":"replay","capture_id":1,"replay_id":559,"position":81,"host_staging_bytes":98344,"event_setup_ns":500,"host_staging_ns":1878,"host_launch_ns":6524,"host_wait_ns":3617813,"cuda_graph_span_ns":3621279.955,"event_status":0,"launch_status":0,"completion_status":0}
{"schema":"riley.owned-graph-diagnostic.v1","kind":"read","capture_id":1,"replay_id":559,"host_read_bytes":98344,"host_read_ns":5311}
{"schema":"riley.owned-graph-diagnostic.v1","kind":"replay","capture_id":1,"replay_id":560,"position":82,"host_staging_bytes":98344,"event_setup_ns":547,"host_staging_ns":1827,"host_launch_ns":6379,"host_wait_ns":3631656,"cuda_graph_span_ns":3635071.993,"event_status":0,"launch_status":0,"completion_status":0}
{"schema":"riley.owned-graph-diagnostic.v1","kind":"read","capture_id":1,"replay_id":560,"host_read_bytes":98344,"host_read_ns":5017}
{"schema":"riley.owned-graph-diagnostic.v1","kind":"replay","capture_id":1,"replay_id":561,"position":83,"host_staging_bytes":98344,"event_setup_ns":445,"host_staging_ns":1679,"host_launch_ns":5190,"host_wait_ns":3632153,"cuda_graph_span_ns":3634560.108,"event_status":0,"launch_status":0,"completion_status":0}
{"schema":"riley.owned-graph-diagnostic.v1","kind":"read","capture_id":1,"replay_id":561,"host_read_bytes":98344,"host_read_ns":6137}
{"schema":"riley.owned-graph-diagnostic.v1","kind":"replay","capture_id":1,"replay_id":562,"position":84,"host_staging_bytes":98344,"event_setup_ns":534,"host_staging_ns":2232,"host_launch_ns":7253,"host_wait_ns":3649255,"cuda_graph_span_ns":3653471.947,"event_status":0,"launch_status":0,"completion_status":0}
{"schema":"riley.owned-graph-diagnostic.v1","kind":"read","capture_id":1,"replay_id":562,"host_read_bytes":98344,"host_read_ns":6035}
{"schema":"riley.owned-graph-diagnostic.v1","kind":"replay","capture_id":1,"replay_id":563,"position":85,"host_staging_bytes":98344,"event_setup_ns":672,"host_staging_ns":2131,"host_launch_ns":6280,"host_wait_ns":3628717,"cuda_graph_span_ns":3632191.896,"event_status":0,"launch_status":0,"completion_status":0}
{"schema":"riley.owned-graph-diagnostic.v1","kind":"read","capture_id":1,"replay_id":563,"host_read_bytes":98344,"host_read_ns":5124}
{"schema":"riley.owned-graph-diagnostic.v1","kind":"replay","capture_id":1,"replay_id":564,"position":86,"host_staging_bytes":98344,"event_setup_ns":385,"host_staging_ns":1729,"host_launch_ns":6004,"host_wait_ns":3636957,"cuda_graph_span_ns":3640064.001,"event_status":0,"launch_status":0,"completion_status":0}
{"schema":"riley.owned-graph-diagnostic.v1","kind":"read","capture_id":1,"replay_id":564,"host_read_bytes":98344,"host_read_ns":5520}
{"schema":"riley.owned-graph-diagnostic.v1","kind":"replay","capture_id":1,"replay_id":565,"position":87,"host_staging_bytes":98344,"event_setup_ns":441,"host_staging_ns":1753,"host_launch_ns":6459,"host_wait_ns":3626826,"cuda_graph_span_ns":3630304.098,"event_status":0,"launch_status":0,"completion_status":0}
{"schema":"riley.owned-graph-diagnostic.v1","kind":"read","capture_id":1,"replay_id":565,"host_read_bytes":98344,"host_read_ns":5166}
{"schema":"riley.owned-graph-diagnostic.v1","kind":"replay","capture_id":1,"replay_id":566,"position":88,"host_staging_bytes":98344,"event_setup_ns":437,"host_staging_ns":1724,"host_launch_ns":5391,"host_wait_ns":3684196,"cuda_graph_span_ns":3686559.916,"event_status":0,"launch_status":0,"completion_status":0}
{"schema":"riley.owned-graph-diagnostic.v1","kind":"read","capture_id":1,"replay_id":566,"host_read_bytes":98344,"host_read_ns":5026}
{"schema":"riley.owned-graph-diagnostic.v1","kind":"replay","capture_id":1,"replay_id":567,"position":89,"host_staging_bytes":98344,"event_setup_ns":648,"host_staging_ns":1639,"host_launch_ns":5844,"host_wait_ns":3713180,"cuda_graph_span_ns":3716160.059,"event_status":0,"launch_status":0,"completion_status":0}
{"schema":"riley.owned-graph-diagnostic.v1","kind":"read","capture_id":1,"replay_id":567,"host_read_bytes":98344,"host_read_ns":5736}
{"schema":"riley.owned-graph-diagnostic.v1","kind":"replay","capture_id":1,"replay_id":568,"position":90,"host_staging_bytes":98344,"event_setup_ns":544,"host_staging_ns":1627,"host_launch_ns":5583,"host_wait_ns":3718047,"cuda_graph_span_ns":3720704.079,"event_status":0,"launch_status":0,"completion_status":0}
{"schema":"riley.owned-graph-diagnostic.v1","kind":"read","capture_id":1,"replay_id":568,"host_read_bytes":98344,"host_read_ns":5086}
{"schema":"riley.owned-graph-diagnostic.v1","kind":"replay","capture_id":1,"replay_id":569,"position":91,"host_staging_bytes":98344,"event_setup_ns":510,"host_staging_ns":1587,"host_launch_ns":5941,"host_wait_ns":3720255,"cuda_graph_span_ns":3723423.958,"event_status":0,"launch_status":0,"completion_status":0}
{"schema":"riley.owned-graph-diagnostic.v1","kind":"read","capture_id":1,"replay_id":569,"host_read_bytes":98344,"host_read_ns":4987}
{"schema":"riley.owned-graph-diagnostic.v1","kind":"replay","capture_id":1,"replay_id":570,"position":92,"host_staging_bytes":98344,"event_setup_ns":360,"host_staging_ns":1554,"host_launch_ns":5430,"host_wait_ns":3711678,"cuda_graph_span_ns":3714303.970,"event_status":0,"launch_status":0,"completion_status":0}
{"schema":"riley.owned-graph-diagnostic.v1","kind":"read","capture_id":1,"replay_id":570,"host_read_bytes":98344,"host_read_ns":4827}
{"schema":"riley.owned-graph-diagnostic.v1","kind":"replay","capture_id":1,"replay_id":571,"position":93,"host_staging_bytes":98344,"event_setup_ns":411,"host_staging_ns":1560,"host_launch_ns":4907,"host_wait_ns":3719442,"cuda_graph_span_ns":3721600.056,"event_status":0,"launch_status":0,"completion_status":0}
{"schema":"riley.owned-graph-diagnostic.v1","kind":"read","capture_id":1,"replay_id":571,"host_read_bytes":98344,"host_read_ns":4798}
{"schema":"riley.owned-graph-diagnostic.v1","kind":"replay","capture_id":1,"replay_id":572,"position":94,"host_staging_bytes":98344,"event_setup_ns":401,"host_staging_ns":1541,"host_launch_ns":4957,"host_wait_ns":3724124,"cuda_graph_span_ns":3726176.023,"event_status":0,"launch_status":0,"completion_status":0}
{"schema":"riley.owned-graph-diagnostic.v1","kind":"read","capture_id":1,"replay_id":572,"host_read_bytes":98344,"host_read_ns":4596}
{"schema":"riley.owned-graph-diagnostic.v1","kind":"replay","capture_id":1,"replay_id":573,"position":95,"host_staging_bytes":98344,"event_setup_ns":394,"host_staging_ns":1540,"host_launch_ns":4898,"host_wait_ns":3728385,"cuda_graph_span_ns":3730432.034,"event_status":0,"launch_status":0,"completion_status":0}
{"schema":"riley.owned-graph-diagnostic.v1","kind":"read","capture_id":1,"replay_id":573,"host_read_bytes":98344,"host_read_ns":4888}
{"schema":"riley.owned-graph-diagnostic.v1","kind":"replay","capture_id":1,"replay_id":574,"position":96,"host_staging_bytes":98344,"event_setup_ns":365,"host_staging_ns":1522,"host_launch_ns":4932,"host_wait_ns":3779603,"cuda_graph_span_ns":3781663.895,"event_status":0,"launch_status":0,"completion_status":0}
{"schema":"riley.owned-graph-diagnostic.v1","kind":"read","capture_id":1,"replay_id":574,"host_read_bytes":98344,"host_read_ns":4973}
{"schema":"riley.owned-graph-diagnostic.v1","kind":"replay","capture_id":1,"replay_id":575,"position":97,"host_staging_bytes":98344,"event_setup_ns":532,"host_staging_ns":1541,"host_launch_ns":4926,"host_wait_ns":3825062,"cuda_graph_span_ns":3827199.936,"event_status":0,"launch_status":0,"completion_status":0}
{"schema":"riley.owned-graph-diagnostic.v1","kind":"read","capture_id":1,"replay_id":575,"host_read_bytes":98344,"host_read_ns":4989}
{"schema":"riley.owned-graph-diagnostic.v1","kind":"replay","capture_id":1,"replay_id":576,"position":98,"host_staging_bytes":98344,"event_setup_ns":380,"host_staging_ns":1554,"host_launch_ns":4738,"host_wait_ns":3826181,"cuda_graph_span_ns":3828191.996,"event_status":0,"launch_status":0,"completion_status":0}
{"schema":"riley.owned-graph-diagnostic.v1","kind":"read","capture_id":1,"replay_id":576,"host_read_bytes":98344,"host_read_ns":4873}
{"schema":"riley.owned-graph-diagnostic.v1","kind":"replay","capture_id":1,"replay_id":577,"position":99,"host_staging_bytes":98344,"event_setup_ns":403,"host_staging_ns":1533,"host_launch_ns":4874,"host_wait_ns":3825787,"cuda_graph_span_ns":3827872.038,"event_status":0,"launch_status":0,"completion_status":0}
{"schema":"riley.owned-graph-diagnostic.v1","kind":"read","capture_id":1,"replay_id":577,"host_read_bytes":98344,"host_read_ns":4982}
{"schema":"riley.owned-graph-diagnostic.v1","kind":"replay","capture_id":1,"replay_id":578,"position":100,"host_staging_bytes":98344,"event_setup_ns":278,"host_staging_ns":1554,"host_launch_ns":4719,"host_wait_ns":3840916,"cuda_graph_span_ns":3842880.011,"event_status":0,"launch_status":0,"completion_status":0}
{"schema":"riley.owned-graph-diagnostic.v1","kind":"read","capture_id":1,"replay_id":578,"host_read_bytes":98344,"host_read_ns":4996}
{"schema":"riley.owned-graph-diagnostic.v1","kind":"replay","capture_id":1,"replay_id":579,"position":101,"host_staging_bytes":98344,"event_setup_ns":321,"host_staging_ns":1562,"host_launch_ns":4757,"host_wait_ns":3820300,"cuda_graph_span_ns":3822367.907,"event_status":0,"launch_status":0,"completion_status":0}
{"schema":"riley.owned-graph-diagnostic.v1","kind":"read","capture_id":1,"replay_id":579,"host_read_bytes":98344,"host_read_ns":4952}
{"schema":"riley.owned-graph-diagnostic.v1","kind":"replay","capture_id":1,"replay_id":580,"position":102,"host_staging_bytes":98344,"event_setup_ns":1684,"host_staging_ns":1522,"host_launch_ns":4775,"host_wait_ns":3830073,"cuda_graph_span_ns":3831712.008,"event_status":0,"launch_status":0,"completion_status":0}
{"schema":"riley.owned-graph-diagnostic.v1","kind":"read","capture_id":1,"replay_id":580,"host_read_bytes":98344,"host_read_ns":5051}
{"schema":"riley.owned-graph-diagnostic.v1","kind":"replay","capture_id":1,"replay_id":581,"position":103,"host_staging_bytes":98344,"event_setup_ns":377,"host_staging_ns":1567,"host_launch_ns":5287,"host_wait_ns":3822091,"cuda_graph_span_ns":3824736.118,"event_status":0,"launch_status":0,"completion_status":0}
{"schema":"riley.owned-graph-diagnostic.v1","kind":"read","capture_id":1,"replay_id":581,"host_read_bytes":98344,"host_read_ns":4501}
{"schema":"riley.owned-graph-diagnostic.v1","kind":"replay","capture_id":1,"replay_id":582,"position":104,"host_staging_bytes":98344,"event_setup_ns":311,"host_staging_ns":1536,"host_launch_ns":5117,"host_wait_ns":3860562,"cuda_graph_span_ns":3862783.909,"event_status":0,"launch_status":0,"completion_status":0}
{"schema":"riley.owned-graph-diagnostic.v1","kind":"read","capture_id":1,"replay_id":582,"host_read_bytes":98344,"host_read_ns":5119}
{"schema":"riley.owned-graph-diagnostic.v1","kind":"replay","capture_id":1,"replay_id":583,"position":105,"host_staging_bytes":98344,"event_setup_ns":340,"host_staging_ns":1539,"host_launch_ns":4754,"host_wait_ns":3914068,"cuda_graph_span_ns":3915999.889,"event_status":0,"launch_status":0,"completion_status":0}
{"schema":"riley.owned-graph-diagnostic.v1","kind":"read","capture_id":1,"replay_id":583,"host_read_bytes":98344,"host_read_ns":4769}
{"schema":"riley.owned-graph-diagnostic.v1","kind":"replay","capture_id":1,"replay_id":584,"position":106,"host_staging_bytes":98344,"event_setup_ns":364,"host_staging_ns":1526,"host_launch_ns":4749,"host_wait_ns":3906002,"cuda_graph_span_ns":3907968.044,"event_status":0,"launch_status":0,"completion_status":0}
{"schema":"riley.owned-graph-diagnostic.v1","kind":"read","capture_id":1,"replay_id":584,"host_read_bytes":98344,"host_read_ns":4873}
{"schema":"riley.owned-graph-diagnostic.v1","kind":"replay","capture_id":1,"replay_id":585,"position":107,"host_staging_bytes":98344,"event_setup_ns":350,"host_staging_ns":1540,"host_launch_ns":4680,"host_wait_ns":3913996,"cuda_graph_span_ns":3915712.118,"event_status":0,"launch_status":0,"completion_status":0}
{"schema":"riley.owned-graph-diagnostic.v1","kind":"read","capture_id":1,"replay_id":585,"host_read_bytes":98344,"host_read_ns":4967}
{"schema":"riley.owned-graph-diagnostic.v1","kind":"replay","capture_id":1,"replay_id":586,"position":108,"host_staging_bytes":98344,"event_setup_ns":474,"host_staging_ns":1802,"host_launch_ns":5108,"host_wait_ns":3910087,"cuda_graph_span_ns":3912447.929,"event_status":0,"launch_status":0,"completion_status":0}
{"schema":"riley.owned-graph-diagnostic.v1","kind":"read","capture_id":1,"replay_id":586,"host_read_bytes":98344,"host_read_ns":4793}
{"schema":"riley.owned-graph-diagnostic.v1","kind":"replay","capture_id":1,"replay_id":587,"position":109,"host_staging_bytes":98344,"event_setup_ns":407,"host_staging_ns":1526,"host_launch_ns":4834,"host_wait_ns":3908223,"cuda_graph_span_ns":3910239.935,"event_status":0,"launch_status":0,"completion_status":0}
{"schema":"riley.owned-graph-diagnostic.v1","kind":"read","capture_id":1,"replay_id":587,"host_read_bytes":98344,"host_read_ns":5186}
{"schema":"riley.owned-graph-diagnostic.v1","kind":"replay","capture_id":1,"replay_id":588,"position":110,"host_staging_bytes":98344,"event_setup_ns":352,"host_staging_ns":1535,"host_launch_ns":4863,"host_wait_ns":3922966,"cuda_graph_span_ns":3925472.021,"event_status":0,"launch_status":0,"completion_status":0}
{"schema":"riley.owned-graph-diagnostic.v1","kind":"read","capture_id":1,"replay_id":588,"host_read_bytes":98344,"host_read_ns":5070}
{"schema":"riley.owned-graph-diagnostic.v1","kind":"replay","capture_id":1,"replay_id":589,"position":111,"host_staging_bytes":98344,"event_setup_ns":306,"host_staging_ns":1523,"host_launch_ns":4719,"host_wait_ns":3918781,"cuda_graph_span_ns":3920639.992,"event_status":0,"launch_status":0,"completion_status":0}
{"schema":"riley.owned-graph-diagnostic.v1","kind":"read","capture_id":1,"replay_id":589,"host_read_bytes":98344,"host_read_ns":4839}
{"schema":"riley.owned-graph-diagnostic.v1","kind":"replay","capture_id":1,"replay_id":590,"position":112,"host_staging_bytes":98344,"event_setup_ns":389,"host_staging_ns":1530,"host_launch_ns":5094,"host_wait_ns":3970022,"cuda_graph_span_ns":3972287.893,"event_status":0,"launch_status":0,"completion_status":0}
{"schema":"riley.owned-graph-diagnostic.v1","kind":"read","capture_id":1,"replay_id":590,"host_read_bytes":98344,"host_read_ns":4850}
{"schema":"riley.owned-graph-diagnostic.v1","kind":"replay","capture_id":1,"replay_id":591,"position":113,"host_staging_bytes":98344,"event_setup_ns":404,"host_staging_ns":1540,"host_launch_ns":5011,"host_wait_ns":3999272,"cuda_graph_span_ns":4001279.831,"event_status":0,"launch_status":0,"completion_status":0}
{"schema":"riley.owned-graph-diagnostic.v1","kind":"read","capture_id":1,"replay_id":591,"host_read_bytes":98344,"host_read_ns":5063}
{"schema":"riley.owned-graph-diagnostic.v1","kind":"replay","capture_id":1,"replay_id":592,"position":114,"host_staging_bytes":98344,"event_setup_ns":377,"host_staging_ns":1518,"host_launch_ns":4989,"host_wait_ns":4016544,"cuda_graph_span_ns":4018911.839,"event_status":0,"launch_status":0,"completion_status":0}
{"schema":"riley.owned-graph-diagnostic.v1","kind":"read","capture_id":1,"replay_id":592,"host_read_bytes":98344,"host_read_ns":4928}
{"schema":"riley.owned-graph-diagnostic.v1","kind":"replay","capture_id":1,"replay_id":593,"position":115,"host_staging_bytes":98344,"event_setup_ns":280,"host_staging_ns":1533,"host_launch_ns":5194,"host_wait_ns":4018987,"cuda_graph_span_ns":4021471.977,"event_status":0,"launch_status":0,"completion_status":0}
{"schema":"riley.owned-graph-diagnostic.v1","kind":"read","capture_id":1,"replay_id":593,"host_read_bytes":98344,"host_read_ns":4864}
{"schema":"riley.owned-graph-diagnostic.v1","kind":"replay","capture_id":1,"replay_id":594,"position":116,"host_staging_bytes":98344,"event_setup_ns":287,"host_staging_ns":1563,"host_launch_ns":4839,"host_wait_ns":4015554,"cuda_graph_span_ns":4017536.163,"event_status":0,"launch_status":0,"completion_status":0}
{"schema":"riley.owned-graph-diagnostic.v1","kind":"read","capture_id":1,"replay_id":594,"host_read_bytes":98344,"host_read_ns":4870}
{"schema":"riley.owned-graph-diagnostic.v1","kind":"replay","capture_id":1,"replay_id":595,"position":117,"host_staging_bytes":98344,"event_setup_ns":450,"host_staging_ns":1544,"host_launch_ns":5164,"host_wait_ns":4016556,"cuda_graph_span_ns":4019008.160,"event_status":0,"launch_status":0,"completion_status":0}
{"schema":"riley.owned-graph-diagnostic.v1","kind":"read","capture_id":1,"replay_id":595,"host_read_bytes":98344,"host_read_ns":5043}
{"schema":"riley.owned-graph-diagnostic.v1","kind":"replay","capture_id":1,"replay_id":596,"position":118,"host_staging_bytes":98344,"event_setup_ns":478,"host_staging_ns":1608,"host_launch_ns":5353,"host_wait_ns":4008382,"cuda_graph_span_ns":4010719.776,"event_status":0,"launch_status":0,"completion_status":0}
{"schema":"riley.owned-graph-diagnostic.v1","kind":"read","capture_id":1,"replay_id":596,"host_read_bytes":98344,"host_read_ns":4597}
{"schema":"riley.owned-graph-diagnostic.v1","kind":"replay","capture_id":1,"replay_id":597,"position":119,"host_staging_bytes":98344,"event_setup_ns":351,"host_staging_ns":1534,"host_launch_ns":5083,"host_wait_ns":4013710,"cuda_graph_span_ns":4015999.794,"event_status":0,"launch_status":0,"completion_status":0}
{"schema":"riley.owned-graph-diagnostic.v1","kind":"read","capture_id":1,"replay_id":597,"host_read_bytes":98344,"host_read_ns":4860}
{"schema":"riley.owned-graph-diagnostic.v1","kind":"replay","capture_id":1,"replay_id":598,"position":120,"host_staging_bytes":98344,"event_setup_ns":564,"host_staging_ns":1551,"host_launch_ns":5365,"host_wait_ns":4056039,"cuda_graph_span_ns":4058559.895,"event_status":0,"launch_status":0,"completion_status":0}
{"schema":"riley.owned-graph-diagnostic.v1","kind":"read","capture_id":1,"replay_id":598,"host_read_bytes":98344,"host_read_ns":4619}
{"schema":"riley.owned-graph-diagnostic.v1","kind":"replay","capture_id":1,"replay_id":599,"position":121,"host_staging_bytes":98344,"event_setup_ns":455,"host_staging_ns":1542,"host_launch_ns":4812,"host_wait_ns":4088214,"cuda_graph_span_ns":4090240.002,"event_status":0,"launch_status":0,"completion_status":0}
{"schema":"riley.owned-graph-diagnostic.v1","kind":"read","capture_id":1,"replay_id":599,"host_read_bytes":98344,"host_read_ns":4824}
{"schema":"riley.owned-graph-diagnostic.v1","kind":"replay","capture_id":1,"replay_id":600,"position":122,"host_staging_bytes":98344,"event_setup_ns":581,"host_staging_ns":1567,"host_launch_ns":5697,"host_wait_ns":4094967,"cuda_graph_span_ns":4097695.827,"event_status":0,"launch_status":0,"completion_status":0}
{"schema":"riley.owned-graph-diagnostic.v1","kind":"read","capture_id":1,"replay_id":600,"host_read_bytes":98344,"host_read_ns":5380}
{"schema":"riley.owned-graph-diagnostic.v1","kind":"replay","capture_id":1,"replay_id":601,"position":123,"host_staging_bytes":98344,"event_setup_ns":457,"host_staging_ns":1538,"host_launch_ns":4920,"host_wait_ns":4098929,"cuda_graph_span_ns":4101215.839,"event_status":0,"launch_status":0,"completion_status":0}
{"schema":"riley.owned-graph-diagnostic.v1","kind":"read","capture_id":1,"replay_id":601,"host_read_bytes":98344,"host_read_ns":4827}
{"schema":"riley.owned-graph-diagnostic.v1","kind":"replay","capture_id":1,"replay_id":602,"position":124,"host_staging_bytes":98344,"event_setup_ns":368,"host_staging_ns":1534,"host_launch_ns":4998,"host_wait_ns":4104908,"cuda_graph_span_ns":4106880.188,"event_status":0,"launch_status":0,"completion_status":0}
{"schema":"riley.owned-graph-diagnostic.v1","kind":"read","capture_id":1,"replay_id":602,"host_read_bytes":98344,"host_read_ns":4941}
{"schema":"riley.owned-graph-diagnostic.v1","kind":"replay","capture_id":1,"replay_id":603,"position":125,"host_staging_bytes":98344,"event_setup_ns":345,"host_staging_ns":1528,"host_launch_ns":5184,"host_wait_ns":4115220,"cuda_graph_span_ns":4117599.964,"event_status":0,"launch_status":0,"completion_status":0}
{"schema":"riley.owned-graph-diagnostic.v1","kind":"read","capture_id":1,"replay_id":603,"host_read_bytes":98344,"host_read_ns":5212}
{"schema":"riley.owned-graph-diagnostic.v1","kind":"replay","capture_id":1,"replay_id":604,"position":126,"host_staging_bytes":98344,"event_setup_ns":342,"host_staging_ns":1523,"host_launch_ns":5629,"host_wait_ns":4095704,"cuda_graph_span_ns":4098400.116,"event_status":0,"launch_status":0,"completion_status":0}
{"schema":"riley.owned-graph-diagnostic.v1","kind":"read","capture_id":1,"replay_id":604,"host_read_bytes":98344,"host_read_ns":5070}
{"schema":"riley.owned-graph-diagnostic.v1","kind":"replay","capture_id":1,"replay_id":605,"position":127,"host_staging_bytes":98344,"event_setup_ns":585,"host_staging_ns":1548,"host_launch_ns":4862,"host_wait_ns":4104771,"cuda_graph_span_ns":4106688.023,"event_status":0,"launch_status":0,"completion_status":0}
{"schema":"riley.owned-graph-diagnostic.v1","kind":"read","capture_id":1,"replay_id":605,"host_read_bytes":98344,"host_read_ns":4644}
{"schema":"riley.owned-graph-diagnostic.v1","kind":"replay","capture_id":1,"replay_id":606,"position":128,"host_staging_bytes":98344,"event_setup_ns":342,"host_staging_ns":1559,"host_launch_ns":5413,"host_wait_ns":2467853,"cuda_graph_span_ns":2470367.908,"event_status":0,"launch_status":0,"completion_status":0}
{"schema":"riley.owned-graph-diagnostic.v1","kind":"read","capture_id":1,"replay_id":606,"host_read_bytes":98344,"host_read_ns":5306}
{"schema":"riley.owned-graph-diagnostic.v1","kind":"replay","capture_id":1,"replay_id":607,"position":129,"host_staging_bytes":98344,"event_setup_ns":367,"host_staging_ns":1600,"host_launch_ns":5052,"host_wait_ns":2196101,"cuda_graph_span_ns":2198591.948,"event_status":0,"launch_status":0,"completion_status":0}
{"schema":"riley.owned-graph-diagnostic.v1","kind":"read","capture_id":1,"replay_id":607,"host_read_bytes":98344,"host_read_ns":5205}
{"schema":"riley.owned-graph-diagnostic.v1","kind":"replay","capture_id":1,"replay_id":608,"position":130,"host_staging_bytes":98344,"event_setup_ns":464,"host_staging_ns":1626,"host_launch_ns":5523,"host_wait_ns":2194939,"cuda_graph_span_ns":2197855.949,"event_status":0,"launch_status":0,"completion_status":0}
{"schema":"riley.owned-graph-diagnostic.v1","kind":"read","capture_id":1,"replay_id":608,"host_read_bytes":98344,"host_read_ns":4611}
{"schema":"riley.owned-graph-diagnostic.v1","kind":"replay","capture_id":1,"replay_id":609,"position":131,"host_staging_bytes":98344,"event_setup_ns":453,"host_staging_ns":1546,"host_launch_ns":5084,"host_wait_ns":2197031,"cuda_graph_span_ns":2199584.007,"event_status":0,"launch_status":0,"completion_status":0}
{"schema":"riley.owned-graph-diagnostic.v1","kind":"read","capture_id":1,"replay_id":609,"host_read_bytes":98344,"host_read_ns":4747}
{"schema":"riley.owned-graph-diagnostic.v1","kind":"replay","capture_id":1,"replay_id":610,"position":132,"host_staging_bytes":98344,"event_setup_ns":406,"host_staging_ns":1602,"host_launch_ns":4799,"host_wait_ns":2205402,"cuda_graph_span_ns":2207456.112,"event_status":0,"launch_status":0,"completion_status":0}
{"schema":"riley.owned-graph-diagnostic.v1","kind":"read","capture_id":1,"replay_id":610,"host_read_bytes":98344,"host_read_ns":4972}
{"schema":"riley.owned-graph-diagnostic.v1","kind":"replay","capture_id":1,"replay_id":611,"position":133,"host_staging_bytes":98344,"event_setup_ns":304,"host_staging_ns":1546,"host_launch_ns":5155,"host_wait_ns":2207020,"cuda_graph_span_ns":2209471.941,"event_status":0,"launch_status":0,"completion_status":0}
{"schema":"riley.owned-graph-diagnostic.v1","kind":"read","capture_id":1,"replay_id":611,"host_read_bytes":98344,"host_read_ns":4738}
{"schema":"riley.owned-graph-diagnostic.v1","kind":"replay","capture_id":1,"replay_id":612,"position":134,"host_staging_bytes":98344,"event_setup_ns":336,"host_staging_ns":1520,"host_launch_ns":4963,"host_wait_ns":2196212,"cuda_graph_span_ns":2198368.073,"event_status":0,"launch_status":0,"completion_status":0}
{"schema":"riley.owned-graph-diagnostic.v1","kind":"read","capture_id":1,"replay_id":612,"host_read_bytes":98344,"host_read_ns":4684}
{"schema":"riley.owned-graph-diagnostic.v1","kind":"replay","capture_id":1,"replay_id":613,"position":135,"host_staging_bytes":98344,"event_setup_ns":368,"host_staging_ns":1524,"host_launch_ns":4822,"host_wait_ns":2196799,"cuda_graph_span_ns":2199264.050,"event_status":0,"launch_status":0,"completion_status":0}
{"schema":"riley.owned-graph-diagnostic.v1","kind":"read","capture_id":1,"replay_id":613,"host_read_bytes":98344,"host_read_ns":4541}
{"schema":"riley.owned-graph-diagnostic.v1","kind":"replay","capture_id":1,"replay_id":614,"position":136,"host_staging_bytes":98344,"event_setup_ns":423,"host_staging_ns":1531,"host_launch_ns":5225,"host_wait_ns":2240651,"cuda_graph_span_ns":2243103.981,"event_status":0,"launch_status":0,"completion_status":0}
{"schema":"riley.owned-graph-diagnostic.v1","kind":"read","capture_id":1,"replay_id":614,"host_read_bytes":98344,"host_read_ns":4992}
{"schema":"riley.owned-graph-diagnostic.v1","kind":"replay","capture_id":1,"replay_id":615,"position":137,"host_staging_bytes":98344,"event_setup_ns":361,"host_staging_ns":1528,"host_launch_ns":5589,"host_wait_ns":2246227,"cuda_graph_span_ns":2248831.987,"event_status":0,"launch_status":0,"completion_status":0}
{"schema":"riley.owned-graph-diagnostic.v1","kind":"read","capture_id":1,"replay_id":615,"host_read_bytes":98344,"host_read_ns":4719}
{"schema":"riley.owned-graph-diagnostic.v1","kind":"replay","capture_id":1,"replay_id":616,"position":138,"host_staging_bytes":98344,"event_setup_ns":350,"host_staging_ns":1573,"host_launch_ns":4990,"host_wait_ns":2254092,"cuda_graph_span_ns":2256031.990,"event_status":0,"launch_status":0,"completion_status":0}
{"schema":"riley.owned-graph-diagnostic.v1","kind":"read","capture_id":1,"replay_id":616,"host_read_bytes":98344,"host_read_ns":4500}
{"schema":"riley.owned-graph-diagnostic.v1","kind":"replay","capture_id":1,"replay_id":617,"position":139,"host_staging_bytes":98344,"event_setup_ns":361,"host_staging_ns":1545,"host_launch_ns":5006,"host_wait_ns":2246002,"cuda_graph_span_ns":2248159.885,"event_status":0,"launch_status":0,"completion_status":0}
{"schema":"riley.owned-graph-diagnostic.v1","kind":"read","capture_id":1,"replay_id":617,"host_read_bytes":98344,"host_read_ns":4701}
{"schema":"riley.owned-graph-diagnostic.v1","kind":"replay","capture_id":1,"replay_id":618,"position":140,"host_staging_bytes":98344,"event_setup_ns":291,"host_staging_ns":1542,"host_launch_ns":5074,"host_wait_ns":2254298,"cuda_graph_span_ns":2256736.040,"event_status":0,"launch_status":0,"completion_status":0}
{"schema":"riley.owned-graph-diagnostic.v1","kind":"read","capture_id":1,"replay_id":618,"host_read_bytes":98344,"host_read_ns":4838}
{"schema":"riley.owned-graph-diagnostic.v1","kind":"replay","capture_id":1,"replay_id":619,"position":141,"host_staging_bytes":98344,"event_setup_ns":358,"host_staging_ns":1528,"host_launch_ns":4804,"host_wait_ns":2254484,"cuda_graph_span_ns":2256767.988,"event_status":0,"launch_status":0,"completion_status":0}
{"schema":"riley.owned-graph-diagnostic.v1","kind":"read","capture_id":1,"replay_id":619,"host_read_bytes":98344,"host_read_ns":4583}
{"schema":"riley.owned-graph-diagnostic.v1","kind":"replay","capture_id":1,"replay_id":620,"position":142,"host_staging_bytes":98344,"event_setup_ns":294,"host_staging_ns":1553,"host_launch_ns":5046,"host_wait_ns":2255444,"cuda_graph_span_ns":2257760.048,"event_status":0,"launch_status":0,"completion_status":0}
{"schema":"riley.owned-graph-diagnostic.v1","kind":"read","capture_id":1,"replay_id":620,"host_read_bytes":98344,"host_read_ns":4482}
{"schema":"riley.owned-graph-diagnostic.v1","kind":"replay","capture_id":1,"replay_id":621,"position":143,"host_staging_bytes":98344,"event_setup_ns":292,"host_staging_ns":1533,"host_launch_ns":4981,"host_wait_ns":2255779,"cuda_graph_span_ns":2257791.996,"event_status":0,"launch_status":0,"completion_status":0}
{"schema":"riley.owned-graph-diagnostic.v1","kind":"read","capture_id":1,"replay_id":621,"host_read_bytes":98344,"host_read_ns":4691}
{"schema":"riley.owned-graph-diagnostic.v1","kind":"replay","capture_id":1,"replay_id":622,"position":144,"host_staging_bytes":98344,"event_setup_ns":278,"host_staging_ns":1537,"host_launch_ns":4735,"host_wait_ns":2320342,"cuda_graph_span_ns":2322400.093,"event_status":0,"launch_status":0,"completion_status":0}
{"schema":"riley.owned-graph-diagnostic.v1","kind":"read","capture_id":1,"replay_id":622,"host_read_bytes":98344,"host_read_ns":4678}
{"schema":"riley.owned-graph-diagnostic.v1","kind":"replay","capture_id":1,"replay_id":623,"position":145,"host_staging_bytes":98344,"event_setup_ns":281,"host_staging_ns":1506,"host_launch_ns":4670,"host_wait_ns":2328881,"cuda_graph_span_ns":2330784.082,"event_status":0,"launch_status":0,"completion_status":0}
{"schema":"riley.owned-graph-diagnostic.v1","kind":"read","capture_id":1,"replay_id":623,"host_read_bytes":98344,"host_read_ns":4621}
{"schema":"riley.owned-graph-diagnostic.v1","kind":"replay","capture_id":1,"replay_id":624,"position":146,"host_staging_bytes":98344,"event_setup_ns":271,"host_staging_ns":1523,"host_launch_ns":4663,"host_wait_ns":2320502,"cuda_graph_span_ns":2322495.937,"event_status":0,"launch_status":0,"completion_status":0}
{"schema":"riley.owned-graph-diagnostic.v1","kind":"read","capture_id":1,"replay_id":624,"host_read_bytes":98344,"host_read_ns":5112}
{"schema":"riley.owned-graph-diagnostic.v1","kind":"replay","capture_id":1,"replay_id":625,"position":147,"host_staging_bytes":98344,"event_setup_ns":303,"host_staging_ns":1514,"host_launch_ns":4599,"host_wait_ns":2328018,"cuda_graph_span_ns":2329888.105,"event_status":0,"launch_status":0,"completion_status":0}
{"schema":"riley.owned-graph-diagnostic.v1","kind":"read","capture_id":1,"replay_id":625,"host_read_bytes":98344,"host_read_ns":4924}
{"schema":"riley.owned-graph-diagnostic.v1","kind":"replay","capture_id":1,"replay_id":626,"position":148,"host_staging_bytes":98344,"event_setup_ns":285,"host_staging_ns":1538,"host_launch_ns":4574,"host_wait_ns":2325638,"cuda_graph_span_ns":2327615.976,"event_status":0,"launch_status":0,"completion_status":0}
{"schema":"riley.owned-graph-diagnostic.v1","kind":"read","capture_id":1,"replay_id":626,"host_read_bytes":98344,"host_read_ns":4669}
{"schema":"riley.owned-graph-diagnostic.v1","kind":"replay","capture_id":1,"replay_id":627,"position":149,"host_staging_bytes":98344,"event_setup_ns":327,"host_staging_ns":1522,"host_launch_ns":4779,"host_wait_ns":2337231,"cuda_graph_span_ns":2339423.895,"event_status":0,"launch_status":0,"completion_status":0}
{"schema":"riley.owned-graph-diagnostic.v1","kind":"read","capture_id":1,"replay_id":627,"host_read_bytes":98344,"host_read_ns":4994}
{"schema":"riley.owned-graph-diagnostic.v1","kind":"replay","capture_id":1,"replay_id":628,"position":150,"host_staging_bytes":98344,"event_setup_ns":345,"host_staging_ns":1535,"host_launch_ns":4738,"host_wait_ns":2336669,"cuda_graph_span_ns":2338720.083,"event_status":0,"launch_status":0,"completion_status":0}
{"schema":"riley.owned-graph-diagnostic.v1","kind":"read","capture_id":1,"replay_id":628,"host_read_bytes":98344,"host_read_ns":4553}
{"schema":"riley.owned-graph-diagnostic.v1","kind":"replay","capture_id":1,"replay_id":629,"position":151,"host_staging_bytes":98344,"event_setup_ns":400,"host_staging_ns":1509,"host_launch_ns":4726,"host_wait_ns":2328112,"cuda_graph_span_ns":2330208.063,"event_status":0,"launch_status":0,"completion_status":0}
{"schema":"riley.owned-graph-diagnostic.v1","kind":"read","capture_id":1,"replay_id":629,"host_read_bytes":98344,"host_read_ns":5193}
{"schema":"riley.owned-graph-diagnostic.v1","kind":"replay","capture_id":1,"replay_id":630,"position":152,"host_staging_bytes":98344,"event_setup_ns":279,"host_staging_ns":1521,"host_launch_ns":4825,"host_wait_ns":2370614,"cuda_graph_span_ns":2372256.041,"event_status":0,"launch_status":0,"completion_status":0}
{"schema":"riley.owned-graph-diagnostic.v1","kind":"read","capture_id":1,"replay_id":630,"host_read_bytes":98344,"host_read_ns":4744}
{"schema":"riley.owned-graph-diagnostic.v1","kind":"replay","capture_id":1,"replay_id":631,"position":153,"host_staging_bytes":98344,"event_setup_ns":537,"host_staging_ns":1542,"host_launch_ns":5125,"host_wait_ns":2384213,"cuda_graph_span_ns":2386399.984,"event_status":0,"launch_status":0,"completion_status":0}
{"schema":"riley.owned-graph-diagnostic.v1","kind":"read","capture_id":1,"replay_id":631,"host_read_bytes":98344,"host_read_ns":4646}
{"schema":"riley.owned-graph-diagnostic.v1","kind":"replay","capture_id":1,"replay_id":632,"position":154,"host_staging_bytes":98344,"event_setup_ns":507,"host_staging_ns":1576,"host_launch_ns":5554,"host_wait_ns":2379720,"cuda_graph_span_ns":2382560.015,"event_status":0,"launch_status":0,"completion_status":0}
{"schema":"riley.owned-graph-diagnostic.v1","kind":"read","capture_id":1,"replay_id":632,"host_read_bytes":98344,"host_read_ns":4844}
{"schema":"riley.owned-graph-diagnostic.v1","kind":"replay","capture_id":1,"replay_id":633,"position":155,"host_staging_bytes":98344,"event_setup_ns":478,"host_staging_ns":1610,"host_launch_ns":5830,"host_wait_ns":2383763,"cuda_graph_span_ns":2386944.056,"event_status":0,"launch_status":0,"completion_status":0}
{"schema":"riley.owned-graph-diagnostic.v1","kind":"read","capture_id":1,"replay_id":633,"host_read_bytes":98344,"host_read_ns":4765}
{"schema":"riley.owned-graph-diagnostic.v1","kind":"replay","capture_id":1,"replay_id":634,"position":156,"host_staging_bytes":98344,"event_setup_ns":431,"host_staging_ns":1544,"host_launch_ns":5124,"host_wait_ns":2376710,"cuda_graph_span_ns":2378976.107,"event_status":0,"launch_status":0,"completion_status":0}
{"schema":"riley.owned-graph-diagnostic.v1","kind":"read","capture_id":1,"replay_id":634,"host_read_bytes":98344,"host_read_ns":5005}
{"schema":"riley.owned-graph-diagnostic.v1","kind":"replay","capture_id":1,"replay_id":635,"position":157,"host_staging_bytes":98344,"event_setup_ns":548,"host_staging_ns":1563,"host_launch_ns":5659,"host_wait_ns":2378660,"cuda_graph_span_ns":2381632.090,"event_status":0,"launch_status":0,"completion_status":0}
{"schema":"riley.owned-graph-diagnostic.v1","kind":"read","capture_id":1,"replay_id":635,"host_read_bytes":98344,"host_read_ns":4984}
{"schema":"riley.owned-graph-diagnostic.v1","kind":"replay","capture_id":1,"replay_id":636,"position":158,"host_staging_bytes":98344,"event_setup_ns":666,"host_staging_ns":1665,"host_launch_ns":6430,"host_wait_ns":2382858,"cuda_graph_span_ns":2386944.056,"event_status":0,"launch_status":0,"completion_status":0}
{"schema":"riley.owned-graph-diagnostic.v1","kind":"read","capture_id":1,"replay_id":636,"host_read_bytes":98344,"host_read_ns":4745}
{"schema":"riley.owned-graph-diagnostic.v1","kind":"replay","capture_id":1,"replay_id":637,"position":0,"host_staging_bytes":98344,"event_setup_ns":5723,"host_staging_ns":3133,"host_launch_ns":16642,"host_wait_ns":2577682,"cuda_graph_span_ns":2591615.915,"event_status":0,"launch_status":0,"completion_status":0}
{"schema":"riley.owned-graph-diagnostic.v1","kind":"read","capture_id":1,"replay_id":637,"host_read_bytes":98344,"host_read_ns":5992}
{"schema":"riley.owned-graph-diagnostic.v1","kind":"replay","capture_id":1,"replay_id":638,"position":1,"host_staging_bytes":98344,"event_setup_ns":473,"host_staging_ns":1794,"host_launch_ns":5963,"host_wait_ns":2663639,"cuda_graph_span_ns":2666912.079,"event_status":0,"launch_status":0,"completion_status":0}
{"schema":"riley.owned-graph-diagnostic.v1","kind":"read","capture_id":1,"replay_id":638,"host_read_bytes":98344,"host_read_ns":4991}
{"schema":"riley.owned-graph-diagnostic.v1","kind":"replay","capture_id":1,"replay_id":639,"position":2,"host_staging_bytes":98344,"event_setup_ns":480,"host_staging_ns":1544,"host_launch_ns":4837,"host_wait_ns":2672097,"cuda_graph_span_ns":2674272.060,"event_status":0,"launch_status":0,"completion_status":0}
{"schema":"riley.owned-graph-diagnostic.v1","kind":"read","capture_id":1,"replay_id":639,"host_read_bytes":98344,"host_read_ns":4407}
{"schema":"riley.owned-graph-diagnostic.v1","kind":"replay","capture_id":1,"replay_id":640,"position":3,"host_staging_bytes":98344,"event_setup_ns":386,"host_staging_ns":1583,"host_launch_ns":4694,"host_wait_ns":2682252,"cuda_graph_span_ns":2684063.911,"event_status":0,"launch_status":0,"completion_status":0}
{"schema":"riley.owned-graph-diagnostic.v1","kind":"read","capture_id":1,"replay_id":640,"host_read_bytes":98344,"host_read_ns":4968}
{"schema":"riley.owned-graph-diagnostic.v1","kind":"replay","capture_id":1,"replay_id":641,"position":4,"host_staging_bytes":98344,"event_setup_ns":404,"host_staging_ns":1546,"host_launch_ns":4640,"host_wait_ns":2698607,"cuda_graph_span_ns":2700576.067,"event_status":0,"launch_status":0,"completion_status":0}
{"schema":"riley.owned-graph-diagnostic.v1","kind":"read","capture_id":1,"replay_id":641,"host_read_bytes":98344,"host_read_ns":6349}
{"schema":"riley.owned-graph-diagnostic.v1","kind":"replay","capture_id":1,"replay_id":642,"position":5,"host_staging_bytes":98344,"event_setup_ns":519,"host_staging_ns":1649,"host_launch_ns":4773,"host_wait_ns":2688736,"cuda_graph_span_ns":2690783.978,"event_status":0,"launch_status":0,"completion_status":0}
{"schema":"riley.owned-graph-diagnostic.v1","kind":"read","capture_id":1,"replay_id":642,"host_read_bytes":98344,"host_read_ns":4776}
{"schema":"riley.owned-graph-diagnostic.v1","kind":"replay","capture_id":1,"replay_id":643,"position":6,"host_staging_bytes":98344,"event_setup_ns":367,"host_staging_ns":1570,"host_launch_ns":4750,"host_wait_ns":2690036,"cuda_graph_span_ns":2692159.891,"event_status":0,"launch_status":0,"completion_status":0}
{"schema":"riley.owned-graph-diagnostic.v1","kind":"read","capture_id":1,"replay_id":643,"host_read_bytes":98344,"host_read_ns":5084}
{"schema":"riley.owned-graph-diagnostic.v1","kind":"replay","capture_id":1,"replay_id":644,"position":7,"host_staging_bytes":98344,"event_setup_ns":367,"host_staging_ns":1657,"host_launch_ns":5017,"host_wait_ns":2681521,"cuda_graph_span_ns":2683903.933,"event_status":0,"launch_status":0,"completion_status":0}
{"schema":"riley.owned-graph-diagnostic.v1","kind":"read","capture_id":1,"replay_id":644,"host_read_bytes":98344,"host_read_ns":4652}
{"schema":"riley.owned-graph-diagnostic.v1","kind":"replay","capture_id":1,"replay_id":645,"position":8,"host_staging_bytes":98344,"event_setup_ns":385,"host_staging_ns":1535,"host_launch_ns":4603,"host_wait_ns":2725024,"cuda_graph_span_ns":2726912.022,"event_status":0,"launch_status":0,"completion_status":0}
{"schema":"riley.owned-graph-diagnostic.v1","kind":"read","capture_id":1,"replay_id":645,"host_read_bytes":98344,"host_read_ns":5172}
{"schema":"riley.owned-graph-diagnostic.v1","kind":"replay","capture_id":1,"replay_id":646,"position":9,"host_staging_bytes":98344,"event_setup_ns":437,"host_staging_ns":1555,"host_launch_ns":4837,"host_wait_ns":2744415,"cuda_graph_span_ns":2746623.993,"event_status":0,"launch_status":0,"completion_status":0}
{"schema":"riley.owned-graph-diagnostic.v1","kind":"read","capture_id":1,"replay_id":646,"host_read_bytes":98344,"host_read_ns":4957}
{"schema":"riley.owned-graph-diagnostic.v1","kind":"replay","capture_id":1,"replay_id":647,"position":10,"host_staging_bytes":98344,"event_setup_ns":429,"host_staging_ns":1580,"host_launch_ns":4759,"host_wait_ns":2764633,"cuda_graph_span_ns":2766752.005,"event_status":0,"launch_status":0,"completion_status":0}
{"schema":"riley.owned-graph-diagnostic.v1","kind":"read","capture_id":1,"replay_id":647,"host_read_bytes":98344,"host_read_ns":4962}
{"schema":"riley.owned-graph-diagnostic.v1","kind":"replay","capture_id":1,"replay_id":648,"position":11,"host_staging_bytes":98344,"event_setup_ns":463,"host_staging_ns":1723,"host_launch_ns":6196,"host_wait_ns":2776429,"cuda_graph_span_ns":2780224.085,"event_status":0,"launch_status":0,"completion_status":0}
{"schema":"riley.owned-graph-diagnostic.v1","kind":"read","capture_id":1,"replay_id":648,"host_read_bytes":98344,"host_read_ns":4726}
{"schema":"riley.owned-graph-diagnostic.v1","kind":"replay","capture_id":1,"replay_id":649,"position":12,"host_staging_bytes":98344,"event_setup_ns":364,"host_staging_ns":1534,"host_launch_ns":4783,"host_wait_ns":2764208,"cuda_graph_span_ns":2766432.047,"event_status":0,"launch_status":0,"completion_status":0}
{"schema":"riley.owned-graph-diagnostic.v1","kind":"read","capture_id":1,"replay_id":649,"host_read_bytes":98344,"host_read_ns":4600}
{"schema":"riley.owned-graph-diagnostic.v1","kind":"replay","capture_id":1,"replay_id":650,"position":13,"host_staging_bytes":98344,"event_setup_ns":353,"host_staging_ns":1505,"host_launch_ns":4660,"host_wait_ns":2771333,"cuda_graph_span_ns":2773184.061,"event_status":0,"launch_status":0,"completion_status":0}
{"schema":"riley.owned-graph-diagnostic.v1","kind":"read","capture_id":1,"replay_id":650,"host_read_bytes":98344,"host_read_ns":4807}
{"schema":"riley.owned-graph-diagnostic.v1","kind":"replay","capture_id":1,"replay_id":651,"position":14,"host_staging_bytes":98344,"event_setup_ns":305,"host_staging_ns":1538,"host_launch_ns":4734,"host_wait_ns":2761494,"cuda_graph_span_ns":2763456.106,"event_status":0,"launch_status":0,"completion_status":0}
{"schema":"riley.owned-graph-diagnostic.v1","kind":"read","capture_id":1,"replay_id":651,"host_read_bytes":98344,"host_read_ns":4996}
{"schema":"riley.owned-graph-diagnostic.v1","kind":"replay","capture_id":1,"replay_id":652,"position":15,"host_staging_bytes":98344,"event_setup_ns":343,"host_staging_ns":1532,"host_launch_ns":4671,"host_wait_ns":2763202,"cuda_graph_span_ns":2764895.916,"event_status":0,"launch_status":0,"completion_status":0}
{"schema":"riley.owned-graph-diagnostic.v1","kind":"read","capture_id":1,"replay_id":652,"host_read_bytes":98344,"host_read_ns":4465}
{"schema":"riley.owned-graph-diagnostic.v1","kind":"replay","capture_id":1,"replay_id":653,"position":16,"host_staging_bytes":98344,"event_setup_ns":288,"host_staging_ns":1513,"host_launch_ns":4529,"host_wait_ns":2826931,"cuda_graph_span_ns":2828736.067,"event_status":0,"launch_status":0,"completion_status":0}
{"schema":"riley.owned-graph-diagnostic.v1","kind":"read","capture_id":1,"replay_id":653,"host_read_bytes":98344,"host_read_ns":4918}
{"schema":"riley.owned-graph-diagnostic.v1","kind":"replay","capture_id":1,"replay_id":654,"position":17,"host_staging_bytes":98344,"event_setup_ns":314,"host_staging_ns":1538,"host_launch_ns":4677,"host_wait_ns":2859320,"cuda_graph_span_ns":2861279.964,"event_status":0,"launch_status":0,"completion_status":0}
{"schema":"riley.owned-graph-diagnostic.v1","kind":"read","capture_id":1,"replay_id":654,"host_read_bytes":98344,"host_read_ns":4721}
{"schema":"riley.owned-graph-diagnostic.v1","kind":"replay","capture_id":1,"replay_id":655,"position":18,"host_staging_bytes":98344,"event_setup_ns":346,"host_staging_ns":1518,"host_launch_ns":5137,"host_wait_ns":2864924,"cuda_graph_span_ns":2867360.115,"event_status":0,"launch_status":0,"completion_status":0}
{"schema":"riley.owned-graph-diagnostic.v1","kind":"read","capture_id":1,"replay_id":655,"host_read_bytes":98344,"host_read_ns":4686}
{"schema":"riley.owned-graph-diagnostic.v1","kind":"replay","capture_id":1,"replay_id":656,"position":19,"host_staging_bytes":98344,"event_setup_ns":290,"host_staging_ns":1529,"host_launch_ns":4813,"host_wait_ns":2859540,"cuda_graph_span_ns":2861088.037,"event_status":0,"launch_status":0,"completion_status":0}
{"schema":"riley.owned-graph-diagnostic.v1","kind":"read","capture_id":1,"replay_id":656,"host_read_bytes":98344,"host_read_ns":5167}
{"schema":"riley.owned-graph-diagnostic.v1","kind":"replay","capture_id":1,"replay_id":657,"position":20,"host_staging_bytes":98344,"event_setup_ns":1174,"host_staging_ns":1587,"host_launch_ns":10104,"host_wait_ns":2858235,"cuda_graph_span_ns":2866111.994,"event_status":0,"launch_status":0,"completion_status":0}
{"schema":"riley.owned-graph-diagnostic.v1","kind":"read","capture_id":1,"replay_id":657,"host_read_bytes":98344,"host_read_ns":4660}
{"schema":"riley.owned-graph-diagnostic.v1","kind":"replay","capture_id":1,"replay_id":658,"position":21,"host_staging_bytes":98344,"event_setup_ns":297,"host_staging_ns":1518,"host_launch_ns":5037,"host_wait_ns":2875386,"cuda_graph_span_ns":2877536.058,"event_status":0,"launch_status":0,"completion_status":0}
{"schema":"riley.owned-graph-diagnostic.v1","kind":"read","capture_id":1,"replay_id":658,"host_read_bytes":98344,"host_read_ns":4806}
{"schema":"riley.owned-graph-diagnostic.v1","kind":"replay","capture_id":1,"replay_id":659,"position":22,"host_staging_bytes":98344,"event_setup_ns":354,"host_staging_ns":1532,"host_launch_ns":4818,"host_wait_ns":2883812,"cuda_graph_span_ns":2885983.944,"event_status":0,"launch_status":0,"completion_status":0}
{"schema":"riley.owned-graph-diagnostic.v1","kind":"read","capture_id":1,"replay_id":659,"host_read_bytes":98344,"host_read_ns":4741}
{"schema":"riley.owned-graph-diagnostic.v1","kind":"replay","capture_id":1,"replay_id":660,"position":23,"host_staging_bytes":98344,"event_setup_ns":305,"host_staging_ns":1528,"host_launch_ns":4608,"host_wait_ns":2875151,"cuda_graph_span_ns":2876960.039,"event_status":0,"launch_status":0,"completion_status":0}
{"schema":"riley.owned-graph-diagnostic.v1","kind":"read","capture_id":1,"replay_id":660,"host_read_bytes":98344,"host_read_ns":4906}
{"schema":"riley.owned-graph-diagnostic.v1","kind":"replay","capture_id":1,"replay_id":661,"position":24,"host_staging_bytes":98344,"event_setup_ns":286,"host_staging_ns":1524,"host_launch_ns":4739,"host_wait_ns":2910278,"cuda_graph_span_ns":2912384.033,"event_status":0,"launch_status":0,"completion_status":0}
{"schema":"riley.owned-graph-diagnostic.v1","kind":"read","capture_id":1,"replay_id":661,"host_read_bytes":98344,"host_read_ns":4711}
{"schema":"riley.owned-graph-diagnostic.v1","kind":"replay","capture_id":1,"replay_id":662,"position":25,"host_staging_bytes":98344,"event_setup_ns":324,"host_staging_ns":1521,"host_launch_ns":4729,"host_wait_ns":2949348,"cuda_graph_span_ns":2951391.935,"event_status":0,"launch_status":0,"completion_status":0}
{"schema":"riley.owned-graph-diagnostic.v1","kind":"read","capture_id":1,"replay_id":662,"host_read_bytes":98344,"host_read_ns":4744}
{"schema":"riley.owned-graph-diagnostic.v1","kind":"replay","capture_id":1,"replay_id":663,"position":26,"host_staging_bytes":98344,"event_setup_ns":349,"host_staging_ns":1524,"host_launch_ns":4814,"host_wait_ns":2954422,"cuda_graph_span_ns":2956415.892,"event_status":0,"launch_status":0,"completion_status":0}
{"schema":"riley.owned-graph-diagnostic.v1","kind":"read","capture_id":1,"replay_id":663,"host_read_bytes":98344,"host_read_ns":4558}
{"schema":"riley.owned-graph-diagnostic.v1","kind":"replay","capture_id":1,"replay_id":664,"position":27,"host_staging_bytes":98344,"event_setup_ns":292,"host_staging_ns":1521,"host_launch_ns":4760,"host_wait_ns":2962997,"cuda_graph_span_ns":2964960.098,"event_status":0,"launch_status":0,"completion_status":0}
{"schema":"riley.owned-graph-diagnostic.v1","kind":"read","capture_id":1,"replay_id":664,"host_read_bytes":98344,"host_read_ns":5048}
{"schema":"riley.owned-graph-diagnostic.v1","kind":"replay","capture_id":1,"replay_id":665,"position":28,"host_staging_bytes":98344,"event_setup_ns":280,"host_staging_ns":1514,"host_launch_ns":4676,"host_wait_ns":2959670,"cuda_graph_span_ns":2961600.065,"event_status":0,"launch_status":0,"completion_status":0}
{"schema":"riley.owned-graph-diagnostic.v1","kind":"read","capture_id":1,"replay_id":665,"host_read_bytes":98344,"host_read_ns":4681}
{"schema":"riley.owned-graph-diagnostic.v1","kind":"replay","capture_id":1,"replay_id":666,"position":29,"host_staging_bytes":98344,"event_setup_ns":378,"host_staging_ns":1503,"host_launch_ns":4702,"host_wait_ns":2967886,"cuda_graph_span_ns":2969696.045,"event_status":0,"launch_status":0,"completion_status":0}
{"schema":"riley.owned-graph-diagnostic.v1","kind":"read","capture_id":1,"replay_id":666,"host_read_bytes":98344,"host_read_ns":4878}
{"schema":"riley.owned-graph-diagnostic.v1","kind":"replay","capture_id":1,"replay_id":667,"position":30,"host_staging_bytes":98344,"event_setup_ns":347,"host_staging_ns":1531,"host_launch_ns":4639,"host_wait_ns":2956766,"cuda_graph_span_ns":2958688.021,"event_status":0,"launch_status":0,"completion_status":0}
{"schema":"riley.owned-graph-diagnostic.v1","kind":"read","capture_id":1,"replay_id":667,"host_read_bytes":98344,"host_read_ns":4468}
{"schema":"riley.owned-graph-diagnostic.v1","kind":"replay","capture_id":1,"replay_id":668,"position":31,"host_staging_bytes":98344,"event_setup_ns":282,"host_staging_ns":1517,"host_launch_ns":4687,"host_wait_ns":2950675,"cuda_graph_span_ns":2952672.005,"event_status":0,"launch_status":0,"completion_status":0}
{"schema":"riley.owned-graph-diagnostic.v1","kind":"read","capture_id":1,"replay_id":668,"host_read_bytes":98344,"host_read_ns":4706}
{"schema":"riley.owned-graph-diagnostic.v1","kind":"replay","capture_id":1,"replay_id":669,"position":32,"host_staging_bytes":98344,"event_setup_ns":290,"host_staging_ns":1514,"host_launch_ns":5032,"host_wait_ns":3032884,"cuda_graph_span_ns":3035167.933,"event_status":0,"launch_status":0,"completion_status":0}
{"schema":"riley.owned-graph-diagnostic.v1","kind":"read","capture_id":1,"replay_id":669,"host_read_bytes":98344,"host_read_ns":4648}
{"schema":"riley.owned-graph-diagnostic.v1","kind":"replay","capture_id":1,"replay_id":670,"position":33,"host_staging_bytes":98344,"event_setup_ns":446,"host_staging_ns":1524,"host_launch_ns":4783,"host_wait_ns":3059351,"cuda_graph_span_ns":3061280.012,"event_status":0,"launch_status":0,"completion_status":0}
{"schema":"riley.owned-graph-diagnostic.v1","kind":"read","capture_id":1,"replay_id":670,"host_read_bytes":98344,"host_read_ns":4656}
{"schema":"riley.owned-graph-diagnostic.v1","kind":"replay","capture_id":1,"replay_id":671,"position":34,"host_staging_bytes":98344,"event_setup_ns":287,"host_staging_ns":1526,"host_launch_ns":4613,"host_wait_ns":3061573,"cuda_graph_span_ns":3063456.059,"event_status":0,"launch_status":0,"completion_status":0}
{"schema":"riley.owned-graph-diagnostic.v1","kind":"read","capture_id":1,"replay_id":671,"host_read_bytes":98344,"host_read_ns":4492}
{"schema":"riley.owned-graph-diagnostic.v1","kind":"replay","capture_id":1,"replay_id":672,"position":35,"host_staging_bytes":98344,"event_setup_ns":477,"host_staging_ns":1536,"host_launch_ns":4617,"host_wait_ns":3053116,"cuda_graph_span_ns":3055104.017,"event_status":0,"launch_status":0,"completion_status":0}
{"schema":"riley.owned-graph-diagnostic.v1","kind":"read","capture_id":1,"replay_id":672,"host_read_bytes":98344,"host_read_ns":4662}
{"schema":"riley.owned-graph-diagnostic.v1","kind":"replay","capture_id":1,"replay_id":673,"position":36,"host_staging_bytes":98344,"event_setup_ns":322,"host_staging_ns":1533,"host_launch_ns":5002,"host_wait_ns":3053655,"cuda_graph_span_ns":3056031.942,"event_status":0,"launch_status":0,"completion_status":0}
{"schema":"riley.owned-graph-diagnostic.v1","kind":"read","capture_id":1,"replay_id":673,"host_read_bytes":98344,"host_read_ns":4950}
{"schema":"riley.owned-graph-diagnostic.v1","kind":"replay","capture_id":1,"replay_id":674,"position":37,"host_staging_bytes":98344,"event_setup_ns":353,"host_staging_ns":1512,"host_launch_ns":4628,"host_wait_ns":3062049,"cuda_graph_span_ns":3063904.047,"event_status":0,"launch_status":0,"completion_status":0}
{"schema":"riley.owned-graph-diagnostic.v1","kind":"read","capture_id":1,"replay_id":674,"host_read_bytes":98344,"host_read_ns":4576}
{"schema":"riley.owned-graph-diagnostic.v1","kind":"replay","capture_id":1,"replay_id":675,"position":38,"host_staging_bytes":98344,"event_setup_ns":291,"host_staging_ns":1511,"host_launch_ns":4741,"host_wait_ns":3079495,"cuda_graph_span_ns":3081439.972,"event_status":0,"launch_status":0,"completion_status":0}
{"schema":"riley.owned-graph-diagnostic.v1","kind":"read","capture_id":1,"replay_id":675,"host_read_bytes":98344,"host_read_ns":4636}
{"schema":"riley.owned-graph-diagnostic.v1","kind":"replay","capture_id":1,"replay_id":676,"position":39,"host_staging_bytes":98344,"event_setup_ns":358,"host_staging_ns":1511,"host_launch_ns":5116,"host_wait_ns":3063576,"cuda_graph_span_ns":3065599.918,"event_status":0,"launch_status":0,"completion_status":0}
{"schema":"riley.owned-graph-diagnostic.v1","kind":"read","capture_id":1,"replay_id":676,"host_read_bytes":98344,"host_read_ns":4645}
{"schema":"riley.owned-graph-diagnostic.v1","kind":"replay","capture_id":1,"replay_id":677,"position":40,"host_staging_bytes":98344,"event_setup_ns":350,"host_staging_ns":1512,"host_launch_ns":4810,"host_wait_ns":3094084,"cuda_graph_span_ns":3096191.883,"event_status":0,"launch_status":0,"completion_status":0}
{"schema":"riley.owned-graph-diagnostic.v1","kind":"read","capture_id":1,"replay_id":677,"host_read_bytes":98344,"host_read_ns":4626}
{"schema":"riley.owned-graph-diagnostic.v1","kind":"replay","capture_id":1,"replay_id":678,"position":41,"host_staging_bytes":98344,"event_setup_ns":310,"host_staging_ns":1534,"host_launch_ns":4602,"host_wait_ns":3137144,"cuda_graph_span_ns":3139136.076,"event_status":0,"launch_status":0,"completion_status":0}
{"schema":"riley.owned-graph-diagnostic.v1","kind":"read","capture_id":1,"replay_id":678,"host_read_bytes":98344,"host_read_ns":4850}
{"schema":"riley.owned-graph-diagnostic.v1","kind":"replay","capture_id":1,"replay_id":679,"position":42,"host_staging_bytes":98344,"event_setup_ns":371,"host_staging_ns":1513,"host_launch_ns":4667,"host_wait_ns":3153111,"cuda_graph_span_ns":3155040.026,"event_status":0,"launch_status":0,"completion_status":0}
{"schema":"riley.owned-graph-diagnostic.v1","kind":"read","capture_id":1,"replay_id":679,"host_read_bytes":98344,"host_read_ns":4376}
{"schema":"riley.owned-graph-diagnostic.v1","kind":"replay","capture_id":1,"replay_id":680,"position":43,"host_staging_bytes":98344,"event_setup_ns":353,"host_staging_ns":1533,"host_launch_ns":4737,"host_wait_ns":3151394,"cuda_graph_span_ns":3153280.020,"event_status":0,"launch_status":0,"completion_status":0}
{"schema":"riley.owned-graph-diagnostic.v1","kind":"read","capture_id":1,"replay_id":680,"host_read_bytes":98344,"host_read_ns":4644}
{"schema":"riley.owned-graph-diagnostic.v1","kind":"replay","capture_id":1,"replay_id":681,"position":44,"host_staging_bytes":98344,"event_setup_ns":352,"host_staging_ns":1540,"host_launch_ns":7878,"host_wait_ns":3134272,"cuda_graph_span_ns":3139456.034,"event_status":0,"launch_status":0,"completion_status":0}
{"schema":"riley.owned-graph-diagnostic.v1","kind":"read","capture_id":1,"replay_id":681,"host_read_bytes":98344,"host_read_ns":5311}
{"schema":"riley.owned-graph-diagnostic.v1","kind":"replay","capture_id":1,"replay_id":682,"position":45,"host_staging_bytes":98344,"event_setup_ns":380,"host_staging_ns":1551,"host_launch_ns":5325,"host_wait_ns":3161401,"cuda_graph_span_ns":3163520.098,"event_status":0,"launch_status":0,"completion_status":0}
{"schema":"riley.owned-graph-diagnostic.v1","kind":"read","capture_id":1,"replay_id":682,"host_read_bytes":98344,"host_read_ns":5528}
{"schema":"riley.owned-graph-diagnostic.v1","kind":"replay","capture_id":1,"replay_id":683,"position":46,"host_staging_bytes":98344,"event_setup_ns":572,"host_staging_ns":1539,"host_launch_ns":4948,"host_wait_ns":3153142,"cuda_graph_span_ns":3155040.026,"event_status":0,"launch_status":0,"completion_status":0}
{"schema":"riley.owned-graph-diagnostic.v1","kind":"read","capture_id":1,"replay_id":683,"host_read_bytes":98344,"host_read_ns":4385}
{"schema":"riley.owned-graph-diagnostic.v1","kind":"replay","capture_id":1,"replay_id":684,"position":47,"host_staging_bytes":98344,"event_setup_ns":357,"host_staging_ns":1511,"host_launch_ns":4879,"host_wait_ns":3145240,"cuda_graph_span_ns":3147264.004,"event_status":0,"launch_status":0,"completion_status":0}
{"schema":"riley.owned-graph-diagnostic.v1","kind":"read","capture_id":1,"replay_id":684,"host_read_bytes":98344,"host_read_ns":4543}
{"schema":"riley.owned-graph-diagnostic.v1","kind":"replay","capture_id":1,"replay_id":685,"position":48,"host_staging_bytes":98344,"event_setup_ns":284,"host_staging_ns":1560,"host_launch_ns":4609,"host_wait_ns":3205329,"cuda_graph_span_ns":3207263.947,"event_status":0,"launch_status":0,"completion_status":0}
{"schema":"riley.owned-graph-diagnostic.v1","kind":"read","capture_id":1,"replay_id":685,"host_read_bytes":98344,"host_read_ns":4786}
{"schema":"riley.owned-graph-diagnostic.v1","kind":"replay","capture_id":1,"replay_id":686,"position":49,"host_staging_bytes":98344,"event_setup_ns":490,"host_staging_ns":1525,"host_launch_ns":4759,"host_wait_ns":3241184,"cuda_graph_span_ns":3242944.002,"event_status":0,"launch_status":0,"completion_status":0}
{"schema":"riley.owned-graph-diagnostic.v1","kind":"read","capture_id":1,"replay_id":686,"host_read_bytes":98344,"host_read_ns":4464}
{"schema":"riley.owned-graph-diagnostic.v1","kind":"replay","capture_id":1,"replay_id":687,"position":50,"host_staging_bytes":98344,"event_setup_ns":360,"host_staging_ns":1514,"host_launch_ns":4689,"host_wait_ns":3242862,"cuda_graph_span_ns":3244863.987,"event_status":0,"launch_status":0,"completion_status":0}
{"schema":"riley.owned-graph-diagnostic.v1","kind":"read","capture_id":1,"replay_id":687,"host_read_bytes":98344,"host_read_ns":4545}
{"schema":"riley.owned-graph-diagnostic.v1","kind":"replay","capture_id":1,"replay_id":688,"position":51,"host_staging_bytes":98344,"event_setup_ns":360,"host_staging_ns":1542,"host_launch_ns":4815,"host_wait_ns":3255572,"cuda_graph_span_ns":3257760.048,"event_status":0,"launch_status":0,"completion_status":0}
{"schema":"riley.owned-graph-diagnostic.v1","kind":"read","capture_id":1,"replay_id":688,"host_read_bytes":98344,"host_read_ns":4636}
{"schema":"riley.owned-graph-diagnostic.v1","kind":"replay","capture_id":1,"replay_id":689,"position":52,"host_staging_bytes":98344,"event_setup_ns":285,"host_staging_ns":1524,"host_launch_ns":4723,"host_wait_ns":3242972,"cuda_graph_span_ns":3244992.018,"event_status":0,"launch_status":0,"completion_status":0}
{"schema":"riley.owned-graph-diagnostic.v1","kind":"read","capture_id":1,"replay_id":689,"host_read_bytes":98344,"host_read_ns":4538}
{"schema":"riley.owned-graph-diagnostic.v1","kind":"replay","capture_id":1,"replay_id":690,"position":53,"host_staging_bytes":98344,"event_setup_ns":343,"host_staging_ns":1504,"host_launch_ns":4767,"host_wait_ns":3255505,"cuda_graph_span_ns":3257440.090,"event_status":0,"launch_status":0,"completion_status":0}
{"schema":"riley.owned-graph-diagnostic.v1","kind":"read","capture_id":1,"replay_id":690,"host_read_bytes":98344,"host_read_ns":4292}
{"schema":"riley.owned-graph-diagnostic.v1","kind":"replay","capture_id":1,"replay_id":691,"position":54,"host_staging_bytes":98344,"event_setup_ns":284,"host_staging_ns":1524,"host_launch_ns":4857,"host_wait_ns":3248941,"cuda_graph_span_ns":3251104.116,"event_status":0,"launch_status":0,"completion_status":0}
{"schema":"riley.owned-graph-diagnostic.v1","kind":"read","capture_id":1,"replay_id":691,"host_read_bytes":98344,"host_read_ns":4845}
{"schema":"riley.owned-graph-diagnostic.v1","kind":"replay","capture_id":1,"replay_id":692,"position":55,"host_staging_bytes":98344,"event_setup_ns":281,"host_staging_ns":1536,"host_launch_ns":5054,"host_wait_ns":3258943,"cuda_graph_span_ns":3261215.925,"event_status":0,"launch_status":0,"completion_status":0}
{"schema":"riley.owned-graph-diagnostic.v1","kind":"read","capture_id":1,"replay_id":692,"host_read_bytes":98344,"host_read_ns":4282}
{"schema":"riley.owned-graph-diagnostic.v1","kind":"replay","capture_id":1,"replay_id":693,"position":56,"host_staging_bytes":98344,"event_setup_ns":325,"host_staging_ns":1514,"host_launch_ns":4646,"host_wait_ns":3283667,"cuda_graph_span_ns":3285567.999,"event_status":0,"launch_status":0,"completion_status":0}
{"schema":"riley.owned-graph-diagnostic.v1","kind":"read","capture_id":1,"replay_id":693,"host_read_bytes":98344,"host_read_ns":5017}
{"schema":"riley.owned-graph-diagnostic.v1","kind":"replay","capture_id":1,"replay_id":694,"position":57,"host_staging_bytes":98344,"event_setup_ns":283,"host_staging_ns":1529,"host_launch_ns":4990,"host_wait_ns":3339810,"cuda_graph_span_ns":3342207.909,"event_status":0,"launch_status":0,"completion_status":0}
{"schema":"riley.owned-graph-diagnostic.v1","kind":"read","capture_id":1,"replay_id":694,"host_read_bytes":98344,"host_read_ns":4225}
{"schema":"riley.owned-graph-diagnostic.v1","kind":"replay","capture_id":1,"replay_id":695,"position":58,"host_staging_bytes":98344,"event_setup_ns":289,"host_staging_ns":1514,"host_launch_ns":4604,"host_wait_ns":3332955,"cuda_graph_span_ns":3334975.958,"event_status":0,"launch_status":0,"completion_status":0}
{"schema":"riley.owned-graph-diagnostic.v1","kind":"read","capture_id":1,"replay_id":695,"host_read_bytes":98344,"host_read_ns":4907}
{"schema":"riley.owned-graph-diagnostic.v1","kind":"replay","capture_id":1,"replay_id":696,"position":59,"host_staging_bytes":98344,"event_setup_ns":280,"host_staging_ns":1533,"host_launch_ns":4654,"host_wait_ns":3343936,"cuda_graph_span_ns":3345983.982,"event_status":0,"launch_status":0,"completion_status":0}
{"schema":"riley.owned-graph-diagnostic.v1","kind":"read","capture_id":1,"replay_id":696,"host_read_bytes":98344,"host_read_ns":4900}
{"schema":"riley.owned-graph-diagnostic.v1","kind":"replay","capture_id":1,"replay_id":697,"position":60,"host_staging_bytes":98344,"event_setup_ns":287,"host_staging_ns":1542,"host_launch_ns":4761,"host_wait_ns":3328450,"cuda_graph_span_ns":3330208.063,"event_status":0,"launch_status":0,"completion_status":0}
{"schema":"riley.owned-graph-diagnostic.v1","kind":"read","capture_id":1,"replay_id":697,"host_read_bytes":98344,"host_read_ns":5854}
{"schema":"riley.owned-graph-diagnostic.v1","kind":"replay","capture_id":1,"replay_id":698,"position":61,"host_staging_bytes":98344,"event_setup_ns":529,"host_staging_ns":1624,"host_launch_ns":5418,"host_wait_ns":3330176,"cuda_graph_span_ns":3332895.994,"event_status":0,"launch_status":0,"completion_status":0}
{"schema":"riley.owned-graph-diagnostic.v1","kind":"read","capture_id":1,"replay_id":698,"host_read_bytes":98344,"host_read_ns":5202}
{"schema":"riley.owned-graph-diagnostic.v1","kind":"replay","capture_id":1,"replay_id":699,"position":62,"host_staging_bytes":98344,"event_setup_ns":531,"host_staging_ns":1588,"host_launch_ns":5238,"host_wait_ns":3332754,"cuda_graph_span_ns":3334815.979,"event_status":0,"launch_status":0,"completion_status":0}
{"schema":"riley.owned-graph-diagnostic.v1","kind":"read","capture_id":1,"replay_id":699,"host_read_bytes":98344,"host_read_ns":4851}
{"schema":"riley.owned-graph-diagnostic.v1","kind":"replay","capture_id":1,"replay_id":700,"position":63,"host_staging_bytes":98344,"event_setup_ns":572,"host_staging_ns":1529,"host_launch_ns":5234,"host_wait_ns":3342840,"cuda_graph_span_ns":3345151.901,"event_status":0,"launch_status":0,"completion_status":0}
{"schema":"riley.owned-graph-diagnostic.v1","kind":"read","capture_id":1,"replay_id":700,"host_read_bytes":98344,"host_read_ns":4639}
{"schema":"riley.owned-graph-diagnostic.v1","kind":"replay","capture_id":1,"replay_id":701,"position":64,"host_staging_bytes":98344,"event_setup_ns":417,"host_staging_ns":1528,"host_launch_ns":4933,"host_wait_ns":3396796,"cuda_graph_span_ns":3398880.005,"event_status":0,"launch_status":0,"completion_status":0}
{"schema":"riley.owned-graph-diagnostic.v1","kind":"read","capture_id":1,"replay_id":701,"host_read_bytes":98344,"host_read_ns":4746}
{"schema":"riley.owned-graph-diagnostic.v1","kind":"replay","capture_id":1,"replay_id":702,"position":65,"host_staging_bytes":98344,"event_setup_ns":406,"host_staging_ns":1533,"host_launch_ns":4853,"host_wait_ns":3437883,"cuda_graph_span_ns":3439968.109,"event_status":0,"launch_status":0,"completion_status":0}
{"schema":"riley.owned-graph-diagnostic.v1","kind":"read","capture_id":1,"replay_id":702,"host_read_bytes":98344,"host_read_ns":4200}
{"schema":"riley.owned-graph-diagnostic.v1","kind":"replay","capture_id":1,"replay_id":703,"position":66,"host_staging_bytes":98344,"event_setup_ns":291,"host_staging_ns":1507,"host_launch_ns":4587,"host_wait_ns":3441499,"cuda_graph_span_ns":3443423.986,"event_status":0,"launch_status":0,"completion_status":0}
{"schema":"riley.owned-graph-diagnostic.v1","kind":"read","capture_id":1,"replay_id":703,"host_read_bytes":98344,"host_read_ns":4849}
{"schema":"riley.owned-graph-diagnostic.v1","kind":"replay","capture_id":1,"replay_id":704,"position":67,"host_staging_bytes":98344,"event_setup_ns":287,"host_staging_ns":1528,"host_launch_ns":4769,"host_wait_ns":3441421,"cuda_graph_span_ns":3443295.956,"event_status":0,"launch_status":0,"completion_status":0}
{"schema":"riley.owned-graph-diagnostic.v1","kind":"read","capture_id":1,"replay_id":704,"host_read_bytes":98344,"host_read_ns":4745}
{"schema":"riley.owned-graph-diagnostic.v1","kind":"replay","capture_id":1,"replay_id":705,"position":68,"host_staging_bytes":98344,"event_setup_ns":290,"host_staging_ns":1524,"host_launch_ns":4828,"host_wait_ns":3440583,"cuda_graph_span_ns":3442751.884,"event_status":0,"launch_status":0,"completion_status":0}
{"schema":"riley.owned-graph-diagnostic.v1","kind":"read","capture_id":1,"replay_id":705,"host_read_bytes":98344,"host_read_ns":4831}
{"schema":"riley.owned-graph-diagnostic.v1","kind":"replay","capture_id":1,"replay_id":706,"position":69,"host_staging_bytes":98344,"event_setup_ns":290,"host_staging_ns":1512,"host_launch_ns":4812,"host_wait_ns":3466034,"cuda_graph_span_ns":3467936.039,"event_status":0,"launch_status":0,"completion_status":0}
{"schema":"riley.owned-graph-diagnostic.v1","kind":"read","capture_id":1,"replay_id":706,"host_read_bytes":98344,"host_read_ns":4870}
{"schema":"riley.owned-graph-diagnostic.v1","kind":"replay","capture_id":1,"replay_id":707,"position":70,"host_staging_bytes":98344,"event_setup_ns":282,"host_staging_ns":1532,"host_launch_ns":5182,"host_wait_ns":3437684,"cuda_graph_span_ns":3440095.901,"event_status":0,"launch_status":0,"completion_status":0}
{"schema":"riley.owned-graph-diagnostic.v1","kind":"read","capture_id":1,"replay_id":707,"host_read_bytes":98344,"host_read_ns":4965}
{"schema":"riley.owned-graph-diagnostic.v1","kind":"replay","capture_id":1,"replay_id":708,"position":71,"host_staging_bytes":98344,"event_setup_ns":293,"host_staging_ns":1535,"host_launch_ns":4859,"host_wait_ns":3432519,"cuda_graph_span_ns":3434528.112,"event_status":0,"launch_status":0,"completion_status":0}
{"schema":"riley.owned-graph-diagnostic.v1","kind":"read","capture_id":1,"replay_id":708,"host_read_bytes":98344,"host_read_ns":4682}
{"schema":"riley.owned-graph-diagnostic.v1","kind":"replay","capture_id":1,"replay_id":709,"position":72,"host_staging_bytes":98344,"event_setup_ns":369,"host_staging_ns":1531,"host_launch_ns":4680,"host_wait_ns":3490530,"cuda_graph_span_ns":3492608.070,"event_status":0,"launch_status":0,"completion_status":0}
{"schema":"riley.owned-graph-diagnostic.v1","kind":"read","capture_id":1,"replay_id":709,"host_read_bytes":98344,"host_read_ns":4835}
{"schema":"riley.owned-graph-diagnostic.v1","kind":"replay","capture_id":1,"replay_id":710,"position":73,"host_staging_bytes":98344,"event_setup_ns":289,"host_staging_ns":1527,"host_launch_ns":4673,"host_wait_ns":3519753,"cuda_graph_span_ns":3521568.060,"event_status":0,"launch_status":0,"completion_status":0}
{"schema":"riley.owned-graph-diagnostic.v1","kind":"read","capture_id":1,"replay_id":710,"host_read_bytes":98344,"host_read_ns":4670}
{"schema":"riley.owned-graph-diagnostic.v1","kind":"replay","capture_id":1,"replay_id":711,"position":74,"host_staging_bytes":98344,"event_setup_ns":360,"host_staging_ns":1527,"host_launch_ns":4854,"host_wait_ns":3530059,"cuda_graph_span_ns":3532448.053,"event_status":0,"launch_status":0,"completion_status":0}
{"schema":"riley.owned-graph-diagnostic.v1","kind":"read","capture_id":1,"replay_id":711,"host_read_bytes":98344,"host_read_ns":4966}
{"schema":"riley.owned-graph-diagnostic.v1","kind":"replay","capture_id":1,"replay_id":712,"position":75,"host_staging_bytes":98344,"event_setup_ns":500,"host_staging_ns":1526,"host_launch_ns":4807,"host_wait_ns":3535537,"cuda_graph_span_ns":3537760.019,"event_status":0,"launch_status":0,"completion_status":0}
{"schema":"riley.owned-graph-diagnostic.v1","kind":"read","capture_id":1,"replay_id":712,"host_read_bytes":98344,"host_read_ns":4641}
{"schema":"riley.owned-graph-diagnostic.v1","kind":"replay","capture_id":1,"replay_id":713,"position":76,"host_staging_bytes":98344,"event_setup_ns":290,"host_staging_ns":1507,"host_launch_ns":4770,"host_wait_ns":3527713,"cuda_graph_span_ns":3529759.884,"event_status":0,"launch_status":0,"completion_status":0}
{"schema":"riley.owned-graph-diagnostic.v1","kind":"read","capture_id":1,"replay_id":713,"host_read_bytes":98344,"host_read_ns":4529}
{"schema":"riley.owned-graph-diagnostic.v1","kind":"replay","capture_id":1,"replay_id":714,"position":77,"host_staging_bytes":98344,"event_setup_ns":325,"host_staging_ns":1530,"host_launch_ns":4813,"host_wait_ns":3534419,"cuda_graph_span_ns":3536416.054,"event_status":0,"launch_status":0,"completion_status":0}
{"schema":"riley.owned-graph-diagnostic.v1","kind":"read","capture_id":1,"replay_id":714,"host_read_bytes":98344,"host_read_ns":4371}
{"schema":"riley.owned-graph-diagnostic.v1","kind":"replay","capture_id":1,"replay_id":715,"position":78,"host_staging_bytes":98344,"event_setup_ns":352,"host_staging_ns":1523,"host_launch_ns":4593,"host_wait_ns":3529497,"cuda_graph_span_ns":3531264.067,"event_status":0,"launch_status":0,"completion_status":0}
{"schema":"riley.owned-graph-diagnostic.v1","kind":"read","capture_id":1,"replay_id":715,"host_read_bytes":98344,"host_read_ns":4894}
{"schema":"riley.owned-graph-diagnostic.v1","kind":"replay","capture_id":1,"replay_id":716,"position":79,"host_staging_bytes":98344,"event_setup_ns":384,"host_staging_ns":1521,"host_launch_ns":4801,"host_wait_ns":3532253,"cuda_graph_span_ns":3534303.904,"event_status":0,"launch_status":0,"completion_status":0}
{"schema":"riley.owned-graph-diagnostic.v1","kind":"read","capture_id":1,"replay_id":716,"host_read_bytes":98344,"host_read_ns":4602}
{"schema":"riley.owned-graph-diagnostic.v1","kind":"replay","capture_id":1,"replay_id":717,"position":80,"host_staging_bytes":98344,"event_setup_ns":363,"host_staging_ns":1536,"host_launch_ns":4550,"host_wait_ns":3600790,"cuda_graph_span_ns":3602400.064,"event_status":0,"launch_status":0,"completion_status":0}
{"schema":"riley.owned-graph-diagnostic.v1","kind":"read","capture_id":1,"replay_id":717,"host_read_bytes":98344,"host_read_ns":4742}
{"schema":"riley.owned-graph-diagnostic.v1","kind":"replay","capture_id":1,"replay_id":718,"position":81,"host_staging_bytes":98344,"event_setup_ns":379,"host_staging_ns":1532,"host_launch_ns":4557,"host_wait_ns":3637499,"cuda_graph_span_ns":3639264.107,"event_status":0,"launch_status":0,"completion_status":0}
{"schema":"riley.owned-graph-diagnostic.v1","kind":"read","capture_id":1,"replay_id":718,"host_read_bytes":98344,"host_read_ns":4543}
{"schema":"riley.owned-graph-diagnostic.v1","kind":"replay","capture_id":1,"replay_id":719,"position":82,"host_staging_bytes":98344,"event_setup_ns":318,"host_staging_ns":1515,"host_launch_ns":4539,"host_wait_ns":3633122,"cuda_graph_span_ns":3634848.118,"event_status":0,"launch_status":0,"completion_status":0}
{"schema":"riley.owned-graph-diagnostic.v1","kind":"read","capture_id":1,"replay_id":719,"host_read_bytes":98344,"host_read_ns":4586}
{"schema":"riley.owned-graph-diagnostic.v1","kind":"replay","capture_id":1,"replay_id":720,"position":83,"host_staging_bytes":98344,"event_setup_ns":283,"host_staging_ns":1512,"host_launch_ns":4599,"host_wait_ns":3640934,"cuda_graph_span_ns":3642688.036,"event_status":0,"launch_status":0,"completion_status":0}
{"schema":"riley.owned-graph-diagnostic.v1","kind":"read","capture_id":1,"replay_id":720,"host_read_bytes":98344,"host_read_ns":4860}
{"schema":"riley.owned-graph-diagnostic.v1","kind":"replay","capture_id":1,"replay_id":721,"position":84,"host_staging_bytes":98344,"event_setup_ns":510,"host_staging_ns":1507,"host_launch_ns":4810,"host_wait_ns":3656821,"cuda_graph_span_ns":3658816.099,"event_status":0,"launch_status":0,"completion_status":0}
{"schema":"riley.owned-graph-diagnostic.v1","kind":"read","capture_id":1,"replay_id":721,"host_read_bytes":98344,"host_read_ns":4663}
{"schema":"riley.owned-graph-diagnostic.v1","kind":"replay","capture_id":1,"replay_id":722,"position":85,"host_staging_bytes":98344,"event_setup_ns":538,"host_staging_ns":1557,"host_launch_ns":4964,"host_wait_ns":3642341,"cuda_graph_span_ns":3644511.938,"event_status":0,"launch_status":0,"completion_status":0}
{"schema":"riley.owned-graph-diagnostic.v1","kind":"read","capture_id":1,"replay_id":722,"host_read_bytes":98344,"host_read_ns":4812}
{"schema":"riley.owned-graph-diagnostic.v1","kind":"replay","capture_id":1,"replay_id":723,"position":86,"host_staging_bytes":98344,"event_setup_ns":709,"host_staging_ns":1562,"host_launch_ns":5280,"host_wait_ns":3628362,"cuda_graph_span_ns":3630719.900,"event_status":0,"launch_status":0,"completion_status":0}
{"schema":"riley.owned-graph-diagnostic.v1","kind":"read","capture_id":1,"replay_id":723,"host_read_bytes":98344,"host_read_ns":5321}
{"schema":"riley.owned-graph-diagnostic.v1","kind":"replay","capture_id":1,"replay_id":724,"position":87,"host_staging_bytes":98344,"event_setup_ns":606,"host_staging_ns":1567,"host_launch_ns":5795,"host_wait_ns":3621507,"cuda_graph_span_ns":3624576.092,"event_status":0,"launch_status":0,"completion_status":0}
{"schema":"riley.owned-graph-diagnostic.v1","kind":"read","capture_id":1,"replay_id":724,"host_read_bytes":98344,"host_read_ns":4720}
{"schema":"riley.owned-graph-diagnostic.v1","kind":"replay","capture_id":1,"replay_id":725,"position":88,"host_staging_bytes":98344,"event_setup_ns":434,"host_staging_ns":1580,"host_launch_ns":5305,"host_wait_ns":3666243,"cuda_graph_span_ns":3668544.054,"event_status":0,"launch_status":0,"completion_status":0}
{"schema":"riley.owned-graph-diagnostic.v1","kind":"read","capture_id":1,"replay_id":725,"host_read_bytes":98344,"host_read_ns":4744}
{"schema":"riley.owned-graph-diagnostic.v1","kind":"replay","capture_id":1,"replay_id":726,"position":89,"host_staging_bytes":98344,"event_setup_ns":558,"host_staging_ns":1584,"host_launch_ns":5373,"host_wait_ns":3705602,"cuda_graph_span_ns":3708159.924,"event_status":0,"launch_status":0,"completion_status":0}
{"schema":"riley.owned-graph-diagnostic.v1","kind":"read","capture_id":1,"replay_id":726,"host_read_bytes":98344,"host_read_ns":4649}
{"schema":"riley.owned-graph-diagnostic.v1","kind":"replay","capture_id":1,"replay_id":727,"position":90,"host_staging_bytes":98344,"event_setup_ns":518,"host_staging_ns":1548,"host_launch_ns":5393,"host_wait_ns":3715667,"cuda_graph_span_ns":3718015.909,"event_status":0,"launch_status":0,"completion_status":0}
{"schema":"riley.owned-graph-diagnostic.v1","kind":"read","capture_id":1,"replay_id":727,"host_read_bytes":98344,"host_read_ns":5755}
{"schema":"riley.owned-graph-diagnostic.v1","kind":"replay","capture_id":1,"replay_id":728,"position":91,"host_staging_bytes":98344,"event_setup_ns":477,"host_staging_ns":1599,"host_launch_ns":5909,"host_wait_ns":3721397,"cuda_graph_span_ns":3724607.944,"event_status":0,"launch_status":0,"completion_status":0}
{"schema":"riley.owned-graph-diagnostic.v1","kind":"read","capture_id":1,"replay_id":728,"host_read_bytes":98344,"host_read_ns":6840}
{"schema":"riley.owned-graph-diagnostic.v1","kind":"replay","capture_id":1,"replay_id":729,"position":92,"host_staging_bytes":98344,"event_setup_ns":395,"host_staging_ns":1631,"host_launch_ns":5100,"host_wait_ns":3717380,"cuda_graph_span_ns":3719743.967,"event_status":0,"launch_status":0,"completion_status":0}
{"schema":"riley.owned-graph-diagnostic.v1","kind":"read","capture_id":1,"replay_id":729,"host_read_bytes":98344,"host_read_ns":4810}
{"schema":"riley.owned-graph-diagnostic.v1","kind":"replay","capture_id":1,"replay_id":730,"position":93,"host_staging_bytes":98344,"event_setup_ns":521,"host_staging_ns":1598,"host_launch_ns":5368,"host_wait_ns":3724302,"cuda_graph_span_ns":3726560.116,"event_status":0,"launch_status":0,"completion_status":0}
{"schema":"riley.owned-graph-diagnostic.v1","kind":"read","capture_id":1,"replay_id":730,"host_read_bytes":98344,"host_read_ns":5017}
{"schema":"riley.owned-graph-diagnostic.v1","kind":"replay","capture_id":1,"replay_id":731,"position":94,"host_staging_bytes":98344,"event_setup_ns":301,"host_staging_ns":1577,"host_launch_ns":5195,"host_wait_ns":3721228,"cuda_graph_span_ns":3723711.967,"event_status":0,"launch_status":0,"completion_status":0}
{"schema":"riley.owned-graph-diagnostic.v1","kind":"read","capture_id":1,"replay_id":731,"host_read_bytes":98344,"host_read_ns":4732}
{"schema":"riley.owned-graph-diagnostic.v1","kind":"replay","capture_id":1,"replay_id":732,"position":95,"host_staging_bytes":98344,"event_setup_ns":290,"host_staging_ns":1602,"host_launch_ns":5582,"host_wait_ns":3712668,"cuda_graph_span_ns":3715359.926,"event_status":0,"launch_status":0,"completion_status":0}
{"schema":"riley.owned-graph-diagnostic.v1","kind":"read","capture_id":1,"replay_id":732,"host_read_bytes":98344,"host_read_ns":5041}
{"schema":"riley.owned-graph-diagnostic.v1","kind":"replay","capture_id":1,"replay_id":733,"position":96,"host_staging_bytes":98344,"event_setup_ns":425,"host_staging_ns":1564,"host_launch_ns":7930,"host_wait_ns":3775719,"cuda_graph_span_ns":3780704.021,"event_status":0,"launch_status":0,"completion_status":0}
{"schema":"riley.owned-graph-diagnostic.v1","kind":"read","capture_id":1,"replay_id":733,"host_read_bytes":98344,"host_read_ns":5403}
{"schema":"riley.owned-graph-diagnostic.v1","kind":"replay","capture_id":1,"replay_id":734,"position":97,"host_staging_bytes":98344,"event_setup_ns":884,"host_staging_ns":1708,"host_launch_ns":6298,"host_wait_ns":3817654,"cuda_graph_span_ns":3821471.930,"event_status":0,"launch_status":0,"completion_status":0}
{"schema":"riley.owned-graph-diagnostic.v1","kind":"read","capture_id":1,"replay_id":734,"host_read_bytes":98344,"host_read_ns":5018}
{"schema":"riley.owned-graph-diagnostic.v1","kind":"replay","capture_id":1,"replay_id":735,"position":98,"host_staging_bytes":98344,"event_setup_ns":554,"host_staging_ns":1589,"host_launch_ns":5062,"host_wait_ns":3814896,"cuda_graph_span_ns":3817280.054,"event_status":0,"launch_status":0,"completion_status":0}
{"schema":"riley.owned-graph-diagnostic.v1","kind":"read","capture_id":1,"replay_id":735,"host_read_bytes":98344,"host_read_ns":4361}
{"schema":"riley.owned-graph-diagnostic.v1","kind":"replay","capture_id":1,"replay_id":736,"position":99,"host_staging_bytes":98344,"event_setup_ns":398,"host_staging_ns":1521,"host_launch_ns":5051,"host_wait_ns":3813685,"cuda_graph_span_ns":3816159.964,"event_status":0,"launch_status":0,"completion_status":0}
{"schema":"riley.owned-graph-diagnostic.v1","kind":"read","capture_id":1,"replay_id":736,"host_read_bytes":98344,"host_read_ns":4743}
{"schema":"riley.owned-graph-diagnostic.v1","kind":"replay","capture_id":1,"replay_id":737,"position":100,"host_staging_bytes":98344,"event_setup_ns":349,"host_staging_ns":1534,"host_launch_ns":5076,"host_wait_ns":3828200,"cuda_graph_span_ns":3830688.000,"event_status":0,"launch_status":0,"completion_status":0}
{"schema":"riley.owned-graph-diagnostic.v1","kind":"read","capture_id":1,"replay_id":737,"host_read_bytes":98344,"host_read_ns":4786}
{"schema":"riley.owned-graph-diagnostic.v1","kind":"replay","capture_id":1,"replay_id":738,"position":101,"host_staging_bytes":98344,"event_setup_ns":508,"host_staging_ns":1543,"host_launch_ns":5384,"host_wait_ns":3841166,"cuda_graph_span_ns":3843679.905,"event_status":0,"launch_status":0,"completion_status":0}
{"schema":"riley.owned-graph-diagnostic.v1","kind":"read","capture_id":1,"replay_id":738,"host_read_bytes":98344,"host_read_ns":4470}
{"schema":"riley.owned-graph-diagnostic.v1","kind":"replay","capture_id":1,"replay_id":739,"position":102,"host_staging_bytes":98344,"event_setup_ns":360,"host_staging_ns":1511,"host_launch_ns":5115,"host_wait_ns":3835576,"cuda_graph_span_ns":3837824.106,"event_status":0,"launch_status":0,"completion_status":0}
{"schema":"riley.owned-graph-diagnostic.v1","kind":"read","capture_id":1,"replay_id":739,"host_read_bytes":98344,"host_read_ns":4997}
{"schema":"riley.owned-graph-diagnostic.v1","kind":"replay","capture_id":1,"replay_id":740,"position":103,"host_staging_bytes":98344,"event_setup_ns":412,"host_staging_ns":1564,"host_launch_ns":5502,"host_wait_ns":3818796,"cuda_graph_span_ns":3821343.899,"event_status":0,"launch_status":0,"completion_status":0}
{"schema":"riley.owned-graph-diagnostic.v1","kind":"read","capture_id":1,"replay_id":740,"host_read_bytes":98344,"host_read_ns":4657}
{"schema":"riley.owned-graph-diagnostic.v1","kind":"replay","capture_id":1,"replay_id":741,"position":104,"host_staging_bytes":98344,"event_setup_ns":319,"host_staging_ns":1513,"host_launch_ns":4705,"host_wait_ns":3860312,"cuda_graph_span_ns":3862207.890,"event_status":0,"launch_status":0,"completion_status":0}
{"schema":"riley.owned-graph-diagnostic.v1","kind":"read","capture_id":1,"replay_id":741,"host_read_bytes":98344,"host_read_ns":4717}
{"schema":"riley.owned-graph-diagnostic.v1","kind":"replay","capture_id":1,"replay_id":742,"position":105,"host_staging_bytes":98344,"event_setup_ns":286,"host_staging_ns":1524,"host_launch_ns":4981,"host_wait_ns":3899219,"cuda_graph_span_ns":3901472.092,"event_status":0,"launch_status":0,"completion_status":0}
{"schema":"riley.owned-graph-diagnostic.v1","kind":"read","capture_id":1,"replay_id":742,"host_read_bytes":98344,"host_read_ns":4706}
{"schema":"riley.owned-graph-diagnostic.v1","kind":"replay","capture_id":1,"replay_id":743,"position":106,"host_staging_bytes":98344,"event_setup_ns":334,"host_staging_ns":1547,"host_launch_ns":4617,"host_wait_ns":3908862,"cuda_graph_span_ns":3910880.089,"event_status":0,"launch_status":0,"completion_status":0}
{"schema":"riley.owned-graph-diagnostic.v1","kind":"read","capture_id":1,"replay_id":743,"host_read_bytes":98344,"host_read_ns":4327}
{"schema":"riley.owned-graph-diagnostic.v1","kind":"replay","capture_id":1,"replay_id":744,"position":107,"host_staging_bytes":98344,"event_setup_ns":361,"host_staging_ns":1512,"host_launch_ns":4773,"host_wait_ns":3914841,"cuda_graph_span_ns":3917023.897,"event_status":0,"launch_status":0,"completion_status":0}
{"schema":"riley.owned-graph-diagnostic.v1","kind":"read","capture_id":1,"replay_id":744,"host_read_bytes":98344,"host_read_ns":4792}
{"schema":"riley.owned-graph-diagnostic.v1","kind":"replay","capture_id":1,"replay_id":745,"position":108,"host_staging_bytes":98344,"event_setup_ns":279,"host_staging_ns":1537,"host_launch_ns":4710,"host_wait_ns":3916375,"cuda_graph_span_ns":3918272.018,"event_status":0,"launch_status":0,"completion_status":0}
{"schema":"riley.owned-graph-diagnostic.v1","kind":"read","capture_id":1,"replay_id":745,"host_read_bytes":98344,"host_read_ns":4591}
{"schema":"riley.owned-graph-diagnostic.v1","kind":"replay","capture_id":1,"replay_id":746,"position":109,"host_staging_bytes":98344,"event_setup_ns":353,"host_staging_ns":1563,"host_launch_ns":5003,"host_wait_ns":3910144,"cuda_graph_span_ns":3912159.920,"event_status":0,"launch_status":0,"completion_status":0}
{"schema":"riley.owned-graph-diagnostic.v1","kind":"read","capture_id":1,"replay_id":746,"host_read_bytes":98344,"host_read_ns":4724}
{"schema":"riley.owned-graph-diagnostic.v1","kind":"replay","capture_id":1,"replay_id":747,"position":110,"host_staging_bytes":98344,"event_setup_ns":486,"host_staging_ns":1543,"host_launch_ns":5090,"host_wait_ns":3909703,"cuda_graph_span_ns":3912031.889,"event_status":0,"launch_status":0,"completion_status":0}
{"schema":"riley.owned-graph-diagnostic.v1","kind":"read","capture_id":1,"replay_id":747,"host_read_bytes":98344,"host_read_ns":4614}
{"schema":"riley.owned-graph-diagnostic.v1","kind":"replay","capture_id":1,"replay_id":748,"position":111,"host_staging_bytes":98344,"event_setup_ns":284,"host_staging_ns":1540,"host_launch_ns":4944,"host_wait_ns":3899968,"cuda_graph_span_ns":3902271.986,"event_status":0,"launch_status":0,"completion_status":0}
{"schema":"riley.owned-graph-diagnostic.v1","kind":"read","capture_id":1,"replay_id":748,"host_read_bytes":98344,"host_read_ns":4327}
{"schema":"riley.owned-graph-diagnostic.v1","kind":"replay","capture_id":1,"replay_id":749,"position":112,"host_staging_bytes":98344,"event_setup_ns":294,"host_staging_ns":1563,"host_launch_ns":4937,"host_wait_ns":3978287,"cuda_graph_span_ns":3980448.008,"event_status":0,"launch_status":0,"completion_status":0}
{"schema":"riley.owned-graph-diagnostic.v1","kind":"read","capture_id":1,"replay_id":749,"host_read_bytes":98344,"host_read_ns":4904}
{"schema":"riley.owned-graph-diagnostic.v1","kind":"replay","capture_id":1,"replay_id":750,"position":113,"host_staging_bytes":98344,"event_setup_ns":507,"host_staging_ns":1549,"host_launch_ns":5342,"host_wait_ns":3999417,"cuda_graph_span_ns":4001855.850,"event_status":0,"launch_status":0,"completion_status":0}
{"schema":"riley.owned-graph-diagnostic.v1","kind":"read","capture_id":1,"replay_id":750,"host_read_bytes":98344,"host_read_ns":5917}
{"schema":"riley.owned-graph-diagnostic.v1","kind":"replay","capture_id":1,"replay_id":751,"position":114,"host_staging_bytes":98344,"event_setup_ns":610,"host_staging_ns":1577,"host_launch_ns":5548,"host_wait_ns":4015137,"cuda_graph_span_ns":4017920.017,"event_status":0,"launch_status":0,"completion_status":0}
{"schema":"riley.owned-graph-diagnostic.v1","kind":"read","capture_id":1,"replay_id":751,"host_read_bytes":98344,"host_read_ns":4766}
{"schema":"riley.owned-graph-diagnostic.v1","kind":"replay","capture_id":1,"replay_id":752,"position":115,"host_staging_bytes":98344,"event_setup_ns":455,"host_staging_ns":1545,"host_launch_ns":4848,"host_wait_ns":4014613,"cuda_graph_span_ns":4016575.813,"event_status":0,"launch_status":0,"completion_status":0}
{"schema":"riley.owned-graph-diagnostic.v1","kind":"read","capture_id":1,"replay_id":752,"host_read_bytes":98344,"host_read_ns":4594}
{"schema":"riley.owned-graph-diagnostic.v1","kind":"replay","capture_id":1,"replay_id":753,"position":116,"host_staging_bytes":98344,"event_setup_ns":378,"host_staging_ns":1579,"host_launch_ns":5140,"host_wait_ns":4014940,"cuda_graph_span_ns":4017343.998,"event_status":0,"launch_status":0,"completion_status":0}
{"schema":"riley.owned-graph-diagnostic.v1","kind":"read","capture_id":1,"replay_id":753,"host_read_bytes":98344,"host_read_ns":4772}
{"schema":"riley.owned-graph-diagnostic.v1","kind":"replay","capture_id":1,"replay_id":754,"position":117,"host_staging_bytes":98344,"event_setup_ns":451,"host_staging_ns":1560,"host_launch_ns":5631,"host_wait_ns":4015856,"cuda_graph_span_ns":4018464.088,"event_status":0,"launch_status":0,"completion_status":0}
{"schema":"riley.owned-graph-diagnostic.v1","kind":"read","capture_id":1,"replay_id":754,"host_read_bytes":98344,"host_read_ns":4965}
{"schema":"riley.owned-graph-diagnostic.v1","kind":"replay","capture_id":1,"replay_id":755,"position":118,"host_staging_bytes":98344,"event_setup_ns":589,"host_staging_ns":1573,"host_launch_ns":5272,"host_wait_ns":4010695,"cuda_graph_span_ns":4013279.915,"event_status":0,"launch_status":0,"completion_status":0}
{"schema":"riley.owned-graph-diagnostic.v1","kind":"read","capture_id":1,"replay_id":755,"host_read_bytes":98344,"host_read_ns":4536}
{"schema":"riley.owned-graph-diagnostic.v1","kind":"replay","capture_id":1,"replay_id":756,"position":119,"host_staging_bytes":98344,"event_setup_ns":294,"host_staging_ns":1533,"host_launch_ns":4894,"host_wait_ns":4020484,"cuda_graph_span_ns":4022687.912,"event_status":0,"launch_status":0,"completion_status":0}
{"schema":"riley.owned-graph-diagnostic.v1","kind":"read","capture_id":1,"replay_id":756,"host_read_bytes":98344,"host_read_ns":4588}
{"schema":"riley.owned-graph-diagnostic.v1","kind":"replay","capture_id":1,"replay_id":757,"position":120,"host_staging_bytes":98344,"event_setup_ns":285,"host_staging_ns":1533,"host_launch_ns":4728,"host_wait_ns":4054633,"cuda_graph_span_ns":4056704.044,"event_status":0,"launch_status":0,"completion_status":0}
{"schema":"riley.owned-graph-diagnostic.v1","kind":"read","capture_id":1,"replay_id":757,"host_read_bytes":98344,"host_read_ns":4424}
{"schema":"riley.owned-graph-diagnostic.v1","kind":"replay","capture_id":1,"replay_id":758,"position":121,"host_staging_bytes":98344,"event_setup_ns":430,"host_staging_ns":1559,"host_launch_ns":4732,"host_wait_ns":4081365,"cuda_graph_span_ns":4083487.988,"event_status":0,"launch_status":0,"completion_status":0}
{"schema":"riley.owned-graph-diagnostic.v1","kind":"read","capture_id":1,"replay_id":758,"host_read_bytes":98344,"host_read_ns":4483}
{"schema":"riley.owned-graph-diagnostic.v1","kind":"replay","capture_id":1,"replay_id":759,"position":122,"host_staging_bytes":98344,"event_setup_ns":422,"host_staging_ns":1541,"host_launch_ns":4911,"host_wait_ns":4104455,"cuda_graph_span_ns":4106592.178,"event_status":0,"launch_status":0,"completion_status":0}
{"schema":"riley.owned-graph-diagnostic.v1","kind":"read","capture_id":1,"replay_id":759,"host_read_bytes":98344,"host_read_ns":5111}
{"schema":"riley.owned-graph-diagnostic.v1","kind":"replay","capture_id":1,"replay_id":760,"position":123,"host_staging_bytes":98344,"event_setup_ns":377,"host_staging_ns":1526,"host_launch_ns":5230,"host_wait_ns":4097800,"cuda_graph_span_ns":4100351.810,"event_status":0,"launch_status":0,"completion_status":0}
{"schema":"riley.owned-graph-diagnostic.v1","kind":"read","capture_id":1,"replay_id":760,"host_read_bytes":98344,"host_read_ns":4737}
{"schema":"riley.owned-graph-diagnostic.v1","kind":"replay","capture_id":1,"replay_id":761,"position":124,"host_staging_bytes":98344,"event_setup_ns":363,"host_staging_ns":1547,"host_launch_ns":5187,"host_wait_ns":4089376,"cuda_graph_span_ns":4091807.842,"event_status":0,"launch_status":0,"completion_status":0}
{"schema":"riley.owned-graph-diagnostic.v1","kind":"read","capture_id":1,"replay_id":761,"host_read_bytes":98344,"host_read_ns":4890}
{"schema":"riley.owned-graph-diagnostic.v1","kind":"replay","capture_id":1,"replay_id":762,"position":125,"host_staging_bytes":98344,"event_setup_ns":484,"host_staging_ns":1544,"host_launch_ns":5068,"host_wait_ns":4096773,"cuda_graph_span_ns":4098976.135,"event_status":0,"launch_status":0,"completion_status":0}
{"schema":"riley.owned-graph-diagnostic.v1","kind":"read","capture_id":1,"replay_id":762,"host_read_bytes":98344,"host_read_ns":5324}
{"schema":"riley.owned-graph-diagnostic.v1","kind":"replay","capture_id":1,"replay_id":763,"position":126,"host_staging_bytes":98344,"event_setup_ns":543,"host_staging_ns":1559,"host_launch_ns":5362,"host_wait_ns":4111107,"cuda_graph_span_ns":4113696.098,"event_status":0,"launch_status":0,"completion_status":0}
{"schema":"riley.owned-graph-diagnostic.v1","kind":"read","capture_id":1,"replay_id":763,"host_read_bytes":98344,"host_read_ns":4770}
{"schema":"riley.owned-graph-diagnostic.v1","kind":"replay","capture_id":1,"replay_id":764,"position":127,"host_staging_bytes":98344,"event_setup_ns":441,"host_staging_ns":1603,"host_launch_ns":4954,"host_wait_ns":4102267,"cuda_graph_span_ns":4104256.153,"event_status":0,"launch_status":0,"completion_status":0}
{"schema":"riley.owned-graph-diagnostic.v1","kind":"read","capture_id":1,"replay_id":764,"host_read_bytes":98344,"host_read_ns":5332}
{"schema":"riley.owned-graph-diagnostic.v1","kind":"replay","capture_id":1,"replay_id":765,"position":128,"host_staging_bytes":98344,"event_setup_ns":376,"host_staging_ns":1575,"host_launch_ns":5011,"host_wait_ns":2479075,"cuda_graph_span_ns":2481375.933,"event_status":0,"launch_status":0,"completion_status":0}
{"schema":"riley.owned-graph-diagnostic.v1","kind":"read","capture_id":1,"replay_id":765,"host_read_bytes":98344,"host_read_ns":5044}
{"schema":"riley.owned-graph-diagnostic.v1","kind":"replay","capture_id":1,"replay_id":766,"position":129,"host_staging_bytes":98344,"event_setup_ns":448,"host_staging_ns":1605,"host_launch_ns":5137,"host_wait_ns":2198419,"cuda_graph_span_ns":2200639.963,"event_status":0,"launch_status":0,"completion_status":0}
{"schema":"riley.owned-graph-diagnostic.v1","kind":"read","capture_id":1,"replay_id":766,"host_read_bytes":98344,"host_read_ns":4910}
{"schema":"riley.owned-graph-diagnostic.v1","kind":"replay","capture_id":1,"replay_id":767,"position":130,"host_staging_bytes":98344,"event_setup_ns":288,"host_staging_ns":1551,"host_launch_ns":4913,"host_wait_ns":2206652,"cuda_graph_span_ns":2208640.099,"event_status":0,"launch_status":0,"completion_status":0}
{"schema":"riley.owned-graph-diagnostic.v1","kind":"read","capture_id":1,"replay_id":767,"host_read_bytes":98344,"host_read_ns":5185}
{"schema":"riley.owned-graph-diagnostic.v1","kind":"replay","capture_id":1,"replay_id":768,"position":131,"host_staging_bytes":98344,"event_setup_ns":393,"host_staging_ns":1575,"host_launch_ns":5225,"host_wait_ns":2206218,"cuda_graph_span_ns":2208640.099,"event_status":0,"launch_status":0,"completion_status":0}
{"schema":"riley.owned-graph-diagnostic.v1","kind":"read","capture_id":1,"replay_id":768,"host_read_bytes":98344,"host_read_ns":4854}
{"schema":"riley.owned-graph-diagnostic.v1","kind":"replay","capture_id":1,"replay_id":769,"position":132,"host_staging_bytes":98344,"event_setup_ns":432,"host_staging_ns":1528,"host_launch_ns":5204,"host_wait_ns":2197484,"cuda_graph_span_ns":2200128.078,"event_status":0,"launch_status":0,"completion_status":0}
{"schema":"riley.owned-graph-diagnostic.v1","kind":"read","capture_id":1,"replay_id":769,"host_read_bytes":98344,"host_read_ns":5570}
{"schema":"riley.owned-graph-diagnostic.v1","kind":"replay","capture_id":1,"replay_id":770,"position":133,"host_staging_bytes":98344,"event_setup_ns":295,"host_staging_ns":1547,"host_launch_ns":5494,"host_wait_ns":2204847,"cuda_graph_span_ns":2207456.112,"event_status":0,"launch_status":0,"completion_status":0}
{"schema":"riley.owned-graph-diagnostic.v1","kind":"read","capture_id":1,"replay_id":770,"host_read_bytes":98344,"host_read_ns":5204}
{"schema":"riley.owned-graph-diagnostic.v1","kind":"replay","capture_id":1,"replay_id":771,"position":134,"host_staging_bytes":98344,"event_setup_ns":281,"host_staging_ns":1552,"host_launch_ns":5000,"host_wait_ns":2196197,"cuda_graph_span_ns":2198431.969,"event_status":0,"launch_status":0,"completion_status":0}
{"schema":"riley.owned-graph-diagnostic.v1","kind":"read","capture_id":1,"replay_id":771,"host_read_bytes":98344,"host_read_ns":5756}
{"schema":"riley.owned-graph-diagnostic.v1","kind":"replay","capture_id":1,"replay_id":772,"position":135,"host_staging_bytes":98344,"event_setup_ns":1666,"host_staging_ns":2041,"host_launch_ns":11872,"host_wait_ns":2188484,"cuda_graph_span_ns":2197312.117,"event_status":0,"launch_status":0,"completion_status":0}
{"schema":"riley.owned-graph-diagnostic.v1","kind":"read","capture_id":1,"replay_id":772,"host_read_bytes":98344,"host_read_ns":5292}
{"schema":"riley.owned-graph-diagnostic.v1","kind":"replay","capture_id":1,"replay_id":773,"position":136,"host_staging_bytes":98344,"event_setup_ns":538,"host_staging_ns":1606,"host_launch_ns":5092,"host_wait_ns":2236988,"cuda_graph_span_ns":2239648.104,"event_status":0,"launch_status":0,"completion_status":0}
{"schema":"riley.owned-graph-diagnostic.v1","kind":"read","capture_id":1,"replay_id":773,"host_read_bytes":98344,"host_read_ns":4776}
{"schema":"riley.owned-graph-diagnostic.v1","kind":"replay","capture_id":1,"replay_id":774,"position":137,"host_staging_bytes":98344,"event_setup_ns":324,"host_staging_ns":1546,"host_launch_ns":4656,"host_wait_ns":2246402,"cuda_graph_span_ns":2248672.009,"event_status":0,"launch_status":0,"completion_status":0}
{"schema":"riley.owned-graph-diagnostic.v1","kind":"read","capture_id":1,"replay_id":774,"host_read_bytes":98344,"host_read_ns":4642}
{"schema":"riley.owned-graph-diagnostic.v1","kind":"replay","capture_id":1,"replay_id":775,"position":138,"host_staging_bytes":98344,"event_setup_ns":302,"host_staging_ns":1541,"host_launch_ns":4619,"host_wait_ns":2251913,"cuda_graph_span_ns":2253855.944,"event_status":0,"launch_status":0,"completion_status":0}
{"schema":"riley.owned-graph-diagnostic.v1","kind":"read","capture_id":1,"replay_id":775,"host_read_bytes":98344,"host_read_ns":4877}
{"schema":"riley.owned-graph-diagnostic.v1","kind":"replay","capture_id":1,"replay_id":776,"position":139,"host_staging_bytes":98344,"event_setup_ns":298,"host_staging_ns":1530,"host_launch_ns":4665,"host_wait_ns":2252478,"cuda_graph_span_ns":2254591.942,"event_status":0,"launch_status":0,"completion_status":0}
{"schema":"riley.owned-graph-diagnostic.v1","kind":"read","capture_id":1,"replay_id":776,"host_read_bytes":98344,"host_read_ns":4709}
{"schema":"riley.owned-graph-diagnostic.v1","kind":"replay","capture_id":1,"replay_id":777,"position":140,"host_staging_bytes":98344,"event_setup_ns":290,"host_staging_ns":1546,"host_launch_ns":4713,"host_wait_ns":2253162,"cuda_graph_span_ns":2255199.909,"event_status":0,"launch_status":0,"completion_status":0}
{"schema":"riley.owned-graph-diagnostic.v1","kind":"read","capture_id":1,"replay_id":777,"host_read_bytes":98344,"host_read_ns":4684}
{"schema":"riley.owned-graph-diagnostic.v1","kind":"replay","capture_id":1,"replay_id":778,"position":141,"host_staging_bytes":98344,"event_setup_ns":301,"host_staging_ns":1516,"host_launch_ns":4711,"host_wait_ns":2261984,"cuda_graph_span_ns":2264096.022,"event_status":0,"launch_status":0,"completion_status":0}
{"schema":"riley.owned-graph-diagnostic.v1","kind":"read","capture_id":1,"replay_id":778,"host_read_bytes":98344,"host_read_ns":4857}
{"schema":"riley.owned-graph-diagnostic.v1","kind":"replay","capture_id":1,"replay_id":779,"position":142,"host_staging_bytes":98344,"event_setup_ns":304,"host_staging_ns":1537,"host_launch_ns":4840,"host_wait_ns":2260606,"cuda_graph_span_ns":2262847.900,"event_status":0,"launch_status":0,"completion_status":0}
{"schema":"riley.owned-graph-diagnostic.v1","kind":"read","capture_id":1,"replay_id":779,"host_read_bytes":98344,"host_read_ns":4844}
{"schema":"riley.owned-graph-diagnostic.v1","kind":"replay","capture_id":1,"replay_id":780,"position":143,"host_staging_bytes":98344,"event_setup_ns":438,"host_staging_ns":1547,"host_launch_ns":4707,"host_wait_ns":2244397,"cuda_graph_span_ns":2246495.962,"event_status":0,"launch_status":0,"completion_status":0}
{"schema":"riley.owned-graph-diagnostic.v1","kind":"read","capture_id":1,"replay_id":780,"host_read_bytes":98344,"host_read_ns":4227}
{"schema":"riley.owned-graph-diagnostic.v1","kind":"replay","capture_id":1,"replay_id":781,"position":144,"host_staging_bytes":98344,"event_setup_ns":363,"host_staging_ns":1525,"host_launch_ns":4806,"host_wait_ns":2317677,"cuda_graph_span_ns":2319679.976,"event_status":0,"launch_status":0,"completion_status":0}
{"schema":"riley.owned-graph-diagnostic.v1","kind":"read","capture_id":1,"replay_id":781,"host_read_bytes":98344,"host_read_ns":4617}
{"schema":"riley.owned-graph-diagnostic.v1","kind":"replay","capture_id":1,"replay_id":782,"position":145,"host_staging_bytes":98344,"event_setup_ns":313,"host_staging_ns":1529,"host_launch_ns":4596,"host_wait_ns":2329318,"cuda_graph_span_ns":2331327.915,"event_status":0,"launch_status":0,"completion_status":0}
{"schema":"riley.owned-graph-diagnostic.v1","kind":"read","capture_id":1,"replay_id":782,"host_read_bytes":98344,"host_read_ns":4984}
{"schema":"riley.owned-graph-diagnostic.v1","kind":"replay","capture_id":1,"replay_id":783,"position":146,"host_staging_bytes":98344,"event_setup_ns":403,"host_staging_ns":1535,"host_launch_ns":4566,"host_wait_ns":2330508,"cuda_graph_span_ns":2332256.079,"event_status":0,"launch_status":0,"completion_status":0}
{"schema":"riley.owned-graph-diagnostic.v1","kind":"read","capture_id":1,"replay_id":783,"host_read_bytes":98344,"host_read_ns":4486}
{"schema":"riley.owned-graph-diagnostic.v1","kind":"replay","capture_id":1,"replay_id":784,"position":147,"host_staging_bytes":98344,"event_setup_ns":367,"host_staging_ns":1538,"host_launch_ns":4592,"host_wait_ns":2329501,"cuda_graph_span_ns":2331327.915,"event_status":0,"launch_status":0,"completion_status":0}
{"schema":"riley.owned-graph-diagnostic.v1","kind":"read","capture_id":1,"replay_id":784,"host_read_bytes":98344,"host_read_ns":4793}
{"schema":"riley.owned-graph-diagnostic.v1","kind":"replay","capture_id":1,"replay_id":785,"position":148,"host_staging_bytes":98344,"event_setup_ns":363,"host_staging_ns":1530,"host_launch_ns":4753,"host_wait_ns":2337949,"cuda_graph_span_ns":2339839.935,"event_status":0,"launch_status":0,"completion_status":0}
{"schema":"riley.owned-graph-diagnostic.v1","kind":"read","capture_id":1,"replay_id":785,"host_read_bytes":98344,"host_read_ns":4912}
{"schema":"riley.owned-graph-diagnostic.v1","kind":"replay","capture_id":1,"replay_id":786,"position":149,"host_staging_bytes":98344,"event_setup_ns":658,"host_staging_ns":1527,"host_launch_ns":4657,"host_wait_ns":2329055,"cuda_graph_span_ns":2330816.031,"event_status":0,"launch_status":0,"completion_status":0}
{"schema":"riley.owned-graph-diagnostic.v1","kind":"read","capture_id":1,"replay_id":786,"host_read_bytes":98344,"host_read_ns":4699}
{"schema":"riley.owned-graph-diagnostic.v1","kind":"replay","capture_id":1,"replay_id":787,"position":150,"host_staging_bytes":98344,"event_setup_ns":399,"host_staging_ns":1512,"host_launch_ns":4635,"host_wait_ns":2337390,"cuda_graph_span_ns":2339263.916,"event_status":0,"launch_status":0,"completion_status":0}
{"schema":"riley.owned-graph-diagnostic.v1","kind":"read","capture_id":1,"replay_id":787,"host_read_bytes":98344,"host_read_ns":4639}
{"schema":"riley.owned-graph-diagnostic.v1","kind":"replay","capture_id":1,"replay_id":788,"position":151,"host_staging_bytes":98344,"event_setup_ns":390,"host_staging_ns":1541,"host_launch_ns":4503,"host_wait_ns":2337539,"cuda_graph_span_ns":2339200.020,"event_status":0,"launch_status":0,"completion_status":0}
{"schema":"riley.owned-graph-diagnostic.v1","kind":"read","capture_id":1,"replay_id":788,"host_read_bytes":98344,"host_read_ns":4666}
{"schema":"riley.owned-graph-diagnostic.v1","kind":"replay","capture_id":1,"replay_id":789,"position":152,"host_staging_bytes":98344,"event_setup_ns":355,"host_staging_ns":1519,"host_launch_ns":4632,"host_wait_ns":2379594,"cuda_graph_span_ns":2381216.049,"event_status":0,"launch_status":0,"completion_status":0}
{"schema":"riley.owned-graph-diagnostic.v1","kind":"read","capture_id":1,"replay_id":789,"host_read_bytes":98344,"host_read_ns":4691}
{"schema":"riley.owned-graph-diagnostic.v1","kind":"replay","capture_id":1,"replay_id":790,"position":153,"host_staging_bytes":98344,"event_setup_ns":596,"host_staging_ns":1514,"host_launch_ns":4562,"host_wait_ns":2393916,"cuda_graph_span_ns":2395711.899,"event_status":0,"launch_status":0,"completion_status":0}
{"schema":"riley.owned-graph-diagnostic.v1","kind":"read","capture_id":1,"replay_id":790,"host_read_bytes":98344,"host_read_ns":4905}
{"schema":"riley.owned-graph-diagnostic.v1","kind":"replay","capture_id":1,"replay_id":791,"position":154,"host_staging_bytes":98344,"event_setup_ns":335,"host_staging_ns":1519,"host_launch_ns":4766,"host_wait_ns":2385267,"cuda_graph_span_ns":2387200.117,"event_status":0,"launch_status":0,"completion_status":0}
{"schema":"riley.owned-graph-diagnostic.v1","kind":"read","capture_id":1,"replay_id":791,"host_read_bytes":98344,"host_read_ns":4951}
{"schema":"riley.owned-graph-diagnostic.v1","kind":"replay","capture_id":1,"replay_id":792,"position":155,"host_staging_bytes":98344,"event_setup_ns":356,"host_staging_ns":1540,"host_launch_ns":4679,"host_wait_ns":2394798,"cuda_graph_span_ns":2396768.093,"event_status":0,"launch_status":0,"completion_status":0}
{"schema":"riley.owned-graph-diagnostic.v1","kind":"read","capture_id":1,"replay_id":792,"host_read_bytes":98344,"host_read_ns":5144}
{"schema":"riley.owned-graph-diagnostic.v1","kind":"replay","capture_id":1,"replay_id":793,"position":156,"host_staging_bytes":98344,"event_setup_ns":372,"host_staging_ns":1539,"host_launch_ns":4669,"host_wait_ns":2392973,"cuda_graph_span_ns":2396415.949,"event_status":0,"launch_status":0,"completion_status":0}
{"schema":"riley.owned-graph-diagnostic.v1","kind":"read","capture_id":1,"replay_id":793,"host_read_bytes":98344,"host_read_ns":4629}
{"schema":"riley.owned-graph-diagnostic.v1","kind":"replay","capture_id":1,"replay_id":794,"position":157,"host_staging_bytes":98344,"event_setup_ns":338,"host_staging_ns":1531,"host_launch_ns":5154,"host_wait_ns":2383987,"cuda_graph_span_ns":2386431.932,"event_status":0,"launch_status":0,"completion_status":0}
{"schema":"riley.owned-graph-diagnostic.v1","kind":"read","capture_id":1,"replay_id":794,"host_read_bytes":98344,"host_read_ns":5164}
{"schema":"riley.owned-graph-diagnostic.v1","kind":"replay","capture_id":1,"replay_id":795,"position":158,"host_staging_bytes":98344,"event_setup_ns":342,"host_staging_ns":1515,"host_launch_ns":4692,"host_wait_ns":2395995,"cuda_graph_span_ns":2397664.070,"event_status":0,"launch_status":0,"completion_status":0}
{"schema":"riley.owned-graph-diagnostic.v1","kind":"read","capture_id":1,"replay_id":795,"host_read_bytes":98344,"host_read_ns":4706}
{"schema":"riley.owned-graph-diagnostic.v1","kind":"replay","capture_id":1,"replay_id":796,"position":0,"host_staging_bytes":98344,"event_setup_ns":3874,"host_staging_ns":2208,"host_launch_ns":13060,"host_wait_ns":2585336,"cuda_graph_span_ns":2595904.112,"event_status":0,"launch_status":0,"completion_status":0}
{"schema":"riley.owned-graph-diagnostic.v1","kind":"read","capture_id":1,"replay_id":796,"host_read_bytes":98344,"host_read_ns":5747}
{"schema":"riley.owned-graph-diagnostic.v1","kind":"replay","capture_id":1,"replay_id":797,"position":1,"host_staging_bytes":98344,"event_setup_ns":614,"host_staging_ns":1534,"host_launch_ns":5511,"host_wait_ns":2671527,"cuda_graph_span_ns":2672960.043,"event_status":0,"launch_status":0,"completion_status":0}
{"schema":"riley.owned-graph-diagnostic.v1","kind":"read","capture_id":1,"replay_id":797,"host_read_bytes":98344,"host_read_ns":5290}
{"schema":"riley.owned-graph-diagnostic.v1","kind":"replay","capture_id":1,"replay_id":798,"position":2,"host_staging_bytes":98344,"event_setup_ns":1517,"host_staging_ns":2688,"host_launch_ns":13202,"host_wait_ns":2675438,"cuda_graph_span_ns":2686367.989,"event_status":0,"launch_status":0,"completion_status":0}
{"schema":"riley.owned-graph-diagnostic.v1","kind":"read","capture_id":1,"replay_id":798,"host_read_bytes":98344,"host_read_ns":5329}
{"schema":"riley.owned-graph-diagnostic.v1","kind":"replay","capture_id":1,"replay_id":799,"position":3,"host_staging_bytes":98344,"event_setup_ns":413,"host_staging_ns":1547,"host_launch_ns":5314,"host_wait_ns":2682134,"cuda_graph_span_ns":2684864.044,"event_status":0,"launch_status":0,"completion_status":0}
{"schema":"riley.owned-graph-diagnostic.v1","kind":"read","capture_id":1,"replay_id":799,"host_read_bytes":98344,"host_read_ns":4714}
{"schema":"riley.owned-graph-diagnostic.v1","kind":"replay","capture_id":1,"replay_id":800,"position":4,"host_staging_bytes":98344,"event_setup_ns":426,"host_staging_ns":1530,"host_launch_ns":5073,"host_wait_ns":2676495,"cuda_graph_span_ns":2678688.049,"event_status":0,"launch_status":0,"completion_status":0}
{"schema":"riley.owned-graph-diagnostic.v1","kind":"read","capture_id":1,"replay_id":800,"host_read_bytes":98344,"host_read_ns":7664}
{"schema":"riley.owned-graph-diagnostic.v1","kind":"replay","capture_id":1,"replay_id":801,"position":5,"host_staging_bytes":98344,"event_setup_ns":468,"host_staging_ns":1534,"host_launch_ns":5649,"host_wait_ns":2679592,"cuda_graph_span_ns":2682431.936,"event_status":0,"launch_status":0,"completion_status":0}
{"schema":"riley.owned-graph-diagnostic.v1","kind":"read","capture_id":1,"replay_id":801,"host_read_bytes":98344,"host_read_ns":4648}
{"schema":"riley.owned-graph-diagnostic.v1","kind":"replay","capture_id":1,"replay_id":802,"position":6,"host_staging_bytes":98344,"event_setup_ns":438,"host_staging_ns":1517,"host_launch_ns":5717,"host_wait_ns":2684252,"cuda_graph_span_ns":2687167.883,"event_status":0,"launch_status":0,"completion_status":0}
{"schema":"riley.owned-graph-diagnostic.v1","kind":"read","capture_id":1,"replay_id":802,"host_read_bytes":98344,"host_read_ns":4513}
{"schema":"riley.owned-graph-diagnostic.v1","kind":"replay","capture_id":1,"replay_id":803,"position":7,"host_staging_bytes":98344,"event_setup_ns":600,"host_staging_ns":1525,"host_launch_ns":5481,"host_wait_ns":2677036,"cuda_graph_span_ns":2679615.974,"event_status":0,"launch_status":0,"completion_status":0}
{"schema":"riley.owned-graph-diagnostic.v1","kind":"read","capture_id":1,"replay_id":803,"host_read_bytes":98344,"host_read_ns":4854}
{"schema":"riley.owned-graph-diagnostic.v1","kind":"replay","capture_id":1,"replay_id":804,"position":8,"host_staging_bytes":98344,"event_setup_ns":575,"host_staging_ns":1530,"host_launch_ns":6810,"host_wait_ns":2720540,"cuda_graph_span_ns":2724767.923,"event_status":0,"launch_status":0,"completion_status":0}
{"schema":"riley.owned-graph-diagnostic.v1","kind":"read","capture_id":1,"replay_id":804,"host_read_bytes":98344,"host_read_ns":4920}
{"schema":"riley.owned-graph-diagnostic.v1","kind":"replay","capture_id":1,"replay_id":805,"position":9,"host_staging_bytes":98344,"event_setup_ns":511,"host_staging_ns":1521,"host_launch_ns":8004,"host_wait_ns":2740487,"cuda_graph_span_ns":2745663.881,"event_status":0,"launch_status":0,"completion_status":0}
{"schema":"riley.owned-graph-diagnostic.v1","kind":"read","capture_id":1,"replay_id":805,"host_read_bytes":98344,"host_read_ns":4673}
{"schema":"riley.owned-graph-diagnostic.v1","kind":"replay","capture_id":1,"replay_id":806,"position":10,"host_staging_bytes":98344,"event_setup_ns":571,"host_staging_ns":1518,"host_launch_ns":7539,"host_wait_ns":2760943,"cuda_graph_span_ns":2765664.101,"event_status":0,"launch_status":0,"completion_status":0}
{"schema":"riley.owned-graph-diagnostic.v1","kind":"read","capture_id":1,"replay_id":806,"host_read_bytes":98344,"host_read_ns":5015}
{"schema":"riley.owned-graph-diagnostic.v1","kind":"replay","capture_id":1,"replay_id":807,"position":11,"host_staging_bytes":98344,"event_setup_ns":743,"host_staging_ns":1531,"host_launch_ns":8151,"host_wait_ns":2749999,"cuda_graph_span_ns":2755327.940,"event_status":0,"launch_status":0,"completion_status":0}
{"schema":"riley.owned-graph-diagnostic.v1","kind":"read","capture_id":1,"replay_id":807,"host_read_bytes":98344,"host_read_ns":4570}
{"schema":"riley.owned-graph-diagnostic.v1","kind":"replay","capture_id":1,"replay_id":808,"position":12,"host_staging_bytes":98344,"event_setup_ns":677,"host_staging_ns":1525,"host_launch_ns":7244,"host_wait_ns":2756048,"cuda_graph_span_ns":2760159.969,"event_status":0,"launch_status":0,"completion_status":0}
{"schema":"riley.owned-graph-diagnostic.v1","kind":"read","capture_id":1,"replay_id":808,"host_read_bytes":98344,"host_read_ns":5152}
{"schema":"riley.owned-graph-diagnostic.v1","kind":"replay","capture_id":1,"replay_id":809,"position":13,"host_staging_bytes":98344,"event_setup_ns":664,"host_staging_ns":1509,"host_launch_ns":7615,"host_wait_ns":2760079,"cuda_graph_span_ns":2764832.020,"event_status":0,"launch_status":0,"completion_status":0}
{"schema":"riley.owned-graph-diagnostic.v1","kind":"read","capture_id":1,"replay_id":809,"host_read_bytes":98344,"host_read_ns":4764}
{"schema":"riley.owned-graph-diagnostic.v1","kind":"replay","capture_id":1,"replay_id":810,"position":14,"host_staging_bytes":98344,"event_setup_ns":568,"host_staging_ns":1521,"host_launch_ns":6643,"host_wait_ns":2765955,"cuda_graph_span_ns":2770080.090,"event_status":0,"launch_status":0,"completion_status":0}
{"schema":"riley.owned-graph-diagnostic.v1","kind":"read","capture_id":1,"replay_id":810,"host_read_bytes":98344,"host_read_ns":4735}
{"schema":"riley.owned-graph-diagnostic.v1","kind":"replay","capture_id":1,"replay_id":811,"position":15,"host_staging_bytes":98344,"event_setup_ns":394,"host_staging_ns":1524,"host_launch_ns":6638,"host_wait_ns":2752415,"cuda_graph_span_ns":2756256.104,"event_status":0,"launch_status":0,"completion_status":0}
{"schema":"riley.owned-graph-diagnostic.v1","kind":"read","capture_id":1,"replay_id":811,"host_read_bytes":98344,"host_read_ns":4465}
{"schema":"riley.owned-graph-diagnostic.v1","kind":"replay","capture_id":1,"replay_id":812,"position":16,"host_staging_bytes":98344,"event_setup_ns":570,"host_staging_ns":1514,"host_launch_ns":6124,"host_wait_ns":2817796,"cuda_graph_span_ns":2820960.045,"event_status":0,"launch_status":0,"completion_status":0}
{"schema":"riley.owned-graph-diagnostic.v1","kind":"read","capture_id":1,"replay_id":812,"host_read_bytes":98344,"host_read_ns":4583}
{"schema":"riley.owned-graph-diagnostic.v1","kind":"replay","capture_id":1,"replay_id":813,"position":17,"host_staging_bytes":98344,"event_setup_ns":620,"host_staging_ns":1519,"host_launch_ns":5502,"host_wait_ns":2850573,"cuda_graph_span_ns":2853375.912,"event_status":0,"launch_status":0,"completion_status":0}
{"schema":"riley.owned-graph-diagnostic.v1","kind":"read","capture_id":1,"replay_id":813,"host_read_bytes":98344,"host_read_ns":4858}
{"schema":"riley.owned-graph-diagnostic.v1","kind":"replay","capture_id":1,"replay_id":814,"position":18,"host_staging_bytes":98344,"event_setup_ns":348,"host_staging_ns":1514,"host_launch_ns":6574,"host_wait_ns":2871105,"cuda_graph_span_ns":2875103.951,"event_status":0,"launch_status":0,"completion_status":0}
{"schema":"riley.owned-graph-diagnostic.v1","kind":"read","capture_id":1,"replay_id":814,"host_read_bytes":98344,"host_read_ns":4547}
{"schema":"riley.owned-graph-diagnostic.v1","kind":"replay","capture_id":1,"replay_id":815,"position":19,"host_staging_bytes":98344,"event_setup_ns":563,"host_staging_ns":1567,"host_launch_ns":5560,"host_wait_ns":2868838,"cuda_graph_span_ns":2871776.104,"event_status":0,"launch_status":0,"completion_status":0}
{"schema":"riley.owned-graph-diagnostic.v1","kind":"read","capture_id":1,"replay_id":815,"host_read_bytes":98344,"host_read_ns":5402}
{"schema":"riley.owned-graph-diagnostic.v1","kind":"replay","capture_id":1,"replay_id":816,"position":20,"host_staging_bytes":98344,"event_setup_ns":557,"host_staging_ns":1520,"host_launch_ns":5688,"host_wait_ns":2876100,"cuda_graph_span_ns":2878911.972,"event_status":0,"launch_status":0,"completion_status":0}
{"schema":"riley.owned-graph-diagnostic.v1","kind":"read","capture_id":1,"replay_id":816,"host_read_bytes":98344,"host_read_ns":4863}
{"schema":"riley.owned-graph-diagnostic.v1","kind":"replay","capture_id":1,"replay_id":817,"position":21,"host_staging_bytes":98344,"event_setup_ns":424,"host_staging_ns":1523,"host_launch_ns":6807,"host_wait_ns":2864959,"cuda_graph_span_ns":2868927.956,"event_status":0,"launch_status":0,"completion_status":0}
{"schema":"riley.owned-graph-diagnostic.v1","kind":"read","capture_id":1,"replay_id":817,"host_read_bytes":98344,"host_read_ns":4741}
{"schema":"riley.owned-graph-diagnostic.v1","kind":"replay","capture_id":1,"replay_id":818,"position":22,"host_staging_bytes":98344,"event_setup_ns":648,"host_staging_ns":1523,"host_launch_ns":6210,"host_wait_ns":2869189,"cuda_graph_span_ns":2872544.050,"event_status":0,"launch_status":0,"completion_status":0}
{"schema":"riley.owned-graph-diagnostic.v1","kind":"read","capture_id":1,"replay_id":818,"host_read_bytes":98344,"host_read_ns":4996}
{"schema":"riley.owned-graph-diagnostic.v1","kind":"replay","capture_id":1,"replay_id":819,"position":23,"host_staging_bytes":98344,"event_setup_ns":606,"host_staging_ns":1537,"host_launch_ns":5422,"host_wait_ns":2870980,"cuda_graph_span_ns":2873503.923,"event_status":0,"launch_status":0,"completion_status":0}
{"schema":"riley.owned-graph-diagnostic.v1","kind":"read","capture_id":1,"replay_id":819,"host_read_bytes":98344,"host_read_ns":5096}
{"schema":"riley.owned-graph-diagnostic.v1","kind":"replay","capture_id":1,"replay_id":820,"position":24,"host_staging_bytes":98344,"event_setup_ns":391,"host_staging_ns":1513,"host_launch_ns":5372,"host_wait_ns":2911198,"cuda_graph_span_ns":2913376.093,"event_status":0,"launch_status":0,"completion_status":0}
{"schema":"riley.owned-graph-diagnostic.v1","kind":"read","capture_id":1,"replay_id":820,"host_read_bytes":98344,"host_read_ns":5087}
{"schema":"riley.owned-graph-diagnostic.v1","kind":"replay","capture_id":1,"replay_id":821,"position":25,"host_staging_bytes":98344,"event_setup_ns":397,"host_staging_ns":1519,"host_launch_ns":5484,"host_wait_ns":2947830,"cuda_graph_span_ns":2950560.093,"event_status":0,"launch_status":0,"completion_status":0}
{"schema":"riley.owned-graph-diagnostic.v1","kind":"read","capture_id":1,"replay_id":821,"host_read_bytes":98344,"host_read_ns":4425}
{"schema":"riley.owned-graph-diagnostic.v1","kind":"replay","capture_id":1,"replay_id":822,"position":26,"host_staging_bytes":98344,"event_setup_ns":491,"host_staging_ns":1514,"host_launch_ns":5161,"host_wait_ns":2952182,"cuda_graph_span_ns":2954272.032,"event_status":0,"launch_status":0,"completion_status":0}
{"schema":"riley.owned-graph-diagnostic.v1","kind":"read","capture_id":1,"replay_id":822,"host_read_bytes":98344,"host_read_ns":4952}
{"schema":"riley.owned-graph-diagnostic.v1","kind":"replay","capture_id":1,"replay_id":823,"position":27,"host_staging_bytes":98344,"event_setup_ns":348,"host_staging_ns":1514,"host_launch_ns":4906,"host_wait_ns":2961171,"cuda_graph_span_ns":2963360.071,"event_status":0,"launch_status":0,"completion_status":0}
{"schema":"riley.owned-graph-diagnostic.v1","kind":"read","capture_id":1,"replay_id":823,"host_read_bytes":98344,"host_read_ns":4225}
{"schema":"riley.owned-graph-diagnostic.v1","kind":"replay","capture_id":1,"replay_id":824,"position":28,"host_staging_bytes":98344,"event_setup_ns":376,"host_staging_ns":1537,"host_launch_ns":5568,"host_wait_ns":2958428,"cuda_graph_span_ns":2961024.046,"event_status":0,"launch_status":0,"completion_status":0}
{"schema":"riley.owned-graph-diagnostic.v1","kind":"read","capture_id":1,"replay_id":824,"host_read_bytes":98344,"host_read_ns":4888}
{"schema":"riley.owned-graph-diagnostic.v1","kind":"replay","capture_id":1,"replay_id":825,"position":29,"host_staging_bytes":98344,"event_setup_ns":392,"host_staging_ns":1530,"host_launch_ns":5610,"host_wait_ns":2952506,"cuda_graph_span_ns":2955296.040,"event_status":0,"launch_status":0,"completion_status":0}
{"schema":"riley.owned-graph-diagnostic.v1","kind":"read","capture_id":1,"replay_id":825,"host_read_bytes":98344,"host_read_ns":4999}
{"schema":"riley.owned-graph-diagnostic.v1","kind":"replay","capture_id":1,"replay_id":826,"position":30,"host_staging_bytes":98344,"event_setup_ns":695,"host_staging_ns":1508,"host_launch_ns":5555,"host_wait_ns":2949828,"cuda_graph_span_ns":2952608.109,"event_status":0,"launch_status":0,"completion_status":0}
{"schema":"riley.owned-graph-diagnostic.v1","kind":"read","capture_id":1,"replay_id":826,"host_read_bytes":98344,"host_read_ns":4901}
{"schema":"riley.owned-graph-diagnostic.v1","kind":"replay","capture_id":1,"replay_id":827,"position":31,"host_staging_bytes":98344,"event_setup_ns":507,"host_staging_ns":1534,"host_launch_ns":5113,"host_wait_ns":2947023,"cuda_graph_span_ns":2949503.899,"event_status":0,"launch_status":0,"completion_status":0}
{"schema":"riley.owned-graph-diagnostic.v1","kind":"read","capture_id":1,"replay_id":827,"host_read_bytes":98344,"host_read_ns":4801}
{"schema":"riley.owned-graph-diagnostic.v1","kind":"replay","capture_id":1,"replay_id":828,"position":32,"host_staging_bytes":98344,"event_setup_ns":302,"host_staging_ns":1529,"host_launch_ns":4765,"host_wait_ns":3002265,"cuda_graph_span_ns":3004384.041,"event_status":0,"launch_status":0,"completion_status":0}
{"schema":"riley.owned-graph-diagnostic.v1","kind":"read","capture_id":1,"replay_id":828,"host_read_bytes":98344,"host_read_ns":5067}
{"schema":"riley.owned-graph-diagnostic.v1","kind":"replay","capture_id":1,"replay_id":829,"position":33,"host_staging_bytes":98344,"event_setup_ns":562,"host_staging_ns":1528,"host_launch_ns":5078,"host_wait_ns":3046542,"cuda_graph_span_ns":3049119.949,"event_status":0,"launch_status":0,"completion_status":0}
{"schema":"riley.owned-graph-diagnostic.v1","kind":"read","capture_id":1,"replay_id":829,"host_read_bytes":98344,"host_read_ns":4533}
{"schema":"riley.owned-graph-diagnostic.v1","kind":"replay","capture_id":1,"replay_id":830,"position":34,"host_staging_bytes":98344,"event_setup_ns":371,"host_staging_ns":1529,"host_launch_ns":5499,"host_wait_ns":3064908,"cuda_graph_span_ns":3067744.017,"event_status":0,"launch_status":0,"completion_status":0}
{"schema":"riley.owned-graph-diagnostic.v1","kind":"read","capture_id":1,"replay_id":830,"host_read_bytes":98344,"host_read_ns":4899}
{"schema":"riley.owned-graph-diagnostic.v1","kind":"replay","capture_id":1,"replay_id":831,"position":35,"host_staging_bytes":98344,"event_setup_ns":551,"host_staging_ns":1551,"host_launch_ns":5595,"host_wait_ns":3056302,"cuda_graph_span_ns":3058687.925,"event_status":0,"launch_status":0,"completion_status":0}
{"schema":"riley.owned-graph-diagnostic.v1","kind":"read","capture_id":1,"replay_id":831,"host_read_bytes":98344,"host_read_ns":5328}
{"schema":"riley.owned-graph-diagnostic.v1","kind":"replay","capture_id":1,"replay_id":832,"position":36,"host_staging_bytes":98344,"event_setup_ns":414,"host_staging_ns":1674,"host_launch_ns":6941,"host_wait_ns":3055992,"cuda_graph_span_ns":3059967.995,"event_status":0,"launch_status":0,"completion_status":0}
{"schema":"riley.owned-graph-diagnostic.v1","kind":"read","capture_id":1,"replay_id":832,"host_read_bytes":98344,"host_read_ns":5003}
{"schema":"riley.owned-graph-diagnostic.v1","kind":"replay","capture_id":1,"replay_id":833,"position":37,"host_staging_bytes":98344,"event_setup_ns":424,"host_staging_ns":1630,"host_launch_ns":6031,"host_wait_ns":3058853,"cuda_graph_span_ns":3062367.916,"event_status":0,"launch_status":0,"completion_status":0}
{"schema":"riley.owned-graph-diagnostic.v1","kind":"read","capture_id":1,"replay_id":833,"host_read_bytes":98344,"host_read_ns":4890}
{"schema":"riley.owned-graph-diagnostic.v1","kind":"replay","capture_id":1,"replay_id":834,"position":38,"host_staging_bytes":98344,"event_setup_ns":406,"host_staging_ns":1587,"host_launch_ns":5897,"host_wait_ns":3060075,"cuda_graph_span_ns":3063168.049,"event_status":0,"launch_status":0,"completion_status":0}
{"schema":"riley.owned-graph-diagnostic.v1","kind":"read","capture_id":1,"replay_id":834,"host_read_bytes":98344,"host_read_ns":5013}
{"schema":"riley.owned-graph-diagnostic.v1","kind":"replay","capture_id":1,"replay_id":835,"position":39,"host_staging_bytes":98344,"event_setup_ns":292,"host_staging_ns":1563,"host_launch_ns":5650,"host_wait_ns":3057588,"cuda_graph_span_ns":3060544.014,"event_status":0,"launch_status":0,"completion_status":0}
{"schema":"riley.owned-graph-diagnostic.v1","kind":"read","capture_id":1,"replay_id":835,"host_read_bytes":98344,"host_read_ns":4970}
{"schema":"riley.owned-graph-diagnostic.v1","kind":"replay","capture_id":1,"replay_id":836,"position":40,"host_staging_bytes":98344,"event_setup_ns":370,"host_staging_ns":1535,"host_launch_ns":5717,"host_wait_ns":3098540,"cuda_graph_span_ns":3101023.912,"event_status":0,"launch_status":0,"completion_status":0}
{"schema":"riley.owned-graph-diagnostic.v1","kind":"read","capture_id":1,"replay_id":836,"host_read_bytes":98344,"host_read_ns":4517}
{"schema":"riley.owned-graph-diagnostic.v1","kind":"replay","capture_id":1,"replay_id":837,"position":41,"host_staging_bytes":98344,"event_setup_ns":662,"host_staging_ns":1575,"host_launch_ns":5485,"host_wait_ns":3139929,"cuda_graph_span_ns":3142335.892,"event_status":0,"launch_status":0,"completion_status":0}
{"schema":"riley.owned-graph-diagnostic.v1","kind":"read","capture_id":1,"replay_id":837,"host_read_bytes":98344,"host_read_ns":4907}
{"schema":"riley.owned-graph-diagnostic.v1","kind":"replay","capture_id":1,"replay_id":838,"position":42,"host_staging_bytes":98344,"event_setup_ns":448,"host_staging_ns":1593,"host_launch_ns":5209,"host_wait_ns":3140099,"cuda_graph_span_ns":3142879.963,"event_status":0,"launch_status":0,"completion_status":0}
{"schema":"riley.owned-graph-diagnostic.v1","kind":"read","capture_id":1,"replay_id":838,"host_read_bytes":98344,"host_read_ns":5046}
{"schema":"riley.owned-graph-diagnostic.v1","kind":"replay","capture_id":1,"replay_id":839,"position":43,"host_staging_bytes":98344,"event_setup_ns":393,"host_staging_ns":1554,"host_launch_ns":5256,"host_wait_ns":3145099,"cuda_graph_span_ns":3147423.983,"event_status":0,"launch_status":0,"completion_status":0}
{"schema":"riley.owned-graph-diagnostic.v1","kind":"read","capture_id":1,"replay_id":839,"host_read_bytes":98344,"host_read_ns":4630}
{"schema":"riley.owned-graph-diagnostic.v1","kind":"replay","capture_id":1,"replay_id":840,"position":44,"host_staging_bytes":98344,"event_setup_ns":526,"host_staging_ns":1540,"host_launch_ns":5021,"host_wait_ns":3150671,"cuda_graph_span_ns":3152735.949,"event_status":0,"launch_status":0,"completion_status":0}
{"schema":"riley.owned-graph-diagnostic.v1","kind":"read","capture_id":1,"replay_id":840,"host_read_bytes":98344,"host_read_ns":5099}
{"schema":"riley.owned-graph-diagnostic.v1","kind":"replay","capture_id":1,"replay_id":841,"position":45,"host_staging_bytes":98344,"event_setup_ns":572,"host_staging_ns":1520,"host_launch_ns":5085,"host_wait_ns":3147421,"cuda_graph_span_ns":3149600.029,"event_status":0,"launch_status":0,"completion_status":0}
{"schema":"riley.owned-graph-diagnostic.v1","kind":"read","capture_id":1,"replay_id":841,"host_read_bytes":98344,"host_read_ns":5461}
{"schema":"riley.owned-graph-diagnostic.v1","kind":"replay","capture_id":1,"replay_id":842,"position":46,"host_staging_bytes":98344,"event_setup_ns":345,"host_staging_ns":1517,"host_launch_ns":5117,"host_wait_ns":3145415,"cuda_graph_span_ns":3147648.096,"event_status":0,"launch_status":0,"completion_status":0}
{"schema":"riley.owned-graph-diagnostic.v1","kind":"read","capture_id":1,"replay_id":842,"host_read_bytes":98344,"host_read_ns":4597}
{"schema":"riley.owned-graph-diagnostic.v1","kind":"replay","capture_id":1,"replay_id":843,"position":47,"host_staging_bytes":98344,"event_setup_ns":430,"host_staging_ns":1525,"host_launch_ns":5247,"host_wait_ns":3157091,"cuda_graph_span_ns":3159456.015,"event_status":0,"launch_status":0,"completion_status":0}
{"schema":"riley.owned-graph-diagnostic.v1","kind":"read","capture_id":1,"replay_id":843,"host_read_bytes":98344,"host_read_ns":4352}
{"schema":"riley.owned-graph-diagnostic.v1","kind":"replay","capture_id":1,"replay_id":844,"position":48,"host_staging_bytes":98344,"event_setup_ns":299,"host_staging_ns":1563,"host_launch_ns":4889,"host_wait_ns":3214821,"cuda_graph_span_ns":3216736.078,"event_status":0,"launch_status":0,"completion_status":0}
{"schema":"riley.owned-graph-diagnostic.v1","kind":"read","capture_id":1,"replay_id":844,"host_read_bytes":98344,"host_read_ns":4925}
{"schema":"riley.owned-graph-diagnostic.v1","kind":"replay","capture_id":1,"replay_id":845,"position":49,"host_staging_bytes":98344,"event_setup_ns":478,"host_staging_ns":1524,"host_launch_ns":5470,"host_wait_ns":3241345,"cuda_graph_span_ns":3244031.906,"event_status":0,"launch_status":0,"completion_status":0}
{"schema":"riley.owned-graph-diagnostic.v1","kind":"read","capture_id":1,"replay_id":845,"host_read_bytes":98344,"host_read_ns":4921}
{"schema":"riley.owned-graph-diagnostic.v1","kind":"replay","capture_id":1,"replay_id":846,"position":50,"host_staging_bytes":98344,"event_setup_ns":355,"host_staging_ns":1529,"host_launch_ns":5000,"host_wait_ns":3238938,"cuda_graph_span_ns":3240959.883,"event_status":0,"launch_status":0,"completion_status":0}
{"schema":"riley.owned-graph-diagnostic.v1","kind":"read","capture_id":1,"replay_id":846,"host_read_bytes":98344,"host_read_ns":4750}
{"schema":"riley.owned-graph-diagnostic.v1","kind":"replay","capture_id":1,"replay_id":847,"position":51,"host_staging_bytes":98344,"event_setup_ns":475,"host_staging_ns":1545,"host_launch_ns":5942,"host_wait_ns":3259385,"cuda_graph_span_ns":3262592.077,"event_status":0,"launch_status":0,"completion_status":0}
{"schema":"riley.owned-graph-diagnostic.v1","kind":"read","capture_id":1,"replay_id":847,"host_read_bytes":98344,"host_read_ns":4875}
{"schema":"riley.owned-graph-diagnostic.v1","kind":"replay","capture_id":1,"replay_id":848,"position":52,"host_staging_bytes":98344,"event_setup_ns":539,"host_staging_ns":1590,"host_launch_ns":5549,"host_wait_ns":3244731,"cuda_graph_span_ns":3247391.939,"event_status":0,"launch_status":0,"completion_status":0}
{"schema":"riley.owned-graph-diagnostic.v1","kind":"read","capture_id":1,"replay_id":848,"host_read_bytes":98344,"host_read_ns":4888}
{"schema":"riley.owned-graph-diagnostic.v1","kind":"replay","capture_id":1,"replay_id":849,"position":53,"host_staging_bytes":98344,"event_setup_ns":669,"host_staging_ns":1554,"host_launch_ns":5580,"host_wait_ns":3253146,"cuda_graph_span_ns":3255840.063,"event_status":0,"launch_status":0,"completion_status":0}
{"schema":"riley.owned-graph-diagnostic.v1","kind":"read","capture_id":1,"replay_id":849,"host_read_bytes":98344,"host_read_ns":5042}
{"schema":"riley.owned-graph-diagnostic.v1","kind":"replay","capture_id":1,"replay_id":850,"position":54,"host_staging_bytes":98344,"event_setup_ns":505,"host_staging_ns":1549,"host_launch_ns":5010,"host_wait_ns":3246635,"cuda_graph_span_ns":3248800.039,"event_status":0,"launch_status":0,"completion_status":0}
{"schema":"riley.owned-graph-diagnostic.v1","kind":"read","capture_id":1,"replay_id":850,"host_read_bytes":98344,"host_read_ns":4987}
{"schema":"riley.owned-graph-diagnostic.v1","kind":"replay","capture_id":1,"replay_id":851,"position":55,"host_staging_bytes":98344,"event_setup_ns":321,"host_staging_ns":1590,"host_launch_ns":5229,"host_wait_ns":3241402,"cuda_graph_span_ns":3243616.104,"event_status":0,"launch_status":0,"completion_status":0}
{"schema":"riley.owned-graph-diagnostic.v1","kind":"read","capture_id":1,"replay_id":851,"host_read_bytes":98344,"host_read_ns":5181}
{"schema":"riley.owned-graph-diagnostic.v1","kind":"replay","capture_id":1,"replay_id":852,"position":56,"host_staging_bytes":98344,"event_setup_ns":462,"host_staging_ns":1552,"host_launch_ns":5273,"host_wait_ns":3284619,"cuda_graph_span_ns":3286976.099,"event_status":0,"launch_status":0,"completion_status":0}
{"schema":"riley.owned-graph-diagnostic.v1","kind":"read","capture_id":1,"replay_id":852,"host_read_bytes":98344,"host_read_ns":4850}
{"schema":"riley.owned-graph-diagnostic.v1","kind":"replay","capture_id":1,"replay_id":853,"position":57,"host_staging_bytes":98344,"event_setup_ns":439,"host_staging_ns":1563,"host_launch_ns":5155,"host_wait_ns":3319276,"cuda_graph_span_ns":3321599.960,"event_status":0,"launch_status":0,"completion_status":0}
{"schema":"riley.owned-graph-diagnostic.v1","kind":"read","capture_id":1,"replay_id":853,"host_read_bytes":98344,"host_read_ns":5195}
{"schema":"riley.owned-graph-diagnostic.v1","kind":"replay","capture_id":1,"replay_id":854,"position":58,"host_staging_bytes":98344,"event_setup_ns":366,"host_staging_ns":1564,"host_launch_ns":5372,"host_wait_ns":3329375,"cuda_graph_span_ns":3331840.038,"event_status":0,"launch_status":0,"completion_status":0}
{"schema":"riley.owned-graph-diagnostic.v1","kind":"read","capture_id":1,"replay_id":854,"host_read_bytes":98344,"host_read_ns":5633}
{"schema":"riley.owned-graph-diagnostic.v1","kind":"replay","capture_id":1,"replay_id":855,"position":59,"host_staging_bytes":98344,"event_setup_ns":367,"host_staging_ns":1560,"host_launch_ns":5555,"host_wait_ns":3333773,"cuda_graph_span_ns":3336031.914,"event_status":0,"launch_status":0,"completion_status":0}
{"schema":"riley.owned-graph-diagnostic.v1","kind":"read","capture_id":1,"replay_id":855,"host_read_bytes":98344,"host_read_ns":5200}
{"schema":"riley.owned-graph-diagnostic.v1","kind":"replay","capture_id":1,"replay_id":856,"position":60,"host_staging_bytes":98344,"event_setup_ns":440,"host_staging_ns":1539,"host_launch_ns":5292,"host_wait_ns":3326496,"cuda_graph_span_ns":3329024.076,"event_status":0,"launch_status":0,"completion_status":0}
{"schema":"riley.owned-graph-diagnostic.v1","kind":"read","capture_id":1,"replay_id":856,"host_read_bytes":98344,"host_read_ns":4568}
{"schema":"riley.owned-graph-diagnostic.v1","kind":"replay","capture_id":1,"replay_id":857,"position":61,"host_staging_bytes":98344,"event_setup_ns":484,"host_staging_ns":1550,"host_launch_ns":5388,"host_wait_ns":3331449,"cuda_graph_span_ns":3334016.085,"event_status":0,"launch_status":0,"completion_status":0}
{"schema":"riley.owned-graph-diagnostic.v1","kind":"read","capture_id":1,"replay_id":857,"host_read_bytes":98344,"host_read_ns":4929}
{"schema":"riley.owned-graph-diagnostic.v1","kind":"replay","capture_id":1,"replay_id":858,"position":62,"host_staging_bytes":98344,"event_setup_ns":352,"host_staging_ns":1521,"host_launch_ns":4977,"host_wait_ns":3345218,"cuda_graph_span_ns":3347455.978,"event_status":0,"launch_status":0,"completion_status":0}
{"schema":"riley.owned-graph-diagnostic.v1","kind":"read","capture_id":1,"replay_id":858,"host_read_bytes":98344,"host_read_ns":4639}
{"schema":"riley.owned-graph-diagnostic.v1","kind":"replay","capture_id":1,"replay_id":859,"position":63,"host_staging_bytes":98344,"event_setup_ns":387,"host_staging_ns":1539,"host_launch_ns":4831,"host_wait_ns":3326065,"cuda_graph_span_ns":3328351.974,"event_status":0,"launch_status":0,"completion_status":0}
{"schema":"riley.owned-graph-diagnostic.v1","kind":"read","capture_id":1,"replay_id":859,"host_read_bytes":98344,"host_read_ns":4705}
{"schema":"riley.owned-graph-diagnostic.v1","kind":"replay","capture_id":1,"replay_id":860,"position":64,"host_staging_bytes":98344,"event_setup_ns":487,"host_staging_ns":1537,"host_launch_ns":4798,"host_wait_ns":3401369,"cuda_graph_span_ns":3403455.973,"event_status":0,"launch_status":0,"completion_status":0}
{"schema":"riley.owned-graph-diagnostic.v1","kind":"read","capture_id":1,"replay_id":860,"host_read_bytes":98344,"host_read_ns":4874}
{"schema":"riley.owned-graph-diagnostic.v1","kind":"replay","capture_id":1,"replay_id":861,"position":65,"host_staging_bytes":98344,"event_setup_ns":376,"host_staging_ns":1595,"host_launch_ns":5416,"host_wait_ns":3440412,"cuda_graph_span_ns":3442944.050,"event_status":0,"launch_status":0,"completion_status":0}
{"schema":"riley.owned-graph-diagnostic.v1","kind":"read","capture_id":1,"replay_id":861,"host_read_bytes":98344,"host_read_ns":4849}
{"schema":"riley.owned-graph-diagnostic.v1","kind":"replay","capture_id":1,"replay_id":862,"position":66,"host_staging_bytes":98344,"event_setup_ns":449,"host_staging_ns":1538,"host_launch_ns":4829,"host_wait_ns":3434121,"cuda_graph_span_ns":3436127.901,"event_status":0,"launch_status":0,"completion_status":0}
{"schema":"riley.owned-graph-diagnostic.v1","kind":"read","capture_id":1,"replay_id":862,"host_read_bytes":98344,"host_read_ns":4682}
{"schema":"riley.owned-graph-diagnostic.v1","kind":"replay","capture_id":1,"replay_id":863,"position":67,"host_staging_bytes":98344,"event_setup_ns":362,"host_staging_ns":1564,"host_launch_ns":5531,"host_wait_ns":3442833,"cuda_graph_span_ns":3445535.898,"event_status":0,"launch_status":0,"completion_status":0}
{"schema":"riley.owned-graph-diagnostic.v1","kind":"read","capture_id":1,"replay_id":863,"host_read_bytes":98344,"host_read_ns":5409}
{"schema":"riley.owned-graph-diagnostic.v1","kind":"replay","capture_id":1,"replay_id":864,"position":68,"host_staging_bytes":98344,"event_setup_ns":412,"host_staging_ns":1552,"host_launch_ns":5923,"host_wait_ns":3443570,"cuda_graph_span_ns":3446719.885,"event_status":0,"launch_status":0,"completion_status":0}
{"schema":"riley.owned-graph-diagnostic.v1","kind":"read","capture_id":1,"replay_id":864,"host_read_bytes":98344,"host_read_ns":5707}
{"schema":"riley.owned-graph-diagnostic.v1","kind":"replay","capture_id":1,"replay_id":865,"position":69,"host_staging_bytes":98344,"event_setup_ns":531,"host_staging_ns":1528,"host_launch_ns":4855,"host_wait_ns":3438425,"cuda_graph_span_ns":3440511.942,"event_status":0,"launch_status":0,"completion_status":0}
{"schema":"riley.owned-graph-diagnostic.v1","kind":"read","capture_id":1,"replay_id":865,"host_read_bytes":98344,"host_read_ns":4744}
{"schema":"riley.owned-graph-diagnostic.v1","kind":"replay","capture_id":1,"replay_id":866,"position":70,"host_staging_bytes":98344,"event_setup_ns":347,"host_staging_ns":1536,"host_launch_ns":4588,"host_wait_ns":3448043,"cuda_graph_span_ns":3449951.887,"event_status":0,"launch_status":0,"completion_status":0}
{"schema":"riley.owned-graph-diagnostic.v1","kind":"read","capture_id":1,"replay_id":866,"host_read_bytes":98344,"host_read_ns":4724}
{"schema":"riley.owned-graph-diagnostic.v1","kind":"replay","capture_id":1,"replay_id":867,"position":71,"host_staging_bytes":98344,"event_setup_ns":360,"host_staging_ns":1528,"host_launch_ns":5063,"host_wait_ns":3448157,"cuda_graph_span_ns":3450592.041,"event_status":0,"launch_status":0,"completion_status":0}
{"schema":"riley.owned-graph-diagnostic.v1","kind":"read","capture_id":1,"replay_id":867,"host_read_bytes":98344,"host_read_ns":4820}
{"schema":"riley.owned-graph-diagnostic.v1","kind":"replay","capture_id":1,"replay_id":868,"position":72,"host_staging_bytes":98344,"event_setup_ns":445,"host_staging_ns":1532,"host_launch_ns":5488,"host_wait_ns":3483069,"cuda_graph_span_ns":3485503.912,"event_status":0,"launch_status":0,"completion_status":0}
{"schema":"riley.owned-graph-diagnostic.v1","kind":"read","capture_id":1,"replay_id":868,"host_read_bytes":98344,"host_read_ns":4567}
{"schema":"riley.owned-graph-diagnostic.v1","kind":"replay","capture_id":1,"replay_id":869,"position":73,"host_staging_bytes":98344,"event_setup_ns":359,"host_staging_ns":1532,"host_launch_ns":4962,"host_wait_ns":3522529,"cuda_graph_span_ns":3524768.114,"event_status":0,"launch_status":0,"completion_status":0}
{"schema":"riley.owned-graph-diagnostic.v1","kind":"read","capture_id":1,"replay_id":869,"host_read_bytes":98344,"host_read_ns":4701}
{"schema":"riley.owned-graph-diagnostic.v1","kind":"replay","capture_id":1,"replay_id":870,"position":74,"host_staging_bytes":98344,"event_setup_ns":420,"host_staging_ns":1535,"host_launch_ns":5263,"host_wait_ns":3523845,"cuda_graph_span_ns":3526495.934,"event_status":0,"launch_status":0,"completion_status":0}
{"schema":"riley.owned-graph-diagnostic.v1","kind":"read","capture_id":1,"replay_id":870,"host_read_bytes":98344,"host_read_ns":4876}
{"schema":"riley.owned-graph-diagnostic.v1","kind":"replay","capture_id":1,"replay_id":871,"position":75,"host_staging_bytes":98344,"event_setup_ns":451,"host_staging_ns":1524,"host_launch_ns":5485,"host_wait_ns":3525193,"cuda_graph_span_ns":3527807.951,"event_status":0,"launch_status":0,"completion_status":0}
{"schema":"riley.owned-graph-diagnostic.v1","kind":"read","capture_id":1,"replay_id":871,"host_read_bytes":98344,"host_read_ns":4927}
{"schema":"riley.owned-graph-diagnostic.v1","kind":"replay","capture_id":1,"replay_id":872,"position":76,"host_staging_bytes":98344,"event_setup_ns":302,"host_staging_ns":1541,"host_launch_ns":5184,"host_wait_ns":3531540,"cuda_graph_span_ns":3534176.111,"event_status":0,"launch_status":0,"completion_status":0}
{"schema":"riley.owned-graph-diagnostic.v1","kind":"read","capture_id":1,"replay_id":872,"host_read_bytes":98344,"host_read_ns":4480}
{"schema":"riley.owned-graph-diagnostic.v1","kind":"replay","capture_id":1,"replay_id":873,"position":77,"host_staging_bytes":98344,"event_setup_ns":333,"host_staging_ns":1549,"host_launch_ns":5222,"host_wait_ns":3534993,"cuda_graph_span_ns":3537375.927,"event_status":0,"launch_status":0,"completion_status":0}
{"schema":"riley.owned-graph-diagnostic.v1","kind":"read","capture_id":1,"replay_id":873,"host_read_bytes":98344,"host_read_ns":4559}
{"schema":"riley.owned-graph-diagnostic.v1","kind":"replay","capture_id":1,"replay_id":874,"position":78,"host_staging_bytes":98344,"event_setup_ns":284,"host_staging_ns":1553,"host_launch_ns":5078,"host_wait_ns":3526322,"cuda_graph_span_ns":3528512.001,"event_status":0,"launch_status":0,"completion_status":0}
{"schema":"riley.owned-graph-diagnostic.v1","kind":"read","capture_id":1,"replay_id":874,"host_read_bytes":98344,"host_read_ns":4854}
{"schema":"riley.owned-graph-diagnostic.v1","kind":"replay","capture_id":1,"replay_id":875,"position":79,"host_staging_bytes":98344,"event_setup_ns":664,"host_staging_ns":1538,"host_launch_ns":5520,"host_wait_ns":3528798,"cuda_graph_span_ns":3531296.015,"event_status":0,"launch_status":0,"completion_status":0}
{"schema":"riley.owned-graph-diagnostic.v1","kind":"read","capture_id":1,"replay_id":875,"host_read_bytes":98344,"host_read_ns":4988}
{"schema":"riley.owned-graph-diagnostic.v1","kind":"replay","capture_id":1,"replay_id":876,"position":80,"host_staging_bytes":98344,"event_setup_ns":368,"host_staging_ns":1526,"host_launch_ns":4823,"host_wait_ns":3595369,"cuda_graph_span_ns":3597280.025,"event_status":0,"launch_status":0,"completion_status":0}
{"schema":"riley.owned-graph-diagnostic.v1","kind":"read","capture_id":1,"replay_id":876,"host_read_bytes":98344,"host_read_ns":4755}
{"schema":"riley.owned-graph-diagnostic.v1","kind":"replay","capture_id":1,"replay_id":877,"position":81,"host_staging_bytes":98344,"event_setup_ns":448,"host_staging_ns":1541,"host_launch_ns":4938,"host_wait_ns":3623238,"cuda_graph_span_ns":3625407.934,"event_status":0,"launch_status":0,"completion_status":0}
{"schema":"riley.owned-graph-diagnostic.v1","kind":"read","capture_id":1,"replay_id":877,"host_read_bytes":98344,"host_read_ns":4850}
{"schema":"riley.owned-graph-diagnostic.v1","kind":"replay","capture_id":1,"replay_id":878,"position":82,"host_staging_bytes":98344,"event_setup_ns":303,"host_staging_ns":1539,"host_launch_ns":4936,"host_wait_ns":3641185,"cuda_graph_span_ns":3643296.003,"event_status":0,"launch_status":0,"completion_status":0}
{"schema":"riley.owned-graph-diagnostic.v1","kind":"read","capture_id":1,"replay_id":878,"host_read_bytes":98344,"host_read_ns":4782}
{"schema":"riley.owned-graph-diagnostic.v1","kind":"replay","capture_id":1,"replay_id":879,"position":83,"host_staging_bytes":98344,"event_setup_ns":348,"host_staging_ns":1514,"host_launch_ns":4950,"host_wait_ns":3638807,"cuda_graph_span_ns":3640991.926,"event_status":0,"launch_status":0,"completion_status":0}
{"schema":"riley.owned-graph-diagnostic.v1","kind":"read","capture_id":1,"replay_id":879,"host_read_bytes":98344,"host_read_ns":4461}
{"schema":"riley.owned-graph-diagnostic.v1","kind":"replay","capture_id":1,"replay_id":880,"position":84,"host_staging_bytes":98344,"event_setup_ns":437,"host_staging_ns":1527,"host_launch_ns":4700,"host_wait_ns":3620486,"cuda_graph_span_ns":3622335.911,"event_status":0,"launch_status":0,"completion_status":0}
{"schema":"riley.owned-graph-diagnostic.v1","kind":"read","capture_id":1,"replay_id":880,"host_read_bytes":98344,"host_read_ns":4862}
{"schema":"riley.owned-graph-diagnostic.v1","kind":"replay","capture_id":1,"replay_id":881,"position":85,"host_staging_bytes":98344,"event_setup_ns":399,"host_staging_ns":1531,"host_launch_ns":4738,"host_wait_ns":3628922,"cuda_graph_span_ns":3630880.117,"event_status":0,"launch_status":0,"completion_status":0}
{"schema":"riley.owned-graph-diagnostic.v1","kind":"read","capture_id":1,"replay_id":881,"host_read_bytes":98344,"host_read_ns":4844}
{"schema":"riley.owned-graph-diagnostic.v1","kind":"replay","capture_id":1,"replay_id":882,"position":86,"host_staging_bytes":98344,"event_setup_ns":347,"host_staging_ns":1536,"host_launch_ns":4648,"host_wait_ns":3629538,"cuda_graph_span_ns":3631392.002,"event_status":0,"launch_status":0,"completion_status":0}
{"schema":"riley.owned-graph-diagnostic.v1","kind":"read","capture_id":1,"replay_id":882,"host_read_bytes":98344,"host_read_ns":5791}
{"schema":"riley.owned-graph-diagnostic.v1","kind":"replay","capture_id":1,"replay_id":883,"position":87,"host_staging_bytes":98344,"event_setup_ns":422,"host_staging_ns":1531,"host_launch_ns":4679,"host_wait_ns":3638686,"cuda_graph_span_ns":3640352.011,"event_status":0,"launch_status":0,"completion_status":0}
{"schema":"riley.owned-graph-diagnostic.v1","kind":"read","capture_id":1,"replay_id":883,"host_read_bytes":98344,"host_read_ns":4867}
{"schema":"riley.owned-graph-diagnostic.v1","kind":"replay","capture_id":1,"replay_id":884,"position":88,"host_staging_bytes":98344,"event_setup_ns":619,"host_staging_ns":1544,"host_launch_ns":4814,"host_wait_ns":3674826,"cuda_graph_span_ns":3677344.084,"event_status":0,"launch_status":0,"completion_status":0}
{"schema":"riley.owned-graph-diagnostic.v1","kind":"read","capture_id":1,"replay_id":884,"host_read_bytes":98344,"host_read_ns":4703}
{"schema":"riley.owned-graph-diagnostic.v1","kind":"replay","capture_id":1,"replay_id":885,"position":89,"host_staging_bytes":98344,"event_setup_ns":322,"host_staging_ns":1530,"host_launch_ns":4886,"host_wait_ns":3713057,"cuda_graph_span_ns":3715071.917,"event_status":0,"launch_status":0,"completion_status":0}
{"schema":"riley.owned-graph-diagnostic.v1","kind":"read","capture_id":1,"replay_id":885,"host_read_bytes":98344,"host_read_ns":4949}
{"schema":"riley.owned-graph-diagnostic.v1","kind":"replay","capture_id":1,"replay_id":886,"position":90,"host_staging_bytes":98344,"event_setup_ns":357,"host_staging_ns":1530,"host_launch_ns":4823,"host_wait_ns":3713859,"cuda_graph_span_ns":3715935.946,"event_status":0,"launch_status":0,"completion_status":0}
{"schema":"riley.owned-graph-diagnostic.v1","kind":"read","capture_id":1,"replay_id":886,"host_read_bytes":98344,"host_read_ns":4591}
{"schema":"riley.owned-graph-diagnostic.v1","kind":"replay","capture_id":1,"replay_id":887,"position":91,"host_staging_bytes":98344,"event_setup_ns":287,"host_staging_ns":1517,"host_launch_ns":4896,"host_wait_ns":3710207,"cuda_graph_span_ns":3712383.986,"event_status":0,"launch_status":0,"completion_status":0}
{"schema":"riley.owned-graph-diagnostic.v1","kind":"read","capture_id":1,"replay_id":887,"host_read_bytes":98344,"host_read_ns":4892}
{"schema":"riley.owned-graph-diagnostic.v1","kind":"replay","capture_id":1,"replay_id":888,"position":92,"host_staging_bytes":98344,"event_setup_ns":288,"host_staging_ns":1550,"host_launch_ns":5088,"host_wait_ns":3717900,"cuda_graph_span_ns":3720319.986,"event_status":0,"launch_status":0,"completion_status":0}
{"schema":"riley.owned-graph-diagnostic.v1","kind":"read","capture_id":1,"replay_id":888,"host_read_bytes":98344,"host_read_ns":4801}
{"schema":"riley.owned-graph-diagnostic.v1","kind":"replay","capture_id":1,"replay_id":889,"position":93,"host_staging_bytes":98344,"event_setup_ns":287,"host_staging_ns":1541,"host_launch_ns":4931,"host_wait_ns":3721140,"cuda_graph_span_ns":3723263.979,"event_status":0,"launch_status":0,"completion_status":0}
{"schema":"riley.owned-graph-diagnostic.v1","kind":"read","capture_id":1,"replay_id":889,"host_read_bytes":98344,"host_read_ns":4636}
{"schema":"riley.owned-graph-diagnostic.v1","kind":"replay","capture_id":1,"replay_id":890,"position":94,"host_staging_bytes":98344,"event_setup_ns":359,"host_staging_ns":1548,"host_launch_ns":5355,"host_wait_ns":3719205,"cuda_graph_span_ns":3721728.086,"event_status":0,"launch_status":0,"completion_status":0}
{"schema":"riley.owned-graph-diagnostic.v1","kind":"read","capture_id":1,"replay_id":890,"host_read_bytes":98344,"host_read_ns":4662}
{"schema":"riley.owned-graph-diagnostic.v1","kind":"replay","capture_id":1,"replay_id":891,"position":95,"host_staging_bytes":98344,"event_setup_ns":286,"host_staging_ns":1533,"host_launch_ns":4892,"host_wait_ns":3709812,"cuda_graph_span_ns":3711935.997,"event_status":0,"launch_status":0,"completion_status":0}
{"schema":"riley.owned-graph-diagnostic.v1","kind":"read","capture_id":1,"replay_id":891,"host_read_bytes":98344,"host_read_ns":4822}
{"schema":"riley.owned-graph-diagnostic.v1","kind":"replay","capture_id":1,"replay_id":892,"position":96,"host_staging_bytes":98344,"event_setup_ns":420,"host_staging_ns":1540,"host_launch_ns":5200,"host_wait_ns":3780175,"cuda_graph_span_ns":3782624.006,"event_status":0,"launch_status":0,"completion_status":0}
{"schema":"riley.owned-graph-diagnostic.v1","kind":"read","capture_id":1,"replay_id":892,"host_read_bytes":98344,"host_read_ns":4920}
{"schema":"riley.owned-graph-diagnostic.v1","kind":"replay","capture_id":1,"replay_id":893,"position":97,"host_staging_bytes":98344,"event_setup_ns":345,"host_staging_ns":1560,"host_launch_ns":5011,"host_wait_ns":3815104,"cuda_graph_span_ns":3817248.106,"event_status":0,"launch_status":0,"completion_status":0}
{"schema":"riley.owned-graph-diagnostic.v1","kind":"read","capture_id":1,"replay_id":893,"host_read_bytes":98344,"host_read_ns":5442}
{"schema":"riley.owned-graph-diagnostic.v1","kind":"replay","capture_id":1,"replay_id":894,"position":98,"host_staging_bytes":98344,"event_setup_ns":279,"host_staging_ns":1559,"host_launch_ns":5144,"host_wait_ns":3850021,"cuda_graph_span_ns":3852191.925,"event_status":0,"launch_status":0,"completion_status":0}
{"schema":"riley.owned-graph-diagnostic.v1","kind":"read","capture_id":1,"replay_id":894,"host_read_bytes":98344,"host_read_ns":4889}
{"schema":"riley.owned-graph-diagnostic.v1","kind":"replay","capture_id":1,"replay_id":895,"position":99,"host_staging_bytes":98344,"event_setup_ns":309,"host_staging_ns":1538,"host_launch_ns":5128,"host_wait_ns":3829309,"cuda_graph_span_ns":3831615.925,"event_status":0,"launch_status":0,"completion_status":0}
{"schema":"riley.owned-graph-diagnostic.v1","kind":"read","capture_id":1,"replay_id":895,"host_read_bytes":98344,"host_read_ns":4714}
{"schema":"riley.owned-graph-diagnostic.v1","kind":"replay","capture_id":1,"replay_id":896,"position":100,"host_staging_bytes":98344,"event_setup_ns":362,"host_staging_ns":1515,"host_launch_ns":4690,"host_wait_ns":3826165,"cuda_graph_span_ns":3828095.913,"event_status":0,"launch_status":0,"completion_status":0}
{"schema":"riley.owned-graph-diagnostic.v1","kind":"read","capture_id":1,"replay_id":896,"host_read_bytes":98344,"host_read_ns":4818}
{"schema":"riley.owned-graph-diagnostic.v1","kind":"replay","capture_id":1,"replay_id":897,"position":101,"host_staging_bytes":98344,"event_setup_ns":292,"host_staging_ns":1526,"host_launch_ns":5211,"host_wait_ns":3826294,"cuda_graph_span_ns":3828864.098,"event_status":0,"launch_status":0,"completion_status":0}
{"schema":"riley.owned-graph-diagnostic.v1","kind":"read","capture_id":1,"replay_id":897,"host_read_bytes":98344,"host_read_ns":4645}
{"schema":"riley.owned-graph-diagnostic.v1","kind":"replay","capture_id":1,"replay_id":898,"position":102,"host_staging_bytes":98344,"event_setup_ns":280,"host_staging_ns":1537,"host_launch_ns":5134,"host_wait_ns":3826541,"cuda_graph_span_ns":3828927.994,"event_status":0,"launch_status":0,"completion_status":0}
{"schema":"riley.owned-graph-diagnostic.v1","kind":"read","capture_id":1,"replay_id":898,"host_read_bytes":98344,"host_read_ns":4615}
{"schema":"riley.owned-graph-diagnostic.v1","kind":"replay","capture_id":1,"replay_id":899,"position":103,"host_staging_bytes":98344,"event_setup_ns":352,"host_staging_ns":1548,"host_launch_ns":4672,"host_wait_ns":3834698,"cuda_graph_span_ns":3836607.933,"event_status":0,"launch_status":0,"completion_status":0}
{"schema":"riley.owned-graph-diagnostic.v1","kind":"read","capture_id":1,"replay_id":899,"host_read_bytes":98344,"host_read_ns":4861}
{"schema":"riley.owned-graph-diagnostic.v1","kind":"replay","capture_id":1,"replay_id":900,"position":104,"host_staging_bytes":98344,"event_setup_ns":294,"host_staging_ns":1559,"host_launch_ns":5343,"host_wait_ns":3860964,"cuda_graph_span_ns":3863552.094,"event_status":0,"launch_status":0,"completion_status":0}
{"schema":"riley.owned-graph-diagnostic.v1","kind":"read","capture_id":1,"replay_id":900,"host_read_bytes":98344,"host_read_ns":4891}
{"schema":"riley.owned-graph-diagnostic.v1","kind":"replay","capture_id":1,"replay_id":901,"position":105,"host_staging_bytes":98344,"event_setup_ns":284,"host_staging_ns":1535,"host_launch_ns":4759,"host_wait_ns":3912414,"cuda_graph_span_ns":3914112.091,"event_status":0,"launch_status":0,"completion_status":0}
{"schema":"riley.owned-graph-diagnostic.v1","kind":"read","capture_id":1,"replay_id":901,"host_read_bytes":98344,"host_read_ns":4791}
{"schema":"riley.owned-graph-diagnostic.v1","kind":"replay","capture_id":1,"replay_id":902,"position":106,"host_staging_bytes":98344,"event_setup_ns":361,"host_staging_ns":1546,"host_launch_ns":5312,"host_wait_ns":3908242,"cuda_graph_span_ns":3910752.058,"event_status":0,"launch_status":0,"completion_status":0}
{"schema":"riley.owned-graph-diagnostic.v1","kind":"read","capture_id":1,"replay_id":902,"host_read_bytes":98344,"host_read_ns":4837}
{"schema":"riley.owned-graph-diagnostic.v1","kind":"replay","capture_id":1,"replay_id":903,"position":107,"host_staging_bytes":98344,"event_setup_ns":296,"host_staging_ns":1621,"host_launch_ns":4934,"host_wait_ns":3925110,"cuda_graph_span_ns":3927263.975,"event_status":0,"launch_status":0,"completion_status":0}
{"schema":"riley.owned-graph-diagnostic.v1","kind":"read","capture_id":1,"replay_id":903,"host_read_bytes":98344,"host_read_ns":5247}
{"schema":"riley.owned-graph-diagnostic.v1","kind":"replay","capture_id":1,"replay_id":904,"position":108,"host_staging_bytes":98344,"event_setup_ns":331,"host_staging_ns":1552,"host_launch_ns":5023,"host_wait_ns":3925102,"cuda_graph_span_ns":3927423.954,"event_status":0,"launch_status":0,"completion_status":0}
{"schema":"riley.owned-graph-diagnostic.v1","kind":"read","capture_id":1,"replay_id":904,"host_read_bytes":98344,"host_read_ns":4716}
{"schema":"riley.owned-graph-diagnostic.v1","kind":"replay","capture_id":1,"replay_id":905,"position":109,"host_staging_bytes":98344,"event_setup_ns":276,"host_staging_ns":1521,"host_launch_ns":4862,"host_wait_ns":3918360,"cuda_graph_span_ns":3920288.086,"event_status":0,"launch_status":0,"completion_status":0}
{"schema":"riley.owned-graph-diagnostic.v1","kind":"read","capture_id":1,"replay_id":905,"host_read_bytes":98344,"host_read_ns":5036}
{"schema":"riley.owned-graph-diagnostic.v1","kind":"replay","capture_id":1,"replay_id":906,"position":110,"host_staging_bytes":98344,"event_setup_ns":294,"host_staging_ns":1683,"host_launch_ns":6160,"host_wait_ns":3904607,"cuda_graph_span_ns":3907776.117,"event_status":0,"launch_status":0,"completion_status":0}
{"schema":"riley.owned-graph-diagnostic.v1","kind":"read","capture_id":1,"replay_id":906,"host_read_bytes":98344,"host_read_ns":4964}
{"schema":"riley.owned-graph-diagnostic.v1","kind":"replay","capture_id":1,"replay_id":907,"position":111,"host_staging_bytes":98344,"event_setup_ns":704,"host_staging_ns":1710,"host_launch_ns":5916,"host_wait_ns":3911009,"cuda_graph_span_ns":3914079.905,"event_status":0,"launch_status":0,"completion_status":0}
{"schema":"riley.owned-graph-diagnostic.v1","kind":"read","capture_id":1,"replay_id":907,"host_read_bytes":98344,"host_read_ns":4968}
{"schema":"riley.owned-graph-diagnostic.v1","kind":"replay","capture_id":1,"replay_id":908,"position":112,"host_staging_bytes":98344,"event_setup_ns":593,"host_staging_ns":1730,"host_launch_ns":6048,"host_wait_ns":3956047,"cuda_graph_span_ns":3959136.009,"event_status":0,"launch_status":0,"completion_status":0}
{"schema":"riley.owned-graph-diagnostic.v1","kind":"read","capture_id":1,"replay_id":908,"host_read_bytes":98344,"host_read_ns":4756}
{"schema":"riley.owned-graph-diagnostic.v1","kind":"replay","capture_id":1,"replay_id":909,"position":113,"host_staging_bytes":98344,"event_setup_ns":469,"host_staging_ns":1649,"host_launch_ns":5617,"host_wait_ns":3999815,"cuda_graph_span_ns":4002495.766,"event_status":0,"launch_status":0,"completion_status":0}
{"schema":"riley.owned-graph-diagnostic.v1","kind":"read","capture_id":1,"replay_id":909,"host_read_bytes":98344,"host_read_ns":4573}
{"schema":"riley.owned-graph-diagnostic.v1","kind":"replay","capture_id":1,"replay_id":910,"position":114,"host_staging_bytes":98344,"event_setup_ns":484,"host_staging_ns":1669,"host_launch_ns":5408,"host_wait_ns":4017175,"cuda_graph_span_ns":4019584.179,"event_status":0,"launch_status":0,"completion_status":0}
{"schema":"riley.owned-graph-diagnostic.v1","kind":"read","capture_id":1,"replay_id":910,"host_read_bytes":98344,"host_read_ns":5790}
{"schema":"riley.owned-graph-diagnostic.v1","kind":"replay","capture_id":1,"replay_id":911,"position":115,"host_staging_bytes":98344,"event_setup_ns":483,"host_staging_ns":1703,"host_launch_ns":6112,"host_wait_ns":4013788,"cuda_graph_span_ns":4017055.988,"event_status":0,"launch_status":0,"completion_status":0}
{"schema":"riley.owned-graph-diagnostic.v1","kind":"read","capture_id":1,"replay_id":911,"host_read_bytes":98344,"host_read_ns":4912}
{"schema":"riley.owned-graph-diagnostic.v1","kind":"replay","capture_id":1,"replay_id":912,"position":116,"host_staging_bytes":98344,"event_setup_ns":771,"host_staging_ns":1868,"host_launch_ns":6724,"host_wait_ns":4011653,"cuda_graph_span_ns":4015456.200,"event_status":0,"launch_status":0,"completion_status":0}
{"schema":"riley.owned-graph-diagnostic.v1","kind":"read","capture_id":1,"replay_id":912,"host_read_bytes":98344,"host_read_ns":4669}
{"schema":"riley.owned-graph-diagnostic.v1","kind":"replay","capture_id":1,"replay_id":913,"position":117,"host_staging_bytes":98344,"event_setup_ns":734,"host_staging_ns":1751,"host_launch_ns":6552,"host_wait_ns":4008594,"cuda_graph_span_ns":4012320.042,"event_status":0,"launch_status":0,"completion_status":0}
{"schema":"riley.owned-graph-diagnostic.v1","kind":"read","capture_id":1,"replay_id":913,"host_read_bytes":98344,"host_read_ns":5409}
{"schema":"riley.owned-graph-diagnostic.v1","kind":"replay","capture_id":1,"replay_id":914,"position":118,"host_staging_bytes":98344,"event_setup_ns":339,"host_staging_ns":1749,"host_launch_ns":5881,"host_wait_ns":4022567,"cuda_graph_span_ns":4025695.801,"event_status":0,"launch_status":0,"completion_status":0}
{"schema":"riley.owned-graph-diagnostic.v1","kind":"read","capture_id":1,"replay_id":914,"host_read_bytes":98344,"host_read_ns":4984}
{"schema":"riley.owned-graph-diagnostic.v1","kind":"replay","capture_id":1,"replay_id":915,"position":119,"host_staging_bytes":98344,"event_setup_ns":303,"host_staging_ns":1552,"host_launch_ns":5518,"host_wait_ns":4011102,"cuda_graph_span_ns":4013728.142,"event_status":0,"launch_status":0,"completion_status":0}
{"schema":"riley.owned-graph-diagnostic.v1","kind":"read","capture_id":1,"replay_id":915,"host_read_bytes":98344,"host_read_ns":4703}
{"schema":"riley.owned-graph-diagnostic.v1","kind":"replay","capture_id":1,"replay_id":916,"position":120,"host_staging_bytes":98344,"event_setup_ns":365,"host_staging_ns":1570,"host_launch_ns":5383,"host_wait_ns":4045974,"cuda_graph_span_ns":4048672.199,"event_status":0,"launch_status":0,"completion_status":0}
{"schema":"riley.owned-graph-diagnostic.v1","kind":"read","capture_id":1,"replay_id":916,"host_read_bytes":98344,"host_read_ns":4836}
{"schema":"riley.owned-graph-diagnostic.v1","kind":"replay","capture_id":1,"replay_id":917,"position":121,"host_staging_bytes":98344,"event_setup_ns":359,"host_staging_ns":1661,"host_launch_ns":5032,"host_wait_ns":4077921,"cuda_graph_span_ns":4080095.768,"event_status":0,"launch_status":0,"completion_status":0}
{"schema":"riley.owned-graph-diagnostic.v1","kind":"read","capture_id":1,"replay_id":917,"host_read_bytes":98344,"host_read_ns":4982}
{"schema":"riley.owned-graph-diagnostic.v1","kind":"replay","capture_id":1,"replay_id":918,"position":122,"host_staging_bytes":98344,"event_setup_ns":325,"host_staging_ns":1569,"host_launch_ns":5632,"host_wait_ns":4087462,"cuda_graph_span_ns":4090496.063,"event_status":0,"launch_status":0,"completion_status":0}
{"schema":"riley.owned-graph-diagnostic.v1","kind":"read","capture_id":1,"replay_id":918,"host_read_bytes":98344,"host_read_ns":4999}
{"schema":"riley.owned-graph-diagnostic.v1","kind":"replay","capture_id":1,"replay_id":919,"position":123,"host_staging_bytes":98344,"event_setup_ns":524,"host_staging_ns":1604,"host_launch_ns":4835,"host_wait_ns":4104442,"cuda_graph_span_ns":4106431.961,"event_status":0,"launch_status":0,"completion_status":0}
{"schema":"riley.owned-graph-diagnostic.v1","kind":"read","capture_id":1,"replay_id":919,"host_read_bytes":98344,"host_read_ns":4651}
{"schema":"riley.owned-graph-diagnostic.v1","kind":"replay","capture_id":1,"replay_id":920,"position":124,"host_staging_bytes":98344,"event_setup_ns":281,"host_staging_ns":1566,"host_launch_ns":5248,"host_wait_ns":4099547,"cuda_graph_span_ns":4101920.128,"event_status":0,"launch_status":0,"completion_status":0}
{"schema":"riley.owned-graph-diagnostic.v1","kind":"read","capture_id":1,"replay_id":920,"host_read_bytes":98344,"host_read_ns":4688}
{"schema":"riley.owned-graph-diagnostic.v1","kind":"replay","capture_id":1,"replay_id":921,"position":125,"host_staging_bytes":98344,"event_setup_ns":287,"host_staging_ns":1546,"host_launch_ns":4755,"host_wait_ns":4098046,"cuda_graph_span_ns":4099936.008,"event_status":0,"launch_status":0,"completion_status":0}
{"schema":"riley.owned-graph-diagnostic.v1","kind":"read","capture_id":1,"replay_id":921,"host_read_bytes":98344,"host_read_ns":4910}
{"schema":"riley.owned-graph-diagnostic.v1","kind":"replay","capture_id":1,"replay_id":922,"position":126,"host_staging_bytes":98344,"event_setup_ns":291,"host_staging_ns":1535,"host_launch_ns":5311,"host_wait_ns":4097298,"cuda_graph_span_ns":4099936.008,"event_status":0,"launch_status":0,"completion_status":0}
{"schema":"riley.owned-graph-diagnostic.v1","kind":"read","capture_id":1,"replay_id":922,"host_read_bytes":98344,"host_read_ns":4800}
{"schema":"riley.owned-graph-diagnostic.v1","kind":"replay","capture_id":1,"replay_id":923,"position":127,"host_staging_bytes":98344,"event_setup_ns":285,"host_staging_ns":1531,"host_launch_ns":5022,"host_wait_ns":4092137,"cuda_graph_span_ns":4094367.981,"event_status":0,"launch_status":0,"completion_status":0}
{"schema":"riley.owned-graph-diagnostic.v1","kind":"read","capture_id":1,"replay_id":923,"host_read_bytes":98344,"host_read_ns":4864}
{"schema":"riley.owned-graph-diagnostic.v1","kind":"replay","capture_id":1,"replay_id":924,"position":128,"host_staging_bytes":98344,"event_setup_ns":321,"host_staging_ns":1602,"host_launch_ns":5240,"host_wait_ns":2467655,"cuda_graph_span_ns":2469952.106,"event_status":0,"launch_status":0,"completion_status":0}
{"schema":"riley.owned-graph-diagnostic.v1","kind":"read","capture_id":1,"replay_id":924,"host_read_bytes":98344,"host_read_ns":4733}
{"schema":"riley.owned-graph-diagnostic.v1","kind":"replay","capture_id":1,"replay_id":925,"position":129,"host_staging_bytes":98344,"event_setup_ns":374,"host_staging_ns":1554,"host_launch_ns":5317,"host_wait_ns":2195177,"cuda_graph_span_ns":2197983.980,"event_status":0,"launch_status":0,"completion_status":0}
{"schema":"riley.owned-graph-diagnostic.v1","kind":"read","capture_id":1,"replay_id":925,"host_read_bytes":98344,"host_read_ns":4504}
{"schema":"riley.owned-graph-diagnostic.v1","kind":"replay","capture_id":1,"replay_id":926,"position":130,"host_staging_bytes":98344,"event_setup_ns":297,"host_staging_ns":1532,"host_launch_ns":4815,"host_wait_ns":2204789,"cuda_graph_span_ns":2206975.937,"event_status":0,"launch_status":0,"completion_status":0}
{"schema":"riley.owned-graph-diagnostic.v1","kind":"read","capture_id":1,"replay_id":926,"host_read_bytes":98344,"host_read_ns":4838}
{"schema":"riley.owned-graph-diagnostic.v1","kind":"replay","capture_id":1,"replay_id":927,"position":131,"host_staging_bytes":98344,"event_setup_ns":280,"host_staging_ns":1534,"host_launch_ns":5214,"host_wait_ns":2196340,"cuda_graph_span_ns":2198848.009,"event_status":0,"launch_status":0,"completion_status":0}
{"schema":"riley.owned-graph-diagnostic.v1","kind":"read","capture_id":1,"replay_id":927,"host_read_bytes":98344,"host_read_ns":4521}
{"schema":"riley.owned-graph-diagnostic.v1","kind":"replay","capture_id":1,"replay_id":928,"position":132,"host_staging_bytes":98344,"event_setup_ns":284,"host_staging_ns":1543,"host_launch_ns":5080,"host_wait_ns":2196980,"cuda_graph_span_ns":2199424.028,"event_status":0,"launch_status":0,"completion_status":0}
{"schema":"riley.owned-graph-diagnostic.v1","kind":"read","capture_id":1,"replay_id":928,"host_read_bytes":98344,"host_read_ns":4681}
{"schema":"riley.owned-graph-diagnostic.v1","kind":"replay","capture_id":1,"replay_id":929,"position":133,"host_staging_bytes":98344,"event_setup_ns":432,"host_staging_ns":1531,"host_launch_ns":4879,"host_wait_ns":2203056,"cuda_graph_span_ns":2205248.117,"event_status":0,"launch_status":0,"completion_status":0}
{"schema":"riley.owned-graph-diagnostic.v1","kind":"read","capture_id":1,"replay_id":929,"host_read_bytes":98344,"host_read_ns":4853}
{"schema":"riley.owned-graph-diagnostic.v1","kind":"replay","capture_id":1,"replay_id":930,"position":134,"host_staging_bytes":98344,"event_setup_ns":397,"host_staging_ns":1518,"host_launch_ns":4881,"host_wait_ns":2202850,"cuda_graph_span_ns":2204864.025,"event_status":0,"launch_status":0,"completion_status":0}
{"schema":"riley.owned-graph-diagnostic.v1","kind":"read","capture_id":1,"replay_id":930,"host_read_bytes":98344,"host_read_ns":4635}
{"schema":"riley.owned-graph-diagnostic.v1","kind":"replay","capture_id":1,"replay_id":931,"position":135,"host_staging_bytes":98344,"event_setup_ns":432,"host_staging_ns":1547,"host_launch_ns":4549,"host_wait_ns":2196621,"cuda_graph_span_ns":2198623.896,"event_status":0,"launch_status":0,"completion_status":0}
{"schema":"riley.owned-graph-diagnostic.v1","kind":"read","capture_id":1,"replay_id":931,"host_read_bytes":98344,"host_read_ns":4443}
{"schema":"riley.owned-graph-diagnostic.v1","kind":"replay","capture_id":1,"replay_id":932,"position":136,"host_staging_bytes":98344,"event_setup_ns":361,"host_staging_ns":1518,"host_launch_ns":4796,"host_wait_ns":2240538,"cuda_graph_span_ns":2242655.993,"event_status":0,"launch_status":0,"completion_status":0}
{"schema":"riley.owned-graph-diagnostic.v1","kind":"read","capture_id":1,"replay_id":932,"host_read_bytes":98344,"host_read_ns":4821}
{"schema":"riley.owned-graph-diagnostic.v1","kind":"replay","capture_id":1,"replay_id":933,"position":137,"host_staging_bytes":98344,"event_setup_ns":319,"host_staging_ns":1512,"host_launch_ns":4554,"host_wait_ns":2253500,"cuda_graph_span_ns":2255264.044,"event_status":0,"launch_status":0,"completion_status":0}
{"schema":"riley.owned-graph-diagnostic.v1","kind":"read","capture_id":1,"replay_id":933,"host_read_bytes":98344,"host_read_ns":4430}
{"schema":"riley.owned-graph-diagnostic.v1","kind":"replay","capture_id":1,"replay_id":934,"position":138,"host_staging_bytes":98344,"event_setup_ns":372,"host_staging_ns":1531,"host_launch_ns":4604,"host_wait_ns":2255615,"cuda_graph_span_ns":2257472.038,"event_status":0,"launch_status":0,"completion_status":0}
{"schema":"riley.owned-graph-diagnostic.v1","kind":"read","capture_id":1,"replay_id":934,"host_read_bytes":98344,"host_read_ns":4886}
{"schema":"riley.owned-graph-diagnostic.v1","kind":"replay","capture_id":1,"replay_id":935,"position":139,"host_staging_bytes":98344,"event_setup_ns":360,"host_staging_ns":1525,"host_launch_ns":4758,"host_wait_ns":2256338,"cuda_graph_span_ns":2258336.067,"event_status":0,"launch_status":0,"completion_status":0}
{"schema":"riley.owned-graph-diagnostic.v1","kind":"read","capture_id":1,"replay_id":935,"host_read_bytes":98344,"host_read_ns":5259}
{"schema":"riley.owned-graph-diagnostic.v1","kind":"replay","capture_id":1,"replay_id":936,"position":140,"host_staging_bytes":98344,"event_setup_ns":340,"host_staging_ns":1512,"host_launch_ns":4845,"host_wait_ns":2261292,"cuda_graph_span_ns":2263456.106,"event_status":0,"launch_status":0,"completion_status":0}
{"schema":"riley.owned-graph-diagnostic.v1","kind":"read","capture_id":1,"replay_id":936,"host_read_bytes":98344,"host_read_ns":4754}
{"schema":"riley.owned-graph-diagnostic.v1","kind":"replay","capture_id":1,"replay_id":937,"position":141,"host_staging_bytes":98344,"event_setup_ns":307,"host_staging_ns":1527,"host_launch_ns":7421,"host_wait_ns":2252677,"cuda_graph_span_ns":2257503.986,"event_status":0,"launch_status":0,"completion_status":0}
{"schema":"riley.owned-graph-diagnostic.v1","kind":"read","capture_id":1,"replay_id":937,"host_read_bytes":98344,"host_read_ns":4692}
{"schema":"riley.owned-graph-diagnostic.v1","kind":"replay","capture_id":1,"replay_id":938,"position":142,"host_staging_bytes":98344,"event_setup_ns":366,"host_staging_ns":1553,"host_launch_ns":4806,"host_wait_ns":2245399,"cuda_graph_span_ns":2247359.991,"event_status":0,"launch_status":0,"completion_status":0}
{"schema":"riley.owned-graph-diagnostic.v1","kind":"read","capture_id":1,"replay_id":938,"host_read_bytes":98344,"host_read_ns":5277}
{"schema":"riley.owned-graph-diagnostic.v1","kind":"replay","capture_id":1,"replay_id":939,"position":143,"host_staging_bytes":98344,"event_setup_ns":504,"host_staging_ns":1531,"host_launch_ns":5177,"host_wait_ns":2246032,"cuda_graph_span_ns":2248575.926,"event_status":0,"launch_status":0,"completion_status":0}
{"schema":"riley.owned-graph-diagnostic.v1","kind":"read","capture_id":1,"replay_id":939,"host_read_bytes":98344,"host_read_ns":4618}
{"schema":"riley.owned-graph-diagnostic.v1","kind":"replay","capture_id":1,"replay_id":940,"position":144,"host_staging_bytes":98344,"event_setup_ns":473,"host_staging_ns":1536,"host_launch_ns":4764,"host_wait_ns":2320152,"cuda_graph_span_ns":2322240.114,"event_status":0,"launch_status":0,"completion_status":0}
{"schema":"riley.owned-graph-diagnostic.v1","kind":"read","capture_id":1,"replay_id":940,"host_read_bytes":98344,"host_read_ns":5157}
{"schema":"riley.owned-graph-diagnostic.v1","kind":"replay","capture_id":1,"replay_id":941,"position":145,"host_staging_bytes":98344,"event_setup_ns":507,"host_staging_ns":1522,"host_launch_ns":4837,"host_wait_ns":2329987,"cuda_graph_span_ns":2332031.965,"event_status":0,"launch_status":0,"completion_status":0}
{"schema":"riley.owned-graph-diagnostic.v1","kind":"read","capture_id":1,"replay_id":941,"host_read_bytes":98344,"host_read_ns":4803}
{"schema":"riley.owned-graph-diagnostic.v1","kind":"replay","capture_id":1,"replay_id":942,"position":146,"host_staging_bytes":98344,"event_setup_ns":465,"host_staging_ns":1555,"host_launch_ns":4875,"host_wait_ns":2331113,"cuda_graph_span_ns":2333087.921,"event_status":0,"launch_status":0,"completion_status":0}
{"schema":"riley.owned-graph-diagnostic.v1","kind":"read","capture_id":1,"replay_id":942,"host_read_bytes":98344,"host_read_ns":5171}
{"schema":"riley.owned-graph-diagnostic.v1","kind":"replay","capture_id":1,"replay_id":943,"position":147,"host_staging_bytes":98344,"event_setup_ns":356,"host_staging_ns":1541,"host_launch_ns":5002,"host_wait_ns":2327974,"cuda_graph_span_ns":2330559.969,"event_status":0,"launch_status":0,"completion_status":0}
{"schema":"riley.owned-graph-diagnostic.v1","kind":"read","capture_id":1,"replay_id":943,"host_read_bytes":98344,"host_read_ns":4818}
{"schema":"riley.owned-graph-diagnostic.v1","kind":"replay","capture_id":1,"replay_id":944,"position":148,"host_staging_bytes":98344,"event_setup_ns":434,"host_staging_ns":1570,"host_launch_ns":5267,"host_wait_ns":2327693,"cuda_graph_span_ns":2330143.929,"event_status":0,"launch_status":0,"completion_status":0}
{"schema":"riley.owned-graph-diagnostic.v1","kind":"read","capture_id":1,"replay_id":944,"host_read_bytes":98344,"host_read_ns":4855}
{"schema":"riley.owned-graph-diagnostic.v1","kind":"replay","capture_id":1,"replay_id":945,"position":149,"host_staging_bytes":98344,"event_setup_ns":571,"host_staging_ns":1523,"host_launch_ns":4685,"host_wait_ns":2337858,"cuda_graph_span_ns":2339648.008,"event_status":0,"launch_status":0,"completion_status":0}
{"schema":"riley.owned-graph-diagnostic.v1","kind":"read","capture_id":1,"replay_id":945,"host_read_bytes":98344,"host_read_ns":4920}
{"schema":"riley.owned-graph-diagnostic.v1","kind":"replay","capture_id":1,"replay_id":946,"position":150,"host_staging_bytes":98344,"event_setup_ns":363,"host_staging_ns":1540,"host_launch_ns":5237,"host_wait_ns":2336916,"cuda_graph_span_ns":2339359.999,"event_status":0,"launch_status":0,"completion_status":0}
{"schema":"riley.owned-graph-diagnostic.v1","kind":"read","capture_id":1,"replay_id":946,"host_read_bytes":98344,"host_read_ns":4971}
{"schema":"riley.owned-graph-diagnostic.v1","kind":"replay","capture_id":1,"replay_id":947,"position":151,"host_staging_bytes":98344,"event_setup_ns":373,"host_staging_ns":1553,"host_launch_ns":4892,"host_wait_ns":2327734,"cuda_graph_span_ns":2329823.971,"event_status":0,"launch_status":0,"completion_status":0}
{"schema":"riley.owned-graph-diagnostic.v1","kind":"read","capture_id":1,"replay_id":947,"host_read_bytes":98344,"host_read_ns":4829}
{"schema":"riley.owned-graph-diagnostic.v1","kind":"replay","capture_id":1,"replay_id":948,"position":152,"host_staging_bytes":98344,"event_setup_ns":366,"host_staging_ns":1518,"host_launch_ns":4813,"host_wait_ns":2369744,"cuda_graph_span_ns":2371711.969,"event_status":0,"launch_status":0,"completion_status":0}
{"schema":"riley.owned-graph-diagnostic.v1","kind":"read","capture_id":1,"replay_id":948,"host_read_bytes":98344,"host_read_ns":4956}
{"schema":"riley.owned-graph-diagnostic.v1","kind":"replay","capture_id":1,"replay_id":949,"position":153,"host_staging_bytes":98344,"event_setup_ns":354,"host_staging_ns":1523,"host_launch_ns":4755,"host_wait_ns":2394308,"cuda_graph_span_ns":2396032.095,"event_status":0,"launch_status":0,"completion_status":0}
{"schema":"riley.owned-graph-diagnostic.v1","kind":"read","capture_id":1,"replay_id":949,"host_read_bytes":98344,"host_read_ns":4607}
{"schema":"riley.owned-graph-diagnostic.v1","kind":"replay","capture_id":1,"replay_id":950,"position":154,"host_staging_bytes":98344,"event_setup_ns":320,"host_staging_ns":1536,"host_launch_ns":4817,"host_wait_ns":2388295,"cuda_graph_span_ns":2390592.098,"event_status":0,"launch_status":0,"completion_status":0}
{"schema":"riley.owned-graph-diagnostic.v1","kind":"read","capture_id":1,"replay_id":950,"host_read_bytes":98344,"host_read_ns":4640}
{"schema":"riley.owned-graph-diagnostic.v1","kind":"replay","capture_id":1,"replay_id":951,"position":155,"host_staging_bytes":98344,"event_setup_ns":306,"host_staging_ns":1514,"host_launch_ns":4748,"host_wait_ns":2377624,"cuda_graph_span_ns":2379424.095,"event_status":0,"launch_status":0,"completion_status":0}
{"schema":"riley.owned-graph-diagnostic.v1","kind":"read","capture_id":1,"replay_id":951,"host_read_bytes":98344,"host_read_ns":5229}
{"schema":"riley.owned-graph-diagnostic.v1","kind":"replay","capture_id":1,"replay_id":952,"position":156,"host_staging_bytes":98344,"event_setup_ns":397,"host_staging_ns":1538,"host_launch_ns":4926,"host_wait_ns":2378929,"cuda_graph_span_ns":2380896.091,"event_status":0,"launch_status":0,"completion_status":0}
{"schema":"riley.owned-graph-diagnostic.v1","kind":"read","capture_id":1,"replay_id":952,"host_read_bytes":98344,"host_read_ns":4253}
{"schema":"riley.owned-graph-diagnostic.v1","kind":"replay","capture_id":1,"replay_id":953,"position":157,"host_staging_bytes":98344,"event_setup_ns":495,"host_staging_ns":1527,"host_launch_ns":5083,"host_wait_ns":2380430,"cuda_graph_span_ns":2382751.942,"event_status":0,"launch_status":0,"completion_status":0}
{"schema":"riley.owned-graph-diagnostic.v1","kind":"read","capture_id":1,"replay_id":953,"host_read_bytes":98344,"host_read_ns":5252}
{"schema":"riley.owned-graph-diagnostic.v1","kind":"replay","capture_id":1,"replay_id":954,"position":158,"host_staging_bytes":98344,"event_setup_ns":361,"host_staging_ns":1552,"host_launch_ns":4987,"host_wait_ns":2376978,"cuda_graph_span_ns":2379328.012,"event_status":0,"launch_status":0,"completion_status":0}
{"schema":"riley.owned-graph-diagnostic.v1","kind":"read","capture_id":1,"replay_id":954,"host_read_bytes":98344,"host_read_ns":5122}
riley graceful shutdown requested by SIGTERM
RILEY_GRAPH close replays=954
