
attention_cublaslt.cu.o:
0000000000006d70 T _Z118__device_stub__ZN54_GLOBAL__N__63e789ce_21_attention_cublaslt_cu_8916ea9816repeat_kv_kernelEPK13__nv_bfloat16PS0_mmmmmPK13__nv_bfloat16PS_mmmmm
0000000000006f00 T _Z119__device_stub__ZN54_GLOBAL__N__63e789ce_21_attention_cublaslt_cu_8916ea9824scale_causal_mask_kernelEP13__nv_bfloat16mfmP13__nv_bfloat16mfm
0000000000000000 W _ZN19riley_cuda_internal14CurrentContext5enterEP18RileyCudaErrorInfojPKcPK21RileyCudaGraphCapture
0000000000000000 W _ZN19riley_cuda_internal26command_batch_register_useEP15RileyCudaStreamPSt6atomicIjEP18RileyCudaErrorInfoPKcS8_
00000000000032e0 T _ZN54_GLOBAL__N__63e789ce_21_attention_cublaslt_cu_8916ea9811block_countEm
00000000000019f0 T _ZN54_GLOBAL__N__63e789ce_21_attention_cublaslt_cu_8916ea9811checked_addEmmPm
0000000000009250 T _ZN54_GLOBAL__N__63e789ce_21_attention_cublaslt_cu_8916ea9812prepare_planEP31RileyCudaHfPrefillAttentionPlanP18RileyCudaErrorInfo
0000000000003020 T _ZN54_GLOBAL__N__63e789ce_21_attention_cublaslt_cu_8916ea9812resolve_spanEPK19RileyCudaBufferSpanmPNS_12ResolvedSpanEP18RileyCudaErrorInfoPKc
0000000000005420 T _ZN54_GLOBAL__N__63e789ce_21_attention_cublaslt_cu_8916ea9813launch_statusEP18RileyCudaErrorInfoPKc
00000000000032a0 T _ZN54_GLOBAL__N__63e789ce_21_attention_cublaslt_cu_8916ea9813spans_overlapERKNS_12ResolvedSpanES2_
0000000000001af0 T _ZN54_GLOBAL__N__63e789ce_21_attention_cublaslt_cu_8916ea9814cublaslt_errorE14cublasStatus_tP18RileyCudaErrorInfojPKc
0000000000002b30 T _ZN54_GLOBAL__N__63e789ce_21_attention_cublaslt_cu_8916ea9814destroy_matmulEPNS_11MatmulStateEP18RileyCudaErrorInfojPKc
0000000000002570 T _ZN54_GLOBAL__N__63e789ce_21_attention_cublaslt_cu_8916ea9814prepare_layoutEPP28cublasLtMatrixLayoutOpaque_tmmlilP18RileyCudaErrorInfo
0000000000001a60 T _ZN54_GLOBAL__N__63e789ce_21_attention_cublaslt_cu_8916ea9815checked_productEPKmmPm
0000000000001ec0 T _ZN54_GLOBAL__N__63e789ce_21_attention_cublaslt_cu_8916ea9815validate_configEPK33RileyCudaHfPrefillAttentionConfigPNS_10ByteCountsEP18RileyCudaErrorInfo
0000000000001a20 T _ZN54_GLOBAL__N__63e789ce_21_attention_cublaslt_cu_8916ea9816checked_multiplyEmmPm
0000000000002f70 T _ZN54_GLOBAL__N__63e789ce_21_attention_cublaslt_cu_8916ea9816matmul_destroyedERKNS_11MatmulStateE
0000000000001850 T _ZN54_GLOBAL__N__63e789ce_21_attention_cublaslt_cu_8916ea9816repeat_kv_kernelEPK13__nv_bfloat16PS0_mmmmm
0000000000001ab0 T _ZN54_GLOBAL__N__63e789ce_21_attention_cublaslt_cu_8916ea9816reserved_is_zeroEPKmm
0000000000008d80 T _ZN54_GLOBAL__N__63e789ce_21_attention_cublaslt_cu_8916ea9817prepare_operationEP31RileyCudaHfPrefillAttentionPlanPNS_11MatmulStateEbP18RileyCudaErrorInfo
0000000000005530 T _ZN54_GLOBAL__N__63e789ce_21_attention_cublaslt_cu_8916ea9818complete_executionEPNS_13ExclusiveUsesEPN19riley_cuda_internal14CurrentContextEP15RileyCudaStreamibP18RileyCudaErrorInfoPKc
0000000000001be0 T _ZN54_GLOBAL__N__63e789ce_21_attention_cublaslt_cu_8916ea9819compute_byte_countsERK33RileyCudaHfPrefillAttentionConfigPNS_10ByteCountsEP18RileyCudaErrorInfoPKc
0000000000002460 T _ZN54_GLOBAL__N__63e789ce_21_attention_cublaslt_cu_8916ea9820set_layout_attributeEP28cublasLtMatrixLayoutOpaque_t31cublasLtMatrixLayoutAttribute_tPKvmP18RileyCudaErrorInfo
0000000000000000 W _ZN54_GLOBAL__N__63e789ce_21_attention_cublaslt_cu_8916ea9822algorithm_config_valueIjEEbPK20cublasLtMatmulAlgo_t36cublasLtMatmulAlgoConfigAttributes_tPT_
0000000000002cc0 T _ZN54_GLOBAL__N__63e789ce_21_attention_cublaslt_cu_8916ea9822destroy_plan_resourcesEP31RileyCudaHfPrefillAttentionPlanP18RileyCudaErrorInfojPKc
0000000000002fa0 T _ZN54_GLOBAL__N__63e789ce_21_attention_cublaslt_cu_8916ea9824plan_resources_destroyedEPK31RileyCudaHfPrefillAttentionPlan
00000000000016f0 T _ZN54_GLOBAL__N__63e789ce_21_attention_cublaslt_cu_8916ea9824scale_causal_mask_kernelEP13__nv_bfloat16mfm
00000000000049d0 T _ZN54_GLOBAL__N__63e789ce_21_attention_cublaslt_cu_8916ea9825launch_hf_regular_softmaxEP13__nv_bfloat16mmP11CUstream_st
00000000000028e0 T _ZN54_GLOBAL__N__63e789ce_21_attention_cublaslt_cu_8916ea9825reviewed_algorithms_matchERK35RileyCudaHfPrefillAttentionPlanInfoRKNS_26ReviewedAttentionAlgorithmE
0000000000003300 T _ZN54_GLOBAL__N__63e789ce_21_attention_cublaslt_cu_8916ea9828launch_hf_persistent_softmaxEP13__nv_bfloat16mmP11CUstream_st
0000000000008700 T _ZN54_GLOBAL__N__63e789ce_21_attention_cublaslt_cu_8916ea9828select_first_exact_algorithmEP15cublasLtContextPNS_11MatmulStateEPNS_27SelectedAlgorithmProvenanceEP18RileyCudaErrorInfo
00000000000022c0 T _ZN54_GLOBAL__N__63e789ce_21_attention_cublaslt_cu_8916ea9833algorithm_has_supported_alignmentEPK20cublasLtMatmulAlgo_t
0000000000002970 T _ZN54_GLOBAL__N__63e789ce_21_attention_cublaslt_cu_8916ea9833validate_reviewed_plan_provenanceEPK31RileyCudaHfPrefillAttentionPlanP18RileyCudaErrorInfo
0000000000002870 T _ZN54_GLOBAL__N__63e789ce_21_attention_cublaslt_cu_8916ea9834reviewed_algorithm_for_token_countEm
0000000000005fe0 T _ZN54_GLOBAL__N__63e789ce_21_attention_cublaslt_cu_8916ea9836hf_prefill_attention_plan_close_implEPP31RileyCudaHfPrefillAttentionPlanP18RileyCudaErrorInfoPK21RileyCudaGraphCapture
0000000000006770 T _ZN54_GLOBAL__N__63e789ce_21_attention_cublaslt_cu_8916ea9840deferred_hf_prefill_attention_plan_closeEP26RileyCudaDeferredCloseNodePK21RileyCudaGraphCaptureP18RileyCudaErrorInfo
0000000000000000 u _ZZN19riley_cuda_internal19native_thread_tokenEvE5token
0000000000000000 u _ZZN19riley_cuda_internal26thread_graph_capture_ownerEvE5owner
00000000000068f0 T riley_cuda_hf_prefill_attention_plan_close
00000000000097a0 T riley_cuda_hf_prefill_attention_plan_create
0000000000006900 T riley_cuda_hf_prefill_attention_plan_defer_to_active_capture
0000000000007060 T riley_cuda_hf_prefill_attention_plan_execute
0000000000005c70 T riley_cuda_hf_prefill_attention_plan_info

attention_reference.cu.o:
0000000000004e70 T _Z116__device_stub__ZN55_GLOBAL__N__532c10a4_22_attention_reference_cu_29143be821causal_softmax_kernelEP13__nv_bfloat16mmP13__nv_bfloat16mm
00000000000059c0 T _Z119__device_stub__ZN55_GLOBAL__N__532c10a4_22_attention_reference_cu_29143be813av_gqa_kernelEPK13__nv_bfloat16S2_PS0_mmmmmPK13__nv_bfloat16S1_PS_mmmmm
0000000000003230 T _Z119__device_stub__ZN55_GLOBAL__N__532c10a4_22_attention_reference_cu_29143be813qk_gqa_kernelEPK13__nv_bfloat16S2_PS0_mmmmmPK13__nv_bfloat16S1_PS_mmmmm
0000000000004240 T _Z120__device_stub__ZN55_GLOBAL__N__532c10a4_22_attention_reference_cu_29143be824scale_causal_mask_kernelEP13__nv_bfloat16mfmP13__nv_bfloat16mfm
0000000000000870 T _ZN55_GLOBAL__N__532c10a4_22_attention_reference_cu_29143be810bf16_bytesEmPmP18RileyCudaErrorInfoPKc
0000000000001770 T _ZN55_GLOBAL__N__532c10a4_22_attention_reference_cu_29143be811block_countEm
0000000000000930 T _ZN55_GLOBAL__N__532c10a4_22_attention_reference_cu_29143be811score_bytesEmmPmP18RileyCudaErrorInfoPKc
0000000000000350 T _ZN55_GLOBAL__N__532c10a4_22_attention_reference_cu_29143be813av_gqa_kernelEPK13__nv_bfloat16S2_PS0_mmmmm
0000000000001790 T _ZN55_GLOBAL__N__532c10a4_22_attention_reference_cu_29143be813launch_statusEP18RileyCudaErrorInfoPKc
0000000000000190 T _ZN55_GLOBAL__N__532c10a4_22_attention_reference_cu_29143be813qk_gqa_kernelEPK13__nv_bfloat16S2_PS0_mmmmm
0000000000001490 T _ZN55_GLOBAL__N__532c10a4_22_attention_reference_cu_29143be814reject_overlapERKNS_12ResolvedSpanES2_P18RileyCudaErrorInfoPKc
0000000000000a90 T _ZN55_GLOBAL__N__532c10a4_22_attention_reference_cu_29143be815gqa_byte_countsEmmmmPNS_13GqaByteCountsEP18RileyCudaErrorInfoPKc
00000000000007a0 T _ZN55_GLOBAL__N__532c10a4_22_attention_reference_cu_29143be816checked_multiplyEmmPm
00000000000007e0 T _ZN55_GLOBAL__N__532c10a4_22_attention_reference_cu_29143be816checked_product3EmmmPm
0000000000000830 T _ZN55_GLOBAL__N__532c10a4_22_attention_reference_cu_29143be816reserved_is_zeroEPKmm
0000000000000f90 T _ZN55_GLOBAL__N__532c10a4_22_attention_reference_cu_29143be817resolve_bf16_spanERK19RileyCudaBufferSpanmPNS_12ResolvedSpanEP18RileyCudaErrorInfoPKc
0000000000001570 T _ZN55_GLOBAL__N__532c10a4_22_attention_reference_cu_29143be817validate_contextsEP15RileyCudaStreamPKNS_12ResolvedSpanEmP18RileyCudaErrorInfoPKc
00000000000018a0 T _ZN55_GLOBAL__N__532c10a4_22_attention_reference_cu_29143be818complete_executionEPNS_13ExclusiveUsesEPN19riley_cuda_internal14CurrentContextEP15RileyCudaStreamibP18RileyCudaErrorInfoPKc
0000000000000cd0 T _ZN55_GLOBAL__N__532c10a4_22_attention_reference_cu_29143be819prefill_byte_countsEmmmmmPNS_17PrefillByteCountsEP18RileyCudaErrorInfoPKc
0000000000000670 T _ZN55_GLOBAL__N__532c10a4_22_attention_reference_cu_29143be821causal_softmax_kernelEP13__nv_bfloat16mm
0000000000001d90 T _ZN55_GLOBAL__N__532c10a4_22_attention_reference_cu_29143be823validate_gqa_dimensionsEmmmmP18RileyCudaErrorInfoPKc
0000000000000510 T _ZN55_GLOBAL__N__532c10a4_22_attention_reference_cu_29143be824scale_causal_mask_kernelEP13__nv_bfloat16mfm
0000000000001ed0 T _ZN55_GLOBAL__N__532c10a4_22_attention_reference_cu_29143be825validate_score_dimensionsEmmP18RileyCudaErrorInfoPKc
0000000000001f80 T _ZN55_GLOBAL__N__532c10a4_22_attention_reference_cu_29143be836validate_prefill_dimensions_and_maskERK31RileyCudaPrefillAttentionParamsP18RileyCudaErrorInfoPKc
0000000000001450 T _ZN55_GLOBAL__N__532c10a4_22_attention_reference_cu_29143be88overlapsERKNS_12ResolvedSpanES2_
0000000000000000 u _ZZN19riley_cuda_internal26thread_graph_capture_ownerEvE5owner
0000000000005b70 T riley_cuda_av_gqa_execute
0000000000004fb0 T riley_cuda_causal_softmax_in_place_execute
0000000000002300 T riley_cuda_prefill_attention_execute
00000000000033e0 T riley_cuda_qk_gqa_execute
00000000000043a0 T riley_cuda_scale_causal_mask_in_place_execute

attention_online.cu.o:
0000000000000570 T _Z130__device_stub__ZN52_GLOBAL__N__347dec16_19_attention_online_cu_a7e232bf23online_bf16_gqa_prefillEPK13__nv_bfloat16S2_S2_PS0_mmmfbmPK13__nv_bfloat16S1_S1_PS_mmmfbm
00000000000003c0 T _Z144__device_stub__ZN52_GLOBAL__N__347dec16_19_attention_online_cu_a7e232bf39reference_exact_causal_bf16_gqa_prefillEPK13__nv_bfloat16S2_S2_PS0_mmmfPK13__nv_bfloat16S1_S1_PS_mmmf
0000000000000750 T _ZN27riley_cuda_attention_online23launch_bf16_gqa_prefillEPKvS1_S1_PvmmmmfbmP11CUstream_st
0000000000000010 T _ZN52_GLOBAL__N__347dec16_19_attention_online_cu_a7e232bf23online_bf16_gqa_prefillEPK13__nv_bfloat16S2_S2_PS0_mmmfbm
0000000000000200 T _ZN52_GLOBAL__N__347dec16_19_attention_online_cu_a7e232bf39reference_exact_causal_bf16_gqa_prefillEPK13__nv_bfloat16S2_S2_PS0_mmmf

batch_primitives.cu.o:
000000000000a2c0 T _Z102__device_stub__ZN52_GLOBAL__N__76265c17_19_batch_primitives_cu_95c97ea025finish_partitioned_argmaxEPyjPyj
0000000000009f30 T _Z127__device_stub__ZN52_GLOBAL__N__76265c17_19_batch_primitives_cu_95c97ea021bound_kv_write_kernelEPK13__nv_bfloat16S2_PS0_S3_PKjmmPK13__nv_bfloat16S1_PS_S2_PKjmm
0000000000005900 T _Z139__device_stub__ZN52_GLOBAL__N__76265c17_19_batch_primitives_cu_95c97ea018bf16_argmax_kernelEPK13__nv_bfloat16P25RileyCudaBf16ArgmaxResultmmPK13__nv_bfloat16P25RileyCudaBf16ArgmaxResultmm
00000000000071b0 T _Z150__device_stub__ZN52_GLOBAL__N__76265c17_19_batch_primitives_cu_95c97ea029ragged_paged_attention_kernelEPK13__nv_bfloat16S2_S2_PS0_NS_11DeviceBatchEmmfPK13__nv_bfloat16S1_S1_PS_RN52_GLOBAL__N__76265c17_19_batch_primitives_cu_95c97ea011DeviceBatchEmmf
0000000000006380 T _Z155__device_stub__ZN52_GLOBAL__N__76265c17_19_batch_primitives_cu_95c97ea034ragged_paged_kv_cache_write_kernelEPK13__nv_bfloat16S2_PS0_S3_NS_11DeviceBatchEmmmPK13__nv_bfloat16S1_PS_S2_RN52_GLOBAL__N__76265c17_19_batch_primitives_cu_95c97ea011DeviceBatchEmmm
00000000000074f0 T _Z164__device_stub__ZN52_GLOBAL__N__76265c17_19_batch_primitives_cu_95c97ea043ragged_paged_attention_gqa_shared_kv_kernelEPK13__nv_bfloat16S2_S2_PS0_NS_11DeviceBatchEmmfPK13__nv_bfloat16S1_S1_PS_RN52_GLOBAL__N__76265c17_19_batch_primitives_cu_95c97ea011DeviceBatchEmmf
0000000000007350 T _Z164__device_stub__ZN52_GLOBAL__N__76265c17_19_batch_primitives_cu_95c97ea043ragged_paged_attention_grouped_heads_kernelEPK13__nv_bfloat16S2_S2_PS0_NS_11DeviceBatchEmmfPK13__nv_bfloat16S1_S1_PS_RN52_GLOBAL__N__76265c17_19_batch_primitives_cu_95c97ea011DeviceBatchEmmf
0000000000008fc0 T _Z169__device_stub__ZN52_GLOBAL__N__76265c17_19_batch_primitives_cu_95c97ea046fixed37_ragged_paged_attention_two_pass_kernelEPK13__nv_bfloat16S2_S2_PS0_NS_11DeviceBatchEmmmfmPK13__nv_bfloat16S1_S1_PS_RN52_GLOBAL__N__76265c17_19_batch_primitives_cu_95c97ea011DeviceBatchEmmmfm
000000000000a1a0 T _Z97__device_stub__ZN52_GLOBAL__N__76265c17_19_batch_primitives_cu_95c97ea018partitioned_argmaxEPKtPyPKtPy
0000000000000000 W _ZN19riley_cuda_internal14CurrentContext5enterEP18RileyCudaErrorInfojPKcPK21RileyCudaGraphCapture
0000000000000000 W _ZN19riley_cuda_internal14CurrentContextD1Ev
0000000000000000 W _ZN19riley_cuda_internal14CurrentContextD2Ev
0000000000005720 T _ZN19riley_cuda_internal16enqueue_qkv_ropeEP11CUstream_stPKvS3_PvS4_S3_S3_S3_mmm
000000000000a5a0 T _ZN19riley_cuda_internal20enqueue_multi_argmaxEP11CUstream_stPKvPvj
000000000000a500 T _ZN19riley_cuda_internal21enqueue_decode_argmaxEP11CUstream_stPKvPvm
000000000000a0c0 T _ZN19riley_cuda_internal22enqueue_bound_kv_writeEP11CUstream_stPKvS3_PvS4_S3_mm
0000000000007690 T _ZN19riley_cuda_internal23enqueue_bound_attentionEP11CUstream_stPKvS3_S3_PvS3_PKmmmmm
0000000000007910 T _ZN19riley_cuda_internal27enqueue_decode_kv_attentionEP11CUstream_stPKvS3_S3_PvS4_S4_S3_mmmm
0000000000001b00 T _ZN52_GLOBAL__N__76265c17_19_batch_primitives_cu_95c97ea010dtype_sizeEi
0000000000002570 T _ZN52_GLOBAL__N__76265c17_19_batch_primitives_cu_95c97ea011block_countEm
0000000000001820 T _ZN52_GLOBAL__N__76265c17_19_batch_primitives_cu_95c97ea011checked_addEmmPm
0000000000002240 T _ZN52_GLOBAL__N__76265c17_19_batch_primitives_cu_95c97ea011exact_aliasERKNS_12ResolvedSpanES2_
0000000000001b30 T _ZN52_GLOBAL__N__76265c17_19_batch_primitives_cu_95c97ea011typed_bytesEmiPmP18RileyCudaErrorInfoPKc
00000000000035a0 T _ZN52_GLOBAL__N__76265c17_19_batch_primitives_cu_95c97ea012device_batchERK22RileyCudaPackedBatchV1RKNS_13ResolvedBatchE
0000000000001c90 T _ZN52_GLOBAL__N__76265c17_19_batch_primitives_cu_95c97ea012resolve_spanERK19RileyCudaBufferSpanimPNS_12ResolvedSpanEP18RileyCudaErrorInfoPKc
0000000000000000 W _ZN52_GLOBAL__N__76265c17_19_batch_primitives_cu_95c97ea013ExclusiveUses7acquireEP18RileyCudaErrorInfoPKc
00000000000025a0 T _ZN52_GLOBAL__N__76265c17_19_batch_primitives_cu_95c97ea013launch_statusEP18RileyCudaErrorInfoPKc
0000000000002270 T _ZN52_GLOBAL__N__76265c17_19_batch_primitives_cu_95c97ea014reject_overlapERKNS_12ResolvedSpanES2_bP18RileyCudaErrorInfoPKc
0000000000001b20 T _ZN52_GLOBAL__N__76265c17_19_batch_primitives_cu_95c97ea016arithmetic_dtypeEi
0000000000001850 T _ZN52_GLOBAL__N__76265c17_19_batch_primitives_cu_95c97ea016checked_multiplyEmmPm
0000000000001890 T _ZN52_GLOBAL__N__76265c17_19_batch_primitives_cu_95c97ea016checked_product3EmmmPm
00000000000018e0 T _ZN52_GLOBAL__N__76265c17_19_batch_primitives_cu_95c97ea016checked_product4EmmmmPm
0000000000001ac0 T _ZN52_GLOBAL__N__76265c17_19_batch_primitives_cu_95c97ea016reserved_is_zeroEPKmm
0000000000003670 T _ZN52_GLOBAL__N__76265c17_19_batch_primitives_cu_95c97ea016round_to_storageI13__nv_bfloat16EEff
0000000000002370 T _ZN52_GLOBAL__N__76265c17_19_batch_primitives_cu_95c97ea017validate_contextsEP15RileyCudaStreamPKNS_12ResolvedSpanEmP18RileyCudaErrorInfoPKc
0000000000001360 T _ZN52_GLOBAL__N__76265c17_19_batch_primitives_cu_95c97ea018bf16_argmax_kernelEPK13__nv_bfloat16P25RileyCudaBf16ArgmaxResultmm
00000000000027c0 T _ZN52_GLOBAL__N__76265c17_19_batch_primitives_cu_95c97ea018complete_executionEPNS_13ExclusiveUsesEPN19riley_cuda_internal14CurrentContextEP15RileyCudaStreamibP18RileyCudaErrorInfoPKc
0000000000000d60 T _ZN52_GLOBAL__N__76265c17_19_batch_primitives_cu_95c97ea018partitioned_argmaxEPKtPy
0000000000003690 T _ZN52_GLOBAL__N__76265c17_19_batch_primitives_cu_95c97ea019multiply_in_storageI13__nv_bfloat16EEfff
00000000000026b0 T _ZN52_GLOBAL__N__76265c17_19_batch_primitives_cu_95c97ea019prior_launch_statusEP18RileyCudaErrorInfoPKc
0000000000003210 T _ZN52_GLOBAL__N__76265c17_19_batch_primitives_cu_95c97ea020resolve_packed_batchERK22RileyCudaPackedBatchV1PNS_13ResolvedBatchEP18RileyCudaErrorInfoPKc
0000000000000bc0 T _ZN52_GLOBAL__N__76265c17_19_batch_primitives_cu_95c97ea021bound_kv_write_kernelEPK13__nv_bfloat16S2_PS0_S3_PKjmm
0000000000002ed0 T _ZN52_GLOBAL__N__76265c17_19_batch_primitives_cu_95c97ea021validate_packed_batchERK22RileyCudaPackedBatchV1P18RileyCudaErrorInfoPKc
0000000000000e80 T _ZN52_GLOBAL__N__76265c17_19_batch_primitives_cu_95c97ea025finish_partitioned_argmaxEPyj
000000000000a3e0 T _ZN52_GLOBAL__N__76265c17_19_batch_primitives_cu_95c97ea026enqueue_partitioned_argmaxEP11CUstream_stPKvPvj
0000000000001950 T _ZN52_GLOBAL__N__76265c17_19_batch_primitives_cu_95c97ea027fixed37_ragged_shared_bytesEmPmS0_P18RileyCudaErrorInfoPKc
0000000000000a10 T _ZN52_GLOBAL__N__76265c17_19_batch_primitives_cu_95c97ea029ragged_paged_attention_kernelEPK13__nv_bfloat16S2_S2_PS0_NS_11DeviceBatchEmmf
0000000000008c50 T _ZN52_GLOBAL__N__76265c17_19_batch_primitives_cu_95c97ea030execute_ragged_paged_attentionEPK35RileyCudaRaggedPagedAttentionParamsP15RileyCudaStreamP18RileyCudaErrorInfob
00000000000011b0 T _ZN52_GLOBAL__N__76265c17_19_batch_primitives_cu_95c97ea034ragged_paged_kv_cache_write_kernelEPK13__nv_bfloat16S2_PS0_S3_NS_11DeviceBatchEmmm
0000000000001670 T _ZN52_GLOBAL__N__76265c17_19_batch_primitives_cu_95c97ea043ragged_paged_attention_gqa_shared_kv_kernelEPK13__nv_bfloat16S2_S2_PS0_NS_11DeviceBatchEmmf
00000000000014c0 T _ZN52_GLOBAL__N__76265c17_19_batch_primitives_cu_95c97ea043ragged_paged_attention_grouped_heads_kernelEPK13__nv_bfloat16S2_S2_PS0_NS_11DeviceBatchEmmf
0000000000000820 T _ZN52_GLOBAL__N__76265c17_19_batch_primitives_cu_95c97ea046fixed37_ragged_paged_attention_two_pass_kernelEPK13__nv_bfloat16S2_S2_PS0_NS_11DeviceBatchEmmmfm
0000000000003610 T _ZN52_GLOBAL__N__76265c17_19_batch_primitives_cu_95c97ea08load_f32I13__nv_bfloat16EEfPKT_m
00000000000035f0 T _ZN52_GLOBAL__N__76265c17_19_batch_primitives_cu_95c97ea08load_f32IfEEfPKT_m
0000000000002200 T _ZN52_GLOBAL__N__76265c17_19_batch_primitives_cu_95c97ea08overlapsERKNS_12ResolvedSpanES2_
0000000000003650 T _ZN52_GLOBAL__N__76265c17_19_batch_primitives_cu_95c97ea09store_f32I13__nv_bfloat16EEvPT_mf
0000000000003630 T _ZN52_GLOBAL__N__76265c17_19_batch_primitives_cu_95c97ea09store_f32IfEEvPT_mf
0000000000000000 u _ZZN19riley_cuda_internal19native_thread_tokenEvE5token
0000000000000000 u _ZZN19riley_cuda_internal26thread_graph_capture_ownerEvE5owner
0000000000005a60 T riley_cuda_bf16_argmax_execute
0000000000009180 T riley_cuda_fixed37_ragged_paged_attention_two_pass_execute
00000000000036b0 T riley_cuda_indexed_rope_execute
0000000000008d80 T riley_cuda_ragged_paged_attention_execute
0000000000008ea0 T riley_cuda_ragged_paged_attention_grouped_heads_execute
0000000000006520 T riley_cuda_ragged_paged_kv_cache_write_execute
00000000000046d0 T riley_cuda_row_gather_execute

decode_attention.cu.o:
000000000000aaf0 T _Z121__device_stub__ZN52_GLOBAL__N__0af30741_19_decode_attention_cu_a88840e429decode_scale_reference_kernelEP13__nv_bfloat16fmP13__nv_bfloat16fm
000000000000d9e0 T _Z122__device_stub__ZN52_GLOBAL__N__0af30741_19_decode_attention_cu_a88840e429fixed37_decode_softmax_kernelEP13__nv_bfloat16mmmP13__nv_bfloat16mmm
000000000000ac30 T _Z123__device_stub__ZN52_GLOBAL__N__0af30741_19_decode_attention_cu_a88840e431decode_softmax_reference_kernelEP13__nv_bfloat16mmP13__nv_bfloat16mm
0000000000008050 T _Z127__device_stub__ZN52_GLOBAL__N__0af30741_19_decode_attention_cu_a88840e421kv_cache_write_kernelEPK13__nv_bfloat16S2_PS0_S3_mmmmmPK13__nv_bfloat16S1_PS_S2_mmmmm
000000000000db40 T _Z129__device_stub__ZN52_GLOBAL__N__0af30741_19_decode_attention_cu_a88840e424fixed37_decode_av_kernelEPK13__nv_bfloat16S2_PS0_mmmmmmmPK13__nv_bfloat16S1_PS_mmmmmmm
000000000000d610 T _Z129__device_stub__ZN52_GLOBAL__N__0af30741_19_decode_attention_cu_a88840e424fixed37_decode_qk_kernelEPK13__nv_bfloat16S2_PS0_mmmmmmmPK13__nv_bfloat16S1_PS_mmmmmmm
000000000000c130 T _Z130__device_stub__ZN52_GLOBAL__N__0af30741_19_decode_attention_cu_a88840e426decode_av_reference_kernelEPK13__nv_bfloat16S2_PS0_mmmmmmPK13__nv_bfloat16S1_PS_mmmmmm
000000000000a930 T _Z130__device_stub__ZN52_GLOBAL__N__0af30741_19_decode_attention_cu_a88840e426decode_qk_reference_kernelEPK13__nv_bfloat16S2_PS0_mmmmmmPK13__nv_bfloat16S1_PS_mmmmmm
0000000000010760 T _Z131__device_stub__ZN52_GLOBAL__N__0af30741_19_decode_attention_cu_a88840e434decode_partial_state_reduce_kernelEPKfP13__nv_bfloat16mmmjPKfP13__nv_bfloat16mmmj
00000000000103a0 T _Z132__device_stub__ZN52_GLOBAL__N__0af30741_19_decode_attention_cu_a88840e427decode_partial_state_kernelEPK13__nv_bfloat16S2_S2_PfmmmmmfPK13__nv_bfloat16S1_S1_Pfmmmmmf
00000000000091a0 T _Z139__device_stub__ZN52_GLOBAL__N__0af30741_19_decode_attention_cu_a88840e427paged_kv_cache_write_kernelEPK13__nv_bfloat16S2_PS0_S3_PKjPKtmmmmmPK13__nv_bfloat16S1_PS_S2_PKjPKtmmmmm
000000000000ed50 T _Z141__device_stub__ZN52_GLOBAL__N__0af30741_19_decode_attention_cu_a88840e430fixed37_paged_decode_av_kernelEPK13__nv_bfloat16S2_PKjPKtPS0_mmmmmmmPK13__nv_bfloat16S1_PKjPKtPS_mmmmmmm
000000000000d7e0 T _Z141__device_stub__ZN52_GLOBAL__N__0af30741_19_decode_attention_cu_a88840e430fixed37_paged_decode_qk_kernelEPK13__nv_bfloat16S2_PKjPKtPS0_mmmmmmmPK13__nv_bfloat16S1_PKjPKtPS_mmmmmmm
000000000000a750 T _Z142__device_stub__ZN52_GLOBAL__N__0af30741_19_decode_attention_cu_a88840e432paged_decode_av_reference_kernelEPK13__nv_bfloat16S2_PKjPKtPS0_mmmmmmPK13__nv_bfloat16S1_PKjPKtPS_mmmmmm
000000000000a570 T _Z142__device_stub__ZN52_GLOBAL__N__0af30741_19_decode_attention_cu_a88840e432paged_decode_qk_reference_kernelEPK13__nv_bfloat16S2_PKjPKtPS0_mmmmmmPK13__nv_bfloat16S1_PKjPKtPS_mmmmmm
0000000000010580 T _Z142__device_stub__ZN52_GLOBAL__N__0af30741_19_decode_attention_cu_a88840e433paged_decode_partial_state_kernelEPK13__nv_bfloat16S2_S2_PKjPKtPfmmmfPK13__nv_bfloat16S1_S1_PKjPKtPfmmmf
000000000000d290 T _Z147__device_stub__ZN52_GLOBAL__N__0af30741_19_decode_attention_cu_a88840e444reviewed_hugging_face_decode_av_short_kernelEPK13__nv_bfloat16S2_PS0_mmmmmPK13__nv_bfloat16S1_PS_mmmmm
000000000000d440 T _Z159__device_stub__ZN52_GLOBAL__N__0af30741_19_decode_attention_cu_a88840e450reviewed_hugging_face_paged_decode_av_short_kernelEPK13__nv_bfloat16S2_PKjPKtPS0_mmmmmPK13__nv_bfloat16S1_PKjPKtPS_mmmmm
0000000000000000 W _ZN19riley_cuda_internal14CurrentContext5enterEP18RileyCudaErrorInfojPKcPK21RileyCudaGraphCapture
0000000000000000 W _ZN19riley_cuda_internal14CurrentContextD1Ev
0000000000000000 W _ZN19riley_cuda_internal14CurrentContextD2Ev
0000000000004060 T _ZN52_GLOBAL__N__0af30741_19_decode_attention_cu_a88840e411block_countEm
00000000000026b0 T _ZN52_GLOBAL__N__0af30741_19_decode_attention_cu_a88840e411checked_addEmmPm
0000000000002970 T _ZN52_GLOBAL__N__0af30741_19_decode_attention_cu_a88840e411typed_bytesEmmPmP18RileyCudaErrorInfoPKc
0000000000003850 T _ZN52_GLOBAL__N__0af30741_19_decode_attention_cu_a88840e412resolve_spanERK19RileyCudaBufferSpanimmPNS_12ResolvedSpanEP18RileyCudaErrorInfoPKc
0000000000004080 T _ZN52_GLOBAL__N__0af30741_19_decode_attention_cu_a88840e413launch_statusEP18RileyCudaErrorInfoPKc
0000000000003d80 T _ZN52_GLOBAL__N__0af30741_19_decode_attention_cu_a88840e414reject_overlapERKNS_12ResolvedSpanES2_P18RileyCudaErrorInfoPKc
00000000000026e0 T _ZN52_GLOBAL__N__0af30741_19_decode_attention_cu_a88840e416checked_multiplyEmmPm
0000000000002720 T _ZN52_GLOBAL__N__0af30741_19_decode_attention_cu_a88840e416checked_product3EmmmPm
0000000000002770 T _ZN52_GLOBAL__N__0af30741_19_decode_attention_cu_a88840e416reserved_is_zeroEPKmm
0000000000002a40 T _ZN52_GLOBAL__N__0af30741_19_decode_attention_cu_a88840e417cache_byte_countsEmmmmPNS_15CacheByteCountsEP18RileyCudaErrorInfoPKc
00000000000032e0 T _ZN52_GLOBAL__N__0af30741_19_decode_attention_cu_a88840e417paged_byte_countsERK28RileyCudaPagedKvBlockTableV1mmmPNS_15PagedByteCountsEP18RileyCudaErrorInfoPKc
0000000000003e60 T _ZN52_GLOBAL__N__0af30741_19_decode_attention_cu_a88840e417validate_contextsEP15RileyCudaStreamPKNS_12ResolvedSpanEmP18RileyCudaErrorInfoPKc
0000000000004190 T _ZN52_GLOBAL__N__0af30741_19_decode_attention_cu_a88840e418complete_executionEPNS_13ExclusiveUsesEPN19riley_cuda_internal14CurrentContextEP15RileyCudaStreamibP18RileyCudaErrorInfoPKc
0000000000002ca0 T _ZN52_GLOBAL__N__0af30741_19_decode_attention_cu_a88840e418decode_byte_countsEmmmmmPNS_16DecodeByteCountsEP18RileyCudaErrorInfoPKc
0000000000003160 T _ZN52_GLOBAL__N__0af30741_19_decode_attention_cu_a88840e419partial_state_bytesEmmmPmP18RileyCudaErrorInfoPKc
00000000000019c0 T _ZN52_GLOBAL__N__0af30741_19_decode_attention_cu_a88840e421kv_cache_write_kernelEPK13__nv_bfloat16S2_PS0_S3_mmmmm
0000000000005240 T _ZN52_GLOBAL__N__0af30741_19_decode_attention_cu_a88840e421resolve_decode_inputsERK19RileyCudaBufferSpanS2_S2_S2_RKNS_16DecodeByteCountsEPNS_12ResolvedSpanES7_S7_S7_P18RileyCudaErrorInfoPKc
0000000000004a30 T _ZN52_GLOBAL__N__0af30741_19_decode_attention_cu_a88840e421validate_fixed37_axisEmPmS0_P18RileyCudaErrorInfoPKc
00000000000011b0 T _ZN52_GLOBAL__N__0af30741_19_decode_attention_cu_a88840e424fixed37_decode_av_kernelEPK13__nv_bfloat16S2_PS0_mmmmmmm
00000000000013c0 T _ZN52_GLOBAL__N__0af30741_19_decode_attention_cu_a88840e424fixed37_decode_qk_kernelEPK13__nv_bfloat16S2_PS0_mmmmmmm
0000000000004d10 T _ZN52_GLOBAL__N__0af30741_19_decode_attention_cu_a88840e424validate_reduction_orderEjP18RileyCudaErrorInfoPKc
00000000000051c0 T _ZN52_GLOBAL__N__0af30741_19_decode_attention_cu_a88840e425resolve_paged_block_tableERK28RileyCudaPagedKvBlockTableV1RKNS_15PagedByteCountsEPNS_12ResolvedSpanES7_P18RileyCudaErrorInfoPKc
00000000000017e0 T _ZN52_GLOBAL__N__0af30741_19_decode_attention_cu_a88840e426decode_av_reference_kernelEPK13__nv_bfloat16S2_PS0_mmmmmm
0000000000002110 T _ZN52_GLOBAL__N__0af30741_19_decode_attention_cu_a88840e426decode_qk_reference_kernelEPK13__nv_bfloat16S2_PS0_mmmmmm
00000000000035c0 T _ZN52_GLOBAL__N__0af30741_19_decode_attention_cu_a88840e426paged_two_pass_byte_countsERK28RileyCudaPagedKvBlockTableV1mmPNS_22PagedTwoPassByteCountsEP18RileyCudaErrorInfoPKc
00000000000047d0 T _ZN52_GLOBAL__N__0af30741_19_decode_attention_cu_a88840e426validate_decode_dimensionsEmmmmmfP18RileyCudaErrorInfoPKc
0000000000004dc0 T _ZN52_GLOBAL__N__0af30741_19_decode_attention_cu_a88840e426validate_paged_block_tableERK28RileyCudaPagedKvBlockTableV1P18RileyCudaErrorInfoPKc
0000000000000db0 T _ZN52_GLOBAL__N__0af30741_19_decode_attention_cu_a88840e427decode_partial_state_kernelEPK13__nv_bfloat16S2_S2_Pfmmmmmf
0000000000002f20 T _ZN52_GLOBAL__N__0af30741_19_decode_attention_cu_a88840e427decode_two_pass_byte_countsEmmmPNS_23DecodeTwoPassByteCountsEP18RileyCudaErrorInfoPKc
0000000000000970 T _ZN52_GLOBAL__N__0af30741_19_decode_attention_cu_a88840e427paged_kv_cache_write_kernelEPK13__nv_bfloat16S2_PS0_S3_PKjPKtmmmmm
00000000000108f0 T _ZN52_GLOBAL__N__0af30741_19_decode_attention_cu_a88840e428launch_partial_state_reducerEPKfP13__nv_bfloat16mmmjP11CUstream_st
0000000000002580 T _ZN52_GLOBAL__N__0af30741_19_decode_attention_cu_a88840e429decode_scale_reference_kernelEP13__nv_bfloat16fm
00000000000022f0 T _ZN52_GLOBAL__N__0af30741_19_decode_attention_cu_a88840e429fixed37_decode_softmax_kernelEP13__nv_bfloat16mmm
0000000000004ba0 T _ZN52_GLOBAL__N__0af30741_19_decode_attention_cu_a88840e429fixed37_two_pass_shared_bytesEmmPmP18RileyCudaErrorInfoPKc
0000000000000720 T _ZN52_GLOBAL__N__0af30741_19_decode_attention_cu_a88840e430fixed37_paged_decode_av_kernelEPK13__nv_bfloat16S2_PKjPKtPS0_mmmmmmm
00000000000004d0 T _ZN52_GLOBAL__N__0af30741_19_decode_attention_cu_a88840e430fixed37_paged_decode_qk_kernelEPK13__nv_bfloat16S2_PKjPKtPS0_mmmmmmm
00000000000054c0 T _ZN52_GLOBAL__N__0af30741_19_decode_attention_cu_a88840e430resolve_decode_two_pass_inputsERK19RileyCudaBufferSpanS2_S2_S2_RKNS_23DecodeTwoPassByteCountsEPNS_12ResolvedSpanES7_S7_S7_P18RileyCudaErrorInfoPKc
0000000000002450 T _ZN52_GLOBAL__N__0af30741_19_decode_attention_cu_a88840e431decode_softmax_reference_kernelEP13__nv_bfloat16mm
0000000000004680 T _ZN52_GLOBAL__N__0af30741_19_decode_attention_cu_a88840e431validate_cache_write_dimensionsERK27RileyCudaKvCacheWriteParamsP18RileyCudaErrorInfoPKc
0000000000000b90 T _ZN52_GLOBAL__N__0af30741_19_decode_attention_cu_a88840e432paged_decode_av_reference_kernelEPK13__nv_bfloat16S2_PKjPKtPS0_mmmmmm
0000000000001ef0 T _ZN52_GLOBAL__N__0af30741_19_decode_attention_cu_a88840e432paged_decode_qk_reference_kernelEPK13__nv_bfloat16S2_PKjPKtPS0_mmmmmm
0000000000000fb0 T _ZN52_GLOBAL__N__0af30741_19_decode_attention_cu_a88840e433paged_decode_partial_state_kernelEPK13__nv_bfloat16S2_S2_PKjPKtPfmmmf
0000000000001d60 T _ZN52_GLOBAL__N__0af30741_19_decode_attention_cu_a88840e434decode_partial_state_reduce_kernelEPKfP13__nv_bfloat16mmmj
00000000000027b0 T _ZN52_GLOBAL__N__0af30741_19_decode_attention_cu_a88840e438use_reviewed_hugging_face_short_decodeEmmmm
0000000000001ba0 T _ZN52_GLOBAL__N__0af30741_19_decode_attention_cu_a88840e444reviewed_hugging_face_decode_av_short_kernelEPK13__nv_bfloat16S2_PS0_mmmmm
00000000000027e0 T _ZN52_GLOBAL__N__0af30741_19_decode_attention_cu_a88840e444validate_hugging_face_short_workspace_prefixERKNS_12ResolvedSpanEmmmP18RileyCudaErrorInfoPKc
00000000000015d0 T _ZN52_GLOBAL__N__0af30741_19_decode_attention_cu_a88840e450reviewed_hugging_face_paged_decode_av_short_kernelEPK13__nv_bfloat16S2_PKjPKtPS0_mmmmm
0000000000003d40 T _ZN52_GLOBAL__N__0af30741_19_decode_attention_cu_a88840e48overlapsERKNS_12ResolvedSpanES2_
0000000000000000 u _ZZN19riley_cuda_internal26thread_graph_capture_ownerEvE5owner
00000000000109b0 T riley_cuda_decode_attention_execute
000000000000c2f0 T riley_cuda_decode_attention_reference_execute
00000000000137c0 T riley_cuda_decode_partial_state_reduce_execute
000000000000dd10 T riley_cuda_fixed37_decode_attention_reference_execute
0000000000005740 T riley_cuda_fixed37_decode_attention_two_pass_execute
000000000000ef50 T riley_cuda_fixed37_paged_decode_attention_reference_execute
0000000000006ae0 T riley_cuda_fixed37_paged_decode_attention_two_pass_execute
0000000000008210 T riley_cuda_kv_cache_write_execute
0000000000011e00 T riley_cuda_paged_decode_attention_execute
000000000000ad70 T riley_cuda_paged_decode_attention_reference_execute
0000000000009380 T riley_cuda_paged_kv_cache_write_execute

fixed37_gemm.cu.o:
0000000000002130 T _Z118__device_stub__ZN48_GLOBAL__N__5157618a_15_fixed37_gemm_cu_2ce5c32e19fixed37_gemm_kernelEPK13__nv_bfloat16S2_PS0_mmmmmPK13__nv_bfloat16S1_PS_mmmmm
0000000000000430 T _ZN48_GLOBAL__N__5157618a_15_fixed37_gemm_cu_2ce5c32e12matrix_bytesEmmPmP18RileyCudaErrorInfo
0000000000000d00 T _ZN48_GLOBAL__N__5157618a_15_fixed37_gemm_cu_2ce5c32e13spans_overlapERKNS_12ResolvedSpanES2_
0000000000000510 T _ZN48_GLOBAL__N__5157618a_15_fixed37_gemm_cu_2ce5c32e15validate_configEPK19RileyCudaGemmConfigPNS_15GemmByteLengthsEPmP18RileyCudaErrorInfo
00000000000003b0 T _ZN48_GLOBAL__N__5157618a_15_fixed37_gemm_cu_2ce5c32e16checked_multiplyEmmPm
00000000000003f0 T _ZN48_GLOBAL__N__5157618a_15_fixed37_gemm_cu_2ce5c32e16reserved_is_zeroEPKmm
0000000000001030 T _ZN48_GLOBAL__N__5157618a_15_fixed37_gemm_cu_2ce5c32e18complete_executionEPNS_24ExclusiveFixed37GemmUsesEPN19riley_cuda_internal14CurrentContextEP15RileyCudaStreamibP18RileyCudaErrorInfo
00000000000008d0 T _ZN48_GLOBAL__N__5157618a_15_fixed37_gemm_cu_2ce5c32e18resolve_exact_spanEPK19RileyCudaBufferSpanimPNS_12ResolvedSpanEP18RileyCudaErrorInfoPKc
00000000000001f0 T _ZN48_GLOBAL__N__5157618a_15_fixed37_gemm_cu_2ce5c32e19fixed37_gemm_kernelEPK13__nv_bfloat16S2_PS0_mmmmm
0000000000000d40 T _ZN48_GLOBAL__N__5157618a_15_fixed37_gemm_cu_2ce5c32e27validate_span_relationshipsEP24RileyCudaFixed37GemmPlanP15RileyCudaStreamPKNS_12ResolvedSpanEmP18RileyCudaErrorInfo
0000000000000000 u _ZZN19riley_cuda_internal19native_thread_tokenEvE5token
0000000000000000 u _ZZN19riley_cuda_internal26thread_graph_capture_ownerEvE5owner
0000000000001e90 T riley_cuda_fixed37_gemm_plan_close
0000000000001770 T riley_cuda_fixed37_gemm_plan_create
00000000000022e0 T riley_cuda_fixed37_gemm_plan_execute
0000000000001c70 T riley_cuda_fixed37_gemm_plan_info

fixed37_attention.cu.o:
0000000000003070 T _Z116__device_stub__ZN53_GLOBAL__N__f79c3965_20_fixed37_attention_cu_3f4e46bb22fixed37_softmax_kernelEP13__nv_bfloat16mmmP13__nv_bfloat16mmm
0000000000003d50 T _Z126__device_stub__ZN53_GLOBAL__N__f79c3965_20_fixed37_attention_cu_3f4e46bb21fixed37_av_gqa_kernelEPK13__nv_bfloat16S2_PS0_mmmmmmPK13__nv_bfloat16S1_PS_mmmmmm
0000000000001f90 T _Z126__device_stub__ZN53_GLOBAL__N__f79c3965_20_fixed37_attention_cu_3f4e46bb21fixed37_qk_gqa_kernelEPK13__nv_bfloat16S2_PS0_mmmmmmPK13__nv_bfloat16S1_PS_mmmmmm
0000000000004e20 T _Z141__device_stub__ZN53_GLOBAL__N__f79c3965_20_fixed37_attention_cu_3f4e46bb31fixed37_two_pass_prefill_kernelEPK13__nv_bfloat16S2_S2_PS0_mmmfbmmmPK13__nv_bfloat16S1_S1_PS_mmmfbmmm
00000000000009c0 T _ZN53_GLOBAL__N__f79c3965_20_fixed37_attention_cu_3f4e46bb10bf16_bytesEmPmP18RileyCudaErrorInfoPKc
0000000000000bf0 T _ZN53_GLOBAL__N__f79c3965_20_fixed37_attention_cu_3f4e46bb11score_bytesEmmPmP18RileyCudaErrorInfoPKc
0000000000001990 T _ZN53_GLOBAL__N__f79c3965_20_fixed37_attention_cu_3f4e46bb13launch_statusEP18RileyCudaErrorInfoPKc
0000000000000a80 T _ZN53_GLOBAL__N__f79c3965_20_fixed37_attention_cu_3f4e46bb13validate_axisEmPmS0_P18RileyCudaErrorInfoPKc
00000000000016c0 T _ZN53_GLOBAL__N__f79c3965_20_fixed37_attention_cu_3f4e46bb14reject_overlapERKNS_12ResolvedSpanES2_P18RileyCudaErrorInfoPKc
0000000000000d50 T _ZN53_GLOBAL__N__f79c3965_20_fixed37_attention_cu_3f4e46bb15gqa_byte_countsEmmmmPNS_13GqaByteCountsEP18RileyCudaErrorInfoPKc
00000000000008f0 T _ZN53_GLOBAL__N__f79c3965_20_fixed37_attention_cu_3f4e46bb16checked_multiplyEmmPm
0000000000000930 T _ZN53_GLOBAL__N__f79c3965_20_fixed37_attention_cu_3f4e46bb16checked_product3EmmmPm
0000000000000980 T _ZN53_GLOBAL__N__f79c3965_20_fixed37_attention_cu_3f4e46bb16reserved_is_zeroEPKmm
0000000000001360 T _ZN53_GLOBAL__N__f79c3965_20_fixed37_attention_cu_3f4e46bb17resolve_bf16_spanERK19RileyCudaBufferSpanmPNS_12ResolvedSpanEP18RileyCudaErrorInfoPKc
00000000000017b0 T _ZN53_GLOBAL__N__f79c3965_20_fixed37_attention_cu_3f4e46bb17validate_contextsEP15RileyCudaStreamPKNS_12ResolvedSpanEmP18RileyCudaErrorInfoPKc
0000000000001aa0 T _ZN53_GLOBAL__N__f79c3965_20_fixed37_attention_cu_3f4e46bb18complete_executionEPNS_13ExclusiveUsesEPN19riley_cuda_internal14CurrentContextEP15RileyCudaStreamibP18RileyCudaErrorInfoPKc
0000000000000f90 T _ZN53_GLOBAL__N__f79c3965_20_fixed37_attention_cu_3f4e46bb19prefill_byte_countsEmmmmmPNS_17PrefillByteCountsEP18RileyCudaErrorInfoPKc
00000000000003d0 T _ZN53_GLOBAL__N__f79c3965_20_fixed37_attention_cu_3f4e46bb21fixed37_av_gqa_kernelEPK13__nv_bfloat16S2_PS0_mmmmmm
00000000000005b0 T _ZN53_GLOBAL__N__f79c3965_20_fixed37_attention_cu_3f4e46bb21fixed37_qk_gqa_kernelEPK13__nv_bfloat16S2_PS0_mmmmmm
0000000000000790 T _ZN53_GLOBAL__N__f79c3965_20_fixed37_attention_cu_3f4e46bb22fixed37_softmax_kernelEP13__nv_bfloat16mmm
0000000000001220 T _ZN53_GLOBAL__N__f79c3965_20_fixed37_attention_cu_3f4e46bb23validate_gqa_dimensionsEmmmmP18RileyCudaErrorInfoPKc
0000000000000190 T _ZN53_GLOBAL__N__f79c3965_20_fixed37_attention_cu_3f4e46bb31fixed37_two_pass_prefill_kernelEPK13__nv_bfloat16S2_S2_PS0_mmmfbmmm
0000000000001680 T _ZN53_GLOBAL__N__f79c3965_20_fixed37_attention_cu_3f4e46bb8overlapsERKNS_12ResolvedSpanES2_
0000000000000000 u _ZZN19riley_cuda_internal26thread_graph_capture_ownerEvE5owner
0000000000003f10 T riley_cuda_fixed37_av_gqa_execute
00000000000031d0 T riley_cuda_fixed37_causal_softmax_in_place_execute
0000000000005030 T riley_cuda_fixed37_prefill_attention_execute
0000000000002150 T riley_cuda_fixed37_qk_gqa_execute

fixed37_primitives.cu.o:
0000000000003f90 T _Z123__device_stub__ZN54_GLOBAL__N__558e03e7_21_fixed37_primitives_cu_182e91c526fixed37_log_softmax_kernelEPK13__nv_bfloat16PfmmPK13__nv_bfloat16Pfmm
0000000000000000 W _ZN19riley_cuda_internal14CurrentContext5enterEP18RileyCudaErrorInfojPKcPK21RileyCudaGraphCapture
0000000000000000 W _ZN19riley_cuda_internal14CurrentContextD1Ev
0000000000000000 W _ZN19riley_cuda_internal14CurrentContextD2Ev
0000000000000a00 T _ZN54_GLOBAL__N__558e03e7_21_fixed37_primitives_cu_182e91c510dtype_sizeEi
00000000000011c0 T _ZN54_GLOBAL__N__558e03e7_21_fixed37_primitives_cu_182e91c511exact_aliasERKNS_12ResolvedSpanES2_
0000000000000d00 T _ZN54_GLOBAL__N__558e03e7_21_fixed37_primitives_cu_182e91c512resolve_spanERK19RileyCudaBufferSpanmPNS_12ResolvedSpanEP18RileyCudaErrorInfoPKc
0000000000000000 W _ZN54_GLOBAL__N__558e03e7_21_fixed37_primitives_cu_182e91c513ExclusiveUses7acquireEP18RileyCudaErrorInfoPKc
0000000000000a30 T _ZN54_GLOBAL__N__558e03e7_21_fixed37_primitives_cu_182e91c513element_bytesEmiPmP18RileyCudaErrorInfoPKc
0000000000001ca0 T _ZN54_GLOBAL__N__558e03e7_21_fixed37_primitives_cu_182e91c513launch_statusEP18RileyCudaErrorInfoPKc
00000000000011f0 T _ZN54_GLOBAL__N__558e03e7_21_fixed37_primitives_cu_182e91c514reject_overlapERKNS_12ResolvedSpanES2_bP18RileyCudaErrorInfoPKc
0000000000000a20 T _ZN54_GLOBAL__N__558e03e7_21_fixed37_primitives_cu_182e91c516arithmetic_dtypeEi
0000000000000980 T _ZN54_GLOBAL__N__558e03e7_21_fixed37_primitives_cu_182e91c516checked_multiplyEmmPm
00000000000009c0 T _ZN54_GLOBAL__N__558e03e7_21_fixed37_primitives_cu_182e91c516reserved_is_zeroEPKmm
0000000000001c80 T _ZN54_GLOBAL__N__558e03e7_21_fixed37_primitives_cu_182e91c516round_to_storageI13__nv_bfloat16EEff
00000000000012f0 T _ZN54_GLOBAL__N__558e03e7_21_fixed37_primitives_cu_182e91c517validate_contextsEP15RileyCudaStreamPKNS_12ResolvedSpanEmP18RileyCudaErrorInfoPKc
00000000000014f0 T _ZN54_GLOBAL__N__558e03e7_21_fixed37_primitives_cu_182e91c518complete_executionEPNS_13ExclusiveUsesEPN19riley_cuda_internal14CurrentContextEP15RileyCudaStreamibP18RileyCudaErrorInfoPKc
0000000000000b90 T _ZN54_GLOBAL__N__558e03e7_21_fixed37_primitives_cu_182e91c523validate_reduction_axisEmPmS0_P18RileyCudaErrorInfoPKc
0000000000000820 T _ZN54_GLOBAL__N__558e03e7_21_fixed37_primitives_cu_182e91c526fixed37_log_softmax_kernelEPK13__nv_bfloat16Pfmm
0000000000001c20 T _ZN54_GLOBAL__N__558e03e7_21_fixed37_primitives_cu_182e91c58load_f32I13__nv_bfloat16EEfPKT_m
0000000000001c00 T _ZN54_GLOBAL__N__558e03e7_21_fixed37_primitives_cu_182e91c58load_f32IfEEfPKT_m
0000000000001180 T _ZN54_GLOBAL__N__558e03e7_21_fixed37_primitives_cu_182e91c58overlapsERKNS_12ResolvedSpanES2_
0000000000001c60 T _ZN54_GLOBAL__N__558e03e7_21_fixed37_primitives_cu_182e91c59store_f32I13__nv_bfloat16EEvPT_mf
0000000000001c40 T _ZN54_GLOBAL__N__558e03e7_21_fixed37_primitives_cu_182e91c59store_f32IfEEvPT_mf
0000000000000000 u _ZZN19riley_cuda_internal19native_thread_tokenEvE5token
0000000000000000 u _ZZN19riley_cuda_internal26thread_graph_capture_ownerEvE5owner
00000000000040f0 T riley_cuda_fixed37_log_softmax_execute
0000000000002dc0 T riley_cuda_fixed37_residual_rms_norm_execute
0000000000001db0 T riley_cuda_fixed37_rms_norm_execute

gemm.cu.o:
0000000000000000 W _ZN19riley_cuda_internal14CurrentContext5enterEP18RileyCudaErrorInfojPKcPK21RileyCudaGraphCapture
00000000000057c0 T _ZN19riley_cuda_internal24bind_reserved_gemm_stateEP17RileyCudaGemmPlanP15RileyCudaStreamP21RileyCudaDeviceBufferS5_S5_S5_P36RileyCudaCanonicalGemmBf16GraphStateP18RileyCudaErrorInfo
0000000000005ed0 T _ZN19riley_cuda_internal32bind_reserved_strided_gemm_stateEP17RileyCudaGemmPlanP15RileyCudaStreamP21RileyCudaDeviceBufferS5_S5_jmmmmP36RileyCudaCanonicalGemmBf16GraphStateP18RileyCudaErrorInfo
0000000000004350 T _ZN19riley_cuda_internal35aggregate_gemm_plan_matches_contextEPK17RileyCudaGemmPlanPK16RileyCudaContext
0000000000005b30 T _ZN19riley_cuda_internal35bind_reserved_shared_row_gemm_stateEP17RileyCudaGemmPlanP15RileyCudaStreamP21RileyCudaDeviceBufferS5_S5_jmmP36RileyCudaCanonicalGemmBf16GraphStateP18RileyCudaErrorInfo
0000000000003660 T _ZN19riley_cuda_internal39_GLOBAL__N__52f4d996_7_gemm_cu_e8c20d7a23gemm_bf16_plan_is_readyEPK17RileyCudaGemmPlanb
0000000000003880 T _ZN19riley_cuda_internal39_GLOBAL__N__52f4d996_7_gemm_cu_e8c20d7a33canonical_gemm_bf16_plan_is_readyEPK17RileyCudaGemmPlan
0000000000003a30 T _ZN19riley_cuda_internal39_GLOBAL__N__52f4d996_7_gemm_cu_e8c20d7a43canonical_gemm_bf16_state_metadata_is_validEPK17RileyCudaGemmPlanRK36RileyCudaCanonicalGemmBf16GraphState
0000000000004c80 T _ZN19riley_cuda_internal40canonical_gemm_bf16_graph_state_is_validEPK16RileyCudaContextPK15RileyCudaStreamPK21RileyCudaDeviceBufferRK36RileyCudaCanonicalGemmBf16GraphStateb
0000000000005420 T _ZN19riley_cuda_internal40enqueue_canonical_gemm_bf16_graph_matmulEPK16RileyCudaContextPK15RileyCudaStreamPK21RileyCudaDeviceBufferRK36RileyCudaCanonicalGemmBf16GraphStateP18RileyCudaErrorInfoPKc
0000000000006370 T _ZN19riley_cuda_internal40reserved_packed_decode_gemm_plan_matchesEPK17RileyCudaGemmPlanPK16RileyCudaContextm
0000000000003cb0 T _ZN19riley_cuda_internal41preflight_canonical_gemm_bf16_graph_stateEP17RileyCudaGemmPlanP15RileyCudaStreamP21RileyCudaDeviceBufferS5_S5_S5_P36RileyCudaCanonicalGemmBf16GraphStateP18RileyCudaErrorInfoPKcbb
0000000000004660 T _ZN19riley_cuda_internal44acquire_canonical_gemm_bf16_graph_plan_leaseEP17RileyCudaGemmPlanP18RileyCudaErrorInfoPKc
0000000000004960 T _ZN19riley_cuda_internal44release_canonical_gemm_bf16_graph_plan_leaseEP17RileyCudaGemmPlan
0000000000005140 T _ZN19riley_cuda_internal51canonical_gemm_bf16_graph_state_matches_input_shapeERK36RileyCudaCanonicalGemmBf16GraphStatemm
0000000000000510 T _ZN39_GLOBAL__N__52f4d996_7_gemm_cu_e8c20d7a12matrix_bytesEmmPmP18RileyCudaErrorInfo
0000000000002110 T _ZN39_GLOBAL__N__52f4d996_7_gemm_cu_e8c20d7a12prepare_planEP17RileyCudaGemmPlanPKS0_P18RileyCudaErrorInfo
0000000000002bd0 T _ZN39_GLOBAL__N__52f4d996_7_gemm_cu_e8c20d7a13spans_overlapERKNS_12ResolvedSpanES2_
00000000000002e0 T _ZN39_GLOBAL__N__52f4d996_7_gemm_cu_e8c20d7a14cublaslt_errorE14cublasStatus_tP18RileyCudaErrorInfojPKc
00000000000005f0 T _ZN39_GLOBAL__N__52f4d996_7_gemm_cu_e8c20d7a15validate_configEPK19RileyCudaGemmConfigPNS_15GemmByteLengthsEP18RileyCudaErrorInfo
0000000000000490 T _ZN39_GLOBAL__N__52f4d996_7_gemm_cu_e8c20d7a16checked_multiplyEmmPm
0000000000000e60 T _ZN39_GLOBAL__N__52f4d996_7_gemm_cu_e8c20d7a16record_algorithmEP17RileyCudaGemmPlanRK20cublasLtMatmulAlgo_tm
00000000000004d0 T _ZN39_GLOBAL__N__52f4d996_7_gemm_cu_e8c20d7a16reserved_is_zeroEPKmm
0000000000002ec0 T _ZN39_GLOBAL__N__52f4d996_7_gemm_cu_e8c20d7a18complete_executionEPNS_17ExclusiveGemmUsesEPN19riley_cuda_internal14CurrentContextEP15RileyCudaStreamibP18RileyCudaErrorInfo
0000000000002790 T _ZN39_GLOBAL__N__52f4d996_7_gemm_cu_e8c20d7a18resolve_exact_spanEPK19RileyCudaBufferSpanimPNS_12ResolvedSpanEP18RileyCudaErrorInfoPKc
0000000000009760 T _ZN39_GLOBAL__N__52f4d996_7_gemm_cu_e8c20d7a20gemm_plan_close_implEPP17RileyCudaGemmPlanP18RileyCudaErrorInfoPK21RileyCudaGraphCapture
0000000000000220 T _ZN39_GLOBAL__N__52f4d996_7_gemm_cu_e8c20d7a22cublaslt_status_detailE14cublasStatus_t
0000000000002630 T _ZN39_GLOBAL__N__52f4d996_7_gemm_cu_e8c20d7a22destroy_plan_resourcesEP17RileyCudaGemmPlanP18RileyCudaErrorInfojPKc
0000000000001300 T _ZN39_GLOBAL__N__52f4d996_7_gemm_cu_e8c20d7a22query_plan_environmentEP17RileyCudaGemmPlanP18RileyCudaErrorInfo
0000000000000c00 T _ZN39_GLOBAL__N__52f4d996_7_gemm_cu_e8c20d7a23deterministic_candidateEP17RileyCudaGemmPlanRK31cublasLtMatmulHeuristicResult_tP20cublasLtMatmulAlgo_tPm
0000000000009e60 T _ZN39_GLOBAL__N__52f4d996_7_gemm_cu_e8c20d7a24deferred_gemm_plan_closeEP26RileyCudaDeferredCloseNodePK21RileyCudaGraphCaptureP18RileyCudaErrorInfo
0000000000002740 T _ZN39_GLOBAL__N__52f4d996_7_gemm_cu_e8c20d7a24plan_resources_destroyedEPK17RileyCudaGemmPlan
0000000000002c10 T _ZN39_GLOBAL__N__52f4d996_7_gemm_cu_e8c20d7a27validate_span_relationshipsEP17RileyCudaGemmPlanP15RileyCudaStreamPKNS_12ResolvedSpanEmP18RileyCudaErrorInfo
0000000000003600 T _ZN39_GLOBAL__N__52f4d996_7_gemm_cu_e8c20d7a29anchored_config_is_compatibleERK19RileyCudaGemmConfigS2_
00000000000016c0 T _ZN39_GLOBAL__N__52f4d996_7_gemm_cu_e8c20d7a30select_deterministic_algorithmEP17RileyCudaGemmPlanP18RileyCudaErrorInfo
00000000000009f0 T _ZN39_GLOBAL__N__52f4d996_7_gemm_cu_e8c20d7a33algorithm_has_supported_alignmentEPK20cublasLtMatmulAlgo_t
0000000000000bb0 T _ZN39_GLOBAL__N__52f4d996_7_gemm_cu_e8c20d7a37deterministic_reduction_configurationERK19RileyCudaGemmConfigjj
0000000000001dd0 T _ZN39_GLOBAL__N__52f4d996_7_gemm_cu_e8c20d7a39select_anchored_deterministic_algorithmEP17RileyCudaGemmPlanPKS0_P18RileyCudaErrorInfo
0000000000000000 u _ZZN19riley_cuda_internal19native_thread_tokenEvE5token
0000000000000000 u _ZZN19riley_cuda_internal26thread_graph_capture_ownerEvE5owner
0000000000009fe0 T riley_cuda_gemm_plan_close
0000000000006660 T riley_cuda_gemm_plan_create
0000000000007250 T riley_cuda_gemm_plan_create_anchored
000000000000a460 T riley_cuda_gemm_plan_create_strided_m1
0000000000009ff0 T riley_cuda_gemm_plan_defer_to_active_capture
0000000000008440 T riley_cuda_gemm_plan_execute
0000000000008210 T riley_cuda_gemm_plan_info

graph_numerics_precise.cu.o:
00000000000123e0 T _Z102__device_stub__ZN18riley_shared_model14shared_rope_kvEPK13__nv_bfloat16S2_S2_PS0_S3_S3_PKfS5_PKjS7_S7_PK13__nv_bfloat16S1_S1_PS_S2_S2_PKfS4_PKjS6_S6_
0000000000012fe0 T _Z104__device_stub__ZN20riley_shared16_model14shared_rope_kvEPK13__nv_bfloat16S2_S2_PS0_S3_S3_PKfS5_PKjS7_S7_PK13__nv_bfloat16S1_S1_PS_S2_S2_PKfS4_PKjS6_S6_
0000000000014140 T _Z104__device_stub__ZN20riley_shared32_model14shared_rope_kvEPK13__nv_bfloat16S2_S2_PS0_S3_S3_PKfS5_PKjS7_S7_PK13__nv_bfloat16S1_S1_PS_S2_S2_PKfS4_PKjS6_S6_
00000000000076d0 T _Z12gemv_prefillPK13__nv_bfloat16S1_PS_iiiPKj
0000000000009070 T _Z13compiled_normPK13__nv_bfloat16PKvS1_PvPS_i
0000000000007a10 T _Z13compiled_ropePK13__nv_bfloat16S1_PS_S2_PKfS4_PKj
0000000000005dc0 T _Z14shared_gate_upPK13__nv_bfloat16S1_S1_PS_S2_PKj
000000000000a6a0 T _Z15compiled_swigluPK13__nv_bfloat16S1_PS_
00000000000067f0 T _Z16mixed_rope_kv_v7PK13__nv_bfloat16S1_S1_PS_S2_S2_PKfS4_PKjj
0000000000005aa0 T _Z16shared16_gate_upPK13__nv_bfloat16S1_S1_PS_S2_PKj
0000000000005c30 T _Z16shared32_gate_upPK13__nv_bfloat16S1_S1_PS_S2_PKj
0000000000006230 T _Z16shared_qkv_mergePKfP13__nv_bfloat16S2_S2_PKj
0000000000008bc0 T _Z16shared_qkv_partsPK13__nv_bfloat16S1_S1_S1_PfPKj
000000000000a100 T _Z17compiled_kv_writePK13__nv_bfloat16S1_PS_S2_PKj
0000000000007530 T _Z17gemv_prefill_rowsPK13__nv_bfloat16S1_PS_iiiPKj
0000000000008ee0 T _Z18compiled_norm_rowsPK13__nv_bfloat16PKvS1_PvPS_i
0000000000007370 T _Z18compiled_rope_rowsPK13__nv_bfloat16S1_PS_S2_PKfS4_PKjj
00000000000060c0 T _Z18shared16_qkv_mergePKfP13__nv_bfloat16S2_S2_PKj
0000000000008a30 T _Z18shared16_qkv_partsPK13__nv_bfloat16S1_S1_S1_PfPKj
0000000000005f50 T _Z18shared32_qkv_mergePKfP13__nv_bfloat16S2_S2_PKj
0000000000009200 T _Z18shared32_qkv_partsPK13__nv_bfloat16S1_S1_S1_PfPKj
000000000000a7d0 T _Z20compiled_swiglu_rowsPK13__nv_bfloat16S1_PS_
000000000000b190 T _Z21prefill_shape_rope_kvPK13__nv_bfloat16S1_S1_PS_S2_S2_PKfS4_PKjjjS6_
0000000000008260 T _Z22compiled_kv_write_rowsPK13__nv_bfloat16S1_PS_S2_PKjj
0000000000000000 W _Z22enqueue_mixed_model_v7ILj32EE9cudaErrorP11CUstream_stPKPvPKPKvS7_S3_S3_S7_S7_S3_PjSA_jjbS3_mj
0000000000008710 T _Z22mixed_select_hidden_v7PK13__nv_bfloat16PS_PKjjS4_Pj
00000000000069f0 T _Z22packed_prefill_rope_kvPK13__nv_bfloat16S1_S1_PS_S2_S2_PKfS4_PKjj
0000000000000000 W _Z24enqueue_v3_prefill_modelILj16EE9cudaErrorP11CUstream_stPKPvPKPKvS7_S3_S3_S7_S7_S3_PjSA_jjb
0000000000000000 W _Z24enqueue_v3_prefill_modelILj32EE9cudaErrorP11CUstream_stPKPvPKPKvS7_S3_S3_S7_S7_S3_PjSA_jjb
0000000000000000 W _Z24enqueue_v3_prefill_modelILj8EE9cudaErrorP11CUstream_stPKPvPKPKvS7_S3_S3_S7_S7_S3_PjSA_jjb
0000000000000000 W _Z28enqueue_packed_prefill_modelILj32EE9cudaErrorP11CUstream_stPKPvPKPKvS7_S3_S3_S7_S7_S3_PjSA_jjb
000000000000fe30 T _Z28launch_prefill_shape_rope_kvP11CUstream_stPK13__nv_bfloat16S3_S3_PS1_S4_S4_PKfS6_PKjjjj
00000000000088a0 T _Z28packed_prefill_select_hiddenPK13__nv_bfloat16PS_PKjjS4_Pj
0000000000006fb0 T _Z30compiled_packed_decode_rope_kvPK13__nv_bfloat16S1_S1_PS_S2_S2_PKfS4_PKj
000000000000c2d0 T _Z4pack13__nv_bfloat16S_
000000000000e6f0 T _Z56__device_stub__Z15compiled_swigluPK13__nv_bfloat16S1_PS_PK13__nv_bfloat16S1_PS_
000000000000e8b0 T _Z59__device_stub__Z12gemv_prefillPK13__nv_bfloat16S1_PS_iiiPKjPK13__nv_bfloat16S1_PS_iiiPKj
000000000000e290 T _Z60__device_stub__Z13compiled_normPK13__nv_bfloat16PKvS1_PvPS_iPK13__nv_bfloat16PKvS1_PvPS_i
000000000000f240 T _Z61__device_stub__Z20compiled_swiglu_rowsPK13__nv_bfloat16S1_PS_PK13__nv_bfloat16S1_PS_
00000000000102f0 T _Z62__device_stub__Z16shared_qkv_mergePKfP13__nv_bfloat16S2_S2_PKjPKfP13__nv_bfloat16S2_S2_PKj
000000000000fff0 T _Z64__device_stub__Z14shared_gate_upPK13__nv_bfloat16S1_S1_PS_S2_PKjPK13__nv_bfloat16S1_S1_PS_S2_PKj
000000000000eb10 T _Z64__device_stub__Z17compiled_kv_writePK13__nv_bfloat16S1_PS_S2_PKjPK13__nv_bfloat16S1_PS_S2_PKj
000000000000f430 T _Z64__device_stub__Z17gemv_prefill_rowsPK13__nv_bfloat16S1_PS_iiiPKjPK13__nv_bfloat16S1_PS_iiiPKj
0000000000010760 T _Z64__device_stub__Z18shared16_qkv_mergePKfP13__nv_bfloat16S2_S2_PKjPKfP13__nv_bfloat16S2_S2_PKj
0000000000010bd0 T _Z64__device_stub__Z18shared32_qkv_mergePKfP13__nv_bfloat16S2_S2_PKjPKfP13__nv_bfloat16S2_S2_PKj
0000000000010170 T _Z65__device_stub__Z16shared_qkv_partsPK13__nv_bfloat16S1_S1_S1_PfPKjPK13__nv_bfloat16S1_S1_S1_PfPKj
000000000000ed00 T _Z65__device_stub__Z18compiled_norm_rowsPK13__nv_bfloat16PKvS1_PvPS_iPK13__nv_bfloat16PKvS1_PvPS_i
000000000000e4b0 T _Z66__device_stub__Z13compiled_ropePK13__nv_bfloat16S1_PS_S2_PKfS4_PKjPK13__nv_bfloat16S1_PS_S2_PKfS4_PKj
0000000000010460 T _Z66__device_stub__Z16shared16_gate_upPK13__nv_bfloat16S1_S1_PS_S2_PKjPK13__nv_bfloat16S1_S1_PS_S2_PKj
00000000000108d0 T _Z66__device_stub__Z16shared32_gate_upPK13__nv_bfloat16S1_S1_PS_S2_PKjPK13__nv_bfloat16S1_S1_PS_S2_PKj
00000000000105e0 T _Z67__device_stub__Z18shared16_qkv_partsPK13__nv_bfloat16S1_S1_S1_PfPKjPK13__nv_bfloat16S1_S1_S1_PfPKj
0000000000010a50 T _Z67__device_stub__Z18shared32_qkv_partsPK13__nv_bfloat16S1_S1_S1_PfPKjPK13__nv_bfloat16S1_S1_S1_PfPKj
00000000000112c0 T _Z69__device_stub__Z22mixed_select_hidden_v7PK13__nv_bfloat16PS_PKjjS4_PjPK13__nv_bfloat16PS_PKjjS4_Pj
000000000000f6e0 T _Z70__device_stub__Z22compiled_kv_write_rowsPK13__nv_bfloat16S1_PS_S2_PKjjPK13__nv_bfloat16S1_PS_S2_PKjj
0000000000012940 T _Z71__device_stub__ZN19riley_shared_result6finishEPKjPK13__nv_bfloat16S1_PhPKjPK13__nv_bfloat16S0_Ph
000000000000ef80 T _Z72__device_stub__Z18compiled_rope_rowsPK13__nv_bfloat16S1_PS_S2_PKfS4_PKjjPK13__nv_bfloat16S1_PS_S2_PKfS4_PKjj
0000000000011c90 T _Z73__device_stub__ZN18riley_decode_shape6scoresEPK13__nv_bfloat16S2_PfPKjS5_PK13__nv_bfloat16S1_PfPKjS4_
0000000000010f40 T _Z75__device_stub__Z28packed_prefill_select_hiddenPK13__nv_bfloat16PS_PKjjS4_PjPK13__nv_bfloat16PS_PKjjS4_Pj
0000000000011e00 T _Z75__device_stub__ZN18riley_decode_shape6valuesEPKfPK13__nv_bfloat16PS2_PKjS7_PKfPK13__nv_bfloat16PS1_PKjS6_
00000000000136b0 T _Z75__device_stub__ZN18riley_ffn_pipeline10down_partsEPK13__nv_bfloat16S2_PfPKjPK13__nv_bfloat16S1_PfPKj
00000000000110c0 T _Z76__device_stub__Z16mixed_rope_kv_v7PK13__nv_bfloat16S1_S1_PS_S2_S2_PKfS4_PKjjPK13__nv_bfloat16S1_S1_PS_S2_S2_PKfS4_PKjj
0000000000013540 T _Z76__device_stub__ZN18riley_ffn_pipeline7gate_upEPK13__nv_bfloat16S2_S2_PS0_PKjPK13__nv_bfloat16S1_S1_PS_PKj
0000000000012270 T _Z77__device_stub__ZN18riley_shared_model9embeddingEPK13__nv_bfloat16PS0_PKjS5_PjPK13__nv_bfloat16PS_PKjS4_Pj
0000000000012e70 T _Z79__device_stub__ZN20riley_shared16_model9embeddingEPK13__nv_bfloat16PS0_PKjS5_PjPK13__nv_bfloat16PS_PKjS4_Pj
0000000000013fd0 T _Z79__device_stub__ZN20riley_shared32_model9embeddingEPK13__nv_bfloat16PS0_PKjS5_PjPK13__nv_bfloat16PS_PKjS4_Pj
0000000000013b10 T _Z79__device_stub__ZN21riley_gqa50_attention6scoresEPK13__nv_bfloat16S2_PfPKjS5_S5_PK13__nv_bfloat16S1_PfPKjS4_S4_
0000000000012800 T _Z80__device_stub__ZN18riley_shared_model21clear_inactive_hiddenEP13__nv_bfloat16PKjP13__nv_bfloat16PKj
0000000000011f70 T _Z80__device_stub__ZN22riley_shared_attention6scoresEPK13__nv_bfloat16S2_PfPKjS5_S5_PK13__nv_bfloat16S1_PfPKjS4_S4_
0000000000010d40 T _Z82__device_stub__Z22packed_prefill_rope_kvPK13__nv_bfloat16S1_S1_PS_S2_S2_PKfS4_PKjjPK13__nv_bfloat16S1_S1_PS_S2_S2_PKfS4_PKjj
0000000000013400 T _Z82__device_stub__ZN20riley_shared16_model21clear_inactive_hiddenEP13__nv_bfloat16PKjP13__nv_bfloat16PKj
0000000000014560 T _Z82__device_stub__ZN20riley_shared32_model21clear_inactive_hiddenEP13__nv_bfloat16PKjP13__nv_bfloat16PKj
00000000000120f0 T _Z82__device_stub__ZN22riley_shared_attention6valuesEPKfPK13__nv_bfloat16PS2_PKjS7_S7_PKfPK13__nv_bfloat16PS1_PKjS6_S6_
0000000000012b70 T _Z82__device_stub__ZN24riley_shared16_attention6scoresEPK13__nv_bfloat16S2_PfPKjS5_S5_PK13__nv_bfloat16S1_PfPKjS4_S4_
0000000000013810 T _Z82__device_stub__ZN24riley_shared32_attention6scoresEPK13__nv_bfloat16S2_PfPKjS5_S5_PK13__nv_bfloat16S1_PfPKjS4_S4_
00000000000117e0 T _Z84__device_stub__ZN23riley_prefill_pointwise11swiglu_rowsEPK13__nv_bfloat16S2_PS0_PKjjPK13__nv_bfloat16S1_PS_PKjj
0000000000012cf0 T _Z84__device_stub__ZN24riley_shared16_attention6valuesEPKfPK13__nv_bfloat16PS2_PKjS7_S7_PKfPK13__nv_bfloat16PS1_PKjS6_S6_
0000000000013990 T _Z84__device_stub__ZN24riley_shared32_attention6valuesEPKfPK13__nv_bfloat16PS2_PKjS7_S7_PKfPK13__nv_bfloat16PS1_PKjS6_S6_
000000000000fc00 T _Z85__device_stub__Z21prefill_shape_rope_kvPK13__nv_bfloat16S1_S1_PS_S2_S2_PKfS4_PKjjjS6_PK13__nv_bfloat16S1_S1_PS_S2_S2_PKfS4_PKjjjS6_
0000000000013e10 T _Z86__device_stub__ZN20riley_merge_norm_v5610merge_normEPKfPKvPK13__nv_bfloat16PvPS4_iPKjjPKfPKvPK13__nv_bfloat16PvPS3_iPKjj
0000000000011620 T _Z87__device_stub__ZN23riley_prefill_pointwise9norm_rowsEPK13__nv_bfloat16PKvS2_PvPS0_iPKjjPK13__nv_bfloat16PKvS1_PvPS_iPKjj
0000000000011b10 T _Z88__device_stub__ZN23riley_prefill_pointwise13select_hiddenEPK13__nv_bfloat16PS0_PKjjS5_PjPK13__nv_bfloat16PS_PKjjS4_Pj
000000000000f950 T _Z89__device_stub__Z30compiled_packed_decode_rope_kvPK13__nv_bfloat16S1_S1_PS_S2_S2_PKfS4_PKjPK13__nv_bfloat16S1_S1_PS_S2_S2_PKfS4_PKj
0000000000014930 T _Z91__device_stub__ZN21riley_mixed_attention16mapped_attentionEPK13__nv_bfloat16S2_S2_PS0_jPKjbPK13__nv_bfloat16S1_S1_PS_jPKjb
00000000000147b0 T _Z91__device_stub__ZN30riley_packed_prefill_attention9attentionEPK13__nv_bfloat16S2_S2_PS0_jPKjPK13__nv_bfloat16S1_S1_PS_jPKj
0000000000011950 T _Z93__device_stub__ZN23riley_prefill_pointwise14embedding_rowsEPK13__nv_bfloat16PKjPS0_S4_jjPjS4_PK13__nv_bfloat16PKjPS_S3_jjPjS3_
0000000000012610 T _Z94__device_stub__ZN18riley_shared_model14qkv_merge_ropeEPKfP13__nv_bfloat16S3_S3_S1_S1_PKjS5_S5_PKfP13__nv_bfloat16S2_S2_S0_S0_PKjS4_S4_
0000000000011440 T _Z94__device_stub__ZN19riley_prefill_shape15attention_shapeEPK13__nv_bfloat16S2_S2_PS0_iiPKiPKjS7_PK13__nv_bfloat16S1_S1_PS_iiPKiPKjS6_
0000000000013c90 T _Z94__device_stub__ZN21riley_gqa50_attention18independent_valuesEPKfPK13__nv_bfloat16PS2_PKjS7_S7_PKfPK13__nv_bfloat16PS1_PKjS6_S6_
0000000000013210 T _Z96__device_stub__ZN20riley_shared16_model14qkv_merge_ropeEPKfP13__nv_bfloat16S3_S3_S1_S1_PKjS5_S5_PKfP13__nv_bfloat16S2_S2_S0_S0_PKjS4_S4_
0000000000014370 T _Z96__device_stub__ZN20riley_shared32_model14qkv_merge_ropeEPKfP13__nv_bfloat16S3_S3_S1_S1_PKjS5_S5_PKfP13__nv_bfloat16S2_S2_S0_S0_PKjS4_S4_
00000000000099d0 T _ZN18riley_decode_shape6scoresEPK13__nv_bfloat16S2_PfPKjS5_
0000000000009cb0 T _ZN18riley_decode_shape6valuesEPKfPK13__nv_bfloat16PS2_PKjS7_
000000000000a3e0 T _ZN18riley_ffn_pipeline10down_partsEPK13__nv_bfloat16S2_PfPKj
0000000000009b40 T _ZN18riley_ffn_pipeline7gate_upEPK13__nv_bfloat16S2_S2_PS0_PKj
0000000000006dd0 T _ZN18riley_shared_model14qkv_merge_ropeEPKfP13__nv_bfloat16S3_S3_S1_S1_PKjS5_S5_
0000000000004ee0 T _ZN18riley_shared_model14shared_rope_kvEPK13__nv_bfloat16S2_S2_PS0_S3_S3_PKfS5_PKjS7_S7_
000000000000ab40 T _ZN18riley_shared_model21clear_inactive_hiddenEP13__nv_bfloat16PKj
0000000000000000 W _ZN18riley_shared_model7enqueueEP11CUstream_stPKPvPKPKvS6_S2_S2_PKfSA_Pjjjb
000000000000a270 T _ZN18riley_shared_model9embeddingEPK13__nv_bfloat16PS0_PKjS5_Pj
000000000000e420 T _ZN19riley_cuda_internal21enqueue_compiled_normEP11CUstream_stPKvS3_S3_PvS4_i
000000000000e650 T _ZN19riley_cuda_internal21enqueue_compiled_ropeEP11CUstream_stPKvS3_PvS4_S3_S3_S3_
000000000000e830 T _ZN19riley_cuda_internal23enqueue_compiled_swigluEP11CUstream_stPKvS3_Pv
000000000000ec80 T _ZN19riley_cuda_internal25enqueue_compiled_kv_writeEP11CUstream_stPKvS3_PvS4_S3_
000000000000ee90 T _ZN19riley_cuda_internal26enqueue_compiled_norm_rowsEP11CUstream_stPKvS3_S3_PvS4_ij
000000000000f140 T _ZN19riley_cuda_internal26enqueue_compiled_rope_rowsEP11CUstream_stPKvS3_PvS4_S3_S3_S3_j
000000000000cdd0 T _ZN19riley_cuda_internal26enqueue_shape_prefill_gemmEP11CUstream_stPKvS3_PviiiS3_j
000000000000f380 T _ZN19riley_cuda_internal28enqueue_compiled_swiglu_rowsEP11CUstream_stPKvS3_Pvj
000000000000ea50 T _ZN19riley_cuda_internal29enqueue_compiled_prefill_gemmEP11CUstream_stPKvS3_PviiiS3_
000000000000ff90 T _ZN19riley_cuda_internal29enqueue_shape_prefill_rope_kvEP11CUstream_stPKvS3_S3_PvS4_S4_S3_S3_S3_j
000000000000f870 T _ZN19riley_cuda_internal30enqueue_compiled_kv_write_rowsEP11CUstream_stPKvS3_PvS4_S3_j
0000000000012920 T _ZN19riley_cuda_internal32enqueue_compiled_v3_shared_modelEP11CUstream_stPKPvPKPKvS6_S2_S2_S6_S6_Pjjjb
0000000000013520 T _ZN19riley_cuda_internal32enqueue_compiled_v4_shared_modelEP11CUstream_stPKPvPKPKvS6_S2_S2_S6_S6_Pjjjb
0000000000014680 T _ZN19riley_cuda_internal32enqueue_compiled_v5_shared_modelEP11CUstream_stPKPvPKPKvS6_S2_S2_S6_S6_Pjjjb
000000000000c2f0 T _ZN19riley_cuda_internal33enqueue_compiled_prefill_m16_gemmEP11CUstream_stPKvS3_PviiiS3_
0000000000014ad0 T _ZN19riley_cuda_internal33enqueue_compiled_v3_prefill_modelEP11CUstream_stPKPvPKPKvS6_S2_S2_S6_S6_S2_PjS9_jjb
000000000000d2e0 T _ZN19riley_cuda_internal33enqueue_compiled_v3_result_headerEP11CUstream_stPKvPvS3_S3_
0000000000012aa0 T _ZN19riley_cuda_internal33enqueue_compiled_v3_shared_resultEP11CUstream_stPKvS3_S3_Pv
0000000000014af0 T _ZN19riley_cuda_internal33enqueue_compiled_v4_prefill_modelEP11CUstream_stPKPvPKPKvS6_S2_S2_S6_S6_S2_PjS9_jjb
000000000000d4f0 T _ZN19riley_cuda_internal33enqueue_compiled_v4_result_headerEP11CUstream_stPKvPvS3_S3_
000000000000d700 T _ZN19riley_cuda_internal33enqueue_compiled_v4_shared_resultEP11CUstream_stPKvS3_S3_Pv
0000000000014b10 T _ZN19riley_cuda_internal33enqueue_compiled_v5_prefill_modelEP11CUstream_stPKPvPKPKvS6_S2_S2_S6_S6_S2_PjS9_jjb
000000000000d950 T _ZN19riley_cuda_internal33enqueue_compiled_v5_result_headerEP11CUstream_stPKvPvS3_S3_
000000000000db60 T _ZN19riley_cuda_internal33enqueue_compiled_v5_shared_resultEP11CUstream_stPKvS3_S3_Pv
0000000000014b30 T _ZN19riley_cuda_internal33enqueue_compiled_v6_prefill_modelEP11CUstream_stPKPvPKPKvS6_S2_S2_S6_S6_S2_PjS9_jjb
000000000000ddd0 T _ZN19riley_cuda_internal33enqueue_compiled_v6_shared_resultEP11CUstream_stPKvS3_S3_Pv
0000000000014b50 T _ZN19riley_cuda_internal33enqueue_compiled_v7_prefill_modelEP11CUstream_stPKPvPKPKvS6_S2_S2_S6_S6_S2_PjS9_jjb
000000000000e040 T _ZN19riley_cuda_internal33enqueue_compiled_v7_shared_resultEP11CUstream_stPKvS3_S3_Pv
000000000000f5d0 T _ZN19riley_cuda_internal34enqueue_compiled_prefill_gemm_rowsEP11CUstream_stPKvS3_PviiiS3_j
00000000000146c0 T _ZN19riley_cuda_internal36enqueue_compiled_v7_gqa_shared_modelEP11CUstream_stPKPvPKPKvS6_S2_S2_S6_S6_Pjjjb
000000000000fb40 T _ZN19riley_cuda_internal38enqueue_compiled_packed_decode_rope_kvEP11CUstream_stPKvS3_S3_PvS4_S4_S3_S3_S3_
0000000000014750 T _ZN19riley_cuda_internal43enqueue_compiled_v7_flashinfer_shared_modelEP11CUstream_stPKPvPKPKvS6_S2_S2_S6_S6_PjjjbS2_m
0000000000014b90 T _ZN19riley_cuda_internal44enqueue_compiled_v7_flashinfer_prefill_modelEP11CUstream_stPKPvPKPKvS6_S2_S2_S6_S6_S2_PjjjbS2_mj
0000000000014700 T _ZN19riley_cuda_internal45enqueue_compiled_v7_ffn_pipeline_shared_modelEP11CUstream_stPKPvPKPKvS6_S2_S2_S6_S6_Pjjjb
000000000000d2a0 T _ZN19riley_prefill_shape11cache_indexEiiiPKj
000000000000d240 T _ZN19riley_prefill_shape11exponentialEff
0000000000005320 T _ZN19riley_prefill_shape15attention_shapeEPK13__nv_bfloat16S2_S2_PS0_iiPKiPKjS7_
000000000000d280 T _ZN19riley_prefill_shape3mmaEPfjjjjjj
000000000000d260 T _ZN19riley_prefill_shape4pairE13__nv_bfloat16S0_
000000000000a540 T _ZN19riley_shared_result6finishEPKjPK13__nv_bfloat16S1_Ph
000000000000ae40 T _ZN20riley_merge_norm_v5610merge_normEPKfPKvPK13__nv_bfloat16PvPS4_iPKjj
0000000000007190 T _ZN20riley_shared16_model14qkv_merge_ropeEPKfP13__nv_bfloat16S3_S3_S1_S1_PKjS5_S5_
0000000000005100 T _ZN20riley_shared16_model14shared_rope_kvEPK13__nv_bfloat16S2_S2_PS0_S3_S3_PKfS5_PKjS7_S7_
000000000000aa20 T _ZN20riley_shared16_model21clear_inactive_hiddenEP13__nv_bfloat16PKj
0000000000000000 W _ZN20riley_shared16_model7enqueueEP11CUstream_stPKPvPKPKvS6_S2_S2_PKfSA_Pjjjb
0000000000009e20 T _ZN20riley_shared16_model9embeddingEPK13__nv_bfloat16PS0_PKjS5_Pj
0000000000006bf0 T _ZN20riley_shared32_model14qkv_merge_ropeEPKfP13__nv_bfloat16S3_S3_S1_S1_PKjS5_S5_
0000000000004cc0 T _ZN20riley_shared32_model14shared_rope_kvEPK13__nv_bfloat16S2_S2_PS0_S3_S3_PKfS5_PKjS7_S7_
000000000000a900 T _ZN20riley_shared32_model21clear_inactive_hiddenEP13__nv_bfloat16PKj
0000000000000000 W _ZN20riley_shared32_model7enqueueEP11CUstream_stPKPvPKPKvS6_S2_S2_PKfSA_PjjjbbS2_mb
0000000000009f90 T _ZN20riley_shared32_model9embeddingEPK13__nv_bfloat16PS0_PKjS5_Pj
0000000000009840 T _ZN21riley_gqa50_attention18independent_valuesEPKfPK13__nv_bfloat16PS2_PKjS7_S7_
00000000000096b0 T _ZN21riley_gqa50_attention6scoresEPK13__nv_bfloat16S2_PfPKjS5_S5_
000000000000e020 T _ZN21riley_mixed_attention12single_queryEPK13__nv_bfloat16S2_S2_PS0_iiPKjiiPA128_fPA128_S0_S7_
0000000000007870 T _ZN21riley_mixed_attention16mapped_attentionEPK13__nv_bfloat16S2_S2_PS0_jPKjb
00000000000083f0 T _ZN22riley_shared_attention6scoresEPK13__nv_bfloat16S2_PfPKjS5_S5_
0000000000008580 T _ZN22riley_shared_attention6valuesEPKfPK13__nv_bfloat16PS2_PKjS7_S7_
000000000000bd10 T _ZN23riley_prefill_pointwise11swiglu_rowsEPK13__nv_bfloat16S2_PS0_PKjj
000000000000b000 T _ZN23riley_prefill_pointwise13select_hiddenEPK13__nv_bfloat16PS0_PKjjS5_Pj
000000000000b540 T _ZN23riley_prefill_pointwise14embedding_rowsEPK13__nv_bfloat16PKjPS0_S4_jjPjS4_
000000000000b700 T _ZN23riley_prefill_pointwise9norm_rowsEPK13__nv_bfloat16PKvS2_PvPS0_iPKjj
000000000000d2c0 T _ZN24riley_prefill_query_tile12single_queryEPK13__nv_bfloat16S2_S2_PS0_iiPKjiiPA128_fPA128_S0_S7_
0000000000007f40 T _ZN24riley_shared16_attention6scoresEPK13__nv_bfloat16S2_PfPKjS5_S5_
00000000000080d0 T _ZN24riley_shared16_attention6valuesEPKfPK13__nv_bfloat16PS2_PKjS7_S7_
0000000000009390 T _ZN24riley_shared32_attention6scoresEPK13__nv_bfloat16S2_PfPKjS5_S5_
0000000000009520 T _ZN24riley_shared32_attention6valuesEPKfPK13__nv_bfloat16PS2_PKjS7_S7_
000000000000ddb0 T _ZN30riley_packed_prefill_attention12single_queryEPK13__nv_bfloat16S2_S2_PS0_iiPKjiiPA128_fPA128_S0_S7_
0000000000008d50 T _ZN30riley_packed_prefill_attention9attentionEPK13__nv_bfloat16S2_S2_PS0_jPKj

graph_numerics.cu.o:
0000000000000ac0 T _Z11cache_indexiiiPKj
0000000000000a60 T _Z11exponentialff
00000000000005c0 T _Z23attention_packed_decodePK13__nv_bfloat16S1_S1_PS_PKj
00000000000003b0 T _Z28attention_packed_decode_ropePK13__nv_bfloat16S1_S1_PS_S2_S2_S2_PKfS4_PKj
0000000000000730 T _Z32attention_packed_decode_two_warpPK13__nv_bfloat16S1_S1_PS_PKj
00000000000001a0 T _Z35attention_packed_multisequence_ropePK13__nv_bfloat16S1_S1_PS_S2_S2_S2_PKfS4_PKj
0000000000000aa0 T _Z3mmaPfjjjjjj
0000000000000a80 T _Z4pair13__nv_bfloat16S_
0000000000000ae0 T _Z60__device_stub__Z9attentionPK13__nv_bfloat16S1_S1_PS_iiPKiPKjPK13__nv_bfloat16S1_S1_PS_iiPKiPKj
0000000000001080 T _Z70__device_stub__Z23attention_packed_decodePK13__nv_bfloat16S1_S1_PS_PKjPK13__nv_bfloat16S1_S1_PS_PKj
0000000000001270 T _Z79__device_stub__Z32attention_packed_decode_two_warpPK13__nv_bfloat16S1_S1_PS_PKjPK13__nv_bfloat16S1_S1_PS_PKj
0000000000001720 T _Z90__device_stub__Z28attention_packed_decode_ropePK13__nv_bfloat16S1_S1_PS_S2_S2_S2_PKfS4_PKjPK13__nv_bfloat16S1_S1_PS_S2_S2_S2_PKfS4_PKj
0000000000001460 T _Z97__device_stub__Z35attention_packed_multisequence_ropePK13__nv_bfloat16S1_S1_PS_S2_S2_S2_PKfS4_PKjPK13__nv_bfloat16S1_S1_PS_S2_S2_S2_PKfS4_PKj
00000000000008a0 T _Z9attentionPK13__nv_bfloat16S1_S1_PS_iiPKiPKj
0000000000000ca0 T _ZN19riley_cuda_internal26enqueue_compiled_attentionEP11CUstream_stPKvS3_S3_PvS3_
0000000000000d30 T _ZN19riley_cuda_internal31enqueue_compiled_attention_rowsEP11CUstream_stPKvS3_S3_PvS3_j
00000000000011f0 T _ZN19riley_cuda_internal40enqueue_compiled_packed_decode_attentionEP11CUstream_stPKvS3_S3_PvS3_
0000000000001920 T _ZN19riley_cuda_internal45enqueue_compiled_packed_decode_rope_attentionEP11CUstream_stPKvS3_S3_PvS4_S4_S4_S3_S3_S3_
00000000000013e0 T _ZN19riley_cuda_internal49enqueue_compiled_packed_decode_attention_two_warpEP11CUstream_stPKvS3_S3_PvS3_
0000000000001660 T _ZN19riley_cuda_internal52enqueue_compiled_packed_multisequence_rope_attentionEP11CUstream_stPKvPvS4_S4_S4_S3_S3_S3_j

graph_multisequence_precise.cu.o:
0000000000000140 T _Z84__device_stub__ZN27riley_multisequence_precise11swiglu_rowsEPK13__nv_bfloat16PS0_PKjPK13__nv_bfloat16PS_PKj
0000000000000010 T _ZN27riley_multisequence_precise11swiglu_rowsEPK13__nv_bfloat16PS0_PKj
0000000000000280 T _ZN27riley_multisequence_precise19enqueue_swiglu_rowsEP11CUstream_stPKvPvS3_j

graph_multisequence_io.cu.o:
0000000000000480 T _Z130__device_stub__ZN19riley_cuda_internal58_GLOBAL__N__1ec5c052_25_graph_multisequence_io_cu_e3a7d93616multi_completionEPKjS2_PKtPjjjPKjS0_PKtPjjj
00000000000002c0 T _Z140__device_stub__ZN19riley_cuda_internal58_GLOBAL__N__1ec5c052_25_graph_multisequence_io_cu_e3a7d93615multi_embeddingEPK13__nv_bfloat16PKjPS1_PK13__nv_bfloat16PKjPS_
0000000000000400 T _ZN19riley_cuda_internal23enqueue_multi_embeddingEP11CUstream_stPKvS3_Pvj
0000000000000610 T _ZN19riley_cuda_internal24enqueue_multi_completionEP11CUstream_stPKvS3_S3_Pvjj
0000000000000190 T _ZN19riley_cuda_internal58_GLOBAL__N__1ec5c052_25_graph_multisequence_io_cu_e3a7d93615multi_embeddingEPK13__nv_bfloat16PKjPS1_
0000000000000010 T _ZN19riley_cuda_internal58_GLOBAL__N__1ec5c052_25_graph_multisequence_io_cu_e3a7d93616multi_completionEPKjS2_PKtPjjj

graph_resources.cu.o:
0000000000000000 W _Z21valid_v7_shape_packetPKhmjj
0000000000000000 W _Z27valid_variable_shape_packetILj16ELb0EEbPKhmjj
0000000000000000 W _Z27valid_variable_shape_packetILj32ELb0EEbPKhmjj
0000000000000000 W _Z27valid_variable_shape_packetILj32ELb1EEbPKhmjj
0000000000000000 W _Z27valid_variable_shape_packetILj8ELb0EEbPKhmjj
0000000000000000 W _ZN19riley_cuda_internal14CurrentContext5enterEP18RileyCudaErrorInfojPKcPK21RileyCudaGraphCapture
0000000000000000 W _ZN19riley_cuda_internal14CurrentContext5leaveEiP18RileyCudaErrorInfojPKc
0000000000000000 W _ZN19riley_cuda_internal14CurrentContextD1Ev
0000000000000000 W _ZN19riley_cuda_internal14CurrentContextD2Ev
0000000000000000 W _ZN19riley_cuda_internal25CaptureDomainControlLeaseC1EP22RileyCudaCaptureDomainPK21RileyCudaGraphCapture
0000000000000000 W _ZN19riley_cuda_internal25CaptureDomainControlLeaseC2EP22RileyCudaCaptureDomainPK21RileyCudaGraphCapture
0000000000000000 W _ZN19riley_cuda_internal30release_capture_domain_captureEP22RileyCudaCaptureDomain
0000000000000000 W _ZN19riley_cuda_internal9set_errorEP18RileyCudaErrorInfoiijjPKcS3_
0000000000012240 T _ZN20riley_compact_result14finish_partialEfjjPNS_13GreedyPartialEPfPjS3_
0000000000000000 W _ZN20riley_compact_result7enqueueILj32ELb1ELb1EEE9cudaErrorP11CUstream_stPKvS5_PKjPvS8_
0000000000023fd0 T _ZN51_GLOBAL__N__87a1da10_18_graph_resources_cu_9716a4b510holds_planEP23RileyCudaGraphResourcesP17RileyCudaGemmPlan
00000000000124b0 T _ZN51_GLOBAL__N__87a1da10_18_graph_resources_cu_9716a4b511release_allEP23RileyCudaGraphResources
0000000000013cf0 T _ZN51_GLOBAL__N__87a1da10_18_graph_resources_cu_9716a4b513holds_counterEP23RileyCudaGraphResourcesPSt6atomicIjE
0000000000013be0 T _ZN51_GLOBAL__N__87a1da10_18_graph_resources_cu_9716a4b514transfer_readyEP23RileyCudaGraphResourcesP18RileyCudaErrorInfo
0000000000024830 T _ZN51_GLOBAL__N__87a1da10_18_graph_resources_cu_9716a4b522select_catalog_bindingEP23RileyCudaGraphResourcesRKNS0_12CatalogEntryE
0000000000012260 T _ZN51_GLOBAL__N__87a1da10_18_graph_resources_cu_9716a4b56rejectEP18RileyCudaErrorInfoPKci
0000000000012310 T _ZN51_GLOBAL__N__87a1da10_18_graph_resources_cu_9716a4b57acquireEP23RileyCudaGraphResourcesNS0_5EntryEP18RileyCudaErrorInfo
0000000000000000 u _ZZN19riley_cuda_internal19native_thread_tokenEvE5token
0000000000000000 u _ZZN19riley_cuda_internal21next_graph_capture_idEvE4next
0000000000000000 u _ZZN19riley_cuda_internal26thread_command_batch_countEvE5count
0000000000000000 u _ZZN19riley_cuda_internal26thread_graph_capture_ownerEvE5owner
0000000000000000 u _ZZN19riley_cuda_internal32capture_lifecycle_admission_lockEvE4lock
0000000000000000 u _ZZN19riley_cuda_internal33capture_lifecycle_active_capturesEvE15active_captures
0000000000000000 u _ZZN19riley_cuda_internal36capture_lifecycle_pending_lifecyclesEvE18pending_lifecycles
0000000000024dc0 T riley_cuda_graph_resources_append_multisequence_decode
0000000000025470 T riley_cuda_graph_resources_append_shared_multisequence_decode
0000000000012d90 T riley_cuda_graph_resources_close
0000000000021f00 T riley_cuda_graph_resources_prepare_buffered_transfers
00000000000228c0 T riley_cuda_graph_resources_query_buffered_transfer
00000000000234c0 T riley_cuda_graph_resources_query_transfer
0000000000022af0 T riley_cuda_graph_resources_read_buffered_transfer
00000000000248c0 T riley_cuda_graph_resources_read_catalog
0000000000023530 T riley_cuda_graph_resources_read_transfer
0000000000024430 T riley_cuda_graph_resources_record_attention_chain
0000000000024570 T riley_cuda_graph_resources_record_decode
00000000000245a0 T riley_cuda_graph_resources_record_decode_prefill128
0000000000024670 T riley_cuda_graph_resources_record_decode_prefill128_packed
0000000000024120 T riley_cuda_graph_resources_record_layer_tail
0000000000024020 T riley_cuda_graph_resources_record_mlp
00000000000247d0 T riley_cuda_graph_resources_record_multisequence_decode
0000000000024050 T riley_cuda_graph_resources_record_norm_mlp
0000000000024230 T riley_cuda_graph_resources_record_norm_qkv
0000000000024330 T riley_cuda_graph_resources_record_qkv_kv
0000000000024260 T riley_cuda_graph_resources_record_qkv_rope
0000000000024800 T riley_cuda_graph_resources_record_shared_multisequence_decode
0000000000023810 T riley_cuda_graph_resources_record_swiglu
0000000000022e90 T riley_cuda_graph_resources_record_transfer
0000000000025b20 T riley_cuda_graph_resources_record_v3_prefill
00000000000265a0 T riley_cuda_graph_resources_record_v3_shared
00000000000265b0 T riley_cuda_graph_resources_record_v4_shared
00000000000265c0 T riley_cuda_graph_resources_record_v4_shared_greedy
00000000000265d0 T riley_cuda_graph_resources_record_v5_shared
00000000000265e0 T riley_cuda_graph_resources_record_v5_shared_greedy
00000000000265f0 T riley_cuda_graph_resources_record_v6_shared
0000000000026600 T riley_cuda_graph_resources_record_v6_shared_greedy
00000000000320c0 T riley_cuda_graph_resources_record_v7_ffn_pipeline
000000000002d090 T riley_cuda_graph_resources_record_v7_flashinfer_experimental
000000000002a550 T riley_cuda_graph_resources_record_v7_shared
000000000002d060 T riley_cuda_graph_resources_record_v7_shared_greedy
0000000000027b20 T riley_cuda_graph_resources_replay_catalog
0000000000027b10 T riley_cuda_graph_resources_replay_transfer
0000000000012580 T riley_cuda_graph_resources_reserve
0000000000027a10 T riley_cuda_graph_resources_submit_buffered_transfer
0000000000028060 T riley_cuda_graph_resources_submit_transfer
00000000000234e0 T riley_cuda_graph_resources_wait_transfer

graph.cu.o:
0000000000031960 T _Z110__device_stub__ZN40_GLOBAL__N__7c3d353b_8_graph_cu_0d2cf95623graph_residual_add_bf16EPK13__nv_bfloat16S2_PS0_mPK13__nv_bfloat16S1_PS_m
0000000000031100 T _Z112__device_stub__ZN40_GLOBAL__N__7c3d353b_8_graph_cu_0d2cf95625graph_gated_multiply_bf16EPK13__nv_bfloat16S2_PS0_mPK13__nv_bfloat16S1_PS_m
0000000000033540 T _Z115__device_stub__ZN40_GLOBAL__N__7c3d353b_8_graph_cu_0d2cf95626graph_bf16_row_gather_bf16EPK13__nv_bfloat16PKjPS0_mmmPK13__nv_bfloat16PKjPS_mmm
0000000000032210 T _Z118__device_stub__ZN40_GLOBAL__N__7c3d353b_8_graph_cu_0d2cf95629graph_canonical_rms_norm_bf16EPK13__nv_bfloat16S2_PS0_mmfPK13__nv_bfloat16S1_PS_mmf
0000000000035660 T _Z120__device_stub__ZN40_GLOBAL__N__7c3d353b_8_graph_cu_0d2cf95623graph_indexed_rope_bf16EPK13__nv_bfloat16PKfS4_PKjPS0_mmmmmPK13__nv_bfloat16PKfS3_PKjPS_mmmmm
0000000000034930 T _Z121__device_stub__ZN40_GLOBAL__N__7c3d353b_8_graph_cu_0d2cf95627graph_reset_embedding_errorEP29RileyCudaEmbeddingErrorReportP29RileyCudaEmbeddingErrorReport
0000000000034d20 T _Z128__device_stub__ZN40_GLOBAL__N__7c3d353b_8_graph_cu_0d2cf95630graph_finalize_embedding_errorEPKjmP29RileyCudaEmbeddingErrorReportPKjmP29RileyCudaEmbeddingErrorReport
0000000000034a40 T _Z130__device_stub__ZN40_GLOBAL__N__7c3d353b_8_graph_cu_0d2cf95631graph_validate_embedding_tokensEPKjmmP29RileyCudaEmbeddingErrorReportPKjmmP29RileyCudaEmbeddingErrorReport
0000000000032eb0 T _Z131__device_stub__ZN40_GLOBAL__N__7c3d353b_8_graph_cu_0d2cf95622graph_bf16_argmax_bf16EPK13__nv_bfloat16P25RileyCudaBf16ArgmaxResultmmPK13__nv_bfloat16P25RileyCudaBf16ArgmaxResultmm
0000000000034ba0 T _Z141__device_stub__ZN40_GLOBAL__N__7c3d353b_8_graph_cu_0d2cf95620graph_bf16_embeddingEPK13__nv_bfloat16PKjPS0_PK29RileyCudaEmbeddingErrorReportmmPK13__nv_bfloat16PKjPS_PK29RileyCudaEmbeddingErrorReportmm
0000000000035ea0 T _Z165__device_stub__ZN40_GLOBAL__N__7c3d353b_8_graph_cu_0d2cf95638graph_ragged_paged_kv_cache_write_bf16EPK13__nv_bfloat16S2_PS0_S3_NS_29GraphRaggedPagedKvDeviceBatchEmmmPK13__nv_bfloat16S1_PS_S2_RN40_GLOBAL__N__7c3d353b_8_graph_cu_0d2cf95629GraphRaggedPagedKvDeviceBatchEmmm
0000000000036790 T _Z168__device_stub__ZN40_GLOBAL__N__7c3d353b_8_graph_cu_0d2cf95641graph_grouped_ragged_paged_attention_bf16EPK13__nv_bfloat16S2_S2_PS0_NS_29GraphRaggedPagedKvDeviceBatchEmmfPK13__nv_bfloat16S1_S1_PS_RN40_GLOBAL__N__7c3d353b_8_graph_cu_0d2cf95629GraphRaggedPagedKvDeviceBatchEmmf
0000000000036930 T _Z182__device_stub__ZN40_GLOBAL__N__7c3d353b_8_graph_cu_0d2cf95655graph_grouped_ragged_paged_attention_gqa_shared_kv_bf16EPK13__nv_bfloat16S2_S2_PS0_NS_29GraphRaggedPagedKvDeviceBatchEmmfPK13__nv_bfloat16S1_S1_PS_RN40_GLOBAL__N__7c3d353b_8_graph_cu_0d2cf95629GraphRaggedPagedKvDeviceBatchEmmf
00000000000301f0 T _Z80__device_stub__ZN40_GLOBAL__N__7c3d353b_8_graph_cu_0d2cf95614graph_fill_f32EPfmfPfmf
0000000000030970 T _Z99__device_stub__ZN40_GLOBAL__N__7c3d353b_8_graph_cu_0d2cf95615graph_silu_bf16EPK13__nv_bfloat16PS0_mPK13__nv_bfloat16PS_m
0000000000000000 W _ZN19riley_cuda_internal14CurrentContext5enterEP18RileyCudaErrorInfojPKcPK21RileyCudaGraphCapture
0000000000000000 W _ZN19riley_cuda_internal14CurrentContext5leaveEiP18RileyCudaErrorInfojPKc
0000000000000000 W _ZN19riley_cuda_internal14CurrentContextD1Ev
0000000000000000 W _ZN19riley_cuda_internal14CurrentContextD2Ev
0000000000000000 W _ZN19riley_cuda_internal24try_begin_capture_domainEP22RileyCudaCaptureDomain
0000000000000000 W _ZN19riley_cuda_internal29drain_capture_deferred_closesEP21RileyCudaGraphCaptureP18RileyCudaErrorInfo
0000000000000000 W _ZN19riley_cuda_internal30release_capture_domain_captureEP22RileyCudaCaptureDomain
0000000000000000 W _ZN21RileyCudaGraphCaptureC1EP16RileyCudaContextP15RileyCudaStreamP22RileyCudaCaptureDomainPKvm
0000000000000000 W _ZN21RileyCudaGraphCaptureC2EP16RileyCudaContextP15RileyCudaStreamP22RileyCudaCaptureDomainPKvm
0000000000003720 T _ZN40_GLOBAL__N__7c3d353b_8_graph_cu_0d2cf95614graph_fill_f32EPfmf
00000000000035f0 T _ZN40_GLOBAL__N__7c3d353b_8_graph_cu_0d2cf95615graph_silu_bf16EPK13__nv_bfloat16PS0_m
000000000000cf30 T _ZN40_GLOBAL__N__7c3d353b_8_graph_cu_0d2cf95617clear_graph_errorEP23RileyCudaGraphErrorInfoj
0000000000012180 T _ZN40_GLOBAL__N__7c3d353b_8_graph_cu_0d2cf95618capture_begin_implEP15RileyCudaStreamP21RileyCudaDeviceBuffermjPP21RileyCudaGraphCaptureP23RileyCudaGraphErrorInfoP18RileyCudaErrorInfo
00000000000118f0 T _ZN40_GLOBAL__N__7c3d353b_8_graph_cu_0d2cf95620capture_end_is_knownEP15RileyCudaStream
0000000000002f10 T _ZN40_GLOBAL__N__7c3d353b_8_graph_cu_0d2cf95620graph_bf16_embeddingEPK13__nv_bfloat16PKjPS0_PK29RileyCudaEmbeddingErrorReportmm
000000000000cf60 T _ZN40_GLOBAL__N__7c3d353b_8_graph_cu_0d2cf95620record_graph_outcomeEP23RileyCudaGraphErrorInfojmmbbbb
0000000000010a20 T _ZN40_GLOBAL__N__7c3d353b_8_graph_cu_0d2cf95620release_graph_leasesEP16RileyCudaContextP15RileyCudaStreamP21RileyCudaDeviceBuffer
0000000000004000 T _ZN40_GLOBAL__N__7c3d353b_8_graph_cu_0d2cf95621is_bf16_d2h_operationE30RileyCudaGraphCaptureOperation
0000000000008f80 T _ZN40_GLOBAL__N__7c3d353b_8_graph_cu_0d2cf95621norm_profile_is_validEjmmf
000000000000d000 T _ZN40_GLOBAL__N__7c3d353b_8_graph_cu_0d2cf95621release_capture_ownerEP21RileyCudaGraphCapture
0000000000013100 T _ZN40_GLOBAL__N__7c3d353b_8_graph_cu_0d2cf95622capture_begin_h2d_implEP15RileyCudaStreamP21RileyCudaDeviceBufferP25RileyCudaPinnedHostBufferjPP21RileyCudaGraphCaptureP23RileyCudaGraphErrorInfoP18RileyCudaErrorInfo
0000000000003ea0 T _ZN40_GLOBAL__N__7c3d353b_8_graph_cu_0d2cf95622graph_bf16_argmax_bf16EPK13__nv_bfloat16P25RileyCudaBf16ArgmaxResultmm
000000000000cfc0 T _ZN40_GLOBAL__N__7c3d353b_8_graph_cu_0d2cf95622record_capture_outcomeEP23RileyCudaGraphErrorInfojmbb
00000000000027f0 T _ZN40_GLOBAL__N__7c3d353b_8_graph_cu_0d2cf95623graph_indexed_rope_bf16EPK13__nv_bfloat16PKfS4_PKjPS0_mmmmm
0000000000003200 T _ZN40_GLOBAL__N__7c3d353b_8_graph_cu_0d2cf95623graph_residual_add_bf16EPK13__nv_bfloat16S2_PS0_m
0000000000010aa0 T _ZN40_GLOBAL__N__7c3d353b_8_graph_cu_0d2cf95624release_graph_h2d_leasesEP16RileyCudaContextP15RileyCudaStreamP21RileyCudaDeviceBufferP25RileyCudaPinnedHostBuffer
000000000000ced0 T _ZN40_GLOBAL__N__7c3d353b_8_graph_cu_0d2cf95625graph_error_is_compatibleEPK23RileyCudaGraphErrorInfo
00000000000030a0 T _ZN40_GLOBAL__N__7c3d353b_8_graph_cu_0d2cf95625graph_gated_multiply_bf16EPK13__nv_bfloat16S2_PS0_m
0000000000004d30 T _ZN40_GLOBAL__N__7c3d353b_8_graph_cu_0d2cf95625output_indices_span_validEPK21RileyCudaDeviceBuffermm
00000000000082a0 T _ZN40_GLOBAL__N__7c3d353b_8_graph_cu_0d2cf95626bf16_argmax_shape_is_validEmmPm
0000000000003d10 T _ZN40_GLOBAL__N__7c3d353b_8_graph_cu_0d2cf95626graph_bf16_row_gather_bf16EPK13__nv_bfloat16PKjPS0_mmm
000000000000d2d0 T _ZN40_GLOBAL__N__7c3d353b_8_graph_cu_0d2cf95626release_capture_fill_leaseEP21RileyCudaGraphCapture
000000000000d490 T _ZN40_GLOBAL__N__7c3d353b_8_graph_cu_0d2cf95626release_capture_h2d_leasesEP21RileyCudaGraphCapture
0000000000003850 T _ZN40_GLOBAL__N__7c3d353b_8_graph_cu_0d2cf95627graph_reset_embedding_errorEP29RileyCudaEmbeddingErrorReport
0000000000011940 T _ZN40_GLOBAL__N__7c3d353b_8_graph_cu_0d2cf95627require_stream_capture_idleEP15RileyCudaStreamP18RileyCudaErrorInfoPKc
0000000000009d30 T _ZN40_GLOBAL__N__7c3d353b_8_graph_cu_0d2cf95628bf16_d2h_exec_state_is_validEPK18RileyCudaGraphExec
0000000000014000 T _ZN40_GLOBAL__N__7c3d353b_8_graph_cu_0d2cf95628capture_begin_silu_bf16_implEP15RileyCudaStreamP21RileyCudaDeviceBufferS3_mjPP21RileyCudaGraphCaptureP23RileyCudaGraphErrorInfoP18RileyCudaErrorInfo
000000000000cef0 T _ZN40_GLOBAL__N__7c3d353b_8_graph_cu_0d2cf95628graph_error_reserved_is_zeroEPK23RileyCudaGraphErrorInfo
0000000000009d00 T _ZN40_GLOBAL__N__7c3d353b_8_graph_cu_0d2cf95629bf16_d2h_graph_state_is_validEPK14RileyCudaGraph
0000000000003b80 T _ZN40_GLOBAL__N__7c3d353b_8_graph_cu_0d2cf95629graph_canonical_rms_norm_bf16EPK13__nv_bfloat16S2_PS0_mmf
00000000000082f0 T _ZN40_GLOBAL__N__7c3d353b_8_graph_cu_0d2cf95630bf16_row_gather_shape_is_validEmmmPmS0_
0000000000018520 T _ZN40_GLOBAL__N__7c3d353b_8_graph_cu_0d2cf95630capture_begin_bf16_argmax_implEP15RileyCudaStreamP21RileyCudaDeviceBufferS3_mmjPP21RileyCudaGraphCaptureP23RileyCudaGraphErrorInfoP18RileyCudaErrorInfo
000000000000eec0 T _ZN40_GLOBAL__N__7c3d353b_8_graph_cu_0d2cf95630destroy_prepared_graph_storageEP21RileyCudaGraphCapture
00000000000034c0 T _ZN40_GLOBAL__N__7c3d353b_8_graph_cu_0d2cf95630graph_finalize_embedding_errorEPKjmP29RileyCudaEmbeddingErrorReport
0000000000010b40 T _ZN40_GLOBAL__N__7c3d353b_8_graph_cu_0d2cf95630release_graph_silu_bf16_leasesEP16RileyCudaContextP15RileyCudaStreamP21RileyCudaDeviceBufferS5_
000000000000ad90 T _ZN40_GLOBAL__N__7c3d353b_8_graph_cu_0d2cf95630release_ragged_metadata_leasesERK41RileyCudaRaggedPagedKvCacheWriteBf16State
000000000000ad60 T _ZN40_GLOBAL__N__7c3d353b_8_graph_cu_0d2cf95631attention_metadata_ranges_validEPKmmmmm
000000000000ad10 T _ZN40_GLOBAL__N__7c3d353b_8_graph_cu_0d2cf95631attention_parent_layer_is_validEmmmmm
0000000000009450 T _ZN40_GLOBAL__N__7c3d353b_8_graph_cu_0d2cf95631bf16_argmax_exec_state_is_validEPK18RileyCudaGraphExec
0000000000009cd0 T _ZN40_GLOBAL__N__7c3d353b_8_graph_cu_0d2cf95631bf16_d2h_capture_state_is_validEPK21RileyCudaGraphCapture
0000000000003360 T _ZN40_GLOBAL__N__7c3d353b_8_graph_cu_0d2cf95631graph_validate_embedding_tokensEPKjmmP29RileyCudaEmbeddingErrorReport
000000000000f9f0 T _ZN40_GLOBAL__N__7c3d353b_8_graph_cu_0d2cf95631transfer_capture_owner_to_graphEP21RileyCudaGraphCapture
0000000000009230 T _ZN40_GLOBAL__N__7c3d353b_8_graph_cu_0d2cf95632bf16_argmax_graph_state_is_validEPK14RileyCudaGraph
00000000000087c0 T _ZN40_GLOBAL__N__7c3d353b_8_graph_cu_0d2cf95632canonical_rms_norm_element_countEmmPm
00000000000084c0 T _ZN40_GLOBAL__N__7c3d353b_8_graph_cu_0d2cf95632indexed_rope_bf16_shape_is_validEmmmmmPmS0_S0_
0000000000004010 T _ZN40_GLOBAL__N__7c3d353b_8_graph_cu_0d2cf95632is_canonical_gemm_bf16_operationE30RileyCudaGraphCaptureOperation
000000000000d650 T _ZN40_GLOBAL__N__7c3d353b_8_graph_cu_0d2cf95632release_capture_silu_bf16_leasesEP21RileyCudaGraphCapture
0000000000010df0 T _ZN40_GLOBAL__N__7c3d353b_8_graph_cu_0d2cf95632release_graph_bf16_argmax_leasesEP16RileyCudaContextP15RileyCudaStreamP21RileyCudaDeviceBufferS5_
0000000000008cf0 T _ZN40_GLOBAL__N__7c3d353b_8_graph_cu_0d2cf95632residual_add_exec_state_is_validEPK18RileyCudaGraphExec
00000000000042a0 T _ZN40_GLOBAL__N__7c3d353b_8_graph_cu_0d2cf95633bf16_argmax_exec_fields_are_clearEPK18RileyCudaGraphExec
000000000000bcf0 T _ZN40_GLOBAL__N__7c3d353b_8_graph_cu_0d2cf95633canonical_gemm_bf16_state_matchesERK36RileyCudaCanonicalGemmBf16GraphStateS2_
0000000000008a70 T _ZN40_GLOBAL__N__7c3d353b_8_graph_cu_0d2cf95633residual_add_graph_state_is_validEPK14RileyCudaGraph
0000000000009020 T _ZN40_GLOBAL__N__7c3d353b_8_graph_cu_0d2cf95634bf16_argmax_capture_state_is_validEPK21RileyCudaGraphCapture
0000000000004260 T _ZN40_GLOBAL__N__7c3d353b_8_graph_cu_0d2cf95634bf16_argmax_graph_fields_are_clearEPK14RileyCudaGraph
00000000000076f0 T _ZN40_GLOBAL__N__7c3d353b_8_graph_cu_0d2cf95634canonical_gemm_bf16_state_is_clearERK36RileyCudaCanonicalGemmBf16GraphState
0000000000019650 T _ZN40_GLOBAL__N__7c3d353b_8_graph_cu_0d2cf95634capture_begin_bf16_row_gather_implEP15RileyCudaStreamP21RileyCudaDeviceBufferS3_S3_mmmjPP21RileyCudaGraphCaptureP23RileyCudaGraphErrorInfoP18RileyCudaErrorInfo
000000000000de20 T _ZN40_GLOBAL__N__7c3d353b_8_graph_cu_0d2cf95634release_capture_bf16_argmax_leasesEP21RileyCudaGraphCapture
00000000000040c0 T _ZN40_GLOBAL__N__7c3d353b_8_graph_cu_0d2cf95634residual_add_exec_fields_are_clearEPK18RileyCudaGraphExec
0000000000009920 T _ZN40_GLOBAL__N__7c3d353b_8_graph_cu_0d2cf95635bf16_row_gather_exec_state_is_validEPK18RileyCudaGraphExec
0000000000008800 T _ZN40_GLOBAL__N__7c3d353b_8_graph_cu_0d2cf95635residual_add_capture_state_is_validEPK21RileyCudaGraphCapture
0000000000004090 T _ZN40_GLOBAL__N__7c3d353b_8_graph_cu_0d2cf95635residual_add_graph_fields_are_clearEPK14RileyCudaGraph
0000000000004210 T _ZN40_GLOBAL__N__7c3d353b_8_graph_cu_0d2cf95636bf16_argmax_capture_fields_are_clearEPK21RileyCudaGraphCapture
00000000000096a0 T _ZN40_GLOBAL__N__7c3d353b_8_graph_cu_0d2cf95636bf16_row_gather_graph_state_is_validEPK14RileyCudaGraph
000000000001dfa0 T _ZN40_GLOBAL__N__7c3d353b_8_graph_cu_0d2cf95636capture_begin_indexed_rope_bf16_implEP15RileyCudaStreamP21RileyCudaDeviceBufferS3_S3_S3_S3_PKjmmmmmmmjPP21RileyCudaGraphCaptureP23RileyCudaGraphErrorInfoP18RileyCudaErrorInfo
0000000000016100 T _ZN40_GLOBAL__N__7c3d353b_8_graph_cu_0d2cf95636capture_begin_residual_add_bf16_implEP15RileyCudaStreamP21RileyCudaDeviceBufferS3_S3_mjPP21RileyCudaGraphCaptureP23RileyCudaGraphErrorInfoP18RileyCudaErrorInfo
000000000000b5a0 T _ZN40_GLOBAL__N__7c3d353b_8_graph_cu_0d2cf95636ragged_paged_state_operation_matchesE30RileyCudaGraphCaptureOperationRK41RileyCudaRaggedPagedKvCacheWriteBf16State
0000000000010e90 T _ZN40_GLOBAL__N__7c3d353b_8_graph_cu_0d2cf95636release_graph_bf16_row_gather_leasesEP16RileyCudaContextP15RileyCudaStreamP21RileyCudaDeviceBufferS5_S5_
0000000000008360 T _ZN40_GLOBAL__N__7c3d353b_8_graph_cu_0d2cf95637bf16_row_gather_argmax_shape_is_validEmmmPmS0_
00000000000043a0 T _ZN40_GLOBAL__N__7c3d353b_8_graph_cu_0d2cf95637bf16_row_gather_exec_fields_are_clearEPK18RileyCudaGraphExec
000000000000a670 T _ZN40_GLOBAL__N__7c3d353b_8_graph_cu_0d2cf95637indexed_rope_bf16_exec_state_is_validEPK18RileyCudaGraphExec
0000000000004030 T _ZN40_GLOBAL__N__7c3d353b_8_graph_cu_0d2cf95637residual_add_capture_fields_are_clearEPK21RileyCudaGraphCapture
0000000000009680 T _ZN40_GLOBAL__N__7c3d353b_8_graph_cu_0d2cf95638bf16_row_gather_capture_state_is_validEPK21RileyCudaGraphCapture
0000000000004350 T _ZN40_GLOBAL__N__7c3d353b_8_graph_cu_0d2cf95638bf16_row_gather_graph_fields_are_clearEPK14RileyCudaGraph
0000000000009000 T _ZN40_GLOBAL__N__7c3d353b_8_graph_cu_0d2cf95638canonical_rms_norm_exec_state_is_validEPK18RileyCudaGraphExec
0000000000022810 T _ZN40_GLOBAL__N__7c3d353b_8_graph_cu_0d2cf95638capture_begin_canonical_gemm_bf16_implEP15RileyCudaStreamP17RileyCudaGemmPlanP21RileyCudaDeviceBufferS5_S5_S5_jPP21RileyCudaGraphCaptureP23RileyCudaGraphErrorInfoP18RileyCudaErrorInfobb
0000000000014fa0 T _ZN40_GLOBAL__N__7c3d353b_8_graph_cu_0d2cf95638capture_begin_gated_multiply_bf16_implEP15RileyCudaStreamP21RileyCudaDeviceBufferS3_S3_mjPP21RileyCudaGraphCaptureP23RileyCudaGraphErrorInfoP18RileyCudaErrorInfo
0000000000002a00 T _ZN40_GLOBAL__N__7c3d353b_8_graph_cu_0d2cf95638graph_ragged_paged_kv_cache_write_bf16EPK13__nv_bfloat16S2_PS0_S3_NS_29GraphRaggedPagedKvDeviceBatchEmmm
000000000000a200 T _ZN40_GLOBAL__N__7c3d353b_8_graph_cu_0d2cf95638indexed_rope_bf16_graph_state_is_validEPK14RileyCudaGraph
000000000000e110 T _ZN40_GLOBAL__N__7c3d353b_8_graph_cu_0d2cf95638release_capture_bf16_row_gather_leasesEP21RileyCudaGraphCapture
0000000000011190 T _ZN40_GLOBAL__N__7c3d353b_8_graph_cu_0d2cf95638release_graph_indexed_rope_bf16_leasesEP16RileyCudaContextP15RileyCudaStreamP21RileyCudaDeviceBufferS5_S5_S5_S5_
0000000000010c90 T _ZN40_GLOBAL__N__7c3d353b_8_graph_cu_0d2cf95638release_graph_residual_add_bf16_leasesEP16RileyCudaContextP15RileyCudaStreamP21RileyCudaDeviceBufferS5_S5_
000000000000c290 T _ZN40_GLOBAL__N__7c3d353b_8_graph_cu_0d2cf95639canonical_gemm_bf16_exec_state_is_validEPK18RileyCudaGraphExec
0000000000008fe0 T _ZN40_GLOBAL__N__7c3d353b_8_graph_cu_0d2cf95639canonical_rms_norm_graph_state_is_validEPK14RileyCudaGraph
0000000000007670 T _ZN40_GLOBAL__N__7c3d353b_8_graph_cu_0d2cf95639indexed_rope_bf16_exec_fields_are_clearEPK18RileyCudaGraphExec
000000000000b590 T _ZN40_GLOBAL__N__7c3d353b_8_graph_cu_0d2cf95639is_ragged_paged_fixed_address_operationE30RileyCudaGraphCaptureOperation
0000000000008450 T _ZN40_GLOBAL__N__7c3d353b_8_graph_cu_0d2cf95640bf16_embedding_status_d2h_shape_is_validEmmmPmS0_
00000000000042e0 T _ZN40_GLOBAL__N__7c3d353b_8_graph_cu_0d2cf95640bf16_row_gather_capture_fields_are_clearEPK21RileyCudaGraphCapture
000000000000bef0 T _ZN40_GLOBAL__N__7c3d353b_8_graph_cu_0d2cf95640canonical_gemm_bf16_graph_state_is_validEPK14RileyCudaGraph
00000000000041c0 T _ZN40_GLOBAL__N__7c3d353b_8_graph_cu_0d2cf95640canonical_rms_norm_exec_fields_are_clearEPK18RileyCudaGraphExec
00000000000118a0 T _ZN40_GLOBAL__N__7c3d353b_8_graph_cu_0d2cf95640capture_may_be_active_after_failed_beginEP15RileyCudaStream
0000000000009d60 T _ZN40_GLOBAL__N__7c3d353b_8_graph_cu_0d2cf95640indexed_rope_bf16_capture_state_is_validEPK21RileyCudaGraphCapture
00000000000075f0 T _ZN40_GLOBAL__N__7c3d353b_8_graph_cu_0d2cf95640indexed_rope_bf16_graph_fields_are_clearEPK14RileyCudaGraph
000000000000e3d0 T _ZN40_GLOBAL__N__7c3d353b_8_graph_cu_0d2cf95640release_capture_indexed_rope_bf16_leasesEP21RileyCudaGraphCapture
000000000000dac0 T _ZN40_GLOBAL__N__7c3d353b_8_graph_cu_0d2cf95640release_capture_residual_add_bf16_leasesEP21RileyCudaGraphCapture
0000000000011420 T _ZN40_GLOBAL__N__7c3d353b_8_graph_cu_0d2cf95640release_graph_canonical_gemm_bf16_leasesEP16RileyCudaContextP15RileyCudaStreamP21RileyCudaDeviceBufferRK36RileyCudaCanonicalGemmBf16GraphState
0000000000010be0 T _ZN40_GLOBAL__N__7c3d353b_8_graph_cu_0d2cf95640release_graph_gated_multiply_bf16_leasesEP16RileyCudaContextP15RileyCudaStreamP21RileyCudaDeviceBufferS5_S5_
00000000000083d0 T _ZN40_GLOBAL__N__7c3d353b_8_graph_cu_0d2cf95641bf16_row_gather_argmax_d2h_shape_is_validEmmmPmS0_S0_
00000000000078c0 T _ZN40_GLOBAL__N__7c3d353b_8_graph_cu_0d2cf95641canonical_gemm_bf16_exec_fields_are_clearEPK18RileyCudaGraphExec
0000000000008fc0 T _ZN40_GLOBAL__N__7c3d353b_8_graph_cu_0d2cf95641canonical_rms_norm_capture_state_is_validEPK21RileyCudaGraphCapture
0000000000004170 T _ZN40_GLOBAL__N__7c3d353b_8_graph_cu_0d2cf95641canonical_rms_norm_graph_fields_are_clearEPK14RileyCudaGraph
000000000001a7f0 T _ZN40_GLOBAL__N__7c3d353b_8_graph_cu_0d2cf95641capture_begin_bf16_row_gather_argmax_implEP15RileyCudaStreamP21RileyCudaDeviceBufferS3_S3_S3_mmmjPP21RileyCudaGraphCaptureP23RileyCudaGraphErrorInfoP18RileyCudaErrorInfo
0000000000002bb0 T _ZN40_GLOBAL__N__7c3d353b_8_graph_cu_0d2cf95641graph_grouped_ragged_paged_attention_bf16EPK13__nv_bfloat16S2_S2_PS0_NS_29GraphRaggedPagedKvDeviceBatchEmmf
0000000000004020 T _ZN40_GLOBAL__N__7c3d353b_8_graph_cu_0d2cf95641is_canonical_rms_norm_gemm_bf16_operationE30RileyCudaGraphCaptureOperation
0000000000009bf0 T _ZN40_GLOBAL__N__7c3d353b_8_graph_cu_0d2cf95642bf16_row_gather_argmax_exec_state_is_validEPK18RileyCudaGraphExec
000000000000bd50 T _ZN40_GLOBAL__N__7c3d353b_8_graph_cu_0d2cf95642canonical_gemm_bf16_capture_state_is_validEPK21RileyCudaGraphCapture
0000000000007810 T _ZN40_GLOBAL__N__7c3d353b_8_graph_cu_0d2cf95642canonical_gemm_bf16_graph_fields_are_clearEPK14RileyCudaGraph
000000000000c470 T _ZN40_GLOBAL__N__7c3d353b_8_graph_cu_0d2cf95642canonical_rms_norm_gemm_bf16_state_matchesERK43RileyCudaCanonicalRmsNormGemmBf16GraphStateS2_
0000000000017260 T _ZN40_GLOBAL__N__7c3d353b_8_graph_cu_0d2cf95642capture_begin_canonical_rms_norm_bf16_implEP15RileyCudaStreamP21RileyCudaDeviceBufferS3_S3_mmfjPP21RileyCudaGraphCaptureP23RileyCudaGraphErrorInfoP18RileyCudaErrorInfoj
0000000000007530 T _ZN40_GLOBAL__N__7c3d353b_8_graph_cu_0d2cf95642indexed_rope_bf16_capture_fields_are_clearEPK21RileyCudaGraphCapture
000000000000e900 T _ZN40_GLOBAL__N__7c3d353b_8_graph_cu_0d2cf95642release_capture_canonical_gemm_bf16_leasesEP21RileyCudaGraphCapture
000000000000d820 T _ZN40_GLOBAL__N__7c3d353b_8_graph_cu_0d2cf95642release_capture_gated_multiply_bf16_leasesEP21RileyCudaGraphCapture
0000000000009bd0 T _ZN40_GLOBAL__N__7c3d353b_8_graph_cu_0d2cf95643bf16_row_gather_argmax_graph_state_is_validEPK14RileyCudaGraph
00000000000040f0 T _ZN40_GLOBAL__N__7c3d353b_8_graph_cu_0d2cf95643canonical_rms_norm_capture_fields_are_clearEPK21RileyCudaGraphCapture
0000000000007970 T _ZN40_GLOBAL__N__7c3d353b_8_graph_cu_0d2cf95643canonical_rms_norm_gemm_bf16_state_is_clearERK43RileyCudaCanonicalRmsNormGemmBf16GraphState
0000000000010f40 T _ZN40_GLOBAL__N__7c3d353b_8_graph_cu_0d2cf95643release_graph_bf16_row_gather_argmax_leasesEP16RileyCudaContextP15RileyCudaStreamP21RileyCudaDeviceBufferS5_S5_S5_
0000000000004cd0 T _ZN40_GLOBAL__N__7c3d353b_8_graph_cu_0d2cf95644bf16_row_gather_argmax_exec_fields_are_clearEPK18RileyCudaGraphExec
0000000000007760 T _ZN40_GLOBAL__N__7c3d353b_8_graph_cu_0d2cf95644canonical_gemm_bf16_capture_fields_are_clearEPK21RileyCudaGraphCapture
000000000001ce20 T _ZN40_GLOBAL__N__7c3d353b_8_graph_cu_0d2cf95644capture_begin_bf16_embedding_status_d2h_implEP15RileyCudaStreamP21RileyCudaDeviceBufferS3_S3_S3_P25RileyCudaPinnedHostBuffermmmjPP21RileyCudaGraphCaptureP23RileyCudaGraphErrorInfoP18RileyCudaErrorInfo
0000000000010d40 T _ZN40_GLOBAL__N__7c3d353b_8_graph_cu_0d2cf95644release_graph_canonical_rms_norm_bf16_leasesEP16RileyCudaContextP15RileyCudaStreamP21RileyCudaDeviceBufferS5_S5_
0000000000009cb0 T _ZN40_GLOBAL__N__7c3d353b_8_graph_cu_0d2cf95645bf16_embedding_status_d2h_exec_state_is_validEPK18RileyCudaGraphExec
0000000000009bb0 T _ZN40_GLOBAL__N__7c3d353b_8_graph_cu_0d2cf95645bf16_row_gather_argmax_capture_state_is_validEPK21RileyCudaGraphCapture
0000000000004c70 T _ZN40_GLOBAL__N__7c3d353b_8_graph_cu_0d2cf95645bf16_row_gather_argmax_graph_fields_are_clearEPK14RileyCudaGraph
000000000001baa0 T _ZN40_GLOBAL__N__7c3d353b_8_graph_cu_0d2cf95645capture_begin_bf16_row_gather_argmax_d2h_implEP15RileyCudaStreamP21RileyCudaDeviceBufferS3_S3_S3_P25RileyCudaPinnedHostBuffermmmjPP21RileyCudaGraphCaptureP23RileyCudaGraphErrorInfoP18RileyCudaErrorInfomb
000000000000e1d0 T _ZN40_GLOBAL__N__7c3d353b_8_graph_cu_0d2cf95645release_capture_bf16_row_gather_argmax_leasesEP21RileyCudaGraphCapture
0000000000009c90 T _ZN40_GLOBAL__N__7c3d353b_8_graph_cu_0d2cf95646bf16_embedding_status_d2h_graph_state_is_validEPK14RileyCudaGraph
0000000000009c50 T _ZN40_GLOBAL__N__7c3d353b_8_graph_cu_0d2cf95646bf16_row_gather_argmax_d2h_exec_state_is_validEPK18RileyCudaGraphExec
000000000000dd60 T _ZN40_GLOBAL__N__7c3d353b_8_graph_cu_0d2cf95646release_capture_canonical_rms_norm_bf16_leasesEP21RileyCudaGraphCapture
00000000000043f0 T _ZN40_GLOBAL__N__7c3d353b_8_graph_cu_0d2cf95647bf16_row_gather_argmax_capture_fields_are_clearEPK21RileyCudaGraphCapture
0000000000009c30 T _ZN40_GLOBAL__N__7c3d353b_8_graph_cu_0d2cf95647bf16_row_gather_argmax_d2h_graph_state_is_validEPK14RileyCudaGraph
0000000000023990 T _ZN40_GLOBAL__N__7c3d353b_8_graph_cu_0d2cf95647capture_begin_canonical_rms_norm_gemm_bf16_implEP15RileyCudaStreamP17RileyCudaGemmPlanP21RileyCudaDeviceBufferS5_S5_S5_S5_S5_mmfjPP21RileyCudaGraphCaptureP23RileyCudaGraphErrorInfoP18RileyCudaErrorInfo
00000000000085a0 T _ZN40_GLOBAL__N__7c3d353b_8_graph_cu_0d2cf95647ragged_paged_kv_cache_write_bf16_shape_is_validEmmmmmmPmS0_
0000000000007b70 T _ZN40_GLOBAL__N__7c3d353b_8_graph_cu_0d2cf95647ragged_paged_kv_cache_write_bf16_state_is_clearERK41RileyCudaRaggedPagedKvCacheWriteBf16State
0000000000011030 T _ZN40_GLOBAL__N__7c3d353b_8_graph_cu_0d2cf95647release_graph_bf16_row_gather_argmax_d2h_leasesEP16RileyCudaContextP15RileyCudaStreamP21RileyCudaDeviceBufferS5_S5_S5_P25RileyCudaPinnedHostBuffer
0000000000009c70 T _ZN40_GLOBAL__N__7c3d353b_8_graph_cu_0d2cf95648bf16_embedding_status_d2h_capture_state_is_validEPK21RileyCudaGraphCapture
0000000000006760 T _ZN40_GLOBAL__N__7c3d353b_8_graph_cu_0d2cf95648bf16_row_gather_argmax_d2h_exec_fields_are_clearEPK18RileyCudaGraphExec
000000000000ccf0 T _ZN40_GLOBAL__N__7c3d353b_8_graph_cu_0d2cf95648canonical_rms_norm_gemm_bf16_exec_state_is_validEPK18RileyCudaGraphExec
0000000000009c10 T _ZN40_GLOBAL__N__7c3d353b_8_graph_cu_0d2cf95649bf16_row_gather_argmax_d2h_capture_state_is_validEPK21RileyCudaGraphCapture
00000000000059d0 T _ZN40_GLOBAL__N__7c3d353b_8_graph_cu_0d2cf95649bf16_row_gather_argmax_d2h_graph_fields_are_clearEPK14RileyCudaGraph
000000000000c0c0 T _ZN40_GLOBAL__N__7c3d353b_8_graph_cu_0d2cf95649canonical_gemm_bf16_prepared_graph_state_is_validEPK14RileyCudaGraph
000000000000c950 T _ZN40_GLOBAL__N__7c3d353b_8_graph_cu_0d2cf95649canonical_rms_norm_gemm_bf16_graph_state_is_validEPK14RileyCudaGraph
000000000000e2c0 T _ZN40_GLOBAL__N__7c3d353b_8_graph_cu_0d2cf95649release_capture_bf16_row_gather_argmax_d2h_leasesEP21RileyCudaGraphCapture
0000000000011500 T _ZN40_GLOBAL__N__7c3d353b_8_graph_cu_0d2cf95649release_graph_canonical_rms_norm_gemm_bf16_leasesEP16RileyCudaContextP15RileyCudaStreamP21RileyCudaDeviceBufferRK43RileyCudaCanonicalRmsNormGemmBf16GraphState
0000000000007b00 T _ZN40_GLOBAL__N__7c3d353b_8_graph_cu_0d2cf95650canonical_rms_norm_gemm_bf16_exec_fields_are_clearEPK18RileyCudaGraphExec
000000000000c510 T _ZN40_GLOBAL__N__7c3d353b_8_graph_cu_0d2cf95650canonical_rms_norm_gemm_bf16_state_is_valid_commonEP16RileyCudaContextP15RileyCudaStreamP21RileyCudaDeviceBufferRK43RileyCudaCanonicalRmsNormGemmBf16GraphStateb
0000000000008680 T _ZN40_GLOBAL__N__7c3d353b_8_graph_cu_0d2cf95650grouped_ragged_paged_attention_bf16_shape_is_validEmmmmmmmfPmS0_S0_
0000000000004d60 T _ZN40_GLOBAL__N__7c3d353b_8_graph_cu_0d2cf95651bf16_row_gather_argmax_d2h_capture_fields_are_clearEPK21RileyCudaGraphCapture
000000000000c7b0 T _ZN40_GLOBAL__N__7c3d353b_8_graph_cu_0d2cf95651canonical_rms_norm_gemm_bf16_capture_state_is_validEPK21RileyCudaGraphCapture
0000000000007a90 T _ZN40_GLOBAL__N__7c3d353b_8_graph_cu_0d2cf95651canonical_rms_norm_gemm_bf16_graph_fields_are_clearEPK14RileyCudaGraph
000000000001f430 T _ZN40_GLOBAL__N__7c3d353b_8_graph_cu_0d2cf95651capture_begin_ragged_paged_kv_cache_write_bf16_implEP15RileyCudaStreamP21RileyCudaDeviceBufferS3_S3_S3_S3_S3_S3_S3_S3_mmmmmmjmmPKmPP21RileyCudaGraphCaptureP23RileyCudaGraphErrorInfoP18RileyCudaErrorInfo
000000000000ebc0 T _ZN40_GLOBAL__N__7c3d353b_8_graph_cu_0d2cf95651release_capture_canonical_rms_norm_gemm_bf16_leasesEP21RileyCudaGraphCapture
000000000000bb20 T _ZN40_GLOBAL__N__7c3d353b_8_graph_cu_0d2cf95652ragged_paged_kv_cache_write_bf16_exec_state_is_validEPK18RileyCudaGraphExec
0000000000007a20 T _ZN40_GLOBAL__N__7c3d353b_8_graph_cu_0d2cf95653canonical_rms_norm_gemm_bf16_capture_fields_are_clearEPK21RileyCudaGraphCapture
000000000000b780 T _ZN40_GLOBAL__N__7c3d353b_8_graph_cu_0d2cf95653ragged_paged_kv_cache_write_bf16_graph_state_is_validEPK14RileyCudaGraph
0000000000011310 T _ZN40_GLOBAL__N__7c3d353b_8_graph_cu_0d2cf95653release_graph_ragged_paged_kv_cache_write_bf16_leasesEP16RileyCudaContextP15RileyCudaStreamP21RileyCudaDeviceBufferRK41RileyCudaRaggedPagedKvCacheWriteBf16State
0000000000020d90 T _ZN40_GLOBAL__N__7c3d353b_8_graph_cu_0d2cf95654capture_begin_grouped_ragged_paged_attention_bf16_implEP15RileyCudaStreamP21RileyCudaDeviceBufferS3_S3_S3_S3_S3_S3_S3_S3_mmmmmmmfjmmPKmPP21RileyCudaGraphCaptureP23RileyCudaGraphErrorInfoP18RileyCudaErrorInfo
00000000000080c0 T _ZN40_GLOBAL__N__7c3d353b_8_graph_cu_0d2cf95654ragged_paged_kv_cache_write_bf16_exec_fields_are_clearEPK18RileyCudaGraphExec
000000000000ae00 T _ZN40_GLOBAL__N__7c3d353b_8_graph_cu_0d2cf95654ragged_paged_kv_cache_write_bf16_state_is_valid_commonEP16RileyCudaContextP15RileyCudaStreamP21RileyCudaDeviceBufferRK41RileyCudaRaggedPagedKvCacheWriteBf16Stateb
0000000000002d60 T _ZN40_GLOBAL__N__7c3d353b_8_graph_cu_0d2cf95655graph_grouped_ragged_paged_attention_gqa_shared_kv_bf16EPK13__nv_bfloat16S2_S2_PS0_NS_29GraphRaggedPagedKvDeviceBatchEmmf
000000000000b5d0 T _ZN40_GLOBAL__N__7c3d353b_8_graph_cu_0d2cf95655ragged_paged_kv_cache_write_bf16_capture_state_is_validEPK21RileyCudaGraphCapture
0000000000007ee0 T _ZN40_GLOBAL__N__7c3d353b_8_graph_cu_0d2cf95655ragged_paged_kv_cache_write_bf16_graph_fields_are_clearEPK14RileyCudaGraph
000000000000abc0 T _ZN40_GLOBAL__N__7c3d353b_8_graph_cu_0d2cf95655ragged_paged_kv_cache_write_bf16_state_geometry_matchesERK41RileyCudaRaggedPagedKvCacheWriteBf16StateS2_
000000000000e4c0 T _ZN40_GLOBAL__N__7c3d353b_8_graph_cu_0d2cf95655release_capture_ragged_paged_kv_cache_write_bf16_leasesEP21RileyCudaGraphCapture
0000000000007d00 T _ZN40_GLOBAL__N__7c3d353b_8_graph_cu_0d2cf95657ragged_paged_kv_cache_write_bf16_capture_fields_are_clearEPK21RileyCudaGraphCapture
000000000000cb20 T _ZN40_GLOBAL__N__7c3d353b_8_graph_cu_0d2cf95658canonical_rms_norm_gemm_bf16_prepared_graph_state_is_validEPK14RileyCudaGraph
000000000000aae0 T _ZN40_GLOBAL__N__7c3d353b_8_graph_cu_0d2cf95658ragged_paged_kv_cache_write_bf16_state_has_expected_leasesERK41RileyCudaRaggedPagedKvCacheWriteBf16Stateb
000000000000b950 T _ZN40_GLOBAL__N__7c3d353b_8_graph_cu_0d2cf95662ragged_paged_kv_cache_write_bf16_prepared_graph_state_is_validEPK14RileyCudaGraph
0000000000000000 W _ZN41RileyCudaRaggedPagedKvCacheWriteBf16StateC1Ev
0000000000000000 W _ZN41RileyCudaRaggedPagedKvCacheWriteBf16StateC2Ev
0000000000000000 u _ZZN19riley_cuda_internal18next_graph_exec_idEvE4next
0000000000000000 u _ZZN19riley_cuda_internal19native_thread_tokenEvE5token
0000000000000000 u _ZZN19riley_cuda_internal21next_graph_capture_idEvE4next
0000000000000000 u _ZZN19riley_cuda_internal26thread_command_batch_countEvE5count
0000000000000000 u _ZZN19riley_cuda_internal26thread_graph_capture_ownerEvE5owner
0000000000000000 u _ZZN19riley_cuda_internal32capture_lifecycle_admission_lockEvE4lock
0000000000000000 u _ZZN19riley_cuda_internal33capture_lifecycle_active_capturesEvE15active_captures
0000000000000000 u _ZZN19riley_cuda_internal36capture_lifecycle_pending_lifecyclesEvE18pending_lifecycles
0000000000025bc0 T riley_cuda_graph_capture_abort
00000000000250e0 T riley_cuda_graph_capture_begin
0000000000026920 T riley_cuda_graph_capture_begin_bf16_argmax
00000000000269d0 T riley_cuda_graph_capture_begin_bf16_embedding_status_d2h
0000000000026930 T riley_cuda_graph_capture_begin_bf16_row_gather
0000000000026940 T riley_cuda_graph_capture_begin_bf16_row_gather_argmax
0000000000026950 T riley_cuda_graph_capture_begin_bf16_row_gather_argmax_d2h
0000000000026d10 T riley_cuda_graph_capture_begin_canonical_gemm_bf16
00000000000268c0 T riley_cuda_graph_capture_begin_canonical_rms_norm_bf16
0000000000026da0 T riley_cuda_graph_capture_begin_canonical_rms_norm_gemm_bf16
0000000000026870 T riley_cuda_graph_capture_begin_fill_f32
00000000000268a0 T riley_cuda_graph_capture_begin_gated_multiply_bf16
0000000000026b50 T riley_cuda_graph_capture_begin_grouped_ragged_paged_attention_bf16
0000000000026880 T riley_cuda_graph_capture_begin_h2d
00000000000268f0 T riley_cuda_graph_capture_begin_hf_smollm2_rms_norm_bf16
00000000000269e0 T riley_cuda_graph_capture_begin_indexed_rope_bf16
0000000000026a30 T riley_cuda_graph_capture_begin_indexed_rope_bf16_positions_span
0000000000026990 T riley_cuda_graph_capture_begin_output_parent_d2h
0000000000026c80 T riley_cuda_graph_capture_begin_packed_parent_attention_bf16
0000000000026ac0 T riley_cuda_graph_capture_begin_packed_parent_kv_write_bf16
0000000000026be0 T riley_cuda_graph_capture_begin_parent_layer_attention_bf16
0000000000026a40 T riley_cuda_graph_capture_begin_ragged_paged_kv_cache_write_bf16
00000000000268b0 T riley_cuda_graph_capture_begin_residual_add_bf16
0000000000026d40 T riley_cuda_graph_capture_begin_selected_no_split_gemm_bf16
0000000000026890 T riley_cuda_graph_capture_begin_silu_bf16
0000000000026d70 T riley_cuda_graph_capture_begin_strided_m1_gemm_bf16
0000000000027d30 T riley_cuda_graph_capture_end
0000000000033010 T riley_cuda_graph_capture_enqueue_bf16_argmax
0000000000034e60 T riley_cuda_graph_capture_enqueue_bf16_embedding_status_d2h
00000000000336c0 T riley_cuda_graph_capture_enqueue_bf16_row_gather
0000000000033c20 T riley_cuda_graph_capture_enqueue_bf16_row_gather_argmax
0000000000034240 T riley_cuda_graph_capture_enqueue_bf16_row_gather_argmax_d2h
00000000000277c0 T riley_cuda_graph_capture_enqueue_canonical_gemm_bf16
00000000000323a0 T riley_cuda_graph_capture_enqueue_canonical_rms_norm_bf16
00000000000328c0 T riley_cuda_graph_capture_enqueue_canonical_rms_norm_gemm_bf16
0000000000030330 T riley_cuda_graph_capture_enqueue_fill_f32
0000000000031260 T riley_cuda_graph_capture_enqueue_gated_multiply_bf16
0000000000036ad0 T riley_cuda_graph_capture_enqueue_grouped_ragged_paged_attention_bf16
0000000000026db0 T riley_cuda_graph_capture_enqueue_h2d
0000000000027320 T riley_cuda_graph_capture_enqueue_hf_smollm2_rms_norm_bf16
0000000000035830 T riley_cuda_graph_capture_enqueue_indexed_rope_bf16
0000000000036040 T riley_cuda_graph_capture_enqueue_ragged_paged_kv_cache_write_bf16
0000000000031ac0 T riley_cuda_graph_capture_enqueue_residual_add_bf16
0000000000030ab0 T riley_cuda_graph_capture_enqueue_silu_bf16
0000000000024fd0 T riley_cuda_graph_capture_query_capability
000000000002dd70 T riley_cuda_graph_close
000000000002ef00 T riley_cuda_graph_exec_close
000000000002b4f0 T riley_cuda_graph_exec_launch
000000000002d830 T riley_cuda_graph_exec_read_bf16_embedding_status_d2h_report
000000000002d430 T riley_cuda_graph_exec_read_bf16_row_gather_argmax_d2h_results
000000000002aee0 T riley_cuda_graph_exec_stage_h2d_source
0000000000029690 T riley_cuda_graph_instantiate
000000000002c8f0 T riley_cuda_graph_launch_complete

host_runtime.cu.o:
0000000000000000 W _ZN19riley_cuda_internal14CurrentContext5enterEP18RileyCudaErrorInfojPKcPK21RileyCudaGraphCapture
0000000000000330 T _ZN48_GLOBAL__N__13e29a1a_15_host_runtime_cu_8846207b16device_attributeEi23CUdevice_attribute_enumPjP18RileyCudaErrorInfoPKc
0000000000001ef0 T _ZN48_GLOBAL__N__13e29a1a_15_host_runtime_cu_8846207b16event_close_implEPP14RileyCudaEventP18RileyCudaErrorInfoPK21RileyCudaGraphCapture
0000000000001690 T _ZN48_GLOBAL__N__13e29a1a_15_host_runtime_cu_8846207b17stream_close_implEPP15RileyCudaStreamP18RileyCudaErrorInfoPK21RileyCudaGraphCapture
0000000000000f80 T _ZN48_GLOBAL__N__13e29a1a_15_host_runtime_cu_8846207b18context_close_implEPP16RileyCudaContextP18RileyCudaErrorInfoPK21RileyCudaGraphCapture
0000000000002880 T _ZN48_GLOBAL__N__13e29a1a_15_host_runtime_cu_8846207b20deferred_event_closeEP26RileyCudaDeferredCloseNodePK21RileyCudaGraphCaptureP18RileyCudaErrorInfo
0000000000001d70 T _ZN48_GLOBAL__N__13e29a1a_15_host_runtime_cu_8846207b21deferred_stream_closeEP26RileyCudaDeferredCloseNodePK21RileyCudaGraphCaptureP18RileyCudaErrorInfo
0000000000001510 T _ZN48_GLOBAL__N__13e29a1a_15_host_runtime_cu_8846207b22deferred_context_closeEP26RileyCudaDeferredCloseNodePK21RileyCudaGraphCaptureP18RileyCudaErrorInfo
00000000000002f0 T _ZN48_GLOBAL__N__13e29a1a_15_host_runtime_cu_8846207b33clear_nvidia_environment_snapshotEP34RileyCudaNvidiaEnvironmentSnapshot
00000000000009f0 T _ZN48_GLOBAL__N__13e29a1a_15_host_runtime_cu_8846207b33destroy_event_after_failed_createEP16RileyCudaContextP10CUevent_st
0000000000000510 T _ZN48_GLOBAL__N__13e29a1a_15_host_runtime_cu_8846207b34destroy_stream_after_failed_createEP16RileyCudaContextP11CUstream_st
0000000000000ed0 T _ZN48_GLOBAL__N__13e29a1a_15_host_runtime_cu_8846207b36validate_context_close_preconditionsEP16RileyCudaContextP18RileyCudaErrorInfoPKc
0000000000000000 u _ZZN19riley_cuda_internal19native_thread_tokenEvE5token
0000000000000000 u _ZZN19riley_cuda_internal26CaptureDomainRegistryGuard28capture_domain_registry_lockEvE4lock
0000000000000000 u _ZZN19riley_cuda_internal26thread_command_batch_countEvE5count
0000000000000000 u _ZZN19riley_cuda_internal26thread_graph_capture_ownerEvE5owner
0000000000000000 u _ZZN19riley_cuda_internal28capture_domain_registry_headEvE4head
00000000000068b0 T riley_cuda_context_allocation_stats
0000000000006a30 T riley_cuda_context_close
0000000000003e70 T riley_cuda_context_create
0000000000006ef0 T riley_cuda_context_defer_to_active_capture
0000000000005ce0 T riley_cuda_context_memory_info
0000000000005280 T riley_cuda_context_synchronize
00000000000030b0 T riley_cuda_device_can_access_peer
0000000000002c30 T riley_cuda_device_count
00000000000034f0 T riley_cuda_device_properties
000000000000eef0 T riley_cuda_event_close
000000000000bed0 T riley_cuda_event_create
000000000000ef50 T riley_cuda_event_defer_to_active_capture
000000000000e620 T riley_cuda_event_elapsed_ms
000000000000d4c0 T riley_cuda_event_query
000000000000ca90 T riley_cuda_event_record
000000000000dd60 T riley_cuda_event_synchronize
0000000000002a00 T riley_cuda_nvidia_environment_probe
000000000000b040 T riley_cuda_stream_close
0000000000007ea0 T riley_cuda_stream_command_batch_begin
0000000000008440 T riley_cuda_stream_command_batch_end
0000000000007340 T riley_cuda_stream_create
000000000000baa0 T riley_cuda_stream_defer_to_active_capture
0000000000009230 T riley_cuda_stream_query
0000000000009c40 T riley_cuda_stream_synchronize
000000000000a610 T riley_cuda_stream_wait_event

memory.cu.o:
0000000000000000 W _ZN19riley_cuda_internal14CurrentContext5enterEP18RileyCudaErrorInfojPKcPK21RileyCudaGraphCapture
0000000000000000 W _ZN19riley_cuda_internal14CurrentContext5leaveEiP18RileyCudaErrorInfojPKc
0000000000000000 W _ZN19riley_cuda_internal14CurrentContextD1Ev
0000000000000000 W _ZN19riley_cuda_internal14CurrentContextD2Ev
0000000000000000 W _ZN19riley_cuda_internal26command_batch_register_useEP15RileyCudaStreamPSt6atomicIjEP18RileyCudaErrorInfoPKcS8_
0000000000000000 W _ZN19riley_cuda_internal40release_capture_domain_pending_lifecycleEP22RileyCudaCaptureDomainRSt6atomicIjE
00000000000011a0 T _ZN41_GLOBAL__N__8d3ac5c5_9_memory_cu_e1d71d4411submit_copyEP21RileyCudaDeviceBuffermP25RileyCudaPinnedHostBuffermmP15RileyCudaStream14cudaMemcpyKindPP13RileyCudaCopyP18RileyCudaErrorInfo
0000000000000ec0 T _ZN41_GLOBAL__N__8d3ac5c5_9_memory_cu_e1d71d4411valid_rangeEmmm
0000000000001000 T _ZN41_GLOBAL__N__8d3ac5c5_9_memory_cu_e1d71d4412release_copyERSt6atomicIjE
0000000000000ee0 T _ZN41_GLOBAL__N__8d3ac5c5_9_memory_cu_e1d71d4413publish_errorEP18RileyCudaErrorInfoRKS0_
0000000000001130 T _ZN41_GLOBAL__N__8d3ac5c5_9_memory_cu_e1d71d4415deferred_statusEP13RileyCudaCopyP18RileyCudaErrorInfo
0000000000000fe0 T _ZN41_GLOBAL__N__8d3ac5c5_9_memory_cu_e1d71d4416try_acquire_copyERSt6atomicIjE
00000000000010c0 T _ZN41_GLOBAL__N__8d3ac5c5_9_memory_cu_e1d71d4417release_copy_usesEP13RileyCudaCopy
0000000000000f40 T _ZN41_GLOBAL__N__8d3ac5c5_9_memory_cu_e1d71d4418account_allocationEP16RileyCudaContextRSt6atomicImES4_m
0000000000000f90 T _ZN41_GLOBAL__N__8d3ac5c5_9_memory_cu_e1d71d4418release_allocationEP16RileyCudaContextRSt6atomicImES4_m
0000000000001e10 T _ZN41_GLOBAL__N__8d3ac5c5_9_memory_cu_e1d71d4424device_buffer_close_implEPP21RileyCudaDeviceBufferP18RileyCudaErrorInfoPK21RileyCudaGraphCapture
00000000000025f0 T _ZN41_GLOBAL__N__8d3ac5c5_9_memory_cu_e1d71d4428deferred_device_buffer_closeEP26RileyCudaDeferredCloseNodePK21RileyCudaGraphCaptureP18RileyCudaErrorInfo
0000000000002770 T _ZN41_GLOBAL__N__8d3ac5c5_9_memory_cu_e1d71d4429pinned_host_buffer_close_implEPP25RileyCudaPinnedHostBufferP18RileyCudaErrorInfoPK21RileyCudaGraphCapture
0000000000001060 T _ZN41_GLOBAL__N__8d3ac5c5_9_memory_cu_e1d71d4430preserve_unresolved_allocationEP16RileyCudaContextRSt6atomicImES4_m
0000000000001020 T _ZN41_GLOBAL__N__8d3ac5c5_9_memory_cu_e1d71d4431free_device_after_failed_createEP16RileyCudaContextPv
0000000000001040 T _ZN41_GLOBAL__N__8d3ac5c5_9_memory_cu_e1d71d4431free_pinned_after_failed_createEP16RileyCudaContextPv
0000000000002f50 T _ZN41_GLOBAL__N__8d3ac5c5_9_memory_cu_e1d71d4433deferred_pinned_host_buffer_closeEP26RileyCudaDeferredCloseNodePK21RileyCudaGraphCaptureP18RileyCudaErrorInfo
0000000000000000 u _ZZN19riley_cuda_internal19native_thread_tokenEvE5token
0000000000000000 u _ZZN19riley_cuda_internal26thread_graph_capture_ownerEvE5owner
0000000000000000 u _ZZN19riley_cuda_internal32capture_lifecycle_admission_lockEvE4lock
0000000000000000 u _ZZN19riley_cuda_internal33capture_lifecycle_active_capturesEvE15active_captures
0000000000000000 u _ZZN19riley_cuda_internal36capture_lifecycle_pending_lifecyclesEvE18pending_lifecycles
0000000000006f50 T riley_cuda_command_batch_copy_h2d_async
0000000000008a40 T riley_cuda_copy_close
0000000000007570 T riley_cuda_copy_d2h_async
0000000000006f30 T riley_cuda_copy_h2d_async
00000000000075a0 T riley_cuda_copy_query
0000000000008010 T riley_cuda_copy_synchronize
0000000000003e10 T riley_cuda_device_buffer_close
00000000000030d0 T riley_cuda_device_buffer_create
0000000000004910 T riley_cuda_device_buffer_defer_to_active_capture
0000000000006000 T riley_cuda_pinned_host_buffer_close
0000000000004d40 T riley_cuda_pinned_host_buffer_create
0000000000006b00 T riley_cuda_pinned_host_buffer_defer_to_active_capture
0000000000005d40 T riley_cuda_pinned_host_buffer_read
0000000000005a80 T riley_cuda_pinned_host_buffer_write

primitives.cu.o:
000000000000c6e0 T _Z101__device_stub__ZN46_GLOBAL__N__5cb58a60_13_primitives_cu_c80f5d9f30rope_table_cos_in_place_kernelEPfmPfm
000000000000d460 T _Z111__device_stub__ZN46_GLOBAL__N__5cb58a60_13_primitives_cu_c80f5d9f23cast_bf16_to_f32_kernelEPK13__nv_bfloat16PfmPK13__nv_bfloat16Pfm
000000000000d5a0 T _Z111__device_stub__ZN46_GLOBAL__N__5cb58a60_13_primitives_cu_c80f5d9f23cast_f32_to_bf16_kernelEPKfP13__nv_bfloat16mPKfP13__nv_bfloat16m
000000000000bc00 T _Z119__device_stub__ZN46_GLOBAL__N__5cb58a60_13_primitives_cu_c80f5d9f28row_bias_add_in_place_kernelEP13__nv_bfloat16PKS0_mmP13__nv_bfloat16PKS_mm
000000000000a080 T _Z121__device_stub__ZN46_GLOBAL__N__5cb58a60_13_primitives_cu_c80f5d9f21reset_embedding_errorEP29RileyCudaEmbeddingErrorReportP29RileyCudaEmbeddingErrorReport
000000000000a2f0 T _Z128__device_stub__ZN46_GLOBAL__N__5cb58a60_13_primitives_cu_c80f5d9f24finalize_embedding_errorEPKjmP29RileyCudaEmbeddingErrorReportPKjmP29RileyCudaEmbeddingErrorReport
000000000000a190 T _Z130__device_stub__ZN46_GLOBAL__N__5cb58a60_13_primitives_cu_c80f5d9f25validate_embedding_tokensEPKjmmP29RileyCudaEmbeddingErrorReportPKjmmP29RileyCudaEmbeddingErrorReport
0000000000004810 T _Z21execute_rms_norm_implPK22RileyCudaRmsNormParamsP15RileyCudaStreamP18RileyCudaErrorInfob
0000000000005ea0 T _Z30execute_residual_rms_norm_implPK30RileyCudaResidualRmsNormParamsP15RileyCudaStreamP18RileyCudaErrorInfob
000000000000c5a0 T _Z95__device_stub__ZN46_GLOBAL__N__5cb58a60_13_primitives_cu_c80f5d9f21rope_table_sin_kernelEPKfPfmPKfPfm
0000000000000000 W _ZN19riley_cuda_internal14CurrentContext5enterEP18RileyCudaErrorInfojPKcPK21RileyCudaGraphCapture
0000000000000000 W _ZN19riley_cuda_internal14CurrentContextD1Ev
0000000000000000 W _ZN19riley_cuda_internal14CurrentContextD2Ev
0000000000009fc0 T _ZN19riley_cuda_internal16enqueue_mlp_normEP11CUstream_stPKvS3_Pvmfj
0000000000009f00 T _ZN19riley_cuda_internal20enqueue_mlp_residualEP11CUstream_stPvS2_S2_m
0000000000009dc0 T _ZN19riley_cuda_internal21enqueue_mlp_pointwiseEP11CUstream_stPvS2_S2_S2_m
0000000000009b80 T _ZN19riley_cuda_internal22add_swiglu_graph_nodesEP10CUgraph_stP14CUgraphNode_stS3_PvS4_S4_S4_mPS3_S5_
000000000000a430 T _ZN19riley_cuda_internal24enqueue_decode_embeddingEP11CUstream_stPKvS3_PvS4_mm
000000000000a650 T _ZN19riley_cuda_internal29enqueue_decode_embedding_rowsEP11CUstream_stPKvS3_PvS4_mmm
00000000000046c0 T _ZN19riley_cuda_internal32launch_graph_hf_smollm2_rms_normEPKvS1_PvmP11CUstream_st
0000000000000000 W _ZN19riley_cuda_internal9set_errorEP18RileyCudaErrorInfoiijjPKcS3_
0000000000002da0 T _ZN46_GLOBAL__N__5cb58a60_13_primitives_cu_c80f5d9f10dtype_sizeEi
0000000000003790 T _ZN46_GLOBAL__N__5cb58a60_13_primitives_cu_c80f5d9f11block_countEm
0000000000002cf0 T _ZN46_GLOBAL__N__5cb58a60_13_primitives_cu_c80f5d9f11checked_addEmmPm
0000000000003460 T _ZN46_GLOBAL__N__5cb58a60_13_primitives_cu_c80f5d9f11exact_aliasERKNS_12ResolvedSpanES2_
0000000000002f30 T _ZN46_GLOBAL__N__5cb58a60_13_primitives_cu_c80f5d9f12resolve_spanERK19RileyCudaBufferSpanmPNS_12ResolvedSpanEP18RileyCudaErrorInfoPKc
0000000000000000 W _ZN46_GLOBAL__N__5cb58a60_13_primitives_cu_c80f5d9f13ExclusiveUses7acquireEP18RileyCudaErrorInfoPKc
0000000000002dd0 T _ZN46_GLOBAL__N__5cb58a60_13_primitives_cu_c80f5d9f13element_bytesEmiPmP18RileyCudaErrorInfoPKc
0000000000003fa0 T _ZN46_GLOBAL__N__5cb58a60_13_primitives_cu_c80f5d9f13launch_statusEP18RileyCudaErrorInfoPKc
0000000000003490 T _ZN46_GLOBAL__N__5cb58a60_13_primitives_cu_c80f5d9f14reject_overlapERKNS_12ResolvedSpanES2_bP18RileyCudaErrorInfoPKc
0000000000002dc0 T _ZN46_GLOBAL__N__5cb58a60_13_primitives_cu_c80f5d9f16arithmetic_dtypeEi
0000000000002cb0 T _ZN46_GLOBAL__N__5cb58a60_13_primitives_cu_c80f5d9f16checked_multiplyEmmPm
0000000000002d60 T _ZN46_GLOBAL__N__5cb58a60_13_primitives_cu_c80f5d9f16reserved_is_zeroEPKmm
0000000000003f80 T _ZN46_GLOBAL__N__5cb58a60_13_primitives_cu_c80f5d9f16round_to_storageI13__nv_bfloat16EEff
000000000000c800 T _ZN46_GLOBAL__N__5cb58a60_13_primitives_cu_c80f5d9f17launch_rope_tableERKNS_12ResolvedSpanES2_mP11CUstream_st
0000000000003590 T _ZN46_GLOBAL__N__5cb58a60_13_primitives_cu_c80f5d9f17validate_contextsEP15RileyCudaStreamPKNS_12ResolvedSpanEmP18RileyCudaErrorInfoPKc
00000000000037c0 T _ZN46_GLOBAL__N__5cb58a60_13_primitives_cu_c80f5d9f18complete_executionEPNS_13ExclusiveUsesEPN19riley_cuda_internal14CurrentContextEP15RileyCudaStreamibP18RileyCudaErrorInfoPKcb
00000000000040b0 T _ZN46_GLOBAL__N__5cb58a60_13_primitives_cu_c80f5d9f19prior_launch_statusEP18RileyCudaErrorInfoPKc
0000000000002ba0 T _ZN46_GLOBAL__N__5cb58a60_13_primitives_cu_c80f5d9f21reset_embedding_errorEP29RileyCudaEmbeddingErrorReport
00000000000022d0 T _ZN46_GLOBAL__N__5cb58a60_13_primitives_cu_c80f5d9f21rope_table_sin_kernelEPKfPfm
0000000000002400 T _ZN46_GLOBAL__N__5cb58a60_13_primitives_cu_c80f5d9f23cast_bf16_to_f32_kernelEPK13__nv_bfloat16Pfm
0000000000002530 T _ZN46_GLOBAL__N__5cb58a60_13_primitives_cu_c80f5d9f23cast_f32_to_bf16_kernelEPKfP13__nv_bfloat16m
0000000000002a70 T _ZN46_GLOBAL__N__5cb58a60_13_primitives_cu_c80f5d9f24finalize_embedding_errorEPKjmP29RileyCudaEmbeddingErrorReport
0000000000002910 T _ZN46_GLOBAL__N__5cb58a60_13_primitives_cu_c80f5d9f25validate_embedding_tokensEPKjmmP29RileyCudaEmbeddingErrorReport
000000000000bd60 T _ZN46_GLOBAL__N__5cb58a60_13_primitives_cu_c80f5d9f28launch_row_bias_add_in_placeERKNS_12ResolvedSpanES2_mmP11CUstream_st
0000000000002170 T _ZN46_GLOBAL__N__5cb58a60_13_primitives_cu_c80f5d9f28row_bias_add_in_place_kernelEP13__nv_bfloat16PKS0_mm
0000000000002660 T _ZN46_GLOBAL__N__5cb58a60_13_primitives_cu_c80f5d9f30rope_table_cos_in_place_kernelEPfm
00000000000041c0 T _ZN46_GLOBAL__N__5cb58a60_13_primitives_cu_c80f5d9f35hugging_face_smollm2_rms_norm_blockEm
0000000000004240 T _ZN46_GLOBAL__N__5cb58a60_13_primitives_cu_c80f5d9f36launch_hugging_face_smollm2_rms_normEPKvS1_PvmP11CUstream_st
0000000000002d20 T _ZN46_GLOBAL__N__5cb58a60_13_primitives_cu_c80f5d9f41is_hugging_face_smollm2_rms_norm_contractEimmf
0000000000004390 T _ZN46_GLOBAL__N__5cb58a60_13_primitives_cu_c80f5d9f45launch_hugging_face_smollm2_residual_rms_normERKNS_12ResolvedSpanES2_S2_S2_S2_mP11CUstream_st
0000000000003f20 T _ZN46_GLOBAL__N__5cb58a60_13_primitives_cu_c80f5d9f8load_f32I13__nv_bfloat16EEfPKT_m
0000000000003f00 T _ZN46_GLOBAL__N__5cb58a60_13_primitives_cu_c80f5d9f8load_f32IfEEfPKT_m
0000000000003420 T _ZN46_GLOBAL__N__5cb58a60_13_primitives_cu_c80f5d9f8overlapsERKNS_12ResolvedSpanES2_
0000000000003f60 T _ZN46_GLOBAL__N__5cb58a60_13_primitives_cu_c80f5d9f9store_f32I13__nv_bfloat16EEvPT_mf
0000000000003f40 T _ZN46_GLOBAL__N__5cb58a60_13_primitives_cu_c80f5d9f9store_f32IfEEvPT_mf
0000000000000000 u _ZZN19riley_cuda_internal19native_thread_tokenEvE5token
0000000000000000 u _ZZN19riley_cuda_internal26thread_graph_capture_ownerEvE5owner
000000000000d6e0 T riley_cuda_cast_execute
000000000000a8a0 T riley_cuda_embedding_execute
0000000000007f10 T riley_cuda_gated_multiply_execute
00000000000070f0 T riley_cuda_hugging_face_smollm2_residual_rms_norm_execute
00000000000053f0 T riley_cuda_hugging_face_smollm2_rms_norm_execute
0000000000005460 T riley_cuda_residual_add_execute
0000000000007090 T riley_cuda_residual_rms_norm_execute
0000000000005390 T riley_cuda_rms_norm_execute
0000000000008950 T riley_cuda_rope_execute
000000000000c930 T riley_cuda_rope_table_execute
000000000000be10 T riley_cuda_row_bias_add_in_place_execute
0000000000007160 T riley_cuda_silu_execute

smoke_fill.cu.o:
00000000000031c0 T _Z86__device_stub__ZN46_GLOBAL__N__39d2462c_13_smoke_fill_cu_653c4fe014smoke_fill_f32EPfmfPfmf
0000000000000010 T _ZN46_GLOBAL__N__39d2462c_13_smoke_fill_cu_653c4fe014smoke_fill_f32EPfmf
0000000000000620 T _ZN46_GLOBAL__N__39d2462c_13_smoke_fill_cu_653c4fe018prior_launch_errorEP18RileyCudaErrorInfoPKc
0000000000000740 T _ZN46_GLOBAL__N__39d2462c_13_smoke_fill_cu_653c4fe031free_buffer_after_failed_createEP16RileyCudaContextPf
0000000000000000 u _ZZN19riley_cuda_internal26thread_graph_capture_ownerEvE5owner
0000000000000000 u _ZZN19riley_cuda_internal32capture_lifecycle_admission_lockEvE4lock
0000000000000000 u _ZZN19riley_cuda_internal33capture_lifecycle_active_capturesEvE15active_captures
0000000000000000 u _ZZN19riley_cuda_internal36capture_lifecycle_pending_lifecyclesEvE18pending_lifecycles
00000000000023d0 T riley_cuda_smoke_buffer_close
0000000000000760 T riley_cuda_smoke_buffer_create
0000000000001680 T riley_cuda_smoke_copy_to_host
0000000000003300 T riley_cuda_smoke_fill_launch
0000000000003fb0 T riley_cuda_smoke_invalid_launch

version.cu.o:
0000000000000010 T riley_cuda_abi_version
0000000000000020 T riley_cuda_build_info

flashinfer_prefill.cu.o:
0000000000000000 V DW.ref.__gxx_personality_v0
0000000000000c10 T _Z73__device_stub__ZN24riley_flashinfer_prefill7prepareEPKjPNS_8MetadataEjjPjPKjPN24riley_flashinfer_prefill8MetadataEjjPj
0000000000000000 W _ZN10flashinfer38BatchPrefillWithPagedKVCacheDispatchedILj128ELj64ELj64ELNS_15PosEncodingModeE0ELb0ELNS_8MaskModeE1ENS_16DefaultAttentionILb0ELb0ELb0ELb0EEENS_23BatchPrefillPagedParamsI13__nv_bfloat16S6_S6_iEEEE9cudaErrorT6_PNS9_6DTypeOEPfbP11CUstream_st
0000000000000000 W _ZN10flashinfer5ErrorC1ERKNSt7__cxx1112basic_stringIcSt11char_traitsIcESaIcEEES8_iS8_
0000000000000000 W _ZN10flashinfer5ErrorC2ERKNSt7__cxx1112basic_stringIcSt11char_traitsIcESaIcEEES8_iS8_
0000000000000000 W _ZN10flashinfer5ErrorD0Ev
0000000000000000 W _ZN10flashinfer5ErrorD1Ev
0000000000000000 W _ZN10flashinfer5ErrorD2Ev
0000000000000a80 T _ZN24riley_flashinfer_prefill7prepareEPKjPNS_8MetadataEjjPj
0000000000000000 u _ZN4cuda3std3__419piecewise_constructE
0000000000000000 u _ZN4cuda3std3__45__cpo3endE
0000000000000000 u _ZN4cuda3std3__45__cpo4cendE
0000000000000000 u _ZN4cuda3std3__45__cpo4rendE
0000000000000000 u _ZN4cuda3std3__45__cpo5beginE
0000000000000000 u _ZN4cuda3std3__45__cpo5crendE
0000000000000000 u _ZN4cuda3std3__45__cpo6cbeginE
0000000000000000 u _ZN4cuda3std3__45__cpo6rbeginE
0000000000000000 u _ZN4cuda3std3__45__cpo7crbeginE
0000000000000000 u _ZN4cuda3std3__45__cpo9iter_swapE
0000000000000000 u _ZN4cuda3std6ranges3__45__cpo3endE
0000000000000000 u _ZN4cuda3std6ranges3__45__cpo4cendE
0000000000000000 u _ZN4cuda3std6ranges3__45__cpo4dataE
0000000000000000 u _ZN4cuda3std6ranges3__45__cpo4nextE
0000000000000000 u _ZN4cuda3std6ranges3__45__cpo4prevE
0000000000000000 u _ZN4cuda3std6ranges3__45__cpo4sizeE
0000000000000000 u _ZN4cuda3std6ranges3__45__cpo4swapE
0000000000000000 u _ZN4cuda3std6ranges3__45__cpo5beginE
0000000000000000 u _ZN4cuda3std6ranges3__45__cpo5cdataE
0000000000000000 u _ZN4cuda3std6ranges3__45__cpo5ssizeE
0000000000000000 u _ZN4cuda3std6ranges3__45__cpo6cbeginE
0000000000000000 u _ZN4cuda3std6ranges3__45__cpo7advanceE
0000000000000000 u _ZN4cuda3std6ranges3__45__cpo8distanceE
0000000000000000 u _ZN4cuda3std6ranges3__45__cpo9iter_moveE
0000000000000000 u _ZN4cuda3std6ranges3__45__cpo9iter_swapE
0000000000000000 W _ZNK10flashinfer5Error4whatEv
0000000000000000 W _ZNSt7__cxx1112basic_stringIcSt11char_traitsIcESaIcEEC1IS3_EEPKcRKS3_
0000000000000000 W _ZNSt7__cxx1112basic_stringIcSt11char_traitsIcESaIcEEC2IS3_EEPKcRKS3_
0000000000000000 W _ZNSt7__cxx1115basic_stringbufIcSt11char_traitsIcESaIcEED0Ev
0000000000000000 W _ZNSt7__cxx1115basic_stringbufIcSt11char_traitsIcESaIcEED1Ev
0000000000000000 W _ZNSt7__cxx1115basic_stringbufIcSt11char_traitsIcESaIcEED2Ev
0000000000000000 V _ZTIN10flashinfer5ErrorE
0000000000000000 V _ZTSN10flashinfer5ErrorE
0000000000000000 V _ZTVN10flashinfer5ErrorE
0000000000000d80 T riley_flashinfer_prefill_prepare
0000000000000e50 T riley_flashinfer_prefill_run
0000000000000c00 T riley_flashinfer_prefill_workspace_bytes

flashinfer_decode.cu.o:
0000000000000000 V DW.ref.__gxx_personality_v0
0000000000001d00 T _Z82__device_stub__ZN16riley_flashinfer13scatter_mixedEPKNS_8MetadataEP13__nv_bfloat16PKN16riley_flashinfer8MetadataEP13__nv_bfloat16
0000000000000000 W _ZN10flashinfer25VariableLengthMergeStatesI13__nv_bfloat16S1_iEE9cudaErrorPT_PfPT1_PT0_S5_jPjjjbP11CUstream_st
0000000000000000 W _ZN10flashinfer37BatchDecodeWithPagedKVCacheDispatchedILj64ELNS_15PosEncodingModeE0ENS_16DefaultAttentionILb0ELb0ELb0ELb0EEEN16riley_flashinfer6ParamsEEE9cudaErrorT2_PNS7_6DTypeOEPfbP11CUstream_st
0000000000000000 W _ZN10flashinfer5ErrorC1ERKNSt7__cxx1112basic_stringIcSt11char_traitsIcESaIcEEES8_iS8_
0000000000000000 W _ZN10flashinfer5ErrorC2ERKNSt7__cxx1112basic_stringIcSt11char_traitsIcESaIcEEES8_iS8_
0000000000000000 W _ZN10flashinfer5ErrorD0Ev
0000000000000000 W _ZN10flashinfer5ErrorD1Ev
0000000000000000 W _ZN10flashinfer5ErrorD2Ev
0000000000001590 T _ZN16riley_flashinfer13scatter_mixedEPKNS_8MetadataEP13__nv_bfloat16
0000000000000000 u _ZN4cuda3std3__419piecewise_constructE
0000000000000000 u _ZN4cuda3std3__45__cpo3endE
0000000000000000 u _ZN4cuda3std3__45__cpo4cendE
0000000000000000 u _ZN4cuda3std3__45__cpo4rendE
0000000000000000 u _ZN4cuda3std3__45__cpo5beginE
0000000000000000 u _ZN4cuda3std3__45__cpo5crendE
0000000000000000 u _ZN4cuda3std3__45__cpo6cbeginE
0000000000000000 u _ZN4cuda3std3__45__cpo6rbeginE
0000000000000000 u _ZN4cuda3std3__45__cpo7crbeginE
0000000000000000 u _ZN4cuda3std3__45__cpo9iter_swapE
0000000000000000 u _ZN4cuda3std6ranges3__45__cpo3endE
0000000000000000 u _ZN4cuda3std6ranges3__45__cpo4cendE
0000000000000000 u _ZN4cuda3std6ranges3__45__cpo4dataE
0000000000000000 u _ZN4cuda3std6ranges3__45__cpo4nextE
0000000000000000 u _ZN4cuda3std6ranges3__45__cpo4prevE
0000000000000000 u _ZN4cuda3std6ranges3__45__cpo4sizeE
0000000000000000 u _ZN4cuda3std6ranges3__45__cpo4swapE
0000000000000000 u _ZN4cuda3std6ranges3__45__cpo5beginE
0000000000000000 u _ZN4cuda3std6ranges3__45__cpo5cdataE
0000000000000000 u _ZN4cuda3std6ranges3__45__cpo5ssizeE
0000000000000000 u _ZN4cuda3std6ranges3__45__cpo6cbeginE
0000000000000000 u _ZN4cuda3std6ranges3__45__cpo7advanceE
0000000000000000 u _ZN4cuda3std6ranges3__45__cpo8distanceE
0000000000000000 u _ZN4cuda3std6ranges3__45__cpo9iter_moveE
0000000000000000 u _ZN4cuda3std6ranges3__45__cpo9iter_swapE
0000000000000000 W _ZNK10flashinfer5Error4whatEv
0000000000000000 W _ZNSt7__cxx1112basic_stringIcSt11char_traitsIcESaIcEEC1IS3_EEPKcRKS3_
0000000000000000 W _ZNSt7__cxx1112basic_stringIcSt11char_traitsIcESaIcEEC2IS3_EEPKcRKS3_
0000000000000000 W _ZNSt7__cxx1115basic_stringbufIcSt11char_traitsIcESaIcEED0Ev
0000000000000000 W _ZNSt7__cxx1115basic_stringbufIcSt11char_traitsIcESaIcEED1Ev
0000000000000000 W _ZNSt7__cxx1115basic_stringbufIcSt11char_traitsIcESaIcEED2Ev
0000000000000000 V _ZTIN10flashinfer5ErrorE
0000000000000000 V _ZTSN10flashinfer5ErrorE
0000000000000000 V _ZTVN10flashinfer5ErrorE
00000000000016d0 T riley_flashinfer_decode_prepare
0000000000001e30 T riley_flashinfer_decode_run
00000000000016c0 T riley_flashinfer_decode_workspace_bytes
00000000000019e0 T riley_flashinfer_mixed_prepare
0000000000002050 T riley_flashinfer_mixed_run
