0	0	0	0	0	0
1	0	0	0	0	1
2	0	0	0	0	2
3	0	0	0	1	0
4	0	0	0	1	1
5	0	0	0	1	2
6	0	0	0	2	0
7	0	0	0	2	1
8	0	0	0	2	2
9	0	0	0	3	0
10	0	0	0	3	1
11	0	0	0	3	2
12	0	0	1	0	0
13	0	0	1	0	1
14	0	0	1	0	2
15	0	0	1	1	0
16	0	0	1	1	1
17	0	0	1	1	2
18	0	0	1	2	0
19	0	0	1	2	1
20	0	0	1	2	2
21	0	0	1	3	0
22	0	0	1	3	1
23	0	0	1	3	2
24	0	0	2	0	0
25	0	0	2	0	1
26	0	0	2	0	2
27	0	0	2	1	0
28	0	0	2	1	1
29	0	0	2	1	2
30	0	0	2	2	0
31	0	0	2	2	1
32	0	0	2	2	2
33	0	0	2	3	0
34	0	0	2	3	1
35	0	0	2	3	2
36	0	1	0	0	0
37	0	1	0	0	1
38	0	1	0	0	2
39	0	1	0	1	0
40	0	1	0	1	1
41	0	1	0	1	2
42	0	1	0	2	0
43	0	1	0	2	1
44	0	1	0	2	2
45	0	1	0	3	0
46	0	1	0	3	1
47	0	1	0	3	2
48	0	1	1	0	0
49	0	1	1	0	1
50	0	1	1	0	2
51	0	1	1	1	0
52	0	1	1	1	1
53	0	1	1	1	2
54	0	1	1	2	0
55	0	1	1	2	1
56	0	1	1	2	2
57	0	1	1	3	0
58	0	1	1	3	1
59	0	1	1	3	2
60	0	1	2	0	0
61	0	1	2	0	1
62	0	1	2	0	2
63	0	1	2	1	0
64	0	1	2	1	1
65	0	1	2	1	2
66	0	1	2	2	0
67	0	1	2	2	1
68	0	1	2	2	2
69	0	1	2	3	0
70	0	1	2	3	1
71	0	1	2	3	2
72	0	2	0	0	0
73	0	2	0	0	1
74	0	2	0	0	2
75	0	2	0	1	0
76	0	2	0	1	1
77	0	2	0	1	2
78	0	2	0	2	0
79	0	2	0	2	1
80	0	2	0	2	2
81	0	2	0	3	0
82	0	2	0	3	1
83	0	2	0	3	2
84	0	2	1	0	0
85	0	2	1	0	1
86	0	2	1	0	2
87	0	2	1	1	0
88	0	2	1	1	1
89	0	2	1	1	2
90	0	2	1	2	0
91	0	2	1	2	1
92	0	2	1	2	2
93	0	2	1	3	0
94	0	2	1	3	1
95	0	2	1	3	2
96	0	2	2	0	0
97	0	2	2	0	1
98	0	2	2	0	2
99	0	2	2	1	0
100	0	2	2	1	1
101	0	2	2	1	2
102	0	2	2	2	0
103	0	2	2	2	1
104	0	2	2	2	2
105	0	2	2	3	0
106	0	2	2	3	1
107	0	2	2	3	2
108	0	3	0	0	0
109	0	3	0	0	1
110	0	3	0	0	2
111	0	3	0	1	0
112	0	3	0	1	1
113	0	3	0	1	2
114	0	3	0	2	0
115	0	3	0	2	1
116	0	3	0	2	2
117	0	3	0	3	0
118	0	3	0	3	1
119	0	3	0	3	2
120	0	3	1	0	0
121	0	3	1	0	1
122	0	3	1	0	2
123	0	3	1	1	0
124	0	3	1	1	1
125	0	3	1	1	2
126	0	3	1	2	0
127	0	3	1	2	1
128	0	3	1	2	2
129	0	3	1	3	0
130	0	3	1	3	1
131	0	3	1	3	2
132	0	3	2	0	0
133	0	3	2	0	1
134	0	3	2	0	2
135	0	3	2	1	0
136	0	3	2	1	1
137	0	3	2	1	2
138	0	3	2	2	0
139	0	3	2	2	1
140	0	3	2	2	2
141	0	3	2	3	0
142	0	3	2	3	1
143	0	3	2	3	2
144	0	4	0	0	0
145	0	4	0	0	1
146	0	4	0	0	2
147	0	4	0	1	0
148	0	4	0	1	1
149	0	4	0	1	2
150	0	4	0	2	0
151	0	4	0	2	1
152	0	4	0	2	2
153	0	4	0	3	0
154	0	4	0	3	1
155	0	4	0	3	2
156	0	4	1	0	0
157	0	4	1	0	1
158	0	4	1	0	2
159	0	4	1	1	0
160	0	4	1	1	1
161	0	4	1	1	2
162	0	4	1	2	0
163	0	4	1	2	1
164	0	4	1	2	2
165	0	4	1	3	0
166	0	4	1	3	1
167	0	4	1	3	2
168	0	4	2	0	0
169	0	4	2	0	1
170	0	4	2	0	2
171	0	4	2	1	0
172	0	4	2	1	1
173	0	4	2	1	2
174	0	4	2	2	0
175	0	4	2	2	1
176	0	4	2	2	2
177	0	4	2	3	0
178	0	4	2	3	1
179	0	4	2	3	2
180	0	5	0	0	0
181	0	5	0	0	1
182	0	5	0	0	2
183	0	5	0	1	0
184	0	5	0	1	1
185	0	5	0	1	2
186	0	5	0	2	0
187	0	5	0	2	1
188	0	5	0	2	2
189	0	5	0	3	0
190	0	5	0	3	1
191	0	5	0	3	2
192	0	5	1	0	0
193	0	5	1	0	1
194	0	5	1	0	2
195	0	5	1	1	0
196	0	5	1	1	1
197	0	5	1	1	2
198	0	5	1	2	0
199	0	5	1	2	1
200	0	5	1	2	2
201	0	5	1	3	0
202	0	5	1	3	1
203	0	5	1	3	2
204	0	5	2	0	0
205	0	5	2	0	1
206	0	5	2	0	2
207	0	5	2	1	0
208	0	5	2	1	1
209	0	5	2	1	2
210	0	5	2	2	0
211	0	5	2	2	1
212	0	5	2	2	2
213	0	5	2	3	0
214	0	5	2	3	1
215	0	5	2	3	2
216	0	6	0	0	0
217	0	6	0	0	1
218	0	6	0	0	2
219	0	6	0	1	0
220	0	6	0	1	1
221	0	6	0	1	2
222	0	6	0	2	0
223	0	6	0	2	1
224	0	6	0	2	2
225	0	6	0	3	0
226	0	6	0	3	1
227	0	6	0	3	2
228	0	6	1	0	0
229	0	6	1	0	1
230	0	6	1	0	2
231	0	6	1	1	0
232	0	6	1	1	1
233	0	6	1	1	2
234	0	6	1	2	0
235	0	6	1	2	1
236	0	6	1	2	2
237	0	6	1	3	0
238	0	6	1	3	1
239	0	6	1	3	2
240	0	6	2	0	0
241	0	6	2	0	1
242	0	6	2	0	2
243	0	6	2	1	0
244	0	6	2	1	1
245	0	6	2	1	2
246	0	6	2	2	0
247	0	6	2	2	1
248	0	6	2	2	2
249	0	6	2	3	0
250	0	6	2	3	1
251	0	6	2	3	2
252	0	7	0	0	0
253	0	7	0	0	1
254	0	7	0	0	2
255	0	7	0	1	0
256	0	7	0	1	1
257	0	7	0	1	2
258	0	7	0	2	0
259	0	7	0	2	1
260	0	7	0	2	2
261	0	7	0	3	0
262	0	7	0	3	1
263	0	7	0	3	2
264	0	7	1	0	0
265	0	7	1	0	1
266	0	7	1	0	2
267	0	7	1	1	0
268	0	7	1	1	1
269	0	7	1	1	2
270	0	7	1	2	0
271	0	7	1	2	1
272	0	7	1	2	2
273	0	7	1	3	0
274	0	7	1	3	1
275	0	7	1	3	2
276	0	7	2	0	0
277	0	7	2	0	1
278	0	7	2	0	2
279	0	7	2	1	0
280	0	7	2	1	1
281	0	7	2	1	2
282	0	7	2	2	0
283	0	7	2	2	1
284	0	7	2	2	2
285	0	7	2	3	0
286	0	7	2	3	1
287	0	7	2	3	2
288	0	8	0	0	0
289	0	8	0	0	1
290	0	8	0	0	2
291	0	8	0	1	0
292	0	8	0	1	1
293	0	8	0	1	2
294	0	8	0	2	0
295	0	8	0	2	1
296	0	8	0	2	2
297	0	8	0	3	0
298	0	8	0	3	1
299	0	8	0	3	2
300	0	8	1	0	0
301	0	8	1	0	1
302	0	8	1	0	2
303	0	8	1	1	0
304	0	8	1	1	1
305	0	8	1	1	2
306	0	8	1	2	0
307	0	8	1	2	1
308	0	8	1	2	2
309	0	8	1	3	0
310	0	8	1	3	1
311	0	8	1	3	2
312	0	8	2	0	0
313	0	8	2	0	1
314	0	8	2	0	2
315	0	8	2	1	0
316	0	8	2	1	1
317	0	8	2	1	2
318	0	8	2	2	0
319	0	8	2	2	1
320	0	8	2	2	2
321	0	8	2	3	0
322	0	8	2	3	1
323	0	8	2	3	2
324	0	9	0	0	0
325	0	9	0	0	1
326	0	9	0	0	2
327	0	9	0	1	0
328	0	9	0	1	1
329	0	9	0	1	2
330	0	9	0	2	0
331	0	9	0	2	1
332	0	9	0	2	2
333	0	9	0	3	0
334	0	9	0	3	1
335	0	9	0	3	2
336	0	9	1	0	0
337	0	9	1	0	1
338	0	9	1	0	2
339	0	9	1	1	0
340	0	9	1	1	1
341	0	9	1	1	2
342	0	9	1	2	0
343	0	9	1	2	1
344	0	9	1	2	2
345	0	9	1	3	0
346	0	9	1	3	1
347	0	9	1	3	2
348	0	9	2	0	0
349	0	9	2	0	1
350	0	9	2	0	2
351	0	9	2	1	0
352	0	9	2	1	1
353	0	9	2	1	2
354	0	9	2	2	0
355	0	9	2	2	1
356	0	9	2	2	2
357	0	9	2	3	0
358	0	9	2	3	1
359	0	9	2	3	2
360	0	10	0	0	0
361	0	10	0	0	1
362	0	10	0	0	2
363	0	10	0	1	0
364	0	10	0	1	1
365	0	10	0	1	2
366	0	10	0	2	0
367	0	10	0	2	1
368	0	10	0	2	2
369	0	10	0	3	0
370	0	10	0	3	1
371	0	10	0	3	2
372	0	10	1	0	0
373	0	10	1	0	1
374	0	10	1	0	2
375	0	10	1	1	0
376	0	10	1	1	1
377	0	10	1	1	2
378	0	10	1	2	0
379	0	10	1	2	1
380	0	10	1	2	2
381	0	10	1	3	0
382	0	10	1	3	1
383	0	10	1	3	2
384	0	10	2	0	0
385	0	10	2	0	1
386	0	10	2	0	2
387	0	10	2	1	0
388	0	10	2	1	1
389	0	10	2	1	2
390	0	10	2	2	0
391	0	10	2	2	1
392	0	10	2	2	2
393	0	10	2	3	0
394	0	10	2	3	1
395	0	10	2	3	2
396	0	11	0	0	0
397	0	11	0	0	1
398	0	11	0	0	2
399	0	11	0	1	0
400	0	11	0	1	1
401	0	11	0	1	2
402	0	11	0	2	0
403	0	11	0	2	1
404	0	11	0	2	2
405	0	11	0	3	0
406	0	11	0	3	1
407	0	11	0	3	2
408	0	11	1	0	0
409	0	11	1	0	1
410	0	11	1	0	2
411	0	11	1	1	0
412	0	11	1	1	1
413	0	11	1	1	2
414	0	11	1	2	0
415	0	11	1	2	1
416	0	11	1	2	2
417	0	11	1	3	0
418	0	11	1	3	1
419	0	11	1	3	2
420	0	11	2	0	0
421	0	11	2	0	1
422	0	11	2	0	2
423	0	11	2	1	0
424	0	11	2	1	1
425	0	11	2	1	2
426	0	11	2	2	0
427	0	11	2	2	1
428	0	11	2	2	2
429	0	11	2	3	0
430	0	11	2	3	1
431	0	11	2	3	2
432	0	12	0	0	0
433	0	12	0	0	1
434	0	12	0	0	2
435	0	12	0	1	0
436	0	12	0	1	1
437	0	12	0	1	2
438	0	12	0	2	0
439	0	12	0	2	1
440	0	12	0	2	2
441	0	12	0	3	0
442	0	12	0	3	1
443	0	12	0	3	2
444	0	12	1	0	0
445	0	12	1	0	1
446	0	12	1	0	2
447	0	12	1	1	0
448	0	12	1	1	1
449	0	12	1	1	2
450	0	12	1	2	0
451	0	12	1	2	1
452	0	12	1	2	2
453	0	12	1	3	0
454	0	12	1	3	1
455	0	12	1	3	2
456	0	12	2	0	0
457	0	12	2	0	1
458	0	12	2	0	2
459	0	12	2	1	0
460	0	12	2	1	1
461	0	12	2	1	2
462	0	12	2	2	0
463	0	12	2	2	1
464	0	12	2	2	2
465	0	12	2	3	0
466	0	12	2	3	1
467	0	12	2	3	2
468	0	13	0	0	0
469	0	13	0	0	1
470	0	13	0	0	2
471	0	13	0	1	0
472	0	13	0	1	1
473	0	13	0	1	2
474	0	13	0	2	0
475	0	13	0	2	1
476	0	13	0	2	2
477	0	13	0	3	0
478	0	13	0	3	1
479	0	13	0	3	2
480	0	13	1	0	0
481	0	13	1	0	1
482	0	13	1	0	2
483	0	13	1	1	0
484	0	13	1	1	1
485	0	13	1	1	2
486	0	13	1	2	0
487	0	13	1	2	1
488	0	13	1	2	2
489	0	13	1	3	0
490	0	13	1	3	1
491	0	13	1	3	2
492	0	13	2	0	0
493	0	13	2	0	1
494	0	13	2	0	2
495	0	13	2	1	0
496	0	13	2	1	1
497	0	13	2	1	2
498	0	13	2	2	0
499	0	13	2	2	1
500	0	13	2	2	2
501	0	13	2	3	0
502	0	13	2	3	1
503	0	13	2	3	2
504	0	14	0	0	0
505	0	14	0	0	1
506	0	14	0	0	2
507	0	14	0	1	0
508	0	14	0	1	1
509	0	14	0	1	2
510	0	14	0	2	0
511	0	14	0	2	1
512	0	14	0	2	2
513	0	14	0	3	0
514	0	14	0	3	1
515	0	14	0	3	2
516	0	14	1	0	0
517	0	14	1	0	1
518	0	14	1	0	2
519	0	14	1	1	0
520	0	14	1	1	1
521	0	14	1	1	2
522	0	14	1	2	0
523	0	14	1	2	1
524	0	14	1	2	2
525	0	14	1	3	0
526	0	14	1	3	1
527	0	14	1	3	2
528	0	14	2	0	0
529	0	14	2	0	1
530	0	14	2	0	2
531	0	14	2	1	0
532	0	14	2	1	1
533	0	14	2	1	2
534	0	14	2	2	0
535	0	14	2	2	1
536	0	14	2	2	2
537	0	14	2	3	0
538	0	14	2	3	1
539	0	14	2	3	2
540	0	15	0	0	0
541	0	15	0	0	1
542	0	15	0	0	2
543	0	15	0	1	0
544	0	15	0	1	1
545	0	15	0	1	2
546	0	15	0	2	0
547	0	15	0	2	1
548	0	15	0	2	2
549	0	15	0	3	0
550	0	15	0	3	1
551	0	15	0	3	2
552	0	15	1	0	0
553	0	15	1	0	1
554	0	15	1	0	2
555	0	15	1	1	0
556	0	15	1	1	1
557	0	15	1	1	2
558	0	15	1	2	0
559	0	15	1	2	1
560	0	15	1	2	2
561	0	15	1	3	0
562	0	15	1	3	1
563	0	15	1	3	2
564	0	15	2	0	0
565	0	15	2	0	1
566	0	15	2	0	2
567	0	15	2	1	0
568	0	15	2	1	1
569	0	15	2	1	2
570	0	15	2	2	0
571	0	15	2	2	1
572	0	15	2	2	2
573	0	15	2	3	0
574	0	15	2	3	1
575	0	15	2	3	2
576	0	16	0	0	0
577	0	16	0	0	1
578	0	16	0	0	2
579	0	16	0	1	0
580	0	16	0	1	1
581	0	16	0	1	2
582	0	16	0	2	0
583	0	16	0	2	1
584	0	16	0	2	2
585	0	16	0	3	0
586	0	16	0	3	1
587	0	16	0	3	2
588	0	16	1	0	0
589	0	16	1	0	1
590	0	16	1	0	2
591	0	16	1	1	0
592	0	16	1	1	1
593	0	16	1	1	2
594	0	16	1	2	0
595	0	16	1	2	1
596	0	16	1	2	2
597	0	16	1	3	0
598	0	16	1	3	1
599	0	16	1	3	2
600	0	16	2	0	0
601	0	16	2	0	1
602	0	16	2	0	2
603	0	16	2	1	0
604	0	16	2	1	1
605	0	16	2	1	2
606	0	16	2	2	0
607	0	16	2	2	1
608	0	16	2	2	2
609	0	16	2	3	0
610	0	16	2	3	1
611	0	16	2	3	2
612	0	17	0	0	0
613	0	17	0	0	1
614	0	17	0	0	2
615	0	17	0	1	0
616	0	17	0	1	1
617	0	17	0	1	2
618	0	17	0	2	0
619	0	17	0	2	1
620	0	17	0	2	2
621	0	17	0	3	0
622	0	17	0	3	1
623	0	17	0	3	2
624	0	17	1	0	0
625	0	17	1	0	1
626	0	17	1	0	2
627	0	17	1	1	0
628	0	17	1	1	1
629	0	17	1	1	2
630	0	17	1	2	0
631	0	17	1	2	1
632	0	17	1	2	2
633	0	17	1	3	0
634	0	17	1	3	1
635	0	17	1	3	2
636	0	17	2	0	0
637	0	17	2	0	1
638	0	17	2	0	2
639	0	17	2	1	0
640	0	17	2	1	1
641	0	17	2	1	2
642	0	17	2	2	0
643	0	17	2	2	1
644	0	17	2	2	2
645	0	17	2	3	0
646	0	17	2	3	1
647	0	17	2	3	2
648	0	18	0	0	0
649	0	18	0	0	1
650	0	18	0	0	2
651	0	18	0	1	0
652	0	18	0	1	1
653	0	18	0	1	2
654	0	18	0	2	0
655	0	18	0	2	1
656	0	18	0	2	2
657	0	18	0	3	0
658	0	18	0	3	1
659	0	18	0	3	2
660	0	18	1	0	0
661	0	18	1	0	1
662	0	18	1	0	2
663	0	18	1	1	0
664	0	18	1	1	1
665	0	18	1	1	2
666	0	18	1	2	0
667	0	18	1	2	1
668	0	18	1	2	2
669	0	18	1	3	0
670	0	18	1	3	1
671	0	18	1	3	2
672	0	18	2	0	0
673	0	18	2	0	1
674	0	18	2	0	2
675	0	18	2	1	0
676	0	18	2	1	1
677	0	18	2	1	2
678	0	18	2	2	0
679	0	18	2	2	1
680	0	18	2	2	2
681	0	18	2	3	0
682	0	18	2	3	1
683	0	18	2	3	2
684	0	19	0	0	0
685	0	19	0	0	1
686	0	19	0	0	2
687	0	19	0	1	0
688	0	19	0	1	1
689	0	19	0	1	2
690	0	19	0	2	0
691	0	19	0	2	1
692	0	19	0	2	2
693	0	19	0	3	0
694	0	19	0	3	1
695	0	19	0	3	2
696	0	19	1	0	0
697	0	19	1	0	1
698	0	19	1	0	2
699	0	19	1	1	0
700	0	19	1	1	1
701	0	19	1	1	2
702	0	19	1	2	0
703	0	19	1	2	1
704	0	19	1	2	2
705	0	19	1	3	0
706	0	19	1	3	1
707	0	19	1	3	2
708	0	19	2	0	0
709	0	19	2	0	1
710	0	19	2	0	2
711	0	19	2	1	0
712	0	19	2	1	1
713	0	19	2	1	2
714	0	19	2	2	0
715	0	19	2	2	1
716	0	19	2	2	2
717	0	19	2	3	0
718	0	19	2	3	1
719	0	19	2	3	2
720	0	20	0	0	0
721	0	20	0	0	1
722	0	20	0	0	2
723	0	20	0	1	0
724	0	20	0	1	1
725	0	20	0	1	2
726	0	20	0	2	0
727	0	20	0	2	1
728	0	20	0	2	2
729	0	20	0	3	0
730	0	20	0	3	1
731	0	20	0	3	2
732	0	20	1	0	0
733	0	20	1	0	1
734	0	20	1	0	2
735	0	20	1	1	0
736	0	20	1	1	1
737	0	20	1	1	2
738	0	20	1	2	0
739	0	20	1	2	1
740	0	20	1	2	2
741	0	20	1	3	0
742	0	20	1	3	1
743	0	20	1	3	2
744	0	20	2	0	0
745	0	20	2	0	1
746	0	20	2	0	2
747	0	20	2	1	0
748	0	20	2	1	1
749	0	20	2	1	2
750	0	20	2	2	0
751	0	20	2	2	1
752	0	20	2	2	2
753	0	20	2	3	0
754	0	20	2	3	1
755	0	20	2	3	2
756	0	21	0	0	0
757	0	21	0	0	1
758	0	21	0	0	2
759	0	21	0	1	0
760	0	21	0	1	1
761	0	21	0	1	2
762	0	21	0	2	0
763	0	21	0	2	1
764	0	21	0	2	2
765	0	21	0	3	0
766	0	21	0	3	1
767	0	21	0	3	2
768	0	21	1	0	0
769	0	21	1	0	1
770	0	21	1	0	2
771	0	21	1	1	0
772	0	21	1	1	1
773	0	21	1	1	2
774	0	21	1	2	0
775	0	21	1	2	1
776	0	21	1	2	2
777	0	21	1	3	0
778	0	21	1	3	1
779	0	21	1	3	2
780	0	21	2	0	0
781	0	21	2	0	1
782	0	21	2	0	2
783	0	21	2	1	0
784	0	21	2	1	1
785	0	21	2	1	2
786	0	21	2	2	0
787	0	21	2	2	1
788	0	21	2	2	2
789	0	21	2	3	0
790	0	21	2	3	1
791	0	21	2	3	2
792	0	22	0	0	0
793	0	22	0	0	1
794	0	22	0	0	2
795	0	22	0	1	0
796	0	22	0	1	1
797	0	22	0	1	2
798	0	22	0	2	0
799	0	22	0	2	1
800	0	22	0	2	2
801	0	22	0	3	0
802	0	22	0	3	1
803	0	22	0	3	2
804	0	22	1	0	0
805	0	22	1	0	1
806	0	22	1	0	2
807	0	22	1	1	0
808	0	22	1	1	1
809	0	22	1	1	2
810	0	22	1	2	0
811	0	22	1	2	1
812	0	22	1	2	2
813	0	22	1	3	0
814	0	22	1	3	1
815	0	22	1	3	2
816	0	22	2	0	0
817	0	22	2	0	1
818	0	22	2	0	2
819	0	22	2	1	0
820	0	22	2	1	1
821	0	22	2	1	2
822	0	22	2	2	0
823	0	22	2	2	1
824	0	22	2	2	2
825	0	22	2	3	0
826	0	22	2	3	1
827	0	22	2	3	2
828	0	23	0	0	0
829	0	23	0	0	1
830	0	23	0	0	2
831	0	23	0	1	0
832	0	23	0	1	1
833	0	23	0	1	2
834	0	23	0	2	0
835	0	23	0	2	1
836	0	23	0	2	2
837	0	23	0	3	0
838	0	23	0	3	1
839	0	23	0	3	2
840	0	23	1	0	0
841	0	23	1	0	1
842	0	23	1	0	2
843	0	23	1	1	0
844	0	23	1	1	1
845	0	23	1	1	2
846	0	23	1	2	0
847	0	23	1	2	1
848	0	23	1	2	2
849	0	23	1	3	0
850	0	23	1	3	1
851	0	23	1	3	2
852	0	23	2	0	0
853	0	23	2	0	1
854	0	23	2	0	2
855	0	23	2	1	0
856	0	23	2	1	1
857	0	23	2	1	2
858	0	23	2	2	0
859	0	23	2	2	1
860	0	23	2	2	2
861	0	23	2	3	0
862	0	23	2	3	1
863	0	23	2	3	2
864	0	24	0	0	0
865	0	24	0	0	1
866	0	24	0	0	2
867	0	24	0	1	0
868	0	24	0	1	1
869	0	24	0	1	2
870	0	24	0	2	0
871	0	24	0	2	1
872	0	24	0	2	2
873	0	24	0	3	0
874	0	24	0	3	1
875	0	24	0	3	2
876	0	24	1	0	0
877	0	24	1	0	1
878	0	24	1	0	2
879	0	24	1	1	0
880	0	24	1	1	1
881	0	24	1	1	2
882	0	24	1	2	0
883	0	24	1	2	1
884	0	24	1	2	2
885	0	24	1	3	0
886	0	24	1	3	1
887	0	24	1	3	2
888	0	24	2	0	0
889	0	24	2	0	1
890	0	24	2	0	2
891	0	24	2	1	0
892	0	24	2	1	1
893	0	24	2	1	2
894	0	24	2	2	0
895	0	24	2	2	1
896	0	24	2	2	2
897	0	24	2	3	0
898	0	24	2	3	1
899	0	24	2	3	2
900	0	25	0	0	0
901	0	25	0	0	1
902	0	25	0	0	2
903	0	25	0	1	0
904	0	25	0	1	1
905	0	25	0	1	2
906	0	25	0	2	0
907	0	25	0	2	1
908	0	25	0	2	2
909	0	25	0	3	0
910	0	25	0	3	1
911	0	25	0	3	2
912	0	25	1	0	0
913	0	25	1	0	1
914	0	25	1	0	2
915	0	25	1	1	0
916	0	25	1	1	1
917	0	25	1	1	2
918	0	25	1	2	0
919	0	25	1	2	1
920	0	25	1	2	2
921	0	25	1	3	0
922	0	25	1	3	1
923	0	25	1	3	2
924	0	25	2	0	0
925	0	25	2	0	1
926	0	25	2	0	2
927	0	25	2	1	0
928	0	25	2	1	1
929	0	25	2	1	2
930	0	25	2	2	0
931	0	25	2	2	1
932	0	25	2	2	2
933	0	25	2	3	0
934	0	25	2	3	1
935	0	25	2	3	2
936	0	26	0	0	0
937	0	26	0	0	1
938	0	26	0	0	2
939	0	26	0	1	0
940	0	26	0	1	1
941	0	26	0	1	2
942	0	26	0	2	0
943	0	26	0	2	1
944	0	26	0	2	2
945	0	26	0	3	0
946	0	26	0	3	1
947	0	26	0	3	2
948	0	26	1	0	0
949	0	26	1	0	1
950	0	26	1	0	2
951	0	26	1	1	0
952	0	26	1	1	1
953	0	26	1	1	2
954	0	26	1	2	0
955	0	26	1	2	1
956	0	26	1	2	2
957	0	26	1	3	0
958	0	26	1	3	1
959	0	26	1	3	2
960	0	26	2	0	0
961	0	26	2	0	1
962	0	26	2	0	2
963	0	26	2	1	0
964	0	26	2	1	1
965	0	26	2	1	2
966	0	26	2	2	0
967	0	26	2	2	1
968	0	26	2	2	2
969	0	26	2	3	0
970	0	26	2	3	1
971	0	26	2	3	2
972	0	27	0	0	0
973	0	27	0	0	1
974	0	27	0	0	2
975	0	27	0	1	0
976	0	27	0	1	1
977	0	27	0	1	2
978	0	27	0	2	0
979	0	27	0	2	1
980	0	27	0	2	2
981	0	27	0	3	0
982	0	27	0	3	1
983	0	27	0	3	2
984	0	27	1	0	0
985	0	27	1	0	1
986	0	27	1	0	2
987	0	27	1	1	0
988	0	27	1	1	1
989	0	27	1	1	2
990	0	27	1	2	0
991	0	27	1	2	1
992	0	27	1	2	2
993	0	27	1	3	0
994	0	27	1	3	1
995	0	27	1	3	2
996	0	27	2	0	0
997	0	27	2	0	1
998	0	27	2	0	2
999	0	27	2	1	0
1000	0	27	2	1	1
1001	0	27	2	1	2
1002	0	27	2	2	0
1003	0	27	2	2	1
1004	0	27	2	2	2
1005	0	27	2	3	0
1006	0	27	2	3	1
1007	0	27	2	3	2
1008	0	28	0	0	0
1009	0	28	0	0	1
1010	0	28	0	0	2
1011	0	28	0	1	0
1012	0	28	0	1	1
1013	0	28	0	1	2
1014	0	28	0	2	0
1015	0	28	0	2	1
1016	0	28	0	2	2
1017	0	28	0	3	0
1018	0	28	0	3	1
1019	0	28	0	3	2
1020	0	28	1	0	0
1021	0	28	1	0	1
1022	0	28	1	0	2
1023	0	28	1	1	0
1024	0	28	1	1	1
1025	0	28	1	1	2
1026	0	28	1	2	0
1027	0	28	1	2	1
1028	0	28	1	2	2
1029	0	28	1	3	0
1030	0	28	1	3	1
1031	0	28	1	3	2
1032	0	28	2	0	0
1033	0	28	2	0	1
1034	0	28	2	0	2
1035	0	28	2	1	0
1036	0	28	2	1	1
1037	0	28	2	1	2
1038	0	28	2	2	0
1039	0	28	2	2	1
1040	0	28	2	2	2
1041	0	28	2	3	0
1042	0	28	2	3	1
1043	0	28	2	3	2
1044	0	29	0	0	0
1045	0	29	0	0	1
1046	0	29	0	0	2
1047	0	29	0	1	0
1048	0	29	0	1	1
1049	0	29	0	1	2
1050	0	29	0	2	0
1051	0	29	0	2	1
1052	0	29	0	2	2
1053	0	29	0	3	0
1054	0	29	0	3	1
1055	0	29	0	3	2
1056	0	29	1	0	0
1057	0	29	1	0	1
1058	0	29	1	0	2
1059	0	29	1	1	0
1060	0	29	1	1	1
1061	0	29	1	1	2
1062	0	29	1	2	0
1063	0	29	1	2	1
1064	0	29	1	2	2
1065	0	29	1	3	0
1066	0	29	1	3	1
1067	0	29	1	3	2
1068	0	29	2	0	0
1069	0	29	2	0	1
1070	0	29	2	0	2
1071	0	29	2	1	0
1072	0	29	2	1	1
1073	0	29	2	1	2
1074	0	29	2	2	0
1075	0	29	2	2	1
1076	0	29	2	2	2
1077	0	29	2	3	0
1078	0	29	2	3	1
1079	0	29	2	3	2
1080	0	30	0	0	0
1081	0	30	0	0	1
1082	0	30	0	0	2
1083	0	30	0	1	0
1084	0	30	0	1	1
1085	0	30	0	1	2
1086	0	30	0	2	0
1087	0	30	0	2	1
1088	0	30	0	2	2
1089	0	30	0	3	0
1090	0	30	0	3	1
1091	0	30	0	3	2
1092	0	30	1	0	0
1093	0	30	1	0	1
1094	0	30	1	0	2
1095	0	30	1	1	0
1096	0	30	1	1	1
1097	0	30	1	1	2
1098	0	30	1	2	0
1099	0	30	1	2	1
1100	0	30	1	2	2
1101	0	30	1	3	0
1102	0	30	1	3	1
1103	0	30	1	3	2
1104	0	30	2	0	0
1105	0	30	2	0	1
1106	0	30	2	0	2
1107	0	30	2	1	0
1108	0	30	2	1	1
1109	0	30	2	1	2
1110	0	30	2	2	0
1111	0	30	2	2	1
1112	0	30	2	2	2
1113	0	30	2	3	0
1114	0	30	2	3	1
1115	0	30	2	3	2
1116	0	31	0	0	0
1117	0	31	0	0	1
1118	0	31	0	0	2
1119	0	31	0	1	0
1120	0	31	0	1	1
1121	0	31	0	1	2
1122	0	31	0	2	0
1123	0	31	0	2	1
1124	0	31	0	2	2
1125	0	31	0	3	0
1126	0	31	0	3	1
1127	0	31	0	3	2
1128	0	31	1	0	0
1129	0	31	1	0	1
1130	0	31	1	0	2
1131	0	31	1	1	0
1132	0	31	1	1	1
1133	0	31	1	1	2
1134	0	31	1	2	0
1135	0	31	1	2	1
1136	0	31	1	2	2
1137	0	31	1	3	0
1138	0	31	1	3	1
1139	0	31	1	3	2
1140	0	31	2	0	0
1141	0	31	2	0	1
1142	0	31	2	0	2
1143	0	31	2	1	0
1144	0	31	2	1	1
1145	0	31	2	1	2
1146	0	31	2	2	0
1147	0	31	2	2	1
1148	0	31	2	2	2
1149	0	31	2	3	0
1150	0	31	2	3	1
1151	0	31	2	3	2
1152	1	0	0	0	0
1153	1	0	0	0	1
1154	1	0	0	0	2
1155	1	0	0	1	0
1156	1	0	0	1	1
1157	1	0	0	1	2
1158	1	0	0	2	0
1159	1	0	0	2	1
1160	1	0	0	2	2
1161	1	0	0	3	0
1162	1	0	0	3	1
1163	1	0	0	3	2
1164	1	0	1	0	0
1165	1	0	1	0	1
1166	1	0	1	0	2
1167	1	0	1	1	0
1168	1	0	1	1	1
1169	1	0	1	1	2
1170	1	0	1	2	0
1171	1	0	1	2	1
1172	1	0	1	2	2
1173	1	0	1	3	0
1174	1	0	1	3	1
1175	1	0	1	3	2
1176	1	0	2	0	0
1177	1	0	2	0	1
1178	1	0	2	0	2
1179	1	0	2	1	0
1180	1	0	2	1	1
1181	1	0	2	1	2
1182	1	0	2	2	0
1183	1	0	2	2	1
1184	1	0	2	2	2
1185	1	0	2	3	0
1186	1	0	2	3	1
1187	1	0	2	3	2
1188	1	1	0	0	0
1189	1	1	0	0	1
1190	1	1	0	0	2
1191	1	1	0	1	0
1192	1	1	0	1	1
1193	1	1	0	1	2
1194	1	1	0	2	0
1195	1	1	0	2	1
1196	1	1	0	2	2
1197	1	1	0	3	0
1198	1	1	0	3	1
1199	1	1	0	3	2
1200	1	1	1	0	0
1201	1	1	1	0	1
1202	1	1	1	0	2
1203	1	1	1	1	0
1204	1	1	1	1	1
1205	1	1	1	1	2
1206	1	1	1	2	0
1207	1	1	1	2	1
1208	1	1	1	2	2
1209	1	1	1	3	0
1210	1	1	1	3	1
1211	1	1	1	3	2
1212	1	1	2	0	0
1213	1	1	2	0	1
1214	1	1	2	0	2
1215	1	1	2	1	0
1216	1	1	2	1	1
1217	1	1	2	1	2
1218	1	1	2	2	0
1219	1	1	2	2	1
1220	1	1	2	2	2
1221	1	1	2	3	0
1222	1	1	2	3	1
1223	1	1	2	3	2
1224	1	2	0	0	0
1225	1	2	0	0	1
1226	1	2	0	0	2
1227	1	2	0	1	0
1228	1	2	0	1	1
1229	1	2	0	1	2
1230	1	2	0	2	0
1231	1	2	0	2	1
1232	1	2	0	2	2
1233	1	2	0	3	0
1234	1	2	0	3	1
1235	1	2	0	3	2
1236	1	2	1	0	0
1237	1	2	1	0	1
1238	1	2	1	0	2
1239	1	2	1	1	0
1240	1	2	1	1	1
1241	1	2	1	1	2
1242	1	2	1	2	0
1243	1	2	1	2	1
1244	1	2	1	2	2
1245	1	2	1	3	0
1246	1	2	1	3	1
1247	1	2	1	3	2
1248	1	2	2	0	0
1249	1	2	2	0	1
1250	1	2	2	0	2
1251	1	2	2	1	0
1252	1	2	2	1	1
1253	1	2	2	1	2
1254	1	2	2	2	0
1255	1	2	2	2	1
1256	1	2	2	2	2
1257	1	2	2	3	0
1258	1	2	2	3	1
1259	1	2	2	3	2
1260	1	3	0	0	0
1261	1	3	0	0	1
1262	1	3	0	0	2
1263	1	3	0	1	0
1264	1	3	0	1	1
1265	1	3	0	1	2
1266	1	3	0	2	0
1267	1	3	0	2	1
1268	1	3	0	2	2
1269	1	3	0	3	0
1270	1	3	0	3	1
1271	1	3	0	3	2
1272	1	3	1	0	0
1273	1	3	1	0	1
1274	1	3	1	0	2
1275	1	3	1	1	0
1276	1	3	1	1	1
1277	1	3	1	1	2
1278	1	3	1	2	0
1279	1	3	1	2	1
1280	1	3	1	2	2
1281	1	3	1	3	0
1282	1	3	1	3	1
1283	1	3	1	3	2
1284	1	3	2	0	0
1285	1	3	2	0	1
1286	1	3	2	0	2
1287	1	3	2	1	0
1288	1	3	2	1	1
1289	1	3	2	1	2
1290	1	3	2	2	0
1291	1	3	2	2	1
1292	1	3	2	2	2
1293	1	3	2	3	0
1294	1	3	2	3	1
1295	1	3	2	3	2
1296	1	4	0	0	0
1297	1	4	0	0	1
1298	1	4	0	0	2
1299	1	4	0	1	0
1300	1	4	0	1	1
1301	1	4	0	1	2
1302	1	4	0	2	0
1303	1	4	0	2	1
1304	1	4	0	2	2
1305	1	4	0	3	0
1306	1	4	0	3	1
1307	1	4	0	3	2
1308	1	4	1	0	0
1309	1	4	1	0	1
1310	1	4	1	0	2
1311	1	4	1	1	0
1312	1	4	1	1	1
1313	1	4	1	1	2
1314	1	4	1	2	0
1315	1	4	1	2	1
1316	1	4	1	2	2
1317	1	4	1	3	0
1318	1	4	1	3	1
1319	1	4	1	3	2
1320	1	4	2	0	0
1321	1	4	2	0	1
1322	1	4	2	0	2
1323	1	4	2	1	0
1324	1	4	2	1	1
1325	1	4	2	1	2
1326	1	4	2	2	0
1327	1	4	2	2	1
1328	1	4	2	2	2
1329	1	4	2	3	0
1330	1	4	2	3	1
1331	1	4	2	3	2
1332	1	5	0	0	0
1333	1	5	0	0	1
1334	1	5	0	0	2
1335	1	5	0	1	0
1336	1	5	0	1	1
1337	1	5	0	1	2
1338	1	5	0	2	0
1339	1	5	0	2	1
1340	1	5	0	2	2
1341	1	5	0	3	0
1342	1	5	0	3	1
1343	1	5	0	3	2
1344	1	5	1	0	0
1345	1	5	1	0	1
1346	1	5	1	0	2
1347	1	5	1	1	0
1348	1	5	1	1	1
1349	1	5	1	1	2
1350	1	5	1	2	0
1351	1	5	1	2	1
1352	1	5	1	2	2
1353	1	5	1	3	0
1354	1	5	1	3	1
1355	1	5	1	3	2
1356	1	5	2	0	0
1357	1	5	2	0	1
1358	1	5	2	0	2
1359	1	5	2	1	0
1360	1	5	2	1	1
1361	1	5	2	1	2
1362	1	5	2	2	0
1363	1	5	2	2	1
1364	1	5	2	2	2
1365	1	5	2	3	0
1366	1	5	2	3	1
1367	1	5	2	3	2
1368	1	6	0	0	0
1369	1	6	0	0	1
1370	1	6	0	0	2
1371	1	6	0	1	0
1372	1	6	0	1	1
1373	1	6	0	1	2
1374	1	6	0	2	0
1375	1	6	0	2	1
1376	1	6	0	2	2
1377	1	6	0	3	0
1378	1	6	0	3	1
1379	1	6	0	3	2
1380	1	6	1	0	0
1381	1	6	1	0	1
1382	1	6	1	0	2
1383	1	6	1	1	0
1384	1	6	1	1	1
1385	1	6	1	1	2
1386	1	6	1	2	0
1387	1	6	1	2	1
1388	1	6	1	2	2
1389	1	6	1	3	0
1390	1	6	1	3	1
1391	1	6	1	3	2
1392	1	6	2	0	0
1393	1	6	2	0	1
1394	1	6	2	0	2
1395	1	6	2	1	0
1396	1	6	2	1	1
1397	1	6	2	1	2
1398	1	6	2	2	0
1399	1	6	2	2	1
1400	1	6	2	2	2
1401	1	6	2	3	0
1402	1	6	2	3	1
1403	1	6	2	3	2
1404	1	7	0	0	0
1405	1	7	0	0	1
1406	1	7	0	0	2
1407	1	7	0	1	0
1408	1	7	0	1	1
1409	1	7	0	1	2
1410	1	7	0	2	0
1411	1	7	0	2	1
1412	1	7	0	2	2
1413	1	7	0	3	0
1414	1	7	0	3	1
1415	1	7	0	3	2
1416	1	7	1	0	0
1417	1	7	1	0	1
1418	1	7	1	0	2
1419	1	7	1	1	0
1420	1	7	1	1	1
1421	1	7	1	1	2
1422	1	7	1	2	0
1423	1	7	1	2	1
1424	1	7	1	2	2
1425	1	7	1	3	0
1426	1	7	1	3	1
1427	1	7	1	3	2
1428	1	7	2	0	0
1429	1	7	2	0	1
1430	1	7	2	0	2
1431	1	7	2	1	0
1432	1	7	2	1	1
1433	1	7	2	1	2
1434	1	7	2	2	0
1435	1	7	2	2	1
1436	1	7	2	2	2
1437	1	7	2	3	0
1438	1	7	2	3	1
1439	1	7	2	3	2
1440	1	8	0	0	0
1441	1	8	0	0	1
1442	1	8	0	0	2
1443	1	8	0	1	0
1444	1	8	0	1	1
1445	1	8	0	1	2
1446	1	8	0	2	0
1447	1	8	0	2	1
1448	1	8	0	2	2
1449	1	8	0	3	0
1450	1	8	0	3	1
1451	1	8	0	3	2
1452	1	8	1	0	0
1453	1	8	1	0	1
1454	1	8	1	0	2
1455	1	8	1	1	0
1456	1	8	1	1	1
1457	1	8	1	1	2
1458	1	8	1	2	0
1459	1	8	1	2	1
1460	1	8	1	2	2
1461	1	8	1	3	0
1462	1	8	1	3	1
1463	1	8	1	3	2
1464	1	8	2	0	0
1465	1	8	2	0	1
1466	1	8	2	0	2
1467	1	8	2	1	0
1468	1	8	2	1	1
1469	1	8	2	1	2
1470	1	8	2	2	0
1471	1	8	2	2	1
1472	1	8	2	2	2
1473	1	8	2	3	0
1474	1	8	2	3	1
1475	1	8	2	3	2
1476	1	9	0	0	0
1477	1	9	0	0	1
1478	1	9	0	0	2
1479	1	9	0	1	0
1480	1	9	0	1	1
1481	1	9	0	1	2
1482	1	9	0	2	0
1483	1	9	0	2	1
1484	1	9	0	2	2
1485	1	9	0	3	0
1486	1	9	0	3	1
1487	1	9	0	3	2
1488	1	9	1	0	0
1489	1	9	1	0	1
1490	1	9	1	0	2
1491	1	9	1	1	0
1492	1	9	1	1	1
1493	1	9	1	1	2
1494	1	9	1	2	0
1495	1	9	1	2	1
1496	1	9	1	2	2
1497	1	9	1	3	0
1498	1	9	1	3	1
1499	1	9	1	3	2
1500	1	9	2	0	0
1501	1	9	2	0	1
1502	1	9	2	0	2
1503	1	9	2	1	0
1504	1	9	2	1	1
1505	1	9	2	1	2
1506	1	9	2	2	0
1507	1	9	2	2	1
1508	1	9	2	2	2
1509	1	9	2	3	0
1510	1	9	2	3	1
1511	1	9	2	3	2
1512	1	10	0	0	0
1513	1	10	0	0	1
1514	1	10	0	0	2
1515	1	10	0	1	0
1516	1	10	0	1	1
1517	1	10	0	1	2
1518	1	10	0	2	0
1519	1	10	0	2	1
1520	1	10	0	2	2
1521	1	10	0	3	0
1522	1	10	0	3	1
1523	1	10	0	3	2
1524	1	10	1	0	0
1525	1	10	1	0	1
1526	1	10	1	0	2
1527	1	10	1	1	0
1528	1	10	1	1	1
1529	1	10	1	1	2
1530	1	10	1	2	0
1531	1	10	1	2	1
1532	1	10	1	2	2
1533	1	10	1	3	0
1534	1	10	1	3	1
1535	1	10	1	3	2
1536	1	10	2	0	0
1537	1	10	2	0	1
1538	1	10	2	0	2
1539	1	10	2	1	0
1540	1	10	2	1	1
1541	1	10	2	1	2
1542	1	10	2	2	0
1543	1	10	2	2	1
1544	1	10	2	2	2
1545	1	10	2	3	0
1546	1	10	2	3	1
1547	1	10	2	3	2
1548	1	11	0	0	0
1549	1	11	0	0	1
1550	1	11	0	0	2
1551	1	11	0	1	0
1552	1	11	0	1	1
1553	1	11	0	1	2
1554	1	11	0	2	0
1555	1	11	0	2	1
1556	1	11	0	2	2
1557	1	11	0	3	0
1558	1	11	0	3	1
1559	1	11	0	3	2
1560	1	11	1	0	0
1561	1	11	1	0	1
1562	1	11	1	0	2
1563	1	11	1	1	0
1564	1	11	1	1	1
1565	1	11	1	1	2
1566	1	11	1	2	0
1567	1	11	1	2	1
1568	1	11	1	2	2
1569	1	11	1	3	0
1570	1	11	1	3	1
1571	1	11	1	3	2
1572	1	11	2	0	0
1573	1	11	2	0	1
1574	1	11	2	0	2
1575	1	11	2	1	0
1576	1	11	2	1	1
1577	1	11	2	1	2
1578	1	11	2	2	0
1579	1	11	2	2	1
1580	1	11	2	2	2
1581	1	11	2	3	0
1582	1	11	2	3	1
1583	1	11	2	3	2
1584	1	12	0	0	0
1585	1	12	0	0	1
1586	1	12	0	0	2
1587	1	12	0	1	0
1588	1	12	0	1	1
1589	1	12	0	1	2
1590	1	12	0	2	0
1591	1	12	0	2	1
1592	1	12	0	2	2
1593	1	12	0	3	0
1594	1	12	0	3	1
1595	1	12	0	3	2
1596	1	12	1	0	0
1597	1	12	1	0	1
1598	1	12	1	0	2
1599	1	12	1	1	0
1600	1	12	1	1	1
1601	1	12	1	1	2
1602	1	12	1	2	0
1603	1	12	1	2	1
1604	1	12	1	2	2
1605	1	12	1	3	0
1606	1	12	1	3	1
1607	1	12	1	3	2
1608	1	12	2	0	0
1609	1	12	2	0	1
1610	1	12	2	0	2
1611	1	12	2	1	0
1612	1	12	2	1	1
1613	1	12	2	1	2
1614	1	12	2	2	0
1615	1	12	2	2	1
1616	1	12	2	2	2
1617	1	12	2	3	0
1618	1	12	2	3	1
1619	1	12	2	3	2
1620	1	13	0	0	0
1621	1	13	0	0	1
1622	1	13	0	0	2
1623	1	13	0	1	0
1624	1	13	0	1	1
1625	1	13	0	1	2
1626	1	13	0	2	0
1627	1	13	0	2	1
1628	1	13	0	2	2
1629	1	13	0	3	0
1630	1	13	0	3	1
1631	1	13	0	3	2
1632	1	13	1	0	0
1633	1	13	1	0	1
1634	1	13	1	0	2
1635	1	13	1	1	0
1636	1	13	1	1	1
1637	1	13	1	1	2
1638	1	13	1	2	0
1639	1	13	1	2	1
1640	1	13	1	2	2
1641	1	13	1	3	0
1642	1	13	1	3	1
1643	1	13	1	3	2
1644	1	13	2	0	0
1645	1	13	2	0	1
1646	1	13	2	0	2
1647	1	13	2	1	0
1648	1	13	2	1	1
1649	1	13	2	1	2
1650	1	13	2	2	0
1651	1	13	2	2	1
1652	1	13	2	2	2
1653	1	13	2	3	0
1654	1	13	2	3	1
1655	1	13	2	3	2
1656	1	14	0	0	0
1657	1	14	0	0	1
1658	1	14	0	0	2
1659	1	14	0	1	0
1660	1	14	0	1	1
1661	1	14	0	1	2
1662	1	14	0	2	0
1663	1	14	0	2	1
1664	1	14	0	2	2
1665	1	14	0	3	0
1666	1	14	0	3	1
1667	1	14	0	3	2
1668	1	14	1	0	0
1669	1	14	1	0	1
1670	1	14	1	0	2
1671	1	14	1	1	0
1672	1	14	1	1	1
1673	1	14	1	1	2
1674	1	14	1	2	0
1675	1	14	1	2	1
1676	1	14	1	2	2
1677	1	14	1	3	0
1678	1	14	1	3	1
1679	1	14	1	3	2
1680	1	14	2	0	0
1681	1	14	2	0	1
1682	1	14	2	0	2
1683	1	14	2	1	0
1684	1	14	2	1	1
1685	1	14	2	1	2
1686	1	14	2	2	0
1687	1	14	2	2	1
1688	1	14	2	2	2
1689	1	14	2	3	0
1690	1	14	2	3	1
1691	1	14	2	3	2
1692	1	15	0	0	0
1693	1	15	0	0	1
1694	1	15	0	0	2
1695	1	15	0	1	0
1696	1	15	0	1	1
1697	1	15	0	1	2
1698	1	15	0	2	0
1699	1	15	0	2	1
1700	1	15	0	2	2
1701	1	15	0	3	0
1702	1	15	0	3	1
1703	1	15	0	3	2
1704	1	15	1	0	0
1705	1	15	1	0	1
1706	1	15	1	0	2
1707	1	15	1	1	0
1708	1	15	1	1	1
1709	1	15	1	1	2
1710	1	15	1	2	0
1711	1	15	1	2	1
1712	1	15	1	2	2
1713	1	15	1	3	0
1714	1	15	1	3	1
1715	1	15	1	3	2
1716	1	15	2	0	0
1717	1	15	2	0	1
1718	1	15	2	0	2
1719	1	15	2	1	0
1720	1	15	2	1	1
1721	1	15	2	1	2
1722	1	15	2	2	0
1723	1	15	2	2	1
1724	1	15	2	2	2
1725	1	15	2	3	0
1726	1	15	2	3	1
1727	1	15	2	3	2
1728	1	16	0	0	0
1729	1	16	0	0	1
1730	1	16	0	0	2
1731	1	16	0	1	0
1732	1	16	0	1	1
1733	1	16	0	1	2
1734	1	16	0	2	0
1735	1	16	0	2	1
1736	1	16	0	2	2
1737	1	16	0	3	0
1738	1	16	0	3	1
1739	1	16	0	3	2
1740	1	16	1	0	0
1741	1	16	1	0	1
1742	1	16	1	0	2
1743	1	16	1	1	0
1744	1	16	1	1	1
1745	1	16	1	1	2
1746	1	16	1	2	0
1747	1	16	1	2	1
1748	1	16	1	2	2
1749	1	16	1	3	0
1750	1	16	1	3	1
1751	1	16	1	3	2
1752	1	16	2	0	0
1753	1	16	2	0	1
1754	1	16	2	0	2
1755	1	16	2	1	0
1756	1	16	2	1	1
1757	1	16	2	1	2
1758	1	16	2	2	0
1759	1	16	2	2	1
1760	1	16	2	2	2
1761	1	16	2	3	0
1762	1	16	2	3	1
1763	1	16	2	3	2
1764	1	17	0	0	0
1765	1	17	0	0	1
1766	1	17	0	0	2
1767	1	17	0	1	0
1768	1	17	0	1	1
1769	1	17	0	1	2
1770	1	17	0	2	0
1771	1	17	0	2	1
1772	1	17	0	2	2
1773	1	17	0	3	0
1774	1	17	0	3	1
1775	1	17	0	3	2
1776	1	17	1	0	0
1777	1	17	1	0	1
1778	1	17	1	0	2
1779	1	17	1	1	0
1780	1	17	1	1	1
1781	1	17	1	1	2
1782	1	17	1	2	0
1783	1	17	1	2	1
1784	1	17	1	2	2
1785	1	17	1	3	0
1786	1	17	1	3	1
1787	1	17	1	3	2
1788	1	17	2	0	0
1789	1	17	2	0	1
1790	1	17	2	0	2
1791	1	17	2	1	0
1792	1	17	2	1	1
1793	1	17	2	1	2
1794	1	17	2	2	0
1795	1	17	2	2	1
1796	1	17	2	2	2
1797	1	17	2	3	0
1798	1	17	2	3	1
1799	1	17	2	3	2
1800	1	18	0	0	0
1801	1	18	0	0	1
1802	1	18	0	0	2
1803	1	18	0	1	0
1804	1	18	0	1	1
1805	1	18	0	1	2
1806	1	18	0	2	0
1807	1	18	0	2	1
1808	1	18	0	2	2
1809	1	18	0	3	0
1810	1	18	0	3	1
1811	1	18	0	3	2
1812	1	18	1	0	0
1813	1	18	1	0	1
1814	1	18	1	0	2
1815	1	18	1	1	0
1816	1	18	1	1	1
1817	1	18	1	1	2
1818	1	18	1	2	0
1819	1	18	1	2	1
1820	1	18	1	2	2
1821	1	18	1	3	0
1822	1	18	1	3	1
1823	1	18	1	3	2
1824	1	18	2	0	0
1825	1	18	2	0	1
1826	1	18	2	0	2
1827	1	18	2	1	0
1828	1	18	2	1	1
1829	1	18	2	1	2
1830	1	18	2	2	0
1831	1	18	2	2	1
1832	1	18	2	2	2
1833	1	18	2	3	0
1834	1	18	2	3	1
1835	1	18	2	3	2
1836	1	19	0	0	0
1837	1	19	0	0	1
1838	1	19	0	0	2
1839	1	19	0	1	0
1840	1	19	0	1	1
1841	1	19	0	1	2
1842	1	19	0	2	0
1843	1	19	0	2	1
1844	1	19	0	2	2
1845	1	19	0	3	0
1846	1	19	0	3	1
1847	1	19	0	3	2
1848	1	19	1	0	0
1849	1	19	1	0	1
1850	1	19	1	0	2
1851	1	19	1	1	0
1852	1	19	1	1	1
1853	1	19	1	1	2
1854	1	19	1	2	0
1855	1	19	1	2	1
1856	1	19	1	2	2
1857	1	19	1	3	0
1858	1	19	1	3	1
1859	1	19	1	3	2
1860	1	19	2	0	0
1861	1	19	2	0	1
1862	1	19	2	0	2
1863	1	19	2	1	0
1864	1	19	2	1	1
1865	1	19	2	1	2
1866	1	19	2	2	0
1867	1	19	2	2	1
1868	1	19	2	2	2
1869	1	19	2	3	0
1870	1	19	2	3	1
1871	1	19	2	3	2
1872	1	20	0	0	0
1873	1	20	0	0	1
1874	1	20	0	0	2
1875	1	20	0	1	0
1876	1	20	0	1	1
1877	1	20	0	1	2
1878	1	20	0	2	0
1879	1	20	0	2	1
1880	1	20	0	2	2
1881	1	20	0	3	0
1882	1	20	0	3	1
1883	1	20	0	3	2
1884	1	20	1	0	0
1885	1	20	1	0	1
1886	1	20	1	0	2
1887	1	20	1	1	0
1888	1	20	1	1	1
1889	1	20	1	1	2
1890	1	20	1	2	0
1891	1	20	1	2	1
1892	1	20	1	2	2
1893	1	20	1	3	0
1894	1	20	1	3	1
1895	1	20	1	3	2
1896	1	20	2	0	0
1897	1	20	2	0	1
1898	1	20	2	0	2
1899	1	20	2	1	0
1900	1	20	2	1	1
1901	1	20	2	1	2
1902	1	20	2	2	0
1903	1	20	2	2	1
1904	1	20	2	2	2
1905	1	20	2	3	0
1906	1	20	2	3	1
1907	1	20	2	3	2
1908	1	21	0	0	0
1909	1	21	0	0	1
1910	1	21	0	0	2
1911	1	21	0	1	0
1912	1	21	0	1	1
1913	1	21	0	1	2
1914	1	21	0	2	0
1915	1	21	0	2	1
1916	1	21	0	2	2
1917	1	21	0	3	0
1918	1	21	0	3	1
1919	1	21	0	3	2
1920	1	21	1	0	0
1921	1	21	1	0	1
1922	1	21	1	0	2
1923	1	21	1	1	0
1924	1	21	1	1	1
1925	1	21	1	1	2
1926	1	21	1	2	0
1927	1	21	1	2	1
1928	1	21	1	2	2
1929	1	21	1	3	0
1930	1	21	1	3	1
1931	1	21	1	3	2
1932	1	21	2	0	0
1933	1	21	2	0	1
1934	1	21	2	0	2
1935	1	21	2	1	0
1936	1	21	2	1	1
1937	1	21	2	1	2
1938	1	21	2	2	0
1939	1	21	2	2	1
1940	1	21	2	2	2
1941	1	21	2	3	0
1942	1	21	2	3	1
1943	1	21	2	3	2
1944	1	22	0	0	0
1945	1	22	0	0	1
1946	1	22	0	0	2
1947	1	22	0	1	0
1948	1	22	0	1	1
1949	1	22	0	1	2
1950	1	22	0	2	0
1951	1	22	0	2	1
1952	1	22	0	2	2
1953	1	22	0	3	0
1954	1	22	0	3	1
1955	1	22	0	3	2
1956	1	22	1	0	0
1957	1	22	1	0	1
1958	1	22	1	0	2
1959	1	22	1	1	0
1960	1	22	1	1	1
1961	1	22	1	1	2
1962	1	22	1	2	0
1963	1	22	1	2	1
1964	1	22	1	2	2
1965	1	22	1	3	0
1966	1	22	1	3	1
1967	1	22	1	3	2
1968	1	22	2	0	0
1969	1	22	2	0	1
1970	1	22	2	0	2
1971	1	22	2	1	0
1972	1	22	2	1	1
1973	1	22	2	1	2
1974	1	22	2	2	0
1975	1	22	2	2	1
1976	1	22	2	2	2
1977	1	22	2	3	0
1978	1	22	2	3	1
1979	1	22	2	3	2
1980	1	23	0	0	0
1981	1	23	0	0	1
1982	1	23	0	0	2
1983	1	23	0	1	0
1984	1	23	0	1	1
1985	1	23	0	1	2
1986	1	23	0	2	0
1987	1	23	0	2	1
1988	1	23	0	2	2
1989	1	23	0	3	0
1990	1	23	0	3	1
1991	1	23	0	3	2
1992	1	23	1	0	0
1993	1	23	1	0	1
1994	1	23	1	0	2
1995	1	23	1	1	0
1996	1	23	1	1	1
1997	1	23	1	1	2
1998	1	23	1	2	0
1999	1	23	1	2	1
2000	1	23	1	2	2
2001	1	23	1	3	0
2002	1	23	1	3	1
2003	1	23	1	3	2
2004	1	23	2	0	0
2005	1	23	2	0	1
2006	1	23	2	0	2
2007	1	23	2	1	0
2008	1	23	2	1	1
2009	1	23	2	1	2
2010	1	23	2	2	0
2011	1	23	2	2	1
2012	1	23	2	2	2
2013	1	23	2	3	0
2014	1	23	2	3	1
2015	1	23	2	3	2
2016	1	24	0	0	0
2017	1	24	0	0	1
2018	1	24	0	0	2
2019	1	24	0	1	0
2020	1	24	0	1	1
2021	1	24	0	1	2
2022	1	24	0	2	0
2023	1	24	0	2	1
2024	1	24	0	2	2
2025	1	24	0	3	0
2026	1	24	0	3	1
2027	1	24	0	3	2
2028	1	24	1	0	0
2029	1	24	1	0	1
2030	1	24	1	0	2
2031	1	24	1	1	0
2032	1	24	1	1	1
2033	1	24	1	1	2
2034	1	24	1	2	0
2035	1	24	1	2	1
2036	1	24	1	2	2
2037	1	24	1	3	0
2038	1	24	1	3	1
2039	1	24	1	3	2
2040	1	24	2	0	0
2041	1	24	2	0	1
2042	1	24	2	0	2
2043	1	24	2	1	0
2044	1	24	2	1	1
2045	1	24	2	1	2
2046	1	24	2	2	0
2047	1	24	2	2	1
2048	1	24	2	2	2
2049	1	24	2	3	0
2050	1	24	2	3	1
2051	1	24	2	3	2
2052	1	25	0	0	0
2053	1	25	0	0	1
2054	1	25	0	0	2
2055	1	25	0	1	0
2056	1	25	0	1	1
2057	1	25	0	1	2
2058	1	25	0	2	0
2059	1	25	0	2	1
2060	1	25	0	2	2
2061	1	25	0	3	0
2062	1	25	0	3	1
2063	1	25	0	3	2
2064	1	25	1	0	0
2065	1	25	1	0	1
2066	1	25	1	0	2
2067	1	25	1	1	0
2068	1	25	1	1	1
2069	1	25	1	1	2
2070	1	25	1	2	0
2071	1	25	1	2	1
2072	1	25	1	2	2
2073	1	25	1	3	0
2074	1	25	1	3	1
2075	1	25	1	3	2
2076	1	25	2	0	0
2077	1	25	2	0	1
2078	1	25	2	0	2
2079	1	25	2	1	0
2080	1	25	2	1	1
2081	1	25	2	1	2
2082	1	25	2	2	0
2083	1	25	2	2	1
2084	1	25	2	2	2
2085	1	25	2	3	0
2086	1	25	2	3	1
2087	1	25	2	3	2
2088	1	26	0	0	0
2089	1	26	0	0	1
2090	1	26	0	0	2
2091	1	26	0	1	0
2092	1	26	0	1	1
2093	1	26	0	1	2
2094	1	26	0	2	0
2095	1	26	0	2	1
2096	1	26	0	2	2
2097	1	26	0	3	0
2098	1	26	0	3	1
2099	1	26	0	3	2
2100	1	26	1	0	0
2101	1	26	1	0	1
2102	1	26	1	0	2
2103	1	26	1	1	0
2104	1	26	1	1	1
2105	1	26	1	1	2
2106	1	26	1	2	0
2107	1	26	1	2	1
2108	1	26	1	2	2
2109	1	26	1	3	0
2110	1	26	1	3	1
2111	1	26	1	3	2
2112	1	26	2	0	0
2113	1	26	2	0	1
2114	1	26	2	0	2
2115	1	26	2	1	0
2116	1	26	2	1	1
2117	1	26	2	1	2
2118	1	26	2	2	0
2119	1	26	2	2	1
2120	1	26	2	2	2
2121	1	26	2	3	0
2122	1	26	2	3	1
2123	1	26	2	3	2
2124	1	27	0	0	0
2125	1	27	0	0	1
2126	1	27	0	0	2
2127	1	27	0	1	0
2128	1	27	0	1	1
2129	1	27	0	1	2
2130	1	27	0	2	0
2131	1	27	0	2	1
2132	1	27	0	2	2
2133	1	27	0	3	0
2134	1	27	0	3	1
2135	1	27	0	3	2
2136	1	27	1	0	0
2137	1	27	1	0	1
2138	1	27	1	0	2
2139	1	27	1	1	0
2140	1	27	1	1	1
2141	1	27	1	1	2
2142	1	27	1	2	0
2143	1	27	1	2	1
2144	1	27	1	2	2
2145	1	27	1	3	0
2146	1	27	1	3	1
2147	1	27	1	3	2
2148	1	27	2	0	0
2149	1	27	2	0	1
2150	1	27	2	0	2
2151	1	27	2	1	0
2152	1	27	2	1	1
2153	1	27	2	1	2
2154	1	27	2	2	0
2155	1	27	2	2	1
2156	1	27	2	2	2
2157	1	27	2	3	0
2158	1	27	2	3	1
2159	1	27	2	3	2
2160	1	28	0	0	0
2161	1	28	0	0	1
2162	1	28	0	0	2
2163	1	28	0	1	0
2164	1	28	0	1	1
2165	1	28	0	1	2
2166	1	28	0	2	0
2167	1	28	0	2	1
2168	1	28	0	2	2
2169	1	28	0	3	0
2170	1	28	0	3	1
2171	1	28	0	3	2
2172	1	28	1	0	0
2173	1	28	1	0	1
2174	1	28	1	0	2
2175	1	28	1	1	0
2176	1	28	1	1	1
2177	1	28	1	1	2
2178	1	28	1	2	0
2179	1	28	1	2	1
2180	1	28	1	2	2
2181	1	28	1	3	0
2182	1	28	1	3	1
2183	1	28	1	3	2
2184	1	28	2	0	0
2185	1	28	2	0	1
2186	1	28	2	0	2
2187	1	28	2	1	0
2188	1	28	2	1	1
2189	1	28	2	1	2
2190	1	28	2	2	0
2191	1	28	2	2	1
2192	1	28	2	2	2
2193	1	28	2	3	0
2194	1	28	2	3	1
2195	1	28	2	3	2
2196	1	29	0	0	0
2197	1	29	0	0	1
2198	1	29	0	0	2
2199	1	29	0	1	0
2200	1	29	0	1	1
2201	1	29	0	1	2
2202	1	29	0	2	0
2203	1	29	0	2	1
2204	1	29	0	2	2
2205	1	29	0	3	0
2206	1	29	0	3	1
2207	1	29	0	3	2
2208	1	29	1	0	0
2209	1	29	1	0	1
2210	1	29	1	0	2
2211	1	29	1	1	0
2212	1	29	1	1	1
2213	1	29	1	1	2
2214	1	29	1	2	0
2215	1	29	1	2	1
2216	1	29	1	2	2
2217	1	29	1	3	0
2218	1	29	1	3	1
2219	1	29	1	3	2
2220	1	29	2	0	0
2221	1	29	2	0	1
2222	1	29	2	0	2
2223	1	29	2	1	0
2224	1	29	2	1	1
2225	1	29	2	1	2
2226	1	29	2	2	0
2227	1	29	2	2	1
2228	1	29	2	2	2
2229	1	29	2	3	0
2230	1	29	2	3	1
2231	1	29	2	3	2
2232	1	30	0	0	0
2233	1	30	0	0	1
2234	1	30	0	0	2
2235	1	30	0	1	0
2236	1	30	0	1	1
2237	1	30	0	1	2
2238	1	30	0	2	0
2239	1	30	0	2	1
2240	1	30	0	2	2
2241	1	30	0	3	0
2242	1	30	0	3	1
2243	1	30	0	3	2
2244	1	30	1	0	0
2245	1	30	1	0	1
2246	1	30	1	0	2
2247	1	30	1	1	0
2248	1	30	1	1	1
2249	1	30	1	1	2
2250	1	30	1	2	0
2251	1	30	1	2	1
2252	1	30	1	2	2
2253	1	30	1	3	0
2254	1	30	1	3	1
2255	1	30	1	3	2
2256	1	30	2	0	0
2257	1	30	2	0	1
2258	1	30	2	0	2
2259	1	30	2	1	0
2260	1	30	2	1	1
2261	1	30	2	1	2
2262	1	30	2	2	0
2263	1	30	2	2	1
2264	1	30	2	2	2
2265	1	30	2	3	0
2266	1	30	2	3	1
2267	1	30	2	3	2
2268	1	31	0	0	0
2269	1	31	0	0	1
2270	1	31	0	0	2
2271	1	31	0	1	0
2272	1	31	0	1	1
2273	1	31	0	1	2
2274	1	31	0	2	0
2275	1	31	0	2	1
2276	1	31	0	2	2
2277	1	31	0	3	0
2278	1	31	0	3	1
2279	1	31	0	3	2
2280	1	31	1	0	0
2281	1	31	1	0	1
2282	1	31	1	0	2
2283	1	31	1	1	0
2284	1	31	1	1	1
2285	1	31	1	1	2
2286	1	31	1	2	0
2287	1	31	1	2	1
2288	1	31	1	2	2
2289	1	31	1	3	0
2290	1	31	1	3	1
2291	1	31	1	3	2
2292	1	31	2	0	0
2293	1	31	2	0	1
2294	1	31	2	0	2
2295	1	31	2	1	0
2296	1	31	2	1	1
2297	1	31	2	1	2
2298	1	31	2	2	0
2299	1	31	2	2	1
2300	1	31	2	2	2
2301	1	31	2	3	0
2302	1	31	2	3	1
2303	1	31	2	3	2
2304	2	0	0	0	0
2305	2	0	0	0	1
2306	2	0	0	0	2
2307	2	0	0	1	0
2308	2	0	0	1	1
2309	2	0	0	1	2
2310	2	0	0	2	0
2311	2	0	0	2	1
2312	2	0	0	2	2
2313	2	0	0	3	0
2314	2	0	0	3	1
2315	2	0	0	3	2
2316	2	0	1	0	0
2317	2	0	1	0	1
2318	2	0	1	0	2
2319	2	0	1	1	0
2320	2	0	1	1	1
2321	2	0	1	1	2
2322	2	0	1	2	0
2323	2	0	1	2	1
2324	2	0	1	2	2
2325	2	0	1	3	0
2326	2	0	1	3	1
2327	2	0	1	3	2
2328	2	0	2	0	0
2329	2	0	2	0	1
2330	2	0	2	0	2
2331	2	0	2	1	0
2332	2	0	2	1	1
2333	2	0	2	1	2
2334	2	0	2	2	0
2335	2	0	2	2	1
2336	2	0	2	2	2
2337	2	0	2	3	0
2338	2	0	2	3	1
2339	2	0	2	3	2
2340	2	1	0	0	0
2341	2	1	0	0	1
2342	2	1	0	0	2
2343	2	1	0	1	0
2344	2	1	0	1	1
2345	2	1	0	1	2
2346	2	1	0	2	0
2347	2	1	0	2	1
2348	2	1	0	2	2
2349	2	1	0	3	0
2350	2	1	0	3	1
2351	2	1	0	3	2
2352	2	1	1	0	0
2353	2	1	1	0	1
2354	2	1	1	0	2
2355	2	1	1	1	0
2356	2	1	1	1	1
2357	2	1	1	1	2
2358	2	1	1	2	0
2359	2	1	1	2	1
2360	2	1	1	2	2
2361	2	1	1	3	0
2362	2	1	1	3	1
2363	2	1	1	3	2
2364	2	1	2	0	0
2365	2	1	2	0	1
2366	2	1	2	0	2
2367	2	1	2	1	0
2368	2	1	2	1	1
2369	2	1	2	1	2
2370	2	1	2	2	0
2371	2	1	2	2	1
2372	2	1	2	2	2
2373	2	1	2	3	0
2374	2	1	2	3	1
2375	2	1	2	3	2
2376	2	2	0	0	0
2377	2	2	0	0	1
2378	2	2	0	0	2
2379	2	2	0	1	0
2380	2	2	0	1	1
2381	2	2	0	1	2
2382	2	2	0	2	0
2383	2	2	0	2	1
2384	2	2	0	2	2
2385	2	2	0	3	0
2386	2	2	0	3	1
2387	2	2	0	3	2
2388	2	2	1	0	0
2389	2	2	1	0	1
2390	2	2	1	0	2
2391	2	2	1	1	0
2392	2	2	1	1	1
2393	2	2	1	1	2
2394	2	2	1	2	0
2395	2	2	1	2	1
2396	2	2	1	2	2
2397	2	2	1	3	0
2398	2	2	1	3	1
2399	2	2	1	3	2
2400	2	2	2	0	0
2401	2	2	2	0	1
2402	2	2	2	0	2
2403	2	2	2	1	0
2404	2	2	2	1	1
2405	2	2	2	1	2
2406	2	2	2	2	0
2407	2	2	2	2	1
2408	2	2	2	2	2
2409	2	2	2	3	0
2410	2	2	2	3	1
2411	2	2	2	3	2
2412	2	3	0	0	0
2413	2	3	0	0	1
2414	2	3	0	0	2
2415	2	3	0	1	0
2416	2	3	0	1	1
2417	2	3	0	1	2
2418	2	3	0	2	0
2419	2	3	0	2	1
2420	2	3	0	2	2
2421	2	3	0	3	0
2422	2	3	0	3	1
2423	2	3	0	3	2
2424	2	3	1	0	0
2425	2	3	1	0	1
2426	2	3	1	0	2
2427	2	3	1	1	0
2428	2	3	1	1	1
2429	2	3	1	1	2
2430	2	3	1	2	0
2431	2	3	1	2	1
2432	2	3	1	2	2
2433	2	3	1	3	0
2434	2	3	1	3	1
2435	2	3	1	3	2
2436	2	3	2	0	0
2437	2	3	2	0	1
2438	2	3	2	0	2
2439	2	3	2	1	0
2440	2	3	2	1	1
2441	2	3	2	1	2
2442	2	3	2	2	0
2443	2	3	2	2	1
2444	2	3	2	2	2
2445	2	3	2	3	0
2446	2	3	2	3	1
2447	2	3	2	3	2
2448	2	4	0	0	0
2449	2	4	0	0	1
2450	2	4	0	0	2
2451	2	4	0	1	0
2452	2	4	0	1	1
2453	2	4	0	1	2
2454	2	4	0	2	0
2455	2	4	0	2	1
2456	2	4	0	2	2
2457	2	4	0	3	0
2458	2	4	0	3	1
2459	2	4	0	3	2
2460	2	4	1	0	0
2461	2	4	1	0	1
2462	2	4	1	0	2
2463	2	4	1	1	0
2464	2	4	1	1	1
2465	2	4	1	1	2
2466	2	4	1	2	0
2467	2	4	1	2	1
2468	2	4	1	2	2
2469	2	4	1	3	0
2470	2	4	1	3	1
2471	2	4	1	3	2
2472	2	4	2	0	0
2473	2	4	2	0	1
2474	2	4	2	0	2
2475	2	4	2	1	0
2476	2	4	2	1	1
2477	2	4	2	1	2
2478	2	4	2	2	0
2479	2	4	2	2	1
2480	2	4	2	2	2
2481	2	4	2	3	0
2482	2	4	2	3	1
2483	2	4	2	3	2
2484	2	5	0	0	0
2485	2	5	0	0	1
2486	2	5	0	0	2
2487	2	5	0	1	0
2488	2	5	0	1	1
2489	2	5	0	1	2
2490	2	5	0	2	0
2491	2	5	0	2	1
2492	2	5	0	2	2
2493	2	5	0	3	0
2494	2	5	0	3	1
2495	2	5	0	3	2
2496	2	5	1	0	0
2497	2	5	1	0	1
2498	2	5	1	0	2
2499	2	5	1	1	0
2500	2	5	1	1	1
2501	2	5	1	1	2
2502	2	5	1	2	0
2503	2	5	1	2	1
2504	2	5	1	2	2
2505	2	5	1	3	0
2506	2	5	1	3	1
2507	2	5	1	3	2
2508	2	5	2	0	0
2509	2	5	2	0	1
2510	2	5	2	0	2
2511	2	5	2	1	0
2512	2	5	2	1	1
2513	2	5	2	1	2
2514	2	5	2	2	0
2515	2	5	2	2	1
2516	2	5	2	2	2
2517	2	5	2	3	0
2518	2	5	2	3	1
2519	2	5	2	3	2
2520	2	6	0	0	0
2521	2	6	0	0	1
2522	2	6	0	0	2
2523	2	6	0	1	0
2524	2	6	0	1	1
2525	2	6	0	1	2
2526	2	6	0	2	0
2527	2	6	0	2	1
2528	2	6	0	2	2
2529	2	6	0	3	0
2530	2	6	0	3	1
2531	2	6	0	3	2
2532	2	6	1	0	0
2533	2	6	1	0	1
2534	2	6	1	0	2
2535	2	6	1	1	0
2536	2	6	1	1	1
2537	2	6	1	1	2
2538	2	6	1	2	0
2539	2	6	1	2	1
2540	2	6	1	2	2
2541	2	6	1	3	0
2542	2	6	1	3	1
2543	2	6	1	3	2
2544	2	6	2	0	0
2545	2	6	2	0	1
2546	2	6	2	0	2
2547	2	6	2	1	0
2548	2	6	2	1	1
2549	2	6	2	1	2
2550	2	6	2	2	0
2551	2	6	2	2	1
2552	2	6	2	2	2
2553	2	6	2	3	0
2554	2	6	2	3	1
2555	2	6	2	3	2
2556	2	7	0	0	0
2557	2	7	0	0	1
2558	2	7	0	0	2
2559	2	7	0	1	0
2560	2	7	0	1	1
2561	2	7	0	1	2
2562	2	7	0	2	0
2563	2	7	0	2	1
2564	2	7	0	2	2
2565	2	7	0	3	0
2566	2	7	0	3	1
2567	2	7	0	3	2
2568	2	7	1	0	0
2569	2	7	1	0	1
2570	2	7	1	0	2
2571	2	7	1	1	0
2572	2	7	1	1	1
2573	2	7	1	1	2
2574	2	7	1	2	0
2575	2	7	1	2	1
2576	2	7	1	2	2
2577	2	7	1	3	0
2578	2	7	1	3	1
2579	2	7	1	3	2
2580	2	7	2	0	0
2581	2	7	2	0	1
2582	2	7	2	0	2
2583	2	7	2	1	0
2584	2	7	2	1	1
2585	2	7	2	1	2
2586	2	7	2	2	0
2587	2	7	2	2	1
2588	2	7	2	2	2
2589	2	7	2	3	0
2590	2	7	2	3	1
2591	2	7	2	3	2
2592	2	8	0	0	0
2593	2	8	0	0	1
2594	2	8	0	0	2
2595	2	8	0	1	0
2596	2	8	0	1	1
2597	2	8	0	1	2
2598	2	8	0	2	0
2599	2	8	0	2	1
2600	2	8	0	2	2
2601	2	8	0	3	0
2602	2	8	0	3	1
2603	2	8	0	3	2
2604	2	8	1	0	0
2605	2	8	1	0	1
2606	2	8	1	0	2
2607	2	8	1	1	0
2608	2	8	1	1	1
2609	2	8	1	1	2
2610	2	8	1	2	0
2611	2	8	1	2	1
2612	2	8	1	2	2
2613	2	8	1	3	0
2614	2	8	1	3	1
2615	2	8	1	3	2
2616	2	8	2	0	0
2617	2	8	2	0	1
2618	2	8	2	0	2
2619	2	8	2	1	0
2620	2	8	2	1	1
2621	2	8	2	1	2
2622	2	8	2	2	0
2623	2	8	2	2	1
2624	2	8	2	2	2
2625	2	8	2	3	0
2626	2	8	2	3	1
2627	2	8	2	3	2
2628	2	9	0	0	0
2629	2	9	0	0	1
2630	2	9	0	0	2
2631	2	9	0	1	0
2632	2	9	0	1	1
2633	2	9	0	1	2
2634	2	9	0	2	0
2635	2	9	0	2	1
2636	2	9	0	2	2
2637	2	9	0	3	0
2638	2	9	0	3	1
2639	2	9	0	3	2
2640	2	9	1	0	0
2641	2	9	1	0	1
2642	2	9	1	0	2
2643	2	9	1	1	0
2644	2	9	1	1	1
2645	2	9	1	1	2
2646	2	9	1	2	0
2647	2	9	1	2	1
2648	2	9	1	2	2
2649	2	9	1	3	0
2650	2	9	1	3	1
2651	2	9	1	3	2
2652	2	9	2	0	0
2653	2	9	2	0	1
2654	2	9	2	0	2
2655	2	9	2	1	0
2656	2	9	2	1	1
2657	2	9	2	1	2
2658	2	9	2	2	0
2659	2	9	2	2	1
2660	2	9	2	2	2
2661	2	9	2	3	0
2662	2	9	2	3	1
2663	2	9	2	3	2
2664	2	10	0	0	0
2665	2	10	0	0	1
2666	2	10	0	0	2
2667	2	10	0	1	0
2668	2	10	0	1	1
2669	2	10	0	1	2
2670	2	10	0	2	0
2671	2	10	0	2	1
2672	2	10	0	2	2
2673	2	10	0	3	0
2674	2	10	0	3	1
2675	2	10	0	3	2
2676	2	10	1	0	0
2677	2	10	1	0	1
2678	2	10	1	0	2
2679	2	10	1	1	0
2680	2	10	1	1	1
2681	2	10	1	1	2
2682	2	10	1	2	0
2683	2	10	1	2	1
2684	2	10	1	2	2
2685	2	10	1	3	0
2686	2	10	1	3	1
2687	2	10	1	3	2
2688	2	10	2	0	0
2689	2	10	2	0	1
2690	2	10	2	0	2
2691	2	10	2	1	0
2692	2	10	2	1	1
2693	2	10	2	1	2
2694	2	10	2	2	0
2695	2	10	2	2	1
2696	2	10	2	2	2
2697	2	10	2	3	0
2698	2	10	2	3	1
2699	2	10	2	3	2
2700	2	11	0	0	0
2701	2	11	0	0	1
2702	2	11	0	0	2
2703	2	11	0	1	0
2704	2	11	0	1	1
2705	2	11	0	1	2
2706	2	11	0	2	0
2707	2	11	0	2	1
2708	2	11	0	2	2
2709	2	11	0	3	0
2710	2	11	0	3	1
2711	2	11	0	3	2
2712	2	11	1	0	0
2713	2	11	1	0	1
2714	2	11	1	0	2
2715	2	11	1	1	0
2716	2	11	1	1	1
2717	2	11	1	1	2
2718	2	11	1	2	0
2719	2	11	1	2	1
2720	2	11	1	2	2
2721	2	11	1	3	0
2722	2	11	1	3	1
2723	2	11	1	3	2
2724	2	11	2	0	0
2725	2	11	2	0	1
2726	2	11	2	0	2
2727	2	11	2	1	0
2728	2	11	2	1	1
2729	2	11	2	1	2
2730	2	11	2	2	0
2731	2	11	2	2	1
2732	2	11	2	2	2
2733	2	11	2	3	0
2734	2	11	2	3	1
2735	2	11	2	3	2
2736	2	12	0	0	0
2737	2	12	0	0	1
2738	2	12	0	0	2
2739	2	12	0	1	0
2740	2	12	0	1	1
2741	2	12	0	1	2
2742	2	12	0	2	0
2743	2	12	0	2	1
2744	2	12	0	2	2
2745	2	12	0	3	0
2746	2	12	0	3	1
2747	2	12	0	3	2
2748	2	12	1	0	0
2749	2	12	1	0	1
2750	2	12	1	0	2
2751	2	12	1	1	0
2752	2	12	1	1	1
2753	2	12	1	1	2
2754	2	12	1	2	0
2755	2	12	1	2	1
2756	2	12	1	2	2
2757	2	12	1	3	0
2758	2	12	1	3	1
2759	2	12	1	3	2
2760	2	12	2	0	0
2761	2	12	2	0	1
2762	2	12	2	0	2
2763	2	12	2	1	0
2764	2	12	2	1	1
2765	2	12	2	1	2
2766	2	12	2	2	0
2767	2	12	2	2	1
2768	2	12	2	2	2
2769	2	12	2	3	0
2770	2	12	2	3	1
2771	2	12	2	3	2
2772	2	13	0	0	0
2773	2	13	0	0	1
2774	2	13	0	0	2
2775	2	13	0	1	0
2776	2	13	0	1	1
2777	2	13	0	1	2
2778	2	13	0	2	0
2779	2	13	0	2	1
2780	2	13	0	2	2
2781	2	13	0	3	0
2782	2	13	0	3	1
2783	2	13	0	3	2
2784	2	13	1	0	0
2785	2	13	1	0	1
2786	2	13	1	0	2
2787	2	13	1	1	0
2788	2	13	1	1	1
2789	2	13	1	1	2
2790	2	13	1	2	0
2791	2	13	1	2	1
2792	2	13	1	2	2
2793	2	13	1	3	0
2794	2	13	1	3	1
2795	2	13	1	3	2
2796	2	13	2	0	0
2797	2	13	2	0	1
2798	2	13	2	0	2
2799	2	13	2	1	0
2800	2	13	2	1	1
2801	2	13	2	1	2
2802	2	13	2	2	0
2803	2	13	2	2	1
2804	2	13	2	2	2
2805	2	13	2	3	0
2806	2	13	2	3	1
2807	2	13	2	3	2
2808	2	14	0	0	0
2809	2	14	0	0	1
2810	2	14	0	0	2
2811	2	14	0	1	0
2812	2	14	0	1	1
2813	2	14	0	1	2
2814	2	14	0	2	0
2815	2	14	0	2	1
2816	2	14	0	2	2
2817	2	14	0	3	0
2818	2	14	0	3	1
2819	2	14	0	3	2
2820	2	14	1	0	0
2821	2	14	1	0	1
2822	2	14	1	0	2
2823	2	14	1	1	0
2824	2	14	1	1	1
2825	2	14	1	1	2
2826	2	14	1	2	0
2827	2	14	1	2	1
2828	2	14	1	2	2
2829	2	14	1	3	0
2830	2	14	1	3	1
2831	2	14	1	3	2
2832	2	14	2	0	0
2833	2	14	2	0	1
2834	2	14	2	0	2
2835	2	14	2	1	0
2836	2	14	2	1	1
2837	2	14	2	1	2
2838	2	14	2	2	0
2839	2	14	2	2	1
2840	2	14	2	2	2
2841	2	14	2	3	0
2842	2	14	2	3	1
2843	2	14	2	3	2
2844	2	15	0	0	0
2845	2	15	0	0	1
2846	2	15	0	0	2
2847	2	15	0	1	0
2848	2	15	0	1	1
2849	2	15	0	1	2
2850	2	15	0	2	0
2851	2	15	0	2	1
2852	2	15	0	2	2
2853	2	15	0	3	0
2854	2	15	0	3	1
2855	2	15	0	3	2
2856	2	15	1	0	0
2857	2	15	1	0	1
2858	2	15	1	0	2
2859	2	15	1	1	0
2860	2	15	1	1	1
2861	2	15	1	1	2
2862	2	15	1	2	0
2863	2	15	1	2	1
2864	2	15	1	2	2
2865	2	15	1	3	0
2866	2	15	1	3	1
2867	2	15	1	3	2
2868	2	15	2	0	0
2869	2	15	2	0	1
2870	2	15	2	0	2
2871	2	15	2	1	0
2872	2	15	2	1	1
2873	2	15	2	1	2
2874	2	15	2	2	0
2875	2	15	2	2	1
2876	2	15	2	2	2
2877	2	15	2	3	0
2878	2	15	2	3	1
2879	2	15	2	3	2
2880	2	16	0	0	0
2881	2	16	0	0	1
2882	2	16	0	0	2
2883	2	16	0	1	0
2884	2	16	0	1	1
2885	2	16	0	1	2
2886	2	16	0	2	0
2887	2	16	0	2	1
2888	2	16	0	2	2
2889	2	16	0	3	0
2890	2	16	0	3	1
2891	2	16	0	3	2
2892	2	16	1	0	0
2893	2	16	1	0	1
2894	2	16	1	0	2
2895	2	16	1	1	0
2896	2	16	1	1	1
2897	2	16	1	1	2
2898	2	16	1	2	0
2899	2	16	1	2	1
2900	2	16	1	2	2
2901	2	16	1	3	0
2902	2	16	1	3	1
2903	2	16	1	3	2
2904	2	16	2	0	0
2905	2	16	2	0	1
2906	2	16	2	0	2
2907	2	16	2	1	0
2908	2	16	2	1	1
2909	2	16	2	1	2
2910	2	16	2	2	0
2911	2	16	2	2	1
2912	2	16	2	2	2
2913	2	16	2	3	0
2914	2	16	2	3	1
2915	2	16	2	3	2
2916	2	17	0	0	0
2917	2	17	0	0	1
2918	2	17	0	0	2
2919	2	17	0	1	0
2920	2	17	0	1	1
2921	2	17	0	1	2
2922	2	17	0	2	0
2923	2	17	0	2	1
2924	2	17	0	2	2
2925	2	17	0	3	0
2926	2	17	0	3	1
2927	2	17	0	3	2
2928	2	17	1	0	0
2929	2	17	1	0	1
2930	2	17	1	0	2
2931	2	17	1	1	0
2932	2	17	1	1	1
2933	2	17	1	1	2
2934	2	17	1	2	0
2935	2	17	1	2	1
2936	2	17	1	2	2
2937	2	17	1	3	0
2938	2	17	1	3	1
2939	2	17	1	3	2
2940	2	17	2	0	0
2941	2	17	2	0	1
2942	2	17	2	0	2
2943	2	17	2	1	0
2944	2	17	2	1	1
2945	2	17	2	1	2
2946	2	17	2	2	0
2947	2	17	2	2	1
2948	2	17	2	2	2
2949	2	17	2	3	0
2950	2	17	2	3	1
2951	2	17	2	3	2
2952	2	18	0	0	0
2953	2	18	0	0	1
2954	2	18	0	0	2
2955	2	18	0	1	0
2956	2	18	0	1	1
2957	2	18	0	1	2
2958	2	18	0	2	0
2959	2	18	0	2	1
2960	2	18	0	2	2
2961	2	18	0	3	0
2962	2	18	0	3	1
2963	2	18	0	3	2
2964	2	18	1	0	0
2965	2	18	1	0	1
2966	2	18	1	0	2
2967	2	18	1	1	0
2968	2	18	1	1	1
2969	2	18	1	1	2
2970	2	18	1	2	0
2971	2	18	1	2	1
2972	2	18	1	2	2
2973	2	18	1	3	0
2974	2	18	1	3	1
2975	2	18	1	3	2
2976	2	18	2	0	0
2977	2	18	2	0	1
2978	2	18	2	0	2
2979	2	18	2	1	0
2980	2	18	2	1	1
2981	2	18	2	1	2
2982	2	18	2	2	0
2983	2	18	2	2	1
2984	2	18	2	2	2
2985	2	18	2	3	0
2986	2	18	2	3	1
2987	2	18	2	3	2
2988	2	19	0	0	0
2989	2	19	0	0	1
2990	2	19	0	0	2
2991	2	19	0	1	0
2992	2	19	0	1	1
2993	2	19	0	1	2
2994	2	19	0	2	0
2995	2	19	0	2	1
2996	2	19	0	2	2
2997	2	19	0	3	0
2998	2	19	0	3	1
2999	2	19	0	3	2
3000	2	19	1	0	0
3001	2	19	1	0	1
3002	2	19	1	0	2
3003	2	19	1	1	0
3004	2	19	1	1	1
3005	2	19	1	1	2
3006	2	19	1	2	0
3007	2	19	1	2	1
3008	2	19	1	2	2
3009	2	19	1	3	0
3010	2	19	1	3	1
3011	2	19	1	3	2
3012	2	19	2	0	0
3013	2	19	2	0	1
3014	2	19	2	0	2
3015	2	19	2	1	0
3016	2	19	2	1	1
3017	2	19	2	1	2
3018	2	19	2	2	0
3019	2	19	2	2	1
3020	2	19	2	2	2
3021	2	19	2	3	0
3022	2	19	2	3	1
3023	2	19	2	3	2
3024	2	20	0	0	0
3025	2	20	0	0	1
3026	2	20	0	0	2
3027	2	20	0	1	0
3028	2	20	0	1	1
3029	2	20	0	1	2
3030	2	20	0	2	0
3031	2	20	0	2	1
3032	2	20	0	2	2
3033	2	20	0	3	0
3034	2	20	0	3	1
3035	2	20	0	3	2
3036	2	20	1	0	0
3037	2	20	1	0	1
3038	2	20	1	0	2
3039	2	20	1	1	0
3040	2	20	1	1	1
3041	2	20	1	1	2
3042	2	20	1	2	0
3043	2	20	1	2	1
3044	2	20	1	2	2
3045	2	20	1	3	0
3046	2	20	1	3	1
3047	2	20	1	3	2
3048	2	20	2	0	0
3049	2	20	2	0	1
3050	2	20	2	0	2
3051	2	20	2	1	0
3052	2	20	2	1	1
3053	2	20	2	1	2
3054	2	20	2	2	0
3055	2	20	2	2	1
3056	2	20	2	2	2
3057	2	20	2	3	0
3058	2	20	2	3	1
3059	2	20	2	3	2
3060	2	21	0	0	0
3061	2	21	0	0	1
3062	2	21	0	0	2
3063	2	21	0	1	0
3064	2	21	0	1	1
3065	2	21	0	1	2
3066	2	21	0	2	0
3067	2	21	0	2	1
3068	2	21	0	2	2
3069	2	21	0	3	0
3070	2	21	0	3	1
3071	2	21	0	3	2
3072	2	21	1	0	0
3073	2	21	1	0	1
3074	2	21	1	0	2
3075	2	21	1	1	0
3076	2	21	1	1	1
3077	2	21	1	1	2
3078	2	21	1	2	0
3079	2	21	1	2	1
3080	2	21	1	2	2
3081	2	21	1	3	0
3082	2	21	1	3	1
3083	2	21	1	3	2
3084	2	21	2	0	0
3085	2	21	2	0	1
3086	2	21	2	0	2
3087	2	21	2	1	0
3088	2	21	2	1	1
3089	2	21	2	1	2
3090	2	21	2	2	0
3091	2	21	2	2	1
3092	2	21	2	2	2
3093	2	21	2	3	0
3094	2	21	2	3	1
3095	2	21	2	3	2
3096	2	22	0	0	0
3097	2	22	0	0	1
3098	2	22	0	0	2
3099	2	22	0	1	0
3100	2	22	0	1	1
3101	2	22	0	1	2
3102	2	22	0	2	0
3103	2	22	0	2	1
3104	2	22	0	2	2
3105	2	22	0	3	0
3106	2	22	0	3	1
3107	2	22	0	3	2
3108	2	22	1	0	0
3109	2	22	1	0	1
3110	2	22	1	0	2
3111	2	22	1	1	0
3112	2	22	1	1	1
3113	2	22	1	1	2
3114	2	22	1	2	0
3115	2	22	1	2	1
3116	2	22	1	2	2
3117	2	22	1	3	0
3118	2	22	1	3	1
3119	2	22	1	3	2
3120	2	22	2	0	0
3121	2	22	2	0	1
3122	2	22	2	0	2
3123	2	22	2	1	0
3124	2	22	2	1	1
3125	2	22	2	1	2
3126	2	22	2	2	0
3127	2	22	2	2	1
3128	2	22	2	2	2
3129	2	22	2	3	0
3130	2	22	2	3	1
3131	2	22	2	3	2
3132	2	23	0	0	0
3133	2	23	0	0	1
3134	2	23	0	0	2
3135	2	23	0	1	0
3136	2	23	0	1	1
3137	2	23	0	1	2
3138	2	23	0	2	0
3139	2	23	0	2	1
3140	2	23	0	2	2
3141	2	23	0	3	0
3142	2	23	0	3	1
3143	2	23	0	3	2
3144	2	23	1	0	0
3145	2	23	1	0	1
3146	2	23	1	0	2
3147	2	23	1	1	0
3148	2	23	1	1	1
3149	2	23	1	1	2
3150	2	23	1	2	0
3151	2	23	1	2	1
3152	2	23	1	2	2
3153	2	23	1	3	0
3154	2	23	1	3	1
3155	2	23	1	3	2
3156	2	23	2	0	0
3157	2	23	2	0	1
3158	2	23	2	0	2
3159	2	23	2	1	0
3160	2	23	2	1	1
3161	2	23	2	1	2
3162	2	23	2	2	0
3163	2	23	2	2	1
3164	2	23	2	2	2
3165	2	23	2	3	0
3166	2	23	2	3	1
3167	2	23	2	3	2
3168	2	24	0	0	0
3169	2	24	0	0	1
3170	2	24	0	0	2
3171	2	24	0	1	0
3172	2	24	0	1	1
3173	2	24	0	1	2
3174	2	24	0	2	0
3175	2	24	0	2	1
3176	2	24	0	2	2
3177	2	24	0	3	0
3178	2	24	0	3	1
3179	2	24	0	3	2
3180	2	24	1	0	0
3181	2	24	1	0	1
3182	2	24	1	0	2
3183	2	24	1	1	0
3184	2	24	1	1	1
3185	2	24	1	1	2
3186	2	24	1	2	0
3187	2	24	1	2	1
3188	2	24	1	2	2
3189	2	24	1	3	0
3190	2	24	1	3	1
3191	2	24	1	3	2
3192	2	24	2	0	0
3193	2	24	2	0	1
3194	2	24	2	0	2
3195	2	24	2	1	0
3196	2	24	2	1	1
3197	2	24	2	1	2
3198	2	24	2	2	0
3199	2	24	2	2	1
3200	2	24	2	2	2
3201	2	24	2	3	0
3202	2	24	2	3	1
3203	2	24	2	3	2
3204	2	25	0	0	0
3205	2	25	0	0	1
3206	2	25	0	0	2
3207	2	25	0	1	0
3208	2	25	0	1	1
3209	2	25	0	1	2
3210	2	25	0	2	0
3211	2	25	0	2	1
3212	2	25	0	2	2
3213	2	25	0	3	0
3214	2	25	0	3	1
3215	2	25	0	3	2
3216	2	25	1	0	0
3217	2	25	1	0	1
3218	2	25	1	0	2
3219	2	25	1	1	0
3220	2	25	1	1	1
3221	2	25	1	1	2
3222	2	25	1	2	0
3223	2	25	1	2	1
3224	2	25	1	2	2
3225	2	25	1	3	0
3226	2	25	1	3	1
3227	2	25	1	3	2
3228	2	25	2	0	0
3229	2	25	2	0	1
3230	2	25	2	0	2
3231	2	25	2	1	0
3232	2	25	2	1	1
3233	2	25	2	1	2
3234	2	25	2	2	0
3235	2	25	2	2	1
3236	2	25	2	2	2
3237	2	25	2	3	0
3238	2	25	2	3	1
3239	2	25	2	3	2
3240	2	26	0	0	0
3241	2	26	0	0	1
3242	2	26	0	0	2
3243	2	26	0	1	0
3244	2	26	0	1	1
3245	2	26	0	1	2
3246	2	26	0	2	0
3247	2	26	0	2	1
3248	2	26	0	2	2
3249	2	26	0	3	0
3250	2	26	0	3	1
3251	2	26	0	3	2
3252	2	26	1	0	0
3253	2	26	1	0	1
3254	2	26	1	0	2
3255	2	26	1	1	0
3256	2	26	1	1	1
3257	2	26	1	1	2
3258	2	26	1	2	0
3259	2	26	1	2	1
3260	2	26	1	2	2
3261	2	26	1	3	0
3262	2	26	1	3	1
3263	2	26	1	3	2
3264	2	26	2	0	0
3265	2	26	2	0	1
3266	2	26	2	0	2
3267	2	26	2	1	0
3268	2	26	2	1	1
3269	2	26	2	1	2
3270	2	26	2	2	0
3271	2	26	2	2	1
3272	2	26	2	2	2
3273	2	26	2	3	0
3274	2	26	2	3	1
3275	2	26	2	3	2
3276	2	27	0	0	0
3277	2	27	0	0	1
3278	2	27	0	0	2
3279	2	27	0	1	0
3280	2	27	0	1	1
3281	2	27	0	1	2
3282	2	27	0	2	0
3283	2	27	0	2	1
3284	2	27	0	2	2
3285	2	27	0	3	0
3286	2	27	0	3	1
3287	2	27	0	3	2
3288	2	27	1	0	0
3289	2	27	1	0	1
3290	2	27	1	0	2
3291	2	27	1	1	0
3292	2	27	1	1	1
3293	2	27	1	1	2
3294	2	27	1	2	0
3295	2	27	1	2	1
3296	2	27	1	2	2
3297	2	27	1	3	0
3298	2	27	1	3	1
3299	2	27	1	3	2
3300	2	27	2	0	0
3301	2	27	2	0	1
3302	2	27	2	0	2
3303	2	27	2	1	0
3304	2	27	2	1	1
3305	2	27	2	1	2
3306	2	27	2	2	0
3307	2	27	2	2	1
3308	2	27	2	2	2
3309	2	27	2	3	0
3310	2	27	2	3	1
3311	2	27	2	3	2
3312	2	28	0	0	0
3313	2	28	0	0	1
3314	2	28	0	0	2
3315	2	28	0	1	0
3316	2	28	0	1	1
3317	2	28	0	1	2
3318	2	28	0	2	0
3319	2	28	0	2	1
3320	2	28	0	2	2
3321	2	28	0	3	0
3322	2	28	0	3	1
3323	2	28	0	3	2
3324	2	28	1	0	0
3325	2	28	1	0	1
3326	2	28	1	0	2
3327	2	28	1	1	0
3328	2	28	1	1	1
3329	2	28	1	1	2
3330	2	28	1	2	0
3331	2	28	1	2	1
3332	2	28	1	2	2
3333	2	28	1	3	0
3334	2	28	1	3	1
3335	2	28	1	3	2
3336	2	28	2	0	0
3337	2	28	2	0	1
3338	2	28	2	0	2
3339	2	28	2	1	0
3340	2	28	2	1	1
3341	2	28	2	1	2
3342	2	28	2	2	0
3343	2	28	2	2	1
3344	2	28	2	2	2
3345	2	28	2	3	0
3346	2	28	2	3	1
3347	2	28	2	3	2
3348	2	29	0	0	0
3349	2	29	0	0	1
3350	2	29	0	0	2
3351	2	29	0	1	0
3352	2	29	0	1	1
3353	2	29	0	1	2
3354	2	29	0	2	0
3355	2	29	0	2	1
3356	2	29	0	2	2
3357	2	29	0	3	0
3358	2	29	0	3	1
3359	2	29	0	3	2
3360	2	29	1	0	0
3361	2	29	1	0	1
3362	2	29	1	0	2
3363	2	29	1	1	0
3364	2	29	1	1	1
3365	2	29	1	1	2
3366	2	29	1	2	0
3367	2	29	1	2	1
3368	2	29	1	2	2
3369	2	29	1	3	0
3370	2	29	1	3	1
3371	2	29	1	3	2
3372	2	29	2	0	0
3373	2	29	2	0	1
3374	2	29	2	0	2
3375	2	29	2	1	0
3376	2	29	2	1	1
3377	2	29	2	1	2
3378	2	29	2	2	0
3379	2	29	2	2	1
3380	2	29	2	2	2
3381	2	29	2	3	0
3382	2	29	2	3	1
3383	2	29	2	3	2
3384	2	30	0	0	0
3385	2	30	0	0	1
3386	2	30	0	0	2
3387	2	30	0	1	0
3388	2	30	0	1	1
3389	2	30	0	1	2
3390	2	30	0	2	0
3391	2	30	0	2	1
3392	2	30	0	2	2
3393	2	30	0	3	0
3394	2	30	0	3	1
3395	2	30	0	3	2
3396	2	30	1	0	0
3397	2	30	1	0	1
3398	2	30	1	0	2
3399	2	30	1	1	0
3400	2	30	1	1	1
3401	2	30	1	1	2
3402	2	30	1	2	0
3403	2	30	1	2	1
3404	2	30	1	2	2
3405	2	30	1	3	0
3406	2	30	1	3	1
3407	2	30	1	3	2
3408	2	30	2	0	0
3409	2	30	2	0	1
3410	2	30	2	0	2
3411	2	30	2	1	0
3412	2	30	2	1	1
3413	2	30	2	1	2
3414	2	30	2	2	0
3415	2	30	2	2	1
3416	2	30	2	2	2
3417	2	30	2	3	0
3418	2	30	2	3	1
3419	2	30	2	3	2
3420	2	31	0	0	0
3421	2	31	0	0	1
3422	2	31	0	0	2
3423	2	31	0	1	0
3424	2	31	0	1	1
3425	2	31	0	1	2
3426	2	31	0	2	0
3427	2	31	0	2	1
3428	2	31	0	2	2
3429	2	31	0	3	0
3430	2	31	0	3	1
3431	2	31	0	3	2
3432	2	31	1	0	0
3433	2	31	1	0	1
3434	2	31	1	0	2
3435	2	31	1	1	0
3436	2	31	1	1	1
3437	2	31	1	1	2
3438	2	31	1	2	0
3439	2	31	1	2	1
3440	2	31	1	2	2
3441	2	31	1	3	0
3442	2	31	1	3	1
3443	2	31	1	3	2
3444	2	31	2	0	0
3445	2	31	2	0	1
3446	2	31	2	0	2
3447	2	31	2	1	0
3448	2	31	2	1	1
3449	2	31	2	1	2
3450	2	31	2	2	0
3451	2	31	2	2	1
3452	2	31	2	2	2
3453	2	31	2	3	0
3454	2	31	2	3	1
3455	2	31	2	3	2
3456	3	0	0	0	0
3457	3	0	0	0	1
3458	3	0	0	0	2
3459	3	0	0	1	0
3460	3	0	0	1	1
3461	3	0	0	1	2
3462	3	0	0	2	0
3463	3	0	0	2	1
3464	3	0	0	2	2
3465	3	0	0	3	0
3466	3	0	0	3	1
3467	3	0	0	3	2
3468	3	0	1	0	0
3469	3	0	1	0	1
3470	3	0	1	0	2
3471	3	0	1	1	0
3472	3	0	1	1	1
3473	3	0	1	1	2
3474	3	0	1	2	0
3475	3	0	1	2	1
3476	3	0	1	2	2
3477	3	0	1	3	0
3478	3	0	1	3	1
3479	3	0	1	3	2
3480	3	0	2	0	0
3481	3	0	2	0	1
3482	3	0	2	0	2
3483	3	0	2	1	0
3484	3	0	2	1	1
3485	3	0	2	1	2
3486	3	0	2	2	0
3487	3	0	2	2	1
3488	3	0	2	2	2
3489	3	0	2	3	0
3490	3	0	2	3	1
3491	3	0	2	3	2
3492	3	1	0	0	0
3493	3	1	0	0	1
3494	3	1	0	0	2
3495	3	1	0	1	0
3496	3	1	0	1	1
3497	3	1	0	1	2
3498	3	1	0	2	0
3499	3	1	0	2	1
3500	3	1	0	2	2
3501	3	1	0	3	0
3502	3	1	0	3	1
3503	3	1	0	3	2
3504	3	1	1	0	0
3505	3	1	1	0	1
3506	3	1	1	0	2
3507	3	1	1	1	0
3508	3	1	1	1	1
3509	3	1	1	1	2
3510	3	1	1	2	0
3511	3	1	1	2	1
3512	3	1	1	2	2
3513	3	1	1	3	0
3514	3	1	1	3	1
3515	3	1	1	3	2
3516	3	1	2	0	0
3517	3	1	2	0	1
3518	3	1	2	0	2
3519	3	1	2	1	0
3520	3	1	2	1	1
3521	3	1	2	1	2
3522	3	1	2	2	0
3523	3	1	2	2	1
3524	3	1	2	2	2
3525	3	1	2	3	0
3526	3	1	2	3	1
3527	3	1	2	3	2
3528	3	2	0	0	0
3529	3	2	0	0	1
3530	3	2	0	0	2
3531	3	2	0	1	0
3532	3	2	0	1	1
3533	3	2	0	1	2
3534	3	2	0	2	0
3535	3	2	0	2	1
3536	3	2	0	2	2
3537	3	2	0	3	0
3538	3	2	0	3	1
3539	3	2	0	3	2
3540	3	2	1	0	0
3541	3	2	1	0	1
3542	3	2	1	0	2
3543	3	2	1	1	0
3544	3	2	1	1	1
3545	3	2	1	1	2
3546	3	2	1	2	0
3547	3	2	1	2	1
3548	3	2	1	2	2
3549	3	2	1	3	0
3550	3	2	1	3	1
3551	3	2	1	3	2
3552	3	2	2	0	0
3553	3	2	2	0	1
3554	3	2	2	0	2
3555	3	2	2	1	0
3556	3	2	2	1	1
3557	3	2	2	1	2
3558	3	2	2	2	0
3559	3	2	2	2	1
3560	3	2	2	2	2
3561	3	2	2	3	0
3562	3	2	2	3	1
3563	3	2	2	3	2
3564	3	3	0	0	0
3565	3	3	0	0	1
3566	3	3	0	0	2
3567	3	3	0	1	0
3568	3	3	0	1	1
3569	3	3	0	1	2
3570	3	3	0	2	0
3571	3	3	0	2	1
3572	3	3	0	2	2
3573	3	3	0	3	0
3574	3	3	0	3	1
3575	3	3	0	3	2
3576	3	3	1	0	0
3577	3	3	1	0	1
3578	3	3	1	0	2
3579	3	3	1	1	0
3580	3	3	1	1	1
3581	3	3	1	1	2
3582	3	3	1	2	0
3583	3	3	1	2	1
3584	3	3	1	2	2
3585	3	3	1	3	0
3586	3	3	1	3	1
3587	3	3	1	3	2
3588	3	3	2	0	0
3589	3	3	2	0	1
3590	3	3	2	0	2
3591	3	3	2	1	0
3592	3	3	2	1	1
3593	3	3	2	1	2
3594	3	3	2	2	0
3595	3	3	2	2	1
3596	3	3	2	2	2
3597	3	3	2	3	0
3598	3	3	2	3	1
3599	3	3	2	3	2
3600	3	4	0	0	0
3601	3	4	0	0	1
3602	3	4	0	0	2
3603	3	4	0	1	0
3604	3	4	0	1	1
3605	3	4	0	1	2
3606	3	4	0	2	0
3607	3	4	0	2	1
3608	3	4	0	2	2
3609	3	4	0	3	0
3610	3	4	0	3	1
3611	3	4	0	3	2
3612	3	4	1	0	0
3613	3	4	1	0	1
3614	3	4	1	0	2
3615	3	4	1	1	0
3616	3	4	1	1	1
3617	3	4	1	1	2
3618	3	4	1	2	0
3619	3	4	1	2	1
3620	3	4	1	2	2
3621	3	4	1	3	0
3622	3	4	1	3	1
3623	3	4	1	3	2
3624	3	4	2	0	0
3625	3	4	2	0	1
3626	3	4	2	0	2
3627	3	4	2	1	0
3628	3	4	2	1	1
3629	3	4	2	1	2
3630	3	4	2	2	0
3631	3	4	2	2	1
3632	3	4	2	2	2
3633	3	4	2	3	0
3634	3	4	2	3	1
3635	3	4	2	3	2
3636	3	5	0	0	0
3637	3	5	0	0	1
3638	3	5	0	0	2
3639	3	5	0	1	0
3640	3	5	0	1	1
3641	3	5	0	1	2
3642	3	5	0	2	0
3643	3	5	0	2	1
3644	3	5	0	2	2
3645	3	5	0	3	0
3646	3	5	0	3	1
3647	3	5	0	3	2
3648	3	5	1	0	0
3649	3	5	1	0	1
3650	3	5	1	0	2
3651	3	5	1	1	0
3652	3	5	1	1	1
3653	3	5	1	1	2
3654	3	5	1	2	0
3655	3	5	1	2	1
3656	3	5	1	2	2
3657	3	5	1	3	0
3658	3	5	1	3	1
3659	3	5	1	3	2
3660	3	5	2	0	0
3661	3	5	2	0	1
3662	3	5	2	0	2
3663	3	5	2	1	0
3664	3	5	2	1	1
3665	3	5	2	1	2
3666	3	5	2	2	0
3667	3	5	2	2	1
3668	3	5	2	2	2
3669	3	5	2	3	0
3670	3	5	2	3	1
3671	3	5	2	3	2
3672	3	6	0	0	0
3673	3	6	0	0	1
3674	3	6	0	0	2
3675	3	6	0	1	0
3676	3	6	0	1	1
3677	3	6	0	1	2
3678	3	6	0	2	0
3679	3	6	0	2	1
3680	3	6	0	2	2
3681	3	6	0	3	0
3682	3	6	0	3	1
3683	3	6	0	3	2
3684	3	6	1	0	0
3685	3	6	1	0	1
3686	3	6	1	0	2
3687	3	6	1	1	0
3688	3	6	1	1	1
3689	3	6	1	1	2
3690	3	6	1	2	0
3691	3	6	1	2	1
3692	3	6	1	2	2
3693	3	6	1	3	0
3694	3	6	1	3	1
3695	3	6	1	3	2
3696	3	6	2	0	0
3697	3	6	2	0	1
3698	3	6	2	0	2
3699	3	6	2	1	0
3700	3	6	2	1	1
3701	3	6	2	1	2
3702	3	6	2	2	0
3703	3	6	2	2	1
3704	3	6	2	2	2
3705	3	6	2	3	0
3706	3	6	2	3	1
3707	3	6	2	3	2
3708	3	7	0	0	0
3709	3	7	0	0	1
3710	3	7	0	0	2
3711	3	7	0	1	0
3712	3	7	0	1	1
3713	3	7	0	1	2
3714	3	7	0	2	0
3715	3	7	0	2	1
3716	3	7	0	2	2
3717	3	7	0	3	0
3718	3	7	0	3	1
3719	3	7	0	3	2
3720	3	7	1	0	0
3721	3	7	1	0	1
3722	3	7	1	0	2
3723	3	7	1	1	0
3724	3	7	1	1	1
3725	3	7	1	1	2
3726	3	7	1	2	0
3727	3	7	1	2	1
3728	3	7	1	2	2
3729	3	7	1	3	0
3730	3	7	1	3	1
3731	3	7	1	3	2
3732	3	7	2	0	0
3733	3	7	2	0	1
3734	3	7	2	0	2
3735	3	7	2	1	0
3736	3	7	2	1	1
3737	3	7	2	1	2
3738	3	7	2	2	0
3739	3	7	2	2	1
3740	3	7	2	2	2
3741	3	7	2	3	0
3742	3	7	2	3	1
3743	3	7	2	3	2
3744	3	8	0	0	0
3745	3	8	0	0	1
3746	3	8	0	0	2
3747	3	8	0	1	0
3748	3	8	0	1	1
3749	3	8	0	1	2
3750	3	8	0	2	0
3751	3	8	0	2	1
3752	3	8	0	2	2
3753	3	8	0	3	0
3754	3	8	0	3	1
3755	3	8	0	3	2
3756	3	8	1	0	0
3757	3	8	1	0	1
3758	3	8	1	0	2
3759	3	8	1	1	0
3760	3	8	1	1	1
3761	3	8	1	1	2
3762	3	8	1	2	0
3763	3	8	1	2	1
3764	3	8	1	2	2
3765	3	8	1	3	0
3766	3	8	1	3	1
3767	3	8	1	3	2
3768	3	8	2	0	0
3769	3	8	2	0	1
3770	3	8	2	0	2
3771	3	8	2	1	0
3772	3	8	2	1	1
3773	3	8	2	1	2
3774	3	8	2	2	0
3775	3	8	2	2	1
3776	3	8	2	2	2
3777	3	8	2	3	0
3778	3	8	2	3	1
3779	3	8	2	3	2
3780	3	9	0	0	0
3781	3	9	0	0	1
3782	3	9	0	0	2
3783	3	9	0	1	0
3784	3	9	0	1	1
3785	3	9	0	1	2
3786	3	9	0	2	0
3787	3	9	0	2	1
3788	3	9	0	2	2
3789	3	9	0	3	0
3790	3	9	0	3	1
3791	3	9	0	3	2
3792	3	9	1	0	0
3793	3	9	1	0	1
3794	3	9	1	0	2
3795	3	9	1	1	0
3796	3	9	1	1	1
3797	3	9	1	1	2
3798	3	9	1	2	0
3799	3	9	1	2	1
3800	3	9	1	2	2
3801	3	9	1	3	0
3802	3	9	1	3	1
3803	3	9	1	3	2
3804	3	9	2	0	0
3805	3	9	2	0	1
3806	3	9	2	0	2
3807	3	9	2	1	0
3808	3	9	2	1	1
3809	3	9	2	1	2
3810	3	9	2	2	0
3811	3	9	2	2	1
3812	3	9	2	2	2
3813	3	9	2	3	0
3814	3	9	2	3	1
3815	3	9	2	3	2
3816	3	10	0	0	0
3817	3	10	0	0	1
3818	3	10	0	0	2
3819	3	10	0	1	0
3820	3	10	0	1	1
3821	3	10	0	1	2
3822	3	10	0	2	0
3823	3	10	0	2	1
3824	3	10	0	2	2
3825	3	10	0	3	0
3826	3	10	0	3	1
3827	3	10	0	3	2
3828	3	10	1	0	0
3829	3	10	1	0	1
3830	3	10	1	0	2
3831	3	10	1	1	0
3832	3	10	1	1	1
3833	3	10	1	1	2
3834	3	10	1	2	0
3835	3	10	1	2	1
3836	3	10	1	2	2
3837	3	10	1	3	0
3838	3	10	1	3	1
3839	3	10	1	3	2
3840	3	10	2	0	0
3841	3	10	2	0	1
3842	3	10	2	0	2
3843	3	10	2	1	0
3844	3	10	2	1	1
3845	3	10	2	1	2
3846	3	10	2	2	0
3847	3	10	2	2	1
3848	3	10	2	2	2
3849	3	10	2	3	0
3850	3	10	2	3	1
3851	3	10	2	3	2
3852	3	11	0	0	0
3853	3	11	0	0	1
3854	3	11	0	0	2
3855	3	11	0	1	0
3856	3	11	0	1	1
3857	3	11	0	1	2
3858	3	11	0	2	0
3859	3	11	0	2	1
3860	3	11	0	2	2
3861	3	11	0	3	0
3862	3	11	0	3	1
3863	3	11	0	3	2
3864	3	11	1	0	0
3865	3	11	1	0	1
3866	3	11	1	0	2
3867	3	11	1	1	0
3868	3	11	1	1	1
3869	3	11	1	1	2
3870	3	11	1	2	0
3871	3	11	1	2	1
3872	3	11	1	2	2
3873	3	11	1	3	0
3874	3	11	1	3	1
3875	3	11	1	3	2
3876	3	11	2	0	0
3877	3	11	2	0	1
3878	3	11	2	0	2
3879	3	11	2	1	0
3880	3	11	2	1	1
3881	3	11	2	1	2
3882	3	11	2	2	0
3883	3	11	2	2	1
3884	3	11	2	2	2
3885	3	11	2	3	0
3886	3	11	2	3	1
3887	3	11	2	3	2
3888	3	12	0	0	0
3889	3	12	0	0	1
3890	3	12	0	0	2
3891	3	12	0	1	0
3892	3	12	0	1	1
3893	3	12	0	1	2
3894	3	12	0	2	0
3895	3	12	0	2	1
3896	3	12	0	2	2
3897	3	12	0	3	0
3898	3	12	0	3	1
3899	3	12	0	3	2
3900	3	12	1	0	0
3901	3	12	1	0	1
3902	3	12	1	0	2
3903	3	12	1	1	0
3904	3	12	1	1	1
3905	3	12	1	1	2
3906	3	12	1	2	0
3907	3	12	1	2	1
3908	3	12	1	2	2
3909	3	12	1	3	0
3910	3	12	1	3	1
3911	3	12	1	3	2
3912	3	12	2	0	0
3913	3	12	2	0	1
3914	3	12	2	0	2
3915	3	12	2	1	0
3916	3	12	2	1	1
3917	3	12	2	1	2
3918	3	12	2	2	0
3919	3	12	2	2	1
3920	3	12	2	2	2
3921	3	12	2	3	0
3922	3	12	2	3	1
3923	3	12	2	3	2
3924	3	13	0	0	0
3925	3	13	0	0	1
3926	3	13	0	0	2
3927	3	13	0	1	0
3928	3	13	0	1	1
3929	3	13	0	1	2
3930	3	13	0	2	0
3931	3	13	0	2	1
3932	3	13	0	2	2
3933	3	13	0	3	0
3934	3	13	0	3	1
3935	3	13	0	3	2
3936	3	13	1	0	0
3937	3	13	1	0	1
3938	3	13	1	0	2
3939	3	13	1	1	0
3940	3	13	1	1	1
3941	3	13	1	1	2
3942	3	13	1	2	0
3943	3	13	1	2	1
3944	3	13	1	2	2
3945	3	13	1	3	0
3946	3	13	1	3	1
3947	3	13	1	3	2
3948	3	13	2	0	0
3949	3	13	2	0	1
3950	3	13	2	0	2
3951	3	13	2	1	0
3952	3	13	2	1	1
3953	3	13	2	1	2
3954	3	13	2	2	0
3955	3	13	2	2	1
3956	3	13	2	2	2
3957	3	13	2	3	0
3958	3	13	2	3	1
3959	3	13	2	3	2
3960	3	14	0	0	0
3961	3	14	0	0	1
3962	3	14	0	0	2
3963	3	14	0	1	0
3964	3	14	0	1	1
3965	3	14	0	1	2
3966	3	14	0	2	0
3967	3	14	0	2	1
3968	3	14	0	2	2
3969	3	14	0	3	0
3970	3	14	0	3	1
3971	3	14	0	3	2
3972	3	14	1	0	0
3973	3	14	1	0	1
3974	3	14	1	0	2
3975	3	14	1	1	0
3976	3	14	1	1	1
3977	3	14	1	1	2
3978	3	14	1	2	0
3979	3	14	1	2	1
3980	3	14	1	2	2
3981	3	14	1	3	0
3982	3	14	1	3	1
3983	3	14	1	3	2
3984	3	14	2	0	0
3985	3	14	2	0	1
3986	3	14	2	0	2
3987	3	14	2	1	0
3988	3	14	2	1	1
3989	3	14	2	1	2
3990	3	14	2	2	0
3991	3	14	2	2	1
3992	3	14	2	2	2
3993	3	14	2	3	0
3994	3	14	2	3	1
3995	3	14	2	3	2
3996	3	15	0	0	0
3997	3	15	0	0	1
3998	3	15	0	0	2
3999	3	15	0	1	0
4000	3	15	0	1	1
4001	3	15	0	1	2
4002	3	15	0	2	0
4003	3	15	0	2	1
4004	3	15	0	2	2
4005	3	15	0	3	0
4006	3	15	0	3	1
4007	3	15	0	3	2
4008	3	15	1	0	0
4009	3	15	1	0	1
4010	3	15	1	0	2
4011	3	15	1	1	0
4012	3	15	1	1	1
4013	3	15	1	1	2
4014	3	15	1	2	0
4015	3	15	1	2	1
4016	3	15	1	2	2
4017	3	15	1	3	0
4018	3	15	1	3	1
4019	3	15	1	3	2
4020	3	15	2	0	0
4021	3	15	2	0	1
4022	3	15	2	0	2
4023	3	15	2	1	0
4024	3	15	2	1	1
4025	3	15	2	1	2
4026	3	15	2	2	0
4027	3	15	2	2	1
4028	3	15	2	2	2
4029	3	15	2	3	0
4030	3	15	2	3	1
4031	3	15	2	3	2
4032	3	16	0	0	0
4033	3	16	0	0	1
4034	3	16	0	0	2
4035	3	16	0	1	0
4036	3	16	0	1	1
4037	3	16	0	1	2
4038	3	16	0	2	0
4039	3	16	0	2	1
4040	3	16	0	2	2
4041	3	16	0	3	0
4042	3	16	0	3	1
4043	3	16	0	3	2
4044	3	16	1	0	0
4045	3	16	1	0	1
4046	3	16	1	0	2
4047	3	16	1	1	0
4048	3	16	1	1	1
4049	3	16	1	1	2
4050	3	16	1	2	0
4051	3	16	1	2	1
4052	3	16	1	2	2
4053	3	16	1	3	0
4054	3	16	1	3	1
4055	3	16	1	3	2
4056	3	16	2	0	0
4057	3	16	2	0	1
4058	3	16	2	0	2
4059	3	16	2	1	0
4060	3	16	2	1	1
4061	3	16	2	1	2
4062	3	16	2	2	0
4063	3	16	2	2	1
4064	3	16	2	2	2
4065	3	16	2	3	0
4066	3	16	2	3	1
4067	3	16	2	3	2
4068	3	17	0	0	0
4069	3	17	0	0	1
4070	3	17	0	0	2
4071	3	17	0	1	0
4072	3	17	0	1	1
4073	3	17	0	1	2
4074	3	17	0	2	0
4075	3	17	0	2	1
4076	3	17	0	2	2
4077	3	17	0	3	0
4078	3	17	0	3	1
4079	3	17	0	3	2
4080	3	17	1	0	0
4081	3	17	1	0	1
4082	3	17	1	0	2
4083	3	17	1	1	0
4084	3	17	1	1	1
4085	3	17	1	1	2
4086	3	17	1	2	0
4087	3	17	1	2	1
4088	3	17	1	2	2
4089	3	17	1	3	0
4090	3	17	1	3	1
4091	3	17	1	3	2
4092	3	17	2	0	0
4093	3	17	2	0	1
4094	3	17	2	0	2
4095	3	17	2	1	0
4096	3	17	2	1	1
4097	3	17	2	1	2
4098	3	17	2	2	0
4099	3	17	2	2	1
4100	3	17	2	2	2
4101	3	17	2	3	0
4102	3	17	2	3	1
4103	3	17	2	3	2
4104	3	18	0	0	0
4105	3	18	0	0	1
4106	3	18	0	0	2
4107	3	18	0	1	0
4108	3	18	0	1	1
4109	3	18	0	1	2
4110	3	18	0	2	0
4111	3	18	0	2	1
4112	3	18	0	2	2
4113	3	18	0	3	0
4114	3	18	0	3	1
4115	3	18	0	3	2
4116	3	18	1	0	0
4117	3	18	1	0	1
4118	3	18	1	0	2
4119	3	18	1	1	0
4120	3	18	1	1	1
4121	3	18	1	1	2
4122	3	18	1	2	0
4123	3	18	1	2	1
4124	3	18	1	2	2
4125	3	18	1	3	0
4126	3	18	1	3	1
4127	3	18	1	3	2
4128	3	18	2	0	0
4129	3	18	2	0	1
4130	3	18	2	0	2
4131	3	18	2	1	0
4132	3	18	2	1	1
4133	3	18	2	1	2
4134	3	18	2	2	0
4135	3	18	2	2	1
4136	3	18	2	2	2
4137	3	18	2	3	0
4138	3	18	2	3	1
4139	3	18	2	3	2
4140	3	19	0	0	0
4141	3	19	0	0	1
4142	3	19	0	0	2
4143	3	19	0	1	0
4144	3	19	0	1	1
4145	3	19	0	1	2
4146	3	19	0	2	0
4147	3	19	0	2	1
4148	3	19	0	2	2
4149	3	19	0	3	0
4150	3	19	0	3	1
4151	3	19	0	3	2
4152	3	19	1	0	0
4153	3	19	1	0	1
4154	3	19	1	0	2
4155	3	19	1	1	0
4156	3	19	1	1	1
4157	3	19	1	1	2
4158	3	19	1	2	0
4159	3	19	1	2	1
4160	3	19	1	2	2
4161	3	19	1	3	0
4162	3	19	1	3	1
4163	3	19	1	3	2
4164	3	19	2	0	0
4165	3	19	2	0	1
4166	3	19	2	0	2
4167	3	19	2	1	0
4168	3	19	2	1	1
4169	3	19	2	1	2
4170	3	19	2	2	0
4171	3	19	2	2	1
4172	3	19	2	2	2
4173	3	19	2	3	0
4174	3	19	2	3	1
4175	3	19	2	3	2
4176	3	20	0	0	0
4177	3	20	0	0	1
4178	3	20	0	0	2
4179	3	20	0	1	0
4180	3	20	0	1	1
4181	3	20	0	1	2
4182	3	20	0	2	0
4183	3	20	0	2	1
4184	3	20	0	2	2
4185	3	20	0	3	0
4186	3	20	0	3	1
4187	3	20	0	3	2
4188	3	20	1	0	0
4189	3	20	1	0	1
4190	3	20	1	0	2
4191	3	20	1	1	0
4192	3	20	1	1	1
4193	3	20	1	1	2
4194	3	20	1	2	0
4195	3	20	1	2	1
4196	3	20	1	2	2
4197	3	20	1	3	0
4198	3	20	1	3	1
4199	3	20	1	3	2
4200	3	20	2	0	0
4201	3	20	2	0	1
4202	3	20	2	0	2
4203	3	20	2	1	0
4204	3	20	2	1	1
4205	3	20	2	1	2
4206	3	20	2	2	0
4207	3	20	2	2	1
4208	3	20	2	2	2
4209	3	20	2	3	0
4210	3	20	2	3	1
4211	3	20	2	3	2
4212	3	21	0	0	0
4213	3	21	0	0	1
4214	3	21	0	0	2
4215	3	21	0	1	0
4216	3	21	0	1	1
4217	3	21	0	1	2
4218	3	21	0	2	0
4219	3	21	0	2	1
4220	3	21	0	2	2
4221	3	21	0	3	0
4222	3	21	0	3	1
4223	3	21	0	3	2
4224	3	21	1	0	0
4225	3	21	1	0	1
4226	3	21	1	0	2
4227	3	21	1	1	0
4228	3	21	1	1	1
4229	3	21	1	1	2
4230	3	21	1	2	0
4231	3	21	1	2	1
4232	3	21	1	2	2
4233	3	21	1	3	0
4234	3	21	1	3	1
4235	3	21	1	3	2
4236	3	21	2	0	0
4237	3	21	2	0	1
4238	3	21	2	0	2
4239	3	21	2	1	0
4240	3	21	2	1	1
4241	3	21	2	1	2
4242	3	21	2	2	0
4243	3	21	2	2	1
4244	3	21	2	2	2
4245	3	21	2	3	0
4246	3	21	2	3	1
4247	3	21	2	3	2
4248	3	22	0	0	0
4249	3	22	0	0	1
4250	3	22	0	0	2
4251	3	22	0	1	0
4252	3	22	0	1	1
4253	3	22	0	1	2
4254	3	22	0	2	0
4255	3	22	0	2	1
4256	3	22	0	2	2
4257	3	22	0	3	0
4258	3	22	0	3	1
4259	3	22	0	3	2
4260	3	22	1	0	0
4261	3	22	1	0	1
4262	3	22	1	0	2
4263	3	22	1	1	0
4264	3	22	1	1	1
4265	3	22	1	1	2
4266	3	22	1	2	0
4267	3	22	1	2	1
4268	3	22	1	2	2
4269	3	22	1	3	0
4270	3	22	1	3	1
4271	3	22	1	3	2
4272	3	22	2	0	0
4273	3	22	2	0	1
4274	3	22	2	0	2
4275	3	22	2	1	0
4276	3	22	2	1	1
4277	3	22	2	1	2
4278	3	22	2	2	0
4279	3	22	2	2	1
4280	3	22	2	2	2
4281	3	22	2	3	0
4282	3	22	2	3	1
4283	3	22	2	3	2
4284	3	23	0	0	0
4285	3	23	0	0	1
4286	3	23	0	0	2
4287	3	23	0	1	0
4288	3	23	0	1	1
4289	3	23	0	1	2
4290	3	23	0	2	0
4291	3	23	0	2	1
4292	3	23	0	2	2
4293	3	23	0	3	0
4294	3	23	0	3	1
4295	3	23	0	3	2
4296	3	23	1	0	0
4297	3	23	1	0	1
4298	3	23	1	0	2
4299	3	23	1	1	0
4300	3	23	1	1	1
4301	3	23	1	1	2
4302	3	23	1	2	0
4303	3	23	1	2	1
4304	3	23	1	2	2
4305	3	23	1	3	0
4306	3	23	1	3	1
4307	3	23	1	3	2
4308	3	23	2	0	0
4309	3	23	2	0	1
4310	3	23	2	0	2
4311	3	23	2	1	0
4312	3	23	2	1	1
4313	3	23	2	1	2
4314	3	23	2	2	0
4315	3	23	2	2	1
4316	3	23	2	2	2
4317	3	23	2	3	0
4318	3	23	2	3	1
4319	3	23	2	3	2
4320	3	24	0	0	0
4321	3	24	0	0	1
4322	3	24	0	0	2
4323	3	24	0	1	0
4324	3	24	0	1	1
4325	3	24	0	1	2
4326	3	24	0	2	0
4327	3	24	0	2	1
4328	3	24	0	2	2
4329	3	24	0	3	0
4330	3	24	0	3	1
4331	3	24	0	3	2
4332	3	24	1	0	0
4333	3	24	1	0	1
4334	3	24	1	0	2
4335	3	24	1	1	0
4336	3	24	1	1	1
4337	3	24	1	1	2
4338	3	24	1	2	0
4339	3	24	1	2	1
4340	3	24	1	2	2
4341	3	24	1	3	0
4342	3	24	1	3	1
4343	3	24	1	3	2
4344	3	24	2	0	0
4345	3	24	2	0	1
4346	3	24	2	0	2
4347	3	24	2	1	0
4348	3	24	2	1	1
4349	3	24	2	1	2
4350	3	24	2	2	0
4351	3	24	2	2	1
4352	3	24	2	2	2
4353	3	24	2	3	0
4354	3	24	2	3	1
4355	3	24	2	3	2
4356	3	25	0	0	0
4357	3	25	0	0	1
4358	3	25	0	0	2
4359	3	25	0	1	0
4360	3	25	0	1	1
4361	3	25	0	1	2
4362	3	25	0	2	0
4363	3	25	0	2	1
4364	3	25	0	2	2
4365	3	25	0	3	0
4366	3	25	0	3	1
4367	3	25	0	3	2
4368	3	25	1	0	0
4369	3	25	1	0	1
4370	3	25	1	0	2
4371	3	25	1	1	0
4372	3	25	1	1	1
4373	3	25	1	1	2
4374	3	25	1	2	0
4375	3	25	1	2	1
4376	3	25	1	2	2
4377	3	25	1	3	0
4378	3	25	1	3	1
4379	3	25	1	3	2
4380	3	25	2	0	0
4381	3	25	2	0	1
4382	3	25	2	0	2
4383	3	25	2	1	0
4384	3	25	2	1	1
4385	3	25	2	1	2
4386	3	25	2	2	0
4387	3	25	2	2	1
4388	3	25	2	2	2
4389	3	25	2	3	0
4390	3	25	2	3	1
4391	3	25	2	3	2
4392	3	26	0	0	0
4393	3	26	0	0	1
4394	3	26	0	0	2
4395	3	26	0	1	0
4396	3	26	0	1	1
4397	3	26	0	1	2
4398	3	26	0	2	0
4399	3	26	0	2	1
4400	3	26	0	2	2
4401	3	26	0	3	0
4402	3	26	0	3	1
4403	3	26	0	3	2
4404	3	26	1	0	0
4405	3	26	1	0	1
4406	3	26	1	0	2
4407	3	26	1	1	0
4408	3	26	1	1	1
4409	3	26	1	1	2
4410	3	26	1	2	0
4411	3	26	1	2	1
4412	3	26	1	2	2
4413	3	26	1	3	0
4414	3	26	1	3	1
4415	3	26	1	3	2
4416	3	26	2	0	0
4417	3	26	2	0	1
4418	3	26	2	0	2
4419	3	26	2	1	0
4420	3	26	2	1	1
4421	3	26	2	1	2
4422	3	26	2	2	0
4423	3	26	2	2	1
4424	3	26	2	2	2
4425	3	26	2	3	0
4426	3	26	2	3	1
4427	3	26	2	3	2
4428	3	27	0	0	0
4429	3	27	0	0	1
4430	3	27	0	0	2
4431	3	27	0	1	0
4432	3	27	0	1	1
4433	3	27	0	1	2
4434	3	27	0	2	0
4435	3	27	0	2	1
4436	3	27	0	2	2
4437	3	27	0	3	0
4438	3	27	0	3	1
4439	3	27	0	3	2
4440	3	27	1	0	0
4441	3	27	1	0	1
4442	3	27	1	0	2
4443	3	27	1	1	0
4444	3	27	1	1	1
4445	3	27	1	1	2
4446	3	27	1	2	0
4447	3	27	1	2	1
4448	3	27	1	2	2
4449	3	27	1	3	0
4450	3	27	1	3	1
4451	3	27	1	3	2
4452	3	27	2	0	0
4453	3	27	2	0	1
4454	3	27	2	0	2
4455	3	27	2	1	0
4456	3	27	2	1	1
4457	3	27	2	1	2
4458	3	27	2	2	0
4459	3	27	2	2	1
4460	3	27	2	2	2
4461	3	27	2	3	0
4462	3	27	2	3	1
4463	3	27	2	3	2
4464	3	28	0	0	0
4465	3	28	0	0	1
4466	3	28	0	0	2
4467	3	28	0	1	0
4468	3	28	0	1	1
4469	3	28	0	1	2
4470	3	28	0	2	0
4471	3	28	0	2	1
4472	3	28	0	2	2
4473	3	28	0	3	0
4474	3	28	0	3	1
4475	3	28	0	3	2
4476	3	28	1	0	0
4477	3	28	1	0	1
4478	3	28	1	0	2
4479	3	28	1	1	0
4480	3	28	1	1	1
4481	3	28	1	1	2
4482	3	28	1	2	0
4483	3	28	1	2	1
4484	3	28	1	2	2
4485	3	28	1	3	0
4486	3	28	1	3	1
4487	3	28	1	3	2
4488	3	28	2	0	0
4489	3	28	2	0	1
4490	3	28	2	0	2
4491	3	28	2	1	0
4492	3	28	2	1	1
4493	3	28	2	1	2
4494	3	28	2	2	0
4495	3	28	2	2	1
4496	3	28	2	2	2
4497	3	28	2	3	0
4498	3	28	2	3	1
4499	3	28	2	3	2
4500	3	29	0	0	0
4501	3	29	0	0	1
4502	3	29	0	0	2
4503	3	29	0	1	0
4504	3	29	0	1	1
4505	3	29	0	1	2
4506	3	29	0	2	0
4507	3	29	0	2	1
4508	3	29	0	2	2
4509	3	29	0	3	0
4510	3	29	0	3	1
4511	3	29	0	3	2
4512	3	29	1	0	0
4513	3	29	1	0	1
4514	3	29	1	0	2
4515	3	29	1	1	0
4516	3	29	1	1	1
4517	3	29	1	1	2
4518	3	29	1	2	0
4519	3	29	1	2	1
4520	3	29	1	2	2
4521	3	29	1	3	0
4522	3	29	1	3	1
4523	3	29	1	3	2
4524	3	29	2	0	0
4525	3	29	2	0	1
4526	3	29	2	0	2
4527	3	29	2	1	0
4528	3	29	2	1	1
4529	3	29	2	1	2
4530	3	29	2	2	0
4531	3	29	2	2	1
4532	3	29	2	2	2
4533	3	29	2	3	0
4534	3	29	2	3	1
4535	3	29	2	3	2
4536	3	30	0	0	0
4537	3	30	0	0	1
4538	3	30	0	0	2
4539	3	30	0	1	0
4540	3	30	0	1	1
4541	3	30	0	1	2
4542	3	30	0	2	0
4543	3	30	0	2	1
4544	3	30	0	2	2
4545	3	30	0	3	0
4546	3	30	0	3	1
4547	3	30	0	3	2
4548	3	30	1	0	0
4549	3	30	1	0	1
4550	3	30	1	0	2
4551	3	30	1	1	0
4552	3	30	1	1	1
4553	3	30	1	1	2
4554	3	30	1	2	0
4555	3	30	1	2	1
4556	3	30	1	2	2
4557	3	30	1	3	0
4558	3	30	1	3	1
4559	3	30	1	3	2
4560	3	30	2	0	0
4561	3	30	2	0	1
4562	3	30	2	0	2
4563	3	30	2	1	0
4564	3	30	2	1	1
4565	3	30	2	1	2
4566	3	30	2	2	0
4567	3	30	2	2	1
4568	3	30	2	2	2
4569	3	30	2	3	0
4570	3	30	2	3	1
4571	3	30	2	3	2
4572	3	31	0	0	0
4573	3	31	0	0	1
4574	3	31	0	0	2
4575	3	31	0	1	0
4576	3	31	0	1	1
4577	3	31	0	1	2
4578	3	31	0	2	0
4579	3	31	0	2	1
4580	3	31	0	2	2
4581	3	31	0	3	0
4582	3	31	0	3	1
4583	3	31	0	3	2
4584	3	31	1	0	0
4585	3	31	1	0	1
4586	3	31	1	0	2
4587	3	31	1	1	0
4588	3	31	1	1	1
4589	3	31	1	1	2
4590	3	31	1	2	0
4591	3	31	1	2	1
4592	3	31	1	2	2
4593	3	31	1	3	0
4594	3	31	1	3	1
4595	3	31	1	3	2
4596	3	31	2	0	0
4597	3	31	2	0	1
4598	3	31	2	0	2
4599	3	31	2	1	0
4600	3	31	2	1	1
4601	3	31	2	1	2
4602	3	31	2	2	0
4603	3	31	2	2	1
4604	3	31	2	2	2
4605	3	31	2	3	0
4606	3	31	2	3	1
4607	3	31	2	3	2
4608	4	0	0	0	0
4609	4	0	0	0	1
4610	4	0	0	0	2
4611	4	0	0	1	0
4612	4	0	0	1	1
4613	4	0	0	1	2
4614	4	0	0	2	0
4615	4	0	0	2	1
4616	4	0	0	2	2
4617	4	0	0	3	0
4618	4	0	0	3	1
4619	4	0	0	3	2
4620	4	0	1	0	0
4621	4	0	1	0	1
4622	4	0	1	0	2
4623	4	0	1	1	0
4624	4	0	1	1	1
4625	4	0	1	1	2
4626	4	0	1	2	0
4627	4	0	1	2	1
4628	4	0	1	2	2
4629	4	0	1	3	0
4630	4	0	1	3	1
4631	4	0	1	3	2
4632	4	0	2	0	0
4633	4	0	2	0	1
4634	4	0	2	0	2
4635	4	0	2	1	0
4636	4	0	2	1	1
4637	4	0	2	1	2
4638	4	0	2	2	0
4639	4	0	2	2	1
4640	4	0	2	2	2
4641	4	0	2	3	0
4642	4	0	2	3	1
4643	4	0	2	3	2
4644	4	1	0	0	0
4645	4	1	0	0	1
4646	4	1	0	0	2
4647	4	1	0	1	0
4648	4	1	0	1	1
4649	4	1	0	1	2
4650	4	1	0	2	0
4651	4	1	0	2	1
4652	4	1	0	2	2
4653	4	1	0	3	0
4654	4	1	0	3	1
4655	4	1	0	3	2
4656	4	1	1	0	0
4657	4	1	1	0	1
4658	4	1	1	0	2
4659	4	1	1	1	0
4660	4	1	1	1	1
4661	4	1	1	1	2
4662	4	1	1	2	0
4663	4	1	1	2	1
4664	4	1	1	2	2
4665	4	1	1	3	0
4666	4	1	1	3	1
4667	4	1	1	3	2
4668	4	1	2	0	0
4669	4	1	2	0	1
4670	4	1	2	0	2
4671	4	1	2	1	0
4672	4	1	2	1	1
4673	4	1	2	1	2
4674	4	1	2	2	0
4675	4	1	2	2	1
4676	4	1	2	2	2
4677	4	1	2	3	0
4678	4	1	2	3	1
4679	4	1	2	3	2
4680	4	2	0	0	0
4681	4	2	0	0	1
4682	4	2	0	0	2
4683	4	2	0	1	0
4684	4	2	0	1	1
4685	4	2	0	1	2
4686	4	2	0	2	0
4687	4	2	0	2	1
4688	4	2	0	2	2
4689	4	2	0	3	0
4690	4	2	0	3	1
4691	4	2	0	3	2
4692	4	2	1	0	0
4693	4	2	1	0	1
4694	4	2	1	0	2
4695	4	2	1	1	0
4696	4	2	1	1	1
4697	4	2	1	1	2
4698	4	2	1	2	0
4699	4	2	1	2	1
4700	4	2	1	2	2
4701	4	2	1	3	0
4702	4	2	1	3	1
4703	4	2	1	3	2
4704	4	2	2	0	0
4705	4	2	2	0	1
4706	4	2	2	0	2
4707	4	2	2	1	0
4708	4	2	2	1	1
4709	4	2	2	1	2
4710	4	2	2	2	0
4711	4	2	2	2	1
4712	4	2	2	2	2
4713	4	2	2	3	0
4714	4	2	2	3	1
4715	4	2	2	3	2
4716	4	3	0	0	0
4717	4	3	0	0	1
4718	4	3	0	0	2
4719	4	3	0	1	0
4720	4	3	0	1	1
4721	4	3	0	1	2
4722	4	3	0	2	0
4723	4	3	0	2	1
4724	4	3	0	2	2
4725	4	3	0	3	0
4726	4	3	0	3	1
4727	4	3	0	3	2
4728	4	3	1	0	0
4729	4	3	1	0	1
4730	4	3	1	0	2
4731	4	3	1	1	0
4732	4	3	1	1	1
4733	4	3	1	1	2
4734	4	3	1	2	0
4735	4	3	1	2	1
4736	4	3	1	2	2
4737	4	3	1	3	0
4738	4	3	1	3	1
4739	4	3	1	3	2
4740	4	3	2	0	0
4741	4	3	2	0	1
4742	4	3	2	0	2
4743	4	3	2	1	0
4744	4	3	2	1	1
4745	4	3	2	1	2
4746	4	3	2	2	0
4747	4	3	2	2	1
4748	4	3	2	2	2
4749	4	3	2	3	0
4750	4	3	2	3	1
4751	4	3	2	3	2
4752	4	4	0	0	0
4753	4	4	0	0	1
4754	4	4	0	0	2
4755	4	4	0	1	0
4756	4	4	0	1	1
4757	4	4	0	1	2
4758	4	4	0	2	0
4759	4	4	0	2	1
4760	4	4	0	2	2
4761	4	4	0	3	0
4762	4	4	0	3	1
4763	4	4	0	3	2
4764	4	4	1	0	0
4765	4	4	1	0	1
4766	4	4	1	0	2
4767	4	4	1	1	0
4768	4	4	1	1	1
4769	4	4	1	1	2
4770	4	4	1	2	0
4771	4	4	1	2	1
4772	4	4	1	2	2
4773	4	4	1	3	0
4774	4	4	1	3	1
4775	4	4	1	3	2
4776	4	4	2	0	0
4777	4	4	2	0	1
4778	4	4	2	0	2
4779	4	4	2	1	0
4780	4	4	2	1	1
4781	4	4	2	1	2
4782	4	4	2	2	0
4783	4	4	2	2	1
4784	4	4	2	2	2
4785	4	4	2	3	0
4786	4	4	2	3	1
4787	4	4	2	3	2
4788	4	5	0	0	0
4789	4	5	0	0	1
4790	4	5	0	0	2
4791	4	5	0	1	0
4792	4	5	0	1	1
4793	4	5	0	1	2
4794	4	5	0	2	0
4795	4	5	0	2	1
4796	4	5	0	2	2
4797	4	5	0	3	0
4798	4	5	0	3	1
4799	4	5	0	3	2
4800	4	5	1	0	0
4801	4	5	1	0	1
4802	4	5	1	0	2
4803	4	5	1	1	0
4804	4	5	1	1	1
4805	4	5	1	1	2
4806	4	5	1	2	0
4807	4	5	1	2	1
4808	4	5	1	2	2
4809	4	5	1	3	0
4810	4	5	1	3	1
4811	4	5	1	3	2
4812	4	5	2	0	0
4813	4	5	2	0	1
4814	4	5	2	0	2
4815	4	5	2	1	0
4816	4	5	2	1	1
4817	4	5	2	1	2
4818	4	5	2	2	0
4819	4	5	2	2	1
4820	4	5	2	2	2
4821	4	5	2	3	0
4822	4	5	2	3	1
4823	4	5	2	3	2
4824	4	6	0	0	0
4825	4	6	0	0	1
4826	4	6	0	0	2
4827	4	6	0	1	0
4828	4	6	0	1	1
4829	4	6	0	1	2
4830	4	6	0	2	0
4831	4	6	0	2	1
4832	4	6	0	2	2
4833	4	6	0	3	0
4834	4	6	0	3	1
4835	4	6	0	3	2
4836	4	6	1	0	0
4837	4	6	1	0	1
4838	4	6	1	0	2
4839	4	6	1	1	0
4840	4	6	1	1	1
4841	4	6	1	1	2
4842	4	6	1	2	0
4843	4	6	1	2	1
4844	4	6	1	2	2
4845	4	6	1	3	0
4846	4	6	1	3	1
4847	4	6	1	3	2
4848	4	6	2	0	0
4849	4	6	2	0	1
4850	4	6	2	0	2
4851	4	6	2	1	0
4852	4	6	2	1	1
4853	4	6	2	1	2
4854	4	6	2	2	0
4855	4	6	2	2	1
4856	4	6	2	2	2
4857	4	6	2	3	0
4858	4	6	2	3	1
4859	4	6	2	3	2
4860	4	7	0	0	0
4861	4	7	0	0	1
4862	4	7	0	0	2
4863	4	7	0	1	0
4864	4	7	0	1	1
4865	4	7	0	1	2
4866	4	7	0	2	0
4867	4	7	0	2	1
4868	4	7	0	2	2
4869	4	7	0	3	0
4870	4	7	0	3	1
4871	4	7	0	3	2
4872	4	7	1	0	0
4873	4	7	1	0	1
4874	4	7	1	0	2
4875	4	7	1	1	0
4876	4	7	1	1	1
4877	4	7	1	1	2
4878	4	7	1	2	0
4879	4	7	1	2	1
4880	4	7	1	2	2
4881	4	7	1	3	0
4882	4	7	1	3	1
4883	4	7	1	3	2
4884	4	7	2	0	0
4885	4	7	2	0	1
4886	4	7	2	0	2
4887	4	7	2	1	0
4888	4	7	2	1	1
4889	4	7	2	1	2
4890	4	7	2	2	0
4891	4	7	2	2	1
4892	4	7	2	2	2
4893	4	7	2	3	0
4894	4	7	2	3	1
4895	4	7	2	3	2
4896	4	8	0	0	0
4897	4	8	0	0	1
4898	4	8	0	0	2
4899	4	8	0	1	0
4900	4	8	0	1	1
4901	4	8	0	1	2
4902	4	8	0	2	0
4903	4	8	0	2	1
4904	4	8	0	2	2
4905	4	8	0	3	0
4906	4	8	0	3	1
4907	4	8	0	3	2
4908	4	8	1	0	0
4909	4	8	1	0	1
4910	4	8	1	0	2
4911	4	8	1	1	0
4912	4	8	1	1	1
4913	4	8	1	1	2
4914	4	8	1	2	0
4915	4	8	1	2	1
4916	4	8	1	2	2
4917	4	8	1	3	0
4918	4	8	1	3	1
4919	4	8	1	3	2
4920	4	8	2	0	0
4921	4	8	2	0	1
4922	4	8	2	0	2
4923	4	8	2	1	0
4924	4	8	2	1	1
4925	4	8	2	1	2
4926	4	8	2	2	0
4927	4	8	2	2	1
4928	4	8	2	2	2
4929	4	8	2	3	0
4930	4	8	2	3	1
4931	4	8	2	3	2
4932	4	9	0	0	0
4933	4	9	0	0	1
4934	4	9	0	0	2
4935	4	9	0	1	0
4936	4	9	0	1	1
4937	4	9	0	1	2
4938	4	9	0	2	0
4939	4	9	0	2	1
4940	4	9	0	2	2
4941	4	9	0	3	0
4942	4	9	0	3	1
4943	4	9	0	3	2
4944	4	9	1	0	0
4945	4	9	1	0	1
4946	4	9	1	0	2
4947	4	9	1	1	0
4948	4	9	1	1	1
4949	4	9	1	1	2
4950	4	9	1	2	0
4951	4	9	1	2	1
4952	4	9	1	2	2
4953	4	9	1	3	0
4954	4	9	1	3	1
4955	4	9	1	3	2
4956	4	9	2	0	0
4957	4	9	2	0	1
4958	4	9	2	0	2
4959	4	9	2	1	0
4960	4	9	2	1	1
4961	4	9	2	1	2
4962	4	9	2	2	0
4963	4	9	2	2	1
4964	4	9	2	2	2
4965	4	9	2	3	0
4966	4	9	2	3	1
4967	4	9	2	3	2
4968	4	10	0	0	0
4969	4	10	0	0	1
4970	4	10	0	0	2
4971	4	10	0	1	0
4972	4	10	0	1	1
4973	4	10	0	1	2
4974	4	10	0	2	0
4975	4	10	0	2	1
4976	4	10	0	2	2
4977	4	10	0	3	0
4978	4	10	0	3	1
4979	4	10	0	3	2
4980	4	10	1	0	0
4981	4	10	1	0	1
4982	4	10	1	0	2
4983	4	10	1	1	0
4984	4	10	1	1	1
4985	4	10	1	1	2
4986	4	10	1	2	0
4987	4	10	1	2	1
4988	4	10	1	2	2
4989	4	10	1	3	0
4990	4	10	1	3	1
4991	4	10	1	3	2
4992	4	10	2	0	0
4993	4	10	2	0	1
4994	4	10	2	0	2
4995	4	10	2	1	0
4996	4	10	2	1	1
4997	4	10	2	1	2
4998	4	10	2	2	0
4999	4	10	2	2	1
5000	4	10	2	2	2
5001	4	10	2	3	0
5002	4	10	2	3	1
5003	4	10	2	3	2
5004	4	11	0	0	0
5005	4	11	0	0	1
5006	4	11	0	0	2
5007	4	11	0	1	0
5008	4	11	0	1	1
5009	4	11	0	1	2
5010	4	11	0	2	0
5011	4	11	0	2	1
5012	4	11	0	2	2
5013	4	11	0	3	0
5014	4	11	0	3	1
5015	4	11	0	3	2
5016	4	11	1	0	0
5017	4	11	1	0	1
5018	4	11	1	0	2
5019	4	11	1	1	0
5020	4	11	1	1	1
5021	4	11	1	1	2
5022	4	11	1	2	0
5023	4	11	1	2	1
5024	4	11	1	2	2
5025	4	11	1	3	0
5026	4	11	1	3	1
5027	4	11	1	3	2
5028	4	11	2	0	0
5029	4	11	2	0	1
5030	4	11	2	0	2
5031	4	11	2	1	0
5032	4	11	2	1	1
5033	4	11	2	1	2
5034	4	11	2	2	0
5035	4	11	2	2	1
5036	4	11	2	2	2
5037	4	11	2	3	0
5038	4	11	2	3	1
5039	4	11	2	3	2
5040	4	12	0	0	0
5041	4	12	0	0	1
5042	4	12	0	0	2
5043	4	12	0	1	0
5044	4	12	0	1	1
5045	4	12	0	1	2
5046	4	12	0	2	0
5047	4	12	0	2	1
5048	4	12	0	2	2
5049	4	12	0	3	0
5050	4	12	0	3	1
5051	4	12	0	3	2
5052	4	12	1	0	0
5053	4	12	1	0	1
5054	4	12	1	0	2
5055	4	12	1	1	0
5056	4	12	1	1	1
5057	4	12	1	1	2
5058	4	12	1	2	0
5059	4	12	1	2	1
5060	4	12	1	2	2
5061	4	12	1	3	0
5062	4	12	1	3	1
5063	4	12	1	3	2
5064	4	12	2	0	0
5065	4	12	2	0	1
5066	4	12	2	0	2
5067	4	12	2	1	0
5068	4	12	2	1	1
5069	4	12	2	1	2
5070	4	12	2	2	0
5071	4	12	2	2	1
5072	4	12	2	2	2
5073	4	12	2	3	0
5074	4	12	2	3	1
5075	4	12	2	3	2
5076	4	13	0	0	0
5077	4	13	0	0	1
5078	4	13	0	0	2
5079	4	13	0	1	0
5080	4	13	0	1	1
5081	4	13	0	1	2
5082	4	13	0	2	0
5083	4	13	0	2	1
5084	4	13	0	2	2
5085	4	13	0	3	0
5086	4	13	0	3	1
5087	4	13	0	3	2
5088	4	13	1	0	0
5089	4	13	1	0	1
5090	4	13	1	0	2
5091	4	13	1	1	0
5092	4	13	1	1	1
5093	4	13	1	1	2
5094	4	13	1	2	0
5095	4	13	1	2	1
5096	4	13	1	2	2
5097	4	13	1	3	0
5098	4	13	1	3	1
5099	4	13	1	3	2
5100	4	13	2	0	0
5101	4	13	2	0	1
5102	4	13	2	0	2
5103	4	13	2	1	0
5104	4	13	2	1	1
5105	4	13	2	1	2
5106	4	13	2	2	0
5107	4	13	2	2	1
5108	4	13	2	2	2
5109	4	13	2	3	0
5110	4	13	2	3	1
5111	4	13	2	3	2
5112	4	14	0	0	0
5113	4	14	0	0	1
5114	4	14	0	0	2
5115	4	14	0	1	0
5116	4	14	0	1	1
5117	4	14	0	1	2
5118	4	14	0	2	0
5119	4	14	0	2	1
5120	4	14	0	2	2
5121	4	14	0	3	0
5122	4	14	0	3	1
5123	4	14	0	3	2
5124	4	14	1	0	0
5125	4	14	1	0	1
5126	4	14	1	0	2
5127	4	14	1	1	0
5128	4	14	1	1	1
5129	4	14	1	1	2
5130	4	14	1	2	0
5131	4	14	1	2	1
5132	4	14	1	2	2
5133	4	14	1	3	0
5134	4	14	1	3	1
5135	4	14	1	3	2
5136	4	14	2	0	0
5137	4	14	2	0	1
5138	4	14	2	0	2
5139	4	14	2	1	0
5140	4	14	2	1	1
5141	4	14	2	1	2
5142	4	14	2	2	0
5143	4	14	2	2	1
5144	4	14	2	2	2
5145	4	14	2	3	0
5146	4	14	2	3	1
5147	4	14	2	3	2
5148	4	15	0	0	0
5149	4	15	0	0	1
5150	4	15	0	0	2
5151	4	15	0	1	0
5152	4	15	0	1	1
5153	4	15	0	1	2
5154	4	15	0	2	0
5155	4	15	0	2	1
5156	4	15	0	2	2
5157	4	15	0	3	0
5158	4	15	0	3	1
5159	4	15	0	3	2
5160	4	15	1	0	0
5161	4	15	1	0	1
5162	4	15	1	0	2
5163	4	15	1	1	0
5164	4	15	1	1	1
5165	4	15	1	1	2
5166	4	15	1	2	0
5167	4	15	1	2	1
5168	4	15	1	2	2
5169	4	15	1	3	0
5170	4	15	1	3	1
5171	4	15	1	3	2
5172	4	15	2	0	0
5173	4	15	2	0	1
5174	4	15	2	0	2
5175	4	15	2	1	0
5176	4	15	2	1	1
5177	4	15	2	1	2
5178	4	15	2	2	0
5179	4	15	2	2	1
5180	4	15	2	2	2
5181	4	15	2	3	0
5182	4	15	2	3	1
5183	4	15	2	3	2
5184	4	16	0	0	0
5185	4	16	0	0	1
5186	4	16	0	0	2
5187	4	16	0	1	0
5188	4	16	0	1	1
5189	4	16	0	1	2
5190	4	16	0	2	0
5191	4	16	0	2	1
5192	4	16	0	2	2
5193	4	16	0	3	0
5194	4	16	0	3	1
5195	4	16	0	3	2
5196	4	16	1	0	0
5197	4	16	1	0	1
5198	4	16	1	0	2
5199	4	16	1	1	0
5200	4	16	1	1	1
5201	4	16	1	1	2
5202	4	16	1	2	0
5203	4	16	1	2	1
5204	4	16	1	2	2
5205	4	16	1	3	0
5206	4	16	1	3	1
5207	4	16	1	3	2
5208	4	16	2	0	0
5209	4	16	2	0	1
5210	4	16	2	0	2
5211	4	16	2	1	0
5212	4	16	2	1	1
5213	4	16	2	1	2
5214	4	16	2	2	0
5215	4	16	2	2	1
5216	4	16	2	2	2
5217	4	16	2	3	0
5218	4	16	2	3	1
5219	4	16	2	3	2
5220	4	17	0	0	0
5221	4	17	0	0	1
5222	4	17	0	0	2
5223	4	17	0	1	0
5224	4	17	0	1	1
5225	4	17	0	1	2
5226	4	17	0	2	0
5227	4	17	0	2	1
5228	4	17	0	2	2
5229	4	17	0	3	0
5230	4	17	0	3	1
5231	4	17	0	3	2
5232	4	17	1	0	0
5233	4	17	1	0	1
5234	4	17	1	0	2
5235	4	17	1	1	0
5236	4	17	1	1	1
5237	4	17	1	1	2
5238	4	17	1	2	0
5239	4	17	1	2	1
5240	4	17	1	2	2
5241	4	17	1	3	0
5242	4	17	1	3	1
5243	4	17	1	3	2
5244	4	17	2	0	0
5245	4	17	2	0	1
5246	4	17	2	0	2
5247	4	17	2	1	0
5248	4	17	2	1	1
5249	4	17	2	1	2
5250	4	17	2	2	0
5251	4	17	2	2	1
5252	4	17	2	2	2
5253	4	17	2	3	0
5254	4	17	2	3	1
5255	4	17	2	3	2
5256	4	18	0	0	0
5257	4	18	0	0	1
5258	4	18	0	0	2
5259	4	18	0	1	0
5260	4	18	0	1	1
5261	4	18	0	1	2
5262	4	18	0	2	0
5263	4	18	0	2	1
5264	4	18	0	2	2
5265	4	18	0	3	0
5266	4	18	0	3	1
5267	4	18	0	3	2
5268	4	18	1	0	0
5269	4	18	1	0	1
5270	4	18	1	0	2
5271	4	18	1	1	0
5272	4	18	1	1	1
5273	4	18	1	1	2
5274	4	18	1	2	0
5275	4	18	1	2	1
5276	4	18	1	2	2
5277	4	18	1	3	0
5278	4	18	1	3	1
5279	4	18	1	3	2
5280	4	18	2	0	0
5281	4	18	2	0	1
5282	4	18	2	0	2
5283	4	18	2	1	0
5284	4	18	2	1	1
5285	4	18	2	1	2
5286	4	18	2	2	0
5287	4	18	2	2	1
5288	4	18	2	2	2
5289	4	18	2	3	0
5290	4	18	2	3	1
5291	4	18	2	3	2
5292	4	19	0	0	0
5293	4	19	0	0	1
5294	4	19	0	0	2
5295	4	19	0	1	0
5296	4	19	0	1	1
5297	4	19	0	1	2
5298	4	19	0	2	0
5299	4	19	0	2	1
5300	4	19	0	2	2
5301	4	19	0	3	0
5302	4	19	0	3	1
5303	4	19	0	3	2
5304	4	19	1	0	0
5305	4	19	1	0	1
5306	4	19	1	0	2
5307	4	19	1	1	0
5308	4	19	1	1	1
5309	4	19	1	1	2
5310	4	19	1	2	0
5311	4	19	1	2	1
5312	4	19	1	2	2
5313	4	19	1	3	0
5314	4	19	1	3	1
5315	4	19	1	3	2
5316	4	19	2	0	0
5317	4	19	2	0	1
5318	4	19	2	0	2
5319	4	19	2	1	0
5320	4	19	2	1	1
5321	4	19	2	1	2
5322	4	19	2	2	0
5323	4	19	2	2	1
5324	4	19	2	2	2
5325	4	19	2	3	0
5326	4	19	2	3	1
5327	4	19	2	3	2
5328	4	20	0	0	0
5329	4	20	0	0	1
5330	4	20	0	0	2
5331	4	20	0	1	0
5332	4	20	0	1	1
5333	4	20	0	1	2
5334	4	20	0	2	0
5335	4	20	0	2	1
5336	4	20	0	2	2
5337	4	20	0	3	0
5338	4	20	0	3	1
5339	4	20	0	3	2
5340	4	20	1	0	0
5341	4	20	1	0	1
5342	4	20	1	0	2
5343	4	20	1	1	0
5344	4	20	1	1	1
5345	4	20	1	1	2
5346	4	20	1	2	0
5347	4	20	1	2	1
5348	4	20	1	2	2
5349	4	20	1	3	0
5350	4	20	1	3	1
5351	4	20	1	3	2
5352	4	20	2	0	0
5353	4	20	2	0	1
5354	4	20	2	0	2
5355	4	20	2	1	0
5356	4	20	2	1	1
5357	4	20	2	1	2
5358	4	20	2	2	0
5359	4	20	2	2	1
5360	4	20	2	2	2
5361	4	20	2	3	0
5362	4	20	2	3	1
5363	4	20	2	3	2
5364	4	21	0	0	0
5365	4	21	0	0	1
5366	4	21	0	0	2
5367	4	21	0	1	0
5368	4	21	0	1	1
5369	4	21	0	1	2
5370	4	21	0	2	0
5371	4	21	0	2	1
5372	4	21	0	2	2
5373	4	21	0	3	0
5374	4	21	0	3	1
5375	4	21	0	3	2
5376	4	21	1	0	0
5377	4	21	1	0	1
5378	4	21	1	0	2
5379	4	21	1	1	0
5380	4	21	1	1	1
5381	4	21	1	1	2
5382	4	21	1	2	0
5383	4	21	1	2	1
5384	4	21	1	2	2
5385	4	21	1	3	0
5386	4	21	1	3	1
5387	4	21	1	3	2
5388	4	21	2	0	0
5389	4	21	2	0	1
5390	4	21	2	0	2
5391	4	21	2	1	0
5392	4	21	2	1	1
5393	4	21	2	1	2
5394	4	21	2	2	0
5395	4	21	2	2	1
5396	4	21	2	2	2
5397	4	21	2	3	0
5398	4	21	2	3	1
5399	4	21	2	3	2
5400	4	22	0	0	0
5401	4	22	0	0	1
5402	4	22	0	0	2
5403	4	22	0	1	0
5404	4	22	0	1	1
5405	4	22	0	1	2
5406	4	22	0	2	0
5407	4	22	0	2	1
5408	4	22	0	2	2
5409	4	22	0	3	0
5410	4	22	0	3	1
5411	4	22	0	3	2
5412	4	22	1	0	0
5413	4	22	1	0	1
5414	4	22	1	0	2
5415	4	22	1	1	0
5416	4	22	1	1	1
5417	4	22	1	1	2
5418	4	22	1	2	0
5419	4	22	1	2	1
5420	4	22	1	2	2
5421	4	22	1	3	0
5422	4	22	1	3	1
5423	4	22	1	3	2
5424	4	22	2	0	0
5425	4	22	2	0	1
5426	4	22	2	0	2
5427	4	22	2	1	0
5428	4	22	2	1	1
5429	4	22	2	1	2
5430	4	22	2	2	0
5431	4	22	2	2	1
5432	4	22	2	2	2
5433	4	22	2	3	0
5434	4	22	2	3	1
5435	4	22	2	3	2
5436	4	23	0	0	0
5437	4	23	0	0	1
5438	4	23	0	0	2
5439	4	23	0	1	0
5440	4	23	0	1	1
5441	4	23	0	1	2
5442	4	23	0	2	0
5443	4	23	0	2	1
5444	4	23	0	2	2
5445	4	23	0	3	0
5446	4	23	0	3	1
5447	4	23	0	3	2
5448	4	23	1	0	0
5449	4	23	1	0	1
5450	4	23	1	0	2
5451	4	23	1	1	0
5452	4	23	1	1	1
5453	4	23	1	1	2
5454	4	23	1	2	0
5455	4	23	1	2	1
5456	4	23	1	2	2
5457	4	23	1	3	0
5458	4	23	1	3	1
5459	4	23	1	3	2
5460	4	23	2	0	0
5461	4	23	2	0	1
5462	4	23	2	0	2
5463	4	23	2	1	0
5464	4	23	2	1	1
5465	4	23	2	1	2
5466	4	23	2	2	0
5467	4	23	2	2	1
5468	4	23	2	2	2
5469	4	23	2	3	0
5470	4	23	2	3	1
5471	4	23	2	3	2
5472	4	24	0	0	0
5473	4	24	0	0	1
5474	4	24	0	0	2
5475	4	24	0	1	0
5476	4	24	0	1	1
5477	4	24	0	1	2
5478	4	24	0	2	0
5479	4	24	0	2	1
5480	4	24	0	2	2
5481	4	24	0	3	0
5482	4	24	0	3	1
5483	4	24	0	3	2
5484	4	24	1	0	0
5485	4	24	1	0	1
5486	4	24	1	0	2
5487	4	24	1	1	0
5488	4	24	1	1	1
5489	4	24	1	1	2
5490	4	24	1	2	0
5491	4	24	1	2	1
5492	4	24	1	2	2
5493	4	24	1	3	0
5494	4	24	1	3	1
5495	4	24	1	3	2
5496	4	24	2	0	0
5497	4	24	2	0	1
5498	4	24	2	0	2
5499	4	24	2	1	0
5500	4	24	2	1	1
5501	4	24	2	1	2
5502	4	24	2	2	0
5503	4	24	2	2	1
5504	4	24	2	2	2
5505	4	24	2	3	0
5506	4	24	2	3	1
5507	4	24	2	3	2
5508	4	25	0	0	0
5509	4	25	0	0	1
5510	4	25	0	0	2
5511	4	25	0	1	0
5512	4	25	0	1	1
5513	4	25	0	1	2
5514	4	25	0	2	0
5515	4	25	0	2	1
5516	4	25	0	2	2
5517	4	25	0	3	0
5518	4	25	0	3	1
5519	4	25	0	3	2
5520	4	25	1	0	0
5521	4	25	1	0	1
5522	4	25	1	0	2
5523	4	25	1	1	0
5524	4	25	1	1	1
5525	4	25	1	1	2
5526	4	25	1	2	0
5527	4	25	1	2	1
5528	4	25	1	2	2
5529	4	25	1	3	0
5530	4	25	1	3	1
5531	4	25	1	3	2
5532	4	25	2	0	0
5533	4	25	2	0	1
5534	4	25	2	0	2
5535	4	25	2	1	0
5536	4	25	2	1	1
5537	4	25	2	1	2
5538	4	25	2	2	0
5539	4	25	2	2	1
5540	4	25	2	2	2
5541	4	25	2	3	0
5542	4	25	2	3	1
5543	4	25	2	3	2
5544	4	26	0	0	0
5545	4	26	0	0	1
5546	4	26	0	0	2
5547	4	26	0	1	0
5548	4	26	0	1	1
5549	4	26	0	1	2
5550	4	26	0	2	0
5551	4	26	0	2	1
5552	4	26	0	2	2
5553	4	26	0	3	0
5554	4	26	0	3	1
5555	4	26	0	3	2
5556	4	26	1	0	0
5557	4	26	1	0	1
5558	4	26	1	0	2
5559	4	26	1	1	0
5560	4	26	1	1	1
5561	4	26	1	1	2
5562	4	26	1	2	0
5563	4	26	1	2	1
5564	4	26	1	2	2
5565	4	26	1	3	0
5566	4	26	1	3	1
5567	4	26	1	3	2
5568	4	26	2	0	0
5569	4	26	2	0	1
5570	4	26	2	0	2
5571	4	26	2	1	0
5572	4	26	2	1	1
5573	4	26	2	1	2
5574	4	26	2	2	0
5575	4	26	2	2	1
5576	4	26	2	2	2
5577	4	26	2	3	0
5578	4	26	2	3	1
5579	4	26	2	3	2
5580	4	27	0	0	0
5581	4	27	0	0	1
5582	4	27	0	0	2
5583	4	27	0	1	0
5584	4	27	0	1	1
5585	4	27	0	1	2
5586	4	27	0	2	0
5587	4	27	0	2	1
5588	4	27	0	2	2
5589	4	27	0	3	0
5590	4	27	0	3	1
5591	4	27	0	3	2
5592	4	27	1	0	0
5593	4	27	1	0	1
5594	4	27	1	0	2
5595	4	27	1	1	0
5596	4	27	1	1	1
5597	4	27	1	1	2
5598	4	27	1	2	0
5599	4	27	1	2	1
5600	4	27	1	2	2
5601	4	27	1	3	0
5602	4	27	1	3	1
5603	4	27	1	3	2
5604	4	27	2	0	0
5605	4	27	2	0	1
5606	4	27	2	0	2
5607	4	27	2	1	0
5608	4	27	2	1	1
5609	4	27	2	1	2
5610	4	27	2	2	0
5611	4	27	2	2	1
5612	4	27	2	2	2
5613	4	27	2	3	0
5614	4	27	2	3	1
5615	4	27	2	3	2
5616	4	28	0	0	0
5617	4	28	0	0	1
5618	4	28	0	0	2
5619	4	28	0	1	0
5620	4	28	0	1	1
5621	4	28	0	1	2
5622	4	28	0	2	0
5623	4	28	0	2	1
5624	4	28	0	2	2
5625	4	28	0	3	0
5626	4	28	0	3	1
5627	4	28	0	3	2
5628	4	28	1	0	0
5629	4	28	1	0	1
5630	4	28	1	0	2
5631	4	28	1	1	0
5632	4	28	1	1	1
5633	4	28	1	1	2
5634	4	28	1	2	0
5635	4	28	1	2	1
5636	4	28	1	2	2
5637	4	28	1	3	0
5638	4	28	1	3	1
5639	4	28	1	3	2
5640	4	28	2	0	0
5641	4	28	2	0	1
5642	4	28	2	0	2
5643	4	28	2	1	0
5644	4	28	2	1	1
5645	4	28	2	1	2
5646	4	28	2	2	0
5647	4	28	2	2	1
5648	4	28	2	2	2
5649	4	28	2	3	0
5650	4	28	2	3	1
5651	4	28	2	3	2
5652	4	29	0	0	0
5653	4	29	0	0	1
5654	4	29	0	0	2
5655	4	29	0	1	0
5656	4	29	0	1	1
5657	4	29	0	1	2
5658	4	29	0	2	0
5659	4	29	0	2	1
5660	4	29	0	2	2
5661	4	29	0	3	0
5662	4	29	0	3	1
5663	4	29	0	3	2
5664	4	29	1	0	0
5665	4	29	1	0	1
5666	4	29	1	0	2
5667	4	29	1	1	0
5668	4	29	1	1	1
5669	4	29	1	1	2
5670	4	29	1	2	0
5671	4	29	1	2	1
5672	4	29	1	2	2
5673	4	29	1	3	0
5674	4	29	1	3	1
5675	4	29	1	3	2
5676	4	29	2	0	0
5677	4	29	2	0	1
5678	4	29	2	0	2
5679	4	29	2	1	0
5680	4	29	2	1	1
5681	4	29	2	1	2
5682	4	29	2	2	0
5683	4	29	2	2	1
5684	4	29	2	2	2
5685	4	29	2	3	0
5686	4	29	2	3	1
5687	4	29	2	3	2
5688	4	30	0	0	0
5689	4	30	0	0	1
5690	4	30	0	0	2
5691	4	30	0	1	0
5692	4	30	0	1	1
5693	4	30	0	1	2
5694	4	30	0	2	0
5695	4	30	0	2	1
5696	4	30	0	2	2
5697	4	30	0	3	0
5698	4	30	0	3	1
5699	4	30	0	3	2
5700	4	30	1	0	0
5701	4	30	1	0	1
5702	4	30	1	0	2
5703	4	30	1	1	0
5704	4	30	1	1	1
5705	4	30	1	1	2
5706	4	30	1	2	0
5707	4	30	1	2	1
5708	4	30	1	2	2
5709	4	30	1	3	0
5710	4	30	1	3	1
5711	4	30	1	3	2
5712	4	30	2	0	0
5713	4	30	2	0	1
5714	4	30	2	0	2
5715	4	30	2	1	0
5716	4	30	2	1	1
5717	4	30	2	1	2
5718	4	30	2	2	0
5719	4	30	2	2	1
5720	4	30	2	2	2
5721	4	30	2	3	0
5722	4	30	2	3	1
5723	4	30	2	3	2
5724	4	31	0	0	0
5725	4	31	0	0	1
5726	4	31	0	0	2
5727	4	31	0	1	0
5728	4	31	0	1	1
5729	4	31	0	1	2
5730	4	31	0	2	0
5731	4	31	0	2	1
5732	4	31	0	2	2
5733	4	31	0	3	0
5734	4	31	0	3	1
5735	4	31	0	3	2
5736	4	31	1	0	0
5737	4	31	1	0	1
5738	4	31	1	0	2
5739	4	31	1	1	0
5740	4	31	1	1	1
5741	4	31	1	1	2
5742	4	31	1	2	0
5743	4	31	1	2	1
5744	4	31	1	2	2
5745	4	31	1	3	0
5746	4	31	1	3	1
5747	4	31	1	3	2
5748	4	31	2	0	0
5749	4	31	2	0	1
5750	4	31	2	0	2
5751	4	31	2	1	0
5752	4	31	2	1	1
5753	4	31	2	1	2
5754	4	31	2	2	0
5755	4	31	2	2	1
5756	4	31	2	2	2
5757	4	31	2	3	0
5758	4	31	2	3	1
5759	4	31	2	3	2
5760	5	0	0	0	0
5761	5	0	0	0	1
5762	5	0	0	0	2
5763	5	0	0	1	0
5764	5	0	0	1	1
5765	5	0	0	1	2
5766	5	0	0	2	0
5767	5	0	0	2	1
5768	5	0	0	2	2
5769	5	0	0	3	0
5770	5	0	0	3	1
5771	5	0	0	3	2
5772	5	0	1	0	0
5773	5	0	1	0	1
5774	5	0	1	0	2
5775	5	0	1	1	0
5776	5	0	1	1	1
5777	5	0	1	1	2
5778	5	0	1	2	0
5779	5	0	1	2	1
5780	5	0	1	2	2
5781	5	0	1	3	0
5782	5	0	1	3	1
5783	5	0	1	3	2
5784	5	0	2	0	0
5785	5	0	2	0	1
5786	5	0	2	0	2
5787	5	0	2	1	0
5788	5	0	2	1	1
5789	5	0	2	1	2
5790	5	0	2	2	0
5791	5	0	2	2	1
5792	5	0	2	2	2
5793	5	0	2	3	0
5794	5	0	2	3	1
5795	5	0	2	3	2
5796	5	1	0	0	0
5797	5	1	0	0	1
5798	5	1	0	0	2
5799	5	1	0	1	0
5800	5	1	0	1	1
5801	5	1	0	1	2
5802	5	1	0	2	0
5803	5	1	0	2	1
5804	5	1	0	2	2
5805	5	1	0	3	0
5806	5	1	0	3	1
5807	5	1	0	3	2
5808	5	1	1	0	0
5809	5	1	1	0	1
5810	5	1	1	0	2
5811	5	1	1	1	0
5812	5	1	1	1	1
5813	5	1	1	1	2
5814	5	1	1	2	0
5815	5	1	1	2	1
5816	5	1	1	2	2
5817	5	1	1	3	0
5818	5	1	1	3	1
5819	5	1	1	3	2
5820	5	1	2	0	0
5821	5	1	2	0	1
5822	5	1	2	0	2
5823	5	1	2	1	0
5824	5	1	2	1	1
5825	5	1	2	1	2
5826	5	1	2	2	0
5827	5	1	2	2	1
5828	5	1	2	2	2
5829	5	1	2	3	0
5830	5	1	2	3	1
5831	5	1	2	3	2
5832	5	2	0	0	0
5833	5	2	0	0	1
5834	5	2	0	0	2
5835	5	2	0	1	0
5836	5	2	0	1	1
5837	5	2	0	1	2
5838	5	2	0	2	0
5839	5	2	0	2	1
5840	5	2	0	2	2
5841	5	2	0	3	0
5842	5	2	0	3	1
5843	5	2	0	3	2
5844	5	2	1	0	0
5845	5	2	1	0	1
5846	5	2	1	0	2
5847	5	2	1	1	0
5848	5	2	1	1	1
5849	5	2	1	1	2
5850	5	2	1	2	0
5851	5	2	1	2	1
5852	5	2	1	2	2
5853	5	2	1	3	0
5854	5	2	1	3	1
5855	5	2	1	3	2
5856	5	2	2	0	0
5857	5	2	2	0	1
5858	5	2	2	0	2
5859	5	2	2	1	0
5860	5	2	2	1	1
5861	5	2	2	1	2
5862	5	2	2	2	0
5863	5	2	2	2	1
5864	5	2	2	2	2
5865	5	2	2	3	0
5866	5	2	2	3	1
5867	5	2	2	3	2
5868	5	3	0	0	0
5869	5	3	0	0	1
5870	5	3	0	0	2
5871	5	3	0	1	0
5872	5	3	0	1	1
5873	5	3	0	1	2
5874	5	3	0	2	0
5875	5	3	0	2	1
5876	5	3	0	2	2
5877	5	3	0	3	0
5878	5	3	0	3	1
5879	5	3	0	3	2
5880	5	3	1	0	0
5881	5	3	1	0	1
5882	5	3	1	0	2
5883	5	3	1	1	0
5884	5	3	1	1	1
5885	5	3	1	1	2
5886	5	3	1	2	0
5887	5	3	1	2	1
5888	5	3	1	2	2
5889	5	3	1	3	0
5890	5	3	1	3	1
5891	5	3	1	3	2
5892	5	3	2	0	0
5893	5	3	2	0	1
5894	5	3	2	0	2
5895	5	3	2	1	0
5896	5	3	2	1	1
5897	5	3	2	1	2
5898	5	3	2	2	0
5899	5	3	2	2	1
5900	5	3	2	2	2
5901	5	3	2	3	0
5902	5	3	2	3	1
5903	5	3	2	3	2
5904	5	4	0	0	0
5905	5	4	0	0	1
5906	5	4	0	0	2
5907	5	4	0	1	0
5908	5	4	0	1	1
5909	5	4	0	1	2
5910	5	4	0	2	0
5911	5	4	0	2	1
5912	5	4	0	2	2
5913	5	4	0	3	0
5914	5	4	0	3	1
5915	5	4	0	3	2
5916	5	4	1	0	0
5917	5	4	1	0	1
5918	5	4	1	0	2
5919	5	4	1	1	0
5920	5	4	1	1	1
5921	5	4	1	1	2
5922	5	4	1	2	0
5923	5	4	1	2	1
5924	5	4	1	2	2
5925	5	4	1	3	0
5926	5	4	1	3	1
5927	5	4	1	3	2
5928	5	4	2	0	0
5929	5	4	2	0	1
5930	5	4	2	0	2
5931	5	4	2	1	0
5932	5	4	2	1	1
5933	5	4	2	1	2
5934	5	4	2	2	0
5935	5	4	2	2	1
5936	5	4	2	2	2
5937	5	4	2	3	0
5938	5	4	2	3	1
5939	5	4	2	3	2
5940	5	5	0	0	0
5941	5	5	0	0	1
5942	5	5	0	0	2
5943	5	5	0	1	0
5944	5	5	0	1	1
5945	5	5	0	1	2
5946	5	5	0	2	0
5947	5	5	0	2	1
5948	5	5	0	2	2
5949	5	5	0	3	0
5950	5	5	0	3	1
5951	5	5	0	3	2
5952	5	5	1	0	0
5953	5	5	1	0	1
5954	5	5	1	0	2
5955	5	5	1	1	0
5956	5	5	1	1	1
5957	5	5	1	1	2
5958	5	5	1	2	0
5959	5	5	1	2	1
5960	5	5	1	2	2
5961	5	5	1	3	0
5962	5	5	1	3	1
5963	5	5	1	3	2
5964	5	5	2	0	0
5965	5	5	2	0	1
5966	5	5	2	0	2
5967	5	5	2	1	0
5968	5	5	2	1	1
5969	5	5	2	1	2
5970	5	5	2	2	0
5971	5	5	2	2	1
5972	5	5	2	2	2
5973	5	5	2	3	0
5974	5	5	2	3	1
5975	5	5	2	3	2
5976	5	6	0	0	0
5977	5	6	0	0	1
5978	5	6	0	0	2
5979	5	6	0	1	0
5980	5	6	0	1	1
5981	5	6	0	1	2
5982	5	6	0	2	0
5983	5	6	0	2	1
5984	5	6	0	2	2
5985	5	6	0	3	0
5986	5	6	0	3	1
5987	5	6	0	3	2
5988	5	6	1	0	0
5989	5	6	1	0	1
5990	5	6	1	0	2
5991	5	6	1	1	0
5992	5	6	1	1	1
5993	5	6	1	1	2
5994	5	6	1	2	0
5995	5	6	1	2	1
5996	5	6	1	2	2
5997	5	6	1	3	0
5998	5	6	1	3	1
5999	5	6	1	3	2
6000	5	6	2	0	0
6001	5	6	2	0	1
6002	5	6	2	0	2
6003	5	6	2	1	0
6004	5	6	2	1	1
6005	5	6	2	1	2
6006	5	6	2	2	0
6007	5	6	2	2	1
6008	5	6	2	2	2
6009	5	6	2	3	0
6010	5	6	2	3	1
6011	5	6	2	3	2
6012	5	7	0	0	0
6013	5	7	0	0	1
6014	5	7	0	0	2
6015	5	7	0	1	0
6016	5	7	0	1	1
6017	5	7	0	1	2
6018	5	7	0	2	0
6019	5	7	0	2	1
6020	5	7	0	2	2
6021	5	7	0	3	0
6022	5	7	0	3	1
6023	5	7	0	3	2
6024	5	7	1	0	0
6025	5	7	1	0	1
6026	5	7	1	0	2
6027	5	7	1	1	0
6028	5	7	1	1	1
6029	5	7	1	1	2
6030	5	7	1	2	0
6031	5	7	1	2	1
6032	5	7	1	2	2
6033	5	7	1	3	0
6034	5	7	1	3	1
6035	5	7	1	3	2
6036	5	7	2	0	0
6037	5	7	2	0	1
6038	5	7	2	0	2
6039	5	7	2	1	0
6040	5	7	2	1	1
6041	5	7	2	1	2
6042	5	7	2	2	0
6043	5	7	2	2	1
6044	5	7	2	2	2
6045	5	7	2	3	0
6046	5	7	2	3	1
6047	5	7	2	3	2
6048	5	8	0	0	0
6049	5	8	0	0	1
6050	5	8	0	0	2
6051	5	8	0	1	0
6052	5	8	0	1	1
6053	5	8	0	1	2
6054	5	8	0	2	0
6055	5	8	0	2	1
6056	5	8	0	2	2
6057	5	8	0	3	0
6058	5	8	0	3	1
6059	5	8	0	3	2
6060	5	8	1	0	0
6061	5	8	1	0	1
6062	5	8	1	0	2
6063	5	8	1	1	0
6064	5	8	1	1	1
6065	5	8	1	1	2
6066	5	8	1	2	0
6067	5	8	1	2	1
6068	5	8	1	2	2
6069	5	8	1	3	0
6070	5	8	1	3	1
6071	5	8	1	3	2
6072	5	8	2	0	0
6073	5	8	2	0	1
6074	5	8	2	0	2
6075	5	8	2	1	0
6076	5	8	2	1	1
6077	5	8	2	1	2
6078	5	8	2	2	0
6079	5	8	2	2	1
6080	5	8	2	2	2
6081	5	8	2	3	0
6082	5	8	2	3	1
6083	5	8	2	3	2
6084	5	9	0	0	0
6085	5	9	0	0	1
6086	5	9	0	0	2
6087	5	9	0	1	0
6088	5	9	0	1	1
6089	5	9	0	1	2
6090	5	9	0	2	0
6091	5	9	0	2	1
6092	5	9	0	2	2
6093	5	9	0	3	0
6094	5	9	0	3	1
6095	5	9	0	3	2
6096	5	9	1	0	0
6097	5	9	1	0	1
6098	5	9	1	0	2
6099	5	9	1	1	0
6100	5	9	1	1	1
6101	5	9	1	1	2
6102	5	9	1	2	0
6103	5	9	1	2	1
6104	5	9	1	2	2
6105	5	9	1	3	0
6106	5	9	1	3	1
6107	5	9	1	3	2
6108	5	9	2	0	0
6109	5	9	2	0	1
6110	5	9	2	0	2
6111	5	9	2	1	0
6112	5	9	2	1	1
6113	5	9	2	1	2
6114	5	9	2	2	0
6115	5	9	2	2	1
6116	5	9	2	2	2
6117	5	9	2	3	0
6118	5	9	2	3	1
6119	5	9	2	3	2
6120	5	10	0	0	0
6121	5	10	0	0	1
6122	5	10	0	0	2
6123	5	10	0	1	0
6124	5	10	0	1	1
6125	5	10	0	1	2
6126	5	10	0	2	0
6127	5	10	0	2	1
6128	5	10	0	2	2
6129	5	10	0	3	0
6130	5	10	0	3	1
6131	5	10	0	3	2
6132	5	10	1	0	0
6133	5	10	1	0	1
6134	5	10	1	0	2
6135	5	10	1	1	0
6136	5	10	1	1	1
6137	5	10	1	1	2
6138	5	10	1	2	0
6139	5	10	1	2	1
6140	5	10	1	2	2
6141	5	10	1	3	0
6142	5	10	1	3	1
6143	5	10	1	3	2
6144	5	10	2	0	0
6145	5	10	2	0	1
6146	5	10	2	0	2
6147	5	10	2	1	0
6148	5	10	2	1	1
6149	5	10	2	1	2
6150	5	10	2	2	0
6151	5	10	2	2	1
6152	5	10	2	2	2
6153	5	10	2	3	0
6154	5	10	2	3	1
6155	5	10	2	3	2
6156	5	11	0	0	0
6157	5	11	0	0	1
6158	5	11	0	0	2
6159	5	11	0	1	0
6160	5	11	0	1	1
6161	5	11	0	1	2
6162	5	11	0	2	0
6163	5	11	0	2	1
6164	5	11	0	2	2
6165	5	11	0	3	0
6166	5	11	0	3	1
6167	5	11	0	3	2
6168	5	11	1	0	0
6169	5	11	1	0	1
6170	5	11	1	0	2
6171	5	11	1	1	0
6172	5	11	1	1	1
6173	5	11	1	1	2
6174	5	11	1	2	0
6175	5	11	1	2	1
6176	5	11	1	2	2
6177	5	11	1	3	0
6178	5	11	1	3	1
6179	5	11	1	3	2
6180	5	11	2	0	0
6181	5	11	2	0	1
6182	5	11	2	0	2
6183	5	11	2	1	0
6184	5	11	2	1	1
6185	5	11	2	1	2
6186	5	11	2	2	0
6187	5	11	2	2	1
6188	5	11	2	2	2
6189	5	11	2	3	0
6190	5	11	2	3	1
6191	5	11	2	3	2
6192	5	12	0	0	0
6193	5	12	0	0	1
6194	5	12	0	0	2
6195	5	12	0	1	0
6196	5	12	0	1	1
6197	5	12	0	1	2
6198	5	12	0	2	0
6199	5	12	0	2	1
6200	5	12	0	2	2
6201	5	12	0	3	0
6202	5	12	0	3	1
6203	5	12	0	3	2
6204	5	12	1	0	0
6205	5	12	1	0	1
6206	5	12	1	0	2
6207	5	12	1	1	0
6208	5	12	1	1	1
6209	5	12	1	1	2
6210	5	12	1	2	0
6211	5	12	1	2	1
6212	5	12	1	2	2
6213	5	12	1	3	0
6214	5	12	1	3	1
6215	5	12	1	3	2
6216	5	12	2	0	0
6217	5	12	2	0	1
6218	5	12	2	0	2
6219	5	12	2	1	0
6220	5	12	2	1	1
6221	5	12	2	1	2
6222	5	12	2	2	0
6223	5	12	2	2	1
6224	5	12	2	2	2
6225	5	12	2	3	0
6226	5	12	2	3	1
6227	5	12	2	3	2
6228	5	13	0	0	0
6229	5	13	0	0	1
6230	5	13	0	0	2
6231	5	13	0	1	0
6232	5	13	0	1	1
6233	5	13	0	1	2
6234	5	13	0	2	0
6235	5	13	0	2	1
6236	5	13	0	2	2
6237	5	13	0	3	0
6238	5	13	0	3	1
6239	5	13	0	3	2
6240	5	13	1	0	0
6241	5	13	1	0	1
6242	5	13	1	0	2
6243	5	13	1	1	0
6244	5	13	1	1	1
6245	5	13	1	1	2
6246	5	13	1	2	0
6247	5	13	1	2	1
6248	5	13	1	2	2
6249	5	13	1	3	0
6250	5	13	1	3	1
6251	5	13	1	3	2
6252	5	13	2	0	0
6253	5	13	2	0	1
6254	5	13	2	0	2
6255	5	13	2	1	0
6256	5	13	2	1	1
6257	5	13	2	1	2
6258	5	13	2	2	0
6259	5	13	2	2	1
6260	5	13	2	2	2
6261	5	13	2	3	0
6262	5	13	2	3	1
6263	5	13	2	3	2
6264	5	14	0	0	0
6265	5	14	0	0	1
6266	5	14	0	0	2
6267	5	14	0	1	0
6268	5	14	0	1	1
6269	5	14	0	1	2
6270	5	14	0	2	0
6271	5	14	0	2	1
6272	5	14	0	2	2
6273	5	14	0	3	0
6274	5	14	0	3	1
6275	5	14	0	3	2
6276	5	14	1	0	0
6277	5	14	1	0	1
6278	5	14	1	0	2
6279	5	14	1	1	0
6280	5	14	1	1	1
6281	5	14	1	1	2
6282	5	14	1	2	0
6283	5	14	1	2	1
6284	5	14	1	2	2
6285	5	14	1	3	0
6286	5	14	1	3	1
6287	5	14	1	3	2
6288	5	14	2	0	0
6289	5	14	2	0	1
6290	5	14	2	0	2
6291	5	14	2	1	0
6292	5	14	2	1	1
6293	5	14	2	1	2
6294	5	14	2	2	0
6295	5	14	2	2	1
6296	5	14	2	2	2
6297	5	14	2	3	0
6298	5	14	2	3	1
6299	5	14	2	3	2
6300	5	15	0	0	0
6301	5	15	0	0	1
6302	5	15	0	0	2
6303	5	15	0	1	0
6304	5	15	0	1	1
6305	5	15	0	1	2
6306	5	15	0	2	0
6307	5	15	0	2	1
6308	5	15	0	2	2
6309	5	15	0	3	0
6310	5	15	0	3	1
6311	5	15	0	3	2
6312	5	15	1	0	0
6313	5	15	1	0	1
6314	5	15	1	0	2
6315	5	15	1	1	0
6316	5	15	1	1	1
6317	5	15	1	1	2
6318	5	15	1	2	0
6319	5	15	1	2	1
6320	5	15	1	2	2
6321	5	15	1	3	0
6322	5	15	1	3	1
6323	5	15	1	3	2
6324	5	15	2	0	0
6325	5	15	2	0	1
6326	5	15	2	0	2
6327	5	15	2	1	0
6328	5	15	2	1	1
6329	5	15	2	1	2
6330	5	15	2	2	0
6331	5	15	2	2	1
6332	5	15	2	2	2
6333	5	15	2	3	0
6334	5	15	2	3	1
6335	5	15	2	3	2
6336	5	16	0	0	0
6337	5	16	0	0	1
6338	5	16	0	0	2
6339	5	16	0	1	0
6340	5	16	0	1	1
6341	5	16	0	1	2
6342	5	16	0	2	0
6343	5	16	0	2	1
6344	5	16	0	2	2
6345	5	16	0	3	0
6346	5	16	0	3	1
6347	5	16	0	3	2
6348	5	16	1	0	0
6349	5	16	1	0	1
6350	5	16	1	0	2
6351	5	16	1	1	0
6352	5	16	1	1	1
6353	5	16	1	1	2
6354	5	16	1	2	0
6355	5	16	1	2	1
6356	5	16	1	2	2
6357	5	16	1	3	0
6358	5	16	1	3	1
6359	5	16	1	3	2
6360	5	16	2	0	0
6361	5	16	2	0	1
6362	5	16	2	0	2
6363	5	16	2	1	0
6364	5	16	2	1	1
6365	5	16	2	1	2
6366	5	16	2	2	0
6367	5	16	2	2	1
6368	5	16	2	2	2
6369	5	16	2	3	0
6370	5	16	2	3	1
6371	5	16	2	3	2
6372	5	17	0	0	0
6373	5	17	0	0	1
6374	5	17	0	0	2
6375	5	17	0	1	0
6376	5	17	0	1	1
6377	5	17	0	1	2
6378	5	17	0	2	0
6379	5	17	0	2	1
6380	5	17	0	2	2
6381	5	17	0	3	0
6382	5	17	0	3	1
6383	5	17	0	3	2
6384	5	17	1	0	0
6385	5	17	1	0	1
6386	5	17	1	0	2
6387	5	17	1	1	0
6388	5	17	1	1	1
6389	5	17	1	1	2
6390	5	17	1	2	0
6391	5	17	1	2	1
6392	5	17	1	2	2
6393	5	17	1	3	0
6394	5	17	1	3	1
6395	5	17	1	3	2
6396	5	17	2	0	0
6397	5	17	2	0	1
6398	5	17	2	0	2
6399	5	17	2	1	0
6400	5	17	2	1	1
6401	5	17	2	1	2
6402	5	17	2	2	0
6403	5	17	2	2	1
6404	5	17	2	2	2
6405	5	17	2	3	0
6406	5	17	2	3	1
6407	5	17	2	3	2
6408	5	18	0	0	0
6409	5	18	0	0	1
6410	5	18	0	0	2
6411	5	18	0	1	0
6412	5	18	0	1	1
6413	5	18	0	1	2
6414	5	18	0	2	0
6415	5	18	0	2	1
6416	5	18	0	2	2
6417	5	18	0	3	0
6418	5	18	0	3	1
6419	5	18	0	3	2
6420	5	18	1	0	0
6421	5	18	1	0	1
6422	5	18	1	0	2
6423	5	18	1	1	0
6424	5	18	1	1	1
6425	5	18	1	1	2
6426	5	18	1	2	0
6427	5	18	1	2	1
6428	5	18	1	2	2
6429	5	18	1	3	0
6430	5	18	1	3	1
6431	5	18	1	3	2
6432	5	18	2	0	0
6433	5	18	2	0	1
6434	5	18	2	0	2
6435	5	18	2	1	0
6436	5	18	2	1	1
6437	5	18	2	1	2
6438	5	18	2	2	0
6439	5	18	2	2	1
6440	5	18	2	2	2
6441	5	18	2	3	0
6442	5	18	2	3	1
6443	5	18	2	3	2
6444	5	19	0	0	0
6445	5	19	0	0	1
6446	5	19	0	0	2
6447	5	19	0	1	0
6448	5	19	0	1	1
6449	5	19	0	1	2
6450	5	19	0	2	0
6451	5	19	0	2	1
6452	5	19	0	2	2
6453	5	19	0	3	0
6454	5	19	0	3	1
6455	5	19	0	3	2
6456	5	19	1	0	0
6457	5	19	1	0	1
6458	5	19	1	0	2
6459	5	19	1	1	0
6460	5	19	1	1	1
6461	5	19	1	1	2
6462	5	19	1	2	0
6463	5	19	1	2	1
6464	5	19	1	2	2
6465	5	19	1	3	0
6466	5	19	1	3	1
6467	5	19	1	3	2
6468	5	19	2	0	0
6469	5	19	2	0	1
6470	5	19	2	0	2
6471	5	19	2	1	0
6472	5	19	2	1	1
6473	5	19	2	1	2
6474	5	19	2	2	0
6475	5	19	2	2	1
6476	5	19	2	2	2
6477	5	19	2	3	0
6478	5	19	2	3	1
6479	5	19	2	3	2
6480	5	20	0	0	0
6481	5	20	0	0	1
6482	5	20	0	0	2
6483	5	20	0	1	0
6484	5	20	0	1	1
6485	5	20	0	1	2
6486	5	20	0	2	0
6487	5	20	0	2	1
6488	5	20	0	2	2
6489	5	20	0	3	0
6490	5	20	0	3	1
6491	5	20	0	3	2
6492	5	20	1	0	0
6493	5	20	1	0	1
6494	5	20	1	0	2
6495	5	20	1	1	0
6496	5	20	1	1	1
6497	5	20	1	1	2
6498	5	20	1	2	0
6499	5	20	1	2	1
6500	5	20	1	2	2
6501	5	20	1	3	0
6502	5	20	1	3	1
6503	5	20	1	3	2
6504	5	20	2	0	0
6505	5	20	2	0	1
6506	5	20	2	0	2
6507	5	20	2	1	0
6508	5	20	2	1	1
6509	5	20	2	1	2
6510	5	20	2	2	0
6511	5	20	2	2	1
6512	5	20	2	2	2
6513	5	20	2	3	0
6514	5	20	2	3	1
6515	5	20	2	3	2
6516	5	21	0	0	0
6517	5	21	0	0	1
6518	5	21	0	0	2
6519	5	21	0	1	0
6520	5	21	0	1	1
6521	5	21	0	1	2
6522	5	21	0	2	0
6523	5	21	0	2	1
6524	5	21	0	2	2
6525	5	21	0	3	0
6526	5	21	0	3	1
6527	5	21	0	3	2
6528	5	21	1	0	0
6529	5	21	1	0	1
6530	5	21	1	0	2
6531	5	21	1	1	0
6532	5	21	1	1	1
6533	5	21	1	1	2
6534	5	21	1	2	0
6535	5	21	1	2	1
6536	5	21	1	2	2
6537	5	21	1	3	0
6538	5	21	1	3	1
6539	5	21	1	3	2
6540	5	21	2	0	0
6541	5	21	2	0	1
6542	5	21	2	0	2
6543	5	21	2	1	0
6544	5	21	2	1	1
6545	5	21	2	1	2
6546	5	21	2	2	0
6547	5	21	2	2	1
6548	5	21	2	2	2
6549	5	21	2	3	0
6550	5	21	2	3	1
6551	5	21	2	3	2
6552	5	22	0	0	0
6553	5	22	0	0	1
6554	5	22	0	0	2
6555	5	22	0	1	0
6556	5	22	0	1	1
6557	5	22	0	1	2
6558	5	22	0	2	0
6559	5	22	0	2	1
6560	5	22	0	2	2
6561	5	22	0	3	0
6562	5	22	0	3	1
6563	5	22	0	3	2
6564	5	22	1	0	0
6565	5	22	1	0	1
6566	5	22	1	0	2
6567	5	22	1	1	0
6568	5	22	1	1	1
6569	5	22	1	1	2
6570	5	22	1	2	0
6571	5	22	1	2	1
6572	5	22	1	2	2
6573	5	22	1	3	0
6574	5	22	1	3	1
6575	5	22	1	3	2
6576	5	22	2	0	0
6577	5	22	2	0	1
6578	5	22	2	0	2
6579	5	22	2	1	0
6580	5	22	2	1	1
6581	5	22	2	1	2
6582	5	22	2	2	0
6583	5	22	2	2	1
6584	5	22	2	2	2
6585	5	22	2	3	0
6586	5	22	2	3	1
6587	5	22	2	3	2
6588	5	23	0	0	0
6589	5	23	0	0	1
6590	5	23	0	0	2
6591	5	23	0	1	0
6592	5	23	0	1	1
6593	5	23	0	1	2
6594	5	23	0	2	0
6595	5	23	0	2	1
6596	5	23	0	2	2
6597	5	23	0	3	0
6598	5	23	0	3	1
6599	5	23	0	3	2
6600	5	23	1	0	0
6601	5	23	1	0	1
6602	5	23	1	0	2
6603	5	23	1	1	0
6604	5	23	1	1	1
6605	5	23	1	1	2
6606	5	23	1	2	0
6607	5	23	1	2	1
6608	5	23	1	2	2
6609	5	23	1	3	0
6610	5	23	1	3	1
6611	5	23	1	3	2
6612	5	23	2	0	0
6613	5	23	2	0	1
6614	5	23	2	0	2
6615	5	23	2	1	0
6616	5	23	2	1	1
6617	5	23	2	1	2
6618	5	23	2	2	0
6619	5	23	2	2	1
6620	5	23	2	2	2
6621	5	23	2	3	0
6622	5	23	2	3	1
6623	5	23	2	3	2
6624	5	24	0	0	0
6625	5	24	0	0	1
6626	5	24	0	0	2
6627	5	24	0	1	0
6628	5	24	0	1	1
6629	5	24	0	1	2
6630	5	24	0	2	0
6631	5	24	0	2	1
6632	5	24	0	2	2
6633	5	24	0	3	0
6634	5	24	0	3	1
6635	5	24	0	3	2
6636	5	24	1	0	0
6637	5	24	1	0	1
6638	5	24	1	0	2
6639	5	24	1	1	0
6640	5	24	1	1	1
6641	5	24	1	1	2
6642	5	24	1	2	0
6643	5	24	1	2	1
6644	5	24	1	2	2
6645	5	24	1	3	0
6646	5	24	1	3	1
6647	5	24	1	3	2
6648	5	24	2	0	0
6649	5	24	2	0	1
6650	5	24	2	0	2
6651	5	24	2	1	0
6652	5	24	2	1	1
6653	5	24	2	1	2
6654	5	24	2	2	0
6655	5	24	2	2	1
6656	5	24	2	2	2
6657	5	24	2	3	0
6658	5	24	2	3	1
6659	5	24	2	3	2
6660	5	25	0	0	0
6661	5	25	0	0	1
6662	5	25	0	0	2
6663	5	25	0	1	0
6664	5	25	0	1	1
6665	5	25	0	1	2
6666	5	25	0	2	0
6667	5	25	0	2	1
6668	5	25	0	2	2
6669	5	25	0	3	0
6670	5	25	0	3	1
6671	5	25	0	3	2
6672	5	25	1	0	0
6673	5	25	1	0	1
6674	5	25	1	0	2
6675	5	25	1	1	0
6676	5	25	1	1	1
6677	5	25	1	1	2
6678	5	25	1	2	0
6679	5	25	1	2	1
6680	5	25	1	2	2
6681	5	25	1	3	0
6682	5	25	1	3	1
6683	5	25	1	3	2
6684	5	25	2	0	0
6685	5	25	2	0	1
6686	5	25	2	0	2
6687	5	25	2	1	0
6688	5	25	2	1	1
6689	5	25	2	1	2
6690	5	25	2	2	0
6691	5	25	2	2	1
6692	5	25	2	2	2
6693	5	25	2	3	0
6694	5	25	2	3	1
6695	5	25	2	3	2
6696	5	26	0	0	0
6697	5	26	0	0	1
6698	5	26	0	0	2
6699	5	26	0	1	0
6700	5	26	0	1	1
6701	5	26	0	1	2
6702	5	26	0	2	0
6703	5	26	0	2	1
6704	5	26	0	2	2
6705	5	26	0	3	0
6706	5	26	0	3	1
6707	5	26	0	3	2
6708	5	26	1	0	0
6709	5	26	1	0	1
6710	5	26	1	0	2
6711	5	26	1	1	0
6712	5	26	1	1	1
6713	5	26	1	1	2
6714	5	26	1	2	0
6715	5	26	1	2	1
6716	5	26	1	2	2
6717	5	26	1	3	0
6718	5	26	1	3	1
6719	5	26	1	3	2
6720	5	26	2	0	0
6721	5	26	2	0	1
6722	5	26	2	0	2
6723	5	26	2	1	0
6724	5	26	2	1	1
6725	5	26	2	1	2
6726	5	26	2	2	0
6727	5	26	2	2	1
6728	5	26	2	2	2
6729	5	26	2	3	0
6730	5	26	2	3	1
6731	5	26	2	3	2
6732	5	27	0	0	0
6733	5	27	0	0	1
6734	5	27	0	0	2
6735	5	27	0	1	0
6736	5	27	0	1	1
6737	5	27	0	1	2
6738	5	27	0	2	0
6739	5	27	0	2	1
6740	5	27	0	2	2
6741	5	27	0	3	0
6742	5	27	0	3	1
6743	5	27	0	3	2
6744	5	27	1	0	0
6745	5	27	1	0	1
6746	5	27	1	0	2
6747	5	27	1	1	0
6748	5	27	1	1	1
6749	5	27	1	1	2
6750	5	27	1	2	0
6751	5	27	1	2	1
6752	5	27	1	2	2
6753	5	27	1	3	0
6754	5	27	1	3	1
6755	5	27	1	3	2
6756	5	27	2	0	0
6757	5	27	2	0	1
6758	5	27	2	0	2
6759	5	27	2	1	0
6760	5	27	2	1	1
6761	5	27	2	1	2
6762	5	27	2	2	0
6763	5	27	2	2	1
6764	5	27	2	2	2
6765	5	27	2	3	0
6766	5	27	2	3	1
6767	5	27	2	3	2
6768	5	28	0	0	0
6769	5	28	0	0	1
6770	5	28	0	0	2
6771	5	28	0	1	0
6772	5	28	0	1	1
6773	5	28	0	1	2
6774	5	28	0	2	0
6775	5	28	0	2	1
6776	5	28	0	2	2
6777	5	28	0	3	0
6778	5	28	0	3	1
6779	5	28	0	3	2
6780	5	28	1	0	0
6781	5	28	1	0	1
6782	5	28	1	0	2
6783	5	28	1	1	0
6784	5	28	1	1	1
6785	5	28	1	1	2
6786	5	28	1	2	0
6787	5	28	1	2	1
6788	5	28	1	2	2
6789	5	28	1	3	0
6790	5	28	1	3	1
6791	5	28	1	3	2
6792	5	28	2	0	0
6793	5	28	2	0	1
6794	5	28	2	0	2
6795	5	28	2	1	0
6796	5	28	2	1	1
6797	5	28	2	1	2
6798	5	28	2	2	0
6799	5	28	2	2	1
6800	5	28	2	2	2
6801	5	28	2	3	0
6802	5	28	2	3	1
6803	5	28	2	3	2
6804	5	29	0	0	0
6805	5	29	0	0	1
6806	5	29	0	0	2
6807	5	29	0	1	0
6808	5	29	0	1	1
6809	5	29	0	1	2
6810	5	29	0	2	0
6811	5	29	0	2	1
6812	5	29	0	2	2
6813	5	29	0	3	0
6814	5	29	0	3	1
6815	5	29	0	3	2
6816	5	29	1	0	0
6817	5	29	1	0	1
6818	5	29	1	0	2
6819	5	29	1	1	0
6820	5	29	1	1	1
6821	5	29	1	1	2
6822	5	29	1	2	0
6823	5	29	1	2	1
6824	5	29	1	2	2
6825	5	29	1	3	0
6826	5	29	1	3	1
6827	5	29	1	3	2
6828	5	29	2	0	0
6829	5	29	2	0	1
6830	5	29	2	0	2
6831	5	29	2	1	0
6832	5	29	2	1	1
6833	5	29	2	1	2
6834	5	29	2	2	0
6835	5	29	2	2	1
6836	5	29	2	2	2
6837	5	29	2	3	0
6838	5	29	2	3	1
6839	5	29	2	3	2
6840	5	30	0	0	0
6841	5	30	0	0	1
6842	5	30	0	0	2
6843	5	30	0	1	0
6844	5	30	0	1	1
6845	5	30	0	1	2
6846	5	30	0	2	0
6847	5	30	0	2	1
6848	5	30	0	2	2
6849	5	30	0	3	0
6850	5	30	0	3	1
6851	5	30	0	3	2
6852	5	30	1	0	0
6853	5	30	1	0	1
6854	5	30	1	0	2
6855	5	30	1	1	0
6856	5	30	1	1	1
6857	5	30	1	1	2
6858	5	30	1	2	0
6859	5	30	1	2	1
6860	5	30	1	2	2
6861	5	30	1	3	0
6862	5	30	1	3	1
6863	5	30	1	3	2
6864	5	30	2	0	0
6865	5	30	2	0	1
6866	5	30	2	0	2
6867	5	30	2	1	0
6868	5	30	2	1	1
6869	5	30	2	1	2
6870	5	30	2	2	0
6871	5	30	2	2	1
6872	5	30	2	2	2
6873	5	30	2	3	0
6874	5	30	2	3	1
6875	5	30	2	3	2
6876	5	31	0	0	0
6877	5	31	0	0	1
6878	5	31	0	0	2
6879	5	31	0	1	0
6880	5	31	0	1	1
6881	5	31	0	1	2
6882	5	31	0	2	0
6883	5	31	0	2	1
6884	5	31	0	2	2
6885	5	31	0	3	0
6886	5	31	0	3	1
6887	5	31	0	3	2
6888	5	31	1	0	0
6889	5	31	1	0	1
6890	5	31	1	0	2
6891	5	31	1	1	0
6892	5	31	1	1	1
6893	5	31	1	1	2
6894	5	31	1	2	0
6895	5	31	1	2	1
6896	5	31	1	2	2
6897	5	31	1	3	0
6898	5	31	1	3	1
6899	5	31	1	3	2
6900	5	31	2	0	0
6901	5	31	2	0	1
6902	5	31	2	0	2
6903	5	31	2	1	0
6904	5	31	2	1	1
6905	5	31	2	1	2
6906	5	31	2	2	0
6907	5	31	2	2	1
6908	5	31	2	2	2
6909	5	31	2	3	0
6910	5	31	2	3	1
6911	5	31	2	3	2
6912	6	0	0	0	0
6913	6	0	0	0	1
6914	6	0	0	0	2
6915	6	0	0	1	0
6916	6	0	0	1	1
6917	6	0	0	1	2
6918	6	0	0	2	0
6919	6	0	0	2	1
6920	6	0	0	2	2
6921	6	0	0	3	0
6922	6	0	0	3	1
6923	6	0	0	3	2
6924	6	0	1	0	0
6925	6	0	1	0	1
6926	6	0	1	0	2
6927	6	0	1	1	0
6928	6	0	1	1	1
6929	6	0	1	1	2
6930	6	0	1	2	0
6931	6	0	1	2	1
6932	6	0	1	2	2
6933	6	0	1	3	0
6934	6	0	1	3	1
6935	6	0	1	3	2
6936	6	0	2	0	0
6937	6	0	2	0	1
6938	6	0	2	0	2
6939	6	0	2	1	0
6940	6	0	2	1	1
6941	6	0	2	1	2
6942	6	0	2	2	0
6943	6	0	2	2	1
6944	6	0	2	2	2
6945	6	0	2	3	0
6946	6	0	2	3	1
6947	6	0	2	3	2
6948	6	1	0	0	0
6949	6	1	0	0	1
6950	6	1	0	0	2
6951	6	1	0	1	0
6952	6	1	0	1	1
6953	6	1	0	1	2
6954	6	1	0	2	0
6955	6	1	0	2	1
6956	6	1	0	2	2
6957	6	1	0	3	0
6958	6	1	0	3	1
6959	6	1	0	3	2
6960	6	1	1	0	0
6961	6	1	1	0	1
6962	6	1	1	0	2
6963	6	1	1	1	0
6964	6	1	1	1	1
6965	6	1	1	1	2
6966	6	1	1	2	0
6967	6	1	1	2	1
6968	6	1	1	2	2
6969	6	1	1	3	0
6970	6	1	1	3	1
6971	6	1	1	3	2
6972	6	1	2	0	0
6973	6	1	2	0	1
6974	6	1	2	0	2
6975	6	1	2	1	0
6976	6	1	2	1	1
6977	6	1	2	1	2
6978	6	1	2	2	0
6979	6	1	2	2	1
6980	6	1	2	2	2
6981	6	1	2	3	0
6982	6	1	2	3	1
6983	6	1	2	3	2
6984	6	2	0	0	0
6985	6	2	0	0	1
6986	6	2	0	0	2
6987	6	2	0	1	0
6988	6	2	0	1	1
6989	6	2	0	1	2
6990	6	2	0	2	0
6991	6	2	0	2	1
6992	6	2	0	2	2
6993	6	2	0	3	0
6994	6	2	0	3	1
6995	6	2	0	3	2
6996	6	2	1	0	0
6997	6	2	1	0	1
6998	6	2	1	0	2
6999	6	2	1	1	0
7000	6	2	1	1	1
7001	6	2	1	1	2
7002	6	2	1	2	0
7003	6	2	1	2	1
7004	6	2	1	2	2
7005	6	2	1	3	0
7006	6	2	1	3	1
7007	6	2	1	3	2
7008	6	2	2	0	0
7009	6	2	2	0	1
7010	6	2	2	0	2
7011	6	2	2	1	0
7012	6	2	2	1	1
7013	6	2	2	1	2
7014	6	2	2	2	0
7015	6	2	2	2	1
7016	6	2	2	2	2
7017	6	2	2	3	0
7018	6	2	2	3	1
7019	6	2	2	3	2
7020	6	3	0	0	0
7021	6	3	0	0	1
7022	6	3	0	0	2
7023	6	3	0	1	0
7024	6	3	0	1	1
7025	6	3	0	1	2
7026	6	3	0	2	0
7027	6	3	0	2	1
7028	6	3	0	2	2
7029	6	3	0	3	0
7030	6	3	0	3	1
7031	6	3	0	3	2
7032	6	3	1	0	0
7033	6	3	1	0	1
7034	6	3	1	0	2
7035	6	3	1	1	0
7036	6	3	1	1	1
7037	6	3	1	1	2
7038	6	3	1	2	0
7039	6	3	1	2	1
7040	6	3	1	2	2
7041	6	3	1	3	0
7042	6	3	1	3	1
7043	6	3	1	3	2
7044	6	3	2	0	0
7045	6	3	2	0	1
7046	6	3	2	0	2
7047	6	3	2	1	0
7048	6	3	2	1	1
7049	6	3	2	1	2
7050	6	3	2	2	0
7051	6	3	2	2	1
7052	6	3	2	2	2
7053	6	3	2	3	0
7054	6	3	2	3	1
7055	6	3	2	3	2
7056	6	4	0	0	0
7057	6	4	0	0	1
7058	6	4	0	0	2
7059	6	4	0	1	0
7060	6	4	0	1	1
7061	6	4	0	1	2
7062	6	4	0	2	0
7063	6	4	0	2	1
7064	6	4	0	2	2
7065	6	4	0	3	0
7066	6	4	0	3	1
7067	6	4	0	3	2
7068	6	4	1	0	0
7069	6	4	1	0	1
7070	6	4	1	0	2
7071	6	4	1	1	0
7072	6	4	1	1	1
7073	6	4	1	1	2
7074	6	4	1	2	0
7075	6	4	1	2	1
7076	6	4	1	2	2
7077	6	4	1	3	0
7078	6	4	1	3	1
7079	6	4	1	3	2
7080	6	4	2	0	0
7081	6	4	2	0	1
7082	6	4	2	0	2
7083	6	4	2	1	0
7084	6	4	2	1	1
7085	6	4	2	1	2
7086	6	4	2	2	0
7087	6	4	2	2	1
7088	6	4	2	2	2
7089	6	4	2	3	0
7090	6	4	2	3	1
7091	6	4	2	3	2
7092	6	5	0	0	0
7093	6	5	0	0	1
7094	6	5	0	0	2
7095	6	5	0	1	0
7096	6	5	0	1	1
7097	6	5	0	1	2
7098	6	5	0	2	0
7099	6	5	0	2	1
7100	6	5	0	2	2
7101	6	5	0	3	0
7102	6	5	0	3	1
7103	6	5	0	3	2
7104	6	5	1	0	0
7105	6	5	1	0	1
7106	6	5	1	0	2
7107	6	5	1	1	0
7108	6	5	1	1	1
7109	6	5	1	1	2
7110	6	5	1	2	0
7111	6	5	1	2	1
7112	6	5	1	2	2
7113	6	5	1	3	0
7114	6	5	1	3	1
7115	6	5	1	3	2
7116	6	5	2	0	0
7117	6	5	2	0	1
7118	6	5	2	0	2
7119	6	5	2	1	0
7120	6	5	2	1	1
7121	6	5	2	1	2
7122	6	5	2	2	0
7123	6	5	2	2	1
7124	6	5	2	2	2
7125	6	5	2	3	0
7126	6	5	2	3	1
7127	6	5	2	3	2
7128	6	6	0	0	0
7129	6	6	0	0	1
7130	6	6	0	0	2
7131	6	6	0	1	0
7132	6	6	0	1	1
7133	6	6	0	1	2
7134	6	6	0	2	0
7135	6	6	0	2	1
7136	6	6	0	2	2
7137	6	6	0	3	0
7138	6	6	0	3	1
7139	6	6	0	3	2
7140	6	6	1	0	0
7141	6	6	1	0	1
7142	6	6	1	0	2
7143	6	6	1	1	0
7144	6	6	1	1	1
7145	6	6	1	1	2
7146	6	6	1	2	0
7147	6	6	1	2	1
7148	6	6	1	2	2
7149	6	6	1	3	0
7150	6	6	1	3	1
7151	6	6	1	3	2
7152	6	6	2	0	0
7153	6	6	2	0	1
7154	6	6	2	0	2
7155	6	6	2	1	0
7156	6	6	2	1	1
7157	6	6	2	1	2
7158	6	6	2	2	0
7159	6	6	2	2	1
7160	6	6	2	2	2
7161	6	6	2	3	0
7162	6	6	2	3	1
7163	6	6	2	3	2
7164	6	7	0	0	0
7165	6	7	0	0	1
7166	6	7	0	0	2
7167	6	7	0	1	0
7168	6	7	0	1	1
7169	6	7	0	1	2
7170	6	7	0	2	0
7171	6	7	0	2	1
7172	6	7	0	2	2
7173	6	7	0	3	0
7174	6	7	0	3	1
7175	6	7	0	3	2
7176	6	7	1	0	0
7177	6	7	1	0	1
7178	6	7	1	0	2
7179	6	7	1	1	0
7180	6	7	1	1	1
7181	6	7	1	1	2
7182	6	7	1	2	0
7183	6	7	1	2	1
7184	6	7	1	2	2
7185	6	7	1	3	0
7186	6	7	1	3	1
7187	6	7	1	3	2
7188	6	7	2	0	0
7189	6	7	2	0	1
7190	6	7	2	0	2
7191	6	7	2	1	0
7192	6	7	2	1	1
7193	6	7	2	1	2
7194	6	7	2	2	0
7195	6	7	2	2	1
7196	6	7	2	2	2
7197	6	7	2	3	0
7198	6	7	2	3	1
7199	6	7	2	3	2
7200	6	8	0	0	0
7201	6	8	0	0	1
7202	6	8	0	0	2
7203	6	8	0	1	0
7204	6	8	0	1	1
7205	6	8	0	1	2
7206	6	8	0	2	0
7207	6	8	0	2	1
7208	6	8	0	2	2
7209	6	8	0	3	0
7210	6	8	0	3	1
7211	6	8	0	3	2
7212	6	8	1	0	0
7213	6	8	1	0	1
7214	6	8	1	0	2
7215	6	8	1	1	0
7216	6	8	1	1	1
7217	6	8	1	1	2
7218	6	8	1	2	0
7219	6	8	1	2	1
7220	6	8	1	2	2
7221	6	8	1	3	0
7222	6	8	1	3	1
7223	6	8	1	3	2
7224	6	8	2	0	0
7225	6	8	2	0	1
7226	6	8	2	0	2
7227	6	8	2	1	0
7228	6	8	2	1	1
7229	6	8	2	1	2
7230	6	8	2	2	0
7231	6	8	2	2	1
7232	6	8	2	2	2
7233	6	8	2	3	0
7234	6	8	2	3	1
7235	6	8	2	3	2
7236	6	9	0	0	0
7237	6	9	0	0	1
7238	6	9	0	0	2
7239	6	9	0	1	0
7240	6	9	0	1	1
7241	6	9	0	1	2
7242	6	9	0	2	0
7243	6	9	0	2	1
7244	6	9	0	2	2
7245	6	9	0	3	0
7246	6	9	0	3	1
7247	6	9	0	3	2
7248	6	9	1	0	0
7249	6	9	1	0	1
7250	6	9	1	0	2
7251	6	9	1	1	0
7252	6	9	1	1	1
7253	6	9	1	1	2
7254	6	9	1	2	0
7255	6	9	1	2	1
7256	6	9	1	2	2
7257	6	9	1	3	0
7258	6	9	1	3	1
7259	6	9	1	3	2
7260	6	9	2	0	0
7261	6	9	2	0	1
7262	6	9	2	0	2
7263	6	9	2	1	0
7264	6	9	2	1	1
7265	6	9	2	1	2
7266	6	9	2	2	0
7267	6	9	2	2	1
7268	6	9	2	2	2
7269	6	9	2	3	0
7270	6	9	2	3	1
7271	6	9	2	3	2
7272	6	10	0	0	0
7273	6	10	0	0	1
7274	6	10	0	0	2
7275	6	10	0	1	0
7276	6	10	0	1	1
7277	6	10	0	1	2
7278	6	10	0	2	0
7279	6	10	0	2	1
7280	6	10	0	2	2
7281	6	10	0	3	0
7282	6	10	0	3	1
7283	6	10	0	3	2
7284	6	10	1	0	0
7285	6	10	1	0	1
7286	6	10	1	0	2
7287	6	10	1	1	0
7288	6	10	1	1	1
7289	6	10	1	1	2
7290	6	10	1	2	0
7291	6	10	1	2	1
7292	6	10	1	2	2
7293	6	10	1	3	0
7294	6	10	1	3	1
7295	6	10	1	3	2
7296	6	10	2	0	0
7297	6	10	2	0	1
7298	6	10	2	0	2
7299	6	10	2	1	0
7300	6	10	2	1	1
7301	6	10	2	1	2
7302	6	10	2	2	0
7303	6	10	2	2	1
7304	6	10	2	2	2
7305	6	10	2	3	0
7306	6	10	2	3	1
7307	6	10	2	3	2
7308	6	11	0	0	0
7309	6	11	0	0	1
7310	6	11	0	0	2
7311	6	11	0	1	0
7312	6	11	0	1	1
7313	6	11	0	1	2
7314	6	11	0	2	0
7315	6	11	0	2	1
7316	6	11	0	2	2
7317	6	11	0	3	0
7318	6	11	0	3	1
7319	6	11	0	3	2
7320	6	11	1	0	0
7321	6	11	1	0	1
7322	6	11	1	0	2
7323	6	11	1	1	0
7324	6	11	1	1	1
7325	6	11	1	1	2
7326	6	11	1	2	0
7327	6	11	1	2	1
7328	6	11	1	2	2
7329	6	11	1	3	0
7330	6	11	1	3	1
7331	6	11	1	3	2
7332	6	11	2	0	0
7333	6	11	2	0	1
7334	6	11	2	0	2
7335	6	11	2	1	0
7336	6	11	2	1	1
7337	6	11	2	1	2
7338	6	11	2	2	0
7339	6	11	2	2	1
7340	6	11	2	2	2
7341	6	11	2	3	0
7342	6	11	2	3	1
7343	6	11	2	3	2
7344	6	12	0	0	0
7345	6	12	0	0	1
7346	6	12	0	0	2
7347	6	12	0	1	0
7348	6	12	0	1	1
7349	6	12	0	1	2
7350	6	12	0	2	0
7351	6	12	0	2	1
7352	6	12	0	2	2
7353	6	12	0	3	0
7354	6	12	0	3	1
7355	6	12	0	3	2
7356	6	12	1	0	0
7357	6	12	1	0	1
7358	6	12	1	0	2
7359	6	12	1	1	0
7360	6	12	1	1	1
7361	6	12	1	1	2
7362	6	12	1	2	0
7363	6	12	1	2	1
7364	6	12	1	2	2
7365	6	12	1	3	0
7366	6	12	1	3	1
7367	6	12	1	3	2
7368	6	12	2	0	0
7369	6	12	2	0	1
7370	6	12	2	0	2
7371	6	12	2	1	0
7372	6	12	2	1	1
7373	6	12	2	1	2
7374	6	12	2	2	0
7375	6	12	2	2	1
7376	6	12	2	2	2
7377	6	12	2	3	0
7378	6	12	2	3	1
7379	6	12	2	3	2
7380	6	13	0	0	0
7381	6	13	0	0	1
7382	6	13	0	0	2
7383	6	13	0	1	0
7384	6	13	0	1	1
7385	6	13	0	1	2
7386	6	13	0	2	0
7387	6	13	0	2	1
7388	6	13	0	2	2
7389	6	13	0	3	0
7390	6	13	0	3	1
7391	6	13	0	3	2
7392	6	13	1	0	0
7393	6	13	1	0	1
7394	6	13	1	0	2
7395	6	13	1	1	0
7396	6	13	1	1	1
7397	6	13	1	1	2
7398	6	13	1	2	0
7399	6	13	1	2	1
7400	6	13	1	2	2
7401	6	13	1	3	0
7402	6	13	1	3	1
7403	6	13	1	3	2
7404	6	13	2	0	0
7405	6	13	2	0	1
7406	6	13	2	0	2
7407	6	13	2	1	0
7408	6	13	2	1	1
7409	6	13	2	1	2
7410	6	13	2	2	0
7411	6	13	2	2	1
7412	6	13	2	2	2
7413	6	13	2	3	0
7414	6	13	2	3	1
7415	6	13	2	3	2
7416	6	14	0	0	0
7417	6	14	0	0	1
7418	6	14	0	0	2
7419	6	14	0	1	0
7420	6	14	0	1	1
7421	6	14	0	1	2
7422	6	14	0	2	0
7423	6	14	0	2	1
7424	6	14	0	2	2
7425	6	14	0	3	0
7426	6	14	0	3	1
7427	6	14	0	3	2
7428	6	14	1	0	0
7429	6	14	1	0	1
7430	6	14	1	0	2
7431	6	14	1	1	0
7432	6	14	1	1	1
7433	6	14	1	1	2
7434	6	14	1	2	0
7435	6	14	1	2	1
7436	6	14	1	2	2
7437	6	14	1	3	0
7438	6	14	1	3	1
7439	6	14	1	3	2
7440	6	14	2	0	0
7441	6	14	2	0	1
7442	6	14	2	0	2
7443	6	14	2	1	0
7444	6	14	2	1	1
7445	6	14	2	1	2
7446	6	14	2	2	0
7447	6	14	2	2	1
7448	6	14	2	2	2
7449	6	14	2	3	0
7450	6	14	2	3	1
7451	6	14	2	3	2
7452	6	15	0	0	0
7453	6	15	0	0	1
7454	6	15	0	0	2
7455	6	15	0	1	0
7456	6	15	0	1	1
7457	6	15	0	1	2
7458	6	15	0	2	0
7459	6	15	0	2	1
7460	6	15	0	2	2
7461	6	15	0	3	0
7462	6	15	0	3	1
7463	6	15	0	3	2
7464	6	15	1	0	0
7465	6	15	1	0	1
7466	6	15	1	0	2
7467	6	15	1	1	0
7468	6	15	1	1	1
7469	6	15	1	1	2
7470	6	15	1	2	0
7471	6	15	1	2	1
7472	6	15	1	2	2
7473	6	15	1	3	0
7474	6	15	1	3	1
7475	6	15	1	3	2
7476	6	15	2	0	0
7477	6	15	2	0	1
7478	6	15	2	0	2
7479	6	15	2	1	0
7480	6	15	2	1	1
7481	6	15	2	1	2
7482	6	15	2	2	0
7483	6	15	2	2	1
7484	6	15	2	2	2
7485	6	15	2	3	0
7486	6	15	2	3	1
7487	6	15	2	3	2
7488	6	16	0	0	0
7489	6	16	0	0	1
7490	6	16	0	0	2
7491	6	16	0	1	0
7492	6	16	0	1	1
7493	6	16	0	1	2
7494	6	16	0	2	0
7495	6	16	0	2	1
7496	6	16	0	2	2
7497	6	16	0	3	0
7498	6	16	0	3	1
7499	6	16	0	3	2
7500	6	16	1	0	0
7501	6	16	1	0	1
7502	6	16	1	0	2
7503	6	16	1	1	0
7504	6	16	1	1	1
7505	6	16	1	1	2
7506	6	16	1	2	0
7507	6	16	1	2	1
7508	6	16	1	2	2
7509	6	16	1	3	0
7510	6	16	1	3	1
7511	6	16	1	3	2
7512	6	16	2	0	0
7513	6	16	2	0	1
7514	6	16	2	0	2
7515	6	16	2	1	0
7516	6	16	2	1	1
7517	6	16	2	1	2
7518	6	16	2	2	0
7519	6	16	2	2	1
7520	6	16	2	2	2
7521	6	16	2	3	0
7522	6	16	2	3	1
7523	6	16	2	3	2
7524	6	17	0	0	0
7525	6	17	0	0	1
7526	6	17	0	0	2
7527	6	17	0	1	0
7528	6	17	0	1	1
7529	6	17	0	1	2
7530	6	17	0	2	0
7531	6	17	0	2	1
7532	6	17	0	2	2
7533	6	17	0	3	0
7534	6	17	0	3	1
7535	6	17	0	3	2
7536	6	17	1	0	0
7537	6	17	1	0	1
7538	6	17	1	0	2
7539	6	17	1	1	0
7540	6	17	1	1	1
7541	6	17	1	1	2
7542	6	17	1	2	0
7543	6	17	1	2	1
7544	6	17	1	2	2
7545	6	17	1	3	0
7546	6	17	1	3	1
7547	6	17	1	3	2
7548	6	17	2	0	0
7549	6	17	2	0	1
7550	6	17	2	0	2
7551	6	17	2	1	0
7552	6	17	2	1	1
7553	6	17	2	1	2
7554	6	17	2	2	0
7555	6	17	2	2	1
7556	6	17	2	2	2
7557	6	17	2	3	0
7558	6	17	2	3	1
7559	6	17	2	3	2
7560	6	18	0	0	0
7561	6	18	0	0	1
7562	6	18	0	0	2
7563	6	18	0	1	0
7564	6	18	0	1	1
7565	6	18	0	1	2
7566	6	18	0	2	0
7567	6	18	0	2	1
7568	6	18	0	2	2
7569	6	18	0	3	0
7570	6	18	0	3	1
7571	6	18	0	3	2
7572	6	18	1	0	0
7573	6	18	1	0	1
7574	6	18	1	0	2
7575	6	18	1	1	0
7576	6	18	1	1	1
7577	6	18	1	1	2
7578	6	18	1	2	0
7579	6	18	1	2	1
7580	6	18	1	2	2
7581	6	18	1	3	0
7582	6	18	1	3	1
7583	6	18	1	3	2
7584	6	18	2	0	0
7585	6	18	2	0	1
7586	6	18	2	0	2
7587	6	18	2	1	0
7588	6	18	2	1	1
7589	6	18	2	1	2
7590	6	18	2	2	0
7591	6	18	2	2	1
7592	6	18	2	2	2
7593	6	18	2	3	0
7594	6	18	2	3	1
7595	6	18	2	3	2
7596	6	19	0	0	0
7597	6	19	0	0	1
7598	6	19	0	0	2
7599	6	19	0	1	0
7600	6	19	0	1	1
7601	6	19	0	1	2
7602	6	19	0	2	0
7603	6	19	0	2	1
7604	6	19	0	2	2
7605	6	19	0	3	0
7606	6	19	0	3	1
7607	6	19	0	3	2
7608	6	19	1	0	0
7609	6	19	1	0	1
7610	6	19	1	0	2
7611	6	19	1	1	0
7612	6	19	1	1	1
7613	6	19	1	1	2
7614	6	19	1	2	0
7615	6	19	1	2	1
7616	6	19	1	2	2
7617	6	19	1	3	0
7618	6	19	1	3	1
7619	6	19	1	3	2
7620	6	19	2	0	0
7621	6	19	2	0	1
7622	6	19	2	0	2
7623	6	19	2	1	0
7624	6	19	2	1	1
7625	6	19	2	1	2
7626	6	19	2	2	0
7627	6	19	2	2	1
7628	6	19	2	2	2
7629	6	19	2	3	0
7630	6	19	2	3	1
7631	6	19	2	3	2
7632	6	20	0	0	0
7633	6	20	0	0	1
7634	6	20	0	0	2
7635	6	20	0	1	0
7636	6	20	0	1	1
7637	6	20	0	1	2
7638	6	20	0	2	0
7639	6	20	0	2	1
7640	6	20	0	2	2
7641	6	20	0	3	0
7642	6	20	0	3	1
7643	6	20	0	3	2
7644	6	20	1	0	0
7645	6	20	1	0	1
7646	6	20	1	0	2
7647	6	20	1	1	0
7648	6	20	1	1	1
7649	6	20	1	1	2
7650	6	20	1	2	0
7651	6	20	1	2	1
7652	6	20	1	2	2
7653	6	20	1	3	0
7654	6	20	1	3	1
7655	6	20	1	3	2
7656	6	20	2	0	0
7657	6	20	2	0	1
7658	6	20	2	0	2
7659	6	20	2	1	0
7660	6	20	2	1	1
7661	6	20	2	1	2
7662	6	20	2	2	0
7663	6	20	2	2	1
7664	6	20	2	2	2
7665	6	20	2	3	0
7666	6	20	2	3	1
7667	6	20	2	3	2
7668	6	21	0	0	0
7669	6	21	0	0	1
7670	6	21	0	0	2
7671	6	21	0	1	0
7672	6	21	0	1	1
7673	6	21	0	1	2
7674	6	21	0	2	0
7675	6	21	0	2	1
7676	6	21	0	2	2
7677	6	21	0	3	0
7678	6	21	0	3	1
7679	6	21	0	3	2
7680	6	21	1	0	0
7681	6	21	1	0	1
7682	6	21	1	0	2
7683	6	21	1	1	0
7684	6	21	1	1	1
7685	6	21	1	1	2
7686	6	21	1	2	0
7687	6	21	1	2	1
7688	6	21	1	2	2
7689	6	21	1	3	0
7690	6	21	1	3	1
7691	6	21	1	3	2
7692	6	21	2	0	0
7693	6	21	2	0	1
7694	6	21	2	0	2
7695	6	21	2	1	0
7696	6	21	2	1	1
7697	6	21	2	1	2
7698	6	21	2	2	0
7699	6	21	2	2	1
7700	6	21	2	2	2
7701	6	21	2	3	0
7702	6	21	2	3	1
7703	6	21	2	3	2
7704	6	22	0	0	0
7705	6	22	0	0	1
7706	6	22	0	0	2
7707	6	22	0	1	0
7708	6	22	0	1	1
7709	6	22	0	1	2
7710	6	22	0	2	0
7711	6	22	0	2	1
7712	6	22	0	2	2
7713	6	22	0	3	0
7714	6	22	0	3	1
7715	6	22	0	3	2
7716	6	22	1	0	0
7717	6	22	1	0	1
7718	6	22	1	0	2
7719	6	22	1	1	0
7720	6	22	1	1	1
7721	6	22	1	1	2
7722	6	22	1	2	0
7723	6	22	1	2	1
7724	6	22	1	2	2
7725	6	22	1	3	0
7726	6	22	1	3	1
7727	6	22	1	3	2
7728	6	22	2	0	0
7729	6	22	2	0	1
7730	6	22	2	0	2
7731	6	22	2	1	0
7732	6	22	2	1	1
7733	6	22	2	1	2
7734	6	22	2	2	0
7735	6	22	2	2	1
7736	6	22	2	2	2
7737	6	22	2	3	0
7738	6	22	2	3	1
7739	6	22	2	3	2
7740	6	23	0	0	0
7741	6	23	0	0	1
7742	6	23	0	0	2
7743	6	23	0	1	0
7744	6	23	0	1	1
7745	6	23	0	1	2
7746	6	23	0	2	0
7747	6	23	0	2	1
7748	6	23	0	2	2
7749	6	23	0	3	0
7750	6	23	0	3	1
7751	6	23	0	3	2
7752	6	23	1	0	0
7753	6	23	1	0	1
7754	6	23	1	0	2
7755	6	23	1	1	0
7756	6	23	1	1	1
7757	6	23	1	1	2
7758	6	23	1	2	0
7759	6	23	1	2	1
7760	6	23	1	2	2
7761	6	23	1	3	0
7762	6	23	1	3	1
7763	6	23	1	3	2
7764	6	23	2	0	0
7765	6	23	2	0	1
7766	6	23	2	0	2
7767	6	23	2	1	0
7768	6	23	2	1	1
7769	6	23	2	1	2
7770	6	23	2	2	0
7771	6	23	2	2	1
7772	6	23	2	2	2
7773	6	23	2	3	0
7774	6	23	2	3	1
7775	6	23	2	3	2
7776	6	24	0	0	0
7777	6	24	0	0	1
7778	6	24	0	0	2
7779	6	24	0	1	0
7780	6	24	0	1	1
7781	6	24	0	1	2
7782	6	24	0	2	0
7783	6	24	0	2	1
7784	6	24	0	2	2
7785	6	24	0	3	0
7786	6	24	0	3	1
7787	6	24	0	3	2
7788	6	24	1	0	0
7789	6	24	1	0	1
7790	6	24	1	0	2
7791	6	24	1	1	0
7792	6	24	1	1	1
7793	6	24	1	1	2
7794	6	24	1	2	0
7795	6	24	1	2	1
7796	6	24	1	2	2
7797	6	24	1	3	0
7798	6	24	1	3	1
7799	6	24	1	3	2
7800	6	24	2	0	0
7801	6	24	2	0	1
7802	6	24	2	0	2
7803	6	24	2	1	0
7804	6	24	2	1	1
7805	6	24	2	1	2
7806	6	24	2	2	0
7807	6	24	2	2	1
7808	6	24	2	2	2
7809	6	24	2	3	0
7810	6	24	2	3	1
7811	6	24	2	3	2
7812	6	25	0	0	0
7813	6	25	0	0	1
7814	6	25	0	0	2
7815	6	25	0	1	0
7816	6	25	0	1	1
7817	6	25	0	1	2
7818	6	25	0	2	0
7819	6	25	0	2	1
7820	6	25	0	2	2
7821	6	25	0	3	0
7822	6	25	0	3	1
7823	6	25	0	3	2
7824	6	25	1	0	0
7825	6	25	1	0	1
7826	6	25	1	0	2
7827	6	25	1	1	0
7828	6	25	1	1	1
7829	6	25	1	1	2
7830	6	25	1	2	0
7831	6	25	1	2	1
7832	6	25	1	2	2
7833	6	25	1	3	0
7834	6	25	1	3	1
7835	6	25	1	3	2
7836	6	25	2	0	0
7837	6	25	2	0	1
7838	6	25	2	0	2
7839	6	25	2	1	0
7840	6	25	2	1	1
7841	6	25	2	1	2
7842	6	25	2	2	0
7843	6	25	2	2	1
7844	6	25	2	2	2
7845	6	25	2	3	0
7846	6	25	2	3	1
7847	6	25	2	3	2
7848	6	26	0	0	0
7849	6	26	0	0	1
7850	6	26	0	0	2
7851	6	26	0	1	0
7852	6	26	0	1	1
7853	6	26	0	1	2
7854	6	26	0	2	0
7855	6	26	0	2	1
7856	6	26	0	2	2
7857	6	26	0	3	0
7858	6	26	0	3	1
7859	6	26	0	3	2
7860	6	26	1	0	0
7861	6	26	1	0	1
7862	6	26	1	0	2
7863	6	26	1	1	0
7864	6	26	1	1	1
7865	6	26	1	1	2
7866	6	26	1	2	0
7867	6	26	1	2	1
7868	6	26	1	2	2
7869	6	26	1	3	0
7870	6	26	1	3	1
7871	6	26	1	3	2
7872	6	26	2	0	0
7873	6	26	2	0	1
7874	6	26	2	0	2
7875	6	26	2	1	0
7876	6	26	2	1	1
7877	6	26	2	1	2
7878	6	26	2	2	0
7879	6	26	2	2	1
7880	6	26	2	2	2
7881	6	26	2	3	0
7882	6	26	2	3	1
7883	6	26	2	3	2
7884	6	27	0	0	0
7885	6	27	0	0	1
7886	6	27	0	0	2
7887	6	27	0	1	0
7888	6	27	0	1	1
7889	6	27	0	1	2
7890	6	27	0	2	0
7891	6	27	0	2	1
7892	6	27	0	2	2
7893	6	27	0	3	0
7894	6	27	0	3	1
7895	6	27	0	3	2
7896	6	27	1	0	0
7897	6	27	1	0	1
7898	6	27	1	0	2
7899	6	27	1	1	0
7900	6	27	1	1	1
7901	6	27	1	1	2
7902	6	27	1	2	0
7903	6	27	1	2	1
7904	6	27	1	2	2
7905	6	27	1	3	0
7906	6	27	1	3	1
7907	6	27	1	3	2
7908	6	27	2	0	0
7909	6	27	2	0	1
7910	6	27	2	0	2
7911	6	27	2	1	0
7912	6	27	2	1	1
7913	6	27	2	1	2
7914	6	27	2	2	0
7915	6	27	2	2	1
7916	6	27	2	2	2
7917	6	27	2	3	0
7918	6	27	2	3	1
7919	6	27	2	3	2
7920	6	28	0	0	0
7921	6	28	0	0	1
7922	6	28	0	0	2
7923	6	28	0	1	0
7924	6	28	0	1	1
7925	6	28	0	1	2
7926	6	28	0	2	0
7927	6	28	0	2	1
7928	6	28	0	2	2
7929	6	28	0	3	0
7930	6	28	0	3	1
7931	6	28	0	3	2
7932	6	28	1	0	0
7933	6	28	1	0	1
7934	6	28	1	0	2
7935	6	28	1	1	0
7936	6	28	1	1	1
7937	6	28	1	1	2
7938	6	28	1	2	0
7939	6	28	1	2	1
7940	6	28	1	2	2
7941	6	28	1	3	0
7942	6	28	1	3	1
7943	6	28	1	3	2
7944	6	28	2	0	0
7945	6	28	2	0	1
7946	6	28	2	0	2
7947	6	28	2	1	0
7948	6	28	2	1	1
7949	6	28	2	1	2
7950	6	28	2	2	0
7951	6	28	2	2	1
7952	6	28	2	2	2
7953	6	28	2	3	0
7954	6	28	2	3	1
7955	6	28	2	3	2
7956	6	29	0	0	0
7957	6	29	0	0	1
7958	6	29	0	0	2
7959	6	29	0	1	0
7960	6	29	0	1	1
7961	6	29	0	1	2
7962	6	29	0	2	0
7963	6	29	0	2	1
7964	6	29	0	2	2
7965	6	29	0	3	0
7966	6	29	0	3	1
7967	6	29	0	3	2
7968	6	29	1	0	0
7969	6	29	1	0	1
7970	6	29	1	0	2
7971	6	29	1	1	0
7972	6	29	1	1	1
7973	6	29	1	1	2
7974	6	29	1	2	0
7975	6	29	1	2	1
7976	6	29	1	2	2
7977	6	29	1	3	0
7978	6	29	1	3	1
7979	6	29	1	3	2
7980	6	29	2	0	0
7981	6	29	2	0	1
7982	6	29	2	0	2
7983	6	29	2	1	0
7984	6	29	2	1	1
7985	6	29	2	1	2
7986	6	29	2	2	0
7987	6	29	2	2	1
7988	6	29	2	2	2
7989	6	29	2	3	0
7990	6	29	2	3	1
7991	6	29	2	3	2
7992	6	30	0	0	0
7993	6	30	0	0	1
7994	6	30	0	0	2
7995	6	30	0	1	0
7996	6	30	0	1	1
7997	6	30	0	1	2
7998	6	30	0	2	0
7999	6	30	0	2	1
8000	6	30	0	2	2
8001	6	30	0	3	0
8002	6	30	0	3	1
8003	6	30	0	3	2
8004	6	30	1	0	0
8005	6	30	1	0	1
8006	6	30	1	0	2
8007	6	30	1	1	0
8008	6	30	1	1	1
8009	6	30	1	1	2
8010	6	30	1	2	0
8011	6	30	1	2	1
8012	6	30	1	2	2
8013	6	30	1	3	0
8014	6	30	1	3	1
8015	6	30	1	3	2
8016	6	30	2	0	0
8017	6	30	2	0	1
8018	6	30	2	0	2
8019	6	30	2	1	0
8020	6	30	2	1	1
8021	6	30	2	1	2
8022	6	30	2	2	0
8023	6	30	2	2	1
8024	6	30	2	2	2
8025	6	30	2	3	0
8026	6	30	2	3	1
8027	6	30	2	3	2
8028	6	31	0	0	0
8029	6	31	0	0	1
8030	6	31	0	0	2
8031	6	31	0	1	0
8032	6	31	0	1	1
8033	6	31	0	1	2
8034	6	31	0	2	0
8035	6	31	0	2	1
8036	6	31	0	2	2
8037	6	31	0	3	0
8038	6	31	0	3	1
8039	6	31	0	3	2
8040	6	31	1	0	0
8041	6	31	1	0	1
8042	6	31	1	0	2
8043	6	31	1	1	0
8044	6	31	1	1	1
8045	6	31	1	1	2
8046	6	31	1	2	0
8047	6	31	1	2	1
8048	6	31	1	2	2
8049	6	31	1	3	0
8050	6	31	1	3	1
8051	6	31	1	3	2
8052	6	31	2	0	0
8053	6	31	2	0	1
8054	6	31	2	0	2
8055	6	31	2	1	0
8056	6	31	2	1	1
8057	6	31	2	1	2
8058	6	31	2	2	0
8059	6	31	2	2	1
8060	6	31	2	2	2
8061	6	31	2	3	0
8062	6	31	2	3	1
8063	6	31	2	3	2
8064	7	0	0	0	0
8065	7	0	0	0	1
8066	7	0	0	0	2
8067	7	0	0	1	0
8068	7	0	0	1	1
8069	7	0	0	1	2
8070	7	0	0	2	0
8071	7	0	0	2	1
8072	7	0	0	2	2
8073	7	0	0	3	0
8074	7	0	0	3	1
8075	7	0	0	3	2
8076	7	0	1	0	0
8077	7	0	1	0	1
8078	7	0	1	0	2
8079	7	0	1	1	0
8080	7	0	1	1	1
8081	7	0	1	1	2
8082	7	0	1	2	0
8083	7	0	1	2	1
8084	7	0	1	2	2
8085	7	0	1	3	0
8086	7	0	1	3	1
8087	7	0	1	3	2
8088	7	0	2	0	0
8089	7	0	2	0	1
8090	7	0	2	0	2
8091	7	0	2	1	0
8092	7	0	2	1	1
8093	7	0	2	1	2
8094	7	0	2	2	0
8095	7	0	2	2	1
8096	7	0	2	2	2
8097	7	0	2	3	0
8098	7	0	2	3	1
8099	7	0	2	3	2
8100	7	1	0	0	0
8101	7	1	0	0	1
8102	7	1	0	0	2
8103	7	1	0	1	0
8104	7	1	0	1	1
8105	7	1	0	1	2
8106	7	1	0	2	0
8107	7	1	0	2	1
8108	7	1	0	2	2
8109	7	1	0	3	0
8110	7	1	0	3	1
8111	7	1	0	3	2
8112	7	1	1	0	0
8113	7	1	1	0	1
8114	7	1	1	0	2
8115	7	1	1	1	0
8116	7	1	1	1	1
8117	7	1	1	1	2
8118	7	1	1	2	0
8119	7	1	1	2	1
8120	7	1	1	2	2
8121	7	1	1	3	0
8122	7	1	1	3	1
8123	7	1	1	3	2
8124	7	1	2	0	0
8125	7	1	2	0	1
8126	7	1	2	0	2
8127	7	1	2	1	0
8128	7	1	2	1	1
8129	7	1	2	1	2
8130	7	1	2	2	0
8131	7	1	2	2	1
8132	7	1	2	2	2
8133	7	1	2	3	0
8134	7	1	2	3	1
8135	7	1	2	3	2
8136	7	2	0	0	0
8137	7	2	0	0	1
8138	7	2	0	0	2
8139	7	2	0	1	0
8140	7	2	0	1	1
8141	7	2	0	1	2
8142	7	2	0	2	0
8143	7	2	0	2	1
8144	7	2	0	2	2
8145	7	2	0	3	0
8146	7	2	0	3	1
8147	7	2	0	3	2
8148	7	2	1	0	0
8149	7	2	1	0	1
8150	7	2	1	0	2
8151	7	2	1	1	0
8152	7	2	1	1	1
8153	7	2	1	1	2
8154	7	2	1	2	0
8155	7	2	1	2	1
8156	7	2	1	2	2
8157	7	2	1	3	0
8158	7	2	1	3	1
8159	7	2	1	3	2
8160	7	2	2	0	0
8161	7	2	2	0	1
8162	7	2	2	0	2
8163	7	2	2	1	0
8164	7	2	2	1	1
8165	7	2	2	1	2
8166	7	2	2	2	0
8167	7	2	2	2	1
8168	7	2	2	2	2
8169	7	2	2	3	0
8170	7	2	2	3	1
8171	7	2	2	3	2
8172	7	3	0	0	0
8173	7	3	0	0	1
8174	7	3	0	0	2
8175	7	3	0	1	0
8176	7	3	0	1	1
8177	7	3	0	1	2
8178	7	3	0	2	0
8179	7	3	0	2	1
8180	7	3	0	2	2
8181	7	3	0	3	0
8182	7	3	0	3	1
8183	7	3	0	3	2
8184	7	3	1	0	0
8185	7	3	1	0	1
8186	7	3	1	0	2
8187	7	3	1	1	0
8188	7	3	1	1	1
8189	7	3	1	1	2
8190	7	3	1	2	0
8191	7	3	1	2	1
8192	7	3	1	2	2
8193	7	3	1	3	0
8194	7	3	1	3	1
8195	7	3	1	3	2
8196	7	3	2	0	0
8197	7	3	2	0	1
8198	7	3	2	0	2
8199	7	3	2	1	0
8200	7	3	2	1	1
8201	7	3	2	1	2
8202	7	3	2	2	0
8203	7	3	2	2	1
8204	7	3	2	2	2
8205	7	3	2	3	0
8206	7	3	2	3	1
8207	7	3	2	3	2
8208	7	4	0	0	0
8209	7	4	0	0	1
8210	7	4	0	0	2
8211	7	4	0	1	0
8212	7	4	0	1	1
8213	7	4	0	1	2
8214	7	4	0	2	0
8215	7	4	0	2	1
8216	7	4	0	2	2
8217	7	4	0	3	0
8218	7	4	0	3	1
8219	7	4	0	3	2
8220	7	4	1	0	0
8221	7	4	1	0	1
8222	7	4	1	0	2
8223	7	4	1	1	0
8224	7	4	1	1	1
8225	7	4	1	1	2
8226	7	4	1	2	0
8227	7	4	1	2	1
8228	7	4	1	2	2
8229	7	4	1	3	0
8230	7	4	1	3	1
8231	7	4	1	3	2
8232	7	4	2	0	0
8233	7	4	2	0	1
8234	7	4	2	0	2
8235	7	4	2	1	0
8236	7	4	2	1	1
8237	7	4	2	1	2
8238	7	4	2	2	0
8239	7	4	2	2	1
8240	7	4	2	2	2
8241	7	4	2	3	0
8242	7	4	2	3	1
8243	7	4	2	3	2
8244	7	5	0	0	0
8245	7	5	0	0	1
8246	7	5	0	0	2
8247	7	5	0	1	0
8248	7	5	0	1	1
8249	7	5	0	1	2
8250	7	5	0	2	0
8251	7	5	0	2	1
8252	7	5	0	2	2
8253	7	5	0	3	0
8254	7	5	0	3	1
8255	7	5	0	3	2
8256	7	5	1	0	0
8257	7	5	1	0	1
8258	7	5	1	0	2
8259	7	5	1	1	0
8260	7	5	1	1	1
8261	7	5	1	1	2
8262	7	5	1	2	0
8263	7	5	1	2	1
8264	7	5	1	2	2
8265	7	5	1	3	0
8266	7	5	1	3	1
8267	7	5	1	3	2
8268	7	5	2	0	0
8269	7	5	2	0	1
8270	7	5	2	0	2
8271	7	5	2	1	0
8272	7	5	2	1	1
8273	7	5	2	1	2
8274	7	5	2	2	0
8275	7	5	2	2	1
8276	7	5	2	2	2
8277	7	5	2	3	0
8278	7	5	2	3	1
8279	7	5	2	3	2
8280	7	6	0	0	0
8281	7	6	0	0	1
8282	7	6	0	0	2
8283	7	6	0	1	0
8284	7	6	0	1	1
8285	7	6	0	1	2
8286	7	6	0	2	0
8287	7	6	0	2	1
8288	7	6	0	2	2
8289	7	6	0	3	0
8290	7	6	0	3	1
8291	7	6	0	3	2
8292	7	6	1	0	0
8293	7	6	1	0	1
8294	7	6	1	0	2
8295	7	6	1	1	0
8296	7	6	1	1	1
8297	7	6	1	1	2
8298	7	6	1	2	0
8299	7	6	1	2	1
8300	7	6	1	2	2
8301	7	6	1	3	0
8302	7	6	1	3	1
8303	7	6	1	3	2
8304	7	6	2	0	0
8305	7	6	2	0	1
8306	7	6	2	0	2
8307	7	6	2	1	0
8308	7	6	2	1	1
8309	7	6	2	1	2
8310	7	6	2	2	0
8311	7	6	2	2	1
8312	7	6	2	2	2
8313	7	6	2	3	0
8314	7	6	2	3	1
8315	7	6	2	3	2
8316	7	7	0	0	0
8317	7	7	0	0	1
8318	7	7	0	0	2
8319	7	7	0	1	0
8320	7	7	0	1	1
8321	7	7	0	1	2
8322	7	7	0	2	0
8323	7	7	0	2	1
8324	7	7	0	2	2
8325	7	7	0	3	0
8326	7	7	0	3	1
8327	7	7	0	3	2
8328	7	7	1	0	0
8329	7	7	1	0	1
8330	7	7	1	0	2
8331	7	7	1	1	0
8332	7	7	1	1	1
8333	7	7	1	1	2
8334	7	7	1	2	0
8335	7	7	1	2	1
8336	7	7	1	2	2
8337	7	7	1	3	0
8338	7	7	1	3	1
8339	7	7	1	3	2
8340	7	7	2	0	0
8341	7	7	2	0	1
8342	7	7	2	0	2
8343	7	7	2	1	0
8344	7	7	2	1	1
8345	7	7	2	1	2
8346	7	7	2	2	0
8347	7	7	2	2	1
8348	7	7	2	2	2
8349	7	7	2	3	0
8350	7	7	2	3	1
8351	7	7	2	3	2
8352	7	8	0	0	0
8353	7	8	0	0	1
8354	7	8	0	0	2
8355	7	8	0	1	0
8356	7	8	0	1	1
8357	7	8	0	1	2
8358	7	8	0	2	0
8359	7	8	0	2	1
8360	7	8	0	2	2
8361	7	8	0	3	0
8362	7	8	0	3	1
8363	7	8	0	3	2
8364	7	8	1	0	0
8365	7	8	1	0	1
8366	7	8	1	0	2
8367	7	8	1	1	0
8368	7	8	1	1	1
8369	7	8	1	1	2
8370	7	8	1	2	0
8371	7	8	1	2	1
8372	7	8	1	2	2
8373	7	8	1	3	0
8374	7	8	1	3	1
8375	7	8	1	3	2
8376	7	8	2	0	0
8377	7	8	2	0	1
8378	7	8	2	0	2
8379	7	8	2	1	0
8380	7	8	2	1	1
8381	7	8	2	1	2
8382	7	8	2	2	0
8383	7	8	2	2	1
8384	7	8	2	2	2
8385	7	8	2	3	0
8386	7	8	2	3	1
8387	7	8	2	3	2
8388	7	9	0	0	0
8389	7	9	0	0	1
8390	7	9	0	0	2
8391	7	9	0	1	0
8392	7	9	0	1	1
8393	7	9	0	1	2
8394	7	9	0	2	0
8395	7	9	0	2	1
8396	7	9	0	2	2
8397	7	9	0	3	0
8398	7	9	0	3	1
8399	7	9	0	3	2
8400	7	9	1	0	0
8401	7	9	1	0	1
8402	7	9	1	0	2
8403	7	9	1	1	0
8404	7	9	1	1	1
8405	7	9	1	1	2
8406	7	9	1	2	0
8407	7	9	1	2	1
8408	7	9	1	2	2
8409	7	9	1	3	0
8410	7	9	1	3	1
8411	7	9	1	3	2
8412	7	9	2	0	0
8413	7	9	2	0	1
8414	7	9	2	0	2
8415	7	9	2	1	0
8416	7	9	2	1	1
8417	7	9	2	1	2
8418	7	9	2	2	0
8419	7	9	2	2	1
8420	7	9	2	2	2
8421	7	9	2	3	0
8422	7	9	2	3	1
8423	7	9	2	3	2
8424	7	10	0	0	0
8425	7	10	0	0	1
8426	7	10	0	0	2
8427	7	10	0	1	0
8428	7	10	0	1	1
8429	7	10	0	1	2
8430	7	10	0	2	0
8431	7	10	0	2	1
8432	7	10	0	2	2
8433	7	10	0	3	0
8434	7	10	0	3	1
8435	7	10	0	3	2
8436	7	10	1	0	0
8437	7	10	1	0	1
8438	7	10	1	0	2
8439	7	10	1	1	0
8440	7	10	1	1	1
8441	7	10	1	1	2
8442	7	10	1	2	0
8443	7	10	1	2	1
8444	7	10	1	2	2
8445	7	10	1	3	0
8446	7	10	1	3	1
8447	7	10	1	3	2
8448	7	10	2	0	0
8449	7	10	2	0	1
8450	7	10	2	0	2
8451	7	10	2	1	0
8452	7	10	2	1	1
8453	7	10	2	1	2
8454	7	10	2	2	0
8455	7	10	2	2	1
8456	7	10	2	2	2
8457	7	10	2	3	0
8458	7	10	2	3	1
8459	7	10	2	3	2
8460	7	11	0	0	0
8461	7	11	0	0	1
8462	7	11	0	0	2
8463	7	11	0	1	0
8464	7	11	0	1	1
8465	7	11	0	1	2
8466	7	11	0	2	0
8467	7	11	0	2	1
8468	7	11	0	2	2
8469	7	11	0	3	0
8470	7	11	0	3	1
8471	7	11	0	3	2
8472	7	11	1	0	0
8473	7	11	1	0	1
8474	7	11	1	0	2
8475	7	11	1	1	0
8476	7	11	1	1	1
8477	7	11	1	1	2
8478	7	11	1	2	0
8479	7	11	1	2	1
8480	7	11	1	2	2
8481	7	11	1	3	0
8482	7	11	1	3	1
8483	7	11	1	3	2
8484	7	11	2	0	0
8485	7	11	2	0	1
8486	7	11	2	0	2
8487	7	11	2	1	0
8488	7	11	2	1	1
8489	7	11	2	1	2
8490	7	11	2	2	0
8491	7	11	2	2	1
8492	7	11	2	2	2
8493	7	11	2	3	0
8494	7	11	2	3	1
8495	7	11	2	3	2
8496	7	12	0	0	0
8497	7	12	0	0	1
8498	7	12	0	0	2
8499	7	12	0	1	0
8500	7	12	0	1	1
8501	7	12	0	1	2
8502	7	12	0	2	0
8503	7	12	0	2	1
8504	7	12	0	2	2
8505	7	12	0	3	0
8506	7	12	0	3	1
8507	7	12	0	3	2
8508	7	12	1	0	0
8509	7	12	1	0	1
8510	7	12	1	0	2
8511	7	12	1	1	0
8512	7	12	1	1	1
8513	7	12	1	1	2
8514	7	12	1	2	0
8515	7	12	1	2	1
8516	7	12	1	2	2
8517	7	12	1	3	0
8518	7	12	1	3	1
8519	7	12	1	3	2
8520	7	12	2	0	0
8521	7	12	2	0	1
8522	7	12	2	0	2
8523	7	12	2	1	0
8524	7	12	2	1	1
8525	7	12	2	1	2
8526	7	12	2	2	0
8527	7	12	2	2	1
8528	7	12	2	2	2
8529	7	12	2	3	0
8530	7	12	2	3	1
8531	7	12	2	3	2
8532	7	13	0	0	0
8533	7	13	0	0	1
8534	7	13	0	0	2
8535	7	13	0	1	0
8536	7	13	0	1	1
8537	7	13	0	1	2
8538	7	13	0	2	0
8539	7	13	0	2	1
8540	7	13	0	2	2
8541	7	13	0	3	0
8542	7	13	0	3	1
8543	7	13	0	3	2
8544	7	13	1	0	0
8545	7	13	1	0	1
8546	7	13	1	0	2
8547	7	13	1	1	0
8548	7	13	1	1	1
8549	7	13	1	1	2
8550	7	13	1	2	0
8551	7	13	1	2	1
8552	7	13	1	2	2
8553	7	13	1	3	0
8554	7	13	1	3	1
8555	7	13	1	3	2
8556	7	13	2	0	0
8557	7	13	2	0	1
8558	7	13	2	0	2
8559	7	13	2	1	0
8560	7	13	2	1	1
8561	7	13	2	1	2
8562	7	13	2	2	0
8563	7	13	2	2	1
8564	7	13	2	2	2
8565	7	13	2	3	0
8566	7	13	2	3	1
8567	7	13	2	3	2
8568	7	14	0	0	0
8569	7	14	0	0	1
8570	7	14	0	0	2
8571	7	14	0	1	0
8572	7	14	0	1	1
8573	7	14	0	1	2
8574	7	14	0	2	0
8575	7	14	0	2	1
8576	7	14	0	2	2
8577	7	14	0	3	0
8578	7	14	0	3	1
8579	7	14	0	3	2
8580	7	14	1	0	0
8581	7	14	1	0	1
8582	7	14	1	0	2
8583	7	14	1	1	0
8584	7	14	1	1	1
8585	7	14	1	1	2
8586	7	14	1	2	0
8587	7	14	1	2	1
8588	7	14	1	2	2
8589	7	14	1	3	0
8590	7	14	1	3	1
8591	7	14	1	3	2
8592	7	14	2	0	0
8593	7	14	2	0	1
8594	7	14	2	0	2
8595	7	14	2	1	0
8596	7	14	2	1	1
8597	7	14	2	1	2
8598	7	14	2	2	0
8599	7	14	2	2	1
8600	7	14	2	2	2
8601	7	14	2	3	0
8602	7	14	2	3	1
8603	7	14	2	3	2
8604	7	15	0	0	0
8605	7	15	0	0	1
8606	7	15	0	0	2
8607	7	15	0	1	0
8608	7	15	0	1	1
8609	7	15	0	1	2
8610	7	15	0	2	0
8611	7	15	0	2	1
8612	7	15	0	2	2
8613	7	15	0	3	0
8614	7	15	0	3	1
8615	7	15	0	3	2
8616	7	15	1	0	0
8617	7	15	1	0	1
8618	7	15	1	0	2
8619	7	15	1	1	0
8620	7	15	1	1	1
8621	7	15	1	1	2
8622	7	15	1	2	0
8623	7	15	1	2	1
8624	7	15	1	2	2
8625	7	15	1	3	0
8626	7	15	1	3	1
8627	7	15	1	3	2
8628	7	15	2	0	0
8629	7	15	2	0	1
8630	7	15	2	0	2
8631	7	15	2	1	0
8632	7	15	2	1	1
8633	7	15	2	1	2
8634	7	15	2	2	0
8635	7	15	2	2	1
8636	7	15	2	2	2
8637	7	15	2	3	0
8638	7	15	2	3	1
8639	7	15	2	3	2
8640	7	16	0	0	0
8641	7	16	0	0	1
8642	7	16	0	0	2
8643	7	16	0	1	0
8644	7	16	0	1	1
8645	7	16	0	1	2
8646	7	16	0	2	0
8647	7	16	0	2	1
8648	7	16	0	2	2
8649	7	16	0	3	0
8650	7	16	0	3	1
8651	7	16	0	3	2
8652	7	16	1	0	0
8653	7	16	1	0	1
8654	7	16	1	0	2
8655	7	16	1	1	0
8656	7	16	1	1	1
8657	7	16	1	1	2
8658	7	16	1	2	0
8659	7	16	1	2	1
8660	7	16	1	2	2
8661	7	16	1	3	0
8662	7	16	1	3	1
8663	7	16	1	3	2
8664	7	16	2	0	0
8665	7	16	2	0	1
8666	7	16	2	0	2
8667	7	16	2	1	0
8668	7	16	2	1	1
8669	7	16	2	1	2
8670	7	16	2	2	0
8671	7	16	2	2	1
8672	7	16	2	2	2
8673	7	16	2	3	0
8674	7	16	2	3	1
8675	7	16	2	3	2
8676	7	17	0	0	0
8677	7	17	0	0	1
8678	7	17	0	0	2
8679	7	17	0	1	0
8680	7	17	0	1	1
8681	7	17	0	1	2
8682	7	17	0	2	0
8683	7	17	0	2	1
8684	7	17	0	2	2
8685	7	17	0	3	0
8686	7	17	0	3	1
8687	7	17	0	3	2
8688	7	17	1	0	0
8689	7	17	1	0	1
8690	7	17	1	0	2
8691	7	17	1	1	0
8692	7	17	1	1	1
8693	7	17	1	1	2
8694	7	17	1	2	0
8695	7	17	1	2	1
8696	7	17	1	2	2
8697	7	17	1	3	0
8698	7	17	1	3	1
8699	7	17	1	3	2
8700	7	17	2	0	0
8701	7	17	2	0	1
8702	7	17	2	0	2
8703	7	17	2	1	0
8704	7	17	2	1	1
8705	7	17	2	1	2
8706	7	17	2	2	0
8707	7	17	2	2	1
8708	7	17	2	2	2
8709	7	17	2	3	0
8710	7	17	2	3	1
8711	7	17	2	3	2
8712	7	18	0	0	0
8713	7	18	0	0	1
8714	7	18	0	0	2
8715	7	18	0	1	0
8716	7	18	0	1	1
8717	7	18	0	1	2
8718	7	18	0	2	0
8719	7	18	0	2	1
8720	7	18	0	2	2
8721	7	18	0	3	0
8722	7	18	0	3	1
8723	7	18	0	3	2
8724	7	18	1	0	0
8725	7	18	1	0	1
8726	7	18	1	0	2
8727	7	18	1	1	0
8728	7	18	1	1	1
8729	7	18	1	1	2
8730	7	18	1	2	0
8731	7	18	1	2	1
8732	7	18	1	2	2
8733	7	18	1	3	0
8734	7	18	1	3	1
8735	7	18	1	3	2
8736	7	18	2	0	0
8737	7	18	2	0	1
8738	7	18	2	0	2
8739	7	18	2	1	0
8740	7	18	2	1	1
8741	7	18	2	1	2
8742	7	18	2	2	0
8743	7	18	2	2	1
8744	7	18	2	2	2
8745	7	18	2	3	0
8746	7	18	2	3	1
8747	7	18	2	3	2
8748	7	19	0	0	0
8749	7	19	0	0	1
8750	7	19	0	0	2
8751	7	19	0	1	0
8752	7	19	0	1	1
8753	7	19	0	1	2
8754	7	19	0	2	0
8755	7	19	0	2	1
8756	7	19	0	2	2
8757	7	19	0	3	0
8758	7	19	0	3	1
8759	7	19	0	3	2
8760	7	19	1	0	0
8761	7	19	1	0	1
8762	7	19	1	0	2
8763	7	19	1	1	0
8764	7	19	1	1	1
8765	7	19	1	1	2
8766	7	19	1	2	0
8767	7	19	1	2	1
8768	7	19	1	2	2
8769	7	19	1	3	0
8770	7	19	1	3	1
8771	7	19	1	3	2
8772	7	19	2	0	0
8773	7	19	2	0	1
8774	7	19	2	0	2
8775	7	19	2	1	0
8776	7	19	2	1	1
8777	7	19	2	1	2
8778	7	19	2	2	0
8779	7	19	2	2	1
8780	7	19	2	2	2
8781	7	19	2	3	0
8782	7	19	2	3	1
8783	7	19	2	3	2
8784	7	20	0	0	0
8785	7	20	0	0	1
8786	7	20	0	0	2
8787	7	20	0	1	0
8788	7	20	0	1	1
8789	7	20	0	1	2
8790	7	20	0	2	0
8791	7	20	0	2	1
8792	7	20	0	2	2
8793	7	20	0	3	0
8794	7	20	0	3	1
8795	7	20	0	3	2
8796	7	20	1	0	0
8797	7	20	1	0	1
8798	7	20	1	0	2
8799	7	20	1	1	0
8800	7	20	1	1	1
8801	7	20	1	1	2
8802	7	20	1	2	0
8803	7	20	1	2	1
8804	7	20	1	2	2
8805	7	20	1	3	0
8806	7	20	1	3	1
8807	7	20	1	3	2
8808	7	20	2	0	0
8809	7	20	2	0	1
8810	7	20	2	0	2
8811	7	20	2	1	0
8812	7	20	2	1	1
8813	7	20	2	1	2
8814	7	20	2	2	0
8815	7	20	2	2	1
8816	7	20	2	2	2
8817	7	20	2	3	0
8818	7	20	2	3	1
8819	7	20	2	3	2
8820	7	21	0	0	0
8821	7	21	0	0	1
8822	7	21	0	0	2
8823	7	21	0	1	0
8824	7	21	0	1	1
8825	7	21	0	1	2
8826	7	21	0	2	0
8827	7	21	0	2	1
8828	7	21	0	2	2
8829	7	21	0	3	0
8830	7	21	0	3	1
8831	7	21	0	3	2
8832	7	21	1	0	0
8833	7	21	1	0	1
8834	7	21	1	0	2
8835	7	21	1	1	0
8836	7	21	1	1	1
8837	7	21	1	1	2
8838	7	21	1	2	0
8839	7	21	1	2	1
8840	7	21	1	2	2
8841	7	21	1	3	0
8842	7	21	1	3	1
8843	7	21	1	3	2
8844	7	21	2	0	0
8845	7	21	2	0	1
8846	7	21	2	0	2
8847	7	21	2	1	0
8848	7	21	2	1	1
8849	7	21	2	1	2
8850	7	21	2	2	0
8851	7	21	2	2	1
8852	7	21	2	2	2
8853	7	21	2	3	0
8854	7	21	2	3	1
8855	7	21	2	3	2
8856	7	22	0	0	0
8857	7	22	0	0	1
8858	7	22	0	0	2
8859	7	22	0	1	0
8860	7	22	0	1	1
8861	7	22	0	1	2
8862	7	22	0	2	0
8863	7	22	0	2	1
8864	7	22	0	2	2
8865	7	22	0	3	0
8866	7	22	0	3	1
8867	7	22	0	3	2
8868	7	22	1	0	0
8869	7	22	1	0	1
8870	7	22	1	0	2
8871	7	22	1	1	0
8872	7	22	1	1	1
8873	7	22	1	1	2
8874	7	22	1	2	0
8875	7	22	1	2	1
8876	7	22	1	2	2
8877	7	22	1	3	0
8878	7	22	1	3	1
8879	7	22	1	3	2
8880	7	22	2	0	0
8881	7	22	2	0	1
8882	7	22	2	0	2
8883	7	22	2	1	0
8884	7	22	2	1	1
8885	7	22	2	1	2
8886	7	22	2	2	0
8887	7	22	2	2	1
8888	7	22	2	2	2
8889	7	22	2	3	0
8890	7	22	2	3	1
8891	7	22	2	3	2
8892	7	23	0	0	0
8893	7	23	0	0	1
8894	7	23	0	0	2
8895	7	23	0	1	0
8896	7	23	0	1	1
8897	7	23	0	1	2
8898	7	23	0	2	0
8899	7	23	0	2	1
8900	7	23	0	2	2
8901	7	23	0	3	0
8902	7	23	0	3	1
8903	7	23	0	3	2
8904	7	23	1	0	0
8905	7	23	1	0	1
8906	7	23	1	0	2
8907	7	23	1	1	0
8908	7	23	1	1	1
8909	7	23	1	1	2
8910	7	23	1	2	0
8911	7	23	1	2	1
8912	7	23	1	2	2
8913	7	23	1	3	0
8914	7	23	1	3	1
8915	7	23	1	3	2
8916	7	23	2	0	0
8917	7	23	2	0	1
8918	7	23	2	0	2
8919	7	23	2	1	0
8920	7	23	2	1	1
8921	7	23	2	1	2
8922	7	23	2	2	0
8923	7	23	2	2	1
8924	7	23	2	2	2
8925	7	23	2	3	0
8926	7	23	2	3	1
8927	7	23	2	3	2
8928	7	24	0	0	0
8929	7	24	0	0	1
8930	7	24	0	0	2
8931	7	24	0	1	0
8932	7	24	0	1	1
8933	7	24	0	1	2
8934	7	24	0	2	0
8935	7	24	0	2	1
8936	7	24	0	2	2
8937	7	24	0	3	0
8938	7	24	0	3	1
8939	7	24	0	3	2
8940	7	24	1	0	0
8941	7	24	1	0	1
8942	7	24	1	0	2
8943	7	24	1	1	0
8944	7	24	1	1	1
8945	7	24	1	1	2
8946	7	24	1	2	0
8947	7	24	1	2	1
8948	7	24	1	2	2
8949	7	24	1	3	0
8950	7	24	1	3	1
8951	7	24	1	3	2
8952	7	24	2	0	0
8953	7	24	2	0	1
8954	7	24	2	0	2
8955	7	24	2	1	0
8956	7	24	2	1	1
8957	7	24	2	1	2
8958	7	24	2	2	0
8959	7	24	2	2	1
8960	7	24	2	2	2
8961	7	24	2	3	0
8962	7	24	2	3	1
8963	7	24	2	3	2
8964	7	25	0	0	0
8965	7	25	0	0	1
8966	7	25	0	0	2
8967	7	25	0	1	0
8968	7	25	0	1	1
8969	7	25	0	1	2
8970	7	25	0	2	0
8971	7	25	0	2	1
8972	7	25	0	2	2
8973	7	25	0	3	0
8974	7	25	0	3	1
8975	7	25	0	3	2
8976	7	25	1	0	0
8977	7	25	1	0	1
8978	7	25	1	0	2
8979	7	25	1	1	0
8980	7	25	1	1	1
8981	7	25	1	1	2
8982	7	25	1	2	0
8983	7	25	1	2	1
8984	7	25	1	2	2
8985	7	25	1	3	0
8986	7	25	1	3	1
8987	7	25	1	3	2
8988	7	25	2	0	0
8989	7	25	2	0	1
8990	7	25	2	0	2
8991	7	25	2	1	0
8992	7	25	2	1	1
8993	7	25	2	1	2
8994	7	25	2	2	0
8995	7	25	2	2	1
8996	7	25	2	2	2
8997	7	25	2	3	0
8998	7	25	2	3	1
8999	7	25	2	3	2
9000	7	26	0	0	0
9001	7	26	0	0	1
9002	7	26	0	0	2
9003	7	26	0	1	0
9004	7	26	0	1	1
9005	7	26	0	1	2
9006	7	26	0	2	0
9007	7	26	0	2	1
9008	7	26	0	2	2
9009	7	26	0	3	0
9010	7	26	0	3	1
9011	7	26	0	3	2
9012	7	26	1	0	0
9013	7	26	1	0	1
9014	7	26	1	0	2
9015	7	26	1	1	0
9016	7	26	1	1	1
9017	7	26	1	1	2
9018	7	26	1	2	0
9019	7	26	1	2	1
9020	7	26	1	2	2
9021	7	26	1	3	0
9022	7	26	1	3	1
9023	7	26	1	3	2
9024	7	26	2	0	0
9025	7	26	2	0	1
9026	7	26	2	0	2
9027	7	26	2	1	0
9028	7	26	2	1	1
9029	7	26	2	1	2
9030	7	26	2	2	0
9031	7	26	2	2	1
9032	7	26	2	2	2
9033	7	26	2	3	0
9034	7	26	2	3	1
9035	7	26	2	3	2
9036	7	27	0	0	0
9037	7	27	0	0	1
9038	7	27	0	0	2
9039	7	27	0	1	0
9040	7	27	0	1	1
9041	7	27	0	1	2
9042	7	27	0	2	0
9043	7	27	0	2	1
9044	7	27	0	2	2
9045	7	27	0	3	0
9046	7	27	0	3	1
9047	7	27	0	3	2
9048	7	27	1	0	0
9049	7	27	1	0	1
9050	7	27	1	0	2
9051	7	27	1	1	0
9052	7	27	1	1	1
9053	7	27	1	1	2
9054	7	27	1	2	0
9055	7	27	1	2	1
9056	7	27	1	2	2
9057	7	27	1	3	0
9058	7	27	1	3	1
9059	7	27	1	3	2
9060	7	27	2	0	0
9061	7	27	2	0	1
9062	7	27	2	0	2
9063	7	27	2	1	0
9064	7	27	2	1	1
9065	7	27	2	1	2
9066	7	27	2	2	0
9067	7	27	2	2	1
9068	7	27	2	2	2
9069	7	27	2	3	0
9070	7	27	2	3	1
9071	7	27	2	3	2
9072	7	28	0	0	0
9073	7	28	0	0	1
9074	7	28	0	0	2
9075	7	28	0	1	0
9076	7	28	0	1	1
9077	7	28	0	1	2
9078	7	28	0	2	0
9079	7	28	0	2	1
9080	7	28	0	2	2
9081	7	28	0	3	0
9082	7	28	0	3	1
9083	7	28	0	3	2
9084	7	28	1	0	0
9085	7	28	1	0	1
9086	7	28	1	0	2
9087	7	28	1	1	0
9088	7	28	1	1	1
9089	7	28	1	1	2
9090	7	28	1	2	0
9091	7	28	1	2	1
9092	7	28	1	2	2
9093	7	28	1	3	0
9094	7	28	1	3	1
9095	7	28	1	3	2
9096	7	28	2	0	0
9097	7	28	2	0	1
9098	7	28	2	0	2
9099	7	28	2	1	0
9100	7	28	2	1	1
9101	7	28	2	1	2
9102	7	28	2	2	0
9103	7	28	2	2	1
9104	7	28	2	2	2
9105	7	28	2	3	0
9106	7	28	2	3	1
9107	7	28	2	3	2
9108	7	29	0	0	0
9109	7	29	0	0	1
9110	7	29	0	0	2
9111	7	29	0	1	0
9112	7	29	0	1	1
9113	7	29	0	1	2
9114	7	29	0	2	0
9115	7	29	0	2	1
9116	7	29	0	2	2
9117	7	29	0	3	0
9118	7	29	0	3	1
9119	7	29	0	3	2
9120	7	29	1	0	0
9121	7	29	1	0	1
9122	7	29	1	0	2
9123	7	29	1	1	0
9124	7	29	1	1	1
9125	7	29	1	1	2
9126	7	29	1	2	0
9127	7	29	1	2	1
9128	7	29	1	2	2
9129	7	29	1	3	0
9130	7	29	1	3	1
9131	7	29	1	3	2
9132	7	29	2	0	0
9133	7	29	2	0	1
9134	7	29	2	0	2
9135	7	29	2	1	0
9136	7	29	2	1	1
9137	7	29	2	1	2
9138	7	29	2	2	0
9139	7	29	2	2	1
9140	7	29	2	2	2
9141	7	29	2	3	0
9142	7	29	2	3	1
9143	7	29	2	3	2
9144	7	30	0	0	0
9145	7	30	0	0	1
9146	7	30	0	0	2
9147	7	30	0	1	0
9148	7	30	0	1	1
9149	7	30	0	1	2
9150	7	30	0	2	0
9151	7	30	0	2	1
9152	7	30	0	2	2
9153	7	30	0	3	0
9154	7	30	0	3	1
9155	7	30	0	3	2
9156	7	30	1	0	0
9157	7	30	1	0	1
9158	7	30	1	0	2
9159	7	30	1	1	0
9160	7	30	1	1	1
9161	7	30	1	1	2
9162	7	30	1	2	0
9163	7	30	1	2	1
9164	7	30	1	2	2
9165	7	30	1	3	0
9166	7	30	1	3	1
9167	7	30	1	3	2
9168	7	30	2	0	0
9169	7	30	2	0	1
9170	7	30	2	0	2
9171	7	30	2	1	0
9172	7	30	2	1	1
9173	7	30	2	1	2
9174	7	30	2	2	0
9175	7	30	2	2	1
9176	7	30	2	2	2
9177	7	30	2	3	0
9178	7	30	2	3	1
9179	7	30	2	3	2
9180	7	31	0	0	0
9181	7	31	0	0	1
9182	7	31	0	0	2
9183	7	31	0	1	0
9184	7	31	0	1	1
9185	7	31	0	1	2
9186	7	31	0	2	0
9187	7	31	0	2	1
9188	7	31	0	2	2
9189	7	31	0	3	0
9190	7	31	0	3	1
9191	7	31	0	3	2
9192	7	31	1	0	0
9193	7	31	1	0	1
9194	7	31	1	0	2
9195	7	31	1	1	0
9196	7	31	1	1	1
9197	7	31	1	1	2
9198	7	31	1	2	0
9199	7	31	1	2	1
9200	7	31	1	2	2
9201	7	31	1	3	0
9202	7	31	1	3	1
9203	7	31	1	3	2
9204	7	31	2	0	0
9205	7	31	2	0	1
9206	7	31	2	0	2
9207	7	31	2	1	0
9208	7	31	2	1	1
9209	7	31	2	1	2
9210	7	31	2	2	0
9211	7	31	2	2	1
9212	7	31	2	2	2
9213	7	31	2	3	0
9214	7	31	2	3	1
9215	7	31	2	3	2
9216	8	0	0	0	0
9217	8	0	0	0	1
9218	8	0	0	0	2
9219	8	0	0	1	0
9220	8	0	0	1	1
9221	8	0	0	1	2
9222	8	0	0	2	0
9223	8	0	0	2	1
9224	8	0	0	2	2
9225	8	0	0	3	0
9226	8	0	0	3	1
9227	8	0	0	3	2
9228	8	0	1	0	0
9229	8	0	1	0	1
9230	8	0	1	0	2
9231	8	0	1	1	0
9232	8	0	1	1	1
9233	8	0	1	1	2
9234	8	0	1	2	0
9235	8	0	1	2	1
9236	8	0	1	2	2
9237	8	0	1	3	0
9238	8	0	1	3	1
9239	8	0	1	3	2
9240	8	0	2	0	0
9241	8	0	2	0	1
9242	8	0	2	0	2
9243	8	0	2	1	0
9244	8	0	2	1	1
9245	8	0	2	1	2
9246	8	0	2	2	0
9247	8	0	2	2	1
9248	8	0	2	2	2
9249	8	0	2	3	0
9250	8	0	2	3	1
9251	8	0	2	3	2
9252	8	1	0	0	0
9253	8	1	0	0	1
9254	8	1	0	0	2
9255	8	1	0	1	0
9256	8	1	0	1	1
9257	8	1	0	1	2
9258	8	1	0	2	0
9259	8	1	0	2	1
9260	8	1	0	2	2
9261	8	1	0	3	0
9262	8	1	0	3	1
9263	8	1	0	3	2
9264	8	1	1	0	0
9265	8	1	1	0	1
9266	8	1	1	0	2
9267	8	1	1	1	0
9268	8	1	1	1	1
9269	8	1	1	1	2
9270	8	1	1	2	0
9271	8	1	1	2	1
9272	8	1	1	2	2
9273	8	1	1	3	0
9274	8	1	1	3	1
9275	8	1	1	3	2
9276	8	1	2	0	0
9277	8	1	2	0	1
9278	8	1	2	0	2
9279	8	1	2	1	0
9280	8	1	2	1	1
9281	8	1	2	1	2
9282	8	1	2	2	0
9283	8	1	2	2	1
9284	8	1	2	2	2
9285	8	1	2	3	0
9286	8	1	2	3	1
9287	8	1	2	3	2
9288	8	2	0	0	0
9289	8	2	0	0	1
9290	8	2	0	0	2
9291	8	2	0	1	0
9292	8	2	0	1	1
9293	8	2	0	1	2
9294	8	2	0	2	0
9295	8	2	0	2	1
9296	8	2	0	2	2
9297	8	2	0	3	0
9298	8	2	0	3	1
9299	8	2	0	3	2
9300	8	2	1	0	0
9301	8	2	1	0	1
9302	8	2	1	0	2
9303	8	2	1	1	0
9304	8	2	1	1	1
9305	8	2	1	1	2
9306	8	2	1	2	0
9307	8	2	1	2	1
9308	8	2	1	2	2
9309	8	2	1	3	0
9310	8	2	1	3	1
9311	8	2	1	3	2
9312	8	2	2	0	0
9313	8	2	2	0	1
9314	8	2	2	0	2
9315	8	2	2	1	0
9316	8	2	2	1	1
9317	8	2	2	1	2
9318	8	2	2	2	0
9319	8	2	2	2	1
9320	8	2	2	2	2
9321	8	2	2	3	0
9322	8	2	2	3	1
9323	8	2	2	3	2
9324	8	3	0	0	0
9325	8	3	0	0	1
9326	8	3	0	0	2
9327	8	3	0	1	0
9328	8	3	0	1	1
9329	8	3	0	1	2
9330	8	3	0	2	0
9331	8	3	0	2	1
9332	8	3	0	2	2
9333	8	3	0	3	0
9334	8	3	0	3	1
9335	8	3	0	3	2
9336	8	3	1	0	0
9337	8	3	1	0	1
9338	8	3	1	0	2
9339	8	3	1	1	0
9340	8	3	1	1	1
9341	8	3	1	1	2
9342	8	3	1	2	0
9343	8	3	1	2	1
9344	8	3	1	2	2
9345	8	3	1	3	0
9346	8	3	1	3	1
9347	8	3	1	3	2
9348	8	3	2	0	0
9349	8	3	2	0	1
9350	8	3	2	0	2
9351	8	3	2	1	0
9352	8	3	2	1	1
9353	8	3	2	1	2
9354	8	3	2	2	0
9355	8	3	2	2	1
9356	8	3	2	2	2
9357	8	3	2	3	0
9358	8	3	2	3	1
9359	8	3	2	3	2
9360	8	4	0	0	0
9361	8	4	0	0	1
9362	8	4	0	0	2
9363	8	4	0	1	0
9364	8	4	0	1	1
9365	8	4	0	1	2
9366	8	4	0	2	0
9367	8	4	0	2	1
9368	8	4	0	2	2
9369	8	4	0	3	0
9370	8	4	0	3	1
9371	8	4	0	3	2
9372	8	4	1	0	0
9373	8	4	1	0	1
9374	8	4	1	0	2
9375	8	4	1	1	0
9376	8	4	1	1	1
9377	8	4	1	1	2
9378	8	4	1	2	0
9379	8	4	1	2	1
9380	8	4	1	2	2
9381	8	4	1	3	0
9382	8	4	1	3	1
9383	8	4	1	3	2
9384	8	4	2	0	0
9385	8	4	2	0	1
9386	8	4	2	0	2
9387	8	4	2	1	0
9388	8	4	2	1	1
9389	8	4	2	1	2
9390	8	4	2	2	0
9391	8	4	2	2	1
9392	8	4	2	2	2
9393	8	4	2	3	0
9394	8	4	2	3	1
9395	8	4	2	3	2
9396	8	5	0	0	0
9397	8	5	0	0	1
9398	8	5	0	0	2
9399	8	5	0	1	0
9400	8	5	0	1	1
9401	8	5	0	1	2
9402	8	5	0	2	0
9403	8	5	0	2	1
9404	8	5	0	2	2
9405	8	5	0	3	0
9406	8	5	0	3	1
9407	8	5	0	3	2
9408	8	5	1	0	0
9409	8	5	1	0	1
9410	8	5	1	0	2
9411	8	5	1	1	0
9412	8	5	1	1	1
9413	8	5	1	1	2
9414	8	5	1	2	0
9415	8	5	1	2	1
9416	8	5	1	2	2
9417	8	5	1	3	0
9418	8	5	1	3	1
9419	8	5	1	3	2
9420	8	5	2	0	0
9421	8	5	2	0	1
9422	8	5	2	0	2
9423	8	5	2	1	0
9424	8	5	2	1	1
9425	8	5	2	1	2
9426	8	5	2	2	0
9427	8	5	2	2	1
9428	8	5	2	2	2
9429	8	5	2	3	0
9430	8	5	2	3	1
9431	8	5	2	3	2
9432	8	6	0	0	0
9433	8	6	0	0	1
9434	8	6	0	0	2
9435	8	6	0	1	0
9436	8	6	0	1	1
9437	8	6	0	1	2
9438	8	6	0	2	0
9439	8	6	0	2	1
9440	8	6	0	2	2
9441	8	6	0	3	0
9442	8	6	0	3	1
9443	8	6	0	3	2
9444	8	6	1	0	0
9445	8	6	1	0	1
9446	8	6	1	0	2
9447	8	6	1	1	0
9448	8	6	1	1	1
9449	8	6	1	1	2
9450	8	6	1	2	0
9451	8	6	1	2	1
9452	8	6	1	2	2
9453	8	6	1	3	0
9454	8	6	1	3	1
9455	8	6	1	3	2
9456	8	6	2	0	0
9457	8	6	2	0	1
9458	8	6	2	0	2
9459	8	6	2	1	0
9460	8	6	2	1	1
9461	8	6	2	1	2
9462	8	6	2	2	0
9463	8	6	2	2	1
9464	8	6	2	2	2
9465	8	6	2	3	0
9466	8	6	2	3	1
9467	8	6	2	3	2
9468	8	7	0	0	0
9469	8	7	0	0	1
9470	8	7	0	0	2
9471	8	7	0	1	0
9472	8	7	0	1	1
9473	8	7	0	1	2
9474	8	7	0	2	0
9475	8	7	0	2	1
9476	8	7	0	2	2
9477	8	7	0	3	0
9478	8	7	0	3	1
9479	8	7	0	3	2
9480	8	7	1	0	0
9481	8	7	1	0	1
9482	8	7	1	0	2
9483	8	7	1	1	0
9484	8	7	1	1	1
9485	8	7	1	1	2
9486	8	7	1	2	0
9487	8	7	1	2	1
9488	8	7	1	2	2
9489	8	7	1	3	0
9490	8	7	1	3	1
9491	8	7	1	3	2
9492	8	7	2	0	0
9493	8	7	2	0	1
9494	8	7	2	0	2
9495	8	7	2	1	0
9496	8	7	2	1	1
9497	8	7	2	1	2
9498	8	7	2	2	0
9499	8	7	2	2	1
9500	8	7	2	2	2
9501	8	7	2	3	0
9502	8	7	2	3	1
9503	8	7	2	3	2
9504	8	8	0	0	0
9505	8	8	0	0	1
9506	8	8	0	0	2
9507	8	8	0	1	0
9508	8	8	0	1	1
9509	8	8	0	1	2
9510	8	8	0	2	0
9511	8	8	0	2	1
9512	8	8	0	2	2
9513	8	8	0	3	0
9514	8	8	0	3	1
9515	8	8	0	3	2
9516	8	8	1	0	0
9517	8	8	1	0	1
9518	8	8	1	0	2
9519	8	8	1	1	0
9520	8	8	1	1	1
9521	8	8	1	1	2
9522	8	8	1	2	0
9523	8	8	1	2	1
9524	8	8	1	2	2
9525	8	8	1	3	0
9526	8	8	1	3	1
9527	8	8	1	3	2
9528	8	8	2	0	0
9529	8	8	2	0	1
9530	8	8	2	0	2
9531	8	8	2	1	0
9532	8	8	2	1	1
9533	8	8	2	1	2
9534	8	8	2	2	0
9535	8	8	2	2	1
9536	8	8	2	2	2
9537	8	8	2	3	0
9538	8	8	2	3	1
9539	8	8	2	3	2
9540	8	9	0	0	0
9541	8	9	0	0	1
9542	8	9	0	0	2
9543	8	9	0	1	0
9544	8	9	0	1	1
9545	8	9	0	1	2
9546	8	9	0	2	0
9547	8	9	0	2	1
9548	8	9	0	2	2
9549	8	9	0	3	0
9550	8	9	0	3	1
9551	8	9	0	3	2
9552	8	9	1	0	0
9553	8	9	1	0	1
9554	8	9	1	0	2
9555	8	9	1	1	0
9556	8	9	1	1	1
9557	8	9	1	1	2
9558	8	9	1	2	0
9559	8	9	1	2	1
9560	8	9	1	2	2
9561	8	9	1	3	0
9562	8	9	1	3	1
9563	8	9	1	3	2
9564	8	9	2	0	0
9565	8	9	2	0	1
9566	8	9	2	0	2
9567	8	9	2	1	0
9568	8	9	2	1	1
9569	8	9	2	1	2
9570	8	9	2	2	0
9571	8	9	2	2	1
9572	8	9	2	2	2
9573	8	9	2	3	0
9574	8	9	2	3	1
9575	8	9	2	3	2
9576	8	10	0	0	0
9577	8	10	0	0	1
9578	8	10	0	0	2
9579	8	10	0	1	0
9580	8	10	0	1	1
9581	8	10	0	1	2
9582	8	10	0	2	0
9583	8	10	0	2	1
9584	8	10	0	2	2
9585	8	10	0	3	0
9586	8	10	0	3	1
9587	8	10	0	3	2
9588	8	10	1	0	0
9589	8	10	1	0	1
9590	8	10	1	0	2
9591	8	10	1	1	0
9592	8	10	1	1	1
9593	8	10	1	1	2
9594	8	10	1	2	0
9595	8	10	1	2	1
9596	8	10	1	2	2
9597	8	10	1	3	0
9598	8	10	1	3	1
9599	8	10	1	3	2
9600	8	10	2	0	0
9601	8	10	2	0	1
9602	8	10	2	0	2
9603	8	10	2	1	0
9604	8	10	2	1	1
9605	8	10	2	1	2
9606	8	10	2	2	0
9607	8	10	2	2	1
9608	8	10	2	2	2
9609	8	10	2	3	0
9610	8	10	2	3	1
9611	8	10	2	3	2
9612	8	11	0	0	0
9613	8	11	0	0	1
9614	8	11	0	0	2
9615	8	11	0	1	0
9616	8	11	0	1	1
9617	8	11	0	1	2
9618	8	11	0	2	0
9619	8	11	0	2	1
9620	8	11	0	2	2
9621	8	11	0	3	0
9622	8	11	0	3	1
9623	8	11	0	3	2
9624	8	11	1	0	0
9625	8	11	1	0	1
9626	8	11	1	0	2
9627	8	11	1	1	0
9628	8	11	1	1	1
9629	8	11	1	1	2
9630	8	11	1	2	0
9631	8	11	1	2	1
9632	8	11	1	2	2
9633	8	11	1	3	0
9634	8	11	1	3	1
9635	8	11	1	3	2
9636	8	11	2	0	0
9637	8	11	2	0	1
9638	8	11	2	0	2
9639	8	11	2	1	0
9640	8	11	2	1	1
9641	8	11	2	1	2
9642	8	11	2	2	0
9643	8	11	2	2	1
9644	8	11	2	2	2
9645	8	11	2	3	0
9646	8	11	2	3	1
9647	8	11	2	3	2
9648	8	12	0	0	0
9649	8	12	0	0	1
9650	8	12	0	0	2
9651	8	12	0	1	0
9652	8	12	0	1	1
9653	8	12	0	1	2
9654	8	12	0	2	0
9655	8	12	0	2	1
9656	8	12	0	2	2
9657	8	12	0	3	0
9658	8	12	0	3	1
9659	8	12	0	3	2
9660	8	12	1	0	0
9661	8	12	1	0	1
9662	8	12	1	0	2
9663	8	12	1	1	0
9664	8	12	1	1	1
9665	8	12	1	1	2
9666	8	12	1	2	0
9667	8	12	1	2	1
9668	8	12	1	2	2
9669	8	12	1	3	0
9670	8	12	1	3	1
9671	8	12	1	3	2
9672	8	12	2	0	0
9673	8	12	2	0	1
9674	8	12	2	0	2
9675	8	12	2	1	0
9676	8	12	2	1	1
9677	8	12	2	1	2
9678	8	12	2	2	0
9679	8	12	2	2	1
9680	8	12	2	2	2
9681	8	12	2	3	0
9682	8	12	2	3	1
9683	8	12	2	3	2
9684	8	13	0	0	0
9685	8	13	0	0	1
9686	8	13	0	0	2
9687	8	13	0	1	0
9688	8	13	0	1	1
9689	8	13	0	1	2
9690	8	13	0	2	0
9691	8	13	0	2	1
9692	8	13	0	2	2
9693	8	13	0	3	0
9694	8	13	0	3	1
9695	8	13	0	3	2
9696	8	13	1	0	0
9697	8	13	1	0	1
9698	8	13	1	0	2
9699	8	13	1	1	0
9700	8	13	1	1	1
9701	8	13	1	1	2
9702	8	13	1	2	0
9703	8	13	1	2	1
9704	8	13	1	2	2
9705	8	13	1	3	0
9706	8	13	1	3	1
9707	8	13	1	3	2
9708	8	13	2	0	0
9709	8	13	2	0	1
9710	8	13	2	0	2
9711	8	13	2	1	0
9712	8	13	2	1	1
9713	8	13	2	1	2
9714	8	13	2	2	0
9715	8	13	2	2	1
9716	8	13	2	2	2
9717	8	13	2	3	0
9718	8	13	2	3	1
9719	8	13	2	3	2
9720	8	14	0	0	0
9721	8	14	0	0	1
9722	8	14	0	0	2
9723	8	14	0	1	0
9724	8	14	0	1	1
9725	8	14	0	1	2
9726	8	14	0	2	0
9727	8	14	0	2	1
9728	8	14	0	2	2
9729	8	14	0	3	0
9730	8	14	0	3	1
9731	8	14	0	3	2
9732	8	14	1	0	0
9733	8	14	1	0	1
9734	8	14	1	0	2
9735	8	14	1	1	0
9736	8	14	1	1	1
9737	8	14	1	1	2
9738	8	14	1	2	0
9739	8	14	1	2	1
9740	8	14	1	2	2
9741	8	14	1	3	0
9742	8	14	1	3	1
9743	8	14	1	3	2
9744	8	14	2	0	0
9745	8	14	2	0	1
9746	8	14	2	0	2
9747	8	14	2	1	0
9748	8	14	2	1	1
9749	8	14	2	1	2
9750	8	14	2	2	0
9751	8	14	2	2	1
9752	8	14	2	2	2
9753	8	14	2	3	0
9754	8	14	2	3	1
9755	8	14	2	3	2
9756	8	15	0	0	0
9757	8	15	0	0	1
9758	8	15	0	0	2
9759	8	15	0	1	0
9760	8	15	0	1	1
9761	8	15	0	1	2
9762	8	15	0	2	0
9763	8	15	0	2	1
9764	8	15	0	2	2
9765	8	15	0	3	0
9766	8	15	0	3	1
9767	8	15	0	3	2
9768	8	15	1	0	0
9769	8	15	1	0	1
9770	8	15	1	0	2
9771	8	15	1	1	0
9772	8	15	1	1	1
9773	8	15	1	1	2
9774	8	15	1	2	0
9775	8	15	1	2	1
9776	8	15	1	2	2
9777	8	15	1	3	0
9778	8	15	1	3	1
9779	8	15	1	3	2
9780	8	15	2	0	0
9781	8	15	2	0	1
9782	8	15	2	0	2
9783	8	15	2	1	0
9784	8	15	2	1	1
9785	8	15	2	1	2
9786	8	15	2	2	0
9787	8	15	2	2	1
9788	8	15	2	2	2
9789	8	15	2	3	0
9790	8	15	2	3	1
9791	8	15	2	3	2
9792	8	16	0	0	0
9793	8	16	0	0	1
9794	8	16	0	0	2
9795	8	16	0	1	0
9796	8	16	0	1	1
9797	8	16	0	1	2
9798	8	16	0	2	0
9799	8	16	0	2	1
9800	8	16	0	2	2
9801	8	16	0	3	0
9802	8	16	0	3	1
9803	8	16	0	3	2
9804	8	16	1	0	0
9805	8	16	1	0	1
9806	8	16	1	0	2
9807	8	16	1	1	0
9808	8	16	1	1	1
9809	8	16	1	1	2
9810	8	16	1	2	0
9811	8	16	1	2	1
9812	8	16	1	2	2
9813	8	16	1	3	0
9814	8	16	1	3	1
9815	8	16	1	3	2
9816	8	16	2	0	0
9817	8	16	2	0	1
9818	8	16	2	0	2
9819	8	16	2	1	0
9820	8	16	2	1	1
9821	8	16	2	1	2
9822	8	16	2	2	0
9823	8	16	2	2	1
9824	8	16	2	2	2
9825	8	16	2	3	0
9826	8	16	2	3	1
9827	8	16	2	3	2
9828	8	17	0	0	0
9829	8	17	0	0	1
9830	8	17	0	0	2
9831	8	17	0	1	0
9832	8	17	0	1	1
9833	8	17	0	1	2
9834	8	17	0	2	0
9835	8	17	0	2	1
9836	8	17	0	2	2
9837	8	17	0	3	0
9838	8	17	0	3	1
9839	8	17	0	3	2
9840	8	17	1	0	0
9841	8	17	1	0	1
9842	8	17	1	0	2
9843	8	17	1	1	0
9844	8	17	1	1	1
9845	8	17	1	1	2
9846	8	17	1	2	0
9847	8	17	1	2	1
9848	8	17	1	2	2
9849	8	17	1	3	0
9850	8	17	1	3	1
9851	8	17	1	3	2
9852	8	17	2	0	0
9853	8	17	2	0	1
9854	8	17	2	0	2
9855	8	17	2	1	0
9856	8	17	2	1	1
9857	8	17	2	1	2
9858	8	17	2	2	0
9859	8	17	2	2	1
9860	8	17	2	2	2
9861	8	17	2	3	0
9862	8	17	2	3	1
9863	8	17	2	3	2
9864	8	18	0	0	0
9865	8	18	0	0	1
9866	8	18	0	0	2
9867	8	18	0	1	0
9868	8	18	0	1	1
9869	8	18	0	1	2
9870	8	18	0	2	0
9871	8	18	0	2	1
9872	8	18	0	2	2
9873	8	18	0	3	0
9874	8	18	0	3	1
9875	8	18	0	3	2
9876	8	18	1	0	0
9877	8	18	1	0	1
9878	8	18	1	0	2
9879	8	18	1	1	0
9880	8	18	1	1	1
9881	8	18	1	1	2
9882	8	18	1	2	0
9883	8	18	1	2	1
9884	8	18	1	2	2
9885	8	18	1	3	0
9886	8	18	1	3	1
9887	8	18	1	3	2
9888	8	18	2	0	0
9889	8	18	2	0	1
9890	8	18	2	0	2
9891	8	18	2	1	0
9892	8	18	2	1	1
9893	8	18	2	1	2
9894	8	18	2	2	0
9895	8	18	2	2	1
9896	8	18	2	2	2
9897	8	18	2	3	0
9898	8	18	2	3	1
9899	8	18	2	3	2
9900	8	19	0	0	0
9901	8	19	0	0	1
9902	8	19	0	0	2
9903	8	19	0	1	0
9904	8	19	0	1	1
9905	8	19	0	1	2
9906	8	19	0	2	0
9907	8	19	0	2	1
9908	8	19	0	2	2
9909	8	19	0	3	0
9910	8	19	0	3	1
9911	8	19	0	3	2
9912	8	19	1	0	0
9913	8	19	1	0	1
9914	8	19	1	0	2
9915	8	19	1	1	0
9916	8	19	1	1	1
9917	8	19	1	1	2
9918	8	19	1	2	0
9919	8	19	1	2	1
9920	8	19	1	2	2
9921	8	19	1	3	0
9922	8	19	1	3	1
9923	8	19	1	3	2
9924	8	19	2	0	0
9925	8	19	2	0	1
9926	8	19	2	0	2
9927	8	19	2	1	0
9928	8	19	2	1	1
9929	8	19	2	1	2
9930	8	19	2	2	0
9931	8	19	2	2	1
9932	8	19	2	2	2
9933	8	19	2	3	0
9934	8	19	2	3	1
9935	8	19	2	3	2
9936	8	20	0	0	0
9937	8	20	0	0	1
9938	8	20	0	0	2
9939	8	20	0	1	0
9940	8	20	0	1	1
9941	8	20	0	1	2
9942	8	20	0	2	0
9943	8	20	0	2	1
9944	8	20	0	2	2
9945	8	20	0	3	0
9946	8	20	0	3	1
9947	8	20	0	3	2
9948	8	20	1	0	0
9949	8	20	1	0	1
9950	8	20	1	0	2
9951	8	20	1	1	0
9952	8	20	1	1	1
9953	8	20	1	1	2
9954	8	20	1	2	0
9955	8	20	1	2	1
9956	8	20	1	2	2
9957	8	20	1	3	0
9958	8	20	1	3	1
9959	8	20	1	3	2
9960	8	20	2	0	0
9961	8	20	2	0	1
9962	8	20	2	0	2
9963	8	20	2	1	0
9964	8	20	2	1	1
9965	8	20	2	1	2
9966	8	20	2	2	0
9967	8	20	2	2	1
9968	8	20	2	2	2
9969	8	20	2	3	0
9970	8	20	2	3	1
9971	8	20	2	3	2
9972	8	21	0	0	0
9973	8	21	0	0	1
9974	8	21	0	0	2
9975	8	21	0	1	0
9976	8	21	0	1	1
9977	8	21	0	1	2
9978	8	21	0	2	0
9979	8	21	0	2	1
9980	8	21	0	2	2
9981	8	21	0	3	0
9982	8	21	0	3	1
9983	8	21	0	3	2
9984	8	21	1	0	0
9985	8	21	1	0	1
9986	8	21	1	0	2
9987	8	21	1	1	0
9988	8	21	1	1	1
9989	8	21	1	1	2
9990	8	21	1	2	0
9991	8	21	1	2	1
9992	8	21	1	2	2
9993	8	21	1	3	0
9994	8	21	1	3	1
9995	8	21	1	3	2
9996	8	21	2	0	0
9997	8	21	2	0	1
9998	8	21	2	0	2
9999	8	21	2	1	0
10000	8	21	2	1	1
10001	8	21	2	1	2
10002	8	21	2	2	0
10003	8	21	2	2	1
10004	8	21	2	2	2
10005	8	21	2	3	0
10006	8	21	2	3	1
10007	8	21	2	3	2
10008	8	22	0	0	0
10009	8	22	0	0	1
10010	8	22	0	0	2
10011	8	22	0	1	0
10012	8	22	0	1	1
10013	8	22	0	1	2
10014	8	22	0	2	0
10015	8	22	0	2	1
10016	8	22	0	2	2
10017	8	22	0	3	0
10018	8	22	0	3	1
10019	8	22	0	3	2
10020	8	22	1	0	0
10021	8	22	1	0	1
10022	8	22	1	0	2
10023	8	22	1	1	0
10024	8	22	1	1	1
10025	8	22	1	1	2
10026	8	22	1	2	0
10027	8	22	1	2	1
10028	8	22	1	2	2
10029	8	22	1	3	0
10030	8	22	1	3	1
10031	8	22	1	3	2
10032	8	22	2	0	0
10033	8	22	2	0	1
10034	8	22	2	0	2
10035	8	22	2	1	0
10036	8	22	2	1	1
10037	8	22	2	1	2
10038	8	22	2	2	0
10039	8	22	2	2	1
10040	8	22	2	2	2
10041	8	22	2	3	0
10042	8	22	2	3	1
10043	8	22	2	3	2
10044	8	23	0	0	0
10045	8	23	0	0	1
10046	8	23	0	0	2
10047	8	23	0	1	0
10048	8	23	0	1	1
10049	8	23	0	1	2
10050	8	23	0	2	0
10051	8	23	0	2	1
10052	8	23	0	2	2
10053	8	23	0	3	0
10054	8	23	0	3	1
10055	8	23	0	3	2
10056	8	23	1	0	0
10057	8	23	1	0	1
10058	8	23	1	0	2
10059	8	23	1	1	0
10060	8	23	1	1	1
10061	8	23	1	1	2
10062	8	23	1	2	0
10063	8	23	1	2	1
10064	8	23	1	2	2
10065	8	23	1	3	0
10066	8	23	1	3	1
10067	8	23	1	3	2
10068	8	23	2	0	0
10069	8	23	2	0	1
10070	8	23	2	0	2
10071	8	23	2	1	0
10072	8	23	2	1	1
10073	8	23	2	1	2
10074	8	23	2	2	0
10075	8	23	2	2	1
10076	8	23	2	2	2
10077	8	23	2	3	0
10078	8	23	2	3	1
10079	8	23	2	3	2
10080	8	24	0	0	0
10081	8	24	0	0	1
10082	8	24	0	0	2
10083	8	24	0	1	0
10084	8	24	0	1	1
10085	8	24	0	1	2
10086	8	24	0	2	0
10087	8	24	0	2	1
10088	8	24	0	2	2
10089	8	24	0	3	0
10090	8	24	0	3	1
10091	8	24	0	3	2
10092	8	24	1	0	0
10093	8	24	1	0	1
10094	8	24	1	0	2
10095	8	24	1	1	0
10096	8	24	1	1	1
10097	8	24	1	1	2
10098	8	24	1	2	0
10099	8	24	1	2	1
10100	8	24	1	2	2
10101	8	24	1	3	0
10102	8	24	1	3	1
10103	8	24	1	3	2
10104	8	24	2	0	0
10105	8	24	2	0	1
10106	8	24	2	0	2
10107	8	24	2	1	0
10108	8	24	2	1	1
10109	8	24	2	1	2
10110	8	24	2	2	0
10111	8	24	2	2	1
10112	8	24	2	2	2
10113	8	24	2	3	0
10114	8	24	2	3	1
10115	8	24	2	3	2
10116	8	25	0	0	0
10117	8	25	0	0	1
10118	8	25	0	0	2
10119	8	25	0	1	0
10120	8	25	0	1	1
10121	8	25	0	1	2
10122	8	25	0	2	0
10123	8	25	0	2	1
10124	8	25	0	2	2
10125	8	25	0	3	0
10126	8	25	0	3	1
10127	8	25	0	3	2
10128	8	25	1	0	0
10129	8	25	1	0	1
10130	8	25	1	0	2
10131	8	25	1	1	0
10132	8	25	1	1	1
10133	8	25	1	1	2
10134	8	25	1	2	0
10135	8	25	1	2	1
10136	8	25	1	2	2
10137	8	25	1	3	0
10138	8	25	1	3	1
10139	8	25	1	3	2
10140	8	25	2	0	0
10141	8	25	2	0	1
10142	8	25	2	0	2
10143	8	25	2	1	0
10144	8	25	2	1	1
10145	8	25	2	1	2
10146	8	25	2	2	0
10147	8	25	2	2	1
10148	8	25	2	2	2
10149	8	25	2	3	0
10150	8	25	2	3	1
10151	8	25	2	3	2
10152	8	26	0	0	0
10153	8	26	0	0	1
10154	8	26	0	0	2
10155	8	26	0	1	0
10156	8	26	0	1	1
10157	8	26	0	1	2
10158	8	26	0	2	0
10159	8	26	0	2	1
10160	8	26	0	2	2
10161	8	26	0	3	0
10162	8	26	0	3	1
10163	8	26	0	3	2
10164	8	26	1	0	0
10165	8	26	1	0	1
10166	8	26	1	0	2
10167	8	26	1	1	0
10168	8	26	1	1	1
10169	8	26	1	1	2
10170	8	26	1	2	0
10171	8	26	1	2	1
10172	8	26	1	2	2
10173	8	26	1	3	0
10174	8	26	1	3	1
10175	8	26	1	3	2
10176	8	26	2	0	0
10177	8	26	2	0	1
10178	8	26	2	0	2
10179	8	26	2	1	0
10180	8	26	2	1	1
10181	8	26	2	1	2
10182	8	26	2	2	0
10183	8	26	2	2	1
10184	8	26	2	2	2
10185	8	26	2	3	0
10186	8	26	2	3	1
10187	8	26	2	3	2
10188	8	27	0	0	0
10189	8	27	0	0	1
10190	8	27	0	0	2
10191	8	27	0	1	0
10192	8	27	0	1	1
10193	8	27	0	1	2
10194	8	27	0	2	0
10195	8	27	0	2	1
10196	8	27	0	2	2
10197	8	27	0	3	0
10198	8	27	0	3	1
10199	8	27	0	3	2
10200	8	27	1	0	0
10201	8	27	1	0	1
10202	8	27	1	0	2
10203	8	27	1	1	0
10204	8	27	1	1	1
10205	8	27	1	1	2
10206	8	27	1	2	0
10207	8	27	1	2	1
10208	8	27	1	2	2
10209	8	27	1	3	0
10210	8	27	1	3	1
10211	8	27	1	3	2
10212	8	27	2	0	0
10213	8	27	2	0	1
10214	8	27	2	0	2
10215	8	27	2	1	0
10216	8	27	2	1	1
10217	8	27	2	1	2
10218	8	27	2	2	0
10219	8	27	2	2	1
10220	8	27	2	2	2
10221	8	27	2	3	0
10222	8	27	2	3	1
10223	8	27	2	3	2
10224	8	28	0	0	0
10225	8	28	0	0	1
10226	8	28	0	0	2
10227	8	28	0	1	0
10228	8	28	0	1	1
10229	8	28	0	1	2
10230	8	28	0	2	0
10231	8	28	0	2	1
10232	8	28	0	2	2
10233	8	28	0	3	0
10234	8	28	0	3	1
10235	8	28	0	3	2
10236	8	28	1	0	0
10237	8	28	1	0	1
10238	8	28	1	0	2
10239	8	28	1	1	0
10240	8	28	1	1	1
10241	8	28	1	1	2
10242	8	28	1	2	0
10243	8	28	1	2	1
10244	8	28	1	2	2
10245	8	28	1	3	0
10246	8	28	1	3	1
10247	8	28	1	3	2
10248	8	28	2	0	0
10249	8	28	2	0	1
10250	8	28	2	0	2
10251	8	28	2	1	0
10252	8	28	2	1	1
10253	8	28	2	1	2
10254	8	28	2	2	0
10255	8	28	2	2	1
10256	8	28	2	2	2
10257	8	28	2	3	0
10258	8	28	2	3	1
10259	8	28	2	3	2
10260	8	29	0	0	0
10261	8	29	0	0	1
10262	8	29	0	0	2
10263	8	29	0	1	0
10264	8	29	0	1	1
10265	8	29	0	1	2
10266	8	29	0	2	0
10267	8	29	0	2	1
10268	8	29	0	2	2
10269	8	29	0	3	0
10270	8	29	0	3	1
10271	8	29	0	3	2
10272	8	29	1	0	0
10273	8	29	1	0	1
10274	8	29	1	0	2
10275	8	29	1	1	0
10276	8	29	1	1	1
10277	8	29	1	1	2
10278	8	29	1	2	0
10279	8	29	1	2	1
10280	8	29	1	2	2
10281	8	29	1	3	0
10282	8	29	1	3	1
10283	8	29	1	3	2
10284	8	29	2	0	0
10285	8	29	2	0	1
10286	8	29	2	0	2
10287	8	29	2	1	0
10288	8	29	2	1	1
10289	8	29	2	1	2
10290	8	29	2	2	0
10291	8	29	2	2	1
10292	8	29	2	2	2
10293	8	29	2	3	0
10294	8	29	2	3	1
10295	8	29	2	3	2
10296	8	30	0	0	0
10297	8	30	0	0	1
10298	8	30	0	0	2
10299	8	30	0	1	0
10300	8	30	0	1	1
10301	8	30	0	1	2
10302	8	30	0	2	0
10303	8	30	0	2	1
10304	8	30	0	2	2
10305	8	30	0	3	0
10306	8	30	0	3	1
10307	8	30	0	3	2
10308	8	30	1	0	0
10309	8	30	1	0	1
10310	8	30	1	0	2
10311	8	30	1	1	0
10312	8	30	1	1	1
10313	8	30	1	1	2
10314	8	30	1	2	0
10315	8	30	1	2	1
10316	8	30	1	2	2
10317	8	30	1	3	0
10318	8	30	1	3	1
10319	8	30	1	3	2
10320	8	30	2	0	0
10321	8	30	2	0	1
10322	8	30	2	0	2
10323	8	30	2	1	0
10324	8	30	2	1	1
10325	8	30	2	1	2
10326	8	30	2	2	0
10327	8	30	2	2	1
10328	8	30	2	2	2
10329	8	30	2	3	0
10330	8	30	2	3	1
10331	8	30	2	3	2
10332	8	31	0	0	0
10333	8	31	0	0	1
10334	8	31	0	0	2
10335	8	31	0	1	0
10336	8	31	0	1	1
10337	8	31	0	1	2
10338	8	31	0	2	0
10339	8	31	0	2	1
10340	8	31	0	2	2
10341	8	31	0	3	0
10342	8	31	0	3	1
10343	8	31	0	3	2
10344	8	31	1	0	0
10345	8	31	1	0	1
10346	8	31	1	0	2
10347	8	31	1	1	0
10348	8	31	1	1	1
10349	8	31	1	1	2
10350	8	31	1	2	0
10351	8	31	1	2	1
10352	8	31	1	2	2
10353	8	31	1	3	0
10354	8	31	1	3	1
10355	8	31	1	3	2
10356	8	31	2	0	0
10357	8	31	2	0	1
10358	8	31	2	0	2
10359	8	31	2	1	0
10360	8	31	2	1	1
10361	8	31	2	1	2
10362	8	31	2	2	0
10363	8	31	2	2	1
10364	8	31	2	2	2
10365	8	31	2	3	0
10366	8	31	2	3	1
10367	8	31	2	3	2
10368	9	0	0	0	0
10369	9	0	0	0	1
10370	9	0	0	0	2
10371	9	0	0	1	0
10372	9	0	0	1	1
10373	9	0	0	1	2
10374	9	0	0	2	0
10375	9	0	0	2	1
10376	9	0	0	2	2
10377	9	0	0	3	0
10378	9	0	0	3	1
10379	9	0	0	3	2
10380	9	0	1	0	0
10381	9	0	1	0	1
10382	9	0	1	0	2
10383	9	0	1	1	0
10384	9	0	1	1	1
10385	9	0	1	1	2
10386	9	0	1	2	0
10387	9	0	1	2	1
10388	9	0	1	2	2
10389	9	0	1	3	0
10390	9	0	1	3	1
10391	9	0	1	3	2
10392	9	0	2	0	0
10393	9	0	2	0	1
10394	9	0	2	0	2
10395	9	0	2	1	0
10396	9	0	2	1	1
10397	9	0	2	1	2
10398	9	0	2	2	0
10399	9	0	2	2	1
10400	9	0	2	2	2
10401	9	0	2	3	0
10402	9	0	2	3	1
10403	9	0	2	3	2
10404	9	1	0	0	0
10405	9	1	0	0	1
10406	9	1	0	0	2
10407	9	1	0	1	0
10408	9	1	0	1	1
10409	9	1	0	1	2
10410	9	1	0	2	0
10411	9	1	0	2	1
10412	9	1	0	2	2
10413	9	1	0	3	0
10414	9	1	0	3	1
10415	9	1	0	3	2
10416	9	1	1	0	0
10417	9	1	1	0	1
10418	9	1	1	0	2
10419	9	1	1	1	0
10420	9	1	1	1	1
10421	9	1	1	1	2
10422	9	1	1	2	0
10423	9	1	1	2	1
10424	9	1	1	2	2
10425	9	1	1	3	0
10426	9	1	1	3	1
10427	9	1	1	3	2
10428	9	1	2	0	0
10429	9	1	2	0	1
10430	9	1	2	0	2
10431	9	1	2	1	0
10432	9	1	2	1	1
10433	9	1	2	1	2
10434	9	1	2	2	0
10435	9	1	2	2	1
10436	9	1	2	2	2
10437	9	1	2	3	0
10438	9	1	2	3	1
10439	9	1	2	3	2
10440	9	2	0	0	0
10441	9	2	0	0	1
10442	9	2	0	0	2
10443	9	2	0	1	0
10444	9	2	0	1	1
10445	9	2	0	1	2
10446	9	2	0	2	0
10447	9	2	0	2	1
10448	9	2	0	2	2
10449	9	2	0	3	0
10450	9	2	0	3	1
10451	9	2	0	3	2
10452	9	2	1	0	0
10453	9	2	1	0	1
10454	9	2	1	0	2
10455	9	2	1	1	0
10456	9	2	1	1	1
10457	9	2	1	1	2
10458	9	2	1	2	0
10459	9	2	1	2	1
10460	9	2	1	2	2
10461	9	2	1	3	0
10462	9	2	1	3	1
10463	9	2	1	3	2
10464	9	2	2	0	0
10465	9	2	2	0	1
10466	9	2	2	0	2
10467	9	2	2	1	0
10468	9	2	2	1	1
10469	9	2	2	1	2
10470	9	2	2	2	0
10471	9	2	2	2	1
10472	9	2	2	2	2
10473	9	2	2	3	0
10474	9	2	2	3	1
10475	9	2	2	3	2
10476	9	3	0	0	0
10477	9	3	0	0	1
10478	9	3	0	0	2
10479	9	3	0	1	0
10480	9	3	0	1	1
10481	9	3	0	1	2
10482	9	3	0	2	0
10483	9	3	0	2	1
10484	9	3	0	2	2
10485	9	3	0	3	0
10486	9	3	0	3	1
10487	9	3	0	3	2
10488	9	3	1	0	0
10489	9	3	1	0	1
10490	9	3	1	0	2
10491	9	3	1	1	0
10492	9	3	1	1	1
10493	9	3	1	1	2
10494	9	3	1	2	0
10495	9	3	1	2	1
10496	9	3	1	2	2
10497	9	3	1	3	0
10498	9	3	1	3	1
10499	9	3	1	3	2
10500	9	3	2	0	0
10501	9	3	2	0	1
10502	9	3	2	0	2
10503	9	3	2	1	0
10504	9	3	2	1	1
10505	9	3	2	1	2
10506	9	3	2	2	0
10507	9	3	2	2	1
10508	9	3	2	2	2
10509	9	3	2	3	0
10510	9	3	2	3	1
10511	9	3	2	3	2
10512	9	4	0	0	0
10513	9	4	0	0	1
10514	9	4	0	0	2
10515	9	4	0	1	0
10516	9	4	0	1	1
10517	9	4	0	1	2
10518	9	4	0	2	0
10519	9	4	0	2	1
10520	9	4	0	2	2
10521	9	4	0	3	0
10522	9	4	0	3	1
10523	9	4	0	3	2
10524	9	4	1	0	0
10525	9	4	1	0	1
10526	9	4	1	0	2
10527	9	4	1	1	0
10528	9	4	1	1	1
10529	9	4	1	1	2
10530	9	4	1	2	0
10531	9	4	1	2	1
10532	9	4	1	2	2
10533	9	4	1	3	0
10534	9	4	1	3	1
10535	9	4	1	3	2
10536	9	4	2	0	0
10537	9	4	2	0	1
10538	9	4	2	0	2
10539	9	4	2	1	0
10540	9	4	2	1	1
10541	9	4	2	1	2
10542	9	4	2	2	0
10543	9	4	2	2	1
10544	9	4	2	2	2
10545	9	4	2	3	0
10546	9	4	2	3	1
10547	9	4	2	3	2
10548	9	5	0	0	0
10549	9	5	0	0	1
10550	9	5	0	0	2
10551	9	5	0	1	0
10552	9	5	0	1	1
10553	9	5	0	1	2
10554	9	5	0	2	0
10555	9	5	0	2	1
10556	9	5	0	2	2
10557	9	5	0	3	0
10558	9	5	0	3	1
10559	9	5	0	3	2
10560	9	5	1	0	0
10561	9	5	1	0	1
10562	9	5	1	0	2
10563	9	5	1	1	0
10564	9	5	1	1	1
10565	9	5	1	1	2
10566	9	5	1	2	0
10567	9	5	1	2	1
10568	9	5	1	2	2
10569	9	5	1	3	0
10570	9	5	1	3	1
10571	9	5	1	3	2
10572	9	5	2	0	0
10573	9	5	2	0	1
10574	9	5	2	0	2
10575	9	5	2	1	0
10576	9	5	2	1	1
10577	9	5	2	1	2
10578	9	5	2	2	0
10579	9	5	2	2	1
10580	9	5	2	2	2
10581	9	5	2	3	0
10582	9	5	2	3	1
10583	9	5	2	3	2
10584	9	6	0	0	0
10585	9	6	0	0	1
10586	9	6	0	0	2
10587	9	6	0	1	0
10588	9	6	0	1	1
10589	9	6	0	1	2
10590	9	6	0	2	0
10591	9	6	0	2	1
10592	9	6	0	2	2
10593	9	6	0	3	0
10594	9	6	0	3	1
10595	9	6	0	3	2
10596	9	6	1	0	0
10597	9	6	1	0	1
10598	9	6	1	0	2
10599	9	6	1	1	0
10600	9	6	1	1	1
10601	9	6	1	1	2
10602	9	6	1	2	0
10603	9	6	1	2	1
10604	9	6	1	2	2
10605	9	6	1	3	0
10606	9	6	1	3	1
10607	9	6	1	3	2
10608	9	6	2	0	0
10609	9	6	2	0	1
10610	9	6	2	0	2
10611	9	6	2	1	0
10612	9	6	2	1	1
10613	9	6	2	1	2
10614	9	6	2	2	0
10615	9	6	2	2	1
10616	9	6	2	2	2
10617	9	6	2	3	0
10618	9	6	2	3	1
10619	9	6	2	3	2
10620	9	7	0	0	0
10621	9	7	0	0	1
10622	9	7	0	0	2
10623	9	7	0	1	0
10624	9	7	0	1	1
10625	9	7	0	1	2
10626	9	7	0	2	0
10627	9	7	0	2	1
10628	9	7	0	2	2
10629	9	7	0	3	0
10630	9	7	0	3	1
10631	9	7	0	3	2
10632	9	7	1	0	0
10633	9	7	1	0	1
10634	9	7	1	0	2
10635	9	7	1	1	0
10636	9	7	1	1	1
10637	9	7	1	1	2
10638	9	7	1	2	0
10639	9	7	1	2	1
10640	9	7	1	2	2
10641	9	7	1	3	0
10642	9	7	1	3	1
10643	9	7	1	3	2
10644	9	7	2	0	0
10645	9	7	2	0	1
10646	9	7	2	0	2
10647	9	7	2	1	0
10648	9	7	2	1	1
10649	9	7	2	1	2
10650	9	7	2	2	0
10651	9	7	2	2	1
10652	9	7	2	2	2
10653	9	7	2	3	0
10654	9	7	2	3	1
10655	9	7	2	3	2
10656	9	8	0	0	0
10657	9	8	0	0	1
10658	9	8	0	0	2
10659	9	8	0	1	0
10660	9	8	0	1	1
10661	9	8	0	1	2
10662	9	8	0	2	0
10663	9	8	0	2	1
10664	9	8	0	2	2
10665	9	8	0	3	0
10666	9	8	0	3	1
10667	9	8	0	3	2
10668	9	8	1	0	0
10669	9	8	1	0	1
10670	9	8	1	0	2
10671	9	8	1	1	0
10672	9	8	1	1	1
10673	9	8	1	1	2
10674	9	8	1	2	0
10675	9	8	1	2	1
10676	9	8	1	2	2
10677	9	8	1	3	0
10678	9	8	1	3	1
10679	9	8	1	3	2
10680	9	8	2	0	0
10681	9	8	2	0	1
10682	9	8	2	0	2
10683	9	8	2	1	0
10684	9	8	2	1	1
10685	9	8	2	1	2
10686	9	8	2	2	0
10687	9	8	2	2	1
10688	9	8	2	2	2
10689	9	8	2	3	0
10690	9	8	2	3	1
10691	9	8	2	3	2
10692	9	9	0	0	0
10693	9	9	0	0	1
10694	9	9	0	0	2
10695	9	9	0	1	0
10696	9	9	0	1	1
10697	9	9	0	1	2
10698	9	9	0	2	0
10699	9	9	0	2	1
10700	9	9	0	2	2
10701	9	9	0	3	0
10702	9	9	0	3	1
10703	9	9	0	3	2
10704	9	9	1	0	0
10705	9	9	1	0	1
10706	9	9	1	0	2
10707	9	9	1	1	0
10708	9	9	1	1	1
10709	9	9	1	1	2
10710	9	9	1	2	0
10711	9	9	1	2	1
10712	9	9	1	2	2
10713	9	9	1	3	0
10714	9	9	1	3	1
10715	9	9	1	3	2
10716	9	9	2	0	0
10717	9	9	2	0	1
10718	9	9	2	0	2
10719	9	9	2	1	0
10720	9	9	2	1	1
10721	9	9	2	1	2
10722	9	9	2	2	0
10723	9	9	2	2	1
10724	9	9	2	2	2
10725	9	9	2	3	0
10726	9	9	2	3	1
10727	9	9	2	3	2
10728	9	10	0	0	0
10729	9	10	0	0	1
10730	9	10	0	0	2
10731	9	10	0	1	0
10732	9	10	0	1	1
10733	9	10	0	1	2
10734	9	10	0	2	0
10735	9	10	0	2	1
10736	9	10	0	2	2
10737	9	10	0	3	0
10738	9	10	0	3	1
10739	9	10	0	3	2
10740	9	10	1	0	0
10741	9	10	1	0	1
10742	9	10	1	0	2
10743	9	10	1	1	0
10744	9	10	1	1	1
10745	9	10	1	1	2
10746	9	10	1	2	0
10747	9	10	1	2	1
10748	9	10	1	2	2
10749	9	10	1	3	0
10750	9	10	1	3	1
10751	9	10	1	3	2
10752	9	10	2	0	0
10753	9	10	2	0	1
10754	9	10	2	0	2
10755	9	10	2	1	0
10756	9	10	2	1	1
10757	9	10	2	1	2
10758	9	10	2	2	0
10759	9	10	2	2	1
10760	9	10	2	2	2
10761	9	10	2	3	0
10762	9	10	2	3	1
10763	9	10	2	3	2
10764	9	11	0	0	0
10765	9	11	0	0	1
10766	9	11	0	0	2
10767	9	11	0	1	0
10768	9	11	0	1	1
10769	9	11	0	1	2
10770	9	11	0	2	0
10771	9	11	0	2	1
10772	9	11	0	2	2
10773	9	11	0	3	0
10774	9	11	0	3	1
10775	9	11	0	3	2
10776	9	11	1	0	0
10777	9	11	1	0	1
10778	9	11	1	0	2
10779	9	11	1	1	0
10780	9	11	1	1	1
10781	9	11	1	1	2
10782	9	11	1	2	0
10783	9	11	1	2	1
10784	9	11	1	2	2
10785	9	11	1	3	0
10786	9	11	1	3	1
10787	9	11	1	3	2
10788	9	11	2	0	0
10789	9	11	2	0	1
10790	9	11	2	0	2
10791	9	11	2	1	0
10792	9	11	2	1	1
10793	9	11	2	1	2
10794	9	11	2	2	0
10795	9	11	2	2	1
10796	9	11	2	2	2
10797	9	11	2	3	0
10798	9	11	2	3	1
10799	9	11	2	3	2
10800	9	12	0	0	0
10801	9	12	0	0	1
10802	9	12	0	0	2
10803	9	12	0	1	0
10804	9	12	0	1	1
10805	9	12	0	1	2
10806	9	12	0	2	0
10807	9	12	0	2	1
10808	9	12	0	2	2
10809	9	12	0	3	0
10810	9	12	0	3	1
10811	9	12	0	3	2
10812	9	12	1	0	0
10813	9	12	1	0	1
10814	9	12	1	0	2
10815	9	12	1	1	0
10816	9	12	1	1	1
10817	9	12	1	1	2
10818	9	12	1	2	0
10819	9	12	1	2	1
10820	9	12	1	2	2
10821	9	12	1	3	0
10822	9	12	1	3	1
10823	9	12	1	3	2
10824	9	12	2	0	0
10825	9	12	2	0	1
10826	9	12	2	0	2
10827	9	12	2	1	0
10828	9	12	2	1	1
10829	9	12	2	1	2
10830	9	12	2	2	0
10831	9	12	2	2	1
10832	9	12	2	2	2
10833	9	12	2	3	0
10834	9	12	2	3	1
10835	9	12	2	3	2
10836	9	13	0	0	0
10837	9	13	0	0	1
10838	9	13	0	0	2
10839	9	13	0	1	0
10840	9	13	0	1	1
10841	9	13	0	1	2
10842	9	13	0	2	0
10843	9	13	0	2	1
10844	9	13	0	2	2
10845	9	13	0	3	0
10846	9	13	0	3	1
10847	9	13	0	3	2
10848	9	13	1	0	0
10849	9	13	1	0	1
10850	9	13	1	0	2
10851	9	13	1	1	0
10852	9	13	1	1	1
10853	9	13	1	1	2
10854	9	13	1	2	0
10855	9	13	1	2	1
10856	9	13	1	2	2
10857	9	13	1	3	0
10858	9	13	1	3	1
10859	9	13	1	3	2
10860	9	13	2	0	0
10861	9	13	2	0	1
10862	9	13	2	0	2
10863	9	13	2	1	0
10864	9	13	2	1	1
10865	9	13	2	1	2
10866	9	13	2	2	0
10867	9	13	2	2	1
10868	9	13	2	2	2
10869	9	13	2	3	0
10870	9	13	2	3	1
10871	9	13	2	3	2
10872	9	14	0	0	0
10873	9	14	0	0	1
10874	9	14	0	0	2
10875	9	14	0	1	0
10876	9	14	0	1	1
10877	9	14	0	1	2
10878	9	14	0	2	0
10879	9	14	0	2	1
10880	9	14	0	2	2
10881	9	14	0	3	0
10882	9	14	0	3	1
10883	9	14	0	3	2
10884	9	14	1	0	0
10885	9	14	1	0	1
10886	9	14	1	0	2
10887	9	14	1	1	0
10888	9	14	1	1	1
10889	9	14	1	1	2
10890	9	14	1	2	0
10891	9	14	1	2	1
10892	9	14	1	2	2
10893	9	14	1	3	0
10894	9	14	1	3	1
10895	9	14	1	3	2
10896	9	14	2	0	0
10897	9	14	2	0	1
10898	9	14	2	0	2
10899	9	14	2	1	0
10900	9	14	2	1	1
10901	9	14	2	1	2
10902	9	14	2	2	0
10903	9	14	2	2	1
10904	9	14	2	2	2
10905	9	14	2	3	0
10906	9	14	2	3	1
10907	9	14	2	3	2
10908	9	15	0	0	0
10909	9	15	0	0	1
10910	9	15	0	0	2
10911	9	15	0	1	0
10912	9	15	0	1	1
10913	9	15	0	1	2
10914	9	15	0	2	0
10915	9	15	0	2	1
10916	9	15	0	2	2
10917	9	15	0	3	0
10918	9	15	0	3	1
10919	9	15	0	3	2
10920	9	15	1	0	0
10921	9	15	1	0	1
10922	9	15	1	0	2
10923	9	15	1	1	0
10924	9	15	1	1	1
10925	9	15	1	1	2
10926	9	15	1	2	0
10927	9	15	1	2	1
10928	9	15	1	2	2
10929	9	15	1	3	0
10930	9	15	1	3	1
10931	9	15	1	3	2
10932	9	15	2	0	0
10933	9	15	2	0	1
10934	9	15	2	0	2
10935	9	15	2	1	0
10936	9	15	2	1	1
10937	9	15	2	1	2
10938	9	15	2	2	0
10939	9	15	2	2	1
10940	9	15	2	2	2
10941	9	15	2	3	0
10942	9	15	2	3	1
10943	9	15	2	3	2
10944	9	16	0	0	0
10945	9	16	0	0	1
10946	9	16	0	0	2
10947	9	16	0	1	0
10948	9	16	0	1	1
10949	9	16	0	1	2
10950	9	16	0	2	0
10951	9	16	0	2	1
10952	9	16	0	2	2
10953	9	16	0	3	0
10954	9	16	0	3	1
10955	9	16	0	3	2
10956	9	16	1	0	0
10957	9	16	1	0	1
10958	9	16	1	0	2
10959	9	16	1	1	0
10960	9	16	1	1	1
10961	9	16	1	1	2
10962	9	16	1	2	0
10963	9	16	1	2	1
10964	9	16	1	2	2
10965	9	16	1	3	0
10966	9	16	1	3	1
10967	9	16	1	3	2
10968	9	16	2	0	0
10969	9	16	2	0	1
10970	9	16	2	0	2
10971	9	16	2	1	0
10972	9	16	2	1	1
10973	9	16	2	1	2
10974	9	16	2	2	0
10975	9	16	2	2	1
10976	9	16	2	2	2
10977	9	16	2	3	0
10978	9	16	2	3	1
10979	9	16	2	3	2
10980	9	17	0	0	0
10981	9	17	0	0	1
10982	9	17	0	0	2
10983	9	17	0	1	0
10984	9	17	0	1	1
10985	9	17	0	1	2
10986	9	17	0	2	0
10987	9	17	0	2	1
10988	9	17	0	2	2
10989	9	17	0	3	0
10990	9	17	0	3	1
10991	9	17	0	3	2
10992	9	17	1	0	0
10993	9	17	1	0	1
10994	9	17	1	0	2
10995	9	17	1	1	0
10996	9	17	1	1	1
10997	9	17	1	1	2
10998	9	17	1	2	0
10999	9	17	1	2	1
11000	9	17	1	2	2
11001	9	17	1	3	0
11002	9	17	1	3	1
11003	9	17	1	3	2
11004	9	17	2	0	0
11005	9	17	2	0	1
11006	9	17	2	0	2
11007	9	17	2	1	0
11008	9	17	2	1	1
11009	9	17	2	1	2
11010	9	17	2	2	0
11011	9	17	2	2	1
11012	9	17	2	2	2
11013	9	17	2	3	0
11014	9	17	2	3	1
11015	9	17	2	3	2
11016	9	18	0	0	0
11017	9	18	0	0	1
11018	9	18	0	0	2
11019	9	18	0	1	0
11020	9	18	0	1	1
11021	9	18	0	1	2
11022	9	18	0	2	0
11023	9	18	0	2	1
11024	9	18	0	2	2
11025	9	18	0	3	0
11026	9	18	0	3	1
11027	9	18	0	3	2
11028	9	18	1	0	0
11029	9	18	1	0	1
11030	9	18	1	0	2
11031	9	18	1	1	0
11032	9	18	1	1	1
11033	9	18	1	1	2
11034	9	18	1	2	0
11035	9	18	1	2	1
11036	9	18	1	2	2
11037	9	18	1	3	0
11038	9	18	1	3	1
11039	9	18	1	3	2
11040	9	18	2	0	0
11041	9	18	2	0	1
11042	9	18	2	0	2
11043	9	18	2	1	0
11044	9	18	2	1	1
11045	9	18	2	1	2
11046	9	18	2	2	0
11047	9	18	2	2	1
11048	9	18	2	2	2
11049	9	18	2	3	0
11050	9	18	2	3	1
11051	9	18	2	3	2
11052	9	19	0	0	0
11053	9	19	0	0	1
11054	9	19	0	0	2
11055	9	19	0	1	0
11056	9	19	0	1	1
11057	9	19	0	1	2
11058	9	19	0	2	0
11059	9	19	0	2	1
11060	9	19	0	2	2
11061	9	19	0	3	0
11062	9	19	0	3	1
11063	9	19	0	3	2
11064	9	19	1	0	0
11065	9	19	1	0	1
11066	9	19	1	0	2
11067	9	19	1	1	0
11068	9	19	1	1	1
11069	9	19	1	1	2
11070	9	19	1	2	0
11071	9	19	1	2	1
11072	9	19	1	2	2
11073	9	19	1	3	0
11074	9	19	1	3	1
11075	9	19	1	3	2
11076	9	19	2	0	0
11077	9	19	2	0	1
11078	9	19	2	0	2
11079	9	19	2	1	0
11080	9	19	2	1	1
11081	9	19	2	1	2
11082	9	19	2	2	0
11083	9	19	2	2	1
11084	9	19	2	2	2
11085	9	19	2	3	0
11086	9	19	2	3	1
11087	9	19	2	3	2
11088	9	20	0	0	0
11089	9	20	0	0	1
11090	9	20	0	0	2
11091	9	20	0	1	0
11092	9	20	0	1	1
11093	9	20	0	1	2
11094	9	20	0	2	0
11095	9	20	0	2	1
11096	9	20	0	2	2
11097	9	20	0	3	0
11098	9	20	0	3	1
11099	9	20	0	3	2
11100	9	20	1	0	0
11101	9	20	1	0	1
11102	9	20	1	0	2
11103	9	20	1	1	0
11104	9	20	1	1	1
11105	9	20	1	1	2
11106	9	20	1	2	0
11107	9	20	1	2	1
11108	9	20	1	2	2
11109	9	20	1	3	0
11110	9	20	1	3	1
11111	9	20	1	3	2
11112	9	20	2	0	0
11113	9	20	2	0	1
11114	9	20	2	0	2
11115	9	20	2	1	0
11116	9	20	2	1	1
11117	9	20	2	1	2
11118	9	20	2	2	0
11119	9	20	2	2	1
11120	9	20	2	2	2
11121	9	20	2	3	0
11122	9	20	2	3	1
11123	9	20	2	3	2
11124	9	21	0	0	0
11125	9	21	0	0	1
11126	9	21	0	0	2
11127	9	21	0	1	0
11128	9	21	0	1	1
11129	9	21	0	1	2
11130	9	21	0	2	0
11131	9	21	0	2	1
11132	9	21	0	2	2
11133	9	21	0	3	0
11134	9	21	0	3	1
11135	9	21	0	3	2
11136	9	21	1	0	0
11137	9	21	1	0	1
11138	9	21	1	0	2
11139	9	21	1	1	0
11140	9	21	1	1	1
11141	9	21	1	1	2
11142	9	21	1	2	0
11143	9	21	1	2	1
11144	9	21	1	2	2
11145	9	21	1	3	0
11146	9	21	1	3	1
11147	9	21	1	3	2
11148	9	21	2	0	0
11149	9	21	2	0	1
11150	9	21	2	0	2
11151	9	21	2	1	0
11152	9	21	2	1	1
11153	9	21	2	1	2
11154	9	21	2	2	0
11155	9	21	2	2	1
11156	9	21	2	2	2
11157	9	21	2	3	0
11158	9	21	2	3	1
11159	9	21	2	3	2
11160	9	22	0	0	0
11161	9	22	0	0	1
11162	9	22	0	0	2
11163	9	22	0	1	0
11164	9	22	0	1	1
11165	9	22	0	1	2
11166	9	22	0	2	0
11167	9	22	0	2	1
11168	9	22	0	2	2
11169	9	22	0	3	0
11170	9	22	0	3	1
11171	9	22	0	3	2
11172	9	22	1	0	0
11173	9	22	1	0	1
11174	9	22	1	0	2
11175	9	22	1	1	0
11176	9	22	1	1	1
11177	9	22	1	1	2
11178	9	22	1	2	0
11179	9	22	1	2	1
11180	9	22	1	2	2
11181	9	22	1	3	0
11182	9	22	1	3	1
11183	9	22	1	3	2
11184	9	22	2	0	0
11185	9	22	2	0	1
11186	9	22	2	0	2
11187	9	22	2	1	0
11188	9	22	2	1	1
11189	9	22	2	1	2
11190	9	22	2	2	0
11191	9	22	2	2	1
11192	9	22	2	2	2
11193	9	22	2	3	0
11194	9	22	2	3	1
11195	9	22	2	3	2
11196	9	23	0	0	0
11197	9	23	0	0	1
11198	9	23	0	0	2
11199	9	23	0	1	0
11200	9	23	0	1	1
11201	9	23	0	1	2
11202	9	23	0	2	0
11203	9	23	0	2	1
11204	9	23	0	2	2
11205	9	23	0	3	0
11206	9	23	0	3	1
11207	9	23	0	3	2
11208	9	23	1	0	0
11209	9	23	1	0	1
11210	9	23	1	0	2
11211	9	23	1	1	0
11212	9	23	1	1	1
11213	9	23	1	1	2
11214	9	23	1	2	0
11215	9	23	1	2	1
11216	9	23	1	2	2
11217	9	23	1	3	0
11218	9	23	1	3	1
11219	9	23	1	3	2
11220	9	23	2	0	0
11221	9	23	2	0	1
11222	9	23	2	0	2
11223	9	23	2	1	0
11224	9	23	2	1	1
11225	9	23	2	1	2
11226	9	23	2	2	0
11227	9	23	2	2	1
11228	9	23	2	2	2
11229	9	23	2	3	0
11230	9	23	2	3	1
11231	9	23	2	3	2
11232	9	24	0	0	0
11233	9	24	0	0	1
11234	9	24	0	0	2
11235	9	24	0	1	0
11236	9	24	0	1	1
11237	9	24	0	1	2
11238	9	24	0	2	0
11239	9	24	0	2	1
11240	9	24	0	2	2
11241	9	24	0	3	0
11242	9	24	0	3	1
11243	9	24	0	3	2
11244	9	24	1	0	0
11245	9	24	1	0	1
11246	9	24	1	0	2
11247	9	24	1	1	0
11248	9	24	1	1	1
11249	9	24	1	1	2
11250	9	24	1	2	0
11251	9	24	1	2	1
11252	9	24	1	2	2
11253	9	24	1	3	0
11254	9	24	1	3	1
11255	9	24	1	3	2
11256	9	24	2	0	0
11257	9	24	2	0	1
11258	9	24	2	0	2
11259	9	24	2	1	0
11260	9	24	2	1	1
11261	9	24	2	1	2
11262	9	24	2	2	0
11263	9	24	2	2	1
11264	9	24	2	2	2
11265	9	24	2	3	0
11266	9	24	2	3	1
11267	9	24	2	3	2
11268	9	25	0	0	0
11269	9	25	0	0	1
11270	9	25	0	0	2
11271	9	25	0	1	0
11272	9	25	0	1	1
11273	9	25	0	1	2
11274	9	25	0	2	0
11275	9	25	0	2	1
11276	9	25	0	2	2
11277	9	25	0	3	0
11278	9	25	0	3	1
11279	9	25	0	3	2
11280	9	25	1	0	0
11281	9	25	1	0	1
11282	9	25	1	0	2
11283	9	25	1	1	0
11284	9	25	1	1	1
11285	9	25	1	1	2
11286	9	25	1	2	0
11287	9	25	1	2	1
11288	9	25	1	2	2
11289	9	25	1	3	0
11290	9	25	1	3	1
11291	9	25	1	3	2
11292	9	25	2	0	0
11293	9	25	2	0	1
11294	9	25	2	0	2
11295	9	25	2	1	0
11296	9	25	2	1	1
11297	9	25	2	1	2
11298	9	25	2	2	0
11299	9	25	2	2	1
11300	9	25	2	2	2
11301	9	25	2	3	0
11302	9	25	2	3	1
11303	9	25	2	3	2
11304	9	26	0	0	0
11305	9	26	0	0	1
11306	9	26	0	0	2
11307	9	26	0	1	0
11308	9	26	0	1	1
11309	9	26	0	1	2
11310	9	26	0	2	0
11311	9	26	0	2	1
11312	9	26	0	2	2
11313	9	26	0	3	0
11314	9	26	0	3	1
11315	9	26	0	3	2
11316	9	26	1	0	0
11317	9	26	1	0	1
11318	9	26	1	0	2
11319	9	26	1	1	0
11320	9	26	1	1	1
11321	9	26	1	1	2
11322	9	26	1	2	0
11323	9	26	1	2	1
11324	9	26	1	2	2
11325	9	26	1	3	0
11326	9	26	1	3	1
11327	9	26	1	3	2
11328	9	26	2	0	0
11329	9	26	2	0	1
11330	9	26	2	0	2
11331	9	26	2	1	0
11332	9	26	2	1	1
11333	9	26	2	1	2
11334	9	26	2	2	0
11335	9	26	2	2	1
11336	9	26	2	2	2
11337	9	26	2	3	0
11338	9	26	2	3	1
11339	9	26	2	3	2
11340	9	27	0	0	0
11341	9	27	0	0	1
11342	9	27	0	0	2
11343	9	27	0	1	0
11344	9	27	0	1	1
11345	9	27	0	1	2
11346	9	27	0	2	0
11347	9	27	0	2	1
11348	9	27	0	2	2
11349	9	27	0	3	0
11350	9	27	0	3	1
11351	9	27	0	3	2
11352	9	27	1	0	0
11353	9	27	1	0	1
11354	9	27	1	0	2
11355	9	27	1	1	0
11356	9	27	1	1	1
11357	9	27	1	1	2
11358	9	27	1	2	0
11359	9	27	1	2	1
11360	9	27	1	2	2
11361	9	27	1	3	0
11362	9	27	1	3	1
11363	9	27	1	3	2
11364	9	27	2	0	0
11365	9	27	2	0	1
11366	9	27	2	0	2
11367	9	27	2	1	0
11368	9	27	2	1	1
11369	9	27	2	1	2
11370	9	27	2	2	0
11371	9	27	2	2	1
11372	9	27	2	2	2
11373	9	27	2	3	0
11374	9	27	2	3	1
11375	9	27	2	3	2
11376	9	28	0	0	0
11377	9	28	0	0	1
11378	9	28	0	0	2
11379	9	28	0	1	0
11380	9	28	0	1	1
11381	9	28	0	1	2
11382	9	28	0	2	0
11383	9	28	0	2	1
11384	9	28	0	2	2
11385	9	28	0	3	0
11386	9	28	0	3	1
11387	9	28	0	3	2
11388	9	28	1	0	0
11389	9	28	1	0	1
11390	9	28	1	0	2
11391	9	28	1	1	0
11392	9	28	1	1	1
11393	9	28	1	1	2
11394	9	28	1	2	0
11395	9	28	1	2	1
11396	9	28	1	2	2
11397	9	28	1	3	0
11398	9	28	1	3	1
11399	9	28	1	3	2
11400	9	28	2	0	0
11401	9	28	2	0	1
11402	9	28	2	0	2
11403	9	28	2	1	0
11404	9	28	2	1	1
11405	9	28	2	1	2
11406	9	28	2	2	0
11407	9	28	2	2	1
11408	9	28	2	2	2
11409	9	28	2	3	0
11410	9	28	2	3	1
11411	9	28	2	3	2
11412	9	29	0	0	0
11413	9	29	0	0	1
11414	9	29	0	0	2
11415	9	29	0	1	0
11416	9	29	0	1	1
11417	9	29	0	1	2
11418	9	29	0	2	0
11419	9	29	0	2	1
11420	9	29	0	2	2
11421	9	29	0	3	0
11422	9	29	0	3	1
11423	9	29	0	3	2
11424	9	29	1	0	0
11425	9	29	1	0	1
11426	9	29	1	0	2
11427	9	29	1	1	0
11428	9	29	1	1	1
11429	9	29	1	1	2
11430	9	29	1	2	0
11431	9	29	1	2	1
11432	9	29	1	2	2
11433	9	29	1	3	0
11434	9	29	1	3	1
11435	9	29	1	3	2
11436	9	29	2	0	0
11437	9	29	2	0	1
11438	9	29	2	0	2
11439	9	29	2	1	0
11440	9	29	2	1	1
11441	9	29	2	1	2
11442	9	29	2	2	0
11443	9	29	2	2	1
11444	9	29	2	2	2
11445	9	29	2	3	0
11446	9	29	2	3	1
11447	9	29	2	3	2
11448	9	30	0	0	0
11449	9	30	0	0	1
11450	9	30	0	0	2
11451	9	30	0	1	0
11452	9	30	0	1	1
11453	9	30	0	1	2
11454	9	30	0	2	0
11455	9	30	0	2	1
11456	9	30	0	2	2
11457	9	30	0	3	0
11458	9	30	0	3	1
11459	9	30	0	3	2
11460	9	30	1	0	0
11461	9	30	1	0	1
11462	9	30	1	0	2
11463	9	30	1	1	0
11464	9	30	1	1	1
11465	9	30	1	1	2
11466	9	30	1	2	0
11467	9	30	1	2	1
11468	9	30	1	2	2
11469	9	30	1	3	0
11470	9	30	1	3	1
11471	9	30	1	3	2
11472	9	30	2	0	0
11473	9	30	2	0	1
11474	9	30	2	0	2
11475	9	30	2	1	0
11476	9	30	2	1	1
11477	9	30	2	1	2
11478	9	30	2	2	0
11479	9	30	2	2	1
11480	9	30	2	2	2
11481	9	30	2	3	0
11482	9	30	2	3	1
11483	9	30	2	3	2
11484	9	31	0	0	0
11485	9	31	0	0	1
11486	9	31	0	0	2
11487	9	31	0	1	0
11488	9	31	0	1	1
11489	9	31	0	1	2
11490	9	31	0	2	0
11491	9	31	0	2	1
11492	9	31	0	2	2
11493	9	31	0	3	0
11494	9	31	0	3	1
11495	9	31	0	3	2
11496	9	31	1	0	0
11497	9	31	1	0	1
11498	9	31	1	0	2
11499	9	31	1	1	0
11500	9	31	1	1	1
11501	9	31	1	1	2
11502	9	31	1	2	0
11503	9	31	1	2	1
11504	9	31	1	2	2
11505	9	31	1	3	0
11506	9	31	1	3	1
11507	9	31	1	3	2
11508	9	31	2	0	0
11509	9	31	2	0	1
11510	9	31	2	0	2
11511	9	31	2	1	0
11512	9	31	2	1	1
11513	9	31	2	1	2
11514	9	31	2	2	0
11515	9	31	2	2	1
11516	9	31	2	2	2
11517	9	31	2	3	0
11518	9	31	2	3	1
11519	9	31	2	3	2
11520	10	0	0	0	0
11521	10	0	0	0	1
11522	10	0	0	0	2
11523	10	0	0	1	0
11524	10	0	0	1	1
11525	10	0	0	1	2
11526	10	0	0	2	0
11527	10	0	0	2	1
11528	10	0	0	2	2
11529	10	0	0	3	0
11530	10	0	0	3	1
11531	10	0	0	3	2
11532	10	0	1	0	0
11533	10	0	1	0	1
11534	10	0	1	0	2
11535	10	0	1	1	0
11536	10	0	1	1	1
11537	10	0	1	1	2
11538	10	0	1	2	0
11539	10	0	1	2	1
11540	10	0	1	2	2
11541	10	0	1	3	0
11542	10	0	1	3	1
11543	10	0	1	3	2
11544	10	0	2	0	0
11545	10	0	2	0	1
11546	10	0	2	0	2
11547	10	0	2	1	0
11548	10	0	2	1	1
11549	10	0	2	1	2
11550	10	0	2	2	0
11551	10	0	2	2	1
11552	10	0	2	2	2
11553	10	0	2	3	0
11554	10	0	2	3	1
11555	10	0	2	3	2
11556	10	1	0	0	0
11557	10	1	0	0	1
11558	10	1	0	0	2
11559	10	1	0	1	0
11560	10	1	0	1	1
11561	10	1	0	1	2
11562	10	1	0	2	0
11563	10	1	0	2	1
11564	10	1	0	2	2
11565	10	1	0	3	0
11566	10	1	0	3	1
11567	10	1	0	3	2
11568	10	1	1	0	0
11569	10	1	1	0	1
11570	10	1	1	0	2
11571	10	1	1	1	0
11572	10	1	1	1	1
11573	10	1	1	1	2
11574	10	1	1	2	0
11575	10	1	1	2	1
11576	10	1	1	2	2
11577	10	1	1	3	0
11578	10	1	1	3	1
11579	10	1	1	3	2
11580	10	1	2	0	0
11581	10	1	2	0	1
11582	10	1	2	0	2
11583	10	1	2	1	0
11584	10	1	2	1	1
11585	10	1	2	1	2
11586	10	1	2	2	0
11587	10	1	2	2	1
11588	10	1	2	2	2
11589	10	1	2	3	0
11590	10	1	2	3	1
11591	10	1	2	3	2
11592	10	2	0	0	0
11593	10	2	0	0	1
11594	10	2	0	0	2
11595	10	2	0	1	0
11596	10	2	0	1	1
11597	10	2	0	1	2
11598	10	2	0	2	0
11599	10	2	0	2	1
11600	10	2	0	2	2
11601	10	2	0	3	0
11602	10	2	0	3	1
11603	10	2	0	3	2
11604	10	2	1	0	0
11605	10	2	1	0	1
11606	10	2	1	0	2
11607	10	2	1	1	0
11608	10	2	1	1	1
11609	10	2	1	1	2
11610	10	2	1	2	0
11611	10	2	1	2	1
11612	10	2	1	2	2
11613	10	2	1	3	0
11614	10	2	1	3	1
11615	10	2	1	3	2
11616	10	2	2	0	0
11617	10	2	2	0	1
11618	10	2	2	0	2
11619	10	2	2	1	0
11620	10	2	2	1	1
11621	10	2	2	1	2
11622	10	2	2	2	0
11623	10	2	2	2	1
11624	10	2	2	2	2
11625	10	2	2	3	0
11626	10	2	2	3	1
11627	10	2	2	3	2
11628	10	3	0	0	0
11629	10	3	0	0	1
11630	10	3	0	0	2
11631	10	3	0	1	0
11632	10	3	0	1	1
11633	10	3	0	1	2
11634	10	3	0	2	0
11635	10	3	0	2	1
11636	10	3	0	2	2
11637	10	3	0	3	0
11638	10	3	0	3	1
11639	10	3	0	3	2
11640	10	3	1	0	0
11641	10	3	1	0	1
11642	10	3	1	0	2
11643	10	3	1	1	0
11644	10	3	1	1	1
11645	10	3	1	1	2
11646	10	3	1	2	0
11647	10	3	1	2	1
11648	10	3	1	2	2
11649	10	3	1	3	0
11650	10	3	1	3	1
11651	10	3	1	3	2
11652	10	3	2	0	0
11653	10	3	2	0	1
11654	10	3	2	0	2
11655	10	3	2	1	0
11656	10	3	2	1	1
11657	10	3	2	1	2
11658	10	3	2	2	0
11659	10	3	2	2	1
11660	10	3	2	2	2
11661	10	3	2	3	0
11662	10	3	2	3	1
11663	10	3	2	3	2
11664	10	4	0	0	0
11665	10	4	0	0	1
11666	10	4	0	0	2
11667	10	4	0	1	0
11668	10	4	0	1	1
11669	10	4	0	1	2
11670	10	4	0	2	0
11671	10	4	0	2	1
11672	10	4	0	2	2
11673	10	4	0	3	0
11674	10	4	0	3	1
11675	10	4	0	3	2
11676	10	4	1	0	0
11677	10	4	1	0	1
11678	10	4	1	0	2
11679	10	4	1	1	0
11680	10	4	1	1	1
11681	10	4	1	1	2
11682	10	4	1	2	0
11683	10	4	1	2	1
11684	10	4	1	2	2
11685	10	4	1	3	0
11686	10	4	1	3	1
11687	10	4	1	3	2
11688	10	4	2	0	0
11689	10	4	2	0	1
11690	10	4	2	0	2
11691	10	4	2	1	0
11692	10	4	2	1	1
11693	10	4	2	1	2
11694	10	4	2	2	0
11695	10	4	2	2	1
11696	10	4	2	2	2
11697	10	4	2	3	0
11698	10	4	2	3	1
11699	10	4	2	3	2
11700	10	5	0	0	0
11701	10	5	0	0	1
11702	10	5	0	0	2
11703	10	5	0	1	0
11704	10	5	0	1	1
11705	10	5	0	1	2
11706	10	5	0	2	0
11707	10	5	0	2	1
11708	10	5	0	2	2
11709	10	5	0	3	0
11710	10	5	0	3	1
11711	10	5	0	3	2
11712	10	5	1	0	0
11713	10	5	1	0	1
11714	10	5	1	0	2
11715	10	5	1	1	0
11716	10	5	1	1	1
11717	10	5	1	1	2
11718	10	5	1	2	0
11719	10	5	1	2	1
11720	10	5	1	2	2
11721	10	5	1	3	0
11722	10	5	1	3	1
11723	10	5	1	3	2
11724	10	5	2	0	0
11725	10	5	2	0	1
11726	10	5	2	0	2
11727	10	5	2	1	0
11728	10	5	2	1	1
11729	10	5	2	1	2
11730	10	5	2	2	0
11731	10	5	2	2	1
11732	10	5	2	2	2
11733	10	5	2	3	0
11734	10	5	2	3	1
11735	10	5	2	3	2
11736	10	6	0	0	0
11737	10	6	0	0	1
11738	10	6	0	0	2
11739	10	6	0	1	0
11740	10	6	0	1	1
11741	10	6	0	1	2
11742	10	6	0	2	0
11743	10	6	0	2	1
11744	10	6	0	2	2
11745	10	6	0	3	0
11746	10	6	0	3	1
11747	10	6	0	3	2
11748	10	6	1	0	0
11749	10	6	1	0	1
11750	10	6	1	0	2
11751	10	6	1	1	0
11752	10	6	1	1	1
11753	10	6	1	1	2
11754	10	6	1	2	0
11755	10	6	1	2	1
11756	10	6	1	2	2
11757	10	6	1	3	0
11758	10	6	1	3	1
11759	10	6	1	3	2
11760	10	6	2	0	0
11761	10	6	2	0	1
11762	10	6	2	0	2
11763	10	6	2	1	0
11764	10	6	2	1	1
11765	10	6	2	1	2
11766	10	6	2	2	0
11767	10	6	2	2	1
11768	10	6	2	2	2
11769	10	6	2	3	0
11770	10	6	2	3	1
11771	10	6	2	3	2
11772	10	7	0	0	0
11773	10	7	0	0	1
11774	10	7	0	0	2
11775	10	7	0	1	0
11776	10	7	0	1	1
11777	10	7	0	1	2
11778	10	7	0	2	0
11779	10	7	0	2	1
11780	10	7	0	2	2
11781	10	7	0	3	0
11782	10	7	0	3	1
11783	10	7	0	3	2
11784	10	7	1	0	0
11785	10	7	1	0	1
11786	10	7	1	0	2
11787	10	7	1	1	0
11788	10	7	1	1	1
11789	10	7	1	1	2
11790	10	7	1	2	0
11791	10	7	1	2	1
11792	10	7	1	2	2
11793	10	7	1	3	0
11794	10	7	1	3	1
11795	10	7	1	3	2
11796	10	7	2	0	0
11797	10	7	2	0	1
11798	10	7	2	0	2
11799	10	7	2	1	0
11800	10	7	2	1	1
11801	10	7	2	1	2
11802	10	7	2	2	0
11803	10	7	2	2	1
11804	10	7	2	2	2
11805	10	7	2	3	0
11806	10	7	2	3	1
11807	10	7	2	3	2
11808	10	8	0	0	0
11809	10	8	0	0	1
11810	10	8	0	0	2
11811	10	8	0	1	0
11812	10	8	0	1	1
11813	10	8	0	1	2
11814	10	8	0	2	0
11815	10	8	0	2	1
11816	10	8	0	2	2
11817	10	8	0	3	0
11818	10	8	0	3	1
11819	10	8	0	3	2
11820	10	8	1	0	0
11821	10	8	1	0	1
11822	10	8	1	0	2
11823	10	8	1	1	0
11824	10	8	1	1	1
11825	10	8	1	1	2
11826	10	8	1	2	0
11827	10	8	1	2	1
11828	10	8	1	2	2
11829	10	8	1	3	0
11830	10	8	1	3	1
11831	10	8	1	3	2
11832	10	8	2	0	0
11833	10	8	2	0	1
11834	10	8	2	0	2
11835	10	8	2	1	0
11836	10	8	2	1	1
11837	10	8	2	1	2
11838	10	8	2	2	0
11839	10	8	2	2	1
11840	10	8	2	2	2
11841	10	8	2	3	0
11842	10	8	2	3	1
11843	10	8	2	3	2
11844	10	9	0	0	0
11845	10	9	0	0	1
11846	10	9	0	0	2
11847	10	9	0	1	0
11848	10	9	0	1	1
11849	10	9	0	1	2
11850	10	9	0	2	0
11851	10	9	0	2	1
11852	10	9	0	2	2
11853	10	9	0	3	0
11854	10	9	0	3	1
11855	10	9	0	3	2
11856	10	9	1	0	0
11857	10	9	1	0	1
11858	10	9	1	0	2
11859	10	9	1	1	0
11860	10	9	1	1	1
11861	10	9	1	1	2
11862	10	9	1	2	0
11863	10	9	1	2	1
11864	10	9	1	2	2
11865	10	9	1	3	0
11866	10	9	1	3	1
11867	10	9	1	3	2
11868	10	9	2	0	0
11869	10	9	2	0	1
11870	10	9	2	0	2
11871	10	9	2	1	0
11872	10	9	2	1	1
11873	10	9	2	1	2
11874	10	9	2	2	0
11875	10	9	2	2	1
11876	10	9	2	2	2
11877	10	9	2	3	0
11878	10	9	2	3	1
11879	10	9	2	3	2
11880	10	10	0	0	0
11881	10	10	0	0	1
11882	10	10	0	0	2
11883	10	10	0	1	0
11884	10	10	0	1	1
11885	10	10	0	1	2
11886	10	10	0	2	0
11887	10	10	0	2	1
11888	10	10	0	2	2
11889	10	10	0	3	0
11890	10	10	0	3	1
11891	10	10	0	3	2
11892	10	10	1	0	0
11893	10	10	1	0	1
11894	10	10	1	0	2
11895	10	10	1	1	0
11896	10	10	1	1	1
11897	10	10	1	1	2
11898	10	10	1	2	0
11899	10	10	1	2	1
11900	10	10	1	2	2
11901	10	10	1	3	0
11902	10	10	1	3	1
11903	10	10	1	3	2
11904	10	10	2	0	0
11905	10	10	2	0	1
11906	10	10	2	0	2
11907	10	10	2	1	0
11908	10	10	2	1	1
11909	10	10	2	1	2
11910	10	10	2	2	0
11911	10	10	2	2	1
11912	10	10	2	2	2
11913	10	10	2	3	0
11914	10	10	2	3	1
11915	10	10	2	3	2
11916	10	11	0	0	0
11917	10	11	0	0	1
11918	10	11	0	0	2
11919	10	11	0	1	0
11920	10	11	0	1	1
11921	10	11	0	1	2
11922	10	11	0	2	0
11923	10	11	0	2	1
11924	10	11	0	2	2
11925	10	11	0	3	0
11926	10	11	0	3	1
11927	10	11	0	3	2
11928	10	11	1	0	0
11929	10	11	1	0	1
11930	10	11	1	0	2
11931	10	11	1	1	0
11932	10	11	1	1	1
11933	10	11	1	1	2
11934	10	11	1	2	0
11935	10	11	1	2	1
11936	10	11	1	2	2
11937	10	11	1	3	0
11938	10	11	1	3	1
11939	10	11	1	3	2
11940	10	11	2	0	0
11941	10	11	2	0	1
11942	10	11	2	0	2
11943	10	11	2	1	0
11944	10	11	2	1	1
11945	10	11	2	1	2
11946	10	11	2	2	0
11947	10	11	2	2	1
11948	10	11	2	2	2
11949	10	11	2	3	0
11950	10	11	2	3	1
11951	10	11	2	3	2
11952	10	12	0	0	0
11953	10	12	0	0	1
11954	10	12	0	0	2
11955	10	12	0	1	0
11956	10	12	0	1	1
11957	10	12	0	1	2
11958	10	12	0	2	0
11959	10	12	0	2	1
11960	10	12	0	2	2
11961	10	12	0	3	0
11962	10	12	0	3	1
11963	10	12	0	3	2
11964	10	12	1	0	0
11965	10	12	1	0	1
11966	10	12	1	0	2
11967	10	12	1	1	0
11968	10	12	1	1	1
11969	10	12	1	1	2
11970	10	12	1	2	0
11971	10	12	1	2	1
11972	10	12	1	2	2
11973	10	12	1	3	0
11974	10	12	1	3	1
11975	10	12	1	3	2
11976	10	12	2	0	0
11977	10	12	2	0	1
11978	10	12	2	0	2
11979	10	12	2	1	0
11980	10	12	2	1	1
11981	10	12	2	1	2
11982	10	12	2	2	0
11983	10	12	2	2	1
11984	10	12	2	2	2
11985	10	12	2	3	0
11986	10	12	2	3	1
11987	10	12	2	3	2
11988	10	13	0	0	0
11989	10	13	0	0	1
11990	10	13	0	0	2
11991	10	13	0	1	0
11992	10	13	0	1	1
11993	10	13	0	1	2
11994	10	13	0	2	0
11995	10	13	0	2	1
11996	10	13	0	2	2
11997	10	13	0	3	0
11998	10	13	0	3	1
11999	10	13	0	3	2
12000	10	13	1	0	0
12001	10	13	1	0	1
12002	10	13	1	0	2
12003	10	13	1	1	0
12004	10	13	1	1	1
12005	10	13	1	1	2
12006	10	13	1	2	0
12007	10	13	1	2	1
12008	10	13	1	2	2
12009	10	13	1	3	0
12010	10	13	1	3	1
12011	10	13	1	3	2
12012	10	13	2	0	0
12013	10	13	2	0	1
12014	10	13	2	0	2
12015	10	13	2	1	0
12016	10	13	2	1	1
12017	10	13	2	1	2
12018	10	13	2	2	0
12019	10	13	2	2	1
12020	10	13	2	2	2
12021	10	13	2	3	0
12022	10	13	2	3	1
12023	10	13	2	3	2
12024	10	14	0	0	0
12025	10	14	0	0	1
12026	10	14	0	0	2
12027	10	14	0	1	0
12028	10	14	0	1	1
12029	10	14	0	1	2
12030	10	14	0	2	0
12031	10	14	0	2	1
12032	10	14	0	2	2
12033	10	14	0	3	0
12034	10	14	0	3	1
12035	10	14	0	3	2
12036	10	14	1	0	0
12037	10	14	1	0	1
12038	10	14	1	0	2
12039	10	14	1	1	0
12040	10	14	1	1	1
12041	10	14	1	1	2
12042	10	14	1	2	0
12043	10	14	1	2	1
12044	10	14	1	2	2
12045	10	14	1	3	0
12046	10	14	1	3	1
12047	10	14	1	3	2
12048	10	14	2	0	0
12049	10	14	2	0	1
12050	10	14	2	0	2
12051	10	14	2	1	0
12052	10	14	2	1	1
12053	10	14	2	1	2
12054	10	14	2	2	0
12055	10	14	2	2	1
12056	10	14	2	2	2
12057	10	14	2	3	0
12058	10	14	2	3	1
12059	10	14	2	3	2
12060	10	15	0	0	0
12061	10	15	0	0	1
12062	10	15	0	0	2
12063	10	15	0	1	0
12064	10	15	0	1	1
12065	10	15	0	1	2
12066	10	15	0	2	0
12067	10	15	0	2	1
12068	10	15	0	2	2
12069	10	15	0	3	0
12070	10	15	0	3	1
12071	10	15	0	3	2
12072	10	15	1	0	0
12073	10	15	1	0	1
12074	10	15	1	0	2
12075	10	15	1	1	0
12076	10	15	1	1	1
12077	10	15	1	1	2
12078	10	15	1	2	0
12079	10	15	1	2	1
12080	10	15	1	2	2
12081	10	15	1	3	0
12082	10	15	1	3	1
12083	10	15	1	3	2
12084	10	15	2	0	0
12085	10	15	2	0	1
12086	10	15	2	0	2
12087	10	15	2	1	0
12088	10	15	2	1	1
12089	10	15	2	1	2
12090	10	15	2	2	0
12091	10	15	2	2	1
12092	10	15	2	2	2
12093	10	15	2	3	0
12094	10	15	2	3	1
12095	10	15	2	3	2
12096	10	16	0	0	0
12097	10	16	0	0	1
12098	10	16	0	0	2
12099	10	16	0	1	0
12100	10	16	0	1	1
12101	10	16	0	1	2
12102	10	16	0	2	0
12103	10	16	0	2	1
12104	10	16	0	2	2
12105	10	16	0	3	0
12106	10	16	0	3	1
12107	10	16	0	3	2
12108	10	16	1	0	0
12109	10	16	1	0	1
12110	10	16	1	0	2
12111	10	16	1	1	0
12112	10	16	1	1	1
12113	10	16	1	1	2
12114	10	16	1	2	0
12115	10	16	1	2	1
12116	10	16	1	2	2
12117	10	16	1	3	0
12118	10	16	1	3	1
12119	10	16	1	3	2
12120	10	16	2	0	0
12121	10	16	2	0	1
12122	10	16	2	0	2
12123	10	16	2	1	0
12124	10	16	2	1	1
12125	10	16	2	1	2
12126	10	16	2	2	0
12127	10	16	2	2	1
12128	10	16	2	2	2
12129	10	16	2	3	0
12130	10	16	2	3	1
12131	10	16	2	3	2
12132	10	17	0	0	0
12133	10	17	0	0	1
12134	10	17	0	0	2
12135	10	17	0	1	0
12136	10	17	0	1	1
12137	10	17	0	1	2
12138	10	17	0	2	0
12139	10	17	0	2	1
12140	10	17	0	2	2
12141	10	17	0	3	0
12142	10	17	0	3	1
12143	10	17	0	3	2
12144	10	17	1	0	0
12145	10	17	1	0	1
12146	10	17	1	0	2
12147	10	17	1	1	0
12148	10	17	1	1	1
12149	10	17	1	1	2
12150	10	17	1	2	0
12151	10	17	1	2	1
12152	10	17	1	2	2
12153	10	17	1	3	0
12154	10	17	1	3	1
12155	10	17	1	3	2
12156	10	17	2	0	0
12157	10	17	2	0	1
12158	10	17	2	0	2
12159	10	17	2	1	0
12160	10	17	2	1	1
12161	10	17	2	1	2
12162	10	17	2	2	0
12163	10	17	2	2	1
12164	10	17	2	2	2
12165	10	17	2	3	0
12166	10	17	2	3	1
12167	10	17	2	3	2
12168	10	18	0	0	0
12169	10	18	0	0	1
12170	10	18	0	0	2
12171	10	18	0	1	0
12172	10	18	0	1	1
12173	10	18	0	1	2
12174	10	18	0	2	0
12175	10	18	0	2	1
12176	10	18	0	2	2
12177	10	18	0	3	0
12178	10	18	0	3	1
12179	10	18	0	3	2
12180	10	18	1	0	0
12181	10	18	1	0	1
12182	10	18	1	0	2
12183	10	18	1	1	0
12184	10	18	1	1	1
12185	10	18	1	1	2
12186	10	18	1	2	0
12187	10	18	1	2	1
12188	10	18	1	2	2
12189	10	18	1	3	0
12190	10	18	1	3	1
12191	10	18	1	3	2
12192	10	18	2	0	0
12193	10	18	2	0	1
12194	10	18	2	0	2
12195	10	18	2	1	0
12196	10	18	2	1	1
12197	10	18	2	1	2
12198	10	18	2	2	0
12199	10	18	2	2	1
12200	10	18	2	2	2
12201	10	18	2	3	0
12202	10	18	2	3	1
12203	10	18	2	3	2
12204	10	19	0	0	0
12205	10	19	0	0	1
12206	10	19	0	0	2
12207	10	19	0	1	0
12208	10	19	0	1	1
12209	10	19	0	1	2
12210	10	19	0	2	0
12211	10	19	0	2	1
12212	10	19	0	2	2
12213	10	19	0	3	0
12214	10	19	0	3	1
12215	10	19	0	3	2
12216	10	19	1	0	0
12217	10	19	1	0	1
12218	10	19	1	0	2
12219	10	19	1	1	0
12220	10	19	1	1	1
12221	10	19	1	1	2
12222	10	19	1	2	0
12223	10	19	1	2	1
12224	10	19	1	2	2
12225	10	19	1	3	0
12226	10	19	1	3	1
12227	10	19	1	3	2
12228	10	19	2	0	0
12229	10	19	2	0	1
12230	10	19	2	0	2
12231	10	19	2	1	0
12232	10	19	2	1	1
12233	10	19	2	1	2
12234	10	19	2	2	0
12235	10	19	2	2	1
12236	10	19	2	2	2
12237	10	19	2	3	0
12238	10	19	2	3	1
12239	10	19	2	3	2
12240	10	20	0	0	0
12241	10	20	0	0	1
12242	10	20	0	0	2
12243	10	20	0	1	0
12244	10	20	0	1	1
12245	10	20	0	1	2
12246	10	20	0	2	0
12247	10	20	0	2	1
12248	10	20	0	2	2
12249	10	20	0	3	0
12250	10	20	0	3	1
12251	10	20	0	3	2
12252	10	20	1	0	0
12253	10	20	1	0	1
12254	10	20	1	0	2
12255	10	20	1	1	0
12256	10	20	1	1	1
12257	10	20	1	1	2
12258	10	20	1	2	0
12259	10	20	1	2	1
12260	10	20	1	2	2
12261	10	20	1	3	0
12262	10	20	1	3	1
12263	10	20	1	3	2
12264	10	20	2	0	0
12265	10	20	2	0	1
12266	10	20	2	0	2
12267	10	20	2	1	0
12268	10	20	2	1	1
12269	10	20	2	1	2
12270	10	20	2	2	0
12271	10	20	2	2	1
12272	10	20	2	2	2
12273	10	20	2	3	0
12274	10	20	2	3	1
12275	10	20	2	3	2
12276	10	21	0	0	0
12277	10	21	0	0	1
12278	10	21	0	0	2
12279	10	21	0	1	0
12280	10	21	0	1	1
12281	10	21	0	1	2
12282	10	21	0	2	0
12283	10	21	0	2	1
12284	10	21	0	2	2
12285	10	21	0	3	0
12286	10	21	0	3	1
12287	10	21	0	3	2
12288	10	21	1	0	0
12289	10	21	1	0	1
12290	10	21	1	0	2
12291	10	21	1	1	0
12292	10	21	1	1	1
12293	10	21	1	1	2
12294	10	21	1	2	0
12295	10	21	1	2	1
12296	10	21	1	2	2
12297	10	21	1	3	0
12298	10	21	1	3	1
12299	10	21	1	3	2
12300	10	21	2	0	0
12301	10	21	2	0	1
12302	10	21	2	0	2
12303	10	21	2	1	0
12304	10	21	2	1	1
12305	10	21	2	1	2
12306	10	21	2	2	0
12307	10	21	2	2	1
12308	10	21	2	2	2
12309	10	21	2	3	0
12310	10	21	2	3	1
12311	10	21	2	3	2
12312	10	22	0	0	0
12313	10	22	0	0	1
12314	10	22	0	0	2
12315	10	22	0	1	0
12316	10	22	0	1	1
12317	10	22	0	1	2
12318	10	22	0	2	0
12319	10	22	0	2	1
12320	10	22	0	2	2
12321	10	22	0	3	0
12322	10	22	0	3	1
12323	10	22	0	3	2
12324	10	22	1	0	0
12325	10	22	1	0	1
12326	10	22	1	0	2
12327	10	22	1	1	0
12328	10	22	1	1	1
12329	10	22	1	1	2
12330	10	22	1	2	0
12331	10	22	1	2	1
12332	10	22	1	2	2
12333	10	22	1	3	0
12334	10	22	1	3	1
12335	10	22	1	3	2
12336	10	22	2	0	0
12337	10	22	2	0	1
12338	10	22	2	0	2
12339	10	22	2	1	0
12340	10	22	2	1	1
12341	10	22	2	1	2
12342	10	22	2	2	0
12343	10	22	2	2	1
12344	10	22	2	2	2
12345	10	22	2	3	0
12346	10	22	2	3	1
12347	10	22	2	3	2
12348	10	23	0	0	0
12349	10	23	0	0	1
12350	10	23	0	0	2
12351	10	23	0	1	0
12352	10	23	0	1	1
12353	10	23	0	1	2
12354	10	23	0	2	0
12355	10	23	0	2	1
12356	10	23	0	2	2
12357	10	23	0	3	0
12358	10	23	0	3	1
12359	10	23	0	3	2
12360	10	23	1	0	0
12361	10	23	1	0	1
12362	10	23	1	0	2
12363	10	23	1	1	0
12364	10	23	1	1	1
12365	10	23	1	1	2
12366	10	23	1	2	0
12367	10	23	1	2	1
12368	10	23	1	2	2
12369	10	23	1	3	0
12370	10	23	1	3	1
12371	10	23	1	3	2
12372	10	23	2	0	0
12373	10	23	2	0	1
12374	10	23	2	0	2
12375	10	23	2	1	0
12376	10	23	2	1	1
12377	10	23	2	1	2
12378	10	23	2	2	0
12379	10	23	2	2	1
12380	10	23	2	2	2
12381	10	23	2	3	0
12382	10	23	2	3	1
12383	10	23	2	3	2
12384	10	24	0	0	0
12385	10	24	0	0	1
12386	10	24	0	0	2
12387	10	24	0	1	0
12388	10	24	0	1	1
12389	10	24	0	1	2
12390	10	24	0	2	0
12391	10	24	0	2	1
12392	10	24	0	2	2
12393	10	24	0	3	0
12394	10	24	0	3	1
12395	10	24	0	3	2
12396	10	24	1	0	0
12397	10	24	1	0	1
12398	10	24	1	0	2
12399	10	24	1	1	0
12400	10	24	1	1	1
12401	10	24	1	1	2
12402	10	24	1	2	0
12403	10	24	1	2	1
12404	10	24	1	2	2
12405	10	24	1	3	0
12406	10	24	1	3	1
12407	10	24	1	3	2
12408	10	24	2	0	0
12409	10	24	2	0	1
12410	10	24	2	0	2
12411	10	24	2	1	0
12412	10	24	2	1	1
12413	10	24	2	1	2
12414	10	24	2	2	0
12415	10	24	2	2	1
12416	10	24	2	2	2
12417	10	24	2	3	0
12418	10	24	2	3	1
12419	10	24	2	3	2
12420	10	25	0	0	0
12421	10	25	0	0	1
12422	10	25	0	0	2
12423	10	25	0	1	0
12424	10	25	0	1	1
12425	10	25	0	1	2
12426	10	25	0	2	0
12427	10	25	0	2	1
12428	10	25	0	2	2
12429	10	25	0	3	0
12430	10	25	0	3	1
12431	10	25	0	3	2
12432	10	25	1	0	0
12433	10	25	1	0	1
12434	10	25	1	0	2
12435	10	25	1	1	0
12436	10	25	1	1	1
12437	10	25	1	1	2
12438	10	25	1	2	0
12439	10	25	1	2	1
12440	10	25	1	2	2
12441	10	25	1	3	0
12442	10	25	1	3	1
12443	10	25	1	3	2
12444	10	25	2	0	0
12445	10	25	2	0	1
12446	10	25	2	0	2
12447	10	25	2	1	0
12448	10	25	2	1	1
12449	10	25	2	1	2
12450	10	25	2	2	0
12451	10	25	2	2	1
12452	10	25	2	2	2
12453	10	25	2	3	0
12454	10	25	2	3	1
12455	10	25	2	3	2
12456	10	26	0	0	0
12457	10	26	0	0	1
12458	10	26	0	0	2
12459	10	26	0	1	0
12460	10	26	0	1	1
12461	10	26	0	1	2
12462	10	26	0	2	0
12463	10	26	0	2	1
12464	10	26	0	2	2
12465	10	26	0	3	0
12466	10	26	0	3	1
12467	10	26	0	3	2
12468	10	26	1	0	0
12469	10	26	1	0	1
12470	10	26	1	0	2
12471	10	26	1	1	0
12472	10	26	1	1	1
12473	10	26	1	1	2
12474	10	26	1	2	0
12475	10	26	1	2	1
12476	10	26	1	2	2
12477	10	26	1	3	0
12478	10	26	1	3	1
12479	10	26	1	3	2
12480	10	26	2	0	0
12481	10	26	2	0	1
12482	10	26	2	0	2
12483	10	26	2	1	0
12484	10	26	2	1	1
12485	10	26	2	1	2
12486	10	26	2	2	0
12487	10	26	2	2	1
12488	10	26	2	2	2
12489	10	26	2	3	0
12490	10	26	2	3	1
12491	10	26	2	3	2
12492	10	27	0	0	0
12493	10	27	0	0	1
12494	10	27	0	0	2
12495	10	27	0	1	0
12496	10	27	0	1	1
12497	10	27	0	1	2
12498	10	27	0	2	0
12499	10	27	0	2	1
12500	10	27	0	2	2
12501	10	27	0	3	0
12502	10	27	0	3	1
12503	10	27	0	3	2
12504	10	27	1	0	0
12505	10	27	1	0	1
12506	10	27	1	0	2
12507	10	27	1	1	0
12508	10	27	1	1	1
12509	10	27	1	1	2
12510	10	27	1	2	0
12511	10	27	1	2	1
12512	10	27	1	2	2
12513	10	27	1	3	0
12514	10	27	1	3	1
12515	10	27	1	3	2
12516	10	27	2	0	0
12517	10	27	2	0	1
12518	10	27	2	0	2
12519	10	27	2	1	0
12520	10	27	2	1	1
12521	10	27	2	1	2
12522	10	27	2	2	0
12523	10	27	2	2	1
12524	10	27	2	2	2
12525	10	27	2	3	0
12526	10	27	2	3	1
12527	10	27	2	3	2
12528	10	28	0	0	0
12529	10	28	0	0	1
12530	10	28	0	0	2
12531	10	28	0	1	0
12532	10	28	0	1	1
12533	10	28	0	1	2
12534	10	28	0	2	0
12535	10	28	0	2	1
12536	10	28	0	2	2
12537	10	28	0	3	0
12538	10	28	0	3	1
12539	10	28	0	3	2
12540	10	28	1	0	0
12541	10	28	1	0	1
12542	10	28	1	0	2
12543	10	28	1	1	0
12544	10	28	1	1	1
12545	10	28	1	1	2
12546	10	28	1	2	0
12547	10	28	1	2	1
12548	10	28	1	2	2
12549	10	28	1	3	0
12550	10	28	1	3	1
12551	10	28	1	3	2
12552	10	28	2	0	0
12553	10	28	2	0	1
12554	10	28	2	0	2
12555	10	28	2	1	0
12556	10	28	2	1	1
12557	10	28	2	1	2
12558	10	28	2	2	0
12559	10	28	2	2	1
12560	10	28	2	2	2
12561	10	28	2	3	0
12562	10	28	2	3	1
12563	10	28	2	3	2
12564	10	29	0	0	0
12565	10	29	0	0	1
12566	10	29	0	0	2
12567	10	29	0	1	0
12568	10	29	0	1	1
12569	10	29	0	1	2
12570	10	29	0	2	0
12571	10	29	0	2	1
12572	10	29	0	2	2
12573	10	29	0	3	0
12574	10	29	0	3	1
12575	10	29	0	3	2
12576	10	29	1	0	0
12577	10	29	1	0	1
12578	10	29	1	0	2
12579	10	29	1	1	0
12580	10	29	1	1	1
12581	10	29	1	1	2
12582	10	29	1	2	0
12583	10	29	1	2	1
12584	10	29	1	2	2
12585	10	29	1	3	0
12586	10	29	1	3	1
12587	10	29	1	3	2
12588	10	29	2	0	0
12589	10	29	2	0	1
12590	10	29	2	0	2
12591	10	29	2	1	0
12592	10	29	2	1	1
12593	10	29	2	1	2
12594	10	29	2	2	0
12595	10	29	2	2	1
12596	10	29	2	2	2
12597	10	29	2	3	0
12598	10	29	2	3	1
12599	10	29	2	3	2
12600	10	30	0	0	0
12601	10	30	0	0	1
12602	10	30	0	0	2
12603	10	30	0	1	0
12604	10	30	0	1	1
12605	10	30	0	1	2
12606	10	30	0	2	0
12607	10	30	0	2	1
12608	10	30	0	2	2
12609	10	30	0	3	0
12610	10	30	0	3	1
12611	10	30	0	3	2
12612	10	30	1	0	0
12613	10	30	1	0	1
12614	10	30	1	0	2
12615	10	30	1	1	0
12616	10	30	1	1	1
12617	10	30	1	1	2
12618	10	30	1	2	0
12619	10	30	1	2	1
12620	10	30	1	2	2
12621	10	30	1	3	0
12622	10	30	1	3	1
12623	10	30	1	3	2
12624	10	30	2	0	0
12625	10	30	2	0	1
12626	10	30	2	0	2
12627	10	30	2	1	0
12628	10	30	2	1	1
12629	10	30	2	1	2
12630	10	30	2	2	0
12631	10	30	2	2	1
12632	10	30	2	2	2
12633	10	30	2	3	0
12634	10	30	2	3	1
12635	10	30	2	3	2
12636	10	31	0	0	0
12637	10	31	0	0	1
12638	10	31	0	0	2
12639	10	31	0	1	0
12640	10	31	0	1	1
12641	10	31	0	1	2
12642	10	31	0	2	0
12643	10	31	0	2	1
12644	10	31	0	2	2
12645	10	31	0	3	0
12646	10	31	0	3	1
12647	10	31	0	3	2
12648	10	31	1	0	0
12649	10	31	1	0	1
12650	10	31	1	0	2
12651	10	31	1	1	0
12652	10	31	1	1	1
12653	10	31	1	1	2
12654	10	31	1	2	0
12655	10	31	1	2	1
12656	10	31	1	2	2
12657	10	31	1	3	0
12658	10	31	1	3	1
12659	10	31	1	3	2
12660	10	31	2	0	0
12661	10	31	2	0	1
12662	10	31	2	0	2
12663	10	31	2	1	0
12664	10	31	2	1	1
12665	10	31	2	1	2
12666	10	31	2	2	0
12667	10	31	2	2	1
12668	10	31	2	2	2
12669	10	31	2	3	0
12670	10	31	2	3	1
12671	10	31	2	3	2
12672	11	0	0	0	0
12673	11	0	0	0	1
12674	11	0	0	0	2
12675	11	0	0	1	0
12676	11	0	0	1	1
12677	11	0	0	1	2
12678	11	0	0	2	0
12679	11	0	0	2	1
12680	11	0	0	2	2
12681	11	0	0	3	0
12682	11	0	0	3	1
12683	11	0	0	3	2
12684	11	0	1	0	0
12685	11	0	1	0	1
12686	11	0	1	0	2
12687	11	0	1	1	0
12688	11	0	1	1	1
12689	11	0	1	1	2
12690	11	0	1	2	0
12691	11	0	1	2	1
12692	11	0	1	2	2
12693	11	0	1	3	0
12694	11	0	1	3	1
12695	11	0	1	3	2
12696	11	0	2	0	0
12697	11	0	2	0	1
12698	11	0	2	0	2
12699	11	0	2	1	0
12700	11	0	2	1	1
12701	11	0	2	1	2
12702	11	0	2	2	0
12703	11	0	2	2	1
12704	11	0	2	2	2
12705	11	0	2	3	0
12706	11	0	2	3	1
12707	11	0	2	3	2
12708	11	1	0	0	0
12709	11	1	0	0	1
12710	11	1	0	0	2
12711	11	1	0	1	0
12712	11	1	0	1	1
12713	11	1	0	1	2
12714	11	1	0	2	0
12715	11	1	0	2	1
12716	11	1	0	2	2
12717	11	1	0	3	0
12718	11	1	0	3	1
12719	11	1	0	3	2
12720	11	1	1	0	0
12721	11	1	1	0	1
12722	11	1	1	0	2
12723	11	1	1	1	0
12724	11	1	1	1	1
12725	11	1	1	1	2
12726	11	1	1	2	0
12727	11	1	1	2	1
12728	11	1	1	2	2
12729	11	1	1	3	0
12730	11	1	1	3	1
12731	11	1	1	3	2
12732	11	1	2	0	0
12733	11	1	2	0	1
12734	11	1	2	0	2
12735	11	1	2	1	0
12736	11	1	2	1	1
12737	11	1	2	1	2
12738	11	1	2	2	0
12739	11	1	2	2	1
12740	11	1	2	2	2
12741	11	1	2	3	0
12742	11	1	2	3	1
12743	11	1	2	3	2
12744	11	2	0	0	0
12745	11	2	0	0	1
12746	11	2	0	0	2
12747	11	2	0	1	0
12748	11	2	0	1	1
12749	11	2	0	1	2
12750	11	2	0	2	0
12751	11	2	0	2	1
12752	11	2	0	2	2
12753	11	2	0	3	0
12754	11	2	0	3	1
12755	11	2	0	3	2
12756	11	2	1	0	0
12757	11	2	1	0	1
12758	11	2	1	0	2
12759	11	2	1	1	0
12760	11	2	1	1	1
12761	11	2	1	1	2
12762	11	2	1	2	0
12763	11	2	1	2	1
12764	11	2	1	2	2
12765	11	2	1	3	0
12766	11	2	1	3	1
12767	11	2	1	3	2
12768	11	2	2	0	0
12769	11	2	2	0	1
12770	11	2	2	0	2
12771	11	2	2	1	0
12772	11	2	2	1	1
12773	11	2	2	1	2
12774	11	2	2	2	0
12775	11	2	2	2	1
12776	11	2	2	2	2
12777	11	2	2	3	0
12778	11	2	2	3	1
12779	11	2	2	3	2
12780	11	3	0	0	0
12781	11	3	0	0	1
12782	11	3	0	0	2
12783	11	3	0	1	0
12784	11	3	0	1	1
12785	11	3	0	1	2
12786	11	3	0	2	0
12787	11	3	0	2	1
12788	11	3	0	2	2
12789	11	3	0	3	0
12790	11	3	0	3	1
12791	11	3	0	3	2
12792	11	3	1	0	0
12793	11	3	1	0	1
12794	11	3	1	0	2
12795	11	3	1	1	0
12796	11	3	1	1	1
12797	11	3	1	1	2
12798	11	3	1	2	0
12799	11	3	1	2	1
12800	11	3	1	2	2
12801	11	3	1	3	0
12802	11	3	1	3	1
12803	11	3	1	3	2
12804	11	3	2	0	0
12805	11	3	2	0	1
12806	11	3	2	0	2
12807	11	3	2	1	0
12808	11	3	2	1	1
12809	11	3	2	1	2
12810	11	3	2	2	0
12811	11	3	2	2	1
12812	11	3	2	2	2
12813	11	3	2	3	0
12814	11	3	2	3	1
12815	11	3	2	3	2
12816	11	4	0	0	0
12817	11	4	0	0	1
12818	11	4	0	0	2
12819	11	4	0	1	0
12820	11	4	0	1	1
12821	11	4	0	1	2
12822	11	4	0	2	0
12823	11	4	0	2	1
12824	11	4	0	2	2
12825	11	4	0	3	0
12826	11	4	0	3	1
12827	11	4	0	3	2
12828	11	4	1	0	0
12829	11	4	1	0	1
12830	11	4	1	0	2
12831	11	4	1	1	0
12832	11	4	1	1	1
12833	11	4	1	1	2
12834	11	4	1	2	0
12835	11	4	1	2	1
12836	11	4	1	2	2
12837	11	4	1	3	0
12838	11	4	1	3	1
12839	11	4	1	3	2
12840	11	4	2	0	0
12841	11	4	2	0	1
12842	11	4	2	0	2
12843	11	4	2	1	0
12844	11	4	2	1	1
12845	11	4	2	1	2
12846	11	4	2	2	0
12847	11	4	2	2	1
12848	11	4	2	2	2
12849	11	4	2	3	0
12850	11	4	2	3	1
12851	11	4	2	3	2
12852	11	5	0	0	0
12853	11	5	0	0	1
12854	11	5	0	0	2
12855	11	5	0	1	0
12856	11	5	0	1	1
12857	11	5	0	1	2
12858	11	5	0	2	0
12859	11	5	0	2	1
12860	11	5	0	2	2
12861	11	5	0	3	0
12862	11	5	0	3	1
12863	11	5	0	3	2
12864	11	5	1	0	0
12865	11	5	1	0	1
12866	11	5	1	0	2
12867	11	5	1	1	0
12868	11	5	1	1	1
12869	11	5	1	1	2
12870	11	5	1	2	0
12871	11	5	1	2	1
12872	11	5	1	2	2
12873	11	5	1	3	0
12874	11	5	1	3	1
12875	11	5	1	3	2
12876	11	5	2	0	0
12877	11	5	2	0	1
12878	11	5	2	0	2
12879	11	5	2	1	0
12880	11	5	2	1	1
12881	11	5	2	1	2
12882	11	5	2	2	0
12883	11	5	2	2	1
12884	11	5	2	2	2
12885	11	5	2	3	0
12886	11	5	2	3	1
12887	11	5	2	3	2
12888	11	6	0	0	0
12889	11	6	0	0	1
12890	11	6	0	0	2
12891	11	6	0	1	0
12892	11	6	0	1	1
12893	11	6	0	1	2
12894	11	6	0	2	0
12895	11	6	0	2	1
12896	11	6	0	2	2
12897	11	6	0	3	0
12898	11	6	0	3	1
12899	11	6	0	3	2
12900	11	6	1	0	0
12901	11	6	1	0	1
12902	11	6	1	0	2
12903	11	6	1	1	0
12904	11	6	1	1	1
12905	11	6	1	1	2
12906	11	6	1	2	0
12907	11	6	1	2	1
12908	11	6	1	2	2
12909	11	6	1	3	0
12910	11	6	1	3	1
12911	11	6	1	3	2
12912	11	6	2	0	0
12913	11	6	2	0	1
12914	11	6	2	0	2
12915	11	6	2	1	0
12916	11	6	2	1	1
12917	11	6	2	1	2
12918	11	6	2	2	0
12919	11	6	2	2	1
12920	11	6	2	2	2
12921	11	6	2	3	0
12922	11	6	2	3	1
12923	11	6	2	3	2
12924	11	7	0	0	0
12925	11	7	0	0	1
12926	11	7	0	0	2
12927	11	7	0	1	0
12928	11	7	0	1	1
12929	11	7	0	1	2
12930	11	7	0	2	0
12931	11	7	0	2	1
12932	11	7	0	2	2
12933	11	7	0	3	0
12934	11	7	0	3	1
12935	11	7	0	3	2
12936	11	7	1	0	0
12937	11	7	1	0	1
12938	11	7	1	0	2
12939	11	7	1	1	0
12940	11	7	1	1	1
12941	11	7	1	1	2
12942	11	7	1	2	0
12943	11	7	1	2	1
12944	11	7	1	2	2
12945	11	7	1	3	0
12946	11	7	1	3	1
12947	11	7	1	3	2
12948	11	7	2	0	0
12949	11	7	2	0	1
12950	11	7	2	0	2
12951	11	7	2	1	0
12952	11	7	2	1	1
12953	11	7	2	1	2
12954	11	7	2	2	0
12955	11	7	2	2	1
12956	11	7	2	2	2
12957	11	7	2	3	0
12958	11	7	2	3	1
12959	11	7	2	3	2
12960	11	8	0	0	0
12961	11	8	0	0	1
12962	11	8	0	0	2
12963	11	8	0	1	0
12964	11	8	0	1	1
12965	11	8	0	1	2
12966	11	8	0	2	0
12967	11	8	0	2	1
12968	11	8	0	2	2
12969	11	8	0	3	0
12970	11	8	0	3	1
12971	11	8	0	3	2
12972	11	8	1	0	0
12973	11	8	1	0	1
12974	11	8	1	0	2
12975	11	8	1	1	0
12976	11	8	1	1	1
12977	11	8	1	1	2
12978	11	8	1	2	0
12979	11	8	1	2	1
12980	11	8	1	2	2
12981	11	8	1	3	0
12982	11	8	1	3	1
12983	11	8	1	3	2
12984	11	8	2	0	0
12985	11	8	2	0	1
12986	11	8	2	0	2
12987	11	8	2	1	0
12988	11	8	2	1	1
12989	11	8	2	1	2
12990	11	8	2	2	0
12991	11	8	2	2	1
12992	11	8	2	2	2
12993	11	8	2	3	0
12994	11	8	2	3	1
12995	11	8	2	3	2
12996	11	9	0	0	0
12997	11	9	0	0	1
12998	11	9	0	0	2
12999	11	9	0	1	0
13000	11	9	0	1	1
13001	11	9	0	1	2
13002	11	9	0	2	0
13003	11	9	0	2	1
13004	11	9	0	2	2
13005	11	9	0	3	0
13006	11	9	0	3	1
13007	11	9	0	3	2
13008	11	9	1	0	0
13009	11	9	1	0	1
13010	11	9	1	0	2
13011	11	9	1	1	0
13012	11	9	1	1	1
13013	11	9	1	1	2
13014	11	9	1	2	0
13015	11	9	1	2	1
13016	11	9	1	2	2
13017	11	9	1	3	0
13018	11	9	1	3	1
13019	11	9	1	3	2
13020	11	9	2	0	0
13021	11	9	2	0	1
13022	11	9	2	0	2
13023	11	9	2	1	0
13024	11	9	2	1	1
13025	11	9	2	1	2
13026	11	9	2	2	0
13027	11	9	2	2	1
13028	11	9	2	2	2
13029	11	9	2	3	0
13030	11	9	2	3	1
13031	11	9	2	3	2
13032	11	10	0	0	0
13033	11	10	0	0	1
13034	11	10	0	0	2
13035	11	10	0	1	0
13036	11	10	0	1	1
13037	11	10	0	1	2
13038	11	10	0	2	0
13039	11	10	0	2	1
13040	11	10	0	2	2
13041	11	10	0	3	0
13042	11	10	0	3	1
13043	11	10	0	3	2
13044	11	10	1	0	0
13045	11	10	1	0	1
13046	11	10	1	0	2
13047	11	10	1	1	0
13048	11	10	1	1	1
13049	11	10	1	1	2
13050	11	10	1	2	0
13051	11	10	1	2	1
13052	11	10	1	2	2
13053	11	10	1	3	0
13054	11	10	1	3	1
13055	11	10	1	3	2
13056	11	10	2	0	0
13057	11	10	2	0	1
13058	11	10	2	0	2
13059	11	10	2	1	0
13060	11	10	2	1	1
13061	11	10	2	1	2
13062	11	10	2	2	0
13063	11	10	2	2	1
13064	11	10	2	2	2
13065	11	10	2	3	0
13066	11	10	2	3	1
13067	11	10	2	3	2
13068	11	11	0	0	0
13069	11	11	0	0	1
13070	11	11	0	0	2
13071	11	11	0	1	0
13072	11	11	0	1	1
13073	11	11	0	1	2
13074	11	11	0	2	0
13075	11	11	0	2	1
13076	11	11	0	2	2
13077	11	11	0	3	0
13078	11	11	0	3	1
13079	11	11	0	3	2
13080	11	11	1	0	0
13081	11	11	1	0	1
13082	11	11	1	0	2
13083	11	11	1	1	0
13084	11	11	1	1	1
13085	11	11	1	1	2
13086	11	11	1	2	0
13087	11	11	1	2	1
13088	11	11	1	2	2
13089	11	11	1	3	0
13090	11	11	1	3	1
13091	11	11	1	3	2
13092	11	11	2	0	0
13093	11	11	2	0	1
13094	11	11	2	0	2
13095	11	11	2	1	0
13096	11	11	2	1	1
13097	11	11	2	1	2
13098	11	11	2	2	0
13099	11	11	2	2	1
13100	11	11	2	2	2
13101	11	11	2	3	0
13102	11	11	2	3	1
13103	11	11	2	3	2
13104	11	12	0	0	0
13105	11	12	0	0	1
13106	11	12	0	0	2
13107	11	12	0	1	0
13108	11	12	0	1	1
13109	11	12	0	1	2
13110	11	12	0	2	0
13111	11	12	0	2	1
13112	11	12	0	2	2
13113	11	12	0	3	0
13114	11	12	0	3	1
13115	11	12	0	3	2
13116	11	12	1	0	0
13117	11	12	1	0	1
13118	11	12	1	0	2
13119	11	12	1	1	0
13120	11	12	1	1	1
13121	11	12	1	1	2
13122	11	12	1	2	0
13123	11	12	1	2	1
13124	11	12	1	2	2
13125	11	12	1	3	0
13126	11	12	1	3	1
13127	11	12	1	3	2
13128	11	12	2	0	0
13129	11	12	2	0	1
13130	11	12	2	0	2
13131	11	12	2	1	0
13132	11	12	2	1	1
13133	11	12	2	1	2
13134	11	12	2	2	0
13135	11	12	2	2	1
13136	11	12	2	2	2
13137	11	12	2	3	0
13138	11	12	2	3	1
13139	11	12	2	3	2
13140	11	13	0	0	0
13141	11	13	0	0	1
13142	11	13	0	0	2
13143	11	13	0	1	0
13144	11	13	0	1	1
13145	11	13	0	1	2
13146	11	13	0	2	0
13147	11	13	0	2	1
13148	11	13	0	2	2
13149	11	13	0	3	0
13150	11	13	0	3	1
13151	11	13	0	3	2
13152	11	13	1	0	0
13153	11	13	1	0	1
13154	11	13	1	0	2
13155	11	13	1	1	0
13156	11	13	1	1	1
13157	11	13	1	1	2
13158	11	13	1	2	0
13159	11	13	1	2	1
13160	11	13	1	2	2
13161	11	13	1	3	0
13162	11	13	1	3	1
13163	11	13	1	3	2
13164	11	13	2	0	0
13165	11	13	2	0	1
13166	11	13	2	0	2
13167	11	13	2	1	0
13168	11	13	2	1	1
13169	11	13	2	1	2
13170	11	13	2	2	0
13171	11	13	2	2	1
13172	11	13	2	2	2
13173	11	13	2	3	0
13174	11	13	2	3	1
13175	11	13	2	3	2
13176	11	14	0	0	0
13177	11	14	0	0	1
13178	11	14	0	0	2
13179	11	14	0	1	0
13180	11	14	0	1	1
13181	11	14	0	1	2
13182	11	14	0	2	0
13183	11	14	0	2	1
13184	11	14	0	2	2
13185	11	14	0	3	0
13186	11	14	0	3	1
13187	11	14	0	3	2
13188	11	14	1	0	0
13189	11	14	1	0	1
13190	11	14	1	0	2
13191	11	14	1	1	0
13192	11	14	1	1	1
13193	11	14	1	1	2
13194	11	14	1	2	0
13195	11	14	1	2	1
13196	11	14	1	2	2
13197	11	14	1	3	0
13198	11	14	1	3	1
13199	11	14	1	3	2
13200	11	14	2	0	0
13201	11	14	2	0	1
13202	11	14	2	0	2
13203	11	14	2	1	0
13204	11	14	2	1	1
13205	11	14	2	1	2
13206	11	14	2	2	0
13207	11	14	2	2	1
13208	11	14	2	2	2
13209	11	14	2	3	0
13210	11	14	2	3	1
13211	11	14	2	3	2
13212	11	15	0	0	0
13213	11	15	0	0	1
13214	11	15	0	0	2
13215	11	15	0	1	0
13216	11	15	0	1	1
13217	11	15	0	1	2
13218	11	15	0	2	0
13219	11	15	0	2	1
13220	11	15	0	2	2
13221	11	15	0	3	0
13222	11	15	0	3	1
13223	11	15	0	3	2
13224	11	15	1	0	0
13225	11	15	1	0	1
13226	11	15	1	0	2
13227	11	15	1	1	0
13228	11	15	1	1	1
13229	11	15	1	1	2
13230	11	15	1	2	0
13231	11	15	1	2	1
13232	11	15	1	2	2
13233	11	15	1	3	0
13234	11	15	1	3	1
13235	11	15	1	3	2
13236	11	15	2	0	0
13237	11	15	2	0	1
13238	11	15	2	0	2
13239	11	15	2	1	0
13240	11	15	2	1	1
13241	11	15	2	1	2
13242	11	15	2	2	0
13243	11	15	2	2	1
13244	11	15	2	2	2
13245	11	15	2	3	0
13246	11	15	2	3	1
13247	11	15	2	3	2
13248	11	16	0	0	0
13249	11	16	0	0	1
13250	11	16	0	0	2
13251	11	16	0	1	0
13252	11	16	0	1	1
13253	11	16	0	1	2
13254	11	16	0	2	0
13255	11	16	0	2	1
13256	11	16	0	2	2
13257	11	16	0	3	0
13258	11	16	0	3	1
13259	11	16	0	3	2
13260	11	16	1	0	0
13261	11	16	1	0	1
13262	11	16	1	0	2
13263	11	16	1	1	0
13264	11	16	1	1	1
13265	11	16	1	1	2
13266	11	16	1	2	0
13267	11	16	1	2	1
13268	11	16	1	2	2
13269	11	16	1	3	0
13270	11	16	1	3	1
13271	11	16	1	3	2
13272	11	16	2	0	0
13273	11	16	2	0	1
13274	11	16	2	0	2
13275	11	16	2	1	0
13276	11	16	2	1	1
13277	11	16	2	1	2
13278	11	16	2	2	0
13279	11	16	2	2	1
13280	11	16	2	2	2
13281	11	16	2	3	0
13282	11	16	2	3	1
13283	11	16	2	3	2
13284	11	17	0	0	0
13285	11	17	0	0	1
13286	11	17	0	0	2
13287	11	17	0	1	0
13288	11	17	0	1	1
13289	11	17	0	1	2
13290	11	17	0	2	0
13291	11	17	0	2	1
13292	11	17	0	2	2
13293	11	17	0	3	0
13294	11	17	0	3	1
13295	11	17	0	3	2
13296	11	17	1	0	0
13297	11	17	1	0	1
13298	11	17	1	0	2
13299	11	17	1	1	0
13300	11	17	1	1	1
13301	11	17	1	1	2
13302	11	17	1	2	0
13303	11	17	1	2	1
13304	11	17	1	2	2
13305	11	17	1	3	0
13306	11	17	1	3	1
13307	11	17	1	3	2
13308	11	17	2	0	0
13309	11	17	2	0	1
13310	11	17	2	0	2
13311	11	17	2	1	0
13312	11	17	2	1	1
13313	11	17	2	1	2
13314	11	17	2	2	0
13315	11	17	2	2	1
13316	11	17	2	2	2
13317	11	17	2	3	0
13318	11	17	2	3	1
13319	11	17	2	3	2
13320	11	18	0	0	0
13321	11	18	0	0	1
13322	11	18	0	0	2
13323	11	18	0	1	0
13324	11	18	0	1	1
13325	11	18	0	1	2
13326	11	18	0	2	0
13327	11	18	0	2	1
13328	11	18	0	2	2
13329	11	18	0	3	0
13330	11	18	0	3	1
13331	11	18	0	3	2
13332	11	18	1	0	0
13333	11	18	1	0	1
13334	11	18	1	0	2
13335	11	18	1	1	0
13336	11	18	1	1	1
13337	11	18	1	1	2
13338	11	18	1	2	0
13339	11	18	1	2	1
13340	11	18	1	2	2
13341	11	18	1	3	0
13342	11	18	1	3	1
13343	11	18	1	3	2
13344	11	18	2	0	0
13345	11	18	2	0	1
13346	11	18	2	0	2
13347	11	18	2	1	0
13348	11	18	2	1	1
13349	11	18	2	1	2
13350	11	18	2	2	0
13351	11	18	2	2	1
13352	11	18	2	2	2
13353	11	18	2	3	0
13354	11	18	2	3	1
13355	11	18	2	3	2
13356	11	19	0	0	0
13357	11	19	0	0	1
13358	11	19	0	0	2
13359	11	19	0	1	0
13360	11	19	0	1	1
13361	11	19	0	1	2
13362	11	19	0	2	0
13363	11	19	0	2	1
13364	11	19	0	2	2
13365	11	19	0	3	0
13366	11	19	0	3	1
13367	11	19	0	3	2
13368	11	19	1	0	0
13369	11	19	1	0	1
13370	11	19	1	0	2
13371	11	19	1	1	0
13372	11	19	1	1	1
13373	11	19	1	1	2
13374	11	19	1	2	0
13375	11	19	1	2	1
13376	11	19	1	2	2
13377	11	19	1	3	0
13378	11	19	1	3	1
13379	11	19	1	3	2
13380	11	19	2	0	0
13381	11	19	2	0	1
13382	11	19	2	0	2
13383	11	19	2	1	0
13384	11	19	2	1	1
13385	11	19	2	1	2
13386	11	19	2	2	0
13387	11	19	2	2	1
13388	11	19	2	2	2
13389	11	19	2	3	0
13390	11	19	2	3	1
13391	11	19	2	3	2
13392	11	20	0	0	0
13393	11	20	0	0	1
13394	11	20	0	0	2
13395	11	20	0	1	0
13396	11	20	0	1	1
13397	11	20	0	1	2
13398	11	20	0	2	0
13399	11	20	0	2	1
13400	11	20	0	2	2
13401	11	20	0	3	0
13402	11	20	0	3	1
13403	11	20	0	3	2
13404	11	20	1	0	0
13405	11	20	1	0	1
13406	11	20	1	0	2
13407	11	20	1	1	0
13408	11	20	1	1	1
13409	11	20	1	1	2
13410	11	20	1	2	0
13411	11	20	1	2	1
13412	11	20	1	2	2
13413	11	20	1	3	0
13414	11	20	1	3	1
13415	11	20	1	3	2
13416	11	20	2	0	0
13417	11	20	2	0	1
13418	11	20	2	0	2
13419	11	20	2	1	0
13420	11	20	2	1	1
13421	11	20	2	1	2
13422	11	20	2	2	0
13423	11	20	2	2	1
13424	11	20	2	2	2
13425	11	20	2	3	0
13426	11	20	2	3	1
13427	11	20	2	3	2
13428	11	21	0	0	0
13429	11	21	0	0	1
13430	11	21	0	0	2
13431	11	21	0	1	0
13432	11	21	0	1	1
13433	11	21	0	1	2
13434	11	21	0	2	0
13435	11	21	0	2	1
13436	11	21	0	2	2
13437	11	21	0	3	0
13438	11	21	0	3	1
13439	11	21	0	3	2
13440	11	21	1	0	0
13441	11	21	1	0	1
13442	11	21	1	0	2
13443	11	21	1	1	0
13444	11	21	1	1	1
13445	11	21	1	1	2
13446	11	21	1	2	0
13447	11	21	1	2	1
13448	11	21	1	2	2
13449	11	21	1	3	0
13450	11	21	1	3	1
13451	11	21	1	3	2
13452	11	21	2	0	0
13453	11	21	2	0	1
13454	11	21	2	0	2
13455	11	21	2	1	0
13456	11	21	2	1	1
13457	11	21	2	1	2
13458	11	21	2	2	0
13459	11	21	2	2	1
13460	11	21	2	2	2
13461	11	21	2	3	0
13462	11	21	2	3	1
13463	11	21	2	3	2
13464	11	22	0	0	0
13465	11	22	0	0	1
13466	11	22	0	0	2
13467	11	22	0	1	0
13468	11	22	0	1	1
13469	11	22	0	1	2
13470	11	22	0	2	0
13471	11	22	0	2	1
13472	11	22	0	2	2
13473	11	22	0	3	0
13474	11	22	0	3	1
13475	11	22	0	3	2
13476	11	22	1	0	0
13477	11	22	1	0	1
13478	11	22	1	0	2
13479	11	22	1	1	0
13480	11	22	1	1	1
13481	11	22	1	1	2
13482	11	22	1	2	0
13483	11	22	1	2	1
13484	11	22	1	2	2
13485	11	22	1	3	0
13486	11	22	1	3	1
13487	11	22	1	3	2
13488	11	22	2	0	0
13489	11	22	2	0	1
13490	11	22	2	0	2
13491	11	22	2	1	0
13492	11	22	2	1	1
13493	11	22	2	1	2
13494	11	22	2	2	0
13495	11	22	2	2	1
13496	11	22	2	2	2
13497	11	22	2	3	0
13498	11	22	2	3	1
13499	11	22	2	3	2
13500	11	23	0	0	0
13501	11	23	0	0	1
13502	11	23	0	0	2
13503	11	23	0	1	0
13504	11	23	0	1	1
13505	11	23	0	1	2
13506	11	23	0	2	0
13507	11	23	0	2	1
13508	11	23	0	2	2
13509	11	23	0	3	0
13510	11	23	0	3	1
13511	11	23	0	3	2
13512	11	23	1	0	0
13513	11	23	1	0	1
13514	11	23	1	0	2
13515	11	23	1	1	0
13516	11	23	1	1	1
13517	11	23	1	1	2
13518	11	23	1	2	0
13519	11	23	1	2	1
13520	11	23	1	2	2
13521	11	23	1	3	0
13522	11	23	1	3	1
13523	11	23	1	3	2
13524	11	23	2	0	0
13525	11	23	2	0	1
13526	11	23	2	0	2
13527	11	23	2	1	0
13528	11	23	2	1	1
13529	11	23	2	1	2
13530	11	23	2	2	0
13531	11	23	2	2	1
13532	11	23	2	2	2
13533	11	23	2	3	0
13534	11	23	2	3	1
13535	11	23	2	3	2
13536	11	24	0	0	0
13537	11	24	0	0	1
13538	11	24	0	0	2
13539	11	24	0	1	0
13540	11	24	0	1	1
13541	11	24	0	1	2
13542	11	24	0	2	0
13543	11	24	0	2	1
13544	11	24	0	2	2
13545	11	24	0	3	0
13546	11	24	0	3	1
13547	11	24	0	3	2
13548	11	24	1	0	0
13549	11	24	1	0	1
13550	11	24	1	0	2
13551	11	24	1	1	0
13552	11	24	1	1	1
13553	11	24	1	1	2
13554	11	24	1	2	0
13555	11	24	1	2	1
13556	11	24	1	2	2
13557	11	24	1	3	0
13558	11	24	1	3	1
13559	11	24	1	3	2
13560	11	24	2	0	0
13561	11	24	2	0	1
13562	11	24	2	0	2
13563	11	24	2	1	0
13564	11	24	2	1	1
13565	11	24	2	1	2
13566	11	24	2	2	0
13567	11	24	2	2	1
13568	11	24	2	2	2
13569	11	24	2	3	0
13570	11	24	2	3	1
13571	11	24	2	3	2
13572	11	25	0	0	0
13573	11	25	0	0	1
13574	11	25	0	0	2
13575	11	25	0	1	0
13576	11	25	0	1	1
13577	11	25	0	1	2
13578	11	25	0	2	0
13579	11	25	0	2	1
13580	11	25	0	2	2
13581	11	25	0	3	0
13582	11	25	0	3	1
13583	11	25	0	3	2
13584	11	25	1	0	0
13585	11	25	1	0	1
13586	11	25	1	0	2
13587	11	25	1	1	0
13588	11	25	1	1	1
13589	11	25	1	1	2
13590	11	25	1	2	0
13591	11	25	1	2	1
13592	11	25	1	2	2
13593	11	25	1	3	0
13594	11	25	1	3	1
13595	11	25	1	3	2
13596	11	25	2	0	0
13597	11	25	2	0	1
13598	11	25	2	0	2
13599	11	25	2	1	0
13600	11	25	2	1	1
13601	11	25	2	1	2
13602	11	25	2	2	0
13603	11	25	2	2	1
13604	11	25	2	2	2
13605	11	25	2	3	0
13606	11	25	2	3	1
13607	11	25	2	3	2
13608	11	26	0	0	0
13609	11	26	0	0	1
13610	11	26	0	0	2
13611	11	26	0	1	0
13612	11	26	0	1	1
13613	11	26	0	1	2
13614	11	26	0	2	0
13615	11	26	0	2	1
13616	11	26	0	2	2
13617	11	26	0	3	0
13618	11	26	0	3	1
13619	11	26	0	3	2
13620	11	26	1	0	0
13621	11	26	1	0	1
13622	11	26	1	0	2
13623	11	26	1	1	0
13624	11	26	1	1	1
13625	11	26	1	1	2
13626	11	26	1	2	0
13627	11	26	1	2	1
13628	11	26	1	2	2
13629	11	26	1	3	0
13630	11	26	1	3	1
13631	11	26	1	3	2
13632	11	26	2	0	0
13633	11	26	2	0	1
13634	11	26	2	0	2
13635	11	26	2	1	0
13636	11	26	2	1	1
13637	11	26	2	1	2
13638	11	26	2	2	0
13639	11	26	2	2	1
13640	11	26	2	2	2
13641	11	26	2	3	0
13642	11	26	2	3	1
13643	11	26	2	3	2
13644	11	27	0	0	0
13645	11	27	0	0	1
13646	11	27	0	0	2
13647	11	27	0	1	0
13648	11	27	0	1	1
13649	11	27	0	1	2
13650	11	27	0	2	0
13651	11	27	0	2	1
13652	11	27	0	2	2
13653	11	27	0	3	0
13654	11	27	0	3	1
13655	11	27	0	3	2
13656	11	27	1	0	0
13657	11	27	1	0	1
13658	11	27	1	0	2
13659	11	27	1	1	0
13660	11	27	1	1	1
13661	11	27	1	1	2
13662	11	27	1	2	0
13663	11	27	1	2	1
13664	11	27	1	2	2
13665	11	27	1	3	0
13666	11	27	1	3	1
13667	11	27	1	3	2
13668	11	27	2	0	0
13669	11	27	2	0	1
13670	11	27	2	0	2
13671	11	27	2	1	0
13672	11	27	2	1	1
13673	11	27	2	1	2
13674	11	27	2	2	0
13675	11	27	2	2	1
13676	11	27	2	2	2
13677	11	27	2	3	0
13678	11	27	2	3	1
13679	11	27	2	3	2
13680	11	28	0	0	0
13681	11	28	0	0	1
13682	11	28	0	0	2
13683	11	28	0	1	0
13684	11	28	0	1	1
13685	11	28	0	1	2
13686	11	28	0	2	0
13687	11	28	0	2	1
13688	11	28	0	2	2
13689	11	28	0	3	0
13690	11	28	0	3	1
13691	11	28	0	3	2
13692	11	28	1	0	0
13693	11	28	1	0	1
13694	11	28	1	0	2
13695	11	28	1	1	0
13696	11	28	1	1	1
13697	11	28	1	1	2
13698	11	28	1	2	0
13699	11	28	1	2	1
13700	11	28	1	2	2
13701	11	28	1	3	0
13702	11	28	1	3	1
13703	11	28	1	3	2
13704	11	28	2	0	0
13705	11	28	2	0	1
13706	11	28	2	0	2
13707	11	28	2	1	0
13708	11	28	2	1	1
13709	11	28	2	1	2
13710	11	28	2	2	0
13711	11	28	2	2	1
13712	11	28	2	2	2
13713	11	28	2	3	0
13714	11	28	2	3	1
13715	11	28	2	3	2
13716	11	29	0	0	0
13717	11	29	0	0	1
13718	11	29	0	0	2
13719	11	29	0	1	0
13720	11	29	0	1	1
13721	11	29	0	1	2
13722	11	29	0	2	0
13723	11	29	0	2	1
13724	11	29	0	2	2
13725	11	29	0	3	0
13726	11	29	0	3	1
13727	11	29	0	3	2
13728	11	29	1	0	0
13729	11	29	1	0	1
13730	11	29	1	0	2
13731	11	29	1	1	0
13732	11	29	1	1	1
13733	11	29	1	1	2
13734	11	29	1	2	0
13735	11	29	1	2	1
13736	11	29	1	2	2
13737	11	29	1	3	0
13738	11	29	1	3	1
13739	11	29	1	3	2
13740	11	29	2	0	0
13741	11	29	2	0	1
13742	11	29	2	0	2
13743	11	29	2	1	0
13744	11	29	2	1	1
13745	11	29	2	1	2
13746	11	29	2	2	0
13747	11	29	2	2	1
13748	11	29	2	2	2
13749	11	29	2	3	0
13750	11	29	2	3	1
13751	11	29	2	3	2
13752	11	30	0	0	0
13753	11	30	0	0	1
13754	11	30	0	0	2
13755	11	30	0	1	0
13756	11	30	0	1	1
13757	11	30	0	1	2
13758	11	30	0	2	0
13759	11	30	0	2	1
13760	11	30	0	2	2
13761	11	30	0	3	0
13762	11	30	0	3	1
13763	11	30	0	3	2
13764	11	30	1	0	0
13765	11	30	1	0	1
13766	11	30	1	0	2
13767	11	30	1	1	0
13768	11	30	1	1	1
13769	11	30	1	1	2
13770	11	30	1	2	0
13771	11	30	1	2	1
13772	11	30	1	2	2
13773	11	30	1	3	0
13774	11	30	1	3	1
13775	11	30	1	3	2
13776	11	30	2	0	0
13777	11	30	2	0	1
13778	11	30	2	0	2
13779	11	30	2	1	0
13780	11	30	2	1	1
13781	11	30	2	1	2
13782	11	30	2	2	0
13783	11	30	2	2	1
13784	11	30	2	2	2
13785	11	30	2	3	0
13786	11	30	2	3	1
13787	11	30	2	3	2
13788	11	31	0	0	0
13789	11	31	0	0	1
13790	11	31	0	0	2
13791	11	31	0	1	0
13792	11	31	0	1	1
13793	11	31	0	1	2
13794	11	31	0	2	0
13795	11	31	0	2	1
13796	11	31	0	2	2
13797	11	31	0	3	0
13798	11	31	0	3	1
13799	11	31	0	3	2
13800	11	31	1	0	0
13801	11	31	1	0	1
13802	11	31	1	0	2
13803	11	31	1	1	0
13804	11	31	1	1	1
13805	11	31	1	1	2
13806	11	31	1	2	0
13807	11	31	1	2	1
13808	11	31	1	2	2
13809	11	31	1	3	0
13810	11	31	1	3	1
13811	11	31	1	3	2
13812	11	31	2	0	0
13813	11	31	2	0	1
13814	11	31	2	0	2
13815	11	31	2	1	0
13816	11	31	2	1	1
13817	11	31	2	1	2
13818	11	31	2	2	0
13819	11	31	2	2	1
13820	11	31	2	2	2
13821	11	31	2	3	0
13822	11	31	2	3	1
13823	11	31	2	3	2
13824	12	0	0	0	0
13825	12	0	0	0	1
13826	12	0	0	0	2
13827	12	0	0	1	0
13828	12	0	0	1	1
13829	12	0	0	1	2
13830	12	0	0	2	0
13831	12	0	0	2	1
13832	12	0	0	2	2
13833	12	0	0	3	0
13834	12	0	0	3	1
13835	12	0	0	3	2
13836	12	0	1	0	0
13837	12	0	1	0	1
13838	12	0	1	0	2
13839	12	0	1	1	0
13840	12	0	1	1	1
13841	12	0	1	1	2
13842	12	0	1	2	0
13843	12	0	1	2	1
13844	12	0	1	2	2
13845	12	0	1	3	0
13846	12	0	1	3	1
13847	12	0	1	3	2
13848	12	0	2	0	0
13849	12	0	2	0	1
13850	12	0	2	0	2
13851	12	0	2	1	0
13852	12	0	2	1	1
13853	12	0	2	1	2
13854	12	0	2	2	0
13855	12	0	2	2	1
13856	12	0	2	2	2
13857	12	0	2	3	0
13858	12	0	2	3	1
13859	12	0	2	3	2
13860	12	1	0	0	0
13861	12	1	0	0	1
13862	12	1	0	0	2
13863	12	1	0	1	0
13864	12	1	0	1	1
13865	12	1	0	1	2
13866	12	1	0	2	0
13867	12	1	0	2	1
13868	12	1	0	2	2
13869	12	1	0	3	0
13870	12	1	0	3	1
13871	12	1	0	3	2
13872	12	1	1	0	0
13873	12	1	1	0	1
13874	12	1	1	0	2
13875	12	1	1	1	0
13876	12	1	1	1	1
13877	12	1	1	1	2
13878	12	1	1	2	0
13879	12	1	1	2	1
13880	12	1	1	2	2
13881	12	1	1	3	0
13882	12	1	1	3	1
13883	12	1	1	3	2
13884	12	1	2	0	0
13885	12	1	2	0	1
13886	12	1	2	0	2
13887	12	1	2	1	0
13888	12	1	2	1	1
13889	12	1	2	1	2
13890	12	1	2	2	0
13891	12	1	2	2	1
13892	12	1	2	2	2
13893	12	1	2	3	0
13894	12	1	2	3	1
13895	12	1	2	3	2
13896	12	2	0	0	0
13897	12	2	0	0	1
13898	12	2	0	0	2
13899	12	2	0	1	0
13900	12	2	0	1	1
13901	12	2	0	1	2
13902	12	2	0	2	0
13903	12	2	0	2	1
13904	12	2	0	2	2
13905	12	2	0	3	0
13906	12	2	0	3	1
13907	12	2	0	3	2
13908	12	2	1	0	0
13909	12	2	1	0	1
13910	12	2	1	0	2
13911	12	2	1	1	0
13912	12	2	1	1	1
13913	12	2	1	1	2
13914	12	2	1	2	0
13915	12	2	1	2	1
13916	12	2	1	2	2
13917	12	2	1	3	0
13918	12	2	1	3	1
13919	12	2	1	3	2
13920	12	2	2	0	0
13921	12	2	2	0	1
13922	12	2	2	0	2
13923	12	2	2	1	0
13924	12	2	2	1	1
13925	12	2	2	1	2
13926	12	2	2	2	0
13927	12	2	2	2	1
13928	12	2	2	2	2
13929	12	2	2	3	0
13930	12	2	2	3	1
13931	12	2	2	3	2
13932	12	3	0	0	0
13933	12	3	0	0	1
13934	12	3	0	0	2
13935	12	3	0	1	0
13936	12	3	0	1	1
13937	12	3	0	1	2
13938	12	3	0	2	0
13939	12	3	0	2	1
13940	12	3	0	2	2
13941	12	3	0	3	0
13942	12	3	0	3	1
13943	12	3	0	3	2
13944	12	3	1	0	0
13945	12	3	1	0	1
13946	12	3	1	0	2
13947	12	3	1	1	0
13948	12	3	1	1	1
13949	12	3	1	1	2
13950	12	3	1	2	0
13951	12	3	1	2	1
13952	12	3	1	2	2
13953	12	3	1	3	0
13954	12	3	1	3	1
13955	12	3	1	3	2
13956	12	3	2	0	0
13957	12	3	2	0	1
13958	12	3	2	0	2
13959	12	3	2	1	0
13960	12	3	2	1	1
13961	12	3	2	1	2
13962	12	3	2	2	0
13963	12	3	2	2	1
13964	12	3	2	2	2
13965	12	3	2	3	0
13966	12	3	2	3	1
13967	12	3	2	3	2
13968	12	4	0	0	0
13969	12	4	0	0	1
13970	12	4	0	0	2
13971	12	4	0	1	0
13972	12	4	0	1	1
13973	12	4	0	1	2
13974	12	4	0	2	0
13975	12	4	0	2	1
13976	12	4	0	2	2
13977	12	4	0	3	0
13978	12	4	0	3	1
13979	12	4	0	3	2
13980	12	4	1	0	0
13981	12	4	1	0	1
13982	12	4	1	0	2
13983	12	4	1	1	0
13984	12	4	1	1	1
13985	12	4	1	1	2
13986	12	4	1	2	0
13987	12	4	1	2	1
13988	12	4	1	2	2
13989	12	4	1	3	0
13990	12	4	1	3	1
13991	12	4	1	3	2
13992	12	4	2	0	0
13993	12	4	2	0	1
13994	12	4	2	0	2
13995	12	4	2	1	0
13996	12	4	2	1	1
13997	12	4	2	1	2
13998	12	4	2	2	0
13999	12	4	2	2	1
14000	12	4	2	2	2
14001	12	4	2	3	0
14002	12	4	2	3	1
14003	12	4	2	3	2
14004	12	5	0	0	0
14005	12	5	0	0	1
14006	12	5	0	0	2
14007	12	5	0	1	0
14008	12	5	0	1	1
14009	12	5	0	1	2
14010	12	5	0	2	0
14011	12	5	0	2	1
14012	12	5	0	2	2
14013	12	5	0	3	0
14014	12	5	0	3	1
14015	12	5	0	3	2
14016	12	5	1	0	0
14017	12	5	1	0	1
14018	12	5	1	0	2
14019	12	5	1	1	0
14020	12	5	1	1	1
14021	12	5	1	1	2
14022	12	5	1	2	0
14023	12	5	1	2	1
14024	12	5	1	2	2
14025	12	5	1	3	0
14026	12	5	1	3	1
14027	12	5	1	3	2
14028	12	5	2	0	0
14029	12	5	2	0	1
14030	12	5	2	0	2
14031	12	5	2	1	0
14032	12	5	2	1	1
14033	12	5	2	1	2
14034	12	5	2	2	0
14035	12	5	2	2	1
14036	12	5	2	2	2
14037	12	5	2	3	0
14038	12	5	2	3	1
14039	12	5	2	3	2
14040	12	6	0	0	0
14041	12	6	0	0	1
14042	12	6	0	0	2
14043	12	6	0	1	0
14044	12	6	0	1	1
14045	12	6	0	1	2
14046	12	6	0	2	0
14047	12	6	0	2	1
14048	12	6	0	2	2
14049	12	6	0	3	0
14050	12	6	0	3	1
14051	12	6	0	3	2
14052	12	6	1	0	0
14053	12	6	1	0	1
14054	12	6	1	0	2
14055	12	6	1	1	0
14056	12	6	1	1	1
14057	12	6	1	1	2
14058	12	6	1	2	0
14059	12	6	1	2	1
14060	12	6	1	2	2
14061	12	6	1	3	0
14062	12	6	1	3	1
14063	12	6	1	3	2
14064	12	6	2	0	0
14065	12	6	2	0	1
14066	12	6	2	0	2
14067	12	6	2	1	0
14068	12	6	2	1	1
14069	12	6	2	1	2
14070	12	6	2	2	0
14071	12	6	2	2	1
14072	12	6	2	2	2
14073	12	6	2	3	0
14074	12	6	2	3	1
14075	12	6	2	3	2
14076	12	7	0	0	0
14077	12	7	0	0	1
14078	12	7	0	0	2
14079	12	7	0	1	0
14080	12	7	0	1	1
14081	12	7	0	1	2
14082	12	7	0	2	0
14083	12	7	0	2	1
14084	12	7	0	2	2
14085	12	7	0	3	0
14086	12	7	0	3	1
14087	12	7	0	3	2
14088	12	7	1	0	0
14089	12	7	1	0	1
14090	12	7	1	0	2
14091	12	7	1	1	0
14092	12	7	1	1	1
14093	12	7	1	1	2
14094	12	7	1	2	0
14095	12	7	1	2	1
14096	12	7	1	2	2
14097	12	7	1	3	0
14098	12	7	1	3	1
14099	12	7	1	3	2
14100	12	7	2	0	0
14101	12	7	2	0	1
14102	12	7	2	0	2
14103	12	7	2	1	0
14104	12	7	2	1	1
14105	12	7	2	1	2
14106	12	7	2	2	0
14107	12	7	2	2	1
14108	12	7	2	2	2
14109	12	7	2	3	0
14110	12	7	2	3	1
14111	12	7	2	3	2
14112	12	8	0	0	0
14113	12	8	0	0	1
14114	12	8	0	0	2
14115	12	8	0	1	0
14116	12	8	0	1	1
14117	12	8	0	1	2
14118	12	8	0	2	0
14119	12	8	0	2	1
14120	12	8	0	2	2
14121	12	8	0	3	0
14122	12	8	0	3	1
14123	12	8	0	3	2
14124	12	8	1	0	0
14125	12	8	1	0	1
14126	12	8	1	0	2
14127	12	8	1	1	0
14128	12	8	1	1	1
14129	12	8	1	1	2
14130	12	8	1	2	0
14131	12	8	1	2	1
14132	12	8	1	2	2
14133	12	8	1	3	0
14134	12	8	1	3	1
14135	12	8	1	3	2
14136	12	8	2	0	0
14137	12	8	2	0	1
14138	12	8	2	0	2
14139	12	8	2	1	0
14140	12	8	2	1	1
14141	12	8	2	1	2
14142	12	8	2	2	0
14143	12	8	2	2	1
14144	12	8	2	2	2
14145	12	8	2	3	0
14146	12	8	2	3	1
14147	12	8	2	3	2
14148	12	9	0	0	0
14149	12	9	0	0	1
14150	12	9	0	0	2
14151	12	9	0	1	0
14152	12	9	0	1	1
14153	12	9	0	1	2
14154	12	9	0	2	0
14155	12	9	0	2	1
14156	12	9	0	2	2
14157	12	9	0	3	0
14158	12	9	0	3	1
14159	12	9	0	3	2
14160	12	9	1	0	0
14161	12	9	1	0	1
14162	12	9	1	0	2
14163	12	9	1	1	0
14164	12	9	1	1	1
14165	12	9	1	1	2
14166	12	9	1	2	0
14167	12	9	1	2	1
14168	12	9	1	2	2
14169	12	9	1	3	0
14170	12	9	1	3	1
14171	12	9	1	3	2
14172	12	9	2	0	0
14173	12	9	2	0	1
14174	12	9	2	0	2
14175	12	9	2	1	0
14176	12	9	2	1	1
14177	12	9	2	1	2
14178	12	9	2	2	0
14179	12	9	2	2	1
14180	12	9	2	2	2
14181	12	9	2	3	0
14182	12	9	2	3	1
14183	12	9	2	3	2
14184	12	10	0	0	0
14185	12	10	0	0	1
14186	12	10	0	0	2
14187	12	10	0	1	0
14188	12	10	0	1	1
14189	12	10	0	1	2
14190	12	10	0	2	0
14191	12	10	0	2	1
14192	12	10	0	2	2
14193	12	10	0	3	0
14194	12	10	0	3	1
14195	12	10	0	3	2
14196	12	10	1	0	0
14197	12	10	1	0	1
14198	12	10	1	0	2
14199	12	10	1	1	0
14200	12	10	1	1	1
14201	12	10	1	1	2
14202	12	10	1	2	0
14203	12	10	1	2	1
14204	12	10	1	2	2
14205	12	10	1	3	0
14206	12	10	1	3	1
14207	12	10	1	3	2
14208	12	10	2	0	0
14209	12	10	2	0	1
14210	12	10	2	0	2
14211	12	10	2	1	0
14212	12	10	2	1	1
14213	12	10	2	1	2
14214	12	10	2	2	0
14215	12	10	2	2	1
14216	12	10	2	2	2
14217	12	10	2	3	0
14218	12	10	2	3	1
14219	12	10	2	3	2
14220	12	11	0	0	0
14221	12	11	0	0	1
14222	12	11	0	0	2
14223	12	11	0	1	0
14224	12	11	0	1	1
14225	12	11	0	1	2
14226	12	11	0	2	0
14227	12	11	0	2	1
14228	12	11	0	2	2
14229	12	11	0	3	0
14230	12	11	0	3	1
14231	12	11	0	3	2
14232	12	11	1	0	0
14233	12	11	1	0	1
14234	12	11	1	0	2
14235	12	11	1	1	0
14236	12	11	1	1	1
14237	12	11	1	1	2
14238	12	11	1	2	0
14239	12	11	1	2	1
14240	12	11	1	2	2
14241	12	11	1	3	0
14242	12	11	1	3	1
14243	12	11	1	3	2
14244	12	11	2	0	0
14245	12	11	2	0	1
14246	12	11	2	0	2
14247	12	11	2	1	0
14248	12	11	2	1	1
14249	12	11	2	1	2
14250	12	11	2	2	0
14251	12	11	2	2	1
14252	12	11	2	2	2
14253	12	11	2	3	0
14254	12	11	2	3	1
14255	12	11	2	3	2
14256	12	12	0	0	0
14257	12	12	0	0	1
14258	12	12	0	0	2
14259	12	12	0	1	0
14260	12	12	0	1	1
14261	12	12	0	1	2
14262	12	12	0	2	0
14263	12	12	0	2	1
14264	12	12	0	2	2
14265	12	12	0	3	0
14266	12	12	0	3	1
14267	12	12	0	3	2
14268	12	12	1	0	0
14269	12	12	1	0	1
14270	12	12	1	0	2
14271	12	12	1	1	0
14272	12	12	1	1	1
14273	12	12	1	1	2
14274	12	12	1	2	0
14275	12	12	1	2	1
14276	12	12	1	2	2
14277	12	12	1	3	0
14278	12	12	1	3	1
14279	12	12	1	3	2
14280	12	12	2	0	0
14281	12	12	2	0	1
14282	12	12	2	0	2
14283	12	12	2	1	0
14284	12	12	2	1	1
14285	12	12	2	1	2
14286	12	12	2	2	0
14287	12	12	2	2	1
14288	12	12	2	2	2
14289	12	12	2	3	0
14290	12	12	2	3	1
14291	12	12	2	3	2
14292	12	13	0	0	0
14293	12	13	0	0	1
14294	12	13	0	0	2
14295	12	13	0	1	0
14296	12	13	0	1	1
14297	12	13	0	1	2
14298	12	13	0	2	0
14299	12	13	0	2	1
14300	12	13	0	2	2
14301	12	13	0	3	0
14302	12	13	0	3	1
14303	12	13	0	3	2
14304	12	13	1	0	0
14305	12	13	1	0	1
14306	12	13	1	0	2
14307	12	13	1	1	0
14308	12	13	1	1	1
14309	12	13	1	1	2
14310	12	13	1	2	0
14311	12	13	1	2	1
14312	12	13	1	2	2
14313	12	13	1	3	0
14314	12	13	1	3	1
14315	12	13	1	3	2
14316	12	13	2	0	0
14317	12	13	2	0	1
14318	12	13	2	0	2
14319	12	13	2	1	0
14320	12	13	2	1	1
14321	12	13	2	1	2
14322	12	13	2	2	0
14323	12	13	2	2	1
14324	12	13	2	2	2
14325	12	13	2	3	0
14326	12	13	2	3	1
14327	12	13	2	3	2
14328	12	14	0	0	0
14329	12	14	0	0	1
14330	12	14	0	0	2
14331	12	14	0	1	0
14332	12	14	0	1	1
14333	12	14	0	1	2
14334	12	14	0	2	0
14335	12	14	0	2	1
14336	12	14	0	2	2
14337	12	14	0	3	0
14338	12	14	0	3	1
14339	12	14	0	3	2
14340	12	14	1	0	0
14341	12	14	1	0	1
14342	12	14	1	0	2
14343	12	14	1	1	0
14344	12	14	1	1	1
14345	12	14	1	1	2
14346	12	14	1	2	0
14347	12	14	1	2	1
14348	12	14	1	2	2
14349	12	14	1	3	0
14350	12	14	1	3	1
14351	12	14	1	3	2
14352	12	14	2	0	0
14353	12	14	2	0	1
14354	12	14	2	0	2
14355	12	14	2	1	0
14356	12	14	2	1	1
14357	12	14	2	1	2
14358	12	14	2	2	0
14359	12	14	2	2	1
14360	12	14	2	2	2
14361	12	14	2	3	0
14362	12	14	2	3	1
14363	12	14	2	3	2
14364	12	15	0	0	0
14365	12	15	0	0	1
14366	12	15	0	0	2
14367	12	15	0	1	0
14368	12	15	0	1	1
14369	12	15	0	1	2
14370	12	15	0	2	0
14371	12	15	0	2	1
14372	12	15	0	2	2
14373	12	15	0	3	0
14374	12	15	0	3	1
14375	12	15	0	3	2
14376	12	15	1	0	0
14377	12	15	1	0	1
14378	12	15	1	0	2
14379	12	15	1	1	0
14380	12	15	1	1	1
14381	12	15	1	1	2
14382	12	15	1	2	0
14383	12	15	1	2	1
14384	12	15	1	2	2
14385	12	15	1	3	0
14386	12	15	1	3	1
14387	12	15	1	3	2
14388	12	15	2	0	0
14389	12	15	2	0	1
14390	12	15	2	0	2
14391	12	15	2	1	0
14392	12	15	2	1	1
14393	12	15	2	1	2
14394	12	15	2	2	0
14395	12	15	2	2	1
14396	12	15	2	2	2
14397	12	15	2	3	0
14398	12	15	2	3	1
14399	12	15	2	3	2
14400	12	16	0	0	0
14401	12	16	0	0	1
14402	12	16	0	0	2
14403	12	16	0	1	0
14404	12	16	0	1	1
14405	12	16	0	1	2
14406	12	16	0	2	0
14407	12	16	0	2	1
14408	12	16	0	2	2
14409	12	16	0	3	0
14410	12	16	0	3	1
14411	12	16	0	3	2
14412	12	16	1	0	0
14413	12	16	1	0	1
14414	12	16	1	0	2
14415	12	16	1	1	0
14416	12	16	1	1	1
14417	12	16	1	1	2
14418	12	16	1	2	0
14419	12	16	1	2	1
14420	12	16	1	2	2
14421	12	16	1	3	0
14422	12	16	1	3	1
14423	12	16	1	3	2
14424	12	16	2	0	0
14425	12	16	2	0	1
14426	12	16	2	0	2
14427	12	16	2	1	0
14428	12	16	2	1	1
14429	12	16	2	1	2
14430	12	16	2	2	0
14431	12	16	2	2	1
14432	12	16	2	2	2
14433	12	16	2	3	0
14434	12	16	2	3	1
14435	12	16	2	3	2
14436	12	17	0	0	0
14437	12	17	0	0	1
14438	12	17	0	0	2
14439	12	17	0	1	0
14440	12	17	0	1	1
14441	12	17	0	1	2
14442	12	17	0	2	0
14443	12	17	0	2	1
14444	12	17	0	2	2
14445	12	17	0	3	0
14446	12	17	0	3	1
14447	12	17	0	3	2
14448	12	17	1	0	0
14449	12	17	1	0	1
14450	12	17	1	0	2
14451	12	17	1	1	0
14452	12	17	1	1	1
14453	12	17	1	1	2
14454	12	17	1	2	0
14455	12	17	1	2	1
14456	12	17	1	2	2
14457	12	17	1	3	0
14458	12	17	1	3	1
14459	12	17	1	3	2
14460	12	17	2	0	0
14461	12	17	2	0	1
14462	12	17	2	0	2
14463	12	17	2	1	0
14464	12	17	2	1	1
14465	12	17	2	1	2
14466	12	17	2	2	0
14467	12	17	2	2	1
14468	12	17	2	2	2
14469	12	17	2	3	0
14470	12	17	2	3	1
14471	12	17	2	3	2
14472	12	18	0	0	0
14473	12	18	0	0	1
14474	12	18	0	0	2
14475	12	18	0	1	0
14476	12	18	0	1	1
14477	12	18	0	1	2
14478	12	18	0	2	0
14479	12	18	0	2	1
14480	12	18	0	2	2
14481	12	18	0	3	0
14482	12	18	0	3	1
14483	12	18	0	3	2
14484	12	18	1	0	0
14485	12	18	1	0	1
14486	12	18	1	0	2
14487	12	18	1	1	0
14488	12	18	1	1	1
14489	12	18	1	1	2
14490	12	18	1	2	0
14491	12	18	1	2	1
14492	12	18	1	2	2
14493	12	18	1	3	0
14494	12	18	1	3	1
14495	12	18	1	3	2
14496	12	18	2	0	0
14497	12	18	2	0	1
14498	12	18	2	0	2
14499	12	18	2	1	0
14500	12	18	2	1	1
14501	12	18	2	1	2
14502	12	18	2	2	0
14503	12	18	2	2	1
14504	12	18	2	2	2
14505	12	18	2	3	0
14506	12	18	2	3	1
14507	12	18	2	3	2
14508	12	19	0	0	0
14509	12	19	0	0	1
14510	12	19	0	0	2
14511	12	19	0	1	0
14512	12	19	0	1	1
14513	12	19	0	1	2
14514	12	19	0	2	0
14515	12	19	0	2	1
14516	12	19	0	2	2
14517	12	19	0	3	0
14518	12	19	0	3	1
14519	12	19	0	3	2
14520	12	19	1	0	0
14521	12	19	1	0	1
14522	12	19	1	0	2
14523	12	19	1	1	0
14524	12	19	1	1	1
14525	12	19	1	1	2
14526	12	19	1	2	0
14527	12	19	1	2	1
14528	12	19	1	2	2
14529	12	19	1	3	0
14530	12	19	1	3	1
14531	12	19	1	3	2
14532	12	19	2	0	0
14533	12	19	2	0	1
14534	12	19	2	0	2
14535	12	19	2	1	0
14536	12	19	2	1	1
14537	12	19	2	1	2
14538	12	19	2	2	0
14539	12	19	2	2	1
14540	12	19	2	2	2
14541	12	19	2	3	0
14542	12	19	2	3	1
14543	12	19	2	3	2
14544	12	20	0	0	0
14545	12	20	0	0	1
14546	12	20	0	0	2
14547	12	20	0	1	0
14548	12	20	0	1	1
14549	12	20	0	1	2
14550	12	20	0	2	0
14551	12	20	0	2	1
14552	12	20	0	2	2
14553	12	20	0	3	0
14554	12	20	0	3	1
14555	12	20	0	3	2
14556	12	20	1	0	0
14557	12	20	1	0	1
14558	12	20	1	0	2
14559	12	20	1	1	0
14560	12	20	1	1	1
14561	12	20	1	1	2
14562	12	20	1	2	0
14563	12	20	1	2	1
14564	12	20	1	2	2
14565	12	20	1	3	0
14566	12	20	1	3	1
14567	12	20	1	3	2
14568	12	20	2	0	0
14569	12	20	2	0	1
14570	12	20	2	0	2
14571	12	20	2	1	0
14572	12	20	2	1	1
14573	12	20	2	1	2
14574	12	20	2	2	0
14575	12	20	2	2	1
14576	12	20	2	2	2
14577	12	20	2	3	0
14578	12	20	2	3	1
14579	12	20	2	3	2
14580	12	21	0	0	0
14581	12	21	0	0	1
14582	12	21	0	0	2
14583	12	21	0	1	0
14584	12	21	0	1	1
14585	12	21	0	1	2
14586	12	21	0	2	0
14587	12	21	0	2	1
14588	12	21	0	2	2
14589	12	21	0	3	0
14590	12	21	0	3	1
14591	12	21	0	3	2
14592	12	21	1	0	0
14593	12	21	1	0	1
14594	12	21	1	0	2
14595	12	21	1	1	0
14596	12	21	1	1	1
14597	12	21	1	1	2
14598	12	21	1	2	0
14599	12	21	1	2	1
14600	12	21	1	2	2
14601	12	21	1	3	0
14602	12	21	1	3	1
14603	12	21	1	3	2
14604	12	21	2	0	0
14605	12	21	2	0	1
14606	12	21	2	0	2
14607	12	21	2	1	0
14608	12	21	2	1	1
14609	12	21	2	1	2
14610	12	21	2	2	0
14611	12	21	2	2	1
14612	12	21	2	2	2
14613	12	21	2	3	0
14614	12	21	2	3	1
14615	12	21	2	3	2
14616	12	22	0	0	0
14617	12	22	0	0	1
14618	12	22	0	0	2
14619	12	22	0	1	0
14620	12	22	0	1	1
14621	12	22	0	1	2
14622	12	22	0	2	0
14623	12	22	0	2	1
14624	12	22	0	2	2
14625	12	22	0	3	0
14626	12	22	0	3	1
14627	12	22	0	3	2
14628	12	22	1	0	0
14629	12	22	1	0	1
14630	12	22	1	0	2
14631	12	22	1	1	0
14632	12	22	1	1	1
14633	12	22	1	1	2
14634	12	22	1	2	0
14635	12	22	1	2	1
14636	12	22	1	2	2
14637	12	22	1	3	0
14638	12	22	1	3	1
14639	12	22	1	3	2
14640	12	22	2	0	0
14641	12	22	2	0	1
14642	12	22	2	0	2
14643	12	22	2	1	0
14644	12	22	2	1	1
14645	12	22	2	1	2
14646	12	22	2	2	0
14647	12	22	2	2	1
14648	12	22	2	2	2
14649	12	22	2	3	0
14650	12	22	2	3	1
14651	12	22	2	3	2
14652	12	23	0	0	0
14653	12	23	0	0	1
14654	12	23	0	0	2
14655	12	23	0	1	0
14656	12	23	0	1	1
14657	12	23	0	1	2
14658	12	23	0	2	0
14659	12	23	0	2	1
14660	12	23	0	2	2
14661	12	23	0	3	0
14662	12	23	0	3	1
14663	12	23	0	3	2
14664	12	23	1	0	0
14665	12	23	1	0	1
14666	12	23	1	0	2
14667	12	23	1	1	0
14668	12	23	1	1	1
14669	12	23	1	1	2
14670	12	23	1	2	0
14671	12	23	1	2	1
14672	12	23	1	2	2
14673	12	23	1	3	0
14674	12	23	1	3	1
14675	12	23	1	3	2
14676	12	23	2	0	0
14677	12	23	2	0	1
14678	12	23	2	0	2
14679	12	23	2	1	0
14680	12	23	2	1	1
14681	12	23	2	1	2
14682	12	23	2	2	0
14683	12	23	2	2	1
14684	12	23	2	2	2
14685	12	23	2	3	0
14686	12	23	2	3	1
14687	12	23	2	3	2
14688	12	24	0	0	0
14689	12	24	0	0	1
14690	12	24	0	0	2
14691	12	24	0	1	0
14692	12	24	0	1	1
14693	12	24	0	1	2
14694	12	24	0	2	0
14695	12	24	0	2	1
14696	12	24	0	2	2
14697	12	24	0	3	0
14698	12	24	0	3	1
14699	12	24	0	3	2
14700	12	24	1	0	0
14701	12	24	1	0	1
14702	12	24	1	0	2
14703	12	24	1	1	0
14704	12	24	1	1	1
14705	12	24	1	1	2
14706	12	24	1	2	0
14707	12	24	1	2	1
14708	12	24	1	2	2
14709	12	24	1	3	0
14710	12	24	1	3	1
14711	12	24	1	3	2
14712	12	24	2	0	0
14713	12	24	2	0	1
14714	12	24	2	0	2
14715	12	24	2	1	0
14716	12	24	2	1	1
14717	12	24	2	1	2
14718	12	24	2	2	0
14719	12	24	2	2	1
14720	12	24	2	2	2
14721	12	24	2	3	0
14722	12	24	2	3	1
14723	12	24	2	3	2
14724	12	25	0	0	0
14725	12	25	0	0	1
14726	12	25	0	0	2
14727	12	25	0	1	0
14728	12	25	0	1	1
14729	12	25	0	1	2
14730	12	25	0	2	0
14731	12	25	0	2	1
14732	12	25	0	2	2
14733	12	25	0	3	0
14734	12	25	0	3	1
14735	12	25	0	3	2
14736	12	25	1	0	0
14737	12	25	1	0	1
14738	12	25	1	0	2
14739	12	25	1	1	0
14740	12	25	1	1	1
14741	12	25	1	1	2
14742	12	25	1	2	0
14743	12	25	1	2	1
14744	12	25	1	2	2
14745	12	25	1	3	0
14746	12	25	1	3	1
14747	12	25	1	3	2
14748	12	25	2	0	0
14749	12	25	2	0	1
14750	12	25	2	0	2
14751	12	25	2	1	0
14752	12	25	2	1	1
14753	12	25	2	1	2
14754	12	25	2	2	0
14755	12	25	2	2	1
14756	12	25	2	2	2
14757	12	25	2	3	0
14758	12	25	2	3	1
14759	12	25	2	3	2
14760	12	26	0	0	0
14761	12	26	0	0	1
14762	12	26	0	0	2
14763	12	26	0	1	0
14764	12	26	0	1	1
14765	12	26	0	1	2
14766	12	26	0	2	0
14767	12	26	0	2	1
14768	12	26	0	2	2
14769	12	26	0	3	0
14770	12	26	0	3	1
14771	12	26	0	3	2
14772	12	26	1	0	0
14773	12	26	1	0	1
14774	12	26	1	0	2
14775	12	26	1	1	0
14776	12	26	1	1	1
14777	12	26	1	1	2
14778	12	26	1	2	0
14779	12	26	1	2	1
14780	12	26	1	2	2
14781	12	26	1	3	0
14782	12	26	1	3	1
14783	12	26	1	3	2
14784	12	26	2	0	0
14785	12	26	2	0	1
14786	12	26	2	0	2
14787	12	26	2	1	0
14788	12	26	2	1	1
14789	12	26	2	1	2
14790	12	26	2	2	0
14791	12	26	2	2	1
14792	12	26	2	2	2
14793	12	26	2	3	0
14794	12	26	2	3	1
14795	12	26	2	3	2
14796	12	27	0	0	0
14797	12	27	0	0	1
14798	12	27	0	0	2
14799	12	27	0	1	0
14800	12	27	0	1	1
14801	12	27	0	1	2
14802	12	27	0	2	0
14803	12	27	0	2	1
14804	12	27	0	2	2
14805	12	27	0	3	0
14806	12	27	0	3	1
14807	12	27	0	3	2
14808	12	27	1	0	0
14809	12	27	1	0	1
14810	12	27	1	0	2
14811	12	27	1	1	0
14812	12	27	1	1	1
14813	12	27	1	1	2
14814	12	27	1	2	0
14815	12	27	1	2	1
14816	12	27	1	2	2
14817	12	27	1	3	0
14818	12	27	1	3	1
14819	12	27	1	3	2
14820	12	27	2	0	0
14821	12	27	2	0	1
14822	12	27	2	0	2
14823	12	27	2	1	0
14824	12	27	2	1	1
14825	12	27	2	1	2
14826	12	27	2	2	0
14827	12	27	2	2	1
14828	12	27	2	2	2
14829	12	27	2	3	0
14830	12	27	2	3	1
14831	12	27	2	3	2
14832	12	28	0	0	0
14833	12	28	0	0	1
14834	12	28	0	0	2
14835	12	28	0	1	0
14836	12	28	0	1	1
14837	12	28	0	1	2
14838	12	28	0	2	0
14839	12	28	0	2	1
14840	12	28	0	2	2
14841	12	28	0	3	0
14842	12	28	0	3	1
14843	12	28	0	3	2
14844	12	28	1	0	0
14845	12	28	1	0	1
14846	12	28	1	0	2
14847	12	28	1	1	0
14848	12	28	1	1	1
14849	12	28	1	1	2
14850	12	28	1	2	0
14851	12	28	1	2	1
14852	12	28	1	2	2
14853	12	28	1	3	0
14854	12	28	1	3	1
14855	12	28	1	3	2
14856	12	28	2	0	0
14857	12	28	2	0	1
14858	12	28	2	0	2
14859	12	28	2	1	0
14860	12	28	2	1	1
14861	12	28	2	1	2
14862	12	28	2	2	0
14863	12	28	2	2	1
14864	12	28	2	2	2
14865	12	28	2	3	0
14866	12	28	2	3	1
14867	12	28	2	3	2
14868	12	29	0	0	0
14869	12	29	0	0	1
14870	12	29	0	0	2
14871	12	29	0	1	0
14872	12	29	0	1	1
14873	12	29	0	1	2
14874	12	29	0	2	0
14875	12	29	0	2	1
14876	12	29	0	2	2
14877	12	29	0	3	0
14878	12	29	0	3	1
14879	12	29	0	3	2
14880	12	29	1	0	0
14881	12	29	1	0	1
14882	12	29	1	0	2
14883	12	29	1	1	0
14884	12	29	1	1	1
14885	12	29	1	1	2
14886	12	29	1	2	0
14887	12	29	1	2	1
14888	12	29	1	2	2
14889	12	29	1	3	0
14890	12	29	1	3	1
14891	12	29	1	3	2
14892	12	29	2	0	0
14893	12	29	2	0	1
14894	12	29	2	0	2
14895	12	29	2	1	0
14896	12	29	2	1	1
14897	12	29	2	1	2
14898	12	29	2	2	0
14899	12	29	2	2	1
14900	12	29	2	2	2
14901	12	29	2	3	0
14902	12	29	2	3	1
14903	12	29	2	3	2
14904	12	30	0	0	0
14905	12	30	0	0	1
14906	12	30	0	0	2
14907	12	30	0	1	0
14908	12	30	0	1	1
14909	12	30	0	1	2
14910	12	30	0	2	0
14911	12	30	0	2	1
14912	12	30	0	2	2
14913	12	30	0	3	0
14914	12	30	0	3	1
14915	12	30	0	3	2
14916	12	30	1	0	0
14917	12	30	1	0	1
14918	12	30	1	0	2
14919	12	30	1	1	0
14920	12	30	1	1	1
14921	12	30	1	1	2
14922	12	30	1	2	0
14923	12	30	1	2	1
14924	12	30	1	2	2
14925	12	30	1	3	0
14926	12	30	1	3	1
14927	12	30	1	3	2
14928	12	30	2	0	0
14929	12	30	2	0	1
14930	12	30	2	0	2
14931	12	30	2	1	0
14932	12	30	2	1	1
14933	12	30	2	1	2
14934	12	30	2	2	0
14935	12	30	2	2	1
14936	12	30	2	2	2
14937	12	30	2	3	0
14938	12	30	2	3	1
14939	12	30	2	3	2
14940	12	31	0	0	0
14941	12	31	0	0	1
14942	12	31	0	0	2
14943	12	31	0	1	0
14944	12	31	0	1	1
14945	12	31	0	1	2
14946	12	31	0	2	0
14947	12	31	0	2	1
14948	12	31	0	2	2
14949	12	31	0	3	0
14950	12	31	0	3	1
14951	12	31	0	3	2
14952	12	31	1	0	0
14953	12	31	1	0	1
14954	12	31	1	0	2
14955	12	31	1	1	0
14956	12	31	1	1	1
14957	12	31	1	1	2
14958	12	31	1	2	0
14959	12	31	1	2	1
14960	12	31	1	2	2
14961	12	31	1	3	0
14962	12	31	1	3	1
14963	12	31	1	3	2
14964	12	31	2	0	0
14965	12	31	2	0	1
14966	12	31	2	0	2
14967	12	31	2	1	0
14968	12	31	2	1	1
14969	12	31	2	1	2
14970	12	31	2	2	0
14971	12	31	2	2	1
14972	12	31	2	2	2
14973	12	31	2	3	0
14974	12	31	2	3	1
14975	12	31	2	3	2
14976	13	0	0	0	0
14977	13	0	0	0	1
14978	13	0	0	0	2
14979	13	0	0	1	0
14980	13	0	0	1	1
14981	13	0	0	1	2
14982	13	0	0	2	0
14983	13	0	0	2	1
14984	13	0	0	2	2
14985	13	0	0	3	0
14986	13	0	0	3	1
14987	13	0	0	3	2
14988	13	0	1	0	0
14989	13	0	1	0	1
14990	13	0	1	0	2
14991	13	0	1	1	0
14992	13	0	1	1	1
14993	13	0	1	1	2
14994	13	0	1	2	0
14995	13	0	1	2	1
14996	13	0	1	2	2
14997	13	0	1	3	0
14998	13	0	1	3	1
14999	13	0	1	3	2
15000	13	0	2	0	0
15001	13	0	2	0	1
15002	13	0	2	0	2
15003	13	0	2	1	0
15004	13	0	2	1	1
15005	13	0	2	1	2
15006	13	0	2	2	0
15007	13	0	2	2	1
15008	13	0	2	2	2
15009	13	0	2	3	0
15010	13	0	2	3	1
15011	13	0	2	3	2
15012	13	1	0	0	0
15013	13	1	0	0	1
15014	13	1	0	0	2
15015	13	1	0	1	0
15016	13	1	0	1	1
15017	13	1	0	1	2
15018	13	1	0	2	0
15019	13	1	0	2	1
15020	13	1	0	2	2
15021	13	1	0	3	0
15022	13	1	0	3	1
15023	13	1	0	3	2
15024	13	1	1	0	0
15025	13	1	1	0	1
15026	13	1	1	0	2
15027	13	1	1	1	0
15028	13	1	1	1	1
15029	13	1	1	1	2
15030	13	1	1	2	0
15031	13	1	1	2	1
15032	13	1	1	2	2
15033	13	1	1	3	0
15034	13	1	1	3	1
15035	13	1	1	3	2
15036	13	1	2	0	0
15037	13	1	2	0	1
15038	13	1	2	0	2
15039	13	1	2	1	0
15040	13	1	2	1	1
15041	13	1	2	1	2
15042	13	1	2	2	0
15043	13	1	2	2	1
15044	13	1	2	2	2
15045	13	1	2	3	0
15046	13	1	2	3	1
15047	13	1	2	3	2
15048	13	2	0	0	0
15049	13	2	0	0	1
15050	13	2	0	0	2
15051	13	2	0	1	0
15052	13	2	0	1	1
15053	13	2	0	1	2
15054	13	2	0	2	0
15055	13	2	0	2	1
15056	13	2	0	2	2
15057	13	2	0	3	0
15058	13	2	0	3	1
15059	13	2	0	3	2
15060	13	2	1	0	0
15061	13	2	1	0	1
15062	13	2	1	0	2
15063	13	2	1	1	0
15064	13	2	1	1	1
15065	13	2	1	1	2
15066	13	2	1	2	0
15067	13	2	1	2	1
15068	13	2	1	2	2
15069	13	2	1	3	0
15070	13	2	1	3	1
15071	13	2	1	3	2
15072	13	2	2	0	0
15073	13	2	2	0	1
15074	13	2	2	0	2
15075	13	2	2	1	0
15076	13	2	2	1	1
15077	13	2	2	1	2
15078	13	2	2	2	0
15079	13	2	2	2	1
15080	13	2	2	2	2
15081	13	2	2	3	0
15082	13	2	2	3	1
15083	13	2	2	3	2
15084	13	3	0	0	0
15085	13	3	0	0	1
15086	13	3	0	0	2
15087	13	3	0	1	0
15088	13	3	0	1	1
15089	13	3	0	1	2
15090	13	3	0	2	0
15091	13	3	0	2	1
15092	13	3	0	2	2
15093	13	3	0	3	0
15094	13	3	0	3	1
15095	13	3	0	3	2
15096	13	3	1	0	0
15097	13	3	1	0	1
15098	13	3	1	0	2
15099	13	3	1	1	0
15100	13	3	1	1	1
15101	13	3	1	1	2
15102	13	3	1	2	0
15103	13	3	1	2	1
15104	13	3	1	2	2
15105	13	3	1	3	0
15106	13	3	1	3	1
15107	13	3	1	3	2
15108	13	3	2	0	0
15109	13	3	2	0	1
15110	13	3	2	0	2
15111	13	3	2	1	0
15112	13	3	2	1	1
15113	13	3	2	1	2
15114	13	3	2	2	0
15115	13	3	2	2	1
15116	13	3	2	2	2
15117	13	3	2	3	0
15118	13	3	2	3	1
15119	13	3	2	3	2
15120	13	4	0	0	0
15121	13	4	0	0	1
15122	13	4	0	0	2
15123	13	4	0	1	0
15124	13	4	0	1	1
15125	13	4	0	1	2
15126	13	4	0	2	0
15127	13	4	0	2	1
15128	13	4	0	2	2
15129	13	4	0	3	0
15130	13	4	0	3	1
15131	13	4	0	3	2
15132	13	4	1	0	0
15133	13	4	1	0	1
15134	13	4	1	0	2
15135	13	4	1	1	0
15136	13	4	1	1	1
15137	13	4	1	1	2
15138	13	4	1	2	0
15139	13	4	1	2	1
15140	13	4	1	2	2
15141	13	4	1	3	0
15142	13	4	1	3	1
15143	13	4	1	3	2
15144	13	4	2	0	0
15145	13	4	2	0	1
15146	13	4	2	0	2
15147	13	4	2	1	0
15148	13	4	2	1	1
15149	13	4	2	1	2
15150	13	4	2	2	0
15151	13	4	2	2	1
15152	13	4	2	2	2
15153	13	4	2	3	0
15154	13	4	2	3	1
15155	13	4	2	3	2
15156	13	5	0	0	0
15157	13	5	0	0	1
15158	13	5	0	0	2
15159	13	5	0	1	0
15160	13	5	0	1	1
15161	13	5	0	1	2
15162	13	5	0	2	0
15163	13	5	0	2	1
15164	13	5	0	2	2
15165	13	5	0	3	0
15166	13	5	0	3	1
15167	13	5	0	3	2
15168	13	5	1	0	0
15169	13	5	1	0	1
15170	13	5	1	0	2
15171	13	5	1	1	0
15172	13	5	1	1	1
15173	13	5	1	1	2
15174	13	5	1	2	0
15175	13	5	1	2	1
15176	13	5	1	2	2
15177	13	5	1	3	0
15178	13	5	1	3	1
15179	13	5	1	3	2
15180	13	5	2	0	0
15181	13	5	2	0	1
15182	13	5	2	0	2
15183	13	5	2	1	0
15184	13	5	2	1	1
15185	13	5	2	1	2
15186	13	5	2	2	0
15187	13	5	2	2	1
15188	13	5	2	2	2
15189	13	5	2	3	0
15190	13	5	2	3	1
15191	13	5	2	3	2
15192	13	6	0	0	0
15193	13	6	0	0	1
15194	13	6	0	0	2
15195	13	6	0	1	0
15196	13	6	0	1	1
15197	13	6	0	1	2
15198	13	6	0	2	0
15199	13	6	0	2	1
15200	13	6	0	2	2
15201	13	6	0	3	0
15202	13	6	0	3	1
15203	13	6	0	3	2
15204	13	6	1	0	0
15205	13	6	1	0	1
15206	13	6	1	0	2
15207	13	6	1	1	0
15208	13	6	1	1	1
15209	13	6	1	1	2
15210	13	6	1	2	0
15211	13	6	1	2	1
15212	13	6	1	2	2
15213	13	6	1	3	0
15214	13	6	1	3	1
15215	13	6	1	3	2
15216	13	6	2	0	0
15217	13	6	2	0	1
15218	13	6	2	0	2
15219	13	6	2	1	0
15220	13	6	2	1	1
15221	13	6	2	1	2
15222	13	6	2	2	0
15223	13	6	2	2	1
15224	13	6	2	2	2
15225	13	6	2	3	0
15226	13	6	2	3	1
15227	13	6	2	3	2
15228	13	7	0	0	0
15229	13	7	0	0	1
15230	13	7	0	0	2
15231	13	7	0	1	0
15232	13	7	0	1	1
15233	13	7	0	1	2
15234	13	7	0	2	0
15235	13	7	0	2	1
15236	13	7	0	2	2
15237	13	7	0	3	0
15238	13	7	0	3	1
15239	13	7	0	3	2
15240	13	7	1	0	0
15241	13	7	1	0	1
15242	13	7	1	0	2
15243	13	7	1	1	0
15244	13	7	1	1	1
15245	13	7	1	1	2
15246	13	7	1	2	0
15247	13	7	1	2	1
15248	13	7	1	2	2
15249	13	7	1	3	0
15250	13	7	1	3	1
15251	13	7	1	3	2
15252	13	7	2	0	0
15253	13	7	2	0	1
15254	13	7	2	0	2
15255	13	7	2	1	0
15256	13	7	2	1	1
15257	13	7	2	1	2
15258	13	7	2	2	0
15259	13	7	2	2	1
15260	13	7	2	2	2
15261	13	7	2	3	0
15262	13	7	2	3	1
15263	13	7	2	3	2
15264	13	8	0	0	0
15265	13	8	0	0	1
15266	13	8	0	0	2
15267	13	8	0	1	0
15268	13	8	0	1	1
15269	13	8	0	1	2
15270	13	8	0	2	0
15271	13	8	0	2	1
15272	13	8	0	2	2
15273	13	8	0	3	0
15274	13	8	0	3	1
15275	13	8	0	3	2
15276	13	8	1	0	0
15277	13	8	1	0	1
15278	13	8	1	0	2
15279	13	8	1	1	0
15280	13	8	1	1	1
15281	13	8	1	1	2
15282	13	8	1	2	0
15283	13	8	1	2	1
15284	13	8	1	2	2
15285	13	8	1	3	0
15286	13	8	1	3	1
15287	13	8	1	3	2
15288	13	8	2	0	0
15289	13	8	2	0	1
15290	13	8	2	0	2
15291	13	8	2	1	0
15292	13	8	2	1	1
15293	13	8	2	1	2
15294	13	8	2	2	0
15295	13	8	2	2	1
15296	13	8	2	2	2
15297	13	8	2	3	0
15298	13	8	2	3	1
15299	13	8	2	3	2
15300	13	9	0	0	0
15301	13	9	0	0	1
15302	13	9	0	0	2
15303	13	9	0	1	0
15304	13	9	0	1	1
15305	13	9	0	1	2
15306	13	9	0	2	0
15307	13	9	0	2	1
15308	13	9	0	2	2
15309	13	9	0	3	0
15310	13	9	0	3	1
15311	13	9	0	3	2
15312	13	9	1	0	0
15313	13	9	1	0	1
15314	13	9	1	0	2
15315	13	9	1	1	0
15316	13	9	1	1	1
15317	13	9	1	1	2
15318	13	9	1	2	0
15319	13	9	1	2	1
15320	13	9	1	2	2
15321	13	9	1	3	0
15322	13	9	1	3	1
15323	13	9	1	3	2
15324	13	9	2	0	0
15325	13	9	2	0	1
15326	13	9	2	0	2
15327	13	9	2	1	0
15328	13	9	2	1	1
15329	13	9	2	1	2
15330	13	9	2	2	0
15331	13	9	2	2	1
15332	13	9	2	2	2
15333	13	9	2	3	0
15334	13	9	2	3	1
15335	13	9	2	3	2
15336	13	10	0	0	0
15337	13	10	0	0	1
15338	13	10	0	0	2
15339	13	10	0	1	0
15340	13	10	0	1	1
15341	13	10	0	1	2
15342	13	10	0	2	0
15343	13	10	0	2	1
15344	13	10	0	2	2
15345	13	10	0	3	0
15346	13	10	0	3	1
15347	13	10	0	3	2
15348	13	10	1	0	0
15349	13	10	1	0	1
15350	13	10	1	0	2
15351	13	10	1	1	0
15352	13	10	1	1	1
15353	13	10	1	1	2
15354	13	10	1	2	0
15355	13	10	1	2	1
15356	13	10	1	2	2
15357	13	10	1	3	0
15358	13	10	1	3	1
15359	13	10	1	3	2
15360	13	10	2	0	0
15361	13	10	2	0	1
15362	13	10	2	0	2
15363	13	10	2	1	0
15364	13	10	2	1	1
15365	13	10	2	1	2
15366	13	10	2	2	0
15367	13	10	2	2	1
15368	13	10	2	2	2
15369	13	10	2	3	0
15370	13	10	2	3	1
15371	13	10	2	3	2
15372	13	11	0	0	0
15373	13	11	0	0	1
15374	13	11	0	0	2
15375	13	11	0	1	0
15376	13	11	0	1	1
15377	13	11	0	1	2
15378	13	11	0	2	0
15379	13	11	0	2	1
15380	13	11	0	2	2
15381	13	11	0	3	0
15382	13	11	0	3	1
15383	13	11	0	3	2
15384	13	11	1	0	0
15385	13	11	1	0	1
15386	13	11	1	0	2
15387	13	11	1	1	0
15388	13	11	1	1	1
15389	13	11	1	1	2
15390	13	11	1	2	0
15391	13	11	1	2	1
15392	13	11	1	2	2
15393	13	11	1	3	0
15394	13	11	1	3	1
15395	13	11	1	3	2
15396	13	11	2	0	0
15397	13	11	2	0	1
15398	13	11	2	0	2
15399	13	11	2	1	0
15400	13	11	2	1	1
15401	13	11	2	1	2
15402	13	11	2	2	0
15403	13	11	2	2	1
15404	13	11	2	2	2
15405	13	11	2	3	0
15406	13	11	2	3	1
15407	13	11	2	3	2
15408	13	12	0	0	0
15409	13	12	0	0	1
15410	13	12	0	0	2
15411	13	12	0	1	0
15412	13	12	0	1	1
15413	13	12	0	1	2
15414	13	12	0	2	0
15415	13	12	0	2	1
15416	13	12	0	2	2
15417	13	12	0	3	0
15418	13	12	0	3	1
15419	13	12	0	3	2
15420	13	12	1	0	0
15421	13	12	1	0	1
15422	13	12	1	0	2
15423	13	12	1	1	0
15424	13	12	1	1	1
15425	13	12	1	1	2
15426	13	12	1	2	0
15427	13	12	1	2	1
15428	13	12	1	2	2
15429	13	12	1	3	0
15430	13	12	1	3	1
15431	13	12	1	3	2
15432	13	12	2	0	0
15433	13	12	2	0	1
15434	13	12	2	0	2
15435	13	12	2	1	0
15436	13	12	2	1	1
15437	13	12	2	1	2
15438	13	12	2	2	0
15439	13	12	2	2	1
15440	13	12	2	2	2
15441	13	12	2	3	0
15442	13	12	2	3	1
15443	13	12	2	3	2
15444	13	13	0	0	0
15445	13	13	0	0	1
15446	13	13	0	0	2
15447	13	13	0	1	0
15448	13	13	0	1	1
15449	13	13	0	1	2
15450	13	13	0	2	0
15451	13	13	0	2	1
15452	13	13	0	2	2
15453	13	13	0	3	0
15454	13	13	0	3	1
15455	13	13	0	3	2
15456	13	13	1	0	0
15457	13	13	1	0	1
15458	13	13	1	0	2
15459	13	13	1	1	0
15460	13	13	1	1	1
15461	13	13	1	1	2
15462	13	13	1	2	0
15463	13	13	1	2	1
15464	13	13	1	2	2
15465	13	13	1	3	0
15466	13	13	1	3	1
15467	13	13	1	3	2
15468	13	13	2	0	0
15469	13	13	2	0	1
15470	13	13	2	0	2
15471	13	13	2	1	0
15472	13	13	2	1	1
15473	13	13	2	1	2
15474	13	13	2	2	0
15475	13	13	2	2	1
15476	13	13	2	2	2
15477	13	13	2	3	0
15478	13	13	2	3	1
15479	13	13	2	3	2
15480	13	14	0	0	0
15481	13	14	0	0	1
15482	13	14	0	0	2
15483	13	14	0	1	0
15484	13	14	0	1	1
15485	13	14	0	1	2
15486	13	14	0	2	0
15487	13	14	0	2	1
15488	13	14	0	2	2
15489	13	14	0	3	0
15490	13	14	0	3	1
15491	13	14	0	3	2
15492	13	14	1	0	0
15493	13	14	1	0	1
15494	13	14	1	0	2
15495	13	14	1	1	0
15496	13	14	1	1	1
15497	13	14	1	1	2
15498	13	14	1	2	0
15499	13	14	1	2	1
15500	13	14	1	2	2
15501	13	14	1	3	0
15502	13	14	1	3	1
15503	13	14	1	3	2
15504	13	14	2	0	0
15505	13	14	2	0	1
15506	13	14	2	0	2
15507	13	14	2	1	0
15508	13	14	2	1	1
15509	13	14	2	1	2
15510	13	14	2	2	0
15511	13	14	2	2	1
15512	13	14	2	2	2
15513	13	14	2	3	0
15514	13	14	2	3	1
15515	13	14	2	3	2
15516	13	15	0	0	0
15517	13	15	0	0	1
15518	13	15	0	0	2
15519	13	15	0	1	0
15520	13	15	0	1	1
15521	13	15	0	1	2
15522	13	15	0	2	0
15523	13	15	0	2	1
15524	13	15	0	2	2
15525	13	15	0	3	0
15526	13	15	0	3	1
15527	13	15	0	3	2
15528	13	15	1	0	0
15529	13	15	1	0	1
15530	13	15	1	0	2
15531	13	15	1	1	0
15532	13	15	1	1	1
15533	13	15	1	1	2
15534	13	15	1	2	0
15535	13	15	1	2	1
15536	13	15	1	2	2
15537	13	15	1	3	0
15538	13	15	1	3	1
15539	13	15	1	3	2
15540	13	15	2	0	0
15541	13	15	2	0	1
15542	13	15	2	0	2
15543	13	15	2	1	0
15544	13	15	2	1	1
15545	13	15	2	1	2
15546	13	15	2	2	0
15547	13	15	2	2	1
15548	13	15	2	2	2
15549	13	15	2	3	0
15550	13	15	2	3	1
15551	13	15	2	3	2
15552	13	16	0	0	0
15553	13	16	0	0	1
15554	13	16	0	0	2
15555	13	16	0	1	0
15556	13	16	0	1	1
15557	13	16	0	1	2
15558	13	16	0	2	0
15559	13	16	0	2	1
15560	13	16	0	2	2
15561	13	16	0	3	0
15562	13	16	0	3	1
15563	13	16	0	3	2
15564	13	16	1	0	0
15565	13	16	1	0	1
15566	13	16	1	0	2
15567	13	16	1	1	0
15568	13	16	1	1	1
15569	13	16	1	1	2
15570	13	16	1	2	0
15571	13	16	1	2	1
15572	13	16	1	2	2
15573	13	16	1	3	0
15574	13	16	1	3	1
15575	13	16	1	3	2
15576	13	16	2	0	0
15577	13	16	2	0	1
15578	13	16	2	0	2
15579	13	16	2	1	0
15580	13	16	2	1	1
15581	13	16	2	1	2
15582	13	16	2	2	0
15583	13	16	2	2	1
15584	13	16	2	2	2
15585	13	16	2	3	0
15586	13	16	2	3	1
15587	13	16	2	3	2
15588	13	17	0	0	0
15589	13	17	0	0	1
15590	13	17	0	0	2
15591	13	17	0	1	0
15592	13	17	0	1	1
15593	13	17	0	1	2
15594	13	17	0	2	0
15595	13	17	0	2	1
15596	13	17	0	2	2
15597	13	17	0	3	0
15598	13	17	0	3	1
15599	13	17	0	3	2
15600	13	17	1	0	0
15601	13	17	1	0	1
15602	13	17	1	0	2
15603	13	17	1	1	0
15604	13	17	1	1	1
15605	13	17	1	1	2
15606	13	17	1	2	0
15607	13	17	1	2	1
15608	13	17	1	2	2
15609	13	17	1	3	0
15610	13	17	1	3	1
15611	13	17	1	3	2
15612	13	17	2	0	0
15613	13	17	2	0	1
15614	13	17	2	0	2
15615	13	17	2	1	0
15616	13	17	2	1	1
15617	13	17	2	1	2
15618	13	17	2	2	0
15619	13	17	2	2	1
15620	13	17	2	2	2
15621	13	17	2	3	0
15622	13	17	2	3	1
15623	13	17	2	3	2
15624	13	18	0	0	0
15625	13	18	0	0	1
15626	13	18	0	0	2
15627	13	18	0	1	0
15628	13	18	0	1	1
15629	13	18	0	1	2
15630	13	18	0	2	0
15631	13	18	0	2	1
15632	13	18	0	2	2
15633	13	18	0	3	0
15634	13	18	0	3	1
15635	13	18	0	3	2
15636	13	18	1	0	0
15637	13	18	1	0	1
15638	13	18	1	0	2
15639	13	18	1	1	0
15640	13	18	1	1	1
15641	13	18	1	1	2
15642	13	18	1	2	0
15643	13	18	1	2	1
15644	13	18	1	2	2
15645	13	18	1	3	0
15646	13	18	1	3	1
15647	13	18	1	3	2
15648	13	18	2	0	0
15649	13	18	2	0	1
15650	13	18	2	0	2
15651	13	18	2	1	0
15652	13	18	2	1	1
15653	13	18	2	1	2
15654	13	18	2	2	0
15655	13	18	2	2	1
15656	13	18	2	2	2
15657	13	18	2	3	0
15658	13	18	2	3	1
15659	13	18	2	3	2
15660	13	19	0	0	0
15661	13	19	0	0	1
15662	13	19	0	0	2
15663	13	19	0	1	0
15664	13	19	0	1	1
15665	13	19	0	1	2
15666	13	19	0	2	0
15667	13	19	0	2	1
15668	13	19	0	2	2
15669	13	19	0	3	0
15670	13	19	0	3	1
15671	13	19	0	3	2
15672	13	19	1	0	0
15673	13	19	1	0	1
15674	13	19	1	0	2
15675	13	19	1	1	0
15676	13	19	1	1	1
15677	13	19	1	1	2
15678	13	19	1	2	0
15679	13	19	1	2	1
15680	13	19	1	2	2
15681	13	19	1	3	0
15682	13	19	1	3	1
15683	13	19	1	3	2
15684	13	19	2	0	0
15685	13	19	2	0	1
15686	13	19	2	0	2
15687	13	19	2	1	0
15688	13	19	2	1	1
15689	13	19	2	1	2
15690	13	19	2	2	0
15691	13	19	2	2	1
15692	13	19	2	2	2
15693	13	19	2	3	0
15694	13	19	2	3	1
15695	13	19	2	3	2
15696	13	20	0	0	0
15697	13	20	0	0	1
15698	13	20	0	0	2
15699	13	20	0	1	0
15700	13	20	0	1	1
15701	13	20	0	1	2
15702	13	20	0	2	0
15703	13	20	0	2	1
15704	13	20	0	2	2
15705	13	20	0	3	0
15706	13	20	0	3	1
15707	13	20	0	3	2
15708	13	20	1	0	0
15709	13	20	1	0	1
15710	13	20	1	0	2
15711	13	20	1	1	0
15712	13	20	1	1	1
15713	13	20	1	1	2
15714	13	20	1	2	0
15715	13	20	1	2	1
15716	13	20	1	2	2
15717	13	20	1	3	0
15718	13	20	1	3	1
15719	13	20	1	3	2
15720	13	20	2	0	0
15721	13	20	2	0	1
15722	13	20	2	0	2
15723	13	20	2	1	0
15724	13	20	2	1	1
15725	13	20	2	1	2
15726	13	20	2	2	0
15727	13	20	2	2	1
15728	13	20	2	2	2
15729	13	20	2	3	0
15730	13	20	2	3	1
15731	13	20	2	3	2
15732	13	21	0	0	0
15733	13	21	0	0	1
15734	13	21	0	0	2
15735	13	21	0	1	0
15736	13	21	0	1	1
15737	13	21	0	1	2
15738	13	21	0	2	0
15739	13	21	0	2	1
15740	13	21	0	2	2
15741	13	21	0	3	0
15742	13	21	0	3	1
15743	13	21	0	3	2
15744	13	21	1	0	0
15745	13	21	1	0	1
15746	13	21	1	0	2
15747	13	21	1	1	0
15748	13	21	1	1	1
15749	13	21	1	1	2
15750	13	21	1	2	0
15751	13	21	1	2	1
15752	13	21	1	2	2
15753	13	21	1	3	0
15754	13	21	1	3	1
15755	13	21	1	3	2
15756	13	21	2	0	0
15757	13	21	2	0	1
15758	13	21	2	0	2
15759	13	21	2	1	0
15760	13	21	2	1	1
15761	13	21	2	1	2
15762	13	21	2	2	0
15763	13	21	2	2	1
15764	13	21	2	2	2
15765	13	21	2	3	0
15766	13	21	2	3	1
15767	13	21	2	3	2
15768	13	22	0	0	0
15769	13	22	0	0	1
15770	13	22	0	0	2
15771	13	22	0	1	0
15772	13	22	0	1	1
15773	13	22	0	1	2
15774	13	22	0	2	0
15775	13	22	0	2	1
15776	13	22	0	2	2
15777	13	22	0	3	0
15778	13	22	0	3	1
15779	13	22	0	3	2
15780	13	22	1	0	0
15781	13	22	1	0	1
15782	13	22	1	0	2
15783	13	22	1	1	0
15784	13	22	1	1	1
15785	13	22	1	1	2
15786	13	22	1	2	0
15787	13	22	1	2	1
15788	13	22	1	2	2
15789	13	22	1	3	0
15790	13	22	1	3	1
15791	13	22	1	3	2
15792	13	22	2	0	0
15793	13	22	2	0	1
15794	13	22	2	0	2
15795	13	22	2	1	0
15796	13	22	2	1	1
15797	13	22	2	1	2
15798	13	22	2	2	0
15799	13	22	2	2	1
15800	13	22	2	2	2
15801	13	22	2	3	0
15802	13	22	2	3	1
15803	13	22	2	3	2
15804	13	23	0	0	0
15805	13	23	0	0	1
15806	13	23	0	0	2
15807	13	23	0	1	0
15808	13	23	0	1	1
15809	13	23	0	1	2
15810	13	23	0	2	0
15811	13	23	0	2	1
15812	13	23	0	2	2
15813	13	23	0	3	0
15814	13	23	0	3	1
15815	13	23	0	3	2
15816	13	23	1	0	0
15817	13	23	1	0	1
15818	13	23	1	0	2
15819	13	23	1	1	0
15820	13	23	1	1	1
15821	13	23	1	1	2
15822	13	23	1	2	0
15823	13	23	1	2	1
15824	13	23	1	2	2
15825	13	23	1	3	0
15826	13	23	1	3	1
15827	13	23	1	3	2
15828	13	23	2	0	0
15829	13	23	2	0	1
15830	13	23	2	0	2
15831	13	23	2	1	0
15832	13	23	2	1	1
15833	13	23	2	1	2
15834	13	23	2	2	0
15835	13	23	2	2	1
15836	13	23	2	2	2
15837	13	23	2	3	0
15838	13	23	2	3	1
15839	13	23	2	3	2
15840	13	24	0	0	0
15841	13	24	0	0	1
15842	13	24	0	0	2
15843	13	24	0	1	0
15844	13	24	0	1	1
15845	13	24	0	1	2
15846	13	24	0	2	0
15847	13	24	0	2	1
15848	13	24	0	2	2
15849	13	24	0	3	0
15850	13	24	0	3	1
15851	13	24	0	3	2
15852	13	24	1	0	0
15853	13	24	1	0	1
15854	13	24	1	0	2
15855	13	24	1	1	0
15856	13	24	1	1	1
15857	13	24	1	1	2
15858	13	24	1	2	0
15859	13	24	1	2	1
15860	13	24	1	2	2
15861	13	24	1	3	0
15862	13	24	1	3	1
15863	13	24	1	3	2
15864	13	24	2	0	0
15865	13	24	2	0	1
15866	13	24	2	0	2
15867	13	24	2	1	0
15868	13	24	2	1	1
15869	13	24	2	1	2
15870	13	24	2	2	0
15871	13	24	2	2	1
15872	13	24	2	2	2
15873	13	24	2	3	0
15874	13	24	2	3	1
15875	13	24	2	3	2
15876	13	25	0	0	0
15877	13	25	0	0	1
15878	13	25	0	0	2
15879	13	25	0	1	0
15880	13	25	0	1	1
15881	13	25	0	1	2
15882	13	25	0	2	0
15883	13	25	0	2	1
15884	13	25	0	2	2
15885	13	25	0	3	0
15886	13	25	0	3	1
15887	13	25	0	3	2
15888	13	25	1	0	0
15889	13	25	1	0	1
15890	13	25	1	0	2
15891	13	25	1	1	0
15892	13	25	1	1	1
15893	13	25	1	1	2
15894	13	25	1	2	0
15895	13	25	1	2	1
15896	13	25	1	2	2
15897	13	25	1	3	0
15898	13	25	1	3	1
15899	13	25	1	3	2
15900	13	25	2	0	0
15901	13	25	2	0	1
15902	13	25	2	0	2
15903	13	25	2	1	0
15904	13	25	2	1	1
15905	13	25	2	1	2
15906	13	25	2	2	0
15907	13	25	2	2	1
15908	13	25	2	2	2
15909	13	25	2	3	0
15910	13	25	2	3	1
15911	13	25	2	3	2
15912	13	26	0	0	0
15913	13	26	0	0	1
15914	13	26	0	0	2
15915	13	26	0	1	0
15916	13	26	0	1	1
15917	13	26	0	1	2
15918	13	26	0	2	0
15919	13	26	0	2	1
15920	13	26	0	2	2
15921	13	26	0	3	0
15922	13	26	0	3	1
15923	13	26	0	3	2
15924	13	26	1	0	0
15925	13	26	1	0	1
15926	13	26	1	0	2
15927	13	26	1	1	0
15928	13	26	1	1	1
15929	13	26	1	1	2
15930	13	26	1	2	0
15931	13	26	1	2	1
15932	13	26	1	2	2
15933	13	26	1	3	0
15934	13	26	1	3	1
15935	13	26	1	3	2
15936	13	26	2	0	0
15937	13	26	2	0	1
15938	13	26	2	0	2
15939	13	26	2	1	0
15940	13	26	2	1	1
15941	13	26	2	1	2
15942	13	26	2	2	0
15943	13	26	2	2	1
15944	13	26	2	2	2
15945	13	26	2	3	0
15946	13	26	2	3	1
15947	13	26	2	3	2
15948	13	27	0	0	0
15949	13	27	0	0	1
15950	13	27	0	0	2
15951	13	27	0	1	0
15952	13	27	0	1	1
15953	13	27	0	1	2
15954	13	27	0	2	0
15955	13	27	0	2	1
15956	13	27	0	2	2
15957	13	27	0	3	0
15958	13	27	0	3	1
15959	13	27	0	3	2
15960	13	27	1	0	0
15961	13	27	1	0	1
15962	13	27	1	0	2
15963	13	27	1	1	0
15964	13	27	1	1	1
15965	13	27	1	1	2
15966	13	27	1	2	0
15967	13	27	1	2	1
15968	13	27	1	2	2
15969	13	27	1	3	0
15970	13	27	1	3	1
15971	13	27	1	3	2
15972	13	27	2	0	0
15973	13	27	2	0	1
15974	13	27	2	0	2
15975	13	27	2	1	0
15976	13	27	2	1	1
15977	13	27	2	1	2
15978	13	27	2	2	0
15979	13	27	2	2	1
15980	13	27	2	2	2
15981	13	27	2	3	0
15982	13	27	2	3	1
15983	13	27	2	3	2
15984	13	28	0	0	0
15985	13	28	0	0	1
15986	13	28	0	0	2
15987	13	28	0	1	0
15988	13	28	0	1	1
15989	13	28	0	1	2
15990	13	28	0	2	0
15991	13	28	0	2	1
15992	13	28	0	2	2
15993	13	28	0	3	0
15994	13	28	0	3	1
15995	13	28	0	3	2
15996	13	28	1	0	0
15997	13	28	1	0	1
15998	13	28	1	0	2
15999	13	28	1	1	0
16000	13	28	1	1	1
16001	13	28	1	1	2
16002	13	28	1	2	0
16003	13	28	1	2	1
16004	13	28	1	2	2
16005	13	28	1	3	0
16006	13	28	1	3	1
16007	13	28	1	3	2
16008	13	28	2	0	0
16009	13	28	2	0	1
16010	13	28	2	0	2
16011	13	28	2	1	0
16012	13	28	2	1	1
16013	13	28	2	1	2
16014	13	28	2	2	0
16015	13	28	2	2	1
16016	13	28	2	2	2
16017	13	28	2	3	0
16018	13	28	2	3	1
16019	13	28	2	3	2
16020	13	29	0	0	0
16021	13	29	0	0	1
16022	13	29	0	0	2
16023	13	29	0	1	0
16024	13	29	0	1	1
16025	13	29	0	1	2
16026	13	29	0	2	0
16027	13	29	0	2	1
16028	13	29	0	2	2
16029	13	29	0	3	0
16030	13	29	0	3	1
16031	13	29	0	3	2
16032	13	29	1	0	0
16033	13	29	1	0	1
16034	13	29	1	0	2
16035	13	29	1	1	0
16036	13	29	1	1	1
16037	13	29	1	1	2
16038	13	29	1	2	0
16039	13	29	1	2	1
16040	13	29	1	2	2
16041	13	29	1	3	0
16042	13	29	1	3	1
16043	13	29	1	3	2
16044	13	29	2	0	0
16045	13	29	2	0	1
16046	13	29	2	0	2
16047	13	29	2	1	0
16048	13	29	2	1	1
16049	13	29	2	1	2
16050	13	29	2	2	0
16051	13	29	2	2	1
16052	13	29	2	2	2
16053	13	29	2	3	0
16054	13	29	2	3	1
16055	13	29	2	3	2
16056	13	30	0	0	0
16057	13	30	0	0	1
16058	13	30	0	0	2
16059	13	30	0	1	0
16060	13	30	0	1	1
16061	13	30	0	1	2
16062	13	30	0	2	0
16063	13	30	0	2	1
16064	13	30	0	2	2
16065	13	30	0	3	0
16066	13	30	0	3	1
16067	13	30	0	3	2
16068	13	30	1	0	0
16069	13	30	1	0	1
16070	13	30	1	0	2
16071	13	30	1	1	0
16072	13	30	1	1	1
16073	13	30	1	1	2
16074	13	30	1	2	0
16075	13	30	1	2	1
16076	13	30	1	2	2
16077	13	30	1	3	0
16078	13	30	1	3	1
16079	13	30	1	3	2
16080	13	30	2	0	0
16081	13	30	2	0	1
16082	13	30	2	0	2
16083	13	30	2	1	0
16084	13	30	2	1	1
16085	13	30	2	1	2
16086	13	30	2	2	0
16087	13	30	2	2	1
16088	13	30	2	2	2
16089	13	30	2	3	0
16090	13	30	2	3	1
16091	13	30	2	3	2
16092	13	31	0	0	0
16093	13	31	0	0	1
16094	13	31	0	0	2
16095	13	31	0	1	0
16096	13	31	0	1	1
16097	13	31	0	1	2
16098	13	31	0	2	0
16099	13	31	0	2	1
16100	13	31	0	2	2
16101	13	31	0	3	0
16102	13	31	0	3	1
16103	13	31	0	3	2
16104	13	31	1	0	0
16105	13	31	1	0	1
16106	13	31	1	0	2
16107	13	31	1	1	0
16108	13	31	1	1	1
16109	13	31	1	1	2
16110	13	31	1	2	0
16111	13	31	1	2	1
16112	13	31	1	2	2
16113	13	31	1	3	0
16114	13	31	1	3	1
16115	13	31	1	3	2
16116	13	31	2	0	0
16117	13	31	2	0	1
16118	13	31	2	0	2
16119	13	31	2	1	0
16120	13	31	2	1	1
16121	13	31	2	1	2
16122	13	31	2	2	0
16123	13	31	2	2	1
16124	13	31	2	2	2
16125	13	31	2	3	0
16126	13	31	2	3	1
16127	13	31	2	3	2
16128	14	0	0	0	0
16129	14	0	0	0	1
16130	14	0	0	0	2
16131	14	0	0	1	0
16132	14	0	0	1	1
16133	14	0	0	1	2
16134	14	0	0	2	0
16135	14	0	0	2	1
16136	14	0	0	2	2
16137	14	0	0	3	0
16138	14	0	0	3	1
16139	14	0	0	3	2
16140	14	0	1	0	0
16141	14	0	1	0	1
16142	14	0	1	0	2
16143	14	0	1	1	0
16144	14	0	1	1	1
16145	14	0	1	1	2
16146	14	0	1	2	0
16147	14	0	1	2	1
16148	14	0	1	2	2
16149	14	0	1	3	0
16150	14	0	1	3	1
16151	14	0	1	3	2
16152	14	0	2	0	0
16153	14	0	2	0	1
16154	14	0	2	0	2
16155	14	0	2	1	0
16156	14	0	2	1	1
16157	14	0	2	1	2
16158	14	0	2	2	0
16159	14	0	2	2	1
16160	14	0	2	2	2
16161	14	0	2	3	0
16162	14	0	2	3	1
16163	14	0	2	3	2
16164	14	1	0	0	0
16165	14	1	0	0	1
16166	14	1	0	0	2
16167	14	1	0	1	0
16168	14	1	0	1	1
16169	14	1	0	1	2
16170	14	1	0	2	0
16171	14	1	0	2	1
16172	14	1	0	2	2
16173	14	1	0	3	0
16174	14	1	0	3	1
16175	14	1	0	3	2
16176	14	1	1	0	0
16177	14	1	1	0	1
16178	14	1	1	0	2
16179	14	1	1	1	0
16180	14	1	1	1	1
16181	14	1	1	1	2
16182	14	1	1	2	0
16183	14	1	1	2	1
16184	14	1	1	2	2
16185	14	1	1	3	0
16186	14	1	1	3	1
16187	14	1	1	3	2
16188	14	1	2	0	0
16189	14	1	2	0	1
16190	14	1	2	0	2
16191	14	1	2	1	0
16192	14	1	2	1	1
16193	14	1	2	1	2
16194	14	1	2	2	0
16195	14	1	2	2	1
16196	14	1	2	2	2
16197	14	1	2	3	0
16198	14	1	2	3	1
16199	14	1	2	3	2
16200	14	2	0	0	0
16201	14	2	0	0	1
16202	14	2	0	0	2
16203	14	2	0	1	0
16204	14	2	0	1	1
16205	14	2	0	1	2
16206	14	2	0	2	0
16207	14	2	0	2	1
16208	14	2	0	2	2
16209	14	2	0	3	0
16210	14	2	0	3	1
16211	14	2	0	3	2
16212	14	2	1	0	0
16213	14	2	1	0	1
16214	14	2	1	0	2
16215	14	2	1	1	0
16216	14	2	1	1	1
16217	14	2	1	1	2
16218	14	2	1	2	0
16219	14	2	1	2	1
16220	14	2	1	2	2
16221	14	2	1	3	0
16222	14	2	1	3	1
16223	14	2	1	3	2
16224	14	2	2	0	0
16225	14	2	2	0	1
16226	14	2	2	0	2
16227	14	2	2	1	0
16228	14	2	2	1	1
16229	14	2	2	1	2
16230	14	2	2	2	0
16231	14	2	2	2	1
16232	14	2	2	2	2
16233	14	2	2	3	0
16234	14	2	2	3	1
16235	14	2	2	3	2
16236	14	3	0	0	0
16237	14	3	0	0	1
16238	14	3	0	0	2
16239	14	3	0	1	0
16240	14	3	0	1	1
16241	14	3	0	1	2
16242	14	3	0	2	0
16243	14	3	0	2	1
16244	14	3	0	2	2
16245	14	3	0	3	0
16246	14	3	0	3	1
16247	14	3	0	3	2
16248	14	3	1	0	0
16249	14	3	1	0	1
16250	14	3	1	0	2
16251	14	3	1	1	0
16252	14	3	1	1	1
16253	14	3	1	1	2
16254	14	3	1	2	0
16255	14	3	1	2	1
16256	14	3	1	2	2
16257	14	3	1	3	0
16258	14	3	1	3	1
16259	14	3	1	3	2
16260	14	3	2	0	0
16261	14	3	2	0	1
16262	14	3	2	0	2
16263	14	3	2	1	0
16264	14	3	2	1	1
16265	14	3	2	1	2
16266	14	3	2	2	0
16267	14	3	2	2	1
16268	14	3	2	2	2
16269	14	3	2	3	0
16270	14	3	2	3	1
16271	14	3	2	3	2
16272	14	4	0	0	0
16273	14	4	0	0	1
16274	14	4	0	0	2
16275	14	4	0	1	0
16276	14	4	0	1	1
16277	14	4	0	1	2
16278	14	4	0	2	0
16279	14	4	0	2	1
16280	14	4	0	2	2
16281	14	4	0	3	0
16282	14	4	0	3	1
16283	14	4	0	3	2
16284	14	4	1	0	0
16285	14	4	1	0	1
16286	14	4	1	0	2
16287	14	4	1	1	0
16288	14	4	1	1	1
16289	14	4	1	1	2
16290	14	4	1	2	0
16291	14	4	1	2	1
16292	14	4	1	2	2
16293	14	4	1	3	0
16294	14	4	1	3	1
16295	14	4	1	3	2
16296	14	4	2	0	0
16297	14	4	2	0	1
16298	14	4	2	0	2
16299	14	4	2	1	0
16300	14	4	2	1	1
16301	14	4	2	1	2
16302	14	4	2	2	0
16303	14	4	2	2	1
16304	14	4	2	2	2
16305	14	4	2	3	0
16306	14	4	2	3	1
16307	14	4	2	3	2
16308	14	5	0	0	0
16309	14	5	0	0	1
16310	14	5	0	0	2
16311	14	5	0	1	0
16312	14	5	0	1	1
16313	14	5	0	1	2
16314	14	5	0	2	0
16315	14	5	0	2	1
16316	14	5	0	2	2
16317	14	5	0	3	0
16318	14	5	0	3	1
16319	14	5	0	3	2
16320	14	5	1	0	0
16321	14	5	1	0	1
16322	14	5	1	0	2
16323	14	5	1	1	0
16324	14	5	1	1	1
16325	14	5	1	1	2
16326	14	5	1	2	0
16327	14	5	1	2	1
16328	14	5	1	2	2
16329	14	5	1	3	0
16330	14	5	1	3	1
16331	14	5	1	3	2
16332	14	5	2	0	0
16333	14	5	2	0	1
16334	14	5	2	0	2
16335	14	5	2	1	0
16336	14	5	2	1	1
16337	14	5	2	1	2
16338	14	5	2	2	0
16339	14	5	2	2	1
16340	14	5	2	2	2
16341	14	5	2	3	0
16342	14	5	2	3	1
16343	14	5	2	3	2
16344	14	6	0	0	0
16345	14	6	0	0	1
16346	14	6	0	0	2
16347	14	6	0	1	0
16348	14	6	0	1	1
16349	14	6	0	1	2
16350	14	6	0	2	0
16351	14	6	0	2	1
16352	14	6	0	2	2
16353	14	6	0	3	0
16354	14	6	0	3	1
16355	14	6	0	3	2
16356	14	6	1	0	0
16357	14	6	1	0	1
16358	14	6	1	0	2
16359	14	6	1	1	0
16360	14	6	1	1	1
16361	14	6	1	1	2
16362	14	6	1	2	0
16363	14	6	1	2	1
16364	14	6	1	2	2
16365	14	6	1	3	0
16366	14	6	1	3	1
16367	14	6	1	3	2
16368	14	6	2	0	0
16369	14	6	2	0	1
16370	14	6	2	0	2
16371	14	6	2	1	0
16372	14	6	2	1	1
16373	14	6	2	1	2
16374	14	6	2	2	0
16375	14	6	2	2	1
16376	14	6	2	2	2
16377	14	6	2	3	0
16378	14	6	2	3	1
16379	14	6	2	3	2
16380	14	7	0	0	0
16381	14	7	0	0	1
16382	14	7	0	0	2
16383	14	7	0	1	0
16384	14	7	0	1	1
16385	14	7	0	1	2
16386	14	7	0	2	0
16387	14	7	0	2	1
16388	14	7	0	2	2
16389	14	7	0	3	0
16390	14	7	0	3	1
16391	14	7	0	3	2
16392	14	7	1	0	0
16393	14	7	1	0	1
16394	14	7	1	0	2
16395	14	7	1	1	0
16396	14	7	1	1	1
16397	14	7	1	1	2
16398	14	7	1	2	0
16399	14	7	1	2	1
16400	14	7	1	2	2
16401	14	7	1	3	0
16402	14	7	1	3	1
16403	14	7	1	3	2
16404	14	7	2	0	0
16405	14	7	2	0	1
16406	14	7	2	0	2
16407	14	7	2	1	0
16408	14	7	2	1	1
16409	14	7	2	1	2
16410	14	7	2	2	0
16411	14	7	2	2	1
16412	14	7	2	2	2
16413	14	7	2	3	0
16414	14	7	2	3	1
16415	14	7	2	3	2
16416	14	8	0	0	0
16417	14	8	0	0	1
16418	14	8	0	0	2
16419	14	8	0	1	0
16420	14	8	0	1	1
16421	14	8	0	1	2
16422	14	8	0	2	0
16423	14	8	0	2	1
16424	14	8	0	2	2
16425	14	8	0	3	0
16426	14	8	0	3	1
16427	14	8	0	3	2
16428	14	8	1	0	0
16429	14	8	1	0	1
16430	14	8	1	0	2
16431	14	8	1	1	0
16432	14	8	1	1	1
16433	14	8	1	1	2
16434	14	8	1	2	0
16435	14	8	1	2	1
16436	14	8	1	2	2
16437	14	8	1	3	0
16438	14	8	1	3	1
16439	14	8	1	3	2
16440	14	8	2	0	0
16441	14	8	2	0	1
16442	14	8	2	0	2
16443	14	8	2	1	0
16444	14	8	2	1	1
16445	14	8	2	1	2
16446	14	8	2	2	0
16447	14	8	2	2	1
16448	14	8	2	2	2
16449	14	8	2	3	0
16450	14	8	2	3	1
16451	14	8	2	3	2
16452	14	9	0	0	0
16453	14	9	0	0	1
16454	14	9	0	0	2
16455	14	9	0	1	0
16456	14	9	0	1	1
16457	14	9	0	1	2
16458	14	9	0	2	0
16459	14	9	0	2	1
16460	14	9	0	2	2
16461	14	9	0	3	0
16462	14	9	0	3	1
16463	14	9	0	3	2
16464	14	9	1	0	0
16465	14	9	1	0	1
16466	14	9	1	0	2
16467	14	9	1	1	0
16468	14	9	1	1	1
16469	14	9	1	1	2
16470	14	9	1	2	0
16471	14	9	1	2	1
16472	14	9	1	2	2
16473	14	9	1	3	0
16474	14	9	1	3	1
16475	14	9	1	3	2
16476	14	9	2	0	0
16477	14	9	2	0	1
16478	14	9	2	0	2
16479	14	9	2	1	0
16480	14	9	2	1	1
16481	14	9	2	1	2
16482	14	9	2	2	0
16483	14	9	2	2	1
16484	14	9	2	2	2
16485	14	9	2	3	0
16486	14	9	2	3	1
16487	14	9	2	3	2
16488	14	10	0	0	0
16489	14	10	0	0	1
16490	14	10	0	0	2
16491	14	10	0	1	0
16492	14	10	0	1	1
16493	14	10	0	1	2
16494	14	10	0	2	0
16495	14	10	0	2	1
16496	14	10	0	2	2
16497	14	10	0	3	0
16498	14	10	0	3	1
16499	14	10	0	3	2
16500	14	10	1	0	0
16501	14	10	1	0	1
16502	14	10	1	0	2
16503	14	10	1	1	0
16504	14	10	1	1	1
16505	14	10	1	1	2
16506	14	10	1	2	0
16507	14	10	1	2	1
16508	14	10	1	2	2
16509	14	10	1	3	0
16510	14	10	1	3	1
16511	14	10	1	3	2
16512	14	10	2	0	0
16513	14	10	2	0	1
16514	14	10	2	0	2
16515	14	10	2	1	0
16516	14	10	2	1	1
16517	14	10	2	1	2
16518	14	10	2	2	0
16519	14	10	2	2	1
16520	14	10	2	2	2
16521	14	10	2	3	0
16522	14	10	2	3	1
16523	14	10	2	3	2
16524	14	11	0	0	0
16525	14	11	0	0	1
16526	14	11	0	0	2
16527	14	11	0	1	0
16528	14	11	0	1	1
16529	14	11	0	1	2
16530	14	11	0	2	0
16531	14	11	0	2	1
16532	14	11	0	2	2
16533	14	11	0	3	0
16534	14	11	0	3	1
16535	14	11	0	3	2
16536	14	11	1	0	0
16537	14	11	1	0	1
16538	14	11	1	0	2
16539	14	11	1	1	0
16540	14	11	1	1	1
16541	14	11	1	1	2
16542	14	11	1	2	0
16543	14	11	1	2	1
16544	14	11	1	2	2
16545	14	11	1	3	0
16546	14	11	1	3	1
16547	14	11	1	3	2
16548	14	11	2	0	0
16549	14	11	2	0	1
16550	14	11	2	0	2
16551	14	11	2	1	0
16552	14	11	2	1	1
16553	14	11	2	1	2
16554	14	11	2	2	0
16555	14	11	2	2	1
16556	14	11	2	2	2
16557	14	11	2	3	0
16558	14	11	2	3	1
16559	14	11	2	3	2
16560	14	12	0	0	0
16561	14	12	0	0	1
16562	14	12	0	0	2
16563	14	12	0	1	0
16564	14	12	0	1	1
16565	14	12	0	1	2
16566	14	12	0	2	0
16567	14	12	0	2	1
16568	14	12	0	2	2
16569	14	12	0	3	0
16570	14	12	0	3	1
16571	14	12	0	3	2
16572	14	12	1	0	0
16573	14	12	1	0	1
16574	14	12	1	0	2
16575	14	12	1	1	0
16576	14	12	1	1	1
16577	14	12	1	1	2
16578	14	12	1	2	0
16579	14	12	1	2	1
16580	14	12	1	2	2
16581	14	12	1	3	0
16582	14	12	1	3	1
16583	14	12	1	3	2
16584	14	12	2	0	0
16585	14	12	2	0	1
16586	14	12	2	0	2
16587	14	12	2	1	0
16588	14	12	2	1	1
16589	14	12	2	1	2
16590	14	12	2	2	0
16591	14	12	2	2	1
16592	14	12	2	2	2
16593	14	12	2	3	0
16594	14	12	2	3	1
16595	14	12	2	3	2
16596	14	13	0	0	0
16597	14	13	0	0	1
16598	14	13	0	0	2
16599	14	13	0	1	0
16600	14	13	0	1	1
16601	14	13	0	1	2
16602	14	13	0	2	0
16603	14	13	0	2	1
16604	14	13	0	2	2
16605	14	13	0	3	0
16606	14	13	0	3	1
16607	14	13	0	3	2
16608	14	13	1	0	0
16609	14	13	1	0	1
16610	14	13	1	0	2
16611	14	13	1	1	0
16612	14	13	1	1	1
16613	14	13	1	1	2
16614	14	13	1	2	0
16615	14	13	1	2	1
16616	14	13	1	2	2
16617	14	13	1	3	0
16618	14	13	1	3	1
16619	14	13	1	3	2
16620	14	13	2	0	0
16621	14	13	2	0	1
16622	14	13	2	0	2
16623	14	13	2	1	0
16624	14	13	2	1	1
16625	14	13	2	1	2
16626	14	13	2	2	0
16627	14	13	2	2	1
16628	14	13	2	2	2
16629	14	13	2	3	0
16630	14	13	2	3	1
16631	14	13	2	3	2
16632	14	14	0	0	0
16633	14	14	0	0	1
16634	14	14	0	0	2
16635	14	14	0	1	0
16636	14	14	0	1	1
16637	14	14	0	1	2
16638	14	14	0	2	0
16639	14	14	0	2	1
16640	14	14	0	2	2
16641	14	14	0	3	0
16642	14	14	0	3	1
16643	14	14	0	3	2
16644	14	14	1	0	0
16645	14	14	1	0	1
16646	14	14	1	0	2
16647	14	14	1	1	0
16648	14	14	1	1	1
16649	14	14	1	1	2
16650	14	14	1	2	0
16651	14	14	1	2	1
16652	14	14	1	2	2
16653	14	14	1	3	0
16654	14	14	1	3	1
16655	14	14	1	3	2
16656	14	14	2	0	0
16657	14	14	2	0	1
16658	14	14	2	0	2
16659	14	14	2	1	0
16660	14	14	2	1	1
16661	14	14	2	1	2
16662	14	14	2	2	0
16663	14	14	2	2	1
16664	14	14	2	2	2
16665	14	14	2	3	0
16666	14	14	2	3	1
16667	14	14	2	3	2
16668	14	15	0	0	0
16669	14	15	0	0	1
16670	14	15	0	0	2
16671	14	15	0	1	0
16672	14	15	0	1	1
16673	14	15	0	1	2
16674	14	15	0	2	0
16675	14	15	0	2	1
16676	14	15	0	2	2
16677	14	15	0	3	0
16678	14	15	0	3	1
16679	14	15	0	3	2
16680	14	15	1	0	0
16681	14	15	1	0	1
16682	14	15	1	0	2
16683	14	15	1	1	0
16684	14	15	1	1	1
16685	14	15	1	1	2
16686	14	15	1	2	0
16687	14	15	1	2	1
16688	14	15	1	2	2
16689	14	15	1	3	0
16690	14	15	1	3	1
16691	14	15	1	3	2
16692	14	15	2	0	0
16693	14	15	2	0	1
16694	14	15	2	0	2
16695	14	15	2	1	0
16696	14	15	2	1	1
16697	14	15	2	1	2
16698	14	15	2	2	0
16699	14	15	2	2	1
16700	14	15	2	2	2
16701	14	15	2	3	0
16702	14	15	2	3	1
16703	14	15	2	3	2
16704	14	16	0	0	0
16705	14	16	0	0	1
16706	14	16	0	0	2
16707	14	16	0	1	0
16708	14	16	0	1	1
16709	14	16	0	1	2
16710	14	16	0	2	0
16711	14	16	0	2	1
16712	14	16	0	2	2
16713	14	16	0	3	0
16714	14	16	0	3	1
16715	14	16	0	3	2
16716	14	16	1	0	0
16717	14	16	1	0	1
16718	14	16	1	0	2
16719	14	16	1	1	0
16720	14	16	1	1	1
16721	14	16	1	1	2
16722	14	16	1	2	0
16723	14	16	1	2	1
16724	14	16	1	2	2
16725	14	16	1	3	0
16726	14	16	1	3	1
16727	14	16	1	3	2
16728	14	16	2	0	0
16729	14	16	2	0	1
16730	14	16	2	0	2
16731	14	16	2	1	0
16732	14	16	2	1	1
16733	14	16	2	1	2
16734	14	16	2	2	0
16735	14	16	2	2	1
16736	14	16	2	2	2
16737	14	16	2	3	0
16738	14	16	2	3	1
16739	14	16	2	3	2
16740	14	17	0	0	0
16741	14	17	0	0	1
16742	14	17	0	0	2
16743	14	17	0	1	0
16744	14	17	0	1	1
16745	14	17	0	1	2
16746	14	17	0	2	0
16747	14	17	0	2	1
16748	14	17	0	2	2
16749	14	17	0	3	0
16750	14	17	0	3	1
16751	14	17	0	3	2
16752	14	17	1	0	0
16753	14	17	1	0	1
16754	14	17	1	0	2
16755	14	17	1	1	0
16756	14	17	1	1	1
16757	14	17	1	1	2
16758	14	17	1	2	0
16759	14	17	1	2	1
16760	14	17	1	2	2
16761	14	17	1	3	0
16762	14	17	1	3	1
16763	14	17	1	3	2
16764	14	17	2	0	0
16765	14	17	2	0	1
16766	14	17	2	0	2
16767	14	17	2	1	0
16768	14	17	2	1	1
16769	14	17	2	1	2
16770	14	17	2	2	0
16771	14	17	2	2	1
16772	14	17	2	2	2
16773	14	17	2	3	0
16774	14	17	2	3	1
16775	14	17	2	3	2
16776	14	18	0	0	0
16777	14	18	0	0	1
16778	14	18	0	0	2
16779	14	18	0	1	0
16780	14	18	0	1	1
16781	14	18	0	1	2
16782	14	18	0	2	0
16783	14	18	0	2	1
16784	14	18	0	2	2
16785	14	18	0	3	0
16786	14	18	0	3	1
16787	14	18	0	3	2
16788	14	18	1	0	0
16789	14	18	1	0	1
16790	14	18	1	0	2
16791	14	18	1	1	0
16792	14	18	1	1	1
16793	14	18	1	1	2
16794	14	18	1	2	0
16795	14	18	1	2	1
16796	14	18	1	2	2
16797	14	18	1	3	0
16798	14	18	1	3	1
16799	14	18	1	3	2
16800	14	18	2	0	0
16801	14	18	2	0	1
16802	14	18	2	0	2
16803	14	18	2	1	0
16804	14	18	2	1	1
16805	14	18	2	1	2
16806	14	18	2	2	0
16807	14	18	2	2	1
16808	14	18	2	2	2
16809	14	18	2	3	0
16810	14	18	2	3	1
16811	14	18	2	3	2
16812	14	19	0	0	0
16813	14	19	0	0	1
16814	14	19	0	0	2
16815	14	19	0	1	0
16816	14	19	0	1	1
16817	14	19	0	1	2
16818	14	19	0	2	0
16819	14	19	0	2	1
16820	14	19	0	2	2
16821	14	19	0	3	0
16822	14	19	0	3	1
16823	14	19	0	3	2
16824	14	19	1	0	0
16825	14	19	1	0	1
16826	14	19	1	0	2
16827	14	19	1	1	0
16828	14	19	1	1	1
16829	14	19	1	1	2
16830	14	19	1	2	0
16831	14	19	1	2	1
16832	14	19	1	2	2
16833	14	19	1	3	0
16834	14	19	1	3	1
16835	14	19	1	3	2
16836	14	19	2	0	0
16837	14	19	2	0	1
16838	14	19	2	0	2
16839	14	19	2	1	0
16840	14	19	2	1	1
16841	14	19	2	1	2
16842	14	19	2	2	0
16843	14	19	2	2	1
16844	14	19	2	2	2
16845	14	19	2	3	0
16846	14	19	2	3	1
16847	14	19	2	3	2
16848	14	20	0	0	0
16849	14	20	0	0	1
16850	14	20	0	0	2
16851	14	20	0	1	0
16852	14	20	0	1	1
16853	14	20	0	1	2
16854	14	20	0	2	0
16855	14	20	0	2	1
16856	14	20	0	2	2
16857	14	20	0	3	0
16858	14	20	0	3	1
16859	14	20	0	3	2
16860	14	20	1	0	0
16861	14	20	1	0	1
16862	14	20	1	0	2
16863	14	20	1	1	0
16864	14	20	1	1	1
16865	14	20	1	1	2
16866	14	20	1	2	0
16867	14	20	1	2	1
16868	14	20	1	2	2
16869	14	20	1	3	0
16870	14	20	1	3	1
16871	14	20	1	3	2
16872	14	20	2	0	0
16873	14	20	2	0	1
16874	14	20	2	0	2
16875	14	20	2	1	0
16876	14	20	2	1	1
16877	14	20	2	1	2
16878	14	20	2	2	0
16879	14	20	2	2	1
16880	14	20	2	2	2
16881	14	20	2	3	0
16882	14	20	2	3	1
16883	14	20	2	3	2
16884	14	21	0	0	0
16885	14	21	0	0	1
16886	14	21	0	0	2
16887	14	21	0	1	0
16888	14	21	0	1	1
16889	14	21	0	1	2
16890	14	21	0	2	0
16891	14	21	0	2	1
16892	14	21	0	2	2
16893	14	21	0	3	0
16894	14	21	0	3	1
16895	14	21	0	3	2
16896	14	21	1	0	0
16897	14	21	1	0	1
16898	14	21	1	0	2
16899	14	21	1	1	0
16900	14	21	1	1	1
16901	14	21	1	1	2
16902	14	21	1	2	0
16903	14	21	1	2	1
16904	14	21	1	2	2
16905	14	21	1	3	0
16906	14	21	1	3	1
16907	14	21	1	3	2
16908	14	21	2	0	0
16909	14	21	2	0	1
16910	14	21	2	0	2
16911	14	21	2	1	0
16912	14	21	2	1	1
16913	14	21	2	1	2
16914	14	21	2	2	0
16915	14	21	2	2	1
16916	14	21	2	2	2
16917	14	21	2	3	0
16918	14	21	2	3	1
16919	14	21	2	3	2
16920	14	22	0	0	0
16921	14	22	0	0	1
16922	14	22	0	0	2
16923	14	22	0	1	0
16924	14	22	0	1	1
16925	14	22	0	1	2
16926	14	22	0	2	0
16927	14	22	0	2	1
16928	14	22	0	2	2
16929	14	22	0	3	0
16930	14	22	0	3	1
16931	14	22	0	3	2
16932	14	22	1	0	0
16933	14	22	1	0	1
16934	14	22	1	0	2
16935	14	22	1	1	0
16936	14	22	1	1	1
16937	14	22	1	1	2
16938	14	22	1	2	0
16939	14	22	1	2	1
16940	14	22	1	2	2
16941	14	22	1	3	0
16942	14	22	1	3	1
16943	14	22	1	3	2
16944	14	22	2	0	0
16945	14	22	2	0	1
16946	14	22	2	0	2
16947	14	22	2	1	0
16948	14	22	2	1	1
16949	14	22	2	1	2
16950	14	22	2	2	0
16951	14	22	2	2	1
16952	14	22	2	2	2
16953	14	22	2	3	0
16954	14	22	2	3	1
16955	14	22	2	3	2
16956	14	23	0	0	0
16957	14	23	0	0	1
16958	14	23	0	0	2
16959	14	23	0	1	0
16960	14	23	0	1	1
16961	14	23	0	1	2
16962	14	23	0	2	0
16963	14	23	0	2	1
16964	14	23	0	2	2
16965	14	23	0	3	0
16966	14	23	0	3	1
16967	14	23	0	3	2
16968	14	23	1	0	0
16969	14	23	1	0	1
16970	14	23	1	0	2
16971	14	23	1	1	0
16972	14	23	1	1	1
16973	14	23	1	1	2
16974	14	23	1	2	0
16975	14	23	1	2	1
16976	14	23	1	2	2
16977	14	23	1	3	0
16978	14	23	1	3	1
16979	14	23	1	3	2
16980	14	23	2	0	0
16981	14	23	2	0	1
16982	14	23	2	0	2
16983	14	23	2	1	0
16984	14	23	2	1	1
16985	14	23	2	1	2
16986	14	23	2	2	0
16987	14	23	2	2	1
16988	14	23	2	2	2
16989	14	23	2	3	0
16990	14	23	2	3	1
16991	14	23	2	3	2
16992	14	24	0	0	0
16993	14	24	0	0	1
16994	14	24	0	0	2
16995	14	24	0	1	0
16996	14	24	0	1	1
16997	14	24	0	1	2
16998	14	24	0	2	0
16999	14	24	0	2	1
17000	14	24	0	2	2
17001	14	24	0	3	0
17002	14	24	0	3	1
17003	14	24	0	3	2
17004	14	24	1	0	0
17005	14	24	1	0	1
17006	14	24	1	0	2
17007	14	24	1	1	0
17008	14	24	1	1	1
17009	14	24	1	1	2
17010	14	24	1	2	0
17011	14	24	1	2	1
17012	14	24	1	2	2
17013	14	24	1	3	0
17014	14	24	1	3	1
17015	14	24	1	3	2
17016	14	24	2	0	0
17017	14	24	2	0	1
17018	14	24	2	0	2
17019	14	24	2	1	0
17020	14	24	2	1	1
17021	14	24	2	1	2
17022	14	24	2	2	0
17023	14	24	2	2	1
17024	14	24	2	2	2
17025	14	24	2	3	0
17026	14	24	2	3	1
17027	14	24	2	3	2
17028	14	25	0	0	0
17029	14	25	0	0	1
17030	14	25	0	0	2
17031	14	25	0	1	0
17032	14	25	0	1	1
17033	14	25	0	1	2
17034	14	25	0	2	0
17035	14	25	0	2	1
17036	14	25	0	2	2
17037	14	25	0	3	0
17038	14	25	0	3	1
17039	14	25	0	3	2
17040	14	25	1	0	0
17041	14	25	1	0	1
17042	14	25	1	0	2
17043	14	25	1	1	0
17044	14	25	1	1	1
17045	14	25	1	1	2
17046	14	25	1	2	0
17047	14	25	1	2	1
17048	14	25	1	2	2
17049	14	25	1	3	0
17050	14	25	1	3	1
17051	14	25	1	3	2
17052	14	25	2	0	0
17053	14	25	2	0	1
17054	14	25	2	0	2
17055	14	25	2	1	0
17056	14	25	2	1	1
17057	14	25	2	1	2
17058	14	25	2	2	0
17059	14	25	2	2	1
17060	14	25	2	2	2
17061	14	25	2	3	0
17062	14	25	2	3	1
17063	14	25	2	3	2
17064	14	26	0	0	0
17065	14	26	0	0	1
17066	14	26	0	0	2
17067	14	26	0	1	0
17068	14	26	0	1	1
17069	14	26	0	1	2
17070	14	26	0	2	0
17071	14	26	0	2	1
17072	14	26	0	2	2
17073	14	26	0	3	0
17074	14	26	0	3	1
17075	14	26	0	3	2
17076	14	26	1	0	0
17077	14	26	1	0	1
17078	14	26	1	0	2
17079	14	26	1	1	0
17080	14	26	1	1	1
17081	14	26	1	1	2
17082	14	26	1	2	0
17083	14	26	1	2	1
17084	14	26	1	2	2
17085	14	26	1	3	0
17086	14	26	1	3	1
17087	14	26	1	3	2
17088	14	26	2	0	0
17089	14	26	2	0	1
17090	14	26	2	0	2
17091	14	26	2	1	0
17092	14	26	2	1	1
17093	14	26	2	1	2
17094	14	26	2	2	0
17095	14	26	2	2	1
17096	14	26	2	2	2
17097	14	26	2	3	0
17098	14	26	2	3	1
17099	14	26	2	3	2
17100	14	27	0	0	0
17101	14	27	0	0	1
17102	14	27	0	0	2
17103	14	27	0	1	0
17104	14	27	0	1	1
17105	14	27	0	1	2
17106	14	27	0	2	0
17107	14	27	0	2	1
17108	14	27	0	2	2
17109	14	27	0	3	0
17110	14	27	0	3	1
17111	14	27	0	3	2
17112	14	27	1	0	0
17113	14	27	1	0	1
17114	14	27	1	0	2
17115	14	27	1	1	0
17116	14	27	1	1	1
17117	14	27	1	1	2
17118	14	27	1	2	0
17119	14	27	1	2	1
17120	14	27	1	2	2
17121	14	27	1	3	0
17122	14	27	1	3	1
17123	14	27	1	3	2
17124	14	27	2	0	0
17125	14	27	2	0	1
17126	14	27	2	0	2
17127	14	27	2	1	0
17128	14	27	2	1	1
17129	14	27	2	1	2
17130	14	27	2	2	0
17131	14	27	2	2	1
17132	14	27	2	2	2
17133	14	27	2	3	0
17134	14	27	2	3	1
17135	14	27	2	3	2
17136	14	28	0	0	0
17137	14	28	0	0	1
17138	14	28	0	0	2
17139	14	28	0	1	0
17140	14	28	0	1	1
17141	14	28	0	1	2
17142	14	28	0	2	0
17143	14	28	0	2	1
17144	14	28	0	2	2
17145	14	28	0	3	0
17146	14	28	0	3	1
17147	14	28	0	3	2
17148	14	28	1	0	0
17149	14	28	1	0	1
17150	14	28	1	0	2
17151	14	28	1	1	0
17152	14	28	1	1	1
17153	14	28	1	1	2
17154	14	28	1	2	0
17155	14	28	1	2	1
17156	14	28	1	2	2
17157	14	28	1	3	0
17158	14	28	1	3	1
17159	14	28	1	3	2
17160	14	28	2	0	0
17161	14	28	2	0	1
17162	14	28	2	0	2
17163	14	28	2	1	0
17164	14	28	2	1	1
17165	14	28	2	1	2
17166	14	28	2	2	0
17167	14	28	2	2	1
17168	14	28	2	2	2
17169	14	28	2	3	0
17170	14	28	2	3	1
17171	14	28	2	3	2
17172	14	29	0	0	0
17173	14	29	0	0	1
17174	14	29	0	0	2
17175	14	29	0	1	0
17176	14	29	0	1	1
17177	14	29	0	1	2
17178	14	29	0	2	0
17179	14	29	0	2	1
17180	14	29	0	2	2
17181	14	29	0	3	0
17182	14	29	0	3	1
17183	14	29	0	3	2
17184	14	29	1	0	0
17185	14	29	1	0	1
17186	14	29	1	0	2
17187	14	29	1	1	0
17188	14	29	1	1	1
17189	14	29	1	1	2
17190	14	29	1	2	0
17191	14	29	1	2	1
17192	14	29	1	2	2
17193	14	29	1	3	0
17194	14	29	1	3	1
17195	14	29	1	3	2
17196	14	29	2	0	0
17197	14	29	2	0	1
17198	14	29	2	0	2
17199	14	29	2	1	0
17200	14	29	2	1	1
17201	14	29	2	1	2
17202	14	29	2	2	0
17203	14	29	2	2	1
17204	14	29	2	2	2
17205	14	29	2	3	0
17206	14	29	2	3	1
17207	14	29	2	3	2
17208	14	30	0	0	0
17209	14	30	0	0	1
17210	14	30	0	0	2
17211	14	30	0	1	0
17212	14	30	0	1	1
17213	14	30	0	1	2
17214	14	30	0	2	0
17215	14	30	0	2	1
17216	14	30	0	2	2
17217	14	30	0	3	0
17218	14	30	0	3	1
17219	14	30	0	3	2
17220	14	30	1	0	0
17221	14	30	1	0	1
17222	14	30	1	0	2
17223	14	30	1	1	0
17224	14	30	1	1	1
17225	14	30	1	1	2
17226	14	30	1	2	0
17227	14	30	1	2	1
17228	14	30	1	2	2
17229	14	30	1	3	0
17230	14	30	1	3	1
17231	14	30	1	3	2
17232	14	30	2	0	0
17233	14	30	2	0	1
17234	14	30	2	0	2
17235	14	30	2	1	0
17236	14	30	2	1	1
17237	14	30	2	1	2
17238	14	30	2	2	0
17239	14	30	2	2	1
17240	14	30	2	2	2
17241	14	30	2	3	0
17242	14	30	2	3	1
17243	14	30	2	3	2
17244	14	31	0	0	0
17245	14	31	0	0	1
17246	14	31	0	0	2
17247	14	31	0	1	0
17248	14	31	0	1	1
17249	14	31	0	1	2
17250	14	31	0	2	0
17251	14	31	0	2	1
17252	14	31	0	2	2
17253	14	31	0	3	0
17254	14	31	0	3	1
17255	14	31	0	3	2
17256	14	31	1	0	0
17257	14	31	1	0	1
17258	14	31	1	0	2
17259	14	31	1	1	0
17260	14	31	1	1	1
17261	14	31	1	1	2
17262	14	31	1	2	0
17263	14	31	1	2	1
17264	14	31	1	2	2
17265	14	31	1	3	0
17266	14	31	1	3	1
17267	14	31	1	3	2
17268	14	31	2	0	0
17269	14	31	2	0	1
17270	14	31	2	0	2
17271	14	31	2	1	0
17272	14	31	2	1	1
17273	14	31	2	1	2
17274	14	31	2	2	0
17275	14	31	2	2	1
17276	14	31	2	2	2
17277	14	31	2	3	0
17278	14	31	2	3	1
17279	14	31	2	3	2
17280	15	0	0	0	0
17281	15	0	0	0	1
17282	15	0	0	0	2
17283	15	0	0	1	0
17284	15	0	0	1	1
17285	15	0	0	1	2
17286	15	0	0	2	0
17287	15	0	0	2	1
17288	15	0	0	2	2
17289	15	0	0	3	0
17290	15	0	0	3	1
17291	15	0	0	3	2
17292	15	0	1	0	0
17293	15	0	1	0	1
17294	15	0	1	0	2
17295	15	0	1	1	0
17296	15	0	1	1	1
17297	15	0	1	1	2
17298	15	0	1	2	0
17299	15	0	1	2	1
17300	15	0	1	2	2
17301	15	0	1	3	0
17302	15	0	1	3	1
17303	15	0	1	3	2
17304	15	0	2	0	0
17305	15	0	2	0	1
17306	15	0	2	0	2
17307	15	0	2	1	0
17308	15	0	2	1	1
17309	15	0	2	1	2
17310	15	0	2	2	0
17311	15	0	2	2	1
17312	15	0	2	2	2
17313	15	0	2	3	0
17314	15	0	2	3	1
17315	15	0	2	3	2
17316	15	1	0	0	0
17317	15	1	0	0	1
17318	15	1	0	0	2
17319	15	1	0	1	0
17320	15	1	0	1	1
17321	15	1	0	1	2
17322	15	1	0	2	0
17323	15	1	0	2	1
17324	15	1	0	2	2
17325	15	1	0	3	0
17326	15	1	0	3	1
17327	15	1	0	3	2
17328	15	1	1	0	0
17329	15	1	1	0	1
17330	15	1	1	0	2
17331	15	1	1	1	0
17332	15	1	1	1	1
17333	15	1	1	1	2
17334	15	1	1	2	0
17335	15	1	1	2	1
17336	15	1	1	2	2
17337	15	1	1	3	0
17338	15	1	1	3	1
17339	15	1	1	3	2
17340	15	1	2	0	0
17341	15	1	2	0	1
17342	15	1	2	0	2
17343	15	1	2	1	0
17344	15	1	2	1	1
17345	15	1	2	1	2
17346	15	1	2	2	0
17347	15	1	2	2	1
17348	15	1	2	2	2
17349	15	1	2	3	0
17350	15	1	2	3	1
17351	15	1	2	3	2
17352	15	2	0	0	0
17353	15	2	0	0	1
17354	15	2	0	0	2
17355	15	2	0	1	0
17356	15	2	0	1	1
17357	15	2	0	1	2
17358	15	2	0	2	0
17359	15	2	0	2	1
17360	15	2	0	2	2
17361	15	2	0	3	0
17362	15	2	0	3	1
17363	15	2	0	3	2
17364	15	2	1	0	0
17365	15	2	1	0	1
17366	15	2	1	0	2
17367	15	2	1	1	0
17368	15	2	1	1	1
17369	15	2	1	1	2
17370	15	2	1	2	0
17371	15	2	1	2	1
17372	15	2	1	2	2
17373	15	2	1	3	0
17374	15	2	1	3	1
17375	15	2	1	3	2
17376	15	2	2	0	0
17377	15	2	2	0	1
17378	15	2	2	0	2
17379	15	2	2	1	0
17380	15	2	2	1	1
17381	15	2	2	1	2
17382	15	2	2	2	0
17383	15	2	2	2	1
17384	15	2	2	2	2
17385	15	2	2	3	0
17386	15	2	2	3	1
17387	15	2	2	3	2
17388	15	3	0	0	0
17389	15	3	0	0	1
17390	15	3	0	0	2
17391	15	3	0	1	0
17392	15	3	0	1	1
17393	15	3	0	1	2
17394	15	3	0	2	0
17395	15	3	0	2	1
17396	15	3	0	2	2
17397	15	3	0	3	0
17398	15	3	0	3	1
17399	15	3	0	3	2
17400	15	3	1	0	0
17401	15	3	1	0	1
17402	15	3	1	0	2
17403	15	3	1	1	0
17404	15	3	1	1	1
17405	15	3	1	1	2
17406	15	3	1	2	0
17407	15	3	1	2	1
17408	15	3	1	2	2
17409	15	3	1	3	0
17410	15	3	1	3	1
17411	15	3	1	3	2
17412	15	3	2	0	0
17413	15	3	2	0	1
17414	15	3	2	0	2
17415	15	3	2	1	0
17416	15	3	2	1	1
17417	15	3	2	1	2
17418	15	3	2	2	0
17419	15	3	2	2	1
17420	15	3	2	2	2
17421	15	3	2	3	0
17422	15	3	2	3	1
17423	15	3	2	3	2
17424	15	4	0	0	0
17425	15	4	0	0	1
17426	15	4	0	0	2
17427	15	4	0	1	0
17428	15	4	0	1	1
17429	15	4	0	1	2
17430	15	4	0	2	0
17431	15	4	0	2	1
17432	15	4	0	2	2
17433	15	4	0	3	0
17434	15	4	0	3	1
17435	15	4	0	3	2
17436	15	4	1	0	0
17437	15	4	1	0	1
17438	15	4	1	0	2
17439	15	4	1	1	0
17440	15	4	1	1	1
17441	15	4	1	1	2
17442	15	4	1	2	0
17443	15	4	1	2	1
17444	15	4	1	2	2
17445	15	4	1	3	0
17446	15	4	1	3	1
17447	15	4	1	3	2
17448	15	4	2	0	0
17449	15	4	2	0	1
17450	15	4	2	0	2
17451	15	4	2	1	0
17452	15	4	2	1	1
17453	15	4	2	1	2
17454	15	4	2	2	0
17455	15	4	2	2	1
17456	15	4	2	2	2
17457	15	4	2	3	0
17458	15	4	2	3	1
17459	15	4	2	3	2
17460	15	5	0	0	0
17461	15	5	0	0	1
17462	15	5	0	0	2
17463	15	5	0	1	0
17464	15	5	0	1	1
17465	15	5	0	1	2
17466	15	5	0	2	0
17467	15	5	0	2	1
17468	15	5	0	2	2
17469	15	5	0	3	0
17470	15	5	0	3	1
17471	15	5	0	3	2
17472	15	5	1	0	0
17473	15	5	1	0	1
17474	15	5	1	0	2
17475	15	5	1	1	0
17476	15	5	1	1	1
17477	15	5	1	1	2
17478	15	5	1	2	0
17479	15	5	1	2	1
17480	15	5	1	2	2
17481	15	5	1	3	0
17482	15	5	1	3	1
17483	15	5	1	3	2
17484	15	5	2	0	0
17485	15	5	2	0	1
17486	15	5	2	0	2
17487	15	5	2	1	0
17488	15	5	2	1	1
17489	15	5	2	1	2
17490	15	5	2	2	0
17491	15	5	2	2	1
17492	15	5	2	2	2
17493	15	5	2	3	0
17494	15	5	2	3	1
17495	15	5	2	3	2
17496	15	6	0	0	0
17497	15	6	0	0	1
17498	15	6	0	0	2
17499	15	6	0	1	0
17500	15	6	0	1	1
17501	15	6	0	1	2
17502	15	6	0	2	0
17503	15	6	0	2	1
17504	15	6	0	2	2
17505	15	6	0	3	0
17506	15	6	0	3	1
17507	15	6	0	3	2
17508	15	6	1	0	0
17509	15	6	1	0	1
17510	15	6	1	0	2
17511	15	6	1	1	0
17512	15	6	1	1	1
17513	15	6	1	1	2
17514	15	6	1	2	0
17515	15	6	1	2	1
17516	15	6	1	2	2
17517	15	6	1	3	0
17518	15	6	1	3	1
17519	15	6	1	3	2
17520	15	6	2	0	0
17521	15	6	2	0	1
17522	15	6	2	0	2
17523	15	6	2	1	0
17524	15	6	2	1	1
17525	15	6	2	1	2
17526	15	6	2	2	0
17527	15	6	2	2	1
17528	15	6	2	2	2
17529	15	6	2	3	0
17530	15	6	2	3	1
17531	15	6	2	3	2
17532	15	7	0	0	0
17533	15	7	0	0	1
17534	15	7	0	0	2
17535	15	7	0	1	0
17536	15	7	0	1	1
17537	15	7	0	1	2
17538	15	7	0	2	0
17539	15	7	0	2	1
17540	15	7	0	2	2
17541	15	7	0	3	0
17542	15	7	0	3	1
17543	15	7	0	3	2
17544	15	7	1	0	0
17545	15	7	1	0	1
17546	15	7	1	0	2
17547	15	7	1	1	0
17548	15	7	1	1	1
17549	15	7	1	1	2
17550	15	7	1	2	0
17551	15	7	1	2	1
17552	15	7	1	2	2
17553	15	7	1	3	0
17554	15	7	1	3	1
17555	15	7	1	3	2
17556	15	7	2	0	0
17557	15	7	2	0	1
17558	15	7	2	0	2
17559	15	7	2	1	0
17560	15	7	2	1	1
17561	15	7	2	1	2
17562	15	7	2	2	0
17563	15	7	2	2	1
17564	15	7	2	2	2
17565	15	7	2	3	0
17566	15	7	2	3	1
17567	15	7	2	3	2
17568	15	8	0	0	0
17569	15	8	0	0	1
17570	15	8	0	0	2
17571	15	8	0	1	0
17572	15	8	0	1	1
17573	15	8	0	1	2
17574	15	8	0	2	0
17575	15	8	0	2	1
17576	15	8	0	2	2
17577	15	8	0	3	0
17578	15	8	0	3	1
17579	15	8	0	3	2
17580	15	8	1	0	0
17581	15	8	1	0	1
17582	15	8	1	0	2
17583	15	8	1	1	0
17584	15	8	1	1	1
17585	15	8	1	1	2
17586	15	8	1	2	0
17587	15	8	1	2	1
17588	15	8	1	2	2
17589	15	8	1	3	0
17590	15	8	1	3	1
17591	15	8	1	3	2
17592	15	8	2	0	0
17593	15	8	2	0	1
17594	15	8	2	0	2
17595	15	8	2	1	0
17596	15	8	2	1	1
17597	15	8	2	1	2
17598	15	8	2	2	0
17599	15	8	2	2	1
17600	15	8	2	2	2
17601	15	8	2	3	0
17602	15	8	2	3	1
17603	15	8	2	3	2
17604	15	9	0	0	0
17605	15	9	0	0	1
17606	15	9	0	0	2
17607	15	9	0	1	0
17608	15	9	0	1	1
17609	15	9	0	1	2
17610	15	9	0	2	0
17611	15	9	0	2	1
17612	15	9	0	2	2
17613	15	9	0	3	0
17614	15	9	0	3	1
17615	15	9	0	3	2
17616	15	9	1	0	0
17617	15	9	1	0	1
17618	15	9	1	0	2
17619	15	9	1	1	0
17620	15	9	1	1	1
17621	15	9	1	1	2
17622	15	9	1	2	0
17623	15	9	1	2	1
17624	15	9	1	2	2
17625	15	9	1	3	0
17626	15	9	1	3	1
17627	15	9	1	3	2
17628	15	9	2	0	0
17629	15	9	2	0	1
17630	15	9	2	0	2
17631	15	9	2	1	0
17632	15	9	2	1	1
17633	15	9	2	1	2
17634	15	9	2	2	0
17635	15	9	2	2	1
17636	15	9	2	2	2
17637	15	9	2	3	0
17638	15	9	2	3	1
17639	15	9	2	3	2
17640	15	10	0	0	0
17641	15	10	0	0	1
17642	15	10	0	0	2
17643	15	10	0	1	0
17644	15	10	0	1	1
17645	15	10	0	1	2
17646	15	10	0	2	0
17647	15	10	0	2	1
17648	15	10	0	2	2
17649	15	10	0	3	0
17650	15	10	0	3	1
17651	15	10	0	3	2
17652	15	10	1	0	0
17653	15	10	1	0	1
17654	15	10	1	0	2
17655	15	10	1	1	0
17656	15	10	1	1	1
17657	15	10	1	1	2
17658	15	10	1	2	0
17659	15	10	1	2	1
17660	15	10	1	2	2
17661	15	10	1	3	0
17662	15	10	1	3	1
17663	15	10	1	3	2
17664	15	10	2	0	0
17665	15	10	2	0	1
17666	15	10	2	0	2
17667	15	10	2	1	0
17668	15	10	2	1	1
17669	15	10	2	1	2
17670	15	10	2	2	0
17671	15	10	2	2	1
17672	15	10	2	2	2
17673	15	10	2	3	0
17674	15	10	2	3	1
17675	15	10	2	3	2
17676	15	11	0	0	0
17677	15	11	0	0	1
17678	15	11	0	0	2
17679	15	11	0	1	0
17680	15	11	0	1	1
17681	15	11	0	1	2
17682	15	11	0	2	0
17683	15	11	0	2	1
17684	15	11	0	2	2
17685	15	11	0	3	0
17686	15	11	0	3	1
17687	15	11	0	3	2
17688	15	11	1	0	0
17689	15	11	1	0	1
17690	15	11	1	0	2
17691	15	11	1	1	0
17692	15	11	1	1	1
17693	15	11	1	1	2
17694	15	11	1	2	0
17695	15	11	1	2	1
17696	15	11	1	2	2
17697	15	11	1	3	0
17698	15	11	1	3	1
17699	15	11	1	3	2
17700	15	11	2	0	0
17701	15	11	2	0	1
17702	15	11	2	0	2
17703	15	11	2	1	0
17704	15	11	2	1	1
17705	15	11	2	1	2
17706	15	11	2	2	0
17707	15	11	2	2	1
17708	15	11	2	2	2
17709	15	11	2	3	0
17710	15	11	2	3	1
17711	15	11	2	3	2
17712	15	12	0	0	0
17713	15	12	0	0	1
17714	15	12	0	0	2
17715	15	12	0	1	0
17716	15	12	0	1	1
17717	15	12	0	1	2
17718	15	12	0	2	0
17719	15	12	0	2	1
17720	15	12	0	2	2
17721	15	12	0	3	0
17722	15	12	0	3	1
17723	15	12	0	3	2
17724	15	12	1	0	0
17725	15	12	1	0	1
17726	15	12	1	0	2
17727	15	12	1	1	0
17728	15	12	1	1	1
17729	15	12	1	1	2
17730	15	12	1	2	0
17731	15	12	1	2	1
17732	15	12	1	2	2
17733	15	12	1	3	0
17734	15	12	1	3	1
17735	15	12	1	3	2
17736	15	12	2	0	0
17737	15	12	2	0	1
17738	15	12	2	0	2
17739	15	12	2	1	0
17740	15	12	2	1	1
17741	15	12	2	1	2
17742	15	12	2	2	0
17743	15	12	2	2	1
17744	15	12	2	2	2
17745	15	12	2	3	0
17746	15	12	2	3	1
17747	15	12	2	3	2
17748	15	13	0	0	0
17749	15	13	0	0	1
17750	15	13	0	0	2
17751	15	13	0	1	0
17752	15	13	0	1	1
17753	15	13	0	1	2
17754	15	13	0	2	0
17755	15	13	0	2	1
17756	15	13	0	2	2
17757	15	13	0	3	0
17758	15	13	0	3	1
17759	15	13	0	3	2
17760	15	13	1	0	0
17761	15	13	1	0	1
17762	15	13	1	0	2
17763	15	13	1	1	0
17764	15	13	1	1	1
17765	15	13	1	1	2
17766	15	13	1	2	0
17767	15	13	1	2	1
17768	15	13	1	2	2
17769	15	13	1	3	0
17770	15	13	1	3	1
17771	15	13	1	3	2
17772	15	13	2	0	0
17773	15	13	2	0	1
17774	15	13	2	0	2
17775	15	13	2	1	0
17776	15	13	2	1	1
17777	15	13	2	1	2
17778	15	13	2	2	0
17779	15	13	2	2	1
17780	15	13	2	2	2
17781	15	13	2	3	0
17782	15	13	2	3	1
17783	15	13	2	3	2
17784	15	14	0	0	0
17785	15	14	0	0	1
17786	15	14	0	0	2
17787	15	14	0	1	0
17788	15	14	0	1	1
17789	15	14	0	1	2
17790	15	14	0	2	0
17791	15	14	0	2	1
17792	15	14	0	2	2
17793	15	14	0	3	0
17794	15	14	0	3	1
17795	15	14	0	3	2
17796	15	14	1	0	0
17797	15	14	1	0	1
17798	15	14	1	0	2
17799	15	14	1	1	0
17800	15	14	1	1	1
17801	15	14	1	1	2
17802	15	14	1	2	0
17803	15	14	1	2	1
17804	15	14	1	2	2
17805	15	14	1	3	0
17806	15	14	1	3	1
17807	15	14	1	3	2
17808	15	14	2	0	0
17809	15	14	2	0	1
17810	15	14	2	0	2
17811	15	14	2	1	0
17812	15	14	2	1	1
17813	15	14	2	1	2
17814	15	14	2	2	0
17815	15	14	2	2	1
17816	15	14	2	2	2
17817	15	14	2	3	0
17818	15	14	2	3	1
17819	15	14	2	3	2
17820	15	15	0	0	0
17821	15	15	0	0	1
17822	15	15	0	0	2
17823	15	15	0	1	0
17824	15	15	0	1	1
17825	15	15	0	1	2
17826	15	15	0	2	0
17827	15	15	0	2	1
17828	15	15	0	2	2
17829	15	15	0	3	0
17830	15	15	0	3	1
17831	15	15	0	3	2
17832	15	15	1	0	0
17833	15	15	1	0	1
17834	15	15	1	0	2
17835	15	15	1	1	0
17836	15	15	1	1	1
17837	15	15	1	1	2
17838	15	15	1	2	0
17839	15	15	1	2	1
17840	15	15	1	2	2
17841	15	15	1	3	0
17842	15	15	1	3	1
17843	15	15	1	3	2
17844	15	15	2	0	0
17845	15	15	2	0	1
17846	15	15	2	0	2
17847	15	15	2	1	0
17848	15	15	2	1	1
17849	15	15	2	1	2
17850	15	15	2	2	0
17851	15	15	2	2	1
17852	15	15	2	2	2
17853	15	15	2	3	0
17854	15	15	2	3	1
17855	15	15	2	3	2
17856	15	16	0	0	0
17857	15	16	0	0	1
17858	15	16	0	0	2
17859	15	16	0	1	0
17860	15	16	0	1	1
17861	15	16	0	1	2
17862	15	16	0	2	0
17863	15	16	0	2	1
17864	15	16	0	2	2
17865	15	16	0	3	0
17866	15	16	0	3	1
17867	15	16	0	3	2
17868	15	16	1	0	0
17869	15	16	1	0	1
17870	15	16	1	0	2
17871	15	16	1	1	0
17872	15	16	1	1	1
17873	15	16	1	1	2
17874	15	16	1	2	0
17875	15	16	1	2	1
17876	15	16	1	2	2
17877	15	16	1	3	0
17878	15	16	1	3	1
17879	15	16	1	3	2
17880	15	16	2	0	0
17881	15	16	2	0	1
17882	15	16	2	0	2
17883	15	16	2	1	0
17884	15	16	2	1	1
17885	15	16	2	1	2
17886	15	16	2	2	0
17887	15	16	2	2	1
17888	15	16	2	2	2
17889	15	16	2	3	0
17890	15	16	2	3	1
17891	15	16	2	3	2
17892	15	17	0	0	0
17893	15	17	0	0	1
17894	15	17	0	0	2
17895	15	17	0	1	0
17896	15	17	0	1	1
17897	15	17	0	1	2
17898	15	17	0	2	0
17899	15	17	0	2	1
17900	15	17	0	2	2
17901	15	17	0	3	0
17902	15	17	0	3	1
17903	15	17	0	3	2
17904	15	17	1	0	0
17905	15	17	1	0	1
17906	15	17	1	0	2
17907	15	17	1	1	0
17908	15	17	1	1	1
17909	15	17	1	1	2
17910	15	17	1	2	0
17911	15	17	1	2	1
17912	15	17	1	2	2
17913	15	17	1	3	0
17914	15	17	1	3	1
17915	15	17	1	3	2
17916	15	17	2	0	0
17917	15	17	2	0	1
17918	15	17	2	0	2
17919	15	17	2	1	0
17920	15	17	2	1	1
17921	15	17	2	1	2
17922	15	17	2	2	0
17923	15	17	2	2	1
17924	15	17	2	2	2
17925	15	17	2	3	0
17926	15	17	2	3	1
17927	15	17	2	3	2
17928	15	18	0	0	0
17929	15	18	0	0	1
17930	15	18	0	0	2
17931	15	18	0	1	0
17932	15	18	0	1	1
17933	15	18	0	1	2
17934	15	18	0	2	0
17935	15	18	0	2	1
17936	15	18	0	2	2
17937	15	18	0	3	0
17938	15	18	0	3	1
17939	15	18	0	3	2
17940	15	18	1	0	0
17941	15	18	1	0	1
17942	15	18	1	0	2
17943	15	18	1	1	0
17944	15	18	1	1	1
17945	15	18	1	1	2
17946	15	18	1	2	0
17947	15	18	1	2	1
17948	15	18	1	2	2
17949	15	18	1	3	0
17950	15	18	1	3	1
17951	15	18	1	3	2
17952	15	18	2	0	0
17953	15	18	2	0	1
17954	15	18	2	0	2
17955	15	18	2	1	0
17956	15	18	2	1	1
17957	15	18	2	1	2
17958	15	18	2	2	0
17959	15	18	2	2	1
17960	15	18	2	2	2
17961	15	18	2	3	0
17962	15	18	2	3	1
17963	15	18	2	3	2
17964	15	19	0	0	0
17965	15	19	0	0	1
17966	15	19	0	0	2
17967	15	19	0	1	0
17968	15	19	0	1	1
17969	15	19	0	1	2
17970	15	19	0	2	0
17971	15	19	0	2	1
17972	15	19	0	2	2
17973	15	19	0	3	0
17974	15	19	0	3	1
17975	15	19	0	3	2
17976	15	19	1	0	0
17977	15	19	1	0	1
17978	15	19	1	0	2
17979	15	19	1	1	0
17980	15	19	1	1	1
17981	15	19	1	1	2
17982	15	19	1	2	0
17983	15	19	1	2	1
17984	15	19	1	2	2
17985	15	19	1	3	0
17986	15	19	1	3	1
17987	15	19	1	3	2
17988	15	19	2	0	0
17989	15	19	2	0	1
17990	15	19	2	0	2
17991	15	19	2	1	0
17992	15	19	2	1	1
17993	15	19	2	1	2
17994	15	19	2	2	0
17995	15	19	2	2	1
17996	15	19	2	2	2
17997	15	19	2	3	0
17998	15	19	2	3	1
17999	15	19	2	3	2
18000	15	20	0	0	0
18001	15	20	0	0	1
18002	15	20	0	0	2
18003	15	20	0	1	0
18004	15	20	0	1	1
18005	15	20	0	1	2
18006	15	20	0	2	0
18007	15	20	0	2	1
18008	15	20	0	2	2
18009	15	20	0	3	0
18010	15	20	0	3	1
18011	15	20	0	3	2
18012	15	20	1	0	0
18013	15	20	1	0	1
18014	15	20	1	0	2
18015	15	20	1	1	0
18016	15	20	1	1	1
18017	15	20	1	1	2
18018	15	20	1	2	0
18019	15	20	1	2	1
18020	15	20	1	2	2
18021	15	20	1	3	0
18022	15	20	1	3	1
18023	15	20	1	3	2
18024	15	20	2	0	0
18025	15	20	2	0	1
18026	15	20	2	0	2
18027	15	20	2	1	0
18028	15	20	2	1	1
18029	15	20	2	1	2
18030	15	20	2	2	0
18031	15	20	2	2	1
18032	15	20	2	2	2
18033	15	20	2	3	0
18034	15	20	2	3	1
18035	15	20	2	3	2
18036	15	21	0	0	0
18037	15	21	0	0	1
18038	15	21	0	0	2
18039	15	21	0	1	0
18040	15	21	0	1	1
18041	15	21	0	1	2
18042	15	21	0	2	0
18043	15	21	0	2	1
18044	15	21	0	2	2
18045	15	21	0	3	0
18046	15	21	0	3	1
18047	15	21	0	3	2
18048	15	21	1	0	0
18049	15	21	1	0	1
18050	15	21	1	0	2
18051	15	21	1	1	0
18052	15	21	1	1	1
18053	15	21	1	1	2
18054	15	21	1	2	0
18055	15	21	1	2	1
18056	15	21	1	2	2
18057	15	21	1	3	0
18058	15	21	1	3	1
18059	15	21	1	3	2
18060	15	21	2	0	0
18061	15	21	2	0	1
18062	15	21	2	0	2
18063	15	21	2	1	0
18064	15	21	2	1	1
18065	15	21	2	1	2
18066	15	21	2	2	0
18067	15	21	2	2	1
18068	15	21	2	2	2
18069	15	21	2	3	0
18070	15	21	2	3	1
18071	15	21	2	3	2
18072	15	22	0	0	0
18073	15	22	0	0	1
18074	15	22	0	0	2
18075	15	22	0	1	0
18076	15	22	0	1	1
18077	15	22	0	1	2
18078	15	22	0	2	0
18079	15	22	0	2	1
18080	15	22	0	2	2
18081	15	22	0	3	0
18082	15	22	0	3	1
18083	15	22	0	3	2
18084	15	22	1	0	0
18085	15	22	1	0	1
18086	15	22	1	0	2
18087	15	22	1	1	0
18088	15	22	1	1	1
18089	15	22	1	1	2
18090	15	22	1	2	0
18091	15	22	1	2	1
18092	15	22	1	2	2
18093	15	22	1	3	0
18094	15	22	1	3	1
18095	15	22	1	3	2
18096	15	22	2	0	0
18097	15	22	2	0	1
18098	15	22	2	0	2
18099	15	22	2	1	0
18100	15	22	2	1	1
18101	15	22	2	1	2
18102	15	22	2	2	0
18103	15	22	2	2	1
18104	15	22	2	2	2
18105	15	22	2	3	0
18106	15	22	2	3	1
18107	15	22	2	3	2
18108	15	23	0	0	0
18109	15	23	0	0	1
18110	15	23	0	0	2
18111	15	23	0	1	0
18112	15	23	0	1	1
18113	15	23	0	1	2
18114	15	23	0	2	0
18115	15	23	0	2	1
18116	15	23	0	2	2
18117	15	23	0	3	0
18118	15	23	0	3	1
18119	15	23	0	3	2
18120	15	23	1	0	0
18121	15	23	1	0	1
18122	15	23	1	0	2
18123	15	23	1	1	0
18124	15	23	1	1	1
18125	15	23	1	1	2
18126	15	23	1	2	0
18127	15	23	1	2	1
18128	15	23	1	2	2
18129	15	23	1	3	0
18130	15	23	1	3	1
18131	15	23	1	3	2
18132	15	23	2	0	0
18133	15	23	2	0	1
18134	15	23	2	0	2
18135	15	23	2	1	0
18136	15	23	2	1	1
18137	15	23	2	1	2
18138	15	23	2	2	0
18139	15	23	2	2	1
18140	15	23	2	2	2
18141	15	23	2	3	0
18142	15	23	2	3	1
18143	15	23	2	3	2
18144	15	24	0	0	0
18145	15	24	0	0	1
18146	15	24	0	0	2
18147	15	24	0	1	0
18148	15	24	0	1	1
18149	15	24	0	1	2
18150	15	24	0	2	0
18151	15	24	0	2	1
18152	15	24	0	2	2
18153	15	24	0	3	0
18154	15	24	0	3	1
18155	15	24	0	3	2
18156	15	24	1	0	0
18157	15	24	1	0	1
18158	15	24	1	0	2
18159	15	24	1	1	0
18160	15	24	1	1	1
18161	15	24	1	1	2
18162	15	24	1	2	0
18163	15	24	1	2	1
18164	15	24	1	2	2
18165	15	24	1	3	0
18166	15	24	1	3	1
18167	15	24	1	3	2
18168	15	24	2	0	0
18169	15	24	2	0	1
18170	15	24	2	0	2
18171	15	24	2	1	0
18172	15	24	2	1	1
18173	15	24	2	1	2
18174	15	24	2	2	0
18175	15	24	2	2	1
18176	15	24	2	2	2
18177	15	24	2	3	0
18178	15	24	2	3	1
18179	15	24	2	3	2
18180	15	25	0	0	0
18181	15	25	0	0	1
18182	15	25	0	0	2
18183	15	25	0	1	0
18184	15	25	0	1	1
18185	15	25	0	1	2
18186	15	25	0	2	0
18187	15	25	0	2	1
18188	15	25	0	2	2
18189	15	25	0	3	0
18190	15	25	0	3	1
18191	15	25	0	3	2
18192	15	25	1	0	0
18193	15	25	1	0	1
18194	15	25	1	0	2
18195	15	25	1	1	0
18196	15	25	1	1	1
18197	15	25	1	1	2
18198	15	25	1	2	0
18199	15	25	1	2	1
18200	15	25	1	2	2
18201	15	25	1	3	0
18202	15	25	1	3	1
18203	15	25	1	3	2
18204	15	25	2	0	0
18205	15	25	2	0	1
18206	15	25	2	0	2
18207	15	25	2	1	0
18208	15	25	2	1	1
18209	15	25	2	1	2
18210	15	25	2	2	0
18211	15	25	2	2	1
18212	15	25	2	2	2
18213	15	25	2	3	0
18214	15	25	2	3	1
18215	15	25	2	3	2
18216	15	26	0	0	0
18217	15	26	0	0	1
18218	15	26	0	0	2
18219	15	26	0	1	0
18220	15	26	0	1	1
18221	15	26	0	1	2
18222	15	26	0	2	0
18223	15	26	0	2	1
18224	15	26	0	2	2
18225	15	26	0	3	0
18226	15	26	0	3	1
18227	15	26	0	3	2
18228	15	26	1	0	0
18229	15	26	1	0	1
18230	15	26	1	0	2
18231	15	26	1	1	0
18232	15	26	1	1	1
18233	15	26	1	1	2
18234	15	26	1	2	0
18235	15	26	1	2	1
18236	15	26	1	2	2
18237	15	26	1	3	0
18238	15	26	1	3	1
18239	15	26	1	3	2
18240	15	26	2	0	0
18241	15	26	2	0	1
18242	15	26	2	0	2
18243	15	26	2	1	0
18244	15	26	2	1	1
18245	15	26	2	1	2
18246	15	26	2	2	0
18247	15	26	2	2	1
18248	15	26	2	2	2
18249	15	26	2	3	0
18250	15	26	2	3	1
18251	15	26	2	3	2
18252	15	27	0	0	0
18253	15	27	0	0	1
18254	15	27	0	0	2
18255	15	27	0	1	0
18256	15	27	0	1	1
18257	15	27	0	1	2
18258	15	27	0	2	0
18259	15	27	0	2	1
18260	15	27	0	2	2
18261	15	27	0	3	0
18262	15	27	0	3	1
18263	15	27	0	3	2
18264	15	27	1	0	0
18265	15	27	1	0	1
18266	15	27	1	0	2
18267	15	27	1	1	0
18268	15	27	1	1	1
18269	15	27	1	1	2
18270	15	27	1	2	0
18271	15	27	1	2	1
18272	15	27	1	2	2
18273	15	27	1	3	0
18274	15	27	1	3	1
18275	15	27	1	3	2
18276	15	27	2	0	0
18277	15	27	2	0	1
18278	15	27	2	0	2
18279	15	27	2	1	0
18280	15	27	2	1	1
18281	15	27	2	1	2
18282	15	27	2	2	0
18283	15	27	2	2	1
18284	15	27	2	2	2
18285	15	27	2	3	0
18286	15	27	2	3	1
18287	15	27	2	3	2
18288	15	28	0	0	0
18289	15	28	0	0	1
18290	15	28	0	0	2
18291	15	28	0	1	0
18292	15	28	0	1	1
18293	15	28	0	1	2
18294	15	28	0	2	0
18295	15	28	0	2	1
18296	15	28	0	2	2
18297	15	28	0	3	0
18298	15	28	0	3	1
18299	15	28	0	3	2
18300	15	28	1	0	0
18301	15	28	1	0	1
18302	15	28	1	0	2
18303	15	28	1	1	0
18304	15	28	1	1	1
18305	15	28	1	1	2
18306	15	28	1	2	0
18307	15	28	1	2	1
18308	15	28	1	2	2
18309	15	28	1	3	0
18310	15	28	1	3	1
18311	15	28	1	3	2
18312	15	28	2	0	0
18313	15	28	2	0	1
18314	15	28	2	0	2
18315	15	28	2	1	0
18316	15	28	2	1	1
18317	15	28	2	1	2
18318	15	28	2	2	0
18319	15	28	2	2	1
18320	15	28	2	2	2
18321	15	28	2	3	0
18322	15	28	2	3	1
18323	15	28	2	3	2
18324	15	29	0	0	0
18325	15	29	0	0	1
18326	15	29	0	0	2
18327	15	29	0	1	0
18328	15	29	0	1	1
18329	15	29	0	1	2
18330	15	29	0	2	0
18331	15	29	0	2	1
18332	15	29	0	2	2
18333	15	29	0	3	0
18334	15	29	0	3	1
18335	15	29	0	3	2
18336	15	29	1	0	0
18337	15	29	1	0	1
18338	15	29	1	0	2
18339	15	29	1	1	0
18340	15	29	1	1	1
18341	15	29	1	1	2
18342	15	29	1	2	0
18343	15	29	1	2	1
18344	15	29	1	2	2
18345	15	29	1	3	0
18346	15	29	1	3	1
18347	15	29	1	3	2
18348	15	29	2	0	0
18349	15	29	2	0	1
18350	15	29	2	0	2
18351	15	29	2	1	0
18352	15	29	2	1	1
18353	15	29	2	1	2
18354	15	29	2	2	0
18355	15	29	2	2	1
18356	15	29	2	2	2
18357	15	29	2	3	0
18358	15	29	2	3	1
18359	15	29	2	3	2
18360	15	30	0	0	0
18361	15	30	0	0	1
18362	15	30	0	0	2
18363	15	30	0	1	0
18364	15	30	0	1	1
18365	15	30	0	1	2
18366	15	30	0	2	0
18367	15	30	0	2	1
18368	15	30	0	2	2
18369	15	30	0	3	0
18370	15	30	0	3	1
18371	15	30	0	3	2
18372	15	30	1	0	0
18373	15	30	1	0	1
18374	15	30	1	0	2
18375	15	30	1	1	0
18376	15	30	1	1	1
18377	15	30	1	1	2
18378	15	30	1	2	0
18379	15	30	1	2	1
18380	15	30	1	2	2
18381	15	30	1	3	0
18382	15	30	1	3	1
18383	15	30	1	3	2
18384	15	30	2	0	0
18385	15	30	2	0	1
18386	15	30	2	0	2
18387	15	30	2	1	0
18388	15	30	2	1	1
18389	15	30	2	1	2
18390	15	30	2	2	0
18391	15	30	2	2	1
18392	15	30	2	2	2
18393	15	30	2	3	0
18394	15	30	2	3	1
18395	15	30	2	3	2
18396	15	31	0	0	0
18397	15	31	0	0	1
18398	15	31	0	0	2
18399	15	31	0	1	0
18400	15	31	0	1	1
18401	15	31	0	1	2
18402	15	31	0	2	0
18403	15	31	0	2	1
18404	15	31	0	2	2
18405	15	31	0	3	0
18406	15	31	0	3	1
18407	15	31	0	3	2
18408	15	31	1	0	0
18409	15	31	1	0	1
18410	15	31	1	0	2
18411	15	31	1	1	0
18412	15	31	1	1	1
18413	15	31	1	1	2
18414	15	31	1	2	0
18415	15	31	1	2	1
18416	15	31	1	2	2
18417	15	31	1	3	0
18418	15	31	1	3	1
18419	15	31	1	3	2
18420	15	31	2	0	0
18421	15	31	2	0	1
18422	15	31	2	0	2
18423	15	31	2	1	0
18424	15	31	2	1	1
18425	15	31	2	1	2
18426	15	31	2	2	0
18427	15	31	2	2	1
18428	15	31	2	2	2
18429	15	31	2	3	0
18430	15	31	2	3	1
18431	15	31	2	3	2
18432	16	0	0	0	0
18433	16	0	0	0	1
18434	16	0	0	0	2
18435	16	0	0	1	0
18436	16	0	0	1	1
18437	16	0	0	1	2
18438	16	0	0	2	0
18439	16	0	0	2	1
18440	16	0	0	2	2
18441	16	0	0	3	0
18442	16	0	0	3	1
18443	16	0	0	3	2
18444	16	0	1	0	0
18445	16	0	1	0	1
18446	16	0	1	0	2
18447	16	0	1	1	0
18448	16	0	1	1	1
18449	16	0	1	1	2
18450	16	0	1	2	0
18451	16	0	1	2	1
18452	16	0	1	2	2
18453	16	0	1	3	0
18454	16	0	1	3	1
18455	16	0	1	3	2
18456	16	0	2	0	0
18457	16	0	2	0	1
18458	16	0	2	0	2
18459	16	0	2	1	0
18460	16	0	2	1	1
18461	16	0	2	1	2
18462	16	0	2	2	0
18463	16	0	2	2	1
18464	16	0	2	2	2
18465	16	0	2	3	0
18466	16	0	2	3	1
18467	16	0	2	3	2
18468	16	1	0	0	0
18469	16	1	0	0	1
18470	16	1	0	0	2
18471	16	1	0	1	0
18472	16	1	0	1	1
18473	16	1	0	1	2
18474	16	1	0	2	0
18475	16	1	0	2	1
18476	16	1	0	2	2
18477	16	1	0	3	0
18478	16	1	0	3	1
18479	16	1	0	3	2
18480	16	1	1	0	0
18481	16	1	1	0	1
18482	16	1	1	0	2
18483	16	1	1	1	0
18484	16	1	1	1	1
18485	16	1	1	1	2
18486	16	1	1	2	0
18487	16	1	1	2	1
18488	16	1	1	2	2
18489	16	1	1	3	0
18490	16	1	1	3	1
18491	16	1	1	3	2
18492	16	1	2	0	0
18493	16	1	2	0	1
18494	16	1	2	0	2
18495	16	1	2	1	0
18496	16	1	2	1	1
18497	16	1	2	1	2
18498	16	1	2	2	0
18499	16	1	2	2	1
18500	16	1	2	2	2
18501	16	1	2	3	0
18502	16	1	2	3	1
18503	16	1	2	3	2
18504	16	2	0	0	0
18505	16	2	0	0	1
18506	16	2	0	0	2
18507	16	2	0	1	0
18508	16	2	0	1	1
18509	16	2	0	1	2
18510	16	2	0	2	0
18511	16	2	0	2	1
18512	16	2	0	2	2
18513	16	2	0	3	0
18514	16	2	0	3	1
18515	16	2	0	3	2
18516	16	2	1	0	0
18517	16	2	1	0	1
18518	16	2	1	0	2
18519	16	2	1	1	0
18520	16	2	1	1	1
18521	16	2	1	1	2
18522	16	2	1	2	0
18523	16	2	1	2	1
18524	16	2	1	2	2
18525	16	2	1	3	0
18526	16	2	1	3	1
18527	16	2	1	3	2
18528	16	2	2	0	0
18529	16	2	2	0	1
18530	16	2	2	0	2
18531	16	2	2	1	0
18532	16	2	2	1	1
18533	16	2	2	1	2
18534	16	2	2	2	0
18535	16	2	2	2	1
18536	16	2	2	2	2
18537	16	2	2	3	0
18538	16	2	2	3	1
18539	16	2	2	3	2
18540	16	3	0	0	0
18541	16	3	0	0	1
18542	16	3	0	0	2
18543	16	3	0	1	0
18544	16	3	0	1	1
18545	16	3	0	1	2
18546	16	3	0	2	0
18547	16	3	0	2	1
18548	16	3	0	2	2
18549	16	3	0	3	0
18550	16	3	0	3	1
18551	16	3	0	3	2
18552	16	3	1	0	0
18553	16	3	1	0	1
18554	16	3	1	0	2
18555	16	3	1	1	0
18556	16	3	1	1	1
18557	16	3	1	1	2
18558	16	3	1	2	0
18559	16	3	1	2	1
18560	16	3	1	2	2
18561	16	3	1	3	0
18562	16	3	1	3	1
18563	16	3	1	3	2
18564	16	3	2	0	0
18565	16	3	2	0	1
18566	16	3	2	0	2
18567	16	3	2	1	0
18568	16	3	2	1	1
18569	16	3	2	1	2
18570	16	3	2	2	0
18571	16	3	2	2	1
18572	16	3	2	2	2
18573	16	3	2	3	0
18574	16	3	2	3	1
18575	16	3	2	3	2
18576	16	4	0	0	0
18577	16	4	0	0	1
18578	16	4	0	0	2
18579	16	4	0	1	0
18580	16	4	0	1	1
18581	16	4	0	1	2
18582	16	4	0	2	0
18583	16	4	0	2	1
18584	16	4	0	2	2
18585	16	4	0	3	0
18586	16	4	0	3	1
18587	16	4	0	3	2
18588	16	4	1	0	0
18589	16	4	1	0	1
18590	16	4	1	0	2
18591	16	4	1	1	0
18592	16	4	1	1	1
18593	16	4	1	1	2
18594	16	4	1	2	0
18595	16	4	1	2	1
18596	16	4	1	2	2
18597	16	4	1	3	0
18598	16	4	1	3	1
18599	16	4	1	3	2
18600	16	4	2	0	0
18601	16	4	2	0	1
18602	16	4	2	0	2
18603	16	4	2	1	0
18604	16	4	2	1	1
18605	16	4	2	1	2
18606	16	4	2	2	0
18607	16	4	2	2	1
18608	16	4	2	2	2
18609	16	4	2	3	0
18610	16	4	2	3	1
18611	16	4	2	3	2
18612	16	5	0	0	0
18613	16	5	0	0	1
18614	16	5	0	0	2
18615	16	5	0	1	0
18616	16	5	0	1	1
18617	16	5	0	1	2
18618	16	5	0	2	0
18619	16	5	0	2	1
18620	16	5	0	2	2
18621	16	5	0	3	0
18622	16	5	0	3	1
18623	16	5	0	3	2
18624	16	5	1	0	0
18625	16	5	1	0	1
18626	16	5	1	0	2
18627	16	5	1	1	0
18628	16	5	1	1	1
18629	16	5	1	1	2
18630	16	5	1	2	0
18631	16	5	1	2	1
18632	16	5	1	2	2
18633	16	5	1	3	0
18634	16	5	1	3	1
18635	16	5	1	3	2
18636	16	5	2	0	0
18637	16	5	2	0	1
18638	16	5	2	0	2
18639	16	5	2	1	0
18640	16	5	2	1	1
18641	16	5	2	1	2
18642	16	5	2	2	0
18643	16	5	2	2	1
18644	16	5	2	2	2
18645	16	5	2	3	0
18646	16	5	2	3	1
18647	16	5	2	3	2
18648	16	6	0	0	0
18649	16	6	0	0	1
18650	16	6	0	0	2
18651	16	6	0	1	0
18652	16	6	0	1	1
18653	16	6	0	1	2
18654	16	6	0	2	0
18655	16	6	0	2	1
18656	16	6	0	2	2
18657	16	6	0	3	0
18658	16	6	0	3	1
18659	16	6	0	3	2
18660	16	6	1	0	0
18661	16	6	1	0	1
18662	16	6	1	0	2
18663	16	6	1	1	0
18664	16	6	1	1	1
18665	16	6	1	1	2
18666	16	6	1	2	0
18667	16	6	1	2	1
18668	16	6	1	2	2
18669	16	6	1	3	0
18670	16	6	1	3	1
18671	16	6	1	3	2
18672	16	6	2	0	0
18673	16	6	2	0	1
18674	16	6	2	0	2
18675	16	6	2	1	0
18676	16	6	2	1	1
18677	16	6	2	1	2
18678	16	6	2	2	0
18679	16	6	2	2	1
18680	16	6	2	2	2
18681	16	6	2	3	0
18682	16	6	2	3	1
18683	16	6	2	3	2
18684	16	7	0	0	0
18685	16	7	0	0	1
18686	16	7	0	0	2
18687	16	7	0	1	0
18688	16	7	0	1	1
18689	16	7	0	1	2
18690	16	7	0	2	0
18691	16	7	0	2	1
18692	16	7	0	2	2
18693	16	7	0	3	0
18694	16	7	0	3	1
18695	16	7	0	3	2
18696	16	7	1	0	0
18697	16	7	1	0	1
18698	16	7	1	0	2
18699	16	7	1	1	0
18700	16	7	1	1	1
18701	16	7	1	1	2
18702	16	7	1	2	0
18703	16	7	1	2	1
18704	16	7	1	2	2
18705	16	7	1	3	0
18706	16	7	1	3	1
18707	16	7	1	3	2
18708	16	7	2	0	0
18709	16	7	2	0	1
18710	16	7	2	0	2
18711	16	7	2	1	0
18712	16	7	2	1	1
18713	16	7	2	1	2
18714	16	7	2	2	0
18715	16	7	2	2	1
18716	16	7	2	2	2
18717	16	7	2	3	0
18718	16	7	2	3	1
18719	16	7	2	3	2
18720	16	8	0	0	0
18721	16	8	0	0	1
18722	16	8	0	0	2
18723	16	8	0	1	0
18724	16	8	0	1	1
18725	16	8	0	1	2
18726	16	8	0	2	0
18727	16	8	0	2	1
18728	16	8	0	2	2
18729	16	8	0	3	0
18730	16	8	0	3	1
18731	16	8	0	3	2
18732	16	8	1	0	0
18733	16	8	1	0	1
18734	16	8	1	0	2
18735	16	8	1	1	0
18736	16	8	1	1	1
18737	16	8	1	1	2
18738	16	8	1	2	0
18739	16	8	1	2	1
18740	16	8	1	2	2
18741	16	8	1	3	0
18742	16	8	1	3	1
18743	16	8	1	3	2
18744	16	8	2	0	0
18745	16	8	2	0	1
18746	16	8	2	0	2
18747	16	8	2	1	0
18748	16	8	2	1	1
18749	16	8	2	1	2
18750	16	8	2	2	0
18751	16	8	2	2	1
18752	16	8	2	2	2
18753	16	8	2	3	0
18754	16	8	2	3	1
18755	16	8	2	3	2
18756	16	9	0	0	0
18757	16	9	0	0	1
18758	16	9	0	0	2
18759	16	9	0	1	0
18760	16	9	0	1	1
18761	16	9	0	1	2
18762	16	9	0	2	0
18763	16	9	0	2	1
18764	16	9	0	2	2
18765	16	9	0	3	0
18766	16	9	0	3	1
18767	16	9	0	3	2
18768	16	9	1	0	0
18769	16	9	1	0	1
18770	16	9	1	0	2
18771	16	9	1	1	0
18772	16	9	1	1	1
18773	16	9	1	1	2
18774	16	9	1	2	0
18775	16	9	1	2	1
18776	16	9	1	2	2
18777	16	9	1	3	0
18778	16	9	1	3	1
18779	16	9	1	3	2
18780	16	9	2	0	0
18781	16	9	2	0	1
18782	16	9	2	0	2
18783	16	9	2	1	0
18784	16	9	2	1	1
18785	16	9	2	1	2
18786	16	9	2	2	0
18787	16	9	2	2	1
18788	16	9	2	2	2
18789	16	9	2	3	0
18790	16	9	2	3	1
18791	16	9	2	3	2
18792	16	10	0	0	0
18793	16	10	0	0	1
18794	16	10	0	0	2
18795	16	10	0	1	0
18796	16	10	0	1	1
18797	16	10	0	1	2
18798	16	10	0	2	0
18799	16	10	0	2	1
18800	16	10	0	2	2
18801	16	10	0	3	0
18802	16	10	0	3	1
18803	16	10	0	3	2
18804	16	10	1	0	0
18805	16	10	1	0	1
18806	16	10	1	0	2
18807	16	10	1	1	0
18808	16	10	1	1	1
18809	16	10	1	1	2
18810	16	10	1	2	0
18811	16	10	1	2	1
18812	16	10	1	2	2
18813	16	10	1	3	0
18814	16	10	1	3	1
18815	16	10	1	3	2
18816	16	10	2	0	0
18817	16	10	2	0	1
18818	16	10	2	0	2
18819	16	10	2	1	0
18820	16	10	2	1	1
18821	16	10	2	1	2
18822	16	10	2	2	0
18823	16	10	2	2	1
18824	16	10	2	2	2
18825	16	10	2	3	0
18826	16	10	2	3	1
18827	16	10	2	3	2
18828	16	11	0	0	0
18829	16	11	0	0	1
18830	16	11	0	0	2
18831	16	11	0	1	0
18832	16	11	0	1	1
18833	16	11	0	1	2
18834	16	11	0	2	0
18835	16	11	0	2	1
18836	16	11	0	2	2
18837	16	11	0	3	0
18838	16	11	0	3	1
18839	16	11	0	3	2
18840	16	11	1	0	0
18841	16	11	1	0	1
18842	16	11	1	0	2
18843	16	11	1	1	0
18844	16	11	1	1	1
18845	16	11	1	1	2
18846	16	11	1	2	0
18847	16	11	1	2	1
18848	16	11	1	2	2
18849	16	11	1	3	0
18850	16	11	1	3	1
18851	16	11	1	3	2
18852	16	11	2	0	0
18853	16	11	2	0	1
18854	16	11	2	0	2
18855	16	11	2	1	0
18856	16	11	2	1	1
18857	16	11	2	1	2
18858	16	11	2	2	0
18859	16	11	2	2	1
18860	16	11	2	2	2
18861	16	11	2	3	0
18862	16	11	2	3	1
18863	16	11	2	3	2
18864	16	12	0	0	0
18865	16	12	0	0	1
18866	16	12	0	0	2
18867	16	12	0	1	0
18868	16	12	0	1	1
18869	16	12	0	1	2
18870	16	12	0	2	0
18871	16	12	0	2	1
18872	16	12	0	2	2
18873	16	12	0	3	0
18874	16	12	0	3	1
18875	16	12	0	3	2
18876	16	12	1	0	0
18877	16	12	1	0	1
18878	16	12	1	0	2
18879	16	12	1	1	0
18880	16	12	1	1	1
18881	16	12	1	1	2
18882	16	12	1	2	0
18883	16	12	1	2	1
18884	16	12	1	2	2
18885	16	12	1	3	0
18886	16	12	1	3	1
18887	16	12	1	3	2
18888	16	12	2	0	0
18889	16	12	2	0	1
18890	16	12	2	0	2
18891	16	12	2	1	0
18892	16	12	2	1	1
18893	16	12	2	1	2
18894	16	12	2	2	0
18895	16	12	2	2	1
18896	16	12	2	2	2
18897	16	12	2	3	0
18898	16	12	2	3	1
18899	16	12	2	3	2
18900	16	13	0	0	0
18901	16	13	0	0	1
18902	16	13	0	0	2
18903	16	13	0	1	0
18904	16	13	0	1	1
18905	16	13	0	1	2
18906	16	13	0	2	0
18907	16	13	0	2	1
18908	16	13	0	2	2
18909	16	13	0	3	0
18910	16	13	0	3	1
18911	16	13	0	3	2
18912	16	13	1	0	0
18913	16	13	1	0	1
18914	16	13	1	0	2
18915	16	13	1	1	0
18916	16	13	1	1	1
18917	16	13	1	1	2
18918	16	13	1	2	0
18919	16	13	1	2	1
18920	16	13	1	2	2
18921	16	13	1	3	0
18922	16	13	1	3	1
18923	16	13	1	3	2
18924	16	13	2	0	0
18925	16	13	2	0	1
18926	16	13	2	0	2
18927	16	13	2	1	0
18928	16	13	2	1	1
18929	16	13	2	1	2
18930	16	13	2	2	0
18931	16	13	2	2	1
18932	16	13	2	2	2
18933	16	13	2	3	0
18934	16	13	2	3	1
18935	16	13	2	3	2
18936	16	14	0	0	0
18937	16	14	0	0	1
18938	16	14	0	0	2
18939	16	14	0	1	0
18940	16	14	0	1	1
18941	16	14	0	1	2
18942	16	14	0	2	0
18943	16	14	0	2	1
18944	16	14	0	2	2
18945	16	14	0	3	0
18946	16	14	0	3	1
18947	16	14	0	3	2
18948	16	14	1	0	0
18949	16	14	1	0	1
18950	16	14	1	0	2
18951	16	14	1	1	0
18952	16	14	1	1	1
18953	16	14	1	1	2
18954	16	14	1	2	0
18955	16	14	1	2	1
18956	16	14	1	2	2
18957	16	14	1	3	0
18958	16	14	1	3	1
18959	16	14	1	3	2
18960	16	14	2	0	0
18961	16	14	2	0	1
18962	16	14	2	0	2
18963	16	14	2	1	0
18964	16	14	2	1	1
18965	16	14	2	1	2
18966	16	14	2	2	0
18967	16	14	2	2	1
18968	16	14	2	2	2
18969	16	14	2	3	0
18970	16	14	2	3	1
18971	16	14	2	3	2
18972	16	15	0	0	0
18973	16	15	0	0	1
18974	16	15	0	0	2
18975	16	15	0	1	0
18976	16	15	0	1	1
18977	16	15	0	1	2
18978	16	15	0	2	0
18979	16	15	0	2	1
18980	16	15	0	2	2
18981	16	15	0	3	0
18982	16	15	0	3	1
18983	16	15	0	3	2
18984	16	15	1	0	0
18985	16	15	1	0	1
18986	16	15	1	0	2
18987	16	15	1	1	0
18988	16	15	1	1	1
18989	16	15	1	1	2
18990	16	15	1	2	0
18991	16	15	1	2	1
18992	16	15	1	2	2
18993	16	15	1	3	0
18994	16	15	1	3	1
18995	16	15	1	3	2
18996	16	15	2	0	0
18997	16	15	2	0	1
18998	16	15	2	0	2
18999	16	15	2	1	0
19000	16	15	2	1	1
19001	16	15	2	1	2
19002	16	15	2	2	0
19003	16	15	2	2	1
19004	16	15	2	2	2
19005	16	15	2	3	0
19006	16	15	2	3	1
19007	16	15	2	3	2
19008	16	16	0	0	0
19009	16	16	0	0	1
19010	16	16	0	0	2
19011	16	16	0	1	0
19012	16	16	0	1	1
19013	16	16	0	1	2
19014	16	16	0	2	0
19015	16	16	0	2	1
19016	16	16	0	2	2
19017	16	16	0	3	0
19018	16	16	0	3	1
19019	16	16	0	3	2
19020	16	16	1	0	0
19021	16	16	1	0	1
19022	16	16	1	0	2
19023	16	16	1	1	0
19024	16	16	1	1	1
19025	16	16	1	1	2
19026	16	16	1	2	0
19027	16	16	1	2	1
19028	16	16	1	2	2
19029	16	16	1	3	0
19030	16	16	1	3	1
19031	16	16	1	3	2
19032	16	16	2	0	0
19033	16	16	2	0	1
19034	16	16	2	0	2
19035	16	16	2	1	0
19036	16	16	2	1	1
19037	16	16	2	1	2
19038	16	16	2	2	0
19039	16	16	2	2	1
19040	16	16	2	2	2
19041	16	16	2	3	0
19042	16	16	2	3	1
19043	16	16	2	3	2
19044	16	17	0	0	0
19045	16	17	0	0	1
19046	16	17	0	0	2
19047	16	17	0	1	0
19048	16	17	0	1	1
19049	16	17	0	1	2
19050	16	17	0	2	0
19051	16	17	0	2	1
19052	16	17	0	2	2
19053	16	17	0	3	0
19054	16	17	0	3	1
19055	16	17	0	3	2
19056	16	17	1	0	0
19057	16	17	1	0	1
19058	16	17	1	0	2
19059	16	17	1	1	0
19060	16	17	1	1	1
19061	16	17	1	1	2
19062	16	17	1	2	0
19063	16	17	1	2	1
19064	16	17	1	2	2
19065	16	17	1	3	0
19066	16	17	1	3	1
19067	16	17	1	3	2
19068	16	17	2	0	0
19069	16	17	2	0	1
19070	16	17	2	0	2
19071	16	17	2	1	0
19072	16	17	2	1	1
19073	16	17	2	1	2
19074	16	17	2	2	0
19075	16	17	2	2	1
19076	16	17	2	2	2
19077	16	17	2	3	0
19078	16	17	2	3	1
19079	16	17	2	3	2
19080	16	18	0	0	0
19081	16	18	0	0	1
19082	16	18	0	0	2
19083	16	18	0	1	0
19084	16	18	0	1	1
19085	16	18	0	1	2
19086	16	18	0	2	0
19087	16	18	0	2	1
19088	16	18	0	2	2
19089	16	18	0	3	0
19090	16	18	0	3	1
19091	16	18	0	3	2
19092	16	18	1	0	0
19093	16	18	1	0	1
19094	16	18	1	0	2
19095	16	18	1	1	0
19096	16	18	1	1	1
19097	16	18	1	1	2
19098	16	18	1	2	0
19099	16	18	1	2	1
19100	16	18	1	2	2
19101	16	18	1	3	0
19102	16	18	1	3	1
19103	16	18	1	3	2
19104	16	18	2	0	0
19105	16	18	2	0	1
19106	16	18	2	0	2
19107	16	18	2	1	0
19108	16	18	2	1	1
19109	16	18	2	1	2
19110	16	18	2	2	0
19111	16	18	2	2	1
19112	16	18	2	2	2
19113	16	18	2	3	0
19114	16	18	2	3	1
19115	16	18	2	3	2
19116	16	19	0	0	0
19117	16	19	0	0	1
19118	16	19	0	0	2
19119	16	19	0	1	0
19120	16	19	0	1	1
19121	16	19	0	1	2
19122	16	19	0	2	0
19123	16	19	0	2	1
19124	16	19	0	2	2
19125	16	19	0	3	0
19126	16	19	0	3	1
19127	16	19	0	3	2
19128	16	19	1	0	0
19129	16	19	1	0	1
19130	16	19	1	0	2
19131	16	19	1	1	0
19132	16	19	1	1	1
19133	16	19	1	1	2
19134	16	19	1	2	0
19135	16	19	1	2	1
19136	16	19	1	2	2
19137	16	19	1	3	0
19138	16	19	1	3	1
19139	16	19	1	3	2
19140	16	19	2	0	0
19141	16	19	2	0	1
19142	16	19	2	0	2
19143	16	19	2	1	0
19144	16	19	2	1	1
19145	16	19	2	1	2
19146	16	19	2	2	0
19147	16	19	2	2	1
19148	16	19	2	2	2
19149	16	19	2	3	0
19150	16	19	2	3	1
19151	16	19	2	3	2
19152	16	20	0	0	0
19153	16	20	0	0	1
19154	16	20	0	0	2
19155	16	20	0	1	0
19156	16	20	0	1	1
19157	16	20	0	1	2
19158	16	20	0	2	0
19159	16	20	0	2	1
19160	16	20	0	2	2
19161	16	20	0	3	0
19162	16	20	0	3	1
19163	16	20	0	3	2
19164	16	20	1	0	0
19165	16	20	1	0	1
19166	16	20	1	0	2
19167	16	20	1	1	0
19168	16	20	1	1	1
19169	16	20	1	1	2
19170	16	20	1	2	0
19171	16	20	1	2	1
19172	16	20	1	2	2
19173	16	20	1	3	0
19174	16	20	1	3	1
19175	16	20	1	3	2
19176	16	20	2	0	0
19177	16	20	2	0	1
19178	16	20	2	0	2
19179	16	20	2	1	0
19180	16	20	2	1	1
19181	16	20	2	1	2
19182	16	20	2	2	0
19183	16	20	2	2	1
19184	16	20	2	2	2
19185	16	20	2	3	0
19186	16	20	2	3	1
19187	16	20	2	3	2
19188	16	21	0	0	0
19189	16	21	0	0	1
19190	16	21	0	0	2
19191	16	21	0	1	0
19192	16	21	0	1	1
19193	16	21	0	1	2
19194	16	21	0	2	0
19195	16	21	0	2	1
19196	16	21	0	2	2
19197	16	21	0	3	0
19198	16	21	0	3	1
19199	16	21	0	3	2
19200	16	21	1	0	0
19201	16	21	1	0	1
19202	16	21	1	0	2
19203	16	21	1	1	0
19204	16	21	1	1	1
19205	16	21	1	1	2
19206	16	21	1	2	0
19207	16	21	1	2	1
19208	16	21	1	2	2
19209	16	21	1	3	0
19210	16	21	1	3	1
19211	16	21	1	3	2
19212	16	21	2	0	0
19213	16	21	2	0	1
19214	16	21	2	0	2
19215	16	21	2	1	0
19216	16	21	2	1	1
19217	16	21	2	1	2
19218	16	21	2	2	0
19219	16	21	2	2	1
19220	16	21	2	2	2
19221	16	21	2	3	0
19222	16	21	2	3	1
19223	16	21	2	3	2
19224	16	22	0	0	0
19225	16	22	0	0	1
19226	16	22	0	0	2
19227	16	22	0	1	0
19228	16	22	0	1	1
19229	16	22	0	1	2
19230	16	22	0	2	0
19231	16	22	0	2	1
19232	16	22	0	2	2
19233	16	22	0	3	0
19234	16	22	0	3	1
19235	16	22	0	3	2
19236	16	22	1	0	0
19237	16	22	1	0	1
19238	16	22	1	0	2
19239	16	22	1	1	0
19240	16	22	1	1	1
19241	16	22	1	1	2
19242	16	22	1	2	0
19243	16	22	1	2	1
19244	16	22	1	2	2
19245	16	22	1	3	0
19246	16	22	1	3	1
19247	16	22	1	3	2
19248	16	22	2	0	0
19249	16	22	2	0	1
19250	16	22	2	0	2
19251	16	22	2	1	0
19252	16	22	2	1	1
19253	16	22	2	1	2
19254	16	22	2	2	0
19255	16	22	2	2	1
19256	16	22	2	2	2
19257	16	22	2	3	0
19258	16	22	2	3	1
19259	16	22	2	3	2
19260	16	23	0	0	0
19261	16	23	0	0	1
19262	16	23	0	0	2
19263	16	23	0	1	0
19264	16	23	0	1	1
19265	16	23	0	1	2
19266	16	23	0	2	0
19267	16	23	0	2	1
19268	16	23	0	2	2
19269	16	23	0	3	0
19270	16	23	0	3	1
19271	16	23	0	3	2
19272	16	23	1	0	0
19273	16	23	1	0	1
19274	16	23	1	0	2
19275	16	23	1	1	0
19276	16	23	1	1	1
19277	16	23	1	1	2
19278	16	23	1	2	0
19279	16	23	1	2	1
19280	16	23	1	2	2
19281	16	23	1	3	0
19282	16	23	1	3	1
19283	16	23	1	3	2
19284	16	23	2	0	0
19285	16	23	2	0	1
19286	16	23	2	0	2
19287	16	23	2	1	0
19288	16	23	2	1	1
19289	16	23	2	1	2
19290	16	23	2	2	0
19291	16	23	2	2	1
19292	16	23	2	2	2
19293	16	23	2	3	0
19294	16	23	2	3	1
19295	16	23	2	3	2
19296	16	24	0	0	0
19297	16	24	0	0	1
19298	16	24	0	0	2
19299	16	24	0	1	0
19300	16	24	0	1	1
19301	16	24	0	1	2
19302	16	24	0	2	0
19303	16	24	0	2	1
19304	16	24	0	2	2
19305	16	24	0	3	0
19306	16	24	0	3	1
19307	16	24	0	3	2
19308	16	24	1	0	0
19309	16	24	1	0	1
19310	16	24	1	0	2
19311	16	24	1	1	0
19312	16	24	1	1	1
19313	16	24	1	1	2
19314	16	24	1	2	0
19315	16	24	1	2	1
19316	16	24	1	2	2
19317	16	24	1	3	0
19318	16	24	1	3	1
19319	16	24	1	3	2
19320	16	24	2	0	0
19321	16	24	2	0	1
19322	16	24	2	0	2
19323	16	24	2	1	0
19324	16	24	2	1	1
19325	16	24	2	1	2
19326	16	24	2	2	0
19327	16	24	2	2	1
19328	16	24	2	2	2
19329	16	24	2	3	0
19330	16	24	2	3	1
19331	16	24	2	3	2
19332	16	25	0	0	0
19333	16	25	0	0	1
19334	16	25	0	0	2
19335	16	25	0	1	0
19336	16	25	0	1	1
19337	16	25	0	1	2
19338	16	25	0	2	0
19339	16	25	0	2	1
19340	16	25	0	2	2
19341	16	25	0	3	0
19342	16	25	0	3	1
19343	16	25	0	3	2
19344	16	25	1	0	0
19345	16	25	1	0	1
19346	16	25	1	0	2
19347	16	25	1	1	0
19348	16	25	1	1	1
19349	16	25	1	1	2
19350	16	25	1	2	0
19351	16	25	1	2	1
19352	16	25	1	2	2
19353	16	25	1	3	0
19354	16	25	1	3	1
19355	16	25	1	3	2
19356	16	25	2	0	0
19357	16	25	2	0	1
19358	16	25	2	0	2
19359	16	25	2	1	0
19360	16	25	2	1	1
19361	16	25	2	1	2
19362	16	25	2	2	0
19363	16	25	2	2	1
19364	16	25	2	2	2
19365	16	25	2	3	0
19366	16	25	2	3	1
19367	16	25	2	3	2
19368	16	26	0	0	0
19369	16	26	0	0	1
19370	16	26	0	0	2
19371	16	26	0	1	0
19372	16	26	0	1	1
19373	16	26	0	1	2
19374	16	26	0	2	0
19375	16	26	0	2	1
19376	16	26	0	2	2
19377	16	26	0	3	0
19378	16	26	0	3	1
19379	16	26	0	3	2
19380	16	26	1	0	0
19381	16	26	1	0	1
19382	16	26	1	0	2
19383	16	26	1	1	0
19384	16	26	1	1	1
19385	16	26	1	1	2
19386	16	26	1	2	0
19387	16	26	1	2	1
19388	16	26	1	2	2
19389	16	26	1	3	0
19390	16	26	1	3	1
19391	16	26	1	3	2
19392	16	26	2	0	0
19393	16	26	2	0	1
19394	16	26	2	0	2
19395	16	26	2	1	0
19396	16	26	2	1	1
19397	16	26	2	1	2
19398	16	26	2	2	0
19399	16	26	2	2	1
19400	16	26	2	2	2
19401	16	26	2	3	0
19402	16	26	2	3	1
19403	16	26	2	3	2
19404	16	27	0	0	0
19405	16	27	0	0	1
19406	16	27	0	0	2
19407	16	27	0	1	0
19408	16	27	0	1	1
19409	16	27	0	1	2
19410	16	27	0	2	0
19411	16	27	0	2	1
19412	16	27	0	2	2
19413	16	27	0	3	0
19414	16	27	0	3	1
19415	16	27	0	3	2
19416	16	27	1	0	0
19417	16	27	1	0	1
19418	16	27	1	0	2
19419	16	27	1	1	0
19420	16	27	1	1	1
19421	16	27	1	1	2
19422	16	27	1	2	0
19423	16	27	1	2	1
19424	16	27	1	2	2
19425	16	27	1	3	0
19426	16	27	1	3	1
19427	16	27	1	3	2
19428	16	27	2	0	0
19429	16	27	2	0	1
19430	16	27	2	0	2
19431	16	27	2	1	0
19432	16	27	2	1	1
19433	16	27	2	1	2
19434	16	27	2	2	0
19435	16	27	2	2	1
19436	16	27	2	2	2
19437	16	27	2	3	0
19438	16	27	2	3	1
19439	16	27	2	3	2
19440	16	28	0	0	0
19441	16	28	0	0	1
19442	16	28	0	0	2
19443	16	28	0	1	0
19444	16	28	0	1	1
19445	16	28	0	1	2
19446	16	28	0	2	0
19447	16	28	0	2	1
19448	16	28	0	2	2
19449	16	28	0	3	0
19450	16	28	0	3	1
19451	16	28	0	3	2
19452	16	28	1	0	0
19453	16	28	1	0	1
19454	16	28	1	0	2
19455	16	28	1	1	0
19456	16	28	1	1	1
19457	16	28	1	1	2
19458	16	28	1	2	0
19459	16	28	1	2	1
19460	16	28	1	2	2
19461	16	28	1	3	0
19462	16	28	1	3	1
19463	16	28	1	3	2
19464	16	28	2	0	0
19465	16	28	2	0	1
19466	16	28	2	0	2
19467	16	28	2	1	0
19468	16	28	2	1	1
19469	16	28	2	1	2
19470	16	28	2	2	0
19471	16	28	2	2	1
19472	16	28	2	2	2
19473	16	28	2	3	0
19474	16	28	2	3	1
19475	16	28	2	3	2
19476	16	29	0	0	0
19477	16	29	0	0	1
19478	16	29	0	0	2
19479	16	29	0	1	0
19480	16	29	0	1	1
19481	16	29	0	1	2
19482	16	29	0	2	0
19483	16	29	0	2	1
19484	16	29	0	2	2
19485	16	29	0	3	0
19486	16	29	0	3	1
19487	16	29	0	3	2
19488	16	29	1	0	0
19489	16	29	1	0	1
19490	16	29	1	0	2
19491	16	29	1	1	0
19492	16	29	1	1	1
19493	16	29	1	1	2
19494	16	29	1	2	0
19495	16	29	1	2	1
19496	16	29	1	2	2
19497	16	29	1	3	0
19498	16	29	1	3	1
19499	16	29	1	3	2
19500	16	29	2	0	0
19501	16	29	2	0	1
19502	16	29	2	0	2
19503	16	29	2	1	0
19504	16	29	2	1	1
19505	16	29	2	1	2
19506	16	29	2	2	0
19507	16	29	2	2	1
19508	16	29	2	2	2
19509	16	29	2	3	0
19510	16	29	2	3	1
19511	16	29	2	3	2
19512	16	30	0	0	0
19513	16	30	0	0	1
19514	16	30	0	0	2
19515	16	30	0	1	0
19516	16	30	0	1	1
19517	16	30	0	1	2
19518	16	30	0	2	0
19519	16	30	0	2	1
19520	16	30	0	2	2
19521	16	30	0	3	0
19522	16	30	0	3	1
19523	16	30	0	3	2
19524	16	30	1	0	0
19525	16	30	1	0	1
19526	16	30	1	0	2
19527	16	30	1	1	0
19528	16	30	1	1	1
19529	16	30	1	1	2
19530	16	30	1	2	0
19531	16	30	1	2	1
19532	16	30	1	2	2
19533	16	30	1	3	0
19534	16	30	1	3	1
19535	16	30	1	3	2
19536	16	30	2	0	0
19537	16	30	2	0	1
19538	16	30	2	0	2
19539	16	30	2	1	0
19540	16	30	2	1	1
19541	16	30	2	1	2
19542	16	30	2	2	0
19543	16	30	2	2	1
19544	16	30	2	2	2
19545	16	30	2	3	0
19546	16	30	2	3	1
19547	16	30	2	3	2
19548	16	31	0	0	0
19549	16	31	0	0	1
19550	16	31	0	0	2
19551	16	31	0	1	0
19552	16	31	0	1	1
19553	16	31	0	1	2
19554	16	31	0	2	0
19555	16	31	0	2	1
19556	16	31	0	2	2
19557	16	31	0	3	0
19558	16	31	0	3	1
19559	16	31	0	3	2
19560	16	31	1	0	0
19561	16	31	1	0	1
19562	16	31	1	0	2
19563	16	31	1	1	0
19564	16	31	1	1	1
19565	16	31	1	1	2
19566	16	31	1	2	0
19567	16	31	1	2	1
19568	16	31	1	2	2
19569	16	31	1	3	0
19570	16	31	1	3	1
19571	16	31	1	3	2
19572	16	31	2	0	0
19573	16	31	2	0	1
19574	16	31	2	0	2
19575	16	31	2	1	0
19576	16	31	2	1	1
19577	16	31	2	1	2
19578	16	31	2	2	0
19579	16	31	2	2	1
19580	16	31	2	2	2
19581	16	31	2	3	0
19582	16	31	2	3	1
19583	16	31	2	3	2
19584	17	0	0	0	0
19585	17	0	0	0	1
19586	17	0	0	0	2
19587	17	0	0	1	0
19588	17	0	0	1	1
19589	17	0	0	1	2
19590	17	0	0	2	0
19591	17	0	0	2	1
19592	17	0	0	2	2
19593	17	0	0	3	0
19594	17	0	0	3	1
19595	17	0	0	3	2
19596	17	0	1	0	0
19597	17	0	1	0	1
19598	17	0	1	0	2
19599	17	0	1	1	0
19600	17	0	1	1	1
19601	17	0	1	1	2
19602	17	0	1	2	0
19603	17	0	1	2	1
19604	17	0	1	2	2
19605	17	0	1	3	0
19606	17	0	1	3	1
19607	17	0	1	3	2
19608	17	0	2	0	0
19609	17	0	2	0	1
19610	17	0	2	0	2
19611	17	0	2	1	0
19612	17	0	2	1	1
19613	17	0	2	1	2
19614	17	0	2	2	0
19615	17	0	2	2	1
19616	17	0	2	2	2
19617	17	0	2	3	0
19618	17	0	2	3	1
19619	17	0	2	3	2
19620	17	1	0	0	0
19621	17	1	0	0	1
19622	17	1	0	0	2
19623	17	1	0	1	0
19624	17	1	0	1	1
19625	17	1	0	1	2
19626	17	1	0	2	0
19627	17	1	0	2	1
19628	17	1	0	2	2
19629	17	1	0	3	0
19630	17	1	0	3	1
19631	17	1	0	3	2
19632	17	1	1	0	0
19633	17	1	1	0	1
19634	17	1	1	0	2
19635	17	1	1	1	0
19636	17	1	1	1	1
19637	17	1	1	1	2
19638	17	1	1	2	0
19639	17	1	1	2	1
19640	17	1	1	2	2
19641	17	1	1	3	0
19642	17	1	1	3	1
19643	17	1	1	3	2
19644	17	1	2	0	0
19645	17	1	2	0	1
19646	17	1	2	0	2
19647	17	1	2	1	0
19648	17	1	2	1	1
19649	17	1	2	1	2
19650	17	1	2	2	0
19651	17	1	2	2	1
19652	17	1	2	2	2
19653	17	1	2	3	0
19654	17	1	2	3	1
19655	17	1	2	3	2
19656	17	2	0	0	0
19657	17	2	0	0	1
19658	17	2	0	0	2
19659	17	2	0	1	0
19660	17	2	0	1	1
19661	17	2	0	1	2
19662	17	2	0	2	0
19663	17	2	0	2	1
19664	17	2	0	2	2
19665	17	2	0	3	0
19666	17	2	0	3	1
19667	17	2	0	3	2
19668	17	2	1	0	0
19669	17	2	1	0	1
19670	17	2	1	0	2
19671	17	2	1	1	0
19672	17	2	1	1	1
19673	17	2	1	1	2
19674	17	2	1	2	0
19675	17	2	1	2	1
19676	17	2	1	2	2
19677	17	2	1	3	0
19678	17	2	1	3	1
19679	17	2	1	3	2
19680	17	2	2	0	0
19681	17	2	2	0	1
19682	17	2	2	0	2
19683	17	2	2	1	0
19684	17	2	2	1	1
19685	17	2	2	1	2
19686	17	2	2	2	0
19687	17	2	2	2	1
19688	17	2	2	2	2
19689	17	2	2	3	0
19690	17	2	2	3	1
19691	17	2	2	3	2
19692	17	3	0	0	0
19693	17	3	0	0	1
19694	17	3	0	0	2
19695	17	3	0	1	0
19696	17	3	0	1	1
19697	17	3	0	1	2
19698	17	3	0	2	0
19699	17	3	0	2	1
19700	17	3	0	2	2
19701	17	3	0	3	0
19702	17	3	0	3	1
19703	17	3	0	3	2
19704	17	3	1	0	0
19705	17	3	1	0	1
19706	17	3	1	0	2
19707	17	3	1	1	0
19708	17	3	1	1	1
19709	17	3	1	1	2
19710	17	3	1	2	0
19711	17	3	1	2	1
19712	17	3	1	2	2
19713	17	3	1	3	0
19714	17	3	1	3	1
19715	17	3	1	3	2
19716	17	3	2	0	0
19717	17	3	2	0	1
19718	17	3	2	0	2
19719	17	3	2	1	0
19720	17	3	2	1	1
19721	17	3	2	1	2
19722	17	3	2	2	0
19723	17	3	2	2	1
19724	17	3	2	2	2
19725	17	3	2	3	0
19726	17	3	2	3	1
19727	17	3	2	3	2
19728	17	4	0	0	0
19729	17	4	0	0	1
19730	17	4	0	0	2
19731	17	4	0	1	0
19732	17	4	0	1	1
19733	17	4	0	1	2
19734	17	4	0	2	0
19735	17	4	0	2	1
19736	17	4	0	2	2
19737	17	4	0	3	0
19738	17	4	0	3	1
19739	17	4	0	3	2
19740	17	4	1	0	0
19741	17	4	1	0	1
19742	17	4	1	0	2
19743	17	4	1	1	0
19744	17	4	1	1	1
19745	17	4	1	1	2
19746	17	4	1	2	0
19747	17	4	1	2	1
19748	17	4	1	2	2
19749	17	4	1	3	0
19750	17	4	1	3	1
19751	17	4	1	3	2
19752	17	4	2	0	0
19753	17	4	2	0	1
19754	17	4	2	0	2
19755	17	4	2	1	0
19756	17	4	2	1	1
19757	17	4	2	1	2
19758	17	4	2	2	0
19759	17	4	2	2	1
19760	17	4	2	2	2
19761	17	4	2	3	0
19762	17	4	2	3	1
19763	17	4	2	3	2
19764	17	5	0	0	0
19765	17	5	0	0	1
19766	17	5	0	0	2
19767	17	5	0	1	0
19768	17	5	0	1	1
19769	17	5	0	1	2
19770	17	5	0	2	0
19771	17	5	0	2	1
19772	17	5	0	2	2
19773	17	5	0	3	0
19774	17	5	0	3	1
19775	17	5	0	3	2
19776	17	5	1	0	0
19777	17	5	1	0	1
19778	17	5	1	0	2
19779	17	5	1	1	0
19780	17	5	1	1	1
19781	17	5	1	1	2
19782	17	5	1	2	0
19783	17	5	1	2	1
19784	17	5	1	2	2
19785	17	5	1	3	0
19786	17	5	1	3	1
19787	17	5	1	3	2
19788	17	5	2	0	0
19789	17	5	2	0	1
19790	17	5	2	0	2
19791	17	5	2	1	0
19792	17	5	2	1	1
19793	17	5	2	1	2
19794	17	5	2	2	0
19795	17	5	2	2	1
19796	17	5	2	2	2
19797	17	5	2	3	0
19798	17	5	2	3	1
19799	17	5	2	3	2
19800	17	6	0	0	0
19801	17	6	0	0	1
19802	17	6	0	0	2
19803	17	6	0	1	0
19804	17	6	0	1	1
19805	17	6	0	1	2
19806	17	6	0	2	0
19807	17	6	0	2	1
19808	17	6	0	2	2
19809	17	6	0	3	0
19810	17	6	0	3	1
19811	17	6	0	3	2
19812	17	6	1	0	0
19813	17	6	1	0	1
19814	17	6	1	0	2
19815	17	6	1	1	0
19816	17	6	1	1	1
19817	17	6	1	1	2
19818	17	6	1	2	0
19819	17	6	1	2	1
19820	17	6	1	2	2
19821	17	6	1	3	0
19822	17	6	1	3	1
19823	17	6	1	3	2
19824	17	6	2	0	0
19825	17	6	2	0	1
19826	17	6	2	0	2
19827	17	6	2	1	0
19828	17	6	2	1	1
19829	17	6	2	1	2
19830	17	6	2	2	0
19831	17	6	2	2	1
19832	17	6	2	2	2
19833	17	6	2	3	0
19834	17	6	2	3	1
19835	17	6	2	3	2
19836	17	7	0	0	0
19837	17	7	0	0	1
19838	17	7	0	0	2
19839	17	7	0	1	0
19840	17	7	0	1	1
19841	17	7	0	1	2
19842	17	7	0	2	0
19843	17	7	0	2	1
19844	17	7	0	2	2
19845	17	7	0	3	0
19846	17	7	0	3	1
19847	17	7	0	3	2
19848	17	7	1	0	0
19849	17	7	1	0	1
19850	17	7	1	0	2
19851	17	7	1	1	0
19852	17	7	1	1	1
19853	17	7	1	1	2
19854	17	7	1	2	0
19855	17	7	1	2	1
19856	17	7	1	2	2
19857	17	7	1	3	0
19858	17	7	1	3	1
19859	17	7	1	3	2
19860	17	7	2	0	0
19861	17	7	2	0	1
19862	17	7	2	0	2
19863	17	7	2	1	0
19864	17	7	2	1	1
19865	17	7	2	1	2
19866	17	7	2	2	0
19867	17	7	2	2	1
19868	17	7	2	2	2
19869	17	7	2	3	0
19870	17	7	2	3	1
19871	17	7	2	3	2
19872	17	8	0	0	0
19873	17	8	0	0	1
19874	17	8	0	0	2
19875	17	8	0	1	0
19876	17	8	0	1	1
19877	17	8	0	1	2
19878	17	8	0	2	0
19879	17	8	0	2	1
19880	17	8	0	2	2
19881	17	8	0	3	0
19882	17	8	0	3	1
19883	17	8	0	3	2
19884	17	8	1	0	0
19885	17	8	1	0	1
19886	17	8	1	0	2
19887	17	8	1	1	0
19888	17	8	1	1	1
19889	17	8	1	1	2
19890	17	8	1	2	0
19891	17	8	1	2	1
19892	17	8	1	2	2
19893	17	8	1	3	0
19894	17	8	1	3	1
19895	17	8	1	3	2
19896	17	8	2	0	0
19897	17	8	2	0	1
19898	17	8	2	0	2
19899	17	8	2	1	0
19900	17	8	2	1	1
19901	17	8	2	1	2
19902	17	8	2	2	0
19903	17	8	2	2	1
19904	17	8	2	2	2
19905	17	8	2	3	0
19906	17	8	2	3	1
19907	17	8	2	3	2
19908	17	9	0	0	0
19909	17	9	0	0	1
19910	17	9	0	0	2
19911	17	9	0	1	0
19912	17	9	0	1	1
19913	17	9	0	1	2
19914	17	9	0	2	0
19915	17	9	0	2	1
19916	17	9	0	2	2
19917	17	9	0	3	0
19918	17	9	0	3	1
19919	17	9	0	3	2
19920	17	9	1	0	0
19921	17	9	1	0	1
19922	17	9	1	0	2
19923	17	9	1	1	0
19924	17	9	1	1	1
19925	17	9	1	1	2
19926	17	9	1	2	0
19927	17	9	1	2	1
19928	17	9	1	2	2
19929	17	9	1	3	0
19930	17	9	1	3	1
19931	17	9	1	3	2
19932	17	9	2	0	0
19933	17	9	2	0	1
19934	17	9	2	0	2
19935	17	9	2	1	0
19936	17	9	2	1	1
19937	17	9	2	1	2
19938	17	9	2	2	0
19939	17	9	2	2	1
19940	17	9	2	2	2
19941	17	9	2	3	0
19942	17	9	2	3	1
19943	17	9	2	3	2
19944	17	10	0	0	0
19945	17	10	0	0	1
19946	17	10	0	0	2
19947	17	10	0	1	0
19948	17	10	0	1	1
19949	17	10	0	1	2
19950	17	10	0	2	0
19951	17	10	0	2	1
19952	17	10	0	2	2
19953	17	10	0	3	0
19954	17	10	0	3	1
19955	17	10	0	3	2
19956	17	10	1	0	0
19957	17	10	1	0	1
19958	17	10	1	0	2
19959	17	10	1	1	0
19960	17	10	1	1	1
19961	17	10	1	1	2
19962	17	10	1	2	0
19963	17	10	1	2	1
19964	17	10	1	2	2
19965	17	10	1	3	0
19966	17	10	1	3	1
19967	17	10	1	3	2
19968	17	10	2	0	0
19969	17	10	2	0	1
19970	17	10	2	0	2
19971	17	10	2	1	0
19972	17	10	2	1	1
19973	17	10	2	1	2
19974	17	10	2	2	0
19975	17	10	2	2	1
19976	17	10	2	2	2
19977	17	10	2	3	0
19978	17	10	2	3	1
19979	17	10	2	3	2
19980	17	11	0	0	0
19981	17	11	0	0	1
19982	17	11	0	0	2
19983	17	11	0	1	0
19984	17	11	0	1	1
19985	17	11	0	1	2
19986	17	11	0	2	0
19987	17	11	0	2	1
19988	17	11	0	2	2
19989	17	11	0	3	0
19990	17	11	0	3	1
19991	17	11	0	3	2
19992	17	11	1	0	0
19993	17	11	1	0	1
19994	17	11	1	0	2
19995	17	11	1	1	0
19996	17	11	1	1	1
19997	17	11	1	1	2
19998	17	11	1	2	0
19999	17	11	1	2	1
20000	17	11	1	2	2
20001	17	11	1	3	0
20002	17	11	1	3	1
20003	17	11	1	3	2
20004	17	11	2	0	0
20005	17	11	2	0	1
20006	17	11	2	0	2
20007	17	11	2	1	0
20008	17	11	2	1	1
20009	17	11	2	1	2
20010	17	11	2	2	0
20011	17	11	2	2	1
20012	17	11	2	2	2
20013	17	11	2	3	0
20014	17	11	2	3	1
20015	17	11	2	3	2
20016	17	12	0	0	0
20017	17	12	0	0	1
20018	17	12	0	0	2
20019	17	12	0	1	0
20020	17	12	0	1	1
20021	17	12	0	1	2
20022	17	12	0	2	0
20023	17	12	0	2	1
20024	17	12	0	2	2
20025	17	12	0	3	0
20026	17	12	0	3	1
20027	17	12	0	3	2
20028	17	12	1	0	0
20029	17	12	1	0	1
20030	17	12	1	0	2
20031	17	12	1	1	0
20032	17	12	1	1	1
20033	17	12	1	1	2
20034	17	12	1	2	0
20035	17	12	1	2	1
20036	17	12	1	2	2
20037	17	12	1	3	0
20038	17	12	1	3	1
20039	17	12	1	3	2
20040	17	12	2	0	0
20041	17	12	2	0	1
20042	17	12	2	0	2
20043	17	12	2	1	0
20044	17	12	2	1	1
20045	17	12	2	1	2
20046	17	12	2	2	0
20047	17	12	2	2	1
20048	17	12	2	2	2
20049	17	12	2	3	0
20050	17	12	2	3	1
20051	17	12	2	3	2
20052	17	13	0	0	0
20053	17	13	0	0	1
20054	17	13	0	0	2
20055	17	13	0	1	0
20056	17	13	0	1	1
20057	17	13	0	1	2
20058	17	13	0	2	0
20059	17	13	0	2	1
20060	17	13	0	2	2
20061	17	13	0	3	0
20062	17	13	0	3	1
20063	17	13	0	3	2
20064	17	13	1	0	0
20065	17	13	1	0	1
20066	17	13	1	0	2
20067	17	13	1	1	0
20068	17	13	1	1	1
20069	17	13	1	1	2
20070	17	13	1	2	0
20071	17	13	1	2	1
20072	17	13	1	2	2
20073	17	13	1	3	0
20074	17	13	1	3	1
20075	17	13	1	3	2
20076	17	13	2	0	0
20077	17	13	2	0	1
20078	17	13	2	0	2
20079	17	13	2	1	0
20080	17	13	2	1	1
20081	17	13	2	1	2
20082	17	13	2	2	0
20083	17	13	2	2	1
20084	17	13	2	2	2
20085	17	13	2	3	0
20086	17	13	2	3	1
20087	17	13	2	3	2
20088	17	14	0	0	0
20089	17	14	0	0	1
20090	17	14	0	0	2
20091	17	14	0	1	0
20092	17	14	0	1	1
20093	17	14	0	1	2
20094	17	14	0	2	0
20095	17	14	0	2	1
20096	17	14	0	2	2
20097	17	14	0	3	0
20098	17	14	0	3	1
20099	17	14	0	3	2
20100	17	14	1	0	0
20101	17	14	1	0	1
20102	17	14	1	0	2
20103	17	14	1	1	0
20104	17	14	1	1	1
20105	17	14	1	1	2
20106	17	14	1	2	0
20107	17	14	1	2	1
20108	17	14	1	2	2
20109	17	14	1	3	0
20110	17	14	1	3	1
20111	17	14	1	3	2
20112	17	14	2	0	0
20113	17	14	2	0	1
20114	17	14	2	0	2
20115	17	14	2	1	0
20116	17	14	2	1	1
20117	17	14	2	1	2
20118	17	14	2	2	0
20119	17	14	2	2	1
20120	17	14	2	2	2
20121	17	14	2	3	0
20122	17	14	2	3	1
20123	17	14	2	3	2
20124	17	15	0	0	0
20125	17	15	0	0	1
20126	17	15	0	0	2
20127	17	15	0	1	0
20128	17	15	0	1	1
20129	17	15	0	1	2
20130	17	15	0	2	0
20131	17	15	0	2	1
20132	17	15	0	2	2
20133	17	15	0	3	0
20134	17	15	0	3	1
20135	17	15	0	3	2
20136	17	15	1	0	0
20137	17	15	1	0	1
20138	17	15	1	0	2
20139	17	15	1	1	0
20140	17	15	1	1	1
20141	17	15	1	1	2
20142	17	15	1	2	0
20143	17	15	1	2	1
20144	17	15	1	2	2
20145	17	15	1	3	0
20146	17	15	1	3	1
20147	17	15	1	3	2
20148	17	15	2	0	0
20149	17	15	2	0	1
20150	17	15	2	0	2
20151	17	15	2	1	0
20152	17	15	2	1	1
20153	17	15	2	1	2
20154	17	15	2	2	0
20155	17	15	2	2	1
20156	17	15	2	2	2
20157	17	15	2	3	0
20158	17	15	2	3	1
20159	17	15	2	3	2
20160	17	16	0	0	0
20161	17	16	0	0	1
20162	17	16	0	0	2
20163	17	16	0	1	0
20164	17	16	0	1	1
20165	17	16	0	1	2
20166	17	16	0	2	0
20167	17	16	0	2	1
20168	17	16	0	2	2
20169	17	16	0	3	0
20170	17	16	0	3	1
20171	17	16	0	3	2
20172	17	16	1	0	0
20173	17	16	1	0	1
20174	17	16	1	0	2
20175	17	16	1	1	0
20176	17	16	1	1	1
20177	17	16	1	1	2
20178	17	16	1	2	0
20179	17	16	1	2	1
20180	17	16	1	2	2
20181	17	16	1	3	0
20182	17	16	1	3	1
20183	17	16	1	3	2
20184	17	16	2	0	0
20185	17	16	2	0	1
20186	17	16	2	0	2
20187	17	16	2	1	0
20188	17	16	2	1	1
20189	17	16	2	1	2
20190	17	16	2	2	0
20191	17	16	2	2	1
20192	17	16	2	2	2
20193	17	16	2	3	0
20194	17	16	2	3	1
20195	17	16	2	3	2
20196	17	17	0	0	0
20197	17	17	0	0	1
20198	17	17	0	0	2
20199	17	17	0	1	0
20200	17	17	0	1	1
20201	17	17	0	1	2
20202	17	17	0	2	0
20203	17	17	0	2	1
20204	17	17	0	2	2
20205	17	17	0	3	0
20206	17	17	0	3	1
20207	17	17	0	3	2
20208	17	17	1	0	0
20209	17	17	1	0	1
20210	17	17	1	0	2
20211	17	17	1	1	0
20212	17	17	1	1	1
20213	17	17	1	1	2
20214	17	17	1	2	0
20215	17	17	1	2	1
20216	17	17	1	2	2
20217	17	17	1	3	0
20218	17	17	1	3	1
20219	17	17	1	3	2
20220	17	17	2	0	0
20221	17	17	2	0	1
20222	17	17	2	0	2
20223	17	17	2	1	0
20224	17	17	2	1	1
20225	17	17	2	1	2
20226	17	17	2	2	0
20227	17	17	2	2	1
20228	17	17	2	2	2
20229	17	17	2	3	0
20230	17	17	2	3	1
20231	17	17	2	3	2
20232	17	18	0	0	0
20233	17	18	0	0	1
20234	17	18	0	0	2
20235	17	18	0	1	0
20236	17	18	0	1	1
20237	17	18	0	1	2
20238	17	18	0	2	0
20239	17	18	0	2	1
20240	17	18	0	2	2
20241	17	18	0	3	0
20242	17	18	0	3	1
20243	17	18	0	3	2
20244	17	18	1	0	0
20245	17	18	1	0	1
20246	17	18	1	0	2
20247	17	18	1	1	0
20248	17	18	1	1	1
20249	17	18	1	1	2
20250	17	18	1	2	0
20251	17	18	1	2	1
20252	17	18	1	2	2
20253	17	18	1	3	0
20254	17	18	1	3	1
20255	17	18	1	3	2
20256	17	18	2	0	0
20257	17	18	2	0	1
20258	17	18	2	0	2
20259	17	18	2	1	0
20260	17	18	2	1	1
20261	17	18	2	1	2
20262	17	18	2	2	0
20263	17	18	2	2	1
20264	17	18	2	2	2
20265	17	18	2	3	0
20266	17	18	2	3	1
20267	17	18	2	3	2
20268	17	19	0	0	0
20269	17	19	0	0	1
20270	17	19	0	0	2
20271	17	19	0	1	0
20272	17	19	0	1	1
20273	17	19	0	1	2
20274	17	19	0	2	0
20275	17	19	0	2	1
20276	17	19	0	2	2
20277	17	19	0	3	0
20278	17	19	0	3	1
20279	17	19	0	3	2
20280	17	19	1	0	0
20281	17	19	1	0	1
20282	17	19	1	0	2
20283	17	19	1	1	0
20284	17	19	1	1	1
20285	17	19	1	1	2
20286	17	19	1	2	0
20287	17	19	1	2	1
20288	17	19	1	2	2
20289	17	19	1	3	0
20290	17	19	1	3	1
20291	17	19	1	3	2
20292	17	19	2	0	0
20293	17	19	2	0	1
20294	17	19	2	0	2
20295	17	19	2	1	0
20296	17	19	2	1	1
20297	17	19	2	1	2
20298	17	19	2	2	0
20299	17	19	2	2	1
20300	17	19	2	2	2
20301	17	19	2	3	0
20302	17	19	2	3	1
20303	17	19	2	3	2
20304	17	20	0	0	0
20305	17	20	0	0	1
20306	17	20	0	0	2
20307	17	20	0	1	0
20308	17	20	0	1	1
20309	17	20	0	1	2
20310	17	20	0	2	0
20311	17	20	0	2	1
20312	17	20	0	2	2
20313	17	20	0	3	0
20314	17	20	0	3	1
20315	17	20	0	3	2
20316	17	20	1	0	0
20317	17	20	1	0	1
20318	17	20	1	0	2
20319	17	20	1	1	0
20320	17	20	1	1	1
20321	17	20	1	1	2
20322	17	20	1	2	0
20323	17	20	1	2	1
20324	17	20	1	2	2
20325	17	20	1	3	0
20326	17	20	1	3	1
20327	17	20	1	3	2
20328	17	20	2	0	0
20329	17	20	2	0	1
20330	17	20	2	0	2
20331	17	20	2	1	0
20332	17	20	2	1	1
20333	17	20	2	1	2
20334	17	20	2	2	0
20335	17	20	2	2	1
20336	17	20	2	2	2
20337	17	20	2	3	0
20338	17	20	2	3	1
20339	17	20	2	3	2
20340	17	21	0	0	0
20341	17	21	0	0	1
20342	17	21	0	0	2
20343	17	21	0	1	0
20344	17	21	0	1	1
20345	17	21	0	1	2
20346	17	21	0	2	0
20347	17	21	0	2	1
20348	17	21	0	2	2
20349	17	21	0	3	0
20350	17	21	0	3	1
20351	17	21	0	3	2
20352	17	21	1	0	0
20353	17	21	1	0	1
20354	17	21	1	0	2
20355	17	21	1	1	0
20356	17	21	1	1	1
20357	17	21	1	1	2
20358	17	21	1	2	0
20359	17	21	1	2	1
20360	17	21	1	2	2
20361	17	21	1	3	0
20362	17	21	1	3	1
20363	17	21	1	3	2
20364	17	21	2	0	0
20365	17	21	2	0	1
20366	17	21	2	0	2
20367	17	21	2	1	0
20368	17	21	2	1	1
20369	17	21	2	1	2
20370	17	21	2	2	0
20371	17	21	2	2	1
20372	17	21	2	2	2
20373	17	21	2	3	0
20374	17	21	2	3	1
20375	17	21	2	3	2
20376	17	22	0	0	0
20377	17	22	0	0	1
20378	17	22	0	0	2
20379	17	22	0	1	0
20380	17	22	0	1	1
20381	17	22	0	1	2
20382	17	22	0	2	0
20383	17	22	0	2	1
20384	17	22	0	2	2
20385	17	22	0	3	0
20386	17	22	0	3	1
20387	17	22	0	3	2
20388	17	22	1	0	0
20389	17	22	1	0	1
20390	17	22	1	0	2
20391	17	22	1	1	0
20392	17	22	1	1	1
20393	17	22	1	1	2
20394	17	22	1	2	0
20395	17	22	1	2	1
20396	17	22	1	2	2
20397	17	22	1	3	0
20398	17	22	1	3	1
20399	17	22	1	3	2
20400	17	22	2	0	0
20401	17	22	2	0	1
20402	17	22	2	0	2
20403	17	22	2	1	0
20404	17	22	2	1	1
20405	17	22	2	1	2
20406	17	22	2	2	0
20407	17	22	2	2	1
20408	17	22	2	2	2
20409	17	22	2	3	0
20410	17	22	2	3	1
20411	17	22	2	3	2
20412	17	23	0	0	0
20413	17	23	0	0	1
20414	17	23	0	0	2
20415	17	23	0	1	0
20416	17	23	0	1	1
20417	17	23	0	1	2
20418	17	23	0	2	0
20419	17	23	0	2	1
20420	17	23	0	2	2
20421	17	23	0	3	0
20422	17	23	0	3	1
20423	17	23	0	3	2
20424	17	23	1	0	0
20425	17	23	1	0	1
20426	17	23	1	0	2
20427	17	23	1	1	0
20428	17	23	1	1	1
20429	17	23	1	1	2
20430	17	23	1	2	0
20431	17	23	1	2	1
20432	17	23	1	2	2
20433	17	23	1	3	0
20434	17	23	1	3	1
20435	17	23	1	3	2
20436	17	23	2	0	0
20437	17	23	2	0	1
20438	17	23	2	0	2
20439	17	23	2	1	0
20440	17	23	2	1	1
20441	17	23	2	1	2
20442	17	23	2	2	0
20443	17	23	2	2	1
20444	17	23	2	2	2
20445	17	23	2	3	0
20446	17	23	2	3	1
20447	17	23	2	3	2
20448	17	24	0	0	0
20449	17	24	0	0	1
20450	17	24	0	0	2
20451	17	24	0	1	0
20452	17	24	0	1	1
20453	17	24	0	1	2
20454	17	24	0	2	0
20455	17	24	0	2	1
20456	17	24	0	2	2
20457	17	24	0	3	0
20458	17	24	0	3	1
20459	17	24	0	3	2
20460	17	24	1	0	0
20461	17	24	1	0	1
20462	17	24	1	0	2
20463	17	24	1	1	0
20464	17	24	1	1	1
20465	17	24	1	1	2
20466	17	24	1	2	0
20467	17	24	1	2	1
20468	17	24	1	2	2
20469	17	24	1	3	0
20470	17	24	1	3	1
20471	17	24	1	3	2
20472	17	24	2	0	0
20473	17	24	2	0	1
20474	17	24	2	0	2
20475	17	24	2	1	0
20476	17	24	2	1	1
20477	17	24	2	1	2
20478	17	24	2	2	0
20479	17	24	2	2	1
20480	17	24	2	2	2
20481	17	24	2	3	0
20482	17	24	2	3	1
20483	17	24	2	3	2
20484	17	25	0	0	0
20485	17	25	0	0	1
20486	17	25	0	0	2
20487	17	25	0	1	0
20488	17	25	0	1	1
20489	17	25	0	1	2
20490	17	25	0	2	0
20491	17	25	0	2	1
20492	17	25	0	2	2
20493	17	25	0	3	0
20494	17	25	0	3	1
20495	17	25	0	3	2
20496	17	25	1	0	0
20497	17	25	1	0	1
20498	17	25	1	0	2
20499	17	25	1	1	0
20500	17	25	1	1	1
20501	17	25	1	1	2
20502	17	25	1	2	0
20503	17	25	1	2	1
20504	17	25	1	2	2
20505	17	25	1	3	0
20506	17	25	1	3	1
20507	17	25	1	3	2
20508	17	25	2	0	0
20509	17	25	2	0	1
20510	17	25	2	0	2
20511	17	25	2	1	0
20512	17	25	2	1	1
20513	17	25	2	1	2
20514	17	25	2	2	0
20515	17	25	2	2	1
20516	17	25	2	2	2
20517	17	25	2	3	0
20518	17	25	2	3	1
20519	17	25	2	3	2
20520	17	26	0	0	0
20521	17	26	0	0	1
20522	17	26	0	0	2
20523	17	26	0	1	0
20524	17	26	0	1	1
20525	17	26	0	1	2
20526	17	26	0	2	0
20527	17	26	0	2	1
20528	17	26	0	2	2
20529	17	26	0	3	0
20530	17	26	0	3	1
20531	17	26	0	3	2
20532	17	26	1	0	0
20533	17	26	1	0	1
20534	17	26	1	0	2
20535	17	26	1	1	0
20536	17	26	1	1	1
20537	17	26	1	1	2
20538	17	26	1	2	0
20539	17	26	1	2	1
20540	17	26	1	2	2
20541	17	26	1	3	0
20542	17	26	1	3	1
20543	17	26	1	3	2
20544	17	26	2	0	0
20545	17	26	2	0	1
20546	17	26	2	0	2
20547	17	26	2	1	0
20548	17	26	2	1	1
20549	17	26	2	1	2
20550	17	26	2	2	0
20551	17	26	2	2	1
20552	17	26	2	2	2
20553	17	26	2	3	0
20554	17	26	2	3	1
20555	17	26	2	3	2
20556	17	27	0	0	0
20557	17	27	0	0	1
20558	17	27	0	0	2
20559	17	27	0	1	0
20560	17	27	0	1	1
20561	17	27	0	1	2
20562	17	27	0	2	0
20563	17	27	0	2	1
20564	17	27	0	2	2
20565	17	27	0	3	0
20566	17	27	0	3	1
20567	17	27	0	3	2
20568	17	27	1	0	0
20569	17	27	1	0	1
20570	17	27	1	0	2
20571	17	27	1	1	0
20572	17	27	1	1	1
20573	17	27	1	1	2
20574	17	27	1	2	0
20575	17	27	1	2	1
20576	17	27	1	2	2
20577	17	27	1	3	0
20578	17	27	1	3	1
20579	17	27	1	3	2
20580	17	27	2	0	0
20581	17	27	2	0	1
20582	17	27	2	0	2
20583	17	27	2	1	0
20584	17	27	2	1	1
20585	17	27	2	1	2
20586	17	27	2	2	0
20587	17	27	2	2	1
20588	17	27	2	2	2
20589	17	27	2	3	0
20590	17	27	2	3	1
20591	17	27	2	3	2
20592	17	28	0	0	0
20593	17	28	0	0	1
20594	17	28	0	0	2
20595	17	28	0	1	0
20596	17	28	0	1	1
20597	17	28	0	1	2
20598	17	28	0	2	0
20599	17	28	0	2	1
20600	17	28	0	2	2
20601	17	28	0	3	0
20602	17	28	0	3	1
20603	17	28	0	3	2
20604	17	28	1	0	0
20605	17	28	1	0	1
20606	17	28	1	0	2
20607	17	28	1	1	0
20608	17	28	1	1	1
20609	17	28	1	1	2
20610	17	28	1	2	0
20611	17	28	1	2	1
20612	17	28	1	2	2
20613	17	28	1	3	0
20614	17	28	1	3	1
20615	17	28	1	3	2
20616	17	28	2	0	0
20617	17	28	2	0	1
20618	17	28	2	0	2
20619	17	28	2	1	0
20620	17	28	2	1	1
20621	17	28	2	1	2
20622	17	28	2	2	0
20623	17	28	2	2	1
20624	17	28	2	2	2
20625	17	28	2	3	0
20626	17	28	2	3	1
20627	17	28	2	3	2
20628	17	29	0	0	0
20629	17	29	0	0	1
20630	17	29	0	0	2
20631	17	29	0	1	0
20632	17	29	0	1	1
20633	17	29	0	1	2
20634	17	29	0	2	0
20635	17	29	0	2	1
20636	17	29	0	2	2
20637	17	29	0	3	0
20638	17	29	0	3	1
20639	17	29	0	3	2
20640	17	29	1	0	0
20641	17	29	1	0	1
20642	17	29	1	0	2
20643	17	29	1	1	0
20644	17	29	1	1	1
20645	17	29	1	1	2
20646	17	29	1	2	0
20647	17	29	1	2	1
20648	17	29	1	2	2
20649	17	29	1	3	0
20650	17	29	1	3	1
20651	17	29	1	3	2
20652	17	29	2	0	0
20653	17	29	2	0	1
20654	17	29	2	0	2
20655	17	29	2	1	0
20656	17	29	2	1	1
20657	17	29	2	1	2
20658	17	29	2	2	0
20659	17	29	2	2	1
20660	17	29	2	2	2
20661	17	29	2	3	0
20662	17	29	2	3	1
20663	17	29	2	3	2
20664	17	30	0	0	0
20665	17	30	0	0	1
20666	17	30	0	0	2
20667	17	30	0	1	0
20668	17	30	0	1	1
20669	17	30	0	1	2
20670	17	30	0	2	0
20671	17	30	0	2	1
20672	17	30	0	2	2
20673	17	30	0	3	0
20674	17	30	0	3	1
20675	17	30	0	3	2
20676	17	30	1	0	0
20677	17	30	1	0	1
20678	17	30	1	0	2
20679	17	30	1	1	0
20680	17	30	1	1	1
20681	17	30	1	1	2
20682	17	30	1	2	0
20683	17	30	1	2	1
20684	17	30	1	2	2
20685	17	30	1	3	0
20686	17	30	1	3	1
20687	17	30	1	3	2
20688	17	30	2	0	0
20689	17	30	2	0	1
20690	17	30	2	0	2
20691	17	30	2	1	0
20692	17	30	2	1	1
20693	17	30	2	1	2
20694	17	30	2	2	0
20695	17	30	2	2	1
20696	17	30	2	2	2
20697	17	30	2	3	0
20698	17	30	2	3	1
20699	17	30	2	3	2
20700	17	31	0	0	0
20701	17	31	0	0	1
20702	17	31	0	0	2
20703	17	31	0	1	0
20704	17	31	0	1	1
20705	17	31	0	1	2
20706	17	31	0	2	0
20707	17	31	0	2	1
20708	17	31	0	2	2
20709	17	31	0	3	0
20710	17	31	0	3	1
20711	17	31	0	3	2
20712	17	31	1	0	0
20713	17	31	1	0	1
20714	17	31	1	0	2
20715	17	31	1	1	0
20716	17	31	1	1	1
20717	17	31	1	1	2
20718	17	31	1	2	0
20719	17	31	1	2	1
20720	17	31	1	2	2
20721	17	31	1	3	0
20722	17	31	1	3	1
20723	17	31	1	3	2
20724	17	31	2	0	0
20725	17	31	2	0	1
20726	17	31	2	0	2
20727	17	31	2	1	0
20728	17	31	2	1	1
20729	17	31	2	1	2
20730	17	31	2	2	0
20731	17	31	2	2	1
20732	17	31	2	2	2
20733	17	31	2	3	0
20734	17	31	2	3	1
20735	17	31	2	3	2
20736	18	0	0	0	0
20737	18	0	0	0	1
20738	18	0	0	0	2
20739	18	0	0	1	0
20740	18	0	0	1	1
20741	18	0	0	1	2
20742	18	0	0	2	0
20743	18	0	0	2	1
20744	18	0	0	2	2
20745	18	0	0	3	0
20746	18	0	0	3	1
20747	18	0	0	3	2
20748	18	0	1	0	0
20749	18	0	1	0	1
20750	18	0	1	0	2
20751	18	0	1	1	0
20752	18	0	1	1	1
20753	18	0	1	1	2
20754	18	0	1	2	0
20755	18	0	1	2	1
20756	18	0	1	2	2
20757	18	0	1	3	0
20758	18	0	1	3	1
20759	18	0	1	3	2
20760	18	0	2	0	0
20761	18	0	2	0	1
20762	18	0	2	0	2
20763	18	0	2	1	0
20764	18	0	2	1	1
20765	18	0	2	1	2
20766	18	0	2	2	0
20767	18	0	2	2	1
20768	18	0	2	2	2
20769	18	0	2	3	0
20770	18	0	2	3	1
20771	18	0	2	3	2
20772	18	1	0	0	0
20773	18	1	0	0	1
20774	18	1	0	0	2
20775	18	1	0	1	0
20776	18	1	0	1	1
20777	18	1	0	1	2
20778	18	1	0	2	0
20779	18	1	0	2	1
20780	18	1	0	2	2
20781	18	1	0	3	0
20782	18	1	0	3	1
20783	18	1	0	3	2
20784	18	1	1	0	0
20785	18	1	1	0	1
20786	18	1	1	0	2
20787	18	1	1	1	0
20788	18	1	1	1	1
20789	18	1	1	1	2
20790	18	1	1	2	0
20791	18	1	1	2	1
20792	18	1	1	2	2
20793	18	1	1	3	0
20794	18	1	1	3	1
20795	18	1	1	3	2
20796	18	1	2	0	0
20797	18	1	2	0	1
20798	18	1	2	0	2
20799	18	1	2	1	0
20800	18	1	2	1	1
20801	18	1	2	1	2
20802	18	1	2	2	0
20803	18	1	2	2	1
20804	18	1	2	2	2
20805	18	1	2	3	0
20806	18	1	2	3	1
20807	18	1	2	3	2
20808	18	2	0	0	0
20809	18	2	0	0	1
20810	18	2	0	0	2
20811	18	2	0	1	0
20812	18	2	0	1	1
20813	18	2	0	1	2
20814	18	2	0	2	0
20815	18	2	0	2	1
20816	18	2	0	2	2
20817	18	2	0	3	0
20818	18	2	0	3	1
20819	18	2	0	3	2
20820	18	2	1	0	0
20821	18	2	1	0	1
20822	18	2	1	0	2
20823	18	2	1	1	0
20824	18	2	1	1	1
20825	18	2	1	1	2
20826	18	2	1	2	0
20827	18	2	1	2	1
20828	18	2	1	2	2
20829	18	2	1	3	0
20830	18	2	1	3	1
20831	18	2	1	3	2
20832	18	2	2	0	0
20833	18	2	2	0	1
20834	18	2	2	0	2
20835	18	2	2	1	0
20836	18	2	2	1	1
20837	18	2	2	1	2
20838	18	2	2	2	0
20839	18	2	2	2	1
20840	18	2	2	2	2
20841	18	2	2	3	0
20842	18	2	2	3	1
20843	18	2	2	3	2
20844	18	3	0	0	0
20845	18	3	0	0	1
20846	18	3	0	0	2
20847	18	3	0	1	0
20848	18	3	0	1	1
20849	18	3	0	1	2
20850	18	3	0	2	0
20851	18	3	0	2	1
20852	18	3	0	2	2
20853	18	3	0	3	0
20854	18	3	0	3	1
20855	18	3	0	3	2
20856	18	3	1	0	0
20857	18	3	1	0	1
20858	18	3	1	0	2
20859	18	3	1	1	0
20860	18	3	1	1	1
20861	18	3	1	1	2
20862	18	3	1	2	0
20863	18	3	1	2	1
20864	18	3	1	2	2
20865	18	3	1	3	0
20866	18	3	1	3	1
20867	18	3	1	3	2
20868	18	3	2	0	0
20869	18	3	2	0	1
20870	18	3	2	0	2
20871	18	3	2	1	0
20872	18	3	2	1	1
20873	18	3	2	1	2
20874	18	3	2	2	0
20875	18	3	2	2	1
20876	18	3	2	2	2
20877	18	3	2	3	0
20878	18	3	2	3	1
20879	18	3	2	3	2
20880	18	4	0	0	0
20881	18	4	0	0	1
20882	18	4	0	0	2
20883	18	4	0	1	0
20884	18	4	0	1	1
20885	18	4	0	1	2
20886	18	4	0	2	0
20887	18	4	0	2	1
20888	18	4	0	2	2
20889	18	4	0	3	0
20890	18	4	0	3	1
20891	18	4	0	3	2
20892	18	4	1	0	0
20893	18	4	1	0	1
20894	18	4	1	0	2
20895	18	4	1	1	0
20896	18	4	1	1	1
20897	18	4	1	1	2
20898	18	4	1	2	0
20899	18	4	1	2	1
20900	18	4	1	2	2
20901	18	4	1	3	0
20902	18	4	1	3	1
20903	18	4	1	3	2
20904	18	4	2	0	0
20905	18	4	2	0	1
20906	18	4	2	0	2
20907	18	4	2	1	0
20908	18	4	2	1	1
20909	18	4	2	1	2
20910	18	4	2	2	0
20911	18	4	2	2	1
20912	18	4	2	2	2
20913	18	4	2	3	0
20914	18	4	2	3	1
20915	18	4	2	3	2
20916	18	5	0	0	0
20917	18	5	0	0	1
20918	18	5	0	0	2
20919	18	5	0	1	0
20920	18	5	0	1	1
20921	18	5	0	1	2
20922	18	5	0	2	0
20923	18	5	0	2	1
20924	18	5	0	2	2
20925	18	5	0	3	0
20926	18	5	0	3	1
20927	18	5	0	3	2
20928	18	5	1	0	0
20929	18	5	1	0	1
20930	18	5	1	0	2
20931	18	5	1	1	0
20932	18	5	1	1	1
20933	18	5	1	1	2
20934	18	5	1	2	0
20935	18	5	1	2	1
20936	18	5	1	2	2
20937	18	5	1	3	0
20938	18	5	1	3	1
20939	18	5	1	3	2
20940	18	5	2	0	0
20941	18	5	2	0	1
20942	18	5	2	0	2
20943	18	5	2	1	0
20944	18	5	2	1	1
20945	18	5	2	1	2
20946	18	5	2	2	0
20947	18	5	2	2	1
20948	18	5	2	2	2
20949	18	5	2	3	0
20950	18	5	2	3	1
20951	18	5	2	3	2
20952	18	6	0	0	0
20953	18	6	0	0	1
20954	18	6	0	0	2
20955	18	6	0	1	0
20956	18	6	0	1	1
20957	18	6	0	1	2
20958	18	6	0	2	0
20959	18	6	0	2	1
20960	18	6	0	2	2
20961	18	6	0	3	0
20962	18	6	0	3	1
20963	18	6	0	3	2
20964	18	6	1	0	0
20965	18	6	1	0	1
20966	18	6	1	0	2
20967	18	6	1	1	0
20968	18	6	1	1	1
20969	18	6	1	1	2
20970	18	6	1	2	0
20971	18	6	1	2	1
20972	18	6	1	2	2
20973	18	6	1	3	0
20974	18	6	1	3	1
20975	18	6	1	3	2
20976	18	6	2	0	0
20977	18	6	2	0	1
20978	18	6	2	0	2
20979	18	6	2	1	0
20980	18	6	2	1	1
20981	18	6	2	1	2
20982	18	6	2	2	0
20983	18	6	2	2	1
20984	18	6	2	2	2
20985	18	6	2	3	0
20986	18	6	2	3	1
20987	18	6	2	3	2
20988	18	7	0	0	0
20989	18	7	0	0	1
20990	18	7	0	0	2
20991	18	7	0	1	0
20992	18	7	0	1	1
20993	18	7	0	1	2
20994	18	7	0	2	0
20995	18	7	0	2	1
20996	18	7	0	2	2
20997	18	7	0	3	0
20998	18	7	0	3	1
20999	18	7	0	3	2
21000	18	7	1	0	0
21001	18	7	1	0	1
21002	18	7	1	0	2
21003	18	7	1	1	0
21004	18	7	1	1	1
21005	18	7	1	1	2
21006	18	7	1	2	0
21007	18	7	1	2	1
21008	18	7	1	2	2
21009	18	7	1	3	0
21010	18	7	1	3	1
21011	18	7	1	3	2
21012	18	7	2	0	0
21013	18	7	2	0	1
21014	18	7	2	0	2
21015	18	7	2	1	0
21016	18	7	2	1	1
21017	18	7	2	1	2
21018	18	7	2	2	0
21019	18	7	2	2	1
21020	18	7	2	2	2
21021	18	7	2	3	0
21022	18	7	2	3	1
21023	18	7	2	3	2
21024	18	8	0	0	0
21025	18	8	0	0	1
21026	18	8	0	0	2
21027	18	8	0	1	0
21028	18	8	0	1	1
21029	18	8	0	1	2
21030	18	8	0	2	0
21031	18	8	0	2	1
21032	18	8	0	2	2
21033	18	8	0	3	0
21034	18	8	0	3	1
21035	18	8	0	3	2
21036	18	8	1	0	0
21037	18	8	1	0	1
21038	18	8	1	0	2
21039	18	8	1	1	0
21040	18	8	1	1	1
21041	18	8	1	1	2
21042	18	8	1	2	0
21043	18	8	1	2	1
21044	18	8	1	2	2
21045	18	8	1	3	0
21046	18	8	1	3	1
21047	18	8	1	3	2
21048	18	8	2	0	0
21049	18	8	2	0	1
21050	18	8	2	0	2
21051	18	8	2	1	0
21052	18	8	2	1	1
21053	18	8	2	1	2
21054	18	8	2	2	0
21055	18	8	2	2	1
21056	18	8	2	2	2
21057	18	8	2	3	0
21058	18	8	2	3	1
21059	18	8	2	3	2
21060	18	9	0	0	0
21061	18	9	0	0	1
21062	18	9	0	0	2
21063	18	9	0	1	0
21064	18	9	0	1	1
21065	18	9	0	1	2
21066	18	9	0	2	0
21067	18	9	0	2	1
21068	18	9	0	2	2
21069	18	9	0	3	0
21070	18	9	0	3	1
21071	18	9	0	3	2
21072	18	9	1	0	0
21073	18	9	1	0	1
21074	18	9	1	0	2
21075	18	9	1	1	0
21076	18	9	1	1	1
21077	18	9	1	1	2
21078	18	9	1	2	0
21079	18	9	1	2	1
21080	18	9	1	2	2
21081	18	9	1	3	0
21082	18	9	1	3	1
21083	18	9	1	3	2
21084	18	9	2	0	0
21085	18	9	2	0	1
21086	18	9	2	0	2
21087	18	9	2	1	0
21088	18	9	2	1	1
21089	18	9	2	1	2
21090	18	9	2	2	0
21091	18	9	2	2	1
21092	18	9	2	2	2
21093	18	9	2	3	0
21094	18	9	2	3	1
21095	18	9	2	3	2
21096	18	10	0	0	0
21097	18	10	0	0	1
21098	18	10	0	0	2
21099	18	10	0	1	0
21100	18	10	0	1	1
21101	18	10	0	1	2
21102	18	10	0	2	0
21103	18	10	0	2	1
21104	18	10	0	2	2
21105	18	10	0	3	0
21106	18	10	0	3	1
21107	18	10	0	3	2
21108	18	10	1	0	0
21109	18	10	1	0	1
21110	18	10	1	0	2
21111	18	10	1	1	0
21112	18	10	1	1	1
21113	18	10	1	1	2
21114	18	10	1	2	0
21115	18	10	1	2	1
21116	18	10	1	2	2
21117	18	10	1	3	0
21118	18	10	1	3	1
21119	18	10	1	3	2
21120	18	10	2	0	0
21121	18	10	2	0	1
21122	18	10	2	0	2
21123	18	10	2	1	0
21124	18	10	2	1	1
21125	18	10	2	1	2
21126	18	10	2	2	0
21127	18	10	2	2	1
21128	18	10	2	2	2
21129	18	10	2	3	0
21130	18	10	2	3	1
21131	18	10	2	3	2
21132	18	11	0	0	0
21133	18	11	0	0	1
21134	18	11	0	0	2
21135	18	11	0	1	0
21136	18	11	0	1	1
21137	18	11	0	1	2
21138	18	11	0	2	0
21139	18	11	0	2	1
21140	18	11	0	2	2
21141	18	11	0	3	0
21142	18	11	0	3	1
21143	18	11	0	3	2
21144	18	11	1	0	0
21145	18	11	1	0	1
21146	18	11	1	0	2
21147	18	11	1	1	0
21148	18	11	1	1	1
21149	18	11	1	1	2
21150	18	11	1	2	0
21151	18	11	1	2	1
21152	18	11	1	2	2
21153	18	11	1	3	0
21154	18	11	1	3	1
21155	18	11	1	3	2
21156	18	11	2	0	0
21157	18	11	2	0	1
21158	18	11	2	0	2
21159	18	11	2	1	0
21160	18	11	2	1	1
21161	18	11	2	1	2
21162	18	11	2	2	0
21163	18	11	2	2	1
21164	18	11	2	2	2
21165	18	11	2	3	0
21166	18	11	2	3	1
21167	18	11	2	3	2
21168	18	12	0	0	0
21169	18	12	0	0	1
21170	18	12	0	0	2
21171	18	12	0	1	0
21172	18	12	0	1	1
21173	18	12	0	1	2
21174	18	12	0	2	0
21175	18	12	0	2	1
21176	18	12	0	2	2
21177	18	12	0	3	0
21178	18	12	0	3	1
21179	18	12	0	3	2
21180	18	12	1	0	0
21181	18	12	1	0	1
21182	18	12	1	0	2
21183	18	12	1	1	0
21184	18	12	1	1	1
21185	18	12	1	1	2
21186	18	12	1	2	0
21187	18	12	1	2	1
21188	18	12	1	2	2
21189	18	12	1	3	0
21190	18	12	1	3	1
21191	18	12	1	3	2
21192	18	12	2	0	0
21193	18	12	2	0	1
21194	18	12	2	0	2
21195	18	12	2	1	0
21196	18	12	2	1	1
21197	18	12	2	1	2
21198	18	12	2	2	0
21199	18	12	2	2	1
21200	18	12	2	2	2
21201	18	12	2	3	0
21202	18	12	2	3	1
21203	18	12	2	3	2
21204	18	13	0	0	0
21205	18	13	0	0	1
21206	18	13	0	0	2
21207	18	13	0	1	0
21208	18	13	0	1	1
21209	18	13	0	1	2
21210	18	13	0	2	0
21211	18	13	0	2	1
21212	18	13	0	2	2
21213	18	13	0	3	0
21214	18	13	0	3	1
21215	18	13	0	3	2
21216	18	13	1	0	0
21217	18	13	1	0	1
21218	18	13	1	0	2
21219	18	13	1	1	0
21220	18	13	1	1	1
21221	18	13	1	1	2
21222	18	13	1	2	0
21223	18	13	1	2	1
21224	18	13	1	2	2
21225	18	13	1	3	0
21226	18	13	1	3	1
21227	18	13	1	3	2
21228	18	13	2	0	0
21229	18	13	2	0	1
21230	18	13	2	0	2
21231	18	13	2	1	0
21232	18	13	2	1	1
21233	18	13	2	1	2
21234	18	13	2	2	0
21235	18	13	2	2	1
21236	18	13	2	2	2
21237	18	13	2	3	0
21238	18	13	2	3	1
21239	18	13	2	3	2
21240	18	14	0	0	0
21241	18	14	0	0	1
21242	18	14	0	0	2
21243	18	14	0	1	0
21244	18	14	0	1	1
21245	18	14	0	1	2
21246	18	14	0	2	0
21247	18	14	0	2	1
21248	18	14	0	2	2
21249	18	14	0	3	0
21250	18	14	0	3	1
21251	18	14	0	3	2
21252	18	14	1	0	0
21253	18	14	1	0	1
21254	18	14	1	0	2
21255	18	14	1	1	0
21256	18	14	1	1	1
21257	18	14	1	1	2
21258	18	14	1	2	0
21259	18	14	1	2	1
21260	18	14	1	2	2
21261	18	14	1	3	0
21262	18	14	1	3	1
21263	18	14	1	3	2
21264	18	14	2	0	0
21265	18	14	2	0	1
21266	18	14	2	0	2
21267	18	14	2	1	0
21268	18	14	2	1	1
21269	18	14	2	1	2
21270	18	14	2	2	0
21271	18	14	2	2	1
21272	18	14	2	2	2
21273	18	14	2	3	0
21274	18	14	2	3	1
21275	18	14	2	3	2
21276	18	15	0	0	0
21277	18	15	0	0	1
21278	18	15	0	0	2
21279	18	15	0	1	0
21280	18	15	0	1	1
21281	18	15	0	1	2
21282	18	15	0	2	0
21283	18	15	0	2	1
21284	18	15	0	2	2
21285	18	15	0	3	0
21286	18	15	0	3	1
21287	18	15	0	3	2
21288	18	15	1	0	0
21289	18	15	1	0	1
21290	18	15	1	0	2
21291	18	15	1	1	0
21292	18	15	1	1	1
21293	18	15	1	1	2
21294	18	15	1	2	0
21295	18	15	1	2	1
21296	18	15	1	2	2
21297	18	15	1	3	0
21298	18	15	1	3	1
21299	18	15	1	3	2
21300	18	15	2	0	0
21301	18	15	2	0	1
21302	18	15	2	0	2
21303	18	15	2	1	0
21304	18	15	2	1	1
21305	18	15	2	1	2
21306	18	15	2	2	0
21307	18	15	2	2	1
21308	18	15	2	2	2
21309	18	15	2	3	0
21310	18	15	2	3	1
21311	18	15	2	3	2
21312	18	16	0	0	0
21313	18	16	0	0	1
21314	18	16	0	0	2
21315	18	16	0	1	0
21316	18	16	0	1	1
21317	18	16	0	1	2
21318	18	16	0	2	0
21319	18	16	0	2	1
21320	18	16	0	2	2
21321	18	16	0	3	0
21322	18	16	0	3	1
21323	18	16	0	3	2
21324	18	16	1	0	0
21325	18	16	1	0	1
21326	18	16	1	0	2
21327	18	16	1	1	0
21328	18	16	1	1	1
21329	18	16	1	1	2
21330	18	16	1	2	0
21331	18	16	1	2	1
21332	18	16	1	2	2
21333	18	16	1	3	0
21334	18	16	1	3	1
21335	18	16	1	3	2
21336	18	16	2	0	0
21337	18	16	2	0	1
21338	18	16	2	0	2
21339	18	16	2	1	0
21340	18	16	2	1	1
21341	18	16	2	1	2
21342	18	16	2	2	0
21343	18	16	2	2	1
21344	18	16	2	2	2
21345	18	16	2	3	0
21346	18	16	2	3	1
21347	18	16	2	3	2
21348	18	17	0	0	0
21349	18	17	0	0	1
21350	18	17	0	0	2
21351	18	17	0	1	0
21352	18	17	0	1	1
21353	18	17	0	1	2
21354	18	17	0	2	0
21355	18	17	0	2	1
21356	18	17	0	2	2
21357	18	17	0	3	0
21358	18	17	0	3	1
21359	18	17	0	3	2
21360	18	17	1	0	0
21361	18	17	1	0	1
21362	18	17	1	0	2
21363	18	17	1	1	0
21364	18	17	1	1	1
21365	18	17	1	1	2
21366	18	17	1	2	0
21367	18	17	1	2	1
21368	18	17	1	2	2
21369	18	17	1	3	0
21370	18	17	1	3	1
21371	18	17	1	3	2
21372	18	17	2	0	0
21373	18	17	2	0	1
21374	18	17	2	0	2
21375	18	17	2	1	0
21376	18	17	2	1	1
21377	18	17	2	1	2
21378	18	17	2	2	0
21379	18	17	2	2	1
21380	18	17	2	2	2
21381	18	17	2	3	0
21382	18	17	2	3	1
21383	18	17	2	3	2
21384	18	18	0	0	0
21385	18	18	0	0	1
21386	18	18	0	0	2
21387	18	18	0	1	0
21388	18	18	0	1	1
21389	18	18	0	1	2
21390	18	18	0	2	0
21391	18	18	0	2	1
21392	18	18	0	2	2
21393	18	18	0	3	0
21394	18	18	0	3	1
21395	18	18	0	3	2
21396	18	18	1	0	0
21397	18	18	1	0	1
21398	18	18	1	0	2
21399	18	18	1	1	0
21400	18	18	1	1	1
21401	18	18	1	1	2
21402	18	18	1	2	0
21403	18	18	1	2	1
21404	18	18	1	2	2
21405	18	18	1	3	0
21406	18	18	1	3	1
21407	18	18	1	3	2
21408	18	18	2	0	0
21409	18	18	2	0	1
21410	18	18	2	0	2
21411	18	18	2	1	0
21412	18	18	2	1	1
21413	18	18	2	1	2
21414	18	18	2	2	0
21415	18	18	2	2	1
21416	18	18	2	2	2
21417	18	18	2	3	0
21418	18	18	2	3	1
21419	18	18	2	3	2
21420	18	19	0	0	0
21421	18	19	0	0	1
21422	18	19	0	0	2
21423	18	19	0	1	0
21424	18	19	0	1	1
21425	18	19	0	1	2
21426	18	19	0	2	0
21427	18	19	0	2	1
21428	18	19	0	2	2
21429	18	19	0	3	0
21430	18	19	0	3	1
21431	18	19	0	3	2
21432	18	19	1	0	0
21433	18	19	1	0	1
21434	18	19	1	0	2
21435	18	19	1	1	0
21436	18	19	1	1	1
21437	18	19	1	1	2
21438	18	19	1	2	0
21439	18	19	1	2	1
21440	18	19	1	2	2
21441	18	19	1	3	0
21442	18	19	1	3	1
21443	18	19	1	3	2
21444	18	19	2	0	0
21445	18	19	2	0	1
21446	18	19	2	0	2
21447	18	19	2	1	0
21448	18	19	2	1	1
21449	18	19	2	1	2
21450	18	19	2	2	0
21451	18	19	2	2	1
21452	18	19	2	2	2
21453	18	19	2	3	0
21454	18	19	2	3	1
21455	18	19	2	3	2
21456	18	20	0	0	0
21457	18	20	0	0	1
21458	18	20	0	0	2
21459	18	20	0	1	0
21460	18	20	0	1	1
21461	18	20	0	1	2
21462	18	20	0	2	0
21463	18	20	0	2	1
21464	18	20	0	2	2
21465	18	20	0	3	0
21466	18	20	0	3	1
21467	18	20	0	3	2
21468	18	20	1	0	0
21469	18	20	1	0	1
21470	18	20	1	0	2
21471	18	20	1	1	0
21472	18	20	1	1	1
21473	18	20	1	1	2
21474	18	20	1	2	0
21475	18	20	1	2	1
21476	18	20	1	2	2
21477	18	20	1	3	0
21478	18	20	1	3	1
21479	18	20	1	3	2
21480	18	20	2	0	0
21481	18	20	2	0	1
21482	18	20	2	0	2
21483	18	20	2	1	0
21484	18	20	2	1	1
21485	18	20	2	1	2
21486	18	20	2	2	0
21487	18	20	2	2	1
21488	18	20	2	2	2
21489	18	20	2	3	0
21490	18	20	2	3	1
21491	18	20	2	3	2
21492	18	21	0	0	0
21493	18	21	0	0	1
21494	18	21	0	0	2
21495	18	21	0	1	0
21496	18	21	0	1	1
21497	18	21	0	1	2
21498	18	21	0	2	0
21499	18	21	0	2	1
21500	18	21	0	2	2
21501	18	21	0	3	0
21502	18	21	0	3	1
21503	18	21	0	3	2
21504	18	21	1	0	0
21505	18	21	1	0	1
21506	18	21	1	0	2
21507	18	21	1	1	0
21508	18	21	1	1	1
21509	18	21	1	1	2
21510	18	21	1	2	0
21511	18	21	1	2	1
21512	18	21	1	2	2
21513	18	21	1	3	0
21514	18	21	1	3	1
21515	18	21	1	3	2
21516	18	21	2	0	0
21517	18	21	2	0	1
21518	18	21	2	0	2
21519	18	21	2	1	0
21520	18	21	2	1	1
21521	18	21	2	1	2
21522	18	21	2	2	0
21523	18	21	2	2	1
21524	18	21	2	2	2
21525	18	21	2	3	0
21526	18	21	2	3	1
21527	18	21	2	3	2
21528	18	22	0	0	0
21529	18	22	0	0	1
21530	18	22	0	0	2
21531	18	22	0	1	0
21532	18	22	0	1	1
21533	18	22	0	1	2
21534	18	22	0	2	0
21535	18	22	0	2	1
21536	18	22	0	2	2
21537	18	22	0	3	0
21538	18	22	0	3	1
21539	18	22	0	3	2
21540	18	22	1	0	0
21541	18	22	1	0	1
21542	18	22	1	0	2
21543	18	22	1	1	0
21544	18	22	1	1	1
21545	18	22	1	1	2
21546	18	22	1	2	0
21547	18	22	1	2	1
21548	18	22	1	2	2
21549	18	22	1	3	0
21550	18	22	1	3	1
21551	18	22	1	3	2
21552	18	22	2	0	0
21553	18	22	2	0	1
21554	18	22	2	0	2
21555	18	22	2	1	0
21556	18	22	2	1	1
21557	18	22	2	1	2
21558	18	22	2	2	0
21559	18	22	2	2	1
21560	18	22	2	2	2
21561	18	22	2	3	0
21562	18	22	2	3	1
21563	18	22	2	3	2
21564	18	23	0	0	0
21565	18	23	0	0	1
21566	18	23	0	0	2
21567	18	23	0	1	0
21568	18	23	0	1	1
21569	18	23	0	1	2
21570	18	23	0	2	0
21571	18	23	0	2	1
21572	18	23	0	2	2
21573	18	23	0	3	0
21574	18	23	0	3	1
21575	18	23	0	3	2
21576	18	23	1	0	0
21577	18	23	1	0	1
21578	18	23	1	0	2
21579	18	23	1	1	0
21580	18	23	1	1	1
21581	18	23	1	1	2
21582	18	23	1	2	0
21583	18	23	1	2	1
21584	18	23	1	2	2
21585	18	23	1	3	0
21586	18	23	1	3	1
21587	18	23	1	3	2
21588	18	23	2	0	0
21589	18	23	2	0	1
21590	18	23	2	0	2
21591	18	23	2	1	0
21592	18	23	2	1	1
21593	18	23	2	1	2
21594	18	23	2	2	0
21595	18	23	2	2	1
21596	18	23	2	2	2
21597	18	23	2	3	0
21598	18	23	2	3	1
21599	18	23	2	3	2
21600	18	24	0	0	0
21601	18	24	0	0	1
21602	18	24	0	0	2
21603	18	24	0	1	0
21604	18	24	0	1	1
21605	18	24	0	1	2
21606	18	24	0	2	0
21607	18	24	0	2	1
21608	18	24	0	2	2
21609	18	24	0	3	0
21610	18	24	0	3	1
21611	18	24	0	3	2
21612	18	24	1	0	0
21613	18	24	1	0	1
21614	18	24	1	0	2
21615	18	24	1	1	0
21616	18	24	1	1	1
21617	18	24	1	1	2
21618	18	24	1	2	0
21619	18	24	1	2	1
21620	18	24	1	2	2
21621	18	24	1	3	0
21622	18	24	1	3	1
21623	18	24	1	3	2
21624	18	24	2	0	0
21625	18	24	2	0	1
21626	18	24	2	0	2
21627	18	24	2	1	0
21628	18	24	2	1	1
21629	18	24	2	1	2
21630	18	24	2	2	0
21631	18	24	2	2	1
21632	18	24	2	2	2
21633	18	24	2	3	0
21634	18	24	2	3	1
21635	18	24	2	3	2
21636	18	25	0	0	0
21637	18	25	0	0	1
21638	18	25	0	0	2
21639	18	25	0	1	0
21640	18	25	0	1	1
21641	18	25	0	1	2
21642	18	25	0	2	0
21643	18	25	0	2	1
21644	18	25	0	2	2
21645	18	25	0	3	0
21646	18	25	0	3	1
21647	18	25	0	3	2
21648	18	25	1	0	0
21649	18	25	1	0	1
21650	18	25	1	0	2
21651	18	25	1	1	0
21652	18	25	1	1	1
21653	18	25	1	1	2
21654	18	25	1	2	0
21655	18	25	1	2	1
21656	18	25	1	2	2
21657	18	25	1	3	0
21658	18	25	1	3	1
21659	18	25	1	3	2
21660	18	25	2	0	0
21661	18	25	2	0	1
21662	18	25	2	0	2
21663	18	25	2	1	0
21664	18	25	2	1	1
21665	18	25	2	1	2
21666	18	25	2	2	0
21667	18	25	2	2	1
21668	18	25	2	2	2
21669	18	25	2	3	0
21670	18	25	2	3	1
21671	18	25	2	3	2
21672	18	26	0	0	0
21673	18	26	0	0	1
21674	18	26	0	0	2
21675	18	26	0	1	0
21676	18	26	0	1	1
21677	18	26	0	1	2
21678	18	26	0	2	0
21679	18	26	0	2	1
21680	18	26	0	2	2
21681	18	26	0	3	0
21682	18	26	0	3	1
21683	18	26	0	3	2
21684	18	26	1	0	0
21685	18	26	1	0	1
21686	18	26	1	0	2
21687	18	26	1	1	0
21688	18	26	1	1	1
21689	18	26	1	1	2
21690	18	26	1	2	0
21691	18	26	1	2	1
21692	18	26	1	2	2
21693	18	26	1	3	0
21694	18	26	1	3	1
21695	18	26	1	3	2
21696	18	26	2	0	0
21697	18	26	2	0	1
21698	18	26	2	0	2
21699	18	26	2	1	0
21700	18	26	2	1	1
21701	18	26	2	1	2
21702	18	26	2	2	0
21703	18	26	2	2	1
21704	18	26	2	2	2
21705	18	26	2	3	0
21706	18	26	2	3	1
21707	18	26	2	3	2
21708	18	27	0	0	0
21709	18	27	0	0	1
21710	18	27	0	0	2
21711	18	27	0	1	0
21712	18	27	0	1	1
21713	18	27	0	1	2
21714	18	27	0	2	0
21715	18	27	0	2	1
21716	18	27	0	2	2
21717	18	27	0	3	0
21718	18	27	0	3	1
21719	18	27	0	3	2
21720	18	27	1	0	0
21721	18	27	1	0	1
21722	18	27	1	0	2
21723	18	27	1	1	0
21724	18	27	1	1	1
21725	18	27	1	1	2
21726	18	27	1	2	0
21727	18	27	1	2	1
21728	18	27	1	2	2
21729	18	27	1	3	0
21730	18	27	1	3	1
21731	18	27	1	3	2
21732	18	27	2	0	0
21733	18	27	2	0	1
21734	18	27	2	0	2
21735	18	27	2	1	0
21736	18	27	2	1	1
21737	18	27	2	1	2
21738	18	27	2	2	0
21739	18	27	2	2	1
21740	18	27	2	2	2
21741	18	27	2	3	0
21742	18	27	2	3	1
21743	18	27	2	3	2
21744	18	28	0	0	0
21745	18	28	0	0	1
21746	18	28	0	0	2
21747	18	28	0	1	0
21748	18	28	0	1	1
21749	18	28	0	1	2
21750	18	28	0	2	0
21751	18	28	0	2	1
21752	18	28	0	2	2
21753	18	28	0	3	0
21754	18	28	0	3	1
21755	18	28	0	3	2
21756	18	28	1	0	0
21757	18	28	1	0	1
21758	18	28	1	0	2
21759	18	28	1	1	0
21760	18	28	1	1	1
21761	18	28	1	1	2
21762	18	28	1	2	0
21763	18	28	1	2	1
21764	18	28	1	2	2
21765	18	28	1	3	0
21766	18	28	1	3	1
21767	18	28	1	3	2
21768	18	28	2	0	0
21769	18	28	2	0	1
21770	18	28	2	0	2
21771	18	28	2	1	0
21772	18	28	2	1	1
21773	18	28	2	1	2
21774	18	28	2	2	0
21775	18	28	2	2	1
21776	18	28	2	2	2
21777	18	28	2	3	0
21778	18	28	2	3	1
21779	18	28	2	3	2
21780	18	29	0	0	0
21781	18	29	0	0	1
21782	18	29	0	0	2
21783	18	29	0	1	0
21784	18	29	0	1	1
21785	18	29	0	1	2
21786	18	29	0	2	0
21787	18	29	0	2	1
21788	18	29	0	2	2
21789	18	29	0	3	0
21790	18	29	0	3	1
21791	18	29	0	3	2
21792	18	29	1	0	0
21793	18	29	1	0	1
21794	18	29	1	0	2
21795	18	29	1	1	0
21796	18	29	1	1	1
21797	18	29	1	1	2
21798	18	29	1	2	0
21799	18	29	1	2	1
21800	18	29	1	2	2
21801	18	29	1	3	0
21802	18	29	1	3	1
21803	18	29	1	3	2
21804	18	29	2	0	0
21805	18	29	2	0	1
21806	18	29	2	0	2
21807	18	29	2	1	0
21808	18	29	2	1	1
21809	18	29	2	1	2
21810	18	29	2	2	0
21811	18	29	2	2	1
21812	18	29	2	2	2
21813	18	29	2	3	0
21814	18	29	2	3	1
21815	18	29	2	3	2
21816	18	30	0	0	0
21817	18	30	0	0	1
21818	18	30	0	0	2
21819	18	30	0	1	0
21820	18	30	0	1	1
21821	18	30	0	1	2
21822	18	30	0	2	0
21823	18	30	0	2	1
21824	18	30	0	2	2
21825	18	30	0	3	0
21826	18	30	0	3	1
21827	18	30	0	3	2
21828	18	30	1	0	0
21829	18	30	1	0	1
21830	18	30	1	0	2
21831	18	30	1	1	0
21832	18	30	1	1	1
21833	18	30	1	1	2
21834	18	30	1	2	0
21835	18	30	1	2	1
21836	18	30	1	2	2
21837	18	30	1	3	0
21838	18	30	1	3	1
21839	18	30	1	3	2
21840	18	30	2	0	0
21841	18	30	2	0	1
21842	18	30	2	0	2
21843	18	30	2	1	0
21844	18	30	2	1	1
21845	18	30	2	1	2
21846	18	30	2	2	0
21847	18	30	2	2	1
21848	18	30	2	2	2
21849	18	30	2	3	0
21850	18	30	2	3	1
21851	18	30	2	3	2
21852	18	31	0	0	0
21853	18	31	0	0	1
21854	18	31	0	0	2
21855	18	31	0	1	0
21856	18	31	0	1	1
21857	18	31	0	1	2
21858	18	31	0	2	0
21859	18	31	0	2	1
21860	18	31	0	2	2
21861	18	31	0	3	0
21862	18	31	0	3	1
21863	18	31	0	3	2
21864	18	31	1	0	0
21865	18	31	1	0	1
21866	18	31	1	0	2
21867	18	31	1	1	0
21868	18	31	1	1	1
21869	18	31	1	1	2
21870	18	31	1	2	0
21871	18	31	1	2	1
21872	18	31	1	2	2
21873	18	31	1	3	0
21874	18	31	1	3	1
21875	18	31	1	3	2
21876	18	31	2	0	0
21877	18	31	2	0	1
21878	18	31	2	0	2
21879	18	31	2	1	0
21880	18	31	2	1	1
21881	18	31	2	1	2
21882	18	31	2	2	0
21883	18	31	2	2	1
21884	18	31	2	2	2
21885	18	31	2	3	0
21886	18	31	2	3	1
21887	18	31	2	3	2
21888	19	0	0	0	0
21889	19	0	0	0	1
21890	19	0	0	0	2
21891	19	0	0	1	0
21892	19	0	0	1	1
21893	19	0	0	1	2
21894	19	0	0	2	0
21895	19	0	0	2	1
21896	19	0	0	2	2
21897	19	0	0	3	0
21898	19	0	0	3	1
21899	19	0	0	3	2
21900	19	0	1	0	0
21901	19	0	1	0	1
21902	19	0	1	0	2
21903	19	0	1	1	0
21904	19	0	1	1	1
21905	19	0	1	1	2
21906	19	0	1	2	0
21907	19	0	1	2	1
21908	19	0	1	2	2
21909	19	0	1	3	0
21910	19	0	1	3	1
21911	19	0	1	3	2
21912	19	0	2	0	0
21913	19	0	2	0	1
21914	19	0	2	0	2
21915	19	0	2	1	0
21916	19	0	2	1	1
21917	19	0	2	1	2
21918	19	0	2	2	0
21919	19	0	2	2	1
21920	19	0	2	2	2
21921	19	0	2	3	0
21922	19	0	2	3	1
21923	19	0	2	3	2
21924	19	1	0	0	0
21925	19	1	0	0	1
21926	19	1	0	0	2
21927	19	1	0	1	0
21928	19	1	0	1	1
21929	19	1	0	1	2
21930	19	1	0	2	0
21931	19	1	0	2	1
21932	19	1	0	2	2
21933	19	1	0	3	0
21934	19	1	0	3	1
21935	19	1	0	3	2
21936	19	1	1	0	0
21937	19	1	1	0	1
21938	19	1	1	0	2
21939	19	1	1	1	0
21940	19	1	1	1	1
21941	19	1	1	1	2
21942	19	1	1	2	0
21943	19	1	1	2	1
21944	19	1	1	2	2
21945	19	1	1	3	0
21946	19	1	1	3	1
21947	19	1	1	3	2
21948	19	1	2	0	0
21949	19	1	2	0	1
21950	19	1	2	0	2
21951	19	1	2	1	0
21952	19	1	2	1	1
21953	19	1	2	1	2
21954	19	1	2	2	0
21955	19	1	2	2	1
21956	19	1	2	2	2
21957	19	1	2	3	0
21958	19	1	2	3	1
21959	19	1	2	3	2
21960	19	2	0	0	0
21961	19	2	0	0	1
21962	19	2	0	0	2
21963	19	2	0	1	0
21964	19	2	0	1	1
21965	19	2	0	1	2
21966	19	2	0	2	0
21967	19	2	0	2	1
21968	19	2	0	2	2
21969	19	2	0	3	0
21970	19	2	0	3	1
21971	19	2	0	3	2
21972	19	2	1	0	0
21973	19	2	1	0	1
21974	19	2	1	0	2
21975	19	2	1	1	0
21976	19	2	1	1	1
21977	19	2	1	1	2
21978	19	2	1	2	0
21979	19	2	1	2	1
21980	19	2	1	2	2
21981	19	2	1	3	0
21982	19	2	1	3	1
21983	19	2	1	3	2
21984	19	2	2	0	0
21985	19	2	2	0	1
21986	19	2	2	0	2
21987	19	2	2	1	0
21988	19	2	2	1	1
21989	19	2	2	1	2
21990	19	2	2	2	0
21991	19	2	2	2	1
21992	19	2	2	2	2
21993	19	2	2	3	0
21994	19	2	2	3	1
21995	19	2	2	3	2
21996	19	3	0	0	0
21997	19	3	0	0	1
21998	19	3	0	0	2
21999	19	3	0	1	0
22000	19	3	0	1	1
22001	19	3	0	1	2
22002	19	3	0	2	0
22003	19	3	0	2	1
22004	19	3	0	2	2
22005	19	3	0	3	0
22006	19	3	0	3	1
22007	19	3	0	3	2
22008	19	3	1	0	0
22009	19	3	1	0	1
22010	19	3	1	0	2
22011	19	3	1	1	0
22012	19	3	1	1	1
22013	19	3	1	1	2
22014	19	3	1	2	0
22015	19	3	1	2	1
22016	19	3	1	2	2
22017	19	3	1	3	0
22018	19	3	1	3	1
22019	19	3	1	3	2
22020	19	3	2	0	0
22021	19	3	2	0	1
22022	19	3	2	0	2
22023	19	3	2	1	0
22024	19	3	2	1	1
22025	19	3	2	1	2
22026	19	3	2	2	0
22027	19	3	2	2	1
22028	19	3	2	2	2
22029	19	3	2	3	0
22030	19	3	2	3	1
22031	19	3	2	3	2
22032	19	4	0	0	0
22033	19	4	0	0	1
22034	19	4	0	0	2
22035	19	4	0	1	0
22036	19	4	0	1	1
22037	19	4	0	1	2
22038	19	4	0	2	0
22039	19	4	0	2	1
22040	19	4	0	2	2
22041	19	4	0	3	0
22042	19	4	0	3	1
22043	19	4	0	3	2
22044	19	4	1	0	0
22045	19	4	1	0	1
22046	19	4	1	0	2
22047	19	4	1	1	0
22048	19	4	1	1	1
22049	19	4	1	1	2
22050	19	4	1	2	0
22051	19	4	1	2	1
22052	19	4	1	2	2
22053	19	4	1	3	0
22054	19	4	1	3	1
22055	19	4	1	3	2
22056	19	4	2	0	0
22057	19	4	2	0	1
22058	19	4	2	0	2
22059	19	4	2	1	0
22060	19	4	2	1	1
22061	19	4	2	1	2
22062	19	4	2	2	0
22063	19	4	2	2	1
22064	19	4	2	2	2
22065	19	4	2	3	0
22066	19	4	2	3	1
22067	19	4	2	3	2
22068	19	5	0	0	0
22069	19	5	0	0	1
22070	19	5	0	0	2
22071	19	5	0	1	0
22072	19	5	0	1	1
22073	19	5	0	1	2
22074	19	5	0	2	0
22075	19	5	0	2	1
22076	19	5	0	2	2
22077	19	5	0	3	0
22078	19	5	0	3	1
22079	19	5	0	3	2
22080	19	5	1	0	0
22081	19	5	1	0	1
22082	19	5	1	0	2
22083	19	5	1	1	0
22084	19	5	1	1	1
22085	19	5	1	1	2
22086	19	5	1	2	0
22087	19	5	1	2	1
22088	19	5	1	2	2
22089	19	5	1	3	0
22090	19	5	1	3	1
22091	19	5	1	3	2
22092	19	5	2	0	0
22093	19	5	2	0	1
22094	19	5	2	0	2
22095	19	5	2	1	0
22096	19	5	2	1	1
22097	19	5	2	1	2
22098	19	5	2	2	0
22099	19	5	2	2	1
22100	19	5	2	2	2
22101	19	5	2	3	0
22102	19	5	2	3	1
22103	19	5	2	3	2
22104	19	6	0	0	0
22105	19	6	0	0	1
22106	19	6	0	0	2
22107	19	6	0	1	0
22108	19	6	0	1	1
22109	19	6	0	1	2
22110	19	6	0	2	0
22111	19	6	0	2	1
22112	19	6	0	2	2
22113	19	6	0	3	0
22114	19	6	0	3	1
22115	19	6	0	3	2
22116	19	6	1	0	0
22117	19	6	1	0	1
22118	19	6	1	0	2
22119	19	6	1	1	0
22120	19	6	1	1	1
22121	19	6	1	1	2
22122	19	6	1	2	0
22123	19	6	1	2	1
22124	19	6	1	2	2
22125	19	6	1	3	0
22126	19	6	1	3	1
22127	19	6	1	3	2
22128	19	6	2	0	0
22129	19	6	2	0	1
22130	19	6	2	0	2
22131	19	6	2	1	0
22132	19	6	2	1	1
22133	19	6	2	1	2
22134	19	6	2	2	0
22135	19	6	2	2	1
22136	19	6	2	2	2
22137	19	6	2	3	0
22138	19	6	2	3	1
22139	19	6	2	3	2
22140	19	7	0	0	0
22141	19	7	0	0	1
22142	19	7	0	0	2
22143	19	7	0	1	0
22144	19	7	0	1	1
22145	19	7	0	1	2
22146	19	7	0	2	0
22147	19	7	0	2	1
22148	19	7	0	2	2
22149	19	7	0	3	0
22150	19	7	0	3	1
22151	19	7	0	3	2
22152	19	7	1	0	0
22153	19	7	1	0	1
22154	19	7	1	0	2
22155	19	7	1	1	0
22156	19	7	1	1	1
22157	19	7	1	1	2
22158	19	7	1	2	0
22159	19	7	1	2	1
22160	19	7	1	2	2
22161	19	7	1	3	0
22162	19	7	1	3	1
22163	19	7	1	3	2
22164	19	7	2	0	0
22165	19	7	2	0	1
22166	19	7	2	0	2
22167	19	7	2	1	0
22168	19	7	2	1	1
22169	19	7	2	1	2
22170	19	7	2	2	0
22171	19	7	2	2	1
22172	19	7	2	2	2
22173	19	7	2	3	0
22174	19	7	2	3	1
22175	19	7	2	3	2
22176	19	8	0	0	0
22177	19	8	0	0	1
22178	19	8	0	0	2
22179	19	8	0	1	0
22180	19	8	0	1	1
22181	19	8	0	1	2
22182	19	8	0	2	0
22183	19	8	0	2	1
22184	19	8	0	2	2
22185	19	8	0	3	0
22186	19	8	0	3	1
22187	19	8	0	3	2
22188	19	8	1	0	0
22189	19	8	1	0	1
22190	19	8	1	0	2
22191	19	8	1	1	0
22192	19	8	1	1	1
22193	19	8	1	1	2
22194	19	8	1	2	0
22195	19	8	1	2	1
22196	19	8	1	2	2
22197	19	8	1	3	0
22198	19	8	1	3	1
22199	19	8	1	3	2
22200	19	8	2	0	0
22201	19	8	2	0	1
22202	19	8	2	0	2
22203	19	8	2	1	0
22204	19	8	2	1	1
22205	19	8	2	1	2
22206	19	8	2	2	0
22207	19	8	2	2	1
22208	19	8	2	2	2
22209	19	8	2	3	0
22210	19	8	2	3	1
22211	19	8	2	3	2
22212	19	9	0	0	0
22213	19	9	0	0	1
22214	19	9	0	0	2
22215	19	9	0	1	0
22216	19	9	0	1	1
22217	19	9	0	1	2
22218	19	9	0	2	0
22219	19	9	0	2	1
22220	19	9	0	2	2
22221	19	9	0	3	0
22222	19	9	0	3	1
22223	19	9	0	3	2
22224	19	9	1	0	0
22225	19	9	1	0	1
22226	19	9	1	0	2
22227	19	9	1	1	0
22228	19	9	1	1	1
22229	19	9	1	1	2
22230	19	9	1	2	0
22231	19	9	1	2	1
22232	19	9	1	2	2
22233	19	9	1	3	0
22234	19	9	1	3	1
22235	19	9	1	3	2
22236	19	9	2	0	0
22237	19	9	2	0	1
22238	19	9	2	0	2
22239	19	9	2	1	0
22240	19	9	2	1	1
22241	19	9	2	1	2
22242	19	9	2	2	0
22243	19	9	2	2	1
22244	19	9	2	2	2
22245	19	9	2	3	0
22246	19	9	2	3	1
22247	19	9	2	3	2
22248	19	10	0	0	0
22249	19	10	0	0	1
22250	19	10	0	0	2
22251	19	10	0	1	0
22252	19	10	0	1	1
22253	19	10	0	1	2
22254	19	10	0	2	0
22255	19	10	0	2	1
22256	19	10	0	2	2
22257	19	10	0	3	0
22258	19	10	0	3	1
22259	19	10	0	3	2
22260	19	10	1	0	0
22261	19	10	1	0	1
22262	19	10	1	0	2
22263	19	10	1	1	0
22264	19	10	1	1	1
22265	19	10	1	1	2
22266	19	10	1	2	0
22267	19	10	1	2	1
22268	19	10	1	2	2
22269	19	10	1	3	0
22270	19	10	1	3	1
22271	19	10	1	3	2
22272	19	10	2	0	0
22273	19	10	2	0	1
22274	19	10	2	0	2
22275	19	10	2	1	0
22276	19	10	2	1	1
22277	19	10	2	1	2
22278	19	10	2	2	0
22279	19	10	2	2	1
22280	19	10	2	2	2
22281	19	10	2	3	0
22282	19	10	2	3	1
22283	19	10	2	3	2
22284	19	11	0	0	0
22285	19	11	0	0	1
22286	19	11	0	0	2
22287	19	11	0	1	0
22288	19	11	0	1	1
22289	19	11	0	1	2
22290	19	11	0	2	0
22291	19	11	0	2	1
22292	19	11	0	2	2
22293	19	11	0	3	0
22294	19	11	0	3	1
22295	19	11	0	3	2
22296	19	11	1	0	0
22297	19	11	1	0	1
22298	19	11	1	0	2
22299	19	11	1	1	0
22300	19	11	1	1	1
22301	19	11	1	1	2
22302	19	11	1	2	0
22303	19	11	1	2	1
22304	19	11	1	2	2
22305	19	11	1	3	0
22306	19	11	1	3	1
22307	19	11	1	3	2
22308	19	11	2	0	0
22309	19	11	2	0	1
22310	19	11	2	0	2
22311	19	11	2	1	0
22312	19	11	2	1	1
22313	19	11	2	1	2
22314	19	11	2	2	0
22315	19	11	2	2	1
22316	19	11	2	2	2
22317	19	11	2	3	0
22318	19	11	2	3	1
22319	19	11	2	3	2
22320	19	12	0	0	0
22321	19	12	0	0	1
22322	19	12	0	0	2
22323	19	12	0	1	0
22324	19	12	0	1	1
22325	19	12	0	1	2
22326	19	12	0	2	0
22327	19	12	0	2	1
22328	19	12	0	2	2
22329	19	12	0	3	0
22330	19	12	0	3	1
22331	19	12	0	3	2
22332	19	12	1	0	0
22333	19	12	1	0	1
22334	19	12	1	0	2
22335	19	12	1	1	0
22336	19	12	1	1	1
22337	19	12	1	1	2
22338	19	12	1	2	0
22339	19	12	1	2	1
22340	19	12	1	2	2
22341	19	12	1	3	0
22342	19	12	1	3	1
22343	19	12	1	3	2
22344	19	12	2	0	0
22345	19	12	2	0	1
22346	19	12	2	0	2
22347	19	12	2	1	0
22348	19	12	2	1	1
22349	19	12	2	1	2
22350	19	12	2	2	0
22351	19	12	2	2	1
22352	19	12	2	2	2
22353	19	12	2	3	0
22354	19	12	2	3	1
22355	19	12	2	3	2
22356	19	13	0	0	0
22357	19	13	0	0	1
22358	19	13	0	0	2
22359	19	13	0	1	0
22360	19	13	0	1	1
22361	19	13	0	1	2
22362	19	13	0	2	0
22363	19	13	0	2	1
22364	19	13	0	2	2
22365	19	13	0	3	0
22366	19	13	0	3	1
22367	19	13	0	3	2
22368	19	13	1	0	0
22369	19	13	1	0	1
22370	19	13	1	0	2
22371	19	13	1	1	0
22372	19	13	1	1	1
22373	19	13	1	1	2
22374	19	13	1	2	0
22375	19	13	1	2	1
22376	19	13	1	2	2
22377	19	13	1	3	0
22378	19	13	1	3	1
22379	19	13	1	3	2
22380	19	13	2	0	0
22381	19	13	2	0	1
22382	19	13	2	0	2
22383	19	13	2	1	0
22384	19	13	2	1	1
22385	19	13	2	1	2
22386	19	13	2	2	0
22387	19	13	2	2	1
22388	19	13	2	2	2
22389	19	13	2	3	0
22390	19	13	2	3	1
22391	19	13	2	3	2
22392	19	14	0	0	0
22393	19	14	0	0	1
22394	19	14	0	0	2
22395	19	14	0	1	0
22396	19	14	0	1	1
22397	19	14	0	1	2
22398	19	14	0	2	0
22399	19	14	0	2	1
22400	19	14	0	2	2
22401	19	14	0	3	0
22402	19	14	0	3	1
22403	19	14	0	3	2
22404	19	14	1	0	0
22405	19	14	1	0	1
22406	19	14	1	0	2
22407	19	14	1	1	0
22408	19	14	1	1	1
22409	19	14	1	1	2
22410	19	14	1	2	0
22411	19	14	1	2	1
22412	19	14	1	2	2
22413	19	14	1	3	0
22414	19	14	1	3	1
22415	19	14	1	3	2
22416	19	14	2	0	0
22417	19	14	2	0	1
22418	19	14	2	0	2
22419	19	14	2	1	0
22420	19	14	2	1	1
22421	19	14	2	1	2
22422	19	14	2	2	0
22423	19	14	2	2	1
22424	19	14	2	2	2
22425	19	14	2	3	0
22426	19	14	2	3	1
22427	19	14	2	3	2
22428	19	15	0	0	0
22429	19	15	0	0	1
22430	19	15	0	0	2
22431	19	15	0	1	0
22432	19	15	0	1	1
22433	19	15	0	1	2
22434	19	15	0	2	0
22435	19	15	0	2	1
22436	19	15	0	2	2
22437	19	15	0	3	0
22438	19	15	0	3	1
22439	19	15	0	3	2
22440	19	15	1	0	0
22441	19	15	1	0	1
22442	19	15	1	0	2
22443	19	15	1	1	0
22444	19	15	1	1	1
22445	19	15	1	1	2
22446	19	15	1	2	0
22447	19	15	1	2	1
22448	19	15	1	2	2
22449	19	15	1	3	0
22450	19	15	1	3	1
22451	19	15	1	3	2
22452	19	15	2	0	0
22453	19	15	2	0	1
22454	19	15	2	0	2
22455	19	15	2	1	0
22456	19	15	2	1	1
22457	19	15	2	1	2
22458	19	15	2	2	0
22459	19	15	2	2	1
22460	19	15	2	2	2
22461	19	15	2	3	0
22462	19	15	2	3	1
22463	19	15	2	3	2
22464	19	16	0	0	0
22465	19	16	0	0	1
22466	19	16	0	0	2
22467	19	16	0	1	0
22468	19	16	0	1	1
22469	19	16	0	1	2
22470	19	16	0	2	0
22471	19	16	0	2	1
22472	19	16	0	2	2
22473	19	16	0	3	0
22474	19	16	0	3	1
22475	19	16	0	3	2
22476	19	16	1	0	0
22477	19	16	1	0	1
22478	19	16	1	0	2
22479	19	16	1	1	0
22480	19	16	1	1	1
22481	19	16	1	1	2
22482	19	16	1	2	0
22483	19	16	1	2	1
22484	19	16	1	2	2
22485	19	16	1	3	0
22486	19	16	1	3	1
22487	19	16	1	3	2
22488	19	16	2	0	0
22489	19	16	2	0	1
22490	19	16	2	0	2
22491	19	16	2	1	0
22492	19	16	2	1	1
22493	19	16	2	1	2
22494	19	16	2	2	0
22495	19	16	2	2	1
22496	19	16	2	2	2
22497	19	16	2	3	0
22498	19	16	2	3	1
22499	19	16	2	3	2
22500	19	17	0	0	0
22501	19	17	0	0	1
22502	19	17	0	0	2
22503	19	17	0	1	0
22504	19	17	0	1	1
22505	19	17	0	1	2
22506	19	17	0	2	0
22507	19	17	0	2	1
22508	19	17	0	2	2
22509	19	17	0	3	0
22510	19	17	0	3	1
22511	19	17	0	3	2
22512	19	17	1	0	0
22513	19	17	1	0	1
22514	19	17	1	0	2
22515	19	17	1	1	0
22516	19	17	1	1	1
22517	19	17	1	1	2
22518	19	17	1	2	0
22519	19	17	1	2	1
22520	19	17	1	2	2
22521	19	17	1	3	0
22522	19	17	1	3	1
22523	19	17	1	3	2
22524	19	17	2	0	0
22525	19	17	2	0	1
22526	19	17	2	0	2
22527	19	17	2	1	0
22528	19	17	2	1	1
22529	19	17	2	1	2
22530	19	17	2	2	0
22531	19	17	2	2	1
22532	19	17	2	2	2
22533	19	17	2	3	0
22534	19	17	2	3	1
22535	19	17	2	3	2
22536	19	18	0	0	0
22537	19	18	0	0	1
22538	19	18	0	0	2
22539	19	18	0	1	0
22540	19	18	0	1	1
22541	19	18	0	1	2
22542	19	18	0	2	0
22543	19	18	0	2	1
22544	19	18	0	2	2
22545	19	18	0	3	0
22546	19	18	0	3	1
22547	19	18	0	3	2
22548	19	18	1	0	0
22549	19	18	1	0	1
22550	19	18	1	0	2
22551	19	18	1	1	0
22552	19	18	1	1	1
22553	19	18	1	1	2
22554	19	18	1	2	0
22555	19	18	1	2	1
22556	19	18	1	2	2
22557	19	18	1	3	0
22558	19	18	1	3	1
22559	19	18	1	3	2
22560	19	18	2	0	0
22561	19	18	2	0	1
22562	19	18	2	0	2
22563	19	18	2	1	0
22564	19	18	2	1	1
22565	19	18	2	1	2
22566	19	18	2	2	0
22567	19	18	2	2	1
22568	19	18	2	2	2
22569	19	18	2	3	0
22570	19	18	2	3	1
22571	19	18	2	3	2
22572	19	19	0	0	0
22573	19	19	0	0	1
22574	19	19	0	0	2
22575	19	19	0	1	0
22576	19	19	0	1	1
22577	19	19	0	1	2
22578	19	19	0	2	0
22579	19	19	0	2	1
22580	19	19	0	2	2
22581	19	19	0	3	0
22582	19	19	0	3	1
22583	19	19	0	3	2
22584	19	19	1	0	0
22585	19	19	1	0	1
22586	19	19	1	0	2
22587	19	19	1	1	0
22588	19	19	1	1	1
22589	19	19	1	1	2
22590	19	19	1	2	0
22591	19	19	1	2	1
22592	19	19	1	2	2
22593	19	19	1	3	0
22594	19	19	1	3	1
22595	19	19	1	3	2
22596	19	19	2	0	0
22597	19	19	2	0	1
22598	19	19	2	0	2
22599	19	19	2	1	0
22600	19	19	2	1	1
22601	19	19	2	1	2
22602	19	19	2	2	0
22603	19	19	2	2	1
22604	19	19	2	2	2
22605	19	19	2	3	0
22606	19	19	2	3	1
22607	19	19	2	3	2
22608	19	20	0	0	0
22609	19	20	0	0	1
22610	19	20	0	0	2
22611	19	20	0	1	0
22612	19	20	0	1	1
22613	19	20	0	1	2
22614	19	20	0	2	0
22615	19	20	0	2	1
22616	19	20	0	2	2
22617	19	20	0	3	0
22618	19	20	0	3	1
22619	19	20	0	3	2
22620	19	20	1	0	0
22621	19	20	1	0	1
22622	19	20	1	0	2
22623	19	20	1	1	0
22624	19	20	1	1	1
22625	19	20	1	1	2
22626	19	20	1	2	0
22627	19	20	1	2	1
22628	19	20	1	2	2
22629	19	20	1	3	0
22630	19	20	1	3	1
22631	19	20	1	3	2
22632	19	20	2	0	0
22633	19	20	2	0	1
22634	19	20	2	0	2
22635	19	20	2	1	0
22636	19	20	2	1	1
22637	19	20	2	1	2
22638	19	20	2	2	0
22639	19	20	2	2	1
22640	19	20	2	2	2
22641	19	20	2	3	0
22642	19	20	2	3	1
22643	19	20	2	3	2
22644	19	21	0	0	0
22645	19	21	0	0	1
22646	19	21	0	0	2
22647	19	21	0	1	0
22648	19	21	0	1	1
22649	19	21	0	1	2
22650	19	21	0	2	0
22651	19	21	0	2	1
22652	19	21	0	2	2
22653	19	21	0	3	0
22654	19	21	0	3	1
22655	19	21	0	3	2
22656	19	21	1	0	0
22657	19	21	1	0	1
22658	19	21	1	0	2
22659	19	21	1	1	0
22660	19	21	1	1	1
22661	19	21	1	1	2
22662	19	21	1	2	0
22663	19	21	1	2	1
22664	19	21	1	2	2
22665	19	21	1	3	0
22666	19	21	1	3	1
22667	19	21	1	3	2
22668	19	21	2	0	0
22669	19	21	2	0	1
22670	19	21	2	0	2
22671	19	21	2	1	0
22672	19	21	2	1	1
22673	19	21	2	1	2
22674	19	21	2	2	0
22675	19	21	2	2	1
22676	19	21	2	2	2
22677	19	21	2	3	0
22678	19	21	2	3	1
22679	19	21	2	3	2
22680	19	22	0	0	0
22681	19	22	0	0	1
22682	19	22	0	0	2
22683	19	22	0	1	0
22684	19	22	0	1	1
22685	19	22	0	1	2
22686	19	22	0	2	0
22687	19	22	0	2	1
22688	19	22	0	2	2
22689	19	22	0	3	0
22690	19	22	0	3	1
22691	19	22	0	3	2
22692	19	22	1	0	0
22693	19	22	1	0	1
22694	19	22	1	0	2
22695	19	22	1	1	0
22696	19	22	1	1	1
22697	19	22	1	1	2
22698	19	22	1	2	0
22699	19	22	1	2	1
22700	19	22	1	2	2
22701	19	22	1	3	0
22702	19	22	1	3	1
22703	19	22	1	3	2
22704	19	22	2	0	0
22705	19	22	2	0	1
22706	19	22	2	0	2
22707	19	22	2	1	0
22708	19	22	2	1	1
22709	19	22	2	1	2
22710	19	22	2	2	0
22711	19	22	2	2	1
22712	19	22	2	2	2
22713	19	22	2	3	0
22714	19	22	2	3	1
22715	19	22	2	3	2
22716	19	23	0	0	0
22717	19	23	0	0	1
22718	19	23	0	0	2
22719	19	23	0	1	0
22720	19	23	0	1	1
22721	19	23	0	1	2
22722	19	23	0	2	0
22723	19	23	0	2	1
22724	19	23	0	2	2
22725	19	23	0	3	0
22726	19	23	0	3	1
22727	19	23	0	3	2
22728	19	23	1	0	0
22729	19	23	1	0	1
22730	19	23	1	0	2
22731	19	23	1	1	0
22732	19	23	1	1	1
22733	19	23	1	1	2
22734	19	23	1	2	0
22735	19	23	1	2	1
22736	19	23	1	2	2
22737	19	23	1	3	0
22738	19	23	1	3	1
22739	19	23	1	3	2
22740	19	23	2	0	0
22741	19	23	2	0	1
22742	19	23	2	0	2
22743	19	23	2	1	0
22744	19	23	2	1	1
22745	19	23	2	1	2
22746	19	23	2	2	0
22747	19	23	2	2	1
22748	19	23	2	2	2
22749	19	23	2	3	0
22750	19	23	2	3	1
22751	19	23	2	3	2
22752	19	24	0	0	0
22753	19	24	0	0	1
22754	19	24	0	0	2
22755	19	24	0	1	0
22756	19	24	0	1	1
22757	19	24	0	1	2
22758	19	24	0	2	0
22759	19	24	0	2	1
22760	19	24	0	2	2
22761	19	24	0	3	0
22762	19	24	0	3	1
22763	19	24	0	3	2
22764	19	24	1	0	0
22765	19	24	1	0	1
22766	19	24	1	0	2
22767	19	24	1	1	0
22768	19	24	1	1	1
22769	19	24	1	1	2
22770	19	24	1	2	0
22771	19	24	1	2	1
22772	19	24	1	2	2
22773	19	24	1	3	0
22774	19	24	1	3	1
22775	19	24	1	3	2
22776	19	24	2	0	0
22777	19	24	2	0	1
22778	19	24	2	0	2
22779	19	24	2	1	0
22780	19	24	2	1	1
22781	19	24	2	1	2
22782	19	24	2	2	0
22783	19	24	2	2	1
22784	19	24	2	2	2
22785	19	24	2	3	0
22786	19	24	2	3	1
22787	19	24	2	3	2
22788	19	25	0	0	0
22789	19	25	0	0	1
22790	19	25	0	0	2
22791	19	25	0	1	0
22792	19	25	0	1	1
22793	19	25	0	1	2
22794	19	25	0	2	0
22795	19	25	0	2	1
22796	19	25	0	2	2
22797	19	25	0	3	0
22798	19	25	0	3	1
22799	19	25	0	3	2
22800	19	25	1	0	0
22801	19	25	1	0	1
22802	19	25	1	0	2
22803	19	25	1	1	0
22804	19	25	1	1	1
22805	19	25	1	1	2
22806	19	25	1	2	0
22807	19	25	1	2	1
22808	19	25	1	2	2
22809	19	25	1	3	0
22810	19	25	1	3	1
22811	19	25	1	3	2
22812	19	25	2	0	0
22813	19	25	2	0	1
22814	19	25	2	0	2
22815	19	25	2	1	0
22816	19	25	2	1	1
22817	19	25	2	1	2
22818	19	25	2	2	0
22819	19	25	2	2	1
22820	19	25	2	2	2
22821	19	25	2	3	0
22822	19	25	2	3	1
22823	19	25	2	3	2
22824	19	26	0	0	0
22825	19	26	0	0	1
22826	19	26	0	0	2
22827	19	26	0	1	0
22828	19	26	0	1	1
22829	19	26	0	1	2
22830	19	26	0	2	0
22831	19	26	0	2	1
22832	19	26	0	2	2
22833	19	26	0	3	0
22834	19	26	0	3	1
22835	19	26	0	3	2
22836	19	26	1	0	0
22837	19	26	1	0	1
22838	19	26	1	0	2
22839	19	26	1	1	0
22840	19	26	1	1	1
22841	19	26	1	1	2
22842	19	26	1	2	0
22843	19	26	1	2	1
22844	19	26	1	2	2
22845	19	26	1	3	0
22846	19	26	1	3	1
22847	19	26	1	3	2
22848	19	26	2	0	0
22849	19	26	2	0	1
22850	19	26	2	0	2
22851	19	26	2	1	0
22852	19	26	2	1	1
22853	19	26	2	1	2
22854	19	26	2	2	0
22855	19	26	2	2	1
22856	19	26	2	2	2
22857	19	26	2	3	0
22858	19	26	2	3	1
22859	19	26	2	3	2
22860	19	27	0	0	0
22861	19	27	0	0	1
22862	19	27	0	0	2
22863	19	27	0	1	0
22864	19	27	0	1	1
22865	19	27	0	1	2
22866	19	27	0	2	0
22867	19	27	0	2	1
22868	19	27	0	2	2
22869	19	27	0	3	0
22870	19	27	0	3	1
22871	19	27	0	3	2
22872	19	27	1	0	0
22873	19	27	1	0	1
22874	19	27	1	0	2
22875	19	27	1	1	0
22876	19	27	1	1	1
22877	19	27	1	1	2
22878	19	27	1	2	0
22879	19	27	1	2	1
22880	19	27	1	2	2
22881	19	27	1	3	0
22882	19	27	1	3	1
22883	19	27	1	3	2
22884	19	27	2	0	0
22885	19	27	2	0	1
22886	19	27	2	0	2
22887	19	27	2	1	0
22888	19	27	2	1	1
22889	19	27	2	1	2
22890	19	27	2	2	0
22891	19	27	2	2	1
22892	19	27	2	2	2
22893	19	27	2	3	0
22894	19	27	2	3	1
22895	19	27	2	3	2
22896	19	28	0	0	0
22897	19	28	0	0	1
22898	19	28	0	0	2
22899	19	28	0	1	0
22900	19	28	0	1	1
22901	19	28	0	1	2
22902	19	28	0	2	0
22903	19	28	0	2	1
22904	19	28	0	2	2
22905	19	28	0	3	0
22906	19	28	0	3	1
22907	19	28	0	3	2
22908	19	28	1	0	0
22909	19	28	1	0	1
22910	19	28	1	0	2
22911	19	28	1	1	0
22912	19	28	1	1	1
22913	19	28	1	1	2
22914	19	28	1	2	0
22915	19	28	1	2	1
22916	19	28	1	2	2
22917	19	28	1	3	0
22918	19	28	1	3	1
22919	19	28	1	3	2
22920	19	28	2	0	0
22921	19	28	2	0	1
22922	19	28	2	0	2
22923	19	28	2	1	0
22924	19	28	2	1	1
22925	19	28	2	1	2
22926	19	28	2	2	0
22927	19	28	2	2	1
22928	19	28	2	2	2
22929	19	28	2	3	0
22930	19	28	2	3	1
22931	19	28	2	3	2
22932	19	29	0	0	0
22933	19	29	0	0	1
22934	19	29	0	0	2
22935	19	29	0	1	0
22936	19	29	0	1	1
22937	19	29	0	1	2
22938	19	29	0	2	0
22939	19	29	0	2	1
22940	19	29	0	2	2
22941	19	29	0	3	0
22942	19	29	0	3	1
22943	19	29	0	3	2
22944	19	29	1	0	0
22945	19	29	1	0	1
22946	19	29	1	0	2
22947	19	29	1	1	0
22948	19	29	1	1	1
22949	19	29	1	1	2
22950	19	29	1	2	0
22951	19	29	1	2	1
22952	19	29	1	2	2
22953	19	29	1	3	0
22954	19	29	1	3	1
22955	19	29	1	3	2
22956	19	29	2	0	0
22957	19	29	2	0	1
22958	19	29	2	0	2
22959	19	29	2	1	0
22960	19	29	2	1	1
22961	19	29	2	1	2
22962	19	29	2	2	0
22963	19	29	2	2	1
22964	19	29	2	2	2
22965	19	29	2	3	0
22966	19	29	2	3	1
22967	19	29	2	3	2
22968	19	30	0	0	0
22969	19	30	0	0	1
22970	19	30	0	0	2
22971	19	30	0	1	0
22972	19	30	0	1	1
22973	19	30	0	1	2
22974	19	30	0	2	0
22975	19	30	0	2	1
22976	19	30	0	2	2
22977	19	30	0	3	0
22978	19	30	0	3	1
22979	19	30	0	3	2
22980	19	30	1	0	0
22981	19	30	1	0	1
22982	19	30	1	0	2
22983	19	30	1	1	0
22984	19	30	1	1	1
22985	19	30	1	1	2
22986	19	30	1	2	0
22987	19	30	1	2	1
22988	19	30	1	2	2
22989	19	30	1	3	0
22990	19	30	1	3	1
22991	19	30	1	3	2
22992	19	30	2	0	0
22993	19	30	2	0	1
22994	19	30	2	0	2
22995	19	30	2	1	0
22996	19	30	2	1	1
22997	19	30	2	1	2
22998	19	30	2	2	0
22999	19	30	2	2	1
23000	19	30	2	2	2
23001	19	30	2	3	0
23002	19	30	2	3	1
23003	19	30	2	3	2
23004	19	31	0	0	0
23005	19	31	0	0	1
23006	19	31	0	0	2
23007	19	31	0	1	0
23008	19	31	0	1	1
23009	19	31	0	1	2
23010	19	31	0	2	0
23011	19	31	0	2	1
23012	19	31	0	2	2
23013	19	31	0	3	0
23014	19	31	0	3	1
23015	19	31	0	3	2
23016	19	31	1	0	0
23017	19	31	1	0	1
23018	19	31	1	0	2
23019	19	31	1	1	0
23020	19	31	1	1	1
23021	19	31	1	1	2
23022	19	31	1	2	0
23023	19	31	1	2	1
23024	19	31	1	2	2
23025	19	31	1	3	0
23026	19	31	1	3	1
23027	19	31	1	3	2
23028	19	31	2	0	0
23029	19	31	2	0	1
23030	19	31	2	0	2
23031	19	31	2	1	0
23032	19	31	2	1	1
23033	19	31	2	1	2
23034	19	31	2	2	0
23035	19	31	2	2	1
23036	19	31	2	2	2
23037	19	31	2	3	0
23038	19	31	2	3	1
23039	19	31	2	3	2
23040	20	0	0	0	0
23041	20	0	0	0	1
23042	20	0	0	0	2
23043	20	0	0	1	0
23044	20	0	0	1	1
23045	20	0	0	1	2
23046	20	0	0	2	0
23047	20	0	0	2	1
23048	20	0	0	2	2
23049	20	0	0	3	0
23050	20	0	0	3	1
23051	20	0	0	3	2
23052	20	0	1	0	0
23053	20	0	1	0	1
23054	20	0	1	0	2
23055	20	0	1	1	0
23056	20	0	1	1	1
23057	20	0	1	1	2
23058	20	0	1	2	0
23059	20	0	1	2	1
23060	20	0	1	2	2
23061	20	0	1	3	0
23062	20	0	1	3	1
23063	20	0	1	3	2
23064	20	0	2	0	0
23065	20	0	2	0	1
23066	20	0	2	0	2
23067	20	0	2	1	0
23068	20	0	2	1	1
23069	20	0	2	1	2
23070	20	0	2	2	0
23071	20	0	2	2	1
23072	20	0	2	2	2
23073	20	0	2	3	0
23074	20	0	2	3	1
23075	20	0	2	3	2
23076	20	1	0	0	0
23077	20	1	0	0	1
23078	20	1	0	0	2
23079	20	1	0	1	0
23080	20	1	0	1	1
23081	20	1	0	1	2
23082	20	1	0	2	0
23083	20	1	0	2	1
23084	20	1	0	2	2
23085	20	1	0	3	0
23086	20	1	0	3	1
23087	20	1	0	3	2
23088	20	1	1	0	0
23089	20	1	1	0	1
23090	20	1	1	0	2
23091	20	1	1	1	0
23092	20	1	1	1	1
23093	20	1	1	1	2
23094	20	1	1	2	0
23095	20	1	1	2	1
23096	20	1	1	2	2
23097	20	1	1	3	0
23098	20	1	1	3	1
23099	20	1	1	3	2
23100	20	1	2	0	0
23101	20	1	2	0	1
23102	20	1	2	0	2
23103	20	1	2	1	0
23104	20	1	2	1	1
23105	20	1	2	1	2
23106	20	1	2	2	0
23107	20	1	2	2	1
23108	20	1	2	2	2
23109	20	1	2	3	0
23110	20	1	2	3	1
23111	20	1	2	3	2
23112	20	2	0	0	0
23113	20	2	0	0	1
23114	20	2	0	0	2
23115	20	2	0	1	0
23116	20	2	0	1	1
23117	20	2	0	1	2
23118	20	2	0	2	0
23119	20	2	0	2	1
23120	20	2	0	2	2
23121	20	2	0	3	0
23122	20	2	0	3	1
23123	20	2	0	3	2
23124	20	2	1	0	0
23125	20	2	1	0	1
23126	20	2	1	0	2
23127	20	2	1	1	0
23128	20	2	1	1	1
23129	20	2	1	1	2
23130	20	2	1	2	0
23131	20	2	1	2	1
23132	20	2	1	2	2
23133	20	2	1	3	0
23134	20	2	1	3	1
23135	20	2	1	3	2
23136	20	2	2	0	0
23137	20	2	2	0	1
23138	20	2	2	0	2
23139	20	2	2	1	0
23140	20	2	2	1	1
23141	20	2	2	1	2
23142	20	2	2	2	0
23143	20	2	2	2	1
23144	20	2	2	2	2
23145	20	2	2	3	0
23146	20	2	2	3	1
23147	20	2	2	3	2
23148	20	3	0	0	0
23149	20	3	0	0	1
23150	20	3	0	0	2
23151	20	3	0	1	0
23152	20	3	0	1	1
23153	20	3	0	1	2
23154	20	3	0	2	0
23155	20	3	0	2	1
23156	20	3	0	2	2
23157	20	3	0	3	0
23158	20	3	0	3	1
23159	20	3	0	3	2
23160	20	3	1	0	0
23161	20	3	1	0	1
23162	20	3	1	0	2
23163	20	3	1	1	0
23164	20	3	1	1	1
23165	20	3	1	1	2
23166	20	3	1	2	0
23167	20	3	1	2	1
23168	20	3	1	2	2
23169	20	3	1	3	0
23170	20	3	1	3	1
23171	20	3	1	3	2
23172	20	3	2	0	0
23173	20	3	2	0	1
23174	20	3	2	0	2
23175	20	3	2	1	0
23176	20	3	2	1	1
23177	20	3	2	1	2
23178	20	3	2	2	0
23179	20	3	2	2	1
23180	20	3	2	2	2
23181	20	3	2	3	0
23182	20	3	2	3	1
23183	20	3	2	3	2
23184	20	4	0	0	0
23185	20	4	0	0	1
23186	20	4	0	0	2
23187	20	4	0	1	0
23188	20	4	0	1	1
23189	20	4	0	1	2
23190	20	4	0	2	0
23191	20	4	0	2	1
23192	20	4	0	2	2
23193	20	4	0	3	0
23194	20	4	0	3	1
23195	20	4	0	3	2
23196	20	4	1	0	0
23197	20	4	1	0	1
23198	20	4	1	0	2
23199	20	4	1	1	0
23200	20	4	1	1	1
23201	20	4	1	1	2
23202	20	4	1	2	0
23203	20	4	1	2	1
23204	20	4	1	2	2
23205	20	4	1	3	0
23206	20	4	1	3	1
23207	20	4	1	3	2
23208	20	4	2	0	0
23209	20	4	2	0	1
23210	20	4	2	0	2
23211	20	4	2	1	0
23212	20	4	2	1	1
23213	20	4	2	1	2
23214	20	4	2	2	0
23215	20	4	2	2	1
23216	20	4	2	2	2
23217	20	4	2	3	0
23218	20	4	2	3	1
23219	20	4	2	3	2
23220	20	5	0	0	0
23221	20	5	0	0	1
23222	20	5	0	0	2
23223	20	5	0	1	0
23224	20	5	0	1	1
23225	20	5	0	1	2
23226	20	5	0	2	0
23227	20	5	0	2	1
23228	20	5	0	2	2
23229	20	5	0	3	0
23230	20	5	0	3	1
23231	20	5	0	3	2
23232	20	5	1	0	0
23233	20	5	1	0	1
23234	20	5	1	0	2
23235	20	5	1	1	0
23236	20	5	1	1	1
23237	20	5	1	1	2
23238	20	5	1	2	0
23239	20	5	1	2	1
23240	20	5	1	2	2
23241	20	5	1	3	0
23242	20	5	1	3	1
23243	20	5	1	3	2
23244	20	5	2	0	0
23245	20	5	2	0	1
23246	20	5	2	0	2
23247	20	5	2	1	0
23248	20	5	2	1	1
23249	20	5	2	1	2
23250	20	5	2	2	0
23251	20	5	2	2	1
23252	20	5	2	2	2
23253	20	5	2	3	0
23254	20	5	2	3	1
23255	20	5	2	3	2
23256	20	6	0	0	0
23257	20	6	0	0	1
23258	20	6	0	0	2
23259	20	6	0	1	0
23260	20	6	0	1	1
23261	20	6	0	1	2
23262	20	6	0	2	0
23263	20	6	0	2	1
23264	20	6	0	2	2
23265	20	6	0	3	0
23266	20	6	0	3	1
23267	20	6	0	3	2
23268	20	6	1	0	0
23269	20	6	1	0	1
23270	20	6	1	0	2
23271	20	6	1	1	0
23272	20	6	1	1	1
23273	20	6	1	1	2
23274	20	6	1	2	0
23275	20	6	1	2	1
23276	20	6	1	2	2
23277	20	6	1	3	0
23278	20	6	1	3	1
23279	20	6	1	3	2
23280	20	6	2	0	0
23281	20	6	2	0	1
23282	20	6	2	0	2
23283	20	6	2	1	0
23284	20	6	2	1	1
23285	20	6	2	1	2
23286	20	6	2	2	0
23287	20	6	2	2	1
23288	20	6	2	2	2
23289	20	6	2	3	0
23290	20	6	2	3	1
23291	20	6	2	3	2
23292	20	7	0	0	0
23293	20	7	0	0	1
23294	20	7	0	0	2
23295	20	7	0	1	0
23296	20	7	0	1	1
23297	20	7	0	1	2
23298	20	7	0	2	0
23299	20	7	0	2	1
23300	20	7	0	2	2
23301	20	7	0	3	0
23302	20	7	0	3	1
23303	20	7	0	3	2
23304	20	7	1	0	0
23305	20	7	1	0	1
23306	20	7	1	0	2
23307	20	7	1	1	0
23308	20	7	1	1	1
23309	20	7	1	1	2
23310	20	7	1	2	0
23311	20	7	1	2	1
23312	20	7	1	2	2
23313	20	7	1	3	0
23314	20	7	1	3	1
23315	20	7	1	3	2
23316	20	7	2	0	0
23317	20	7	2	0	1
23318	20	7	2	0	2
23319	20	7	2	1	0
23320	20	7	2	1	1
23321	20	7	2	1	2
23322	20	7	2	2	0
23323	20	7	2	2	1
23324	20	7	2	2	2
23325	20	7	2	3	0
23326	20	7	2	3	1
23327	20	7	2	3	2
23328	20	8	0	0	0
23329	20	8	0	0	1
23330	20	8	0	0	2
23331	20	8	0	1	0
23332	20	8	0	1	1
23333	20	8	0	1	2
23334	20	8	0	2	0
23335	20	8	0	2	1
23336	20	8	0	2	2
23337	20	8	0	3	0
23338	20	8	0	3	1
23339	20	8	0	3	2
23340	20	8	1	0	0
23341	20	8	1	0	1
23342	20	8	1	0	2
23343	20	8	1	1	0
23344	20	8	1	1	1
23345	20	8	1	1	2
23346	20	8	1	2	0
23347	20	8	1	2	1
23348	20	8	1	2	2
23349	20	8	1	3	0
23350	20	8	1	3	1
23351	20	8	1	3	2
23352	20	8	2	0	0
23353	20	8	2	0	1
23354	20	8	2	0	2
23355	20	8	2	1	0
23356	20	8	2	1	1
23357	20	8	2	1	2
23358	20	8	2	2	0
23359	20	8	2	2	1
23360	20	8	2	2	2
23361	20	8	2	3	0
23362	20	8	2	3	1
23363	20	8	2	3	2
23364	20	9	0	0	0
23365	20	9	0	0	1
23366	20	9	0	0	2
23367	20	9	0	1	0
23368	20	9	0	1	1
23369	20	9	0	1	2
23370	20	9	0	2	0
23371	20	9	0	2	1
23372	20	9	0	2	2
23373	20	9	0	3	0
23374	20	9	0	3	1
23375	20	9	0	3	2
23376	20	9	1	0	0
23377	20	9	1	0	1
23378	20	9	1	0	2
23379	20	9	1	1	0
23380	20	9	1	1	1
23381	20	9	1	1	2
23382	20	9	1	2	0
23383	20	9	1	2	1
23384	20	9	1	2	2
23385	20	9	1	3	0
23386	20	9	1	3	1
23387	20	9	1	3	2
23388	20	9	2	0	0
23389	20	9	2	0	1
23390	20	9	2	0	2
23391	20	9	2	1	0
23392	20	9	2	1	1
23393	20	9	2	1	2
23394	20	9	2	2	0
23395	20	9	2	2	1
23396	20	9	2	2	2
23397	20	9	2	3	0
23398	20	9	2	3	1
23399	20	9	2	3	2
23400	20	10	0	0	0
23401	20	10	0	0	1
23402	20	10	0	0	2
23403	20	10	0	1	0
23404	20	10	0	1	1
23405	20	10	0	1	2
23406	20	10	0	2	0
23407	20	10	0	2	1
23408	20	10	0	2	2
23409	20	10	0	3	0
23410	20	10	0	3	1
23411	20	10	0	3	2
23412	20	10	1	0	0
23413	20	10	1	0	1
23414	20	10	1	0	2
23415	20	10	1	1	0
23416	20	10	1	1	1
23417	20	10	1	1	2
23418	20	10	1	2	0
23419	20	10	1	2	1
23420	20	10	1	2	2
23421	20	10	1	3	0
23422	20	10	1	3	1
23423	20	10	1	3	2
23424	20	10	2	0	0
23425	20	10	2	0	1
23426	20	10	2	0	2
23427	20	10	2	1	0
23428	20	10	2	1	1
23429	20	10	2	1	2
23430	20	10	2	2	0
23431	20	10	2	2	1
23432	20	10	2	2	2
23433	20	10	2	3	0
23434	20	10	2	3	1
23435	20	10	2	3	2
23436	20	11	0	0	0
23437	20	11	0	0	1
23438	20	11	0	0	2
23439	20	11	0	1	0
23440	20	11	0	1	1
23441	20	11	0	1	2
23442	20	11	0	2	0
23443	20	11	0	2	1
23444	20	11	0	2	2
23445	20	11	0	3	0
23446	20	11	0	3	1
23447	20	11	0	3	2
23448	20	11	1	0	0
23449	20	11	1	0	1
23450	20	11	1	0	2
23451	20	11	1	1	0
23452	20	11	1	1	1
23453	20	11	1	1	2
23454	20	11	1	2	0
23455	20	11	1	2	1
23456	20	11	1	2	2
23457	20	11	1	3	0
23458	20	11	1	3	1
23459	20	11	1	3	2
23460	20	11	2	0	0
23461	20	11	2	0	1
23462	20	11	2	0	2
23463	20	11	2	1	0
23464	20	11	2	1	1
23465	20	11	2	1	2
23466	20	11	2	2	0
23467	20	11	2	2	1
23468	20	11	2	2	2
23469	20	11	2	3	0
23470	20	11	2	3	1
23471	20	11	2	3	2
23472	20	12	0	0	0
23473	20	12	0	0	1
23474	20	12	0	0	2
23475	20	12	0	1	0
23476	20	12	0	1	1
23477	20	12	0	1	2
23478	20	12	0	2	0
23479	20	12	0	2	1
23480	20	12	0	2	2
23481	20	12	0	3	0
23482	20	12	0	3	1
23483	20	12	0	3	2
23484	20	12	1	0	0
23485	20	12	1	0	1
23486	20	12	1	0	2
23487	20	12	1	1	0
23488	20	12	1	1	1
23489	20	12	1	1	2
23490	20	12	1	2	0
23491	20	12	1	2	1
23492	20	12	1	2	2
23493	20	12	1	3	0
23494	20	12	1	3	1
23495	20	12	1	3	2
23496	20	12	2	0	0
23497	20	12	2	0	1
23498	20	12	2	0	2
23499	20	12	2	1	0
23500	20	12	2	1	1
23501	20	12	2	1	2
23502	20	12	2	2	0
23503	20	12	2	2	1
23504	20	12	2	2	2
23505	20	12	2	3	0
23506	20	12	2	3	1
23507	20	12	2	3	2
23508	20	13	0	0	0
23509	20	13	0	0	1
23510	20	13	0	0	2
23511	20	13	0	1	0
23512	20	13	0	1	1
23513	20	13	0	1	2
23514	20	13	0	2	0
23515	20	13	0	2	1
23516	20	13	0	2	2
23517	20	13	0	3	0
23518	20	13	0	3	1
23519	20	13	0	3	2
23520	20	13	1	0	0
23521	20	13	1	0	1
23522	20	13	1	0	2
23523	20	13	1	1	0
23524	20	13	1	1	1
23525	20	13	1	1	2
23526	20	13	1	2	0
23527	20	13	1	2	1
23528	20	13	1	2	2
23529	20	13	1	3	0
23530	20	13	1	3	1
23531	20	13	1	3	2
23532	20	13	2	0	0
23533	20	13	2	0	1
23534	20	13	2	0	2
23535	20	13	2	1	0
23536	20	13	2	1	1
23537	20	13	2	1	2
23538	20	13	2	2	0
23539	20	13	2	2	1
23540	20	13	2	2	2
23541	20	13	2	3	0
23542	20	13	2	3	1
23543	20	13	2	3	2
23544	20	14	0	0	0
23545	20	14	0	0	1
23546	20	14	0	0	2
23547	20	14	0	1	0
23548	20	14	0	1	1
23549	20	14	0	1	2
23550	20	14	0	2	0
23551	20	14	0	2	1
23552	20	14	0	2	2
23553	20	14	0	3	0
23554	20	14	0	3	1
23555	20	14	0	3	2
23556	20	14	1	0	0
23557	20	14	1	0	1
23558	20	14	1	0	2
23559	20	14	1	1	0
23560	20	14	1	1	1
23561	20	14	1	1	2
23562	20	14	1	2	0
23563	20	14	1	2	1
23564	20	14	1	2	2
23565	20	14	1	3	0
23566	20	14	1	3	1
23567	20	14	1	3	2
23568	20	14	2	0	0
23569	20	14	2	0	1
23570	20	14	2	0	2
23571	20	14	2	1	0
23572	20	14	2	1	1
23573	20	14	2	1	2
23574	20	14	2	2	0
23575	20	14	2	2	1
23576	20	14	2	2	2
23577	20	14	2	3	0
23578	20	14	2	3	1
23579	20	14	2	3	2
23580	20	15	0	0	0
23581	20	15	0	0	1
23582	20	15	0	0	2
23583	20	15	0	1	0
23584	20	15	0	1	1
23585	20	15	0	1	2
23586	20	15	0	2	0
23587	20	15	0	2	1
23588	20	15	0	2	2
23589	20	15	0	3	0
23590	20	15	0	3	1
23591	20	15	0	3	2
23592	20	15	1	0	0
23593	20	15	1	0	1
23594	20	15	1	0	2
23595	20	15	1	1	0
23596	20	15	1	1	1
23597	20	15	1	1	2
23598	20	15	1	2	0
23599	20	15	1	2	1
23600	20	15	1	2	2
23601	20	15	1	3	0
23602	20	15	1	3	1
23603	20	15	1	3	2
23604	20	15	2	0	0
23605	20	15	2	0	1
23606	20	15	2	0	2
23607	20	15	2	1	0
23608	20	15	2	1	1
23609	20	15	2	1	2
23610	20	15	2	2	0
23611	20	15	2	2	1
23612	20	15	2	2	2
23613	20	15	2	3	0
23614	20	15	2	3	1
23615	20	15	2	3	2
23616	20	16	0	0	0
23617	20	16	0	0	1
23618	20	16	0	0	2
23619	20	16	0	1	0
23620	20	16	0	1	1
23621	20	16	0	1	2
23622	20	16	0	2	0
23623	20	16	0	2	1
23624	20	16	0	2	2
23625	20	16	0	3	0
23626	20	16	0	3	1
23627	20	16	0	3	2
23628	20	16	1	0	0
23629	20	16	1	0	1
23630	20	16	1	0	2
23631	20	16	1	1	0
23632	20	16	1	1	1
23633	20	16	1	1	2
23634	20	16	1	2	0
23635	20	16	1	2	1
23636	20	16	1	2	2
23637	20	16	1	3	0
23638	20	16	1	3	1
23639	20	16	1	3	2
23640	20	16	2	0	0
23641	20	16	2	0	1
23642	20	16	2	0	2
23643	20	16	2	1	0
23644	20	16	2	1	1
23645	20	16	2	1	2
23646	20	16	2	2	0
23647	20	16	2	2	1
23648	20	16	2	2	2
23649	20	16	2	3	0
23650	20	16	2	3	1
23651	20	16	2	3	2
23652	20	17	0	0	0
23653	20	17	0	0	1
23654	20	17	0	0	2
23655	20	17	0	1	0
23656	20	17	0	1	1
23657	20	17	0	1	2
23658	20	17	0	2	0
23659	20	17	0	2	1
23660	20	17	0	2	2
23661	20	17	0	3	0
23662	20	17	0	3	1
23663	20	17	0	3	2
23664	20	17	1	0	0
23665	20	17	1	0	1
23666	20	17	1	0	2
23667	20	17	1	1	0
23668	20	17	1	1	1
23669	20	17	1	1	2
23670	20	17	1	2	0
23671	20	17	1	2	1
23672	20	17	1	2	2
23673	20	17	1	3	0
23674	20	17	1	3	1
23675	20	17	1	3	2
23676	20	17	2	0	0
23677	20	17	2	0	1
23678	20	17	2	0	2
23679	20	17	2	1	0
23680	20	17	2	1	1
23681	20	17	2	1	2
23682	20	17	2	2	0
23683	20	17	2	2	1
23684	20	17	2	2	2
23685	20	17	2	3	0
23686	20	17	2	3	1
23687	20	17	2	3	2
23688	20	18	0	0	0
23689	20	18	0	0	1
23690	20	18	0	0	2
23691	20	18	0	1	0
23692	20	18	0	1	1
23693	20	18	0	1	2
23694	20	18	0	2	0
23695	20	18	0	2	1
23696	20	18	0	2	2
23697	20	18	0	3	0
23698	20	18	0	3	1
23699	20	18	0	3	2
23700	20	18	1	0	0
23701	20	18	1	0	1
23702	20	18	1	0	2
23703	20	18	1	1	0
23704	20	18	1	1	1
23705	20	18	1	1	2
23706	20	18	1	2	0
23707	20	18	1	2	1
23708	20	18	1	2	2
23709	20	18	1	3	0
23710	20	18	1	3	1
23711	20	18	1	3	2
23712	20	18	2	0	0
23713	20	18	2	0	1
23714	20	18	2	0	2
23715	20	18	2	1	0
23716	20	18	2	1	1
23717	20	18	2	1	2
23718	20	18	2	2	0
23719	20	18	2	2	1
23720	20	18	2	2	2
23721	20	18	2	3	0
23722	20	18	2	3	1
23723	20	18	2	3	2
23724	20	19	0	0	0
23725	20	19	0	0	1
23726	20	19	0	0	2
23727	20	19	0	1	0
23728	20	19	0	1	1
23729	20	19	0	1	2
23730	20	19	0	2	0
23731	20	19	0	2	1
23732	20	19	0	2	2
23733	20	19	0	3	0
23734	20	19	0	3	1
23735	20	19	0	3	2
23736	20	19	1	0	0
23737	20	19	1	0	1
23738	20	19	1	0	2
23739	20	19	1	1	0
23740	20	19	1	1	1
23741	20	19	1	1	2
23742	20	19	1	2	0
23743	20	19	1	2	1
23744	20	19	1	2	2
23745	20	19	1	3	0
23746	20	19	1	3	1
23747	20	19	1	3	2
23748	20	19	2	0	0
23749	20	19	2	0	1
23750	20	19	2	0	2
23751	20	19	2	1	0
23752	20	19	2	1	1
23753	20	19	2	1	2
23754	20	19	2	2	0
23755	20	19	2	2	1
23756	20	19	2	2	2
23757	20	19	2	3	0
23758	20	19	2	3	1
23759	20	19	2	3	2
23760	20	20	0	0	0
23761	20	20	0	0	1
23762	20	20	0	0	2
23763	20	20	0	1	0
23764	20	20	0	1	1
23765	20	20	0	1	2
23766	20	20	0	2	0
23767	20	20	0	2	1
23768	20	20	0	2	2
23769	20	20	0	3	0
23770	20	20	0	3	1
23771	20	20	0	3	2
23772	20	20	1	0	0
23773	20	20	1	0	1
23774	20	20	1	0	2
23775	20	20	1	1	0
23776	20	20	1	1	1
23777	20	20	1	1	2
23778	20	20	1	2	0
23779	20	20	1	2	1
23780	20	20	1	2	2
23781	20	20	1	3	0
23782	20	20	1	3	1
23783	20	20	1	3	2
23784	20	20	2	0	0
23785	20	20	2	0	1
23786	20	20	2	0	2
23787	20	20	2	1	0
23788	20	20	2	1	1
23789	20	20	2	1	2
23790	20	20	2	2	0
23791	20	20	2	2	1
23792	20	20	2	2	2
23793	20	20	2	3	0
23794	20	20	2	3	1
23795	20	20	2	3	2
23796	20	21	0	0	0
23797	20	21	0	0	1
23798	20	21	0	0	2
23799	20	21	0	1	0
23800	20	21	0	1	1
23801	20	21	0	1	2
23802	20	21	0	2	0
23803	20	21	0	2	1
23804	20	21	0	2	2
23805	20	21	0	3	0
23806	20	21	0	3	1
23807	20	21	0	3	2
23808	20	21	1	0	0
23809	20	21	1	0	1
23810	20	21	1	0	2
23811	20	21	1	1	0
23812	20	21	1	1	1
23813	20	21	1	1	2
23814	20	21	1	2	0
23815	20	21	1	2	1
23816	20	21	1	2	2
23817	20	21	1	3	0
23818	20	21	1	3	1
23819	20	21	1	3	2
23820	20	21	2	0	0
23821	20	21	2	0	1
23822	20	21	2	0	2
23823	20	21	2	1	0
23824	20	21	2	1	1
23825	20	21	2	1	2
23826	20	21	2	2	0
23827	20	21	2	2	1
23828	20	21	2	2	2
23829	20	21	2	3	0
23830	20	21	2	3	1
23831	20	21	2	3	2
23832	20	22	0	0	0
23833	20	22	0	0	1
23834	20	22	0	0	2
23835	20	22	0	1	0
23836	20	22	0	1	1
23837	20	22	0	1	2
23838	20	22	0	2	0
23839	20	22	0	2	1
23840	20	22	0	2	2
23841	20	22	0	3	0
23842	20	22	0	3	1
23843	20	22	0	3	2
23844	20	22	1	0	0
23845	20	22	1	0	1
23846	20	22	1	0	2
23847	20	22	1	1	0
23848	20	22	1	1	1
23849	20	22	1	1	2
23850	20	22	1	2	0
23851	20	22	1	2	1
23852	20	22	1	2	2
23853	20	22	1	3	0
23854	20	22	1	3	1
23855	20	22	1	3	2
23856	20	22	2	0	0
23857	20	22	2	0	1
23858	20	22	2	0	2
23859	20	22	2	1	0
23860	20	22	2	1	1
23861	20	22	2	1	2
23862	20	22	2	2	0
23863	20	22	2	2	1
23864	20	22	2	2	2
23865	20	22	2	3	0
23866	20	22	2	3	1
23867	20	22	2	3	2
23868	20	23	0	0	0
23869	20	23	0	0	1
23870	20	23	0	0	2
23871	20	23	0	1	0
23872	20	23	0	1	1
23873	20	23	0	1	2
23874	20	23	0	2	0
23875	20	23	0	2	1
23876	20	23	0	2	2
23877	20	23	0	3	0
23878	20	23	0	3	1
23879	20	23	0	3	2
23880	20	23	1	0	0
23881	20	23	1	0	1
23882	20	23	1	0	2
23883	20	23	1	1	0
23884	20	23	1	1	1
23885	20	23	1	1	2
23886	20	23	1	2	0
23887	20	23	1	2	1
23888	20	23	1	2	2
23889	20	23	1	3	0
23890	20	23	1	3	1
23891	20	23	1	3	2
23892	20	23	2	0	0
23893	20	23	2	0	1
23894	20	23	2	0	2
23895	20	23	2	1	0
23896	20	23	2	1	1
23897	20	23	2	1	2
23898	20	23	2	2	0
23899	20	23	2	2	1
23900	20	23	2	2	2
23901	20	23	2	3	0
23902	20	23	2	3	1
23903	20	23	2	3	2
23904	20	24	0	0	0
23905	20	24	0	0	1
23906	20	24	0	0	2
23907	20	24	0	1	0
23908	20	24	0	1	1
23909	20	24	0	1	2
23910	20	24	0	2	0
23911	20	24	0	2	1
23912	20	24	0	2	2
23913	20	24	0	3	0
23914	20	24	0	3	1
23915	20	24	0	3	2
23916	20	24	1	0	0
23917	20	24	1	0	1
23918	20	24	1	0	2
23919	20	24	1	1	0
23920	20	24	1	1	1
23921	20	24	1	1	2
23922	20	24	1	2	0
23923	20	24	1	2	1
23924	20	24	1	2	2
23925	20	24	1	3	0
23926	20	24	1	3	1
23927	20	24	1	3	2
23928	20	24	2	0	0
23929	20	24	2	0	1
23930	20	24	2	0	2
23931	20	24	2	1	0
23932	20	24	2	1	1
23933	20	24	2	1	2
23934	20	24	2	2	0
23935	20	24	2	2	1
23936	20	24	2	2	2
23937	20	24	2	3	0
23938	20	24	2	3	1
23939	20	24	2	3	2
23940	20	25	0	0	0
23941	20	25	0	0	1
23942	20	25	0	0	2
23943	20	25	0	1	0
23944	20	25	0	1	1
23945	20	25	0	1	2
23946	20	25	0	2	0
23947	20	25	0	2	1
23948	20	25	0	2	2
23949	20	25	0	3	0
23950	20	25	0	3	1
23951	20	25	0	3	2
23952	20	25	1	0	0
23953	20	25	1	0	1
23954	20	25	1	0	2
23955	20	25	1	1	0
23956	20	25	1	1	1
23957	20	25	1	1	2
23958	20	25	1	2	0
23959	20	25	1	2	1
23960	20	25	1	2	2
23961	20	25	1	3	0
23962	20	25	1	3	1
23963	20	25	1	3	2
23964	20	25	2	0	0
23965	20	25	2	0	1
23966	20	25	2	0	2
23967	20	25	2	1	0
23968	20	25	2	1	1
23969	20	25	2	1	2
23970	20	25	2	2	0
23971	20	25	2	2	1
23972	20	25	2	2	2
23973	20	25	2	3	0
23974	20	25	2	3	1
23975	20	25	2	3	2
23976	20	26	0	0	0
23977	20	26	0	0	1
23978	20	26	0	0	2
23979	20	26	0	1	0
23980	20	26	0	1	1
23981	20	26	0	1	2
23982	20	26	0	2	0
23983	20	26	0	2	1
23984	20	26	0	2	2
23985	20	26	0	3	0
23986	20	26	0	3	1
23987	20	26	0	3	2
23988	20	26	1	0	0
23989	20	26	1	0	1
23990	20	26	1	0	2
23991	20	26	1	1	0
23992	20	26	1	1	1
23993	20	26	1	1	2
23994	20	26	1	2	0
23995	20	26	1	2	1
23996	20	26	1	2	2
23997	20	26	1	3	0
23998	20	26	1	3	1
23999	20	26	1	3	2
24000	20	26	2	0	0
24001	20	26	2	0	1
24002	20	26	2	0	2
24003	20	26	2	1	0
24004	20	26	2	1	1
24005	20	26	2	1	2
24006	20	26	2	2	0
24007	20	26	2	2	1
24008	20	26	2	2	2
24009	20	26	2	3	0
24010	20	26	2	3	1
24011	20	26	2	3	2
24012	20	27	0	0	0
24013	20	27	0	0	1
24014	20	27	0	0	2
24015	20	27	0	1	0
24016	20	27	0	1	1
24017	20	27	0	1	2
24018	20	27	0	2	0
24019	20	27	0	2	1
24020	20	27	0	2	2
24021	20	27	0	3	0
24022	20	27	0	3	1
24023	20	27	0	3	2
24024	20	27	1	0	0
24025	20	27	1	0	1
24026	20	27	1	0	2
24027	20	27	1	1	0
24028	20	27	1	1	1
24029	20	27	1	1	2
24030	20	27	1	2	0
24031	20	27	1	2	1
24032	20	27	1	2	2
24033	20	27	1	3	0
24034	20	27	1	3	1
24035	20	27	1	3	2
24036	20	27	2	0	0
24037	20	27	2	0	1
24038	20	27	2	0	2
24039	20	27	2	1	0
24040	20	27	2	1	1
24041	20	27	2	1	2
24042	20	27	2	2	0
24043	20	27	2	2	1
24044	20	27	2	2	2
24045	20	27	2	3	0
24046	20	27	2	3	1
24047	20	27	2	3	2
24048	20	28	0	0	0
24049	20	28	0	0	1
24050	20	28	0	0	2
24051	20	28	0	1	0
24052	20	28	0	1	1
24053	20	28	0	1	2
24054	20	28	0	2	0
24055	20	28	0	2	1
24056	20	28	0	2	2
24057	20	28	0	3	0
24058	20	28	0	3	1
24059	20	28	0	3	2
24060	20	28	1	0	0
24061	20	28	1	0	1
24062	20	28	1	0	2
24063	20	28	1	1	0
24064	20	28	1	1	1
24065	20	28	1	1	2
24066	20	28	1	2	0
24067	20	28	1	2	1
24068	20	28	1	2	2
24069	20	28	1	3	0
24070	20	28	1	3	1
24071	20	28	1	3	2
24072	20	28	2	0	0
24073	20	28	2	0	1
24074	20	28	2	0	2
24075	20	28	2	1	0
24076	20	28	2	1	1
24077	20	28	2	1	2
24078	20	28	2	2	0
24079	20	28	2	2	1
24080	20	28	2	2	2
24081	20	28	2	3	0
24082	20	28	2	3	1
24083	20	28	2	3	2
24084	20	29	0	0	0
24085	20	29	0	0	1
24086	20	29	0	0	2
24087	20	29	0	1	0
24088	20	29	0	1	1
24089	20	29	0	1	2
24090	20	29	0	2	0
24091	20	29	0	2	1
24092	20	29	0	2	2
24093	20	29	0	3	0
24094	20	29	0	3	1
24095	20	29	0	3	2
24096	20	29	1	0	0
24097	20	29	1	0	1
24098	20	29	1	0	2
24099	20	29	1	1	0
24100	20	29	1	1	1
24101	20	29	1	1	2
24102	20	29	1	2	0
24103	20	29	1	2	1
24104	20	29	1	2	2
24105	20	29	1	3	0
24106	20	29	1	3	1
24107	20	29	1	3	2
24108	20	29	2	0	0
24109	20	29	2	0	1
24110	20	29	2	0	2
24111	20	29	2	1	0
24112	20	29	2	1	1
24113	20	29	2	1	2
24114	20	29	2	2	0
24115	20	29	2	2	1
24116	20	29	2	2	2
24117	20	29	2	3	0
24118	20	29	2	3	1
24119	20	29	2	3	2
24120	20	30	0	0	0
24121	20	30	0	0	1
24122	20	30	0	0	2
24123	20	30	0	1	0
24124	20	30	0	1	1
24125	20	30	0	1	2
24126	20	30	0	2	0
24127	20	30	0	2	1
24128	20	30	0	2	2
24129	20	30	0	3	0
24130	20	30	0	3	1
24131	20	30	0	3	2
24132	20	30	1	0	0
24133	20	30	1	0	1
24134	20	30	1	0	2
24135	20	30	1	1	0
24136	20	30	1	1	1
24137	20	30	1	1	2
24138	20	30	1	2	0
24139	20	30	1	2	1
24140	20	30	1	2	2
24141	20	30	1	3	0
24142	20	30	1	3	1
24143	20	30	1	3	2
24144	20	30	2	0	0
24145	20	30	2	0	1
24146	20	30	2	0	2
24147	20	30	2	1	0
24148	20	30	2	1	1
24149	20	30	2	1	2
24150	20	30	2	2	0
24151	20	30	2	2	1
24152	20	30	2	2	2
24153	20	30	2	3	0
24154	20	30	2	3	1
24155	20	30	2	3	2
24156	20	31	0	0	0
24157	20	31	0	0	1
24158	20	31	0	0	2
24159	20	31	0	1	0
24160	20	31	0	1	1
24161	20	31	0	1	2
24162	20	31	0	2	0
24163	20	31	0	2	1
24164	20	31	0	2	2
24165	20	31	0	3	0
24166	20	31	0	3	1
24167	20	31	0	3	2
24168	20	31	1	0	0
24169	20	31	1	0	1
24170	20	31	1	0	2
24171	20	31	1	1	0
24172	20	31	1	1	1
24173	20	31	1	1	2
24174	20	31	1	2	0
24175	20	31	1	2	1
24176	20	31	1	2	2
24177	20	31	1	3	0
24178	20	31	1	3	1
24179	20	31	1	3	2
24180	20	31	2	0	0
24181	20	31	2	0	1
24182	20	31	2	0	2
24183	20	31	2	1	0
24184	20	31	2	1	1
24185	20	31	2	1	2
24186	20	31	2	2	0
24187	20	31	2	2	1
24188	20	31	2	2	2
24189	20	31	2	3	0
24190	20	31	2	3	1
24191	20	31	2	3	2
24192	21	0	0	0	0
24193	21	0	0	0	1
24194	21	0	0	0	2
24195	21	0	0	1	0
24196	21	0	0	1	1
24197	21	0	0	1	2
24198	21	0	0	2	0
24199	21	0	0	2	1
24200	21	0	0	2	2
24201	21	0	0	3	0
24202	21	0	0	3	1
24203	21	0	0	3	2
24204	21	0	1	0	0
24205	21	0	1	0	1
24206	21	0	1	0	2
24207	21	0	1	1	0
24208	21	0	1	1	1
24209	21	0	1	1	2
24210	21	0	1	2	0
24211	21	0	1	2	1
24212	21	0	1	2	2
24213	21	0	1	3	0
24214	21	0	1	3	1
24215	21	0	1	3	2
24216	21	0	2	0	0
24217	21	0	2	0	1
24218	21	0	2	0	2
24219	21	0	2	1	0
24220	21	0	2	1	1
24221	21	0	2	1	2
24222	21	0	2	2	0
24223	21	0	2	2	1
24224	21	0	2	2	2
24225	21	0	2	3	0
24226	21	0	2	3	1
24227	21	0	2	3	2
24228	21	1	0	0	0
24229	21	1	0	0	1
24230	21	1	0	0	2
24231	21	1	0	1	0
24232	21	1	0	1	1
24233	21	1	0	1	2
24234	21	1	0	2	0
24235	21	1	0	2	1
24236	21	1	0	2	2
24237	21	1	0	3	0
24238	21	1	0	3	1
24239	21	1	0	3	2
24240	21	1	1	0	0
24241	21	1	1	0	1
24242	21	1	1	0	2
24243	21	1	1	1	0
24244	21	1	1	1	1
24245	21	1	1	1	2
24246	21	1	1	2	0
24247	21	1	1	2	1
24248	21	1	1	2	2
24249	21	1	1	3	0
24250	21	1	1	3	1
24251	21	1	1	3	2
24252	21	1	2	0	0
24253	21	1	2	0	1
24254	21	1	2	0	2
24255	21	1	2	1	0
24256	21	1	2	1	1
24257	21	1	2	1	2
24258	21	1	2	2	0
24259	21	1	2	2	1
24260	21	1	2	2	2
24261	21	1	2	3	0
24262	21	1	2	3	1
24263	21	1	2	3	2
24264	21	2	0	0	0
24265	21	2	0	0	1
24266	21	2	0	0	2
24267	21	2	0	1	0
24268	21	2	0	1	1
24269	21	2	0	1	2
24270	21	2	0	2	0
24271	21	2	0	2	1
24272	21	2	0	2	2
24273	21	2	0	3	0
24274	21	2	0	3	1
24275	21	2	0	3	2
24276	21	2	1	0	0
24277	21	2	1	0	1
24278	21	2	1	0	2
24279	21	2	1	1	0
24280	21	2	1	1	1
24281	21	2	1	1	2
24282	21	2	1	2	0
24283	21	2	1	2	1
24284	21	2	1	2	2
24285	21	2	1	3	0
24286	21	2	1	3	1
24287	21	2	1	3	2
24288	21	2	2	0	0
24289	21	2	2	0	1
24290	21	2	2	0	2
24291	21	2	2	1	0
24292	21	2	2	1	1
24293	21	2	2	1	2
24294	21	2	2	2	0
24295	21	2	2	2	1
24296	21	2	2	2	2
24297	21	2	2	3	0
24298	21	2	2	3	1
24299	21	2	2	3	2
24300	21	3	0	0	0
24301	21	3	0	0	1
24302	21	3	0	0	2
24303	21	3	0	1	0
24304	21	3	0	1	1
24305	21	3	0	1	2
24306	21	3	0	2	0
24307	21	3	0	2	1
24308	21	3	0	2	2
24309	21	3	0	3	0
24310	21	3	0	3	1
24311	21	3	0	3	2
24312	21	3	1	0	0
24313	21	3	1	0	1
24314	21	3	1	0	2
24315	21	3	1	1	0
24316	21	3	1	1	1
24317	21	3	1	1	2
24318	21	3	1	2	0
24319	21	3	1	2	1
24320	21	3	1	2	2
24321	21	3	1	3	0
24322	21	3	1	3	1
24323	21	3	1	3	2
24324	21	3	2	0	0
24325	21	3	2	0	1
24326	21	3	2	0	2
24327	21	3	2	1	0
24328	21	3	2	1	1
24329	21	3	2	1	2
24330	21	3	2	2	0
24331	21	3	2	2	1
24332	21	3	2	2	2
24333	21	3	2	3	0
24334	21	3	2	3	1
24335	21	3	2	3	2
24336	21	4	0	0	0
24337	21	4	0	0	1
24338	21	4	0	0	2
24339	21	4	0	1	0
24340	21	4	0	1	1
24341	21	4	0	1	2
24342	21	4	0	2	0
24343	21	4	0	2	1
24344	21	4	0	2	2
24345	21	4	0	3	0
24346	21	4	0	3	1
24347	21	4	0	3	2
24348	21	4	1	0	0
24349	21	4	1	0	1
24350	21	4	1	0	2
24351	21	4	1	1	0
24352	21	4	1	1	1
24353	21	4	1	1	2
24354	21	4	1	2	0
24355	21	4	1	2	1
24356	21	4	1	2	2
24357	21	4	1	3	0
24358	21	4	1	3	1
24359	21	4	1	3	2
24360	21	4	2	0	0
24361	21	4	2	0	1
24362	21	4	2	0	2
24363	21	4	2	1	0
24364	21	4	2	1	1
24365	21	4	2	1	2
24366	21	4	2	2	0
24367	21	4	2	2	1
24368	21	4	2	2	2
24369	21	4	2	3	0
24370	21	4	2	3	1
24371	21	4	2	3	2
24372	21	5	0	0	0
24373	21	5	0	0	1
24374	21	5	0	0	2
24375	21	5	0	1	0
24376	21	5	0	1	1
24377	21	5	0	1	2
24378	21	5	0	2	0
24379	21	5	0	2	1
24380	21	5	0	2	2
24381	21	5	0	3	0
24382	21	5	0	3	1
24383	21	5	0	3	2
24384	21	5	1	0	0
24385	21	5	1	0	1
24386	21	5	1	0	2
24387	21	5	1	1	0
24388	21	5	1	1	1
24389	21	5	1	1	2
24390	21	5	1	2	0
24391	21	5	1	2	1
24392	21	5	1	2	2
24393	21	5	1	3	0
24394	21	5	1	3	1
24395	21	5	1	3	2
24396	21	5	2	0	0
24397	21	5	2	0	1
24398	21	5	2	0	2
24399	21	5	2	1	0
24400	21	5	2	1	1
24401	21	5	2	1	2
24402	21	5	2	2	0
24403	21	5	2	2	1
24404	21	5	2	2	2
24405	21	5	2	3	0
24406	21	5	2	3	1
24407	21	5	2	3	2
24408	21	6	0	0	0
24409	21	6	0	0	1
24410	21	6	0	0	2
24411	21	6	0	1	0
24412	21	6	0	1	1
24413	21	6	0	1	2
24414	21	6	0	2	0
24415	21	6	0	2	1
24416	21	6	0	2	2
24417	21	6	0	3	0
24418	21	6	0	3	1
24419	21	6	0	3	2
24420	21	6	1	0	0
24421	21	6	1	0	1
24422	21	6	1	0	2
24423	21	6	1	1	0
24424	21	6	1	1	1
24425	21	6	1	1	2
24426	21	6	1	2	0
24427	21	6	1	2	1
24428	21	6	1	2	2
24429	21	6	1	3	0
24430	21	6	1	3	1
24431	21	6	1	3	2
24432	21	6	2	0	0
24433	21	6	2	0	1
24434	21	6	2	0	2
24435	21	6	2	1	0
24436	21	6	2	1	1
24437	21	6	2	1	2
24438	21	6	2	2	0
24439	21	6	2	2	1
24440	21	6	2	2	2
24441	21	6	2	3	0
24442	21	6	2	3	1
24443	21	6	2	3	2
24444	21	7	0	0	0
24445	21	7	0	0	1
24446	21	7	0	0	2
24447	21	7	0	1	0
24448	21	7	0	1	1
24449	21	7	0	1	2
24450	21	7	0	2	0
24451	21	7	0	2	1
24452	21	7	0	2	2
24453	21	7	0	3	0
24454	21	7	0	3	1
24455	21	7	0	3	2
24456	21	7	1	0	0
24457	21	7	1	0	1
24458	21	7	1	0	2
24459	21	7	1	1	0
24460	21	7	1	1	1
24461	21	7	1	1	2
24462	21	7	1	2	0
24463	21	7	1	2	1
24464	21	7	1	2	2
24465	21	7	1	3	0
24466	21	7	1	3	1
24467	21	7	1	3	2
24468	21	7	2	0	0
24469	21	7	2	0	1
24470	21	7	2	0	2
24471	21	7	2	1	0
24472	21	7	2	1	1
24473	21	7	2	1	2
24474	21	7	2	2	0
24475	21	7	2	2	1
24476	21	7	2	2	2
24477	21	7	2	3	0
24478	21	7	2	3	1
24479	21	7	2	3	2
24480	21	8	0	0	0
24481	21	8	0	0	1
24482	21	8	0	0	2
24483	21	8	0	1	0
24484	21	8	0	1	1
24485	21	8	0	1	2
24486	21	8	0	2	0
24487	21	8	0	2	1
24488	21	8	0	2	2
24489	21	8	0	3	0
24490	21	8	0	3	1
24491	21	8	0	3	2
24492	21	8	1	0	0
24493	21	8	1	0	1
24494	21	8	1	0	2
24495	21	8	1	1	0
24496	21	8	1	1	1
24497	21	8	1	1	2
24498	21	8	1	2	0
24499	21	8	1	2	1
24500	21	8	1	2	2
24501	21	8	1	3	0
24502	21	8	1	3	1
24503	21	8	1	3	2
24504	21	8	2	0	0
24505	21	8	2	0	1
24506	21	8	2	0	2
24507	21	8	2	1	0
24508	21	8	2	1	1
24509	21	8	2	1	2
24510	21	8	2	2	0
24511	21	8	2	2	1
24512	21	8	2	2	2
24513	21	8	2	3	0
24514	21	8	2	3	1
24515	21	8	2	3	2
24516	21	9	0	0	0
24517	21	9	0	0	1
24518	21	9	0	0	2
24519	21	9	0	1	0
24520	21	9	0	1	1
24521	21	9	0	1	2
24522	21	9	0	2	0
24523	21	9	0	2	1
24524	21	9	0	2	2
24525	21	9	0	3	0
24526	21	9	0	3	1
24527	21	9	0	3	2
24528	21	9	1	0	0
24529	21	9	1	0	1
24530	21	9	1	0	2
24531	21	9	1	1	0
24532	21	9	1	1	1
24533	21	9	1	1	2
24534	21	9	1	2	0
24535	21	9	1	2	1
24536	21	9	1	2	2
24537	21	9	1	3	0
24538	21	9	1	3	1
24539	21	9	1	3	2
24540	21	9	2	0	0
24541	21	9	2	0	1
24542	21	9	2	0	2
24543	21	9	2	1	0
24544	21	9	2	1	1
24545	21	9	2	1	2
24546	21	9	2	2	0
24547	21	9	2	2	1
24548	21	9	2	2	2
24549	21	9	2	3	0
24550	21	9	2	3	1
24551	21	9	2	3	2
24552	21	10	0	0	0
24553	21	10	0	0	1
24554	21	10	0	0	2
24555	21	10	0	1	0
24556	21	10	0	1	1
24557	21	10	0	1	2
24558	21	10	0	2	0
24559	21	10	0	2	1
24560	21	10	0	2	2
24561	21	10	0	3	0
24562	21	10	0	3	1
24563	21	10	0	3	2
24564	21	10	1	0	0
24565	21	10	1	0	1
24566	21	10	1	0	2
24567	21	10	1	1	0
24568	21	10	1	1	1
24569	21	10	1	1	2
24570	21	10	1	2	0
24571	21	10	1	2	1
24572	21	10	1	2	2
24573	21	10	1	3	0
24574	21	10	1	3	1
24575	21	10	1	3	2
24576	21	10	2	0	0
24577	21	10	2	0	1
24578	21	10	2	0	2
24579	21	10	2	1	0
24580	21	10	2	1	1
24581	21	10	2	1	2
24582	21	10	2	2	0
24583	21	10	2	2	1
24584	21	10	2	2	2
24585	21	10	2	3	0
24586	21	10	2	3	1
24587	21	10	2	3	2
24588	21	11	0	0	0
24589	21	11	0	0	1
24590	21	11	0	0	2
24591	21	11	0	1	0
24592	21	11	0	1	1
24593	21	11	0	1	2
24594	21	11	0	2	0
24595	21	11	0	2	1
24596	21	11	0	2	2
24597	21	11	0	3	0
24598	21	11	0	3	1
24599	21	11	0	3	2
24600	21	11	1	0	0
24601	21	11	1	0	1
24602	21	11	1	0	2
24603	21	11	1	1	0
24604	21	11	1	1	1
24605	21	11	1	1	2
24606	21	11	1	2	0
24607	21	11	1	2	1
24608	21	11	1	2	2
24609	21	11	1	3	0
24610	21	11	1	3	1
24611	21	11	1	3	2
24612	21	11	2	0	0
24613	21	11	2	0	1
24614	21	11	2	0	2
24615	21	11	2	1	0
24616	21	11	2	1	1
24617	21	11	2	1	2
24618	21	11	2	2	0
24619	21	11	2	2	1
24620	21	11	2	2	2
24621	21	11	2	3	0
24622	21	11	2	3	1
24623	21	11	2	3	2
24624	21	12	0	0	0
24625	21	12	0	0	1
24626	21	12	0	0	2
24627	21	12	0	1	0
24628	21	12	0	1	1
24629	21	12	0	1	2
24630	21	12	0	2	0
24631	21	12	0	2	1
24632	21	12	0	2	2
24633	21	12	0	3	0
24634	21	12	0	3	1
24635	21	12	0	3	2
24636	21	12	1	0	0
24637	21	12	1	0	1
24638	21	12	1	0	2
24639	21	12	1	1	0
24640	21	12	1	1	1
24641	21	12	1	1	2
24642	21	12	1	2	0
24643	21	12	1	2	1
24644	21	12	1	2	2
24645	21	12	1	3	0
24646	21	12	1	3	1
24647	21	12	1	3	2
24648	21	12	2	0	0
24649	21	12	2	0	1
24650	21	12	2	0	2
24651	21	12	2	1	0
24652	21	12	2	1	1
24653	21	12	2	1	2
24654	21	12	2	2	0
24655	21	12	2	2	1
24656	21	12	2	2	2
24657	21	12	2	3	0
24658	21	12	2	3	1
24659	21	12	2	3	2
24660	21	13	0	0	0
24661	21	13	0	0	1
24662	21	13	0	0	2
24663	21	13	0	1	0
24664	21	13	0	1	1
24665	21	13	0	1	2
24666	21	13	0	2	0
24667	21	13	0	2	1
24668	21	13	0	2	2
24669	21	13	0	3	0
24670	21	13	0	3	1
24671	21	13	0	3	2
24672	21	13	1	0	0
24673	21	13	1	0	1
24674	21	13	1	0	2
24675	21	13	1	1	0
24676	21	13	1	1	1
24677	21	13	1	1	2
24678	21	13	1	2	0
24679	21	13	1	2	1
24680	21	13	1	2	2
24681	21	13	1	3	0
24682	21	13	1	3	1
24683	21	13	1	3	2
24684	21	13	2	0	0
24685	21	13	2	0	1
24686	21	13	2	0	2
24687	21	13	2	1	0
24688	21	13	2	1	1
24689	21	13	2	1	2
24690	21	13	2	2	0
24691	21	13	2	2	1
24692	21	13	2	2	2
24693	21	13	2	3	0
24694	21	13	2	3	1
24695	21	13	2	3	2
24696	21	14	0	0	0
24697	21	14	0	0	1
24698	21	14	0	0	2
24699	21	14	0	1	0
24700	21	14	0	1	1
24701	21	14	0	1	2
24702	21	14	0	2	0
24703	21	14	0	2	1
24704	21	14	0	2	2
24705	21	14	0	3	0
24706	21	14	0	3	1
24707	21	14	0	3	2
24708	21	14	1	0	0
24709	21	14	1	0	1
24710	21	14	1	0	2
24711	21	14	1	1	0
24712	21	14	1	1	1
24713	21	14	1	1	2
24714	21	14	1	2	0
24715	21	14	1	2	1
24716	21	14	1	2	2
24717	21	14	1	3	0
24718	21	14	1	3	1
24719	21	14	1	3	2
24720	21	14	2	0	0
24721	21	14	2	0	1
24722	21	14	2	0	2
24723	21	14	2	1	0
24724	21	14	2	1	1
24725	21	14	2	1	2
24726	21	14	2	2	0
24727	21	14	2	2	1
24728	21	14	2	2	2
24729	21	14	2	3	0
24730	21	14	2	3	1
24731	21	14	2	3	2
24732	21	15	0	0	0
24733	21	15	0	0	1
24734	21	15	0	0	2
24735	21	15	0	1	0
24736	21	15	0	1	1
24737	21	15	0	1	2
24738	21	15	0	2	0
24739	21	15	0	2	1
24740	21	15	0	2	2
24741	21	15	0	3	0
24742	21	15	0	3	1
24743	21	15	0	3	2
24744	21	15	1	0	0
24745	21	15	1	0	1
24746	21	15	1	0	2
24747	21	15	1	1	0
24748	21	15	1	1	1
24749	21	15	1	1	2
24750	21	15	1	2	0
24751	21	15	1	2	1
24752	21	15	1	2	2
24753	21	15	1	3	0
24754	21	15	1	3	1
24755	21	15	1	3	2
24756	21	15	2	0	0
24757	21	15	2	0	1
24758	21	15	2	0	2
24759	21	15	2	1	0
24760	21	15	2	1	1
24761	21	15	2	1	2
24762	21	15	2	2	0
24763	21	15	2	2	1
24764	21	15	2	2	2
24765	21	15	2	3	0
24766	21	15	2	3	1
24767	21	15	2	3	2
24768	21	16	0	0	0
24769	21	16	0	0	1
24770	21	16	0	0	2
24771	21	16	0	1	0
24772	21	16	0	1	1
24773	21	16	0	1	2
24774	21	16	0	2	0
24775	21	16	0	2	1
24776	21	16	0	2	2
24777	21	16	0	3	0
24778	21	16	0	3	1
24779	21	16	0	3	2
24780	21	16	1	0	0
24781	21	16	1	0	1
24782	21	16	1	0	2
24783	21	16	1	1	0
24784	21	16	1	1	1
24785	21	16	1	1	2
24786	21	16	1	2	0
24787	21	16	1	2	1
24788	21	16	1	2	2
24789	21	16	1	3	0
24790	21	16	1	3	1
24791	21	16	1	3	2
24792	21	16	2	0	0
24793	21	16	2	0	1
24794	21	16	2	0	2
24795	21	16	2	1	0
24796	21	16	2	1	1
24797	21	16	2	1	2
24798	21	16	2	2	0
24799	21	16	2	2	1
24800	21	16	2	2	2
24801	21	16	2	3	0
24802	21	16	2	3	1
24803	21	16	2	3	2
24804	21	17	0	0	0
24805	21	17	0	0	1
24806	21	17	0	0	2
24807	21	17	0	1	0
24808	21	17	0	1	1
24809	21	17	0	1	2
24810	21	17	0	2	0
24811	21	17	0	2	1
24812	21	17	0	2	2
24813	21	17	0	3	0
24814	21	17	0	3	1
24815	21	17	0	3	2
24816	21	17	1	0	0
24817	21	17	1	0	1
24818	21	17	1	0	2
24819	21	17	1	1	0
24820	21	17	1	1	1
24821	21	17	1	1	2
24822	21	17	1	2	0
24823	21	17	1	2	1
24824	21	17	1	2	2
24825	21	17	1	3	0
24826	21	17	1	3	1
24827	21	17	1	3	2
24828	21	17	2	0	0
24829	21	17	2	0	1
24830	21	17	2	0	2
24831	21	17	2	1	0
24832	21	17	2	1	1
24833	21	17	2	1	2
24834	21	17	2	2	0
24835	21	17	2	2	1
24836	21	17	2	2	2
24837	21	17	2	3	0
24838	21	17	2	3	1
24839	21	17	2	3	2
24840	21	18	0	0	0
24841	21	18	0	0	1
24842	21	18	0	0	2
24843	21	18	0	1	0
24844	21	18	0	1	1
24845	21	18	0	1	2
24846	21	18	0	2	0
24847	21	18	0	2	1
24848	21	18	0	2	2
24849	21	18	0	3	0
24850	21	18	0	3	1
24851	21	18	0	3	2
24852	21	18	1	0	0
24853	21	18	1	0	1
24854	21	18	1	0	2
24855	21	18	1	1	0
24856	21	18	1	1	1
24857	21	18	1	1	2
24858	21	18	1	2	0
24859	21	18	1	2	1
24860	21	18	1	2	2
24861	21	18	1	3	0
24862	21	18	1	3	1
24863	21	18	1	3	2
24864	21	18	2	0	0
24865	21	18	2	0	1
24866	21	18	2	0	2
24867	21	18	2	1	0
24868	21	18	2	1	1
24869	21	18	2	1	2
24870	21	18	2	2	0
24871	21	18	2	2	1
24872	21	18	2	2	2
24873	21	18	2	3	0
24874	21	18	2	3	1
24875	21	18	2	3	2
24876	21	19	0	0	0
24877	21	19	0	0	1
24878	21	19	0	0	2
24879	21	19	0	1	0
24880	21	19	0	1	1
24881	21	19	0	1	2
24882	21	19	0	2	0
24883	21	19	0	2	1
24884	21	19	0	2	2
24885	21	19	0	3	0
24886	21	19	0	3	1
24887	21	19	0	3	2
24888	21	19	1	0	0
24889	21	19	1	0	1
24890	21	19	1	0	2
24891	21	19	1	1	0
24892	21	19	1	1	1
24893	21	19	1	1	2
24894	21	19	1	2	0
24895	21	19	1	2	1
24896	21	19	1	2	2
24897	21	19	1	3	0
24898	21	19	1	3	1
24899	21	19	1	3	2
24900	21	19	2	0	0
24901	21	19	2	0	1
24902	21	19	2	0	2
24903	21	19	2	1	0
24904	21	19	2	1	1
24905	21	19	2	1	2
24906	21	19	2	2	0
24907	21	19	2	2	1
24908	21	19	2	2	2
24909	21	19	2	3	0
24910	21	19	2	3	1
24911	21	19	2	3	2
24912	21	20	0	0	0
24913	21	20	0	0	1
24914	21	20	0	0	2
24915	21	20	0	1	0
24916	21	20	0	1	1
24917	21	20	0	1	2
24918	21	20	0	2	0
24919	21	20	0	2	1
24920	21	20	0	2	2
24921	21	20	0	3	0
24922	21	20	0	3	1
24923	21	20	0	3	2
24924	21	20	1	0	0
24925	21	20	1	0	1
24926	21	20	1	0	2
24927	21	20	1	1	0
24928	21	20	1	1	1
24929	21	20	1	1	2
24930	21	20	1	2	0
24931	21	20	1	2	1
24932	21	20	1	2	2
24933	21	20	1	3	0
24934	21	20	1	3	1
24935	21	20	1	3	2
24936	21	20	2	0	0
24937	21	20	2	0	1
24938	21	20	2	0	2
24939	21	20	2	1	0
24940	21	20	2	1	1
24941	21	20	2	1	2
24942	21	20	2	2	0
24943	21	20	2	2	1
24944	21	20	2	2	2
24945	21	20	2	3	0
24946	21	20	2	3	1
24947	21	20	2	3	2
24948	21	21	0	0	0
24949	21	21	0	0	1
24950	21	21	0	0	2
24951	21	21	0	1	0
24952	21	21	0	1	1
24953	21	21	0	1	2
24954	21	21	0	2	0
24955	21	21	0	2	1
24956	21	21	0	2	2
24957	21	21	0	3	0
24958	21	21	0	3	1
24959	21	21	0	3	2
24960	21	21	1	0	0
24961	21	21	1	0	1
24962	21	21	1	0	2
24963	21	21	1	1	0
24964	21	21	1	1	1
24965	21	21	1	1	2
24966	21	21	1	2	0
24967	21	21	1	2	1
24968	21	21	1	2	2
24969	21	21	1	3	0
24970	21	21	1	3	1
24971	21	21	1	3	2
24972	21	21	2	0	0
24973	21	21	2	0	1
24974	21	21	2	0	2
24975	21	21	2	1	0
24976	21	21	2	1	1
24977	21	21	2	1	2
24978	21	21	2	2	0
24979	21	21	2	2	1
24980	21	21	2	2	2
24981	21	21	2	3	0
24982	21	21	2	3	1
24983	21	21	2	3	2
24984	21	22	0	0	0
24985	21	22	0	0	1
24986	21	22	0	0	2
24987	21	22	0	1	0
24988	21	22	0	1	1
24989	21	22	0	1	2
24990	21	22	0	2	0
24991	21	22	0	2	1
24992	21	22	0	2	2
24993	21	22	0	3	0
24994	21	22	0	3	1
24995	21	22	0	3	2
24996	21	22	1	0	0
24997	21	22	1	0	1
24998	21	22	1	0	2
24999	21	22	1	1	0
25000	21	22	1	1	1
25001	21	22	1	1	2
25002	21	22	1	2	0
25003	21	22	1	2	1
25004	21	22	1	2	2
25005	21	22	1	3	0
25006	21	22	1	3	1
25007	21	22	1	3	2
25008	21	22	2	0	0
25009	21	22	2	0	1
25010	21	22	2	0	2
25011	21	22	2	1	0
25012	21	22	2	1	1
25013	21	22	2	1	2
25014	21	22	2	2	0
25015	21	22	2	2	1
25016	21	22	2	2	2
25017	21	22	2	3	0
25018	21	22	2	3	1
25019	21	22	2	3	2
25020	21	23	0	0	0
25021	21	23	0	0	1
25022	21	23	0	0	2
25023	21	23	0	1	0
25024	21	23	0	1	1
25025	21	23	0	1	2
25026	21	23	0	2	0
25027	21	23	0	2	1
25028	21	23	0	2	2
25029	21	23	0	3	0
25030	21	23	0	3	1
25031	21	23	0	3	2
25032	21	23	1	0	0
25033	21	23	1	0	1
25034	21	23	1	0	2
25035	21	23	1	1	0
25036	21	23	1	1	1
25037	21	23	1	1	2
25038	21	23	1	2	0
25039	21	23	1	2	1
25040	21	23	1	2	2
25041	21	23	1	3	0
25042	21	23	1	3	1
25043	21	23	1	3	2
25044	21	23	2	0	0
25045	21	23	2	0	1
25046	21	23	2	0	2
25047	21	23	2	1	0
25048	21	23	2	1	1
25049	21	23	2	1	2
25050	21	23	2	2	0
25051	21	23	2	2	1
25052	21	23	2	2	2
25053	21	23	2	3	0
25054	21	23	2	3	1
25055	21	23	2	3	2
25056	21	24	0	0	0
25057	21	24	0	0	1
25058	21	24	0	0	2
25059	21	24	0	1	0
25060	21	24	0	1	1
25061	21	24	0	1	2
25062	21	24	0	2	0
25063	21	24	0	2	1
25064	21	24	0	2	2
25065	21	24	0	3	0
25066	21	24	0	3	1
25067	21	24	0	3	2
25068	21	24	1	0	0
25069	21	24	1	0	1
25070	21	24	1	0	2
25071	21	24	1	1	0
25072	21	24	1	1	1
25073	21	24	1	1	2
25074	21	24	1	2	0
25075	21	24	1	2	1
25076	21	24	1	2	2
25077	21	24	1	3	0
25078	21	24	1	3	1
25079	21	24	1	3	2
25080	21	24	2	0	0
25081	21	24	2	0	1
25082	21	24	2	0	2
25083	21	24	2	1	0
25084	21	24	2	1	1
25085	21	24	2	1	2
25086	21	24	2	2	0
25087	21	24	2	2	1
25088	21	24	2	2	2
25089	21	24	2	3	0
25090	21	24	2	3	1
25091	21	24	2	3	2
25092	21	25	0	0	0
25093	21	25	0	0	1
25094	21	25	0	0	2
25095	21	25	0	1	0
25096	21	25	0	1	1
25097	21	25	0	1	2
25098	21	25	0	2	0
25099	21	25	0	2	1
25100	21	25	0	2	2
25101	21	25	0	3	0
25102	21	25	0	3	1
25103	21	25	0	3	2
25104	21	25	1	0	0
25105	21	25	1	0	1
25106	21	25	1	0	2
25107	21	25	1	1	0
25108	21	25	1	1	1
25109	21	25	1	1	2
25110	21	25	1	2	0
25111	21	25	1	2	1
25112	21	25	1	2	2
25113	21	25	1	3	0
25114	21	25	1	3	1
25115	21	25	1	3	2
25116	21	25	2	0	0
25117	21	25	2	0	1
25118	21	25	2	0	2
25119	21	25	2	1	0
25120	21	25	2	1	1
25121	21	25	2	1	2
25122	21	25	2	2	0
25123	21	25	2	2	1
25124	21	25	2	2	2
25125	21	25	2	3	0
25126	21	25	2	3	1
25127	21	25	2	3	2
25128	21	26	0	0	0
25129	21	26	0	0	1
25130	21	26	0	0	2
25131	21	26	0	1	0
25132	21	26	0	1	1
25133	21	26	0	1	2
25134	21	26	0	2	0
25135	21	26	0	2	1
25136	21	26	0	2	2
25137	21	26	0	3	0
25138	21	26	0	3	1
25139	21	26	0	3	2
25140	21	26	1	0	0
25141	21	26	1	0	1
25142	21	26	1	0	2
25143	21	26	1	1	0
25144	21	26	1	1	1
25145	21	26	1	1	2
25146	21	26	1	2	0
25147	21	26	1	2	1
25148	21	26	1	2	2
25149	21	26	1	3	0
25150	21	26	1	3	1
25151	21	26	1	3	2
25152	21	26	2	0	0
25153	21	26	2	0	1
25154	21	26	2	0	2
25155	21	26	2	1	0
25156	21	26	2	1	1
25157	21	26	2	1	2
25158	21	26	2	2	0
25159	21	26	2	2	1
25160	21	26	2	2	2
25161	21	26	2	3	0
25162	21	26	2	3	1
25163	21	26	2	3	2
25164	21	27	0	0	0
25165	21	27	0	0	1
25166	21	27	0	0	2
25167	21	27	0	1	0
25168	21	27	0	1	1
25169	21	27	0	1	2
25170	21	27	0	2	0
25171	21	27	0	2	1
25172	21	27	0	2	2
25173	21	27	0	3	0
25174	21	27	0	3	1
25175	21	27	0	3	2
25176	21	27	1	0	0
25177	21	27	1	0	1
25178	21	27	1	0	2
25179	21	27	1	1	0
25180	21	27	1	1	1
25181	21	27	1	1	2
25182	21	27	1	2	0
25183	21	27	1	2	1
25184	21	27	1	2	2
25185	21	27	1	3	0
25186	21	27	1	3	1
25187	21	27	1	3	2
25188	21	27	2	0	0
25189	21	27	2	0	1
25190	21	27	2	0	2
25191	21	27	2	1	0
25192	21	27	2	1	1
25193	21	27	2	1	2
25194	21	27	2	2	0
25195	21	27	2	2	1
25196	21	27	2	2	2
25197	21	27	2	3	0
25198	21	27	2	3	1
25199	21	27	2	3	2
25200	21	28	0	0	0
25201	21	28	0	0	1
25202	21	28	0	0	2
25203	21	28	0	1	0
25204	21	28	0	1	1
25205	21	28	0	1	2
25206	21	28	0	2	0
25207	21	28	0	2	1
25208	21	28	0	2	2
25209	21	28	0	3	0
25210	21	28	0	3	1
25211	21	28	0	3	2
25212	21	28	1	0	0
25213	21	28	1	0	1
25214	21	28	1	0	2
25215	21	28	1	1	0
25216	21	28	1	1	1
25217	21	28	1	1	2
25218	21	28	1	2	0
25219	21	28	1	2	1
25220	21	28	1	2	2
25221	21	28	1	3	0
25222	21	28	1	3	1
25223	21	28	1	3	2
25224	21	28	2	0	0
25225	21	28	2	0	1
25226	21	28	2	0	2
25227	21	28	2	1	0
25228	21	28	2	1	1
25229	21	28	2	1	2
25230	21	28	2	2	0
25231	21	28	2	2	1
25232	21	28	2	2	2
25233	21	28	2	3	0
25234	21	28	2	3	1
25235	21	28	2	3	2
25236	21	29	0	0	0
25237	21	29	0	0	1
25238	21	29	0	0	2
25239	21	29	0	1	0
25240	21	29	0	1	1
25241	21	29	0	1	2
25242	21	29	0	2	0
25243	21	29	0	2	1
25244	21	29	0	2	2
25245	21	29	0	3	0
25246	21	29	0	3	1
25247	21	29	0	3	2
25248	21	29	1	0	0
25249	21	29	1	0	1
25250	21	29	1	0	2
25251	21	29	1	1	0
25252	21	29	1	1	1
25253	21	29	1	1	2
25254	21	29	1	2	0
25255	21	29	1	2	1
25256	21	29	1	2	2
25257	21	29	1	3	0
25258	21	29	1	3	1
25259	21	29	1	3	2
25260	21	29	2	0	0
25261	21	29	2	0	1
25262	21	29	2	0	2
25263	21	29	2	1	0
25264	21	29	2	1	1
25265	21	29	2	1	2
25266	21	29	2	2	0
25267	21	29	2	2	1
25268	21	29	2	2	2
25269	21	29	2	3	0
25270	21	29	2	3	1
25271	21	29	2	3	2
25272	21	30	0	0	0
25273	21	30	0	0	1
25274	21	30	0	0	2
25275	21	30	0	1	0
25276	21	30	0	1	1
25277	21	30	0	1	2
25278	21	30	0	2	0
25279	21	30	0	2	1
25280	21	30	0	2	2
25281	21	30	0	3	0
25282	21	30	0	3	1
25283	21	30	0	3	2
25284	21	30	1	0	0
25285	21	30	1	0	1
25286	21	30	1	0	2
25287	21	30	1	1	0
25288	21	30	1	1	1
25289	21	30	1	1	2
25290	21	30	1	2	0
25291	21	30	1	2	1
25292	21	30	1	2	2
25293	21	30	1	3	0
25294	21	30	1	3	1
25295	21	30	1	3	2
25296	21	30	2	0	0
25297	21	30	2	0	1
25298	21	30	2	0	2
25299	21	30	2	1	0
25300	21	30	2	1	1
25301	21	30	2	1	2
25302	21	30	2	2	0
25303	21	30	2	2	1
25304	21	30	2	2	2
25305	21	30	2	3	0
25306	21	30	2	3	1
25307	21	30	2	3	2
25308	21	31	0	0	0
25309	21	31	0	0	1
25310	21	31	0	0	2
25311	21	31	0	1	0
25312	21	31	0	1	1
25313	21	31	0	1	2
25314	21	31	0	2	0
25315	21	31	0	2	1
25316	21	31	0	2	2
25317	21	31	0	3	0
25318	21	31	0	3	1
25319	21	31	0	3	2
25320	21	31	1	0	0
25321	21	31	1	0	1
25322	21	31	1	0	2
25323	21	31	1	1	0
25324	21	31	1	1	1
25325	21	31	1	1	2
25326	21	31	1	2	0
25327	21	31	1	2	1
25328	21	31	1	2	2
25329	21	31	1	3	0
25330	21	31	1	3	1
25331	21	31	1	3	2
25332	21	31	2	0	0
25333	21	31	2	0	1
25334	21	31	2	0	2
25335	21	31	2	1	0
25336	21	31	2	1	1
25337	21	31	2	1	2
25338	21	31	2	2	0
25339	21	31	2	2	1
25340	21	31	2	2	2
25341	21	31	2	3	0
25342	21	31	2	3	1
25343	21	31	2	3	2
25344	22	0	0	0	0
25345	22	0	0	0	1
25346	22	0	0	0	2
25347	22	0	0	1	0
25348	22	0	0	1	1
25349	22	0	0	1	2
25350	22	0	0	2	0
25351	22	0	0	2	1
25352	22	0	0	2	2
25353	22	0	0	3	0
25354	22	0	0	3	1
25355	22	0	0	3	2
25356	22	0	1	0	0
25357	22	0	1	0	1
25358	22	0	1	0	2
25359	22	0	1	1	0
25360	22	0	1	1	1
25361	22	0	1	1	2
25362	22	0	1	2	0
25363	22	0	1	2	1
25364	22	0	1	2	2
25365	22	0	1	3	0
25366	22	0	1	3	1
25367	22	0	1	3	2
25368	22	0	2	0	0
25369	22	0	2	0	1
25370	22	0	2	0	2
25371	22	0	2	1	0
25372	22	0	2	1	1
25373	22	0	2	1	2
25374	22	0	2	2	0
25375	22	0	2	2	1
25376	22	0	2	2	2
25377	22	0	2	3	0
25378	22	0	2	3	1
25379	22	0	2	3	2
25380	22	1	0	0	0
25381	22	1	0	0	1
25382	22	1	0	0	2
25383	22	1	0	1	0
25384	22	1	0	1	1
25385	22	1	0	1	2
25386	22	1	0	2	0
25387	22	1	0	2	1
25388	22	1	0	2	2
25389	22	1	0	3	0
25390	22	1	0	3	1
25391	22	1	0	3	2
25392	22	1	1	0	0
25393	22	1	1	0	1
25394	22	1	1	0	2
25395	22	1	1	1	0
25396	22	1	1	1	1
25397	22	1	1	1	2
25398	22	1	1	2	0
25399	22	1	1	2	1
25400	22	1	1	2	2
25401	22	1	1	3	0
25402	22	1	1	3	1
25403	22	1	1	3	2
25404	22	1	2	0	0
25405	22	1	2	0	1
25406	22	1	2	0	2
25407	22	1	2	1	0
25408	22	1	2	1	1
25409	22	1	2	1	2
25410	22	1	2	2	0
25411	22	1	2	2	1
25412	22	1	2	2	2
25413	22	1	2	3	0
25414	22	1	2	3	1
25415	22	1	2	3	2
25416	22	2	0	0	0
25417	22	2	0	0	1
25418	22	2	0	0	2
25419	22	2	0	1	0
25420	22	2	0	1	1
25421	22	2	0	1	2
25422	22	2	0	2	0
25423	22	2	0	2	1
25424	22	2	0	2	2
25425	22	2	0	3	0
25426	22	2	0	3	1
25427	22	2	0	3	2
25428	22	2	1	0	0
25429	22	2	1	0	1
25430	22	2	1	0	2
25431	22	2	1	1	0
25432	22	2	1	1	1
25433	22	2	1	1	2
25434	22	2	1	2	0
25435	22	2	1	2	1
25436	22	2	1	2	2
25437	22	2	1	3	0
25438	22	2	1	3	1
25439	22	2	1	3	2
25440	22	2	2	0	0
25441	22	2	2	0	1
25442	22	2	2	0	2
25443	22	2	2	1	0
25444	22	2	2	1	1
25445	22	2	2	1	2
25446	22	2	2	2	0
25447	22	2	2	2	1
25448	22	2	2	2	2
25449	22	2	2	3	0
25450	22	2	2	3	1
25451	22	2	2	3	2
25452	22	3	0	0	0
25453	22	3	0	0	1
25454	22	3	0	0	2
25455	22	3	0	1	0
25456	22	3	0	1	1
25457	22	3	0	1	2
25458	22	3	0	2	0
25459	22	3	0	2	1
25460	22	3	0	2	2
25461	22	3	0	3	0
25462	22	3	0	3	1
25463	22	3	0	3	2
25464	22	3	1	0	0
25465	22	3	1	0	1
25466	22	3	1	0	2
25467	22	3	1	1	0
25468	22	3	1	1	1
25469	22	3	1	1	2
25470	22	3	1	2	0
25471	22	3	1	2	1
25472	22	3	1	2	2
25473	22	3	1	3	0
25474	22	3	1	3	1
25475	22	3	1	3	2
25476	22	3	2	0	0
25477	22	3	2	0	1
25478	22	3	2	0	2
25479	22	3	2	1	0
25480	22	3	2	1	1
25481	22	3	2	1	2
25482	22	3	2	2	0
25483	22	3	2	2	1
25484	22	3	2	2	2
25485	22	3	2	3	0
25486	22	3	2	3	1
25487	22	3	2	3	2
25488	22	4	0	0	0
25489	22	4	0	0	1
25490	22	4	0	0	2
25491	22	4	0	1	0
25492	22	4	0	1	1
25493	22	4	0	1	2
25494	22	4	0	2	0
25495	22	4	0	2	1
25496	22	4	0	2	2
25497	22	4	0	3	0
25498	22	4	0	3	1
25499	22	4	0	3	2
25500	22	4	1	0	0
25501	22	4	1	0	1
25502	22	4	1	0	2
25503	22	4	1	1	0
25504	22	4	1	1	1
25505	22	4	1	1	2
25506	22	4	1	2	0
25507	22	4	1	2	1
25508	22	4	1	2	2
25509	22	4	1	3	0
25510	22	4	1	3	1
25511	22	4	1	3	2
25512	22	4	2	0	0
25513	22	4	2	0	1
25514	22	4	2	0	2
25515	22	4	2	1	0
25516	22	4	2	1	1
25517	22	4	2	1	2
25518	22	4	2	2	0
25519	22	4	2	2	1
25520	22	4	2	2	2
25521	22	4	2	3	0
25522	22	4	2	3	1
25523	22	4	2	3	2
25524	22	5	0	0	0
25525	22	5	0	0	1
25526	22	5	0	0	2
25527	22	5	0	1	0
25528	22	5	0	1	1
25529	22	5	0	1	2
25530	22	5	0	2	0
25531	22	5	0	2	1
25532	22	5	0	2	2
25533	22	5	0	3	0
25534	22	5	0	3	1
25535	22	5	0	3	2
25536	22	5	1	0	0
25537	22	5	1	0	1
25538	22	5	1	0	2
25539	22	5	1	1	0
25540	22	5	1	1	1
25541	22	5	1	1	2
25542	22	5	1	2	0
25543	22	5	1	2	1
25544	22	5	1	2	2
25545	22	5	1	3	0
25546	22	5	1	3	1
25547	22	5	1	3	2
25548	22	5	2	0	0
25549	22	5	2	0	1
25550	22	5	2	0	2
25551	22	5	2	1	0
25552	22	5	2	1	1
25553	22	5	2	1	2
25554	22	5	2	2	0
25555	22	5	2	2	1
25556	22	5	2	2	2
25557	22	5	2	3	0
25558	22	5	2	3	1
25559	22	5	2	3	2
25560	22	6	0	0	0
25561	22	6	0	0	1
25562	22	6	0	0	2
25563	22	6	0	1	0
25564	22	6	0	1	1
25565	22	6	0	1	2
25566	22	6	0	2	0
25567	22	6	0	2	1
25568	22	6	0	2	2
25569	22	6	0	3	0
25570	22	6	0	3	1
25571	22	6	0	3	2
25572	22	6	1	0	0
25573	22	6	1	0	1
25574	22	6	1	0	2
25575	22	6	1	1	0
25576	22	6	1	1	1
25577	22	6	1	1	2
25578	22	6	1	2	0
25579	22	6	1	2	1
25580	22	6	1	2	2
25581	22	6	1	3	0
25582	22	6	1	3	1
25583	22	6	1	3	2
25584	22	6	2	0	0
25585	22	6	2	0	1
25586	22	6	2	0	2
25587	22	6	2	1	0
25588	22	6	2	1	1
25589	22	6	2	1	2
25590	22	6	2	2	0
25591	22	6	2	2	1
25592	22	6	2	2	2
25593	22	6	2	3	0
25594	22	6	2	3	1
25595	22	6	2	3	2
25596	22	7	0	0	0
25597	22	7	0	0	1
25598	22	7	0	0	2
25599	22	7	0	1	0
25600	22	7	0	1	1
25601	22	7	0	1	2
25602	22	7	0	2	0
25603	22	7	0	2	1
25604	22	7	0	2	2
25605	22	7	0	3	0
25606	22	7	0	3	1
25607	22	7	0	3	2
25608	22	7	1	0	0
25609	22	7	1	0	1
25610	22	7	1	0	2
25611	22	7	1	1	0
25612	22	7	1	1	1
25613	22	7	1	1	2
25614	22	7	1	2	0
25615	22	7	1	2	1
25616	22	7	1	2	2
25617	22	7	1	3	0
25618	22	7	1	3	1
25619	22	7	1	3	2
25620	22	7	2	0	0
25621	22	7	2	0	1
25622	22	7	2	0	2
25623	22	7	2	1	0
25624	22	7	2	1	1
25625	22	7	2	1	2
25626	22	7	2	2	0
25627	22	7	2	2	1
25628	22	7	2	2	2
25629	22	7	2	3	0
25630	22	7	2	3	1
25631	22	7	2	3	2
25632	22	8	0	0	0
25633	22	8	0	0	1
25634	22	8	0	0	2
25635	22	8	0	1	0
25636	22	8	0	1	1
25637	22	8	0	1	2
25638	22	8	0	2	0
25639	22	8	0	2	1
25640	22	8	0	2	2
25641	22	8	0	3	0
25642	22	8	0	3	1
25643	22	8	0	3	2
25644	22	8	1	0	0
25645	22	8	1	0	1
25646	22	8	1	0	2
25647	22	8	1	1	0
25648	22	8	1	1	1
25649	22	8	1	1	2
25650	22	8	1	2	0
25651	22	8	1	2	1
25652	22	8	1	2	2
25653	22	8	1	3	0
25654	22	8	1	3	1
25655	22	8	1	3	2
25656	22	8	2	0	0
25657	22	8	2	0	1
25658	22	8	2	0	2
25659	22	8	2	1	0
25660	22	8	2	1	1
25661	22	8	2	1	2
25662	22	8	2	2	0
25663	22	8	2	2	1
25664	22	8	2	2	2
25665	22	8	2	3	0
25666	22	8	2	3	1
25667	22	8	2	3	2
25668	22	9	0	0	0
25669	22	9	0	0	1
25670	22	9	0	0	2
25671	22	9	0	1	0
25672	22	9	0	1	1
25673	22	9	0	1	2
25674	22	9	0	2	0
25675	22	9	0	2	1
25676	22	9	0	2	2
25677	22	9	0	3	0
25678	22	9	0	3	1
25679	22	9	0	3	2
25680	22	9	1	0	0
25681	22	9	1	0	1
25682	22	9	1	0	2
25683	22	9	1	1	0
25684	22	9	1	1	1
25685	22	9	1	1	2
25686	22	9	1	2	0
25687	22	9	1	2	1
25688	22	9	1	2	2
25689	22	9	1	3	0
25690	22	9	1	3	1
25691	22	9	1	3	2
25692	22	9	2	0	0
25693	22	9	2	0	1
25694	22	9	2	0	2
25695	22	9	2	1	0
25696	22	9	2	1	1
25697	22	9	2	1	2
25698	22	9	2	2	0
25699	22	9	2	2	1
25700	22	9	2	2	2
25701	22	9	2	3	0
25702	22	9	2	3	1
25703	22	9	2	3	2
25704	22	10	0	0	0
25705	22	10	0	0	1
25706	22	10	0	0	2
25707	22	10	0	1	0
25708	22	10	0	1	1
25709	22	10	0	1	2
25710	22	10	0	2	0
25711	22	10	0	2	1
25712	22	10	0	2	2
25713	22	10	0	3	0
25714	22	10	0	3	1
25715	22	10	0	3	2
25716	22	10	1	0	0
25717	22	10	1	0	1
25718	22	10	1	0	2
25719	22	10	1	1	0
25720	22	10	1	1	1
25721	22	10	1	1	2
25722	22	10	1	2	0
25723	22	10	1	2	1
25724	22	10	1	2	2
25725	22	10	1	3	0
25726	22	10	1	3	1
25727	22	10	1	3	2
25728	22	10	2	0	0
25729	22	10	2	0	1
25730	22	10	2	0	2
25731	22	10	2	1	0
25732	22	10	2	1	1
25733	22	10	2	1	2
25734	22	10	2	2	0
25735	22	10	2	2	1
25736	22	10	2	2	2
25737	22	10	2	3	0
25738	22	10	2	3	1
25739	22	10	2	3	2
25740	22	11	0	0	0
25741	22	11	0	0	1
25742	22	11	0	0	2
25743	22	11	0	1	0
25744	22	11	0	1	1
25745	22	11	0	1	2
25746	22	11	0	2	0
25747	22	11	0	2	1
25748	22	11	0	2	2
25749	22	11	0	3	0
25750	22	11	0	3	1
25751	22	11	0	3	2
25752	22	11	1	0	0
25753	22	11	1	0	1
25754	22	11	1	0	2
25755	22	11	1	1	0
25756	22	11	1	1	1
25757	22	11	1	1	2
25758	22	11	1	2	0
25759	22	11	1	2	1
25760	22	11	1	2	2
25761	22	11	1	3	0
25762	22	11	1	3	1
25763	22	11	1	3	2
25764	22	11	2	0	0
25765	22	11	2	0	1
25766	22	11	2	0	2
25767	22	11	2	1	0
25768	22	11	2	1	1
25769	22	11	2	1	2
25770	22	11	2	2	0
25771	22	11	2	2	1
25772	22	11	2	2	2
25773	22	11	2	3	0
25774	22	11	2	3	1
25775	22	11	2	3	2
25776	22	12	0	0	0
25777	22	12	0	0	1
25778	22	12	0	0	2
25779	22	12	0	1	0
25780	22	12	0	1	1
25781	22	12	0	1	2
25782	22	12	0	2	0
25783	22	12	0	2	1
25784	22	12	0	2	2
25785	22	12	0	3	0
25786	22	12	0	3	1
25787	22	12	0	3	2
25788	22	12	1	0	0
25789	22	12	1	0	1
25790	22	12	1	0	2
25791	22	12	1	1	0
25792	22	12	1	1	1
25793	22	12	1	1	2
25794	22	12	1	2	0
25795	22	12	1	2	1
25796	22	12	1	2	2
25797	22	12	1	3	0
25798	22	12	1	3	1
25799	22	12	1	3	2
25800	22	12	2	0	0
25801	22	12	2	0	1
25802	22	12	2	0	2
25803	22	12	2	1	0
25804	22	12	2	1	1
25805	22	12	2	1	2
25806	22	12	2	2	0
25807	22	12	2	2	1
25808	22	12	2	2	2
25809	22	12	2	3	0
25810	22	12	2	3	1
25811	22	12	2	3	2
25812	22	13	0	0	0
25813	22	13	0	0	1
25814	22	13	0	0	2
25815	22	13	0	1	0
25816	22	13	0	1	1
25817	22	13	0	1	2
25818	22	13	0	2	0
25819	22	13	0	2	1
25820	22	13	0	2	2
25821	22	13	0	3	0
25822	22	13	0	3	1
25823	22	13	0	3	2
25824	22	13	1	0	0
25825	22	13	1	0	1
25826	22	13	1	0	2
25827	22	13	1	1	0
25828	22	13	1	1	1
25829	22	13	1	1	2
25830	22	13	1	2	0
25831	22	13	1	2	1
25832	22	13	1	2	2
25833	22	13	1	3	0
25834	22	13	1	3	1
25835	22	13	1	3	2
25836	22	13	2	0	0
25837	22	13	2	0	1
25838	22	13	2	0	2
25839	22	13	2	1	0
25840	22	13	2	1	1
25841	22	13	2	1	2
25842	22	13	2	2	0
25843	22	13	2	2	1
25844	22	13	2	2	2
25845	22	13	2	3	0
25846	22	13	2	3	1
25847	22	13	2	3	2
25848	22	14	0	0	0
25849	22	14	0	0	1
25850	22	14	0	0	2
25851	22	14	0	1	0
25852	22	14	0	1	1
25853	22	14	0	1	2
25854	22	14	0	2	0
25855	22	14	0	2	1
25856	22	14	0	2	2
25857	22	14	0	3	0
25858	22	14	0	3	1
25859	22	14	0	3	2
25860	22	14	1	0	0
25861	22	14	1	0	1
25862	22	14	1	0	2
25863	22	14	1	1	0
25864	22	14	1	1	1
25865	22	14	1	1	2
25866	22	14	1	2	0
25867	22	14	1	2	1
25868	22	14	1	2	2
25869	22	14	1	3	0
25870	22	14	1	3	1
25871	22	14	1	3	2
25872	22	14	2	0	0
25873	22	14	2	0	1
25874	22	14	2	0	2
25875	22	14	2	1	0
25876	22	14	2	1	1
25877	22	14	2	1	2
25878	22	14	2	2	0
25879	22	14	2	2	1
25880	22	14	2	2	2
25881	22	14	2	3	0
25882	22	14	2	3	1
25883	22	14	2	3	2
25884	22	15	0	0	0
25885	22	15	0	0	1
25886	22	15	0	0	2
25887	22	15	0	1	0
25888	22	15	0	1	1
25889	22	15	0	1	2
25890	22	15	0	2	0
25891	22	15	0	2	1
25892	22	15	0	2	2
25893	22	15	0	3	0
25894	22	15	0	3	1
25895	22	15	0	3	2
25896	22	15	1	0	0
25897	22	15	1	0	1
25898	22	15	1	0	2
25899	22	15	1	1	0
25900	22	15	1	1	1
25901	22	15	1	1	2
25902	22	15	1	2	0
25903	22	15	1	2	1
25904	22	15	1	2	2
25905	22	15	1	3	0
25906	22	15	1	3	1
25907	22	15	1	3	2
25908	22	15	2	0	0
25909	22	15	2	0	1
25910	22	15	2	0	2
25911	22	15	2	1	0
25912	22	15	2	1	1
25913	22	15	2	1	2
25914	22	15	2	2	0
25915	22	15	2	2	1
25916	22	15	2	2	2
25917	22	15	2	3	0
25918	22	15	2	3	1
25919	22	15	2	3	2
25920	22	16	0	0	0
25921	22	16	0	0	1
25922	22	16	0	0	2
25923	22	16	0	1	0
25924	22	16	0	1	1
25925	22	16	0	1	2
25926	22	16	0	2	0
25927	22	16	0	2	1
25928	22	16	0	2	2
25929	22	16	0	3	0
25930	22	16	0	3	1
25931	22	16	0	3	2
25932	22	16	1	0	0
25933	22	16	1	0	1
25934	22	16	1	0	2
25935	22	16	1	1	0
25936	22	16	1	1	1
25937	22	16	1	1	2
25938	22	16	1	2	0
25939	22	16	1	2	1
25940	22	16	1	2	2
25941	22	16	1	3	0
25942	22	16	1	3	1
25943	22	16	1	3	2
25944	22	16	2	0	0
25945	22	16	2	0	1
25946	22	16	2	0	2
25947	22	16	2	1	0
25948	22	16	2	1	1
25949	22	16	2	1	2
25950	22	16	2	2	0
25951	22	16	2	2	1
25952	22	16	2	2	2
25953	22	16	2	3	0
25954	22	16	2	3	1
25955	22	16	2	3	2
25956	22	17	0	0	0
25957	22	17	0	0	1
25958	22	17	0	0	2
25959	22	17	0	1	0
25960	22	17	0	1	1
25961	22	17	0	1	2
25962	22	17	0	2	0
25963	22	17	0	2	1
25964	22	17	0	2	2
25965	22	17	0	3	0
25966	22	17	0	3	1
25967	22	17	0	3	2
25968	22	17	1	0	0
25969	22	17	1	0	1
25970	22	17	1	0	2
25971	22	17	1	1	0
25972	22	17	1	1	1
25973	22	17	1	1	2
25974	22	17	1	2	0
25975	22	17	1	2	1
25976	22	17	1	2	2
25977	22	17	1	3	0
25978	22	17	1	3	1
25979	22	17	1	3	2
25980	22	17	2	0	0
25981	22	17	2	0	1
25982	22	17	2	0	2
25983	22	17	2	1	0
25984	22	17	2	1	1
25985	22	17	2	1	2
25986	22	17	2	2	0
25987	22	17	2	2	1
25988	22	17	2	2	2
25989	22	17	2	3	0
25990	22	17	2	3	1
25991	22	17	2	3	2
25992	22	18	0	0	0
25993	22	18	0	0	1
25994	22	18	0	0	2
25995	22	18	0	1	0
25996	22	18	0	1	1
25997	22	18	0	1	2
25998	22	18	0	2	0
25999	22	18	0	2	1
26000	22	18	0	2	2
26001	22	18	0	3	0
26002	22	18	0	3	1
26003	22	18	0	3	2
26004	22	18	1	0	0
26005	22	18	1	0	1
26006	22	18	1	0	2
26007	22	18	1	1	0
26008	22	18	1	1	1
26009	22	18	1	1	2
26010	22	18	1	2	0
26011	22	18	1	2	1
26012	22	18	1	2	2
26013	22	18	1	3	0
26014	22	18	1	3	1
26015	22	18	1	3	2
26016	22	18	2	0	0
26017	22	18	2	0	1
26018	22	18	2	0	2
26019	22	18	2	1	0
26020	22	18	2	1	1
26021	22	18	2	1	2
26022	22	18	2	2	0
26023	22	18	2	2	1
26024	22	18	2	2	2
26025	22	18	2	3	0
26026	22	18	2	3	1
26027	22	18	2	3	2
26028	22	19	0	0	0
26029	22	19	0	0	1
26030	22	19	0	0	2
26031	22	19	0	1	0
26032	22	19	0	1	1
26033	22	19	0	1	2
26034	22	19	0	2	0
26035	22	19	0	2	1
26036	22	19	0	2	2
26037	22	19	0	3	0
26038	22	19	0	3	1
26039	22	19	0	3	2
26040	22	19	1	0	0
26041	22	19	1	0	1
26042	22	19	1	0	2
26043	22	19	1	1	0
26044	22	19	1	1	1
26045	22	19	1	1	2
26046	22	19	1	2	0
26047	22	19	1	2	1
26048	22	19	1	2	2
26049	22	19	1	3	0
26050	22	19	1	3	1
26051	22	19	1	3	2
26052	22	19	2	0	0
26053	22	19	2	0	1
26054	22	19	2	0	2
26055	22	19	2	1	0
26056	22	19	2	1	1
26057	22	19	2	1	2
26058	22	19	2	2	0
26059	22	19	2	2	1
26060	22	19	2	2	2
26061	22	19	2	3	0
26062	22	19	2	3	1
26063	22	19	2	3	2
26064	22	20	0	0	0
26065	22	20	0	0	1
26066	22	20	0	0	2
26067	22	20	0	1	0
26068	22	20	0	1	1
26069	22	20	0	1	2
26070	22	20	0	2	0
26071	22	20	0	2	1
26072	22	20	0	2	2
26073	22	20	0	3	0
26074	22	20	0	3	1
26075	22	20	0	3	2
26076	22	20	1	0	0
26077	22	20	1	0	1
26078	22	20	1	0	2
26079	22	20	1	1	0
26080	22	20	1	1	1
26081	22	20	1	1	2
26082	22	20	1	2	0
26083	22	20	1	2	1
26084	22	20	1	2	2
26085	22	20	1	3	0
26086	22	20	1	3	1
26087	22	20	1	3	2
26088	22	20	2	0	0
26089	22	20	2	0	1
26090	22	20	2	0	2
26091	22	20	2	1	0
26092	22	20	2	1	1
26093	22	20	2	1	2
26094	22	20	2	2	0
26095	22	20	2	2	1
26096	22	20	2	2	2
26097	22	20	2	3	0
26098	22	20	2	3	1
26099	22	20	2	3	2
26100	22	21	0	0	0
26101	22	21	0	0	1
26102	22	21	0	0	2
26103	22	21	0	1	0
26104	22	21	0	1	1
26105	22	21	0	1	2
26106	22	21	0	2	0
26107	22	21	0	2	1
26108	22	21	0	2	2
26109	22	21	0	3	0
26110	22	21	0	3	1
26111	22	21	0	3	2
26112	22	21	1	0	0
26113	22	21	1	0	1
26114	22	21	1	0	2
26115	22	21	1	1	0
26116	22	21	1	1	1
26117	22	21	1	1	2
26118	22	21	1	2	0
26119	22	21	1	2	1
26120	22	21	1	2	2
26121	22	21	1	3	0
26122	22	21	1	3	1
26123	22	21	1	3	2
26124	22	21	2	0	0
26125	22	21	2	0	1
26126	22	21	2	0	2
26127	22	21	2	1	0
26128	22	21	2	1	1
26129	22	21	2	1	2
26130	22	21	2	2	0
26131	22	21	2	2	1
26132	22	21	2	2	2
26133	22	21	2	3	0
26134	22	21	2	3	1
26135	22	21	2	3	2
26136	22	22	0	0	0
26137	22	22	0	0	1
26138	22	22	0	0	2
26139	22	22	0	1	0
26140	22	22	0	1	1
26141	22	22	0	1	2
26142	22	22	0	2	0
26143	22	22	0	2	1
26144	22	22	0	2	2
26145	22	22	0	3	0
26146	22	22	0	3	1
26147	22	22	0	3	2
26148	22	22	1	0	0
26149	22	22	1	0	1
26150	22	22	1	0	2
26151	22	22	1	1	0
26152	22	22	1	1	1
26153	22	22	1	1	2
26154	22	22	1	2	0
26155	22	22	1	2	1
26156	22	22	1	2	2
26157	22	22	1	3	0
26158	22	22	1	3	1
26159	22	22	1	3	2
26160	22	22	2	0	0
26161	22	22	2	0	1
26162	22	22	2	0	2
26163	22	22	2	1	0
26164	22	22	2	1	1
26165	22	22	2	1	2
26166	22	22	2	2	0
26167	22	22	2	2	1
26168	22	22	2	2	2
26169	22	22	2	3	0
26170	22	22	2	3	1
26171	22	22	2	3	2
26172	22	23	0	0	0
26173	22	23	0	0	1
26174	22	23	0	0	2
26175	22	23	0	1	0
26176	22	23	0	1	1
26177	22	23	0	1	2
26178	22	23	0	2	0
26179	22	23	0	2	1
26180	22	23	0	2	2
26181	22	23	0	3	0
26182	22	23	0	3	1
26183	22	23	0	3	2
26184	22	23	1	0	0
26185	22	23	1	0	1
26186	22	23	1	0	2
26187	22	23	1	1	0
26188	22	23	1	1	1
26189	22	23	1	1	2
26190	22	23	1	2	0
26191	22	23	1	2	1
26192	22	23	1	2	2
26193	22	23	1	3	0
26194	22	23	1	3	1
26195	22	23	1	3	2
26196	22	23	2	0	0
26197	22	23	2	0	1
26198	22	23	2	0	2
26199	22	23	2	1	0
26200	22	23	2	1	1
26201	22	23	2	1	2
26202	22	23	2	2	0
26203	22	23	2	2	1
26204	22	23	2	2	2
26205	22	23	2	3	0
26206	22	23	2	3	1
26207	22	23	2	3	2
26208	22	24	0	0	0
26209	22	24	0	0	1
26210	22	24	0	0	2
26211	22	24	0	1	0
26212	22	24	0	1	1
26213	22	24	0	1	2
26214	22	24	0	2	0
26215	22	24	0	2	1
26216	22	24	0	2	2
26217	22	24	0	3	0
26218	22	24	0	3	1
26219	22	24	0	3	2
26220	22	24	1	0	0
26221	22	24	1	0	1
26222	22	24	1	0	2
26223	22	24	1	1	0
26224	22	24	1	1	1
26225	22	24	1	1	2
26226	22	24	1	2	0
26227	22	24	1	2	1
26228	22	24	1	2	2
26229	22	24	1	3	0
26230	22	24	1	3	1
26231	22	24	1	3	2
26232	22	24	2	0	0
26233	22	24	2	0	1
26234	22	24	2	0	2
26235	22	24	2	1	0
26236	22	24	2	1	1
26237	22	24	2	1	2
26238	22	24	2	2	0
26239	22	24	2	2	1
26240	22	24	2	2	2
26241	22	24	2	3	0
26242	22	24	2	3	1
26243	22	24	2	3	2
26244	22	25	0	0	0
26245	22	25	0	0	1
26246	22	25	0	0	2
26247	22	25	0	1	0
26248	22	25	0	1	1
26249	22	25	0	1	2
26250	22	25	0	2	0
26251	22	25	0	2	1
26252	22	25	0	2	2
26253	22	25	0	3	0
26254	22	25	0	3	1
26255	22	25	0	3	2
26256	22	25	1	0	0
26257	22	25	1	0	1
26258	22	25	1	0	2
26259	22	25	1	1	0
26260	22	25	1	1	1
26261	22	25	1	1	2
26262	22	25	1	2	0
26263	22	25	1	2	1
26264	22	25	1	2	2
26265	22	25	1	3	0
26266	22	25	1	3	1
26267	22	25	1	3	2
26268	22	25	2	0	0
26269	22	25	2	0	1
26270	22	25	2	0	2
26271	22	25	2	1	0
26272	22	25	2	1	1
26273	22	25	2	1	2
26274	22	25	2	2	0
26275	22	25	2	2	1
26276	22	25	2	2	2
26277	22	25	2	3	0
26278	22	25	2	3	1
26279	22	25	2	3	2
26280	22	26	0	0	0
26281	22	26	0	0	1
26282	22	26	0	0	2
26283	22	26	0	1	0
26284	22	26	0	1	1
26285	22	26	0	1	2
26286	22	26	0	2	0
26287	22	26	0	2	1
26288	22	26	0	2	2
26289	22	26	0	3	0
26290	22	26	0	3	1
26291	22	26	0	3	2
26292	22	26	1	0	0
26293	22	26	1	0	1
26294	22	26	1	0	2
26295	22	26	1	1	0
26296	22	26	1	1	1
26297	22	26	1	1	2
26298	22	26	1	2	0
26299	22	26	1	2	1
26300	22	26	1	2	2
26301	22	26	1	3	0
26302	22	26	1	3	1
26303	22	26	1	3	2
26304	22	26	2	0	0
26305	22	26	2	0	1
26306	22	26	2	0	2
26307	22	26	2	1	0
26308	22	26	2	1	1
26309	22	26	2	1	2
26310	22	26	2	2	0
26311	22	26	2	2	1
26312	22	26	2	2	2
26313	22	26	2	3	0
26314	22	26	2	3	1
26315	22	26	2	3	2
26316	22	27	0	0	0
26317	22	27	0	0	1
26318	22	27	0	0	2
26319	22	27	0	1	0
26320	22	27	0	1	1
26321	22	27	0	1	2
26322	22	27	0	2	0
26323	22	27	0	2	1
26324	22	27	0	2	2
26325	22	27	0	3	0
26326	22	27	0	3	1
26327	22	27	0	3	2
26328	22	27	1	0	0
26329	22	27	1	0	1
26330	22	27	1	0	2
26331	22	27	1	1	0
26332	22	27	1	1	1
26333	22	27	1	1	2
26334	22	27	1	2	0
26335	22	27	1	2	1
26336	22	27	1	2	2
26337	22	27	1	3	0
26338	22	27	1	3	1
26339	22	27	1	3	2
26340	22	27	2	0	0
26341	22	27	2	0	1
26342	22	27	2	0	2
26343	22	27	2	1	0
26344	22	27	2	1	1
26345	22	27	2	1	2
26346	22	27	2	2	0
26347	22	27	2	2	1
26348	22	27	2	2	2
26349	22	27	2	3	0
26350	22	27	2	3	1
26351	22	27	2	3	2
26352	22	28	0	0	0
26353	22	28	0	0	1
26354	22	28	0	0	2
26355	22	28	0	1	0
26356	22	28	0	1	1
26357	22	28	0	1	2
26358	22	28	0	2	0
26359	22	28	0	2	1
26360	22	28	0	2	2
26361	22	28	0	3	0
26362	22	28	0	3	1
26363	22	28	0	3	2
26364	22	28	1	0	0
26365	22	28	1	0	1
26366	22	28	1	0	2
26367	22	28	1	1	0
26368	22	28	1	1	1
26369	22	28	1	1	2
26370	22	28	1	2	0
26371	22	28	1	2	1
26372	22	28	1	2	2
26373	22	28	1	3	0
26374	22	28	1	3	1
26375	22	28	1	3	2
26376	22	28	2	0	0
26377	22	28	2	0	1
26378	22	28	2	0	2
26379	22	28	2	1	0
26380	22	28	2	1	1
26381	22	28	2	1	2
26382	22	28	2	2	0
26383	22	28	2	2	1
26384	22	28	2	2	2
26385	22	28	2	3	0
26386	22	28	2	3	1
26387	22	28	2	3	2
26388	22	29	0	0	0
26389	22	29	0	0	1
26390	22	29	0	0	2
26391	22	29	0	1	0
26392	22	29	0	1	1
26393	22	29	0	1	2
26394	22	29	0	2	0
26395	22	29	0	2	1
26396	22	29	0	2	2
26397	22	29	0	3	0
26398	22	29	0	3	1
26399	22	29	0	3	2
26400	22	29	1	0	0
26401	22	29	1	0	1
26402	22	29	1	0	2
26403	22	29	1	1	0
26404	22	29	1	1	1
26405	22	29	1	1	2
26406	22	29	1	2	0
26407	22	29	1	2	1
26408	22	29	1	2	2
26409	22	29	1	3	0
26410	22	29	1	3	1
26411	22	29	1	3	2
26412	22	29	2	0	0
26413	22	29	2	0	1
26414	22	29	2	0	2
26415	22	29	2	1	0
26416	22	29	2	1	1
26417	22	29	2	1	2
26418	22	29	2	2	0
26419	22	29	2	2	1
26420	22	29	2	2	2
26421	22	29	2	3	0
26422	22	29	2	3	1
26423	22	29	2	3	2
26424	22	30	0	0	0
26425	22	30	0	0	1
26426	22	30	0	0	2
26427	22	30	0	1	0
26428	22	30	0	1	1
26429	22	30	0	1	2
26430	22	30	0	2	0
26431	22	30	0	2	1
26432	22	30	0	2	2
26433	22	30	0	3	0
26434	22	30	0	3	1
26435	22	30	0	3	2
26436	22	30	1	0	0
26437	22	30	1	0	1
26438	22	30	1	0	2
26439	22	30	1	1	0
26440	22	30	1	1	1
26441	22	30	1	1	2
26442	22	30	1	2	0
26443	22	30	1	2	1
26444	22	30	1	2	2
26445	22	30	1	3	0
26446	22	30	1	3	1
26447	22	30	1	3	2
26448	22	30	2	0	0
26449	22	30	2	0	1
26450	22	30	2	0	2
26451	22	30	2	1	0
26452	22	30	2	1	1
26453	22	30	2	1	2
26454	22	30	2	2	0
26455	22	30	2	2	1
26456	22	30	2	2	2
26457	22	30	2	3	0
26458	22	30	2	3	1
26459	22	30	2	3	2
26460	22	31	0	0	0
26461	22	31	0	0	1
26462	22	31	0	0	2
26463	22	31	0	1	0
26464	22	31	0	1	1
26465	22	31	0	1	2
26466	22	31	0	2	0
26467	22	31	0	2	1
26468	22	31	0	2	2
26469	22	31	0	3	0
26470	22	31	0	3	1
26471	22	31	0	3	2
26472	22	31	1	0	0
26473	22	31	1	0	1
26474	22	31	1	0	2
26475	22	31	1	1	0
26476	22	31	1	1	1
26477	22	31	1	1	2
26478	22	31	1	2	0
26479	22	31	1	2	1
26480	22	31	1	2	2
26481	22	31	1	3	0
26482	22	31	1	3	1
26483	22	31	1	3	2
26484	22	31	2	0	0
26485	22	31	2	0	1
26486	22	31	2	0	2
26487	22	31	2	1	0
26488	22	31	2	1	1
26489	22	31	2	1	2
26490	22	31	2	2	0
26491	22	31	2	2	1
26492	22	31	2	2	2
26493	22	31	2	3	0
26494	22	31	2	3	1
26495	22	31	2	3	2
26496	23	0	0	0	0
26497	23	0	0	0	1
26498	23	0	0	0	2
26499	23	0	0	1	0
26500	23	0	0	1	1
26501	23	0	0	1	2
26502	23	0	0	2	0
26503	23	0	0	2	1
26504	23	0	0	2	2
26505	23	0	0	3	0
26506	23	0	0	3	1
26507	23	0	0	3	2
26508	23	0	1	0	0
26509	23	0	1	0	1
26510	23	0	1	0	2
26511	23	0	1	1	0
26512	23	0	1	1	1
26513	23	0	1	1	2
26514	23	0	1	2	0
26515	23	0	1	2	1
26516	23	0	1	2	2
26517	23	0	1	3	0
26518	23	0	1	3	1
26519	23	0	1	3	2
26520	23	0	2	0	0
26521	23	0	2	0	1
26522	23	0	2	0	2
26523	23	0	2	1	0
26524	23	0	2	1	1
26525	23	0	2	1	2
26526	23	0	2	2	0
26527	23	0	2	2	1
26528	23	0	2	2	2
26529	23	0	2	3	0
26530	23	0	2	3	1
26531	23	0	2	3	2
26532	23	1	0	0	0
26533	23	1	0	0	1
26534	23	1	0	0	2
26535	23	1	0	1	0
26536	23	1	0	1	1
26537	23	1	0	1	2
26538	23	1	0	2	0
26539	23	1	0	2	1
26540	23	1	0	2	2
26541	23	1	0	3	0
26542	23	1	0	3	1
26543	23	1	0	3	2
26544	23	1	1	0	0
26545	23	1	1	0	1
26546	23	1	1	0	2
26547	23	1	1	1	0
26548	23	1	1	1	1
26549	23	1	1	1	2
26550	23	1	1	2	0
26551	23	1	1	2	1
26552	23	1	1	2	2
26553	23	1	1	3	0
26554	23	1	1	3	1
26555	23	1	1	3	2
26556	23	1	2	0	0
26557	23	1	2	0	1
26558	23	1	2	0	2
26559	23	1	2	1	0
26560	23	1	2	1	1
26561	23	1	2	1	2
26562	23	1	2	2	0
26563	23	1	2	2	1
26564	23	1	2	2	2
26565	23	1	2	3	0
26566	23	1	2	3	1
26567	23	1	2	3	2
26568	23	2	0	0	0
26569	23	2	0	0	1
26570	23	2	0	0	2
26571	23	2	0	1	0
26572	23	2	0	1	1
26573	23	2	0	1	2
26574	23	2	0	2	0
26575	23	2	0	2	1
26576	23	2	0	2	2
26577	23	2	0	3	0
26578	23	2	0	3	1
26579	23	2	0	3	2
26580	23	2	1	0	0
26581	23	2	1	0	1
26582	23	2	1	0	2
26583	23	2	1	1	0
26584	23	2	1	1	1
26585	23	2	1	1	2
26586	23	2	1	2	0
26587	23	2	1	2	1
26588	23	2	1	2	2
26589	23	2	1	3	0
26590	23	2	1	3	1
26591	23	2	1	3	2
26592	23	2	2	0	0
26593	23	2	2	0	1
26594	23	2	2	0	2
26595	23	2	2	1	0
26596	23	2	2	1	1
26597	23	2	2	1	2
26598	23	2	2	2	0
26599	23	2	2	2	1
26600	23	2	2	2	2
26601	23	2	2	3	0
26602	23	2	2	3	1
26603	23	2	2	3	2
26604	23	3	0	0	0
26605	23	3	0	0	1
26606	23	3	0	0	2
26607	23	3	0	1	0
26608	23	3	0	1	1
26609	23	3	0	1	2
26610	23	3	0	2	0
26611	23	3	0	2	1
26612	23	3	0	2	2
26613	23	3	0	3	0
26614	23	3	0	3	1
26615	23	3	0	3	2
26616	23	3	1	0	0
26617	23	3	1	0	1
26618	23	3	1	0	2
26619	23	3	1	1	0
26620	23	3	1	1	1
26621	23	3	1	1	2
26622	23	3	1	2	0
26623	23	3	1	2	1
26624	23	3	1	2	2
26625	23	3	1	3	0
26626	23	3	1	3	1
26627	23	3	1	3	2
26628	23	3	2	0	0
26629	23	3	2	0	1
26630	23	3	2	0	2
26631	23	3	2	1	0
26632	23	3	2	1	1
26633	23	3	2	1	2
26634	23	3	2	2	0
26635	23	3	2	2	1
26636	23	3	2	2	2
26637	23	3	2	3	0
26638	23	3	2	3	1
26639	23	3	2	3	2
26640	23	4	0	0	0
26641	23	4	0	0	1
26642	23	4	0	0	2
26643	23	4	0	1	0
26644	23	4	0	1	1
26645	23	4	0	1	2
26646	23	4	0	2	0
26647	23	4	0	2	1
26648	23	4	0	2	2
26649	23	4	0	3	0
26650	23	4	0	3	1
26651	23	4	0	3	2
26652	23	4	1	0	0
26653	23	4	1	0	1
26654	23	4	1	0	2
26655	23	4	1	1	0
26656	23	4	1	1	1
26657	23	4	1	1	2
26658	23	4	1	2	0
26659	23	4	1	2	1
26660	23	4	1	2	2
26661	23	4	1	3	0
26662	23	4	1	3	1
26663	23	4	1	3	2
26664	23	4	2	0	0
26665	23	4	2	0	1
26666	23	4	2	0	2
26667	23	4	2	1	0
26668	23	4	2	1	1
26669	23	4	2	1	2
26670	23	4	2	2	0
26671	23	4	2	2	1
26672	23	4	2	2	2
26673	23	4	2	3	0
26674	23	4	2	3	1
26675	23	4	2	3	2
26676	23	5	0	0	0
26677	23	5	0	0	1
26678	23	5	0	0	2
26679	23	5	0	1	0
26680	23	5	0	1	1
26681	23	5	0	1	2
26682	23	5	0	2	0
26683	23	5	0	2	1
26684	23	5	0	2	2
26685	23	5	0	3	0
26686	23	5	0	3	1
26687	23	5	0	3	2
26688	23	5	1	0	0
26689	23	5	1	0	1
26690	23	5	1	0	2
26691	23	5	1	1	0
26692	23	5	1	1	1
26693	23	5	1	1	2
26694	23	5	1	2	0
26695	23	5	1	2	1
26696	23	5	1	2	2
26697	23	5	1	3	0
26698	23	5	1	3	1
26699	23	5	1	3	2
26700	23	5	2	0	0
26701	23	5	2	0	1
26702	23	5	2	0	2
26703	23	5	2	1	0
26704	23	5	2	1	1
26705	23	5	2	1	2
26706	23	5	2	2	0
26707	23	5	2	2	1
26708	23	5	2	2	2
26709	23	5	2	3	0
26710	23	5	2	3	1
26711	23	5	2	3	2
26712	23	6	0	0	0
26713	23	6	0	0	1
26714	23	6	0	0	2
26715	23	6	0	1	0
26716	23	6	0	1	1
26717	23	6	0	1	2
26718	23	6	0	2	0
26719	23	6	0	2	1
26720	23	6	0	2	2
26721	23	6	0	3	0
26722	23	6	0	3	1
26723	23	6	0	3	2
26724	23	6	1	0	0
26725	23	6	1	0	1
26726	23	6	1	0	2
26727	23	6	1	1	0
26728	23	6	1	1	1
26729	23	6	1	1	2
26730	23	6	1	2	0
26731	23	6	1	2	1
26732	23	6	1	2	2
26733	23	6	1	3	0
26734	23	6	1	3	1
26735	23	6	1	3	2
26736	23	6	2	0	0
26737	23	6	2	0	1
26738	23	6	2	0	2
26739	23	6	2	1	0
26740	23	6	2	1	1
26741	23	6	2	1	2
26742	23	6	2	2	0
26743	23	6	2	2	1
26744	23	6	2	2	2
26745	23	6	2	3	0
26746	23	6	2	3	1
26747	23	6	2	3	2
26748	23	7	0	0	0
26749	23	7	0	0	1
26750	23	7	0	0	2
26751	23	7	0	1	0
26752	23	7	0	1	1
26753	23	7	0	1	2
26754	23	7	0	2	0
26755	23	7	0	2	1
26756	23	7	0	2	2
26757	23	7	0	3	0
26758	23	7	0	3	1
26759	23	7	0	3	2
26760	23	7	1	0	0
26761	23	7	1	0	1
26762	23	7	1	0	2
26763	23	7	1	1	0
26764	23	7	1	1	1
26765	23	7	1	1	2
26766	23	7	1	2	0
26767	23	7	1	2	1
26768	23	7	1	2	2
26769	23	7	1	3	0
26770	23	7	1	3	1
26771	23	7	1	3	2
26772	23	7	2	0	0
26773	23	7	2	0	1
26774	23	7	2	0	2
26775	23	7	2	1	0
26776	23	7	2	1	1
26777	23	7	2	1	2
26778	23	7	2	2	0
26779	23	7	2	2	1
26780	23	7	2	2	2
26781	23	7	2	3	0
26782	23	7	2	3	1
26783	23	7	2	3	2
26784	23	8	0	0	0
26785	23	8	0	0	1
26786	23	8	0	0	2
26787	23	8	0	1	0
26788	23	8	0	1	1
26789	23	8	0	1	2
26790	23	8	0	2	0
26791	23	8	0	2	1
26792	23	8	0	2	2
26793	23	8	0	3	0
26794	23	8	0	3	1
26795	23	8	0	3	2
26796	23	8	1	0	0
26797	23	8	1	0	1
26798	23	8	1	0	2
26799	23	8	1	1	0
26800	23	8	1	1	1
26801	23	8	1	1	2
26802	23	8	1	2	0
26803	23	8	1	2	1
26804	23	8	1	2	2
26805	23	8	1	3	0
26806	23	8	1	3	1
26807	23	8	1	3	2
26808	23	8	2	0	0
26809	23	8	2	0	1
26810	23	8	2	0	2
26811	23	8	2	1	0
26812	23	8	2	1	1
26813	23	8	2	1	2
26814	23	8	2	2	0
26815	23	8	2	2	1
26816	23	8	2	2	2
26817	23	8	2	3	0
26818	23	8	2	3	1
26819	23	8	2	3	2
26820	23	9	0	0	0
26821	23	9	0	0	1
26822	23	9	0	0	2
26823	23	9	0	1	0
26824	23	9	0	1	1
26825	23	9	0	1	2
26826	23	9	0	2	0
26827	23	9	0	2	1
26828	23	9	0	2	2
26829	23	9	0	3	0
26830	23	9	0	3	1
26831	23	9	0	3	2
26832	23	9	1	0	0
26833	23	9	1	0	1
26834	23	9	1	0	2
26835	23	9	1	1	0
26836	23	9	1	1	1
26837	23	9	1	1	2
26838	23	9	1	2	0
26839	23	9	1	2	1
26840	23	9	1	2	2
26841	23	9	1	3	0
26842	23	9	1	3	1
26843	23	9	1	3	2
26844	23	9	2	0	0
26845	23	9	2	0	1
26846	23	9	2	0	2
26847	23	9	2	1	0
26848	23	9	2	1	1
26849	23	9	2	1	2
26850	23	9	2	2	0
26851	23	9	2	2	1
26852	23	9	2	2	2
26853	23	9	2	3	0
26854	23	9	2	3	1
26855	23	9	2	3	2
26856	23	10	0	0	0
26857	23	10	0	0	1
26858	23	10	0	0	2
26859	23	10	0	1	0
26860	23	10	0	1	1
26861	23	10	0	1	2
26862	23	10	0	2	0
26863	23	10	0	2	1
26864	23	10	0	2	2
26865	23	10	0	3	0
26866	23	10	0	3	1
26867	23	10	0	3	2
26868	23	10	1	0	0
26869	23	10	1	0	1
26870	23	10	1	0	2
26871	23	10	1	1	0
26872	23	10	1	1	1
26873	23	10	1	1	2
26874	23	10	1	2	0
26875	23	10	1	2	1
26876	23	10	1	2	2
26877	23	10	1	3	0
26878	23	10	1	3	1
26879	23	10	1	3	2
26880	23	10	2	0	0
26881	23	10	2	0	1
26882	23	10	2	0	2
26883	23	10	2	1	0
26884	23	10	2	1	1
26885	23	10	2	1	2
26886	23	10	2	2	0
26887	23	10	2	2	1
26888	23	10	2	2	2
26889	23	10	2	3	0
26890	23	10	2	3	1
26891	23	10	2	3	2
26892	23	11	0	0	0
26893	23	11	0	0	1
26894	23	11	0	0	2
26895	23	11	0	1	0
26896	23	11	0	1	1
26897	23	11	0	1	2
26898	23	11	0	2	0
26899	23	11	0	2	1
26900	23	11	0	2	2
26901	23	11	0	3	0
26902	23	11	0	3	1
26903	23	11	0	3	2
26904	23	11	1	0	0
26905	23	11	1	0	1
26906	23	11	1	0	2
26907	23	11	1	1	0
26908	23	11	1	1	1
26909	23	11	1	1	2
26910	23	11	1	2	0
26911	23	11	1	2	1
26912	23	11	1	2	2
26913	23	11	1	3	0
26914	23	11	1	3	1
26915	23	11	1	3	2
26916	23	11	2	0	0
26917	23	11	2	0	1
26918	23	11	2	0	2
26919	23	11	2	1	0
26920	23	11	2	1	1
26921	23	11	2	1	2
26922	23	11	2	2	0
26923	23	11	2	2	1
26924	23	11	2	2	2
26925	23	11	2	3	0
26926	23	11	2	3	1
26927	23	11	2	3	2
26928	23	12	0	0	0
26929	23	12	0	0	1
26930	23	12	0	0	2
26931	23	12	0	1	0
26932	23	12	0	1	1
26933	23	12	0	1	2
26934	23	12	0	2	0
26935	23	12	0	2	1
26936	23	12	0	2	2
26937	23	12	0	3	0
26938	23	12	0	3	1
26939	23	12	0	3	2
26940	23	12	1	0	0
26941	23	12	1	0	1
26942	23	12	1	0	2
26943	23	12	1	1	0
26944	23	12	1	1	1
26945	23	12	1	1	2
26946	23	12	1	2	0
26947	23	12	1	2	1
26948	23	12	1	2	2
26949	23	12	1	3	0
26950	23	12	1	3	1
26951	23	12	1	3	2
26952	23	12	2	0	0
26953	23	12	2	0	1
26954	23	12	2	0	2
26955	23	12	2	1	0
26956	23	12	2	1	1
26957	23	12	2	1	2
26958	23	12	2	2	0
26959	23	12	2	2	1
26960	23	12	2	2	2
26961	23	12	2	3	0
26962	23	12	2	3	1
26963	23	12	2	3	2
26964	23	13	0	0	0
26965	23	13	0	0	1
26966	23	13	0	0	2
26967	23	13	0	1	0
26968	23	13	0	1	1
26969	23	13	0	1	2
26970	23	13	0	2	0
26971	23	13	0	2	1
26972	23	13	0	2	2
26973	23	13	0	3	0
26974	23	13	0	3	1
26975	23	13	0	3	2
26976	23	13	1	0	0
26977	23	13	1	0	1
26978	23	13	1	0	2
26979	23	13	1	1	0
26980	23	13	1	1	1
26981	23	13	1	1	2
26982	23	13	1	2	0
26983	23	13	1	2	1
26984	23	13	1	2	2
26985	23	13	1	3	0
26986	23	13	1	3	1
26987	23	13	1	3	2
26988	23	13	2	0	0
26989	23	13	2	0	1
26990	23	13	2	0	2
26991	23	13	2	1	0
26992	23	13	2	1	1
26993	23	13	2	1	2
26994	23	13	2	2	0
26995	23	13	2	2	1
26996	23	13	2	2	2
26997	23	13	2	3	0
26998	23	13	2	3	1
26999	23	13	2	3	2
27000	23	14	0	0	0
27001	23	14	0	0	1
27002	23	14	0	0	2
27003	23	14	0	1	0
27004	23	14	0	1	1
27005	23	14	0	1	2
27006	23	14	0	2	0
27007	23	14	0	2	1
27008	23	14	0	2	2
27009	23	14	0	3	0
27010	23	14	0	3	1
27011	23	14	0	3	2
27012	23	14	1	0	0
27013	23	14	1	0	1
27014	23	14	1	0	2
27015	23	14	1	1	0
27016	23	14	1	1	1
27017	23	14	1	1	2
27018	23	14	1	2	0
27019	23	14	1	2	1
27020	23	14	1	2	2
27021	23	14	1	3	0
27022	23	14	1	3	1
27023	23	14	1	3	2
27024	23	14	2	0	0
27025	23	14	2	0	1
27026	23	14	2	0	2
27027	23	14	2	1	0
27028	23	14	2	1	1
27029	23	14	2	1	2
27030	23	14	2	2	0
27031	23	14	2	2	1
27032	23	14	2	2	2
27033	23	14	2	3	0
27034	23	14	2	3	1
27035	23	14	2	3	2
27036	23	15	0	0	0
27037	23	15	0	0	1
27038	23	15	0	0	2
27039	23	15	0	1	0
27040	23	15	0	1	1
27041	23	15	0	1	2
27042	23	15	0	2	0
27043	23	15	0	2	1
27044	23	15	0	2	2
27045	23	15	0	3	0
27046	23	15	0	3	1
27047	23	15	0	3	2
27048	23	15	1	0	0
27049	23	15	1	0	1
27050	23	15	1	0	2
27051	23	15	1	1	0
27052	23	15	1	1	1
27053	23	15	1	1	2
27054	23	15	1	2	0
27055	23	15	1	2	1
27056	23	15	1	2	2
27057	23	15	1	3	0
27058	23	15	1	3	1
27059	23	15	1	3	2
27060	23	15	2	0	0
27061	23	15	2	0	1
27062	23	15	2	0	2
27063	23	15	2	1	0
27064	23	15	2	1	1
27065	23	15	2	1	2
27066	23	15	2	2	0
27067	23	15	2	2	1
27068	23	15	2	2	2
27069	23	15	2	3	0
27070	23	15	2	3	1
27071	23	15	2	3	2
27072	23	16	0	0	0
27073	23	16	0	0	1
27074	23	16	0	0	2
27075	23	16	0	1	0
27076	23	16	0	1	1
27077	23	16	0	1	2
27078	23	16	0	2	0
27079	23	16	0	2	1
27080	23	16	0	2	2
27081	23	16	0	3	0
27082	23	16	0	3	1
27083	23	16	0	3	2
27084	23	16	1	0	0
27085	23	16	1	0	1
27086	23	16	1	0	2
27087	23	16	1	1	0
27088	23	16	1	1	1
27089	23	16	1	1	2
27090	23	16	1	2	0
27091	23	16	1	2	1
27092	23	16	1	2	2
27093	23	16	1	3	0
27094	23	16	1	3	1
27095	23	16	1	3	2
27096	23	16	2	0	0
27097	23	16	2	0	1
27098	23	16	2	0	2
27099	23	16	2	1	0
27100	23	16	2	1	1
27101	23	16	2	1	2
27102	23	16	2	2	0
27103	23	16	2	2	1
27104	23	16	2	2	2
27105	23	16	2	3	0
27106	23	16	2	3	1
27107	23	16	2	3	2
27108	23	17	0	0	0
27109	23	17	0	0	1
27110	23	17	0	0	2
27111	23	17	0	1	0
27112	23	17	0	1	1
27113	23	17	0	1	2
27114	23	17	0	2	0
27115	23	17	0	2	1
27116	23	17	0	2	2
27117	23	17	0	3	0
27118	23	17	0	3	1
27119	23	17	0	3	2
27120	23	17	1	0	0
27121	23	17	1	0	1
27122	23	17	1	0	2
27123	23	17	1	1	0
27124	23	17	1	1	1
27125	23	17	1	1	2
27126	23	17	1	2	0
27127	23	17	1	2	1
27128	23	17	1	2	2
27129	23	17	1	3	0
27130	23	17	1	3	1
27131	23	17	1	3	2
27132	23	17	2	0	0
27133	23	17	2	0	1
27134	23	17	2	0	2
27135	23	17	2	1	0
27136	23	17	2	1	1
27137	23	17	2	1	2
27138	23	17	2	2	0
27139	23	17	2	2	1
27140	23	17	2	2	2
27141	23	17	2	3	0
27142	23	17	2	3	1
27143	23	17	2	3	2
27144	23	18	0	0	0
27145	23	18	0	0	1
27146	23	18	0	0	2
27147	23	18	0	1	0
27148	23	18	0	1	1
27149	23	18	0	1	2
27150	23	18	0	2	0
27151	23	18	0	2	1
27152	23	18	0	2	2
27153	23	18	0	3	0
27154	23	18	0	3	1
27155	23	18	0	3	2
27156	23	18	1	0	0
27157	23	18	1	0	1
27158	23	18	1	0	2
27159	23	18	1	1	0
27160	23	18	1	1	1
27161	23	18	1	1	2
27162	23	18	1	2	0
27163	23	18	1	2	1
27164	23	18	1	2	2
27165	23	18	1	3	0
27166	23	18	1	3	1
27167	23	18	1	3	2
27168	23	18	2	0	0
27169	23	18	2	0	1
27170	23	18	2	0	2
27171	23	18	2	1	0
27172	23	18	2	1	1
27173	23	18	2	1	2
27174	23	18	2	2	0
27175	23	18	2	2	1
27176	23	18	2	2	2
27177	23	18	2	3	0
27178	23	18	2	3	1
27179	23	18	2	3	2
27180	23	19	0	0	0
27181	23	19	0	0	1
27182	23	19	0	0	2
27183	23	19	0	1	0
27184	23	19	0	1	1
27185	23	19	0	1	2
27186	23	19	0	2	0
27187	23	19	0	2	1
27188	23	19	0	2	2
27189	23	19	0	3	0
27190	23	19	0	3	1
27191	23	19	0	3	2
27192	23	19	1	0	0
27193	23	19	1	0	1
27194	23	19	1	0	2
27195	23	19	1	1	0
27196	23	19	1	1	1
27197	23	19	1	1	2
27198	23	19	1	2	0
27199	23	19	1	2	1
27200	23	19	1	2	2
27201	23	19	1	3	0
27202	23	19	1	3	1
27203	23	19	1	3	2
27204	23	19	2	0	0
27205	23	19	2	0	1
27206	23	19	2	0	2
27207	23	19	2	1	0
27208	23	19	2	1	1
27209	23	19	2	1	2
27210	23	19	2	2	0
27211	23	19	2	2	1
27212	23	19	2	2	2
27213	23	19	2	3	0
27214	23	19	2	3	1
27215	23	19	2	3	2
27216	23	20	0	0	0
27217	23	20	0	0	1
27218	23	20	0	0	2
27219	23	20	0	1	0
27220	23	20	0	1	1
27221	23	20	0	1	2
27222	23	20	0	2	0
27223	23	20	0	2	1
27224	23	20	0	2	2
27225	23	20	0	3	0
27226	23	20	0	3	1
27227	23	20	0	3	2
27228	23	20	1	0	0
27229	23	20	1	0	1
27230	23	20	1	0	2
27231	23	20	1	1	0
27232	23	20	1	1	1
27233	23	20	1	1	2
27234	23	20	1	2	0
27235	23	20	1	2	1
27236	23	20	1	2	2
27237	23	20	1	3	0
27238	23	20	1	3	1
27239	23	20	1	3	2
27240	23	20	2	0	0
27241	23	20	2	0	1
27242	23	20	2	0	2
27243	23	20	2	1	0
27244	23	20	2	1	1
27245	23	20	2	1	2
27246	23	20	2	2	0
27247	23	20	2	2	1
27248	23	20	2	2	2
27249	23	20	2	3	0
27250	23	20	2	3	1
27251	23	20	2	3	2
27252	23	21	0	0	0
27253	23	21	0	0	1
27254	23	21	0	0	2
27255	23	21	0	1	0
27256	23	21	0	1	1
27257	23	21	0	1	2
27258	23	21	0	2	0
27259	23	21	0	2	1
27260	23	21	0	2	2
27261	23	21	0	3	0
27262	23	21	0	3	1
27263	23	21	0	3	2
27264	23	21	1	0	0
27265	23	21	1	0	1
27266	23	21	1	0	2
27267	23	21	1	1	0
27268	23	21	1	1	1
27269	23	21	1	1	2
27270	23	21	1	2	0
27271	23	21	1	2	1
27272	23	21	1	2	2
27273	23	21	1	3	0
27274	23	21	1	3	1
27275	23	21	1	3	2
27276	23	21	2	0	0
27277	23	21	2	0	1
27278	23	21	2	0	2
27279	23	21	2	1	0
27280	23	21	2	1	1
27281	23	21	2	1	2
27282	23	21	2	2	0
27283	23	21	2	2	1
27284	23	21	2	2	2
27285	23	21	2	3	0
27286	23	21	2	3	1
27287	23	21	2	3	2
27288	23	22	0	0	0
27289	23	22	0	0	1
27290	23	22	0	0	2
27291	23	22	0	1	0
27292	23	22	0	1	1
27293	23	22	0	1	2
27294	23	22	0	2	0
27295	23	22	0	2	1
27296	23	22	0	2	2
27297	23	22	0	3	0
27298	23	22	0	3	1
27299	23	22	0	3	2
27300	23	22	1	0	0
27301	23	22	1	0	1
27302	23	22	1	0	2
27303	23	22	1	1	0
27304	23	22	1	1	1
27305	23	22	1	1	2
27306	23	22	1	2	0
27307	23	22	1	2	1
27308	23	22	1	2	2
27309	23	22	1	3	0
27310	23	22	1	3	1
27311	23	22	1	3	2
27312	23	22	2	0	0
27313	23	22	2	0	1
27314	23	22	2	0	2
27315	23	22	2	1	0
27316	23	22	2	1	1
27317	23	22	2	1	2
27318	23	22	2	2	0
27319	23	22	2	2	1
27320	23	22	2	2	2
27321	23	22	2	3	0
27322	23	22	2	3	1
27323	23	22	2	3	2
27324	23	23	0	0	0
27325	23	23	0	0	1
27326	23	23	0	0	2
27327	23	23	0	1	0
27328	23	23	0	1	1
27329	23	23	0	1	2
27330	23	23	0	2	0
27331	23	23	0	2	1
27332	23	23	0	2	2
27333	23	23	0	3	0
27334	23	23	0	3	1
27335	23	23	0	3	2
27336	23	23	1	0	0
27337	23	23	1	0	1
27338	23	23	1	0	2
27339	23	23	1	1	0
27340	23	23	1	1	1
27341	23	23	1	1	2
27342	23	23	1	2	0
27343	23	23	1	2	1
27344	23	23	1	2	2
27345	23	23	1	3	0
27346	23	23	1	3	1
27347	23	23	1	3	2
27348	23	23	2	0	0
27349	23	23	2	0	1
27350	23	23	2	0	2
27351	23	23	2	1	0
27352	23	23	2	1	1
27353	23	23	2	1	2
27354	23	23	2	2	0
27355	23	23	2	2	1
27356	23	23	2	2	2
27357	23	23	2	3	0
27358	23	23	2	3	1
27359	23	23	2	3	2
27360	23	24	0	0	0
27361	23	24	0	0	1
27362	23	24	0	0	2
27363	23	24	0	1	0
27364	23	24	0	1	1
27365	23	24	0	1	2
27366	23	24	0	2	0
27367	23	24	0	2	1
27368	23	24	0	2	2
27369	23	24	0	3	0
27370	23	24	0	3	1
27371	23	24	0	3	2
27372	23	24	1	0	0
27373	23	24	1	0	1
27374	23	24	1	0	2
27375	23	24	1	1	0
27376	23	24	1	1	1
27377	23	24	1	1	2
27378	23	24	1	2	0
27379	23	24	1	2	1
27380	23	24	1	2	2
27381	23	24	1	3	0
27382	23	24	1	3	1
27383	23	24	1	3	2
27384	23	24	2	0	0
27385	23	24	2	0	1
27386	23	24	2	0	2
27387	23	24	2	1	0
27388	23	24	2	1	1
27389	23	24	2	1	2
27390	23	24	2	2	0
27391	23	24	2	2	1
27392	23	24	2	2	2
27393	23	24	2	3	0
27394	23	24	2	3	1
27395	23	24	2	3	2
27396	23	25	0	0	0
27397	23	25	0	0	1
27398	23	25	0	0	2
27399	23	25	0	1	0
27400	23	25	0	1	1
27401	23	25	0	1	2
27402	23	25	0	2	0
27403	23	25	0	2	1
27404	23	25	0	2	2
27405	23	25	0	3	0
27406	23	25	0	3	1
27407	23	25	0	3	2
27408	23	25	1	0	0
27409	23	25	1	0	1
27410	23	25	1	0	2
27411	23	25	1	1	0
27412	23	25	1	1	1
27413	23	25	1	1	2
27414	23	25	1	2	0
27415	23	25	1	2	1
27416	23	25	1	2	2
27417	23	25	1	3	0
27418	23	25	1	3	1
27419	23	25	1	3	2
27420	23	25	2	0	0
27421	23	25	2	0	1
27422	23	25	2	0	2
27423	23	25	2	1	0
27424	23	25	2	1	1
27425	23	25	2	1	2
27426	23	25	2	2	0
27427	23	25	2	2	1
27428	23	25	2	2	2
27429	23	25	2	3	0
27430	23	25	2	3	1
27431	23	25	2	3	2
27432	23	26	0	0	0
27433	23	26	0	0	1
27434	23	26	0	0	2
27435	23	26	0	1	0
27436	23	26	0	1	1
27437	23	26	0	1	2
27438	23	26	0	2	0
27439	23	26	0	2	1
27440	23	26	0	2	2
27441	23	26	0	3	0
27442	23	26	0	3	1
27443	23	26	0	3	2
27444	23	26	1	0	0
27445	23	26	1	0	1
27446	23	26	1	0	2
27447	23	26	1	1	0
27448	23	26	1	1	1
27449	23	26	1	1	2
27450	23	26	1	2	0
27451	23	26	1	2	1
27452	23	26	1	2	2
27453	23	26	1	3	0
27454	23	26	1	3	1
27455	23	26	1	3	2
27456	23	26	2	0	0
27457	23	26	2	0	1
27458	23	26	2	0	2
27459	23	26	2	1	0
27460	23	26	2	1	1
27461	23	26	2	1	2
27462	23	26	2	2	0
27463	23	26	2	2	1
27464	23	26	2	2	2
27465	23	26	2	3	0
27466	23	26	2	3	1
27467	23	26	2	3	2
27468	23	27	0	0	0
27469	23	27	0	0	1
27470	23	27	0	0	2
27471	23	27	0	1	0
27472	23	27	0	1	1
27473	23	27	0	1	2
27474	23	27	0	2	0
27475	23	27	0	2	1
27476	23	27	0	2	2
27477	23	27	0	3	0
27478	23	27	0	3	1
27479	23	27	0	3	2
27480	23	27	1	0	0
27481	23	27	1	0	1
27482	23	27	1	0	2
27483	23	27	1	1	0
27484	23	27	1	1	1
27485	23	27	1	1	2
27486	23	27	1	2	0
27487	23	27	1	2	1
27488	23	27	1	2	2
27489	23	27	1	3	0
27490	23	27	1	3	1
27491	23	27	1	3	2
27492	23	27	2	0	0
27493	23	27	2	0	1
27494	23	27	2	0	2
27495	23	27	2	1	0
27496	23	27	2	1	1
27497	23	27	2	1	2
27498	23	27	2	2	0
27499	23	27	2	2	1
27500	23	27	2	2	2
27501	23	27	2	3	0
27502	23	27	2	3	1
27503	23	27	2	3	2
27504	23	28	0	0	0
27505	23	28	0	0	1
27506	23	28	0	0	2
27507	23	28	0	1	0
27508	23	28	0	1	1
27509	23	28	0	1	2
27510	23	28	0	2	0
27511	23	28	0	2	1
27512	23	28	0	2	2
27513	23	28	0	3	0
27514	23	28	0	3	1
27515	23	28	0	3	2
27516	23	28	1	0	0
27517	23	28	1	0	1
27518	23	28	1	0	2
27519	23	28	1	1	0
27520	23	28	1	1	1
27521	23	28	1	1	2
27522	23	28	1	2	0
27523	23	28	1	2	1
27524	23	28	1	2	2
27525	23	28	1	3	0
27526	23	28	1	3	1
27527	23	28	1	3	2
27528	23	28	2	0	0
27529	23	28	2	0	1
27530	23	28	2	0	2
27531	23	28	2	1	0
27532	23	28	2	1	1
27533	23	28	2	1	2
27534	23	28	2	2	0
27535	23	28	2	2	1
27536	23	28	2	2	2
27537	23	28	2	3	0
27538	23	28	2	3	1
27539	23	28	2	3	2
27540	23	29	0	0	0
27541	23	29	0	0	1
27542	23	29	0	0	2
27543	23	29	0	1	0
27544	23	29	0	1	1
27545	23	29	0	1	2
27546	23	29	0	2	0
27547	23	29	0	2	1
27548	23	29	0	2	2
27549	23	29	0	3	0
27550	23	29	0	3	1
27551	23	29	0	3	2
27552	23	29	1	0	0
27553	23	29	1	0	1
27554	23	29	1	0	2
27555	23	29	1	1	0
27556	23	29	1	1	1
27557	23	29	1	1	2
27558	23	29	1	2	0
27559	23	29	1	2	1
27560	23	29	1	2	2
27561	23	29	1	3	0
27562	23	29	1	3	1
27563	23	29	1	3	2
27564	23	29	2	0	0
27565	23	29	2	0	1
27566	23	29	2	0	2
27567	23	29	2	1	0
27568	23	29	2	1	1
27569	23	29	2	1	2
27570	23	29	2	2	0
27571	23	29	2	2	1
27572	23	29	2	2	2
27573	23	29	2	3	0
27574	23	29	2	3	1
27575	23	29	2	3	2
27576	23	30	0	0	0
27577	23	30	0	0	1
27578	23	30	0	0	2
27579	23	30	0	1	0
27580	23	30	0	1	1
27581	23	30	0	1	2
27582	23	30	0	2	0
27583	23	30	0	2	1
27584	23	30	0	2	2
27585	23	30	0	3	0
27586	23	30	0	3	1
27587	23	30	0	3	2
27588	23	30	1	0	0
27589	23	30	1	0	1
27590	23	30	1	0	2
27591	23	30	1	1	0
27592	23	30	1	1	1
27593	23	30	1	1	2
27594	23	30	1	2	0
27595	23	30	1	2	1
27596	23	30	1	2	2
27597	23	30	1	3	0
27598	23	30	1	3	1
27599	23	30	1	3	2
27600	23	30	2	0	0
27601	23	30	2	0	1
27602	23	30	2	0	2
27603	23	30	2	1	0
27604	23	30	2	1	1
27605	23	30	2	1	2
27606	23	30	2	2	0
27607	23	30	2	2	1
27608	23	30	2	2	2
27609	23	30	2	3	0
27610	23	30	2	3	1
27611	23	30	2	3	2
27612	23	31	0	0	0
27613	23	31	0	0	1
27614	23	31	0	0	2
27615	23	31	0	1	0
27616	23	31	0	1	1
27617	23	31	0	1	2
27618	23	31	0	2	0
27619	23	31	0	2	1
27620	23	31	0	2	2
27621	23	31	0	3	0
27622	23	31	0	3	1
27623	23	31	0	3	2
27624	23	31	1	0	0
27625	23	31	1	0	1
27626	23	31	1	0	2
27627	23	31	1	1	0
27628	23	31	1	1	1
27629	23	31	1	1	2
27630	23	31	1	2	0
27631	23	31	1	2	1
27632	23	31	1	2	2
27633	23	31	1	3	0
27634	23	31	1	3	1
27635	23	31	1	3	2
27636	23	31	2	0	0
27637	23	31	2	0	1
27638	23	31	2	0	2
27639	23	31	2	1	0
27640	23	31	2	1	1
27641	23	31	2	1	2
27642	23	31	2	2	0
27643	23	31	2	2	1
27644	23	31	2	2	2
27645	23	31	2	3	0
27646	23	31	2	3	1
27647	23	31	2	3	2
27648	24	0	0	0	0
27649	24	0	0	0	1
27650	24	0	0	0	2
27651	24	0	0	1	0
27652	24	0	0	1	1
27653	24	0	0	1	2
27654	24	0	0	2	0
27655	24	0	0	2	1
27656	24	0	0	2	2
27657	24	0	0	3	0
27658	24	0	0	3	1
27659	24	0	0	3	2
27660	24	0	1	0	0
27661	24	0	1	0	1
27662	24	0	1	0	2
27663	24	0	1	1	0
27664	24	0	1	1	1
27665	24	0	1	1	2
27666	24	0	1	2	0
27667	24	0	1	2	1
27668	24	0	1	2	2
27669	24	0	1	3	0
27670	24	0	1	3	1
27671	24	0	1	3	2
27672	24	0	2	0	0
27673	24	0	2	0	1
27674	24	0	2	0	2
27675	24	0	2	1	0
27676	24	0	2	1	1
27677	24	0	2	1	2
27678	24	0	2	2	0
27679	24	0	2	2	1
27680	24	0	2	2	2
27681	24	0	2	3	0
27682	24	0	2	3	1
27683	24	0	2	3	2
27684	24	1	0	0	0
27685	24	1	0	0	1
27686	24	1	0	0	2
27687	24	1	0	1	0
27688	24	1	0	1	1
27689	24	1	0	1	2
27690	24	1	0	2	0
27691	24	1	0	2	1
27692	24	1	0	2	2
27693	24	1	0	3	0
27694	24	1	0	3	1
27695	24	1	0	3	2
27696	24	1	1	0	0
27697	24	1	1	0	1
27698	24	1	1	0	2
27699	24	1	1	1	0
27700	24	1	1	1	1
27701	24	1	1	1	2
27702	24	1	1	2	0
27703	24	1	1	2	1
27704	24	1	1	2	2
27705	24	1	1	3	0
27706	24	1	1	3	1
27707	24	1	1	3	2
27708	24	1	2	0	0
27709	24	1	2	0	1
27710	24	1	2	0	2
27711	24	1	2	1	0
27712	24	1	2	1	1
27713	24	1	2	1	2
27714	24	1	2	2	0
27715	24	1	2	2	1
27716	24	1	2	2	2
27717	24	1	2	3	0
27718	24	1	2	3	1
27719	24	1	2	3	2
27720	24	2	0	0	0
27721	24	2	0	0	1
27722	24	2	0	0	2
27723	24	2	0	1	0
27724	24	2	0	1	1
27725	24	2	0	1	2
27726	24	2	0	2	0
27727	24	2	0	2	1
27728	24	2	0	2	2
27729	24	2	0	3	0
27730	24	2	0	3	1
27731	24	2	0	3	2
27732	24	2	1	0	0
27733	24	2	1	0	1
27734	24	2	1	0	2
27735	24	2	1	1	0
27736	24	2	1	1	1
27737	24	2	1	1	2
27738	24	2	1	2	0
27739	24	2	1	2	1
27740	24	2	1	2	2
27741	24	2	1	3	0
27742	24	2	1	3	1
27743	24	2	1	3	2
27744	24	2	2	0	0
27745	24	2	2	0	1
27746	24	2	2	0	2
27747	24	2	2	1	0
27748	24	2	2	1	1
27749	24	2	2	1	2
27750	24	2	2	2	0
27751	24	2	2	2	1
27752	24	2	2	2	2
27753	24	2	2	3	0
27754	24	2	2	3	1
27755	24	2	2	3	2
27756	24	3	0	0	0
27757	24	3	0	0	1
27758	24	3	0	0	2
27759	24	3	0	1	0
27760	24	3	0	1	1
27761	24	3	0	1	2
27762	24	3	0	2	0
27763	24	3	0	2	1
27764	24	3	0	2	2
27765	24	3	0	3	0
27766	24	3	0	3	1
27767	24	3	0	3	2
27768	24	3	1	0	0
27769	24	3	1	0	1
27770	24	3	1	0	2
27771	24	3	1	1	0
27772	24	3	1	1	1
27773	24	3	1	1	2
27774	24	3	1	2	0
27775	24	3	1	2	1
27776	24	3	1	2	2
27777	24	3	1	3	0
27778	24	3	1	3	1
27779	24	3	1	3	2
27780	24	3	2	0	0
27781	24	3	2	0	1
27782	24	3	2	0	2
27783	24	3	2	1	0
27784	24	3	2	1	1
27785	24	3	2	1	2
27786	24	3	2	2	0
27787	24	3	2	2	1
27788	24	3	2	2	2
27789	24	3	2	3	0
27790	24	3	2	3	1
27791	24	3	2	3	2
27792	24	4	0	0	0
27793	24	4	0	0	1
27794	24	4	0	0	2
27795	24	4	0	1	0
27796	24	4	0	1	1
27797	24	4	0	1	2
27798	24	4	0	2	0
27799	24	4	0	2	1
27800	24	4	0	2	2
27801	24	4	0	3	0
27802	24	4	0	3	1
27803	24	4	0	3	2
27804	24	4	1	0	0
27805	24	4	1	0	1
27806	24	4	1	0	2
27807	24	4	1	1	0
27808	24	4	1	1	1
27809	24	4	1	1	2
27810	24	4	1	2	0
27811	24	4	1	2	1
27812	24	4	1	2	2
27813	24	4	1	3	0
27814	24	4	1	3	1
27815	24	4	1	3	2
27816	24	4	2	0	0
27817	24	4	2	0	1
27818	24	4	2	0	2
27819	24	4	2	1	0
27820	24	4	2	1	1
27821	24	4	2	1	2
27822	24	4	2	2	0
27823	24	4	2	2	1
27824	24	4	2	2	2
27825	24	4	2	3	0
27826	24	4	2	3	1
27827	24	4	2	3	2
27828	24	5	0	0	0
27829	24	5	0	0	1
27830	24	5	0	0	2
27831	24	5	0	1	0
27832	24	5	0	1	1
27833	24	5	0	1	2
27834	24	5	0	2	0
27835	24	5	0	2	1
27836	24	5	0	2	2
27837	24	5	0	3	0
27838	24	5	0	3	1
27839	24	5	0	3	2
27840	24	5	1	0	0
27841	24	5	1	0	1
27842	24	5	1	0	2
27843	24	5	1	1	0
27844	24	5	1	1	1
27845	24	5	1	1	2
27846	24	5	1	2	0
27847	24	5	1	2	1
27848	24	5	1	2	2
27849	24	5	1	3	0
27850	24	5	1	3	1
27851	24	5	1	3	2
27852	24	5	2	0	0
27853	24	5	2	0	1
27854	24	5	2	0	2
27855	24	5	2	1	0
27856	24	5	2	1	1
27857	24	5	2	1	2
27858	24	5	2	2	0
27859	24	5	2	2	1
27860	24	5	2	2	2
27861	24	5	2	3	0
27862	24	5	2	3	1
27863	24	5	2	3	2
27864	24	6	0	0	0
27865	24	6	0	0	1
27866	24	6	0	0	2
27867	24	6	0	1	0
27868	24	6	0	1	1
27869	24	6	0	1	2
27870	24	6	0	2	0
27871	24	6	0	2	1
27872	24	6	0	2	2
27873	24	6	0	3	0
27874	24	6	0	3	1
27875	24	6	0	3	2
27876	24	6	1	0	0
27877	24	6	1	0	1
27878	24	6	1	0	2
27879	24	6	1	1	0
27880	24	6	1	1	1
27881	24	6	1	1	2
27882	24	6	1	2	0
27883	24	6	1	2	1
27884	24	6	1	2	2
27885	24	6	1	3	0
27886	24	6	1	3	1
27887	24	6	1	3	2
27888	24	6	2	0	0
27889	24	6	2	0	1
27890	24	6	2	0	2
27891	24	6	2	1	0
27892	24	6	2	1	1
27893	24	6	2	1	2
27894	24	6	2	2	0
27895	24	6	2	2	1
27896	24	6	2	2	2
27897	24	6	2	3	0
27898	24	6	2	3	1
27899	24	6	2	3	2
27900	24	7	0	0	0
27901	24	7	0	0	1
27902	24	7	0	0	2
27903	24	7	0	1	0
27904	24	7	0	1	1
27905	24	7	0	1	2
27906	24	7	0	2	0
27907	24	7	0	2	1
27908	24	7	0	2	2
27909	24	7	0	3	0
27910	24	7	0	3	1
27911	24	7	0	3	2
27912	24	7	1	0	0
27913	24	7	1	0	1
27914	24	7	1	0	2
27915	24	7	1	1	0
27916	24	7	1	1	1
27917	24	7	1	1	2
27918	24	7	1	2	0
27919	24	7	1	2	1
27920	24	7	1	2	2
27921	24	7	1	3	0
27922	24	7	1	3	1
27923	24	7	1	3	2
27924	24	7	2	0	0
27925	24	7	2	0	1
27926	24	7	2	0	2
27927	24	7	2	1	0
27928	24	7	2	1	1
27929	24	7	2	1	2
27930	24	7	2	2	0
27931	24	7	2	2	1
27932	24	7	2	2	2
27933	24	7	2	3	0
27934	24	7	2	3	1
27935	24	7	2	3	2
27936	24	8	0	0	0
27937	24	8	0	0	1
27938	24	8	0	0	2
27939	24	8	0	1	0
27940	24	8	0	1	1
27941	24	8	0	1	2
27942	24	8	0	2	0
27943	24	8	0	2	1
27944	24	8	0	2	2
27945	24	8	0	3	0
27946	24	8	0	3	1
27947	24	8	0	3	2
27948	24	8	1	0	0
27949	24	8	1	0	1
27950	24	8	1	0	2
27951	24	8	1	1	0
27952	24	8	1	1	1
27953	24	8	1	1	2
27954	24	8	1	2	0
27955	24	8	1	2	1
27956	24	8	1	2	2
27957	24	8	1	3	0
27958	24	8	1	3	1
27959	24	8	1	3	2
27960	24	8	2	0	0
27961	24	8	2	0	1
27962	24	8	2	0	2
27963	24	8	2	1	0
27964	24	8	2	1	1
27965	24	8	2	1	2
27966	24	8	2	2	0
27967	24	8	2	2	1
27968	24	8	2	2	2
27969	24	8	2	3	0
27970	24	8	2	3	1
27971	24	8	2	3	2
27972	24	9	0	0	0
27973	24	9	0	0	1
27974	24	9	0	0	2
27975	24	9	0	1	0
27976	24	9	0	1	1
27977	24	9	0	1	2
27978	24	9	0	2	0
27979	24	9	0	2	1
27980	24	9	0	2	2
27981	24	9	0	3	0
27982	24	9	0	3	1
27983	24	9	0	3	2
27984	24	9	1	0	0
27985	24	9	1	0	1
27986	24	9	1	0	2
27987	24	9	1	1	0
27988	24	9	1	1	1
27989	24	9	1	1	2
27990	24	9	1	2	0
27991	24	9	1	2	1
27992	24	9	1	2	2
27993	24	9	1	3	0
27994	24	9	1	3	1
27995	24	9	1	3	2
27996	24	9	2	0	0
27997	24	9	2	0	1
27998	24	9	2	0	2
27999	24	9	2	1	0
28000	24	9	2	1	1
28001	24	9	2	1	2
28002	24	9	2	2	0
28003	24	9	2	2	1
28004	24	9	2	2	2
28005	24	9	2	3	0
28006	24	9	2	3	1
28007	24	9	2	3	2
28008	24	10	0	0	0
28009	24	10	0	0	1
28010	24	10	0	0	2
28011	24	10	0	1	0
28012	24	10	0	1	1
28013	24	10	0	1	2
28014	24	10	0	2	0
28015	24	10	0	2	1
28016	24	10	0	2	2
28017	24	10	0	3	0
28018	24	10	0	3	1
28019	24	10	0	3	2
28020	24	10	1	0	0
28021	24	10	1	0	1
28022	24	10	1	0	2
28023	24	10	1	1	0
28024	24	10	1	1	1
28025	24	10	1	1	2
28026	24	10	1	2	0
28027	24	10	1	2	1
28028	24	10	1	2	2
28029	24	10	1	3	0
28030	24	10	1	3	1
28031	24	10	1	3	2
28032	24	10	2	0	0
28033	24	10	2	0	1
28034	24	10	2	0	2
28035	24	10	2	1	0
28036	24	10	2	1	1
28037	24	10	2	1	2
28038	24	10	2	2	0
28039	24	10	2	2	1
28040	24	10	2	2	2
28041	24	10	2	3	0
28042	24	10	2	3	1
28043	24	10	2	3	2
28044	24	11	0	0	0
28045	24	11	0	0	1
28046	24	11	0	0	2
28047	24	11	0	1	0
28048	24	11	0	1	1
28049	24	11	0	1	2
28050	24	11	0	2	0
28051	24	11	0	2	1
28052	24	11	0	2	2
28053	24	11	0	3	0
28054	24	11	0	3	1
28055	24	11	0	3	2
28056	24	11	1	0	0
28057	24	11	1	0	1
28058	24	11	1	0	2
28059	24	11	1	1	0
28060	24	11	1	1	1
28061	24	11	1	1	2
28062	24	11	1	2	0
28063	24	11	1	2	1
28064	24	11	1	2	2
28065	24	11	1	3	0
28066	24	11	1	3	1
28067	24	11	1	3	2
28068	24	11	2	0	0
28069	24	11	2	0	1
28070	24	11	2	0	2
28071	24	11	2	1	0
28072	24	11	2	1	1
28073	24	11	2	1	2
28074	24	11	2	2	0
28075	24	11	2	2	1
28076	24	11	2	2	2
28077	24	11	2	3	0
28078	24	11	2	3	1
28079	24	11	2	3	2
28080	24	12	0	0	0
28081	24	12	0	0	1
28082	24	12	0	0	2
28083	24	12	0	1	0
28084	24	12	0	1	1
28085	24	12	0	1	2
28086	24	12	0	2	0
28087	24	12	0	2	1
28088	24	12	0	2	2
28089	24	12	0	3	0
28090	24	12	0	3	1
28091	24	12	0	3	2
28092	24	12	1	0	0
28093	24	12	1	0	1
28094	24	12	1	0	2
28095	24	12	1	1	0
28096	24	12	1	1	1
28097	24	12	1	1	2
28098	24	12	1	2	0
28099	24	12	1	2	1
28100	24	12	1	2	2
28101	24	12	1	3	0
28102	24	12	1	3	1
28103	24	12	1	3	2
28104	24	12	2	0	0
28105	24	12	2	0	1
28106	24	12	2	0	2
28107	24	12	2	1	0
28108	24	12	2	1	1
28109	24	12	2	1	2
28110	24	12	2	2	0
28111	24	12	2	2	1
28112	24	12	2	2	2
28113	24	12	2	3	0
28114	24	12	2	3	1
28115	24	12	2	3	2
28116	24	13	0	0	0
28117	24	13	0	0	1
28118	24	13	0	0	2
28119	24	13	0	1	0
28120	24	13	0	1	1
28121	24	13	0	1	2
28122	24	13	0	2	0
28123	24	13	0	2	1
28124	24	13	0	2	2
28125	24	13	0	3	0
28126	24	13	0	3	1
28127	24	13	0	3	2
28128	24	13	1	0	0
28129	24	13	1	0	1
28130	24	13	1	0	2
28131	24	13	1	1	0
28132	24	13	1	1	1
28133	24	13	1	1	2
28134	24	13	1	2	0
28135	24	13	1	2	1
28136	24	13	1	2	2
28137	24	13	1	3	0
28138	24	13	1	3	1
28139	24	13	1	3	2
28140	24	13	2	0	0
28141	24	13	2	0	1
28142	24	13	2	0	2
28143	24	13	2	1	0
28144	24	13	2	1	1
28145	24	13	2	1	2
28146	24	13	2	2	0
28147	24	13	2	2	1
28148	24	13	2	2	2
28149	24	13	2	3	0
28150	24	13	2	3	1
28151	24	13	2	3	2
28152	24	14	0	0	0
28153	24	14	0	0	1
28154	24	14	0	0	2
28155	24	14	0	1	0
28156	24	14	0	1	1
28157	24	14	0	1	2
28158	24	14	0	2	0
28159	24	14	0	2	1
28160	24	14	0	2	2
28161	24	14	0	3	0
28162	24	14	0	3	1
28163	24	14	0	3	2
28164	24	14	1	0	0
28165	24	14	1	0	1
28166	24	14	1	0	2
28167	24	14	1	1	0
28168	24	14	1	1	1
28169	24	14	1	1	2
28170	24	14	1	2	0
28171	24	14	1	2	1
28172	24	14	1	2	2
28173	24	14	1	3	0
28174	24	14	1	3	1
28175	24	14	1	3	2
28176	24	14	2	0	0
28177	24	14	2	0	1
28178	24	14	2	0	2
28179	24	14	2	1	0
28180	24	14	2	1	1
28181	24	14	2	1	2
28182	24	14	2	2	0
28183	24	14	2	2	1
28184	24	14	2	2	2
28185	24	14	2	3	0
28186	24	14	2	3	1
28187	24	14	2	3	2
28188	24	15	0	0	0
28189	24	15	0	0	1
28190	24	15	0	0	2
28191	24	15	0	1	0
28192	24	15	0	1	1
28193	24	15	0	1	2
28194	24	15	0	2	0
28195	24	15	0	2	1
28196	24	15	0	2	2
28197	24	15	0	3	0
28198	24	15	0	3	1
28199	24	15	0	3	2
28200	24	15	1	0	0
28201	24	15	1	0	1
28202	24	15	1	0	2
28203	24	15	1	1	0
28204	24	15	1	1	1
28205	24	15	1	1	2
28206	24	15	1	2	0
28207	24	15	1	2	1
28208	24	15	1	2	2
28209	24	15	1	3	0
28210	24	15	1	3	1
28211	24	15	1	3	2
28212	24	15	2	0	0
28213	24	15	2	0	1
28214	24	15	2	0	2
28215	24	15	2	1	0
28216	24	15	2	1	1
28217	24	15	2	1	2
28218	24	15	2	2	0
28219	24	15	2	2	1
28220	24	15	2	2	2
28221	24	15	2	3	0
28222	24	15	2	3	1
28223	24	15	2	3	2
28224	24	16	0	0	0
28225	24	16	0	0	1
28226	24	16	0	0	2
28227	24	16	0	1	0
28228	24	16	0	1	1
28229	24	16	0	1	2
28230	24	16	0	2	0
28231	24	16	0	2	1
28232	24	16	0	2	2
28233	24	16	0	3	0
28234	24	16	0	3	1
28235	24	16	0	3	2
28236	24	16	1	0	0
28237	24	16	1	0	1
28238	24	16	1	0	2
28239	24	16	1	1	0
28240	24	16	1	1	1
28241	24	16	1	1	2
28242	24	16	1	2	0
28243	24	16	1	2	1
28244	24	16	1	2	2
28245	24	16	1	3	0
28246	24	16	1	3	1
28247	24	16	1	3	2
28248	24	16	2	0	0
28249	24	16	2	0	1
28250	24	16	2	0	2
28251	24	16	2	1	0
28252	24	16	2	1	1
28253	24	16	2	1	2
28254	24	16	2	2	0
28255	24	16	2	2	1
28256	24	16	2	2	2
28257	24	16	2	3	0
28258	24	16	2	3	1
28259	24	16	2	3	2
28260	24	17	0	0	0
28261	24	17	0	0	1
28262	24	17	0	0	2
28263	24	17	0	1	0
28264	24	17	0	1	1
28265	24	17	0	1	2
28266	24	17	0	2	0
28267	24	17	0	2	1
28268	24	17	0	2	2
28269	24	17	0	3	0
28270	24	17	0	3	1
28271	24	17	0	3	2
28272	24	17	1	0	0
28273	24	17	1	0	1
28274	24	17	1	0	2
28275	24	17	1	1	0
28276	24	17	1	1	1
28277	24	17	1	1	2
28278	24	17	1	2	0
28279	24	17	1	2	1
28280	24	17	1	2	2
28281	24	17	1	3	0
28282	24	17	1	3	1
28283	24	17	1	3	2
28284	24	17	2	0	0
28285	24	17	2	0	1
28286	24	17	2	0	2
28287	24	17	2	1	0
28288	24	17	2	1	1
28289	24	17	2	1	2
28290	24	17	2	2	0
28291	24	17	2	2	1
28292	24	17	2	2	2
28293	24	17	2	3	0
28294	24	17	2	3	1
28295	24	17	2	3	2
28296	24	18	0	0	0
28297	24	18	0	0	1
28298	24	18	0	0	2
28299	24	18	0	1	0
28300	24	18	0	1	1
28301	24	18	0	1	2
28302	24	18	0	2	0
28303	24	18	0	2	1
28304	24	18	0	2	2
28305	24	18	0	3	0
28306	24	18	0	3	1
28307	24	18	0	3	2
28308	24	18	1	0	0
28309	24	18	1	0	1
28310	24	18	1	0	2
28311	24	18	1	1	0
28312	24	18	1	1	1
28313	24	18	1	1	2
28314	24	18	1	2	0
28315	24	18	1	2	1
28316	24	18	1	2	2
28317	24	18	1	3	0
28318	24	18	1	3	1
28319	24	18	1	3	2
28320	24	18	2	0	0
28321	24	18	2	0	1
28322	24	18	2	0	2
28323	24	18	2	1	0
28324	24	18	2	1	1
28325	24	18	2	1	2
28326	24	18	2	2	0
28327	24	18	2	2	1
28328	24	18	2	2	2
28329	24	18	2	3	0
28330	24	18	2	3	1
28331	24	18	2	3	2
28332	24	19	0	0	0
28333	24	19	0	0	1
28334	24	19	0	0	2
28335	24	19	0	1	0
28336	24	19	0	1	1
28337	24	19	0	1	2
28338	24	19	0	2	0
28339	24	19	0	2	1
28340	24	19	0	2	2
28341	24	19	0	3	0
28342	24	19	0	3	1
28343	24	19	0	3	2
28344	24	19	1	0	0
28345	24	19	1	0	1
28346	24	19	1	0	2
28347	24	19	1	1	0
28348	24	19	1	1	1
28349	24	19	1	1	2
28350	24	19	1	2	0
28351	24	19	1	2	1
28352	24	19	1	2	2
28353	24	19	1	3	0
28354	24	19	1	3	1
28355	24	19	1	3	2
28356	24	19	2	0	0
28357	24	19	2	0	1
28358	24	19	2	0	2
28359	24	19	2	1	0
28360	24	19	2	1	1
28361	24	19	2	1	2
28362	24	19	2	2	0
28363	24	19	2	2	1
28364	24	19	2	2	2
28365	24	19	2	3	0
28366	24	19	2	3	1
28367	24	19	2	3	2
28368	24	20	0	0	0
28369	24	20	0	0	1
28370	24	20	0	0	2
28371	24	20	0	1	0
28372	24	20	0	1	1
28373	24	20	0	1	2
28374	24	20	0	2	0
28375	24	20	0	2	1
28376	24	20	0	2	2
28377	24	20	0	3	0
28378	24	20	0	3	1
28379	24	20	0	3	2
28380	24	20	1	0	0
28381	24	20	1	0	1
28382	24	20	1	0	2
28383	24	20	1	1	0
28384	24	20	1	1	1
28385	24	20	1	1	2
28386	24	20	1	2	0
28387	24	20	1	2	1
28388	24	20	1	2	2
28389	24	20	1	3	0
28390	24	20	1	3	1
28391	24	20	1	3	2
28392	24	20	2	0	0
28393	24	20	2	0	1
28394	24	20	2	0	2
28395	24	20	2	1	0
28396	24	20	2	1	1
28397	24	20	2	1	2
28398	24	20	2	2	0
28399	24	20	2	2	1
28400	24	20	2	2	2
28401	24	20	2	3	0
28402	24	20	2	3	1
28403	24	20	2	3	2
28404	24	21	0	0	0
28405	24	21	0	0	1
28406	24	21	0	0	2
28407	24	21	0	1	0
28408	24	21	0	1	1
28409	24	21	0	1	2
28410	24	21	0	2	0
28411	24	21	0	2	1
28412	24	21	0	2	2
28413	24	21	0	3	0
28414	24	21	0	3	1
28415	24	21	0	3	2
28416	24	21	1	0	0
28417	24	21	1	0	1
28418	24	21	1	0	2
28419	24	21	1	1	0
28420	24	21	1	1	1
28421	24	21	1	1	2
28422	24	21	1	2	0
28423	24	21	1	2	1
28424	24	21	1	2	2
28425	24	21	1	3	0
28426	24	21	1	3	1
28427	24	21	1	3	2
28428	24	21	2	0	0
28429	24	21	2	0	1
28430	24	21	2	0	2
28431	24	21	2	1	0
28432	24	21	2	1	1
28433	24	21	2	1	2
28434	24	21	2	2	0
28435	24	21	2	2	1
28436	24	21	2	2	2
28437	24	21	2	3	0
28438	24	21	2	3	1
28439	24	21	2	3	2
28440	24	22	0	0	0
28441	24	22	0	0	1
28442	24	22	0	0	2
28443	24	22	0	1	0
28444	24	22	0	1	1
28445	24	22	0	1	2
28446	24	22	0	2	0
28447	24	22	0	2	1
28448	24	22	0	2	2
28449	24	22	0	3	0
28450	24	22	0	3	1
28451	24	22	0	3	2
28452	24	22	1	0	0
28453	24	22	1	0	1
28454	24	22	1	0	2
28455	24	22	1	1	0
28456	24	22	1	1	1
28457	24	22	1	1	2
28458	24	22	1	2	0
28459	24	22	1	2	1
28460	24	22	1	2	2
28461	24	22	1	3	0
28462	24	22	1	3	1
28463	24	22	1	3	2
28464	24	22	2	0	0
28465	24	22	2	0	1
28466	24	22	2	0	2
28467	24	22	2	1	0
28468	24	22	2	1	1
28469	24	22	2	1	2
28470	24	22	2	2	0
28471	24	22	2	2	1
28472	24	22	2	2	2
28473	24	22	2	3	0
28474	24	22	2	3	1
28475	24	22	2	3	2
28476	24	23	0	0	0
28477	24	23	0	0	1
28478	24	23	0	0	2
28479	24	23	0	1	0
28480	24	23	0	1	1
28481	24	23	0	1	2
28482	24	23	0	2	0
28483	24	23	0	2	1
28484	24	23	0	2	2
28485	24	23	0	3	0
28486	24	23	0	3	1
28487	24	23	0	3	2
28488	24	23	1	0	0
28489	24	23	1	0	1
28490	24	23	1	0	2
28491	24	23	1	1	0
28492	24	23	1	1	1
28493	24	23	1	1	2
28494	24	23	1	2	0
28495	24	23	1	2	1
28496	24	23	1	2	2
28497	24	23	1	3	0
28498	24	23	1	3	1
28499	24	23	1	3	2
28500	24	23	2	0	0
28501	24	23	2	0	1
28502	24	23	2	0	2
28503	24	23	2	1	0
28504	24	23	2	1	1
28505	24	23	2	1	2
28506	24	23	2	2	0
28507	24	23	2	2	1
28508	24	23	2	2	2
28509	24	23	2	3	0
28510	24	23	2	3	1
28511	24	23	2	3	2
28512	24	24	0	0	0
28513	24	24	0	0	1
28514	24	24	0	0	2
28515	24	24	0	1	0
28516	24	24	0	1	1
28517	24	24	0	1	2
28518	24	24	0	2	0
28519	24	24	0	2	1
28520	24	24	0	2	2
28521	24	24	0	3	0
28522	24	24	0	3	1
28523	24	24	0	3	2
28524	24	24	1	0	0
28525	24	24	1	0	1
28526	24	24	1	0	2
28527	24	24	1	1	0
28528	24	24	1	1	1
28529	24	24	1	1	2
28530	24	24	1	2	0
28531	24	24	1	2	1
28532	24	24	1	2	2
28533	24	24	1	3	0
28534	24	24	1	3	1
28535	24	24	1	3	2
28536	24	24	2	0	0
28537	24	24	2	0	1
28538	24	24	2	0	2
28539	24	24	2	1	0
28540	24	24	2	1	1
28541	24	24	2	1	2
28542	24	24	2	2	0
28543	24	24	2	2	1
28544	24	24	2	2	2
28545	24	24	2	3	0
28546	24	24	2	3	1
28547	24	24	2	3	2
28548	24	25	0	0	0
28549	24	25	0	0	1
28550	24	25	0	0	2
28551	24	25	0	1	0
28552	24	25	0	1	1
28553	24	25	0	1	2
28554	24	25	0	2	0
28555	24	25	0	2	1
28556	24	25	0	2	2
28557	24	25	0	3	0
28558	24	25	0	3	1
28559	24	25	0	3	2
28560	24	25	1	0	0
28561	24	25	1	0	1
28562	24	25	1	0	2
28563	24	25	1	1	0
28564	24	25	1	1	1
28565	24	25	1	1	2
28566	24	25	1	2	0
28567	24	25	1	2	1
28568	24	25	1	2	2
28569	24	25	1	3	0
28570	24	25	1	3	1
28571	24	25	1	3	2
28572	24	25	2	0	0
28573	24	25	2	0	1
28574	24	25	2	0	2
28575	24	25	2	1	0
28576	24	25	2	1	1
28577	24	25	2	1	2
28578	24	25	2	2	0
28579	24	25	2	2	1
28580	24	25	2	2	2
28581	24	25	2	3	0
28582	24	25	2	3	1
28583	24	25	2	3	2
28584	24	26	0	0	0
28585	24	26	0	0	1
28586	24	26	0	0	2
28587	24	26	0	1	0
28588	24	26	0	1	1
28589	24	26	0	1	2
28590	24	26	0	2	0
28591	24	26	0	2	1
28592	24	26	0	2	2
28593	24	26	0	3	0
28594	24	26	0	3	1
28595	24	26	0	3	2
28596	24	26	1	0	0
28597	24	26	1	0	1
28598	24	26	1	0	2
28599	24	26	1	1	0
28600	24	26	1	1	1
28601	24	26	1	1	2
28602	24	26	1	2	0
28603	24	26	1	2	1
28604	24	26	1	2	2
28605	24	26	1	3	0
28606	24	26	1	3	1
28607	24	26	1	3	2
28608	24	26	2	0	0
28609	24	26	2	0	1
28610	24	26	2	0	2
28611	24	26	2	1	0
28612	24	26	2	1	1
28613	24	26	2	1	2
28614	24	26	2	2	0
28615	24	26	2	2	1
28616	24	26	2	2	2
28617	24	26	2	3	0
28618	24	26	2	3	1
28619	24	26	2	3	2
28620	24	27	0	0	0
28621	24	27	0	0	1
28622	24	27	0	0	2
28623	24	27	0	1	0
28624	24	27	0	1	1
28625	24	27	0	1	2
28626	24	27	0	2	0
28627	24	27	0	2	1
28628	24	27	0	2	2
28629	24	27	0	3	0
28630	24	27	0	3	1
28631	24	27	0	3	2
28632	24	27	1	0	0
28633	24	27	1	0	1
28634	24	27	1	0	2
28635	24	27	1	1	0
28636	24	27	1	1	1
28637	24	27	1	1	2
28638	24	27	1	2	0
28639	24	27	1	2	1
28640	24	27	1	2	2
28641	24	27	1	3	0
28642	24	27	1	3	1
28643	24	27	1	3	2
28644	24	27	2	0	0
28645	24	27	2	0	1
28646	24	27	2	0	2
28647	24	27	2	1	0
28648	24	27	2	1	1
28649	24	27	2	1	2
28650	24	27	2	2	0
28651	24	27	2	2	1
28652	24	27	2	2	2
28653	24	27	2	3	0
28654	24	27	2	3	1
28655	24	27	2	3	2
28656	24	28	0	0	0
28657	24	28	0	0	1
28658	24	28	0	0	2
28659	24	28	0	1	0
28660	24	28	0	1	1
28661	24	28	0	1	2
28662	24	28	0	2	0
28663	24	28	0	2	1
28664	24	28	0	2	2
28665	24	28	0	3	0
28666	24	28	0	3	1
28667	24	28	0	3	2
28668	24	28	1	0	0
28669	24	28	1	0	1
28670	24	28	1	0	2
28671	24	28	1	1	0
28672	24	28	1	1	1
28673	24	28	1	1	2
28674	24	28	1	2	0
28675	24	28	1	2	1
28676	24	28	1	2	2
28677	24	28	1	3	0
28678	24	28	1	3	1
28679	24	28	1	3	2
28680	24	28	2	0	0
28681	24	28	2	0	1
28682	24	28	2	0	2
28683	24	28	2	1	0
28684	24	28	2	1	1
28685	24	28	2	1	2
28686	24	28	2	2	0
28687	24	28	2	2	1
28688	24	28	2	2	2
28689	24	28	2	3	0
28690	24	28	2	3	1
28691	24	28	2	3	2
28692	24	29	0	0	0
28693	24	29	0	0	1
28694	24	29	0	0	2
28695	24	29	0	1	0
28696	24	29	0	1	1
28697	24	29	0	1	2
28698	24	29	0	2	0
28699	24	29	0	2	1
28700	24	29	0	2	2
28701	24	29	0	3	0
28702	24	29	0	3	1
28703	24	29	0	3	2
28704	24	29	1	0	0
28705	24	29	1	0	1
28706	24	29	1	0	2
28707	24	29	1	1	0
28708	24	29	1	1	1
28709	24	29	1	1	2
28710	24	29	1	2	0
28711	24	29	1	2	1
28712	24	29	1	2	2
28713	24	29	1	3	0
28714	24	29	1	3	1
28715	24	29	1	3	2
28716	24	29	2	0	0
28717	24	29	2	0	1
28718	24	29	2	0	2
28719	24	29	2	1	0
28720	24	29	2	1	1
28721	24	29	2	1	2
28722	24	29	2	2	0
28723	24	29	2	2	1
28724	24	29	2	2	2
28725	24	29	2	3	0
28726	24	29	2	3	1
28727	24	29	2	3	2
28728	24	30	0	0	0
28729	24	30	0	0	1
28730	24	30	0	0	2
28731	24	30	0	1	0
28732	24	30	0	1	1
28733	24	30	0	1	2
28734	24	30	0	2	0
28735	24	30	0	2	1
28736	24	30	0	2	2
28737	24	30	0	3	0
28738	24	30	0	3	1
28739	24	30	0	3	2
28740	24	30	1	0	0
28741	24	30	1	0	1
28742	24	30	1	0	2
28743	24	30	1	1	0
28744	24	30	1	1	1
28745	24	30	1	1	2
28746	24	30	1	2	0
28747	24	30	1	2	1
28748	24	30	1	2	2
28749	24	30	1	3	0
28750	24	30	1	3	1
28751	24	30	1	3	2
28752	24	30	2	0	0
28753	24	30	2	0	1
28754	24	30	2	0	2
28755	24	30	2	1	0
28756	24	30	2	1	1
28757	24	30	2	1	2
28758	24	30	2	2	0
28759	24	30	2	2	1
28760	24	30	2	2	2
28761	24	30	2	3	0
28762	24	30	2	3	1
28763	24	30	2	3	2
28764	24	31	0	0	0
28765	24	31	0	0	1
28766	24	31	0	0	2
28767	24	31	0	1	0
28768	24	31	0	1	1
28769	24	31	0	1	2
28770	24	31	0	2	0
28771	24	31	0	2	1
28772	24	31	0	2	2
28773	24	31	0	3	0
28774	24	31	0	3	1
28775	24	31	0	3	2
28776	24	31	1	0	0
28777	24	31	1	0	1
28778	24	31	1	0	2
28779	24	31	1	1	0
28780	24	31	1	1	1
28781	24	31	1	1	2
28782	24	31	1	2	0
28783	24	31	1	2	1
28784	24	31	1	2	2
28785	24	31	1	3	0
28786	24	31	1	3	1
28787	24	31	1	3	2
28788	24	31	2	0	0
28789	24	31	2	0	1
28790	24	31	2	0	2
28791	24	31	2	1	0
28792	24	31	2	1	1
28793	24	31	2	1	2
28794	24	31	2	2	0
28795	24	31	2	2	1
28796	24	31	2	2	2
28797	24	31	2	3	0
28798	24	31	2	3	1
28799	24	31	2	3	2
28800	25	0	0	0	0
28801	25	0	0	0	1
28802	25	0	0	0	2
28803	25	0	0	1	0
28804	25	0	0	1	1
28805	25	0	0	1	2
28806	25	0	0	2	0
28807	25	0	0	2	1
28808	25	0	0	2	2
28809	25	0	0	3	0
28810	25	0	0	3	1
28811	25	0	0	3	2
28812	25	0	1	0	0
28813	25	0	1	0	1
28814	25	0	1	0	2
28815	25	0	1	1	0
28816	25	0	1	1	1
28817	25	0	1	1	2
28818	25	0	1	2	0
28819	25	0	1	2	1
28820	25	0	1	2	2
28821	25	0	1	3	0
28822	25	0	1	3	1
28823	25	0	1	3	2
28824	25	0	2	0	0
28825	25	0	2	0	1
28826	25	0	2	0	2
28827	25	0	2	1	0
28828	25	0	2	1	1
28829	25	0	2	1	2
28830	25	0	2	2	0
28831	25	0	2	2	1
28832	25	0	2	2	2
28833	25	0	2	3	0
28834	25	0	2	3	1
28835	25	0	2	3	2
28836	25	1	0	0	0
28837	25	1	0	0	1
28838	25	1	0	0	2
28839	25	1	0	1	0
28840	25	1	0	1	1
28841	25	1	0	1	2
28842	25	1	0	2	0
28843	25	1	0	2	1
28844	25	1	0	2	2
28845	25	1	0	3	0
28846	25	1	0	3	1
28847	25	1	0	3	2
28848	25	1	1	0	0
28849	25	1	1	0	1
28850	25	1	1	0	2
28851	25	1	1	1	0
28852	25	1	1	1	1
28853	25	1	1	1	2
28854	25	1	1	2	0
28855	25	1	1	2	1
28856	25	1	1	2	2
28857	25	1	1	3	0
28858	25	1	1	3	1
28859	25	1	1	3	2
28860	25	1	2	0	0
28861	25	1	2	0	1
28862	25	1	2	0	2
28863	25	1	2	1	0
28864	25	1	2	1	1
28865	25	1	2	1	2
28866	25	1	2	2	0
28867	25	1	2	2	1
28868	25	1	2	2	2
28869	25	1	2	3	0
28870	25	1	2	3	1
28871	25	1	2	3	2
28872	25	2	0	0	0
28873	25	2	0	0	1
28874	25	2	0	0	2
28875	25	2	0	1	0
28876	25	2	0	1	1
28877	25	2	0	1	2
28878	25	2	0	2	0
28879	25	2	0	2	1
28880	25	2	0	2	2
28881	25	2	0	3	0
28882	25	2	0	3	1
28883	25	2	0	3	2
28884	25	2	1	0	0
28885	25	2	1	0	1
28886	25	2	1	0	2
28887	25	2	1	1	0
28888	25	2	1	1	1
28889	25	2	1	1	2
28890	25	2	1	2	0
28891	25	2	1	2	1
28892	25	2	1	2	2
28893	25	2	1	3	0
28894	25	2	1	3	1
28895	25	2	1	3	2
28896	25	2	2	0	0
28897	25	2	2	0	1
28898	25	2	2	0	2
28899	25	2	2	1	0
28900	25	2	2	1	1
28901	25	2	2	1	2
28902	25	2	2	2	0
28903	25	2	2	2	1
28904	25	2	2	2	2
28905	25	2	2	3	0
28906	25	2	2	3	1
28907	25	2	2	3	2
28908	25	3	0	0	0
28909	25	3	0	0	1
28910	25	3	0	0	2
28911	25	3	0	1	0
28912	25	3	0	1	1
28913	25	3	0	1	2
28914	25	3	0	2	0
28915	25	3	0	2	1
28916	25	3	0	2	2
28917	25	3	0	3	0
28918	25	3	0	3	1
28919	25	3	0	3	2
28920	25	3	1	0	0
28921	25	3	1	0	1
28922	25	3	1	0	2
28923	25	3	1	1	0
28924	25	3	1	1	1
28925	25	3	1	1	2
28926	25	3	1	2	0
28927	25	3	1	2	1
28928	25	3	1	2	2
28929	25	3	1	3	0
28930	25	3	1	3	1
28931	25	3	1	3	2
28932	25	3	2	0	0
28933	25	3	2	0	1
28934	25	3	2	0	2
28935	25	3	2	1	0
28936	25	3	2	1	1
28937	25	3	2	1	2
28938	25	3	2	2	0
28939	25	3	2	2	1
28940	25	3	2	2	2
28941	25	3	2	3	0
28942	25	3	2	3	1
28943	25	3	2	3	2
28944	25	4	0	0	0
28945	25	4	0	0	1
28946	25	4	0	0	2
28947	25	4	0	1	0
28948	25	4	0	1	1
28949	25	4	0	1	2
28950	25	4	0	2	0
28951	25	4	0	2	1
28952	25	4	0	2	2
28953	25	4	0	3	0
28954	25	4	0	3	1
28955	25	4	0	3	2
28956	25	4	1	0	0
28957	25	4	1	0	1
28958	25	4	1	0	2
28959	25	4	1	1	0
28960	25	4	1	1	1
28961	25	4	1	1	2
28962	25	4	1	2	0
28963	25	4	1	2	1
28964	25	4	1	2	2
28965	25	4	1	3	0
28966	25	4	1	3	1
28967	25	4	1	3	2
28968	25	4	2	0	0
28969	25	4	2	0	1
28970	25	4	2	0	2
28971	25	4	2	1	0
28972	25	4	2	1	1
28973	25	4	2	1	2
28974	25	4	2	2	0
28975	25	4	2	2	1
28976	25	4	2	2	2
28977	25	4	2	3	0
28978	25	4	2	3	1
28979	25	4	2	3	2
28980	25	5	0	0	0
28981	25	5	0	0	1
28982	25	5	0	0	2
28983	25	5	0	1	0
28984	25	5	0	1	1
28985	25	5	0	1	2
28986	25	5	0	2	0
28987	25	5	0	2	1
28988	25	5	0	2	2
28989	25	5	0	3	0
28990	25	5	0	3	1
28991	25	5	0	3	2
28992	25	5	1	0	0
28993	25	5	1	0	1
28994	25	5	1	0	2
28995	25	5	1	1	0
28996	25	5	1	1	1
28997	25	5	1	1	2
28998	25	5	1	2	0
28999	25	5	1	2	1
29000	25	5	1	2	2
29001	25	5	1	3	0
29002	25	5	1	3	1
29003	25	5	1	3	2
29004	25	5	2	0	0
29005	25	5	2	0	1
29006	25	5	2	0	2
29007	25	5	2	1	0
29008	25	5	2	1	1
29009	25	5	2	1	2
29010	25	5	2	2	0
29011	25	5	2	2	1
29012	25	5	2	2	2
29013	25	5	2	3	0
29014	25	5	2	3	1
29015	25	5	2	3	2
29016	25	6	0	0	0
29017	25	6	0	0	1
29018	25	6	0	0	2
29019	25	6	0	1	0
29020	25	6	0	1	1
29021	25	6	0	1	2
29022	25	6	0	2	0
29023	25	6	0	2	1
29024	25	6	0	2	2
29025	25	6	0	3	0
29026	25	6	0	3	1
29027	25	6	0	3	2
29028	25	6	1	0	0
29029	25	6	1	0	1
29030	25	6	1	0	2
29031	25	6	1	1	0
29032	25	6	1	1	1
29033	25	6	1	1	2
29034	25	6	1	2	0
29035	25	6	1	2	1
29036	25	6	1	2	2
29037	25	6	1	3	0
29038	25	6	1	3	1
29039	25	6	1	3	2
29040	25	6	2	0	0
29041	25	6	2	0	1
29042	25	6	2	0	2
29043	25	6	2	1	0
29044	25	6	2	1	1
29045	25	6	2	1	2
29046	25	6	2	2	0
29047	25	6	2	2	1
29048	25	6	2	2	2
29049	25	6	2	3	0
29050	25	6	2	3	1
29051	25	6	2	3	2
29052	25	7	0	0	0
29053	25	7	0	0	1
29054	25	7	0	0	2
29055	25	7	0	1	0
29056	25	7	0	1	1
29057	25	7	0	1	2
29058	25	7	0	2	0
29059	25	7	0	2	1
29060	25	7	0	2	2
29061	25	7	0	3	0
29062	25	7	0	3	1
29063	25	7	0	3	2
29064	25	7	1	0	0
29065	25	7	1	0	1
29066	25	7	1	0	2
29067	25	7	1	1	0
29068	25	7	1	1	1
29069	25	7	1	1	2
29070	25	7	1	2	0
29071	25	7	1	2	1
29072	25	7	1	2	2
29073	25	7	1	3	0
29074	25	7	1	3	1
29075	25	7	1	3	2
29076	25	7	2	0	0
29077	25	7	2	0	1
29078	25	7	2	0	2
29079	25	7	2	1	0
29080	25	7	2	1	1
29081	25	7	2	1	2
29082	25	7	2	2	0
29083	25	7	2	2	1
29084	25	7	2	2	2
29085	25	7	2	3	0
29086	25	7	2	3	1
29087	25	7	2	3	2
29088	25	8	0	0	0
29089	25	8	0	0	1
29090	25	8	0	0	2
29091	25	8	0	1	0
29092	25	8	0	1	1
29093	25	8	0	1	2
29094	25	8	0	2	0
29095	25	8	0	2	1
29096	25	8	0	2	2
29097	25	8	0	3	0
29098	25	8	0	3	1
29099	25	8	0	3	2
29100	25	8	1	0	0
29101	25	8	1	0	1
29102	25	8	1	0	2
29103	25	8	1	1	0
29104	25	8	1	1	1
29105	25	8	1	1	2
29106	25	8	1	2	0
29107	25	8	1	2	1
29108	25	8	1	2	2
29109	25	8	1	3	0
29110	25	8	1	3	1
29111	25	8	1	3	2
29112	25	8	2	0	0
29113	25	8	2	0	1
29114	25	8	2	0	2
29115	25	8	2	1	0
29116	25	8	2	1	1
29117	25	8	2	1	2
29118	25	8	2	2	0
29119	25	8	2	2	1
29120	25	8	2	2	2
29121	25	8	2	3	0
29122	25	8	2	3	1
29123	25	8	2	3	2
29124	25	9	0	0	0
29125	25	9	0	0	1
29126	25	9	0	0	2
29127	25	9	0	1	0
29128	25	9	0	1	1
29129	25	9	0	1	2
29130	25	9	0	2	0
29131	25	9	0	2	1
29132	25	9	0	2	2
29133	25	9	0	3	0
29134	25	9	0	3	1
29135	25	9	0	3	2
29136	25	9	1	0	0
29137	25	9	1	0	1
29138	25	9	1	0	2
29139	25	9	1	1	0
29140	25	9	1	1	1
29141	25	9	1	1	2
29142	25	9	1	2	0
29143	25	9	1	2	1
29144	25	9	1	2	2
29145	25	9	1	3	0
29146	25	9	1	3	1
29147	25	9	1	3	2
29148	25	9	2	0	0
29149	25	9	2	0	1
29150	25	9	2	0	2
29151	25	9	2	1	0
29152	25	9	2	1	1
29153	25	9	2	1	2
29154	25	9	2	2	0
29155	25	9	2	2	1
29156	25	9	2	2	2
29157	25	9	2	3	0
29158	25	9	2	3	1
29159	25	9	2	3	2
29160	25	10	0	0	0
29161	25	10	0	0	1
29162	25	10	0	0	2
29163	25	10	0	1	0
29164	25	10	0	1	1
29165	25	10	0	1	2
29166	25	10	0	2	0
29167	25	10	0	2	1
29168	25	10	0	2	2
29169	25	10	0	3	0
29170	25	10	0	3	1
29171	25	10	0	3	2
29172	25	10	1	0	0
29173	25	10	1	0	1
29174	25	10	1	0	2
29175	25	10	1	1	0
29176	25	10	1	1	1
29177	25	10	1	1	2
29178	25	10	1	2	0
29179	25	10	1	2	1
29180	25	10	1	2	2
29181	25	10	1	3	0
29182	25	10	1	3	1
29183	25	10	1	3	2
29184	25	10	2	0	0
29185	25	10	2	0	1
29186	25	10	2	0	2
29187	25	10	2	1	0
29188	25	10	2	1	1
29189	25	10	2	1	2
29190	25	10	2	2	0
29191	25	10	2	2	1
29192	25	10	2	2	2
29193	25	10	2	3	0
29194	25	10	2	3	1
29195	25	10	2	3	2
29196	25	11	0	0	0
29197	25	11	0	0	1
29198	25	11	0	0	2
29199	25	11	0	1	0
29200	25	11	0	1	1
29201	25	11	0	1	2
29202	25	11	0	2	0
29203	25	11	0	2	1
29204	25	11	0	2	2
29205	25	11	0	3	0
29206	25	11	0	3	1
29207	25	11	0	3	2
29208	25	11	1	0	0
29209	25	11	1	0	1
29210	25	11	1	0	2
29211	25	11	1	1	0
29212	25	11	1	1	1
29213	25	11	1	1	2
29214	25	11	1	2	0
29215	25	11	1	2	1
29216	25	11	1	2	2
29217	25	11	1	3	0
29218	25	11	1	3	1
29219	25	11	1	3	2
29220	25	11	2	0	0
29221	25	11	2	0	1
29222	25	11	2	0	2
29223	25	11	2	1	0
29224	25	11	2	1	1
29225	25	11	2	1	2
29226	25	11	2	2	0
29227	25	11	2	2	1
29228	25	11	2	2	2
29229	25	11	2	3	0
29230	25	11	2	3	1
29231	25	11	2	3	2
29232	25	12	0	0	0
29233	25	12	0	0	1
29234	25	12	0	0	2
29235	25	12	0	1	0
29236	25	12	0	1	1
29237	25	12	0	1	2
29238	25	12	0	2	0
29239	25	12	0	2	1
29240	25	12	0	2	2
29241	25	12	0	3	0
29242	25	12	0	3	1
29243	25	12	0	3	2
29244	25	12	1	0	0
29245	25	12	1	0	1
29246	25	12	1	0	2
29247	25	12	1	1	0
29248	25	12	1	1	1
29249	25	12	1	1	2
29250	25	12	1	2	0
29251	25	12	1	2	1
29252	25	12	1	2	2
29253	25	12	1	3	0
29254	25	12	1	3	1
29255	25	12	1	3	2
29256	25	12	2	0	0
29257	25	12	2	0	1
29258	25	12	2	0	2
29259	25	12	2	1	0
29260	25	12	2	1	1
29261	25	12	2	1	2
29262	25	12	2	2	0
29263	25	12	2	2	1
29264	25	12	2	2	2
29265	25	12	2	3	0
29266	25	12	2	3	1
29267	25	12	2	3	2
29268	25	13	0	0	0
29269	25	13	0	0	1
29270	25	13	0	0	2
29271	25	13	0	1	0
29272	25	13	0	1	1
29273	25	13	0	1	2
29274	25	13	0	2	0
29275	25	13	0	2	1
29276	25	13	0	2	2
29277	25	13	0	3	0
29278	25	13	0	3	1
29279	25	13	0	3	2
29280	25	13	1	0	0
29281	25	13	1	0	1
29282	25	13	1	0	2
29283	25	13	1	1	0
29284	25	13	1	1	1
29285	25	13	1	1	2
29286	25	13	1	2	0
29287	25	13	1	2	1
29288	25	13	1	2	2
29289	25	13	1	3	0
29290	25	13	1	3	1
29291	25	13	1	3	2
29292	25	13	2	0	0
29293	25	13	2	0	1
29294	25	13	2	0	2
29295	25	13	2	1	0
29296	25	13	2	1	1
29297	25	13	2	1	2
29298	25	13	2	2	0
29299	25	13	2	2	1
29300	25	13	2	2	2
29301	25	13	2	3	0
29302	25	13	2	3	1
29303	25	13	2	3	2
29304	25	14	0	0	0
29305	25	14	0	0	1
29306	25	14	0	0	2
29307	25	14	0	1	0
29308	25	14	0	1	1
29309	25	14	0	1	2
29310	25	14	0	2	0
29311	25	14	0	2	1
29312	25	14	0	2	2
29313	25	14	0	3	0
29314	25	14	0	3	1
29315	25	14	0	3	2
29316	25	14	1	0	0
29317	25	14	1	0	1
29318	25	14	1	0	2
29319	25	14	1	1	0
29320	25	14	1	1	1
29321	25	14	1	1	2
29322	25	14	1	2	0
29323	25	14	1	2	1
29324	25	14	1	2	2
29325	25	14	1	3	0
29326	25	14	1	3	1
29327	25	14	1	3	2
29328	25	14	2	0	0
29329	25	14	2	0	1
29330	25	14	2	0	2
29331	25	14	2	1	0
29332	25	14	2	1	1
29333	25	14	2	1	2
29334	25	14	2	2	0
29335	25	14	2	2	1
29336	25	14	2	2	2
29337	25	14	2	3	0
29338	25	14	2	3	1
29339	25	14	2	3	2
29340	25	15	0	0	0
29341	25	15	0	0	1
29342	25	15	0	0	2
29343	25	15	0	1	0
29344	25	15	0	1	1
29345	25	15	0	1	2
29346	25	15	0	2	0
29347	25	15	0	2	1
29348	25	15	0	2	2
29349	25	15	0	3	0
29350	25	15	0	3	1
29351	25	15	0	3	2
29352	25	15	1	0	0
29353	25	15	1	0	1
29354	25	15	1	0	2
29355	25	15	1	1	0
29356	25	15	1	1	1
29357	25	15	1	1	2
29358	25	15	1	2	0
29359	25	15	1	2	1
29360	25	15	1	2	2
29361	25	15	1	3	0
29362	25	15	1	3	1
29363	25	15	1	3	2
29364	25	15	2	0	0
29365	25	15	2	0	1
29366	25	15	2	0	2
29367	25	15	2	1	0
29368	25	15	2	1	1
29369	25	15	2	1	2
29370	25	15	2	2	0
29371	25	15	2	2	1
29372	25	15	2	2	2
29373	25	15	2	3	0
29374	25	15	2	3	1
29375	25	15	2	3	2
29376	25	16	0	0	0
29377	25	16	0	0	1
29378	25	16	0	0	2
29379	25	16	0	1	0
29380	25	16	0	1	1
29381	25	16	0	1	2
29382	25	16	0	2	0
29383	25	16	0	2	1
29384	25	16	0	2	2
29385	25	16	0	3	0
29386	25	16	0	3	1
29387	25	16	0	3	2
29388	25	16	1	0	0
29389	25	16	1	0	1
29390	25	16	1	0	2
29391	25	16	1	1	0
29392	25	16	1	1	1
29393	25	16	1	1	2
29394	25	16	1	2	0
29395	25	16	1	2	1
29396	25	16	1	2	2
29397	25	16	1	3	0
29398	25	16	1	3	1
29399	25	16	1	3	2
29400	25	16	2	0	0
29401	25	16	2	0	1
29402	25	16	2	0	2
29403	25	16	2	1	0
29404	25	16	2	1	1
29405	25	16	2	1	2
29406	25	16	2	2	0
29407	25	16	2	2	1
29408	25	16	2	2	2
29409	25	16	2	3	0
29410	25	16	2	3	1
29411	25	16	2	3	2
29412	25	17	0	0	0
29413	25	17	0	0	1
29414	25	17	0	0	2
29415	25	17	0	1	0
29416	25	17	0	1	1
29417	25	17	0	1	2
29418	25	17	0	2	0
29419	25	17	0	2	1
29420	25	17	0	2	2
29421	25	17	0	3	0
29422	25	17	0	3	1
29423	25	17	0	3	2
29424	25	17	1	0	0
29425	25	17	1	0	1
29426	25	17	1	0	2
29427	25	17	1	1	0
29428	25	17	1	1	1
29429	25	17	1	1	2
29430	25	17	1	2	0
29431	25	17	1	2	1
29432	25	17	1	2	2
29433	25	17	1	3	0
29434	25	17	1	3	1
29435	25	17	1	3	2
29436	25	17	2	0	0
29437	25	17	2	0	1
29438	25	17	2	0	2
29439	25	17	2	1	0
29440	25	17	2	1	1
29441	25	17	2	1	2
29442	25	17	2	2	0
29443	25	17	2	2	1
29444	25	17	2	2	2
29445	25	17	2	3	0
29446	25	17	2	3	1
29447	25	17	2	3	2
29448	25	18	0	0	0
29449	25	18	0	0	1
29450	25	18	0	0	2
29451	25	18	0	1	0
29452	25	18	0	1	1
29453	25	18	0	1	2
29454	25	18	0	2	0
29455	25	18	0	2	1
29456	25	18	0	2	2
29457	25	18	0	3	0
29458	25	18	0	3	1
29459	25	18	0	3	2
29460	25	18	1	0	0
29461	25	18	1	0	1
29462	25	18	1	0	2
29463	25	18	1	1	0
29464	25	18	1	1	1
29465	25	18	1	1	2
29466	25	18	1	2	0
29467	25	18	1	2	1
29468	25	18	1	2	2
29469	25	18	1	3	0
29470	25	18	1	3	1
29471	25	18	1	3	2
29472	25	18	2	0	0
29473	25	18	2	0	1
29474	25	18	2	0	2
29475	25	18	2	1	0
29476	25	18	2	1	1
29477	25	18	2	1	2
29478	25	18	2	2	0
29479	25	18	2	2	1
29480	25	18	2	2	2
29481	25	18	2	3	0
29482	25	18	2	3	1
29483	25	18	2	3	2
29484	25	19	0	0	0
29485	25	19	0	0	1
29486	25	19	0	0	2
29487	25	19	0	1	0
29488	25	19	0	1	1
29489	25	19	0	1	2
29490	25	19	0	2	0
29491	25	19	0	2	1
29492	25	19	0	2	2
29493	25	19	0	3	0
29494	25	19	0	3	1
29495	25	19	0	3	2
29496	25	19	1	0	0
29497	25	19	1	0	1
29498	25	19	1	0	2
29499	25	19	1	1	0
29500	25	19	1	1	1
29501	25	19	1	1	2
29502	25	19	1	2	0
29503	25	19	1	2	1
29504	25	19	1	2	2
29505	25	19	1	3	0
29506	25	19	1	3	1
29507	25	19	1	3	2
29508	25	19	2	0	0
29509	25	19	2	0	1
29510	25	19	2	0	2
29511	25	19	2	1	0
29512	25	19	2	1	1
29513	25	19	2	1	2
29514	25	19	2	2	0
29515	25	19	2	2	1
29516	25	19	2	2	2
29517	25	19	2	3	0
29518	25	19	2	3	1
29519	25	19	2	3	2
29520	25	20	0	0	0
29521	25	20	0	0	1
29522	25	20	0	0	2
29523	25	20	0	1	0
29524	25	20	0	1	1
29525	25	20	0	1	2
29526	25	20	0	2	0
29527	25	20	0	2	1
29528	25	20	0	2	2
29529	25	20	0	3	0
29530	25	20	0	3	1
29531	25	20	0	3	2
29532	25	20	1	0	0
29533	25	20	1	0	1
29534	25	20	1	0	2
29535	25	20	1	1	0
29536	25	20	1	1	1
29537	25	20	1	1	2
29538	25	20	1	2	0
29539	25	20	1	2	1
29540	25	20	1	2	2
29541	25	20	1	3	0
29542	25	20	1	3	1
29543	25	20	1	3	2
29544	25	20	2	0	0
29545	25	20	2	0	1
29546	25	20	2	0	2
29547	25	20	2	1	0
29548	25	20	2	1	1
29549	25	20	2	1	2
29550	25	20	2	2	0
29551	25	20	2	2	1
29552	25	20	2	2	2
29553	25	20	2	3	0
29554	25	20	2	3	1
29555	25	20	2	3	2
29556	25	21	0	0	0
29557	25	21	0	0	1
29558	25	21	0	0	2
29559	25	21	0	1	0
29560	25	21	0	1	1
29561	25	21	0	1	2
29562	25	21	0	2	0
29563	25	21	0	2	1
29564	25	21	0	2	2
29565	25	21	0	3	0
29566	25	21	0	3	1
29567	25	21	0	3	2
29568	25	21	1	0	0
29569	25	21	1	0	1
29570	25	21	1	0	2
29571	25	21	1	1	0
29572	25	21	1	1	1
29573	25	21	1	1	2
29574	25	21	1	2	0
29575	25	21	1	2	1
29576	25	21	1	2	2
29577	25	21	1	3	0
29578	25	21	1	3	1
29579	25	21	1	3	2
29580	25	21	2	0	0
29581	25	21	2	0	1
29582	25	21	2	0	2
29583	25	21	2	1	0
29584	25	21	2	1	1
29585	25	21	2	1	2
29586	25	21	2	2	0
29587	25	21	2	2	1
29588	25	21	2	2	2
29589	25	21	2	3	0
29590	25	21	2	3	1
29591	25	21	2	3	2
29592	25	22	0	0	0
29593	25	22	0	0	1
29594	25	22	0	0	2
29595	25	22	0	1	0
29596	25	22	0	1	1
29597	25	22	0	1	2
29598	25	22	0	2	0
29599	25	22	0	2	1
29600	25	22	0	2	2
29601	25	22	0	3	0
29602	25	22	0	3	1
29603	25	22	0	3	2
29604	25	22	1	0	0
29605	25	22	1	0	1
29606	25	22	1	0	2
29607	25	22	1	1	0
29608	25	22	1	1	1
29609	25	22	1	1	2
29610	25	22	1	2	0
29611	25	22	1	2	1
29612	25	22	1	2	2
29613	25	22	1	3	0
29614	25	22	1	3	1
29615	25	22	1	3	2
29616	25	22	2	0	0
29617	25	22	2	0	1
29618	25	22	2	0	2
29619	25	22	2	1	0
29620	25	22	2	1	1
29621	25	22	2	1	2
29622	25	22	2	2	0
29623	25	22	2	2	1
29624	25	22	2	2	2
29625	25	22	2	3	0
29626	25	22	2	3	1
29627	25	22	2	3	2
29628	25	23	0	0	0
29629	25	23	0	0	1
29630	25	23	0	0	2
29631	25	23	0	1	0
29632	25	23	0	1	1
29633	25	23	0	1	2
29634	25	23	0	2	0
29635	25	23	0	2	1
29636	25	23	0	2	2
29637	25	23	0	3	0
29638	25	23	0	3	1
29639	25	23	0	3	2
29640	25	23	1	0	0
29641	25	23	1	0	1
29642	25	23	1	0	2
29643	25	23	1	1	0
29644	25	23	1	1	1
29645	25	23	1	1	2
29646	25	23	1	2	0
29647	25	23	1	2	1
29648	25	23	1	2	2
29649	25	23	1	3	0
29650	25	23	1	3	1
29651	25	23	1	3	2
29652	25	23	2	0	0
29653	25	23	2	0	1
29654	25	23	2	0	2
29655	25	23	2	1	0
29656	25	23	2	1	1
29657	25	23	2	1	2
29658	25	23	2	2	0
29659	25	23	2	2	1
29660	25	23	2	2	2
29661	25	23	2	3	0
29662	25	23	2	3	1
29663	25	23	2	3	2
29664	25	24	0	0	0
29665	25	24	0	0	1
29666	25	24	0	0	2
29667	25	24	0	1	0
29668	25	24	0	1	1
29669	25	24	0	1	2
29670	25	24	0	2	0
29671	25	24	0	2	1
29672	25	24	0	2	2
29673	25	24	0	3	0
29674	25	24	0	3	1
29675	25	24	0	3	2
29676	25	24	1	0	0
29677	25	24	1	0	1
29678	25	24	1	0	2
29679	25	24	1	1	0
29680	25	24	1	1	1
29681	25	24	1	1	2
29682	25	24	1	2	0
29683	25	24	1	2	1
29684	25	24	1	2	2
29685	25	24	1	3	0
29686	25	24	1	3	1
29687	25	24	1	3	2
29688	25	24	2	0	0
29689	25	24	2	0	1
29690	25	24	2	0	2
29691	25	24	2	1	0
29692	25	24	2	1	1
29693	25	24	2	1	2
29694	25	24	2	2	0
29695	25	24	2	2	1
29696	25	24	2	2	2
29697	25	24	2	3	0
29698	25	24	2	3	1
29699	25	24	2	3	2
29700	25	25	0	0	0
29701	25	25	0	0	1
29702	25	25	0	0	2
29703	25	25	0	1	0
29704	25	25	0	1	1
29705	25	25	0	1	2
29706	25	25	0	2	0
29707	25	25	0	2	1
29708	25	25	0	2	2
29709	25	25	0	3	0
29710	25	25	0	3	1
29711	25	25	0	3	2
29712	25	25	1	0	0
29713	25	25	1	0	1
29714	25	25	1	0	2
29715	25	25	1	1	0
29716	25	25	1	1	1
29717	25	25	1	1	2
29718	25	25	1	2	0
29719	25	25	1	2	1
29720	25	25	1	2	2
29721	25	25	1	3	0
29722	25	25	1	3	1
29723	25	25	1	3	2
29724	25	25	2	0	0
29725	25	25	2	0	1
29726	25	25	2	0	2
29727	25	25	2	1	0
29728	25	25	2	1	1
29729	25	25	2	1	2
29730	25	25	2	2	0
29731	25	25	2	2	1
29732	25	25	2	2	2
29733	25	25	2	3	0
29734	25	25	2	3	1
29735	25	25	2	3	2
29736	25	26	0	0	0
29737	25	26	0	0	1
29738	25	26	0	0	2
29739	25	26	0	1	0
29740	25	26	0	1	1
29741	25	26	0	1	2
29742	25	26	0	2	0
29743	25	26	0	2	1
29744	25	26	0	2	2
29745	25	26	0	3	0
29746	25	26	0	3	1
29747	25	26	0	3	2
29748	25	26	1	0	0
29749	25	26	1	0	1
29750	25	26	1	0	2
29751	25	26	1	1	0
29752	25	26	1	1	1
29753	25	26	1	1	2
29754	25	26	1	2	0
29755	25	26	1	2	1
29756	25	26	1	2	2
29757	25	26	1	3	0
29758	25	26	1	3	1
29759	25	26	1	3	2
29760	25	26	2	0	0
29761	25	26	2	0	1
29762	25	26	2	0	2
29763	25	26	2	1	0
29764	25	26	2	1	1
29765	25	26	2	1	2
29766	25	26	2	2	0
29767	25	26	2	2	1
29768	25	26	2	2	2
29769	25	26	2	3	0
29770	25	26	2	3	1
29771	25	26	2	3	2
29772	25	27	0	0	0
29773	25	27	0	0	1
29774	25	27	0	0	2
29775	25	27	0	1	0
29776	25	27	0	1	1
29777	25	27	0	1	2
29778	25	27	0	2	0
29779	25	27	0	2	1
29780	25	27	0	2	2
29781	25	27	0	3	0
29782	25	27	0	3	1
29783	25	27	0	3	2
29784	25	27	1	0	0
29785	25	27	1	0	1
29786	25	27	1	0	2
29787	25	27	1	1	0
29788	25	27	1	1	1
29789	25	27	1	1	2
29790	25	27	1	2	0
29791	25	27	1	2	1
29792	25	27	1	2	2
29793	25	27	1	3	0
29794	25	27	1	3	1
29795	25	27	1	3	2
29796	25	27	2	0	0
29797	25	27	2	0	1
29798	25	27	2	0	2
29799	25	27	2	1	0
29800	25	27	2	1	1
29801	25	27	2	1	2
29802	25	27	2	2	0
29803	25	27	2	2	1
29804	25	27	2	2	2
29805	25	27	2	3	0
29806	25	27	2	3	1
29807	25	27	2	3	2
29808	25	28	0	0	0
29809	25	28	0	0	1
29810	25	28	0	0	2
29811	25	28	0	1	0
29812	25	28	0	1	1
29813	25	28	0	1	2
29814	25	28	0	2	0
29815	25	28	0	2	1
29816	25	28	0	2	2
29817	25	28	0	3	0
29818	25	28	0	3	1
29819	25	28	0	3	2
29820	25	28	1	0	0
29821	25	28	1	0	1
29822	25	28	1	0	2
29823	25	28	1	1	0
29824	25	28	1	1	1
29825	25	28	1	1	2
29826	25	28	1	2	0
29827	25	28	1	2	1
29828	25	28	1	2	2
29829	25	28	1	3	0
29830	25	28	1	3	1
29831	25	28	1	3	2
29832	25	28	2	0	0
29833	25	28	2	0	1
29834	25	28	2	0	2
29835	25	28	2	1	0
29836	25	28	2	1	1
29837	25	28	2	1	2
29838	25	28	2	2	0
29839	25	28	2	2	1
29840	25	28	2	2	2
29841	25	28	2	3	0
29842	25	28	2	3	1
29843	25	28	2	3	2
29844	25	29	0	0	0
29845	25	29	0	0	1
29846	25	29	0	0	2
29847	25	29	0	1	0
29848	25	29	0	1	1
29849	25	29	0	1	2
29850	25	29	0	2	0
29851	25	29	0	2	1
29852	25	29	0	2	2
29853	25	29	0	3	0
29854	25	29	0	3	1
29855	25	29	0	3	2
29856	25	29	1	0	0
29857	25	29	1	0	1
29858	25	29	1	0	2
29859	25	29	1	1	0
29860	25	29	1	1	1
29861	25	29	1	1	2
29862	25	29	1	2	0
29863	25	29	1	2	1
29864	25	29	1	2	2
29865	25	29	1	3	0
29866	25	29	1	3	1
29867	25	29	1	3	2
29868	25	29	2	0	0
29869	25	29	2	0	1
29870	25	29	2	0	2
29871	25	29	2	1	0
29872	25	29	2	1	1
29873	25	29	2	1	2
29874	25	29	2	2	0
29875	25	29	2	2	1
29876	25	29	2	2	2
29877	25	29	2	3	0
29878	25	29	2	3	1
29879	25	29	2	3	2
29880	25	30	0	0	0
29881	25	30	0	0	1
29882	25	30	0	0	2
29883	25	30	0	1	0
29884	25	30	0	1	1
29885	25	30	0	1	2
29886	25	30	0	2	0
29887	25	30	0	2	1
29888	25	30	0	2	2
29889	25	30	0	3	0
29890	25	30	0	3	1
29891	25	30	0	3	2
29892	25	30	1	0	0
29893	25	30	1	0	1
29894	25	30	1	0	2
29895	25	30	1	1	0
29896	25	30	1	1	1
29897	25	30	1	1	2
29898	25	30	1	2	0
29899	25	30	1	2	1
29900	25	30	1	2	2
29901	25	30	1	3	0
29902	25	30	1	3	1
29903	25	30	1	3	2
29904	25	30	2	0	0
29905	25	30	2	0	1
29906	25	30	2	0	2
29907	25	30	2	1	0
29908	25	30	2	1	1
29909	25	30	2	1	2
29910	25	30	2	2	0
29911	25	30	2	2	1
29912	25	30	2	2	2
29913	25	30	2	3	0
29914	25	30	2	3	1
29915	25	30	2	3	2
29916	25	31	0	0	0
29917	25	31	0	0	1
29918	25	31	0	0	2
29919	25	31	0	1	0
29920	25	31	0	1	1
29921	25	31	0	1	2
29922	25	31	0	2	0
29923	25	31	0	2	1
29924	25	31	0	2	2
29925	25	31	0	3	0
29926	25	31	0	3	1
29927	25	31	0	3	2
29928	25	31	1	0	0
29929	25	31	1	0	1
29930	25	31	1	0	2
29931	25	31	1	1	0
29932	25	31	1	1	1
29933	25	31	1	1	2
29934	25	31	1	2	0
29935	25	31	1	2	1
29936	25	31	1	2	2
29937	25	31	1	3	0
29938	25	31	1	3	1
29939	25	31	1	3	2
29940	25	31	2	0	0
29941	25	31	2	0	1
29942	25	31	2	0	2
29943	25	31	2	1	0
29944	25	31	2	1	1
29945	25	31	2	1	2
29946	25	31	2	2	0
29947	25	31	2	2	1
29948	25	31	2	2	2
29949	25	31	2	3	0
29950	25	31	2	3	1
29951	25	31	2	3	2
29952	26	0	0	0	0
29953	26	0	0	0	1
29954	26	0	0	0	2
29955	26	0	0	1	0
29956	26	0	0	1	1
29957	26	0	0	1	2
29958	26	0	0	2	0
29959	26	0	0	2	1
29960	26	0	0	2	2
29961	26	0	0	3	0
29962	26	0	0	3	1
29963	26	0	0	3	2
29964	26	0	1	0	0
29965	26	0	1	0	1
29966	26	0	1	0	2
29967	26	0	1	1	0
29968	26	0	1	1	1
29969	26	0	1	1	2
29970	26	0	1	2	0
29971	26	0	1	2	1
29972	26	0	1	2	2
29973	26	0	1	3	0
29974	26	0	1	3	1
29975	26	0	1	3	2
29976	26	0	2	0	0
29977	26	0	2	0	1
29978	26	0	2	0	2
29979	26	0	2	1	0
29980	26	0	2	1	1
29981	26	0	2	1	2
29982	26	0	2	2	0
29983	26	0	2	2	1
29984	26	0	2	2	2
29985	26	0	2	3	0
29986	26	0	2	3	1
29987	26	0	2	3	2
29988	26	1	0	0	0
29989	26	1	0	0	1
29990	26	1	0	0	2
29991	26	1	0	1	0
29992	26	1	0	1	1
29993	26	1	0	1	2
29994	26	1	0	2	0
29995	26	1	0	2	1
29996	26	1	0	2	2
29997	26	1	0	3	0
29998	26	1	0	3	1
29999	26	1	0	3	2
30000	26	1	1	0	0
30001	26	1	1	0	1
30002	26	1	1	0	2
30003	26	1	1	1	0
30004	26	1	1	1	1
30005	26	1	1	1	2
30006	26	1	1	2	0
30007	26	1	1	2	1
30008	26	1	1	2	2
30009	26	1	1	3	0
30010	26	1	1	3	1
30011	26	1	1	3	2
30012	26	1	2	0	0
30013	26	1	2	0	1
30014	26	1	2	0	2
30015	26	1	2	1	0
30016	26	1	2	1	1
30017	26	1	2	1	2
30018	26	1	2	2	0
30019	26	1	2	2	1
30020	26	1	2	2	2
30021	26	1	2	3	0
30022	26	1	2	3	1
30023	26	1	2	3	2
30024	26	2	0	0	0
30025	26	2	0	0	1
30026	26	2	0	0	2
30027	26	2	0	1	0
30028	26	2	0	1	1
30029	26	2	0	1	2
30030	26	2	0	2	0
30031	26	2	0	2	1
30032	26	2	0	2	2
30033	26	2	0	3	0
30034	26	2	0	3	1
30035	26	2	0	3	2
30036	26	2	1	0	0
30037	26	2	1	0	1
30038	26	2	1	0	2
30039	26	2	1	1	0
30040	26	2	1	1	1
30041	26	2	1	1	2
30042	26	2	1	2	0
30043	26	2	1	2	1
30044	26	2	1	2	2
30045	26	2	1	3	0
30046	26	2	1	3	1
30047	26	2	1	3	2
30048	26	2	2	0	0
30049	26	2	2	0	1
30050	26	2	2	0	2
30051	26	2	2	1	0
30052	26	2	2	1	1
30053	26	2	2	1	2
30054	26	2	2	2	0
30055	26	2	2	2	1
30056	26	2	2	2	2
30057	26	2	2	3	0
30058	26	2	2	3	1
30059	26	2	2	3	2
30060	26	3	0	0	0
30061	26	3	0	0	1
30062	26	3	0	0	2
30063	26	3	0	1	0
30064	26	3	0	1	1
30065	26	3	0	1	2
30066	26	3	0	2	0
30067	26	3	0	2	1
30068	26	3	0	2	2
30069	26	3	0	3	0
30070	26	3	0	3	1
30071	26	3	0	3	2
30072	26	3	1	0	0
30073	26	3	1	0	1
30074	26	3	1	0	2
30075	26	3	1	1	0
30076	26	3	1	1	1
30077	26	3	1	1	2
30078	26	3	1	2	0
30079	26	3	1	2	1
30080	26	3	1	2	2
30081	26	3	1	3	0
30082	26	3	1	3	1
30083	26	3	1	3	2
30084	26	3	2	0	0
30085	26	3	2	0	1
30086	26	3	2	0	2
30087	26	3	2	1	0
30088	26	3	2	1	1
30089	26	3	2	1	2
30090	26	3	2	2	0
30091	26	3	2	2	1
30092	26	3	2	2	2
30093	26	3	2	3	0
30094	26	3	2	3	1
30095	26	3	2	3	2
30096	26	4	0	0	0
30097	26	4	0	0	1
30098	26	4	0	0	2
30099	26	4	0	1	0
30100	26	4	0	1	1
30101	26	4	0	1	2
30102	26	4	0	2	0
30103	26	4	0	2	1
30104	26	4	0	2	2
30105	26	4	0	3	0
30106	26	4	0	3	1
30107	26	4	0	3	2
30108	26	4	1	0	0
30109	26	4	1	0	1
30110	26	4	1	0	2
30111	26	4	1	1	0
30112	26	4	1	1	1
30113	26	4	1	1	2
30114	26	4	1	2	0
30115	26	4	1	2	1
30116	26	4	1	2	2
30117	26	4	1	3	0
30118	26	4	1	3	1
30119	26	4	1	3	2
30120	26	4	2	0	0
30121	26	4	2	0	1
30122	26	4	2	0	2
30123	26	4	2	1	0
30124	26	4	2	1	1
30125	26	4	2	1	2
30126	26	4	2	2	0
30127	26	4	2	2	1
30128	26	4	2	2	2
30129	26	4	2	3	0
30130	26	4	2	3	1
30131	26	4	2	3	2
30132	26	5	0	0	0
30133	26	5	0	0	1
30134	26	5	0	0	2
30135	26	5	0	1	0
30136	26	5	0	1	1
30137	26	5	0	1	2
30138	26	5	0	2	0
30139	26	5	0	2	1
30140	26	5	0	2	2
30141	26	5	0	3	0
30142	26	5	0	3	1
30143	26	5	0	3	2
30144	26	5	1	0	0
30145	26	5	1	0	1
30146	26	5	1	0	2
30147	26	5	1	1	0
30148	26	5	1	1	1
30149	26	5	1	1	2
30150	26	5	1	2	0
30151	26	5	1	2	1
30152	26	5	1	2	2
30153	26	5	1	3	0
30154	26	5	1	3	1
30155	26	5	1	3	2
30156	26	5	2	0	0
30157	26	5	2	0	1
30158	26	5	2	0	2
30159	26	5	2	1	0
30160	26	5	2	1	1
30161	26	5	2	1	2
30162	26	5	2	2	0
30163	26	5	2	2	1
30164	26	5	2	2	2
30165	26	5	2	3	0
30166	26	5	2	3	1
30167	26	5	2	3	2
30168	26	6	0	0	0
30169	26	6	0	0	1
30170	26	6	0	0	2
30171	26	6	0	1	0
30172	26	6	0	1	1
30173	26	6	0	1	2
30174	26	6	0	2	0
30175	26	6	0	2	1
30176	26	6	0	2	2
30177	26	6	0	3	0
30178	26	6	0	3	1
30179	26	6	0	3	2
30180	26	6	1	0	0
30181	26	6	1	0	1
30182	26	6	1	0	2
30183	26	6	1	1	0
30184	26	6	1	1	1
30185	26	6	1	1	2
30186	26	6	1	2	0
30187	26	6	1	2	1
30188	26	6	1	2	2
30189	26	6	1	3	0
30190	26	6	1	3	1
30191	26	6	1	3	2
30192	26	6	2	0	0
30193	26	6	2	0	1
30194	26	6	2	0	2
30195	26	6	2	1	0
30196	26	6	2	1	1
30197	26	6	2	1	2
30198	26	6	2	2	0
30199	26	6	2	2	1
30200	26	6	2	2	2
30201	26	6	2	3	0
30202	26	6	2	3	1
30203	26	6	2	3	2
30204	26	7	0	0	0
30205	26	7	0	0	1
30206	26	7	0	0	2
30207	26	7	0	1	0
30208	26	7	0	1	1
30209	26	7	0	1	2
30210	26	7	0	2	0
30211	26	7	0	2	1
30212	26	7	0	2	2
30213	26	7	0	3	0
30214	26	7	0	3	1
30215	26	7	0	3	2
30216	26	7	1	0	0
30217	26	7	1	0	1
30218	26	7	1	0	2
30219	26	7	1	1	0
30220	26	7	1	1	1
30221	26	7	1	1	2
30222	26	7	1	2	0
30223	26	7	1	2	1
30224	26	7	1	2	2
30225	26	7	1	3	0
30226	26	7	1	3	1
30227	26	7	1	3	2
30228	26	7	2	0	0
30229	26	7	2	0	1
30230	26	7	2	0	2
30231	26	7	2	1	0
30232	26	7	2	1	1
30233	26	7	2	1	2
30234	26	7	2	2	0
30235	26	7	2	2	1
30236	26	7	2	2	2
30237	26	7	2	3	0
30238	26	7	2	3	1
30239	26	7	2	3	2
30240	26	8	0	0	0
30241	26	8	0	0	1
30242	26	8	0	0	2
30243	26	8	0	1	0
30244	26	8	0	1	1
30245	26	8	0	1	2
30246	26	8	0	2	0
30247	26	8	0	2	1
30248	26	8	0	2	2
30249	26	8	0	3	0
30250	26	8	0	3	1
30251	26	8	0	3	2
30252	26	8	1	0	0
30253	26	8	1	0	1
30254	26	8	1	0	2
30255	26	8	1	1	0
30256	26	8	1	1	1
30257	26	8	1	1	2
30258	26	8	1	2	0
30259	26	8	1	2	1
30260	26	8	1	2	2
30261	26	8	1	3	0
30262	26	8	1	3	1
30263	26	8	1	3	2
30264	26	8	2	0	0
30265	26	8	2	0	1
30266	26	8	2	0	2
30267	26	8	2	1	0
30268	26	8	2	1	1
30269	26	8	2	1	2
30270	26	8	2	2	0
30271	26	8	2	2	1
30272	26	8	2	2	2
30273	26	8	2	3	0
30274	26	8	2	3	1
30275	26	8	2	3	2
30276	26	9	0	0	0
30277	26	9	0	0	1
30278	26	9	0	0	2
30279	26	9	0	1	0
30280	26	9	0	1	1
30281	26	9	0	1	2
30282	26	9	0	2	0
30283	26	9	0	2	1
30284	26	9	0	2	2
30285	26	9	0	3	0
30286	26	9	0	3	1
30287	26	9	0	3	2
30288	26	9	1	0	0
30289	26	9	1	0	1
30290	26	9	1	0	2
30291	26	9	1	1	0
30292	26	9	1	1	1
30293	26	9	1	1	2
30294	26	9	1	2	0
30295	26	9	1	2	1
30296	26	9	1	2	2
30297	26	9	1	3	0
30298	26	9	1	3	1
30299	26	9	1	3	2
30300	26	9	2	0	0
30301	26	9	2	0	1
30302	26	9	2	0	2
30303	26	9	2	1	0
30304	26	9	2	1	1
30305	26	9	2	1	2
30306	26	9	2	2	0
30307	26	9	2	2	1
30308	26	9	2	2	2
30309	26	9	2	3	0
30310	26	9	2	3	1
30311	26	9	2	3	2
30312	26	10	0	0	0
30313	26	10	0	0	1
30314	26	10	0	0	2
30315	26	10	0	1	0
30316	26	10	0	1	1
30317	26	10	0	1	2
30318	26	10	0	2	0
30319	26	10	0	2	1
30320	26	10	0	2	2
30321	26	10	0	3	0
30322	26	10	0	3	1
30323	26	10	0	3	2
30324	26	10	1	0	0
30325	26	10	1	0	1
30326	26	10	1	0	2
30327	26	10	1	1	0
30328	26	10	1	1	1
30329	26	10	1	1	2
30330	26	10	1	2	0
30331	26	10	1	2	1
30332	26	10	1	2	2
30333	26	10	1	3	0
30334	26	10	1	3	1
30335	26	10	1	3	2
30336	26	10	2	0	0
30337	26	10	2	0	1
30338	26	10	2	0	2
30339	26	10	2	1	0
30340	26	10	2	1	1
30341	26	10	2	1	2
30342	26	10	2	2	0
30343	26	10	2	2	1
30344	26	10	2	2	2
30345	26	10	2	3	0
30346	26	10	2	3	1
30347	26	10	2	3	2
30348	26	11	0	0	0
30349	26	11	0	0	1
30350	26	11	0	0	2
30351	26	11	0	1	0
30352	26	11	0	1	1
30353	26	11	0	1	2
30354	26	11	0	2	0
30355	26	11	0	2	1
30356	26	11	0	2	2
30357	26	11	0	3	0
30358	26	11	0	3	1
30359	26	11	0	3	2
30360	26	11	1	0	0
30361	26	11	1	0	1
30362	26	11	1	0	2
30363	26	11	1	1	0
30364	26	11	1	1	1
30365	26	11	1	1	2
30366	26	11	1	2	0
30367	26	11	1	2	1
30368	26	11	1	2	2
30369	26	11	1	3	0
30370	26	11	1	3	1
30371	26	11	1	3	2
30372	26	11	2	0	0
30373	26	11	2	0	1
30374	26	11	2	0	2
30375	26	11	2	1	0
30376	26	11	2	1	1
30377	26	11	2	1	2
30378	26	11	2	2	0
30379	26	11	2	2	1
30380	26	11	2	2	2
30381	26	11	2	3	0
30382	26	11	2	3	1
30383	26	11	2	3	2
30384	26	12	0	0	0
30385	26	12	0	0	1
30386	26	12	0	0	2
30387	26	12	0	1	0
30388	26	12	0	1	1
30389	26	12	0	1	2
30390	26	12	0	2	0
30391	26	12	0	2	1
30392	26	12	0	2	2
30393	26	12	0	3	0
30394	26	12	0	3	1
30395	26	12	0	3	2
30396	26	12	1	0	0
30397	26	12	1	0	1
30398	26	12	1	0	2
30399	26	12	1	1	0
30400	26	12	1	1	1
30401	26	12	1	1	2
30402	26	12	1	2	0
30403	26	12	1	2	1
30404	26	12	1	2	2
30405	26	12	1	3	0
30406	26	12	1	3	1
30407	26	12	1	3	2
30408	26	12	2	0	0
30409	26	12	2	0	1
30410	26	12	2	0	2
30411	26	12	2	1	0
30412	26	12	2	1	1
30413	26	12	2	1	2
30414	26	12	2	2	0
30415	26	12	2	2	1
30416	26	12	2	2	2
30417	26	12	2	3	0
30418	26	12	2	3	1
30419	26	12	2	3	2
30420	26	13	0	0	0
30421	26	13	0	0	1
30422	26	13	0	0	2
30423	26	13	0	1	0
30424	26	13	0	1	1
30425	26	13	0	1	2
30426	26	13	0	2	0
30427	26	13	0	2	1
30428	26	13	0	2	2
30429	26	13	0	3	0
30430	26	13	0	3	1
30431	26	13	0	3	2
30432	26	13	1	0	0
30433	26	13	1	0	1
30434	26	13	1	0	2
30435	26	13	1	1	0
30436	26	13	1	1	1
30437	26	13	1	1	2
30438	26	13	1	2	0
30439	26	13	1	2	1
30440	26	13	1	2	2
30441	26	13	1	3	0
30442	26	13	1	3	1
30443	26	13	1	3	2
30444	26	13	2	0	0
30445	26	13	2	0	1
30446	26	13	2	0	2
30447	26	13	2	1	0
30448	26	13	2	1	1
30449	26	13	2	1	2
30450	26	13	2	2	0
30451	26	13	2	2	1
30452	26	13	2	2	2
30453	26	13	2	3	0
30454	26	13	2	3	1
30455	26	13	2	3	2
30456	26	14	0	0	0
30457	26	14	0	0	1
30458	26	14	0	0	2
30459	26	14	0	1	0
30460	26	14	0	1	1
30461	26	14	0	1	2
30462	26	14	0	2	0
30463	26	14	0	2	1
30464	26	14	0	2	2
30465	26	14	0	3	0
30466	26	14	0	3	1
30467	26	14	0	3	2
30468	26	14	1	0	0
30469	26	14	1	0	1
30470	26	14	1	0	2
30471	26	14	1	1	0
30472	26	14	1	1	1
30473	26	14	1	1	2
30474	26	14	1	2	0
30475	26	14	1	2	1
30476	26	14	1	2	2
30477	26	14	1	3	0
30478	26	14	1	3	1
30479	26	14	1	3	2
30480	26	14	2	0	0
30481	26	14	2	0	1
30482	26	14	2	0	2
30483	26	14	2	1	0
30484	26	14	2	1	1
30485	26	14	2	1	2
30486	26	14	2	2	0
30487	26	14	2	2	1
30488	26	14	2	2	2
30489	26	14	2	3	0
30490	26	14	2	3	1
30491	26	14	2	3	2
30492	26	15	0	0	0
30493	26	15	0	0	1
30494	26	15	0	0	2
30495	26	15	0	1	0
30496	26	15	0	1	1
30497	26	15	0	1	2
30498	26	15	0	2	0
30499	26	15	0	2	1
30500	26	15	0	2	2
30501	26	15	0	3	0
30502	26	15	0	3	1
30503	26	15	0	3	2
30504	26	15	1	0	0
30505	26	15	1	0	1
30506	26	15	1	0	2
30507	26	15	1	1	0
30508	26	15	1	1	1
30509	26	15	1	1	2
30510	26	15	1	2	0
30511	26	15	1	2	1
30512	26	15	1	2	2
30513	26	15	1	3	0
30514	26	15	1	3	1
30515	26	15	1	3	2
30516	26	15	2	0	0
30517	26	15	2	0	1
30518	26	15	2	0	2
30519	26	15	2	1	0
30520	26	15	2	1	1
30521	26	15	2	1	2
30522	26	15	2	2	0
30523	26	15	2	2	1
30524	26	15	2	2	2
30525	26	15	2	3	0
30526	26	15	2	3	1
30527	26	15	2	3	2
30528	26	16	0	0	0
30529	26	16	0	0	1
30530	26	16	0	0	2
30531	26	16	0	1	0
30532	26	16	0	1	1
30533	26	16	0	1	2
30534	26	16	0	2	0
30535	26	16	0	2	1
30536	26	16	0	2	2
30537	26	16	0	3	0
30538	26	16	0	3	1
30539	26	16	0	3	2
30540	26	16	1	0	0
30541	26	16	1	0	1
30542	26	16	1	0	2
30543	26	16	1	1	0
30544	26	16	1	1	1
30545	26	16	1	1	2
30546	26	16	1	2	0
30547	26	16	1	2	1
30548	26	16	1	2	2
30549	26	16	1	3	0
30550	26	16	1	3	1
30551	26	16	1	3	2
30552	26	16	2	0	0
30553	26	16	2	0	1
30554	26	16	2	0	2
30555	26	16	2	1	0
30556	26	16	2	1	1
30557	26	16	2	1	2
30558	26	16	2	2	0
30559	26	16	2	2	1
30560	26	16	2	2	2
30561	26	16	2	3	0
30562	26	16	2	3	1
30563	26	16	2	3	2
30564	26	17	0	0	0
30565	26	17	0	0	1
30566	26	17	0	0	2
30567	26	17	0	1	0
30568	26	17	0	1	1
30569	26	17	0	1	2
30570	26	17	0	2	0
30571	26	17	0	2	1
30572	26	17	0	2	2
30573	26	17	0	3	0
30574	26	17	0	3	1
30575	26	17	0	3	2
30576	26	17	1	0	0
30577	26	17	1	0	1
30578	26	17	1	0	2
30579	26	17	1	1	0
30580	26	17	1	1	1
30581	26	17	1	1	2
30582	26	17	1	2	0
30583	26	17	1	2	1
30584	26	17	1	2	2
30585	26	17	1	3	0
30586	26	17	1	3	1
30587	26	17	1	3	2
30588	26	17	2	0	0
30589	26	17	2	0	1
30590	26	17	2	0	2
30591	26	17	2	1	0
30592	26	17	2	1	1
30593	26	17	2	1	2
30594	26	17	2	2	0
30595	26	17	2	2	1
30596	26	17	2	2	2
30597	26	17	2	3	0
30598	26	17	2	3	1
30599	26	17	2	3	2
30600	26	18	0	0	0
30601	26	18	0	0	1
30602	26	18	0	0	2
30603	26	18	0	1	0
30604	26	18	0	1	1
30605	26	18	0	1	2
30606	26	18	0	2	0
30607	26	18	0	2	1
30608	26	18	0	2	2
30609	26	18	0	3	0
30610	26	18	0	3	1
30611	26	18	0	3	2
30612	26	18	1	0	0
30613	26	18	1	0	1
30614	26	18	1	0	2
30615	26	18	1	1	0
30616	26	18	1	1	1
30617	26	18	1	1	2
30618	26	18	1	2	0
30619	26	18	1	2	1
30620	26	18	1	2	2
30621	26	18	1	3	0
30622	26	18	1	3	1
30623	26	18	1	3	2
30624	26	18	2	0	0
30625	26	18	2	0	1
30626	26	18	2	0	2
30627	26	18	2	1	0
30628	26	18	2	1	1
30629	26	18	2	1	2
30630	26	18	2	2	0
30631	26	18	2	2	1
30632	26	18	2	2	2
30633	26	18	2	3	0
30634	26	18	2	3	1
30635	26	18	2	3	2
30636	26	19	0	0	0
30637	26	19	0	0	1
30638	26	19	0	0	2
30639	26	19	0	1	0
30640	26	19	0	1	1
30641	26	19	0	1	2
30642	26	19	0	2	0
30643	26	19	0	2	1
30644	26	19	0	2	2
30645	26	19	0	3	0
30646	26	19	0	3	1
30647	26	19	0	3	2
30648	26	19	1	0	0
30649	26	19	1	0	1
30650	26	19	1	0	2
30651	26	19	1	1	0
30652	26	19	1	1	1
30653	26	19	1	1	2
30654	26	19	1	2	0
30655	26	19	1	2	1
30656	26	19	1	2	2
30657	26	19	1	3	0
30658	26	19	1	3	1
30659	26	19	1	3	2
30660	26	19	2	0	0
30661	26	19	2	0	1
30662	26	19	2	0	2
30663	26	19	2	1	0
30664	26	19	2	1	1
30665	26	19	2	1	2
30666	26	19	2	2	0
30667	26	19	2	2	1
30668	26	19	2	2	2
30669	26	19	2	3	0
30670	26	19	2	3	1
30671	26	19	2	3	2
30672	26	20	0	0	0
30673	26	20	0	0	1
30674	26	20	0	0	2
30675	26	20	0	1	0
30676	26	20	0	1	1
30677	26	20	0	1	2
30678	26	20	0	2	0
30679	26	20	0	2	1
30680	26	20	0	2	2
30681	26	20	0	3	0
30682	26	20	0	3	1
30683	26	20	0	3	2
30684	26	20	1	0	0
30685	26	20	1	0	1
30686	26	20	1	0	2
30687	26	20	1	1	0
30688	26	20	1	1	1
30689	26	20	1	1	2
30690	26	20	1	2	0
30691	26	20	1	2	1
30692	26	20	1	2	2
30693	26	20	1	3	0
30694	26	20	1	3	1
30695	26	20	1	3	2
30696	26	20	2	0	0
30697	26	20	2	0	1
30698	26	20	2	0	2
30699	26	20	2	1	0
30700	26	20	2	1	1
30701	26	20	2	1	2
30702	26	20	2	2	0
30703	26	20	2	2	1
30704	26	20	2	2	2
30705	26	20	2	3	0
30706	26	20	2	3	1
30707	26	20	2	3	2
30708	26	21	0	0	0
30709	26	21	0	0	1
30710	26	21	0	0	2
30711	26	21	0	1	0
30712	26	21	0	1	1
30713	26	21	0	1	2
30714	26	21	0	2	0
30715	26	21	0	2	1
30716	26	21	0	2	2
30717	26	21	0	3	0
30718	26	21	0	3	1
30719	26	21	0	3	2
30720	26	21	1	0	0
30721	26	21	1	0	1
30722	26	21	1	0	2
30723	26	21	1	1	0
30724	26	21	1	1	1
30725	26	21	1	1	2
30726	26	21	1	2	0
30727	26	21	1	2	1
30728	26	21	1	2	2
30729	26	21	1	3	0
30730	26	21	1	3	1
30731	26	21	1	3	2
30732	26	21	2	0	0
30733	26	21	2	0	1
30734	26	21	2	0	2
30735	26	21	2	1	0
30736	26	21	2	1	1
30737	26	21	2	1	2
30738	26	21	2	2	0
30739	26	21	2	2	1
30740	26	21	2	2	2
30741	26	21	2	3	0
30742	26	21	2	3	1
30743	26	21	2	3	2
30744	26	22	0	0	0
30745	26	22	0	0	1
30746	26	22	0	0	2
30747	26	22	0	1	0
30748	26	22	0	1	1
30749	26	22	0	1	2
30750	26	22	0	2	0
30751	26	22	0	2	1
30752	26	22	0	2	2
30753	26	22	0	3	0
30754	26	22	0	3	1
30755	26	22	0	3	2
30756	26	22	1	0	0
30757	26	22	1	0	1
30758	26	22	1	0	2
30759	26	22	1	1	0
30760	26	22	1	1	1
30761	26	22	1	1	2
30762	26	22	1	2	0
30763	26	22	1	2	1
30764	26	22	1	2	2
30765	26	22	1	3	0
30766	26	22	1	3	1
30767	26	22	1	3	2
30768	26	22	2	0	0
30769	26	22	2	0	1
30770	26	22	2	0	2
30771	26	22	2	1	0
30772	26	22	2	1	1
30773	26	22	2	1	2
30774	26	22	2	2	0
30775	26	22	2	2	1
30776	26	22	2	2	2
30777	26	22	2	3	0
30778	26	22	2	3	1
30779	26	22	2	3	2
30780	26	23	0	0	0
30781	26	23	0	0	1
30782	26	23	0	0	2
30783	26	23	0	1	0
30784	26	23	0	1	1
30785	26	23	0	1	2
30786	26	23	0	2	0
30787	26	23	0	2	1
30788	26	23	0	2	2
30789	26	23	0	3	0
30790	26	23	0	3	1
30791	26	23	0	3	2
30792	26	23	1	0	0
30793	26	23	1	0	1
30794	26	23	1	0	2
30795	26	23	1	1	0
30796	26	23	1	1	1
30797	26	23	1	1	2
30798	26	23	1	2	0
30799	26	23	1	2	1
30800	26	23	1	2	2
30801	26	23	1	3	0
30802	26	23	1	3	1
30803	26	23	1	3	2
30804	26	23	2	0	0
30805	26	23	2	0	1
30806	26	23	2	0	2
30807	26	23	2	1	0
30808	26	23	2	1	1
30809	26	23	2	1	2
30810	26	23	2	2	0
30811	26	23	2	2	1
30812	26	23	2	2	2
30813	26	23	2	3	0
30814	26	23	2	3	1
30815	26	23	2	3	2
30816	26	24	0	0	0
30817	26	24	0	0	1
30818	26	24	0	0	2
30819	26	24	0	1	0
30820	26	24	0	1	1
30821	26	24	0	1	2
30822	26	24	0	2	0
30823	26	24	0	2	1
30824	26	24	0	2	2
30825	26	24	0	3	0
30826	26	24	0	3	1
30827	26	24	0	3	2
30828	26	24	1	0	0
30829	26	24	1	0	1
30830	26	24	1	0	2
30831	26	24	1	1	0
30832	26	24	1	1	1
30833	26	24	1	1	2
30834	26	24	1	2	0
30835	26	24	1	2	1
30836	26	24	1	2	2
30837	26	24	1	3	0
30838	26	24	1	3	1
30839	26	24	1	3	2
30840	26	24	2	0	0
30841	26	24	2	0	1
30842	26	24	2	0	2
30843	26	24	2	1	0
30844	26	24	2	1	1
30845	26	24	2	1	2
30846	26	24	2	2	0
30847	26	24	2	2	1
30848	26	24	2	2	2
30849	26	24	2	3	0
30850	26	24	2	3	1
30851	26	24	2	3	2
30852	26	25	0	0	0
30853	26	25	0	0	1
30854	26	25	0	0	2
30855	26	25	0	1	0
30856	26	25	0	1	1
30857	26	25	0	1	2
30858	26	25	0	2	0
30859	26	25	0	2	1
30860	26	25	0	2	2
30861	26	25	0	3	0
30862	26	25	0	3	1
30863	26	25	0	3	2
30864	26	25	1	0	0
30865	26	25	1	0	1
30866	26	25	1	0	2
30867	26	25	1	1	0
30868	26	25	1	1	1
30869	26	25	1	1	2
30870	26	25	1	2	0
30871	26	25	1	2	1
30872	26	25	1	2	2
30873	26	25	1	3	0
30874	26	25	1	3	1
30875	26	25	1	3	2
30876	26	25	2	0	0
30877	26	25	2	0	1
30878	26	25	2	0	2
30879	26	25	2	1	0
30880	26	25	2	1	1
30881	26	25	2	1	2
30882	26	25	2	2	0
30883	26	25	2	2	1
30884	26	25	2	2	2
30885	26	25	2	3	0
30886	26	25	2	3	1
30887	26	25	2	3	2
30888	26	26	0	0	0
30889	26	26	0	0	1
30890	26	26	0	0	2
30891	26	26	0	1	0
30892	26	26	0	1	1
30893	26	26	0	1	2
30894	26	26	0	2	0
30895	26	26	0	2	1
30896	26	26	0	2	2
30897	26	26	0	3	0
30898	26	26	0	3	1
30899	26	26	0	3	2
30900	26	26	1	0	0
30901	26	26	1	0	1
30902	26	26	1	0	2
30903	26	26	1	1	0
30904	26	26	1	1	1
30905	26	26	1	1	2
30906	26	26	1	2	0
30907	26	26	1	2	1
30908	26	26	1	2	2
30909	26	26	1	3	0
30910	26	26	1	3	1
30911	26	26	1	3	2
30912	26	26	2	0	0
30913	26	26	2	0	1
30914	26	26	2	0	2
30915	26	26	2	1	0
30916	26	26	2	1	1
30917	26	26	2	1	2
30918	26	26	2	2	0
30919	26	26	2	2	1
30920	26	26	2	2	2
30921	26	26	2	3	0
30922	26	26	2	3	1
30923	26	26	2	3	2
30924	26	27	0	0	0
30925	26	27	0	0	1
30926	26	27	0	0	2
30927	26	27	0	1	0
30928	26	27	0	1	1
30929	26	27	0	1	2
30930	26	27	0	2	0
30931	26	27	0	2	1
30932	26	27	0	2	2
30933	26	27	0	3	0
30934	26	27	0	3	1
30935	26	27	0	3	2
30936	26	27	1	0	0
30937	26	27	1	0	1
30938	26	27	1	0	2
30939	26	27	1	1	0
30940	26	27	1	1	1
30941	26	27	1	1	2
30942	26	27	1	2	0
30943	26	27	1	2	1
30944	26	27	1	2	2
30945	26	27	1	3	0
30946	26	27	1	3	1
30947	26	27	1	3	2
30948	26	27	2	0	0
30949	26	27	2	0	1
30950	26	27	2	0	2
30951	26	27	2	1	0
30952	26	27	2	1	1
30953	26	27	2	1	2
30954	26	27	2	2	0
30955	26	27	2	2	1
30956	26	27	2	2	2
30957	26	27	2	3	0
30958	26	27	2	3	1
30959	26	27	2	3	2
30960	26	28	0	0	0
30961	26	28	0	0	1
30962	26	28	0	0	2
30963	26	28	0	1	0
30964	26	28	0	1	1
30965	26	28	0	1	2
30966	26	28	0	2	0
30967	26	28	0	2	1
30968	26	28	0	2	2
30969	26	28	0	3	0
30970	26	28	0	3	1
30971	26	28	0	3	2
30972	26	28	1	0	0
30973	26	28	1	0	1
30974	26	28	1	0	2
30975	26	28	1	1	0
30976	26	28	1	1	1
30977	26	28	1	1	2
30978	26	28	1	2	0
30979	26	28	1	2	1
30980	26	28	1	2	2
30981	26	28	1	3	0
30982	26	28	1	3	1
30983	26	28	1	3	2
30984	26	28	2	0	0
30985	26	28	2	0	1
30986	26	28	2	0	2
30987	26	28	2	1	0
30988	26	28	2	1	1
30989	26	28	2	1	2
30990	26	28	2	2	0
30991	26	28	2	2	1
30992	26	28	2	2	2
30993	26	28	2	3	0
30994	26	28	2	3	1
30995	26	28	2	3	2
30996	26	29	0	0	0
30997	26	29	0	0	1
30998	26	29	0	0	2
30999	26	29	0	1	0
31000	26	29	0	1	1
31001	26	29	0	1	2
31002	26	29	0	2	0
31003	26	29	0	2	1
31004	26	29	0	2	2
31005	26	29	0	3	0
31006	26	29	0	3	1
31007	26	29	0	3	2
31008	26	29	1	0	0
31009	26	29	1	0	1
31010	26	29	1	0	2
31011	26	29	1	1	0
31012	26	29	1	1	1
31013	26	29	1	1	2
31014	26	29	1	2	0
31015	26	29	1	2	1
31016	26	29	1	2	2
31017	26	29	1	3	0
31018	26	29	1	3	1
31019	26	29	1	3	2
31020	26	29	2	0	0
31021	26	29	2	0	1
31022	26	29	2	0	2
31023	26	29	2	1	0
31024	26	29	2	1	1
31025	26	29	2	1	2
31026	26	29	2	2	0
31027	26	29	2	2	1
31028	26	29	2	2	2
31029	26	29	2	3	0
31030	26	29	2	3	1
31031	26	29	2	3	2
31032	26	30	0	0	0
31033	26	30	0	0	1
31034	26	30	0	0	2
31035	26	30	0	1	0
31036	26	30	0	1	1
31037	26	30	0	1	2
31038	26	30	0	2	0
31039	26	30	0	2	1
31040	26	30	0	2	2
31041	26	30	0	3	0
31042	26	30	0	3	1
31043	26	30	0	3	2
31044	26	30	1	0	0
31045	26	30	1	0	1
31046	26	30	1	0	2
31047	26	30	1	1	0
31048	26	30	1	1	1
31049	26	30	1	1	2
31050	26	30	1	2	0
31051	26	30	1	2	1
31052	26	30	1	2	2
31053	26	30	1	3	0
31054	26	30	1	3	1
31055	26	30	1	3	2
31056	26	30	2	0	0
31057	26	30	2	0	1
31058	26	30	2	0	2
31059	26	30	2	1	0
31060	26	30	2	1	1
31061	26	30	2	1	2
31062	26	30	2	2	0
31063	26	30	2	2	1
31064	26	30	2	2	2
31065	26	30	2	3	0
31066	26	30	2	3	1
31067	26	30	2	3	2
31068	26	31	0	0	0
31069	26	31	0	0	1
31070	26	31	0	0	2
31071	26	31	0	1	0
31072	26	31	0	1	1
31073	26	31	0	1	2
31074	26	31	0	2	0
31075	26	31	0	2	1
31076	26	31	0	2	2
31077	26	31	0	3	0
31078	26	31	0	3	1
31079	26	31	0	3	2
31080	26	31	1	0	0
31081	26	31	1	0	1
31082	26	31	1	0	2
31083	26	31	1	1	0
31084	26	31	1	1	1
31085	26	31	1	1	2
31086	26	31	1	2	0
31087	26	31	1	2	1
31088	26	31	1	2	2
31089	26	31	1	3	0
31090	26	31	1	3	1
31091	26	31	1	3	2
31092	26	31	2	0	0
31093	26	31	2	0	1
31094	26	31	2	0	2
31095	26	31	2	1	0
31096	26	31	2	1	1
31097	26	31	2	1	2
31098	26	31	2	2	0
31099	26	31	2	2	1
31100	26	31	2	2	2
31101	26	31	2	3	0
31102	26	31	2	3	1
31103	26	31	2	3	2
31104	27	0	0	0	0
31105	27	0	0	0	1
31106	27	0	0	0	2
31107	27	0	0	1	0
31108	27	0	0	1	1
31109	27	0	0	1	2
31110	27	0	0	2	0
31111	27	0	0	2	1
31112	27	0	0	2	2
31113	27	0	0	3	0
31114	27	0	0	3	1
31115	27	0	0	3	2
31116	27	0	1	0	0
31117	27	0	1	0	1
31118	27	0	1	0	2
31119	27	0	1	1	0
31120	27	0	1	1	1
31121	27	0	1	1	2
31122	27	0	1	2	0
31123	27	0	1	2	1
31124	27	0	1	2	2
31125	27	0	1	3	0
31126	27	0	1	3	1
31127	27	0	1	3	2
31128	27	0	2	0	0
31129	27	0	2	0	1
31130	27	0	2	0	2
31131	27	0	2	1	0
31132	27	0	2	1	1
31133	27	0	2	1	2
31134	27	0	2	2	0
31135	27	0	2	2	1
31136	27	0	2	2	2
31137	27	0	2	3	0
31138	27	0	2	3	1
31139	27	0	2	3	2
31140	27	1	0	0	0
31141	27	1	0	0	1
31142	27	1	0	0	2
31143	27	1	0	1	0
31144	27	1	0	1	1
31145	27	1	0	1	2
31146	27	1	0	2	0
31147	27	1	0	2	1
31148	27	1	0	2	2
31149	27	1	0	3	0
31150	27	1	0	3	1
31151	27	1	0	3	2
31152	27	1	1	0	0
31153	27	1	1	0	1
31154	27	1	1	0	2
31155	27	1	1	1	0
31156	27	1	1	1	1
31157	27	1	1	1	2
31158	27	1	1	2	0
31159	27	1	1	2	1
31160	27	1	1	2	2
31161	27	1	1	3	0
31162	27	1	1	3	1
31163	27	1	1	3	2
31164	27	1	2	0	0
31165	27	1	2	0	1
31166	27	1	2	0	2
31167	27	1	2	1	0
31168	27	1	2	1	1
31169	27	1	2	1	2
31170	27	1	2	2	0
31171	27	1	2	2	1
31172	27	1	2	2	2
31173	27	1	2	3	0
31174	27	1	2	3	1
31175	27	1	2	3	2
31176	27	2	0	0	0
31177	27	2	0	0	1
31178	27	2	0	0	2
31179	27	2	0	1	0
31180	27	2	0	1	1
31181	27	2	0	1	2
31182	27	2	0	2	0
31183	27	2	0	2	1
31184	27	2	0	2	2
31185	27	2	0	3	0
31186	27	2	0	3	1
31187	27	2	0	3	2
31188	27	2	1	0	0
31189	27	2	1	0	1
31190	27	2	1	0	2
31191	27	2	1	1	0
31192	27	2	1	1	1
31193	27	2	1	1	2
31194	27	2	1	2	0
31195	27	2	1	2	1
31196	27	2	1	2	2
31197	27	2	1	3	0
31198	27	2	1	3	1
31199	27	2	1	3	2
31200	27	2	2	0	0
31201	27	2	2	0	1
31202	27	2	2	0	2
31203	27	2	2	1	0
31204	27	2	2	1	1
31205	27	2	2	1	2
31206	27	2	2	2	0
31207	27	2	2	2	1
31208	27	2	2	2	2
31209	27	2	2	3	0
31210	27	2	2	3	1
31211	27	2	2	3	2
31212	27	3	0	0	0
31213	27	3	0	0	1
31214	27	3	0	0	2
31215	27	3	0	1	0
31216	27	3	0	1	1
31217	27	3	0	1	2
31218	27	3	0	2	0
31219	27	3	0	2	1
31220	27	3	0	2	2
31221	27	3	0	3	0
31222	27	3	0	3	1
31223	27	3	0	3	2
31224	27	3	1	0	0
31225	27	3	1	0	1
31226	27	3	1	0	2
31227	27	3	1	1	0
31228	27	3	1	1	1
31229	27	3	1	1	2
31230	27	3	1	2	0
31231	27	3	1	2	1
31232	27	3	1	2	2
31233	27	3	1	3	0
31234	27	3	1	3	1
31235	27	3	1	3	2
31236	27	3	2	0	0
31237	27	3	2	0	1
31238	27	3	2	0	2
31239	27	3	2	1	0
31240	27	3	2	1	1
31241	27	3	2	1	2
31242	27	3	2	2	0
31243	27	3	2	2	1
31244	27	3	2	2	2
31245	27	3	2	3	0
31246	27	3	2	3	1
31247	27	3	2	3	2
31248	27	4	0	0	0
31249	27	4	0	0	1
31250	27	4	0	0	2
31251	27	4	0	1	0
31252	27	4	0	1	1
31253	27	4	0	1	2
31254	27	4	0	2	0
31255	27	4	0	2	1
31256	27	4	0	2	2
31257	27	4	0	3	0
31258	27	4	0	3	1
31259	27	4	0	3	2
31260	27	4	1	0	0
31261	27	4	1	0	1
31262	27	4	1	0	2
31263	27	4	1	1	0
31264	27	4	1	1	1
31265	27	4	1	1	2
31266	27	4	1	2	0
31267	27	4	1	2	1
31268	27	4	1	2	2
31269	27	4	1	3	0
31270	27	4	1	3	1
31271	27	4	1	3	2
31272	27	4	2	0	0
31273	27	4	2	0	1
31274	27	4	2	0	2
31275	27	4	2	1	0
31276	27	4	2	1	1
31277	27	4	2	1	2
31278	27	4	2	2	0
31279	27	4	2	2	1
31280	27	4	2	2	2
31281	27	4	2	3	0
31282	27	4	2	3	1
31283	27	4	2	3	2
31284	27	5	0	0	0
31285	27	5	0	0	1
31286	27	5	0	0	2
31287	27	5	0	1	0
31288	27	5	0	1	1
31289	27	5	0	1	2
31290	27	5	0	2	0
31291	27	5	0	2	1
31292	27	5	0	2	2
31293	27	5	0	3	0
31294	27	5	0	3	1
31295	27	5	0	3	2
31296	27	5	1	0	0
31297	27	5	1	0	1
31298	27	5	1	0	2
31299	27	5	1	1	0
31300	27	5	1	1	1
31301	27	5	1	1	2
31302	27	5	1	2	0
31303	27	5	1	2	1
31304	27	5	1	2	2
31305	27	5	1	3	0
31306	27	5	1	3	1
31307	27	5	1	3	2
31308	27	5	2	0	0
31309	27	5	2	0	1
31310	27	5	2	0	2
31311	27	5	2	1	0
31312	27	5	2	1	1
31313	27	5	2	1	2
31314	27	5	2	2	0
31315	27	5	2	2	1
31316	27	5	2	2	2
31317	27	5	2	3	0
31318	27	5	2	3	1
31319	27	5	2	3	2
31320	27	6	0	0	0
31321	27	6	0	0	1
31322	27	6	0	0	2
31323	27	6	0	1	0
31324	27	6	0	1	1
31325	27	6	0	1	2
31326	27	6	0	2	0
31327	27	6	0	2	1
31328	27	6	0	2	2
31329	27	6	0	3	0
31330	27	6	0	3	1
31331	27	6	0	3	2
31332	27	6	1	0	0
31333	27	6	1	0	1
31334	27	6	1	0	2
31335	27	6	1	1	0
31336	27	6	1	1	1
31337	27	6	1	1	2
31338	27	6	1	2	0
31339	27	6	1	2	1
31340	27	6	1	2	2
31341	27	6	1	3	0
31342	27	6	1	3	1
31343	27	6	1	3	2
31344	27	6	2	0	0
31345	27	6	2	0	1
31346	27	6	2	0	2
31347	27	6	2	1	0
31348	27	6	2	1	1
31349	27	6	2	1	2
31350	27	6	2	2	0
31351	27	6	2	2	1
31352	27	6	2	2	2
31353	27	6	2	3	0
31354	27	6	2	3	1
31355	27	6	2	3	2
31356	27	7	0	0	0
31357	27	7	0	0	1
31358	27	7	0	0	2
31359	27	7	0	1	0
31360	27	7	0	1	1
31361	27	7	0	1	2
31362	27	7	0	2	0
31363	27	7	0	2	1
31364	27	7	0	2	2
31365	27	7	0	3	0
31366	27	7	0	3	1
31367	27	7	0	3	2
31368	27	7	1	0	0
31369	27	7	1	0	1
31370	27	7	1	0	2
31371	27	7	1	1	0
31372	27	7	1	1	1
31373	27	7	1	1	2
31374	27	7	1	2	0
31375	27	7	1	2	1
31376	27	7	1	2	2
31377	27	7	1	3	0
31378	27	7	1	3	1
31379	27	7	1	3	2
31380	27	7	2	0	0
31381	27	7	2	0	1
31382	27	7	2	0	2
31383	27	7	2	1	0
31384	27	7	2	1	1
31385	27	7	2	1	2
31386	27	7	2	2	0
31387	27	7	2	2	1
31388	27	7	2	2	2
31389	27	7	2	3	0
31390	27	7	2	3	1
31391	27	7	2	3	2
31392	27	8	0	0	0
31393	27	8	0	0	1
31394	27	8	0	0	2
31395	27	8	0	1	0
31396	27	8	0	1	1
31397	27	8	0	1	2
31398	27	8	0	2	0
31399	27	8	0	2	1
31400	27	8	0	2	2
31401	27	8	0	3	0
31402	27	8	0	3	1
31403	27	8	0	3	2
31404	27	8	1	0	0
31405	27	8	1	0	1
31406	27	8	1	0	2
31407	27	8	1	1	0
31408	27	8	1	1	1
31409	27	8	1	1	2
31410	27	8	1	2	0
31411	27	8	1	2	1
31412	27	8	1	2	2
31413	27	8	1	3	0
31414	27	8	1	3	1
31415	27	8	1	3	2
31416	27	8	2	0	0
31417	27	8	2	0	1
31418	27	8	2	0	2
31419	27	8	2	1	0
31420	27	8	2	1	1
31421	27	8	2	1	2
31422	27	8	2	2	0
31423	27	8	2	2	1
31424	27	8	2	2	2
31425	27	8	2	3	0
31426	27	8	2	3	1
31427	27	8	2	3	2
31428	27	9	0	0	0
31429	27	9	0	0	1
31430	27	9	0	0	2
31431	27	9	0	1	0
31432	27	9	0	1	1
31433	27	9	0	1	2
31434	27	9	0	2	0
31435	27	9	0	2	1
31436	27	9	0	2	2
31437	27	9	0	3	0
31438	27	9	0	3	1
31439	27	9	0	3	2
31440	27	9	1	0	0
31441	27	9	1	0	1
31442	27	9	1	0	2
31443	27	9	1	1	0
31444	27	9	1	1	1
31445	27	9	1	1	2
31446	27	9	1	2	0
31447	27	9	1	2	1
31448	27	9	1	2	2
31449	27	9	1	3	0
31450	27	9	1	3	1
31451	27	9	1	3	2
31452	27	9	2	0	0
31453	27	9	2	0	1
31454	27	9	2	0	2
31455	27	9	2	1	0
31456	27	9	2	1	1
31457	27	9	2	1	2
31458	27	9	2	2	0
31459	27	9	2	2	1
31460	27	9	2	2	2
31461	27	9	2	3	0
31462	27	9	2	3	1
31463	27	9	2	3	2
31464	27	10	0	0	0
31465	27	10	0	0	1
31466	27	10	0	0	2
31467	27	10	0	1	0
31468	27	10	0	1	1
31469	27	10	0	1	2
31470	27	10	0	2	0
31471	27	10	0	2	1
31472	27	10	0	2	2
31473	27	10	0	3	0
31474	27	10	0	3	1
31475	27	10	0	3	2
31476	27	10	1	0	0
31477	27	10	1	0	1
31478	27	10	1	0	2
31479	27	10	1	1	0
31480	27	10	1	1	1
31481	27	10	1	1	2
31482	27	10	1	2	0
31483	27	10	1	2	1
31484	27	10	1	2	2
31485	27	10	1	3	0
31486	27	10	1	3	1
31487	27	10	1	3	2
31488	27	10	2	0	0
31489	27	10	2	0	1
31490	27	10	2	0	2
31491	27	10	2	1	0
31492	27	10	2	1	1
31493	27	10	2	1	2
31494	27	10	2	2	0
31495	27	10	2	2	1
31496	27	10	2	2	2
31497	27	10	2	3	0
31498	27	10	2	3	1
31499	27	10	2	3	2
31500	27	11	0	0	0
31501	27	11	0	0	1
31502	27	11	0	0	2
31503	27	11	0	1	0
31504	27	11	0	1	1
31505	27	11	0	1	2
31506	27	11	0	2	0
31507	27	11	0	2	1
31508	27	11	0	2	2
31509	27	11	0	3	0
31510	27	11	0	3	1
31511	27	11	0	3	2
31512	27	11	1	0	0
31513	27	11	1	0	1
31514	27	11	1	0	2
31515	27	11	1	1	0
31516	27	11	1	1	1
31517	27	11	1	1	2
31518	27	11	1	2	0
31519	27	11	1	2	1
31520	27	11	1	2	2
31521	27	11	1	3	0
31522	27	11	1	3	1
31523	27	11	1	3	2
31524	27	11	2	0	0
31525	27	11	2	0	1
31526	27	11	2	0	2
31527	27	11	2	1	0
31528	27	11	2	1	1
31529	27	11	2	1	2
31530	27	11	2	2	0
31531	27	11	2	2	1
31532	27	11	2	2	2
31533	27	11	2	3	0
31534	27	11	2	3	1
31535	27	11	2	3	2
31536	27	12	0	0	0
31537	27	12	0	0	1
31538	27	12	0	0	2
31539	27	12	0	1	0
31540	27	12	0	1	1
31541	27	12	0	1	2
31542	27	12	0	2	0
31543	27	12	0	2	1
31544	27	12	0	2	2
31545	27	12	0	3	0
31546	27	12	0	3	1
31547	27	12	0	3	2
31548	27	12	1	0	0
31549	27	12	1	0	1
31550	27	12	1	0	2
31551	27	12	1	1	0
31552	27	12	1	1	1
31553	27	12	1	1	2
31554	27	12	1	2	0
31555	27	12	1	2	1
31556	27	12	1	2	2
31557	27	12	1	3	0
31558	27	12	1	3	1
31559	27	12	1	3	2
31560	27	12	2	0	0
31561	27	12	2	0	1
31562	27	12	2	0	2
31563	27	12	2	1	0
31564	27	12	2	1	1
31565	27	12	2	1	2
31566	27	12	2	2	0
31567	27	12	2	2	1
31568	27	12	2	2	2
31569	27	12	2	3	0
31570	27	12	2	3	1
31571	27	12	2	3	2
31572	27	13	0	0	0
31573	27	13	0	0	1
31574	27	13	0	0	2
31575	27	13	0	1	0
31576	27	13	0	1	1
31577	27	13	0	1	2
31578	27	13	0	2	0
31579	27	13	0	2	1
31580	27	13	0	2	2
31581	27	13	0	3	0
31582	27	13	0	3	1
31583	27	13	0	3	2
31584	27	13	1	0	0
31585	27	13	1	0	1
31586	27	13	1	0	2
31587	27	13	1	1	0
31588	27	13	1	1	1
31589	27	13	1	1	2
31590	27	13	1	2	0
31591	27	13	1	2	1
31592	27	13	1	2	2
31593	27	13	1	3	0
31594	27	13	1	3	1
31595	27	13	1	3	2
31596	27	13	2	0	0
31597	27	13	2	0	1
31598	27	13	2	0	2
31599	27	13	2	1	0
31600	27	13	2	1	1
31601	27	13	2	1	2
31602	27	13	2	2	0
31603	27	13	2	2	1
31604	27	13	2	2	2
31605	27	13	2	3	0
31606	27	13	2	3	1
31607	27	13	2	3	2
31608	27	14	0	0	0
31609	27	14	0	0	1
31610	27	14	0	0	2
31611	27	14	0	1	0
31612	27	14	0	1	1
31613	27	14	0	1	2
31614	27	14	0	2	0
31615	27	14	0	2	1
31616	27	14	0	2	2
31617	27	14	0	3	0
31618	27	14	0	3	1
31619	27	14	0	3	2
31620	27	14	1	0	0
31621	27	14	1	0	1
31622	27	14	1	0	2
31623	27	14	1	1	0
31624	27	14	1	1	1
31625	27	14	1	1	2
31626	27	14	1	2	0
31627	27	14	1	2	1
31628	27	14	1	2	2
31629	27	14	1	3	0
31630	27	14	1	3	1
31631	27	14	1	3	2
31632	27	14	2	0	0
31633	27	14	2	0	1
31634	27	14	2	0	2
31635	27	14	2	1	0
31636	27	14	2	1	1
31637	27	14	2	1	2
31638	27	14	2	2	0
31639	27	14	2	2	1
31640	27	14	2	2	2
31641	27	14	2	3	0
31642	27	14	2	3	1
31643	27	14	2	3	2
31644	27	15	0	0	0
31645	27	15	0	0	1
31646	27	15	0	0	2
31647	27	15	0	1	0
31648	27	15	0	1	1
31649	27	15	0	1	2
31650	27	15	0	2	0
31651	27	15	0	2	1
31652	27	15	0	2	2
31653	27	15	0	3	0
31654	27	15	0	3	1
31655	27	15	0	3	2
31656	27	15	1	0	0
31657	27	15	1	0	1
31658	27	15	1	0	2
31659	27	15	1	1	0
31660	27	15	1	1	1
31661	27	15	1	1	2
31662	27	15	1	2	0
31663	27	15	1	2	1
31664	27	15	1	2	2
31665	27	15	1	3	0
31666	27	15	1	3	1
31667	27	15	1	3	2
31668	27	15	2	0	0
31669	27	15	2	0	1
31670	27	15	2	0	2
31671	27	15	2	1	0
31672	27	15	2	1	1
31673	27	15	2	1	2
31674	27	15	2	2	0
31675	27	15	2	2	1
31676	27	15	2	2	2
31677	27	15	2	3	0
31678	27	15	2	3	1
31679	27	15	2	3	2
31680	27	16	0	0	0
31681	27	16	0	0	1
31682	27	16	0	0	2
31683	27	16	0	1	0
31684	27	16	0	1	1
31685	27	16	0	1	2
31686	27	16	0	2	0
31687	27	16	0	2	1
31688	27	16	0	2	2
31689	27	16	0	3	0
31690	27	16	0	3	1
31691	27	16	0	3	2
31692	27	16	1	0	0
31693	27	16	1	0	1
31694	27	16	1	0	2
31695	27	16	1	1	0
31696	27	16	1	1	1
31697	27	16	1	1	2
31698	27	16	1	2	0
31699	27	16	1	2	1
31700	27	16	1	2	2
31701	27	16	1	3	0
31702	27	16	1	3	1
31703	27	16	1	3	2
31704	27	16	2	0	0
31705	27	16	2	0	1
31706	27	16	2	0	2
31707	27	16	2	1	0
31708	27	16	2	1	1
31709	27	16	2	1	2
31710	27	16	2	2	0
31711	27	16	2	2	1
31712	27	16	2	2	2
31713	27	16	2	3	0
31714	27	16	2	3	1
31715	27	16	2	3	2
31716	27	17	0	0	0
31717	27	17	0	0	1
31718	27	17	0	0	2
31719	27	17	0	1	0
31720	27	17	0	1	1
31721	27	17	0	1	2
31722	27	17	0	2	0
31723	27	17	0	2	1
31724	27	17	0	2	2
31725	27	17	0	3	0
31726	27	17	0	3	1
31727	27	17	0	3	2
31728	27	17	1	0	0
31729	27	17	1	0	1
31730	27	17	1	0	2
31731	27	17	1	1	0
31732	27	17	1	1	1
31733	27	17	1	1	2
31734	27	17	1	2	0
31735	27	17	1	2	1
31736	27	17	1	2	2
31737	27	17	1	3	0
31738	27	17	1	3	1
31739	27	17	1	3	2
31740	27	17	2	0	0
31741	27	17	2	0	1
31742	27	17	2	0	2
31743	27	17	2	1	0
31744	27	17	2	1	1
31745	27	17	2	1	2
31746	27	17	2	2	0
31747	27	17	2	2	1
31748	27	17	2	2	2
31749	27	17	2	3	0
31750	27	17	2	3	1
31751	27	17	2	3	2
31752	27	18	0	0	0
31753	27	18	0	0	1
31754	27	18	0	0	2
31755	27	18	0	1	0
31756	27	18	0	1	1
31757	27	18	0	1	2
31758	27	18	0	2	0
31759	27	18	0	2	1
31760	27	18	0	2	2
31761	27	18	0	3	0
31762	27	18	0	3	1
31763	27	18	0	3	2
31764	27	18	1	0	0
31765	27	18	1	0	1
31766	27	18	1	0	2
31767	27	18	1	1	0
31768	27	18	1	1	1
31769	27	18	1	1	2
31770	27	18	1	2	0
31771	27	18	1	2	1
31772	27	18	1	2	2
31773	27	18	1	3	0
31774	27	18	1	3	1
31775	27	18	1	3	2
31776	27	18	2	0	0
31777	27	18	2	0	1
31778	27	18	2	0	2
31779	27	18	2	1	0
31780	27	18	2	1	1
31781	27	18	2	1	2
31782	27	18	2	2	0
31783	27	18	2	2	1
31784	27	18	2	2	2
31785	27	18	2	3	0
31786	27	18	2	3	1
31787	27	18	2	3	2
31788	27	19	0	0	0
31789	27	19	0	0	1
31790	27	19	0	0	2
31791	27	19	0	1	0
31792	27	19	0	1	1
31793	27	19	0	1	2
31794	27	19	0	2	0
31795	27	19	0	2	1
31796	27	19	0	2	2
31797	27	19	0	3	0
31798	27	19	0	3	1
31799	27	19	0	3	2
31800	27	19	1	0	0
31801	27	19	1	0	1
31802	27	19	1	0	2
31803	27	19	1	1	0
31804	27	19	1	1	1
31805	27	19	1	1	2
31806	27	19	1	2	0
31807	27	19	1	2	1
31808	27	19	1	2	2
31809	27	19	1	3	0
31810	27	19	1	3	1
31811	27	19	1	3	2
31812	27	19	2	0	0
31813	27	19	2	0	1
31814	27	19	2	0	2
31815	27	19	2	1	0
31816	27	19	2	1	1
31817	27	19	2	1	2
31818	27	19	2	2	0
31819	27	19	2	2	1
31820	27	19	2	2	2
31821	27	19	2	3	0
31822	27	19	2	3	1
31823	27	19	2	3	2
31824	27	20	0	0	0
31825	27	20	0	0	1
31826	27	20	0	0	2
31827	27	20	0	1	0
31828	27	20	0	1	1
31829	27	20	0	1	2
31830	27	20	0	2	0
31831	27	20	0	2	1
31832	27	20	0	2	2
31833	27	20	0	3	0
31834	27	20	0	3	1
31835	27	20	0	3	2
31836	27	20	1	0	0
31837	27	20	1	0	1
31838	27	20	1	0	2
31839	27	20	1	1	0
31840	27	20	1	1	1
31841	27	20	1	1	2
31842	27	20	1	2	0
31843	27	20	1	2	1
31844	27	20	1	2	2
31845	27	20	1	3	0
31846	27	20	1	3	1
31847	27	20	1	3	2
31848	27	20	2	0	0
31849	27	20	2	0	1
31850	27	20	2	0	2
31851	27	20	2	1	0
31852	27	20	2	1	1
31853	27	20	2	1	2
31854	27	20	2	2	0
31855	27	20	2	2	1
31856	27	20	2	2	2
31857	27	20	2	3	0
31858	27	20	2	3	1
31859	27	20	2	3	2
31860	27	21	0	0	0
31861	27	21	0	0	1
31862	27	21	0	0	2
31863	27	21	0	1	0
31864	27	21	0	1	1
31865	27	21	0	1	2
31866	27	21	0	2	0
31867	27	21	0	2	1
31868	27	21	0	2	2
31869	27	21	0	3	0
31870	27	21	0	3	1
31871	27	21	0	3	2
31872	27	21	1	0	0
31873	27	21	1	0	1
31874	27	21	1	0	2
31875	27	21	1	1	0
31876	27	21	1	1	1
31877	27	21	1	1	2
31878	27	21	1	2	0
31879	27	21	1	2	1
31880	27	21	1	2	2
31881	27	21	1	3	0
31882	27	21	1	3	1
31883	27	21	1	3	2
31884	27	21	2	0	0
31885	27	21	2	0	1
31886	27	21	2	0	2
31887	27	21	2	1	0
31888	27	21	2	1	1
31889	27	21	2	1	2
31890	27	21	2	2	0
31891	27	21	2	2	1
31892	27	21	2	2	2
31893	27	21	2	3	0
31894	27	21	2	3	1
31895	27	21	2	3	2
31896	27	22	0	0	0
31897	27	22	0	0	1
31898	27	22	0	0	2
31899	27	22	0	1	0
31900	27	22	0	1	1
31901	27	22	0	1	2
31902	27	22	0	2	0
31903	27	22	0	2	1
31904	27	22	0	2	2
31905	27	22	0	3	0
31906	27	22	0	3	1
31907	27	22	0	3	2
31908	27	22	1	0	0
31909	27	22	1	0	1
31910	27	22	1	0	2
31911	27	22	1	1	0
31912	27	22	1	1	1
31913	27	22	1	1	2
31914	27	22	1	2	0
31915	27	22	1	2	1
31916	27	22	1	2	2
31917	27	22	1	3	0
31918	27	22	1	3	1
31919	27	22	1	3	2
31920	27	22	2	0	0
31921	27	22	2	0	1
31922	27	22	2	0	2
31923	27	22	2	1	0
31924	27	22	2	1	1
31925	27	22	2	1	2
31926	27	22	2	2	0
31927	27	22	2	2	1
31928	27	22	2	2	2
31929	27	22	2	3	0
31930	27	22	2	3	1
31931	27	22	2	3	2
31932	27	23	0	0	0
31933	27	23	0	0	1
31934	27	23	0	0	2
31935	27	23	0	1	0
31936	27	23	0	1	1
31937	27	23	0	1	2
31938	27	23	0	2	0
31939	27	23	0	2	1
31940	27	23	0	2	2
31941	27	23	0	3	0
31942	27	23	0	3	1
31943	27	23	0	3	2
31944	27	23	1	0	0
31945	27	23	1	0	1
31946	27	23	1	0	2
31947	27	23	1	1	0
31948	27	23	1	1	1
31949	27	23	1	1	2
31950	27	23	1	2	0
31951	27	23	1	2	1
31952	27	23	1	2	2
31953	27	23	1	3	0
31954	27	23	1	3	1
31955	27	23	1	3	2
31956	27	23	2	0	0
31957	27	23	2	0	1
31958	27	23	2	0	2
31959	27	23	2	1	0
31960	27	23	2	1	1
31961	27	23	2	1	2
31962	27	23	2	2	0
31963	27	23	2	2	1
31964	27	23	2	2	2
31965	27	23	2	3	0
31966	27	23	2	3	1
31967	27	23	2	3	2
31968	27	24	0	0	0
31969	27	24	0	0	1
31970	27	24	0	0	2
31971	27	24	0	1	0
31972	27	24	0	1	1
31973	27	24	0	1	2
31974	27	24	0	2	0
31975	27	24	0	2	1
31976	27	24	0	2	2
31977	27	24	0	3	0
31978	27	24	0	3	1
31979	27	24	0	3	2
31980	27	24	1	0	0
31981	27	24	1	0	1
31982	27	24	1	0	2
31983	27	24	1	1	0
31984	27	24	1	1	1
31985	27	24	1	1	2
31986	27	24	1	2	0
31987	27	24	1	2	1
31988	27	24	1	2	2
31989	27	24	1	3	0
31990	27	24	1	3	1
31991	27	24	1	3	2
31992	27	24	2	0	0
31993	27	24	2	0	1
31994	27	24	2	0	2
31995	27	24	2	1	0
31996	27	24	2	1	1
31997	27	24	2	1	2
31998	27	24	2	2	0
31999	27	24	2	2	1
32000	27	24	2	2	2
32001	27	24	2	3	0
32002	27	24	2	3	1
32003	27	24	2	3	2
32004	27	25	0	0	0
32005	27	25	0	0	1
32006	27	25	0	0	2
32007	27	25	0	1	0
32008	27	25	0	1	1
32009	27	25	0	1	2
32010	27	25	0	2	0
32011	27	25	0	2	1
32012	27	25	0	2	2
32013	27	25	0	3	0
32014	27	25	0	3	1
32015	27	25	0	3	2
32016	27	25	1	0	0
32017	27	25	1	0	1
32018	27	25	1	0	2
32019	27	25	1	1	0
32020	27	25	1	1	1
32021	27	25	1	1	2
32022	27	25	1	2	0
32023	27	25	1	2	1
32024	27	25	1	2	2
32025	27	25	1	3	0
32026	27	25	1	3	1
32027	27	25	1	3	2
32028	27	25	2	0	0
32029	27	25	2	0	1
32030	27	25	2	0	2
32031	27	25	2	1	0
32032	27	25	2	1	1
32033	27	25	2	1	2
32034	27	25	2	2	0
32035	27	25	2	2	1
32036	27	25	2	2	2
32037	27	25	2	3	0
32038	27	25	2	3	1
32039	27	25	2	3	2
32040	27	26	0	0	0
32041	27	26	0	0	1
32042	27	26	0	0	2
32043	27	26	0	1	0
32044	27	26	0	1	1
32045	27	26	0	1	2
32046	27	26	0	2	0
32047	27	26	0	2	1
32048	27	26	0	2	2
32049	27	26	0	3	0
32050	27	26	0	3	1
32051	27	26	0	3	2
32052	27	26	1	0	0
32053	27	26	1	0	1
32054	27	26	1	0	2
32055	27	26	1	1	0
32056	27	26	1	1	1
32057	27	26	1	1	2
32058	27	26	1	2	0
32059	27	26	1	2	1
32060	27	26	1	2	2
32061	27	26	1	3	0
32062	27	26	1	3	1
32063	27	26	1	3	2
32064	27	26	2	0	0
32065	27	26	2	0	1
32066	27	26	2	0	2
32067	27	26	2	1	0
32068	27	26	2	1	1
32069	27	26	2	1	2
32070	27	26	2	2	0
32071	27	26	2	2	1
32072	27	26	2	2	2
32073	27	26	2	3	0
32074	27	26	2	3	1
32075	27	26	2	3	2
32076	27	27	0	0	0
32077	27	27	0	0	1
32078	27	27	0	0	2
32079	27	27	0	1	0
32080	27	27	0	1	1
32081	27	27	0	1	2
32082	27	27	0	2	0
32083	27	27	0	2	1
32084	27	27	0	2	2
32085	27	27	0	3	0
32086	27	27	0	3	1
32087	27	27	0	3	2
32088	27	27	1	0	0
32089	27	27	1	0	1
32090	27	27	1	0	2
32091	27	27	1	1	0
32092	27	27	1	1	1
32093	27	27	1	1	2
32094	27	27	1	2	0
32095	27	27	1	2	1
32096	27	27	1	2	2
32097	27	27	1	3	0
32098	27	27	1	3	1
32099	27	27	1	3	2
32100	27	27	2	0	0
32101	27	27	2	0	1
32102	27	27	2	0	2
32103	27	27	2	1	0
32104	27	27	2	1	1
32105	27	27	2	1	2
32106	27	27	2	2	0
32107	27	27	2	2	1
32108	27	27	2	2	2
32109	27	27	2	3	0
32110	27	27	2	3	1
32111	27	27	2	3	2
32112	27	28	0	0	0
32113	27	28	0	0	1
32114	27	28	0	0	2
32115	27	28	0	1	0
32116	27	28	0	1	1
32117	27	28	0	1	2
32118	27	28	0	2	0
32119	27	28	0	2	1
32120	27	28	0	2	2
32121	27	28	0	3	0
32122	27	28	0	3	1
32123	27	28	0	3	2
32124	27	28	1	0	0
32125	27	28	1	0	1
32126	27	28	1	0	2
32127	27	28	1	1	0
32128	27	28	1	1	1
32129	27	28	1	1	2
32130	27	28	1	2	0
32131	27	28	1	2	1
32132	27	28	1	2	2
32133	27	28	1	3	0
32134	27	28	1	3	1
32135	27	28	1	3	2
32136	27	28	2	0	0
32137	27	28	2	0	1
32138	27	28	2	0	2
32139	27	28	2	1	0
32140	27	28	2	1	1
32141	27	28	2	1	2
32142	27	28	2	2	0
32143	27	28	2	2	1
32144	27	28	2	2	2
32145	27	28	2	3	0
32146	27	28	2	3	1
32147	27	28	2	3	2
32148	27	29	0	0	0
32149	27	29	0	0	1
32150	27	29	0	0	2
32151	27	29	0	1	0
32152	27	29	0	1	1
32153	27	29	0	1	2
32154	27	29	0	2	0
32155	27	29	0	2	1
32156	27	29	0	2	2
32157	27	29	0	3	0
32158	27	29	0	3	1
32159	27	29	0	3	2
32160	27	29	1	0	0
32161	27	29	1	0	1
32162	27	29	1	0	2
32163	27	29	1	1	0
32164	27	29	1	1	1
32165	27	29	1	1	2
32166	27	29	1	2	0
32167	27	29	1	2	1
32168	27	29	1	2	2
32169	27	29	1	3	0
32170	27	29	1	3	1
32171	27	29	1	3	2
32172	27	29	2	0	0
32173	27	29	2	0	1
32174	27	29	2	0	2
32175	27	29	2	1	0
32176	27	29	2	1	1
32177	27	29	2	1	2
32178	27	29	2	2	0
32179	27	29	2	2	1
32180	27	29	2	2	2
32181	27	29	2	3	0
32182	27	29	2	3	1
32183	27	29	2	3	2
32184	27	30	0	0	0
32185	27	30	0	0	1
32186	27	30	0	0	2
32187	27	30	0	1	0
32188	27	30	0	1	1
32189	27	30	0	1	2
32190	27	30	0	2	0
32191	27	30	0	2	1
32192	27	30	0	2	2
32193	27	30	0	3	0
32194	27	30	0	3	1
32195	27	30	0	3	2
32196	27	30	1	0	0
32197	27	30	1	0	1
32198	27	30	1	0	2
32199	27	30	1	1	0
32200	27	30	1	1	1
32201	27	30	1	1	2
32202	27	30	1	2	0
32203	27	30	1	2	1
32204	27	30	1	2	2
32205	27	30	1	3	0
32206	27	30	1	3	1
32207	27	30	1	3	2
32208	27	30	2	0	0
32209	27	30	2	0	1
32210	27	30	2	0	2
32211	27	30	2	1	0
32212	27	30	2	1	1
32213	27	30	2	1	2
32214	27	30	2	2	0
32215	27	30	2	2	1
32216	27	30	2	2	2
32217	27	30	2	3	0
32218	27	30	2	3	1
32219	27	30	2	3	2
32220	27	31	0	0	0
32221	27	31	0	0	1
32222	27	31	0	0	2
32223	27	31	0	1	0
32224	27	31	0	1	1
32225	27	31	0	1	2
32226	27	31	0	2	0
32227	27	31	0	2	1
32228	27	31	0	2	2
32229	27	31	0	3	0
32230	27	31	0	3	1
32231	27	31	0	3	2
32232	27	31	1	0	0
32233	27	31	1	0	1
32234	27	31	1	0	2
32235	27	31	1	1	0
32236	27	31	1	1	1
32237	27	31	1	1	2
32238	27	31	1	2	0
32239	27	31	1	2	1
32240	27	31	1	2	2
32241	27	31	1	3	0
32242	27	31	1	3	1
32243	27	31	1	3	2
32244	27	31	2	0	0
32245	27	31	2	0	1
32246	27	31	2	0	2
32247	27	31	2	1	0
32248	27	31	2	1	1
32249	27	31	2	1	2
32250	27	31	2	2	0
32251	27	31	2	2	1
32252	27	31	2	2	2
32253	27	31	2	3	0
32254	27	31	2	3	1
32255	27	31	2	3	2
32256	28	0	0	0	0
32257	28	0	0	0	1
32258	28	0	0	0	2
32259	28	0	0	1	0
32260	28	0	0	1	1
32261	28	0	0	1	2
32262	28	0	0	2	0
32263	28	0	0	2	1
32264	28	0	0	2	2
32265	28	0	0	3	0
32266	28	0	0	3	1
32267	28	0	0	3	2
32268	28	0	1	0	0
32269	28	0	1	0	1
32270	28	0	1	0	2
32271	28	0	1	1	0
32272	28	0	1	1	1
32273	28	0	1	1	2
32274	28	0	1	2	0
32275	28	0	1	2	1
32276	28	0	1	2	2
32277	28	0	1	3	0
32278	28	0	1	3	1
32279	28	0	1	3	2
32280	28	0	2	0	0
32281	28	0	2	0	1
32282	28	0	2	0	2
32283	28	0	2	1	0
32284	28	0	2	1	1
32285	28	0	2	1	2
32286	28	0	2	2	0
32287	28	0	2	2	1
32288	28	0	2	2	2
32289	28	0	2	3	0
32290	28	0	2	3	1
32291	28	0	2	3	2
32292	28	1	0	0	0
32293	28	1	0	0	1
32294	28	1	0	0	2
32295	28	1	0	1	0
32296	28	1	0	1	1
32297	28	1	0	1	2
32298	28	1	0	2	0
32299	28	1	0	2	1
32300	28	1	0	2	2
32301	28	1	0	3	0
32302	28	1	0	3	1
32303	28	1	0	3	2
32304	28	1	1	0	0
32305	28	1	1	0	1
32306	28	1	1	0	2
32307	28	1	1	1	0
32308	28	1	1	1	1
32309	28	1	1	1	2
32310	28	1	1	2	0
32311	28	1	1	2	1
32312	28	1	1	2	2
32313	28	1	1	3	0
32314	28	1	1	3	1
32315	28	1	1	3	2
32316	28	1	2	0	0
32317	28	1	2	0	1
32318	28	1	2	0	2
32319	28	1	2	1	0
32320	28	1	2	1	1
32321	28	1	2	1	2
32322	28	1	2	2	0
32323	28	1	2	2	1
32324	28	1	2	2	2
32325	28	1	2	3	0
32326	28	1	2	3	1
32327	28	1	2	3	2
32328	28	2	0	0	0
32329	28	2	0	0	1
32330	28	2	0	0	2
32331	28	2	0	1	0
32332	28	2	0	1	1
32333	28	2	0	1	2
32334	28	2	0	2	0
32335	28	2	0	2	1
32336	28	2	0	2	2
32337	28	2	0	3	0
32338	28	2	0	3	1
32339	28	2	0	3	2
32340	28	2	1	0	0
32341	28	2	1	0	1
32342	28	2	1	0	2
32343	28	2	1	1	0
32344	28	2	1	1	1
32345	28	2	1	1	2
32346	28	2	1	2	0
32347	28	2	1	2	1
32348	28	2	1	2	2
32349	28	2	1	3	0
32350	28	2	1	3	1
32351	28	2	1	3	2
32352	28	2	2	0	0
32353	28	2	2	0	1
32354	28	2	2	0	2
32355	28	2	2	1	0
32356	28	2	2	1	1
32357	28	2	2	1	2
32358	28	2	2	2	0
32359	28	2	2	2	1
32360	28	2	2	2	2
32361	28	2	2	3	0
32362	28	2	2	3	1
32363	28	2	2	3	2
32364	28	3	0	0	0
32365	28	3	0	0	1
32366	28	3	0	0	2
32367	28	3	0	1	0
32368	28	3	0	1	1
32369	28	3	0	1	2
32370	28	3	0	2	0
32371	28	3	0	2	1
32372	28	3	0	2	2
32373	28	3	0	3	0
32374	28	3	0	3	1
32375	28	3	0	3	2
32376	28	3	1	0	0
32377	28	3	1	0	1
32378	28	3	1	0	2
32379	28	3	1	1	0
32380	28	3	1	1	1
32381	28	3	1	1	2
32382	28	3	1	2	0
32383	28	3	1	2	1
32384	28	3	1	2	2
32385	28	3	1	3	0
32386	28	3	1	3	1
32387	28	3	1	3	2
32388	28	3	2	0	0
32389	28	3	2	0	1
32390	28	3	2	0	2
32391	28	3	2	1	0
32392	28	3	2	1	1
32393	28	3	2	1	2
32394	28	3	2	2	0
32395	28	3	2	2	1
32396	28	3	2	2	2
32397	28	3	2	3	0
32398	28	3	2	3	1
32399	28	3	2	3	2
32400	28	4	0	0	0
32401	28	4	0	0	1
32402	28	4	0	0	2
32403	28	4	0	1	0
32404	28	4	0	1	1
32405	28	4	0	1	2
32406	28	4	0	2	0
32407	28	4	0	2	1
32408	28	4	0	2	2
32409	28	4	0	3	0
32410	28	4	0	3	1
32411	28	4	0	3	2
32412	28	4	1	0	0
32413	28	4	1	0	1
32414	28	4	1	0	2
32415	28	4	1	1	0
32416	28	4	1	1	1
32417	28	4	1	1	2
32418	28	4	1	2	0
32419	28	4	1	2	1
32420	28	4	1	2	2
32421	28	4	1	3	0
32422	28	4	1	3	1
32423	28	4	1	3	2
32424	28	4	2	0	0
32425	28	4	2	0	1
32426	28	4	2	0	2
32427	28	4	2	1	0
32428	28	4	2	1	1
32429	28	4	2	1	2
32430	28	4	2	2	0
32431	28	4	2	2	1
32432	28	4	2	2	2
32433	28	4	2	3	0
32434	28	4	2	3	1
32435	28	4	2	3	2
32436	28	5	0	0	0
32437	28	5	0	0	1
32438	28	5	0	0	2
32439	28	5	0	1	0
32440	28	5	0	1	1
32441	28	5	0	1	2
32442	28	5	0	2	0
32443	28	5	0	2	1
32444	28	5	0	2	2
32445	28	5	0	3	0
32446	28	5	0	3	1
32447	28	5	0	3	2
32448	28	5	1	0	0
32449	28	5	1	0	1
32450	28	5	1	0	2
32451	28	5	1	1	0
32452	28	5	1	1	1
32453	28	5	1	1	2
32454	28	5	1	2	0
32455	28	5	1	2	1
32456	28	5	1	2	2
32457	28	5	1	3	0
32458	28	5	1	3	1
32459	28	5	1	3	2
32460	28	5	2	0	0
32461	28	5	2	0	1
32462	28	5	2	0	2
32463	28	5	2	1	0
32464	28	5	2	1	1
32465	28	5	2	1	2
32466	28	5	2	2	0
32467	28	5	2	2	1
32468	28	5	2	2	2
32469	28	5	2	3	0
32470	28	5	2	3	1
32471	28	5	2	3	2
32472	28	6	0	0	0
32473	28	6	0	0	1
32474	28	6	0	0	2
32475	28	6	0	1	0
32476	28	6	0	1	1
32477	28	6	0	1	2
32478	28	6	0	2	0
32479	28	6	0	2	1
32480	28	6	0	2	2
32481	28	6	0	3	0
32482	28	6	0	3	1
32483	28	6	0	3	2
32484	28	6	1	0	0
32485	28	6	1	0	1
32486	28	6	1	0	2
32487	28	6	1	1	0
32488	28	6	1	1	1
32489	28	6	1	1	2
32490	28	6	1	2	0
32491	28	6	1	2	1
32492	28	6	1	2	2
32493	28	6	1	3	0
32494	28	6	1	3	1
32495	28	6	1	3	2
32496	28	6	2	0	0
32497	28	6	2	0	1
32498	28	6	2	0	2
32499	28	6	2	1	0
32500	28	6	2	1	1
32501	28	6	2	1	2
32502	28	6	2	2	0
32503	28	6	2	2	1
32504	28	6	2	2	2
32505	28	6	2	3	0
32506	28	6	2	3	1
32507	28	6	2	3	2
32508	28	7	0	0	0
32509	28	7	0	0	1
32510	28	7	0	0	2
32511	28	7	0	1	0
32512	28	7	0	1	1
32513	28	7	0	1	2
32514	28	7	0	2	0
32515	28	7	0	2	1
32516	28	7	0	2	2
32517	28	7	0	3	0
32518	28	7	0	3	1
32519	28	7	0	3	2
32520	28	7	1	0	0
32521	28	7	1	0	1
32522	28	7	1	0	2
32523	28	7	1	1	0
32524	28	7	1	1	1
32525	28	7	1	1	2
32526	28	7	1	2	0
32527	28	7	1	2	1
32528	28	7	1	2	2
32529	28	7	1	3	0
32530	28	7	1	3	1
32531	28	7	1	3	2
32532	28	7	2	0	0
32533	28	7	2	0	1
32534	28	7	2	0	2
32535	28	7	2	1	0
32536	28	7	2	1	1
32537	28	7	2	1	2
32538	28	7	2	2	0
32539	28	7	2	2	1
32540	28	7	2	2	2
32541	28	7	2	3	0
32542	28	7	2	3	1
32543	28	7	2	3	2
32544	28	8	0	0	0
32545	28	8	0	0	1
32546	28	8	0	0	2
32547	28	8	0	1	0
32548	28	8	0	1	1
32549	28	8	0	1	2
32550	28	8	0	2	0
32551	28	8	0	2	1
32552	28	8	0	2	2
32553	28	8	0	3	0
32554	28	8	0	3	1
32555	28	8	0	3	2
32556	28	8	1	0	0
32557	28	8	1	0	1
32558	28	8	1	0	2
32559	28	8	1	1	0
32560	28	8	1	1	1
32561	28	8	1	1	2
32562	28	8	1	2	0
32563	28	8	1	2	1
32564	28	8	1	2	2
32565	28	8	1	3	0
32566	28	8	1	3	1
32567	28	8	1	3	2
32568	28	8	2	0	0
32569	28	8	2	0	1
32570	28	8	2	0	2
32571	28	8	2	1	0
32572	28	8	2	1	1
32573	28	8	2	1	2
32574	28	8	2	2	0
32575	28	8	2	2	1
32576	28	8	2	2	2
32577	28	8	2	3	0
32578	28	8	2	3	1
32579	28	8	2	3	2
32580	28	9	0	0	0
32581	28	9	0	0	1
32582	28	9	0	0	2
32583	28	9	0	1	0
32584	28	9	0	1	1
32585	28	9	0	1	2
32586	28	9	0	2	0
32587	28	9	0	2	1
32588	28	9	0	2	2
32589	28	9	0	3	0
32590	28	9	0	3	1
32591	28	9	0	3	2
32592	28	9	1	0	0
32593	28	9	1	0	1
32594	28	9	1	0	2
32595	28	9	1	1	0
32596	28	9	1	1	1
32597	28	9	1	1	2
32598	28	9	1	2	0
32599	28	9	1	2	1
32600	28	9	1	2	2
32601	28	9	1	3	0
32602	28	9	1	3	1
32603	28	9	1	3	2
32604	28	9	2	0	0
32605	28	9	2	0	1
32606	28	9	2	0	2
32607	28	9	2	1	0
32608	28	9	2	1	1
32609	28	9	2	1	2
32610	28	9	2	2	0
32611	28	9	2	2	1
32612	28	9	2	2	2
32613	28	9	2	3	0
32614	28	9	2	3	1
32615	28	9	2	3	2
32616	28	10	0	0	0
32617	28	10	0	0	1
32618	28	10	0	0	2
32619	28	10	0	1	0
32620	28	10	0	1	1
32621	28	10	0	1	2
32622	28	10	0	2	0
32623	28	10	0	2	1
32624	28	10	0	2	2
32625	28	10	0	3	0
32626	28	10	0	3	1
32627	28	10	0	3	2
32628	28	10	1	0	0
32629	28	10	1	0	1
32630	28	10	1	0	2
32631	28	10	1	1	0
32632	28	10	1	1	1
32633	28	10	1	1	2
32634	28	10	1	2	0
32635	28	10	1	2	1
32636	28	10	1	2	2
32637	28	10	1	3	0
32638	28	10	1	3	1
32639	28	10	1	3	2
32640	28	10	2	0	0
32641	28	10	2	0	1
32642	28	10	2	0	2
32643	28	10	2	1	0
32644	28	10	2	1	1
32645	28	10	2	1	2
32646	28	10	2	2	0
32647	28	10	2	2	1
32648	28	10	2	2	2
32649	28	10	2	3	0
32650	28	10	2	3	1
32651	28	10	2	3	2
32652	28	11	0	0	0
32653	28	11	0	0	1
32654	28	11	0	0	2
32655	28	11	0	1	0
32656	28	11	0	1	1
32657	28	11	0	1	2
32658	28	11	0	2	0
32659	28	11	0	2	1
32660	28	11	0	2	2
32661	28	11	0	3	0
32662	28	11	0	3	1
32663	28	11	0	3	2
32664	28	11	1	0	0
32665	28	11	1	0	1
32666	28	11	1	0	2
32667	28	11	1	1	0
32668	28	11	1	1	1
32669	28	11	1	1	2
32670	28	11	1	2	0
32671	28	11	1	2	1
32672	28	11	1	2	2
32673	28	11	1	3	0
32674	28	11	1	3	1
32675	28	11	1	3	2
32676	28	11	2	0	0
32677	28	11	2	0	1
32678	28	11	2	0	2
32679	28	11	2	1	0
32680	28	11	2	1	1
32681	28	11	2	1	2
32682	28	11	2	2	0
32683	28	11	2	2	1
32684	28	11	2	2	2
32685	28	11	2	3	0
32686	28	11	2	3	1
32687	28	11	2	3	2
32688	28	12	0	0	0
32689	28	12	0	0	1
32690	28	12	0	0	2
32691	28	12	0	1	0
32692	28	12	0	1	1
32693	28	12	0	1	2
32694	28	12	0	2	0
32695	28	12	0	2	1
32696	28	12	0	2	2
32697	28	12	0	3	0
32698	28	12	0	3	1
32699	28	12	0	3	2
32700	28	12	1	0	0
32701	28	12	1	0	1
32702	28	12	1	0	2
32703	28	12	1	1	0
32704	28	12	1	1	1
32705	28	12	1	1	2
32706	28	12	1	2	0
32707	28	12	1	2	1
32708	28	12	1	2	2
32709	28	12	1	3	0
32710	28	12	1	3	1
32711	28	12	1	3	2
32712	28	12	2	0	0
32713	28	12	2	0	1
32714	28	12	2	0	2
32715	28	12	2	1	0
32716	28	12	2	1	1
32717	28	12	2	1	2
32718	28	12	2	2	0
32719	28	12	2	2	1
32720	28	12	2	2	2
32721	28	12	2	3	0
32722	28	12	2	3	1
32723	28	12	2	3	2
32724	28	13	0	0	0
32725	28	13	0	0	1
32726	28	13	0	0	2
32727	28	13	0	1	0
32728	28	13	0	1	1
32729	28	13	0	1	2
32730	28	13	0	2	0
32731	28	13	0	2	1
32732	28	13	0	2	2
32733	28	13	0	3	0
32734	28	13	0	3	1
32735	28	13	0	3	2
32736	28	13	1	0	0
32737	28	13	1	0	1
32738	28	13	1	0	2
32739	28	13	1	1	0
32740	28	13	1	1	1
32741	28	13	1	1	2
32742	28	13	1	2	0
32743	28	13	1	2	1
32744	28	13	1	2	2
32745	28	13	1	3	0
32746	28	13	1	3	1
32747	28	13	1	3	2
32748	28	13	2	0	0
32749	28	13	2	0	1
32750	28	13	2	0	2
32751	28	13	2	1	0
32752	28	13	2	1	1
32753	28	13	2	1	2
32754	28	13	2	2	0
32755	28	13	2	2	1
32756	28	13	2	2	2
32757	28	13	2	3	0
32758	28	13	2	3	1
32759	28	13	2	3	2
32760	28	14	0	0	0
32761	28	14	0	0	1
32762	28	14	0	0	2
32763	28	14	0	1	0
32764	28	14	0	1	1
32765	28	14	0	1	2
32766	28	14	0	2	0
32767	28	14	0	2	1
32768	28	14	0	2	2
32769	28	14	0	3	0
32770	28	14	0	3	1
32771	28	14	0	3	2
32772	28	14	1	0	0
32773	28	14	1	0	1
32774	28	14	1	0	2
32775	28	14	1	1	0
32776	28	14	1	1	1
32777	28	14	1	1	2
32778	28	14	1	2	0
32779	28	14	1	2	1
32780	28	14	1	2	2
32781	28	14	1	3	0
32782	28	14	1	3	1
32783	28	14	1	3	2
32784	28	14	2	0	0
32785	28	14	2	0	1
32786	28	14	2	0	2
32787	28	14	2	1	0
32788	28	14	2	1	1
32789	28	14	2	1	2
32790	28	14	2	2	0
32791	28	14	2	2	1
32792	28	14	2	2	2
32793	28	14	2	3	0
32794	28	14	2	3	1
32795	28	14	2	3	2
32796	28	15	0	0	0
32797	28	15	0	0	1
32798	28	15	0	0	2
32799	28	15	0	1	0
32800	28	15	0	1	1
32801	28	15	0	1	2
32802	28	15	0	2	0
32803	28	15	0	2	1
32804	28	15	0	2	2
32805	28	15	0	3	0
32806	28	15	0	3	1
32807	28	15	0	3	2
32808	28	15	1	0	0
32809	28	15	1	0	1
32810	28	15	1	0	2
32811	28	15	1	1	0
32812	28	15	1	1	1
32813	28	15	1	1	2
32814	28	15	1	2	0
32815	28	15	1	2	1
32816	28	15	1	2	2
32817	28	15	1	3	0
32818	28	15	1	3	1
32819	28	15	1	3	2
32820	28	15	2	0	0
32821	28	15	2	0	1
32822	28	15	2	0	2
32823	28	15	2	1	0
32824	28	15	2	1	1
32825	28	15	2	1	2
32826	28	15	2	2	0
32827	28	15	2	2	1
32828	28	15	2	2	2
32829	28	15	2	3	0
32830	28	15	2	3	1
32831	28	15	2	3	2
32832	28	16	0	0	0
32833	28	16	0	0	1
32834	28	16	0	0	2
32835	28	16	0	1	0
32836	28	16	0	1	1
32837	28	16	0	1	2
32838	28	16	0	2	0
32839	28	16	0	2	1
32840	28	16	0	2	2
32841	28	16	0	3	0
32842	28	16	0	3	1
32843	28	16	0	3	2
32844	28	16	1	0	0
32845	28	16	1	0	1
32846	28	16	1	0	2
32847	28	16	1	1	0
32848	28	16	1	1	1
32849	28	16	1	1	2
32850	28	16	1	2	0
32851	28	16	1	2	1
32852	28	16	1	2	2
32853	28	16	1	3	0
32854	28	16	1	3	1
32855	28	16	1	3	2
32856	28	16	2	0	0
32857	28	16	2	0	1
32858	28	16	2	0	2
32859	28	16	2	1	0
32860	28	16	2	1	1
32861	28	16	2	1	2
32862	28	16	2	2	0
32863	28	16	2	2	1
32864	28	16	2	2	2
32865	28	16	2	3	0
32866	28	16	2	3	1
32867	28	16	2	3	2
32868	28	17	0	0	0
32869	28	17	0	0	1
32870	28	17	0	0	2
32871	28	17	0	1	0
32872	28	17	0	1	1
32873	28	17	0	1	2
32874	28	17	0	2	0
32875	28	17	0	2	1
32876	28	17	0	2	2
32877	28	17	0	3	0
32878	28	17	0	3	1
32879	28	17	0	3	2
32880	28	17	1	0	0
32881	28	17	1	0	1
32882	28	17	1	0	2
32883	28	17	1	1	0
32884	28	17	1	1	1
32885	28	17	1	1	2
32886	28	17	1	2	0
32887	28	17	1	2	1
32888	28	17	1	2	2
32889	28	17	1	3	0
32890	28	17	1	3	1
32891	28	17	1	3	2
32892	28	17	2	0	0
32893	28	17	2	0	1
32894	28	17	2	0	2
32895	28	17	2	1	0
32896	28	17	2	1	1
32897	28	17	2	1	2
32898	28	17	2	2	0
32899	28	17	2	2	1
32900	28	17	2	2	2
32901	28	17	2	3	0
32902	28	17	2	3	1
32903	28	17	2	3	2
32904	28	18	0	0	0
32905	28	18	0	0	1
32906	28	18	0	0	2
32907	28	18	0	1	0
32908	28	18	0	1	1
32909	28	18	0	1	2
32910	28	18	0	2	0
32911	28	18	0	2	1
32912	28	18	0	2	2
32913	28	18	0	3	0
32914	28	18	0	3	1
32915	28	18	0	3	2
32916	28	18	1	0	0
32917	28	18	1	0	1
32918	28	18	1	0	2
32919	28	18	1	1	0
32920	28	18	1	1	1
32921	28	18	1	1	2
32922	28	18	1	2	0
32923	28	18	1	2	1
32924	28	18	1	2	2
32925	28	18	1	3	0
32926	28	18	1	3	1
32927	28	18	1	3	2
32928	28	18	2	0	0
32929	28	18	2	0	1
32930	28	18	2	0	2
32931	28	18	2	1	0
32932	28	18	2	1	1
32933	28	18	2	1	2
32934	28	18	2	2	0
32935	28	18	2	2	1
32936	28	18	2	2	2
32937	28	18	2	3	0
32938	28	18	2	3	1
32939	28	18	2	3	2
32940	28	19	0	0	0
32941	28	19	0	0	1
32942	28	19	0	0	2
32943	28	19	0	1	0
32944	28	19	0	1	1
32945	28	19	0	1	2
32946	28	19	0	2	0
32947	28	19	0	2	1
32948	28	19	0	2	2
32949	28	19	0	3	0
32950	28	19	0	3	1
32951	28	19	0	3	2
32952	28	19	1	0	0
32953	28	19	1	0	1
32954	28	19	1	0	2
32955	28	19	1	1	0
32956	28	19	1	1	1
32957	28	19	1	1	2
32958	28	19	1	2	0
32959	28	19	1	2	1
32960	28	19	1	2	2
32961	28	19	1	3	0
32962	28	19	1	3	1
32963	28	19	1	3	2
32964	28	19	2	0	0
32965	28	19	2	0	1
32966	28	19	2	0	2
32967	28	19	2	1	0
32968	28	19	2	1	1
32969	28	19	2	1	2
32970	28	19	2	2	0
32971	28	19	2	2	1
32972	28	19	2	2	2
32973	28	19	2	3	0
32974	28	19	2	3	1
32975	28	19	2	3	2
32976	28	20	0	0	0
32977	28	20	0	0	1
32978	28	20	0	0	2
32979	28	20	0	1	0
32980	28	20	0	1	1
32981	28	20	0	1	2
32982	28	20	0	2	0
32983	28	20	0	2	1
32984	28	20	0	2	2
32985	28	20	0	3	0
32986	28	20	0	3	1
32987	28	20	0	3	2
32988	28	20	1	0	0
32989	28	20	1	0	1
32990	28	20	1	0	2
32991	28	20	1	1	0
32992	28	20	1	1	1
32993	28	20	1	1	2
32994	28	20	1	2	0
32995	28	20	1	2	1
32996	28	20	1	2	2
32997	28	20	1	3	0
32998	28	20	1	3	1
32999	28	20	1	3	2
33000	28	20	2	0	0
33001	28	20	2	0	1
33002	28	20	2	0	2
33003	28	20	2	1	0
33004	28	20	2	1	1
33005	28	20	2	1	2
33006	28	20	2	2	0
33007	28	20	2	2	1
33008	28	20	2	2	2
33009	28	20	2	3	0
33010	28	20	2	3	1
33011	28	20	2	3	2
33012	28	21	0	0	0
33013	28	21	0	0	1
33014	28	21	0	0	2
33015	28	21	0	1	0
33016	28	21	0	1	1
33017	28	21	0	1	2
33018	28	21	0	2	0
33019	28	21	0	2	1
33020	28	21	0	2	2
33021	28	21	0	3	0
33022	28	21	0	3	1
33023	28	21	0	3	2
33024	28	21	1	0	0
33025	28	21	1	0	1
33026	28	21	1	0	2
33027	28	21	1	1	0
33028	28	21	1	1	1
33029	28	21	1	1	2
33030	28	21	1	2	0
33031	28	21	1	2	1
33032	28	21	1	2	2
33033	28	21	1	3	0
33034	28	21	1	3	1
33035	28	21	1	3	2
33036	28	21	2	0	0
33037	28	21	2	0	1
33038	28	21	2	0	2
33039	28	21	2	1	0
33040	28	21	2	1	1
33041	28	21	2	1	2
33042	28	21	2	2	0
33043	28	21	2	2	1
33044	28	21	2	2	2
33045	28	21	2	3	0
33046	28	21	2	3	1
33047	28	21	2	3	2
33048	28	22	0	0	0
33049	28	22	0	0	1
33050	28	22	0	0	2
33051	28	22	0	1	0
33052	28	22	0	1	1
33053	28	22	0	1	2
33054	28	22	0	2	0
33055	28	22	0	2	1
33056	28	22	0	2	2
33057	28	22	0	3	0
33058	28	22	0	3	1
33059	28	22	0	3	2
33060	28	22	1	0	0
33061	28	22	1	0	1
33062	28	22	1	0	2
33063	28	22	1	1	0
33064	28	22	1	1	1
33065	28	22	1	1	2
33066	28	22	1	2	0
33067	28	22	1	2	1
33068	28	22	1	2	2
33069	28	22	1	3	0
33070	28	22	1	3	1
33071	28	22	1	3	2
33072	28	22	2	0	0
33073	28	22	2	0	1
33074	28	22	2	0	2
33075	28	22	2	1	0
33076	28	22	2	1	1
33077	28	22	2	1	2
33078	28	22	2	2	0
33079	28	22	2	2	1
33080	28	22	2	2	2
33081	28	22	2	3	0
33082	28	22	2	3	1
33083	28	22	2	3	2
33084	28	23	0	0	0
33085	28	23	0	0	1
33086	28	23	0	0	2
33087	28	23	0	1	0
33088	28	23	0	1	1
33089	28	23	0	1	2
33090	28	23	0	2	0
33091	28	23	0	2	1
33092	28	23	0	2	2
33093	28	23	0	3	0
33094	28	23	0	3	1
33095	28	23	0	3	2
33096	28	23	1	0	0
33097	28	23	1	0	1
33098	28	23	1	0	2
33099	28	23	1	1	0
33100	28	23	1	1	1
33101	28	23	1	1	2
33102	28	23	1	2	0
33103	28	23	1	2	1
33104	28	23	1	2	2
33105	28	23	1	3	0
33106	28	23	1	3	1
33107	28	23	1	3	2
33108	28	23	2	0	0
33109	28	23	2	0	1
33110	28	23	2	0	2
33111	28	23	2	1	0
33112	28	23	2	1	1
33113	28	23	2	1	2
33114	28	23	2	2	0
33115	28	23	2	2	1
33116	28	23	2	2	2
33117	28	23	2	3	0
33118	28	23	2	3	1
33119	28	23	2	3	2
33120	28	24	0	0	0
33121	28	24	0	0	1
33122	28	24	0	0	2
33123	28	24	0	1	0
33124	28	24	0	1	1
33125	28	24	0	1	2
33126	28	24	0	2	0
33127	28	24	0	2	1
33128	28	24	0	2	2
33129	28	24	0	3	0
33130	28	24	0	3	1
33131	28	24	0	3	2
33132	28	24	1	0	0
33133	28	24	1	0	1
33134	28	24	1	0	2
33135	28	24	1	1	0
33136	28	24	1	1	1
33137	28	24	1	1	2
33138	28	24	1	2	0
33139	28	24	1	2	1
33140	28	24	1	2	2
33141	28	24	1	3	0
33142	28	24	1	3	1
33143	28	24	1	3	2
33144	28	24	2	0	0
33145	28	24	2	0	1
33146	28	24	2	0	2
33147	28	24	2	1	0
33148	28	24	2	1	1
33149	28	24	2	1	2
33150	28	24	2	2	0
33151	28	24	2	2	1
33152	28	24	2	2	2
33153	28	24	2	3	0
33154	28	24	2	3	1
33155	28	24	2	3	2
33156	28	25	0	0	0
33157	28	25	0	0	1
33158	28	25	0	0	2
33159	28	25	0	1	0
33160	28	25	0	1	1
33161	28	25	0	1	2
33162	28	25	0	2	0
33163	28	25	0	2	1
33164	28	25	0	2	2
33165	28	25	0	3	0
33166	28	25	0	3	1
33167	28	25	0	3	2
33168	28	25	1	0	0
33169	28	25	1	0	1
33170	28	25	1	0	2
33171	28	25	1	1	0
33172	28	25	1	1	1
33173	28	25	1	1	2
33174	28	25	1	2	0
33175	28	25	1	2	1
33176	28	25	1	2	2
33177	28	25	1	3	0
33178	28	25	1	3	1
33179	28	25	1	3	2
33180	28	25	2	0	0
33181	28	25	2	0	1
33182	28	25	2	0	2
33183	28	25	2	1	0
33184	28	25	2	1	1
33185	28	25	2	1	2
33186	28	25	2	2	0
33187	28	25	2	2	1
33188	28	25	2	2	2
33189	28	25	2	3	0
33190	28	25	2	3	1
33191	28	25	2	3	2
33192	28	26	0	0	0
33193	28	26	0	0	1
33194	28	26	0	0	2
33195	28	26	0	1	0
33196	28	26	0	1	1
33197	28	26	0	1	2
33198	28	26	0	2	0
33199	28	26	0	2	1
33200	28	26	0	2	2
33201	28	26	0	3	0
33202	28	26	0	3	1
33203	28	26	0	3	2
33204	28	26	1	0	0
33205	28	26	1	0	1
33206	28	26	1	0	2
33207	28	26	1	1	0
33208	28	26	1	1	1
33209	28	26	1	1	2
33210	28	26	1	2	0
33211	28	26	1	2	1
33212	28	26	1	2	2
33213	28	26	1	3	0
33214	28	26	1	3	1
33215	28	26	1	3	2
33216	28	26	2	0	0
33217	28	26	2	0	1
33218	28	26	2	0	2
33219	28	26	2	1	0
33220	28	26	2	1	1
33221	28	26	2	1	2
33222	28	26	2	2	0
33223	28	26	2	2	1
33224	28	26	2	2	2
33225	28	26	2	3	0
33226	28	26	2	3	1
33227	28	26	2	3	2
33228	28	27	0	0	0
33229	28	27	0	0	1
33230	28	27	0	0	2
33231	28	27	0	1	0
33232	28	27	0	1	1
33233	28	27	0	1	2
33234	28	27	0	2	0
33235	28	27	0	2	1
33236	28	27	0	2	2
33237	28	27	0	3	0
33238	28	27	0	3	1
33239	28	27	0	3	2
33240	28	27	1	0	0
33241	28	27	1	0	1
33242	28	27	1	0	2
33243	28	27	1	1	0
33244	28	27	1	1	1
33245	28	27	1	1	2
33246	28	27	1	2	0
33247	28	27	1	2	1
33248	28	27	1	2	2
33249	28	27	1	3	0
33250	28	27	1	3	1
33251	28	27	1	3	2
33252	28	27	2	0	0
33253	28	27	2	0	1
33254	28	27	2	0	2
33255	28	27	2	1	0
33256	28	27	2	1	1
33257	28	27	2	1	2
33258	28	27	2	2	0
33259	28	27	2	2	1
33260	28	27	2	2	2
33261	28	27	2	3	0
33262	28	27	2	3	1
33263	28	27	2	3	2
33264	28	28	0	0	0
33265	28	28	0	0	1
33266	28	28	0	0	2
33267	28	28	0	1	0
33268	28	28	0	1	1
33269	28	28	0	1	2
33270	28	28	0	2	0
33271	28	28	0	2	1
33272	28	28	0	2	2
33273	28	28	0	3	0
33274	28	28	0	3	1
33275	28	28	0	3	2
33276	28	28	1	0	0
33277	28	28	1	0	1
33278	28	28	1	0	2
33279	28	28	1	1	0
33280	28	28	1	1	1
33281	28	28	1	1	2
33282	28	28	1	2	0
33283	28	28	1	2	1
33284	28	28	1	2	2
33285	28	28	1	3	0
33286	28	28	1	3	1
33287	28	28	1	3	2
33288	28	28	2	0	0
33289	28	28	2	0	1
33290	28	28	2	0	2
33291	28	28	2	1	0
33292	28	28	2	1	1
33293	28	28	2	1	2
33294	28	28	2	2	0
33295	28	28	2	2	1
33296	28	28	2	2	2
33297	28	28	2	3	0
33298	28	28	2	3	1
33299	28	28	2	3	2
33300	28	29	0	0	0
33301	28	29	0	0	1
33302	28	29	0	0	2
33303	28	29	0	1	0
33304	28	29	0	1	1
33305	28	29	0	1	2
33306	28	29	0	2	0
33307	28	29	0	2	1
33308	28	29	0	2	2
33309	28	29	0	3	0
33310	28	29	0	3	1
33311	28	29	0	3	2
33312	28	29	1	0	0
33313	28	29	1	0	1
33314	28	29	1	0	2
33315	28	29	1	1	0
33316	28	29	1	1	1
33317	28	29	1	1	2
33318	28	29	1	2	0
33319	28	29	1	2	1
33320	28	29	1	2	2
33321	28	29	1	3	0
33322	28	29	1	3	1
33323	28	29	1	3	2
33324	28	29	2	0	0
33325	28	29	2	0	1
33326	28	29	2	0	2
33327	28	29	2	1	0
33328	28	29	2	1	1
33329	28	29	2	1	2
33330	28	29	2	2	0
33331	28	29	2	2	1
33332	28	29	2	2	2
33333	28	29	2	3	0
33334	28	29	2	3	1
33335	28	29	2	3	2
33336	28	30	0	0	0
33337	28	30	0	0	1
33338	28	30	0	0	2
33339	28	30	0	1	0
33340	28	30	0	1	1
33341	28	30	0	1	2
33342	28	30	0	2	0
33343	28	30	0	2	1
33344	28	30	0	2	2
33345	28	30	0	3	0
33346	28	30	0	3	1
33347	28	30	0	3	2
33348	28	30	1	0	0
33349	28	30	1	0	1
33350	28	30	1	0	2
33351	28	30	1	1	0
33352	28	30	1	1	1
33353	28	30	1	1	2
33354	28	30	1	2	0
33355	28	30	1	2	1
33356	28	30	1	2	2
33357	28	30	1	3	0
33358	28	30	1	3	1
33359	28	30	1	3	2
33360	28	30	2	0	0
33361	28	30	2	0	1
33362	28	30	2	0	2
33363	28	30	2	1	0
33364	28	30	2	1	1
33365	28	30	2	1	2
33366	28	30	2	2	0
33367	28	30	2	2	1
33368	28	30	2	2	2
33369	28	30	2	3	0
33370	28	30	2	3	1
33371	28	30	2	3	2
33372	28	31	0	0	0
33373	28	31	0	0	1
33374	28	31	0	0	2
33375	28	31	0	1	0
33376	28	31	0	1	1
33377	28	31	0	1	2
33378	28	31	0	2	0
33379	28	31	0	2	1
33380	28	31	0	2	2
33381	28	31	0	3	0
33382	28	31	0	3	1
33383	28	31	0	3	2
33384	28	31	1	0	0
33385	28	31	1	0	1
33386	28	31	1	0	2
33387	28	31	1	1	0
33388	28	31	1	1	1
33389	28	31	1	1	2
33390	28	31	1	2	0
33391	28	31	1	2	1
33392	28	31	1	2	2
33393	28	31	1	3	0
33394	28	31	1	3	1
33395	28	31	1	3	2
33396	28	31	2	0	0
33397	28	31	2	0	1
33398	28	31	2	0	2
33399	28	31	2	1	0
33400	28	31	2	1	1
33401	28	31	2	1	2
33402	28	31	2	2	0
33403	28	31	2	2	1
33404	28	31	2	2	2
33405	28	31	2	3	0
33406	28	31	2	3	1
33407	28	31	2	3	2
33408	29	0	0	0	0
33409	29	0	0	0	1
33410	29	0	0	0	2
33411	29	0	0	1	0
33412	29	0	0	1	1
33413	29	0	0	1	2
33414	29	0	0	2	0
33415	29	0	0	2	1
33416	29	0	0	2	2
33417	29	0	0	3	0
33418	29	0	0	3	1
33419	29	0	0	3	2
33420	29	0	1	0	0
33421	29	0	1	0	1
33422	29	0	1	0	2
33423	29	0	1	1	0
33424	29	0	1	1	1
33425	29	0	1	1	2
33426	29	0	1	2	0
33427	29	0	1	2	1
33428	29	0	1	2	2
33429	29	0	1	3	0
33430	29	0	1	3	1
33431	29	0	1	3	2
33432	29	0	2	0	0
33433	29	0	2	0	1
33434	29	0	2	0	2
33435	29	0	2	1	0
33436	29	0	2	1	1
33437	29	0	2	1	2
33438	29	0	2	2	0
33439	29	0	2	2	1
33440	29	0	2	2	2
33441	29	0	2	3	0
33442	29	0	2	3	1
33443	29	0	2	3	2
33444	29	1	0	0	0
33445	29	1	0	0	1
33446	29	1	0	0	2
33447	29	1	0	1	0
33448	29	1	0	1	1
33449	29	1	0	1	2
33450	29	1	0	2	0
33451	29	1	0	2	1
33452	29	1	0	2	2
33453	29	1	0	3	0
33454	29	1	0	3	1
33455	29	1	0	3	2
33456	29	1	1	0	0
33457	29	1	1	0	1
33458	29	1	1	0	2
33459	29	1	1	1	0
33460	29	1	1	1	1
33461	29	1	1	1	2
33462	29	1	1	2	0
33463	29	1	1	2	1
33464	29	1	1	2	2
33465	29	1	1	3	0
33466	29	1	1	3	1
33467	29	1	1	3	2
33468	29	1	2	0	0
33469	29	1	2	0	1
33470	29	1	2	0	2
33471	29	1	2	1	0
33472	29	1	2	1	1
33473	29	1	2	1	2
33474	29	1	2	2	0
33475	29	1	2	2	1
33476	29	1	2	2	2
33477	29	1	2	3	0
33478	29	1	2	3	1
33479	29	1	2	3	2
33480	29	2	0	0	0
33481	29	2	0	0	1
33482	29	2	0	0	2
33483	29	2	0	1	0
33484	29	2	0	1	1
33485	29	2	0	1	2
33486	29	2	0	2	0
33487	29	2	0	2	1
33488	29	2	0	2	2
33489	29	2	0	3	0
33490	29	2	0	3	1
33491	29	2	0	3	2
33492	29	2	1	0	0
33493	29	2	1	0	1
33494	29	2	1	0	2
33495	29	2	1	1	0
33496	29	2	1	1	1
33497	29	2	1	1	2
33498	29	2	1	2	0
33499	29	2	1	2	1
33500	29	2	1	2	2
33501	29	2	1	3	0
33502	29	2	1	3	1
33503	29	2	1	3	2
33504	29	2	2	0	0
33505	29	2	2	0	1
33506	29	2	2	0	2
33507	29	2	2	1	0
33508	29	2	2	1	1
33509	29	2	2	1	2
33510	29	2	2	2	0
33511	29	2	2	2	1
33512	29	2	2	2	2
33513	29	2	2	3	0
33514	29	2	2	3	1
33515	29	2	2	3	2
33516	29	3	0	0	0
33517	29	3	0	0	1
33518	29	3	0	0	2
33519	29	3	0	1	0
33520	29	3	0	1	1
33521	29	3	0	1	2
33522	29	3	0	2	0
33523	29	3	0	2	1
33524	29	3	0	2	2
33525	29	3	0	3	0
33526	29	3	0	3	1
33527	29	3	0	3	2
33528	29	3	1	0	0
33529	29	3	1	0	1
33530	29	3	1	0	2
33531	29	3	1	1	0
33532	29	3	1	1	1
33533	29	3	1	1	2
33534	29	3	1	2	0
33535	29	3	1	2	1
33536	29	3	1	2	2
33537	29	3	1	3	0
33538	29	3	1	3	1
33539	29	3	1	3	2
33540	29	3	2	0	0
33541	29	3	2	0	1
33542	29	3	2	0	2
33543	29	3	2	1	0
33544	29	3	2	1	1
33545	29	3	2	1	2
33546	29	3	2	2	0
33547	29	3	2	2	1
33548	29	3	2	2	2
33549	29	3	2	3	0
33550	29	3	2	3	1
33551	29	3	2	3	2
33552	29	4	0	0	0
33553	29	4	0	0	1
33554	29	4	0	0	2
33555	29	4	0	1	0
33556	29	4	0	1	1
33557	29	4	0	1	2
33558	29	4	0	2	0
33559	29	4	0	2	1
33560	29	4	0	2	2
33561	29	4	0	3	0
33562	29	4	0	3	1
33563	29	4	0	3	2
33564	29	4	1	0	0
33565	29	4	1	0	1
33566	29	4	1	0	2
33567	29	4	1	1	0
33568	29	4	1	1	1
33569	29	4	1	1	2
33570	29	4	1	2	0
33571	29	4	1	2	1
33572	29	4	1	2	2
33573	29	4	1	3	0
33574	29	4	1	3	1
33575	29	4	1	3	2
33576	29	4	2	0	0
33577	29	4	2	0	1
33578	29	4	2	0	2
33579	29	4	2	1	0
33580	29	4	2	1	1
33581	29	4	2	1	2
33582	29	4	2	2	0
33583	29	4	2	2	1
33584	29	4	2	2	2
33585	29	4	2	3	0
33586	29	4	2	3	1
33587	29	4	2	3	2
33588	29	5	0	0	0
33589	29	5	0	0	1
33590	29	5	0	0	2
33591	29	5	0	1	0
33592	29	5	0	1	1
33593	29	5	0	1	2
33594	29	5	0	2	0
33595	29	5	0	2	1
33596	29	5	0	2	2
33597	29	5	0	3	0
33598	29	5	0	3	1
33599	29	5	0	3	2
33600	29	5	1	0	0
33601	29	5	1	0	1
33602	29	5	1	0	2
33603	29	5	1	1	0
33604	29	5	1	1	1
33605	29	5	1	1	2
33606	29	5	1	2	0
33607	29	5	1	2	1
33608	29	5	1	2	2
33609	29	5	1	3	0
33610	29	5	1	3	1
33611	29	5	1	3	2
33612	29	5	2	0	0
33613	29	5	2	0	1
33614	29	5	2	0	2
33615	29	5	2	1	0
33616	29	5	2	1	1
33617	29	5	2	1	2
33618	29	5	2	2	0
33619	29	5	2	2	1
33620	29	5	2	2	2
33621	29	5	2	3	0
33622	29	5	2	3	1
33623	29	5	2	3	2
33624	29	6	0	0	0
33625	29	6	0	0	1
33626	29	6	0	0	2
33627	29	6	0	1	0
33628	29	6	0	1	1
33629	29	6	0	1	2
33630	29	6	0	2	0
33631	29	6	0	2	1
33632	29	6	0	2	2
33633	29	6	0	3	0
33634	29	6	0	3	1
33635	29	6	0	3	2
33636	29	6	1	0	0
33637	29	6	1	0	1
33638	29	6	1	0	2
33639	29	6	1	1	0
33640	29	6	1	1	1
33641	29	6	1	1	2
33642	29	6	1	2	0
33643	29	6	1	2	1
33644	29	6	1	2	2
33645	29	6	1	3	0
33646	29	6	1	3	1
33647	29	6	1	3	2
33648	29	6	2	0	0
33649	29	6	2	0	1
33650	29	6	2	0	2
33651	29	6	2	1	0
33652	29	6	2	1	1
33653	29	6	2	1	2
33654	29	6	2	2	0
33655	29	6	2	2	1
33656	29	6	2	2	2
33657	29	6	2	3	0
33658	29	6	2	3	1
33659	29	6	2	3	2
33660	29	7	0	0	0
33661	29	7	0	0	1
33662	29	7	0	0	2
33663	29	7	0	1	0
33664	29	7	0	1	1
33665	29	7	0	1	2
33666	29	7	0	2	0
33667	29	7	0	2	1
33668	29	7	0	2	2
33669	29	7	0	3	0
33670	29	7	0	3	1
33671	29	7	0	3	2
33672	29	7	1	0	0
33673	29	7	1	0	1
33674	29	7	1	0	2
33675	29	7	1	1	0
33676	29	7	1	1	1
33677	29	7	1	1	2
33678	29	7	1	2	0
33679	29	7	1	2	1
33680	29	7	1	2	2
33681	29	7	1	3	0
33682	29	7	1	3	1
33683	29	7	1	3	2
33684	29	7	2	0	0
33685	29	7	2	0	1
33686	29	7	2	0	2
33687	29	7	2	1	0
33688	29	7	2	1	1
33689	29	7	2	1	2
33690	29	7	2	2	0
33691	29	7	2	2	1
33692	29	7	2	2	2
33693	29	7	2	3	0
33694	29	7	2	3	1
33695	29	7	2	3	2
33696	29	8	0	0	0
33697	29	8	0	0	1
33698	29	8	0	0	2
33699	29	8	0	1	0
33700	29	8	0	1	1
33701	29	8	0	1	2
33702	29	8	0	2	0
33703	29	8	0	2	1
33704	29	8	0	2	2
33705	29	8	0	3	0
33706	29	8	0	3	1
33707	29	8	0	3	2
33708	29	8	1	0	0
33709	29	8	1	0	1
33710	29	8	1	0	2
33711	29	8	1	1	0
33712	29	8	1	1	1
33713	29	8	1	1	2
33714	29	8	1	2	0
33715	29	8	1	2	1
33716	29	8	1	2	2
33717	29	8	1	3	0
33718	29	8	1	3	1
33719	29	8	1	3	2
33720	29	8	2	0	0
33721	29	8	2	0	1
33722	29	8	2	0	2
33723	29	8	2	1	0
33724	29	8	2	1	1
33725	29	8	2	1	2
33726	29	8	2	2	0
33727	29	8	2	2	1
33728	29	8	2	2	2
33729	29	8	2	3	0
33730	29	8	2	3	1
33731	29	8	2	3	2
33732	29	9	0	0	0
33733	29	9	0	0	1
33734	29	9	0	0	2
33735	29	9	0	1	0
33736	29	9	0	1	1
33737	29	9	0	1	2
33738	29	9	0	2	0
33739	29	9	0	2	1
33740	29	9	0	2	2
33741	29	9	0	3	0
33742	29	9	0	3	1
33743	29	9	0	3	2
33744	29	9	1	0	0
33745	29	9	1	0	1
33746	29	9	1	0	2
33747	29	9	1	1	0
33748	29	9	1	1	1
33749	29	9	1	1	2
33750	29	9	1	2	0
33751	29	9	1	2	1
33752	29	9	1	2	2
33753	29	9	1	3	0
33754	29	9	1	3	1
33755	29	9	1	3	2
33756	29	9	2	0	0
33757	29	9	2	0	1
33758	29	9	2	0	2
33759	29	9	2	1	0
33760	29	9	2	1	1
33761	29	9	2	1	2
33762	29	9	2	2	0
33763	29	9	2	2	1
33764	29	9	2	2	2
33765	29	9	2	3	0
33766	29	9	2	3	1
33767	29	9	2	3	2
33768	29	10	0	0	0
33769	29	10	0	0	1
33770	29	10	0	0	2
33771	29	10	0	1	0
33772	29	10	0	1	1
33773	29	10	0	1	2
33774	29	10	0	2	0
33775	29	10	0	2	1
33776	29	10	0	2	2
33777	29	10	0	3	0
33778	29	10	0	3	1
33779	29	10	0	3	2
33780	29	10	1	0	0
33781	29	10	1	0	1
33782	29	10	1	0	2
33783	29	10	1	1	0
33784	29	10	1	1	1
33785	29	10	1	1	2
33786	29	10	1	2	0
33787	29	10	1	2	1
33788	29	10	1	2	2
33789	29	10	1	3	0
33790	29	10	1	3	1
33791	29	10	1	3	2
33792	29	10	2	0	0
33793	29	10	2	0	1
33794	29	10	2	0	2
33795	29	10	2	1	0
33796	29	10	2	1	1
33797	29	10	2	1	2
33798	29	10	2	2	0
33799	29	10	2	2	1
33800	29	10	2	2	2
33801	29	10	2	3	0
33802	29	10	2	3	1
33803	29	10	2	3	2
33804	29	11	0	0	0
33805	29	11	0	0	1
33806	29	11	0	0	2
33807	29	11	0	1	0
33808	29	11	0	1	1
33809	29	11	0	1	2
33810	29	11	0	2	0
33811	29	11	0	2	1
33812	29	11	0	2	2
33813	29	11	0	3	0
33814	29	11	0	3	1
33815	29	11	0	3	2
33816	29	11	1	0	0
33817	29	11	1	0	1
33818	29	11	1	0	2
33819	29	11	1	1	0
33820	29	11	1	1	1
33821	29	11	1	1	2
33822	29	11	1	2	0
33823	29	11	1	2	1
33824	29	11	1	2	2
33825	29	11	1	3	0
33826	29	11	1	3	1
33827	29	11	1	3	2
33828	29	11	2	0	0
33829	29	11	2	0	1
33830	29	11	2	0	2
33831	29	11	2	1	0
33832	29	11	2	1	1
33833	29	11	2	1	2
33834	29	11	2	2	0
33835	29	11	2	2	1
33836	29	11	2	2	2
33837	29	11	2	3	0
33838	29	11	2	3	1
33839	29	11	2	3	2
33840	29	12	0	0	0
33841	29	12	0	0	1
33842	29	12	0	0	2
33843	29	12	0	1	0
33844	29	12	0	1	1
33845	29	12	0	1	2
33846	29	12	0	2	0
33847	29	12	0	2	1
33848	29	12	0	2	2
33849	29	12	0	3	0
33850	29	12	0	3	1
33851	29	12	0	3	2
33852	29	12	1	0	0
33853	29	12	1	0	1
33854	29	12	1	0	2
33855	29	12	1	1	0
33856	29	12	1	1	1
33857	29	12	1	1	2
33858	29	12	1	2	0
33859	29	12	1	2	1
33860	29	12	1	2	2
33861	29	12	1	3	0
33862	29	12	1	3	1
33863	29	12	1	3	2
33864	29	12	2	0	0
33865	29	12	2	0	1
33866	29	12	2	0	2
33867	29	12	2	1	0
33868	29	12	2	1	1
33869	29	12	2	1	2
33870	29	12	2	2	0
33871	29	12	2	2	1
33872	29	12	2	2	2
33873	29	12	2	3	0
33874	29	12	2	3	1
33875	29	12	2	3	2
33876	29	13	0	0	0
33877	29	13	0	0	1
33878	29	13	0	0	2
33879	29	13	0	1	0
33880	29	13	0	1	1
33881	29	13	0	1	2
33882	29	13	0	2	0
33883	29	13	0	2	1
33884	29	13	0	2	2
33885	29	13	0	3	0
33886	29	13	0	3	1
33887	29	13	0	3	2
33888	29	13	1	0	0
33889	29	13	1	0	1
33890	29	13	1	0	2
33891	29	13	1	1	0
33892	29	13	1	1	1
33893	29	13	1	1	2
33894	29	13	1	2	0
33895	29	13	1	2	1
33896	29	13	1	2	2
33897	29	13	1	3	0
33898	29	13	1	3	1
33899	29	13	1	3	2
33900	29	13	2	0	0
33901	29	13	2	0	1
33902	29	13	2	0	2
33903	29	13	2	1	0
33904	29	13	2	1	1
33905	29	13	2	1	2
33906	29	13	2	2	0
33907	29	13	2	2	1
33908	29	13	2	2	2
33909	29	13	2	3	0
33910	29	13	2	3	1
33911	29	13	2	3	2
33912	29	14	0	0	0
33913	29	14	0	0	1
33914	29	14	0	0	2
33915	29	14	0	1	0
33916	29	14	0	1	1
33917	29	14	0	1	2
33918	29	14	0	2	0
33919	29	14	0	2	1
33920	29	14	0	2	2
33921	29	14	0	3	0
33922	29	14	0	3	1
33923	29	14	0	3	2
33924	29	14	1	0	0
33925	29	14	1	0	1
33926	29	14	1	0	2
33927	29	14	1	1	0
33928	29	14	1	1	1
33929	29	14	1	1	2
33930	29	14	1	2	0
33931	29	14	1	2	1
33932	29	14	1	2	2
33933	29	14	1	3	0
33934	29	14	1	3	1
33935	29	14	1	3	2
33936	29	14	2	0	0
33937	29	14	2	0	1
33938	29	14	2	0	2
33939	29	14	2	1	0
33940	29	14	2	1	1
33941	29	14	2	1	2
33942	29	14	2	2	0
33943	29	14	2	2	1
33944	29	14	2	2	2
33945	29	14	2	3	0
33946	29	14	2	3	1
33947	29	14	2	3	2
33948	29	15	0	0	0
33949	29	15	0	0	1
33950	29	15	0	0	2
33951	29	15	0	1	0
33952	29	15	0	1	1
33953	29	15	0	1	2
33954	29	15	0	2	0
33955	29	15	0	2	1
33956	29	15	0	2	2
33957	29	15	0	3	0
33958	29	15	0	3	1
33959	29	15	0	3	2
33960	29	15	1	0	0
33961	29	15	1	0	1
33962	29	15	1	0	2
33963	29	15	1	1	0
33964	29	15	1	1	1
33965	29	15	1	1	2
33966	29	15	1	2	0
33967	29	15	1	2	1
33968	29	15	1	2	2
33969	29	15	1	3	0
33970	29	15	1	3	1
33971	29	15	1	3	2
33972	29	15	2	0	0
33973	29	15	2	0	1
33974	29	15	2	0	2
33975	29	15	2	1	0
33976	29	15	2	1	1
33977	29	15	2	1	2
33978	29	15	2	2	0
33979	29	15	2	2	1
33980	29	15	2	2	2
33981	29	15	2	3	0
33982	29	15	2	3	1
33983	29	15	2	3	2
33984	29	16	0	0	0
33985	29	16	0	0	1
33986	29	16	0	0	2
33987	29	16	0	1	0
33988	29	16	0	1	1
33989	29	16	0	1	2
33990	29	16	0	2	0
33991	29	16	0	2	1
33992	29	16	0	2	2
33993	29	16	0	3	0
33994	29	16	0	3	1
33995	29	16	0	3	2
33996	29	16	1	0	0
33997	29	16	1	0	1
33998	29	16	1	0	2
33999	29	16	1	1	0
34000	29	16	1	1	1
34001	29	16	1	1	2
34002	29	16	1	2	0
34003	29	16	1	2	1
34004	29	16	1	2	2
34005	29	16	1	3	0
34006	29	16	1	3	1
34007	29	16	1	3	2
34008	29	16	2	0	0
34009	29	16	2	0	1
34010	29	16	2	0	2
34011	29	16	2	1	0
34012	29	16	2	1	1
34013	29	16	2	1	2
34014	29	16	2	2	0
34015	29	16	2	2	1
34016	29	16	2	2	2
34017	29	16	2	3	0
34018	29	16	2	3	1
34019	29	16	2	3	2
34020	29	17	0	0	0
34021	29	17	0	0	1
34022	29	17	0	0	2
34023	29	17	0	1	0
34024	29	17	0	1	1
34025	29	17	0	1	2
34026	29	17	0	2	0
34027	29	17	0	2	1
34028	29	17	0	2	2
34029	29	17	0	3	0
34030	29	17	0	3	1
34031	29	17	0	3	2
34032	29	17	1	0	0
34033	29	17	1	0	1
34034	29	17	1	0	2
34035	29	17	1	1	0
34036	29	17	1	1	1
34037	29	17	1	1	2
34038	29	17	1	2	0
34039	29	17	1	2	1
34040	29	17	1	2	2
34041	29	17	1	3	0
34042	29	17	1	3	1
34043	29	17	1	3	2
34044	29	17	2	0	0
34045	29	17	2	0	1
34046	29	17	2	0	2
34047	29	17	2	1	0
34048	29	17	2	1	1
34049	29	17	2	1	2
34050	29	17	2	2	0
34051	29	17	2	2	1
34052	29	17	2	2	2
34053	29	17	2	3	0
34054	29	17	2	3	1
34055	29	17	2	3	2
34056	29	18	0	0	0
34057	29	18	0	0	1
34058	29	18	0	0	2
34059	29	18	0	1	0
34060	29	18	0	1	1
34061	29	18	0	1	2
34062	29	18	0	2	0
34063	29	18	0	2	1
34064	29	18	0	2	2
34065	29	18	0	3	0
34066	29	18	0	3	1
34067	29	18	0	3	2
34068	29	18	1	0	0
34069	29	18	1	0	1
34070	29	18	1	0	2
34071	29	18	1	1	0
34072	29	18	1	1	1
34073	29	18	1	1	2
34074	29	18	1	2	0
34075	29	18	1	2	1
34076	29	18	1	2	2
34077	29	18	1	3	0
34078	29	18	1	3	1
34079	29	18	1	3	2
34080	29	18	2	0	0
34081	29	18	2	0	1
34082	29	18	2	0	2
34083	29	18	2	1	0
34084	29	18	2	1	1
34085	29	18	2	1	2
34086	29	18	2	2	0
34087	29	18	2	2	1
34088	29	18	2	2	2
34089	29	18	2	3	0
34090	29	18	2	3	1
34091	29	18	2	3	2
34092	29	19	0	0	0
34093	29	19	0	0	1
34094	29	19	0	0	2
34095	29	19	0	1	0
34096	29	19	0	1	1
34097	29	19	0	1	2
34098	29	19	0	2	0
34099	29	19	0	2	1
34100	29	19	0	2	2
34101	29	19	0	3	0
34102	29	19	0	3	1
34103	29	19	0	3	2
34104	29	19	1	0	0
34105	29	19	1	0	1
34106	29	19	1	0	2
34107	29	19	1	1	0
34108	29	19	1	1	1
34109	29	19	1	1	2
34110	29	19	1	2	0
34111	29	19	1	2	1
34112	29	19	1	2	2
34113	29	19	1	3	0
34114	29	19	1	3	1
34115	29	19	1	3	2
34116	29	19	2	0	0
34117	29	19	2	0	1
34118	29	19	2	0	2
34119	29	19	2	1	0
34120	29	19	2	1	1
34121	29	19	2	1	2
34122	29	19	2	2	0
34123	29	19	2	2	1
34124	29	19	2	2	2
34125	29	19	2	3	0
34126	29	19	2	3	1
34127	29	19	2	3	2
34128	29	20	0	0	0
34129	29	20	0	0	1
34130	29	20	0	0	2
34131	29	20	0	1	0
34132	29	20	0	1	1
34133	29	20	0	1	2
34134	29	20	0	2	0
34135	29	20	0	2	1
34136	29	20	0	2	2
34137	29	20	0	3	0
34138	29	20	0	3	1
34139	29	20	0	3	2
34140	29	20	1	0	0
34141	29	20	1	0	1
34142	29	20	1	0	2
34143	29	20	1	1	0
34144	29	20	1	1	1
34145	29	20	1	1	2
34146	29	20	1	2	0
34147	29	20	1	2	1
34148	29	20	1	2	2
34149	29	20	1	3	0
34150	29	20	1	3	1
34151	29	20	1	3	2
34152	29	20	2	0	0
34153	29	20	2	0	1
34154	29	20	2	0	2
34155	29	20	2	1	0
34156	29	20	2	1	1
34157	29	20	2	1	2
34158	29	20	2	2	0
34159	29	20	2	2	1
34160	29	20	2	2	2
34161	29	20	2	3	0
34162	29	20	2	3	1
34163	29	20	2	3	2
34164	29	21	0	0	0
34165	29	21	0	0	1
34166	29	21	0	0	2
34167	29	21	0	1	0
34168	29	21	0	1	1
34169	29	21	0	1	2
34170	29	21	0	2	0
34171	29	21	0	2	1
34172	29	21	0	2	2
34173	29	21	0	3	0
34174	29	21	0	3	1
34175	29	21	0	3	2
34176	29	21	1	0	0
34177	29	21	1	0	1
34178	29	21	1	0	2
34179	29	21	1	1	0
34180	29	21	1	1	1
34181	29	21	1	1	2
34182	29	21	1	2	0
34183	29	21	1	2	1
34184	29	21	1	2	2
34185	29	21	1	3	0
34186	29	21	1	3	1
34187	29	21	1	3	2
34188	29	21	2	0	0
34189	29	21	2	0	1
34190	29	21	2	0	2
34191	29	21	2	1	0
34192	29	21	2	1	1
34193	29	21	2	1	2
34194	29	21	2	2	0
34195	29	21	2	2	1
34196	29	21	2	2	2
34197	29	21	2	3	0
34198	29	21	2	3	1
34199	29	21	2	3	2
34200	29	22	0	0	0
34201	29	22	0	0	1
34202	29	22	0	0	2
34203	29	22	0	1	0
34204	29	22	0	1	1
34205	29	22	0	1	2
34206	29	22	0	2	0
34207	29	22	0	2	1
34208	29	22	0	2	2
34209	29	22	0	3	0
34210	29	22	0	3	1
34211	29	22	0	3	2
34212	29	22	1	0	0
34213	29	22	1	0	1
34214	29	22	1	0	2
34215	29	22	1	1	0
34216	29	22	1	1	1
34217	29	22	1	1	2
34218	29	22	1	2	0
34219	29	22	1	2	1
34220	29	22	1	2	2
34221	29	22	1	3	0
34222	29	22	1	3	1
34223	29	22	1	3	2
34224	29	22	2	0	0
34225	29	22	2	0	1
34226	29	22	2	0	2
34227	29	22	2	1	0
34228	29	22	2	1	1
34229	29	22	2	1	2
34230	29	22	2	2	0
34231	29	22	2	2	1
34232	29	22	2	2	2
34233	29	22	2	3	0
34234	29	22	2	3	1
34235	29	22	2	3	2
34236	29	23	0	0	0
34237	29	23	0	0	1
34238	29	23	0	0	2
34239	29	23	0	1	0
34240	29	23	0	1	1
34241	29	23	0	1	2
34242	29	23	0	2	0
34243	29	23	0	2	1
34244	29	23	0	2	2
34245	29	23	0	3	0
34246	29	23	0	3	1
34247	29	23	0	3	2
34248	29	23	1	0	0
34249	29	23	1	0	1
34250	29	23	1	0	2
34251	29	23	1	1	0
34252	29	23	1	1	1
34253	29	23	1	1	2
34254	29	23	1	2	0
34255	29	23	1	2	1
34256	29	23	1	2	2
34257	29	23	1	3	0
34258	29	23	1	3	1
34259	29	23	1	3	2
34260	29	23	2	0	0
34261	29	23	2	0	1
34262	29	23	2	0	2
34263	29	23	2	1	0
34264	29	23	2	1	1
34265	29	23	2	1	2
34266	29	23	2	2	0
34267	29	23	2	2	1
34268	29	23	2	2	2
34269	29	23	2	3	0
34270	29	23	2	3	1
34271	29	23	2	3	2
34272	29	24	0	0	0
34273	29	24	0	0	1
34274	29	24	0	0	2
34275	29	24	0	1	0
34276	29	24	0	1	1
34277	29	24	0	1	2
34278	29	24	0	2	0
34279	29	24	0	2	1
34280	29	24	0	2	2
34281	29	24	0	3	0
34282	29	24	0	3	1
34283	29	24	0	3	2
34284	29	24	1	0	0
34285	29	24	1	0	1
34286	29	24	1	0	2
34287	29	24	1	1	0
34288	29	24	1	1	1
34289	29	24	1	1	2
34290	29	24	1	2	0
34291	29	24	1	2	1
34292	29	24	1	2	2
34293	29	24	1	3	0
34294	29	24	1	3	1
34295	29	24	1	3	2
34296	29	24	2	0	0
34297	29	24	2	0	1
34298	29	24	2	0	2
34299	29	24	2	1	0
34300	29	24	2	1	1
34301	29	24	2	1	2
34302	29	24	2	2	0
34303	29	24	2	2	1
34304	29	24	2	2	2
34305	29	24	2	3	0
34306	29	24	2	3	1
34307	29	24	2	3	2
34308	29	25	0	0	0
34309	29	25	0	0	1
34310	29	25	0	0	2
34311	29	25	0	1	0
34312	29	25	0	1	1
34313	29	25	0	1	2
34314	29	25	0	2	0
34315	29	25	0	2	1
34316	29	25	0	2	2
34317	29	25	0	3	0
34318	29	25	0	3	1
34319	29	25	0	3	2
34320	29	25	1	0	0
34321	29	25	1	0	1
34322	29	25	1	0	2
34323	29	25	1	1	0
34324	29	25	1	1	1
34325	29	25	1	1	2
34326	29	25	1	2	0
34327	29	25	1	2	1
34328	29	25	1	2	2
34329	29	25	1	3	0
34330	29	25	1	3	1
34331	29	25	1	3	2
34332	29	25	2	0	0
34333	29	25	2	0	1
34334	29	25	2	0	2
34335	29	25	2	1	0
34336	29	25	2	1	1
34337	29	25	2	1	2
34338	29	25	2	2	0
34339	29	25	2	2	1
34340	29	25	2	2	2
34341	29	25	2	3	0
34342	29	25	2	3	1
34343	29	25	2	3	2
34344	29	26	0	0	0
34345	29	26	0	0	1
34346	29	26	0	0	2
34347	29	26	0	1	0
34348	29	26	0	1	1
34349	29	26	0	1	2
34350	29	26	0	2	0
34351	29	26	0	2	1
34352	29	26	0	2	2
34353	29	26	0	3	0
34354	29	26	0	3	1
34355	29	26	0	3	2
34356	29	26	1	0	0
34357	29	26	1	0	1
34358	29	26	1	0	2
34359	29	26	1	1	0
34360	29	26	1	1	1
34361	29	26	1	1	2
34362	29	26	1	2	0
34363	29	26	1	2	1
34364	29	26	1	2	2
34365	29	26	1	3	0
34366	29	26	1	3	1
34367	29	26	1	3	2
34368	29	26	2	0	0
34369	29	26	2	0	1
34370	29	26	2	0	2
34371	29	26	2	1	0
34372	29	26	2	1	1
34373	29	26	2	1	2
34374	29	26	2	2	0
34375	29	26	2	2	1
34376	29	26	2	2	2
34377	29	26	2	3	0
34378	29	26	2	3	1
34379	29	26	2	3	2
34380	29	27	0	0	0
34381	29	27	0	0	1
34382	29	27	0	0	2
34383	29	27	0	1	0
34384	29	27	0	1	1
34385	29	27	0	1	2
34386	29	27	0	2	0
34387	29	27	0	2	1
34388	29	27	0	2	2
34389	29	27	0	3	0
34390	29	27	0	3	1
34391	29	27	0	3	2
34392	29	27	1	0	0
34393	29	27	1	0	1
34394	29	27	1	0	2
34395	29	27	1	1	0
34396	29	27	1	1	1
34397	29	27	1	1	2
34398	29	27	1	2	0
34399	29	27	1	2	1
34400	29	27	1	2	2
34401	29	27	1	3	0
34402	29	27	1	3	1
34403	29	27	1	3	2
34404	29	27	2	0	0
34405	29	27	2	0	1
34406	29	27	2	0	2
34407	29	27	2	1	0
34408	29	27	2	1	1
34409	29	27	2	1	2
34410	29	27	2	2	0
34411	29	27	2	2	1
34412	29	27	2	2	2
34413	29	27	2	3	0
34414	29	27	2	3	1
34415	29	27	2	3	2
34416	29	28	0	0	0
34417	29	28	0	0	1
34418	29	28	0	0	2
34419	29	28	0	1	0
34420	29	28	0	1	1
34421	29	28	0	1	2
34422	29	28	0	2	0
34423	29	28	0	2	1
34424	29	28	0	2	2
34425	29	28	0	3	0
34426	29	28	0	3	1
34427	29	28	0	3	2
34428	29	28	1	0	0
34429	29	28	1	0	1
34430	29	28	1	0	2
34431	29	28	1	1	0
34432	29	28	1	1	1
34433	29	28	1	1	2
34434	29	28	1	2	0
34435	29	28	1	2	1
34436	29	28	1	2	2
34437	29	28	1	3	0
34438	29	28	1	3	1
34439	29	28	1	3	2
34440	29	28	2	0	0
34441	29	28	2	0	1
34442	29	28	2	0	2
34443	29	28	2	1	0
34444	29	28	2	1	1
34445	29	28	2	1	2
34446	29	28	2	2	0
34447	29	28	2	2	1
34448	29	28	2	2	2
34449	29	28	2	3	0
34450	29	28	2	3	1
34451	29	28	2	3	2
34452	29	29	0	0	0
34453	29	29	0	0	1
34454	29	29	0	0	2
34455	29	29	0	1	0
34456	29	29	0	1	1
34457	29	29	0	1	2
34458	29	29	0	2	0
34459	29	29	0	2	1
34460	29	29	0	2	2
34461	29	29	0	3	0
34462	29	29	0	3	1
34463	29	29	0	3	2
34464	29	29	1	0	0
34465	29	29	1	0	1
34466	29	29	1	0	2
34467	29	29	1	1	0
34468	29	29	1	1	1
34469	29	29	1	1	2
34470	29	29	1	2	0
34471	29	29	1	2	1
34472	29	29	1	2	2
34473	29	29	1	3	0
34474	29	29	1	3	1
34475	29	29	1	3	2
34476	29	29	2	0	0
34477	29	29	2	0	1
34478	29	29	2	0	2
34479	29	29	2	1	0
34480	29	29	2	1	1
34481	29	29	2	1	2
34482	29	29	2	2	0
34483	29	29	2	2	1
34484	29	29	2	2	2
34485	29	29	2	3	0
34486	29	29	2	3	1
34487	29	29	2	3	2
34488	29	30	0	0	0
34489	29	30	0	0	1
34490	29	30	0	0	2
34491	29	30	0	1	0
34492	29	30	0	1	1
34493	29	30	0	1	2
34494	29	30	0	2	0
34495	29	30	0	2	1
34496	29	30	0	2	2
34497	29	30	0	3	0
34498	29	30	0	3	1
34499	29	30	0	3	2
34500	29	30	1	0	0
34501	29	30	1	0	1
34502	29	30	1	0	2
34503	29	30	1	1	0
34504	29	30	1	1	1
34505	29	30	1	1	2
34506	29	30	1	2	0
34507	29	30	1	2	1
34508	29	30	1	2	2
34509	29	30	1	3	0
34510	29	30	1	3	1
34511	29	30	1	3	2
34512	29	30	2	0	0
34513	29	30	2	0	1
34514	29	30	2	0	2
34515	29	30	2	1	0
34516	29	30	2	1	1
34517	29	30	2	1	2
34518	29	30	2	2	0
34519	29	30	2	2	1
34520	29	30	2	2	2
34521	29	30	2	3	0
34522	29	30	2	3	1
34523	29	30	2	3	2
34524	29	31	0	0	0
34525	29	31	0	0	1
34526	29	31	0	0	2
34527	29	31	0	1	0
34528	29	31	0	1	1
34529	29	31	0	1	2
34530	29	31	0	2	0
34531	29	31	0	2	1
34532	29	31	0	2	2
34533	29	31	0	3	0
34534	29	31	0	3	1
34535	29	31	0	3	2
34536	29	31	1	0	0
34537	29	31	1	0	1
34538	29	31	1	0	2
34539	29	31	1	1	0
34540	29	31	1	1	1
34541	29	31	1	1	2
34542	29	31	1	2	0
34543	29	31	1	2	1
34544	29	31	1	2	2
34545	29	31	1	3	0
34546	29	31	1	3	1
34547	29	31	1	3	2
34548	29	31	2	0	0
34549	29	31	2	0	1
34550	29	31	2	0	2
34551	29	31	2	1	0
34552	29	31	2	1	1
34553	29	31	2	1	2
34554	29	31	2	2	0
34555	29	31	2	2	1
34556	29	31	2	2	2
34557	29	31	2	3	0
34558	29	31	2	3	1
34559	29	31	2	3	2
