   Compiling riley-cuda v0.1.0 (/tmp/riley-g01-native-260910/crates/riley-cuda)
warning: riley-cuda@0.1.0: riley-cuda: CUDA toolkit=/data/cuda-12.8.1 nvcc=/data/cuda-12.8.1/bin/nvcc
warning: riley-cuda@0.1.0: riley-cuda: CUDA AOT architectures=89 (compile targets only; no runtime device detection)
warning: riley-cuda@0.1.0: riley-cuda: cuBLASLt strategy=shared linker=/data/cuda-12.8.1/lib64/libcublasLt.so
warning: riley-cuda@0.1.0: riley-cuda: CUDA Runtime strategy=shared linker=/data/cuda-12.8.1/lib64/libcudart.so
warning: riley-cuda@0.1.0: riley-cuda: CUDA Driver linker=/data/cuda-12.8.1/targets/x86_64-linux/lib/stubs/libcuda.so
warning: function `riley_cuda_graph_capture_begin_indexed_rope_bf16` is never used
    --> crates/riley-cuda/src/ffi.rs:1541:8
     |
1541 |     fn riley_cuda_graph_capture_begin_indexed_rope_bf16(
     |        ^^^^^^^^^^^^^^^^^^^^^^^^^^^^^^^^^^^^^^^^^^^^^^^^
     |
     = note: `#[warn(dead_code)]` on by default

warning: item in documentation is missing backticks
    --> crates/riley-cuda/src/batch.rs:1081:5
     |
1081 | /// RoPE before either path enters native CUDA.
     |     ^^^^
     |
     = help: for further information visit https://rust-lang.github.io/rust-clippy/master/index.html#doc_markdown
     = note: `-W clippy::doc-markdown` implied by `-W clippy::pedantic`
     = help: to override `-W clippy::pedantic` add `#[allow(clippy::doc_markdown)]`
help: try
     |
1081 | /// `RoPE` before either path enters native CUDA.
     |     ~~~~~~

warning: this function has too many arguments (8/7)
    --> crates/riley-cuda/src/ffi.rs:3237:5
     |
3237 | /     pub(super) fn begin_graph_canonical_rms_norm_bf16_capture(
3238 | |         &mut self,
3239 | |         input: &DeviceBufferHandle,
3240 | |         weight: &DeviceBufferHandle,
...    |
3245 | |         mode: u32,
3246 | |     ) -> CudaResult<GraphCaptureHandle> {
     | |_______________________________________^
     |
     = help: for further information visit https://rust-lang.github.io/rust-clippy/master/index.html#too_many_arguments
     = note: `-W clippy::too-many-arguments` implied by `-W clippy::all`
     = help: to override `-W clippy::all` add `#[allow(clippy::too_many_arguments)]`

warning: this function has too many arguments (8/7)
    --> crates/riley-cuda/src/ffi.rs:3329:5
     |
3329 | /     pub(super) fn begin_graph_hf_smollm2_rms_norm_bf16_capture(
3330 | |         &mut self,
3331 | |         input: &DeviceBufferHandle,
3332 | |         weight: &DeviceBufferHandle,
...    |
3337 | |         mode: u32,
3338 | |     ) -> CudaResult<GraphCaptureHandle> {
     | |_______________________________________^
     |
     = help: for further information visit https://rust-lang.github.io/rust-clippy/master/index.html#too_many_arguments

warning: this function has too many arguments (8/7)
    --> crates/riley-cuda/src/ffi.rs:3509:5
     |
3509 | /     pub(super) fn begin_graph_bf16_row_gather_capture(
3510 | |         &mut self,
3511 | |         input: &DeviceBufferHandle,
3512 | |         row_indices: &DeviceBufferHandle,
...    |
3517 | |         mode: u32,
3518 | |     ) -> CudaResult<GraphCaptureHandle> {
     | |_______________________________________^
     |
     = help: for further information visit https://rust-lang.github.io/rust-clippy/master/index.html#too_many_arguments

warning: this function has too many arguments (9/7)
    --> crates/riley-cuda/src/ffi.rs:3601:5
     |
3601 | /     pub(super) fn begin_graph_bf16_row_gather_argmax_capture(
3602 | |         &mut self,
3603 | |         input: &DeviceBufferHandle,
3604 | |         row_indices: &DeviceBufferHandle,
...    |
3610 | |         mode: u32,
3611 | |     ) -> CudaResult<GraphCaptureHandle> {
     | |_______________________________________^
     |
     = help: for further information visit https://rust-lang.github.io/rust-clippy/master/index.html#too_many_arguments

warning: this function has too many arguments (10/7)
    --> crates/riley-cuda/src/ffi.rs:3695:5
     |
3695 | /     pub(super) fn begin_graph_bf16_row_gather_argmax_d2h_capture(
3696 | |         &mut self,
3697 | |         input: &DeviceBufferHandle,
3698 | |         row_indices: &DeviceBufferHandle,
...    |
3705 | |         mode: u32,
3706 | |     ) -> CudaResult<GraphCaptureHandle> {
     | |_______________________________________^
     |
     = help: for further information visit https://rust-lang.github.io/rust-clippy/master/index.html#too_many_arguments

warning: this function has too many arguments (14/7)
    --> crates/riley-cuda/src/ffi.rs:3915:5
     |
3915 | /     pub(super) fn begin_graph_indexed_rope_bf16_span_capture(
3916 | |         &mut self,
3917 | |         input: &DeviceBufferHandle,
3918 | |         cos: &DeviceBufferHandle,
...    |
3929 | |         mode: u32,
3930 | |     ) -> CudaResult<GraphCaptureHandle> {
     | |_______________________________________^
     |
     = help: for further information visit https://rust-lang.github.io/rust-clippy/master/index.html#too_many_arguments

warning: borrow as raw pointer
    --> crates/riley-cuda/src/ffi.rs:5773:17
     |
5773 |                 (&mut report as *mut RawEmbeddingErrorReport).cast::<u8>(),
     |                 ^^^^^^^^^^^^^^^^^^^^^^^^^^^^^^^^^^^^^^^^^^^^^ help: try: `&raw mut report`
     |
     = help: for further information visit https://rust-lang.github.io/rust-clippy/master/index.html#borrow_as_ptr
     = note: `-W clippy::borrow-as-ptr` implied by `-W clippy::pedantic`
     = help: to override `-W clippy::pedantic` add `#[allow(clippy::borrow_as_ptr)]`

warning: item in documentation is missing backticks
   --> crates/riley-cuda/src/gemm.rs:800:25
    |
800 |     /// fixed canonical RMSNorm output is the exact GEMM input allocation.
    |                         ^^^^^^^
    |
    = help: for further information visit https://rust-lang.github.io/rust-clippy/master/index.html#doc_markdown
help: try
    |
800 |     /// fixed canonical `RMSNorm` output is the exact GEMM input allocation.
    |                         ~~~~~~~~~

warning: item in documentation is missing backticks
   --> crates/riley-cuda/src/graph.rs:159:46
    |
159 |     /// One fixed-address, out-of-place BF16 SiLU kernel.
    |                                              ^^^^
    |
    = help: for further information visit https://rust-lang.github.io/rust-clippy/master/index.html#doc_markdown
help: try
    |
159 |     /// One fixed-address, out-of-place BF16 `SiLU` kernel.
    |                                              ~~~~~~

warning: item in documentation is missing backticks
   --> crates/riley-cuda/src/graph.rs:165:60
    |
165 |     /// One fixed-address, out-of-place generic eager BF16 RMSNorm kernel.
    |                                                            ^^^^^^^
    |
    = help: for further information visit https://rust-lang.github.io/rust-clippy/master/index.html#doc_markdown
help: try
    |
165 |     /// One fixed-address, out-of-place generic eager BF16 `RMSNorm` kernel.
    |                                                            ~~~~~~~~~

warning: item in documentation is missing backticks
   --> crates/riley-cuda/src/graph.rs:167:44
    |
167 |     /// This is deliberately distinct from SmolLM2 and Fixed37 variants, fused
    |                                            ^^^^^^^
    |
    = help: for further information visit https://rust-lang.github.io/rust-clippy/master/index.html#doc_markdown
help: try
    |
167 |     /// This is deliberately distinct from `SmolLM2` and Fixed37 variants, fused
    |                                            ~~~~~~~~~

warning: item in documentation is missing backticks
   --> crates/riley-cuda/src/graph.rs:168:9
    |
168 |     /// RMSNorm, and C07 executor integration.
    |         ^^^^^^^
    |
    = help: for further information visit https://rust-lang.github.io/rust-clippy/master/index.html#doc_markdown
help: try
    |
168 |     /// `RMSNorm`, and C07 executor integration.
    |         ~~~~~~~~~

warning: item in documentation is missing backticks
   --> crates/riley-cuda/src/graph.rs:198:54
    |
198 |     /// One fixed-address, out-of-place BF16 indexed RoPE kernel.
    |                                                      ^^^^
    |
    = help: for further information visit https://rust-lang.github.io/rust-clippy/master/index.html#doc_markdown
help: try
    |
198 |     /// One fixed-address, out-of-place BF16 indexed `RoPE` kernel.
    |                                                      ~~~~~~

warning: item in documentation is missing backticks
   --> crates/riley-cuda/src/graph.rs:233:42
    |
233 |     /// One fixed-address canonical BF16 RMSNorm -> cuBLASLt GEMM graph.
    |                                          ^^^^^^^
    |
    = help: for further information visit https://rust-lang.github.io/rust-clippy/master/index.html#doc_markdown
help: try
    |
233 |     /// One fixed-address canonical BF16 `RMSNorm` -> cuBLASLt GEMM graph.
    |                                          ~~~~~~~~~

warning: item in documentation is missing backticks
   --> crates/riley-cuda/src/graph.rs:235:13
    |
235 |     /// The RMSNorm output is the one intentional fixed-allocation dependency
    |             ^^^^^^^
    |
    = help: for further information visit https://rust-lang.github.io/rust-clippy/master/index.html#doc_markdown
help: try
    |
235 |     /// The `RMSNorm` output is the one intentional fixed-allocation dependency
    |             ~~~~~~~~~

warning: the following explicit lifetimes could be elided: 'exec
    --> crates/riley-cuda/src/graph.rs:1798:19
     |
1798 |     pub fn launch<'exec>(&'exec mut self) -> CudaResult<OwnedGraphLaunch<'exec>> {
     |                   ^^^^^   ^^^^^                                          ^^^^^
     |
     = help: for further information visit https://rust-lang.github.io/rust-clippy/master/index.html#needless_lifetimes
     = note: `-W clippy::needless-lifetimes` implied by `-W clippy::all`
     = help: to override `-W clippy::all` add `#[allow(clippy::needless_lifetimes)]`
help: elide the lifetimes
     |
1798 -     pub fn launch<'exec>(&'exec mut self) -> CudaResult<OwnedGraphLaunch<'exec>> {
1798 +     pub fn launch(&mut self) -> CudaResult<OwnedGraphLaunch<'_>> {
     |

warning: you seem to be trying to use `match` for destructuring a single pattern. Consider using `if let`
    --> crates/riley-cuda/src/graph.rs:1814:26
     |
1814 |               let native = match self.stream.as_mut() {
     |  __________________________^
1815 | |                 Some(stream) => self.native.launch(&mut stream.native),
1816 | |                 None => {
1817 | |                     self.terminal = true;
...    |
1823 | |             };
     | |_____________^
     |
     = help: for further information visit https://rust-lang.github.io/rust-clippy/master/index.html#single_match_else
     = note: `-W clippy::single-match-else` implied by `-W clippy::pedantic`
     = help: to override `-W clippy::pedantic` add `#[allow(clippy::single_match_else)]`
help: try
     |
1814 ~             let native = if let Some(stream) = self.stream.as_mut() { self.native.launch(&mut stream.native) } else {
1815 +                 self.terminal = true;
1816 +                 return Err(CudaError::invalid_state(
1817 +                     "OwnedGraphExec::launch",
1818 +                     "the owned graph exec lost its capture stream",
1819 +                 ));
1820 ~             };
     |

warning: docs for function returning `Result` missing `# Errors` section
    --> crates/riley-cuda/src/graph.rs:2002:5
     |
2002 |     pub fn close(self) -> CudaResult<()> {
     |     ^^^^^^^^^^^^^^^^^^^^^^^^^^^^^^^^^^^^
     |
     = help: for further information visit https://rust-lang.github.io/rust-clippy/master/index.html#missing_errors_doc
     = note: `-W clippy::missing-errors-doc` implied by `-W clippy::pedantic`
     = help: to override `-W clippy::pedantic` add `#[allow(clippy::missing_errors_doc)]`

warning: docs for function returning `Result` missing `# Errors` section
    --> crates/riley-cuda/src/graph.rs:2113:5
     |
2113 |     pub fn enqueue_h2d(&mut self) -> CudaResult<()> {
     |     ^^^^^^^^^^^^^^^^^^^^^^^^^^^^^^^^^^^^^^^^^^^^^^^
     |
     = help: for further information visit https://rust-lang.github.io/rust-clippy/master/index.html#missing_errors_doc

warning: docs for function returning `Result` missing `# Errors` section
    --> crates/riley-cuda/src/graph.rs:2151:5
     |
2151 |     pub fn end(mut self) -> CudaResult<OwnedCapturedH2DGraph> {
     |     ^^^^^^^^^^^^^^^^^^^^^^^^^^^^^^^^^^^^^^^^^^^^^^^^^^^^^^^^^
     |
     = help: for further information visit https://rust-lang.github.io/rust-clippy/master/index.html#missing_errors_doc

warning: docs for function returning `Result` missing `# Errors` section
    --> crates/riley-cuda/src/graph.rs:2204:5
     |
2204 |     pub fn abort(mut self) -> CudaResult<OwnedGraphH2DResources> {
     |     ^^^^^^^^^^^^^^^^^^^^^^^^^^^^^^^^^^^^^^^^^^^^^^^^^^^^^^^^^^^^
     |
     = help: for further information visit https://rust-lang.github.io/rust-clippy/master/index.html#missing_errors_doc

warning: docs for function returning `Result` missing `# Errors` section
    --> crates/riley-cuda/src/graph.rs:2264:5
     |
2264 |     pub fn instantiate(mut self) -> CudaResult<OwnedGraphH2DExec> {
     |     ^^^^^^^^^^^^^^^^^^^^^^^^^^^^^^^^^^^^^^^^^^^^^^^^^^^^^^^^^^^^^
     |
     = help: for further information visit https://rust-lang.github.io/rust-clippy/master/index.html#missing_errors_doc

warning: docs for function returning `Result` missing `# Errors` section
    --> crates/riley-cuda/src/graph.rs:2293:5
     |
2293 |     pub fn close(mut self) -> CudaResult<OwnedGraphH2DResources> {
     |     ^^^^^^^^^^^^^^^^^^^^^^^^^^^^^^^^^^^^^^^^^^^^^^^^^^^^^^^^^^^^
     |
     = help: for further information visit https://rust-lang.github.io/rust-clippy/master/index.html#missing_errors_doc

warning: docs for function which may panic missing `# Panics` section
    --> crates/riley-cuda/src/graph.rs:2344:5
     |
2344 | /     pub fn launch_with_source<'exec>(
2345 | |         &'exec mut self,
2346 | |         bytes: &[u8],
2347 | |     ) -> CudaResult<OwnedGraphH2DLaunch<'exec>> {
     | |_______________________________________________^
     |
note: first possible panic found here
    --> crates/riley-cuda/src/graph.rs:2385:26
     |
2385 |             let source = self.source.as_ref().expect("source checked above");
     |                          ^^^^^^^^^^^^^^^^^^^^^^^^^^^^^^^^^^^^^^^^^^^^^^^^^^^
     = help: for further information visit https://rust-lang.github.io/rust-clippy/master/index.html#missing_panics_doc
     = note: `-W clippy::missing-panics-doc` implied by `-W clippy::pedantic`
     = help: to override `-W clippy::pedantic` add `#[allow(clippy::missing_panics_doc)]`

warning: docs for function returning `Result` missing `# Errors` section
    --> crates/riley-cuda/src/graph.rs:2344:5
     |
2344 | /     pub fn launch_with_source<'exec>(
2345 | |         &'exec mut self,
2346 | |         bytes: &[u8],
2347 | |     ) -> CudaResult<OwnedGraphH2DLaunch<'exec>> {
     | |_______________________________________________^
     |
     = help: for further information visit https://rust-lang.github.io/rust-clippy/master/index.html#missing_errors_doc

warning: you seem to be trying to use `match` for destructuring a single pattern. Consider using `if let`
    --> crates/riley-cuda/src/graph.rs:2393:26
     |
2393 |               let native = match self.stream.as_mut() {
     |  __________________________^
2394 | |                 Some(stream) => self.native.launch(&mut stream.native),
2395 | |                 None => {
2396 | |                     self.terminal = true;
...    |
2402 | |             };
     | |_____________^
     |
     = help: for further information visit https://rust-lang.github.io/rust-clippy/master/index.html#single_match_else
help: try
     |
2393 ~             let native = if let Some(stream) = self.stream.as_mut() { self.native.launch(&mut stream.native) } else {
2394 +                 self.terminal = true;
2395 +                 return Err(CudaError::invalid_state(
2396 +                     OPERATION,
2397 +                     "the owned graph exec lost its capture stream",
2398 +                 ));
2399 ~             };
     |

warning: docs for function returning `Result` missing `# Errors` section
    --> crates/riley-cuda/src/graph.rs:2436:5
     |
2436 |     pub fn close(mut self) -> CudaResult<OwnedGraphH2DResources> {
     |     ^^^^^^^^^^^^^^^^^^^^^^^^^^^^^^^^^^^^^^^^^^^^^^^^^^^^^^^^^^^^
     |
     = help: for further information visit https://rust-lang.github.io/rust-clippy/master/index.html#missing_errors_doc

warning: docs for function returning `Result` missing `# Errors` section
    --> crates/riley-cuda/src/graph.rs:2482:5
     |
2482 |     pub fn finish(mut self) -> CudaResult<()> {
     |     ^^^^^^^^^^^^^^^^^^^^^^^^^^^^^^^^^^^^^^^^^
     |
     = help: for further information visit https://rust-lang.github.io/rust-clippy/master/index.html#missing_errors_doc

warning: docs for function returning `Result` missing `# Errors` section
    --> crates/riley-cuda/src/graph.rs:2624:5
     |
2624 |     pub fn close(self) -> CudaResult<()> {
     |     ^^^^^^^^^^^^^^^^^^^^^^^^^^^^^^^^^^^^
     |
     = help: for further information visit https://rust-lang.github.io/rust-clippy/master/index.html#missing_errors_doc

warning: item in documentation is missing backticks
    --> crates/riley-cuda/src/graph.rs:2699:67
     |
2699 | /// By-value owner of one active fixed-address, out-of-place BF16 SiLU CUDA
     |                                                                   ^^^^
     |
     = help: for further information visit https://rust-lang.github.io/rust-clippy/master/index.html#doc_markdown
help: try
     |
2699 | /// By-value owner of one active fixed-address, out-of-place BF16 `SiLU` CUDA
     |                                                                   ~~~~~~

warning: item in documentation is missing backticks
    --> crates/riley-cuda/src/graph.rs:2724:41
     |
2724 |     /// Captures the one immutable BF16 SiLU node.
     |                                         ^^^^
     |
     = help: for further information visit https://rust-lang.github.io/rust-clippy/master/index.html#doc_markdown
help: try
     |
2724 |     /// Captures the one immutable BF16 `SiLU` node.
     |                                         ~~~~~~

warning: docs for function returning `Result` missing `# Errors` section
    --> crates/riley-cuda/src/graph.rs:2725:5
     |
2725 |     pub fn enqueue_silu_bf16(&mut self) -> CudaResult<()> {
     |     ^^^^^^^^^^^^^^^^^^^^^^^^^^^^^^^^^^^^^^^^^^^^^^^^^^^^^
     |
     = help: for further information visit https://rust-lang.github.io/rust-clippy/master/index.html#missing_errors_doc

warning: docs for function returning `Result` missing `# Errors` section
    --> crates/riley-cuda/src/graph.rs:2763:5
     |
2763 |     pub fn end(mut self) -> CudaResult<OwnedCapturedSiluBf16Graph> {
     |     ^^^^^^^^^^^^^^^^^^^^^^^^^^^^^^^^^^^^^^^^^^^^^^^^^^^^^^^^^^^^^^
     |
     = help: for further information visit https://rust-lang.github.io/rust-clippy/master/index.html#missing_errors_doc

warning: docs for function returning `Result` missing `# Errors` section
    --> crates/riley-cuda/src/graph.rs:2807:5
     |
2807 |     pub fn abort(mut self) -> CudaResult<OwnedGraphSiluBf16Resources> {
     |     ^^^^^^^^^^^^^^^^^^^^^^^^^^^^^^^^^^^^^^^^^^^^^^^^^^^^^^^^^^^^^^^^^
     |
     = help: for further information visit https://rust-lang.github.io/rust-clippy/master/index.html#missing_errors_doc

warning: item in documentation is missing backticks
    --> crates/riley-cuda/src/graph.rs:2842:33
     |
2842 | /// By-value fixed-address BF16 SiLU CUDA Graph awaiting instantiate or close.
     |                                 ^^^^
     |
     = help: for further information visit https://rust-lang.github.io/rust-clippy/master/index.html#doc_markdown
help: try
     |
2842 | /// By-value fixed-address BF16 `SiLU` CUDA Graph awaiting instantiate or close.
     |                                 ~~~~~~

warning: docs for function returning `Result` missing `# Errors` section
    --> crates/riley-cuda/src/graph.rs:2853:5
     |
2853 |     pub fn instantiate(mut self) -> CudaResult<OwnedGraphSiluBf16Exec> {
     |     ^^^^^^^^^^^^^^^^^^^^^^^^^^^^^^^^^^^^^^^^^^^^^^^^^^^^^^^^^^^^^^^^^^
     |
     = help: for further information visit https://rust-lang.github.io/rust-clippy/master/index.html#missing_errors_doc

warning: docs for function returning `Result` missing `# Errors` section
    --> crates/riley-cuda/src/graph.rs:2879:5
     |
2879 |     pub fn close(mut self) -> CudaResult<OwnedGraphSiluBf16Resources> {
     |     ^^^^^^^^^^^^^^^^^^^^^^^^^^^^^^^^^^^^^^^^^^^^^^^^^^^^^^^^^^^^^^^^^
     |
     = help: for further information visit https://rust-lang.github.io/rust-clippy/master/index.html#missing_errors_doc

warning: item in documentation is missing backticks
    --> crates/riley-cuda/src/graph.rs:2896:33
     |
2896 | /// By-value fixed-address BF16 SiLU CUDA Graph executable.
     |                                 ^^^^
     |
     = help: for further information visit https://rust-lang.github.io/rust-clippy/master/index.html#doc_markdown
help: try
     |
2896 | /// By-value fixed-address BF16 `SiLU` CUDA Graph executable.
     |                                 ~~~~~~

warning: item in documentation is missing backticks
    --> crates/riley-cuda/src/graph.rs:2920:40
     |
2920 |     /// Replays the fixed-address BF16 SiLU graph once.
     |                                        ^^^^
     |
     = help: for further information visit https://rust-lang.github.io/rust-clippy/master/index.html#doc_markdown
help: try
     |
2920 |     /// Replays the fixed-address BF16 `SiLU` graph once.
     |                                        ~~~~~~

warning: docs for function returning `Result` missing `# Errors` section
    --> crates/riley-cuda/src/graph.rs:2921:5
     |
2921 |     pub fn launch<'exec>(&'exec mut self) -> CudaResult<OwnedGraphSiluBf16Launch<'exec>> {
     |     ^^^^^^^^^^^^^^^^^^^^^^^^^^^^^^^^^^^^^^^^^^^^^^^^^^^^^^^^^^^^^^^^^^^^^^^^^^^^^^^^^^^^
     |
     = help: for further information visit https://rust-lang.github.io/rust-clippy/master/index.html#missing_errors_doc

warning: the following explicit lifetimes could be elided: 'exec
    --> crates/riley-cuda/src/graph.rs:2921:19
     |
2921 |     pub fn launch<'exec>(&'exec mut self) -> CudaResult<OwnedGraphSiluBf16Launch<'exec>> {
     |                   ^^^^^   ^^^^^                                                  ^^^^^
     |
     = help: for further information visit https://rust-lang.github.io/rust-clippy/master/index.html#needless_lifetimes
help: elide the lifetimes
     |
2921 -     pub fn launch<'exec>(&'exec mut self) -> CudaResult<OwnedGraphSiluBf16Launch<'exec>> {
2921 +     pub fn launch(&mut self) -> CudaResult<OwnedGraphSiluBf16Launch<'_>> {
     |

warning: you seem to be trying to use `match` for destructuring a single pattern. Consider using `if let`
    --> crates/riley-cuda/src/graph.rs:2931:26
     |
2931 |               let native = match self.resources.as_mut() {
     |  __________________________^
2932 | |                 Some(resources) => self.native.launch(&mut resources.stream.native),
2933 | |                 None => {
2934 | |                     self.terminal = true;
...    |
2940 | |             };
     | |_____________^
     |
     = help: for further information visit https://rust-lang.github.io/rust-clippy/master/index.html#single_match_else
help: try
     |
2931 ~             let native = if let Some(resources) = self.resources.as_mut() { self.native.launch(&mut resources.stream.native) } else {
2932 +                 self.terminal = true;
2933 +                 return Err(CudaError::invalid_state(
2934 +                     OPERATION,
2935 +                     "the owned graph BF16 SiLU exec lost its captured resources",
2936 +                 ));
2937 ~             };
     |

warning: docs for function returning `Result` missing `# Errors` section
    --> crates/riley-cuda/src/graph.rs:2974:5
     |
2974 |     pub fn close(mut self) -> CudaResult<OwnedGraphSiluBf16Resources> {
     |     ^^^^^^^^^^^^^^^^^^^^^^^^^^^^^^^^^^^^^^^^^^^^^^^^^^^^^^^^^^^^^^^^^
     |
     = help: for further information visit https://rust-lang.github.io/rust-clippy/master/index.html#missing_errors_doc

warning: docs for function returning `Result` missing `# Errors` section
    --> crates/riley-cuda/src/graph.rs:3018:5
     |
3018 |     pub fn finish(mut self) -> CudaResult<()> {
     |     ^^^^^^^^^^^^^^^^^^^^^^^^^^^^^^^^^^^^^^^^^
     |
     = help: for further information visit https://rust-lang.github.io/rust-clippy/master/index.html#missing_errors_doc

warning: docs for function returning `Result` missing `# Errors` section
    --> crates/riley-cuda/src/graph.rs:3144:5
     |
3144 |     pub fn close(self) -> CudaResult<()> {
     |     ^^^^^^^^^^^^^^^^^^^^^^^^^^^^^^^^^^^^
     |
     = help: for further information visit https://rust-lang.github.io/rust-clippy/master/index.html#missing_errors_doc

warning: docs for function returning `Result` missing `# Errors` section
    --> crates/riley-cuda/src/graph.rs:3237:5
     |
3237 |     pub fn enqueue_gated_multiply_bf16(&mut self) -> CudaResult<()> {
     |     ^^^^^^^^^^^^^^^^^^^^^^^^^^^^^^^^^^^^^^^^^^^^^^^^^^^^^^^^^^^^^^^
     |
     = help: for further information visit https://rust-lang.github.io/rust-clippy/master/index.html#missing_errors_doc

warning: docs for function returning `Result` missing `# Errors` section
    --> crates/riley-cuda/src/graph.rs:3275:5
     |
3275 |     pub fn end(mut self) -> CudaResult<OwnedCapturedGatedMultiplyBf16Graph> {
     |     ^^^^^^^^^^^^^^^^^^^^^^^^^^^^^^^^^^^^^^^^^^^^^^^^^^^^^^^^^^^^^^^^^^^^^^^
     |
     = help: for further information visit https://rust-lang.github.io/rust-clippy/master/index.html#missing_errors_doc

warning: docs for function returning `Result` missing `# Errors` section
    --> crates/riley-cuda/src/graph.rs:3320:5
     |
3320 |     pub fn abort(mut self) -> CudaResult<OwnedGraphGatedMultiplyBf16Resources> {
     |     ^^^^^^^^^^^^^^^^^^^^^^^^^^^^^^^^^^^^^^^^^^^^^^^^^^^^^^^^^^^^^^^^^^^^^^^^^^
     |
     = help: for further information visit https://rust-lang.github.io/rust-clippy/master/index.html#missing_errors_doc

warning: docs for function returning `Result` missing `# Errors` section
    --> crates/riley-cuda/src/graph.rs:3369:5
     |
3369 |     pub fn instantiate(mut self) -> CudaResult<OwnedGraphGatedMultiplyBf16Exec> {
     |     ^^^^^^^^^^^^^^^^^^^^^^^^^^^^^^^^^^^^^^^^^^^^^^^^^^^^^^^^^^^^^^^^^^^^^^^^^^^
     |
     = help: for further information visit https://rust-lang.github.io/rust-clippy/master/index.html#missing_errors_doc

warning: docs for function returning `Result` missing `# Errors` section
    --> crates/riley-cuda/src/graph.rs:3395:5
     |
3395 |     pub fn close(mut self) -> CudaResult<OwnedGraphGatedMultiplyBf16Resources> {
     |     ^^^^^^^^^^^^^^^^^^^^^^^^^^^^^^^^^^^^^^^^^^^^^^^^^^^^^^^^^^^^^^^^^^^^^^^^^^
     |
     = help: for further information visit https://rust-lang.github.io/rust-clippy/master/index.html#missing_errors_doc

warning: item in documentation is missing backticks
    --> crates/riley-cuda/src/graph.rs:3417:34
     |
3417 | /// mutable spans, node updates, SiLU fusion, and model/executor wiring remain
     |                                  ^^^^
     |
     = help: for further information visit https://rust-lang.github.io/rust-clippy/master/index.html#doc_markdown
help: try
     |
3417 | /// mutable spans, node updates, `SiLU` fusion, and model/executor wiring remain
     |                                  ~~~~~~

warning: docs for function returning `Result` missing `# Errors` section
    --> crates/riley-cuda/src/graph.rs:3429:5
     |
3429 |     pub fn launch<'exec>(&'exec mut self) -> CudaResult<OwnedGraphGatedMultiplyBf16Launch<'exec>> {
     |     ^^^^^^^^^^^^^^^^^^^^^^^^^^^^^^^^^^^^^^^^^^^^^^^^^^^^^^^^^^^^^^^^^^^^^^^^^^^^^^^^^^^^^^^^^^^^^
     |
     = help: for further information visit https://rust-lang.github.io/rust-clippy/master/index.html#missing_errors_doc

warning: the following explicit lifetimes could be elided: 'exec
    --> crates/riley-cuda/src/graph.rs:3429:19
     |
3429 |     pub fn launch<'exec>(&'exec mut self) -> CudaResult<OwnedGraphGatedMultiplyBf16Launch<'exec>> {
     |                   ^^^^^   ^^^^^                                                           ^^^^^
     |
     = help: for further information visit https://rust-lang.github.io/rust-clippy/master/index.html#needless_lifetimes
help: elide the lifetimes
     |
3429 -     pub fn launch<'exec>(&'exec mut self) -> CudaResult<OwnedGraphGatedMultiplyBf16Launch<'exec>> {
3429 +     pub fn launch(&mut self) -> CudaResult<OwnedGraphGatedMultiplyBf16Launch<'_>> {
     |

warning: you seem to be trying to use `match` for destructuring a single pattern. Consider using `if let`
    --> crates/riley-cuda/src/graph.rs:3439:26
     |
3439 |               let native = match self.resources.as_mut() {
     |  __________________________^
3440 | |                 Some(resources) => self.native.launch(&mut resources.stream.native),
3441 | |                 None => {
3442 | |                     self.terminal = true;
...    |
3448 | |             };
     | |_____________^
     |
     = help: for further information visit https://rust-lang.github.io/rust-clippy/master/index.html#single_match_else
help: try
     |
3439 ~             let native = if let Some(resources) = self.resources.as_mut() { self.native.launch(&mut resources.stream.native) } else {
3440 +                 self.terminal = true;
3441 +                 return Err(CudaError::invalid_state(
3442 +                     OPERATION,
3443 +                     "the owned graph BF16 gated-multiply exec lost its captured resources",
3444 +                 ));
3445 ~             };
     |

warning: docs for function returning `Result` missing `# Errors` section
    --> crates/riley-cuda/src/graph.rs:3472:5
     |
3472 |     pub fn close(mut self) -> CudaResult<OwnedGraphGatedMultiplyBf16Resources> {
     |     ^^^^^^^^^^^^^^^^^^^^^^^^^^^^^^^^^^^^^^^^^^^^^^^^^^^^^^^^^^^^^^^^^^^^^^^^^^
     |
     = help: for further information visit https://rust-lang.github.io/rust-clippy/master/index.html#missing_errors_doc

warning: docs for function returning `Result` missing `# Errors` section
    --> crates/riley-cuda/src/graph.rs:3508:5
     |
3508 |     pub fn finish(mut self) -> CudaResult<()> {
     |     ^^^^^^^^^^^^^^^^^^^^^^^^^^^^^^^^^^^^^^^^^
     |
     = help: for further information visit https://rust-lang.github.io/rust-clippy/master/index.html#missing_errors_doc

warning: docs for function returning `Result` missing `# Errors` section
    --> crates/riley-cuda/src/graph.rs:3644:5
     |
3644 |     pub fn close(self) -> CudaResult<()> {
     |     ^^^^^^^^^^^^^^^^^^^^^^^^^^^^^^^^^^^^
     |
     = help: for further information visit https://rust-lang.github.io/rust-clippy/master/index.html#missing_errors_doc

warning: docs for function returning `Result` missing `# Errors` section
    --> crates/riley-cuda/src/graph.rs:3737:5
     |
3737 |     pub fn enqueue_residual_add_bf16(&mut self) -> CudaResult<()> {
     |     ^^^^^^^^^^^^^^^^^^^^^^^^^^^^^^^^^^^^^^^^^^^^^^^^^^^^^^^^^^^^^
     |
     = help: for further information visit https://rust-lang.github.io/rust-clippy/master/index.html#missing_errors_doc

warning: docs for function returning `Result` missing `# Errors` section
    --> crates/riley-cuda/src/graph.rs:3775:5
     |
3775 |     pub fn end(mut self) -> CudaResult<OwnedCapturedResidualAddBf16Graph> {
     |     ^^^^^^^^^^^^^^^^^^^^^^^^^^^^^^^^^^^^^^^^^^^^^^^^^^^^^^^^^^^^^^^^^^^^^
     |
     = help: for further information visit https://rust-lang.github.io/rust-clippy/master/index.html#missing_errors_doc

warning: docs for function returning `Result` missing `# Errors` section
    --> crates/riley-cuda/src/graph.rs:3820:5
     |
3820 |     pub fn abort(mut self) -> CudaResult<OwnedGraphResidualAddBf16Resources> {
     |     ^^^^^^^^^^^^^^^^^^^^^^^^^^^^^^^^^^^^^^^^^^^^^^^^^^^^^^^^^^^^^^^^^^^^^^^^
     |
     = help: for further information visit https://rust-lang.github.io/rust-clippy/master/index.html#missing_errors_doc

warning: docs for function returning `Result` missing `# Errors` section
    --> crates/riley-cuda/src/graph.rs:3869:5
     |
3869 |     pub fn instantiate(mut self) -> CudaResult<OwnedGraphResidualAddBf16Exec> {
     |     ^^^^^^^^^^^^^^^^^^^^^^^^^^^^^^^^^^^^^^^^^^^^^^^^^^^^^^^^^^^^^^^^^^^^^^^^^
     |
     = help: for further information visit https://rust-lang.github.io/rust-clippy/master/index.html#missing_errors_doc

warning: docs for function returning `Result` missing `# Errors` section
    --> crates/riley-cuda/src/graph.rs:3895:5
     |
3895 |     pub fn close(mut self) -> CudaResult<OwnedGraphResidualAddBf16Resources> {
     |     ^^^^^^^^^^^^^^^^^^^^^^^^^^^^^^^^^^^^^^^^^^^^^^^^^^^^^^^^^^^^^^^^^^^^^^^^
     |
     = help: for further information visit https://rust-lang.github.io/rust-clippy/master/index.html#missing_errors_doc

warning: item in documentation is missing backticks
    --> crates/riley-cuda/src/graph.rs:3917:40
     |
3917 | /// mutable spans, node updates, fused RMSNorm, and model/executor wiring stay
     |                                        ^^^^^^^
     |
     = help: for further information visit https://rust-lang.github.io/rust-clippy/master/index.html#doc_markdown
help: try
     |
3917 | /// mutable spans, node updates, fused `RMSNorm`, and model/executor wiring stay
     |                                        ~~~~~~~~~

warning: docs for function returning `Result` missing `# Errors` section
    --> crates/riley-cuda/src/graph.rs:3929:5
     |
3929 |     pub fn launch<'exec>(&'exec mut self) -> CudaResult<OwnedGraphResidualAddBf16Launch<'exec>> {
     |     ^^^^^^^^^^^^^^^^^^^^^^^^^^^^^^^^^^^^^^^^^^^^^^^^^^^^^^^^^^^^^^^^^^^^^^^^^^^^^^^^^^^^^^^^^^^
     |
     = help: for further information visit https://rust-lang.github.io/rust-clippy/master/index.html#missing_errors_doc

warning: the following explicit lifetimes could be elided: 'exec
    --> crates/riley-cuda/src/graph.rs:3929:19
     |
3929 |     pub fn launch<'exec>(&'exec mut self) -> CudaResult<OwnedGraphResidualAddBf16Launch<'exec>> {
     |                   ^^^^^   ^^^^^                                                         ^^^^^
     |
     = help: for further information visit https://rust-lang.github.io/rust-clippy/master/index.html#needless_lifetimes
help: elide the lifetimes
     |
3929 -     pub fn launch<'exec>(&'exec mut self) -> CudaResult<OwnedGraphResidualAddBf16Launch<'exec>> {
3929 +     pub fn launch(&mut self) -> CudaResult<OwnedGraphResidualAddBf16Launch<'_>> {
     |

warning: you seem to be trying to use `match` for destructuring a single pattern. Consider using `if let`
    --> crates/riley-cuda/src/graph.rs:3939:26
     |
3939 |               let native = match self.resources.as_mut() {
     |  __________________________^
3940 | |                 Some(resources) => self.native.launch(&mut resources.stream.native),
3941 | |                 None => {
3942 | |                     self.terminal = true;
...    |
3948 | |             };
     | |_____________^
     |
     = help: for further information visit https://rust-lang.github.io/rust-clippy/master/index.html#single_match_else
help: try
     |
3939 ~             let native = if let Some(resources) = self.resources.as_mut() { self.native.launch(&mut resources.stream.native) } else {
3940 +                 self.terminal = true;
3941 +                 return Err(CudaError::invalid_state(
3942 +                     OPERATION,
3943 +                     "the owned graph BF16 residual-add exec lost its captured resources",
3944 +                 ));
3945 ~             };
     |

warning: docs for function returning `Result` missing `# Errors` section
    --> crates/riley-cuda/src/graph.rs:3972:5
     |
3972 |     pub fn close(mut self) -> CudaResult<OwnedGraphResidualAddBf16Resources> {
     |     ^^^^^^^^^^^^^^^^^^^^^^^^^^^^^^^^^^^^^^^^^^^^^^^^^^^^^^^^^^^^^^^^^^^^^^^^
     |
     = help: for further information visit https://rust-lang.github.io/rust-clippy/master/index.html#missing_errors_doc

warning: docs for function returning `Result` missing `# Errors` section
    --> crates/riley-cuda/src/graph.rs:4008:5
     |
4008 |     pub fn finish(mut self) -> CudaResult<()> {
     |     ^^^^^^^^^^^^^^^^^^^^^^^^^^^^^^^^^^^^^^^^^
     |
     = help: for further information visit https://rust-lang.github.io/rust-clippy/master/index.html#missing_errors_doc

warning: item in documentation is missing backticks
    --> crates/riley-cuda/src/graph.rs:4096:20
     |
4096 | /// canonical BF16 RMSNorm graph lifecycle transition.
     |                    ^^^^^^^
     |
     = help: for further information visit https://rust-lang.github.io/rust-clippy/master/index.html#doc_markdown
help: try
     |
4096 | /// canonical BF16 `RMSNorm` graph lifecycle transition.
     |                    ~~~~~~~~~

warning: docs for function returning `Result` missing `# Errors` section
    --> crates/riley-cuda/src/graph.rs:4144:5
     |
4144 |     pub fn close(self) -> CudaResult<()> {
     |     ^^^^^^^^^^^^^^^^^^^^^^^^^^^^^^^^^^^^
     |
     = help: for further information visit https://rust-lang.github.io/rust-clippy/master/index.html#missing_errors_doc

warning: item in documentation is missing backticks
    --> crates/riley-cuda/src/graph.rs:4153:64
     |
4153 | /// Error from beginning an owned fixed-address canonical BF16 RMSNorm graph
     |                                                                ^^^^^^^
     |
     = help: for further information visit https://rust-lang.github.io/rust-clippy/master/index.html#doc_markdown
help: try
     |
4153 | /// Error from beginning an owned fixed-address canonical BF16 `RMSNorm` graph
     |                                                                ~~~~~~~~~

warning: item in documentation is missing backticks
    --> crates/riley-cuda/src/graph.rs:4222:5
     |
4222 | /// RMSNorm CUDA Graph capture.
     |     ^^^^^^^
     |
     = help: for further information visit https://rust-lang.github.io/rust-clippy/master/index.html#doc_markdown
help: try
     |
4222 | /// `RMSNorm` CUDA Graph capture.
     |     ~~~~~~~~~

warning: item in documentation is missing backticks
    --> crates/riley-cuda/src/graph.rs:4236:51
     |
4236 |     /// Captures the one immutable canonical BF16 RMSNorm node.
     |                                                   ^^^^^^^
     |
     = help: for further information visit https://rust-lang.github.io/rust-clippy/master/index.html#doc_markdown
help: try
     |
4236 |     /// Captures the one immutable canonical BF16 `RMSNorm` node.
     |                                                   ~~~~~~~~~

warning: docs for function returning `Result` missing `# Errors` section
    --> crates/riley-cuda/src/graph.rs:4237:5
     |
4237 |     pub fn enqueue_canonical_rms_norm_bf16(&mut self) -> CudaResult<()> {
     |     ^^^^^^^^^^^^^^^^^^^^^^^^^^^^^^^^^^^^^^^^^^^^^^^^^^^^^^^^^^^^^^^^^^^
     |
     = help: for further information visit https://rust-lang.github.io/rust-clippy/master/index.html#missing_errors_doc

warning: docs for function returning `Result` missing `# Errors` section
    --> crates/riley-cuda/src/graph.rs:4276:5
     |
4276 |     pub fn end(mut self) -> CudaResult<OwnedCapturedCanonicalRmsNormBf16Graph> {
     |     ^^^^^^^^^^^^^^^^^^^^^^^^^^^^^^^^^^^^^^^^^^^^^^^^^^^^^^^^^^^^^^^^^^^^^^^^^^
     |
     = help: for further information visit https://rust-lang.github.io/rust-clippy/master/index.html#missing_errors_doc

warning: docs for function returning `Result` missing `# Errors` section
    --> crates/riley-cuda/src/graph.rs:4321:5
     |
4321 |     pub fn abort(mut self) -> CudaResult<OwnedGraphCanonicalRmsNormBf16Resources> {
     |     ^^^^^^^^^^^^^^^^^^^^^^^^^^^^^^^^^^^^^^^^^^^^^^^^^^^^^^^^^^^^^^^^^^^^^^^^^^^^^
     |
     = help: for further information visit https://rust-lang.github.io/rust-clippy/master/index.html#missing_errors_doc

warning: item in documentation is missing backticks
    --> crates/riley-cuda/src/graph.rs:4358:43
     |
4358 | /// By-value fixed-address canonical BF16 RMSNorm CUDA Graph awaiting
     |                                           ^^^^^^^
     |
     = help: for further information visit https://rust-lang.github.io/rust-clippy/master/index.html#doc_markdown
help: try
     |
4358 | /// By-value fixed-address canonical BF16 `RMSNorm` CUDA Graph awaiting
     |                                           ~~~~~~~~~

warning: docs for function returning `Result` missing `# Errors` section
    --> crates/riley-cuda/src/graph.rs:4370:5
     |
4370 |     pub fn instantiate(mut self) -> CudaResult<OwnedGraphCanonicalRmsNormBf16Exec> {
     |     ^^^^^^^^^^^^^^^^^^^^^^^^^^^^^^^^^^^^^^^^^^^^^^^^^^^^^^^^^^^^^^^^^^^^^^^^^^^^^^
     |
     = help: for further information visit https://rust-lang.github.io/rust-clippy/master/index.html#missing_errors_doc

warning: docs for function returning `Result` missing `# Errors` section
    --> crates/riley-cuda/src/graph.rs:4396:5
     |
4396 |     pub fn close(mut self) -> CudaResult<OwnedGraphCanonicalRmsNormBf16Resources> {
     |     ^^^^^^^^^^^^^^^^^^^^^^^^^^^^^^^^^^^^^^^^^^^^^^^^^^^^^^^^^^^^^^^^^^^^^^^^^^^^^
     |
     = help: for further information visit https://rust-lang.github.io/rust-clippy/master/index.html#missing_errors_doc

warning: item in documentation is missing backticks
    --> crates/riley-cuda/src/graph.rs:4415:43
     |
4415 | /// By-value fixed-address canonical BF16 RMSNorm CUDA Graph executable.
     |                                           ^^^^^^^
     |
     = help: for further information visit https://rust-lang.github.io/rust-clippy/master/index.html#doc_markdown
help: try
     |
4415 | /// By-value fixed-address canonical BF16 `RMSNorm` CUDA Graph executable.
     |                                           ~~~~~~~~~

warning: item in documentation is missing backticks
    --> crates/riley-cuda/src/graph.rs:4417:52
     |
4417 | /// It replays only the capture-time generic eager RMSNorm input and weight
     |                                                    ^^^^^^^
     |
     = help: for further information visit https://rust-lang.github.io/rust-clippy/master/index.html#doc_markdown
help: try
     |
4417 | /// It replays only the capture-time generic eager `RMSNorm` input and weight
     |                                                    ~~~~~~~~~

warning: item in documentation is missing backticks
    --> crates/riley-cuda/src/graph.rs:4418:18
     |
4418 | /// allocations. SmolLM2 and Fixed37 profiles, fused RMSNorm, C07 executor
     |                  ^^^^^^^
     |
     = help: for further information visit https://rust-lang.github.io/rust-clippy/master/index.html#doc_markdown
help: try
     |
4418 | /// allocations. `SmolLM2` and Fixed37 profiles, fused RMSNorm, C07 executor
     |                  ~~~~~~~~~

warning: item in documentation is missing backticks
    --> crates/riley-cuda/src/graph.rs:4418:54
     |
4418 | /// allocations. SmolLM2 and Fixed37 profiles, fused RMSNorm, C07 executor
     |                                                      ^^^^^^^
     |
     = help: for further information visit https://rust-lang.github.io/rust-clippy/master/index.html#doc_markdown
help: try
     |
4418 | /// allocations. SmolLM2 and Fixed37 profiles, fused `RMSNorm`, C07 executor
     |                                                      ~~~~~~~~~

warning: item in documentation is missing backticks
    --> crates/riley-cuda/src/graph.rs:4430:50
     |
4430 |     /// Replays the fixed-address canonical BF16 RMSNorm graph once.
     |                                                  ^^^^^^^
     |
     = help: for further information visit https://rust-lang.github.io/rust-clippy/master/index.html#doc_markdown
help: try
     |
4430 |     /// Replays the fixed-address canonical BF16 `RMSNorm` graph once.
     |                                                  ~~~~~~~~~

warning: docs for function returning `Result` missing `# Errors` section
    --> crates/riley-cuda/src/graph.rs:4431:5
     |
4431 | /     pub fn launch<'exec>(
4432 | |         &'exec mut self,
4433 | |     ) -> CudaResult<OwnedGraphCanonicalRmsNormBf16Launch<'exec>> {
     | |________________________________________________________________^
     |
     = help: for further information visit https://rust-lang.github.io/rust-clippy/master/index.html#missing_errors_doc

warning: the following explicit lifetimes could be elided: 'exec
    --> crates/riley-cuda/src/graph.rs:4431:19
     |
4431 |     pub fn launch<'exec>(
     |                   ^^^^^
4432 |         &'exec mut self,
     |          ^^^^^
4433 |     ) -> CudaResult<OwnedGraphCanonicalRmsNormBf16Launch<'exec>> {
     |                                                          ^^^^^
     |
     = help: for further information visit https://rust-lang.github.io/rust-clippy/master/index.html#needless_lifetimes
help: elide the lifetimes
     |
4431 ~     pub fn launch(
4432 ~         &mut self,
4433 ~     ) -> CudaResult<OwnedGraphCanonicalRmsNormBf16Launch<'_>> {
     |

warning: you seem to be trying to use `match` for destructuring a single pattern. Consider using `if let`
    --> crates/riley-cuda/src/graph.rs:4443:26
     |
4443 |               let native = match self.resources.as_mut() {
     |  __________________________^
4444 | |                 Some(resources) => self.native.launch(&mut resources.stream.native),
4445 | |                 None => {
4446 | |                     self.terminal = true;
...    |
4452 | |             };
     | |_____________^
     |
     = help: for further information visit https://rust-lang.github.io/rust-clippy/master/index.html#single_match_else
help: try
     |
4443 ~             let native = if let Some(resources) = self.resources.as_mut() { self.native.launch(&mut resources.stream.native) } else {
4444 +                 self.terminal = true;
4445 +                 return Err(CudaError::invalid_state(
4446 +                     OPERATION,
4447 +                     "the owned graph canonical BF16 RMSNorm exec lost its captured resources",
4448 +                 ));
4449 ~             };
     |

warning: docs for function returning `Result` missing `# Errors` section
    --> crates/riley-cuda/src/graph.rs:4476:5
     |
4476 |     pub fn close(mut self) -> CudaResult<OwnedGraphCanonicalRmsNormBf16Resources> {
     |     ^^^^^^^^^^^^^^^^^^^^^^^^^^^^^^^^^^^^^^^^^^^^^^^^^^^^^^^^^^^^^^^^^^^^^^^^^^^^^
     |
     = help: for further information visit https://rust-lang.github.io/rust-clippy/master/index.html#missing_errors_doc

warning: docs for function returning `Result` missing `# Errors` section
    --> crates/riley-cuda/src/graph.rs:4512:5
     |
4512 |     pub fn finish(mut self) -> CudaResult<()> {
     |     ^^^^^^^^^^^^^^^^^^^^^^^^^^^^^^^^^^^^^^^^^
     |
     = help: for further information visit https://rust-lang.github.io/rust-clippy/master/index.html#missing_errors_doc

warning: this function has too many arguments (8/7)
    --> crates/riley-cuda/src/graph.rs:4559:1
     |
4559 | / fn validate_graph_canonical_rms_norm_bf16_capture_preflight(
4560 | |     stream: &CudaStream,
4561 | |     input: &CudaDeviceBuffer,
4562 | |     weight: &CudaDeviceBuffer,
...    |
4567 | |     operation: &'static str,
4568 | | ) -> CudaResult<()> {
     | |___________________^
     |
     = help: for further information visit https://rust-lang.github.io/rust-clippy/master/index.html#too_many_arguments

warning: docs for function returning `Result` missing `# Errors` section
    --> crates/riley-cuda/src/graph.rs:4656:5
     |
4656 |     pub fn close(self) -> CudaResult<()> {
     |     ^^^^^^^^^^^^^^^^^^^^^^^^^^^^^^^^^^^^
     |
     = help: for further information visit https://rust-lang.github.io/rust-clippy/master/index.html#missing_errors_doc

warning: docs for function returning `Result` missing `# Errors` section
    --> crates/riley-cuda/src/graph.rs:4748:5
     |
4748 |     pub fn enqueue_bf16_argmax(&mut self) -> CudaResult<()> {
     |     ^^^^^^^^^^^^^^^^^^^^^^^^^^^^^^^^^^^^^^^^^^^^^^^^^^^^^^^
     |
     = help: for further information visit https://rust-lang.github.io/rust-clippy/master/index.html#missing_errors_doc

warning: docs for function returning `Result` missing `# Errors` section
    --> crates/riley-cuda/src/graph.rs:4786:5
     |
4786 |     pub fn end(mut self) -> CudaResult<OwnedCapturedBf16ArgmaxGraph> {
     |     ^^^^^^^^^^^^^^^^^^^^^^^^^^^^^^^^^^^^^^^^^^^^^^^^^^^^^^^^^^^^^^^^
     |
     = help: for further information visit https://rust-lang.github.io/rust-clippy/master/index.html#missing_errors_doc

warning: docs for function returning `Result` missing `# Errors` section
    --> crates/riley-cuda/src/graph.rs:4830:5
     |
4830 |     pub fn abort(mut self) -> CudaResult<OwnedGraphBf16ArgmaxResources> {
     |     ^^^^^^^^^^^^^^^^^^^^^^^^^^^^^^^^^^^^^^^^^^^^^^^^^^^^^^^^^^^^^^^^^^^
     |
     = help: for further information visit https://rust-lang.github.io/rust-clippy/master/index.html#missing_errors_doc

warning: docs for function returning `Result` missing `# Errors` section
    --> crates/riley-cuda/src/graph.rs:4877:5
     |
4877 |     pub fn instantiate(mut self) -> CudaResult<OwnedGraphBf16ArgmaxExec> {
     |     ^^^^^^^^^^^^^^^^^^^^^^^^^^^^^^^^^^^^^^^^^^^^^^^^^^^^^^^^^^^^^^^^^^^^
     |
     = help: for further information visit https://rust-lang.github.io/rust-clippy/master/index.html#missing_errors_doc

warning: docs for function returning `Result` missing `# Errors` section
    --> crates/riley-cuda/src/graph.rs:4903:5
     |
4903 |     pub fn close(mut self) -> CudaResult<OwnedGraphBf16ArgmaxResources> {
     |     ^^^^^^^^^^^^^^^^^^^^^^^^^^^^^^^^^^^^^^^^^^^^^^^^^^^^^^^^^^^^^^^^^^^
     |
     = help: for further information visit https://rust-lang.github.io/rust-clippy/master/index.html#missing_errors_doc

warning: docs for function returning `Result` missing `# Errors` section
    --> crates/riley-cuda/src/graph.rs:4938:5
     |
4938 |     pub fn launch<'exec>(&'exec mut self) -> CudaResult<OwnedGraphBf16ArgmaxLaunch<'exec>> {
     |     ^^^^^^^^^^^^^^^^^^^^^^^^^^^^^^^^^^^^^^^^^^^^^^^^^^^^^^^^^^^^^^^^^^^^^^^^^^^^^^^^^^^^^^
     |
     = help: for further information visit https://rust-lang.github.io/rust-clippy/master/index.html#missing_errors_doc

warning: the following explicit lifetimes could be elided: 'exec
    --> crates/riley-cuda/src/graph.rs:4938:19
     |
4938 |     pub fn launch<'exec>(&'exec mut self) -> CudaResult<OwnedGraphBf16ArgmaxLaunch<'exec>> {
     |                   ^^^^^   ^^^^^                                                    ^^^^^
     |
     = help: for further information visit https://rust-lang.github.io/rust-clippy/master/index.html#needless_lifetimes
help: elide the lifetimes
     |
4938 -     pub fn launch<'exec>(&'exec mut self) -> CudaResult<OwnedGraphBf16ArgmaxLaunch<'exec>> {
4938 +     pub fn launch(&mut self) -> CudaResult<OwnedGraphBf16ArgmaxLaunch<'_>> {
     |

warning: you seem to be trying to use `match` for destructuring a single pattern. Consider using `if let`
    --> crates/riley-cuda/src/graph.rs:4948:26
     |
4948 |               let native = match self.resources.as_mut() {
     |  __________________________^
4949 | |                 Some(resources) => self.native.launch(&mut resources.stream.native),
4950 | |                 None => {
4951 | |                     self.terminal = true;
...    |
4957 | |             };
     | |_____________^
     |
     = help: for further information visit https://rust-lang.github.io/rust-clippy/master/index.html#single_match_else
help: try
     |
4948 ~             let native = if let Some(resources) = self.resources.as_mut() { self.native.launch(&mut resources.stream.native) } else {
4949 +                 self.terminal = true;
4950 +                 return Err(CudaError::invalid_state(
4951 +                     OPERATION,
4952 +                     "the owned graph deterministic BF16 argmax exec lost its captured resources",
4953 +                 ));
4954 ~             };
     |

warning: docs for function returning `Result` missing `# Errors` section
    --> crates/riley-cuda/src/graph.rs:4981:5
     |
4981 |     pub fn close(mut self) -> CudaResult<OwnedGraphBf16ArgmaxResources> {
     |     ^^^^^^^^^^^^^^^^^^^^^^^^^^^^^^^^^^^^^^^^^^^^^^^^^^^^^^^^^^^^^^^^^^^
     |
     = help: for further information visit https://rust-lang.github.io/rust-clippy/master/index.html#missing_errors_doc

warning: docs for function returning `Result` missing `# Errors` section
    --> crates/riley-cuda/src/graph.rs:5015:5
     |
5015 |     pub fn finish(mut self) -> CudaResult<()> {
     |     ^^^^^^^^^^^^^^^^^^^^^^^^^^^^^^^^^^^^^^^^^
     |
     = help: for further information visit https://rust-lang.github.io/rust-clippy/master/index.html#missing_errors_doc

warning: docs for function returning `Result` missing `# Errors` section
    --> crates/riley-cuda/src/graph.rs:5180:5
     |
5180 |     pub fn close(self) -> CudaResult<()> {
     |     ^^^^^^^^^^^^^^^^^^^^^^^^^^^^^^^^^^^^
     |
     = help: for further information visit https://rust-lang.github.io/rust-clippy/master/index.html#missing_errors_doc

warning: docs for function returning `Result` missing `# Errors` section
    --> crates/riley-cuda/src/graph.rs:5272:5
     |
5272 |     pub fn enqueue_bf16_row_gather(&mut self) -> CudaResult<()> {
     |     ^^^^^^^^^^^^^^^^^^^^^^^^^^^^^^^^^^^^^^^^^^^^^^^^^^^^^^^^^^^
     |
     = help: for further information visit https://rust-lang.github.io/rust-clippy/master/index.html#missing_errors_doc

warning: docs for function returning `Result` missing `# Errors` section
    --> crates/riley-cuda/src/graph.rs:5310:5
     |
5310 |     pub fn end(mut self) -> CudaResult<OwnedCapturedBf16RowGatherGraph> {
     |     ^^^^^^^^^^^^^^^^^^^^^^^^^^^^^^^^^^^^^^^^^^^^^^^^^^^^^^^^^^^^^^^^^^^
     |
     = help: for further information visit https://rust-lang.github.io/rust-clippy/master/index.html#missing_errors_doc

warning: docs for function returning `Result` missing `# Errors` section
    --> crates/riley-cuda/src/graph.rs:5355:5
     |
5355 |     pub fn abort(mut self) -> CudaResult<OwnedGraphBf16RowGatherResources> {
     |     ^^^^^^^^^^^^^^^^^^^^^^^^^^^^^^^^^^^^^^^^^^^^^^^^^^^^^^^^^^^^^^^^^^^^^^
     |
     = help: for further information visit https://rust-lang.github.io/rust-clippy/master/index.html#missing_errors_doc

warning: docs for function returning `Result` missing `# Errors` section
    --> crates/riley-cuda/src/graph.rs:5404:5
     |
5404 |     pub fn instantiate(mut self) -> CudaResult<OwnedGraphBf16RowGatherExec> {
     |     ^^^^^^^^^^^^^^^^^^^^^^^^^^^^^^^^^^^^^^^^^^^^^^^^^^^^^^^^^^^^^^^^^^^^^^^
     |
     = help: for further information visit https://rust-lang.github.io/rust-clippy/master/index.html#missing_errors_doc

warning: docs for function returning `Result` missing `# Errors` section
    --> crates/riley-cuda/src/graph.rs:5430:5
     |
5430 |     pub fn close(mut self) -> CudaResult<OwnedGraphBf16RowGatherResources> {
     |     ^^^^^^^^^^^^^^^^^^^^^^^^^^^^^^^^^^^^^^^^^^^^^^^^^^^^^^^^^^^^^^^^^^^^^^
     |
     = help: for further information visit https://rust-lang.github.io/rust-clippy/master/index.html#missing_errors_doc

warning: docs for function returning `Result` missing `# Errors` section
    --> crates/riley-cuda/src/graph.rs:5465:5
     |
5465 |     pub fn launch<'exec>(&'exec mut self) -> CudaResult<OwnedGraphBf16RowGatherLaunch<'exec>> {
     |     ^^^^^^^^^^^^^^^^^^^^^^^^^^^^^^^^^^^^^^^^^^^^^^^^^^^^^^^^^^^^^^^^^^^^^^^^^^^^^^^^^^^^^^^^^
     |
     = help: for further information visit https://rust-lang.github.io/rust-clippy/master/index.html#missing_errors_doc

warning: the following explicit lifetimes could be elided: 'exec
    --> crates/riley-cuda/src/graph.rs:5465:19
     |
5465 |     pub fn launch<'exec>(&'exec mut self) -> CudaResult<OwnedGraphBf16RowGatherLaunch<'exec>> {
     |                   ^^^^^   ^^^^^                                                       ^^^^^
     |
     = help: for further information visit https://rust-lang.github.io/rust-clippy/master/index.html#needless_lifetimes
help: elide the lifetimes
     |
5465 -     pub fn launch<'exec>(&'exec mut self) -> CudaResult<OwnedGraphBf16RowGatherLaunch<'exec>> {
5465 +     pub fn launch(&mut self) -> CudaResult<OwnedGraphBf16RowGatherLaunch<'_>> {
     |

warning: you seem to be trying to use `match` for destructuring a single pattern. Consider using `if let`
    --> crates/riley-cuda/src/graph.rs:5475:26
     |
5475 |               let native = match self.resources.as_mut() {
     |  __________________________^
5476 | |                 Some(resources) => self.native.launch(&mut resources.stream.native),
5477 | |                 None => {
5478 | |                     self.terminal = true;
...    |
5484 | |             };
     | |_____________^
     |
     = help: for further information visit https://rust-lang.github.io/rust-clippy/master/index.html#single_match_else
help: try
     |
5475 ~             let native = if let Some(resources) = self.resources.as_mut() { self.native.launch(&mut resources.stream.native) } else {
5476 +                 self.terminal = true;
5477 +                 return Err(CudaError::invalid_state(
5478 +                     OPERATION,
5479 +                     "the owned graph BF16 row-gather exec lost its captured resources",
5480 +                 ));
5481 ~             };
     |

warning: docs for function returning `Result` missing `# Errors` section
    --> crates/riley-cuda/src/graph.rs:5508:5
     |
5508 |     pub fn close(mut self) -> CudaResult<OwnedGraphBf16RowGatherResources> {
     |     ^^^^^^^^^^^^^^^^^^^^^^^^^^^^^^^^^^^^^^^^^^^^^^^^^^^^^^^^^^^^^^^^^^^^^^
     |
     = help: for further information visit https://rust-lang.github.io/rust-clippy/master/index.html#missing_errors_doc

warning: docs for function returning `Result` missing `# Errors` section
    --> crates/riley-cuda/src/graph.rs:5542:5
     |
5542 |     pub fn finish(mut self) -> CudaResult<()> {
     |     ^^^^^^^^^^^^^^^^^^^^^^^^^^^^^^^^^^^^^^^^^
     |
     = help: for further information visit https://rust-lang.github.io/rust-clippy/master/index.html#missing_errors_doc

warning: this function has too many arguments (9/7)
    --> crates/riley-cuda/src/graph.rs:5589:1
     |
5589 | / fn validate_graph_bf16_row_gather_capture_preflight(
5590 | |     stream: &CudaStream,
5591 | |     input: &CudaDeviceBuffer,
5592 | |     row_indices: &CudaDeviceBuffer,
...    |
5598 | |     operation: &'static str,
5599 | | ) -> CudaResult<()> {
     | |___________________^
     |
     = help: for further information visit https://rust-lang.github.io/rust-clippy/master/index.html#too_many_arguments

warning: docs for function returning `Result` missing `# Errors` section
    --> crates/riley-cuda/src/graph.rs:5752:5
     |
5752 |     pub fn close(self) -> CudaResult<()> {
     |     ^^^^^^^^^^^^^^^^^^^^^^^^^^^^^^^^^^^^
     |
     = help: for further information visit https://rust-lang.github.io/rust-clippy/master/index.html#missing_errors_doc

warning: docs for function returning `Result` missing `# Errors` section
    --> crates/riley-cuda/src/graph.rs:5847:5
     |
5847 |     pub fn enqueue_bf16_row_gather_argmax(&mut self) -> CudaResult<()> {
     |     ^^^^^^^^^^^^^^^^^^^^^^^^^^^^^^^^^^^^^^^^^^^^^^^^^^^^^^^^^^^^^^^^^^
     |
     = help: for further information visit https://rust-lang.github.io/rust-clippy/master/index.html#missing_errors_doc

warning: docs for function returning `Result` missing `# Errors` section
    --> crates/riley-cuda/src/graph.rs:5889:5
     |
5889 |     pub fn end(mut self) -> CudaResult<OwnedCapturedBf16RowGatherArgmaxGraph> {
     |     ^^^^^^^^^^^^^^^^^^^^^^^^^^^^^^^^^^^^^^^^^^^^^^^^^^^^^^^^^^^^^^^^^^^^^^^^^
     |
     = help: for further information visit https://rust-lang.github.io/rust-clippy/master/index.html#missing_errors_doc

warning: docs for function returning `Result` missing `# Errors` section
    --> crates/riley-cuda/src/graph.rs:5934:5
     |
5934 |     pub fn abort(mut self) -> CudaResult<OwnedGraphBf16RowGatherArgmaxResources> {
     |     ^^^^^^^^^^^^^^^^^^^^^^^^^^^^^^^^^^^^^^^^^^^^^^^^^^^^^^^^^^^^^^^^^^^^^^^^^^^^
     |
     = help: for further information visit https://rust-lang.github.io/rust-clippy/master/index.html#missing_errors_doc

warning: docs for function returning `Result` missing `# Errors` section
    --> crates/riley-cuda/src/graph.rs:5983:5
     |
5983 |     pub fn instantiate(mut self) -> CudaResult<OwnedGraphBf16RowGatherArgmaxExec> {
     |     ^^^^^^^^^^^^^^^^^^^^^^^^^^^^^^^^^^^^^^^^^^^^^^^^^^^^^^^^^^^^^^^^^^^^^^^^^^^^^
     |
     = help: for further information visit https://rust-lang.github.io/rust-clippy/master/index.html#missing_errors_doc

warning: docs for function returning `Result` missing `# Errors` section
    --> crates/riley-cuda/src/graph.rs:6009:5
     |
6009 |     pub fn close(mut self) -> CudaResult<OwnedGraphBf16RowGatherArgmaxResources> {
     |     ^^^^^^^^^^^^^^^^^^^^^^^^^^^^^^^^^^^^^^^^^^^^^^^^^^^^^^^^^^^^^^^^^^^^^^^^^^^^
     |
     = help: for further information visit https://rust-lang.github.io/rust-clippy/master/index.html#missing_errors_doc

warning: docs for function returning `Result` missing `# Errors` section
    --> crates/riley-cuda/src/graph.rs:6046:5
     |
6046 | /     pub fn launch<'exec>(
6047 | |         &'exec mut self,
6048 | |     ) -> CudaResult<OwnedGraphBf16RowGatherArgmaxLaunch<'exec>> {
     | |_______________________________________________________________^
     |
     = help: for further information visit https://rust-lang.github.io/rust-clippy/master/index.html#missing_errors_doc

warning: the following explicit lifetimes could be elided: 'exec
    --> crates/riley-cuda/src/graph.rs:6046:19
     |
6046 |     pub fn launch<'exec>(
     |                   ^^^^^
6047 |         &'exec mut self,
     |          ^^^^^
6048 |     ) -> CudaResult<OwnedGraphBf16RowGatherArgmaxLaunch<'exec>> {
     |                                                         ^^^^^
     |
     = help: for further information visit https://rust-lang.github.io/rust-clippy/master/index.html#needless_lifetimes
help: elide the lifetimes
     |
6046 ~     pub fn launch(
6047 ~         &mut self,
6048 ~     ) -> CudaResult<OwnedGraphBf16RowGatherArgmaxLaunch<'_>> {
     |

warning: you seem to be trying to use `match` for destructuring a single pattern. Consider using `if let`
    --> crates/riley-cuda/src/graph.rs:6058:26
     |
6058 |               let native = match self.resources.as_mut() {
     |  __________________________^
6059 | |                 Some(resources) => self.native.launch(&mut resources.stream.native),
6060 | |                 None => {
6061 | |                     self.terminal = true;
...    |
6067 | |             };
     | |_____________^
     |
     = help: for further information visit https://rust-lang.github.io/rust-clippy/master/index.html#single_match_else
help: try
     |
6058 ~             let native = if let Some(resources) = self.resources.as_mut() { self.native.launch(&mut resources.stream.native) } else {
6059 +                 self.terminal = true;
6060 +                 return Err(CudaError::invalid_state(
6061 +                     OPERATION,
6062 +                     "the owned graph BF16 row-gather -> argmax exec lost its captured resources",
6063 +                 ));
6064 ~             };
     |

warning: docs for function returning `Result` missing `# Errors` section
    --> crates/riley-cuda/src/graph.rs:6091:5
     |
6091 |     pub fn close(mut self) -> CudaResult<OwnedGraphBf16RowGatherArgmaxResources> {
     |     ^^^^^^^^^^^^^^^^^^^^^^^^^^^^^^^^^^^^^^^^^^^^^^^^^^^^^^^^^^^^^^^^^^^^^^^^^^^^
     |
     = help: for further information visit https://rust-lang.github.io/rust-clippy/master/index.html#missing_errors_doc

warning: docs for function returning `Result` missing `# Errors` section
    --> crates/riley-cuda/src/graph.rs:6127:5
     |
6127 |     pub fn finish(mut self) -> CudaResult<()> {
     |     ^^^^^^^^^^^^^^^^^^^^^^^^^^^^^^^^^^^^^^^^^
     |
     = help: for further information visit https://rust-lang.github.io/rust-clippy/master/index.html#missing_errors_doc

warning: this function has too many arguments (10/7)
    --> crates/riley-cuda/src/graph.rs:6174:1
     |
6174 | / fn validate_graph_bf16_row_gather_argmax_capture_preflight(
6175 | |     stream: &CudaStream,
6176 | |     input: &CudaDeviceBuffer,
6177 | |     row_indices: &CudaDeviceBuffer,
...    |
6184 | |     operation: &'static str,
6185 | | ) -> CudaResult<()> {
     | |___________________^
     |
     = help: for further information visit https://rust-lang.github.io/rust-clippy/master/index.html#too_many_arguments

warning: this function has too many lines (120/100)
    --> crates/riley-cuda/src/graph.rs:6174:1
     |
6174 | / fn validate_graph_bf16_row_gather_argmax_capture_preflight(
6175 | |     stream: &CudaStream,
6176 | |     input: &CudaDeviceBuffer,
6177 | |     row_indices: &CudaDeviceBuffer,
...    |
6308 | |     Ok(())
6309 | | }
     | |_^
     |
     = help: for further information visit https://rust-lang.github.io/rust-clippy/master/index.html#too_many_lines
     = note: `-W clippy::too-many-lines` implied by `-W clippy::pedantic`
     = help: to override `-W clippy::pedantic` add `#[allow(clippy::too_many_lines)]`

warning: docs for function returning `Result` missing `# Errors` section
    --> crates/riley-cuda/src/graph.rs:6377:5
     |
6377 |     pub fn close(self) -> CudaResult<()> {
     |     ^^^^^^^^^^^^^^^^^^^^^^^^^^^^^^^^^^^^
     |
     = help: for further information visit https://rust-lang.github.io/rust-clippy/master/index.html#missing_errors_doc

warning: docs for function returning `Result` missing `# Errors` section
    --> crates/riley-cuda/src/graph.rs:6470:5
     |
6470 |     pub fn enqueue_bf16_row_gather_argmax_d2h(&mut self) -> CudaResult<()> {
     |     ^^^^^^^^^^^^^^^^^^^^^^^^^^^^^^^^^^^^^^^^^^^^^^^^^^^^^^^^^^^^^^^^^^^^^^
     |
     = help: for further information visit https://rust-lang.github.io/rust-clippy/master/index.html#missing_errors_doc

warning: docs for function returning `Result` missing `# Errors` section
    --> crates/riley-cuda/src/graph.rs:6510:5
     |
6510 |     pub fn end(mut self) -> CudaResult<OwnedCapturedBf16RowGatherArgmaxD2HGraph> {
     |     ^^^^^^^^^^^^^^^^^^^^^^^^^^^^^^^^^^^^^^^^^^^^^^^^^^^^^^^^^^^^^^^^^^^^^^^^^^^^
     |
     = help: for further information visit https://rust-lang.github.io/rust-clippy/master/index.html#missing_errors_doc

warning: docs for function returning `Result` missing `# Errors` section
    --> crates/riley-cuda/src/graph.rs:6556:5
     |
6556 |     pub fn abort(mut self) -> CudaResult<OwnedGraphBf16RowGatherArgmaxD2HResources> {
     |     ^^^^^^^^^^^^^^^^^^^^^^^^^^^^^^^^^^^^^^^^^^^^^^^^^^^^^^^^^^^^^^^^^^^^^^^^^^^^^^^
     |
     = help: for further information visit https://rust-lang.github.io/rust-clippy/master/index.html#missing_errors_doc

warning: docs for function returning `Result` missing `# Errors` section
    --> crates/riley-cuda/src/graph.rs:6603:5
     |
6603 |     pub fn instantiate(mut self) -> CudaResult<OwnedGraphBf16RowGatherArgmaxD2HExec> {
     |     ^^^^^^^^^^^^^^^^^^^^^^^^^^^^^^^^^^^^^^^^^^^^^^^^^^^^^^^^^^^^^^^^^^^^^^^^^^^^^^^^
     |
     = help: for further information visit https://rust-lang.github.io/rust-clippy/master/index.html#missing_errors_doc

warning: docs for function returning `Result` missing `# Errors` section
    --> crates/riley-cuda/src/graph.rs:6628:5
     |
6628 |     pub fn close(mut self) -> CudaResult<OwnedGraphBf16RowGatherArgmaxD2HResources> {
     |     ^^^^^^^^^^^^^^^^^^^^^^^^^^^^^^^^^^^^^^^^^^^^^^^^^^^^^^^^^^^^^^^^^^^^^^^^^^^^^^^
     |
     = help: for further information visit https://rust-lang.github.io/rust-clippy/master/index.html#missing_errors_doc

warning: docs for function returning `Result` missing `# Errors` section
    --> crates/riley-cuda/src/graph.rs:6662:5
     |
6662 | /     pub fn launch<'exec>(
6663 | |         &'exec mut self,
6664 | |     ) -> CudaResult<OwnedGraphBf16RowGatherArgmaxD2HLaunch<'exec>> {
     | |__________________________________________________________________^
     |
     = help: for further information visit https://rust-lang.github.io/rust-clippy/master/index.html#missing_errors_doc

warning: the following explicit lifetimes could be elided: 'exec
    --> crates/riley-cuda/src/graph.rs:6662:19
     |
6662 |     pub fn launch<'exec>(
     |                   ^^^^^
6663 |         &'exec mut self,
     |          ^^^^^
6664 |     ) -> CudaResult<OwnedGraphBf16RowGatherArgmaxD2HLaunch<'exec>> {
     |                                                            ^^^^^
     |
     = help: for further information visit https://rust-lang.github.io/rust-clippy/master/index.html#needless_lifetimes
help: elide the lifetimes
     |
6662 ~     pub fn launch(
6663 ~         &mut self,
6664 ~     ) -> CudaResult<OwnedGraphBf16RowGatherArgmaxD2HLaunch<'_>> {
     |

warning: you seem to be trying to use `match` for destructuring a single pattern. Consider using `if let`
    --> crates/riley-cuda/src/graph.rs:6674:26
     |
6674 |               let native = match self.resources.as_mut() {
     |  __________________________^
6675 | |                 Some(resources) => self.native.launch(&mut resources.stream.native),
6676 | |                 None => {
6677 | |                     self.terminal = true;
...    |
6683 | |             };
     | |_____________^
     |
     = help: for further information visit https://rust-lang.github.io/rust-clippy/master/index.html#single_match_else
help: try
     |
6674 ~             let native = if let Some(resources) = self.resources.as_mut() { self.native.launch(&mut resources.stream.native) } else {
6675 +                 self.terminal = true;
6676 +                 return Err(CudaError::invalid_state(
6677 +                     OPERATION,
6678 +                     "the owned graph BF16 row-gather -> argmax -> D2H exec lost its captured resources",
6679 +                 ));
6680 ~             };
     |

warning: docs for function returning `Result` missing `# Errors` section
    --> crates/riley-cuda/src/graph.rs:6706:5
     |
6706 |     pub fn close(mut self) -> CudaResult<OwnedGraphBf16RowGatherArgmaxD2HResources> {
     |     ^^^^^^^^^^^^^^^^^^^^^^^^^^^^^^^^^^^^^^^^^^^^^^^^^^^^^^^^^^^^^^^^^^^^^^^^^^^^^^^
     |
     = help: for further information visit https://rust-lang.github.io/rust-clippy/master/index.html#missing_errors_doc

warning: docs for function returning `Result` missing `# Errors` section
    --> crates/riley-cuda/src/graph.rs:6745:5
     |
6745 |     pub fn finish(mut self) -> CudaResult<OwnedGraphBf16RowGatherArgmaxD2HCompletion<'exec>> {
     |     ^^^^^^^^^^^^^^^^^^^^^^^^^^^^^^^^^^^^^^^^^^^^^^^^^^^^^^^^^^^^^^^^^^^^^^^^^^^^^^^^^^^^^^^^
     |
     = help: for further information visit https://rust-lang.github.io/rust-clippy/master/index.html#missing_errors_doc

warning: docs for function returning `Result` missing `# Errors` section
    --> crates/riley-cuda/src/graph.rs:6811:5
     |
6811 |     pub fn read_result_bytes(&mut self, destination: &mut [u8]) -> CudaResult<()> {
     |     ^^^^^^^^^^^^^^^^^^^^^^^^^^^^^^^^^^^^^^^^^^^^^^^^^^^^^^^^^^^^^^^^^^^^^^^^^^^^^
     |
     = help: for further information visit https://rust-lang.github.io/rust-clippy/master/index.html#missing_errors_doc

warning: you seem to be trying to use `match` for destructuring a single pattern. Consider using `if let`
    --> crates/riley-cuda/src/graph.rs:6819:28
     |
6819 |           let expected_len = match self.exec.resources.as_ref() {
     |  ____________________________^
6820 | |             Some(resources) => resources.pinned_results.byte_len(),
6821 | |             None => {
6822 | |                 self.exec.terminal = true;
...    |
6828 | |         };
     | |_________^
     |
     = help: for further information visit https://rust-lang.github.io/rust-clippy/master/index.html#single_match_else
help: try
     |
6819 ~         let expected_len = if let Some(resources) = self.exec.resources.as_ref() { resources.pinned_results.byte_len() } else {
6820 +             self.exec.terminal = true;
6821 +             return Err(CudaError::invalid_state(
6822 +                 OPERATION,
6823 +                 "the graph executable lost its retained pinned result allocation",
6824 +             ));
6825 ~         };
     |

warning: this function has too many arguments (11/7)
    --> crates/riley-cuda/src/graph.rs:6877:1
     |
6877 | / fn validate_graph_bf16_row_gather_argmax_d2h_capture_preflight(
6878 | |     stream: &CudaStream,
6879 | |     input: &CudaDeviceBuffer,
6880 | |     row_indices: &CudaDeviceBuffer,
...    |
6888 | |     operation: &'static str,
6889 | | ) -> CudaResult<()> {
     | |___________________^
     |
     = help: for further information visit https://rust-lang.github.io/rust-clippy/master/index.html#too_many_arguments

warning: this function has too many lines (133/100)
    --> crates/riley-cuda/src/graph.rs:6877:1
     |
6877 | / fn validate_graph_bf16_row_gather_argmax_d2h_capture_preflight(
6878 | |     stream: &CudaStream,
6879 | |     input: &CudaDeviceBuffer,
6880 | |     row_indices: &CudaDeviceBuffer,
...    |
7025 | |     Ok(())
7026 | | }
     | |_^
     |
     = help: for further information visit https://rust-lang.github.io/rust-clippy/master/index.html#too_many_lines

warning: docs for function returning `Result` missing `# Errors` section
    --> crates/riley-cuda/src/graph.rs:7087:5
     |
7087 |     pub fn close(self) -> CudaResult<()> {
     |     ^^^^^^^^^^^^^^^^^^^^^^^^^^^^^^^^^^^^
     |
     = help: for further information visit https://rust-lang.github.io/rust-clippy/master/index.html#missing_errors_doc

warning: docs for function returning `Result` missing `# Errors` section
    --> crates/riley-cuda/src/graph.rs:7182:5
     |
7182 |     pub fn enqueue_indexed_rope_bf16(&mut self) -> CudaResult<()> {
     |     ^^^^^^^^^^^^^^^^^^^^^^^^^^^^^^^^^^^^^^^^^^^^^^^^^^^^^^^^^^^^^
     |
     = help: for further information visit https://rust-lang.github.io/rust-clippy/master/index.html#missing_errors_doc

warning: docs for function returning `Result` missing `# Errors` section
    --> crates/riley-cuda/src/graph.rs:7220:5
     |
7220 |     pub fn end(mut self) -> CudaResult<OwnedCapturedIndexedRopeBf16Graph> {
     |     ^^^^^^^^^^^^^^^^^^^^^^^^^^^^^^^^^^^^^^^^^^^^^^^^^^^^^^^^^^^^^^^^^^^^^
     |
     = help: for further information visit https://rust-lang.github.io/rust-clippy/master/index.html#missing_errors_doc

warning: docs for function returning `Result` missing `# Errors` section
    --> crates/riley-cuda/src/graph.rs:7265:5
     |
7265 |     pub fn abort(mut self) -> CudaResult<OwnedGraphIndexedRopeBf16Resources> {
     |     ^^^^^^^^^^^^^^^^^^^^^^^^^^^^^^^^^^^^^^^^^^^^^^^^^^^^^^^^^^^^^^^^^^^^^^^^
     |
     = help: for further information visit https://rust-lang.github.io/rust-clippy/master/index.html#missing_errors_doc

warning: docs for function returning `Result` missing `# Errors` section
    --> crates/riley-cuda/src/graph.rs:7314:5
     |
7314 |     pub fn instantiate(mut self) -> CudaResult<OwnedGraphIndexedRopeBf16Exec> {
     |     ^^^^^^^^^^^^^^^^^^^^^^^^^^^^^^^^^^^^^^^^^^^^^^^^^^^^^^^^^^^^^^^^^^^^^^^^^
     |
     = help: for further information visit https://rust-lang.github.io/rust-clippy/master/index.html#missing_errors_doc

warning: docs for function returning `Result` missing `# Errors` section
    --> crates/riley-cuda/src/graph.rs:7340:5
     |
7340 |     pub fn close(mut self) -> CudaResult<OwnedGraphIndexedRopeBf16Resources> {
     |     ^^^^^^^^^^^^^^^^^^^^^^^^^^^^^^^^^^^^^^^^^^^^^^^^^^^^^^^^^^^^^^^^^^^^^^^^
     |
     = help: for further information visit https://rust-lang.github.io/rust-clippy/master/index.html#missing_errors_doc

warning: docs for function returning `Result` missing `# Errors` section
    --> crates/riley-cuda/src/graph.rs:7375:5
     |
7375 |     pub fn launch<'exec>(&'exec mut self) -> CudaResult<OwnedGraphIndexedRopeBf16Launch<'exec>> {
     |     ^^^^^^^^^^^^^^^^^^^^^^^^^^^^^^^^^^^^^^^^^^^^^^^^^^^^^^^^^^^^^^^^^^^^^^^^^^^^^^^^^^^^^^^^^^^
     |
     = help: for further information visit https://rust-lang.github.io/rust-clippy/master/index.html#missing_errors_doc

warning: the following explicit lifetimes could be elided: 'exec
    --> crates/riley-cuda/src/graph.rs:7375:19
     |
7375 |     pub fn launch<'exec>(&'exec mut self) -> CudaResult<OwnedGraphIndexedRopeBf16Launch<'exec>> {
     |                   ^^^^^   ^^^^^                                                         ^^^^^
     |
     = help: for further information visit https://rust-lang.github.io/rust-clippy/master/index.html#needless_lifetimes
help: elide the lifetimes
     |
7375 -     pub fn launch<'exec>(&'exec mut self) -> CudaResult<OwnedGraphIndexedRopeBf16Launch<'exec>> {
7375 +     pub fn launch(&mut self) -> CudaResult<OwnedGraphIndexedRopeBf16Launch<'_>> {
     |

warning: you seem to be trying to use `match` for destructuring a single pattern. Consider using `if let`
    --> crates/riley-cuda/src/graph.rs:7385:26
     |
7385 |               let native = match self.resources.as_mut() {
     |  __________________________^
7386 | |                 Some(resources) => self.native.launch(&mut resources.stream.native),
7387 | |                 None => {
7388 | |                     self.terminal = true;
...    |
7394 | |             };
     | |_____________^
     |
     = help: for further information visit https://rust-lang.github.io/rust-clippy/master/index.html#single_match_else
help: try
     |
7385 ~             let native = if let Some(resources) = self.resources.as_mut() { self.native.launch(&mut resources.stream.native) } else {
7386 +                 self.terminal = true;
7387 +                 return Err(CudaError::invalid_state(
7388 +                     OPERATION,
7389 +                     "the owned graph BF16 indexed-RoPE exec lost its captured resources",
7390 +                 ));
7391 ~             };
     |

warning: docs for function returning `Result` missing `# Errors` section
    --> crates/riley-cuda/src/graph.rs:7418:5
     |
7418 |     pub fn close(mut self) -> CudaResult<OwnedGraphIndexedRopeBf16Resources> {
     |     ^^^^^^^^^^^^^^^^^^^^^^^^^^^^^^^^^^^^^^^^^^^^^^^^^^^^^^^^^^^^^^^^^^^^^^^^
     |
     = help: for further information visit https://rust-lang.github.io/rust-clippy/master/index.html#missing_errors_doc

warning: docs for function returning `Result` missing `# Errors` section
    --> crates/riley-cuda/src/graph.rs:7454:5
     |
7454 |     pub fn finish(mut self) -> CudaResult<()> {
     |     ^^^^^^^^^^^^^^^^^^^^^^^^^^^^^^^^^^^^^^^^^
     |
     = help: for further information visit https://rust-lang.github.io/rust-clippy/master/index.html#missing_errors_doc

warning: this function has too many arguments (13/7)
    --> crates/riley-cuda/src/graph.rs:7501:1
     |
7501 | / fn validate_graph_indexed_rope_bf16_capture_preflight(
7502 | |     stream: &CudaStream,
7503 | |     input: &CudaDeviceBuffer,
7504 | |     cos: &CudaDeviceBuffer,
...    |
7514 | |     operation: &'static str,
7515 | | ) -> CudaResult<()> {
     | |___________________^
     |
     = help: for further information visit https://rust-lang.github.io/rust-clippy/master/index.html#too_many_arguments

warning: this function has too many lines (123/100)
    --> crates/riley-cuda/src/graph.rs:7501:1
     |
7501 | / fn validate_graph_indexed_rope_bf16_capture_preflight(
7502 | |     stream: &CudaStream,
7503 | |     input: &CudaDeviceBuffer,
7504 | |     cos: &CudaDeviceBuffer,
...    |
7642 | |     Ok(())
7643 | | }
     | |_^
     |
     = help: for further information visit https://rust-lang.github.io/rust-clippy/master/index.html#too_many_lines

warning: docs for function returning `Result` missing `# Errors` section
    --> crates/riley-cuda/src/graph.rs:7738:5
     |
7738 |     pub fn close(self) -> CudaResult<()> {
     |     ^^^^^^^^^^^^^^^^^^^^^^^^^^^^^^^^^^^^
     |
     = help: for further information visit https://rust-lang.github.io/rust-clippy/master/index.html#missing_errors_doc

warning: docs for function returning `Result` missing `# Errors` section
    --> crates/riley-cuda/src/graph.rs:7851:5
     |
7851 |     pub fn enqueue_ragged_paged_kv_cache_write_bf16(&mut self) -> CudaResult<()> {
     |     ^^^^^^^^^^^^^^^^^^^^^^^^^^^^^^^^^^^^^^^^^^^^^^^^^^^^^^^^^^^^^^^^^^^^^^^^^^^^
     |
     = help: for further information visit https://rust-lang.github.io/rust-clippy/master/index.html#missing_errors_doc

warning: docs for function returning `Result` missing `# Errors` section
    --> crates/riley-cuda/src/graph.rs:7889:5
     |
7889 |     pub fn end(mut self) -> CudaResult<OwnedCapturedRaggedPagedKvCacheWriteBf16Graph> {
     |     ^^^^^^^^^^^^^^^^^^^^^^^^^^^^^^^^^^^^^^^^^^^^^^^^^^^^^^^^^^^^^^^^^^^^^^^^^^^^^^^^^
     |
     = help: for further information visit https://rust-lang.github.io/rust-clippy/master/index.html#missing_errors_doc

warning: docs for function returning `Result` missing `# Errors` section
    --> crates/riley-cuda/src/graph.rs:7936:5
     |
7936 |     pub fn abort(mut self) -> CudaResult<OwnedGraphRaggedPagedKvCacheWriteBf16Resources> {
     |     ^^^^^^^^^^^^^^^^^^^^^^^^^^^^^^^^^^^^^^^^^^^^^^^^^^^^^^^^^^^^^^^^^^^^^^^^^^^^^^^^^^^^
     |
     = help: for further information visit https://rust-lang.github.io/rust-clippy/master/index.html#missing_errors_doc

warning: docs for function returning `Result` missing `# Errors` section
    --> crates/riley-cuda/src/graph.rs:7985:5
     |
7985 |     pub fn instantiate(mut self) -> CudaResult<OwnedGraphRaggedPagedKvCacheWriteBf16Exec> {
     |     ^^^^^^^^^^^^^^^^^^^^^^^^^^^^^^^^^^^^^^^^^^^^^^^^^^^^^^^^^^^^^^^^^^^^^^^^^^^^^^^^^^^^^
     |
     = help: for further information visit https://rust-lang.github.io/rust-clippy/master/index.html#missing_errors_doc

warning: docs for function returning `Result` missing `# Errors` section
    --> crates/riley-cuda/src/graph.rs:8011:5
     |
8011 |     pub fn close(mut self) -> CudaResult<OwnedGraphRaggedPagedKvCacheWriteBf16Resources> {
     |     ^^^^^^^^^^^^^^^^^^^^^^^^^^^^^^^^^^^^^^^^^^^^^^^^^^^^^^^^^^^^^^^^^^^^^^^^^^^^^^^^^^^^
     |
     = help: for further information visit https://rust-lang.github.io/rust-clippy/master/index.html#missing_errors_doc

warning: docs for function returning `Result` missing `# Errors` section
    --> crates/riley-cuda/src/graph.rs:8047:5
     |
8047 | /     pub fn launch<'exec>(
8048 | |         &'exec mut self,
8049 | |     ) -> CudaResult<OwnedGraphRaggedPagedKvCacheWriteBf16Launch<'exec>> {
     | |_______________________________________________________________________^
     |
     = help: for further information visit https://rust-lang.github.io/rust-clippy/master/index.html#missing_errors_doc

warning: the following explicit lifetimes could be elided: 'exec
    --> crates/riley-cuda/src/graph.rs:8047:19
     |
8047 |     pub fn launch<'exec>(
     |                   ^^^^^
8048 |         &'exec mut self,
     |          ^^^^^
8049 |     ) -> CudaResult<OwnedGraphRaggedPagedKvCacheWriteBf16Launch<'exec>> {
     |                                                                 ^^^^^
     |
     = help: for further information visit https://rust-lang.github.io/rust-clippy/master/index.html#needless_lifetimes
help: elide the lifetimes
     |
8047 ~     pub fn launch(
8048 ~         &mut self,
8049 ~     ) -> CudaResult<OwnedGraphRaggedPagedKvCacheWriteBf16Launch<'_>> {
     |

warning: you seem to be trying to use `match` for destructuring a single pattern. Consider using `if let`
    --> crates/riley-cuda/src/graph.rs:8059:26
     |
8059 |               let native = match self.resources.as_mut() {
     |  __________________________^
8060 | |                 Some(resources) => self.native.launch(&mut resources.stream.native),
8061 | |                 None => {
8062 | |                     self.terminal = true;
...    |
8068 | |             };
     | |_____________^
     |
     = help: for further information visit https://rust-lang.github.io/rust-clippy/master/index.html#single_match_else
help: try
     |
8059 ~             let native = if let Some(resources) = self.resources.as_mut() { self.native.launch(&mut resources.stream.native) } else {
8060 +                 self.terminal = true;
8061 +                 return Err(CudaError::invalid_state(
8062 +                     OPERATION,
8063 +                     "the owned graph BF16 ragged paged-K/V cache-write exec lost its captured resources",
8064 +                 ));
8065 ~             };
     |

warning: docs for function returning `Result` missing `# Errors` section
    --> crates/riley-cuda/src/graph.rs:8092:5
     |
8092 |     pub fn close(mut self) -> CudaResult<OwnedGraphRaggedPagedKvCacheWriteBf16Resources> {
     |     ^^^^^^^^^^^^^^^^^^^^^^^^^^^^^^^^^^^^^^^^^^^^^^^^^^^^^^^^^^^^^^^^^^^^^^^^^^^^^^^^^^^^
     |
     = help: for further information visit https://rust-lang.github.io/rust-clippy/master/index.html#missing_errors_doc

warning: docs for function returning `Result` missing `# Errors` section
    --> crates/riley-cuda/src/graph.rs:8129:5
     |
8129 |     pub fn finish(mut self) -> CudaResult<()> {
     |     ^^^^^^^^^^^^^^^^^^^^^^^^^^^^^^^^^^^^^^^^^
     |
     = help: for further information visit https://rust-lang.github.io/rust-clippy/master/index.html#missing_errors_doc

warning: this function has too many arguments (14/7)
    --> crates/riley-cuda/src/graph.rs:8176:1
     |
8176 | / fn validate_graph_ragged_paged_kv_cache_write_bf16_capture_preflight(
8177 | |     stream: &CudaStream,
8178 | |     key_source: &CudaDeviceBuffer,
8179 | |     value_source: &CudaDeviceBuffer,
...    |
8190 | |     operation: &'static str,
8191 | | ) -> CudaResult<()> {
     | |___________________^
     |
     = help: for further information visit https://rust-lang.github.io/rust-clippy/master/index.html#too_many_arguments

warning: this function has too many lines (134/100)
    --> crates/riley-cuda/src/graph.rs:8176:1
     |
8176 | / fn validate_graph_ragged_paged_kv_cache_write_bf16_capture_preflight(
8177 | |     stream: &CudaStream,
8178 | |     key_source: &CudaDeviceBuffer,
8179 | |     value_source: &CudaDeviceBuffer,
...    |
8337 | |     Ok(())
8338 | | }
     | |_^
     |
     = help: for further information visit https://rust-lang.github.io/rust-clippy/master/index.html#too_many_lines

warning: docs for function returning `Result` missing `# Errors` section
    --> crates/riley-cuda/src/graph.rs:8433:5
     |
8433 |     pub fn close(self) -> CudaResult<()> {
     |     ^^^^^^^^^^^^^^^^^^^^^^^^^^^^^^^^^^^^
     |
     = help: for further information visit https://rust-lang.github.io/rust-clippy/master/index.html#missing_errors_doc

warning: docs for function returning `Result` missing `# Errors` section
    --> crates/riley-cuda/src/graph.rs:8546:5
     |
8546 |     pub fn enqueue_grouped_ragged_paged_attention_bf16(&mut self) -> CudaResult<()> {
     |     ^^^^^^^^^^^^^^^^^^^^^^^^^^^^^^^^^^^^^^^^^^^^^^^^^^^^^^^^^^^^^^^^^^^^^^^^^^^^^^^
     |
     = help: for further information visit https://rust-lang.github.io/rust-clippy/master/index.html#missing_errors_doc

warning: docs for function returning `Result` missing `# Errors` section
    --> crates/riley-cuda/src/graph.rs:8584:5
     |
8584 |     pub fn end(mut self) -> CudaResult<OwnedCapturedGroupedRaggedPagedAttentionBf16Graph> {
     |     ^^^^^^^^^^^^^^^^^^^^^^^^^^^^^^^^^^^^^^^^^^^^^^^^^^^^^^^^^^^^^^^^^^^^^^^^^^^^^^^^^^^^^
     |
     = help: for further information visit https://rust-lang.github.io/rust-clippy/master/index.html#missing_errors_doc

warning: docs for function returning `Result` missing `# Errors` section
    --> crates/riley-cuda/src/graph.rs:8631:5
     |
8631 |     pub fn abort(mut self) -> CudaResult<OwnedGraphGroupedRaggedPagedAttentionBf16Resources> {
     |     ^^^^^^^^^^^^^^^^^^^^^^^^^^^^^^^^^^^^^^^^^^^^^^^^^^^^^^^^^^^^^^^^^^^^^^^^^^^^^^^^^^^^^^^^
     |
     = help: for further information visit https://rust-lang.github.io/rust-clippy/master/index.html#missing_errors_doc

warning: docs for function returning `Result` missing `# Errors` section
    --> crates/riley-cuda/src/graph.rs:8680:5
     |
8680 |     pub fn instantiate(mut self) -> CudaResult<OwnedGraphGroupedRaggedPagedAttentionBf16Exec> {
     |     ^^^^^^^^^^^^^^^^^^^^^^^^^^^^^^^^^^^^^^^^^^^^^^^^^^^^^^^^^^^^^^^^^^^^^^^^^^^^^^^^^^^^^^^^^
     |
     = help: for further information visit https://rust-lang.github.io/rust-clippy/master/index.html#missing_errors_doc

warning: docs for function returning `Result` missing `# Errors` section
    --> crates/riley-cuda/src/graph.rs:8706:5
     |
8706 |     pub fn close(mut self) -> CudaResult<OwnedGraphGroupedRaggedPagedAttentionBf16Resources> {
     |     ^^^^^^^^^^^^^^^^^^^^^^^^^^^^^^^^^^^^^^^^^^^^^^^^^^^^^^^^^^^^^^^^^^^^^^^^^^^^^^^^^^^^^^^^
     |
     = help: for further information visit https://rust-lang.github.io/rust-clippy/master/index.html#missing_errors_doc

warning: docs for function returning `Result` missing `# Errors` section
    --> crates/riley-cuda/src/graph.rs:8743:5
     |
8743 | /     pub fn launch<'exec>(
8744 | |         &'exec mut self,
8745 | |     ) -> CudaResult<OwnedGraphGroupedRaggedPagedAttentionBf16Launch<'exec>> {
     | |___________________________________________________________________________^
     |
     = help: for further information visit https://rust-lang.github.io/rust-clippy/master/index.html#missing_errors_doc

warning: the following explicit lifetimes could be elided: 'exec
    --> crates/riley-cuda/src/graph.rs:8743:19
     |
8743 |     pub fn launch<'exec>(
     |                   ^^^^^
8744 |         &'exec mut self,
     |          ^^^^^
8745 |     ) -> CudaResult<OwnedGraphGroupedRaggedPagedAttentionBf16Launch<'exec>> {
     |                                                                     ^^^^^
     |
     = help: for further information visit https://rust-lang.github.io/rust-clippy/master/index.html#needless_lifetimes
help: elide the lifetimes
     |
8743 ~     pub fn launch(
8744 ~         &mut self,
8745 ~     ) -> CudaResult<OwnedGraphGroupedRaggedPagedAttentionBf16Launch<'_>> {
     |

warning: you seem to be trying to use `match` for destructuring a single pattern. Consider using `if let`
    --> crates/riley-cuda/src/graph.rs:8755:26
     |
8755 |               let native = match self.resources.as_mut() {
     |  __________________________^
8756 | |                 Some(resources) => self.native.launch(&mut resources.stream.native),
8757 | |                 None => {
8758 | |                     self.terminal = true;
...    |
8764 | |             };
     | |_____________^
     |
     = help: for further information visit https://rust-lang.github.io/rust-clippy/master/index.html#single_match_else
help: try
     |
8755 ~             let native = if let Some(resources) = self.resources.as_mut() { self.native.launch(&mut resources.stream.native) } else {
8756 +                 self.terminal = true;
8757 +                 return Err(CudaError::invalid_state(
8758 +                     OPERATION,
8759 +                     "the owned graph BF16 grouped ragged paged-attention exec lost its captured resources",
8760 +                 ));
8761 ~             };
     |

warning: docs for function returning `Result` missing `# Errors` section
    --> crates/riley-cuda/src/graph.rs:8788:5
     |
8788 |     pub fn close(mut self) -> CudaResult<OwnedGraphGroupedRaggedPagedAttentionBf16Resources> {
     |     ^^^^^^^^^^^^^^^^^^^^^^^^^^^^^^^^^^^^^^^^^^^^^^^^^^^^^^^^^^^^^^^^^^^^^^^^^^^^^^^^^^^^^^^^
     |
     = help: for further information visit https://rust-lang.github.io/rust-clippy/master/index.html#missing_errors_doc

warning: docs for function returning `Result` missing `# Errors` section
    --> crates/riley-cuda/src/graph.rs:8825:5
     |
8825 |     pub fn finish(mut self) -> CudaResult<()> {
     |     ^^^^^^^^^^^^^^^^^^^^^^^^^^^^^^^^^^^^^^^^^
     |
     = help: for further information visit https://rust-lang.github.io/rust-clippy/master/index.html#missing_errors_doc

warning: this function has too many lines (158/100)
    --> crates/riley-cuda/src/graph.rs:8861:1
     |
8861 | / fn validate_graph_grouped_ragged_paged_attention_bf16_capture_preflight(
8862 | |     stream: &CudaStream,
8863 | |     query: &CudaDeviceBuffer,
8864 | |     key_pool: &CudaDeviceBuffer,
...    |
9048 | |     Ok(())
9049 | | }
     | |_^
     |
     = help: for further information visit https://rust-lang.github.io/rust-clippy/master/index.html#too_many_lines

warning: docs for function returning `Result` missing `# Errors` section
    --> crates/riley-cuda/src/graph.rs:9165:5
     |
9165 |     pub fn close(self) -> CudaResult<()> {
     |     ^^^^^^^^^^^^^^^^^^^^^^^^^^^^^^^^^^^^
     |
     = help: for further information visit https://rust-lang.github.io/rust-clippy/master/index.html#missing_errors_doc

warning: docs for function returning `Result` missing `# Errors` section
    --> crates/riley-cuda/src/graph.rs:9260:5
     |
9260 |     pub fn enqueue_bf16_embedding_status_d2h(&mut self) -> CudaResult<()> {
     |     ^^^^^^^^^^^^^^^^^^^^^^^^^^^^^^^^^^^^^^^^^^^^^^^^^^^^^^^^^^^^^^^^^^^^^
     |
     = help: for further information visit https://rust-lang.github.io/rust-clippy/master/index.html#missing_errors_doc

warning: docs for function returning `Result` missing `# Errors` section
    --> crates/riley-cuda/src/graph.rs:9300:5
     |
9300 |     pub fn end(mut self) -> CudaResult<OwnedCapturedBf16EmbeddingStatusD2HGraph> {
     |     ^^^^^^^^^^^^^^^^^^^^^^^^^^^^^^^^^^^^^^^^^^^^^^^^^^^^^^^^^^^^^^^^^^^^^^^^^^^^
     |
     = help: for further information visit https://rust-lang.github.io/rust-clippy/master/index.html#missing_errors_doc

warning: docs for function returning `Result` missing `# Errors` section
    --> crates/riley-cuda/src/graph.rs:9346:5
     |
9346 |     pub fn abort(mut self) -> CudaResult<OwnedGraphBf16EmbeddingStatusD2HResources> {
     |     ^^^^^^^^^^^^^^^^^^^^^^^^^^^^^^^^^^^^^^^^^^^^^^^^^^^^^^^^^^^^^^^^^^^^^^^^^^^^^^^
     |
     = help: for further information visit https://rust-lang.github.io/rust-clippy/master/index.html#missing_errors_doc

warning: docs for function returning `Result` missing `# Errors` section
    --> crates/riley-cuda/src/graph.rs:9393:5
     |
9393 |     pub fn instantiate(mut self) -> CudaResult<OwnedGraphBf16EmbeddingStatusD2HExec> {
     |     ^^^^^^^^^^^^^^^^^^^^^^^^^^^^^^^^^^^^^^^^^^^^^^^^^^^^^^^^^^^^^^^^^^^^^^^^^^^^^^^^
     |
     = help: for further information visit https://rust-lang.github.io/rust-clippy/master/index.html#missing_errors_doc

warning: docs for function returning `Result` missing `# Errors` section
    --> crates/riley-cuda/src/graph.rs:9418:5
     |
9418 |     pub fn close(mut self) -> CudaResult<OwnedGraphBf16EmbeddingStatusD2HResources> {
     |     ^^^^^^^^^^^^^^^^^^^^^^^^^^^^^^^^^^^^^^^^^^^^^^^^^^^^^^^^^^^^^^^^^^^^^^^^^^^^^^^
     |
     = help: for further information visit https://rust-lang.github.io/rust-clippy/master/index.html#missing_errors_doc

warning: docs for function returning `Result` missing `# Errors` section
    --> crates/riley-cuda/src/graph.rs:9452:5
     |
9452 | /     pub fn launch<'exec>(
9453 | |         &'exec mut self,
9454 | |     ) -> CudaResult<OwnedGraphBf16EmbeddingStatusD2HLaunch<'exec>> {
     | |__________________________________________________________________^
     |
     = help: for further information visit https://rust-lang.github.io/rust-clippy/master/index.html#missing_errors_doc

warning: the following explicit lifetimes could be elided: 'exec
    --> crates/riley-cuda/src/graph.rs:9452:19
     |
9452 |     pub fn launch<'exec>(
     |                   ^^^^^
9453 |         &'exec mut self,
     |          ^^^^^
9454 |     ) -> CudaResult<OwnedGraphBf16EmbeddingStatusD2HLaunch<'exec>> {
     |                                                            ^^^^^
     |
     = help: for further information visit https://rust-lang.github.io/rust-clippy/master/index.html#needless_lifetimes
help: elide the lifetimes
     |
9452 ~     pub fn launch(
9453 ~         &mut self,
9454 ~     ) -> CudaResult<OwnedGraphBf16EmbeddingStatusD2HLaunch<'_>> {
     |

warning: you seem to be trying to use `match` for destructuring a single pattern. Consider using `if let`
    --> crates/riley-cuda/src/graph.rs:9464:26
     |
9464 |               let native = match self.resources.as_mut() {
     |  __________________________^
9465 | |                 Some(resources) => self.native.launch(&mut resources.stream.native),
9466 | |                 None => {
9467 | |                     self.terminal = true;
...    |
9473 | |             };
     | |_____________^
     |
     = help: for further information visit https://rust-lang.github.io/rust-clippy/master/index.html#single_match_else
help: try
     |
9464 ~             let native = if let Some(resources) = self.resources.as_mut() { self.native.launch(&mut resources.stream.native) } else {
9465 +                 self.terminal = true;
9466 +                 return Err(CudaError::invalid_state(
9467 +                     OPERATION,
9468 +                     "the owned graph BF16 embedding status-D2H exec lost its captured resources",
9469 +                 ));
9470 ~             };
     |

warning: docs for function returning `Result` missing `# Errors` section
    --> crates/riley-cuda/src/graph.rs:9496:5
     |
9496 |     pub fn close(mut self) -> CudaResult<OwnedGraphBf16EmbeddingStatusD2HResources> {
     |     ^^^^^^^^^^^^^^^^^^^^^^^^^^^^^^^^^^^^^^^^^^^^^^^^^^^^^^^^^^^^^^^^^^^^^^^^^^^^^^^
     |
     = help: for further information visit https://rust-lang.github.io/rust-clippy/master/index.html#missing_errors_doc

warning: docs for function returning `Result` missing `# Errors` section
    --> crates/riley-cuda/src/graph.rs:9535:5
     |
9535 |     pub fn finish(mut self) -> CudaResult<OwnedGraphBf16EmbeddingStatusD2HCompletion<'exec>> {
     |     ^^^^^^^^^^^^^^^^^^^^^^^^^^^^^^^^^^^^^^^^^^^^^^^^^^^^^^^^^^^^^^^^^^^^^^^^^^^^^^^^^^^^^^^^
     |
     = help: for further information visit https://rust-lang.github.io/rust-clippy/master/index.html#missing_errors_doc

warning: docs for function returning `Result` missing `# Errors` section
    --> crates/riley-cuda/src/graph.rs:9603:5
     |
9603 |     pub fn read_status(&mut self) -> CudaResult<Bf16EmbeddingStatusD2HStatus> {
     |     ^^^^^^^^^^^^^^^^^^^^^^^^^^^^^^^^^^^^^^^^^^^^^^^^^^^^^^^^^^^^^^^^^^^^^^^^^
     |
     = help: for further information visit https://rust-lang.github.io/rust-clippy/master/index.html#missing_errors_doc

warning: docs for function returning `Result` missing `# Errors` section
    --> crates/riley-cuda/src/graph.rs:9740:5
     |
9740 |     pub fn close(self) -> CudaResult<()> {
     |     ^^^^^^^^^^^^^^^^^^^^^^^^^^^^^^^^^^^^
     |
     = help: for further information visit https://rust-lang.github.io/rust-clippy/master/index.html#missing_errors_doc

warning: docs for function returning `Result` missing `# Errors` section
    --> crates/riley-cuda/src/graph.rs:9844:5
     |
9844 |     pub fn enqueue_canonical_gemm_bf16(&mut self) -> CudaResult<()> {
     |     ^^^^^^^^^^^^^^^^^^^^^^^^^^^^^^^^^^^^^^^^^^^^^^^^^^^^^^^^^^^^^^^
     |
     = help: for further information visit https://rust-lang.github.io/rust-clippy/master/index.html#missing_errors_doc

warning: docs for function returning `Result` missing `# Errors` section
    --> crates/riley-cuda/src/graph.rs:9881:5
     |
9881 |     pub fn end(mut self) -> CudaResult<OwnedCapturedCanonicalGemmBf16Graph> {
     |     ^^^^^^^^^^^^^^^^^^^^^^^^^^^^^^^^^^^^^^^^^^^^^^^^^^^^^^^^^^^^^^^^^^^^^^^
     |
     = help: for further information visit https://rust-lang.github.io/rust-clippy/master/index.html#missing_errors_doc

warning: docs for function returning `Result` missing `# Errors` section
    --> crates/riley-cuda/src/graph.rs:9925:5
     |
9925 |     pub fn abort(mut self) -> CudaResult<OwnedGraphCanonicalGemmBf16Resources> {
     |     ^^^^^^^^^^^^^^^^^^^^^^^^^^^^^^^^^^^^^^^^^^^^^^^^^^^^^^^^^^^^^^^^^^^^^^^^^^
     |
     = help: for further information visit https://rust-lang.github.io/rust-clippy/master/index.html#missing_errors_doc

warning: docs for function returning `Result` missing `# Errors` section
    --> crates/riley-cuda/src/graph.rs:9982:5
     |
9982 |     pub fn instantiate(mut self) -> CudaResult<OwnedGraphCanonicalGemmBf16Exec> {
     |     ^^^^^^^^^^^^^^^^^^^^^^^^^^^^^^^^^^^^^^^^^^^^^^^^^^^^^^^^^^^^^^^^^^^^^^^^^^^
     |
     = help: for further information visit https://rust-lang.github.io/rust-clippy/master/index.html#missing_errors_doc

warning: docs for function returning `Result` missing `# Errors` section
     --> crates/riley-cuda/src/graph.rs:10007:5
      |
10007 |     pub fn close(mut self) -> CudaResult<OwnedGraphCanonicalGemmBf16Resources> {
      |     ^^^^^^^^^^^^^^^^^^^^^^^^^^^^^^^^^^^^^^^^^^^^^^^^^^^^^^^^^^^^^^^^^^^^^^^^^^
      |
      = help: for further information visit https://rust-lang.github.io/rust-clippy/master/index.html#missing_errors_doc

warning: docs for function returning `Result` missing `# Errors` section
     --> crates/riley-cuda/src/graph.rs:10047:5
      |
10047 |     pub fn launch<'exec>(&'exec mut self) -> CudaResult<OwnedGraphCanonicalGemmBf16Launch<'exec>> {
      |     ^^^^^^^^^^^^^^^^^^^^^^^^^^^^^^^^^^^^^^^^^^^^^^^^^^^^^^^^^^^^^^^^^^^^^^^^^^^^^^^^^^^^^^^^^^^^^
      |
      = help: for further information visit https://rust-lang.github.io/rust-clippy/master/index.html#missing_errors_doc

warning: the following explicit lifetimes could be elided: 'exec
     --> crates/riley-cuda/src/graph.rs:10047:19
      |
10047 |     pub fn launch<'exec>(&'exec mut self) -> CudaResult<OwnedGraphCanonicalGemmBf16Launch<'exec>> {
      |                   ^^^^^   ^^^^^                                                           ^^^^^
      |
      = help: for further information visit https://rust-lang.github.io/rust-clippy/master/index.html#needless_lifetimes
help: elide the lifetimes
      |
10047 -     pub fn launch<'exec>(&'exec mut self) -> CudaResult<OwnedGraphCanonicalGemmBf16Launch<'exec>> {
10047 +     pub fn launch(&mut self) -> CudaResult<OwnedGraphCanonicalGemmBf16Launch<'_>> {
      |

warning: you seem to be trying to use `match` for destructuring a single pattern. Consider using `if let`
     --> crates/riley-cuda/src/graph.rs:10057:26
      |
10057 |               let native = match self.resources.as_mut() {
      |  __________________________^
10058 | |                 Some(resources) => self.native.launch(&mut resources.stream.native),
10059 | |                 None => {
10060 | |                     self.terminal = true;
...     |
10066 | |             };
      | |_____________^
      |
      = help: for further information visit https://rust-lang.github.io/rust-clippy/master/index.html#single_match_else
help: try
      |
10057 ~             let native = if let Some(resources) = self.resources.as_mut() { self.native.launch(&mut resources.stream.native) } else {
10058 +                 self.terminal = true;
10059 +                 return Err(CudaError::invalid_state(
10060 +                     OPERATION,
10061 +                     "the owned canonical GEMM graph exec lost its captured resources",
10062 +                 ));
10063 ~             };
      |

warning: docs for function returning `Result` missing `# Errors` section
     --> crates/riley-cuda/src/graph.rs:10089:5
      |
10089 |     pub fn close(mut self) -> CudaResult<OwnedGraphCanonicalGemmBf16Resources> {
      |     ^^^^^^^^^^^^^^^^^^^^^^^^^^^^^^^^^^^^^^^^^^^^^^^^^^^^^^^^^^^^^^^^^^^^^^^^^^
      |
      = help: for further information visit https://rust-lang.github.io/rust-clippy/master/index.html#missing_errors_doc

warning: docs for function returning `Result` missing `# Errors` section
     --> crates/riley-cuda/src/graph.rs:10136:5
      |
10136 |     pub fn finish(mut self) -> CudaResult<()> {
      |     ^^^^^^^^^^^^^^^^^^^^^^^^^^^^^^^^^^^^^^^^^
      |
      = help: for further information visit https://rust-lang.github.io/rust-clippy/master/index.html#missing_errors_doc

warning: item in documentation is missing backticks
     --> crates/riley-cuda/src/graph.rs:10191:55
      |
10191 | /// By-value resource bundle for one C05-22 canonical RMSNorm -> GEMM graph.
      |                                                       ^^^^^^^
      |
      = help: for further information visit https://rust-lang.github.io/rust-clippy/master/index.html#doc_markdown
help: try
      |
10191 | /// By-value resource bundle for one C05-22 canonical `RMSNorm` -> GEMM graph.
      |                                                       ~~~~~~~~~

warning: docs for function returning `Result` missing `# Errors` section
     --> crates/riley-cuda/src/graph.rs:10273:5
      |
10273 |     pub fn close(self) -> CudaResult<()> {
      |     ^^^^^^^^^^^^^^^^^^^^^^^^^^^^^^^^^^^^
      |
      = help: for further information visit https://rust-lang.github.io/rust-clippy/master/index.html#missing_errors_doc

warning: item in documentation is missing backticks
     --> crates/riley-cuda/src/graph.rs:10295:56
      |
10295 | /// Error from beginning one by-value C05-22 canonical RMSNorm -> GEMM graph
      |                                                        ^^^^^^^
      |
      = help: for further information visit https://rust-lang.github.io/rust-clippy/master/index.html#doc_markdown
help: try
      |
10295 | /// Error from beginning one by-value C05-22 canonical `RMSNorm` -> GEMM graph
      |                                                        ~~~~~~~~~

warning: item in documentation is missing backticks
     --> crates/riley-cuda/src/graph.rs:10389:40
      |
10389 |     /// Records exactly canonical BF16 RMSNorm followed by the dependent,
      |                                        ^^^^^^^
      |
      = help: for further information visit https://rust-lang.github.io/rust-clippy/master/index.html#doc_markdown
help: try
      |
10389 |     /// Records exactly canonical BF16 `RMSNorm` followed by the dependent,
      |                                        ~~~~~~~~~

warning: docs for function returning `Result` missing `# Errors` section
     --> crates/riley-cuda/src/graph.rs:10392:5
      |
10392 |     pub fn enqueue_canonical_rms_norm_gemm_bf16(&mut self) -> CudaResult<()> {
      |     ^^^^^^^^^^^^^^^^^^^^^^^^^^^^^^^^^^^^^^^^^^^^^^^^^^^^^^^^^^^^^^^^^^^^^^^^
      |
      = help: for further information visit https://rust-lang.github.io/rust-clippy/master/index.html#missing_errors_doc

warning: docs for function returning `Result` missing `# Errors` section
     --> crates/riley-cuda/src/graph.rs:10433:5
      |
10433 |     pub fn end(mut self) -> CudaResult<OwnedCapturedCanonicalRmsNormGemmBf16Graph> {
      |     ^^^^^^^^^^^^^^^^^^^^^^^^^^^^^^^^^^^^^^^^^^^^^^^^^^^^^^^^^^^^^^^^^^^^^^^^^^^^^^
      |
      = help: for further information visit https://rust-lang.github.io/rust-clippy/master/index.html#missing_errors_doc

warning: docs for function returning `Result` missing `# Errors` section
     --> crates/riley-cuda/src/graph.rs:10480:5
      |
10480 |     pub fn abort(mut self) -> CudaResult<OwnedGraphCanonicalRmsNormGemmBf16Resources> {
      |     ^^^^^^^^^^^^^^^^^^^^^^^^^^^^^^^^^^^^^^^^^^^^^^^^^^^^^^^^^^^^^^^^^^^^^^^^^^^^^^^^^
      |
      = help: for further information visit https://rust-lang.github.io/rust-clippy/master/index.html#missing_errors_doc

warning: docs for function returning `Result` missing `# Errors` section
     --> crates/riley-cuda/src/graph.rs:10537:5
      |
10537 |     pub fn instantiate(mut self) -> CudaResult<OwnedGraphCanonicalRmsNormGemmBf16Exec> {
      |     ^^^^^^^^^^^^^^^^^^^^^^^^^^^^^^^^^^^^^^^^^^^^^^^^^^^^^^^^^^^^^^^^^^^^^^^^^^^^^^^^^^
      |
      = help: for further information visit https://rust-lang.github.io/rust-clippy/master/index.html#missing_errors_doc

warning: docs for function returning `Result` missing `# Errors` section
     --> crates/riley-cuda/src/graph.rs:10562:5
      |
10562 |     pub fn close(mut self) -> CudaResult<OwnedGraphCanonicalRmsNormGemmBf16Resources> {
      |     ^^^^^^^^^^^^^^^^^^^^^^^^^^^^^^^^^^^^^^^^^^^^^^^^^^^^^^^^^^^^^^^^^^^^^^^^^^^^^^^^^
      |
      = help: for further information visit https://rust-lang.github.io/rust-clippy/master/index.html#missing_errors_doc

warning: item in documentation is missing backticks
     --> crates/riley-cuda/src/graph.rs:10581:49
      |
10581 | /// By-value executable for one fixed canonical RMSNorm -> GEMM graph.
      |                                                 ^^^^^^^
      |
      = help: for further information visit https://rust-lang.github.io/rust-clippy/master/index.html#doc_markdown
help: try
      |
10581 | /// By-value executable for one fixed canonical `RMSNorm` -> GEMM graph.
      |                                                 ~~~~~~~~~

warning: docs for function returning `Result` missing `# Errors` section
     --> crates/riley-cuda/src/graph.rs:10602:5
      |
10602 | /     pub fn launch<'exec>(
10603 | |         &'exec mut self,
10604 | |     ) -> CudaResult<OwnedGraphCanonicalRmsNormGemmBf16Launch<'exec>> {
      | |____________________________________________________________________^
      |
      = help: for further information visit https://rust-lang.github.io/rust-clippy/master/index.html#missing_errors_doc

warning: the following explicit lifetimes could be elided: 'exec
     --> crates/riley-cuda/src/graph.rs:10602:19
      |
10602 |     pub fn launch<'exec>(
      |                   ^^^^^
10603 |         &'exec mut self,
      |          ^^^^^
10604 |     ) -> CudaResult<OwnedGraphCanonicalRmsNormGemmBf16Launch<'exec>> {
      |                                                              ^^^^^
      |
      = help: for further information visit https://rust-lang.github.io/rust-clippy/master/index.html#needless_lifetimes
help: elide the lifetimes
      |
10602 ~     pub fn launch(
10603 ~         &mut self,
10604 ~     ) -> CudaResult<OwnedGraphCanonicalRmsNormGemmBf16Launch<'_>> {
      |

warning: you seem to be trying to use `match` for destructuring a single pattern. Consider using `if let`
     --> crates/riley-cuda/src/graph.rs:10614:26
      |
10614 |               let native = match self.resources.as_mut() {
      |  __________________________^
10615 | |                 Some(resources) => self.native.launch(&mut resources.stream.native),
10616 | |                 None => {
10617 | |                     self.terminal = true;
...     |
10623 | |             };
      | |_____________^
      |
      = help: for further information visit https://rust-lang.github.io/rust-clippy/master/index.html#single_match_else
help: try
      |
10614 ~             let native = if let Some(resources) = self.resources.as_mut() { self.native.launch(&mut resources.stream.native) } else {
10615 +                 self.terminal = true;
10616 +                 return Err(CudaError::invalid_state(
10617 +                     OPERATION,
10618 +                     "the owned canonical RMSNorm -> GEMM graph exec lost its captured resources",
10619 +                 ));
10620 ~             };
      |

warning: docs for function returning `Result` missing `# Errors` section
     --> crates/riley-cuda/src/graph.rs:10647:5
      |
10647 |     pub fn close(mut self) -> CudaResult<OwnedGraphCanonicalRmsNormGemmBf16Resources> {
      |     ^^^^^^^^^^^^^^^^^^^^^^^^^^^^^^^^^^^^^^^^^^^^^^^^^^^^^^^^^^^^^^^^^^^^^^^^^^^^^^^^^
      |
      = help: for further information visit https://rust-lang.github.io/rust-clippy/master/index.html#missing_errors_doc

warning: docs for function returning `Result` missing `# Errors` section
     --> crates/riley-cuda/src/graph.rs:10693:5
      |
10693 |     pub fn finish(mut self) -> CudaResult<()> {
      |     ^^^^^^^^^^^^^^^^^^^^^^^^^^^^^^^^^^^^^^^^^
      |
      = help: for further information visit https://rust-lang.github.io/rust-clippy/master/index.html#missing_errors_doc

warning: this function has too many arguments (10/7)
     --> crates/riley-cuda/src/graph.rs:10852:1
      |
10852 | / fn validate_graph_bf16_embedding_status_d2h_capture_preflight(
10853 | |     stream: &CudaStream,
10854 | |     table: &CudaDeviceBuffer,
10855 | |     token_ids: &CudaDeviceBuffer,
...     |
10862 | |     operation: &'static str,
10863 | | ) -> CudaResult<()> {
      | |___________________^
      |
      = help: for further information visit https://rust-lang.github.io/rust-clippy/master/index.html#too_many_arguments

warning: the `Err`-variant returned from this function is very large
     --> crates/riley-cuda/src/graph.rs:11083:10
      |
11083 |     ) -> Result<OwnedGraphH2DCapture, OwnedGraphH2DCaptureBeginError> {
      |          ^^^^^^^^^^^^^^^^^^^^^^^^^^^^^^^^^^^^^^^^^^^^^^^^^^^^^^^^^^^^ the `Err`-variant is at least 128 bytes
      |
      = help: try reducing the size of `graph::OwnedGraphH2DCaptureBeginError`, for example by boxing large elements or replacing it with `Box<graph::OwnedGraphH2DCaptureBeginError>`
      = help: for further information visit https://rust-lang.github.io/rust-clippy/master/index.html#result_large_err
      = note: `-W clippy::result-large-err` implied by `-W clippy::all`
      = help: to override `-W clippy::all` add `#[allow(clippy::result_large_err)]`

warning: item in documentation is missing backticks
     --> crates/riley-cuda/src/graph.rs:11133:27
      |
11133 |     /// out-of-place BF16 SiLU node.
      |                           ^^^^
      |
      = help: for further information visit https://rust-lang.github.io/rust-clippy/master/index.html#doc_markdown
help: try
      |
11133 |     /// out-of-place BF16 `SiLU` node.
      |                           ~~~~~~

warning: the `Err`-variant returned from this function is very large
     --> crates/riley-cuda/src/graph.rs:11152:10
      |
11152 |     ) -> Result<OwnedGraphSiluBf16Capture, OwnedGraphSiluBf16CaptureBeginError> {
      |          ^^^^^^^^^^^^^^^^^^^^^^^^^^^^^^^^^^^^^^^^^^^^^^^^^^^^^^^^^^^^^^^^^^^^^^ the `Err`-variant is at least 128 bytes
      |
      = help: try reducing the size of `graph::OwnedGraphSiluBf16CaptureBeginError`, for example by boxing large elements or replacing it with `Box<graph::OwnedGraphSiluBf16CaptureBeginError>`
      = help: for further information visit https://rust-lang.github.io/rust-clippy/master/index.html#result_large_err

warning: item in documentation is missing backticks
     --> crates/riley-cuda/src/graph.rs:11208:55
      |
11208 |     /// selection, fresh input staging, node updates, SiLU fusion, executor
      |                                                       ^^^^
      |
      = help: for further information visit https://rust-lang.github.io/rust-clippy/master/index.html#doc_markdown
help: try
      |
11208 |     /// selection, fresh input staging, node updates, `SiLU` fusion, executor
      |                                                       ~~~~~~

warning: the `Err`-variant returned from this function is very large
     --> crates/riley-cuda/src/graph.rs:11224:10
      |
11224 |     ) -> Result<OwnedGraphGatedMultiplyBf16Capture, OwnedGraphGatedMultiplyBf16CaptureBeginError>
      |          ^^^^^^^^^^^^^^^^^^^^^^^^^^^^^^^^^^^^^^^^^^^^^^^^^^^^^^^^^^^^^^^^^^^^^^^^^^^^^^^^^^^^^^^^ the `Err`-variant is at least 160 bytes
      |
      = help: try reducing the size of `graph::OwnedGraphGatedMultiplyBf16CaptureBeginError`, for example by boxing large elements or replacing it with `Box<graph::OwnedGraphGatedMultiplyBf16CaptureBeginError>`
      = help: for further information visit https://rust-lang.github.io/rust-clippy/master/index.html#result_large_err

warning: the `Err`-variant returned from this function is very large
     --> crates/riley-cuda/src/graph.rs:11304:10
      |
11304 |     ) -> Result<OwnedGraphResidualAddBf16Capture, OwnedGraphResidualAddBf16CaptureBeginError> {
      |          ^^^^^^^^^^^^^^^^^^^^^^^^^^^^^^^^^^^^^^^^^^^^^^^^^^^^^^^^^^^^^^^^^^^^^^^^^^^^^^^^^^^^ the `Err`-variant is at least 160 bytes
      |
      = help: try reducing the size of `graph::OwnedGraphResidualAddBf16CaptureBeginError`, for example by boxing large elements or replacing it with `Box<graph::OwnedGraphResidualAddBf16CaptureBeginError>`
      = help: for further information visit https://rust-lang.github.io/rust-clippy/master/index.html#result_large_err

warning: item in documentation is missing backticks
     --> crates/riley-cuda/src/graph.rs:11360:37
      |
11360 |     /// out-of-place canonical BF16 RMSNorm node.
      |                                     ^^^^^^^
      |
      = help: for further information visit https://rust-lang.github.io/rust-clippy/master/index.html#doc_markdown
help: try
      |
11360 |     /// out-of-place canonical BF16 `RMSNorm` node.
      |                                     ~~~~~~~~~

warning: item in documentation is missing backticks
     --> crates/riley-cuda/src/graph.rs:11366:26
      |
11366 |     /// profile-specific SmolLM2 and Fixed37 RMSNorm, fused RMSNorm, C07
      |                          ^^^^^^^
      |
      = help: for further information visit https://rust-lang.github.io/rust-clippy/master/index.html#doc_markdown
help: try
      |
11366 |     /// profile-specific `SmolLM2` and Fixed37 RMSNorm, fused RMSNorm, C07
      |                          ~~~~~~~~~

warning: item in documentation is missing backticks
     --> crates/riley-cuda/src/graph.rs:11366:46
      |
11366 |     /// profile-specific SmolLM2 and Fixed37 RMSNorm, fused RMSNorm, C07
      |                                              ^^^^^^^
      |
      = help: for further information visit https://rust-lang.github.io/rust-clippy/master/index.html#doc_markdown
help: try
      |
11366 |     /// profile-specific SmolLM2 and Fixed37 `RMSNorm`, fused RMSNorm, C07
      |                                              ~~~~~~~~~

warning: item in documentation is missing backticks
     --> crates/riley-cuda/src/graph.rs:11366:61
      |
11366 |     /// profile-specific SmolLM2 and Fixed37 RMSNorm, fused RMSNorm, C07
      |                                                             ^^^^^^^
      |
      = help: for further information visit https://rust-lang.github.io/rust-clippy/master/index.html#doc_markdown
help: try
      |
11366 |     /// profile-specific SmolLM2 and Fixed37 RMSNorm, fused `RMSNorm`, C07
      |                                                             ~~~~~~~~~

warning: the `Err`-variant returned from this function is very large
     --> crates/riley-cuda/src/graph.rs:11385:10
      |
11385 |       ) -> Result<
      |  __________^
11386 | |         OwnedGraphCanonicalRmsNormBf16Capture,
11387 | |         OwnedGraphCanonicalRmsNormBf16CaptureBeginError,
11388 | |     > {
      | |_____^ the `Err`-variant is at least 160 bytes
      |
      = help: try reducing the size of `graph::OwnedGraphCanonicalRmsNormBf16CaptureBeginError`, for example by boxing large elements or replacing it with `Box<graph::OwnedGraphCanonicalRmsNormBf16CaptureBeginError>`
      = help: for further information visit https://rust-lang.github.io/rust-clippy/master/index.html#result_large_err

warning: this function has too many arguments (8/7)
     --> crates/riley-cuda/src/graph.rs:11376:5
      |
11376 | /     pub fn begin_owned_graph_canonical_rms_norm_bf16_capture(
11377 | |         self,
11378 | |         input: CudaDeviceBuffer,
11379 | |         weight: CudaDeviceBuffer,
...     |
11387 | |         OwnedGraphCanonicalRmsNormBf16CaptureBeginError,
11388 | |     > {
      | |_____^
      |
      = help: for further information visit https://rust-lang.github.io/rust-clippy/master/index.html#too_many_arguments

warning: the `Err`-variant returned from this function is very large
     --> crates/riley-cuda/src/graph.rs:11478:10
      |
11478 |     ) -> Result<OwnedGraphBf16ArgmaxCapture, OwnedGraphBf16ArgmaxCaptureBeginError> {
      |          ^^^^^^^^^^^^^^^^^^^^^^^^^^^^^^^^^^^^^^^^^^^^^^^^^^^^^^^^^^^^^^^^^^^^^^^^^^ the `Err`-variant is at least 128 bytes
      |
      = help: try reducing the size of `graph::OwnedGraphBf16ArgmaxCaptureBeginError`, for example by boxing large elements or replacing it with `Box<graph::OwnedGraphBf16ArgmaxCaptureBeginError>`
      = help: for further information visit https://rust-lang.github.io/rust-clippy/master/index.html#result_large_err

warning: the `Err`-variant returned from this function is very large
     --> crates/riley-cuda/src/graph.rs:11556:10
      |
11556 |     ) -> Result<OwnedGraphBf16RowGatherCapture, OwnedGraphBf16RowGatherCaptureBeginError> {
      |          ^^^^^^^^^^^^^^^^^^^^^^^^^^^^^^^^^^^^^^^^^^^^^^^^^^^^^^^^^^^^^^^^^^^^^^^^^^^^^^^^ the `Err`-variant is at least 160 bytes
      |
      = help: try reducing the size of `graph::OwnedGraphBf16RowGatherCaptureBeginError`, for example by boxing large elements or replacing it with `Box<graph::OwnedGraphBf16RowGatherCaptureBeginError>`
      = help: for further information visit https://rust-lang.github.io/rust-clippy/master/index.html#result_large_err

warning: this function has too many arguments (8/7)
     --> crates/riley-cuda/src/graph.rs:11547:5
      |
11547 | /     pub fn begin_owned_graph_bf16_row_gather_capture(
11548 | |         self,
11549 | |         input: CudaDeviceBuffer,
11550 | |         row_indices: CudaDeviceBuffer,
...     |
11555 | |         mode: CudaGraphCaptureMode,
11556 | |     ) -> Result<OwnedGraphBf16RowGatherCapture, OwnedGraphBf16RowGatherCaptureBeginError> {
      | |_________________________________________________________________________________________^
      |
      = help: for further information visit https://rust-lang.github.io/rust-clippy/master/index.html#too_many_arguments

warning: this could be rewritten as `let...else`
     --> crates/riley-cuda/src/graph.rs:11564:13
      |
11564 | /             let output_row_count = match u64::try_from(row_indices_host.len()) {
11565 | |                 Ok(value) => value,
11566 | |                 Err(_) => {
11567 | |                     return Err(OwnedGraphBf16RowGatherCaptureBeginError::recoverable(
...     |
11575 | |             };
      | |______________^
      |
      = help: for further information visit https://rust-lang.github.io/rust-clippy/master/index.html#manual_let_else
      = note: `-W clippy::manual-let-else` implied by `-W clippy::pedantic`
      = help: to override `-W clippy::pedantic` add `#[allow(clippy::manual_let_else)]`
help: consider writing
      |
11564 ~             let Ok(output_row_count) = u64::try_from(row_indices_host.len()) else {
11565 +                     return Err(OwnedGraphBf16RowGatherCaptureBeginError::recoverable(
11566 +                         CudaError::out_of_range(
11567 +                             OPERATION,
11568 +                             "row_indices_host length exceeds the U64 row-count range",
11569 +                         ),
11570 +                         resources,
11571 +                     ));
11572 +                 };
      |

warning: the `Err`-variant returned from this function is very large
     --> crates/riley-cuda/src/graph.rs:11656:10
      |
11656 |     ) -> Result<OwnedGraphBf16RowGatherArgmaxCapture, OwnedGraphBf16RowGatherArgmaxCaptureBeginError>
      |          ^^^^^^^^^^^^^^^^^^^^^^^^^^^^^^^^^^^^^^^^^^^^^^^^^^^^^^^^^^^^^^^^^^^^^^^^^^^^^^^^^^^^^^^^^^^^ the `Err`-variant is at least 192 bytes
      |
      = help: try reducing the size of `graph::OwnedGraphBf16RowGatherArgmaxCaptureBeginError`, for example by boxing large elements or replacing it with `Box<graph::OwnedGraphBf16RowGatherArgmaxCaptureBeginError>`
      = help: for further information visit https://rust-lang.github.io/rust-clippy/master/index.html#result_large_err

warning: this function has too many arguments (9/7)
     --> crates/riley-cuda/src/graph.rs:11646:5
      |
11646 | /     pub fn begin_owned_graph_bf16_row_gather_argmax_capture(
11647 | |         self,
11648 | |         input: CudaDeviceBuffer,
11649 | |         row_indices: CudaDeviceBuffer,
...     |
11655 | |         mode: CudaGraphCaptureMode,
11656 | |     ) -> Result<OwnedGraphBf16RowGatherArgmaxCapture, OwnedGraphBf16RowGatherArgmaxCaptureBeginError>
      | |_____________________________________________________________________________________________________^
      |
      = help: for further information visit https://rust-lang.github.io/rust-clippy/master/index.html#too_many_arguments

warning: this could be rewritten as `let...else`
     --> crates/riley-cuda/src/graph.rs:11677:13
      |
11677 | /             let output_row_count = match u64::try_from(row_indices_host.len()) {
11678 | |                 Ok(value) => value,
11679 | |                 Err(_) => {
11680 | |                     return Err(OwnedGraphBf16RowGatherArgmaxCaptureBeginError::recoverable(
...     |
11688 | |             };
      | |______________^
      |
      = help: for further information visit https://rust-lang.github.io/rust-clippy/master/index.html#manual_let_else
help: consider writing
      |
11677 ~             let Ok(output_row_count) = u64::try_from(row_indices_host.len()) else {
11678 +                     return Err(OwnedGraphBf16RowGatherArgmaxCaptureBeginError::recoverable(
11679 +                         CudaError::out_of_range(
11680 +                             OPERATION,
11681 +                             "row_indices_host length exceeds the U64 row-count range",
11682 +                         ),
11683 +                         resources,
11684 +                     ));
11685 +                 };
      |

warning: the `Err`-variant returned from this function is very large
     --> crates/riley-cuda/src/graph.rs:11771:10
      |
11771 |       ) -> Result<
      |  __________^
11772 | |         OwnedGraphBf16RowGatherArgmaxD2HCapture,
11773 | |         OwnedGraphBf16RowGatherArgmaxD2HCaptureBeginError,
11774 | |     > {
      | |_____^ the `Err`-variant is at least 224 bytes
      |
      = help: try reducing the size of `graph::OwnedGraphBf16RowGatherArgmaxD2HCaptureBeginError`, for example by boxing large elements or replacing it with `Box<graph::OwnedGraphBf16RowGatherArgmaxD2HCaptureBeginError>`
      = help: for further information visit https://rust-lang.github.io/rust-clippy/master/index.html#result_large_err

warning: this function has too many arguments (10/7)
     --> crates/riley-cuda/src/graph.rs:11760:5
      |
11760 | /     pub fn begin_owned_graph_bf16_row_gather_argmax_d2h_capture(
11761 | |         self,
11762 | |         input: CudaDeviceBuffer,
11763 | |         row_indices: CudaDeviceBuffer,
...     |
11773 | |         OwnedGraphBf16RowGatherArgmaxD2HCaptureBeginError,
11774 | |     > {
      | |_____^
      |
      = help: for further information visit https://rust-lang.github.io/rust-clippy/master/index.html#too_many_arguments

warning: this could be rewritten as `let...else`
     --> crates/riley-cuda/src/graph.rs:11797:13
      |
11797 | /             let output_row_count = match u64::try_from(row_indices_host.len()) {
11798 | |                 Ok(value) => value,
11799 | |                 Err(_) => {
11800 | |                     return Err(
...     |
11810 | |             };
      | |______________^
      |
      = help: for further information visit https://rust-lang.github.io/rust-clippy/master/index.html#manual_let_else
help: consider writing
      |
11797 ~             let Ok(output_row_count) = u64::try_from(row_indices_host.len()) else {
11798 +                     return Err(
11799 +                         OwnedGraphBf16RowGatherArgmaxD2HCaptureBeginError::recoverable(
11800 +                             CudaError::out_of_range(
11801 +                                 OPERATION,
11802 +                                 "row_indices_host length exceeds the U64 row-count range",
11803 +                             ),
11804 +                             resources,
11805 +                         ),
11806 +                     );
11807 +                 };
      |

warning: the `Err`-variant returned from this function is very large
     --> crates/riley-cuda/src/graph.rs:11901:10
      |
11901 |     ) -> Result<OwnedGraphIndexedRopeBf16Capture, OwnedGraphIndexedRopeBf16CaptureBeginError> {
      |          ^^^^^^^^^^^^^^^^^^^^^^^^^^^^^^^^^^^^^^^^^^^^^^^^^^^^^^^^^^^^^^^^^^^^^^^^^^^^^^^^^^^^ the `Err`-variant is at least 224 bytes
      |
      = help: try reducing the size of `graph::OwnedGraphIndexedRopeBf16CaptureBeginError`, for example by boxing large elements or replacing it with `Box<graph::OwnedGraphIndexedRopeBf16CaptureBeginError>`
      = help: for further information visit https://rust-lang.github.io/rust-clippy/master/index.html#result_large_err

warning: this function has too many arguments (12/7)
     --> crates/riley-cuda/src/graph.rs:11888:5
      |
11888 | /     pub fn begin_owned_graph_indexed_rope_bf16_capture(
11889 | |         self,
11890 | |         input: CudaDeviceBuffer,
11891 | |         cos: CudaDeviceBuffer,
...     |
11900 | |         mode: CudaGraphCaptureMode,
11901 | |     ) -> Result<OwnedGraphIndexedRopeBf16Capture, OwnedGraphIndexedRopeBf16CaptureBeginError> {
      | |_____________________________________________________________________________________________^
      |
      = help: for further information visit https://rust-lang.github.io/rust-clippy/master/index.html#too_many_arguments

warning: this could be rewritten as `let...else`
     --> crates/riley-cuda/src/graph.rs:11911:13
      |
11911 | /             let active_row_count = match u64::try_from(positions_host.len()) {
11912 | |                 Ok(value) => value,
11913 | |                 Err(_) => {
11914 | |                     return Err(OwnedGraphIndexedRopeBf16CaptureBeginError::recoverable(
...     |
11922 | |             };
      | |______________^
      |
      = help: for further information visit https://rust-lang.github.io/rust-clippy/master/index.html#manual_let_else
help: consider writing
      |
11911 ~             let Ok(active_row_count) = u64::try_from(positions_host.len()) else {
11912 +                     return Err(OwnedGraphIndexedRopeBf16CaptureBeginError::recoverable(
11913 +                         CudaError::out_of_range(
11914 +                             OPERATION,
11915 +                             "positions_host length exceeds the U64 active-row-count range",
11916 +                         ),
11917 +                         resources,
11918 +                     ));
11919 +                 };
      |

warning: the `Err`-variant returned from this function is very large
     --> crates/riley-cuda/src/graph.rs:12023:10
      |
12023 |       ) -> Result<
      |  __________^
12024 | |         OwnedGraphRaggedPagedKvCacheWriteBf16Capture,
12025 | |         OwnedGraphRaggedPagedKvCacheWriteBf16CaptureBeginError,
12026 | |     > {
      | |_____^ the `Err`-variant is at least 352 bytes
      |
      = help: try reducing the size of `graph::OwnedGraphRaggedPagedKvCacheWriteBf16CaptureBeginError`, for example by boxing large elements or replacing it with `Box<graph::OwnedGraphRaggedPagedKvCacheWriteBf16CaptureBeginError>`
      = help: for further information visit https://rust-lang.github.io/rust-clippy/master/index.html#result_large_err

warning: this function has too many lines (102/100)
     --> crates/riley-cuda/src/graph.rs:12008:5
      |
12008 | /     pub fn begin_owned_graph_ragged_paged_kv_cache_write_bf16_capture(
12009 | |         self,
12010 | |         key_source: CudaDeviceBuffer,
12011 | |         value_source: CudaDeviceBuffer,
...     |
12129 | |     }
      | |_____^
      |
      = help: for further information visit https://rust-lang.github.io/rust-clippy/master/index.html#too_many_lines

warning: the `Err`-variant returned from this function is very large
     --> crates/riley-cuda/src/graph.rs:12165:10
      |
12165 |       ) -> Result<
      |  __________^
12166 | |         OwnedGraphGroupedRaggedPagedAttentionBf16Capture,
12167 | |         OwnedGraphGroupedRaggedPagedAttentionBf16CaptureBeginError,
12168 | |     > {
      | |_____^ the `Err`-variant is at least 352 bytes
      |
      = help: try reducing the size of `graph::OwnedGraphGroupedRaggedPagedAttentionBf16CaptureBeginError`, for example by boxing large elements or replacing it with `Box<graph::OwnedGraphGroupedRaggedPagedAttentionBf16CaptureBeginError>`
      = help: for further information visit https://rust-lang.github.io/rust-clippy/master/index.html#result_large_err

warning: this function has too many lines (113/100)
     --> crates/riley-cuda/src/graph.rs:12148:5
      |
12148 | /     pub fn begin_owned_graph_grouped_ragged_paged_attention_bf16_capture(
12149 | |         self,
12150 | |         query: CudaDeviceBuffer,
12151 | |         key_pool: CudaDeviceBuffer,
...     |
12282 | |     }
      | |_____^
      |
      = help: for further information visit https://rust-lang.github.io/rust-clippy/master/index.html#too_many_lines

warning: the `Err`-variant returned from this function is very large
     --> crates/riley-cuda/src/graph.rs:12312:10
      |
12312 |       ) -> Result<
      |  __________^
12313 | |         OwnedGraphBf16EmbeddingStatusD2HCapture,
12314 | |         OwnedGraphBf16EmbeddingStatusD2HCaptureBeginError,
12315 | |     > {
      | |_____^ the `Err`-variant is at least 224 bytes
      |
      = help: try reducing the size of `graph::OwnedGraphBf16EmbeddingStatusD2HCaptureBeginError`, for example by boxing large elements or replacing it with `Box<graph::OwnedGraphBf16EmbeddingStatusD2HCaptureBeginError>`
      = help: for further information visit https://rust-lang.github.io/rust-clippy/master/index.html#result_large_err

warning: the `Err`-variant returned from this function is very large
     --> crates/riley-cuda/src/graph.rs:12423:10
      |
12423 |     ) -> Result<OwnedGraphCanonicalGemmBf16Capture, OwnedGraphCanonicalGemmBf16CaptureBeginError>
      |          ^^^^^^^^^^^^^^^^^^^^^^^^^^^^^^^^^^^^^^^^^^^^^^^^^^^^^^^^^^^^^^^^^^^^^^^^^^^^^^^^^^^^^^^^ the `Err`-variant is at least 376 bytes
      |
      = help: try reducing the size of `graph::OwnedGraphCanonicalGemmBf16CaptureBeginError`, for example by boxing large elements or replacing it with `Box<graph::OwnedGraphCanonicalGemmBf16CaptureBeginError>`
      = help: for further information visit https://rust-lang.github.io/rust-clippy/master/index.html#result_large_err

warning: item in documentation is missing backticks
     --> crates/riley-cuda/src/graph.rs:12481:56
      |
12481 |     /// Begins one C05-22 fixed-address canonical BF16 RMSNorm -> cuBLASLt
      |                                                        ^^^^^^^
      |
      = help: for further information visit https://rust-lang.github.io/rust-clippy/master/index.html#doc_markdown
help: try
      |
12481 |     /// Begins one C05-22 fixed-address canonical BF16 `RMSNorm` -> cuBLASLt
      |                                                        ~~~~~~~~~

warning: item in documentation is missing backticks
     --> crates/riley-cuda/src/graph.rs:12485:19
      |
12485 |     /// canonical RMSNorm input/weight, the one intermediate allocation, GEMM
      |                   ^^^^^^^
      |
      = help: for further information visit https://rust-lang.github.io/rust-clippy/master/index.html#doc_markdown
help: try
      |
12485 |     /// canonical `RMSNorm` input/weight, the one intermediate allocation, GEMM
      |                   ~~~~~~~~~

warning: item in documentation is missing backticks
     --> crates/riley-cuda/src/graph.rs:12487:58
      |
12487 |     /// intermediate is supplied exactly once: it is the RMSNorm output and
      |                                                          ^^^^^^^
      |
      = help: for further information visit https://rust-lang.github.io/rust-clippy/master/index.html#doc_markdown
help: try
      |
12487 |     /// intermediate is supplied exactly once: it is the `RMSNorm` output and
      |                                                          ~~~~~~~~~

warning: the `Err`-variant returned from this function is very large
     --> crates/riley-cuda/src/graph.rs:12513:10
      |
12513 |       ) -> Result<
      |  __________^
12514 | |         OwnedGraphCanonicalRmsNormGemmBf16Capture,
12515 | |         OwnedGraphCanonicalRmsNormGemmBf16CaptureBeginError,
12516 | |     > {
      | |_____^ the `Err`-variant is at least 440 bytes
      |
      = help: try reducing the size of `graph::OwnedGraphCanonicalRmsNormGemmBf16CaptureBeginError`, for example by boxing large elements or replacing it with `Box<graph::OwnedGraphCanonicalRmsNormGemmBf16CaptureBeginError>`
      = help: for further information visit https://rust-lang.github.io/rust-clippy/master/index.html#result_large_err

warning: `riley-cuda` (lib) generated 255 warnings (run `cargo clippy --fix --lib -p riley-cuda` to apply 72 suggestions)
    Checking riley-tensor v0.1.0 (/tmp/riley-g01-native-260910/crates/riley-tensor)
    Checking riley-model v0.1.0 (/tmp/riley-g01-native-260910/crates/riley-model)
    Checking riley-runtime v0.1.0 (/tmp/riley-g01-native-260910/crates/riley-runtime)
warning: unused import: `U16_BYTES`
  --> crates/riley-runtime/src/llama/batch_executor.rs:23:50
   |
23 | use super::executor::buffers::{BatchDeviceInput, U16_BYTES, U32_BYTES};
   |                                                  ^^^^^^^^^
   |
   = note: `#[warn(unused_imports)]` on by default

warning: unused imports: `PackedIterationLayout` and `pack_iteration_input`
  --> crates/riley-runtime/src/llama/batch_executor.rs:42:5
   |
42 |     PackedIterationLayout, pack_iteration_input, validate_for_execution,
   |     ^^^^^^^^^^^^^^^^^^^^^  ^^^^^^^^^^^^^^^^^^^^

warning: redundant field names in struct initialization
   --> crates/riley-runtime/src/llama/executor/dispatch.rs:408:21
    |
408 |                     produce_greedy_tokens: produce_greedy_tokens,
    |                     ^^^^^^^^^^^^^^^^^^^^^^^^^^^^^^^^^^^^^^^^^^^^ help: replace it with: `produce_greedy_tokens`
    |
    = help: for further information visit https://rust-lang.github.io/rust-clippy/master/index.html#redundant_field_names
    = note: `-W clippy::redundant-field-names` implied by `-W clippy::all`
    = help: to override `-W clippy::all` add `#[allow(clippy::redundant_field_names)]`

warning: constant `BF16_BYTES` is never used
  --> crates/riley-runtime/src/llama/batch_executor.rs:62:7
   |
62 | const BF16_BYTES: u64 = 2;
   |       ^^^^^^^^^^
   |
   = note: `#[warn(dead_code)]` on by default

warning: this argument (264 byte) is passed by value, but might be more efficient if passed by reference (limit: 256 byte)
   --> crates/riley-runtime/src/llama/batch_executor.rs:712:13
    |
712 |     packed: LlamaPackedBatchMetadata<'_>,
    |             ^^^^^^^^^^^^^^^^^^^^^^^^^^^^ help: consider passing by reference instead: `&LlamaPackedBatchMetadata<'_>`
    |
    = help: for further information visit https://rust-lang.github.io/rust-clippy/master/index.html#large_types_passed_by_value
    = note: `-W clippy::large-types-passed-by-value` implied by `-W clippy::pedantic`
    = help: to override `-W clippy::pedantic` add `#[allow(clippy::large_types_passed_by_value)]`

warning: derefed type is same as origin
   --> crates/riley-runtime/src/llama/graph_decode_gemm_audit.rs:342:21
    |
342 | /                     workspace
343 | |                         .as_deref_mut()
    | |_______________________________________^ help: try: `workspace`
    |
    = help: for further information visit https://rust-lang.github.io/rust-clippy/master/index.html#needless_option_as_deref
    = note: `-W clippy::needless-option-as-deref` implied by `-W clippy::all`
    = help: to override `-W clippy::all` add `#[allow(clippy::needless_option_as_deref)]`

warning: item in documentation is missing backticks
  --> crates/riley-runtime/src/llama/graph_decode_c05_capture_capability_evidence.rs:10:10
   |
10 | //! BF16 RMSNorm to the per-layer normalization slot, fixed-address BF16
   |          ^^^^^^^
   |
   = help: for further information visit https://rust-lang.github.io/rust-clippy/master/index.html#doc_markdown
   = note: `-W clippy::doc-markdown` implied by `-W clippy::pedantic`
   = help: to override `-W clippy::pedantic` add `#[allow(clippy::doc_markdown)]`
help: try
   |
10 | //! BF16 `RMSNorm` to the per-layer normalization slot, fixed-address BF16
   |          ~~~~~~~~~

warning: item in documentation is missing backticks
  --> crates/riley-runtime/src/llama/graph_decode_c05_capture_capability_evidence.rs:11:13
   |
11 | //! indexed RoPE to the decode RoPE slot, fixed-address BF16 ragged paged K/V
   |             ^^^^
   |
   = help: for further information visit https://rust-lang.github.io/rust-clippy/master/index.html#doc_markdown
help: try
   |
11 | //! indexed `RoPE` to the decode RoPE slot, fixed-address BF16 ragged paged K/V
   |             ~~~~~~

warning: item in documentation is missing backticks
  --> crates/riley-runtime/src/llama/graph_decode_c05_capture_capability_evidence.rs:11:32
   |
11 | //! indexed RoPE to the decode RoPE slot, fixed-address BF16 ragged paged K/V
   |                                ^^^^
   |
   = help: for further information visit https://rust-lang.github.io/rust-clippy/master/index.html#doc_markdown
help: try
   |
11 | //! indexed RoPE to the decode `RoPE` slot, fixed-address BF16 ragged paged K/V
   |                                ~~~~~~

warning: item in documentation is missing backticks
  --> crates/riley-runtime/src/llama/graph_decode_c05_capture_capability_evidence.rs:12:60
   |
12 | //! write to the decode K/V-write slot, fixed-address BF16 SiLU to the MLP
   |                                                            ^^^^
   |
   = help: for further information visit https://rust-lang.github.io/rust-clippy/master/index.html#doc_markdown
help: try
   |
12 | //! write to the decode K/V-write slot, fixed-address BF16 `SiLU` to the MLP
   |                                                            ~~~~~~

warning: this match arm has an identical body to the `_` wildcard arm
  --> crates/riley-runtime/src/llama/graph_decode_c05_capture_capability_evidence.rs:30:9
   |
30 | /         CudaGraphCaptureCapability::Unknown => GraphOperatorCapability::Unknown,
31 | |         CudaGraphCaptureCapability::Unsupported => GraphOperatorCapability::Unsupported,
   | |________^ help: try removing the arm
   |
   = help: or try changing either arm body
note: `_` wildcard arm here
  --> crates/riley-runtime/src/llama/graph_decode_c05_capture_capability_evidence.rs:33:9
   |
33 |         _ => GraphOperatorCapability::Unknown,
   |         ^^^^^^^^^^^^^^^^^^^^^^^^^^^^^^^^^^^^^
   = help: for further information visit https://rust-lang.github.io/rust-clippy/master/index.html#match_same_arms
   = note: `-W clippy::match-same-arms` implied by `-W clippy::pedantic`
   = help: to override `-W clippy::pedantic` add `#[allow(clippy::match_same_arms)]`

warning: all variants have the same postfix: `Slab`
  --> crates/riley-runtime/src/llama/graph_decode_c05_h2d_metadata_owner.rs:41:1
   |
41 | / pub(crate) enum PureDecodeGraphV1C05H2DMetadataResource {
42 | |     /// The successful exact host-slab lease being staged.
43 | |     HostSlab,
44 | |     /// The C07-owned pinned H2D source allocation.
...  |
47 | |     DeviceSlab,
48 | | }
   | |_^
   |
   = help: remove the postfixes and use full paths to the variants instead of glob imports
   = help: for further information visit https://rust-lang.github.io/rust-clippy/master/index.html#enum_variant_names
   = note: `-W clippy::enum-variant-names` implied by `-W clippy::all`
   = help: to override `-W clippy::all` add `#[allow(clippy::enum_variant_names)]`

warning: this argument (512 byte) is passed by value, but might be more efficient if passed by reference (limit: 256 byte)
   --> crates/riley-runtime/src/llama/graph_decode_c05_h2d_metadata_owner.rs:258:50
    |
258 |     fn from_signature_binding(signature_binding: PureDecodeGraphV1C06SignatureBinding) -> Self {
    |                                                  ^^^^^^^^^^^^^^^^^^^^^^^^^^^^^^^^^^^^ help: consider passing by reference instead: `&PureDecodeGraphV1C06SignatureBinding`
    |
    = help: for further information visit https://rust-lang.github.io/rust-clippy/master/index.html#large_types_passed_by_value

warning: the `Err`-variant returned from this function is very large
   --> crates/riley-runtime/src/llama/graph_decode_c05_h2d_metadata_owner.rs:313:10
    |
313 |     ) -> Result<Self, PureDecodeGraphV1C05H2DMetadataOwnerPrepareError> {
    |          ^^^^^^^^^^^^^^^^^^^^^^^^^^^^^^^^^^^^^^^^^^^^^^^^^^^^^^^^^^^^^^ the `Err`-variant is at least 1488 bytes
    |
    = help: try reducing the size of `llama::graph_decode_c05_h2d_metadata_owner::PureDecodeGraphV1C05H2DMetadataOwnerPrepareError`, for example by boxing large elements or replacing it with `Box<llama::graph_decode_c05_h2d_metadata_owner::PureDecodeGraphV1C05H2DMetadataOwnerPrepareError>`
    = help: for further information visit https://rust-lang.github.io/rust-clippy/master/index.html#result_large_err
    = note: `-W clippy::result-large-err` implied by `-W clippy::all`
    = help: to override `-W clippy::all` add `#[allow(clippy::result_large_err)]`

warning: this argument (512 byte) is passed by value, but might be more efficient if passed by reference (limit: 256 byte)
   --> crates/riley-runtime/src/llama/graph_decode_c05_h2d_metadata_owner.rs:309:28
    |
309 |         signature_binding: PureDecodeGraphV1C06SignatureBinding,
    |                            ^^^^^^^^^^^^^^^^^^^^^^^^^^^^^^^^^^^^ help: consider passing by reference instead: `&PureDecodeGraphV1C06SignatureBinding`
    |
    = help: for further information visit https://rust-lang.github.io/rust-clippy/master/index.html#large_types_passed_by_value

warning: the `Err`-variant returned from this function is very large
   --> crates/riley-runtime/src/llama/graph_decode_c05_h2d_metadata_owner.rs:364:10
    |
364 |       ) -> Result<
    |  __________^
365 | |         PureDecodeGraphV1C05ExactMetadataH2DOwner,
366 | |         PureDecodeGraphV1C05H2DMetadataOwnerPrepareError,
367 | |     > {
    | |_____^ the `Err`-variant is at least 1488 bytes
    |
    = help: try reducing the size of `llama::graph_decode_c05_h2d_metadata_owner::PureDecodeGraphV1C05H2DMetadataOwnerPrepareError`, for example by boxing large elements or replacing it with `Box<llama::graph_decode_c05_h2d_metadata_owner::PureDecodeGraphV1C05H2DMetadataOwnerPrepareError>`
    = help: for further information visit https://rust-lang.github.io/rust-clippy/master/index.html#result_large_err

warning: this argument (792 byte) is passed by value, but might be more efficient if passed by reference (limit: 256 byte)
   --> crates/riley-runtime/src/llama/graph_decode_c05_h2d_metadata_owner.rs:496:21
    |
496 |         provenance: PureDecodeGraphV1C05H2DMetadataProvenance,
    |                     ^^^^^^^^^^^^^^^^^^^^^^^^^^^^^^^^^^^^^^^^^ help: consider passing by reference instead: `&PureDecodeGraphV1C05H2DMetadataProvenance`
    |
    = help: for further information visit https://rust-lang.github.io/rust-clippy/master/index.html#large_types_passed_by_value

warning: the `Err`-variant returned from this function is very large
   --> crates/riley-runtime/src/llama/graph_decode_c05_h2d_metadata_owner.rs:564:10
    |
564 |       ) -> Result<
    |  __________^
565 | |         PureDecodeGraphV1C05H2DReplayResolution<'_>,
566 | |         PureDecodeGraphV1C05H2DReplayResolveError,
567 | |     > {
    | |_____^
    |
   ::: crates/riley-runtime/src/llama/graph_decode_c05_owned_h2d_exec_resolver.rs:164:5
    |
164 | /     SignatureMismatch {
165 | |         /// Complete identity carried by the C07 selection binding.
166 | |         selected: GraphSignature,
167 | |         /// Complete identity retained by this private C05 H2D owner.
168 | |         owned: GraphSignature,
169 | |     },
    | |_____- the largest variant contains at least 352 bytes
    |
    = help: try reducing the size of `llama::graph_decode_c05_owned_h2d_exec_resolver::PureDecodeGraphV1C05H2DReplayResolveError`, for example by boxing large elements or replacing it with `Box<llama::graph_decode_c05_owned_h2d_exec_resolver::PureDecodeGraphV1C05H2DReplayResolveError>`
    = help: for further information visit https://rust-lang.github.io/rust-clippy/master/index.html#result_large_err

warning: this argument (520 byte) is passed by value, but might be more efficient if passed by reference (limit: 256 byte)
   --> crates/riley-runtime/src/llama/graph_decode_c05_h2d_metadata_owner.rs:563:20
    |
563 |         selection: PureDecodeGraphV1C06RegistryDispatchBinding,
    |                    ^^^^^^^^^^^^^^^^^^^^^^^^^^^^^^^^^^^^^^^^^^^ help: consider passing by reference instead: `&PureDecodeGraphV1C06RegistryDispatchBinding`
    |
    = help: for further information visit https://rust-lang.github.io/rust-clippy/master/index.html#large_types_passed_by_value

warning: this argument (792 byte) is passed by value, but might be more efficient if passed by reference (limit: 256 byte)
   --> crates/riley-runtime/src/llama/graph_decode_c05_h2d_metadata_owner.rs:588:17
    |
588 |     provenance: PureDecodeGraphV1C05H2DMetadataProvenance,
    |                 ^^^^^^^^^^^^^^^^^^^^^^^^^^^^^^^^^^^^^^^^^ help: consider passing by reference instead: `&PureDecodeGraphV1C05H2DMetadataProvenance`
    |
    = help: for further information visit https://rust-lang.github.io/rust-clippy/master/index.html#large_types_passed_by_value

warning: this function has a `#[must_use]` attribute with no message, but returns a type already marked as `#[must_use]`
  --> crates/riley-runtime/src/llama/graph_decode_c05_owned_exec_resolver.rs:50:5
   |
50 | /     pub(crate) const fn new(
51 | |         signature_binding: PureDecodeGraphV1C06SignatureBinding,
52 | |         replay_slot: GraphReplaySlot,
53 | |         exec: OwnedGraphExec,
54 | |     ) -> Self {
   | |_____________^
   |
   = help: either add some descriptive message or remove the attribute
   = help: for further information visit https://rust-lang.github.io/rust-clippy/master/index.html#double_must_use
   = note: `-W clippy::double-must-use` implied by `-W clippy::all`
   = help: to override `-W clippy::all` add `#[allow(clippy::double_must_use)]`

warning: this argument (512 byte) is passed by value, but might be more efficient if passed by reference (limit: 256 byte)
  --> crates/riley-runtime/src/llama/graph_decode_c05_owned_exec_resolver.rs:51:28
   |
51 |         signature_binding: PureDecodeGraphV1C06SignatureBinding,
   |                            ^^^^^^^^^^^^^^^^^^^^^^^^^^^^^^^^^^^^ help: consider passing by reference instead: `&PureDecodeGraphV1C06SignatureBinding`
   |
   = help: for further information visit https://rust-lang.github.io/rust-clippy/master/index.html#large_types_passed_by_value

warning: the `Err`-variant returned from this function is very large
   --> crates/riley-runtime/src/llama/graph_decode_c05_owned_exec_resolver.rs:84:10
    |
84  |       ) -> Result<PureDecodeGraphV1C05ReplayResolution<'_>, PureDecodeGraphV1C05ReplayResolveError>
    |            ^^^^^^^^^^^^^^^^^^^^^^^^^^^^^^^^^^^^^^^^^^^^^^^^^^^^^^^^^^^^^^^^^^^^^^^^^^^^^^^^^^^^^^^^
...
158 | /     SignatureMismatch {
159 | |         /// Complete identity carried by the C07 selection binding.
160 | |         selected: GraphSignature,
161 | |         /// Complete identity retained by this private C05 owner.
162 | |         owned: GraphSignature,
163 | |     },
    | |_____- the largest variant contains at least 352 bytes
    |
    = help: try reducing the size of `llama::graph_decode_c05_owned_exec_resolver::PureDecodeGraphV1C05ReplayResolveError`, for example by boxing large elements or replacing it with `Box<llama::graph_decode_c05_owned_exec_resolver::PureDecodeGraphV1C05ReplayResolveError>`
    = help: for further information visit https://rust-lang.github.io/rust-clippy/master/index.html#result_large_err

warning: this argument (520 byte) is passed by value, but might be more efficient if passed by reference (limit: 256 byte)
  --> crates/riley-runtime/src/llama/graph_decode_c05_owned_exec_resolver.rs:83:20
   |
83 |         selection: PureDecodeGraphV1C06RegistryDispatchBinding,
   |                    ^^^^^^^^^^^^^^^^^^^^^^^^^^^^^^^^^^^^^^^^^^^ help: consider passing by reference instead: `&PureDecodeGraphV1C06RegistryDispatchBinding`
   |
   = help: for further information visit https://rust-lang.github.io/rust-clippy/master/index.html#large_types_passed_by_value

warning: large size difference between variants
   --> crates/riley-runtime/src/llama/graph_decode_c05_owned_exec_resolver.rs:156:1
    |
156 | /   pub(crate) enum PureDecodeGraphV1C05ReplayResolveError {
157 | |       /// A selected full graph named a different complete immutable identity.
158 | | /     SignatureMismatch {
159 | | |         /// Complete identity carried by the C07 selection binding.
160 | | |         selected: GraphSignature,
161 | | |         /// Complete identity retained by this private C05 owner.
162 | | |         owned: GraphSignature,
163 | | |     },
    | | |_____- the largest variant contains at least 352 bytes
164 | |       /// A selected full graph used another logical replay slot.
165 | | /     SlotMismatch {
166 | | |         /// Slot carried by the C07 selection decision.
167 | | |         selected: GraphReplaySlot,
168 | | |         /// Slot retained by this private C05 owner.
169 | | |         owned: GraphReplaySlot,
170 | | |     },
    | | |_____- the second-largest variant contains at least 8 bytes
...   |
175 | |       },
176 | |   }
    | |___^ the entire enum is at least 352 bytes
    |
note: boxing a variant would require the type no longer be `Copy`
   --> crates/riley-runtime/src/llama/graph_decode_c05_owned_exec_resolver.rs:156:17
    |
156 | pub(crate) enum PureDecodeGraphV1C05ReplayResolveError {
    |                 ^^^^^^^^^^^^^^^^^^^^^^^^^^^^^^^^^^^^^^
help: consider boxing the large fields to reduce the total size of the enum
   --> crates/riley-runtime/src/llama/graph_decode_c05_owned_exec_resolver.rs:158:5
    |
158 | /     SignatureMismatch {
159 | |         /// Complete identity carried by the C07 selection binding.
160 | |         selected: GraphSignature,
161 | |         /// Complete identity retained by this private C05 owner.
162 | |         owned: GraphSignature,
163 | |     },
    | |_____^
    = help: for further information visit https://rust-lang.github.io/rust-clippy/master/index.html#large_enum_variant
    = note: `-W clippy::large-enum-variant` implied by `-W clippy::all`
    = help: to override `-W clippy::all` add `#[allow(clippy::large_enum_variant)]`

warning: the `Err`-variant returned from this function is very large
   --> crates/riley-runtime/src/llama/graph_decode_c05_owned_exec_resolver.rs:217:6
    |
158 | /     SignatureMismatch {
159 | |         /// Complete identity carried by the C07 selection binding.
160 | |         selected: GraphSignature,
161 | |         /// Complete identity retained by this private C05 owner.
162 | |         owned: GraphSignature,
163 | |     },
    | |_____- the largest variant contains at least 352 bytes
...
217 |   ) -> Result<PureDecodeGraphV1C05ReplaySelection, PureDecodeGraphV1C05ReplayResolveError> {
    |        ^^^^^^^^^^^^^^^^^^^^^^^^^^^^^^^^^^^^^^^^^^^^^^^^^^^^^^^^^^^^^^^^^^^^^^^^^^^^^^^^^^^
    |
    = help: try reducing the size of `llama::graph_decode_c05_owned_exec_resolver::PureDecodeGraphV1C05ReplayResolveError`, for example by boxing large elements or replacing it with `Box<llama::graph_decode_c05_owned_exec_resolver::PureDecodeGraphV1C05ReplayResolveError>`
    = help: for further information visit https://rust-lang.github.io/rust-clippy/master/index.html#result_large_err

warning: this function has a `#[must_use]` attribute with no message, but returns a type already marked as `#[must_use]`
  --> crates/riley-runtime/src/llama/graph_decode_c05_owned_h2d_exec_resolver.rs:50:5
   |
50 | /     pub(crate) const fn new(
51 | |         signature_binding: PureDecodeGraphV1C06SignatureBinding,
52 | |         replay_slot: GraphReplaySlot,
53 | |         exec: OwnedGraphH2DExec,
54 | |     ) -> Self {
   | |_____________^
   |
   = help: either add some descriptive message or remove the attribute
   = help: for further information visit https://rust-lang.github.io/rust-clippy/master/index.html#double_must_use

warning: this argument (512 byte) is passed by value, but might be more efficient if passed by reference (limit: 256 byte)
  --> crates/riley-runtime/src/llama/graph_decode_c05_owned_h2d_exec_resolver.rs:51:28
   |
51 |         signature_binding: PureDecodeGraphV1C06SignatureBinding,
   |                            ^^^^^^^^^^^^^^^^^^^^^^^^^^^^^^^^^^^^ help: consider passing by reference instead: `&PureDecodeGraphV1C06SignatureBinding`
   |
   = help: for further information visit https://rust-lang.github.io/rust-clippy/master/index.html#large_types_passed_by_value

warning: the `Err`-variant returned from this function is very large
   --> crates/riley-runtime/src/llama/graph_decode_c05_owned_h2d_exec_resolver.rs:85:10
    |
85  |       ) -> Result<
    |  __________^
86  | |         PureDecodeGraphV1C05H2DReplayResolution<'_>,
87  | |         PureDecodeGraphV1C05H2DReplayResolveError,
88  | |     > {
    | |_____^
...
164 | /     SignatureMismatch {
165 | |         /// Complete identity carried by the C07 selection binding.
166 | |         selected: GraphSignature,
167 | |         /// Complete identity retained by this private C05 H2D owner.
168 | |         owned: GraphSignature,
169 | |     },
    | |_____- the largest variant contains at least 352 bytes
    |
    = help: try reducing the size of `llama::graph_decode_c05_owned_h2d_exec_resolver::PureDecodeGraphV1C05H2DReplayResolveError`, for example by boxing large elements or replacing it with `Box<llama::graph_decode_c05_owned_h2d_exec_resolver::PureDecodeGraphV1C05H2DReplayResolveError>`
    = help: for further information visit https://rust-lang.github.io/rust-clippy/master/index.html#result_large_err

warning: this argument (520 byte) is passed by value, but might be more efficient if passed by reference (limit: 256 byte)
  --> crates/riley-runtime/src/llama/graph_decode_c05_owned_h2d_exec_resolver.rs:84:20
   |
84 |         selection: PureDecodeGraphV1C06RegistryDispatchBinding,
   |                    ^^^^^^^^^^^^^^^^^^^^^^^^^^^^^^^^^^^^^^^^^^^ help: consider passing by reference instead: `&PureDecodeGraphV1C06RegistryDispatchBinding`
   |
   = help: for further information visit https://rust-lang.github.io/rust-clippy/master/index.html#large_types_passed_by_value

warning: large size difference between variants
   --> crates/riley-runtime/src/llama/graph_decode_c05_owned_h2d_exec_resolver.rs:162:1
    |
162 | /   pub(crate) enum PureDecodeGraphV1C05H2DReplayResolveError {
163 | |       /// A selected full graph named a different complete immutable identity.
164 | | /     SignatureMismatch {
165 | | |         /// Complete identity carried by the C07 selection binding.
166 | | |         selected: GraphSignature,
167 | | |         /// Complete identity retained by this private C05 H2D owner.
168 | | |         owned: GraphSignature,
169 | | |     },
    | | |_____- the largest variant contains at least 352 bytes
170 | |       /// A selected full graph used another logical replay slot.
171 | | /     SlotMismatch {
172 | | |         /// Slot carried by the C07 selection decision.
173 | | |         selected: GraphReplaySlot,
174 | | |         /// Slot retained by this private C05 H2D owner.
175 | | |         owned: GraphReplaySlot,
176 | | |     },
    | | |_____- the second-largest variant contains at least 8 bytes
...   |
181 | |       },
182 | |   }
    | |___^ the entire enum is at least 352 bytes
    |
note: boxing a variant would require the type no longer be `Copy`
   --> crates/riley-runtime/src/llama/graph_decode_c05_owned_h2d_exec_resolver.rs:162:17
    |
162 | pub(crate) enum PureDecodeGraphV1C05H2DReplayResolveError {
    |                 ^^^^^^^^^^^^^^^^^^^^^^^^^^^^^^^^^^^^^^^^^
help: consider boxing the large fields to reduce the total size of the enum
   --> crates/riley-runtime/src/llama/graph_decode_c05_owned_h2d_exec_resolver.rs:164:5
    |
164 | /     SignatureMismatch {
165 | |         /// Complete identity carried by the C07 selection binding.
166 | |         selected: GraphSignature,
167 | |         /// Complete identity retained by this private C05 H2D owner.
168 | |         owned: GraphSignature,
169 | |     },
    | |_____^
    = help: for further information visit https://rust-lang.github.io/rust-clippy/master/index.html#large_enum_variant

warning: the `Err`-variant returned from this function is very large
   --> crates/riley-runtime/src/llama/graph_decode_c05_owned_h2d_exec_resolver.rs:223:6
    |
164 | /     SignatureMismatch {
165 | |         /// Complete identity carried by the C07 selection binding.
166 | |         selected: GraphSignature,
167 | |         /// Complete identity retained by this private C05 H2D owner.
168 | |         owned: GraphSignature,
169 | |     },
    | |_____- the largest variant contains at least 352 bytes
...
223 |   ) -> Result<PureDecodeGraphV1C05H2DReplaySelection, PureDecodeGraphV1C05H2DReplayResolveError> {
    |        ^^^^^^^^^^^^^^^^^^^^^^^^^^^^^^^^^^^^^^^^^^^^^^^^^^^^^^^^^^^^^^^^^^^^^^^^^^^^^^^^^^^^^^^^^
    |
    = help: try reducing the size of `llama::graph_decode_c05_owned_h2d_exec_resolver::PureDecodeGraphV1C05H2DReplayResolveError`, for example by boxing large elements or replacing it with `Box<llama::graph_decode_c05_owned_h2d_exec_resolver::PureDecodeGraphV1C05H2DReplayResolveError>`
    = help: for further information visit https://rust-lang.github.io/rust-clippy/master/index.html#result_large_err

warning: item in documentation is missing backticks
  --> crates/riley-runtime/src/llama/graph_decode_capture_inventory.rs:49:36
   |
49 |     /// C07 V1's out-of-place BF16 SiLU from gate projection to activated gate.
   |                                    ^^^^
   |
   = help: for further information visit https://rust-lang.github.io/rust-clippy/master/index.html#doc_markdown
help: try
   |
49 |     /// C07 V1's out-of-place BF16 `SiLU` from gate projection to activated gate.
   |                                    ~~~~~~

warning: this argument is passed by value, but not consumed in the function body
   --> crates/riley-runtime/src/llama/graph_decode_exact_device_slab.rs:159:17
    |
159 |         source: PureDecodeGraphV1ExactPinnedHostSlabLease<'pinned>,
    |                 ^^^^^^^^^^^^^^^^^^^^^^^^^^^^^^^^^^^^^^^^^^^^^^^^^^ help: consider taking a reference instead: `&PureDecodeGraphV1ExactPinnedHostSlabLease<'pinned>`
    |
help: or consider marking this type as `Copy`
   --> crates/riley-runtime/src/llama/graph_decode_exact_pinned_host_slab.rs:70:1
    |
70  | pub(crate) struct PureDecodeGraphV1ExactPinnedHostSlabLease<'pinned> {
    | ^^^^^^^^^^^^^^^^^^^^^^^^^^^^^^^^^^^^^^^^^^^^^^^^^^^^^^^^^^^^^^^^^^^^
    = help: for further information visit https://rust-lang.github.io/rust-clippy/master/index.html#needless_pass_by_value
    = note: `-W clippy::needless-pass-by-value` implied by `-W clippy::pedantic`
    = help: to override `-W clippy::pedantic` add `#[allow(clippy::needless_pass_by_value)]`

warning: `riley-runtime` (lib) generated 34 warnings (run `cargo clippy --fix --lib -p riley-runtime` to apply 9 suggestions)
    Finished `dev` profile [unoptimized + debuginfo] target(s) in 9.83s
