0	0	128	/tmp/riley-opt-260912/rope-arithmetic-probe/fixtures/qkv-000.bin	/tmp/riley-opt-260912/rope-arithmetic-probe/fixtures/cos-0.bin	/tmp/riley-opt-260912/rope-arithmetic-probe/fixtures/sin-0.bin	/tmp/riley-opt-260912/rope-arithmetic-probe/fixtures/metadata-000.bin
1	0	129	/tmp/riley-opt-260912/rope-arithmetic-probe/fixtures/qkv-001.bin	/tmp/riley-opt-260912/rope-arithmetic-probe/fixtures/cos-0.bin	/tmp/riley-opt-260912/rope-arithmetic-probe/fixtures/sin-0.bin	/tmp/riley-opt-260912/rope-arithmetic-probe/fixtures/metadata-001.bin
2	0	130	/tmp/riley-opt-260912/rope-arithmetic-probe/fixtures/qkv-002.bin	/tmp/riley-opt-260912/rope-arithmetic-probe/fixtures/cos-0.bin	/tmp/riley-opt-260912/rope-arithmetic-probe/fixtures/sin-0.bin	/tmp/riley-opt-260912/rope-arithmetic-probe/fixtures/metadata-002.bin
3	0	131	/tmp/riley-opt-260912/rope-arithmetic-probe/fixtures/qkv-003.bin	/tmp/riley-opt-260912/rope-arithmetic-probe/fixtures/cos-0.bin	/tmp/riley-opt-260912/rope-arithmetic-probe/fixtures/sin-0.bin	/tmp/riley-opt-260912/rope-arithmetic-probe/fixtures/metadata-003.bin
4	0	132	/tmp/riley-opt-260912/rope-arithmetic-probe/fixtures/qkv-004.bin	/tmp/riley-opt-260912/rope-arithmetic-probe/fixtures/cos-0.bin	/tmp/riley-opt-260912/rope-arithmetic-probe/fixtures/sin-0.bin	/tmp/riley-opt-260912/rope-arithmetic-probe/fixtures/metadata-004.bin
5	0	133	/tmp/riley-opt-260912/rope-arithmetic-probe/fixtures/qkv-005.bin	/tmp/riley-opt-260912/rope-arithmetic-probe/fixtures/cos-0.bin	/tmp/riley-opt-260912/rope-arithmetic-probe/fixtures/sin-0.bin	/tmp/riley-opt-260912/rope-arithmetic-probe/fixtures/metadata-005.bin
6	0	134	/tmp/riley-opt-260912/rope-arithmetic-probe/fixtures/qkv-006.bin	/tmp/riley-opt-260912/rope-arithmetic-probe/fixtures/cos-0.bin	/tmp/riley-opt-260912/rope-arithmetic-probe/fixtures/sin-0.bin	/tmp/riley-opt-260912/rope-arithmetic-probe/fixtures/metadata-006.bin
7	0	135	/tmp/riley-opt-260912/rope-arithmetic-probe/fixtures/qkv-007.bin	/tmp/riley-opt-260912/rope-arithmetic-probe/fixtures/cos-0.bin	/tmp/riley-opt-260912/rope-arithmetic-probe/fixtures/sin-0.bin	/tmp/riley-opt-260912/rope-arithmetic-probe/fixtures/metadata-007.bin
8	0	136	/tmp/riley-opt-260912/rope-arithmetic-probe/fixtures/qkv-008.bin	/tmp/riley-opt-260912/rope-arithmetic-probe/fixtures/cos-0.bin	/tmp/riley-opt-260912/rope-arithmetic-probe/fixtures/sin-0.bin	/tmp/riley-opt-260912/rope-arithmetic-probe/fixtures/metadata-008.bin
9	0	137	/tmp/riley-opt-260912/rope-arithmetic-probe/fixtures/qkv-009.bin	/tmp/riley-opt-260912/rope-arithmetic-probe/fixtures/cos-0.bin	/tmp/riley-opt-260912/rope-arithmetic-probe/fixtures/sin-0.bin	/tmp/riley-opt-260912/rope-arithmetic-probe/fixtures/metadata-009.bin
10	0	138	/tmp/riley-opt-260912/rope-arithmetic-probe/fixtures/qkv-010.bin	/tmp/riley-opt-260912/rope-arithmetic-probe/fixtures/cos-0.bin	/tmp/riley-opt-260912/rope-arithmetic-probe/fixtures/sin-0.bin	/tmp/riley-opt-260912/rope-arithmetic-probe/fixtures/metadata-010.bin
11	0	139	/tmp/riley-opt-260912/rope-arithmetic-probe/fixtures/qkv-011.bin	/tmp/riley-opt-260912/rope-arithmetic-probe/fixtures/cos-0.bin	/tmp/riley-opt-260912/rope-arithmetic-probe/fixtures/sin-0.bin	/tmp/riley-opt-260912/rope-arithmetic-probe/fixtures/metadata-011.bin
12	0	140	/tmp/riley-opt-260912/rope-arithmetic-probe/fixtures/qkv-012.bin	/tmp/riley-opt-260912/rope-arithmetic-probe/fixtures/cos-0.bin	/tmp/riley-opt-260912/rope-arithmetic-probe/fixtures/sin-0.bin	/tmp/riley-opt-260912/rope-arithmetic-probe/fixtures/metadata-012.bin
13	0	141	/tmp/riley-opt-260912/rope-arithmetic-probe/fixtures/qkv-013.bin	/tmp/riley-opt-260912/rope-arithmetic-probe/fixtures/cos-0.bin	/tmp/riley-opt-260912/rope-arithmetic-probe/fixtures/sin-0.bin	/tmp/riley-opt-260912/rope-arithmetic-probe/fixtures/metadata-013.bin
14	0	142	/tmp/riley-opt-260912/rope-arithmetic-probe/fixtures/qkv-014.bin	/tmp/riley-opt-260912/rope-arithmetic-probe/fixtures/cos-0.bin	/tmp/riley-opt-260912/rope-arithmetic-probe/fixtures/sin-0.bin	/tmp/riley-opt-260912/rope-arithmetic-probe/fixtures/metadata-014.bin
15	0	143	/tmp/riley-opt-260912/rope-arithmetic-probe/fixtures/qkv-015.bin	/tmp/riley-opt-260912/rope-arithmetic-probe/fixtures/cos-0.bin	/tmp/riley-opt-260912/rope-arithmetic-probe/fixtures/sin-0.bin	/tmp/riley-opt-260912/rope-arithmetic-probe/fixtures/metadata-015.bin
16	0	144	/tmp/riley-opt-260912/rope-arithmetic-probe/fixtures/qkv-016.bin	/tmp/riley-opt-260912/rope-arithmetic-probe/fixtures/cos-0.bin	/tmp/riley-opt-260912/rope-arithmetic-probe/fixtures/sin-0.bin	/tmp/riley-opt-260912/rope-arithmetic-probe/fixtures/metadata-016.bin
17	0	145	/tmp/riley-opt-260912/rope-arithmetic-probe/fixtures/qkv-017.bin	/tmp/riley-opt-260912/rope-arithmetic-probe/fixtures/cos-0.bin	/tmp/riley-opt-260912/rope-arithmetic-probe/fixtures/sin-0.bin	/tmp/riley-opt-260912/rope-arithmetic-probe/fixtures/metadata-017.bin
18	0	146	/tmp/riley-opt-260912/rope-arithmetic-probe/fixtures/qkv-018.bin	/tmp/riley-opt-260912/rope-arithmetic-probe/fixtures/cos-0.bin	/tmp/riley-opt-260912/rope-arithmetic-probe/fixtures/sin-0.bin	/tmp/riley-opt-260912/rope-arithmetic-probe/fixtures/metadata-018.bin
19	0	147	/tmp/riley-opt-260912/rope-arithmetic-probe/fixtures/qkv-019.bin	/tmp/riley-opt-260912/rope-arithmetic-probe/fixtures/cos-0.bin	/tmp/riley-opt-260912/rope-arithmetic-probe/fixtures/sin-0.bin	/tmp/riley-opt-260912/rope-arithmetic-probe/fixtures/metadata-019.bin
20	0	148	/tmp/riley-opt-260912/rope-arithmetic-probe/fixtures/qkv-020.bin	/tmp/riley-opt-260912/rope-arithmetic-probe/fixtures/cos-0.bin	/tmp/riley-opt-260912/rope-arithmetic-probe/fixtures/sin-0.bin	/tmp/riley-opt-260912/rope-arithmetic-probe/fixtures/metadata-020.bin
21	0	149	/tmp/riley-opt-260912/rope-arithmetic-probe/fixtures/qkv-021.bin	/tmp/riley-opt-260912/rope-arithmetic-probe/fixtures/cos-0.bin	/tmp/riley-opt-260912/rope-arithmetic-probe/fixtures/sin-0.bin	/tmp/riley-opt-260912/rope-arithmetic-probe/fixtures/metadata-021.bin
22	0	150	/tmp/riley-opt-260912/rope-arithmetic-probe/fixtures/qkv-022.bin	/tmp/riley-opt-260912/rope-arithmetic-probe/fixtures/cos-0.bin	/tmp/riley-opt-260912/rope-arithmetic-probe/fixtures/sin-0.bin	/tmp/riley-opt-260912/rope-arithmetic-probe/fixtures/metadata-022.bin
23	0	151	/tmp/riley-opt-260912/rope-arithmetic-probe/fixtures/qkv-023.bin	/tmp/riley-opt-260912/rope-arithmetic-probe/fixtures/cos-0.bin	/tmp/riley-opt-260912/rope-arithmetic-probe/fixtures/sin-0.bin	/tmp/riley-opt-260912/rope-arithmetic-probe/fixtures/metadata-023.bin
24	0	152	/tmp/riley-opt-260912/rope-arithmetic-probe/fixtures/qkv-024.bin	/tmp/riley-opt-260912/rope-arithmetic-probe/fixtures/cos-0.bin	/tmp/riley-opt-260912/rope-arithmetic-probe/fixtures/sin-0.bin	/tmp/riley-opt-260912/rope-arithmetic-probe/fixtures/metadata-024.bin
25	0	153	/tmp/riley-opt-260912/rope-arithmetic-probe/fixtures/qkv-025.bin	/tmp/riley-opt-260912/rope-arithmetic-probe/fixtures/cos-0.bin	/tmp/riley-opt-260912/rope-arithmetic-probe/fixtures/sin-0.bin	/tmp/riley-opt-260912/rope-arithmetic-probe/fixtures/metadata-025.bin
26	0	154	/tmp/riley-opt-260912/rope-arithmetic-probe/fixtures/qkv-026.bin	/tmp/riley-opt-260912/rope-arithmetic-probe/fixtures/cos-0.bin	/tmp/riley-opt-260912/rope-arithmetic-probe/fixtures/sin-0.bin	/tmp/riley-opt-260912/rope-arithmetic-probe/fixtures/metadata-026.bin
27	0	155	/tmp/riley-opt-260912/rope-arithmetic-probe/fixtures/qkv-027.bin	/tmp/riley-opt-260912/rope-arithmetic-probe/fixtures/cos-0.bin	/tmp/riley-opt-260912/rope-arithmetic-probe/fixtures/sin-0.bin	/tmp/riley-opt-260912/rope-arithmetic-probe/fixtures/metadata-027.bin
28	0	156	/tmp/riley-opt-260912/rope-arithmetic-probe/fixtures/qkv-028.bin	/tmp/riley-opt-260912/rope-arithmetic-probe/fixtures/cos-0.bin	/tmp/riley-opt-260912/rope-arithmetic-probe/fixtures/sin-0.bin	/tmp/riley-opt-260912/rope-arithmetic-probe/fixtures/metadata-028.bin
29	0	157	/tmp/riley-opt-260912/rope-arithmetic-probe/fixtures/qkv-029.bin	/tmp/riley-opt-260912/rope-arithmetic-probe/fixtures/cos-0.bin	/tmp/riley-opt-260912/rope-arithmetic-probe/fixtures/sin-0.bin	/tmp/riley-opt-260912/rope-arithmetic-probe/fixtures/metadata-029.bin
30	0	158	/tmp/riley-opt-260912/rope-arithmetic-probe/fixtures/qkv-030.bin	/tmp/riley-opt-260912/rope-arithmetic-probe/fixtures/cos-0.bin	/tmp/riley-opt-260912/rope-arithmetic-probe/fixtures/sin-0.bin	/tmp/riley-opt-260912/rope-arithmetic-probe/fixtures/metadata-030.bin
31	0	159	/tmp/riley-opt-260912/rope-arithmetic-probe/fixtures/qkv-031.bin	/tmp/riley-opt-260912/rope-arithmetic-probe/fixtures/cos-0.bin	/tmp/riley-opt-260912/rope-arithmetic-probe/fixtures/sin-0.bin	/tmp/riley-opt-260912/rope-arithmetic-probe/fixtures/metadata-031.bin
32	0	128	/tmp/riley-opt-260912/rope-arithmetic-probe/fixtures/qkv-032.bin	/tmp/riley-opt-260912/rope-arithmetic-probe/fixtures/cos-0.bin	/tmp/riley-opt-260912/rope-arithmetic-probe/fixtures/sin-0.bin	/tmp/riley-opt-260912/rope-arithmetic-probe/fixtures/metadata-032.bin
33	0	129	/tmp/riley-opt-260912/rope-arithmetic-probe/fixtures/qkv-033.bin	/tmp/riley-opt-260912/rope-arithmetic-probe/fixtures/cos-0.bin	/tmp/riley-opt-260912/rope-arithmetic-probe/fixtures/sin-0.bin	/tmp/riley-opt-260912/rope-arithmetic-probe/fixtures/metadata-033.bin
34	0	130	/tmp/riley-opt-260912/rope-arithmetic-probe/fixtures/qkv-034.bin	/tmp/riley-opt-260912/rope-arithmetic-probe/fixtures/cos-0.bin	/tmp/riley-opt-260912/rope-arithmetic-probe/fixtures/sin-0.bin	/tmp/riley-opt-260912/rope-arithmetic-probe/fixtures/metadata-034.bin
35	0	131	/tmp/riley-opt-260912/rope-arithmetic-probe/fixtures/qkv-035.bin	/tmp/riley-opt-260912/rope-arithmetic-probe/fixtures/cos-0.bin	/tmp/riley-opt-260912/rope-arithmetic-probe/fixtures/sin-0.bin	/tmp/riley-opt-260912/rope-arithmetic-probe/fixtures/metadata-035.bin
36	0	132	/tmp/riley-opt-260912/rope-arithmetic-probe/fixtures/qkv-036.bin	/tmp/riley-opt-260912/rope-arithmetic-probe/fixtures/cos-0.bin	/tmp/riley-opt-260912/rope-arithmetic-probe/fixtures/sin-0.bin	/tmp/riley-opt-260912/rope-arithmetic-probe/fixtures/metadata-036.bin
37	0	133	/tmp/riley-opt-260912/rope-arithmetic-probe/fixtures/qkv-037.bin	/tmp/riley-opt-260912/rope-arithmetic-probe/fixtures/cos-0.bin	/tmp/riley-opt-260912/rope-arithmetic-probe/fixtures/sin-0.bin	/tmp/riley-opt-260912/rope-arithmetic-probe/fixtures/metadata-037.bin
38	0	134	/tmp/riley-opt-260912/rope-arithmetic-probe/fixtures/qkv-038.bin	/tmp/riley-opt-260912/rope-arithmetic-probe/fixtures/cos-0.bin	/tmp/riley-opt-260912/rope-arithmetic-probe/fixtures/sin-0.bin	/tmp/riley-opt-260912/rope-arithmetic-probe/fixtures/metadata-038.bin
39	0	135	/tmp/riley-opt-260912/rope-arithmetic-probe/fixtures/qkv-039.bin	/tmp/riley-opt-260912/rope-arithmetic-probe/fixtures/cos-0.bin	/tmp/riley-opt-260912/rope-arithmetic-probe/fixtures/sin-0.bin	/tmp/riley-opt-260912/rope-arithmetic-probe/fixtures/metadata-039.bin
40	0	136	/tmp/riley-opt-260912/rope-arithmetic-probe/fixtures/qkv-040.bin	/tmp/riley-opt-260912/rope-arithmetic-probe/fixtures/cos-0.bin	/tmp/riley-opt-260912/rope-arithmetic-probe/fixtures/sin-0.bin	/tmp/riley-opt-260912/rope-arithmetic-probe/fixtures/metadata-040.bin
41	0	137	/tmp/riley-opt-260912/rope-arithmetic-probe/fixtures/qkv-041.bin	/tmp/riley-opt-260912/rope-arithmetic-probe/fixtures/cos-0.bin	/tmp/riley-opt-260912/rope-arithmetic-probe/fixtures/sin-0.bin	/tmp/riley-opt-260912/rope-arithmetic-probe/fixtures/metadata-041.bin
42	0	138	/tmp/riley-opt-260912/rope-arithmetic-probe/fixtures/qkv-042.bin	/tmp/riley-opt-260912/rope-arithmetic-probe/fixtures/cos-0.bin	/tmp/riley-opt-260912/rope-arithmetic-probe/fixtures/sin-0.bin	/tmp/riley-opt-260912/rope-arithmetic-probe/fixtures/metadata-042.bin
43	0	139	/tmp/riley-opt-260912/rope-arithmetic-probe/fixtures/qkv-043.bin	/tmp/riley-opt-260912/rope-arithmetic-probe/fixtures/cos-0.bin	/tmp/riley-opt-260912/rope-arithmetic-probe/fixtures/sin-0.bin	/tmp/riley-opt-260912/rope-arithmetic-probe/fixtures/metadata-043.bin
44	0	140	/tmp/riley-opt-260912/rope-arithmetic-probe/fixtures/qkv-044.bin	/tmp/riley-opt-260912/rope-arithmetic-probe/fixtures/cos-0.bin	/tmp/riley-opt-260912/rope-arithmetic-probe/fixtures/sin-0.bin	/tmp/riley-opt-260912/rope-arithmetic-probe/fixtures/metadata-044.bin
45	0	141	/tmp/riley-opt-260912/rope-arithmetic-probe/fixtures/qkv-045.bin	/tmp/riley-opt-260912/rope-arithmetic-probe/fixtures/cos-0.bin	/tmp/riley-opt-260912/rope-arithmetic-probe/fixtures/sin-0.bin	/tmp/riley-opt-260912/rope-arithmetic-probe/fixtures/metadata-045.bin
46	0	142	/tmp/riley-opt-260912/rope-arithmetic-probe/fixtures/qkv-046.bin	/tmp/riley-opt-260912/rope-arithmetic-probe/fixtures/cos-0.bin	/tmp/riley-opt-260912/rope-arithmetic-probe/fixtures/sin-0.bin	/tmp/riley-opt-260912/rope-arithmetic-probe/fixtures/metadata-046.bin
47	0	143	/tmp/riley-opt-260912/rope-arithmetic-probe/fixtures/qkv-047.bin	/tmp/riley-opt-260912/rope-arithmetic-probe/fixtures/cos-0.bin	/tmp/riley-opt-260912/rope-arithmetic-probe/fixtures/sin-0.bin	/tmp/riley-opt-260912/rope-arithmetic-probe/fixtures/metadata-047.bin
48	0	144	/tmp/riley-opt-260912/rope-arithmetic-probe/fixtures/qkv-048.bin	/tmp/riley-opt-260912/rope-arithmetic-probe/fixtures/cos-0.bin	/tmp/riley-opt-260912/rope-arithmetic-probe/fixtures/sin-0.bin	/tmp/riley-opt-260912/rope-arithmetic-probe/fixtures/metadata-048.bin
49	0	145	/tmp/riley-opt-260912/rope-arithmetic-probe/fixtures/qkv-049.bin	/tmp/riley-opt-260912/rope-arithmetic-probe/fixtures/cos-0.bin	/tmp/riley-opt-260912/rope-arithmetic-probe/fixtures/sin-0.bin	/tmp/riley-opt-260912/rope-arithmetic-probe/fixtures/metadata-049.bin
50	0	146	/tmp/riley-opt-260912/rope-arithmetic-probe/fixtures/qkv-050.bin	/tmp/riley-opt-260912/rope-arithmetic-probe/fixtures/cos-0.bin	/tmp/riley-opt-260912/rope-arithmetic-probe/fixtures/sin-0.bin	/tmp/riley-opt-260912/rope-arithmetic-probe/fixtures/metadata-050.bin
51	0	147	/tmp/riley-opt-260912/rope-arithmetic-probe/fixtures/qkv-051.bin	/tmp/riley-opt-260912/rope-arithmetic-probe/fixtures/cos-0.bin	/tmp/riley-opt-260912/rope-arithmetic-probe/fixtures/sin-0.bin	/tmp/riley-opt-260912/rope-arithmetic-probe/fixtures/metadata-051.bin
52	0	148	/tmp/riley-opt-260912/rope-arithmetic-probe/fixtures/qkv-052.bin	/tmp/riley-opt-260912/rope-arithmetic-probe/fixtures/cos-0.bin	/tmp/riley-opt-260912/rope-arithmetic-probe/fixtures/sin-0.bin	/tmp/riley-opt-260912/rope-arithmetic-probe/fixtures/metadata-052.bin
53	0	149	/tmp/riley-opt-260912/rope-arithmetic-probe/fixtures/qkv-053.bin	/tmp/riley-opt-260912/rope-arithmetic-probe/fixtures/cos-0.bin	/tmp/riley-opt-260912/rope-arithmetic-probe/fixtures/sin-0.bin	/tmp/riley-opt-260912/rope-arithmetic-probe/fixtures/metadata-053.bin
54	0	150	/tmp/riley-opt-260912/rope-arithmetic-probe/fixtures/qkv-054.bin	/tmp/riley-opt-260912/rope-arithmetic-probe/fixtures/cos-0.bin	/tmp/riley-opt-260912/rope-arithmetic-probe/fixtures/sin-0.bin	/tmp/riley-opt-260912/rope-arithmetic-probe/fixtures/metadata-054.bin
55	0	151	/tmp/riley-opt-260912/rope-arithmetic-probe/fixtures/qkv-055.bin	/tmp/riley-opt-260912/rope-arithmetic-probe/fixtures/cos-0.bin	/tmp/riley-opt-260912/rope-arithmetic-probe/fixtures/sin-0.bin	/tmp/riley-opt-260912/rope-arithmetic-probe/fixtures/metadata-055.bin
56	0	152	/tmp/riley-opt-260912/rope-arithmetic-probe/fixtures/qkv-056.bin	/tmp/riley-opt-260912/rope-arithmetic-probe/fixtures/cos-0.bin	/tmp/riley-opt-260912/rope-arithmetic-probe/fixtures/sin-0.bin	/tmp/riley-opt-260912/rope-arithmetic-probe/fixtures/metadata-056.bin
57	0	153	/tmp/riley-opt-260912/rope-arithmetic-probe/fixtures/qkv-057.bin	/tmp/riley-opt-260912/rope-arithmetic-probe/fixtures/cos-0.bin	/tmp/riley-opt-260912/rope-arithmetic-probe/fixtures/sin-0.bin	/tmp/riley-opt-260912/rope-arithmetic-probe/fixtures/metadata-057.bin
58	0	154	/tmp/riley-opt-260912/rope-arithmetic-probe/fixtures/qkv-058.bin	/tmp/riley-opt-260912/rope-arithmetic-probe/fixtures/cos-0.bin	/tmp/riley-opt-260912/rope-arithmetic-probe/fixtures/sin-0.bin	/tmp/riley-opt-260912/rope-arithmetic-probe/fixtures/metadata-058.bin
59	0	155	/tmp/riley-opt-260912/rope-arithmetic-probe/fixtures/qkv-059.bin	/tmp/riley-opt-260912/rope-arithmetic-probe/fixtures/cos-0.bin	/tmp/riley-opt-260912/rope-arithmetic-probe/fixtures/sin-0.bin	/tmp/riley-opt-260912/rope-arithmetic-probe/fixtures/metadata-059.bin
60	0	156	/tmp/riley-opt-260912/rope-arithmetic-probe/fixtures/qkv-060.bin	/tmp/riley-opt-260912/rope-arithmetic-probe/fixtures/cos-0.bin	/tmp/riley-opt-260912/rope-arithmetic-probe/fixtures/sin-0.bin	/tmp/riley-opt-260912/rope-arithmetic-probe/fixtures/metadata-060.bin
61	0	157	/tmp/riley-opt-260912/rope-arithmetic-probe/fixtures/qkv-061.bin	/tmp/riley-opt-260912/rope-arithmetic-probe/fixtures/cos-0.bin	/tmp/riley-opt-260912/rope-arithmetic-probe/fixtures/sin-0.bin	/tmp/riley-opt-260912/rope-arithmetic-probe/fixtures/metadata-061.bin
62	0	158	/tmp/riley-opt-260912/rope-arithmetic-probe/fixtures/qkv-062.bin	/tmp/riley-opt-260912/rope-arithmetic-probe/fixtures/cos-0.bin	/tmp/riley-opt-260912/rope-arithmetic-probe/fixtures/sin-0.bin	/tmp/riley-opt-260912/rope-arithmetic-probe/fixtures/metadata-062.bin
63	0	159	/tmp/riley-opt-260912/rope-arithmetic-probe/fixtures/qkv-063.bin	/tmp/riley-opt-260912/rope-arithmetic-probe/fixtures/cos-0.bin	/tmp/riley-opt-260912/rope-arithmetic-probe/fixtures/sin-0.bin	/tmp/riley-opt-260912/rope-arithmetic-probe/fixtures/metadata-063.bin
64	0	128	/tmp/riley-opt-260912/rope-arithmetic-probe/fixtures/qkv-064.bin	/tmp/riley-opt-260912/rope-arithmetic-probe/fixtures/cos-0.bin	/tmp/riley-opt-260912/rope-arithmetic-probe/fixtures/sin-0.bin	/tmp/riley-opt-260912/rope-arithmetic-probe/fixtures/metadata-064.bin
65	0	129	/tmp/riley-opt-260912/rope-arithmetic-probe/fixtures/qkv-065.bin	/tmp/riley-opt-260912/rope-arithmetic-probe/fixtures/cos-0.bin	/tmp/riley-opt-260912/rope-arithmetic-probe/fixtures/sin-0.bin	/tmp/riley-opt-260912/rope-arithmetic-probe/fixtures/metadata-065.bin
66	0	130	/tmp/riley-opt-260912/rope-arithmetic-probe/fixtures/qkv-066.bin	/tmp/riley-opt-260912/rope-arithmetic-probe/fixtures/cos-0.bin	/tmp/riley-opt-260912/rope-arithmetic-probe/fixtures/sin-0.bin	/tmp/riley-opt-260912/rope-arithmetic-probe/fixtures/metadata-066.bin
67	0	131	/tmp/riley-opt-260912/rope-arithmetic-probe/fixtures/qkv-067.bin	/tmp/riley-opt-260912/rope-arithmetic-probe/fixtures/cos-0.bin	/tmp/riley-opt-260912/rope-arithmetic-probe/fixtures/sin-0.bin	/tmp/riley-opt-260912/rope-arithmetic-probe/fixtures/metadata-067.bin
68	0	132	/tmp/riley-opt-260912/rope-arithmetic-probe/fixtures/qkv-068.bin	/tmp/riley-opt-260912/rope-arithmetic-probe/fixtures/cos-0.bin	/tmp/riley-opt-260912/rope-arithmetic-probe/fixtures/sin-0.bin	/tmp/riley-opt-260912/rope-arithmetic-probe/fixtures/metadata-068.bin
69	0	133	/tmp/riley-opt-260912/rope-arithmetic-probe/fixtures/qkv-069.bin	/tmp/riley-opt-260912/rope-arithmetic-probe/fixtures/cos-0.bin	/tmp/riley-opt-260912/rope-arithmetic-probe/fixtures/sin-0.bin	/tmp/riley-opt-260912/rope-arithmetic-probe/fixtures/metadata-069.bin
70	0	134	/tmp/riley-opt-260912/rope-arithmetic-probe/fixtures/qkv-070.bin	/tmp/riley-opt-260912/rope-arithmetic-probe/fixtures/cos-0.bin	/tmp/riley-opt-260912/rope-arithmetic-probe/fixtures/sin-0.bin	/tmp/riley-opt-260912/rope-arithmetic-probe/fixtures/metadata-070.bin
71	0	135	/tmp/riley-opt-260912/rope-arithmetic-probe/fixtures/qkv-071.bin	/tmp/riley-opt-260912/rope-arithmetic-probe/fixtures/cos-0.bin	/tmp/riley-opt-260912/rope-arithmetic-probe/fixtures/sin-0.bin	/tmp/riley-opt-260912/rope-arithmetic-probe/fixtures/metadata-071.bin
72	0	136	/tmp/riley-opt-260912/rope-arithmetic-probe/fixtures/qkv-072.bin	/tmp/riley-opt-260912/rope-arithmetic-probe/fixtures/cos-0.bin	/tmp/riley-opt-260912/rope-arithmetic-probe/fixtures/sin-0.bin	/tmp/riley-opt-260912/rope-arithmetic-probe/fixtures/metadata-072.bin
73	0	137	/tmp/riley-opt-260912/rope-arithmetic-probe/fixtures/qkv-073.bin	/tmp/riley-opt-260912/rope-arithmetic-probe/fixtures/cos-0.bin	/tmp/riley-opt-260912/rope-arithmetic-probe/fixtures/sin-0.bin	/tmp/riley-opt-260912/rope-arithmetic-probe/fixtures/metadata-073.bin
74	0	138	/tmp/riley-opt-260912/rope-arithmetic-probe/fixtures/qkv-074.bin	/tmp/riley-opt-260912/rope-arithmetic-probe/fixtures/cos-0.bin	/tmp/riley-opt-260912/rope-arithmetic-probe/fixtures/sin-0.bin	/tmp/riley-opt-260912/rope-arithmetic-probe/fixtures/metadata-074.bin
75	0	139	/tmp/riley-opt-260912/rope-arithmetic-probe/fixtures/qkv-075.bin	/tmp/riley-opt-260912/rope-arithmetic-probe/fixtures/cos-0.bin	/tmp/riley-opt-260912/rope-arithmetic-probe/fixtures/sin-0.bin	/tmp/riley-opt-260912/rope-arithmetic-probe/fixtures/metadata-075.bin
76	0	140	/tmp/riley-opt-260912/rope-arithmetic-probe/fixtures/qkv-076.bin	/tmp/riley-opt-260912/rope-arithmetic-probe/fixtures/cos-0.bin	/tmp/riley-opt-260912/rope-arithmetic-probe/fixtures/sin-0.bin	/tmp/riley-opt-260912/rope-arithmetic-probe/fixtures/metadata-076.bin
77	0	141	/tmp/riley-opt-260912/rope-arithmetic-probe/fixtures/qkv-077.bin	/tmp/riley-opt-260912/rope-arithmetic-probe/fixtures/cos-0.bin	/tmp/riley-opt-260912/rope-arithmetic-probe/fixtures/sin-0.bin	/tmp/riley-opt-260912/rope-arithmetic-probe/fixtures/metadata-077.bin
78	0	142	/tmp/riley-opt-260912/rope-arithmetic-probe/fixtures/qkv-078.bin	/tmp/riley-opt-260912/rope-arithmetic-probe/fixtures/cos-0.bin	/tmp/riley-opt-260912/rope-arithmetic-probe/fixtures/sin-0.bin	/tmp/riley-opt-260912/rope-arithmetic-probe/fixtures/metadata-078.bin
79	0	143	/tmp/riley-opt-260912/rope-arithmetic-probe/fixtures/qkv-079.bin	/tmp/riley-opt-260912/rope-arithmetic-probe/fixtures/cos-0.bin	/tmp/riley-opt-260912/rope-arithmetic-probe/fixtures/sin-0.bin	/tmp/riley-opt-260912/rope-arithmetic-probe/fixtures/metadata-079.bin
80	0	144	/tmp/riley-opt-260912/rope-arithmetic-probe/fixtures/qkv-080.bin	/tmp/riley-opt-260912/rope-arithmetic-probe/fixtures/cos-0.bin	/tmp/riley-opt-260912/rope-arithmetic-probe/fixtures/sin-0.bin	/tmp/riley-opt-260912/rope-arithmetic-probe/fixtures/metadata-080.bin
81	0	145	/tmp/riley-opt-260912/rope-arithmetic-probe/fixtures/qkv-081.bin	/tmp/riley-opt-260912/rope-arithmetic-probe/fixtures/cos-0.bin	/tmp/riley-opt-260912/rope-arithmetic-probe/fixtures/sin-0.bin	/tmp/riley-opt-260912/rope-arithmetic-probe/fixtures/metadata-081.bin
82	0	146	/tmp/riley-opt-260912/rope-arithmetic-probe/fixtures/qkv-082.bin	/tmp/riley-opt-260912/rope-arithmetic-probe/fixtures/cos-0.bin	/tmp/riley-opt-260912/rope-arithmetic-probe/fixtures/sin-0.bin	/tmp/riley-opt-260912/rope-arithmetic-probe/fixtures/metadata-082.bin
83	0	147	/tmp/riley-opt-260912/rope-arithmetic-probe/fixtures/qkv-083.bin	/tmp/riley-opt-260912/rope-arithmetic-probe/fixtures/cos-0.bin	/tmp/riley-opt-260912/rope-arithmetic-probe/fixtures/sin-0.bin	/tmp/riley-opt-260912/rope-arithmetic-probe/fixtures/metadata-083.bin
84	0	148	/tmp/riley-opt-260912/rope-arithmetic-probe/fixtures/qkv-084.bin	/tmp/riley-opt-260912/rope-arithmetic-probe/fixtures/cos-0.bin	/tmp/riley-opt-260912/rope-arithmetic-probe/fixtures/sin-0.bin	/tmp/riley-opt-260912/rope-arithmetic-probe/fixtures/metadata-084.bin
85	1	128	/tmp/riley-opt-260912/rope-arithmetic-probe/fixtures/qkv-085.bin	/tmp/riley-opt-260912/rope-arithmetic-probe/fixtures/cos-1.bin	/tmp/riley-opt-260912/rope-arithmetic-probe/fixtures/sin-1.bin	/tmp/riley-opt-260912/rope-arithmetic-probe/fixtures/metadata-085.bin
86	1	129	/tmp/riley-opt-260912/rope-arithmetic-probe/fixtures/qkv-086.bin	/tmp/riley-opt-260912/rope-arithmetic-probe/fixtures/cos-1.bin	/tmp/riley-opt-260912/rope-arithmetic-probe/fixtures/sin-1.bin	/tmp/riley-opt-260912/rope-arithmetic-probe/fixtures/metadata-086.bin
87	1	130	/tmp/riley-opt-260912/rope-arithmetic-probe/fixtures/qkv-087.bin	/tmp/riley-opt-260912/rope-arithmetic-probe/fixtures/cos-1.bin	/tmp/riley-opt-260912/rope-arithmetic-probe/fixtures/sin-1.bin	/tmp/riley-opt-260912/rope-arithmetic-probe/fixtures/metadata-087.bin
88	1	131	/tmp/riley-opt-260912/rope-arithmetic-probe/fixtures/qkv-088.bin	/tmp/riley-opt-260912/rope-arithmetic-probe/fixtures/cos-1.bin	/tmp/riley-opt-260912/rope-arithmetic-probe/fixtures/sin-1.bin	/tmp/riley-opt-260912/rope-arithmetic-probe/fixtures/metadata-088.bin
89	1	132	/tmp/riley-opt-260912/rope-arithmetic-probe/fixtures/qkv-089.bin	/tmp/riley-opt-260912/rope-arithmetic-probe/fixtures/cos-1.bin	/tmp/riley-opt-260912/rope-arithmetic-probe/fixtures/sin-1.bin	/tmp/riley-opt-260912/rope-arithmetic-probe/fixtures/metadata-089.bin
90	1	133	/tmp/riley-opt-260912/rope-arithmetic-probe/fixtures/qkv-090.bin	/tmp/riley-opt-260912/rope-arithmetic-probe/fixtures/cos-1.bin	/tmp/riley-opt-260912/rope-arithmetic-probe/fixtures/sin-1.bin	/tmp/riley-opt-260912/rope-arithmetic-probe/fixtures/metadata-090.bin
91	1	134	/tmp/riley-opt-260912/rope-arithmetic-probe/fixtures/qkv-091.bin	/tmp/riley-opt-260912/rope-arithmetic-probe/fixtures/cos-1.bin	/tmp/riley-opt-260912/rope-arithmetic-probe/fixtures/sin-1.bin	/tmp/riley-opt-260912/rope-arithmetic-probe/fixtures/metadata-091.bin
92	1	135	/tmp/riley-opt-260912/rope-arithmetic-probe/fixtures/qkv-092.bin	/tmp/riley-opt-260912/rope-arithmetic-probe/fixtures/cos-1.bin	/tmp/riley-opt-260912/rope-arithmetic-probe/fixtures/sin-1.bin	/tmp/riley-opt-260912/rope-arithmetic-probe/fixtures/metadata-092.bin
93	1	136	/tmp/riley-opt-260912/rope-arithmetic-probe/fixtures/qkv-093.bin	/tmp/riley-opt-260912/rope-arithmetic-probe/fixtures/cos-1.bin	/tmp/riley-opt-260912/rope-arithmetic-probe/fixtures/sin-1.bin	/tmp/riley-opt-260912/rope-arithmetic-probe/fixtures/metadata-093.bin
94	1	137	/tmp/riley-opt-260912/rope-arithmetic-probe/fixtures/qkv-094.bin	/tmp/riley-opt-260912/rope-arithmetic-probe/fixtures/cos-1.bin	/tmp/riley-opt-260912/rope-arithmetic-probe/fixtures/sin-1.bin	/tmp/riley-opt-260912/rope-arithmetic-probe/fixtures/metadata-094.bin
95	1	138	/tmp/riley-opt-260912/rope-arithmetic-probe/fixtures/qkv-095.bin	/tmp/riley-opt-260912/rope-arithmetic-probe/fixtures/cos-1.bin	/tmp/riley-opt-260912/rope-arithmetic-probe/fixtures/sin-1.bin	/tmp/riley-opt-260912/rope-arithmetic-probe/fixtures/metadata-095.bin
96	1	139	/tmp/riley-opt-260912/rope-arithmetic-probe/fixtures/qkv-096.bin	/tmp/riley-opt-260912/rope-arithmetic-probe/fixtures/cos-1.bin	/tmp/riley-opt-260912/rope-arithmetic-probe/fixtures/sin-1.bin	/tmp/riley-opt-260912/rope-arithmetic-probe/fixtures/metadata-096.bin
97	1	140	/tmp/riley-opt-260912/rope-arithmetic-probe/fixtures/qkv-097.bin	/tmp/riley-opt-260912/rope-arithmetic-probe/fixtures/cos-1.bin	/tmp/riley-opt-260912/rope-arithmetic-probe/fixtures/sin-1.bin	/tmp/riley-opt-260912/rope-arithmetic-probe/fixtures/metadata-097.bin
98	1	141	/tmp/riley-opt-260912/rope-arithmetic-probe/fixtures/qkv-098.bin	/tmp/riley-opt-260912/rope-arithmetic-probe/fixtures/cos-1.bin	/tmp/riley-opt-260912/rope-arithmetic-probe/fixtures/sin-1.bin	/tmp/riley-opt-260912/rope-arithmetic-probe/fixtures/metadata-098.bin
99	1	142	/tmp/riley-opt-260912/rope-arithmetic-probe/fixtures/qkv-099.bin	/tmp/riley-opt-260912/rope-arithmetic-probe/fixtures/cos-1.bin	/tmp/riley-opt-260912/rope-arithmetic-probe/fixtures/sin-1.bin	/tmp/riley-opt-260912/rope-arithmetic-probe/fixtures/metadata-099.bin
100	1	143	/tmp/riley-opt-260912/rope-arithmetic-probe/fixtures/qkv-100.bin	/tmp/riley-opt-260912/rope-arithmetic-probe/fixtures/cos-1.bin	/tmp/riley-opt-260912/rope-arithmetic-probe/fixtures/sin-1.bin	/tmp/riley-opt-260912/rope-arithmetic-probe/fixtures/metadata-100.bin
101	1	144	/tmp/riley-opt-260912/rope-arithmetic-probe/fixtures/qkv-101.bin	/tmp/riley-opt-260912/rope-arithmetic-probe/fixtures/cos-1.bin	/tmp/riley-opt-260912/rope-arithmetic-probe/fixtures/sin-1.bin	/tmp/riley-opt-260912/rope-arithmetic-probe/fixtures/metadata-101.bin
102	1	145	/tmp/riley-opt-260912/rope-arithmetic-probe/fixtures/qkv-102.bin	/tmp/riley-opt-260912/rope-arithmetic-probe/fixtures/cos-1.bin	/tmp/riley-opt-260912/rope-arithmetic-probe/fixtures/sin-1.bin	/tmp/riley-opt-260912/rope-arithmetic-probe/fixtures/metadata-102.bin
103	1	146	/tmp/riley-opt-260912/rope-arithmetic-probe/fixtures/qkv-103.bin	/tmp/riley-opt-260912/rope-arithmetic-probe/fixtures/cos-1.bin	/tmp/riley-opt-260912/rope-arithmetic-probe/fixtures/sin-1.bin	/tmp/riley-opt-260912/rope-arithmetic-probe/fixtures/metadata-103.bin
104	1	147	/tmp/riley-opt-260912/rope-arithmetic-probe/fixtures/qkv-104.bin	/tmp/riley-opt-260912/rope-arithmetic-probe/fixtures/cos-1.bin	/tmp/riley-opt-260912/rope-arithmetic-probe/fixtures/sin-1.bin	/tmp/riley-opt-260912/rope-arithmetic-probe/fixtures/metadata-104.bin
105	1	148	/tmp/riley-opt-260912/rope-arithmetic-probe/fixtures/qkv-105.bin	/tmp/riley-opt-260912/rope-arithmetic-probe/fixtures/cos-1.bin	/tmp/riley-opt-260912/rope-arithmetic-probe/fixtures/sin-1.bin	/tmp/riley-opt-260912/rope-arithmetic-probe/fixtures/metadata-105.bin
106	1	149	/tmp/riley-opt-260912/rope-arithmetic-probe/fixtures/qkv-106.bin	/tmp/riley-opt-260912/rope-arithmetic-probe/fixtures/cos-1.bin	/tmp/riley-opt-260912/rope-arithmetic-probe/fixtures/sin-1.bin	/tmp/riley-opt-260912/rope-arithmetic-probe/fixtures/metadata-106.bin
107	1	150	/tmp/riley-opt-260912/rope-arithmetic-probe/fixtures/qkv-107.bin	/tmp/riley-opt-260912/rope-arithmetic-probe/fixtures/cos-1.bin	/tmp/riley-opt-260912/rope-arithmetic-probe/fixtures/sin-1.bin	/tmp/riley-opt-260912/rope-arithmetic-probe/fixtures/metadata-107.bin
108	1	151	/tmp/riley-opt-260912/rope-arithmetic-probe/fixtures/qkv-108.bin	/tmp/riley-opt-260912/rope-arithmetic-probe/fixtures/cos-1.bin	/tmp/riley-opt-260912/rope-arithmetic-probe/fixtures/sin-1.bin	/tmp/riley-opt-260912/rope-arithmetic-probe/fixtures/metadata-108.bin
109	1	152	/tmp/riley-opt-260912/rope-arithmetic-probe/fixtures/qkv-109.bin	/tmp/riley-opt-260912/rope-arithmetic-probe/fixtures/cos-1.bin	/tmp/riley-opt-260912/rope-arithmetic-probe/fixtures/sin-1.bin	/tmp/riley-opt-260912/rope-arithmetic-probe/fixtures/metadata-109.bin
110	1	153	/tmp/riley-opt-260912/rope-arithmetic-probe/fixtures/qkv-110.bin	/tmp/riley-opt-260912/rope-arithmetic-probe/fixtures/cos-1.bin	/tmp/riley-opt-260912/rope-arithmetic-probe/fixtures/sin-1.bin	/tmp/riley-opt-260912/rope-arithmetic-probe/fixtures/metadata-110.bin
111	1	154	/tmp/riley-opt-260912/rope-arithmetic-probe/fixtures/qkv-111.bin	/tmp/riley-opt-260912/rope-arithmetic-probe/fixtures/cos-1.bin	/tmp/riley-opt-260912/rope-arithmetic-probe/fixtures/sin-1.bin	/tmp/riley-opt-260912/rope-arithmetic-probe/fixtures/metadata-111.bin
112	1	155	/tmp/riley-opt-260912/rope-arithmetic-probe/fixtures/qkv-112.bin	/tmp/riley-opt-260912/rope-arithmetic-probe/fixtures/cos-1.bin	/tmp/riley-opt-260912/rope-arithmetic-probe/fixtures/sin-1.bin	/tmp/riley-opt-260912/rope-arithmetic-probe/fixtures/metadata-112.bin
113	1	156	/tmp/riley-opt-260912/rope-arithmetic-probe/fixtures/qkv-113.bin	/tmp/riley-opt-260912/rope-arithmetic-probe/fixtures/cos-1.bin	/tmp/riley-opt-260912/rope-arithmetic-probe/fixtures/sin-1.bin	/tmp/riley-opt-260912/rope-arithmetic-probe/fixtures/metadata-113.bin
114	1	157	/tmp/riley-opt-260912/rope-arithmetic-probe/fixtures/qkv-114.bin	/tmp/riley-opt-260912/rope-arithmetic-probe/fixtures/cos-1.bin	/tmp/riley-opt-260912/rope-arithmetic-probe/fixtures/sin-1.bin	/tmp/riley-opt-260912/rope-arithmetic-probe/fixtures/metadata-114.bin
115	1	158	/tmp/riley-opt-260912/rope-arithmetic-probe/fixtures/qkv-115.bin	/tmp/riley-opt-260912/rope-arithmetic-probe/fixtures/cos-1.bin	/tmp/riley-opt-260912/rope-arithmetic-probe/fixtures/sin-1.bin	/tmp/riley-opt-260912/rope-arithmetic-probe/fixtures/metadata-115.bin
116	1	159	/tmp/riley-opt-260912/rope-arithmetic-probe/fixtures/qkv-116.bin	/tmp/riley-opt-260912/rope-arithmetic-probe/fixtures/cos-1.bin	/tmp/riley-opt-260912/rope-arithmetic-probe/fixtures/sin-1.bin	/tmp/riley-opt-260912/rope-arithmetic-probe/fixtures/metadata-116.bin
117	1	128	/tmp/riley-opt-260912/rope-arithmetic-probe/fixtures/qkv-117.bin	/tmp/riley-opt-260912/rope-arithmetic-probe/fixtures/cos-1.bin	/tmp/riley-opt-260912/rope-arithmetic-probe/fixtures/sin-1.bin	/tmp/riley-opt-260912/rope-arithmetic-probe/fixtures/metadata-117.bin
118	1	129	/tmp/riley-opt-260912/rope-arithmetic-probe/fixtures/qkv-118.bin	/tmp/riley-opt-260912/rope-arithmetic-probe/fixtures/cos-1.bin	/tmp/riley-opt-260912/rope-arithmetic-probe/fixtures/sin-1.bin	/tmp/riley-opt-260912/rope-arithmetic-probe/fixtures/metadata-118.bin
119	1	130	/tmp/riley-opt-260912/rope-arithmetic-probe/fixtures/qkv-119.bin	/tmp/riley-opt-260912/rope-arithmetic-probe/fixtures/cos-1.bin	/tmp/riley-opt-260912/rope-arithmetic-probe/fixtures/sin-1.bin	/tmp/riley-opt-260912/rope-arithmetic-probe/fixtures/metadata-119.bin
120	1	131	/tmp/riley-opt-260912/rope-arithmetic-probe/fixtures/qkv-120.bin	/tmp/riley-opt-260912/rope-arithmetic-probe/fixtures/cos-1.bin	/tmp/riley-opt-260912/rope-arithmetic-probe/fixtures/sin-1.bin	/tmp/riley-opt-260912/rope-arithmetic-probe/fixtures/metadata-120.bin
121	1	132	/tmp/riley-opt-260912/rope-arithmetic-probe/fixtures/qkv-121.bin	/tmp/riley-opt-260912/rope-arithmetic-probe/fixtures/cos-1.bin	/tmp/riley-opt-260912/rope-arithmetic-probe/fixtures/sin-1.bin	/tmp/riley-opt-260912/rope-arithmetic-probe/fixtures/metadata-121.bin
122	1	133	/tmp/riley-opt-260912/rope-arithmetic-probe/fixtures/qkv-122.bin	/tmp/riley-opt-260912/rope-arithmetic-probe/fixtures/cos-1.bin	/tmp/riley-opt-260912/rope-arithmetic-probe/fixtures/sin-1.bin	/tmp/riley-opt-260912/rope-arithmetic-probe/fixtures/metadata-122.bin
123	1	134	/tmp/riley-opt-260912/rope-arithmetic-probe/fixtures/qkv-123.bin	/tmp/riley-opt-260912/rope-arithmetic-probe/fixtures/cos-1.bin	/tmp/riley-opt-260912/rope-arithmetic-probe/fixtures/sin-1.bin	/tmp/riley-opt-260912/rope-arithmetic-probe/fixtures/metadata-123.bin
124	1	135	/tmp/riley-opt-260912/rope-arithmetic-probe/fixtures/qkv-124.bin	/tmp/riley-opt-260912/rope-arithmetic-probe/fixtures/cos-1.bin	/tmp/riley-opt-260912/rope-arithmetic-probe/fixtures/sin-1.bin	/tmp/riley-opt-260912/rope-arithmetic-probe/fixtures/metadata-124.bin
125	1	136	/tmp/riley-opt-260912/rope-arithmetic-probe/fixtures/qkv-125.bin	/tmp/riley-opt-260912/rope-arithmetic-probe/fixtures/cos-1.bin	/tmp/riley-opt-260912/rope-arithmetic-probe/fixtures/sin-1.bin	/tmp/riley-opt-260912/rope-arithmetic-probe/fixtures/metadata-125.bin
126	1	137	/tmp/riley-opt-260912/rope-arithmetic-probe/fixtures/qkv-126.bin	/tmp/riley-opt-260912/rope-arithmetic-probe/fixtures/cos-1.bin	/tmp/riley-opt-260912/rope-arithmetic-probe/fixtures/sin-1.bin	/tmp/riley-opt-260912/rope-arithmetic-probe/fixtures/metadata-126.bin
127	1	138	/tmp/riley-opt-260912/rope-arithmetic-probe/fixtures/qkv-127.bin	/tmp/riley-opt-260912/rope-arithmetic-probe/fixtures/cos-1.bin	/tmp/riley-opt-260912/rope-arithmetic-probe/fixtures/sin-1.bin	/tmp/riley-opt-260912/rope-arithmetic-probe/fixtures/metadata-127.bin
128	1	139	/tmp/riley-opt-260912/rope-arithmetic-probe/fixtures/qkv-128.bin	/tmp/riley-opt-260912/rope-arithmetic-probe/fixtures/cos-1.bin	/tmp/riley-opt-260912/rope-arithmetic-probe/fixtures/sin-1.bin	/tmp/riley-opt-260912/rope-arithmetic-probe/fixtures/metadata-128.bin
129	1	140	/tmp/riley-opt-260912/rope-arithmetic-probe/fixtures/qkv-129.bin	/tmp/riley-opt-260912/rope-arithmetic-probe/fixtures/cos-1.bin	/tmp/riley-opt-260912/rope-arithmetic-probe/fixtures/sin-1.bin	/tmp/riley-opt-260912/rope-arithmetic-probe/fixtures/metadata-129.bin
130	1	141	/tmp/riley-opt-260912/rope-arithmetic-probe/fixtures/qkv-130.bin	/tmp/riley-opt-260912/rope-arithmetic-probe/fixtures/cos-1.bin	/tmp/riley-opt-260912/rope-arithmetic-probe/fixtures/sin-1.bin	/tmp/riley-opt-260912/rope-arithmetic-probe/fixtures/metadata-130.bin
131	1	142	/tmp/riley-opt-260912/rope-arithmetic-probe/fixtures/qkv-131.bin	/tmp/riley-opt-260912/rope-arithmetic-probe/fixtures/cos-1.bin	/tmp/riley-opt-260912/rope-arithmetic-probe/fixtures/sin-1.bin	/tmp/riley-opt-260912/rope-arithmetic-probe/fixtures/metadata-131.bin
132	1	143	/tmp/riley-opt-260912/rope-arithmetic-probe/fixtures/qkv-132.bin	/tmp/riley-opt-260912/rope-arithmetic-probe/fixtures/cos-1.bin	/tmp/riley-opt-260912/rope-arithmetic-probe/fixtures/sin-1.bin	/tmp/riley-opt-260912/rope-arithmetic-probe/fixtures/metadata-132.bin
133	1	144	/tmp/riley-opt-260912/rope-arithmetic-probe/fixtures/qkv-133.bin	/tmp/riley-opt-260912/rope-arithmetic-probe/fixtures/cos-1.bin	/tmp/riley-opt-260912/rope-arithmetic-probe/fixtures/sin-1.bin	/tmp/riley-opt-260912/rope-arithmetic-probe/fixtures/metadata-133.bin
134	1	145	/tmp/riley-opt-260912/rope-arithmetic-probe/fixtures/qkv-134.bin	/tmp/riley-opt-260912/rope-arithmetic-probe/fixtures/cos-1.bin	/tmp/riley-opt-260912/rope-arithmetic-probe/fixtures/sin-1.bin	/tmp/riley-opt-260912/rope-arithmetic-probe/fixtures/metadata-134.bin
135	1	146	/tmp/riley-opt-260912/rope-arithmetic-probe/fixtures/qkv-135.bin	/tmp/riley-opt-260912/rope-arithmetic-probe/fixtures/cos-1.bin	/tmp/riley-opt-260912/rope-arithmetic-probe/fixtures/sin-1.bin	/tmp/riley-opt-260912/rope-arithmetic-probe/fixtures/metadata-135.bin
136	1	147	/tmp/riley-opt-260912/rope-arithmetic-probe/fixtures/qkv-136.bin	/tmp/riley-opt-260912/rope-arithmetic-probe/fixtures/cos-1.bin	/tmp/riley-opt-260912/rope-arithmetic-probe/fixtures/sin-1.bin	/tmp/riley-opt-260912/rope-arithmetic-probe/fixtures/metadata-136.bin
137	1	148	/tmp/riley-opt-260912/rope-arithmetic-probe/fixtures/qkv-137.bin	/tmp/riley-opt-260912/rope-arithmetic-probe/fixtures/cos-1.bin	/tmp/riley-opt-260912/rope-arithmetic-probe/fixtures/sin-1.bin	/tmp/riley-opt-260912/rope-arithmetic-probe/fixtures/metadata-137.bin
138	1	149	/tmp/riley-opt-260912/rope-arithmetic-probe/fixtures/qkv-138.bin	/tmp/riley-opt-260912/rope-arithmetic-probe/fixtures/cos-1.bin	/tmp/riley-opt-260912/rope-arithmetic-probe/fixtures/sin-1.bin	/tmp/riley-opt-260912/rope-arithmetic-probe/fixtures/metadata-138.bin
139	1	150	/tmp/riley-opt-260912/rope-arithmetic-probe/fixtures/qkv-139.bin	/tmp/riley-opt-260912/rope-arithmetic-probe/fixtures/cos-1.bin	/tmp/riley-opt-260912/rope-arithmetic-probe/fixtures/sin-1.bin	/tmp/riley-opt-260912/rope-arithmetic-probe/fixtures/metadata-139.bin
140	1	151	/tmp/riley-opt-260912/rope-arithmetic-probe/fixtures/qkv-140.bin	/tmp/riley-opt-260912/rope-arithmetic-probe/fixtures/cos-1.bin	/tmp/riley-opt-260912/rope-arithmetic-probe/fixtures/sin-1.bin	/tmp/riley-opt-260912/rope-arithmetic-probe/fixtures/metadata-140.bin
141	1	152	/tmp/riley-opt-260912/rope-arithmetic-probe/fixtures/qkv-141.bin	/tmp/riley-opt-260912/rope-arithmetic-probe/fixtures/cos-1.bin	/tmp/riley-opt-260912/rope-arithmetic-probe/fixtures/sin-1.bin	/tmp/riley-opt-260912/rope-arithmetic-probe/fixtures/metadata-141.bin
142	1	153	/tmp/riley-opt-260912/rope-arithmetic-probe/fixtures/qkv-142.bin	/tmp/riley-opt-260912/rope-arithmetic-probe/fixtures/cos-1.bin	/tmp/riley-opt-260912/rope-arithmetic-probe/fixtures/sin-1.bin	/tmp/riley-opt-260912/rope-arithmetic-probe/fixtures/metadata-142.bin
143	1	154	/tmp/riley-opt-260912/rope-arithmetic-probe/fixtures/qkv-143.bin	/tmp/riley-opt-260912/rope-arithmetic-probe/fixtures/cos-1.bin	/tmp/riley-opt-260912/rope-arithmetic-probe/fixtures/sin-1.bin	/tmp/riley-opt-260912/rope-arithmetic-probe/fixtures/metadata-143.bin
144	1	155	/tmp/riley-opt-260912/rope-arithmetic-probe/fixtures/qkv-144.bin	/tmp/riley-opt-260912/rope-arithmetic-probe/fixtures/cos-1.bin	/tmp/riley-opt-260912/rope-arithmetic-probe/fixtures/sin-1.bin	/tmp/riley-opt-260912/rope-arithmetic-probe/fixtures/metadata-144.bin
145	1	156	/tmp/riley-opt-260912/rope-arithmetic-probe/fixtures/qkv-145.bin	/tmp/riley-opt-260912/rope-arithmetic-probe/fixtures/cos-1.bin	/tmp/riley-opt-260912/rope-arithmetic-probe/fixtures/sin-1.bin	/tmp/riley-opt-260912/rope-arithmetic-probe/fixtures/metadata-145.bin
146	1	157	/tmp/riley-opt-260912/rope-arithmetic-probe/fixtures/qkv-146.bin	/tmp/riley-opt-260912/rope-arithmetic-probe/fixtures/cos-1.bin	/tmp/riley-opt-260912/rope-arithmetic-probe/fixtures/sin-1.bin	/tmp/riley-opt-260912/rope-arithmetic-probe/fixtures/metadata-146.bin
147	1	158	/tmp/riley-opt-260912/rope-arithmetic-probe/fixtures/qkv-147.bin	/tmp/riley-opt-260912/rope-arithmetic-probe/fixtures/cos-1.bin	/tmp/riley-opt-260912/rope-arithmetic-probe/fixtures/sin-1.bin	/tmp/riley-opt-260912/rope-arithmetic-probe/fixtures/metadata-147.bin
148	1	159	/tmp/riley-opt-260912/rope-arithmetic-probe/fixtures/qkv-148.bin	/tmp/riley-opt-260912/rope-arithmetic-probe/fixtures/cos-1.bin	/tmp/riley-opt-260912/rope-arithmetic-probe/fixtures/sin-1.bin	/tmp/riley-opt-260912/rope-arithmetic-probe/fixtures/metadata-148.bin
149	1	128	/tmp/riley-opt-260912/rope-arithmetic-probe/fixtures/qkv-149.bin	/tmp/riley-opt-260912/rope-arithmetic-probe/fixtures/cos-1.bin	/tmp/riley-opt-260912/rope-arithmetic-probe/fixtures/sin-1.bin	/tmp/riley-opt-260912/rope-arithmetic-probe/fixtures/metadata-149.bin
150	1	129	/tmp/riley-opt-260912/rope-arithmetic-probe/fixtures/qkv-150.bin	/tmp/riley-opt-260912/rope-arithmetic-probe/fixtures/cos-1.bin	/tmp/riley-opt-260912/rope-arithmetic-probe/fixtures/sin-1.bin	/tmp/riley-opt-260912/rope-arithmetic-probe/fixtures/metadata-150.bin
151	1	130	/tmp/riley-opt-260912/rope-arithmetic-probe/fixtures/qkv-151.bin	/tmp/riley-opt-260912/rope-arithmetic-probe/fixtures/cos-1.bin	/tmp/riley-opt-260912/rope-arithmetic-probe/fixtures/sin-1.bin	/tmp/riley-opt-260912/rope-arithmetic-probe/fixtures/metadata-151.bin
152	1	131	/tmp/riley-opt-260912/rope-arithmetic-probe/fixtures/qkv-152.bin	/tmp/riley-opt-260912/rope-arithmetic-probe/fixtures/cos-1.bin	/tmp/riley-opt-260912/rope-arithmetic-probe/fixtures/sin-1.bin	/tmp/riley-opt-260912/rope-arithmetic-probe/fixtures/metadata-152.bin
153	1	132	/tmp/riley-opt-260912/rope-arithmetic-probe/fixtures/qkv-153.bin	/tmp/riley-opt-260912/rope-arithmetic-probe/fixtures/cos-1.bin	/tmp/riley-opt-260912/rope-arithmetic-probe/fixtures/sin-1.bin	/tmp/riley-opt-260912/rope-arithmetic-probe/fixtures/metadata-153.bin
154	1	133	/tmp/riley-opt-260912/rope-arithmetic-probe/fixtures/qkv-154.bin	/tmp/riley-opt-260912/rope-arithmetic-probe/fixtures/cos-1.bin	/tmp/riley-opt-260912/rope-arithmetic-probe/fixtures/sin-1.bin	/tmp/riley-opt-260912/rope-arithmetic-probe/fixtures/metadata-154.bin
155	1	134	/tmp/riley-opt-260912/rope-arithmetic-probe/fixtures/qkv-155.bin	/tmp/riley-opt-260912/rope-arithmetic-probe/fixtures/cos-1.bin	/tmp/riley-opt-260912/rope-arithmetic-probe/fixtures/sin-1.bin	/tmp/riley-opt-260912/rope-arithmetic-probe/fixtures/metadata-155.bin
156	1	135	/tmp/riley-opt-260912/rope-arithmetic-probe/fixtures/qkv-156.bin	/tmp/riley-opt-260912/rope-arithmetic-probe/fixtures/cos-1.bin	/tmp/riley-opt-260912/rope-arithmetic-probe/fixtures/sin-1.bin	/tmp/riley-opt-260912/rope-arithmetic-probe/fixtures/metadata-156.bin
157	1	136	/tmp/riley-opt-260912/rope-arithmetic-probe/fixtures/qkv-157.bin	/tmp/riley-opt-260912/rope-arithmetic-probe/fixtures/cos-1.bin	/tmp/riley-opt-260912/rope-arithmetic-probe/fixtures/sin-1.bin	/tmp/riley-opt-260912/rope-arithmetic-probe/fixtures/metadata-157.bin
158	1	137	/tmp/riley-opt-260912/rope-arithmetic-probe/fixtures/qkv-158.bin	/tmp/riley-opt-260912/rope-arithmetic-probe/fixtures/cos-1.bin	/tmp/riley-opt-260912/rope-arithmetic-probe/fixtures/sin-1.bin	/tmp/riley-opt-260912/rope-arithmetic-probe/fixtures/metadata-158.bin
159	1	138	/tmp/riley-opt-260912/rope-arithmetic-probe/fixtures/qkv-159.bin	/tmp/riley-opt-260912/rope-arithmetic-probe/fixtures/cos-1.bin	/tmp/riley-opt-260912/rope-arithmetic-probe/fixtures/sin-1.bin	/tmp/riley-opt-260912/rope-arithmetic-probe/fixtures/metadata-159.bin
160	1	139	/tmp/riley-opt-260912/rope-arithmetic-probe/fixtures/qkv-160.bin	/tmp/riley-opt-260912/rope-arithmetic-probe/fixtures/cos-1.bin	/tmp/riley-opt-260912/rope-arithmetic-probe/fixtures/sin-1.bin	/tmp/riley-opt-260912/rope-arithmetic-probe/fixtures/metadata-160.bin
161	1	140	/tmp/riley-opt-260912/rope-arithmetic-probe/fixtures/qkv-161.bin	/tmp/riley-opt-260912/rope-arithmetic-probe/fixtures/cos-1.bin	/tmp/riley-opt-260912/rope-arithmetic-probe/fixtures/sin-1.bin	/tmp/riley-opt-260912/rope-arithmetic-probe/fixtures/metadata-161.bin
162	1	141	/tmp/riley-opt-260912/rope-arithmetic-probe/fixtures/qkv-162.bin	/tmp/riley-opt-260912/rope-arithmetic-probe/fixtures/cos-1.bin	/tmp/riley-opt-260912/rope-arithmetic-probe/fixtures/sin-1.bin	/tmp/riley-opt-260912/rope-arithmetic-probe/fixtures/metadata-162.bin
163	1	142	/tmp/riley-opt-260912/rope-arithmetic-probe/fixtures/qkv-163.bin	/tmp/riley-opt-260912/rope-arithmetic-probe/fixtures/cos-1.bin	/tmp/riley-opt-260912/rope-arithmetic-probe/fixtures/sin-1.bin	/tmp/riley-opt-260912/rope-arithmetic-probe/fixtures/metadata-163.bin
164	1	143	/tmp/riley-opt-260912/rope-arithmetic-probe/fixtures/qkv-164.bin	/tmp/riley-opt-260912/rope-arithmetic-probe/fixtures/cos-1.bin	/tmp/riley-opt-260912/rope-arithmetic-probe/fixtures/sin-1.bin	/tmp/riley-opt-260912/rope-arithmetic-probe/fixtures/metadata-164.bin
165	1	144	/tmp/riley-opt-260912/rope-arithmetic-probe/fixtures/qkv-165.bin	/tmp/riley-opt-260912/rope-arithmetic-probe/fixtures/cos-1.bin	/tmp/riley-opt-260912/rope-arithmetic-probe/fixtures/sin-1.bin	/tmp/riley-opt-260912/rope-arithmetic-probe/fixtures/metadata-165.bin
166	1	145	/tmp/riley-opt-260912/rope-arithmetic-probe/fixtures/qkv-166.bin	/tmp/riley-opt-260912/rope-arithmetic-probe/fixtures/cos-1.bin	/tmp/riley-opt-260912/rope-arithmetic-probe/fixtures/sin-1.bin	/tmp/riley-opt-260912/rope-arithmetic-probe/fixtures/metadata-166.bin
167	1	146	/tmp/riley-opt-260912/rope-arithmetic-probe/fixtures/qkv-167.bin	/tmp/riley-opt-260912/rope-arithmetic-probe/fixtures/cos-1.bin	/tmp/riley-opt-260912/rope-arithmetic-probe/fixtures/sin-1.bin	/tmp/riley-opt-260912/rope-arithmetic-probe/fixtures/metadata-167.bin
168	1	147	/tmp/riley-opt-260912/rope-arithmetic-probe/fixtures/qkv-168.bin	/tmp/riley-opt-260912/rope-arithmetic-probe/fixtures/cos-1.bin	/tmp/riley-opt-260912/rope-arithmetic-probe/fixtures/sin-1.bin	/tmp/riley-opt-260912/rope-arithmetic-probe/fixtures/metadata-168.bin
169	1	148	/tmp/riley-opt-260912/rope-arithmetic-probe/fixtures/qkv-169.bin	/tmp/riley-opt-260912/rope-arithmetic-probe/fixtures/cos-1.bin	/tmp/riley-opt-260912/rope-arithmetic-probe/fixtures/sin-1.bin	/tmp/riley-opt-260912/rope-arithmetic-probe/fixtures/metadata-169.bin
170	2	128	/tmp/riley-opt-260912/rope-arithmetic-probe/fixtures/qkv-170.bin	/tmp/riley-opt-260912/rope-arithmetic-probe/fixtures/cos-2.bin	/tmp/riley-opt-260912/rope-arithmetic-probe/fixtures/sin-2.bin	/tmp/riley-opt-260912/rope-arithmetic-probe/fixtures/metadata-170.bin
171	2	129	/tmp/riley-opt-260912/rope-arithmetic-probe/fixtures/qkv-171.bin	/tmp/riley-opt-260912/rope-arithmetic-probe/fixtures/cos-2.bin	/tmp/riley-opt-260912/rope-arithmetic-probe/fixtures/sin-2.bin	/tmp/riley-opt-260912/rope-arithmetic-probe/fixtures/metadata-171.bin
172	2	130	/tmp/riley-opt-260912/rope-arithmetic-probe/fixtures/qkv-172.bin	/tmp/riley-opt-260912/rope-arithmetic-probe/fixtures/cos-2.bin	/tmp/riley-opt-260912/rope-arithmetic-probe/fixtures/sin-2.bin	/tmp/riley-opt-260912/rope-arithmetic-probe/fixtures/metadata-172.bin
173	2	131	/tmp/riley-opt-260912/rope-arithmetic-probe/fixtures/qkv-173.bin	/tmp/riley-opt-260912/rope-arithmetic-probe/fixtures/cos-2.bin	/tmp/riley-opt-260912/rope-arithmetic-probe/fixtures/sin-2.bin	/tmp/riley-opt-260912/rope-arithmetic-probe/fixtures/metadata-173.bin
174	2	132	/tmp/riley-opt-260912/rope-arithmetic-probe/fixtures/qkv-174.bin	/tmp/riley-opt-260912/rope-arithmetic-probe/fixtures/cos-2.bin	/tmp/riley-opt-260912/rope-arithmetic-probe/fixtures/sin-2.bin	/tmp/riley-opt-260912/rope-arithmetic-probe/fixtures/metadata-174.bin
175	2	133	/tmp/riley-opt-260912/rope-arithmetic-probe/fixtures/qkv-175.bin	/tmp/riley-opt-260912/rope-arithmetic-probe/fixtures/cos-2.bin	/tmp/riley-opt-260912/rope-arithmetic-probe/fixtures/sin-2.bin	/tmp/riley-opt-260912/rope-arithmetic-probe/fixtures/metadata-175.bin
176	2	134	/tmp/riley-opt-260912/rope-arithmetic-probe/fixtures/qkv-176.bin	/tmp/riley-opt-260912/rope-arithmetic-probe/fixtures/cos-2.bin	/tmp/riley-opt-260912/rope-arithmetic-probe/fixtures/sin-2.bin	/tmp/riley-opt-260912/rope-arithmetic-probe/fixtures/metadata-176.bin
177	2	135	/tmp/riley-opt-260912/rope-arithmetic-probe/fixtures/qkv-177.bin	/tmp/riley-opt-260912/rope-arithmetic-probe/fixtures/cos-2.bin	/tmp/riley-opt-260912/rope-arithmetic-probe/fixtures/sin-2.bin	/tmp/riley-opt-260912/rope-arithmetic-probe/fixtures/metadata-177.bin
178	2	136	/tmp/riley-opt-260912/rope-arithmetic-probe/fixtures/qkv-178.bin	/tmp/riley-opt-260912/rope-arithmetic-probe/fixtures/cos-2.bin	/tmp/riley-opt-260912/rope-arithmetic-probe/fixtures/sin-2.bin	/tmp/riley-opt-260912/rope-arithmetic-probe/fixtures/metadata-178.bin
179	2	137	/tmp/riley-opt-260912/rope-arithmetic-probe/fixtures/qkv-179.bin	/tmp/riley-opt-260912/rope-arithmetic-probe/fixtures/cos-2.bin	/tmp/riley-opt-260912/rope-arithmetic-probe/fixtures/sin-2.bin	/tmp/riley-opt-260912/rope-arithmetic-probe/fixtures/metadata-179.bin
180	2	138	/tmp/riley-opt-260912/rope-arithmetic-probe/fixtures/qkv-180.bin	/tmp/riley-opt-260912/rope-arithmetic-probe/fixtures/cos-2.bin	/tmp/riley-opt-260912/rope-arithmetic-probe/fixtures/sin-2.bin	/tmp/riley-opt-260912/rope-arithmetic-probe/fixtures/metadata-180.bin
181	2	139	/tmp/riley-opt-260912/rope-arithmetic-probe/fixtures/qkv-181.bin	/tmp/riley-opt-260912/rope-arithmetic-probe/fixtures/cos-2.bin	/tmp/riley-opt-260912/rope-arithmetic-probe/fixtures/sin-2.bin	/tmp/riley-opt-260912/rope-arithmetic-probe/fixtures/metadata-181.bin
182	2	140	/tmp/riley-opt-260912/rope-arithmetic-probe/fixtures/qkv-182.bin	/tmp/riley-opt-260912/rope-arithmetic-probe/fixtures/cos-2.bin	/tmp/riley-opt-260912/rope-arithmetic-probe/fixtures/sin-2.bin	/tmp/riley-opt-260912/rope-arithmetic-probe/fixtures/metadata-182.bin
183	2	141	/tmp/riley-opt-260912/rope-arithmetic-probe/fixtures/qkv-183.bin	/tmp/riley-opt-260912/rope-arithmetic-probe/fixtures/cos-2.bin	/tmp/riley-opt-260912/rope-arithmetic-probe/fixtures/sin-2.bin	/tmp/riley-opt-260912/rope-arithmetic-probe/fixtures/metadata-183.bin
184	2	142	/tmp/riley-opt-260912/rope-arithmetic-probe/fixtures/qkv-184.bin	/tmp/riley-opt-260912/rope-arithmetic-probe/fixtures/cos-2.bin	/tmp/riley-opt-260912/rope-arithmetic-probe/fixtures/sin-2.bin	/tmp/riley-opt-260912/rope-arithmetic-probe/fixtures/metadata-184.bin
185	2	143	/tmp/riley-opt-260912/rope-arithmetic-probe/fixtures/qkv-185.bin	/tmp/riley-opt-260912/rope-arithmetic-probe/fixtures/cos-2.bin	/tmp/riley-opt-260912/rope-arithmetic-probe/fixtures/sin-2.bin	/tmp/riley-opt-260912/rope-arithmetic-probe/fixtures/metadata-185.bin
186	2	144	/tmp/riley-opt-260912/rope-arithmetic-probe/fixtures/qkv-186.bin	/tmp/riley-opt-260912/rope-arithmetic-probe/fixtures/cos-2.bin	/tmp/riley-opt-260912/rope-arithmetic-probe/fixtures/sin-2.bin	/tmp/riley-opt-260912/rope-arithmetic-probe/fixtures/metadata-186.bin
187	2	145	/tmp/riley-opt-260912/rope-arithmetic-probe/fixtures/qkv-187.bin	/tmp/riley-opt-260912/rope-arithmetic-probe/fixtures/cos-2.bin	/tmp/riley-opt-260912/rope-arithmetic-probe/fixtures/sin-2.bin	/tmp/riley-opt-260912/rope-arithmetic-probe/fixtures/metadata-187.bin
188	2	146	/tmp/riley-opt-260912/rope-arithmetic-probe/fixtures/qkv-188.bin	/tmp/riley-opt-260912/rope-arithmetic-probe/fixtures/cos-2.bin	/tmp/riley-opt-260912/rope-arithmetic-probe/fixtures/sin-2.bin	/tmp/riley-opt-260912/rope-arithmetic-probe/fixtures/metadata-188.bin
189	2	147	/tmp/riley-opt-260912/rope-arithmetic-probe/fixtures/qkv-189.bin	/tmp/riley-opt-260912/rope-arithmetic-probe/fixtures/cos-2.bin	/tmp/riley-opt-260912/rope-arithmetic-probe/fixtures/sin-2.bin	/tmp/riley-opt-260912/rope-arithmetic-probe/fixtures/metadata-189.bin
190	2	148	/tmp/riley-opt-260912/rope-arithmetic-probe/fixtures/qkv-190.bin	/tmp/riley-opt-260912/rope-arithmetic-probe/fixtures/cos-2.bin	/tmp/riley-opt-260912/rope-arithmetic-probe/fixtures/sin-2.bin	/tmp/riley-opt-260912/rope-arithmetic-probe/fixtures/metadata-190.bin
191	2	149	/tmp/riley-opt-260912/rope-arithmetic-probe/fixtures/qkv-191.bin	/tmp/riley-opt-260912/rope-arithmetic-probe/fixtures/cos-2.bin	/tmp/riley-opt-260912/rope-arithmetic-probe/fixtures/sin-2.bin	/tmp/riley-opt-260912/rope-arithmetic-probe/fixtures/metadata-191.bin
192	2	150	/tmp/riley-opt-260912/rope-arithmetic-probe/fixtures/qkv-192.bin	/tmp/riley-opt-260912/rope-arithmetic-probe/fixtures/cos-2.bin	/tmp/riley-opt-260912/rope-arithmetic-probe/fixtures/sin-2.bin	/tmp/riley-opt-260912/rope-arithmetic-probe/fixtures/metadata-192.bin
193	2	151	/tmp/riley-opt-260912/rope-arithmetic-probe/fixtures/qkv-193.bin	/tmp/riley-opt-260912/rope-arithmetic-probe/fixtures/cos-2.bin	/tmp/riley-opt-260912/rope-arithmetic-probe/fixtures/sin-2.bin	/tmp/riley-opt-260912/rope-arithmetic-probe/fixtures/metadata-193.bin
194	2	152	/tmp/riley-opt-260912/rope-arithmetic-probe/fixtures/qkv-194.bin	/tmp/riley-opt-260912/rope-arithmetic-probe/fixtures/cos-2.bin	/tmp/riley-opt-260912/rope-arithmetic-probe/fixtures/sin-2.bin	/tmp/riley-opt-260912/rope-arithmetic-probe/fixtures/metadata-194.bin
195	2	153	/tmp/riley-opt-260912/rope-arithmetic-probe/fixtures/qkv-195.bin	/tmp/riley-opt-260912/rope-arithmetic-probe/fixtures/cos-2.bin	/tmp/riley-opt-260912/rope-arithmetic-probe/fixtures/sin-2.bin	/tmp/riley-opt-260912/rope-arithmetic-probe/fixtures/metadata-195.bin
196	2	154	/tmp/riley-opt-260912/rope-arithmetic-probe/fixtures/qkv-196.bin	/tmp/riley-opt-260912/rope-arithmetic-probe/fixtures/cos-2.bin	/tmp/riley-opt-260912/rope-arithmetic-probe/fixtures/sin-2.bin	/tmp/riley-opt-260912/rope-arithmetic-probe/fixtures/metadata-196.bin
197	2	155	/tmp/riley-opt-260912/rope-arithmetic-probe/fixtures/qkv-197.bin	/tmp/riley-opt-260912/rope-arithmetic-probe/fixtures/cos-2.bin	/tmp/riley-opt-260912/rope-arithmetic-probe/fixtures/sin-2.bin	/tmp/riley-opt-260912/rope-arithmetic-probe/fixtures/metadata-197.bin
198	2	156	/tmp/riley-opt-260912/rope-arithmetic-probe/fixtures/qkv-198.bin	/tmp/riley-opt-260912/rope-arithmetic-probe/fixtures/cos-2.bin	/tmp/riley-opt-260912/rope-arithmetic-probe/fixtures/sin-2.bin	/tmp/riley-opt-260912/rope-arithmetic-probe/fixtures/metadata-198.bin
199	2	157	/tmp/riley-opt-260912/rope-arithmetic-probe/fixtures/qkv-199.bin	/tmp/riley-opt-260912/rope-arithmetic-probe/fixtures/cos-2.bin	/tmp/riley-opt-260912/rope-arithmetic-probe/fixtures/sin-2.bin	/tmp/riley-opt-260912/rope-arithmetic-probe/fixtures/metadata-199.bin
200	2	158	/tmp/riley-opt-260912/rope-arithmetic-probe/fixtures/qkv-200.bin	/tmp/riley-opt-260912/rope-arithmetic-probe/fixtures/cos-2.bin	/tmp/riley-opt-260912/rope-arithmetic-probe/fixtures/sin-2.bin	/tmp/riley-opt-260912/rope-arithmetic-probe/fixtures/metadata-200.bin
201	2	159	/tmp/riley-opt-260912/rope-arithmetic-probe/fixtures/qkv-201.bin	/tmp/riley-opt-260912/rope-arithmetic-probe/fixtures/cos-2.bin	/tmp/riley-opt-260912/rope-arithmetic-probe/fixtures/sin-2.bin	/tmp/riley-opt-260912/rope-arithmetic-probe/fixtures/metadata-201.bin
202	2	128	/tmp/riley-opt-260912/rope-arithmetic-probe/fixtures/qkv-202.bin	/tmp/riley-opt-260912/rope-arithmetic-probe/fixtures/cos-2.bin	/tmp/riley-opt-260912/rope-arithmetic-probe/fixtures/sin-2.bin	/tmp/riley-opt-260912/rope-arithmetic-probe/fixtures/metadata-202.bin
203	2	129	/tmp/riley-opt-260912/rope-arithmetic-probe/fixtures/qkv-203.bin	/tmp/riley-opt-260912/rope-arithmetic-probe/fixtures/cos-2.bin	/tmp/riley-opt-260912/rope-arithmetic-probe/fixtures/sin-2.bin	/tmp/riley-opt-260912/rope-arithmetic-probe/fixtures/metadata-203.bin
204	2	130	/tmp/riley-opt-260912/rope-arithmetic-probe/fixtures/qkv-204.bin	/tmp/riley-opt-260912/rope-arithmetic-probe/fixtures/cos-2.bin	/tmp/riley-opt-260912/rope-arithmetic-probe/fixtures/sin-2.bin	/tmp/riley-opt-260912/rope-arithmetic-probe/fixtures/metadata-204.bin
205	2	131	/tmp/riley-opt-260912/rope-arithmetic-probe/fixtures/qkv-205.bin	/tmp/riley-opt-260912/rope-arithmetic-probe/fixtures/cos-2.bin	/tmp/riley-opt-260912/rope-arithmetic-probe/fixtures/sin-2.bin	/tmp/riley-opt-260912/rope-arithmetic-probe/fixtures/metadata-205.bin
206	2	132	/tmp/riley-opt-260912/rope-arithmetic-probe/fixtures/qkv-206.bin	/tmp/riley-opt-260912/rope-arithmetic-probe/fixtures/cos-2.bin	/tmp/riley-opt-260912/rope-arithmetic-probe/fixtures/sin-2.bin	/tmp/riley-opt-260912/rope-arithmetic-probe/fixtures/metadata-206.bin
207	2	133	/tmp/riley-opt-260912/rope-arithmetic-probe/fixtures/qkv-207.bin	/tmp/riley-opt-260912/rope-arithmetic-probe/fixtures/cos-2.bin	/tmp/riley-opt-260912/rope-arithmetic-probe/fixtures/sin-2.bin	/tmp/riley-opt-260912/rope-arithmetic-probe/fixtures/metadata-207.bin
208	2	134	/tmp/riley-opt-260912/rope-arithmetic-probe/fixtures/qkv-208.bin	/tmp/riley-opt-260912/rope-arithmetic-probe/fixtures/cos-2.bin	/tmp/riley-opt-260912/rope-arithmetic-probe/fixtures/sin-2.bin	/tmp/riley-opt-260912/rope-arithmetic-probe/fixtures/metadata-208.bin
209	2	135	/tmp/riley-opt-260912/rope-arithmetic-probe/fixtures/qkv-209.bin	/tmp/riley-opt-260912/rope-arithmetic-probe/fixtures/cos-2.bin	/tmp/riley-opt-260912/rope-arithmetic-probe/fixtures/sin-2.bin	/tmp/riley-opt-260912/rope-arithmetic-probe/fixtures/metadata-209.bin
210	2	136	/tmp/riley-opt-260912/rope-arithmetic-probe/fixtures/qkv-210.bin	/tmp/riley-opt-260912/rope-arithmetic-probe/fixtures/cos-2.bin	/tmp/riley-opt-260912/rope-arithmetic-probe/fixtures/sin-2.bin	/tmp/riley-opt-260912/rope-arithmetic-probe/fixtures/metadata-210.bin
211	2	137	/tmp/riley-opt-260912/rope-arithmetic-probe/fixtures/qkv-211.bin	/tmp/riley-opt-260912/rope-arithmetic-probe/fixtures/cos-2.bin	/tmp/riley-opt-260912/rope-arithmetic-probe/fixtures/sin-2.bin	/tmp/riley-opt-260912/rope-arithmetic-probe/fixtures/metadata-211.bin
212	2	138	/tmp/riley-opt-260912/rope-arithmetic-probe/fixtures/qkv-212.bin	/tmp/riley-opt-260912/rope-arithmetic-probe/fixtures/cos-2.bin	/tmp/riley-opt-260912/rope-arithmetic-probe/fixtures/sin-2.bin	/tmp/riley-opt-260912/rope-arithmetic-probe/fixtures/metadata-212.bin
213	2	139	/tmp/riley-opt-260912/rope-arithmetic-probe/fixtures/qkv-213.bin	/tmp/riley-opt-260912/rope-arithmetic-probe/fixtures/cos-2.bin	/tmp/riley-opt-260912/rope-arithmetic-probe/fixtures/sin-2.bin	/tmp/riley-opt-260912/rope-arithmetic-probe/fixtures/metadata-213.bin
214	2	140	/tmp/riley-opt-260912/rope-arithmetic-probe/fixtures/qkv-214.bin	/tmp/riley-opt-260912/rope-arithmetic-probe/fixtures/cos-2.bin	/tmp/riley-opt-260912/rope-arithmetic-probe/fixtures/sin-2.bin	/tmp/riley-opt-260912/rope-arithmetic-probe/fixtures/metadata-214.bin
215	2	141	/tmp/riley-opt-260912/rope-arithmetic-probe/fixtures/qkv-215.bin	/tmp/riley-opt-260912/rope-arithmetic-probe/fixtures/cos-2.bin	/tmp/riley-opt-260912/rope-arithmetic-probe/fixtures/sin-2.bin	/tmp/riley-opt-260912/rope-arithmetic-probe/fixtures/metadata-215.bin
216	2	142	/tmp/riley-opt-260912/rope-arithmetic-probe/fixtures/qkv-216.bin	/tmp/riley-opt-260912/rope-arithmetic-probe/fixtures/cos-2.bin	/tmp/riley-opt-260912/rope-arithmetic-probe/fixtures/sin-2.bin	/tmp/riley-opt-260912/rope-arithmetic-probe/fixtures/metadata-216.bin
217	2	143	/tmp/riley-opt-260912/rope-arithmetic-probe/fixtures/qkv-217.bin	/tmp/riley-opt-260912/rope-arithmetic-probe/fixtures/cos-2.bin	/tmp/riley-opt-260912/rope-arithmetic-probe/fixtures/sin-2.bin	/tmp/riley-opt-260912/rope-arithmetic-probe/fixtures/metadata-217.bin
218	2	144	/tmp/riley-opt-260912/rope-arithmetic-probe/fixtures/qkv-218.bin	/tmp/riley-opt-260912/rope-arithmetic-probe/fixtures/cos-2.bin	/tmp/riley-opt-260912/rope-arithmetic-probe/fixtures/sin-2.bin	/tmp/riley-opt-260912/rope-arithmetic-probe/fixtures/metadata-218.bin
219	2	145	/tmp/riley-opt-260912/rope-arithmetic-probe/fixtures/qkv-219.bin	/tmp/riley-opt-260912/rope-arithmetic-probe/fixtures/cos-2.bin	/tmp/riley-opt-260912/rope-arithmetic-probe/fixtures/sin-2.bin	/tmp/riley-opt-260912/rope-arithmetic-probe/fixtures/metadata-219.bin
220	2	146	/tmp/riley-opt-260912/rope-arithmetic-probe/fixtures/qkv-220.bin	/tmp/riley-opt-260912/rope-arithmetic-probe/fixtures/cos-2.bin	/tmp/riley-opt-260912/rope-arithmetic-probe/fixtures/sin-2.bin	/tmp/riley-opt-260912/rope-arithmetic-probe/fixtures/metadata-220.bin
221	2	147	/tmp/riley-opt-260912/rope-arithmetic-probe/fixtures/qkv-221.bin	/tmp/riley-opt-260912/rope-arithmetic-probe/fixtures/cos-2.bin	/tmp/riley-opt-260912/rope-arithmetic-probe/fixtures/sin-2.bin	/tmp/riley-opt-260912/rope-arithmetic-probe/fixtures/metadata-221.bin
222	2	148	/tmp/riley-opt-260912/rope-arithmetic-probe/fixtures/qkv-222.bin	/tmp/riley-opt-260912/rope-arithmetic-probe/fixtures/cos-2.bin	/tmp/riley-opt-260912/rope-arithmetic-probe/fixtures/sin-2.bin	/tmp/riley-opt-260912/rope-arithmetic-probe/fixtures/metadata-222.bin
223	2	149	/tmp/riley-opt-260912/rope-arithmetic-probe/fixtures/qkv-223.bin	/tmp/riley-opt-260912/rope-arithmetic-probe/fixtures/cos-2.bin	/tmp/riley-opt-260912/rope-arithmetic-probe/fixtures/sin-2.bin	/tmp/riley-opt-260912/rope-arithmetic-probe/fixtures/metadata-223.bin
224	2	150	/tmp/riley-opt-260912/rope-arithmetic-probe/fixtures/qkv-224.bin	/tmp/riley-opt-260912/rope-arithmetic-probe/fixtures/cos-2.bin	/tmp/riley-opt-260912/rope-arithmetic-probe/fixtures/sin-2.bin	/tmp/riley-opt-260912/rope-arithmetic-probe/fixtures/metadata-224.bin
225	2	151	/tmp/riley-opt-260912/rope-arithmetic-probe/fixtures/qkv-225.bin	/tmp/riley-opt-260912/rope-arithmetic-probe/fixtures/cos-2.bin	/tmp/riley-opt-260912/rope-arithmetic-probe/fixtures/sin-2.bin	/tmp/riley-opt-260912/rope-arithmetic-probe/fixtures/metadata-225.bin
226	2	152	/tmp/riley-opt-260912/rope-arithmetic-probe/fixtures/qkv-226.bin	/tmp/riley-opt-260912/rope-arithmetic-probe/fixtures/cos-2.bin	/tmp/riley-opt-260912/rope-arithmetic-probe/fixtures/sin-2.bin	/tmp/riley-opt-260912/rope-arithmetic-probe/fixtures/metadata-226.bin
227	2	153	/tmp/riley-opt-260912/rope-arithmetic-probe/fixtures/qkv-227.bin	/tmp/riley-opt-260912/rope-arithmetic-probe/fixtures/cos-2.bin	/tmp/riley-opt-260912/rope-arithmetic-probe/fixtures/sin-2.bin	/tmp/riley-opt-260912/rope-arithmetic-probe/fixtures/metadata-227.bin
228	2	154	/tmp/riley-opt-260912/rope-arithmetic-probe/fixtures/qkv-228.bin	/tmp/riley-opt-260912/rope-arithmetic-probe/fixtures/cos-2.bin	/tmp/riley-opt-260912/rope-arithmetic-probe/fixtures/sin-2.bin	/tmp/riley-opt-260912/rope-arithmetic-probe/fixtures/metadata-228.bin
229	2	155	/tmp/riley-opt-260912/rope-arithmetic-probe/fixtures/qkv-229.bin	/tmp/riley-opt-260912/rope-arithmetic-probe/fixtures/cos-2.bin	/tmp/riley-opt-260912/rope-arithmetic-probe/fixtures/sin-2.bin	/tmp/riley-opt-260912/rope-arithmetic-probe/fixtures/metadata-229.bin
230	2	156	/tmp/riley-opt-260912/rope-arithmetic-probe/fixtures/qkv-230.bin	/tmp/riley-opt-260912/rope-arithmetic-probe/fixtures/cos-2.bin	/tmp/riley-opt-260912/rope-arithmetic-probe/fixtures/sin-2.bin	/tmp/riley-opt-260912/rope-arithmetic-probe/fixtures/metadata-230.bin
231	2	157	/tmp/riley-opt-260912/rope-arithmetic-probe/fixtures/qkv-231.bin	/tmp/riley-opt-260912/rope-arithmetic-probe/fixtures/cos-2.bin	/tmp/riley-opt-260912/rope-arithmetic-probe/fixtures/sin-2.bin	/tmp/riley-opt-260912/rope-arithmetic-probe/fixtures/metadata-231.bin
232	2	158	/tmp/riley-opt-260912/rope-arithmetic-probe/fixtures/qkv-232.bin	/tmp/riley-opt-260912/rope-arithmetic-probe/fixtures/cos-2.bin	/tmp/riley-opt-260912/rope-arithmetic-probe/fixtures/sin-2.bin	/tmp/riley-opt-260912/rope-arithmetic-probe/fixtures/metadata-232.bin
233	2	159	/tmp/riley-opt-260912/rope-arithmetic-probe/fixtures/qkv-233.bin	/tmp/riley-opt-260912/rope-arithmetic-probe/fixtures/cos-2.bin	/tmp/riley-opt-260912/rope-arithmetic-probe/fixtures/sin-2.bin	/tmp/riley-opt-260912/rope-arithmetic-probe/fixtures/metadata-233.bin
234	2	128	/tmp/riley-opt-260912/rope-arithmetic-probe/fixtures/qkv-234.bin	/tmp/riley-opt-260912/rope-arithmetic-probe/fixtures/cos-2.bin	/tmp/riley-opt-260912/rope-arithmetic-probe/fixtures/sin-2.bin	/tmp/riley-opt-260912/rope-arithmetic-probe/fixtures/metadata-234.bin
235	2	129	/tmp/riley-opt-260912/rope-arithmetic-probe/fixtures/qkv-235.bin	/tmp/riley-opt-260912/rope-arithmetic-probe/fixtures/cos-2.bin	/tmp/riley-opt-260912/rope-arithmetic-probe/fixtures/sin-2.bin	/tmp/riley-opt-260912/rope-arithmetic-probe/fixtures/metadata-235.bin
236	2	130	/tmp/riley-opt-260912/rope-arithmetic-probe/fixtures/qkv-236.bin	/tmp/riley-opt-260912/rope-arithmetic-probe/fixtures/cos-2.bin	/tmp/riley-opt-260912/rope-arithmetic-probe/fixtures/sin-2.bin	/tmp/riley-opt-260912/rope-arithmetic-probe/fixtures/metadata-236.bin
237	2	131	/tmp/riley-opt-260912/rope-arithmetic-probe/fixtures/qkv-237.bin	/tmp/riley-opt-260912/rope-arithmetic-probe/fixtures/cos-2.bin	/tmp/riley-opt-260912/rope-arithmetic-probe/fixtures/sin-2.bin	/tmp/riley-opt-260912/rope-arithmetic-probe/fixtures/metadata-237.bin
238	2	132	/tmp/riley-opt-260912/rope-arithmetic-probe/fixtures/qkv-238.bin	/tmp/riley-opt-260912/rope-arithmetic-probe/fixtures/cos-2.bin	/tmp/riley-opt-260912/rope-arithmetic-probe/fixtures/sin-2.bin	/tmp/riley-opt-260912/rope-arithmetic-probe/fixtures/metadata-238.bin
239	2	133	/tmp/riley-opt-260912/rope-arithmetic-probe/fixtures/qkv-239.bin	/tmp/riley-opt-260912/rope-arithmetic-probe/fixtures/cos-2.bin	/tmp/riley-opt-260912/rope-arithmetic-probe/fixtures/sin-2.bin	/tmp/riley-opt-260912/rope-arithmetic-probe/fixtures/metadata-239.bin
240	2	134	/tmp/riley-opt-260912/rope-arithmetic-probe/fixtures/qkv-240.bin	/tmp/riley-opt-260912/rope-arithmetic-probe/fixtures/cos-2.bin	/tmp/riley-opt-260912/rope-arithmetic-probe/fixtures/sin-2.bin	/tmp/riley-opt-260912/rope-arithmetic-probe/fixtures/metadata-240.bin
241	2	135	/tmp/riley-opt-260912/rope-arithmetic-probe/fixtures/qkv-241.bin	/tmp/riley-opt-260912/rope-arithmetic-probe/fixtures/cos-2.bin	/tmp/riley-opt-260912/rope-arithmetic-probe/fixtures/sin-2.bin	/tmp/riley-opt-260912/rope-arithmetic-probe/fixtures/metadata-241.bin
242	2	136	/tmp/riley-opt-260912/rope-arithmetic-probe/fixtures/qkv-242.bin	/tmp/riley-opt-260912/rope-arithmetic-probe/fixtures/cos-2.bin	/tmp/riley-opt-260912/rope-arithmetic-probe/fixtures/sin-2.bin	/tmp/riley-opt-260912/rope-arithmetic-probe/fixtures/metadata-242.bin
243	2	137	/tmp/riley-opt-260912/rope-arithmetic-probe/fixtures/qkv-243.bin	/tmp/riley-opt-260912/rope-arithmetic-probe/fixtures/cos-2.bin	/tmp/riley-opt-260912/rope-arithmetic-probe/fixtures/sin-2.bin	/tmp/riley-opt-260912/rope-arithmetic-probe/fixtures/metadata-243.bin
244	2	138	/tmp/riley-opt-260912/rope-arithmetic-probe/fixtures/qkv-244.bin	/tmp/riley-opt-260912/rope-arithmetic-probe/fixtures/cos-2.bin	/tmp/riley-opt-260912/rope-arithmetic-probe/fixtures/sin-2.bin	/tmp/riley-opt-260912/rope-arithmetic-probe/fixtures/metadata-244.bin
245	2	139	/tmp/riley-opt-260912/rope-arithmetic-probe/fixtures/qkv-245.bin	/tmp/riley-opt-260912/rope-arithmetic-probe/fixtures/cos-2.bin	/tmp/riley-opt-260912/rope-arithmetic-probe/fixtures/sin-2.bin	/tmp/riley-opt-260912/rope-arithmetic-probe/fixtures/metadata-245.bin
246	2	140	/tmp/riley-opt-260912/rope-arithmetic-probe/fixtures/qkv-246.bin	/tmp/riley-opt-260912/rope-arithmetic-probe/fixtures/cos-2.bin	/tmp/riley-opt-260912/rope-arithmetic-probe/fixtures/sin-2.bin	/tmp/riley-opt-260912/rope-arithmetic-probe/fixtures/metadata-246.bin
247	2	141	/tmp/riley-opt-260912/rope-arithmetic-probe/fixtures/qkv-247.bin	/tmp/riley-opt-260912/rope-arithmetic-probe/fixtures/cos-2.bin	/tmp/riley-opt-260912/rope-arithmetic-probe/fixtures/sin-2.bin	/tmp/riley-opt-260912/rope-arithmetic-probe/fixtures/metadata-247.bin
248	2	142	/tmp/riley-opt-260912/rope-arithmetic-probe/fixtures/qkv-248.bin	/tmp/riley-opt-260912/rope-arithmetic-probe/fixtures/cos-2.bin	/tmp/riley-opt-260912/rope-arithmetic-probe/fixtures/sin-2.bin	/tmp/riley-opt-260912/rope-arithmetic-probe/fixtures/metadata-248.bin
249	2	143	/tmp/riley-opt-260912/rope-arithmetic-probe/fixtures/qkv-249.bin	/tmp/riley-opt-260912/rope-arithmetic-probe/fixtures/cos-2.bin	/tmp/riley-opt-260912/rope-arithmetic-probe/fixtures/sin-2.bin	/tmp/riley-opt-260912/rope-arithmetic-probe/fixtures/metadata-249.bin
250	2	144	/tmp/riley-opt-260912/rope-arithmetic-probe/fixtures/qkv-250.bin	/tmp/riley-opt-260912/rope-arithmetic-probe/fixtures/cos-2.bin	/tmp/riley-opt-260912/rope-arithmetic-probe/fixtures/sin-2.bin	/tmp/riley-opt-260912/rope-arithmetic-probe/fixtures/metadata-250.bin
251	2	145	/tmp/riley-opt-260912/rope-arithmetic-probe/fixtures/qkv-251.bin	/tmp/riley-opt-260912/rope-arithmetic-probe/fixtures/cos-2.bin	/tmp/riley-opt-260912/rope-arithmetic-probe/fixtures/sin-2.bin	/tmp/riley-opt-260912/rope-arithmetic-probe/fixtures/metadata-251.bin
252	2	146	/tmp/riley-opt-260912/rope-arithmetic-probe/fixtures/qkv-252.bin	/tmp/riley-opt-260912/rope-arithmetic-probe/fixtures/cos-2.bin	/tmp/riley-opt-260912/rope-arithmetic-probe/fixtures/sin-2.bin	/tmp/riley-opt-260912/rope-arithmetic-probe/fixtures/metadata-252.bin
253	2	147	/tmp/riley-opt-260912/rope-arithmetic-probe/fixtures/qkv-253.bin	/tmp/riley-opt-260912/rope-arithmetic-probe/fixtures/cos-2.bin	/tmp/riley-opt-260912/rope-arithmetic-probe/fixtures/sin-2.bin	/tmp/riley-opt-260912/rope-arithmetic-probe/fixtures/metadata-253.bin
254	2	148	/tmp/riley-opt-260912/rope-arithmetic-probe/fixtures/qkv-254.bin	/tmp/riley-opt-260912/rope-arithmetic-probe/fixtures/cos-2.bin	/tmp/riley-opt-260912/rope-arithmetic-probe/fixtures/sin-2.bin	/tmp/riley-opt-260912/rope-arithmetic-probe/fixtures/metadata-254.bin
255	3	128	/tmp/riley-opt-260912/rope-arithmetic-probe/fixtures/qkv-255.bin	/tmp/riley-opt-260912/rope-arithmetic-probe/fixtures/cos-3.bin	/tmp/riley-opt-260912/rope-arithmetic-probe/fixtures/sin-3.bin	/tmp/riley-opt-260912/rope-arithmetic-probe/fixtures/metadata-255.bin
256	3	129	/tmp/riley-opt-260912/rope-arithmetic-probe/fixtures/qkv-256.bin	/tmp/riley-opt-260912/rope-arithmetic-probe/fixtures/cos-3.bin	/tmp/riley-opt-260912/rope-arithmetic-probe/fixtures/sin-3.bin	/tmp/riley-opt-260912/rope-arithmetic-probe/fixtures/metadata-256.bin
257	3	130	/tmp/riley-opt-260912/rope-arithmetic-probe/fixtures/qkv-257.bin	/tmp/riley-opt-260912/rope-arithmetic-probe/fixtures/cos-3.bin	/tmp/riley-opt-260912/rope-arithmetic-probe/fixtures/sin-3.bin	/tmp/riley-opt-260912/rope-arithmetic-probe/fixtures/metadata-257.bin
258	3	131	/tmp/riley-opt-260912/rope-arithmetic-probe/fixtures/qkv-258.bin	/tmp/riley-opt-260912/rope-arithmetic-probe/fixtures/cos-3.bin	/tmp/riley-opt-260912/rope-arithmetic-probe/fixtures/sin-3.bin	/tmp/riley-opt-260912/rope-arithmetic-probe/fixtures/metadata-258.bin
259	3	132	/tmp/riley-opt-260912/rope-arithmetic-probe/fixtures/qkv-259.bin	/tmp/riley-opt-260912/rope-arithmetic-probe/fixtures/cos-3.bin	/tmp/riley-opt-260912/rope-arithmetic-probe/fixtures/sin-3.bin	/tmp/riley-opt-260912/rope-arithmetic-probe/fixtures/metadata-259.bin
260	3	133	/tmp/riley-opt-260912/rope-arithmetic-probe/fixtures/qkv-260.bin	/tmp/riley-opt-260912/rope-arithmetic-probe/fixtures/cos-3.bin	/tmp/riley-opt-260912/rope-arithmetic-probe/fixtures/sin-3.bin	/tmp/riley-opt-260912/rope-arithmetic-probe/fixtures/metadata-260.bin
261	3	134	/tmp/riley-opt-260912/rope-arithmetic-probe/fixtures/qkv-261.bin	/tmp/riley-opt-260912/rope-arithmetic-probe/fixtures/cos-3.bin	/tmp/riley-opt-260912/rope-arithmetic-probe/fixtures/sin-3.bin	/tmp/riley-opt-260912/rope-arithmetic-probe/fixtures/metadata-261.bin
262	3	135	/tmp/riley-opt-260912/rope-arithmetic-probe/fixtures/qkv-262.bin	/tmp/riley-opt-260912/rope-arithmetic-probe/fixtures/cos-3.bin	/tmp/riley-opt-260912/rope-arithmetic-probe/fixtures/sin-3.bin	/tmp/riley-opt-260912/rope-arithmetic-probe/fixtures/metadata-262.bin
263	3	136	/tmp/riley-opt-260912/rope-arithmetic-probe/fixtures/qkv-263.bin	/tmp/riley-opt-260912/rope-arithmetic-probe/fixtures/cos-3.bin	/tmp/riley-opt-260912/rope-arithmetic-probe/fixtures/sin-3.bin	/tmp/riley-opt-260912/rope-arithmetic-probe/fixtures/metadata-263.bin
264	3	137	/tmp/riley-opt-260912/rope-arithmetic-probe/fixtures/qkv-264.bin	/tmp/riley-opt-260912/rope-arithmetic-probe/fixtures/cos-3.bin	/tmp/riley-opt-260912/rope-arithmetic-probe/fixtures/sin-3.bin	/tmp/riley-opt-260912/rope-arithmetic-probe/fixtures/metadata-264.bin
265	3	138	/tmp/riley-opt-260912/rope-arithmetic-probe/fixtures/qkv-265.bin	/tmp/riley-opt-260912/rope-arithmetic-probe/fixtures/cos-3.bin	/tmp/riley-opt-260912/rope-arithmetic-probe/fixtures/sin-3.bin	/tmp/riley-opt-260912/rope-arithmetic-probe/fixtures/metadata-265.bin
266	3	139	/tmp/riley-opt-260912/rope-arithmetic-probe/fixtures/qkv-266.bin	/tmp/riley-opt-260912/rope-arithmetic-probe/fixtures/cos-3.bin	/tmp/riley-opt-260912/rope-arithmetic-probe/fixtures/sin-3.bin	/tmp/riley-opt-260912/rope-arithmetic-probe/fixtures/metadata-266.bin
267	3	140	/tmp/riley-opt-260912/rope-arithmetic-probe/fixtures/qkv-267.bin	/tmp/riley-opt-260912/rope-arithmetic-probe/fixtures/cos-3.bin	/tmp/riley-opt-260912/rope-arithmetic-probe/fixtures/sin-3.bin	/tmp/riley-opt-260912/rope-arithmetic-probe/fixtures/metadata-267.bin
268	3	141	/tmp/riley-opt-260912/rope-arithmetic-probe/fixtures/qkv-268.bin	/tmp/riley-opt-260912/rope-arithmetic-probe/fixtures/cos-3.bin	/tmp/riley-opt-260912/rope-arithmetic-probe/fixtures/sin-3.bin	/tmp/riley-opt-260912/rope-arithmetic-probe/fixtures/metadata-268.bin
269	3	142	/tmp/riley-opt-260912/rope-arithmetic-probe/fixtures/qkv-269.bin	/tmp/riley-opt-260912/rope-arithmetic-probe/fixtures/cos-3.bin	/tmp/riley-opt-260912/rope-arithmetic-probe/fixtures/sin-3.bin	/tmp/riley-opt-260912/rope-arithmetic-probe/fixtures/metadata-269.bin
270	3	143	/tmp/riley-opt-260912/rope-arithmetic-probe/fixtures/qkv-270.bin	/tmp/riley-opt-260912/rope-arithmetic-probe/fixtures/cos-3.bin	/tmp/riley-opt-260912/rope-arithmetic-probe/fixtures/sin-3.bin	/tmp/riley-opt-260912/rope-arithmetic-probe/fixtures/metadata-270.bin
271	3	144	/tmp/riley-opt-260912/rope-arithmetic-probe/fixtures/qkv-271.bin	/tmp/riley-opt-260912/rope-arithmetic-probe/fixtures/cos-3.bin	/tmp/riley-opt-260912/rope-arithmetic-probe/fixtures/sin-3.bin	/tmp/riley-opt-260912/rope-arithmetic-probe/fixtures/metadata-271.bin
272	3	145	/tmp/riley-opt-260912/rope-arithmetic-probe/fixtures/qkv-272.bin	/tmp/riley-opt-260912/rope-arithmetic-probe/fixtures/cos-3.bin	/tmp/riley-opt-260912/rope-arithmetic-probe/fixtures/sin-3.bin	/tmp/riley-opt-260912/rope-arithmetic-probe/fixtures/metadata-272.bin
273	3	146	/tmp/riley-opt-260912/rope-arithmetic-probe/fixtures/qkv-273.bin	/tmp/riley-opt-260912/rope-arithmetic-probe/fixtures/cos-3.bin	/tmp/riley-opt-260912/rope-arithmetic-probe/fixtures/sin-3.bin	/tmp/riley-opt-260912/rope-arithmetic-probe/fixtures/metadata-273.bin
274	3	147	/tmp/riley-opt-260912/rope-arithmetic-probe/fixtures/qkv-274.bin	/tmp/riley-opt-260912/rope-arithmetic-probe/fixtures/cos-3.bin	/tmp/riley-opt-260912/rope-arithmetic-probe/fixtures/sin-3.bin	/tmp/riley-opt-260912/rope-arithmetic-probe/fixtures/metadata-274.bin
275	3	148	/tmp/riley-opt-260912/rope-arithmetic-probe/fixtures/qkv-275.bin	/tmp/riley-opt-260912/rope-arithmetic-probe/fixtures/cos-3.bin	/tmp/riley-opt-260912/rope-arithmetic-probe/fixtures/sin-3.bin	/tmp/riley-opt-260912/rope-arithmetic-probe/fixtures/metadata-275.bin
276	3	149	/tmp/riley-opt-260912/rope-arithmetic-probe/fixtures/qkv-276.bin	/tmp/riley-opt-260912/rope-arithmetic-probe/fixtures/cos-3.bin	/tmp/riley-opt-260912/rope-arithmetic-probe/fixtures/sin-3.bin	/tmp/riley-opt-260912/rope-arithmetic-probe/fixtures/metadata-276.bin
277	3	150	/tmp/riley-opt-260912/rope-arithmetic-probe/fixtures/qkv-277.bin	/tmp/riley-opt-260912/rope-arithmetic-probe/fixtures/cos-3.bin	/tmp/riley-opt-260912/rope-arithmetic-probe/fixtures/sin-3.bin	/tmp/riley-opt-260912/rope-arithmetic-probe/fixtures/metadata-277.bin
278	3	151	/tmp/riley-opt-260912/rope-arithmetic-probe/fixtures/qkv-278.bin	/tmp/riley-opt-260912/rope-arithmetic-probe/fixtures/cos-3.bin	/tmp/riley-opt-260912/rope-arithmetic-probe/fixtures/sin-3.bin	/tmp/riley-opt-260912/rope-arithmetic-probe/fixtures/metadata-278.bin
279	3	152	/tmp/riley-opt-260912/rope-arithmetic-probe/fixtures/qkv-279.bin	/tmp/riley-opt-260912/rope-arithmetic-probe/fixtures/cos-3.bin	/tmp/riley-opt-260912/rope-arithmetic-probe/fixtures/sin-3.bin	/tmp/riley-opt-260912/rope-arithmetic-probe/fixtures/metadata-279.bin
280	3	153	/tmp/riley-opt-260912/rope-arithmetic-probe/fixtures/qkv-280.bin	/tmp/riley-opt-260912/rope-arithmetic-probe/fixtures/cos-3.bin	/tmp/riley-opt-260912/rope-arithmetic-probe/fixtures/sin-3.bin	/tmp/riley-opt-260912/rope-arithmetic-probe/fixtures/metadata-280.bin
281	3	154	/tmp/riley-opt-260912/rope-arithmetic-probe/fixtures/qkv-281.bin	/tmp/riley-opt-260912/rope-arithmetic-probe/fixtures/cos-3.bin	/tmp/riley-opt-260912/rope-arithmetic-probe/fixtures/sin-3.bin	/tmp/riley-opt-260912/rope-arithmetic-probe/fixtures/metadata-281.bin
282	3	155	/tmp/riley-opt-260912/rope-arithmetic-probe/fixtures/qkv-282.bin	/tmp/riley-opt-260912/rope-arithmetic-probe/fixtures/cos-3.bin	/tmp/riley-opt-260912/rope-arithmetic-probe/fixtures/sin-3.bin	/tmp/riley-opt-260912/rope-arithmetic-probe/fixtures/metadata-282.bin
283	3	156	/tmp/riley-opt-260912/rope-arithmetic-probe/fixtures/qkv-283.bin	/tmp/riley-opt-260912/rope-arithmetic-probe/fixtures/cos-3.bin	/tmp/riley-opt-260912/rope-arithmetic-probe/fixtures/sin-3.bin	/tmp/riley-opt-260912/rope-arithmetic-probe/fixtures/metadata-283.bin
284	3	157	/tmp/riley-opt-260912/rope-arithmetic-probe/fixtures/qkv-284.bin	/tmp/riley-opt-260912/rope-arithmetic-probe/fixtures/cos-3.bin	/tmp/riley-opt-260912/rope-arithmetic-probe/fixtures/sin-3.bin	/tmp/riley-opt-260912/rope-arithmetic-probe/fixtures/metadata-284.bin
285	3	158	/tmp/riley-opt-260912/rope-arithmetic-probe/fixtures/qkv-285.bin	/tmp/riley-opt-260912/rope-arithmetic-probe/fixtures/cos-3.bin	/tmp/riley-opt-260912/rope-arithmetic-probe/fixtures/sin-3.bin	/tmp/riley-opt-260912/rope-arithmetic-probe/fixtures/metadata-285.bin
286	3	159	/tmp/riley-opt-260912/rope-arithmetic-probe/fixtures/qkv-286.bin	/tmp/riley-opt-260912/rope-arithmetic-probe/fixtures/cos-3.bin	/tmp/riley-opt-260912/rope-arithmetic-probe/fixtures/sin-3.bin	/tmp/riley-opt-260912/rope-arithmetic-probe/fixtures/metadata-286.bin
287	3	128	/tmp/riley-opt-260912/rope-arithmetic-probe/fixtures/qkv-287.bin	/tmp/riley-opt-260912/rope-arithmetic-probe/fixtures/cos-3.bin	/tmp/riley-opt-260912/rope-arithmetic-probe/fixtures/sin-3.bin	/tmp/riley-opt-260912/rope-arithmetic-probe/fixtures/metadata-287.bin
288	3	129	/tmp/riley-opt-260912/rope-arithmetic-probe/fixtures/qkv-288.bin	/tmp/riley-opt-260912/rope-arithmetic-probe/fixtures/cos-3.bin	/tmp/riley-opt-260912/rope-arithmetic-probe/fixtures/sin-3.bin	/tmp/riley-opt-260912/rope-arithmetic-probe/fixtures/metadata-288.bin
289	3	130	/tmp/riley-opt-260912/rope-arithmetic-probe/fixtures/qkv-289.bin	/tmp/riley-opt-260912/rope-arithmetic-probe/fixtures/cos-3.bin	/tmp/riley-opt-260912/rope-arithmetic-probe/fixtures/sin-3.bin	/tmp/riley-opt-260912/rope-arithmetic-probe/fixtures/metadata-289.bin
290	3	131	/tmp/riley-opt-260912/rope-arithmetic-probe/fixtures/qkv-290.bin	/tmp/riley-opt-260912/rope-arithmetic-probe/fixtures/cos-3.bin	/tmp/riley-opt-260912/rope-arithmetic-probe/fixtures/sin-3.bin	/tmp/riley-opt-260912/rope-arithmetic-probe/fixtures/metadata-290.bin
291	3	132	/tmp/riley-opt-260912/rope-arithmetic-probe/fixtures/qkv-291.bin	/tmp/riley-opt-260912/rope-arithmetic-probe/fixtures/cos-3.bin	/tmp/riley-opt-260912/rope-arithmetic-probe/fixtures/sin-3.bin	/tmp/riley-opt-260912/rope-arithmetic-probe/fixtures/metadata-291.bin
292	3	133	/tmp/riley-opt-260912/rope-arithmetic-probe/fixtures/qkv-292.bin	/tmp/riley-opt-260912/rope-arithmetic-probe/fixtures/cos-3.bin	/tmp/riley-opt-260912/rope-arithmetic-probe/fixtures/sin-3.bin	/tmp/riley-opt-260912/rope-arithmetic-probe/fixtures/metadata-292.bin
293	3	134	/tmp/riley-opt-260912/rope-arithmetic-probe/fixtures/qkv-293.bin	/tmp/riley-opt-260912/rope-arithmetic-probe/fixtures/cos-3.bin	/tmp/riley-opt-260912/rope-arithmetic-probe/fixtures/sin-3.bin	/tmp/riley-opt-260912/rope-arithmetic-probe/fixtures/metadata-293.bin
294	3	135	/tmp/riley-opt-260912/rope-arithmetic-probe/fixtures/qkv-294.bin	/tmp/riley-opt-260912/rope-arithmetic-probe/fixtures/cos-3.bin	/tmp/riley-opt-260912/rope-arithmetic-probe/fixtures/sin-3.bin	/tmp/riley-opt-260912/rope-arithmetic-probe/fixtures/metadata-294.bin
295	3	136	/tmp/riley-opt-260912/rope-arithmetic-probe/fixtures/qkv-295.bin	/tmp/riley-opt-260912/rope-arithmetic-probe/fixtures/cos-3.bin	/tmp/riley-opt-260912/rope-arithmetic-probe/fixtures/sin-3.bin	/tmp/riley-opt-260912/rope-arithmetic-probe/fixtures/metadata-295.bin
296	3	137	/tmp/riley-opt-260912/rope-arithmetic-probe/fixtures/qkv-296.bin	/tmp/riley-opt-260912/rope-arithmetic-probe/fixtures/cos-3.bin	/tmp/riley-opt-260912/rope-arithmetic-probe/fixtures/sin-3.bin	/tmp/riley-opt-260912/rope-arithmetic-probe/fixtures/metadata-296.bin
297	3	138	/tmp/riley-opt-260912/rope-arithmetic-probe/fixtures/qkv-297.bin	/tmp/riley-opt-260912/rope-arithmetic-probe/fixtures/cos-3.bin	/tmp/riley-opt-260912/rope-arithmetic-probe/fixtures/sin-3.bin	/tmp/riley-opt-260912/rope-arithmetic-probe/fixtures/metadata-297.bin
298	3	139	/tmp/riley-opt-260912/rope-arithmetic-probe/fixtures/qkv-298.bin	/tmp/riley-opt-260912/rope-arithmetic-probe/fixtures/cos-3.bin	/tmp/riley-opt-260912/rope-arithmetic-probe/fixtures/sin-3.bin	/tmp/riley-opt-260912/rope-arithmetic-probe/fixtures/metadata-298.bin
299	3	140	/tmp/riley-opt-260912/rope-arithmetic-probe/fixtures/qkv-299.bin	/tmp/riley-opt-260912/rope-arithmetic-probe/fixtures/cos-3.bin	/tmp/riley-opt-260912/rope-arithmetic-probe/fixtures/sin-3.bin	/tmp/riley-opt-260912/rope-arithmetic-probe/fixtures/metadata-299.bin
300	3	141	/tmp/riley-opt-260912/rope-arithmetic-probe/fixtures/qkv-300.bin	/tmp/riley-opt-260912/rope-arithmetic-probe/fixtures/cos-3.bin	/tmp/riley-opt-260912/rope-arithmetic-probe/fixtures/sin-3.bin	/tmp/riley-opt-260912/rope-arithmetic-probe/fixtures/metadata-300.bin
301	3	142	/tmp/riley-opt-260912/rope-arithmetic-probe/fixtures/qkv-301.bin	/tmp/riley-opt-260912/rope-arithmetic-probe/fixtures/cos-3.bin	/tmp/riley-opt-260912/rope-arithmetic-probe/fixtures/sin-3.bin	/tmp/riley-opt-260912/rope-arithmetic-probe/fixtures/metadata-301.bin
302	3	143	/tmp/riley-opt-260912/rope-arithmetic-probe/fixtures/qkv-302.bin	/tmp/riley-opt-260912/rope-arithmetic-probe/fixtures/cos-3.bin	/tmp/riley-opt-260912/rope-arithmetic-probe/fixtures/sin-3.bin	/tmp/riley-opt-260912/rope-arithmetic-probe/fixtures/metadata-302.bin
303	3	144	/tmp/riley-opt-260912/rope-arithmetic-probe/fixtures/qkv-303.bin	/tmp/riley-opt-260912/rope-arithmetic-probe/fixtures/cos-3.bin	/tmp/riley-opt-260912/rope-arithmetic-probe/fixtures/sin-3.bin	/tmp/riley-opt-260912/rope-arithmetic-probe/fixtures/metadata-303.bin
304	3	145	/tmp/riley-opt-260912/rope-arithmetic-probe/fixtures/qkv-304.bin	/tmp/riley-opt-260912/rope-arithmetic-probe/fixtures/cos-3.bin	/tmp/riley-opt-260912/rope-arithmetic-probe/fixtures/sin-3.bin	/tmp/riley-opt-260912/rope-arithmetic-probe/fixtures/metadata-304.bin
305	3	146	/tmp/riley-opt-260912/rope-arithmetic-probe/fixtures/qkv-305.bin	/tmp/riley-opt-260912/rope-arithmetic-probe/fixtures/cos-3.bin	/tmp/riley-opt-260912/rope-arithmetic-probe/fixtures/sin-3.bin	/tmp/riley-opt-260912/rope-arithmetic-probe/fixtures/metadata-305.bin
306	3	147	/tmp/riley-opt-260912/rope-arithmetic-probe/fixtures/qkv-306.bin	/tmp/riley-opt-260912/rope-arithmetic-probe/fixtures/cos-3.bin	/tmp/riley-opt-260912/rope-arithmetic-probe/fixtures/sin-3.bin	/tmp/riley-opt-260912/rope-arithmetic-probe/fixtures/metadata-306.bin
307	3	148	/tmp/riley-opt-260912/rope-arithmetic-probe/fixtures/qkv-307.bin	/tmp/riley-opt-260912/rope-arithmetic-probe/fixtures/cos-3.bin	/tmp/riley-opt-260912/rope-arithmetic-probe/fixtures/sin-3.bin	/tmp/riley-opt-260912/rope-arithmetic-probe/fixtures/metadata-307.bin
308	3	149	/tmp/riley-opt-260912/rope-arithmetic-probe/fixtures/qkv-308.bin	/tmp/riley-opt-260912/rope-arithmetic-probe/fixtures/cos-3.bin	/tmp/riley-opt-260912/rope-arithmetic-probe/fixtures/sin-3.bin	/tmp/riley-opt-260912/rope-arithmetic-probe/fixtures/metadata-308.bin
309	3	150	/tmp/riley-opt-260912/rope-arithmetic-probe/fixtures/qkv-309.bin	/tmp/riley-opt-260912/rope-arithmetic-probe/fixtures/cos-3.bin	/tmp/riley-opt-260912/rope-arithmetic-probe/fixtures/sin-3.bin	/tmp/riley-opt-260912/rope-arithmetic-probe/fixtures/metadata-309.bin
310	3	151	/tmp/riley-opt-260912/rope-arithmetic-probe/fixtures/qkv-310.bin	/tmp/riley-opt-260912/rope-arithmetic-probe/fixtures/cos-3.bin	/tmp/riley-opt-260912/rope-arithmetic-probe/fixtures/sin-3.bin	/tmp/riley-opt-260912/rope-arithmetic-probe/fixtures/metadata-310.bin
311	3	152	/tmp/riley-opt-260912/rope-arithmetic-probe/fixtures/qkv-311.bin	/tmp/riley-opt-260912/rope-arithmetic-probe/fixtures/cos-3.bin	/tmp/riley-opt-260912/rope-arithmetic-probe/fixtures/sin-3.bin	/tmp/riley-opt-260912/rope-arithmetic-probe/fixtures/metadata-311.bin
312	3	153	/tmp/riley-opt-260912/rope-arithmetic-probe/fixtures/qkv-312.bin	/tmp/riley-opt-260912/rope-arithmetic-probe/fixtures/cos-3.bin	/tmp/riley-opt-260912/rope-arithmetic-probe/fixtures/sin-3.bin	/tmp/riley-opt-260912/rope-arithmetic-probe/fixtures/metadata-312.bin
313	3	154	/tmp/riley-opt-260912/rope-arithmetic-probe/fixtures/qkv-313.bin	/tmp/riley-opt-260912/rope-arithmetic-probe/fixtures/cos-3.bin	/tmp/riley-opt-260912/rope-arithmetic-probe/fixtures/sin-3.bin	/tmp/riley-opt-260912/rope-arithmetic-probe/fixtures/metadata-313.bin
314	3	155	/tmp/riley-opt-260912/rope-arithmetic-probe/fixtures/qkv-314.bin	/tmp/riley-opt-260912/rope-arithmetic-probe/fixtures/cos-3.bin	/tmp/riley-opt-260912/rope-arithmetic-probe/fixtures/sin-3.bin	/tmp/riley-opt-260912/rope-arithmetic-probe/fixtures/metadata-314.bin
315	3	156	/tmp/riley-opt-260912/rope-arithmetic-probe/fixtures/qkv-315.bin	/tmp/riley-opt-260912/rope-arithmetic-probe/fixtures/cos-3.bin	/tmp/riley-opt-260912/rope-arithmetic-probe/fixtures/sin-3.bin	/tmp/riley-opt-260912/rope-arithmetic-probe/fixtures/metadata-315.bin
316	3	157	/tmp/riley-opt-260912/rope-arithmetic-probe/fixtures/qkv-316.bin	/tmp/riley-opt-260912/rope-arithmetic-probe/fixtures/cos-3.bin	/tmp/riley-opt-260912/rope-arithmetic-probe/fixtures/sin-3.bin	/tmp/riley-opt-260912/rope-arithmetic-probe/fixtures/metadata-316.bin
317	3	158	/tmp/riley-opt-260912/rope-arithmetic-probe/fixtures/qkv-317.bin	/tmp/riley-opt-260912/rope-arithmetic-probe/fixtures/cos-3.bin	/tmp/riley-opt-260912/rope-arithmetic-probe/fixtures/sin-3.bin	/tmp/riley-opt-260912/rope-arithmetic-probe/fixtures/metadata-317.bin
318	3	159	/tmp/riley-opt-260912/rope-arithmetic-probe/fixtures/qkv-318.bin	/tmp/riley-opt-260912/rope-arithmetic-probe/fixtures/cos-3.bin	/tmp/riley-opt-260912/rope-arithmetic-probe/fixtures/sin-3.bin	/tmp/riley-opt-260912/rope-arithmetic-probe/fixtures/metadata-318.bin
319	3	128	/tmp/riley-opt-260912/rope-arithmetic-probe/fixtures/qkv-319.bin	/tmp/riley-opt-260912/rope-arithmetic-probe/fixtures/cos-3.bin	/tmp/riley-opt-260912/rope-arithmetic-probe/fixtures/sin-3.bin	/tmp/riley-opt-260912/rope-arithmetic-probe/fixtures/metadata-319.bin
320	3	129	/tmp/riley-opt-260912/rope-arithmetic-probe/fixtures/qkv-320.bin	/tmp/riley-opt-260912/rope-arithmetic-probe/fixtures/cos-3.bin	/tmp/riley-opt-260912/rope-arithmetic-probe/fixtures/sin-3.bin	/tmp/riley-opt-260912/rope-arithmetic-probe/fixtures/metadata-320.bin
321	3	130	/tmp/riley-opt-260912/rope-arithmetic-probe/fixtures/qkv-321.bin	/tmp/riley-opt-260912/rope-arithmetic-probe/fixtures/cos-3.bin	/tmp/riley-opt-260912/rope-arithmetic-probe/fixtures/sin-3.bin	/tmp/riley-opt-260912/rope-arithmetic-probe/fixtures/metadata-321.bin
322	3	131	/tmp/riley-opt-260912/rope-arithmetic-probe/fixtures/qkv-322.bin	/tmp/riley-opt-260912/rope-arithmetic-probe/fixtures/cos-3.bin	/tmp/riley-opt-260912/rope-arithmetic-probe/fixtures/sin-3.bin	/tmp/riley-opt-260912/rope-arithmetic-probe/fixtures/metadata-322.bin
323	3	132	/tmp/riley-opt-260912/rope-arithmetic-probe/fixtures/qkv-323.bin	/tmp/riley-opt-260912/rope-arithmetic-probe/fixtures/cos-3.bin	/tmp/riley-opt-260912/rope-arithmetic-probe/fixtures/sin-3.bin	/tmp/riley-opt-260912/rope-arithmetic-probe/fixtures/metadata-323.bin
324	3	133	/tmp/riley-opt-260912/rope-arithmetic-probe/fixtures/qkv-324.bin	/tmp/riley-opt-260912/rope-arithmetic-probe/fixtures/cos-3.bin	/tmp/riley-opt-260912/rope-arithmetic-probe/fixtures/sin-3.bin	/tmp/riley-opt-260912/rope-arithmetic-probe/fixtures/metadata-324.bin
325	3	134	/tmp/riley-opt-260912/rope-arithmetic-probe/fixtures/qkv-325.bin	/tmp/riley-opt-260912/rope-arithmetic-probe/fixtures/cos-3.bin	/tmp/riley-opt-260912/rope-arithmetic-probe/fixtures/sin-3.bin	/tmp/riley-opt-260912/rope-arithmetic-probe/fixtures/metadata-325.bin
326	3	135	/tmp/riley-opt-260912/rope-arithmetic-probe/fixtures/qkv-326.bin	/tmp/riley-opt-260912/rope-arithmetic-probe/fixtures/cos-3.bin	/tmp/riley-opt-260912/rope-arithmetic-probe/fixtures/sin-3.bin	/tmp/riley-opt-260912/rope-arithmetic-probe/fixtures/metadata-326.bin
327	3	136	/tmp/riley-opt-260912/rope-arithmetic-probe/fixtures/qkv-327.bin	/tmp/riley-opt-260912/rope-arithmetic-probe/fixtures/cos-3.bin	/tmp/riley-opt-260912/rope-arithmetic-probe/fixtures/sin-3.bin	/tmp/riley-opt-260912/rope-arithmetic-probe/fixtures/metadata-327.bin
328	3	137	/tmp/riley-opt-260912/rope-arithmetic-probe/fixtures/qkv-328.bin	/tmp/riley-opt-260912/rope-arithmetic-probe/fixtures/cos-3.bin	/tmp/riley-opt-260912/rope-arithmetic-probe/fixtures/sin-3.bin	/tmp/riley-opt-260912/rope-arithmetic-probe/fixtures/metadata-328.bin
329	3	138	/tmp/riley-opt-260912/rope-arithmetic-probe/fixtures/qkv-329.bin	/tmp/riley-opt-260912/rope-arithmetic-probe/fixtures/cos-3.bin	/tmp/riley-opt-260912/rope-arithmetic-probe/fixtures/sin-3.bin	/tmp/riley-opt-260912/rope-arithmetic-probe/fixtures/metadata-329.bin
330	3	139	/tmp/riley-opt-260912/rope-arithmetic-probe/fixtures/qkv-330.bin	/tmp/riley-opt-260912/rope-arithmetic-probe/fixtures/cos-3.bin	/tmp/riley-opt-260912/rope-arithmetic-probe/fixtures/sin-3.bin	/tmp/riley-opt-260912/rope-arithmetic-probe/fixtures/metadata-330.bin
331	3	140	/tmp/riley-opt-260912/rope-arithmetic-probe/fixtures/qkv-331.bin	/tmp/riley-opt-260912/rope-arithmetic-probe/fixtures/cos-3.bin	/tmp/riley-opt-260912/rope-arithmetic-probe/fixtures/sin-3.bin	/tmp/riley-opt-260912/rope-arithmetic-probe/fixtures/metadata-331.bin
332	3	141	/tmp/riley-opt-260912/rope-arithmetic-probe/fixtures/qkv-332.bin	/tmp/riley-opt-260912/rope-arithmetic-probe/fixtures/cos-3.bin	/tmp/riley-opt-260912/rope-arithmetic-probe/fixtures/sin-3.bin	/tmp/riley-opt-260912/rope-arithmetic-probe/fixtures/metadata-332.bin
333	3	142	/tmp/riley-opt-260912/rope-arithmetic-probe/fixtures/qkv-333.bin	/tmp/riley-opt-260912/rope-arithmetic-probe/fixtures/cos-3.bin	/tmp/riley-opt-260912/rope-arithmetic-probe/fixtures/sin-3.bin	/tmp/riley-opt-260912/rope-arithmetic-probe/fixtures/metadata-333.bin
334	3	143	/tmp/riley-opt-260912/rope-arithmetic-probe/fixtures/qkv-334.bin	/tmp/riley-opt-260912/rope-arithmetic-probe/fixtures/cos-3.bin	/tmp/riley-opt-260912/rope-arithmetic-probe/fixtures/sin-3.bin	/tmp/riley-opt-260912/rope-arithmetic-probe/fixtures/metadata-334.bin
335	3	144	/tmp/riley-opt-260912/rope-arithmetic-probe/fixtures/qkv-335.bin	/tmp/riley-opt-260912/rope-arithmetic-probe/fixtures/cos-3.bin	/tmp/riley-opt-260912/rope-arithmetic-probe/fixtures/sin-3.bin	/tmp/riley-opt-260912/rope-arithmetic-probe/fixtures/metadata-335.bin
336	3	145	/tmp/riley-opt-260912/rope-arithmetic-probe/fixtures/qkv-336.bin	/tmp/riley-opt-260912/rope-arithmetic-probe/fixtures/cos-3.bin	/tmp/riley-opt-260912/rope-arithmetic-probe/fixtures/sin-3.bin	/tmp/riley-opt-260912/rope-arithmetic-probe/fixtures/metadata-336.bin
337	3	146	/tmp/riley-opt-260912/rope-arithmetic-probe/fixtures/qkv-337.bin	/tmp/riley-opt-260912/rope-arithmetic-probe/fixtures/cos-3.bin	/tmp/riley-opt-260912/rope-arithmetic-probe/fixtures/sin-3.bin	/tmp/riley-opt-260912/rope-arithmetic-probe/fixtures/metadata-337.bin
338	3	147	/tmp/riley-opt-260912/rope-arithmetic-probe/fixtures/qkv-338.bin	/tmp/riley-opt-260912/rope-arithmetic-probe/fixtures/cos-3.bin	/tmp/riley-opt-260912/rope-arithmetic-probe/fixtures/sin-3.bin	/tmp/riley-opt-260912/rope-arithmetic-probe/fixtures/metadata-338.bin
339	3	148	/tmp/riley-opt-260912/rope-arithmetic-probe/fixtures/qkv-339.bin	/tmp/riley-opt-260912/rope-arithmetic-probe/fixtures/cos-3.bin	/tmp/riley-opt-260912/rope-arithmetic-probe/fixtures/sin-3.bin	/tmp/riley-opt-260912/rope-arithmetic-probe/fixtures/metadata-339.bin
340	4	128	/tmp/riley-opt-260912/rope-arithmetic-probe/fixtures/qkv-340.bin	/tmp/riley-opt-260912/rope-arithmetic-probe/fixtures/cos-4.bin	/tmp/riley-opt-260912/rope-arithmetic-probe/fixtures/sin-4.bin	/tmp/riley-opt-260912/rope-arithmetic-probe/fixtures/metadata-340.bin
341	4	129	/tmp/riley-opt-260912/rope-arithmetic-probe/fixtures/qkv-341.bin	/tmp/riley-opt-260912/rope-arithmetic-probe/fixtures/cos-4.bin	/tmp/riley-opt-260912/rope-arithmetic-probe/fixtures/sin-4.bin	/tmp/riley-opt-260912/rope-arithmetic-probe/fixtures/metadata-341.bin
342	4	130	/tmp/riley-opt-260912/rope-arithmetic-probe/fixtures/qkv-342.bin	/tmp/riley-opt-260912/rope-arithmetic-probe/fixtures/cos-4.bin	/tmp/riley-opt-260912/rope-arithmetic-probe/fixtures/sin-4.bin	/tmp/riley-opt-260912/rope-arithmetic-probe/fixtures/metadata-342.bin
343	4	131	/tmp/riley-opt-260912/rope-arithmetic-probe/fixtures/qkv-343.bin	/tmp/riley-opt-260912/rope-arithmetic-probe/fixtures/cos-4.bin	/tmp/riley-opt-260912/rope-arithmetic-probe/fixtures/sin-4.bin	/tmp/riley-opt-260912/rope-arithmetic-probe/fixtures/metadata-343.bin
344	4	132	/tmp/riley-opt-260912/rope-arithmetic-probe/fixtures/qkv-344.bin	/tmp/riley-opt-260912/rope-arithmetic-probe/fixtures/cos-4.bin	/tmp/riley-opt-260912/rope-arithmetic-probe/fixtures/sin-4.bin	/tmp/riley-opt-260912/rope-arithmetic-probe/fixtures/metadata-344.bin
345	4	133	/tmp/riley-opt-260912/rope-arithmetic-probe/fixtures/qkv-345.bin	/tmp/riley-opt-260912/rope-arithmetic-probe/fixtures/cos-4.bin	/tmp/riley-opt-260912/rope-arithmetic-probe/fixtures/sin-4.bin	/tmp/riley-opt-260912/rope-arithmetic-probe/fixtures/metadata-345.bin
346	4	134	/tmp/riley-opt-260912/rope-arithmetic-probe/fixtures/qkv-346.bin	/tmp/riley-opt-260912/rope-arithmetic-probe/fixtures/cos-4.bin	/tmp/riley-opt-260912/rope-arithmetic-probe/fixtures/sin-4.bin	/tmp/riley-opt-260912/rope-arithmetic-probe/fixtures/metadata-346.bin
347	4	135	/tmp/riley-opt-260912/rope-arithmetic-probe/fixtures/qkv-347.bin	/tmp/riley-opt-260912/rope-arithmetic-probe/fixtures/cos-4.bin	/tmp/riley-opt-260912/rope-arithmetic-probe/fixtures/sin-4.bin	/tmp/riley-opt-260912/rope-arithmetic-probe/fixtures/metadata-347.bin
348	4	136	/tmp/riley-opt-260912/rope-arithmetic-probe/fixtures/qkv-348.bin	/tmp/riley-opt-260912/rope-arithmetic-probe/fixtures/cos-4.bin	/tmp/riley-opt-260912/rope-arithmetic-probe/fixtures/sin-4.bin	/tmp/riley-opt-260912/rope-arithmetic-probe/fixtures/metadata-348.bin
349	4	137	/tmp/riley-opt-260912/rope-arithmetic-probe/fixtures/qkv-349.bin	/tmp/riley-opt-260912/rope-arithmetic-probe/fixtures/cos-4.bin	/tmp/riley-opt-260912/rope-arithmetic-probe/fixtures/sin-4.bin	/tmp/riley-opt-260912/rope-arithmetic-probe/fixtures/metadata-349.bin
350	4	138	/tmp/riley-opt-260912/rope-arithmetic-probe/fixtures/qkv-350.bin	/tmp/riley-opt-260912/rope-arithmetic-probe/fixtures/cos-4.bin	/tmp/riley-opt-260912/rope-arithmetic-probe/fixtures/sin-4.bin	/tmp/riley-opt-260912/rope-arithmetic-probe/fixtures/metadata-350.bin
351	4	139	/tmp/riley-opt-260912/rope-arithmetic-probe/fixtures/qkv-351.bin	/tmp/riley-opt-260912/rope-arithmetic-probe/fixtures/cos-4.bin	/tmp/riley-opt-260912/rope-arithmetic-probe/fixtures/sin-4.bin	/tmp/riley-opt-260912/rope-arithmetic-probe/fixtures/metadata-351.bin
352	4	140	/tmp/riley-opt-260912/rope-arithmetic-probe/fixtures/qkv-352.bin	/tmp/riley-opt-260912/rope-arithmetic-probe/fixtures/cos-4.bin	/tmp/riley-opt-260912/rope-arithmetic-probe/fixtures/sin-4.bin	/tmp/riley-opt-260912/rope-arithmetic-probe/fixtures/metadata-352.bin
353	4	141	/tmp/riley-opt-260912/rope-arithmetic-probe/fixtures/qkv-353.bin	/tmp/riley-opt-260912/rope-arithmetic-probe/fixtures/cos-4.bin	/tmp/riley-opt-260912/rope-arithmetic-probe/fixtures/sin-4.bin	/tmp/riley-opt-260912/rope-arithmetic-probe/fixtures/metadata-353.bin
354	4	142	/tmp/riley-opt-260912/rope-arithmetic-probe/fixtures/qkv-354.bin	/tmp/riley-opt-260912/rope-arithmetic-probe/fixtures/cos-4.bin	/tmp/riley-opt-260912/rope-arithmetic-probe/fixtures/sin-4.bin	/tmp/riley-opt-260912/rope-arithmetic-probe/fixtures/metadata-354.bin
355	4	143	/tmp/riley-opt-260912/rope-arithmetic-probe/fixtures/qkv-355.bin	/tmp/riley-opt-260912/rope-arithmetic-probe/fixtures/cos-4.bin	/tmp/riley-opt-260912/rope-arithmetic-probe/fixtures/sin-4.bin	/tmp/riley-opt-260912/rope-arithmetic-probe/fixtures/metadata-355.bin
356	4	144	/tmp/riley-opt-260912/rope-arithmetic-probe/fixtures/qkv-356.bin	/tmp/riley-opt-260912/rope-arithmetic-probe/fixtures/cos-4.bin	/tmp/riley-opt-260912/rope-arithmetic-probe/fixtures/sin-4.bin	/tmp/riley-opt-260912/rope-arithmetic-probe/fixtures/metadata-356.bin
357	4	145	/tmp/riley-opt-260912/rope-arithmetic-probe/fixtures/qkv-357.bin	/tmp/riley-opt-260912/rope-arithmetic-probe/fixtures/cos-4.bin	/tmp/riley-opt-260912/rope-arithmetic-probe/fixtures/sin-4.bin	/tmp/riley-opt-260912/rope-arithmetic-probe/fixtures/metadata-357.bin
358	4	146	/tmp/riley-opt-260912/rope-arithmetic-probe/fixtures/qkv-358.bin	/tmp/riley-opt-260912/rope-arithmetic-probe/fixtures/cos-4.bin	/tmp/riley-opt-260912/rope-arithmetic-probe/fixtures/sin-4.bin	/tmp/riley-opt-260912/rope-arithmetic-probe/fixtures/metadata-358.bin
359	4	147	/tmp/riley-opt-260912/rope-arithmetic-probe/fixtures/qkv-359.bin	/tmp/riley-opt-260912/rope-arithmetic-probe/fixtures/cos-4.bin	/tmp/riley-opt-260912/rope-arithmetic-probe/fixtures/sin-4.bin	/tmp/riley-opt-260912/rope-arithmetic-probe/fixtures/metadata-359.bin
360	4	148	/tmp/riley-opt-260912/rope-arithmetic-probe/fixtures/qkv-360.bin	/tmp/riley-opt-260912/rope-arithmetic-probe/fixtures/cos-4.bin	/tmp/riley-opt-260912/rope-arithmetic-probe/fixtures/sin-4.bin	/tmp/riley-opt-260912/rope-arithmetic-probe/fixtures/metadata-360.bin
361	4	149	/tmp/riley-opt-260912/rope-arithmetic-probe/fixtures/qkv-361.bin	/tmp/riley-opt-260912/rope-arithmetic-probe/fixtures/cos-4.bin	/tmp/riley-opt-260912/rope-arithmetic-probe/fixtures/sin-4.bin	/tmp/riley-opt-260912/rope-arithmetic-probe/fixtures/metadata-361.bin
362	4	150	/tmp/riley-opt-260912/rope-arithmetic-probe/fixtures/qkv-362.bin	/tmp/riley-opt-260912/rope-arithmetic-probe/fixtures/cos-4.bin	/tmp/riley-opt-260912/rope-arithmetic-probe/fixtures/sin-4.bin	/tmp/riley-opt-260912/rope-arithmetic-probe/fixtures/metadata-362.bin
363	4	151	/tmp/riley-opt-260912/rope-arithmetic-probe/fixtures/qkv-363.bin	/tmp/riley-opt-260912/rope-arithmetic-probe/fixtures/cos-4.bin	/tmp/riley-opt-260912/rope-arithmetic-probe/fixtures/sin-4.bin	/tmp/riley-opt-260912/rope-arithmetic-probe/fixtures/metadata-363.bin
364	4	152	/tmp/riley-opt-260912/rope-arithmetic-probe/fixtures/qkv-364.bin	/tmp/riley-opt-260912/rope-arithmetic-probe/fixtures/cos-4.bin	/tmp/riley-opt-260912/rope-arithmetic-probe/fixtures/sin-4.bin	/tmp/riley-opt-260912/rope-arithmetic-probe/fixtures/metadata-364.bin
365	4	153	/tmp/riley-opt-260912/rope-arithmetic-probe/fixtures/qkv-365.bin	/tmp/riley-opt-260912/rope-arithmetic-probe/fixtures/cos-4.bin	/tmp/riley-opt-260912/rope-arithmetic-probe/fixtures/sin-4.bin	/tmp/riley-opt-260912/rope-arithmetic-probe/fixtures/metadata-365.bin
366	4	154	/tmp/riley-opt-260912/rope-arithmetic-probe/fixtures/qkv-366.bin	/tmp/riley-opt-260912/rope-arithmetic-probe/fixtures/cos-4.bin	/tmp/riley-opt-260912/rope-arithmetic-probe/fixtures/sin-4.bin	/tmp/riley-opt-260912/rope-arithmetic-probe/fixtures/metadata-366.bin
367	4	155	/tmp/riley-opt-260912/rope-arithmetic-probe/fixtures/qkv-367.bin	/tmp/riley-opt-260912/rope-arithmetic-probe/fixtures/cos-4.bin	/tmp/riley-opt-260912/rope-arithmetic-probe/fixtures/sin-4.bin	/tmp/riley-opt-260912/rope-arithmetic-probe/fixtures/metadata-367.bin
368	4	156	/tmp/riley-opt-260912/rope-arithmetic-probe/fixtures/qkv-368.bin	/tmp/riley-opt-260912/rope-arithmetic-probe/fixtures/cos-4.bin	/tmp/riley-opt-260912/rope-arithmetic-probe/fixtures/sin-4.bin	/tmp/riley-opt-260912/rope-arithmetic-probe/fixtures/metadata-368.bin
369	4	157	/tmp/riley-opt-260912/rope-arithmetic-probe/fixtures/qkv-369.bin	/tmp/riley-opt-260912/rope-arithmetic-probe/fixtures/cos-4.bin	/tmp/riley-opt-260912/rope-arithmetic-probe/fixtures/sin-4.bin	/tmp/riley-opt-260912/rope-arithmetic-probe/fixtures/metadata-369.bin
370	4	158	/tmp/riley-opt-260912/rope-arithmetic-probe/fixtures/qkv-370.bin	/tmp/riley-opt-260912/rope-arithmetic-probe/fixtures/cos-4.bin	/tmp/riley-opt-260912/rope-arithmetic-probe/fixtures/sin-4.bin	/tmp/riley-opt-260912/rope-arithmetic-probe/fixtures/metadata-370.bin
371	4	159	/tmp/riley-opt-260912/rope-arithmetic-probe/fixtures/qkv-371.bin	/tmp/riley-opt-260912/rope-arithmetic-probe/fixtures/cos-4.bin	/tmp/riley-opt-260912/rope-arithmetic-probe/fixtures/sin-4.bin	/tmp/riley-opt-260912/rope-arithmetic-probe/fixtures/metadata-371.bin
372	5	128	/tmp/riley-opt-260912/rope-arithmetic-probe/fixtures/qkv-372.bin	/tmp/riley-opt-260912/rope-arithmetic-probe/fixtures/cos-5.bin	/tmp/riley-opt-260912/rope-arithmetic-probe/fixtures/sin-5.bin	/tmp/riley-opt-260912/rope-arithmetic-probe/fixtures/metadata-372.bin
373	5	129	/tmp/riley-opt-260912/rope-arithmetic-probe/fixtures/qkv-373.bin	/tmp/riley-opt-260912/rope-arithmetic-probe/fixtures/cos-5.bin	/tmp/riley-opt-260912/rope-arithmetic-probe/fixtures/sin-5.bin	/tmp/riley-opt-260912/rope-arithmetic-probe/fixtures/metadata-373.bin
374	5	130	/tmp/riley-opt-260912/rope-arithmetic-probe/fixtures/qkv-374.bin	/tmp/riley-opt-260912/rope-arithmetic-probe/fixtures/cos-5.bin	/tmp/riley-opt-260912/rope-arithmetic-probe/fixtures/sin-5.bin	/tmp/riley-opt-260912/rope-arithmetic-probe/fixtures/metadata-374.bin
375	5	131	/tmp/riley-opt-260912/rope-arithmetic-probe/fixtures/qkv-375.bin	/tmp/riley-opt-260912/rope-arithmetic-probe/fixtures/cos-5.bin	/tmp/riley-opt-260912/rope-arithmetic-probe/fixtures/sin-5.bin	/tmp/riley-opt-260912/rope-arithmetic-probe/fixtures/metadata-375.bin
376	5	132	/tmp/riley-opt-260912/rope-arithmetic-probe/fixtures/qkv-376.bin	/tmp/riley-opt-260912/rope-arithmetic-probe/fixtures/cos-5.bin	/tmp/riley-opt-260912/rope-arithmetic-probe/fixtures/sin-5.bin	/tmp/riley-opt-260912/rope-arithmetic-probe/fixtures/metadata-376.bin
377	5	133	/tmp/riley-opt-260912/rope-arithmetic-probe/fixtures/qkv-377.bin	/tmp/riley-opt-260912/rope-arithmetic-probe/fixtures/cos-5.bin	/tmp/riley-opt-260912/rope-arithmetic-probe/fixtures/sin-5.bin	/tmp/riley-opt-260912/rope-arithmetic-probe/fixtures/metadata-377.bin
378	5	134	/tmp/riley-opt-260912/rope-arithmetic-probe/fixtures/qkv-378.bin	/tmp/riley-opt-260912/rope-arithmetic-probe/fixtures/cos-5.bin	/tmp/riley-opt-260912/rope-arithmetic-probe/fixtures/sin-5.bin	/tmp/riley-opt-260912/rope-arithmetic-probe/fixtures/metadata-378.bin
379	5	135	/tmp/riley-opt-260912/rope-arithmetic-probe/fixtures/qkv-379.bin	/tmp/riley-opt-260912/rope-arithmetic-probe/fixtures/cos-5.bin	/tmp/riley-opt-260912/rope-arithmetic-probe/fixtures/sin-5.bin	/tmp/riley-opt-260912/rope-arithmetic-probe/fixtures/metadata-379.bin
380	5	136	/tmp/riley-opt-260912/rope-arithmetic-probe/fixtures/qkv-380.bin	/tmp/riley-opt-260912/rope-arithmetic-probe/fixtures/cos-5.bin	/tmp/riley-opt-260912/rope-arithmetic-probe/fixtures/sin-5.bin	/tmp/riley-opt-260912/rope-arithmetic-probe/fixtures/metadata-380.bin
381	5	137	/tmp/riley-opt-260912/rope-arithmetic-probe/fixtures/qkv-381.bin	/tmp/riley-opt-260912/rope-arithmetic-probe/fixtures/cos-5.bin	/tmp/riley-opt-260912/rope-arithmetic-probe/fixtures/sin-5.bin	/tmp/riley-opt-260912/rope-arithmetic-probe/fixtures/metadata-381.bin
382	5	138	/tmp/riley-opt-260912/rope-arithmetic-probe/fixtures/qkv-382.bin	/tmp/riley-opt-260912/rope-arithmetic-probe/fixtures/cos-5.bin	/tmp/riley-opt-260912/rope-arithmetic-probe/fixtures/sin-5.bin	/tmp/riley-opt-260912/rope-arithmetic-probe/fixtures/metadata-382.bin
383	5	139	/tmp/riley-opt-260912/rope-arithmetic-probe/fixtures/qkv-383.bin	/tmp/riley-opt-260912/rope-arithmetic-probe/fixtures/cos-5.bin	/tmp/riley-opt-260912/rope-arithmetic-probe/fixtures/sin-5.bin	/tmp/riley-opt-260912/rope-arithmetic-probe/fixtures/metadata-383.bin
384	5	140	/tmp/riley-opt-260912/rope-arithmetic-probe/fixtures/qkv-384.bin	/tmp/riley-opt-260912/rope-arithmetic-probe/fixtures/cos-5.bin	/tmp/riley-opt-260912/rope-arithmetic-probe/fixtures/sin-5.bin	/tmp/riley-opt-260912/rope-arithmetic-probe/fixtures/metadata-384.bin
385	5	141	/tmp/riley-opt-260912/rope-arithmetic-probe/fixtures/qkv-385.bin	/tmp/riley-opt-260912/rope-arithmetic-probe/fixtures/cos-5.bin	/tmp/riley-opt-260912/rope-arithmetic-probe/fixtures/sin-5.bin	/tmp/riley-opt-260912/rope-arithmetic-probe/fixtures/metadata-385.bin
386	5	142	/tmp/riley-opt-260912/rope-arithmetic-probe/fixtures/qkv-386.bin	/tmp/riley-opt-260912/rope-arithmetic-probe/fixtures/cos-5.bin	/tmp/riley-opt-260912/rope-arithmetic-probe/fixtures/sin-5.bin	/tmp/riley-opt-260912/rope-arithmetic-probe/fixtures/metadata-386.bin
387	5	143	/tmp/riley-opt-260912/rope-arithmetic-probe/fixtures/qkv-387.bin	/tmp/riley-opt-260912/rope-arithmetic-probe/fixtures/cos-5.bin	/tmp/riley-opt-260912/rope-arithmetic-probe/fixtures/sin-5.bin	/tmp/riley-opt-260912/rope-arithmetic-probe/fixtures/metadata-387.bin
388	5	144	/tmp/riley-opt-260912/rope-arithmetic-probe/fixtures/qkv-388.bin	/tmp/riley-opt-260912/rope-arithmetic-probe/fixtures/cos-5.bin	/tmp/riley-opt-260912/rope-arithmetic-probe/fixtures/sin-5.bin	/tmp/riley-opt-260912/rope-arithmetic-probe/fixtures/metadata-388.bin
389	5	145	/tmp/riley-opt-260912/rope-arithmetic-probe/fixtures/qkv-389.bin	/tmp/riley-opt-260912/rope-arithmetic-probe/fixtures/cos-5.bin	/tmp/riley-opt-260912/rope-arithmetic-probe/fixtures/sin-5.bin	/tmp/riley-opt-260912/rope-arithmetic-probe/fixtures/metadata-389.bin
390	5	146	/tmp/riley-opt-260912/rope-arithmetic-probe/fixtures/qkv-390.bin	/tmp/riley-opt-260912/rope-arithmetic-probe/fixtures/cos-5.bin	/tmp/riley-opt-260912/rope-arithmetic-probe/fixtures/sin-5.bin	/tmp/riley-opt-260912/rope-arithmetic-probe/fixtures/metadata-390.bin
391	5	147	/tmp/riley-opt-260912/rope-arithmetic-probe/fixtures/qkv-391.bin	/tmp/riley-opt-260912/rope-arithmetic-probe/fixtures/cos-5.bin	/tmp/riley-opt-260912/rope-arithmetic-probe/fixtures/sin-5.bin	/tmp/riley-opt-260912/rope-arithmetic-probe/fixtures/metadata-391.bin
392	5	148	/tmp/riley-opt-260912/rope-arithmetic-probe/fixtures/qkv-392.bin	/tmp/riley-opt-260912/rope-arithmetic-probe/fixtures/cos-5.bin	/tmp/riley-opt-260912/rope-arithmetic-probe/fixtures/sin-5.bin	/tmp/riley-opt-260912/rope-arithmetic-probe/fixtures/metadata-392.bin
393	5	149	/tmp/riley-opt-260912/rope-arithmetic-probe/fixtures/qkv-393.bin	/tmp/riley-opt-260912/rope-arithmetic-probe/fixtures/cos-5.bin	/tmp/riley-opt-260912/rope-arithmetic-probe/fixtures/sin-5.bin	/tmp/riley-opt-260912/rope-arithmetic-probe/fixtures/metadata-393.bin
394	5	150	/tmp/riley-opt-260912/rope-arithmetic-probe/fixtures/qkv-394.bin	/tmp/riley-opt-260912/rope-arithmetic-probe/fixtures/cos-5.bin	/tmp/riley-opt-260912/rope-arithmetic-probe/fixtures/sin-5.bin	/tmp/riley-opt-260912/rope-arithmetic-probe/fixtures/metadata-394.bin
395	5	151	/tmp/riley-opt-260912/rope-arithmetic-probe/fixtures/qkv-395.bin	/tmp/riley-opt-260912/rope-arithmetic-probe/fixtures/cos-5.bin	/tmp/riley-opt-260912/rope-arithmetic-probe/fixtures/sin-5.bin	/tmp/riley-opt-260912/rope-arithmetic-probe/fixtures/metadata-395.bin
396	5	152	/tmp/riley-opt-260912/rope-arithmetic-probe/fixtures/qkv-396.bin	/tmp/riley-opt-260912/rope-arithmetic-probe/fixtures/cos-5.bin	/tmp/riley-opt-260912/rope-arithmetic-probe/fixtures/sin-5.bin	/tmp/riley-opt-260912/rope-arithmetic-probe/fixtures/metadata-396.bin
397	5	153	/tmp/riley-opt-260912/rope-arithmetic-probe/fixtures/qkv-397.bin	/tmp/riley-opt-260912/rope-arithmetic-probe/fixtures/cos-5.bin	/tmp/riley-opt-260912/rope-arithmetic-probe/fixtures/sin-5.bin	/tmp/riley-opt-260912/rope-arithmetic-probe/fixtures/metadata-397.bin
398	5	154	/tmp/riley-opt-260912/rope-arithmetic-probe/fixtures/qkv-398.bin	/tmp/riley-opt-260912/rope-arithmetic-probe/fixtures/cos-5.bin	/tmp/riley-opt-260912/rope-arithmetic-probe/fixtures/sin-5.bin	/tmp/riley-opt-260912/rope-arithmetic-probe/fixtures/metadata-398.bin
399	5	155	/tmp/riley-opt-260912/rope-arithmetic-probe/fixtures/qkv-399.bin	/tmp/riley-opt-260912/rope-arithmetic-probe/fixtures/cos-5.bin	/tmp/riley-opt-260912/rope-arithmetic-probe/fixtures/sin-5.bin	/tmp/riley-opt-260912/rope-arithmetic-probe/fixtures/metadata-399.bin
400	5	156	/tmp/riley-opt-260912/rope-arithmetic-probe/fixtures/qkv-400.bin	/tmp/riley-opt-260912/rope-arithmetic-probe/fixtures/cos-5.bin	/tmp/riley-opt-260912/rope-arithmetic-probe/fixtures/sin-5.bin	/tmp/riley-opt-260912/rope-arithmetic-probe/fixtures/metadata-400.bin
401	5	157	/tmp/riley-opt-260912/rope-arithmetic-probe/fixtures/qkv-401.bin	/tmp/riley-opt-260912/rope-arithmetic-probe/fixtures/cos-5.bin	/tmp/riley-opt-260912/rope-arithmetic-probe/fixtures/sin-5.bin	/tmp/riley-opt-260912/rope-arithmetic-probe/fixtures/metadata-401.bin
402	5	158	/tmp/riley-opt-260912/rope-arithmetic-probe/fixtures/qkv-402.bin	/tmp/riley-opt-260912/rope-arithmetic-probe/fixtures/cos-5.bin	/tmp/riley-opt-260912/rope-arithmetic-probe/fixtures/sin-5.bin	/tmp/riley-opt-260912/rope-arithmetic-probe/fixtures/metadata-402.bin
403	5	159	/tmp/riley-opt-260912/rope-arithmetic-probe/fixtures/qkv-403.bin	/tmp/riley-opt-260912/rope-arithmetic-probe/fixtures/cos-5.bin	/tmp/riley-opt-260912/rope-arithmetic-probe/fixtures/sin-5.bin	/tmp/riley-opt-260912/rope-arithmetic-probe/fixtures/metadata-403.bin
404	6	128	/tmp/riley-opt-260912/rope-arithmetic-probe/fixtures/qkv-404.bin	/tmp/riley-opt-260912/rope-arithmetic-probe/fixtures/cos-6.bin	/tmp/riley-opt-260912/rope-arithmetic-probe/fixtures/sin-6.bin	/tmp/riley-opt-260912/rope-arithmetic-probe/fixtures/metadata-404.bin
405	6	129	/tmp/riley-opt-260912/rope-arithmetic-probe/fixtures/qkv-405.bin	/tmp/riley-opt-260912/rope-arithmetic-probe/fixtures/cos-6.bin	/tmp/riley-opt-260912/rope-arithmetic-probe/fixtures/sin-6.bin	/tmp/riley-opt-260912/rope-arithmetic-probe/fixtures/metadata-405.bin
406	6	130	/tmp/riley-opt-260912/rope-arithmetic-probe/fixtures/qkv-406.bin	/tmp/riley-opt-260912/rope-arithmetic-probe/fixtures/cos-6.bin	/tmp/riley-opt-260912/rope-arithmetic-probe/fixtures/sin-6.bin	/tmp/riley-opt-260912/rope-arithmetic-probe/fixtures/metadata-406.bin
407	6	131	/tmp/riley-opt-260912/rope-arithmetic-probe/fixtures/qkv-407.bin	/tmp/riley-opt-260912/rope-arithmetic-probe/fixtures/cos-6.bin	/tmp/riley-opt-260912/rope-arithmetic-probe/fixtures/sin-6.bin	/tmp/riley-opt-260912/rope-arithmetic-probe/fixtures/metadata-407.bin
408	6	132	/tmp/riley-opt-260912/rope-arithmetic-probe/fixtures/qkv-408.bin	/tmp/riley-opt-260912/rope-arithmetic-probe/fixtures/cos-6.bin	/tmp/riley-opt-260912/rope-arithmetic-probe/fixtures/sin-6.bin	/tmp/riley-opt-260912/rope-arithmetic-probe/fixtures/metadata-408.bin
409	6	133	/tmp/riley-opt-260912/rope-arithmetic-probe/fixtures/qkv-409.bin	/tmp/riley-opt-260912/rope-arithmetic-probe/fixtures/cos-6.bin	/tmp/riley-opt-260912/rope-arithmetic-probe/fixtures/sin-6.bin	/tmp/riley-opt-260912/rope-arithmetic-probe/fixtures/metadata-409.bin
410	6	134	/tmp/riley-opt-260912/rope-arithmetic-probe/fixtures/qkv-410.bin	/tmp/riley-opt-260912/rope-arithmetic-probe/fixtures/cos-6.bin	/tmp/riley-opt-260912/rope-arithmetic-probe/fixtures/sin-6.bin	/tmp/riley-opt-260912/rope-arithmetic-probe/fixtures/metadata-410.bin
411	6	135	/tmp/riley-opt-260912/rope-arithmetic-probe/fixtures/qkv-411.bin	/tmp/riley-opt-260912/rope-arithmetic-probe/fixtures/cos-6.bin	/tmp/riley-opt-260912/rope-arithmetic-probe/fixtures/sin-6.bin	/tmp/riley-opt-260912/rope-arithmetic-probe/fixtures/metadata-411.bin
412	6	136	/tmp/riley-opt-260912/rope-arithmetic-probe/fixtures/qkv-412.bin	/tmp/riley-opt-260912/rope-arithmetic-probe/fixtures/cos-6.bin	/tmp/riley-opt-260912/rope-arithmetic-probe/fixtures/sin-6.bin	/tmp/riley-opt-260912/rope-arithmetic-probe/fixtures/metadata-412.bin
413	6	137	/tmp/riley-opt-260912/rope-arithmetic-probe/fixtures/qkv-413.bin	/tmp/riley-opt-260912/rope-arithmetic-probe/fixtures/cos-6.bin	/tmp/riley-opt-260912/rope-arithmetic-probe/fixtures/sin-6.bin	/tmp/riley-opt-260912/rope-arithmetic-probe/fixtures/metadata-413.bin
414	6	138	/tmp/riley-opt-260912/rope-arithmetic-probe/fixtures/qkv-414.bin	/tmp/riley-opt-260912/rope-arithmetic-probe/fixtures/cos-6.bin	/tmp/riley-opt-260912/rope-arithmetic-probe/fixtures/sin-6.bin	/tmp/riley-opt-260912/rope-arithmetic-probe/fixtures/metadata-414.bin
415	6	139	/tmp/riley-opt-260912/rope-arithmetic-probe/fixtures/qkv-415.bin	/tmp/riley-opt-260912/rope-arithmetic-probe/fixtures/cos-6.bin	/tmp/riley-opt-260912/rope-arithmetic-probe/fixtures/sin-6.bin	/tmp/riley-opt-260912/rope-arithmetic-probe/fixtures/metadata-415.bin
416	6	140	/tmp/riley-opt-260912/rope-arithmetic-probe/fixtures/qkv-416.bin	/tmp/riley-opt-260912/rope-arithmetic-probe/fixtures/cos-6.bin	/tmp/riley-opt-260912/rope-arithmetic-probe/fixtures/sin-6.bin	/tmp/riley-opt-260912/rope-arithmetic-probe/fixtures/metadata-416.bin
417	6	141	/tmp/riley-opt-260912/rope-arithmetic-probe/fixtures/qkv-417.bin	/tmp/riley-opt-260912/rope-arithmetic-probe/fixtures/cos-6.bin	/tmp/riley-opt-260912/rope-arithmetic-probe/fixtures/sin-6.bin	/tmp/riley-opt-260912/rope-arithmetic-probe/fixtures/metadata-417.bin
418	6	142	/tmp/riley-opt-260912/rope-arithmetic-probe/fixtures/qkv-418.bin	/tmp/riley-opt-260912/rope-arithmetic-probe/fixtures/cos-6.bin	/tmp/riley-opt-260912/rope-arithmetic-probe/fixtures/sin-6.bin	/tmp/riley-opt-260912/rope-arithmetic-probe/fixtures/metadata-418.bin
419	6	143	/tmp/riley-opt-260912/rope-arithmetic-probe/fixtures/qkv-419.bin	/tmp/riley-opt-260912/rope-arithmetic-probe/fixtures/cos-6.bin	/tmp/riley-opt-260912/rope-arithmetic-probe/fixtures/sin-6.bin	/tmp/riley-opt-260912/rope-arithmetic-probe/fixtures/metadata-419.bin
420	6	144	/tmp/riley-opt-260912/rope-arithmetic-probe/fixtures/qkv-420.bin	/tmp/riley-opt-260912/rope-arithmetic-probe/fixtures/cos-6.bin	/tmp/riley-opt-260912/rope-arithmetic-probe/fixtures/sin-6.bin	/tmp/riley-opt-260912/rope-arithmetic-probe/fixtures/metadata-420.bin
421	6	145	/tmp/riley-opt-260912/rope-arithmetic-probe/fixtures/qkv-421.bin	/tmp/riley-opt-260912/rope-arithmetic-probe/fixtures/cos-6.bin	/tmp/riley-opt-260912/rope-arithmetic-probe/fixtures/sin-6.bin	/tmp/riley-opt-260912/rope-arithmetic-probe/fixtures/metadata-421.bin
422	6	146	/tmp/riley-opt-260912/rope-arithmetic-probe/fixtures/qkv-422.bin	/tmp/riley-opt-260912/rope-arithmetic-probe/fixtures/cos-6.bin	/tmp/riley-opt-260912/rope-arithmetic-probe/fixtures/sin-6.bin	/tmp/riley-opt-260912/rope-arithmetic-probe/fixtures/metadata-422.bin
423	6	147	/tmp/riley-opt-260912/rope-arithmetic-probe/fixtures/qkv-423.bin	/tmp/riley-opt-260912/rope-arithmetic-probe/fixtures/cos-6.bin	/tmp/riley-opt-260912/rope-arithmetic-probe/fixtures/sin-6.bin	/tmp/riley-opt-260912/rope-arithmetic-probe/fixtures/metadata-423.bin
424	6	148	/tmp/riley-opt-260912/rope-arithmetic-probe/fixtures/qkv-424.bin	/tmp/riley-opt-260912/rope-arithmetic-probe/fixtures/cos-6.bin	/tmp/riley-opt-260912/rope-arithmetic-probe/fixtures/sin-6.bin	/tmp/riley-opt-260912/rope-arithmetic-probe/fixtures/metadata-424.bin
425	6	149	/tmp/riley-opt-260912/rope-arithmetic-probe/fixtures/qkv-425.bin	/tmp/riley-opt-260912/rope-arithmetic-probe/fixtures/cos-6.bin	/tmp/riley-opt-260912/rope-arithmetic-probe/fixtures/sin-6.bin	/tmp/riley-opt-260912/rope-arithmetic-probe/fixtures/metadata-425.bin
426	6	150	/tmp/riley-opt-260912/rope-arithmetic-probe/fixtures/qkv-426.bin	/tmp/riley-opt-260912/rope-arithmetic-probe/fixtures/cos-6.bin	/tmp/riley-opt-260912/rope-arithmetic-probe/fixtures/sin-6.bin	/tmp/riley-opt-260912/rope-arithmetic-probe/fixtures/metadata-426.bin
427	6	151	/tmp/riley-opt-260912/rope-arithmetic-probe/fixtures/qkv-427.bin	/tmp/riley-opt-260912/rope-arithmetic-probe/fixtures/cos-6.bin	/tmp/riley-opt-260912/rope-arithmetic-probe/fixtures/sin-6.bin	/tmp/riley-opt-260912/rope-arithmetic-probe/fixtures/metadata-427.bin
428	6	152	/tmp/riley-opt-260912/rope-arithmetic-probe/fixtures/qkv-428.bin	/tmp/riley-opt-260912/rope-arithmetic-probe/fixtures/cos-6.bin	/tmp/riley-opt-260912/rope-arithmetic-probe/fixtures/sin-6.bin	/tmp/riley-opt-260912/rope-arithmetic-probe/fixtures/metadata-428.bin
429	6	153	/tmp/riley-opt-260912/rope-arithmetic-probe/fixtures/qkv-429.bin	/tmp/riley-opt-260912/rope-arithmetic-probe/fixtures/cos-6.bin	/tmp/riley-opt-260912/rope-arithmetic-probe/fixtures/sin-6.bin	/tmp/riley-opt-260912/rope-arithmetic-probe/fixtures/metadata-429.bin
430	6	154	/tmp/riley-opt-260912/rope-arithmetic-probe/fixtures/qkv-430.bin	/tmp/riley-opt-260912/rope-arithmetic-probe/fixtures/cos-6.bin	/tmp/riley-opt-260912/rope-arithmetic-probe/fixtures/sin-6.bin	/tmp/riley-opt-260912/rope-arithmetic-probe/fixtures/metadata-430.bin
431	6	155	/tmp/riley-opt-260912/rope-arithmetic-probe/fixtures/qkv-431.bin	/tmp/riley-opt-260912/rope-arithmetic-probe/fixtures/cos-6.bin	/tmp/riley-opt-260912/rope-arithmetic-probe/fixtures/sin-6.bin	/tmp/riley-opt-260912/rope-arithmetic-probe/fixtures/metadata-431.bin
432	6	156	/tmp/riley-opt-260912/rope-arithmetic-probe/fixtures/qkv-432.bin	/tmp/riley-opt-260912/rope-arithmetic-probe/fixtures/cos-6.bin	/tmp/riley-opt-260912/rope-arithmetic-probe/fixtures/sin-6.bin	/tmp/riley-opt-260912/rope-arithmetic-probe/fixtures/metadata-432.bin
433	6	157	/tmp/riley-opt-260912/rope-arithmetic-probe/fixtures/qkv-433.bin	/tmp/riley-opt-260912/rope-arithmetic-probe/fixtures/cos-6.bin	/tmp/riley-opt-260912/rope-arithmetic-probe/fixtures/sin-6.bin	/tmp/riley-opt-260912/rope-arithmetic-probe/fixtures/metadata-433.bin
434	6	158	/tmp/riley-opt-260912/rope-arithmetic-probe/fixtures/qkv-434.bin	/tmp/riley-opt-260912/rope-arithmetic-probe/fixtures/cos-6.bin	/tmp/riley-opt-260912/rope-arithmetic-probe/fixtures/sin-6.bin	/tmp/riley-opt-260912/rope-arithmetic-probe/fixtures/metadata-434.bin
435	6	159	/tmp/riley-opt-260912/rope-arithmetic-probe/fixtures/qkv-435.bin	/tmp/riley-opt-260912/rope-arithmetic-probe/fixtures/cos-6.bin	/tmp/riley-opt-260912/rope-arithmetic-probe/fixtures/sin-6.bin	/tmp/riley-opt-260912/rope-arithmetic-probe/fixtures/metadata-435.bin
