RILEY_GRAPH prepared=true policy=Require fallback=false gpu_iteration_timing=false numerics=variable-smol-v3
riley listening on http://127.0.0.1:56787 (graceful_signals=SIGINT,SIGTERM graceful_stdin_shutdown=true)
BATCH stage=prefill rows=1 tokens=128 us=3089
BATCH stage=decode rows=1 tokens=1 us=1120
BATCH stage=prefill rows=1 tokens=128 us=2940
BATCH stage=decode rows=1 tokens=1 us=1042
BATCH stage=prefill rows=1 tokens=16 us=2356
BATCH stage=decode rows=2 tokens=2 us=1051
BATCH stage=prefill rows=1 tokens=16 us=2360
BATCH stage=decode rows=3 tokens=3 us=1073
BATCH stage=prefill rows=1 tokens=128 us=3521
BATCH stage=decode rows=3 tokens=3 us=1074
BATCH stage=prefill rows=1 tokens=128 us=4260
BATCH stage=decode rows=3 tokens=3 us=1093
BATCH stage=prefill rows=1 tokens=14 us=4993
BATCH stage=decode rows=4 tokens=4 us=1278
BATCH stage=decode rows=4 tokens=4 us=1270
BATCH stage=decode rows=4 tokens=4 us=1278
BATCH stage=decode rows=4 tokens=4 us=1338
BATCH stage=decode rows=4 tokens=4 us=1286
BATCH stage=decode rows=4 tokens=4 us=1273
BATCH stage=decode rows=4 tokens=4 us=1284
BATCH stage=decode rows=4 tokens=4 us=1280
BATCH stage=decode rows=4 tokens=4 us=1277
BATCH stage=decode rows=4 tokens=4 us=1281
BATCH stage=decode rows=4 tokens=4 us=1276
BATCH stage=decode rows=4 tokens=4 us=1284
BATCH stage=decode rows=4 tokens=4 us=1277
BATCH stage=decode rows=4 tokens=4 us=1279
BATCH stage=decode rows=4 tokens=4 us=1280
BATCH stage=decode rows=4 tokens=4 us=1281
BATCH stage=decode rows=4 tokens=4 us=1278
BATCH stage=decode rows=4 tokens=4 us=1275
BATCH stage=decode rows=4 tokens=4 us=1292
BATCH stage=decode rows=4 tokens=4 us=1288
BATCH stage=decode rows=4 tokens=4 us=1284
BATCH stage=decode rows=4 tokens=4 us=1287
BATCH stage=decode rows=4 tokens=4 us=1289
BATCH stage=decode rows=4 tokens=4 us=1280
BATCH stage=decode rows=4 tokens=4 us=1281
BATCH stage=decode rows=4 tokens=4 us=1285
BATCH stage=decode rows=4 tokens=4 us=1289
BATCH stage=decode rows=3 tokens=3 us=1264
BATCH stage=prefill rows=1 tokens=128 us=2971
BATCH stage=decode rows=3 tokens=3 us=1277
BATCH stage=prefill rows=1 tokens=128 us=2947
BATCH stage=decode rows=3 tokens=3 us=1276
BATCH stage=prefill rows=1 tokens=128 us=3528
BATCH stage=decode rows=3 tokens=3 us=1263
BATCH stage=prefill rows=1 tokens=128 us=4261
BATCH stage=decode rows=3 tokens=3 us=1274
BATCH stage=prefill rows=1 tokens=14 us=5006
BATCH stage=decode rows=4 tokens=4 us=1287
BATCH stage=decode rows=4 tokens=4 us=1286
BATCH stage=decode rows=4 tokens=4 us=1293
BATCH stage=decode rows=4 tokens=4 us=1286
BATCH stage=decode rows=4 tokens=4 us=1303
BATCH stage=decode rows=4 tokens=4 us=1287
BATCH stage=decode rows=4 tokens=4 us=1292
BATCH stage=decode rows=4 tokens=4 us=1297
BATCH stage=decode rows=4 tokens=4 us=1289
BATCH stage=decode rows=4 tokens=4 us=1297
BATCH stage=decode rows=4 tokens=4 us=1301
BATCH stage=decode rows=4 tokens=4 us=1292
BATCH stage=decode rows=4 tokens=4 us=1288
BATCH stage=decode rows=4 tokens=4 us=1294
BATCH stage=decode rows=4 tokens=4 us=1303
BATCH stage=decode rows=4 tokens=4 us=1288
BATCH stage=decode rows=4 tokens=4 us=1284
BATCH stage=decode rows=4 tokens=4 us=1286
BATCH stage=decode rows=4 tokens=4 us=1303
BATCH stage=decode rows=4 tokens=4 us=1296
BATCH stage=decode rows=4 tokens=4 us=1308
BATCH stage=decode rows=4 tokens=4 us=1298
BATCH stage=decode rows=4 tokens=4 us=1302
BATCH stage=decode rows=4 tokens=4 us=1297
BATCH stage=decode rows=4 tokens=4 us=1302
BATCH stage=decode rows=3 tokens=3 us=1294
BATCH stage=prefill rows=1 tokens=16 us=2367
BATCH stage=decode rows=4 tokens=4 us=1309
BATCH stage=decode rows=4 tokens=4 us=1308
BATCH stage=decode rows=4 tokens=4 us=1303
BATCH stage=decode rows=4 tokens=4 us=1293
BATCH stage=decode rows=4 tokens=4 us=1306
BATCH stage=decode rows=4 tokens=4 us=1309
BATCH stage=decode rows=4 tokens=4 us=1311
BATCH stage=decode rows=4 tokens=4 us=1311
BATCH stage=decode rows=4 tokens=4 us=1315
BATCH stage=decode rows=4 tokens=4 us=1300
BATCH stage=decode rows=4 tokens=4 us=1293
BATCH stage=decode rows=4 tokens=4 us=1307
BATCH stage=decode rows=4 tokens=4 us=1313
BATCH stage=decode rows=4 tokens=4 us=1305
BATCH stage=decode rows=4 tokens=4 us=1273
BATCH stage=decode rows=4 tokens=4 us=1269
BATCH stage=decode rows=4 tokens=4 us=1266
BATCH stage=decode rows=4 tokens=4 us=1281
BATCH stage=decode rows=4 tokens=4 us=1263
BATCH stage=decode rows=4 tokens=4 us=1275
BATCH stage=decode rows=4 tokens=4 us=1280
BATCH stage=decode rows=4 tokens=4 us=1271
BATCH stage=decode rows=4 tokens=4 us=1260
BATCH stage=decode rows=4 tokens=4 us=1258
BATCH stage=decode rows=4 tokens=4 us=1287
BATCH stage=decode rows=4 tokens=4 us=1287
BATCH stage=decode rows=4 tokens=4 us=1285
BATCH stage=decode rows=4 tokens=4 us=1276
BATCH stage=decode rows=4 tokens=4 us=1281
BATCH stage=decode rows=4 tokens=4 us=1284
BATCH stage=decode rows=4 tokens=4 us=1274
BATCH stage=decode rows=3 tokens=3 us=1255
BATCH stage=prefill rows=1 tokens=128 us=2866
BATCH stage=decode rows=4 tokens=4 us=1281
BATCH stage=decode rows=3 tokens=3 us=1254
BATCH stage=prefill rows=1 tokens=128 us=2838
BATCH stage=decode rows=3 tokens=3 us=1260
BATCH stage=prefill rows=1 tokens=128 us=3407
BATCH stage=decode rows=3 tokens=3 us=1257
BATCH stage=prefill rows=1 tokens=128 us=4154
BATCH stage=decode rows=3 tokens=3 us=1252
BATCH stage=prefill rows=1 tokens=14 us=4847
BATCH stage=decode rows=4 tokens=4 us=1282
BATCH stage=decode rows=4 tokens=4 us=1281
BATCH stage=decode rows=4 tokens=4 us=1282
BATCH stage=decode rows=4 tokens=4 us=1293
BATCH stage=decode rows=4 tokens=4 us=1293
BATCH stage=decode rows=4 tokens=4 us=1294
BATCH stage=decode rows=4 tokens=4 us=1293
BATCH stage=decode rows=4 tokens=4 us=1285
BATCH stage=decode rows=4 tokens=4 us=1283
BATCH stage=decode rows=4 tokens=4 us=1283
BATCH stage=decode rows=4 tokens=4 us=1287
BATCH stage=decode rows=4 tokens=4 us=1282
BATCH stage=decode rows=4 tokens=4 us=1297
BATCH stage=decode rows=4 tokens=4 us=1282
BATCH stage=decode rows=4 tokens=4 us=1281
BATCH stage=decode rows=4 tokens=4 us=1281
BATCH stage=decode rows=4 tokens=4 us=1292
BATCH stage=decode rows=4 tokens=4 us=1283
BATCH stage=decode rows=4 tokens=4 us=1271
BATCH stage=decode rows=4 tokens=4 us=1310
BATCH stage=decode rows=4 tokens=4 us=1327
BATCH stage=decode rows=4 tokens=4 us=1328
BATCH stage=decode rows=4 tokens=4 us=1328
BATCH stage=decode rows=4 tokens=4 us=1330
BATCH stage=decode rows=4 tokens=4 us=1325
BATCH stage=decode rows=4 tokens=4 us=1328
BATCH stage=decode rows=4 tokens=4 us=1336
BATCH stage=decode rows=4 tokens=4 us=1341
BATCH stage=decode rows=4 tokens=4 us=1330
BATCH stage=decode rows=4 tokens=4 us=1342
BATCH stage=decode rows=4 tokens=4 us=1347
BATCH stage=decode rows=4 tokens=4 us=1341
BATCH stage=decode rows=3 tokens=3 us=1268
BATCH stage=prefill rows=1 tokens=16 us=2274
BATCH stage=decode rows=4 tokens=4 us=1279
BATCH stage=decode rows=4 tokens=4 us=1291
BATCH stage=decode rows=4 tokens=4 us=1292
BATCH stage=decode rows=4 tokens=4 us=1292
BATCH stage=decode rows=4 tokens=4 us=1281
BATCH stage=decode rows=4 tokens=4 us=1277
BATCH stage=decode rows=4 tokens=4 us=1279
BATCH stage=decode rows=4 tokens=4 us=1287
BATCH stage=decode rows=4 tokens=4 us=1278
BATCH stage=decode rows=4 tokens=4 us=1283
BATCH stage=decode rows=4 tokens=4 us=1290
BATCH stage=decode rows=4 tokens=4 us=1278
BATCH stage=decode rows=4 tokens=4 us=1279
BATCH stage=decode rows=4 tokens=4 us=1282
BATCH stage=decode rows=4 tokens=4 us=1286
BATCH stage=decode rows=4 tokens=4 us=1285
BATCH stage=decode rows=4 tokens=4 us=1284
BATCH stage=decode rows=4 tokens=4 us=1264
BATCH stage=decode rows=4 tokens=4 us=1312
BATCH stage=decode rows=4 tokens=4 us=1324
BATCH stage=decode rows=4 tokens=4 us=1322
BATCH stage=decode rows=4 tokens=4 us=1327
BATCH stage=decode rows=4 tokens=4 us=1325
BATCH stage=decode rows=4 tokens=4 us=1344
BATCH stage=decode rows=4 tokens=4 us=1340
BATCH stage=decode rows=3 tokens=3 us=1311
BATCH stage=prefill rows=1 tokens=128 us=2865
BATCH stage=decode rows=4 tokens=4 us=1333
BATCH stage=decode rows=4 tokens=4 us=1343
BATCH stage=decode rows=4 tokens=4 us=1338
BATCH stage=decode rows=4 tokens=4 us=1350
BATCH stage=decode rows=4 tokens=4 us=1339
BATCH stage=decode rows=2 tokens=2 us=1225
BATCH stage=prefill rows=1 tokens=128 us=2843
BATCH stage=decode rows=2 tokens=2 us=1216
BATCH stage=prefill rows=1 tokens=16 us=2280
BATCH stage=decode rows=3 tokens=3 us=1250
BATCH stage=prefill rows=1 tokens=128 us=3402
BATCH stage=decode rows=3 tokens=3 us=1235
BATCH stage=prefill rows=1 tokens=128 us=4130
BATCH stage=decode rows=3 tokens=3 us=1249
BATCH stage=prefill rows=1 tokens=14 us=4844
BATCH stage=decode rows=4 tokens=4 us=1274
BATCH stage=decode rows=4 tokens=4 us=1262
BATCH stage=decode rows=4 tokens=4 us=1275
BATCH stage=decode rows=4 tokens=4 us=1277
BATCH stage=decode rows=4 tokens=4 us=1277
BATCH stage=decode rows=4 tokens=4 us=1276
BATCH stage=decode rows=4 tokens=4 us=1269
BATCH stage=decode rows=4 tokens=4 us=1262
BATCH stage=decode rows=4 tokens=4 us=1270
BATCH stage=decode rows=4 tokens=4 us=1273
BATCH stage=decode rows=4 tokens=4 us=1265
BATCH stage=decode rows=4 tokens=4 us=1274
BATCH stage=decode rows=4 tokens=4 us=1275
BATCH stage=decode rows=4 tokens=4 us=1285
BATCH stage=decode rows=4 tokens=4 us=1287
BATCH stage=decode rows=4 tokens=4 us=1284
BATCH stage=decode rows=4 tokens=4 us=1279
BATCH stage=decode rows=4 tokens=4 us=1283
BATCH stage=decode rows=4 tokens=4 us=1285
BATCH stage=decode rows=4 tokens=4 us=1285
BATCH stage=decode rows=4 tokens=4 us=1284
BATCH stage=decode rows=4 tokens=4 us=1284
BATCH stage=decode rows=4 tokens=4 us=1277
BATCH stage=decode rows=4 tokens=4 us=1283
BATCH stage=decode rows=4 tokens=4 us=1276
BATCH stage=decode rows=4 tokens=4 us=1289
BATCH stage=decode rows=4 tokens=4 us=1284
BATCH stage=decode rows=4 tokens=4 us=1283
BATCH stage=decode rows=3 tokens=3 us=1258
BATCH stage=prefill rows=1 tokens=128 us=2874
BATCH stage=decode rows=4 tokens=4 us=1281
BATCH stage=decode rows=4 tokens=4 us=1275
BATCH stage=decode rows=4 tokens=4 us=1283
BATCH stage=decode rows=4 tokens=4 us=1285
BATCH stage=decode rows=4 tokens=4 us=1291
BATCH stage=decode rows=4 tokens=4 us=1281
BATCH stage=decode rows=4 tokens=4 us=1291
BATCH stage=decode rows=4 tokens=4 us=1283
BATCH stage=decode rows=4 tokens=4 us=1289
BATCH stage=decode rows=4 tokens=4 us=1277
BATCH stage=decode rows=4 tokens=4 us=1284
BATCH stage=decode rows=4 tokens=4 us=1284
BATCH stage=decode rows=4 tokens=4 us=1292
BATCH stage=decode rows=4 tokens=4 us=1292
BATCH stage=decode rows=4 tokens=4 us=1283
BATCH stage=decode rows=4 tokens=4 us=1271
BATCH stage=decode rows=4 tokens=4 us=1316
BATCH stage=decode rows=4 tokens=4 us=1336
BATCH stage=decode rows=4 tokens=4 us=1336
BATCH stage=decode rows=4 tokens=4 us=1342
BATCH stage=decode rows=4 tokens=4 us=1343
BATCH stage=decode rows=4 tokens=4 us=1338
BATCH stage=decode rows=4 tokens=4 us=1343
BATCH stage=decode rows=4 tokens=4 us=1339
BATCH stage=decode rows=3 tokens=3 us=1321
BATCH stage=prefill rows=1 tokens=128 us=2840
BATCH stage=decode rows=3 tokens=3 us=1318
BATCH stage=prefill rows=1 tokens=128 us=3402
BATCH stage=decode rows=3 tokens=3 us=1314
BATCH stage=prefill rows=1 tokens=128 us=4130
BATCH stage=decode rows=3 tokens=3 us=1318
BATCH stage=prefill rows=1 tokens=14 us=4835
BATCH stage=decode rows=4 tokens=4 us=1334
BATCH stage=decode rows=3 tokens=3 us=1249
BATCH stage=prefill rows=1 tokens=16 us=2282
BATCH stage=decode rows=4 tokens=4 us=1270
BATCH stage=decode rows=4 tokens=4 us=1271
BATCH stage=decode rows=4 tokens=4 us=1272
BATCH stage=decode rows=4 tokens=4 us=1276
BATCH stage=decode rows=4 tokens=4 us=1269
BATCH stage=decode rows=4 tokens=4 us=1271
BATCH stage=decode rows=4 tokens=4 us=1275
BATCH stage=decode rows=4 tokens=4 us=1265
BATCH stage=decode rows=4 tokens=4 us=1273
BATCH stage=decode rows=4 tokens=4 us=1276
BATCH stage=decode rows=4 tokens=4 us=1276
BATCH stage=decode rows=4 tokens=4 us=1270
BATCH stage=decode rows=4 tokens=4 us=1271
BATCH stage=decode rows=4 tokens=4 us=1270
BATCH stage=decode rows=4 tokens=4 us=1265
BATCH stage=decode rows=4 tokens=4 us=1261
BATCH stage=decode rows=4 tokens=4 us=1279
BATCH stage=decode rows=4 tokens=4 us=1274
BATCH stage=decode rows=4 tokens=4 us=1269
BATCH stage=decode rows=4 tokens=4 us=1263
BATCH stage=decode rows=4 tokens=4 us=1268
BATCH stage=decode rows=4 tokens=4 us=1269
BATCH stage=decode rows=4 tokens=4 us=1267
BATCH stage=decode rows=4 tokens=4 us=1286
BATCH stage=decode rows=4 tokens=4 us=1275
BATCH stage=decode rows=4 tokens=4 us=1277
BATCH stage=decode rows=4 tokens=4 us=1278
BATCH stage=decode rows=4 tokens=4 us=1283
BATCH stage=decode rows=4 tokens=4 us=1279
BATCH stage=decode rows=4 tokens=4 us=1286
BATCH stage=decode rows=4 tokens=4 us=1279
BATCH stage=decode rows=3 tokens=3 us=1266
BATCH stage=prefill rows=1 tokens=128 us=2869
BATCH stage=decode rows=4 tokens=4 us=1300
BATCH stage=decode rows=3 tokens=3 us=1267
BATCH stage=prefill rows=1 tokens=128 us=2846
BATCH stage=decode rows=3 tokens=3 us=1265
BATCH stage=prefill rows=1 tokens=128 us=3397
BATCH stage=decode rows=3 tokens=3 us=1247
BATCH stage=prefill rows=1 tokens=128 us=4136
BATCH stage=decode rows=3 tokens=3 us=1250
BATCH stage=prefill rows=1 tokens=14 us=4838
BATCH stage=decode rows=4 tokens=4 us=1291
BATCH stage=decode rows=4 tokens=4 us=1286
BATCH stage=decode rows=4 tokens=4 us=1293
BATCH stage=decode rows=4 tokens=4 us=1297
BATCH stage=decode rows=4 tokens=4 us=1293
BATCH stage=decode rows=4 tokens=4 us=1284
BATCH stage=decode rows=4 tokens=4 us=1290
BATCH stage=decode rows=4 tokens=4 us=1290
BATCH stage=decode rows=4 tokens=4 us=1293
BATCH stage=decode rows=4 tokens=4 us=1293
BATCH stage=decode rows=4 tokens=4 us=1293
BATCH stage=decode rows=4 tokens=4 us=1298
BATCH stage=decode rows=4 tokens=4 us=1293
BATCH stage=decode rows=4 tokens=4 us=1292
BATCH stage=decode rows=4 tokens=4 us=1290
BATCH stage=decode rows=4 tokens=4 us=1290
BATCH stage=decode rows=4 tokens=4 us=1282
BATCH stage=decode rows=4 tokens=4 us=1282
BATCH stage=decode rows=4 tokens=4 us=1323
BATCH stage=decode rows=4 tokens=4 us=1339
BATCH stage=decode rows=4 tokens=4 us=1337
BATCH stage=decode rows=4 tokens=4 us=1337
BATCH stage=decode rows=4 tokens=4 us=1329
BATCH stage=decode rows=4 tokens=4 us=1338
BATCH stage=decode rows=4 tokens=4 us=1339
BATCH stage=decode rows=4 tokens=4 us=1343
BATCH stage=decode rows=4 tokens=4 us=1335
BATCH stage=decode rows=4 tokens=4 us=1335
BATCH stage=decode rows=4 tokens=4 us=1331
BATCH stage=decode rows=4 tokens=4 us=1339
BATCH stage=decode rows=4 tokens=4 us=1326
BATCH stage=decode rows=3 tokens=3 us=1237
BATCH stage=prefill rows=1 tokens=16 us=2287
BATCH stage=decode rows=4 tokens=4 us=1272
BATCH stage=decode rows=4 tokens=4 us=1267
BATCH stage=decode rows=4 tokens=4 us=1274
BATCH stage=decode rows=4 tokens=4 us=1274
BATCH stage=decode rows=4 tokens=4 us=1266
BATCH stage=decode rows=4 tokens=4 us=1255
BATCH stage=decode rows=4 tokens=4 us=1272
BATCH stage=decode rows=4 tokens=4 us=1276
BATCH stage=decode rows=4 tokens=4 us=1274
BATCH stage=decode rows=4 tokens=4 us=1273
BATCH stage=decode rows=4 tokens=4 us=1277
BATCH stage=decode rows=4 tokens=4 us=1292
BATCH stage=decode rows=4 tokens=4 us=1285
BATCH stage=decode rows=4 tokens=4 us=1284
BATCH stage=decode rows=4 tokens=4 us=1289
BATCH stage=decode rows=4 tokens=4 us=1289
BATCH stage=decode rows=4 tokens=4 us=1285
BATCH stage=decode rows=4 tokens=4 us=1283
BATCH stage=decode rows=4 tokens=4 us=1282
BATCH stage=decode rows=4 tokens=4 us=1285
BATCH stage=decode rows=4 tokens=4 us=1275
BATCH stage=decode rows=4 tokens=4 us=1273
BATCH stage=decode rows=4 tokens=4 us=1274
BATCH stage=decode rows=4 tokens=4 us=1274
BATCH stage=decode rows=4 tokens=4 us=1277
BATCH stage=decode rows=4 tokens=4 us=1283
BATCH stage=decode rows=3 tokens=3 us=1253
BATCH stage=prefill rows=1 tokens=128 us=2873
BATCH stage=decode rows=4 tokens=4 us=1287
BATCH stage=decode rows=4 tokens=4 us=1272
BATCH stage=decode rows=4 tokens=4 us=1267
BATCH stage=decode rows=4 tokens=4 us=1267
BATCH stage=decode rows=3 tokens=3 us=1264
BATCH stage=prefill rows=1 tokens=128 us=2835
BATCH stage=decode rows=3 tokens=3 us=1253
BATCH stage=prefill rows=1 tokens=128 us=3397
BATCH stage=decode rows=3 tokens=3 us=1260
BATCH stage=prefill rows=1 tokens=128 us=4119
BATCH stage=decode rows=3 tokens=3 us=1248
BATCH stage=prefill rows=1 tokens=14 us=4843
BATCH stage=decode rows=4 tokens=4 us=1290
BATCH stage=decode rows=4 tokens=4 us=1294
BATCH stage=decode rows=4 tokens=4 us=1295
BATCH stage=decode rows=4 tokens=4 us=1291
BATCH stage=decode rows=4 tokens=4 us=1293
BATCH stage=decode rows=4 tokens=4 us=1292
BATCH stage=decode rows=4 tokens=4 us=1284
BATCH stage=decode rows=4 tokens=4 us=1283
BATCH stage=decode rows=4 tokens=4 us=1323
BATCH stage=decode rows=4 tokens=4 us=1337
BATCH stage=decode rows=4 tokens=4 us=1343
BATCH stage=decode rows=4 tokens=4 us=1342
BATCH stage=decode rows=4 tokens=4 us=1334
BATCH stage=decode rows=4 tokens=4 us=1345
BATCH stage=decode rows=4 tokens=4 us=1333
BATCH stage=decode rows=4 tokens=4 us=1340
BATCH stage=decode rows=4 tokens=4 us=1327
BATCH stage=decode rows=4 tokens=4 us=1338
BATCH stage=decode rows=4 tokens=4 us=1330
BATCH stage=decode rows=4 tokens=4 us=1345
BATCH stage=decode rows=4 tokens=4 us=1340
BATCH stage=decode rows=3 tokens=3 us=1268
BATCH stage=prefill rows=1 tokens=16 us=2281
BATCH stage=decode rows=4 tokens=4 us=1285
BATCH stage=decode rows=4 tokens=4 us=1285
BATCH stage=decode rows=4 tokens=4 us=1288
BATCH stage=decode rows=4 tokens=4 us=1281
BATCH stage=decode rows=4 tokens=4 us=1285
BATCH stage=decode rows=4 tokens=4 us=1285
BATCH stage=decode rows=4 tokens=4 us=1282
BATCH stage=decode rows=4 tokens=4 us=1279
BATCH stage=decode rows=4 tokens=4 us=1291
BATCH stage=decode rows=4 tokens=4 us=1283
BATCH stage=decode rows=4 tokens=4 us=1271
BATCH stage=decode rows=4 tokens=4 us=1277
BATCH stage=decode rows=4 tokens=4 us=1283
BATCH stage=decode rows=4 tokens=4 us=1288
BATCH stage=decode rows=4 tokens=4 us=1284
BATCH stage=decode rows=4 tokens=4 us=1279
BATCH stage=decode rows=4 tokens=4 us=1288
BATCH stage=decode rows=4 tokens=4 us=1290
BATCH stage=decode rows=4 tokens=4 us=1290
BATCH stage=decode rows=4 tokens=4 us=1286
BATCH stage=decode rows=4 tokens=4 us=1289
BATCH stage=decode rows=4 tokens=4 us=1287
BATCH stage=decode rows=4 tokens=4 us=1271
BATCH stage=decode rows=4 tokens=4 us=1273
BATCH stage=decode rows=4 tokens=4 us=1284
BATCH stage=decode rows=4 tokens=4 us=1325
BATCH stage=decode rows=4 tokens=4 us=1322
BATCH stage=decode rows=4 tokens=4 us=1335
BATCH stage=decode rows=4 tokens=4 us=1340
BATCH stage=decode rows=4 tokens=4 us=1343
BATCH stage=decode rows=4 tokens=4 us=1345
BATCH stage=decode rows=3 tokens=3 us=1322
BATCH stage=prefill rows=1 tokens=128 us=2869
BATCH stage=decode rows=4 tokens=4 us=1344
BATCH stage=decode rows=3 tokens=3 us=1321
BATCH stage=prefill rows=1 tokens=128 us=2844
BATCH stage=decode rows=3 tokens=3 us=1320
BATCH stage=prefill rows=1 tokens=128 us=3409
BATCH stage=decode rows=3 tokens=3 us=1323
BATCH stage=prefill rows=1 tokens=128 us=4154
BATCH stage=decode rows=3 tokens=3 us=1319
BATCH stage=prefill rows=1 tokens=14 us=4845
BATCH stage=decode rows=4 tokens=4 us=1350
BATCH stage=decode rows=3 tokens=3 us=1238
BATCH stage=prefill rows=1 tokens=16 us=2272
BATCH stage=decode rows=4 tokens=4 us=1256
BATCH stage=decode rows=4 tokens=4 us=1270
BATCH stage=decode rows=4 tokens=4 us=1267
BATCH stage=decode rows=4 tokens=4 us=1273
BATCH stage=decode rows=4 tokens=4 us=1270
BATCH stage=decode rows=4 tokens=4 us=1277
BATCH stage=decode rows=4 tokens=4 us=1273
BATCH stage=decode rows=4 tokens=4 us=1261
BATCH stage=decode rows=4 tokens=4 us=1263
BATCH stage=decode rows=4 tokens=4 us=1268
BATCH stage=decode rows=4 tokens=4 us=1274
BATCH stage=decode rows=4 tokens=4 us=1272
BATCH stage=decode rows=4 tokens=4 us=1269
BATCH stage=decode rows=4 tokens=4 us=1277
BATCH stage=decode rows=4 tokens=4 us=1276
BATCH stage=decode rows=4 tokens=4 us=1275
BATCH stage=decode rows=4 tokens=4 us=1276
BATCH stage=decode rows=4 tokens=4 us=1280
BATCH stage=decode rows=4 tokens=4 us=1278
BATCH stage=decode rows=4 tokens=4 us=1275
BATCH stage=decode rows=4 tokens=4 us=1276
BATCH stage=decode rows=4 tokens=4 us=1284
BATCH stage=decode rows=4 tokens=4 us=1285
BATCH stage=decode rows=4 tokens=4 us=1274
BATCH stage=decode rows=4 tokens=4 us=1289
BATCH stage=decode rows=4 tokens=4 us=1293
BATCH stage=decode rows=4 tokens=4 us=1288
BATCH stage=decode rows=4 tokens=4 us=1285
BATCH stage=decode rows=4 tokens=4 us=1283
BATCH stage=decode rows=4 tokens=4 us=1285
BATCH stage=decode rows=4 tokens=4 us=1289
BATCH stage=decode rows=3 tokens=3 us=1263
BATCH stage=prefill rows=1 tokens=128 us=2861
BATCH stage=decode rows=4 tokens=4 us=1291
BATCH stage=decode rows=4 tokens=4 us=1291
BATCH stage=decode rows=4 tokens=4 us=1283
BATCH stage=decode rows=4 tokens=4 us=1288
BATCH stage=decode rows=4 tokens=4 us=1284
BATCH stage=decode rows=4 tokens=4 us=1286
BATCH stage=decode rows=4 tokens=4 us=1290
BATCH stage=decode rows=4 tokens=4 us=1294
BATCH stage=decode rows=4 tokens=4 us=1290
BATCH stage=decode rows=4 tokens=4 us=1292
BATCH stage=decode rows=4 tokens=4 us=1291
BATCH stage=decode rows=4 tokens=4 us=1287
BATCH stage=decode rows=4 tokens=4 us=1286
BATCH stage=decode rows=4 tokens=4 us=1295
BATCH stage=decode rows=4 tokens=4 us=1291
BATCH stage=decode rows=4 tokens=4 us=1287
BATCH stage=decode rows=4 tokens=4 us=1294
BATCH stage=decode rows=4 tokens=4 us=1294
BATCH stage=decode rows=4 tokens=4 us=1392
BATCH stage=decode rows=4 tokens=4 us=1306
BATCH stage=decode rows=4 tokens=4 us=1294
BATCH stage=decode rows=4 tokens=4 us=1332
BATCH stage=decode rows=4 tokens=4 us=1339
BATCH stage=decode rows=4 tokens=4 us=1342
BATCH stage=decode rows=3 tokens=3 us=1323
BATCH stage=prefill rows=1 tokens=128 us=2859
BATCH stage=decode rows=3 tokens=3 us=1323
BATCH stage=prefill rows=1 tokens=128 us=3408
BATCH stage=decode rows=3 tokens=3 us=1333
BATCH stage=prefill rows=1 tokens=128 us=4145
BATCH stage=decode rows=3 tokens=3 us=1314
BATCH stage=prefill rows=1 tokens=14 us=4855
BATCH stage=decode rows=4 tokens=4 us=1337
BATCH stage=decode rows=4 tokens=4 us=1349
BATCH stage=decode rows=4 tokens=4 us=1342
BATCH stage=decode rows=4 tokens=4 us=1345
BATCH stage=decode rows=4 tokens=4 us=1355
BATCH stage=decode rows=4 tokens=4 us=1341
BATCH stage=decode rows=3 tokens=3 us=1269
BATCH stage=prefill rows=1 tokens=16 us=2288
BATCH stage=decode rows=4 tokens=4 us=1271
BATCH stage=decode rows=4 tokens=4 us=1275
BATCH stage=decode rows=4 tokens=4 us=1269
BATCH stage=decode rows=4 tokens=4 us=1266
BATCH stage=decode rows=4 tokens=4 us=1268
BATCH stage=decode rows=4 tokens=4 us=1274
BATCH stage=decode rows=4 tokens=4 us=1272
BATCH stage=decode rows=4 tokens=4 us=1275
BATCH stage=decode rows=4 tokens=4 us=1275
BATCH stage=decode rows=4 tokens=4 us=1267
BATCH stage=decode rows=4 tokens=4 us=1275
BATCH stage=decode rows=4 tokens=4 us=1269
BATCH stage=decode rows=4 tokens=4 us=1268
BATCH stage=decode rows=4 tokens=4 us=1290
BATCH stage=decode rows=4 tokens=4 us=1289
BATCH stage=decode rows=4 tokens=4 us=1285
BATCH stage=decode rows=4 tokens=4 us=1282
BATCH stage=decode rows=4 tokens=4 us=1287
BATCH stage=decode rows=4 tokens=4 us=1289
BATCH stage=decode rows=4 tokens=4 us=1286
BATCH stage=decode rows=4 tokens=4 us=1282
BATCH stage=decode rows=4 tokens=4 us=1290
BATCH stage=decode rows=4 tokens=4 us=1285
BATCH stage=decode rows=4 tokens=4 us=1287
BATCH stage=decode rows=4 tokens=4 us=1299
BATCH stage=decode rows=4 tokens=4 us=1288
BATCH stage=decode rows=4 tokens=4 us=1278
BATCH stage=decode rows=4 tokens=4 us=1287
BATCH stage=decode rows=3 tokens=3 us=1257
BATCH stage=prefill rows=1 tokens=128 us=2870
BATCH stage=decode rows=4 tokens=4 us=1289
BATCH stage=decode rows=4 tokens=4 us=1286
BATCH stage=decode rows=3 tokens=3 us=1263
BATCH stage=prefill rows=1 tokens=128 us=2854
BATCH stage=decode rows=3 tokens=3 us=1265
BATCH stage=prefill rows=1 tokens=128 us=3403
BATCH stage=decode rows=3 tokens=3 us=1265
BATCH stage=prefill rows=1 tokens=128 us=4138
BATCH stage=decode rows=3 tokens=3 us=1268
BATCH stage=prefill rows=1 tokens=14 us=4844
BATCH stage=decode rows=4 tokens=4 us=1298
BATCH stage=decode rows=4 tokens=4 us=1292
BATCH stage=decode rows=4 tokens=4 us=1296
BATCH stage=decode rows=4 tokens=4 us=1294
BATCH stage=decode rows=4 tokens=4 us=1292
BATCH stage=decode rows=4 tokens=4 us=1291
BATCH stage=decode rows=4 tokens=4 us=1293
BATCH stage=decode rows=4 tokens=4 us=1297
BATCH stage=decode rows=4 tokens=4 us=1301
BATCH stage=decode rows=4 tokens=4 us=1290
BATCH stage=decode rows=4 tokens=4 us=1330
BATCH stage=decode rows=4 tokens=4 us=1338
BATCH stage=decode rows=4 tokens=4 us=1344
BATCH stage=decode rows=4 tokens=4 us=1341
BATCH stage=decode rows=4 tokens=4 us=1344
BATCH stage=decode rows=4 tokens=4 us=1343
BATCH stage=decode rows=4 tokens=4 us=1342
BATCH stage=decode rows=4 tokens=4 us=1344
BATCH stage=decode rows=4 tokens=4 us=1342
BATCH stage=decode rows=4 tokens=4 us=1339
BATCH stage=decode rows=4 tokens=4 us=1343
BATCH stage=decode rows=4 tokens=4 us=1342
BATCH stage=decode rows=4 tokens=4 us=1346
BATCH stage=decode rows=3 tokens=3 us=1258
BATCH stage=prefill rows=1 tokens=16 us=2274
BATCH stage=decode rows=4 tokens=4 us=1261
BATCH stage=decode rows=4 tokens=4 us=1263
BATCH stage=decode rows=4 tokens=4 us=1268
BATCH stage=decode rows=4 tokens=4 us=1268
BATCH stage=decode rows=4 tokens=4 us=1278
BATCH stage=decode rows=4 tokens=4 us=1275
BATCH stage=decode rows=4 tokens=4 us=1264
BATCH stage=decode rows=4 tokens=4 us=1276
BATCH stage=decode rows=4 tokens=4 us=1276
BATCH stage=decode rows=4 tokens=4 us=1271
BATCH stage=decode rows=4 tokens=4 us=1278
BATCH stage=decode rows=4 tokens=4 us=1277
BATCH stage=decode rows=4 tokens=4 us=1266
BATCH stage=decode rows=4 tokens=4 us=1267
BATCH stage=decode rows=4 tokens=4 us=1263
BATCH stage=decode rows=4 tokens=4 us=1262
BATCH stage=decode rows=4 tokens=4 us=1285
BATCH stage=decode rows=4 tokens=4 us=1275
BATCH stage=decode rows=4 tokens=4 us=1283
BATCH stage=decode rows=4 tokens=4 us=1279
BATCH stage=decode rows=4 tokens=4 us=1291
BATCH stage=decode rows=4 tokens=4 us=1286
BATCH stage=decode rows=4 tokens=4 us=1280
BATCH stage=decode rows=4 tokens=4 us=1285
BATCH stage=decode rows=4 tokens=4 us=1284
BATCH stage=decode rows=4 tokens=4 us=1277
BATCH stage=decode rows=4 tokens=4 us=1275
BATCH stage=decode rows=4 tokens=4 us=1289
BATCH stage=decode rows=4 tokens=4 us=1276
BATCH stage=decode rows=4 tokens=4 us=1271
BATCH stage=decode rows=4 tokens=4 us=1275
BATCH stage=decode rows=3 tokens=3 us=1262
BATCH stage=prefill rows=1 tokens=128 us=2875
BATCH stage=decode rows=4 tokens=4 us=1289
BATCH stage=decode rows=3 tokens=3 us=1269
BATCH stage=prefill rows=1 tokens=128 us=2839
BATCH stage=decode rows=3 tokens=3 us=1261
BATCH stage=prefill rows=1 tokens=128 us=3396
BATCH stage=decode rows=3 tokens=3 us=1251
BATCH stage=prefill rows=1 tokens=128 us=4142
BATCH stage=decode rows=3 tokens=3 us=1254
BATCH stage=prefill rows=1 tokens=14 us=4849
BATCH stage=decode rows=4 tokens=4 us=1291
BATCH stage=decode rows=4 tokens=4 us=1298
BATCH stage=decode rows=4 tokens=4 us=1291
BATCH stage=decode rows=4 tokens=4 us=1285
BATCH stage=decode rows=4 tokens=4 us=1278
BATCH stage=decode rows=4 tokens=4 us=1296
BATCH stage=decode rows=4 tokens=4 us=1280
BATCH stage=decode rows=4 tokens=4 us=1285
BATCH stage=decode rows=4 tokens=4 us=1286
BATCH stage=decode rows=4 tokens=4 us=1289
BATCH stage=decode rows=4 tokens=4 us=1275
BATCH stage=decode rows=4 tokens=4 us=1316
BATCH stage=decode rows=4 tokens=4 us=1337
BATCH stage=decode rows=4 tokens=4 us=1336
BATCH stage=decode rows=4 tokens=4 us=1340
BATCH stage=decode rows=4 tokens=4 us=1335
BATCH stage=decode rows=4 tokens=4 us=1340
BATCH stage=decode rows=4 tokens=4 us=1336
BATCH stage=decode rows=4 tokens=4 us=1337
BATCH stage=decode rows=4 tokens=4 us=1344
BATCH stage=decode rows=4 tokens=4 us=1344
BATCH stage=decode rows=4 tokens=4 us=1351
BATCH stage=decode rows=4 tokens=4 us=1345
BATCH stage=decode rows=4 tokens=4 us=1345
BATCH stage=decode rows=3 tokens=3 us=1272
BATCH stage=prefill rows=1 tokens=16 us=2289
BATCH stage=decode rows=4 tokens=4 us=1286
BATCH stage=decode rows=4 tokens=4 us=1286
BATCH stage=decode rows=4 tokens=4 us=1286
BATCH stage=decode rows=4 tokens=4 us=1292
BATCH stage=decode rows=4 tokens=4 us=1281
BATCH stage=decode rows=4 tokens=4 us=1286
BATCH stage=decode rows=4 tokens=4 us=1282
BATCH stage=decode rows=4 tokens=4 us=1271
BATCH stage=decode rows=4 tokens=4 us=1284
BATCH stage=decode rows=4 tokens=4 us=1289
BATCH stage=decode rows=4 tokens=4 us=1272
BATCH stage=decode rows=4 tokens=4 us=1282
BATCH stage=decode rows=4 tokens=4 us=1288
BATCH stage=decode rows=4 tokens=4 us=1292
BATCH stage=decode rows=4 tokens=4 us=1284
BATCH stage=decode rows=4 tokens=4 us=1287
BATCH stage=decode rows=4 tokens=4 us=1290
BATCH stage=decode rows=4 tokens=4 us=1287
BATCH stage=decode rows=4 tokens=4 us=1285
BATCH stage=decode rows=4 tokens=4 us=1291
BATCH stage=decode rows=4 tokens=4 us=1275
BATCH stage=decode rows=4 tokens=4 us=1284
BATCH stage=decode rows=4 tokens=4 us=1274
BATCH stage=decode rows=4 tokens=4 us=1286
BATCH stage=decode rows=4 tokens=4 us=1282
BATCH stage=decode rows=4 tokens=4 us=1281
BATCH stage=decode rows=4 tokens=4 us=1270
BATCH stage=decode rows=4 tokens=4 us=1282
BATCH stage=decode rows=4 tokens=4 us=1322
BATCH stage=decode rows=4 tokens=4 us=1336
BATCH stage=decode rows=4 tokens=4 us=1341
BATCH stage=decode rows=3 tokens=3 us=1311
BATCH stage=prefill rows=1 tokens=128 us=2866
BATCH stage=decode rows=4 tokens=4 us=1333
BATCH stage=decode rows=3 tokens=3 us=1309
BATCH stage=prefill rows=1 tokens=128 us=2837
BATCH stage=decode rows=3 tokens=3 us=1312
BATCH stage=prefill rows=1 tokens=128 us=3426
BATCH stage=decode rows=3 tokens=3 us=1315
BATCH stage=prefill rows=1 tokens=128 us=4149
BATCH stage=decode rows=3 tokens=3 us=1317
BATCH stage=prefill rows=1 tokens=14 us=4846
BATCH stage=decode rows=4 tokens=4 us=1330
BATCH stage=decode rows=4 tokens=4 us=1331
BATCH stage=decode rows=4 tokens=4 us=1340
BATCH stage=decode rows=4 tokens=4 us=1340
BATCH stage=decode rows=3 tokens=3 us=1253
BATCH stage=prefill rows=1 tokens=16 us=2289
BATCH stage=decode rows=4 tokens=4 us=1267
BATCH stage=decode rows=4 tokens=4 us=1262
BATCH stage=decode rows=4 tokens=4 us=1270
BATCH stage=decode rows=4 tokens=4 us=1270
BATCH stage=decode rows=4 tokens=4 us=1256
BATCH stage=decode rows=4 tokens=4 us=1263
BATCH stage=decode rows=4 tokens=4 us=1267
BATCH stage=decode rows=4 tokens=4 us=1270
BATCH stage=decode rows=4 tokens=4 us=1271
BATCH stage=decode rows=4 tokens=4 us=1266
BATCH stage=decode rows=4 tokens=4 us=1273
BATCH stage=decode rows=4 tokens=4 us=1274
BATCH stage=decode rows=4 tokens=4 us=1270
BATCH stage=decode rows=4 tokens=4 us=1267
BATCH stage=decode rows=4 tokens=4 us=1277
BATCH stage=decode rows=4 tokens=4 us=1283
BATCH stage=decode rows=4 tokens=4 us=1281
BATCH stage=decode rows=4 tokens=4 us=1280
BATCH stage=decode rows=4 tokens=4 us=1281
BATCH stage=decode rows=4 tokens=4 us=1282
BATCH stage=decode rows=4 tokens=4 us=1285
BATCH stage=decode rows=4 tokens=4 us=1272
BATCH stage=decode rows=4 tokens=4 us=1286
BATCH stage=decode rows=4 tokens=4 us=1269
BATCH stage=decode rows=4 tokens=4 us=1284
BATCH stage=decode rows=4 tokens=4 us=1279
BATCH stage=decode rows=4 tokens=4 us=1285
BATCH stage=decode rows=4 tokens=4 us=1284
BATCH stage=decode rows=4 tokens=4 us=1289
BATCH stage=decode rows=4 tokens=4 us=1280
BATCH stage=decode rows=4 tokens=4 us=1282
BATCH stage=decode rows=3 tokens=3 us=1268
BATCH stage=prefill rows=1 tokens=128 us=2873
BATCH stage=decode rows=4 tokens=4 us=1296
BATCH stage=decode rows=4 tokens=4 us=1282
BATCH stage=decode rows=4 tokens=4 us=1288
BATCH stage=decode rows=4 tokens=4 us=1289
BATCH stage=decode rows=4 tokens=4 us=1273
BATCH stage=decode rows=4 tokens=4 us=1283
BATCH stage=decode rows=4 tokens=4 us=1293
BATCH stage=decode rows=4 tokens=4 us=1291
BATCH stage=decode rows=4 tokens=4 us=1290
BATCH stage=decode rows=4 tokens=4 us=1283
BATCH stage=decode rows=4 tokens=4 us=1285
BATCH stage=decode rows=4 tokens=4 us=1289
BATCH stage=decode rows=4 tokens=4 us=1288
BATCH stage=decode rows=4 tokens=4 us=1281
BATCH stage=decode rows=4 tokens=4 us=1269
BATCH stage=decode rows=4 tokens=4 us=1324
BATCH stage=decode rows=4 tokens=4 us=1348
BATCH stage=decode rows=4 tokens=4 us=1336
BATCH stage=decode rows=4 tokens=4 us=1347
BATCH stage=decode rows=4 tokens=4 us=1341
BATCH stage=decode rows=4 tokens=4 us=1325
BATCH stage=decode rows=3 tokens=3 us=1322
BATCH stage=prefill rows=1 tokens=128 us=2851
BATCH stage=decode rows=3 tokens=3 us=1328
BATCH stage=prefill rows=1 tokens=128 us=3419
BATCH stage=decode rows=3 tokens=3 us=1316
BATCH stage=prefill rows=1 tokens=128 us=4147
BATCH stage=decode rows=3 tokens=3 us=1316
BATCH stage=prefill rows=1 tokens=14 us=4840
BATCH stage=decode rows=4 tokens=4 us=1347
BATCH stage=decode rows=4 tokens=4 us=1344
BATCH stage=decode rows=4 tokens=4 us=1333
BATCH stage=decode rows=3 tokens=3 us=1251
BATCH stage=prefill rows=1 tokens=16 us=2289
BATCH stage=decode rows=4 tokens=4 us=1277
BATCH stage=decode rows=4 tokens=4 us=1276
BATCH stage=decode rows=4 tokens=4 us=1274
BATCH stage=decode rows=4 tokens=4 us=1271
BATCH stage=decode rows=4 tokens=4 us=1273
BATCH stage=decode rows=4 tokens=4 us=1267
BATCH stage=decode rows=4 tokens=4 us=1273
BATCH stage=decode rows=4 tokens=4 us=1274
BATCH stage=decode rows=4 tokens=4 us=1270
BATCH stage=decode rows=4 tokens=4 us=1270
BATCH stage=decode rows=4 tokens=4 us=1272
BATCH stage=decode rows=4 tokens=4 us=1322
BATCH stage=decode rows=4 tokens=4 us=1283
BATCH stage=decode rows=4 tokens=4 us=1271
BATCH stage=decode rows=4 tokens=4 us=1276
BATCH stage=decode rows=4 tokens=4 us=1270
BATCH stage=decode rows=4 tokens=4 us=1285
BATCH stage=decode rows=4 tokens=4 us=1279
BATCH stage=decode rows=4 tokens=4 us=1285
BATCH stage=decode rows=4 tokens=4 us=1289
BATCH stage=decode rows=4 tokens=4 us=1280
BATCH stage=decode rows=4 tokens=4 us=1286
BATCH stage=decode rows=4 tokens=4 us=1284
BATCH stage=decode rows=4 tokens=4 us=1282
BATCH stage=decode rows=4 tokens=4 us=1284
BATCH stage=decode rows=4 tokens=4 us=1290
BATCH stage=decode rows=4 tokens=4 us=1286
BATCH stage=decode rows=4 tokens=4 us=1288
BATCH stage=decode rows=4 tokens=4 us=1287
BATCH stage=decode rows=4 tokens=4 us=1281
BATCH stage=decode rows=4 tokens=4 us=1274
BATCH stage=decode rows=3 tokens=3 us=1260
BATCH stage=prefill rows=1 tokens=128 us=2870
BATCH stage=decode rows=4 tokens=4 us=1287
BATCH stage=decode rows=4 tokens=4 us=1291
BATCH stage=decode rows=3 tokens=3 us=1267
BATCH stage=prefill rows=1 tokens=128 us=2838
BATCH stage=decode rows=3 tokens=3 us=1263
BATCH stage=prefill rows=1 tokens=128 us=3420
BATCH stage=decode rows=3 tokens=3 us=1259
BATCH stage=prefill rows=1 tokens=128 us=4144
BATCH stage=decode rows=3 tokens=3 us=1257
BATCH stage=prefill rows=1 tokens=14 us=4841
BATCH stage=decode rows=4 tokens=4 us=1282
BATCH stage=decode rows=4 tokens=4 us=1284
BATCH stage=decode rows=4 tokens=4 us=1279
BATCH stage=decode rows=4 tokens=4 us=1281
BATCH stage=decode rows=4 tokens=4 us=1290
BATCH stage=decode rows=4 tokens=4 us=1288
BATCH stage=decode rows=4 tokens=4 us=1291
BATCH stage=decode rows=4 tokens=4 us=1293
BATCH stage=decode rows=4 tokens=4 us=1297
BATCH stage=decode rows=4 tokens=4 us=1287
BATCH stage=decode rows=4 tokens=4 us=1324
BATCH stage=decode rows=4 tokens=4 us=1332
BATCH stage=decode rows=4 tokens=4 us=1334
BATCH stage=decode rows=4 tokens=4 us=1343
BATCH stage=decode rows=4 tokens=4 us=1341
BATCH stage=decode rows=4 tokens=4 us=1339
BATCH stage=decode rows=4 tokens=4 us=1341
BATCH stage=decode rows=4 tokens=4 us=1338
BATCH stage=decode rows=4 tokens=4 us=1340
BATCH stage=decode rows=4 tokens=4 us=1337
BATCH stage=decode rows=4 tokens=4 us=1339
BATCH stage=decode rows=4 tokens=4 us=1343
BATCH stage=decode rows=4 tokens=4 us=1344
BATCH stage=decode rows=3 tokens=3 us=1252
BATCH stage=prefill rows=1 tokens=16 us=2283
BATCH stage=decode rows=4 tokens=4 us=1275
BATCH stage=decode rows=4 tokens=4 us=1280
BATCH stage=decode rows=4 tokens=4 us=1266
BATCH stage=decode rows=4 tokens=4 us=1271
BATCH stage=decode rows=4 tokens=4 us=1276
BATCH stage=decode rows=4 tokens=4 us=1275
BATCH stage=decode rows=4 tokens=4 us=1272
BATCH stage=decode rows=4 tokens=4 us=1268
BATCH stage=decode rows=4 tokens=4 us=1277
BATCH stage=decode rows=4 tokens=4 us=1271
BATCH stage=decode rows=4 tokens=4 us=1264
BATCH stage=decode rows=4 tokens=4 us=1263
BATCH stage=decode rows=4 tokens=4 us=1274
BATCH stage=decode rows=4 tokens=4 us=1274
BATCH stage=decode rows=4 tokens=4 us=1270
BATCH stage=decode rows=4 tokens=4 us=1275
BATCH stage=decode rows=4 tokens=4 us=1285
BATCH stage=decode rows=4 tokens=4 us=1279
BATCH stage=decode rows=4 tokens=4 us=1271
BATCH stage=decode rows=4 tokens=4 us=1288
BATCH stage=decode rows=4 tokens=4 us=1284
BATCH stage=decode rows=4 tokens=4 us=1288
BATCH stage=decode rows=4 tokens=4 us=1282
BATCH stage=decode rows=4 tokens=4 us=1284
BATCH stage=decode rows=4 tokens=4 us=1279
BATCH stage=decode rows=4 tokens=4 us=1284
BATCH stage=decode rows=4 tokens=4 us=1291
BATCH stage=decode rows=4 tokens=4 us=1279
BATCH stage=decode rows=4 tokens=4 us=1284
BATCH stage=decode rows=4 tokens=4 us=1274
BATCH stage=decode rows=4 tokens=4 us=1286
BATCH stage=decode rows=3 tokens=3 us=1262
BATCH stage=prefill rows=1 tokens=128 us=2864
BATCH stage=decode rows=4 tokens=4 us=1287
BATCH stage=decode rows=3 tokens=3 us=1262
BATCH stage=prefill rows=1 tokens=128 us=2852
BATCH stage=decode rows=3 tokens=3 us=1260
BATCH stage=prefill rows=1 tokens=128 us=3404
BATCH stage=decode rows=3 tokens=3 us=1266
BATCH stage=prefill rows=1 tokens=128 us=4146
BATCH stage=decode rows=3 tokens=3 us=1262
BATCH stage=prefill rows=1 tokens=14 us=4841
BATCH stage=decode rows=4 tokens=4 us=1290
BATCH stage=decode rows=4 tokens=4 us=1280
BATCH stage=decode rows=4 tokens=4 us=1293
BATCH stage=decode rows=4 tokens=4 us=1280
BATCH stage=decode rows=4 tokens=4 us=1289
BATCH stage=decode rows=4 tokens=4 us=1292
BATCH stage=decode rows=4 tokens=4 us=1290
BATCH stage=decode rows=4 tokens=4 us=1291
BATCH stage=decode rows=4 tokens=4 us=1294
BATCH stage=decode rows=4 tokens=4 us=1294
BATCH stage=decode rows=4 tokens=4 us=1283
BATCH stage=decode rows=4 tokens=4 us=1309
BATCH stage=decode rows=4 tokens=4 us=1344
BATCH stage=decode rows=4 tokens=4 us=1343
BATCH stage=decode rows=4 tokens=4 us=1335
BATCH stage=decode rows=4 tokens=4 us=1346
BATCH stage=decode rows=4 tokens=4 us=1334
BATCH stage=decode rows=4 tokens=4 us=1344
BATCH stage=decode rows=4 tokens=4 us=1345
BATCH stage=decode rows=4 tokens=4 us=1345
BATCH stage=decode rows=4 tokens=4 us=1343
BATCH stage=decode rows=4 tokens=4 us=1331
BATCH stage=decode rows=4 tokens=4 us=1333
BATCH stage=decode rows=4 tokens=4 us=1329
BATCH stage=decode rows=3 tokens=3 us=1254
BATCH stage=prefill rows=1 tokens=16 us=2272
BATCH stage=decode rows=4 tokens=4 us=1282
BATCH stage=decode rows=4 tokens=4 us=1271
BATCH stage=decode rows=4 tokens=4 us=1289
BATCH stage=decode rows=4 tokens=4 us=1286
BATCH stage=decode rows=4 tokens=4 us=1278
BATCH stage=decode rows=4 tokens=4 us=1275
BATCH stage=decode rows=4 tokens=4 us=1282
BATCH stage=decode rows=4 tokens=4 us=1284
BATCH stage=decode rows=4 tokens=4 us=1273
BATCH stage=decode rows=4 tokens=4 us=1272
BATCH stage=decode rows=4 tokens=4 us=1270
BATCH stage=decode rows=4 tokens=4 us=1287
BATCH stage=decode rows=4 tokens=4 us=1289
BATCH stage=decode rows=4 tokens=4 us=1289
BATCH stage=decode rows=4 tokens=4 us=1291
BATCH stage=decode rows=4 tokens=4 us=1281
BATCH stage=decode rows=4 tokens=4 us=1289
BATCH stage=decode rows=4 tokens=4 us=1281
BATCH stage=decode rows=4 tokens=4 us=1274
BATCH stage=decode rows=4 tokens=4 us=1283
BATCH stage=decode rows=4 tokens=4 us=1296
BATCH stage=decode rows=4 tokens=4 us=1281
BATCH stage=decode rows=4 tokens=4 us=1281
BATCH stage=decode rows=4 tokens=4 us=1290
BATCH stage=decode rows=4 tokens=4 us=1272
BATCH stage=decode rows=4 tokens=4 us=1277
BATCH stage=decode rows=4 tokens=4 us=1279
BATCH stage=decode rows=4 tokens=4 us=1272
BATCH stage=decode rows=4 tokens=4 us=1313
BATCH stage=decode rows=4 tokens=4 us=1339
BATCH stage=decode rows=4 tokens=4 us=1338
BATCH stage=decode rows=3 tokens=3 us=1307
BATCH stage=prefill rows=1 tokens=128 us=2861
BATCH stage=decode rows=4 tokens=4 us=1345
BATCH stage=decode rows=3 tokens=3 us=1322
BATCH stage=prefill rows=1 tokens=128 us=2845
BATCH stage=decode rows=3 tokens=3 us=1308
BATCH stage=prefill rows=1 tokens=128 us=3419
BATCH stage=decode rows=3 tokens=3 us=1319
BATCH stage=prefill rows=1 tokens=128 us=4139
BATCH stage=decode rows=3 tokens=3 us=1331
BATCH stage=prefill rows=1 tokens=14 us=4843
BATCH stage=decode rows=4 tokens=4 us=1336
BATCH stage=decode rows=4 tokens=4 us=1337
BATCH stage=decode rows=4 tokens=4 us=1339
BATCH stage=decode rows=4 tokens=4 us=1335
BATCH stage=decode rows=3 tokens=3 us=1239
BATCH stage=prefill rows=1 tokens=16 us=2273
BATCH stage=decode rows=4 tokens=4 us=1257
BATCH stage=decode rows=4 tokens=4 us=1268
BATCH stage=decode rows=4 tokens=4 us=1255
BATCH stage=decode rows=4 tokens=4 us=1263
BATCH stage=decode rows=4 tokens=4 us=1274
BATCH stage=decode rows=4 tokens=4 us=1266
BATCH stage=decode rows=4 tokens=4 us=1258
BATCH stage=decode rows=4 tokens=4 us=1274
BATCH stage=decode rows=4 tokens=4 us=1269
BATCH stage=decode rows=4 tokens=4 us=1270
BATCH stage=decode rows=4 tokens=4 us=1260
BATCH stage=decode rows=4 tokens=4 us=1277
BATCH stage=decode rows=4 tokens=4 us=1277
BATCH stage=decode rows=4 tokens=4 us=1276
BATCH stage=decode rows=4 tokens=4 us=1269
BATCH stage=decode rows=4 tokens=4 us=1272
BATCH stage=decode rows=4 tokens=4 us=1274
BATCH stage=decode rows=4 tokens=4 us=1273
BATCH stage=decode rows=4 tokens=4 us=1272
BATCH stage=decode rows=4 tokens=4 us=1272
BATCH stage=decode rows=4 tokens=4 us=1273
BATCH stage=decode rows=4 tokens=4 us=1282
BATCH stage=decode rows=4 tokens=4 us=1288
BATCH stage=decode rows=4 tokens=4 us=1280
BATCH stage=decode rows=4 tokens=4 us=1277
BATCH stage=decode rows=4 tokens=4 us=1268
BATCH stage=decode rows=4 tokens=4 us=1278
BATCH stage=decode rows=4 tokens=4 us=1284
BATCH stage=decode rows=4 tokens=4 us=1269
BATCH stage=decode rows=4 tokens=4 us=1284
BATCH stage=decode rows=4 tokens=4 us=1269
BATCH stage=decode rows=3 tokens=3 us=1251
BATCH stage=prefill rows=1 tokens=128 us=2854
BATCH stage=decode rows=4 tokens=4 us=1279
BATCH stage=decode rows=4 tokens=4 us=1274
BATCH stage=decode rows=4 tokens=4 us=1280
BATCH stage=decode rows=4 tokens=4 us=1277
BATCH stage=decode rows=4 tokens=4 us=1274
BATCH stage=decode rows=4 tokens=4 us=1291
BATCH stage=decode rows=4 tokens=4 us=1276
BATCH stage=decode rows=4 tokens=4 us=1281
BATCH stage=decode rows=4 tokens=4 us=1271
BATCH stage=decode rows=4 tokens=4 us=1293
BATCH stage=decode rows=4 tokens=4 us=1278
BATCH stage=decode rows=4 tokens=4 us=1279
BATCH stage=decode rows=4 tokens=4 us=1281
BATCH stage=decode rows=4 tokens=4 us=1283
BATCH stage=decode rows=4 tokens=4 us=1270
BATCH stage=decode rows=4 tokens=4 us=1322
BATCH stage=decode rows=4 tokens=4 us=1332
BATCH stage=decode rows=4 tokens=4 us=1337
BATCH stage=decode rows=4 tokens=4 us=1326
BATCH stage=decode rows=4 tokens=4 us=1332
BATCH stage=decode rows=4 tokens=4 us=1343
BATCH stage=decode rows=3 tokens=3 us=1308
BATCH stage=prefill rows=1 tokens=128 us=2847
BATCH stage=decode rows=3 tokens=3 us=1305
BATCH stage=prefill rows=1 tokens=128 us=3411
BATCH stage=decode rows=3 tokens=3 us=1322
BATCH stage=prefill rows=1 tokens=128 us=4130
BATCH stage=decode rows=3 tokens=3 us=1316
BATCH stage=prefill rows=1 tokens=14 us=4841
BATCH stage=decode rows=4 tokens=4 us=1339
BATCH stage=decode rows=4 tokens=4 us=1343
BATCH stage=decode rows=4 tokens=4 us=1341
BATCH stage=decode rows=3 tokens=3 us=1253
BATCH stage=prefill rows=1 tokens=16 us=2284
BATCH stage=decode rows=4 tokens=4 us=1272
BATCH stage=decode rows=4 tokens=4 us=1269
BATCH stage=decode rows=4 tokens=4 us=1276
BATCH stage=decode rows=4 tokens=4 us=1277
BATCH stage=decode rows=4 tokens=4 us=1268
BATCH stage=decode rows=4 tokens=4 us=1274
BATCH stage=decode rows=4 tokens=4 us=1277
BATCH stage=decode rows=4 tokens=4 us=1278
BATCH stage=decode rows=4 tokens=4 us=1275
BATCH stage=decode rows=4 tokens=4 us=1269
BATCH stage=decode rows=4 tokens=4 us=1281
BATCH stage=decode rows=4 tokens=4 us=1275
BATCH stage=decode rows=4 tokens=4 us=1277
BATCH stage=decode rows=4 tokens=4 us=1273
BATCH stage=decode rows=4 tokens=4 us=1274
BATCH stage=decode rows=4 tokens=4 us=1278
BATCH stage=decode rows=4 tokens=4 us=1285
BATCH stage=decode rows=4 tokens=4 us=1285
BATCH stage=decode rows=4 tokens=4 us=1289
BATCH stage=decode rows=4 tokens=4 us=1288
BATCH stage=decode rows=4 tokens=4 us=1288
BATCH stage=decode rows=4 tokens=4 us=1284
BATCH stage=decode rows=4 tokens=4 us=1280
BATCH stage=decode rows=4 tokens=4 us=1281
BATCH stage=decode rows=4 tokens=4 us=1282
BATCH stage=decode rows=4 tokens=4 us=1289
BATCH stage=decode rows=4 tokens=4 us=1291
BATCH stage=decode rows=4 tokens=4 us=1286
BATCH stage=decode rows=4 tokens=4 us=1286
BATCH stage=decode rows=4 tokens=4 us=1286
BATCH stage=decode rows=4 tokens=4 us=1285
BATCH stage=decode rows=3 tokens=3 us=1269
BATCH stage=prefill rows=1 tokens=128 us=2866
BATCH stage=decode rows=4 tokens=4 us=1288
BATCH stage=decode rows=4 tokens=4 us=1277
BATCH stage=decode rows=3 tokens=3 us=1266
BATCH stage=prefill rows=1 tokens=128 us=2841
BATCH stage=decode rows=3 tokens=3 us=1265
BATCH stage=prefill rows=1 tokens=128 us=3400
BATCH stage=decode rows=3 tokens=3 us=1263
BATCH stage=prefill rows=1 tokens=128 us=4141
BATCH stage=decode rows=3 tokens=3 us=1244
BATCH stage=prefill rows=1 tokens=14 us=4844
BATCH stage=decode rows=4 tokens=4 us=1275
BATCH stage=decode rows=4 tokens=4 us=1282
BATCH stage=decode rows=4 tokens=4 us=1293
BATCH stage=decode rows=4 tokens=4 us=1292
BATCH stage=decode rows=4 tokens=4 us=1289
BATCH stage=decode rows=4 tokens=4 us=1286
BATCH stage=decode rows=4 tokens=4 us=1277
BATCH stage=decode rows=4 tokens=4 us=1292
BATCH stage=decode rows=4 tokens=4 us=1298
BATCH stage=decode rows=4 tokens=4 us=1282
BATCH stage=decode rows=4 tokens=4 us=1327
BATCH stage=decode rows=4 tokens=4 us=1343
BATCH stage=decode rows=4 tokens=4 us=1341
BATCH stage=decode rows=4 tokens=4 us=1341
BATCH stage=decode rows=4 tokens=4 us=1348
BATCH stage=decode rows=4 tokens=4 us=1347
BATCH stage=decode rows=4 tokens=4 us=1342
BATCH stage=decode rows=4 tokens=4 us=1346
BATCH stage=decode rows=4 tokens=4 us=1351
BATCH stage=decode rows=4 tokens=4 us=1339
BATCH stage=decode rows=4 tokens=4 us=1345
BATCH stage=decode rows=4 tokens=4 us=1349
BATCH stage=decode rows=4 tokens=4 us=1345
BATCH stage=decode rows=3 tokens=3 us=1301
BATCH stage=prefill rows=1 tokens=16 us=2296
BATCH stage=decode rows=4 tokens=4 us=1277
BATCH stage=decode rows=4 tokens=4 us=1274
BATCH stage=decode rows=4 tokens=4 us=1277
BATCH stage=decode rows=4 tokens=4 us=1279
BATCH stage=decode rows=4 tokens=4 us=1270
BATCH stage=decode rows=4 tokens=4 us=1270
BATCH stage=decode rows=4 tokens=4 us=1272
BATCH stage=decode rows=4 tokens=4 us=1277
BATCH stage=decode rows=4 tokens=4 us=1260
BATCH stage=decode rows=4 tokens=4 us=1275
BATCH stage=decode rows=4 tokens=4 us=1276
BATCH stage=decode rows=4 tokens=4 us=1273
BATCH stage=decode rows=4 tokens=4 us=1282
BATCH stage=decode rows=4 tokens=4 us=1272
BATCH stage=decode rows=4 tokens=4 us=1279
BATCH stage=decode rows=4 tokens=4 us=1274
BATCH stage=decode rows=4 tokens=4 us=1283
BATCH stage=decode rows=4 tokens=4 us=1282
BATCH stage=decode rows=4 tokens=4 us=1288
BATCH stage=decode rows=4 tokens=4 us=1284
BATCH stage=decode rows=4 tokens=4 us=1276
BATCH stage=decode rows=4 tokens=4 us=1288
BATCH stage=decode rows=4 tokens=4 us=1288
BATCH stage=decode rows=4 tokens=4 us=1289
BATCH stage=decode rows=4 tokens=4 us=1284
BATCH stage=decode rows=4 tokens=4 us=1293
BATCH stage=decode rows=4 tokens=4 us=1289
BATCH stage=decode rows=4 tokens=4 us=1293
BATCH stage=decode rows=4 tokens=4 us=1283
BATCH stage=decode rows=4 tokens=4 us=1287
BATCH stage=decode rows=4 tokens=4 us=1273
BATCH stage=decode rows=3 tokens=3 us=1261
BATCH stage=prefill rows=1 tokens=128 us=2877
BATCH stage=decode rows=4 tokens=4 us=1294
BATCH stage=decode rows=3 tokens=3 us=1253
BATCH stage=prefill rows=1 tokens=128 us=2842
BATCH stage=decode rows=3 tokens=3 us=1271
BATCH stage=prefill rows=1 tokens=128 us=3401
BATCH stage=decode rows=3 tokens=3 us=1262
BATCH stage=prefill rows=1 tokens=128 us=4153
BATCH stage=decode rows=3 tokens=3 us=1249
BATCH stage=prefill rows=1 tokens=14 us=4844
BATCH stage=decode rows=4 tokens=4 us=1282
BATCH stage=decode rows=4 tokens=4 us=1283
BATCH stage=decode rows=4 tokens=4 us=1294
BATCH stage=decode rows=4 tokens=4 us=1298
BATCH stage=decode rows=4 tokens=4 us=1292
BATCH stage=decode rows=4 tokens=4 us=1296
BATCH stage=decode rows=4 tokens=4 us=1295
BATCH stage=decode rows=4 tokens=4 us=1294
BATCH stage=decode rows=4 tokens=4 us=1285
BATCH stage=decode rows=4 tokens=4 us=1295
BATCH stage=decode rows=4 tokens=4 us=1287
BATCH stage=decode rows=4 tokens=4 us=1325
BATCH stage=decode rows=4 tokens=4 us=1341
BATCH stage=decode rows=4 tokens=4 us=1338
BATCH stage=decode rows=4 tokens=4 us=1342
BATCH stage=decode rows=4 tokens=4 us=1336
BATCH stage=decode rows=4 tokens=4 us=1337
BATCH stage=decode rows=4 tokens=4 us=1343
BATCH stage=decode rows=4 tokens=4 us=1343
BATCH stage=decode rows=4 tokens=4 us=1346
BATCH stage=decode rows=4 tokens=4 us=1342
BATCH stage=decode rows=4 tokens=4 us=1348
BATCH stage=decode rows=4 tokens=4 us=1347
BATCH stage=decode rows=4 tokens=4 us=1344
BATCH stage=decode rows=3 tokens=3 us=1266
BATCH stage=prefill rows=1 tokens=16 us=2289
BATCH stage=decode rows=4 tokens=4 us=1283
BATCH stage=decode rows=4 tokens=4 us=1289
BATCH stage=decode rows=4 tokens=4 us=1286
BATCH stage=decode rows=4 tokens=4 us=1283
BATCH stage=decode rows=4 tokens=4 us=1281
BATCH stage=decode rows=4 tokens=4 us=1284
BATCH stage=decode rows=4 tokens=4 us=1273
BATCH stage=decode rows=4 tokens=4 us=1274
BATCH stage=decode rows=4 tokens=4 us=1284
BATCH stage=decode rows=4 tokens=4 us=1285
BATCH stage=decode rows=4 tokens=4 us=1288
BATCH stage=decode rows=4 tokens=4 us=1282
BATCH stage=decode rows=4 tokens=4 us=1290
BATCH stage=decode rows=4 tokens=4 us=1286
BATCH stage=decode rows=4 tokens=4 us=1282
BATCH stage=decode rows=4 tokens=4 us=1282
BATCH stage=decode rows=4 tokens=4 us=1284
BATCH stage=decode rows=4 tokens=4 us=1273
BATCH stage=decode rows=4 tokens=4 us=1283
BATCH stage=decode rows=4 tokens=4 us=1284
BATCH stage=decode rows=4 tokens=4 us=1278
BATCH stage=decode rows=4 tokens=4 us=1276
BATCH stage=decode rows=4 tokens=4 us=1281
BATCH stage=decode rows=4 tokens=4 us=1279
BATCH stage=decode rows=4 tokens=4 us=1284
BATCH stage=decode rows=4 tokens=4 us=1288
BATCH stage=decode rows=4 tokens=4 us=1279
BATCH stage=decode rows=4 tokens=4 us=1269
BATCH stage=decode rows=4 tokens=4 us=1313
BATCH stage=decode rows=4 tokens=4 us=1329
BATCH stage=decode rows=4 tokens=4 us=1322
BATCH stage=decode rows=3 tokens=3 us=1303
BATCH stage=prefill rows=1 tokens=128 us=2877
BATCH stage=decode rows=4 tokens=4 us=1335
BATCH stage=decode rows=3 tokens=3 us=1311
BATCH stage=prefill rows=1 tokens=128 us=2852
BATCH stage=decode rows=3 tokens=3 us=1306
BATCH stage=prefill rows=1 tokens=128 us=3397
BATCH stage=decode rows=3 tokens=3 us=1316
BATCH stage=prefill rows=1 tokens=128 us=4138
BATCH stage=decode rows=3 tokens=3 us=1309
BATCH stage=prefill rows=1 tokens=14 us=4839
BATCH stage=decode rows=4 tokens=4 us=1329
BATCH stage=decode rows=4 tokens=4 us=1331
BATCH stage=decode rows=4 tokens=4 us=1340
BATCH stage=decode rows=4 tokens=4 us=1331
BATCH stage=decode rows=3 tokens=3 us=1234
BATCH stage=prefill rows=1 tokens=16 us=2279
BATCH stage=decode rows=4 tokens=4 us=1257
BATCH stage=decode rows=4 tokens=4 us=1258
BATCH stage=decode rows=4 tokens=4 us=1263
BATCH stage=decode rows=4 tokens=4 us=1267
BATCH stage=decode rows=4 tokens=4 us=1265
BATCH stage=decode rows=4 tokens=4 us=1258
BATCH stage=decode rows=4 tokens=4 us=1263
BATCH stage=decode rows=4 tokens=4 us=1257
BATCH stage=decode rows=4 tokens=4 us=1257
BATCH stage=decode rows=4 tokens=4 us=1263
BATCH stage=decode rows=4 tokens=4 us=1256
BATCH stage=decode rows=4 tokens=4 us=1259
BATCH stage=decode rows=4 tokens=4 us=1264
BATCH stage=decode rows=4 tokens=4 us=1264
BATCH stage=decode rows=4 tokens=4 us=1263
BATCH stage=decode rows=4 tokens=4 us=1268
BATCH stage=decode rows=4 tokens=4 us=1273
BATCH stage=decode rows=4 tokens=4 us=1276
BATCH stage=decode rows=4 tokens=4 us=1274
BATCH stage=decode rows=4 tokens=4 us=1280
BATCH stage=decode rows=4 tokens=4 us=1269
BATCH stage=decode rows=4 tokens=4 us=1277
BATCH stage=decode rows=4 tokens=4 us=1276
BATCH stage=decode rows=4 tokens=4 us=1275
BATCH stage=decode rows=4 tokens=4 us=1277
BATCH stage=decode rows=4 tokens=4 us=1269
BATCH stage=decode rows=4 tokens=4 us=1274
BATCH stage=decode rows=4 tokens=4 us=1280
BATCH stage=decode rows=4 tokens=4 us=1278
BATCH stage=decode rows=4 tokens=4 us=1271
BATCH stage=decode rows=4 tokens=4 us=1276
BATCH stage=decode rows=3 tokens=3 us=1256
BATCH stage=prefill rows=1 tokens=128 us=2870
BATCH stage=decode rows=4 tokens=4 us=1282
BATCH stage=decode rows=4 tokens=4 us=1281
BATCH stage=decode rows=4 tokens=4 us=1276
BATCH stage=decode rows=4 tokens=4 us=1279
BATCH stage=decode rows=4 tokens=4 us=1272
BATCH stage=decode rows=4 tokens=4 us=1276
BATCH stage=decode rows=4 tokens=4 us=1277
BATCH stage=decode rows=4 tokens=4 us=1280
BATCH stage=decode rows=4 tokens=4 us=1272
BATCH stage=decode rows=4 tokens=4 us=1270
BATCH stage=decode rows=4 tokens=4 us=1273
BATCH stage=decode rows=4 tokens=4 us=1280
BATCH stage=decode rows=4 tokens=4 us=1282
BATCH stage=decode rows=4 tokens=4 us=1285
BATCH stage=decode rows=4 tokens=4 us=1265
BATCH stage=decode rows=4 tokens=4 us=1316
BATCH stage=decode rows=4 tokens=4 us=1331
BATCH stage=decode rows=4 tokens=4 us=1325
BATCH stage=decode rows=4 tokens=4 us=1322
BATCH stage=decode rows=4 tokens=4 us=1333
BATCH stage=decode rows=4 tokens=4 us=1330
BATCH stage=decode rows=3 tokens=3 us=1305
BATCH stage=prefill rows=1 tokens=128 us=2849
BATCH stage=decode rows=3 tokens=3 us=1307
BATCH stage=prefill rows=1 tokens=128 us=3405
BATCH stage=decode rows=3 tokens=3 us=1301
BATCH stage=prefill rows=1 tokens=128 us=4134
BATCH stage=decode rows=3 tokens=3 us=1317
BATCH stage=prefill rows=1 tokens=14 us=4839
BATCH stage=decode rows=4 tokens=4 us=1338
BATCH stage=decode rows=4 tokens=4 us=1335
BATCH stage=decode rows=4 tokens=4 us=1342
BATCH stage=decode rows=3 tokens=3 us=1241
BATCH stage=prefill rows=1 tokens=16 us=2287
BATCH stage=decode rows=4 tokens=4 us=1265
BATCH stage=decode rows=4 tokens=4 us=1264
BATCH stage=decode rows=4 tokens=4 us=1263
BATCH stage=decode rows=4 tokens=4 us=1266
BATCH stage=decode rows=4 tokens=4 us=1259
BATCH stage=decode rows=4 tokens=4 us=1262
BATCH stage=decode rows=4 tokens=4 us=1264
BATCH stage=decode rows=4 tokens=4 us=1273
BATCH stage=decode rows=4 tokens=4 us=1274
BATCH stage=decode rows=4 tokens=4 us=1279
BATCH stage=decode rows=4 tokens=4 us=1274
BATCH stage=decode rows=4 tokens=4 us=1269
BATCH stage=decode rows=4 tokens=4 us=1259
BATCH stage=decode rows=4 tokens=4 us=1267
BATCH stage=decode rows=4 tokens=4 us=1276
BATCH stage=decode rows=4 tokens=4 us=1268
BATCH stage=decode rows=4 tokens=4 us=1276
BATCH stage=decode rows=4 tokens=4 us=1281
BATCH stage=decode rows=4 tokens=4 us=1284
BATCH stage=decode rows=4 tokens=4 us=1276
BATCH stage=decode rows=4 tokens=4 us=1274
BATCH stage=decode rows=4 tokens=4 us=1279
BATCH stage=decode rows=4 tokens=4 us=1279
BATCH stage=decode rows=4 tokens=4 us=1282
BATCH stage=decode rows=4 tokens=4 us=1274
BATCH stage=decode rows=4 tokens=4 us=1270
BATCH stage=decode rows=4 tokens=4 us=1286
BATCH stage=decode rows=4 tokens=4 us=1274
BATCH stage=decode rows=4 tokens=4 us=1286
BATCH stage=decode rows=4 tokens=4 us=1272
BATCH stage=decode rows=4 tokens=4 us=1284
BATCH stage=decode rows=3 tokens=3 us=1259
BATCH stage=prefill rows=1 tokens=128 us=2866
BATCH stage=decode rows=4 tokens=4 us=1291
BATCH stage=decode rows=4 tokens=4 us=1283
BATCH stage=decode rows=3 tokens=3 us=1257
BATCH stage=prefill rows=1 tokens=128 us=2848
BATCH stage=decode rows=3 tokens=3 us=1259
BATCH stage=prefill rows=1 tokens=128 us=3402
BATCH stage=decode rows=3 tokens=3 us=1251
BATCH stage=prefill rows=1 tokens=128 us=4126
BATCH stage=decode rows=3 tokens=3 us=1255
BATCH stage=prefill rows=1 tokens=14 us=4844
BATCH stage=decode rows=4 tokens=4 us=1286
BATCH stage=decode rows=4 tokens=4 us=1289
BATCH stage=decode rows=4 tokens=4 us=1276
BATCH stage=decode rows=4 tokens=4 us=1279
BATCH stage=decode rows=4 tokens=4 us=1282
BATCH stage=decode rows=4 tokens=4 us=1284
BATCH stage=decode rows=4 tokens=4 us=1286
BATCH stage=decode rows=4 tokens=4 us=1276
BATCH stage=decode rows=4 tokens=4 us=1280
BATCH stage=decode rows=4 tokens=4 us=1278
BATCH stage=decode rows=4 tokens=4 us=1310
BATCH stage=decode rows=4 tokens=4 us=1325
BATCH stage=decode rows=4 tokens=4 us=1339
BATCH stage=decode rows=4 tokens=4 us=1330
BATCH stage=decode rows=4 tokens=4 us=1328
BATCH stage=decode rows=4 tokens=4 us=1337
BATCH stage=decode rows=4 tokens=4 us=1326
BATCH stage=decode rows=4 tokens=4 us=1347
BATCH stage=decode rows=4 tokens=4 us=1333
BATCH stage=decode rows=4 tokens=4 us=1329
BATCH stage=decode rows=4 tokens=4 us=1334
BATCH stage=decode rows=4 tokens=4 us=1330
BATCH stage=decode rows=4 tokens=4 us=1329
BATCH stage=decode rows=3 tokens=3 us=1236
BATCH stage=prefill rows=1 tokens=16 us=2286
BATCH stage=decode rows=4 tokens=4 us=1263
BATCH stage=decode rows=4 tokens=4 us=1261
BATCH stage=decode rows=4 tokens=4 us=1263
BATCH stage=decode rows=4 tokens=4 us=1267
BATCH stage=decode rows=4 tokens=4 us=1259
BATCH stage=decode rows=4 tokens=4 us=1263
BATCH stage=decode rows=4 tokens=4 us=1268
BATCH stage=decode rows=4 tokens=4 us=1258
BATCH stage=decode rows=4 tokens=4 us=1254
BATCH stage=decode rows=4 tokens=4 us=1260
BATCH stage=decode rows=4 tokens=4 us=1265
BATCH stage=decode rows=4 tokens=4 us=1269
BATCH stage=decode rows=4 tokens=4 us=1266
BATCH stage=decode rows=4 tokens=4 us=1267
BATCH stage=decode rows=4 tokens=4 us=1264
BATCH stage=decode rows=4 tokens=4 us=1264
BATCH stage=decode rows=4 tokens=4 us=1274
BATCH stage=decode rows=4 tokens=4 us=1271
BATCH stage=decode rows=4 tokens=4 us=1274
BATCH stage=decode rows=4 tokens=4 us=1284
BATCH stage=decode rows=4 tokens=4 us=1274
BATCH stage=decode rows=4 tokens=4 us=1280
BATCH stage=decode rows=4 tokens=4 us=1284
BATCH stage=decode rows=4 tokens=4 us=1276
BATCH stage=decode rows=4 tokens=4 us=1282
BATCH stage=decode rows=4 tokens=4 us=1274
BATCH stage=decode rows=4 tokens=4 us=1271
BATCH stage=decode rows=4 tokens=4 us=1271
BATCH stage=decode rows=4 tokens=4 us=1277
BATCH stage=decode rows=4 tokens=4 us=1268
BATCH stage=decode rows=4 tokens=4 us=1277
BATCH stage=decode rows=3 tokens=3 us=1252
BATCH stage=prefill rows=1 tokens=128 us=2870
BATCH stage=decode rows=4 tokens=4 us=1278
BATCH stage=decode rows=3 tokens=3 us=1257
BATCH stage=prefill rows=1 tokens=128 us=2839
BATCH stage=decode rows=3 tokens=3 us=1262
BATCH stage=prefill rows=1 tokens=128 us=3417
BATCH stage=decode rows=3 tokens=3 us=1258
BATCH stage=prefill rows=1 tokens=128 us=4170
BATCH stage=decode rows=3 tokens=3 us=1255
BATCH stage=prefill rows=1 tokens=14 us=4841
BATCH stage=decode rows=4 tokens=4 us=1279
BATCH stage=decode rows=4 tokens=4 us=1279
BATCH stage=decode rows=4 tokens=4 us=1276
BATCH stage=decode rows=4 tokens=4 us=1278
BATCH stage=decode rows=4 tokens=4 us=1282
BATCH stage=decode rows=4 tokens=4 us=1285
BATCH stage=decode rows=4 tokens=4 us=1281
BATCH stage=decode rows=4 tokens=4 us=1281
BATCH stage=decode rows=4 tokens=4 us=1279
BATCH stage=decode rows=4 tokens=4 us=1282
BATCH stage=decode rows=4 tokens=4 us=1276
BATCH stage=decode rows=4 tokens=4 us=1326
BATCH stage=decode rows=4 tokens=4 us=1324
BATCH stage=decode rows=4 tokens=4 us=1328
BATCH stage=decode rows=4 tokens=4 us=1339
BATCH stage=decode rows=4 tokens=4 us=1323
BATCH stage=decode rows=4 tokens=4 us=1326
BATCH stage=decode rows=4 tokens=4 us=1332
BATCH stage=decode rows=4 tokens=4 us=1341
BATCH stage=decode rows=4 tokens=4 us=1334
BATCH stage=decode rows=4 tokens=4 us=1339
BATCH stage=decode rows=4 tokens=4 us=1338
BATCH stage=decode rows=4 tokens=4 us=1330
BATCH stage=decode rows=4 tokens=4 us=1332
BATCH stage=decode rows=3 tokens=3 us=1249
BATCH stage=prefill rows=1 tokens=16 us=2274
BATCH stage=decode rows=4 tokens=4 us=1277
BATCH stage=decode rows=4 tokens=4 us=1289
BATCH stage=decode rows=4 tokens=4 us=1282
BATCH stage=decode rows=4 tokens=4 us=1284
BATCH stage=decode rows=4 tokens=4 us=1287
BATCH stage=decode rows=4 tokens=4 us=1288
BATCH stage=decode rows=4 tokens=4 us=1275
BATCH stage=decode rows=4 tokens=4 us=1276
BATCH stage=decode rows=4 tokens=4 us=1287
BATCH stage=decode rows=4 tokens=4 us=1281
BATCH stage=decode rows=4 tokens=4 us=1286
BATCH stage=decode rows=4 tokens=4 us=1273
BATCH stage=decode rows=4 tokens=4 us=1275
BATCH stage=decode rows=4 tokens=4 us=1282
BATCH stage=decode rows=4 tokens=4 us=1274
BATCH stage=decode rows=4 tokens=4 us=1283
BATCH stage=decode rows=4 tokens=4 us=1289
BATCH stage=decode rows=4 tokens=4 us=1277
BATCH stage=decode rows=4 tokens=4 us=1278
BATCH stage=decode rows=4 tokens=4 us=1281
BATCH stage=decode rows=4 tokens=4 us=1286
BATCH stage=decode rows=4 tokens=4 us=1279
BATCH stage=decode rows=4 tokens=4 us=1274
BATCH stage=decode rows=4 tokens=4 us=1276
BATCH stage=decode rows=4 tokens=4 us=1283
BATCH stage=decode rows=4 tokens=4 us=1281
BATCH stage=decode rows=4 tokens=4 us=1274
BATCH stage=decode rows=4 tokens=4 us=1269
BATCH stage=decode rows=4 tokens=4 us=1311
BATCH stage=decode rows=4 tokens=4 us=1337
BATCH stage=decode rows=4 tokens=4 us=1324
BATCH stage=decode rows=3 tokens=3 us=1309
BATCH stage=prefill rows=1 tokens=128 us=2858
BATCH stage=decode rows=4 tokens=4 us=1337
BATCH stage=decode rows=3 tokens=3 us=1307
BATCH stage=prefill rows=1 tokens=128 us=2853
BATCH stage=decode rows=3 tokens=3 us=1305
BATCH stage=prefill rows=1 tokens=128 us=3404
BATCH stage=decode rows=3 tokens=3 us=1311
BATCH stage=prefill rows=1 tokens=128 us=4147
BATCH stage=decode rows=3 tokens=3 us=1307
BATCH stage=prefill rows=1 tokens=14 us=4848
BATCH stage=decode rows=4 tokens=4 us=1326
BATCH stage=decode rows=4 tokens=4 us=1346
BATCH stage=decode rows=4 tokens=4 us=1336
BATCH stage=decode rows=4 tokens=4 us=1336
BATCH stage=decode rows=3 tokens=3 us=1247
BATCH stage=prefill rows=1 tokens=16 us=2288
BATCH stage=decode rows=4 tokens=4 us=1274
BATCH stage=decode rows=4 tokens=4 us=1258
BATCH stage=decode rows=4 tokens=4 us=1271
BATCH stage=decode rows=4 tokens=4 us=1259
BATCH stage=decode rows=4 tokens=4 us=1267
BATCH stage=decode rows=4 tokens=4 us=1261
BATCH stage=decode rows=4 tokens=4 us=1273
BATCH stage=decode rows=4 tokens=4 us=1274
BATCH stage=decode rows=4 tokens=4 us=1266
BATCH stage=decode rows=4 tokens=4 us=1262
BATCH stage=decode rows=4 tokens=4 us=1262
BATCH stage=decode rows=4 tokens=4 us=1266
BATCH stage=decode rows=4 tokens=4 us=1269
BATCH stage=decode rows=4 tokens=4 us=1269
BATCH stage=decode rows=4 tokens=4 us=1267
BATCH stage=decode rows=4 tokens=4 us=1274
BATCH stage=decode rows=4 tokens=4 us=1275
BATCH stage=decode rows=4 tokens=4 us=1280
BATCH stage=decode rows=4 tokens=4 us=1274
BATCH stage=decode rows=4 tokens=4 us=1270
BATCH stage=decode rows=4 tokens=4 us=1271
BATCH stage=decode rows=4 tokens=4 us=1270
BATCH stage=decode rows=4 tokens=4 us=1270
BATCH stage=decode rows=4 tokens=4 us=1274
BATCH stage=decode rows=4 tokens=4 us=1289
BATCH stage=decode rows=4 tokens=4 us=1274
BATCH stage=decode rows=4 tokens=4 us=1279
BATCH stage=decode rows=4 tokens=4 us=1284
BATCH stage=decode rows=4 tokens=4 us=1278
BATCH stage=decode rows=4 tokens=4 us=1282
BATCH stage=decode rows=4 tokens=4 us=1282
BATCH stage=decode rows=3 tokens=3 us=1257
BATCH stage=prefill rows=1 tokens=128 us=2855
BATCH stage=decode rows=4 tokens=4 us=1283
BATCH stage=decode rows=4 tokens=4 us=1277
BATCH stage=decode rows=4 tokens=4 us=1282
BATCH stage=decode rows=4 tokens=4 us=1288
BATCH stage=decode rows=4 tokens=4 us=1278
BATCH stage=decode rows=4 tokens=4 us=1281
BATCH stage=decode rows=4 tokens=4 us=1275
BATCH stage=decode rows=4 tokens=4 us=1279
BATCH stage=decode rows=4 tokens=4 us=1288
BATCH stage=decode rows=4 tokens=4 us=1283
BATCH stage=decode rows=4 tokens=4 us=1283
BATCH stage=decode rows=4 tokens=4 us=1274
BATCH stage=decode rows=4 tokens=4 us=1290
BATCH stage=decode rows=4 tokens=4 us=1276
BATCH stage=decode rows=4 tokens=4 us=1274
BATCH stage=decode rows=4 tokens=4 us=1305
BATCH stage=decode rows=4 tokens=4 us=1328
BATCH stage=decode rows=4 tokens=4 us=1337
BATCH stage=decode rows=4 tokens=4 us=1327
BATCH stage=decode rows=4 tokens=4 us=1339
BATCH stage=decode rows=4 tokens=4 us=1324
BATCH stage=decode rows=3 tokens=3 us=1310
BATCH stage=prefill rows=1 tokens=128 us=2849
BATCH stage=decode rows=3 tokens=3 us=1315
BATCH stage=prefill rows=1 tokens=128 us=3401
BATCH stage=decode rows=3 tokens=3 us=1309
BATCH stage=prefill rows=1 tokens=128 us=4125
BATCH stage=decode rows=3 tokens=3 us=1312
BATCH stage=prefill rows=1 tokens=14 us=4840
BATCH stage=decode rows=4 tokens=4 us=1330
BATCH stage=decode rows=4 tokens=4 us=1327
BATCH stage=decode rows=4 tokens=4 us=1331
BATCH stage=decode rows=3 tokens=3 us=1240
BATCH stage=prefill rows=1 tokens=16 us=2274
BATCH stage=decode rows=4 tokens=4 us=1257
BATCH stage=decode rows=4 tokens=4 us=1261
BATCH stage=decode rows=4 tokens=4 us=1263
BATCH stage=decode rows=4 tokens=4 us=1258
BATCH stage=decode rows=4 tokens=4 us=1269
BATCH stage=decode rows=4 tokens=4 us=1262
BATCH stage=decode rows=4 tokens=4 us=1254
BATCH stage=decode rows=4 tokens=4 us=1268
BATCH stage=decode rows=4 tokens=4 us=1252
BATCH stage=decode rows=4 tokens=4 us=1258
BATCH stage=decode rows=4 tokens=4 us=1264
BATCH stage=decode rows=4 tokens=4 us=1263
BATCH stage=decode rows=4 tokens=4 us=1260
BATCH stage=decode rows=4 tokens=4 us=1255
BATCH stage=decode rows=4 tokens=4 us=1264
BATCH stage=decode rows=4 tokens=4 us=1261
BATCH stage=decode rows=4 tokens=4 us=1270
BATCH stage=decode rows=4 tokens=4 us=1273
BATCH stage=decode rows=4 tokens=4 us=1286
BATCH stage=decode rows=4 tokens=4 us=1279
BATCH stage=decode rows=4 tokens=4 us=1278
BATCH stage=decode rows=4 tokens=4 us=1286
BATCH stage=decode rows=4 tokens=4 us=1273
BATCH stage=decode rows=4 tokens=4 us=1275
BATCH stage=decode rows=4 tokens=4 us=1272
BATCH stage=decode rows=4 tokens=4 us=1280
BATCH stage=decode rows=4 tokens=4 us=1272
BATCH stage=decode rows=4 tokens=4 us=1269
BATCH stage=decode rows=4 tokens=4 us=1280
BATCH stage=decode rows=4 tokens=4 us=1283
BATCH stage=decode rows=4 tokens=4 us=1268
BATCH stage=decode rows=3 tokens=3 us=1252
BATCH stage=prefill rows=1 tokens=128 us=2855
BATCH stage=decode rows=4 tokens=4 us=1280
BATCH stage=decode rows=4 tokens=4 us=1287
BATCH stage=decode rows=3 tokens=3 us=1252
BATCH stage=prefill rows=1 tokens=128 us=2843
BATCH stage=decode rows=3 tokens=3 us=1257
BATCH stage=prefill rows=1 tokens=128 us=3393
BATCH stage=decode rows=3 tokens=3 us=1251
BATCH stage=prefill rows=1 tokens=128 us=4123
BATCH stage=decode rows=3 tokens=3 us=1252
BATCH stage=prefill rows=1 tokens=14 us=4848
BATCH stage=decode rows=4 tokens=4 us=1280
BATCH stage=decode rows=4 tokens=4 us=1285
BATCH stage=decode rows=4 tokens=4 us=1285
BATCH stage=decode rows=4 tokens=4 us=1278
BATCH stage=decode rows=4 tokens=4 us=1279
BATCH stage=decode rows=4 tokens=4 us=1286
BATCH stage=decode rows=4 tokens=4 us=1282
BATCH stage=decode rows=4 tokens=4 us=1284
BATCH stage=decode rows=4 tokens=4 us=1276
BATCH stage=decode rows=4 tokens=4 us=1271
BATCH stage=decode rows=4 tokens=4 us=1323
BATCH stage=decode rows=4 tokens=4 us=1325
BATCH stage=decode rows=4 tokens=4 us=1331
BATCH stage=decode rows=4 tokens=4 us=1326
BATCH stage=decode rows=4 tokens=4 us=1330
BATCH stage=decode rows=4 tokens=4 us=1333
BATCH stage=decode rows=4 tokens=4 us=1326
BATCH stage=decode rows=4 tokens=4 us=1330
BATCH stage=decode rows=4 tokens=4 us=1335
BATCH stage=decode rows=4 tokens=4 us=1332
BATCH stage=decode rows=4 tokens=4 us=1335
BATCH stage=decode rows=4 tokens=4 us=1336
BATCH stage=decode rows=4 tokens=4 us=1333
BATCH stage=decode rows=3 tokens=3 us=1236
BATCH stage=prefill rows=1 tokens=16 us=2282
BATCH stage=decode rows=4 tokens=4 us=1261
BATCH stage=decode rows=4 tokens=4 us=1260
BATCH stage=decode rows=4 tokens=4 us=1262
BATCH stage=decode rows=4 tokens=4 us=1267
BATCH stage=decode rows=4 tokens=4 us=1271
BATCH stage=decode rows=4 tokens=4 us=1262
BATCH stage=decode rows=4 tokens=4 us=1266
BATCH stage=decode rows=4 tokens=4 us=1262
BATCH stage=decode rows=4 tokens=4 us=1262
BATCH stage=decode rows=4 tokens=4 us=1263
BATCH stage=decode rows=4 tokens=4 us=1255
BATCH stage=decode rows=4 tokens=4 us=1263
BATCH stage=decode rows=4 tokens=4 us=1257
BATCH stage=decode rows=4 tokens=4 us=1256
BATCH stage=decode rows=4 tokens=4 us=1260
BATCH stage=decode rows=4 tokens=4 us=1269
BATCH stage=decode rows=4 tokens=4 us=1275
BATCH stage=decode rows=4 tokens=4 us=1275
BATCH stage=decode rows=4 tokens=4 us=1275
BATCH stage=decode rows=4 tokens=4 us=1276
BATCH stage=decode rows=4 tokens=4 us=1271
BATCH stage=decode rows=4 tokens=4 us=1282
BATCH stage=decode rows=4 tokens=4 us=1272
BATCH stage=decode rows=4 tokens=4 us=1278
BATCH stage=decode rows=4 tokens=4 us=1290
BATCH stage=decode rows=4 tokens=4 us=1272
BATCH stage=decode rows=4 tokens=4 us=1281
BATCH stage=decode rows=4 tokens=4 us=1282
BATCH stage=decode rows=4 tokens=4 us=1280
BATCH stage=decode rows=4 tokens=4 us=1284
BATCH stage=decode rows=4 tokens=4 us=1273
BATCH stage=decode rows=3 tokens=3 us=1264
BATCH stage=prefill rows=1 tokens=128 us=2872
BATCH stage=decode rows=4 tokens=4 us=1285
BATCH stage=decode rows=3 tokens=3 us=1254
BATCH stage=prefill rows=1 tokens=128 us=2846
BATCH stage=decode rows=3 tokens=3 us=1265
BATCH stage=prefill rows=1 tokens=128 us=3404
BATCH stage=decode rows=3 tokens=3 us=1254
BATCH stage=prefill rows=1 tokens=128 us=4175
BATCH stage=decode rows=3 tokens=3 us=1253
BATCH stage=prefill rows=1 tokens=14 us=4829
BATCH stage=decode rows=4 tokens=4 us=1282
BATCH stage=decode rows=4 tokens=4 us=1281
BATCH stage=decode rows=4 tokens=4 us=1278
BATCH stage=decode rows=4 tokens=4 us=1290
BATCH stage=decode rows=4 tokens=4 us=1276
BATCH stage=decode rows=4 tokens=4 us=1283
BATCH stage=decode rows=4 tokens=4 us=1283
BATCH stage=decode rows=4 tokens=4 us=1280
BATCH stage=decode rows=4 tokens=4 us=1291
BATCH stage=decode rows=4 tokens=4 us=1278
BATCH stage=decode rows=4 tokens=4 us=1287
BATCH stage=decode rows=4 tokens=4 us=1346
BATCH stage=decode rows=4 tokens=4 us=1339
BATCH stage=decode rows=4 tokens=4 us=1330
BATCH stage=decode rows=4 tokens=4 us=1332
BATCH stage=decode rows=4 tokens=4 us=1327
BATCH stage=decode rows=4 tokens=4 us=1330
BATCH stage=decode rows=4 tokens=4 us=1412
BATCH stage=decode rows=4 tokens=4 us=1343
BATCH stage=decode rows=4 tokens=4 us=1335
BATCH stage=decode rows=4 tokens=4 us=1329
BATCH stage=decode rows=4 tokens=4 us=1332
BATCH stage=decode rows=4 tokens=4 us=1332
BATCH stage=decode rows=4 tokens=4 us=1330
BATCH stage=decode rows=3 tokens=3 us=1252
BATCH stage=prefill rows=1 tokens=16 us=2293
BATCH stage=decode rows=4 tokens=4 us=1276
BATCH stage=decode rows=4 tokens=4 us=1274
BATCH stage=decode rows=4 tokens=4 us=1277
BATCH stage=decode rows=4 tokens=4 us=1273
BATCH stage=decode rows=4 tokens=4 us=1277
BATCH stage=decode rows=4 tokens=4 us=1274
BATCH stage=decode rows=4 tokens=4 us=1274
BATCH stage=decode rows=4 tokens=4 us=1269
BATCH stage=decode rows=4 tokens=4 us=1274
BATCH stage=decode rows=4 tokens=4 us=1272
BATCH stage=decode rows=4 tokens=4 us=1289
BATCH stage=decode rows=4 tokens=4 us=1290
BATCH stage=decode rows=4 tokens=4 us=1271
BATCH stage=decode rows=4 tokens=4 us=1269
BATCH stage=decode rows=4 tokens=4 us=1276
BATCH stage=decode rows=4 tokens=4 us=1285
BATCH stage=decode rows=4 tokens=4 us=1273
BATCH stage=decode rows=4 tokens=4 us=1269
BATCH stage=decode rows=4 tokens=4 us=1279
BATCH stage=decode rows=4 tokens=4 us=1272
BATCH stage=decode rows=4 tokens=4 us=1274
BATCH stage=decode rows=4 tokens=4 us=1279
BATCH stage=decode rows=4 tokens=4 us=1270
BATCH stage=decode rows=4 tokens=4 us=1272
BATCH stage=decode rows=4 tokens=4 us=1280
BATCH stage=decode rows=4 tokens=4 us=1286
BATCH stage=decode rows=4 tokens=4 us=1280
BATCH stage=decode rows=4 tokens=4 us=1284
BATCH stage=decode rows=4 tokens=4 us=1323
BATCH stage=decode rows=4 tokens=4 us=1330
BATCH stage=decode rows=4 tokens=4 us=1324
BATCH stage=decode rows=3 tokens=3 us=1305
BATCH stage=prefill rows=1 tokens=128 us=2859
BATCH stage=decode rows=4 tokens=4 us=1337
BATCH stage=decode rows=3 tokens=3 us=1314
BATCH stage=prefill rows=1 tokens=128 us=2850
BATCH stage=decode rows=3 tokens=3 us=1311
BATCH stage=prefill rows=1 tokens=128 us=3408
BATCH stage=decode rows=3 tokens=3 us=1306
BATCH stage=prefill rows=1 tokens=128 us=4122
BATCH stage=decode rows=3 tokens=3 us=1307
BATCH stage=prefill rows=1 tokens=14 us=4843
BATCH stage=decode rows=4 tokens=4 us=1339
BATCH stage=decode rows=4 tokens=4 us=1333
BATCH stage=decode rows=4 tokens=4 us=1338
BATCH stage=decode rows=4 tokens=4 us=1335
BATCH stage=decode rows=3 tokens=3 us=1246
BATCH stage=prefill rows=1 tokens=16 us=2287
BATCH stage=decode rows=4 tokens=4 us=1266
BATCH stage=decode rows=4 tokens=4 us=1258
BATCH stage=decode rows=4 tokens=4 us=1265
BATCH stage=decode rows=4 tokens=4 us=1273
BATCH stage=decode rows=4 tokens=4 us=1266
BATCH stage=decode rows=4 tokens=4 us=1257
BATCH stage=decode rows=4 tokens=4 us=1273
BATCH stage=decode rows=4 tokens=4 us=1276
BATCH stage=decode rows=4 tokens=4 us=1273
BATCH stage=decode rows=4 tokens=4 us=1265
BATCH stage=decode rows=4 tokens=4 us=1262
BATCH stage=decode rows=4 tokens=4 us=1268
BATCH stage=decode rows=4 tokens=4 us=1272
BATCH stage=decode rows=4 tokens=4 us=1266
BATCH stage=decode rows=4 tokens=4 us=1262
BATCH stage=decode rows=4 tokens=4 us=1291
BATCH stage=decode rows=4 tokens=4 us=1285
BATCH stage=decode rows=4 tokens=4 us=1284
BATCH stage=decode rows=4 tokens=4 us=1271
BATCH stage=decode rows=4 tokens=4 us=1282
BATCH stage=decode rows=4 tokens=4 us=1291
BATCH stage=decode rows=4 tokens=4 us=1288
BATCH stage=decode rows=4 tokens=4 us=1283
BATCH stage=decode rows=4 tokens=4 us=1282
BATCH stage=decode rows=4 tokens=4 us=1286
BATCH stage=decode rows=4 tokens=4 us=1280
BATCH stage=decode rows=4 tokens=4 us=1270
BATCH stage=decode rows=4 tokens=4 us=1285
BATCH stage=decode rows=4 tokens=4 us=1288
BATCH stage=decode rows=4 tokens=4 us=1280
BATCH stage=decode rows=4 tokens=4 us=1268
BATCH stage=decode rows=3 tokens=3 us=1269
BATCH stage=prefill rows=1 tokens=128 us=2868
BATCH stage=decode rows=4 tokens=4 us=1293
BATCH stage=decode rows=4 tokens=4 us=1290
BATCH stage=decode rows=4 tokens=4 us=1286
BATCH stage=decode rows=4 tokens=4 us=1293
BATCH stage=decode rows=4 tokens=4 us=1290
BATCH stage=decode rows=4 tokens=4 us=1286
BATCH stage=decode rows=4 tokens=4 us=1291
BATCH stage=decode rows=4 tokens=4 us=1303
BATCH stage=decode rows=4 tokens=4 us=1294
BATCH stage=decode rows=4 tokens=4 us=1291
BATCH stage=decode rows=4 tokens=4 us=1290
BATCH stage=decode rows=4 tokens=4 us=1282
BATCH stage=decode rows=4 tokens=4 us=1287
BATCH stage=decode rows=4 tokens=4 us=1288
BATCH stage=decode rows=4 tokens=4 us=1289
BATCH stage=decode rows=4 tokens=4 us=1321
BATCH stage=decode rows=4 tokens=4 us=1347
BATCH stage=decode rows=4 tokens=4 us=1338
BATCH stage=decode rows=4 tokens=4 us=1345
BATCH stage=decode rows=4 tokens=4 us=1337
BATCH stage=decode rows=4 tokens=4 us=1334
BATCH stage=decode rows=3 tokens=3 us=1319
BATCH stage=prefill rows=1 tokens=128 us=2859
BATCH stage=decode rows=3 tokens=3 us=1323
BATCH stage=prefill rows=1 tokens=128 us=3412
BATCH stage=decode rows=3 tokens=3 us=1329
BATCH stage=prefill rows=1 tokens=128 us=4148
BATCH stage=decode rows=3 tokens=3 us=1331
BATCH stage=prefill rows=1 tokens=14 us=4845
BATCH stage=decode rows=4 tokens=4 us=1352
BATCH stage=decode rows=4 tokens=4 us=1349
BATCH stage=decode rows=4 tokens=4 us=1339
BATCH stage=decode rows=3 tokens=3 us=1251
BATCH stage=prefill rows=1 tokens=16 us=2293
BATCH stage=decode rows=4 tokens=4 us=1327
BATCH stage=decode rows=4 tokens=4 us=1379
BATCH stage=decode rows=4 tokens=4 us=1305
BATCH stage=decode rows=4 tokens=4 us=1277
BATCH stage=decode rows=4 tokens=4 us=1274
BATCH stage=decode rows=4 tokens=4 us=1278
BATCH stage=decode rows=4 tokens=4 us=1278
BATCH stage=decode rows=4 tokens=4 us=1279
BATCH stage=decode rows=4 tokens=4 us=1283
BATCH stage=decode rows=4 tokens=4 us=1277
BATCH stage=decode rows=4 tokens=4 us=1274
BATCH stage=decode rows=4 tokens=4 us=1297
BATCH stage=decode rows=4 tokens=4 us=1282
BATCH stage=decode rows=4 tokens=4 us=1265
BATCH stage=decode rows=4 tokens=4 us=1275
BATCH stage=decode rows=4 tokens=4 us=1280
BATCH stage=decode rows=4 tokens=4 us=1286
BATCH stage=decode rows=4 tokens=4 us=1296
BATCH stage=decode rows=4 tokens=4 us=1279
BATCH stage=decode rows=4 tokens=4 us=1272
BATCH stage=decode rows=4 tokens=4 us=1281
BATCH stage=decode rows=4 tokens=4 us=1283
BATCH stage=decode rows=4 tokens=4 us=1282
BATCH stage=decode rows=4 tokens=4 us=1286
BATCH stage=decode rows=4 tokens=4 us=1281
BATCH stage=decode rows=4 tokens=4 us=1284
BATCH stage=decode rows=4 tokens=4 us=1275
BATCH stage=decode rows=4 tokens=4 us=1288
BATCH stage=decode rows=4 tokens=4 us=1274
BATCH stage=decode rows=4 tokens=4 us=1280
BATCH stage=decode rows=4 tokens=4 us=1286
BATCH stage=decode rows=3 tokens=3 us=1263
BATCH stage=prefill rows=1 tokens=128 us=2873
BATCH stage=decode rows=4 tokens=4 us=1284
BATCH stage=decode rows=4 tokens=4 us=1274
BATCH stage=decode rows=3 tokens=3 us=1259
BATCH stage=prefill rows=1 tokens=128 us=2848
BATCH stage=decode rows=3 tokens=3 us=1271
BATCH stage=prefill rows=1 tokens=128 us=3406
BATCH stage=decode rows=3 tokens=3 us=1270
BATCH stage=prefill rows=1 tokens=128 us=4155
BATCH stage=decode rows=3 tokens=3 us=1267
BATCH stage=prefill rows=1 tokens=14 us=4840
BATCH stage=decode rows=4 tokens=4 us=1294
BATCH stage=decode rows=4 tokens=4 us=1286
BATCH stage=decode rows=4 tokens=4 us=1291
BATCH stage=decode rows=4 tokens=4 us=1283
BATCH stage=decode rows=4 tokens=4 us=1273
BATCH stage=decode rows=4 tokens=4 us=1281
BATCH stage=decode rows=4 tokens=4 us=1293
BATCH stage=decode rows=4 tokens=4 us=1284
BATCH stage=decode rows=4 tokens=4 us=1287
BATCH stage=decode rows=4 tokens=4 us=1287
BATCH stage=decode rows=4 tokens=4 us=1314
BATCH stage=decode rows=4 tokens=4 us=1328
BATCH stage=decode rows=4 tokens=4 us=1327
BATCH stage=decode rows=4 tokens=4 us=1326
BATCH stage=decode rows=4 tokens=4 us=1383
BATCH stage=decode rows=4 tokens=4 us=1334
BATCH stage=decode rows=4 tokens=4 us=1338
BATCH stage=decode rows=4 tokens=4 us=1334
BATCH stage=decode rows=4 tokens=4 us=1330
BATCH stage=decode rows=4 tokens=4 us=1332
BATCH stage=decode rows=4 tokens=4 us=1337
BATCH stage=decode rows=4 tokens=4 us=1346
BATCH stage=decode rows=4 tokens=4 us=1342
BATCH stage=decode rows=3 tokens=3 us=1259
BATCH stage=prefill rows=1 tokens=16 us=2282
BATCH stage=decode rows=4 tokens=4 us=1278
BATCH stage=decode rows=4 tokens=4 us=1273
BATCH stage=decode rows=4 tokens=4 us=1274
BATCH stage=decode rows=4 tokens=4 us=1276
BATCH stage=decode rows=4 tokens=4 us=1278
BATCH stage=decode rows=4 tokens=4 us=1271
BATCH stage=decode rows=4 tokens=4 us=1280
BATCH stage=decode rows=4 tokens=4 us=1273
BATCH stage=decode rows=4 tokens=4 us=1277
BATCH stage=decode rows=4 tokens=4 us=1269
BATCH stage=decode rows=4 tokens=4 us=1275
BATCH stage=decode rows=4 tokens=4 us=1274
BATCH stage=decode rows=4 tokens=4 us=1276
BATCH stage=decode rows=4 tokens=4 us=1275
BATCH stage=decode rows=4 tokens=4 us=1271
BATCH stage=decode rows=4 tokens=4 us=1273
BATCH stage=decode rows=4 tokens=4 us=1284
BATCH stage=decode rows=4 tokens=4 us=1283
BATCH stage=decode rows=4 tokens=4 us=1291
BATCH stage=decode rows=4 tokens=4 us=1282
BATCH stage=decode rows=4 tokens=4 us=1284
BATCH stage=decode rows=4 tokens=4 us=1286
BATCH stage=decode rows=4 tokens=4 us=1284
BATCH stage=decode rows=4 tokens=4 us=1289
BATCH stage=decode rows=4 tokens=4 us=1290
BATCH stage=decode rows=4 tokens=4 us=1286
BATCH stage=decode rows=4 tokens=4 us=1282
BATCH stage=decode rows=4 tokens=4 us=1284
BATCH stage=decode rows=4 tokens=4 us=1272
BATCH stage=decode rows=4 tokens=4 us=1274
BATCH stage=decode rows=4 tokens=4 us=1278
BATCH stage=decode rows=3 tokens=3 us=1266
BATCH stage=prefill rows=1 tokens=128 us=2870
BATCH stage=decode rows=4 tokens=4 us=1295
BATCH stage=decode rows=3 tokens=3 us=1271
BATCH stage=prefill rows=1 tokens=128 us=2848
BATCH stage=decode rows=3 tokens=3 us=1265
BATCH stage=prefill rows=1 tokens=128 us=3404
BATCH stage=decode rows=3 tokens=3 us=1264
BATCH stage=prefill rows=1 tokens=128 us=4171
BATCH stage=decode rows=3 tokens=3 us=1267
BATCH stage=prefill rows=1 tokens=14 us=4850
BATCH stage=decode rows=4 tokens=4 us=1278
BATCH stage=decode rows=4 tokens=4 us=1297
BATCH stage=decode rows=4 tokens=4 us=1292
BATCH stage=decode rows=4 tokens=4 us=1292
BATCH stage=decode rows=4 tokens=4 us=1295
BATCH stage=decode rows=4 tokens=4 us=1296
BATCH stage=decode rows=4 tokens=4 us=1292
BATCH stage=decode rows=4 tokens=4 us=1295
BATCH stage=decode rows=4 tokens=4 us=1280
BATCH stage=decode rows=4 tokens=4 us=1295
BATCH stage=decode rows=4 tokens=4 us=1288
BATCH stage=decode rows=4 tokens=4 us=1324
BATCH stage=decode rows=4 tokens=4 us=1339
BATCH stage=decode rows=4 tokens=4 us=1348
BATCH stage=decode rows=4 tokens=4 us=1344
BATCH stage=decode rows=4 tokens=4 us=1342
BATCH stage=decode rows=4 tokens=4 us=1340
BATCH stage=decode rows=4 tokens=4 us=1343
BATCH stage=decode rows=4 tokens=4 us=1340
BATCH stage=decode rows=4 tokens=4 us=1347
BATCH stage=decode rows=4 tokens=4 us=1352
BATCH stage=decode rows=4 tokens=4 us=1348
BATCH stage=decode rows=4 tokens=4 us=1344
BATCH stage=decode rows=4 tokens=4 us=1339
BATCH stage=decode rows=3 tokens=3 us=1265
BATCH stage=prefill rows=1 tokens=16 us=2294
BATCH stage=decode rows=4 tokens=4 us=1289
BATCH stage=decode rows=4 tokens=4 us=1289
BATCH stage=decode rows=4 tokens=4 us=1291
BATCH stage=decode rows=4 tokens=4 us=1286
BATCH stage=decode rows=4 tokens=4 us=1292
BATCH stage=decode rows=4 tokens=4 us=1286
BATCH stage=decode rows=4 tokens=4 us=1276
BATCH stage=decode rows=4 tokens=4 us=1285
BATCH stage=decode rows=4 tokens=4 us=1281
BATCH stage=decode rows=4 tokens=4 us=1286
BATCH stage=decode rows=4 tokens=4 us=1288
BATCH stage=decode rows=4 tokens=4 us=1291
BATCH stage=decode rows=4 tokens=4 us=1293
BATCH stage=decode rows=4 tokens=4 us=1285
BATCH stage=decode rows=4 tokens=4 us=1291
BATCH stage=decode rows=4 tokens=4 us=1287
BATCH stage=decode rows=4 tokens=4 us=1281
BATCH stage=decode rows=4 tokens=4 us=1290
BATCH stage=decode rows=4 tokens=4 us=1291
BATCH stage=decode rows=4 tokens=4 us=1291
BATCH stage=decode rows=4 tokens=4 us=1292
BATCH stage=decode rows=4 tokens=4 us=1287
BATCH stage=decode rows=4 tokens=4 us=1295
BATCH stage=decode rows=4 tokens=4 us=1290
BATCH stage=decode rows=4 tokens=4 us=1291
BATCH stage=decode rows=4 tokens=4 us=1289
BATCH stage=decode rows=4 tokens=4 us=1289
BATCH stage=decode rows=4 tokens=4 us=1284
BATCH stage=decode rows=4 tokens=4 us=1321
BATCH stage=decode rows=4 tokens=4 us=1334
BATCH stage=decode rows=4 tokens=4 us=1334
BATCH stage=decode rows=3 tokens=3 us=1321
BATCH stage=prefill rows=1 tokens=128 us=2870
BATCH stage=decode rows=4 tokens=4 us=1342
BATCH stage=decode rows=3 tokens=3 us=1318
BATCH stage=prefill rows=1 tokens=128 us=2844
BATCH stage=decode rows=3 tokens=3 us=1327
BATCH stage=prefill rows=1 tokens=128 us=3407
BATCH stage=decode rows=3 tokens=3 us=1318
BATCH stage=prefill rows=1 tokens=128 us=4153
BATCH stage=decode rows=3 tokens=3 us=1322
BATCH stage=prefill rows=1 tokens=14 us=4849
BATCH stage=decode rows=4 tokens=4 us=1345
BATCH stage=decode rows=4 tokens=4 us=1351
BATCH stage=decode rows=4 tokens=4 us=1346
BATCH stage=decode rows=4 tokens=4 us=1348
BATCH stage=decode rows=3 tokens=3 us=1254
BATCH stage=prefill rows=1 tokens=16 us=2287
BATCH stage=decode rows=4 tokens=4 us=1279
BATCH stage=decode rows=4 tokens=4 us=1280
BATCH stage=decode rows=4 tokens=4 us=1272
BATCH stage=decode rows=4 tokens=4 us=1264
BATCH stage=decode rows=4 tokens=4 us=1273
BATCH stage=decode rows=4 tokens=4 us=1279
BATCH stage=decode rows=4 tokens=4 us=1281
BATCH stage=decode rows=4 tokens=4 us=1266
BATCH stage=decode rows=4 tokens=4 us=1274
BATCH stage=decode rows=4 tokens=4 us=1274
BATCH stage=decode rows=4 tokens=4 us=1276
BATCH stage=decode rows=4 tokens=4 us=1279
BATCH stage=decode rows=4 tokens=4 us=1271
BATCH stage=decode rows=4 tokens=4 us=1274
BATCH stage=decode rows=4 tokens=4 us=1266
BATCH stage=decode rows=4 tokens=4 us=1289
BATCH stage=decode rows=4 tokens=4 us=1293
BATCH stage=decode rows=4 tokens=4 us=1286
BATCH stage=decode rows=4 tokens=4 us=1291
BATCH stage=decode rows=4 tokens=4 us=1355
BATCH stage=decode rows=4 tokens=4 us=1283
BATCH stage=decode rows=4 tokens=4 us=1288
BATCH stage=decode rows=4 tokens=4 us=1293
BATCH stage=decode rows=4 tokens=4 us=1287
BATCH stage=decode rows=4 tokens=4 us=1289
BATCH stage=decode rows=4 tokens=4 us=1287
BATCH stage=decode rows=4 tokens=4 us=1286
BATCH stage=decode rows=4 tokens=4 us=1289
BATCH stage=decode rows=4 tokens=4 us=1291
BATCH stage=decode rows=4 tokens=4 us=1290
BATCH stage=decode rows=4 tokens=4 us=1286
BATCH stage=decode rows=3 tokens=3 us=1271
BATCH stage=prefill rows=1 tokens=128 us=2892
BATCH stage=decode rows=4 tokens=4 us=1295
BATCH stage=decode rows=4 tokens=4 us=1291
BATCH stage=decode rows=4 tokens=4 us=1289
BATCH stage=decode rows=4 tokens=4 us=1293
BATCH stage=decode rows=4 tokens=4 us=1287
BATCH stage=decode rows=4 tokens=4 us=1288
BATCH stage=decode rows=4 tokens=4 us=1289
BATCH stage=decode rows=4 tokens=4 us=1290
BATCH stage=decode rows=4 tokens=4 us=1285
BATCH stage=decode rows=4 tokens=4 us=1287
BATCH stage=decode rows=4 tokens=4 us=1289
BATCH stage=decode rows=4 tokens=4 us=1286
BATCH stage=decode rows=4 tokens=4 us=1290
BATCH stage=decode rows=4 tokens=4 us=1285
BATCH stage=decode rows=4 tokens=4 us=1279
BATCH stage=decode rows=4 tokens=4 us=1318
BATCH stage=decode rows=4 tokens=4 us=1338
BATCH stage=decode rows=4 tokens=4 us=1334
BATCH stage=decode rows=4 tokens=4 us=1340
BATCH stage=decode rows=4 tokens=4 us=1340
BATCH stage=decode rows=4 tokens=4 us=1345
BATCH stage=decode rows=3 tokens=3 us=1317
BATCH stage=prefill rows=1 tokens=128 us=2849
BATCH stage=decode rows=3 tokens=3 us=1322
BATCH stage=prefill rows=1 tokens=128 us=3412
BATCH stage=decode rows=3 tokens=3 us=1324
BATCH stage=prefill rows=1 tokens=128 us=4148
BATCH stage=decode rows=3 tokens=3 us=1313
BATCH stage=prefill rows=1 tokens=14 us=4848
BATCH stage=decode rows=4 tokens=4 us=1340
BATCH stage=decode rows=4 tokens=4 us=1348
BATCH stage=decode rows=4 tokens=4 us=1343
BATCH stage=decode rows=3 tokens=3 us=1249
BATCH stage=prefill rows=1 tokens=16 us=2291
BATCH stage=decode rows=4 tokens=4 us=1276
BATCH stage=decode rows=4 tokens=4 us=1276
BATCH stage=decode rows=4 tokens=4 us=1275
BATCH stage=decode rows=4 tokens=4 us=1275
BATCH stage=decode rows=4 tokens=4 us=1270
BATCH stage=decode rows=4 tokens=4 us=1266
BATCH stage=decode rows=4 tokens=4 us=1273
BATCH stage=decode rows=4 tokens=4 us=1264
BATCH stage=decode rows=4 tokens=4 us=1261
BATCH stage=decode rows=4 tokens=4 us=1263
BATCH stage=decode rows=4 tokens=4 us=1262
BATCH stage=decode rows=4 tokens=4 us=1260
BATCH stage=decode rows=4 tokens=4 us=1260
BATCH stage=decode rows=4 tokens=4 us=1260
BATCH stage=decode rows=4 tokens=4 us=1258
BATCH stage=decode rows=4 tokens=4 us=1266
BATCH stage=decode rows=4 tokens=4 us=1289
BATCH stage=decode rows=4 tokens=4 us=1291
BATCH stage=decode rows=4 tokens=4 us=1289
BATCH stage=decode rows=4 tokens=4 us=1290
BATCH stage=decode rows=4 tokens=4 us=1289
BATCH stage=decode rows=4 tokens=4 us=1283
BATCH stage=decode rows=4 tokens=4 us=1287
BATCH stage=decode rows=4 tokens=4 us=1275
BATCH stage=decode rows=4 tokens=4 us=1283
BATCH stage=decode rows=4 tokens=4 us=1283
BATCH stage=decode rows=4 tokens=4 us=1286
BATCH stage=decode rows=4 tokens=4 us=1285
BATCH stage=decode rows=4 tokens=4 us=1288
BATCH stage=decode rows=4 tokens=4 us=1290
BATCH stage=decode rows=4 tokens=4 us=1286
BATCH stage=decode rows=3 tokens=3 us=1267
BATCH stage=prefill rows=1 tokens=128 us=2884
BATCH stage=decode rows=4 tokens=4 us=1292
BATCH stage=decode rows=4 tokens=4 us=1291
BATCH stage=decode rows=3 tokens=3 us=1273
BATCH stage=prefill rows=1 tokens=128 us=2862
BATCH stage=decode rows=3 tokens=3 us=1255
BATCH stage=prefill rows=1 tokens=128 us=3407
BATCH stage=decode rows=3 tokens=3 us=1271
BATCH stage=prefill rows=1 tokens=128 us=4167
BATCH stage=decode rows=3 tokens=3 us=1252
BATCH stage=prefill rows=1 tokens=14 us=4848
BATCH stage=decode rows=4 tokens=4 us=1292
BATCH stage=decode rows=4 tokens=4 us=1285
BATCH stage=decode rows=4 tokens=4 us=1297
BATCH stage=decode rows=4 tokens=4 us=1291
BATCH stage=decode rows=4 tokens=4 us=1292
BATCH stage=decode rows=4 tokens=4 us=1283
BATCH stage=decode rows=4 tokens=4 us=1278
BATCH stage=decode rows=4 tokens=4 us=1280
BATCH stage=decode rows=4 tokens=4 us=1298
BATCH stage=decode rows=4 tokens=4 us=1296
BATCH stage=decode rows=4 tokens=4 us=1329
BATCH stage=decode rows=4 tokens=4 us=1344
BATCH stage=decode rows=4 tokens=4 us=1338
BATCH stage=decode rows=4 tokens=4 us=1343
BATCH stage=decode rows=4 tokens=4 us=1342
BATCH stage=decode rows=4 tokens=4 us=1333
BATCH stage=decode rows=4 tokens=4 us=1342
BATCH stage=decode rows=4 tokens=4 us=1343
BATCH stage=decode rows=4 tokens=4 us=1330
BATCH stage=decode rows=4 tokens=4 us=1346
BATCH stage=decode rows=4 tokens=4 us=1333
BATCH stage=decode rows=4 tokens=4 us=1349
BATCH stage=decode rows=4 tokens=4 us=1343
BATCH stage=decode rows=3 tokens=3 us=1254
BATCH stage=prefill rows=1 tokens=16 us=2289
BATCH stage=decode rows=4 tokens=4 us=1273
BATCH stage=decode rows=4 tokens=4 us=1272
BATCH stage=decode rows=4 tokens=4 us=1279
BATCH stage=decode rows=4 tokens=4 us=1278
BATCH stage=decode rows=4 tokens=4 us=1272
BATCH stage=decode rows=4 tokens=4 us=1267
BATCH stage=decode rows=4 tokens=4 us=1266
BATCH stage=decode rows=4 tokens=4 us=1273
BATCH stage=decode rows=4 tokens=4 us=1265
BATCH stage=decode rows=4 tokens=4 us=1259
BATCH stage=decode rows=4 tokens=4 us=1259
BATCH stage=decode rows=4 tokens=4 us=1260
BATCH stage=decode rows=4 tokens=4 us=1272
BATCH stage=decode rows=4 tokens=4 us=1277
BATCH stage=decode rows=4 tokens=4 us=1276
BATCH stage=decode rows=4 tokens=4 us=1276
BATCH stage=decode rows=4 tokens=4 us=1277
BATCH stage=decode rows=4 tokens=4 us=1287
BATCH stage=decode rows=4 tokens=4 us=1290
BATCH stage=decode rows=4 tokens=4 us=1286
BATCH stage=decode rows=4 tokens=4 us=1288
BATCH stage=decode rows=4 tokens=4 us=1283
BATCH stage=decode rows=4 tokens=4 us=1290
BATCH stage=decode rows=4 tokens=4 us=1290
BATCH stage=decode rows=4 tokens=4 us=1285
BATCH stage=decode rows=4 tokens=4 us=1284
BATCH stage=decode rows=4 tokens=4 us=1285
BATCH stage=decode rows=4 tokens=4 us=1274
BATCH stage=decode rows=4 tokens=4 us=1273
BATCH stage=decode rows=4 tokens=4 us=1283
BATCH stage=decode rows=4 tokens=4 us=1284
BATCH stage=decode rows=3 tokens=3 us=1270
BATCH stage=prefill rows=1 tokens=128 us=2869
BATCH stage=decode rows=4 tokens=4 us=1281
BATCH stage=decode rows=3 tokens=3 us=1251
BATCH stage=prefill rows=1 tokens=128 us=2859
BATCH stage=decode rows=3 tokens=3 us=1268
BATCH stage=prefill rows=1 tokens=128 us=3403
BATCH stage=decode rows=3 tokens=3 us=1270
BATCH stage=prefill rows=1 tokens=128 us=4144
BATCH stage=decode rows=3 tokens=3 us=1275
BATCH stage=prefill rows=1 tokens=14 us=4849
BATCH stage=decode rows=4 tokens=4 us=1278
BATCH stage=decode rows=4 tokens=4 us=1283
BATCH stage=decode rows=4 tokens=4 us=1277
BATCH stage=decode rows=4 tokens=4 us=1306
BATCH stage=decode rows=4 tokens=4 us=1280
BATCH stage=decode rows=4 tokens=4 us=1295
BATCH stage=decode rows=4 tokens=4 us=1290
BATCH stage=decode rows=4 tokens=4 us=1296
BATCH stage=decode rows=4 tokens=4 us=1290
BATCH stage=decode rows=4 tokens=4 us=1297
BATCH stage=decode rows=4 tokens=4 us=1288
BATCH stage=decode rows=4 tokens=4 us=1325
BATCH stage=decode rows=4 tokens=4 us=1330
BATCH stage=decode rows=4 tokens=4 us=1338
BATCH stage=decode rows=4 tokens=4 us=1346
BATCH stage=decode rows=4 tokens=4 us=1345
BATCH stage=decode rows=4 tokens=4 us=1343
BATCH stage=decode rows=4 tokens=4 us=1343
BATCH stage=decode rows=4 tokens=4 us=1329
BATCH stage=decode rows=4 tokens=4 us=1346
BATCH stage=decode rows=4 tokens=4 us=1344
BATCH stage=decode rows=4 tokens=4 us=1343
BATCH stage=decode rows=4 tokens=4 us=1341
BATCH stage=decode rows=4 tokens=4 us=1341
BATCH stage=decode rows=3 tokens=3 us=1251
BATCH stage=prefill rows=1 tokens=16 us=2284
BATCH stage=decode rows=4 tokens=4 us=1282
BATCH stage=decode rows=4 tokens=4 us=1289
BATCH stage=decode rows=4 tokens=4 us=1293
BATCH stage=decode rows=4 tokens=4 us=1290
BATCH stage=decode rows=4 tokens=4 us=1284
BATCH stage=decode rows=4 tokens=4 us=1288
BATCH stage=decode rows=4 tokens=4 us=1283
BATCH stage=decode rows=4 tokens=4 us=1287
BATCH stage=decode rows=4 tokens=4 us=1285
BATCH stage=decode rows=4 tokens=4 us=1293
BATCH stage=decode rows=4 tokens=4 us=1278
BATCH stage=decode rows=4 tokens=4 us=1292
BATCH stage=decode rows=4 tokens=4 us=1284
BATCH stage=decode rows=4 tokens=4 us=1281
BATCH stage=decode rows=4 tokens=4 us=1275
BATCH stage=decode rows=4 tokens=4 us=1287
BATCH stage=decode rows=4 tokens=4 us=1291
BATCH stage=decode rows=4 tokens=4 us=1288
BATCH stage=decode rows=4 tokens=4 us=1287
BATCH stage=decode rows=4 tokens=4 us=1287
BATCH stage=decode rows=4 tokens=4 us=1280
BATCH stage=decode rows=4 tokens=4 us=1272
BATCH stage=decode rows=4 tokens=4 us=1269
BATCH stage=decode rows=4 tokens=4 us=1271
BATCH stage=decode rows=4 tokens=4 us=1271
BATCH stage=decode rows=4 tokens=4 us=1297
BATCH stage=decode rows=4 tokens=4 us=1286
BATCH stage=decode rows=4 tokens=4 us=1268
BATCH stage=decode rows=4 tokens=4 us=1312
BATCH stage=decode rows=4 tokens=4 us=1323
BATCH stage=decode rows=4 tokens=4 us=1321
BATCH stage=decode rows=3 tokens=3 us=1319
BATCH stage=prefill rows=1 tokens=128 us=2872
BATCH stage=decode rows=4 tokens=4 us=1339
BATCH stage=decode rows=3 tokens=3 us=1321
BATCH stage=prefill rows=1 tokens=128 us=2833
BATCH stage=decode rows=3 tokens=3 us=1310
BATCH stage=prefill rows=1 tokens=128 us=3412
BATCH stage=decode rows=3 tokens=3 us=1310
BATCH stage=prefill rows=1 tokens=128 us=4140
BATCH stage=decode rows=3 tokens=3 us=1303
BATCH stage=prefill rows=1 tokens=14 us=4826
BATCH stage=decode rows=4 tokens=4 us=1349
BATCH stage=decode rows=4 tokens=4 us=1340
BATCH stage=decode rows=4 tokens=4 us=1342
BATCH stage=decode rows=4 tokens=4 us=1344
BATCH stage=decode rows=3 tokens=3 us=1241
BATCH stage=prefill rows=1 tokens=16 us=2284
BATCH stage=decode rows=4 tokens=4 us=1255
BATCH stage=decode rows=4 tokens=4 us=1264
BATCH stage=decode rows=4 tokens=4 us=1263
BATCH stage=decode rows=4 tokens=4 us=1260
BATCH stage=decode rows=4 tokens=4 us=1265
BATCH stage=decode rows=4 tokens=4 us=1272
BATCH stage=decode rows=4 tokens=4 us=1273
BATCH stage=decode rows=4 tokens=4 us=1260
BATCH stage=decode rows=4 tokens=4 us=1278
BATCH stage=decode rows=4 tokens=4 us=1254
BATCH stage=decode rows=4 tokens=4 us=1272
BATCH stage=decode rows=4 tokens=4 us=1273
BATCH stage=decode rows=4 tokens=4 us=1267
BATCH stage=decode rows=4 tokens=4 us=1282
BATCH stage=decode rows=4 tokens=4 us=1275
BATCH stage=decode rows=4 tokens=4 us=1289
BATCH stage=decode rows=4 tokens=4 us=1291
BATCH stage=decode rows=4 tokens=4 us=1277
BATCH stage=decode rows=4 tokens=4 us=1273
BATCH stage=decode rows=4 tokens=4 us=1275
BATCH stage=decode rows=4 tokens=4 us=1287
BATCH stage=decode rows=4 tokens=4 us=1287
BATCH stage=decode rows=4 tokens=4 us=1290
BATCH stage=decode rows=4 tokens=4 us=1286
BATCH stage=decode rows=4 tokens=4 us=1274
BATCH stage=decode rows=4 tokens=4 us=1274
BATCH stage=decode rows=4 tokens=4 us=1275
BATCH stage=decode rows=4 tokens=4 us=1275
BATCH stage=decode rows=4 tokens=4 us=1274
BATCH stage=decode rows=4 tokens=4 us=1278
BATCH stage=decode rows=4 tokens=4 us=1270
BATCH stage=decode rows=3 tokens=3 us=1264
BATCH stage=prefill rows=1 tokens=128 us=2875
BATCH stage=decode rows=4 tokens=4 us=1304
BATCH stage=decode rows=4 tokens=4 us=1294
BATCH stage=decode rows=4 tokens=4 us=1276
BATCH stage=decode rows=4 tokens=4 us=1282
BATCH stage=decode rows=4 tokens=4 us=1274
BATCH stage=decode rows=4 tokens=4 us=1295
BATCH stage=decode rows=4 tokens=4 us=1293
BATCH stage=decode rows=4 tokens=4 us=1286
BATCH stage=decode rows=4 tokens=4 us=1285
BATCH stage=decode rows=4 tokens=4 us=1290
BATCH stage=decode rows=4 tokens=4 us=1272
BATCH stage=decode rows=4 tokens=4 us=1291
BATCH stage=decode rows=4 tokens=4 us=1292
BATCH stage=decode rows=4 tokens=4 us=1280
BATCH stage=decode rows=4 tokens=4 us=1269
BATCH stage=decode rows=4 tokens=4 us=1327
BATCH stage=decode rows=4 tokens=4 us=1328
BATCH stage=decode rows=4 tokens=4 us=1342
BATCH stage=decode rows=4 tokens=4 us=1333
BATCH stage=decode rows=4 tokens=4 us=1328
BATCH stage=decode rows=4 tokens=4 us=1345
BATCH stage=decode rows=3 tokens=3 us=1319
BATCH stage=prefill rows=1 tokens=128 us=2852
BATCH stage=decode rows=3 tokens=3 us=1306
BATCH stage=prefill rows=1 tokens=128 us=3409
BATCH stage=decode rows=3 tokens=3 us=1308
BATCH stage=prefill rows=1 tokens=128 us=4140
BATCH stage=decode rows=3 tokens=3 us=1323
BATCH stage=prefill rows=1 tokens=14 us=4860
BATCH stage=decode rows=4 tokens=4 us=1349
BATCH stage=decode rows=4 tokens=4 us=1350
BATCH stage=decode rows=4 tokens=4 us=1352
BATCH stage=decode rows=3 tokens=3 us=1255
BATCH stage=prefill rows=1 tokens=16 us=2292
BATCH stage=decode rows=4 tokens=4 us=1273
BATCH stage=decode rows=4 tokens=4 us=1275
BATCH stage=decode rows=4 tokens=4 us=1269
BATCH stage=decode rows=4 tokens=4 us=1276
BATCH stage=decode rows=4 tokens=4 us=1274
BATCH stage=decode rows=4 tokens=4 us=1270
BATCH stage=decode rows=4 tokens=4 us=1271
BATCH stage=decode rows=4 tokens=4 us=1273
BATCH stage=decode rows=4 tokens=4 us=1269
BATCH stage=decode rows=4 tokens=4 us=1260
BATCH stage=decode rows=4 tokens=4 us=1275
BATCH stage=decode rows=4 tokens=4 us=1273
BATCH stage=decode rows=4 tokens=4 us=1272
BATCH stage=decode rows=4 tokens=4 us=1265
BATCH stage=decode rows=4 tokens=4 us=1263
BATCH stage=decode rows=4 tokens=4 us=1264
BATCH stage=decode rows=4 tokens=4 us=1288
BATCH stage=decode rows=4 tokens=4 us=1286
BATCH stage=decode rows=4 tokens=4 us=1289
BATCH stage=decode rows=4 tokens=4 us=1285
BATCH stage=decode rows=4 tokens=4 us=1285
BATCH stage=decode rows=4 tokens=4 us=1286
BATCH stage=decode rows=4 tokens=4 us=1287
BATCH stage=decode rows=4 tokens=4 us=1289
BATCH stage=decode rows=4 tokens=4 us=1285
BATCH stage=decode rows=4 tokens=4 us=1276
BATCH stage=decode rows=4 tokens=4 us=1283
BATCH stage=decode rows=4 tokens=4 us=1290
BATCH stage=decode rows=4 tokens=4 us=1285
BATCH stage=decode rows=4 tokens=4 us=1284
BATCH stage=decode rows=4 tokens=4 us=1275
BATCH stage=decode rows=3 tokens=3 us=1249
BATCH stage=prefill rows=1 tokens=128 us=2877
BATCH stage=decode rows=4 tokens=4 us=1293
BATCH stage=decode rows=4 tokens=4 us=1295
BATCH stage=decode rows=3 tokens=3 us=1266
BATCH stage=prefill rows=1 tokens=128 us=2840
BATCH stage=decode rows=3 tokens=3 us=1270
BATCH stage=prefill rows=1 tokens=128 us=3403
BATCH stage=decode rows=3 tokens=3 us=1271
BATCH stage=prefill rows=1 tokens=128 us=4149
BATCH stage=decode rows=3 tokens=3 us=1266
BATCH stage=prefill rows=1 tokens=14 us=4846
BATCH stage=decode rows=4 tokens=4 us=1289
BATCH stage=decode rows=4 tokens=4 us=1296
BATCH stage=decode rows=4 tokens=4 us=1300
BATCH stage=decode rows=4 tokens=4 us=1295
BATCH stage=decode rows=4 tokens=4 us=1294
BATCH stage=decode rows=4 tokens=4 us=1293
BATCH stage=decode rows=4 tokens=4 us=1299
BATCH stage=decode rows=4 tokens=4 us=1295
BATCH stage=decode rows=4 tokens=4 us=1281
BATCH stage=decode rows=4 tokens=4 us=1272
BATCH stage=decode rows=4 tokens=4 us=1332
BATCH stage=decode rows=4 tokens=4 us=1339
BATCH stage=decode rows=4 tokens=4 us=1326
BATCH stage=decode rows=4 tokens=4 us=1350
BATCH stage=decode rows=4 tokens=4 us=1347
BATCH stage=decode rows=4 tokens=4 us=1330
BATCH stage=decode rows=4 tokens=4 us=1341
BATCH stage=decode rows=4 tokens=4 us=1342
BATCH stage=decode rows=4 tokens=4 us=1325
BATCH stage=decode rows=4 tokens=4 us=1328
BATCH stage=decode rows=4 tokens=4 us=1344
BATCH stage=decode rows=4 tokens=4 us=1349
BATCH stage=decode rows=4 tokens=4 us=1349
BATCH stage=decode rows=3 tokens=3 us=1260
BATCH stage=prefill rows=1 tokens=16 us=2294
BATCH stage=decode rows=4 tokens=4 us=1279
BATCH stage=decode rows=4 tokens=4 us=1279
BATCH stage=decode rows=4 tokens=4 us=1286
BATCH stage=decode rows=4 tokens=4 us=1279
BATCH stage=decode rows=4 tokens=4 us=1280
BATCH stage=decode rows=4 tokens=4 us=1278
BATCH stage=decode rows=4 tokens=4 us=1277
BATCH stage=decode rows=4 tokens=4 us=1289
BATCH stage=decode rows=4 tokens=4 us=1280
BATCH stage=decode rows=4 tokens=4 us=1283
BATCH stage=decode rows=4 tokens=4 us=1276
BATCH stage=decode rows=4 tokens=4 us=1272
BATCH stage=decode rows=4 tokens=4 us=1273
BATCH stage=decode rows=4 tokens=4 us=1281
BATCH stage=decode rows=4 tokens=4 us=1279
BATCH stage=decode rows=4 tokens=4 us=1280
BATCH stage=decode rows=4 tokens=4 us=1290
BATCH stage=decode rows=4 tokens=4 us=1291
BATCH stage=decode rows=4 tokens=4 us=1287
BATCH stage=decode rows=4 tokens=4 us=1293
BATCH stage=decode rows=4 tokens=4 us=1291
BATCH stage=decode rows=4 tokens=4 us=1288
BATCH stage=decode rows=4 tokens=4 us=1287
BATCH stage=decode rows=4 tokens=4 us=1291
BATCH stage=decode rows=4 tokens=4 us=1285
BATCH stage=decode rows=4 tokens=4 us=1290
BATCH stage=decode rows=4 tokens=4 us=1287
BATCH stage=decode rows=4 tokens=4 us=1291
BATCH stage=decode rows=4 tokens=4 us=1294
BATCH stage=decode rows=4 tokens=4 us=1300
BATCH stage=decode rows=4 tokens=4 us=1293
BATCH stage=decode rows=3 tokens=3 us=1270
BATCH stage=prefill rows=1 tokens=128 us=2883
BATCH stage=decode rows=4 tokens=4 us=1291
BATCH stage=decode rows=3 tokens=3 us=1268
BATCH stage=prefill rows=1 tokens=128 us=2850
BATCH stage=decode rows=3 tokens=3 us=1270
BATCH stage=prefill rows=1 tokens=128 us=3402
BATCH stage=decode rows=3 tokens=3 us=1271
BATCH stage=prefill rows=1 tokens=128 us=4133
BATCH stage=decode rows=3 tokens=3 us=1269
BATCH stage=prefill rows=1 tokens=14 us=4838
BATCH stage=decode rows=4 tokens=4 us=1294
BATCH stage=decode rows=4 tokens=4 us=1295
BATCH stage=decode rows=4 tokens=4 us=1293
BATCH stage=decode rows=4 tokens=4 us=1293
BATCH stage=decode rows=4 tokens=4 us=1293
BATCH stage=decode rows=4 tokens=4 us=1295
BATCH stage=decode rows=4 tokens=4 us=1291
BATCH stage=decode rows=4 tokens=4 us=1297
BATCH stage=decode rows=4 tokens=4 us=1305
BATCH stage=decode rows=4 tokens=4 us=1303
BATCH stage=decode rows=4 tokens=4 us=1286
BATCH stage=decode rows=4 tokens=4 us=1338
BATCH stage=decode rows=4 tokens=4 us=1339
BATCH stage=decode rows=4 tokens=4 us=1339
BATCH stage=decode rows=4 tokens=4 us=1354
BATCH stage=decode rows=4 tokens=4 us=1344
BATCH stage=decode rows=4 tokens=4 us=1346
BATCH stage=decode rows=4 tokens=4 us=1345
BATCH stage=decode rows=4 tokens=4 us=1341
BATCH stage=decode rows=4 tokens=4 us=1338
BATCH stage=decode rows=4 tokens=4 us=1347
BATCH stage=decode rows=4 tokens=4 us=1346
BATCH stage=decode rows=4 tokens=4 us=1346
BATCH stage=decode rows=4 tokens=4 us=1348
BATCH stage=decode rows=3 tokens=3 us=1267
BATCH stage=prefill rows=1 tokens=16 us=2298
BATCH stage=decode rows=4 tokens=4 us=1285
BATCH stage=decode rows=4 tokens=4 us=1283
BATCH stage=decode rows=4 tokens=4 us=1287
BATCH stage=decode rows=4 tokens=4 us=1274
BATCH stage=decode rows=4 tokens=4 us=1291
BATCH stage=decode rows=4 tokens=4 us=1289
BATCH stage=decode rows=4 tokens=4 us=1286
BATCH stage=decode rows=4 tokens=4 us=1288
BATCH stage=decode rows=4 tokens=4 us=1285
BATCH stage=decode rows=4 tokens=4 us=1282
BATCH stage=decode rows=4 tokens=4 us=1286
BATCH stage=decode rows=4 tokens=4 us=1292
BATCH stage=decode rows=4 tokens=4 us=1291
BATCH stage=decode rows=4 tokens=4 us=1287
BATCH stage=decode rows=4 tokens=4 us=1287
BATCH stage=decode rows=4 tokens=4 us=1283
BATCH stage=decode rows=4 tokens=4 us=1289
BATCH stage=decode rows=4 tokens=4 us=1286
BATCH stage=decode rows=4 tokens=4 us=1284
BATCH stage=decode rows=4 tokens=4 us=1290
BATCH stage=decode rows=4 tokens=4 us=1276
BATCH stage=decode rows=4 tokens=4 us=1275
BATCH stage=decode rows=4 tokens=4 us=1288
BATCH stage=decode rows=4 tokens=4 us=1281
BATCH stage=decode rows=4 tokens=4 us=1278
BATCH stage=decode rows=4 tokens=4 us=1293
BATCH stage=decode rows=4 tokens=4 us=1285
BATCH stage=decode rows=4 tokens=4 us=1274
BATCH stage=decode rows=4 tokens=4 us=1323
BATCH stage=decode rows=4 tokens=4 us=1337
BATCH stage=decode rows=4 tokens=4 us=1342
BATCH stage=decode rows=3 tokens=3 us=1317
BATCH stage=prefill rows=1 tokens=128 us=2866
BATCH stage=decode rows=4 tokens=4 us=1339
BATCH stage=decode rows=3 tokens=3 us=1325
BATCH stage=prefill rows=1 tokens=128 us=2847
BATCH stage=decode rows=3 tokens=3 us=1321
BATCH stage=prefill rows=1 tokens=128 us=3396
BATCH stage=decode rows=3 tokens=3 us=1317
BATCH stage=prefill rows=1 tokens=128 us=4137
BATCH stage=decode rows=3 tokens=3 us=1315
BATCH stage=prefill rows=1 tokens=14 us=4836
BATCH stage=decode rows=4 tokens=4 us=1346
BATCH stage=decode rows=4 tokens=4 us=1336
BATCH stage=decode rows=4 tokens=4 us=1336
BATCH stage=decode rows=4 tokens=4 us=1342
BATCH stage=decode rows=3 tokens=3 us=1251
BATCH stage=prefill rows=1 tokens=16 us=2286
BATCH stage=decode rows=4 tokens=4 us=1263
BATCH stage=decode rows=4 tokens=4 us=1275
BATCH stage=decode rows=4 tokens=4 us=1273
BATCH stage=decode rows=4 tokens=4 us=1263
BATCH stage=decode rows=4 tokens=4 us=1255
BATCH stage=decode rows=4 tokens=4 us=1264
BATCH stage=decode rows=4 tokens=4 us=1266
BATCH stage=decode rows=4 tokens=4 us=1278
BATCH stage=decode rows=4 tokens=4 us=1275
BATCH stage=decode rows=4 tokens=4 us=1273
BATCH stage=decode rows=4 tokens=4 us=1266
BATCH stage=decode rows=4 tokens=4 us=1265
BATCH stage=decode rows=4 tokens=4 us=1273
BATCH stage=decode rows=4 tokens=4 us=1271
BATCH stage=decode rows=4 tokens=4 us=1269
BATCH stage=decode rows=4 tokens=4 us=1263
BATCH stage=decode rows=4 tokens=4 us=1274
BATCH stage=decode rows=4 tokens=4 us=1278
BATCH stage=decode rows=4 tokens=4 us=1279
BATCH stage=decode rows=4 tokens=4 us=1273
BATCH stage=decode rows=4 tokens=4 us=1274
BATCH stage=decode rows=4 tokens=4 us=1298
BATCH stage=decode rows=4 tokens=4 us=1287
BATCH stage=decode rows=4 tokens=4 us=1291
BATCH stage=decode rows=4 tokens=4 us=1268
BATCH stage=decode rows=4 tokens=4 us=1268
BATCH stage=decode rows=4 tokens=4 us=1286
BATCH stage=decode rows=4 tokens=4 us=1283
BATCH stage=decode rows=4 tokens=4 us=1280
BATCH stage=decode rows=4 tokens=4 us=1273
BATCH stage=decode rows=4 tokens=4 us=1276
BATCH stage=decode rows=3 tokens=3 us=1250
BATCH stage=prefill rows=1 tokens=128 us=2861
BATCH stage=decode rows=4 tokens=4 us=1278
BATCH stage=decode rows=4 tokens=4 us=1280
BATCH stage=decode rows=4 tokens=4 us=1276
BATCH stage=decode rows=4 tokens=4 us=1277
BATCH stage=decode rows=4 tokens=4 us=1283
BATCH stage=decode rows=4 tokens=4 us=1281
BATCH stage=decode rows=4 tokens=4 us=1289
BATCH stage=decode rows=4 tokens=4 us=1288
BATCH stage=decode rows=4 tokens=4 us=1273
BATCH stage=decode rows=4 tokens=4 us=1280
BATCH stage=decode rows=4 tokens=4 us=1282
BATCH stage=decode rows=4 tokens=4 us=1280
BATCH stage=decode rows=4 tokens=4 us=1270
BATCH stage=decode rows=4 tokens=4 us=1279
BATCH stage=decode rows=4 tokens=4 us=1272
BATCH stage=decode rows=4 tokens=4 us=1311
BATCH stage=decode rows=4 tokens=4 us=1329
BATCH stage=decode rows=4 tokens=4 us=1342
BATCH stage=decode rows=4 tokens=4 us=1343
BATCH stage=decode rows=4 tokens=4 us=1331
BATCH stage=decode rows=4 tokens=4 us=1340
BATCH stage=decode rows=3 tokens=3 us=1306
BATCH stage=prefill rows=1 tokens=128 us=2845
BATCH stage=decode rows=3 tokens=3 us=1309
BATCH stage=prefill rows=1 tokens=128 us=3408
BATCH stage=decode rows=3 tokens=3 us=1313
BATCH stage=prefill rows=1 tokens=128 us=4150
BATCH stage=decode rows=3 tokens=3 us=1301
BATCH stage=prefill rows=1 tokens=14 us=4850
BATCH stage=decode rows=4 tokens=4 us=1336
BATCH stage=decode rows=4 tokens=4 us=1330
BATCH stage=decode rows=4 tokens=4 us=1345
BATCH stage=decode rows=3 tokens=3 us=1252
BATCH stage=prefill rows=1 tokens=16 us=2282
BATCH stage=decode rows=4 tokens=4 us=1273
BATCH stage=decode rows=4 tokens=4 us=1273
BATCH stage=decode rows=4 tokens=4 us=1280
BATCH stage=decode rows=4 tokens=4 us=1262
BATCH stage=decode rows=4 tokens=4 us=1258
BATCH stage=decode rows=4 tokens=4 us=1276
BATCH stage=decode rows=4 tokens=4 us=1273
BATCH stage=decode rows=4 tokens=4 us=1268
BATCH stage=decode rows=4 tokens=4 us=1277
BATCH stage=decode rows=4 tokens=4 us=1274
BATCH stage=decode rows=4 tokens=4 us=1275
BATCH stage=decode rows=4 tokens=4 us=1275
BATCH stage=decode rows=4 tokens=4 us=1273
BATCH stage=decode rows=4 tokens=4 us=1271
BATCH stage=decode rows=4 tokens=4 us=1273
BATCH stage=decode rows=4 tokens=4 us=1273
BATCH stage=decode rows=4 tokens=4 us=1277
BATCH stage=decode rows=4 tokens=4 us=1283
BATCH stage=decode rows=4 tokens=4 us=1278
BATCH stage=decode rows=4 tokens=4 us=1276
BATCH stage=decode rows=4 tokens=4 us=1287
BATCH stage=decode rows=4 tokens=4 us=1281
BATCH stage=decode rows=4 tokens=4 us=1283
BATCH stage=decode rows=4 tokens=4 us=1275
BATCH stage=decode rows=4 tokens=4 us=1289
BATCH stage=decode rows=4 tokens=4 us=1281
BATCH stage=decode rows=4 tokens=4 us=1290
BATCH stage=decode rows=4 tokens=4 us=1286
BATCH stage=decode rows=4 tokens=4 us=1285
BATCH stage=decode rows=4 tokens=4 us=1289
BATCH stage=decode rows=4 tokens=4 us=1278
BATCH stage=decode rows=3 tokens=3 us=1264
BATCH stage=prefill rows=1 tokens=128 us=2862
BATCH stage=decode rows=4 tokens=4 us=1292
BATCH stage=decode rows=4 tokens=4 us=1290
BATCH stage=decode rows=3 tokens=3 us=1270
BATCH stage=prefill rows=1 tokens=128 us=2857
BATCH stage=decode rows=3 tokens=3 us=1256
BATCH stage=prefill rows=1 tokens=128 us=3414
BATCH stage=decode rows=3 tokens=3 us=1256
BATCH stage=prefill rows=1 tokens=128 us=4148
BATCH stage=decode rows=3 tokens=3 us=1270
BATCH stage=prefill rows=1 tokens=14 us=4854
BATCH stage=decode rows=4 tokens=4 us=1301
BATCH stage=decode rows=4 tokens=4 us=1302
BATCH stage=decode rows=4 tokens=4 us=1306
BATCH stage=decode rows=4 tokens=4 us=1306
BATCH stage=decode rows=4 tokens=4 us=1295
BATCH stage=decode rows=4 tokens=4 us=1298
BATCH stage=decode rows=4 tokens=4 us=1279
BATCH stage=decode rows=4 tokens=4 us=1287
BATCH stage=decode rows=4 tokens=4 us=1304
BATCH stage=decode rows=4 tokens=4 us=1294
BATCH stage=decode rows=4 tokens=4 us=1341
BATCH stage=decode rows=4 tokens=4 us=1355
BATCH stage=decode rows=4 tokens=4 us=1335
BATCH stage=decode rows=4 tokens=4 us=1352
BATCH stage=decode rows=4 tokens=4 us=1354
BATCH stage=decode rows=4 tokens=4 us=1356
BATCH stage=decode rows=4 tokens=4 us=1350
BATCH stage=decode rows=4 tokens=4 us=1343
BATCH stage=decode rows=4 tokens=4 us=1341
BATCH stage=decode rows=4 tokens=4 us=1341
BATCH stage=decode rows=4 tokens=4 us=1337
BATCH stage=decode rows=4 tokens=4 us=1330
BATCH stage=decode rows=4 tokens=4 us=1328
BATCH stage=decode rows=3 tokens=3 us=1250
BATCH stage=prefill rows=1 tokens=16 us=2284
BATCH stage=decode rows=4 tokens=4 us=1273
BATCH stage=decode rows=4 tokens=4 us=1268
BATCH stage=decode rows=4 tokens=4 us=1269
BATCH stage=decode rows=4 tokens=4 us=1273
BATCH stage=decode rows=4 tokens=4 us=1263
BATCH stage=decode rows=4 tokens=4 us=1273
BATCH stage=decode rows=4 tokens=4 us=1279
BATCH stage=decode rows=4 tokens=4 us=1268
BATCH stage=decode rows=4 tokens=4 us=1264
BATCH stage=decode rows=4 tokens=4 us=1275
BATCH stage=decode rows=4 tokens=4 us=1274
BATCH stage=decode rows=4 tokens=4 us=1262
BATCH stage=decode rows=4 tokens=4 us=1261
BATCH stage=decode rows=4 tokens=4 us=1260
BATCH stage=decode rows=4 tokens=4 us=1263
BATCH stage=decode rows=4 tokens=4 us=1277
BATCH stage=decode rows=4 tokens=4 us=1289
BATCH stage=decode rows=4 tokens=4 us=1277
BATCH stage=decode rows=4 tokens=4 us=1275
BATCH stage=decode rows=4 tokens=4 us=1278
BATCH stage=decode rows=4 tokens=4 us=1280
BATCH stage=decode rows=4 tokens=4 us=1277
BATCH stage=decode rows=4 tokens=4 us=1278
BATCH stage=decode rows=4 tokens=4 us=1285
BATCH stage=decode rows=4 tokens=4 us=1276
BATCH stage=decode rows=4 tokens=4 us=1270
BATCH stage=decode rows=4 tokens=4 us=1273
BATCH stage=decode rows=4 tokens=4 us=1282
BATCH stage=decode rows=4 tokens=4 us=1287
BATCH stage=decode rows=4 tokens=4 us=1286
BATCH stage=decode rows=4 tokens=4 us=1270
BATCH stage=decode rows=3 tokens=3 us=1250
BATCH stage=prefill rows=1 tokens=128 us=2869
BATCH stage=decode rows=4 tokens=4 us=1279
BATCH stage=decode rows=3 tokens=3 us=1251
BATCH stage=prefill rows=1 tokens=128 us=2846
BATCH stage=decode rows=3 tokens=3 us=1269
BATCH stage=prefill rows=1 tokens=128 us=3408
BATCH stage=decode rows=3 tokens=3 us=1267
BATCH stage=prefill rows=1 tokens=128 us=4140
BATCH stage=decode rows=3 tokens=3 us=1265
BATCH stage=prefill rows=1 tokens=14 us=4841
BATCH stage=decode rows=4 tokens=4 us=1292
BATCH stage=decode rows=4 tokens=4 us=1287
BATCH stage=decode rows=4 tokens=4 us=1289
BATCH stage=decode rows=4 tokens=4 us=1282
BATCH stage=decode rows=4 tokens=4 us=1302
BATCH stage=decode rows=4 tokens=4 us=1280
BATCH stage=decode rows=4 tokens=4 us=1294
BATCH stage=decode rows=4 tokens=4 us=1294
BATCH stage=decode rows=4 tokens=4 us=1297
BATCH stage=decode rows=4 tokens=4 us=1300
BATCH stage=decode rows=4 tokens=4 us=1293
BATCH stage=decode rows=4 tokens=4 us=1316
BATCH stage=decode rows=4 tokens=4 us=1346
BATCH stage=decode rows=4 tokens=4 us=1341
BATCH stage=decode rows=4 tokens=4 us=1328
BATCH stage=decode rows=4 tokens=4 us=1332
BATCH stage=decode rows=4 tokens=4 us=1334
BATCH stage=decode rows=4 tokens=4 us=1337
BATCH stage=decode rows=4 tokens=4 us=1335
BATCH stage=decode rows=4 tokens=4 us=1333
BATCH stage=decode rows=4 tokens=4 us=1345
BATCH stage=decode rows=4 tokens=4 us=1337
BATCH stage=decode rows=4 tokens=4 us=1333
BATCH stage=decode rows=4 tokens=4 us=1341
BATCH stage=decode rows=3 tokens=3 us=1266
BATCH stage=prefill rows=1 tokens=16 us=2302
BATCH stage=decode rows=4 tokens=4 us=1290
BATCH stage=decode rows=4 tokens=4 us=1286
BATCH stage=decode rows=4 tokens=4 us=1282
BATCH stage=decode rows=4 tokens=4 us=1279
BATCH stage=decode rows=4 tokens=4 us=1282
BATCH stage=decode rows=4 tokens=4 us=1286
BATCH stage=decode rows=4 tokens=4 us=1278
BATCH stage=decode rows=4 tokens=4 us=1287
BATCH stage=decode rows=4 tokens=4 us=1290
BATCH stage=decode rows=4 tokens=4 us=1283
BATCH stage=decode rows=4 tokens=4 us=1286
BATCH stage=decode rows=4 tokens=4 us=1279
BATCH stage=decode rows=4 tokens=4 us=1285
BATCH stage=decode rows=4 tokens=4 us=1288
BATCH stage=decode rows=4 tokens=4 us=1289
BATCH stage=decode rows=4 tokens=4 us=1281
BATCH stage=decode rows=4 tokens=4 us=1284
BATCH stage=decode rows=4 tokens=4 us=1281
BATCH stage=decode rows=4 tokens=4 us=1289
BATCH stage=decode rows=4 tokens=4 us=1288
BATCH stage=decode rows=4 tokens=4 us=1298
BATCH stage=decode rows=4 tokens=4 us=1289
BATCH stage=decode rows=4 tokens=4 us=1284
BATCH stage=decode rows=4 tokens=4 us=1295
BATCH stage=decode rows=4 tokens=4 us=1274
BATCH stage=decode rows=4 tokens=4 us=1281
BATCH stage=decode rows=4 tokens=4 us=1280
BATCH stage=decode rows=4 tokens=4 us=1272
BATCH stage=decode rows=4 tokens=4 us=1315
BATCH stage=decode rows=4 tokens=4 us=1338
BATCH stage=decode rows=4 tokens=4 us=1326
BATCH stage=decode rows=3 tokens=3 us=1316
BATCH stage=prefill rows=1 tokens=128 us=2884
BATCH stage=decode rows=4 tokens=4 us=1332
BATCH stage=decode rows=3 tokens=3 us=1313
BATCH stage=prefill rows=1 tokens=128 us=2858
BATCH stage=decode rows=3 tokens=3 us=1335
BATCH stage=prefill rows=1 tokens=128 us=3425
BATCH stage=decode rows=3 tokens=3 us=1317
BATCH stage=prefill rows=1 tokens=128 us=4157
BATCH stage=decode rows=3 tokens=3 us=1318
BATCH stage=prefill rows=1 tokens=14 us=4853
BATCH stage=decode rows=4 tokens=4 us=1344
BATCH stage=decode rows=4 tokens=4 us=1347
BATCH stage=decode rows=4 tokens=4 us=1343
BATCH stage=decode rows=4 tokens=4 us=1343
BATCH stage=decode rows=3 tokens=3 us=1242
BATCH stage=prefill rows=1 tokens=16 us=2292
BATCH stage=decode rows=4 tokens=4 us=1272
BATCH stage=decode rows=4 tokens=4 us=1265
BATCH stage=decode rows=4 tokens=4 us=1277
BATCH stage=decode rows=4 tokens=4 us=1273
BATCH stage=decode rows=4 tokens=4 us=1272
BATCH stage=decode rows=4 tokens=4 us=1279
BATCH stage=decode rows=4 tokens=4 us=1281
BATCH stage=decode rows=4 tokens=4 us=1276
BATCH stage=decode rows=4 tokens=4 us=1276
BATCH stage=decode rows=4 tokens=4 us=1272
BATCH stage=decode rows=4 tokens=4 us=1282
BATCH stage=decode rows=4 tokens=4 us=1273
BATCH stage=decode rows=4 tokens=4 us=1277
BATCH stage=decode rows=4 tokens=4 us=1275
BATCH stage=decode rows=4 tokens=4 us=1274
BATCH stage=decode rows=4 tokens=4 us=1297
BATCH stage=decode rows=4 tokens=4 us=1287
BATCH stage=decode rows=4 tokens=4 us=1282
BATCH stage=decode rows=4 tokens=4 us=1281
BATCH stage=decode rows=4 tokens=4 us=1287
BATCH stage=decode rows=4 tokens=4 us=1286
BATCH stage=decode rows=4 tokens=4 us=1285
BATCH stage=decode rows=4 tokens=4 us=1284
BATCH stage=decode rows=4 tokens=4 us=1285
BATCH stage=decode rows=4 tokens=4 us=1288
BATCH stage=decode rows=4 tokens=4 us=1289
BATCH stage=decode rows=4 tokens=4 us=1279
BATCH stage=decode rows=4 tokens=4 us=1278
BATCH stage=decode rows=4 tokens=4 us=1278
BATCH stage=decode rows=4 tokens=4 us=1272
BATCH stage=decode rows=4 tokens=4 us=1287
BATCH stage=decode rows=3 tokens=3 us=1276
BATCH stage=prefill rows=1 tokens=128 us=2872
BATCH stage=decode rows=4 tokens=4 us=1295
BATCH stage=decode rows=4 tokens=4 us=1290
BATCH stage=decode rows=4 tokens=4 us=1292
BATCH stage=decode rows=4 tokens=4 us=1289
BATCH stage=decode rows=4 tokens=4 us=1291
BATCH stage=decode rows=4 tokens=4 us=1274
BATCH stage=decode rows=4 tokens=4 us=1279
BATCH stage=decode rows=4 tokens=4 us=1292
BATCH stage=decode rows=4 tokens=4 us=1275
BATCH stage=decode rows=4 tokens=4 us=1289
BATCH stage=decode rows=4 tokens=4 us=1283
BATCH stage=decode rows=4 tokens=4 us=1282
BATCH stage=decode rows=4 tokens=4 us=1275
BATCH stage=decode rows=4 tokens=4 us=1279
BATCH stage=decode rows=4 tokens=4 us=1285
BATCH stage=decode rows=4 tokens=4 us=1324
BATCH stage=decode rows=4 tokens=4 us=1343
BATCH stage=decode rows=4 tokens=4 us=1342
BATCH stage=decode rows=4 tokens=4 us=1335
BATCH stage=decode rows=4 tokens=4 us=1333
BATCH stage=decode rows=4 tokens=4 us=1348
BATCH stage=decode rows=3 tokens=3 us=1323
BATCH stage=prefill rows=1 tokens=128 us=2849
BATCH stage=decode rows=3 tokens=3 us=1318
BATCH stage=prefill rows=1 tokens=128 us=3413
BATCH stage=decode rows=3 tokens=3 us=1322
BATCH stage=prefill rows=1 tokens=128 us=4173
BATCH stage=decode rows=3 tokens=3 us=1312
BATCH stage=prefill rows=1 tokens=14 us=4855
BATCH stage=decode rows=4 tokens=4 us=1342
BATCH stage=decode rows=4 tokens=4 us=1346
BATCH stage=decode rows=4 tokens=4 us=1347
BATCH stage=decode rows=3 tokens=3 us=1257
BATCH stage=prefill rows=1 tokens=16 us=2289
BATCH stage=decode rows=4 tokens=4 us=1264
BATCH stage=decode rows=4 tokens=4 us=1269
BATCH stage=decode rows=4 tokens=4 us=1272
BATCH stage=decode rows=4 tokens=4 us=1266
BATCH stage=decode rows=4 tokens=4 us=1265
BATCH stage=decode rows=4 tokens=4 us=1272
BATCH stage=decode rows=4 tokens=4 us=1259
BATCH stage=decode rows=4 tokens=4 us=1259
BATCH stage=decode rows=4 tokens=4 us=1277
BATCH stage=decode rows=4 tokens=4 us=1272
BATCH stage=decode rows=4 tokens=4 us=1273
BATCH stage=decode rows=4 tokens=4 us=1274
BATCH stage=decode rows=4 tokens=4 us=1283
BATCH stage=decode rows=4 tokens=4 us=1260
BATCH stage=decode rows=4 tokens=4 us=1272
BATCH stage=decode rows=4 tokens=4 us=1263
BATCH stage=decode rows=4 tokens=4 us=1282
BATCH stage=decode rows=4 tokens=4 us=1273
BATCH stage=decode rows=4 tokens=4 us=1290
BATCH stage=decode rows=4 tokens=4 us=1272
BATCH stage=decode rows=4 tokens=4 us=1287
BATCH stage=decode rows=4 tokens=4 us=1294
BATCH stage=decode rows=4 tokens=4 us=1287
BATCH stage=decode rows=4 tokens=4 us=1290
BATCH stage=decode rows=4 tokens=4 us=1285
BATCH stage=decode rows=4 tokens=4 us=1288
BATCH stage=decode rows=4 tokens=4 us=1290
BATCH stage=decode rows=4 tokens=4 us=1279
BATCH stage=decode rows=4 tokens=4 us=1279
BATCH stage=decode rows=4 tokens=4 us=1277
BATCH stage=decode rows=4 tokens=4 us=1285
BATCH stage=decode rows=3 tokens=3 us=1264
BATCH stage=prefill rows=1 tokens=128 us=2874
BATCH stage=decode rows=4 tokens=4 us=1289
BATCH stage=decode rows=4 tokens=4 us=1288
BATCH stage=decode rows=3 tokens=3 us=1258
BATCH stage=prefill rows=1 tokens=128 us=2849
BATCH stage=decode rows=3 tokens=3 us=1266
BATCH stage=prefill rows=1 tokens=128 us=3405
BATCH stage=decode rows=3 tokens=3 us=1254
BATCH stage=prefill rows=1 tokens=128 us=4142
BATCH stage=decode rows=3 tokens=3 us=1260
BATCH stage=prefill rows=1 tokens=14 us=4835
BATCH stage=decode rows=4 tokens=4 us=1284
BATCH stage=decode rows=4 tokens=4 us=1283
BATCH stage=decode rows=4 tokens=4 us=1296
BATCH stage=decode rows=4 tokens=4 us=1286
BATCH stage=decode rows=4 tokens=4 us=1284
BATCH stage=decode rows=4 tokens=4 us=1285
BATCH stage=decode rows=4 tokens=4 us=1277
BATCH stage=decode rows=4 tokens=4 us=1283
BATCH stage=decode rows=4 tokens=4 us=1302
BATCH stage=decode rows=4 tokens=4 us=1290
BATCH stage=decode rows=4 tokens=4 us=1324
BATCH stage=decode rows=4 tokens=4 us=1343
BATCH stage=decode rows=4 tokens=4 us=1345
BATCH stage=decode rows=4 tokens=4 us=1342
BATCH stage=decode rows=4 tokens=4 us=1346
BATCH stage=decode rows=4 tokens=4 us=1336
BATCH stage=decode rows=4 tokens=4 us=1342
BATCH stage=decode rows=4 tokens=4 us=1351
BATCH stage=decode rows=4 tokens=4 us=1349
BATCH stage=decode rows=4 tokens=4 us=1356
BATCH stage=decode rows=4 tokens=4 us=1350
BATCH stage=decode rows=4 tokens=4 us=1345
BATCH stage=decode rows=4 tokens=4 us=1349
BATCH stage=decode rows=3 tokens=3 us=1258
BATCH stage=prefill rows=1 tokens=16 us=2292
BATCH stage=decode rows=4 tokens=4 us=1275
BATCH stage=decode rows=4 tokens=4 us=1276
BATCH stage=decode rows=4 tokens=4 us=1282
BATCH stage=decode rows=4 tokens=4 us=1275
BATCH stage=decode rows=4 tokens=4 us=1279
BATCH stage=decode rows=4 tokens=4 us=1279
BATCH stage=decode rows=4 tokens=4 us=1265
BATCH stage=decode rows=4 tokens=4 us=1266
BATCH stage=decode rows=4 tokens=4 us=1283
BATCH stage=decode rows=4 tokens=4 us=1269
BATCH stage=decode rows=4 tokens=4 us=1275
BATCH stage=decode rows=4 tokens=4 us=1281
BATCH stage=decode rows=4 tokens=4 us=1275
BATCH stage=decode rows=4 tokens=4 us=1275
BATCH stage=decode rows=4 tokens=4 us=1269
BATCH stage=decode rows=4 tokens=4 us=1276
BATCH stage=decode rows=4 tokens=4 us=1288
BATCH stage=decode rows=4 tokens=4 us=1284
BATCH stage=decode rows=4 tokens=4 us=1296
BATCH stage=decode rows=4 tokens=4 us=1292
BATCH stage=decode rows=4 tokens=4 us=1290
BATCH stage=decode rows=4 tokens=4 us=1286
BATCH stage=decode rows=4 tokens=4 us=1289
BATCH stage=decode rows=4 tokens=4 us=1284
BATCH stage=decode rows=4 tokens=4 us=1287
BATCH stage=decode rows=4 tokens=4 us=1278
BATCH stage=decode rows=4 tokens=4 us=1275
BATCH stage=decode rows=4 tokens=4 us=1284
BATCH stage=decode rows=4 tokens=4 us=1294
BATCH stage=decode rows=4 tokens=4 us=1283
BATCH stage=decode rows=4 tokens=4 us=1282
BATCH stage=decode rows=3 tokens=3 us=1258
BATCH stage=prefill rows=1 tokens=128 us=2878
BATCH stage=decode rows=4 tokens=4 us=1293
BATCH stage=decode rows=3 tokens=3 us=1272
BATCH stage=prefill rows=1 tokens=128 us=2851
BATCH stage=decode rows=3 tokens=3 us=1256
BATCH stage=prefill rows=1 tokens=128 us=3410
BATCH stage=decode rows=3 tokens=3 us=1272
BATCH stage=prefill rows=1 tokens=128 us=4157
BATCH stage=decode rows=3 tokens=3 us=1269
BATCH stage=prefill rows=1 tokens=14 us=4852
BATCH stage=decode rows=4 tokens=4 us=1302
BATCH stage=decode rows=4 tokens=4 us=1299
BATCH stage=decode rows=4 tokens=4 us=1300
BATCH stage=decode rows=4 tokens=4 us=1300
BATCH stage=decode rows=4 tokens=4 us=1284
BATCH stage=decode rows=4 tokens=4 us=1289
BATCH stage=decode rows=4 tokens=4 us=1284
BATCH stage=decode rows=4 tokens=4 us=1294
BATCH stage=decode rows=4 tokens=4 us=1295
BATCH stage=decode rows=4 tokens=4 us=1301
BATCH stage=decode rows=4 tokens=4 us=1283
BATCH stage=decode rows=4 tokens=4 us=1325
BATCH stage=decode rows=4 tokens=4 us=1341
BATCH stage=decode rows=4 tokens=4 us=1350
BATCH stage=decode rows=4 tokens=4 us=1351
BATCH stage=decode rows=4 tokens=4 us=1349
BATCH stage=decode rows=4 tokens=4 us=1342
BATCH stage=decode rows=4 tokens=4 us=1342
BATCH stage=decode rows=4 tokens=4 us=1347
BATCH stage=decode rows=4 tokens=4 us=1346
BATCH stage=decode rows=4 tokens=4 us=1334
BATCH stage=decode rows=4 tokens=4 us=1341
BATCH stage=decode rows=4 tokens=4 us=1350
BATCH stage=decode rows=4 tokens=4 us=1353
BATCH stage=decode rows=3 tokens=3 us=1265
BATCH stage=prefill rows=1 tokens=16 us=2275
BATCH stage=decode rows=4 tokens=4 us=1289
BATCH stage=decode rows=4 tokens=4 us=1289
BATCH stage=decode rows=4 tokens=4 us=1278
BATCH stage=decode rows=4 tokens=4 us=1289
BATCH stage=decode rows=4 tokens=4 us=1275
BATCH stage=decode rows=4 tokens=4 us=1284
BATCH stage=decode rows=4 tokens=4 us=1297
BATCH stage=decode rows=4 tokens=4 us=1285
BATCH stage=decode rows=4 tokens=4 us=1285
BATCH stage=decode rows=4 tokens=4 us=1288
BATCH stage=decode rows=4 tokens=4 us=1282
BATCH stage=decode rows=4 tokens=4 us=1290
BATCH stage=decode rows=4 tokens=4 us=1295
BATCH stage=decode rows=4 tokens=4 us=1286
BATCH stage=decode rows=4 tokens=4 us=1289
BATCH stage=decode rows=4 tokens=4 us=1285
BATCH stage=decode rows=4 tokens=4 us=1296
BATCH stage=decode rows=4 tokens=4 us=1287
BATCH stage=decode rows=4 tokens=4 us=1290
BATCH stage=decode rows=4 tokens=4 us=1295
BATCH stage=decode rows=4 tokens=4 us=1286
BATCH stage=decode rows=4 tokens=4 us=1288
BATCH stage=decode rows=4 tokens=4 us=1288
BATCH stage=decode rows=4 tokens=4 us=1290
BATCH stage=decode rows=4 tokens=4 us=1288
BATCH stage=decode rows=4 tokens=4 us=1289
BATCH stage=decode rows=4 tokens=4 us=1290
BATCH stage=decode rows=4 tokens=4 us=1289
BATCH stage=decode rows=4 tokens=4 us=1325
BATCH stage=decode rows=4 tokens=4 us=1335
BATCH stage=decode rows=4 tokens=4 us=1346
BATCH stage=decode rows=3 tokens=3 us=1318
BATCH stage=prefill rows=1 tokens=128 us=2876
BATCH stage=decode rows=4 tokens=4 us=1349
BATCH stage=decode rows=3 tokens=3 us=1312
BATCH stage=prefill rows=1 tokens=128 us=2865
BATCH stage=decode rows=3 tokens=3 us=1329
BATCH stage=prefill rows=1 tokens=128 us=3422
BATCH stage=decode rows=3 tokens=3 us=1315
BATCH stage=prefill rows=1 tokens=128 us=4163
BATCH stage=decode rows=3 tokens=3 us=1324
BATCH stage=prefill rows=1 tokens=14 us=4853
BATCH stage=decode rows=4 tokens=4 us=1349
BATCH stage=decode rows=4 tokens=4 us=1346
BATCH stage=decode rows=4 tokens=4 us=1347
BATCH stage=decode rows=4 tokens=4 us=1346
BATCH stage=decode rows=3 tokens=3 us=1250
BATCH stage=prefill rows=1 tokens=16 us=2292
BATCH stage=decode rows=4 tokens=4 us=1276
BATCH stage=decode rows=4 tokens=4 us=1276
BATCH stage=decode rows=4 tokens=4 us=1272
BATCH stage=decode rows=4 tokens=4 us=1268
BATCH stage=decode rows=4 tokens=4 us=1275
BATCH stage=decode rows=4 tokens=4 us=1274
BATCH stage=decode rows=4 tokens=4 us=1276
BATCH stage=decode rows=4 tokens=4 us=1265
BATCH stage=decode rows=4 tokens=4 us=1263
BATCH stage=decode rows=4 tokens=4 us=1267
BATCH stage=decode rows=4 tokens=4 us=1263
BATCH stage=decode rows=4 tokens=4 us=1258
BATCH stage=decode rows=4 tokens=4 us=1264
BATCH stage=decode rows=4 tokens=4 us=1273
BATCH stage=decode rows=4 tokens=4 us=1268
BATCH stage=decode rows=4 tokens=4 us=1277
BATCH stage=decode rows=4 tokens=4 us=1290
BATCH stage=decode rows=4 tokens=4 us=1284
BATCH stage=decode rows=4 tokens=4 us=1278
BATCH stage=decode rows=4 tokens=4 us=1276
BATCH stage=decode rows=4 tokens=4 us=1287
BATCH stage=decode rows=4 tokens=4 us=1290
BATCH stage=decode rows=4 tokens=4 us=1286
BATCH stage=decode rows=4 tokens=4 us=1292
BATCH stage=decode rows=4 tokens=4 us=1276
BATCH stage=decode rows=4 tokens=4 us=1275
BATCH stage=decode rows=4 tokens=4 us=1284
BATCH stage=decode rows=4 tokens=4 us=1291
BATCH stage=decode rows=4 tokens=4 us=1292
BATCH stage=decode rows=4 tokens=4 us=1280
BATCH stage=decode rows=4 tokens=4 us=1288
BATCH stage=decode rows=3 tokens=3 us=1265
BATCH stage=prefill rows=1 tokens=128 us=2892
BATCH stage=decode rows=4 tokens=4 us=1307
BATCH stage=decode rows=4 tokens=4 us=1292
BATCH stage=decode rows=4 tokens=4 us=1298
BATCH stage=decode rows=4 tokens=4 us=1297
BATCH stage=decode rows=4 tokens=4 us=1297
BATCH stage=decode rows=4 tokens=4 us=1292
BATCH stage=decode rows=4 tokens=4 us=1324
BATCH stage=decode rows=4 tokens=4 us=1297
BATCH stage=decode rows=4 tokens=4 us=1294
BATCH stage=decode rows=4 tokens=4 us=1291
BATCH stage=decode rows=4 tokens=4 us=1285
BATCH stage=decode rows=4 tokens=4 us=1281
BATCH stage=decode rows=4 tokens=4 us=1293
BATCH stage=decode rows=4 tokens=4 us=1291
BATCH stage=decode rows=4 tokens=4 us=1290
BATCH stage=decode rows=4 tokens=4 us=1318
BATCH stage=decode rows=4 tokens=4 us=1335
BATCH stage=decode rows=4 tokens=4 us=1332
BATCH stage=decode rows=4 tokens=4 us=1333
BATCH stage=decode rows=4 tokens=4 us=1326
BATCH stage=decode rows=4 tokens=4 us=1331
BATCH stage=decode rows=3 tokens=3 us=1317
BATCH stage=prefill rows=1 tokens=128 us=2861
BATCH stage=decode rows=3 tokens=3 us=1334
BATCH stage=prefill rows=1 tokens=128 us=3418
BATCH stage=decode rows=3 tokens=3 us=1314
BATCH stage=prefill rows=1 tokens=128 us=4141
BATCH stage=decode rows=3 tokens=3 us=1312
BATCH stage=prefill rows=1 tokens=14 us=4841
BATCH stage=decode rows=4 tokens=4 us=1334
BATCH stage=decode rows=4 tokens=4 us=1340
BATCH stage=decode rows=4 tokens=4 us=1335
BATCH stage=decode rows=3 tokens=3 us=1244
BATCH stage=prefill rows=1 tokens=16 us=2293
BATCH stage=decode rows=4 tokens=4 us=1263
BATCH stage=decode rows=4 tokens=4 us=1283
BATCH stage=decode rows=4 tokens=4 us=1275
BATCH stage=decode rows=4 tokens=4 us=1264
BATCH stage=decode rows=4 tokens=4 us=1274
BATCH stage=decode rows=4 tokens=4 us=1275
BATCH stage=decode rows=4 tokens=4 us=1271
BATCH stage=decode rows=4 tokens=4 us=1269
BATCH stage=decode rows=4 tokens=4 us=1279
BATCH stage=decode rows=4 tokens=4 us=1275
BATCH stage=decode rows=4 tokens=4 us=1277
BATCH stage=decode rows=4 tokens=4 us=1277
BATCH stage=decode rows=4 tokens=4 us=1261
BATCH stage=decode rows=4 tokens=4 us=1274
BATCH stage=decode rows=4 tokens=4 us=1274
BATCH stage=decode rows=4 tokens=4 us=1261
BATCH stage=decode rows=4 tokens=4 us=1281
BATCH stage=decode rows=4 tokens=4 us=1284
BATCH stage=decode rows=4 tokens=4 us=1284
BATCH stage=decode rows=4 tokens=4 us=1290
BATCH stage=decode rows=4 tokens=4 us=1287
BATCH stage=decode rows=4 tokens=4 us=1276
BATCH stage=decode rows=4 tokens=4 us=1278
BATCH stage=decode rows=4 tokens=4 us=1282
BATCH stage=decode rows=4 tokens=4 us=1284
BATCH stage=decode rows=4 tokens=4 us=1277
BATCH stage=decode rows=4 tokens=4 us=1283
BATCH stage=decode rows=4 tokens=4 us=1294
BATCH stage=decode rows=4 tokens=4 us=1282
BATCH stage=decode rows=4 tokens=4 us=1272
BATCH stage=decode rows=4 tokens=4 us=1281
BATCH stage=decode rows=3 tokens=3 us=1266
BATCH stage=prefill rows=1 tokens=128 us=2884
BATCH stage=decode rows=4 tokens=4 us=1298
BATCH stage=decode rows=4 tokens=4 us=1294
BATCH stage=decode rows=3 tokens=3 us=1270
BATCH stage=prefill rows=1 tokens=128 us=2840
BATCH stage=decode rows=3 tokens=3 us=1252
BATCH stage=prefill rows=1 tokens=128 us=3393
BATCH stage=decode rows=3 tokens=3 us=1255
BATCH stage=prefill rows=1 tokens=128 us=4138
BATCH stage=decode rows=3 tokens=3 us=1252
BATCH stage=prefill rows=1 tokens=14 us=4841
BATCH stage=decode rows=4 tokens=4 us=1284
BATCH stage=decode rows=4 tokens=4 us=1281
BATCH stage=decode rows=4 tokens=4 us=1287
BATCH stage=decode rows=4 tokens=4 us=1291
BATCH stage=decode rows=4 tokens=4 us=1295
BATCH stage=decode rows=4 tokens=4 us=1298
BATCH stage=decode rows=4 tokens=4 us=1297
BATCH stage=decode rows=4 tokens=4 us=1298
BATCH stage=decode rows=4 tokens=4 us=1287
BATCH stage=decode rows=4 tokens=4 us=1277
BATCH stage=decode rows=4 tokens=4 us=1319
BATCH stage=decode rows=4 tokens=4 us=1342
BATCH stage=decode rows=4 tokens=4 us=1339
BATCH stage=decode rows=4 tokens=4 us=1343
BATCH stage=decode rows=4 tokens=4 us=1351
BATCH stage=decode rows=4 tokens=4 us=1349
BATCH stage=decode rows=4 tokens=4 us=1346
BATCH stage=decode rows=4 tokens=4 us=1341
BATCH stage=decode rows=4 tokens=4 us=1334
BATCH stage=decode rows=4 tokens=4 us=1341
BATCH stage=decode rows=4 tokens=4 us=1333
BATCH stage=decode rows=4 tokens=4 us=1335
BATCH stage=decode rows=4 tokens=4 us=1338
BATCH stage=decode rows=3 tokens=3 us=1255
BATCH stage=prefill rows=1 tokens=16 us=2289
BATCH stage=decode rows=4 tokens=4 us=1259
BATCH stage=decode rows=4 tokens=4 us=1258
BATCH stage=decode rows=4 tokens=4 us=1274
BATCH stage=decode rows=4 tokens=4 us=1267
BATCH stage=decode rows=4 tokens=4 us=1262
BATCH stage=decode rows=4 tokens=4 us=1262
BATCH stage=decode rows=4 tokens=4 us=1264
BATCH stage=decode rows=4 tokens=4 us=1263
BATCH stage=decode rows=4 tokens=4 us=1269
BATCH stage=decode rows=4 tokens=4 us=1260
BATCH stage=decode rows=4 tokens=4 us=1281
BATCH stage=decode rows=4 tokens=4 us=1279
BATCH stage=decode rows=4 tokens=4 us=1270
BATCH stage=decode rows=4 tokens=4 us=1270
BATCH stage=decode rows=4 tokens=4 us=1270
BATCH stage=decode rows=4 tokens=4 us=1262
BATCH stage=decode rows=4 tokens=4 us=1285
BATCH stage=decode rows=4 tokens=4 us=1283
BATCH stage=decode rows=4 tokens=4 us=1276
BATCH stage=decode rows=4 tokens=4 us=1282
BATCH stage=decode rows=4 tokens=4 us=1270
BATCH stage=decode rows=4 tokens=4 us=1285
BATCH stage=decode rows=4 tokens=4 us=1277
BATCH stage=decode rows=4 tokens=4 us=1291
BATCH stage=decode rows=4 tokens=4 us=1284
BATCH stage=decode rows=4 tokens=4 us=1287
BATCH stage=decode rows=4 tokens=4 us=1289
BATCH stage=decode rows=4 tokens=4 us=1281
BATCH stage=decode rows=4 tokens=4 us=1293
BATCH stage=decode rows=4 tokens=4 us=1285
BATCH stage=decode rows=4 tokens=4 us=1282
BATCH stage=decode rows=3 tokens=3 us=1264
BATCH stage=prefill rows=1 tokens=128 us=2875
BATCH stage=decode rows=4 tokens=4 us=1304
BATCH stage=decode rows=3 tokens=3 us=1274
BATCH stage=prefill rows=1 tokens=128 us=2861
BATCH stage=decode rows=3 tokens=3 us=1268
BATCH stage=prefill rows=1 tokens=128 us=3399
BATCH stage=decode rows=3 tokens=3 us=1258
BATCH stage=prefill rows=1 tokens=128 us=4158
BATCH stage=decode rows=3 tokens=3 us=1269
BATCH stage=prefill rows=1 tokens=14 us=4842
BATCH stage=decode rows=4 tokens=4 us=1281
BATCH stage=decode rows=4 tokens=4 us=1294
BATCH stage=decode rows=4 tokens=4 us=1295
BATCH stage=decode rows=4 tokens=4 us=1290
BATCH stage=decode rows=4 tokens=4 us=1288
BATCH stage=decode rows=4 tokens=4 us=1285
BATCH stage=decode rows=4 tokens=4 us=1282
BATCH stage=decode rows=4 tokens=4 us=1279
BATCH stage=decode rows=4 tokens=4 us=1289
BATCH stage=decode rows=4 tokens=4 us=1279
BATCH stage=decode rows=4 tokens=4 us=1275
BATCH stage=decode rows=4 tokens=4 us=1312
BATCH stage=decode rows=4 tokens=4 us=1341
BATCH stage=decode rows=4 tokens=4 us=1343
BATCH stage=decode rows=4 tokens=4 us=1340
BATCH stage=decode rows=4 tokens=4 us=1341
BATCH stage=decode rows=4 tokens=4 us=1338
BATCH stage=decode rows=4 tokens=4 us=1340
BATCH stage=decode rows=4 tokens=4 us=1337
BATCH stage=decode rows=4 tokens=4 us=1339
BATCH stage=decode rows=4 tokens=4 us=1344
BATCH stage=decode rows=4 tokens=4 us=1348
BATCH stage=decode rows=4 tokens=4 us=1345
BATCH stage=decode rows=4 tokens=4 us=1340
BATCH stage=decode rows=3 tokens=3 us=1263
BATCH stage=prefill rows=1 tokens=16 us=2293
BATCH stage=decode rows=4 tokens=4 us=1286
BATCH stage=decode rows=4 tokens=4 us=1274
BATCH stage=decode rows=4 tokens=4 us=1285
BATCH stage=decode rows=4 tokens=4 us=1271
BATCH stage=decode rows=4 tokens=4 us=1281
BATCH stage=decode rows=4 tokens=4 us=1271
BATCH stage=decode rows=4 tokens=4 us=1269
BATCH stage=decode rows=4 tokens=4 us=1286
BATCH stage=decode rows=4 tokens=4 us=1286
BATCH stage=decode rows=4 tokens=4 us=1271
BATCH stage=decode rows=4 tokens=4 us=1282
BATCH stage=decode rows=4 tokens=4 us=1286
BATCH stage=decode rows=4 tokens=4 us=1294
BATCH stage=decode rows=4 tokens=4 us=1270
BATCH stage=decode rows=4 tokens=4 us=1279
BATCH stage=decode rows=4 tokens=4 us=1291
BATCH stage=decode rows=4 tokens=4 us=1275
BATCH stage=decode rows=4 tokens=4 us=1284
BATCH stage=decode rows=4 tokens=4 us=1275
BATCH stage=decode rows=4 tokens=4 us=1283
BATCH stage=decode rows=4 tokens=4 us=1283
BATCH stage=decode rows=4 tokens=4 us=1286
BATCH stage=decode rows=4 tokens=4 us=1286
BATCH stage=decode rows=4 tokens=4 us=1291
BATCH stage=decode rows=4 tokens=4 us=1286
BATCH stage=decode rows=4 tokens=4 us=1285
BATCH stage=decode rows=4 tokens=4 us=1291
BATCH stage=decode rows=4 tokens=4 us=1270
BATCH stage=decode rows=4 tokens=4 us=1323
BATCH stage=decode rows=4 tokens=4 us=1342
BATCH stage=decode rows=4 tokens=4 us=1333
BATCH stage=decode rows=3 tokens=3 us=1324
BATCH stage=prefill rows=1 tokens=128 us=2864
BATCH stage=decode rows=4 tokens=4 us=1333
BATCH stage=decode rows=3 tokens=3 us=1309
BATCH stage=prefill rows=1 tokens=128 us=2851
BATCH stage=decode rows=3 tokens=3 us=1311
BATCH stage=prefill rows=1 tokens=128 us=3405
BATCH stage=decode rows=3 tokens=3 us=1307
BATCH stage=prefill rows=1 tokens=128 us=4139
BATCH stage=decode rows=3 tokens=3 us=1319
BATCH stage=prefill rows=1 tokens=14 us=4850
BATCH stage=decode rows=4 tokens=4 us=1331
BATCH stage=decode rows=4 tokens=4 us=1327
BATCH stage=decode rows=4 tokens=4 us=1330
BATCH stage=decode rows=4 tokens=4 us=1331
BATCH stage=decode rows=3 tokens=3 us=1243
BATCH stage=prefill rows=1 tokens=16 us=2289
BATCH stage=decode rows=4 tokens=4 us=1274
BATCH stage=decode rows=4 tokens=4 us=1257
BATCH stage=decode rows=4 tokens=4 us=1262
BATCH stage=decode rows=4 tokens=4 us=1267
BATCH stage=decode rows=4 tokens=4 us=1261
BATCH stage=decode rows=4 tokens=4 us=1270
BATCH stage=decode rows=4 tokens=4 us=1267
BATCH stage=decode rows=4 tokens=4 us=1272
BATCH stage=decode rows=4 tokens=4 us=1273
BATCH stage=decode rows=4 tokens=4 us=1274
BATCH stage=decode rows=4 tokens=4 us=1269
BATCH stage=decode rows=4 tokens=4 us=1272
BATCH stage=decode rows=4 tokens=4 us=1262
BATCH stage=decode rows=4 tokens=4 us=1257
BATCH stage=decode rows=4 tokens=4 us=1270
BATCH stage=decode rows=4 tokens=4 us=1272
BATCH stage=decode rows=4 tokens=4 us=1285
BATCH stage=decode rows=4 tokens=4 us=1285
BATCH stage=decode rows=4 tokens=4 us=1278
BATCH stage=decode rows=4 tokens=4 us=1287
BATCH stage=decode rows=4 tokens=4 us=1286
BATCH stage=decode rows=4 tokens=4 us=1285
BATCH stage=decode rows=4 tokens=4 us=1274
BATCH stage=decode rows=4 tokens=4 us=1288
BATCH stage=decode rows=4 tokens=4 us=1286
BATCH stage=decode rows=4 tokens=4 us=1286
BATCH stage=decode rows=4 tokens=4 us=1287
BATCH stage=decode rows=4 tokens=4 us=1284
BATCH stage=decode rows=4 tokens=4 us=1281
BATCH stage=decode rows=4 tokens=4 us=1283
BATCH stage=decode rows=4 tokens=4 us=1286
BATCH stage=decode rows=3 tokens=3 us=1256
BATCH stage=prefill rows=1 tokens=128 us=2875
BATCH stage=decode rows=4 tokens=4 us=1285
BATCH stage=decode rows=4 tokens=4 us=1293
BATCH stage=decode rows=4 tokens=4 us=1288
BATCH stage=decode rows=4 tokens=4 us=1291
BATCH stage=decode rows=4 tokens=4 us=1287
BATCH stage=decode rows=4 tokens=4 us=1285
BATCH stage=decode rows=4 tokens=4 us=1292
BATCH stage=decode rows=4 tokens=4 us=1290
BATCH stage=decode rows=4 tokens=4 us=1289
BATCH stage=decode rows=4 tokens=4 us=1289
BATCH stage=decode rows=4 tokens=4 us=1287
BATCH stage=decode rows=4 tokens=4 us=1288
BATCH stage=decode rows=4 tokens=4 us=1278
BATCH stage=decode rows=4 tokens=4 us=1289
BATCH stage=decode rows=4 tokens=4 us=1269
BATCH stage=decode rows=4 tokens=4 us=1329
BATCH stage=decode rows=4 tokens=4 us=1326
BATCH stage=decode rows=4 tokens=4 us=1341
BATCH stage=decode rows=4 tokens=4 us=1338
BATCH stage=decode rows=4 tokens=4 us=1333
BATCH stage=decode rows=4 tokens=4 us=1342
BATCH stage=decode rows=3 tokens=3 us=1326
BATCH stage=prefill rows=1 tokens=128 us=2851
BATCH stage=decode rows=3 tokens=3 us=1321
BATCH stage=prefill rows=1 tokens=128 us=3419
BATCH stage=decode rows=3 tokens=3 us=1323
BATCH stage=prefill rows=1 tokens=128 us=4143
BATCH stage=decode rows=3 tokens=3 us=1306
BATCH stage=prefill rows=1 tokens=14 us=4849
BATCH stage=decode rows=4 tokens=4 us=1342
BATCH stage=decode rows=4 tokens=4 us=1337
BATCH stage=decode rows=4 tokens=4 us=1333
BATCH stage=decode rows=3 tokens=3 us=1242
BATCH stage=prefill rows=1 tokens=16 us=2279
BATCH stage=decode rows=4 tokens=4 us=1269
BATCH stage=decode rows=4 tokens=4 us=1262
BATCH stage=decode rows=4 tokens=4 us=1274
BATCH stage=decode rows=4 tokens=4 us=1270
BATCH stage=decode rows=4 tokens=4 us=1265
BATCH stage=decode rows=4 tokens=4 us=1271
BATCH stage=decode rows=4 tokens=4 us=1263
BATCH stage=decode rows=4 tokens=4 us=1259
BATCH stage=decode rows=4 tokens=4 us=1259
BATCH stage=decode rows=4 tokens=4 us=1277
BATCH stage=decode rows=4 tokens=4 us=1266
BATCH stage=decode rows=4 tokens=4 us=1262
BATCH stage=decode rows=4 tokens=4 us=1264
BATCH stage=decode rows=4 tokens=4 us=1270
BATCH stage=decode rows=4 tokens=4 us=1272
BATCH stage=decode rows=4 tokens=4 us=1271
BATCH stage=decode rows=4 tokens=4 us=1284
BATCH stage=decode rows=4 tokens=4 us=1289
BATCH stage=decode rows=4 tokens=4 us=1288
BATCH stage=decode rows=4 tokens=4 us=1285
BATCH stage=decode rows=4 tokens=4 us=1275
BATCH stage=decode rows=4 tokens=4 us=1290
BATCH stage=decode rows=4 tokens=4 us=1272
BATCH stage=decode rows=4 tokens=4 us=1277
BATCH stage=decode rows=4 tokens=4 us=1275
BATCH stage=decode rows=4 tokens=4 us=1275
BATCH stage=decode rows=4 tokens=4 us=1286
BATCH stage=decode rows=4 tokens=4 us=1277
BATCH stage=decode rows=4 tokens=4 us=1274
BATCH stage=decode rows=4 tokens=4 us=1271
BATCH stage=decode rows=4 tokens=4 us=1276
BATCH stage=decode rows=3 tokens=3 us=1253
BATCH stage=prefill rows=1 tokens=128 us=2877
BATCH stage=decode rows=4 tokens=4 us=1290
BATCH stage=decode rows=4 tokens=4 us=1288
BATCH stage=decode rows=3 tokens=3 us=1257
BATCH stage=prefill rows=1 tokens=128 us=2854
BATCH stage=decode rows=3 tokens=3 us=1265
BATCH stage=prefill rows=1 tokens=128 us=3412
BATCH stage=decode rows=3 tokens=3 us=1268
BATCH stage=prefill rows=1 tokens=128 us=4165
BATCH stage=decode rows=3 tokens=3 us=1272
BATCH stage=prefill rows=1 tokens=14 us=4852
BATCH stage=decode rows=4 tokens=4 us=1293
BATCH stage=decode rows=4 tokens=4 us=1296
BATCH stage=decode rows=4 tokens=4 us=1292
BATCH stage=decode rows=4 tokens=4 us=1281
BATCH stage=decode rows=4 tokens=4 us=1295
BATCH stage=decode rows=4 tokens=4 us=1295
BATCH stage=decode rows=4 tokens=4 us=1296
BATCH stage=decode rows=4 tokens=4 us=1298
BATCH stage=decode rows=4 tokens=4 us=1298
BATCH stage=decode rows=4 tokens=4 us=1285
BATCH stage=decode rows=4 tokens=4 us=1330
BATCH stage=decode rows=4 tokens=4 us=1342
BATCH stage=decode rows=4 tokens=4 us=1339
BATCH stage=decode rows=4 tokens=4 us=1343
BATCH stage=decode rows=4 tokens=4 us=1344
BATCH stage=decode rows=4 tokens=4 us=1341
BATCH stage=decode rows=4 tokens=4 us=1343
BATCH stage=decode rows=4 tokens=4 us=1334
BATCH stage=decode rows=4 tokens=4 us=1341
BATCH stage=decode rows=4 tokens=4 us=1329
BATCH stage=decode rows=4 tokens=4 us=1331
BATCH stage=decode rows=4 tokens=4 us=1338
BATCH stage=decode rows=4 tokens=4 us=1330
BATCH stage=decode rows=3 tokens=3 us=1255
BATCH stage=prefill rows=1 tokens=16 us=2293
BATCH stage=decode rows=4 tokens=4 us=1269
BATCH stage=decode rows=4 tokens=4 us=1269
BATCH stage=decode rows=4 tokens=4 us=1278
BATCH stage=decode rows=4 tokens=4 us=1277
BATCH stage=decode rows=4 tokens=4 us=1276
BATCH stage=decode rows=4 tokens=4 us=1268
BATCH stage=decode rows=4 tokens=4 us=1265
BATCH stage=decode rows=4 tokens=4 us=1274
BATCH stage=decode rows=4 tokens=4 us=1278
BATCH stage=decode rows=4 tokens=4 us=1270
BATCH stage=decode rows=4 tokens=4 us=1278
BATCH stage=decode rows=4 tokens=4 us=1280
BATCH stage=decode rows=4 tokens=4 us=1272
BATCH stage=decode rows=4 tokens=4 us=1271
BATCH stage=decode rows=4 tokens=4 us=1273
BATCH stage=decode rows=4 tokens=4 us=1271
BATCH stage=decode rows=4 tokens=4 us=1289
BATCH stage=decode rows=4 tokens=4 us=1281
BATCH stage=decode rows=4 tokens=4 us=1286
BATCH stage=decode rows=4 tokens=4 us=1278
BATCH stage=decode rows=4 tokens=4 us=1289
BATCH stage=decode rows=4 tokens=4 us=1287
BATCH stage=decode rows=4 tokens=4 us=1286
BATCH stage=decode rows=4 tokens=4 us=1284
BATCH stage=decode rows=4 tokens=4 us=1282
BATCH stage=decode rows=4 tokens=4 us=1282
BATCH stage=decode rows=4 tokens=4 us=1291
BATCH stage=decode rows=4 tokens=4 us=1279
BATCH stage=decode rows=4 tokens=4 us=1284
BATCH stage=decode rows=4 tokens=4 us=1289
BATCH stage=decode rows=4 tokens=4 us=1288
BATCH stage=decode rows=3 tokens=3 us=1261
BATCH stage=prefill rows=1 tokens=128 us=2873
BATCH stage=decode rows=4 tokens=4 us=1294
BATCH stage=decode rows=3 tokens=3 us=1264
BATCH stage=prefill rows=1 tokens=128 us=2848
BATCH stage=decode rows=3 tokens=3 us=1266
BATCH stage=prefill rows=1 tokens=128 us=3406
BATCH stage=decode rows=3 tokens=3 us=1267
BATCH stage=prefill rows=1 tokens=128 us=4139
BATCH stage=decode rows=3 tokens=3 us=1264
BATCH stage=prefill rows=1 tokens=14 us=4838
BATCH stage=decode rows=4 tokens=4 us=1296
BATCH stage=decode rows=4 tokens=4 us=1296
BATCH stage=decode rows=4 tokens=4 us=1290
BATCH stage=decode rows=4 tokens=4 us=1290
BATCH stage=decode rows=4 tokens=4 us=1291
BATCH stage=decode rows=4 tokens=4 us=1284
BATCH stage=decode rows=4 tokens=4 us=1362
BATCH stage=decode rows=4 tokens=4 us=1302
BATCH stage=decode rows=4 tokens=4 us=1293
BATCH stage=decode rows=4 tokens=4 us=1296
BATCH stage=decode rows=4 tokens=4 us=1287
BATCH stage=decode rows=4 tokens=4 us=1330
BATCH stage=decode rows=4 tokens=4 us=1347
BATCH stage=decode rows=4 tokens=4 us=1339
BATCH stage=decode rows=4 tokens=4 us=1342
BATCH stage=decode rows=4 tokens=4 us=1342
BATCH stage=decode rows=4 tokens=4 us=1336
BATCH stage=decode rows=4 tokens=4 us=1336
BATCH stage=decode rows=4 tokens=4 us=1349
BATCH stage=decode rows=4 tokens=4 us=1343
BATCH stage=decode rows=4 tokens=4 us=1341
BATCH stage=decode rows=4 tokens=4 us=1352
BATCH stage=decode rows=4 tokens=4 us=1351
BATCH stage=decode rows=4 tokens=4 us=1342
BATCH stage=decode rows=3 tokens=3 us=1266
BATCH stage=prefill rows=1 tokens=16 us=2278
BATCH stage=decode rows=4 tokens=4 us=1286
BATCH stage=decode rows=4 tokens=4 us=1281
BATCH stage=decode rows=4 tokens=4 us=1282
BATCH stage=decode rows=4 tokens=4 us=1289
BATCH stage=decode rows=4 tokens=4 us=1289
BATCH stage=decode rows=4 tokens=4 us=1289
BATCH stage=decode rows=4 tokens=4 us=1286
BATCH stage=decode rows=4 tokens=4 us=1275
BATCH stage=decode rows=4 tokens=4 us=1274
BATCH stage=decode rows=4 tokens=4 us=1288
BATCH stage=decode rows=4 tokens=4 us=1284
BATCH stage=decode rows=4 tokens=4 us=1278
BATCH stage=decode rows=4 tokens=4 us=1288
BATCH stage=decode rows=4 tokens=4 us=1287
BATCH stage=decode rows=4 tokens=4 us=1283
BATCH stage=decode rows=4 tokens=4 us=1292
BATCH stage=decode rows=4 tokens=4 us=1293
BATCH stage=decode rows=4 tokens=4 us=1285
BATCH stage=decode rows=4 tokens=4 us=1290
BATCH stage=decode rows=4 tokens=4 us=1286
BATCH stage=decode rows=4 tokens=4 us=1279
BATCH stage=decode rows=4 tokens=4 us=1276
BATCH stage=decode rows=4 tokens=4 us=1290
BATCH stage=decode rows=4 tokens=4 us=1284
BATCH stage=decode rows=4 tokens=4 us=1276
BATCH stage=decode rows=4 tokens=4 us=1286
BATCH stage=decode rows=4 tokens=4 us=1290
BATCH stage=decode rows=4 tokens=4 us=1284
BATCH stage=decode rows=4 tokens=4 us=1324
BATCH stage=decode rows=4 tokens=4 us=1330
BATCH stage=decode rows=4 tokens=4 us=1337
BATCH stage=decode rows=3 tokens=3 us=1320
BATCH stage=prefill rows=1 tokens=128 us=2871
BATCH stage=decode rows=4 tokens=4 us=1348
BATCH stage=decode rows=3 tokens=3 us=1328
BATCH stage=prefill rows=1 tokens=128 us=2846
BATCH stage=decode rows=3 tokens=3 us=1326
BATCH stage=prefill rows=1 tokens=128 us=3402
BATCH stage=decode rows=3 tokens=3 us=1324
BATCH stage=prefill rows=1 tokens=128 us=4133
BATCH stage=decode rows=3 tokens=3 us=1318
BATCH stage=prefill rows=1 tokens=14 us=4853
BATCH stage=decode rows=4 tokens=4 us=1352
BATCH stage=decode rows=4 tokens=4 us=1346
BATCH stage=decode rows=4 tokens=4 us=1345
BATCH stage=decode rows=4 tokens=4 us=1348
BATCH stage=decode rows=3 tokens=3 us=1252
BATCH stage=prefill rows=1 tokens=16 us=2289
BATCH stage=decode rows=4 tokens=4 us=1261
BATCH stage=decode rows=4 tokens=4 us=1273
BATCH stage=decode rows=4 tokens=4 us=1267
BATCH stage=decode rows=4 tokens=4 us=1274
BATCH stage=decode rows=4 tokens=4 us=1272
BATCH stage=decode rows=4 tokens=4 us=1274
BATCH stage=decode rows=4 tokens=4 us=1278
BATCH stage=decode rows=4 tokens=4 us=1268
BATCH stage=decode rows=4 tokens=4 us=1274
BATCH stage=decode rows=4 tokens=4 us=1287
BATCH stage=decode rows=4 tokens=4 us=1266
BATCH stage=decode rows=4 tokens=4 us=1265
BATCH stage=decode rows=4 tokens=4 us=1280
BATCH stage=decode rows=4 tokens=4 us=1272
BATCH stage=decode rows=4 tokens=4 us=1278
BATCH stage=decode rows=4 tokens=4 us=1291
BATCH stage=decode rows=4 tokens=4 us=1288
BATCH stage=decode rows=4 tokens=4 us=1283
BATCH stage=decode rows=4 tokens=4 us=1274
BATCH stage=decode rows=4 tokens=4 us=1288
BATCH stage=decode rows=4 tokens=4 us=1284
BATCH stage=decode rows=4 tokens=4 us=1283
BATCH stage=decode rows=4 tokens=4 us=1293
BATCH stage=decode rows=4 tokens=4 us=1290
BATCH stage=decode rows=4 tokens=4 us=1283
BATCH stage=decode rows=4 tokens=4 us=1281
BATCH stage=decode rows=4 tokens=4 us=1290
BATCH stage=decode rows=4 tokens=4 us=1281
BATCH stage=decode rows=4 tokens=4 us=1287
BATCH stage=decode rows=4 tokens=4 us=1293
BATCH stage=decode rows=4 tokens=4 us=1294
BATCH stage=decode rows=3 tokens=3 us=1258
BATCH stage=prefill rows=1 tokens=128 us=2888
BATCH stage=decode rows=4 tokens=4 us=1317
BATCH stage=decode rows=4 tokens=4 us=1281
BATCH stage=decode rows=4 tokens=4 us=1285
BATCH stage=decode rows=4 tokens=4 us=1283
BATCH stage=decode rows=4 tokens=4 us=1287
BATCH stage=decode rows=4 tokens=4 us=1286
BATCH stage=decode rows=4 tokens=4 us=1290
BATCH stage=decode rows=4 tokens=4 us=1278
BATCH stage=decode rows=4 tokens=4 us=1282
BATCH stage=decode rows=4 tokens=4 us=1287
BATCH stage=decode rows=4 tokens=4 us=1287
BATCH stage=decode rows=4 tokens=4 us=1290
BATCH stage=decode rows=4 tokens=4 us=1293
BATCH stage=decode rows=4 tokens=4 us=1294
BATCH stage=decode rows=4 tokens=4 us=1278
BATCH stage=decode rows=4 tokens=4 us=1318
BATCH stage=decode rows=4 tokens=4 us=1337
BATCH stage=decode rows=4 tokens=4 us=1329
BATCH stage=decode rows=4 tokens=4 us=1341
BATCH stage=decode rows=4 tokens=4 us=1335
BATCH stage=decode rows=4 tokens=4 us=1340
BATCH stage=decode rows=3 tokens=3 us=1325
BATCH stage=prefill rows=1 tokens=128 us=2858
BATCH stage=decode rows=3 tokens=3 us=1311
BATCH stage=prefill rows=1 tokens=128 us=3416
BATCH stage=decode rows=3 tokens=3 us=1314
BATCH stage=prefill rows=1 tokens=128 us=4143
BATCH stage=decode rows=3 tokens=3 us=1318
BATCH stage=prefill rows=1 tokens=14 us=4853
BATCH stage=decode rows=4 tokens=4 us=1340
BATCH stage=decode rows=4 tokens=4 us=1345
BATCH stage=decode rows=4 tokens=4 us=1335
BATCH stage=decode rows=3 tokens=3 us=1254
BATCH stage=prefill rows=1 tokens=16 us=2277
BATCH stage=decode rows=4 tokens=4 us=1268
BATCH stage=decode rows=4 tokens=4 us=1267
BATCH stage=decode rows=4 tokens=4 us=1262
BATCH stage=decode rows=4 tokens=4 us=1261
BATCH stage=decode rows=4 tokens=4 us=1262
BATCH stage=decode rows=4 tokens=4 us=1259
BATCH stage=decode rows=4 tokens=4 us=1265
BATCH stage=decode rows=4 tokens=4 us=1256
BATCH stage=decode rows=4 tokens=4 us=1262
BATCH stage=decode rows=4 tokens=4 us=1259
BATCH stage=decode rows=4 tokens=4 us=1267
BATCH stage=decode rows=4 tokens=4 us=1271
BATCH stage=decode rows=4 tokens=4 us=1259
BATCH stage=decode rows=4 tokens=4 us=1263
BATCH stage=decode rows=4 tokens=4 us=1272
BATCH stage=decode rows=4 tokens=4 us=1270
BATCH stage=decode rows=4 tokens=4 us=1284
BATCH stage=decode rows=4 tokens=4 us=1284
BATCH stage=decode rows=4 tokens=4 us=1286
BATCH stage=decode rows=4 tokens=4 us=1291
BATCH stage=decode rows=4 tokens=4 us=1289
BATCH stage=decode rows=4 tokens=4 us=1275
BATCH stage=decode rows=4 tokens=4 us=1290
BATCH stage=decode rows=4 tokens=4 us=1279
BATCH stage=decode rows=4 tokens=4 us=1279
BATCH stage=decode rows=4 tokens=4 us=1287
BATCH stage=decode rows=4 tokens=4 us=1289
BATCH stage=decode rows=4 tokens=4 us=1286
BATCH stage=decode rows=4 tokens=4 us=1282
BATCH stage=decode rows=4 tokens=4 us=1281
BATCH stage=decode rows=4 tokens=4 us=1286
BATCH stage=decode rows=3 tokens=3 us=1266
BATCH stage=prefill rows=1 tokens=128 us=2859
BATCH stage=decode rows=4 tokens=4 us=1290
BATCH stage=decode rows=4 tokens=4 us=1296
BATCH stage=decode rows=3 tokens=3 us=1270
BATCH stage=prefill rows=1 tokens=128 us=2853
BATCH stage=decode rows=3 tokens=3 us=1255
BATCH stage=prefill rows=1 tokens=128 us=3404
BATCH stage=decode rows=3 tokens=3 us=1266
BATCH stage=prefill rows=1 tokens=128 us=4171
BATCH stage=decode rows=3 tokens=3 us=1262
BATCH stage=prefill rows=1 tokens=14 us=4844
BATCH stage=decode rows=4 tokens=4 us=1286
BATCH stage=decode rows=4 tokens=4 us=1288
BATCH stage=decode rows=4 tokens=4 us=1296
BATCH stage=decode rows=4 tokens=4 us=1295
BATCH stage=decode rows=4 tokens=4 us=1280
BATCH stage=decode rows=4 tokens=4 us=1292
BATCH stage=decode rows=4 tokens=4 us=1287
BATCH stage=decode rows=4 tokens=4 us=1292
BATCH stage=decode rows=4 tokens=4 us=1284
BATCH stage=decode rows=4 tokens=4 us=1288
BATCH stage=decode rows=4 tokens=4 us=1329
BATCH stage=decode rows=4 tokens=4 us=1352
BATCH stage=decode rows=4 tokens=4 us=1354
BATCH stage=decode rows=4 tokens=4 us=1348
BATCH stage=decode rows=4 tokens=4 us=1344
BATCH stage=decode rows=4 tokens=4 us=1343
BATCH stage=decode rows=4 tokens=4 us=1348
BATCH stage=decode rows=4 tokens=4 us=1344
BATCH stage=decode rows=4 tokens=4 us=1344
BATCH stage=decode rows=4 tokens=4 us=1339
BATCH stage=decode rows=4 tokens=4 us=1341
BATCH stage=decode rows=4 tokens=4 us=1332
BATCH stage=decode rows=4 tokens=4 us=1328
BATCH stage=decode rows=3 tokens=3 us=1258
BATCH stage=prefill rows=1 tokens=16 us=2277
BATCH stage=decode rows=4 tokens=4 us=1263
BATCH stage=decode rows=4 tokens=4 us=1271
BATCH stage=decode rows=4 tokens=4 us=1261
BATCH stage=decode rows=4 tokens=4 us=1268
BATCH stage=decode rows=4 tokens=4 us=1274
BATCH stage=decode rows=4 tokens=4 us=1261
BATCH stage=decode rows=4 tokens=4 us=1277
BATCH stage=decode rows=4 tokens=4 us=1269
BATCH stage=decode rows=4 tokens=4 us=1269
BATCH stage=decode rows=4 tokens=4 us=1263
BATCH stage=decode rows=4 tokens=4 us=1275
BATCH stage=decode rows=4 tokens=4 us=1277
BATCH stage=decode rows=4 tokens=4 us=1269
BATCH stage=decode rows=4 tokens=4 us=1277
BATCH stage=decode rows=4 tokens=4 us=1267
BATCH stage=decode rows=4 tokens=4 us=1263
BATCH stage=decode rows=4 tokens=4 us=1288
BATCH stage=decode rows=4 tokens=4 us=1284
BATCH stage=decode rows=4 tokens=4 us=1286
BATCH stage=decode rows=4 tokens=4 us=1285
BATCH stage=decode rows=4 tokens=4 us=1281
BATCH stage=decode rows=4 tokens=4 us=1284
BATCH stage=decode rows=4 tokens=4 us=1282
BATCH stage=decode rows=4 tokens=4 us=1276
BATCH stage=decode rows=4 tokens=4 us=1278
BATCH stage=decode rows=4 tokens=4 us=1281
BATCH stage=decode rows=4 tokens=4 us=1292
BATCH stage=decode rows=4 tokens=4 us=1295
BATCH stage=decode rows=4 tokens=4 us=1291
BATCH stage=decode rows=4 tokens=4 us=1288
BATCH stage=decode rows=4 tokens=4 us=1274
BATCH stage=decode rows=3 tokens=3 us=1252
BATCH stage=prefill rows=1 tokens=128 us=2855
BATCH stage=decode rows=4 tokens=4 us=1281
BATCH stage=decode rows=3 tokens=3 us=1255
BATCH stage=prefill rows=1 tokens=128 us=2845
BATCH stage=decode rows=3 tokens=3 us=1264
BATCH stage=prefill rows=1 tokens=128 us=3402
BATCH stage=decode rows=3 tokens=3 us=1252
BATCH stage=prefill rows=1 tokens=128 us=4124
BATCH stage=decode rows=3 tokens=3 us=1252
BATCH stage=prefill rows=1 tokens=14 us=4831
BATCH stage=decode rows=4 tokens=4 us=1280
BATCH stage=decode rows=4 tokens=4 us=1282
BATCH stage=decode rows=4 tokens=4 us=1283
BATCH stage=decode rows=4 tokens=4 us=1280
BATCH stage=decode rows=4 tokens=4 us=1276
BATCH stage=decode rows=4 tokens=4 us=1279
BATCH stage=decode rows=4 tokens=4 us=1277
BATCH stage=decode rows=4 tokens=4 us=1281
BATCH stage=decode rows=4 tokens=4 us=1288
BATCH stage=decode rows=4 tokens=4 us=1282
BATCH stage=decode rows=4 tokens=4 us=1274
BATCH stage=decode rows=4 tokens=4 us=1317
BATCH stage=decode rows=4 tokens=4 us=1338
BATCH stage=decode rows=4 tokens=4 us=1333
BATCH stage=decode rows=4 tokens=4 us=1338
BATCH stage=decode rows=4 tokens=4 us=1328
BATCH stage=decode rows=4 tokens=4 us=1330
BATCH stage=decode rows=4 tokens=4 us=1326
BATCH stage=decode rows=4 tokens=4 us=1327
BATCH stage=decode rows=4 tokens=4 us=1339
BATCH stage=decode rows=4 tokens=4 us=1331
BATCH stage=decode rows=4 tokens=4 us=1342
BATCH stage=decode rows=4 tokens=4 us=1329
BATCH stage=decode rows=4 tokens=4 us=1343
BATCH stage=decode rows=3 tokens=3 us=1270
BATCH stage=prefill rows=1 tokens=16 us=2289
BATCH stage=decode rows=4 tokens=4 us=1269
BATCH stage=decode rows=4 tokens=4 us=1279
BATCH stage=decode rows=4 tokens=4 us=1289
BATCH stage=decode rows=4 tokens=4 us=1279
BATCH stage=decode rows=4 tokens=4 us=1277
BATCH stage=decode rows=4 tokens=4 us=1281
BATCH stage=decode rows=4 tokens=4 us=1289
BATCH stage=decode rows=4 tokens=4 us=1284
BATCH stage=decode rows=4 tokens=4 us=1289
BATCH stage=decode rows=4 tokens=4 us=1272
BATCH stage=decode rows=4 tokens=4 us=1290
BATCH stage=decode rows=4 tokens=4 us=1286
BATCH stage=decode rows=4 tokens=4 us=1273
BATCH stage=decode rows=4 tokens=4 us=1278
BATCH stage=decode rows=4 tokens=4 us=1280
BATCH stage=decode rows=4 tokens=4 us=1287
BATCH stage=decode rows=4 tokens=4 us=1286
BATCH stage=decode rows=4 tokens=4 us=1279
BATCH stage=decode rows=4 tokens=4 us=1281
BATCH stage=decode rows=4 tokens=4 us=1276
BATCH stage=decode rows=4 tokens=4 us=1277
BATCH stage=decode rows=4 tokens=4 us=1295
BATCH stage=decode rows=4 tokens=4 us=1277
BATCH stage=decode rows=4 tokens=4 us=1280
BATCH stage=decode rows=4 tokens=4 us=1282
BATCH stage=decode rows=4 tokens=4 us=1278
BATCH stage=decode rows=4 tokens=4 us=1276
BATCH stage=decode rows=4 tokens=4 us=1273
BATCH stage=decode rows=4 tokens=4 us=1322
BATCH stage=decode rows=4 tokens=4 us=1341
BATCH stage=decode rows=4 tokens=4 us=1342
BATCH stage=decode rows=3 tokens=3 us=1319
BATCH stage=prefill rows=1 tokens=128 us=2874
BATCH stage=decode rows=4 tokens=4 us=1341
BATCH stage=decode rows=3 tokens=3 us=1323
BATCH stage=prefill rows=1 tokens=128 us=2844
BATCH stage=decode rows=3 tokens=3 us=1313
BATCH stage=prefill rows=1 tokens=128 us=3415
BATCH stage=decode rows=3 tokens=3 us=1307
BATCH stage=prefill rows=1 tokens=128 us=4149
BATCH stage=decode rows=3 tokens=3 us=1312
BATCH stage=prefill rows=1 tokens=14 us=4846
BATCH stage=decode rows=4 tokens=4 us=1339
BATCH stage=decode rows=4 tokens=4 us=1329
BATCH stage=decode rows=4 tokens=4 us=1343
BATCH stage=decode rows=4 tokens=4 us=1333
BATCH stage=decode rows=3 tokens=3 us=1239
BATCH stage=prefill rows=1 tokens=16 us=2276
BATCH stage=decode rows=4 tokens=4 us=1259
BATCH stage=decode rows=4 tokens=4 us=1261
BATCH stage=decode rows=4 tokens=4 us=1266
BATCH stage=decode rows=4 tokens=4 us=1273
BATCH stage=decode rows=4 tokens=4 us=1270
BATCH stage=decode rows=4 tokens=4 us=1278
BATCH stage=decode rows=4 tokens=4 us=1275
BATCH stage=decode rows=4 tokens=4 us=1259
BATCH stage=decode rows=4 tokens=4 us=1274
BATCH stage=decode rows=4 tokens=4 us=1273
BATCH stage=decode rows=4 tokens=4 us=1268
BATCH stage=decode rows=4 tokens=4 us=1255
BATCH stage=decode rows=4 tokens=4 us=1255
BATCH stage=decode rows=4 tokens=4 us=1277
BATCH stage=decode rows=4 tokens=4 us=1274
BATCH stage=decode rows=4 tokens=4 us=1285
BATCH stage=decode rows=4 tokens=4 us=1282
BATCH stage=decode rows=4 tokens=4 us=1286
BATCH stage=decode rows=4 tokens=4 us=1285
BATCH stage=decode rows=4 tokens=4 us=1275
BATCH stage=decode rows=4 tokens=4 us=1283
BATCH stage=decode rows=4 tokens=4 us=1276
BATCH stage=decode rows=4 tokens=4 us=1287
BATCH stage=decode rows=4 tokens=4 us=1284
BATCH stage=decode rows=4 tokens=4 us=1273
BATCH stage=decode rows=4 tokens=4 us=1280
BATCH stage=decode rows=4 tokens=4 us=1271
BATCH stage=decode rows=4 tokens=4 us=1289
BATCH stage=decode rows=4 tokens=4 us=1286
BATCH stage=decode rows=4 tokens=4 us=1283
BATCH stage=decode rows=4 tokens=4 us=1272
BATCH stage=decode rows=3 tokens=3 us=1256
BATCH stage=prefill rows=1 tokens=128 us=2875
BATCH stage=decode rows=4 tokens=4 us=1291
BATCH stage=decode rows=4 tokens=4 us=1276
BATCH stage=decode rows=4 tokens=4 us=1285
BATCH stage=decode rows=4 tokens=4 us=1288
BATCH stage=decode rows=4 tokens=4 us=1277
BATCH stage=decode rows=4 tokens=4 us=1285
BATCH stage=decode rows=4 tokens=4 us=1293
BATCH stage=decode rows=4 tokens=4 us=1291
BATCH stage=decode rows=4 tokens=4 us=1290
BATCH stage=decode rows=4 tokens=4 us=1292
BATCH stage=decode rows=4 tokens=4 us=1285
BATCH stage=decode rows=4 tokens=4 us=1278
BATCH stage=decode rows=4 tokens=4 us=1285
BATCH stage=decode rows=4 tokens=4 us=1276
BATCH stage=decode rows=4 tokens=4 us=1282
BATCH stage=decode rows=4 tokens=4 us=1325
BATCH stage=decode rows=4 tokens=4 us=1332
BATCH stage=decode rows=4 tokens=4 us=1340
BATCH stage=decode rows=4 tokens=4 us=1342
BATCH stage=decode rows=4 tokens=4 us=1341
BATCH stage=decode rows=4 tokens=4 us=1328
BATCH stage=decode rows=3 tokens=3 us=1324
BATCH stage=prefill rows=1 tokens=128 us=2846
BATCH stage=decode rows=3 tokens=3 us=1318
BATCH stage=prefill rows=1 tokens=128 us=3423
BATCH stage=decode rows=3 tokens=3 us=1326
BATCH stage=prefill rows=1 tokens=128 us=4141
BATCH stage=decode rows=3 tokens=3 us=1319
BATCH stage=prefill rows=1 tokens=14 us=4851
BATCH stage=decode rows=4 tokens=4 us=1346
BATCH stage=decode rows=4 tokens=4 us=1343
BATCH stage=decode rows=4 tokens=4 us=1338
BATCH stage=decode rows=3 tokens=3 us=1253
BATCH stage=prefill rows=1 tokens=16 us=2282
BATCH stage=decode rows=4 tokens=4 us=1269
BATCH stage=decode rows=4 tokens=4 us=1275
BATCH stage=decode rows=4 tokens=4 us=1273
BATCH stage=decode rows=4 tokens=4 us=1273
BATCH stage=decode rows=4 tokens=4 us=1269
BATCH stage=decode rows=4 tokens=4 us=1279
BATCH stage=decode rows=4 tokens=4 us=1273
BATCH stage=decode rows=4 tokens=4 us=1268
BATCH stage=decode rows=4 tokens=4 us=1274
BATCH stage=decode rows=4 tokens=4 us=1271
BATCH stage=decode rows=4 tokens=4 us=1268
BATCH stage=decode rows=4 tokens=4 us=1267
BATCH stage=decode rows=4 tokens=4 us=1266
BATCH stage=decode rows=4 tokens=4 us=1272
BATCH stage=decode rows=4 tokens=4 us=1267
BATCH stage=decode rows=4 tokens=4 us=1273
BATCH stage=decode rows=4 tokens=4 us=1288
BATCH stage=decode rows=4 tokens=4 us=1289
BATCH stage=decode rows=4 tokens=4 us=1291
BATCH stage=decode rows=4 tokens=4 us=1271
BATCH stage=decode rows=4 tokens=4 us=1272
BATCH stage=decode rows=4 tokens=4 us=1286
BATCH stage=decode rows=4 tokens=4 us=1283
BATCH stage=decode rows=4 tokens=4 us=1286
BATCH stage=decode rows=4 tokens=4 us=1291
BATCH stage=decode rows=4 tokens=4 us=1281
BATCH stage=decode rows=4 tokens=4 us=1274
BATCH stage=decode rows=4 tokens=4 us=1271
BATCH stage=decode rows=4 tokens=4 us=1300
BATCH stage=decode rows=4 tokens=4 us=1285
BATCH stage=decode rows=4 tokens=4 us=1292
BATCH stage=decode rows=3 tokens=3 us=1266
BATCH stage=prefill rows=1 tokens=128 us=2877
BATCH stage=decode rows=4 tokens=4 us=1293
BATCH stage=decode rows=4 tokens=4 us=1291
BATCH stage=decode rows=3 tokens=3 us=1266
BATCH stage=prefill rows=1 tokens=128 us=2845
BATCH stage=decode rows=3 tokens=3 us=1260
BATCH stage=prefill rows=1 tokens=128 us=3411
BATCH stage=decode rows=3 tokens=3 us=1270
BATCH stage=prefill rows=1 tokens=128 us=4148
BATCH stage=decode rows=3 tokens=3 us=1265
BATCH stage=prefill rows=1 tokens=14 us=4846
BATCH stage=decode rows=4 tokens=4 us=1293
BATCH stage=decode rows=4 tokens=4 us=1288
BATCH stage=decode rows=4 tokens=4 us=1295
BATCH stage=decode rows=4 tokens=4 us=1291
BATCH stage=decode rows=4 tokens=4 us=1283
BATCH stage=decode rows=4 tokens=4 us=1294
BATCH stage=decode rows=4 tokens=4 us=1298
BATCH stage=decode rows=4 tokens=4 us=1289
BATCH stage=decode rows=4 tokens=4 us=1290
BATCH stage=decode rows=4 tokens=4 us=1282
BATCH stage=decode rows=4 tokens=4 us=1327
BATCH stage=decode rows=4 tokens=4 us=1340
BATCH stage=decode rows=4 tokens=4 us=1340
BATCH stage=decode rows=4 tokens=4 us=1336
BATCH stage=decode rows=4 tokens=4 us=1343
BATCH stage=decode rows=4 tokens=4 us=1335
BATCH stage=decode rows=4 tokens=4 us=1339
BATCH stage=decode rows=4 tokens=4 us=1336
BATCH stage=decode rows=4 tokens=4 us=1347
BATCH stage=decode rows=4 tokens=4 us=1330
BATCH stage=decode rows=4 tokens=4 us=1337
BATCH stage=decode rows=4 tokens=4 us=1345
BATCH stage=decode rows=4 tokens=4 us=1338
BATCH stage=decode rows=3 tokens=3 us=1252
BATCH stage=prefill rows=1 tokens=16 us=2291
BATCH stage=decode rows=4 tokens=4 us=1275
BATCH stage=decode rows=4 tokens=4 us=1273
BATCH stage=decode rows=4 tokens=4 us=1276
BATCH stage=decode rows=4 tokens=4 us=1276
BATCH stage=decode rows=4 tokens=4 us=1271
BATCH stage=decode rows=4 tokens=4 us=1270
BATCH stage=decode rows=4 tokens=4 us=1270
BATCH stage=decode rows=4 tokens=4 us=1269
BATCH stage=decode rows=4 tokens=4 us=1275
BATCH stage=decode rows=4 tokens=4 us=1265
BATCH stage=decode rows=4 tokens=4 us=1262
BATCH stage=decode rows=4 tokens=4 us=1275
BATCH stage=decode rows=4 tokens=4 us=1270
BATCH stage=decode rows=4 tokens=4 us=1275
BATCH stage=decode rows=4 tokens=4 us=1268
BATCH stage=decode rows=4 tokens=4 us=1274
BATCH stage=decode rows=4 tokens=4 us=1294
BATCH stage=decode rows=4 tokens=4 us=1285
BATCH stage=decode rows=4 tokens=4 us=1286
BATCH stage=decode rows=4 tokens=4 us=1285
BATCH stage=decode rows=4 tokens=4 us=1285
BATCH stage=decode rows=4 tokens=4 us=1282
BATCH stage=decode rows=4 tokens=4 us=1280
BATCH stage=decode rows=4 tokens=4 us=1288
BATCH stage=decode rows=4 tokens=4 us=1280
BATCH stage=decode rows=4 tokens=4 us=1279
BATCH stage=decode rows=4 tokens=4 us=1275
BATCH stage=decode rows=4 tokens=4 us=1271
BATCH stage=decode rows=4 tokens=4 us=1283
BATCH stage=decode rows=4 tokens=4 us=1276
BATCH stage=decode rows=4 tokens=4 us=1272
BATCH stage=decode rows=3 tokens=3 us=1266
BATCH stage=prefill rows=1 tokens=128 us=2866
BATCH stage=decode rows=4 tokens=4 us=1293
BATCH stage=decode rows=3 tokens=3 us=1265
BATCH stage=prefill rows=1 tokens=128 us=2856
BATCH stage=decode rows=3 tokens=3 us=1264
BATCH stage=prefill rows=1 tokens=128 us=3412
BATCH stage=decode rows=3 tokens=3 us=1266
BATCH stage=prefill rows=1 tokens=128 us=4192
BATCH stage=decode rows=3 tokens=3 us=1264
BATCH stage=prefill rows=1 tokens=14 us=4850
BATCH stage=decode rows=4 tokens=4 us=1287
BATCH stage=decode rows=4 tokens=4 us=1288
BATCH stage=decode rows=4 tokens=4 us=1292
BATCH stage=decode rows=4 tokens=4 us=1283
BATCH stage=decode rows=4 tokens=4 us=1290
BATCH stage=decode rows=4 tokens=4 us=1292
BATCH stage=decode rows=4 tokens=4 us=1283
BATCH stage=decode rows=4 tokens=4 us=1288
BATCH stage=decode rows=4 tokens=4 us=1291
BATCH stage=decode rows=4 tokens=4 us=1293
BATCH stage=decode rows=4 tokens=4 us=1286
BATCH stage=decode rows=4 tokens=4 us=1328
BATCH stage=decode rows=4 tokens=4 us=1342
BATCH stage=decode rows=4 tokens=4 us=1341
BATCH stage=decode rows=4 tokens=4 us=1340
BATCH stage=decode rows=4 tokens=4 us=1339
BATCH stage=decode rows=4 tokens=4 us=1336
BATCH stage=decode rows=4 tokens=4 us=1335
BATCH stage=decode rows=4 tokens=4 us=1345
BATCH stage=decode rows=4 tokens=4 us=1340
BATCH stage=decode rows=4 tokens=4 us=1342
BATCH stage=decode rows=4 tokens=4 us=1343
BATCH stage=decode rows=4 tokens=4 us=1340
BATCH stage=decode rows=4 tokens=4 us=1344
BATCH stage=decode rows=3 tokens=3 us=1264
BATCH stage=prefill rows=1 tokens=16 us=2289
BATCH stage=decode rows=4 tokens=4 us=1270
BATCH stage=decode rows=4 tokens=4 us=1272
BATCH stage=decode rows=4 tokens=4 us=1284
BATCH stage=decode rows=4 tokens=4 us=1281
BATCH stage=decode rows=4 tokens=4 us=1294
BATCH stage=decode rows=4 tokens=4 us=1275
BATCH stage=decode rows=4 tokens=4 us=1278
BATCH stage=decode rows=4 tokens=4 us=1278
BATCH stage=decode rows=4 tokens=4 us=1279
BATCH stage=decode rows=4 tokens=4 us=1281
BATCH stage=decode rows=4 tokens=4 us=1284
BATCH stage=decode rows=4 tokens=4 us=1287
BATCH stage=decode rows=4 tokens=4 us=1281
BATCH stage=decode rows=4 tokens=4 us=1284
BATCH stage=decode rows=4 tokens=4 us=1289
BATCH stage=decode rows=4 tokens=4 us=1283
BATCH stage=decode rows=4 tokens=4 us=1281
BATCH stage=decode rows=4 tokens=4 us=1289
BATCH stage=decode rows=4 tokens=4 us=1289
BATCH stage=decode rows=4 tokens=4 us=1288
BATCH stage=decode rows=4 tokens=4 us=1285
BATCH stage=decode rows=4 tokens=4 us=1292
BATCH stage=decode rows=4 tokens=4 us=1286
BATCH stage=decode rows=4 tokens=4 us=1292
BATCH stage=decode rows=4 tokens=4 us=1279
BATCH stage=decode rows=4 tokens=4 us=1292
BATCH stage=decode rows=4 tokens=4 us=1292
BATCH stage=decode rows=4 tokens=4 us=1281
BATCH stage=decode rows=4 tokens=4 us=1319
BATCH stage=decode rows=4 tokens=4 us=1335
BATCH stage=decode rows=4 tokens=4 us=1337
BATCH stage=decode rows=3 tokens=3 us=1322
BATCH stage=prefill rows=1 tokens=128 us=2865
BATCH stage=decode rows=4 tokens=4 us=1348
BATCH stage=decode rows=3 tokens=3 us=1323
BATCH stage=prefill rows=1 tokens=128 us=2855
BATCH stage=decode rows=3 tokens=3 us=1326
BATCH stage=prefill rows=1 tokens=128 us=3411
BATCH stage=decode rows=3 tokens=3 us=1323
BATCH stage=prefill rows=1 tokens=128 us=4164
BATCH stage=decode rows=3 tokens=3 us=1327
BATCH stage=prefill rows=1 tokens=14 us=4853
BATCH stage=decode rows=4 tokens=4 us=1339
BATCH stage=decode rows=4 tokens=4 us=1348
BATCH stage=decode rows=4 tokens=4 us=1349
BATCH stage=decode rows=4 tokens=4 us=1343
BATCH stage=decode rows=3 tokens=3 us=1257
BATCH stage=prefill rows=1 tokens=16 us=2292
BATCH stage=decode rows=4 tokens=4 us=1277
BATCH stage=decode rows=4 tokens=4 us=1273
BATCH stage=decode rows=4 tokens=4 us=1273
BATCH stage=decode rows=4 tokens=4 us=1266
BATCH stage=decode rows=4 tokens=4 us=1267
BATCH stage=decode rows=4 tokens=4 us=1269
BATCH stage=decode rows=4 tokens=4 us=1274
BATCH stage=decode rows=4 tokens=4 us=1276
BATCH stage=decode rows=4 tokens=4 us=1274
BATCH stage=decode rows=4 tokens=4 us=1265
BATCH stage=decode rows=4 tokens=4 us=1276
BATCH stage=decode rows=4 tokens=4 us=1273
BATCH stage=decode rows=4 tokens=4 us=1275
BATCH stage=decode rows=4 tokens=4 us=1262
BATCH stage=decode rows=4 tokens=4 us=1260
BATCH stage=decode rows=4 tokens=4 us=1268
BATCH stage=decode rows=4 tokens=4 us=1274
BATCH stage=decode rows=4 tokens=4 us=1291
BATCH stage=decode rows=4 tokens=4 us=1265
BATCH stage=decode rows=4 tokens=4 us=1288
BATCH stage=decode rows=4 tokens=4 us=1285
BATCH stage=decode rows=4 tokens=4 us=1279
BATCH stage=decode rows=4 tokens=4 us=1281
BATCH stage=decode rows=4 tokens=4 us=1269
BATCH stage=decode rows=4 tokens=4 us=1280
BATCH stage=decode rows=4 tokens=4 us=1282
BATCH stage=decode rows=4 tokens=4 us=1289
BATCH stage=decode rows=4 tokens=4 us=1291
BATCH stage=decode rows=4 tokens=4 us=1286
BATCH stage=decode rows=4 tokens=4 us=1289
BATCH stage=decode rows=4 tokens=4 us=1279
BATCH stage=decode rows=3 tokens=3 us=1263
BATCH stage=prefill rows=1 tokens=128 us=2860
BATCH stage=decode rows=4 tokens=4 us=1285
BATCH stage=decode rows=4 tokens=4 us=1295
BATCH stage=decode rows=4 tokens=4 us=1279
BATCH stage=decode rows=4 tokens=4 us=1278
BATCH stage=decode rows=4 tokens=4 us=1279
BATCH stage=decode rows=4 tokens=4 us=1277
BATCH stage=decode rows=4 tokens=4 us=1274
BATCH stage=decode rows=4 tokens=4 us=1283
BATCH stage=decode rows=4 tokens=4 us=1285
BATCH stage=decode rows=4 tokens=4 us=1296
BATCH stage=decode rows=4 tokens=4 us=1281
BATCH stage=decode rows=4 tokens=4 us=1281
BATCH stage=decode rows=4 tokens=4 us=1298
BATCH stage=decode rows=4 tokens=4 us=1295
BATCH stage=decode rows=4 tokens=4 us=1283
BATCH stage=decode rows=4 tokens=4 us=1313
BATCH stage=decode rows=4 tokens=4 us=1338
BATCH stage=decode rows=4 tokens=4 us=1337
BATCH stage=decode rows=4 tokens=4 us=1342
BATCH stage=decode rows=4 tokens=4 us=1343
BATCH stage=decode rows=4 tokens=4 us=1347
BATCH stage=decode rows=3 tokens=3 us=1328
BATCH stage=prefill rows=1 tokens=128 us=2842
BATCH stage=decode rows=3 tokens=3 us=1310
BATCH stage=prefill rows=1 tokens=128 us=3405
BATCH stage=decode rows=3 tokens=3 us=1313
BATCH stage=prefill rows=1 tokens=128 us=4149
BATCH stage=decode rows=3 tokens=3 us=1311
BATCH stage=prefill rows=1 tokens=14 us=4856
BATCH stage=decode rows=4 tokens=4 us=1348
BATCH stage=decode rows=4 tokens=4 us=1358
BATCH stage=decode rows=4 tokens=4 us=1345
BATCH stage=decode rows=3 tokens=3 us=1251
BATCH stage=prefill rows=1 tokens=16 us=2296
BATCH stage=decode rows=4 tokens=4 us=1276
BATCH stage=decode rows=4 tokens=4 us=1278
BATCH stage=decode rows=4 tokens=4 us=1277
BATCH stage=decode rows=4 tokens=4 us=1276
BATCH stage=decode rows=4 tokens=4 us=1276
BATCH stage=decode rows=4 tokens=4 us=1273
BATCH stage=decode rows=4 tokens=4 us=1274
BATCH stage=decode rows=4 tokens=4 us=1273
BATCH stage=decode rows=4 tokens=4 us=1273
BATCH stage=decode rows=4 tokens=4 us=1274
BATCH stage=decode rows=4 tokens=4 us=1272
BATCH stage=decode rows=4 tokens=4 us=1270
BATCH stage=decode rows=4 tokens=4 us=1276
BATCH stage=decode rows=4 tokens=4 us=1276
BATCH stage=decode rows=4 tokens=4 us=1279
BATCH stage=decode rows=4 tokens=4 us=1265
BATCH stage=decode rows=4 tokens=4 us=1293
BATCH stage=decode rows=4 tokens=4 us=1290
BATCH stage=decode rows=4 tokens=4 us=1280
BATCH stage=decode rows=4 tokens=4 us=1288
BATCH stage=decode rows=4 tokens=4 us=1285
BATCH stage=decode rows=4 tokens=4 us=1289
BATCH stage=decode rows=4 tokens=4 us=1290
BATCH stage=decode rows=4 tokens=4 us=1282
BATCH stage=decode rows=4 tokens=4 us=1286
BATCH stage=decode rows=4 tokens=4 us=1295
BATCH stage=decode rows=4 tokens=4 us=1292
BATCH stage=decode rows=4 tokens=4 us=1291
BATCH stage=decode rows=4 tokens=4 us=1291
BATCH stage=decode rows=4 tokens=4 us=1289
BATCH stage=decode rows=4 tokens=4 us=1292
BATCH stage=decode rows=3 tokens=3 us=1265
BATCH stage=prefill rows=1 tokens=128 us=2871
BATCH stage=decode rows=4 tokens=4 us=1294
BATCH stage=decode rows=4 tokens=4 us=1295
BATCH stage=decode rows=3 tokens=3 us=1272
BATCH stage=prefill rows=1 tokens=128 us=2848
BATCH stage=decode rows=3 tokens=3 us=1252
BATCH stage=prefill rows=1 tokens=128 us=3406
BATCH stage=decode rows=3 tokens=3 us=1266
BATCH stage=prefill rows=1 tokens=128 us=4134
BATCH stage=decode rows=3 tokens=3 us=1266
BATCH stage=prefill rows=1 tokens=14 us=4847
BATCH stage=decode rows=4 tokens=4 us=1294
BATCH stage=decode rows=4 tokens=4 us=1292
BATCH stage=decode rows=4 tokens=4 us=1281
BATCH stage=decode rows=4 tokens=4 us=1295
BATCH stage=decode rows=4 tokens=4 us=1295
BATCH stage=decode rows=4 tokens=4 us=1279
BATCH stage=decode rows=4 tokens=4 us=1281
BATCH stage=decode rows=4 tokens=4 us=1294
BATCH stage=decode rows=4 tokens=4 us=1292
BATCH stage=decode rows=4 tokens=4 us=1287
BATCH stage=decode rows=4 tokens=4 us=1334
BATCH stage=decode rows=4 tokens=4 us=1346
BATCH stage=decode rows=4 tokens=4 us=1342
BATCH stage=decode rows=4 tokens=4 us=1339
BATCH stage=decode rows=4 tokens=4 us=1342
BATCH stage=decode rows=4 tokens=4 us=1336
BATCH stage=decode rows=4 tokens=4 us=1340
BATCH stage=decode rows=4 tokens=4 us=1338
BATCH stage=decode rows=4 tokens=4 us=1340
BATCH stage=decode rows=4 tokens=4 us=1334
BATCH stage=decode rows=4 tokens=4 us=1338
BATCH stage=decode rows=4 tokens=4 us=1332
BATCH stage=decode rows=4 tokens=4 us=1343
BATCH stage=decode rows=3 tokens=3 us=1255
BATCH stage=prefill rows=1 tokens=16 us=2289
BATCH stage=decode rows=4 tokens=4 us=1277
BATCH stage=decode rows=4 tokens=4 us=1270
BATCH stage=decode rows=4 tokens=4 us=1269
BATCH stage=decode rows=4 tokens=4 us=1263
BATCH stage=decode rows=4 tokens=4 us=1264
BATCH stage=decode rows=4 tokens=4 us=1272
BATCH stage=decode rows=4 tokens=4 us=1270
BATCH stage=decode rows=4 tokens=4 us=1270
BATCH stage=decode rows=4 tokens=4 us=1273
BATCH stage=decode rows=4 tokens=4 us=1276
BATCH stage=decode rows=4 tokens=4 us=1272
BATCH stage=decode rows=4 tokens=4 us=1271
BATCH stage=decode rows=4 tokens=4 us=1269
BATCH stage=decode rows=4 tokens=4 us=1274
BATCH stage=decode rows=4 tokens=4 us=1273
BATCH stage=decode rows=4 tokens=4 us=1278
BATCH stage=decode rows=4 tokens=4 us=1289
BATCH stage=decode rows=4 tokens=4 us=1269
BATCH stage=decode rows=4 tokens=4 us=1288
BATCH stage=decode rows=4 tokens=4 us=1285
BATCH stage=decode rows=4 tokens=4 us=1274
BATCH stage=decode rows=4 tokens=4 us=1277
BATCH stage=decode rows=4 tokens=4 us=1278
BATCH stage=decode rows=4 tokens=4 us=1281
BATCH stage=decode rows=4 tokens=4 us=1276
BATCH stage=decode rows=4 tokens=4 us=1280
BATCH stage=decode rows=4 tokens=4 us=1282
BATCH stage=decode rows=4 tokens=4 us=1272
BATCH stage=decode rows=4 tokens=4 us=1276
BATCH stage=decode rows=4 tokens=4 us=1273
BATCH stage=decode rows=4 tokens=4 us=1274
BATCH stage=decode rows=3 tokens=3 us=1259
BATCH stage=prefill rows=1 tokens=128 us=2871
BATCH stage=decode rows=4 tokens=4 us=1295
BATCH stage=decode rows=3 tokens=3 us=1265
BATCH stage=prefill rows=1 tokens=128 us=2845
BATCH stage=decode rows=3 tokens=3 us=1262
BATCH stage=prefill rows=1 tokens=128 us=3411
BATCH stage=decode rows=3 tokens=3 us=1252
BATCH stage=prefill rows=1 tokens=128 us=4179
BATCH stage=decode rows=3 tokens=3 us=1267
BATCH stage=prefill rows=1 tokens=14 us=4838
BATCH stage=decode rows=4 tokens=4 us=1290
BATCH stage=decode rows=4 tokens=4 us=1291
BATCH stage=decode rows=4 tokens=4 us=1296
BATCH stage=decode rows=4 tokens=4 us=1281
BATCH stage=decode rows=4 tokens=4 us=1292
BATCH stage=decode rows=4 tokens=4 us=1293
BATCH stage=decode rows=4 tokens=4 us=1294
BATCH stage=decode rows=4 tokens=4 us=1280
BATCH stage=decode rows=4 tokens=4 us=1281
BATCH stage=decode rows=4 tokens=4 us=1290
BATCH stage=decode rows=4 tokens=4 us=1286
BATCH stage=decode rows=4 tokens=4 us=1328
BATCH stage=decode rows=4 tokens=4 us=1325
BATCH stage=decode rows=4 tokens=4 us=1340
BATCH stage=decode rows=4 tokens=4 us=1333
BATCH stage=decode rows=4 tokens=4 us=1339
BATCH stage=decode rows=4 tokens=4 us=1344
BATCH stage=decode rows=4 tokens=4 us=1344
BATCH stage=decode rows=4 tokens=4 us=1343
BATCH stage=decode rows=4 tokens=4 us=1343
BATCH stage=decode rows=4 tokens=4 us=1338
BATCH stage=decode rows=4 tokens=4 us=1339
BATCH stage=decode rows=4 tokens=4 us=1346
BATCH stage=decode rows=4 tokens=4 us=1342
BATCH stage=decode rows=3 tokens=3 us=1263
BATCH stage=prefill rows=1 tokens=16 us=2289
BATCH stage=decode rows=4 tokens=4 us=1287
BATCH stage=decode rows=4 tokens=4 us=1276
BATCH stage=decode rows=4 tokens=4 us=1296
BATCH stage=decode rows=4 tokens=4 us=1285
BATCH stage=decode rows=4 tokens=4 us=1283
BATCH stage=decode rows=4 tokens=4 us=1288
BATCH stage=decode rows=4 tokens=4 us=1277
BATCH stage=decode rows=4 tokens=4 us=1283
BATCH stage=decode rows=4 tokens=4 us=1284
BATCH stage=decode rows=4 tokens=4 us=1275
BATCH stage=decode rows=4 tokens=4 us=1274
BATCH stage=decode rows=4 tokens=4 us=1274
BATCH stage=decode rows=4 tokens=4 us=1281
BATCH stage=decode rows=4 tokens=4 us=1278
BATCH stage=decode rows=4 tokens=4 us=1289
BATCH stage=decode rows=4 tokens=4 us=1294
BATCH stage=decode rows=4 tokens=4 us=1292
BATCH stage=decode rows=4 tokens=4 us=1291
BATCH stage=decode rows=4 tokens=4 us=1284
BATCH stage=decode rows=4 tokens=4 us=1295
BATCH stage=decode rows=4 tokens=4 us=1287
BATCH stage=decode rows=4 tokens=4 us=1283
BATCH stage=decode rows=4 tokens=4 us=1278
BATCH stage=decode rows=4 tokens=4 us=1287
BATCH stage=decode rows=4 tokens=4 us=1292
BATCH stage=decode rows=4 tokens=4 us=1288
BATCH stage=decode rows=4 tokens=4 us=1293
BATCH stage=decode rows=4 tokens=4 us=1274
BATCH stage=decode rows=4 tokens=4 us=1312
BATCH stage=decode rows=4 tokens=4 us=1338
BATCH stage=decode rows=4 tokens=4 us=1333
BATCH stage=decode rows=3 tokens=3 us=1316
BATCH stage=prefill rows=1 tokens=128 us=2868
BATCH stage=decode rows=4 tokens=4 us=1347
BATCH stage=decode rows=3 tokens=3 us=1310
BATCH stage=prefill rows=1 tokens=128 us=2850
BATCH stage=decode rows=3 tokens=3 us=1322
BATCH stage=prefill rows=1 tokens=128 us=3407
BATCH stage=decode rows=3 tokens=3 us=1313
BATCH stage=prefill rows=1 tokens=128 us=4150
BATCH stage=decode rows=3 tokens=3 us=1324
BATCH stage=prefill rows=1 tokens=14 us=4847
BATCH stage=decode rows=4 tokens=4 us=1337
BATCH stage=decode rows=4 tokens=4 us=1336
BATCH stage=decode rows=4 tokens=4 us=1344
BATCH stage=decode rows=4 tokens=4 us=1339
BATCH stage=decode rows=3 tokens=3 us=1253
BATCH stage=prefill rows=1 tokens=16 us=2290
BATCH stage=decode rows=4 tokens=4 us=1275
BATCH stage=decode rows=4 tokens=4 us=1271
BATCH stage=decode rows=4 tokens=4 us=1270
BATCH stage=decode rows=4 tokens=4 us=1262
BATCH stage=decode rows=4 tokens=4 us=1270
BATCH stage=decode rows=4 tokens=4 us=1278
BATCH stage=decode rows=4 tokens=4 us=1272
BATCH stage=decode rows=4 tokens=4 us=1271
BATCH stage=decode rows=4 tokens=4 us=1273
BATCH stage=decode rows=4 tokens=4 us=1273
BATCH stage=decode rows=4 tokens=4 us=1271
BATCH stage=decode rows=4 tokens=4 us=1270
BATCH stage=decode rows=4 tokens=4 us=1271
BATCH stage=decode rows=4 tokens=4 us=1274
BATCH stage=decode rows=4 tokens=4 us=1272
BATCH stage=decode rows=4 tokens=4 us=1283
BATCH stage=decode rows=4 tokens=4 us=1285
BATCH stage=decode rows=4 tokens=4 us=1279
BATCH stage=decode rows=4 tokens=4 us=1292
BATCH stage=decode rows=4 tokens=4 us=1274
BATCH stage=decode rows=4 tokens=4 us=1285
BATCH stage=decode rows=4 tokens=4 us=1284
BATCH stage=decode rows=4 tokens=4 us=1287
BATCH stage=decode rows=4 tokens=4 us=1286
BATCH stage=decode rows=4 tokens=4 us=1284
BATCH stage=decode rows=4 tokens=4 us=1282
BATCH stage=decode rows=4 tokens=4 us=1285
BATCH stage=decode rows=4 tokens=4 us=1280
BATCH stage=decode rows=4 tokens=4 us=1282
BATCH stage=decode rows=4 tokens=4 us=1276
BATCH stage=decode rows=4 tokens=4 us=1282
BATCH stage=decode rows=3 tokens=3 us=1268
BATCH stage=prefill rows=1 tokens=128 us=2869
BATCH stage=decode rows=4 tokens=4 us=1282
BATCH stage=decode rows=4 tokens=4 us=1287
BATCH stage=decode rows=4 tokens=4 us=1292
BATCH stage=decode rows=4 tokens=4 us=1289
BATCH stage=decode rows=4 tokens=4 us=1292
BATCH stage=decode rows=4 tokens=4 us=1286
BATCH stage=decode rows=4 tokens=4 us=1295
BATCH stage=decode rows=4 tokens=4 us=1286
BATCH stage=decode rows=4 tokens=4 us=1292
BATCH stage=decode rows=4 tokens=4 us=1294
BATCH stage=decode rows=4 tokens=4 us=1274
BATCH stage=decode rows=4 tokens=4 us=1279
BATCH stage=decode rows=4 tokens=4 us=1286
BATCH stage=decode rows=4 tokens=4 us=1276
BATCH stage=decode rows=4 tokens=4 us=1271
BATCH stage=decode rows=4 tokens=4 us=1308
BATCH stage=decode rows=4 tokens=4 us=1326
BATCH stage=decode rows=4 tokens=4 us=1326
BATCH stage=decode rows=4 tokens=4 us=1330
BATCH stage=decode rows=4 tokens=4 us=1330
BATCH stage=decode rows=4 tokens=4 us=1328
BATCH stage=decode rows=3 tokens=3 us=1307
BATCH stage=prefill rows=1 tokens=128 us=2855
BATCH stage=decode rows=3 tokens=3 us=1319
BATCH stage=prefill rows=1 tokens=128 us=3416
BATCH stage=decode rows=3 tokens=3 us=1313
BATCH stage=prefill rows=1 tokens=128 us=4151
BATCH stage=decode rows=3 tokens=3 us=1323
BATCH stage=prefill rows=1 tokens=14 us=4856
BATCH stage=decode rows=4 tokens=4 us=1342
BATCH stage=decode rows=4 tokens=4 us=1343
BATCH stage=decode rows=4 tokens=4 us=1344
BATCH stage=decode rows=3 tokens=3 us=1244
BATCH stage=prefill rows=1 tokens=16 us=2285
BATCH stage=decode rows=4 tokens=4 us=1267
BATCH stage=decode rows=4 tokens=4 us=1264
BATCH stage=decode rows=4 tokens=4 us=1259
BATCH stage=decode rows=4 tokens=4 us=1276
BATCH stage=decode rows=4 tokens=4 us=1266
BATCH stage=decode rows=4 tokens=4 us=1279
BATCH stage=decode rows=4 tokens=4 us=1275
BATCH stage=decode rows=4 tokens=4 us=1275
BATCH stage=decode rows=4 tokens=4 us=1272
BATCH stage=decode rows=4 tokens=4 us=1268
BATCH stage=decode rows=4 tokens=4 us=1273
BATCH stage=decode rows=4 tokens=4 us=1261
BATCH stage=decode rows=4 tokens=4 us=1263
BATCH stage=decode rows=4 tokens=4 us=1264
BATCH stage=decode rows=4 tokens=4 us=1267
BATCH stage=decode rows=4 tokens=4 us=1266
BATCH stage=decode rows=4 tokens=4 us=1279
BATCH stage=decode rows=4 tokens=4 us=1273
BATCH stage=decode rows=4 tokens=4 us=1276
BATCH stage=decode rows=4 tokens=4 us=1277
BATCH stage=decode rows=4 tokens=4 us=1270
BATCH stage=decode rows=4 tokens=4 us=1280
BATCH stage=decode rows=4 tokens=4 us=1272
BATCH stage=decode rows=4 tokens=4 us=1283
BATCH stage=decode rows=4 tokens=4 us=1292
BATCH stage=decode rows=4 tokens=4 us=1282
BATCH stage=decode rows=4 tokens=4 us=1271
BATCH stage=decode rows=4 tokens=4 us=1281
BATCH stage=decode rows=4 tokens=4 us=1282
BATCH stage=decode rows=4 tokens=4 us=1286
BATCH stage=decode rows=4 tokens=4 us=1290
BATCH stage=decode rows=3 tokens=3 us=1267
BATCH stage=prefill rows=1 tokens=128 us=2875
BATCH stage=decode rows=4 tokens=4 us=1298
BATCH stage=decode rows=4 tokens=4 us=1283
BATCH stage=decode rows=3 tokens=3 us=1263
BATCH stage=prefill rows=1 tokens=128 us=2850
BATCH stage=decode rows=3 tokens=3 us=1254
BATCH stage=prefill rows=1 tokens=128 us=3408
BATCH stage=decode rows=3 tokens=3 us=1264
BATCH stage=prefill rows=1 tokens=128 us=4149
BATCH stage=decode rows=3 tokens=3 us=1256
BATCH stage=prefill rows=1 tokens=14 us=4838
BATCH stage=decode rows=4 tokens=4 us=1282
BATCH stage=decode rows=4 tokens=4 us=1278
BATCH stage=decode rows=4 tokens=4 us=1292
BATCH stage=decode rows=4 tokens=4 us=1279
BATCH stage=decode rows=4 tokens=4 us=1281
BATCH stage=decode rows=4 tokens=4 us=1281
BATCH stage=decode rows=4 tokens=4 us=1283
BATCH stage=decode rows=4 tokens=4 us=1298
BATCH stage=decode rows=4 tokens=4 us=1288
BATCH stage=decode rows=4 tokens=4 us=1278
BATCH stage=decode rows=4 tokens=4 us=1317
BATCH stage=decode rows=4 tokens=4 us=1337
BATCH stage=decode rows=4 tokens=4 us=1344
BATCH stage=decode rows=4 tokens=4 us=1335
BATCH stage=decode rows=4 tokens=4 us=1345
BATCH stage=decode rows=4 tokens=4 us=1347
BATCH stage=decode rows=4 tokens=4 us=1343
BATCH stage=decode rows=4 tokens=4 us=1333
BATCH stage=decode rows=4 tokens=4 us=1338
BATCH stage=decode rows=4 tokens=4 us=1346
BATCH stage=decode rows=4 tokens=4 us=1332
BATCH stage=decode rows=4 tokens=4 us=1349
BATCH stage=decode rows=4 tokens=4 us=1333
BATCH stage=decode rows=3 tokens=3 us=1258
BATCH stage=prefill rows=1 tokens=16 us=2283
BATCH stage=decode rows=4 tokens=4 us=1276
BATCH stage=decode rows=4 tokens=4 us=1263
BATCH stage=decode rows=4 tokens=4 us=1275
BATCH stage=decode rows=4 tokens=4 us=1271
BATCH stage=decode rows=4 tokens=4 us=1267
BATCH stage=decode rows=4 tokens=4 us=1263
BATCH stage=decode rows=4 tokens=4 us=1274
BATCH stage=decode rows=4 tokens=4 us=1272
BATCH stage=decode rows=4 tokens=4 us=1268
BATCH stage=decode rows=4 tokens=4 us=1268
BATCH stage=decode rows=4 tokens=4 us=1264
BATCH stage=decode rows=4 tokens=4 us=1278
BATCH stage=decode rows=4 tokens=4 us=1276
BATCH stage=decode rows=4 tokens=4 us=1275
BATCH stage=decode rows=4 tokens=4 us=1269
BATCH stage=decode rows=4 tokens=4 us=1274
BATCH stage=decode rows=4 tokens=4 us=1276
BATCH stage=decode rows=4 tokens=4 us=1287
BATCH stage=decode rows=4 tokens=4 us=1293
BATCH stage=decode rows=4 tokens=4 us=1285
BATCH stage=decode rows=4 tokens=4 us=1284
BATCH stage=decode rows=4 tokens=4 us=1285
BATCH stage=decode rows=4 tokens=4 us=1290
BATCH stage=decode rows=4 tokens=4 us=1293
BATCH stage=decode rows=4 tokens=4 us=1291
BATCH stage=decode rows=4 tokens=4 us=1290
BATCH stage=decode rows=4 tokens=4 us=1293
BATCH stage=decode rows=4 tokens=4 us=1288
BATCH stage=decode rows=4 tokens=4 us=1282
BATCH stage=decode rows=4 tokens=4 us=1285
BATCH stage=decode rows=4 tokens=4 us=1281
BATCH stage=decode rows=3 tokens=3 us=1267
BATCH stage=prefill rows=1 tokens=128 us=2871
BATCH stage=decode rows=4 tokens=4 us=1286
BATCH stage=decode rows=3 tokens=3 us=1262
BATCH stage=prefill rows=1 tokens=128 us=2851
BATCH stage=decode rows=3 tokens=3 us=1257
BATCH stage=prefill rows=1 tokens=128 us=3407
BATCH stage=decode rows=3 tokens=3 us=1268
BATCH stage=prefill rows=1 tokens=128 us=4155
BATCH stage=decode rows=3 tokens=3 us=1260
BATCH stage=prefill rows=1 tokens=14 us=4843
BATCH stage=decode rows=4 tokens=4 us=1290
BATCH stage=decode rows=4 tokens=4 us=1283
BATCH stage=decode rows=4 tokens=4 us=1291
BATCH stage=decode rows=4 tokens=4 us=1294
BATCH stage=decode rows=4 tokens=4 us=1295
BATCH stage=decode rows=4 tokens=4 us=1293
BATCH stage=decode rows=4 tokens=4 us=1288
BATCH stage=decode rows=4 tokens=4 us=1278
BATCH stage=decode rows=4 tokens=4 us=1281
BATCH stage=decode rows=4 tokens=4 us=1293
BATCH stage=decode rows=4 tokens=4 us=1271
BATCH stage=decode rows=4 tokens=4 us=1308
BATCH stage=decode rows=4 tokens=4 us=1342
BATCH stage=decode rows=4 tokens=4 us=1326
BATCH stage=decode rows=4 tokens=4 us=1328
BATCH stage=decode rows=4 tokens=4 us=1338
BATCH stage=decode rows=4 tokens=4 us=1327
BATCH stage=decode rows=4 tokens=4 us=1342
BATCH stage=decode rows=4 tokens=4 us=1331
BATCH stage=decode rows=4 tokens=4 us=1332
BATCH stage=decode rows=4 tokens=4 us=1340
BATCH stage=decode rows=4 tokens=4 us=1332
BATCH stage=decode rows=4 tokens=4 us=1344
BATCH stage=decode rows=4 tokens=4 us=1345
BATCH stage=decode rows=3 tokens=3 us=1264
BATCH stage=prefill rows=1 tokens=16 us=2296
BATCH stage=decode rows=4 tokens=4 us=1288
BATCH stage=decode rows=4 tokens=4 us=1290
BATCH stage=decode rows=4 tokens=4 us=1288
BATCH stage=decode rows=4 tokens=4 us=1291
BATCH stage=decode rows=4 tokens=4 us=1285
BATCH stage=decode rows=4 tokens=4 us=1286
BATCH stage=decode rows=4 tokens=4 us=1292
BATCH stage=decode rows=4 tokens=4 us=1285
BATCH stage=decode rows=4 tokens=4 us=1286
BATCH stage=decode rows=4 tokens=4 us=1288
BATCH stage=decode rows=4 tokens=4 us=1278
BATCH stage=decode rows=4 tokens=4 us=1291
BATCH stage=decode rows=4 tokens=4 us=1287
BATCH stage=decode rows=4 tokens=4 us=1292
BATCH stage=decode rows=4 tokens=4 us=1283
BATCH stage=decode rows=4 tokens=4 us=1275
BATCH stage=decode rows=4 tokens=4 us=1276
BATCH stage=decode rows=4 tokens=4 us=1279
BATCH stage=decode rows=4 tokens=4 us=1282
BATCH stage=decode rows=4 tokens=4 us=1291
BATCH stage=decode rows=4 tokens=4 us=1288
BATCH stage=decode rows=4 tokens=4 us=1298
BATCH stage=decode rows=4 tokens=4 us=1282
BATCH stage=decode rows=4 tokens=4 us=1289
BATCH stage=decode rows=4 tokens=4 us=1288
BATCH stage=decode rows=4 tokens=4 us=1279
BATCH stage=decode rows=4 tokens=4 us=1285
BATCH stage=decode rows=4 tokens=4 us=1276
BATCH stage=decode rows=4 tokens=4 us=1323
BATCH stage=decode rows=4 tokens=4 us=1345
BATCH stage=decode rows=4 tokens=4 us=1341
BATCH stage=decode rows=3 tokens=3 us=1323
BATCH stage=prefill rows=1 tokens=128 us=2875
BATCH stage=decode rows=4 tokens=4 us=1348
BATCH stage=decode rows=3 tokens=3 us=1326
BATCH stage=prefill rows=1 tokens=128 us=2860
BATCH stage=decode rows=3 tokens=3 us=1330
BATCH stage=prefill rows=1 tokens=128 us=3415
BATCH stage=decode rows=3 tokens=3 us=1323
BATCH stage=prefill rows=1 tokens=128 us=4150
BATCH stage=decode rows=3 tokens=3 us=1335
BATCH stage=prefill rows=1 tokens=14 us=4866
BATCH stage=decode rows=4 tokens=4 us=1353
BATCH stage=decode rows=4 tokens=4 us=1353
BATCH stage=decode rows=4 tokens=4 us=1353
BATCH stage=decode rows=4 tokens=4 us=1351
BATCH stage=decode rows=3 tokens=3 us=1258
BATCH stage=prefill rows=1 tokens=16 us=2297
BATCH stage=decode rows=4 tokens=4 us=1270
BATCH stage=decode rows=4 tokens=4 us=1262
BATCH stage=decode rows=4 tokens=4 us=1263
BATCH stage=decode rows=4 tokens=4 us=1262
BATCH stage=decode rows=4 tokens=4 us=1270
BATCH stage=decode rows=4 tokens=4 us=1268
BATCH stage=decode rows=4 tokens=4 us=1269
BATCH stage=decode rows=4 tokens=4 us=1267
BATCH stage=decode rows=4 tokens=4 us=1259
BATCH stage=decode rows=4 tokens=4 us=1260
BATCH stage=decode rows=4 tokens=4 us=1272
BATCH stage=decode rows=4 tokens=4 us=1262
BATCH stage=decode rows=4 tokens=4 us=1271
BATCH stage=decode rows=4 tokens=4 us=1265
BATCH stage=decode rows=4 tokens=4 us=1262
BATCH stage=decode rows=4 tokens=4 us=1288
BATCH stage=decode rows=4 tokens=4 us=1276
BATCH stage=decode rows=4 tokens=4 us=1289
BATCH stage=decode rows=4 tokens=4 us=1284
BATCH stage=decode rows=4 tokens=4 us=1291
BATCH stage=decode rows=4 tokens=4 us=1291
BATCH stage=decode rows=4 tokens=4 us=1295
BATCH stage=decode rows=4 tokens=4 us=1285
BATCH stage=decode rows=4 tokens=4 us=1291
BATCH stage=decode rows=4 tokens=4 us=1285
BATCH stage=decode rows=4 tokens=4 us=1295
BATCH stage=decode rows=4 tokens=4 us=1281
BATCH stage=decode rows=4 tokens=4 us=1284
BATCH stage=decode rows=4 tokens=4 us=1290
BATCH stage=decode rows=4 tokens=4 us=1287
BATCH stage=decode rows=4 tokens=4 us=1290
BATCH stage=decode rows=3 tokens=3 us=1268
BATCH stage=prefill rows=1 tokens=128 us=2872
BATCH stage=decode rows=4 tokens=4 us=1289
BATCH stage=decode rows=4 tokens=4 us=1275
BATCH stage=decode rows=4 tokens=4 us=1292
BATCH stage=decode rows=4 tokens=4 us=1292
BATCH stage=decode rows=4 tokens=4 us=1297
BATCH stage=decode rows=4 tokens=4 us=1294
BATCH stage=decode rows=4 tokens=4 us=1289
BATCH stage=decode rows=4 tokens=4 us=1296
BATCH stage=decode rows=4 tokens=4 us=1294
BATCH stage=decode rows=4 tokens=4 us=1287
BATCH stage=decode rows=4 tokens=4 us=1290
BATCH stage=decode rows=4 tokens=4 us=1293
BATCH stage=decode rows=4 tokens=4 us=1285
BATCH stage=decode rows=4 tokens=4 us=1288
BATCH stage=decode rows=4 tokens=4 us=1285
BATCH stage=decode rows=4 tokens=4 us=1324
BATCH stage=decode rows=4 tokens=4 us=1335
BATCH stage=decode rows=4 tokens=4 us=1347
BATCH stage=decode rows=4 tokens=4 us=1342
BATCH stage=decode rows=4 tokens=4 us=1344
BATCH stage=decode rows=4 tokens=4 us=1340
BATCH stage=decode rows=3 tokens=3 us=1319
BATCH stage=prefill rows=1 tokens=128 us=2847
BATCH stage=decode rows=3 tokens=3 us=1317
BATCH stage=prefill rows=1 tokens=128 us=3404
BATCH stage=decode rows=3 tokens=3 us=1304
BATCH stage=prefill rows=1 tokens=128 us=4145
BATCH stage=decode rows=3 tokens=3 us=1319
BATCH stage=prefill rows=1 tokens=14 us=4848
BATCH stage=decode rows=4 tokens=4 us=1343
BATCH stage=decode rows=4 tokens=4 us=1344
BATCH stage=decode rows=4 tokens=4 us=1346
BATCH stage=decode rows=3 tokens=3 us=1250
BATCH stage=prefill rows=1 tokens=16 us=2274
BATCH stage=decode rows=4 tokens=4 us=1275
BATCH stage=decode rows=4 tokens=4 us=1276
BATCH stage=decode rows=4 tokens=4 us=1272
BATCH stage=decode rows=4 tokens=4 us=1273
BATCH stage=decode rows=4 tokens=4 us=1271
BATCH stage=decode rows=4 tokens=4 us=1271
BATCH stage=decode rows=4 tokens=4 us=1271
BATCH stage=decode rows=4 tokens=4 us=1286
BATCH stage=decode rows=4 tokens=4 us=1276
BATCH stage=decode rows=4 tokens=4 us=1275
BATCH stage=decode rows=4 tokens=4 us=1270
BATCH stage=decode rows=4 tokens=4 us=1267
BATCH stage=decode rows=4 tokens=4 us=1272
BATCH stage=decode rows=4 tokens=4 us=1278
BATCH stage=decode rows=4 tokens=4 us=1276
BATCH stage=decode rows=4 tokens=4 us=1266
BATCH stage=decode rows=4 tokens=4 us=1268
BATCH stage=decode rows=4 tokens=4 us=1285
BATCH stage=decode rows=4 tokens=4 us=1278
BATCH stage=decode rows=4 tokens=4 us=1281
BATCH stage=decode rows=4 tokens=4 us=1284
BATCH stage=decode rows=4 tokens=4 us=1278
BATCH stage=decode rows=4 tokens=4 us=1282
BATCH stage=decode rows=4 tokens=4 us=1284
BATCH stage=decode rows=4 tokens=4 us=1274
BATCH stage=decode rows=4 tokens=4 us=1282
BATCH stage=decode rows=4 tokens=4 us=1285
BATCH stage=decode rows=4 tokens=4 us=1285
BATCH stage=decode rows=4 tokens=4 us=1280
BATCH stage=decode rows=4 tokens=4 us=1285
BATCH stage=decode rows=4 tokens=4 us=1290
BATCH stage=decode rows=3 tokens=3 us=1267
BATCH stage=prefill rows=1 tokens=128 us=2879
BATCH stage=decode rows=4 tokens=4 us=1297
BATCH stage=decode rows=4 tokens=4 us=1293
BATCH stage=decode rows=3 tokens=3 us=1268
BATCH stage=prefill rows=1 tokens=128 us=2850
BATCH stage=decode rows=3 tokens=3 us=1268
BATCH stage=prefill rows=1 tokens=128 us=3413
BATCH stage=decode rows=3 tokens=3 us=1266
BATCH stage=prefill rows=1 tokens=128 us=4153
BATCH stage=decode rows=3 tokens=3 us=1253
BATCH stage=prefill rows=1 tokens=14 us=4826
BATCH stage=decode rows=4 tokens=4 us=1294
BATCH stage=decode rows=4 tokens=4 us=1295
BATCH stage=decode rows=4 tokens=4 us=1295
BATCH stage=decode rows=4 tokens=4 us=1295
BATCH stage=decode rows=4 tokens=4 us=1292
BATCH stage=decode rows=4 tokens=4 us=1300
BATCH stage=decode rows=4 tokens=4 us=1287
BATCH stage=decode rows=4 tokens=4 us=1276
BATCH stage=decode rows=4 tokens=4 us=1296
BATCH stage=decode rows=4 tokens=4 us=1284
BATCH stage=decode rows=4 tokens=4 us=1326
BATCH stage=decode rows=4 tokens=4 us=1335
BATCH stage=decode rows=4 tokens=4 us=1341
BATCH stage=decode rows=4 tokens=4 us=1340
BATCH stage=decode rows=4 tokens=4 us=1337
BATCH stage=decode rows=4 tokens=4 us=1340
BATCH stage=decode rows=4 tokens=4 us=1331
BATCH stage=decode rows=4 tokens=4 us=1339
BATCH stage=decode rows=4 tokens=4 us=1341
BATCH stage=decode rows=4 tokens=4 us=1341
BATCH stage=decode rows=4 tokens=4 us=1343
BATCH stage=decode rows=4 tokens=4 us=1344
BATCH stage=decode rows=4 tokens=4 us=1346
BATCH stage=decode rows=3 tokens=3 us=1256
BATCH stage=prefill rows=1 tokens=16 us=2287
BATCH stage=decode rows=4 tokens=4 us=1266
BATCH stage=decode rows=4 tokens=4 us=1272
BATCH stage=decode rows=4 tokens=4 us=1274
BATCH stage=decode rows=4 tokens=4 us=1276
BATCH stage=decode rows=4 tokens=4 us=1263
BATCH stage=decode rows=4 tokens=4 us=1256
BATCH stage=decode rows=4 tokens=4 us=1275
BATCH stage=decode rows=4 tokens=4 us=1266
BATCH stage=decode rows=4 tokens=4 us=1268
BATCH stage=decode rows=4 tokens=4 us=1278
BATCH stage=decode rows=4 tokens=4 us=1277
BATCH stage=decode rows=4 tokens=4 us=1277
BATCH stage=decode rows=4 tokens=4 us=1277
BATCH stage=decode rows=4 tokens=4 us=1277
BATCH stage=decode rows=4 tokens=4 us=1285
BATCH stage=decode rows=4 tokens=4 us=1272
BATCH stage=decode rows=4 tokens=4 us=1291
BATCH stage=decode rows=4 tokens=4 us=1282
BATCH stage=decode rows=4 tokens=4 us=1292
BATCH stage=decode rows=4 tokens=4 us=1285
BATCH stage=decode rows=4 tokens=4 us=1288
BATCH stage=decode rows=4 tokens=4 us=1286
BATCH stage=decode rows=4 tokens=4 us=1286
BATCH stage=decode rows=4 tokens=4 us=1283
BATCH stage=decode rows=4 tokens=4 us=1287
BATCH stage=decode rows=4 tokens=4 us=1280
BATCH stage=decode rows=4 tokens=4 us=1288
BATCH stage=decode rows=4 tokens=4 us=1292
BATCH stage=decode rows=4 tokens=4 us=1285
BATCH stage=decode rows=4 tokens=4 us=1293
BATCH stage=decode rows=4 tokens=4 us=1285
BATCH stage=decode rows=3 tokens=3 us=1266
BATCH stage=prefill rows=1 tokens=128 us=2868
BATCH stage=decode rows=4 tokens=4 us=1283
BATCH stage=decode rows=3 tokens=3 us=1267
BATCH stage=prefill rows=1 tokens=128 us=2853
BATCH stage=decode rows=3 tokens=3 us=1271
BATCH stage=prefill rows=1 tokens=128 us=3415
BATCH stage=decode rows=3 tokens=3 us=1265
BATCH stage=prefill rows=1 tokens=128 us=4162
BATCH stage=decode rows=3 tokens=3 us=1271
BATCH stage=prefill rows=1 tokens=14 us=4846
BATCH stage=decode rows=4 tokens=4 us=1284
BATCH stage=decode rows=4 tokens=4 us=1292
BATCH stage=decode rows=4 tokens=4 us=1284
BATCH stage=decode rows=4 tokens=4 us=1295
BATCH stage=decode rows=4 tokens=4 us=1295
BATCH stage=decode rows=4 tokens=4 us=1298
BATCH stage=decode rows=4 tokens=4 us=1288
BATCH stage=decode rows=4 tokens=4 us=1292
BATCH stage=decode rows=4 tokens=4 us=1295
BATCH stage=decode rows=4 tokens=4 us=1278
BATCH stage=decode rows=4 tokens=4 us=1292
BATCH stage=decode rows=4 tokens=4 us=1329
BATCH stage=decode rows=4 tokens=4 us=1348
BATCH stage=decode rows=4 tokens=4 us=1345
BATCH stage=decode rows=4 tokens=4 us=1348
BATCH stage=decode rows=4 tokens=4 us=1343
BATCH stage=decode rows=4 tokens=4 us=1342
BATCH stage=decode rows=4 tokens=4 us=1338
BATCH stage=decode rows=4 tokens=4 us=1340
BATCH stage=decode rows=4 tokens=4 us=1345
BATCH stage=decode rows=4 tokens=4 us=1347
BATCH stage=decode rows=4 tokens=4 us=1331
BATCH stage=decode rows=4 tokens=4 us=1343
BATCH stage=decode rows=4 tokens=4 us=1345
BATCH stage=decode rows=3 tokens=3 us=1268
BATCH stage=prefill rows=1 tokens=16 us=2289
BATCH stage=decode rows=4 tokens=4 us=1274
BATCH stage=decode rows=4 tokens=4 us=1287
BATCH stage=decode rows=4 tokens=4 us=1288
BATCH stage=decode rows=4 tokens=4 us=1281
BATCH stage=decode rows=4 tokens=4 us=1286
BATCH stage=decode rows=4 tokens=4 us=1286
BATCH stage=decode rows=4 tokens=4 us=1287
BATCH stage=decode rows=4 tokens=4 us=1286
BATCH stage=decode rows=4 tokens=4 us=1287
BATCH stage=decode rows=4 tokens=4 us=1293
BATCH stage=decode rows=4 tokens=4 us=1286
BATCH stage=decode rows=4 tokens=4 us=1290
BATCH stage=decode rows=4 tokens=4 us=1291
BATCH stage=decode rows=4 tokens=4 us=1291
BATCH stage=decode rows=4 tokens=4 us=1292
BATCH stage=decode rows=4 tokens=4 us=1274
BATCH stage=decode rows=4 tokens=4 us=1294
BATCH stage=decode rows=4 tokens=4 us=1291
BATCH stage=decode rows=4 tokens=4 us=1293
BATCH stage=decode rows=4 tokens=4 us=1294
BATCH stage=decode rows=4 tokens=4 us=1292
BATCH stage=decode rows=4 tokens=4 us=1288
BATCH stage=decode rows=4 tokens=4 us=1285
BATCH stage=decode rows=4 tokens=4 us=1293
BATCH stage=decode rows=4 tokens=4 us=1282
BATCH stage=decode rows=4 tokens=4 us=1289
BATCH stage=decode rows=4 tokens=4 us=1289
BATCH stage=decode rows=4 tokens=4 us=1274
BATCH stage=decode rows=4 tokens=4 us=1323
BATCH stage=decode rows=4 tokens=4 us=1342
BATCH stage=decode rows=4 tokens=4 us=1341
BATCH stage=decode rows=3 tokens=3 us=1322
BATCH stage=prefill rows=1 tokens=128 us=2878
BATCH stage=decode rows=4 tokens=4 us=1354
BATCH stage=decode rows=3 tokens=3 us=1329
BATCH stage=prefill rows=1 tokens=128 us=2855
BATCH stage=decode rows=3 tokens=3 us=1326
BATCH stage=prefill rows=1 tokens=128 us=3410
BATCH stage=decode rows=3 tokens=3 us=1318
BATCH stage=prefill rows=1 tokens=128 us=4149
BATCH stage=decode rows=3 tokens=3 us=1322
BATCH stage=prefill rows=1 tokens=14 us=4844
BATCH stage=decode rows=4 tokens=4 us=1332
BATCH stage=decode rows=4 tokens=4 us=1347
BATCH stage=decode rows=4 tokens=4 us=1345
BATCH stage=decode rows=4 tokens=4 us=1354
BATCH stage=decode rows=3 tokens=3 us=1260
BATCH stage=prefill rows=1 tokens=16 us=2293
BATCH stage=decode rows=4 tokens=4 us=1268
BATCH stage=decode rows=4 tokens=4 us=1279
BATCH stage=decode rows=4 tokens=4 us=1282
BATCH stage=decode rows=4 tokens=4 us=1279
BATCH stage=decode rows=4 tokens=4 us=1271
BATCH stage=decode rows=4 tokens=4 us=1272
BATCH stage=decode rows=4 tokens=4 us=1274
BATCH stage=decode rows=4 tokens=4 us=1271
BATCH stage=decode rows=4 tokens=4 us=1271
BATCH stage=decode rows=4 tokens=4 us=1264
BATCH stage=decode rows=4 tokens=4 us=1273
BATCH stage=decode rows=4 tokens=4 us=1259
BATCH stage=decode rows=4 tokens=4 us=1270
BATCH stage=decode rows=4 tokens=4 us=1274
BATCH stage=decode rows=4 tokens=4 us=1262
BATCH stage=decode rows=4 tokens=4 us=1272
BATCH stage=decode rows=4 tokens=4 us=1271
BATCH stage=decode rows=4 tokens=4 us=1288
BATCH stage=decode rows=4 tokens=4 us=1282
BATCH stage=decode rows=4 tokens=4 us=1294
BATCH stage=decode rows=4 tokens=4 us=1289
BATCH stage=decode rows=4 tokens=4 us=1282
BATCH stage=decode rows=4 tokens=4 us=1283
BATCH stage=decode rows=4 tokens=4 us=1287
BATCH stage=decode rows=4 tokens=4 us=1288
BATCH stage=decode rows=4 tokens=4 us=1284
BATCH stage=decode rows=4 tokens=4 us=1277
BATCH stage=decode rows=4 tokens=4 us=1274
BATCH stage=decode rows=4 tokens=4 us=1284
BATCH stage=decode rows=4 tokens=4 us=1285
BATCH stage=decode rows=4 tokens=4 us=1282
BATCH stage=decode rows=3 tokens=3 us=1264
BATCH stage=prefill rows=1 tokens=128 us=2868
BATCH stage=decode rows=4 tokens=4 us=1293
BATCH stage=decode rows=4 tokens=4 us=1295
BATCH stage=decode rows=4 tokens=4 us=1281
BATCH stage=decode rows=4 tokens=4 us=1285
BATCH stage=decode rows=4 tokens=4 us=1277
BATCH stage=decode rows=4 tokens=4 us=1285
BATCH stage=decode rows=4 tokens=4 us=1289
BATCH stage=decode rows=4 tokens=4 us=1291
BATCH stage=decode rows=4 tokens=4 us=1277
BATCH stage=decode rows=4 tokens=4 us=1284
BATCH stage=decode rows=4 tokens=4 us=1287
BATCH stage=decode rows=4 tokens=4 us=1280
BATCH stage=decode rows=4 tokens=4 us=1289
BATCH stage=decode rows=4 tokens=4 us=1280
BATCH stage=decode rows=4 tokens=4 us=1285
BATCH stage=decode rows=4 tokens=4 us=1327
BATCH stage=decode rows=4 tokens=4 us=1339
BATCH stage=decode rows=4 tokens=4 us=1341
BATCH stage=decode rows=4 tokens=4 us=1344
BATCH stage=decode rows=4 tokens=4 us=1337
BATCH stage=decode rows=4 tokens=4 us=1341
BATCH stage=decode rows=3 tokens=3 us=1323
BATCH stage=prefill rows=1 tokens=128 us=2848
BATCH stage=decode rows=3 tokens=3 us=1323
BATCH stage=prefill rows=1 tokens=128 us=3408
BATCH stage=decode rows=3 tokens=3 us=1320
BATCH stage=prefill rows=1 tokens=128 us=4147
BATCH stage=decode rows=3 tokens=3 us=1314
BATCH stage=prefill rows=1 tokens=14 us=4848
BATCH stage=decode rows=4 tokens=4 us=1343
BATCH stage=decode rows=4 tokens=4 us=1344
BATCH stage=decode rows=4 tokens=4 us=1342
BATCH stage=decode rows=3 tokens=3 us=1248
BATCH stage=prefill rows=1 tokens=16 us=2289
BATCH stage=decode rows=4 tokens=4 us=1272
BATCH stage=decode rows=4 tokens=4 us=1272
BATCH stage=decode rows=4 tokens=4 us=1272
BATCH stage=decode rows=4 tokens=4 us=1279
BATCH stage=decode rows=4 tokens=4 us=1270
BATCH stage=decode rows=4 tokens=4 us=1271
BATCH stage=decode rows=4 tokens=4 us=1273
BATCH stage=decode rows=4 tokens=4 us=1273
BATCH stage=decode rows=4 tokens=4 us=1256
BATCH stage=decode rows=4 tokens=4 us=1275
BATCH stage=decode rows=4 tokens=4 us=1271
BATCH stage=decode rows=4 tokens=4 us=1265
BATCH stage=decode rows=4 tokens=4 us=1262
BATCH stage=decode rows=4 tokens=4 us=1279
BATCH stage=decode rows=4 tokens=4 us=1281
BATCH stage=decode rows=4 tokens=4 us=1271
BATCH stage=decode rows=4 tokens=4 us=1296
BATCH stage=decode rows=4 tokens=4 us=1291
BATCH stage=decode rows=4 tokens=4 us=1288
BATCH stage=decode rows=4 tokens=4 us=1282
BATCH stage=decode rows=4 tokens=4 us=1282
BATCH stage=decode rows=4 tokens=4 us=1285
BATCH stage=decode rows=4 tokens=4 us=1277
BATCH stage=decode rows=4 tokens=4 us=1281
BATCH stage=decode rows=4 tokens=4 us=1290
BATCH stage=decode rows=4 tokens=4 us=1282
BATCH stage=decode rows=4 tokens=4 us=1285
BATCH stage=decode rows=4 tokens=4 us=1291
BATCH stage=decode rows=4 tokens=4 us=1290
BATCH stage=decode rows=4 tokens=4 us=1281
BATCH stage=decode rows=4 tokens=4 us=1287
BATCH stage=decode rows=3 tokens=3 us=1267
BATCH stage=prefill rows=1 tokens=128 us=2885
BATCH stage=decode rows=4 tokens=4 us=1290
BATCH stage=decode rows=4 tokens=4 us=1294
BATCH stage=decode rows=3 tokens=3 us=1263
BATCH stage=prefill rows=1 tokens=128 us=2852
BATCH stage=decode rows=3 tokens=3 us=1263
BATCH stage=prefill rows=1 tokens=128 us=3403
BATCH stage=decode rows=3 tokens=3 us=1263
BATCH stage=prefill rows=1 tokens=128 us=4164
BATCH stage=decode rows=3 tokens=3 us=1260
BATCH stage=prefill rows=1 tokens=14 us=4851
BATCH stage=decode rows=4 tokens=4 us=1298
BATCH stage=decode rows=4 tokens=4 us=1295
BATCH stage=decode rows=4 tokens=4 us=1296
BATCH stage=decode rows=4 tokens=4 us=1291
BATCH stage=decode rows=4 tokens=4 us=1287
BATCH stage=decode rows=4 tokens=4 us=1293
BATCH stage=decode rows=4 tokens=4 us=1295
BATCH stage=decode rows=4 tokens=4 us=1293
BATCH stage=decode rows=4 tokens=4 us=1303
BATCH stage=decode rows=4 tokens=4 us=1292
BATCH stage=decode rows=4 tokens=4 us=1331
BATCH stage=decode rows=4 tokens=4 us=1346
BATCH stage=decode rows=4 tokens=4 us=1343
BATCH stage=decode rows=4 tokens=4 us=1343
BATCH stage=decode rows=4 tokens=4 us=1344
BATCH stage=decode rows=4 tokens=4 us=1344
BATCH stage=decode rows=4 tokens=4 us=1345
BATCH stage=decode rows=4 tokens=4 us=1346
BATCH stage=decode rows=4 tokens=4 us=1335
BATCH stage=decode rows=4 tokens=4 us=1343
BATCH stage=decode rows=4 tokens=4 us=1338
BATCH stage=decode rows=4 tokens=4 us=1325
BATCH stage=decode rows=4 tokens=4 us=1331
BATCH stage=decode rows=3 tokens=3 us=1260
BATCH stage=prefill rows=1 tokens=16 us=2294
BATCH stage=decode rows=4 tokens=4 us=1275
BATCH stage=decode rows=4 tokens=4 us=1282
BATCH stage=decode rows=4 tokens=4 us=1276
BATCH stage=decode rows=4 tokens=4 us=1267
BATCH stage=decode rows=4 tokens=4 us=1274
BATCH stage=decode rows=4 tokens=4 us=1268
BATCH stage=decode rows=4 tokens=4 us=1283
BATCH stage=decode rows=4 tokens=4 us=1275
BATCH stage=decode rows=4 tokens=4 us=1274
BATCH stage=decode rows=4 tokens=4 us=1275
BATCH stage=decode rows=4 tokens=4 us=1278
BATCH stage=decode rows=4 tokens=4 us=1276
BATCH stage=decode rows=4 tokens=4 us=1261
BATCH stage=decode rows=4 tokens=4 us=1276
BATCH stage=decode rows=4 tokens=4 us=1277
BATCH stage=decode rows=4 tokens=4 us=1269
BATCH stage=decode rows=4 tokens=4 us=1290
BATCH stage=decode rows=4 tokens=4 us=1291
BATCH stage=decode rows=4 tokens=4 us=1291
BATCH stage=decode rows=4 tokens=4 us=1290
BATCH stage=decode rows=4 tokens=4 us=1293
BATCH stage=decode rows=4 tokens=4 us=1287
BATCH stage=decode rows=4 tokens=4 us=1287
BATCH stage=decode rows=4 tokens=4 us=1284
BATCH stage=decode rows=4 tokens=4 us=1284
BATCH stage=decode rows=4 tokens=4 us=1288
BATCH stage=decode rows=4 tokens=4 us=1295
BATCH stage=decode rows=4 tokens=4 us=1284
BATCH stage=decode rows=4 tokens=4 us=1292
BATCH stage=decode rows=4 tokens=4 us=1290
BATCH stage=decode rows=4 tokens=4 us=1288
BATCH stage=decode rows=3 tokens=3 us=1271
BATCH stage=prefill rows=1 tokens=128 us=2877
BATCH stage=decode rows=4 tokens=4 us=1347
BATCH stage=decode rows=3 tokens=3 us=1274
BATCH stage=prefill rows=1 tokens=128 us=2860
BATCH stage=decode rows=3 tokens=3 us=1272
BATCH stage=prefill rows=1 tokens=128 us=3407
BATCH stage=decode rows=3 tokens=3 us=1267
BATCH stage=prefill rows=1 tokens=128 us=4145
BATCH stage=decode rows=3 tokens=3 us=1266
BATCH stage=prefill rows=1 tokens=14 us=4845
BATCH stage=decode rows=4 tokens=4 us=1297
BATCH stage=decode rows=4 tokens=4 us=1292
BATCH stage=decode rows=4 tokens=4 us=1295
BATCH stage=decode rows=4 tokens=4 us=1292
BATCH stage=decode rows=4 tokens=4 us=1288
BATCH stage=decode rows=4 tokens=4 us=1298
BATCH stage=decode rows=4 tokens=4 us=1281
BATCH stage=decode rows=4 tokens=4 us=1280
BATCH stage=decode rows=4 tokens=4 us=1294
BATCH stage=decode rows=4 tokens=4 us=1289
BATCH stage=decode rows=4 tokens=4 us=1291
BATCH stage=decode rows=4 tokens=4 us=1319
BATCH stage=decode rows=4 tokens=4 us=1346
BATCH stage=decode rows=4 tokens=4 us=1343
BATCH stage=decode rows=4 tokens=4 us=1348
BATCH stage=decode rows=4 tokens=4 us=1348
BATCH stage=decode rows=4 tokens=4 us=1343
BATCH stage=decode rows=4 tokens=4 us=1348
BATCH stage=decode rows=4 tokens=4 us=1341
BATCH stage=decode rows=4 tokens=4 us=1352
BATCH stage=decode rows=4 tokens=4 us=1351
BATCH stage=decode rows=4 tokens=4 us=1345
BATCH stage=decode rows=4 tokens=4 us=1346
BATCH stage=decode rows=4 tokens=4 us=1344
BATCH stage=decode rows=3 tokens=3 us=1268
BATCH stage=prefill rows=1 tokens=16 us=2293
BATCH stage=decode rows=4 tokens=4 us=1288
BATCH stage=decode rows=4 tokens=4 us=1288
BATCH stage=decode rows=4 tokens=4 us=1294
BATCH stage=decode rows=4 tokens=4 us=1286
BATCH stage=decode rows=4 tokens=4 us=1283
BATCH stage=decode rows=4 tokens=4 us=1286
BATCH stage=decode rows=4 tokens=4 us=1280
BATCH stage=decode rows=4 tokens=4 us=1288
BATCH stage=decode rows=4 tokens=4 us=1287
BATCH stage=decode rows=4 tokens=4 us=1289
BATCH stage=decode rows=4 tokens=4 us=1290
BATCH stage=decode rows=4 tokens=4 us=1286
BATCH stage=decode rows=4 tokens=4 us=1288
BATCH stage=decode rows=4 tokens=4 us=1288
BATCH stage=decode rows=4 tokens=4 us=1279
BATCH stage=decode rows=4 tokens=4 us=1285
BATCH stage=decode rows=4 tokens=4 us=1292
BATCH stage=decode rows=4 tokens=4 us=1286
BATCH stage=decode rows=4 tokens=4 us=1296
BATCH stage=decode rows=4 tokens=4 us=1287
BATCH stage=decode rows=4 tokens=4 us=1276
BATCH stage=decode rows=4 tokens=4 us=1291
BATCH stage=decode rows=4 tokens=4 us=1290
BATCH stage=decode rows=4 tokens=4 us=1282
BATCH stage=decode rows=4 tokens=4 us=1284
BATCH stage=decode rows=4 tokens=4 us=1285
BATCH stage=decode rows=4 tokens=4 us=1283
BATCH stage=decode rows=4 tokens=4 us=1278
BATCH stage=decode rows=4 tokens=4 us=1312
BATCH stage=decode rows=4 tokens=4 us=1339
BATCH stage=decode rows=4 tokens=4 us=1340
BATCH stage=decode rows=3 tokens=3 us=1319
BATCH stage=prefill rows=1 tokens=128 us=2871
BATCH stage=decode rows=4 tokens=4 us=1342
BATCH stage=decode rows=3 tokens=3 us=1320
BATCH stage=prefill rows=1 tokens=128 us=2845
BATCH stage=decode rows=3 tokens=3 us=1324
BATCH stage=prefill rows=1 tokens=128 us=3415
BATCH stage=decode rows=3 tokens=3 us=1315
BATCH stage=prefill rows=1 tokens=128 us=4143
BATCH stage=decode rows=3 tokens=3 us=1317
BATCH stage=prefill rows=1 tokens=14 us=4856
BATCH stage=decode rows=4 tokens=4 us=1343
BATCH stage=decode rows=4 tokens=4 us=1340
BATCH stage=decode rows=4 tokens=4 us=1345
BATCH stage=decode rows=4 tokens=4 us=1346
BATCH stage=decode rows=3 tokens=3 us=1307
BATCH stage=prefill rows=1 tokens=16 us=2327
BATCH stage=decode rows=4 tokens=4 us=1294
BATCH stage=decode rows=4 tokens=4 us=1280
BATCH stage=decode rows=4 tokens=4 us=1282
BATCH stage=decode rows=4 tokens=4 us=1275
BATCH stage=decode rows=4 tokens=4 us=1278
BATCH stage=decode rows=4 tokens=4 us=1260
BATCH stage=decode rows=4 tokens=4 us=1261
BATCH stage=decode rows=4 tokens=4 us=1271
BATCH stage=decode rows=4 tokens=4 us=1268
BATCH stage=decode rows=4 tokens=4 us=1265
BATCH stage=decode rows=4 tokens=4 us=1261
BATCH stage=decode rows=4 tokens=4 us=1258
BATCH stage=decode rows=4 tokens=4 us=1274
BATCH stage=decode rows=4 tokens=4 us=1278
BATCH stage=decode rows=4 tokens=4 us=1276
BATCH stage=decode rows=4 tokens=4 us=1289
BATCH stage=decode rows=4 tokens=4 us=1282
BATCH stage=decode rows=4 tokens=4 us=1272
BATCH stage=decode rows=4 tokens=4 us=1277
BATCH stage=decode rows=4 tokens=4 us=1285
BATCH stage=decode rows=4 tokens=4 us=1291
BATCH stage=decode rows=4 tokens=4 us=1278
BATCH stage=decode rows=4 tokens=4 us=1288
BATCH stage=decode rows=4 tokens=4 us=1278
BATCH stage=decode rows=4 tokens=4 us=1297
BATCH stage=decode rows=4 tokens=4 us=1346
BATCH stage=decode rows=4 tokens=4 us=1305
BATCH stage=decode rows=4 tokens=4 us=1287
BATCH stage=decode rows=4 tokens=4 us=1294
BATCH stage=decode rows=4 tokens=4 us=1302
BATCH stage=decode rows=4 tokens=4 us=1286
BATCH stage=decode rows=3 tokens=3 us=1271
BATCH stage=prefill rows=1 tokens=128 us=2885
BATCH stage=decode rows=4 tokens=4 us=1294
BATCH stage=decode rows=4 tokens=4 us=1288
BATCH stage=decode rows=4 tokens=4 us=1292
BATCH stage=decode rows=4 tokens=4 us=1288
BATCH stage=decode rows=4 tokens=4 us=1303
BATCH stage=decode rows=4 tokens=4 us=1297
BATCH stage=decode rows=4 tokens=4 us=1294
BATCH stage=decode rows=4 tokens=4 us=1290
BATCH stage=decode rows=4 tokens=4 us=1290
BATCH stage=decode rows=4 tokens=4 us=1282
BATCH stage=decode rows=4 tokens=4 us=1278
BATCH stage=decode rows=4 tokens=4 us=1286
BATCH stage=decode rows=4 tokens=4 us=1284
BATCH stage=decode rows=4 tokens=4 us=1289
BATCH stage=decode rows=4 tokens=4 us=1277
BATCH stage=decode rows=4 tokens=4 us=1318
BATCH stage=decode rows=4 tokens=4 us=1337
BATCH stage=decode rows=4 tokens=4 us=1328
BATCH stage=decode rows=4 tokens=4 us=1342
BATCH stage=decode rows=4 tokens=4 us=1337
BATCH stage=decode rows=4 tokens=4 us=1333
BATCH stage=decode rows=3 tokens=3 us=1302
BATCH stage=prefill rows=1 tokens=128 us=2843
BATCH stage=decode rows=3 tokens=3 us=1325
BATCH stage=prefill rows=1 tokens=128 us=3409
BATCH stage=decode rows=3 tokens=3 us=1311
BATCH stage=prefill rows=1 tokens=128 us=4151
BATCH stage=decode rows=3 tokens=3 us=1317
BATCH stage=prefill rows=1 tokens=14 us=4845
BATCH stage=decode rows=4 tokens=4 us=1332
BATCH stage=decode rows=4 tokens=4 us=1337
BATCH stage=decode rows=4 tokens=4 us=1333
BATCH stage=decode rows=3 tokens=3 us=1240
BATCH stage=prefill rows=1 tokens=16 us=2278
BATCH stage=decode rows=4 tokens=4 us=1273
BATCH stage=decode rows=4 tokens=4 us=1261
BATCH stage=decode rows=4 tokens=4 us=1254
BATCH stage=decode rows=4 tokens=4 us=1264
BATCH stage=decode rows=4 tokens=4 us=1264
BATCH stage=decode rows=4 tokens=4 us=1256
BATCH stage=decode rows=4 tokens=4 us=1261
BATCH stage=decode rows=4 tokens=4 us=1272
BATCH stage=decode rows=4 tokens=4 us=1264
BATCH stage=decode rows=4 tokens=4 us=1267
BATCH stage=decode rows=4 tokens=4 us=1267
BATCH stage=decode rows=4 tokens=4 us=1266
BATCH stage=decode rows=4 tokens=4 us=1265
BATCH stage=decode rows=4 tokens=4 us=1260
BATCH stage=decode rows=4 tokens=4 us=1266
BATCH stage=decode rows=4 tokens=4 us=1262
BATCH stage=decode rows=4 tokens=4 us=1277
BATCH stage=decode rows=4 tokens=4 us=1269
BATCH stage=decode rows=4 tokens=4 us=1277
BATCH stage=decode rows=4 tokens=4 us=1274
BATCH stage=decode rows=4 tokens=4 us=1286
BATCH stage=decode rows=4 tokens=4 us=1270
BATCH stage=decode rows=4 tokens=4 us=1277
BATCH stage=decode rows=4 tokens=4 us=1284
BATCH stage=decode rows=4 tokens=4 us=1287
BATCH stage=decode rows=4 tokens=4 us=1282
BATCH stage=decode rows=4 tokens=4 us=1276
BATCH stage=decode rows=4 tokens=4 us=1281
BATCH stage=decode rows=4 tokens=4 us=1283
BATCH stage=decode rows=4 tokens=4 us=1277
BATCH stage=decode rows=4 tokens=4 us=1287
BATCH stage=decode rows=3 tokens=3 us=1261
BATCH stage=prefill rows=1 tokens=128 us=2876
BATCH stage=decode rows=4 tokens=4 us=1296
BATCH stage=decode rows=4 tokens=4 us=1287
BATCH stage=decode rows=3 tokens=3 us=1265
BATCH stage=prefill rows=1 tokens=128 us=2862
BATCH stage=decode rows=3 tokens=3 us=1258
BATCH stage=prefill rows=1 tokens=128 us=3403
BATCH stage=decode rows=3 tokens=3 us=1251
BATCH stage=prefill rows=1 tokens=128 us=4163
BATCH stage=decode rows=3 tokens=3 us=1254
BATCH stage=prefill rows=1 tokens=14 us=4839
BATCH stage=decode rows=4 tokens=4 us=1291
BATCH stage=decode rows=4 tokens=4 us=1295
BATCH stage=decode rows=4 tokens=4 us=1293
BATCH stage=decode rows=4 tokens=4 us=1285
BATCH stage=decode rows=4 tokens=4 us=1283
BATCH stage=decode rows=4 tokens=4 us=1280
BATCH stage=decode rows=4 tokens=4 us=1291
BATCH stage=decode rows=4 tokens=4 us=1290
BATCH stage=decode rows=4 tokens=4 us=1281
BATCH stage=decode rows=4 tokens=4 us=1286
BATCH stage=decode rows=4 tokens=4 us=1331
BATCH stage=decode rows=4 tokens=4 us=1339
BATCH stage=decode rows=4 tokens=4 us=1346
BATCH stage=decode rows=4 tokens=4 us=1341
BATCH stage=decode rows=4 tokens=4 us=1335
BATCH stage=decode rows=4 tokens=4 us=1342
BATCH stage=decode rows=4 tokens=4 us=1333
BATCH stage=decode rows=4 tokens=4 us=1344
BATCH stage=decode rows=4 tokens=4 us=1343
BATCH stage=decode rows=4 tokens=4 us=1345
BATCH stage=decode rows=4 tokens=4 us=1341
BATCH stage=decode rows=4 tokens=4 us=1333
BATCH stage=decode rows=4 tokens=4 us=1334
BATCH stage=decode rows=3 tokens=3 us=1248
BATCH stage=prefill rows=1 tokens=16 us=2275
BATCH stage=decode rows=4 tokens=4 us=1274
BATCH stage=decode rows=4 tokens=4 us=1276
BATCH stage=decode rows=4 tokens=4 us=1271
BATCH stage=decode rows=4 tokens=4 us=1274
BATCH stage=decode rows=4 tokens=4 us=1276
BATCH stage=decode rows=4 tokens=4 us=1270
BATCH stage=decode rows=4 tokens=4 us=1270
BATCH stage=decode rows=4 tokens=4 us=1268
BATCH stage=decode rows=4 tokens=4 us=1264
BATCH stage=decode rows=4 tokens=4 us=1259
BATCH stage=decode rows=4 tokens=4 us=1272
BATCH stage=decode rows=4 tokens=4 us=1261
BATCH stage=decode rows=4 tokens=4 us=1264
BATCH stage=decode rows=4 tokens=4 us=1274
BATCH stage=decode rows=4 tokens=4 us=1272
BATCH stage=decode rows=4 tokens=4 us=1264
BATCH stage=decode rows=4 tokens=4 us=1272
BATCH stage=decode rows=4 tokens=4 us=1269
BATCH stage=decode rows=4 tokens=4 us=1275
BATCH stage=decode rows=4 tokens=4 us=1272
BATCH stage=decode rows=4 tokens=4 us=1270
BATCH stage=decode rows=4 tokens=4 us=1275
BATCH stage=decode rows=4 tokens=4 us=1277
BATCH stage=decode rows=4 tokens=4 us=1267
BATCH stage=decode rows=4 tokens=4 us=1288
BATCH stage=decode rows=4 tokens=4 us=1288
BATCH stage=decode rows=4 tokens=4 us=1274
BATCH stage=decode rows=4 tokens=4 us=1275
BATCH stage=decode rows=4 tokens=4 us=1280
BATCH stage=decode rows=4 tokens=4 us=1282
BATCH stage=decode rows=4 tokens=4 us=1282
BATCH stage=decode rows=3 tokens=3 us=1260
BATCH stage=prefill rows=1 tokens=128 us=2874
BATCH stage=decode rows=4 tokens=4 us=1286
BATCH stage=decode rows=3 tokens=3 us=1256
BATCH stage=prefill rows=1 tokens=128 us=2849
BATCH stage=decode rows=3 tokens=3 us=1257
BATCH stage=prefill rows=1 tokens=128 us=3404
BATCH stage=decode rows=3 tokens=3 us=1251
BATCH stage=prefill rows=1 tokens=128 us=4129
BATCH stage=decode rows=3 tokens=3 us=1272
BATCH stage=prefill rows=1 tokens=14 us=4847
BATCH stage=decode rows=4 tokens=4 us=1277
BATCH stage=decode rows=4 tokens=4 us=1282
BATCH stage=decode rows=4 tokens=4 us=1283
BATCH stage=decode rows=4 tokens=4 us=1281
BATCH stage=decode rows=4 tokens=4 us=1280
BATCH stage=decode rows=4 tokens=4 us=1279
BATCH stage=decode rows=4 tokens=4 us=1293
BATCH stage=decode rows=4 tokens=4 us=1292
BATCH stage=decode rows=4 tokens=4 us=1283
BATCH stage=decode rows=4 tokens=4 us=1279
BATCH stage=decode rows=4 tokens=4 us=1273
BATCH stage=decode rows=4 tokens=4 us=1317
BATCH stage=decode rows=4 tokens=4 us=1336
BATCH stage=decode rows=4 tokens=4 us=1344
BATCH stage=decode rows=4 tokens=4 us=1339
BATCH stage=decode rows=4 tokens=4 us=1345
BATCH stage=decode rows=4 tokens=4 us=1344
BATCH stage=decode rows=4 tokens=4 us=1341
BATCH stage=decode rows=4 tokens=4 us=1330
BATCH stage=decode rows=4 tokens=4 us=1336
BATCH stage=decode rows=4 tokens=4 us=1335
BATCH stage=decode rows=4 tokens=4 us=1329
BATCH stage=decode rows=4 tokens=4 us=1340
BATCH stage=decode rows=4 tokens=4 us=1344
BATCH stage=decode rows=3 tokens=3 us=1266
BATCH stage=prefill rows=1 tokens=16 us=2284
BATCH stage=decode rows=4 tokens=4 us=1285
BATCH stage=decode rows=4 tokens=4 us=1283
BATCH stage=decode rows=4 tokens=4 us=1284
BATCH stage=decode rows=4 tokens=4 us=1287
BATCH stage=decode rows=4 tokens=4 us=1287
BATCH stage=decode rows=4 tokens=4 us=1280
BATCH stage=decode rows=4 tokens=4 us=1290
BATCH stage=decode rows=4 tokens=4 us=1290
BATCH stage=decode rows=4 tokens=4 us=1285
BATCH stage=decode rows=4 tokens=4 us=1278
BATCH stage=decode rows=4 tokens=4 us=1290
BATCH stage=decode rows=4 tokens=4 us=1291
BATCH stage=decode rows=4 tokens=4 us=1284
BATCH stage=decode rows=4 tokens=4 us=1281
BATCH stage=decode rows=4 tokens=4 us=1286
BATCH stage=decode rows=4 tokens=4 us=1287
BATCH stage=decode rows=4 tokens=4 us=1290
BATCH stage=decode rows=4 tokens=4 us=1271
BATCH stage=decode rows=4 tokens=4 us=1294
BATCH stage=decode rows=4 tokens=4 us=1297
BATCH stage=decode rows=4 tokens=4 us=1290
BATCH stage=decode rows=4 tokens=4 us=1284
BATCH stage=decode rows=4 tokens=4 us=1282
BATCH stage=decode rows=4 tokens=4 us=1282
BATCH stage=decode rows=4 tokens=4 us=1288
BATCH stage=decode rows=4 tokens=4 us=1283
BATCH stage=decode rows=4 tokens=4 us=1283
BATCH stage=decode rows=4 tokens=4 us=1285
BATCH stage=decode rows=4 tokens=4 us=1320
BATCH stage=decode rows=4 tokens=4 us=1326
BATCH stage=decode rows=4 tokens=4 us=1334
BATCH stage=decode rows=3 tokens=3 us=1315
BATCH stage=prefill rows=1 tokens=128 us=2869
BATCH stage=decode rows=4 tokens=4 us=1330
BATCH stage=decode rows=3 tokens=3 us=1321
BATCH stage=prefill rows=1 tokens=128 us=2852
BATCH stage=decode rows=3 tokens=3 us=1307
BATCH stage=prefill rows=1 tokens=128 us=3408
BATCH stage=decode rows=3 tokens=3 us=1310
BATCH stage=prefill rows=1 tokens=128 us=4149
BATCH stage=decode rows=3 tokens=3 us=1317
BATCH stage=prefill rows=1 tokens=14 us=4856
BATCH stage=decode rows=4 tokens=4 us=1332
BATCH stage=decode rows=4 tokens=4 us=1332
BATCH stage=decode rows=4 tokens=4 us=1328
BATCH stage=decode rows=4 tokens=4 us=1339
BATCH stage=decode rows=3 tokens=3 us=1258
BATCH stage=prefill rows=1 tokens=16 us=2293
BATCH stage=decode rows=4 tokens=4 us=1273
BATCH stage=decode rows=4 tokens=4 us=1267
BATCH stage=decode rows=4 tokens=4 us=1261
BATCH stage=decode rows=4 tokens=4 us=1265
BATCH stage=decode rows=4 tokens=4 us=1270
BATCH stage=decode rows=4 tokens=4 us=1266
BATCH stage=decode rows=4 tokens=4 us=1274
BATCH stage=decode rows=4 tokens=4 us=1259
BATCH stage=decode rows=4 tokens=4 us=1274
BATCH stage=decode rows=4 tokens=4 us=1272
BATCH stage=decode rows=4 tokens=4 us=1267
BATCH stage=decode rows=4 tokens=4 us=1257
BATCH stage=decode rows=4 tokens=4 us=1263
BATCH stage=decode rows=4 tokens=4 us=1260
BATCH stage=decode rows=4 tokens=4 us=1271
BATCH stage=decode rows=4 tokens=4 us=1292
BATCH stage=decode rows=4 tokens=4 us=1281
BATCH stage=decode rows=4 tokens=4 us=1283
BATCH stage=decode rows=4 tokens=4 us=1288
BATCH stage=decode rows=4 tokens=4 us=1284
BATCH stage=decode rows=4 tokens=4 us=1270
BATCH stage=decode rows=4 tokens=4 us=1285
BATCH stage=decode rows=4 tokens=4 us=1284
BATCH stage=decode rows=4 tokens=4 us=1278
BATCH stage=decode rows=4 tokens=4 us=1285
BATCH stage=decode rows=4 tokens=4 us=1271
BATCH stage=decode rows=4 tokens=4 us=1274
BATCH stage=decode rows=4 tokens=4 us=1292
BATCH stage=decode rows=4 tokens=4 us=1283
BATCH stage=decode rows=4 tokens=4 us=1287
BATCH stage=decode rows=4 tokens=4 us=1284
BATCH stage=decode rows=3 tokens=3 us=1274
BATCH stage=prefill rows=1 tokens=128 us=2867
BATCH stage=decode rows=4 tokens=4 us=1297
BATCH stage=decode rows=4 tokens=4 us=1289
BATCH stage=decode rows=4 tokens=4 us=1286
BATCH stage=decode rows=4 tokens=4 us=1291
BATCH stage=decode rows=4 tokens=4 us=1296
BATCH stage=decode rows=4 tokens=4 us=1288
BATCH stage=decode rows=4 tokens=4 us=1293
BATCH stage=decode rows=4 tokens=4 us=1285
BATCH stage=decode rows=4 tokens=4 us=1288
BATCH stage=decode rows=4 tokens=4 us=1290
BATCH stage=decode rows=4 tokens=4 us=1278
BATCH stage=decode rows=4 tokens=4 us=1270
BATCH stage=decode rows=4 tokens=4 us=1279
BATCH stage=decode rows=4 tokens=4 us=1284
BATCH stage=decode rows=4 tokens=4 us=1283
BATCH stage=decode rows=4 tokens=4 us=1326
BATCH stage=decode rows=4 tokens=4 us=1329
BATCH stage=decode rows=4 tokens=4 us=1342
BATCH stage=decode rows=4 tokens=4 us=1339
BATCH stage=decode rows=4 tokens=4 us=1331
BATCH stage=decode rows=4 tokens=4 us=1343
BATCH stage=decode rows=3 tokens=3 us=1325
BATCH stage=prefill rows=1 tokens=128 us=2845
BATCH stage=decode rows=3 tokens=3 us=1322
BATCH stage=prefill rows=1 tokens=128 us=3413
BATCH stage=decode rows=3 tokens=3 us=1315
BATCH stage=prefill rows=1 tokens=128 us=4148
BATCH stage=decode rows=3 tokens=3 us=1321
BATCH stage=prefill rows=1 tokens=14 us=4835
BATCH stage=decode rows=4 tokens=4 us=1331
BATCH stage=decode rows=4 tokens=4 us=1336
BATCH stage=decode rows=4 tokens=4 us=1329
BATCH stage=decode rows=3 tokens=3 us=1241
BATCH stage=prefill rows=1 tokens=16 us=2277
BATCH stage=decode rows=4 tokens=4 us=1276
BATCH stage=decode rows=4 tokens=4 us=1274
BATCH stage=decode rows=4 tokens=4 us=1276
BATCH stage=decode rows=4 tokens=4 us=1269
BATCH stage=decode rows=4 tokens=4 us=1271
BATCH stage=decode rows=4 tokens=4 us=1267
BATCH stage=decode rows=4 tokens=4 us=1277
BATCH stage=decode rows=4 tokens=4 us=1272
BATCH stage=decode rows=4 tokens=4 us=1273
BATCH stage=decode rows=4 tokens=4 us=1256
BATCH stage=decode rows=4 tokens=4 us=1273
BATCH stage=decode rows=4 tokens=4 us=1273
BATCH stage=decode rows=4 tokens=4 us=1270
BATCH stage=decode rows=4 tokens=4 us=1276
BATCH stage=decode rows=4 tokens=4 us=1272
BATCH stage=decode rows=4 tokens=4 us=1274
BATCH stage=decode rows=4 tokens=4 us=1288
BATCH stage=decode rows=4 tokens=4 us=1287
BATCH stage=decode rows=4 tokens=4 us=1283
BATCH stage=decode rows=4 tokens=4 us=1289
BATCH stage=decode rows=4 tokens=4 us=1290
BATCH stage=decode rows=4 tokens=4 us=1297
BATCH stage=decode rows=4 tokens=4 us=1291
BATCH stage=decode rows=4 tokens=4 us=1285
BATCH stage=decode rows=4 tokens=4 us=1292
BATCH stage=decode rows=4 tokens=4 us=1291
BATCH stage=decode rows=4 tokens=4 us=1288
BATCH stage=decode rows=4 tokens=4 us=1288
BATCH stage=decode rows=4 tokens=4 us=1295
BATCH stage=decode rows=4 tokens=4 us=1278
BATCH stage=decode rows=4 tokens=4 us=1284
BATCH stage=decode rows=3 tokens=3 us=1266
BATCH stage=prefill rows=1 tokens=128 us=2872
BATCH stage=decode rows=4 tokens=4 us=1291
BATCH stage=decode rows=4 tokens=4 us=1274
BATCH stage=decode rows=3 tokens=3 us=1259
BATCH stage=prefill rows=1 tokens=128 us=2842
BATCH stage=decode rows=3 tokens=3 us=1251
BATCH stage=prefill rows=1 tokens=128 us=3388
BATCH stage=decode rows=3 tokens=3 us=1253
BATCH stage=prefill rows=1 tokens=128 us=4131
BATCH stage=decode rows=3 tokens=3 us=1254
BATCH stage=prefill rows=1 tokens=14 us=4826
BATCH stage=decode rows=4 tokens=4 us=1282
BATCH stage=decode rows=4 tokens=4 us=1294
BATCH stage=decode rows=4 tokens=4 us=1297
BATCH stage=decode rows=4 tokens=4 us=1289
BATCH stage=decode rows=4 tokens=4 us=1283
BATCH stage=decode rows=4 tokens=4 us=1295
BATCH stage=decode rows=4 tokens=4 us=1281
BATCH stage=decode rows=4 tokens=4 us=1293
BATCH stage=decode rows=4 tokens=4 us=1292
BATCH stage=decode rows=4 tokens=4 us=1288
BATCH stage=decode rows=4 tokens=4 us=1322
BATCH stage=decode rows=4 tokens=4 us=1340
BATCH stage=decode rows=4 tokens=4 us=1346
BATCH stage=decode rows=4 tokens=4 us=1340
BATCH stage=decode rows=4 tokens=4 us=1341
BATCH stage=decode rows=4 tokens=4 us=1334
BATCH stage=decode rows=4 tokens=4 us=1345
BATCH stage=decode rows=4 tokens=4 us=1344
BATCH stage=decode rows=4 tokens=4 us=1338
BATCH stage=decode rows=4 tokens=4 us=1337
BATCH stage=decode rows=4 tokens=4 us=1335
BATCH stage=decode rows=4 tokens=4 us=1347
BATCH stage=decode rows=4 tokens=4 us=1341
BATCH stage=decode rows=3 tokens=3 us=1253
BATCH stage=prefill rows=1 tokens=16 us=2283
BATCH stage=decode rows=4 tokens=4 us=1259
BATCH stage=decode rows=4 tokens=4 us=1266
BATCH stage=decode rows=4 tokens=4 us=1263
BATCH stage=decode rows=4 tokens=4 us=1277
BATCH stage=decode rows=4 tokens=4 us=1269
BATCH stage=decode rows=4 tokens=4 us=1271
BATCH stage=decode rows=4 tokens=4 us=1275
BATCH stage=decode rows=4 tokens=4 us=1269
BATCH stage=decode rows=4 tokens=4 us=1267
BATCH stage=decode rows=4 tokens=4 us=1271
BATCH stage=decode rows=4 tokens=4 us=1274
BATCH stage=decode rows=4 tokens=4 us=1279
BATCH stage=decode rows=4 tokens=4 us=1273
BATCH stage=decode rows=4 tokens=4 us=1274
BATCH stage=decode rows=4 tokens=4 us=1272
BATCH stage=decode rows=4 tokens=4 us=1265
BATCH stage=decode rows=4 tokens=4 us=1284
BATCH stage=decode rows=4 tokens=4 us=1279
BATCH stage=decode rows=4 tokens=4 us=1295
BATCH stage=decode rows=4 tokens=4 us=1283
BATCH stage=decode rows=4 tokens=4 us=1286
BATCH stage=decode rows=4 tokens=4 us=1284
BATCH stage=decode rows=4 tokens=4 us=1274
BATCH stage=decode rows=4 tokens=4 us=1279
BATCH stage=decode rows=4 tokens=4 us=1273
BATCH stage=decode rows=4 tokens=4 us=1289
BATCH stage=decode rows=4 tokens=4 us=1291
BATCH stage=decode rows=4 tokens=4 us=1290
BATCH stage=decode rows=4 tokens=4 us=1288
BATCH stage=decode rows=4 tokens=4 us=1284
BATCH stage=decode rows=4 tokens=4 us=1276
BATCH stage=decode rows=3 tokens=3 us=1255
BATCH stage=prefill rows=1 tokens=128 us=2879
BATCH stage=decode rows=4 tokens=4 us=1302
BATCH stage=decode rows=3 tokens=3 us=1266
BATCH stage=prefill rows=1 tokens=128 us=2856
BATCH stage=decode rows=3 tokens=3 us=1254
BATCH stage=prefill rows=1 tokens=128 us=3415
BATCH stage=decode rows=3 tokens=3 us=1275
BATCH stage=prefill rows=1 tokens=128 us=4161
BATCH stage=decode rows=3 tokens=3 us=1260
BATCH stage=prefill rows=1 tokens=14 us=4856
BATCH stage=decode rows=4 tokens=4 us=1286
BATCH stage=decode rows=4 tokens=4 us=1287
BATCH stage=decode rows=4 tokens=4 us=1283
BATCH stage=decode rows=4 tokens=4 us=1280
BATCH stage=decode rows=4 tokens=4 us=1286
BATCH stage=decode rows=4 tokens=4 us=1295
BATCH stage=decode rows=4 tokens=4 us=1295
BATCH stage=decode rows=4 tokens=4 us=1283
BATCH stage=decode rows=4 tokens=4 us=1293
BATCH stage=decode rows=4 tokens=4 us=1287
BATCH stage=decode rows=4 tokens=4 us=1286
BATCH stage=decode rows=4 tokens=4 us=1325
BATCH stage=decode rows=4 tokens=4 us=1344
BATCH stage=decode rows=4 tokens=4 us=1358
BATCH stage=decode rows=4 tokens=4 us=1342
BATCH stage=decode rows=4 tokens=4 us=1328
BATCH stage=decode rows=4 tokens=4 us=1333
BATCH stage=decode rows=4 tokens=4 us=1342
BATCH stage=decode rows=4 tokens=4 us=1343
BATCH stage=decode rows=4 tokens=4 us=1344
BATCH stage=decode rows=4 tokens=4 us=1339
BATCH stage=decode rows=4 tokens=4 us=1345
BATCH stage=decode rows=4 tokens=4 us=1346
BATCH stage=decode rows=4 tokens=4 us=1347
BATCH stage=decode rows=3 tokens=3 us=1270
BATCH stage=prefill rows=1 tokens=16 us=2293
BATCH stage=decode rows=4 tokens=4 us=1292
BATCH stage=decode rows=4 tokens=4 us=1284
BATCH stage=decode rows=4 tokens=4 us=1281
BATCH stage=decode rows=4 tokens=4 us=1285
BATCH stage=decode rows=4 tokens=4 us=1291
BATCH stage=decode rows=4 tokens=4 us=1287
BATCH stage=decode rows=4 tokens=4 us=1282
BATCH stage=decode rows=4 tokens=4 us=1284
BATCH stage=decode rows=4 tokens=4 us=1286
BATCH stage=decode rows=4 tokens=4 us=1293
BATCH stage=decode rows=4 tokens=4 us=1284
BATCH stage=decode rows=4 tokens=4 us=1289
BATCH stage=decode rows=4 tokens=4 us=1291
BATCH stage=decode rows=4 tokens=4 us=1297
BATCH stage=decode rows=4 tokens=4 us=1284
BATCH stage=decode rows=4 tokens=4 us=1285
BATCH stage=decode rows=4 tokens=4 us=1291
BATCH stage=decode rows=4 tokens=4 us=1297
BATCH stage=decode rows=4 tokens=4 us=1276
BATCH stage=decode rows=4 tokens=4 us=1273
BATCH stage=decode rows=4 tokens=4 us=1279
BATCH stage=decode rows=4 tokens=4 us=1277
BATCH stage=decode rows=4 tokens=4 us=1291
BATCH stage=decode rows=4 tokens=4 us=1285
BATCH stage=decode rows=4 tokens=4 us=1288
BATCH stage=decode rows=4 tokens=4 us=1283
BATCH stage=decode rows=4 tokens=4 us=1288
BATCH stage=decode rows=4 tokens=4 us=1272
BATCH stage=decode rows=4 tokens=4 us=1308
BATCH stage=decode rows=4 tokens=4 us=1323
BATCH stage=decode rows=4 tokens=4 us=1340
BATCH stage=decode rows=3 tokens=3 us=1318
BATCH stage=prefill rows=1 tokens=128 us=2868
BATCH stage=decode rows=4 tokens=4 us=1346
BATCH stage=decode rows=3 tokens=3 us=1324
BATCH stage=prefill rows=1 tokens=128 us=2852
BATCH stage=decode rows=3 tokens=3 us=1324
BATCH stage=prefill rows=1 tokens=128 us=3416
BATCH stage=decode rows=3 tokens=3 us=1308
BATCH stage=prefill rows=1 tokens=128 us=4160
BATCH stage=decode rows=3 tokens=3 us=1320
BATCH stage=prefill rows=1 tokens=14 us=4852
BATCH stage=decode rows=4 tokens=4 us=1341
BATCH stage=decode rows=4 tokens=4 us=1340
BATCH stage=decode rows=4 tokens=4 us=1345
BATCH stage=decode rows=4 tokens=4 us=1342
BATCH stage=decode rows=3 tokens=3 us=1251
BATCH stage=prefill rows=1 tokens=16 us=2291
BATCH stage=decode rows=4 tokens=4 us=1271
BATCH stage=decode rows=4 tokens=4 us=1275
BATCH stage=decode rows=4 tokens=4 us=1274
BATCH stage=decode rows=4 tokens=4 us=1274
BATCH stage=decode rows=4 tokens=4 us=1273
BATCH stage=decode rows=4 tokens=4 us=1273
BATCH stage=decode rows=4 tokens=4 us=1277
BATCH stage=decode rows=4 tokens=4 us=1269
BATCH stage=decode rows=4 tokens=4 us=1278
BATCH stage=decode rows=4 tokens=4 us=1278
BATCH stage=decode rows=4 tokens=4 us=1276
BATCH stage=decode rows=4 tokens=4 us=1279
BATCH stage=decode rows=4 tokens=4 us=1272
BATCH stage=decode rows=4 tokens=4 us=1272
BATCH stage=decode rows=4 tokens=4 us=1276
BATCH stage=decode rows=4 tokens=4 us=1288
BATCH stage=decode rows=4 tokens=4 us=1293
BATCH stage=decode rows=4 tokens=4 us=1285
BATCH stage=decode rows=4 tokens=4 us=1287
BATCH stage=decode rows=4 tokens=4 us=1286
BATCH stage=decode rows=4 tokens=4 us=1284
BATCH stage=decode rows=4 tokens=4 us=1286
BATCH stage=decode rows=4 tokens=4 us=1285
BATCH stage=decode rows=4 tokens=4 us=1286
BATCH stage=decode rows=4 tokens=4 us=1286
BATCH stage=decode rows=4 tokens=4 us=1291
BATCH stage=decode rows=4 tokens=4 us=1290
BATCH stage=decode rows=4 tokens=4 us=1285
BATCH stage=decode rows=4 tokens=4 us=1288
BATCH stage=decode rows=4 tokens=4 us=1286
BATCH stage=decode rows=4 tokens=4 us=1285
BATCH stage=decode rows=3 tokens=3 us=1270
BATCH stage=prefill rows=1 tokens=128 us=2873
BATCH stage=decode rows=4 tokens=4 us=1283
BATCH stage=decode rows=4 tokens=4 us=1286
BATCH stage=decode rows=4 tokens=4 us=1291
BATCH stage=decode rows=4 tokens=4 us=1288
BATCH stage=decode rows=4 tokens=4 us=1289
BATCH stage=decode rows=4 tokens=4 us=1293
BATCH stage=decode rows=4 tokens=4 us=1289
BATCH stage=decode rows=4 tokens=4 us=1289
BATCH stage=decode rows=4 tokens=4 us=1293
BATCH stage=decode rows=4 tokens=4 us=1286
BATCH stage=decode rows=4 tokens=4 us=1290
BATCH stage=decode rows=4 tokens=4 us=1292
BATCH stage=decode rows=4 tokens=4 us=1285
BATCH stage=decode rows=4 tokens=4 us=1289
BATCH stage=decode rows=4 tokens=4 us=1281
BATCH stage=decode rows=4 tokens=4 us=1318
BATCH stage=decode rows=4 tokens=4 us=1335
BATCH stage=decode rows=4 tokens=4 us=1329
BATCH stage=decode rows=4 tokens=4 us=1330
BATCH stage=decode rows=4 tokens=4 us=1340
BATCH stage=decode rows=4 tokens=4 us=1329
BATCH stage=decode rows=3 tokens=3 us=1315
BATCH stage=prefill rows=1 tokens=128 us=2854
BATCH stage=decode rows=3 tokens=3 us=1308
BATCH stage=prefill rows=1 tokens=128 us=3409
BATCH stage=decode rows=3 tokens=3 us=1302
BATCH stage=prefill rows=1 tokens=128 us=4170
BATCH stage=decode rows=3 tokens=3 us=1322
BATCH stage=prefill rows=1 tokens=14 us=4847
BATCH stage=decode rows=4 tokens=4 us=1349
BATCH stage=decode rows=4 tokens=4 us=1348
BATCH stage=decode rows=4 tokens=4 us=1347
BATCH stage=decode rows=3 tokens=3 us=1251
BATCH stage=prefill rows=1 tokens=16 us=2292
BATCH stage=decode rows=4 tokens=4 us=1262
BATCH stage=decode rows=4 tokens=4 us=1276
BATCH stage=decode rows=4 tokens=4 us=1259
BATCH stage=decode rows=4 tokens=4 us=1277
BATCH stage=decode rows=4 tokens=4 us=1278
BATCH stage=decode rows=4 tokens=4 us=1273
BATCH stage=decode rows=4 tokens=4 us=1271
BATCH stage=decode rows=4 tokens=4 us=1274
BATCH stage=decode rows=4 tokens=4 us=1272
BATCH stage=decode rows=4 tokens=4 us=1273
BATCH stage=decode rows=4 tokens=4 us=1274
BATCH stage=decode rows=4 tokens=4 us=1273
BATCH stage=decode rows=4 tokens=4 us=1262
BATCH stage=decode rows=4 tokens=4 us=1257
BATCH stage=decode rows=4 tokens=4 us=1262
BATCH stage=decode rows=4 tokens=4 us=1258
BATCH stage=decode rows=4 tokens=4 us=1276
BATCH stage=decode rows=4 tokens=4 us=1283
BATCH stage=decode rows=4 tokens=4 us=1280
BATCH stage=decode rows=4 tokens=4 us=1283
BATCH stage=decode rows=4 tokens=4 us=1289
BATCH stage=decode rows=4 tokens=4 us=1285
BATCH stage=decode rows=4 tokens=4 us=1290
BATCH stage=decode rows=4 tokens=4 us=1286
BATCH stage=decode rows=4 tokens=4 us=1288
BATCH stage=decode rows=4 tokens=4 us=1287
BATCH stage=decode rows=4 tokens=4 us=1285
BATCH stage=decode rows=4 tokens=4 us=1287
BATCH stage=decode rows=4 tokens=4 us=1278
BATCH stage=decode rows=4 tokens=4 us=1285
BATCH stage=decode rows=4 tokens=4 us=1286
BATCH stage=decode rows=3 tokens=3 us=1270
BATCH stage=prefill rows=1 tokens=128 us=2876
BATCH stage=decode rows=4 tokens=4 us=1291
BATCH stage=decode rows=4 tokens=4 us=1297
BATCH stage=decode rows=3 tokens=3 us=1254
BATCH stage=prefill rows=1 tokens=128 us=2853
BATCH stage=decode rows=3 tokens=3 us=1272
BATCH stage=prefill rows=1 tokens=128 us=3401
BATCH stage=decode rows=3 tokens=3 us=1249
BATCH stage=prefill rows=1 tokens=128 us=4134
BATCH stage=decode rows=3 tokens=3 us=1252
BATCH stage=prefill rows=1 tokens=14 us=4848
BATCH stage=decode rows=4 tokens=4 us=1298
BATCH stage=decode rows=4 tokens=4 us=1297
BATCH stage=decode rows=4 tokens=4 us=1293
BATCH stage=decode rows=4 tokens=4 us=1300
BATCH stage=decode rows=4 tokens=4 us=1283
BATCH stage=decode rows=4 tokens=4 us=1277
BATCH stage=decode rows=4 tokens=4 us=1290
BATCH stage=decode rows=4 tokens=4 us=1279
BATCH stage=decode rows=4 tokens=4 us=1295
BATCH stage=decode rows=4 tokens=4 us=1283
BATCH stage=decode rows=4 tokens=4 us=1328
BATCH stage=decode rows=4 tokens=4 us=1337
BATCH stage=decode rows=4 tokens=4 us=1345
BATCH stage=decode rows=4 tokens=4 us=1339
BATCH stage=decode rows=4 tokens=4 us=1339
BATCH stage=decode rows=4 tokens=4 us=1330
BATCH stage=decode rows=4 tokens=4 us=1342
BATCH stage=decode rows=4 tokens=4 us=1345
BATCH stage=decode rows=4 tokens=4 us=1337
BATCH stage=decode rows=4 tokens=4 us=1337
BATCH stage=decode rows=4 tokens=4 us=1349
BATCH stage=decode rows=4 tokens=4 us=1347
BATCH stage=decode rows=4 tokens=4 us=1348
BATCH stage=decode rows=3 tokens=3 us=1254
BATCH stage=prefill rows=1 tokens=16 us=2279
BATCH stage=decode rows=4 tokens=4 us=1263
BATCH stage=decode rows=4 tokens=4 us=1262
BATCH stage=decode rows=4 tokens=4 us=1263
BATCH stage=decode rows=4 tokens=4 us=1259
BATCH stage=decode rows=4 tokens=4 us=1275
BATCH stage=decode rows=4 tokens=4 us=1271
BATCH stage=decode rows=4 tokens=4 us=1258
BATCH stage=decode rows=4 tokens=4 us=1260
BATCH stage=decode rows=4 tokens=4 us=1259
BATCH stage=decode rows=4 tokens=4 us=1257
BATCH stage=decode rows=4 tokens=4 us=1270
BATCH stage=decode rows=4 tokens=4 us=1279
BATCH stage=decode rows=4 tokens=4 us=1271
BATCH stage=decode rows=4 tokens=4 us=1270
BATCH stage=decode rows=4 tokens=4 us=1267
BATCH stage=decode rows=4 tokens=4 us=1270
BATCH stage=decode rows=4 tokens=4 us=1278
BATCH stage=decode rows=4 tokens=4 us=1291
BATCH stage=decode rows=4 tokens=4 us=1288
BATCH stage=decode rows=4 tokens=4 us=1282
BATCH stage=decode rows=4 tokens=4 us=1276
BATCH stage=decode rows=4 tokens=4 us=1279
BATCH stage=decode rows=4 tokens=4 us=1281
BATCH stage=decode rows=4 tokens=4 us=1290
BATCH stage=decode rows=4 tokens=4 us=1290
BATCH stage=decode rows=4 tokens=4 us=1275
BATCH stage=decode rows=4 tokens=4 us=1287
BATCH stage=decode rows=4 tokens=4 us=1288
BATCH stage=decode rows=4 tokens=4 us=1286
BATCH stage=decode rows=4 tokens=4 us=1286
BATCH stage=decode rows=4 tokens=4 us=1276
BATCH stage=decode rows=3 tokens=3 us=1252
BATCH stage=prefill rows=1 tokens=128 us=2865
BATCH stage=decode rows=4 tokens=4 us=1280
BATCH stage=decode rows=3 tokens=3 us=1268
BATCH stage=prefill rows=1 tokens=128 us=2860
BATCH stage=decode rows=3 tokens=3 us=1257
BATCH stage=prefill rows=1 tokens=128 us=3401
BATCH stage=decode rows=3 tokens=3 us=1260
BATCH stage=prefill rows=1 tokens=128 us=4171
BATCH stage=decode rows=3 tokens=3 us=1252
BATCH stage=prefill rows=1 tokens=14 us=4849
BATCH stage=decode rows=4 tokens=4 us=1282
BATCH stage=decode rows=4 tokens=4 us=1281
BATCH stage=decode rows=4 tokens=4 us=1280
BATCH stage=decode rows=4 tokens=4 us=1292
BATCH stage=decode rows=4 tokens=4 us=1294
BATCH stage=decode rows=4 tokens=4 us=1286
BATCH stage=decode rows=4 tokens=4 us=1280
BATCH stage=decode rows=4 tokens=4 us=1286
BATCH stage=decode rows=4 tokens=4 us=1281
BATCH stage=decode rows=4 tokens=4 us=1279
BATCH stage=decode rows=4 tokens=4 us=1286
BATCH stage=decode rows=4 tokens=4 us=1320
BATCH stage=decode rows=4 tokens=4 us=1343
BATCH stage=decode rows=4 tokens=4 us=1344
BATCH stage=decode rows=4 tokens=4 us=1341
BATCH stage=decode rows=4 tokens=4 us=1335
BATCH stage=decode rows=4 tokens=4 us=1330
BATCH stage=decode rows=4 tokens=4 us=1344
BATCH stage=decode rows=4 tokens=4 us=1332
BATCH stage=decode rows=4 tokens=4 us=1328
BATCH stage=decode rows=4 tokens=4 us=1329
BATCH stage=decode rows=4 tokens=4 us=1347
BATCH stage=decode rows=4 tokens=4 us=1330
BATCH stage=decode rows=4 tokens=4 us=1342
BATCH stage=decode rows=3 tokens=3 us=1254
BATCH stage=prefill rows=1 tokens=16 us=2291
BATCH stage=decode rows=4 tokens=4 us=1288
BATCH stage=decode rows=4 tokens=4 us=1275
BATCH stage=decode rows=4 tokens=4 us=1275
BATCH stage=decode rows=4 tokens=4 us=1270
BATCH stage=decode rows=4 tokens=4 us=1272
BATCH stage=decode rows=4 tokens=4 us=1270
BATCH stage=decode rows=4 tokens=4 us=1291
BATCH stage=decode rows=4 tokens=4 us=1271
BATCH stage=decode rows=4 tokens=4 us=1282
BATCH stage=decode rows=4 tokens=4 us=1282
BATCH stage=decode rows=4 tokens=4 us=1278
BATCH stage=decode rows=4 tokens=4 us=1288
BATCH stage=decode rows=4 tokens=4 us=1285
BATCH stage=decode rows=4 tokens=4 us=1282
BATCH stage=decode rows=4 tokens=4 us=1283
BATCH stage=decode rows=4 tokens=4 us=1280
BATCH stage=decode rows=4 tokens=4 us=1279
BATCH stage=decode rows=4 tokens=4 us=1277
BATCH stage=decode rows=4 tokens=4 us=1274
BATCH stage=decode rows=4 tokens=4 us=1273
BATCH stage=decode rows=4 tokens=4 us=1287
BATCH stage=decode rows=4 tokens=4 us=1276
BATCH stage=decode rows=4 tokens=4 us=1289
BATCH stage=decode rows=4 tokens=4 us=1269
BATCH stage=decode rows=4 tokens=4 us=1278
BATCH stage=decode rows=4 tokens=4 us=1280
BATCH stage=decode rows=4 tokens=4 us=1279
BATCH stage=decode rows=4 tokens=4 us=1269
BATCH stage=decode rows=4 tokens=4 us=1312
BATCH stage=decode rows=4 tokens=4 us=1329
BATCH stage=decode rows=4 tokens=4 us=1341
BATCH stage=decode rows=3 tokens=3 us=1320
BATCH stage=prefill rows=1 tokens=128 us=2861
BATCH stage=decode rows=4 tokens=4 us=1344
BATCH stage=decode rows=3 tokens=3 us=1323
BATCH stage=prefill rows=1 tokens=128 us=2853
BATCH stage=decode rows=3 tokens=3 us=1325
BATCH stage=prefill rows=1 tokens=128 us=3412
BATCH stage=decode rows=3 tokens=3 us=1321
BATCH stage=prefill rows=1 tokens=128 us=4175
BATCH stage=decode rows=3 tokens=3 us=1325
BATCH stage=prefill rows=1 tokens=14 us=4849
BATCH stage=decode rows=4 tokens=4 us=1342
BATCH stage=decode rows=4 tokens=4 us=1349
BATCH stage=decode rows=4 tokens=4 us=1339
BATCH stage=decode rows=4 tokens=4 us=1343
BATCH stage=decode rows=3 tokens=3 us=1255
BATCH stage=prefill rows=1 tokens=16 us=2295
BATCH stage=decode rows=4 tokens=4 us=1266
BATCH stage=decode rows=4 tokens=4 us=1275
BATCH stage=decode rows=4 tokens=4 us=1262
BATCH stage=decode rows=4 tokens=4 us=1274
BATCH stage=decode rows=4 tokens=4 us=1273
BATCH stage=decode rows=4 tokens=4 us=1273
BATCH stage=decode rows=4 tokens=4 us=1263
BATCH stage=decode rows=4 tokens=4 us=1272
BATCH stage=decode rows=4 tokens=4 us=1257
BATCH stage=decode rows=4 tokens=4 us=1274
BATCH stage=decode rows=4 tokens=4 us=1271
BATCH stage=decode rows=4 tokens=4 us=1259
BATCH stage=decode rows=4 tokens=4 us=1272
BATCH stage=decode rows=4 tokens=4 us=1278
BATCH stage=decode rows=4 tokens=4 us=1271
BATCH stage=decode rows=4 tokens=4 us=1287
BATCH stage=decode rows=4 tokens=4 us=1277
BATCH stage=decode rows=4 tokens=4 us=1278
BATCH stage=decode rows=4 tokens=4 us=1280
BATCH stage=decode rows=4 tokens=4 us=1280
BATCH stage=decode rows=4 tokens=4 us=1276
BATCH stage=decode rows=4 tokens=4 us=1272
BATCH stage=decode rows=4 tokens=4 us=1278
BATCH stage=decode rows=4 tokens=4 us=1275
BATCH stage=decode rows=4 tokens=4 us=1277
BATCH stage=decode rows=4 tokens=4 us=1271
BATCH stage=decode rows=4 tokens=4 us=1278
BATCH stage=decode rows=4 tokens=4 us=1288
BATCH stage=decode rows=4 tokens=4 us=1272
BATCH stage=decode rows=4 tokens=4 us=1287
BATCH stage=decode rows=4 tokens=4 us=1287
BATCH stage=decode rows=3 tokens=3 us=1268
BATCH stage=prefill rows=1 tokens=128 us=2867
BATCH stage=decode rows=4 tokens=4 us=1298
BATCH stage=decode rows=4 tokens=4 us=1280
BATCH stage=decode rows=4 tokens=4 us=1273
BATCH stage=decode rows=4 tokens=4 us=1285
BATCH stage=decode rows=4 tokens=4 us=1275
BATCH stage=decode rows=4 tokens=4 us=1286
BATCH stage=decode rows=4 tokens=4 us=1285
BATCH stage=decode rows=4 tokens=4 us=1289
BATCH stage=decode rows=4 tokens=4 us=1278
BATCH stage=decode rows=4 tokens=4 us=1287
BATCH stage=decode rows=4 tokens=4 us=1283
BATCH stage=decode rows=4 tokens=4 us=1294
BATCH stage=decode rows=4 tokens=4 us=1289
BATCH stage=decode rows=4 tokens=4 us=1295
BATCH stage=decode rows=4 tokens=4 us=1284
BATCH stage=decode rows=4 tokens=4 us=1319
BATCH stage=decode rows=4 tokens=4 us=1333
BATCH stage=decode rows=4 tokens=4 us=1339
BATCH stage=decode rows=4 tokens=4 us=1340
BATCH stage=decode rows=4 tokens=4 us=1341
BATCH stage=decode rows=4 tokens=4 us=1341
BATCH stage=decode rows=3 tokens=3 us=1314
BATCH stage=prefill rows=1 tokens=128 us=2847
BATCH stage=decode rows=3 tokens=3 us=1322
BATCH stage=prefill rows=1 tokens=128 us=3400
BATCH stage=decode rows=3 tokens=3 us=1308
BATCH stage=prefill rows=1 tokens=128 us=4139
BATCH stage=decode rows=3 tokens=3 us=1320
BATCH stage=prefill rows=1 tokens=14 us=4867
BATCH stage=decode rows=4 tokens=4 us=1352
BATCH stage=decode rows=4 tokens=4 us=1356
BATCH stage=decode rows=4 tokens=4 us=1353
BATCH stage=decode rows=3 tokens=3 us=1258
BATCH stage=prefill rows=1 tokens=16 us=2290
BATCH stage=decode rows=4 tokens=4 us=1281
BATCH stage=decode rows=4 tokens=4 us=1279
BATCH stage=decode rows=4 tokens=4 us=1279
BATCH stage=decode rows=4 tokens=4 us=1285
BATCH stage=decode rows=4 tokens=4 us=1281
BATCH stage=decode rows=4 tokens=4 us=1268
BATCH stage=decode rows=4 tokens=4 us=1266
BATCH stage=decode rows=4 tokens=4 us=1265
BATCH stage=decode rows=4 tokens=4 us=1281
BATCH stage=decode rows=4 tokens=4 us=1285
BATCH stage=decode rows=4 tokens=4 us=1282
BATCH stage=decode rows=4 tokens=4 us=1284
BATCH stage=decode rows=4 tokens=4 us=1281
BATCH stage=decode rows=4 tokens=4 us=1280
BATCH stage=decode rows=4 tokens=4 us=1286
BATCH stage=decode rows=4 tokens=4 us=1285
BATCH stage=decode rows=4 tokens=4 us=1300
BATCH stage=decode rows=4 tokens=4 us=1279
BATCH stage=decode rows=4 tokens=4 us=1297
BATCH stage=decode rows=4 tokens=4 us=1308
BATCH stage=decode rows=4 tokens=4 us=1295
BATCH stage=decode rows=4 tokens=4 us=1296
BATCH stage=decode rows=4 tokens=4 us=1297
BATCH stage=decode rows=4 tokens=4 us=1285
BATCH stage=decode rows=4 tokens=4 us=1294
BATCH stage=decode rows=4 tokens=4 us=1293
BATCH stage=decode rows=4 tokens=4 us=1296
BATCH stage=decode rows=4 tokens=4 us=1298
BATCH stage=decode rows=4 tokens=4 us=1298
BATCH stage=decode rows=4 tokens=4 us=1293
BATCH stage=decode rows=4 tokens=4 us=1305
BATCH stage=decode rows=3 tokens=3 us=1277
BATCH stage=prefill rows=1 tokens=128 us=2877
BATCH stage=decode rows=4 tokens=4 us=1301
BATCH stage=decode rows=4 tokens=4 us=1305
BATCH stage=decode rows=3 tokens=3 us=1275
BATCH stage=prefill rows=1 tokens=128 us=2847
BATCH stage=decode rows=3 tokens=3 us=1277
BATCH stage=prefill rows=1 tokens=128 us=3414
BATCH stage=decode rows=3 tokens=3 us=1261
BATCH stage=prefill rows=1 tokens=128 us=4133
BATCH stage=decode rows=3 tokens=3 us=1270
BATCH stage=prefill rows=1 tokens=14 us=4851
BATCH stage=decode rows=4 tokens=4 us=1298
BATCH stage=decode rows=4 tokens=4 us=1309
BATCH stage=decode rows=4 tokens=4 us=1299
BATCH stage=decode rows=4 tokens=4 us=1308
BATCH stage=decode rows=4 tokens=4 us=1303
BATCH stage=decode rows=4 tokens=4 us=1299
BATCH stage=decode rows=4 tokens=4 us=1301
BATCH stage=decode rows=4 tokens=4 us=1301
BATCH stage=decode rows=4 tokens=4 us=1302
BATCH stage=decode rows=4 tokens=4 us=1299
BATCH stage=decode rows=4 tokens=4 us=1342
BATCH stage=decode rows=4 tokens=4 us=1349
BATCH stage=decode rows=4 tokens=4 us=1350
BATCH stage=decode rows=4 tokens=4 us=1352
BATCH stage=decode rows=4 tokens=4 us=1337
BATCH stage=decode rows=4 tokens=4 us=1351
BATCH stage=decode rows=4 tokens=4 us=1338
BATCH stage=decode rows=4 tokens=4 us=1348
BATCH stage=decode rows=4 tokens=4 us=1354
BATCH stage=decode rows=4 tokens=4 us=1365
BATCH stage=decode rows=4 tokens=4 us=1355
BATCH stage=decode rows=4 tokens=4 us=1345
BATCH stage=decode rows=4 tokens=4 us=1345
BATCH stage=decode rows=3 tokens=3 us=1255
BATCH stage=prefill rows=1 tokens=16 us=2293
BATCH stage=decode rows=4 tokens=4 us=1276
BATCH stage=decode rows=4 tokens=4 us=1280
BATCH stage=decode rows=4 tokens=4 us=1281
BATCH stage=decode rows=4 tokens=4 us=1282
BATCH stage=decode rows=4 tokens=4 us=1280
BATCH stage=decode rows=4 tokens=4 us=1286
BATCH stage=decode rows=4 tokens=4 us=1282
BATCH stage=decode rows=4 tokens=4 us=1282
BATCH stage=decode rows=4 tokens=4 us=1280
BATCH stage=decode rows=4 tokens=4 us=1281
BATCH stage=decode rows=4 tokens=4 us=1285
BATCH stage=decode rows=4 tokens=4 us=1285
BATCH stage=decode rows=4 tokens=4 us=1286
BATCH stage=decode rows=4 tokens=4 us=1277
BATCH stage=decode rows=4 tokens=4 us=1285
BATCH stage=decode rows=4 tokens=4 us=1281
BATCH stage=decode rows=4 tokens=4 us=1301
BATCH stage=decode rows=4 tokens=4 us=1297
BATCH stage=decode rows=4 tokens=4 us=1293
BATCH stage=decode rows=4 tokens=4 us=1299
BATCH stage=decode rows=4 tokens=4 us=1301
BATCH stage=decode rows=4 tokens=4 us=1295
BATCH stage=decode rows=4 tokens=4 us=1293
BATCH stage=decode rows=4 tokens=4 us=1276
BATCH stage=decode rows=4 tokens=4 us=1279
BATCH stage=decode rows=4 tokens=4 us=1291
BATCH stage=decode rows=4 tokens=4 us=1281
BATCH stage=decode rows=4 tokens=4 us=1293
BATCH stage=decode rows=4 tokens=4 us=1296
BATCH stage=decode rows=4 tokens=4 us=1299
BATCH stage=decode rows=4 tokens=4 us=1285
BATCH stage=decode rows=3 tokens=3 us=1275
BATCH stage=prefill rows=1 tokens=128 us=2877
BATCH stage=decode rows=4 tokens=4 us=1296
BATCH stage=decode rows=3 tokens=3 us=1284
BATCH stage=prefill rows=1 tokens=128 us=2853
BATCH stage=decode rows=3 tokens=3 us=1273
BATCH stage=prefill rows=1 tokens=128 us=3415
BATCH stage=decode rows=3 tokens=3 us=1274
BATCH stage=prefill rows=1 tokens=128 us=4159
BATCH stage=decode rows=3 tokens=3 us=1272
BATCH stage=prefill rows=1 tokens=14 us=4856
BATCH stage=decode rows=4 tokens=4 us=1304
BATCH stage=decode rows=4 tokens=4 us=1304
BATCH stage=decode rows=4 tokens=4 us=1302
BATCH stage=decode rows=4 tokens=4 us=1300
BATCH stage=decode rows=4 tokens=4 us=1296
BATCH stage=decode rows=4 tokens=4 us=1308
BATCH stage=decode rows=4 tokens=4 us=1293
BATCH stage=decode rows=4 tokens=4 us=1298
BATCH stage=decode rows=4 tokens=4 us=1304
BATCH stage=decode rows=4 tokens=4 us=1302
BATCH stage=decode rows=4 tokens=4 us=1290
BATCH stage=decode rows=4 tokens=4 us=1341
BATCH stage=decode rows=4 tokens=4 us=1353
BATCH stage=decode rows=4 tokens=4 us=1345
BATCH stage=decode rows=4 tokens=4 us=1350
BATCH stage=decode rows=4 tokens=4 us=1347
BATCH stage=decode rows=4 tokens=4 us=1352
BATCH stage=decode rows=4 tokens=4 us=1354
BATCH stage=decode rows=4 tokens=4 us=1342
BATCH stage=decode rows=4 tokens=4 us=1352
BATCH stage=decode rows=4 tokens=4 us=1342
BATCH stage=decode rows=4 tokens=4 us=1350
BATCH stage=decode rows=4 tokens=4 us=1357
BATCH stage=decode rows=4 tokens=4 us=1358
BATCH stage=decode rows=3 tokens=3 us=1267
BATCH stage=prefill rows=1 tokens=16 us=2291
BATCH stage=decode rows=4 tokens=4 us=1293
BATCH stage=decode rows=4 tokens=4 us=1299
BATCH stage=decode rows=4 tokens=4 us=1283
BATCH stage=decode rows=4 tokens=4 us=1298
BATCH stage=decode rows=4 tokens=4 us=1295
BATCH stage=decode rows=4 tokens=4 us=1296
BATCH stage=decode rows=4 tokens=4 us=1297
BATCH stage=decode rows=4 tokens=4 us=1296
BATCH stage=decode rows=4 tokens=4 us=1296
BATCH stage=decode rows=4 tokens=4 us=1293
BATCH stage=decode rows=4 tokens=4 us=1290
BATCH stage=decode rows=4 tokens=4 us=1298
BATCH stage=decode rows=4 tokens=4 us=1295
BATCH stage=decode rows=4 tokens=4 us=1295
BATCH stage=decode rows=4 tokens=4 us=1297
BATCH stage=decode rows=4 tokens=4 us=1289
BATCH stage=decode rows=4 tokens=4 us=1304
BATCH stage=decode rows=4 tokens=4 us=1299
BATCH stage=decode rows=4 tokens=4 us=1299
BATCH stage=decode rows=4 tokens=4 us=1298
BATCH stage=decode rows=4 tokens=4 us=1302
BATCH stage=decode rows=4 tokens=4 us=1295
BATCH stage=decode rows=4 tokens=4 us=1294
BATCH stage=decode rows=4 tokens=4 us=1298
BATCH stage=decode rows=4 tokens=4 us=1298
BATCH stage=decode rows=4 tokens=4 us=1297
BATCH stage=decode rows=4 tokens=4 us=1302
BATCH stage=decode rows=4 tokens=4 us=1292
BATCH stage=decode rows=4 tokens=4 us=1337
BATCH stage=decode rows=4 tokens=4 us=1347
BATCH stage=decode rows=4 tokens=4 us=1345
BATCH stage=decode rows=3 tokens=3 us=1330
BATCH stage=prefill rows=1 tokens=128 us=2875
BATCH stage=decode rows=4 tokens=4 us=1349
BATCH stage=decode rows=3 tokens=3 us=1328
BATCH stage=prefill rows=1 tokens=128 us=2845
BATCH stage=decode rows=3 tokens=3 us=1329
BATCH stage=prefill rows=1 tokens=128 us=3408
BATCH stage=decode rows=3 tokens=3 us=1330
BATCH stage=prefill rows=1 tokens=128 us=4158
BATCH stage=decode rows=3 tokens=3 us=1312
BATCH stage=prefill rows=1 tokens=14 us=4849
BATCH stage=decode rows=4 tokens=4 us=1351
BATCH stage=decode rows=4 tokens=4 us=1346
BATCH stage=decode rows=4 tokens=4 us=1338
BATCH stage=decode rows=4 tokens=4 us=1334
BATCH stage=decode rows=3 tokens=3 us=1256
BATCH stage=prefill rows=1 tokens=16 us=2298
BATCH stage=decode rows=4 tokens=4 us=1279
BATCH stage=decode rows=4 tokens=4 us=1269
BATCH stage=decode rows=4 tokens=4 us=1277
BATCH stage=decode rows=4 tokens=4 us=1288
BATCH stage=decode rows=4 tokens=4 us=1280
BATCH stage=decode rows=4 tokens=4 us=1281
BATCH stage=decode rows=4 tokens=4 us=1285
BATCH stage=decode rows=4 tokens=4 us=1286
BATCH stage=decode rows=4 tokens=4 us=1286
BATCH stage=decode rows=4 tokens=4 us=1280
BATCH stage=decode rows=4 tokens=4 us=1269
BATCH stage=decode rows=4 tokens=4 us=1279
BATCH stage=decode rows=4 tokens=4 us=1283
BATCH stage=decode rows=4 tokens=4 us=1269
BATCH stage=decode rows=4 tokens=4 us=1284
BATCH stage=decode rows=4 tokens=4 us=1291
BATCH stage=decode rows=4 tokens=4 us=1288
BATCH stage=decode rows=4 tokens=4 us=1285
BATCH stage=decode rows=4 tokens=4 us=1291
BATCH stage=decode rows=4 tokens=4 us=1279
BATCH stage=decode rows=4 tokens=4 us=1284
BATCH stage=decode rows=4 tokens=4 us=1284
BATCH stage=decode rows=4 tokens=4 us=1294
BATCH stage=decode rows=4 tokens=4 us=1298
BATCH stage=decode rows=4 tokens=4 us=1285
BATCH stage=decode rows=4 tokens=4 us=1292
BATCH stage=decode rows=4 tokens=4 us=1292
BATCH stage=decode rows=4 tokens=4 us=1287
BATCH stage=decode rows=4 tokens=4 us=1295
BATCH stage=decode rows=4 tokens=4 us=1289
BATCH stage=decode rows=4 tokens=4 us=1280
BATCH stage=decode rows=3 tokens=3 us=1263
BATCH stage=prefill rows=1 tokens=128 us=2871
BATCH stage=decode rows=4 tokens=4 us=1301
BATCH stage=decode rows=4 tokens=4 us=1304
BATCH stage=decode rows=4 tokens=4 us=1302
BATCH stage=decode rows=4 tokens=4 us=1297
BATCH stage=decode rows=4 tokens=4 us=1287
BATCH stage=decode rows=4 tokens=4 us=1283
BATCH stage=decode rows=4 tokens=4 us=1288
BATCH stage=decode rows=4 tokens=4 us=1295
BATCH stage=decode rows=4 tokens=4 us=1298
BATCH stage=decode rows=4 tokens=4 us=1294
BATCH stage=decode rows=4 tokens=4 us=1299
BATCH stage=decode rows=4 tokens=4 us=1298
BATCH stage=decode rows=4 tokens=4 us=1290
BATCH stage=decode rows=4 tokens=4 us=1303
BATCH stage=decode rows=4 tokens=4 us=1277
BATCH stage=decode rows=4 tokens=4 us=1319
BATCH stage=decode rows=4 tokens=4 us=1335
BATCH stage=decode rows=4 tokens=4 us=1338
BATCH stage=decode rows=4 tokens=4 us=1338
BATCH stage=decode rows=4 tokens=4 us=1337
BATCH stage=decode rows=4 tokens=4 us=1350
BATCH stage=decode rows=3 tokens=3 us=1320
BATCH stage=prefill rows=1 tokens=128 us=2850
BATCH stage=decode rows=3 tokens=3 us=1320
BATCH stage=prefill rows=1 tokens=128 us=3412
BATCH stage=decode rows=3 tokens=3 us=1315
BATCH stage=prefill rows=1 tokens=128 us=4136
BATCH stage=decode rows=3 tokens=3 us=1316
BATCH stage=prefill rows=1 tokens=14 us=4843
BATCH stage=decode rows=4 tokens=4 us=1336
BATCH stage=decode rows=4 tokens=4 us=1341
BATCH stage=decode rows=4 tokens=4 us=1350
BATCH stage=decode rows=3 tokens=3 us=1261
BATCH stage=prefill rows=1 tokens=16 us=2291
BATCH stage=decode rows=4 tokens=4 us=1270
BATCH stage=decode rows=4 tokens=4 us=1265
BATCH stage=decode rows=4 tokens=4 us=1270
BATCH stage=decode rows=4 tokens=4 us=1279
BATCH stage=decode rows=4 tokens=4 us=1268
BATCH stage=decode rows=4 tokens=4 us=1285
BATCH stage=decode rows=4 tokens=4 us=1267
BATCH stage=decode rows=4 tokens=4 us=1269
BATCH stage=decode rows=4 tokens=4 us=1267
BATCH stage=decode rows=4 tokens=4 us=1272
BATCH stage=decode rows=4 tokens=4 us=1268
BATCH stage=decode rows=4 tokens=4 us=1272
BATCH stage=decode rows=4 tokens=4 us=1270
BATCH stage=decode rows=4 tokens=4 us=1270
BATCH stage=decode rows=4 tokens=4 us=1277
BATCH stage=decode rows=4 tokens=4 us=1277
BATCH stage=decode rows=4 tokens=4 us=1290
BATCH stage=decode rows=4 tokens=4 us=1296
BATCH stage=decode rows=4 tokens=4 us=1288
BATCH stage=decode rows=4 tokens=4 us=1283
BATCH stage=decode rows=4 tokens=4 us=1297
BATCH stage=decode rows=4 tokens=4 us=1290
BATCH stage=decode rows=4 tokens=4 us=1282
BATCH stage=decode rows=4 tokens=4 us=1283
BATCH stage=decode rows=4 tokens=4 us=1286
BATCH stage=decode rows=4 tokens=4 us=1288
BATCH stage=decode rows=4 tokens=4 us=1293
BATCH stage=decode rows=4 tokens=4 us=1298
BATCH stage=decode rows=4 tokens=4 us=1297
BATCH stage=decode rows=4 tokens=4 us=1293
BATCH stage=decode rows=4 tokens=4 us=1281
BATCH stage=decode rows=3 tokens=3 us=1274
BATCH stage=prefill rows=1 tokens=128 us=2879
BATCH stage=decode rows=4 tokens=4 us=1304
BATCH stage=decode rows=4 tokens=4 us=1288
BATCH stage=decode rows=3 tokens=3 us=1268
BATCH stage=prefill rows=1 tokens=128 us=2864
BATCH stage=decode rows=3 tokens=3 us=1271
BATCH stage=prefill rows=1 tokens=128 us=3417
BATCH stage=decode rows=3 tokens=3 us=1272
BATCH stage=prefill rows=1 tokens=128 us=4166
BATCH stage=decode rows=3 tokens=3 us=1278
BATCH stage=prefill rows=1 tokens=14 us=4857
BATCH stage=decode rows=4 tokens=4 us=1305
BATCH stage=decode rows=4 tokens=4 us=1306
BATCH stage=decode rows=4 tokens=4 us=1302
BATCH stage=decode rows=4 tokens=4 us=1304
BATCH stage=decode rows=4 tokens=4 us=1305
BATCH stage=decode rows=4 tokens=4 us=1307
BATCH stage=decode rows=4 tokens=4 us=1307
BATCH stage=decode rows=4 tokens=4 us=1308
BATCH stage=decode rows=4 tokens=4 us=1306
BATCH stage=decode rows=4 tokens=4 us=1295
BATCH stage=decode rows=4 tokens=4 us=1332
BATCH stage=decode rows=4 tokens=4 us=1350
BATCH stage=decode rows=4 tokens=4 us=1347
BATCH stage=decode rows=4 tokens=4 us=1354
BATCH stage=decode rows=4 tokens=4 us=1353
BATCH stage=decode rows=4 tokens=4 us=1351
BATCH stage=decode rows=4 tokens=4 us=1355
BATCH stage=decode rows=4 tokens=4 us=1350
BATCH stage=decode rows=4 tokens=4 us=1357
BATCH stage=decode rows=4 tokens=4 us=1357
BATCH stage=decode rows=4 tokens=4 us=1353
BATCH stage=decode rows=4 tokens=4 us=1355
BATCH stage=decode rows=4 tokens=4 us=1356
BATCH stage=decode rows=3 tokens=3 us=1260
BATCH stage=prefill rows=1 tokens=16 us=2294
BATCH stage=decode rows=4 tokens=4 us=1282
BATCH stage=decode rows=4 tokens=4 us=1269
BATCH stage=decode rows=4 tokens=4 us=1270
BATCH stage=decode rows=4 tokens=4 us=1269
BATCH stage=decode rows=4 tokens=4 us=1266
BATCH stage=decode rows=4 tokens=4 us=1287
BATCH stage=decode rows=4 tokens=4 us=1288
BATCH stage=decode rows=4 tokens=4 us=1284
BATCH stage=decode rows=4 tokens=4 us=1284
BATCH stage=decode rows=4 tokens=4 us=1282
BATCH stage=decode rows=4 tokens=4 us=1284
BATCH stage=decode rows=4 tokens=4 us=1281
BATCH stage=decode rows=4 tokens=4 us=1285
BATCH stage=decode rows=4 tokens=4 us=1279
BATCH stage=decode rows=4 tokens=4 us=1286
BATCH stage=decode rows=4 tokens=4 us=1283
BATCH stage=decode rows=4 tokens=4 us=1299
BATCH stage=decode rows=4 tokens=4 us=1293
BATCH stage=decode rows=4 tokens=4 us=1292
BATCH stage=decode rows=4 tokens=4 us=1284
BATCH stage=decode rows=4 tokens=4 us=1294
BATCH stage=decode rows=4 tokens=4 us=1287
BATCH stage=decode rows=4 tokens=4 us=1293
BATCH stage=decode rows=4 tokens=4 us=1297
BATCH stage=decode rows=4 tokens=4 us=1294
BATCH stage=decode rows=4 tokens=4 us=1302
BATCH stage=decode rows=4 tokens=4 us=1295
BATCH stage=decode rows=4 tokens=4 us=1303
BATCH stage=decode rows=4 tokens=4 us=1299
BATCH stage=decode rows=4 tokens=4 us=1297
BATCH stage=decode rows=4 tokens=4 us=1290
BATCH stage=decode rows=3 tokens=3 us=1275
BATCH stage=prefill rows=1 tokens=128 us=2883
BATCH stage=decode rows=4 tokens=4 us=1304
BATCH stage=decode rows=3 tokens=3 us=1272
BATCH stage=prefill rows=1 tokens=128 us=2860
BATCH stage=decode rows=3 tokens=3 us=1279
BATCH stage=prefill rows=1 tokens=128 us=3420
BATCH stage=decode rows=3 tokens=3 us=1261
BATCH stage=prefill rows=1 tokens=128 us=4176
BATCH stage=decode rows=3 tokens=3 us=1269
BATCH stage=prefill rows=1 tokens=14 us=4857
BATCH stage=decode rows=4 tokens=4 us=1302
BATCH stage=decode rows=4 tokens=4 us=1308
BATCH stage=decode rows=4 tokens=4 us=1304
BATCH stage=decode rows=4 tokens=4 us=1302
BATCH stage=decode rows=4 tokens=4 us=1308
BATCH stage=decode rows=4 tokens=4 us=1306
BATCH stage=decode rows=4 tokens=4 us=1304
BATCH stage=decode rows=4 tokens=4 us=1310
BATCH stage=decode rows=4 tokens=4 us=1304
BATCH stage=decode rows=4 tokens=4 us=1303
BATCH stage=decode rows=4 tokens=4 us=1300
BATCH stage=decode rows=4 tokens=4 us=1338
BATCH stage=decode rows=4 tokens=4 us=1350
BATCH stage=decode rows=4 tokens=4 us=1351
BATCH stage=decode rows=4 tokens=4 us=1351
BATCH stage=decode rows=4 tokens=4 us=1354
BATCH stage=decode rows=4 tokens=4 us=1352
BATCH stage=decode rows=4 tokens=4 us=1355
BATCH stage=decode rows=4 tokens=4 us=1350
BATCH stage=decode rows=4 tokens=4 us=1354
BATCH stage=decode rows=4 tokens=4 us=1354
BATCH stage=decode rows=4 tokens=4 us=1356
BATCH stage=decode rows=4 tokens=4 us=1350
BATCH stage=decode rows=4 tokens=4 us=1352
BATCH stage=decode rows=3 tokens=3 us=1269
BATCH stage=prefill rows=1 tokens=16 us=2295
BATCH stage=decode rows=4 tokens=4 us=1298
BATCH stage=decode rows=4 tokens=4 us=1294
BATCH stage=decode rows=4 tokens=4 us=1289
BATCH stage=decode rows=4 tokens=4 us=1297
BATCH stage=decode rows=4 tokens=4 us=1304
BATCH stage=decode rows=4 tokens=4 us=1293
BATCH stage=decode rows=4 tokens=4 us=1297
BATCH stage=decode rows=4 tokens=4 us=1298
BATCH stage=decode rows=4 tokens=4 us=1299
BATCH stage=decode rows=4 tokens=4 us=1293
BATCH stage=decode rows=4 tokens=4 us=1302
BATCH stage=decode rows=4 tokens=4 us=1299
BATCH stage=decode rows=4 tokens=4 us=1298
BATCH stage=decode rows=4 tokens=4 us=1288
BATCH stage=decode rows=4 tokens=4 us=1296
BATCH stage=decode rows=4 tokens=4 us=1295
BATCH stage=decode rows=4 tokens=4 us=1300
BATCH stage=decode rows=4 tokens=4 us=1298
BATCH stage=decode rows=4 tokens=4 us=1299
BATCH stage=decode rows=4 tokens=4 us=1282
BATCH stage=decode rows=4 tokens=4 us=1297
BATCH stage=decode rows=4 tokens=4 us=1304
BATCH stage=decode rows=4 tokens=4 us=1293
BATCH stage=decode rows=4 tokens=4 us=1300
BATCH stage=decode rows=4 tokens=4 us=1292
BATCH stage=decode rows=4 tokens=4 us=1297
BATCH stage=decode rows=4 tokens=4 us=1300
BATCH stage=decode rows=4 tokens=4 us=1280
BATCH stage=decode rows=4 tokens=4 us=1332
BATCH stage=decode rows=4 tokens=4 us=1345
BATCH stage=decode rows=4 tokens=4 us=1347
BATCH stage=decode rows=3 tokens=3 us=1315
BATCH stage=prefill rows=1 tokens=128 us=2873
BATCH stage=decode rows=4 tokens=4 us=1364
BATCH stage=decode rows=3 tokens=3 us=1313
BATCH stage=prefill rows=1 tokens=128 us=2862
BATCH stage=decode rows=3 tokens=3 us=1329
BATCH stage=prefill rows=1 tokens=128 us=3409
BATCH stage=decode rows=3 tokens=3 us=1326
BATCH stage=prefill rows=1 tokens=128 us=4171
BATCH stage=decode rows=3 tokens=3 us=1331
BATCH stage=prefill rows=1 tokens=14 us=4850
BATCH stage=decode rows=4 tokens=4 us=1352
BATCH stage=decode rows=4 tokens=4 us=1356
BATCH stage=decode rows=4 tokens=4 us=1357
BATCH stage=decode rows=4 tokens=4 us=1352
BATCH stage=decode rows=3 tokens=3 us=1250
BATCH stage=prefill rows=1 tokens=16 us=2296
BATCH stage=decode rows=4 tokens=4 us=1276
BATCH stage=decode rows=4 tokens=4 us=1272
BATCH stage=decode rows=4 tokens=4 us=1281
BATCH stage=decode rows=4 tokens=4 us=1269
BATCH stage=decode rows=4 tokens=4 us=1286
BATCH stage=decode rows=4 tokens=4 us=1279
BATCH stage=decode rows=4 tokens=4 us=1281
BATCH stage=decode rows=4 tokens=4 us=1283
BATCH stage=decode rows=4 tokens=4 us=1288
BATCH stage=decode rows=4 tokens=4 us=1286
BATCH stage=decode rows=4 tokens=4 us=1273
BATCH stage=decode rows=4 tokens=4 us=1287
BATCH stage=decode rows=4 tokens=4 us=1304
BATCH stage=decode rows=4 tokens=4 us=1284
BATCH stage=decode rows=4 tokens=4 us=1285
BATCH stage=decode rows=4 tokens=4 us=1291
BATCH stage=decode rows=4 tokens=4 us=1297
BATCH stage=decode rows=4 tokens=4 us=1296
BATCH stage=decode rows=4 tokens=4 us=1292
BATCH stage=decode rows=4 tokens=4 us=1292
BATCH stage=decode rows=4 tokens=4 us=1293
BATCH stage=decode rows=4 tokens=4 us=1280
BATCH stage=decode rows=4 tokens=4 us=1291
BATCH stage=decode rows=4 tokens=4 us=1291
BATCH stage=decode rows=4 tokens=4 us=1295
BATCH stage=decode rows=4 tokens=4 us=1296
BATCH stage=decode rows=4 tokens=4 us=1298
BATCH stage=decode rows=4 tokens=4 us=1286
BATCH stage=decode rows=4 tokens=4 us=1294
BATCH stage=decode rows=4 tokens=4 us=1296
BATCH stage=decode rows=4 tokens=4 us=1297
BATCH stage=decode rows=3 tokens=3 us=1277
BATCH stage=prefill rows=1 tokens=128 us=2882
BATCH stage=decode rows=4 tokens=4 us=1303
BATCH stage=decode rows=4 tokens=4 us=1292
BATCH stage=decode rows=4 tokens=4 us=1282
BATCH stage=decode rows=4 tokens=4 us=1289
BATCH stage=decode rows=4 tokens=4 us=1287
BATCH stage=decode rows=4 tokens=4 us=1301
BATCH stage=decode rows=4 tokens=4 us=1291
BATCH stage=decode rows=4 tokens=4 us=1298
BATCH stage=decode rows=4 tokens=4 us=1285
BATCH stage=decode rows=4 tokens=4 us=1290
BATCH stage=decode rows=4 tokens=4 us=1283
BATCH stage=decode rows=4 tokens=4 us=1288
BATCH stage=decode rows=4 tokens=4 us=1282
BATCH stage=decode rows=4 tokens=4 us=1288
BATCH stage=decode rows=4 tokens=4 us=1275
BATCH stage=decode rows=4 tokens=4 us=1322
BATCH stage=decode rows=4 tokens=4 us=1345
BATCH stage=decode rows=4 tokens=4 us=1337
BATCH stage=decode rows=4 tokens=4 us=1338
BATCH stage=decode rows=4 tokens=4 us=1337
BATCH stage=decode rows=4 tokens=4 us=1336
BATCH stage=decode rows=3 tokens=3 us=1318
BATCH stage=prefill rows=1 tokens=128 us=2855
BATCH stage=decode rows=3 tokens=3 us=1324
BATCH stage=prefill rows=1 tokens=128 us=3422
BATCH stage=decode rows=3 tokens=3 us=1322
BATCH stage=prefill rows=1 tokens=128 us=4132
BATCH stage=decode rows=3 tokens=3 us=1313
BATCH stage=prefill rows=1 tokens=14 us=4851
BATCH stage=decode rows=4 tokens=4 us=1344
BATCH stage=decode rows=4 tokens=4 us=1338
BATCH stage=decode rows=4 tokens=4 us=1356
BATCH stage=decode rows=3 tokens=3 us=1263
BATCH stage=prefill rows=1 tokens=16 us=2274
BATCH stage=decode rows=4 tokens=4 us=1267
BATCH stage=decode rows=4 tokens=4 us=1268
BATCH stage=decode rows=4 tokens=4 us=1271
BATCH stage=decode rows=4 tokens=4 us=1273
BATCH stage=decode rows=4 tokens=4 us=1281
BATCH stage=decode rows=4 tokens=4 us=1269
BATCH stage=decode rows=4 tokens=4 us=1272
BATCH stage=decode rows=4 tokens=4 us=1273
BATCH stage=decode rows=4 tokens=4 us=1272
BATCH stage=decode rows=4 tokens=4 us=1272
BATCH stage=decode rows=4 tokens=4 us=1269
BATCH stage=decode rows=4 tokens=4 us=1268
BATCH stage=decode rows=4 tokens=4 us=1267
BATCH stage=decode rows=4 tokens=4 us=1271
BATCH stage=decode rows=4 tokens=4 us=1273
BATCH stage=decode rows=4 tokens=4 us=1282
BATCH stage=decode rows=4 tokens=4 us=1282
BATCH stage=decode rows=4 tokens=4 us=1286
BATCH stage=decode rows=4 tokens=4 us=1291
BATCH stage=decode rows=4 tokens=4 us=1282
BATCH stage=decode rows=4 tokens=4 us=1286
BATCH stage=decode rows=4 tokens=4 us=1299
BATCH stage=decode rows=4 tokens=4 us=1294
BATCH stage=decode rows=4 tokens=4 us=1289
BATCH stage=decode rows=4 tokens=4 us=1278
BATCH stage=decode rows=4 tokens=4 us=1297
BATCH stage=decode rows=4 tokens=4 us=1288
BATCH stage=decode rows=4 tokens=4 us=1286
BATCH stage=decode rows=4 tokens=4 us=1288
BATCH stage=decode rows=4 tokens=4 us=1293
BATCH stage=decode rows=4 tokens=4 us=1287
BATCH stage=decode rows=3 tokens=3 us=1272
BATCH stage=prefill rows=1 tokens=128 us=2868
BATCH stage=decode rows=4 tokens=4 us=1293
BATCH stage=decode rows=4 tokens=4 us=1292
BATCH stage=decode rows=3 tokens=3 us=1262
BATCH stage=prefill rows=1 tokens=128 us=2851
BATCH stage=decode rows=3 tokens=3 us=1260
BATCH stage=prefill rows=1 tokens=128 us=3422
BATCH stage=decode rows=3 tokens=3 us=1269
BATCH stage=prefill rows=1 tokens=128 us=4169
BATCH stage=decode rows=3 tokens=3 us=1263
BATCH stage=prefill rows=1 tokens=14 us=4848
BATCH stage=decode rows=4 tokens=4 us=1288
BATCH stage=decode rows=4 tokens=4 us=1298
BATCH stage=decode rows=4 tokens=4 us=1292
BATCH stage=decode rows=4 tokens=4 us=1287
BATCH stage=decode rows=4 tokens=4 us=1292
BATCH stage=decode rows=4 tokens=4 us=1290
BATCH stage=decode rows=4 tokens=4 us=1286
BATCH stage=decode rows=4 tokens=4 us=1288
BATCH stage=decode rows=4 tokens=4 us=1286
BATCH stage=decode rows=4 tokens=4 us=1280
BATCH stage=decode rows=4 tokens=4 us=1329
BATCH stage=decode rows=4 tokens=4 us=1339
BATCH stage=decode rows=4 tokens=4 us=1340
BATCH stage=decode rows=4 tokens=4 us=1342
BATCH stage=decode rows=4 tokens=4 us=1334
BATCH stage=decode rows=4 tokens=4 us=1340
BATCH stage=decode rows=4 tokens=4 us=1337
BATCH stage=decode rows=4 tokens=4 us=1341
BATCH stage=decode rows=4 tokens=4 us=1337
BATCH stage=decode rows=4 tokens=4 us=1339
BATCH stage=decode rows=4 tokens=4 us=1342
BATCH stage=decode rows=4 tokens=4 us=1337
BATCH stage=decode rows=4 tokens=4 us=1337
BATCH stage=decode rows=3 tokens=3 us=1258
BATCH stage=prefill rows=1 tokens=16 us=2294
BATCH stage=decode rows=4 tokens=4 us=1277
BATCH stage=decode rows=4 tokens=4 us=1285
BATCH stage=decode rows=4 tokens=4 us=1280
BATCH stage=decode rows=4 tokens=4 us=1274
BATCH stage=decode rows=4 tokens=4 us=1273
BATCH stage=decode rows=4 tokens=4 us=1272
BATCH stage=decode rows=4 tokens=4 us=1271
BATCH stage=decode rows=4 tokens=4 us=1270
BATCH stage=decode rows=4 tokens=4 us=1272
BATCH stage=decode rows=4 tokens=4 us=1268
BATCH stage=decode rows=4 tokens=4 us=1269
BATCH stage=decode rows=4 tokens=4 us=1271
BATCH stage=decode rows=4 tokens=4 us=1264
BATCH stage=decode rows=4 tokens=4 us=1268
BATCH stage=decode rows=4 tokens=4 us=1279
BATCH stage=decode rows=4 tokens=4 us=1282
BATCH stage=decode rows=4 tokens=4 us=1289
BATCH stage=decode rows=4 tokens=4 us=1298
BATCH stage=decode rows=4 tokens=4 us=1298
BATCH stage=decode rows=4 tokens=4 us=1292
BATCH stage=decode rows=4 tokens=4 us=1282
BATCH stage=decode rows=4 tokens=4 us=1284
BATCH stage=decode rows=4 tokens=4 us=1289
BATCH stage=decode rows=4 tokens=4 us=1286
BATCH stage=decode rows=4 tokens=4 us=1281
BATCH stage=decode rows=4 tokens=4 us=1288
BATCH stage=decode rows=4 tokens=4 us=1295
BATCH stage=decode rows=4 tokens=4 us=1283
BATCH stage=decode rows=4 tokens=4 us=1280
BATCH stage=decode rows=4 tokens=4 us=1284
BATCH stage=decode rows=4 tokens=4 us=1295
BATCH stage=decode rows=3 tokens=3 us=1276
BATCH stage=prefill rows=1 tokens=128 us=2865
BATCH stage=decode rows=4 tokens=4 us=1291
BATCH stage=decode rows=3 tokens=3 us=1261
BATCH stage=prefill rows=1 tokens=128 us=2855
BATCH stage=decode rows=3 tokens=3 us=1276
BATCH stage=prefill rows=1 tokens=128 us=3408
BATCH stage=decode rows=3 tokens=3 us=1260
BATCH stage=prefill rows=1 tokens=128 us=4155
BATCH stage=decode rows=3 tokens=3 us=1268
BATCH stage=prefill rows=1 tokens=14 us=4849
BATCH stage=decode rows=4 tokens=4 us=1294
BATCH stage=decode rows=4 tokens=4 us=1292
BATCH stage=decode rows=4 tokens=4 us=1292
BATCH stage=decode rows=4 tokens=4 us=1291
BATCH stage=decode rows=4 tokens=4 us=1286
BATCH stage=decode rows=4 tokens=4 us=1298
BATCH stage=decode rows=4 tokens=4 us=1292
BATCH stage=decode rows=4 tokens=4 us=1295
BATCH stage=decode rows=4 tokens=4 us=1291
BATCH stage=decode rows=4 tokens=4 us=1294
BATCH stage=decode rows=4 tokens=4 us=1297
BATCH stage=decode rows=4 tokens=4 us=1324
BATCH stage=decode rows=4 tokens=4 us=1340
BATCH stage=decode rows=4 tokens=4 us=1341
BATCH stage=decode rows=4 tokens=4 us=1341
BATCH stage=decode rows=4 tokens=4 us=1348
BATCH stage=decode rows=4 tokens=4 us=1344
BATCH stage=decode rows=4 tokens=4 us=1350
BATCH stage=decode rows=4 tokens=4 us=1352
BATCH stage=decode rows=4 tokens=4 us=1349
BATCH stage=decode rows=4 tokens=4 us=1348
BATCH stage=decode rows=4 tokens=4 us=1342
BATCH stage=decode rows=4 tokens=4 us=1345
BATCH stage=decode rows=4 tokens=4 us=1339
BATCH stage=decode rows=3 tokens=3 us=1262
BATCH stage=prefill rows=1 tokens=16 us=2290
BATCH stage=decode rows=4 tokens=4 us=1282
BATCH stage=decode rows=4 tokens=4 us=1283
BATCH stage=decode rows=4 tokens=4 us=1288
BATCH stage=decode rows=4 tokens=4 us=1281
BATCH stage=decode rows=4 tokens=4 us=1279
BATCH stage=decode rows=4 tokens=4 us=1274
BATCH stage=decode rows=4 tokens=4 us=1272
BATCH stage=decode rows=4 tokens=4 us=1276
BATCH stage=decode rows=4 tokens=4 us=1277
BATCH stage=decode rows=4 tokens=4 us=1277
BATCH stage=decode rows=4 tokens=4 us=1273
BATCH stage=decode rows=4 tokens=4 us=1274
BATCH stage=decode rows=4 tokens=4 us=1278
BATCH stage=decode rows=4 tokens=4 us=1286
BATCH stage=decode rows=4 tokens=4 us=1277
BATCH stage=decode rows=4 tokens=4 us=1282
BATCH stage=decode rows=4 tokens=4 us=1284
BATCH stage=decode rows=4 tokens=4 us=1281
BATCH stage=decode rows=4 tokens=4 us=1280
BATCH stage=decode rows=4 tokens=4 us=1280
BATCH stage=decode rows=4 tokens=4 us=1280
BATCH stage=decode rows=4 tokens=4 us=1279
BATCH stage=decode rows=4 tokens=4 us=1271
BATCH stage=decode rows=4 tokens=4 us=1277
BATCH stage=decode rows=4 tokens=4 us=1278
BATCH stage=decode rows=4 tokens=4 us=1277
BATCH stage=decode rows=4 tokens=4 us=1272
BATCH stage=decode rows=4 tokens=4 us=1277
BATCH stage=decode rows=4 tokens=4 us=1318
BATCH stage=decode rows=4 tokens=4 us=1339
BATCH stage=decode rows=4 tokens=4 us=1331
BATCH stage=decode rows=3 tokens=3 us=1320
BATCH stage=prefill rows=1 tokens=128 us=2867
BATCH stage=decode rows=4 tokens=4 us=1331
BATCH stage=decode rows=3 tokens=3 us=1313
BATCH stage=prefill rows=1 tokens=128 us=2846
BATCH stage=decode rows=3 tokens=3 us=1304
BATCH stage=prefill rows=1 tokens=128 us=3401
BATCH stage=decode rows=3 tokens=3 us=1316
BATCH stage=prefill rows=1 tokens=128 us=4146
BATCH stage=decode rows=3 tokens=3 us=1323
BATCH stage=prefill rows=1 tokens=14 us=4841
BATCH stage=decode rows=4 tokens=4 us=1340
BATCH stage=decode rows=4 tokens=4 us=1331
BATCH stage=decode rows=4 tokens=4 us=1329
BATCH stage=decode rows=4 tokens=4 us=1335
BATCH stage=decode rows=3 tokens=3 us=1242
BATCH stage=prefill rows=1 tokens=16 us=2281
BATCH stage=decode rows=4 tokens=4 us=1257
BATCH stage=decode rows=4 tokens=4 us=1265
BATCH stage=decode rows=4 tokens=4 us=1261
BATCH stage=decode rows=4 tokens=4 us=1265
BATCH stage=decode rows=4 tokens=4 us=1266
BATCH stage=decode rows=4 tokens=4 us=1267
BATCH stage=decode rows=4 tokens=4 us=1259
BATCH stage=decode rows=4 tokens=4 us=1260
BATCH stage=decode rows=4 tokens=4 us=1260
BATCH stage=decode rows=4 tokens=4 us=1264
BATCH stage=decode rows=4 tokens=4 us=1262
BATCH stage=decode rows=4 tokens=4 us=1266
BATCH stage=decode rows=4 tokens=4 us=1270
BATCH stage=decode rows=4 tokens=4 us=1271
BATCH stage=decode rows=4 tokens=4 us=1267
BATCH stage=decode rows=4 tokens=4 us=1272
BATCH stage=decode rows=4 tokens=4 us=1277
BATCH stage=decode rows=4 tokens=4 us=1274
BATCH stage=decode rows=4 tokens=4 us=1272
BATCH stage=decode rows=4 tokens=4 us=1280
BATCH stage=decode rows=4 tokens=4 us=1281
BATCH stage=decode rows=4 tokens=4 us=1285
BATCH stage=decode rows=4 tokens=4 us=1286
BATCH stage=decode rows=4 tokens=4 us=1282
BATCH stage=decode rows=4 tokens=4 us=1285
BATCH stage=decode rows=4 tokens=4 us=1271
BATCH stage=decode rows=4 tokens=4 us=1273
BATCH stage=decode rows=4 tokens=4 us=1272
BATCH stage=decode rows=4 tokens=4 us=1274
BATCH stage=decode rows=4 tokens=4 us=1279
BATCH stage=decode rows=4 tokens=4 us=1274
BATCH stage=decode rows=3 tokens=3 us=1265
BATCH stage=prefill rows=1 tokens=128 us=2862
BATCH stage=decode rows=4 tokens=4 us=1290
BATCH stage=decode rows=4 tokens=4 us=1293
BATCH stage=decode rows=4 tokens=4 us=1281
BATCH stage=decode rows=4 tokens=4 us=1281
BATCH stage=decode rows=4 tokens=4 us=1281
BATCH stage=decode rows=4 tokens=4 us=1288
BATCH stage=decode rows=4 tokens=4 us=1286
BATCH stage=decode rows=4 tokens=4 us=1279
BATCH stage=decode rows=4 tokens=4 us=1286
BATCH stage=decode rows=4 tokens=4 us=1284
BATCH stage=decode rows=4 tokens=4 us=1290
BATCH stage=decode rows=4 tokens=4 us=1285
BATCH stage=decode rows=4 tokens=4 us=1278
BATCH stage=decode rows=4 tokens=4 us=1276
BATCH stage=decode rows=4 tokens=4 us=1271
BATCH stage=decode rows=4 tokens=4 us=1325
BATCH stage=decode rows=4 tokens=4 us=1333
BATCH stage=decode rows=4 tokens=4 us=1324
BATCH stage=decode rows=4 tokens=4 us=1342
BATCH stage=decode rows=4 tokens=4 us=1337
BATCH stage=decode rows=4 tokens=4 us=1326
BATCH stage=decode rows=3 tokens=3 us=1308
BATCH stage=prefill rows=1 tokens=128 us=2846
BATCH stage=decode rows=3 tokens=3 us=1306
BATCH stage=prefill rows=1 tokens=128 us=3401
BATCH stage=decode rows=3 tokens=3 us=1315
BATCH stage=prefill rows=1 tokens=128 us=4142
BATCH stage=decode rows=3 tokens=3 us=1305
BATCH stage=prefill rows=1 tokens=14 us=4838
BATCH stage=decode rows=4 tokens=4 us=1336
BATCH stage=decode rows=4 tokens=4 us=1341
BATCH stage=decode rows=4 tokens=4 us=1338
BATCH stage=decode rows=3 tokens=3 us=1235
BATCH stage=prefill rows=1 tokens=16 us=2274
BATCH stage=decode rows=4 tokens=4 us=1256
BATCH stage=decode rows=4 tokens=4 us=1269
BATCH stage=decode rows=4 tokens=4 us=1273
BATCH stage=decode rows=4 tokens=4 us=1268
BATCH stage=decode rows=4 tokens=4 us=1272
BATCH stage=decode rows=4 tokens=4 us=1262
BATCH stage=decode rows=4 tokens=4 us=1264
BATCH stage=decode rows=4 tokens=4 us=1260
BATCH stage=decode rows=4 tokens=4 us=1267
BATCH stage=decode rows=4 tokens=4 us=1261
BATCH stage=decode rows=4 tokens=4 us=1266
BATCH stage=decode rows=4 tokens=4 us=1262
BATCH stage=decode rows=4 tokens=4 us=1261
BATCH stage=decode rows=4 tokens=4 us=1260
BATCH stage=decode rows=4 tokens=4 us=1264
BATCH stage=decode rows=4 tokens=4 us=1266
BATCH stage=decode rows=4 tokens=4 us=1278
BATCH stage=decode rows=4 tokens=4 us=1282
BATCH stage=decode rows=4 tokens=4 us=1281
BATCH stage=decode rows=4 tokens=4 us=1288
BATCH stage=decode rows=4 tokens=4 us=1283
BATCH stage=decode rows=4 tokens=4 us=1286
BATCH stage=decode rows=4 tokens=4 us=1273
BATCH stage=decode rows=4 tokens=4 us=1274
BATCH stage=decode rows=4 tokens=4 us=1281
BATCH stage=decode rows=4 tokens=4 us=1276
BATCH stage=decode rows=4 tokens=4 us=1278
BATCH stage=decode rows=4 tokens=4 us=1281
BATCH stage=decode rows=4 tokens=4 us=1277
BATCH stage=decode rows=4 tokens=4 us=1476
BATCH stage=decode rows=4 tokens=4 us=1303
BATCH stage=decode rows=3 tokens=3 us=1254
BATCH stage=prefill rows=1 tokens=128 us=2873
BATCH stage=decode rows=4 tokens=4 us=1286
BATCH stage=decode rows=4 tokens=4 us=1288
BATCH stage=decode rows=3 tokens=3 us=1256
BATCH stage=prefill rows=1 tokens=128 us=2837
BATCH stage=decode rows=3 tokens=3 us=1257
BATCH stage=prefill rows=1 tokens=128 us=3411
BATCH stage=decode rows=3 tokens=3 us=1261
BATCH stage=prefill rows=1 tokens=128 us=4150
BATCH stage=decode rows=3 tokens=3 us=1252
BATCH stage=prefill rows=1 tokens=14 us=4844
BATCH stage=decode rows=4 tokens=4 us=1283
BATCH stage=decode rows=4 tokens=4 us=1282
BATCH stage=decode rows=4 tokens=4 us=1284
BATCH stage=decode rows=4 tokens=4 us=1280
BATCH stage=decode rows=4 tokens=4 us=1288
BATCH stage=decode rows=4 tokens=4 us=1283
BATCH stage=decode rows=4 tokens=4 us=1287
BATCH stage=decode rows=4 tokens=4 us=1285
BATCH stage=decode rows=4 tokens=4 us=1284
BATCH stage=decode rows=4 tokens=4 us=1275
BATCH stage=decode rows=4 tokens=4 us=1318
BATCH stage=decode rows=4 tokens=4 us=1329
BATCH stage=decode rows=4 tokens=4 us=1332
BATCH stage=decode rows=4 tokens=4 us=1331
BATCH stage=decode rows=4 tokens=4 us=1343
BATCH stage=decode rows=4 tokens=4 us=1336
BATCH stage=decode rows=4 tokens=4 us=1341
BATCH stage=decode rows=4 tokens=4 us=1325
BATCH stage=decode rows=4 tokens=4 us=1332
BATCH stage=decode rows=4 tokens=4 us=1335
BATCH stage=decode rows=4 tokens=4 us=1334
BATCH stage=decode rows=4 tokens=4 us=1332
BATCH stage=decode rows=4 tokens=4 us=1330
BATCH stage=decode rows=3 tokens=3 us=1242
BATCH stage=prefill rows=1 tokens=16 us=2505
BATCH stage=decode rows=4 tokens=4 us=1297
BATCH stage=decode rows=4 tokens=4 us=1264
BATCH stage=decode rows=4 tokens=4 us=1260
BATCH stage=decode rows=4 tokens=4 us=1259
BATCH stage=decode rows=4 tokens=4 us=1262
BATCH stage=decode rows=4 tokens=4 us=1267
BATCH stage=decode rows=4 tokens=4 us=1278
BATCH stage=decode rows=4 tokens=4 us=1260
BATCH stage=decode rows=4 tokens=4 us=1269
BATCH stage=decode rows=4 tokens=4 us=1270
BATCH stage=decode rows=4 tokens=4 us=1263
BATCH stage=decode rows=4 tokens=4 us=1262
BATCH stage=decode rows=4 tokens=4 us=1262
BATCH stage=decode rows=4 tokens=4 us=1274
BATCH stage=decode rows=4 tokens=4 us=1267
BATCH stage=decode rows=4 tokens=4 us=1274
BATCH stage=decode rows=4 tokens=4 us=1273
BATCH stage=decode rows=4 tokens=4 us=1273
BATCH stage=decode rows=4 tokens=4 us=1277
BATCH stage=decode rows=4 tokens=4 us=1282
BATCH stage=decode rows=4 tokens=4 us=1280
BATCH stage=decode rows=4 tokens=4 us=1284
BATCH stage=decode rows=4 tokens=4 us=1275
BATCH stage=decode rows=4 tokens=4 us=1268
BATCH stage=decode rows=4 tokens=4 us=1277
BATCH stage=decode rows=4 tokens=4 us=1289
BATCH stage=decode rows=4 tokens=4 us=1280
BATCH stage=decode rows=4 tokens=4 us=1274
BATCH stage=decode rows=4 tokens=4 us=1279
BATCH stage=decode rows=4 tokens=4 us=1277
BATCH stage=decode rows=4 tokens=4 us=1278
BATCH stage=decode rows=3 tokens=3 us=1264
BATCH stage=prefill rows=1 tokens=128 us=2867
BATCH stage=decode rows=4 tokens=4 us=1278
BATCH stage=decode rows=3 tokens=3 us=1258
BATCH stage=prefill rows=1 tokens=128 us=2858
BATCH stage=decode rows=3 tokens=3 us=1257
BATCH stage=prefill rows=1 tokens=128 us=3411
BATCH stage=decode rows=3 tokens=3 us=1250
BATCH stage=prefill rows=1 tokens=128 us=4143
BATCH stage=decode rows=3 tokens=3 us=1257
BATCH stage=prefill rows=1 tokens=14 us=4847
BATCH stage=decode rows=4 tokens=4 us=1284
BATCH stage=decode rows=4 tokens=4 us=1280
BATCH stage=decode rows=4 tokens=4 us=1280
BATCH stage=decode rows=4 tokens=4 us=1280
BATCH stage=decode rows=4 tokens=4 us=1283
BATCH stage=decode rows=4 tokens=4 us=1289
BATCH stage=decode rows=4 tokens=4 us=1286
BATCH stage=decode rows=4 tokens=4 us=1277
BATCH stage=decode rows=4 tokens=4 us=1281
BATCH stage=decode rows=4 tokens=4 us=1280
BATCH stage=decode rows=4 tokens=4 us=1279
BATCH stage=decode rows=4 tokens=4 us=1317
BATCH stage=decode rows=4 tokens=4 us=1328
BATCH stage=decode rows=4 tokens=4 us=1330
BATCH stage=decode rows=4 tokens=4 us=1328
BATCH stage=decode rows=4 tokens=4 us=1331
BATCH stage=decode rows=4 tokens=4 us=1333
BATCH stage=decode rows=4 tokens=4 us=1326
BATCH stage=decode rows=4 tokens=4 us=1338
BATCH stage=decode rows=4 tokens=4 us=1331
BATCH stage=decode rows=4 tokens=4 us=1330
BATCH stage=decode rows=4 tokens=4 us=1336
BATCH stage=decode rows=4 tokens=4 us=1337
BATCH stage=decode rows=4 tokens=4 us=1329
BATCH stage=decode rows=3 tokens=3 us=1255
BATCH stage=prefill rows=1 tokens=16 us=2275
BATCH stage=decode rows=4 tokens=4 us=1267
BATCH stage=decode rows=4 tokens=4 us=1275
BATCH stage=decode rows=4 tokens=4 us=1284
BATCH stage=decode rows=4 tokens=4 us=1272
BATCH stage=decode rows=4 tokens=4 us=1273
BATCH stage=decode rows=4 tokens=4 us=1273
BATCH stage=decode rows=4 tokens=4 us=1277
BATCH stage=decode rows=4 tokens=4 us=1277
BATCH stage=decode rows=4 tokens=4 us=1284
BATCH stage=decode rows=4 tokens=4 us=1283
BATCH stage=decode rows=4 tokens=4 us=1284
BATCH stage=decode rows=4 tokens=4 us=1286
BATCH stage=decode rows=4 tokens=4 us=1284
BATCH stage=decode rows=4 tokens=4 us=1288
BATCH stage=decode rows=4 tokens=4 us=1277
BATCH stage=decode rows=4 tokens=4 us=1281
BATCH stage=decode rows=4 tokens=4 us=1278
BATCH stage=decode rows=4 tokens=4 us=1280
BATCH stage=decode rows=4 tokens=4 us=1282
BATCH stage=decode rows=4 tokens=4 us=1290
BATCH stage=decode rows=4 tokens=4 us=1284
BATCH stage=decode rows=4 tokens=4 us=1293
BATCH stage=decode rows=4 tokens=4 us=1278
BATCH stage=decode rows=4 tokens=4 us=1289
BATCH stage=decode rows=4 tokens=4 us=1289
BATCH stage=decode rows=4 tokens=4 us=1277
BATCH stage=decode rows=4 tokens=4 us=1279
BATCH stage=decode rows=4 tokens=4 us=1271
BATCH stage=decode rows=4 tokens=4 us=1319
BATCH stage=decode rows=4 tokens=4 us=1338
BATCH stage=decode rows=4 tokens=4 us=1332
BATCH stage=decode rows=3 tokens=3 us=1313
BATCH stage=prefill rows=1 tokens=128 us=2863
BATCH stage=decode rows=4 tokens=4 us=1333
BATCH stage=decode rows=3 tokens=3 us=1319
BATCH stage=prefill rows=1 tokens=128 us=2851
BATCH stage=decode rows=3 tokens=3 us=1305
BATCH stage=prefill rows=1 tokens=128 us=3394
BATCH stage=decode rows=3 tokens=3 us=1307
BATCH stage=prefill rows=1 tokens=128 us=4147
BATCH stage=decode rows=3 tokens=3 us=1302
BATCH stage=prefill rows=1 tokens=14 us=4841
BATCH stage=decode rows=4 tokens=4 us=1339
BATCH stage=decode rows=4 tokens=4 us=1337
BATCH stage=decode rows=4 tokens=4 us=1341
BATCH stage=decode rows=4 tokens=4 us=1333
BATCH stage=decode rows=3 tokens=3 us=1240
BATCH stage=prefill rows=1 tokens=16 us=2275
BATCH stage=decode rows=4 tokens=4 us=1269
BATCH stage=decode rows=4 tokens=4 us=1268
BATCH stage=decode rows=4 tokens=4 us=1260
BATCH stage=decode rows=4 tokens=4 us=1259
BATCH stage=decode rows=4 tokens=4 us=1269
BATCH stage=decode rows=4 tokens=4 us=1266
BATCH stage=decode rows=4 tokens=4 us=1262
BATCH stage=decode rows=4 tokens=4 us=1267
BATCH stage=decode rows=4 tokens=4 us=1281
BATCH stage=decode rows=4 tokens=4 us=1261
BATCH stage=decode rows=4 tokens=4 us=1261
BATCH stage=decode rows=4 tokens=4 us=1270
BATCH stage=decode rows=4 tokens=4 us=1260
BATCH stage=decode rows=4 tokens=4 us=1274
BATCH stage=decode rows=4 tokens=4 us=1264
BATCH stage=decode rows=4 tokens=4 us=1278
BATCH stage=decode rows=4 tokens=4 us=1273
BATCH stage=decode rows=4 tokens=4 us=1270
BATCH stage=decode rows=4 tokens=4 us=1275
BATCH stage=decode rows=4 tokens=4 us=1275
BATCH stage=decode rows=4 tokens=4 us=1280
BATCH stage=decode rows=4 tokens=4 us=1281
BATCH stage=decode rows=4 tokens=4 us=1277
BATCH stage=decode rows=4 tokens=4 us=1278
BATCH stage=decode rows=4 tokens=4 us=1277
BATCH stage=decode rows=4 tokens=4 us=1276
BATCH stage=decode rows=4 tokens=4 us=1284
BATCH stage=decode rows=4 tokens=4 us=1278
BATCH stage=decode rows=4 tokens=4 us=1286
BATCH stage=decode rows=4 tokens=4 us=1283
BATCH stage=decode rows=4 tokens=4 us=1276
BATCH stage=decode rows=3 tokens=3 us=1255
BATCH stage=prefill rows=1 tokens=128 us=2869
BATCH stage=decode rows=4 tokens=4 us=1278
BATCH stage=decode rows=4 tokens=4 us=1292
BATCH stage=decode rows=4 tokens=4 us=1278
BATCH stage=decode rows=4 tokens=4 us=1272
BATCH stage=decode rows=4 tokens=4 us=1281
BATCH stage=decode rows=4 tokens=4 us=1282
BATCH stage=decode rows=4 tokens=4 us=1283
BATCH stage=decode rows=4 tokens=4 us=1279
BATCH stage=decode rows=4 tokens=4 us=1277
BATCH stage=decode rows=4 tokens=4 us=1288
BATCH stage=decode rows=4 tokens=4 us=1288
BATCH stage=decode rows=4 tokens=4 us=1282
BATCH stage=decode rows=4 tokens=4 us=1279
BATCH stage=decode rows=4 tokens=4 us=1276
BATCH stage=decode rows=4 tokens=4 us=1269
BATCH stage=decode rows=4 tokens=4 us=1309
BATCH stage=decode rows=4 tokens=4 us=1322
BATCH stage=decode rows=4 tokens=4 us=1326
BATCH stage=decode rows=4 tokens=4 us=1336
BATCH stage=decode rows=4 tokens=4 us=1334
BATCH stage=decode rows=4 tokens=4 us=1327
BATCH stage=decode rows=3 tokens=3 us=1317
BATCH stage=prefill rows=1 tokens=128 us=2849
BATCH stage=decode rows=3 tokens=3 us=1319
BATCH stage=prefill rows=1 tokens=128 us=3412
BATCH stage=decode rows=3 tokens=3 us=1316
BATCH stage=prefill rows=1 tokens=128 us=4159
BATCH stage=decode rows=3 tokens=3 us=1327
BATCH stage=prefill rows=1 tokens=14 us=4853
BATCH stage=decode rows=4 tokens=4 us=1338
BATCH stage=decode rows=4 tokens=4 us=1346
BATCH stage=decode rows=4 tokens=4 us=1351
BATCH stage=decode rows=3 tokens=3 us=1254
BATCH stage=prefill rows=1 tokens=16 us=2289
BATCH stage=decode rows=4 tokens=4 us=1273
BATCH stage=decode rows=4 tokens=4 us=1270
BATCH stage=decode rows=4 tokens=4 us=1256
BATCH stage=decode rows=4 tokens=4 us=1265
BATCH stage=decode rows=4 tokens=4 us=1261
BATCH stage=decode rows=4 tokens=4 us=1272
BATCH stage=decode rows=4 tokens=4 us=1277
BATCH stage=decode rows=4 tokens=4 us=1271
BATCH stage=decode rows=4 tokens=4 us=1268
BATCH stage=decode rows=4 tokens=4 us=1275
BATCH stage=decode rows=4 tokens=4 us=1276
BATCH stage=decode rows=4 tokens=4 us=1276
BATCH stage=decode rows=4 tokens=4 us=1276
BATCH stage=decode rows=4 tokens=4 us=1271
BATCH stage=decode rows=4 tokens=4 us=1275
BATCH stage=decode rows=4 tokens=4 us=1274
BATCH stage=decode rows=4 tokens=4 us=1284
BATCH stage=decode rows=4 tokens=4 us=1275
BATCH stage=decode rows=4 tokens=4 us=1277
BATCH stage=decode rows=4 tokens=4 us=1297
BATCH stage=decode rows=4 tokens=4 us=1296
BATCH stage=decode rows=4 tokens=4 us=1286
BATCH stage=decode rows=4 tokens=4 us=1290
BATCH stage=decode rows=4 tokens=4 us=1289
BATCH stage=decode rows=4 tokens=4 us=1285
BATCH stage=decode rows=4 tokens=4 us=1280
BATCH stage=decode rows=4 tokens=4 us=1279
BATCH stage=decode rows=4 tokens=4 us=1292
BATCH stage=decode rows=4 tokens=4 us=1294
BATCH stage=decode rows=4 tokens=4 us=1289
BATCH stage=decode rows=4 tokens=4 us=1292
BATCH stage=decode rows=3 tokens=3 us=1270
BATCH stage=prefill rows=1 tokens=128 us=2875
BATCH stage=decode rows=4 tokens=4 us=1297
BATCH stage=decode rows=4 tokens=4 us=1294
BATCH stage=decode rows=3 tokens=3 us=1282
BATCH stage=prefill rows=1 tokens=128 us=2867
BATCH stage=decode rows=3 tokens=3 us=1272
BATCH stage=prefill rows=1 tokens=128 us=3418
BATCH stage=decode rows=3 tokens=3 us=1268
BATCH stage=prefill rows=1 tokens=128 us=4168
BATCH stage=decode rows=3 tokens=3 us=1271
BATCH stage=prefill rows=1 tokens=14 us=4857
BATCH stage=decode rows=4 tokens=4 us=1293
BATCH stage=decode rows=4 tokens=4 us=1290
BATCH stage=decode rows=4 tokens=4 us=1300
BATCH stage=decode rows=4 tokens=4 us=1295
BATCH stage=decode rows=4 tokens=4 us=1293
BATCH stage=decode rows=4 tokens=4 us=1296
BATCH stage=decode rows=4 tokens=4 us=1301
BATCH stage=decode rows=4 tokens=4 us=1302
BATCH stage=decode rows=4 tokens=4 us=1296
BATCH stage=decode rows=4 tokens=4 us=1285
BATCH stage=decode rows=4 tokens=4 us=1325
BATCH stage=decode rows=4 tokens=4 us=1343
BATCH stage=decode rows=4 tokens=4 us=1344
BATCH stage=decode rows=4 tokens=4 us=1338
BATCH stage=decode rows=4 tokens=4 us=1352
BATCH stage=decode rows=4 tokens=4 us=1343
BATCH stage=decode rows=4 tokens=4 us=1346
BATCH stage=decode rows=4 tokens=4 us=1345
BATCH stage=decode rows=4 tokens=4 us=1332
BATCH stage=decode rows=4 tokens=4 us=1339
BATCH stage=decode rows=4 tokens=4 us=1343
BATCH stage=decode rows=4 tokens=4 us=1334
BATCH stage=decode rows=4 tokens=4 us=1345
BATCH stage=decode rows=3 tokens=3 us=1251
BATCH stage=prefill rows=1 tokens=16 us=2290
BATCH stage=decode rows=4 tokens=4 us=1272
BATCH stage=decode rows=4 tokens=4 us=1277
BATCH stage=decode rows=4 tokens=4 us=1274
BATCH stage=decode rows=4 tokens=4 us=1274
BATCH stage=decode rows=4 tokens=4 us=1262
BATCH stage=decode rows=4 tokens=4 us=1266
BATCH stage=decode rows=4 tokens=4 us=1274
BATCH stage=decode rows=4 tokens=4 us=1269
BATCH stage=decode rows=4 tokens=4 us=1261
BATCH stage=decode rows=4 tokens=4 us=1274
BATCH stage=decode rows=4 tokens=4 us=1274
BATCH stage=decode rows=4 tokens=4 us=1275
BATCH stage=decode rows=4 tokens=4 us=1270
BATCH stage=decode rows=4 tokens=4 us=1280
BATCH stage=decode rows=4 tokens=4 us=1269
BATCH stage=decode rows=4 tokens=4 us=1275
BATCH stage=decode rows=4 tokens=4 us=1285
BATCH stage=decode rows=4 tokens=4 us=1282
BATCH stage=decode rows=4 tokens=4 us=1287
BATCH stage=decode rows=4 tokens=4 us=1281
BATCH stage=decode rows=4 tokens=4 us=1283
BATCH stage=decode rows=4 tokens=4 us=1282
BATCH stage=decode rows=4 tokens=4 us=1279
BATCH stage=decode rows=4 tokens=4 us=1289
BATCH stage=decode rows=4 tokens=4 us=1284
BATCH stage=decode rows=4 tokens=4 us=1284
BATCH stage=decode rows=4 tokens=4 us=1273
BATCH stage=decode rows=4 tokens=4 us=1282
BATCH stage=decode rows=4 tokens=4 us=1284
BATCH stage=decode rows=4 tokens=4 us=1274
BATCH stage=decode rows=4 tokens=4 us=1277
BATCH stage=decode rows=3 tokens=3 us=1254
BATCH stage=prefill rows=1 tokens=128 us=2872
BATCH stage=decode rows=4 tokens=4 us=1297
BATCH stage=decode rows=3 tokens=3 us=1271
BATCH stage=prefill rows=1 tokens=128 us=2852
BATCH stage=decode rows=3 tokens=3 us=1252
BATCH stage=prefill rows=1 tokens=128 us=3418
BATCH stage=decode rows=3 tokens=3 us=1264
BATCH stage=prefill rows=1 tokens=128 us=4129
BATCH stage=decode rows=3 tokens=3 us=1258
BATCH stage=prefill rows=1 tokens=14 us=4843
BATCH stage=decode rows=4 tokens=4 us=1297
BATCH stage=decode rows=4 tokens=4 us=1296
BATCH stage=decode rows=4 tokens=4 us=1294
BATCH stage=decode rows=4 tokens=4 us=1289
BATCH stage=decode rows=4 tokens=4 us=1280
BATCH stage=decode rows=4 tokens=4 us=1292
BATCH stage=decode rows=4 tokens=4 us=1296
BATCH stage=decode rows=4 tokens=4 us=1293
BATCH stage=decode rows=4 tokens=4 us=1279
BATCH stage=decode rows=4 tokens=4 us=1295
BATCH stage=decode rows=4 tokens=4 us=1274
BATCH stage=decode rows=4 tokens=4 us=1318
BATCH stage=decode rows=4 tokens=4 us=1329
BATCH stage=decode rows=4 tokens=4 us=1327
BATCH stage=decode rows=4 tokens=4 us=1326
BATCH stage=decode rows=4 tokens=4 us=1336
BATCH stage=decode rows=4 tokens=4 us=1338
BATCH stage=decode rows=4 tokens=4 us=1344
BATCH stage=decode rows=4 tokens=4 us=1326
BATCH stage=decode rows=4 tokens=4 us=1326
BATCH stage=decode rows=4 tokens=4 us=1342
BATCH stage=decode rows=4 tokens=4 us=1344
BATCH stage=decode rows=4 tokens=4 us=1341
BATCH stage=decode rows=4 tokens=4 us=1342
BATCH stage=decode rows=3 tokens=3 us=1274
BATCH stage=prefill rows=1 tokens=16 us=2290
BATCH stage=decode rows=4 tokens=4 us=1285
BATCH stage=decode rows=4 tokens=4 us=1287
BATCH stage=decode rows=4 tokens=4 us=1286
BATCH stage=decode rows=4 tokens=4 us=1291
BATCH stage=decode rows=4 tokens=4 us=1296
BATCH stage=decode rows=4 tokens=4 us=1290
BATCH stage=decode rows=4 tokens=4 us=1291
BATCH stage=decode rows=4 tokens=4 us=1294
BATCH stage=decode rows=4 tokens=4 us=1284
BATCH stage=decode rows=4 tokens=4 us=1285
BATCH stage=decode rows=4 tokens=4 us=1298
BATCH stage=decode rows=4 tokens=4 us=1290
BATCH stage=decode rows=4 tokens=4 us=1291
BATCH stage=decode rows=4 tokens=4 us=1294
BATCH stage=decode rows=4 tokens=4 us=1295
BATCH stage=decode rows=4 tokens=4 us=1288
BATCH stage=decode rows=4 tokens=4 us=1296
BATCH stage=decode rows=4 tokens=4 us=1284
BATCH stage=decode rows=4 tokens=4 us=1292
BATCH stage=decode rows=4 tokens=4 us=1294
BATCH stage=decode rows=4 tokens=4 us=1287
BATCH stage=decode rows=4 tokens=4 us=1295
BATCH stage=decode rows=4 tokens=4 us=1292
BATCH stage=decode rows=4 tokens=4 us=1292
BATCH stage=decode rows=4 tokens=4 us=1294
BATCH stage=decode rows=4 tokens=4 us=1289
BATCH stage=decode rows=4 tokens=4 us=1287
BATCH stage=decode rows=4 tokens=4 us=1270
BATCH stage=decode rows=4 tokens=4 us=1308
BATCH stage=decode rows=4 tokens=4 us=1326
BATCH stage=decode rows=4 tokens=4 us=1341
BATCH stage=decode rows=3 tokens=3 us=1321
BATCH stage=prefill rows=1 tokens=128 us=2870
BATCH stage=decode rows=4 tokens=4 us=1349
BATCH stage=decode rows=3 tokens=3 us=1327
BATCH stage=prefill rows=1 tokens=128 us=2858
BATCH stage=decode rows=3 tokens=3 us=1320
BATCH stage=prefill rows=1 tokens=128 us=3412
BATCH stage=decode rows=3 tokens=3 us=1318
BATCH stage=prefill rows=1 tokens=128 us=4150
BATCH stage=decode rows=3 tokens=3 us=1319
BATCH stage=prefill rows=1 tokens=14 us=4843
BATCH stage=decode rows=4 tokens=4 us=1346
BATCH stage=decode rows=4 tokens=4 us=1344
BATCH stage=decode rows=4 tokens=4 us=1340
BATCH stage=decode rows=4 tokens=4 us=1339
BATCH stage=decode rows=3 tokens=3 us=1261
BATCH stage=prefill rows=1 tokens=16 us=2290
BATCH stage=decode rows=4 tokens=4 us=1270
BATCH stage=decode rows=4 tokens=4 us=1278
BATCH stage=decode rows=4 tokens=4 us=1274
BATCH stage=decode rows=4 tokens=4 us=1272
BATCH stage=decode rows=4 tokens=4 us=1274
BATCH stage=decode rows=4 tokens=4 us=1274
BATCH stage=decode rows=4 tokens=4 us=1277
BATCH stage=decode rows=4 tokens=4 us=1273
BATCH stage=decode rows=4 tokens=4 us=1277
BATCH stage=decode rows=4 tokens=4 us=1273
BATCH stage=decode rows=4 tokens=4 us=1272
BATCH stage=decode rows=4 tokens=4 us=1276
BATCH stage=decode rows=4 tokens=4 us=1270
BATCH stage=decode rows=4 tokens=4 us=1273
BATCH stage=decode rows=4 tokens=4 us=1275
BATCH stage=decode rows=4 tokens=4 us=1288
BATCH stage=decode rows=4 tokens=4 us=1288
BATCH stage=decode rows=4 tokens=4 us=1289
BATCH stage=decode rows=4 tokens=4 us=1291
BATCH stage=decode rows=4 tokens=4 us=1289
BATCH stage=decode rows=4 tokens=4 us=1287
BATCH stage=decode rows=4 tokens=4 us=1284
BATCH stage=decode rows=4 tokens=4 us=1291
BATCH stage=decode rows=4 tokens=4 us=1290
BATCH stage=decode rows=4 tokens=4 us=1281
BATCH stage=decode rows=4 tokens=4 us=1292
BATCH stage=decode rows=4 tokens=4 us=1291
BATCH stage=decode rows=4 tokens=4 us=1288
BATCH stage=decode rows=4 tokens=4 us=1292
BATCH stage=decode rows=4 tokens=4 us=1290
BATCH stage=decode rows=4 tokens=4 us=1284
BATCH stage=decode rows=3 tokens=3 us=1269
BATCH stage=prefill rows=1 tokens=128 us=2874
BATCH stage=decode rows=4 tokens=4 us=1292
BATCH stage=decode rows=4 tokens=4 us=1288
BATCH stage=decode rows=4 tokens=4 us=1291
BATCH stage=decode rows=4 tokens=4 us=1293
BATCH stage=decode rows=4 tokens=4 us=1288
BATCH stage=decode rows=4 tokens=4 us=1288
BATCH stage=decode rows=4 tokens=4 us=1281
BATCH stage=decode rows=4 tokens=4 us=1293
BATCH stage=decode rows=4 tokens=4 us=1297
BATCH stage=decode rows=4 tokens=4 us=1292
BATCH stage=decode rows=4 tokens=4 us=1287
BATCH stage=decode rows=4 tokens=4 us=1293
BATCH stage=decode rows=4 tokens=4 us=1294
BATCH stage=decode rows=4 tokens=4 us=1289
BATCH stage=decode rows=4 tokens=4 us=1287
BATCH stage=decode rows=4 tokens=4 us=1321
BATCH stage=decode rows=4 tokens=4 us=1334
BATCH stage=decode rows=4 tokens=4 us=1342
BATCH stage=decode rows=4 tokens=4 us=1341
BATCH stage=decode rows=4 tokens=4 us=1336
BATCH stage=decode rows=4 tokens=4 us=1342
BATCH stage=decode rows=3 tokens=3 us=1317
BATCH stage=prefill rows=1 tokens=128 us=2843
BATCH stage=decode rows=3 tokens=3 us=1323
BATCH stage=prefill rows=1 tokens=128 us=3406
BATCH stage=decode rows=3 tokens=3 us=1321
BATCH stage=prefill rows=1 tokens=128 us=4171
BATCH stage=decode rows=3 tokens=3 us=1323
BATCH stage=prefill rows=1 tokens=14 us=4853
BATCH stage=decode rows=4 tokens=4 us=1345
BATCH stage=decode rows=4 tokens=4 us=1343
BATCH stage=decode rows=4 tokens=4 us=1349
BATCH stage=decode rows=3 tokens=3 us=1254
BATCH stage=prefill rows=1 tokens=16 us=2284
BATCH stage=decode rows=4 tokens=4 us=1278
BATCH stage=decode rows=4 tokens=4 us=1277
BATCH stage=decode rows=4 tokens=4 us=1278
BATCH stage=decode rows=4 tokens=4 us=1278
BATCH stage=decode rows=4 tokens=4 us=1266
BATCH stage=decode rows=4 tokens=4 us=1280
BATCH stage=decode rows=4 tokens=4 us=1274
BATCH stage=decode rows=4 tokens=4 us=1277
BATCH stage=decode rows=4 tokens=4 us=1279
BATCH stage=decode rows=4 tokens=4 us=1281
BATCH stage=decode rows=4 tokens=4 us=1277
BATCH stage=decode rows=4 tokens=4 us=1263
BATCH stage=decode rows=4 tokens=4 us=1279
BATCH stage=decode rows=4 tokens=4 us=1269
BATCH stage=decode rows=4 tokens=4 us=1276
BATCH stage=decode rows=4 tokens=4 us=1275
BATCH stage=decode rows=4 tokens=4 us=1287
BATCH stage=decode rows=4 tokens=4 us=1284
BATCH stage=decode rows=4 tokens=4 us=1286
BATCH stage=decode rows=4 tokens=4 us=1292
BATCH stage=decode rows=4 tokens=4 us=1286
BATCH stage=decode rows=4 tokens=4 us=1290
BATCH stage=decode rows=4 tokens=4 us=1288
BATCH stage=decode rows=4 tokens=4 us=1289
BATCH stage=decode rows=4 tokens=4 us=1292
BATCH stage=decode rows=4 tokens=4 us=1295
BATCH stage=decode rows=4 tokens=4 us=1293
BATCH stage=decode rows=4 tokens=4 us=1284
BATCH stage=decode rows=4 tokens=4 us=1292
BATCH stage=decode rows=4 tokens=4 us=1285
BATCH stage=decode rows=4 tokens=4 us=1283
BATCH stage=decode rows=3 tokens=3 us=1270
BATCH stage=prefill rows=1 tokens=128 us=2868
BATCH stage=decode rows=4 tokens=4 us=1292
BATCH stage=decode rows=4 tokens=4 us=1296
BATCH stage=decode rows=3 tokens=3 us=1268
BATCH stage=prefill rows=1 tokens=128 us=2849
BATCH stage=decode rows=3 tokens=3 us=1269
BATCH stage=prefill rows=1 tokens=128 us=3420
BATCH stage=decode rows=3 tokens=3 us=1261
BATCH stage=prefill rows=1 tokens=128 us=4169
BATCH stage=decode rows=3 tokens=3 us=1272
BATCH stage=prefill rows=1 tokens=14 us=4846
BATCH stage=decode rows=4 tokens=4 us=1294
BATCH stage=decode rows=4 tokens=4 us=1295
BATCH stage=decode rows=4 tokens=4 us=1287
BATCH stage=decode rows=4 tokens=4 us=1288
BATCH stage=decode rows=4 tokens=4 us=1292
BATCH stage=decode rows=4 tokens=4 us=1292
BATCH stage=decode rows=4 tokens=4 us=1279
BATCH stage=decode rows=4 tokens=4 us=1294
BATCH stage=decode rows=4 tokens=4 us=1297
BATCH stage=decode rows=4 tokens=4 us=1289
BATCH stage=decode rows=4 tokens=4 us=1330
BATCH stage=decode rows=4 tokens=4 us=1334
BATCH stage=decode rows=4 tokens=4 us=1337
BATCH stage=decode rows=4 tokens=4 us=1347
BATCH stage=decode rows=4 tokens=4 us=1340
BATCH stage=decode rows=4 tokens=4 us=1335
BATCH stage=decode rows=4 tokens=4 us=1334
BATCH stage=decode rows=4 tokens=4 us=1340
BATCH stage=decode rows=4 tokens=4 us=1358
BATCH stage=decode rows=4 tokens=4 us=1333
BATCH stage=decode rows=4 tokens=4 us=1338
BATCH stage=decode rows=4 tokens=4 us=1337
BATCH stage=decode rows=4 tokens=4 us=1337
BATCH stage=decode rows=3 tokens=3 us=1252
BATCH stage=prefill rows=1 tokens=16 us=2290
BATCH stage=decode rows=4 tokens=4 us=1270
BATCH stage=decode rows=4 tokens=4 us=1275
BATCH stage=decode rows=4 tokens=4 us=1274
BATCH stage=decode rows=4 tokens=4 us=1272
BATCH stage=decode rows=4 tokens=4 us=1267
BATCH stage=decode rows=4 tokens=4 us=1270
BATCH stage=decode rows=4 tokens=4 us=1273
BATCH stage=decode rows=4 tokens=4 us=1273
BATCH stage=decode rows=4 tokens=4 us=1276
BATCH stage=decode rows=4 tokens=4 us=1276
BATCH stage=decode rows=4 tokens=4 us=1264
BATCH stage=decode rows=4 tokens=4 us=1267
BATCH stage=decode rows=4 tokens=4 us=1272
BATCH stage=decode rows=4 tokens=4 us=1278
BATCH stage=decode rows=4 tokens=4 us=1280
BATCH stage=decode rows=4 tokens=4 us=1274
BATCH stage=decode rows=4 tokens=4 us=1286
BATCH stage=decode rows=4 tokens=4 us=1287
BATCH stage=decode rows=4 tokens=4 us=1287
BATCH stage=decode rows=4 tokens=4 us=1284
BATCH stage=decode rows=4 tokens=4 us=1285
BATCH stage=decode rows=4 tokens=4 us=1284
BATCH stage=decode rows=4 tokens=4 us=1284
BATCH stage=decode rows=4 tokens=4 us=1282
BATCH stage=decode rows=4 tokens=4 us=1287
BATCH stage=decode rows=4 tokens=4 us=1288
BATCH stage=decode rows=4 tokens=4 us=1292
BATCH stage=decode rows=4 tokens=4 us=1277
BATCH stage=decode rows=4 tokens=4 us=1288
BATCH stage=decode rows=4 tokens=4 us=1285
BATCH stage=decode rows=4 tokens=4 us=1290
BATCH stage=decode rows=3 tokens=3 us=1262
BATCH stage=prefill rows=1 tokens=128 us=2876
BATCH stage=decode rows=4 tokens=4 us=1294
BATCH stage=decode rows=3 tokens=3 us=1266
BATCH stage=prefill rows=1 tokens=128 us=2849
BATCH stage=decode rows=3 tokens=3 us=1272
BATCH stage=prefill rows=1 tokens=128 us=3412
BATCH stage=decode rows=3 tokens=3 us=1264
BATCH stage=prefill rows=1 tokens=128 us=4151
BATCH stage=decode rows=3 tokens=3 us=1258
BATCH stage=prefill rows=1 tokens=14 us=4848
BATCH stage=decode rows=4 tokens=4 us=1300
BATCH stage=decode rows=4 tokens=4 us=1295
BATCH stage=decode rows=4 tokens=4 us=1297
BATCH stage=decode rows=4 tokens=4 us=1290
BATCH stage=decode rows=4 tokens=4 us=1294
BATCH stage=decode rows=4 tokens=4 us=1298
BATCH stage=decode rows=4 tokens=4 us=1298
BATCH stage=decode rows=4 tokens=4 us=1290
BATCH stage=decode rows=4 tokens=4 us=1299
BATCH stage=decode rows=4 tokens=4 us=1292
BATCH stage=decode rows=4 tokens=4 us=1285
BATCH stage=decode rows=4 tokens=4 us=1334
BATCH stage=decode rows=4 tokens=4 us=1338
BATCH stage=decode rows=4 tokens=4 us=1340
BATCH stage=decode rows=4 tokens=4 us=1343
BATCH stage=decode rows=4 tokens=4 us=1347
BATCH stage=decode rows=4 tokens=4 us=1341
BATCH stage=decode rows=4 tokens=4 us=1331
BATCH stage=decode rows=4 tokens=4 us=1341
BATCH stage=decode rows=4 tokens=4 us=1343
BATCH stage=decode rows=4 tokens=4 us=1332
BATCH stage=decode rows=4 tokens=4 us=1342
BATCH stage=decode rows=4 tokens=4 us=1345
BATCH stage=decode rows=4 tokens=4 us=1341
BATCH stage=decode rows=3 tokens=3 us=1265
BATCH stage=prefill rows=1 tokens=16 us=2284
BATCH stage=decode rows=4 tokens=4 us=1290
BATCH stage=decode rows=4 tokens=4 us=1287
BATCH stage=decode rows=4 tokens=4 us=1292
BATCH stage=decode rows=4 tokens=4 us=1286
BATCH stage=decode rows=4 tokens=4 us=1287
BATCH stage=decode rows=4 tokens=4 us=1290
BATCH stage=decode rows=4 tokens=4 us=1285
BATCH stage=decode rows=4 tokens=4 us=1289
BATCH stage=decode rows=4 tokens=4 us=1285
BATCH stage=decode rows=4 tokens=4 us=1287
BATCH stage=decode rows=4 tokens=4 us=1277
BATCH stage=decode rows=4 tokens=4 us=1298
BATCH stage=decode rows=4 tokens=4 us=1294
BATCH stage=decode rows=4 tokens=4 us=1298
BATCH stage=decode rows=4 tokens=4 us=1291
BATCH stage=decode rows=4 tokens=4 us=1294
BATCH stage=decode rows=4 tokens=4 us=1290
BATCH stage=decode rows=4 tokens=4 us=1294
BATCH stage=decode rows=4 tokens=4 us=1290
BATCH stage=decode rows=4 tokens=4 us=1286
BATCH stage=decode rows=4 tokens=4 us=1291
BATCH stage=decode rows=4 tokens=4 us=1287
BATCH stage=decode rows=4 tokens=4 us=1287
BATCH stage=decode rows=4 tokens=4 us=1293
BATCH stage=decode rows=4 tokens=4 us=1294
BATCH stage=decode rows=4 tokens=4 us=1286
BATCH stage=decode rows=4 tokens=4 us=1293
BATCH stage=decode rows=4 tokens=4 us=1283
BATCH stage=decode rows=4 tokens=4 us=1322
BATCH stage=decode rows=4 tokens=4 us=1339
BATCH stage=decode rows=4 tokens=4 us=1335
BATCH stage=decode rows=3 tokens=3 us=1322
BATCH stage=prefill rows=1 tokens=128 us=2867
BATCH stage=decode rows=4 tokens=4 us=1345
BATCH stage=decode rows=3 tokens=3 us=1322
BATCH stage=prefill rows=1 tokens=128 us=2846
BATCH stage=decode rows=3 tokens=3 us=1325
BATCH stage=prefill rows=1 tokens=128 us=3413
BATCH stage=decode rows=3 tokens=3 us=1320
BATCH stage=prefill rows=1 tokens=128 us=4140
BATCH stage=decode rows=3 tokens=3 us=1322
BATCH stage=prefill rows=1 tokens=14 us=4846
BATCH stage=decode rows=4 tokens=4 us=1344
BATCH stage=decode rows=4 tokens=4 us=1333
BATCH stage=decode rows=4 tokens=4 us=1330
BATCH stage=decode rows=4 tokens=4 us=1333
BATCH stage=decode rows=3 tokens=3 us=1240
BATCH stage=prefill rows=1 tokens=16 us=2298
BATCH stage=decode rows=4 tokens=4 us=1274
BATCH stage=decode rows=4 tokens=4 us=1270
BATCH stage=decode rows=4 tokens=4 us=1277
BATCH stage=decode rows=4 tokens=4 us=1275
BATCH stage=decode rows=4 tokens=4 us=1260
BATCH stage=decode rows=4 tokens=4 us=1261
BATCH stage=decode rows=4 tokens=4 us=1266
BATCH stage=decode rows=4 tokens=4 us=1262
BATCH stage=decode rows=4 tokens=4 us=1258
BATCH stage=decode rows=4 tokens=4 us=1276
BATCH stage=decode rows=4 tokens=4 us=1270
BATCH stage=decode rows=4 tokens=4 us=1259
BATCH stage=decode rows=4 tokens=4 us=1258
BATCH stage=decode rows=4 tokens=4 us=1263
BATCH stage=decode rows=4 tokens=4 us=1264
BATCH stage=decode rows=4 tokens=4 us=1273
BATCH stage=decode rows=4 tokens=4 us=1283
BATCH stage=decode rows=4 tokens=4 us=1280
BATCH stage=decode rows=4 tokens=4 us=1281
BATCH stage=decode rows=4 tokens=4 us=1292
BATCH stage=decode rows=4 tokens=4 us=1291
BATCH stage=decode rows=4 tokens=4 us=1279
BATCH stage=decode rows=4 tokens=4 us=1282
BATCH stage=decode rows=4 tokens=4 us=1273
BATCH stage=decode rows=4 tokens=4 us=1287
BATCH stage=decode rows=4 tokens=4 us=1276
BATCH stage=decode rows=4 tokens=4 us=1277
BATCH stage=decode rows=4 tokens=4 us=1274
BATCH stage=decode rows=4 tokens=4 us=1271
BATCH stage=decode rows=4 tokens=4 us=1289
BATCH stage=decode rows=4 tokens=4 us=1287
BATCH stage=decode rows=3 tokens=3 us=1251
BATCH stage=prefill rows=1 tokens=128 us=2867
BATCH stage=decode rows=4 tokens=4 us=1292
BATCH stage=decode rows=4 tokens=4 us=1292
BATCH stage=decode rows=4 tokens=4 us=1290
BATCH stage=decode rows=4 tokens=4 us=1293
BATCH stage=decode rows=4 tokens=4 us=1294
BATCH stage=decode rows=4 tokens=4 us=1288
BATCH stage=decode rows=4 tokens=4 us=1293
BATCH stage=decode rows=4 tokens=4 us=1285
BATCH stage=decode rows=4 tokens=4 us=1278
BATCH stage=decode rows=4 tokens=4 us=1277
BATCH stage=decode rows=4 tokens=4 us=1287
BATCH stage=decode rows=4 tokens=4 us=1290
BATCH stage=decode rows=4 tokens=4 us=1291
BATCH stage=decode rows=4 tokens=4 us=1295
BATCH stage=decode rows=4 tokens=4 us=1276
BATCH stage=decode rows=4 tokens=4 us=1325
BATCH stage=decode rows=4 tokens=4 us=1336
BATCH stage=decode rows=4 tokens=4 us=1340
BATCH stage=decode rows=4 tokens=4 us=1343
BATCH stage=decode rows=4 tokens=4 us=1346
BATCH stage=decode rows=4 tokens=4 us=1340
BATCH stage=decode rows=3 tokens=3 us=1313
BATCH stage=prefill rows=1 tokens=128 us=2844
BATCH stage=decode rows=3 tokens=3 us=1306
BATCH stage=prefill rows=1 tokens=128 us=3407
BATCH stage=decode rows=3 tokens=3 us=1323
BATCH stage=prefill rows=1 tokens=128 us=4156
BATCH stage=decode rows=3 tokens=3 us=1316
BATCH stage=prefill rows=1 tokens=14 us=4847
BATCH stage=decode rows=4 tokens=4 us=1345
BATCH stage=decode rows=4 tokens=4 us=1343
BATCH stage=decode rows=4 tokens=4 us=1329
BATCH stage=decode rows=3 tokens=3 us=1236
BATCH stage=prefill rows=1 tokens=16 us=2289
BATCH stage=decode rows=4 tokens=4 us=1269
BATCH stage=decode rows=4 tokens=4 us=1273
BATCH stage=decode rows=4 tokens=4 us=1272
BATCH stage=decode rows=4 tokens=4 us=1279
BATCH stage=decode rows=4 tokens=4 us=1274
BATCH stage=decode rows=4 tokens=4 us=1277
BATCH stage=decode rows=4 tokens=4 us=1276
BATCH stage=decode rows=4 tokens=4 us=1266
BATCH stage=decode rows=4 tokens=4 us=1277
BATCH stage=decode rows=4 tokens=4 us=1269
BATCH stage=decode rows=4 tokens=4 us=1275
BATCH stage=decode rows=4 tokens=4 us=1273
BATCH stage=decode rows=4 tokens=4 us=1276
BATCH stage=decode rows=4 tokens=4 us=1275
BATCH stage=decode rows=4 tokens=4 us=1280
BATCH stage=decode rows=4 tokens=4 us=1275
BATCH stage=decode rows=4 tokens=4 us=1279
BATCH stage=decode rows=4 tokens=4 us=1274
BATCH stage=decode rows=4 tokens=4 us=1278
BATCH stage=decode rows=4 tokens=4 us=1295
BATCH stage=decode rows=4 tokens=4 us=1292
BATCH stage=decode rows=4 tokens=4 us=1287
BATCH stage=decode rows=4 tokens=4 us=1293
BATCH stage=decode rows=4 tokens=4 us=1286
BATCH stage=decode rows=4 tokens=4 us=1285
BATCH stage=decode rows=4 tokens=4 us=1288
BATCH stage=decode rows=4 tokens=4 us=1294
BATCH stage=decode rows=4 tokens=4 us=1289
BATCH stage=decode rows=4 tokens=4 us=1296
BATCH stage=decode rows=4 tokens=4 us=1289
BATCH stage=decode rows=4 tokens=4 us=1289
BATCH stage=decode rows=3 tokens=3 us=1273
BATCH stage=prefill rows=1 tokens=128 us=2871
BATCH stage=decode rows=4 tokens=4 us=1296
BATCH stage=decode rows=4 tokens=4 us=1294
BATCH stage=decode rows=3 tokens=3 us=1282
BATCH stage=prefill rows=1 tokens=128 us=2851
BATCH stage=decode rows=3 tokens=3 us=1259
BATCH stage=prefill rows=1 tokens=128 us=3414
BATCH stage=decode rows=3 tokens=3 us=1264
BATCH stage=prefill rows=1 tokens=128 us=4151
BATCH stage=decode rows=3 tokens=3 us=1266
BATCH stage=prefill rows=1 tokens=14 us=4847
BATCH stage=decode rows=4 tokens=4 us=1297
BATCH stage=decode rows=4 tokens=4 us=1291
BATCH stage=decode rows=4 tokens=4 us=1294
BATCH stage=decode rows=4 tokens=4 us=1293
BATCH stage=decode rows=4 tokens=4 us=1287
BATCH stage=decode rows=4 tokens=4 us=1292
BATCH stage=decode rows=4 tokens=4 us=1291
BATCH stage=decode rows=4 tokens=4 us=1292
BATCH stage=decode rows=4 tokens=4 us=1293
BATCH stage=decode rows=4 tokens=4 us=1289
BATCH stage=decode rows=4 tokens=4 us=1318
BATCH stage=decode rows=4 tokens=4 us=1330
BATCH stage=decode rows=4 tokens=4 us=1341
BATCH stage=decode rows=4 tokens=4 us=1328
BATCH stage=decode rows=4 tokens=4 us=1339
BATCH stage=decode rows=4 tokens=4 us=1354
BATCH stage=decode rows=4 tokens=4 us=1339
BATCH stage=decode rows=4 tokens=4 us=1339
BATCH stage=decode rows=4 tokens=4 us=1341
BATCH stage=decode rows=4 tokens=4 us=1327
BATCH stage=decode rows=4 tokens=4 us=1334
BATCH stage=decode rows=4 tokens=4 us=1334
BATCH stage=decode rows=4 tokens=4 us=1344
BATCH stage=decode rows=3 tokens=3 us=1255
BATCH stage=prefill rows=1 tokens=16 us=2291
BATCH stage=decode rows=4 tokens=4 us=1277
BATCH stage=decode rows=4 tokens=4 us=1277
BATCH stage=decode rows=4 tokens=4 us=1280
BATCH stage=decode rows=4 tokens=4 us=1278
BATCH stage=decode rows=4 tokens=4 us=1279
BATCH stage=decode rows=4 tokens=4 us=1277
BATCH stage=decode rows=4 tokens=4 us=1278
BATCH stage=decode rows=4 tokens=4 us=1275
BATCH stage=decode rows=4 tokens=4 us=1277
BATCH stage=decode rows=4 tokens=4 us=1270
BATCH stage=decode rows=4 tokens=4 us=1272
BATCH stage=decode rows=4 tokens=4 us=1270
BATCH stage=decode rows=4 tokens=4 us=1266
BATCH stage=decode rows=4 tokens=4 us=1272
BATCH stage=decode rows=4 tokens=4 us=1275
BATCH stage=decode rows=4 tokens=4 us=1273
BATCH stage=decode rows=4 tokens=4 us=1294
BATCH stage=decode rows=4 tokens=4 us=1288
BATCH stage=decode rows=4 tokens=4 us=1288
BATCH stage=decode rows=4 tokens=4 us=1285
BATCH stage=decode rows=4 tokens=4 us=1287
BATCH stage=decode rows=4 tokens=4 us=1291
BATCH stage=decode rows=4 tokens=4 us=1286
BATCH stage=decode rows=4 tokens=4 us=1285
BATCH stage=decode rows=4 tokens=4 us=1289
BATCH stage=decode rows=4 tokens=4 us=1290
BATCH stage=decode rows=4 tokens=4 us=1289
BATCH stage=decode rows=4 tokens=4 us=1289
BATCH stage=decode rows=4 tokens=4 us=1293
BATCH stage=decode rows=4 tokens=4 us=1283
BATCH stage=decode rows=4 tokens=4 us=1284
BATCH stage=decode rows=3 tokens=3 us=1267
BATCH stage=prefill rows=1 tokens=128 us=2875
BATCH stage=decode rows=4 tokens=4 us=1288
BATCH stage=decode rows=3 tokens=3 us=1267
BATCH stage=prefill rows=1 tokens=128 us=2853
BATCH stage=decode rows=3 tokens=3 us=1269
BATCH stage=prefill rows=1 tokens=128 us=3411
BATCH stage=decode rows=3 tokens=3 us=1267
BATCH stage=prefill rows=1 tokens=128 us=4157
BATCH stage=decode rows=3 tokens=3 us=1265
BATCH stage=prefill rows=1 tokens=14 us=4842
BATCH stage=decode rows=4 tokens=4 us=1298
BATCH stage=decode rows=4 tokens=4 us=1291
BATCH stage=decode rows=4 tokens=4 us=1298
BATCH stage=decode rows=4 tokens=4 us=1298
BATCH stage=decode rows=4 tokens=4 us=1293
BATCH stage=decode rows=4 tokens=4 us=1297
BATCH stage=decode rows=4 tokens=4 us=1300
BATCH stage=decode rows=4 tokens=4 us=1300
BATCH stage=decode rows=4 tokens=4 us=1302
BATCH stage=decode rows=4 tokens=4 us=1294
BATCH stage=decode rows=4 tokens=4 us=1294
BATCH stage=decode rows=4 tokens=4 us=1331
BATCH stage=decode rows=4 tokens=4 us=1343
BATCH stage=decode rows=4 tokens=4 us=1345
BATCH stage=decode rows=4 tokens=4 us=1340
BATCH stage=decode rows=4 tokens=4 us=1344
BATCH stage=decode rows=4 tokens=4 us=1345
BATCH stage=decode rows=4 tokens=4 us=1349
BATCH stage=decode rows=4 tokens=4 us=1347
BATCH stage=decode rows=4 tokens=4 us=1340
BATCH stage=decode rows=4 tokens=4 us=1340
BATCH stage=decode rows=4 tokens=4 us=1347
BATCH stage=decode rows=4 tokens=4 us=1349
BATCH stage=decode rows=4 tokens=4 us=1346
BATCH stage=decode rows=3 tokens=3 us=1267
BATCH stage=prefill rows=1 tokens=16 us=2287
BATCH stage=decode rows=4 tokens=4 us=1280
BATCH stage=decode rows=4 tokens=4 us=1290
BATCH stage=decode rows=4 tokens=4 us=1286
BATCH stage=decode rows=4 tokens=4 us=1291
BATCH stage=decode rows=4 tokens=4 us=1289
BATCH stage=decode rows=4 tokens=4 us=1284
BATCH stage=decode rows=4 tokens=4 us=1284
BATCH stage=decode rows=4 tokens=4 us=1290
BATCH stage=decode rows=4 tokens=4 us=1283
BATCH stage=decode rows=4 tokens=4 us=1282
BATCH stage=decode rows=4 tokens=4 us=1287
BATCH stage=decode rows=4 tokens=4 us=1288
BATCH stage=decode rows=4 tokens=4 us=1291
BATCH stage=decode rows=4 tokens=4 us=1287
BATCH stage=decode rows=4 tokens=4 us=1290
BATCH stage=decode rows=4 tokens=4 us=1293
BATCH stage=decode rows=4 tokens=4 us=1293
BATCH stage=decode rows=4 tokens=4 us=1286
BATCH stage=decode rows=4 tokens=4 us=1291
BATCH stage=decode rows=4 tokens=4 us=1286
BATCH stage=decode rows=4 tokens=4 us=1291
BATCH stage=decode rows=4 tokens=4 us=1288
BATCH stage=decode rows=4 tokens=4 us=1294
BATCH stage=decode rows=4 tokens=4 us=1284
BATCH stage=decode rows=4 tokens=4 us=1288
BATCH stage=decode rows=4 tokens=4 us=1290
BATCH stage=decode rows=4 tokens=4 us=1283
BATCH stage=decode rows=4 tokens=4 us=1284
BATCH stage=decode rows=4 tokens=4 us=1322
BATCH stage=decode rows=4 tokens=4 us=1338
BATCH stage=decode rows=4 tokens=4 us=1339
BATCH stage=decode rows=3 tokens=3 us=1316
BATCH stage=prefill rows=1 tokens=128 us=2881
BATCH stage=decode rows=4 tokens=4 us=1350
BATCH stage=decode rows=3 tokens=3 us=1322
BATCH stage=prefill rows=1 tokens=128 us=2855
BATCH stage=decode rows=3 tokens=3 us=1320
BATCH stage=prefill rows=1 tokens=128 us=3413
BATCH stage=decode rows=3 tokens=3 us=1315
BATCH stage=prefill rows=1 tokens=128 us=4148
BATCH stage=decode rows=3 tokens=3 us=1321
BATCH stage=prefill rows=1 tokens=14 us=4859
BATCH stage=decode rows=4 tokens=4 us=1358
BATCH stage=decode rows=4 tokens=4 us=1349
BATCH stage=decode rows=4 tokens=4 us=1354
BATCH stage=decode rows=4 tokens=4 us=1341
BATCH stage=decode rows=3 tokens=3 us=1262
BATCH stage=prefill rows=1 tokens=16 us=2297
BATCH stage=decode rows=4 tokens=4 us=1266
BATCH stage=decode rows=4 tokens=4 us=1281
BATCH stage=decode rows=4 tokens=4 us=1274
BATCH stage=decode rows=4 tokens=4 us=1275
BATCH stage=decode rows=4 tokens=4 us=1269
BATCH stage=decode rows=4 tokens=4 us=1277
BATCH stage=decode rows=4 tokens=4 us=1272
BATCH stage=decode rows=4 tokens=4 us=1274
BATCH stage=decode rows=4 tokens=4 us=1281
BATCH stage=decode rows=4 tokens=4 us=1271
BATCH stage=decode rows=4 tokens=4 us=1274
BATCH stage=decode rows=4 tokens=4 us=1271
BATCH stage=decode rows=4 tokens=4 us=1261
BATCH stage=decode rows=4 tokens=4 us=1256
BATCH stage=decode rows=4 tokens=4 us=1258
BATCH stage=decode rows=4 tokens=4 us=1283
BATCH stage=decode rows=4 tokens=4 us=1281
BATCH stage=decode rows=4 tokens=4 us=1270
BATCH stage=decode rows=4 tokens=4 us=1274
BATCH stage=decode rows=4 tokens=4 us=1279
BATCH stage=decode rows=4 tokens=4 us=1284
BATCH stage=decode rows=4 tokens=4 us=1274
BATCH stage=decode rows=4 tokens=4 us=1282
BATCH stage=decode rows=4 tokens=4 us=1295
BATCH stage=decode rows=4 tokens=4 us=1295
BATCH stage=decode rows=4 tokens=4 us=1281
BATCH stage=decode rows=4 tokens=4 us=1275
BATCH stage=decode rows=4 tokens=4 us=1279
BATCH stage=decode rows=4 tokens=4 us=1284
BATCH stage=decode rows=4 tokens=4 us=1290
BATCH stage=decode rows=4 tokens=4 us=1292
BATCH stage=decode rows=3 tokens=3 us=1260
BATCH stage=prefill rows=1 tokens=128 us=2868
BATCH stage=decode rows=4 tokens=4 us=1281
BATCH stage=decode rows=4 tokens=4 us=1279
BATCH stage=decode rows=4 tokens=4 us=1272
BATCH stage=decode rows=4 tokens=4 us=1274
BATCH stage=decode rows=4 tokens=4 us=1277
BATCH stage=decode rows=4 tokens=4 us=1277
BATCH stage=decode rows=4 tokens=4 us=1278
BATCH stage=decode rows=4 tokens=4 us=1275
BATCH stage=decode rows=4 tokens=4 us=1282
BATCH stage=decode rows=4 tokens=4 us=1291
BATCH stage=decode rows=4 tokens=4 us=1285
BATCH stage=decode rows=4 tokens=4 us=1288
BATCH stage=decode rows=4 tokens=4 us=1287
BATCH stage=decode rows=4 tokens=4 us=1291
BATCH stage=decode rows=4 tokens=4 us=1277
BATCH stage=decode rows=4 tokens=4 us=1312
BATCH stage=decode rows=4 tokens=4 us=1331
BATCH stage=decode rows=4 tokens=4 us=1333
BATCH stage=decode rows=4 tokens=4 us=1326
BATCH stage=decode rows=4 tokens=4 us=1325
BATCH stage=decode rows=4 tokens=4 us=1331
BATCH stage=decode rows=3 tokens=3 us=1322
BATCH stage=prefill rows=1 tokens=128 us=2859
BATCH stage=decode rows=3 tokens=3 us=1310
BATCH stage=prefill rows=1 tokens=128 us=3411
BATCH stage=decode rows=3 tokens=3 us=1308
BATCH stage=prefill rows=1 tokens=128 us=4142
BATCH stage=decode rows=3 tokens=3 us=1323
BATCH stage=prefill rows=1 tokens=14 us=4848
BATCH stage=decode rows=4 tokens=4 us=1346
BATCH stage=decode rows=4 tokens=4 us=1345
BATCH stage=decode rows=4 tokens=4 us=1347
BATCH stage=decode rows=3 tokens=3 us=1243
BATCH stage=prefill rows=1 tokens=16 us=2291
BATCH stage=decode rows=4 tokens=4 us=1270
BATCH stage=decode rows=4 tokens=4 us=1275
BATCH stage=decode rows=4 tokens=4 us=1265
BATCH stage=decode rows=4 tokens=4 us=1273
BATCH stage=decode rows=4 tokens=4 us=1272
BATCH stage=decode rows=4 tokens=4 us=1273
BATCH stage=decode rows=4 tokens=4 us=1261
BATCH stage=decode rows=4 tokens=4 us=1271
BATCH stage=decode rows=4 tokens=4 us=1271
BATCH stage=decode rows=4 tokens=4 us=1273
BATCH stage=decode rows=4 tokens=4 us=1258
BATCH stage=decode rows=4 tokens=4 us=1280
BATCH stage=decode rows=4 tokens=4 us=1282
BATCH stage=decode rows=4 tokens=4 us=1273
BATCH stage=decode rows=4 tokens=4 us=1274
BATCH stage=decode rows=4 tokens=4 us=1272
BATCH stage=decode rows=4 tokens=4 us=1282
BATCH stage=decode rows=4 tokens=4 us=1294
BATCH stage=decode rows=4 tokens=4 us=1286
BATCH stage=decode rows=4 tokens=4 us=1271
BATCH stage=decode rows=4 tokens=4 us=1286
BATCH stage=decode rows=4 tokens=4 us=1283
BATCH stage=decode rows=4 tokens=4 us=1286
BATCH stage=decode rows=4 tokens=4 us=1283
BATCH stage=decode rows=4 tokens=4 us=1279
BATCH stage=decode rows=4 tokens=4 us=1284
BATCH stage=decode rows=4 tokens=4 us=1291
BATCH stage=decode rows=4 tokens=4 us=1281
BATCH stage=decode rows=4 tokens=4 us=1279
BATCH stage=decode rows=4 tokens=4 us=1285
BATCH stage=decode rows=4 tokens=4 us=1280
BATCH stage=decode rows=3 tokens=3 us=1256
BATCH stage=prefill rows=1 tokens=128 us=2869
BATCH stage=decode rows=4 tokens=4 us=1301
BATCH stage=decode rows=4 tokens=4 us=1292
BATCH stage=decode rows=3 tokens=3 us=1270
BATCH stage=prefill rows=1 tokens=128 us=2855
BATCH stage=decode rows=3 tokens=3 us=1263
BATCH stage=prefill rows=1 tokens=128 us=3412
BATCH stage=decode rows=3 tokens=3 us=1269
BATCH stage=prefill rows=1 tokens=128 us=4145
BATCH stage=decode rows=3 tokens=3 us=1268
BATCH stage=prefill rows=1 tokens=14 us=4845
BATCH stage=decode rows=4 tokens=4 us=1291
BATCH stage=decode rows=4 tokens=4 us=1284
BATCH stage=decode rows=4 tokens=4 us=1284
BATCH stage=decode rows=4 tokens=4 us=1282
BATCH stage=decode rows=4 tokens=4 us=1291
BATCH stage=decode rows=4 tokens=4 us=1280
BATCH stage=decode rows=4 tokens=4 us=1295
BATCH stage=decode rows=4 tokens=4 us=1299
BATCH stage=decode rows=4 tokens=4 us=1298
BATCH stage=decode rows=4 tokens=4 us=1294
BATCH stage=decode rows=4 tokens=4 us=1324
BATCH stage=decode rows=4 tokens=4 us=1343
BATCH stage=decode rows=4 tokens=4 us=1344
BATCH stage=decode rows=4 tokens=4 us=1340
BATCH stage=decode rows=4 tokens=4 us=1339
BATCH stage=decode rows=4 tokens=4 us=1346
BATCH stage=decode rows=4 tokens=4 us=1341
BATCH stage=decode rows=4 tokens=4 us=1341
BATCH stage=decode rows=4 tokens=4 us=1329
BATCH stage=decode rows=4 tokens=4 us=1326
BATCH stage=decode rows=4 tokens=4 us=1339
BATCH stage=decode rows=4 tokens=4 us=1345
BATCH stage=decode rows=4 tokens=4 us=1340
BATCH stage=decode rows=3 tokens=3 us=1243
BATCH stage=prefill rows=1 tokens=16 us=2291
BATCH stage=decode rows=4 tokens=4 us=1271
BATCH stage=decode rows=4 tokens=4 us=1270
BATCH stage=decode rows=4 tokens=4 us=1268
BATCH stage=decode rows=4 tokens=4 us=1274
BATCH stage=decode rows=4 tokens=4 us=1278
BATCH stage=decode rows=4 tokens=4 us=1277
BATCH stage=decode rows=4 tokens=4 us=1271
BATCH stage=decode rows=4 tokens=4 us=1273
BATCH stage=decode rows=4 tokens=4 us=1273
BATCH stage=decode rows=4 tokens=4 us=1270
BATCH stage=decode rows=4 tokens=4 us=1261
BATCH stage=decode rows=4 tokens=4 us=1273
BATCH stage=decode rows=4 tokens=4 us=1274
BATCH stage=decode rows=4 tokens=4 us=1277
BATCH stage=decode rows=4 tokens=4 us=1279
BATCH stage=decode rows=4 tokens=4 us=1268
BATCH stage=decode rows=4 tokens=4 us=1288
BATCH stage=decode rows=4 tokens=4 us=1277
BATCH stage=decode rows=4 tokens=4 us=1288
BATCH stage=decode rows=4 tokens=4 us=1279
BATCH stage=decode rows=4 tokens=4 us=1280
BATCH stage=decode rows=4 tokens=4 us=1285
BATCH stage=decode rows=4 tokens=4 us=1270
BATCH stage=decode rows=4 tokens=4 us=1284
BATCH stage=decode rows=4 tokens=4 us=1287
BATCH stage=decode rows=4 tokens=4 us=1278
BATCH stage=decode rows=4 tokens=4 us=1276
BATCH stage=decode rows=4 tokens=4 us=1281
BATCH stage=decode rows=4 tokens=4 us=1274
BATCH stage=decode rows=4 tokens=4 us=1286
BATCH stage=decode rows=4 tokens=4 us=1288
BATCH stage=decode rows=3 tokens=3 us=1255
BATCH stage=prefill rows=1 tokens=128 us=2859
BATCH stage=decode rows=4 tokens=4 us=1285
BATCH stage=decode rows=3 tokens=3 us=1258
BATCH stage=prefill rows=1 tokens=128 us=2847
BATCH stage=decode rows=3 tokens=3 us=1253
BATCH stage=prefill rows=1 tokens=128 us=3408
BATCH stage=decode rows=3 tokens=3 us=1265
BATCH stage=prefill rows=1 tokens=128 us=4134
BATCH stage=decode rows=3 tokens=3 us=1266
BATCH stage=prefill rows=1 tokens=14 us=4833
BATCH stage=decode rows=4 tokens=4 us=1277
BATCH stage=decode rows=4 tokens=4 us=1287
BATCH stage=decode rows=4 tokens=4 us=1294
BATCH stage=decode rows=4 tokens=4 us=1287
BATCH stage=decode rows=4 tokens=4 us=1298
BATCH stage=decode rows=4 tokens=4 us=1297
BATCH stage=decode rows=4 tokens=4 us=1295
BATCH stage=decode rows=4 tokens=4 us=1296
BATCH stage=decode rows=4 tokens=4 us=1302
BATCH stage=decode rows=4 tokens=4 us=1285
BATCH stage=decode rows=4 tokens=4 us=1284
BATCH stage=decode rows=4 tokens=4 us=1332
BATCH stage=decode rows=4 tokens=4 us=1337
BATCH stage=decode rows=4 tokens=4 us=1331
BATCH stage=decode rows=4 tokens=4 us=1342
BATCH stage=decode rows=4 tokens=4 us=1332
BATCH stage=decode rows=4 tokens=4 us=1331
BATCH stage=decode rows=4 tokens=4 us=1341
BATCH stage=decode rows=4 tokens=4 us=1334
BATCH stage=decode rows=4 tokens=4 us=1348
BATCH stage=decode rows=4 tokens=4 us=1339
BATCH stage=decode rows=4 tokens=4 us=1347
BATCH stage=decode rows=4 tokens=4 us=1344
BATCH stage=decode rows=4 tokens=4 us=1352
BATCH stage=decode rows=3 tokens=3 us=1262
BATCH stage=prefill rows=1 tokens=16 us=2281
BATCH stage=decode rows=4 tokens=4 us=1266
BATCH stage=decode rows=4 tokens=4 us=1276
BATCH stage=decode rows=4 tokens=4 us=1274
BATCH stage=decode rows=4 tokens=4 us=1269
BATCH stage=decode rows=4 tokens=4 us=1281
BATCH stage=decode rows=4 tokens=4 us=1276
BATCH stage=decode rows=4 tokens=4 us=1287
BATCH stage=decode rows=4 tokens=4 us=1283
BATCH stage=decode rows=4 tokens=4 us=1281
BATCH stage=decode rows=4 tokens=4 us=1269
BATCH stage=decode rows=4 tokens=4 us=1281
BATCH stage=decode rows=4 tokens=4 us=1274
BATCH stage=decode rows=4 tokens=4 us=1277
BATCH stage=decode rows=4 tokens=4 us=1277
BATCH stage=decode rows=4 tokens=4 us=1277
BATCH stage=decode rows=4 tokens=4 us=1275
BATCH stage=decode rows=4 tokens=4 us=1282
BATCH stage=decode rows=4 tokens=4 us=1284
BATCH stage=decode rows=4 tokens=4 us=1287
BATCH stage=decode rows=4 tokens=4 us=1279
BATCH stage=decode rows=4 tokens=4 us=1289
BATCH stage=decode rows=4 tokens=4 us=1287
BATCH stage=decode rows=4 tokens=4 us=1282
BATCH stage=decode rows=4 tokens=4 us=1282
BATCH stage=decode rows=4 tokens=4 us=1283
BATCH stage=decode rows=4 tokens=4 us=1274
BATCH stage=decode rows=4 tokens=4 us=1287
BATCH stage=decode rows=4 tokens=4 us=1266
BATCH stage=decode rows=4 tokens=4 us=1326
BATCH stage=decode rows=4 tokens=4 us=1342
BATCH stage=decode rows=4 tokens=4 us=1334
BATCH stage=decode rows=3 tokens=3 us=1313
BATCH stage=prefill rows=1 tokens=128 us=2874
BATCH stage=decode rows=4 tokens=4 us=1334
BATCH stage=decode rows=3 tokens=3 us=1312
BATCH stage=prefill rows=1 tokens=128 us=2847
BATCH stage=decode rows=3 tokens=3 us=1316
BATCH stage=prefill rows=1 tokens=128 us=3401
BATCH stage=decode rows=3 tokens=3 us=1314
BATCH stage=prefill rows=1 tokens=128 us=4159
BATCH stage=decode rows=3 tokens=3 us=1314
BATCH stage=prefill rows=1 tokens=14 us=4842
BATCH stage=decode rows=4 tokens=4 us=1327
BATCH stage=decode rows=4 tokens=4 us=1343
BATCH stage=decode rows=4 tokens=4 us=1345
BATCH stage=decode rows=4 tokens=4 us=1340
BATCH stage=decode rows=3 tokens=3 us=1251
BATCH stage=prefill rows=1 tokens=16 us=2287
BATCH stage=decode rows=4 tokens=4 us=1266
BATCH stage=decode rows=4 tokens=4 us=1261
BATCH stage=decode rows=4 tokens=4 us=1260
BATCH stage=decode rows=4 tokens=4 us=1271
BATCH stage=decode rows=4 tokens=4 us=1271
BATCH stage=decode rows=4 tokens=4 us=1275
BATCH stage=decode rows=4 tokens=4 us=1261
BATCH stage=decode rows=4 tokens=4 us=1275
BATCH stage=decode rows=4 tokens=4 us=1275
BATCH stage=decode rows=4 tokens=4 us=1269
BATCH stage=decode rows=4 tokens=4 us=1276
BATCH stage=decode rows=4 tokens=4 us=1277
BATCH stage=decode rows=4 tokens=4 us=1273
BATCH stage=decode rows=4 tokens=4 us=1274
BATCH stage=decode rows=4 tokens=4 us=1275
BATCH stage=decode rows=4 tokens=4 us=1282
BATCH stage=decode rows=4 tokens=4 us=1291
BATCH stage=decode rows=4 tokens=4 us=1285
BATCH stage=decode rows=4 tokens=4 us=1286
BATCH stage=decode rows=4 tokens=4 us=1292
BATCH stage=decode rows=4 tokens=4 us=1281
BATCH stage=decode rows=4 tokens=4 us=1283
BATCH stage=decode rows=4 tokens=4 us=1281
BATCH stage=decode rows=4 tokens=4 us=1285
BATCH stage=decode rows=4 tokens=4 us=1280
BATCH stage=decode rows=4 tokens=4 us=1287
BATCH stage=decode rows=4 tokens=4 us=1279
BATCH stage=decode rows=4 tokens=4 us=1286
BATCH stage=decode rows=4 tokens=4 us=1279
BATCH stage=decode rows=4 tokens=4 us=1276
BATCH stage=decode rows=4 tokens=4 us=1272
BATCH stage=decode rows=3 tokens=3 us=1254
BATCH stage=prefill rows=1 tokens=128 us=2882
BATCH stage=decode rows=4 tokens=4 us=1298
BATCH stage=decode rows=4 tokens=4 us=1291
BATCH stage=decode rows=4 tokens=4 us=1284
BATCH stage=decode rows=4 tokens=4 us=1278
BATCH stage=decode rows=4 tokens=4 us=1292
BATCH stage=decode rows=4 tokens=4 us=1294
BATCH stage=decode rows=4 tokens=4 us=1289
BATCH stage=decode rows=4 tokens=4 us=1290
BATCH stage=decode rows=4 tokens=4 us=1286
BATCH stage=decode rows=4 tokens=4 us=1275
BATCH stage=decode rows=4 tokens=4 us=1281
BATCH stage=decode rows=4 tokens=4 us=1279
BATCH stage=decode rows=4 tokens=4 us=1280
BATCH stage=decode rows=4 tokens=4 us=1278
BATCH stage=decode rows=4 tokens=4 us=1263
BATCH stage=decode rows=4 tokens=4 us=1315
BATCH stage=decode rows=4 tokens=4 us=1333
BATCH stage=decode rows=4 tokens=4 us=1331
BATCH stage=decode rows=4 tokens=4 us=1344
BATCH stage=decode rows=4 tokens=4 us=1335
BATCH stage=decode rows=4 tokens=4 us=1330
BATCH stage=decode rows=3 tokens=3 us=1311
BATCH stage=prefill rows=1 tokens=128 us=2855
BATCH stage=decode rows=3 tokens=3 us=1330
BATCH stage=prefill rows=1 tokens=128 us=3412
BATCH stage=decode rows=3 tokens=3 us=1319
BATCH stage=prefill rows=1 tokens=128 us=4154
BATCH stage=decode rows=3 tokens=3 us=1315
BATCH stage=prefill rows=1 tokens=14 us=4846
BATCH stage=decode rows=4 tokens=4 us=1327
BATCH stage=decode rows=4 tokens=4 us=1332
BATCH stage=decode rows=4 tokens=4 us=1335
BATCH stage=decode rows=3 tokens=3 us=1242
BATCH stage=prefill rows=1 tokens=16 us=2290
BATCH stage=decode rows=4 tokens=4 us=1270
BATCH stage=decode rows=4 tokens=4 us=1275
BATCH stage=decode rows=4 tokens=4 us=1273
BATCH stage=decode rows=4 tokens=4 us=1265
BATCH stage=decode rows=4 tokens=4 us=1267
BATCH stage=decode rows=4 tokens=4 us=1278
BATCH stage=decode rows=4 tokens=4 us=1269
BATCH stage=decode rows=4 tokens=4 us=1272
BATCH stage=decode rows=4 tokens=4 us=1258
BATCH stage=decode rows=4 tokens=4 us=1265
BATCH stage=decode rows=4 tokens=4 us=1264
BATCH stage=decode rows=4 tokens=4 us=1262
BATCH stage=decode rows=4 tokens=4 us=1260
BATCH stage=decode rows=4 tokens=4 us=1267
BATCH stage=decode rows=4 tokens=4 us=1268
BATCH stage=decode rows=4 tokens=4 us=1276
BATCH stage=decode rows=4 tokens=4 us=1280
BATCH stage=decode rows=4 tokens=4 us=1286
BATCH stage=decode rows=4 tokens=4 us=1278
BATCH stage=decode rows=4 tokens=4 us=1288
BATCH stage=decode rows=4 tokens=4 us=1279
BATCH stage=decode rows=4 tokens=4 us=1277
BATCH stage=decode rows=4 tokens=4 us=1270
BATCH stage=decode rows=4 tokens=4 us=1282
BATCH stage=decode rows=4 tokens=4 us=1289
BATCH stage=decode rows=4 tokens=4 us=1288
BATCH stage=decode rows=4 tokens=4 us=1282
BATCH stage=decode rows=4 tokens=4 us=1286
BATCH stage=decode rows=4 tokens=4 us=1283
BATCH stage=decode rows=4 tokens=4 us=1287
BATCH stage=decode rows=4 tokens=4 us=1287
BATCH stage=decode rows=3 tokens=3 us=1264
BATCH stage=prefill rows=1 tokens=128 us=2869
BATCH stage=decode rows=4 tokens=4 us=1291
BATCH stage=decode rows=4 tokens=4 us=1287
BATCH stage=decode rows=3 tokens=3 us=1271
BATCH stage=prefill rows=1 tokens=128 us=2858
BATCH stage=decode rows=3 tokens=3 us=1253
BATCH stage=prefill rows=1 tokens=128 us=3405
BATCH stage=decode rows=3 tokens=3 us=1265
BATCH stage=prefill rows=1 tokens=128 us=4149
BATCH stage=decode rows=3 tokens=3 us=1254
BATCH stage=prefill rows=1 tokens=14 us=4840
BATCH stage=decode rows=4 tokens=4 us=1295
BATCH stage=decode rows=4 tokens=4 us=1286
BATCH stage=decode rows=4 tokens=4 us=1294
BATCH stage=decode rows=4 tokens=4 us=1297
BATCH stage=decode rows=4 tokens=4 us=1297
BATCH stage=decode rows=4 tokens=4 us=1291
BATCH stage=decode rows=4 tokens=4 us=1295
BATCH stage=decode rows=4 tokens=4 us=1290
BATCH stage=decode rows=4 tokens=4 us=1292
BATCH stage=decode rows=4 tokens=4 us=1273
BATCH stage=decode rows=4 tokens=4 us=1321
BATCH stage=decode rows=4 tokens=4 us=1333
BATCH stage=decode rows=4 tokens=4 us=1342
BATCH stage=decode rows=4 tokens=4 us=1344
BATCH stage=decode rows=4 tokens=4 us=1342
BATCH stage=decode rows=4 tokens=4 us=1342
BATCH stage=decode rows=4 tokens=4 us=1338
BATCH stage=decode rows=4 tokens=4 us=1341
BATCH stage=decode rows=4 tokens=4 us=1342
BATCH stage=decode rows=4 tokens=4 us=1333
BATCH stage=decode rows=4 tokens=4 us=1336
BATCH stage=decode rows=4 tokens=4 us=1341
BATCH stage=decode rows=4 tokens=4 us=1342
BATCH stage=decode rows=3 tokens=3 us=1252
BATCH stage=prefill rows=1 tokens=16 us=2285
BATCH stage=decode rows=4 tokens=4 us=1263
BATCH stage=decode rows=4 tokens=4 us=1262
BATCH stage=decode rows=4 tokens=4 us=1266
BATCH stage=decode rows=4 tokens=4 us=1277
BATCH stage=decode rows=4 tokens=4 us=1268
BATCH stage=decode rows=4 tokens=4 us=1271
BATCH stage=decode rows=4 tokens=4 us=1274
BATCH stage=decode rows=4 tokens=4 us=1271
BATCH stage=decode rows=4 tokens=4 us=1265
BATCH stage=decode rows=4 tokens=4 us=1271
BATCH stage=decode rows=4 tokens=4 us=1274
BATCH stage=decode rows=4 tokens=4 us=1273
BATCH stage=decode rows=4 tokens=4 us=1280
BATCH stage=decode rows=4 tokens=4 us=1265
BATCH stage=decode rows=4 tokens=4 us=1278
BATCH stage=decode rows=4 tokens=4 us=1275
BATCH stage=decode rows=4 tokens=4 us=1285
BATCH stage=decode rows=4 tokens=4 us=1284
BATCH stage=decode rows=4 tokens=4 us=1291
BATCH stage=decode rows=4 tokens=4 us=1282
BATCH stage=decode rows=4 tokens=4 us=1281
BATCH stage=decode rows=4 tokens=4 us=1284
BATCH stage=decode rows=4 tokens=4 us=1285
BATCH stage=decode rows=4 tokens=4 us=1278
BATCH stage=decode rows=4 tokens=4 us=1274
BATCH stage=decode rows=4 tokens=4 us=1277
BATCH stage=decode rows=4 tokens=4 us=1284
BATCH stage=decode rows=4 tokens=4 us=1285
BATCH stage=decode rows=4 tokens=4 us=1283
BATCH stage=decode rows=4 tokens=4 us=1284
BATCH stage=decode rows=4 tokens=4 us=1281
BATCH stage=decode rows=3 tokens=3 us=1260
BATCH stage=prefill rows=1 tokens=128 us=2871
BATCH stage=decode rows=4 tokens=4 us=1293
BATCH stage=decode rows=3 tokens=3 us=1271
BATCH stage=prefill rows=1 tokens=128 us=2845
BATCH stage=decode rows=3 tokens=3 us=1262
BATCH stage=prefill rows=1 tokens=128 us=3413
BATCH stage=decode rows=3 tokens=3 us=1260
BATCH stage=prefill rows=1 tokens=128 us=4132
BATCH stage=decode rows=3 tokens=3 us=1251
BATCH stage=prefill rows=1 tokens=14 us=4847
BATCH stage=decode rows=4 tokens=4 us=1286
BATCH stage=decode rows=4 tokens=4 us=1296
BATCH stage=decode rows=4 tokens=4 us=1296
BATCH stage=decode rows=4 tokens=4 us=1285
BATCH stage=decode rows=4 tokens=4 us=1288
BATCH stage=decode rows=4 tokens=4 us=1283
BATCH stage=decode rows=4 tokens=4 us=1295
BATCH stage=decode rows=4 tokens=4 us=1290
BATCH stage=decode rows=4 tokens=4 us=1291
BATCH stage=decode rows=4 tokens=4 us=1300
BATCH stage=decode rows=4 tokens=4 us=1282
BATCH stage=decode rows=4 tokens=4 us=1323
BATCH stage=decode rows=4 tokens=4 us=1346
BATCH stage=decode rows=4 tokens=4 us=1339
BATCH stage=decode rows=4 tokens=4 us=1339
BATCH stage=decode rows=4 tokens=4 us=1344
BATCH stage=decode rows=4 tokens=4 us=1343
BATCH stage=decode rows=4 tokens=4 us=1343
BATCH stage=decode rows=4 tokens=4 us=1337
BATCH stage=decode rows=4 tokens=4 us=1329
BATCH stage=decode rows=4 tokens=4 us=1341
BATCH stage=decode rows=4 tokens=4 us=1350
BATCH stage=decode rows=4 tokens=4 us=1347
BATCH stage=decode rows=4 tokens=4 us=1333
BATCH stage=decode rows=3 tokens=3 us=1261
BATCH stage=prefill rows=1 tokens=16 us=2279
BATCH stage=decode rows=4 tokens=4 us=1286
BATCH stage=decode rows=4 tokens=4 us=1286
BATCH stage=decode rows=4 tokens=4 us=1291
BATCH stage=decode rows=4 tokens=4 us=1281
BATCH stage=decode rows=4 tokens=4 us=1286
BATCH stage=decode rows=4 tokens=4 us=1268
BATCH stage=decode rows=4 tokens=4 us=1283
BATCH stage=decode rows=4 tokens=4 us=1275
BATCH stage=decode rows=4 tokens=4 us=1287
BATCH stage=decode rows=4 tokens=4 us=1286
BATCH stage=decode rows=4 tokens=4 us=1290
BATCH stage=decode rows=4 tokens=4 us=1270
BATCH stage=decode rows=4 tokens=4 us=1287
BATCH stage=decode rows=4 tokens=4 us=1275
BATCH stage=decode rows=4 tokens=4 us=1276
BATCH stage=decode rows=4 tokens=4 us=1286
BATCH stage=decode rows=4 tokens=4 us=1284
BATCH stage=decode rows=4 tokens=4 us=1294
BATCH stage=decode rows=4 tokens=4 us=1289
BATCH stage=decode rows=4 tokens=4 us=1283
BATCH stage=decode rows=4 tokens=4 us=1292
BATCH stage=decode rows=4 tokens=4 us=1289
BATCH stage=decode rows=4 tokens=4 us=1288
BATCH stage=decode rows=4 tokens=4 us=1288
BATCH stage=decode rows=4 tokens=4 us=1289
BATCH stage=decode rows=4 tokens=4 us=1280
BATCH stage=decode rows=4 tokens=4 us=1281
BATCH stage=decode rows=4 tokens=4 us=1278
BATCH stage=decode rows=4 tokens=4 us=1321
BATCH stage=decode rows=4 tokens=4 us=1337
BATCH stage=decode rows=4 tokens=4 us=1337
BATCH stage=decode rows=3 tokens=3 us=1310
BATCH stage=prefill rows=1 tokens=128 us=2870
BATCH stage=decode rows=4 tokens=4 us=1347
BATCH stage=decode rows=3 tokens=3 us=1324
BATCH stage=prefill rows=1 tokens=128 us=2846
BATCH stage=decode rows=3 tokens=3 us=1323
BATCH stage=prefill rows=1 tokens=128 us=3415
BATCH stage=decode rows=3 tokens=3 us=1319
BATCH stage=prefill rows=1 tokens=128 us=4149
BATCH stage=decode rows=3 tokens=3 us=1309
BATCH stage=prefill rows=1 tokens=14 us=4849
BATCH stage=decode rows=4 tokens=4 us=1330
BATCH stage=decode rows=4 tokens=4 us=1332
BATCH stage=decode rows=4 tokens=4 us=1342
BATCH stage=decode rows=4 tokens=4 us=1331
BATCH stage=decode rows=3 tokens=3 us=1252
BATCH stage=decode rows=3 tokens=3 us=1250
BATCH stage=decode rows=3 tokens=3 us=1245
BATCH stage=decode rows=3 tokens=3 us=1247
BATCH stage=decode rows=3 tokens=3 us=1245
BATCH stage=decode rows=3 tokens=3 us=1247
BATCH stage=decode rows=3 tokens=3 us=1259
BATCH stage=decode rows=3 tokens=3 us=1257
BATCH stage=decode rows=3 tokens=3 us=1235
BATCH stage=decode rows=3 tokens=3 us=1257
BATCH stage=decode rows=3 tokens=3 us=1245
BATCH stage=decode rows=3 tokens=3 us=1243
BATCH stage=decode rows=3 tokens=3 us=1237
BATCH stage=decode rows=3 tokens=3 us=1240
BATCH stage=decode rows=3 tokens=3 us=1241
BATCH stage=decode rows=3 tokens=3 us=1235
BATCH stage=decode rows=3 tokens=3 us=1257
BATCH stage=decode rows=3 tokens=3 us=1249
BATCH stage=decode rows=3 tokens=3 us=1261
BATCH stage=decode rows=3 tokens=3 us=1251
BATCH stage=decode rows=3 tokens=3 us=1257
BATCH stage=decode rows=3 tokens=3 us=1256
BATCH stage=decode rows=3 tokens=3 us=1262
BATCH stage=decode rows=3 tokens=3 us=1260
BATCH stage=decode rows=3 tokens=3 us=1251
BATCH stage=decode rows=3 tokens=3 us=1257
BATCH stage=decode rows=3 tokens=3 us=1257
BATCH stage=decode rows=3 tokens=3 us=1267
BATCH stage=decode rows=3 tokens=3 us=1262
BATCH stage=decode rows=3 tokens=3 us=1256
BATCH stage=decode rows=3 tokens=3 us=1254
BATCH stage=decode rows=3 tokens=3 us=1255
BATCH stage=decode rows=3 tokens=3 us=1266
BATCH stage=decode rows=3 tokens=3 us=1270
BATCH stage=decode rows=3 tokens=3 us=1262
BATCH stage=decode rows=3 tokens=3 us=1259
BATCH stage=decode rows=3 tokens=3 us=1269
BATCH stage=decode rows=3 tokens=3 us=1265
BATCH stage=decode rows=3 tokens=3 us=1267
BATCH stage=decode rows=3 tokens=3 us=1253
BATCH stage=decode rows=3 tokens=3 us=1267
BATCH stage=decode rows=3 tokens=3 us=1270
BATCH stage=decode rows=3 tokens=3 us=1266
BATCH stage=decode rows=3 tokens=3 us=1252
BATCH stage=decode rows=3 tokens=3 us=1253
BATCH stage=decode rows=3 tokens=3 us=1258
BATCH stage=decode rows=3 tokens=3 us=1268
BATCH stage=decode rows=3 tokens=3 us=1245
BATCH stage=decode rows=3 tokens=3 us=1301
BATCH stage=decode rows=3 tokens=3 us=1306
BATCH stage=decode rows=3 tokens=3 us=1306
BATCH stage=decode rows=3 tokens=3 us=1304
BATCH stage=decode rows=3 tokens=3 us=1308
BATCH stage=decode rows=3 tokens=3 us=1306
BATCH stage=decode rows=2 tokens=2 us=1311
BATCH stage=decode rows=2 tokens=2 us=1293
BATCH stage=decode rows=2 tokens=2 us=1288
BATCH stage=decode rows=2 tokens=2 us=1293
BATCH stage=decode rows=2 tokens=2 us=1285
BATCH stage=decode rows=2 tokens=2 us=1281
BATCH stage=decode rows=2 tokens=2 us=1285
BATCH stage=decode rows=1 tokens=1 us=1194
BATCH stage=decode rows=1 tokens=1 us=1197
BATCH stage=decode rows=1 tokens=1 us=1197
BATCH stage=decode rows=1 tokens=1 us=1187
BATCH stage=decode rows=1 tokens=1 us=1194
BATCH stage=decode rows=1 tokens=1 us=1190
BATCH stage=decode rows=1 tokens=1 us=1199
BATCH stage=decode rows=1 tokens=1 us=1198
BATCH stage=decode rows=1 tokens=1 us=1191
BATCH stage=decode rows=1 tokens=1 us=1187
BATCH stage=decode rows=1 tokens=1 us=1191
BATCH stage=decode rows=1 tokens=1 us=1196
BATCH stage=decode rows=1 tokens=1 us=1202
BATCH stage=decode rows=1 tokens=1 us=1198
BATCH stage=decode rows=1 tokens=1 us=1192
BATCH stage=decode rows=1 tokens=1 us=1187
BATCH stage=decode rows=1 tokens=1 us=1203
BATCH stage=decode rows=1 tokens=1 us=1202
BATCH stage=decode rows=1 tokens=1 us=1202
BATCH stage=decode rows=1 tokens=1 us=1211
BATCH stage=decode rows=1 tokens=1 us=1213
BATCH stage=decode rows=1 tokens=1 us=1197
BATCH stage=decode rows=1 tokens=1 us=1211
BATCH stage=decode rows=1 tokens=1 us=1210
BATCH stage=decode rows=1 tokens=1 us=1199
BATCH stage=decode rows=1 tokens=1 us=1206
BATCH stage=decode rows=1 tokens=1 us=1200
BATCH stage=decode rows=1 tokens=1 us=1197
BATCH stage=decode rows=1 tokens=1 us=1205
BATCH stage=decode rows=1 tokens=1 us=1210
BATCH stage=decode rows=1 tokens=1 us=1218
BATCH stage=decode rows=1 tokens=1 us=1213
BATCH stage=decode rows=1 tokens=1 us=1212
BATCH stage=decode rows=1 tokens=1 us=1199
BATCH stage=decode rows=1 tokens=1 us=1209
BATCH stage=decode rows=1 tokens=1 us=1220
BATCH stage=decode rows=1 tokens=1 us=1205
BATCH stage=decode rows=1 tokens=1 us=1209
BATCH stage=decode rows=1 tokens=1 us=1209
BATCH stage=decode rows=1 tokens=1 us=1212
BATCH stage=decode rows=1 tokens=1 us=1211
BATCH stage=decode rows=1 tokens=1 us=1220
BATCH stage=decode rows=1 tokens=1 us=1209
BATCH stage=decode rows=1 tokens=1 us=1201
BATCH stage=decode rows=1 tokens=1 us=1200
BATCH stage=decode rows=1 tokens=1 us=1200
BATCH stage=decode rows=1 tokens=1 us=1214
BATCH stage=decode rows=1 tokens=1 us=1214
BATCH stage=decode rows=1 tokens=1 us=1212
BATCH stage=decode rows=1 tokens=1 us=1250
BATCH stage=decode rows=1 tokens=1 us=1264
BATCH stage=decode rows=1 tokens=1 us=1260
BATCH stage=decode rows=1 tokens=1 us=1256
BATCH stage=decode rows=1 tokens=1 us=1268
BATCH stage=decode rows=1 tokens=1 us=1262
BATCH stage=decode rows=1 tokens=1 us=1262
BATCH stage=decode rows=1 tokens=1 us=1257
BATCH stage=decode rows=1 tokens=1 us=1257
BATCH stage=decode rows=1 tokens=1 us=1260
BATCH stage=decode rows=1 tokens=1 us=1260
BATCH stage=decode rows=1 tokens=1 us=1263
BATCH stage=decode rows=1 tokens=1 us=1271
riley graceful shutdown requested by stdin
