RILEY_GRAPH prepared=true policy=Require fallback=false gpu_iteration_timing=false numerics=variable-smol-v3
riley listening on http://127.0.0.1:39023 (graceful_signals=SIGINT,SIGTERM graceful_stdin_shutdown=true)
BATCH stage=prefill rows=1 tokens=128 us=3227 encode_us=2 native_us=3171 validate_us=53
BATCH stage=decode rows=1 tokens=1 us=1308 encode_us=1 native_us=1257 validate_us=49
BATCH stage=prefill rows=1 tokens=398 us=6811 encode_us=2 native_us=6760 validate_us=48
BATCH stage=decode rows=2 tokens=2 us=1414 encode_us=1 native_us=1346 validate_us=65
BATCH stage=prefill rows=1 tokens=16 us=2583 encode_us=1 native_us=2533 validate_us=48
BATCH stage=decode rows=3 tokens=3 us=1430 encode_us=2 native_us=1343 validate_us=84
BATCH stage=prefill rows=1 tokens=16 us=2561 encode_us=1 native_us=2520 validate_us=40
BATCH stage=decode rows=4 tokens=4 us=1442 encode_us=1 native_us=1339 validate_us=101
BATCH stage=prefill rows=1 tokens=16 us=2559 encode_us=1 native_us=2519 validate_us=38
BATCH stage=decode rows=5 tokens=5 us=1458 encode_us=2 native_us=1335 validate_us=120
BATCH stage=prefill rows=1 tokens=398 us=6791 encode_us=2 native_us=6748 validate_us=40
BATCH stage=decode rows=6 tokens=6 us=1510 encode_us=3 native_us=1364 validate_us=142
BATCH stage=prefill rows=1 tokens=128 us=3054 encode_us=1 native_us=3012 validate_us=39
BATCH stage=decode rows=7 tokens=7 us=1532 encode_us=3 native_us=1365 validate_us=163
BATCH stage=prefill rows=1 tokens=398 us=6790 encode_us=3 native_us=6744 validate_us=43
BATCH stage=decode rows=8 tokens=8 us=1579 encode_us=7 native_us=1387 validate_us=185
BATCH stage=prefill rows=1 tokens=128 us=3060 encode_us=2 native_us=3017 validate_us=40
BATCH stage=decode rows=9 tokens=9 us=1611 encode_us=6 native_us=1400 validate_us=205
BATCH stage=prefill rows=1 tokens=398 us=6763 encode_us=3 native_us=6718 validate_us=40
BATCH stage=decode rows=10 tokens=10 us=1654 encode_us=8 native_us=1419 validate_us=226
BATCH stage=prefill rows=1 tokens=16 us=2571 encode_us=3 native_us=2527 validate_us=40
BATCH stage=decode rows=11 tokens=11 us=1684 encode_us=9 native_us=1425 validate_us=249
BATCH stage=prefill rows=1 tokens=128 us=3067 encode_us=3 native_us=3023 validate_us=40
BATCH stage=decode rows=12 tokens=12 us=1711 encode_us=8 native_us=1433 validate_us=269
BATCH stage=prefill rows=1 tokens=128 us=3059 encode_us=3 native_us=3015 validate_us=40
BATCH stage=decode rows=13 tokens=13 us=1725 encode_us=8 native_us=1424 validate_us=293
BATCH stage=prefill rows=1 tokens=16 us=2571 encode_us=3 native_us=2527 validate_us=40
BATCH stage=decode rows=14 tokens=14 us=1748 encode_us=8 native_us=1431 validate_us=308
BATCH stage=prefill rows=1 tokens=398 us=6786 encode_us=5 native_us=6731 validate_us=50
BATCH stage=decode rows=15 tokens=15 us=1814 encode_us=10 native_us=1470 validate_us=332
BATCH stage=prefill rows=1 tokens=16 us=2578 encode_us=4 native_us=2528 validate_us=45
BATCH stage=decode rows=16 tokens=16 us=1838 encode_us=9 native_us=1474 validate_us=353
BATCH stage=decode rows=16 tokens=16 us=1848 encode_us=16 native_us=1471 validate_us=360
BATCH stage=decode rows=16 tokens=16 us=1842 encode_us=12 native_us=1470 validate_us=358
BATCH stage=decode rows=16 tokens=16 us=1843 encode_us=14 native_us=1473 validate_us=356
BATCH stage=decode rows=16 tokens=16 us=1855 encode_us=15 native_us=1482 validate_us=357
BATCH stage=decode rows=16 tokens=16 us=1858 encode_us=15 native_us=1486 validate_us=357
BATCH stage=decode rows=16 tokens=16 us=1843 encode_us=11 native_us=1477 validate_us=354
BATCH stage=decode rows=16 tokens=16 us=1855 encode_us=15 native_us=1480 validate_us=360
BATCH stage=decode rows=16 tokens=16 us=1855 encode_us=14 native_us=1481 validate_us=359
BATCH stage=decode rows=16 tokens=16 us=1850 encode_us=13 native_us=1478 validate_us=358
BATCH stage=decode rows=16 tokens=16 us=1862 encode_us=16 native_us=1484 validate_us=360
BATCH stage=decode rows=16 tokens=16 us=1854 encode_us=12 native_us=1485 validate_us=357
BATCH stage=decode rows=16 tokens=16 us=1846 encode_us=11 native_us=1479 validate_us=356
BATCH stage=decode rows=16 tokens=16 us=1853 encode_us=11 native_us=1487 validate_us=355
BATCH stage=decode rows=16 tokens=16 us=1867 encode_us=15 native_us=1489 validate_us=361
BATCH stage=decode rows=16 tokens=16 us=1862 encode_us=12 native_us=1491 validate_us=358
BATCH stage=decode rows=16 tokens=16 us=1857 encode_us=16 native_us=1483 validate_us=357
BATCH stage=decode rows=16 tokens=16 us=1884 encode_us=22 native_us=1500 validate_us=360
BATCH stage=decode rows=15 tokens=15 us=1835 encode_us=21 native_us=1474 validate_us=340
BATCH stage=prefill rows=1 tokens=128 us=3087 encode_us=9 native_us=3027 validate_us=50
BATCH stage=decode rows=15 tokens=15 us=1845 encode_us=20 native_us=1484 validate_us=341
BATCH stage=prefill rows=1 tokens=398 us=6825 encode_us=8 native_us=6757 validate_us=59
BATCH stage=decode rows=15 tokens=15 us=1876 encode_us=26 native_us=1506 validate_us=343
BATCH stage=prefill rows=1 tokens=16 us=2588 encode_us=5 native_us=2528 validate_us=54
BATCH stage=decode rows=16 tokens=16 us=1879 encode_us=16 native_us=1503 validate_us=359
BATCH stage=decode rows=16 tokens=16 us=1884 encode_us=18 native_us=1505 validate_us=360
BATCH stage=decode rows=16 tokens=16 us=1873 encode_us=17 native_us=1497 validate_us=358
BATCH stage=decode rows=16 tokens=16 us=1871 encode_us=17 native_us=1491 validate_us=362
BATCH stage=decode rows=16 tokens=16 us=1870 encode_us=17 native_us=1494 validate_us=358
BATCH stage=decode rows=15 tokens=15 us=1833 encode_us=16 native_us=1478 validate_us=338
BATCH stage=prefill rows=1 tokens=128 us=3074 encode_us=8 native_us=3012 validate_us=52
BATCH stage=decode rows=16 tokens=16 us=1880 encode_us=21 native_us=1494 validate_us=364
BATCH stage=decode rows=16 tokens=16 us=1875 encode_us=17 native_us=1494 validate_us=363
BATCH stage=decode rows=15 tokens=15 us=1850 encode_us=16 native_us=1493 validate_us=341
BATCH stage=prefill rows=1 tokens=398 us=6811 encode_us=11 native_us=6740 validate_us=59
BATCH stage=decode rows=16 tokens=16 us=1914 encode_us=25 native_us=1521 validate_us=367
BATCH stage=decode rows=15 tokens=15 us=1868 encode_us=22 native_us=1500 validate_us=344
BATCH stage=prefill rows=1 tokens=16 us=2578 encode_us=7 native_us=2524 validate_us=46
BATCH stage=decode rows=16 tokens=16 us=1891 encode_us=22 native_us=1502 validate_us=366
BATCH stage=decode rows=16 tokens=16 us=1890 encode_us=23 native_us=1500 validate_us=365
BATCH stage=decode rows=16 tokens=16 us=1898 encode_us=18 native_us=1504 validate_us=375
BATCH stage=decode rows=16 tokens=16 us=1887 encode_us=19 native_us=1505 validate_us=363
BATCH stage=decode rows=16 tokens=16 us=1893 encode_us=21 native_us=1507 validate_us=364
BATCH stage=decode rows=16 tokens=16 us=1901 encode_us=21 native_us=1516 validate_us=363
BATCH stage=decode rows=16 tokens=16 us=1887 encode_us=18 native_us=1508 validate_us=360
BATCH stage=decode rows=16 tokens=16 us=1887 encode_us=17 native_us=1509 validate_us=360
BATCH stage=decode rows=16 tokens=16 us=1899 encode_us=21 native_us=1514 validate_us=363
BATCH stage=decode rows=16 tokens=16 us=1883 encode_us=18 native_us=1505 validate_us=360
BATCH stage=decode rows=16 tokens=16 us=1894 encode_us=16 native_us=1512 validate_us=364
BATCH stage=decode rows=16 tokens=16 us=1889 encode_us=19 native_us=1507 validate_us=362
BATCH stage=decode rows=16 tokens=16 us=1890 encode_us=18 native_us=1511 validate_us=360
BATCH stage=decode rows=16 tokens=16 us=1894 encode_us=19 native_us=1510 validate_us=364
BATCH stage=decode rows=16 tokens=16 us=1894 encode_us=17 native_us=1517 validate_us=359
BATCH stage=decode rows=16 tokens=16 us=1896 encode_us=19 native_us=1515 validate_us=361
BATCH stage=decode rows=15 tokens=15 us=1869 encode_us=24 native_us=1498 validate_us=345
BATCH stage=prefill rows=1 tokens=128 us=3062 encode_us=10 native_us=3004 validate_us=47
BATCH stage=decode rows=16 tokens=16 us=1899 encode_us=25 native_us=1506 validate_us=366
BATCH stage=decode rows=16 tokens=16 us=1895 encode_us=19 native_us=1515 validate_us=361
BATCH stage=decode rows=16 tokens=16 us=1896 encode_us=18 native_us=1515 validate_us=362
BATCH stage=decode rows=15 tokens=15 us=1866 encode_us=23 native_us=1499 validate_us=343
BATCH stage=prefill rows=1 tokens=398 us=6787 encode_us=11 native_us=6724 validate_us=50
BATCH stage=decode rows=16 tokens=16 us=1941 encode_us=28 native_us=1542 validate_us=370
BATCH stage=decode rows=15 tokens=15 us=1887 encode_us=24 native_us=1515 validate_us=346
BATCH stage=prefill rows=1 tokens=16 us=2580 encode_us=8 native_us=2525 validate_us=47
BATCH stage=decode rows=16 tokens=16 us=1912 encode_us=22 native_us=1526 validate_us=363
BATCH stage=decode rows=15 tokens=15 us=1871 encode_us=23 native_us=1501 validate_us=346
BATCH stage=prefill rows=1 tokens=128 us=3070 encode_us=10 native_us=3011 validate_us=48
BATCH stage=decode rows=16 tokens=16 us=1904 encode_us=27 native_us=1508 validate_us=368
BATCH stage=decode rows=16 tokens=16 us=1902 encode_us=21 native_us=1514 validate_us=366
BATCH stage=decode rows=15 tokens=15 us=1876 encode_us=21 native_us=1497 validate_us=357
BATCH stage=prefill rows=1 tokens=398 us=6798 encode_us=16 native_us=6727 validate_us=54
BATCH stage=decode rows=15 tokens=15 us=1906 encode_us=33 native_us=1514 validate_us=357
BATCH stage=prefill rows=1 tokens=16 us=2584 encode_us=9 native_us=2523 validate_us=51
BATCH stage=decode rows=16 tokens=16 us=1906 encode_us=23 native_us=1519 validate_us=363
BATCH stage=decode rows=16 tokens=16 us=1915 encode_us=19 native_us=1523 validate_us=373
BATCH stage=decode rows=15 tokens=15 us=1884 encode_us=26 native_us=1507 validate_us=349
BATCH stage=prefill rows=1 tokens=128 us=3072 encode_us=11 native_us=3011 validate_us=49
BATCH stage=decode rows=16 tokens=16 us=1912 encode_us=29 native_us=1514 validate_us=368
BATCH stage=decode rows=16 tokens=16 us=1912 encode_us=23 native_us=1523 validate_us=365
BATCH stage=decode rows=16 tokens=16 us=1922 encode_us=25 native_us=1528 validate_us=368
BATCH stage=decode rows=16 tokens=16 us=1905 encode_us=22 native_us=1517 validate_us=364
BATCH stage=decode rows=16 tokens=16 us=1927 encode_us=27 native_us=1529 validate_us=369
BATCH stage=decode rows=16 tokens=16 us=1917 encode_us=20 native_us=1529 validate_us=367
BATCH stage=decode rows=16 tokens=16 us=1933 encode_us=23 native_us=1537 validate_us=372
BATCH stage=decode rows=16 tokens=16 us=1922 encode_us=23 native_us=1531 validate_us=368
BATCH stage=decode rows=16 tokens=16 us=1929 encode_us=25 native_us=1537 validate_us=366
BATCH stage=decode rows=16 tokens=16 us=1923 encode_us=24 native_us=1530 validate_us=368
BATCH stage=decode rows=16 tokens=16 us=1929 encode_us=24 native_us=1538 validate_us=366
BATCH stage=decode rows=16 tokens=16 us=1937 encode_us=28 native_us=1541 validate_us=368
BATCH stage=decode rows=16 tokens=16 us=1941 encode_us=25 native_us=1540 validate_us=375
BATCH stage=decode rows=16 tokens=16 us=1932 encode_us=26 native_us=1538 validate_us=367
BATCH stage=decode rows=16 tokens=16 us=1932 encode_us=25 native_us=1536 validate_us=370
BATCH stage=decode rows=16 tokens=16 us=1926 encode_us=20 native_us=1538 validate_us=366
BATCH stage=decode rows=16 tokens=16 us=1938 encode_us=28 native_us=1537 validate_us=372
BATCH stage=decode rows=16 tokens=16 us=1933 encode_us=24 native_us=1540 validate_us=367
BATCH stage=decode rows=15 tokens=15 us=1884 encode_us=23 native_us=1515 validate_us=346
BATCH stage=prefill rows=1 tokens=398 us=6811 encode_us=13 native_us=6735 validate_us=62
BATCH stage=decode rows=16 tokens=16 us=1972 encode_us=30 native_us=1569 validate_us=372
BATCH stage=decode rows=16 tokens=16 us=1959 encode_us=29 native_us=1556 validate_us=372
BATCH stage=decode rows=16 tokens=16 us=1955 encode_us=26 native_us=1555 validate_us=373
BATCH stage=decode rows=15 tokens=15 us=1933 encode_us=27 native_us=1557 validate_us=348
BATCH stage=prefill rows=1 tokens=16 us=2578 encode_us=9 native_us=2519 validate_us=49
BATCH stage=decode rows=16 tokens=16 us=1956 encode_us=27 native_us=1560 validate_us=368
BATCH stage=decode rows=16 tokens=16 us=1955 encode_us=26 native_us=1560 validate_us=368
BATCH stage=decode rows=16 tokens=16 us=1951 encode_us=23 native_us=1557 validate_us=370
BATCH stage=decode rows=15 tokens=15 us=1921 encode_us=27 native_us=1545 validate_us=348
BATCH stage=prefill rows=1 tokens=128 us=3073 encode_us=12 native_us=3009 validate_us=51
BATCH stage=decode rows=16 tokens=16 us=1953 encode_us=31 native_us=1552 validate_us=369
BATCH stage=decode rows=15 tokens=15 us=1926 encode_us=32 native_us=1541 validate_us=352
BATCH stage=prefill rows=1 tokens=398 us=6831 encode_us=15 native_us=6748 validate_us=67
BATCH stage=decode rows=16 tokens=16 us=1989 encode_us=32 native_us=1579 validate_us=376
BATCH stage=decode rows=16 tokens=16 us=1974 encode_us=26 native_us=1575 validate_us=371
BATCH stage=decode rows=16 tokens=16 us=1978 encode_us=25 native_us=1585 validate_us=367
BATCH stage=decode rows=16 tokens=16 us=1988 encode_us=31 native_us=1582 validate_us=374
BATCH stage=decode rows=16 tokens=16 us=1989 encode_us=29 native_us=1581 validate_us=377
BATCH stage=decode rows=16 tokens=16 us=1985 encode_us=29 native_us=1584 validate_us=370
BATCH stage=decode rows=16 tokens=16 us=1976 encode_us=26 native_us=1581 validate_us=368
BATCH stage=decode rows=16 tokens=16 us=2004 encode_us=37 native_us=1590 validate_us=376
BATCH stage=decode rows=16 tokens=16 us=1991 encode_us=28 native_us=1592 validate_us=370
BATCH stage=decode rows=16 tokens=16 us=1988 encode_us=28 native_us=1589 validate_us=370
BATCH stage=decode rows=16 tokens=16 us=1998 encode_us=32 native_us=1591 validate_us=375
BATCH stage=decode rows=16 tokens=16 us=1999 encode_us=36 native_us=1591 validate_us=371
BATCH stage=decode rows=16 tokens=16 us=2005 encode_us=33 native_us=1596 validate_us=375
BATCH stage=decode rows=16 tokens=16 us=1991 encode_us=29 native_us=1587 validate_us=373
BATCH stage=decode rows=16 tokens=16 us=2008 encode_us=33 native_us=1598 validate_us=375
BATCH stage=decode rows=16 tokens=16 us=1997 encode_us=29 native_us=1597 validate_us=370
BATCH stage=decode rows=16 tokens=16 us=2000 encode_us=28 native_us=1596 validate_us=375
BATCH stage=decode rows=16 tokens=16 us=2008 encode_us=37 native_us=1596 validate_us=374
BATCH stage=decode rows=16 tokens=16 us=1998 encode_us=26 native_us=1597 validate_us=375
BATCH stage=decode rows=15 tokens=15 us=1971 encode_us=31 native_us=1587 validate_us=352
BATCH stage=prefill rows=1 tokens=16 us=2586 encode_us=12 native_us=2523 validate_us=50
BATCH stage=decode rows=15 tokens=15 us=1953 encode_us=33 native_us=1566 validate_us=352
BATCH stage=prefill rows=1 tokens=128 us=3076 encode_us=10 native_us=3014 validate_us=51
BATCH stage=decode rows=16 tokens=16 us=1971 encode_us=27 native_us=1576 validate_us=367
BATCH stage=decode rows=16 tokens=16 us=1977 encode_us=27 native_us=1575 validate_us=373
BATCH stage=decode rows=16 tokens=16 us=1974 encode_us=23 native_us=1582 validate_us=369
BATCH stage=decode rows=15 tokens=15 us=1930 encode_us=29 native_us=1551 validate_us=349
BATCH stage=prefill rows=1 tokens=398 us=6806 encode_us=13 native_us=6732 validate_us=59
BATCH stage=decode rows=15 tokens=15 us=1958 encode_us=31 native_us=1575 validate_us=350
BATCH stage=prefill rows=1 tokens=16 us=2581 encode_us=8 native_us=2523 validate_us=49
BATCH stage=decode rows=15 tokens=15 us=1925 encode_us=30 native_us=1543 validate_us=351
BATCH stage=prefill rows=1 tokens=128 us=3079 encode_us=10 native_us=3019 validate_us=49
BATCH stage=decode rows=15 tokens=15 us=1917 encode_us=32 native_us=1534 validate_us=350
BATCH stage=prefill rows=1 tokens=398 us=6792 encode_us=9 native_us=6729 validate_us=53
BATCH stage=decode rows=15 tokens=15 us=1924 encode_us=30 native_us=1547 validate_us=346
BATCH stage=prefill rows=1 tokens=16 us=2573 encode_us=7 native_us=2517 validate_us=47
BATCH stage=decode rows=16 tokens=16 us=1933 encode_us=21 native_us=1550 validate_us=362
BATCH stage=decode rows=16 tokens=16 us=1939 encode_us=24 native_us=1547 validate_us=367
BATCH stage=decode rows=16 tokens=16 us=1927 encode_us=20 native_us=1544 validate_us=362
BATCH stage=decode rows=16 tokens=16 us=1952 encode_us=30 native_us=1557 validate_us=364
BATCH stage=decode rows=15 tokens=15 us=1870 encode_us=23 native_us=1502 validate_us=344
BATCH stage=prefill rows=1 tokens=128 us=3071 encode_us=10 native_us=3011 validate_us=49
BATCH stage=decode rows=15 tokens=15 us=1874 encode_us=26 native_us=1501 validate_us=346
BATCH stage=prefill rows=1 tokens=398 us=6778 encode_us=10 native_us=6717 validate_us=50
BATCH stage=decode rows=16 tokens=16 us=1925 encode_us=26 native_us=1533 validate_us=365
BATCH stage=decode rows=16 tokens=16 us=1917 encode_us=24 native_us=1531 validate_us=361
BATCH stage=decode rows=16 tokens=16 us=1922 encode_us=22 native_us=1533 validate_us=366
BATCH stage=decode rows=16 tokens=16 us=1912 encode_us=18 native_us=1533 validate_us=360
BATCH stage=decode rows=16 tokens=16 us=1909 encode_us=16 native_us=1532 validate_us=360
BATCH stage=decode rows=16 tokens=16 us=1918 encode_us=22 native_us=1530 validate_us=364
BATCH stage=decode rows=16 tokens=16 us=1947 encode_us=24 native_us=1553 validate_us=369
BATCH stage=decode rows=16 tokens=16 us=1946 encode_us=23 native_us=1556 validate_us=366
BATCH stage=decode rows=16 tokens=16 us=1956 encode_us=27 native_us=1557 validate_us=371
BATCH stage=decode rows=16 tokens=16 us=1937 encode_us=18 native_us=1558 validate_us=360
BATCH stage=decode rows=16 tokens=16 us=1942 encode_us=21 native_us=1554 validate_us=366
BATCH stage=decode rows=16 tokens=16 us=1950 encode_us=26 native_us=1555 validate_us=368
BATCH stage=decode rows=16 tokens=16 us=1940 encode_us=21 native_us=1554 validate_us=364
BATCH stage=decode rows=16 tokens=16 us=1944 encode_us=22 native_us=1553 validate_us=367
BATCH stage=decode rows=16 tokens=16 us=1949 encode_us=23 native_us=1560 validate_us=364
BATCH stage=decode rows=16 tokens=16 us=1942 encode_us=20 native_us=1556 validate_us=364
BATCH stage=decode rows=15 tokens=15 us=1934 encode_us=33 native_us=1546 validate_us=354
BATCH stage=prefill rows=1 tokens=16 us=2577 encode_us=8 native_us=2523 validate_us=45
BATCH stage=decode rows=16 tokens=16 us=1942 encode_us=24 native_us=1554 validate_us=363
BATCH stage=decode rows=16 tokens=16 us=1957 encode_us=24 native_us=1562 validate_us=370
BATCH stage=decode rows=15 tokens=15 us=1904 encode_us=26 native_us=1529 validate_us=348
BATCH stage=prefill rows=1 tokens=128 us=3072 encode_us=11 native_us=3012 validate_us=48
BATCH stage=decode rows=16 tokens=16 us=1928 encode_us=25 native_us=1539 validate_us=363
BATCH stage=decode rows=16 tokens=16 us=1920 encode_us=21 native_us=1536 validate_us=362
BATCH stage=decode rows=15 tokens=15 us=1901 encode_us=25 native_us=1525 validate_us=350
BATCH stage=prefill rows=1 tokens=398 us=6795 encode_us=12 native_us=6723 validate_us=59
BATCH stage=decode rows=16 tokens=16 us=1971 encode_us=31 native_us=1574 validate_us=366
BATCH stage=decode rows=16 tokens=16 us=1953 encode_us=22 native_us=1563 validate_us=367
BATCH stage=decode rows=15 tokens=15 us=1944 encode_us=27 native_us=1559 validate_us=357
BATCH stage=prefill rows=1 tokens=16 us=2582 encode_us=10 native_us=2520 validate_us=51
BATCH stage=decode rows=15 tokens=15 us=1929 encode_us=29 native_us=1548 validate_us=350
BATCH stage=prefill rows=1 tokens=128 us=3068 encode_us=9 native_us=3012 validate_us=46
BATCH stage=decode rows=16 tokens=16 us=1948 encode_us=26 native_us=1554 validate_us=366
BATCH stage=decode rows=16 tokens=16 us=1944 encode_us=24 native_us=1556 validate_us=363
BATCH stage=decode rows=15 tokens=15 us=1873 encode_us=26 native_us=1499 validate_us=347
BATCH stage=prefill rows=1 tokens=398 us=6796 encode_us=15 native_us=6724 validate_us=56
BATCH stage=decode rows=16 tokens=16 us=1936 encode_us=26 native_us=1544 validate_us=365
BATCH stage=decode rows=16 tokens=16 us=1941 encode_us=26 native_us=1543 validate_us=371
BATCH stage=decode rows=16 tokens=16 us=1933 encode_us=20 native_us=1546 validate_us=366
BATCH stage=decode rows=16 tokens=16 us=1935 encode_us=27 native_us=1542 validate_us=364
BATCH stage=decode rows=16 tokens=16 us=1939 encode_us=28 native_us=1541 validate_us=369
BATCH stage=decode rows=16 tokens=16 us=1938 encode_us=20 native_us=1555 validate_us=362
BATCH stage=decode rows=16 tokens=16 us=1923 encode_us=20 native_us=1541 validate_us=361
BATCH stage=decode rows=16 tokens=16 us=1940 encode_us=24 native_us=1548 validate_us=367
BATCH stage=decode rows=16 tokens=16 us=1925 encode_us=19 native_us=1543 validate_us=362
BATCH stage=decode rows=16 tokens=16 us=1942 encode_us=19 native_us=1554 validate_us=368
BATCH stage=decode rows=16 tokens=16 us=1948 encode_us=22 native_us=1560 validate_us=365
BATCH stage=decode rows=16 tokens=16 us=1942 encode_us=18 native_us=1559 validate_us=364
BATCH stage=decode rows=16 tokens=16 us=1952 encode_us=23 native_us=1559 validate_us=369
BATCH stage=decode rows=16 tokens=16 us=1957 encode_us=25 native_us=1564 validate_us=367
BATCH stage=decode rows=16 tokens=16 us=1943 encode_us=21 native_us=1561 validate_us=361
BATCH stage=decode rows=16 tokens=16 us=1951 encode_us=23 native_us=1562 validate_us=365
BATCH stage=decode rows=16 tokens=16 us=1961 encode_us=31 native_us=1565 validate_us=364
BATCH stage=decode rows=16 tokens=16 us=1965 encode_us=31 native_us=1565 validate_us=368
BATCH stage=decode rows=15 tokens=15 us=1932 encode_us=27 native_us=1555 validate_us=349
BATCH stage=prefill rows=1 tokens=16 us=2581 encode_us=9 native_us=2523 validate_us=47
BATCH stage=decode rows=15 tokens=15 us=1922 encode_us=29 native_us=1539 validate_us=352
BATCH stage=prefill rows=1 tokens=128 us=3075 encode_us=12 native_us=3016 validate_us=46
BATCH stage=decode rows=16 tokens=16 us=1956 encode_us=25 native_us=1561 validate_us=370
BATCH stage=decode rows=16 tokens=16 us=1942 encode_us=21 native_us=1556 validate_us=364
BATCH stage=decode rows=15 tokens=15 us=1906 encode_us=33 native_us=1525 validate_us=347
BATCH stage=prefill rows=1 tokens=398 us=6788 encode_us=12 native_us=6725 validate_us=51
BATCH stage=decode rows=16 tokens=16 us=1965 encode_us=28 native_us=1566 validate_us=369
BATCH stage=decode rows=16 tokens=16 us=1949 encode_us=25 native_us=1557 validate_us=367
BATCH stage=decode rows=15 tokens=15 us=1914 encode_us=25 native_us=1543 validate_us=344
BATCH stage=prefill rows=1 tokens=16 us=2574 encode_us=8 native_us=2519 validate_us=46
BATCH stage=decode rows=16 tokens=16 us=1941 encode_us=25 native_us=1552 validate_us=364
BATCH stage=decode rows=15 tokens=15 us=1904 encode_us=19 native_us=1541 validate_us=343
BATCH stage=prefill rows=1 tokens=128 us=3075 encode_us=10 native_us=3015 validate_us=48
BATCH stage=decode rows=16 tokens=16 us=1946 encode_us=28 native_us=1549 validate_us=368
BATCH stage=decode rows=15 tokens=15 us=1876 encode_us=26 native_us=1501 validate_us=348
BATCH stage=prefill rows=1 tokens=398 us=6800 encode_us=11 native_us=6731 validate_us=56
BATCH stage=decode rows=16 tokens=16 us=1944 encode_us=26 native_us=1552 validate_us=365
BATCH stage=decode rows=16 tokens=16 us=1927 encode_us=19 native_us=1545 validate_us=362
BATCH stage=decode rows=15 tokens=15 us=1900 encode_us=27 native_us=1524 validate_us=348
BATCH stage=prefill rows=1 tokens=16 us=2579 encode_us=7 native_us=2521 validate_us=49
BATCH stage=decode rows=16 tokens=16 us=1918 encode_us=20 native_us=1533 validate_us=364
BATCH stage=decode rows=16 tokens=16 us=1925 encode_us=25 native_us=1533 validate_us=366
BATCH stage=decode rows=16 tokens=16 us=1919 encode_us=22 native_us=1535 validate_us=361
BATCH stage=decode rows=16 tokens=16 us=1921 encode_us=21 native_us=1534 validate_us=365
BATCH stage=decode rows=16 tokens=16 us=1913 encode_us=18 native_us=1534 validate_us=361
BATCH stage=decode rows=16 tokens=16 us=1927 encode_us=23 native_us=1538 validate_us=365
BATCH stage=decode rows=16 tokens=16 us=1944 encode_us=31 native_us=1549 validate_us=363
BATCH stage=decode rows=16 tokens=16 us=1930 encode_us=18 native_us=1550 validate_us=361
BATCH stage=decode rows=16 tokens=16 us=1936 encode_us=23 native_us=1548 validate_us=364
BATCH stage=decode rows=16 tokens=16 us=1937 encode_us=24 native_us=1546 validate_us=366
BATCH stage=decode rows=16 tokens=16 us=1952 encode_us=24 native_us=1555 validate_us=372
BATCH stage=decode rows=16 tokens=16 us=1940 encode_us=25 native_us=1550 validate_us=364
BATCH stage=decode rows=16 tokens=16 us=1937 encode_us=20 native_us=1554 validate_us=362
BATCH stage=decode rows=16 tokens=16 us=1945 encode_us=18 native_us=1556 validate_us=369
BATCH stage=decode rows=16 tokens=16 us=1944 encode_us=22 native_us=1556 validate_us=366
BATCH stage=decode rows=16 tokens=16 us=1943 encode_us=23 native_us=1555 validate_us=364
BATCH stage=decode rows=16 tokens=16 us=1951 encode_us=26 native_us=1555 validate_us=369
BATCH stage=decode rows=15 tokens=15 us=1926 encode_us=27 native_us=1549 validate_us=349
BATCH stage=prefill rows=1 tokens=128 us=3072 encode_us=12 native_us=3010 validate_us=49
BATCH stage=decode rows=16 tokens=16 us=1959 encode_us=28 native_us=1563 validate_us=367
BATCH stage=decode rows=15 tokens=15 us=1903 encode_us=31 native_us=1523 validate_us=347
BATCH stage=prefill rows=1 tokens=398 us=6782 encode_us=12 native_us=6717 validate_us=52
BATCH stage=decode rows=15 tokens=15 us=1923 encode_us=26 native_us=1549 validate_us=347
BATCH stage=prefill rows=1 tokens=16 us=2606 encode_us=17 native_us=2534 validate_us=54
BATCH stage=decode rows=16 tokens=16 us=1963 encode_us=30 native_us=1560 validate_us=372
BATCH stage=decode rows=16 tokens=16 us=1939 encode_us=23 native_us=1550 validate_us=365
BATCH stage=decode rows=16 tokens=16 us=1937 encode_us=19 native_us=1556 validate_us=361
BATCH stage=decode rows=15 tokens=15 us=1924 encode_us=22 native_us=1540 validate_us=362
BATCH stage=prefill rows=1 tokens=128 us=3091 encode_us=11 native_us=3028 validate_us=51
BATCH stage=decode rows=16 tokens=16 us=1952 encode_us=27 native_us=1558 validate_us=366
BATCH stage=decode rows=16 tokens=16 us=1939 encode_us=21 native_us=1553 validate_us=364
BATCH stage=decode rows=15 tokens=15 us=1910 encode_us=30 native_us=1531 validate_us=348
BATCH stage=prefill rows=1 tokens=398 us=6810 encode_us=14 native_us=6741 validate_us=55
BATCH stage=decode rows=16 tokens=16 us=1982 encode_us=33 native_us=1576 validate_us=373
BATCH stage=decode rows=15 tokens=15 us=1913 encode_us=25 native_us=1538 validate_us=348
BATCH stage=prefill rows=1 tokens=16 us=2587 encode_us=8 native_us=2533 validate_us=45
BATCH stage=decode rows=16 tokens=16 us=1925 encode_us=24 native_us=1536 validate_us=363
BATCH stage=decode rows=15 tokens=15 us=1896 encode_us=24 native_us=1525 validate_us=346
BATCH stage=prefill rows=1 tokens=128 us=3085 encode_us=11 native_us=3021 validate_us=51
BATCH stage=decode rows=16 tokens=16 us=1938 encode_us=27 native_us=1544 validate_us=366
BATCH stage=decode rows=16 tokens=16 us=1925 encode_us=21 native_us=1539 validate_us=363
BATCH stage=decode rows=16 tokens=16 us=1926 encode_us=23 native_us=1538 validate_us=363
BATCH stage=decode rows=16 tokens=16 us=1921 encode_us=20 native_us=1537 validate_us=363
BATCH stage=decode rows=16 tokens=16 us=1938 encode_us=21 native_us=1546 validate_us=370
BATCH stage=decode rows=16 tokens=16 us=1929 encode_us=21 native_us=1541 validate_us=366
BATCH stage=decode rows=16 tokens=16 us=1924 encode_us=19 native_us=1538 validate_us=366
BATCH stage=decode rows=16 tokens=16 us=1920 encode_us=19 native_us=1538 validate_us=362
BATCH stage=decode rows=16 tokens=16 us=1923 encode_us=17 native_us=1542 validate_us=363
BATCH stage=decode rows=16 tokens=16 us=1953 encode_us=25 native_us=1555 validate_us=372
BATCH stage=decode rows=16 tokens=16 us=1946 encode_us=26 native_us=1555 validate_us=365
BATCH stage=decode rows=16 tokens=16 us=1940 encode_us=20 native_us=1556 validate_us=362
BATCH stage=decode rows=16 tokens=16 us=1939 encode_us=20 native_us=1556 validate_us=362
BATCH stage=decode rows=16 tokens=16 us=1941 encode_us=23 native_us=1555 validate_us=362
BATCH stage=decode rows=16 tokens=16 us=1952 encode_us=24 native_us=1564 validate_us=362
BATCH stage=decode rows=16 tokens=16 us=1945 encode_us=21 native_us=1557 validate_us=366
BATCH stage=decode rows=16 tokens=16 us=1952 encode_us=24 native_us=1561 validate_us=366
BATCH stage=decode rows=16 tokens=16 us=1945 encode_us=20 native_us=1561 validate_us=363
BATCH stage=decode rows=15 tokens=15 us=1944 encode_us=41 native_us=1549 validate_us=353
BATCH stage=prefill rows=1 tokens=398 us=6807 encode_us=18 native_us=6735 validate_us=54
BATCH stage=decode rows=16 tokens=16 us=1998 encode_us=37 native_us=1587 validate_us=372
BATCH stage=decode rows=15 tokens=15 us=1954 encode_us=30 native_us=1572 validate_us=351
BATCH stage=prefill rows=1 tokens=16 us=2580 encode_us=9 native_us=2524 validate_us=47
BATCH stage=decode rows=16 tokens=16 us=1976 encode_us=27 native_us=1576 validate_us=372
BATCH stage=decode rows=15 tokens=15 us=1922 encode_us=26 native_us=1548 validate_us=347
BATCH stage=prefill rows=1 tokens=128 us=3072 encode_us=11 native_us=3014 validate_us=46
BATCH stage=decode rows=16 tokens=16 us=1948 encode_us=26 native_us=1554 validate_us=366
BATCH stage=decode rows=16 tokens=16 us=1939 encode_us=20 native_us=1556 validate_us=362
BATCH stage=decode rows=15 tokens=15 us=1894 encode_us=24 native_us=1523 validate_us=346
BATCH stage=prefill rows=1 tokens=398 us=6821 encode_us=11 native_us=6759 validate_us=50
BATCH stage=decode rows=15 tokens=15 us=1924 encode_us=27 native_us=1550 validate_us=346
BATCH stage=prefill rows=1 tokens=16 us=2575 encode_us=8 native_us=2521 validate_us=45
BATCH stage=decode rows=16 tokens=16 us=1934 encode_us=20 native_us=1547 validate_us=366
BATCH stage=decode rows=16 tokens=16 us=1944 encode_us=18 native_us=1549 validate_us=376
BATCH stage=decode rows=15 tokens=15 us=1910 encode_us=25 native_us=1539 validate_us=345
BATCH stage=prefill rows=1 tokens=128 us=3079 encode_us=11 native_us=3017 validate_us=49
BATCH stage=decode rows=16 tokens=16 us=1946 encode_us=28 native_us=1548 validate_us=369
BATCH stage=decode rows=16 tokens=16 us=1949 encode_us=24 native_us=1554 validate_us=370
BATCH stage=decode rows=15 tokens=15 us=1877 encode_us=25 native_us=1507 validate_us=344
BATCH stage=prefill rows=1 tokens=398 us=6783 encode_us=12 native_us=6719 validate_us=51
BATCH stage=decode rows=16 tokens=16 us=1944 encode_us=26 native_us=1549 validate_us=368
BATCH stage=decode rows=16 tokens=16 us=1929 encode_us=21 native_us=1540 validate_us=367
BATCH stage=decode rows=16 tokens=16 us=1942 encode_us=31 native_us=1543 validate_us=367
BATCH stage=decode rows=16 tokens=16 us=1926 encode_us=18 native_us=1546 validate_us=361
BATCH stage=decode rows=16 tokens=16 us=1928 encode_us=19 native_us=1545 validate_us=363
BATCH stage=decode rows=16 tokens=16 us=1934 encode_us=22 native_us=1546 validate_us=365
BATCH stage=decode rows=16 tokens=16 us=1933 encode_us=21 native_us=1542 validate_us=369
BATCH stage=decode rows=16 tokens=16 us=1935 encode_us=21 native_us=1548 validate_us=364
BATCH stage=decode rows=16 tokens=16 us=1947 encode_us=18 native_us=1564 validate_us=364
BATCH stage=decode rows=16 tokens=16 us=1968 encode_us=31 native_us=1561 validate_us=375
BATCH stage=decode rows=16 tokens=16 us=1948 encode_us=20 native_us=1560 validate_us=368
BATCH stage=decode rows=16 tokens=16 us=1959 encode_us=19 native_us=1567 validate_us=371
BATCH stage=decode rows=16 tokens=16 us=1952 encode_us=20 native_us=1564 validate_us=367
BATCH stage=decode rows=16 tokens=16 us=1959 encode_us=24 native_us=1562 validate_us=372
BATCH stage=decode rows=16 tokens=16 us=1962 encode_us=23 native_us=1569 validate_us=368
BATCH stage=decode rows=16 tokens=16 us=1959 encode_us=20 native_us=1566 validate_us=371
BATCH stage=decode rows=15 tokens=15 us=1922 encode_us=26 native_us=1547 validate_us=348
BATCH stage=prefill rows=1 tokens=16 us=2582 encode_us=9 native_us=2524 validate_us=48
BATCH stage=decode rows=16 tokens=16 us=1951 encode_us=21 native_us=1561 validate_us=368
BATCH stage=decode rows=16 tokens=16 us=1947 encode_us=22 native_us=1558 validate_us=366
BATCH stage=decode rows=15 tokens=15 us=1927 encode_us=27 native_us=1552 validate_us=347
BATCH stage=prefill rows=1 tokens=128 us=3086 encode_us=11 native_us=3022 validate_us=53
BATCH stage=decode rows=16 tokens=16 us=1956 encode_us=29 native_us=1558 validate_us=368
BATCH stage=decode rows=16 tokens=16 us=1946 encode_us=22 native_us=1558 validate_us=365
BATCH stage=decode rows=15 tokens=15 us=1914 encode_us=26 native_us=1534 validate_us=352
BATCH stage=prefill rows=1 tokens=398 us=6852 encode_us=12 native_us=6775 validate_us=63
BATCH stage=decode rows=15 tokens=15 us=1933 encode_us=28 native_us=1557 validate_us=348
BATCH stage=prefill rows=1 tokens=16 us=2584 encode_us=9 native_us=2523 validate_us=51
BATCH stage=decode rows=16 tokens=16 us=1940 encode_us=19 native_us=1558 validate_us=362
BATCH stage=decode rows=15 tokens=15 us=1920 encode_us=23 native_us=1546 validate_us=350
BATCH stage=prefill rows=1 tokens=128 us=3085 encode_us=11 native_us=3021 validate_us=52
BATCH stage=decode rows=16 tokens=16 us=1945 encode_us=27 native_us=1551 validate_us=366
BATCH stage=decode rows=16 tokens=16 us=1957 encode_us=29 native_us=1561 validate_us=365
BATCH stage=decode rows=16 tokens=16 us=1945 encode_us=27 native_us=1554 validate_us=363
BATCH stage=decode rows=15 tokens=15 us=1879 encode_us=25 native_us=1504 validate_us=349
BATCH stage=prefill rows=1 tokens=398 us=6805 encode_us=12 native_us=6741 validate_us=50
BATCH stage=decode rows=15 tokens=15 us=1911 encode_us=27 native_us=1534 validate_us=348
BATCH stage=prefill rows=1 tokens=16 us=2580 encode_us=7 native_us=2525 validate_us=47
BATCH stage=decode rows=16 tokens=16 us=1920 encode_us=21 native_us=1536 validate_us=362
BATCH stage=decode rows=16 tokens=16 us=1921 encode_us=21 native_us=1538 validate_us=361
BATCH stage=decode rows=16 tokens=16 us=1937 encode_us=31 native_us=1539 validate_us=366
BATCH stage=decode rows=16 tokens=16 us=1920 encode_us=24 native_us=1533 validate_us=363
BATCH stage=decode rows=16 tokens=16 us=1933 encode_us=23 native_us=1540 validate_us=369
BATCH stage=decode rows=16 tokens=16 us=1925 encode_us=21 native_us=1537 validate_us=366
BATCH stage=decode rows=16 tokens=16 us=1924 encode_us=19 native_us=1540 validate_us=364
BATCH stage=decode rows=16 tokens=16 us=1934 encode_us=27 native_us=1540 validate_us=365
BATCH stage=decode rows=16 tokens=16 us=1929 encode_us=19 native_us=1548 validate_us=362
BATCH stage=decode rows=16 tokens=16 us=1940 encode_us=19 native_us=1557 validate_us=363
BATCH stage=decode rows=16 tokens=16 us=1941 encode_us=22 native_us=1554 validate_us=363
BATCH stage=decode rows=16 tokens=16 us=1942 encode_us=18 native_us=1553 validate_us=369
BATCH stage=decode rows=16 tokens=16 us=1943 encode_us=25 native_us=1550 validate_us=368
BATCH stage=decode rows=16 tokens=16 us=1933 encode_us=19 native_us=1550 validate_us=363
BATCH stage=decode rows=16 tokens=16 us=1943 encode_us=19 native_us=1554 validate_us=369
BATCH stage=decode rows=16 tokens=16 us=1949 encode_us=29 native_us=1554 validate_us=366
BATCH stage=decode rows=16 tokens=16 us=1955 encode_us=27 native_us=1566 validate_us=361
BATCH stage=decode rows=15 tokens=15 us=1920 encode_us=30 native_us=1546 validate_us=343
BATCH stage=prefill rows=1 tokens=128 us=3081 encode_us=12 native_us=3020 validate_us=48
BATCH stage=decode rows=16 tokens=16 us=1952 encode_us=27 native_us=1555 validate_us=368
BATCH stage=decode rows=16 tokens=16 us=1952 encode_us=29 native_us=1558 validate_us=364
BATCH stage=decode rows=16 tokens=16 us=1946 encode_us=22 native_us=1559 validate_us=364
BATCH stage=decode rows=15 tokens=15 us=1905 encode_us=34 native_us=1524 validate_us=346
BATCH stage=prefill rows=1 tokens=398 us=6779 encode_us=12 native_us=6717 validate_us=50
BATCH stage=decode rows=15 tokens=15 us=1920 encode_us=27 native_us=1546 validate_us=346
BATCH stage=prefill rows=1 tokens=16 us=2579 encode_us=7 native_us=2525 validate_us=46
BATCH stage=decode rows=16 tokens=16 us=1937 encode_us=22 native_us=1551 validate_us=363
BATCH stage=decode rows=15 tokens=15 us=1915 encode_us=22 native_us=1540 validate_us=351
BATCH stage=prefill rows=1 tokens=128 us=3079 encode_us=11 native_us=3017 validate_us=50
BATCH stage=decode rows=16 tokens=16 us=1954 encode_us=28 native_us=1552 validate_us=373
BATCH stage=decode rows=16 tokens=16 us=1946 encode_us=23 native_us=1555 validate_us=368
BATCH stage=decode rows=16 tokens=16 us=1946 encode_us=24 native_us=1553 validate_us=368
BATCH stage=decode rows=15 tokens=15 us=1883 encode_us=27 native_us=1507 validate_us=348
BATCH stage=prefill rows=1 tokens=398 us=6798 encode_us=12 native_us=6734 validate_us=51
BATCH stage=decode rows=15 tokens=15 us=1897 encode_us=25 native_us=1527 validate_us=345
BATCH stage=prefill rows=1 tokens=16 us=2572 encode_us=6 native_us=2518 validate_us=47
BATCH stage=decode rows=16 tokens=16 us=1912 encode_us=19 native_us=1530 validate_us=362
BATCH stage=decode rows=15 tokens=15 us=1892 encode_us=24 native_us=1520 validate_us=347
BATCH stage=prefill rows=1 tokens=128 us=3078 encode_us=10 native_us=3019 validate_us=48
BATCH stage=decode rows=16 tokens=16 us=1923 encode_us=26 native_us=1530 validate_us=366
BATCH stage=decode rows=16 tokens=16 us=1920 encode_us=21 native_us=1530 validate_us=369
BATCH stage=decode rows=16 tokens=16 us=1920 encode_us=21 native_us=1534 validate_us=364
BATCH stage=decode rows=16 tokens=16 us=1914 encode_us=20 native_us=1532 validate_us=361
BATCH stage=decode rows=16 tokens=16 us=1920 encode_us=19 native_us=1539 validate_us=361
BATCH stage=decode rows=16 tokens=16 us=1930 encode_us=31 native_us=1531 validate_us=367
BATCH stage=decode rows=16 tokens=16 us=1943 encode_us=25 native_us=1549 validate_us=367
BATCH stage=decode rows=16 tokens=16 us=1940 encode_us=21 native_us=1550 validate_us=368
BATCH stage=decode rows=16 tokens=16 us=1937 encode_us=29 native_us=1545 validate_us=362
BATCH stage=decode rows=16 tokens=16 us=1950 encode_us=29 native_us=1548 validate_us=372
BATCH stage=decode rows=16 tokens=16 us=1937 encode_us=24 native_us=1546 validate_us=366
BATCH stage=decode rows=16 tokens=16 us=1933 encode_us=21 native_us=1549 validate_us=362
BATCH stage=decode rows=16 tokens=16 us=1954 encode_us=25 native_us=1557 validate_us=371
BATCH stage=decode rows=16 tokens=16 us=1949 encode_us=23 native_us=1558 validate_us=367
BATCH stage=decode rows=16 tokens=16 us=1943 encode_us=20 native_us=1556 validate_us=366
BATCH stage=decode rows=16 tokens=16 us=1954 encode_us=32 native_us=1554 validate_us=368
BATCH stage=decode rows=16 tokens=16 us=1944 encode_us=26 native_us=1555 validate_us=362
BATCH stage=decode rows=16 tokens=16 us=1968 encode_us=31 native_us=1566 validate_us=371
BATCH stage=decode rows=16 tokens=16 us=1938 encode_us=22 native_us=1552 validate_us=363
BATCH stage=decode rows=15 tokens=15 us=1896 encode_us=26 native_us=1523 validate_us=345
BATCH stage=prefill rows=1 tokens=398 us=6793 encode_us=11 native_us=6732 validate_us=48
BATCH stage=decode rows=15 tokens=15 us=1922 encode_us=26 native_us=1550 validate_us=345
BATCH stage=prefill rows=1 tokens=16 us=2576 encode_us=6 native_us=2523 validate_us=45
BATCH stage=decode rows=16 tokens=16 us=1943 encode_us=21 native_us=1560 validate_us=361
BATCH stage=decode rows=15 tokens=15 us=1927 encode_us=30 native_us=1549 validate_us=348
BATCH stage=prefill rows=1 tokens=128 us=3078 encode_us=12 native_us=3017 validate_us=49
BATCH stage=decode rows=16 tokens=16 us=1958 encode_us=29 native_us=1557 validate_us=371
BATCH stage=decode rows=16 tokens=16 us=1944 encode_us=25 native_us=1553 validate_us=366
BATCH stage=decode rows=16 tokens=16 us=1958 encode_us=29 native_us=1556 validate_us=371
BATCH stage=decode rows=15 tokens=15 us=1914 encode_us=28 native_us=1537 validate_us=348
BATCH stage=prefill rows=1 tokens=398 us=6783 encode_us=11 native_us=6722 validate_us=49
BATCH stage=decode rows=15 tokens=15 us=1904 encode_us=27 native_us=1530 validate_us=347
BATCH stage=prefill rows=1 tokens=16 us=2582 encode_us=9 native_us=2526 validate_us=46
BATCH stage=decode rows=16 tokens=16 us=1923 encode_us=25 native_us=1531 validate_us=366
BATCH stage=decode rows=15 tokens=15 us=1896 encode_us=22 native_us=1526 validate_us=348
BATCH stage=prefill rows=1 tokens=128 us=3077 encode_us=10 native_us=3018 validate_us=48
BATCH stage=decode rows=16 tokens=16 us=1935 encode_us=28 native_us=1538 validate_us=368
BATCH stage=decode rows=16 tokens=16 us=1936 encode_us=26 native_us=1539 validate_us=370
BATCH stage=decode rows=16 tokens=16 us=1940 encode_us=33 native_us=1539 validate_us=368
BATCH stage=decode rows=16 tokens=16 us=1944 encode_us=31 native_us=1543 validate_us=369
BATCH stage=decode rows=16 tokens=16 us=1932 encode_us=20 native_us=1547 validate_us=364
BATCH stage=decode rows=16 tokens=16 us=1924 encode_us=18 native_us=1538 validate_us=367
BATCH stage=decode rows=16 tokens=16 us=1934 encode_us=20 native_us=1552 validate_us=361
BATCH stage=decode rows=16 tokens=16 us=1943 encode_us=22 native_us=1555 validate_us=364
BATCH stage=decode rows=16 tokens=16 us=1946 encode_us=22 native_us=1557 validate_us=365
BATCH stage=decode rows=16 tokens=16 us=1948 encode_us=20 native_us=1557 validate_us=370
BATCH stage=decode rows=16 tokens=16 us=1951 encode_us=22 native_us=1562 validate_us=367
BATCH stage=decode rows=16 tokens=16 us=1963 encode_us=30 native_us=1561 validate_us=372
BATCH stage=decode rows=16 tokens=16 us=1947 encode_us=21 native_us=1558 validate_us=367
BATCH stage=decode rows=16 tokens=16 us=1954 encode_us=27 native_us=1564 validate_us=362
BATCH stage=decode rows=16 tokens=16 us=1956 encode_us=28 native_us=1559 validate_us=368
BATCH stage=decode rows=16 tokens=16 us=1942 encode_us=21 native_us=1557 validate_us=363
BATCH stage=decode rows=16 tokens=16 us=1947 encode_us=20 native_us=1560 validate_us=366
BATCH stage=decode rows=16 tokens=16 us=1964 encode_us=30 native_us=1566 validate_us=367
BATCH stage=decode rows=16 tokens=16 us=1970 encode_us=37 native_us=1559 validate_us=373
BATCH stage=decode rows=15 tokens=15 us=1920 encode_us=28 native_us=1544 validate_us=347
BATCH stage=prefill rows=1 tokens=398 us=6826 encode_us=12 native_us=6753 validate_us=61
BATCH stage=decode rows=15 tokens=15 us=1944 encode_us=27 native_us=1564 validate_us=351
BATCH stage=prefill rows=1 tokens=16 us=2595 encode_us=9 native_us=2528 validate_us=56
BATCH stage=decode rows=16 tokens=16 us=1952 encode_us=23 native_us=1563 validate_us=365
BATCH stage=decode rows=15 tokens=15 us=1933 encode_us=30 native_us=1552 validate_us=350
BATCH stage=prefill rows=1 tokens=128 us=3097 encode_us=11 native_us=3028 validate_us=56
BATCH stage=decode rows=16 tokens=16 us=1963 encode_us=27 native_us=1567 validate_us=368
BATCH stage=decode rows=16 tokens=16 us=1944 encode_us=20 native_us=1556 validate_us=367
BATCH stage=decode rows=16 tokens=16 us=1956 encode_us=27 native_us=1558 validate_us=371
BATCH stage=decode rows=15 tokens=15 us=1920 encode_us=29 native_us=1541 validate_us=349
BATCH stage=prefill rows=1 tokens=398 us=6804 encode_us=11 native_us=6743 validate_us=49
BATCH stage=decode rows=15 tokens=15 us=1924 encode_us=26 native_us=1551 validate_us=347
BATCH stage=prefill rows=1 tokens=16 us=2580 encode_us=7 native_us=2525 validate_us=48
BATCH stage=decode rows=16 tokens=16 us=1945 encode_us=25 native_us=1554 validate_us=365
BATCH stage=decode rows=15 tokens=15 us=1910 encode_us=23 native_us=1545 validate_us=342
BATCH stage=prefill rows=1 tokens=128 us=3078 encode_us=11 native_us=3017 validate_us=49
BATCH stage=decode rows=16 tokens=16 us=1957 encode_us=28 native_us=1561 validate_us=368
BATCH stage=decode rows=16 tokens=16 us=1932 encode_us=21 native_us=1548 validate_us=362
BATCH stage=decode rows=16 tokens=16 us=1938 encode_us=18 native_us=1555 validate_us=363
BATCH stage=decode rows=15 tokens=15 us=1910 encode_us=28 native_us=1531 validate_us=350
BATCH stage=prefill rows=1 tokens=398 us=6825 encode_us=11 native_us=6747 validate_us=67
BATCH stage=decode rows=15 tokens=15 us=1920 encode_us=25 native_us=1548 validate_us=346
BATCH stage=prefill rows=1 tokens=16 us=2578 encode_us=6 native_us=2524 validate_us=47
BATCH stage=decode rows=16 tokens=16 us=1927 encode_us=24 native_us=1534 validate_us=368
BATCH stage=decode rows=16 tokens=16 us=1921 encode_us=18 native_us=1536 validate_us=366
BATCH stage=decode rows=16 tokens=16 us=1911 encode_us=17 native_us=1530 validate_us=363
BATCH stage=decode rows=16 tokens=16 us=1932 encode_us=25 native_us=1542 validate_us=365
BATCH stage=decode rows=16 tokens=16 us=1942 encode_us=27 native_us=1546 validate_us=367
BATCH stage=decode rows=16 tokens=16 us=1931 encode_us=23 native_us=1536 validate_us=372
BATCH stage=decode rows=16 tokens=16 us=1930 encode_us=25 native_us=1540 validate_us=363
BATCH stage=decode rows=16 tokens=16 us=1936 encode_us=28 native_us=1540 validate_us=367
BATCH stage=decode rows=16 tokens=16 us=1922 encode_us=20 native_us=1540 validate_us=361
BATCH stage=decode rows=16 tokens=16 us=1941 encode_us=22 native_us=1551 validate_us=367
BATCH stage=decode rows=16 tokens=16 us=1959 encode_us=31 native_us=1558 validate_us=370
BATCH stage=decode rows=16 tokens=16 us=1938 encode_us=22 native_us=1548 validate_us=367
BATCH stage=decode rows=16 tokens=16 us=1945 encode_us=20 native_us=1554 validate_us=371
BATCH stage=decode rows=16 tokens=16 us=1941 encode_us=21 native_us=1556 validate_us=363
BATCH stage=decode rows=16 tokens=16 us=1969 encode_us=37 native_us=1560 validate_us=371
BATCH stage=decode rows=16 tokens=16 us=1944 encode_us=22 native_us=1557 validate_us=365
BATCH stage=decode rows=16 tokens=16 us=1949 encode_us=23 native_us=1560 validate_us=364
BATCH stage=decode rows=15 tokens=15 us=1921 encode_us=27 native_us=1544 validate_us=348
BATCH stage=prefill rows=1 tokens=128 us=3073 encode_us=11 native_us=3013 validate_us=47
BATCH stage=decode rows=16 tokens=16 us=1955 encode_us=27 native_us=1557 validate_us=369
BATCH stage=decode rows=16 tokens=16 us=1953 encode_us=28 native_us=1553 validate_us=371
BATCH stage=decode rows=16 tokens=16 us=1971 encode_us=38 native_us=1563 validate_us=369
BATCH stage=decode rows=15 tokens=15 us=1914 encode_us=30 native_us=1529 validate_us=354
BATCH stage=prefill rows=1 tokens=398 us=6799 encode_us=12 native_us=6735 validate_us=52
BATCH stage=decode rows=15 tokens=15 us=1926 encode_us=27 native_us=1547 validate_us=352
BATCH stage=prefill rows=1 tokens=16 us=2574 encode_us=7 native_us=2518 validate_us=47
BATCH stage=decode rows=16 tokens=16 us=1941 encode_us=22 native_us=1557 validate_us=361
BATCH stage=decode rows=15 tokens=15 us=1905 encode_us=21 native_us=1543 validate_us=340
BATCH stage=prefill rows=1 tokens=128 us=3072 encode_us=11 native_us=3013 validate_us=47
BATCH stage=decode rows=16 tokens=16 us=1950 encode_us=26 native_us=1556 validate_us=366
BATCH stage=decode rows=16 tokens=16 us=1949 encode_us=26 native_us=1560 validate_us=362
BATCH stage=decode rows=16 tokens=16 us=1947 encode_us=27 native_us=1552 validate_us=367
BATCH stage=decode rows=15 tokens=15 us=1901 encode_us=25 native_us=1532 validate_us=342
BATCH stage=prefill rows=1 tokens=398 us=6799 encode_us=11 native_us=6736 validate_us=51
BATCH stage=decode rows=15 tokens=15 us=1898 encode_us=26 native_us=1525 validate_us=347
BATCH stage=prefill rows=1 tokens=16 us=2572 encode_us=8 native_us=2518 validate_us=45
BATCH stage=decode rows=16 tokens=16 us=1920 encode_us=23 native_us=1534 validate_us=362
BATCH stage=decode rows=15 tokens=15 us=1883 encode_us=18 native_us=1521 validate_us=342
BATCH stage=prefill rows=1 tokens=128 us=3074 encode_us=10 native_us=3015 validate_us=47
BATCH stage=decode rows=16 tokens=16 us=1935 encode_us=28 native_us=1536 validate_us=370
BATCH stage=decode rows=16 tokens=16 us=1925 encode_us=19 native_us=1542 validate_us=362
BATCH stage=decode rows=16 tokens=16 us=1936 encode_us=28 native_us=1536 validate_us=371
BATCH stage=decode rows=16 tokens=16 us=1938 encode_us=25 native_us=1546 validate_us=367
BATCH stage=decode rows=16 tokens=16 us=1952 encode_us=37 native_us=1543 validate_us=371
BATCH stage=decode rows=16 tokens=16 us=1931 encode_us=24 native_us=1541 validate_us=364
BATCH stage=decode rows=16 tokens=16 us=1921 encode_us=19 native_us=1540 validate_us=361
BATCH stage=decode rows=16 tokens=16 us=1946 encode_us=27 native_us=1552 validate_us=367
BATCH stage=decode rows=16 tokens=16 us=1961 encode_us=19 native_us=1558 validate_us=383
BATCH stage=decode rows=16 tokens=16 us=1967 encode_us=36 native_us=1557 validate_us=373
BATCH stage=decode rows=16 tokens=16 us=1947 encode_us=22 native_us=1558 validate_us=367
BATCH stage=decode rows=16 tokens=16 us=1957 encode_us=28 native_us=1560 validate_us=367
BATCH stage=decode rows=16 tokens=16 us=1948 encode_us=22 native_us=1559 validate_us=366
BATCH stage=decode rows=16 tokens=16 us=1955 encode_us=25 native_us=1561 validate_us=367
BATCH stage=decode rows=16 tokens=16 us=1951 encode_us=26 native_us=1559 validate_us=365
BATCH stage=decode rows=16 tokens=16 us=1956 encode_us=27 native_us=1557 validate_us=372
BATCH stage=decode rows=16 tokens=16 us=1947 encode_us=20 native_us=1561 validate_us=364
BATCH stage=decode rows=16 tokens=16 us=1960 encode_us=33 native_us=1556 validate_us=370
BATCH stage=decode rows=16 tokens=16 us=1944 encode_us=22 native_us=1559 validate_us=362
BATCH stage=decode rows=15 tokens=15 us=1915 encode_us=29 native_us=1535 validate_us=349
BATCH stage=prefill rows=1 tokens=398 us=6793 encode_us=12 native_us=6727 validate_us=54
BATCH stage=decode rows=15 tokens=15 us=1928 encode_us=28 native_us=1551 validate_us=348
BATCH stage=prefill rows=1 tokens=16 us=2572 encode_us=6 native_us=2518 validate_us=46
BATCH stage=decode rows=16 tokens=16 us=1946 encode_us=21 native_us=1563 validate_us=361
BATCH stage=decode rows=15 tokens=15 us=1916 encode_us=24 native_us=1544 validate_us=346
BATCH stage=prefill rows=1 tokens=128 us=3076 encode_us=10 native_us=3016 validate_us=49
BATCH stage=decode rows=16 tokens=16 us=1946 encode_us=27 native_us=1551 validate_us=367
BATCH stage=decode rows=16 tokens=16 us=1947 encode_us=25 native_us=1556 validate_us=364
BATCH stage=decode rows=16 tokens=16 us=1935 encode_us=17 native_us=1556 validate_us=360
BATCH stage=decode rows=15 tokens=15 us=1907 encode_us=28 native_us=1529 validate_us=349
BATCH stage=prefill rows=1 tokens=398 us=6806 encode_us=11 native_us=6740 validate_us=54
BATCH stage=decode rows=15 tokens=15 us=1908 encode_us=28 native_us=1532 validate_us=347
BATCH stage=prefill rows=1 tokens=16 us=2572 encode_us=7 native_us=2518 validate_us=46
BATCH stage=decode rows=16 tokens=16 us=1923 encode_us=22 native_us=1537 validate_us=363
BATCH stage=decode rows=15 tokens=15 us=1905 encode_us=26 native_us=1524 validate_us=354
BATCH stage=prefill rows=1 tokens=128 us=3081 encode_us=11 native_us=3021 validate_us=49
BATCH stage=decode rows=16 tokens=16 us=1937 encode_us=31 native_us=1534 validate_us=372
BATCH stage=decode rows=16 tokens=16 us=1922 encode_us=22 native_us=1533 validate_us=366
BATCH stage=decode rows=16 tokens=16 us=1943 encode_us=28 native_us=1538 validate_us=376
BATCH stage=decode rows=16 tokens=16 us=1930 encode_us=25 native_us=1534 validate_us=371
BATCH stage=decode rows=16 tokens=16 us=1920 encode_us=23 native_us=1531 validate_us=366
BATCH stage=decode rows=16 tokens=16 us=1942 encode_us=29 native_us=1548 validate_us=364
BATCH stage=decode rows=16 tokens=16 us=1928 encode_us=22 native_us=1543 validate_us=361
BATCH stage=decode rows=16 tokens=16 us=1942 encode_us=22 native_us=1548 validate_us=371
BATCH stage=decode rows=16 tokens=16 us=1944 encode_us=22 native_us=1559 validate_us=363
BATCH stage=decode rows=16 tokens=16 us=1941 encode_us=25 native_us=1548 validate_us=366
BATCH stage=decode rows=16 tokens=16 us=1950 encode_us=25 native_us=1556 validate_us=368
BATCH stage=decode rows=16 tokens=16 us=1942 encode_us=22 native_us=1554 validate_us=366
BATCH stage=decode rows=16 tokens=16 us=1941 encode_us=20 native_us=1557 validate_us=363
BATCH stage=decode rows=16 tokens=16 us=1944 encode_us=23 native_us=1552 validate_us=368
BATCH stage=decode rows=16 tokens=16 us=1948 encode_us=23 native_us=1561 validate_us=363
BATCH stage=decode rows=16 tokens=16 us=1948 encode_us=24 native_us=1556 validate_us=367
BATCH stage=decode rows=16 tokens=16 us=1940 encode_us=19 native_us=1557 validate_us=363
BATCH stage=decode rows=16 tokens=16 us=1941 encode_us=18 native_us=1556 validate_us=367
BATCH stage=decode rows=16 tokens=16 us=1977 encode_us=37 native_us=1567 validate_us=372
BATCH stage=decode rows=15 tokens=15 us=1931 encode_us=30 native_us=1546 validate_us=354
BATCH stage=prefill rows=1 tokens=398 us=6792 encode_us=11 native_us=6721 validate_us=60
BATCH stage=decode rows=15 tokens=15 us=1942 encode_us=28 native_us=1562 validate_us=351
BATCH stage=prefill rows=1 tokens=16 us=2586 encode_us=9 native_us=2525 validate_us=51
BATCH stage=decode rows=16 tokens=16 us=1950 encode_us=24 native_us=1562 validate_us=364
BATCH stage=decode rows=15 tokens=15 us=1924 encode_us=27 native_us=1545 validate_us=351
BATCH stage=prefill rows=1 tokens=128 us=3075 encode_us=11 native_us=3013 validate_us=50
BATCH stage=decode rows=16 tokens=16 us=1954 encode_us=27 native_us=1558 validate_us=368
BATCH stage=decode rows=16 tokens=16 us=1941 encode_us=23 native_us=1553 validate_us=364
BATCH stage=decode rows=16 tokens=16 us=1950 encode_us=24 native_us=1554 validate_us=371
BATCH stage=decode rows=15 tokens=15 us=1909 encode_us=25 native_us=1536 validate_us=347
BATCH stage=prefill rows=1 tokens=398 us=6838 encode_us=12 native_us=6761 validate_us=64
BATCH stage=decode rows=15 tokens=15 us=1919 encode_us=28 native_us=1538 validate_us=352
BATCH stage=prefill rows=1 tokens=16 us=2581 encode_us=8 native_us=2524 validate_us=49
BATCH stage=decode rows=16 tokens=16 us=1925 encode_us=21 native_us=1538 validate_us=364
BATCH stage=decode rows=15 tokens=15 us=1897 encode_us=23 native_us=1531 validate_us=342
BATCH stage=prefill rows=1 tokens=128 us=3080 encode_us=10 native_us=3018 validate_us=50
BATCH stage=decode rows=16 tokens=16 us=1939 encode_us=27 native_us=1544 validate_us=367
BATCH stage=decode rows=16 tokens=16 us=1921 encode_us=20 native_us=1538 validate_us=362
BATCH stage=decode rows=16 tokens=16 us=1936 encode_us=25 native_us=1542 validate_us=368
BATCH stage=decode rows=15 tokens=15 us=1895 encode_us=28 native_us=1517 validate_us=349
BATCH stage=prefill rows=1 tokens=398 us=6812 encode_us=13 native_us=6741 validate_us=56
BATCH stage=decode rows=16 tokens=16 us=1962 encode_us=29 native_us=1563 validate_us=369
BATCH stage=decode rows=16 tokens=16 us=1953 encode_us=22 native_us=1562 validate_us=367
BATCH stage=decode rows=16 tokens=16 us=1941 encode_us=20 native_us=1555 validate_us=365
BATCH stage=decode rows=16 tokens=16 us=1963 encode_us=26 native_us=1564 validate_us=372
BATCH stage=decode rows=16 tokens=16 us=1962 encode_us=22 native_us=1575 validate_us=363
BATCH stage=decode rows=16 tokens=16 us=1968 encode_us=28 native_us=1577 validate_us=362
BATCH stage=decode rows=16 tokens=16 us=1972 encode_us=28 native_us=1575 validate_us=368
BATCH stage=decode rows=16 tokens=16 us=1970 encode_us=30 native_us=1568 validate_us=370
BATCH stage=decode rows=16 tokens=16 us=1973 encode_us=25 native_us=1568 validate_us=379
BATCH stage=decode rows=16 tokens=16 us=1972 encode_us=26 native_us=1575 validate_us=370
BATCH stage=decode rows=16 tokens=16 us=1986 encode_us=28 native_us=1579 validate_us=378
BATCH stage=decode rows=16 tokens=16 us=1966 encode_us=26 native_us=1574 validate_us=366
BATCH stage=decode rows=16 tokens=16 us=1983 encode_us=33 native_us=1576 validate_us=373
BATCH stage=decode rows=16 tokens=16 us=1973 encode_us=30 native_us=1572 validate_us=370
BATCH stage=decode rows=16 tokens=16 us=1983 encode_us=31 native_us=1584 validate_us=367
BATCH stage=decode rows=16 tokens=16 us=1978 encode_us=26 native_us=1580 validate_us=372
BATCH stage=decode rows=15 tokens=15 us=1923 encode_us=29 native_us=1541 validate_us=352
BATCH stage=prefill rows=1 tokens=16 us=2577 encode_us=8 native_us=2521 validate_us=47
BATCH stage=decode rows=16 tokens=16 us=1949 encode_us=25 native_us=1557 validate_us=366
BATCH stage=decode rows=15 tokens=15 us=1919 encode_us=22 native_us=1550 validate_us=346
BATCH stage=prefill rows=1 tokens=128 us=3085 encode_us=11 native_us=3022 validate_us=51
BATCH stage=decode rows=16 tokens=16 us=1954 encode_us=28 native_us=1555 validate_us=370
BATCH stage=decode rows=16 tokens=16 us=1998 encode_us=24 native_us=1561 validate_us=412
BATCH stage=decode rows=16 tokens=16 us=1969 encode_us=31 native_us=1566 validate_us=372
BATCH stage=decode rows=15 tokens=15 us=1929 encode_us=29 native_us=1544 validate_us=356
BATCH stage=prefill rows=1 tokens=398 us=6850 encode_us=12 native_us=6774 validate_us=64
BATCH stage=decode rows=15 tokens=15 us=1932 encode_us=27 native_us=1557 validate_us=348
BATCH stage=prefill rows=1 tokens=16 us=2585 encode_us=9 native_us=2528 validate_us=47
BATCH stage=decode rows=16 tokens=16 us=1936 encode_us=22 native_us=1550 validate_us=363
BATCH stage=decode rows=15 tokens=15 us=1915 encode_us=22 native_us=1545 validate_us=347
BATCH stage=prefill rows=1 tokens=128 us=3079 encode_us=11 native_us=3017 validate_us=50
BATCH stage=decode rows=16 tokens=16 us=1944 encode_us=27 native_us=1550 validate_us=367
BATCH stage=decode rows=16 tokens=16 us=1931 encode_us=22 native_us=1544 validate_us=364
BATCH stage=decode rows=16 tokens=16 us=1948 encode_us=30 native_us=1548 validate_us=369
BATCH stage=decode rows=15 tokens=15 us=1899 encode_us=25 native_us=1526 validate_us=346
BATCH stage=prefill rows=1 tokens=398 us=6841 encode_us=12 native_us=6766 validate_us=62
BATCH stage=decode rows=15 tokens=15 us=1911 encode_us=25 native_us=1533 validate_us=352
BATCH stage=prefill rows=1 tokens=16 us=2609 encode_us=6 native_us=2544 validate_us=59
BATCH stage=decode rows=16 tokens=16 us=1923 encode_us=18 native_us=1542 validate_us=362
BATCH stage=decode rows=16 tokens=16 us=1960 encode_us=26 native_us=1561 validate_us=372
BATCH stage=decode rows=16 tokens=16 us=1938 encode_us=20 native_us=1543 validate_us=375
BATCH stage=decode rows=16 tokens=16 us=1925 encode_us=27 native_us=1531 validate_us=366
BATCH stage=decode rows=16 tokens=16 us=1933 encode_us=27 native_us=1537 validate_us=367
BATCH stage=decode rows=16 tokens=16 us=1932 encode_us=29 native_us=1533 validate_us=369
BATCH stage=decode rows=16 tokens=16 us=1918 encode_us=20 native_us=1534 validate_us=362
BATCH stage=decode rows=16 tokens=16 us=1930 encode_us=26 native_us=1540 validate_us=363
BATCH stage=decode rows=16 tokens=16 us=1917 encode_us=17 native_us=1538 validate_us=361
BATCH stage=decode rows=16 tokens=16 us=1930 encode_us=17 native_us=1551 validate_us=361
BATCH stage=decode rows=16 tokens=16 us=1938 encode_us=22 native_us=1551 validate_us=364
BATCH stage=decode rows=16 tokens=16 us=1943 encode_us=23 native_us=1554 validate_us=365
BATCH stage=decode rows=16 tokens=16 us=1943 encode_us=19 native_us=1557 validate_us=365
BATCH stage=decode rows=16 tokens=16 us=1941 encode_us=22 native_us=1556 validate_us=362
BATCH stage=decode rows=16 tokens=16 us=1938 encode_us=20 native_us=1554 validate_us=362
BATCH stage=decode rows=16 tokens=16 us=1951 encode_us=21 native_us=1565 validate_us=363
BATCH stage=decode rows=16 tokens=16 us=1937 encode_us=21 native_us=1554 validate_us=361
BATCH stage=decode rows=15 tokens=15 us=1918 encode_us=19 native_us=1542 validate_us=356
BATCH stage=prefill rows=1 tokens=128 us=3107 encode_us=15 native_us=3036 validate_us=54
BATCH stage=decode rows=16 tokens=16 us=1962 encode_us=29 native_us=1563 validate_us=370
BATCH stage=decode rows=16 tokens=16 us=1944 encode_us=21 native_us=1558 validate_us=364
BATCH stage=decode rows=16 tokens=16 us=1968 encode_us=22 native_us=1572 validate_us=373
BATCH stage=decode rows=15 tokens=15 us=1911 encode_us=24 native_us=1540 validate_us=347
BATCH stage=prefill rows=1 tokens=398 us=6827 encode_us=12 native_us=6752 validate_us=63
BATCH stage=decode rows=15 tokens=15 us=1933 encode_us=26 native_us=1559 validate_us=348
BATCH stage=prefill rows=1 tokens=16 us=2577 encode_us=6 native_us=2519 validate_us=50
BATCH stage=decode rows=16 tokens=16 us=1938 encode_us=23 native_us=1550 validate_us=364
BATCH stage=decode rows=15 tokens=15 us=1910 encode_us=23 native_us=1541 validate_us=345
BATCH stage=prefill rows=1 tokens=128 us=3096 encode_us=11 native_us=3026 validate_us=58
BATCH stage=decode rows=16 tokens=16 us=1963 encode_us=27 native_us=1568 validate_us=367
BATCH stage=decode rows=16 tokens=16 us=1939 encode_us=19 native_us=1556 validate_us=363
BATCH stage=decode rows=16 tokens=16 us=1947 encode_us=23 native_us=1556 validate_us=367
BATCH stage=decode rows=15 tokens=15 us=1910 encode_us=28 native_us=1533 validate_us=348
BATCH stage=prefill rows=1 tokens=398 us=6792 encode_us=11 native_us=6725 validate_us=55
BATCH stage=decode rows=15 tokens=15 us=1907 encode_us=26 native_us=1531 validate_us=349
BATCH stage=prefill rows=1 tokens=16 us=2580 encode_us=8 native_us=2522 validate_us=49
BATCH stage=decode rows=16 tokens=16 us=1917 encode_us=23 native_us=1531 validate_us=362
BATCH stage=decode rows=15 tokens=15 us=1887 encode_us=18 native_us=1527 validate_us=342
BATCH stage=prefill rows=1 tokens=128 us=3098 encode_us=11 native_us=3023 validate_us=63
BATCH stage=decode rows=16 tokens=16 us=1940 encode_us=27 native_us=1545 validate_us=367
BATCH stage=decode rows=16 tokens=16 us=1932 encode_us=20 native_us=1544 validate_us=367
BATCH stage=decode rows=16 tokens=16 us=1926 encode_us=21 native_us=1534 validate_us=370
BATCH stage=decode rows=16 tokens=16 us=1938 encode_us=23 native_us=1547 validate_us=367
BATCH stage=decode rows=16 tokens=16 us=1948 encode_us=31 native_us=1545 validate_us=372
BATCH stage=decode rows=16 tokens=16 us=1935 encode_us=22 native_us=1546 validate_us=365
BATCH stage=decode rows=16 tokens=16 us=1928 encode_us=23 native_us=1540 validate_us=364
BATCH stage=decode rows=16 tokens=16 us=1932 encode_us=21 native_us=1546 validate_us=364
BATCH stage=decode rows=16 tokens=16 us=1951 encode_us=22 native_us=1563 validate_us=365
BATCH stage=decode rows=16 tokens=16 us=1965 encode_us=35 native_us=1556 validate_us=374
BATCH stage=decode rows=16 tokens=16 us=1959 encode_us=27 native_us=1560 validate_us=371
BATCH stage=decode rows=16 tokens=16 us=1956 encode_us=25 native_us=1564 validate_us=366
BATCH stage=decode rows=16 tokens=16 us=1952 encode_us=24 native_us=1562 validate_us=366
BATCH stage=decode rows=16 tokens=16 us=1947 encode_us=18 native_us=1566 validate_us=362
BATCH stage=decode rows=16 tokens=16 us=1956 encode_us=21 native_us=1565 validate_us=370
BATCH stage=decode rows=16 tokens=16 us=1947 encode_us=23 native_us=1558 validate_us=365
BATCH stage=decode rows=16 tokens=16 us=1955 encode_us=27 native_us=1564 validate_us=362
BATCH stage=decode rows=16 tokens=16 us=1955 encode_us=24 native_us=1563 validate_us=367
BATCH stage=decode rows=16 tokens=16 us=1945 encode_us=19 native_us=1561 validate_us=364
BATCH stage=decode rows=15 tokens=15 us=1928 encode_us=32 native_us=1540 validate_us=355
BATCH stage=prefill rows=1 tokens=398 us=6793 encode_us=11 native_us=6722 validate_us=59
BATCH stage=decode rows=15 tokens=15 us=1942 encode_us=27 native_us=1562 validate_us=352
BATCH stage=prefill rows=1 tokens=16 us=2584 encode_us=8 native_us=2522 validate_us=53
BATCH stage=decode rows=16 tokens=16 us=1945 encode_us=23 native_us=1556 validate_us=366
BATCH stage=decode rows=15 tokens=15 us=1923 encode_us=21 native_us=1550 validate_us=350
BATCH stage=prefill rows=1 tokens=128 us=3072 encode_us=11 native_us=3012 validate_us=48
BATCH stage=decode rows=16 tokens=16 us=1963 encode_us=27 native_us=1564 validate_us=371
BATCH stage=decode rows=16 tokens=16 us=1956 encode_us=31 native_us=1555 validate_us=370
BATCH stage=decode rows=16 tokens=16 us=1955 encode_us=27 native_us=1556 validate_us=371
BATCH stage=decode rows=15 tokens=15 us=1920 encode_us=27 native_us=1539 validate_us=352
BATCH stage=prefill rows=1 tokens=398 us=6776 encode_us=12 native_us=6712 validate_us=51
BATCH stage=decode rows=15 tokens=15 us=1900 encode_us=25 native_us=1528 validate_us=345
BATCH stage=prefill rows=1 tokens=16 us=2572 encode_us=5 native_us=2522 validate_us=44
BATCH stage=decode rows=16 tokens=16 us=1911 encode_us=20 native_us=1531 validate_us=359
BATCH stage=decode rows=15 tokens=15 us=1892 encode_us=23 native_us=1524 validate_us=344
BATCH stage=prefill rows=1 tokens=128 us=3076 encode_us=10 native_us=3016 validate_us=49
BATCH stage=decode rows=16 tokens=16 us=1938 encode_us=28 native_us=1541 validate_us=367
BATCH stage=decode rows=16 tokens=16 us=1919 encode_us=22 native_us=1531 validate_us=365
BATCH stage=decode rows=16 tokens=16 us=1930 encode_us=26 native_us=1536 validate_us=366
BATCH stage=decode rows=16 tokens=16 us=1935 encode_us=24 native_us=1540 validate_us=370
BATCH stage=decode rows=16 tokens=16 us=1925 encode_us=21 native_us=1540 validate_us=363
BATCH stage=decode rows=16 tokens=16 us=1929 encode_us=20 native_us=1535 validate_us=373
BATCH stage=decode rows=16 tokens=16 us=1924 encode_us=21 native_us=1536 validate_us=365
BATCH stage=decode rows=16 tokens=16 us=1934 encode_us=20 native_us=1552 validate_us=361
BATCH stage=decode rows=16 tokens=16 us=1947 encode_us=25 native_us=1557 validate_us=364
BATCH stage=decode rows=16 tokens=16 us=1931 encode_us=19 native_us=1549 validate_us=362
BATCH stage=decode rows=16 tokens=16 us=1942 encode_us=18 native_us=1553 validate_us=370
BATCH stage=decode rows=16 tokens=16 us=1957 encode_us=32 native_us=1553 validate_us=370
BATCH stage=decode rows=16 tokens=16 us=1954 encode_us=23 native_us=1559 validate_us=371
BATCH stage=decode rows=16 tokens=16 us=1952 encode_us=22 native_us=1562 validate_us=367
BATCH stage=decode rows=16 tokens=16 us=1967 encode_us=28 native_us=1573 validate_us=365
BATCH stage=decode rows=16 tokens=16 us=1965 encode_us=27 native_us=1569 validate_us=368
BATCH stage=decode rows=16 tokens=16 us=1944 encode_us=20 native_us=1558 validate_us=364
BATCH stage=decode rows=16 tokens=16 us=1957 encode_us=29 native_us=1557 validate_us=371
BATCH stage=decode rows=16 tokens=16 us=1953 encode_us=25 native_us=1558 validate_us=368
BATCH stage=decode rows=15 tokens=15 us=1921 encode_us=27 native_us=1544 validate_us=348
BATCH stage=prefill rows=1 tokens=398 us=6827 encode_us=11 native_us=6750 validate_us=65
BATCH stage=decode rows=15 tokens=15 us=1942 encode_us=26 native_us=1564 validate_us=350
BATCH stage=prefill rows=1 tokens=16 us=2586 encode_us=9 native_us=2525 validate_us=51
BATCH stage=decode rows=16 tokens=16 us=1960 encode_us=25 native_us=1569 validate_us=364
BATCH stage=decode rows=15 tokens=15 us=1933 encode_us=21 native_us=1548 validate_us=363
BATCH stage=prefill rows=1 tokens=128 us=3084 encode_us=14 native_us=3017 validate_us=52
BATCH stage=decode rows=16 tokens=16 us=1968 encode_us=30 native_us=1561 validate_us=377
BATCH stage=decode rows=16 tokens=16 us=1961 encode_us=26 native_us=1566 validate_us=367
BATCH stage=decode rows=16 tokens=16 us=1953 encode_us=21 native_us=1565 validate_us=366
BATCH stage=decode rows=15 tokens=15 us=1940 encode_us=28 native_us=1558 validate_us=352
BATCH stage=prefill rows=1 tokens=398 us=6838 encode_us=12 native_us=6760 validate_us=65
BATCH stage=decode rows=15 tokens=15 us=1942 encode_us=29 native_us=1563 validate_us=349
BATCH stage=prefill rows=1 tokens=16 us=2582 encode_us=7 native_us=2527 validate_us=48
BATCH stage=decode rows=16 tokens=16 us=1945 encode_us=20 native_us=1559 validate_us=364
BATCH stage=decode rows=15 tokens=15 us=1906 encode_us=19 native_us=1541 validate_us=346
BATCH stage=prefill rows=1 tokens=128 us=3095 encode_us=11 native_us=3034 validate_us=49
BATCH stage=decode rows=16 tokens=16 us=1968 encode_us=28 native_us=1560 validate_us=379
BATCH stage=decode rows=16 tokens=16 us=1947 encode_us=23 native_us=1555 validate_us=368
BATCH stage=decode rows=16 tokens=16 us=1946 encode_us=20 native_us=1560 validate_us=365
BATCH stage=decode rows=15 tokens=15 us=1913 encode_us=28 native_us=1538 validate_us=346
BATCH stage=prefill rows=1 tokens=398 us=6801 encode_us=11 native_us=6731 validate_us=58
BATCH stage=decode rows=15 tokens=15 us=1904 encode_us=26 native_us=1530 validate_us=347
BATCH stage=prefill rows=1 tokens=16 us=2590 encode_us=8 native_us=2535 validate_us=46
BATCH stage=decode rows=16 tokens=16 us=1926 encode_us=23 native_us=1538 validate_us=364
BATCH stage=decode rows=16 tokens=16 us=1912 encode_us=17 native_us=1532 validate_us=362
BATCH stage=decode rows=16 tokens=16 us=1917 encode_us=21 native_us=1531 validate_us=364
BATCH stage=decode rows=16 tokens=16 us=1915 encode_us=18 native_us=1534 validate_us=361
BATCH stage=decode rows=16 tokens=16 us=1936 encode_us=28 native_us=1540 validate_us=367
BATCH stage=decode rows=16 tokens=16 us=1920 encode_us=20 native_us=1536 validate_us=363
BATCH stage=decode rows=16 tokens=16 us=1920 encode_us=18 native_us=1541 validate_us=359
BATCH stage=decode rows=16 tokens=16 us=1933 encode_us=23 native_us=1542 validate_us=368
BATCH stage=decode rows=16 tokens=16 us=1918 encode_us=17 native_us=1539 validate_us=361
BATCH stage=decode rows=16 tokens=16 us=1940 encode_us=22 native_us=1551 validate_us=366
BATCH stage=decode rows=16 tokens=16 us=1935 encode_us=21 native_us=1550 validate_us=363
BATCH stage=decode rows=16 tokens=16 us=1936 encode_us=20 native_us=1552 validate_us=363
BATCH stage=decode rows=16 tokens=16 us=1958 encode_us=30 native_us=1558 validate_us=370
BATCH stage=decode rows=16 tokens=16 us=1937 encode_us=19 native_us=1555 validate_us=362
BATCH stage=decode rows=16 tokens=16 us=1942 encode_us=25 native_us=1549 validate_us=367
BATCH stage=decode rows=16 tokens=16 us=1945 encode_us=23 native_us=1558 validate_us=363
BATCH stage=decode rows=16 tokens=16 us=1944 encode_us=20 native_us=1561 validate_us=361
BATCH stage=decode rows=15 tokens=15 us=1924 encode_us=29 native_us=1548 validate_us=347
BATCH stage=prefill rows=1 tokens=128 us=3080 encode_us=11 native_us=3019 validate_us=49
BATCH stage=decode rows=16 tokens=16 us=1955 encode_us=28 native_us=1558 validate_us=368
BATCH stage=decode rows=16 tokens=16 us=1949 encode_us=21 native_us=1562 validate_us=364
BATCH stage=decode rows=16 tokens=16 us=1968 encode_us=29 native_us=1571 validate_us=367
BATCH stage=decode rows=15 tokens=15 us=1920 encode_us=28 native_us=1542 validate_us=350
BATCH stage=prefill rows=1 tokens=398 us=6811 encode_us=12 native_us=6741 validate_us=56
BATCH stage=decode rows=15 tokens=15 us=1926 encode_us=26 native_us=1550 validate_us=349
BATCH stage=prefill rows=1 tokens=16 us=2573 encode_us=6 native_us=2520 validate_us=45
BATCH stage=decode rows=16 tokens=16 us=1936 encode_us=19 native_us=1551 validate_us=364
BATCH stage=decode rows=15 tokens=15 us=1907 encode_us=21 native_us=1541 validate_us=344
BATCH stage=prefill rows=1 tokens=128 us=3075 encode_us=11 native_us=3013 validate_us=49
BATCH stage=decode rows=16 tokens=16 us=1943 encode_us=27 native_us=1548 validate_us=367
BATCH stage=decode rows=16 tokens=16 us=1945 encode_us=21 native_us=1560 validate_us=362
BATCH stage=decode rows=16 tokens=16 us=1965 encode_us=34 native_us=1559 validate_us=371
BATCH stage=decode rows=15 tokens=15 us=1911 encode_us=31 native_us=1534 validate_us=345
BATCH stage=prefill rows=1 tokens=398 us=6808 encode_us=11 native_us=6742 validate_us=55
BATCH stage=decode rows=15 tokens=15 us=1909 encode_us=27 native_us=1533 validate_us=349
BATCH stage=prefill rows=1 tokens=16 us=2572 encode_us=7 native_us=2518 validate_us=47
BATCH stage=decode rows=16 tokens=16 us=1932 encode_us=25 native_us=1541 validate_us=364
BATCH stage=decode rows=15 tokens=15 us=1903 encode_us=25 native_us=1526 validate_us=350
BATCH stage=prefill rows=1 tokens=128 us=3064 encode_us=10 native_us=3006 validate_us=47
BATCH stage=decode rows=16 tokens=16 us=1933 encode_us=26 native_us=1536 validate_us=369
BATCH stage=decode rows=16 tokens=16 us=1920 encode_us=23 native_us=1534 validate_us=363
BATCH stage=decode rows=16 tokens=16 us=1926 encode_us=22 native_us=1537 validate_us=365
BATCH stage=decode rows=16 tokens=16 us=1929 encode_us=25 native_us=1536 validate_us=368
BATCH stage=decode rows=16 tokens=16 us=1939 encode_us=29 native_us=1539 validate_us=370
BATCH stage=decode rows=16 tokens=16 us=1929 encode_us=30 native_us=1532 validate_us=366
BATCH stage=decode rows=16 tokens=16 us=1924 encode_us=20 native_us=1537 validate_us=365
BATCH stage=decode rows=16 tokens=16 us=1938 encode_us=21 native_us=1553 validate_us=364
BATCH stage=decode rows=16 tokens=16 us=1950 encode_us=23 native_us=1560 validate_us=366
BATCH stage=decode rows=16 tokens=16 us=1948 encode_us=21 native_us=1562 validate_us=364
BATCH stage=decode rows=16 tokens=16 us=1952 encode_us=24 native_us=1562 validate_us=364
BATCH stage=decode rows=16 tokens=16 us=1972 encode_us=35 native_us=1566 validate_us=371
BATCH stage=decode rows=16 tokens=16 us=1952 encode_us=26 native_us=1556 validate_us=369
BATCH stage=decode rows=16 tokens=16 us=1938 encode_us=20 native_us=1553 validate_us=364
BATCH stage=decode rows=16 tokens=16 us=1950 encode_us=24 native_us=1559 validate_us=367
BATCH stage=decode rows=16 tokens=16 us=1966 encode_us=29 native_us=1564 validate_us=372
BATCH stage=decode rows=16 tokens=16 us=1947 encode_us=21 native_us=1558 validate_us=367
BATCH stage=decode rows=16 tokens=16 us=1961 encode_us=23 native_us=1570 validate_us=367
BATCH stage=decode rows=16 tokens=16 us=1959 encode_us=23 native_us=1568 validate_us=366
BATCH stage=decode rows=15 tokens=15 us=1942 encode_us=39 native_us=1552 validate_us=349
BATCH stage=prefill rows=1 tokens=398 us=6872 encode_us=12 native_us=6788 validate_us=70
BATCH stage=decode rows=15 tokens=15 us=1946 encode_us=30 native_us=1567 validate_us=348
BATCH stage=prefill rows=1 tokens=16 us=2605 encode_us=7 native_us=2537 validate_us=60
BATCH stage=decode rows=16 tokens=16 us=1944 encode_us=22 native_us=1558 validate_us=363
BATCH stage=decode rows=15 tokens=15 us=1930 encode_us=34 native_us=1544 validate_us=351
BATCH stage=prefill rows=1 tokens=128 us=3110 encode_us=11 native_us=3032 validate_us=65
BATCH stage=decode rows=16 tokens=16 us=1959 encode_us=29 native_us=1559 validate_us=369
BATCH stage=decode rows=16 tokens=16 us=1942 encode_us=21 native_us=1556 validate_us=365
BATCH stage=decode rows=16 tokens=16 us=1944 encode_us=19 native_us=1562 validate_us=363
BATCH stage=decode rows=15 tokens=15 us=1918 encode_us=28 native_us=1536 validate_us=352
BATCH stage=prefill rows=1 tokens=398 us=6825 encode_us=12 native_us=6742 validate_us=70
BATCH stage=decode rows=15 tokens=15 us=1922 encode_us=27 native_us=1545 validate_us=349
BATCH stage=prefill rows=1 tokens=16 us=2592 encode_us=8 native_us=2529 validate_us=54
BATCH stage=decode rows=16 tokens=16 us=1929 encode_us=22 native_us=1541 validate_us=365
BATCH stage=decode rows=15 tokens=15 us=1903 encode_us=25 native_us=1531 validate_us=347
BATCH stage=prefill rows=1 tokens=128 us=3090 encode_us=11 native_us=3027 validate_us=50
BATCH stage=decode rows=16 tokens=16 us=1930 encode_us=28 native_us=1533 validate_us=368
BATCH stage=decode rows=16 tokens=16 us=1916 encode_us=21 native_us=1528 validate_us=366
BATCH stage=decode rows=16 tokens=16 us=1937 encode_us=28 native_us=1541 validate_us=367
BATCH stage=decode rows=16 tokens=16 us=1928 encode_us=20 native_us=1540 validate_us=366
BATCH stage=decode rows=16 tokens=16 us=1931 encode_us=23 native_us=1542 validate_us=366
BATCH stage=decode rows=16 tokens=16 us=1932 encode_us=24 native_us=1544 validate_us=363
BATCH stage=decode rows=16 tokens=16 us=1921 encode_us=18 native_us=1542 validate_us=359
BATCH stage=decode rows=16 tokens=16 us=1936 encode_us=20 native_us=1547 validate_us=369
BATCH stage=decode rows=16 tokens=16 us=1954 encode_us=28 native_us=1558 validate_us=367
BATCH stage=decode rows=16 tokens=16 us=1952 encode_us=27 native_us=1555 validate_us=370
BATCH stage=decode rows=16 tokens=16 us=1947 encode_us=26 native_us=1552 validate_us=369
BATCH stage=decode rows=16 tokens=16 us=1946 encode_us=24 native_us=1555 validate_us=366
BATCH stage=decode rows=16 tokens=16 us=1956 encode_us=29 native_us=1555 validate_us=371
BATCH stage=decode rows=16 tokens=16 us=1954 encode_us=26 native_us=1559 validate_us=369
BATCH stage=decode rows=16 tokens=16 us=1947 encode_us=22 native_us=1555 validate_us=370
BATCH stage=decode rows=16 tokens=16 us=1951 encode_us=23 native_us=1562 validate_us=364
BATCH stage=decode rows=16 tokens=16 us=1941 encode_us=19 native_us=1559 validate_us=361
BATCH stage=decode rows=16 tokens=16 us=1947 encode_us=24 native_us=1558 validate_us=365
BATCH stage=decode rows=16 tokens=16 us=1967 encode_us=33 native_us=1563 validate_us=371
BATCH stage=decode rows=15 tokens=15 us=1917 encode_us=28 native_us=1539 validate_us=349
BATCH stage=prefill rows=1 tokens=398 us=6790 encode_us=12 native_us=6726 validate_us=51
BATCH stage=decode rows=15 tokens=15 us=1929 encode_us=28 native_us=1552 validate_us=349
BATCH stage=prefill rows=1 tokens=16 us=2570 encode_us=7 native_us=2518 validate_us=44
BATCH stage=decode rows=16 tokens=16 us=1935 encode_us=19 native_us=1555 validate_us=359
BATCH stage=decode rows=15 tokens=15 us=1920 encode_us=24 native_us=1548 validate_us=348
BATCH stage=prefill rows=1 tokens=128 us=3093 encode_us=12 native_us=3029 validate_us=51
BATCH stage=decode rows=16 tokens=16 us=1959 encode_us=28 native_us=1562 validate_us=368
BATCH stage=decode rows=16 tokens=16 us=1953 encode_us=25 native_us=1563 validate_us=364
BATCH stage=decode rows=16 tokens=16 us=1962 encode_us=23 native_us=1569 validate_us=369
BATCH stage=decode rows=15 tokens=15 us=1911 encode_us=25 native_us=1540 validate_us=345
BATCH stage=prefill rows=1 tokens=398 us=6811 encode_us=12 native_us=6734 validate_us=64
BATCH stage=decode rows=15 tokens=15 us=1920 encode_us=26 native_us=1536 validate_us=357
BATCH stage=prefill rows=1 tokens=16 us=2586 encode_us=7 native_us=2528 validate_us=50
BATCH stage=decode rows=16 tokens=16 us=1934 encode_us=22 native_us=1549 validate_us=362
BATCH stage=decode rows=15 tokens=15 us=1903 encode_us=24 native_us=1529 validate_us=349
BATCH stage=prefill rows=1 tokens=128 us=3094 encode_us=12 native_us=3025 validate_us=56
BATCH stage=decode rows=16 tokens=16 us=1935 encode_us=27 native_us=1540 validate_us=367
BATCH stage=decode rows=16 tokens=16 us=1937 encode_us=28 native_us=1545 validate_us=363
BATCH stage=decode rows=16 tokens=16 us=1923 encode_us=19 native_us=1540 validate_us=362
BATCH stage=decode rows=15 tokens=15 us=1905 encode_us=29 native_us=1525 validate_us=350
BATCH stage=prefill rows=1 tokens=398 us=6856 encode_us=13 native_us=6771 validate_us=71
BATCH stage=decode rows=16 tokens=16 us=1992 encode_us=31 native_us=1587 validate_us=374
BATCH stage=decode rows=16 tokens=16 us=1946 encode_us=22 native_us=1557 validate_us=366
BATCH stage=decode rows=16 tokens=16 us=1936 encode_us=19 native_us=1553 validate_us=363
BATCH stage=decode rows=16 tokens=16 us=1971 encode_us=29 native_us=1571 validate_us=369
BATCH stage=decode rows=16 tokens=16 us=1964 encode_us=23 native_us=1574 validate_us=365
BATCH stage=decode rows=16 tokens=16 us=1976 encode_us=27 native_us=1579 validate_us=369
BATCH stage=decode rows=16 tokens=16 us=1958 encode_us=21 native_us=1570 validate_us=366
BATCH stage=decode rows=16 tokens=16 us=1972 encode_us=24 native_us=1570 validate_us=378
BATCH stage=decode rows=16 tokens=16 us=1966 encode_us=29 native_us=1568 validate_us=368
BATCH stage=decode rows=16 tokens=16 us=1961 encode_us=23 native_us=1573 validate_us=364
BATCH stage=decode rows=16 tokens=16 us=1969 encode_us=23 native_us=1574 validate_us=371
BATCH stage=decode rows=16 tokens=16 us=1968 encode_us=24 native_us=1576 validate_us=367
BATCH stage=decode rows=16 tokens=16 us=1962 encode_us=22 native_us=1573 validate_us=366
BATCH stage=decode rows=16 tokens=16 us=1970 encode_us=22 native_us=1574 validate_us=374
BATCH stage=decode rows=16 tokens=16 us=1969 encode_us=29 native_us=1571 validate_us=368
BATCH stage=decode rows=16 tokens=16 us=1971 encode_us=22 native_us=1575 validate_us=373
BATCH stage=decode rows=15 tokens=15 us=1926 encode_us=28 native_us=1549 validate_us=348
BATCH stage=prefill rows=1 tokens=16 us=2576 encode_us=8 native_us=2520 validate_us=47
BATCH stage=decode rows=16 tokens=16 us=1957 encode_us=25 native_us=1559 validate_us=372
BATCH stage=decode rows=15 tokens=15 us=1917 encode_us=20 native_us=1553 validate_us=343
BATCH stage=prefill rows=1 tokens=128 us=3072 encode_us=11 native_us=3010 validate_us=50
BATCH stage=decode rows=16 tokens=16 us=1959 encode_us=28 native_us=1561 validate_us=369
BATCH stage=decode rows=16 tokens=16 us=1943 encode_us=20 native_us=1556 validate_us=365
BATCH stage=decode rows=16 tokens=16 us=1955 encode_us=25 native_us=1560 validate_us=369
BATCH stage=decode rows=15 tokens=15 us=1915 encode_us=28 native_us=1538 validate_us=349
BATCH stage=prefill rows=1 tokens=398 us=6820 encode_us=12 native_us=6747 validate_us=60
BATCH stage=decode rows=15 tokens=15 us=1941 encode_us=28 native_us=1564 validate_us=348
BATCH stage=prefill rows=1 tokens=16 us=2594 encode_us=9 native_us=2531 validate_us=52
BATCH stage=decode rows=16 tokens=16 us=1935 encode_us=19 native_us=1553 validate_us=362
BATCH stage=decode rows=15 tokens=15 us=1920 encode_us=29 native_us=1543 validate_us=347
BATCH stage=prefill rows=1 tokens=128 us=3086 encode_us=11 native_us=3026 validate_us=48
BATCH stage=decode rows=16 tokens=16 us=1950 encode_us=27 native_us=1554 validate_us=369
BATCH stage=decode rows=16 tokens=16 us=1946 encode_us=21 native_us=1553 validate_us=371
BATCH stage=decode rows=16 tokens=16 us=1958 encode_us=36 native_us=1550 validate_us=371
BATCH stage=decode rows=15 tokens=15 us=1908 encode_us=27 native_us=1531 validate_us=349
BATCH stage=prefill rows=1 tokens=398 us=6797 encode_us=11 native_us=6736 validate_us=49
BATCH stage=decode rows=15 tokens=15 us=1896 encode_us=25 native_us=1526 validate_us=344
BATCH stage=prefill rows=1 tokens=16 us=2584 encode_us=6 native_us=2531 validate_us=45
BATCH stage=decode rows=16 tokens=16 us=1917 encode_us=20 native_us=1534 validate_us=362
BATCH stage=decode rows=16 tokens=16 us=1924 encode_us=23 native_us=1534 validate_us=367
BATCH stage=decode rows=16 tokens=16 us=1926 encode_us=18 native_us=1544 validate_us=363
BATCH stage=decode rows=16 tokens=16 us=1927 encode_us=19 native_us=1542 validate_us=364
BATCH stage=decode rows=16 tokens=16 us=1915 encode_us=20 native_us=1531 validate_us=362
BATCH stage=decode rows=16 tokens=16 us=1938 encode_us=32 native_us=1539 validate_us=365
BATCH stage=decode rows=16 tokens=16 us=1918 encode_us=18 native_us=1537 validate_us=362
BATCH stage=decode rows=16 tokens=16 us=1936 encode_us=32 native_us=1536 validate_us=367
BATCH stage=decode rows=16 tokens=16 us=1925 encode_us=24 native_us=1537 validate_us=362
BATCH stage=decode rows=16 tokens=16 us=1937 encode_us=24 native_us=1548 validate_us=364
BATCH stage=decode rows=16 tokens=16 us=1954 encode_us=32 native_us=1554 validate_us=367
BATCH stage=decode rows=16 tokens=16 us=1937 encode_us=19 native_us=1553 validate_us=364
BATCH stage=decode rows=16 tokens=16 us=1946 encode_us=24 native_us=1553 validate_us=367
BATCH stage=decode rows=16 tokens=16 us=1941 encode_us=23 native_us=1553 validate_us=365
BATCH stage=decode rows=16 tokens=16 us=1941 encode_us=21 native_us=1556 validate_us=363
BATCH stage=decode rows=16 tokens=16 us=1954 encode_us=25 native_us=1561 validate_us=367
BATCH stage=decode rows=16 tokens=16 us=1947 encode_us=22 native_us=1562 validate_us=362
BATCH stage=decode rows=15 tokens=15 us=1920 encode_us=23 native_us=1552 validate_us=343
BATCH stage=prefill rows=1 tokens=128 us=3071 encode_us=11 native_us=3010 validate_us=49
BATCH stage=decode rows=16 tokens=16 us=1952 encode_us=28 native_us=1555 validate_us=368
BATCH stage=decode rows=16 tokens=16 us=1977 encode_us=31 native_us=1578 validate_us=367
BATCH stage=decode rows=16 tokens=16 us=1956 encode_us=28 native_us=1559 validate_us=368
BATCH stage=decode rows=15 tokens=15 us=1908 encode_us=23 native_us=1538 validate_us=346
BATCH stage=prefill rows=1 tokens=398 us=6819 encode_us=12 native_us=6749 validate_us=57
BATCH stage=decode rows=15 tokens=15 us=1927 encode_us=26 native_us=1550 validate_us=350
BATCH stage=prefill rows=1 tokens=16 us=2579 encode_us=6 native_us=2527 validate_us=45
BATCH stage=decode rows=16 tokens=16 us=1951 encode_us=27 native_us=1558 validate_us=365
BATCH stage=decode rows=15 tokens=15 us=1908 encode_us=20 native_us=1540 validate_us=347
BATCH stage=prefill rows=1 tokens=128 us=3086 encode_us=11 native_us=3022 validate_us=51
BATCH stage=decode rows=16 tokens=16 us=1951 encode_us=28 native_us=1555 validate_us=367
BATCH stage=decode rows=16 tokens=16 us=1941 encode_us=20 native_us=1557 validate_us=363
BATCH stage=decode rows=16 tokens=16 us=1950 encode_us=29 native_us=1559 validate_us=362
BATCH stage=decode rows=15 tokens=15 us=1911 encode_us=28 native_us=1531 validate_us=352
BATCH stage=prefill rows=1 tokens=398 us=6780 encode_us=12 native_us=6717 validate_us=51
BATCH stage=decode rows=15 tokens=15 us=1901 encode_us=25 native_us=1531 validate_us=344
BATCH stage=prefill rows=1 tokens=16 us=2582 encode_us=9 native_us=2526 validate_us=46
BATCH stage=decode rows=16 tokens=16 us=1919 encode_us=21 native_us=1536 validate_us=361
BATCH stage=decode rows=15 tokens=15 us=1899 encode_us=24 native_us=1527 validate_us=347
BATCH stage=prefill rows=1 tokens=128 us=3081 encode_us=11 native_us=3016 validate_us=53
BATCH stage=decode rows=16 tokens=16 us=1926 encode_us=26 native_us=1533 validate_us=366
BATCH stage=decode rows=16 tokens=16 us=1912 encode_us=19 native_us=1530 validate_us=361
BATCH stage=decode rows=16 tokens=16 us=1926 encode_us=17 native_us=1538 validate_us=370
BATCH stage=decode rows=16 tokens=16 us=1919 encode_us=22 native_us=1533 validate_us=363
BATCH stage=decode rows=16 tokens=16 us=1918 encode_us=20 native_us=1533 validate_us=364
BATCH stage=decode rows=16 tokens=16 us=1931 encode_us=27 native_us=1536 validate_us=367
BATCH stage=decode rows=16 tokens=16 us=1927 encode_us=22 native_us=1540 validate_us=364
BATCH stage=decode rows=16 tokens=16 us=1941 encode_us=22 native_us=1547 validate_us=370
BATCH stage=decode rows=16 tokens=16 us=1948 encode_us=24 native_us=1558 validate_us=365
BATCH stage=decode rows=16 tokens=16 us=1947 encode_us=25 native_us=1553 validate_us=368
BATCH stage=decode rows=16 tokens=16 us=1953 encode_us=25 native_us=1556 validate_us=370
BATCH stage=decode rows=16 tokens=16 us=2020 encode_us=23 native_us=1554 validate_us=442
BATCH stage=decode rows=16 tokens=16 us=1957 encode_us=29 native_us=1558 validate_us=369
BATCH stage=decode rows=16 tokens=16 us=1942 encode_us=20 native_us=1557 validate_us=364
BATCH stage=decode rows=16 tokens=16 us=1942 encode_us=20 native_us=1551 validate_us=370
BATCH stage=decode rows=16 tokens=16 us=1943 encode_us=21 native_us=1555 validate_us=366
BATCH stage=decode rows=16 tokens=16 us=1941 encode_us=24 native_us=1555 validate_us=361
BATCH stage=decode rows=16 tokens=16 us=1948 encode_us=26 native_us=1558 validate_us=363
BATCH stage=decode rows=16 tokens=16 us=1936 encode_us=18 native_us=1556 validate_us=361
BATCH stage=decode rows=15 tokens=15 us=1909 encode_us=27 native_us=1533 validate_us=348
BATCH stage=prefill rows=1 tokens=398 us=6798 encode_us=12 native_us=6729 validate_us=56
BATCH stage=decode rows=15 tokens=15 us=1931 encode_us=28 native_us=1552 validate_us=350
BATCH stage=prefill rows=1 tokens=16 us=2576 encode_us=9 native_us=2517 validate_us=49
BATCH stage=decode rows=16 tokens=16 us=1951 encode_us=26 native_us=1558 validate_us=365
BATCH stage=decode rows=15 tokens=15 us=1925 encode_us=30 native_us=1549 validate_us=344
BATCH stage=prefill rows=1 tokens=128 us=3075 encode_us=12 native_us=3013 validate_us=50
BATCH stage=decode rows=16 tokens=16 us=1958 encode_us=29 native_us=1556 validate_us=371
BATCH stage=decode rows=16 tokens=16 us=1957 encode_us=22 native_us=1563 validate_us=370
BATCH stage=decode rows=16 tokens=16 us=1953 encode_us=30 native_us=1553 validate_us=369
BATCH stage=decode rows=15 tokens=15 us=1920 encode_us=34 native_us=1537 validate_us=348
BATCH stage=prefill rows=1 tokens=398 us=6811 encode_us=12 native_us=6729 validate_us=69
BATCH stage=decode rows=15 tokens=15 us=1921 encode_us=28 native_us=1544 validate_us=348
BATCH stage=prefill rows=1 tokens=16 us=2586 encode_us=7 native_us=2527 validate_us=51
BATCH stage=decode rows=16 tokens=16 us=1930 encode_us=25 native_us=1539 validate_us=365
BATCH stage=decode rows=15 tokens=15 us=1902 encode_us=26 native_us=1528 validate_us=347
BATCH stage=prefill rows=1 tokens=128 us=3086 encode_us=11 native_us=3022 validate_us=52
BATCH stage=decode rows=16 tokens=16 us=1933 encode_us=28 native_us=1534 validate_us=370
BATCH stage=decode rows=16 tokens=16 us=1925 encode_us=21 native_us=1540 validate_us=363
BATCH stage=decode rows=16 tokens=16 us=1933 encode_us=26 native_us=1537 validate_us=369
BATCH stage=decode rows=16 tokens=16 us=1918 encode_us=20 native_us=1533 validate_us=364
BATCH stage=decode rows=16 tokens=16 us=1919 encode_us=19 native_us=1538 validate_us=361
BATCH stage=decode rows=16 tokens=16 us=1932 encode_us=27 native_us=1536 validate_us=368
BATCH stage=decode rows=16 tokens=16 us=1925 encode_us=23 native_us=1539 validate_us=363
BATCH stage=decode rows=16 tokens=16 us=1940 encode_us=26 native_us=1544 validate_us=370
BATCH stage=decode rows=16 tokens=16 us=1950 encode_us=25 native_us=1556 validate_us=368
BATCH stage=decode rows=16 tokens=16 us=1947 encode_us=22 native_us=1559 validate_us=366
BATCH stage=decode rows=16 tokens=16 us=1946 encode_us=25 native_us=1553 validate_us=367
BATCH stage=decode rows=16 tokens=16 us=1960 encode_us=28 native_us=1561 validate_us=370
BATCH stage=decode rows=16 tokens=16 us=1955 encode_us=36 native_us=1550 validate_us=367
BATCH stage=decode rows=16 tokens=16 us=1937 encode_us=19 native_us=1553 validate_us=363
BATCH stage=decode rows=16 tokens=16 us=1946 encode_us=25 native_us=1553 validate_us=367
BATCH stage=decode rows=16 tokens=16 us=1950 encode_us=27 native_us=1553 validate_us=369
BATCH stage=decode rows=16 tokens=16 us=1950 encode_us=20 native_us=1563 validate_us=366
BATCH stage=decode rows=16 tokens=16 us=1972 encode_us=35 native_us=1564 validate_us=373
BATCH stage=decode rows=16 tokens=16 us=1956 encode_us=23 native_us=1567 validate_us=364
BATCH stage=decode rows=15 tokens=15 us=1918 encode_us=27 native_us=1540 validate_us=350
BATCH stage=prefill rows=1 tokens=398 us=6766 encode_us=12 native_us=6699 validate_us=54
BATCH stage=decode rows=15 tokens=15 us=1933 encode_us=27 native_us=1559 validate_us=347
BATCH stage=prefill rows=1 tokens=16 us=2575 encode_us=9 native_us=2518 validate_us=46
BATCH stage=decode rows=16 tokens=16 us=1953 encode_us=23 native_us=1561 validate_us=368
BATCH stage=decode rows=15 tokens=15 us=1915 encode_us=22 native_us=1546 validate_us=345
BATCH stage=prefill rows=1 tokens=128 us=3077 encode_us=11 native_us=3016 validate_us=49
BATCH stage=decode rows=16 tokens=16 us=1956 encode_us=29 native_us=1555 validate_us=371
BATCH stage=decode rows=16 tokens=16 us=1944 encode_us=21 native_us=1555 validate_us=367
BATCH stage=decode rows=16 tokens=16 us=1955 encode_us=23 native_us=1564 validate_us=367
BATCH stage=decode rows=15 tokens=15 us=1919 encode_us=30 native_us=1540 validate_us=348
BATCH stage=prefill rows=1 tokens=398 us=6791 encode_us=12 native_us=6721 validate_us=57
BATCH stage=decode rows=15 tokens=15 us=1926 encode_us=28 native_us=1549 validate_us=348
BATCH stage=prefill rows=1 tokens=16 us=2576 encode_us=6 native_us=2522 validate_us=46
BATCH stage=decode rows=16 tokens=16 us=1934 encode_us=22 native_us=1547 validate_us=364
BATCH stage=decode rows=15 tokens=15 us=1912 encode_us=25 native_us=1540 validate_us=346
BATCH stage=prefill rows=1 tokens=128 us=3067 encode_us=11 native_us=3006 validate_us=49
BATCH stage=decode rows=16 tokens=16 us=1946 encode_us=28 native_us=1546 validate_us=370
BATCH stage=decode rows=16 tokens=16 us=1960 encode_us=24 native_us=1557 validate_us=378
BATCH stage=decode rows=16 tokens=16 us=1939 encode_us=19 native_us=1552 validate_us=367
BATCH stage=decode rows=15 tokens=15 us=1911 encode_us=29 native_us=1532 validate_us=349
BATCH stage=prefill rows=1 tokens=398 us=6791 encode_us=11 native_us=6730 validate_us=49
BATCH stage=decode rows=15 tokens=15 us=1894 encode_us=24 native_us=1524 validate_us=345
BATCH stage=prefill rows=1 tokens=16 us=2572 encode_us=6 native_us=2520 validate_us=45
BATCH stage=decode rows=16 tokens=16 us=1915 encode_us=21 native_us=1531 validate_us=362
BATCH stage=decode rows=16 tokens=16 us=1930 encode_us=23 native_us=1537 validate_us=369
BATCH stage=decode rows=16 tokens=16 us=1921 encode_us=18 native_us=1539 validate_us=363
BATCH stage=decode rows=16 tokens=16 us=1922 encode_us=24 native_us=1529 validate_us=367
BATCH stage=decode rows=16 tokens=16 us=1928 encode_us=25 native_us=1532 validate_us=370
BATCH stage=decode rows=16 tokens=16 us=1938 encode_us=26 native_us=1542 validate_us=369
BATCH stage=decode rows=16 tokens=16 us=1926 encode_us=20 native_us=1541 validate_us=363
BATCH stage=decode rows=16 tokens=16 us=1933 encode_us=18 native_us=1546 validate_us=367
BATCH stage=decode rows=16 tokens=16 us=1920 encode_us=18 native_us=1539 validate_us=361
BATCH stage=decode rows=16 tokens=16 us=1929 encode_us=18 native_us=1548 validate_us=361
BATCH stage=decode rows=16 tokens=16 us=1938 encode_us=22 native_us=1551 validate_us=364
BATCH stage=decode rows=16 tokens=16 us=1942 encode_us=21 native_us=1554 validate_us=366
BATCH stage=decode rows=16 tokens=16 us=1947 encode_us=26 native_us=1555 validate_us=365
BATCH stage=decode rows=16 tokens=16 us=1957 encode_us=29 native_us=1562 validate_us=365
BATCH stage=decode rows=16 tokens=16 us=1943 encode_us=20 native_us=1560 validate_us=362
BATCH stage=decode rows=16 tokens=16 us=1948 encode_us=25 native_us=1558 validate_us=364
BATCH stage=decode rows=16 tokens=16 us=1945 encode_us=22 native_us=1555 validate_us=367
BATCH stage=decode rows=15 tokens=15 us=1924 encode_us=29 native_us=1551 validate_us=343
BATCH stage=prefill rows=1 tokens=128 us=3083 encode_us=11 native_us=3023 validate_us=47
BATCH stage=decode rows=16 tokens=16 us=1956 encode_us=28 native_us=1559 validate_us=368
BATCH stage=decode rows=16 tokens=16 us=1942 encode_us=23 native_us=1553 validate_us=365
BATCH stage=decode rows=16 tokens=16 us=1961 encode_us=29 native_us=1559 validate_us=372
BATCH stage=decode rows=15 tokens=15 us=1926 encode_us=35 native_us=1540 validate_us=350
BATCH stage=prefill rows=1 tokens=398 us=6770 encode_us=11 native_us=6709 validate_us=48
BATCH stage=decode rows=15 tokens=15 us=1922 encode_us=26 native_us=1548 validate_us=347
BATCH stage=prefill rows=1 tokens=16 us=2577 encode_us=7 native_us=2524 validate_us=46
BATCH stage=decode rows=16 tokens=16 us=1946 encode_us=25 native_us=1556 validate_us=364
BATCH stage=decode rows=15 tokens=15 us=1920 encode_us=26 native_us=1551 validate_us=342
BATCH stage=prefill rows=1 tokens=128 us=3078 encode_us=11 native_us=3018 validate_us=48
BATCH stage=decode rows=16 tokens=16 us=1953 encode_us=27 native_us=1556 validate_us=370
BATCH stage=decode rows=16 tokens=16 us=1947 encode_us=24 native_us=1556 validate_us=366
BATCH stage=decode rows=16 tokens=16 us=1954 encode_us=28 native_us=1554 validate_us=370
BATCH stage=decode rows=15 tokens=15 us=1909 encode_us=29 native_us=1531 validate_us=348
BATCH stage=prefill rows=1 tokens=398 us=6837 encode_us=12 native_us=6750 validate_us=73
BATCH stage=decode rows=15 tokens=15 us=1911 encode_us=28 native_us=1535 validate_us=348
BATCH stage=prefill rows=1 tokens=16 us=2597 encode_us=11 native_us=2529 validate_us=56
BATCH stage=decode rows=16 tokens=16 us=1925 encode_us=25 native_us=1534 validate_us=365
BATCH stage=decode rows=15 tokens=15 us=1891 encode_us=22 native_us=1525 validate_us=344
BATCH stage=prefill rows=1 tokens=128 us=3082 encode_us=11 native_us=3017 validate_us=52
BATCH stage=decode rows=16 tokens=16 us=1936 encode_us=26 native_us=1541 validate_us=368
BATCH stage=decode rows=16 tokens=16 us=1931 encode_us=19 native_us=1539 validate_us=372
BATCH stage=decode rows=16 tokens=16 us=1925 encode_us=18 native_us=1536 validate_us=370
BATCH stage=decode rows=16 tokens=16 us=1943 encode_us=29 native_us=1542 validate_us=371
BATCH stage=decode rows=16 tokens=16 us=1945 encode_us=36 native_us=1537 validate_us=371
BATCH stage=decode rows=16 tokens=16 us=1926 encode_us=23 native_us=1537 validate_us=365
BATCH stage=decode rows=16 tokens=16 us=1924 encode_us=19 native_us=1543 validate_us=361
BATCH stage=decode rows=16 tokens=16 us=1948 encode_us=27 native_us=1549 validate_us=371
BATCH stage=decode rows=16 tokens=16 us=1943 encode_us=20 native_us=1557 validate_us=365
BATCH stage=decode rows=16 tokens=16 us=1945 encode_us=18 native_us=1555 validate_us=371
BATCH stage=decode rows=16 tokens=16 us=1948 encode_us=23 native_us=1560 validate_us=364
BATCH stage=decode rows=16 tokens=16 us=1937 encode_us=23 native_us=1547 validate_us=366
BATCH stage=decode rows=16 tokens=16 us=1948 encode_us=23 native_us=1557 validate_us=366
BATCH stage=decode rows=16 tokens=16 us=1945 encode_us=23 native_us=1559 validate_us=362
BATCH stage=decode rows=16 tokens=16 us=1952 encode_us=27 native_us=1560 validate_us=364
BATCH stage=decode rows=16 tokens=16 us=1948 encode_us=27 native_us=1553 validate_us=366
BATCH stage=decode rows=16 tokens=16 us=1940 encode_us=20 native_us=1553 validate_us=366
BATCH stage=decode rows=16 tokens=16 us=1944 encode_us=19 native_us=1560 validate_us=364
BATCH stage=decode rows=16 tokens=16 us=1949 encode_us=24 native_us=1555 validate_us=369
BATCH stage=decode rows=15 tokens=15 us=1924 encode_us=31 native_us=1541 validate_us=350
BATCH stage=prefill rows=1 tokens=398 us=6816 encode_us=12 native_us=6743 validate_us=59
BATCH stage=decode rows=15 tokens=15 us=1923 encode_us=27 native_us=1546 validate_us=349
BATCH stage=prefill rows=1 tokens=16 us=2585 encode_us=9 native_us=2527 validate_us=48
BATCH stage=decode rows=16 tokens=16 us=1951 encode_us=25 native_us=1559 validate_us=367
BATCH stage=decode rows=15 tokens=15 us=1904 encode_us=19 native_us=1538 validate_us=346
BATCH stage=prefill rows=1 tokens=128 us=3075 encode_us=11 native_us=3014 validate_us=49
BATCH stage=decode rows=16 tokens=16 us=1944 encode_us=27 native_us=1548 validate_us=368
BATCH stage=decode rows=16 tokens=16 us=1935 encode_us=20 native_us=1550 validate_us=364
BATCH stage=decode rows=16 tokens=16 us=1933 encode_us=18 native_us=1553 validate_us=361
BATCH stage=decode rows=15 tokens=15 us=1907 encode_us=28 native_us=1529 validate_us=349
BATCH stage=prefill rows=1 tokens=398 us=6813 encode_us=11 native_us=6751 validate_us=49
BATCH stage=decode rows=15 tokens=15 us=1908 encode_us=26 native_us=1531 validate_us=350
BATCH stage=prefill rows=1 tokens=16 us=2584 encode_us=11 native_us=2525 validate_us=47
BATCH stage=decode rows=16 tokens=16 us=1924 encode_us=24 native_us=1536 validate_us=362
BATCH stage=decode rows=15 tokens=15 us=1893 encode_us=22 native_us=1521 validate_us=350
BATCH stage=prefill rows=1 tokens=128 us=3075 encode_us=10 native_us=3017 validate_us=47
BATCH stage=decode rows=16 tokens=16 us=1923 encode_us=27 native_us=1527 validate_us=368
BATCH stage=decode rows=16 tokens=16 us=1916 encode_us=20 native_us=1533 validate_us=362
BATCH stage=decode rows=16 tokens=16 us=1923 encode_us=21 native_us=1537 validate_us=364
BATCH stage=decode rows=16 tokens=16 us=1916 encode_us=21 native_us=1530 validate_us=364
BATCH stage=decode rows=16 tokens=16 us=1920 encode_us=19 native_us=1535 validate_us=365
BATCH stage=decode rows=16 tokens=16 us=1918 encode_us=21 native_us=1531 validate_us=365
BATCH stage=decode rows=16 tokens=16 us=1931 encode_us=23 native_us=1538 validate_us=369
BATCH stage=decode rows=16 tokens=16 us=1962 encode_us=24 native_us=1548 validate_us=389
BATCH stage=decode rows=16 tokens=16 us=1948 encode_us=28 native_us=1551 validate_us=368
BATCH stage=decode rows=16 tokens=16 us=1950 encode_us=26 native_us=1555 validate_us=368
BATCH stage=decode rows=16 tokens=16 us=1938 encode_us=22 native_us=1548 validate_us=366
BATCH stage=decode rows=16 tokens=16 us=1942 encode_us=26 native_us=1548 validate_us=367
BATCH stage=decode rows=16 tokens=16 us=1940 encode_us=20 native_us=1556 validate_us=363
BATCH stage=decode rows=16 tokens=16 us=1946 encode_us=18 native_us=1563 validate_us=364
BATCH stage=decode rows=16 tokens=16 us=1954 encode_us=26 native_us=1560 validate_us=367
BATCH stage=decode rows=16 tokens=16 us=1942 encode_us=20 native_us=1557 validate_us=364
BATCH stage=decode rows=16 tokens=16 us=1942 encode_us=18 native_us=1563 validate_us=361
BATCH stage=decode rows=16 tokens=16 us=1950 encode_us=23 native_us=1558 validate_us=367
BATCH stage=decode rows=16 tokens=16 us=1961 encode_us=30 native_us=1557 validate_us=373
BATCH stage=decode rows=15 tokens=15 us=1913 encode_us=26 native_us=1541 validate_us=345
BATCH stage=prefill rows=1 tokens=398 us=6801 encode_us=12 native_us=6733 validate_us=55
BATCH stage=decode rows=15 tokens=15 us=1924 encode_us=26 native_us=1552 validate_us=346
BATCH stage=prefill rows=1 tokens=16 us=2583 encode_us=9 native_us=2524 validate_us=49
BATCH stage=decode rows=16 tokens=16 us=1956 encode_us=26 native_us=1564 validate_us=365
BATCH stage=decode rows=15 tokens=15 us=1913 encode_us=19 native_us=1550 validate_us=343
BATCH stage=prefill rows=1 tokens=128 us=3119 encode_us=12 native_us=3043 validate_us=63
BATCH stage=decode rows=16 tokens=16 us=1966 encode_us=27 native_us=1571 validate_us=368
BATCH stage=decode rows=16 tokens=16 us=1950 encode_us=21 native_us=1564 validate_us=364
BATCH stage=decode rows=16 tokens=16 us=1941 encode_us=22 native_us=1555 validate_us=363
BATCH stage=decode rows=15 tokens=15 us=1928 encode_us=27 native_us=1551 validate_us=349
BATCH stage=prefill rows=1 tokens=398 us=6845 encode_us=12 native_us=6766 validate_us=65
BATCH stage=decode rows=15 tokens=15 us=1931 encode_us=28 native_us=1552 validate_us=350
BATCH stage=prefill rows=1 tokens=16 us=2610 encode_us=10 native_us=2540 validate_us=60
BATCH stage=decode rows=16 tokens=16 us=1937 encode_us=22 native_us=1553 validate_us=362
BATCH stage=decode rows=15 tokens=15 us=1908 encode_us=25 native_us=1534 validate_us=349
BATCH stage=prefill rows=1 tokens=128 us=3087 encode_us=11 native_us=3022 validate_us=52
BATCH stage=decode rows=16 tokens=16 us=1946 encode_us=29 native_us=1544 validate_us=371
BATCH stage=decode rows=16 tokens=16 us=1937 encode_us=22 native_us=1550 validate_us=364
BATCH stage=decode rows=16 tokens=16 us=1932 encode_us=19 native_us=1549 validate_us=362
BATCH stage=decode rows=15 tokens=15 us=1890 encode_us=27 native_us=1511 validate_us=351
BATCH stage=prefill rows=1 tokens=398 us=6848 encode_us=12 native_us=6775 validate_us=59
BATCH stage=decode rows=16 tokens=16 us=1962 encode_us=28 native_us=1563 validate_us=370
BATCH stage=decode rows=16 tokens=16 us=1952 encode_us=22 native_us=1552 validate_us=377
BATCH stage=decode rows=16 tokens=16 us=1941 encode_us=20 native_us=1558 validate_us=362
BATCH stage=decode rows=16 tokens=16 us=1964 encode_us=29 native_us=1564 validate_us=370
BATCH stage=decode rows=16 tokens=16 us=1956 encode_us=22 native_us=1569 validate_us=364
BATCH stage=decode rows=16 tokens=16 us=1962 encode_us=21 native_us=1572 validate_us=367
BATCH stage=decode rows=16 tokens=16 us=1967 encode_us=24 native_us=1575 validate_us=368
BATCH stage=decode rows=16 tokens=16 us=1966 encode_us=21 native_us=1571 validate_us=372
BATCH stage=decode rows=16 tokens=16 us=1969 encode_us=26 native_us=1574 validate_us=368
BATCH stage=decode rows=16 tokens=16 us=1963 encode_us=21 native_us=1572 validate_us=369
BATCH stage=decode rows=16 tokens=16 us=1969 encode_us=28 native_us=1570 validate_us=370
BATCH stage=decode rows=16 tokens=16 us=1966 encode_us=25 native_us=1571 validate_us=369
BATCH stage=decode rows=16 tokens=16 us=1982 encode_us=32 native_us=1574 validate_us=375
BATCH stage=decode rows=16 tokens=16 us=1981 encode_us=28 native_us=1573 validate_us=380
BATCH stage=decode rows=16 tokens=16 us=1968 encode_us=26 native_us=1573 validate_us=368
BATCH stage=decode rows=16 tokens=16 us=1961 encode_us=22 native_us=1573 validate_us=365
BATCH stage=decode rows=15 tokens=15 us=1927 encode_us=29 native_us=1549 validate_us=348
BATCH stage=prefill rows=1 tokens=16 us=2574 encode_us=8 native_us=2520 validate_us=45
BATCH stage=decode rows=16 tokens=16 us=1941 encode_us=21 native_us=1557 validate_us=363
BATCH stage=decode rows=15 tokens=15 us=1919 encode_us=21 native_us=1553 validate_us=345
BATCH stage=prefill rows=1 tokens=128 us=3077 encode_us=11 native_us=3019 validate_us=47
BATCH stage=decode rows=16 tokens=16 us=1955 encode_us=29 native_us=1557 validate_us=368
BATCH stage=decode rows=16 tokens=16 us=1953 encode_us=23 native_us=1554 validate_us=375
BATCH stage=decode rows=16 tokens=16 us=1949 encode_us=24 native_us=1559 validate_us=366
BATCH stage=decode rows=15 tokens=15 us=1922 encode_us=29 native_us=1539 validate_us=352
BATCH stage=prefill rows=1 tokens=398 us=6799 encode_us=11 native_us=6734 validate_us=52
BATCH stage=decode rows=15 tokens=15 us=1927 encode_us=26 native_us=1554 validate_us=347
BATCH stage=prefill rows=1 tokens=16 us=2576 encode_us=6 native_us=2523 validate_us=45
BATCH stage=decode rows=16 tokens=16 us=1927 encode_us=19 native_us=1547 validate_us=360
BATCH stage=decode rows=15 tokens=15 us=1924 encode_us=29 native_us=1546 validate_us=347
BATCH stage=prefill rows=1 tokens=128 us=3077 encode_us=11 native_us=3018 validate_us=47
BATCH stage=decode rows=16 tokens=16 us=1951 encode_us=28 native_us=1555 validate_us=367
BATCH stage=decode rows=16 tokens=16 us=1943 encode_us=19 native_us=1560 validate_us=363
BATCH stage=decode rows=16 tokens=16 us=1956 encode_us=28 native_us=1551 validate_us=377
BATCH stage=decode rows=15 tokens=15 us=1909 encode_us=26 native_us=1534 validate_us=348
BATCH stage=prefill rows=1 tokens=398 us=6791 encode_us=12 native_us=6724 validate_us=54
BATCH stage=decode rows=15 tokens=15 us=1900 encode_us=25 native_us=1528 validate_us=346
BATCH stage=prefill rows=1 tokens=16 us=2575 encode_us=5 native_us=2523 validate_us=45
BATCH stage=decode rows=16 tokens=16 us=1914 encode_us=20 native_us=1534 validate_us=360
BATCH stage=decode rows=16 tokens=16 us=1922 encode_us=23 native_us=1532 validate_us=365
BATCH stage=decode rows=16 tokens=16 us=1922 encode_us=19 native_us=1541 validate_us=361
BATCH stage=decode rows=16 tokens=16 us=1914 encode_us=18 native_us=1535 validate_us=360
BATCH stage=decode rows=16 tokens=16 us=1934 encode_us=26 native_us=1538 validate_us=369
BATCH stage=decode rows=16 tokens=16 us=1920 encode_us=20 native_us=1533 validate_us=365
BATCH stage=decode rows=16 tokens=16 us=1927 encode_us=22 native_us=1539 validate_us=366
BATCH stage=decode rows=16 tokens=16 us=1921 encode_us=22 native_us=1534 validate_us=364
BATCH stage=decode rows=16 tokens=16 us=1932 encode_us=23 native_us=1542 validate_us=366
BATCH stage=decode rows=16 tokens=16 us=1936 encode_us=20 native_us=1551 validate_us=363
BATCH stage=decode rows=16 tokens=16 us=1942 encode_us=23 native_us=1552 validate_us=366
BATCH stage=decode rows=16 tokens=16 us=1943 encode_us=25 native_us=1554 validate_us=362
BATCH stage=decode rows=16 tokens=16 us=1948 encode_us=34 native_us=1547 validate_us=366
BATCH stage=decode rows=16 tokens=16 us=1952 encode_us=24 native_us=1555 validate_us=372
BATCH stage=decode rows=16 tokens=16 us=1953 encode_us=31 native_us=1556 validate_us=366
BATCH stage=decode rows=16 tokens=16 us=1938 encode_us=19 native_us=1555 validate_us=364
BATCH stage=decode rows=16 tokens=16 us=1949 encode_us=28 native_us=1556 validate_us=364
BATCH stage=decode rows=15 tokens=15 us=1917 encode_us=26 native_us=1549 validate_us=341
BATCH stage=prefill rows=1 tokens=128 us=3074 encode_us=12 native_us=3012 validate_us=49
BATCH stage=decode rows=16 tokens=16 us=1957 encode_us=28 native_us=1558 validate_us=370
BATCH stage=decode rows=16 tokens=16 us=1945 encode_us=21 native_us=1557 validate_us=365
BATCH stage=decode rows=16 tokens=16 us=1950 encode_us=25 native_us=1556 validate_us=367
BATCH stage=decode rows=15 tokens=15 us=1927 encode_us=31 native_us=1550 validate_us=344
BATCH stage=prefill rows=1 tokens=398 us=6818 encode_us=12 native_us=6746 validate_us=59
BATCH stage=decode rows=15 tokens=15 us=1924 encode_us=27 native_us=1550 validate_us=346
BATCH stage=prefill rows=1 tokens=16 us=2578 encode_us=7 native_us=2521 validate_us=49
BATCH stage=decode rows=16 tokens=16 us=1953 encode_us=25 native_us=1562 validate_us=365
BATCH stage=decode rows=15 tokens=15 us=1919 encode_us=24 native_us=1550 validate_us=345
BATCH stage=prefill rows=1 tokens=128 us=3092 encode_us=11 native_us=3026 validate_us=54
BATCH stage=decode rows=16 tokens=16 us=1958 encode_us=27 native_us=1561 validate_us=369
BATCH stage=decode rows=16 tokens=16 us=1943 encode_us=21 native_us=1556 validate_us=366
BATCH stage=decode rows=16 tokens=16 us=1945 encode_us=23 native_us=1557 validate_us=364
BATCH stage=decode rows=15 tokens=15 us=1906 encode_us=28 native_us=1531 validate_us=346
BATCH stage=prefill rows=1 tokens=398 us=6805 encode_us=12 native_us=6734 validate_us=58
BATCH stage=decode rows=15 tokens=15 us=1901 encode_us=25 native_us=1530 validate_us=344
BATCH stage=prefill rows=1 tokens=16 us=2576 encode_us=6 native_us=2522 validate_us=48
BATCH stage=decode rows=16 tokens=16 us=1921 encode_us=19 native_us=1540 validate_us=362
BATCH stage=decode rows=15 tokens=15 us=1896 encode_us=25 native_us=1526 validate_us=344
BATCH stage=prefill rows=1 tokens=128 us=3085 encode_us=11 native_us=3020 validate_us=53
BATCH stage=decode rows=16 tokens=16 us=1934 encode_us=28 native_us=1537 validate_us=369
BATCH stage=decode rows=16 tokens=16 us=1920 encode_us=20 native_us=1534 validate_us=365
BATCH stage=decode rows=16 tokens=16 us=1913 encode_us=18 native_us=1531 validate_us=363
BATCH stage=decode rows=16 tokens=16 us=1938 encode_us=25 native_us=1548 validate_us=365
BATCH stage=decode rows=16 tokens=16 us=1930 encode_us=23 native_us=1541 validate_us=364
BATCH stage=decode rows=16 tokens=16 us=1925 encode_us=25 native_us=1535 validate_us=364
BATCH stage=decode rows=16 tokens=16 us=1920 encode_us=18 native_us=1541 validate_us=360
BATCH stage=decode rows=16 tokens=16 us=1929 encode_us=19 native_us=1549 validate_us=360
BATCH stage=decode rows=16 tokens=16 us=1941 encode_us=21 native_us=1557 validate_us=362
BATCH stage=decode rows=16 tokens=16 us=1954 encode_us=29 native_us=1553 validate_us=370
BATCH stage=decode rows=16 tokens=16 us=1950 encode_us=24 native_us=1555 validate_us=370
BATCH stage=decode rows=16 tokens=16 us=1954 encode_us=21 native_us=1563 validate_us=369
BATCH stage=decode rows=16 tokens=16 us=1958 encode_us=25 native_us=1565 validate_us=367
BATCH stage=decode rows=16 tokens=16 us=1948 encode_us=19 native_us=1560 validate_us=369
BATCH stage=decode rows=16 tokens=16 us=1952 encode_us=25 native_us=1560 validate_us=366
BATCH stage=decode rows=16 tokens=16 us=1939 encode_us=20 native_us=1556 validate_us=362
BATCH stage=decode rows=16 tokens=16 us=1946 encode_us=19 native_us=1555 validate_us=372
BATCH stage=decode rows=16 tokens=16 us=1948 encode_us=23 native_us=1560 validate_us=364
BATCH stage=decode rows=16 tokens=16 us=1938 encode_us=19 native_us=1553 validate_us=365
BATCH stage=decode rows=15 tokens=15 us=1917 encode_us=28 native_us=1539 validate_us=349
BATCH stage=prefill rows=1 tokens=398 us=6798 encode_us=12 native_us=6736 validate_us=49
BATCH stage=decode rows=15 tokens=15 us=1931 encode_us=27 native_us=1550 validate_us=352
BATCH stage=prefill rows=1 tokens=16 us=2574 encode_us=8 native_us=2518 validate_us=47
BATCH stage=decode rows=16 tokens=16 us=1944 encode_us=29 native_us=1549 validate_us=366
BATCH stage=decode rows=15 tokens=15 us=1938 encode_us=26 native_us=1546 validate_us=365
BATCH stage=prefill rows=1 tokens=128 us=3097 encode_us=16 native_us=3031 validate_us=50
BATCH stage=decode rows=16 tokens=16 us=1954 encode_us=29 native_us=1551 validate_us=373
BATCH stage=decode rows=16 tokens=16 us=1951 encode_us=25 native_us=1561 validate_us=364
BATCH stage=decode rows=16 tokens=16 us=1950 encode_us=27 native_us=1552 validate_us=369
BATCH stage=decode rows=15 tokens=15 us=1910 encode_us=27 native_us=1533 validate_us=349
BATCH stage=prefill rows=1 tokens=398 us=6785 encode_us=11 native_us=6722 validate_us=51
BATCH stage=decode rows=15 tokens=15 us=1910 encode_us=27 native_us=1531 validate_us=351
BATCH stage=prefill rows=1 tokens=16 us=2574 encode_us=7 native_us=2521 validate_us=44
BATCH stage=decode rows=16 tokens=16 us=1919 encode_us=23 native_us=1534 validate_us=362
BATCH stage=decode rows=15 tokens=15 us=1884 encode_us=21 native_us=1521 validate_us=340
BATCH stage=prefill rows=1 tokens=128 us=3063 encode_us=11 native_us=3003 validate_us=48
BATCH stage=decode rows=16 tokens=16 us=1926 encode_us=26 native_us=1534 validate_us=365
BATCH stage=decode rows=16 tokens=16 us=1914 encode_us=19 native_us=1533 validate_us=360
BATCH stage=decode rows=16 tokens=16 us=1931 encode_us=26 native_us=1536 validate_us=368
BATCH stage=decode rows=16 tokens=16 us=1922 encode_us=23 native_us=1535 validate_us=363
BATCH stage=decode rows=16 tokens=16 us=1918 encode_us=18 native_us=1538 validate_us=361
BATCH stage=decode rows=16 tokens=16 us=1926 encode_us=25 native_us=1537 validate_us=363
BATCH stage=decode rows=16 tokens=16 us=1923 encode_us=18 native_us=1538 validate_us=365
BATCH stage=decode rows=16 tokens=16 us=1940 encode_us=24 native_us=1549 validate_us=366
BATCH stage=decode rows=16 tokens=16 us=1929 encode_us=20 native_us=1546 validate_us=362
BATCH stage=decode rows=16 tokens=16 us=1932 encode_us=19 native_us=1547 validate_us=366
BATCH stage=decode rows=16 tokens=16 us=1940 encode_us=20 native_us=1557 validate_us=362
BATCH stage=decode rows=16 tokens=16 us=1958 encode_us=28 native_us=1559 validate_us=369
BATCH stage=decode rows=16 tokens=16 us=1953 encode_us=26 native_us=1560 validate_us=366
BATCH stage=decode rows=16 tokens=16 us=1940 encode_us=20 native_us=1556 validate_us=362
BATCH stage=decode rows=16 tokens=16 us=1945 encode_us=24 native_us=1558 validate_us=363
BATCH stage=decode rows=16 tokens=16 us=1946 encode_us=18 native_us=1567 validate_us=360
BATCH stage=decode rows=16 tokens=16 us=1939 encode_us=16 native_us=1555 validate_us=366
BATCH stage=decode rows=16 tokens=16 us=1957 encode_us=22 native_us=1567 validate_us=367
BATCH stage=decode rows=16 tokens=16 us=1952 encode_us=24 native_us=1560 validate_us=367
BATCH stage=decode rows=15 tokens=15 us=1919 encode_us=27 native_us=1546 validate_us=345
BATCH stage=prefill rows=1 tokens=398 us=6817 encode_us=12 native_us=6742 validate_us=62
BATCH stage=decode rows=15 tokens=15 us=1937 encode_us=27 native_us=1560 validate_us=348
BATCH stage=prefill rows=1 tokens=16 us=2585 encode_us=7 native_us=2525 validate_us=51
BATCH stage=decode rows=16 tokens=16 us=1953 encode_us=27 native_us=1556 validate_us=368
BATCH stage=decode rows=15 tokens=15 us=1916 encode_us=21 native_us=1552 validate_us=342
BATCH stage=prefill rows=1 tokens=128 us=3075 encode_us=11 native_us=3014 validate_us=49
BATCH stage=decode rows=16 tokens=16 us=1958 encode_us=27 native_us=1559 validate_us=371
BATCH stage=decode rows=16 tokens=16 us=1948 encode_us=20 native_us=1562 validate_us=364
BATCH stage=decode rows=16 tokens=16 us=1957 encode_us=28 native_us=1558 validate_us=370
BATCH stage=decode rows=15 tokens=15 us=1921 encode_us=28 native_us=1544 validate_us=348
BATCH stage=prefill rows=1 tokens=398 us=6838 encode_us=11 native_us=6763 validate_us=63
BATCH stage=decode rows=15 tokens=15 us=1935 encode_us=26 native_us=1561 validate_us=346
BATCH stage=prefill rows=1 tokens=16 us=2584 encode_us=6 native_us=2527 validate_us=50
BATCH stage=decode rows=16 tokens=16 us=1928 encode_us=20 native_us=1547 validate_us=360
BATCH stage=decode rows=15 tokens=15 us=1915 encode_us=19 native_us=1551 validate_us=344
BATCH stage=prefill rows=1 tokens=128 us=3086 encode_us=11 native_us=3025 validate_us=50
BATCH stage=decode rows=16 tokens=16 us=1957 encode_us=29 native_us=1556 validate_us=371
BATCH stage=decode rows=16 tokens=16 us=1939 encode_us=20 native_us=1557 validate_us=361
BATCH stage=decode rows=16 tokens=16 us=1932 encode_us=18 native_us=1554 validate_us=359
BATCH stage=decode rows=15 tokens=15 us=1908 encode_us=27 native_us=1535 validate_us=345
BATCH stage=prefill rows=1 tokens=398 us=6813 encode_us=11 native_us=6748 validate_us=53
BATCH stage=decode rows=15 tokens=15 us=1899 encode_us=26 native_us=1524 validate_us=348
BATCH stage=prefill rows=1 tokens=16 us=2572 encode_us=7 native_us=2519 validate_us=45
BATCH stage=decode rows=16 tokens=16 us=1911 encode_us=19 native_us=1529 validate_us=362
BATCH stage=decode rows=16 tokens=16 us=1909 encode_us=16 native_us=1532 validate_us=361
BATCH stage=decode rows=16 tokens=16 us=1920 encode_us=19 native_us=1538 validate_us=361
BATCH stage=decode rows=16 tokens=16 us=1910 encode_us=16 native_us=1536 validate_us=357
BATCH stage=decode rows=16 tokens=16 us=1927 encode_us=27 native_us=1535 validate_us=364
BATCH stage=decode rows=16 tokens=16 us=1919 encode_us=19 native_us=1539 validate_us=360
BATCH stage=decode rows=16 tokens=16 us=1921 encode_us=21 native_us=1534 validate_us=365
BATCH stage=decode rows=16 tokens=16 us=1923 encode_us=19 native_us=1541 validate_us=362
BATCH stage=decode rows=16 tokens=16 us=1916 encode_us=18 native_us=1538 validate_us=359
BATCH stage=decode rows=16 tokens=16 us=1943 encode_us=26 native_us=1546 validate_us=369
BATCH stage=decode rows=16 tokens=16 us=1938 encode_us=20 native_us=1553 validate_us=364
BATCH stage=decode rows=16 tokens=16 us=1940 encode_us=22 native_us=1552 validate_us=365
BATCH stage=decode rows=16 tokens=16 us=1955 encode_us=28 native_us=1556 validate_us=370
BATCH stage=decode rows=16 tokens=16 us=1936 encode_us=18 native_us=1554 validate_us=363
BATCH stage=decode rows=16 tokens=16 us=1954 encode_us=27 native_us=1556 validate_us=370
BATCH stage=decode rows=16 tokens=16 us=1946 encode_us=21 native_us=1559 validate_us=365
BATCH stage=decode rows=16 tokens=16 us=1956 encode_us=20 native_us=1564 validate_us=371
BATCH stage=decode rows=15 tokens=15 us=1925 encode_us=26 native_us=1552 validate_us=347
BATCH stage=prefill rows=1 tokens=128 us=3074 encode_us=10 native_us=3013 validate_us=49
BATCH stage=decode rows=16 tokens=16 us=1959 encode_us=27 native_us=1563 validate_us=368
BATCH stage=decode rows=16 tokens=16 us=1956 encode_us=29 native_us=1562 validate_us=364
BATCH stage=decode rows=16 tokens=16 us=1964 encode_us=30 native_us=1562 validate_us=371
BATCH stage=decode rows=15 tokens=15 us=1918 encode_us=26 native_us=1542 validate_us=348
BATCH stage=prefill rows=1 tokens=398 us=6804 encode_us=11 native_us=6741 validate_us=51
BATCH stage=decode rows=15 tokens=15 us=1923 encode_us=25 native_us=1550 validate_us=347
BATCH stage=prefill rows=1 tokens=16 us=2577 encode_us=6 native_us=2525 validate_us=45
BATCH stage=decode rows=16 tokens=16 us=1936 encode_us=20 native_us=1555 validate_us=360
BATCH stage=decode rows=15 tokens=15 us=1921 encode_us=31 native_us=1544 validate_us=345
BATCH stage=prefill rows=1 tokens=128 us=3077 encode_us=11 native_us=3015 validate_us=49
BATCH stage=decode rows=16 tokens=16 us=1950 encode_us=26 native_us=1556 validate_us=367
BATCH stage=decode rows=16 tokens=16 us=1949 encode_us=27 native_us=1553 validate_us=369
BATCH stage=decode rows=16 tokens=16 us=1949 encode_us=27 native_us=1553 validate_us=368
BATCH stage=decode rows=15 tokens=15 us=1898 encode_us=26 native_us=1524 validate_us=347
BATCH stage=prefill rows=1 tokens=398 us=6792 encode_us=11 native_us=6731 validate_us=48
BATCH stage=decode rows=15 tokens=15 us=1904 encode_us=29 native_us=1524 validate_us=349
BATCH stage=prefill rows=1 tokens=16 us=2580 encode_us=10 native_us=2523 validate_us=46
BATCH stage=decode rows=16 tokens=16 us=1918 encode_us=21 native_us=1534 validate_us=361
BATCH stage=decode rows=15 tokens=15 us=1899 encode_us=19 native_us=1520 validate_us=359
BATCH stage=prefill rows=1 tokens=128 us=3080 encode_us=15 native_us=3014 validate_us=50
BATCH stage=decode rows=16 tokens=16 us=1936 encode_us=27 native_us=1538 validate_us=370
BATCH stage=decode rows=16 tokens=16 us=1922 encode_us=20 native_us=1538 validate_us=363
BATCH stage=decode rows=16 tokens=16 us=1926 encode_us=22 native_us=1538 validate_us=365
BATCH stage=decode rows=16 tokens=16 us=1924 encode_us=20 native_us=1540 validate_us=363
BATCH stage=decode rows=16 tokens=16 us=1940 encode_us=28 native_us=1538 validate_us=374
BATCH stage=decode rows=16 tokens=16 us=1924 encode_us=22 native_us=1536 validate_us=364
BATCH stage=decode rows=16 tokens=16 us=1920 encode_us=22 native_us=1538 validate_us=360
BATCH stage=decode rows=16 tokens=16 us=1952 encode_us=25 native_us=1548 validate_us=379
BATCH stage=decode rows=16 tokens=16 us=1964 encode_us=37 native_us=1554 validate_us=372
BATCH stage=decode rows=16 tokens=16 us=1941 encode_us=20 native_us=1549 validate_us=371
BATCH stage=decode rows=16 tokens=16 us=1945 encode_us=21 native_us=1558 validate_us=365
BATCH stage=decode rows=16 tokens=16 us=1947 encode_us=24 native_us=1555 validate_us=366
BATCH stage=decode rows=16 tokens=16 us=1955 encode_us=30 native_us=1558 validate_us=366
BATCH stage=decode rows=16 tokens=16 us=1938 encode_us=22 native_us=1551 validate_us=364
BATCH stage=decode rows=16 tokens=16 us=1937 encode_us=20 native_us=1554 validate_us=362
BATCH stage=decode rows=16 tokens=16 us=1945 encode_us=21 native_us=1558 validate_us=365
BATCH stage=decode rows=16 tokens=16 us=1948 encode_us=25 native_us=1559 validate_us=363
BATCH stage=decode rows=16 tokens=16 us=1939 encode_us=17 native_us=1559 validate_us=362
BATCH stage=decode rows=16 tokens=16 us=1948 encode_us=23 native_us=1557 validate_us=367
BATCH stage=decode rows=15 tokens=15 us=1923 encode_us=29 native_us=1543 validate_us=350
BATCH stage=prefill rows=1 tokens=398 us=6772 encode_us=11 native_us=6710 validate_us=50
BATCH stage=decode rows=15 tokens=15 us=1921 encode_us=25 native_us=1551 validate_us=344
BATCH stage=prefill rows=1 tokens=16 us=2574 encode_us=6 native_us=2522 validate_us=45
BATCH stage=decode rows=16 tokens=16 us=1935 encode_us=22 native_us=1546 validate_us=365
BATCH stage=decode rows=15 tokens=15 us=1904 encode_us=20 native_us=1538 validate_us=345
BATCH stage=prefill rows=1 tokens=128 us=3072 encode_us=11 native_us=3013 validate_us=46
BATCH stage=decode rows=16 tokens=16 us=1945 encode_us=25 native_us=1553 validate_us=366
BATCH stage=decode rows=16 tokens=16 us=1940 encode_us=23 native_us=1554 validate_us=362
BATCH stage=decode rows=16 tokens=16 us=1950 encode_us=18 native_us=1557 validate_us=373
BATCH stage=decode rows=15 tokens=15 us=1925 encode_us=32 native_us=1538 validate_us=354
BATCH stage=prefill rows=1 tokens=398 us=6811 encode_us=12 native_us=6742 validate_us=56
BATCH stage=decode rows=15 tokens=15 us=1908 encode_us=28 native_us=1527 validate_us=352
BATCH stage=prefill rows=1 tokens=16 us=2570 encode_us=7 native_us=2515 validate_us=47
BATCH stage=decode rows=16 tokens=16 us=1918 encode_us=22 native_us=1535 validate_us=360
BATCH stage=decode rows=15 tokens=15 us=1885 encode_us=20 native_us=1522 validate_us=342
BATCH stage=prefill rows=1 tokens=128 us=3076 encode_us=11 native_us=3016 validate_us=48
BATCH stage=decode rows=16 tokens=16 us=1930 encode_us=27 native_us=1535 validate_us=366
BATCH stage=decode rows=16 tokens=16 us=1913 encode_us=20 native_us=1530 validate_us=362
BATCH stage=decode rows=16 tokens=16 us=1934 encode_us=27 native_us=1537 validate_us=369
BATCH stage=decode rows=16 tokens=16 us=1925 encode_us=25 native_us=1533 validate_us=366
BATCH stage=decode rows=16 tokens=16 us=1933 encode_us=31 native_us=1536 validate_us=365
BATCH stage=decode rows=16 tokens=16 us=1935 encode_us=22 native_us=1540 validate_us=372
BATCH stage=decode rows=16 tokens=16 us=1933 encode_us=24 native_us=1541 validate_us=367
BATCH stage=decode rows=16 tokens=16 us=1938 encode_us=21 native_us=1547 validate_us=369
BATCH stage=decode rows=16 tokens=16 us=1935 encode_us=21 native_us=1547 validate_us=365
BATCH stage=decode rows=16 tokens=16 us=1949 encode_us=27 native_us=1551 validate_us=369
BATCH stage=decode rows=16 tokens=16 us=1953 encode_us=26 native_us=1558 validate_us=367
BATCH stage=decode rows=16 tokens=16 us=1947 encode_us=25 native_us=1556 validate_us=364
BATCH stage=decode rows=16 tokens=16 us=1940 encode_us=20 native_us=1555 validate_us=363
BATCH stage=decode rows=16 tokens=16 us=1947 encode_us=23 native_us=1559 validate_us=364
BATCH stage=decode rows=16 tokens=16 us=1945 encode_us=27 native_us=1553 validate_us=364
BATCH stage=decode rows=16 tokens=16 us=1949 encode_us=24 native_us=1554 validate_us=369
BATCH stage=decode rows=16 tokens=16 us=1949 encode_us=19 native_us=1562 validate_us=366
BATCH stage=decode rows=16 tokens=16 us=1941 encode_us=18 native_us=1555 validate_us=368
BATCH stage=decode rows=16 tokens=16 us=1947 encode_us=24 native_us=1556 validate_us=366
BATCH stage=decode rows=15 tokens=15 us=1929 encode_us=33 native_us=1544 validate_us=351
BATCH stage=prefill rows=1 tokens=398 us=6810 encode_us=12 native_us=6742 validate_us=55
BATCH stage=decode rows=15 tokens=15 us=1928 encode_us=27 native_us=1551 validate_us=349
BATCH stage=prefill rows=1 tokens=16 us=2576 encode_us=6 native_us=2522 validate_us=47
BATCH stage=decode rows=16 tokens=16 us=1952 encode_us=23 native_us=1561 validate_us=367
BATCH stage=decode rows=15 tokens=15 us=1910 encode_us=23 native_us=1540 validate_us=346
BATCH stage=prefill rows=1 tokens=128 us=3075 encode_us=11 native_us=3015 validate_us=48
BATCH stage=decode rows=16 tokens=16 us=1954 encode_us=27 native_us=1558 validate_us=369
BATCH stage=decode rows=16 tokens=16 us=1952 encode_us=26 native_us=1555 validate_us=370
BATCH stage=decode rows=16 tokens=16 us=1952 encode_us=29 native_us=1555 validate_us=366
BATCH stage=decode rows=15 tokens=15 us=1905 encode_us=25 native_us=1534 validate_us=346
BATCH stage=prefill rows=1 tokens=398 us=6809 encode_us=11 native_us=6745 validate_us=52
BATCH stage=decode rows=15 tokens=15 us=1907 encode_us=26 native_us=1534 validate_us=346
BATCH stage=prefill rows=1 tokens=16 us=2571 encode_us=6 native_us=2517 validate_us=46
BATCH stage=decode rows=16 tokens=16 us=1940 encode_us=22 native_us=1546 validate_us=370
BATCH stage=decode rows=15 tokens=15 us=1897 encode_us=24 native_us=1525 validate_us=347
BATCH stage=prefill rows=1 tokens=128 us=3065 encode_us=11 native_us=3004 validate_us=49
BATCH stage=decode rows=16 tokens=16 us=1930 encode_us=26 native_us=1536 validate_us=366
BATCH stage=decode rows=16 tokens=16 us=1925 encode_us=19 native_us=1539 validate_us=366
BATCH stage=decode rows=16 tokens=16 us=1933 encode_us=23 native_us=1539 validate_us=370
BATCH stage=decode rows=15 tokens=15 us=1902 encode_us=34 native_us=1512 validate_us=355
BATCH stage=prefill rows=1 tokens=398 us=6805 encode_us=13 native_us=6736 validate_us=54
BATCH stage=decode rows=16 tokens=16 us=1959 encode_us=29 native_us=1559 validate_us=370
BATCH stage=decode rows=16 tokens=16 us=1941 encode_us=21 native_us=1555 validate_us=364
BATCH stage=decode rows=16 tokens=16 us=1945 encode_us=26 native_us=1556 validate_us=362
BATCH stage=decode rows=16 tokens=16 us=1963 encode_us=28 native_us=1564 validate_us=370
BATCH stage=decode rows=16 tokens=16 us=1964 encode_us=26 native_us=1570 validate_us=367
BATCH stage=decode rows=16 tokens=16 us=1959 encode_us=27 native_us=1563 validate_us=368
BATCH stage=decode rows=16 tokens=16 us=1972 encode_us=25 native_us=1571 validate_us=375
BATCH stage=decode rows=16 tokens=16 us=1970 encode_us=26 native_us=1571 validate_us=371
BATCH stage=decode rows=16 tokens=16 us=1964 encode_us=24 native_us=1575 validate_us=364
BATCH stage=decode rows=16 tokens=16 us=1959 encode_us=25 native_us=1567 validate_us=365
BATCH stage=decode rows=16 tokens=16 us=1957 encode_us=22 native_us=1571 validate_us=363
BATCH stage=decode rows=16 tokens=16 us=1965 encode_us=25 native_us=1571 validate_us=368
BATCH stage=decode rows=16 tokens=16 us=1991 encode_us=41 native_us=1576 validate_us=373
BATCH stage=decode rows=16 tokens=16 us=1984 encode_us=34 native_us=1576 validate_us=372
BATCH stage=decode rows=16 tokens=16 us=1974 encode_us=23 native_us=1575 validate_us=375
BATCH stage=decode rows=16 tokens=16 us=1963 encode_us=24 native_us=1571 validate_us=367
BATCH stage=decode rows=15 tokens=15 us=1922 encode_us=27 native_us=1544 validate_us=349
BATCH stage=prefill rows=1 tokens=16 us=2585 encode_us=8 native_us=2530 validate_us=47
BATCH stage=decode rows=16 tokens=16 us=1952 encode_us=25 native_us=1558 validate_us=367
BATCH stage=decode rows=15 tokens=15 us=1922 encode_us=26 native_us=1550 validate_us=345
BATCH stage=prefill rows=1 tokens=128 us=3088 encode_us=12 native_us=3024 validate_us=51
BATCH stage=decode rows=16 tokens=16 us=1947 encode_us=28 native_us=1549 validate_us=369
BATCH stage=decode rows=16 tokens=16 us=1941 encode_us=20 native_us=1555 validate_us=364
BATCH stage=decode rows=16 tokens=16 us=1944 encode_us=23 native_us=1555 validate_us=365
BATCH stage=decode rows=15 tokens=15 us=1917 encode_us=28 native_us=1540 validate_us=348
BATCH stage=prefill rows=1 tokens=398 us=6781 encode_us=11 native_us=6720 validate_us=50
BATCH stage=decode rows=15 tokens=15 us=1928 encode_us=29 native_us=1551 validate_us=348
BATCH stage=prefill rows=1 tokens=16 us=2576 encode_us=7 native_us=2524 validate_us=44
BATCH stage=decode rows=16 tokens=16 us=1940 encode_us=21 native_us=1555 validate_us=362
BATCH stage=decode rows=15 tokens=15 us=1901 encode_us=19 native_us=1538 validate_us=343
BATCH stage=prefill rows=1 tokens=128 us=3084 encode_us=11 native_us=3023 validate_us=49
BATCH stage=decode rows=16 tokens=16 us=1949 encode_us=26 native_us=1557 validate_us=366
BATCH stage=decode rows=16 tokens=16 us=1933 encode_us=23 native_us=1549 validate_us=360
BATCH stage=decode rows=16 tokens=16 us=1949 encode_us=29 native_us=1548 validate_us=371
BATCH stage=decode rows=15 tokens=15 us=1903 encode_us=27 native_us=1527 validate_us=348
BATCH stage=prefill rows=1 tokens=398 us=6794 encode_us=11 native_us=6732 validate_us=50
BATCH stage=decode rows=15 tokens=15 us=1898 encode_us=25 native_us=1524 validate_us=348
BATCH stage=prefill rows=1 tokens=16 us=2574 encode_us=6 native_us=2522 validate_us=45
BATCH stage=decode rows=16 tokens=16 us=1919 encode_us=22 native_us=1531 validate_us=365
BATCH stage=decode rows=16 tokens=16 us=1910 encode_us=19 native_us=1527 validate_us=363
BATCH stage=decode rows=16 tokens=16 us=1908 encode_us=17 native_us=1531 validate_us=359
BATCH stage=decode rows=16 tokens=16 us=1917 encode_us=21 native_us=1533 validate_us=362
BATCH stage=decode rows=16 tokens=16 us=1926 encode_us=22 native_us=1536 validate_us=367
BATCH stage=decode rows=16 tokens=16 us=1925 encode_us=20 native_us=1540 validate_us=364
BATCH stage=decode rows=16 tokens=16 us=1925 encode_us=22 native_us=1538 validate_us=364
BATCH stage=decode rows=16 tokens=16 us=1926 encode_us=21 native_us=1539 validate_us=364
BATCH stage=decode rows=16 tokens=16 us=1914 encode_us=18 native_us=1535 validate_us=360
BATCH stage=decode rows=16 tokens=16 us=1942 encode_us=24 native_us=1553 validate_us=364
BATCH stage=decode rows=16 tokens=16 us=1927 encode_us=18 native_us=1547 validate_us=361
BATCH stage=decode rows=16 tokens=16 us=1947 encode_us=25 native_us=1556 validate_us=365
BATCH stage=decode rows=16 tokens=16 us=1940 encode_us=22 native_us=1550 validate_us=366
BATCH stage=decode rows=16 tokens=16 us=1959 encode_us=37 native_us=1552 validate_us=370
BATCH stage=decode rows=16 tokens=16 us=1944 encode_us=21 native_us=1556 validate_us=366
BATCH stage=decode rows=16 tokens=16 us=1943 encode_us=17 native_us=1558 validate_us=367
BATCH stage=decode rows=16 tokens=16 us=1941 encode_us=22 native_us=1555 validate_us=364
BATCH stage=decode rows=15 tokens=15 us=1911 encode_us=19 native_us=1550 validate_us=341
BATCH stage=prefill rows=1 tokens=128 us=3084 encode_us=11 native_us=3022 validate_us=50
BATCH stage=decode rows=16 tokens=16 us=1966 encode_us=27 native_us=1558 validate_us=380
BATCH stage=decode rows=16 tokens=16 us=1950 encode_us=22 native_us=1560 validate_us=366
BATCH stage=decode rows=16 tokens=16 us=1951 encode_us=25 native_us=1560 validate_us=365
BATCH stage=decode rows=15 tokens=15 us=1910 encode_us=23 native_us=1541 validate_us=344
BATCH stage=prefill rows=1 tokens=398 us=6809 encode_us=11 native_us=6733 validate_us=63
BATCH stage=decode rows=15 tokens=15 us=1928 encode_us=25 native_us=1557 validate_us=345
BATCH stage=prefill rows=1 tokens=16 us=2582 encode_us=6 native_us=2524 validate_us=50
BATCH stage=decode rows=16 tokens=16 us=1939 encode_us=19 native_us=1554 validate_us=365
BATCH stage=decode rows=15 tokens=15 us=1908 encode_us=23 native_us=1542 validate_us=342
BATCH stage=prefill rows=1 tokens=128 us=3077 encode_us=11 native_us=3017 validate_us=49
BATCH stage=decode rows=16 tokens=16 us=1942 encode_us=25 native_us=1548 validate_us=368
BATCH stage=decode rows=16 tokens=16 us=1938 encode_us=20 native_us=1555 validate_us=363
BATCH stage=decode rows=16 tokens=16 us=1948 encode_us=25 native_us=1556 validate_us=366
BATCH stage=decode rows=15 tokens=15 us=1909 encode_us=28 native_us=1533 validate_us=348
BATCH stage=prefill rows=1 tokens=398 us=6787 encode_us=11 native_us=6725 validate_us=50
BATCH stage=decode rows=15 tokens=15 us=1898 encode_us=24 native_us=1529 validate_us=344
BATCH stage=prefill rows=1 tokens=16 us=2572 encode_us=5 native_us=2519 validate_us=46
BATCH stage=decode rows=16 tokens=16 us=1916 encode_us=19 native_us=1533 validate_us=363
BATCH stage=decode rows=15 tokens=15 us=1888 encode_us=22 native_us=1521 validate_us=344
BATCH stage=prefill rows=1 tokens=128 us=3072 encode_us=10 native_us=3013 validate_us=48
BATCH stage=decode rows=16 tokens=16 us=1925 encode_us=26 native_us=1533 validate_us=366
BATCH stage=decode rows=16 tokens=16 us=1911 encode_us=19 native_us=1530 validate_us=361
BATCH stage=decode rows=16 tokens=16 us=1906 encode_us=17 native_us=1528 validate_us=359
BATCH stage=decode rows=16 tokens=16 us=1924 encode_us=23 native_us=1537 validate_us=363
BATCH stage=decode rows=16 tokens=16 us=1935 encode_us=26 native_us=1539 validate_us=368
BATCH stage=decode rows=16 tokens=16 us=1932 encode_us=26 native_us=1538 validate_us=367
BATCH stage=decode rows=16 tokens=16 us=1921 encode_us=19 native_us=1539 validate_us=362
BATCH stage=decode rows=16 tokens=16 us=1944 encode_us=26 native_us=1547 validate_us=369
BATCH stage=decode rows=16 tokens=16 us=1937 encode_us=20 native_us=1554 validate_us=361
BATCH stage=decode rows=16 tokens=16 us=1953 encode_us=29 native_us=1552 validate_us=370
BATCH stage=decode rows=16 tokens=16 us=1952 encode_us=26 native_us=1560 validate_us=366
BATCH stage=decode rows=16 tokens=16 us=1941 encode_us=21 native_us=1554 validate_us=365
BATCH stage=decode rows=16 tokens=16 us=1956 encode_us=29 native_us=1557 validate_us=369
BATCH stage=decode rows=16 tokens=16 us=1943 encode_us=20 native_us=1555 validate_us=366
BATCH stage=decode rows=16 tokens=16 us=1943 encode_us=19 native_us=1561 validate_us=362
BATCH stage=decode rows=16 tokens=16 us=1963 encode_us=23 native_us=1560 validate_us=378
BATCH stage=decode rows=16 tokens=16 us=1939 encode_us=18 native_us=1560 validate_us=361
BATCH stage=decode rows=16 tokens=16 us=1953 encode_us=28 native_us=1561 validate_us=363
BATCH stage=decode rows=16 tokens=16 us=1949 encode_us=25 native_us=1560 validate_us=364
BATCH stage=decode rows=15 tokens=15 us=1924 encode_us=30 native_us=1542 validate_us=351
BATCH stage=prefill rows=1 tokens=398 us=6828 encode_us=12 native_us=6757 validate_us=59
BATCH stage=decode rows=15 tokens=15 us=1933 encode_us=29 native_us=1556 validate_us=348
BATCH stage=prefill rows=1 tokens=16 us=2583 encode_us=8 native_us=2523 validate_us=50
BATCH stage=decode rows=16 tokens=16 us=1939 encode_us=24 native_us=1550 validate_us=364
BATCH stage=decode rows=15 tokens=15 us=1923 encode_us=21 native_us=1550 validate_us=351
BATCH stage=prefill rows=1 tokens=128 us=3095 encode_us=11 native_us=3025 validate_us=58
BATCH stage=decode rows=16 tokens=16 us=1958 encode_us=27 native_us=1562 validate_us=368
BATCH stage=decode rows=16 tokens=16 us=1939 encode_us=19 native_us=1555 validate_us=363
BATCH stage=decode rows=16 tokens=16 us=1954 encode_us=28 native_us=1555 validate_us=370
BATCH stage=decode rows=15 tokens=15 us=1915 encode_us=26 native_us=1540 validate_us=347
BATCH stage=prefill rows=1 tokens=398 us=6846 encode_us=12 native_us=6762 validate_us=72
BATCH stage=decode rows=15 tokens=15 us=1925 encode_us=28 native_us=1545 validate_us=351
BATCH stage=prefill rows=1 tokens=16 us=2588 encode_us=7 native_us=2527 validate_us=52
BATCH stage=decode rows=16 tokens=16 us=1929 encode_us=26 native_us=1536 validate_us=366
BATCH stage=decode rows=15 tokens=15 us=1907 encode_us=24 native_us=1535 validate_us=347
BATCH stage=prefill rows=1 tokens=128 us=3081 encode_us=11 native_us=3016 validate_us=53
BATCH stage=decode rows=16 tokens=16 us=1930 encode_us=27 native_us=1534 validate_us=367
BATCH stage=decode rows=16 tokens=16 us=1923 encode_us=20 native_us=1542 validate_us=361
BATCH stage=decode rows=16 tokens=16 us=1933 encode_us=28 native_us=1538 validate_us=366
BATCH stage=decode rows=16 tokens=16 us=1930 encode_us=22 native_us=1541 validate_us=365
BATCH stage=decode rows=16 tokens=16 us=1928 encode_us=19 native_us=1543 validate_us=365
BATCH stage=decode rows=16 tokens=16 us=1931 encode_us=25 native_us=1539 validate_us=366
BATCH stage=decode rows=16 tokens=16 us=1925 encode_us=18 native_us=1544 validate_us=362
BATCH stage=decode rows=16 tokens=16 us=1950 encode_us=23 native_us=1556 validate_us=370
BATCH stage=decode rows=16 tokens=16 us=1940 encode_us=21 native_us=1556 validate_us=363
BATCH stage=decode rows=16 tokens=16 us=1939 encode_us=18 native_us=1559 validate_us=360
BATCH stage=decode rows=16 tokens=16 us=1943 encode_us=22 native_us=1556 validate_us=364
BATCH stage=decode rows=16 tokens=16 us=1954 encode_us=28 native_us=1556 validate_us=369
BATCH stage=decode rows=16 tokens=16 us=1947 encode_us=26 native_us=1554 validate_us=366
BATCH stage=decode rows=16 tokens=16 us=1939 encode_us=20 native_us=1555 validate_us=364
BATCH stage=decode rows=16 tokens=16 us=1960 encode_us=25 native_us=1567 validate_us=368
BATCH stage=decode rows=16 tokens=16 us=1962 encode_us=25 native_us=1569 validate_us=367
BATCH stage=decode rows=16 tokens=16 us=1950 encode_us=21 native_us=1564 validate_us=364
BATCH stage=decode rows=16 tokens=16 us=1949 encode_us=21 native_us=1564 validate_us=363
BATCH stage=decode rows=16 tokens=16 us=1954 encode_us=26 native_us=1562 validate_us=366
BATCH stage=decode rows=15 tokens=15 us=1919 encode_us=24 native_us=1547 validate_us=347
BATCH stage=prefill rows=1 tokens=398 us=6828 encode_us=22 native_us=6753 validate_us=51
BATCH stage=decode rows=15 tokens=15 us=1929 encode_us=28 native_us=1549 validate_us=351
BATCH stage=prefill rows=1 tokens=16 us=2576 encode_us=7 native_us=2523 validate_us=45
BATCH stage=decode rows=16 tokens=16 us=1934 encode_us=20 native_us=1554 validate_us=360
BATCH stage=decode rows=15 tokens=15 us=1916 encode_us=22 native_us=1544 validate_us=349
BATCH stage=prefill rows=1 tokens=128 us=3065 encode_us=10 native_us=3006 validate_us=47
BATCH stage=decode rows=16 tokens=16 us=1955 encode_us=27 native_us=1554 validate_us=373
BATCH stage=decode rows=16 tokens=16 us=1951 encode_us=22 native_us=1561 validate_us=366
BATCH stage=decode rows=16 tokens=16 us=1961 encode_us=27 native_us=1563 validate_us=370
BATCH stage=decode rows=15 tokens=15 us=1913 encode_us=27 native_us=1539 validate_us=346
BATCH stage=prefill rows=1 tokens=398 us=6806 encode_us=11 native_us=6742 validate_us=52
BATCH stage=decode rows=15 tokens=15 us=1926 encode_us=27 native_us=1548 validate_us=350
BATCH stage=prefill rows=1 tokens=16 us=2583 encode_us=8 native_us=2525 validate_us=49
BATCH stage=decode rows=16 tokens=16 us=1940 encode_us=22 native_us=1554 validate_us=362
BATCH stage=decode rows=15 tokens=15 us=1912 encode_us=26 native_us=1540 validate_us=346
BATCH stage=prefill rows=1 tokens=128 us=3083 encode_us=11 native_us=3020 validate_us=51
BATCH stage=decode rows=16 tokens=16 us=1948 encode_us=27 native_us=1551 validate_us=369
BATCH stage=decode rows=16 tokens=16 us=1933 encode_us=19 native_us=1550 validate_us=363
BATCH stage=decode rows=16 tokens=16 us=1929 encode_us=18 native_us=1548 validate_us=362
BATCH stage=decode rows=15 tokens=15 us=1904 encode_us=28 native_us=1526 validate_us=349
BATCH stage=prefill rows=1 tokens=398 us=6794 encode_us=11 native_us=6725 validate_us=57
BATCH stage=decode rows=15 tokens=15 us=1905 encode_us=27 native_us=1530 validate_us=346
BATCH stage=prefill rows=1 tokens=16 us=2579 encode_us=7 native_us=2524 validate_us=48
BATCH stage=decode rows=16 tokens=16 us=1917 encode_us=20 native_us=1533 validate_us=362
BATCH stage=decode rows=16 tokens=16 us=1921 encode_us=22 native_us=1534 validate_us=364
BATCH stage=decode rows=16 tokens=16 us=1910 encode_us=17 native_us=1532 validate_us=359
BATCH stage=decode rows=16 tokens=16 us=1920 encode_us=21 native_us=1536 validate_us=361
BATCH stage=decode rows=16 tokens=16 us=1921 encode_us=25 native_us=1531 validate_us=364
BATCH stage=decode rows=16 tokens=16 us=1913 encode_us=19 native_us=1533 validate_us=360
BATCH stage=decode rows=16 tokens=16 us=1915 encode_us=19 native_us=1535 validate_us=360
BATCH stage=decode rows=16 tokens=16 us=1926 encode_us=23 native_us=1539 validate_us=363
BATCH stage=decode rows=16 tokens=16 us=1931 encode_us=19 native_us=1540 validate_us=372
BATCH stage=decode rows=16 tokens=16 us=1942 encode_us=26 native_us=1546 validate_us=369
BATCH stage=decode rows=16 tokens=16 us=1949 encode_us=21 native_us=1557 validate_us=370
BATCH stage=decode rows=16 tokens=16 us=1950 encode_us=26 native_us=1551 validate_us=371
BATCH stage=decode rows=16 tokens=16 us=1956 encode_us=26 native_us=1553 validate_us=375
BATCH stage=decode rows=16 tokens=16 us=1942 encode_us=22 native_us=1554 validate_us=364
BATCH stage=decode rows=16 tokens=16 us=1955 encode_us=24 native_us=1559 validate_us=372
BATCH stage=decode rows=16 tokens=16 us=1942 encode_us=21 native_us=1555 validate_us=365
BATCH stage=decode rows=16 tokens=16 us=1944 encode_us=23 native_us=1558 validate_us=362
BATCH stage=decode rows=15 tokens=15 us=1920 encode_us=26 native_us=1548 validate_us=345
BATCH stage=prefill rows=1 tokens=128 us=3073 encode_us=11 native_us=3013 validate_us=48
BATCH stage=decode rows=16 tokens=16 us=1956 encode_us=28 native_us=1560 validate_us=368
BATCH stage=decode rows=16 tokens=16 us=1946 encode_us=23 native_us=1558 validate_us=364
BATCH stage=decode rows=16 tokens=16 us=1948 encode_us=25 native_us=1555 validate_us=367
BATCH stage=decode rows=15 tokens=15 us=1904 encode_us=28 native_us=1526 validate_us=348
BATCH stage=prefill rows=1 tokens=398 us=6806 encode_us=11 native_us=6737 validate_us=57
BATCH stage=decode rows=15 tokens=15 us=1928 encode_us=26 native_us=1553 validate_us=348
BATCH stage=prefill rows=1 tokens=16 us=2575 encode_us=6 native_us=2520 validate_us=47
BATCH stage=decode rows=16 tokens=16 us=1937 encode_us=24 native_us=1548 validate_us=364
BATCH stage=decode rows=15 tokens=15 us=1913 encode_us=27 native_us=1543 validate_us=342
BATCH stage=prefill rows=1 tokens=128 us=3069 encode_us=11 native_us=3007 validate_us=49
BATCH stage=decode rows=16 tokens=16 us=1948 encode_us=27 native_us=1554 validate_us=367
BATCH stage=decode rows=16 tokens=16 us=1953 encode_us=28 native_us=1561 validate_us=364
BATCH stage=decode rows=16 tokens=16 us=1965 encode_us=35 native_us=1560 validate_us=370
BATCH stage=decode rows=15 tokens=15 us=1914 encode_us=35 native_us=1531 validate_us=346
BATCH stage=prefill rows=1 tokens=398 us=6783 encode_us=11 native_us=6718 validate_us=53
BATCH stage=decode rows=15 tokens=15 us=1901 encode_us=28 native_us=1527 validate_us=345
BATCH stage=prefill rows=1 tokens=16 us=2580 encode_us=7 native_us=2526 validate_us=46
BATCH stage=decode rows=16 tokens=16 us=1913 encode_us=20 native_us=1532 validate_us=360
BATCH stage=decode rows=15 tokens=15 us=1899 encode_us=25 native_us=1525 validate_us=347
BATCH stage=prefill rows=1 tokens=128 us=3083 encode_us=11 native_us=3018 validate_us=53
BATCH stage=decode rows=16 tokens=16 us=1928 encode_us=27 native_us=1532 validate_us=369
BATCH stage=decode rows=16 tokens=16 us=1918 encode_us=21 native_us=1533 validate_us=363
BATCH stage=decode rows=16 tokens=16 us=1931 encode_us=25 native_us=1535 validate_us=370
BATCH stage=decode rows=16 tokens=16 us=1919 encode_us=23 native_us=1529 validate_us=366
BATCH stage=decode rows=16 tokens=16 us=1934 encode_us=33 native_us=1533 validate_us=367
BATCH stage=decode rows=16 tokens=16 us=1924 encode_us=26 native_us=1533 validate_us=364
BATCH stage=decode rows=16 tokens=16 us=1923 encode_us=22 native_us=1539 validate_us=361
BATCH stage=decode rows=16 tokens=16 us=1947 encode_us=28 native_us=1550 validate_us=368
BATCH stage=decode rows=16 tokens=16 us=1943 encode_us=28 native_us=1550 validate_us=363
BATCH stage=decode rows=16 tokens=16 us=1928 encode_us=18 native_us=1546 validate_us=363
BATCH stage=decode rows=16 tokens=16 us=1941 encode_us=23 native_us=1549 validate_us=368
BATCH stage=decode rows=16 tokens=16 us=1949 encode_us=25 native_us=1557 validate_us=366
BATCH stage=decode rows=16 tokens=16 us=1949 encode_us=26 native_us=1553 validate_us=368
BATCH stage=decode rows=16 tokens=16 us=1938 encode_us=20 native_us=1553 validate_us=364
BATCH stage=decode rows=16 tokens=16 us=1958 encode_us=31 native_us=1555 validate_us=372
BATCH stage=decode rows=16 tokens=16 us=1948 encode_us=26 native_us=1555 validate_us=366
BATCH stage=decode rows=16 tokens=16 us=1941 encode_us=19 native_us=1554 validate_us=366
BATCH stage=decode rows=16 tokens=16 us=1945 encode_us=19 native_us=1554 validate_us=371
BATCH stage=decode rows=16 tokens=16 us=1947 encode_us=22 native_us=1558 validate_us=366
BATCH stage=decode rows=15 tokens=15 us=1923 encode_us=32 native_us=1538 validate_us=352
BATCH stage=prefill rows=1 tokens=398 us=6807 encode_us=11 native_us=6744 validate_us=51
BATCH stage=decode rows=15 tokens=15 us=1927 encode_us=25 native_us=1556 validate_us=345
BATCH stage=prefill rows=1 tokens=16 us=2596 encode_us=6 native_us=2531 validate_us=58
BATCH stage=decode rows=16 tokens=16 us=1945 encode_us=24 native_us=1553 validate_us=367
BATCH stage=decode rows=15 tokens=15 us=1914 encode_us=20 native_us=1547 validate_us=346
BATCH stage=prefill rows=1 tokens=128 us=3082 encode_us=11 native_us=3017 validate_us=53
BATCH stage=decode rows=16 tokens=16 us=1961 encode_us=27 native_us=1563 validate_us=369
BATCH stage=decode rows=16 tokens=16 us=1945 encode_us=20 native_us=1558 validate_us=366
BATCH stage=decode rows=16 tokens=16 us=1950 encode_us=24 native_us=1558 validate_us=368
BATCH stage=decode rows=15 tokens=15 us=1910 encode_us=28 native_us=1532 validate_us=350
BATCH stage=prefill rows=1 tokens=398 us=6805 encode_us=12 native_us=6733 validate_us=59
BATCH stage=decode rows=15 tokens=15 us=1918 encode_us=28 native_us=1542 validate_us=347
BATCH stage=prefill rows=1 tokens=16 us=2583 encode_us=7 native_us=2528 validate_us=47
BATCH stage=decode rows=16 tokens=16 us=1927 encode_us=22 native_us=1541 validate_us=364
BATCH stage=decode rows=15 tokens=15 us=1904 encode_us=29 native_us=1524 validate_us=350
BATCH stage=prefill rows=1 tokens=128 us=3076 encode_us=11 native_us=3016 validate_us=49
BATCH stage=decode rows=16 tokens=16 us=1928 encode_us=26 native_us=1535 validate_us=366
BATCH stage=decode rows=16 tokens=16 us=1916 encode_us=19 native_us=1531 validate_us=364
BATCH stage=decode rows=16 tokens=16 us=1939 encode_us=31 native_us=1538 validate_us=369
BATCH stage=decode rows=16 tokens=16 us=1941 encode_us=31 native_us=1541 validate_us=368
BATCH stage=decode rows=16 tokens=16 us=1938 encode_us=32 native_us=1535 validate_us=370
BATCH stage=decode rows=16 tokens=16 us=1934 encode_us=27 native_us=1540 validate_us=365
BATCH stage=decode rows=16 tokens=16 us=1919 encode_us=20 native_us=1537 validate_us=361
BATCH stage=decode rows=16 tokens=16 us=1934 encode_us=23 native_us=1544 validate_us=366
BATCH stage=decode rows=16 tokens=16 us=1942 encode_us=22 native_us=1556 validate_us=363
BATCH stage=decode rows=16 tokens=16 us=1940 encode_us=25 native_us=1548 validate_us=366
BATCH stage=decode rows=16 tokens=16 us=1931 encode_us=19 native_us=1547 validate_us=363
BATCH stage=decode rows=16 tokens=16 us=1942 encode_us=28 native_us=1547 validate_us=365
BATCH stage=decode rows=16 tokens=16 us=1950 encode_us=24 native_us=1557 validate_us=368
BATCH stage=decode rows=16 tokens=16 us=1931 encode_us=18 native_us=1548 validate_us=364
BATCH stage=decode rows=16 tokens=16 us=1956 encode_us=29 native_us=1560 validate_us=366
BATCH stage=decode rows=16 tokens=16 us=1938 encode_us=19 native_us=1557 validate_us=361
BATCH stage=decode rows=16 tokens=16 us=1942 encode_us=17 native_us=1557 validate_us=366
BATCH stage=decode rows=16 tokens=16 us=1944 encode_us=19 native_us=1561 validate_us=362
BATCH stage=decode rows=16 tokens=16 us=1951 encode_us=25 native_us=1556 validate_us=369
BATCH stage=decode rows=15 tokens=15 us=1926 encode_us=34 native_us=1542 validate_us=349
BATCH stage=prefill rows=1 tokens=398 us=6794 encode_us=11 native_us=6729 validate_us=52
BATCH stage=decode rows=15 tokens=15 us=1934 encode_us=27 native_us=1556 validate_us=350
BATCH stage=prefill rows=1 tokens=16 us=2582 encode_us=8 native_us=2526 validate_us=47
BATCH stage=decode rows=16 tokens=16 us=1936 encode_us=25 native_us=1547 validate_us=363
BATCH stage=decode rows=15 tokens=15 us=1903 encode_us=19 native_us=1539 validate_us=343
BATCH stage=prefill rows=1 tokens=128 us=3083 encode_us=11 native_us=3018 validate_us=53
BATCH stage=decode rows=16 tokens=16 us=1947 encode_us=26 native_us=1552 validate_us=367
BATCH stage=decode rows=16 tokens=16 us=1938 encode_us=19 native_us=1555 validate_us=363
BATCH stage=decode rows=16 tokens=16 us=1945 encode_us=27 native_us=1550 validate_us=366
BATCH stage=decode rows=15 tokens=15 us=1908 encode_us=24 native_us=1532 validate_us=351
BATCH stage=prefill rows=1 tokens=398 us=6839 encode_us=16 native_us=6751 validate_us=71
BATCH stage=decode rows=15 tokens=15 us=1929 encode_us=29 native_us=1545 validate_us=354
BATCH stage=prefill rows=1 tokens=16 us=2586 encode_us=9 native_us=2525 validate_us=52
BATCH stage=decode rows=16 tokens=16 us=1933 encode_us=21 native_us=1548 validate_us=362
BATCH stage=decode rows=15 tokens=15 us=1899 encode_us=19 native_us=1528 validate_us=350
BATCH stage=prefill rows=1 tokens=128 us=3089 encode_us=11 native_us=3023 validate_us=54
BATCH stage=decode rows=16 tokens=16 us=1947 encode_us=27 native_us=1547 validate_us=372
BATCH stage=decode rows=16 tokens=16 us=1934 encode_us=22 native_us=1546 validate_us=365
BATCH stage=decode rows=16 tokens=16 us=1969 encode_us=22 native_us=1552 validate_us=394
BATCH stage=decode rows=15 tokens=15 us=1903 encode_us=26 native_us=1528 validate_us=348
BATCH stage=prefill rows=1 tokens=398 us=6826 encode_us=12 native_us=6749 validate_us=64
BATCH stage=decode rows=16 tokens=16 us=1968 encode_us=28 native_us=1569 validate_us=371
BATCH stage=decode rows=16 tokens=16 us=1946 encode_us=24 native_us=1557 validate_us=365
BATCH stage=decode rows=16 tokens=16 us=1949 encode_us=24 native_us=1562 validate_us=363
BATCH stage=decode rows=16 tokens=16 us=1967 encode_us=24 native_us=1575 validate_us=366
BATCH stage=decode rows=16 tokens=16 us=1970 encode_us=27 native_us=1578 validate_us=364
BATCH stage=decode rows=16 tokens=16 us=1959 encode_us=19 native_us=1574 validate_us=364
BATCH stage=decode rows=16 tokens=16 us=1999 encode_us=28 native_us=1579 validate_us=391
BATCH stage=decode rows=16 tokens=16 us=1978 encode_us=28 native_us=1580 validate_us=369
BATCH stage=decode rows=16 tokens=16 us=1979 encode_us=28 native_us=1580 validate_us=370
BATCH stage=decode rows=16 tokens=16 us=1967 encode_us=21 native_us=1578 validate_us=367
BATCH stage=decode rows=16 tokens=16 us=1966 encode_us=26 native_us=1574 validate_us=366
BATCH stage=decode rows=16 tokens=16 us=1956 encode_us=20 native_us=1570 validate_us=364
BATCH stage=decode rows=16 tokens=16 us=1985 encode_us=31 native_us=1581 validate_us=372
BATCH stage=decode rows=16 tokens=16 us=1965 encode_us=22 native_us=1575 validate_us=367
BATCH stage=decode rows=16 tokens=16 us=1965 encode_us=22 native_us=1577 validate_us=365
BATCH stage=decode rows=16 tokens=16 us=1977 encode_us=27 native_us=1582 validate_us=367
BATCH stage=decode rows=15 tokens=15 us=1922 encode_us=29 native_us=1545 validate_us=347
BATCH stage=prefill rows=1 tokens=16 us=2572 encode_us=7 native_us=2520 validate_us=44
BATCH stage=decode rows=16 tokens=16 us=1937 encode_us=19 native_us=1557 validate_us=360
BATCH stage=decode rows=15 tokens=15 us=1916 encode_us=23 native_us=1551 validate_us=342
BATCH stage=prefill rows=1 tokens=128 us=3075 encode_us=11 native_us=3014 validate_us=49
BATCH stage=decode rows=16 tokens=16 us=1963 encode_us=28 native_us=1558 validate_us=376
BATCH stage=decode rows=16 tokens=16 us=1950 encode_us=21 native_us=1565 validate_us=363
BATCH stage=decode rows=16 tokens=16 us=1934 encode_us=18 native_us=1555 validate_us=360
BATCH stage=decode rows=15 tokens=15 us=1913 encode_us=27 native_us=1540 validate_us=345
BATCH stage=prefill rows=1 tokens=398 us=6794 encode_us=11 native_us=6733 validate_us=49
BATCH stage=decode rows=15 tokens=15 us=1925 encode_us=27 native_us=1550 validate_us=348
BATCH stage=prefill rows=1 tokens=16 us=2579 encode_us=8 native_us=2525 validate_us=45
BATCH stage=decode rows=16 tokens=16 us=1943 encode_us=23 native_us=1556 validate_us=363
BATCH stage=decode rows=15 tokens=15 us=1907 encode_us=20 native_us=1540 validate_us=346
BATCH stage=prefill rows=1 tokens=128 us=3081 encode_us=11 native_us=3021 validate_us=48
BATCH stage=decode rows=16 tokens=16 us=1950 encode_us=28 native_us=1550 validate_us=370
BATCH stage=decode rows=16 tokens=16 us=1937 encode_us=20 native_us=1547 validate_us=369
BATCH stage=decode rows=16 tokens=16 us=1953 encode_us=25 native_us=1554 validate_us=373
BATCH stage=decode rows=15 tokens=15 us=1911 encode_us=27 native_us=1533 validate_us=349
BATCH stage=prefill rows=1 tokens=398 us=6789 encode_us=11 native_us=6726 validate_us=51
BATCH stage=decode rows=15 tokens=15 us=1903 encode_us=27 native_us=1525 validate_us=351
BATCH stage=prefill rows=1 tokens=16 us=2601 encode_us=22 native_us=2525 validate_us=53
BATCH stage=decode rows=16 tokens=16 us=1933 encode_us=22 native_us=1543 validate_us=367
BATCH stage=decode rows=16 tokens=16 us=1934 encode_us=24 native_us=1543 validate_us=366
BATCH stage=decode rows=16 tokens=16 us=1919 encode_us=22 native_us=1530 validate_us=366
BATCH stage=decode rows=16 tokens=16 us=1938 encode_us=26 native_us=1542 validate_us=369
BATCH stage=decode rows=16 tokens=16 us=1932 encode_us=24 native_us=1541 validate_us=366
BATCH stage=decode rows=16 tokens=16 us=1924 encode_us=21 native_us=1538 validate_us=363
BATCH stage=decode rows=16 tokens=16 us=1930 encode_us=24 native_us=1540 validate_us=365
BATCH stage=decode rows=16 tokens=16 us=1916 encode_us=18 native_us=1535 validate_us=362
BATCH stage=decode rows=16 tokens=16 us=1908 encode_us=16 native_us=1531 validate_us=360
BATCH stage=decode rows=16 tokens=16 us=1949 encode_us=29 native_us=1551 validate_us=368
BATCH stage=decode rows=16 tokens=16 us=1937 encode_us=21 native_us=1551 validate_us=365
BATCH stage=decode rows=16 tokens=16 us=1943 encode_us=23 native_us=1553 validate_us=365
BATCH stage=decode rows=16 tokens=16 us=1937 encode_us=18 native_us=1555 validate_us=363
BATCH stage=decode rows=16 tokens=16 us=1949 encode_us=27 native_us=1554 validate_us=367
BATCH stage=decode rows=16 tokens=16 us=1937 encode_us=19 native_us=1555 validate_us=361
BATCH stage=decode rows=16 tokens=16 us=1936 encode_us=17 native_us=1556 validate_us=362
BATCH stage=decode rows=16 tokens=16 us=1936 encode_us=20 native_us=1555 validate_us=359
BATCH stage=decode rows=15 tokens=15 us=1925 encode_us=18 native_us=1546 validate_us=360
BATCH stage=prefill rows=1 tokens=128 us=3084 encode_us=15 native_us=3020 validate_us=48
BATCH stage=decode rows=16 tokens=16 us=1961 encode_us=27 native_us=1562 validate_us=370
BATCH stage=decode rows=16 tokens=16 us=1953 encode_us=27 native_us=1556 validate_us=369
BATCH stage=decode rows=16 tokens=16 us=1949 encode_us=28 native_us=1551 validate_us=370
BATCH stage=decode rows=15 tokens=15 us=1920 encode_us=26 native_us=1543 validate_us=350
BATCH stage=prefill rows=1 tokens=398 us=6802 encode_us=14 native_us=6734 validate_us=53
BATCH stage=decode rows=15 tokens=15 us=1935 encode_us=28 native_us=1557 validate_us=350
BATCH stage=prefill rows=1 tokens=16 us=2581 encode_us=9 native_us=2524 validate_us=48
BATCH stage=decode rows=16 tokens=16 us=1939 encode_us=22 native_us=1554 validate_us=362
BATCH stage=decode rows=15 tokens=15 us=1909 encode_us=23 native_us=1542 validate_us=344
BATCH stage=prefill rows=1 tokens=128 us=3070 encode_us=13 native_us=3005 validate_us=51
BATCH stage=decode rows=16 tokens=16 us=1954 encode_us=27 native_us=1557 validate_us=369
BATCH stage=decode rows=16 tokens=16 us=1949 encode_us=28 native_us=1555 validate_us=365
BATCH stage=decode rows=16 tokens=16 us=1949 encode_us=31 native_us=1552 validate_us=365
BATCH stage=decode rows=15 tokens=15 us=1912 encode_us=37 native_us=1526 validate_us=348
BATCH stage=prefill rows=1 tokens=398 us=6811 encode_us=12 native_us=6743 validate_us=54
BATCH stage=decode rows=15 tokens=15 us=1899 encode_us=26 native_us=1524 validate_us=347
BATCH stage=prefill rows=1 tokens=16 us=2572 encode_us=8 native_us=2516 validate_us=47
BATCH stage=decode rows=16 tokens=16 us=1920 encode_us=24 native_us=1530 validate_us=364
BATCH stage=decode rows=15 tokens=15 us=1889 encode_us=20 native_us=1526 validate_us=342
BATCH stage=prefill rows=1 tokens=128 us=3077 encode_us=12 native_us=3012 validate_us=52
BATCH stage=decode rows=16 tokens=16 us=1923 encode_us=26 native_us=1529 validate_us=368
BATCH stage=decode rows=16 tokens=16 us=1921 encode_us=27 native_us=1530 validate_us=363
BATCH stage=decode rows=16 tokens=16 us=1924 encode_us=24 native_us=1537 validate_us=363
BATCH stage=decode rows=16 tokens=16 us=1918 encode_us=17 native_us=1527 validate_us=373
BATCH stage=decode rows=16 tokens=16 us=1930 encode_us=27 native_us=1534 validate_us=367
BATCH stage=decode rows=16 tokens=16 us=1931 encode_us=24 native_us=1535 validate_us=371
BATCH stage=decode rows=16 tokens=16 us=1922 encode_us=21 native_us=1537 validate_us=362
BATCH stage=decode rows=16 tokens=16 us=1933 encode_us=23 native_us=1544 validate_us=365
BATCH stage=decode rows=16 tokens=16 us=1938 encode_us=22 native_us=1550 validate_us=364
BATCH stage=decode rows=16 tokens=16 us=1952 encode_us=29 native_us=1552 validate_us=371
BATCH stage=decode rows=16 tokens=16 us=1954 encode_us=26 native_us=1558 validate_us=369
BATCH stage=decode rows=16 tokens=16 us=1940 encode_us=21 native_us=1552 validate_us=366
BATCH stage=decode rows=16 tokens=16 us=1940 encode_us=23 native_us=1547 validate_us=369
BATCH stage=decode rows=16 tokens=16 us=1947 encode_us=24 native_us=1555 validate_us=367
BATCH stage=decode rows=16 tokens=16 us=1936 encode_us=20 native_us=1552 validate_us=363
BATCH stage=decode rows=16 tokens=16 us=1942 encode_us=19 native_us=1553 validate_us=369
BATCH stage=decode rows=16 tokens=16 us=1947 encode_us=22 native_us=1560 validate_us=365
BATCH stage=decode rows=16 tokens=16 us=1931 encode_us=18 native_us=1550 validate_us=362
BATCH stage=decode rows=16 tokens=16 us=1955 encode_us=26 native_us=1555 validate_us=373
BATCH stage=decode rows=15 tokens=15 us=1920 encode_us=27 native_us=1539 validate_us=352
BATCH stage=prefill rows=1 tokens=398 us=6773 encode_us=12 native_us=6708 validate_us=52
BATCH stage=decode rows=15 tokens=15 us=1928 encode_us=28 native_us=1547 validate_us=352
BATCH stage=prefill rows=1 tokens=16 us=2576 encode_us=7 native_us=2521 validate_us=47
BATCH stage=decode rows=16 tokens=16 us=1937 encode_us=23 native_us=1549 validate_us=363
BATCH stage=decode rows=15 tokens=15 us=1918 encode_us=23 native_us=1541 validate_us=353
BATCH stage=prefill rows=1 tokens=128 us=3074 encode_us=12 native_us=3013 validate_us=48
BATCH stage=decode rows=16 tokens=16 us=1943 encode_us=26 native_us=1549 validate_us=367
BATCH stage=decode rows=16 tokens=16 us=1931 encode_us=19 native_us=1551 validate_us=361
BATCH stage=decode rows=16 tokens=16 us=1960 encode_us=32 native_us=1555 validate_us=373
BATCH stage=decode rows=15 tokens=15 us=1910 encode_us=27 native_us=1535 validate_us=347
BATCH stage=prefill rows=1 tokens=398 us=6823 encode_us=11 native_us=6751 validate_us=60
BATCH stage=decode rows=15 tokens=15 us=1915 encode_us=26 native_us=1543 validate_us=345
BATCH stage=prefill rows=1 tokens=16 us=2580 encode_us=8 native_us=2523 validate_us=48
BATCH stage=decode rows=16 tokens=16 us=1925 encode_us=24 native_us=1535 validate_us=364
BATCH stage=decode rows=15 tokens=15 us=1895 encode_us=24 native_us=1523 validate_us=347
BATCH stage=prefill rows=1 tokens=128 us=3088 encode_us=15 native_us=3021 validate_us=51
BATCH stage=decode rows=16 tokens=16 us=1938 encode_us=27 native_us=1544 validate_us=366
BATCH stage=decode rows=16 tokens=16 us=1923 encode_us=22 native_us=1537 validate_us=362
BATCH stage=decode rows=16 tokens=16 us=1939 encode_us=29 native_us=1536 validate_us=373
BATCH stage=decode rows=16 tokens=16 us=1932 encode_us=23 native_us=1542 validate_us=366
BATCH stage=decode rows=16 tokens=16 us=1945 encode_us=29 native_us=1549 validate_us=366
BATCH stage=decode rows=16 tokens=16 us=1939 encode_us=27 native_us=1541 validate_us=370
BATCH stage=decode rows=16 tokens=16 us=1932 encode_us=20 native_us=1536 validate_us=375
BATCH stage=decode rows=16 tokens=16 us=1943 encode_us=25 native_us=1546 validate_us=371
BATCH stage=decode rows=16 tokens=16 us=1938 encode_us=20 native_us=1554 validate_us=364
BATCH stage=decode rows=16 tokens=16 us=1950 encode_us=25 native_us=1554 validate_us=370
BATCH stage=decode rows=16 tokens=16 us=2323 encode_us=49 native_us=1690 validate_us=582
BATCH stage=decode rows=16 tokens=16 us=1971 encode_us=31 native_us=1565 validate_us=375
BATCH stage=decode rows=16 tokens=16 us=1952 encode_us=23 native_us=1563 validate_us=365
BATCH stage=decode rows=16 tokens=16 us=1941 encode_us=19 native_us=1557 validate_us=363
BATCH stage=decode rows=16 tokens=16 us=1945 encode_us=25 native_us=1554 validate_us=365
BATCH stage=decode rows=16 tokens=16 us=1940 encode_us=20 native_us=1558 validate_us=361
BATCH stage=decode rows=16 tokens=16 us=1972 encode_us=34 native_us=1562 validate_us=375
BATCH stage=decode rows=16 tokens=16 us=1963 encode_us=26 native_us=1563 validate_us=373
BATCH stage=decode rows=16 tokens=16 us=1973 encode_us=31 native_us=1564 validate_us=377
BATCH stage=decode rows=15 tokens=15 us=1933 encode_us=32 native_us=1545 validate_us=354
BATCH stage=prefill rows=1 tokens=398 us=6960 encode_us=11 native_us=6892 validate_us=56
BATCH stage=decode rows=15 tokens=15 us=1922 encode_us=27 native_us=1546 validate_us=348
BATCH stage=prefill rows=1 tokens=16 us=2578 encode_us=9 native_us=2523 validate_us=45
BATCH stage=decode rows=16 tokens=16 us=1945 encode_us=25 native_us=1553 validate_us=366
BATCH stage=decode rows=15 tokens=15 us=1912 encode_us=21 native_us=1544 validate_us=346
BATCH stage=prefill rows=1 tokens=128 us=3097 encode_us=12 native_us=3033 validate_us=51
BATCH stage=decode rows=16 tokens=16 us=1955 encode_us=27 native_us=1557 validate_us=370
BATCH stage=decode rows=16 tokens=16 us=1939 encode_us=20 native_us=1554 validate_us=365
BATCH stage=decode rows=16 tokens=16 us=1954 encode_us=24 native_us=1562 validate_us=367
BATCH stage=decode rows=15 tokens=15 us=1916 encode_us=29 native_us=1535 validate_us=350
BATCH stage=prefill rows=1 tokens=398 us=6785 encode_us=11 native_us=6725 validate_us=49
BATCH stage=decode rows=15 tokens=15 us=1927 encode_us=28 native_us=1549 validate_us=350
BATCH stage=prefill rows=1 tokens=16 us=2578 encode_us=7 native_us=2526 validate_us=45
BATCH stage=decode rows=16 tokens=16 us=1933 encode_us=22 native_us=1546 validate_us=363
BATCH stage=decode rows=15 tokens=15 us=1915 encode_us=22 native_us=1539 validate_us=354
BATCH stage=prefill rows=1 tokens=128 us=3077 encode_us=11 native_us=3014 validate_us=51
BATCH stage=decode rows=16 tokens=16 us=1951 encode_us=27 native_us=1556 validate_us=367
BATCH stage=decode rows=16 tokens=16 us=1947 encode_us=19 native_us=1554 validate_us=373
BATCH stage=decode rows=16 tokens=16 us=1943 encode_us=20 native_us=1556 validate_us=366
BATCH stage=decode rows=15 tokens=15 us=1913 encode_us=32 native_us=1526 validate_us=354
BATCH stage=prefill rows=1 tokens=398 us=6781 encode_us=10 native_us=6720 validate_us=50
BATCH stage=decode rows=15 tokens=15 us=1899 encode_us=25 native_us=1526 validate_us=347
BATCH stage=prefill rows=1 tokens=16 us=2569 encode_us=6 native_us=2517 validate_us=45
BATCH stage=decode rows=16 tokens=16 us=1918 encode_us=22 native_us=1532 validate_us=363
BATCH stage=decode rows=16 tokens=16 us=1910 encode_us=18 native_us=1532 validate_us=359
BATCH stage=decode rows=16 tokens=16 us=1907 encode_us=16 native_us=1529 validate_us=361
BATCH stage=decode rows=16 tokens=16 us=1922 encode_us=17 native_us=1531 validate_us=372
BATCH stage=decode rows=16 tokens=16 us=1936 encode_us=27 native_us=1540 validate_us=368
BATCH stage=decode rows=16 tokens=16 us=1924 encode_us=20 native_us=1537 validate_us=365
BATCH stage=decode rows=16 tokens=16 us=1924 encode_us=22 native_us=1538 validate_us=363
BATCH stage=decode rows=16 tokens=16 us=1915 encode_us=18 native_us=1537 validate_us=359
BATCH stage=decode rows=16 tokens=16 us=1911 encode_us=16 native_us=1536 validate_us=358
BATCH stage=decode rows=16 tokens=16 us=1936 encode_us=23 native_us=1546 validate_us=365
BATCH stage=decode rows=16 tokens=16 us=1933 encode_us=19 native_us=1552 validate_us=361
BATCH stage=decode rows=16 tokens=16 us=1953 encode_us=27 native_us=1557 validate_us=368
BATCH stage=decode rows=16 tokens=16 us=1939 encode_us=25 native_us=1549 validate_us=364
BATCH stage=decode rows=16 tokens=16 us=1929 encode_us=18 native_us=1550 validate_us=359
BATCH stage=decode rows=16 tokens=16 us=1963 encode_us=26 native_us=1566 validate_us=369
BATCH stage=decode rows=16 tokens=16 us=1951 encode_us=23 native_us=1560 validate_us=367
BATCH stage=decode rows=16 tokens=16 us=1951 encode_us=20 native_us=1566 validate_us=364
BATCH stage=decode rows=15 tokens=15 us=1932 encode_us=27 native_us=1554 validate_us=350
BATCH stage=prefill rows=1 tokens=128 us=3079 encode_us=11 native_us=3018 validate_us=48
BATCH stage=decode rows=16 tokens=16 us=1968 encode_us=29 native_us=1566 validate_us=372
BATCH stage=decode rows=16 tokens=16 us=1943 encode_us=20 native_us=1557 validate_us=365
BATCH stage=decode rows=16 tokens=16 us=1959 encode_us=29 native_us=1561 validate_us=368
BATCH stage=decode rows=15 tokens=15 us=1916 encode_us=27 native_us=1540 validate_us=349
BATCH stage=prefill rows=1 tokens=398 us=6816 encode_us=12 native_us=6745 validate_us=58
BATCH stage=decode rows=15 tokens=15 us=1924 encode_us=27 native_us=1551 validate_us=346
BATCH stage=prefill rows=1 tokens=16 us=2580 encode_us=7 native_us=2522 validate_us=50
BATCH stage=decode rows=16 tokens=16 us=1950 encode_us=20 native_us=1561 validate_us=368
BATCH stage=decode rows=15 tokens=15 us=1911 encode_us=22 native_us=1543 validate_us=345
BATCH stage=prefill rows=1 tokens=128 us=3084 encode_us=11 native_us=3019 validate_us=53
BATCH stage=decode rows=16 tokens=16 us=1946 encode_us=26 native_us=1549 validate_us=369
BATCH stage=decode rows=16 tokens=16 us=1936 encode_us=22 native_us=1547 validate_us=366
BATCH stage=decode rows=16 tokens=16 us=1946 encode_us=25 native_us=1551 validate_us=368
BATCH stage=decode rows=15 tokens=15 us=1919 encode_us=32 native_us=1536 validate_us=350
BATCH stage=prefill rows=1 tokens=398 us=6819 encode_us=12 native_us=6743 validate_us=62
BATCH stage=decode rows=15 tokens=15 us=1916 encode_us=27 native_us=1542 validate_us=346
BATCH stage=prefill rows=1 tokens=16 us=2577 encode_us=7 native_us=2520 validate_us=50
BATCH stage=decode rows=16 tokens=16 us=1916 encode_us=22 native_us=1531 validate_us=362
BATCH stage=decode rows=15 tokens=15 us=1890 encode_us=20 native_us=1526 validate_us=343
BATCH stage=prefill rows=1 tokens=128 us=3092 encode_us=11 native_us=3029 validate_us=50
BATCH stage=decode rows=16 tokens=16 us=1927 encode_us=25 native_us=1533 validate_us=368
BATCH stage=decode rows=16 tokens=16 us=1930 encode_us=24 native_us=1540 validate_us=365
BATCH stage=decode rows=16 tokens=16 us=1913 encode_us=19 native_us=1532 validate_us=361
BATCH stage=decode rows=16 tokens=16 us=1931 encode_us=27 native_us=1538 validate_us=365
BATCH stage=decode rows=16 tokens=16 us=1940 encode_us=28 native_us=1542 validate_us=369
BATCH stage=decode rows=16 tokens=16 us=1928 encode_us=25 native_us=1536 validate_us=366
BATCH stage=decode rows=16 tokens=16 us=1921 encode_us=18 native_us=1540 validate_us=362
BATCH stage=decode rows=16 tokens=16 us=1948 encode_us=25 native_us=1552 validate_us=370
BATCH stage=decode rows=16 tokens=16 us=1940 encode_us=20 native_us=1553 validate_us=366
BATCH stage=decode rows=16 tokens=16 us=1944 encode_us=18 native_us=1555 validate_us=370
BATCH stage=decode rows=16 tokens=16 us=1954 encode_us=29 native_us=1556 validate_us=367
BATCH stage=decode rows=16 tokens=16 us=1948 encode_us=20 native_us=1557 validate_us=371
BATCH stage=decode rows=16 tokens=16 us=1950 encode_us=25 native_us=1557 validate_us=367
BATCH stage=decode rows=16 tokens=16 us=1961 encode_us=27 native_us=1566 validate_us=367
BATCH stage=decode rows=16 tokens=16 us=1944 encode_us=22 native_us=1557 validate_us=364
BATCH stage=decode rows=16 tokens=16 us=1956 encode_us=30 native_us=1559 validate_us=367
BATCH stage=decode rows=16 tokens=16 us=1948 encode_us=20 native_us=1560 validate_us=367
BATCH stage=decode rows=16 tokens=16 us=1952 encode_us=24 native_us=1556 validate_us=370
BATCH stage=decode rows=16 tokens=16 us=1954 encode_us=24 native_us=1558 validate_us=371
BATCH stage=decode rows=15 tokens=15 us=1924 encode_us=28 native_us=1543 validate_us=351
BATCH stage=prefill rows=1 tokens=398 us=6815 encode_us=12 native_us=6742 validate_us=60
BATCH stage=decode rows=15 tokens=15 us=1933 encode_us=25 native_us=1562 validate_us=345
BATCH stage=prefill rows=1 tokens=16 us=2581 encode_us=6 native_us=2526 validate_us=49
BATCH stage=decode rows=16 tokens=16 us=1941 encode_us=20 native_us=1557 validate_us=363
BATCH stage=decode rows=15 tokens=15 us=1932 encode_us=29 native_us=1552 validate_us=349
BATCH stage=prefill rows=1 tokens=128 us=3099 encode_us=11 native_us=3030 validate_us=56
BATCH stage=decode rows=16 tokens=16 us=1957 encode_us=26 native_us=1560 validate_us=369
BATCH stage=decode rows=16 tokens=16 us=1949 encode_us=20 native_us=1564 validate_us=364
BATCH stage=decode rows=16 tokens=16 us=1935 encode_us=21 native_us=1548 validate_us=365
BATCH stage=decode rows=15 tokens=15 us=1921 encode_us=30 native_us=1534 validate_us=357
BATCH stage=prefill rows=1 tokens=398 us=6804 encode_us=11 native_us=6728 validate_us=63
BATCH stage=decode rows=15 tokens=15 us=1909 encode_us=28 native_us=1534 validate_us=347
BATCH stage=prefill rows=1 tokens=16 us=2587 encode_us=8 native_us=2527 validate_us=50
BATCH stage=decode rows=16 tokens=16 us=1921 encode_us=25 native_us=1532 validate_us=364
BATCH stage=decode rows=15 tokens=15 us=1895 encode_us=21 native_us=1525 validate_us=348
BATCH stage=prefill rows=1 tokens=128 us=3073 encode_us=10 native_us=3013 validate_us=48
BATCH stage=decode rows=16 tokens=16 us=1931 encode_us=26 native_us=1534 validate_us=370
BATCH stage=decode rows=16 tokens=16 us=1926 encode_us=25 native_us=1536 validate_us=365
BATCH stage=decode rows=16 tokens=16 us=1932 encode_us=24 native_us=1542 validate_us=365
BATCH stage=decode rows=16 tokens=16 us=1931 encode_us=26 native_us=1539 validate_us=366
BATCH stage=decode rows=16 tokens=16 us=1929 encode_us=27 native_us=1532 validate_us=368
BATCH stage=decode rows=16 tokens=16 us=1928 encode_us=22 native_us=1537 validate_us=367
BATCH stage=decode rows=16 tokens=16 us=1929 encode_us=23 native_us=1541 validate_us=364
BATCH stage=decode rows=16 tokens=16 us=1948 encode_us=23 native_us=1552 validate_us=372
BATCH stage=decode rows=16 tokens=16 us=1947 encode_us=23 native_us=1556 validate_us=367
BATCH stage=decode rows=16 tokens=16 us=1950 encode_us=24 native_us=1558 validate_us=368
BATCH stage=decode rows=16 tokens=16 us=1958 encode_us=22 native_us=1561 validate_us=374
BATCH stage=decode rows=16 tokens=16 us=1943 encode_us=22 native_us=1556 validate_us=364
BATCH stage=decode rows=16 tokens=16 us=1942 encode_us=21 native_us=1556 validate_us=364
BATCH stage=decode rows=16 tokens=16 us=1945 encode_us=19 native_us=1553 validate_us=373
BATCH stage=decode rows=16 tokens=16 us=1957 encode_us=28 native_us=1561 validate_us=367
BATCH stage=decode rows=16 tokens=16 us=1940 encode_us=21 native_us=1555 validate_us=364
BATCH stage=decode rows=16 tokens=16 us=2007 encode_us=31 native_us=1560 validate_us=416
BATCH stage=decode rows=16 tokens=16 us=1962 encode_us=20 native_us=1564 validate_us=377
BATCH stage=decode rows=16 tokens=16 us=1984 encode_us=38 native_us=1570 validate_us=374
BATCH stage=decode rows=15 tokens=15 us=1920 encode_us=28 native_us=1540 validate_us=351
BATCH stage=prefill rows=1 tokens=398 us=6796 encode_us=12 native_us=6721 validate_us=62
BATCH stage=decode rows=15 tokens=15 us=1934 encode_us=27 native_us=1559 validate_us=347
BATCH stage=prefill rows=1 tokens=16 us=2583 encode_us=6 native_us=2524 validate_us=52
BATCH stage=decode rows=16 tokens=16 us=1941 encode_us=23 native_us=1553 validate_us=363
BATCH stage=decode rows=15 tokens=15 us=1918 encode_us=27 native_us=1540 validate_us=350
BATCH stage=prefill rows=1 tokens=128 us=3088 encode_us=15 native_us=3021 validate_us=50
BATCH stage=decode rows=16 tokens=16 us=1958 encode_us=28 native_us=1556 validate_us=373
BATCH stage=decode rows=16 tokens=16 us=1943 encode_us=21 native_us=1555 validate_us=366
BATCH stage=decode rows=16 tokens=16 us=1959 encode_us=29 native_us=1559 validate_us=370
BATCH stage=decode rows=15 tokens=15 us=1907 encode_us=25 native_us=1535 validate_us=346
BATCH stage=prefill rows=1 tokens=398 us=6778 encode_us=11 native_us=6717 validate_us=49
BATCH stage=decode rows=15 tokens=15 us=1906 encode_us=26 native_us=1532 validate_us=347
BATCH stage=prefill rows=1 tokens=16 us=2583 encode_us=10 native_us=2526 validate_us=46
BATCH stage=decode rows=16 tokens=16 us=1923 encode_us=25 native_us=1534 validate_us=364
BATCH stage=decode rows=15 tokens=15 us=1887 encode_us=20 native_us=1521 validate_us=345
BATCH stage=prefill rows=1 tokens=128 us=3082 encode_us=11 native_us=3022 validate_us=48
BATCH stage=decode rows=16 tokens=16 us=1931 encode_us=26 native_us=1538 validate_us=366
BATCH stage=decode rows=16 tokens=16 us=1918 encode_us=21 native_us=1536 validate_us=360
BATCH stage=decode rows=16 tokens=16 us=1919 encode_us=17 native_us=1539 validate_us=362
BATCH stage=decode rows=15 tokens=15 us=1895 encode_us=29 native_us=1516 validate_us=350
BATCH stage=prefill rows=1 tokens=398 us=6802 encode_us=13 native_us=6722 validate_us=66
BATCH stage=decode rows=16 tokens=16 us=1970 encode_us=31 native_us=1564 validate_us=374
BATCH stage=decode rows=16 tokens=16 us=1967 encode_us=26 native_us=1564 validate_us=375
BATCH stage=decode rows=16 tokens=16 us=1955 encode_us=31 native_us=1556 validate_us=366
BATCH stage=decode rows=16 tokens=16 us=1964 encode_us=27 native_us=1567 validate_us=369
BATCH stage=decode rows=16 tokens=16 us=1966 encode_us=26 native_us=1570 validate_us=369
BATCH stage=decode rows=16 tokens=16 us=1955 encode_us=21 native_us=1569 validate_us=364
BATCH stage=decode rows=16 tokens=16 us=1972 encode_us=24 native_us=1573 validate_us=374
BATCH stage=decode rows=16 tokens=16 us=1978 encode_us=28 native_us=1577 validate_us=372
BATCH stage=decode rows=16 tokens=16 us=1970 encode_us=24 native_us=1577 validate_us=369
BATCH stage=decode rows=16 tokens=16 us=1973 encode_us=28 native_us=1575 validate_us=369
BATCH stage=decode rows=16 tokens=16 us=1964 encode_us=25 native_us=1571 validate_us=368
BATCH stage=decode rows=16 tokens=16 us=1972 encode_us=24 native_us=1579 validate_us=367
BATCH stage=decode rows=16 tokens=16 us=1968 encode_us=23 native_us=1578 validate_us=367
BATCH stage=decode rows=16 tokens=16 us=1973 encode_us=21 native_us=1581 validate_us=370
BATCH stage=decode rows=16 tokens=16 us=1967 encode_us=27 native_us=1571 validate_us=368
BATCH stage=decode rows=16 tokens=16 us=1968 encode_us=21 native_us=1580 validate_us=366
BATCH stage=decode rows=15 tokens=15 us=1927 encode_us=27 native_us=1551 validate_us=348
BATCH stage=prefill rows=1 tokens=16 us=2577 encode_us=8 native_us=2522 validate_us=46
BATCH stage=decode rows=16 tokens=16 us=1944 encode_us=23 native_us=1556 validate_us=363
BATCH stage=decode rows=15 tokens=15 us=1925 encode_us=32 native_us=1544 validate_us=347
BATCH stage=prefill rows=1 tokens=128 us=3076 encode_us=11 native_us=3015 validate_us=49
BATCH stage=decode rows=16 tokens=16 us=1962 encode_us=30 native_us=1563 validate_us=369
BATCH stage=decode rows=16 tokens=16 us=1959 encode_us=26 native_us=1556 validate_us=377
BATCH stage=decode rows=16 tokens=16 us=1951 encode_us=25 native_us=1556 validate_us=368
BATCH stage=decode rows=15 tokens=15 us=1931 encode_us=33 native_us=1546 validate_us=351
BATCH stage=prefill rows=1 tokens=398 us=6770 encode_us=11 native_us=6710 validate_us=48
BATCH stage=decode rows=15 tokens=15 us=1926 encode_us=26 native_us=1549 validate_us=349
BATCH stage=prefill rows=1 tokens=16 us=2580 encode_us=8 native_us=2522 validate_us=48
BATCH stage=decode rows=16 tokens=16 us=1940 encode_us=24 native_us=1551 validate_us=364
BATCH stage=decode rows=15 tokens=15 us=1900 encode_us=20 native_us=1534 validate_us=345
BATCH stage=prefill rows=1 tokens=128 us=3076 encode_us=11 native_us=3016 validate_us=49
BATCH stage=decode rows=16 tokens=16 us=1941 encode_us=27 native_us=1547 validate_us=367
BATCH stage=decode rows=16 tokens=16 us=1945 encode_us=23 native_us=1556 validate_us=365
BATCH stage=decode rows=16 tokens=16 us=1949 encode_us=27 native_us=1552 validate_us=370
BATCH stage=decode rows=15 tokens=15 us=1899 encode_us=25 native_us=1524 validate_us=350
BATCH stage=prefill rows=1 tokens=398 us=6790 encode_us=11 native_us=6727 validate_us=51
BATCH stage=decode rows=15 tokens=15 us=1903 encode_us=26 native_us=1525 validate_us=351
BATCH stage=prefill rows=1 tokens=16 us=2583 encode_us=7 native_us=2530 validate_us=45
BATCH stage=decode rows=16 tokens=16 us=1916 encode_us=22 native_us=1531 validate_us=361
BATCH stage=decode rows=16 tokens=16 us=1909 encode_us=17 native_us=1531 validate_us=360
BATCH stage=decode rows=16 tokens=16 us=1926 encode_us=21 native_us=1539 validate_us=364
BATCH stage=decode rows=16 tokens=16 us=1914 encode_us=21 native_us=1532 validate_us=360
BATCH stage=decode rows=16 tokens=16 us=1932 encode_us=25 native_us=1537 validate_us=369
BATCH stage=decode rows=16 tokens=16 us=1932 encode_us=24 native_us=1539 validate_us=368
BATCH stage=decode rows=16 tokens=16 us=1921 encode_us=20 native_us=1536 validate_us=365
BATCH stage=decode rows=16 tokens=16 us=1920 encode_us=19 native_us=1535 validate_us=364
BATCH stage=decode rows=16 tokens=16 us=1926 encode_us=21 native_us=1541 validate_us=363
BATCH stage=decode rows=16 tokens=16 us=1935 encode_us=20 native_us=1551 validate_us=363
BATCH stage=decode rows=16 tokens=16 us=1938 encode_us=25 native_us=1548 validate_us=363
BATCH stage=decode rows=16 tokens=16 us=1930 encode_us=18 native_us=1550 validate_us=361
BATCH stage=decode rows=16 tokens=16 us=1938 encode_us=19 native_us=1555 validate_us=363
BATCH stage=decode rows=16 tokens=16 us=1957 encode_us=31 native_us=1558 validate_us=368
BATCH stage=decode rows=16 tokens=16 us=1943 encode_us=21 native_us=1554 validate_us=366
BATCH stage=decode rows=16 tokens=16 us=1943 encode_us=19 native_us=1555 validate_us=368
BATCH stage=decode rows=16 tokens=16 us=1956 encode_us=25 native_us=1565 validate_us=365
BATCH stage=decode rows=15 tokens=15 us=1918 encode_us=22 native_us=1549 validate_us=346
BATCH stage=prefill rows=1 tokens=128 us=3084 encode_us=11 native_us=3020 validate_us=51
BATCH stage=decode rows=16 tokens=16 us=1957 encode_us=27 native_us=1560 validate_us=369
BATCH stage=decode rows=16 tokens=16 us=1942 encode_us=21 native_us=1553 validate_us=367
BATCH stage=decode rows=16 tokens=16 us=1967 encode_us=36 native_us=1562 validate_us=369
BATCH stage=decode rows=15 tokens=15 us=1914 encode_us=28 native_us=1539 validate_us=346
BATCH stage=prefill rows=1 tokens=398 us=6807 encode_us=12 native_us=6740 validate_us=54
BATCH stage=decode rows=15 tokens=15 us=1924 encode_us=27 native_us=1547 validate_us=349
BATCH stage=prefill rows=1 tokens=16 us=2575 encode_us=7 native_us=2520 validate_us=47
BATCH stage=decode rows=16 tokens=16 us=1946 encode_us=21 native_us=1561 validate_us=363
BATCH stage=decode rows=15 tokens=15 us=1919 encode_us=25 native_us=1544 validate_us=349
BATCH stage=prefill rows=1 tokens=128 us=3071 encode_us=11 native_us=3011 validate_us=48
BATCH stage=decode rows=16 tokens=16 us=1942 encode_us=26 native_us=1549 validate_us=366
BATCH stage=decode rows=16 tokens=16 us=1947 encode_us=24 native_us=1553 validate_us=368
BATCH stage=decode rows=16 tokens=16 us=1941 encode_us=23 native_us=1549 validate_us=369
BATCH stage=decode rows=15 tokens=15 us=1907 encode_us=28 native_us=1529 validate_us=350
BATCH stage=prefill rows=1 tokens=398 us=6798 encode_us=12 native_us=6733 validate_us=52
BATCH stage=decode rows=15 tokens=15 us=1897 encode_us=24 native_us=1527 validate_us=345
BATCH stage=prefill rows=1 tokens=16 us=2577 encode_us=6 native_us=2525 validate_us=46
BATCH stage=decode rows=16 tokens=16 us=1909 encode_us=19 native_us=1530 validate_us=359
BATCH stage=decode rows=15 tokens=15 us=1888 encode_us=19 native_us=1524 validate_us=344
BATCH stage=prefill rows=1 tokens=128 us=3078 encode_us=11 native_us=3019 validate_us=48
BATCH stage=decode rows=16 tokens=16 us=1929 encode_us=28 native_us=1533 validate_us=367
BATCH stage=decode rows=16 tokens=16 us=1914 encode_us=21 native_us=1531 validate_us=362
BATCH stage=decode rows=16 tokens=16 us=1908 encode_us=17 native_us=1530 validate_us=359
BATCH stage=decode rows=16 tokens=16 us=1915 encode_us=17 native_us=1528 validate_us=369
BATCH stage=decode rows=16 tokens=16 us=1927 encode_us=28 native_us=1531 validate_us=368
BATCH stage=decode rows=16 tokens=16 us=1936 encode_us=26 native_us=1537 validate_us=371
BATCH stage=decode rows=16 tokens=16 us=1937 encode_us=28 native_us=1544 validate_us=365
BATCH stage=decode rows=16 tokens=16 us=1946 encode_us=28 native_us=1546 validate_us=371
BATCH stage=decode rows=16 tokens=16 us=1958 encode_us=27 native_us=1566 validate_us=364
BATCH stage=decode rows=16 tokens=16 us=1963 encode_us=38 native_us=1552 validate_us=372
BATCH stage=decode rows=16 tokens=16 us=1954 encode_us=27 native_us=1556 validate_us=370
BATCH stage=decode rows=16 tokens=16 us=1944 encode_us=23 native_us=1556 validate_us=364
BATCH stage=decode rows=16 tokens=16 us=1954 encode_us=26 native_us=1561 validate_us=366
BATCH stage=decode rows=16 tokens=16 us=1962 encode_us=20 native_us=1564 validate_us=377
BATCH stage=decode rows=16 tokens=16 us=1952 encode_us=24 native_us=1561 validate_us=366
BATCH stage=decode rows=16 tokens=16 us=1943 encode_us=20 native_us=1560 validate_us=362
BATCH stage=decode rows=16 tokens=16 us=1961 encode_us=25 native_us=1567 validate_us=368
BATCH stage=decode rows=16 tokens=16 us=1950 encode_us=19 native_us=1567 validate_us=362
BATCH stage=decode rows=16 tokens=16 us=1958 encode_us=28 native_us=1560 validate_us=369
BATCH stage=decode rows=15 tokens=15 us=1935 encode_us=30 native_us=1546 validate_us=358
BATCH stage=prefill rows=1 tokens=398 us=6840 encode_us=12 native_us=6747 validate_us=80
BATCH stage=decode rows=15 tokens=15 us=1970 encode_us=30 native_us=1581 validate_us=358
BATCH stage=prefill rows=1 tokens=16 us=2595 encode_us=8 native_us=2529 validate_us=58
BATCH stage=decode rows=16 tokens=16 us=1962 encode_us=25 native_us=1561 validate_us=374
BATCH stage=decode rows=15 tokens=15 us=1918 encode_us=23 native_us=1546 validate_us=349
BATCH stage=prefill rows=1 tokens=128 us=3076 encode_us=10 native_us=3013 validate_us=51
BATCH stage=decode rows=16 tokens=16 us=1967 encode_us=32 native_us=1565 validate_us=369
BATCH stage=decode rows=16 tokens=16 us=1946 encode_us=22 native_us=1558 validate_us=365
BATCH stage=decode rows=16 tokens=16 us=1962 encode_us=29 native_us=1560 validate_us=372
BATCH stage=decode rows=15 tokens=15 us=1910 encode_us=27 native_us=1533 validate_us=350
BATCH stage=prefill rows=1 tokens=398 us=6790 encode_us=14 native_us=6721 validate_us=53
BATCH stage=decode rows=15 tokens=15 us=1906 encode_us=25 native_us=1535 validate_us=345
BATCH stage=prefill rows=1 tokens=16 us=2587 encode_us=9 native_us=2531 validate_us=46
BATCH stage=decode rows=16 tokens=16 us=1935 encode_us=23 native_us=1543 validate_us=368
BATCH stage=decode rows=15 tokens=15 us=1891 encode_us=21 native_us=1524 validate_us=346
BATCH stage=prefill rows=1 tokens=128 us=3082 encode_us=11 native_us=3021 validate_us=49
BATCH stage=decode rows=16 tokens=16 us=1933 encode_us=26 native_us=1541 validate_us=365
BATCH stage=decode rows=16 tokens=16 us=1930 encode_us=23 native_us=1541 validate_us=365
BATCH stage=decode rows=16 tokens=16 us=1945 encode_us=26 native_us=1543 validate_us=375
BATCH stage=decode rows=16 tokens=16 us=1931 encode_us=21 native_us=1542 validate_us=367
BATCH stage=decode rows=16 tokens=16 us=1930 encode_us=25 native_us=1539 validate_us=365
BATCH stage=decode rows=16 tokens=16 us=1935 encode_us=25 native_us=1543 validate_us=366
BATCH stage=decode rows=16 tokens=16 us=1932 encode_us=24 native_us=1546 validate_us=361
BATCH stage=decode rows=16 tokens=16 us=1953 encode_us=28 native_us=1555 validate_us=368
BATCH stage=decode rows=16 tokens=16 us=1948 encode_us=23 native_us=1562 validate_us=362
BATCH stage=decode rows=16 tokens=16 us=1949 encode_us=22 native_us=1562 validate_us=364
BATCH stage=decode rows=16 tokens=16 us=1955 encode_us=31 native_us=1558 validate_us=365
BATCH stage=decode rows=16 tokens=16 us=1961 encode_us=29 native_us=1559 validate_us=373
BATCH stage=decode rows=16 tokens=16 us=1954 encode_us=28 native_us=1557 validate_us=369
BATCH stage=decode rows=16 tokens=16 us=1946 encode_us=23 native_us=1560 validate_us=362
BATCH stage=decode rows=16 tokens=16 us=1945 encode_us=19 native_us=1559 validate_us=366
BATCH stage=decode rows=16 tokens=16 us=1948 encode_us=22 native_us=1565 validate_us=360
BATCH stage=decode rows=16 tokens=16 us=1953 encode_us=18 native_us=1568 validate_us=367
BATCH stage=decode rows=16 tokens=16 us=1957 encode_us=20 native_us=1573 validate_us=363
BATCH stage=decode rows=16 tokens=16 us=1972 encode_us=28 native_us=1572 validate_us=371
BATCH stage=decode rows=15 tokens=15 us=1933 encode_us=30 native_us=1552 validate_us=350
BATCH stage=prefill rows=1 tokens=398 us=6847 encode_us=12 native_us=6767 validate_us=66
BATCH stage=decode rows=15 tokens=15 us=1938 encode_us=28 native_us=1559 validate_us=350
BATCH stage=prefill rows=1 tokens=16 us=2595 encode_us=7 native_us=2532 validate_us=55
BATCH stage=decode rows=16 tokens=16 us=1946 encode_us=20 native_us=1563 validate_us=362
BATCH stage=decode rows=15 tokens=15 us=1931 encode_us=25 native_us=1553 validate_us=351
BATCH stage=prefill rows=1 tokens=128 us=3090 encode_us=11 native_us=3023 validate_us=56
BATCH stage=decode rows=16 tokens=16 us=1962 encode_us=28 native_us=1564 validate_us=369
BATCH stage=decode rows=16 tokens=16 us=1948 encode_us=20 native_us=1560 validate_us=367
BATCH stage=decode rows=16 tokens=16 us=1955 encode_us=26 native_us=1560 validate_us=368
BATCH stage=decode rows=15 tokens=15 us=1927 encode_us=28 native_us=1549 validate_us=349
BATCH stage=prefill rows=1 tokens=398 us=6815 encode_us=11 native_us=6742 validate_us=61
BATCH stage=decode rows=15 tokens=15 us=1942 encode_us=27 native_us=1566 validate_us=347
BATCH stage=prefill rows=1 tokens=16 us=2584 encode_us=7 native_us=2525 validate_us=51
BATCH stage=decode rows=16 tokens=16 us=1934 encode_us=19 native_us=1551 validate_us=363
BATCH stage=decode rows=15 tokens=15 us=1913 encode_us=18 native_us=1544 validate_us=350
BATCH stage=prefill rows=1 tokens=128 us=3081 encode_us=10 native_us=3021 validate_us=49
BATCH stage=decode rows=16 tokens=16 us=1949 encode_us=27 native_us=1551 validate_us=370
BATCH stage=decode rows=16 tokens=16 us=1956 encode_us=27 native_us=1558 validate_us=369
BATCH stage=decode rows=16 tokens=16 us=1936 encode_us=21 native_us=1549 validate_us=364
BATCH stage=decode rows=15 tokens=15 us=1915 encode_us=27 native_us=1535 validate_us=352
BATCH stage=prefill rows=1 tokens=398 us=6832 encode_us=16 native_us=6764 validate_us=50
BATCH stage=decode rows=15 tokens=15 us=1912 encode_us=33 native_us=1530 validate_us=348
BATCH stage=decode rows=15 tokens=15 us=1899 encode_us=27 native_us=1530 validate_us=341
BATCH stage=decode rows=15 tokens=15 us=1883 encode_us=16 native_us=1527 validate_us=338
BATCH stage=decode rows=15 tokens=15 us=1889 encode_us=17 native_us=1527 validate_us=344
BATCH stage=decode rows=15 tokens=15 us=1894 encode_us=25 native_us=1523 validate_us=345
BATCH stage=decode rows=15 tokens=15 us=1906 encode_us=24 native_us=1532 validate_us=350
BATCH stage=decode rows=15 tokens=15 us=1900 encode_us=21 native_us=1533 validate_us=344
BATCH stage=decode rows=15 tokens=15 us=1905 encode_us=27 native_us=1536 validate_us=341
BATCH stage=decode rows=15 tokens=15 us=1911 encode_us=23 native_us=1535 validate_us=352
BATCH stage=decode rows=15 tokens=15 us=1901 encode_us=25 native_us=1530 validate_us=345
BATCH stage=decode rows=15 tokens=15 us=1906 encode_us=21 native_us=1540 validate_us=344
BATCH stage=decode rows=15 tokens=15 us=1922 encode_us=24 native_us=1549 validate_us=348
BATCH stage=decode rows=15 tokens=15 us=1918 encode_us=24 native_us=1546 validate_us=346
BATCH stage=decode rows=15 tokens=15 us=1925 encode_us=23 native_us=1553 validate_us=348
BATCH stage=decode rows=15 tokens=15 us=1914 encode_us=18 native_us=1554 validate_us=341
BATCH stage=decode rows=15 tokens=15 us=1917 encode_us=24 native_us=1547 validate_us=345
BATCH stage=decode rows=15 tokens=15 us=1912 encode_us=18 native_us=1553 validate_us=341
BATCH stage=decode rows=15 tokens=15 us=1912 encode_us=21 native_us=1547 validate_us=343
BATCH stage=decode rows=14 tokens=14 us=1901 encode_us=30 native_us=1541 validate_us=329
BATCH stage=decode rows=14 tokens=14 us=1894 encode_us=21 native_us=1540 validate_us=332
BATCH stage=decode rows=14 tokens=14 us=1889 encode_us=27 native_us=1537 validate_us=324
BATCH stage=decode rows=14 tokens=14 us=1903 encode_us=28 native_us=1542 validate_us=332
BATCH stage=decode rows=13 tokens=13 us=1862 encode_us=30 native_us=1525 validate_us=305
BATCH stage=decode rows=12 tokens=12 us=1815 encode_us=28 native_us=1503 validate_us=283
BATCH stage=decode rows=12 tokens=12 us=1814 encode_us=25 native_us=1504 validate_us=284
BATCH stage=decode rows=11 tokens=11 us=1771 encode_us=21 native_us=1491 validate_us=259
BATCH stage=decode rows=11 tokens=11 us=1763 encode_us=14 native_us=1491 validate_us=257
BATCH stage=decode rows=11 tokens=11 us=1763 encode_us=17 native_us=1492 validate_us=253
BATCH stage=decode rows=11 tokens=11 us=1771 encode_us=20 native_us=1491 validate_us=259
BATCH stage=decode rows=10 tokens=10 us=1744 encode_us=20 native_us=1484 validate_us=239
BATCH stage=decode rows=9 tokens=9 us=1694 encode_us=23 native_us=1452 validate_us=218
BATCH stage=decode rows=9 tokens=9 us=1669 encode_us=15 native_us=1440 validate_us=213
BATCH stage=decode rows=9 tokens=9 us=1670 encode_us=12 native_us=1446 validate_us=211
BATCH stage=decode rows=9 tokens=9 us=1660 encode_us=9 native_us=1441 validate_us=210
BATCH stage=decode rows=9 tokens=9 us=1669 encode_us=10 native_us=1447 validate_us=211
BATCH stage=decode rows=9 tokens=9 us=1669 encode_us=12 native_us=1446 validate_us=210
BATCH stage=decode rows=9 tokens=9 us=1672 encode_us=10 native_us=1450 validate_us=210
BATCH stage=decode rows=9 tokens=9 us=1671 encode_us=17 native_us=1438 validate_us=214
BATCH stage=decode rows=9 tokens=9 us=1676 encode_us=13 native_us=1446 validate_us=216
BATCH stage=decode rows=9 tokens=9 us=1672 encode_us=9 native_us=1451 validate_us=210
BATCH stage=decode rows=9 tokens=9 us=1682 encode_us=11 native_us=1460 validate_us=210
BATCH stage=decode rows=9 tokens=9 us=1689 encode_us=9 native_us=1471 validate_us=209
BATCH stage=decode rows=9 tokens=9 us=1687 encode_us=8 native_us=1467 validate_us=211
BATCH stage=decode rows=9 tokens=9 us=1690 encode_us=11 native_us=1467 validate_us=211
BATCH stage=decode rows=9 tokens=9 us=1705 encode_us=17 native_us=1473 validate_us=214
BATCH stage=decode rows=9 tokens=9 us=1703 encode_us=15 native_us=1474 validate_us=213
BATCH stage=decode rows=9 tokens=9 us=1694 encode_us=10 native_us=1472 validate_us=211
BATCH stage=decode rows=9 tokens=9 us=1699 encode_us=13 native_us=1472 validate_us=213
BATCH stage=decode rows=9 tokens=9 us=1694 encode_us=9 native_us=1474 validate_us=209
BATCH stage=decode rows=9 tokens=9 us=1695 encode_us=9 native_us=1472 validate_us=214
BATCH stage=decode rows=9 tokens=9 us=1695 encode_us=10 native_us=1474 validate_us=210
BATCH stage=decode rows=9 tokens=9 us=1694 encode_us=8 native_us=1476 validate_us=209
BATCH stage=decode rows=8 tokens=8 us=1683 encode_us=18 native_us=1467 validate_us=198
BATCH stage=decode rows=7 tokens=7 us=1643 encode_us=16 native_us=1454 validate_us=173
BATCH stage=decode rows=7 tokens=7 us=1625 encode_us=9 native_us=1448 validate_us=167
BATCH stage=decode rows=7 tokens=7 us=1634 encode_us=7 native_us=1457 validate_us=169
BATCH stage=decode rows=7 tokens=7 us=1623 encode_us=6 native_us=1450 validate_us=166
BATCH stage=decode rows=7 tokens=7 us=1628 encode_us=6 native_us=1455 validate_us=166
BATCH stage=decode rows=7 tokens=7 us=1631 encode_us=6 native_us=1458 validate_us=166
BATCH stage=decode rows=6 tokens=6 us=1610 encode_us=13 native_us=1446 validate_us=150
BATCH stage=decode rows=5 tokens=5 us=1548 encode_us=10 native_us=1412 validate_us=125
BATCH stage=decode rows=5 tokens=5 us=1535 encode_us=6 native_us=1403 validate_us=126
BATCH stage=decode rows=5 tokens=5 us=1536 encode_us=5 native_us=1406 validate_us=124
BATCH stage=decode rows=5 tokens=5 us=1534 encode_us=5 native_us=1404 validate_us=124
BATCH stage=decode rows=5 tokens=5 us=1535 encode_us=5 native_us=1405 validate_us=123
BATCH stage=decode rows=5 tokens=5 us=1534 encode_us=5 native_us=1404 validate_us=124
BATCH stage=decode rows=5 tokens=5 us=1531 encode_us=5 native_us=1401 validate_us=124
BATCH stage=decode rows=5 tokens=5 us=1531 encode_us=5 native_us=1402 validate_us=123
BATCH stage=decode rows=5 tokens=5 us=1536 encode_us=5 native_us=1405 validate_us=124
BATCH stage=decode rows=5 tokens=5 us=1537 encode_us=5 native_us=1407 validate_us=124
BATCH stage=decode rows=5 tokens=5 us=1565 encode_us=7 native_us=1432 validate_us=125
BATCH stage=decode rows=5 tokens=5 us=1577 encode_us=5 native_us=1448 validate_us=124
BATCH stage=decode rows=5 tokens=5 us=1575 encode_us=5 native_us=1446 validate_us=124
BATCH stage=decode rows=5 tokens=5 us=1582 encode_us=5 native_us=1451 validate_us=125
BATCH stage=decode rows=5 tokens=5 us=1575 encode_us=5 native_us=1445 validate_us=124
BATCH stage=decode rows=5 tokens=5 us=1576 encode_us=7 native_us=1444 validate_us=124
BATCH stage=decode rows=5 tokens=5 us=1578 encode_us=5 native_us=1445 validate_us=127
BATCH stage=decode rows=5 tokens=5 us=1574 encode_us=6 native_us=1443 validate_us=124
BATCH stage=decode rows=5 tokens=5 us=1576 encode_us=5 native_us=1445 validate_us=124
BATCH stage=decode rows=5 tokens=5 us=1573 encode_us=5 native_us=1443 validate_us=124
BATCH stage=decode rows=5 tokens=5 us=1574 encode_us=5 native_us=1444 validate_us=124
BATCH stage=decode rows=5 tokens=5 us=1575 encode_us=5 native_us=1445 validate_us=123
BATCH stage=decode rows=5 tokens=5 us=1575 encode_us=5 native_us=1445 validate_us=124
BATCH stage=decode rows=4 tokens=4 us=1550 encode_us=8 native_us=1436 validate_us=105
BATCH stage=decode rows=4 tokens=4 us=1547 encode_us=5 native_us=1438 validate_us=102
BATCH stage=decode rows=4 tokens=4 us=1542 encode_us=4 native_us=1435 validate_us=103
BATCH stage=decode rows=4 tokens=4 us=1546 encode_us=4 native_us=1437 validate_us=103
BATCH stage=decode rows=4 tokens=4 us=1543 encode_us=4 native_us=1435 validate_us=103
BATCH stage=decode rows=4 tokens=4 us=1544 encode_us=4 native_us=1436 validate_us=103
BATCH stage=decode rows=4 tokens=4 us=1546 encode_us=4 native_us=1439 validate_us=102
BATCH stage=decode rows=3 tokens=3 us=1478 encode_us=5 native_us=1390 validate_us=82
BATCH stage=decode rows=3 tokens=3 us=1477 encode_us=3 native_us=1392 validate_us=81
BATCH stage=decode rows=3 tokens=3 us=1473 encode_us=3 native_us=1388 validate_us=81
BATCH stage=decode rows=3 tokens=3 us=1471 encode_us=3 native_us=1386 validate_us=81
BATCH stage=decode rows=3 tokens=3 us=1480 encode_us=3 native_us=1395 validate_us=81
BATCH stage=decode rows=3 tokens=3 us=1478 encode_us=3 native_us=1393 validate_us=81
BATCH stage=decode rows=3 tokens=3 us=1476 encode_us=3 native_us=1392 validate_us=81
BATCH stage=decode rows=3 tokens=3 us=1474 encode_us=3 native_us=1389 validate_us=81
BATCH stage=decode rows=3 tokens=3 us=1483 encode_us=3 native_us=1398 validate_us=81
BATCH stage=decode rows=3 tokens=3 us=1472 encode_us=3 native_us=1387 validate_us=81
BATCH stage=decode rows=3 tokens=3 us=1495 encode_us=3 native_us=1410 validate_us=81
BATCH stage=decode rows=3 tokens=3 us=1520 encode_us=3 native_us=1432 validate_us=83
BATCH stage=decode rows=3 tokens=3 us=1520 encode_us=3 native_us=1435 validate_us=81
BATCH stage=decode rows=3 tokens=3 us=1521 encode_us=3 native_us=1436 validate_us=81
BATCH stage=decode rows=3 tokens=3 us=1525 encode_us=3 native_us=1440 validate_us=81
BATCH stage=decode rows=3 tokens=3 us=1522 encode_us=3 native_us=1437 validate_us=81
BATCH stage=decode rows=3 tokens=3 us=1525 encode_us=3 native_us=1440 validate_us=81
BATCH stage=decode rows=3 tokens=3 us=1524 encode_us=3 native_us=1440 validate_us=81
BATCH stage=decode rows=3 tokens=3 us=1530 encode_us=3 native_us=1445 validate_us=81
BATCH stage=decode rows=3 tokens=3 us=1521 encode_us=3 native_us=1437 validate_us=81
BATCH stage=decode rows=3 tokens=3 us=1527 encode_us=3 native_us=1440 validate_us=83
BATCH stage=decode rows=3 tokens=3 us=1525 encode_us=3 native_us=1441 validate_us=81
BATCH stage=decode rows=3 tokens=3 us=1534 encode_us=3 native_us=1449 validate_us=81
BATCH stage=decode rows=2 tokens=2 us=1492 encode_us=3 native_us=1428 validate_us=60
BATCH stage=decode rows=2 tokens=2 us=1501 encode_us=2 native_us=1438 validate_us=60
BATCH stage=decode rows=2 tokens=2 us=1502 encode_us=2 native_us=1439 validate_us=60
BATCH stage=decode rows=2 tokens=2 us=1503 encode_us=2 native_us=1439 validate_us=60
BATCH stage=decode rows=2 tokens=2 us=1499 encode_us=2 native_us=1436 validate_us=60
BATCH stage=decode rows=2 tokens=2 us=1504 encode_us=2 native_us=1441 validate_us=60
BATCH stage=decode rows=2 tokens=2 us=1504 encode_us=2 native_us=1441 validate_us=60
BATCH stage=decode rows=1 tokens=1 us=1467 encode_us=2 native_us=1425 validate_us=39
BATCH stage=decode rows=1 tokens=1 us=1471 encode_us=1 native_us=1431 validate_us=38
BATCH stage=decode rows=1 tokens=1 us=1469 encode_us=1 native_us=1429 validate_us=38
BATCH stage=decode rows=1 tokens=1 us=1470 encode_us=1 native_us=1430 validate_us=38
BATCH stage=decode rows=1 tokens=1 us=1469 encode_us=1 native_us=1428 validate_us=38
BATCH stage=decode rows=1 tokens=1 us=1465 encode_us=1 native_us=1425 validate_us=38
BATCH stage=decode rows=1 tokens=1 us=1471 encode_us=1 native_us=1431 validate_us=38
riley graceful shutdown requested by stdin
