RILEY_GRAPH prepared=true policy=Require fallback=false gpu_iteration_timing=false numerics=variable-smol-v3
riley listening on http://127.0.0.1:39341 (graceful_signals=SIGINT,SIGTERM graceful_stdin_shutdown=true)
BATCH stage=prefill rows=1 tokens=16 us=2599 encode_us=1 native_us=2565 validate_us=32
BATCH stage=decode rows=1 tokens=1 us=1068 encode_us=1 native_us=1036 validate_us=30
BATCH stage=prefill rows=1 tokens=398 us=6668 encode_us=2 native_us=6631 validate_us=34
BATCH stage=decode rows=2 tokens=2 us=1234 encode_us=2 native_us=1181 validate_us=50
BATCH stage=prefill rows=1 tokens=16 us=2462 encode_us=1 native_us=2431 validate_us=29
BATCH stage=decode rows=3 tokens=3 us=1232 encode_us=1 native_us=1160 validate_us=70
BATCH stage=prefill rows=1 tokens=16 us=2461 encode_us=0 native_us=2432 validate_us=28
BATCH stage=decode rows=4 tokens=4 us=1255 encode_us=1 native_us=1162 validate_us=90
BATCH stage=prefill rows=1 tokens=128 us=2940 encode_us=1 native_us=2909 validate_us=29
BATCH stage=decode rows=5 tokens=5 us=1285 encode_us=1 native_us=1172 validate_us=111
BATCH stage=prefill rows=1 tokens=398 us=6677 encode_us=3 native_us=6643 validate_us=30
BATCH stage=decode rows=6 tokens=6 us=1317 encode_us=3 native_us=1180 validate_us=133
BATCH stage=prefill rows=1 tokens=16 us=2461 encode_us=1 native_us=2431 validate_us=28
BATCH stage=decode rows=7 tokens=7 us=1348 encode_us=3 native_us=1191 validate_us=154
BATCH stage=prefill rows=1 tokens=128 us=2945 encode_us=2 native_us=2912 validate_us=29
BATCH stage=decode rows=8 tokens=8 us=1387 encode_us=3 native_us=1207 validate_us=176
BATCH stage=prefill rows=1 tokens=398 us=6686 encode_us=4 native_us=6651 validate_us=30
BATCH stage=decode rows=8 tokens=8 us=1408 encode_us=5 native_us=1213 validate_us=189
BATCH stage=prefill rows=1 tokens=128 us=2933 encode_us=2 native_us=2902 validate_us=28
BATCH stage=decode rows=8 tokens=8 us=1395 encode_us=6 native_us=1212 validate_us=176
BATCH stage=prefill rows=1 tokens=128 us=2943 encode_us=2 native_us=2911 validate_us=29
BATCH stage=decode rows=8 tokens=8 us=1388 encode_us=4 native_us=1206 validate_us=176
BATCH stage=prefill rows=1 tokens=398 us=6668 encode_us=3 native_us=6632 validate_us=32
BATCH stage=decode rows=8 tokens=8 us=1379 encode_us=5 native_us=1198 validate_us=176
BATCH stage=prefill rows=1 tokens=128 us=2937 encode_us=2 native_us=2904 validate_us=29
BATCH stage=decode rows=8 tokens=8 us=1384 encode_us=6 native_us=1200 validate_us=176
BATCH stage=prefill rows=1 tokens=398 us=6681 encode_us=4 native_us=6645 validate_us=31
BATCH stage=decode rows=8 tokens=8 us=1395 encode_us=7 native_us=1209 validate_us=178
BATCH stage=prefill rows=1 tokens=398 us=6726 encode_us=5 native_us=6677 validate_us=43
BATCH stage=decode rows=8 tokens=8 us=1442 encode_us=12 native_us=1243 validate_us=186
BATCH stage=prefill rows=1 tokens=398 us=6688 encode_us=8 native_us=6643 validate_us=36
BATCH stage=decode rows=8 tokens=8 us=1407 encode_us=9 native_us=1218 validate_us=179
BATCH stage=prefill rows=1 tokens=16 us=2467 encode_us=4 native_us=2429 validate_us=32
BATCH stage=decode rows=8 tokens=8 us=1412 encode_us=15 native_us=1213 validate_us=183
BATCH stage=prefill rows=1 tokens=128 us=2951 encode_us=5 native_us=2912 validate_us=33
BATCH stage=decode rows=8 tokens=8 us=1407 encode_us=11 native_us=1214 validate_us=180
BATCH stage=prefill rows=1 tokens=16 us=2467 encode_us=5 native_us=2429 validate_us=32
BATCH stage=decode rows=8 tokens=8 us=1399 encode_us=11 native_us=1207 validate_us=180
BATCH stage=prefill rows=1 tokens=128 us=2948 encode_us=5 native_us=2911 validate_us=32
BATCH stage=decode rows=8 tokens=8 us=1398 encode_us=9 native_us=1209 validate_us=178
BATCH stage=prefill rows=1 tokens=398 us=6661 encode_us=7 native_us=6617 validate_us=36
BATCH stage=decode rows=8 tokens=8 us=1404 encode_us=13 native_us=1207 validate_us=184
BATCH stage=prefill rows=1 tokens=128 us=2956 encode_us=7 native_us=2913 validate_us=36
BATCH stage=decode rows=8 tokens=8 us=1379 encode_us=10 native_us=1187 validate_us=181
BATCH stage=prefill rows=1 tokens=16 us=2466 encode_us=6 native_us=2427 validate_us=32
BATCH stage=decode rows=8 tokens=8 us=1412 encode_us=14 native_us=1213 validate_us=184
BATCH stage=prefill rows=1 tokens=16 us=2472 encode_us=8 native_us=2430 validate_us=33
BATCH stage=decode rows=8 tokens=8 us=1371 encode_us=12 native_us=1177 validate_us=181
BATCH stage=prefill rows=1 tokens=128 us=2951 encode_us=7 native_us=2910 validate_us=33
BATCH stage=decode rows=8 tokens=8 us=1414 encode_us=14 native_us=1215 validate_us=184
BATCH stage=prefill rows=1 tokens=16 us=2475 encode_us=7 native_us=2432 validate_us=35
BATCH stage=decode rows=8 tokens=8 us=1399 encode_us=13 native_us=1201 validate_us=183
BATCH stage=prefill rows=1 tokens=16 us=2470 encode_us=6 native_us=2428 validate_us=34
BATCH stage=decode rows=8 tokens=8 us=1398 encode_us=9 native_us=1208 validate_us=179
BATCH stage=prefill rows=1 tokens=16 us=2465 encode_us=6 native_us=2427 validate_us=32
BATCH stage=decode rows=8 tokens=8 us=1411 encode_us=17 native_us=1207 validate_us=186
BATCH stage=prefill rows=1 tokens=128 us=2931 encode_us=8 native_us=2888 validate_us=34
BATCH stage=decode rows=8 tokens=8 us=1412 encode_us=15 native_us=1211 validate_us=185
BATCH stage=prefill rows=1 tokens=398 us=6684 encode_us=10 native_us=6637 validate_us=36
BATCH stage=decode rows=8 tokens=8 us=1376 encode_us=12 native_us=1173 validate_us=189
BATCH stage=prefill rows=1 tokens=128 us=2957 encode_us=10 native_us=2911 validate_us=36
BATCH stage=decode rows=8 tokens=8 us=1427 encode_us=15 native_us=1227 validate_us=184
BATCH stage=prefill rows=1 tokens=398 us=6703 encode_us=11 native_us=6653 validate_us=38
BATCH stage=decode rows=8 tokens=8 us=1415 encode_us=15 native_us=1213 validate_us=185
BATCH stage=decode rows=8 tokens=8 us=1382 encode_us=13 native_us=1185 validate_us=183
BATCH stage=decode rows=8 tokens=8 us=1413 encode_us=15 native_us=1212 validate_us=186
BATCH stage=decode rows=8 tokens=8 us=1410 encode_us=18 native_us=1205 validate_us=187
BATCH stage=decode rows=8 tokens=8 us=1389 encode_us=16 native_us=1186 validate_us=186
BATCH stage=decode rows=8 tokens=8 us=1402 encode_us=14 native_us=1201 validate_us=185
BATCH stage=decode rows=8 tokens=8 us=1396 encode_us=15 native_us=1195 validate_us=185
BATCH stage=decode rows=8 tokens=8 us=1403 encode_us=14 native_us=1203 validate_us=184
BATCH stage=decode rows=8 tokens=8 us=1387 encode_us=14 native_us=1185 validate_us=187
BATCH stage=decode rows=8 tokens=8 us=1397 encode_us=15 native_us=1198 validate_us=184
BATCH stage=decode rows=8 tokens=8 us=1408 encode_us=14 native_us=1209 validate_us=184
BATCH stage=decode rows=8 tokens=8 us=1418 encode_us=15 native_us=1216 validate_us=187
BATCH stage=decode rows=8 tokens=8 us=1394 encode_us=14 native_us=1195 validate_us=184
BATCH stage=decode rows=8 tokens=8 us=1409 encode_us=12 native_us=1214 validate_us=183
BATCH stage=decode rows=8 tokens=8 us=1402 encode_us=13 native_us=1204 validate_us=185
BATCH stage=decode rows=8 tokens=8 us=1427 encode_us=18 native_us=1219 validate_us=188
BATCH stage=decode rows=8 tokens=8 us=1412 encode_us=18 native_us=1205 validate_us=188
BATCH stage=decode rows=8 tokens=8 us=1421 encode_us=15 native_us=1213 validate_us=192
BATCH stage=decode rows=8 tokens=8 us=1425 encode_us=17 native_us=1219 validate_us=188
BATCH stage=decode rows=8 tokens=8 us=1424 encode_us=17 native_us=1220 validate_us=187
BATCH stage=decode rows=8 tokens=8 us=1418 encode_us=16 native_us=1213 validate_us=188
BATCH stage=decode rows=8 tokens=8 us=1415 encode_us=15 native_us=1205 validate_us=195
BATCH stage=decode rows=8 tokens=8 us=1417 encode_us=17 native_us=1201 validate_us=198
BATCH stage=decode rows=8 tokens=8 us=1428 encode_us=19 native_us=1218 validate_us=190
BATCH stage=decode rows=8 tokens=8 us=1420 encode_us=18 native_us=1210 validate_us=191
BATCH stage=decode rows=8 tokens=8 us=1417 encode_us=16 native_us=1211 validate_us=189
BATCH stage=decode rows=8 tokens=8 us=1416 encode_us=16 native_us=1210 validate_us=189
BATCH stage=decode rows=8 tokens=8 us=1421 encode_us=15 native_us=1218 validate_us=186
BATCH stage=decode rows=8 tokens=8 us=1422 encode_us=17 native_us=1206 validate_us=198
BATCH stage=decode rows=8 tokens=8 us=1406 encode_us=15 native_us=1204 validate_us=185
BATCH stage=decode rows=8 tokens=8 us=1416 encode_us=17 native_us=1208 validate_us=190
BATCH stage=decode rows=8 tokens=8 us=1416 encode_us=17 native_us=1210 validate_us=188
BATCH stage=decode rows=8 tokens=8 us=1414 encode_us=16 native_us=1209 validate_us=188
BATCH stage=decode rows=8 tokens=8 us=1424 encode_us=16 native_us=1221 validate_us=186
BATCH stage=decode rows=8 tokens=8 us=1418 encode_us=17 native_us=1210 validate_us=189
BATCH stage=prefill rows=1 tokens=398 us=6728 encode_us=16 native_us=6667 validate_us=43
BATCH stage=decode rows=8 tokens=8 us=1441 encode_us=19 native_us=1234 validate_us=188
BATCH stage=decode rows=8 tokens=8 us=1418 encode_us=17 native_us=1208 validate_us=191
BATCH stage=decode rows=8 tokens=8 us=1438 encode_us=16 native_us=1234 validate_us=187
BATCH stage=decode rows=8 tokens=8 us=1423 encode_us=17 native_us=1220 validate_us=185
BATCH stage=decode rows=8 tokens=8 us=1413 encode_us=15 native_us=1208 validate_us=189
BATCH stage=decode rows=8 tokens=8 us=1420 encode_us=17 native_us=1215 validate_us=187
BATCH stage=decode rows=8 tokens=8 us=1430 encode_us=15 native_us=1229 validate_us=185
BATCH stage=decode rows=8 tokens=8 us=1409 encode_us=13 native_us=1210 validate_us=185
BATCH stage=decode rows=8 tokens=8 us=1429 encode_us=15 native_us=1226 validate_us=186
BATCH stage=decode rows=8 tokens=8 us=1406 encode_us=14 native_us=1206 validate_us=185
BATCH stage=decode rows=8 tokens=8 us=1425 encode_us=14 native_us=1224 validate_us=186
BATCH stage=decode rows=8 tokens=8 us=1415 encode_us=19 native_us=1205 validate_us=190
BATCH stage=prefill rows=1 tokens=16 us=2482 encode_us=14 native_us=2427 validate_us=40
BATCH stage=decode rows=8 tokens=8 us=1414 encode_us=18 native_us=1207 validate_us=188
BATCH stage=decode rows=8 tokens=8 us=1400 encode_us=18 native_us=1193 validate_us=188
BATCH stage=decode rows=8 tokens=8 us=1420 encode_us=17 native_us=1216 validate_us=186
BATCH stage=decode rows=8 tokens=8 us=1405 encode_us=14 native_us=1205 validate_us=185
BATCH stage=decode rows=8 tokens=8 us=1417 encode_us=15 native_us=1216 validate_us=185
BATCH stage=decode rows=8 tokens=8 us=1407 encode_us=18 native_us=1200 validate_us=187
BATCH stage=decode rows=8 tokens=8 us=1422 encode_us=20 native_us=1212 validate_us=190
BATCH stage=prefill rows=1 tokens=128 us=2974 encode_us=16 native_us=2914 validate_us=42
BATCH stage=decode rows=8 tokens=8 us=1403 encode_us=18 native_us=1195 validate_us=188
BATCH stage=decode rows=8 tokens=8 us=1440 encode_us=17 native_us=1231 validate_us=191
BATCH stage=decode rows=8 tokens=8 us=1442 encode_us=18 native_us=1234 validate_us=188
BATCH stage=decode rows=8 tokens=8 us=1410 encode_us=17 native_us=1202 validate_us=190
BATCH stage=decode rows=8 tokens=8 us=1413 encode_us=16 native_us=1210 validate_us=186
BATCH stage=decode rows=8 tokens=8 us=1435 encode_us=16 native_us=1229 validate_us=188
BATCH stage=decode rows=8 tokens=8 us=1429 encode_us=18 native_us=1221 validate_us=189
BATCH stage=decode rows=8 tokens=8 us=1428 encode_us=16 native_us=1219 validate_us=192
BATCH stage=decode rows=8 tokens=8 us=1422 encode_us=16 native_us=1219 validate_us=186
BATCH stage=decode rows=8 tokens=8 us=1440 encode_us=16 native_us=1235 validate_us=188
BATCH stage=decode rows=8 tokens=8 us=1421 encode_us=20 native_us=1211 validate_us=190
BATCH stage=decode rows=8 tokens=8 us=1421 encode_us=16 native_us=1218 validate_us=186
BATCH stage=decode rows=8 tokens=8 us=1423 encode_us=15 native_us=1219 validate_us=188
BATCH stage=decode rows=8 tokens=8 us=1439 encode_us=18 native_us=1232 validate_us=188
BATCH stage=decode rows=8 tokens=8 us=1426 encode_us=19 native_us=1216 validate_us=190
BATCH stage=decode rows=8 tokens=8 us=1428 encode_us=19 native_us=1221 validate_us=188
BATCH stage=decode rows=8 tokens=8 us=1415 encode_us=16 native_us=1212 validate_us=186
BATCH stage=decode rows=8 tokens=8 us=1415 encode_us=16 native_us=1211 validate_us=187
BATCH stage=decode rows=8 tokens=8 us=1424 encode_us=22 native_us=1208 validate_us=193
BATCH stage=prefill rows=1 tokens=398 us=6709 encode_us=18 native_us=6645 validate_us=45
BATCH stage=decode rows=8 tokens=8 us=1441 encode_us=21 native_us=1228 validate_us=192
BATCH stage=decode rows=8 tokens=8 us=1426 encode_us=19 native_us=1217 validate_us=190
BATCH stage=decode rows=8 tokens=8 us=1451 encode_us=23 native_us=1234 validate_us=193
BATCH stage=decode rows=8 tokens=8 us=1449 encode_us=21 native_us=1236 validate_us=191
BATCH stage=decode rows=8 tokens=8 us=1423 encode_us=17 native_us=1217 validate_us=188
BATCH stage=decode rows=8 tokens=8 us=1424 encode_us=18 native_us=1217 validate_us=188
BATCH stage=decode rows=8 tokens=8 us=1445 encode_us=20 native_us=1234 validate_us=190
BATCH stage=decode rows=8 tokens=8 us=1454 encode_us=20 native_us=1238 validate_us=195
BATCH stage=decode rows=8 tokens=8 us=1423 encode_us=19 native_us=1216 validate_us=188
BATCH stage=decode rows=8 tokens=8 us=1423 encode_us=17 native_us=1217 validate_us=189
BATCH stage=decode rows=8 tokens=8 us=1446 encode_us=21 native_us=1234 validate_us=191
BATCH stage=decode rows=8 tokens=8 us=1445 encode_us=20 native_us=1234 validate_us=190
BATCH stage=decode rows=8 tokens=8 us=1431 encode_us=18 native_us=1224 validate_us=188
BATCH stage=decode rows=8 tokens=8 us=1423 encode_us=17 native_us=1217 validate_us=188
BATCH stage=decode rows=8 tokens=8 us=1443 encode_us=20 native_us=1231 validate_us=190
BATCH stage=decode rows=8 tokens=8 us=1613 encode_us=20 native_us=1274 validate_us=319
BATCH stage=decode rows=8 tokens=8 us=1455 encode_us=33 native_us=1217 validate_us=204
BATCH stage=decode rows=8 tokens=8 us=1425 encode_us=21 native_us=1212 validate_us=191
BATCH stage=decode rows=8 tokens=8 us=1440 encode_us=21 native_us=1227 validate_us=192
BATCH stage=decode rows=8 tokens=8 us=1431 encode_us=21 native_us=1217 validate_us=192
BATCH stage=decode rows=8 tokens=8 us=1410 encode_us=17 native_us=1203 validate_us=189
BATCH stage=decode rows=8 tokens=8 us=1410 encode_us=19 native_us=1200 validate_us=190
BATCH stage=decode rows=8 tokens=8 us=1429 encode_us=20 native_us=1218 validate_us=190
BATCH stage=decode rows=8 tokens=8 us=1429 encode_us=20 native_us=1218 validate_us=190
BATCH stage=decode rows=8 tokens=8 us=1413 encode_us=19 native_us=1204 validate_us=189
BATCH stage=decode rows=8 tokens=8 us=1425 encode_us=18 native_us=1219 validate_us=187
BATCH stage=decode rows=8 tokens=8 us=1445 encode_us=21 native_us=1234 validate_us=189
BATCH stage=decode rows=8 tokens=8 us=1449 encode_us=22 native_us=1235 validate_us=191
BATCH stage=decode rows=8 tokens=8 us=1424 encode_us=18 native_us=1217 validate_us=188
BATCH stage=decode rows=8 tokens=8 us=1421 encode_us=17 native_us=1214 validate_us=189
BATCH stage=decode rows=8 tokens=8 us=1440 encode_us=20 native_us=1227 validate_us=192
BATCH stage=decode rows=8 tokens=8 us=1448 encode_us=20 native_us=1235 validate_us=191
BATCH stage=decode rows=8 tokens=8 us=1426 encode_us=18 native_us=1216 validate_us=190
BATCH stage=prefill rows=1 tokens=16 us=2486 encode_us=15 native_us=2428 validate_us=41
BATCH stage=decode rows=8 tokens=8 us=1421 encode_us=18 native_us=1214 validate_us=188
BATCH stage=decode rows=8 tokens=8 us=1435 encode_us=21 native_us=1222 validate_us=191
BATCH stage=decode rows=8 tokens=8 us=1447 encode_us=21 native_us=1230 validate_us=194
BATCH stage=prefill rows=1 tokens=128 us=2989 encode_us=17 native_us=2927 validate_us=44
BATCH stage=decode rows=8 tokens=8 us=1429 encode_us=20 native_us=1218 validate_us=190
BATCH stage=decode rows=8 tokens=8 us=1441 encode_us=23 native_us=1228 validate_us=189
BATCH stage=decode rows=8 tokens=8 us=1457 encode_us=25 native_us=1238 validate_us=193
BATCH stage=decode rows=8 tokens=8 us=1444 encode_us=22 native_us=1230 validate_us=192
BATCH stage=decode rows=8 tokens=8 us=1426 encode_us=18 native_us=1218 validate_us=189
BATCH stage=decode rows=8 tokens=8 us=1436 encode_us=21 native_us=1223 validate_us=191
BATCH stage=prefill rows=1 tokens=398 us=6739 encode_us=20 native_us=6669 validate_us=49
BATCH stage=decode rows=8 tokens=8 us=1476 encode_us=26 native_us=1249 validate_us=199
BATCH stage=prefill rows=1 tokens=16 us=2489 encode_us=17 native_us=2427 validate_us=43
BATCH stage=decode rows=8 tokens=8 us=1443 encode_us=23 native_us=1226 validate_us=193
BATCH stage=decode rows=8 tokens=8 us=1421 encode_us=19 native_us=1210 validate_us=190
BATCH stage=decode rows=8 tokens=8 us=1452 encode_us=23 native_us=1236 validate_us=193
BATCH stage=prefill rows=1 tokens=128 us=2984 encode_us=19 native_us=2918 validate_us=46
BATCH stage=decode rows=8 tokens=8 us=1455 encode_us=27 native_us=1231 validate_us=196
BATCH stage=prefill rows=1 tokens=398 us=6713 encode_us=18 native_us=6650 validate_us=44
BATCH stage=decode rows=8 tokens=8 us=1449 encode_us=23 native_us=1230 validate_us=194
BATCH stage=prefill rows=1 tokens=16 us=2483 encode_us=16 native_us=2425 validate_us=42
BATCH stage=decode rows=8 tokens=8 us=1445 encode_us=24 native_us=1226 validate_us=193
BATCH stage=decode rows=8 tokens=8 us=1430 encode_us=22 native_us=1215 validate_us=193
BATCH stage=decode rows=8 tokens=8 us=1452 encode_us=24 native_us=1231 validate_us=195
BATCH stage=decode rows=8 tokens=8 us=1434 encode_us=24 native_us=1215 validate_us=195
BATCH stage=decode rows=8 tokens=8 us=1443 encode_us=23 native_us=1227 validate_us=193
BATCH stage=decode rows=8 tokens=8 us=1438 encode_us=22 native_us=1221 validate_us=195
BATCH stage=decode rows=8 tokens=8 us=1447 encode_us=25 native_us=1225 validate_us=196
BATCH stage=decode rows=8 tokens=8 us=1417 encode_us=22 native_us=1202 validate_us=192
BATCH stage=decode rows=8 tokens=8 us=1438 encode_us=23 native_us=1220 validate_us=194
BATCH stage=decode rows=8 tokens=8 us=1439 encode_us=23 native_us=1223 validate_us=192
BATCH stage=decode rows=8 tokens=8 us=1455 encode_us=26 native_us=1233 validate_us=195
BATCH stage=decode rows=8 tokens=8 us=1440 encode_us=23 native_us=1222 validate_us=194
BATCH stage=decode rows=8 tokens=8 us=1436 encode_us=21 native_us=1222 validate_us=192
BATCH stage=decode rows=8 tokens=8 us=1441 encode_us=21 native_us=1224 validate_us=195
BATCH stage=decode rows=8 tokens=8 us=1460 encode_us=24 native_us=1241 validate_us=194
BATCH stage=decode rows=8 tokens=8 us=1434 encode_us=21 native_us=1219 validate_us=192
BATCH stage=decode rows=8 tokens=8 us=1442 encode_us=23 native_us=1225 validate_us=193
BATCH stage=decode rows=8 tokens=8 us=1439 encode_us=22 native_us=1224 validate_us=192
BATCH stage=decode rows=8 tokens=8 us=1463 encode_us=26 native_us=1241 validate_us=196
BATCH stage=decode rows=8 tokens=8 us=1432 encode_us=22 native_us=1214 validate_us=195
BATCH stage=decode rows=8 tokens=8 us=1443 encode_us=23 native_us=1225 validate_us=194
BATCH stage=decode rows=8 tokens=8 us=1431 encode_us=22 native_us=1217 validate_us=191
BATCH stage=decode rows=8 tokens=8 us=1469 encode_us=27 native_us=1244 validate_us=197
BATCH stage=decode rows=8 tokens=8 us=1434 encode_us=23 native_us=1217 validate_us=193
BATCH stage=decode rows=8 tokens=8 us=1441 encode_us=21 native_us=1226 validate_us=192
BATCH stage=decode rows=8 tokens=8 us=1442 encode_us=25 native_us=1224 validate_us=193
BATCH stage=decode rows=8 tokens=8 us=1461 encode_us=25 native_us=1240 validate_us=195
BATCH stage=decode rows=8 tokens=8 us=1438 encode_us=22 native_us=1218 validate_us=196
BATCH stage=decode rows=8 tokens=8 us=1442 encode_us=23 native_us=1223 validate_us=194
BATCH stage=decode rows=8 tokens=8 us=1443 encode_us=22 native_us=1222 validate_us=198
BATCH stage=decode rows=8 tokens=8 us=1466 encode_us=25 native_us=1245 validate_us=196
BATCH stage=decode rows=8 tokens=8 us=1436 encode_us=22 native_us=1221 validate_us=191
BATCH stage=decode rows=8 tokens=8 us=1439 encode_us=21 native_us=1225 validate_us=191
BATCH stage=decode rows=8 tokens=8 us=1437 encode_us=23 native_us=1220 validate_us=193
BATCH stage=decode rows=8 tokens=8 us=1456 encode_us=23 native_us=1238 validate_us=194
BATCH stage=decode rows=8 tokens=8 us=1461 encode_us=58 native_us=1212 validate_us=191
BATCH stage=decode rows=8 tokens=8 us=1445 encode_us=24 native_us=1226 validate_us=194
BATCH stage=decode rows=8 tokens=8 us=1435 encode_us=21 native_us=1221 validate_us=191
BATCH stage=decode rows=8 tokens=8 us=1460 encode_us=25 native_us=1237 validate_us=197
BATCH stage=decode rows=8 tokens=8 us=1439 encode_us=22 native_us=1223 validate_us=193
BATCH stage=decode rows=8 tokens=8 us=1436 encode_us=22 native_us=1221 validate_us=192
BATCH stage=decode rows=8 tokens=8 us=1444 encode_us=23 native_us=1226 validate_us=194
BATCH stage=decode rows=8 tokens=8 us=1466 encode_us=24 native_us=1246 validate_us=195
BATCH stage=decode rows=8 tokens=8 us=1444 encode_us=22 native_us=1228 validate_us=193
BATCH stage=decode rows=8 tokens=8 us=1440 encode_us=22 native_us=1226 validate_us=192
BATCH stage=decode rows=8 tokens=8 us=1447 encode_us=25 native_us=1225 validate_us=196
BATCH stage=decode rows=8 tokens=8 us=1462 encode_us=25 native_us=1242 validate_us=194
BATCH stage=decode rows=8 tokens=8 us=1447 encode_us=22 native_us=1226 validate_us=197
BATCH stage=decode rows=8 tokens=8 us=1433 encode_us=24 native_us=1215 validate_us=193
BATCH stage=decode rows=8 tokens=8 us=1442 encode_us=21 native_us=1228 validate_us=191
BATCH stage=decode rows=8 tokens=8 us=1470 encode_us=29 native_us=1242 validate_us=198
BATCH stage=prefill rows=1 tokens=128 us=2980 encode_us=21 native_us=2911 validate_us=47
BATCH stage=decode rows=8 tokens=8 us=1449 encode_us=27 native_us=1226 validate_us=196
BATCH stage=decode rows=8 tokens=8 us=1443 encode_us=24 native_us=1225 validate_us=193
BATCH stage=decode rows=8 tokens=8 us=1468 encode_us=27 native_us=1242 validate_us=199
BATCH stage=decode rows=8 tokens=8 us=1456 encode_us=26 native_us=1233 validate_us=197
BATCH stage=decode rows=8 tokens=8 us=1445 encode_us=24 native_us=1225 validate_us=194
BATCH stage=decode rows=8 tokens=8 us=1446 encode_us=25 native_us=1224 validate_us=196
BATCH stage=decode rows=8 tokens=8 us=1447 encode_us=26 native_us=1225 validate_us=195
BATCH stage=decode rows=8 tokens=8 us=1454 encode_us=24 native_us=1235 validate_us=194
BATCH stage=decode rows=8 tokens=8 us=1440 encode_us=24 native_us=1220 validate_us=194
BATCH stage=decode rows=8 tokens=8 us=1444 encode_us=23 native_us=1226 validate_us=195
BATCH stage=decode rows=8 tokens=8 us=1452 encode_us=23 native_us=1233 validate_us=195
BATCH stage=decode rows=8 tokens=8 us=1448 encode_us=27 native_us=1223 validate_us=198
BATCH stage=decode rows=8 tokens=8 us=1438 encode_us=23 native_us=1220 validate_us=194
BATCH stage=decode rows=8 tokens=8 us=1451 encode_us=26 native_us=1229 validate_us=195
BATCH stage=decode rows=8 tokens=8 us=1463 encode_us=25 native_us=1241 validate_us=195
BATCH stage=decode rows=8 tokens=8 us=1463 encode_us=28 native_us=1237 validate_us=197
BATCH stage=prefill rows=1 tokens=398 us=6711 encode_us=23 native_us=6638 validate_us=50
BATCH stage=decode rows=8 tokens=8 us=1447 encode_us=27 native_us=1223 validate_us=196
BATCH stage=decode rows=8 tokens=8 us=1448 encode_us=25 native_us=1229 validate_us=194
BATCH stage=decode rows=8 tokens=8 us=1452 encode_us=25 native_us=1229 validate_us=197
BATCH stage=decode rows=8 tokens=8 us=1457 encode_us=27 native_us=1233 validate_us=196
BATCH stage=decode rows=8 tokens=8 us=1436 encode_us=23 native_us=1217 validate_us=195
BATCH stage=decode rows=8 tokens=8 us=1428 encode_us=22 native_us=1210 validate_us=195
BATCH stage=decode rows=8 tokens=8 us=1447 encode_us=27 native_us=1224 validate_us=195
BATCH stage=decode rows=8 tokens=8 us=1451 encode_us=24 native_us=1231 validate_us=195
BATCH stage=decode rows=8 tokens=8 us=1440 encode_us=24 native_us=1220 validate_us=195
BATCH stage=decode rows=8 tokens=8 us=1428 encode_us=25 native_us=1209 validate_us=193
BATCH stage=decode rows=8 tokens=8 us=1450 encode_us=24 native_us=1230 validate_us=195
BATCH stage=decode rows=8 tokens=8 us=1477 encode_us=28 native_us=1249 validate_us=199
BATCH stage=decode rows=8 tokens=8 us=1447 encode_us=24 native_us=1228 validate_us=194
BATCH stage=decode rows=8 tokens=8 us=1443 encode_us=23 native_us=1225 validate_us=194
BATCH stage=decode rows=8 tokens=8 us=1447 encode_us=27 native_us=1222 validate_us=197
BATCH stage=decode rows=8 tokens=8 us=1466 encode_us=29 native_us=1236 validate_us=199
BATCH stage=prefill rows=1 tokens=16 us=2493 encode_us=19 native_us=2426 validate_us=46
BATCH stage=decode rows=8 tokens=8 us=1440 encode_us=25 native_us=1220 validate_us=194
BATCH stage=decode rows=8 tokens=8 us=1449 encode_us=23 native_us=1231 validate_us=194
BATCH stage=decode rows=8 tokens=8 us=1461 encode_us=30 native_us=1232 validate_us=199
BATCH stage=decode rows=8 tokens=8 us=1438 encode_us=24 native_us=1219 validate_us=194
BATCH stage=decode rows=8 tokens=8 us=1447 encode_us=24 native_us=1226 validate_us=196
BATCH stage=decode rows=8 tokens=8 us=1453 encode_us=25 native_us=1233 validate_us=194
BATCH stage=decode rows=8 tokens=8 us=1468 encode_us=26 native_us=1243 validate_us=198
BATCH stage=decode rows=8 tokens=8 us=1444 encode_us=23 native_us=1227 validate_us=193
BATCH stage=decode rows=8 tokens=8 us=1454 encode_us=26 native_us=1230 validate_us=197
BATCH stage=decode rows=8 tokens=8 us=1436 encode_us=24 native_us=1217 validate_us=194
BATCH stage=decode rows=8 tokens=8 us=1470 encode_us=28 native_us=1242 validate_us=199
BATCH stage=prefill rows=1 tokens=128 us=2972 encode_us=21 native_us=2903 validate_us=47
BATCH stage=decode rows=8 tokens=8 us=1452 encode_us=26 native_us=1229 validate_us=196
BATCH stage=decode rows=8 tokens=8 us=1450 encode_us=24 native_us=1231 validate_us=194
BATCH stage=decode rows=8 tokens=8 us=1451 encode_us=27 native_us=1227 validate_us=196
BATCH stage=decode rows=8 tokens=8 us=1440 encode_us=26 native_us=1216 validate_us=197
BATCH stage=prefill rows=1 tokens=398 us=6700 encode_us=23 native_us=6625 validate_us=51
BATCH stage=decode rows=8 tokens=8 us=1459 encode_us=29 native_us=1229 validate_us=201
BATCH stage=decode rows=8 tokens=8 us=1451 encode_us=27 native_us=1225 validate_us=198
BATCH stage=decode rows=8 tokens=8 us=1470 encode_us=27 native_us=1244 validate_us=197
BATCH stage=decode rows=8 tokens=8 us=1456 encode_us=27 native_us=1231 validate_us=197
BATCH stage=decode rows=8 tokens=8 us=1443 encode_us=26 native_us=1219 validate_us=196
BATCH stage=prefill rows=1 tokens=16 us=2472 encode_us=17 native_us=2410 validate_us=44
BATCH stage=decode rows=8 tokens=8 us=1440 encode_us=25 native_us=1217 validate_us=197
BATCH stage=decode rows=8 tokens=8 us=1448 encode_us=27 native_us=1225 validate_us=196
BATCH stage=decode rows=8 tokens=8 us=1458 encode_us=25 native_us=1234 validate_us=198
BATCH stage=decode rows=8 tokens=8 us=1427 encode_us=24 native_us=1209 validate_us=193
BATCH stage=decode rows=8 tokens=8 us=1433 encode_us=25 native_us=1211 validate_us=196
BATCH stage=decode rows=8 tokens=8 us=1450 encode_us=27 native_us=1225 validate_us=196
BATCH stage=decode rows=8 tokens=8 us=1459 encode_us=27 native_us=1235 validate_us=197
BATCH stage=prefill rows=1 tokens=128 us=2971 encode_us=21 native_us=2903 validate_us=47
BATCH stage=decode rows=8 tokens=8 us=1429 encode_us=24 native_us=1210 validate_us=194
BATCH stage=decode rows=8 tokens=8 us=1433 encode_us=24 native_us=1214 validate_us=194
BATCH stage=decode rows=8 tokens=8 us=1464 encode_us=30 native_us=1234 validate_us=199
BATCH stage=decode rows=8 tokens=8 us=1440 encode_us=26 native_us=1216 validate_us=196
BATCH stage=prefill rows=1 tokens=398 us=6696 encode_us=23 native_us=6624 validate_us=49
BATCH stage=decode rows=8 tokens=8 us=1437 encode_us=28 native_us=1211 validate_us=197
BATCH stage=decode rows=8 tokens=8 us=1434 encode_us=27 native_us=1211 validate_us=195
BATCH stage=decode rows=8 tokens=8 us=1468 encode_us=31 native_us=1235 validate_us=200
BATCH stage=prefill rows=1 tokens=16 us=2475 encode_us=18 native_us=2411 validate_us=45
BATCH stage=decode rows=8 tokens=8 us=1449 encode_us=29 native_us=1222 validate_us=198
BATCH stage=decode rows=8 tokens=8 us=1432 encode_us=25 native_us=1212 validate_us=194
BATCH stage=decode rows=8 tokens=8 us=1469 encode_us=28 native_us=1242 validate_us=198
BATCH stage=prefill rows=1 tokens=128 us=2982 encode_us=23 native_us=2909 validate_us=48
BATCH stage=decode rows=8 tokens=8 us=1459 encode_us=31 native_us=1227 validate_us=200
BATCH stage=prefill rows=1 tokens=398 us=6664 encode_us=20 native_us=6596 validate_us=47
BATCH stage=decode rows=8 tokens=8 us=1452 encode_us=26 native_us=1227 validate_us=198
BATCH stage=decode rows=8 tokens=8 us=1460 encode_us=26 native_us=1236 validate_us=197
BATCH stage=decode rows=8 tokens=8 us=1451 encode_us=26 native_us=1227 validate_us=197
BATCH stage=decode rows=8 tokens=8 us=1472 encode_us=33 native_us=1236 validate_us=202
BATCH stage=prefill rows=1 tokens=16 us=2494 encode_us=24 native_us=2416 validate_us=52
BATCH stage=decode rows=8 tokens=8 us=1445 encode_us=29 native_us=1217 validate_us=198
BATCH stage=prefill rows=1 tokens=128 us=2961 encode_us=19 native_us=2896 validate_us=45
BATCH stage=decode rows=8 tokens=8 us=1453 encode_us=26 native_us=1229 validate_us=197
BATCH stage=decode rows=8 tokens=8 us=1468 encode_us=31 native_us=1235 validate_us=202
BATCH stage=decode rows=8 tokens=8 us=1442 encode_us=27 native_us=1216 validate_us=197
BATCH stage=prefill rows=1 tokens=398 us=6696 encode_us=26 native_us=6617 validate_us=52
BATCH stage=decode rows=8 tokens=8 us=1463 encode_us=31 native_us=1228 validate_us=202
BATCH stage=prefill rows=1 tokens=16 us=2479 encode_us=22 native_us=2409 validate_us=47
BATCH stage=decode rows=8 tokens=8 us=1453 encode_us=28 native_us=1225 validate_us=200
BATCH stage=decode rows=8 tokens=8 us=1468 encode_us=29 native_us=1238 validate_us=200
BATCH stage=decode rows=8 tokens=8 us=1465 encode_us=28 native_us=1235 validate_us=202
BATCH stage=decode rows=8 tokens=8 us=1425 encode_us=27 native_us=1203 validate_us=195
BATCH stage=decode rows=8 tokens=8 us=1455 encode_us=26 native_us=1229 validate_us=199
BATCH stage=decode rows=8 tokens=8 us=1458 encode_us=32 native_us=1225 validate_us=201
BATCH stage=decode rows=8 tokens=8 us=1454 encode_us=28 native_us=1225 validate_us=199
BATCH stage=decode rows=8 tokens=8 us=1424 encode_us=25 native_us=1202 validate_us=196
BATCH stage=decode rows=8 tokens=8 us=1452 encode_us=25 native_us=1229 validate_us=196
BATCH stage=decode rows=8 tokens=8 us=1474 encode_us=32 native_us=1239 validate_us=202
BATCH stage=decode rows=8 tokens=8 us=1469 encode_us=29 native_us=1241 validate_us=198
BATCH stage=decode rows=8 tokens=8 us=1434 encode_us=24 native_us=1214 validate_us=195
BATCH stage=decode rows=8 tokens=8 us=1464 encode_us=28 native_us=1234 validate_us=201
BATCH stage=decode rows=8 tokens=8 us=1456 encode_us=30 native_us=1226 validate_us=199
BATCH stage=decode rows=8 tokens=8 us=1459 encode_us=27 native_us=1230 validate_us=201
BATCH stage=decode rows=8 tokens=8 us=1423 encode_us=26 native_us=1200 validate_us=196
BATCH stage=decode rows=8 tokens=8 us=1466 encode_us=31 native_us=1233 validate_us=201
BATCH stage=decode rows=8 tokens=8 us=1472 encode_us=34 native_us=1235 validate_us=201
BATCH stage=decode rows=8 tokens=8 us=1461 encode_us=29 native_us=1233 validate_us=198
BATCH stage=decode rows=8 tokens=8 us=1427 encode_us=25 native_us=1203 validate_us=197
BATCH stage=decode rows=8 tokens=8 us=1461 encode_us=28 native_us=1232 validate_us=201
BATCH stage=decode rows=8 tokens=8 us=1471 encode_us=30 native_us=1241 validate_us=199
BATCH stage=decode rows=8 tokens=8 us=1455 encode_us=27 native_us=1227 validate_us=200
BATCH stage=decode rows=8 tokens=8 us=1440 encode_us=27 native_us=1216 validate_us=196
BATCH stage=decode rows=8 tokens=8 us=1459 encode_us=27 native_us=1232 validate_us=199
BATCH stage=decode rows=8 tokens=8 us=1479 encode_us=29 native_us=1246 validate_us=202
BATCH stage=decode rows=8 tokens=8 us=1465 encode_us=29 native_us=1238 validate_us=197
BATCH stage=decode rows=8 tokens=8 us=1423 encode_us=25 native_us=1202 validate_us=196
BATCH stage=decode rows=8 tokens=8 us=1455 encode_us=26 native_us=1228 validate_us=200
BATCH stage=decode rows=8 tokens=8 us=1472 encode_us=31 native_us=1241 validate_us=199
BATCH stage=decode rows=8 tokens=8 us=1451 encode_us=27 native_us=1226 validate_us=197
BATCH stage=decode rows=8 tokens=8 us=1426 encode_us=25 native_us=1201 validate_us=199
BATCH stage=decode rows=8 tokens=8 us=1459 encode_us=28 native_us=1232 validate_us=198
BATCH stage=decode rows=8 tokens=8 us=1463 encode_us=28 native_us=1235 validate_us=199
BATCH stage=decode rows=8 tokens=8 us=1454 encode_us=29 native_us=1225 validate_us=199
BATCH stage=decode rows=8 tokens=8 us=1422 encode_us=25 native_us=1201 validate_us=195
BATCH stage=decode rows=8 tokens=8 us=1461 encode_us=26 native_us=1234 validate_us=200
BATCH stage=decode rows=8 tokens=8 us=1473 encode_us=31 native_us=1240 validate_us=201
BATCH stage=decode rows=8 tokens=8 us=1458 encode_us=28 native_us=1229 validate_us=200
BATCH stage=decode rows=8 tokens=8 us=1425 encode_us=26 native_us=1201 validate_us=196
BATCH stage=decode rows=8 tokens=8 us=1462 encode_us=28 native_us=1235 validate_us=198
BATCH stage=decode rows=8 tokens=8 us=1474 encode_us=29 native_us=1241 validate_us=203
BATCH stage=decode rows=8 tokens=8 us=1457 encode_us=29 native_us=1228 validate_us=199
BATCH stage=decode rows=8 tokens=8 us=1429 encode_us=26 native_us=1202 validate_us=200
BATCH stage=decode rows=8 tokens=8 us=1465 encode_us=28 native_us=1237 validate_us=199
BATCH stage=decode rows=8 tokens=8 us=1483 encode_us=31 native_us=1250 validate_us=201
BATCH stage=decode rows=8 tokens=8 us=1466 encode_us=30 native_us=1235 validate_us=200
BATCH stage=decode rows=8 tokens=8 us=1439 encode_us=26 native_us=1216 validate_us=196
BATCH stage=decode rows=8 tokens=8 us=1476 encode_us=27 native_us=1249 validate_us=199
BATCH stage=decode rows=8 tokens=8 us=1488 encode_us=33 native_us=1252 validate_us=203
BATCH stage=decode rows=8 tokens=8 us=1459 encode_us=30 native_us=1228 validate_us=200
BATCH stage=decode rows=8 tokens=8 us=1430 encode_us=26 native_us=1205 validate_us=197
BATCH stage=decode rows=8 tokens=8 us=1464 encode_us=34 native_us=1229 validate_us=201
BATCH stage=decode rows=8 tokens=8 us=1478 encode_us=32 native_us=1242 validate_us=203
BATCH stage=decode rows=8 tokens=8 us=1460 encode_us=28 native_us=1233 validate_us=198
BATCH stage=decode rows=8 tokens=8 us=1455 encode_us=28 native_us=1224 validate_us=202
BATCH stage=prefill rows=1 tokens=128 us=2994 encode_us=26 native_us=2916 validate_us=52
BATCH stage=decode rows=8 tokens=8 us=1492 encode_us=33 native_us=1254 validate_us=204
BATCH stage=decode rows=8 tokens=8 us=1500 encode_us=34 native_us=1259 validate_us=206
BATCH stage=decode rows=8 tokens=8 us=1476 encode_us=32 native_us=1240 validate_us=202
BATCH stage=decode rows=8 tokens=8 us=1444 encode_us=26 native_us=1216 validate_us=200
BATCH stage=decode rows=8 tokens=8 us=1476 encode_us=29 native_us=1247 validate_us=200
BATCH stage=decode rows=8 tokens=8 us=1499 encode_us=34 native_us=1260 validate_us=204
BATCH stage=decode rows=8 tokens=8 us=1466 encode_us=31 native_us=1232 validate_us=202
BATCH stage=decode rows=8 tokens=8 us=1421 encode_us=26 native_us=1197 validate_us=197
BATCH stage=decode rows=8 tokens=8 us=1477 encode_us=32 native_us=1244 validate_us=201
BATCH stage=decode rows=8 tokens=8 us=1476 encode_us=32 native_us=1240 validate_us=202
BATCH stage=decode rows=8 tokens=8 us=1473 encode_us=30 native_us=1243 validate_us=200
BATCH stage=decode rows=8 tokens=8 us=1425 encode_us=29 native_us=1195 validate_us=200
BATCH stage=decode rows=8 tokens=8 us=1476 encode_us=30 native_us=1247 validate_us=199
BATCH stage=decode rows=8 tokens=8 us=1492 encode_us=31 native_us=1252 validate_us=207
BATCH stage=decode rows=8 tokens=8 us=1492 encode_us=31 native_us=1258 validate_us=202
BATCH stage=decode rows=8 tokens=8 us=1432 encode_us=25 native_us=1209 validate_us=197
BATCH stage=decode rows=8 tokens=8 us=1479 encode_us=30 native_us=1246 validate_us=202
BATCH stage=decode rows=8 tokens=8 us=1492 encode_us=31 native_us=1256 validate_us=204
BATCH stage=decode rows=8 tokens=8 us=1490 encode_us=31 native_us=1257 validate_us=200
BATCH stage=decode rows=8 tokens=8 us=1436 encode_us=26 native_us=1212 validate_us=196
BATCH stage=decode rows=8 tokens=8 us=1469 encode_us=28 native_us=1238 validate_us=201
BATCH stage=decode rows=8 tokens=8 us=1490 encode_us=33 native_us=1250 validate_us=205
BATCH stage=prefill rows=1 tokens=398 us=6727 encode_us=28 native_us=6645 validate_us=53
BATCH stage=decode rows=8 tokens=8 us=1501 encode_us=37 native_us=1257 validate_us=206
BATCH stage=decode rows=8 tokens=8 us=1425 encode_us=28 native_us=1197 validate_us=198
BATCH stage=decode rows=8 tokens=8 us=1504 encode_us=37 native_us=1260 validate_us=206
BATCH stage=decode rows=8 tokens=8 us=1498 encode_us=34 native_us=1260 validate_us=203
BATCH stage=decode rows=8 tokens=8 us=1486 encode_us=31 native_us=1248 validate_us=206
BATCH stage=decode rows=8 tokens=8 us=1434 encode_us=28 native_us=1207 validate_us=199
BATCH stage=decode rows=8 tokens=8 us=1489 encode_us=34 native_us=1251 validate_us=203
BATCH stage=decode rows=8 tokens=8 us=1511 encode_us=35 native_us=1269 validate_us=206
BATCH stage=decode rows=8 tokens=8 us=1482 encode_us=32 native_us=1249 validate_us=201
BATCH stage=decode rows=8 tokens=8 us=1441 encode_us=27 native_us=1215 validate_us=198
BATCH stage=decode rows=8 tokens=8 us=1484 encode_us=34 native_us=1244 validate_us=204
BATCH stage=decode rows=8 tokens=8 us=1500 encode_us=33 native_us=1262 validate_us=204
BATCH stage=decode rows=8 tokens=8 us=1496 encode_us=34 native_us=1258 validate_us=203
BATCH stage=decode rows=8 tokens=8 us=1425 encode_us=27 native_us=1200 validate_us=197
BATCH stage=decode rows=8 tokens=8 us=1483 encode_us=31 native_us=1251 validate_us=200
BATCH stage=decode rows=8 tokens=8 us=1503 encode_us=34 native_us=1263 validate_us=205
BATCH stage=decode rows=8 tokens=8 us=1481 encode_us=31 native_us=1249 validate_us=201
BATCH stage=decode rows=8 tokens=8 us=1432 encode_us=26 native_us=1208 validate_us=197
BATCH stage=decode rows=8 tokens=8 us=1481 encode_us=34 native_us=1243 validate_us=203
BATCH stage=decode rows=8 tokens=8 us=1500 encode_us=34 native_us=1262 validate_us=203
BATCH stage=prefill rows=1 tokens=16 us=2489 encode_us=24 native_us=2414 validate_us=50
BATCH stage=decode rows=8 tokens=8 us=1486 encode_us=32 native_us=1251 validate_us=201
BATCH stage=decode rows=8 tokens=8 us=1438 encode_us=26 native_us=1215 validate_us=197
BATCH stage=decode rows=8 tokens=8 us=1520 encode_us=33 native_us=1278 validate_us=209
BATCH stage=decode rows=8 tokens=8 us=1485 encode_us=32 native_us=1249 validate_us=202
BATCH stage=decode rows=8 tokens=8 us=1492 encode_us=31 native_us=1256 validate_us=204
BATCH stage=decode rows=8 tokens=8 us=1428 encode_us=29 native_us=1199 validate_us=199
BATCH stage=decode rows=8 tokens=8 us=1500 encode_us=37 native_us=1254 validate_us=208
BATCH stage=decode rows=8 tokens=8 us=1477 encode_us=33 native_us=1240 validate_us=203
BATCH stage=decode rows=8 tokens=8 us=1477 encode_us=32 native_us=1243 validate_us=201
BATCH stage=decode rows=8 tokens=8 us=1441 encode_us=29 native_us=1213 validate_us=198
BATCH stage=decode rows=8 tokens=8 us=1514 encode_us=34 native_us=1275 validate_us=204
BATCH stage=decode rows=8 tokens=8 us=1470 encode_us=30 native_us=1237 validate_us=203
BATCH stage=decode rows=8 tokens=8 us=1482 encode_us=32 native_us=1247 validate_us=202
BATCH stage=prefill rows=1 tokens=128 us=2984 encode_us=27 native_us=2905 validate_us=51
BATCH stage=decode rows=8 tokens=8 us=1444 encode_us=34 native_us=1205 validate_us=204
BATCH stage=prefill rows=1 tokens=398 us=6717 encode_us=27 native_us=6637 validate_us=53
BATCH stage=decode rows=8 tokens=8 us=1506 encode_us=36 native_us=1263 validate_us=206
BATCH stage=decode rows=8 tokens=8 us=1494 encode_us=34 native_us=1252 validate_us=207
BATCH stage=decode rows=8 tokens=8 us=1489 encode_us=35 native_us=1247 validate_us=206
BATCH stage=decode rows=8 tokens=8 us=1465 encode_us=30 native_us=1233 validate_us=201
BATCH stage=decode rows=8 tokens=8 us=1529 encode_us=39 native_us=1283 validate_us=207
BATCH stage=decode rows=8 tokens=8 us=1489 encode_us=33 native_us=1249 validate_us=206
BATCH stage=decode rows=8 tokens=8 us=1474 encode_us=32 native_us=1235 validate_us=206
BATCH stage=decode rows=8 tokens=8 us=1462 encode_us=31 native_us=1228 validate_us=202
BATCH stage=prefill rows=1 tokens=16 us=2507 encode_us=28 native_us=2424 validate_us=53
BATCH stage=decode rows=8 tokens=8 us=1525 encode_us=38 native_us=1278 validate_us=208
BATCH stage=prefill rows=1 tokens=128 us=2988 encode_us=22 native_us=2915 validate_us=49
BATCH stage=decode rows=8 tokens=8 us=1495 encode_us=35 native_us=1255 validate_us=205
BATCH stage=decode rows=8 tokens=8 us=1497 encode_us=37 native_us=1253 validate_us=206
BATCH stage=decode rows=8 tokens=8 us=1537 encode_us=30 native_us=1303 validate_us=202
BATCH stage=decode rows=8 tokens=8 us=1494 encode_us=37 native_us=1249 validate_us=207
BATCH stage=prefill rows=1 tokens=398 us=6733 encode_us=31 native_us=6644 validate_us=57
BATCH stage=decode rows=8 tokens=8 us=1495 encode_us=38 native_us=1248 validate_us=208
BATCH stage=decode rows=8 tokens=8 us=1488 encode_us=38 native_us=1242 validate_us=208
BATCH stage=decode rows=8 tokens=8 us=1506 encode_us=33 native_us=1268 validate_us=204
BATCH stage=decode rows=8 tokens=8 us=1490 encode_us=34 native_us=1251 validate_us=205
BATCH stage=decode rows=8 tokens=8 us=1487 encode_us=35 native_us=1245 validate_us=206
BATCH stage=decode rows=8 tokens=8 us=1497 encode_us=37 native_us=1253 validate_us=205
BATCH stage=decode rows=8 tokens=8 us=1520 encode_us=33 native_us=1280 validate_us=206
BATCH stage=decode rows=8 tokens=8 us=1504 encode_us=34 native_us=1265 validate_us=204
BATCH stage=decode rows=8 tokens=8 us=1502 encode_us=38 native_us=1255 validate_us=208
BATCH stage=decode rows=8 tokens=8 us=1499 encode_us=35 native_us=1256 validate_us=207
BATCH stage=decode rows=8 tokens=8 us=1522 encode_us=33 native_us=1284 validate_us=204
BATCH stage=decode rows=8 tokens=8 us=1504 encode_us=35 native_us=1263 validate_us=205
BATCH stage=decode rows=8 tokens=8 us=1485 encode_us=34 native_us=1241 validate_us=209
BATCH stage=decode rows=8 tokens=8 us=1502 encode_us=37 native_us=1259 validate_us=205
BATCH stage=decode rows=8 tokens=8 us=1517 encode_us=32 native_us=1283 validate_us=202
BATCH stage=decode rows=8 tokens=8 us=1511 encode_us=37 native_us=1264 validate_us=209
BATCH stage=decode rows=8 tokens=8 us=1480 encode_us=34 native_us=1242 validate_us=203
BATCH stage=decode rows=8 tokens=8 us=1490 encode_us=36 native_us=1245 validate_us=208
BATCH stage=decode rows=8 tokens=8 us=1518 encode_us=33 native_us=1281 validate_us=203
BATCH stage=decode rows=8 tokens=8 us=1511 encode_us=36 native_us=1264 validate_us=209
BATCH stage=decode rows=8 tokens=8 us=1495 encode_us=36 native_us=1252 validate_us=206
BATCH stage=decode rows=8 tokens=8 us=1498 encode_us=36 native_us=1255 validate_us=206
BATCH stage=decode rows=8 tokens=8 us=1507 encode_us=34 native_us=1268 validate_us=204
BATCH stage=decode rows=8 tokens=8 us=1490 encode_us=33 native_us=1252 validate_us=204
BATCH stage=decode rows=8 tokens=8 us=1496 encode_us=33 native_us=1254 validate_us=207
BATCH stage=decode rows=8 tokens=8 us=1500 encode_us=36 native_us=1256 validate_us=206
BATCH stage=decode rows=8 tokens=8 us=1531 encode_us=32 native_us=1293 validate_us=206
BATCH stage=decode rows=8 tokens=8 us=1501 encode_us=36 native_us=1259 validate_us=206
BATCH stage=decode rows=8 tokens=8 us=1482 encode_us=35 native_us=1242 validate_us=204
BATCH stage=decode rows=8 tokens=8 us=1490 encode_us=37 native_us=1242 validate_us=210
BATCH stage=decode rows=8 tokens=8 us=1514 encode_us=33 native_us=1277 validate_us=204
BATCH stage=decode rows=8 tokens=8 us=1500 encode_us=36 native_us=1260 validate_us=203
BATCH stage=decode rows=8 tokens=8 us=1507 encode_us=36 native_us=1256 validate_us=215
BATCH stage=decode rows=8 tokens=8 us=1492 encode_us=36 native_us=1251 validate_us=205
BATCH stage=decode rows=8 tokens=8 us=1524 encode_us=31 native_us=1290 validate_us=202
BATCH stage=decode rows=8 tokens=8 us=1499 encode_us=38 native_us=1252 validate_us=208
BATCH stage=decode rows=8 tokens=8 us=1481 encode_us=35 native_us=1241 validate_us=204
BATCH stage=decode rows=8 tokens=8 us=1490 encode_us=34 native_us=1250 validate_us=205
BATCH stage=decode rows=8 tokens=8 us=1524 encode_us=34 native_us=1283 validate_us=206
BATCH stage=decode rows=8 tokens=8 us=1511 encode_us=40 native_us=1261 validate_us=208
BATCH stage=prefill rows=1 tokens=16 us=2496 encode_us=25 native_us=2419 validate_us=51
BATCH stage=decode rows=8 tokens=8 us=1496 encode_us=34 native_us=1258 validate_us=203
BATCH stage=decode rows=8 tokens=8 us=1491 encode_us=32 native_us=1255 validate_us=203
BATCH stage=decode rows=8 tokens=8 us=1523 encode_us=29 native_us=1287 validate_us=206
BATCH stage=decode rows=8 tokens=8 us=1471 encode_us=33 native_us=1234 validate_us=203
BATCH stage=decode rows=8 tokens=8 us=1477 encode_us=33 native_us=1240 validate_us=203
BATCH stage=decode rows=8 tokens=8 us=1488 encode_us=36 native_us=1243 validate_us=207
BATCH stage=decode rows=8 tokens=8 us=1524 encode_us=31 native_us=1291 validate_us=200
BATCH stage=decode rows=8 tokens=8 us=1510 encode_us=34 native_us=1271 validate_us=205
BATCH stage=decode rows=8 tokens=8 us=1489 encode_us=38 native_us=1241 validate_us=209
BATCH stage=prefill rows=1 tokens=128 us=2985 encode_us=29 native_us=2901 validate_us=54
BATCH stage=decode rows=8 tokens=8 us=1502 encode_us=37 native_us=1256 validate_us=208
BATCH stage=decode rows=8 tokens=8 us=1517 encode_us=31 native_us=1283 validate_us=202
BATCH stage=decode rows=8 tokens=8 us=1532 encode_us=35 native_us=1290 validate_us=206
BATCH stage=decode rows=8 tokens=8 us=1474 encode_us=33 native_us=1237 validate_us=203
BATCH stage=decode rows=8 tokens=8 us=1486 encode_us=35 native_us=1244 validate_us=206
BATCH stage=decode rows=8 tokens=8 us=1521 encode_us=33 native_us=1284 validate_us=204
BATCH stage=decode rows=8 tokens=8 us=1530 encode_us=34 native_us=1292 validate_us=204
BATCH stage=decode rows=8 tokens=8 us=1502 encode_us=32 native_us=1267 validate_us=202
BATCH stage=decode rows=8 tokens=8 us=1498 encode_us=35 native_us=1257 validate_us=205
BATCH stage=decode rows=8 tokens=8 us=1510 encode_us=32 native_us=1275 validate_us=202
BATCH stage=decode rows=8 tokens=8 us=1522 encode_us=35 native_us=1281 validate_us=205
BATCH stage=decode rows=8 tokens=8 us=1509 encode_us=34 native_us=1269 validate_us=204
BATCH stage=decode rows=8 tokens=8 us=1486 encode_us=34 native_us=1246 validate_us=205
BATCH stage=decode rows=8 tokens=8 us=1524 encode_us=31 native_us=1287 validate_us=204
BATCH stage=decode rows=8 tokens=8 us=1538 encode_us=35 native_us=1298 validate_us=205
BATCH stage=decode rows=8 tokens=8 us=1509 encode_us=33 native_us=1273 validate_us=203
BATCH stage=decode rows=8 tokens=8 us=1485 encode_us=36 native_us=1242 validate_us=206
BATCH stage=decode rows=8 tokens=8 us=1514 encode_us=32 native_us=1278 validate_us=203
BATCH stage=decode rows=8 tokens=8 us=1541 encode_us=36 native_us=1297 validate_us=206
BATCH stage=prefill rows=1 tokens=398 us=6727 encode_us=29 native_us=6643 validate_us=54
BATCH stage=decode rows=8 tokens=8 us=1520 encode_us=35 native_us=1278 validate_us=206
BATCH stage=decode rows=8 tokens=8 us=1489 encode_us=38 native_us=1243 validate_us=207
BATCH stage=decode rows=8 tokens=8 us=1539 encode_us=33 native_us=1301 validate_us=204
BATCH stage=decode rows=8 tokens=8 us=1524 encode_us=32 native_us=1288 validate_us=203
BATCH stage=decode rows=8 tokens=8 us=1525 encode_us=33 native_us=1285 validate_us=205
BATCH stage=decode rows=8 tokens=8 us=1482 encode_us=32 native_us=1244 validate_us=205
BATCH stage=decode rows=8 tokens=8 us=1511 encode_us=33 native_us=1274 validate_us=204
BATCH stage=decode rows=8 tokens=8 us=1511 encode_us=36 native_us=1268 validate_us=206
BATCH stage=decode rows=8 tokens=8 us=1533 encode_us=34 native_us=1290 validate_us=209
BATCH stage=decode rows=8 tokens=8 us=1496 encode_us=36 native_us=1253 validate_us=205
BATCH stage=decode rows=8 tokens=8 us=1525 encode_us=32 native_us=1290 validate_us=202
BATCH stage=decode rows=8 tokens=8 us=1529 encode_us=33 native_us=1289 validate_us=206
BATCH stage=decode rows=8 tokens=8 us=1538 encode_us=36 native_us=1296 validate_us=205
BATCH stage=decode rows=8 tokens=8 us=1495 encode_us=33 native_us=1257 validate_us=203
BATCH stage=decode rows=8 tokens=8 us=1517 encode_us=35 native_us=1275 validate_us=206
BATCH stage=decode rows=8 tokens=8 us=1514 encode_us=34 native_us=1274 validate_us=204
BATCH stage=decode rows=8 tokens=8 us=1528 encode_us=33 native_us=1289 validate_us=206
BATCH stage=decode rows=8 tokens=8 us=1526 encode_us=35 native_us=1283 validate_us=207
BATCH stage=decode rows=8 tokens=8 us=1514 encode_us=33 native_us=1275 validate_us=204
BATCH stage=decode rows=8 tokens=8 us=1514 encode_us=33 native_us=1277 validate_us=203
BATCH stage=decode rows=8 tokens=8 us=1525 encode_us=31 native_us=1290 validate_us=202
BATCH stage=decode rows=8 tokens=8 us=1523 encode_us=35 native_us=1284 validate_us=204
BATCH stage=decode rows=8 tokens=8 us=1522 encode_us=34 native_us=1284 validate_us=203
BATCH stage=prefill rows=1 tokens=16 us=2501 encode_us=24 native_us=2425 validate_us=51
BATCH stage=decode rows=8 tokens=8 us=1529 encode_us=38 native_us=1281 validate_us=209
BATCH stage=prefill rows=1 tokens=128 us=2995 encode_us=25 native_us=2919 validate_us=51
BATCH stage=decode rows=8 tokens=8 us=1538 encode_us=36 native_us=1296 validate_us=205
BATCH stage=decode rows=8 tokens=8 us=1561 encode_us=36 native_us=1318 validate_us=206
BATCH stage=decode rows=8 tokens=8 us=1538 encode_us=30 native_us=1306 validate_us=201
BATCH stage=prefill rows=1 tokens=398 us=6716 encode_us=28 native_us=6632 validate_us=55
BATCH stage=decode rows=8 tokens=8 us=1529 encode_us=34 native_us=1292 validate_us=202
BATCH stage=decode rows=8 tokens=8 us=1523 encode_us=32 native_us=1289 validate_us=201
BATCH stage=decode rows=8 tokens=8 us=1564 encode_us=34 native_us=1324 validate_us=206
BATCH stage=prefill rows=1 tokens=16 us=2497 encode_us=23 native_us=2425 validate_us=48
BATCH stage=decode rows=8 tokens=8 us=1465 encode_us=27 native_us=1239 validate_us=197
BATCH stage=decode rows=8 tokens=8 us=1512 encode_us=28 native_us=1282 validate_us=200
BATCH stage=decode rows=8 tokens=8 us=1564 encode_us=35 native_us=1323 validate_us=205
BATCH stage=decode rows=8 tokens=8 us=1525 encode_us=33 native_us=1289 validate_us=203
BATCH stage=prefill rows=1 tokens=128 us=2987 encode_us=26 native_us=2907 validate_us=54
BATCH stage=decode rows=8 tokens=8 us=1468 encode_us=29 native_us=1238 validate_us=200
BATCH stage=decode rows=8 tokens=8 us=1512 encode_us=29 native_us=1284 validate_us=198
BATCH stage=decode rows=8 tokens=8 us=1550 encode_us=33 native_us=1307 validate_us=209
BATCH stage=decode rows=8 tokens=8 us=1460 encode_us=30 native_us=1228 validate_us=200
BATCH stage=prefill rows=1 tokens=398 us=6731 encode_us=27 native_us=6649 validate_us=53
BATCH stage=decode rows=8 tokens=8 us=1462 encode_us=29 native_us=1232 validate_us=201
BATCH stage=decode rows=8 tokens=8 us=1518 encode_us=32 native_us=1282 validate_us=203
BATCH stage=prefill rows=1 tokens=16 us=2496 encode_us=21 native_us=2427 validate_us=47
BATCH stage=decode rows=8 tokens=8 us=1539 encode_us=36 native_us=1296 validate_us=206
BATCH stage=decode rows=8 tokens=8 us=1489 encode_us=30 native_us=1257 validate_us=200
BATCH stage=prefill rows=1 tokens=128 us=2991 encode_us=25 native_us=2915 validate_us=50
BATCH stage=decode rows=8 tokens=8 us=1540 encode_us=28 native_us=1315 validate_us=196
BATCH stage=decode rows=8 tokens=8 us=1465 encode_us=26 native_us=1242 validate_us=196
BATCH stage=decode rows=8 tokens=8 us=1524 encode_us=28 native_us=1294 validate_us=201
BATCH stage=decode rows=8 tokens=8 us=1463 encode_us=27 native_us=1240 validate_us=196
BATCH stage=decode rows=8 tokens=8 us=1489 encode_us=25 native_us=1268 validate_us=194
BATCH stage=decode rows=8 tokens=8 us=1452 encode_us=27 native_us=1228 validate_us=197
BATCH stage=decode rows=8 tokens=8 us=1520 encode_us=35 native_us=1282 validate_us=202
BATCH stage=decode rows=8 tokens=8 us=1456 encode_us=28 native_us=1228 validate_us=199
BATCH stage=prefill rows=1 tokens=16 us=2484 encode_us=22 native_us=2414 validate_us=47
BATCH stage=decode rows=8 tokens=8 us=1491 encode_us=27 native_us=1265 validate_us=198
BATCH stage=prefill rows=1 tokens=398 us=6696 encode_us=22 native_us=6625 validate_us=47
BATCH stage=decode rows=8 tokens=8 us=1487 encode_us=31 native_us=1252 validate_us=202
BATCH stage=prefill rows=1 tokens=128 us=2962 encode_us=20 native_us=2896 validate_us=45
BATCH stage=decode rows=8 tokens=8 us=1508 encode_us=31 native_us=1276 validate_us=200
BATCH stage=decode rows=8 tokens=8 us=1510 encode_us=23 native_us=1293 validate_us=193
BATCH stage=decode rows=8 tokens=8 us=1471 encode_us=27 native_us=1244 validate_us=199
BATCH stage=decode rows=8 tokens=8 us=1425 encode_us=23 native_us=1207 validate_us=194
BATCH stage=prefill rows=1 tokens=398 us=6734 encode_us=26 native_us=6656 validate_us=52
BATCH stage=decode rows=8 tokens=8 us=1540 encode_us=34 native_us=1302 validate_us=203
BATCH stage=decode rows=8 tokens=8 us=1503 encode_us=25 native_us=1281 validate_us=196
BATCH stage=decode rows=8 tokens=8 us=1488 encode_us=29 native_us=1258 validate_us=199
BATCH stage=decode rows=8 tokens=8 us=1461 encode_us=26 native_us=1228 validate_us=205
BATCH stage=decode rows=8 tokens=8 us=1533 encode_us=32 native_us=1297 validate_us=203
BATCH stage=decode rows=8 tokens=8 us=1506 encode_us=23 native_us=1285 validate_us=196
BATCH stage=prefill rows=1 tokens=16 us=2487 encode_us=20 native_us=2416 validate_us=50
BATCH stage=decode rows=8 tokens=8 us=1491 encode_us=34 native_us=1254 validate_us=203
BATCH stage=prefill rows=1 tokens=128 us=2970 encode_us=18 native_us=2906 validate_us=44
BATCH stage=decode rows=8 tokens=8 us=1440 encode_us=22 native_us=1225 validate_us=192
BATCH stage=decode rows=8 tokens=8 us=1512 encode_us=28 native_us=1284 validate_us=198
BATCH stage=decode rows=8 tokens=8 us=1458 encode_us=21 native_us=1240 validate_us=197
BATCH stage=decode rows=8 tokens=8 us=1466 encode_us=30 native_us=1239 validate_us=196
BATCH stage=decode rows=8 tokens=8 us=1446 encode_us=21 native_us=1227 validate_us=197
BATCH stage=decode rows=8 tokens=8 us=1506 encode_us=30 native_us=1276 validate_us=199
BATCH stage=decode rows=8 tokens=8 us=1451 encode_us=23 native_us=1234 validate_us=193
BATCH stage=decode rows=8 tokens=8 us=1462 encode_us=26 native_us=1241 validate_us=195
BATCH stage=decode rows=8 tokens=8 us=1435 encode_us=26 native_us=1211 validate_us=196
BATCH stage=decode rows=8 tokens=8 us=1530 encode_us=31 native_us=1292 validate_us=206
BATCH stage=decode rows=8 tokens=8 us=1451 encode_us=22 native_us=1236 validate_us=191
BATCH stage=decode rows=8 tokens=8 us=1470 encode_us=27 native_us=1246 validate_us=196
BATCH stage=decode rows=8 tokens=8 us=1429 encode_us=24 native_us=1210 validate_us=193
BATCH stage=decode rows=8 tokens=8 us=1516 encode_us=30 native_us=1288 validate_us=198
BATCH stage=decode rows=8 tokens=8 us=1447 encode_us=20 native_us=1234 validate_us=192
BATCH stage=decode rows=8 tokens=8 us=1468 encode_us=26 native_us=1247 validate_us=194
BATCH stage=decode rows=8 tokens=8 us=1440 encode_us=21 native_us=1226 validate_us=192
BATCH stage=decode rows=8 tokens=8 us=1517 encode_us=30 native_us=1285 validate_us=201
BATCH stage=decode rows=8 tokens=8 us=1448 encode_us=21 native_us=1235 validate_us=191
BATCH stage=decode rows=8 tokens=8 us=1475 encode_us=25 native_us=1255 validate_us=194
BATCH stage=decode rows=8 tokens=8 us=1447 encode_us=21 native_us=1227 validate_us=198
BATCH stage=decode rows=8 tokens=8 us=1525 encode_us=30 native_us=1293 validate_us=201
BATCH stage=decode rows=8 tokens=8 us=1448 encode_us=20 native_us=1233 validate_us=193
BATCH stage=decode rows=8 tokens=8 us=1463 encode_us=26 native_us=1242 validate_us=195
BATCH stage=decode rows=8 tokens=8 us=1427 encode_us=20 native_us=1215 validate_us=190
BATCH stage=decode rows=8 tokens=8 us=1520 encode_us=27 native_us=1290 validate_us=202
BATCH stage=decode rows=8 tokens=8 us=1453 encode_us=22 native_us=1236 validate_us=193
BATCH stage=decode rows=8 tokens=8 us=1471 encode_us=25 native_us=1250 validate_us=194
BATCH stage=decode rows=8 tokens=8 us=1440 encode_us=22 native_us=1227 validate_us=191
BATCH stage=decode rows=8 tokens=8 us=1517 encode_us=30 native_us=1287 validate_us=199
BATCH stage=decode rows=8 tokens=8 us=1441 encode_us=21 native_us=1229 validate_us=191
BATCH stage=decode rows=8 tokens=8 us=1489 encode_us=25 native_us=1256 validate_us=207
BATCH stage=decode rows=8 tokens=8 us=1457 encode_us=25 native_us=1236 validate_us=195
BATCH stage=decode rows=8 tokens=8 us=1523 encode_us=34 native_us=1284 validate_us=204
BATCH stage=prefill rows=1 tokens=398 us=6740 encode_us=24 native_us=6663 validate_us=53
BATCH stage=decode rows=8 tokens=8 us=1471 encode_us=23 native_us=1252 validate_us=195
BATCH stage=prefill rows=1 tokens=16 us=2489 encode_us=16 native_us=2429 validate_us=44
BATCH stage=decode rows=8 tokens=8 us=1468 encode_us=23 native_us=1250 validate_us=193
BATCH stage=decode rows=8 tokens=8 us=1526 encode_us=24 native_us=1306 validate_us=196
BATCH stage=decode rows=8 tokens=8 us=1487 encode_us=29 native_us=1259 validate_us=199
BATCH stage=decode rows=8 tokens=8 us=1400 encode_us=18 native_us=1182 validate_us=198
BATCH stage=decode rows=8 tokens=8 us=1493 encode_us=32 native_us=1255 validate_us=205
BATCH stage=decode rows=8 tokens=8 us=1511 encode_us=29 native_us=1280 validate_us=201
BATCH stage=decode rows=8 tokens=8 us=1498 encode_us=32 native_us=1259 validate_us=206
BATCH stage=decode rows=8 tokens=8 us=1476 encode_us=22 native_us=1186 validate_us=267
BATCH stage=decode rows=8 tokens=8 us=1472 encode_us=27 native_us=1245 validate_us=198
BATCH stage=decode rows=8 tokens=8 us=1498 encode_us=28 native_us=1272 validate_us=198
BATCH stage=decode rows=8 tokens=8 us=1485 encode_us=30 native_us=1253 validate_us=200
BATCH stage=decode rows=8 tokens=8 us=1406 encode_us=21 native_us=1174 validate_us=210
BATCH stage=decode rows=8 tokens=8 us=1469 encode_us=26 native_us=1242 validate_us=200
BATCH stage=decode rows=8 tokens=8 us=1515 encode_us=31 native_us=1279 validate_us=204
BATCH stage=decode rows=8 tokens=8 us=1495 encode_us=33 native_us=1258 validate_us=203
BATCH stage=decode rows=8 tokens=8 us=1399 encode_us=21 native_us=1186 validate_us=191
BATCH stage=decode rows=8 tokens=8 us=1515 encode_us=26 native_us=1240 validate_us=249
BATCH stage=decode rows=8 tokens=8 us=1509 encode_us=27 native_us=1275 validate_us=206
BATCH stage=prefill rows=1 tokens=128 us=2967 encode_us=22 native_us=2896 validate_us=48
BATCH stage=decode rows=8 tokens=8 us=1483 encode_us=30 native_us=1252 validate_us=200
BATCH stage=decode rows=8 tokens=8 us=1413 encode_us=26 native_us=1189 validate_us=197
BATCH stage=decode rows=8 tokens=8 us=1537 encode_us=30 native_us=1305 validate_us=201
BATCH stage=decode rows=8 tokens=8 us=1433 encode_us=26 native_us=1210 validate_us=195
BATCH stage=decode rows=8 tokens=8 us=1499 encode_us=30 native_us=1252 validate_us=216
BATCH stage=decode rows=8 tokens=8 us=1399 encode_us=20 native_us=1187 validate_us=191
BATCH stage=decode rows=8 tokens=8 us=1507 encode_us=30 native_us=1276 validate_us=201
BATCH stage=decode rows=8 tokens=8 us=1443 encode_us=29 native_us=1213 validate_us=199
BATCH stage=decode rows=8 tokens=8 us=1488 encode_us=32 native_us=1254 validate_us=202
BATCH stage=decode rows=8 tokens=8 us=1404 encode_us=22 native_us=1185 validate_us=195
BATCH stage=decode rows=8 tokens=8 us=1520 encode_us=30 native_us=1277 validate_us=212
BATCH stage=decode rows=8 tokens=8 us=1440 encode_us=24 native_us=1218 validate_us=196
BATCH stage=decode rows=8 tokens=8 us=1510 encode_us=31 native_us=1270 validate_us=208
BATCH stage=decode rows=8 tokens=8 us=1425 encode_us=24 native_us=1191 validate_us=208
BATCH stage=decode rows=8 tokens=8 us=1629 encode_us=29 native_us=1277 validate_us=322
BATCH stage=decode rows=8 tokens=8 us=1459 encode_us=39 native_us=1215 validate_us=204
BATCH stage=decode rows=8 tokens=8 us=1516 encode_us=33 native_us=1280 validate_us=202
BATCH stage=decode rows=8 tokens=8 us=1402 encode_us=23 native_us=1188 validate_us=190
BATCH stage=decode rows=8 tokens=8 us=1497 encode_us=26 native_us=1271 validate_us=199
BATCH stage=decode rows=8 tokens=8 us=1446 encode_us=28 native_us=1219 validate_us=198
BATCH stage=prefill rows=1 tokens=398 us=6703 encode_us=24 native_us=6627 validate_us=52
BATCH stage=decode rows=8 tokens=8 us=1550 encode_us=34 native_us=1292 validate_us=223
BATCH stage=decode rows=8 tokens=8 us=1410 encode_us=24 native_us=1192 validate_us=193
BATCH stage=decode rows=8 tokens=8 us=1465 encode_us=28 native_us=1238 validate_us=198
BATCH stage=decode rows=8 tokens=8 us=1448 encode_us=24 native_us=1227 validate_us=195
BATCH stage=decode rows=8 tokens=8 us=1522 encode_us=33 native_us=1286 validate_us=202
BATCH stage=decode rows=8 tokens=8 us=1400 encode_us=20 native_us=1187 validate_us=192
BATCH stage=decode rows=8 tokens=8 us=1469 encode_us=25 native_us=1244 validate_us=199
BATCH stage=decode rows=8 tokens=8 us=1450 encode_us=25 native_us=1229 validate_us=195
BATCH stage=decode rows=8 tokens=8 us=1509 encode_us=29 native_us=1279 validate_us=200
BATCH stage=decode rows=8 tokens=8 us=1398 encode_us=22 native_us=1184 validate_us=191
BATCH stage=decode rows=8 tokens=8 us=1469 encode_us=26 native_us=1245 validate_us=197
BATCH stage=decode rows=8 tokens=8 us=1452 encode_us=29 native_us=1224 validate_us=197
BATCH stage=prefill rows=1 tokens=16 us=2489 encode_us=17 native_us=2428 validate_us=43
BATCH stage=decode rows=8 tokens=8 us=1506 encode_us=29 native_us=1277 validate_us=199
BATCH stage=decode rows=8 tokens=8 us=1409 encode_us=19 native_us=1200 validate_us=189
BATCH stage=decode rows=8 tokens=8 us=1494 encode_us=30 native_us=1262 validate_us=201
BATCH stage=decode rows=8 tokens=8 us=1442 encode_us=23 native_us=1226 validate_us=192
BATCH stage=decode rows=8 tokens=8 us=1523 encode_us=29 native_us=1293 validate_us=200
BATCH stage=decode rows=8 tokens=8 us=1412 encode_us=21 native_us=1199 validate_us=191
BATCH stage=decode rows=8 tokens=8 us=1482 encode_us=29 native_us=1254 validate_us=198
BATCH stage=prefill rows=1 tokens=128 us=2988 encode_us=24 native_us=2913 validate_us=50
BATCH stage=decode rows=8 tokens=8 us=1445 encode_us=25 native_us=1225 validate_us=194
BATCH stage=decode rows=8 tokens=8 us=1534 encode_us=30 native_us=1304 validate_us=199
BATCH stage=decode rows=8 tokens=8 us=1470 encode_us=23 native_us=1252 validate_us=194
BATCH stage=decode rows=8 tokens=8 us=1472 encode_us=26 native_us=1250 validate_us=195
BATCH stage=decode rows=8 tokens=8 us=1445 encode_us=21 native_us=1228 validate_us=195
BATCH stage=decode rows=8 tokens=8 us=1528 encode_us=30 native_us=1298 validate_us=199
BATCH stage=decode rows=8 tokens=8 us=1442 encode_us=20 native_us=1231 validate_us=190
BATCH stage=decode rows=8 tokens=8 us=1477 encode_us=25 native_us=1251 validate_us=199
BATCH stage=decode rows=8 tokens=8 us=1442 encode_us=24 native_us=1223 validate_us=194
BATCH stage=decode rows=8 tokens=8 us=1536 encode_us=32 native_us=1299 validate_us=204
BATCH stage=prefill rows=1 tokens=398 us=6728 encode_us=26 native_us=6649 validate_us=52
BATCH stage=decode rows=8 tokens=8 us=1459 encode_us=27 native_us=1233 validate_us=197
BATCH stage=decode rows=8 tokens=8 us=1480 encode_us=29 native_us=1249 validate_us=201
BATCH stage=decode rows=8 tokens=8 us=1528 encode_us=25 native_us=1306 validate_us=196
BATCH stage=decode rows=8 tokens=8 us=1531 encode_us=35 native_us=1292 validate_us=203
BATCH stage=decode rows=8 tokens=8 us=1452 encode_us=23 native_us=1232 validate_us=195
BATCH stage=decode rows=8 tokens=8 us=1467 encode_us=29 native_us=1238 validate_us=199
BATCH stage=prefill rows=1 tokens=16 us=2494 encode_us=20 native_us=2427 validate_us=46
BATCH stage=decode rows=8 tokens=8 us=1494 encode_us=25 native_us=1272 validate_us=195
BATCH stage=decode rows=8 tokens=8 us=1505 encode_us=28 native_us=1277 validate_us=198
BATCH stage=decode rows=8 tokens=8 us=1482 encode_us=25 native_us=1260 validate_us=196
BATCH stage=decode rows=8 tokens=8 us=1459 encode_us=30 native_us=1228 validate_us=199
BATCH stage=prefill rows=1 tokens=128 us=2993 encode_us=25 native_us=2915 validate_us=51
BATCH stage=decode rows=8 tokens=8 us=1512 encode_us=29 native_us=1284 validate_us=199
BATCH stage=decode rows=8 tokens=8 us=1523 encode_us=31 native_us=1291 validate_us=200
BATCH stage=prefill rows=1 tokens=398 us=6722 encode_us=25 native_us=6642 validate_us=53
BATCH stage=decode rows=8 tokens=8 us=1491 encode_us=29 native_us=1263 validate_us=199
BATCH stage=decode rows=8 tokens=8 us=1440 encode_us=25 native_us=1219 validate_us=195
BATCH stage=decode rows=8 tokens=8 us=1547 encode_us=31 native_us=1314 validate_us=201
BATCH stage=prefill rows=1 tokens=16 us=2491 encode_us=18 native_us=2429 validate_us=43
BATCH stage=decode rows=8 tokens=8 us=1508 encode_us=35 native_us=1270 validate_us=202
BATCH stage=prefill rows=1 tokens=128 us=2971 encode_us=17 native_us=2909 validate_us=44
BATCH stage=decode rows=8 tokens=8 us=1473 encode_us=24 native_us=1252 validate_us=196
BATCH stage=decode rows=8 tokens=8 us=1462 encode_us=24 native_us=1243 validate_us=194
BATCH stage=decode rows=8 tokens=8 us=1470 encode_us=22 native_us=1255 validate_us=192
BATCH stage=decode rows=8 tokens=8 us=1483 encode_us=26 native_us=1255 validate_us=200
BATCH stage=decode rows=8 tokens=8 us=1472 encode_us=27 native_us=1246 validate_us=198
BATCH stage=decode rows=8 tokens=8 us=1440 encode_us=29 native_us=1212 validate_us=198
BATCH stage=prefill rows=1 tokens=398 us=6709 encode_us=27 native_us=6624 validate_us=57
BATCH stage=decode rows=8 tokens=8 us=1493 encode_us=27 native_us=1250 validate_us=214
BATCH stage=decode rows=8 tokens=8 us=1479 encode_us=30 native_us=1248 validate_us=200
BATCH stage=decode rows=8 tokens=8 us=1491 encode_us=27 native_us=1258 validate_us=205
BATCH stage=decode rows=8 tokens=8 us=1455 encode_us=26 native_us=1230 validate_us=197
BATCH stage=decode rows=8 tokens=8 us=1458 encode_us=23 native_us=1241 validate_us=193
BATCH stage=decode rows=8 tokens=8 us=1480 encode_us=28 native_us=1250 validate_us=201
BATCH stage=decode rows=8 tokens=8 us=1462 encode_us=28 native_us=1237 validate_us=197
BATCH stage=decode rows=8 tokens=8 us=1472 encode_us=27 native_us=1245 validate_us=199
BATCH stage=decode rows=8 tokens=8 us=1476 encode_us=26 native_us=1247 validate_us=202
BATCH stage=decode rows=8 tokens=8 us=1490 encode_us=29 native_us=1261 validate_us=198
BATCH stage=decode rows=8 tokens=8 us=1487 encode_us=32 native_us=1252 validate_us=202
BATCH stage=decode rows=8 tokens=8 us=1466 encode_us=29 native_us=1237 validate_us=199
BATCH stage=decode rows=8 tokens=8 us=1462 encode_us=24 native_us=1245 validate_us=192
BATCH stage=decode rows=8 tokens=8 us=1482 encode_us=27 native_us=1253 validate_us=200
BATCH stage=decode rows=8 tokens=8 us=1501 encode_us=26 native_us=1273 validate_us=200
BATCH stage=decode rows=8 tokens=8 us=1468 encode_us=27 native_us=1243 validate_us=197
BATCH stage=decode rows=8 tokens=8 us=1466 encode_us=26 native_us=1245 validate_us=195
BATCH stage=decode rows=8 tokens=8 us=1490 encode_us=28 native_us=1263 validate_us=198
BATCH stage=decode rows=8 tokens=8 us=1506 encode_us=26 native_us=1283 validate_us=196
BATCH stage=decode rows=8 tokens=8 us=1468 encode_us=27 native_us=1245 validate_us=195
BATCH stage=decode rows=8 tokens=8 us=1461 encode_us=24 native_us=1242 validate_us=194
BATCH stage=decode rows=8 tokens=8 us=1481 encode_us=26 native_us=1255 validate_us=199
BATCH stage=decode rows=8 tokens=8 us=1511 encode_us=29 native_us=1283 validate_us=198
BATCH stage=decode rows=8 tokens=8 us=1463 encode_us=25 native_us=1243 validate_us=194
BATCH stage=decode rows=8 tokens=8 us=1467 encode_us=28 native_us=1242 validate_us=196
BATCH stage=decode rows=8 tokens=8 us=1478 encode_us=29 native_us=1251 validate_us=197
BATCH stage=decode rows=8 tokens=8 us=1508 encode_us=26 native_us=1284 validate_us=198
BATCH stage=decode rows=8 tokens=8 us=1466 encode_us=27 native_us=1240 validate_us=197
BATCH stage=decode rows=8 tokens=8 us=1459 encode_us=23 native_us=1241 validate_us=193
BATCH stage=decode rows=8 tokens=8 us=1482 encode_us=27 native_us=1258 validate_us=196
BATCH stage=decode rows=8 tokens=8 us=1514 encode_us=27 native_us=1290 validate_us=197
BATCH stage=decode rows=8 tokens=8 us=1466 encode_us=24 native_us=1245 validate_us=195
BATCH stage=decode rows=8 tokens=8 us=1459 encode_us=22 native_us=1244 validate_us=191
BATCH stage=decode rows=8 tokens=8 us=1489 encode_us=29 native_us=1257 validate_us=202
BATCH stage=decode rows=8 tokens=8 us=1508 encode_us=25 native_us=1286 validate_us=196
BATCH stage=decode rows=8 tokens=8 us=1465 encode_us=28 native_us=1238 validate_us=198
BATCH stage=prefill rows=1 tokens=16 us=2496 encode_us=21 native_us=2429 validate_us=45
BATCH stage=decode rows=8 tokens=8 us=1457 encode_us=24 native_us=1238 validate_us=193
BATCH stage=decode rows=8 tokens=8 us=1482 encode_us=27 native_us=1256 validate_us=197
BATCH stage=decode rows=8 tokens=8 us=1525 encode_us=27 native_us=1292 validate_us=205
BATCH stage=decode rows=8 tokens=8 us=1452 encode_us=26 native_us=1229 validate_us=196
BATCH stage=decode rows=8 tokens=8 us=1454 encode_us=24 native_us=1236 validate_us=194
BATCH stage=decode rows=8 tokens=8 us=1501 encode_us=41 native_us=1258 validate_us=201
BATCH stage=decode rows=8 tokens=8 us=1522 encode_us=30 native_us=1291 validate_us=200
BATCH stage=decode rows=8 tokens=8 us=1459 encode_us=26 native_us=1234 validate_us=198
BATCH stage=decode rows=8 tokens=8 us=1486 encode_us=25 native_us=1266 validate_us=194
BATCH stage=decode rows=8 tokens=8 us=1488 encode_us=29 native_us=1259 validate_us=199
BATCH stage=decode rows=8 tokens=8 us=1524 encode_us=32 native_us=1288 validate_us=202
BATCH stage=prefill rows=1 tokens=128 us=2982 encode_us=24 native_us=2907 validate_us=50
BATCH stage=decode rows=8 tokens=8 us=1460 encode_us=27 native_us=1236 validate_us=197
BATCH stage=decode rows=8 tokens=8 us=1504 encode_us=24 native_us=1285 validate_us=194
BATCH stage=decode rows=8 tokens=8 us=1561 encode_us=32 native_us=1326 validate_us=202
BATCH stage=decode rows=8 tokens=8 us=1480 encode_us=29 native_us=1253 validate_us=198
BATCH stage=decode rows=8 tokens=8 us=1455 encode_us=29 native_us=1227 validate_us=197
BATCH stage=decode rows=8 tokens=8 us=1501 encode_us=24 native_us=1282 validate_us=194
BATCH stage=decode rows=8 tokens=8 us=1520 encode_us=29 native_us=1291 validate_us=199
BATCH stage=decode rows=8 tokens=8 us=1477 encode_us=26 native_us=1249 validate_us=201
BATCH stage=decode rows=8 tokens=8 us=1450 encode_us=25 native_us=1230 validate_us=194
BATCH stage=decode rows=8 tokens=8 us=1498 encode_us=21 native_us=1283 validate_us=192
BATCH stage=decode rows=8 tokens=8 us=1521 encode_us=28 native_us=1290 validate_us=202
BATCH stage=decode rows=8 tokens=8 us=1471 encode_us=27 native_us=1246 validate_us=197
BATCH stage=decode rows=8 tokens=8 us=1449 encode_us=23 native_us=1231 validate_us=194
BATCH stage=decode rows=8 tokens=8 us=1514 encode_us=26 native_us=1289 validate_us=198
BATCH stage=decode rows=8 tokens=8 us=1524 encode_us=30 native_us=1292 validate_us=202
BATCH stage=decode rows=8 tokens=8 us=1500 encode_us=33 native_us=1264 validate_us=202
BATCH stage=prefill rows=1 tokens=398 us=6748 encode_us=34 native_us=6659 validate_us=54
BATCH stage=decode rows=8 tokens=8 us=1472 encode_us=29 native_us=1243 validate_us=200
BATCH stage=decode rows=8 tokens=8 us=1511 encode_us=27 native_us=1286 validate_us=197
BATCH stage=decode rows=8 tokens=8 us=1557 encode_us=33 native_us=1322 validate_us=202
BATCH stage=decode rows=8 tokens=8 us=1487 encode_us=28 native_us=1259 validate_us=199
BATCH stage=decode rows=8 tokens=8 us=1459 encode_us=26 native_us=1236 validate_us=196
BATCH stage=decode rows=8 tokens=8 us=1496 encode_us=24 native_us=1277 validate_us=194
BATCH stage=decode rows=8 tokens=8 us=1520 encode_us=29 native_us=1291 validate_us=199
BATCH stage=decode rows=8 tokens=8 us=1490 encode_us=30 native_us=1260 validate_us=199
BATCH stage=decode rows=8 tokens=8 us=1468 encode_us=35 native_us=1237 validate_us=195
BATCH stage=decode rows=8 tokens=8 us=1503 encode_us=23 native_us=1284 validate_us=195
BATCH stage=decode rows=8 tokens=8 us=1534 encode_us=32 native_us=1300 validate_us=201
BATCH stage=decode rows=8 tokens=8 us=1485 encode_us=27 native_us=1259 validate_us=197
BATCH stage=decode rows=8 tokens=8 us=1452 encode_us=23 native_us=1230 validate_us=197
BATCH stage=decode rows=8 tokens=8 us=1499 encode_us=26 native_us=1278 validate_us=194
BATCH stage=decode rows=8 tokens=8 us=1530 encode_us=30 native_us=1300 validate_us=199
BATCH stage=decode rows=8 tokens=8 us=1491 encode_us=30 native_us=1260 validate_us=200
BATCH stage=decode rows=8 tokens=8 us=1454 encode_us=24 native_us=1236 validate_us=194
BATCH stage=decode rows=8 tokens=8 us=1509 encode_us=23 native_us=1287 validate_us=199
BATCH stage=decode rows=8 tokens=8 us=1536 encode_us=31 native_us=1304 validate_us=200
BATCH stage=decode rows=8 tokens=8 us=1486 encode_us=28 native_us=1259 validate_us=198
BATCH stage=decode rows=8 tokens=8 us=1452 encode_us=24 native_us=1233 validate_us=195
BATCH stage=decode rows=8 tokens=8 us=1501 encode_us=26 native_us=1278 validate_us=195
BATCH stage=decode rows=8 tokens=8 us=1539 encode_us=33 native_us=1301 validate_us=203
BATCH stage=prefill rows=1 tokens=16 us=2494 encode_us=19 native_us=2429 validate_us=45
BATCH stage=decode rows=8 tokens=8 us=1488 encode_us=31 native_us=1256 validate_us=199
BATCH stage=decode rows=8 tokens=8 us=1458 encode_us=26 native_us=1235 validate_us=196
BATCH stage=decode rows=8 tokens=8 us=1547 encode_us=30 native_us=1316 validate_us=199
BATCH stage=decode rows=8 tokens=8 us=1537 encode_us=37 native_us=1296 validate_us=203
BATCH stage=prefill rows=1 tokens=128 us=2996 encode_us=26 native_us=2917 validate_us=53
BATCH stage=decode rows=8 tokens=8 us=1495 encode_us=32 native_us=1261 validate_us=201
BATCH stage=decode rows=8 tokens=8 us=1457 encode_us=26 native_us=1234 validate_us=196
BATCH stage=decode rows=8 tokens=8 us=1561 encode_us=28 native_us=1327 validate_us=205
BATCH stage=decode rows=8 tokens=8 us=1513 encode_us=29 native_us=1285 validate_us=198
BATCH stage=prefill rows=1 tokens=398 us=6714 encode_us=26 native_us=6635 validate_us=52
BATCH stage=decode rows=8 tokens=8 us=1496 encode_us=31 native_us=1264 validate_us=200
BATCH stage=decode rows=8 tokens=8 us=1459 encode_us=26 native_us=1236 validate_us=196
BATCH stage=decode rows=8 tokens=8 us=1551 encode_us=33 native_us=1318 validate_us=199
BATCH stage=decode rows=8 tokens=8 us=1486 encode_us=28 native_us=1258 validate_us=199
BATCH stage=decode rows=8 tokens=8 us=1486 encode_us=27 native_us=1262 validate_us=197
BATCH stage=decode rows=8 tokens=8 us=1451 encode_us=26 native_us=1228 validate_us=196
BATCH stage=prefill rows=1 tokens=16 us=2494 encode_us=20 native_us=2428 validate_us=45
BATCH stage=decode rows=8 tokens=8 us=1537 encode_us=29 native_us=1308 validate_us=199
BATCH stage=decode rows=8 tokens=8 us=1484 encode_us=25 native_us=1262 validate_us=195
BATCH stage=decode rows=8 tokens=8 us=1495 encode_us=32 native_us=1261 validate_us=201
BATCH stage=decode rows=8 tokens=8 us=1451 encode_us=27 native_us=1224 validate_us=198
BATCH stage=decode rows=8 tokens=8 us=1532 encode_us=30 native_us=1296 validate_us=205
BATCH stage=decode rows=8 tokens=8 us=1486 encode_us=28 native_us=1259 validate_us=197
BATCH stage=decode rows=8 tokens=8 us=1493 encode_us=28 native_us=1266 validate_us=198
BATCH stage=decode rows=8 tokens=8 us=1442 encode_us=22 native_us=1225 validate_us=193
BATCH stage=prefill rows=1 tokens=128 us=2985 encode_us=23 native_us=2913 validate_us=48
BATCH stage=decode rows=8 tokens=8 us=1551 encode_us=36 native_us=1310 validate_us=205
BATCH stage=prefill rows=1 tokens=398 us=6691 encode_us=20 native_us=6621 validate_us=48
BATCH stage=decode rows=8 tokens=8 us=1468 encode_us=26 native_us=1244 validate_us=197
BATCH stage=prefill rows=1 tokens=16 us=2469 encode_us=16 native_us=2409 validate_us=42
BATCH stage=decode rows=8 tokens=8 us=1483 encode_us=31 native_us=1251 validate_us=200
BATCH stage=decode rows=8 tokens=8 us=1520 encode_us=23 native_us=1304 validate_us=192
BATCH stage=decode rows=8 tokens=8 us=1495 encode_us=25 native_us=1272 validate_us=197
BATCH stage=decode rows=8 tokens=8 us=1440 encode_us=22 native_us=1222 validate_us=195
BATCH stage=decode rows=8 tokens=8 us=1484 encode_us=31 native_us=1251 validate_us=200
BATCH stage=decode rows=8 tokens=8 us=1500 encode_us=23 native_us=1283 validate_us=193
BATCH stage=decode rows=8 tokens=8 us=1511 encode_us=28 native_us=1285 validate_us=197
BATCH stage=prefill rows=1 tokens=128 us=2985 encode_us=23 native_us=2914 validate_us=48
BATCH stage=decode rows=8 tokens=8 us=1457 encode_us=30 native_us=1228 validate_us=199
BATCH stage=prefill rows=1 tokens=16 us=2491 encode_us=19 native_us=2428 validate_us=44
BATCH stage=decode rows=8 tokens=8 us=1492 encode_us=29 native_us=1264 validate_us=199
BATCH stage=prefill rows=1 tokens=398 us=6720 encode_us=18 native_us=6655 validate_us=46
BATCH stage=decode rows=8 tokens=8 us=1539 encode_us=24 native_us=1318 validate_us=195
BATCH stage=decode rows=8 tokens=8 us=1484 encode_us=28 native_us=1258 validate_us=197
BATCH stage=decode rows=8 tokens=8 us=1468 encode_us=21 native_us=1250 validate_us=196
BATCH stage=decode rows=8 tokens=8 us=1490 encode_us=30 native_us=1258 validate_us=201
BATCH stage=decode rows=8 tokens=8 us=1497 encode_us=21 native_us=1280 validate_us=194
BATCH stage=decode rows=8 tokens=8 us=1471 encode_us=27 native_us=1244 validate_us=199
BATCH stage=prefill rows=1 tokens=128 us=2978 encode_us=22 native_us=2908 validate_us=47
BATCH stage=decode rows=8 tokens=8 us=1453 encode_us=25 native_us=1231 validate_us=196
BATCH stage=decode rows=8 tokens=8 us=1494 encode_us=31 native_us=1261 validate_us=201
BATCH stage=decode rows=8 tokens=8 us=1458 encode_us=22 native_us=1244 validate_us=191
BATCH stage=decode rows=8 tokens=8 us=1444 encode_us=27 native_us=1218 validate_us=197
BATCH stage=prefill rows=1 tokens=398 us=6733 encode_us=24 native_us=6658 validate_us=50
BATCH stage=decode rows=8 tokens=8 us=1474 encode_us=26 native_us=1251 validate_us=196
BATCH stage=decode rows=8 tokens=8 us=1491 encode_us=33 native_us=1259 validate_us=199
BATCH stage=decode rows=8 tokens=8 us=1470 encode_us=24 native_us=1251 validate_us=195
BATCH stage=decode rows=8 tokens=8 us=1450 encode_us=27 native_us=1225 validate_us=197
BATCH stage=decode rows=8 tokens=8 us=1456 encode_us=21 native_us=1243 validate_us=191
BATCH stage=decode rows=8 tokens=8 us=1482 encode_us=26 native_us=1257 validate_us=197
BATCH stage=decode rows=8 tokens=8 us=1461 encode_us=25 native_us=1240 validate_us=195
BATCH stage=decode rows=8 tokens=8 us=1467 encode_us=26 native_us=1243 validate_us=197
BATCH stage=decode rows=8 tokens=8 us=1454 encode_us=20 native_us=1242 validate_us=191
BATCH stage=decode rows=8 tokens=8 us=1479 encode_us=32 native_us=1242 validate_us=203
BATCH stage=decode rows=8 tokens=8 us=1443 encode_us=24 native_us=1224 validate_us=194
BATCH stage=decode rows=8 tokens=8 us=1462 encode_us=25 native_us=1240 validate_us=196
BATCH stage=decode rows=8 tokens=8 us=1456 encode_us=24 native_us=1236 validate_us=195
BATCH stage=decode rows=8 tokens=8 us=1486 encode_us=29 native_us=1259 validate_us=198
BATCH stage=decode rows=8 tokens=8 us=1450 encode_us=22 native_us=1233 validate_us=194
BATCH stage=decode rows=8 tokens=8 us=1448 encode_us=23 native_us=1227 validate_us=197
BATCH stage=decode rows=8 tokens=8 us=1452 encode_us=22 native_us=1236 validate_us=192
BATCH stage=decode rows=8 tokens=8 us=1476 encode_us=26 native_us=1254 validate_us=195
BATCH stage=decode rows=8 tokens=8 us=1459 encode_us=22 native_us=1241 validate_us=195
BATCH stage=decode rows=8 tokens=8 us=1466 encode_us=27 native_us=1240 validate_us=198
BATCH stage=decode rows=8 tokens=8 us=1453 encode_us=21 native_us=1240 validate_us=192
BATCH stage=decode rows=8 tokens=8 us=1485 encode_us=29 native_us=1255 validate_us=199
BATCH stage=decode rows=8 tokens=8 us=1436 encode_us=23 native_us=1219 validate_us=193
BATCH stage=decode rows=8 tokens=8 us=1448 encode_us=24 native_us=1228 validate_us=194
BATCH stage=decode rows=8 tokens=8 us=1471 encode_us=24 native_us=1244 validate_us=202
BATCH stage=decode rows=8 tokens=8 us=1487 encode_us=29 native_us=1259 validate_us=198
BATCH stage=decode rows=8 tokens=8 us=1487 encode_us=26 native_us=1262 validate_us=199
BATCH stage=decode rows=8 tokens=8 us=1451 encode_us=26 native_us=1229 validate_us=194
BATCH stage=decode rows=8 tokens=8 us=1449 encode_us=22 native_us=1230 validate_us=196
BATCH stage=decode rows=8 tokens=8 us=1494 encode_us=29 native_us=1265 validate_us=199
BATCH stage=decode rows=8 tokens=8 us=1499 encode_us=22 native_us=1283 validate_us=192
BATCH stage=decode rows=8 tokens=8 us=1469 encode_us=31 native_us=1234 validate_us=203
BATCH stage=prefill rows=1 tokens=16 us=2498 encode_us=21 native_us=2429 validate_us=47
BATCH stage=decode rows=8 tokens=8 us=1458 encode_us=23 native_us=1241 validate_us=193
BATCH stage=decode rows=8 tokens=8 us=1482 encode_us=28 native_us=1256 validate_us=197
BATCH stage=decode rows=8 tokens=8 us=1505 encode_us=25 native_us=1282 validate_us=196
BATCH stage=decode rows=8 tokens=8 us=1450 encode_us=25 native_us=1230 validate_us=194
BATCH stage=decode rows=8 tokens=8 us=1457 encode_us=21 native_us=1242 validate_us=192
BATCH stage=decode rows=8 tokens=8 us=1496 encode_us=30 native_us=1266 validate_us=200
BATCH stage=decode rows=8 tokens=8 us=1505 encode_us=26 native_us=1282 validate_us=196
BATCH stage=decode rows=8 tokens=8 us=1454 encode_us=24 native_us=1233 validate_us=197
BATCH stage=decode rows=8 tokens=8 us=1464 encode_us=24 native_us=1245 validate_us=194
BATCH stage=decode rows=8 tokens=8 us=1495 encode_us=27 native_us=1268 validate_us=198
BATCH stage=decode rows=8 tokens=8 us=1508 encode_us=26 native_us=1286 validate_us=195
BATCH stage=decode rows=8 tokens=8 us=1451 encode_us=23 native_us=1233 validate_us=194
BATCH stage=decode rows=8 tokens=8 us=1459 encode_us=21 native_us=1242 validate_us=195
BATCH stage=decode rows=8 tokens=8 us=1499 encode_us=30 native_us=1266 validate_us=201
BATCH stage=decode rows=8 tokens=8 us=1502 encode_us=25 native_us=1282 validate_us=194
BATCH stage=decode rows=8 tokens=8 us=1457 encode_us=27 native_us=1233 validate_us=196
BATCH stage=decode rows=8 tokens=8 us=1467 encode_us=23 native_us=1243 validate_us=200
BATCH stage=decode rows=8 tokens=8 us=1482 encode_us=29 native_us=1255 validate_us=198
BATCH stage=decode rows=8 tokens=8 us=1510 encode_us=28 native_us=1285 validate_us=196
BATCH stage=decode rows=8 tokens=8 us=1449 encode_us=25 native_us=1227 validate_us=196
BATCH stage=decode rows=8 tokens=8 us=1457 encode_us=25 native_us=1236 validate_us=195
BATCH stage=prefill rows=1 tokens=128 us=2973 encode_us=23 native_us=2899 validate_us=51
BATCH stage=decode rows=8 tokens=8 us=1505 encode_us=33 native_us=1266 validate_us=205
BATCH stage=decode rows=8 tokens=8 us=1510 encode_us=28 native_us=1284 validate_us=197
BATCH stage=decode rows=8 tokens=8 us=1472 encode_us=26 native_us=1249 validate_us=196
BATCH stage=decode rows=8 tokens=8 us=1419 encode_us=22 native_us=1204 validate_us=192
BATCH stage=decode rows=8 tokens=8 us=1502 encode_us=31 native_us=1268 validate_us=201
BATCH stage=decode rows=8 tokens=8 us=1495 encode_us=25 native_us=1274 validate_us=195
BATCH stage=decode rows=8 tokens=8 us=1481 encode_us=25 native_us=1260 validate_us=195
BATCH stage=decode rows=8 tokens=8 us=1422 encode_us=25 native_us=1202 validate_us=193
BATCH stage=decode rows=8 tokens=8 us=1483 encode_us=28 native_us=1256 validate_us=198
BATCH stage=decode rows=8 tokens=8 us=1488 encode_us=25 native_us=1266 validate_us=196
BATCH stage=decode rows=8 tokens=8 us=1496 encode_us=29 native_us=1268 validate_us=198
BATCH stage=decode rows=8 tokens=8 us=1433 encode_us=23 native_us=1216 validate_us=193
BATCH stage=decode rows=8 tokens=8 us=1483 encode_us=30 native_us=1253 validate_us=199
BATCH stage=decode rows=8 tokens=8 us=1497 encode_us=30 native_us=1268 validate_us=197
BATCH stage=decode rows=8 tokens=8 us=1502 encode_us=26 native_us=1278 validate_us=197
BATCH stage=decode rows=8 tokens=8 us=1424 encode_us=22 native_us=1209 validate_us=192
BATCH stage=decode rows=8 tokens=8 us=1483 encode_us=31 native_us=1250 validate_us=201
BATCH stage=decode rows=8 tokens=8 us=1510 encode_us=27 native_us=1285 validate_us=197
BATCH stage=decode rows=8 tokens=8 us=1501 encode_us=25 native_us=1278 validate_us=196
BATCH stage=decode rows=8 tokens=8 us=1422 encode_us=24 native_us=1202 validate_us=196
BATCH stage=decode rows=8 tokens=8 us=1499 encode_us=32 native_us=1265 validate_us=201
BATCH stage=decode rows=8 tokens=8 us=1500 encode_us=29 native_us=1270 validate_us=201
BATCH stage=decode rows=8 tokens=8 us=1520 encode_us=28 native_us=1291 validate_us=200
BATCH stage=prefill rows=1 tokens=398 us=6745 encode_us=25 native_us=6664 validate_us=55
BATCH stage=decode rows=8 tokens=8 us=1450 encode_us=26 native_us=1228 validate_us=196
BATCH stage=decode rows=8 tokens=8 us=1522 encode_us=32 native_us=1288 validate_us=201
BATCH stage=decode rows=8 tokens=8 us=1531 encode_us=27 native_us=1305 validate_us=198
BATCH stage=decode rows=8 tokens=8 us=1471 encode_us=27 native_us=1244 validate_us=200
BATCH stage=decode rows=8 tokens=8 us=1439 encode_us=22 native_us=1221 validate_us=195
BATCH stage=decode rows=8 tokens=8 us=1520 encode_us=39 native_us=1277 validate_us=204
BATCH stage=prefill rows=1 tokens=16 us=2475 encode_us=19 native_us=2410 validate_us=46
BATCH stage=decode rows=8 tokens=8 us=1498 encode_us=26 native_us=1271 validate_us=201
BATCH stage=decode rows=8 tokens=8 us=1469 encode_us=30 native_us=1240 validate_us=199
BATCH stage=decode rows=8 tokens=8 us=1521 encode_us=25 native_us=1299 validate_us=196
BATCH stage=decode rows=8 tokens=8 us=1477 encode_us=27 native_us=1250 validate_us=199
BATCH stage=decode rows=8 tokens=8 us=1499 encode_us=27 native_us=1272 validate_us=198
BATCH stage=decode rows=8 tokens=8 us=1467 encode_us=28 native_us=1239 validate_us=199
BATCH stage=decode rows=8 tokens=8 us=1488 encode_us=23 native_us=1271 validate_us=192
BATCH stage=decode rows=8 tokens=8 us=1470 encode_us=32 native_us=1237 validate_us=200
BATCH stage=decode rows=8 tokens=8 us=1494 encode_us=26 native_us=1269 validate_us=198
BATCH stage=decode rows=8 tokens=8 us=1468 encode_us=27 native_us=1238 validate_us=202
BATCH stage=prefill rows=1 tokens=128 us=2981 encode_us=24 native_us=2907 validate_us=49
BATCH stage=decode rows=8 tokens=8 us=1504 encode_us=27 native_us=1279 validate_us=197
BATCH stage=decode rows=8 tokens=8 us=1482 encode_us=28 native_us=1253 validate_us=200
BATCH stage=decode rows=8 tokens=8 us=1501 encode_us=26 native_us=1272 validate_us=201
BATCH stage=decode rows=8 tokens=8 us=1460 encode_us=27 native_us=1236 validate_us=196
BATCH stage=prefill rows=1 tokens=398 us=6708 encode_us=28 native_us=6626 validate_us=53
BATCH stage=decode rows=8 tokens=8 us=1514 encode_us=27 native_us=1289 validate_us=196
BATCH stage=decode rows=8 tokens=8 us=1475 encode_us=29 native_us=1245 validate_us=200
BATCH stage=decode rows=8 tokens=8 us=1504 encode_us=29 native_us=1275 validate_us=199
BATCH stage=decode rows=8 tokens=8 us=1450 encode_us=29 native_us=1221 validate_us=199
BATCH stage=decode rows=8 tokens=8 us=1502 encode_us=25 native_us=1281 validate_us=195
BATCH stage=decode rows=8 tokens=8 us=1483 encode_us=29 native_us=1255 validate_us=198
BATCH stage=decode rows=8 tokens=8 us=1517 encode_us=32 native_us=1279 validate_us=204
BATCH stage=decode rows=8 tokens=8 us=1458 encode_us=26 native_us=1235 validate_us=195
BATCH stage=decode rows=8 tokens=8 us=1492 encode_us=28 native_us=1267 validate_us=196
BATCH stage=decode rows=8 tokens=8 us=1474 encode_us=30 native_us=1244 validate_us=199
BATCH stage=prefill rows=1 tokens=16 us=2489 encode_us=18 native_us=2425 validate_us=45
BATCH stage=decode rows=8 tokens=8 us=1509 encode_us=32 native_us=1274 validate_us=202
BATCH stage=decode rows=8 tokens=8 us=1449 encode_us=26 native_us=1227 validate_us=196
BATCH stage=prefill rows=1 tokens=128 us=2974 encode_us=25 native_us=2899 validate_us=49
BATCH stage=decode rows=8 tokens=8 us=1497 encode_us=28 native_us=1271 validate_us=197
BATCH stage=decode rows=8 tokens=8 us=1463 encode_us=29 native_us=1236 validate_us=197
BATCH stage=decode rows=8 tokens=8 us=1484 encode_us=27 native_us=1257 validate_us=199
BATCH stage=decode rows=8 tokens=8 us=1430 encode_us=27 native_us=1207 validate_us=195
BATCH stage=prefill rows=1 tokens=398 us=6721 encode_us=26 native_us=6640 validate_us=54
BATCH stage=decode rows=8 tokens=8 us=1516 encode_us=29 native_us=1284 validate_us=202
BATCH stage=decode rows=8 tokens=8 us=1465 encode_us=28 native_us=1237 validate_us=198
BATCH stage=prefill rows=1 tokens=16 us=2492 encode_us=18 native_us=2428 validate_us=45
BATCH stage=decode rows=8 tokens=8 us=1487 encode_us=28 native_us=1255 validate_us=203
BATCH stage=decode rows=8 tokens=8 us=1441 encode_us=26 native_us=1218 validate_us=195
BATCH stage=decode rows=8 tokens=8 us=1500 encode_us=27 native_us=1275 validate_us=197
BATCH stage=decode rows=8 tokens=8 us=1470 encode_us=29 native_us=1242 validate_us=198
BATCH stage=prefill rows=1 tokens=128 us=2988 encode_us=24 native_us=2913 validate_us=50
BATCH stage=decode rows=8 tokens=8 us=1501 encode_us=33 native_us=1262 validate_us=205
BATCH stage=decode rows=8 tokens=8 us=1456 encode_us=27 native_us=1230 validate_us=198
BATCH stage=decode rows=8 tokens=8 us=1518 encode_us=29 native_us=1290 validate_us=199
BATCH stage=decode rows=8 tokens=8 us=1455 encode_us=28 native_us=1231 validate_us=196
BATCH stage=prefill rows=1 tokens=398 us=6697 encode_us=26 native_us=6618 validate_us=53
BATCH stage=decode rows=8 tokens=8 us=1485 encode_us=32 native_us=1252 validate_us=200
BATCH stage=decode rows=8 tokens=8 us=1446 encode_us=25 native_us=1226 validate_us=195
BATCH stage=decode rows=8 tokens=8 us=1505 encode_us=31 native_us=1272 validate_us=201
BATCH stage=decode rows=8 tokens=8 us=1447 encode_us=24 native_us=1227 validate_us=195
BATCH stage=decode rows=8 tokens=8 us=1495 encode_us=28 native_us=1263 validate_us=202
BATCH stage=decode rows=8 tokens=8 us=1453 encode_us=27 native_us=1229 validate_us=196
BATCH stage=decode rows=8 tokens=8 us=1490 encode_us=31 native_us=1255 validate_us=202
BATCH stage=decode rows=8 tokens=8 us=1449 encode_us=25 native_us=1225 validate_us=198
BATCH stage=decode rows=8 tokens=8 us=1487 encode_us=29 native_us=1256 validate_us=201
BATCH stage=decode rows=8 tokens=8 us=1452 encode_us=24 native_us=1234 validate_us=193
BATCH stage=decode rows=8 tokens=8 us=1503 encode_us=31 native_us=1265 validate_us=205
BATCH stage=decode rows=8 tokens=8 us=1446 encode_us=24 native_us=1228 validate_us=193
BATCH stage=decode rows=8 tokens=8 us=1487 encode_us=32 native_us=1250 validate_us=204
BATCH stage=decode rows=8 tokens=8 us=1461 encode_us=27 native_us=1235 validate_us=198
BATCH stage=decode rows=8 tokens=8 us=1488 encode_us=29 native_us=1259 validate_us=199
BATCH stage=decode rows=8 tokens=8 us=1457 encode_us=24 native_us=1235 validate_us=197
BATCH stage=decode rows=8 tokens=8 us=1488 encode_us=30 native_us=1256 validate_us=201
BATCH stage=decode rows=8 tokens=8 us=1461 encode_us=27 native_us=1235 validate_us=197
BATCH stage=decode rows=8 tokens=8 us=1510 encode_us=32 native_us=1276 validate_us=201
BATCH stage=decode rows=8 tokens=8 us=1451 encode_us=24 native_us=1232 validate_us=194
BATCH stage=decode rows=8 tokens=8 us=1482 encode_us=34 native_us=1245 validate_us=201
BATCH stage=decode rows=8 tokens=8 us=1455 encode_us=25 native_us=1232 validate_us=197
BATCH stage=decode rows=8 tokens=8 us=1514 encode_us=31 native_us=1283 validate_us=199
BATCH stage=decode rows=8 tokens=8 us=1454 encode_us=23 native_us=1236 validate_us=193
BATCH stage=decode rows=8 tokens=8 us=1481 encode_us=27 native_us=1256 validate_us=196
BATCH stage=decode rows=8 tokens=8 us=1459 encode_us=27 native_us=1234 validate_us=196
BATCH stage=decode rows=8 tokens=8 us=1518 encode_us=28 native_us=1289 validate_us=200
BATCH stage=decode rows=8 tokens=8 us=1446 encode_us=22 native_us=1231 validate_us=192
BATCH stage=decode rows=8 tokens=8 us=1490 encode_us=32 native_us=1256 validate_us=201
BATCH stage=decode rows=8 tokens=8 us=1453 encode_us=25 native_us=1231 validate_us=196
BATCH stage=decode rows=8 tokens=8 us=1523 encode_us=31 native_us=1291 validate_us=200
BATCH stage=decode rows=8 tokens=8 us=1456 encode_us=23 native_us=1236 validate_us=195
BATCH stage=decode rows=8 tokens=8 us=1489 encode_us=27 native_us=1257 validate_us=203
BATCH stage=decode rows=8 tokens=8 us=1458 encode_us=27 native_us=1234 validate_us=196
BATCH stage=decode rows=8 tokens=8 us=1528 encode_us=31 native_us=1294 validate_us=202
BATCH stage=decode rows=8 tokens=8 us=1456 encode_us=24 native_us=1237 validate_us=194
BATCH stage=prefill rows=1 tokens=16 us=2496 encode_us=20 native_us=2429 validate_us=45
BATCH stage=decode rows=8 tokens=8 us=1486 encode_us=29 native_us=1257 validate_us=198
BATCH stage=decode rows=8 tokens=8 us=1546 encode_us=26 native_us=1318 validate_us=200
BATCH stage=decode rows=8 tokens=8 us=1489 encode_us=30 native_us=1259 validate_us=200
BATCH stage=decode rows=8 tokens=8 us=1442 encode_us=22 native_us=1226 validate_us=192
BATCH stage=decode rows=8 tokens=8 us=1491 encode_us=31 native_us=1260 validate_us=199
BATCH stage=decode rows=8 tokens=8 us=1511 encode_us=26 native_us=1284 validate_us=199
BATCH stage=decode rows=8 tokens=8 us=1481 encode_us=27 native_us=1251 validate_us=201
BATCH stage=decode rows=8 tokens=8 us=1453 encode_us=24 native_us=1232 validate_us=195
BATCH stage=decode rows=8 tokens=8 us=1488 encode_us=29 native_us=1259 validate_us=199
BATCH stage=decode rows=8 tokens=8 us=1520 encode_us=26 native_us=1292 validate_us=201
BATCH stage=decode rows=8 tokens=8 us=1500 encode_us=30 native_us=1269 validate_us=200
BATCH stage=decode rows=8 tokens=8 us=1450 encode_us=26 native_us=1227 validate_us=196
BATCH stage=prefill rows=1 tokens=128 us=2994 encode_us=27 native_us=2914 validate_us=52
BATCH stage=decode rows=8 tokens=8 us=1496 encode_us=33 native_us=1260 validate_us=202
BATCH stage=decode rows=8 tokens=8 us=1523 encode_us=29 native_us=1295 validate_us=199
BATCH stage=decode rows=8 tokens=8 us=1521 encode_us=30 native_us=1288 validate_us=202
BATCH stage=decode rows=8 tokens=8 us=1431 encode_us=22 native_us=1216 validate_us=192
BATCH stage=decode rows=8 tokens=8 us=1493 encode_us=32 native_us=1259 validate_us=201
BATCH stage=decode rows=8 tokens=8 us=1521 encode_us=29 native_us=1286 validate_us=205
BATCH stage=decode rows=8 tokens=8 us=1516 encode_us=28 native_us=1287 validate_us=200
BATCH stage=decode rows=8 tokens=8 us=1433 encode_us=22 native_us=1217 validate_us=192
BATCH stage=decode rows=8 tokens=8 us=1492 encode_us=30 native_us=1259 validate_us=202
BATCH stage=decode rows=8 tokens=8 us=1508 encode_us=27 native_us=1282 validate_us=198
BATCH stage=decode rows=8 tokens=8 us=1519 encode_us=32 native_us=1284 validate_us=202
BATCH stage=decode rows=8 tokens=8 us=1439 encode_us=26 native_us=1216 validate_us=195
BATCH stage=decode rows=8 tokens=8 us=1492 encode_us=31 native_us=1256 validate_us=203
BATCH stage=decode rows=8 tokens=8 us=1527 encode_us=31 native_us=1291 validate_us=204
BATCH stage=decode rows=8 tokens=8 us=1525 encode_us=30 native_us=1293 validate_us=201
BATCH stage=decode rows=8 tokens=8 us=1443 encode_us=26 native_us=1220 validate_us=197
BATCH stage=decode rows=8 tokens=8 us=1500 encode_us=34 native_us=1262 validate_us=203
BATCH stage=decode rows=8 tokens=8 us=1522 encode_us=30 native_us=1290 validate_us=200
BATCH stage=decode rows=8 tokens=8 us=1531 encode_us=33 native_us=1293 validate_us=203
BATCH stage=prefill rows=1 tokens=398 us=6744 encode_us=26 native_us=6660 validate_us=57
BATCH stage=decode rows=8 tokens=8 us=1443 encode_us=26 native_us=1219 validate_us=198
BATCH stage=decode rows=8 tokens=8 us=1503 encode_us=35 native_us=1264 validate_us=204
BATCH stage=decode rows=8 tokens=8 us=1553 encode_us=30 native_us=1321 validate_us=201
BATCH stage=decode rows=8 tokens=8 us=1535 encode_us=31 native_us=1300 validate_us=203
BATCH stage=decode rows=8 tokens=8 us=1449 encode_us=26 native_us=1226 validate_us=196
BATCH stage=decode rows=8 tokens=8 us=1495 encode_us=31 native_us=1262 validate_us=201
BATCH stage=decode rows=8 tokens=8 us=1524 encode_us=30 native_us=1293 validate_us=199
BATCH stage=decode rows=8 tokens=8 us=1528 encode_us=29 native_us=1298 validate_us=199
BATCH stage=decode rows=8 tokens=8 us=1443 encode_us=24 native_us=1222 validate_us=196
BATCH stage=decode rows=8 tokens=8 us=1505 encode_us=33 native_us=1270 validate_us=201
BATCH stage=decode rows=8 tokens=8 us=1526 encode_us=30 native_us=1294 validate_us=201
BATCH stage=decode rows=8 tokens=8 us=1516 encode_us=31 native_us=1283 validate_us=201
BATCH stage=decode rows=8 tokens=8 us=1431 encode_us=22 native_us=1215 validate_us=193
BATCH stage=decode rows=8 tokens=8 us=1507 encode_us=34 native_us=1271 validate_us=202
BATCH stage=decode rows=8 tokens=8 us=1522 encode_us=29 native_us=1291 validate_us=201
BATCH stage=decode rows=8 tokens=8 us=1515 encode_us=33 native_us=1280 validate_us=202
BATCH stage=decode rows=8 tokens=8 us=1440 encode_us=23 native_us=1223 validate_us=193
BATCH stage=decode rows=8 tokens=8 us=1535 encode_us=32 native_us=1297 validate_us=206
BATCH stage=prefill rows=1 tokens=16 us=2494 encode_us=22 native_us=2423 validate_us=49
BATCH stage=decode rows=8 tokens=8 us=1519 encode_us=29 native_us=1290 validate_us=200
BATCH stage=decode rows=8 tokens=8 us=1529 encode_us=33 native_us=1294 validate_us=201
BATCH stage=decode rows=8 tokens=8 us=1526 encode_us=25 native_us=1304 validate_us=195
BATCH stage=decode rows=8 tokens=8 us=1480 encode_us=28 native_us=1253 validate_us=198
BATCH stage=decode rows=8 tokens=8 us=1505 encode_us=27 native_us=1275 validate_us=202
BATCH stage=decode rows=8 tokens=8 us=1512 encode_us=31 native_us=1280 validate_us=200
BATCH stage=decode rows=8 tokens=8 us=1507 encode_us=27 native_us=1281 validate_us=198
BATCH stage=prefill rows=1 tokens=128 us=2998 encode_us=26 native_us=2918 validate_us=53
BATCH stage=decode rows=8 tokens=8 us=1477 encode_us=33 native_us=1241 validate_us=202
BATCH stage=decode rows=8 tokens=8 us=1518 encode_us=29 native_us=1285 validate_us=202
BATCH stage=decode rows=8 tokens=8 us=1581 encode_us=33 native_us=1339 validate_us=207
BATCH stage=prefill rows=1 tokens=398 us=6713 encode_us=31 native_us=6627 validate_us=54
BATCH stage=decode rows=8 tokens=8 us=1437 encode_us=26 native_us=1214 validate_us=196
BATCH stage=decode rows=8 tokens=8 us=1487 encode_us=28 native_us=1259 validate_us=199
BATCH stage=decode rows=8 tokens=8 us=1554 encode_us=28 native_us=1323 validate_us=202
BATCH stage=decode rows=8 tokens=8 us=1530 encode_us=32 native_us=1296 validate_us=201
BATCH stage=decode rows=8 tokens=8 us=1434 encode_us=23 native_us=1216 validate_us=194
BATCH stage=decode rows=8 tokens=8 us=1474 encode_us=29 native_us=1244 validate_us=200
BATCH stage=decode rows=8 tokens=8 us=1509 encode_us=29 native_us=1279 validate_us=200
BATCH stage=decode rows=8 tokens=8 us=1508 encode_us=29 native_us=1279 validate_us=200
BATCH stage=decode rows=8 tokens=8 us=1443 encode_us=23 native_us=1222 validate_us=196
BATCH stage=decode rows=8 tokens=8 us=1478 encode_us=29 native_us=1249 validate_us=200
BATCH stage=decode rows=8 tokens=8 us=1504 encode_us=27 native_us=1278 validate_us=198
BATCH stage=decode rows=8 tokens=8 us=1543 encode_us=33 native_us=1306 validate_us=204
BATCH stage=prefill rows=1 tokens=16 us=2495 encode_us=19 native_us=2430 validate_us=45
BATCH stage=decode rows=8 tokens=8 us=1444 encode_us=32 native_us=1219 validate_us=192
BATCH stage=decode rows=8 tokens=8 us=1494 encode_us=26 native_us=1262 validate_us=205
BATCH stage=prefill rows=1 tokens=128 us=2992 encode_us=23 native_us=2919 validate_us=49
BATCH stage=decode rows=8 tokens=8 us=1560 encode_us=34 native_us=1322 validate_us=203
BATCH stage=prefill rows=1 tokens=398 us=6704 encode_us=22 native_us=6627 validate_us=54
BATCH stage=decode rows=8 tokens=8 us=1540 encode_us=31 native_us=1302 validate_us=206
BATCH stage=decode rows=8 tokens=8 us=1489 encode_us=33 native_us=1257 validate_us=198
BATCH stage=decode rows=8 tokens=8 us=1551 encode_us=28 native_us=1320 validate_us=201
BATCH stage=decode rows=8 tokens=8 us=1470 encode_us=30 native_us=1239 validate_us=200
BATCH stage=decode rows=8 tokens=8 us=1522 encode_us=28 native_us=1293 validate_us=200
BATCH stage=decode rows=8 tokens=8 us=1494 encode_us=25 native_us=1269 validate_us=200
BATCH stage=decode rows=8 tokens=8 us=1520 encode_us=33 native_us=1283 validate_us=203
BATCH stage=prefill rows=1 tokens=16 us=2497 encode_us=21 native_us=2428 validate_us=47
BATCH stage=decode rows=8 tokens=8 us=1476 encode_us=33 native_us=1241 validate_us=201
BATCH stage=prefill rows=1 tokens=128 us=2976 encode_us=19 native_us=2911 validate_us=45
BATCH stage=decode rows=8 tokens=8 us=1510 encode_us=27 native_us=1283 validate_us=199
BATCH stage=prefill rows=1 tokens=398 us=6706 encode_us=18 native_us=6643 validate_us=44
BATCH stage=decode rows=8 tokens=8 us=1510 encode_us=29 native_us=1283 validate_us=197
BATCH stage=decode rows=8 tokens=8 us=1482 encode_us=25 native_us=1259 validate_us=197
BATCH stage=decode rows=8 tokens=8 us=1548 encode_us=31 native_us=1316 validate_us=200
BATCH stage=decode rows=8 tokens=8 us=1495 encode_us=33 native_us=1258 validate_us=202
BATCH stage=prefill rows=1 tokens=16 us=2496 encode_us=20 native_us=2430 validate_us=46
BATCH stage=decode rows=8 tokens=8 us=1508 encode_us=29 native_us=1279 validate_us=199
BATCH stage=decode rows=8 tokens=8 us=1465 encode_us=25 native_us=1243 validate_us=195
BATCH stage=decode rows=8 tokens=8 us=1492 encode_us=31 native_us=1259 validate_us=201
BATCH stage=prefill rows=1 tokens=128 us=2985 encode_us=24 native_us=2912 validate_us=49
BATCH stage=decode rows=8 tokens=8 us=1464 encode_us=29 native_us=1236 validate_us=197
BATCH stage=decode rows=8 tokens=8 us=1511 encode_us=27 native_us=1285 validate_us=197
BATCH stage=decode rows=8 tokens=8 us=1484 encode_us=26 native_us=1260 validate_us=196
BATCH stage=decode rows=8 tokens=8 us=1450 encode_us=27 native_us=1225 validate_us=197
BATCH stage=decode rows=8 tokens=8 us=1471 encode_us=30 native_us=1242 validate_us=199
BATCH stage=decode rows=8 tokens=8 us=1510 encode_us=27 native_us=1283 validate_us=198
BATCH stage=decode rows=8 tokens=8 us=1479 encode_us=31 native_us=1249 validate_us=198
BATCH stage=decode rows=8 tokens=8 us=1450 encode_us=28 native_us=1224 validate_us=196
BATCH stage=decode rows=8 tokens=8 us=1458 encode_us=24 native_us=1236 validate_us=197
BATCH stage=decode rows=8 tokens=8 us=1508 encode_us=27 native_us=1283 validate_us=197
BATCH stage=decode rows=8 tokens=8 us=1476 encode_us=25 native_us=1252 validate_us=198
BATCH stage=decode rows=8 tokens=8 us=1447 encode_us=23 native_us=1223 validate_us=199
BATCH stage=decode rows=8 tokens=8 us=1448 encode_us=27 native_us=1225 validate_us=195
BATCH stage=decode rows=8 tokens=8 us=1492 encode_us=24 native_us=1271 validate_us=196
BATCH stage=decode rows=8 tokens=8 us=1470 encode_us=25 native_us=1239 validate_us=205
BATCH stage=decode rows=8 tokens=8 us=1445 encode_us=27 native_us=1214 validate_us=202
BATCH stage=decode rows=8 tokens=8 us=1464 encode_us=26 native_us=1241 validate_us=196
BATCH stage=decode rows=8 tokens=8 us=1498 encode_us=27 native_us=1274 validate_us=197
BATCH stage=decode rows=8 tokens=8 us=1476 encode_us=27 native_us=1250 validate_us=197
BATCH stage=decode rows=8 tokens=8 us=1441 encode_us=28 native_us=1215 validate_us=197
BATCH stage=decode rows=8 tokens=8 us=1460 encode_us=25 native_us=1237 validate_us=197
BATCH stage=decode rows=8 tokens=8 us=1501 encode_us=24 native_us=1281 validate_us=194
BATCH stage=decode rows=8 tokens=8 us=1468 encode_us=27 native_us=1244 validate_us=196
BATCH stage=decode rows=8 tokens=8 us=1430 encode_us=25 native_us=1209 validate_us=195
BATCH stage=decode rows=8 tokens=8 us=1470 encode_us=24 native_us=1248 validate_us=198
BATCH stage=decode rows=8 tokens=8 us=1508 encode_us=26 native_us=1283 validate_us=198
BATCH stage=decode rows=8 tokens=8 us=1469 encode_us=25 native_us=1248 validate_us=195
BATCH stage=decode rows=8 tokens=8 us=1452 encode_us=27 native_us=1227 validate_us=197
BATCH stage=decode rows=8 tokens=8 us=1469 encode_us=25 native_us=1248 validate_us=194
BATCH stage=decode rows=8 tokens=8 us=1511 encode_us=30 native_us=1282 validate_us=198
BATCH stage=decode rows=8 tokens=8 us=1457 encode_us=27 native_us=1232 validate_us=197
BATCH stage=decode rows=8 tokens=8 us=1456 encode_us=25 native_us=1233 validate_us=197
BATCH stage=decode rows=8 tokens=8 us=1475 encode_us=28 native_us=1250 validate_us=196
BATCH stage=decode rows=8 tokens=8 us=1509 encode_us=24 native_us=1289 validate_us=195
BATCH stage=decode rows=8 tokens=8 us=1484 encode_us=32 native_us=1250 validate_us=200
BATCH stage=prefill rows=1 tokens=398 us=6715 encode_us=26 native_us=6637 validate_us=51
BATCH stage=decode rows=8 tokens=8 us=1450 encode_us=30 native_us=1218 validate_us=202
BATCH stage=decode rows=8 tokens=8 us=1462 encode_us=28 native_us=1235 validate_us=198
BATCH stage=decode rows=8 tokens=8 us=1519 encode_us=28 native_us=1290 validate_us=200
BATCH stage=decode rows=8 tokens=8 us=1479 encode_us=25 native_us=1257 validate_us=195
BATCH stage=prefill rows=1 tokens=16 us=2489 encode_us=19 native_us=2425 validate_us=44
BATCH stage=decode rows=8 tokens=8 us=1429 encode_us=25 native_us=1208 validate_us=195
BATCH stage=decode rows=8 tokens=8 us=1452 encode_us=23 native_us=1235 validate_us=193
BATCH stage=decode rows=8 tokens=8 us=1508 encode_us=29 native_us=1277 validate_us=200
BATCH stage=decode rows=8 tokens=8 us=1466 encode_us=24 native_us=1247 validate_us=194
BATCH stage=decode rows=8 tokens=8 us=1439 encode_us=23 native_us=1217 validate_us=198
BATCH stage=decode rows=8 tokens=8 us=1451 encode_us=25 native_us=1231 validate_us=194
BATCH stage=decode rows=8 tokens=8 us=1495 encode_us=25 native_us=1274 validate_us=195
BATCH stage=decode rows=8 tokens=8 us=1452 encode_us=22 native_us=1235 validate_us=194
BATCH stage=decode rows=8 tokens=8 us=1439 encode_us=26 native_us=1217 validate_us=195
BATCH stage=decode rows=8 tokens=8 us=1460 encode_us=24 native_us=1241 validate_us=194
BATCH stage=decode rows=8 tokens=8 us=1509 encode_us=25 native_us=1288 validate_us=195
BATCH stage=decode rows=8 tokens=8 us=1473 encode_us=25 native_us=1252 validate_us=195
BATCH stage=decode rows=8 tokens=8 us=1451 encode_us=26 native_us=1228 validate_us=197
BATCH stage=decode rows=8 tokens=8 us=1455 encode_us=24 native_us=1234 validate_us=196
BATCH stage=decode rows=8 tokens=8 us=1509 encode_us=27 native_us=1283 validate_us=198
BATCH stage=decode rows=8 tokens=8 us=1455 encode_us=24 native_us=1234 validate_us=196
BATCH stage=decode rows=8 tokens=8 us=1451 encode_us=26 native_us=1229 validate_us=195
BATCH stage=decode rows=8 tokens=8 us=1475 encode_us=27 native_us=1250 validate_us=197
BATCH stage=decode rows=8 tokens=8 us=1516 encode_us=27 native_us=1291 validate_us=197
BATCH stage=prefill rows=1 tokens=128 us=2984 encode_us=24 native_us=2910 validate_us=50
BATCH stage=decode rows=8 tokens=8 us=1475 encode_us=27 native_us=1252 validate_us=196
BATCH stage=decode rows=8 tokens=8 us=1453 encode_us=30 native_us=1224 validate_us=198
BATCH stage=decode rows=8 tokens=8 us=1527 encode_us=26 native_us=1301 validate_us=198
BATCH stage=decode rows=8 tokens=8 us=1494 encode_us=27 native_us=1269 validate_us=197
BATCH stage=decode rows=8 tokens=8 us=1465 encode_us=23 native_us=1247 validate_us=194
BATCH stage=decode rows=8 tokens=8 us=1441 encode_us=24 native_us=1219 validate_us=197
BATCH stage=decode rows=8 tokens=8 us=1504 encode_us=29 native_us=1275 validate_us=199
BATCH stage=decode rows=8 tokens=8 us=1494 encode_us=27 native_us=1267 validate_us=199
BATCH stage=decode rows=8 tokens=8 us=1455 encode_us=26 native_us=1234 validate_us=195
BATCH stage=decode rows=8 tokens=8 us=1450 encode_us=25 native_us=1228 validate_us=196
BATCH stage=decode rows=8 tokens=8 us=1516 encode_us=30 native_us=1285 validate_us=200
BATCH stage=decode rows=8 tokens=8 us=1498 encode_us=30 native_us=1269 validate_us=198
BATCH stage=decode rows=8 tokens=8 us=1466 encode_us=25 native_us=1247 validate_us=194
BATCH stage=decode rows=8 tokens=8 us=1438 encode_us=25 native_us=1218 validate_us=195
BATCH stage=decode rows=8 tokens=8 us=1511 encode_us=28 native_us=1280 validate_us=202
BATCH stage=decode rows=8 tokens=8 us=1503 encode_us=26 native_us=1278 validate_us=198
BATCH stage=decode rows=8 tokens=8 us=1457 encode_us=23 native_us=1239 validate_us=194
BATCH stage=decode rows=8 tokens=8 us=1463 encode_us=28 native_us=1236 validate_us=197
BATCH stage=decode rows=8 tokens=8 us=1509 encode_us=26 native_us=1286 validate_us=196
BATCH stage=decode rows=8 tokens=8 us=1519 encode_us=32 native_us=1284 validate_us=202
BATCH stage=prefill rows=1 tokens=398 us=6735 encode_us=24 native_us=6661 validate_us=49
BATCH stage=decode rows=8 tokens=8 us=1463 encode_us=26 native_us=1237 validate_us=198
BATCH stage=decode rows=8 tokens=8 us=1445 encode_us=26 native_us=1219 validate_us=198
BATCH stage=decode rows=8 tokens=8 us=1538 encode_us=30 native_us=1308 validate_us=200
BATCH stage=decode rows=8 tokens=8 us=1508 encode_us=26 native_us=1285 validate_us=196
BATCH stage=decode rows=8 tokens=8 us=1479 encode_us=26 native_us=1255 validate_us=198
BATCH stage=decode rows=8 tokens=8 us=1450 encode_us=29 native_us=1219 validate_us=200
BATCH stage=prefill rows=1 tokens=16 us=2489 encode_us=17 native_us=2426 validate_us=44
BATCH stage=decode rows=8 tokens=8 us=1524 encode_us=28 native_us=1296 validate_us=199
BATCH stage=decode rows=8 tokens=8 us=1509 encode_us=26 native_us=1283 validate_us=199
BATCH stage=decode rows=8 tokens=8 us=1494 encode_us=27 native_us=1270 validate_us=197
BATCH stage=decode rows=8 tokens=8 us=1428 encode_us=24 native_us=1209 validate_us=193
BATCH stage=decode rows=8 tokens=8 us=1494 encode_us=25 native_us=1267 validate_us=200
BATCH stage=decode rows=8 tokens=8 us=1496 encode_us=28 native_us=1268 validate_us=198
BATCH stage=decode rows=8 tokens=8 us=1490 encode_us=25 native_us=1267 validate_us=197
BATCH stage=decode rows=8 tokens=8 us=1427 encode_us=23 native_us=1208 validate_us=195
BATCH stage=decode rows=8 tokens=8 us=1506 encode_us=28 native_us=1280 validate_us=197
BATCH stage=decode rows=8 tokens=8 us=1492 encode_us=25 native_us=1270 validate_us=195
BATCH stage=decode rows=8 tokens=8 us=1507 encode_us=25 native_us=1282 validate_us=199
BATCH stage=decode rows=8 tokens=8 us=1578 encode_us=25 native_us=1229 validate_us=322
BATCH stage=decode rows=8 tokens=8 us=1566 encode_us=44 native_us=1304 validate_us=218
BATCH stage=prefill rows=1 tokens=128 us=2992 encode_us=25 native_us=2915 validate_us=51
BATCH stage=decode rows=8 tokens=8 us=1504 encode_us=32 native_us=1271 validate_us=200
BATCH stage=decode rows=8 tokens=8 us=1496 encode_us=28 native_us=1268 validate_us=199
BATCH stage=decode rows=8 tokens=8 us=1525 encode_us=25 native_us=1302 validate_us=196
BATCH stage=decode rows=8 tokens=8 us=1464 encode_us=28 native_us=1238 validate_us=197
BATCH stage=decode rows=8 tokens=8 us=1494 encode_us=27 native_us=1269 validate_us=197
BATCH stage=decode rows=8 tokens=8 us=1495 encode_us=24 native_us=1275 validate_us=194
BATCH stage=decode rows=8 tokens=8 us=1495 encode_us=27 native_us=1269 validate_us=197
BATCH stage=decode rows=8 tokens=8 us=1456 encode_us=25 native_us=1235 validate_us=195
BATCH stage=prefill rows=1 tokens=398 us=6703 encode_us=24 native_us=6627 validate_us=51
BATCH stage=decode rows=8 tokens=8 us=1512 encode_us=28 native_us=1284 validate_us=199
BATCH stage=prefill rows=1 tokens=16 us=2490 encode_us=16 native_us=2430 validate_us=43
BATCH stage=decode rows=8 tokens=8 us=1506 encode_us=27 native_us=1283 validate_us=195
BATCH stage=decode rows=8 tokens=8 us=1484 encode_us=27 native_us=1259 validate_us=197
BATCH stage=decode rows=8 tokens=8 us=1541 encode_us=26 native_us=1317 validate_us=196
BATCH stage=decode rows=8 tokens=8 us=1464 encode_us=24 native_us=1246 validate_us=193
BATCH stage=decode rows=8 tokens=8 us=1506 encode_us=27 native_us=1279 validate_us=198
BATCH stage=decode rows=8 tokens=8 us=1461 encode_us=24 native_us=1241 validate_us=195
BATCH stage=decode rows=8 tokens=8 us=1513 encode_us=28 native_us=1284 validate_us=199
BATCH stage=prefill rows=1 tokens=128 us=2987 encode_us=23 native_us=2915 validate_us=48
BATCH stage=decode rows=8 tokens=8 us=1458 encode_us=28 native_us=1233 validate_us=196
BATCH stage=decode rows=8 tokens=8 us=1515 encode_us=30 native_us=1283 validate_us=201
BATCH stage=decode rows=8 tokens=8 us=1543 encode_us=28 native_us=1317 validate_us=198
BATCH stage=prefill rows=1 tokens=398 us=6723 encode_us=25 native_us=6645 validate_us=52
BATCH stage=decode rows=8 tokens=8 us=1493 encode_us=30 native_us=1259 validate_us=202
BATCH stage=prefill rows=1 tokens=16 us=2496 encode_us=21 native_us=2427 validate_us=46
BATCH stage=decode rows=8 tokens=8 us=1469 encode_us=26 native_us=1244 validate_us=197
BATCH stage=decode rows=8 tokens=8 us=1517 encode_us=28 native_us=1288 validate_us=200
BATCH stage=decode rows=8 tokens=8 us=1486 encode_us=28 native_us=1260 validate_us=197
BATCH stage=decode rows=8 tokens=8 us=1443 encode_us=25 native_us=1222 validate_us=195
BATCH stage=decode rows=8 tokens=8 us=1477 encode_us=29 native_us=1247 validate_us=200
BATCH stage=prefill rows=1 tokens=128 us=2982 encode_us=24 native_us=2908 validate_us=50
BATCH stage=decode rows=8 tokens=8 us=1534 encode_us=34 native_us=1293 validate_us=206
BATCH stage=prefill rows=1 tokens=398 us=6719 encode_us=22 native_us=6647 validate_us=49
BATCH stage=decode rows=8 tokens=8 us=1494 encode_us=31 native_us=1261 validate_us=200
BATCH stage=decode rows=8 tokens=8 us=1486 encode_us=27 native_us=1259 validate_us=199
BATCH stage=decode rows=8 tokens=8 us=1539 encode_us=28 native_us=1309 validate_us=200
BATCH stage=decode rows=8 tokens=8 us=1499 encode_us=30 native_us=1269 validate_us=199
BATCH stage=decode rows=8 tokens=8 us=1485 encode_us=28 native_us=1255 validate_us=200
BATCH stage=decode rows=8 tokens=8 us=1469 encode_us=27 native_us=1244 validate_us=197
BATCH stage=decode rows=8 tokens=8 us=1498 encode_us=27 native_us=1273 validate_us=197
BATCH stage=decode rows=8 tokens=8 us=1495 encode_us=31 native_us=1264 validate_us=200
BATCH stage=prefill rows=1 tokens=16 us=2490 encode_us=19 native_us=2425 validate_us=45
BATCH stage=decode rows=8 tokens=8 us=1480 encode_us=29 native_us=1250 validate_us=199
BATCH stage=decode rows=8 tokens=8 us=1466 encode_us=27 native_us=1242 validate_us=196
BATCH stage=decode rows=8 tokens=8 us=1473 encode_us=23 native_us=1254 validate_us=194
BATCH stage=decode rows=8 tokens=8 us=1457 encode_us=26 native_us=1234 validate_us=195
BATCH stage=decode rows=8 tokens=8 us=1477 encode_us=25 native_us=1258 validate_us=193
BATCH stage=decode rows=8 tokens=8 us=1465 encode_us=23 native_us=1242 validate_us=198
BATCH stage=decode rows=8 tokens=8 us=1452 encode_us=24 native_us=1234 validate_us=194
BATCH stage=decode rows=8 tokens=8 us=1479 encode_us=23 native_us=1259 validate_us=195
BATCH stage=decode rows=8 tokens=8 us=1476 encode_us=26 native_us=1253 validate_us=196
BATCH stage=decode rows=8 tokens=8 us=1465 encode_us=24 native_us=1245 validate_us=194
BATCH stage=decode rows=8 tokens=8 us=1486 encode_us=23 native_us=1265 validate_us=198
BATCH stage=decode rows=8 tokens=8 us=1459 encode_us=26 native_us=1237 validate_us=196
BATCH stage=decode rows=8 tokens=8 us=1469 encode_us=27 native_us=1245 validate_us=197
BATCH stage=decode rows=8 tokens=8 us=1470 encode_us=25 native_us=1249 validate_us=196
BATCH stage=decode rows=8 tokens=8 us=1496 encode_us=22 native_us=1282 validate_us=192
BATCH stage=decode rows=8 tokens=8 us=1476 encode_us=27 native_us=1251 validate_us=197
BATCH stage=decode rows=8 tokens=8 us=1477 encode_us=25 native_us=1257 validate_us=194
BATCH stage=decode rows=8 tokens=8 us=1469 encode_us=23 native_us=1250 validate_us=195
BATCH stage=decode rows=8 tokens=8 us=1505 encode_us=25 native_us=1284 validate_us=195
BATCH stage=decode rows=8 tokens=8 us=1475 encode_us=24 native_us=1255 validate_us=195
BATCH stage=decode rows=8 tokens=8 us=1483 encode_us=27 native_us=1257 validate_us=197
BATCH stage=decode rows=8 tokens=8 us=1465 encode_us=25 native_us=1245 validate_us=194
BATCH stage=decode rows=8 tokens=8 us=1505 encode_us=22 native_us=1285 validate_us=196
BATCH stage=decode rows=8 tokens=8 us=1472 encode_us=26 native_us=1251 validate_us=195
BATCH stage=decode rows=8 tokens=8 us=1479 encode_us=26 native_us=1257 validate_us=195
BATCH stage=decode rows=8 tokens=8 us=1482 encode_us=26 native_us=1241 validate_us=214
BATCH stage=decode rows=8 tokens=8 us=1520 encode_us=29 native_us=1292 validate_us=199
BATCH stage=decode rows=8 tokens=8 us=1498 encode_us=39 native_us=1257 validate_us=200
BATCH stage=decode rows=8 tokens=8 us=1487 encode_us=27 native_us=1258 validate_us=200
BATCH stage=decode rows=8 tokens=8 us=1465 encode_us=25 native_us=1243 validate_us=196
BATCH stage=decode rows=8 tokens=8 us=1507 encode_us=26 native_us=1286 validate_us=195
BATCH stage=decode rows=8 tokens=8 us=1490 encode_us=34 native_us=1259 validate_us=196
BATCH stage=decode rows=8 tokens=8 us=1485 encode_us=29 native_us=1259 validate_us=197
BATCH stage=prefill rows=1 tokens=128 us=2992 encode_us=24 native_us=2918 validate_us=49
BATCH stage=decode rows=8 tokens=8 us=1475 encode_us=28 native_us=1248 validate_us=198
BATCH stage=decode rows=8 tokens=8 us=1499 encode_us=24 native_us=1280 validate_us=194
BATCH stage=decode rows=8 tokens=8 us=1500 encode_us=29 native_us=1268 validate_us=201
BATCH stage=decode rows=8 tokens=8 us=1454 encode_us=26 native_us=1231 validate_us=196
BATCH stage=decode rows=8 tokens=8 us=1468 encode_us=25 native_us=1246 validate_us=197
BATCH stage=decode rows=8 tokens=8 us=1503 encode_us=23 native_us=1282 validate_us=197
BATCH stage=decode rows=8 tokens=8 us=1489 encode_us=29 native_us=1260 validate_us=199
BATCH stage=decode rows=8 tokens=8 us=1454 encode_us=24 native_us=1235 validate_us=194
BATCH stage=decode rows=8 tokens=8 us=1477 encode_us=27 native_us=1251 validate_us=198
BATCH stage=decode rows=8 tokens=8 us=1502 encode_us=24 native_us=1281 validate_us=196
BATCH stage=decode rows=8 tokens=8 us=1523 encode_us=41 native_us=1278 validate_us=203
BATCH stage=prefill rows=1 tokens=398 us=6709 encode_us=25 native_us=6634 validate_us=50
BATCH stage=decode rows=8 tokens=8 us=1459 encode_us=27 native_us=1233 validate_us=198
BATCH stage=decode rows=8 tokens=8 us=1473 encode_us=27 native_us=1248 validate_us=198
BATCH stage=decode rows=8 tokens=8 us=1540 encode_us=26 native_us=1312 validate_us=200
BATCH stage=decode rows=8 tokens=8 us=1504 encode_us=31 native_us=1265 validate_us=207
BATCH stage=decode rows=8 tokens=8 us=1478 encode_us=29 native_us=1250 validate_us=198
BATCH stage=decode rows=8 tokens=8 us=1474 encode_us=29 native_us=1245 validate_us=200
BATCH stage=decode rows=8 tokens=8 us=1517 encode_us=27 native_us=1289 validate_us=199
BATCH stage=decode rows=8 tokens=8 us=1545 encode_us=55 native_us=1271 validate_us=217
BATCH stage=decode rows=8 tokens=8 us=1485 encode_us=31 native_us=1253 validate_us=200
BATCH stage=decode rows=8 tokens=8 us=1483 encode_us=30 native_us=1244 validate_us=209
BATCH stage=decode rows=8 tokens=8 us=1516 encode_us=27 native_us=1289 validate_us=199
BATCH stage=decode rows=8 tokens=8 us=1496 encode_us=34 native_us=1261 validate_us=200
BATCH stage=decode rows=8 tokens=8 us=1480 encode_us=28 native_us=1250 validate_us=201
BATCH stage=decode rows=8 tokens=8 us=1474 encode_us=28 native_us=1246 validate_us=199
BATCH stage=decode rows=8 tokens=8 us=1516 encode_us=33 native_us=1281 validate_us=201
BATCH stage=decode rows=8 tokens=8 us=1511 encode_us=32 native_us=1272 validate_us=205
BATCH stage=prefill rows=1 tokens=16 us=2492 encode_us=19 native_us=2426 validate_us=46
BATCH stage=decode rows=8 tokens=8 us=1469 encode_us=28 native_us=1243 validate_us=197
BATCH stage=decode rows=8 tokens=8 us=1471 encode_us=26 native_us=1248 validate_us=196
BATCH stage=decode rows=8 tokens=8 us=1531 encode_us=26 native_us=1304 validate_us=200
BATCH stage=decode rows=8 tokens=8 us=1475 encode_us=27 native_us=1250 validate_us=197
BATCH stage=decode rows=8 tokens=8 us=1491 encode_us=26 native_us=1251 validate_us=213
BATCH stage=decode rows=8 tokens=8 us=1483 encode_us=32 native_us=1245 validate_us=204
BATCH stage=decode rows=8 tokens=8 us=1528 encode_us=30 native_us=1291 validate_us=206
BATCH stage=decode rows=8 tokens=8 us=1488 encode_us=33 native_us=1254 validate_us=200
BATCH stage=decode rows=8 tokens=8 us=1474 encode_us=25 native_us=1253 validate_us=195
BATCH stage=decode rows=8 tokens=8 us=1494 encode_us=26 native_us=1267 validate_us=200
BATCH stage=decode rows=8 tokens=8 us=1517 encode_us=29 native_us=1290 validate_us=197
BATCH stage=decode rows=8 tokens=8 us=1482 encode_us=26 native_us=1256 validate_us=199
BATCH stage=decode rows=8 tokens=8 us=1475 encode_us=26 native_us=1251 validate_us=197
BATCH stage=decode rows=8 tokens=8 us=1502 encode_us=25 native_us=1280 validate_us=196
BATCH stage=decode rows=8 tokens=8 us=1519 encode_us=27 native_us=1290 validate_us=201
BATCH stage=decode rows=8 tokens=8 us=1523 encode_us=52 native_us=1255 validate_us=216
BATCH stage=decode rows=8 tokens=8 us=1485 encode_us=29 native_us=1255 validate_us=199
BATCH stage=decode rows=8 tokens=8 us=1521 encode_us=28 native_us=1285 validate_us=208
BATCH stage=prefill rows=1 tokens=128 us=3001 encode_us=25 native_us=2916 validate_us=59
BATCH stage=decode rows=8 tokens=8 us=1536 encode_us=31 native_us=1302 validate_us=202
BATCH stage=decode rows=8 tokens=8 us=1520 encode_us=41 native_us=1278 validate_us=200
BATCH stage=decode rows=8 tokens=8 us=1556 encode_us=31 native_us=1324 validate_us=200
BATCH stage=decode rows=8 tokens=8 us=1450 encode_us=26 native_us=1226 validate_us=196
BATCH stage=decode rows=8 tokens=8 us=1516 encode_us=26 native_us=1290 validate_us=199
BATCH stage=decode rows=8 tokens=8 us=1521 encode_us=28 native_us=1292 validate_us=200
BATCH stage=decode rows=8 tokens=8 us=1518 encode_us=27 native_us=1293 validate_us=197
BATCH stage=decode rows=8 tokens=8 us=1454 encode_us=24 native_us=1229 validate_us=200
BATCH stage=decode rows=8 tokens=8 us=1513 encode_us=28 native_us=1287 validate_us=197
BATCH stage=decode rows=8 tokens=8 us=1519 encode_us=36 native_us=1282 validate_us=200
BATCH stage=prefill rows=1 tokens=398 us=6747 encode_us=26 native_us=6668 validate_us=53
BATCH stage=decode rows=8 tokens=8 us=1528 encode_us=32 native_us=1291 validate_us=204
BATCH stage=decode rows=8 tokens=8 us=1459 encode_us=29 native_us=1229 validate_us=200
BATCH stage=decode rows=8 tokens=8 us=1551 encode_us=29 native_us=1319 validate_us=201
BATCH stage=decode rows=8 tokens=8 us=1486 encode_us=29 native_us=1258 validate_us=198
BATCH stage=prefill rows=1 tokens=16 us=2490 encode_us=19 native_us=2426 validate_us=44
BATCH stage=decode rows=8 tokens=8 us=1515 encode_us=27 native_us=1290 validate_us=196
BATCH stage=decode rows=8 tokens=8 us=1438 encode_us=23 native_us=1214 validate_us=199
BATCH stage=decode rows=8 tokens=8 us=1515 encode_us=29 native_us=1286 validate_us=200
BATCH stage=decode rows=8 tokens=8 us=1442 encode_us=25 native_us=1223 validate_us=194
BATCH stage=decode rows=8 tokens=8 us=1514 encode_us=28 native_us=1287 validate_us=198
BATCH stage=decode rows=8 tokens=8 us=1447 encode_us=25 native_us=1228 validate_us=194
BATCH stage=decode rows=8 tokens=8 us=1505 encode_us=26 native_us=1277 validate_us=202
BATCH stage=decode rows=8 tokens=8 us=1445 encode_us=33 native_us=1213 validate_us=198
BATCH stage=prefill rows=1 tokens=128 us=2983 encode_us=25 native_us=2907 validate_us=51
BATCH stage=decode rows=8 tokens=8 us=1508 encode_us=32 native_us=1276 validate_us=199
BATCH stage=decode rows=8 tokens=8 us=1443 encode_us=26 native_us=1220 validate_us=196
BATCH stage=decode rows=8 tokens=8 us=1511 encode_us=30 native_us=1282 validate_us=198
BATCH stage=decode rows=8 tokens=8 us=1442 encode_us=28 native_us=1207 validate_us=206
BATCH stage=prefill rows=1 tokens=398 us=6730 encode_us=27 native_us=6649 validate_us=54
BATCH stage=decode rows=8 tokens=8 us=1510 encode_us=31 native_us=1277 validate_us=200
BATCH stage=decode rows=8 tokens=8 us=1454 encode_us=27 native_us=1227 validate_us=199
BATCH stage=decode rows=8 tokens=8 us=1515 encode_us=30 native_us=1283 validate_us=201
BATCH stage=decode rows=8 tokens=8 us=1464 encode_us=33 native_us=1219 validate_us=211
BATCH stage=prefill rows=1 tokens=16 us=2500 encode_us=21 native_us=2431 validate_us=47
BATCH stage=decode rows=8 tokens=8 us=1509 encode_us=27 native_us=1282 validate_us=199
BATCH stage=decode rows=8 tokens=8 us=1443 encode_us=25 native_us=1222 validate_us=195
BATCH stage=decode rows=8 tokens=8 us=1510 encode_us=32 native_us=1275 validate_us=202
BATCH stage=prefill rows=1 tokens=128 us=2987 encode_us=24 native_us=2911 validate_us=50
BATCH stage=decode rows=8 tokens=8 us=1424 encode_us=26 native_us=1201 validate_us=197
BATCH stage=decode rows=8 tokens=8 us=1501 encode_us=28 native_us=1275 validate_us=197
BATCH stage=decode rows=8 tokens=8 us=1532 encode_us=29 native_us=1302 validate_us=199
BATCH stage=prefill rows=1 tokens=398 us=6696 encode_us=26 native_us=6616 validate_us=52
BATCH stage=decode rows=8 tokens=8 us=1483 encode_us=31 native_us=1252 validate_us=200
BATCH stage=decode rows=8 tokens=8 us=1427 encode_us=32 native_us=1199 validate_us=195
BATCH stage=decode rows=8 tokens=8 us=1540 encode_us=29 native_us=1311 validate_us=199
BATCH stage=decode rows=8 tokens=8 us=1464 encode_us=30 native_us=1235 validate_us=198
BATCH stage=prefill rows=1 tokens=16 us=2472 encode_us=17 native_us=2412 validate_us=42
BATCH stage=decode rows=8 tokens=8 us=1455 encode_us=26 native_us=1233 validate_us=195
BATCH stage=decode rows=8 tokens=8 us=1430 encode_us=25 native_us=1208 validate_us=196
BATCH stage=decode rows=8 tokens=8 us=1510 encode_us=31 native_us=1277 validate_us=201
BATCH stage=decode rows=8 tokens=8 us=1447 encode_us=29 native_us=1219 validate_us=199
BATCH stage=prefill rows=1 tokens=128 us=2970 encode_us=23 native_us=2897 validate_us=49
BATCH stage=decode rows=8 tokens=8 us=1480 encode_us=31 native_us=1246 validate_us=201
BATCH stage=decode rows=8 tokens=8 us=1439 encode_us=33 native_us=1211 validate_us=195
BATCH stage=decode rows=8 tokens=8 us=1525 encode_us=34 native_us=1288 validate_us=202
BATCH stage=prefill rows=1 tokens=398 us=6695 encode_us=25 native_us=6619 validate_us=50
BATCH stage=decode rows=8 tokens=8 us=1446 encode_us=25 native_us=1224 validate_us=195
BATCH stage=prefill rows=1 tokens=16 us=2485 encode_us=16 native_us=2426 validate_us=43
BATCH stage=decode rows=8 tokens=8 us=1455 encode_us=25 native_us=1234 validate_us=195
BATCH stage=decode rows=8 tokens=8 us=1475 encode_us=24 native_us=1243 validate_us=206
BATCH stage=decode rows=8 tokens=8 us=1489 encode_us=34 native_us=1251 validate_us=203
BATCH stage=decode rows=8 tokens=8 us=1418 encode_us=25 native_us=1195 validate_us=197
BATCH stage=decode rows=8 tokens=8 us=1470 encode_us=30 native_us=1242 validate_us=198
BATCH stage=decode rows=8 tokens=8 us=1460 encode_us=25 native_us=1238 validate_us=195
BATCH stage=decode rows=8 tokens=8 us=1480 encode_us=27 native_us=1254 validate_us=198
BATCH stage=decode rows=8 tokens=8 us=1418 encode_us=25 native_us=1197 validate_us=195
BATCH stage=decode rows=8 tokens=8 us=1467 encode_us=26 native_us=1242 validate_us=198
BATCH stage=decode rows=8 tokens=8 us=1452 encode_us=22 native_us=1237 validate_us=191
BATCH stage=decode rows=8 tokens=8 us=1492 encode_us=30 native_us=1262 validate_us=199
BATCH stage=decode rows=8 tokens=8 us=1417 encode_us=21 native_us=1203 validate_us=192
BATCH stage=decode rows=8 tokens=8 us=1459 encode_us=25 native_us=1238 validate_us=195
BATCH stage=decode rows=8 tokens=8 us=1468 encode_us=30 native_us=1240 validate_us=197
BATCH stage=decode rows=8 tokens=8 us=1491 encode_us=29 native_us=1262 validate_us=198
BATCH stage=decode rows=8 tokens=8 us=1423 encode_us=23 native_us=1205 validate_us=194
BATCH stage=decode rows=8 tokens=8 us=1470 encode_us=27 native_us=1247 validate_us=196
BATCH stage=decode rows=8 tokens=8 us=1493 encode_us=45 native_us=1235 validate_us=212
BATCH stage=decode rows=8 tokens=8 us=1506 encode_us=34 native_us=1267 validate_us=204
BATCH stage=decode rows=8 tokens=8 us=1424 encode_us=23 native_us=1206 validate_us=194
BATCH stage=decode rows=8 tokens=8 us=1469 encode_us=28 native_us=1242 validate_us=198
BATCH stage=decode rows=8 tokens=8 us=1472 encode_us=27 native_us=1249 validate_us=195
BATCH stage=decode rows=8 tokens=8 us=1489 encode_us=27 native_us=1260 validate_us=200
BATCH stage=decode rows=8 tokens=8 us=1418 encode_us=23 native_us=1200 validate_us=195
BATCH stage=decode rows=8 tokens=8 us=1454 encode_us=25 native_us=1233 validate_us=194
BATCH stage=decode rows=8 tokens=8 us=1457 encode_us=22 native_us=1233 validate_us=202
BATCH stage=decode rows=8 tokens=8 us=1485 encode_us=31 native_us=1253 validate_us=200
BATCH stage=decode rows=8 tokens=8 us=1410 encode_us=22 native_us=1194 validate_us=193
BATCH stage=decode rows=8 tokens=8 us=1478 encode_us=26 native_us=1252 validate_us=199
BATCH stage=decode rows=8 tokens=8 us=1473 encode_us=33 native_us=1245 validate_us=194
BATCH stage=decode rows=8 tokens=8 us=1505 encode_us=29 native_us=1276 validate_us=199
BATCH stage=decode rows=8 tokens=8 us=1426 encode_us=21 native_us=1208 validate_us=195
BATCH stage=decode rows=8 tokens=8 us=1497 encode_us=27 native_us=1273 validate_us=196
BATCH stage=decode rows=8 tokens=8 us=1456 encode_us=26 native_us=1236 validate_us=193
BATCH stage=decode rows=8 tokens=8 us=1494 encode_us=29 native_us=1264 validate_us=200
BATCH stage=decode rows=8 tokens=8 us=1434 encode_us=22 native_us=1205 validate_us=206
BATCH stage=decode rows=8 tokens=8 us=1514 encode_us=26 native_us=1286 validate_us=201
BATCH stage=decode rows=8 tokens=8 us=1486 encode_us=32 native_us=1250 validate_us=203
BATCH stage=decode rows=8 tokens=8 us=1496 encode_us=35 native_us=1254 validate_us=206
BATCH stage=decode rows=8 tokens=8 us=1412 encode_us=24 native_us=1194 validate_us=193
BATCH stage=decode rows=8 tokens=8 us=1494 encode_us=26 native_us=1268 validate_us=198
BATCH stage=decode rows=8 tokens=8 us=1453 encode_us=24 native_us=1234 validate_us=194
BATCH stage=decode rows=8 tokens=8 us=1498 encode_us=34 native_us=1263 validate_us=201
BATCH stage=decode rows=8 tokens=8 us=1418 encode_us=23 native_us=1200 validate_us=195
BATCH stage=decode rows=8 tokens=8 us=1492 encode_us=26 native_us=1268 validate_us=196
BATCH stage=decode rows=8 tokens=8 us=1454 encode_us=25 native_us=1233 validate_us=195
BATCH stage=decode rows=8 tokens=8 us=1478 encode_us=28 native_us=1250 validate_us=199
BATCH stage=decode rows=8 tokens=8 us=1424 encode_us=25 native_us=1204 validate_us=194
BATCH stage=decode rows=8 tokens=8 us=1498 encode_us=26 native_us=1273 validate_us=198
BATCH stage=decode rows=8 tokens=8 us=1472 encode_us=25 native_us=1251 validate_us=195
BATCH stage=decode rows=8 tokens=8 us=1485 encode_us=32 native_us=1251 validate_us=200
BATCH stage=decode rows=8 tokens=8 us=1428 encode_us=24 native_us=1210 validate_us=194
BATCH stage=decode rows=8 tokens=8 us=1503 encode_us=28 native_us=1272 validate_us=202
BATCH stage=decode rows=8 tokens=8 us=1493 encode_us=28 native_us=1265 validate_us=198
BATCH stage=prefill rows=1 tokens=128 us=2982 encode_us=25 native_us=2906 validate_us=51
BATCH stage=decode rows=8 tokens=8 us=1499 encode_us=32 native_us=1265 validate_us=201
BATCH stage=decode rows=8 tokens=8 us=1430 encode_us=23 native_us=1213 validate_us=193
BATCH stage=decode rows=8 tokens=8 us=1543 encode_us=31 native_us=1311 validate_us=200
BATCH stage=decode rows=8 tokens=8 us=1423 encode_us=24 native_us=1206 validate_us=192
BATCH stage=decode rows=8 tokens=8 us=1492 encode_us=32 native_us=1254 validate_us=205
BATCH stage=prefill rows=1 tokens=398 us=6704 encode_us=26 native_us=6627 validate_us=51
BATCH stage=decode rows=8 tokens=8 us=1450 encode_us=27 native_us=1223 validate_us=198
BATCH stage=decode rows=8 tokens=8 us=1538 encode_us=33 native_us=1302 validate_us=203
BATCH stage=decode rows=8 tokens=8 us=1468 encode_us=27 native_us=1240 validate_us=200
BATCH stage=decode rows=8 tokens=8 us=1509 encode_us=35 native_us=1267 validate_us=206
BATCH stage=decode rows=8 tokens=8 us=1440 encode_us=27 native_us=1217 validate_us=196
BATCH stage=decode rows=8 tokens=8 us=1527 encode_us=32 native_us=1288 validate_us=206
BATCH stage=decode rows=8 tokens=8 us=1484 encode_us=28 native_us=1255 validate_us=199
BATCH stage=decode rows=8 tokens=8 us=1490 encode_us=33 native_us=1253 validate_us=203
BATCH stage=decode rows=8 tokens=8 us=1443 encode_us=28 native_us=1213 validate_us=202
BATCH stage=decode rows=8 tokens=8 us=1533 encode_us=32 native_us=1298 validate_us=201
BATCH stage=decode rows=8 tokens=8 us=1496 encode_us=29 native_us=1270 validate_us=197
BATCH stage=decode rows=8 tokens=8 us=1494 encode_us=31 native_us=1253 validate_us=209
BATCH stage=decode rows=8 tokens=8 us=1439 encode_us=27 native_us=1214 validate_us=197
BATCH stage=decode rows=8 tokens=8 us=1513 encode_us=30 native_us=1281 validate_us=201
BATCH stage=decode rows=8 tokens=8 us=1499 encode_us=26 native_us=1271 validate_us=200
BATCH stage=decode rows=8 tokens=8 us=1491 encode_us=33 native_us=1254 validate_us=203
BATCH stage=decode rows=8 tokens=8 us=1426 encode_us=25 native_us=1204 validate_us=197
BATCH stage=decode rows=8 tokens=8 us=1515 encode_us=33 native_us=1277 validate_us=204
BATCH stage=decode rows=8 tokens=8 us=1511 encode_us=29 native_us=1282 validate_us=199
BATCH stage=prefill rows=1 tokens=16 us=2495 encode_us=19 native_us=2428 validate_us=46
BATCH stage=decode rows=8 tokens=8 us=1484 encode_us=32 native_us=1250 validate_us=201
BATCH stage=decode rows=8 tokens=8 us=1434 encode_us=23 native_us=1218 validate_us=193
BATCH stage=decode rows=8 tokens=8 us=1545 encode_us=29 native_us=1314 validate_us=202
BATCH stage=decode rows=8 tokens=8 us=1427 encode_us=25 native_us=1206 validate_us=194
BATCH stage=decode rows=8 tokens=8 us=1493 encode_us=29 native_us=1262 validate_us=201
BATCH stage=decode rows=8 tokens=8 us=1436 encode_us=26 native_us=1215 validate_us=195
BATCH stage=decode rows=8 tokens=8 us=1528 encode_us=30 native_us=1298 validate_us=199
BATCH stage=decode rows=8 tokens=8 us=1416 encode_us=22 native_us=1201 validate_us=192
BATCH stage=decode rows=8 tokens=8 us=1484 encode_us=31 native_us=1251 validate_us=201
BATCH stage=decode rows=8 tokens=8 us=1435 encode_us=23 native_us=1214 validate_us=197
BATCH stage=decode rows=8 tokens=8 us=1544 encode_us=29 native_us=1297 validate_us=218
BATCH stage=decode rows=8 tokens=8 us=1445 encode_us=29 native_us=1215 validate_us=199
BATCH stage=decode rows=8 tokens=8 us=1512 encode_us=43 native_us=1258 validate_us=209
BATCH stage=prefill rows=1 tokens=128 us=2980 encode_us=25 native_us=2902 validate_us=52
BATCH stage=decode rows=8 tokens=8 us=1445 encode_us=28 native_us=1209 validate_us=206
BATCH stage=decode rows=8 tokens=8 us=1536 encode_us=31 native_us=1303 validate_us=201
BATCH stage=prefill rows=1 tokens=398 us=6704 encode_us=27 native_us=6624 validate_us=53
BATCH stage=decode rows=8 tokens=8 us=1478 encode_us=30 native_us=1245 validate_us=202
BATCH stage=decode rows=8 tokens=8 us=1491 encode_us=35 native_us=1246 validate_us=209
BATCH stage=decode rows=8 tokens=8 us=1521 encode_us=28 native_us=1295 validate_us=197
BATCH stage=decode rows=8 tokens=8 us=1530 encode_us=31 native_us=1298 validate_us=200
BATCH stage=prefill rows=1 tokens=16 us=2489 encode_us=19 native_us=2425 validate_us=44
BATCH stage=decode rows=8 tokens=8 us=1444 encode_us=25 native_us=1225 validate_us=194
BATCH stage=decode rows=8 tokens=8 us=1496 encode_us=27 native_us=1238 validate_us=230
BATCH stage=decode rows=8 tokens=8 us=1532 encode_us=29 native_us=1302 validate_us=200
BATCH stage=decode rows=8 tokens=8 us=1506 encode_us=28 native_us=1278 validate_us=199
BATCH stage=decode rows=8 tokens=8 us=1475 encode_us=26 native_us=1231 validate_us=218
BATCH stage=decode rows=8 tokens=8 us=1482 encode_us=31 native_us=1245 validate_us=205
BATCH stage=decode rows=8 tokens=8 us=1506 encode_us=28 native_us=1276 validate_us=200
BATCH stage=decode rows=8 tokens=8 us=1529 encode_us=26 native_us=1277 validate_us=225
BATCH stage=decode rows=8 tokens=8 us=1467 encode_us=28 native_us=1238 validate_us=200
BATCH stage=decode rows=8 tokens=8 us=1494 encode_us=33 native_us=1249 validate_us=211
BATCH stage=prefill rows=1 tokens=128 us=2991 encode_us=24 native_us=2916 validate_us=50
BATCH stage=decode rows=8 tokens=8 us=1500 encode_us=28 native_us=1270 validate_us=200
BATCH stage=decode rows=8 tokens=8 us=1520 encode_us=30 native_us=1287 validate_us=202
BATCH stage=prefill rows=1 tokens=398 us=6704 encode_us=25 native_us=6625 validate_us=52
BATCH stage=decode rows=8 tokens=8 us=1496 encode_us=30 native_us=1266 validate_us=199
BATCH stage=decode rows=8 tokens=8 us=1481 encode_us=28 native_us=1247 validate_us=205
BATCH stage=decode rows=8 tokens=8 us=1535 encode_us=26 native_us=1304 validate_us=203
BATCH stage=decode rows=8 tokens=8 us=1955 encode_us=29 native_us=1695 validate_us=229
BATCH stage=prefill rows=1 tokens=16 us=2534 encode_us=17 native_us=2441 validate_us=75
BATCH stage=decode rows=8 tokens=8 us=1503 encode_us=44 native_us=1252 validate_us=207
BATCH stage=decode rows=8 tokens=8 us=1465 encode_us=29 native_us=1235 validate_us=200
BATCH stage=decode rows=8 tokens=8 us=1494 encode_us=27 native_us=1270 validate_us=196
BATCH stage=decode rows=8 tokens=8 us=1450 encode_us=27 native_us=1220 validate_us=201
BATCH stage=prefill rows=1 tokens=128 us=2981 encode_us=25 native_us=2904 validate_us=52
BATCH stage=decode rows=8 tokens=8 us=1495 encode_us=34 native_us=1257 validate_us=203
BATCH stage=prefill rows=1 tokens=398 us=6725 encode_us=24 native_us=6639 validate_us=61
BATCH stage=decode rows=8 tokens=8 us=1489 encode_us=30 native_us=1257 validate_us=200
BATCH stage=decode rows=8 tokens=8 us=1505 encode_us=28 native_us=1276 validate_us=201
BATCH stage=decode rows=8 tokens=8 us=1480 encode_us=25 native_us=1249 validate_us=205
BATCH stage=decode rows=8 tokens=8 us=1477 encode_us=31 native_us=1244 validate_us=202
BATCH stage=decode rows=8 tokens=8 us=1486 encode_us=31 native_us=1246 validate_us=208
BATCH stage=decode rows=8 tokens=8 us=1505 encode_us=29 native_us=1275 validate_us=199
BATCH stage=decode rows=8 tokens=8 us=1467 encode_us=31 native_us=1231 validate_us=204
BATCH stage=prefill rows=1 tokens=16 us=2650 encode_us=23 native_us=2559 validate_us=67
BATCH stage=decode rows=8 tokens=8 us=1485 encode_us=31 native_us=1238 validate_us=215
BATCH stage=prefill rows=1 tokens=128 us=2981 encode_us=28 native_us=2901 validate_us=50
BATCH stage=decode rows=8 tokens=8 us=1477 encode_us=32 native_us=1237 validate_us=207
BATCH stage=decode rows=8 tokens=8 us=1492 encode_us=33 native_us=1255 validate_us=203
BATCH stage=decode rows=8 tokens=8 us=1462 encode_us=27 native_us=1240 validate_us=195
BATCH stage=decode rows=8 tokens=8 us=1444 encode_us=26 native_us=1220 validate_us=196
BATCH stage=decode rows=8 tokens=8 us=1467 encode_us=29 native_us=1238 validate_us=199
BATCH stage=decode rows=8 tokens=8 us=1487 encode_us=32 native_us=1245 validate_us=208
BATCH stage=decode rows=8 tokens=8 us=1454 encode_us=25 native_us=1230 validate_us=198
BATCH stage=decode rows=8 tokens=8 us=1445 encode_us=25 native_us=1219 validate_us=200
BATCH stage=decode rows=8 tokens=8 us=1471 encode_us=29 native_us=1245 validate_us=197
BATCH stage=decode rows=8 tokens=8 us=1470 encode_us=28 native_us=1243 validate_us=198
BATCH stage=decode rows=8 tokens=8 us=1451 encode_us=22 native_us=1227 validate_us=201
BATCH stage=decode rows=8 tokens=8 us=1446 encode_us=26 native_us=1220 validate_us=199
BATCH stage=decode rows=8 tokens=8 us=1472 encode_us=27 native_us=1237 validate_us=207
BATCH stage=decode rows=8 tokens=8 us=1517 encode_us=32 native_us=1266 validate_us=218
BATCH stage=decode rows=8 tokens=8 us=1443 encode_us=24 native_us=1224 validate_us=194
BATCH stage=decode rows=8 tokens=8 us=1457 encode_us=24 native_us=1216 validate_us=216
BATCH stage=decode rows=8 tokens=8 us=1468 encode_us=29 native_us=1239 validate_us=199
BATCH stage=decode rows=8 tokens=8 us=1509 encode_us=28 native_us=1278 validate_us=202
BATCH stage=decode rows=8 tokens=8 us=1446 encode_us=23 native_us=1230 validate_us=193
BATCH stage=decode rows=8 tokens=8 us=1452 encode_us=24 native_us=1222 validate_us=204
BATCH stage=decode rows=8 tokens=8 us=1470 encode_us=30 native_us=1237 validate_us=203
BATCH stage=decode rows=8 tokens=8 us=1508 encode_us=31 native_us=1276 validate_us=200
BATCH stage=decode rows=8 tokens=8 us=1453 encode_us=27 native_us=1229 validate_us=196
BATCH stage=decode rows=8 tokens=8 us=1444 encode_us=25 native_us=1221 validate_us=197
BATCH stage=decode rows=8 tokens=8 us=1469 encode_us=26 native_us=1247 validate_us=196
BATCH stage=decode rows=8 tokens=8 us=1524 encode_us=32 native_us=1289 validate_us=202
BATCH stage=decode rows=8 tokens=8 us=1447 encode_us=24 native_us=1228 validate_us=195
BATCH stage=decode rows=8 tokens=8 us=1440 encode_us=24 native_us=1221 validate_us=194
BATCH stage=decode rows=8 tokens=8 us=1463 encode_us=28 native_us=1234 validate_us=200
BATCH stage=decode rows=8 tokens=8 us=1509 encode_us=28 native_us=1282 validate_us=198
BATCH stage=decode rows=8 tokens=8 us=1462 encode_us=23 native_us=1241 validate_us=198
BATCH stage=decode rows=8 tokens=8 us=1456 encode_us=27 native_us=1233 validate_us=195
BATCH stage=decode rows=8 tokens=8 us=1475 encode_us=31 native_us=1241 validate_us=202
BATCH stage=decode rows=8 tokens=8 us=1527 encode_us=35 native_us=1282 validate_us=209
BATCH stage=prefill rows=1 tokens=398 us=6744 encode_us=28 native_us=6659 validate_us=56
BATCH stage=decode rows=8 tokens=8 us=1459 encode_us=27 native_us=1234 validate_us=197
BATCH stage=decode rows=8 tokens=8 us=1455 encode_us=27 native_us=1228 validate_us=198
BATCH stage=decode rows=8 tokens=8 us=1558 encode_us=34 native_us=1320 validate_us=203
BATCH stage=decode rows=8 tokens=8 us=1479 encode_us=31 native_us=1247 validate_us=200
BATCH stage=decode rows=8 tokens=8 us=1448 encode_us=26 native_us=1226 validate_us=196
BATCH stage=decode rows=8 tokens=8 us=1447 encode_us=29 native_us=1219 validate_us=198
BATCH stage=decode rows=8 tokens=8 us=1505 encode_us=29 native_us=1276 validate_us=199
BATCH stage=decode rows=8 tokens=8 us=1483 encode_us=29 native_us=1251 validate_us=203
BATCH stage=decode rows=8 tokens=8 us=1477 encode_us=28 native_us=1252 validate_us=197
BATCH stage=decode rows=8 tokens=8 us=1446 encode_us=28 native_us=1220 validate_us=198
BATCH stage=decode rows=8 tokens=8 us=1515 encode_us=29 native_us=1284 validate_us=200
BATCH stage=decode rows=8 tokens=8 us=1486 encode_us=32 native_us=1252 validate_us=201
BATCH stage=decode rows=8 tokens=8 us=1496 encode_us=24 native_us=1276 validate_us=195
BATCH stage=decode rows=8 tokens=8 us=1444 encode_us=27 native_us=1219 validate_us=198
BATCH stage=decode rows=8 tokens=8 us=1507 encode_us=29 native_us=1275 validate_us=202
BATCH stage=decode rows=8 tokens=8 us=1481 encode_us=32 native_us=1247 validate_us=202
BATCH stage=decode rows=8 tokens=8 us=1496 encode_us=25 native_us=1276 validate_us=194
BATCH stage=decode rows=8 tokens=8 us=1458 encode_us=24 native_us=1233 validate_us=200
BATCH stage=decode rows=8 tokens=8 us=1513 encode_us=30 native_us=1282 validate_us=199
BATCH stage=decode rows=8 tokens=8 us=1482 encode_us=31 native_us=1250 validate_us=199
BATCH stage=decode rows=8 tokens=8 us=1495 encode_us=28 native_us=1268 validate_us=198
BATCH stage=decode rows=8 tokens=8 us=1446 encode_us=25 native_us=1223 validate_us=196
BATCH stage=decode rows=8 tokens=8 us=1509 encode_us=28 native_us=1280 validate_us=200
BATCH stage=decode rows=8 tokens=8 us=1502 encode_us=33 native_us=1266 validate_us=202
BATCH stage=decode rows=8 tokens=8 us=1491 encode_us=26 native_us=1268 validate_us=196
BATCH stage=decode rows=8 tokens=8 us=1452 encode_us=29 native_us=1220 validate_us=202
BATCH stage=decode rows=8 tokens=8 us=1509 encode_us=32 native_us=1275 validate_us=202
BATCH stage=decode rows=8 tokens=8 us=1487 encode_us=34 native_us=1251 validate_us=202
BATCH stage=prefill rows=1 tokens=16 us=2486 encode_us=20 native_us=2418 validate_us=47
BATCH stage=decode rows=8 tokens=8 us=1488 encode_us=23 native_us=1269 validate_us=195
BATCH stage=decode rows=8 tokens=8 us=1445 encode_us=24 native_us=1223 validate_us=196
BATCH stage=decode rows=8 tokens=8 us=1513 encode_us=33 native_us=1276 validate_us=202
BATCH stage=decode rows=8 tokens=8 us=1483 encode_us=29 native_us=1250 validate_us=203
BATCH stage=decode rows=8 tokens=8 us=1502 encode_us=25 native_us=1270 validate_us=205
BATCH stage=decode rows=8 tokens=8 us=1452 encode_us=29 native_us=1223 validate_us=199
BATCH stage=decode rows=8 tokens=8 us=1512 encode_us=32 native_us=1278 validate_us=202
BATCH stage=decode rows=8 tokens=8 us=1496 encode_us=30 native_us=1240 validate_us=226
BATCH stage=decode rows=8 tokens=8 us=1496 encode_us=27 native_us=1272 validate_us=197
BATCH stage=decode rows=8 tokens=8 us=1448 encode_us=27 native_us=1223 validate_us=197
BATCH stage=decode rows=8 tokens=8 us=1520 encode_us=33 native_us=1281 validate_us=204
BATCH stage=decode rows=8 tokens=8 us=1466 encode_us=29 native_us=1237 validate_us=199
BATCH stage=decode rows=8 tokens=8 us=1493 encode_us=23 native_us=1275 validate_us=194
BATCH stage=decode rows=8 tokens=8 us=1448 encode_us=28 native_us=1222 validate_us=197
BATCH stage=decode rows=8 tokens=8 us=1518 encode_us=30 native_us=1286 validate_us=202
BATCH stage=prefill rows=1 tokens=128 us=2987 encode_us=30 native_us=2901 validate_us=55
BATCH stage=decode rows=8 tokens=8 us=1493 encode_us=31 native_us=1244 validate_us=217
BATCH stage=decode rows=8 tokens=8 us=1514 encode_us=33 native_us=1273 validate_us=207
BATCH stage=prefill rows=1 tokens=398 us=6704 encode_us=25 native_us=6624 validate_us=53
BATCH stage=decode rows=8 tokens=8 us=1548 encode_us=31 native_us=1311 validate_us=204
BATCH stage=decode rows=8 tokens=8 us=1503 encode_us=29 native_us=1272 validate_us=200
BATCH stage=decode rows=8 tokens=8 us=1544 encode_us=34 native_us=1305 validate_us=204
BATCH stage=decode rows=8 tokens=8 us=1434 encode_us=26 native_us=1212 validate_us=195
BATCH stage=decode rows=8 tokens=8 us=1498 encode_us=28 native_us=1269 validate_us=200
BATCH stage=decode rows=8 tokens=8 us=1506 encode_us=26 native_us=1276 validate_us=203
BATCH stage=decode rows=8 tokens=8 us=1502 encode_us=32 native_us=1267 validate_us=202
BATCH stage=decode rows=8 tokens=8 us=1434 encode_us=23 native_us=1211 validate_us=199
BATCH stage=decode rows=8 tokens=8 us=1504 encode_us=31 native_us=1270 validate_us=203
BATCH stage=decode rows=8 tokens=8 us=1500 encode_us=28 native_us=1271 validate_us=199
BATCH stage=decode rows=8 tokens=8 us=1498 encode_us=29 native_us=1270 validate_us=199
BATCH stage=decode rows=8 tokens=8 us=1435 encode_us=27 native_us=1211 validate_us=196
BATCH stage=prefill rows=1 tokens=16 us=2475 encode_us=18 native_us=2412 validate_us=44
BATCH stage=decode rows=8 tokens=8 us=1491 encode_us=26 native_us=1266 validate_us=198
BATCH stage=decode rows=8 tokens=8 us=1501 encode_us=25 native_us=1275 validate_us=200
BATCH stage=decode rows=8 tokens=8 us=1462 encode_us=28 native_us=1236 validate_us=197
BATCH stage=decode rows=8 tokens=8 us=1417 encode_us=22 native_us=1203 validate_us=191
BATCH stage=decode rows=8 tokens=8 us=1506 encode_us=32 native_us=1270 validate_us=203
BATCH stage=prefill rows=1 tokens=128 us=2980 encode_us=25 native_us=2903 validate_us=51
BATCH stage=decode rows=8 tokens=8 us=1516 encode_us=33 native_us=1279 validate_us=203
BATCH stage=decode rows=8 tokens=8 us=1485 encode_us=29 native_us=1257 validate_us=198
BATCH stage=decode rows=8 tokens=8 us=1520 encode_us=24 native_us=1300 validate_us=195
BATCH stage=decode rows=8 tokens=8 us=1466 encode_us=34 native_us=1226 validate_us=205
BATCH stage=decode rows=8 tokens=8 us=1520 encode_us=34 native_us=1281 validate_us=205
BATCH stage=prefill rows=1 tokens=398 us=6696 encode_us=26 native_us=6616 validate_us=53
BATCH stage=decode rows=8 tokens=8 us=1486 encode_us=31 native_us=1253 validate_us=201
BATCH stage=decode rows=8 tokens=8 us=1499 encode_us=31 native_us=1270 validate_us=198
BATCH stage=decode rows=8 tokens=8 us=1538 encode_us=29 native_us=1302 validate_us=206
BATCH stage=decode rows=8 tokens=8 us=1490 encode_us=40 native_us=1247 validate_us=201
BATCH stage=decode rows=8 tokens=8 us=1471 encode_us=28 native_us=1243 validate_us=198
BATCH stage=decode rows=8 tokens=8 us=1499 encode_us=25 native_us=1269 validate_us=203
BATCH stage=decode rows=8 tokens=8 us=1505 encode_us=33 native_us=1269 validate_us=201
BATCH stage=prefill rows=1 tokens=16 us=2480 encode_us=19 native_us=2412 validate_us=47
BATCH stage=decode rows=8 tokens=8 us=1485 encode_us=29 native_us=1257 validate_us=199
BATCH stage=decode rows=8 tokens=8 us=1468 encode_us=27 native_us=1243 validate_us=197
BATCH stage=decode rows=8 tokens=8 us=1520 encode_us=26 native_us=1295 validate_us=198
BATCH stage=prefill rows=1 tokens=128 us=2967 encode_us=23 native_us=2895 validate_us=48
BATCH stage=decode rows=8 tokens=8 us=1452 encode_us=31 native_us=1218 validate_us=201
BATCH stage=prefill rows=1 tokens=398 us=6700 encode_us=21 native_us=6625 validate_us=52
BATCH stage=decode rows=8 tokens=8 us=1524 encode_us=31 native_us=1288 validate_us=204
BATCH stage=decode rows=8 tokens=8 us=1546 encode_us=31 native_us=1313 validate_us=201
BATCH stage=decode rows=8 tokens=8 us=1481 encode_us=37 native_us=1242 validate_us=201
BATCH stage=prefill rows=1 tokens=16 us=2490 encode_us=21 native_us=2422 validate_us=46
BATCH stage=decode rows=8 tokens=8 us=1449 encode_us=25 native_us=1227 validate_us=196
BATCH stage=decode rows=8 tokens=8 us=1506 encode_us=27 native_us=1281 validate_us=197
BATCH stage=decode rows=8 tokens=8 us=1497 encode_us=31 native_us=1266 validate_us=200
BATCH stage=decode rows=8 tokens=8 us=1426 encode_us=25 native_us=1206 validate_us=194
BATCH stage=decode rows=8 tokens=8 us=1448 encode_us=24 native_us=1230 validate_us=194
BATCH stage=decode rows=8 tokens=8 us=1500 encode_us=25 native_us=1271 validate_us=203
BATCH stage=decode rows=8 tokens=8 us=1474 encode_us=29 native_us=1246 validate_us=198
BATCH stage=decode rows=8 tokens=8 us=1437 encode_us=27 native_us=1214 validate_us=196
BATCH stage=prefill rows=1 tokens=128 us=2992 encode_us=23 native_us=2919 validate_us=48
BATCH stage=decode rows=8 tokens=8 us=1475 encode_us=33 native_us=1242 validate_us=200
BATCH stage=prefill rows=1 tokens=398 us=6713 encode_us=21 native_us=6641 validate_us=49
BATCH stage=decode rows=8 tokens=8 us=1512 encode_us=30 native_us=1277 validate_us=203
BATCH stage=decode rows=8 tokens=8 us=1487 encode_us=31 native_us=1254 validate_us=201
BATCH stage=decode rows=8 tokens=8 us=1452 encode_us=26 native_us=1231 validate_us=194
BATCH stage=decode rows=8 tokens=8 us=1466 encode_us=28 native_us=1239 validate_us=198
BATCH stage=decode rows=8 tokens=8 us=1522 encode_us=32 native_us=1288 validate_us=202
BATCH stage=decode rows=8 tokens=8 us=1489 encode_us=32 native_us=1252 validate_us=204
BATCH stage=decode rows=8 tokens=8 us=1445 encode_us=33 native_us=1213 validate_us=198
BATCH stage=decode rows=8 tokens=8 us=1476 encode_us=36 native_us=1242 validate_us=198
BATCH stage=decode rows=8 tokens=8 us=1518 encode_us=27 native_us=1288 validate_us=202
BATCH stage=decode rows=8 tokens=8 us=1487 encode_us=31 native_us=1254 validate_us=200
BATCH stage=decode rows=8 tokens=8 us=1430 encode_us=27 native_us=1203 validate_us=199
BATCH stage=decode rows=8 tokens=8 us=1469 encode_us=37 native_us=1234 validate_us=197
BATCH stage=decode rows=8 tokens=8 us=1494 encode_us=26 native_us=1270 validate_us=197
BATCH stage=decode rows=8 tokens=8 us=1499 encode_us=33 native_us=1261 validate_us=204
BATCH stage=decode rows=8 tokens=8 us=1437 encode_us=25 native_us=1215 validate_us=196
BATCH stage=decode rows=8 tokens=8 us=1473 encode_us=25 native_us=1244 validate_us=203
BATCH stage=decode rows=8 tokens=8 us=1500 encode_us=31 native_us=1268 validate_us=200
BATCH stage=decode rows=8 tokens=8 us=1486 encode_us=31 native_us=1253 validate_us=201
BATCH stage=decode rows=8 tokens=8 us=1431 encode_us=26 native_us=1200 validate_us=204
BATCH stage=decode rows=8 tokens=8 us=1449 encode_us=26 native_us=1226 validate_us=196
BATCH stage=decode rows=8 tokens=8 us=1507 encode_us=26 native_us=1281 validate_us=198
BATCH stage=decode rows=8 tokens=8 us=1489 encode_us=34 native_us=1252 validate_us=202
BATCH stage=decode rows=8 tokens=8 us=1435 encode_us=26 native_us=1212 validate_us=196
BATCH stage=decode rows=8 tokens=8 us=1461 encode_us=27 native_us=1226 validate_us=207
BATCH stage=decode rows=8 tokens=8 us=1503 encode_us=30 native_us=1272 validate_us=200
BATCH stage=decode rows=8 tokens=8 us=1481 encode_us=30 native_us=1250 validate_us=200
BATCH stage=decode rows=8 tokens=8 us=1431 encode_us=23 native_us=1213 validate_us=194
BATCH stage=decode rows=8 tokens=8 us=1474 encode_us=40 native_us=1235 validate_us=198
BATCH stage=decode rows=8 tokens=8 us=1498 encode_us=28 native_us=1272 validate_us=198
BATCH stage=decode rows=8 tokens=8 us=1503 encode_us=30 native_us=1268 validate_us=205
BATCH stage=decode rows=8 tokens=8 us=1426 encode_us=29 native_us=1201 validate_us=195
BATCH stage=decode rows=8 tokens=8 us=1460 encode_us=25 native_us=1227 validate_us=206
BATCH stage=decode rows=8 tokens=8 us=1507 encode_us=31 native_us=1276 validate_us=200
BATCH stage=decode rows=8 tokens=8 us=1509 encode_us=30 native_us=1279 validate_us=199
BATCH stage=prefill rows=1 tokens=16 us=2475 encode_us=18 native_us=2412 validate_us=44
BATCH stage=decode rows=8 tokens=8 us=1413 encode_us=22 native_us=1198 validate_us=192
BATCH stage=decode rows=8 tokens=8 us=1448 encode_us=22 native_us=1229 validate_us=196
BATCH stage=decode rows=8 tokens=8 us=1527 encode_us=24 native_us=1308 validate_us=194
BATCH stage=decode rows=8 tokens=8 us=1469 encode_us=30 native_us=1240 validate_us=198
BATCH stage=decode rows=8 tokens=8 us=1418 encode_us=23 native_us=1203 validate_us=192
BATCH stage=decode rows=8 tokens=8 us=1518 encode_us=28 native_us=1236 validate_us=253
BATCH stage=decode rows=8 tokens=8 us=1531 encode_us=35 native_us=1288 validate_us=206
BATCH stage=decode rows=8 tokens=8 us=1479 encode_us=31 native_us=1245 validate_us=202
BATCH stage=decode rows=8 tokens=8 us=1677 encode_us=49 native_us=1305 validate_us=322
BATCH stage=decode rows=8 tokens=8 us=1673 encode_us=47 native_us=1299 validate_us=326
BATCH stage=decode rows=8 tokens=8 us=1561 encode_us=54 native_us=1295 validate_us=211
BATCH stage=decode rows=8 tokens=8 us=1479 encode_us=32 native_us=1243 validate_us=203
BATCH stage=decode rows=8 tokens=8 us=1457 encode_us=31 native_us=1227 validate_us=198
BATCH stage=decode rows=8 tokens=8 us=1462 encode_us=29 native_us=1231 validate_us=201
BATCH stage=decode rows=8 tokens=8 us=1517 encode_us=28 native_us=1287 validate_us=201
BATCH stage=decode rows=8 tokens=8 us=1485 encode_us=28 native_us=1251 validate_us=205
BATCH stage=decode rows=8 tokens=8 us=1466 encode_us=37 native_us=1230 validate_us=198
BATCH stage=decode rows=8 tokens=8 us=1455 encode_us=27 native_us=1230 validate_us=197
BATCH stage=decode rows=8 tokens=8 us=1529 encode_us=34 native_us=1290 validate_us=203
BATCH stage=decode rows=8 tokens=8 us=1470 encode_us=30 native_us=1239 validate_us=201
BATCH stage=decode rows=8 tokens=8 us=1465 encode_us=24 native_us=1229 validate_us=212
BATCH stage=decode rows=8 tokens=8 us=1481 encode_us=44 native_us=1234 validate_us=202
BATCH stage=decode rows=8 tokens=8 us=1508 encode_us=30 native_us=1275 validate_us=202
BATCH stage=prefill rows=1 tokens=128 us=2985 encode_us=25 native_us=2910 validate_us=50
BATCH stage=decode rows=8 tokens=8 us=1491 encode_us=32 native_us=1258 validate_us=201
BATCH stage=decode rows=8 tokens=8 us=1442 encode_us=24 native_us=1224 validate_us=194
BATCH stage=decode rows=8 tokens=8 us=1541 encode_us=31 native_us=1309 validate_us=200
BATCH stage=decode rows=8 tokens=8 us=1484 encode_us=27 native_us=1250 validate_us=206
BATCH stage=decode rows=8 tokens=8 us=1516 encode_us=28 native_us=1288 validate_us=198
BATCH stage=decode rows=8 tokens=8 us=1449 encode_us=27 native_us=1224 validate_us=198
BATCH stage=prefill rows=1 tokens=398 us=6712 encode_us=27 native_us=6631 validate_us=52
BATCH stage=decode rows=8 tokens=8 us=1525 encode_us=36 native_us=1284 validate_us=205
BATCH stage=decode rows=8 tokens=8 us=1477 encode_us=35 native_us=1239 validate_us=202
BATCH stage=decode rows=8 tokens=8 us=1514 encode_us=32 native_us=1280 validate_us=201
BATCH stage=decode rows=8 tokens=8 us=1454 encode_us=25 native_us=1233 validate_us=195
BATCH stage=decode rows=8 tokens=8 us=1520 encode_us=29 native_us=1291 validate_us=199
BATCH stage=decode rows=8 tokens=8 us=1510 encode_us=34 native_us=1272 validate_us=204
BATCH stage=decode rows=8 tokens=8 us=1528 encode_us=35 native_us=1287 validate_us=205
BATCH stage=decode rows=8 tokens=8 us=1451 encode_us=29 native_us=1223 validate_us=198
BATCH stage=decode rows=8 tokens=8 us=1509 encode_us=29 native_us=1279 validate_us=199
BATCH stage=decode rows=8 tokens=8 us=1505 encode_us=29 native_us=1278 validate_us=198
BATCH stage=decode rows=8 tokens=8 us=1512 encode_us=31 native_us=1277 validate_us=203
BATCH stage=decode rows=8 tokens=8 us=1455 encode_us=24 native_us=1235 validate_us=195
BATCH stage=decode rows=8 tokens=8 us=1518 encode_us=31 native_us=1284 validate_us=202
BATCH stage=decode rows=8 tokens=8 us=1512 encode_us=39 native_us=1270 validate_us=202
BATCH stage=prefill rows=1 tokens=16 us=2472 encode_us=18 native_us=2408 validate_us=45
BATCH stage=decode rows=8 tokens=8 us=1513 encode_us=33 native_us=1276 validate_us=203
BATCH stage=decode rows=8 tokens=8 us=1448 encode_us=24 native_us=1226 validate_us=196
BATCH stage=decode rows=8 tokens=8 us=1545 encode_us=26 native_us=1316 validate_us=201
BATCH stage=decode rows=8 tokens=8 us=1455 encode_us=31 native_us=1227 validate_us=196
BATCH stage=decode rows=8 tokens=8 us=1511 encode_us=32 native_us=1277 validate_us=201
BATCH stage=decode rows=8 tokens=8 us=1446 encode_us=23 native_us=1228 validate_us=193
BATCH stage=decode rows=8 tokens=8 us=1503 encode_us=29 native_us=1274 validate_us=199
BATCH stage=decode rows=8 tokens=8 us=1447 encode_us=25 native_us=1227 validate_us=195
BATCH stage=decode rows=8 tokens=8 us=1516 encode_us=29 native_us=1286 validate_us=200
BATCH stage=decode rows=8 tokens=8 us=1462 encode_us=26 native_us=1239 validate_us=196
BATCH stage=decode rows=8 tokens=8 us=1507 encode_us=26 native_us=1284 validate_us=196
BATCH stage=decode rows=8 tokens=8 us=1450 encode_us=23 native_us=1228 validate_us=198
BATCH stage=decode rows=8 tokens=8 us=1508 encode_us=31 native_us=1276 validate_us=199
BATCH stage=decode rows=8 tokens=8 us=1454 encode_us=26 native_us=1233 validate_us=195
BATCH stage=decode rows=8 tokens=8 us=1512 encode_us=32 native_us=1275 validate_us=204
BATCH stage=prefill rows=1 tokens=128 us=2982 encode_us=26 native_us=2904 validate_us=52
BATCH stage=decode rows=8 tokens=8 us=1468 encode_us=27 native_us=1242 validate_us=198
BATCH stage=decode rows=8 tokens=8 us=1525 encode_us=40 native_us=1281 validate_us=202
BATCH stage=prefill rows=1 tokens=398 us=6728 encode_us=26 native_us=6647 validate_us=53
BATCH stage=decode rows=8 tokens=8 us=1531 encode_us=30 native_us=1301 validate_us=199
BATCH stage=decode rows=8 tokens=8 us=1469 encode_us=27 native_us=1240 validate_us=201
BATCH stage=decode rows=8 tokens=8 us=1533 encode_us=25 native_us=1307 validate_us=199
BATCH stage=decode rows=8 tokens=8 us=1515 encode_us=32 native_us=1280 validate_us=202
BATCH stage=decode rows=8 tokens=8 us=1504 encode_us=27 native_us=1270 validate_us=206
BATCH stage=decode rows=8 tokens=8 us=1465 encode_us=28 native_us=1238 validate_us=198
BATCH stage=decode rows=8 tokens=8 us=1500 encode_us=26 native_us=1279 validate_us=195
BATCH stage=decode rows=8 tokens=8 us=1506 encode_us=33 native_us=1268 validate_us=204
BATCH stage=decode rows=8 tokens=8 us=1501 encode_us=28 native_us=1275 validate_us=197
BATCH stage=decode rows=8 tokens=8 us=1473 encode_us=30 native_us=1240 validate_us=201
BATCH stage=decode rows=8 tokens=8 us=1493 encode_us=27 native_us=1268 validate_us=197
BATCH stage=decode rows=8 tokens=8 us=1516 encode_us=35 native_us=1275 validate_us=205
BATCH stage=prefill rows=1 tokens=16 us=2494 encode_us=20 native_us=2429 validate_us=45
BATCH stage=decode rows=8 tokens=8 us=1490 encode_us=25 native_us=1268 validate_us=195
BATCH stage=decode rows=8 tokens=8 us=1468 encode_us=23 native_us=1246 validate_us=197
BATCH stage=decode rows=8 tokens=8 us=1522 encode_us=25 native_us=1301 validate_us=195
BATCH stage=prefill rows=1 tokens=128 us=2980 encode_us=24 native_us=2907 validate_us=48
BATCH stage=decode rows=8 tokens=8 us=1501 encode_us=35 native_us=1257 validate_us=207
BATCH stage=prefill rows=1 tokens=398 us=6710 encode_us=22 native_us=6638 validate_us=49
BATCH stage=decode rows=8 tokens=8 us=1502 encode_us=27 native_us=1277 validate_us=197
BATCH stage=decode rows=8 tokens=8 us=1536 encode_us=27 native_us=1307 validate_us=201
BATCH stage=decode rows=8 tokens=8 us=1483 encode_us=28 native_us=1258 validate_us=197
BATCH stage=decode rows=8 tokens=8 us=1483 encode_us=26 native_us=1260 validate_us=196
BATCH stage=decode rows=8 tokens=8 us=1507 encode_us=27 native_us=1278 validate_us=200
BATCH stage=decode rows=8 tokens=8 us=1501 encode_us=33 native_us=1266 validate_us=201
BATCH stage=prefill rows=1 tokens=16 us=2488 encode_us=23 native_us=2414 validate_us=50
BATCH stage=decode rows=8 tokens=8 us=1464 encode_us=29 native_us=1236 validate_us=198
BATCH stage=prefill rows=1 tokens=128 us=2961 encode_us=17 native_us=2899 validate_us=44
BATCH stage=decode rows=8 tokens=8 us=1479 encode_us=26 native_us=1255 validate_us=196
BATCH stage=decode rows=8 tokens=8 us=1524 encode_us=31 native_us=1292 validate_us=200
BATCH stage=decode rows=8 tokens=8 us=1470 encode_us=29 native_us=1241 validate_us=199
BATCH stage=prefill rows=1 tokens=16 us=2495 encode_us=22 native_us=2425 validate_us=47
BATCH stage=decode rows=8 tokens=8 us=1447 encode_us=25 native_us=1222 validate_us=199
BATCH stage=prefill rows=1 tokens=398 us=6695 encode_us=17 native_us=6630 validate_us=47
BATCH stage=decode rows=8 tokens=8 us=1484 encode_us=27 native_us=1259 validate_us=198
BATCH stage=decode rows=8 tokens=8 us=1509 encode_us=31 native_us=1277 validate_us=200
BATCH stage=decode rows=8 tokens=8 us=1463 encode_us=23 native_us=1243 validate_us=196
BATCH stage=decode rows=8 tokens=8 us=1452 encode_us=22 native_us=1236 validate_us=193
BATCH stage=decode rows=8 tokens=8 us=1477 encode_us=24 native_us=1256 validate_us=196
BATCH stage=decode rows=8 tokens=8 us=1518 encode_us=29 native_us=1289 validate_us=199
BATCH stage=decode rows=8 tokens=8 us=1459 encode_us=33 native_us=1226 validate_us=198
BATCH stage=decode rows=8 tokens=8 us=1454 encode_us=28 native_us=1223 validate_us=202
BATCH stage=prefill rows=1 tokens=128 us=2979 encode_us=21 native_us=2910 validate_us=46
BATCH stage=decode rows=8 tokens=8 us=1491 encode_us=37 native_us=1254 validate_us=199
BATCH stage=decode rows=8 tokens=8 us=1507 encode_us=27 native_us=1278 validate_us=202
BATCH stage=decode rows=8 tokens=8 us=1455 encode_us=25 native_us=1235 validate_us=194
BATCH stage=decode rows=8 tokens=8 us=1419 encode_us=23 native_us=1203 validate_us=193
BATCH stage=decode rows=8 tokens=8 us=1479 encode_us=26 native_us=1243 validate_us=209
BATCH stage=decode rows=8 tokens=8 us=1529 encode_us=33 native_us=1291 validate_us=204
BATCH stage=decode rows=8 tokens=8 us=1463 encode_us=28 native_us=1236 validate_us=199
BATCH stage=decode rows=8 tokens=8 us=1431 encode_us=24 native_us=1212 validate_us=194
BATCH stage=decode rows=8 tokens=8 us=1469 encode_us=27 native_us=1245 validate_us=196
BATCH stage=decode rows=8 tokens=8 us=1506 encode_us=28 native_us=1273 validate_us=204
BATCH stage=decode rows=8 tokens=8 us=1453 encode_us=26 native_us=1226 validate_us=200
BATCH stage=decode rows=8 tokens=8 us=1429 encode_us=22 native_us=1214 validate_us=192
BATCH stage=decode rows=8 tokens=8 us=1469 encode_us=25 native_us=1247 validate_us=195
BATCH stage=decode rows=8 tokens=8 us=1500 encode_us=29 native_us=1270 validate_us=199
BATCH stage=decode rows=8 tokens=8 us=1504 encode_us=49 native_us=1240 validate_us=214
BATCH stage=decode rows=8 tokens=8 us=1454 encode_us=27 native_us=1227 validate_us=200
BATCH stage=decode rows=8 tokens=8 us=1488 encode_us=28 native_us=1259 validate_us=199
BATCH stage=decode rows=8 tokens=8 us=1514 encode_us=29 native_us=1281 validate_us=203
BATCH stage=decode rows=8 tokens=8 us=1456 encode_us=26 native_us=1232 validate_us=197
BATCH stage=decode rows=8 tokens=8 us=1438 encode_us=22 native_us=1223 validate_us=192
BATCH stage=decode rows=8 tokens=8 us=1473 encode_us=26 native_us=1243 validate_us=203
BATCH stage=decode rows=8 tokens=8 us=1507 encode_us=29 native_us=1277 validate_us=199
BATCH stage=decode rows=8 tokens=8 us=1447 encode_us=25 native_us=1226 validate_us=194
BATCH stage=decode rows=8 tokens=8 us=1420 encode_us=22 native_us=1203 validate_us=194
BATCH stage=decode rows=8 tokens=8 us=1511 encode_us=27 native_us=1265 validate_us=217
BATCH stage=decode rows=8 tokens=8 us=1515 encode_us=33 native_us=1276 validate_us=204
BATCH stage=decode rows=8 tokens=8 us=1456 encode_us=27 native_us=1230 validate_us=197
BATCH stage=decode rows=8 tokens=8 us=1422 encode_us=23 native_us=1205 validate_us=193
BATCH stage=decode rows=8 tokens=8 us=1480 encode_us=27 native_us=1252 validate_us=201
BATCH stage=decode rows=8 tokens=8 us=1499 encode_us=30 native_us=1269 validate_us=199
BATCH stage=prefill rows=1 tokens=398 us=6718 encode_us=28 native_us=6636 validate_us=52
BATCH stage=decode rows=8 tokens=8 us=1477 encode_us=30 native_us=1243 validate_us=202
BATCH stage=decode rows=8 tokens=8 us=1448 encode_us=25 native_us=1227 validate_us=194
BATCH stage=decode rows=8 tokens=8 us=1547 encode_us=30 native_us=1317 validate_us=199
BATCH stage=decode rows=8 tokens=8 us=1490 encode_us=29 native_us=1257 validate_us=203
BATCH stage=decode rows=8 tokens=8 us=1457 encode_us=27 native_us=1234 validate_us=195
BATCH stage=decode rows=8 tokens=8 us=1424 encode_us=22 native_us=1209 validate_us=192
BATCH stage=decode rows=8 tokens=8 us=1509 encode_us=31 native_us=1276 validate_us=201
BATCH stage=decode rows=8 tokens=8 us=1477 encode_us=28 native_us=1252 validate_us=197
BATCH stage=decode rows=8 tokens=8 us=1454 encode_us=28 native_us=1226 validate_us=199
BATCH stage=decode rows=8 tokens=8 us=1427 encode_us=23 native_us=1209 validate_us=193
BATCH stage=decode rows=8 tokens=8 us=1511 encode_us=33 native_us=1276 validate_us=201
BATCH stage=decode rows=8 tokens=8 us=1487 encode_us=32 native_us=1251 validate_us=203
BATCH stage=prefill rows=1 tokens=16 us=2477 encode_us=18 native_us=2412 validate_us=46
BATCH stage=decode rows=8 tokens=8 us=1446 encode_us=25 native_us=1224 validate_us=196
BATCH stage=decode rows=8 tokens=8 us=1417 encode_us=21 native_us=1205 validate_us=191
BATCH stage=decode rows=8 tokens=8 us=1508 encode_us=32 native_us=1275 validate_us=201
BATCH stage=decode rows=8 tokens=8 us=1441 encode_us=26 native_us=1220 validate_us=195
BATCH stage=decode rows=8 tokens=8 us=1450 encode_us=26 native_us=1227 validate_us=196
BATCH stage=decode rows=8 tokens=8 us=1427 encode_us=22 native_us=1211 validate_us=193
BATCH stage=decode rows=8 tokens=8 us=1505 encode_us=27 native_us=1276 validate_us=201
BATCH stage=decode rows=8 tokens=8 us=1451 encode_us=26 native_us=1228 validate_us=196
BATCH stage=decode rows=8 tokens=8 us=1441 encode_us=23 native_us=1225 validate_us=192
BATCH stage=decode rows=8 tokens=8 us=1444 encode_us=28 native_us=1219 validate_us=197
BATCH stage=decode rows=8 tokens=8 us=1508 encode_us=30 native_us=1276 validate_us=200
BATCH stage=decode rows=8 tokens=8 us=1457 encode_us=27 native_us=1232 validate_us=197
BATCH stage=decode rows=8 tokens=8 us=1455 encode_us=25 native_us=1234 validate_us=195
BATCH stage=decode rows=8 tokens=8 us=1442 encode_us=26 native_us=1220 validate_us=195
BATCH stage=decode rows=8 tokens=8 us=1515 encode_us=34 native_us=1277 validate_us=203
BATCH stage=decode rows=8 tokens=8 us=1465 encode_us=29 native_us=1231 validate_us=204
BATCH stage=decode rows=8 tokens=8 us=1463 encode_us=26 native_us=1240 validate_us=196
BATCH stage=decode rows=8 tokens=8 us=1439 encode_us=24 native_us=1219 validate_us=195
BATCH stage=decode rows=8 tokens=8 us=1505 encode_us=29 native_us=1277 validate_us=198
BATCH stage=decode rows=8 tokens=8 us=1462 encode_us=28 native_us=1236 validate_us=197
BATCH stage=decode rows=8 tokens=8 us=1447 encode_us=25 native_us=1227 validate_us=194
BATCH stage=decode rows=8 tokens=8 us=1434 encode_us=21 native_us=1219 validate_us=192
BATCH stage=decode rows=8 tokens=8 us=1525 encode_us=32 native_us=1289 validate_us=204
BATCH stage=decode rows=8 tokens=8 us=1465 encode_us=27 native_us=1240 validate_us=196
BATCH stage=decode rows=8 tokens=8 us=1442 encode_us=24 native_us=1225 validate_us=193
BATCH stage=decode rows=8 tokens=8 us=1452 encode_us=26 native_us=1231 validate_us=194
BATCH stage=decode rows=8 tokens=8 us=1518 encode_us=30 native_us=1289 validate_us=198
BATCH stage=decode rows=8 tokens=8 us=1471 encode_us=26 native_us=1248 validate_us=197
BATCH stage=decode rows=8 tokens=8 us=1465 encode_us=27 native_us=1240 validate_us=197
BATCH stage=decode rows=8 tokens=8 us=1432 encode_us=22 native_us=1218 validate_us=191
BATCH stage=decode rows=8 tokens=8 us=1534 encode_us=34 native_us=1293 validate_us=205
BATCH stage=prefill rows=1 tokens=128 us=2990 encode_us=26 native_us=2914 validate_us=50
BATCH stage=decode rows=8 tokens=8 us=1491 encode_us=28 native_us=1253 validate_us=209
BATCH stage=decode rows=8 tokens=8 us=1464 encode_us=26 native_us=1239 validate_us=198
BATCH stage=decode rows=8 tokens=8 us=1527 encode_us=25 native_us=1303 validate_us=197
BATCH stage=decode rows=8 tokens=8 us=1522 encode_us=32 native_us=1286 validate_us=202
BATCH stage=prefill rows=1 tokens=398 us=6708 encode_us=27 native_us=6626 validate_us=54
BATCH stage=decode rows=8 tokens=8 us=1488 encode_us=31 native_us=1256 validate_us=200
BATCH stage=decode rows=8 tokens=8 us=1494 encode_us=30 native_us=1263 validate_us=200
BATCH stage=decode rows=8 tokens=8 us=1534 encode_us=29 native_us=1304 validate_us=200
BATCH stage=decode rows=8 tokens=8 us=1521 encode_us=31 native_us=1288 validate_us=200
BATCH stage=decode rows=8 tokens=8 us=1480 encode_us=27 native_us=1253 validate_us=199
BATCH stage=decode rows=8 tokens=8 us=1493 encode_us=24 native_us=1273 validate_us=194
BATCH stage=decode rows=8 tokens=8 us=1518 encode_us=30 native_us=1289 validate_us=198
BATCH stage=decode rows=8 tokens=8 us=1516 encode_us=27 native_us=1289 validate_us=199
BATCH stage=decode rows=8 tokens=8 us=1481 encode_us=30 native_us=1249 validate_us=200
BATCH stage=decode rows=8 tokens=8 us=1488 encode_us=26 native_us=1266 validate_us=195
BATCH stage=decode rows=8 tokens=8 us=1505 encode_us=26 native_us=1277 validate_us=201
BATCH stage=decode rows=8 tokens=8 us=1512 encode_us=31 native_us=1280 validate_us=199
BATCH stage=prefill rows=1 tokens=16 us=2489 encode_us=18 native_us=2426 validate_us=44
BATCH stage=decode rows=8 tokens=8 us=1469 encode_us=27 native_us=1245 validate_us=196
BATCH stage=decode rows=8 tokens=8 us=1501 encode_us=28 native_us=1275 validate_us=198
BATCH stage=decode rows=8 tokens=8 us=1541 encode_us=25 native_us=1318 validate_us=197
BATCH stage=decode rows=8 tokens=8 us=1464 encode_us=24 native_us=1244 validate_us=194
BATCH stage=decode rows=8 tokens=8 us=1471 encode_us=25 native_us=1246 validate_us=199
BATCH stage=decode rows=8 tokens=8 us=1507 encode_us=26 native_us=1283 validate_us=196
BATCH stage=decode rows=8 tokens=8 us=1521 encode_us=31 native_us=1276 validate_us=213
BATCH stage=prefill rows=1 tokens=128 us=2991 encode_us=23 native_us=2919 validate_us=48
BATCH stage=decode rows=8 tokens=8 us=1466 encode_us=27 native_us=1242 validate_us=196
BATCH stage=decode rows=8 tokens=8 us=1458 encode_us=26 native_us=1236 validate_us=195
BATCH stage=decode rows=8 tokens=8 us=1539 encode_us=26 native_us=1316 validate_us=196
BATCH stage=decode rows=8 tokens=8 us=1490 encode_us=22 native_us=1274 validate_us=192
BATCH stage=decode rows=8 tokens=8 us=1467 encode_us=22 native_us=1250 validate_us=194
BATCH stage=decode rows=8 tokens=8 us=1483 encode_us=25 native_us=1250 validate_us=206
BATCH stage=prefill rows=1 tokens=398 us=6706 encode_us=29 native_us=6625 validate_us=51
BATCH stage=decode rows=8 tokens=8 us=1525 encode_us=30 native_us=1292 validate_us=202
BATCH stage=decode rows=8 tokens=8 us=1512 encode_us=28 native_us=1285 validate_us=198
BATCH stage=prefill rows=1 tokens=16 us=2489 encode_us=17 native_us=2427 validate_us=44
BATCH stage=decode rows=8 tokens=8 us=1492 encode_us=27 native_us=1265 validate_us=199
BATCH stage=decode rows=8 tokens=8 us=1483 encode_us=29 native_us=1256 validate_us=198
BATCH stage=decode rows=8 tokens=8 us=1535 encode_us=26 native_us=1314 validate_us=195
BATCH stage=decode rows=8 tokens=8 us=1440 encode_us=22 native_us=1224 validate_us=193
BATCH stage=decode rows=8 tokens=8 us=1475 encode_us=29 native_us=1248 validate_us=197
BATCH stage=decode rows=8 tokens=8 us=1480 encode_us=28 native_us=1252 validate_us=198
BATCH stage=decode rows=8 tokens=8 us=1522 encode_us=32 native_us=1287 validate_us=203
BATCH stage=prefill rows=1 tokens=128 us=2981 encode_us=22 native_us=2910 validate_us=48
BATCH stage=decode rows=8 tokens=8 us=1452 encode_us=28 native_us=1225 validate_us=198
BATCH stage=prefill rows=1 tokens=398 us=6737 encode_us=20 native_us=6670 validate_us=46
BATCH stage=decode rows=8 tokens=8 us=1480 encode_us=28 native_us=1255 validate_us=197
BATCH stage=decode rows=8 tokens=8 us=1548 encode_us=28 native_us=1321 validate_us=199
BATCH stage=decode rows=8 tokens=8 us=1515 encode_us=29 native_us=1283 validate_us=201
BATCH stage=prefill rows=1 tokens=16 us=2498 encode_us=20 native_us=2432 validate_us=45
BATCH stage=decode rows=8 tokens=8 us=1452 encode_us=30 native_us=1221 validate_us=200
BATCH stage=prefill rows=1 tokens=128 us=2972 encode_us=19 native_us=2908 validate_us=44
BATCH stage=decode rows=8 tokens=8 us=1480 encode_us=27 native_us=1255 validate_us=197
BATCH stage=decode rows=8 tokens=8 us=1543 encode_us=25 native_us=1316 validate_us=201
BATCH stage=decode rows=8 tokens=8 us=1462 encode_us=26 native_us=1240 validate_us=194
BATCH stage=decode rows=8 tokens=8 us=1438 encode_us=29 native_us=1211 validate_us=198
BATCH stage=decode rows=8 tokens=8 us=1477 encode_us=32 native_us=1244 validate_us=200
BATCH stage=decode rows=8 tokens=8 us=1509 encode_us=28 native_us=1281 validate_us=199
BATCH stage=decode rows=8 tokens=8 us=1444 encode_us=24 native_us=1226 validate_us=194
BATCH stage=prefill rows=1 tokens=398 us=6704 encode_us=26 native_us=6626 validate_us=52
BATCH stage=decode rows=8 tokens=8 us=1438 encode_us=26 native_us=1215 validate_us=196
BATCH stage=decode rows=8 tokens=8 us=1470 encode_us=29 native_us=1242 validate_us=198
BATCH stage=decode rows=8 tokens=8 us=1515 encode_us=29 native_us=1287 validate_us=198
BATCH stage=decode rows=8 tokens=8 us=1472 encode_us=29 native_us=1244 validate_us=198
BATCH stage=prefill rows=1 tokens=16 us=2489 encode_us=19 native_us=2426 validate_us=43
BATCH stage=decode rows=8 tokens=8 us=1425 encode_us=21 native_us=1210 validate_us=193
BATCH stage=decode rows=8 tokens=8 us=1475 encode_us=26 native_us=1253 validate_us=195
BATCH stage=decode rows=8 tokens=8 us=1494 encode_us=29 native_us=1266 validate_us=198
BATCH stage=decode rows=8 tokens=8 us=1435 encode_us=22 native_us=1220 validate_us=192
BATCH stage=decode rows=8 tokens=8 us=1432 encode_us=24 native_us=1213 validate_us=194
BATCH stage=decode rows=8 tokens=8 us=1475 encode_us=27 native_us=1251 validate_us=197
BATCH stage=decode rows=8 tokens=8 us=1487 encode_us=27 native_us=1258 validate_us=201
BATCH stage=decode rows=8 tokens=8 us=1450 encode_us=25 native_us=1228 validate_us=196
BATCH stage=decode rows=8 tokens=8 us=1432 encode_us=22 native_us=1217 validate_us=192
BATCH stage=decode rows=8 tokens=8 us=1484 encode_us=27 native_us=1255 validate_us=201
BATCH stage=decode rows=8 tokens=8 us=1493 encode_us=30 native_us=1263 validate_us=199
BATCH stage=decode rows=8 tokens=8 us=1449 encode_us=23 native_us=1231 validate_us=193
BATCH stage=decode rows=8 tokens=8 us=1442 encode_us=23 native_us=1221 validate_us=196
BATCH stage=decode rows=8 tokens=8 us=1478 encode_us=27 native_us=1254 validate_us=196
BATCH stage=decode rows=8 tokens=8 us=1506 encode_us=26 native_us=1283 validate_us=196
BATCH stage=decode rows=8 tokens=8 us=1450 encode_us=25 native_us=1231 validate_us=193
BATCH stage=decode rows=8 tokens=8 us=1436 encode_us=21 native_us=1222 validate_us=191
BATCH stage=decode rows=8 tokens=8 us=1471 encode_us=25 native_us=1242 validate_us=203
BATCH stage=decode rows=8 tokens=8 us=1514 encode_us=29 native_us=1286 validate_us=198
BATCH stage=decode rows=8 tokens=8 us=1447 encode_us=22 native_us=1233 validate_us=191
BATCH stage=decode rows=8 tokens=8 us=1425 encode_us=20 native_us=1214 validate_us=191
BATCH stage=decode rows=8 tokens=8 us=1482 encode_us=28 native_us=1255 validate_us=197
BATCH stage=decode rows=8 tokens=8 us=1509 encode_us=27 native_us=1283 validate_us=199
BATCH stage=decode rows=8 tokens=8 us=1436 encode_us=21 native_us=1223 validate_us=191
BATCH stage=decode rows=8 tokens=8 us=1419 encode_us=19 native_us=1202 validate_us=196
BATCH stage=decode rows=8 tokens=8 us=1466 encode_us=27 native_us=1242 validate_us=196
BATCH stage=decode rows=8 tokens=8 us=1512 encode_us=27 native_us=1283 validate_us=202
BATCH stage=decode rows=8 tokens=8 us=1448 encode_us=24 native_us=1230 validate_us=193
BATCH stage=decode rows=8 tokens=8 us=1433 encode_us=21 native_us=1219 validate_us=192
BATCH stage=decode rows=8 tokens=8 us=1484 encode_us=28 native_us=1255 validate_us=200
BATCH stage=decode rows=8 tokens=8 us=1519 encode_us=30 native_us=1289 validate_us=199
BATCH stage=decode rows=8 tokens=8 us=1440 encode_us=23 native_us=1225 validate_us=192
BATCH stage=decode rows=8 tokens=8 us=1439 encode_us=23 native_us=1218 validate_us=198
BATCH stage=decode rows=8 tokens=8 us=1479 encode_us=27 native_us=1254 validate_us=197
BATCH stage=decode rows=8 tokens=8 us=1523 encode_us=30 native_us=1290 validate_us=202
BATCH stage=decode rows=8 tokens=8 us=1451 encode_us=24 native_us=1233 validate_us=193
BATCH stage=decode rows=8 tokens=8 us=1436 encode_us=21 native_us=1223 validate_us=192
BATCH stage=decode rows=8 tokens=8 us=1485 encode_us=30 native_us=1255 validate_us=199
BATCH stage=decode rows=8 tokens=8 us=1506 encode_us=29 native_us=1279 validate_us=198
BATCH stage=decode rows=8 tokens=8 us=1447 encode_us=28 native_us=1220 validate_us=198
BATCH stage=prefill rows=1 tokens=128 us=2975 encode_us=24 native_us=2901 validate_us=49
BATCH stage=decode rows=8 tokens=8 us=1444 encode_us=27 native_us=1216 validate_us=200
BATCH stage=decode rows=8 tokens=8 us=1487 encode_us=31 native_us=1255 validate_us=200
BATCH stage=decode rows=8 tokens=8 us=1530 encode_us=35 native_us=1292 validate_us=202
BATCH stage=decode rows=8 tokens=8 us=1442 encode_us=25 native_us=1218 validate_us=197
BATCH stage=decode rows=8 tokens=8 us=1441 encode_us=24 native_us=1222 validate_us=194
BATCH stage=decode rows=8 tokens=8 us=1486 encode_us=27 native_us=1260 validate_us=198
BATCH stage=decode rows=8 tokens=8 us=1512 encode_us=31 native_us=1276 validate_us=205
BATCH stage=decode rows=8 tokens=8 us=1434 encode_us=24 native_us=1216 validate_us=193
BATCH stage=decode rows=8 tokens=8 us=1427 encode_us=22 native_us=1210 validate_us=194
BATCH stage=decode rows=8 tokens=8 us=1500 encode_us=30 native_us=1269 validate_us=199
BATCH stage=decode rows=8 tokens=8 us=1519 encode_us=34 native_us=1281 validate_us=203
BATCH stage=decode rows=8 tokens=8 us=1441 encode_us=26 native_us=1218 validate_us=195
BATCH stage=decode rows=8 tokens=8 us=1431 encode_us=23 native_us=1215 validate_us=192
BATCH stage=prefill rows=1 tokens=398 us=6712 encode_us=26 native_us=6627 validate_us=57
BATCH stage=decode rows=8 tokens=8 us=1528 encode_us=33 native_us=1290 validate_us=205
BATCH stage=decode rows=8 tokens=8 us=1528 encode_us=33 native_us=1291 validate_us=203
BATCH stage=decode rows=8 tokens=8 us=1430 encode_us=23 native_us=1212 validate_us=194
BATCH stage=decode rows=8 tokens=8 us=1476 encode_us=31 native_us=1241 validate_us=202
BATCH stage=decode rows=8 tokens=8 us=1529 encode_us=34 native_us=1291 validate_us=203
BATCH stage=decode rows=8 tokens=8 us=1527 encode_us=34 native_us=1288 validate_us=204
BATCH stage=decode rows=8 tokens=8 us=1442 encode_us=28 native_us=1214 validate_us=198
BATCH stage=prefill rows=1 tokens=16 us=2496 encode_us=19 native_us=2432 validate_us=45
BATCH stage=decode rows=8 tokens=8 us=1456 encode_us=23 native_us=1237 validate_us=195
BATCH stage=decode rows=8 tokens=8 us=1518 encode_us=26 native_us=1295 validate_us=196
BATCH stage=decode rows=8 tokens=8 us=1520 encode_us=37 native_us=1276 validate_us=205
BATCH stage=decode rows=8 tokens=8 us=1414 encode_us=23 native_us=1195 validate_us=194
BATCH stage=decode rows=8 tokens=8 us=1450 encode_us=26 native_us=1226 validate_us=196
BATCH stage=decode rows=8 tokens=8 us=1525 encode_us=31 native_us=1293 validate_us=200
BATCH stage=decode rows=8 tokens=8 us=1507 encode_us=31 native_us=1273 validate_us=202
BATCH stage=decode rows=8 tokens=8 us=1417 encode_us=23 native_us=1199 validate_us=194
BATCH stage=decode rows=8 tokens=8 us=1472 encode_us=27 native_us=1246 validate_us=198
BATCH stage=decode rows=8 tokens=8 us=1523 encode_us=31 native_us=1292 validate_us=200
BATCH stage=decode rows=8 tokens=8 us=1516 encode_us=32 native_us=1282 validate_us=201
BATCH stage=decode rows=8 tokens=8 us=1426 encode_us=23 native_us=1206 validate_us=196
BATCH stage=decode rows=8 tokens=8 us=1462 encode_us=24 native_us=1243 validate_us=193
BATCH stage=decode rows=8 tokens=8 us=1517 encode_us=27 native_us=1292 validate_us=197
BATCH stage=decode rows=8 tokens=8 us=1531 encode_us=33 native_us=1292 validate_us=204
BATCH stage=decode rows=8 tokens=8 us=1418 encode_us=21 native_us=1204 validate_us=191
BATCH stage=decode rows=8 tokens=8 us=1460 encode_us=23 native_us=1243 validate_us=194
BATCH stage=decode rows=8 tokens=8 us=1523 encode_us=29 native_us=1294 validate_us=199
BATCH stage=decode rows=8 tokens=8 us=1519 encode_us=30 native_us=1288 validate_us=200
BATCH stage=decode rows=8 tokens=8 us=1422 encode_us=22 native_us=1208 validate_us=191
BATCH stage=decode rows=8 tokens=8 us=1452 encode_us=22 native_us=1237 validate_us=192
BATCH stage=decode rows=8 tokens=8 us=1517 encode_us=25 native_us=1294 validate_us=197
BATCH stage=decode rows=8 tokens=8 us=1524 encode_us=28 native_us=1292 validate_us=203
BATCH stage=decode rows=8 tokens=8 us=1440 encode_us=22 native_us=1209 validate_us=207
BATCH stage=decode rows=8 tokens=8 us=1473 encode_us=29 native_us=1245 validate_us=198
BATCH stage=decode rows=8 tokens=8 us=1530 encode_us=30 native_us=1300 validate_us=199
BATCH stage=decode rows=8 tokens=8 us=1528 encode_us=36 native_us=1286 validate_us=205
BATCH stage=prefill rows=1 tokens=128 us=2989 encode_us=25 native_us=2911 validate_us=52
BATCH stage=decode rows=8 tokens=8 us=1424 encode_us=23 native_us=1206 validate_us=194
BATCH stage=decode rows=8 tokens=8 us=1459 encode_us=25 native_us=1239 validate_us=195
BATCH stage=prefill rows=1 tokens=398 us=6746 encode_us=26 native_us=6662 validate_us=57
BATCH stage=decode rows=8 tokens=8 us=1594 encode_us=40 native_us=1342 validate_us=211
BATCH stage=decode rows=8 tokens=8 us=1501 encode_us=33 native_us=1265 validate_us=202
BATCH stage=decode rows=8 tokens=8 us=1418 encode_us=24 native_us=1199 validate_us=194
BATCH stage=decode rows=8 tokens=8 us=1467 encode_us=29 native_us=1240 validate_us=197
BATCH stage=decode rows=8 tokens=8 us=1537 encode_us=31 native_us=1303 validate_us=202
BATCH stage=decode rows=8 tokens=8 us=1494 encode_us=33 native_us=1258 validate_us=202
BATCH stage=prefill rows=1 tokens=16 us=2505 encode_us=18 native_us=2431 validate_us=56
BATCH stage=decode rows=8 tokens=8 us=1428 encode_us=25 native_us=1207 validate_us=196
BATCH stage=decode rows=8 tokens=8 us=1467 encode_us=27 native_us=1243 validate_us=196
BATCH stage=decode rows=8 tokens=8 us=1538 encode_us=30 native_us=1299 validate_us=208
BATCH stage=decode rows=8 tokens=8 us=1472 encode_us=30 native_us=1242 validate_us=198
BATCH stage=decode rows=8 tokens=8 us=1422 encode_us=21 native_us=1209 validate_us=191
BATCH stage=decode rows=8 tokens=8 us=1468 encode_us=28 native_us=1243 validate_us=197
BATCH stage=decode rows=8 tokens=8 us=1530 encode_us=34 native_us=1293 validate_us=202
BATCH stage=prefill rows=1 tokens=128 us=2988 encode_us=25 native_us=2912 validate_us=49
BATCH stage=decode rows=8 tokens=8 us=1479 encode_us=29 native_us=1250 validate_us=198
BATCH stage=decode rows=8 tokens=8 us=1418 encode_us=21 native_us=1205 validate_us=191
BATCH stage=decode rows=8 tokens=8 us=1543 encode_us=27 native_us=1317 validate_us=197
BATCH stage=prefill rows=1 tokens=398 us=6726 encode_us=26 native_us=6645 validate_us=54
BATCH stage=decode rows=8 tokens=8 us=1532 encode_us=35 native_us=1293 validate_us=203
BATCH stage=decode rows=8 tokens=8 us=1485 encode_us=30 native_us=1252 validate_us=202
BATCH stage=decode rows=8 tokens=8 us=1527 encode_us=23 native_us=1307 validate_us=196
BATCH stage=decode rows=8 tokens=8 us=1466 encode_us=27 native_us=1241 validate_us=196
BATCH stage=prefill rows=1 tokens=16 us=2488 encode_us=15 native_us=2429 validate_us=43
BATCH stage=decode rows=8 tokens=8 us=1511 encode_us=27 native_us=1286 validate_us=197
BATCH stage=decode rows=8 tokens=8 us=1486 encode_us=27 native_us=1259 validate_us=199
BATCH stage=decode rows=8 tokens=8 us=1452 encode_us=20 native_us=1240 validate_us=190
BATCH stage=decode rows=8 tokens=8 us=1456 encode_us=31 native_us=1227 validate_us=198
BATCH stage=prefill rows=1 tokens=128 us=2985 encode_us=23 native_us=2915 validate_us=47
BATCH stage=decode rows=8 tokens=8 us=1512 encode_us=29 native_us=1284 validate_us=198
BATCH stage=prefill rows=1 tokens=398 us=6707 encode_us=17 native_us=6642 validate_us=47
BATCH stage=decode rows=8 tokens=8 us=1494 encode_us=29 native_us=1263 validate_us=201
BATCH stage=decode rows=8 tokens=8 us=1439 encode_us=26 native_us=1217 validate_us=196
BATCH stage=decode rows=8 tokens=8 us=1544 encode_us=27 native_us=1315 validate_us=201
BATCH stage=decode rows=8 tokens=8 us=1513 encode_us=30 native_us=1284 validate_us=198
BATCH stage=prefill rows=1 tokens=16 us=2486 encode_us=19 native_us=2424 validate_us=43
BATCH stage=decode rows=8 tokens=8 us=1483 encode_us=30 native_us=1251 validate_us=201
BATCH stage=decode rows=8 tokens=8 us=1439 encode_us=22 native_us=1225 validate_us=192
BATCH stage=decode rows=8 tokens=8 us=1534 encode_us=25 native_us=1311 validate_us=197
BATCH stage=decode rows=8 tokens=8 us=1473 encode_us=31 native_us=1239 validate_us=201
BATCH stage=decode rows=8 tokens=8 us=1490 encode_us=30 native_us=1258 validate_us=201
BATCH stage=decode rows=8 tokens=8 us=1440 encode_us=26 native_us=1219 validate_us=195
BATCH stage=decode rows=8 tokens=8 us=1517 encode_us=31 native_us=1285 validate_us=200
BATCH stage=prefill rows=1 tokens=128 us=2993 encode_us=24 native_us=2913 validate_us=54
BATCH stage=decode rows=8 tokens=8 us=1478 encode_us=29 native_us=1248 validate_us=199
BATCH stage=prefill rows=1 tokens=398 us=6676 encode_us=19 native_us=6609 validate_us=47
BATCH stage=decode rows=8 tokens=8 us=1490 encode_us=29 native_us=1258 validate_us=202
BATCH stage=decode rows=8 tokens=8 us=1525 encode_us=28 native_us=1298 validate_us=197
BATCH stage=decode rows=8 tokens=8 us=1480 encode_us=27 native_us=1256 validate_us=197
BATCH stage=decode rows=8 tokens=8 us=1473 encode_us=27 native_us=1244 validate_us=201
BATCH stage=decode rows=8 tokens=8 us=1477 encode_us=29 native_us=1250 validate_us=198
BATCH stage=decode rows=8 tokens=8 us=1502 encode_us=25 native_us=1280 validate_us=195
BATCH stage=decode rows=8 tokens=8 us=1462 encode_us=26 native_us=1237 validate_us=197
BATCH stage=decode rows=8 tokens=8 us=1462 encode_us=25 native_us=1241 validate_us=194
BATCH stage=decode rows=8 tokens=8 us=1483 encode_us=26 native_us=1258 validate_us=198
BATCH stage=decode rows=8 tokens=8 us=1507 encode_us=30 native_us=1277 validate_us=199
BATCH stage=decode rows=8 tokens=8 us=1461 encode_us=26 native_us=1240 validate_us=195
BATCH stage=decode rows=8 tokens=8 us=1465 encode_us=24 native_us=1246 validate_us=194
BATCH stage=decode rows=8 tokens=8 us=1488 encode_us=30 native_us=1254 validate_us=204
BATCH stage=decode rows=8 tokens=8 us=1509 encode_us=27 native_us=1285 validate_us=196
BATCH stage=decode rows=8 tokens=8 us=1460 encode_us=24 native_us=1240 validate_us=194
BATCH stage=decode rows=8 tokens=8 us=1469 encode_us=28 native_us=1244 validate_us=196
BATCH stage=decode rows=8 tokens=8 us=1481 encode_us=28 native_us=1253 validate_us=199
BATCH stage=decode rows=8 tokens=8 us=1502 encode_us=24 native_us=1283 validate_us=194
BATCH stage=decode rows=8 tokens=8 us=1460 encode_us=25 native_us=1238 validate_us=196
BATCH stage=decode rows=8 tokens=8 us=1448 encode_us=25 native_us=1228 validate_us=194
BATCH stage=decode rows=8 tokens=8 us=1473 encode_us=25 native_us=1244 validate_us=203
BATCH stage=decode rows=8 tokens=8 us=1514 encode_us=26 native_us=1288 validate_us=199
BATCH stage=decode rows=8 tokens=8 us=1451 encode_us=23 native_us=1234 validate_us=194
BATCH stage=decode rows=8 tokens=8 us=1469 encode_us=24 native_us=1244 validate_us=200
BATCH stage=decode rows=8 tokens=8 us=1481 encode_us=28 native_us=1254 validate_us=198
BATCH stage=decode rows=8 tokens=8 us=1504 encode_us=27 native_us=1282 validate_us=194
BATCH stage=decode rows=8 tokens=8 us=1456 encode_us=25 native_us=1234 validate_us=197
BATCH stage=decode rows=8 tokens=8 us=1472 encode_us=25 native_us=1250 validate_us=196
BATCH stage=decode rows=8 tokens=8 us=1488 encode_us=27 native_us=1257 validate_us=203
BATCH stage=decode rows=8 tokens=8 us=1516 encode_us=27 native_us=1289 validate_us=199
BATCH stage=decode rows=8 tokens=8 us=1494 encode_us=25 native_us=1268 validate_us=200
BATCH stage=decode rows=8 tokens=8 us=1473 encode_us=27 native_us=1247 validate_us=198
BATCH stage=decode rows=8 tokens=8 us=1489 encode_us=27 native_us=1263 validate_us=198
BATCH stage=decode rows=8 tokens=8 us=1545 encode_us=30 native_us=1293 validate_us=221
BATCH stage=decode rows=8 tokens=8 us=1513 encode_us=28 native_us=1283 validate_us=200
BATCH stage=prefill rows=1 tokens=16 us=2493 encode_us=18 native_us=2428 validate_us=46
BATCH stage=decode rows=8 tokens=8 us=1466 encode_us=27 native_us=1241 validate_us=196
BATCH stage=decode rows=8 tokens=8 us=1488 encode_us=30 native_us=1254 validate_us=203
BATCH stage=decode rows=8 tokens=8 us=1549 encode_us=27 native_us=1319 validate_us=203
BATCH stage=decode rows=8 tokens=8 us=1436 encode_us=25 native_us=1210 validate_us=199
BATCH stage=decode rows=8 tokens=8 us=1471 encode_us=27 native_us=1245 validate_us=198
BATCH stage=decode rows=8 tokens=8 us=1482 encode_us=25 native_us=1255 validate_us=200
BATCH stage=decode rows=8 tokens=8 us=1719 encode_us=28 native_us=1354 validate_us=336
BATCH stage=decode rows=8 tokens=8 us=1662 encode_us=46 native_us=1284 validate_us=331
BATCH stage=decode rows=8 tokens=8 us=1700 encode_us=48 native_us=1320 validate_us=330
BATCH stage=decode rows=8 tokens=8 us=1535 encode_us=50 native_us=1265 validate_us=218
BATCH stage=decode rows=8 tokens=8 us=1532 encode_us=32 native_us=1295 validate_us=205
BATCH stage=decode rows=8 tokens=8 us=1451 encode_us=28 native_us=1216 validate_us=207
BATCH stage=decode rows=8 tokens=8 us=1497 encode_us=36 native_us=1258 validate_us=203
BATCH stage=decode rows=8 tokens=8 us=1690 encode_us=36 native_us=1309 validate_us=344
BATCH stage=decode rows=8 tokens=8 us=1732 encode_us=53 native_us=1352 validate_us=326
BATCH stage=decode rows=8 tokens=8 us=1666 encode_us=45 native_us=1295 validate_us=325
BATCH stage=decode rows=8 tokens=8 us=1678 encode_us=48 native_us=1312 validate_us=317
BATCH stage=decode rows=8 tokens=8 us=1707 encode_us=49 native_us=1330 validate_us=328
BATCH stage=decode rows=8 tokens=8 us=1587 encode_us=45 native_us=1326 validate_us=215
BATCH stage=decode rows=8 tokens=8 us=1446 encode_us=29 native_us=1219 validate_us=198
BATCH stage=decode rows=8 tokens=8 us=1490 encode_us=31 native_us=1260 validate_us=198
BATCH stage=decode rows=8 tokens=8 us=1518 encode_us=29 native_us=1281 validate_us=207
BATCH stage=decode rows=8 tokens=8 us=1514 encode_us=35 native_us=1273 validate_us=205
BATCH stage=decode rows=8 tokens=8 us=1436 encode_us=28 native_us=1210 validate_us=197
BATCH stage=prefill rows=1 tokens=128 us=2981 encode_us=24 native_us=2906 validate_us=51
BATCH stage=decode rows=8 tokens=8 us=1486 encode_us=31 native_us=1255 validate_us=200
BATCH stage=decode rows=8 tokens=8 us=1500 encode_us=30 native_us=1268 validate_us=201
BATCH stage=decode rows=8 tokens=8 us=1497 encode_us=27 native_us=1269 validate_us=200
BATCH stage=decode rows=8 tokens=8 us=1429 encode_us=25 native_us=1209 validate_us=193
BATCH stage=decode rows=8 tokens=8 us=1482 encode_us=27 native_us=1258 validate_us=196
BATCH stage=decode rows=8 tokens=8 us=1529 encode_us=34 native_us=1292 validate_us=202
BATCH stage=decode rows=8 tokens=8 us=1508 encode_us=28 native_us=1281 validate_us=198
BATCH stage=decode rows=8 tokens=8 us=1431 encode_us=24 native_us=1212 validate_us=194
BATCH stage=decode rows=8 tokens=8 us=1484 encode_us=26 native_us=1254 validate_us=203
BATCH stage=decode rows=8 tokens=8 us=1525 encode_us=31 native_us=1291 validate_us=201
BATCH stage=decode rows=8 tokens=8 us=1517 encode_us=28 native_us=1291 validate_us=197
BATCH stage=decode rows=8 tokens=8 us=1434 encode_us=26 native_us=1211 validate_us=196
BATCH stage=decode rows=8 tokens=8 us=1477 encode_us=26 native_us=1254 validate_us=196
BATCH stage=decode rows=8 tokens=8 us=1505 encode_us=28 native_us=1278 validate_us=198
BATCH stage=prefill rows=1 tokens=398 us=6736 encode_us=27 native_us=6656 validate_us=52
BATCH stage=decode rows=8 tokens=8 us=1530 encode_us=31 native_us=1292 validate_us=206
BATCH stage=decode rows=8 tokens=8 us=1435 encode_us=28 native_us=1210 validate_us=196
BATCH stage=decode rows=8 tokens=8 us=1545 encode_us=29 native_us=1315 validate_us=200
BATCH stage=decode rows=8 tokens=8 us=1519 encode_us=32 native_us=1282 validate_us=204
BATCH stage=decode rows=8 tokens=8 us=1513 encode_us=28 native_us=1285 validate_us=200
BATCH stage=decode rows=8 tokens=8 us=1444 encode_us=30 native_us=1212 validate_us=201
BATCH stage=prefill rows=1 tokens=16 us=2493 encode_us=19 native_us=2428 validate_us=45
BATCH stage=decode rows=8 tokens=8 us=1496 encode_us=29 native_us=1270 validate_us=196
BATCH stage=decode rows=8 tokens=8 us=1513 encode_us=26 native_us=1287 validate_us=199
BATCH stage=decode rows=8 tokens=8 us=1484 encode_us=28 native_us=1258 validate_us=198
BATCH stage=decode rows=8 tokens=8 us=1420 encode_us=22 native_us=1206 validate_us=191
BATCH stage=decode rows=8 tokens=8 us=1511 encode_us=26 native_us=1289 validate_us=195
BATCH stage=decode rows=8 tokens=8 us=1522 encode_us=27 native_us=1293 validate_us=201
BATCH stage=decode rows=8 tokens=8 us=1484 encode_us=27 native_us=1257 validate_us=199
BATCH stage=decode rows=8 tokens=8 us=1424 encode_us=21 native_us=1205 validate_us=196
BATCH stage=decode rows=8 tokens=8 us=1503 encode_us=28 native_us=1276 validate_us=198
BATCH stage=decode rows=8 tokens=8 us=1499 encode_us=27 native_us=1273 validate_us=198
BATCH stage=decode rows=8 tokens=8 us=1472 encode_us=28 native_us=1244 validate_us=198
BATCH stage=decode rows=8 tokens=8 us=1414 encode_us=21 native_us=1200 validate_us=192
BATCH stage=decode rows=8 tokens=8 us=1517 encode_us=29 native_us=1288 validate_us=199
BATCH stage=decode rows=8 tokens=8 us=1519 encode_us=29 native_us=1292 validate_us=197
BATCH stage=decode rows=8 tokens=8 us=1500 encode_us=29 native_us=1267 validate_us=203
BATCH stage=prefill rows=1 tokens=128 us=2974 encode_us=23 native_us=2903 validate_us=47
BATCH stage=decode rows=8 tokens=8 us=1431 encode_us=28 native_us=1204 validate_us=198
BATCH stage=prefill rows=1 tokens=398 us=6705 encode_us=20 native_us=6638 validate_us=46
BATCH stage=decode rows=8 tokens=8 us=1520 encode_us=28 native_us=1292 validate_us=198
BATCH stage=decode rows=8 tokens=8 us=1530 encode_us=29 native_us=1300 validate_us=199
BATCH stage=decode rows=8 tokens=8 us=1463 encode_us=25 native_us=1236 validate_us=200
BATCH stage=decode rows=8 tokens=8 us=1442 encode_us=23 native_us=1222 validate_us=196
BATCH stage=decode rows=8 tokens=8 us=1526 encode_us=28 native_us=1297 validate_us=201
BATCH stage=decode rows=8 tokens=8 us=1534 encode_us=36 native_us=1294 validate_us=204
BATCH stage=prefill rows=1 tokens=16 us=2497 encode_us=19 native_us=2432 validate_us=45
BATCH stage=decode rows=8 tokens=8 us=1459 encode_us=26 native_us=1231 validate_us=201
BATCH stage=decode rows=8 tokens=8 us=1427 encode_us=23 native_us=1210 validate_us=192
BATCH stage=decode rows=8 tokens=8 us=1545 encode_us=28 native_us=1316 validate_us=200
BATCH stage=decode rows=8 tokens=8 us=1518 encode_us=29 native_us=1289 validate_us=198
BATCH stage=decode rows=8 tokens=8 us=1444 encode_us=25 native_us=1223 validate_us=195
BATCH stage=decode rows=8 tokens=8 us=1431 encode_us=27 native_us=1207 validate_us=197
BATCH stage=decode rows=8 tokens=8 us=1522 encode_us=33 native_us=1287 validate_us=201
BATCH stage=prefill rows=1 tokens=128 us=2978 encode_us=24 native_us=2901 validate_us=51
BATCH stage=decode rows=8 tokens=8 us=1522 encode_us=33 native_us=1287 validate_us=201
BATCH stage=decode rows=8 tokens=8 us=1457 encode_us=27 native_us=1232 validate_us=197
BATCH stage=decode rows=8 tokens=8 us=1543 encode_us=28 native_us=1313 validate_us=201
BATCH stage=prefill rows=1 tokens=398 us=6694 encode_us=25 native_us=6616 validate_us=52
BATCH stage=decode rows=8 tokens=8 us=1485 encode_us=31 native_us=1256 validate_us=197
BATCH stage=prefill rows=1 tokens=16 us=2487 encode_us=16 native_us=2427 validate_us=42
BATCH stage=decode rows=8 tokens=8 us=1497 encode_us=26 native_us=1273 validate_us=197
BATCH stage=decode rows=8 tokens=8 us=1461 encode_us=27 native_us=1237 validate_us=196
BATCH stage=decode rows=8 tokens=8 us=1691 encode_us=46 native_us=1321 validate_us=322
BATCH stage=prefill rows=1 tokens=128 us=3104 encode_us=38 native_us=2974 validate_us=91
BATCH stage=decode rows=8 tokens=8 us=1475 encode_us=34 native_us=1236 validate_us=204
BATCH stage=decode rows=8 tokens=8 us=1543 encode_us=30 native_us=1294 validate_us=217
BATCH stage=prefill rows=1 tokens=398 us=6732 encode_us=26 native_us=6652 validate_us=53
BATCH stage=decode rows=8 tokens=8 us=1483 encode_us=32 native_us=1250 validate_us=199
BATCH stage=decode rows=8 tokens=8 us=1403 encode_us=23 native_us=1186 validate_us=193
BATCH stage=decode rows=8 tokens=8 us=1524 encode_us=25 native_us=1298 validate_us=199
BATCH stage=decode rows=8 tokens=8 us=1490 encode_us=30 native_us=1260 validate_us=199
BATCH stage=decode rows=8 tokens=8 us=1481 encode_us=28 native_us=1254 validate_us=198
BATCH stage=decode rows=8 tokens=8 us=1423 encode_us=21 native_us=1209 validate_us=193
BATCH stage=decode rows=8 tokens=8 us=1510 encode_us=30 native_us=1281 validate_us=199
BATCH stage=decode rows=8 tokens=8 us=1483 encode_us=27 native_us=1255 validate_us=199
BATCH stage=prefill rows=1 tokens=16 us=2474 encode_us=16 native_us=2414 validate_us=43
BATCH stage=decode rows=8 tokens=8 us=1473 encode_us=26 native_us=1250 validate_us=196
BATCH stage=decode rows=8 tokens=8 us=1420 encode_us=23 native_us=1202 validate_us=193
BATCH stage=decode rows=8 tokens=8 us=1464 encode_us=24 native_us=1244 validate_us=194
BATCH stage=decode rows=8 tokens=8 us=1476 encode_us=27 native_us=1251 validate_us=197
BATCH stage=decode rows=8 tokens=8 us=1465 encode_us=29 native_us=1236 validate_us=199
BATCH stage=decode rows=8 tokens=8 us=1409 encode_us=22 native_us=1192 validate_us=194
BATCH stage=decode rows=8 tokens=8 us=1470 encode_us=27 native_us=1246 validate_us=196
BATCH stage=decode rows=8 tokens=8 us=1463 encode_us=25 native_us=1242 validate_us=195
BATCH stage=decode rows=8 tokens=8 us=1470 encode_us=26 native_us=1247 validate_us=196
BATCH stage=decode rows=8 tokens=8 us=1415 encode_us=31 native_us=1190 validate_us=194
BATCH stage=decode rows=8 tokens=8 us=1464 encode_us=24 native_us=1245 validate_us=194
BATCH stage=decode rows=8 tokens=8 us=1455 encode_us=22 native_us=1234 validate_us=198
BATCH stage=decode rows=8 tokens=8 us=1477 encode_us=29 native_us=1246 validate_us=201
BATCH stage=decode rows=8 tokens=8 us=1420 encode_us=21 native_us=1206 validate_us=192
BATCH stage=decode rows=8 tokens=8 us=1481 encode_us=29 native_us=1254 validate_us=197
BATCH stage=decode rows=8 tokens=8 us=1458 encode_us=25 native_us=1238 validate_us=194
BATCH stage=decode rows=8 tokens=8 us=1470 encode_us=26 native_us=1241 validate_us=201
BATCH stage=decode rows=8 tokens=8 us=1410 encode_us=23 native_us=1193 validate_us=193
BATCH stage=decode rows=8 tokens=8 us=1485 encode_us=25 native_us=1265 validate_us=194
BATCH stage=decode rows=8 tokens=8 us=1458 encode_us=24 native_us=1234 validate_us=199
BATCH stage=decode rows=8 tokens=8 us=1470 encode_us=29 native_us=1241 validate_us=199
BATCH stage=decode rows=8 tokens=8 us=1425 encode_us=23 native_us=1208 validate_us=193
BATCH stage=decode rows=8 tokens=8 us=1501 encode_us=25 native_us=1267 validate_us=208
BATCH stage=decode rows=8 tokens=8 us=1456 encode_us=26 native_us=1234 validate_us=195
BATCH stage=decode rows=8 tokens=8 us=1464 encode_us=27 native_us=1241 validate_us=196
BATCH stage=decode rows=8 tokens=8 us=1411 encode_us=20 native_us=1194 validate_us=196
BATCH stage=decode rows=8 tokens=8 us=1496 encode_us=26 native_us=1273 validate_us=195
BATCH stage=decode rows=8 tokens=8 us=1453 encode_us=24 native_us=1234 validate_us=194
BATCH stage=decode rows=8 tokens=8 us=1486 encode_us=30 native_us=1257 validate_us=198
BATCH stage=decode rows=8 tokens=8 us=1411 encode_us=22 native_us=1195 validate_us=193
BATCH stage=decode rows=8 tokens=8 us=1493 encode_us=25 native_us=1274 validate_us=194
BATCH stage=decode rows=8 tokens=8 us=1467 encode_us=24 native_us=1244 validate_us=198
BATCH stage=decode rows=8 tokens=8 us=1484 encode_us=28 native_us=1257 validate_us=198
BATCH stage=decode rows=8 tokens=8 us=1425 encode_us=23 native_us=1209 validate_us=191
BATCH stage=decode rows=8 tokens=8 us=1523 encode_us=31 native_us=1289 validate_us=202
BATCH stage=prefill rows=1 tokens=128 us=2976 encode_us=25 native_us=2898 validate_us=51
BATCH stage=decode rows=8 tokens=8 us=1484 encode_us=29 native_us=1256 validate_us=199
BATCH stage=decode rows=8 tokens=8 us=1498 encode_us=36 native_us=1256 validate_us=205
BATCH stage=decode rows=8 tokens=8 us=1543 encode_us=29 native_us=1315 validate_us=198
BATCH stage=decode rows=8 tokens=8 us=1469 encode_us=26 native_us=1244 validate_us=198
BATCH stage=decode rows=8 tokens=8 us=1473 encode_us=25 native_us=1252 validate_us=195
BATCH stage=decode rows=8 tokens=8 us=1483 encode_us=28 native_us=1251 validate_us=203
BATCH stage=decode rows=8 tokens=8 us=1510 encode_us=26 native_us=1284 validate_us=199
BATCH stage=prefill rows=1 tokens=398 us=6708 encode_us=26 native_us=6630 validate_us=51
BATCH stage=decode rows=8 tokens=8 us=1482 encode_us=29 native_us=1253 validate_us=199
BATCH stage=decode rows=8 tokens=8 us=1486 encode_us=33 native_us=1250 validate_us=202
BATCH stage=decode rows=8 tokens=8 us=1560 encode_us=33 native_us=1323 validate_us=202
BATCH stage=decode rows=8 tokens=8 us=1448 encode_us=27 native_us=1222 validate_us=197
BATCH stage=decode rows=8 tokens=8 us=1458 encode_us=27 native_us=1226 validate_us=203
BATCH stage=decode rows=8 tokens=8 us=1479 encode_us=29 native_us=1252 validate_us=197
BATCH stage=decode rows=8 tokens=8 us=1529 encode_us=31 native_us=1297 validate_us=200
BATCH stage=decode rows=8 tokens=8 us=1432 encode_us=24 native_us=1210 validate_us=197
BATCH stage=decode rows=8 tokens=8 us=1458 encode_us=27 native_us=1233 validate_us=197
BATCH stage=decode rows=8 tokens=8 us=1476 encode_us=26 native_us=1248 validate_us=201
BATCH stage=decode rows=8 tokens=8 us=1532 encode_us=32 native_us=1298 validate_us=201
BATCH stage=decode rows=8 tokens=8 us=1445 encode_us=24 native_us=1226 validate_us=193
BATCH stage=decode rows=8 tokens=8 us=1469 encode_us=25 native_us=1243 validate_us=200
BATCH stage=decode rows=8 tokens=8 us=1479 encode_us=29 native_us=1251 validate_us=198
BATCH stage=decode rows=8 tokens=8 us=1541 encode_us=31 native_us=1307 validate_us=202
BATCH stage=decode rows=8 tokens=8 us=1451 encode_us=30 native_us=1220 validate_us=200
BATCH stage=decode rows=8 tokens=8 us=1466 encode_us=27 native_us=1241 validate_us=197
BATCH stage=decode rows=8 tokens=8 us=1470 encode_us=26 native_us=1245 validate_us=198
BATCH stage=decode rows=8 tokens=8 us=1529 encode_us=33 native_us=1293 validate_us=202
BATCH stage=decode rows=8 tokens=8 us=1459 encode_us=28 native_us=1232 validate_us=197
BATCH stage=prefill rows=1 tokens=16 us=2495 encode_us=20 native_us=2428 validate_us=46
BATCH stage=decode rows=8 tokens=8 us=1493 encode_us=28 native_us=1266 validate_us=198
BATCH stage=decode rows=8 tokens=8 us=1476 encode_us=26 native_us=1249 validate_us=200
BATCH stage=decode rows=8 tokens=8 us=1525 encode_us=31 native_us=1293 validate_us=200
BATCH stage=decode rows=8 tokens=8 us=1445 encode_us=23 native_us=1227 validate_us=194
BATCH stage=decode rows=8 tokens=8 us=1493 encode_us=24 native_us=1274 validate_us=194
BATCH stage=decode rows=8 tokens=8 us=1471 encode_us=29 native_us=1245 validate_us=197
BATCH stage=decode rows=8 tokens=8 us=1515 encode_us=31 native_us=1281 validate_us=202
BATCH stage=decode rows=8 tokens=8 us=1445 encode_us=24 native_us=1225 validate_us=195
BATCH stage=decode rows=8 tokens=8 us=1511 encode_us=28 native_us=1286 validate_us=196
BATCH stage=decode rows=8 tokens=8 us=1493 encode_us=27 native_us=1267 validate_us=198
BATCH stage=decode rows=8 tokens=8 us=1520 encode_us=28 native_us=1293 validate_us=198
BATCH stage=decode rows=8 tokens=8 us=1443 encode_us=23 native_us=1222 validate_us=197
BATCH stage=decode rows=8 tokens=8 us=1504 encode_us=26 native_us=1282 validate_us=196
BATCH stage=decode rows=8 tokens=8 us=1508 encode_us=26 native_us=1286 validate_us=195
BATCH stage=decode rows=8 tokens=8 us=1528 encode_us=33 native_us=1293 validate_us=201
BATCH stage=decode rows=8 tokens=8 us=1447 encode_us=24 native_us=1227 validate_us=195
BATCH stage=decode rows=8 tokens=8 us=1515 encode_us=30 native_us=1283 validate_us=200
BATCH stage=prefill rows=1 tokens=128 us=2994 encode_us=26 native_us=2913 validate_us=54
BATCH stage=decode rows=8 tokens=8 us=1499 encode_us=30 native_us=1269 validate_us=198
BATCH stage=decode rows=8 tokens=8 us=1503 encode_us=29 native_us=1274 validate_us=200
BATCH stage=decode rows=8 tokens=8 us=1536 encode_us=25 native_us=1314 validate_us=196
BATCH stage=decode rows=8 tokens=8 us=1456 encode_us=27 native_us=1233 validate_us=196
BATCH stage=decode rows=8 tokens=8 us=1505 encode_us=26 native_us=1281 validate_us=197
BATCH stage=decode rows=8 tokens=8 us=1522 encode_us=26 native_us=1293 validate_us=202
BATCH stage=decode rows=8 tokens=8 us=1505 encode_us=27 native_us=1280 validate_us=197
BATCH stage=decode rows=8 tokens=8 us=1460 encode_us=26 native_us=1235 validate_us=199
BATCH stage=decode rows=8 tokens=8 us=1507 encode_us=27 native_us=1282 validate_us=196
BATCH stage=decode rows=8 tokens=8 us=1513 encode_us=27 native_us=1287 validate_us=197
BATCH stage=prefill rows=1 tokens=398 us=6722 encode_us=26 native_us=6644 validate_us=51
BATCH stage=decode rows=8 tokens=8 us=1518 encode_us=28 native_us=1292 validate_us=197
BATCH stage=decode rows=8 tokens=8 us=1453 encode_us=24 native_us=1233 validate_us=195
BATCH stage=decode rows=8 tokens=8 us=1560 encode_us=29 native_us=1324 validate_us=206
BATCH stage=decode rows=8 tokens=8 us=1496 encode_us=33 native_us=1260 validate_us=202
BATCH stage=prefill rows=1 tokens=16 us=2492 encode_us=19 native_us=2425 validate_us=46
BATCH stage=decode rows=8 tokens=8 us=1522 encode_us=26 native_us=1280 validate_us=215
BATCH stage=decode rows=8 tokens=8 us=1459 encode_us=26 native_us=1237 validate_us=196
BATCH stage=decode rows=8 tokens=8 us=1513 encode_us=27 native_us=1289 validate_us=196
BATCH stage=decode rows=8 tokens=8 us=1472 encode_us=26 native_us=1247 validate_us=197
BATCH stage=decode rows=8 tokens=8 us=1506 encode_us=25 native_us=1286 validate_us=194
BATCH stage=decode rows=8 tokens=8 us=1457 encode_us=25 native_us=1235 validate_us=196
BATCH stage=decode rows=8 tokens=8 us=1513 encode_us=27 native_us=1289 validate_us=196
BATCH stage=decode rows=8 tokens=8 us=1484 encode_us=31 native_us=1249 validate_us=203
BATCH stage=prefill rows=1 tokens=128 us=2976 encode_us=22 native_us=2905 validate_us=47
BATCH stage=decode rows=8 tokens=8 us=1495 encode_us=27 native_us=1270 validate_us=197
BATCH stage=decode rows=8 tokens=8 us=1449 encode_us=25 native_us=1226 validate_us=198
BATCH stage=decode rows=8 tokens=8 us=1510 encode_us=32 native_us=1276 validate_us=200
BATCH stage=prefill rows=1 tokens=398 us=6716 encode_us=25 native_us=6639 validate_us=50
BATCH stage=decode rows=8 tokens=8 us=1454 encode_us=30 native_us=1224 validate_us=200
BATCH stage=decode rows=8 tokens=8 us=1512 encode_us=30 native_us=1283 validate_us=198
BATCH stage=decode rows=8 tokens=8 us=1527 encode_us=28 native_us=1302 validate_us=196
BATCH stage=decode rows=8 tokens=8 us=1488 encode_us=29 native_us=1257 validate_us=201
BATCH stage=decode rows=8 tokens=8 us=1448 encode_us=28 native_us=1223 validate_us=197
BATCH stage=decode rows=8 tokens=8 us=1494 encode_us=26 native_us=1272 validate_us=195
BATCH stage=decode rows=8 tokens=8 us=1523 encode_us=32 native_us=1282 validate_us=208
BATCH stage=prefill rows=1 tokens=16 us=2471 encode_us=20 native_us=2404 validate_us=45
BATCH stage=decode rows=8 tokens=8 us=1512 encode_us=36 native_us=1270 validate_us=205
BATCH stage=prefill rows=1 tokens=128 us=2958 encode_us=21 native_us=2889 validate_us=47
BATCH stage=decode rows=8 tokens=8 us=1445 encode_us=29 native_us=1217 validate_us=197
BATCH stage=decode rows=8 tokens=8 us=1529 encode_us=30 native_us=1300 validate_us=198
BATCH stage=prefill rows=1 tokens=398 us=6735 encode_us=26 native_us=6654 validate_us=53
BATCH stage=decode rows=8 tokens=8 us=1525 encode_us=29 native_us=1298 validate_us=197
BATCH stage=decode rows=8 tokens=8 us=1477 encode_us=29 native_us=1241 validate_us=205
BATCH stage=decode rows=8 tokens=8 us=1540 encode_us=26 native_us=1316 validate_us=197
BATCH stage=decode rows=8 tokens=8 us=1464 encode_us=31 native_us=1233 validate_us=199
BATCH stage=prefill rows=1 tokens=16 us=2473 encode_us=17 native_us=2412 validate_us=43
BATCH stage=decode rows=8 tokens=8 us=1491 encode_us=23 native_us=1273 validate_us=194
BATCH stage=decode rows=8 tokens=8 us=1471 encode_us=28 native_us=1243 validate_us=199
BATCH stage=decode rows=8 tokens=8 us=1434 encode_us=23 native_us=1216 validate_us=194
BATCH stage=decode rows=8 tokens=8 us=1431 encode_us=22 native_us=1210 validate_us=197
BATCH stage=decode rows=8 tokens=8 us=1502 encode_us=24 native_us=1283 validate_us=194
BATCH stage=decode rows=8 tokens=8 us=1477 encode_us=25 native_us=1257 validate_us=195
BATCH stage=decode rows=8 tokens=8 us=1443 encode_us=26 native_us=1220 validate_us=196
BATCH stage=prefill rows=1 tokens=128 us=2987 encode_us=22 native_us=2913 validate_us=51
BATCH stage=decode rows=8 tokens=8 us=1454 encode_us=31 native_us=1220 validate_us=201
BATCH stage=prefill rows=1 tokens=398 us=6711 encode_us=22 native_us=6641 validate_us=47
BATCH stage=decode rows=8 tokens=8 us=1496 encode_us=26 native_us=1273 validate_us=196
BATCH stage=decode rows=8 tokens=8 us=1478 encode_us=28 native_us=1252 validate_us=198
BATCH stage=decode rows=8 tokens=8 us=1438 encode_us=25 native_us=1218 validate_us=194
BATCH stage=decode rows=8 tokens=8 us=1440 encode_us=26 native_us=1219 validate_us=194
BATCH stage=decode rows=8 tokens=8 us=1490 encode_us=24 native_us=1268 validate_us=197
BATCH stage=decode rows=8 tokens=8 us=1490 encode_us=34 native_us=1255 validate_us=201
BATCH stage=decode rows=8 tokens=8 us=1442 encode_us=25 native_us=1222 validate_us=195
BATCH stage=decode rows=8 tokens=8 us=1444 encode_us=24 native_us=1224 validate_us=195
BATCH stage=decode rows=8 tokens=8 us=1505 encode_us=26 native_us=1282 validate_us=195
BATCH stage=decode rows=8 tokens=8 us=1473 encode_us=28 native_us=1244 validate_us=200
BATCH stage=decode rows=8 tokens=8 us=1427 encode_us=22 native_us=1209 validate_us=195
BATCH stage=decode rows=8 tokens=8 us=1439 encode_us=25 native_us=1219 validate_us=194
BATCH stage=decode rows=8 tokens=8 us=1483 encode_us=22 native_us=1266 validate_us=193
BATCH stage=decode rows=8 tokens=8 us=1483 encode_us=34 native_us=1250 validate_us=198
BATCH stage=decode rows=8 tokens=8 us=1439 encode_us=23 native_us=1216 validate_us=199
BATCH stage=decode rows=8 tokens=8 us=1450 encode_us=23 native_us=1232 validate_us=193
BATCH stage=decode rows=8 tokens=8 us=1506 encode_us=27 native_us=1282 validate_us=196
BATCH stage=decode rows=8 tokens=8 us=1473 encode_us=29 native_us=1245 validate_us=199
BATCH stage=decode rows=8 tokens=8 us=1452 encode_us=22 native_us=1236 validate_us=193
BATCH stage=decode rows=8 tokens=8 us=1462 encode_us=27 native_us=1236 validate_us=198
BATCH stage=decode rows=8 tokens=8 us=1500 encode_us=24 native_us=1281 validate_us=194
BATCH stage=decode rows=8 tokens=8 us=1495 encode_us=28 native_us=1264 validate_us=203
BATCH stage=decode rows=8 tokens=8 us=1443 encode_us=25 native_us=1222 validate_us=195
BATCH stage=decode rows=8 tokens=8 us=1457 encode_us=28 native_us=1234 validate_us=194
BATCH stage=decode rows=8 tokens=8 us=1505 encode_us=23 native_us=1283 validate_us=198
BATCH stage=decode rows=8 tokens=8 us=1473 encode_us=30 native_us=1243 validate_us=199
BATCH stage=decode rows=8 tokens=8 us=1430 encode_us=25 native_us=1209 validate_us=195
BATCH stage=decode rows=8 tokens=8 us=1437 encode_us=25 native_us=1216 validate_us=194
BATCH stage=decode rows=8 tokens=8 us=1513 encode_us=23 native_us=1291 validate_us=198
BATCH stage=decode rows=8 tokens=8 us=1497 encode_us=30 native_us=1265 validate_us=201
BATCH stage=decode rows=8 tokens=8 us=1441 encode_us=23 native_us=1225 validate_us=192
BATCH stage=decode rows=8 tokens=8 us=1441 encode_us=23 native_us=1222 validate_us=194
BATCH stage=decode rows=8 tokens=8 us=1507 encode_us=26 native_us=1284 validate_us=196
BATCH stage=decode rows=8 tokens=8 us=1501 encode_us=35 native_us=1264 validate_us=201
BATCH stage=prefill rows=1 tokens=16 us=2492 encode_us=18 native_us=2429 validate_us=44
BATCH stage=decode rows=8 tokens=8 us=1445 encode_us=26 native_us=1223 validate_us=195
BATCH stage=decode rows=8 tokens=8 us=1454 encode_us=25 native_us=1234 validate_us=194
BATCH stage=decode rows=8 tokens=8 us=1504 encode_us=27 native_us=1281 validate_us=195
BATCH stage=decode rows=8 tokens=8 us=1475 encode_us=27 native_us=1251 validate_us=197
BATCH stage=decode rows=8 tokens=8 us=1458 encode_us=29 native_us=1226 validate_us=201
BATCH stage=decode rows=8 tokens=8 us=1441 encode_us=27 native_us=1217 validate_us=196
BATCH stage=decode rows=8 tokens=8 us=1504 encode_us=24 native_us=1285 validate_us=194
BATCH stage=decode rows=8 tokens=8 us=1484 encode_us=26 native_us=1256 validate_us=201
BATCH stage=decode rows=8 tokens=8 us=1459 encode_us=26 native_us=1238 validate_us=194
BATCH stage=decode rows=8 tokens=8 us=1438 encode_us=24 native_us=1217 validate_us=196
BATCH stage=decode rows=8 tokens=8 us=1491 encode_us=23 native_us=1271 validate_us=196
BATCH stage=decode rows=8 tokens=8 us=1478 encode_us=28 native_us=1251 validate_us=197
BATCH stage=decode rows=8 tokens=8 us=1458 encode_us=23 native_us=1242 validate_us=193
BATCH stage=decode rows=8 tokens=8 us=1454 encode_us=26 native_us=1228 validate_us=200
BATCH stage=decode rows=8 tokens=8 us=1494 encode_us=26 native_us=1267 validate_us=200
BATCH stage=decode rows=8 tokens=8 us=1473 encode_us=27 native_us=1249 validate_us=197
BATCH stage=decode rows=8 tokens=8 us=1457 encode_us=23 native_us=1241 validate_us=193
BATCH stage=decode rows=8 tokens=8 us=1461 encode_us=26 native_us=1241 validate_us=194
BATCH stage=decode rows=8 tokens=8 us=1508 encode_us=28 native_us=1282 validate_us=197
BATCH stage=decode rows=8 tokens=8 us=1473 encode_us=29 native_us=1242 validate_us=201
BATCH stage=decode rows=8 tokens=8 us=1457 encode_us=27 native_us=1234 validate_us=196
BATCH stage=decode rows=8 tokens=8 us=1463 encode_us=26 native_us=1241 validate_us=195
BATCH stage=decode rows=8 tokens=8 us=1505 encode_us=24 native_us=1284 validate_us=195
BATCH stage=decode rows=8 tokens=8 us=1486 encode_us=32 native_us=1254 validate_us=198
BATCH stage=decode rows=8 tokens=8 us=1466 encode_us=25 native_us=1242 validate_us=199
BATCH stage=decode rows=8 tokens=8 us=1468 encode_us=26 native_us=1242 validate_us=199
BATCH stage=prefill rows=1 tokens=128 us=2982 encode_us=23 native_us=2908 validate_us=49
BATCH stage=decode rows=8 tokens=8 us=1528 encode_us=33 native_us=1290 validate_us=203
BATCH stage=prefill rows=1 tokens=398 us=6707 encode_us=23 native_us=6633 validate_us=49
BATCH stage=decode rows=8 tokens=8 us=1493 encode_us=32 native_us=1260 validate_us=200
BATCH stage=decode rows=8 tokens=8 us=1480 encode_us=26 native_us=1257 validate_us=197
BATCH stage=decode rows=8 tokens=8 us=1530 encode_us=29 native_us=1301 validate_us=198
BATCH stage=decode rows=8 tokens=8 us=1500 encode_us=30 native_us=1271 validate_us=198
BATCH stage=decode rows=8 tokens=8 us=1495 encode_us=28 native_us=1268 validate_us=198
BATCH stage=decode rows=8 tokens=8 us=1463 encode_us=25 native_us=1241 validate_us=195
BATCH stage=decode rows=8 tokens=8 us=1515 encode_us=26 native_us=1283 validate_us=205
BATCH stage=decode rows=8 tokens=8 us=1519 encode_us=28 native_us=1294 validate_us=197
BATCH stage=decode rows=8 tokens=8 us=1515 encode_us=29 native_us=1286 validate_us=199
BATCH stage=decode rows=8 tokens=8 us=1469 encode_us=25 native_us=1247 validate_us=196
BATCH stage=decode rows=8 tokens=8 us=1513 encode_us=29 native_us=1285 validate_us=198
BATCH stage=decode rows=8 tokens=8 us=1508 encode_us=26 native_us=1285 validate_us=196
BATCH stage=decode rows=8 tokens=8 us=1515 encode_us=26 native_us=1292 validate_us=196
BATCH stage=decode rows=8 tokens=8 us=1471 encode_us=28 native_us=1245 validate_us=197
BATCH stage=decode rows=8 tokens=8 us=1518 encode_us=29 native_us=1288 validate_us=200
BATCH stage=decode rows=8 tokens=8 us=1506 encode_us=27 native_us=1281 validate_us=197
BATCH stage=decode rows=8 tokens=8 us=1512 encode_us=30 native_us=1276 validate_us=204
BATCH stage=decode rows=8 tokens=8 us=1471 encode_us=29 native_us=1242 validate_us=199
BATCH stage=decode rows=8 tokens=8 us=1514 encode_us=27 native_us=1289 validate_us=197
BATCH stage=decode rows=8 tokens=8 us=1514 encode_us=30 native_us=1284 validate_us=199
BATCH stage=prefill rows=1 tokens=16 us=2490 encode_us=18 native_us=2426 validate_us=45
BATCH stage=decode rows=8 tokens=8 us=1514 encode_us=27 native_us=1290 validate_us=196
BATCH stage=decode rows=8 tokens=8 us=1468 encode_us=23 native_us=1247 validate_us=197
BATCH stage=decode rows=8 tokens=8 us=1538 encode_us=27 native_us=1314 validate_us=196
BATCH stage=decode rows=8 tokens=8 us=1468 encode_us=22 native_us=1253 validate_us=192
BATCH stage=decode rows=8 tokens=8 us=1525 encode_us=30 native_us=1293 validate_us=201
BATCH stage=decode rows=8 tokens=8 us=1464 encode_us=26 native_us=1242 validate_us=195
BATCH stage=decode rows=8 tokens=8 us=1519 encode_us=29 native_us=1291 validate_us=198
BATCH stage=decode rows=8 tokens=8 us=1463 encode_us=24 native_us=1245 validate_us=193
BATCH stage=decode rows=8 tokens=8 us=1518 encode_us=27 native_us=1293 validate_us=197
BATCH stage=decode rows=8 tokens=8 us=1475 encode_us=24 native_us=1253 validate_us=197
BATCH stage=decode rows=8 tokens=8 us=1522 encode_us=30 native_us=1292 validate_us=199
BATCH stage=prefill rows=1 tokens=128 us=2992 encode_us=25 native_us=2915 validate_us=51
BATCH stage=decode rows=8 tokens=8 us=1474 encode_us=26 native_us=1250 validate_us=197
BATCH stage=decode rows=8 tokens=8 us=1523 encode_us=28 native_us=1297 validate_us=197
BATCH stage=decode rows=8 tokens=8 us=1542 encode_us=26 native_us=1318 validate_us=197
BATCH stage=decode rows=8 tokens=8 us=1456 encode_us=31 native_us=1226 validate_us=198
BATCH stage=prefill rows=1 tokens=398 us=6707 encode_us=26 native_us=6628 validate_us=52
BATCH stage=decode rows=8 tokens=8 us=1477 encode_us=27 native_us=1251 validate_us=198
BATCH stage=decode rows=8 tokens=8 us=1532 encode_us=30 native_us=1295 validate_us=207
BATCH stage=decode rows=8 tokens=8 us=1517 encode_us=32 native_us=1283 validate_us=201
BATCH stage=decode rows=8 tokens=8 us=1443 encode_us=26 native_us=1221 validate_us=196
BATCH stage=decode rows=8 tokens=8 us=1467 encode_us=24 native_us=1246 validate_us=196
BATCH stage=decode rows=8 tokens=8 us=1507 encode_us=27 native_us=1283 validate_us=197
BATCH stage=decode rows=8 tokens=8 us=1524 encode_us=33 native_us=1289 validate_us=201
BATCH stage=decode rows=8 tokens=8 us=1456 encode_us=27 native_us=1232 validate_us=196
BATCH stage=prefill rows=1 tokens=16 us=2490 encode_us=19 native_us=2426 validate_us=44
BATCH stage=decode rows=8 tokens=8 us=1458 encode_us=23 native_us=1239 validate_us=195
BATCH stage=decode rows=8 tokens=8 us=1524 encode_us=27 native_us=1297 validate_us=200
BATCH stage=decode rows=8 tokens=8 us=1460 encode_us=28 native_us=1235 validate_us=196
BATCH stage=decode rows=8 tokens=8 us=1426 encode_us=23 native_us=1209 validate_us=193
BATCH stage=decode rows=8 tokens=8 us=1455 encode_us=22 native_us=1235 validate_us=197
BATCH stage=decode rows=8 tokens=8 us=1533 encode_us=32 native_us=1299 validate_us=202
BATCH stage=prefill rows=1 tokens=128 us=2988 encode_us=23 native_us=2915 validate_us=48
BATCH stage=decode rows=8 tokens=8 us=1483 encode_us=31 native_us=1251 validate_us=201
BATCH stage=prefill rows=1 tokens=398 us=6718 encode_us=20 native_us=6650 validate_us=47
BATCH stage=decode rows=8 tokens=8 us=1447 encode_us=27 native_us=1222 validate_us=197
BATCH stage=decode rows=8 tokens=8 us=1530 encode_us=29 native_us=1302 validate_us=198
BATCH stage=decode rows=8 tokens=8 us=1491 encode_us=29 native_us=1265 validate_us=196
BATCH stage=prefill rows=1 tokens=16 us=2487 encode_us=16 native_us=2427 validate_us=43
BATCH stage=decode rows=8 tokens=8 us=1481 encode_us=25 native_us=1257 validate_us=198
BATCH stage=decode rows=8 tokens=8 us=1431 encode_us=25 native_us=1211 validate_us=193
BATCH stage=prefill rows=1 tokens=128 us=2982 encode_us=24 native_us=2908 validate_us=49
BATCH stage=decode rows=8 tokens=8 us=1532 encode_us=34 native_us=1295 validate_us=203
BATCH stage=prefill rows=1 tokens=398 us=6704 encode_us=24 native_us=6629 validate_us=50
BATCH stage=decode rows=8 tokens=8 us=1472 encode_us=29 native_us=1244 validate_us=199
BATCH stage=decode rows=8 tokens=8 us=1499 encode_us=32 native_us=1264 validate_us=203
BATCH stage=decode rows=8 tokens=8 us=1542 encode_us=27 native_us=1316 validate_us=198
BATCH stage=decode rows=8 tokens=8 us=1490 encode_us=30 native_us=1260 validate_us=198
BATCH stage=decode rows=8 tokens=8 us=1459 encode_us=26 native_us=1235 validate_us=197
BATCH stage=decode rows=8 tokens=8 us=1495 encode_us=30 native_us=1266 validate_us=198
BATCH stage=decode rows=8 tokens=8 us=1511 encode_us=24 native_us=1290 validate_us=196
BATCH stage=decode rows=8 tokens=8 us=1491 encode_us=31 native_us=1259 validate_us=200
BATCH stage=prefill rows=1 tokens=16 us=2491 encode_us=19 native_us=2427 validate_us=44
BATCH stage=decode rows=8 tokens=8 us=1454 encode_us=24 native_us=1235 validate_us=194
BATCH stage=decode rows=8 tokens=8 us=1493 encode_us=31 native_us=1261 validate_us=200
BATCH stage=decode rows=8 tokens=8 us=1481 encode_us=26 native_us=1258 validate_us=196
BATCH stage=decode rows=8 tokens=8 us=1472 encode_us=26 native_us=1250 validate_us=196
BATCH stage=decode rows=8 tokens=8 us=1465 encode_us=24 native_us=1242 validate_us=198
BATCH stage=decode rows=8 tokens=8 us=1490 encode_us=28 native_us=1262 validate_us=199
BATCH stage=decode rows=8 tokens=8 us=1486 encode_us=25 native_us=1265 validate_us=194
BATCH stage=decode rows=8 tokens=8 us=1474 encode_us=24 native_us=1249 validate_us=200
BATCH stage=decode rows=8 tokens=8 us=1465 encode_us=25 native_us=1244 validate_us=195
BATCH stage=decode rows=8 tokens=8 us=1488 encode_us=27 native_us=1262 validate_us=198
BATCH stage=decode rows=8 tokens=8 us=1510 encode_us=25 native_us=1286 validate_us=198
BATCH stage=decode rows=8 tokens=8 us=1470 encode_us=24 native_us=1252 validate_us=193
BATCH stage=decode rows=8 tokens=8 us=1465 encode_us=22 native_us=1247 validate_us=195
BATCH stage=decode rows=8 tokens=8 us=1493 encode_us=30 native_us=1262 validate_us=201
BATCH stage=decode rows=8 tokens=8 us=1512 encode_us=26 native_us=1288 validate_us=197
BATCH stage=decode rows=8 tokens=8 us=1477 encode_us=24 native_us=1255 validate_us=197
BATCH stage=decode rows=8 tokens=8 us=1464 encode_us=23 native_us=1243 validate_us=197
BATCH stage=decode rows=8 tokens=8 us=1478 encode_us=28 native_us=1252 validate_us=196
BATCH stage=decode rows=8 tokens=8 us=1500 encode_us=23 native_us=1282 validate_us=193
BATCH stage=decode rows=8 tokens=8 us=1471 encode_us=26 native_us=1249 validate_us=194
BATCH stage=decode rows=8 tokens=8 us=1457 encode_us=24 native_us=1238 validate_us=195
BATCH stage=decode rows=8 tokens=8 us=1488 encode_us=29 native_us=1260 validate_us=198
BATCH stage=decode rows=8 tokens=8 us=1506 encode_us=25 native_us=1286 validate_us=194
BATCH stage=decode rows=8 tokens=8 us=1492 encode_us=28 native_us=1259 validate_us=204
BATCH stage=decode rows=8 tokens=8 us=1464 encode_us=25 native_us=1244 validate_us=194
BATCH stage=decode rows=8 tokens=8 us=1487 encode_us=27 native_us=1261 validate_us=197
BATCH stage=decode rows=8 tokens=8 us=1505 encode_us=24 native_us=1283 validate_us=198
BATCH stage=decode rows=8 tokens=8 us=1470 encode_us=25 native_us=1250 validate_us=194
BATCH stage=decode rows=8 tokens=8 us=1460 encode_us=23 native_us=1241 validate_us=195
BATCH stage=decode rows=8 tokens=8 us=1495 encode_us=26 native_us=1267 validate_us=201
BATCH stage=decode rows=8 tokens=8 us=1506 encode_us=26 native_us=1284 validate_us=195
BATCH stage=decode rows=8 tokens=8 us=1469 encode_us=23 native_us=1251 validate_us=193
BATCH stage=decode rows=8 tokens=8 us=1461 encode_us=24 native_us=1240 validate_us=196
BATCH stage=decode rows=8 tokens=8 us=1489 encode_us=28 native_us=1261 validate_us=199
BATCH stage=prefill rows=1 tokens=128 us=2985 encode_us=26 native_us=2906 validate_us=52
BATCH stage=decode rows=8 tokens=8 us=1515 encode_us=31 native_us=1284 validate_us=199
BATCH stage=decode rows=8 tokens=8 us=1474 encode_us=27 native_us=1249 validate_us=197
BATCH stage=decode rows=8 tokens=8 us=1484 encode_us=28 native_us=1258 validate_us=198
BATCH stage=prefill rows=1 tokens=398 us=6721 encode_us=25 native_us=6643 validate_us=52
BATCH stage=decode rows=8 tokens=8 us=1480 encode_us=29 native_us=1249 validate_us=202
BATCH stage=decode rows=8 tokens=8 us=1509 encode_us=25 native_us=1287 validate_us=196
BATCH stage=decode rows=8 tokens=8 us=1484 encode_us=26 native_us=1261 validate_us=197
BATCH stage=decode rows=8 tokens=8 us=1490 encode_us=30 native_us=1261 validate_us=198
BATCH stage=decode rows=8 tokens=8 us=1474 encode_us=31 native_us=1241 validate_us=201
BATCH stage=decode rows=8 tokens=8 us=1516 encode_us=26 native_us=1288 validate_us=201
BATCH stage=decode rows=8 tokens=8 us=1499 encode_us=29 native_us=1272 validate_us=198
BATCH stage=decode rows=8 tokens=8 us=1485 encode_us=26 native_us=1261 validate_us=196
BATCH stage=decode rows=8 tokens=8 us=1476 encode_us=30 native_us=1243 validate_us=202
BATCH stage=decode rows=8 tokens=8 us=1509 encode_us=27 native_us=1284 validate_us=197
BATCH stage=decode rows=8 tokens=8 us=1507 encode_us=26 native_us=1282 validate_us=197
BATCH stage=decode rows=8 tokens=8 us=1493 encode_us=29 native_us=1261 validate_us=201
BATCH stage=decode rows=8 tokens=8 us=1479 encode_us=28 native_us=1252 validate_us=198
BATCH stage=decode rows=8 tokens=8 us=1509 encode_us=25 native_us=1287 validate_us=196
BATCH stage=decode rows=8 tokens=8 us=1513 encode_us=29 native_us=1285 validate_us=198
BATCH stage=decode rows=8 tokens=8 us=1482 encode_us=27 native_us=1256 validate_us=198
BATCH stage=decode rows=8 tokens=8 us=1481 encode_us=26 native_us=1256 validate_us=198
BATCH stage=decode rows=8 tokens=8 us=1514 encode_us=29 native_us=1287 validate_us=197
BATCH stage=decode rows=8 tokens=8 us=1520 encode_us=31 native_us=1287 validate_us=201
BATCH stage=prefill rows=1 tokens=16 us=2499 encode_us=20 native_us=2430 validate_us=47
BATCH stage=decode rows=8 tokens=8 us=1483 encode_us=32 native_us=1251 validate_us=200
BATCH stage=decode rows=8 tokens=8 us=1470 encode_us=29 native_us=1243 validate_us=198
BATCH stage=decode rows=8 tokens=8 us=1533 encode_us=25 native_us=1310 validate_us=197
BATCH stage=decode rows=8 tokens=8 us=1608 encode_us=27 native_us=1288 validate_us=292
BATCH stage=decode rows=8 tokens=8 us=1742 encode_us=52 native_us=1367 validate_us=323
BATCH stage=decode rows=8 tokens=8 us=1751 encode_us=50 native_us=1370 validate_us=330
BATCH stage=decode rows=8 tokens=8 us=1749 encode_us=45 native_us=1380 validate_us=322
BATCH stage=decode rows=8 tokens=8 us=1711 encode_us=42 native_us=1342 validate_us=326
BATCH stage=decode rows=8 tokens=8 us=1733 encode_us=45 native_us=1364 validate_us=324
BATCH stage=decode rows=8 tokens=8 us=1692 encode_us=45 native_us=1329 validate_us=317
BATCH stage=decode rows=8 tokens=8 us=1556 encode_us=43 native_us=1295 validate_us=217
BATCH stage=decode rows=8 tokens=8 us=1497 encode_us=33 native_us=1258 validate_us=205
BATCH stage=decode rows=8 tokens=8 us=1531 encode_us=34 native_us=1287 validate_us=209
BATCH stage=decode rows=8 tokens=8 us=1487 encode_us=33 native_us=1250 validate_us=203
BATCH stage=decode rows=8 tokens=8 us=1515 encode_us=28 native_us=1288 validate_us=198
BATCH stage=decode rows=8 tokens=8 us=1487 encode_us=26 native_us=1264 validate_us=196
BATCH stage=decode rows=8 tokens=8 us=1524 encode_us=31 native_us=1291 validate_us=202
BATCH stage=decode rows=8 tokens=8 us=1486 encode_us=28 native_us=1253 validate_us=205
BATCH stage=decode rows=8 tokens=8 us=1509 encode_us=25 native_us=1287 validate_us=196
BATCH stage=decode rows=8 tokens=8 us=1513 encode_us=30 native_us=1285 validate_us=198
BATCH stage=decode rows=8 tokens=8 us=1513 encode_us=28 native_us=1285 validate_us=200
BATCH stage=decode rows=8 tokens=8 us=1477 encode_us=26 native_us=1253 validate_us=197
BATCH stage=decode rows=8 tokens=8 us=1534 encode_us=28 native_us=1301 validate_us=204
BATCH stage=decode rows=8 tokens=8 us=1527 encode_us=27 native_us=1292 validate_us=207
BATCH stage=decode rows=8 tokens=8 us=1514 encode_us=33 native_us=1278 validate_us=201
BATCH stage=prefill rows=1 tokens=128 us=2988 encode_us=24 native_us=2909 validate_us=55
BATCH stage=decode rows=8 tokens=8 us=1497 encode_us=33 native_us=1260 validate_us=202
BATCH stage=prefill rows=1 tokens=398 us=6738 encode_us=25 native_us=6660 validate_us=53
BATCH stage=decode rows=8 tokens=8 us=1514 encode_us=27 native_us=1287 validate_us=199
BATCH stage=decode rows=8 tokens=8 us=1540 encode_us=30 native_us=1302 validate_us=208
BATCH stage=decode rows=8 tokens=8 us=1488 encode_us=29 native_us=1260 validate_us=199
BATCH stage=decode rows=8 tokens=8 us=1488 encode_us=27 native_us=1262 validate_us=198
BATCH stage=decode rows=8 tokens=8 us=1516 encode_us=29 native_us=1285 validate_us=201
BATCH stage=decode rows=8 tokens=8 us=1518 encode_us=30 native_us=1287 validate_us=201
BATCH stage=decode rows=8 tokens=8 us=1471 encode_us=26 native_us=1247 validate_us=197
BATCH stage=decode rows=8 tokens=8 us=1473 encode_us=28 native_us=1244 validate_us=200
BATCH stage=decode rows=8 tokens=8 us=1499 encode_us=25 native_us=1277 validate_us=196
BATCH stage=decode rows=8 tokens=8 us=1519 encode_us=29 native_us=1291 validate_us=198
BATCH stage=prefill rows=1 tokens=16 us=2490 encode_us=17 native_us=2424 validate_us=47
BATCH stage=decode rows=8 tokens=8 us=1472 encode_us=25 native_us=1251 validate_us=195
BATCH stage=decode rows=8 tokens=8 us=1485 encode_us=25 native_us=1254 validate_us=205
BATCH stage=decode rows=8 tokens=8 us=1536 encode_us=25 native_us=1316 validate_us=194
BATCH stage=decode rows=8 tokens=8 us=1497 encode_us=24 native_us=1278 validate_us=194
BATCH stage=decode rows=8 tokens=8 us=1455 encode_us=23 native_us=1238 validate_us=193
BATCH stage=decode rows=8 tokens=8 us=1474 encode_us=28 native_us=1247 validate_us=197
BATCH stage=decode rows=8 tokens=8 us=1519 encode_us=31 native_us=1286 validate_us=201
BATCH stage=decode rows=8 tokens=8 us=1523 encode_us=31 native_us=1292 validate_us=199
BATCH stage=decode rows=8 tokens=8 us=1469 encode_us=26 native_us=1246 validate_us=196
BATCH stage=decode rows=8 tokens=8 us=1472 encode_us=26 native_us=1246 validate_us=199
BATCH stage=decode rows=8 tokens=8 us=1502 encode_us=26 native_us=1271 validate_us=204
BATCH stage=prefill rows=1 tokens=128 us=2985 encode_us=25 native_us=2908 validate_us=50
BATCH stage=decode rows=8 tokens=8 us=1526 encode_us=32 native_us=1292 validate_us=200
BATCH stage=prefill rows=1 tokens=398 us=6702 encode_us=21 native_us=6630 validate_us=50
BATCH stage=decode rows=8 tokens=8 us=1474 encode_us=28 native_us=1247 validate_us=199
BATCH stage=decode rows=8 tokens=8 us=1550 encode_us=34 native_us=1312 validate_us=203
BATCH stage=decode rows=8 tokens=8 us=1524 encode_us=26 native_us=1301 validate_us=196
BATCH stage=prefill rows=1 tokens=16 us=2486 encode_us=16 native_us=2426 validate_us=43
BATCH stage=decode rows=8 tokens=8 us=1497 encode_us=26 native_us=1270 validate_us=200
BATCH stage=decode rows=8 tokens=8 us=1471 encode_us=24 native_us=1251 validate_us=195
BATCH stage=decode rows=8 tokens=8 us=1547 encode_us=26 native_us=1324 validate_us=197
BATCH stage=decode rows=8 tokens=8 us=1438 encode_us=28 native_us=1213 validate_us=197
BATCH stage=decode rows=8 tokens=8 us=1557 encode_us=26 native_us=1335 validate_us=195
BATCH stage=decode rows=8 tokens=8 us=1461 encode_us=26 native_us=1234 validate_us=201
BATCH stage=decode rows=8 tokens=8 us=1516 encode_us=34 native_us=1278 validate_us=203
BATCH stage=prefill rows=1 tokens=128 us=2977 encode_us=24 native_us=2903 validate_us=49
BATCH stage=decode rows=8 tokens=8 us=1449 encode_us=27 native_us=1213 validate_us=208
BATCH stage=prefill rows=1 tokens=398 us=6717 encode_us=22 native_us=6640 validate_us=54
BATCH stage=decode rows=8 tokens=8 us=1534 encode_us=38 native_us=1296 validate_us=199
BATCH stage=decode rows=8 tokens=8 us=1542 encode_us=30 native_us=1298 validate_us=213
BATCH stage=decode rows=8 tokens=8 us=1488 encode_us=36 native_us=1252 validate_us=200
BATCH stage=prefill rows=1 tokens=16 us=2483 encode_us=18 native_us=2416 validate_us=48
BATCH stage=decode rows=8 tokens=8 us=1457 encode_us=25 native_us=1236 validate_us=195
BATCH stage=decode rows=8 tokens=8 us=1489 encode_us=24 native_us=1270 validate_us=194
BATCH stage=decode rows=8 tokens=8 us=1506 encode_us=31 native_us=1268 validate_us=205
BATCH stage=decode rows=8 tokens=8 us=1501 encode_us=27 native_us=1231 validate_us=242
BATCH stage=decode rows=8 tokens=8 us=1467 encode_us=25 native_us=1236 validate_us=204
BATCH stage=decode rows=8 tokens=8 us=1510 encode_us=27 native_us=1282 validate_us=201
BATCH stage=decode rows=8 tokens=8 us=1488 encode_us=28 native_us=1255 validate_us=204
BATCH stage=prefill rows=1 tokens=128 us=2986 encode_us=24 native_us=2911 validate_us=50
BATCH stage=decode rows=8 tokens=8 us=1453 encode_us=29 native_us=1225 validate_us=199
BATCH stage=decode rows=8 tokens=8 us=1471 encode_us=29 native_us=1243 validate_us=199
BATCH stage=prefill rows=1 tokens=398 us=6737 encode_us=27 native_us=6654 validate_us=55
BATCH stage=decode rows=8 tokens=8 us=1530 encode_us=32 native_us=1295 validate_us=202
BATCH stage=decode rows=8 tokens=8 us=1509 encode_us=32 native_us=1247 validate_us=228
BATCH stage=decode rows=8 tokens=8 us=1468 encode_us=30 native_us=1238 validate_us=200
BATCH stage=decode rows=8 tokens=8 us=1441 encode_us=25 native_us=1217 validate_us=198
BATCH stage=decode rows=8 tokens=8 us=1518 encode_us=31 native_us=1284 validate_us=203
BATCH stage=decode rows=8 tokens=8 us=1474 encode_us=30 native_us=1242 validate_us=201
BATCH stage=prefill rows=1 tokens=16 us=2488 encode_us=18 native_us=2423 validate_us=46
BATCH stage=decode rows=8 tokens=8 us=1443 encode_us=26 native_us=1221 validate_us=196
BATCH stage=decode rows=8 tokens=8 us=1450 encode_us=25 native_us=1227 validate_us=197
BATCH stage=decode rows=8 tokens=8 us=1489 encode_us=26 native_us=1266 validate_us=195
BATCH stage=decode rows=8 tokens=8 us=1457 encode_us=28 native_us=1231 validate_us=197
BATCH stage=decode rows=8 tokens=8 us=1456 encode_us=26 native_us=1234 validate_us=195
BATCH stage=decode rows=8 tokens=8 us=1441 encode_us=22 native_us=1225 validate_us=193
BATCH stage=decode rows=8 tokens=8 us=1492 encode_us=30 native_us=1261 validate_us=200
BATCH stage=decode rows=8 tokens=8 us=1466 encode_us=25 native_us=1244 validate_us=196
BATCH stage=decode rows=8 tokens=8 us=1456 encode_us=25 native_us=1235 validate_us=195
BATCH stage=decode rows=8 tokens=8 us=1447 encode_us=26 native_us=1226 validate_us=195
BATCH stage=decode rows=8 tokens=8 us=1481 encode_us=26 native_us=1259 validate_us=195
BATCH stage=decode rows=8 tokens=8 us=1471 encode_us=23 native_us=1246 validate_us=201
BATCH stage=decode rows=8 tokens=8 us=1459 encode_us=27 native_us=1235 validate_us=196
BATCH stage=decode rows=8 tokens=8 us=1435 encode_us=23 native_us=1218 validate_us=193
BATCH stage=decode rows=8 tokens=8 us=1486 encode_us=28 native_us=1258 validate_us=199
BATCH stage=decode rows=8 tokens=8 us=1458 encode_us=27 native_us=1235 validate_us=195
BATCH stage=decode rows=8 tokens=8 us=1463 encode_us=29 native_us=1233 validate_us=199
BATCH stage=decode rows=8 tokens=8 us=1441 encode_us=24 native_us=1222 validate_us=194
BATCH stage=decode rows=8 tokens=8 us=1480 encode_us=26 native_us=1254 validate_us=200
BATCH stage=decode rows=8 tokens=8 us=1468 encode_us=27 native_us=1244 validate_us=196
BATCH stage=decode rows=8 tokens=8 us=1465 encode_us=27 native_us=1242 validate_us=195
BATCH stage=decode rows=8 tokens=8 us=1457 encode_us=21 native_us=1236 validate_us=199
BATCH stage=decode rows=8 tokens=8 us=1499 encode_us=27 native_us=1274 validate_us=197
BATCH stage=decode rows=8 tokens=8 us=1466 encode_us=25 native_us=1245 validate_us=195
BATCH stage=decode rows=8 tokens=8 us=1449 encode_us=25 native_us=1227 validate_us=195
BATCH stage=decode rows=8 tokens=8 us=1437 encode_us=26 native_us=1215 validate_us=195
BATCH stage=decode rows=8 tokens=8 us=1516 encode_us=27 native_us=1289 validate_us=199
BATCH stage=decode rows=8 tokens=8 us=1471 encode_us=25 native_us=1246 validate_us=199
BATCH stage=decode rows=8 tokens=8 us=1462 encode_us=27 native_us=1237 validate_us=197
BATCH stage=decode rows=8 tokens=8 us=1448 encode_us=25 native_us=1227 validate_us=195
BATCH stage=decode rows=8 tokens=8 us=1515 encode_us=33 native_us=1283 validate_us=199
BATCH stage=decode rows=8 tokens=8 us=1468 encode_us=26 native_us=1245 validate_us=197
BATCH stage=decode rows=8 tokens=8 us=1465 encode_us=30 native_us=1236 validate_us=198
BATCH stage=decode rows=8 tokens=8 us=1441 encode_us=25 native_us=1221 validate_us=194
BATCH stage=decode rows=8 tokens=8 us=1514 encode_us=29 native_us=1284 validate_us=200
BATCH stage=decode rows=8 tokens=8 us=1466 encode_us=26 native_us=1244 validate_us=195
BATCH stage=decode rows=8 tokens=8 us=1481 encode_us=26 native_us=1251 validate_us=202
BATCH stage=decode rows=8 tokens=8 us=1456 encode_us=26 native_us=1233 validate_us=196
BATCH stage=decode rows=8 tokens=8 us=1509 encode_us=27 native_us=1285 validate_us=196
BATCH stage=decode rows=8 tokens=8 us=1474 encode_us=27 native_us=1249 validate_us=196
BATCH stage=decode rows=8 tokens=8 us=1472 encode_us=25 native_us=1251 validate_us=195
BATCH stage=decode rows=8 tokens=8 us=1463 encode_us=27 native_us=1235 validate_us=199
BATCH stage=decode rows=8 tokens=8 us=1516 encode_us=30 native_us=1285 validate_us=200
BATCH stage=decode rows=8 tokens=8 us=1474 encode_us=29 native_us=1243 validate_us=200
BATCH stage=decode rows=8 tokens=8 us=1476 encode_us=28 native_us=1249 validate_us=198
BATCH stage=decode rows=8 tokens=8 us=1454 encode_us=24 native_us=1235 validate_us=194
BATCH stage=decode rows=8 tokens=8 us=1523 encode_us=30 native_us=1292 validate_us=199
BATCH stage=decode rows=8 tokens=8 us=1466 encode_us=27 native_us=1242 validate_us=196
BATCH stage=prefill rows=1 tokens=128 us=2992 encode_us=26 native_us=2914 validate_us=52
BATCH stage=decode rows=8 tokens=8 us=1476 encode_us=29 native_us=1245 validate_us=200
BATCH stage=decode rows=8 tokens=8 us=1443 encode_us=24 native_us=1224 validate_us=194
BATCH stage=decode rows=8 tokens=8 us=1527 encode_us=29 native_us=1298 validate_us=199
BATCH stage=decode rows=8 tokens=8 us=1452 encode_us=30 native_us=1224 validate_us=198
BATCH stage=decode rows=8 tokens=8 us=1478 encode_us=28 native_us=1250 validate_us=199
BATCH stage=decode rows=8 tokens=8 us=1468 encode_us=28 native_us=1239 validate_us=201
BATCH stage=decode rows=8 tokens=8 us=1536 encode_us=32 native_us=1297 validate_us=205
BATCH stage=prefill rows=1 tokens=398 us=6719 encode_us=30 native_us=6634 validate_us=54
BATCH stage=decode rows=8 tokens=8 us=1472 encode_us=28 native_us=1244 validate_us=199
BATCH stage=decode rows=8 tokens=8 us=1479 encode_us=29 native_us=1251 validate_us=198
BATCH stage=decode rows=8 tokens=8 us=1531 encode_us=27 native_us=1301 validate_us=202
BATCH stage=decode rows=8 tokens=8 us=1509 encode_us=32 native_us=1277 validate_us=200
BATCH stage=decode rows=8 tokens=8 us=1455 encode_us=26 native_us=1233 validate_us=195
BATCH stage=decode rows=8 tokens=8 us=1483 encode_us=31 native_us=1247 validate_us=203
BATCH stage=decode rows=8 tokens=8 us=1521 encode_us=29 native_us=1287 validate_us=204
BATCH stage=decode rows=8 tokens=8 us=1527 encode_us=33 native_us=1290 validate_us=203
BATCH stage=decode rows=8 tokens=8 us=1468 encode_us=28 native_us=1241 validate_us=198
BATCH stage=decode rows=8 tokens=8 us=1483 encode_us=29 native_us=1254 validate_us=200
BATCH stage=decode rows=8 tokens=8 us=1507 encode_us=25 native_us=1285 validate_us=196
BATCH stage=decode rows=8 tokens=8 us=1532 encode_us=34 native_us=1295 validate_us=202
BATCH stage=decode rows=8 tokens=8 us=1462 encode_us=26 native_us=1239 validate_us=196
BATCH stage=decode rows=8 tokens=8 us=1477 encode_us=27 native_us=1250 validate_us=199
BATCH stage=decode rows=8 tokens=8 us=1519 encode_us=29 native_us=1289 validate_us=199
BATCH stage=decode rows=8 tokens=8 us=1535 encode_us=32 native_us=1299 validate_us=203
BATCH stage=prefill rows=1 tokens=16 us=2500 encode_us=21 native_us=2431 validate_us=47
BATCH stage=decode rows=8 tokens=8 us=1454 encode_us=25 native_us=1233 validate_us=195
BATCH stage=decode rows=8 tokens=8 us=1476 encode_us=26 native_us=1252 validate_us=197
BATCH stage=decode rows=8 tokens=8 us=1543 encode_us=28 native_us=1317 validate_us=198
BATCH stage=decode rows=8 tokens=8 us=1507 encode_us=27 native_us=1281 validate_us=198
BATCH stage=decode rows=8 tokens=8 us=1446 encode_us=27 native_us=1222 validate_us=196
BATCH stage=decode rows=8 tokens=8 us=1462 encode_us=27 native_us=1237 validate_us=197
BATCH stage=decode rows=8 tokens=8 us=1508 encode_us=24 native_us=1284 validate_us=198
BATCH stage=decode rows=8 tokens=8 us=1507 encode_us=29 native_us=1279 validate_us=198
BATCH stage=decode rows=8 tokens=8 us=1451 encode_us=24 native_us=1226 validate_us=200
BATCH stage=decode rows=8 tokens=8 us=1464 encode_us=28 native_us=1238 validate_us=197
BATCH stage=decode rows=8 tokens=8 us=1501 encode_us=25 native_us=1281 validate_us=195
BATCH stage=decode rows=8 tokens=8 us=1509 encode_us=26 native_us=1279 validate_us=204
BATCH stage=decode rows=8 tokens=8 us=1464 encode_us=26 native_us=1241 validate_us=196
BATCH stage=prefill rows=1 tokens=128 us=2987 encode_us=25 native_us=2907 validate_us=54
BATCH stage=decode rows=8 tokens=8 us=1483 encode_us=30 native_us=1251 validate_us=201
BATCH stage=decode rows=8 tokens=8 us=1499 encode_us=26 native_us=1275 validate_us=196
BATCH stage=decode rows=8 tokens=8 us=1536 encode_us=38 native_us=1287 validate_us=210
BATCH stage=prefill rows=1 tokens=398 us=6770 encode_us=28 native_us=6673 validate_us=68
BATCH stage=decode rows=8 tokens=8 us=1471 encode_us=30 native_us=1240 validate_us=201
BATCH stage=decode rows=8 tokens=8 us=1470 encode_us=30 native_us=1239 validate_us=201
BATCH stage=decode rows=8 tokens=8 us=1536 encode_us=29 native_us=1305 validate_us=201
BATCH stage=decode rows=8 tokens=8 us=1519 encode_us=35 native_us=1277 validate_us=206
BATCH stage=prefill rows=1 tokens=16 us=2502 encode_us=21 native_us=2427 validate_us=52
BATCH stage=decode rows=8 tokens=8 us=1441 encode_us=24 native_us=1222 validate_us=195
BATCH stage=decode rows=8 tokens=8 us=1475 encode_us=25 native_us=1253 validate_us=196
BATCH stage=decode rows=8 tokens=8 us=1538 encode_us=24 native_us=1311 validate_us=201
BATCH stage=decode rows=8 tokens=8 us=1462 encode_us=28 native_us=1238 validate_us=196
BATCH stage=decode rows=8 tokens=8 us=1428 encode_us=22 native_us=1214 validate_us=191
BATCH stage=decode rows=8 tokens=8 us=1467 encode_us=28 native_us=1238 validate_us=200
BATCH stage=decode rows=8 tokens=8 us=1503 encode_us=27 native_us=1280 validate_us=196
BATCH stage=decode rows=8 tokens=8 us=1475 encode_us=33 native_us=1237 validate_us=204
BATCH stage=prefill rows=1 tokens=128 us=2977 encode_us=26 native_us=2897 validate_us=53
BATCH stage=decode rows=8 tokens=8 us=1447 encode_us=30 native_us=1219 validate_us=197
BATCH stage=decode rows=8 tokens=8 us=1477 encode_us=29 native_us=1247 validate_us=201
BATCH stage=decode rows=8 tokens=8 us=1520 encode_us=33 native_us=1284 validate_us=202
BATCH stage=decode rows=8 tokens=8 us=1442 encode_us=27 native_us=1218 validate_us=196
BATCH stage=decode rows=8 tokens=8 us=1436 encode_us=23 native_us=1219 validate_us=193
BATCH stage=decode rows=8 tokens=8 us=1471 encode_us=34 native_us=1236 validate_us=200
BATCH stage=prefill rows=1 tokens=398 us=6735 encode_us=25 native_us=6646 validate_us=63
BATCH stage=decode rows=8 tokens=8 us=1558 encode_us=35 native_us=1292 validate_us=230
BATCH stage=decode rows=8 tokens=8 us=1464 encode_us=31 native_us=1230 validate_us=201
BATCH stage=prefill rows=1 tokens=16 us=2494 encode_us=18 native_us=2430 validate_us=45
BATCH stage=decode rows=8 tokens=8 us=1463 encode_us=25 native_us=1242 validate_us=195
BATCH stage=decode rows=8 tokens=8 us=1471 encode_us=26 native_us=1244 validate_us=200
BATCH stage=decode rows=8 tokens=8 us=1506 encode_us=30 native_us=1277 validate_us=198
BATCH stage=prefill rows=1 tokens=128 us=2966 encode_us=25 native_us=2890 validate_us=50
BATCH stage=decode rows=8 tokens=8 us=1450 encode_us=31 native_us=1216 validate_us=202
BATCH stage=prefill rows=1 tokens=398 us=6713 encode_us=22 native_us=6642 validate_us=47
BATCH stage=decode rows=8 tokens=8 us=1449 encode_us=26 native_us=1226 validate_us=196
BATCH stage=decode rows=8 tokens=8 us=1544 encode_us=32 native_us=1309 validate_us=202
BATCH stage=decode rows=8 tokens=8 us=1499 encode_us=30 native_us=1268 validate_us=200
BATCH stage=prefill rows=1 tokens=16 us=2487 encode_us=20 native_us=2421 validate_us=45
BATCH stage=decode rows=8 tokens=8 us=1438 encode_us=23 native_us=1219 validate_us=194
BATCH stage=decode rows=8 tokens=8 us=1444 encode_us=24 native_us=1222 validate_us=197
BATCH stage=decode rows=8 tokens=8 us=1550 encode_us=30 native_us=1320 validate_us=199
BATCH stage=decode rows=8 tokens=8 us=1443 encode_us=26 native_us=1220 validate_us=195
BATCH stage=decode rows=8 tokens=8 us=1451 encode_us=26 native_us=1228 validate_us=195
BATCH stage=decode rows=8 tokens=8 us=1468 encode_us=23 native_us=1241 validate_us=202
BATCH stage=decode rows=8 tokens=8 us=1520 encode_us=38 native_us=1276 validate_us=205
BATCH stage=decode rows=8 tokens=8 us=1451 encode_us=28 native_us=1223 validate_us=199
BATCH stage=decode rows=8 tokens=8 us=1445 encode_us=24 native_us=1219 validate_us=201
BATCH stage=decode rows=8 tokens=8 us=1451 encode_us=25 native_us=1226 validate_us=199
BATCH stage=decode rows=8 tokens=8 us=1516 encode_us=31 native_us=1282 validate_us=202
BATCH stage=prefill rows=1 tokens=128 us=2988 encode_us=25 native_us=2909 validate_us=52
BATCH stage=decode rows=8 tokens=8 us=1472 encode_us=42 native_us=1228 validate_us=201
BATCH stage=decode rows=8 tokens=8 us=1439 encode_us=26 native_us=1213 validate_us=199
BATCH stage=decode rows=8 tokens=8 us=1535 encode_us=25 native_us=1309 validate_us=200
BATCH stage=decode rows=8 tokens=8 us=1475 encode_us=31 native_us=1244 validate_us=199
BATCH stage=decode rows=8 tokens=8 us=1449 encode_us=25 native_us=1226 validate_us=196
BATCH stage=decode rows=8 tokens=8 us=1436 encode_us=23 native_us=1220 validate_us=192
BATCH stage=decode rows=8 tokens=8 us=1502 encode_us=29 native_us=1270 validate_us=202
BATCH stage=decode rows=8 tokens=8 us=1469 encode_us=27 native_us=1243 validate_us=198
BATCH stage=decode rows=8 tokens=8 us=1470 encode_us=26 native_us=1246 validate_us=197
BATCH stage=decode rows=8 tokens=8 us=1449 encode_us=26 native_us=1227 validate_us=196
BATCH stage=decode rows=8 tokens=8 us=1502 encode_us=25 native_us=1280 validate_us=196
BATCH stage=decode rows=8 tokens=8 us=1476 encode_us=26 native_us=1252 validate_us=197
BATCH stage=decode rows=8 tokens=8 us=1476 encode_us=29 native_us=1248 validate_us=198
BATCH stage=decode rows=8 tokens=8 us=1446 encode_us=24 native_us=1228 validate_us=193
BATCH stage=decode rows=8 tokens=8 us=1497 encode_us=27 native_us=1268 validate_us=200
BATCH stage=decode rows=8 tokens=8 us=1464 encode_us=27 native_us=1242 validate_us=195
BATCH stage=decode rows=8 tokens=8 us=1458 encode_us=25 native_us=1232 validate_us=200
BATCH stage=decode rows=8 tokens=8 us=1440 encode_us=25 native_us=1220 validate_us=194
BATCH stage=decode rows=8 tokens=8 us=1512 encode_us=30 native_us=1278 validate_us=203
BATCH stage=decode rows=8 tokens=8 us=1482 encode_us=29 native_us=1251 validate_us=201
BATCH stage=decode rows=8 tokens=8 us=1477 encode_us=26 native_us=1249 validate_us=201
BATCH stage=decode rows=8 tokens=8 us=1445 encode_us=25 native_us=1224 validate_us=195
BATCH stage=decode rows=8 tokens=8 us=1490 encode_us=25 native_us=1269 validate_us=195
BATCH stage=decode rows=8 tokens=8 us=1475 encode_us=25 native_us=1252 validate_us=197
BATCH stage=decode rows=8 tokens=8 us=1474 encode_us=29 native_us=1243 validate_us=201
BATCH stage=decode rows=8 tokens=8 us=1440 encode_us=24 native_us=1220 validate_us=195
BATCH stage=decode rows=8 tokens=8 us=1508 encode_us=34 native_us=1269 validate_us=204
BATCH stage=decode rows=8 tokens=8 us=1470 encode_us=32 native_us=1237 validate_us=200
BATCH stage=decode rows=8 tokens=8 us=1462 encode_us=28 native_us=1236 validate_us=197
BATCH stage=prefill rows=1 tokens=398 us=6716 encode_us=26 native_us=6636 validate_us=53
BATCH stage=decode rows=8 tokens=8 us=1457 encode_us=26 native_us=1232 validate_us=198
BATCH stage=decode rows=8 tokens=8 us=1505 encode_us=27 native_us=1280 validate_us=198
BATCH stage=decode rows=8 tokens=8 us=1498 encode_us=31 native_us=1264 validate_us=201
BATCH stage=decode rows=8 tokens=8 us=1463 encode_us=27 native_us=1238 validate_us=197
BATCH stage=decode rows=8 tokens=8 us=1454 encode_us=28 native_us=1227 validate_us=198
BATCH stage=decode rows=8 tokens=8 us=1526 encode_us=30 native_us=1284 validate_us=211
BATCH stage=decode rows=8 tokens=8 us=1495 encode_us=33 native_us=1261 validate_us=201
BATCH stage=prefill rows=1 tokens=16 us=2489 encode_us=18 native_us=2424 validate_us=45
BATCH stage=decode rows=8 tokens=8 us=1463 encode_us=29 native_us=1231 validate_us=202
BATCH stage=decode rows=8 tokens=8 us=1449 encode_us=25 native_us=1229 validate_us=194
BATCH stage=decode rows=8 tokens=8 us=1504 encode_us=26 native_us=1282 validate_us=196
BATCH stage=decode rows=8 tokens=8 us=1471 encode_us=28 native_us=1242 validate_us=199
BATCH stage=decode rows=8 tokens=8 us=1468 encode_us=26 native_us=1243 validate_us=197
BATCH stage=decode rows=8 tokens=8 us=1452 encode_us=26 native_us=1226 validate_us=199
BATCH stage=decode rows=8 tokens=8 us=1493 encode_us=26 native_us=1270 validate_us=196
BATCH stage=decode rows=8 tokens=8 us=1455 encode_us=25 native_us=1234 validate_us=195
BATCH stage=decode rows=8 tokens=8 us=1471 encode_us=28 native_us=1244 validate_us=199
BATCH stage=decode rows=8 tokens=8 us=1445 encode_us=23 native_us=1227 validate_us=193
BATCH stage=decode rows=8 tokens=8 us=1514 encode_us=26 native_us=1282 validate_us=205
BATCH stage=decode rows=8 tokens=8 us=1481 encode_us=28 native_us=1251 validate_us=200
BATCH stage=decode rows=8 tokens=8 us=1483 encode_us=26 native_us=1260 validate_us=196
BATCH stage=decode rows=8 tokens=8 us=1467 encode_us=26 native_us=1243 validate_us=196
BATCH stage=decode rows=8 tokens=8 us=1509 encode_us=26 native_us=1286 validate_us=196
BATCH stage=decode rows=8 tokens=8 us=1489 encode_us=34 native_us=1249 validate_us=205
BATCH stage=decode rows=8 tokens=8 us=1476 encode_us=29 native_us=1248 validate_us=198
BATCH stage=decode rows=8 tokens=8 us=1454 encode_us=24 native_us=1235 validate_us=194
BATCH stage=decode rows=8 tokens=8 us=1523 encode_us=30 native_us=1288 validate_us=203
BATCH stage=decode rows=8 tokens=8 us=1479 encode_us=28 native_us=1252 validate_us=198
BATCH stage=decode rows=8 tokens=8 us=1479 encode_us=26 native_us=1255 validate_us=197
BATCH stage=decode rows=8 tokens=8 us=1461 encode_us=26 native_us=1237 validate_us=196
BATCH stage=decode rows=8 tokens=8 us=1511 encode_us=26 native_us=1288 validate_us=196
BATCH stage=decode rows=8 tokens=8 us=1465 encode_us=29 native_us=1235 validate_us=200
BATCH stage=decode rows=8 tokens=8 us=1480 encode_us=27 native_us=1256 validate_us=197
BATCH stage=decode rows=8 tokens=8 us=1449 encode_us=26 native_us=1225 validate_us=197
BATCH stage=decode rows=8 tokens=8 us=1521 encode_us=29 native_us=1290 validate_us=201
BATCH stage=decode rows=8 tokens=8 us=1478 encode_us=26 native_us=1250 validate_us=201
BATCH stage=decode rows=8 tokens=8 us=1486 encode_us=28 native_us=1252 validate_us=205
BATCH stage=decode rows=8 tokens=8 us=1459 encode_us=28 native_us=1233 validate_us=197
BATCH stage=decode rows=8 tokens=8 us=1516 encode_us=27 native_us=1291 validate_us=197
BATCH stage=decode rows=8 tokens=8 us=1491 encode_us=30 native_us=1259 validate_us=201
BATCH stage=decode rows=8 tokens=8 us=1481 encode_us=27 native_us=1256 validate_us=197
BATCH stage=decode rows=8 tokens=8 us=1459 encode_us=23 native_us=1241 validate_us=194
BATCH stage=decode rows=8 tokens=8 us=1529 encode_us=30 native_us=1298 validate_us=201
BATCH stage=prefill rows=1 tokens=128 us=2993 encode_us=26 native_us=2913 validate_us=52
BATCH stage=decode rows=8 tokens=8 us=1484 encode_us=32 native_us=1249 validate_us=202
BATCH stage=decode rows=8 tokens=8 us=1487 encode_us=29 native_us=1258 validate_us=199
BATCH stage=decode rows=8 tokens=8 us=1542 encode_us=26 native_us=1317 validate_us=197
BATCH stage=decode rows=8 tokens=8 us=1522 encode_us=29 native_us=1291 validate_us=201
BATCH stage=decode rows=8 tokens=8 us=1500 encode_us=33 native_us=1265 validate_us=201
BATCH stage=prefill rows=1 tokens=398 us=6739 encode_us=30 native_us=6654 validate_us=54
BATCH stage=decode rows=8 tokens=8 us=1498 encode_us=32 native_us=1262 validate_us=203
BATCH stage=decode rows=8 tokens=8 us=1503 encode_us=31 native_us=1269 validate_us=202
BATCH stage=decode rows=8 tokens=8 us=1528 encode_us=28 native_us=1301 validate_us=198
BATCH stage=decode rows=8 tokens=8 us=1468 encode_us=27 native_us=1243 validate_us=197
BATCH stage=decode rows=8 tokens=8 us=1488 encode_us=29 native_us=1259 validate_us=199
BATCH stage=decode rows=8 tokens=8 us=1508 encode_us=26 native_us=1285 validate_us=196
BATCH stage=decode rows=8 tokens=8 us=1525 encode_us=29 native_us=1294 validate_us=200
BATCH stage=decode rows=8 tokens=8 us=1483 encode_us=27 native_us=1258 validate_us=196
BATCH stage=decode rows=8 tokens=8 us=1489 encode_us=30 native_us=1260 validate_us=197
BATCH stage=decode rows=8 tokens=8 us=1509 encode_us=26 native_us=1285 validate_us=197
BATCH stage=decode rows=8 tokens=8 us=1522 encode_us=33 native_us=1286 validate_us=201
BATCH stage=prefill rows=1 tokens=16 us=2476 encode_us=18 native_us=2412 validate_us=45
BATCH stage=decode rows=8 tokens=8 us=1479 encode_us=26 native_us=1255 validate_us=197
BATCH stage=decode rows=8 tokens=8 us=1478 encode_us=30 native_us=1249 validate_us=199
BATCH stage=decode rows=8 tokens=8 us=1537 encode_us=26 native_us=1316 validate_us=194
BATCH stage=decode rows=8 tokens=8 us=1506 encode_us=31 native_us=1273 validate_us=201
BATCH stage=prefill rows=1 tokens=128 us=2987 encode_us=24 native_us=2914 validate_us=48
BATCH stage=decode rows=8 tokens=8 us=1485 encode_us=29 native_us=1256 validate_us=200
BATCH stage=decode rows=8 tokens=8 us=1482 encode_us=26 native_us=1259 validate_us=196
BATCH stage=decode rows=8 tokens=8 us=1550 encode_us=31 native_us=1316 validate_us=201
BATCH stage=decode rows=8 tokens=8 us=1500 encode_us=24 native_us=1281 validate_us=194
BATCH stage=decode rows=8 tokens=8 us=1483 encode_us=29 native_us=1255 validate_us=198
BATCH stage=decode rows=8 tokens=8 us=1475 encode_us=26 native_us=1244 validate_us=204
BATCH stage=decode rows=8 tokens=8 us=1511 encode_us=31 native_us=1277 validate_us=201
BATCH stage=prefill rows=1 tokens=398 us=6738 encode_us=26 native_us=6658 validate_us=52
BATCH stage=decode rows=8 tokens=8 us=1506 encode_us=27 native_us=1280 validate_us=198
BATCH stage=decode rows=8 tokens=8 us=1476 encode_us=30 native_us=1244 validate_us=202
BATCH stage=decode rows=8 tokens=8 us=1543 encode_us=30 native_us=1311 validate_us=201
BATCH stage=decode rows=8 tokens=8 us=1525 encode_us=35 native_us=1285 validate_us=205
BATCH stage=prefill rows=1 tokens=16 us=2494 encode_us=21 native_us=2425 validate_us=46
BATCH stage=decode rows=8 tokens=8 us=1498 encode_us=23 native_us=1282 validate_us=192
BATCH stage=decode rows=8 tokens=8 us=1487 encode_us=25 native_us=1255 validate_us=206
BATCH stage=decode rows=8 tokens=8 us=1550 encode_us=29 native_us=1321 validate_us=198
BATCH stage=decode rows=8 tokens=8 us=1459 encode_us=32 native_us=1229 validate_us=196
BATCH stage=decode rows=8 tokens=8 us=1490 encode_us=23 native_us=1272 validate_us=194
BATCH stage=prefill rows=1 tokens=128 us=2985 encode_us=24 native_us=2912 validate_us=48
BATCH stage=decode rows=8 tokens=8 us=1471 encode_us=28 native_us=1244 validate_us=198
BATCH stage=decode rows=8 tokens=8 us=1515 encode_us=34 native_us=1275 validate_us=205
BATCH stage=prefill rows=1 tokens=398 us=6716 encode_us=25 native_us=6639 validate_us=50
BATCH stage=decode rows=8 tokens=8 us=1561 encode_us=34 native_us=1320 validate_us=205
BATCH stage=prefill rows=1 tokens=16 us=2479 encode_us=18 native_us=2415 validate_us=44
BATCH stage=decode rows=8 tokens=8 us=1430 encode_us=23 native_us=1214 validate_us=192
BATCH stage=decode rows=8 tokens=8 us=1493 encode_us=28 native_us=1264 validate_us=199
BATCH stage=decode rows=8 tokens=8 us=1547 encode_us=28 native_us=1320 validate_us=197
BATCH stage=decode rows=8 tokens=8 us=1440 encode_us=24 native_us=1221 validate_us=194
BATCH stage=prefill rows=1 tokens=128 us=2995 encode_us=24 native_us=2918 validate_us=52
BATCH stage=decode rows=8 tokens=8 us=1438 encode_us=23 native_us=1219 validate_us=194
BATCH stage=decode rows=8 tokens=8 us=1473 encode_us=27 native_us=1246 validate_us=198
BATCH stage=decode rows=8 tokens=8 us=1520 encode_us=29 native_us=1290 validate_us=199
BATCH stage=decode rows=8 tokens=8 us=1428 encode_us=28 native_us=1203 validate_us=196
BATCH stage=decode rows=8 tokens=8 us=1424 encode_us=21 native_us=1209 validate_us=192
BATCH stage=decode rows=8 tokens=8 us=1482 encode_us=33 native_us=1244 validate_us=203
BATCH stage=prefill rows=1 tokens=398 us=6731 encode_us=26 native_us=6649 validate_us=54
BATCH stage=decode rows=8 tokens=8 us=1532 encode_us=34 native_us=1293 validate_us=204
BATCH stage=decode rows=8 tokens=8 us=1437 encode_us=28 native_us=1211 validate_us=198
BATCH stage=prefill rows=1 tokens=16 us=2486 encode_us=18 native_us=2421 validate_us=46
BATCH stage=decode rows=8 tokens=8 us=1465 encode_us=26 native_us=1243 validate_us=196
BATCH stage=decode rows=8 tokens=8 us=1478 encode_us=29 native_us=1253 validate_us=196
BATCH stage=decode rows=8 tokens=8 us=1480 encode_us=27 native_us=1252 validate_us=200
BATCH stage=decode rows=8 tokens=8 us=1412 encode_us=23 native_us=1195 validate_us=194
BATCH stage=decode rows=8 tokens=8 us=1434 encode_us=23 native_us=1217 validate_us=193
BATCH stage=decode rows=8 tokens=8 us=1466 encode_us=26 native_us=1244 validate_us=196
BATCH stage=decode rows=8 tokens=8 us=1483 encode_us=33 native_us=1250 validate_us=199
BATCH stage=decode rows=8 tokens=8 us=1412 encode_us=22 native_us=1193 validate_us=195
BATCH stage=decode rows=8 tokens=8 us=1431 encode_us=23 native_us=1215 validate_us=191
BATCH stage=decode rows=8 tokens=8 us=1474 encode_us=26 native_us=1248 validate_us=198
BATCH stage=decode rows=8 tokens=8 us=1481 encode_us=31 native_us=1250 validate_us=200
BATCH stage=decode rows=8 tokens=8 us=1408 encode_us=21 native_us=1195 validate_us=191
BATCH stage=decode rows=8 tokens=8 us=1461 encode_us=21 native_us=1249 validate_us=190
BATCH stage=decode rows=8 tokens=8 us=1480 encode_us=29 native_us=1250 validate_us=199
BATCH stage=decode rows=8 tokens=8 us=1482 encode_us=31 native_us=1249 validate_us=201
BATCH stage=decode rows=8 tokens=8 us=1411 encode_us=23 native_us=1192 validate_us=195
BATCH stage=decode rows=8 tokens=8 us=1483 encode_us=24 native_us=1264 validate_us=195
BATCH stage=decode rows=8 tokens=8 us=1472 encode_us=26 native_us=1249 validate_us=196
BATCH stage=decode rows=8 tokens=8 us=1485 encode_us=33 native_us=1250 validate_us=201
BATCH stage=decode rows=8 tokens=8 us=1425 encode_us=22 native_us=1209 validate_us=193
BATCH stage=decode rows=8 tokens=8 us=1496 encode_us=22 native_us=1281 validate_us=192
BATCH stage=decode rows=8 tokens=8 us=1494 encode_us=27 native_us=1262 validate_us=204
BATCH stage=decode rows=8 tokens=8 us=1481 encode_us=31 native_us=1250 validate_us=200
BATCH stage=decode rows=8 tokens=8 us=1424 encode_us=22 native_us=1209 validate_us=192
BATCH stage=decode rows=8 tokens=8 us=1497 encode_us=25 native_us=1278 validate_us=193
BATCH stage=decode rows=8 tokens=8 us=1480 encode_us=27 native_us=1257 validate_us=196
BATCH stage=decode rows=8 tokens=8 us=1491 encode_us=27 native_us=1264 validate_us=199
BATCH stage=decode rows=8 tokens=8 us=1426 encode_us=23 native_us=1209 validate_us=194
BATCH stage=decode rows=8 tokens=8 us=1495 encode_us=22 native_us=1281 validate_us=192
BATCH stage=decode rows=8 tokens=8 us=1495 encode_us=30 native_us=1265 validate_us=199
BATCH stage=decode rows=8 tokens=8 us=1502 encode_us=33 native_us=1267 validate_us=201
BATCH stage=decode rows=8 tokens=8 us=1424 encode_us=23 native_us=1207 validate_us=194
BATCH stage=decode rows=8 tokens=8 us=1507 encode_us=28 native_us=1280 validate_us=198
BATCH stage=decode rows=8 tokens=8 us=1498 encode_us=31 native_us=1266 validate_us=200
BATCH stage=decode rows=8 tokens=8 us=1497 encode_us=30 native_us=1266 validate_us=201
BATCH stage=decode rows=8 tokens=8 us=1422 encode_us=22 native_us=1208 validate_us=191
BATCH stage=decode rows=8 tokens=8 us=1511 encode_us=25 native_us=1290 validate_us=196
BATCH stage=decode rows=8 tokens=8 us=1475 encode_us=27 native_us=1250 validate_us=197
BATCH stage=decode rows=8 tokens=8 us=1501 encode_us=32 native_us=1267 validate_us=201
BATCH stage=prefill rows=1 tokens=128 us=2980 encode_us=25 native_us=2904 validate_us=49
BATCH stage=decode rows=8 tokens=8 us=1414 encode_us=23 native_us=1196 validate_us=193
BATCH stage=decode rows=8 tokens=8 us=1506 encode_us=23 native_us=1282 validate_us=199
BATCH stage=decode rows=8 tokens=8 us=1498 encode_us=28 native_us=1270 validate_us=199
BATCH stage=decode rows=8 tokens=8 us=1465 encode_us=30 native_us=1236 validate_us=198
BATCH stage=decode rows=8 tokens=8 us=1432 encode_us=23 native_us=1216 validate_us=193
BATCH stage=decode rows=8 tokens=8 us=1495 encode_us=22 native_us=1280 validate_us=192
BATCH stage=decode rows=8 tokens=8 us=1502 encode_us=33 native_us=1264 validate_us=204
BATCH stage=decode rows=8 tokens=8 us=1472 encode_us=29 native_us=1243 validate_us=199
BATCH stage=decode rows=8 tokens=8 us=1432 encode_us=25 native_us=1211 validate_us=195
BATCH stage=decode rows=8 tokens=8 us=1504 encode_us=27 native_us=1279 validate_us=197
BATCH stage=decode rows=8 tokens=8 us=1501 encode_us=30 native_us=1271 validate_us=199
BATCH stage=decode rows=8 tokens=8 us=1461 encode_us=27 native_us=1236 validate_us=197
BATCH stage=decode rows=8 tokens=8 us=1434 encode_us=27 native_us=1212 validate_us=194
BATCH stage=decode rows=8 tokens=8 us=1497 encode_us=26 native_us=1274 validate_us=196
BATCH stage=decode rows=8 tokens=8 us=1523 encode_us=30 native_us=1290 validate_us=201
BATCH stage=prefill rows=1 tokens=398 us=6700 encode_us=25 native_us=6624 validate_us=49
BATCH stage=decode rows=8 tokens=8 us=1486 encode_us=30 native_us=1256 validate_us=199
BATCH stage=decode rows=8 tokens=8 us=1437 encode_us=23 native_us=1218 validate_us=195
BATCH stage=decode rows=8 tokens=8 us=1534 encode_us=28 native_us=1308 validate_us=197
BATCH stage=decode rows=8 tokens=8 us=1494 encode_us=29 native_us=1265 validate_us=199
BATCH stage=decode rows=8 tokens=8 us=1490 encode_us=31 native_us=1254 validate_us=203
BATCH stage=decode rows=8 tokens=8 us=1433 encode_us=25 native_us=1212 validate_us=195
BATCH stage=decode rows=8 tokens=8 us=1515 encode_us=25 native_us=1288 validate_us=200
BATCH stage=decode rows=8 tokens=8 us=1499 encode_us=33 native_us=1264 validate_us=202
BATCH stage=prefill rows=1 tokens=16 us=2490 encode_us=19 native_us=2425 validate_us=44
BATCH stage=decode rows=8 tokens=8 us=1474 encode_us=28 native_us=1248 validate_us=197
BATCH stage=decode rows=8 tokens=8 us=1429 encode_us=20 native_us=1217 validate_us=190
BATCH stage=decode rows=8 tokens=8 us=1521 encode_us=26 native_us=1299 validate_us=195
BATCH stage=decode rows=8 tokens=8 us=1474 encode_us=26 native_us=1251 validate_us=196
BATCH stage=decode rows=8 tokens=8 us=1476 encode_us=26 native_us=1253 validate_us=196
BATCH stage=decode rows=8 tokens=8 us=1448 encode_us=26 native_us=1226 validate_us=196
BATCH stage=decode rows=8 tokens=8 us=1496 encode_us=23 native_us=1279 validate_us=193
BATCH stage=decode rows=8 tokens=8 us=1501 encode_us=28 native_us=1269 validate_us=203
BATCH stage=decode rows=8 tokens=8 us=1482 encode_us=30 native_us=1251 validate_us=199
BATCH stage=decode rows=8 tokens=8 us=1434 encode_us=23 native_us=1216 validate_us=193
BATCH stage=decode rows=8 tokens=8 us=1502 encode_us=25 native_us=1279 validate_us=198
BATCH stage=decode rows=8 tokens=8 us=1508 encode_us=26 native_us=1284 validate_us=197
BATCH stage=decode rows=8 tokens=8 us=1476 encode_us=27 native_us=1252 validate_us=196
BATCH stage=decode rows=8 tokens=8 us=1422 encode_us=21 native_us=1203 validate_us=196
BATCH stage=decode rows=8 tokens=8 us=1493 encode_us=24 native_us=1273 validate_us=194
BATCH stage=decode rows=8 tokens=8 us=1514 encode_us=26 native_us=1291 validate_us=197
BATCH stage=decode rows=8 tokens=8 us=1484 encode_us=31 native_us=1253 validate_us=199
BATCH stage=decode rows=8 tokens=8 us=1432 encode_us=23 native_us=1215 validate_us=192
BATCH stage=decode rows=8 tokens=8 us=1512 encode_us=25 native_us=1285 validate_us=201
BATCH stage=decode rows=8 tokens=8 us=1516 encode_us=29 native_us=1289 validate_us=198
BATCH stage=decode rows=8 tokens=8 us=1474 encode_us=27 native_us=1248 validate_us=198
BATCH stage=decode rows=8 tokens=8 us=1433 encode_us=24 native_us=1213 validate_us=194
BATCH stage=decode rows=8 tokens=8 us=1508 encode_us=25 native_us=1289 validate_us=193
BATCH stage=decode rows=8 tokens=8 us=1514 encode_us=25 native_us=1287 validate_us=202
BATCH stage=decode rows=8 tokens=8 us=1480 encode_us=29 native_us=1251 validate_us=198
BATCH stage=decode rows=8 tokens=8 us=1436 encode_us=23 native_us=1219 validate_us=193
BATCH stage=decode rows=8 tokens=8 us=1490 encode_us=26 native_us=1268 validate_us=195
BATCH stage=decode rows=8 tokens=8 us=1529 encode_us=35 native_us=1290 validate_us=203
BATCH stage=prefill rows=1 tokens=128 us=2992 encode_us=24 native_us=2918 validate_us=49
BATCH stage=decode rows=8 tokens=8 us=1488 encode_us=30 native_us=1258 validate_us=199
BATCH stage=prefill rows=1 tokens=398 us=6705 encode_us=19 native_us=6635 validate_us=49
BATCH stage=decode rows=8 tokens=8 us=1436 encode_us=25 native_us=1215 validate_us=195
BATCH stage=decode rows=8 tokens=8 us=1540 encode_us=28 native_us=1313 validate_us=199
BATCH stage=decode rows=8 tokens=8 us=1486 encode_us=26 native_us=1259 validate_us=200
BATCH stage=decode rows=8 tokens=8 us=1492 encode_us=29 native_us=1261 validate_us=202
BATCH stage=decode rows=8 tokens=8 us=1436 encode_us=22 native_us=1215 validate_us=198
BATCH stage=decode rows=8 tokens=8 us=1525 encode_us=29 native_us=1296 validate_us=199
BATCH stage=decode rows=8 tokens=8 us=1476 encode_us=28 native_us=1249 validate_us=198
BATCH stage=prefill rows=1 tokens=16 us=2491 encode_us=22 native_us=2424 validate_us=44
BATCH stage=decode rows=8 tokens=8 us=1482 encode_us=27 native_us=1256 validate_us=198
BATCH stage=decode rows=8 tokens=8 us=1434 encode_us=21 native_us=1222 validate_us=190
BATCH stage=decode rows=8 tokens=8 us=1527 encode_us=30 native_us=1293 validate_us=203
BATCH stage=decode rows=8 tokens=8 us=1440 encode_us=24 native_us=1221 validate_us=193
BATCH stage=decode rows=8 tokens=8 us=1482 encode_us=27 native_us=1258 validate_us=196
BATCH stage=decode rows=8 tokens=8 us=1449 encode_us=24 native_us=1218 validate_us=205
BATCH stage=decode rows=8 tokens=8 us=1524 encode_us=32 native_us=1289 validate_us=201
BATCH stage=prefill rows=1 tokens=398 us=6736 encode_us=27 native_us=6656 validate_us=52
BATCH stage=decode rows=8 tokens=8 us=1450 encode_us=27 native_us=1225 validate_us=197
BATCH stage=prefill rows=1 tokens=128 us=2974 encode_us=17 native_us=2912 validate_us=44
BATCH stage=decode rows=8 tokens=8 us=1493 encode_us=31 native_us=1261 validate_us=200
BATCH stage=decode rows=8 tokens=8 us=1542 encode_us=30 native_us=1313 validate_us=198
BATCH stage=decode rows=8 tokens=8 us=1497 encode_us=32 native_us=1264 validate_us=200
BATCH stage=decode rows=8 tokens=8 us=1432 encode_us=25 native_us=1210 validate_us=196
BATCH stage=decode rows=8 tokens=8 us=1478 encode_us=28 native_us=1251 validate_us=198
BATCH stage=decode rows=8 tokens=8 us=1504 encode_us=29 native_us=1277 validate_us=197
BATCH stage=decode rows=8 tokens=8 us=1493 encode_us=28 native_us=1266 validate_us=198
BATCH stage=prefill rows=1 tokens=16 us=2505 encode_us=23 native_us=2431 validate_us=49
BATCH stage=decode rows=8 tokens=8 us=1428 encode_us=24 native_us=1208 validate_us=194
BATCH stage=prefill rows=1 tokens=128 us=2964 encode_us=16 native_us=2904 validate_us=43
BATCH stage=decode rows=8 tokens=8 us=1494 encode_us=30 native_us=1263 validate_us=200
BATCH stage=decode rows=8 tokens=8 us=1518 encode_us=34 native_us=1279 validate_us=203
BATCH stage=prefill rows=1 tokens=398 us=6688 encode_us=23 native_us=6617 validate_us=47
BATCH stage=decode rows=8 tokens=8 us=1468 encode_us=27 native_us=1243 validate_us=197
BATCH stage=prefill rows=1 tokens=16 us=2481 encode_us=16 native_us=2421 validate_us=43
BATCH stage=decode rows=8 tokens=8 us=1418 encode_us=22 native_us=1203 validate_us=192
BATCH stage=decode rows=8 tokens=8 us=1552 encode_us=32 native_us=1317 validate_us=202
BATCH stage=decode rows=8 tokens=8 us=1487 encode_us=28 native_us=1262 validate_us=197
BATCH stage=decode rows=8 tokens=8 us=1436 encode_us=21 native_us=1223 validate_us=191
BATCH stage=decode rows=8 tokens=8 us=1410 encode_us=21 native_us=1198 validate_us=191
BATCH stage=decode rows=8 tokens=8 us=1513 encode_us=32 native_us=1280 validate_us=200
BATCH stage=decode rows=8 tokens=8 us=1473 encode_us=28 native_us=1246 validate_us=198
BATCH stage=decode rows=8 tokens=8 us=1425 encode_us=22 native_us=1208 validate_us=193
BATCH stage=prefill rows=1 tokens=128 us=2973 encode_us=25 native_us=2899 validate_us=49
BATCH stage=decode rows=8 tokens=8 us=1423 encode_us=24 native_us=1205 validate_us=193
BATCH stage=decode rows=8 tokens=8 us=1507 encode_us=29 native_us=1278 validate_us=199
BATCH stage=decode rows=8 tokens=8 us=1502 encode_us=28 native_us=1262 validate_us=210
BATCH stage=decode rows=8 tokens=8 us=1399 encode_us=22 native_us=1185 validate_us=191
BATCH stage=decode rows=8 tokens=8 us=1434 encode_us=30 native_us=1203 validate_us=201
BATCH stage=prefill rows=1 tokens=398 us=6705 encode_us=26 native_us=6627 validate_us=51
BATCH stage=decode rows=8 tokens=8 us=1518 encode_us=35 native_us=1277 validate_us=204
BATCH stage=decode rows=8 tokens=8 us=1501 encode_us=35 native_us=1261 validate_us=204
BATCH stage=decode rows=8 tokens=8 us=1442 encode_us=24 native_us=1223 validate_us=194
BATCH stage=decode rows=8 tokens=8 us=1441 encode_us=25 native_us=1223 validate_us=192
BATCH stage=decode rows=8 tokens=8 us=1529 encode_us=29 native_us=1288 validate_us=210
BATCH stage=decode rows=8 tokens=8 us=1494 encode_us=32 native_us=1261 validate_us=201
BATCH stage=decode rows=8 tokens=8 us=1413 encode_us=23 native_us=1194 validate_us=194
BATCH stage=decode rows=8 tokens=8 us=1438 encode_us=26 native_us=1216 validate_us=195
BATCH stage=decode rows=8 tokens=8 us=1530 encode_us=32 native_us=1297 validate_us=201
BATCH stage=decode rows=8 tokens=8 us=1504 encode_us=32 native_us=1266 validate_us=205
BATCH stage=decode rows=8 tokens=8 us=1429 encode_us=24 native_us=1209 validate_us=194
BATCH stage=decode rows=8 tokens=8 us=1453 encode_us=22 native_us=1236 validate_us=194
BATCH stage=decode rows=8 tokens=8 us=1519 encode_us=33 native_us=1283 validate_us=201
BATCH stage=decode rows=8 tokens=8 us=1491 encode_us=30 native_us=1259 validate_us=200
BATCH stage=decode rows=8 tokens=8 us=1431 encode_us=28 native_us=1201 validate_us=200
BATCH stage=decode rows=8 tokens=8 us=1441 encode_us=25 native_us=1222 validate_us=194
BATCH stage=decode rows=8 tokens=8 us=1518 encode_us=30 native_us=1287 validate_us=200
BATCH stage=decode rows=8 tokens=8 us=1490 encode_us=29 native_us=1262 validate_us=198
BATCH stage=decode rows=8 tokens=8 us=1434 encode_us=26 native_us=1212 validate_us=195
BATCH stage=decode rows=8 tokens=8 us=1443 encode_us=23 native_us=1224 validate_us=195
BATCH stage=decode rows=8 tokens=8 us=1615 encode_us=33 native_us=1286 validate_us=295
BATCH stage=decode rows=8 tokens=8 us=1624 encode_us=50 native_us=1263 validate_us=310
BATCH stage=decode rows=8 tokens=8 us=1631 encode_us=38 native_us=1257 validate_us=335
BATCH stage=decode rows=8 tokens=8 us=1675 encode_us=40 native_us=1285 validate_us=348
BATCH stage=decode rows=8 tokens=8 us=1758 encode_us=49 native_us=1352 validate_us=356
BATCH stage=decode rows=8 tokens=8 us=1750 encode_us=51 native_us=1318 validate_us=380
BATCH stage=decode rows=8 tokens=8 us=1651 encode_us=41 native_us=1270 validate_us=339
BATCH stage=decode rows=8 tokens=8 us=1673 encode_us=40 native_us=1292 validate_us=340
BATCH stage=decode rows=8 tokens=8 us=1739 encode_us=49 native_us=1343 validate_us=347
BATCH stage=decode rows=8 tokens=8 us=1722 encode_us=52 native_us=1344 validate_us=324
BATCH stage=decode rows=8 tokens=8 us=1602 encode_us=42 native_us=1292 validate_us=266
BATCH stage=decode rows=8 tokens=8 us=1462 encode_us=30 native_us=1231 validate_us=199
BATCH stage=decode rows=8 tokens=8 us=1532 encode_us=34 native_us=1293 validate_us=204
BATCH stage=decode rows=8 tokens=8 us=1525 encode_us=36 native_us=1284 validate_us=205
BATCH stage=prefill rows=1 tokens=16 us=2490 encode_us=21 native_us=2419 validate_us=49
BATCH stage=decode rows=8 tokens=8 us=1425 encode_us=24 native_us=1206 validate_us=194
BATCH stage=decode rows=8 tokens=8 us=1438 encode_us=24 native_us=1219 validate_us=194
BATCH stage=decode rows=8 tokens=8 us=1548 encode_us=34 native_us=1310 validate_us=204
BATCH stage=decode rows=8 tokens=8 us=1466 encode_us=29 native_us=1237 validate_us=198
BATCH stage=decode rows=8 tokens=8 us=1422 encode_us=22 native_us=1206 validate_us=192
BATCH stage=decode rows=8 tokens=8 us=1440 encode_us=25 native_us=1219 validate_us=195
BATCH stage=decode rows=8 tokens=8 us=1507 encode_us=32 native_us=1275 validate_us=200
BATCH stage=decode rows=8 tokens=8 us=1482 encode_us=29 native_us=1250 validate_us=203
BATCH stage=decode rows=8 tokens=8 us=1434 encode_us=25 native_us=1215 validate_us=193
BATCH stage=decode rows=8 tokens=8 us=1436 encode_us=22 native_us=1221 validate_us=192
BATCH stage=decode rows=8 tokens=8 us=1532 encode_us=33 native_us=1297 validate_us=202
BATCH stage=decode rows=8 tokens=8 us=1477 encode_us=28 native_us=1250 validate_us=198
BATCH stage=decode rows=8 tokens=8 us=1438 encode_us=22 native_us=1219 validate_us=197
BATCH stage=decode rows=8 tokens=8 us=1454 encode_us=23 native_us=1236 validate_us=194
BATCH stage=decode rows=8 tokens=8 us=1515 encode_us=29 native_us=1286 validate_us=199
BATCH stage=decode rows=8 tokens=8 us=1506 encode_us=34 native_us=1266 validate_us=205
BATCH stage=decode rows=8 tokens=8 us=1432 encode_us=29 native_us=1206 validate_us=196
BATCH stage=decode rows=8 tokens=8 us=1455 encode_us=26 native_us=1230 validate_us=198
BATCH stage=decode rows=8 tokens=8 us=1514 encode_us=32 native_us=1279 validate_us=202
BATCH stage=decode rows=8 tokens=8 us=1516 encode_us=32 native_us=1283 validate_us=200
BATCH stage=decode rows=8 tokens=8 us=1443 encode_us=24 native_us=1221 validate_us=197
BATCH stage=decode rows=8 tokens=8 us=1437 encode_us=23 native_us=1219 validate_us=194
BATCH stage=decode rows=8 tokens=8 us=1535 encode_us=36 native_us=1294 validate_us=204
BATCH stage=prefill rows=1 tokens=128 us=2989 encode_us=26 native_us=2909 validate_us=53
BATCH stage=decode rows=8 tokens=8 us=1533 encode_us=34 native_us=1296 validate_us=202
BATCH stage=decode rows=8 tokens=8 us=1441 encode_us=24 native_us=1223 validate_us=194
BATCH stage=decode rows=8 tokens=8 us=1548 encode_us=28 native_us=1320 validate_us=198
BATCH stage=decode rows=8 tokens=8 us=1496 encode_us=33 native_us=1260 validate_us=202
BATCH stage=decode rows=8 tokens=8 us=1513 encode_us=30 native_us=1279 validate_us=203
BATCH stage=decode rows=8 tokens=8 us=1426 encode_us=25 native_us=1205 validate_us=195
BATCH stage=decode rows=8 tokens=8 us=1495 encode_us=28 native_us=1269 validate_us=197
BATCH stage=decode rows=8 tokens=8 us=1501 encode_us=30 native_us=1271 validate_us=199
BATCH stage=decode rows=8 tokens=8 us=1519 encode_us=29 native_us=1291 validate_us=198
BATCH stage=decode rows=8 tokens=8 us=1439 encode_us=25 native_us=1216 validate_us=197
BATCH stage=decode rows=8 tokens=8 us=1510 encode_us=25 native_us=1289 validate_us=195
BATCH stage=decode rows=8 tokens=8 us=1503 encode_us=27 native_us=1277 validate_us=198
BATCH stage=decode rows=8 tokens=8 us=1515 encode_us=31 native_us=1283 validate_us=200
BATCH stage=decode rows=8 tokens=8 us=1430 encode_us=23 native_us=1211 validate_us=194
BATCH stage=decode rows=8 tokens=8 us=1523 encode_us=31 native_us=1290 validate_us=201
BATCH stage=prefill rows=1 tokens=398 us=6707 encode_us=27 native_us=6624 validate_us=55
BATCH stage=decode rows=8 tokens=8 us=1516 encode_us=34 native_us=1278 validate_us=203
BATCH stage=decode rows=8 tokens=8 us=1506 encode_us=30 native_us=1274 validate_us=200
BATCH stage=decode rows=8 tokens=8 us=1516 encode_us=24 native_us=1294 validate_us=197
BATCH stage=decode rows=8 tokens=8 us=1464 encode_us=27 native_us=1240 validate_us=196
BATCH stage=prefill rows=1 tokens=16 us=2482 encode_us=16 native_us=2421 validate_us=44
BATCH stage=decode rows=8 tokens=8 us=1502 encode_us=27 native_us=1274 validate_us=199
BATCH stage=decode rows=8 tokens=8 us=1508 encode_us=31 native_us=1276 validate_us=200
BATCH stage=decode rows=8 tokens=8 us=1447 encode_us=24 native_us=1226 validate_us=196
BATCH stage=decode rows=8 tokens=8 us=1426 encode_us=22 native_us=1210 validate_us=193
BATCH stage=decode rows=8 tokens=8 us=1506 encode_us=29 native_us=1277 validate_us=199
BATCH stage=decode rows=8 tokens=8 us=1505 encode_us=28 native_us=1279 validate_us=197
BATCH stage=decode rows=8 tokens=8 us=1439 encode_us=23 native_us=1223 validate_us=193
BATCH stage=decode rows=8 tokens=8 us=1428 encode_us=25 native_us=1206 validate_us=196
BATCH stage=decode rows=8 tokens=8 us=1513 encode_us=27 native_us=1287 validate_us=198
BATCH stage=decode rows=8 tokens=8 us=1513 encode_us=26 native_us=1290 validate_us=196
BATCH stage=decode rows=8 tokens=8 us=1430 encode_us=25 native_us=1210 validate_us=194
BATCH stage=decode rows=8 tokens=8 us=1429 encode_us=23 native_us=1212 validate_us=193
BATCH stage=decode rows=8 tokens=8 us=1510 encode_us=27 native_us=1284 validate_us=199
BATCH stage=decode rows=8 tokens=8 us=1507 encode_us=30 native_us=1276 validate_us=200
BATCH stage=decode rows=8 tokens=8 us=1433 encode_us=27 native_us=1209 validate_us=196
BATCH stage=decode rows=8 tokens=8 us=1431 encode_us=24 native_us=1213 validate_us=194
BATCH stage=prefill rows=1 tokens=128 us=2974 encode_us=26 native_us=2897 validate_us=50
BATCH stage=decode rows=8 tokens=8 us=1536 encode_us=35 native_us=1295 validate_us=205
BATCH stage=prefill rows=1 tokens=398 us=6693 encode_us=21 native_us=6624 validate_us=48
BATCH stage=decode rows=8 tokens=8 us=1526 encode_us=30 native_us=1295 validate_us=200
BATCH stage=decode rows=8 tokens=8 us=1473 encode_us=25 native_us=1250 validate_us=197
BATCH stage=decode rows=8 tokens=8 us=1539 encode_us=28 native_us=1312 validate_us=197
BATCH stage=decode rows=8 tokens=8 us=1533 encode_us=31 native_us=1301 validate_us=199
BATCH stage=decode rows=8 tokens=8 us=1510 encode_us=28 native_us=1281 validate_us=200
BATCH stage=decode rows=8 tokens=8 us=1446 encode_us=28 native_us=1221 validate_us=195
BATCH stage=prefill rows=1 tokens=16 us=2491 encode_us=18 native_us=2427 validate_us=44
BATCH stage=decode rows=8 tokens=8 us=1499 encode_us=26 native_us=1276 validate_us=196
BATCH stage=decode rows=8 tokens=8 us=1522 encode_us=27 native_us=1294 validate_us=200
BATCH stage=decode rows=8 tokens=8 us=1491 encode_us=28 native_us=1264 validate_us=198
BATCH stage=decode rows=8 tokens=8 us=1418 encode_us=23 native_us=1202 validate_us=193
BATCH stage=decode rows=8 tokens=8 us=1485 encode_us=24 native_us=1267 validate_us=194
BATCH stage=decode rows=8 tokens=8 us=1527 encode_us=31 native_us=1298 validate_us=197
BATCH stage=decode rows=8 tokens=8 us=1496 encode_us=27 native_us=1259 validate_us=210
BATCH stage=decode rows=8 tokens=8 us=1435 encode_us=25 native_us=1214 validate_us=195
BATCH stage=decode rows=8 tokens=8 us=1512 encode_us=29 native_us=1279 validate_us=202
BATCH stage=prefill rows=1 tokens=398 us=6736 encode_us=26 native_us=6655 validate_us=54
BATCH stage=decode rows=8 tokens=8 us=1532 encode_us=32 native_us=1296 validate_us=203
BATCH stage=prefill rows=1 tokens=128 us=2980 encode_us=19 native_us=2911 validate_us=49
BATCH stage=decode rows=8 tokens=8 us=1485 encode_us=29 native_us=1256 validate_us=199
BATCH stage=decode rows=8 tokens=8 us=1513 encode_us=24 native_us=1292 validate_us=195
BATCH stage=decode rows=8 tokens=8 us=1534 encode_us=26 native_us=1310 validate_us=198
BATCH stage=prefill rows=1 tokens=128 us=3124 encode_us=37 native_us=3003 validate_us=83
BATCH stage=decode rows=8 tokens=8 us=1692 encode_us=49 native_us=1313 validate_us=329
BATCH stage=prefill rows=1 tokens=16 us=2598 encode_us=32 native_us=2491 validate_us=74
BATCH stage=decode rows=8 tokens=8 us=1685 encode_us=47 native_us=1310 validate_us=327
BATCH stage=decode rows=8 tokens=8 us=1724 encode_us=45 native_us=1354 validate_us=324
BATCH stage=prefill rows=1 tokens=398 us=6746 encode_us=35 native_us=6648 validate_us=62
BATCH stage=decode rows=8 tokens=8 us=1499 encode_us=31 native_us=1266 validate_us=201
BATCH stage=decode rows=8 tokens=8 us=1468 encode_us=27 native_us=1241 validate_us=199
BATCH stage=decode rows=8 tokens=8 us=1599 encode_us=55 native_us=1334 validate_us=209
BATCH stage=decode rows=8 tokens=8 us=1478 encode_us=31 native_us=1241 validate_us=204
BATCH stage=decode rows=8 tokens=8 us=1461 encode_us=27 native_us=1236 validate_us=197
BATCH stage=decode rows=8 tokens=8 us=1461 encode_us=25 native_us=1241 validate_us=195
BATCH stage=decode rows=8 tokens=8 us=1506 encode_us=29 native_us=1277 validate_us=200
BATCH stage=decode rows=8 tokens=8 us=1689 encode_us=48 native_us=1310 validate_us=330
BATCH stage=prefill rows=1 tokens=16 us=2600 encode_us=31 native_us=2493 validate_us=74
BATCH stage=decode rows=8 tokens=8 us=1642 encode_us=42 native_us=1282 validate_us=317
BATCH stage=decode rows=8 tokens=8 us=1658 encode_us=43 native_us=1283 validate_us=331
BATCH stage=decode rows=8 tokens=8 us=1686 encode_us=48 native_us=1308 validate_us=328
BATCH stage=decode rows=8 tokens=8 us=1472 encode_us=32 native_us=1230 validate_us=209
BATCH stage=decode rows=8 tokens=8 us=1474 encode_us=28 native_us=1243 validate_us=202
BATCH stage=decode rows=8 tokens=8 us=1464 encode_us=29 native_us=1234 validate_us=201
BATCH stage=decode rows=8 tokens=8 us=1490 encode_us=30 native_us=1260 validate_us=199
BATCH stage=decode rows=8 tokens=8 us=1458 encode_us=25 native_us=1234 validate_us=197
BATCH stage=decode rows=8 tokens=8 us=1449 encode_us=25 native_us=1230 validate_us=193
BATCH stage=decode rows=8 tokens=8 us=1474 encode_us=23 native_us=1254 validate_us=196
BATCH stage=decode rows=8 tokens=8 us=1494 encode_us=32 native_us=1260 validate_us=201
BATCH stage=decode rows=8 tokens=8 us=1451 encode_us=26 native_us=1232 validate_us=193
BATCH stage=decode rows=8 tokens=8 us=1485 encode_us=23 native_us=1266 validate_us=196
BATCH stage=decode rows=8 tokens=8 us=1465 encode_us=27 native_us=1239 validate_us=198
BATCH stage=decode rows=8 tokens=8 us=1481 encode_us=28 native_us=1254 validate_us=198
BATCH stage=decode rows=8 tokens=8 us=1434 encode_us=22 native_us=1219 validate_us=192
BATCH stage=decode rows=8 tokens=8 us=1497 encode_us=26 native_us=1274 validate_us=195
BATCH stage=decode rows=8 tokens=8 us=1462 encode_us=25 native_us=1240 validate_us=196
BATCH stage=decode rows=8 tokens=8 us=1484 encode_us=27 native_us=1254 validate_us=203
BATCH stage=decode rows=8 tokens=8 us=1450 encode_us=23 native_us=1232 validate_us=194
BATCH stage=decode rows=8 tokens=8 us=1495 encode_us=24 native_us=1274 validate_us=196
BATCH stage=decode rows=8 tokens=8 us=1457 encode_us=24 native_us=1228 validate_us=204
BATCH stage=decode rows=8 tokens=8 us=1488 encode_us=31 native_us=1254 validate_us=202
BATCH stage=decode rows=8 tokens=8 us=1442 encode_us=23 native_us=1224 validate_us=194
BATCH stage=decode rows=8 tokens=8 us=1499 encode_us=23 native_us=1278 validate_us=197
BATCH stage=decode rows=8 tokens=8 us=1474 encode_us=35 native_us=1243 validate_us=196
BATCH stage=decode rows=8 tokens=8 us=1482 encode_us=28 native_us=1255 validate_us=197
BATCH stage=decode rows=8 tokens=8 us=1444 encode_us=26 native_us=1220 validate_us=197
BATCH stage=decode rows=8 tokens=8 us=1497 encode_us=24 native_us=1278 validate_us=194
BATCH stage=decode rows=8 tokens=8 us=1459 encode_us=23 native_us=1233 validate_us=202
BATCH stage=decode rows=8 tokens=8 us=1499 encode_us=32 native_us=1266 validate_us=200
BATCH stage=decode rows=8 tokens=8 us=1448 encode_us=24 native_us=1230 validate_us=193
BATCH stage=decode rows=8 tokens=8 us=1508 encode_us=24 native_us=1282 validate_us=201
BATCH stage=decode rows=8 tokens=8 us=1470 encode_us=26 native_us=1243 validate_us=200
BATCH stage=decode rows=8 tokens=8 us=1494 encode_us=29 native_us=1265 validate_us=199
BATCH stage=decode rows=8 tokens=8 us=1466 encode_us=31 native_us=1230 validate_us=204
BATCH stage=prefill rows=1 tokens=128 us=2983 encode_us=25 native_us=2906 validate_us=51
BATCH stage=decode rows=8 tokens=8 us=1501 encode_us=31 native_us=1268 validate_us=201
BATCH stage=decode rows=8 tokens=8 us=1467 encode_us=30 native_us=1234 validate_us=202
BATCH stage=decode rows=8 tokens=8 us=1507 encode_us=32 native_us=1270 validate_us=204
BATCH stage=prefill rows=1 tokens=398 us=6719 encode_us=25 native_us=6630 validate_us=63
BATCH stage=decode rows=8 tokens=8 us=1457 encode_us=29 native_us=1227 validate_us=199
BATCH stage=decode rows=8 tokens=8 us=1515 encode_us=31 native_us=1282 validate_us=201
BATCH stage=decode rows=8 tokens=8 us=1486 encode_us=29 native_us=1258 validate_us=197
BATCH stage=decode rows=8 tokens=8 us=1497 encode_us=32 native_us=1264 validate_us=201
BATCH stage=decode rows=8 tokens=8 us=1428 encode_us=26 native_us=1206 validate_us=195
BATCH stage=decode rows=8 tokens=8 us=1502 encode_us=25 native_us=1279 validate_us=197
BATCH stage=decode rows=8 tokens=8 us=1507 encode_us=33 native_us=1271 validate_us=202
BATCH stage=decode rows=8 tokens=8 us=1489 encode_us=33 native_us=1253 validate_us=202
BATCH stage=decode rows=8 tokens=8 us=1425 encode_us=23 native_us=1208 validate_us=193
BATCH stage=decode rows=8 tokens=8 us=1488 encode_us=25 native_us=1265 validate_us=197
BATCH stage=decode rows=8 tokens=8 us=1507 encode_us=29 native_us=1276 validate_us=201
BATCH stage=decode rows=8 tokens=8 us=1499 encode_us=31 native_us=1266 validate_us=201
BATCH stage=decode rows=8 tokens=8 us=1431 encode_us=22 native_us=1216 validate_us=192
BATCH stage=decode rows=8 tokens=8 us=1508 encode_us=26 native_us=1283 validate_us=197
BATCH stage=decode rows=8 tokens=8 us=1508 encode_us=27 native_us=1284 validate_us=196
BATCH stage=decode rows=8 tokens=8 us=1522 encode_us=39 native_us=1272 validate_us=210
BATCH stage=decode rows=8 tokens=8 us=1448 encode_us=28 native_us=1222 validate_us=197
BATCH stage=decode rows=8 tokens=8 us=1507 encode_us=27 native_us=1282 validate_us=197
BATCH stage=decode rows=8 tokens=8 us=1515 encode_us=29 native_us=1286 validate_us=199
BATCH stage=decode rows=8 tokens=8 us=1509 encode_us=37 native_us=1266 validate_us=204
BATCH stage=decode rows=8 tokens=8 us=1444 encode_us=27 native_us=1220 validate_us=195
BATCH stage=decode rows=8 tokens=8 us=1492 encode_us=26 native_us=1267 validate_us=198
BATCH stage=decode rows=8 tokens=8 us=1510 encode_us=32 native_us=1278 validate_us=199
BATCH stage=prefill rows=1 tokens=16 us=2475 encode_us=18 native_us=2412 validate_us=44
BATCH stage=decode rows=8 tokens=8 us=1498 encode_us=31 native_us=1264 validate_us=201
BATCH stage=decode rows=8 tokens=8 us=1429 encode_us=26 native_us=1208 validate_us=194
BATCH stage=decode rows=8 tokens=8 us=1524 encode_us=25 native_us=1302 validate_us=197
BATCH stage=decode rows=8 tokens=8 us=1449 encode_us=25 native_us=1228 validate_us=195
BATCH stage=decode rows=8 tokens=8 us=1514 encode_us=33 native_us=1277 validate_us=203
BATCH stage=decode rows=8 tokens=8 us=1445 encode_us=28 native_us=1220 validate_us=196
BATCH stage=decode rows=8 tokens=8 us=1504 encode_us=26 native_us=1282 validate_us=195
BATCH stage=decode rows=8 tokens=8 us=1460 encode_us=24 native_us=1239 validate_us=196
BATCH stage=decode rows=8 tokens=8 us=1527 encode_us=36 native_us=1287 validate_us=203
BATCH stage=decode rows=8 tokens=8 us=1431 encode_us=24 native_us=1213 validate_us=193
BATCH stage=decode rows=8 tokens=8 us=1497 encode_us=25 native_us=1270 validate_us=201
BATCH stage=decode rows=8 tokens=8 us=1445 encode_us=23 native_us=1227 validate_us=193
BATCH stage=decode rows=8 tokens=8 us=1529 encode_us=32 native_us=1295 validate_us=201
BATCH stage=decode rows=8 tokens=8 us=1430 encode_us=22 native_us=1215 validate_us=192
BATCH stage=decode rows=8 tokens=8 us=1499 encode_us=23 native_us=1282 validate_us=193
BATCH stage=decode rows=8 tokens=8 us=1465 encode_us=28 native_us=1239 validate_us=198
BATCH stage=prefill rows=1 tokens=128 us=2984 encode_us=25 native_us=2908 validate_us=50
BATCH stage=decode rows=8 tokens=8 us=1531 encode_us=35 native_us=1291 validate_us=204
BATCH stage=decode rows=8 tokens=8 us=1433 encode_us=23 native_us=1217 validate_us=192
BATCH stage=decode rows=8 tokens=8 us=1516 encode_us=27 native_us=1289 validate_us=198
BATCH stage=decode rows=8 tokens=8 us=1456 encode_us=26 native_us=1231 validate_us=198
BATCH stage=decode rows=8 tokens=8 us=1529 encode_us=31 native_us=1297 validate_us=200
BATCH stage=decode rows=8 tokens=8 us=1437 encode_us=22 native_us=1223 validate_us=192
BATCH stage=decode rows=8 tokens=8 us=1512 encode_us=30 native_us=1283 validate_us=198
BATCH stage=decode rows=8 tokens=8 us=1444 encode_us=24 native_us=1225 validate_us=194
BATCH stage=decode rows=8 tokens=8 us=1536 encode_us=31 native_us=1297 validate_us=207
BATCH stage=decode rows=8 tokens=8 us=1427 encode_us=24 native_us=1208 validate_us=194
BATCH stage=decode rows=8 tokens=8 us=1509 encode_us=28 native_us=1284 validate_us=197
BATCH stage=prefill rows=1 tokens=398 us=6704 encode_us=26 native_us=6626 validate_us=51
BATCH stage=decode rows=8 tokens=8 us=1466 encode_us=26 native_us=1242 validate_us=196
BATCH stage=decode rows=8 tokens=8 us=1535 encode_us=32 native_us=1299 validate_us=203
BATCH stage=decode rows=8 tokens=8 us=1539 encode_us=24 native_us=1316 validate_us=199
BATCH stage=decode rows=8 tokens=8 us=1494 encode_us=33 native_us=1258 validate_us=201
BATCH stage=prefill rows=1 tokens=16 us=2494 encode_us=19 native_us=2428 validate_us=45
BATCH stage=decode rows=8 tokens=8 us=1457 encode_us=28 native_us=1232 validate_us=196
BATCH stage=decode rows=8 tokens=8 us=1536 encode_us=34 native_us=1297 validate_us=204
BATCH stage=decode rows=8 tokens=8 us=1475 encode_us=25 native_us=1255 validate_us=194
BATCH stage=decode rows=8 tokens=8 us=1447 encode_us=24 native_us=1223 validate_us=199
BATCH stage=decode rows=8 tokens=8 us=1456 encode_us=24 native_us=1239 validate_us=193
BATCH stage=decode rows=8 tokens=8 us=1533 encode_us=30 native_us=1296 validate_us=205
BATCH stage=decode rows=8 tokens=8 us=1456 encode_us=24 native_us=1238 validate_us=193
BATCH stage=decode rows=8 tokens=8 us=1461 encode_us=29 native_us=1232 validate_us=199
BATCH stage=prefill rows=1 tokens=128 us=2987 encode_us=23 native_us=2916 validate_us=47
BATCH stage=decode rows=8 tokens=8 us=1457 encode_us=24 native_us=1238 validate_us=194
BATCH stage=decode rows=8 tokens=8 us=1517 encode_us=31 native_us=1286 validate_us=200
BATCH stage=decode rows=8 tokens=8 us=1443 encode_us=23 native_us=1227 validate_us=193
BATCH stage=decode rows=8 tokens=8 us=1451 encode_us=28 native_us=1224 validate_us=198
BATCH stage=prefill rows=1 tokens=398 us=6735 encode_us=26 native_us=6651 validate_us=57
BATCH stage=decode rows=8 tokens=8 us=1452 encode_us=27 native_us=1227 validate_us=197
BATCH stage=decode rows=8 tokens=8 us=1536 encode_us=33 native_us=1300 validate_us=202
BATCH stage=decode rows=8 tokens=8 us=1469 encode_us=26 native_us=1246 validate_us=196
BATCH stage=decode rows=8 tokens=8 us=1451 encode_us=29 native_us=1224 validate_us=197
BATCH stage=decode rows=8 tokens=8 us=1456 encode_us=24 native_us=1235 validate_us=195
BATCH stage=decode rows=8 tokens=8 us=1520 encode_us=32 native_us=1285 validate_us=202
BATCH stage=decode rows=8 tokens=8 us=1490 encode_us=25 native_us=1265 validate_us=199
BATCH stage=prefill rows=1 tokens=16 us=2493 encode_us=20 native_us=2426 validate_us=46
BATCH stage=decode rows=8 tokens=8 us=1467 encode_us=31 native_us=1228 validate_us=206
BATCH stage=prefill rows=1 tokens=128 us=2986 encode_us=21 native_us=2916 validate_us=47
BATCH stage=decode rows=8 tokens=8 us=1456 encode_us=24 native_us=1239 validate_us=192
BATCH stage=decode rows=8 tokens=8 us=1572 encode_us=36 native_us=1328 validate_us=206
BATCH stage=prefill rows=1 tokens=398 us=6735 encode_us=26 native_us=6650 validate_us=58
BATCH stage=decode rows=8 tokens=8 us=1462 encode_us=29 native_us=1234 validate_us=198
BATCH stage=decode rows=8 tokens=8 us=1431 encode_us=26 native_us=1208 validate_us=196
BATCH stage=decode rows=8 tokens=8 us=1542 encode_us=26 native_us=1318 validate_us=197
BATCH stage=decode rows=8 tokens=8 us=1519 encode_us=35 native_us=1281 validate_us=202
BATCH stage=prefill rows=1 tokens=16 us=2489 encode_us=17 native_us=2427 validate_us=44
BATCH stage=decode rows=8 tokens=8 us=1429 encode_us=23 native_us=1210 validate_us=195
BATCH stage=decode rows=8 tokens=8 us=1444 encode_us=22 native_us=1224 validate_us=197
BATCH stage=decode rows=8 tokens=8 us=1529 encode_us=25 native_us=1309 validate_us=194
BATCH stage=decode rows=8 tokens=8 us=1483 encode_us=26 native_us=1260 validate_us=196
BATCH stage=decode rows=8 tokens=8 us=1433 encode_us=27 native_us=1209 validate_us=195
BATCH stage=decode rows=8 tokens=8 us=1538 encode_us=39 native_us=1217 validate_us=281
BATCH stage=prefill rows=1 tokens=128 us=2985 encode_us=25 native_us=2908 validate_us=51
BATCH stage=decode rows=8 tokens=8 us=1508 encode_us=27 native_us=1284 validate_us=196
BATCH stage=prefill rows=1 tokens=398 us=6689 encode_us=18 native_us=6623 validate_us=48
BATCH stage=decode rows=8 tokens=8 us=1480 encode_us=27 native_us=1253 validate_us=198
BATCH stage=decode rows=8 tokens=8 us=1460 encode_us=30 native_us=1231 validate_us=199
BATCH stage=decode rows=8 tokens=8 us=1546 encode_us=24 native_us=1294 validate_us=227
BATCH stage=decode rows=8 tokens=8 us=1471 encode_us=30 native_us=1241 validate_us=199
BATCH stage=decode rows=8 tokens=8 us=1493 encode_us=31 native_us=1261 validate_us=200
BATCH stage=decode rows=8 tokens=8 us=1457 encode_us=27 native_us=1231 validate_us=197
BATCH stage=decode rows=8 tokens=8 us=1493 encode_us=27 native_us=1269 validate_us=196
BATCH stage=decode rows=8 tokens=8 us=1467 encode_us=25 native_us=1244 validate_us=197
BATCH stage=decode rows=8 tokens=8 us=1476 encode_us=30 native_us=1243 validate_us=202
BATCH stage=decode rows=8 tokens=8 us=1445 encode_us=27 native_us=1219 validate_us=197
BATCH stage=decode rows=8 tokens=8 us=1484 encode_us=23 native_us=1268 validate_us=193
BATCH stage=decode rows=8 tokens=8 us=1476 encode_us=26 native_us=1252 validate_us=196
BATCH stage=decode rows=8 tokens=8 us=1494 encode_us=28 native_us=1268 validate_us=198
BATCH stage=decode rows=8 tokens=8 us=1459 encode_us=25 native_us=1234 validate_us=199
BATCH stage=decode rows=8 tokens=8 us=1500 encode_us=24 native_us=1281 validate_us=193
BATCH stage=decode rows=8 tokens=8 us=1461 encode_us=24 native_us=1241 validate_us=195
BATCH stage=decode rows=8 tokens=8 us=1475 encode_us=28 native_us=1243 validate_us=202
BATCH stage=decode rows=8 tokens=8 us=1445 encode_us=28 native_us=1219 validate_us=197
BATCH stage=decode rows=8 tokens=8 us=1487 encode_us=23 native_us=1269 validate_us=194
BATCH stage=decode rows=8 tokens=8 us=1466 encode_us=27 native_us=1242 validate_us=196
BATCH stage=decode rows=8 tokens=8 us=1472 encode_us=28 native_us=1244 validate_us=199
BATCH stage=decode rows=8 tokens=8 us=1436 encode_us=24 native_us=1216 validate_us=194
BATCH stage=decode rows=8 tokens=8 us=1492 encode_us=26 native_us=1270 validate_us=195
BATCH stage=decode rows=8 tokens=8 us=1468 encode_us=24 native_us=1248 validate_us=195
BATCH stage=decode rows=8 tokens=8 us=1474 encode_us=27 native_us=1249 validate_us=197
BATCH stage=decode rows=8 tokens=8 us=1450 encode_us=29 native_us=1219 validate_us=200
BATCH stage=decode rows=8 tokens=8 us=1484 encode_us=24 native_us=1265 validate_us=194
BATCH stage=decode rows=8 tokens=8 us=1467 encode_us=24 native_us=1247 validate_us=194
BATCH stage=decode rows=8 tokens=8 us=1475 encode_us=31 native_us=1244 validate_us=199
BATCH stage=decode rows=8 tokens=8 us=1441 encode_us=26 native_us=1218 validate_us=196
BATCH stage=decode rows=8 tokens=8 us=1499 encode_us=22 native_us=1278 validate_us=199
BATCH stage=decode rows=8 tokens=8 us=1468 encode_us=29 native_us=1241 validate_us=197
BATCH stage=prefill rows=1 tokens=16 us=2476 encode_us=18 native_us=2413 validate_us=44
BATCH stage=decode rows=8 tokens=8 us=1486 encode_us=30 native_us=1256 validate_us=199
BATCH stage=decode rows=8 tokens=8 us=1439 encode_us=25 native_us=1218 validate_us=195
BATCH stage=decode rows=8 tokens=8 us=1469 encode_us=27 native_us=1244 validate_us=197
BATCH stage=decode rows=8 tokens=8 us=1441 encode_us=25 native_us=1218 validate_us=197
BATCH stage=decode rows=8 tokens=8 us=1506 encode_us=29 native_us=1275 validate_us=200
BATCH stage=decode rows=8 tokens=8 us=1442 encode_us=26 native_us=1219 validate_us=196
BATCH stage=decode rows=8 tokens=8 us=1450 encode_us=27 native_us=1226 validate_us=196
BATCH stage=decode rows=8 tokens=8 us=1434 encode_us=23 native_us=1217 validate_us=193
BATCH stage=decode rows=8 tokens=8 us=1511 encode_us=26 native_us=1288 validate_us=196
BATCH stage=decode rows=8 tokens=8 us=1446 encode_us=28 native_us=1217 validate_us=200
BATCH stage=decode rows=8 tokens=8 us=1445 encode_us=23 native_us=1228 validate_us=193
BATCH stage=decode rows=8 tokens=8 us=1461 encode_us=22 native_us=1241 validate_us=197
BATCH stage=decode rows=8 tokens=8 us=1505 encode_us=29 native_us=1277 validate_us=198
BATCH stage=decode rows=8 tokens=8 us=1452 encode_us=25 native_us=1233 validate_us=194
BATCH stage=decode rows=8 tokens=8 us=1450 encode_us=24 native_us=1228 validate_us=196
BATCH stage=decode rows=8 tokens=8 us=1452 encode_us=22 native_us=1236 validate_us=193
BATCH stage=decode rows=8 tokens=8 us=1501 encode_us=26 native_us=1277 validate_us=197
BATCH stage=decode rows=8 tokens=8 us=1444 encode_us=27 native_us=1220 validate_us=195
BATCH stage=decode rows=8 tokens=8 us=1444 encode_us=21 native_us=1231 validate_us=192
BATCH stage=decode rows=8 tokens=8 us=1461 encode_us=24 native_us=1245 validate_us=192
BATCH stage=decode rows=8 tokens=8 us=1510 encode_us=28 native_us=1284 validate_us=197
BATCH stage=decode rows=8 tokens=8 us=1456 encode_us=25 native_us=1234 validate_us=195
BATCH stage=decode rows=8 tokens=8 us=1456 encode_us=26 native_us=1235 validate_us=194
BATCH stage=decode rows=8 tokens=8 us=1463 encode_us=23 native_us=1247 validate_us=192
BATCH stage=decode rows=8 tokens=8 us=1527 encode_us=36 native_us=1285 validate_us=205
BATCH stage=decode rows=8 tokens=8 us=1473 encode_us=29 native_us=1245 validate_us=198
BATCH stage=decode rows=8 tokens=8 us=1463 encode_us=25 native_us=1241 validate_us=195
BATCH stage=decode rows=8 tokens=8 us=1468 encode_us=24 native_us=1249 validate_us=195
BATCH stage=decode rows=8 tokens=8 us=1535 encode_us=37 native_us=1296 validate_us=202
BATCH stage=prefill rows=1 tokens=128 us=2994 encode_us=24 native_us=2918 validate_us=51
BATCH stage=decode rows=8 tokens=8 us=1471 encode_us=30 native_us=1238 validate_us=201
BATCH stage=prefill rows=1 tokens=398 us=6705 encode_us=20 native_us=6634 validate_us=49
BATCH stage=decode rows=8 tokens=8 us=1468 encode_us=28 native_us=1241 validate_us=198
BATCH stage=decode rows=8 tokens=8 us=1526 encode_us=27 native_us=1301 validate_us=197
BATCH stage=decode rows=8 tokens=8 us=1494 encode_us=28 native_us=1267 validate_us=198
BATCH stage=decode rows=8 tokens=8 us=1471 encode_us=30 native_us=1240 validate_us=200
BATCH stage=decode rows=8 tokens=8 us=1492 encode_us=29 native_us=1263 validate_us=199
BATCH stage=decode rows=8 tokens=8 us=1510 encode_us=29 native_us=1280 validate_us=200
BATCH stage=decode rows=8 tokens=8 us=1490 encode_us=32 native_us=1255 validate_us=201
BATCH stage=decode rows=8 tokens=8 us=1479 encode_us=28 native_us=1252 validate_us=199
BATCH stage=decode rows=8 tokens=8 us=1504 encode_us=24 native_us=1278 validate_us=200
BATCH stage=decode rows=8 tokens=8 us=1524 encode_us=28 native_us=1298 validate_us=197
BATCH stage=decode rows=8 tokens=8 us=1480 encode_us=28 native_us=1253 validate_us=198
BATCH stage=decode rows=8 tokens=8 us=1474 encode_us=26 native_us=1241 validate_us=205
BATCH stage=decode rows=8 tokens=8 us=1507 encode_us=26 native_us=1283 validate_us=197
BATCH stage=decode rows=8 tokens=8 us=1505 encode_us=27 native_us=1279 validate_us=198
BATCH stage=decode rows=8 tokens=8 us=1501 encode_us=29 native_us=1267 validate_us=204
BATCH stage=decode rows=8 tokens=8 us=1460 encode_us=29 native_us=1232 validate_us=199
BATCH stage=decode rows=8 tokens=8 us=1502 encode_us=24 native_us=1280 validate_us=197
BATCH stage=decode rows=8 tokens=8 us=1507 encode_us=27 native_us=1278 validate_us=202
BATCH stage=decode rows=8 tokens=8 us=1522 encode_us=39 native_us=1280 validate_us=202
BATCH stage=prefill rows=1 tokens=16 us=2493 encode_us=20 native_us=2425 validate_us=46
BATCH stage=decode rows=8 tokens=8 us=1470 encode_us=31 native_us=1240 validate_us=199
BATCH stage=decode rows=8 tokens=8 us=1489 encode_us=25 native_us=1269 validate_us=194
BATCH stage=decode rows=8 tokens=8 us=1529 encode_us=26 native_us=1307 validate_us=195
BATCH stage=decode rows=8 tokens=8 us=1458 encode_us=24 native_us=1239 validate_us=194
BATCH stage=decode rows=8 tokens=8 us=1477 encode_us=28 native_us=1250 validate_us=199
BATCH stage=decode rows=8 tokens=8 us=1483 encode_us=23 native_us=1266 validate_us=193
BATCH stage=decode rows=8 tokens=8 us=1496 encode_us=24 native_us=1274 validate_us=196
BATCH stage=decode rows=8 tokens=8 us=1466 encode_us=27 native_us=1240 validate_us=199
BATCH stage=decode rows=8 tokens=8 us=1465 encode_us=25 native_us=1243 validate_us=196
BATCH stage=decode rows=8 tokens=8 us=1488 encode_us=22 native_us=1271 validate_us=193
BATCH stage=decode rows=8 tokens=8 us=1511 encode_us=30 native_us=1283 validate_us=198
BATCH stage=prefill rows=1 tokens=128 us=2994 encode_us=25 native_us=2916 validate_us=52
BATCH stage=decode rows=8 tokens=8 us=1456 encode_us=29 native_us=1230 validate_us=197
BATCH stage=decode rows=8 tokens=8 us=1471 encode_us=27 native_us=1246 validate_us=197
BATCH stage=decode rows=8 tokens=8 us=1546 encode_us=32 native_us=1311 validate_us=202
BATCH stage=prefill rows=1 tokens=398 us=6706 encode_us=27 native_us=6625 validate_us=53
BATCH stage=decode rows=8 tokens=8 us=1508 encode_us=30 native_us=1278 validate_us=199
BATCH stage=decode rows=8 tokens=8 us=1462 encode_us=29 native_us=1234 validate_us=197
BATCH stage=decode rows=8 tokens=8 us=1539 encode_us=29 native_us=1303 validate_us=206
BATCH stage=decode rows=8 tokens=8 us=1505 encode_us=28 native_us=1278 validate_us=197
BATCH stage=decode rows=8 tokens=8 us=1512 encode_us=26 native_us=1289 validate_us=196
BATCH stage=decode rows=8 tokens=8 us=1467 encode_us=26 native_us=1238 validate_us=202
BATCH stage=decode rows=8 tokens=8 us=1504 encode_us=30 native_us=1274 validate_us=199
BATCH stage=decode rows=8 tokens=8 us=1515 encode_us=33 native_us=1280 validate_us=202
BATCH stage=prefill rows=1 tokens=16 us=2493 encode_us=20 native_us=2427 validate_us=45
BATCH stage=decode rows=8 tokens=8 us=1504 encode_us=25 native_us=1284 validate_us=194
BATCH stage=decode rows=8 tokens=8 us=1469 encode_us=23 native_us=1249 validate_us=195
BATCH stage=decode rows=8 tokens=8 us=1544 encode_us=26 native_us=1316 validate_us=201
BATCH stage=decode rows=8 tokens=8 us=1451 encode_us=28 native_us=1225 validate_us=197
BATCH stage=decode rows=8 tokens=8 us=1501 encode_us=27 native_us=1275 validate_us=198
BATCH stage=decode rows=8 tokens=8 us=1467 encode_us=26 native_us=1245 validate_us=196
BATCH stage=decode rows=8 tokens=8 us=1523 encode_us=30 native_us=1292 validate_us=199
BATCH stage=decode rows=8 tokens=8 us=1457 encode_us=31 native_us=1225 validate_us=201
BATCH stage=prefill rows=1 tokens=128 us=2987 encode_us=25 native_us=2912 validate_us=49
BATCH stage=decode rows=8 tokens=8 us=1512 encode_us=27 native_us=1285 validate_us=198
BATCH stage=decode rows=8 tokens=8 us=1463 encode_us=27 native_us=1238 validate_us=197
BATCH stage=prefill rows=1 tokens=398 us=6730 encode_us=27 native_us=6650 validate_us=52
BATCH stage=decode rows=8 tokens=8 us=1534 encode_us=32 native_us=1299 validate_us=201
BATCH stage=decode rows=8 tokens=8 us=1438 encode_us=29 native_us=1209 validate_us=199
BATCH stage=prefill rows=1 tokens=16 us=2491 encode_us=24 native_us=2417 validate_us=49
BATCH stage=decode rows=8 tokens=8 us=1501 encode_us=28 native_us=1276 validate_us=197
BATCH stage=prefill rows=1 tokens=128 us=2969 encode_us=16 native_us=2911 validate_us=41
BATCH stage=decode rows=8 tokens=8 us=1476 encode_us=23 native_us=1257 validate_us=195
BATCH stage=decode rows=8 tokens=8 us=1470 encode_us=30 native_us=1239 validate_us=200
BATCH stage=prefill rows=1 tokens=398 us=6722 encode_us=25 native_us=6644 validate_us=52
BATCH stage=decode rows=8 tokens=8 us=1547 encode_us=28 native_us=1318 validate_us=200
BATCH stage=decode rows=8 tokens=8 us=1459 encode_us=28 native_us=1233 validate_us=197
BATCH stage=decode rows=8 tokens=8 us=1493 encode_us=28 native_us=1267 validate_us=197
BATCH stage=decode rows=8 tokens=8 us=1480 encode_us=30 native_us=1249 validate_us=199
BATCH stage=decode rows=8 tokens=8 us=1500 encode_us=23 native_us=1283 validate_us=193
BATCH stage=decode rows=8 tokens=8 us=1467 encode_us=28 native_us=1243 validate_us=196
BATCH stage=prefill rows=1 tokens=16 us=2484 encode_us=16 native_us=2425 validate_us=42
BATCH stage=decode rows=8 tokens=8 us=1470 encode_us=26 native_us=1248 validate_us=196
BATCH stage=decode rows=8 tokens=8 us=1475 encode_us=26 native_us=1244 validate_us=204
BATCH stage=decode rows=8 tokens=8 us=1461 encode_us=23 native_us=1244 validate_us=192
BATCH stage=decode rows=8 tokens=8 us=1447 encode_us=21 native_us=1233 validate_us=192
BATCH stage=decode rows=8 tokens=8 us=1486 encode_us=29 native_us=1253 validate_us=203
BATCH stage=decode rows=8 tokens=8 us=1476 encode_us=29 native_us=1247 validate_us=198
BATCH stage=decode rows=8 tokens=8 us=1495 encode_us=24 native_us=1268 validate_us=203
BATCH stage=decode rows=8 tokens=8 us=1448 encode_us=23 native_us=1228 validate_us=197
BATCH stage=decode rows=8 tokens=8 us=1491 encode_us=30 native_us=1261 validate_us=199
BATCH stage=decode rows=8 tokens=8 us=1479 encode_us=28 native_us=1251 validate_us=199
BATCH stage=decode rows=8 tokens=8 us=1497 encode_us=22 native_us=1281 validate_us=193
BATCH stage=decode rows=8 tokens=8 us=1450 encode_us=24 native_us=1231 validate_us=194
BATCH stage=decode rows=8 tokens=8 us=1484 encode_us=25 native_us=1263 validate_us=194
BATCH stage=decode rows=8 tokens=8 us=1486 encode_us=26 native_us=1258 validate_us=201
BATCH stage=decode rows=8 tokens=8 us=1489 encode_us=23 native_us=1273 validate_us=192
BATCH stage=decode rows=8 tokens=8 us=1450 encode_us=24 native_us=1232 validate_us=192
BATCH stage=decode rows=8 tokens=8 us=1490 encode_us=29 native_us=1259 validate_us=201
BATCH stage=decode rows=8 tokens=8 us=1474 encode_us=27 native_us=1249 validate_us=197
BATCH stage=decode rows=8 tokens=8 us=1496 encode_us=22 native_us=1281 validate_us=192
BATCH stage=decode rows=8 tokens=8 us=1451 encode_us=25 native_us=1231 validate_us=194
BATCH stage=decode rows=8 tokens=8 us=1478 encode_us=29 native_us=1253 validate_us=195
BATCH stage=decode rows=8 tokens=8 us=1464 encode_us=26 native_us=1239 validate_us=198
BATCH stage=decode rows=8 tokens=8 us=1494 encode_us=21 native_us=1276 validate_us=195
BATCH stage=decode rows=8 tokens=8 us=1444 encode_us=23 native_us=1228 validate_us=192
BATCH stage=decode rows=8 tokens=8 us=1496 encode_us=30 native_us=1266 validate_us=199
BATCH stage=decode rows=8 tokens=8 us=1482 encode_us=32 native_us=1250 validate_us=199
BATCH stage=decode rows=8 tokens=8 us=1504 encode_us=25 native_us=1282 validate_us=196
BATCH stage=decode rows=8 tokens=8 us=1447 encode_us=22 native_us=1232 validate_us=192
BATCH stage=decode rows=8 tokens=8 us=1478 encode_us=28 native_us=1250 validate_us=199
BATCH stage=decode rows=8 tokens=8 us=1481 encode_us=27 native_us=1258 validate_us=195
BATCH stage=decode rows=8 tokens=8 us=1495 encode_us=21 native_us=1281 validate_us=192
BATCH stage=decode rows=8 tokens=8 us=1441 encode_us=24 native_us=1219 validate_us=197
BATCH stage=decode rows=8 tokens=8 us=1488 encode_us=30 native_us=1258 validate_us=198
BATCH stage=prefill rows=1 tokens=128 us=2988 encode_us=24 native_us=2916 validate_us=47
BATCH stage=decode rows=8 tokens=8 us=1485 encode_us=29 native_us=1258 validate_us=197
BATCH stage=decode rows=8 tokens=8 us=1499 encode_us=22 native_us=1284 validate_us=192
BATCH stage=decode rows=8 tokens=8 us=1482 encode_us=29 native_us=1254 validate_us=199
BATCH stage=decode rows=8 tokens=8 us=1475 encode_us=26 native_us=1252 validate_us=196
BATCH stage=decode rows=8 tokens=8 us=1487 encode_us=26 native_us=1264 validate_us=196
BATCH stage=decode rows=8 tokens=8 us=1501 encode_us=22 native_us=1282 validate_us=196
BATCH stage=prefill rows=1 tokens=398 us=6732 encode_us=27 native_us=6650 validate_us=54
BATCH stage=decode rows=8 tokens=8 us=1476 encode_us=29 native_us=1249 validate_us=197
BATCH stage=decode rows=8 tokens=8 us=1477 encode_us=27 native_us=1250 validate_us=199
BATCH stage=decode rows=8 tokens=8 us=1559 encode_us=32 native_us=1324 validate_us=202
BATCH stage=decode rows=8 tokens=8 us=1451 encode_us=27 native_us=1228 validate_us=196
BATCH stage=decode rows=8 tokens=8 us=1462 encode_us=25 native_us=1240 validate_us=195
BATCH stage=decode rows=8 tokens=8 us=1469 encode_us=24 native_us=1249 validate_us=194
BATCH stage=decode rows=8 tokens=8 us=1527 encode_us=31 native_us=1289 validate_us=207
BATCH stage=decode rows=8 tokens=8 us=1460 encode_us=31 native_us=1229 validate_us=199
BATCH stage=decode rows=8 tokens=8 us=1498 encode_us=30 native_us=1268 validate_us=199
BATCH stage=decode rows=8 tokens=8 us=1483 encode_us=29 native_us=1253 validate_us=200
BATCH stage=decode rows=8 tokens=8 us=1520 encode_us=30 native_us=1289 validate_us=200
BATCH stage=decode rows=8 tokens=8 us=1451 encode_us=23 native_us=1234 validate_us=194
BATCH stage=decode rows=8 tokens=8 us=1507 encode_us=28 native_us=1280 validate_us=197
BATCH stage=decode rows=8 tokens=8 us=1475 encode_us=26 native_us=1251 validate_us=196
BATCH stage=decode rows=8 tokens=8 us=1510 encode_us=29 native_us=1279 validate_us=201
BATCH stage=decode rows=8 tokens=8 us=1458 encode_us=29 native_us=1232 validate_us=196
BATCH stage=prefill rows=1 tokens=16 us=2484 encode_us=18 native_us=2422 validate_us=43
BATCH stage=decode rows=8 tokens=8 us=1500 encode_us=24 native_us=1281 validate_us=195
BATCH stage=decode rows=8 tokens=8 us=1480 encode_us=28 native_us=1254 validate_us=197
BATCH stage=decode rows=8 tokens=8 us=1497 encode_us=29 native_us=1267 validate_us=200
BATCH stage=decode rows=8 tokens=8 us=1431 encode_us=22 native_us=1215 validate_us=193
BATCH stage=decode rows=8 tokens=8 us=1501 encode_us=28 native_us=1274 validate_us=198
BATCH stage=decode rows=8 tokens=8 us=1457 encode_us=26 native_us=1235 validate_us=195
BATCH stage=decode rows=8 tokens=8 us=1473 encode_us=27 native_us=1248 validate_us=197
BATCH stage=decode rows=8 tokens=8 us=1417 encode_us=22 native_us=1199 validate_us=195
BATCH stage=decode rows=8 tokens=8 us=1506 encode_us=24 native_us=1288 validate_us=193
BATCH stage=decode rows=8 tokens=8 us=1481 encode_us=24 native_us=1258 validate_us=198
BATCH stage=decode rows=8 tokens=8 us=1495 encode_us=31 native_us=1264 validate_us=200
BATCH stage=decode rows=8 tokens=8 us=1429 encode_us=22 native_us=1215 validate_us=191
BATCH stage=decode rows=8 tokens=8 us=1504 encode_us=26 native_us=1276 validate_us=201
BATCH stage=decode rows=8 tokens=8 us=1461 encode_us=28 native_us=1235 validate_us=196
BATCH stage=decode rows=8 tokens=8 us=1501 encode_us=30 native_us=1265 validate_us=205
BATCH stage=decode rows=8 tokens=8 us=1435 encode_us=24 native_us=1218 validate_us=192
BATCH stage=decode rows=8 tokens=8 us=1511 encode_us=25 native_us=1290 validate_us=195
BATCH stage=decode rows=8 tokens=8 us=1480 encode_us=29 native_us=1251 validate_us=199
BATCH stage=decode rows=8 tokens=8 us=1490 encode_us=30 native_us=1259 validate_us=199
BATCH stage=decode rows=8 tokens=8 us=1426 encode_us=22 native_us=1211 validate_us=192
BATCH stage=decode rows=8 tokens=8 us=1512 encode_us=27 native_us=1287 validate_us=197
BATCH stage=decode rows=8 tokens=8 us=1504 encode_us=27 native_us=1281 validate_us=196
BATCH stage=decode rows=8 tokens=8 us=1484 encode_us=31 native_us=1251 validate_us=201
BATCH stage=decode rows=8 tokens=8 us=1435 encode_us=23 native_us=1215 validate_us=196
BATCH stage=decode rows=8 tokens=8 us=1512 encode_us=27 native_us=1287 validate_us=196
BATCH stage=decode rows=8 tokens=8 us=1516 encode_us=27 native_us=1290 validate_us=198
BATCH stage=prefill rows=1 tokens=128 us=2981 encode_us=25 native_us=2905 validate_us=50
BATCH stage=decode rows=8 tokens=8 us=1494 encode_us=33 native_us=1256 validate_us=205
BATCH stage=prefill rows=1 tokens=398 us=6724 encode_us=21 native_us=6647 validate_us=54
BATCH stage=decode rows=8 tokens=8 us=1423 encode_us=24 native_us=1204 validate_us=194
BATCH stage=decode rows=8 tokens=8 us=1530 encode_us=28 native_us=1303 validate_us=198
BATCH stage=decode rows=8 tokens=8 us=1513 encode_us=32 native_us=1280 validate_us=201
BATCH stage=decode rows=8 tokens=8 us=1498 encode_us=42 native_us=1255 validate_us=201
BATCH stage=decode rows=8 tokens=8 us=1423 encode_us=21 native_us=1207 validate_us=193
BATCH stage=decode rows=8 tokens=8 us=1516 encode_us=30 native_us=1286 validate_us=199
BATCH stage=decode rows=8 tokens=8 us=1500 encode_us=27 native_us=1273 validate_us=198
BATCH stage=decode rows=8 tokens=8 us=1480 encode_us=29 native_us=1251 validate_us=199
BATCH stage=decode rows=8 tokens=8 us=1436 encode_us=25 native_us=1216 validate_us=194
BATCH stage=decode rows=8 tokens=8 us=1508 encode_us=27 native_us=1281 validate_us=199
BATCH stage=decode rows=8 tokens=8 us=1509 encode_us=27 native_us=1285 validate_us=196
BATCH stage=decode rows=8 tokens=8 us=1496 encode_us=32 native_us=1261 validate_us=202
BATCH stage=decode rows=8 tokens=8 us=1420 encode_us=24 native_us=1201 validate_us=193
BATCH stage=decode rows=8 tokens=8 us=1521 encode_us=26 native_us=1295 validate_us=198
BATCH stage=decode rows=8 tokens=8 us=1525 encode_us=31 native_us=1294 validate_us=199
BATCH stage=prefill rows=1 tokens=16 us=2486 encode_us=17 native_us=2425 validate_us=43
BATCH stage=decode rows=8 tokens=8 us=1475 encode_us=28 native_us=1248 validate_us=198
BATCH stage=decode rows=8 tokens=8 us=1419 encode_us=24 native_us=1201 validate_us=193
BATCH stage=decode rows=8 tokens=8 us=1544 encode_us=27 native_us=1319 validate_us=196
BATCH stage=decode rows=8 tokens=8 us=1455 encode_us=25 native_us=1230 validate_us=199
BATCH stage=decode rows=8 tokens=8 us=1494 encode_us=31 native_us=1263 validate_us=200
BATCH stage=decode rows=8 tokens=8 us=1423 encode_us=22 native_us=1209 validate_us=191
BATCH stage=prefill rows=1 tokens=128 us=2977 encode_us=25 native_us=2898 validate_us=53
BATCH stage=decode rows=8 tokens=8 us=1542 encode_us=35 native_us=1304 validate_us=202
BATCH stage=prefill rows=1 tokens=398 us=6710 encode_us=22 native_us=6640 validate_us=48
BATCH stage=decode rows=8 tokens=8 us=1476 encode_us=27 native_us=1249 validate_us=199
BATCH stage=decode rows=8 tokens=8 us=1506 encode_us=37 native_us=1263 validate_us=205
BATCH stage=decode rows=8 tokens=8 us=1536 encode_us=26 native_us=1313 validate_us=195
BATCH stage=decode rows=8 tokens=8 us=1504 encode_us=28 native_us=1276 validate_us=199
BATCH stage=prefill rows=1 tokens=16 us=2482 encode_us=19 native_us=2417 validate_us=44
BATCH stage=decode rows=8 tokens=8 us=1446 encode_us=25 native_us=1226 validate_us=194
BATCH stage=decode rows=8 tokens=8 us=1478 encode_us=26 native_us=1253 validate_us=197
BATCH stage=decode rows=8 tokens=8 us=1528 encode_us=30 native_us=1302 validate_us=195
BATCH stage=decode rows=8 tokens=8 us=1487 encode_us=24 native_us=1267 validate_us=195
BATCH stage=decode rows=8 tokens=8 us=1444 encode_us=23 native_us=1227 validate_us=193
BATCH stage=decode rows=8 tokens=8 us=1481 encode_us=30 native_us=1252 validate_us=199
BATCH stage=decode rows=8 tokens=8 us=1491 encode_us=26 native_us=1267 validate_us=197
BATCH stage=prefill rows=1 tokens=128 us=2980 encode_us=25 native_us=2904 validate_us=50
BATCH stage=decode rows=8 tokens=8 us=1514 encode_us=34 native_us=1274 validate_us=205
BATCH stage=prefill rows=1 tokens=398 us=6707 encode_us=23 native_us=6633 validate_us=51
BATCH stage=decode rows=8 tokens=8 us=1451 encode_us=28 native_us=1227 validate_us=195
BATCH stage=decode rows=8 tokens=8 us=1548 encode_us=31 native_us=1315 validate_us=201
BATCH stage=decode rows=8 tokens=8 us=1525 encode_us=29 native_us=1299 validate_us=196
BATCH stage=prefill rows=1 tokens=16 us=2472 encode_us=17 native_us=2411 validate_us=43
BATCH stage=decode rows=8 tokens=8 us=1451 encode_us=22 native_us=1235 validate_us=193
BATCH stage=decode rows=8 tokens=8 us=1456 encode_us=27 native_us=1233 validate_us=194
BATCH stage=decode rows=8 tokens=8 us=1547 encode_us=29 native_us=1319 validate_us=198
BATCH stage=decode rows=8 tokens=8 us=1409 encode_us=23 native_us=1192 validate_us=193
BATCH stage=decode rows=8 tokens=8 us=1459 encode_us=23 native_us=1242 validate_us=193
BATCH stage=decode rows=8 tokens=8 us=1451 encode_us=26 native_us=1227 validate_us=197
BATCH stage=prefill rows=1 tokens=128 us=2967 encode_us=24 native_us=2895 validate_us=47
BATCH stage=decode rows=8 tokens=8 us=1516 encode_us=33 native_us=1277 validate_us=205
BATCH stage=decode rows=8 tokens=8 us=1406 encode_us=21 native_us=1192 validate_us=192
BATCH stage=decode rows=8 tokens=8 us=1471 encode_us=27 native_us=1243 validate_us=200
BATCH stage=prefill rows=1 tokens=398 us=6716 encode_us=27 native_us=6630 validate_us=58
BATCH stage=decode rows=8 tokens=8 us=1450 encode_us=29 native_us=1222 validate_us=198
BATCH stage=decode rows=8 tokens=8 us=1518 encode_us=33 native_us=1282 validate_us=201
BATCH stage=decode rows=8 tokens=8 us=1469 encode_us=28 native_us=1243 validate_us=197
BATCH stage=decode rows=8 tokens=8 us=1468 encode_us=28 native_us=1241 validate_us=199
BATCH stage=decode rows=8 tokens=8 us=1443 encode_us=27 native_us=1218 validate_us=197
BATCH stage=decode rows=8 tokens=8 us=1484 encode_us=30 native_us=1255 validate_us=199
BATCH stage=decode rows=8 tokens=8 us=1466 encode_us=21 native_us=1250 validate_us=194
BATCH stage=decode rows=8 tokens=8 us=1476 encode_us=25 native_us=1256 validate_us=194
BATCH stage=decode rows=8 tokens=8 us=1460 encode_us=22 native_us=1246 validate_us=191
BATCH stage=decode rows=8 tokens=8 us=1506 encode_us=28 native_us=1273 validate_us=204
BATCH stage=decode rows=8 tokens=8 us=1471 encode_us=23 native_us=1255 validate_us=192
BATCH stage=decode rows=8 tokens=8 us=1466 encode_us=25 native_us=1244 validate_us=195
BATCH stage=decode rows=8 tokens=8 us=1471 encode_us=22 native_us=1252 validate_us=196
BATCH stage=decode rows=8 tokens=8 us=1493 encode_us=31 native_us=1262 validate_us=199
BATCH stage=decode rows=8 tokens=8 us=1472 encode_us=22 native_us=1254 validate_us=195
BATCH stage=decode rows=8 tokens=8 us=1478 encode_us=28 native_us=1251 validate_us=197
BATCH stage=decode rows=8 tokens=8 us=1457 encode_us=23 native_us=1241 validate_us=192
BATCH stage=decode rows=8 tokens=8 us=1498 encode_us=28 native_us=1271 validate_us=198
BATCH stage=decode rows=8 tokens=8 us=1462 encode_us=24 native_us=1244 validate_us=193
BATCH stage=decode rows=8 tokens=8 us=1472 encode_us=24 native_us=1253 validate_us=194
BATCH stage=decode rows=8 tokens=8 us=1506 encode_us=31 native_us=1275 validate_us=200
BATCH stage=decode rows=8 tokens=8 us=1497 encode_us=36 native_us=1256 validate_us=204
BATCH stage=decode rows=8 tokens=8 us=1459 encode_us=24 native_us=1240 validate_us=193
BATCH stage=decode rows=8 tokens=8 us=1521 encode_us=24 native_us=1301 validate_us=194
BATCH stage=decode rows=8 tokens=8 us=1478 encode_us=25 native_us=1257 validate_us=195
BATCH stage=decode rows=8 tokens=8 us=1489 encode_us=29 native_us=1260 validate_us=198
BATCH stage=decode rows=8 tokens=8 us=1509 encode_us=22 native_us=1295 validate_us=192
BATCH stage=decode rows=8 tokens=8 us=1476 encode_us=28 native_us=1249 validate_us=197
BATCH stage=decode rows=8 tokens=8 us=1459 encode_us=22 native_us=1244 validate_us=192
BATCH stage=decode rows=8 tokens=8 us=1555 encode_us=34 native_us=1318 validate_us=203
BATCH stage=decode rows=8 tokens=8 us=1459 encode_us=23 native_us=1243 validate_us=193
BATCH stage=decode rows=8 tokens=8 us=1464 encode_us=24 native_us=1244 validate_us=195
BATCH stage=decode rows=8 tokens=8 us=1531 encode_us=22 native_us=1311 validate_us=197
BATCH stage=decode rows=8 tokens=8 us=1503 encode_us=30 native_us=1273 validate_us=199
BATCH stage=decode rows=8 tokens=8 us=1466 encode_us=21 native_us=1253 validate_us=191
BATCH stage=decode rows=8 tokens=8 us=1546 encode_us=30 native_us=1314 validate_us=200
BATCH stage=decode rows=8 tokens=8 us=1470 encode_us=25 native_us=1251 validate_us=193
BATCH stage=decode rows=8 tokens=8 us=1504 encode_us=29 native_us=1275 validate_us=199
BATCH stage=decode rows=8 tokens=8 us=1531 encode_us=26 native_us=1310 validate_us=194
BATCH stage=decode rows=8 tokens=8 us=1515 encode_us=25 native_us=1294 validate_us=194
BATCH stage=decode rows=8 tokens=8 us=1472 encode_us=21 native_us=1254 validate_us=196
BATCH stage=decode rows=8 tokens=8 us=1561 encode_us=33 native_us=1323 validate_us=203
BATCH stage=decode rows=8 tokens=8 us=1538 encode_us=26 native_us=1316 validate_us=195
BATCH stage=decode rows=8 tokens=8 us=1491 encode_us=27 native_us=1261 validate_us=202
BATCH stage=decode rows=8 tokens=8 us=1536 encode_us=25 native_us=1315 validate_us=194
BATCH stage=decode rows=8 tokens=8 us=1551 encode_us=30 native_us=1321 validate_us=199
BATCH stage=decode rows=8 tokens=8 us=1490 encode_us=30 native_us=1257 validate_us=202
BATCH stage=decode rows=8 tokens=8 us=1554 encode_us=30 native_us=1325 validate_us=198
BATCH stage=decode rows=8 tokens=8 us=1520 encode_us=25 native_us=1300 validate_us=194
BATCH stage=decode rows=8 tokens=8 us=1509 encode_us=29 native_us=1277 validate_us=202
BATCH stage=decode rows=8 tokens=8 us=1530 encode_us=25 native_us=1310 validate_us=194
BATCH stage=decode rows=8 tokens=8 us=1535 encode_us=28 native_us=1310 validate_us=196
BATCH stage=decode rows=8 tokens=8 us=1502 encode_us=23 native_us=1284 validate_us=194
BATCH stage=decode rows=8 tokens=8 us=1569 encode_us=33 native_us=1332 validate_us=202
BATCH stage=decode rows=8 tokens=8 us=1537 encode_us=28 native_us=1313 validate_us=195
BATCH stage=decode rows=8 tokens=8 us=1535 encode_us=25 native_us=1299 validate_us=209
BATCH stage=decode rows=8 tokens=8 us=1525 encode_us=25 native_us=1303 validate_us=195
BATCH stage=decode rows=8 tokens=8 us=1543 encode_us=30 native_us=1312 validate_us=200
BATCH stage=decode rows=8 tokens=8 us=1530 encode_us=28 native_us=1305 validate_us=196
BATCH stage=decode rows=8 tokens=8 us=1463 encode_us=25 native_us=1243 validate_us=194
BATCH stage=decode rows=8 tokens=8 us=1511 encode_us=28 native_us=1285 validate_us=197
BATCH stage=decode rows=8 tokens=8 us=1533 encode_us=32 native_us=1296 validate_us=203
BATCH stage=decode rows=8 tokens=8 us=1459 encode_us=22 native_us=1244 validate_us=191
BATCH stage=decode rows=8 tokens=8 us=1537 encode_us=27 native_us=1300 validate_us=210
BATCH stage=decode rows=8 tokens=8 us=1531 encode_us=26 native_us=1298 validate_us=205
BATCH stage=decode rows=8 tokens=8 us=1459 encode_us=26 native_us=1237 validate_us=195
BATCH stage=decode rows=8 tokens=8 us=1518 encode_us=27 native_us=1294 validate_us=196
BATCH stage=decode rows=8 tokens=8 us=1524 encode_us=26 native_us=1300 validate_us=197
BATCH stage=decode rows=8 tokens=8 us=1481 encode_us=21 native_us=1268 validate_us=191
BATCH stage=decode rows=8 tokens=8 us=1531 encode_us=29 native_us=1300 validate_us=202
BATCH stage=decode rows=8 tokens=8 us=1509 encode_us=24 native_us=1291 validate_us=193
BATCH stage=decode rows=8 tokens=8 us=1500 encode_us=24 native_us=1280 validate_us=194
BATCH stage=decode rows=8 tokens=8 us=1513 encode_us=24 native_us=1291 validate_us=197
BATCH stage=decode rows=8 tokens=8 us=1508 encode_us=27 native_us=1282 validate_us=198
BATCH stage=decode rows=8 tokens=8 us=1510 encode_us=26 native_us=1289 validate_us=195
BATCH stage=decode rows=8 tokens=8 us=1524 encode_us=27 native_us=1298 validate_us=197
BATCH stage=decode rows=8 tokens=8 us=1518 encode_us=28 native_us=1293 validate_us=197
BATCH stage=decode rows=8 tokens=8 us=1523 encode_us=26 native_us=1300 validate_us=196
BATCH stage=decode rows=8 tokens=8 us=1467 encode_us=22 native_us=1251 validate_us=193
BATCH stage=decode rows=8 tokens=8 us=1516 encode_us=27 native_us=1291 validate_us=197
BATCH stage=decode rows=8 tokens=8 us=1506 encode_us=22 native_us=1290 validate_us=193
BATCH stage=decode rows=8 tokens=8 us=1464 encode_us=22 native_us=1248 validate_us=193
BATCH stage=decode rows=8 tokens=8 us=1512 encode_us=25 native_us=1291 validate_us=195
BATCH stage=decode rows=8 tokens=8 us=1519 encode_us=23 native_us=1299 validate_us=195
BATCH stage=decode rows=8 tokens=8 us=1489 encode_us=29 native_us=1261 validate_us=198
BATCH stage=decode rows=8 tokens=8 us=1516 encode_us=30 native_us=1288 validate_us=198
BATCH stage=decode rows=8 tokens=8 us=1507 encode_us=23 native_us=1290 validate_us=193
BATCH stage=decode rows=8 tokens=8 us=1465 encode_us=23 native_us=1249 validate_us=192
BATCH stage=decode rows=8 tokens=8 us=1495 encode_us=25 native_us=1273 validate_us=196
BATCH stage=decode rows=8 tokens=8 us=1508 encode_us=24 native_us=1289 validate_us=193
BATCH stage=decode rows=8 tokens=8 us=1460 encode_us=20 native_us=1248 validate_us=191
BATCH stage=decode rows=8 tokens=8 us=1471 encode_us=25 native_us=1251 validate_us=194
BATCH stage=decode rows=8 tokens=8 us=1494 encode_us=24 native_us=1276 validate_us=193
BATCH stage=decode rows=8 tokens=8 us=1447 encode_us=20 native_us=1234 validate_us=191
BATCH stage=decode rows=8 tokens=8 us=1479 encode_us=24 native_us=1260 validate_us=193
BATCH stage=decode rows=8 tokens=8 us=1501 encode_us=22 native_us=1287 validate_us=191
BATCH stage=decode rows=8 tokens=8 us=1438 encode_us=19 native_us=1230 validate_us=189
BATCH stage=decode rows=8 tokens=8 us=1482 encode_us=25 native_us=1262 validate_us=194
BATCH stage=decode rows=8 tokens=8 us=1491 encode_us=25 native_us=1270 validate_us=195
BATCH stage=decode rows=8 tokens=8 us=1442 encode_us=21 native_us=1230 validate_us=191
BATCH stage=decode rows=8 tokens=8 us=1483 encode_us=27 native_us=1258 validate_us=196
BATCH stage=decode rows=8 tokens=8 us=1512 encode_us=25 native_us=1292 validate_us=194
BATCH stage=decode rows=8 tokens=8 us=1496 encode_us=23 native_us=1279 validate_us=193
BATCH stage=decode rows=8 tokens=8 us=1526 encode_us=25 native_us=1305 validate_us=194
BATCH stage=decode rows=8 tokens=8 us=1520 encode_us=23 native_us=1305 validate_us=191
BATCH stage=decode rows=8 tokens=8 us=1479 encode_us=21 native_us=1264 validate_us=192
BATCH stage=decode rows=8 tokens=8 us=1510 encode_us=25 native_us=1291 validate_us=193
BATCH stage=decode rows=8 tokens=8 us=1469 encode_us=22 native_us=1255 validate_us=191
BATCH stage=decode rows=8 tokens=8 us=1510 encode_us=19 native_us=1298 validate_us=192
BATCH stage=decode rows=8 tokens=8 us=1478 encode_us=23 native_us=1263 validate_us=191
BATCH stage=decode rows=8 tokens=8 us=1511 encode_us=25 native_us=1291 validate_us=194
BATCH stage=decode rows=8 tokens=8 us=1476 encode_us=23 native_us=1258 validate_us=194
BATCH stage=decode rows=8 tokens=8 us=1516 encode_us=26 native_us=1296 validate_us=192
BATCH stage=decode rows=8 tokens=8 us=1468 encode_us=20 native_us=1255 validate_us=192
BATCH stage=decode rows=8 tokens=8 us=1510 encode_us=23 native_us=1295 validate_us=191
BATCH stage=decode rows=8 tokens=8 us=1484 encode_us=24 native_us=1266 validate_us=192
BATCH stage=decode rows=8 tokens=8 us=1509 encode_us=21 native_us=1294 validate_us=192
BATCH stage=decode rows=8 tokens=8 us=1470 encode_us=24 native_us=1253 validate_us=193
BATCH stage=decode rows=8 tokens=8 us=1501 encode_us=23 native_us=1283 validate_us=194
BATCH stage=decode rows=8 tokens=8 us=1468 encode_us=24 native_us=1251 validate_us=192
BATCH stage=decode rows=8 tokens=8 us=1491 encode_us=21 native_us=1279 validate_us=190
BATCH stage=decode rows=8 tokens=8 us=1466 encode_us=22 native_us=1251 validate_us=192
BATCH stage=decode rows=8 tokens=8 us=1493 encode_us=22 native_us=1280 validate_us=190
BATCH stage=decode rows=8 tokens=8 us=1476 encode_us=21 native_us=1258 validate_us=196
BATCH stage=decode rows=8 tokens=8 us=1502 encode_us=25 native_us=1284 validate_us=192
BATCH stage=decode rows=8 tokens=8 us=1465 encode_us=21 native_us=1253 validate_us=190
BATCH stage=decode rows=8 tokens=8 us=1506 encode_us=19 native_us=1297 validate_us=189
BATCH stage=decode rows=8 tokens=8 us=1475 encode_us=25 native_us=1258 validate_us=191
BATCH stage=decode rows=8 tokens=8 us=1474 encode_us=23 native_us=1258 validate_us=192
BATCH stage=decode rows=8 tokens=8 us=1466 encode_us=22 native_us=1250 validate_us=193
BATCH stage=decode rows=8 tokens=8 us=1492 encode_us=23 native_us=1275 validate_us=193
BATCH stage=decode rows=8 tokens=8 us=1472 encode_us=26 native_us=1250 validate_us=194
BATCH stage=decode rows=8 tokens=8 us=1493 encode_us=25 native_us=1276 validate_us=192
BATCH stage=decode rows=8 tokens=8 us=1470 encode_us=22 native_us=1256 validate_us=190
BATCH stage=decode rows=8 tokens=8 us=1482 encode_us=19 native_us=1273 validate_us=189
BATCH stage=decode rows=8 tokens=8 us=1471 encode_us=24 native_us=1253 validate_us=193
BATCH stage=decode rows=8 tokens=8 us=1483 encode_us=20 native_us=1273 validate_us=190
BATCH stage=decode rows=8 tokens=8 us=1480 encode_us=21 native_us=1267 validate_us=190
BATCH stage=decode rows=8 tokens=8 us=1490 encode_us=20 native_us=1280 validate_us=189
BATCH stage=decode rows=8 tokens=8 us=1489 encode_us=20 native_us=1275 validate_us=194
BATCH stage=decode rows=8 tokens=8 us=1487 encode_us=20 native_us=1277 validate_us=189
BATCH stage=decode rows=8 tokens=8 us=1486 encode_us=21 native_us=1274 validate_us=190
BATCH stage=decode rows=8 tokens=8 us=1492 encode_us=24 native_us=1274 validate_us=193
BATCH stage=decode rows=8 tokens=8 us=1491 encode_us=22 native_us=1276 validate_us=191
BATCH stage=decode rows=8 tokens=8 us=1489 encode_us=23 native_us=1275 validate_us=190
BATCH stage=decode rows=8 tokens=8 us=1500 encode_us=21 native_us=1287 validate_us=191
BATCH stage=decode rows=8 tokens=8 us=1487 encode_us=18 native_us=1279 validate_us=189
BATCH stage=decode rows=8 tokens=8 us=1511 encode_us=24 native_us=1292 validate_us=195
BATCH stage=decode rows=8 tokens=8 us=1505 encode_us=24 native_us=1283 validate_us=198
BATCH stage=decode rows=8 tokens=8 us=1505 encode_us=24 native_us=1287 validate_us=192
BATCH stage=decode rows=8 tokens=8 us=1490 encode_us=22 native_us=1276 validate_us=191
BATCH stage=decode rows=8 tokens=8 us=1498 encode_us=22 native_us=1284 validate_us=191
BATCH stage=decode rows=8 tokens=8 us=1496 encode_us=20 native_us=1283 validate_us=191
BATCH stage=decode rows=8 tokens=8 us=1511 encode_us=26 native_us=1290 validate_us=195
BATCH stage=decode rows=8 tokens=8 us=1457 encode_us=21 native_us=1243 validate_us=192
BATCH stage=decode rows=8 tokens=8 us=1500 encode_us=23 native_us=1286 validate_us=190
BATCH stage=decode rows=8 tokens=8 us=1452 encode_us=17 native_us=1247 validate_us=186
BATCH stage=decode rows=8 tokens=8 us=1494 encode_us=16 native_us=1287 validate_us=189
BATCH stage=decode rows=8 tokens=8 us=1456 encode_us=15 native_us=1252 validate_us=188
BATCH stage=decode rows=8 tokens=8 us=1508 encode_us=20 native_us=1297 validate_us=189
BATCH stage=decode rows=8 tokens=8 us=1476 encode_us=23 native_us=1262 validate_us=191
BATCH stage=decode rows=8 tokens=8 us=1506 encode_us=23 native_us=1290 validate_us=192
BATCH stage=decode rows=8 tokens=8 us=1514 encode_us=21 native_us=1302 validate_us=190
BATCH stage=decode rows=8 tokens=8 us=1533 encode_us=22 native_us=1319 validate_us=190
BATCH stage=decode rows=8 tokens=8 us=1497 encode_us=18 native_us=1292 validate_us=186
BATCH stage=decode rows=8 tokens=8 us=1500 encode_us=21 native_us=1289 validate_us=189
BATCH stage=decode rows=8 tokens=8 us=1499 encode_us=16 native_us=1299 validate_us=184
BATCH stage=decode rows=8 tokens=8 us=1518 encode_us=19 native_us=1307 validate_us=191
BATCH stage=decode rows=8 tokens=8 us=1448 encode_us=15 native_us=1248 validate_us=184
BATCH stage=decode rows=8 tokens=8 us=1464 encode_us=16 native_us=1261 validate_us=186
BATCH stage=decode rows=8 tokens=8 us=1473 encode_us=20 native_us=1266 validate_us=187
BATCH stage=decode rows=8 tokens=8 us=1483 encode_us=18 native_us=1279 validate_us=186
BATCH stage=decode rows=8 tokens=8 us=1490 encode_us=15 native_us=1288 validate_us=186
BATCH stage=decode rows=8 tokens=8 us=1509 encode_us=22 native_us=1298 validate_us=188
BATCH stage=decode rows=8 tokens=8 us=1498 encode_us=17 native_us=1292 validate_us=189
BATCH stage=decode rows=8 tokens=8 us=1495 encode_us=15 native_us=1295 validate_us=185
BATCH stage=decode rows=8 tokens=8 us=1497 encode_us=15 native_us=1297 validate_us=184
BATCH stage=decode rows=8 tokens=8 us=1499 encode_us=17 native_us=1296 validate_us=185
BATCH stage=decode rows=8 tokens=8 us=1477 encode_us=12 native_us=1283 validate_us=182
BATCH stage=decode rows=8 tokens=8 us=1502 encode_us=20 native_us=1295 validate_us=187
BATCH stage=decode rows=8 tokens=8 us=1497 encode_us=18 native_us=1291 validate_us=187
BATCH stage=decode rows=8 tokens=8 us=1495 encode_us=18 native_us=1288 validate_us=188
BATCH stage=decode rows=8 tokens=8 us=1485 encode_us=15 native_us=1284 validate_us=185
BATCH stage=decode rows=8 tokens=8 us=1496 encode_us=16 native_us=1293 validate_us=185
BATCH stage=decode rows=8 tokens=8 us=1490 encode_us=18 native_us=1283 validate_us=187
BATCH stage=decode rows=8 tokens=8 us=1480 encode_us=16 native_us=1279 validate_us=184
BATCH stage=decode rows=8 tokens=8 us=1496 encode_us=16 native_us=1295 validate_us=184
BATCH stage=decode rows=8 tokens=8 us=1489 encode_us=16 native_us=1289 validate_us=184
BATCH stage=decode rows=8 tokens=8 us=1500 encode_us=15 native_us=1297 validate_us=187
BATCH stage=decode rows=8 tokens=8 us=1500 encode_us=16 native_us=1294 validate_us=188
BATCH stage=decode rows=8 tokens=8 us=1503 encode_us=18 native_us=1297 validate_us=186
BATCH stage=decode rows=8 tokens=8 us=1502 encode_us=17 native_us=1299 validate_us=186
BATCH stage=decode rows=8 tokens=8 us=1486 encode_us=12 native_us=1291 validate_us=182
BATCH stage=decode rows=7 tokens=7 us=1453 encode_us=17 native_us=1270 validate_us=164
BATCH stage=decode rows=7 tokens=7 us=1442 encode_us=11 native_us=1270 validate_us=160
BATCH stage=decode rows=7 tokens=7 us=1444 encode_us=9 native_us=1277 validate_us=158
BATCH stage=decode rows=7 tokens=7 us=1456 encode_us=12 native_us=1282 validate_us=161
BATCH stage=decode rows=7 tokens=7 us=1444 encode_us=8 native_us=1273 validate_us=161
BATCH stage=decode rows=7 tokens=7 us=1436 encode_us=9 native_us=1268 validate_us=159
BATCH stage=decode rows=7 tokens=7 us=1445 encode_us=8 native_us=1276 validate_us=160
BATCH stage=decode rows=6 tokens=6 us=1426 encode_us=12 native_us=1273 validate_us=140
BATCH stage=decode rows=6 tokens=6 us=1404 encode_us=8 native_us=1257 validate_us=137
BATCH stage=decode rows=6 tokens=6 us=1399 encode_us=6 native_us=1256 validate_us=136
BATCH stage=decode rows=6 tokens=6 us=1405 encode_us=6 native_us=1262 validate_us=136
BATCH stage=decode rows=5 tokens=5 us=1343 encode_us=11 native_us=1213 validate_us=117
BATCH stage=decode rows=5 tokens=5 us=1365 encode_us=9 native_us=1238 validate_us=117
BATCH stage=decode rows=5 tokens=5 us=1383 encode_us=5 native_us=1261 validate_us=116
BATCH stage=decode rows=5 tokens=5 us=1366 encode_us=5 native_us=1246 validate_us=114
BATCH stage=decode rows=5 tokens=5 us=1383 encode_us=5 native_us=1263 validate_us=114
BATCH stage=decode rows=5 tokens=5 us=1368 encode_us=5 native_us=1247 validate_us=115
BATCH stage=decode rows=5 tokens=5 us=1368 encode_us=5 native_us=1248 validate_us=114
BATCH stage=decode rows=5 tokens=5 us=1373 encode_us=5 native_us=1252 validate_us=115
BATCH stage=decode rows=5 tokens=5 us=1373 encode_us=5 native_us=1252 validate_us=114
BATCH stage=decode rows=5 tokens=5 us=1369 encode_us=5 native_us=1247 validate_us=116
BATCH stage=decode rows=5 tokens=5 us=1378 encode_us=5 native_us=1257 validate_us=114
BATCH stage=decode rows=5 tokens=5 us=1377 encode_us=5 native_us=1257 validate_us=114
BATCH stage=decode rows=5 tokens=5 us=1382 encode_us=5 native_us=1262 validate_us=114
BATCH stage=decode rows=5 tokens=5 us=1382 encode_us=5 native_us=1262 validate_us=114
BATCH stage=decode rows=4 tokens=4 us=1319 encode_us=8 native_us=1214 validate_us=96
BATCH stage=decode rows=4 tokens=4 us=1311 encode_us=4 native_us=1213 validate_us=93
BATCH stage=decode rows=4 tokens=4 us=1310 encode_us=4 native_us=1212 validate_us=93
BATCH stage=decode rows=4 tokens=4 us=1342 encode_us=6 native_us=1242 validate_us=93
BATCH stage=decode rows=4 tokens=4 us=1356 encode_us=4 native_us=1258 validate_us=93
BATCH stage=decode rows=4 tokens=4 us=1335 encode_us=4 native_us=1237 validate_us=93
BATCH stage=decode rows=4 tokens=4 us=1357 encode_us=4 native_us=1260 validate_us=92
BATCH stage=decode rows=4 tokens=4 us=1352 encode_us=4 native_us=1255 validate_us=92
BATCH stage=decode rows=4 tokens=4 us=1362 encode_us=4 native_us=1264 validate_us=93
BATCH stage=decode rows=4 tokens=4 us=1354 encode_us=4 native_us=1257 validate_us=93
BATCH stage=decode rows=4 tokens=4 us=1350 encode_us=4 native_us=1252 validate_us=93
BATCH stage=decode rows=4 tokens=4 us=1355 encode_us=4 native_us=1258 validate_us=93
BATCH stage=decode rows=4 tokens=4 us=1357 encode_us=4 native_us=1260 validate_us=93
BATCH stage=decode rows=4 tokens=4 us=1343 encode_us=4 native_us=1244 validate_us=95
BATCH stage=decode rows=4 tokens=4 us=1344 encode_us=4 native_us=1247 validate_us=93
BATCH stage=decode rows=4 tokens=4 us=1346 encode_us=4 native_us=1249 validate_us=92
BATCH stage=decode rows=3 tokens=3 us=1327 encode_us=5 native_us=1249 validate_us=72
BATCH stage=decode rows=3 tokens=3 us=1329 encode_us=3 native_us=1255 validate_us=71
BATCH stage=decode rows=3 tokens=3 us=1327 encode_us=3 native_us=1253 validate_us=70
BATCH stage=decode rows=3 tokens=3 us=1321 encode_us=3 native_us=1246 validate_us=71
BATCH stage=decode rows=3 tokens=3 us=1317 encode_us=2 native_us=1243 validate_us=71
BATCH stage=decode rows=3 tokens=3 us=1320 encode_us=3 native_us=1246 validate_us=71
BATCH stage=decode rows=3 tokens=3 us=1313 encode_us=3 native_us=1238 validate_us=71
BATCH stage=decode rows=2 tokens=2 us=1302 encode_us=3 native_us=1249 validate_us=49
BATCH stage=decode rows=2 tokens=2 us=1301 encode_us=2 native_us=1249 validate_us=49
BATCH stage=decode rows=2 tokens=2 us=1291 encode_us=2 native_us=1239 validate_us=49
BATCH stage=decode rows=2 tokens=2 us=1299 encode_us=2 native_us=1247 validate_us=49
BATCH stage=decode rows=2 tokens=2 us=1303 encode_us=2 native_us=1252 validate_us=49
BATCH stage=decode rows=2 tokens=2 us=1287 encode_us=2 native_us=1235 validate_us=50
BATCH stage=decode rows=2 tokens=2 us=1297 encode_us=2 native_us=1245 validate_us=49
BATCH stage=decode rows=2 tokens=2 us=1306 encode_us=2 native_us=1253 validate_us=50
BATCH stage=decode rows=2 tokens=2 us=1296 encode_us=1 native_us=1244 validate_us=50
BATCH stage=decode rows=1 tokens=1 us=1275 encode_us=1 native_us=1246 validate_us=28
BATCH stage=decode rows=1 tokens=1 us=1274 encode_us=1 native_us=1244 validate_us=28
BATCH stage=decode rows=1 tokens=1 us=1275 encode_us=0 native_us=1246 validate_us=28
BATCH stage=decode rows=1 tokens=1 us=1276 encode_us=1 native_us=1247 validate_us=28
BATCH stage=decode rows=1 tokens=1 us=1280 encode_us=1 native_us=1251 validate_us=27
BATCH stage=decode rows=1 tokens=1 us=1279 encode_us=0 native_us=1250 validate_us=27
riley graceful shutdown requested by stdin
