RILEY_GRAPH prepared=true policy=Require fallback=false gpu_iteration_timing=false numerics=variable-smol-v3
riley listening on http://127.0.0.1:43621 (graceful_signals=SIGINT,SIGTERM graceful_stdin_shutdown=true)
BATCH stage=prefill rows=1 tokens=128 us=3176
BATCH stage=decode rows=1 tokens=1 us=1174
BATCH stage=prefill rows=1 tokens=16 us=2555
BATCH stage=decode rows=2 tokens=2 us=1071
BATCH stage=prefill rows=1 tokens=398 us=6954
BATCH stage=decode rows=3 tokens=3 us=1281
BATCH stage=prefill rows=1 tokens=16 us=2551
BATCH stage=decode rows=4 tokens=4 us=1292
BATCH stage=decode rows=4 tokens=4 us=1295
BATCH stage=decode rows=4 tokens=4 us=1288
BATCH stage=decode rows=4 tokens=4 us=1295
BATCH stage=decode rows=4 tokens=4 us=1301
BATCH stage=decode rows=4 tokens=4 us=1298
BATCH stage=decode rows=4 tokens=4 us=1282
BATCH stage=decode rows=4 tokens=4 us=1294
BATCH stage=decode rows=4 tokens=4 us=1296
BATCH stage=decode rows=4 tokens=4 us=1292
BATCH stage=decode rows=4 tokens=4 us=1277
BATCH stage=decode rows=4 tokens=4 us=1278
BATCH stage=decode rows=4 tokens=4 us=1294
BATCH stage=decode rows=4 tokens=4 us=1299
BATCH stage=decode rows=4 tokens=4 us=1297
BATCH stage=decode rows=4 tokens=4 us=1289
BATCH stage=decode rows=4 tokens=4 us=1286
BATCH stage=decode rows=4 tokens=4 us=1308
BATCH stage=decode rows=4 tokens=4 us=1310
BATCH stage=decode rows=4 tokens=4 us=1292
BATCH stage=decode rows=4 tokens=4 us=1301
BATCH stage=decode rows=4 tokens=4 us=1296
BATCH stage=decode rows=4 tokens=4 us=1296
BATCH stage=decode rows=4 tokens=4 us=1300
BATCH stage=decode rows=4 tokens=4 us=1299
BATCH stage=decode rows=4 tokens=4 us=1296
BATCH stage=decode rows=4 tokens=4 us=1302
BATCH stage=decode rows=4 tokens=4 us=1300
BATCH stage=decode rows=4 tokens=4 us=1292
BATCH stage=decode rows=3 tokens=3 us=1276
BATCH stage=prefill rows=1 tokens=128 us=3055
BATCH stage=decode rows=4 tokens=4 us=1300
BATCH stage=decode rows=3 tokens=3 us=1288
BATCH stage=prefill rows=1 tokens=398 us=6937
BATCH stage=decode rows=4 tokens=4 us=1316
BATCH stage=decode rows=4 tokens=4 us=1309
BATCH stage=decode rows=4 tokens=4 us=1301
BATCH stage=decode rows=4 tokens=4 us=1295
BATCH stage=decode rows=4 tokens=4 us=1309
BATCH stage=decode rows=4 tokens=4 us=1309
BATCH stage=decode rows=4 tokens=4 us=1306
BATCH stage=decode rows=4 tokens=4 us=1301
BATCH stage=decode rows=4 tokens=4 us=1309
BATCH stage=decode rows=4 tokens=4 us=1304
BATCH stage=decode rows=4 tokens=4 us=1304
BATCH stage=decode rows=4 tokens=4 us=1311
BATCH stage=decode rows=4 tokens=4 us=1307
BATCH stage=decode rows=4 tokens=4 us=1297
BATCH stage=decode rows=4 tokens=4 us=1308
BATCH stage=decode rows=4 tokens=4 us=1308
BATCH stage=decode rows=4 tokens=4 us=1299
BATCH stage=decode rows=4 tokens=4 us=1316
BATCH stage=decode rows=4 tokens=4 us=1299
BATCH stage=decode rows=4 tokens=4 us=1319
BATCH stage=decode rows=4 tokens=4 us=1320
BATCH stage=decode rows=4 tokens=4 us=1310
BATCH stage=decode rows=4 tokens=4 us=1300
BATCH stage=decode rows=4 tokens=4 us=1302
BATCH stage=decode rows=4 tokens=4 us=1309
BATCH stage=decode rows=4 tokens=4 us=1314
BATCH stage=decode rows=4 tokens=4 us=1300
BATCH stage=decode rows=4 tokens=4 us=1281
BATCH stage=decode rows=3 tokens=3 us=1249
BATCH stage=prefill rows=1 tokens=16 us=2450
BATCH stage=decode rows=4 tokens=4 us=1281
BATCH stage=decode rows=4 tokens=4 us=1281
BATCH stage=decode rows=4 tokens=4 us=1279
BATCH stage=decode rows=4 tokens=4 us=1280
BATCH stage=decode rows=4 tokens=4 us=1284
BATCH stage=decode rows=4 tokens=4 us=1279
BATCH stage=decode rows=4 tokens=4 us=1279
BATCH stage=decode rows=4 tokens=4 us=1277
BATCH stage=decode rows=4 tokens=4 us=1281
BATCH stage=decode rows=4 tokens=4 us=1277
BATCH stage=decode rows=4 tokens=4 us=1280
BATCH stage=decode rows=4 tokens=4 us=1287
BATCH stage=decode rows=4 tokens=4 us=1281
BATCH stage=decode rows=4 tokens=4 us=1281
BATCH stage=decode rows=4 tokens=4 us=1274
BATCH stage=decode rows=4 tokens=4 us=1279
BATCH stage=decode rows=4 tokens=4 us=1284
BATCH stage=decode rows=4 tokens=4 us=1282
BATCH stage=decode rows=4 tokens=4 us=1277
BATCH stage=decode rows=4 tokens=4 us=1280
BATCH stage=decode rows=4 tokens=4 us=1293
BATCH stage=decode rows=4 tokens=4 us=1303
BATCH stage=decode rows=4 tokens=4 us=1294
BATCH stage=decode rows=4 tokens=4 us=1302
BATCH stage=decode rows=4 tokens=4 us=1302
BATCH stage=decode rows=4 tokens=4 us=1290
BATCH stage=decode rows=4 tokens=4 us=1294
BATCH stage=decode rows=4 tokens=4 us=1297
BATCH stage=decode rows=4 tokens=4 us=1296
BATCH stage=decode rows=4 tokens=4 us=1285
BATCH stage=decode rows=4 tokens=4 us=1297
BATCH stage=decode rows=3 tokens=3 us=1272
BATCH stage=prefill rows=1 tokens=128 us=2947
BATCH stage=decode rows=3 tokens=3 us=1281
BATCH stage=prefill rows=1 tokens=398 us=6652
BATCH stage=decode rows=4 tokens=4 us=1296
BATCH stage=decode rows=4 tokens=4 us=1303
BATCH stage=decode rows=4 tokens=4 us=1299
BATCH stage=decode rows=4 tokens=4 us=1302
BATCH stage=decode rows=4 tokens=4 us=1307
BATCH stage=decode rows=4 tokens=4 us=1302
BATCH stage=decode rows=4 tokens=4 us=1297
BATCH stage=decode rows=4 tokens=4 us=1299
BATCH stage=decode rows=4 tokens=4 us=1305
BATCH stage=decode rows=4 tokens=4 us=1296
BATCH stage=decode rows=4 tokens=4 us=1305
BATCH stage=decode rows=4 tokens=4 us=1303
BATCH stage=decode rows=4 tokens=4 us=1294
BATCH stage=decode rows=4 tokens=4 us=1298
BATCH stage=decode rows=4 tokens=4 us=1290
BATCH stage=decode rows=4 tokens=4 us=1286
BATCH stage=decode rows=4 tokens=4 us=1295
BATCH stage=decode rows=4 tokens=4 us=1287
BATCH stage=decode rows=4 tokens=4 us=1286
BATCH stage=decode rows=4 tokens=4 us=1324
BATCH stage=decode rows=4 tokens=4 us=1352
BATCH stage=decode rows=4 tokens=4 us=1340
BATCH stage=decode rows=4 tokens=4 us=1348
BATCH stage=decode rows=4 tokens=4 us=1358
BATCH stage=decode rows=4 tokens=4 us=1352
BATCH stage=decode rows=4 tokens=4 us=1341
BATCH stage=decode rows=4 tokens=4 us=1341
BATCH stage=decode rows=4 tokens=4 us=1342
BATCH stage=decode rows=4 tokens=4 us=1355
BATCH stage=decode rows=4 tokens=4 us=1356
BATCH stage=decode rows=4 tokens=4 us=1356
BATCH stage=decode rows=4 tokens=4 us=1339
BATCH stage=decode rows=3 tokens=3 us=1275
BATCH stage=prefill rows=1 tokens=16 us=2458
BATCH stage=decode rows=4 tokens=4 us=1294
BATCH stage=decode rows=4 tokens=4 us=1285
BATCH stage=decode rows=4 tokens=4 us=1293
BATCH stage=decode rows=4 tokens=4 us=1299
BATCH stage=decode rows=4 tokens=4 us=1300
BATCH stage=decode rows=4 tokens=4 us=1298
BATCH stage=decode rows=4 tokens=4 us=1287
BATCH stage=decode rows=4 tokens=4 us=1300
BATCH stage=decode rows=4 tokens=4 us=1287
BATCH stage=decode rows=4 tokens=4 us=1295
BATCH stage=decode rows=4 tokens=4 us=1289
BATCH stage=decode rows=4 tokens=4 us=1295
BATCH stage=decode rows=4 tokens=4 us=1294
BATCH stage=decode rows=4 tokens=4 us=1302
BATCH stage=decode rows=4 tokens=4 us=1297
BATCH stage=decode rows=4 tokens=4 us=1282
BATCH stage=decode rows=4 tokens=4 us=1285
BATCH stage=decode rows=4 tokens=4 us=1300
BATCH stage=decode rows=4 tokens=4 us=1294
BATCH stage=decode rows=4 tokens=4 us=1324
BATCH stage=decode rows=4 tokens=4 us=1353
BATCH stage=decode rows=4 tokens=4 us=1339
BATCH stage=decode rows=4 tokens=4 us=1334
BATCH stage=decode rows=4 tokens=4 us=1333
BATCH stage=decode rows=4 tokens=4 us=1336
BATCH stage=decode rows=4 tokens=4 us=1335
BATCH stage=decode rows=4 tokens=4 us=1333
BATCH stage=decode rows=4 tokens=4 us=1334
BATCH stage=decode rows=4 tokens=4 us=1336
BATCH stage=decode rows=3 tokens=3 us=1315
BATCH stage=prefill rows=1 tokens=128 us=2927
BATCH stage=decode rows=4 tokens=4 us=1339
BATCH stage=decode rows=3 tokens=3 us=1316
BATCH stage=prefill rows=1 tokens=398 us=6651
BATCH stage=decode rows=3 tokens=3 us=1263
BATCH stage=prefill rows=1 tokens=16 us=2451
BATCH stage=decode rows=4 tokens=4 us=1273
BATCH stage=decode rows=4 tokens=4 us=1276
BATCH stage=decode rows=4 tokens=4 us=1283
BATCH stage=decode rows=4 tokens=4 us=1270
BATCH stage=decode rows=4 tokens=4 us=1283
BATCH stage=decode rows=4 tokens=4 us=1286
BATCH stage=decode rows=4 tokens=4 us=1280
BATCH stage=decode rows=4 tokens=4 us=1283
BATCH stage=decode rows=4 tokens=4 us=1276
BATCH stage=decode rows=4 tokens=4 us=1271
BATCH stage=decode rows=4 tokens=4 us=1277
BATCH stage=decode rows=4 tokens=4 us=1279
BATCH stage=decode rows=4 tokens=4 us=1288
BATCH stage=decode rows=4 tokens=4 us=1281
BATCH stage=decode rows=4 tokens=4 us=1271
BATCH stage=decode rows=4 tokens=4 us=1281
BATCH stage=decode rows=4 tokens=4 us=1285
BATCH stage=decode rows=4 tokens=4 us=1301
BATCH stage=decode rows=4 tokens=4 us=1284
BATCH stage=decode rows=4 tokens=4 us=1286
BATCH stage=decode rows=4 tokens=4 us=1298
BATCH stage=decode rows=4 tokens=4 us=1297
BATCH stage=decode rows=4 tokens=4 us=1291
BATCH stage=decode rows=4 tokens=4 us=1299
BATCH stage=decode rows=4 tokens=4 us=1299
BATCH stage=decode rows=4 tokens=4 us=1296
BATCH stage=decode rows=4 tokens=4 us=1288
BATCH stage=decode rows=4 tokens=4 us=1285
BATCH stage=decode rows=4 tokens=4 us=1307
BATCH stage=decode rows=4 tokens=4 us=1304
BATCH stage=decode rows=4 tokens=4 us=1299
BATCH stage=decode rows=3 tokens=3 us=1270
BATCH stage=prefill rows=1 tokens=128 us=2946
BATCH stage=decode rows=4 tokens=4 us=1292
BATCH stage=decode rows=4 tokens=4 us=1299
BATCH stage=decode rows=4 tokens=4 us=1289
BATCH stage=decode rows=4 tokens=4 us=1303
BATCH stage=decode rows=4 tokens=4 us=1301
BATCH stage=decode rows=4 tokens=4 us=1287
BATCH stage=decode rows=4 tokens=4 us=1288
BATCH stage=decode rows=4 tokens=4 us=1285
BATCH stage=decode rows=4 tokens=4 us=1285
BATCH stage=decode rows=4 tokens=4 us=1285
BATCH stage=decode rows=4 tokens=4 us=1284
BATCH stage=decode rows=4 tokens=4 us=1285
BATCH stage=decode rows=4 tokens=4 us=1300
BATCH stage=decode rows=4 tokens=4 us=1290
BATCH stage=decode rows=4 tokens=4 us=1290
BATCH stage=decode rows=4 tokens=4 us=1274
BATCH stage=decode rows=4 tokens=4 us=1318
BATCH stage=decode rows=4 tokens=4 us=1337
BATCH stage=decode rows=4 tokens=4 us=1334
BATCH stage=decode rows=4 tokens=4 us=1335
BATCH stage=decode rows=4 tokens=4 us=1348
BATCH stage=decode rows=4 tokens=4 us=1343
BATCH stage=decode rows=4 tokens=4 us=1349
BATCH stage=decode rows=4 tokens=4 us=1338
BATCH stage=decode rows=4 tokens=4 us=1336
BATCH stage=decode rows=4 tokens=4 us=1334
BATCH stage=decode rows=4 tokens=4 us=1334
BATCH stage=decode rows=4 tokens=4 us=1338
BATCH stage=decode rows=3 tokens=3 us=1315
BATCH stage=prefill rows=1 tokens=398 us=6663
BATCH stage=decode rows=3 tokens=3 us=1267
BATCH stage=prefill rows=1 tokens=16 us=2457
BATCH stage=decode rows=4 tokens=4 us=1281
BATCH stage=decode rows=4 tokens=4 us=1289
BATCH stage=decode rows=4 tokens=4 us=1296
BATCH stage=decode rows=4 tokens=4 us=1287
BATCH stage=decode rows=4 tokens=4 us=1293
BATCH stage=decode rows=4 tokens=4 us=1284
BATCH stage=decode rows=4 tokens=4 us=1277
BATCH stage=decode rows=4 tokens=4 us=1271
BATCH stage=decode rows=4 tokens=4 us=1264
BATCH stage=decode rows=4 tokens=4 us=1270
BATCH stage=decode rows=4 tokens=4 us=1280
BATCH stage=decode rows=4 tokens=4 us=1279
BATCH stage=decode rows=4 tokens=4 us=1275
BATCH stage=decode rows=4 tokens=4 us=1276
BATCH stage=decode rows=4 tokens=4 us=1272
BATCH stage=decode rows=4 tokens=4 us=1278
BATCH stage=decode rows=4 tokens=4 us=1277
BATCH stage=decode rows=4 tokens=4 us=1283
BATCH stage=decode rows=4 tokens=4 us=1274
BATCH stage=decode rows=4 tokens=4 us=1287
BATCH stage=decode rows=4 tokens=4 us=1285
BATCH stage=decode rows=4 tokens=4 us=1297
BATCH stage=decode rows=4 tokens=4 us=1297
BATCH stage=decode rows=4 tokens=4 us=1300
BATCH stage=decode rows=4 tokens=4 us=1298
BATCH stage=decode rows=4 tokens=4 us=1297
BATCH stage=decode rows=4 tokens=4 us=1300
BATCH stage=decode rows=4 tokens=4 us=1293
BATCH stage=decode rows=4 tokens=4 us=1291
BATCH stage=decode rows=4 tokens=4 us=1300
BATCH stage=decode rows=4 tokens=4 us=1296
BATCH stage=decode rows=3 tokens=3 us=1272
BATCH stage=prefill rows=1 tokens=128 us=2947
BATCH stage=decode rows=4 tokens=4 us=1294
BATCH stage=decode rows=3 tokens=3 us=1281
BATCH stage=prefill rows=1 tokens=398 us=6657
BATCH stage=decode rows=4 tokens=4 us=1296
BATCH stage=decode rows=4 tokens=4 us=1295
BATCH stage=decode rows=4 tokens=4 us=1288
BATCH stage=decode rows=4 tokens=4 us=1305
BATCH stage=decode rows=4 tokens=4 us=1294
BATCH stage=decode rows=4 tokens=4 us=1301
BATCH stage=decode rows=4 tokens=4 us=1304
BATCH stage=decode rows=4 tokens=4 us=1296
BATCH stage=decode rows=4 tokens=4 us=1287
BATCH stage=decode rows=4 tokens=4 us=1302
BATCH stage=decode rows=4 tokens=4 us=1309
BATCH stage=decode rows=4 tokens=4 us=1302
BATCH stage=decode rows=4 tokens=4 us=1288
BATCH stage=decode rows=4 tokens=4 us=1299
BATCH stage=decode rows=4 tokens=4 us=1289
BATCH stage=decode rows=4 tokens=4 us=1287
BATCH stage=decode rows=4 tokens=4 us=1283
BATCH stage=decode rows=4 tokens=4 us=1320
BATCH stage=decode rows=4 tokens=4 us=1337
BATCH stage=decode rows=4 tokens=4 us=1337
BATCH stage=decode rows=4 tokens=4 us=1338
BATCH stage=decode rows=4 tokens=4 us=1335
BATCH stage=decode rows=4 tokens=4 us=1336
BATCH stage=decode rows=4 tokens=4 us=1355
BATCH stage=decode rows=4 tokens=4 us=1336
BATCH stage=decode rows=4 tokens=4 us=1346
BATCH stage=decode rows=4 tokens=4 us=1349
BATCH stage=decode rows=4 tokens=4 us=1350
BATCH stage=decode rows=4 tokens=4 us=1353
BATCH stage=decode rows=4 tokens=4 us=1353
BATCH stage=decode rows=3 tokens=3 us=1264
BATCH stage=prefill rows=1 tokens=16 us=2464
BATCH stage=decode rows=4 tokens=4 us=1267
BATCH stage=decode rows=4 tokens=4 us=1273
BATCH stage=decode rows=4 tokens=4 us=1284
BATCH stage=decode rows=4 tokens=4 us=1280
BATCH stage=decode rows=4 tokens=4 us=1265
BATCH stage=decode rows=4 tokens=4 us=1262
BATCH stage=decode rows=4 tokens=4 us=1277
BATCH stage=decode rows=4 tokens=4 us=1279
BATCH stage=decode rows=4 tokens=4 us=1265
BATCH stage=decode rows=4 tokens=4 us=1279
BATCH stage=decode rows=4 tokens=4 us=1289
BATCH stage=decode rows=4 tokens=4 us=1275
BATCH stage=decode rows=4 tokens=4 us=1275
BATCH stage=decode rows=4 tokens=4 us=1275
BATCH stage=decode rows=4 tokens=4 us=1275
BATCH stage=decode rows=4 tokens=4 us=1285
BATCH stage=decode rows=4 tokens=4 us=1293
BATCH stage=decode rows=4 tokens=4 us=1287
BATCH stage=decode rows=4 tokens=4 us=1290
BATCH stage=decode rows=4 tokens=4 us=1293
BATCH stage=decode rows=4 tokens=4 us=1293
BATCH stage=decode rows=4 tokens=4 us=1296
BATCH stage=decode rows=4 tokens=4 us=1298
BATCH stage=decode rows=4 tokens=4 us=1297
BATCH stage=decode rows=4 tokens=4 us=1294
BATCH stage=decode rows=4 tokens=4 us=1284
BATCH stage=decode rows=4 tokens=4 us=1298
BATCH stage=decode rows=4 tokens=4 us=1300
BATCH stage=decode rows=4 tokens=4 us=1301
BATCH stage=decode rows=4 tokens=4 us=1295
BATCH stage=decode rows=3 tokens=3 us=1269
BATCH stage=prefill rows=1 tokens=128 us=2946
BATCH stage=decode rows=3 tokens=3 us=1275
BATCH stage=prefill rows=1 tokens=398 us=6655
BATCH stage=decode rows=4 tokens=4 us=1305
BATCH stage=decode rows=4 tokens=4 us=1292
BATCH stage=decode rows=4 tokens=4 us=1286
BATCH stage=decode rows=4 tokens=4 us=1285
BATCH stage=decode rows=4 tokens=4 us=1302
BATCH stage=decode rows=4 tokens=4 us=1302
BATCH stage=decode rows=4 tokens=4 us=1295
BATCH stage=decode rows=4 tokens=4 us=1298
BATCH stage=decode rows=4 tokens=4 us=1305
BATCH stage=decode rows=4 tokens=4 us=1304
BATCH stage=decode rows=4 tokens=4 us=1301
BATCH stage=decode rows=4 tokens=4 us=1287
BATCH stage=decode rows=4 tokens=4 us=1300
BATCH stage=decode rows=4 tokens=4 us=1299
BATCH stage=decode rows=4 tokens=4 us=1306
BATCH stage=decode rows=4 tokens=4 us=1293
BATCH stage=decode rows=4 tokens=4 us=1334
BATCH stage=decode rows=4 tokens=4 us=1352
BATCH stage=decode rows=4 tokens=4 us=1349
BATCH stage=decode rows=4 tokens=4 us=1336
BATCH stage=decode rows=4 tokens=4 us=1350
BATCH stage=decode rows=4 tokens=4 us=1341
BATCH stage=decode rows=4 tokens=4 us=1354
BATCH stage=decode rows=4 tokens=4 us=1347
BATCH stage=decode rows=4 tokens=4 us=1343
BATCH stage=decode rows=4 tokens=4 us=1337
BATCH stage=decode rows=4 tokens=4 us=1348
BATCH stage=decode rows=4 tokens=4 us=1335
BATCH stage=decode rows=4 tokens=4 us=1335
BATCH stage=decode rows=3 tokens=3 us=1266
BATCH stage=prefill rows=1 tokens=16 us=2445
BATCH stage=decode rows=4 tokens=4 us=1286
BATCH stage=decode rows=4 tokens=4 us=1289
BATCH stage=decode rows=4 tokens=4 us=1276
BATCH stage=decode rows=4 tokens=4 us=1283
BATCH stage=decode rows=4 tokens=4 us=1278
BATCH stage=decode rows=4 tokens=4 us=1287
BATCH stage=decode rows=4 tokens=4 us=1298
BATCH stage=decode rows=4 tokens=4 us=1290
BATCH stage=decode rows=4 tokens=4 us=1283
BATCH stage=decode rows=4 tokens=4 us=1280
BATCH stage=decode rows=4 tokens=4 us=1284
BATCH stage=decode rows=4 tokens=4 us=1290
BATCH stage=decode rows=4 tokens=4 us=1293
BATCH stage=decode rows=4 tokens=4 us=1288
BATCH stage=decode rows=4 tokens=4 us=1285
BATCH stage=decode rows=4 tokens=4 us=1298
BATCH stage=decode rows=4 tokens=4 us=1297
BATCH stage=decode rows=4 tokens=4 us=1285
BATCH stage=decode rows=4 tokens=4 us=1284
BATCH stage=decode rows=4 tokens=4 us=1301
BATCH stage=decode rows=4 tokens=4 us=1289
BATCH stage=decode rows=4 tokens=4 us=1331
BATCH stage=decode rows=4 tokens=4 us=1351
BATCH stage=decode rows=4 tokens=4 us=1360
BATCH stage=decode rows=4 tokens=4 us=1345
BATCH stage=decode rows=4 tokens=4 us=1345
BATCH stage=decode rows=4 tokens=4 us=1349
BATCH stage=decode rows=4 tokens=4 us=1354
BATCH stage=decode rows=4 tokens=4 us=1343
BATCH stage=decode rows=4 tokens=4 us=1344
BATCH stage=decode rows=4 tokens=4 us=1340
BATCH stage=decode rows=3 tokens=3 us=1319
BATCH stage=prefill rows=1 tokens=128 us=2941
BATCH stage=decode rows=3 tokens=3 us=1343
BATCH stage=prefill rows=1 tokens=398 us=6659
BATCH stage=decode rows=4 tokens=4 us=1367
BATCH stage=decode rows=3 tokens=3 us=1265
BATCH stage=prefill rows=1 tokens=16 us=2453
BATCH stage=decode rows=4 tokens=4 us=1279
BATCH stage=decode rows=4 tokens=4 us=1287
BATCH stage=decode rows=4 tokens=4 us=1275
BATCH stage=decode rows=4 tokens=4 us=1282
BATCH stage=decode rows=4 tokens=4 us=1272
BATCH stage=decode rows=4 tokens=4 us=1281
BATCH stage=decode rows=4 tokens=4 us=1283
BATCH stage=decode rows=4 tokens=4 us=1284
BATCH stage=decode rows=4 tokens=4 us=1280
BATCH stage=decode rows=4 tokens=4 us=1278
BATCH stage=decode rows=4 tokens=4 us=1279
BATCH stage=decode rows=4 tokens=4 us=1290
BATCH stage=decode rows=4 tokens=4 us=1280
BATCH stage=decode rows=4 tokens=4 us=1282
BATCH stage=decode rows=4 tokens=4 us=1285
BATCH stage=decode rows=4 tokens=4 us=1279
BATCH stage=decode rows=4 tokens=4 us=1281
BATCH stage=decode rows=4 tokens=4 us=1283
BATCH stage=decode rows=4 tokens=4 us=1299
BATCH stage=decode rows=4 tokens=4 us=1287
BATCH stage=decode rows=4 tokens=4 us=1298
BATCH stage=decode rows=4 tokens=4 us=1286
BATCH stage=decode rows=4 tokens=4 us=1289
BATCH stage=decode rows=4 tokens=4 us=1300
BATCH stage=decode rows=4 tokens=4 us=1287
BATCH stage=decode rows=4 tokens=4 us=1292
BATCH stage=decode rows=4 tokens=4 us=1286
BATCH stage=decode rows=4 tokens=4 us=1285
BATCH stage=decode rows=4 tokens=4 us=1298
BATCH stage=decode rows=4 tokens=4 us=1290
BATCH stage=decode rows=4 tokens=4 us=1285
BATCH stage=decode rows=3 tokens=3 us=1258
BATCH stage=prefill rows=1 tokens=128 us=2951
BATCH stage=decode rows=4 tokens=4 us=1299
BATCH stage=decode rows=4 tokens=4 us=1294
BATCH stage=decode rows=4 tokens=4 us=1290
BATCH stage=decode rows=4 tokens=4 us=1287
BATCH stage=decode rows=4 tokens=4 us=1301
BATCH stage=decode rows=4 tokens=4 us=1302
BATCH stage=decode rows=4 tokens=4 us=1297
BATCH stage=decode rows=4 tokens=4 us=1303
BATCH stage=decode rows=4 tokens=4 us=1294
BATCH stage=decode rows=4 tokens=4 us=1293
BATCH stage=decode rows=4 tokens=4 us=1300
BATCH stage=decode rows=4 tokens=4 us=1286
BATCH stage=decode rows=4 tokens=4 us=1301
BATCH stage=decode rows=4 tokens=4 us=1305
BATCH stage=decode rows=4 tokens=4 us=1297
BATCH stage=decode rows=4 tokens=4 us=1289
BATCH stage=decode rows=4 tokens=4 us=1293
BATCH stage=decode rows=4 tokens=4 us=1337
BATCH stage=decode rows=4 tokens=4 us=1345
BATCH stage=decode rows=4 tokens=4 us=1348
BATCH stage=decode rows=4 tokens=4 us=1336
BATCH stage=decode rows=4 tokens=4 us=1349
BATCH stage=decode rows=4 tokens=4 us=1345
BATCH stage=decode rows=4 tokens=4 us=1346
BATCH stage=decode rows=4 tokens=4 us=1335
BATCH stage=decode rows=4 tokens=4 us=1336
BATCH stage=decode rows=4 tokens=4 us=1350
BATCH stage=decode rows=4 tokens=4 us=1351
BATCH stage=decode rows=3 tokens=3 us=1326
BATCH stage=prefill rows=1 tokens=398 us=6816
BATCH stage=decode rows=4 tokens=4 us=1523
BATCH stage=decode rows=3 tokens=3 us=1406
BATCH stage=prefill rows=1 tokens=16 us=2573
BATCH stage=decode rows=4 tokens=4 us=1440
BATCH stage=decode rows=4 tokens=4 us=1417
BATCH stage=decode rows=4 tokens=4 us=1304
BATCH stage=decode rows=4 tokens=4 us=1298
BATCH stage=decode rows=4 tokens=4 us=1292
BATCH stage=decode rows=4 tokens=4 us=1279
BATCH stage=decode rows=4 tokens=4 us=1285
BATCH stage=decode rows=4 tokens=4 us=1279
BATCH stage=decode rows=4 tokens=4 us=1284
BATCH stage=decode rows=4 tokens=4 us=1278
BATCH stage=decode rows=4 tokens=4 us=1270
BATCH stage=decode rows=4 tokens=4 us=1271
BATCH stage=decode rows=4 tokens=4 us=1282
BATCH stage=decode rows=4 tokens=4 us=1274
BATCH stage=decode rows=4 tokens=4 us=1280
BATCH stage=decode rows=4 tokens=4 us=1279
BATCH stage=decode rows=4 tokens=4 us=1274
BATCH stage=decode rows=4 tokens=4 us=1298
BATCH stage=decode rows=4 tokens=4 us=1304
BATCH stage=decode rows=4 tokens=4 us=1285
BATCH stage=decode rows=4 tokens=4 us=1292
BATCH stage=decode rows=4 tokens=4 us=1295
BATCH stage=decode rows=4 tokens=4 us=1298
BATCH stage=decode rows=4 tokens=4 us=1298
BATCH stage=decode rows=4 tokens=4 us=1286
BATCH stage=decode rows=4 tokens=4 us=1295
BATCH stage=decode rows=4 tokens=4 us=1291
BATCH stage=decode rows=4 tokens=4 us=1301
BATCH stage=decode rows=4 tokens=4 us=1295
BATCH stage=decode rows=4 tokens=4 us=1298
BATCH stage=decode rows=4 tokens=4 us=1295
BATCH stage=decode rows=3 tokens=3 us=1279
BATCH stage=prefill rows=1 tokens=128 us=2944
BATCH stage=decode rows=3 tokens=3 us=1278
BATCH stage=prefill rows=1 tokens=398 us=6648
BATCH stage=decode rows=4 tokens=4 us=1312
BATCH stage=decode rows=4 tokens=4 us=1305
BATCH stage=decode rows=4 tokens=4 us=1301
BATCH stage=decode rows=4 tokens=4 us=1304
BATCH stage=decode rows=4 tokens=4 us=1301
BATCH stage=decode rows=4 tokens=4 us=1302
BATCH stage=decode rows=4 tokens=4 us=1295
BATCH stage=decode rows=4 tokens=4 us=1301
BATCH stage=decode rows=4 tokens=4 us=1287
BATCH stage=decode rows=4 tokens=4 us=1295
BATCH stage=decode rows=4 tokens=4 us=1296
BATCH stage=decode rows=4 tokens=4 us=1299
BATCH stage=decode rows=4 tokens=4 us=1294
BATCH stage=decode rows=4 tokens=4 us=1288
BATCH stage=decode rows=4 tokens=4 us=1294
BATCH stage=decode rows=4 tokens=4 us=1289
BATCH stage=decode rows=4 tokens=4 us=1332
BATCH stage=decode rows=4 tokens=4 us=1345
BATCH stage=decode rows=4 tokens=4 us=1349
BATCH stage=decode rows=4 tokens=4 us=1343
BATCH stage=decode rows=4 tokens=4 us=1346
BATCH stage=decode rows=4 tokens=4 us=1351
BATCH stage=decode rows=4 tokens=4 us=1348
BATCH stage=decode rows=4 tokens=4 us=1345
BATCH stage=decode rows=4 tokens=4 us=1346
BATCH stage=decode rows=4 tokens=4 us=1338
BATCH stage=decode rows=4 tokens=4 us=1345
BATCH stage=decode rows=4 tokens=4 us=1348
BATCH stage=decode rows=4 tokens=4 us=1343
BATCH stage=decode rows=3 tokens=3 us=1261
BATCH stage=prefill rows=1 tokens=16 us=2454
BATCH stage=decode rows=4 tokens=4 us=1276
BATCH stage=decode rows=4 tokens=4 us=1283
BATCH stage=decode rows=4 tokens=4 us=1270
BATCH stage=decode rows=4 tokens=4 us=1266
BATCH stage=decode rows=4 tokens=4 us=1266
BATCH stage=decode rows=4 tokens=4 us=1276
BATCH stage=decode rows=4 tokens=4 us=1272
BATCH stage=decode rows=4 tokens=4 us=1269
BATCH stage=decode rows=4 tokens=4 us=1268
BATCH stage=decode rows=4 tokens=4 us=1264
BATCH stage=decode rows=4 tokens=4 us=1279
BATCH stage=decode rows=4 tokens=4 us=1267
BATCH stage=decode rows=4 tokens=4 us=1267
BATCH stage=decode rows=4 tokens=4 us=1269
BATCH stage=decode rows=4 tokens=4 us=1274
BATCH stage=decode rows=4 tokens=4 us=1282
BATCH stage=decode rows=4 tokens=4 us=1286
BATCH stage=decode rows=4 tokens=4 us=1304
BATCH stage=decode rows=4 tokens=4 us=1292
BATCH stage=decode rows=4 tokens=4 us=1294
BATCH stage=decode rows=4 tokens=4 us=1291
BATCH stage=decode rows=4 tokens=4 us=1297
BATCH stage=decode rows=4 tokens=4 us=1300
BATCH stage=decode rows=4 tokens=4 us=1301
BATCH stage=decode rows=4 tokens=4 us=1299
BATCH stage=decode rows=4 tokens=4 us=1300
BATCH stage=decode rows=4 tokens=4 us=1286
BATCH stage=decode rows=4 tokens=4 us=1296
BATCH stage=decode rows=4 tokens=4 us=1300
BATCH stage=decode rows=4 tokens=4 us=1293
BATCH stage=decode rows=4 tokens=4 us=1297
BATCH stage=decode rows=3 tokens=3 us=1268
BATCH stage=prefill rows=1 tokens=128 us=2940
BATCH stage=decode rows=3 tokens=3 us=1280
BATCH stage=prefill rows=1 tokens=398 us=6674
BATCH stage=decode rows=4 tokens=4 us=1314
BATCH stage=decode rows=4 tokens=4 us=1304
BATCH stage=decode rows=4 tokens=4 us=1297
BATCH stage=decode rows=4 tokens=4 us=1300
BATCH stage=decode rows=4 tokens=4 us=1298
BATCH stage=decode rows=4 tokens=4 us=1291
BATCH stage=decode rows=4 tokens=4 us=1299
BATCH stage=decode rows=4 tokens=4 us=1297
BATCH stage=decode rows=4 tokens=4 us=1301
BATCH stage=decode rows=4 tokens=4 us=1303
BATCH stage=decode rows=4 tokens=4 us=1294
BATCH stage=decode rows=4 tokens=4 us=1295
BATCH stage=decode rows=4 tokens=4 us=1299
BATCH stage=decode rows=4 tokens=4 us=1302
BATCH stage=decode rows=4 tokens=4 us=1301
BATCH stage=decode rows=4 tokens=4 us=1289
BATCH stage=decode rows=4 tokens=4 us=1333
BATCH stage=decode rows=4 tokens=4 us=1344
BATCH stage=decode rows=4 tokens=4 us=1347
BATCH stage=decode rows=4 tokens=4 us=1335
BATCH stage=decode rows=4 tokens=4 us=1342
BATCH stage=decode rows=4 tokens=4 us=1334
BATCH stage=decode rows=4 tokens=4 us=1348
BATCH stage=decode rows=4 tokens=4 us=1350
BATCH stage=decode rows=4 tokens=4 us=1341
BATCH stage=decode rows=4 tokens=4 us=1346
BATCH stage=decode rows=4 tokens=4 us=1351
BATCH stage=decode rows=4 tokens=4 us=1340
BATCH stage=decode rows=4 tokens=4 us=1349
BATCH stage=decode rows=3 tokens=3 us=1281
BATCH stage=prefill rows=1 tokens=16 us=2458
BATCH stage=decode rows=4 tokens=4 us=1291
BATCH stage=decode rows=4 tokens=4 us=1297
BATCH stage=decode rows=4 tokens=4 us=1293
BATCH stage=decode rows=4 tokens=4 us=1299
BATCH stage=decode rows=4 tokens=4 us=1290
BATCH stage=decode rows=4 tokens=4 us=1299
BATCH stage=decode rows=4 tokens=4 us=1299
BATCH stage=decode rows=4 tokens=4 us=1290
BATCH stage=decode rows=4 tokens=4 us=1292
BATCH stage=decode rows=4 tokens=4 us=1290
BATCH stage=decode rows=4 tokens=4 us=1294
BATCH stage=decode rows=4 tokens=4 us=1289
BATCH stage=decode rows=4 tokens=4 us=1298
BATCH stage=decode rows=4 tokens=4 us=1300
BATCH stage=decode rows=4 tokens=4 us=1297
BATCH stage=decode rows=4 tokens=4 us=1298
BATCH stage=decode rows=4 tokens=4 us=1298
BATCH stage=decode rows=4 tokens=4 us=1284
BATCH stage=decode rows=4 tokens=4 us=1295
BATCH stage=decode rows=4 tokens=4 us=1299
BATCH stage=decode rows=4 tokens=4 us=1281
BATCH stage=decode rows=4 tokens=4 us=1314
BATCH stage=decode rows=4 tokens=4 us=1346
BATCH stage=decode rows=4 tokens=4 us=1347
BATCH stage=decode rows=4 tokens=4 us=1349
BATCH stage=decode rows=4 tokens=4 us=1343
BATCH stage=decode rows=4 tokens=4 us=1346
BATCH stage=decode rows=4 tokens=4 us=1349
BATCH stage=decode rows=4 tokens=4 us=1342
BATCH stage=decode rows=4 tokens=4 us=1333
BATCH stage=decode rows=4 tokens=4 us=1337
BATCH stage=decode rows=3 tokens=3 us=1325
BATCH stage=prefill rows=1 tokens=128 us=2945
BATCH stage=decode rows=3 tokens=3 us=1341
BATCH stage=prefill rows=1 tokens=398 us=6659
BATCH stage=decode rows=4 tokens=4 us=1363
BATCH stage=decode rows=3 tokens=3 us=1262
BATCH stage=prefill rows=1 tokens=16 us=2463
BATCH stage=decode rows=4 tokens=4 us=1268
BATCH stage=decode rows=4 tokens=4 us=1284
BATCH stage=decode rows=4 tokens=4 us=1284
BATCH stage=decode rows=4 tokens=4 us=1280
BATCH stage=decode rows=4 tokens=4 us=1282
BATCH stage=decode rows=4 tokens=4 us=1280
BATCH stage=decode rows=4 tokens=4 us=1273
BATCH stage=decode rows=4 tokens=4 us=1277
BATCH stage=decode rows=4 tokens=4 us=1280
BATCH stage=decode rows=4 tokens=4 us=1266
BATCH stage=decode rows=4 tokens=4 us=1269
BATCH stage=decode rows=4 tokens=4 us=1282
BATCH stage=decode rows=4 tokens=4 us=1280
BATCH stage=decode rows=4 tokens=4 us=1274
BATCH stage=decode rows=4 tokens=4 us=1277
BATCH stage=decode rows=4 tokens=4 us=1268
BATCH stage=decode rows=4 tokens=4 us=1278
BATCH stage=decode rows=4 tokens=4 us=1284
BATCH stage=decode rows=4 tokens=4 us=1285
BATCH stage=decode rows=4 tokens=4 us=1282
BATCH stage=decode rows=4 tokens=4 us=1298
BATCH stage=decode rows=4 tokens=4 us=1290
BATCH stage=decode rows=4 tokens=4 us=1293
BATCH stage=decode rows=4 tokens=4 us=1297
BATCH stage=decode rows=4 tokens=4 us=1297
BATCH stage=decode rows=4 tokens=4 us=1297
BATCH stage=decode rows=4 tokens=4 us=1302
BATCH stage=decode rows=4 tokens=4 us=1299
BATCH stage=decode rows=4 tokens=4 us=1294
BATCH stage=decode rows=4 tokens=4 us=1291
BATCH stage=decode rows=4 tokens=4 us=1293
BATCH stage=decode rows=3 tokens=3 us=1270
BATCH stage=prefill rows=1 tokens=128 us=2948
BATCH stage=decode rows=4 tokens=4 us=1303
BATCH stage=decode rows=4 tokens=4 us=1287
BATCH stage=decode rows=4 tokens=4 us=1302
BATCH stage=decode rows=4 tokens=4 us=1292
BATCH stage=decode rows=4 tokens=4 us=1301
BATCH stage=decode rows=4 tokens=4 us=1297
BATCH stage=decode rows=4 tokens=4 us=1300
BATCH stage=decode rows=4 tokens=4 us=1299
BATCH stage=decode rows=4 tokens=4 us=1293
BATCH stage=decode rows=4 tokens=4 us=1300
BATCH stage=decode rows=4 tokens=4 us=1299
BATCH stage=decode rows=4 tokens=4 us=1297
BATCH stage=decode rows=4 tokens=4 us=1294
BATCH stage=decode rows=4 tokens=4 us=1298
BATCH stage=decode rows=4 tokens=4 us=1299
BATCH stage=decode rows=4 tokens=4 us=1284
BATCH stage=decode rows=4 tokens=4 us=1287
BATCH stage=decode rows=4 tokens=4 us=1332
BATCH stage=decode rows=4 tokens=4 us=1343
BATCH stage=decode rows=4 tokens=4 us=1331
BATCH stage=decode rows=4 tokens=4 us=1338
BATCH stage=decode rows=4 tokens=4 us=1335
BATCH stage=decode rows=4 tokens=4 us=1350
BATCH stage=decode rows=4 tokens=4 us=1343
BATCH stage=decode rows=4 tokens=4 us=1340
BATCH stage=decode rows=4 tokens=4 us=1331
BATCH stage=decode rows=4 tokens=4 us=1343
BATCH stage=decode rows=4 tokens=4 us=1339
BATCH stage=decode rows=3 tokens=3 us=1334
BATCH stage=prefill rows=1 tokens=398 us=6674
BATCH stage=decode rows=4 tokens=4 us=1349
BATCH stage=decode rows=3 tokens=3 us=1253
BATCH stage=prefill rows=1 tokens=16 us=2463
BATCH stage=decode rows=4 tokens=4 us=1277
BATCH stage=decode rows=4 tokens=4 us=1265
BATCH stage=decode rows=4 tokens=4 us=1282
BATCH stage=decode rows=4 tokens=4 us=1267
BATCH stage=decode rows=4 tokens=4 us=1273
BATCH stage=decode rows=4 tokens=4 us=1265
BATCH stage=decode rows=4 tokens=4 us=1277
BATCH stage=decode rows=4 tokens=4 us=1270
BATCH stage=decode rows=4 tokens=4 us=1266
BATCH stage=decode rows=4 tokens=4 us=1280
BATCH stage=decode rows=4 tokens=4 us=1266
BATCH stage=decode rows=4 tokens=4 us=1268
BATCH stage=decode rows=4 tokens=4 us=1282
BATCH stage=decode rows=4 tokens=4 us=1275
BATCH stage=decode rows=4 tokens=4 us=1271
BATCH stage=decode rows=4 tokens=4 us=1266
BATCH stage=decode rows=4 tokens=4 us=1268
BATCH stage=decode rows=4 tokens=4 us=1298
BATCH stage=decode rows=4 tokens=4 us=1281
BATCH stage=decode rows=4 tokens=4 us=1280
BATCH stage=decode rows=4 tokens=4 us=1281
BATCH stage=decode rows=4 tokens=4 us=1283
BATCH stage=decode rows=4 tokens=4 us=1282
BATCH stage=decode rows=4 tokens=4 us=1281
BATCH stage=decode rows=4 tokens=4 us=1281
BATCH stage=decode rows=4 tokens=4 us=1286
BATCH stage=decode rows=4 tokens=4 us=1285
BATCH stage=decode rows=4 tokens=4 us=1281
BATCH stage=decode rows=4 tokens=4 us=1283
BATCH stage=decode rows=4 tokens=4 us=1283
BATCH stage=decode rows=4 tokens=4 us=1283
BATCH stage=decode rows=3 tokens=3 us=1257
BATCH stage=prefill rows=1 tokens=128 us=2940
BATCH stage=decode rows=3 tokens=3 us=1270
BATCH stage=prefill rows=1 tokens=398 us=6666
BATCH stage=decode rows=4 tokens=4 us=1301
BATCH stage=decode rows=4 tokens=4 us=1300
BATCH stage=decode rows=4 tokens=4 us=1288
BATCH stage=decode rows=4 tokens=4 us=1301
BATCH stage=decode rows=4 tokens=4 us=1296
BATCH stage=decode rows=4 tokens=4 us=1287
BATCH stage=decode rows=4 tokens=4 us=1284
BATCH stage=decode rows=4 tokens=4 us=1286
BATCH stage=decode rows=4 tokens=4 us=1284
BATCH stage=decode rows=4 tokens=4 us=1285
BATCH stage=decode rows=4 tokens=4 us=1282
BATCH stage=decode rows=4 tokens=4 us=1300
BATCH stage=decode rows=4 tokens=4 us=1283
BATCH stage=decode rows=4 tokens=4 us=1284
BATCH stage=decode rows=4 tokens=4 us=1294
BATCH stage=decode rows=4 tokens=4 us=1284
BATCH stage=decode rows=4 tokens=4 us=1319
BATCH stage=decode rows=4 tokens=4 us=1337
BATCH stage=decode rows=4 tokens=4 us=1333
BATCH stage=decode rows=4 tokens=4 us=1333
BATCH stage=decode rows=4 tokens=4 us=1332
BATCH stage=decode rows=4 tokens=4 us=1343
BATCH stage=decode rows=4 tokens=4 us=1335
BATCH stage=decode rows=4 tokens=4 us=1335
BATCH stage=decode rows=4 tokens=4 us=1346
BATCH stage=decode rows=4 tokens=4 us=1355
BATCH stage=decode rows=4 tokens=4 us=1338
BATCH stage=decode rows=4 tokens=4 us=1349
BATCH stage=decode rows=4 tokens=4 us=1340
BATCH stage=decode rows=3 tokens=3 us=1259
BATCH stage=prefill rows=1 tokens=16 us=2453
BATCH stage=decode rows=4 tokens=4 us=1271
BATCH stage=decode rows=4 tokens=4 us=1280
BATCH stage=decode rows=4 tokens=4 us=1268
BATCH stage=decode rows=4 tokens=4 us=1282
BATCH stage=decode rows=4 tokens=4 us=1282
BATCH stage=decode rows=4 tokens=4 us=1275
BATCH stage=decode rows=4 tokens=4 us=1282
BATCH stage=decode rows=4 tokens=4 us=1281
BATCH stage=decode rows=4 tokens=4 us=1278
BATCH stage=decode rows=4 tokens=4 us=1283
BATCH stage=decode rows=4 tokens=4 us=1280
BATCH stage=decode rows=4 tokens=4 us=1265
BATCH stage=decode rows=4 tokens=4 us=1265
BATCH stage=decode rows=4 tokens=4 us=1268
BATCH stage=decode rows=4 tokens=4 us=1282
BATCH stage=decode rows=4 tokens=4 us=1280
BATCH stage=decode rows=4 tokens=4 us=1276
BATCH stage=decode rows=4 tokens=4 us=1297
BATCH stage=decode rows=4 tokens=4 us=1297
BATCH stage=decode rows=4 tokens=4 us=1283
BATCH stage=decode rows=4 tokens=4 us=1289
BATCH stage=decode rows=4 tokens=4 us=1295
BATCH stage=decode rows=4 tokens=4 us=1294
BATCH stage=decode rows=4 tokens=4 us=1303
BATCH stage=decode rows=4 tokens=4 us=1288
BATCH stage=decode rows=4 tokens=4 us=1281
BATCH stage=decode rows=4 tokens=4 us=1282
BATCH stage=decode rows=4 tokens=4 us=1293
BATCH stage=decode rows=4 tokens=4 us=1299
BATCH stage=decode rows=4 tokens=4 us=1295
BATCH stage=decode rows=4 tokens=4 us=1296
BATCH stage=decode rows=3 tokens=3 us=1279
BATCH stage=prefill rows=1 tokens=128 us=2940
BATCH stage=decode rows=3 tokens=3 us=1281
BATCH stage=prefill rows=1 tokens=398 us=6656
BATCH stage=decode rows=4 tokens=4 us=1304
BATCH stage=decode rows=4 tokens=4 us=1299
BATCH stage=decode rows=4 tokens=4 us=1298
BATCH stage=decode rows=4 tokens=4 us=1297
BATCH stage=decode rows=4 tokens=4 us=1296
BATCH stage=decode rows=4 tokens=4 us=1283
BATCH stage=decode rows=4 tokens=4 us=1286
BATCH stage=decode rows=4 tokens=4 us=1285
BATCH stage=decode rows=4 tokens=4 us=1302
BATCH stage=decode rows=4 tokens=4 us=1287
BATCH stage=decode rows=4 tokens=4 us=1294
BATCH stage=decode rows=4 tokens=4 us=1300
BATCH stage=decode rows=4 tokens=4 us=1290
BATCH stage=decode rows=4 tokens=4 us=1295
BATCH stage=decode rows=4 tokens=4 us=1299
BATCH stage=decode rows=4 tokens=4 us=1302
BATCH stage=decode rows=4 tokens=4 us=1335
BATCH stage=decode rows=4 tokens=4 us=1346
BATCH stage=decode rows=4 tokens=4 us=1340
BATCH stage=decode rows=4 tokens=4 us=1334
BATCH stage=decode rows=4 tokens=4 us=1347
BATCH stage=decode rows=4 tokens=4 us=1347
BATCH stage=decode rows=4 tokens=4 us=1338
BATCH stage=decode rows=4 tokens=4 us=1339
BATCH stage=decode rows=4 tokens=4 us=1343
BATCH stage=decode rows=4 tokens=4 us=1333
BATCH stage=decode rows=4 tokens=4 us=1347
BATCH stage=decode rows=4 tokens=4 us=1337
BATCH stage=decode rows=4 tokens=4 us=1333
BATCH stage=decode rows=3 tokens=3 us=1275
BATCH stage=prefill rows=1 tokens=16 us=2453
BATCH stage=decode rows=4 tokens=4 us=1298
BATCH stage=decode rows=4 tokens=4 us=1287
BATCH stage=decode rows=4 tokens=4 us=1293
BATCH stage=decode rows=4 tokens=4 us=1288
BATCH stage=decode rows=4 tokens=4 us=1292
BATCH stage=decode rows=4 tokens=4 us=1299
BATCH stage=decode rows=4 tokens=4 us=1289
BATCH stage=decode rows=4 tokens=4 us=1298
BATCH stage=decode rows=4 tokens=4 us=1293
BATCH stage=decode rows=4 tokens=4 us=1296
BATCH stage=decode rows=4 tokens=4 us=1289
BATCH stage=decode rows=4 tokens=4 us=1290
BATCH stage=decode rows=4 tokens=4 us=1300
BATCH stage=decode rows=4 tokens=4 us=1296
BATCH stage=decode rows=4 tokens=4 us=1298
BATCH stage=decode rows=4 tokens=4 us=1295
BATCH stage=decode rows=4 tokens=4 us=1299
BATCH stage=decode rows=4 tokens=4 us=1297
BATCH stage=decode rows=4 tokens=4 us=1296
BATCH stage=decode rows=4 tokens=4 us=1288
BATCH stage=decode rows=4 tokens=4 us=1274
BATCH stage=decode rows=4 tokens=4 us=1314
BATCH stage=decode rows=4 tokens=4 us=1330
BATCH stage=decode rows=4 tokens=4 us=1331
BATCH stage=decode rows=4 tokens=4 us=1331
BATCH stage=decode rows=4 tokens=4 us=1332
BATCH stage=decode rows=4 tokens=4 us=1331
BATCH stage=decode rows=4 tokens=4 us=1332
BATCH stage=decode rows=4 tokens=4 us=1333
BATCH stage=decode rows=4 tokens=4 us=1340
BATCH stage=decode rows=4 tokens=4 us=1332
BATCH stage=decode rows=3 tokens=3 us=1311
BATCH stage=prefill rows=1 tokens=128 us=2929
BATCH stage=decode rows=3 tokens=3 us=1334
BATCH stage=prefill rows=1 tokens=398 us=6650
BATCH stage=decode rows=4 tokens=4 us=1346
BATCH stage=decode rows=3 tokens=3 us=1241
BATCH stage=prefill rows=1 tokens=16 us=2455
BATCH stage=decode rows=4 tokens=4 us=1276
BATCH stage=decode rows=4 tokens=4 us=1266
BATCH stage=decode rows=4 tokens=4 us=1266
BATCH stage=decode rows=4 tokens=4 us=1267
BATCH stage=decode rows=4 tokens=4 us=1280
BATCH stage=decode rows=4 tokens=4 us=1265
BATCH stage=decode rows=4 tokens=4 us=1264
BATCH stage=decode rows=4 tokens=4 us=1267
BATCH stage=decode rows=4 tokens=4 us=1266
BATCH stage=decode rows=4 tokens=4 us=1264
BATCH stage=decode rows=4 tokens=4 us=1265
BATCH stage=decode rows=4 tokens=4 us=1268
BATCH stage=decode rows=4 tokens=4 us=1262
BATCH stage=decode rows=4 tokens=4 us=1263
BATCH stage=decode rows=4 tokens=4 us=1276
BATCH stage=decode rows=4 tokens=4 us=1265
BATCH stage=decode rows=4 tokens=4 us=1284
BATCH stage=decode rows=4 tokens=4 us=1283
BATCH stage=decode rows=4 tokens=4 us=1280
BATCH stage=decode rows=4 tokens=4 us=1290
BATCH stage=decode rows=4 tokens=4 us=1284
BATCH stage=decode rows=4 tokens=4 us=1275
BATCH stage=decode rows=4 tokens=4 us=1283
BATCH stage=decode rows=4 tokens=4 us=1282
BATCH stage=decode rows=4 tokens=4 us=1287
BATCH stage=decode rows=4 tokens=4 us=1294
BATCH stage=decode rows=4 tokens=4 us=1294
BATCH stage=decode rows=4 tokens=4 us=1291
BATCH stage=decode rows=4 tokens=4 us=1297
BATCH stage=decode rows=4 tokens=4 us=1300
BATCH stage=decode rows=4 tokens=4 us=1294
BATCH stage=decode rows=3 tokens=3 us=1263
BATCH stage=prefill rows=1 tokens=128 us=2929
BATCH stage=decode rows=4 tokens=4 us=1300
BATCH stage=decode rows=4 tokens=4 us=1287
BATCH stage=decode rows=4 tokens=4 us=1300
BATCH stage=decode rows=4 tokens=4 us=1300
BATCH stage=decode rows=4 tokens=4 us=1304
BATCH stage=decode rows=4 tokens=4 us=1294
BATCH stage=decode rows=4 tokens=4 us=1300
BATCH stage=decode rows=4 tokens=4 us=1285
BATCH stage=decode rows=4 tokens=4 us=1282
BATCH stage=decode rows=4 tokens=4 us=1299
BATCH stage=decode rows=4 tokens=4 us=1285
BATCH stage=decode rows=4 tokens=4 us=1287
BATCH stage=decode rows=4 tokens=4 us=1299
BATCH stage=decode rows=4 tokens=4 us=1292
BATCH stage=decode rows=4 tokens=4 us=1293
BATCH stage=decode rows=4 tokens=4 us=1291
BATCH stage=decode rows=4 tokens=4 us=1278
BATCH stage=decode rows=4 tokens=4 us=1335
BATCH stage=decode rows=4 tokens=4 us=1341
BATCH stage=decode rows=4 tokens=4 us=1344
BATCH stage=decode rows=4 tokens=4 us=1338
BATCH stage=decode rows=4 tokens=4 us=1333
BATCH stage=decode rows=4 tokens=4 us=1343
BATCH stage=decode rows=4 tokens=4 us=1335
BATCH stage=decode rows=4 tokens=4 us=1342
BATCH stage=decode rows=4 tokens=4 us=1350
BATCH stage=decode rows=4 tokens=4 us=1347
BATCH stage=decode rows=4 tokens=4 us=1350
BATCH stage=decode rows=3 tokens=3 us=1326
BATCH stage=prefill rows=1 tokens=398 us=6670
BATCH stage=decode rows=4 tokens=4 us=1356
BATCH stage=decode rows=3 tokens=3 us=1256
BATCH stage=prefill rows=1 tokens=16 us=2445
BATCH stage=decode rows=4 tokens=4 us=1261
BATCH stage=decode rows=4 tokens=4 us=1281
BATCH stage=decode rows=4 tokens=4 us=1272
BATCH stage=decode rows=4 tokens=4 us=1280
BATCH stage=decode rows=4 tokens=4 us=1265
BATCH stage=decode rows=4 tokens=4 us=1273
BATCH stage=decode rows=4 tokens=4 us=1261
BATCH stage=decode rows=4 tokens=4 us=1272
BATCH stage=decode rows=4 tokens=4 us=1267
BATCH stage=decode rows=4 tokens=4 us=1282
BATCH stage=decode rows=4 tokens=4 us=1271
BATCH stage=decode rows=4 tokens=4 us=1278
BATCH stage=decode rows=4 tokens=4 us=1266
BATCH stage=decode rows=4 tokens=4 us=1265
BATCH stage=decode rows=4 tokens=4 us=1269
BATCH stage=decode rows=4 tokens=4 us=1264
BATCH stage=decode rows=4 tokens=4 us=1265
BATCH stage=decode rows=4 tokens=4 us=1281
BATCH stage=decode rows=4 tokens=4 us=1296
BATCH stage=decode rows=4 tokens=4 us=1300
BATCH stage=decode rows=4 tokens=4 us=1297
BATCH stage=decode rows=4 tokens=4 us=1293
BATCH stage=decode rows=4 tokens=4 us=1300
BATCH stage=decode rows=4 tokens=4 us=1291
BATCH stage=decode rows=4 tokens=4 us=1295
BATCH stage=decode rows=4 tokens=4 us=1290
BATCH stage=decode rows=4 tokens=4 us=1284
BATCH stage=decode rows=4 tokens=4 us=1294
BATCH stage=decode rows=4 tokens=4 us=1285
BATCH stage=decode rows=4 tokens=4 us=1282
BATCH stage=decode rows=4 tokens=4 us=1293
BATCH stage=decode rows=3 tokens=3 us=1280
BATCH stage=prefill rows=1 tokens=128 us=2928
BATCH stage=decode rows=3 tokens=3 us=1283
BATCH stage=prefill rows=1 tokens=398 us=6671
BATCH stage=decode rows=4 tokens=4 us=1306
BATCH stage=decode rows=4 tokens=4 us=1289
BATCH stage=decode rows=4 tokens=4 us=1295
BATCH stage=decode rows=4 tokens=4 us=1290
BATCH stage=decode rows=4 tokens=4 us=1287
BATCH stage=decode rows=4 tokens=4 us=1292
BATCH stage=decode rows=4 tokens=4 us=1290
BATCH stage=decode rows=4 tokens=4 us=1292
BATCH stage=decode rows=4 tokens=4 us=1285
BATCH stage=decode rows=4 tokens=4 us=1286
BATCH stage=decode rows=4 tokens=4 us=1301
BATCH stage=decode rows=4 tokens=4 us=1296
BATCH stage=decode rows=4 tokens=4 us=1300
BATCH stage=decode rows=4 tokens=4 us=1293
BATCH stage=decode rows=4 tokens=4 us=1296
BATCH stage=decode rows=4 tokens=4 us=1304
BATCH stage=decode rows=4 tokens=4 us=1333
BATCH stage=decode rows=4 tokens=4 us=1338
BATCH stage=decode rows=4 tokens=4 us=1335
BATCH stage=decode rows=4 tokens=4 us=1351
BATCH stage=decode rows=4 tokens=4 us=1353
BATCH stage=decode rows=4 tokens=4 us=1350
BATCH stage=decode rows=4 tokens=4 us=1343
BATCH stage=decode rows=4 tokens=4 us=1343
BATCH stage=decode rows=4 tokens=4 us=1336
BATCH stage=decode rows=4 tokens=4 us=1350
BATCH stage=decode rows=4 tokens=4 us=1340
BATCH stage=decode rows=4 tokens=4 us=1340
BATCH stage=decode rows=4 tokens=4 us=1344
BATCH stage=decode rows=3 tokens=3 us=1265
BATCH stage=prefill rows=1 tokens=16 us=2456
BATCH stage=decode rows=4 tokens=4 us=1273
BATCH stage=decode rows=4 tokens=4 us=1283
BATCH stage=decode rows=4 tokens=4 us=1280
BATCH stage=decode rows=4 tokens=4 us=1272
BATCH stage=decode rows=4 tokens=4 us=1267
BATCH stage=decode rows=4 tokens=4 us=1274
BATCH stage=decode rows=4 tokens=4 us=1281
BATCH stage=decode rows=4 tokens=4 us=1281
BATCH stage=decode rows=4 tokens=4 us=1281
BATCH stage=decode rows=4 tokens=4 us=1282
BATCH stage=decode rows=4 tokens=4 us=1282
BATCH stage=decode rows=4 tokens=4 us=1284
BATCH stage=decode rows=4 tokens=4 us=1280
BATCH stage=decode rows=4 tokens=4 us=1281
BATCH stage=decode rows=4 tokens=4 us=1283
BATCH stage=decode rows=4 tokens=4 us=1280
BATCH stage=decode rows=4 tokens=4 us=1282
BATCH stage=decode rows=4 tokens=4 us=1292
BATCH stage=decode rows=4 tokens=4 us=1295
BATCH stage=decode rows=4 tokens=4 us=1282
BATCH stage=decode rows=4 tokens=4 us=1288
BATCH stage=decode rows=4 tokens=4 us=1292
BATCH stage=decode rows=4 tokens=4 us=1301
BATCH stage=decode rows=4 tokens=4 us=1289
BATCH stage=decode rows=4 tokens=4 us=1284
BATCH stage=decode rows=4 tokens=4 us=1284
BATCH stage=decode rows=4 tokens=4 us=1276
BATCH stage=decode rows=4 tokens=4 us=1283
BATCH stage=decode rows=4 tokens=4 us=1296
BATCH stage=decode rows=4 tokens=4 us=1305
BATCH stage=decode rows=4 tokens=4 us=1286
BATCH stage=decode rows=3 tokens=3 us=1257
BATCH stage=prefill rows=1 tokens=128 us=2927
BATCH stage=decode rows=3 tokens=3 us=1279
BATCH stage=prefill rows=1 tokens=398 us=6659
BATCH stage=decode rows=4 tokens=4 us=1307
BATCH stage=decode rows=4 tokens=4 us=1289
BATCH stage=decode rows=4 tokens=4 us=1287
BATCH stage=decode rows=4 tokens=4 us=1285
BATCH stage=decode rows=4 tokens=4 us=1284
BATCH stage=decode rows=4 tokens=4 us=1285
BATCH stage=decode rows=4 tokens=4 us=1286
BATCH stage=decode rows=4 tokens=4 us=1290
BATCH stage=decode rows=4 tokens=4 us=1284
BATCH stage=decode rows=4 tokens=4 us=1286
BATCH stage=decode rows=4 tokens=4 us=1284
BATCH stage=decode rows=4 tokens=4 us=1284
BATCH stage=decode rows=4 tokens=4 us=1284
BATCH stage=decode rows=4 tokens=4 us=1287
BATCH stage=decode rows=4 tokens=4 us=1293
BATCH stage=decode rows=4 tokens=4 us=1287
BATCH stage=decode rows=4 tokens=4 us=1326
BATCH stage=decode rows=4 tokens=4 us=1334
BATCH stage=decode rows=4 tokens=4 us=1334
BATCH stage=decode rows=4 tokens=4 us=1352
BATCH stage=decode rows=4 tokens=4 us=1336
BATCH stage=decode rows=4 tokens=4 us=1337
BATCH stage=decode rows=4 tokens=4 us=1333
BATCH stage=decode rows=4 tokens=4 us=1335
BATCH stage=decode rows=4 tokens=4 us=1341
BATCH stage=decode rows=4 tokens=4 us=1330
BATCH stage=decode rows=4 tokens=4 us=1351
BATCH stage=decode rows=4 tokens=4 us=1348
BATCH stage=decode rows=4 tokens=4 us=1341
BATCH stage=decode rows=3 tokens=3 us=1272
BATCH stage=prefill rows=1 tokens=16 us=2461
BATCH stage=decode rows=4 tokens=4 us=1293
BATCH stage=decode rows=4 tokens=4 us=1301
BATCH stage=decode rows=4 tokens=4 us=1299
BATCH stage=decode rows=4 tokens=4 us=1287
BATCH stage=decode rows=4 tokens=4 us=1295
BATCH stage=decode rows=4 tokens=4 us=1290
BATCH stage=decode rows=4 tokens=4 us=1298
BATCH stage=decode rows=4 tokens=4 us=1293
BATCH stage=decode rows=4 tokens=4 us=1296
BATCH stage=decode rows=4 tokens=4 us=1278
BATCH stage=decode rows=4 tokens=4 us=1292
BATCH stage=decode rows=4 tokens=4 us=1296
BATCH stage=decode rows=4 tokens=4 us=1281
BATCH stage=decode rows=4 tokens=4 us=1291
BATCH stage=decode rows=4 tokens=4 us=1293
BATCH stage=decode rows=4 tokens=4 us=1286
BATCH stage=decode rows=4 tokens=4 us=1296
BATCH stage=decode rows=4 tokens=4 us=1284
BATCH stage=decode rows=4 tokens=4 us=1294
BATCH stage=decode rows=4 tokens=4 us=1294
BATCH stage=decode rows=4 tokens=4 us=1278
BATCH stage=decode rows=4 tokens=4 us=1317
BATCH stage=decode rows=4 tokens=4 us=1346
BATCH stage=decode rows=4 tokens=4 us=1347
BATCH stage=decode rows=4 tokens=4 us=1334
BATCH stage=decode rows=4 tokens=4 us=1333
BATCH stage=decode rows=4 tokens=4 us=1333
BATCH stage=decode rows=4 tokens=4 us=1332
BATCH stage=decode rows=4 tokens=4 us=1334
BATCH stage=decode rows=4 tokens=4 us=1332
BATCH stage=decode rows=4 tokens=4 us=1331
BATCH stage=decode rows=3 tokens=3 us=1313
BATCH stage=prefill rows=1 tokens=128 us=2918
BATCH stage=decode rows=3 tokens=3 us=1328
BATCH stage=prefill rows=1 tokens=398 us=6640
BATCH stage=decode rows=4 tokens=4 us=1359
BATCH stage=decode rows=3 tokens=3 us=1262
BATCH stage=prefill rows=1 tokens=16 us=2460
BATCH stage=decode rows=4 tokens=4 us=1272
BATCH stage=decode rows=4 tokens=4 us=1268
BATCH stage=decode rows=4 tokens=4 us=1282
BATCH stage=decode rows=4 tokens=4 us=1278
BATCH stage=decode rows=4 tokens=4 us=1267
BATCH stage=decode rows=4 tokens=4 us=1271
BATCH stage=decode rows=4 tokens=4 us=1277
BATCH stage=decode rows=4 tokens=4 us=1283
BATCH stage=decode rows=4 tokens=4 us=1283
BATCH stage=decode rows=4 tokens=4 us=1269
BATCH stage=decode rows=4 tokens=4 us=1284
BATCH stage=decode rows=4 tokens=4 us=1294
BATCH stage=decode rows=4 tokens=4 us=1331
BATCH stage=decode rows=4 tokens=4 us=1328
BATCH stage=decode rows=4 tokens=4 us=1337
BATCH stage=decode rows=4 tokens=4 us=1337
BATCH stage=decode rows=4 tokens=4 us=1347
BATCH stage=decode rows=4 tokens=4 us=1349
BATCH stage=decode rows=4 tokens=4 us=1344
BATCH stage=decode rows=4 tokens=4 us=1311
BATCH stage=decode rows=4 tokens=4 us=1303
BATCH stage=decode rows=4 tokens=4 us=1286
BATCH stage=decode rows=4 tokens=4 us=1300
BATCH stage=decode rows=4 tokens=4 us=1302
BATCH stage=decode rows=4 tokens=4 us=1300
BATCH stage=decode rows=4 tokens=4 us=1283
BATCH stage=decode rows=4 tokens=4 us=1283
BATCH stage=decode rows=4 tokens=4 us=1293
BATCH stage=decode rows=4 tokens=4 us=1295
BATCH stage=decode rows=4 tokens=4 us=1296
BATCH stage=decode rows=4 tokens=4 us=1283
BATCH stage=decode rows=3 tokens=3 us=1261
BATCH stage=prefill rows=1 tokens=128 us=2951
BATCH stage=decode rows=4 tokens=4 us=1289
BATCH stage=decode rows=4 tokens=4 us=1301
BATCH stage=decode rows=4 tokens=4 us=1287
BATCH stage=decode rows=4 tokens=4 us=1304
BATCH stage=decode rows=4 tokens=4 us=1303
BATCH stage=decode rows=4 tokens=4 us=1303
BATCH stage=decode rows=4 tokens=4 us=1300
BATCH stage=decode rows=4 tokens=4 us=1287
BATCH stage=decode rows=4 tokens=4 us=1290
BATCH stage=decode rows=4 tokens=4 us=1293
BATCH stage=decode rows=4 tokens=4 us=1302
BATCH stage=decode rows=4 tokens=4 us=1294
BATCH stage=decode rows=4 tokens=4 us=1303
BATCH stage=decode rows=4 tokens=4 us=1301
BATCH stage=decode rows=4 tokens=4 us=1302
BATCH stage=decode rows=4 tokens=4 us=1298
BATCH stage=decode rows=4 tokens=4 us=1296
BATCH stage=decode rows=4 tokens=4 us=1323
BATCH stage=decode rows=4 tokens=4 us=1359
BATCH stage=decode rows=4 tokens=4 us=1367
BATCH stage=decode rows=4 tokens=4 us=1357
BATCH stage=decode rows=4 tokens=4 us=1352
BATCH stage=decode rows=4 tokens=4 us=1339
BATCH stage=decode rows=4 tokens=4 us=1344
BATCH stage=decode rows=4 tokens=4 us=1337
BATCH stage=decode rows=4 tokens=4 us=1334
BATCH stage=decode rows=4 tokens=4 us=1335
BATCH stage=decode rows=4 tokens=4 us=1353
BATCH stage=decode rows=3 tokens=3 us=1329
BATCH stage=prefill rows=1 tokens=398 us=6659
BATCH stage=decode rows=4 tokens=4 us=1365
BATCH stage=decode rows=3 tokens=3 us=1257
BATCH stage=prefill rows=1 tokens=16 us=2456
BATCH stage=decode rows=4 tokens=4 us=1280
BATCH stage=decode rows=4 tokens=4 us=1285
BATCH stage=decode rows=4 tokens=4 us=1273
BATCH stage=decode rows=4 tokens=4 us=1268
BATCH stage=decode rows=4 tokens=4 us=1280
BATCH stage=decode rows=4 tokens=4 us=1282
BATCH stage=decode rows=4 tokens=4 us=1282
BATCH stage=decode rows=4 tokens=4 us=1266
BATCH stage=decode rows=4 tokens=4 us=1277
BATCH stage=decode rows=4 tokens=4 us=1266
BATCH stage=decode rows=4 tokens=4 us=1268
BATCH stage=decode rows=4 tokens=4 us=1265
BATCH stage=decode rows=4 tokens=4 us=1267
BATCH stage=decode rows=4 tokens=4 us=1264
BATCH stage=decode rows=4 tokens=4 us=1266
BATCH stage=decode rows=4 tokens=4 us=1264
BATCH stage=decode rows=4 tokens=4 us=1261
BATCH stage=decode rows=4 tokens=4 us=1283
BATCH stage=decode rows=4 tokens=4 us=1281
BATCH stage=decode rows=4 tokens=4 us=1280
BATCH stage=decode rows=4 tokens=4 us=1294
BATCH stage=decode rows=4 tokens=4 us=1300
BATCH stage=decode rows=4 tokens=4 us=1288
BATCH stage=decode rows=4 tokens=4 us=1297
BATCH stage=decode rows=4 tokens=4 us=1292
BATCH stage=decode rows=4 tokens=4 us=1282
BATCH stage=decode rows=4 tokens=4 us=1288
BATCH stage=decode rows=4 tokens=4 us=1277
BATCH stage=decode rows=4 tokens=4 us=1291
BATCH stage=decode rows=4 tokens=4 us=1290
BATCH stage=decode rows=4 tokens=4 us=1295
BATCH stage=decode rows=3 tokens=3 us=1273
BATCH stage=prefill rows=1 tokens=128 us=2949
BATCH stage=decode rows=3 tokens=3 us=1284
BATCH stage=prefill rows=1 tokens=398 us=6656
BATCH stage=decode rows=4 tokens=4 us=1299
BATCH stage=decode rows=4 tokens=4 us=1313
BATCH stage=decode rows=4 tokens=4 us=1292
BATCH stage=decode rows=4 tokens=4 us=1301
BATCH stage=decode rows=4 tokens=4 us=1290
BATCH stage=decode rows=4 tokens=4 us=1292
BATCH stage=decode rows=4 tokens=4 us=1286
BATCH stage=decode rows=4 tokens=4 us=1286
BATCH stage=decode rows=4 tokens=4 us=1293
BATCH stage=decode rows=4 tokens=4 us=1293
BATCH stage=decode rows=4 tokens=4 us=1301
BATCH stage=decode rows=4 tokens=4 us=1299
BATCH stage=decode rows=4 tokens=4 us=1292
BATCH stage=decode rows=4 tokens=4 us=1288
BATCH stage=decode rows=4 tokens=4 us=1325
BATCH stage=decode rows=4 tokens=4 us=1291
BATCH stage=decode rows=4 tokens=4 us=1333
BATCH stage=decode rows=4 tokens=4 us=1347
BATCH stage=decode rows=4 tokens=4 us=1335
BATCH stage=decode rows=4 tokens=4 us=1347
BATCH stage=decode rows=4 tokens=4 us=1338
BATCH stage=decode rows=4 tokens=4 us=1360
BATCH stage=decode rows=4 tokens=4 us=1353
BATCH stage=decode rows=4 tokens=4 us=1352
BATCH stage=decode rows=4 tokens=4 us=1350
BATCH stage=decode rows=4 tokens=4 us=1340
BATCH stage=decode rows=4 tokens=4 us=1345
BATCH stage=decode rows=4 tokens=4 us=1347
BATCH stage=decode rows=4 tokens=4 us=1337
BATCH stage=decode rows=3 tokens=3 us=1261
BATCH stage=prefill rows=1 tokens=16 us=2464
BATCH stage=decode rows=4 tokens=4 us=1274
BATCH stage=decode rows=4 tokens=4 us=1281
BATCH stage=decode rows=4 tokens=4 us=1278
BATCH stage=decode rows=4 tokens=4 us=1279
BATCH stage=decode rows=4 tokens=4 us=1274
BATCH stage=decode rows=4 tokens=4 us=1274
BATCH stage=decode rows=4 tokens=4 us=1284
BATCH stage=decode rows=4 tokens=4 us=1282
BATCH stage=decode rows=4 tokens=4 us=1282
BATCH stage=decode rows=4 tokens=4 us=1284
BATCH stage=decode rows=4 tokens=4 us=1280
BATCH stage=decode rows=4 tokens=4 us=1277
BATCH stage=decode rows=4 tokens=4 us=1282
BATCH stage=decode rows=4 tokens=4 us=1277
BATCH stage=decode rows=4 tokens=4 us=1282
BATCH stage=decode rows=4 tokens=4 us=1273
BATCH stage=decode rows=4 tokens=4 us=1282
BATCH stage=decode rows=4 tokens=4 us=1294
BATCH stage=decode rows=4 tokens=4 us=1282
BATCH stage=decode rows=4 tokens=4 us=1297
BATCH stage=decode rows=4 tokens=4 us=1284
BATCH stage=decode rows=4 tokens=4 us=1282
BATCH stage=decode rows=4 tokens=4 us=1302
BATCH stage=decode rows=4 tokens=4 us=1298
BATCH stage=decode rows=4 tokens=4 us=1282
BATCH stage=decode rows=4 tokens=4 us=1298
BATCH stage=decode rows=4 tokens=4 us=1301
BATCH stage=decode rows=4 tokens=4 us=1294
BATCH stage=decode rows=4 tokens=4 us=1281
BATCH stage=decode rows=4 tokens=4 us=1283
BATCH stage=decode rows=4 tokens=4 us=1292
BATCH stage=decode rows=3 tokens=3 us=1271
BATCH stage=prefill rows=1 tokens=128 us=2938
BATCH stage=decode rows=3 tokens=3 us=1290
BATCH stage=prefill rows=1 tokens=398 us=6620
BATCH stage=decode rows=4 tokens=4 us=1314
BATCH stage=decode rows=4 tokens=4 us=1298
BATCH stage=decode rows=4 tokens=4 us=1301
BATCH stage=decode rows=4 tokens=4 us=1297
BATCH stage=decode rows=4 tokens=4 us=1298
BATCH stage=decode rows=4 tokens=4 us=1302
BATCH stage=decode rows=4 tokens=4 us=1299
BATCH stage=decode rows=4 tokens=4 us=1298
BATCH stage=decode rows=4 tokens=4 us=1301
BATCH stage=decode rows=4 tokens=4 us=1300
BATCH stage=decode rows=4 tokens=4 us=1302
BATCH stage=decode rows=4 tokens=4 us=1298
BATCH stage=decode rows=4 tokens=4 us=1301
BATCH stage=decode rows=4 tokens=4 us=1299
BATCH stage=decode rows=4 tokens=4 us=1298
BATCH stage=decode rows=4 tokens=4 us=1303
BATCH stage=decode rows=4 tokens=4 us=1341
BATCH stage=decode rows=4 tokens=4 us=1349
BATCH stage=decode rows=4 tokens=4 us=1350
BATCH stage=decode rows=4 tokens=4 us=1354
BATCH stage=decode rows=4 tokens=4 us=1354
BATCH stage=decode rows=4 tokens=4 us=1349
BATCH stage=decode rows=4 tokens=4 us=1351
BATCH stage=decode rows=4 tokens=4 us=1351
BATCH stage=decode rows=4 tokens=4 us=1349
BATCH stage=decode rows=4 tokens=4 us=1348
BATCH stage=decode rows=4 tokens=4 us=1351
BATCH stage=decode rows=4 tokens=4 us=1350
BATCH stage=decode rows=4 tokens=4 us=1349
BATCH stage=decode rows=3 tokens=3 us=1284
BATCH stage=prefill rows=1 tokens=16 us=2452
BATCH stage=decode rows=4 tokens=4 us=1292
BATCH stage=decode rows=4 tokens=4 us=1297
BATCH stage=decode rows=4 tokens=4 us=1292
BATCH stage=decode rows=4 tokens=4 us=1300
BATCH stage=decode rows=4 tokens=4 us=1293
BATCH stage=decode rows=4 tokens=4 us=1297
BATCH stage=decode rows=4 tokens=4 us=1294
BATCH stage=decode rows=4 tokens=4 us=1297
BATCH stage=decode rows=4 tokens=4 us=1298
BATCH stage=decode rows=4 tokens=4 us=1295
BATCH stage=decode rows=4 tokens=4 us=1299
BATCH stage=decode rows=4 tokens=4 us=1299
BATCH stage=decode rows=4 tokens=4 us=1297
BATCH stage=decode rows=4 tokens=4 us=1294
BATCH stage=decode rows=4 tokens=4 us=1298
BATCH stage=decode rows=4 tokens=4 us=1297
BATCH stage=decode rows=4 tokens=4 us=1300
BATCH stage=decode rows=4 tokens=4 us=1297
BATCH stage=decode rows=4 tokens=4 us=1300
BATCH stage=decode rows=4 tokens=4 us=1302
BATCH stage=decode rows=4 tokens=4 us=1292
BATCH stage=decode rows=4 tokens=4 us=1333
BATCH stage=decode rows=4 tokens=4 us=1345
BATCH stage=decode rows=4 tokens=4 us=1346
BATCH stage=decode rows=4 tokens=4 us=1349
BATCH stage=decode rows=4 tokens=4 us=1348
BATCH stage=decode rows=4 tokens=4 us=1351
BATCH stage=decode rows=4 tokens=4 us=1347
BATCH stage=decode rows=4 tokens=4 us=1347
BATCH stage=decode rows=4 tokens=4 us=1347
BATCH stage=decode rows=4 tokens=4 us=1349
BATCH stage=decode rows=3 tokens=3 us=1314
BATCH stage=prefill rows=1 tokens=128 us=2917
BATCH stage=decode rows=3 tokens=3 us=1341
BATCH stage=prefill rows=1 tokens=398 us=6650
BATCH stage=decode rows=4 tokens=4 us=1349
BATCH stage=decode rows=3 tokens=3 us=1266
BATCH stage=prefill rows=1 tokens=16 us=2461
BATCH stage=decode rows=4 tokens=4 us=1276
BATCH stage=decode rows=4 tokens=4 us=1266
BATCH stage=decode rows=4 tokens=4 us=1277
BATCH stage=decode rows=4 tokens=4 us=1264
BATCH stage=decode rows=4 tokens=4 us=1263
BATCH stage=decode rows=4 tokens=4 us=1265
BATCH stage=decode rows=4 tokens=4 us=1269
BATCH stage=decode rows=4 tokens=4 us=1277
BATCH stage=decode rows=4 tokens=4 us=1266
BATCH stage=decode rows=4 tokens=4 us=1265
BATCH stage=decode rows=4 tokens=4 us=1266
BATCH stage=decode rows=4 tokens=4 us=1259
BATCH stage=decode rows=4 tokens=4 us=1263
BATCH stage=decode rows=4 tokens=4 us=1259
BATCH stage=decode rows=4 tokens=4 us=1282
BATCH stage=decode rows=4 tokens=4 us=1279
BATCH stage=decode rows=4 tokens=4 us=1283
BATCH stage=decode rows=4 tokens=4 us=1292
BATCH stage=decode rows=4 tokens=4 us=1293
BATCH stage=decode rows=4 tokens=4 us=1282
BATCH stage=decode rows=4 tokens=4 us=1276
BATCH stage=decode rows=4 tokens=4 us=1275
BATCH stage=decode rows=4 tokens=4 us=1286
BATCH stage=decode rows=4 tokens=4 us=1289
BATCH stage=decode rows=4 tokens=4 us=1277
BATCH stage=decode rows=4 tokens=4 us=1288
BATCH stage=decode rows=4 tokens=4 us=1298
BATCH stage=decode rows=4 tokens=4 us=1301
BATCH stage=decode rows=4 tokens=4 us=1274
BATCH stage=decode rows=4 tokens=4 us=1291
BATCH stage=decode rows=4 tokens=4 us=1274
BATCH stage=decode rows=3 tokens=3 us=1259
BATCH stage=prefill rows=1 tokens=128 us=2923
BATCH stage=decode rows=4 tokens=4 us=1280
BATCH stage=decode rows=4 tokens=4 us=1299
BATCH stage=decode rows=4 tokens=4 us=1282
BATCH stage=decode rows=4 tokens=4 us=1282
BATCH stage=decode rows=4 tokens=4 us=1283
BATCH stage=decode rows=4 tokens=4 us=1281
BATCH stage=decode rows=4 tokens=4 us=1282
BATCH stage=decode rows=4 tokens=4 us=1284
BATCH stage=decode rows=4 tokens=4 us=1283
BATCH stage=decode rows=4 tokens=4 us=1295
BATCH stage=decode rows=4 tokens=4 us=1299
BATCH stage=decode rows=4 tokens=4 us=1297
BATCH stage=decode rows=4 tokens=4 us=1294
BATCH stage=decode rows=4 tokens=4 us=1298
BATCH stage=decode rows=4 tokens=4 us=1288
BATCH stage=decode rows=4 tokens=4 us=1302
BATCH stage=decode rows=4 tokens=4 us=1292
BATCH stage=decode rows=4 tokens=4 us=1329
BATCH stage=decode rows=4 tokens=4 us=1349
BATCH stage=decode rows=4 tokens=4 us=1352
BATCH stage=decode rows=4 tokens=4 us=1349
BATCH stage=decode rows=4 tokens=4 us=1348
BATCH stage=decode rows=4 tokens=4 us=1349
BATCH stage=decode rows=4 tokens=4 us=1349
BATCH stage=decode rows=4 tokens=4 us=1351
BATCH stage=decode rows=4 tokens=4 us=1349
BATCH stage=decode rows=4 tokens=4 us=1348
BATCH stage=decode rows=4 tokens=4 us=1348
BATCH stage=decode rows=3 tokens=3 us=1328
BATCH stage=prefill rows=1 tokens=398 us=6677
BATCH stage=decode rows=4 tokens=4 us=1355
BATCH stage=decode rows=3 tokens=3 us=1258
BATCH stage=prefill rows=1 tokens=16 us=2459
BATCH stage=decode rows=4 tokens=4 us=1276
BATCH stage=decode rows=4 tokens=4 us=1284
BATCH stage=decode rows=4 tokens=4 us=1280
BATCH stage=decode rows=4 tokens=4 us=1283
BATCH stage=decode rows=4 tokens=4 us=1279
BATCH stage=decode rows=4 tokens=4 us=1278
BATCH stage=decode rows=4 tokens=4 us=1265
BATCH stage=decode rows=4 tokens=4 us=1281
BATCH stage=decode rows=4 tokens=4 us=1266
BATCH stage=decode rows=4 tokens=4 us=1275
BATCH stage=decode rows=4 tokens=4 us=1266
BATCH stage=decode rows=4 tokens=4 us=1265
BATCH stage=decode rows=4 tokens=4 us=1283
BATCH stage=decode rows=4 tokens=4 us=1281
BATCH stage=decode rows=4 tokens=4 us=1280
BATCH stage=decode rows=4 tokens=4 us=1267
BATCH stage=decode rows=4 tokens=4 us=1281
BATCH stage=decode rows=4 tokens=4 us=1275
BATCH stage=decode rows=4 tokens=4 us=1288
BATCH stage=decode rows=4 tokens=4 us=1298
BATCH stage=decode rows=4 tokens=4 us=1297
BATCH stage=decode rows=4 tokens=4 us=1299
BATCH stage=decode rows=4 tokens=4 us=1293
BATCH stage=decode rows=4 tokens=4 us=1298
BATCH stage=decode rows=4 tokens=4 us=1300
BATCH stage=decode rows=4 tokens=4 us=1296
BATCH stage=decode rows=4 tokens=4 us=1297
BATCH stage=decode rows=4 tokens=4 us=1297
BATCH stage=decode rows=4 tokens=4 us=1296
BATCH stage=decode rows=4 tokens=4 us=1296
BATCH stage=decode rows=4 tokens=4 us=1306
BATCH stage=decode rows=3 tokens=3 us=1274
BATCH stage=prefill rows=1 tokens=128 us=2933
BATCH stage=decode rows=3 tokens=3 us=1287
BATCH stage=prefill rows=1 tokens=398 us=6638
BATCH stage=decode rows=4 tokens=4 us=1304
BATCH stage=decode rows=4 tokens=4 us=1286
BATCH stage=decode rows=4 tokens=4 us=1296
BATCH stage=decode rows=4 tokens=4 us=1305
BATCH stage=decode rows=4 tokens=4 us=1302
BATCH stage=decode rows=4 tokens=4 us=1302
BATCH stage=decode rows=4 tokens=4 us=1299
BATCH stage=decode rows=4 tokens=4 us=1299
BATCH stage=decode rows=4 tokens=4 us=1301
BATCH stage=decode rows=4 tokens=4 us=1297
BATCH stage=decode rows=4 tokens=4 us=1293
BATCH stage=decode rows=4 tokens=4 us=1290
BATCH stage=decode rows=4 tokens=4 us=1298
BATCH stage=decode rows=4 tokens=4 us=1284
BATCH stage=decode rows=4 tokens=4 us=1297
BATCH stage=decode rows=4 tokens=4 us=1294
BATCH stage=decode rows=4 tokens=4 us=1337
BATCH stage=decode rows=4 tokens=4 us=1348
BATCH stage=decode rows=4 tokens=4 us=1355
BATCH stage=decode rows=4 tokens=4 us=1351
BATCH stage=decode rows=4 tokens=4 us=1351
BATCH stage=decode rows=4 tokens=4 us=1333
BATCH stage=decode rows=4 tokens=4 us=1355
BATCH stage=decode rows=4 tokens=4 us=1335
BATCH stage=decode rows=4 tokens=4 us=1342
BATCH stage=decode rows=4 tokens=4 us=1333
BATCH stage=decode rows=4 tokens=4 us=1335
BATCH stage=decode rows=4 tokens=4 us=1343
BATCH stage=decode rows=4 tokens=4 us=1350
BATCH stage=decode rows=3 tokens=3 us=1250
BATCH stage=prefill rows=1 tokens=16 us=2455
BATCH stage=decode rows=4 tokens=4 us=1277
BATCH stage=decode rows=4 tokens=4 us=1284
BATCH stage=decode rows=4 tokens=4 us=1265
BATCH stage=decode rows=4 tokens=4 us=1267
BATCH stage=decode rows=4 tokens=4 us=1282
BATCH stage=decode rows=4 tokens=4 us=1284
BATCH stage=decode rows=4 tokens=4 us=1284
BATCH stage=decode rows=4 tokens=4 us=1283
BATCH stage=decode rows=4 tokens=4 us=1279
BATCH stage=decode rows=4 tokens=4 us=1277
BATCH stage=decode rows=4 tokens=4 us=1281
BATCH stage=decode rows=4 tokens=4 us=1274
BATCH stage=decode rows=4 tokens=4 us=1283
BATCH stage=decode rows=4 tokens=4 us=1277
BATCH stage=decode rows=4 tokens=4 us=1281
BATCH stage=decode rows=4 tokens=4 us=1274
BATCH stage=decode rows=4 tokens=4 us=1282
BATCH stage=decode rows=4 tokens=4 us=1288
BATCH stage=decode rows=4 tokens=4 us=1277
BATCH stage=decode rows=4 tokens=4 us=1294
BATCH stage=decode rows=4 tokens=4 us=1285
BATCH stage=decode rows=4 tokens=4 us=1282
BATCH stage=decode rows=4 tokens=4 us=1283
BATCH stage=decode rows=4 tokens=4 us=1283
BATCH stage=decode rows=4 tokens=4 us=1288
BATCH stage=decode rows=4 tokens=4 us=1283
BATCH stage=decode rows=4 tokens=4 us=1283
BATCH stage=decode rows=4 tokens=4 us=1284
BATCH stage=decode rows=4 tokens=4 us=1297
BATCH stage=decode rows=4 tokens=4 us=1288
BATCH stage=decode rows=4 tokens=4 us=1274
BATCH stage=decode rows=3 tokens=3 us=1276
BATCH stage=prefill rows=1 tokens=128 us=2944
BATCH stage=decode rows=3 tokens=3 us=1276
BATCH stage=prefill rows=1 tokens=398 us=6644
BATCH stage=decode rows=4 tokens=4 us=1312
BATCH stage=decode rows=4 tokens=4 us=1285
BATCH stage=decode rows=4 tokens=4 us=1287
BATCH stage=decode rows=4 tokens=4 us=1296
BATCH stage=decode rows=4 tokens=4 us=1299
BATCH stage=decode rows=4 tokens=4 us=1295
BATCH stage=decode rows=4 tokens=4 us=1295
BATCH stage=decode rows=4 tokens=4 us=1289
BATCH stage=decode rows=4 tokens=4 us=1288
BATCH stage=decode rows=4 tokens=4 us=1296
BATCH stage=decode rows=4 tokens=4 us=1296
BATCH stage=decode rows=4 tokens=4 us=1288
BATCH stage=decode rows=4 tokens=4 us=1295
BATCH stage=decode rows=4 tokens=4 us=1288
BATCH stage=decode rows=4 tokens=4 us=1284
BATCH stage=decode rows=4 tokens=4 us=1275
BATCH stage=decode rows=4 tokens=4 us=1328
BATCH stage=decode rows=4 tokens=4 us=1345
BATCH stage=decode rows=4 tokens=4 us=1350
BATCH stage=decode rows=4 tokens=4 us=1343
BATCH stage=decode rows=4 tokens=4 us=1343
BATCH stage=decode rows=4 tokens=4 us=1348
BATCH stage=decode rows=4 tokens=4 us=1335
BATCH stage=decode rows=4 tokens=4 us=1335
BATCH stage=decode rows=4 tokens=4 us=1335
BATCH stage=decode rows=4 tokens=4 us=1349
BATCH stage=decode rows=4 tokens=4 us=1349
BATCH stage=decode rows=4 tokens=4 us=1348
BATCH stage=decode rows=4 tokens=4 us=1348
BATCH stage=decode rows=3 tokens=3 us=1280
BATCH stage=prefill rows=1 tokens=16 us=2465
BATCH stage=decode rows=4 tokens=4 us=1293
BATCH stage=decode rows=4 tokens=4 us=1297
BATCH stage=decode rows=4 tokens=4 us=1291
BATCH stage=decode rows=4 tokens=4 us=1302
BATCH stage=decode rows=4 tokens=4 us=1300
BATCH stage=decode rows=4 tokens=4 us=1302
BATCH stage=decode rows=4 tokens=4 us=1294
BATCH stage=decode rows=4 tokens=4 us=1295
BATCH stage=decode rows=4 tokens=4 us=1293
BATCH stage=decode rows=4 tokens=4 us=1302
BATCH stage=decode rows=4 tokens=4 us=1308
BATCH stage=decode rows=4 tokens=4 us=1298
BATCH stage=decode rows=4 tokens=4 us=1291
BATCH stage=decode rows=4 tokens=4 us=1295
BATCH stage=decode rows=4 tokens=4 us=1294
BATCH stage=decode rows=4 tokens=4 us=1299
BATCH stage=decode rows=4 tokens=4 us=1301
BATCH stage=decode rows=4 tokens=4 us=1301
BATCH stage=decode rows=4 tokens=4 us=1293
BATCH stage=decode rows=4 tokens=4 us=1301
BATCH stage=decode rows=4 tokens=4 us=1284
BATCH stage=decode rows=4 tokens=4 us=1329
BATCH stage=decode rows=4 tokens=4 us=1347
BATCH stage=decode rows=4 tokens=4 us=1341
BATCH stage=decode rows=4 tokens=4 us=1345
BATCH stage=decode rows=4 tokens=4 us=1331
BATCH stage=decode rows=4 tokens=4 us=1338
BATCH stage=decode rows=4 tokens=4 us=1347
BATCH stage=decode rows=4 tokens=4 us=1342
BATCH stage=decode rows=4 tokens=4 us=1339
BATCH stage=decode rows=4 tokens=4 us=1351
BATCH stage=decode rows=3 tokens=3 us=1320
BATCH stage=prefill rows=1 tokens=128 us=2935
BATCH stage=decode rows=3 tokens=3 us=1342
BATCH stage=prefill rows=1 tokens=398 us=6652
BATCH stage=decode rows=4 tokens=4 us=1346
BATCH stage=decode rows=3 tokens=3 us=1262
BATCH stage=prefill rows=1 tokens=16 us=2451
BATCH stage=decode rows=4 tokens=4 us=1262
BATCH stage=decode rows=4 tokens=4 us=1287
BATCH stage=decode rows=4 tokens=4 us=1279
BATCH stage=decode rows=4 tokens=4 us=1279
BATCH stage=decode rows=4 tokens=4 us=1282
BATCH stage=decode rows=4 tokens=4 us=1272
BATCH stage=decode rows=4 tokens=4 us=1275
BATCH stage=decode rows=4 tokens=4 us=1273
BATCH stage=decode rows=4 tokens=4 us=1281
BATCH stage=decode rows=4 tokens=4 us=1274
BATCH stage=decode rows=4 tokens=4 us=1284
BATCH stage=decode rows=4 tokens=4 us=1281
BATCH stage=decode rows=4 tokens=4 us=1279
BATCH stage=decode rows=4 tokens=4 us=1283
BATCH stage=decode rows=4 tokens=4 us=1284
BATCH stage=decode rows=4 tokens=4 us=1279
BATCH stage=decode rows=4 tokens=4 us=1282
BATCH stage=decode rows=4 tokens=4 us=1298
BATCH stage=decode rows=4 tokens=4 us=1295
BATCH stage=decode rows=4 tokens=4 us=1292
BATCH stage=decode rows=4 tokens=4 us=1295
BATCH stage=decode rows=4 tokens=4 us=1298
BATCH stage=decode rows=4 tokens=4 us=1293
BATCH stage=decode rows=4 tokens=4 us=1287
BATCH stage=decode rows=4 tokens=4 us=1293
BATCH stage=decode rows=4 tokens=4 us=1296
BATCH stage=decode rows=4 tokens=4 us=1294
BATCH stage=decode rows=4 tokens=4 us=1281
BATCH stage=decode rows=4 tokens=4 us=1283
BATCH stage=decode rows=4 tokens=4 us=1283
BATCH stage=decode rows=4 tokens=4 us=1294
BATCH stage=decode rows=3 tokens=3 us=1273
BATCH stage=prefill rows=1 tokens=128 us=2946
BATCH stage=decode rows=4 tokens=4 us=1300
BATCH stage=decode rows=4 tokens=4 us=1295
BATCH stage=decode rows=4 tokens=4 us=1293
BATCH stage=decode rows=4 tokens=4 us=1296
BATCH stage=decode rows=4 tokens=4 us=1292
BATCH stage=decode rows=4 tokens=4 us=1294
BATCH stage=decode rows=4 tokens=4 us=1286
BATCH stage=decode rows=4 tokens=4 us=1298
BATCH stage=decode rows=4 tokens=4 us=1294
BATCH stage=decode rows=4 tokens=4 us=1292
BATCH stage=decode rows=4 tokens=4 us=1285
BATCH stage=decode rows=4 tokens=4 us=1294
BATCH stage=decode rows=4 tokens=4 us=1296
BATCH stage=decode rows=4 tokens=4 us=1294
BATCH stage=decode rows=4 tokens=4 us=1300
BATCH stage=decode rows=4 tokens=4 us=1290
BATCH stage=decode rows=4 tokens=4 us=1293
BATCH stage=decode rows=4 tokens=4 us=1334
BATCH stage=decode rows=4 tokens=4 us=1339
BATCH stage=decode rows=4 tokens=4 us=1350
BATCH stage=decode rows=4 tokens=4 us=1336
BATCH stage=decode rows=4 tokens=4 us=1335
BATCH stage=decode rows=4 tokens=4 us=1347
BATCH stage=decode rows=4 tokens=4 us=1335
BATCH stage=decode rows=4 tokens=4 us=1345
BATCH stage=decode rows=4 tokens=4 us=1347
BATCH stage=decode rows=4 tokens=4 us=1340
BATCH stage=decode rows=4 tokens=4 us=1352
BATCH stage=decode rows=3 tokens=3 us=1330
BATCH stage=prefill rows=1 tokens=398 us=6666
BATCH stage=decode rows=4 tokens=4 us=1375
BATCH stage=decode rows=3 tokens=3 us=1244
BATCH stage=prefill rows=1 tokens=16 us=2455
BATCH stage=decode rows=4 tokens=4 us=1274
BATCH stage=decode rows=4 tokens=4 us=1280
BATCH stage=decode rows=4 tokens=4 us=1281
BATCH stage=decode rows=4 tokens=4 us=1276
BATCH stage=decode rows=4 tokens=4 us=1267
BATCH stage=decode rows=4 tokens=4 us=1265
BATCH stage=decode rows=4 tokens=4 us=1265
BATCH stage=decode rows=4 tokens=4 us=1266
BATCH stage=decode rows=4 tokens=4 us=1278
BATCH stage=decode rows=4 tokens=4 us=1274
BATCH stage=decode rows=4 tokens=4 us=1281
BATCH stage=decode rows=4 tokens=4 us=1284
BATCH stage=decode rows=4 tokens=4 us=1274
BATCH stage=decode rows=4 tokens=4 us=1276
BATCH stage=decode rows=4 tokens=4 us=1281
BATCH stage=decode rows=4 tokens=4 us=1283
BATCH stage=decode rows=4 tokens=4 us=1282
BATCH stage=decode rows=4 tokens=4 us=1302
BATCH stage=decode rows=4 tokens=4 us=1300
BATCH stage=decode rows=4 tokens=4 us=1301
BATCH stage=decode rows=4 tokens=4 us=1300
BATCH stage=decode rows=4 tokens=4 us=1300
BATCH stage=decode rows=4 tokens=4 us=1285
BATCH stage=decode rows=4 tokens=4 us=1289
BATCH stage=decode rows=4 tokens=4 us=1294
BATCH stage=decode rows=4 tokens=4 us=1291
BATCH stage=decode rows=4 tokens=4 us=1294
BATCH stage=decode rows=4 tokens=4 us=1286
BATCH stage=decode rows=4 tokens=4 us=1292
BATCH stage=decode rows=4 tokens=4 us=1291
BATCH stage=decode rows=4 tokens=4 us=1292
BATCH stage=decode rows=3 tokens=3 us=1265
BATCH stage=prefill rows=1 tokens=128 us=2944
BATCH stage=decode rows=3 tokens=3 us=1266
BATCH stage=prefill rows=1 tokens=398 us=6674
BATCH stage=decode rows=4 tokens=4 us=1316
BATCH stage=decode rows=4 tokens=4 us=1291
BATCH stage=decode rows=4 tokens=4 us=1292
BATCH stage=decode rows=4 tokens=4 us=1290
BATCH stage=decode rows=4 tokens=4 us=1289
BATCH stage=decode rows=4 tokens=4 us=1293
BATCH stage=decode rows=4 tokens=4 us=1285
BATCH stage=decode rows=4 tokens=4 us=1287
BATCH stage=decode rows=4 tokens=4 us=1285
BATCH stage=decode rows=4 tokens=4 us=1292
BATCH stage=decode rows=4 tokens=4 us=1292
BATCH stage=decode rows=4 tokens=4 us=1298
BATCH stage=decode rows=4 tokens=4 us=1297
BATCH stage=decode rows=4 tokens=4 us=1284
BATCH stage=decode rows=4 tokens=4 us=1284
BATCH stage=decode rows=4 tokens=4 us=1296
BATCH stage=decode rows=4 tokens=4 us=1327
BATCH stage=decode rows=4 tokens=4 us=1339
BATCH stage=decode rows=4 tokens=4 us=1344
BATCH stage=decode rows=4 tokens=4 us=1347
BATCH stage=decode rows=4 tokens=4 us=1354
BATCH stage=decode rows=4 tokens=4 us=1350
BATCH stage=decode rows=4 tokens=4 us=1336
BATCH stage=decode rows=4 tokens=4 us=1350
BATCH stage=decode rows=4 tokens=4 us=1350
BATCH stage=decode rows=4 tokens=4 us=1352
BATCH stage=decode rows=4 tokens=4 us=1351
BATCH stage=decode rows=4 tokens=4 us=1347
BATCH stage=decode rows=4 tokens=4 us=1349
BATCH stage=decode rows=3 tokens=3 us=1249
BATCH stage=prefill rows=1 tokens=16 us=2456
BATCH stage=decode rows=4 tokens=4 us=1264
BATCH stage=decode rows=4 tokens=4 us=1270
BATCH stage=decode rows=4 tokens=4 us=1284
BATCH stage=decode rows=4 tokens=4 us=1274
BATCH stage=decode rows=4 tokens=4 us=1276
BATCH stage=decode rows=4 tokens=4 us=1265
BATCH stage=decode rows=4 tokens=4 us=1260
BATCH stage=decode rows=4 tokens=4 us=1286
BATCH stage=decode rows=4 tokens=4 us=1282
BATCH stage=decode rows=4 tokens=4 us=1283
BATCH stage=decode rows=4 tokens=4 us=1282
BATCH stage=decode rows=4 tokens=4 us=1285
BATCH stage=decode rows=4 tokens=4 us=1285
BATCH stage=decode rows=4 tokens=4 us=1284
BATCH stage=decode rows=4 tokens=4 us=1285
BATCH stage=decode rows=4 tokens=4 us=1278
BATCH stage=decode rows=4 tokens=4 us=1283
BATCH stage=decode rows=4 tokens=4 us=1287
BATCH stage=decode rows=4 tokens=4 us=1291
BATCH stage=decode rows=4 tokens=4 us=1294
BATCH stage=decode rows=4 tokens=4 us=1303
BATCH stage=decode rows=4 tokens=4 us=1301
BATCH stage=decode rows=4 tokens=4 us=1290
BATCH stage=decode rows=4 tokens=4 us=1300
BATCH stage=decode rows=4 tokens=4 us=1295
BATCH stage=decode rows=4 tokens=4 us=1300
BATCH stage=decode rows=4 tokens=4 us=1290
BATCH stage=decode rows=4 tokens=4 us=1296
BATCH stage=decode rows=4 tokens=4 us=1296
BATCH stage=decode rows=4 tokens=4 us=1302
BATCH stage=decode rows=4 tokens=4 us=1287
BATCH stage=decode rows=3 tokens=3 us=1259
BATCH stage=prefill rows=1 tokens=128 us=2940
BATCH stage=decode rows=3 tokens=3 us=1268
BATCH stage=prefill rows=1 tokens=398 us=6660
BATCH stage=decode rows=4 tokens=4 us=1310
BATCH stage=decode rows=4 tokens=4 us=1289
BATCH stage=decode rows=4 tokens=4 us=1288
BATCH stage=decode rows=4 tokens=4 us=1288
BATCH stage=decode rows=4 tokens=4 us=1298
BATCH stage=decode rows=4 tokens=4 us=1288
BATCH stage=decode rows=4 tokens=4 us=1296
BATCH stage=decode rows=4 tokens=4 us=1303
BATCH stage=decode rows=4 tokens=4 us=1301
BATCH stage=decode rows=4 tokens=4 us=1296
BATCH stage=decode rows=4 tokens=4 us=1299
BATCH stage=decode rows=4 tokens=4 us=1301
BATCH stage=decode rows=4 tokens=4 us=1292
BATCH stage=decode rows=4 tokens=4 us=1298
BATCH stage=decode rows=4 tokens=4 us=1299
BATCH stage=decode rows=4 tokens=4 us=1279
BATCH stage=decode rows=4 tokens=4 us=1330
BATCH stage=decode rows=4 tokens=4 us=1341
BATCH stage=decode rows=4 tokens=4 us=1334
BATCH stage=decode rows=4 tokens=4 us=1347
BATCH stage=decode rows=4 tokens=4 us=1336
BATCH stage=decode rows=4 tokens=4 us=1349
BATCH stage=decode rows=4 tokens=4 us=1349
BATCH stage=decode rows=4 tokens=4 us=1352
BATCH stage=decode rows=4 tokens=4 us=1350
BATCH stage=decode rows=4 tokens=4 us=1349
BATCH stage=decode rows=4 tokens=4 us=1333
BATCH stage=decode rows=4 tokens=4 us=1334
BATCH stage=decode rows=4 tokens=4 us=1363
BATCH stage=decode rows=3 tokens=3 us=1266
BATCH stage=prefill rows=1 tokens=16 us=2451
BATCH stage=decode rows=4 tokens=4 us=1295
BATCH stage=decode rows=4 tokens=4 us=1285
BATCH stage=decode rows=4 tokens=4 us=1277
BATCH stage=decode rows=4 tokens=4 us=1278
BATCH stage=decode rows=4 tokens=4 us=1286
BATCH stage=decode rows=4 tokens=4 us=1294
BATCH stage=decode rows=4 tokens=4 us=1277
BATCH stage=decode rows=4 tokens=4 us=1283
BATCH stage=decode rows=4 tokens=4 us=1295
BATCH stage=decode rows=4 tokens=4 us=1283
BATCH stage=decode rows=4 tokens=4 us=1297
BATCH stage=decode rows=4 tokens=4 us=1289
BATCH stage=decode rows=4 tokens=4 us=1297
BATCH stage=decode rows=4 tokens=4 us=1299
BATCH stage=decode rows=4 tokens=4 us=1298
BATCH stage=decode rows=4 tokens=4 us=1299
BATCH stage=decode rows=4 tokens=4 us=1296
BATCH stage=decode rows=4 tokens=4 us=1282
BATCH stage=decode rows=4 tokens=4 us=1281
BATCH stage=decode rows=4 tokens=4 us=1284
BATCH stage=decode rows=4 tokens=4 us=1275
BATCH stage=decode rows=4 tokens=4 us=1332
BATCH stage=decode rows=4 tokens=4 us=1352
BATCH stage=decode rows=4 tokens=4 us=1349
BATCH stage=decode rows=4 tokens=4 us=1351
BATCH stage=decode rows=4 tokens=4 us=1353
BATCH stage=decode rows=4 tokens=4 us=1349
BATCH stage=decode rows=4 tokens=4 us=1336
BATCH stage=decode rows=4 tokens=4 us=1332
BATCH stage=decode rows=4 tokens=4 us=1348
BATCH stage=decode rows=4 tokens=4 us=1346
BATCH stage=decode rows=3 tokens=3 us=1313
BATCH stage=prefill rows=1 tokens=128 us=2956
BATCH stage=decode rows=3 tokens=3 us=1348
BATCH stage=prefill rows=1 tokens=398 us=6662
BATCH stage=decode rows=4 tokens=4 us=1360
BATCH stage=decode rows=3 tokens=3 us=1264
BATCH stage=prefill rows=1 tokens=16 us=2463
BATCH stage=decode rows=4 tokens=4 us=1269
BATCH stage=decode rows=4 tokens=4 us=1276
BATCH stage=decode rows=4 tokens=4 us=1276
BATCH stage=decode rows=4 tokens=4 us=1284
BATCH stage=decode rows=4 tokens=4 us=1283
BATCH stage=decode rows=4 tokens=4 us=1286
BATCH stage=decode rows=4 tokens=4 us=1277
BATCH stage=decode rows=4 tokens=4 us=1283
BATCH stage=decode rows=4 tokens=4 us=1282
BATCH stage=decode rows=4 tokens=4 us=1285
BATCH stage=decode rows=4 tokens=4 us=1283
BATCH stage=decode rows=4 tokens=4 us=1283
BATCH stage=decode rows=4 tokens=4 us=1275
BATCH stage=decode rows=4 tokens=4 us=1283
BATCH stage=decode rows=4 tokens=4 us=1283
BATCH stage=decode rows=4 tokens=4 us=1284
BATCH stage=decode rows=4 tokens=4 us=1281
BATCH stage=decode rows=4 tokens=4 us=1286
BATCH stage=decode rows=4 tokens=4 us=1301
BATCH stage=decode rows=4 tokens=4 us=1301
BATCH stage=decode rows=4 tokens=4 us=1300
BATCH stage=decode rows=4 tokens=4 us=1302
BATCH stage=decode rows=4 tokens=4 us=1288
BATCH stage=decode rows=4 tokens=4 us=1280
BATCH stage=decode rows=4 tokens=4 us=1302
BATCH stage=decode rows=4 tokens=4 us=1296
BATCH stage=decode rows=4 tokens=4 us=1299
BATCH stage=decode rows=4 tokens=4 us=1305
BATCH stage=decode rows=4 tokens=4 us=1303
BATCH stage=decode rows=4 tokens=4 us=1307
BATCH stage=decode rows=4 tokens=4 us=1294
BATCH stage=decode rows=3 tokens=3 us=1276
BATCH stage=prefill rows=1 tokens=128 us=2939
BATCH stage=decode rows=4 tokens=4 us=1291
BATCH stage=decode rows=4 tokens=4 us=1305
BATCH stage=decode rows=4 tokens=4 us=1308
BATCH stage=decode rows=4 tokens=4 us=1304
BATCH stage=decode rows=4 tokens=4 us=1301
BATCH stage=decode rows=4 tokens=4 us=1283
BATCH stage=decode rows=4 tokens=4 us=1286
BATCH stage=decode rows=4 tokens=4 us=1294
BATCH stage=decode rows=4 tokens=4 us=1290
BATCH stage=decode rows=4 tokens=4 us=1285
BATCH stage=decode rows=4 tokens=4 us=1285
BATCH stage=decode rows=4 tokens=4 us=1286
BATCH stage=decode rows=4 tokens=4 us=1285
BATCH stage=decode rows=4 tokens=4 us=1303
BATCH stage=decode rows=4 tokens=4 us=1288
BATCH stage=decode rows=4 tokens=4 us=1287
BATCH stage=decode rows=4 tokens=4 us=1283
BATCH stage=decode rows=4 tokens=4 us=1325
BATCH stage=decode rows=4 tokens=4 us=1352
BATCH stage=decode rows=4 tokens=4 us=1334
BATCH stage=decode rows=4 tokens=4 us=1352
BATCH stage=decode rows=4 tokens=4 us=1338
BATCH stage=decode rows=4 tokens=4 us=1337
BATCH stage=decode rows=4 tokens=4 us=1351
BATCH stage=decode rows=4 tokens=4 us=1347
BATCH stage=decode rows=4 tokens=4 us=1355
BATCH stage=decode rows=4 tokens=4 us=1353
BATCH stage=decode rows=4 tokens=4 us=1354
BATCH stage=decode rows=3 tokens=3 us=1334
BATCH stage=prefill rows=1 tokens=398 us=6666
BATCH stage=decode rows=4 tokens=4 us=1373
BATCH stage=decode rows=3 tokens=3 us=1261
BATCH stage=prefill rows=1 tokens=16 us=2457
BATCH stage=decode rows=4 tokens=4 us=1282
BATCH stage=decode rows=4 tokens=4 us=1284
BATCH stage=decode rows=4 tokens=4 us=1280
BATCH stage=decode rows=4 tokens=4 us=1285
BATCH stage=decode rows=4 tokens=4 us=1284
BATCH stage=decode rows=4 tokens=4 us=1267
BATCH stage=decode rows=4 tokens=4 us=1285
BATCH stage=decode rows=4 tokens=4 us=1284
BATCH stage=decode rows=4 tokens=4 us=1281
BATCH stage=decode rows=4 tokens=4 us=1280
BATCH stage=decode rows=4 tokens=4 us=1282
BATCH stage=decode rows=4 tokens=4 us=1280
BATCH stage=decode rows=4 tokens=4 us=1284
BATCH stage=decode rows=4 tokens=4 us=1284
BATCH stage=decode rows=4 tokens=4 us=1282
BATCH stage=decode rows=4 tokens=4 us=1287
BATCH stage=decode rows=4 tokens=4 us=1283
BATCH stage=decode rows=4 tokens=4 us=1303
BATCH stage=decode rows=4 tokens=4 us=1303
BATCH stage=decode rows=4 tokens=4 us=1285
BATCH stage=decode rows=4 tokens=4 us=1282
BATCH stage=decode rows=4 tokens=4 us=1283
BATCH stage=decode rows=4 tokens=4 us=1302
BATCH stage=decode rows=4 tokens=4 us=1296
BATCH stage=decode rows=4 tokens=4 us=1303
BATCH stage=decode rows=4 tokens=4 us=1301
BATCH stage=decode rows=4 tokens=4 us=1310
BATCH stage=decode rows=4 tokens=4 us=1298
BATCH stage=decode rows=4 tokens=4 us=1296
BATCH stage=decode rows=4 tokens=4 us=1335
BATCH stage=decode rows=4 tokens=4 us=1301
BATCH stage=decode rows=3 tokens=3 us=1266
BATCH stage=prefill rows=1 tokens=128 us=2952
BATCH stage=decode rows=3 tokens=3 us=1285
BATCH stage=prefill rows=1 tokens=398 us=6736
BATCH stage=decode rows=4 tokens=4 us=1332
BATCH stage=decode rows=4 tokens=4 us=1309
BATCH stage=decode rows=4 tokens=4 us=1306
BATCH stage=decode rows=4 tokens=4 us=1288
BATCH stage=decode rows=4 tokens=4 us=1302
BATCH stage=decode rows=4 tokens=4 us=1304
BATCH stage=decode rows=4 tokens=4 us=1303
BATCH stage=decode rows=4 tokens=4 us=1299
BATCH stage=decode rows=4 tokens=4 us=1285
BATCH stage=decode rows=4 tokens=4 us=1285
BATCH stage=decode rows=4 tokens=4 us=1287
BATCH stage=decode rows=4 tokens=4 us=1288
BATCH stage=decode rows=4 tokens=4 us=1301
BATCH stage=decode rows=4 tokens=4 us=1294
BATCH stage=decode rows=4 tokens=4 us=1301
BATCH stage=decode rows=4 tokens=4 us=1306
BATCH stage=decode rows=4 tokens=4 us=1338
BATCH stage=decode rows=4 tokens=4 us=1350
BATCH stage=decode rows=4 tokens=4 us=1349
BATCH stage=decode rows=4 tokens=4 us=1353
BATCH stage=decode rows=4 tokens=4 us=1343
BATCH stage=decode rows=4 tokens=4 us=1345
BATCH stage=decode rows=4 tokens=4 us=1348
BATCH stage=decode rows=4 tokens=4 us=1349
BATCH stage=decode rows=4 tokens=4 us=1351
BATCH stage=decode rows=4 tokens=4 us=1349
BATCH stage=decode rows=4 tokens=4 us=1350
BATCH stage=decode rows=4 tokens=4 us=1351
BATCH stage=decode rows=4 tokens=4 us=1350
BATCH stage=decode rows=3 tokens=3 us=1255
BATCH stage=prefill rows=1 tokens=16 us=2464
BATCH stage=decode rows=4 tokens=4 us=1283
BATCH stage=decode rows=4 tokens=4 us=1283
BATCH stage=decode rows=4 tokens=4 us=1280
BATCH stage=decode rows=4 tokens=4 us=1281
BATCH stage=decode rows=4 tokens=4 us=1273
BATCH stage=decode rows=4 tokens=4 us=1278
BATCH stage=decode rows=4 tokens=4 us=1265
BATCH stage=decode rows=4 tokens=4 us=1282
BATCH stage=decode rows=4 tokens=4 us=1282
BATCH stage=decode rows=4 tokens=4 us=1280
BATCH stage=decode rows=4 tokens=4 us=1281
BATCH stage=decode rows=4 tokens=4 us=1284
BATCH stage=decode rows=4 tokens=4 us=1284
BATCH stage=decode rows=4 tokens=4 us=1282
BATCH stage=decode rows=4 tokens=4 us=1281
BATCH stage=decode rows=4 tokens=4 us=1268
BATCH stage=decode rows=4 tokens=4 us=1266
BATCH stage=decode rows=4 tokens=4 us=1300
BATCH stage=decode rows=4 tokens=4 us=1300
BATCH stage=decode rows=4 tokens=4 us=1292
BATCH stage=decode rows=4 tokens=4 us=1301
BATCH stage=decode rows=4 tokens=4 us=1282
BATCH stage=decode rows=4 tokens=4 us=1284
BATCH stage=decode rows=4 tokens=4 us=1296
BATCH stage=decode rows=4 tokens=4 us=1285
BATCH stage=decode rows=4 tokens=4 us=1280
BATCH stage=decode rows=4 tokens=4 us=1280
BATCH stage=decode rows=4 tokens=4 us=1283
BATCH stage=decode rows=4 tokens=4 us=1281
BATCH stage=decode rows=4 tokens=4 us=1294
BATCH stage=decode rows=4 tokens=4 us=1284
BATCH stage=decode rows=3 tokens=3 us=1273
BATCH stage=prefill rows=1 tokens=128 us=2943
BATCH stage=decode rows=3 tokens=3 us=1273
BATCH stage=prefill rows=1 tokens=398 us=6658
BATCH stage=decode rows=4 tokens=4 us=1311
BATCH stage=decode rows=4 tokens=4 us=1304
BATCH stage=decode rows=4 tokens=4 us=1306
BATCH stage=decode rows=4 tokens=4 us=1306
BATCH stage=decode rows=4 tokens=4 us=1304
BATCH stage=decode rows=4 tokens=4 us=1298
BATCH stage=decode rows=4 tokens=4 us=1295
BATCH stage=decode rows=4 tokens=4 us=1285
BATCH stage=decode rows=4 tokens=4 us=1289
BATCH stage=decode rows=4 tokens=4 us=1293
BATCH stage=decode rows=4 tokens=4 us=1300
BATCH stage=decode rows=4 tokens=4 us=1298
BATCH stage=decode rows=4 tokens=4 us=1297
BATCH stage=decode rows=4 tokens=4 us=1299
BATCH stage=decode rows=4 tokens=4 us=1303
BATCH stage=decode rows=4 tokens=4 us=1298
BATCH stage=decode rows=4 tokens=4 us=1327
BATCH stage=decode rows=4 tokens=4 us=1350
BATCH stage=decode rows=4 tokens=4 us=1349
BATCH stage=decode rows=4 tokens=4 us=1347
BATCH stage=decode rows=4 tokens=4 us=1339
BATCH stage=decode rows=4 tokens=4 us=1350
BATCH stage=decode rows=4 tokens=4 us=1345
BATCH stage=decode rows=4 tokens=4 us=1351
BATCH stage=decode rows=4 tokens=4 us=1347
BATCH stage=decode rows=4 tokens=4 us=1337
BATCH stage=decode rows=4 tokens=4 us=1347
BATCH stage=decode rows=4 tokens=4 us=1334
BATCH stage=decode rows=4 tokens=4 us=1335
BATCH stage=decode rows=3 tokens=3 us=1273
BATCH stage=prefill rows=1 tokens=16 us=2447
BATCH stage=decode rows=4 tokens=4 us=1278
BATCH stage=decode rows=4 tokens=4 us=1296
BATCH stage=decode rows=4 tokens=4 us=1284
BATCH stage=decode rows=4 tokens=4 us=1284
BATCH stage=decode rows=4 tokens=4 us=1284
BATCH stage=decode rows=4 tokens=4 us=1295
BATCH stage=decode rows=4 tokens=4 us=1287
BATCH stage=decode rows=4 tokens=4 us=1287
BATCH stage=decode rows=4 tokens=4 us=1287
BATCH stage=decode rows=4 tokens=4 us=1297
BATCH stage=decode rows=4 tokens=4 us=1298
BATCH stage=decode rows=4 tokens=4 us=1285
BATCH stage=decode rows=4 tokens=4 us=1284
BATCH stage=decode rows=4 tokens=4 us=1296
BATCH stage=decode rows=4 tokens=4 us=1296
BATCH stage=decode rows=4 tokens=4 us=1288
BATCH stage=decode rows=4 tokens=4 us=1284
BATCH stage=decode rows=4 tokens=4 us=1285
BATCH stage=decode rows=4 tokens=4 us=1292
BATCH stage=decode rows=4 tokens=4 us=1296
BATCH stage=decode rows=4 tokens=4 us=1294
BATCH stage=decode rows=4 tokens=4 us=1330
BATCH stage=decode rows=4 tokens=4 us=1350
BATCH stage=decode rows=4 tokens=4 us=1351
BATCH stage=decode rows=4 tokens=4 us=1347
BATCH stage=decode rows=4 tokens=4 us=1340
BATCH stage=decode rows=4 tokens=4 us=1351
BATCH stage=decode rows=4 tokens=4 us=1348
BATCH stage=decode rows=4 tokens=4 us=1346
BATCH stage=decode rows=4 tokens=4 us=1353
BATCH stage=decode rows=4 tokens=4 us=1350
BATCH stage=decode rows=3 tokens=3 us=1330
BATCH stage=prefill rows=1 tokens=128 us=2951
BATCH stage=decode rows=3 tokens=3 us=1346
BATCH stage=prefill rows=1 tokens=398 us=6663
BATCH stage=decode rows=4 tokens=4 us=1369
BATCH stage=decode rows=3 tokens=3 us=1258
BATCH stage=prefill rows=1 tokens=16 us=2496
BATCH stage=decode rows=4 tokens=4 us=1292
BATCH stage=decode rows=4 tokens=4 us=1289
BATCH stage=decode rows=4 tokens=4 us=1291
BATCH stage=decode rows=4 tokens=4 us=1287
BATCH stage=decode rows=4 tokens=4 us=1278
BATCH stage=decode rows=4 tokens=4 us=1276
BATCH stage=decode rows=4 tokens=4 us=1264
BATCH stage=decode rows=4 tokens=4 us=1264
BATCH stage=decode rows=4 tokens=4 us=1266
BATCH stage=decode rows=4 tokens=4 us=1260
BATCH stage=decode rows=4 tokens=4 us=1266
BATCH stage=decode rows=4 tokens=4 us=1266
BATCH stage=decode rows=4 tokens=4 us=1275
BATCH stage=decode rows=4 tokens=4 us=1269
BATCH stage=decode rows=4 tokens=4 us=1272
BATCH stage=decode rows=4 tokens=4 us=1324
BATCH stage=decode rows=4 tokens=4 us=1277
BATCH stage=decode rows=4 tokens=4 us=1287
BATCH stage=decode rows=4 tokens=4 us=1301
BATCH stage=decode rows=4 tokens=4 us=1298
BATCH stage=decode rows=4 tokens=4 us=1298
BATCH stage=decode rows=4 tokens=4 us=1299
BATCH stage=decode rows=4 tokens=4 us=1289
BATCH stage=decode rows=4 tokens=4 us=1279
BATCH stage=decode rows=4 tokens=4 us=1293
BATCH stage=decode rows=4 tokens=4 us=1300
BATCH stage=decode rows=4 tokens=4 us=1295
BATCH stage=decode rows=4 tokens=4 us=1297
BATCH stage=decode rows=4 tokens=4 us=1297
BATCH stage=decode rows=4 tokens=4 us=1300
BATCH stage=decode rows=4 tokens=4 us=1295
BATCH stage=decode rows=3 tokens=3 us=1273
BATCH stage=prefill rows=1 tokens=128 us=2933
BATCH stage=decode rows=4 tokens=4 us=1307
BATCH stage=decode rows=4 tokens=4 us=1304
BATCH stage=decode rows=4 tokens=4 us=1284
BATCH stage=decode rows=4 tokens=4 us=1302
BATCH stage=decode rows=4 tokens=4 us=1300
BATCH stage=decode rows=4 tokens=4 us=1285
BATCH stage=decode rows=4 tokens=4 us=1291
BATCH stage=decode rows=4 tokens=4 us=1299
BATCH stage=decode rows=4 tokens=4 us=1283
BATCH stage=decode rows=4 tokens=4 us=1303
BATCH stage=decode rows=4 tokens=4 us=1305
BATCH stage=decode rows=4 tokens=4 us=1297
BATCH stage=decode rows=4 tokens=4 us=1299
BATCH stage=decode rows=4 tokens=4 us=1300
BATCH stage=decode rows=4 tokens=4 us=1286
BATCH stage=decode rows=4 tokens=4 us=1299
BATCH stage=decode rows=4 tokens=4 us=1296
BATCH stage=decode rows=4 tokens=4 us=1334
BATCH stage=decode rows=4 tokens=4 us=1350
BATCH stage=decode rows=4 tokens=4 us=1353
BATCH stage=decode rows=4 tokens=4 us=1346
BATCH stage=decode rows=4 tokens=4 us=1350
BATCH stage=decode rows=4 tokens=4 us=1338
BATCH stage=decode rows=4 tokens=4 us=1331
BATCH stage=decode rows=4 tokens=4 us=1349
BATCH stage=decode rows=4 tokens=4 us=1348
BATCH stage=decode rows=4 tokens=4 us=1340
BATCH stage=decode rows=4 tokens=4 us=1353
BATCH stage=decode rows=3 tokens=3 us=1328
BATCH stage=prefill rows=1 tokens=398 us=6681
BATCH stage=decode rows=4 tokens=4 us=1358
BATCH stage=decode rows=3 tokens=3 us=1263
BATCH stage=prefill rows=1 tokens=16 us=2451
BATCH stage=decode rows=4 tokens=4 us=1262
BATCH stage=decode rows=4 tokens=4 us=1278
BATCH stage=decode rows=4 tokens=4 us=1268
BATCH stage=decode rows=4 tokens=4 us=1265
BATCH stage=decode rows=4 tokens=4 us=1281
BATCH stage=decode rows=4 tokens=4 us=1282
BATCH stage=decode rows=4 tokens=4 us=1277
BATCH stage=decode rows=4 tokens=4 us=1278
BATCH stage=decode rows=4 tokens=4 us=1271
BATCH stage=decode rows=4 tokens=4 us=1331
BATCH stage=decode rows=4 tokens=4 us=1279
BATCH stage=decode rows=4 tokens=4 us=1279
BATCH stage=decode rows=4 tokens=4 us=1280
BATCH stage=decode rows=4 tokens=4 us=1282
BATCH stage=decode rows=4 tokens=4 us=1284
BATCH stage=decode rows=4 tokens=4 us=1284
BATCH stage=decode rows=4 tokens=4 us=1284
BATCH stage=decode rows=4 tokens=4 us=1300
BATCH stage=decode rows=4 tokens=4 us=1293
BATCH stage=decode rows=4 tokens=4 us=1300
BATCH stage=decode rows=4 tokens=4 us=1302
BATCH stage=decode rows=4 tokens=4 us=1299
BATCH stage=decode rows=4 tokens=4 us=1299
BATCH stage=decode rows=4 tokens=4 us=1300
BATCH stage=decode rows=4 tokens=4 us=1303
BATCH stage=decode rows=4 tokens=4 us=1291
BATCH stage=decode rows=4 tokens=4 us=1303
BATCH stage=decode rows=4 tokens=4 us=1298
BATCH stage=decode rows=4 tokens=4 us=1292
BATCH stage=decode rows=4 tokens=4 us=1274
BATCH stage=decode rows=4 tokens=4 us=1282
BATCH stage=decode rows=3 tokens=3 us=1263
BATCH stage=prefill rows=1 tokens=128 us=2945
BATCH stage=decode rows=3 tokens=3 us=1275
BATCH stage=prefill rows=1 tokens=398 us=6671
BATCH stage=decode rows=4 tokens=4 us=1311
BATCH stage=decode rows=4 tokens=4 us=1300
BATCH stage=decode rows=4 tokens=4 us=1300
BATCH stage=decode rows=4 tokens=4 us=1299
BATCH stage=decode rows=4 tokens=4 us=1296
BATCH stage=decode rows=4 tokens=4 us=1302
BATCH stage=decode rows=4 tokens=4 us=1301
BATCH stage=decode rows=4 tokens=4 us=1295
BATCH stage=decode rows=4 tokens=4 us=1301
BATCH stage=decode rows=4 tokens=4 us=1297
BATCH stage=decode rows=4 tokens=4 us=1284
BATCH stage=decode rows=4 tokens=4 us=1284
BATCH stage=decode rows=4 tokens=4 us=1284
BATCH stage=decode rows=4 tokens=4 us=1284
BATCH stage=decode rows=4 tokens=4 us=1300
BATCH stage=decode rows=4 tokens=4 us=1295
BATCH stage=decode rows=4 tokens=4 us=1332
BATCH stage=decode rows=4 tokens=4 us=1347
BATCH stage=decode rows=4 tokens=4 us=1336
BATCH stage=decode rows=4 tokens=4 us=1349
BATCH stage=decode rows=4 tokens=4 us=1335
BATCH stage=decode rows=4 tokens=4 us=1348
BATCH stage=decode rows=4 tokens=4 us=1350
BATCH stage=decode rows=4 tokens=4 us=1350
BATCH stage=decode rows=4 tokens=4 us=1352
BATCH stage=decode rows=4 tokens=4 us=1347
BATCH stage=decode rows=4 tokens=4 us=1334
BATCH stage=decode rows=4 tokens=4 us=1335
BATCH stage=decode rows=4 tokens=4 us=1348
BATCH stage=decode rows=3 tokens=3 us=1268
BATCH stage=prefill rows=1 tokens=16 us=2457
BATCH stage=decode rows=4 tokens=4 us=1284
BATCH stage=decode rows=4 tokens=4 us=1278
BATCH stage=decode rows=4 tokens=4 us=1286
BATCH stage=decode rows=4 tokens=4 us=1283
BATCH stage=decode rows=4 tokens=4 us=1280
BATCH stage=decode rows=4 tokens=4 us=1276
BATCH stage=decode rows=4 tokens=4 us=1276
BATCH stage=decode rows=4 tokens=4 us=1276
BATCH stage=decode rows=4 tokens=4 us=1266
BATCH stage=decode rows=4 tokens=4 us=1275
BATCH stage=decode rows=4 tokens=4 us=1280
BATCH stage=decode rows=4 tokens=4 us=1268
BATCH stage=decode rows=4 tokens=4 us=1286
BATCH stage=decode rows=4 tokens=4 us=1282
BATCH stage=decode rows=4 tokens=4 us=1273
BATCH stage=decode rows=4 tokens=4 us=1277
BATCH stage=decode rows=4 tokens=4 us=1275
BATCH stage=decode rows=4 tokens=4 us=1285
BATCH stage=decode rows=4 tokens=4 us=1298
BATCH stage=decode rows=4 tokens=4 us=1299
BATCH stage=decode rows=4 tokens=4 us=1300
BATCH stage=decode rows=4 tokens=4 us=1300
BATCH stage=decode rows=4 tokens=4 us=1300
BATCH stage=decode rows=4 tokens=4 us=1297
BATCH stage=decode rows=4 tokens=4 us=1299
BATCH stage=decode rows=4 tokens=4 us=1302
BATCH stage=decode rows=4 tokens=4 us=1314
BATCH stage=decode rows=4 tokens=4 us=1303
BATCH stage=decode rows=4 tokens=4 us=1297
BATCH stage=decode rows=4 tokens=4 us=1287
BATCH stage=decode rows=4 tokens=4 us=1293
BATCH stage=decode rows=3 tokens=3 us=1272
BATCH stage=prefill rows=1 tokens=128 us=2932
BATCH stage=decode rows=3 tokens=3 us=1275
BATCH stage=prefill rows=1 tokens=398 us=6656
BATCH stage=decode rows=4 tokens=4 us=1312
BATCH stage=decode rows=4 tokens=4 us=1286
BATCH stage=decode rows=4 tokens=4 us=1284
BATCH stage=decode rows=4 tokens=4 us=1292
BATCH stage=decode rows=4 tokens=4 us=1301
BATCH stage=decode rows=4 tokens=4 us=1301
BATCH stage=decode rows=4 tokens=4 us=1307
BATCH stage=decode rows=4 tokens=4 us=1302
BATCH stage=decode rows=4 tokens=4 us=1297
BATCH stage=decode rows=4 tokens=4 us=1284
BATCH stage=decode rows=4 tokens=4 us=1286
BATCH stage=decode rows=4 tokens=4 us=1291
BATCH stage=decode rows=4 tokens=4 us=1290
BATCH stage=decode rows=4 tokens=4 us=1291
BATCH stage=decode rows=4 tokens=4 us=1300
BATCH stage=decode rows=4 tokens=4 us=1301
BATCH stage=decode rows=4 tokens=4 us=1333
BATCH stage=decode rows=4 tokens=4 us=1350
BATCH stage=decode rows=4 tokens=4 us=1349
BATCH stage=decode rows=4 tokens=4 us=1351
BATCH stage=decode rows=4 tokens=4 us=1346
BATCH stage=decode rows=4 tokens=4 us=1348
BATCH stage=decode rows=4 tokens=4 us=1349
BATCH stage=decode rows=4 tokens=4 us=1354
BATCH stage=decode rows=4 tokens=4 us=1347
BATCH stage=decode rows=4 tokens=4 us=1340
BATCH stage=decode rows=4 tokens=4 us=1347
BATCH stage=decode rows=4 tokens=4 us=1356
BATCH stage=decode rows=4 tokens=4 us=1360
BATCH stage=decode rows=3 tokens=3 us=1281
BATCH stage=prefill rows=1 tokens=16 us=2466
BATCH stage=decode rows=4 tokens=4 us=1293
BATCH stage=decode rows=4 tokens=4 us=1290
BATCH stage=decode rows=4 tokens=4 us=1294
BATCH stage=decode rows=4 tokens=4 us=1296
BATCH stage=decode rows=4 tokens=4 us=1300
BATCH stage=decode rows=4 tokens=4 us=1299
BATCH stage=decode rows=4 tokens=4 us=1279
BATCH stage=decode rows=4 tokens=4 us=1286
BATCH stage=decode rows=4 tokens=4 us=1298
BATCH stage=decode rows=4 tokens=4 us=1295
BATCH stage=decode rows=4 tokens=4 us=1299
BATCH stage=decode rows=4 tokens=4 us=1300
BATCH stage=decode rows=4 tokens=4 us=1291
BATCH stage=decode rows=4 tokens=4 us=1290
BATCH stage=decode rows=4 tokens=4 us=1294
BATCH stage=decode rows=4 tokens=4 us=1284
BATCH stage=decode rows=4 tokens=4 us=1300
BATCH stage=decode rows=4 tokens=4 us=1300
BATCH stage=decode rows=4 tokens=4 us=1298
BATCH stage=decode rows=4 tokens=4 us=1300
BATCH stage=decode rows=4 tokens=4 us=1291
BATCH stage=decode rows=4 tokens=4 us=1328
BATCH stage=decode rows=4 tokens=4 us=1335
BATCH stage=decode rows=4 tokens=4 us=1349
BATCH stage=decode rows=4 tokens=4 us=1342
BATCH stage=decode rows=4 tokens=4 us=1336
BATCH stage=decode rows=4 tokens=4 us=1337
BATCH stage=decode rows=4 tokens=4 us=1338
BATCH stage=decode rows=4 tokens=4 us=1336
BATCH stage=decode rows=4 tokens=4 us=1349
BATCH stage=decode rows=4 tokens=4 us=1350
BATCH stage=decode rows=3 tokens=3 us=1331
BATCH stage=prefill rows=1 tokens=128 us=2934
BATCH stage=decode rows=3 tokens=3 us=1338
BATCH stage=prefill rows=1 tokens=398 us=6643
BATCH stage=decode rows=4 tokens=4 us=1350
BATCH stage=decode rows=3 tokens=3 us=1253
BATCH stage=prefill rows=1 tokens=16 us=2442
BATCH stage=decode rows=4 tokens=4 us=1280
BATCH stage=decode rows=4 tokens=4 us=1279
BATCH stage=decode rows=4 tokens=4 us=1279
BATCH stage=decode rows=4 tokens=4 us=1264
BATCH stage=decode rows=4 tokens=4 us=1269
BATCH stage=decode rows=4 tokens=4 us=1279
BATCH stage=decode rows=4 tokens=4 us=1276
BATCH stage=decode rows=4 tokens=4 us=1280
BATCH stage=decode rows=4 tokens=4 us=1282
BATCH stage=decode rows=4 tokens=4 us=1283
BATCH stage=decode rows=4 tokens=4 us=1275
BATCH stage=decode rows=4 tokens=4 us=1282
BATCH stage=decode rows=4 tokens=4 us=1270
BATCH stage=decode rows=4 tokens=4 us=1281
BATCH stage=decode rows=4 tokens=4 us=1282
BATCH stage=decode rows=4 tokens=4 us=1282
BATCH stage=decode rows=4 tokens=4 us=1283
BATCH stage=decode rows=4 tokens=4 us=1302
BATCH stage=decode rows=4 tokens=4 us=1298
BATCH stage=decode rows=4 tokens=4 us=1301
BATCH stage=decode rows=4 tokens=4 us=1299
BATCH stage=decode rows=4 tokens=4 us=1287
BATCH stage=decode rows=4 tokens=4 us=1295
BATCH stage=decode rows=4 tokens=4 us=1291
BATCH stage=decode rows=4 tokens=4 us=1291
BATCH stage=decode rows=4 tokens=4 us=1340
BATCH stage=decode rows=4 tokens=4 us=1295
BATCH stage=decode rows=4 tokens=4 us=1299
BATCH stage=decode rows=4 tokens=4 us=1297
BATCH stage=decode rows=4 tokens=4 us=1296
BATCH stage=decode rows=4 tokens=4 us=1287
BATCH stage=decode rows=3 tokens=3 us=1258
BATCH stage=prefill rows=1 tokens=128 us=2933
BATCH stage=decode rows=4 tokens=4 us=1305
BATCH stage=decode rows=4 tokens=4 us=1301
BATCH stage=decode rows=4 tokens=4 us=1301
BATCH stage=decode rows=4 tokens=4 us=1299
BATCH stage=decode rows=4 tokens=4 us=1286
BATCH stage=decode rows=4 tokens=4 us=1287
BATCH stage=decode rows=4 tokens=4 us=1285
BATCH stage=decode rows=4 tokens=4 us=1283
BATCH stage=decode rows=4 tokens=4 us=1282
BATCH stage=decode rows=4 tokens=4 us=1286
BATCH stage=decode rows=4 tokens=4 us=1300
BATCH stage=decode rows=4 tokens=4 us=1301
BATCH stage=decode rows=4 tokens=4 us=1300
BATCH stage=decode rows=4 tokens=4 us=1295
BATCH stage=decode rows=4 tokens=4 us=1283
BATCH stage=decode rows=4 tokens=4 us=1285
BATCH stage=decode rows=4 tokens=4 us=1277
BATCH stage=decode rows=4 tokens=4 us=1334
BATCH stage=decode rows=4 tokens=4 us=1350
BATCH stage=decode rows=4 tokens=4 us=1349
BATCH stage=decode rows=4 tokens=4 us=1348
BATCH stage=decode rows=4 tokens=4 us=1335
BATCH stage=decode rows=4 tokens=4 us=1346
BATCH stage=decode rows=4 tokens=4 us=1349
BATCH stage=decode rows=4 tokens=4 us=1347
BATCH stage=decode rows=4 tokens=4 us=1345
BATCH stage=decode rows=4 tokens=4 us=1352
BATCH stage=decode rows=4 tokens=4 us=1348
BATCH stage=decode rows=3 tokens=3 us=1334
BATCH stage=prefill rows=1 tokens=398 us=6679
BATCH stage=decode rows=4 tokens=4 us=1366
BATCH stage=decode rows=3 tokens=3 us=1264
BATCH stage=prefill rows=1 tokens=16 us=2457
BATCH stage=decode rows=4 tokens=4 us=1287
BATCH stage=decode rows=4 tokens=4 us=1283
BATCH stage=decode rows=4 tokens=4 us=1281
BATCH stage=decode rows=4 tokens=4 us=1288
BATCH stage=decode rows=4 tokens=4 us=1280
BATCH stage=decode rows=4 tokens=4 us=1281
BATCH stage=decode rows=4 tokens=4 us=1283
BATCH stage=decode rows=4 tokens=4 us=1283
BATCH stage=decode rows=4 tokens=4 us=1281
BATCH stage=decode rows=4 tokens=4 us=1284
BATCH stage=decode rows=4 tokens=4 us=1283
BATCH stage=decode rows=4 tokens=4 us=1283
BATCH stage=decode rows=4 tokens=4 us=1284
BATCH stage=decode rows=4 tokens=4 us=1283
BATCH stage=decode rows=4 tokens=4 us=1275
BATCH stage=decode rows=4 tokens=4 us=1287
BATCH stage=decode rows=4 tokens=4 us=1283
BATCH stage=decode rows=4 tokens=4 us=1299
BATCH stage=decode rows=4 tokens=4 us=1295
BATCH stage=decode rows=4 tokens=4 us=1299
BATCH stage=decode rows=4 tokens=4 us=1284
BATCH stage=decode rows=4 tokens=4 us=1299
BATCH stage=decode rows=4 tokens=4 us=1283
BATCH stage=decode rows=4 tokens=4 us=1287
BATCH stage=decode rows=4 tokens=4 us=1296
BATCH stage=decode rows=4 tokens=4 us=1284
BATCH stage=decode rows=4 tokens=4 us=1283
BATCH stage=decode rows=4 tokens=4 us=1299
BATCH stage=decode rows=4 tokens=4 us=1290
BATCH stage=decode rows=4 tokens=4 us=1286
BATCH stage=decode rows=4 tokens=4 us=1295
BATCH stage=decode rows=3 tokens=3 us=1273
BATCH stage=prefill rows=1 tokens=128 us=2935
BATCH stage=decode rows=3 tokens=3 us=1284
BATCH stage=prefill rows=1 tokens=398 us=6646
BATCH stage=decode rows=4 tokens=4 us=1312
BATCH stage=decode rows=4 tokens=4 us=1300
BATCH stage=decode rows=4 tokens=4 us=1302
BATCH stage=decode rows=4 tokens=4 us=1301
BATCH stage=decode rows=4 tokens=4 us=1301
BATCH stage=decode rows=4 tokens=4 us=1307
BATCH stage=decode rows=4 tokens=4 us=1305
BATCH stage=decode rows=4 tokens=4 us=1299
BATCH stage=decode rows=4 tokens=4 us=1302
BATCH stage=decode rows=4 tokens=4 us=1300
BATCH stage=decode rows=4 tokens=4 us=1301
BATCH stage=decode rows=4 tokens=4 us=1304
BATCH stage=decode rows=4 tokens=4 us=1304
BATCH stage=decode rows=4 tokens=4 us=1300
BATCH stage=decode rows=4 tokens=4 us=1300
BATCH stage=decode rows=4 tokens=4 us=1299
BATCH stage=decode rows=4 tokens=4 us=1339
BATCH stage=decode rows=4 tokens=4 us=1349
BATCH stage=decode rows=4 tokens=4 us=1352
BATCH stage=decode rows=4 tokens=4 us=1348
BATCH stage=decode rows=4 tokens=4 us=1353
BATCH stage=decode rows=4 tokens=4 us=1351
BATCH stage=decode rows=4 tokens=4 us=1352
BATCH stage=decode rows=4 tokens=4 us=1348
BATCH stage=decode rows=4 tokens=4 us=1348
BATCH stage=decode rows=4 tokens=4 us=1345
BATCH stage=decode rows=4 tokens=4 us=1354
BATCH stage=decode rows=4 tokens=4 us=1341
BATCH stage=decode rows=4 tokens=4 us=1349
BATCH stage=decode rows=3 tokens=3 us=1267
BATCH stage=prefill rows=1 tokens=16 us=2465
BATCH stage=decode rows=4 tokens=4 us=1271
BATCH stage=decode rows=4 tokens=4 us=1281
BATCH stage=decode rows=4 tokens=4 us=1290
BATCH stage=decode rows=4 tokens=4 us=1281
BATCH stage=decode rows=4 tokens=4 us=1283
BATCH stage=decode rows=4 tokens=4 us=1283
BATCH stage=decode rows=4 tokens=4 us=1283
BATCH stage=decode rows=4 tokens=4 us=1280
BATCH stage=decode rows=4 tokens=4 us=1284
BATCH stage=decode rows=4 tokens=4 us=1282
BATCH stage=decode rows=4 tokens=4 us=1281
BATCH stage=decode rows=4 tokens=4 us=1284
BATCH stage=decode rows=4 tokens=4 us=1265
BATCH stage=decode rows=4 tokens=4 us=1280
BATCH stage=decode rows=4 tokens=4 us=1275
BATCH stage=decode rows=4 tokens=4 us=1285
BATCH stage=decode rows=4 tokens=4 us=1281
BATCH stage=decode rows=4 tokens=4 us=1298
BATCH stage=decode rows=4 tokens=4 us=1301
BATCH stage=decode rows=4 tokens=4 us=1293
BATCH stage=decode rows=4 tokens=4 us=1294
BATCH stage=decode rows=4 tokens=4 us=1289
BATCH stage=decode rows=4 tokens=4 us=1297
BATCH stage=decode rows=4 tokens=4 us=1280
BATCH stage=decode rows=4 tokens=4 us=1300
BATCH stage=decode rows=4 tokens=4 us=1300
BATCH stage=decode rows=4 tokens=4 us=1299
BATCH stage=decode rows=4 tokens=4 us=1298
BATCH stage=decode rows=4 tokens=4 us=1301
BATCH stage=decode rows=4 tokens=4 us=1287
BATCH stage=decode rows=4 tokens=4 us=1300
BATCH stage=decode rows=3 tokens=3 us=1272
BATCH stage=prefill rows=1 tokens=128 us=2938
BATCH stage=decode rows=3 tokens=3 us=1284
BATCH stage=prefill rows=1 tokens=398 us=6668
BATCH stage=decode rows=4 tokens=4 us=1298
BATCH stage=decode rows=4 tokens=4 us=1288
BATCH stage=decode rows=4 tokens=4 us=1302
BATCH stage=decode rows=4 tokens=4 us=1285
BATCH stage=decode rows=4 tokens=4 us=1284
BATCH stage=decode rows=4 tokens=4 us=1299
BATCH stage=decode rows=4 tokens=4 us=1286
BATCH stage=decode rows=4 tokens=4 us=1300
BATCH stage=decode rows=4 tokens=4 us=1297
BATCH stage=decode rows=4 tokens=4 us=1302
BATCH stage=decode rows=4 tokens=4 us=1300
BATCH stage=decode rows=4 tokens=4 us=1293
BATCH stage=decode rows=4 tokens=4 us=1296
BATCH stage=decode rows=4 tokens=4 us=1301
BATCH stage=decode rows=4 tokens=4 us=1290
BATCH stage=decode rows=4 tokens=4 us=1295
BATCH stage=decode rows=4 tokens=4 us=1323
BATCH stage=decode rows=4 tokens=4 us=1343
BATCH stage=decode rows=4 tokens=4 us=1354
BATCH stage=decode rows=4 tokens=4 us=1352
BATCH stage=decode rows=4 tokens=4 us=1351
BATCH stage=decode rows=4 tokens=4 us=1353
BATCH stage=decode rows=4 tokens=4 us=1350
BATCH stage=decode rows=4 tokens=4 us=1352
BATCH stage=decode rows=4 tokens=4 us=1349
BATCH stage=decode rows=4 tokens=4 us=1350
BATCH stage=decode rows=4 tokens=4 us=1354
BATCH stage=decode rows=4 tokens=4 us=1339
BATCH stage=decode rows=4 tokens=4 us=1351
BATCH stage=decode rows=3 tokens=3 us=1280
BATCH stage=prefill rows=1 tokens=16 us=2459
BATCH stage=decode rows=4 tokens=4 us=1290
BATCH stage=decode rows=4 tokens=4 us=1287
BATCH stage=decode rows=4 tokens=4 us=1285
BATCH stage=decode rows=4 tokens=4 us=1302
BATCH stage=decode rows=4 tokens=4 us=1294
BATCH stage=decode rows=4 tokens=4 us=1283
BATCH stage=decode rows=4 tokens=4 us=1301
BATCH stage=decode rows=4 tokens=4 us=1286
BATCH stage=decode rows=4 tokens=4 us=1284
BATCH stage=decode rows=4 tokens=4 us=1281
BATCH stage=decode rows=4 tokens=4 us=1289
BATCH stage=decode rows=4 tokens=4 us=1284
BATCH stage=decode rows=4 tokens=4 us=1293
BATCH stage=decode rows=4 tokens=4 us=1300
BATCH stage=decode rows=4 tokens=4 us=1290
BATCH stage=decode rows=4 tokens=4 us=1295
BATCH stage=decode rows=4 tokens=4 us=1295
BATCH stage=decode rows=4 tokens=4 us=1299
BATCH stage=decode rows=4 tokens=4 us=1296
BATCH stage=decode rows=4 tokens=4 us=1294
BATCH stage=decode rows=4 tokens=4 us=1276
BATCH stage=decode rows=4 tokens=4 us=1324
BATCH stage=decode rows=4 tokens=4 us=1331
BATCH stage=decode rows=4 tokens=4 us=1333
BATCH stage=decode rows=4 tokens=4 us=1348
BATCH stage=decode rows=4 tokens=4 us=1346
BATCH stage=decode rows=4 tokens=4 us=1334
BATCH stage=decode rows=4 tokens=4 us=1334
BATCH stage=decode rows=4 tokens=4 us=1349
BATCH stage=decode rows=4 tokens=4 us=1335
BATCH stage=decode rows=4 tokens=4 us=1331
BATCH stage=decode rows=3 tokens=3 us=1315
BATCH stage=prefill rows=1 tokens=128 us=2936
BATCH stage=decode rows=3 tokens=3 us=1337
BATCH stage=prefill rows=1 tokens=398 us=6633
BATCH stage=decode rows=4 tokens=4 us=1352
BATCH stage=decode rows=3 tokens=3 us=1242
BATCH stage=prefill rows=1 tokens=16 us=2448
BATCH stage=decode rows=4 tokens=4 us=1271
BATCH stage=decode rows=4 tokens=4 us=1281
BATCH stage=decode rows=4 tokens=4 us=1266
BATCH stage=decode rows=4 tokens=4 us=1272
BATCH stage=decode rows=4 tokens=4 us=1280
BATCH stage=decode rows=4 tokens=4 us=1275
BATCH stage=decode rows=4 tokens=4 us=1280
BATCH stage=decode rows=4 tokens=4 us=1281
BATCH stage=decode rows=4 tokens=4 us=1267
BATCH stage=decode rows=4 tokens=4 us=1264
BATCH stage=decode rows=4 tokens=4 us=1264
BATCH stage=decode rows=4 tokens=4 us=1266
BATCH stage=decode rows=4 tokens=4 us=1260
BATCH stage=decode rows=4 tokens=4 us=1269
BATCH stage=decode rows=4 tokens=4 us=1266
BATCH stage=decode rows=4 tokens=4 us=1265
BATCH stage=decode rows=4 tokens=4 us=1266
BATCH stage=decode rows=4 tokens=4 us=1286
BATCH stage=decode rows=4 tokens=4 us=1285
BATCH stage=decode rows=4 tokens=4 us=1291
BATCH stage=decode rows=4 tokens=4 us=1291
BATCH stage=decode rows=4 tokens=4 us=1285
BATCH stage=decode rows=4 tokens=4 us=1283
BATCH stage=decode rows=4 tokens=4 us=1290
BATCH stage=decode rows=4 tokens=4 us=1295
BATCH stage=decode rows=4 tokens=4 us=1284
BATCH stage=decode rows=4 tokens=4 us=1301
BATCH stage=decode rows=4 tokens=4 us=1301
BATCH stage=decode rows=4 tokens=4 us=1301
BATCH stage=decode rows=4 tokens=4 us=1298
BATCH stage=decode rows=4 tokens=4 us=1289
BATCH stage=decode rows=3 tokens=3 us=1273
BATCH stage=prefill rows=1 tokens=128 us=2936
BATCH stage=decode rows=4 tokens=4 us=1306
BATCH stage=decode rows=4 tokens=4 us=1304
BATCH stage=decode rows=4 tokens=4 us=1293
BATCH stage=decode rows=4 tokens=4 us=1316
BATCH stage=decode rows=4 tokens=4 us=1290
BATCH stage=decode rows=4 tokens=4 us=1302
BATCH stage=decode rows=4 tokens=4 us=1293
BATCH stage=decode rows=4 tokens=4 us=1324
BATCH stage=decode rows=4 tokens=4 us=1309
BATCH stage=decode rows=4 tokens=4 us=1299
BATCH stage=decode rows=4 tokens=4 us=1302
BATCH stage=decode rows=4 tokens=4 us=1298
BATCH stage=decode rows=4 tokens=4 us=1288
BATCH stage=decode rows=4 tokens=4 us=1293
BATCH stage=decode rows=4 tokens=4 us=1294
BATCH stage=decode rows=4 tokens=4 us=1303
BATCH stage=decode rows=4 tokens=4 us=1292
BATCH stage=decode rows=4 tokens=4 us=1323
BATCH stage=decode rows=4 tokens=4 us=1354
BATCH stage=decode rows=4 tokens=4 us=1355
BATCH stage=decode rows=4 tokens=4 us=1334
BATCH stage=decode rows=4 tokens=4 us=1337
BATCH stage=decode rows=4 tokens=4 us=1357
BATCH stage=decode rows=4 tokens=4 us=1357
BATCH stage=decode rows=4 tokens=4 us=1351
BATCH stage=decode rows=4 tokens=4 us=1336
BATCH stage=decode rows=4 tokens=4 us=1351
BATCH stage=decode rows=4 tokens=4 us=1355
BATCH stage=decode rows=3 tokens=3 us=1327
BATCH stage=prefill rows=1 tokens=398 us=6679
BATCH stage=decode rows=4 tokens=4 us=1362
BATCH stage=decode rows=3 tokens=3 us=1259
BATCH stage=prefill rows=1 tokens=16 us=2461
BATCH stage=decode rows=4 tokens=4 us=1274
BATCH stage=decode rows=4 tokens=4 us=1286
BATCH stage=decode rows=4 tokens=4 us=1270
BATCH stage=decode rows=4 tokens=4 us=1270
BATCH stage=decode rows=4 tokens=4 us=1279
BATCH stage=decode rows=4 tokens=4 us=1268
BATCH stage=decode rows=4 tokens=4 us=1270
BATCH stage=decode rows=4 tokens=4 us=1281
BATCH stage=decode rows=4 tokens=4 us=1276
BATCH stage=decode rows=4 tokens=4 us=1269
BATCH stage=decode rows=4 tokens=4 us=1266
BATCH stage=decode rows=4 tokens=4 us=1272
BATCH stage=decode rows=4 tokens=4 us=1278
BATCH stage=decode rows=4 tokens=4 us=1266
BATCH stage=decode rows=4 tokens=4 us=1266
BATCH stage=decode rows=4 tokens=4 us=1267
BATCH stage=decode rows=4 tokens=4 us=1274
BATCH stage=decode rows=4 tokens=4 us=1279
BATCH stage=decode rows=4 tokens=4 us=1283
BATCH stage=decode rows=4 tokens=4 us=1288
BATCH stage=decode rows=4 tokens=4 us=1298
BATCH stage=decode rows=4 tokens=4 us=1298
BATCH stage=decode rows=4 tokens=4 us=1283
BATCH stage=decode rows=4 tokens=4 us=1284
BATCH stage=decode rows=4 tokens=4 us=1283
BATCH stage=decode rows=4 tokens=4 us=1289
BATCH stage=decode rows=4 tokens=4 us=1286
BATCH stage=decode rows=4 tokens=4 us=1277
BATCH stage=decode rows=4 tokens=4 us=1283
BATCH stage=decode rows=4 tokens=4 us=1297
BATCH stage=decode rows=4 tokens=4 us=1286
BATCH stage=decode rows=3 tokens=3 us=1271
BATCH stage=prefill rows=1 tokens=128 us=2947
BATCH stage=decode rows=3 tokens=3 us=1279
BATCH stage=prefill rows=1 tokens=398 us=6655
BATCH stage=decode rows=4 tokens=4 us=1299
BATCH stage=decode rows=4 tokens=4 us=1300
BATCH stage=decode rows=4 tokens=4 us=1294
BATCH stage=decode rows=4 tokens=4 us=1287
BATCH stage=decode rows=4 tokens=4 us=1287
BATCH stage=decode rows=4 tokens=4 us=1287
BATCH stage=decode rows=4 tokens=4 us=1285
BATCH stage=decode rows=4 tokens=4 us=1284
BATCH stage=decode rows=4 tokens=4 us=1285
BATCH stage=decode rows=4 tokens=4 us=1283
BATCH stage=decode rows=4 tokens=4 us=1286
BATCH stage=decode rows=4 tokens=4 us=1285
BATCH stage=decode rows=4 tokens=4 us=1284
BATCH stage=decode rows=4 tokens=4 us=1298
BATCH stage=decode rows=4 tokens=4 us=1284
BATCH stage=decode rows=4 tokens=4 us=1296
BATCH stage=decode rows=4 tokens=4 us=1337
BATCH stage=decode rows=4 tokens=4 us=1335
BATCH stage=decode rows=4 tokens=4 us=1348
BATCH stage=decode rows=4 tokens=4 us=1352
BATCH stage=decode rows=4 tokens=4 us=1338
BATCH stage=decode rows=4 tokens=4 us=1337
BATCH stage=decode rows=4 tokens=4 us=1333
BATCH stage=decode rows=4 tokens=4 us=1385
BATCH stage=decode rows=4 tokens=4 us=1347
BATCH stage=decode rows=4 tokens=4 us=1345
BATCH stage=decode rows=4 tokens=4 us=1333
BATCH stage=decode rows=4 tokens=4 us=1335
BATCH stage=decode rows=4 tokens=4 us=1337
BATCH stage=decode rows=3 tokens=3 us=1247
BATCH stage=prefill rows=1 tokens=16 us=2447
BATCH stage=decode rows=4 tokens=4 us=1273
BATCH stage=decode rows=4 tokens=4 us=1267
BATCH stage=decode rows=4 tokens=4 us=1272
BATCH stage=decode rows=4 tokens=4 us=1300
BATCH stage=decode rows=4 tokens=4 us=1280
BATCH stage=decode rows=4 tokens=4 us=1271
BATCH stage=decode rows=4 tokens=4 us=1268
BATCH stage=decode rows=4 tokens=4 us=1274
BATCH stage=decode rows=4 tokens=4 us=1262
BATCH stage=decode rows=4 tokens=4 us=1266
BATCH stage=decode rows=4 tokens=4 us=1271
BATCH stage=decode rows=4 tokens=4 us=1277
BATCH stage=decode rows=4 tokens=4 us=1277
BATCH stage=decode rows=4 tokens=4 us=1270
BATCH stage=decode rows=4 tokens=4 us=1277
BATCH stage=decode rows=4 tokens=4 us=1281
BATCH stage=decode rows=4 tokens=4 us=1283
BATCH stage=decode rows=4 tokens=4 us=1292
BATCH stage=decode rows=4 tokens=4 us=1298
BATCH stage=decode rows=4 tokens=4 us=1293
BATCH stage=decode rows=4 tokens=4 us=1276
BATCH stage=decode rows=4 tokens=4 us=1289
BATCH stage=decode rows=4 tokens=4 us=1294
BATCH stage=decode rows=4 tokens=4 us=1302
BATCH stage=decode rows=4 tokens=4 us=1294
BATCH stage=decode rows=4 tokens=4 us=1284
BATCH stage=decode rows=4 tokens=4 us=1293
BATCH stage=decode rows=4 tokens=4 us=1297
BATCH stage=decode rows=4 tokens=4 us=1282
BATCH stage=decode rows=4 tokens=4 us=1278
BATCH stage=decode rows=4 tokens=4 us=1290
BATCH stage=decode rows=3 tokens=3 us=1267
BATCH stage=prefill rows=1 tokens=128 us=2932
BATCH stage=decode rows=3 tokens=3 us=1293
BATCH stage=prefill rows=1 tokens=398 us=6683
BATCH stage=decode rows=4 tokens=4 us=1306
BATCH stage=decode rows=4 tokens=4 us=1284
BATCH stage=decode rows=4 tokens=4 us=1292
BATCH stage=decode rows=4 tokens=4 us=1301
BATCH stage=decode rows=4 tokens=4 us=1300
BATCH stage=decode rows=4 tokens=4 us=1301
BATCH stage=decode rows=4 tokens=4 us=1283
BATCH stage=decode rows=4 tokens=4 us=1298
BATCH stage=decode rows=4 tokens=4 us=1284
BATCH stage=decode rows=4 tokens=4 us=1304
BATCH stage=decode rows=4 tokens=4 us=1286
BATCH stage=decode rows=4 tokens=4 us=1298
BATCH stage=decode rows=4 tokens=4 us=1300
BATCH stage=decode rows=4 tokens=4 us=1301
BATCH stage=decode rows=4 tokens=4 us=1285
BATCH stage=decode rows=4 tokens=4 us=1286
BATCH stage=decode rows=4 tokens=4 us=1323
BATCH stage=decode rows=4 tokens=4 us=1345
BATCH stage=decode rows=4 tokens=4 us=1332
BATCH stage=decode rows=4 tokens=4 us=1336
BATCH stage=decode rows=4 tokens=4 us=1344
BATCH stage=decode rows=4 tokens=4 us=1353
BATCH stage=decode rows=4 tokens=4 us=1336
BATCH stage=decode rows=4 tokens=4 us=1333
BATCH stage=decode rows=4 tokens=4 us=1352
BATCH stage=decode rows=4 tokens=4 us=1349
BATCH stage=decode rows=4 tokens=4 us=1349
BATCH stage=decode rows=4 tokens=4 us=1348
BATCH stage=decode rows=4 tokens=4 us=1347
BATCH stage=decode rows=3 tokens=3 us=1258
BATCH stage=prefill rows=1 tokens=16 us=2457
BATCH stage=decode rows=4 tokens=4 us=1299
BATCH stage=decode rows=4 tokens=4 us=1289
BATCH stage=decode rows=4 tokens=4 us=1292
BATCH stage=decode rows=4 tokens=4 us=1291
BATCH stage=decode rows=4 tokens=4 us=1295
BATCH stage=decode rows=4 tokens=4 us=1296
BATCH stage=decode rows=4 tokens=4 us=1291
BATCH stage=decode rows=4 tokens=4 us=1285
BATCH stage=decode rows=4 tokens=4 us=1296
BATCH stage=decode rows=4 tokens=4 us=1291
BATCH stage=decode rows=4 tokens=4 us=1295
BATCH stage=decode rows=4 tokens=4 us=1294
BATCH stage=decode rows=4 tokens=4 us=1293
BATCH stage=decode rows=4 tokens=4 us=1281
BATCH stage=decode rows=4 tokens=4 us=1296
BATCH stage=decode rows=4 tokens=4 us=1282
BATCH stage=decode rows=4 tokens=4 us=1296
BATCH stage=decode rows=4 tokens=4 us=1282
BATCH stage=decode rows=4 tokens=4 us=1298
BATCH stage=decode rows=4 tokens=4 us=1294
BATCH stage=decode rows=4 tokens=4 us=1290
BATCH stage=decode rows=4 tokens=4 us=1333
BATCH stage=decode rows=4 tokens=4 us=1332
BATCH stage=decode rows=4 tokens=4 us=1332
BATCH stage=decode rows=4 tokens=4 us=1340
BATCH stage=decode rows=4 tokens=4 us=1346
BATCH stage=decode rows=4 tokens=4 us=1334
BATCH stage=decode rows=4 tokens=4 us=1347
BATCH stage=decode rows=4 tokens=4 us=1338
BATCH stage=decode rows=4 tokens=4 us=1343
BATCH stage=decode rows=4 tokens=4 us=1343
BATCH stage=decode rows=3 tokens=3 us=1320
BATCH stage=prefill rows=1 tokens=128 us=2934
BATCH stage=decode rows=3 tokens=3 us=1317
BATCH stage=prefill rows=1 tokens=398 us=6648
BATCH stage=decode rows=4 tokens=4 us=1350
BATCH stage=decode rows=3 tokens=3 us=1240
BATCH stage=prefill rows=1 tokens=16 us=2445
BATCH stage=decode rows=4 tokens=4 us=1273
BATCH stage=decode rows=4 tokens=4 us=1275
BATCH stage=decode rows=4 tokens=4 us=1283
BATCH stage=decode rows=4 tokens=4 us=1277
BATCH stage=decode rows=4 tokens=4 us=1277
BATCH stage=decode rows=4 tokens=4 us=1267
BATCH stage=decode rows=4 tokens=4 us=1279
BATCH stage=decode rows=4 tokens=4 us=1282
BATCH stage=decode rows=4 tokens=4 us=1279
BATCH stage=decode rows=4 tokens=4 us=1269
BATCH stage=decode rows=4 tokens=4 us=1277
BATCH stage=decode rows=4 tokens=4 us=1268
BATCH stage=decode rows=4 tokens=4 us=1271
BATCH stage=decode rows=4 tokens=4 us=1279
BATCH stage=decode rows=4 tokens=4 us=1279
BATCH stage=decode rows=4 tokens=4 us=1275
BATCH stage=decode rows=4 tokens=4 us=1272
BATCH stage=decode rows=4 tokens=4 us=1295
BATCH stage=decode rows=4 tokens=4 us=1301
BATCH stage=decode rows=4 tokens=4 us=1298
BATCH stage=decode rows=4 tokens=4 us=1284
BATCH stage=decode rows=4 tokens=4 us=1296
BATCH stage=decode rows=4 tokens=4 us=1294
BATCH stage=decode rows=4 tokens=4 us=1294
BATCH stage=decode rows=4 tokens=4 us=1284
BATCH stage=decode rows=4 tokens=4 us=1288
BATCH stage=decode rows=4 tokens=4 us=1290
BATCH stage=decode rows=4 tokens=4 us=1295
BATCH stage=decode rows=4 tokens=4 us=1279
BATCH stage=decode rows=4 tokens=4 us=1298
BATCH stage=decode rows=4 tokens=4 us=1297
BATCH stage=decode rows=3 tokens=3 us=1278
BATCH stage=prefill rows=1 tokens=128 us=2944
BATCH stage=decode rows=4 tokens=4 us=1301
BATCH stage=decode rows=4 tokens=4 us=1300
BATCH stage=decode rows=4 tokens=4 us=1303
BATCH stage=decode rows=4 tokens=4 us=1299
BATCH stage=decode rows=4 tokens=4 us=1299
BATCH stage=decode rows=4 tokens=4 us=1300
BATCH stage=decode rows=4 tokens=4 us=1300
BATCH stage=decode rows=4 tokens=4 us=1290
BATCH stage=decode rows=4 tokens=4 us=1303
BATCH stage=decode rows=4 tokens=4 us=1298
BATCH stage=decode rows=4 tokens=4 us=1283
BATCH stage=decode rows=4 tokens=4 us=1281
BATCH stage=decode rows=4 tokens=4 us=1284
BATCH stage=decode rows=4 tokens=4 us=1284
BATCH stage=decode rows=4 tokens=4 us=1282
BATCH stage=decode rows=4 tokens=4 us=1284
BATCH stage=decode rows=4 tokens=4 us=1273
BATCH stage=decode rows=4 tokens=4 us=1317
BATCH stage=decode rows=4 tokens=4 us=1334
BATCH stage=decode rows=4 tokens=4 us=1348
BATCH stage=decode rows=4 tokens=4 us=1335
BATCH stage=decode rows=4 tokens=4 us=1343
BATCH stage=decode rows=4 tokens=4 us=1346
BATCH stage=decode rows=4 tokens=4 us=1344
BATCH stage=decode rows=4 tokens=4 us=1332
BATCH stage=decode rows=4 tokens=4 us=1331
BATCH stage=decode rows=4 tokens=4 us=1344
BATCH stage=decode rows=4 tokens=4 us=1345
BATCH stage=decode rows=3 tokens=3 us=1312
BATCH stage=prefill rows=1 tokens=398 us=6663
BATCH stage=decode rows=4 tokens=4 us=1347
BATCH stage=decode rows=3 tokens=3 us=1265
BATCH stage=prefill rows=1 tokens=16 us=2462
BATCH stage=decode rows=4 tokens=4 us=1272
BATCH stage=decode rows=4 tokens=4 us=1284
BATCH stage=decode rows=4 tokens=4 us=1258
BATCH stage=decode rows=4 tokens=4 us=1266
BATCH stage=decode rows=4 tokens=4 us=1268
BATCH stage=decode rows=4 tokens=4 us=1267
BATCH stage=decode rows=4 tokens=4 us=1265
BATCH stage=decode rows=4 tokens=4 us=1268
BATCH stage=decode rows=4 tokens=4 us=1265
BATCH stage=decode rows=4 tokens=4 us=1266
BATCH stage=decode rows=4 tokens=4 us=1262
BATCH stage=decode rows=4 tokens=4 us=1266
BATCH stage=decode rows=4 tokens=4 us=1258
BATCH stage=decode rows=4 tokens=4 us=1272
BATCH stage=decode rows=4 tokens=4 us=1282
BATCH stage=decode rows=4 tokens=4 us=1279
BATCH stage=decode rows=4 tokens=4 us=1278
BATCH stage=decode rows=4 tokens=4 us=1301
BATCH stage=decode rows=4 tokens=4 us=1299
BATCH stage=decode rows=4 tokens=4 us=1290
BATCH stage=decode rows=4 tokens=4 us=1296
BATCH stage=decode rows=4 tokens=4 us=1275
BATCH stage=decode rows=4 tokens=4 us=1276
BATCH stage=decode rows=4 tokens=4 us=1281
BATCH stage=decode rows=4 tokens=4 us=1301
BATCH stage=decode rows=4 tokens=4 us=1296
BATCH stage=decode rows=4 tokens=4 us=1298
BATCH stage=decode rows=4 tokens=4 us=1300
BATCH stage=decode rows=4 tokens=4 us=1300
BATCH stage=decode rows=4 tokens=4 us=1297
BATCH stage=decode rows=4 tokens=4 us=1298
BATCH stage=decode rows=3 tokens=3 us=1275
BATCH stage=prefill rows=1 tokens=128 us=2941
BATCH stage=decode rows=3 tokens=3 us=1278
BATCH stage=prefill rows=1 tokens=398 us=6635
BATCH stage=decode rows=4 tokens=4 us=1298
BATCH stage=decode rows=4 tokens=4 us=1297
BATCH stage=decode rows=4 tokens=4 us=1300
BATCH stage=decode rows=4 tokens=4 us=1286
BATCH stage=decode rows=4 tokens=4 us=1299
BATCH stage=decode rows=4 tokens=4 us=1295
BATCH stage=decode rows=4 tokens=4 us=1298
BATCH stage=decode rows=4 tokens=4 us=1283
BATCH stage=decode rows=4 tokens=4 us=1284
BATCH stage=decode rows=4 tokens=4 us=1283
BATCH stage=decode rows=4 tokens=4 us=1286
BATCH stage=decode rows=4 tokens=4 us=1285
BATCH stage=decode rows=4 tokens=4 us=1285
BATCH stage=decode rows=4 tokens=4 us=1285
BATCH stage=decode rows=4 tokens=4 us=1284
BATCH stage=decode rows=4 tokens=4 us=1279
BATCH stage=decode rows=4 tokens=4 us=1322
BATCH stage=decode rows=4 tokens=4 us=1334
BATCH stage=decode rows=4 tokens=4 us=1336
BATCH stage=decode rows=4 tokens=4 us=1333
BATCH stage=decode rows=4 tokens=4 us=1332
BATCH stage=decode rows=4 tokens=4 us=1335
BATCH stage=decode rows=4 tokens=4 us=1346
BATCH stage=decode rows=4 tokens=4 us=1342
BATCH stage=decode rows=4 tokens=4 us=1347
BATCH stage=decode rows=4 tokens=4 us=1333
BATCH stage=decode rows=4 tokens=4 us=1352
BATCH stage=decode rows=4 tokens=4 us=1354
BATCH stage=decode rows=4 tokens=4 us=1350
BATCH stage=decode rows=3 tokens=3 us=1266
BATCH stage=prefill rows=1 tokens=16 us=2458
BATCH stage=decode rows=4 tokens=4 us=1281
BATCH stage=decode rows=4 tokens=4 us=1283
BATCH stage=decode rows=4 tokens=4 us=1280
BATCH stage=decode rows=4 tokens=4 us=1270
BATCH stage=decode rows=4 tokens=4 us=1281
BATCH stage=decode rows=4 tokens=4 us=1280
BATCH stage=decode rows=4 tokens=4 us=1284
BATCH stage=decode rows=4 tokens=4 us=1280
BATCH stage=decode rows=4 tokens=4 us=1264
BATCH stage=decode rows=4 tokens=4 us=1274
BATCH stage=decode rows=4 tokens=4 us=1276
BATCH stage=decode rows=4 tokens=4 us=1282
BATCH stage=decode rows=4 tokens=4 us=1283
BATCH stage=decode rows=4 tokens=4 us=1284
BATCH stage=decode rows=4 tokens=4 us=1283
BATCH stage=decode rows=4 tokens=4 us=1265
BATCH stage=decode rows=4 tokens=4 us=1267
BATCH stage=decode rows=4 tokens=4 us=1286
BATCH stage=decode rows=4 tokens=4 us=1282
BATCH stage=decode rows=4 tokens=4 us=1294
BATCH stage=decode rows=4 tokens=4 us=1298
BATCH stage=decode rows=4 tokens=4 us=1296
BATCH stage=decode rows=4 tokens=4 us=1293
BATCH stage=decode rows=4 tokens=4 us=1297
BATCH stage=decode rows=4 tokens=4 us=1280
BATCH stage=decode rows=4 tokens=4 us=1282
BATCH stage=decode rows=4 tokens=4 us=1276
BATCH stage=decode rows=4 tokens=4 us=1283
BATCH stage=decode rows=4 tokens=4 us=1283
BATCH stage=decode rows=4 tokens=4 us=1283
BATCH stage=decode rows=4 tokens=4 us=1283
BATCH stage=decode rows=3 tokens=3 us=1258
BATCH stage=prefill rows=1 tokens=128 us=2932
BATCH stage=decode rows=3 tokens=3 us=1257
BATCH stage=prefill rows=1 tokens=398 us=6646
BATCH stage=decode rows=4 tokens=4 us=1301
BATCH stage=decode rows=4 tokens=4 us=1284
BATCH stage=decode rows=4 tokens=4 us=1286
BATCH stage=decode rows=4 tokens=4 us=1285
BATCH stage=decode rows=4 tokens=4 us=1284
BATCH stage=decode rows=4 tokens=4 us=1285
BATCH stage=decode rows=4 tokens=4 us=1287
BATCH stage=decode rows=4 tokens=4 us=1285
BATCH stage=decode rows=4 tokens=4 us=1286
BATCH stage=decode rows=4 tokens=4 us=1286
BATCH stage=decode rows=4 tokens=4 us=1286
BATCH stage=decode rows=4 tokens=4 us=1299
BATCH stage=decode rows=4 tokens=4 us=1303
BATCH stage=decode rows=4 tokens=4 us=1303
BATCH stage=decode rows=4 tokens=4 us=1299
BATCH stage=decode rows=4 tokens=4 us=1297
BATCH stage=decode rows=4 tokens=4 us=1332
BATCH stage=decode rows=4 tokens=4 us=1333
BATCH stage=decode rows=4 tokens=4 us=1333
BATCH stage=decode rows=4 tokens=4 us=1335
BATCH stage=decode rows=4 tokens=4 us=1336
BATCH stage=decode rows=4 tokens=4 us=1349
BATCH stage=decode rows=4 tokens=4 us=1352
BATCH stage=decode rows=4 tokens=4 us=1348
BATCH stage=decode rows=4 tokens=4 us=1350
BATCH stage=decode rows=4 tokens=4 us=1343
BATCH stage=decode rows=4 tokens=4 us=1351
BATCH stage=decode rows=4 tokens=4 us=1345
BATCH stage=decode rows=4 tokens=4 us=1333
BATCH stage=decode rows=3 tokens=3 us=1260
BATCH stage=prefill rows=1 tokens=16 us=2459
BATCH stage=decode rows=4 tokens=4 us=1292
BATCH stage=decode rows=4 tokens=4 us=1300
BATCH stage=decode rows=4 tokens=4 us=1297
BATCH stage=decode rows=4 tokens=4 us=1282
BATCH stage=decode rows=4 tokens=4 us=1284
BATCH stage=decode rows=4 tokens=4 us=1296
BATCH stage=decode rows=4 tokens=4 us=1297
BATCH stage=decode rows=4 tokens=4 us=1297
BATCH stage=decode rows=4 tokens=4 us=1296
BATCH stage=decode rows=4 tokens=4 us=1292
BATCH stage=decode rows=4 tokens=4 us=1279
BATCH stage=decode rows=4 tokens=4 us=1298
BATCH stage=decode rows=4 tokens=4 us=1283
BATCH stage=decode rows=4 tokens=4 us=1297
BATCH stage=decode rows=4 tokens=4 us=1299
BATCH stage=decode rows=4 tokens=4 us=1298
BATCH stage=decode rows=4 tokens=4 us=1299
BATCH stage=decode rows=4 tokens=4 us=1300
BATCH stage=decode rows=4 tokens=4 us=1297
BATCH stage=decode rows=4 tokens=4 us=1297
BATCH stage=decode rows=4 tokens=4 us=1273
BATCH stage=decode rows=4 tokens=4 us=1334
BATCH stage=decode rows=4 tokens=4 us=1340
BATCH stage=decode rows=4 tokens=4 us=1347
BATCH stage=decode rows=4 tokens=4 us=1339
BATCH stage=decode rows=4 tokens=4 us=1332
BATCH stage=decode rows=4 tokens=4 us=1346
BATCH stage=decode rows=4 tokens=4 us=1344
BATCH stage=decode rows=4 tokens=4 us=1340
BATCH stage=decode rows=4 tokens=4 us=1346
BATCH stage=decode rows=4 tokens=4 us=1349
BATCH stage=decode rows=3 tokens=3 us=1327
BATCH stage=prefill rows=1 tokens=128 us=2930
BATCH stage=decode rows=3 tokens=3 us=1326
BATCH stage=prefill rows=1 tokens=398 us=6662
BATCH stage=decode rows=4 tokens=4 us=1364
BATCH stage=decode rows=3 tokens=3 us=1265
BATCH stage=prefill rows=1 tokens=16 us=2459
BATCH stage=decode rows=4 tokens=4 us=1275
BATCH stage=decode rows=4 tokens=4 us=1280
BATCH stage=decode rows=4 tokens=4 us=1279
BATCH stage=decode rows=4 tokens=4 us=1280
BATCH stage=decode rows=4 tokens=4 us=1282
BATCH stage=decode rows=4 tokens=4 us=1280
BATCH stage=decode rows=4 tokens=4 us=1279
BATCH stage=decode rows=4 tokens=4 us=1279
BATCH stage=decode rows=4 tokens=4 us=1275
BATCH stage=decode rows=4 tokens=4 us=1281
BATCH stage=decode rows=4 tokens=4 us=1282
BATCH stage=decode rows=4 tokens=4 us=1283
BATCH stage=decode rows=4 tokens=4 us=1285
BATCH stage=decode rows=4 tokens=4 us=1280
BATCH stage=decode rows=4 tokens=4 us=1281
BATCH stage=decode rows=4 tokens=4 us=1282
BATCH stage=decode rows=4 tokens=4 us=1286
BATCH stage=decode rows=4 tokens=4 us=1277
BATCH stage=decode rows=4 tokens=4 us=1297
BATCH stage=decode rows=4 tokens=4 us=1291
BATCH stage=decode rows=4 tokens=4 us=1302
BATCH stage=decode rows=4 tokens=4 us=1291
BATCH stage=decode rows=4 tokens=4 us=1285
BATCH stage=decode rows=4 tokens=4 us=1282
BATCH stage=decode rows=4 tokens=4 us=1281
BATCH stage=decode rows=4 tokens=4 us=1280
BATCH stage=decode rows=4 tokens=4 us=1300
BATCH stage=decode rows=4 tokens=4 us=1297
BATCH stage=decode rows=4 tokens=4 us=1295
BATCH stage=decode rows=4 tokens=4 us=1299
BATCH stage=decode rows=4 tokens=4 us=1287
BATCH stage=decode rows=3 tokens=3 us=1274
BATCH stage=prefill rows=1 tokens=128 us=2923
BATCH stage=decode rows=4 tokens=4 us=1287
BATCH stage=decode rows=4 tokens=4 us=1279
BATCH stage=decode rows=4 tokens=4 us=1302
BATCH stage=decode rows=4 tokens=4 us=1300
BATCH stage=decode rows=4 tokens=4 us=1299
BATCH stage=decode rows=4 tokens=4 us=1297
BATCH stage=decode rows=4 tokens=4 us=1295
BATCH stage=decode rows=4 tokens=4 us=1302
BATCH stage=decode rows=4 tokens=4 us=1297
BATCH stage=decode rows=4 tokens=4 us=1299
BATCH stage=decode rows=4 tokens=4 us=1300
BATCH stage=decode rows=4 tokens=4 us=1300
BATCH stage=decode rows=4 tokens=4 us=1300
BATCH stage=decode rows=4 tokens=4 us=1298
BATCH stage=decode rows=4 tokens=4 us=1298
BATCH stage=decode rows=4 tokens=4 us=1280
BATCH stage=decode rows=4 tokens=4 us=1290
BATCH stage=decode rows=4 tokens=4 us=1331
BATCH stage=decode rows=4 tokens=4 us=1347
BATCH stage=decode rows=4 tokens=4 us=1343
BATCH stage=decode rows=4 tokens=4 us=1331
BATCH stage=decode rows=4 tokens=4 us=1332
BATCH stage=decode rows=4 tokens=4 us=1347
BATCH stage=decode rows=4 tokens=4 us=1345
BATCH stage=decode rows=4 tokens=4 us=1349
BATCH stage=decode rows=4 tokens=4 us=1349
BATCH stage=decode rows=4 tokens=4 us=1348
BATCH stage=decode rows=4 tokens=4 us=1348
BATCH stage=decode rows=3 tokens=3 us=1329
BATCH stage=prefill rows=1 tokens=398 us=6684
BATCH stage=decode rows=4 tokens=4 us=1360
BATCH stage=decode rows=3 tokens=3 us=1264
BATCH stage=prefill rows=1 tokens=16 us=2453
BATCH stage=decode rows=4 tokens=4 us=1274
BATCH stage=decode rows=4 tokens=4 us=1286
BATCH stage=decode rows=4 tokens=4 us=1284
BATCH stage=decode rows=4 tokens=4 us=1283
BATCH stage=decode rows=4 tokens=4 us=1285
BATCH stage=decode rows=4 tokens=4 us=1285
BATCH stage=decode rows=4 tokens=4 us=1284
BATCH stage=decode rows=4 tokens=4 us=1280
BATCH stage=decode rows=4 tokens=4 us=1281
BATCH stage=decode rows=4 tokens=4 us=1278
BATCH stage=decode rows=4 tokens=4 us=1268
BATCH stage=decode rows=4 tokens=4 us=1274
BATCH stage=decode rows=4 tokens=4 us=1279
BATCH stage=decode rows=4 tokens=4 us=1282
BATCH stage=decode rows=4 tokens=4 us=1279
BATCH stage=decode rows=4 tokens=4 us=1286
BATCH stage=decode rows=4 tokens=4 us=1282
BATCH stage=decode rows=4 tokens=4 us=1297
BATCH stage=decode rows=4 tokens=4 us=1292
BATCH stage=decode rows=4 tokens=4 us=1292
BATCH stage=decode rows=4 tokens=4 us=1282
BATCH stage=decode rows=4 tokens=4 us=1301
BATCH stage=decode rows=4 tokens=4 us=1286
BATCH stage=decode rows=4 tokens=4 us=1293
BATCH stage=decode rows=4 tokens=4 us=1298
BATCH stage=decode rows=4 tokens=4 us=1301
BATCH stage=decode rows=4 tokens=4 us=1299
BATCH stage=decode rows=4 tokens=4 us=1296
BATCH stage=decode rows=4 tokens=4 us=1294
BATCH stage=decode rows=4 tokens=4 us=1298
BATCH stage=decode rows=4 tokens=4 us=1298
BATCH stage=decode rows=3 tokens=3 us=1274
BATCH stage=prefill rows=1 tokens=128 us=2940
BATCH stage=decode rows=3 tokens=3 us=1282
BATCH stage=prefill rows=1 tokens=398 us=6659
BATCH stage=decode rows=4 tokens=4 us=1315
BATCH stage=decode rows=4 tokens=4 us=1286
BATCH stage=decode rows=4 tokens=4 us=1292
BATCH stage=decode rows=4 tokens=4 us=1299
BATCH stage=decode rows=4 tokens=4 us=1300
BATCH stage=decode rows=4 tokens=4 us=1300
BATCH stage=decode rows=4 tokens=4 us=1298
BATCH stage=decode rows=4 tokens=4 us=1298
BATCH stage=decode rows=4 tokens=4 us=1300
BATCH stage=decode rows=4 tokens=4 us=1297
BATCH stage=decode rows=4 tokens=4 us=1300
BATCH stage=decode rows=4 tokens=4 us=1290
BATCH stage=decode rows=4 tokens=4 us=1299
BATCH stage=decode rows=4 tokens=4 us=1296
BATCH stage=decode rows=4 tokens=4 us=1300
BATCH stage=decode rows=4 tokens=4 us=1300
BATCH stage=decode rows=4 tokens=4 us=1337
BATCH stage=decode rows=4 tokens=4 us=1351
BATCH stage=decode rows=4 tokens=4 us=1352
BATCH stage=decode rows=4 tokens=4 us=1353
BATCH stage=decode rows=4 tokens=4 us=1350
BATCH stage=decode rows=4 tokens=4 us=1350
BATCH stage=decode rows=4 tokens=4 us=1357
BATCH stage=decode rows=4 tokens=4 us=1348
BATCH stage=decode rows=4 tokens=4 us=1349
BATCH stage=decode rows=4 tokens=4 us=1352
BATCH stage=decode rows=4 tokens=4 us=1351
BATCH stage=decode rows=4 tokens=4 us=1344
BATCH stage=decode rows=4 tokens=4 us=1333
BATCH stage=decode rows=3 tokens=3 us=1248
BATCH stage=prefill rows=1 tokens=16 us=2452
BATCH stage=decode rows=4 tokens=4 us=1274
BATCH stage=decode rows=4 tokens=4 us=1274
BATCH stage=decode rows=4 tokens=4 us=1283
BATCH stage=decode rows=4 tokens=4 us=1265
BATCH stage=decode rows=4 tokens=4 us=1265
BATCH stage=decode rows=4 tokens=4 us=1281
BATCH stage=decode rows=4 tokens=4 us=1281
BATCH stage=decode rows=4 tokens=4 us=1279
BATCH stage=decode rows=4 tokens=4 us=1282
BATCH stage=decode rows=4 tokens=4 us=1398
BATCH stage=decode rows=4 tokens=4 us=1332
BATCH stage=decode rows=4 tokens=4 us=1274
BATCH stage=decode rows=4 tokens=4 us=1282
BATCH stage=decode rows=4 tokens=4 us=1282
BATCH stage=decode rows=4 tokens=4 us=1280
BATCH stage=decode rows=4 tokens=4 us=1284
BATCH stage=decode rows=4 tokens=4 us=1279
BATCH stage=decode rows=4 tokens=4 us=1300
BATCH stage=decode rows=4 tokens=4 us=1298
BATCH stage=decode rows=4 tokens=4 us=1298
BATCH stage=decode rows=4 tokens=4 us=1296
BATCH stage=decode rows=4 tokens=4 us=1298
BATCH stage=decode rows=4 tokens=4 us=1300
BATCH stage=decode rows=4 tokens=4 us=1298
BATCH stage=decode rows=4 tokens=4 us=1299
BATCH stage=decode rows=4 tokens=4 us=1300
BATCH stage=decode rows=4 tokens=4 us=1299
BATCH stage=decode rows=4 tokens=4 us=1302
BATCH stage=decode rows=4 tokens=4 us=1285
BATCH stage=decode rows=4 tokens=4 us=1300
BATCH stage=decode rows=4 tokens=4 us=1300
BATCH stage=decode rows=3 tokens=3 us=1281
BATCH stage=prefill rows=1 tokens=128 us=2944
BATCH stage=decode rows=3 tokens=3 us=1274
BATCH stage=prefill rows=1 tokens=398 us=6658
BATCH stage=decode rows=4 tokens=4 us=1306
BATCH stage=decode rows=4 tokens=4 us=1302
BATCH stage=decode rows=4 tokens=4 us=1301
BATCH stage=decode rows=4 tokens=4 us=1297
BATCH stage=decode rows=4 tokens=4 us=1293
BATCH stage=decode rows=4 tokens=4 us=1303
BATCH stage=decode rows=4 tokens=4 us=1287
BATCH stage=decode rows=4 tokens=4 us=1302
BATCH stage=decode rows=4 tokens=4 us=1285
BATCH stage=decode rows=4 tokens=4 us=1303
BATCH stage=decode rows=4 tokens=4 us=1304
BATCH stage=decode rows=4 tokens=4 us=1305
BATCH stage=decode rows=4 tokens=4 us=1288
BATCH stage=decode rows=4 tokens=4 us=1304
BATCH stage=decode rows=4 tokens=4 us=1302
BATCH stage=decode rows=4 tokens=4 us=1278
BATCH stage=decode rows=4 tokens=4 us=1319
BATCH stage=decode rows=4 tokens=4 us=1337
BATCH stage=decode rows=4 tokens=4 us=1335
BATCH stage=decode rows=4 tokens=4 us=1336
BATCH stage=decode rows=4 tokens=4 us=1339
BATCH stage=decode rows=4 tokens=4 us=1350
BATCH stage=decode rows=4 tokens=4 us=1351
BATCH stage=decode rows=4 tokens=4 us=1352
BATCH stage=decode rows=4 tokens=4 us=1350
BATCH stage=decode rows=4 tokens=4 us=1343
BATCH stage=decode rows=4 tokens=4 us=1336
BATCH stage=decode rows=4 tokens=4 us=1350
BATCH stage=decode rows=4 tokens=4 us=1342
BATCH stage=decode rows=3 tokens=3 us=1282
BATCH stage=prefill rows=1 tokens=16 us=2463
BATCH stage=decode rows=4 tokens=4 us=1294
BATCH stage=decode rows=4 tokens=4 us=1297
BATCH stage=decode rows=4 tokens=4 us=1291
BATCH stage=decode rows=4 tokens=4 us=1283
BATCH stage=decode rows=4 tokens=4 us=1288
BATCH stage=decode rows=4 tokens=4 us=1294
BATCH stage=decode rows=4 tokens=4 us=1299
BATCH stage=decode rows=4 tokens=4 us=1297
BATCH stage=decode rows=4 tokens=4 us=1290
BATCH stage=decode rows=4 tokens=4 us=1300
BATCH stage=decode rows=4 tokens=4 us=1293
BATCH stage=decode rows=4 tokens=4 us=1285
BATCH stage=decode rows=4 tokens=4 us=1295
BATCH stage=decode rows=4 tokens=4 us=1295
BATCH stage=decode rows=4 tokens=4 us=1280
BATCH stage=decode rows=4 tokens=4 us=1282
BATCH stage=decode rows=4 tokens=4 us=1294
BATCH stage=decode rows=4 tokens=4 us=1291
BATCH stage=decode rows=4 tokens=4 us=1286
BATCH stage=decode rows=4 tokens=4 us=1282
BATCH stage=decode rows=4 tokens=4 us=1286
BATCH stage=decode rows=4 tokens=4 us=1329
BATCH stage=decode rows=4 tokens=4 us=1334
BATCH stage=decode rows=4 tokens=4 us=1348
BATCH stage=decode rows=4 tokens=4 us=1350
BATCH stage=decode rows=4 tokens=4 us=1350
BATCH stage=decode rows=4 tokens=4 us=1346
BATCH stage=decode rows=4 tokens=4 us=1344
BATCH stage=decode rows=4 tokens=4 us=1349
BATCH stage=decode rows=4 tokens=4 us=1379
BATCH stage=decode rows=4 tokens=4 us=1343
BATCH stage=decode rows=3 tokens=3 us=1325
BATCH stage=prefill rows=1 tokens=128 us=2941
BATCH stage=decode rows=3 tokens=3 us=1339
BATCH stage=prefill rows=1 tokens=398 us=6648
BATCH stage=decode rows=4 tokens=4 us=1359
BATCH stage=decode rows=3 tokens=3 us=1260
BATCH stage=prefill rows=1 tokens=16 us=2462
BATCH stage=decode rows=4 tokens=4 us=1262
BATCH stage=decode rows=4 tokens=4 us=1271
BATCH stage=decode rows=4 tokens=4 us=1267
BATCH stage=decode rows=4 tokens=4 us=1282
BATCH stage=decode rows=4 tokens=4 us=1281
BATCH stage=decode rows=4 tokens=4 us=1269
BATCH stage=decode rows=4 tokens=4 us=1271
BATCH stage=decode rows=4 tokens=4 us=1264
BATCH stage=decode rows=4 tokens=4 us=1268
BATCH stage=decode rows=4 tokens=4 us=1283
BATCH stage=decode rows=4 tokens=4 us=1258
BATCH stage=decode rows=4 tokens=4 us=1281
BATCH stage=decode rows=4 tokens=4 us=1267
BATCH stage=decode rows=4 tokens=4 us=1272
BATCH stage=decode rows=4 tokens=4 us=1279
BATCH stage=decode rows=4 tokens=4 us=1280
BATCH stage=decode rows=4 tokens=4 us=1266
BATCH stage=decode rows=4 tokens=4 us=1288
BATCH stage=decode rows=4 tokens=4 us=1292
BATCH stage=decode rows=4 tokens=4 us=1287
BATCH stage=decode rows=4 tokens=4 us=1284
BATCH stage=decode rows=4 tokens=4 us=1299
BATCH stage=decode rows=4 tokens=4 us=1299
BATCH stage=decode rows=4 tokens=4 us=1303
BATCH stage=decode rows=4 tokens=4 us=1303
BATCH stage=decode rows=4 tokens=4 us=1304
BATCH stage=decode rows=4 tokens=4 us=1301
BATCH stage=decode rows=4 tokens=4 us=1305
BATCH stage=decode rows=4 tokens=4 us=1296
BATCH stage=decode rows=4 tokens=4 us=1296
BATCH stage=decode rows=4 tokens=4 us=1288
BATCH stage=decode rows=3 tokens=3 us=1283
BATCH stage=prefill rows=1 tokens=128 us=2948
BATCH stage=decode rows=4 tokens=4 us=1319
BATCH stage=decode rows=4 tokens=4 us=1300
BATCH stage=decode rows=4 tokens=4 us=1306
BATCH stage=decode rows=4 tokens=4 us=1309
BATCH stage=decode rows=4 tokens=4 us=1302
BATCH stage=decode rows=4 tokens=4 us=1301
BATCH stage=decode rows=4 tokens=4 us=1297
BATCH stage=decode rows=4 tokens=4 us=1283
BATCH stage=decode rows=4 tokens=4 us=1285
BATCH stage=decode rows=4 tokens=4 us=1306
BATCH stage=decode rows=4 tokens=4 us=1297
BATCH stage=decode rows=4 tokens=4 us=1295
BATCH stage=decode rows=4 tokens=4 us=1296
BATCH stage=decode rows=4 tokens=4 us=1299
BATCH stage=decode rows=4 tokens=4 us=1297
BATCH stage=decode rows=4 tokens=4 us=1303
BATCH stage=decode rows=4 tokens=4 us=1294
BATCH stage=decode rows=4 tokens=4 us=1338
BATCH stage=decode rows=4 tokens=4 us=1340
BATCH stage=decode rows=4 tokens=4 us=1353
BATCH stage=decode rows=4 tokens=4 us=1347
BATCH stage=decode rows=4 tokens=4 us=1343
BATCH stage=decode rows=4 tokens=4 us=1346
BATCH stage=decode rows=4 tokens=4 us=1355
BATCH stage=decode rows=4 tokens=4 us=1347
BATCH stage=decode rows=4 tokens=4 us=1334
BATCH stage=decode rows=4 tokens=4 us=1349
BATCH stage=decode rows=4 tokens=4 us=1347
BATCH stage=decode rows=3 tokens=3 us=1317
BATCH stage=prefill rows=1 tokens=398 us=6657
BATCH stage=decode rows=4 tokens=4 us=1369
BATCH stage=decode rows=3 tokens=3 us=1263
BATCH stage=prefill rows=1 tokens=16 us=2487
BATCH stage=decode rows=4 tokens=4 us=1335
BATCH stage=decode rows=4 tokens=4 us=1341
BATCH stage=decode rows=4 tokens=4 us=1371
BATCH stage=decode rows=4 tokens=4 us=1402
BATCH stage=decode rows=4 tokens=4 us=1421
BATCH stage=decode rows=4 tokens=4 us=1412
BATCH stage=decode rows=4 tokens=4 us=1442
BATCH stage=decode rows=4 tokens=4 us=1411
BATCH stage=decode rows=4 tokens=4 us=1408
BATCH stage=decode rows=4 tokens=4 us=1408
BATCH stage=decode rows=4 tokens=4 us=1405
BATCH stage=decode rows=4 tokens=4 us=1412
BATCH stage=decode rows=4 tokens=4 us=1401
BATCH stage=decode rows=4 tokens=4 us=1402
BATCH stage=decode rows=4 tokens=4 us=1400
BATCH stage=decode rows=4 tokens=4 us=1384
BATCH stage=decode rows=4 tokens=4 us=1306
BATCH stage=decode rows=4 tokens=4 us=1306
BATCH stage=decode rows=4 tokens=4 us=1312
BATCH stage=decode rows=4 tokens=4 us=1287
BATCH stage=decode rows=4 tokens=4 us=1308
BATCH stage=decode rows=4 tokens=4 us=1302
BATCH stage=decode rows=4 tokens=4 us=1302
BATCH stage=decode rows=4 tokens=4 us=1306
BATCH stage=decode rows=4 tokens=4 us=1293
BATCH stage=decode rows=4 tokens=4 us=1298
BATCH stage=decode rows=4 tokens=4 us=1303
BATCH stage=decode rows=4 tokens=4 us=1291
BATCH stage=decode rows=4 tokens=4 us=1287
BATCH stage=decode rows=4 tokens=4 us=1288
BATCH stage=decode rows=4 tokens=4 us=1283
BATCH stage=decode rows=3 tokens=3 us=1270
BATCH stage=prefill rows=1 tokens=128 us=2948
BATCH stage=decode rows=3 tokens=3 us=1262
BATCH stage=prefill rows=1 tokens=398 us=6634
BATCH stage=decode rows=4 tokens=4 us=1293
BATCH stage=decode rows=4 tokens=4 us=1292
BATCH stage=decode rows=4 tokens=4 us=1295
BATCH stage=decode rows=4 tokens=4 us=1290
BATCH stage=decode rows=4 tokens=4 us=1290
BATCH stage=decode rows=4 tokens=4 us=1289
BATCH stage=decode rows=4 tokens=4 us=1287
BATCH stage=decode rows=4 tokens=4 us=1294
BATCH stage=decode rows=4 tokens=4 us=1303
BATCH stage=decode rows=4 tokens=4 us=1290
BATCH stage=decode rows=4 tokens=4 us=1286
BATCH stage=decode rows=4 tokens=4 us=1286
BATCH stage=decode rows=4 tokens=4 us=1286
BATCH stage=decode rows=4 tokens=4 us=1286
BATCH stage=decode rows=4 tokens=4 us=1296
BATCH stage=decode rows=4 tokens=4 us=1299
BATCH stage=decode rows=4 tokens=4 us=1338
BATCH stage=decode rows=4 tokens=4 us=1354
BATCH stage=decode rows=4 tokens=4 us=1350
BATCH stage=decode rows=4 tokens=4 us=1336
BATCH stage=decode rows=4 tokens=4 us=1343
BATCH stage=decode rows=4 tokens=4 us=1345
BATCH stage=decode rows=4 tokens=4 us=1349
BATCH stage=decode rows=4 tokens=4 us=1335
BATCH stage=decode rows=4 tokens=4 us=1339
BATCH stage=decode rows=4 tokens=4 us=1349
BATCH stage=decode rows=4 tokens=4 us=1347
BATCH stage=decode rows=4 tokens=4 us=1334
BATCH stage=decode rows=4 tokens=4 us=1347
BATCH stage=decode rows=3 tokens=3 us=1254
BATCH stage=prefill rows=1 tokens=16 us=2457
BATCH stage=decode rows=4 tokens=4 us=1271
BATCH stage=decode rows=4 tokens=4 us=1279
BATCH stage=decode rows=4 tokens=4 us=1277
BATCH stage=decode rows=4 tokens=4 us=1278
BATCH stage=decode rows=4 tokens=4 us=1264
BATCH stage=decode rows=4 tokens=4 us=1277
BATCH stage=decode rows=4 tokens=4 us=1277
BATCH stage=decode rows=4 tokens=4 us=1279
BATCH stage=decode rows=4 tokens=4 us=1265
BATCH stage=decode rows=4 tokens=4 us=1271
BATCH stage=decode rows=4 tokens=4 us=1282
BATCH stage=decode rows=4 tokens=4 us=1282
BATCH stage=decode rows=4 tokens=4 us=1270
BATCH stage=decode rows=4 tokens=4 us=1274
BATCH stage=decode rows=4 tokens=4 us=1277
BATCH stage=decode rows=4 tokens=4 us=1271
BATCH stage=decode rows=4 tokens=4 us=1279
BATCH stage=decode rows=4 tokens=4 us=1300
BATCH stage=decode rows=4 tokens=4 us=1295
BATCH stage=decode rows=4 tokens=4 us=1299
BATCH stage=decode rows=4 tokens=4 us=1292
BATCH stage=decode rows=4 tokens=4 us=1297
BATCH stage=decode rows=4 tokens=4 us=1295
BATCH stage=decode rows=4 tokens=4 us=1297
BATCH stage=decode rows=4 tokens=4 us=1297
BATCH stage=decode rows=4 tokens=4 us=1298
BATCH stage=decode rows=4 tokens=4 us=1296
BATCH stage=decode rows=4 tokens=4 us=1297
BATCH stage=decode rows=4 tokens=4 us=1290
BATCH stage=decode rows=4 tokens=4 us=1286
BATCH stage=decode rows=4 tokens=4 us=1300
BATCH stage=decode rows=3 tokens=3 us=1280
BATCH stage=prefill rows=1 tokens=128 us=2945
BATCH stage=decode rows=3 tokens=3 us=1273
BATCH stage=prefill rows=1 tokens=398 us=6645
BATCH stage=decode rows=4 tokens=4 us=1311
BATCH stage=decode rows=4 tokens=4 us=1303
BATCH stage=decode rows=4 tokens=4 us=1300
BATCH stage=decode rows=4 tokens=4 us=1294
BATCH stage=decode rows=4 tokens=4 us=1292
BATCH stage=decode rows=4 tokens=4 us=1299
BATCH stage=decode rows=4 tokens=4 us=1303
BATCH stage=decode rows=4 tokens=4 us=1299
BATCH stage=decode rows=4 tokens=4 us=1298
BATCH stage=decode rows=4 tokens=4 us=1300
BATCH stage=decode rows=4 tokens=4 us=1300
BATCH stage=decode rows=4 tokens=4 us=1299
BATCH stage=decode rows=4 tokens=4 us=1301
BATCH stage=decode rows=4 tokens=4 us=1306
BATCH stage=decode rows=4 tokens=4 us=1302
BATCH stage=decode rows=4 tokens=4 us=1302
BATCH stage=decode rows=4 tokens=4 us=1337
BATCH stage=decode rows=4 tokens=4 us=1353
BATCH stage=decode rows=4 tokens=4 us=1349
BATCH stage=decode rows=4 tokens=4 us=1351
BATCH stage=decode rows=4 tokens=4 us=1350
BATCH stage=decode rows=4 tokens=4 us=1351
BATCH stage=decode rows=4 tokens=4 us=1346
BATCH stage=decode rows=4 tokens=4 us=1347
BATCH stage=decode rows=4 tokens=4 us=1351
BATCH stage=decode rows=4 tokens=4 us=1353
BATCH stage=decode rows=4 tokens=4 us=1350
BATCH stage=decode rows=4 tokens=4 us=1350
BATCH stage=decode rows=4 tokens=4 us=1349
BATCH stage=decode rows=3 tokens=3 us=1278
BATCH stage=prefill rows=1 tokens=16 us=2459
BATCH stage=decode rows=4 tokens=4 us=1292
BATCH stage=decode rows=4 tokens=4 us=1300
BATCH stage=decode rows=4 tokens=4 us=1295
BATCH stage=decode rows=4 tokens=4 us=1294
BATCH stage=decode rows=4 tokens=4 us=1296
BATCH stage=decode rows=4 tokens=4 us=1298
BATCH stage=decode rows=4 tokens=4 us=1290
BATCH stage=decode rows=4 tokens=4 us=1299
BATCH stage=decode rows=4 tokens=4 us=1293
BATCH stage=decode rows=4 tokens=4 us=1298
BATCH stage=decode rows=4 tokens=4 us=1295
BATCH stage=decode rows=4 tokens=4 us=1299
BATCH stage=decode rows=4 tokens=4 us=1295
BATCH stage=decode rows=4 tokens=4 us=1296
BATCH stage=decode rows=4 tokens=4 us=1294
BATCH stage=decode rows=4 tokens=4 us=1290
BATCH stage=decode rows=4 tokens=4 us=1294
BATCH stage=decode rows=4 tokens=4 us=1295
BATCH stage=decode rows=4 tokens=4 us=1296
BATCH stage=decode rows=4 tokens=4 us=1299
BATCH stage=decode rows=4 tokens=4 us=1292
BATCH stage=decode rows=4 tokens=4 us=1330
BATCH stage=decode rows=4 tokens=4 us=1348
BATCH stage=decode rows=4 tokens=4 us=1341
BATCH stage=decode rows=4 tokens=4 us=1348
BATCH stage=decode rows=4 tokens=4 us=1349
BATCH stage=decode rows=4 tokens=4 us=1348
BATCH stage=decode rows=4 tokens=4 us=1348
BATCH stage=decode rows=4 tokens=4 us=1350
BATCH stage=decode rows=4 tokens=4 us=1349
BATCH stage=decode rows=4 tokens=4 us=1347
BATCH stage=decode rows=3 tokens=3 us=1323
BATCH stage=prefill rows=1 tokens=128 us=2942
BATCH stage=decode rows=3 tokens=3 us=1343
BATCH stage=prefill rows=1 tokens=398 us=6652
BATCH stage=decode rows=4 tokens=4 us=1356
BATCH stage=decode rows=3 tokens=3 us=1260
BATCH stage=prefill rows=1 tokens=16 us=2453
BATCH stage=decode rows=4 tokens=4 us=1277
BATCH stage=decode rows=4 tokens=4 us=1282
BATCH stage=decode rows=4 tokens=4 us=1268
BATCH stage=decode rows=4 tokens=4 us=1264
BATCH stage=decode rows=4 tokens=4 us=1264
BATCH stage=decode rows=4 tokens=4 us=1276
BATCH stage=decode rows=4 tokens=4 us=1265
BATCH stage=decode rows=4 tokens=4 us=1281
BATCH stage=decode rows=4 tokens=4 us=1279
BATCH stage=decode rows=4 tokens=4 us=1282
BATCH stage=decode rows=4 tokens=4 us=1283
BATCH stage=decode rows=4 tokens=4 us=1274
BATCH stage=decode rows=4 tokens=4 us=1280
BATCH stage=decode rows=4 tokens=4 us=1282
BATCH stage=decode rows=4 tokens=4 us=1280
BATCH stage=decode rows=4 tokens=4 us=1274
BATCH stage=decode rows=4 tokens=4 us=1280
BATCH stage=decode rows=4 tokens=4 us=1295
BATCH stage=decode rows=4 tokens=4 us=1298
BATCH stage=decode rows=4 tokens=4 us=1286
BATCH stage=decode rows=4 tokens=4 us=1280
BATCH stage=decode rows=4 tokens=4 us=1296
BATCH stage=decode rows=4 tokens=4 us=1298
BATCH stage=decode rows=4 tokens=4 us=1284
BATCH stage=decode rows=4 tokens=4 us=1300
BATCH stage=decode rows=4 tokens=4 us=1300
BATCH stage=decode rows=4 tokens=4 us=1299
BATCH stage=decode rows=4 tokens=4 us=1293
BATCH stage=decode rows=4 tokens=4 us=1291
BATCH stage=decode rows=4 tokens=4 us=1302
BATCH stage=decode rows=4 tokens=4 us=1293
BATCH stage=decode rows=3 tokens=3 us=1276
BATCH stage=prefill rows=1 tokens=128 us=2938
BATCH stage=decode rows=4 tokens=4 us=1309
BATCH stage=decode rows=4 tokens=4 us=1286
BATCH stage=decode rows=4 tokens=4 us=1299
BATCH stage=decode rows=4 tokens=4 us=1299
BATCH stage=decode rows=4 tokens=4 us=1298
BATCH stage=decode rows=4 tokens=4 us=1292
BATCH stage=decode rows=4 tokens=4 us=1298
BATCH stage=decode rows=4 tokens=4 us=1297
BATCH stage=decode rows=4 tokens=4 us=1299
BATCH stage=decode rows=4 tokens=4 us=1294
BATCH stage=decode rows=4 tokens=4 us=1298
BATCH stage=decode rows=4 tokens=4 us=1299
BATCH stage=decode rows=4 tokens=4 us=1299
BATCH stage=decode rows=4 tokens=4 us=1296
BATCH stage=decode rows=4 tokens=4 us=1297
BATCH stage=decode rows=4 tokens=4 us=1299
BATCH stage=decode rows=4 tokens=4 us=1286
BATCH stage=decode rows=4 tokens=4 us=1333
BATCH stage=decode rows=4 tokens=4 us=1346
BATCH stage=decode rows=4 tokens=4 us=1347
BATCH stage=decode rows=4 tokens=4 us=1348
BATCH stage=decode rows=4 tokens=4 us=1344
BATCH stage=decode rows=4 tokens=4 us=1346
BATCH stage=decode rows=4 tokens=4 us=1332
BATCH stage=decode rows=4 tokens=4 us=1338
BATCH stage=decode rows=4 tokens=4 us=1331
BATCH stage=decode rows=4 tokens=4 us=1351
BATCH stage=decode rows=4 tokens=4 us=1351
BATCH stage=decode rows=3 tokens=3 us=1327
BATCH stage=prefill rows=1 tokens=398 us=6647
BATCH stage=decode rows=4 tokens=4 us=1345
BATCH stage=decode rows=3 tokens=3 us=1263
BATCH stage=prefill rows=1 tokens=16 us=2463
BATCH stage=decode rows=4 tokens=4 us=1277
BATCH stage=decode rows=4 tokens=4 us=1277
BATCH stage=decode rows=4 tokens=4 us=1281
BATCH stage=decode rows=4 tokens=4 us=1280
BATCH stage=decode rows=4 tokens=4 us=1282
BATCH stage=decode rows=4 tokens=4 us=1279
BATCH stage=decode rows=4 tokens=4 us=1275
BATCH stage=decode rows=4 tokens=4 us=1283
BATCH stage=decode rows=4 tokens=4 us=1279
BATCH stage=decode rows=4 tokens=4 us=1283
BATCH stage=decode rows=4 tokens=4 us=1285
BATCH stage=decode rows=4 tokens=4 us=1282
BATCH stage=decode rows=4 tokens=4 us=1272
BATCH stage=decode rows=4 tokens=4 us=1279
BATCH stage=decode rows=4 tokens=4 us=1281
BATCH stage=decode rows=4 tokens=4 us=1264
BATCH stage=decode rows=4 tokens=4 us=1270
BATCH stage=decode rows=4 tokens=4 us=1297
BATCH stage=decode rows=4 tokens=4 us=1297
BATCH stage=decode rows=4 tokens=4 us=1291
BATCH stage=decode rows=4 tokens=4 us=1297
BATCH stage=decode rows=4 tokens=4 us=1299
BATCH stage=decode rows=4 tokens=4 us=1290
BATCH stage=decode rows=4 tokens=4 us=1294
BATCH stage=decode rows=4 tokens=4 us=1296
BATCH stage=decode rows=4 tokens=4 us=1297
BATCH stage=decode rows=4 tokens=4 us=1298
BATCH stage=decode rows=4 tokens=4 us=1291
BATCH stage=decode rows=4 tokens=4 us=1292
BATCH stage=decode rows=4 tokens=4 us=1294
BATCH stage=decode rows=4 tokens=4 us=1291
BATCH stage=decode rows=3 tokens=3 us=1280
BATCH stage=prefill rows=1 tokens=128 us=2931
BATCH stage=decode rows=3 tokens=3 us=1257
BATCH stage=prefill rows=1 tokens=398 us=6635
BATCH stage=decode rows=4 tokens=4 us=1314
BATCH stage=decode rows=4 tokens=4 us=1298
BATCH stage=decode rows=4 tokens=4 us=1287
BATCH stage=decode rows=4 tokens=4 us=1298
BATCH stage=decode rows=4 tokens=4 us=1285
BATCH stage=decode rows=4 tokens=4 us=1288
BATCH stage=decode rows=4 tokens=4 us=1293
BATCH stage=decode rows=4 tokens=4 us=1283
BATCH stage=decode rows=4 tokens=4 us=1301
BATCH stage=decode rows=4 tokens=4 us=1300
BATCH stage=decode rows=4 tokens=4 us=1302
BATCH stage=decode rows=4 tokens=4 us=1299
BATCH stage=decode rows=4 tokens=4 us=1298
BATCH stage=decode rows=4 tokens=4 us=1283
BATCH stage=decode rows=4 tokens=4 us=1297
BATCH stage=decode rows=4 tokens=4 us=1302
BATCH stage=decode rows=4 tokens=4 us=1326
BATCH stage=decode rows=4 tokens=4 us=1340
BATCH stage=decode rows=4 tokens=4 us=1346
BATCH stage=decode rows=4 tokens=4 us=1344
BATCH stage=decode rows=4 tokens=4 us=1345
BATCH stage=decode rows=4 tokens=4 us=1335
BATCH stage=decode rows=4 tokens=4 us=1342
BATCH stage=decode rows=4 tokens=4 us=1335
BATCH stage=decode rows=4 tokens=4 us=1333
BATCH stage=decode rows=4 tokens=4 us=1350
BATCH stage=decode rows=4 tokens=4 us=1332
BATCH stage=decode rows=4 tokens=4 us=1334
BATCH stage=decode rows=4 tokens=4 us=1349
BATCH stage=decode rows=3 tokens=3 us=1260
BATCH stage=prefill rows=1 tokens=16 us=2456
BATCH stage=decode rows=4 tokens=4 us=1282
BATCH stage=decode rows=4 tokens=4 us=1281
BATCH stage=decode rows=4 tokens=4 us=1279
BATCH stage=decode rows=4 tokens=4 us=1273
BATCH stage=decode rows=4 tokens=4 us=1266
BATCH stage=decode rows=4 tokens=4 us=1270
BATCH stage=decode rows=4 tokens=4 us=1280
BATCH stage=decode rows=4 tokens=4 us=1270
BATCH stage=decode rows=4 tokens=4 us=1264
BATCH stage=decode rows=4 tokens=4 us=1268
BATCH stage=decode rows=4 tokens=4 us=1267
BATCH stage=decode rows=4 tokens=4 us=1272
BATCH stage=decode rows=4 tokens=4 us=1281
BATCH stage=decode rows=4 tokens=4 us=1282
BATCH stage=decode rows=4 tokens=4 us=1271
BATCH stage=decode rows=4 tokens=4 us=1266
BATCH stage=decode rows=4 tokens=4 us=1272
BATCH stage=decode rows=4 tokens=4 us=1290
BATCH stage=decode rows=4 tokens=4 us=1300
BATCH stage=decode rows=4 tokens=4 us=1292
BATCH stage=decode rows=4 tokens=4 us=1292
BATCH stage=decode rows=4 tokens=4 us=1297
BATCH stage=decode rows=4 tokens=4 us=1284
BATCH stage=decode rows=4 tokens=4 us=1281
BATCH stage=decode rows=4 tokens=4 us=1296
BATCH stage=decode rows=4 tokens=4 us=1278
BATCH stage=decode rows=4 tokens=4 us=1286
BATCH stage=decode rows=4 tokens=4 us=1283
BATCH stage=decode rows=4 tokens=4 us=1280
BATCH stage=decode rows=4 tokens=4 us=1282
BATCH stage=decode rows=4 tokens=4 us=1295
BATCH stage=decode rows=3 tokens=3 us=1257
BATCH stage=prefill rows=1 tokens=128 us=2940
BATCH stage=decode rows=3 tokens=3 us=1257
BATCH stage=prefill rows=1 tokens=398 us=6658
BATCH stage=decode rows=4 tokens=4 us=1300
BATCH stage=decode rows=4 tokens=4 us=1303
BATCH stage=decode rows=4 tokens=4 us=1283
BATCH stage=decode rows=4 tokens=4 us=1284
BATCH stage=decode rows=4 tokens=4 us=1284
BATCH stage=decode rows=4 tokens=4 us=1282
BATCH stage=decode rows=4 tokens=4 us=1282
BATCH stage=decode rows=4 tokens=4 us=1285
BATCH stage=decode rows=4 tokens=4 us=1302
BATCH stage=decode rows=4 tokens=4 us=1302
BATCH stage=decode rows=4 tokens=4 us=1297
BATCH stage=decode rows=4 tokens=4 us=1283
BATCH stage=decode rows=4 tokens=4 us=1286
BATCH stage=decode rows=4 tokens=4 us=1293
BATCH stage=decode rows=4 tokens=4 us=1300
BATCH stage=decode rows=4 tokens=4 us=1277
BATCH stage=decode rows=4 tokens=4 us=1331
BATCH stage=decode rows=4 tokens=4 us=1332
BATCH stage=decode rows=4 tokens=4 us=1336
BATCH stage=decode rows=4 tokens=4 us=1333
BATCH stage=decode rows=4 tokens=4 us=1332
BATCH stage=decode rows=4 tokens=4 us=1334
BATCH stage=decode rows=4 tokens=4 us=1334
BATCH stage=decode rows=4 tokens=4 us=1334
BATCH stage=decode rows=4 tokens=4 us=1335
BATCH stage=decode rows=4 tokens=4 us=1334
BATCH stage=decode rows=4 tokens=4 us=1344
BATCH stage=decode rows=4 tokens=4 us=1343
BATCH stage=decode rows=4 tokens=4 us=1332
BATCH stage=decode rows=3 tokens=3 us=1277
BATCH stage=prefill rows=1 tokens=16 us=2459
BATCH stage=decode rows=4 tokens=4 us=1283
BATCH stage=decode rows=4 tokens=4 us=1291
BATCH stage=decode rows=4 tokens=4 us=1280
BATCH stage=decode rows=4 tokens=4 us=1289
BATCH stage=decode rows=4 tokens=4 us=1302
BATCH stage=decode rows=4 tokens=4 us=1296
BATCH stage=decode rows=4 tokens=4 us=1300
BATCH stage=decode rows=4 tokens=4 us=1285
BATCH stage=decode rows=4 tokens=4 us=1287
BATCH stage=decode rows=4 tokens=4 us=1284
BATCH stage=decode rows=4 tokens=4 us=1285
BATCH stage=decode rows=4 tokens=4 us=1295
BATCH stage=decode rows=4 tokens=4 us=1281
BATCH stage=decode rows=4 tokens=4 us=1282
BATCH stage=decode rows=4 tokens=4 us=1295
BATCH stage=decode rows=4 tokens=4 us=1297
BATCH stage=decode rows=4 tokens=4 us=1299
BATCH stage=decode rows=4 tokens=4 us=1298
BATCH stage=decode rows=4 tokens=4 us=1298
BATCH stage=decode rows=4 tokens=4 us=1295
BATCH stage=decode rows=4 tokens=4 us=1289
BATCH stage=decode rows=4 tokens=4 us=1331
BATCH stage=decode rows=4 tokens=4 us=1345
BATCH stage=decode rows=4 tokens=4 us=1350
BATCH stage=decode rows=4 tokens=4 us=1348
BATCH stage=decode rows=4 tokens=4 us=1348
BATCH stage=decode rows=4 tokens=4 us=1348
BATCH stage=decode rows=4 tokens=4 us=1344
BATCH stage=decode rows=4 tokens=4 us=1346
BATCH stage=decode rows=4 tokens=4 us=1345
BATCH stage=decode rows=4 tokens=4 us=1348
BATCH stage=decode rows=3 tokens=3 us=1332
BATCH stage=prefill rows=1 tokens=128 us=2938
BATCH stage=decode rows=3 tokens=3 us=1331
BATCH stage=prefill rows=1 tokens=398 us=6643
BATCH stage=decode rows=4 tokens=4 us=1362
BATCH stage=decode rows=3 tokens=3 us=1262
BATCH stage=prefill rows=1 tokens=16 us=2454
BATCH stage=decode rows=4 tokens=4 us=1321
BATCH stage=decode rows=4 tokens=4 us=1276
BATCH stage=decode rows=4 tokens=4 us=1279
BATCH stage=decode rows=4 tokens=4 us=1287
BATCH stage=decode rows=4 tokens=4 us=1282
BATCH stage=decode rows=4 tokens=4 us=1277
BATCH stage=decode rows=4 tokens=4 us=1282
BATCH stage=decode rows=4 tokens=4 us=1283
BATCH stage=decode rows=4 tokens=4 us=1280
BATCH stage=decode rows=4 tokens=4 us=1282
BATCH stage=decode rows=4 tokens=4 us=1281
BATCH stage=decode rows=4 tokens=4 us=1280
BATCH stage=decode rows=4 tokens=4 us=1264
BATCH stage=decode rows=4 tokens=4 us=1268
BATCH stage=decode rows=4 tokens=4 us=1264
BATCH stage=decode rows=4 tokens=4 us=1265
BATCH stage=decode rows=4 tokens=4 us=1267
BATCH stage=decode rows=4 tokens=4 us=1296
BATCH stage=decode rows=4 tokens=4 us=1280
BATCH stage=decode rows=4 tokens=4 us=1278
BATCH stage=decode rows=4 tokens=4 us=1281
BATCH stage=decode rows=4 tokens=4 us=1281
BATCH stage=decode rows=4 tokens=4 us=1297
BATCH stage=decode rows=4 tokens=4 us=1291
BATCH stage=decode rows=4 tokens=4 us=1299
BATCH stage=decode rows=4 tokens=4 us=1292
BATCH stage=decode rows=4 tokens=4 us=1297
BATCH stage=decode rows=4 tokens=4 us=1299
BATCH stage=decode rows=4 tokens=4 us=1298
BATCH stage=decode rows=4 tokens=4 us=1296
BATCH stage=decode rows=4 tokens=4 us=1292
BATCH stage=decode rows=3 tokens=3 us=1269
BATCH stage=prefill rows=1 tokens=128 us=2939
BATCH stage=decode rows=4 tokens=4 us=1287
BATCH stage=decode rows=4 tokens=4 us=1290
BATCH stage=decode rows=4 tokens=4 us=1296
BATCH stage=decode rows=4 tokens=4 us=1283
BATCH stage=decode rows=4 tokens=4 us=1299
BATCH stage=decode rows=4 tokens=4 us=1300
BATCH stage=decode rows=4 tokens=4 us=1297
BATCH stage=decode rows=4 tokens=4 us=1298
BATCH stage=decode rows=4 tokens=4 us=1299
BATCH stage=decode rows=4 tokens=4 us=1295
BATCH stage=decode rows=4 tokens=4 us=1301
BATCH stage=decode rows=4 tokens=4 us=1302
BATCH stage=decode rows=4 tokens=4 us=1299
BATCH stage=decode rows=4 tokens=4 us=1282
BATCH stage=decode rows=4 tokens=4 us=1296
BATCH stage=decode rows=4 tokens=4 us=1301
BATCH stage=decode rows=4 tokens=4 us=1291
BATCH stage=decode rows=4 tokens=4 us=1319
BATCH stage=decode rows=4 tokens=4 us=1333
BATCH stage=decode rows=4 tokens=4 us=1351
BATCH stage=decode rows=4 tokens=4 us=1350
BATCH stage=decode rows=4 tokens=4 us=1348
BATCH stage=decode rows=4 tokens=4 us=1344
BATCH stage=decode rows=4 tokens=4 us=1347
BATCH stage=decode rows=4 tokens=4 us=1333
BATCH stage=decode rows=4 tokens=4 us=1332
BATCH stage=decode rows=4 tokens=4 us=1331
BATCH stage=decode rows=4 tokens=4 us=1334
BATCH stage=decode rows=3 tokens=3 us=1312
BATCH stage=prefill rows=1 tokens=398 us=6658
BATCH stage=decode rows=4 tokens=4 us=1365
BATCH stage=decode rows=3 tokens=3 us=1258
BATCH stage=prefill rows=1 tokens=16 us=2463
BATCH stage=decode rows=4 tokens=4 us=1262
BATCH stage=decode rows=4 tokens=4 us=1268
BATCH stage=decode rows=4 tokens=4 us=1266
BATCH stage=decode rows=4 tokens=4 us=1262
BATCH stage=decode rows=4 tokens=4 us=1275
BATCH stage=decode rows=4 tokens=4 us=1275
BATCH stage=decode rows=4 tokens=4 us=1317
BATCH stage=decode rows=4 tokens=4 us=1282
BATCH stage=decode rows=4 tokens=4 us=1274
BATCH stage=decode rows=4 tokens=4 us=1280
BATCH stage=decode rows=4 tokens=4 us=1284
BATCH stage=decode rows=4 tokens=4 us=1284
BATCH stage=decode rows=4 tokens=4 us=1277
BATCH stage=decode rows=4 tokens=4 us=1278
BATCH stage=decode rows=4 tokens=4 us=1276
BATCH stage=decode rows=4 tokens=4 us=1276
BATCH stage=decode rows=4 tokens=4 us=1284
BATCH stage=decode rows=4 tokens=4 us=1292
BATCH stage=decode rows=4 tokens=4 us=1292
BATCH stage=decode rows=4 tokens=4 us=1301
BATCH stage=decode rows=4 tokens=4 us=1295
BATCH stage=decode rows=4 tokens=4 us=1298
BATCH stage=decode rows=4 tokens=4 us=1298
BATCH stage=decode rows=4 tokens=4 us=1298
BATCH stage=decode rows=4 tokens=4 us=1298
BATCH stage=decode rows=4 tokens=4 us=1293
BATCH stage=decode rows=4 tokens=4 us=1291
BATCH stage=decode rows=4 tokens=4 us=1296
BATCH stage=decode rows=4 tokens=4 us=1299
BATCH stage=decode rows=4 tokens=4 us=1290
BATCH stage=decode rows=4 tokens=4 us=1297
BATCH stage=decode rows=3 tokens=3 us=1263
BATCH stage=prefill rows=1 tokens=128 us=2934
BATCH stage=decode rows=3 tokens=3 us=1284
BATCH stage=prefill rows=1 tokens=398 us=6636
BATCH stage=decode rows=4 tokens=4 us=1310
BATCH stage=decode rows=4 tokens=4 us=1294
BATCH stage=decode rows=4 tokens=4 us=1302
BATCH stage=decode rows=4 tokens=4 us=1300
BATCH stage=decode rows=4 tokens=4 us=1299
BATCH stage=decode rows=4 tokens=4 us=1299
BATCH stage=decode rows=4 tokens=4 us=1298
BATCH stage=decode rows=4 tokens=4 us=1301
BATCH stage=decode rows=4 tokens=4 us=1302
BATCH stage=decode rows=4 tokens=4 us=1301
BATCH stage=decode rows=4 tokens=4 us=1284
BATCH stage=decode rows=4 tokens=4 us=1289
BATCH stage=decode rows=4 tokens=4 us=1299
BATCH stage=decode rows=4 tokens=4 us=1300
BATCH stage=decode rows=4 tokens=4 us=1298
BATCH stage=decode rows=4 tokens=4 us=1298
BATCH stage=decode rows=4 tokens=4 us=1318
BATCH stage=decode rows=4 tokens=4 us=1347
BATCH stage=decode rows=4 tokens=4 us=1346
BATCH stage=decode rows=4 tokens=4 us=1353
BATCH stage=decode rows=4 tokens=4 us=1350
BATCH stage=decode rows=4 tokens=4 us=1347
BATCH stage=decode rows=4 tokens=4 us=1348
BATCH stage=decode rows=4 tokens=4 us=1333
BATCH stage=decode rows=4 tokens=4 us=1350
BATCH stage=decode rows=4 tokens=4 us=1350
BATCH stage=decode rows=4 tokens=4 us=1352
BATCH stage=decode rows=4 tokens=4 us=1336
BATCH stage=decode rows=4 tokens=4 us=1336
BATCH stage=decode rows=3 tokens=3 us=1252
BATCH stage=prefill rows=1 tokens=16 us=2461
BATCH stage=decode rows=4 tokens=4 us=1274
BATCH stage=decode rows=4 tokens=4 us=1278
BATCH stage=decode rows=4 tokens=4 us=1291
BATCH stage=decode rows=4 tokens=4 us=1286
BATCH stage=decode rows=4 tokens=4 us=1285
BATCH stage=decode rows=4 tokens=4 us=1285
BATCH stage=decode rows=4 tokens=4 us=1287
BATCH stage=decode rows=4 tokens=4 us=1283
BATCH stage=decode rows=4 tokens=4 us=1281
BATCH stage=decode rows=4 tokens=4 us=1281
BATCH stage=decode rows=4 tokens=4 us=1275
BATCH stage=decode rows=4 tokens=4 us=1281
BATCH stage=decode rows=4 tokens=4 us=1283
BATCH stage=decode rows=4 tokens=4 us=1285
BATCH stage=decode rows=4 tokens=4 us=1280
BATCH stage=decode rows=4 tokens=4 us=1286
BATCH stage=decode rows=4 tokens=4 us=1282
BATCH stage=decode rows=4 tokens=4 us=1298
BATCH stage=decode rows=4 tokens=4 us=1295
BATCH stage=decode rows=4 tokens=4 us=1299
BATCH stage=decode rows=4 tokens=4 us=1299
BATCH stage=decode rows=4 tokens=4 us=1302
BATCH stage=decode rows=4 tokens=4 us=1300
BATCH stage=decode rows=4 tokens=4 us=1297
BATCH stage=decode rows=4 tokens=4 us=1292
BATCH stage=decode rows=4 tokens=4 us=1301
BATCH stage=decode rows=4 tokens=4 us=1300
BATCH stage=decode rows=4 tokens=4 us=1293
BATCH stage=decode rows=4 tokens=4 us=1295
BATCH stage=decode rows=4 tokens=4 us=1294
BATCH stage=decode rows=4 tokens=4 us=1286
BATCH stage=decode rows=3 tokens=3 us=1278
BATCH stage=prefill rows=1 tokens=128 us=2939
BATCH stage=decode rows=3 tokens=3 us=1269
BATCH stage=prefill rows=1 tokens=398 us=6639
BATCH stage=decode rows=4 tokens=4 us=1306
BATCH stage=decode rows=4 tokens=4 us=1295
BATCH stage=decode rows=4 tokens=4 us=1309
BATCH stage=decode rows=4 tokens=4 us=1301
BATCH stage=decode rows=4 tokens=4 us=1296
BATCH stage=decode rows=4 tokens=4 us=1299
BATCH stage=decode rows=4 tokens=4 us=1293
BATCH stage=decode rows=4 tokens=4 us=1291
BATCH stage=decode rows=4 tokens=4 us=1298
BATCH stage=decode rows=4 tokens=4 us=1292
BATCH stage=decode rows=4 tokens=4 us=1285
BATCH stage=decode rows=4 tokens=4 us=1286
BATCH stage=decode rows=4 tokens=4 us=1283
BATCH stage=decode rows=4 tokens=4 us=1287
BATCH stage=decode rows=4 tokens=4 us=1285
BATCH stage=decode rows=4 tokens=4 us=1285
BATCH stage=decode rows=4 tokens=4 us=1322
BATCH stage=decode rows=4 tokens=4 us=1347
BATCH stage=decode rows=4 tokens=4 us=1332
BATCH stage=decode rows=4 tokens=4 us=1333
BATCH stage=decode rows=4 tokens=4 us=1349
BATCH stage=decode rows=4 tokens=4 us=1335
BATCH stage=decode rows=4 tokens=4 us=1335
BATCH stage=decode rows=4 tokens=4 us=1342
BATCH stage=decode rows=4 tokens=4 us=1343
BATCH stage=decode rows=4 tokens=4 us=1347
BATCH stage=decode rows=4 tokens=4 us=1333
BATCH stage=decode rows=4 tokens=4 us=1337
BATCH stage=decode rows=4 tokens=4 us=1340
BATCH stage=decode rows=3 tokens=3 us=1262
BATCH stage=prefill rows=1 tokens=16 us=2457
BATCH stage=decode rows=4 tokens=4 us=1283
BATCH stage=decode rows=4 tokens=4 us=1279
BATCH stage=decode rows=4 tokens=4 us=1281
BATCH stage=decode rows=4 tokens=4 us=1275
BATCH stage=decode rows=4 tokens=4 us=1283
BATCH stage=decode rows=4 tokens=4 us=1289
BATCH stage=decode rows=4 tokens=4 us=1286
BATCH stage=decode rows=4 tokens=4 us=1283
BATCH stage=decode rows=4 tokens=4 us=1284
BATCH stage=decode rows=4 tokens=4 us=1280
BATCH stage=decode rows=4 tokens=4 us=1282
BATCH stage=decode rows=4 tokens=4 us=1290
BATCH stage=decode rows=4 tokens=4 us=1285
BATCH stage=decode rows=4 tokens=4 us=1277
BATCH stage=decode rows=4 tokens=4 us=1285
BATCH stage=decode rows=4 tokens=4 us=1295
BATCH stage=decode rows=4 tokens=4 us=1287
BATCH stage=decode rows=4 tokens=4 us=1283
BATCH stage=decode rows=4 tokens=4 us=1281
BATCH stage=decode rows=4 tokens=4 us=1283
BATCH stage=decode rows=4 tokens=4 us=1275
BATCH stage=decode rows=4 tokens=4 us=1317
BATCH stage=decode rows=4 tokens=4 us=1333
BATCH stage=decode rows=4 tokens=4 us=1330
BATCH stage=decode rows=4 tokens=4 us=1333
BATCH stage=decode rows=4 tokens=4 us=1331
BATCH stage=decode rows=4 tokens=4 us=1333
BATCH stage=decode rows=4 tokens=4 us=1333
BATCH stage=decode rows=4 tokens=4 us=1334
BATCH stage=decode rows=4 tokens=4 us=1335
BATCH stage=decode rows=4 tokens=4 us=1334
BATCH stage=decode rows=3 tokens=3 us=1312
BATCH stage=prefill rows=1 tokens=128 us=2928
BATCH stage=decode rows=3 tokens=3 us=1341
BATCH stage=prefill rows=1 tokens=398 us=6665
BATCH stage=decode rows=4 tokens=4 us=1347
BATCH stage=decode rows=3 tokens=3 us=1256
BATCH stage=prefill rows=1 tokens=16 us=2458
BATCH stage=decode rows=4 tokens=4 us=1262
BATCH stage=decode rows=4 tokens=4 us=1267
BATCH stage=decode rows=4 tokens=4 us=1267
BATCH stage=decode rows=4 tokens=4 us=1267
BATCH stage=decode rows=4 tokens=4 us=1266
BATCH stage=decode rows=4 tokens=4 us=1268
BATCH stage=decode rows=4 tokens=4 us=1267
BATCH stage=decode rows=4 tokens=4 us=1272
BATCH stage=decode rows=4 tokens=4 us=1268
BATCH stage=decode rows=4 tokens=4 us=1274
BATCH stage=decode rows=4 tokens=4 us=1273
BATCH stage=decode rows=4 tokens=4 us=1268
BATCH stage=decode rows=4 tokens=4 us=1261
BATCH stage=decode rows=4 tokens=4 us=1270
BATCH stage=decode rows=4 tokens=4 us=1268
BATCH stage=decode rows=4 tokens=4 us=1278
BATCH stage=decode rows=4 tokens=4 us=1272
BATCH stage=decode rows=4 tokens=4 us=1287
BATCH stage=decode rows=4 tokens=4 us=1288
BATCH stage=decode rows=4 tokens=4 us=1284
BATCH stage=decode rows=4 tokens=4 us=1282
BATCH stage=decode rows=4 tokens=4 us=1284
BATCH stage=decode rows=4 tokens=4 us=1276
BATCH stage=decode rows=4 tokens=4 us=1284
BATCH stage=decode rows=4 tokens=4 us=1281
BATCH stage=decode rows=4 tokens=4 us=1281
BATCH stage=decode rows=4 tokens=4 us=1283
BATCH stage=decode rows=4 tokens=4 us=1283
BATCH stage=decode rows=4 tokens=4 us=1286
BATCH stage=decode rows=4 tokens=4 us=1286
BATCH stage=decode rows=4 tokens=4 us=1282
BATCH stage=decode rows=3 tokens=3 us=1255
BATCH stage=prefill rows=1 tokens=128 us=2945
BATCH stage=decode rows=4 tokens=4 us=1289
BATCH stage=decode rows=4 tokens=4 us=1301
BATCH stage=decode rows=4 tokens=4 us=1290
BATCH stage=decode rows=4 tokens=4 us=1299
BATCH stage=decode rows=4 tokens=4 us=1285
BATCH stage=decode rows=4 tokens=4 us=1295
BATCH stage=decode rows=4 tokens=4 us=1278
BATCH stage=decode rows=4 tokens=4 us=1282
BATCH stage=decode rows=4 tokens=4 us=1290
BATCH stage=decode rows=4 tokens=4 us=1290
BATCH stage=decode rows=4 tokens=4 us=1290
BATCH stage=decode rows=4 tokens=4 us=1292
BATCH stage=decode rows=4 tokens=4 us=1283
BATCH stage=decode rows=4 tokens=4 us=1290
BATCH stage=decode rows=4 tokens=4 us=1298
BATCH stage=decode rows=4 tokens=4 us=1283
BATCH stage=decode rows=4 tokens=4 us=1275
BATCH stage=decode rows=4 tokens=4 us=1330
BATCH stage=decode rows=4 tokens=4 us=1341
BATCH stage=decode rows=4 tokens=4 us=1344
BATCH stage=decode rows=4 tokens=4 us=1332
BATCH stage=decode rows=4 tokens=4 us=1340
BATCH stage=decode rows=4 tokens=4 us=1349
BATCH stage=decode rows=4 tokens=4 us=1337
BATCH stage=decode rows=4 tokens=4 us=1343
BATCH stage=decode rows=4 tokens=4 us=1347
BATCH stage=decode rows=4 tokens=4 us=1335
BATCH stage=decode rows=4 tokens=4 us=1337
BATCH stage=decode rows=3 tokens=3 us=1315
BATCH stage=prefill rows=1 tokens=398 us=6677
BATCH stage=decode rows=4 tokens=4 us=1366
BATCH stage=decode rows=3 tokens=3 us=1263
BATCH stage=prefill rows=1 tokens=16 us=2441
BATCH stage=decode rows=4 tokens=4 us=1267
BATCH stage=decode rows=4 tokens=4 us=1261
BATCH stage=decode rows=4 tokens=4 us=1268
BATCH stage=decode rows=4 tokens=4 us=1274
BATCH stage=decode rows=4 tokens=4 us=1267
BATCH stage=decode rows=4 tokens=4 us=1266
BATCH stage=decode rows=4 tokens=4 us=1266
BATCH stage=decode rows=4 tokens=4 us=1266
BATCH stage=decode rows=4 tokens=4 us=1266
BATCH stage=decode rows=4 tokens=4 us=1266
BATCH stage=decode rows=4 tokens=4 us=1264
BATCH stage=decode rows=4 tokens=4 us=1267
BATCH stage=decode rows=4 tokens=4 us=1265
BATCH stage=decode rows=4 tokens=4 us=1267
BATCH stage=decode rows=4 tokens=4 us=1266
BATCH stage=decode rows=4 tokens=4 us=1269
BATCH stage=decode rows=4 tokens=4 us=1264
BATCH stage=decode rows=4 tokens=4 us=1285
BATCH stage=decode rows=4 tokens=4 us=1290
BATCH stage=decode rows=4 tokens=4 us=1291
BATCH stage=decode rows=4 tokens=4 us=1291
BATCH stage=decode rows=4 tokens=4 us=1295
BATCH stage=decode rows=4 tokens=4 us=1285
BATCH stage=decode rows=4 tokens=4 us=1279
BATCH stage=decode rows=4 tokens=4 us=1275
BATCH stage=decode rows=4 tokens=4 us=1277
BATCH stage=decode rows=4 tokens=4 us=1279
BATCH stage=decode rows=4 tokens=4 us=1281
BATCH stage=decode rows=4 tokens=4 us=1280
BATCH stage=decode rows=4 tokens=4 us=1282
BATCH stage=decode rows=4 tokens=4 us=1282
BATCH stage=decode rows=3 tokens=3 us=1264
BATCH stage=prefill rows=1 tokens=128 us=2926
BATCH stage=decode rows=3 tokens=3 us=1285
BATCH stage=prefill rows=1 tokens=398 us=6662
BATCH stage=decode rows=4 tokens=4 us=1298
BATCH stage=decode rows=4 tokens=4 us=1295
BATCH stage=decode rows=4 tokens=4 us=1290
BATCH stage=decode rows=4 tokens=4 us=1285
BATCH stage=decode rows=4 tokens=4 us=1293
BATCH stage=decode rows=4 tokens=4 us=1305
BATCH stage=decode rows=4 tokens=4 us=1301
BATCH stage=decode rows=4 tokens=4 us=1298
BATCH stage=decode rows=4 tokens=4 us=1284
BATCH stage=decode rows=4 tokens=4 us=1295
BATCH stage=decode rows=4 tokens=4 us=1292
BATCH stage=decode rows=4 tokens=4 us=1290
BATCH stage=decode rows=4 tokens=4 us=1287
BATCH stage=decode rows=4 tokens=4 us=1299
BATCH stage=decode rows=4 tokens=4 us=1299
BATCH stage=decode rows=4 tokens=4 us=1297
BATCH stage=decode rows=4 tokens=4 us=1330
BATCH stage=decode rows=4 tokens=4 us=1350
BATCH stage=decode rows=4 tokens=4 us=1348
BATCH stage=decode rows=4 tokens=4 us=1341
BATCH stage=decode rows=4 tokens=4 us=1345
BATCH stage=decode rows=4 tokens=4 us=1335
BATCH stage=decode rows=4 tokens=4 us=1343
BATCH stage=decode rows=4 tokens=4 us=1340
BATCH stage=decode rows=4 tokens=4 us=1348
BATCH stage=decode rows=4 tokens=4 us=1350
BATCH stage=decode rows=4 tokens=4 us=1335
BATCH stage=decode rows=4 tokens=4 us=1339
BATCH stage=decode rows=4 tokens=4 us=1339
BATCH stage=decode rows=3 tokens=3 us=1252
BATCH stage=prefill rows=1 tokens=16 us=2457
BATCH stage=decode rows=4 tokens=4 us=1263
BATCH stage=decode rows=4 tokens=4 us=1284
BATCH stage=decode rows=4 tokens=4 us=1264
BATCH stage=decode rows=4 tokens=4 us=1282
BATCH stage=decode rows=4 tokens=4 us=1275
BATCH stage=decode rows=4 tokens=4 us=1265
BATCH stage=decode rows=4 tokens=4 us=1276
BATCH stage=decode rows=4 tokens=4 us=1268
BATCH stage=decode rows=4 tokens=4 us=1264
BATCH stage=decode rows=4 tokens=4 us=1277
BATCH stage=decode rows=4 tokens=4 us=1264
BATCH stage=decode rows=4 tokens=4 us=1265
BATCH stage=decode rows=4 tokens=4 us=1275
BATCH stage=decode rows=4 tokens=4 us=1279
BATCH stage=decode rows=4 tokens=4 us=1267
BATCH stage=decode rows=4 tokens=4 us=1265
BATCH stage=decode rows=4 tokens=4 us=1269
BATCH stage=decode rows=4 tokens=4 us=1276
BATCH stage=decode rows=4 tokens=4 us=1281
BATCH stage=decode rows=4 tokens=4 us=1281
BATCH stage=decode rows=4 tokens=4 us=1275
BATCH stage=decode rows=4 tokens=4 us=1294
BATCH stage=decode rows=4 tokens=4 us=1299
BATCH stage=decode rows=4 tokens=4 us=1282
BATCH stage=decode rows=4 tokens=4 us=1292
BATCH stage=decode rows=4 tokens=4 us=1280
BATCH stage=decode rows=4 tokens=4 us=1284
BATCH stage=decode rows=4 tokens=4 us=1294
BATCH stage=decode rows=4 tokens=4 us=1286
BATCH stage=decode rows=4 tokens=4 us=1286
BATCH stage=decode rows=4 tokens=4 us=1291
BATCH stage=decode rows=3 tokens=3 us=1273
BATCH stage=prefill rows=1 tokens=128 us=2934
BATCH stage=decode rows=3 tokens=3 us=1259
BATCH stage=prefill rows=1 tokens=398 us=6642
BATCH stage=decode rows=4 tokens=4 us=1298
BATCH stage=decode rows=4 tokens=4 us=1301
BATCH stage=decode rows=4 tokens=4 us=1286
BATCH stage=decode rows=4 tokens=4 us=1287
BATCH stage=decode rows=4 tokens=4 us=1290
BATCH stage=decode rows=4 tokens=4 us=1297
BATCH stage=decode rows=4 tokens=4 us=1292
BATCH stage=decode rows=4 tokens=4 us=1289
BATCH stage=decode rows=4 tokens=4 us=1301
BATCH stage=decode rows=4 tokens=4 us=1281
BATCH stage=decode rows=4 tokens=4 us=1295
BATCH stage=decode rows=4 tokens=4 us=1297
BATCH stage=decode rows=4 tokens=4 us=1292
BATCH stage=decode rows=4 tokens=4 us=1299
BATCH stage=decode rows=4 tokens=4 us=1292
BATCH stage=decode rows=4 tokens=4 us=1293
BATCH stage=decode rows=4 tokens=4 us=1320
BATCH stage=decode rows=4 tokens=4 us=1334
BATCH stage=decode rows=4 tokens=4 us=1334
BATCH stage=decode rows=4 tokens=4 us=1336
BATCH stage=decode rows=4 tokens=4 us=1337
BATCH stage=decode rows=4 tokens=4 us=1340
BATCH stage=decode rows=4 tokens=4 us=1335
BATCH stage=decode rows=4 tokens=4 us=1340
BATCH stage=decode rows=4 tokens=4 us=1332
BATCH stage=decode rows=4 tokens=4 us=1339
BATCH stage=decode rows=4 tokens=4 us=1341
BATCH stage=decode rows=4 tokens=4 us=1333
BATCH stage=decode rows=4 tokens=4 us=1333
BATCH stage=decode rows=3 tokens=3 us=1277
BATCH stage=prefill rows=1 tokens=16 us=2458
BATCH stage=decode rows=4 tokens=4 us=1291
BATCH stage=decode rows=4 tokens=4 us=1294
BATCH stage=decode rows=4 tokens=4 us=1279
BATCH stage=decode rows=4 tokens=4 us=1280
BATCH stage=decode rows=4 tokens=4 us=1283
BATCH stage=decode rows=4 tokens=4 us=1283
BATCH stage=decode rows=4 tokens=4 us=1281
BATCH stage=decode rows=4 tokens=4 us=1286
BATCH stage=decode rows=4 tokens=4 us=1289
BATCH stage=decode rows=4 tokens=4 us=1291
BATCH stage=decode rows=4 tokens=4 us=1298
BATCH stage=decode rows=4 tokens=4 us=1296
BATCH stage=decode rows=4 tokens=4 us=1300
BATCH stage=decode rows=4 tokens=4 us=1284
BATCH stage=decode rows=4 tokens=4 us=1297
BATCH stage=decode rows=4 tokens=4 us=1291
BATCH stage=decode rows=4 tokens=4 us=1282
BATCH stage=decode rows=4 tokens=4 us=1281
BATCH stage=decode rows=4 tokens=4 us=1291
BATCH stage=decode rows=4 tokens=4 us=1296
BATCH stage=decode rows=4 tokens=4 us=1290
BATCH stage=decode rows=4 tokens=4 us=1314
BATCH stage=decode rows=4 tokens=4 us=1340
BATCH stage=decode rows=4 tokens=4 us=1344
BATCH stage=decode rows=4 tokens=4 us=1337
BATCH stage=decode rows=4 tokens=4 us=1339
BATCH stage=decode rows=4 tokens=4 us=1350
BATCH stage=decode rows=4 tokens=4 us=1334
BATCH stage=decode rows=4 tokens=4 us=1345
BATCH stage=decode rows=4 tokens=4 us=1345
BATCH stage=decode rows=4 tokens=4 us=1328
BATCH stage=decode rows=3 tokens=3 us=1311
BATCH stage=prefill rows=1 tokens=128 us=2924
BATCH stage=decode rows=3 tokens=3 us=1343
BATCH stage=prefill rows=1 tokens=398 us=6642
BATCH stage=decode rows=4 tokens=4 us=1356
BATCH stage=decode rows=3 tokens=3 us=1261
BATCH stage=prefill rows=1 tokens=16 us=2435
BATCH stage=decode rows=4 tokens=4 us=1268
BATCH stage=decode rows=4 tokens=4 us=1267
BATCH stage=decode rows=4 tokens=4 us=1267
BATCH stage=decode rows=4 tokens=4 us=1268
BATCH stage=decode rows=4 tokens=4 us=1271
BATCH stage=decode rows=4 tokens=4 us=1265
BATCH stage=decode rows=4 tokens=4 us=1263
BATCH stage=decode rows=4 tokens=4 us=1280
BATCH stage=decode rows=4 tokens=4 us=1266
BATCH stage=decode rows=4 tokens=4 us=1264
BATCH stage=decode rows=4 tokens=4 us=1266
BATCH stage=decode rows=4 tokens=4 us=1267
BATCH stage=decode rows=4 tokens=4 us=1272
BATCH stage=decode rows=4 tokens=4 us=1269
BATCH stage=decode rows=4 tokens=4 us=1265
BATCH stage=decode rows=4 tokens=4 us=1265
BATCH stage=decode rows=4 tokens=4 us=1265
BATCH stage=decode rows=4 tokens=4 us=1283
BATCH stage=decode rows=4 tokens=4 us=1285
BATCH stage=decode rows=4 tokens=4 us=1282
BATCH stage=decode rows=4 tokens=4 us=1290
BATCH stage=decode rows=4 tokens=4 us=1284
BATCH stage=decode rows=4 tokens=4 us=1280
BATCH stage=decode rows=4 tokens=4 us=1289
BATCH stage=decode rows=4 tokens=4 us=1294
BATCH stage=decode rows=4 tokens=4 us=1287
BATCH stage=decode rows=4 tokens=4 us=1285
BATCH stage=decode rows=4 tokens=4 us=1281
BATCH stage=decode rows=4 tokens=4 us=1276
BATCH stage=decode rows=4 tokens=4 us=1283
BATCH stage=decode rows=4 tokens=4 us=1281
BATCH stage=decode rows=3 tokens=3 us=1274
BATCH stage=prefill rows=1 tokens=128 us=2944
BATCH stage=decode rows=4 tokens=4 us=1303
BATCH stage=decode rows=4 tokens=4 us=1303
BATCH stage=decode rows=4 tokens=4 us=1287
BATCH stage=decode rows=4 tokens=4 us=1298
BATCH stage=decode rows=4 tokens=4 us=1299
BATCH stage=decode rows=4 tokens=4 us=1298
BATCH stage=decode rows=4 tokens=4 us=1295
BATCH stage=decode rows=4 tokens=4 us=1298
BATCH stage=decode rows=4 tokens=4 us=1293
BATCH stage=decode rows=4 tokens=4 us=1291
BATCH stage=decode rows=4 tokens=4 us=1282
BATCH stage=decode rows=4 tokens=4 us=1285
BATCH stage=decode rows=4 tokens=4 us=1296
BATCH stage=decode rows=4 tokens=4 us=1296
BATCH stage=decode rows=4 tokens=4 us=1292
BATCH stage=decode rows=4 tokens=4 us=1283
BATCH stage=decode rows=4 tokens=4 us=1278
BATCH stage=decode rows=4 tokens=4 us=1328
BATCH stage=decode rows=4 tokens=4 us=1334
BATCH stage=decode rows=4 tokens=4 us=1350
BATCH stage=decode rows=4 tokens=4 us=1338
BATCH stage=decode rows=4 tokens=4 us=1330
BATCH stage=decode rows=4 tokens=4 us=1345
BATCH stage=decode rows=4 tokens=4 us=1344
BATCH stage=decode rows=4 tokens=4 us=1341
BATCH stage=decode rows=4 tokens=4 us=1347
BATCH stage=decode rows=4 tokens=4 us=1347
BATCH stage=decode rows=4 tokens=4 us=1334
BATCH stage=decode rows=3 tokens=3 us=1313
BATCH stage=prefill rows=1 tokens=398 us=6667
BATCH stage=decode rows=4 tokens=4 us=1346
BATCH stage=decode rows=3 tokens=3 us=1250
BATCH stage=prefill rows=1 tokens=16 us=2450
BATCH stage=decode rows=4 tokens=4 us=1259
BATCH stage=decode rows=4 tokens=4 us=1266
BATCH stage=decode rows=4 tokens=4 us=1263
BATCH stage=decode rows=4 tokens=4 us=1276
BATCH stage=decode rows=4 tokens=4 us=1269
BATCH stage=decode rows=4 tokens=4 us=1267
BATCH stage=decode rows=4 tokens=4 us=1272
BATCH stage=decode rows=4 tokens=4 us=1263
BATCH stage=decode rows=4 tokens=4 us=1276
BATCH stage=decode rows=4 tokens=4 us=1282
BATCH stage=decode rows=4 tokens=4 us=1269
BATCH stage=decode rows=4 tokens=4 us=1266
BATCH stage=decode rows=4 tokens=4 us=1265
BATCH stage=decode rows=4 tokens=4 us=1264
BATCH stage=decode rows=4 tokens=4 us=1269
BATCH stage=decode rows=4 tokens=4 us=1268
BATCH stage=decode rows=4 tokens=4 us=1271
BATCH stage=decode rows=4 tokens=4 us=1287
BATCH stage=decode rows=4 tokens=4 us=1277
BATCH stage=decode rows=4 tokens=4 us=1284
BATCH stage=decode rows=4 tokens=4 us=1287
BATCH stage=decode rows=4 tokens=4 us=1298
BATCH stage=decode rows=4 tokens=4 us=1286
BATCH stage=decode rows=4 tokens=4 us=1299
BATCH stage=decode rows=4 tokens=4 us=1285
BATCH stage=decode rows=4 tokens=4 us=1296
BATCH stage=decode rows=4 tokens=4 us=1283
BATCH stage=decode rows=4 tokens=4 us=1286
BATCH stage=decode rows=4 tokens=4 us=1283
BATCH stage=decode rows=4 tokens=4 us=1284
BATCH stage=decode rows=4 tokens=4 us=1296
BATCH stage=decode rows=3 tokens=3 us=1269
BATCH stage=prefill rows=1 tokens=128 us=2932
BATCH stage=decode rows=3 tokens=3 us=1283
BATCH stage=prefill rows=1 tokens=398 us=6651
BATCH stage=decode rows=4 tokens=4 us=1297
BATCH stage=decode rows=4 tokens=4 us=1284
BATCH stage=decode rows=4 tokens=4 us=1296
BATCH stage=decode rows=4 tokens=4 us=1299
BATCH stage=decode rows=4 tokens=4 us=1298
BATCH stage=decode rows=4 tokens=4 us=1302
BATCH stage=decode rows=4 tokens=4 us=1284
BATCH stage=decode rows=4 tokens=4 us=1292
BATCH stage=decode rows=4 tokens=4 us=1282
BATCH stage=decode rows=4 tokens=4 us=1292
BATCH stage=decode rows=4 tokens=4 us=1283
BATCH stage=decode rows=4 tokens=4 us=1301
BATCH stage=decode rows=4 tokens=4 us=1293
BATCH stage=decode rows=4 tokens=4 us=1300
BATCH stage=decode rows=4 tokens=4 us=1300
BATCH stage=decode rows=4 tokens=4 us=1295
BATCH stage=decode rows=4 tokens=4 us=1336
BATCH stage=decode rows=4 tokens=4 us=1332
BATCH stage=decode rows=4 tokens=4 us=1334
BATCH stage=decode rows=4 tokens=4 us=1341
BATCH stage=decode rows=4 tokens=4 us=1345
BATCH stage=decode rows=4 tokens=4 us=1340
BATCH stage=decode rows=4 tokens=4 us=1335
BATCH stage=decode rows=4 tokens=4 us=1331
BATCH stage=decode rows=4 tokens=4 us=1335
BATCH stage=decode rows=4 tokens=4 us=1345
BATCH stage=decode rows=4 tokens=4 us=1336
BATCH stage=decode rows=4 tokens=4 us=1348
BATCH stage=decode rows=4 tokens=4 us=1352
BATCH stage=decode rows=3 tokens=3 us=1259
BATCH stage=prefill rows=1 tokens=16 us=2454
BATCH stage=decode rows=4 tokens=4 us=1271
BATCH stage=decode rows=4 tokens=4 us=1281
BATCH stage=decode rows=4 tokens=4 us=1268
BATCH stage=decode rows=4 tokens=4 us=1264
BATCH stage=decode rows=4 tokens=4 us=1278
BATCH stage=decode rows=4 tokens=4 us=1278
BATCH stage=decode rows=4 tokens=4 us=1287
BATCH stage=decode rows=4 tokens=4 us=1280
BATCH stage=decode rows=4 tokens=4 us=1278
BATCH stage=decode rows=4 tokens=4 us=1274
BATCH stage=decode rows=4 tokens=4 us=1280
BATCH stage=decode rows=4 tokens=4 us=1280
BATCH stage=decode rows=4 tokens=4 us=1281
BATCH stage=decode rows=4 tokens=4 us=1279
BATCH stage=decode rows=4 tokens=4 us=1279
BATCH stage=decode rows=4 tokens=4 us=1280
BATCH stage=decode rows=4 tokens=4 us=1264
BATCH stage=decode rows=4 tokens=4 us=1299
BATCH stage=decode rows=4 tokens=4 us=1290
BATCH stage=decode rows=4 tokens=4 us=1294
BATCH stage=decode rows=4 tokens=4 us=1279
BATCH stage=decode rows=4 tokens=4 us=1298
BATCH stage=decode rows=4 tokens=4 us=1292
BATCH stage=decode rows=4 tokens=4 us=1297
BATCH stage=decode rows=4 tokens=4 us=1298
BATCH stage=decode rows=4 tokens=4 us=1298
BATCH stage=decode rows=4 tokens=4 us=1296
BATCH stage=decode rows=4 tokens=4 us=1293
BATCH stage=decode rows=4 tokens=4 us=1293
BATCH stage=decode rows=4 tokens=4 us=1301
BATCH stage=decode rows=4 tokens=4 us=1299
BATCH stage=decode rows=3 tokens=3 us=1278
BATCH stage=prefill rows=1 tokens=128 us=2937
BATCH stage=decode rows=3 tokens=3 us=1291
BATCH stage=prefill rows=1 tokens=398 us=6652
BATCH stage=decode rows=4 tokens=4 us=1299
BATCH stage=decode rows=4 tokens=4 us=1286
BATCH stage=decode rows=4 tokens=4 us=1292
BATCH stage=decode rows=4 tokens=4 us=1286
BATCH stage=decode rows=4 tokens=4 us=1287
BATCH stage=decode rows=4 tokens=4 us=1299
BATCH stage=decode rows=4 tokens=4 us=1301
BATCH stage=decode rows=4 tokens=4 us=1283
BATCH stage=decode rows=4 tokens=4 us=1286
BATCH stage=decode rows=4 tokens=4 us=1301
BATCH stage=decode rows=4 tokens=4 us=1297
BATCH stage=decode rows=4 tokens=4 us=1300
BATCH stage=decode rows=4 tokens=4 us=1299
BATCH stage=decode rows=4 tokens=4 us=1294
BATCH stage=decode rows=4 tokens=4 us=1300
BATCH stage=decode rows=4 tokens=4 us=1293
BATCH stage=decode rows=4 tokens=4 us=1335
BATCH stage=decode rows=4 tokens=4 us=1335
BATCH stage=decode rows=4 tokens=4 us=1346
BATCH stage=decode rows=4 tokens=4 us=1353
BATCH stage=decode rows=4 tokens=4 us=1359
BATCH stage=decode rows=4 tokens=4 us=1354
BATCH stage=decode rows=4 tokens=4 us=1335
BATCH stage=decode rows=4 tokens=4 us=1335
BATCH stage=decode rows=4 tokens=4 us=1351
BATCH stage=decode rows=4 tokens=4 us=1349
BATCH stage=decode rows=4 tokens=4 us=1335
BATCH stage=decode rows=4 tokens=4 us=1341
BATCH stage=decode rows=4 tokens=4 us=1346
BATCH stage=decode rows=3 tokens=3 us=1272
BATCH stage=prefill rows=1 tokens=16 us=2445
BATCH stage=decode rows=4 tokens=4 us=1285
BATCH stage=decode rows=4 tokens=4 us=1284
BATCH stage=decode rows=4 tokens=4 us=1284
BATCH stage=decode rows=4 tokens=4 us=1295
BATCH stage=decode rows=4 tokens=4 us=1289
BATCH stage=decode rows=4 tokens=4 us=1290
BATCH stage=decode rows=4 tokens=4 us=1284
BATCH stage=decode rows=4 tokens=4 us=1283
BATCH stage=decode rows=4 tokens=4 us=1291
BATCH stage=decode rows=4 tokens=4 us=1295
BATCH stage=decode rows=4 tokens=4 us=1300
BATCH stage=decode rows=4 tokens=4 us=1298
BATCH stage=decode rows=4 tokens=4 us=1287
BATCH stage=decode rows=4 tokens=4 us=1293
BATCH stage=decode rows=4 tokens=4 us=1284
BATCH stage=decode rows=4 tokens=4 us=1294
BATCH stage=decode rows=4 tokens=4 us=1304
BATCH stage=decode rows=4 tokens=4 us=1295
BATCH stage=decode rows=4 tokens=4 us=1299
BATCH stage=decode rows=4 tokens=4 us=1296
BATCH stage=decode rows=4 tokens=4 us=1290
BATCH stage=decode rows=4 tokens=4 us=1322
BATCH stage=decode rows=4 tokens=4 us=1333
BATCH stage=decode rows=4 tokens=4 us=1346
BATCH stage=decode rows=4 tokens=4 us=1347
BATCH stage=decode rows=4 tokens=4 us=1332
BATCH stage=decode rows=4 tokens=4 us=1331
BATCH stage=decode rows=4 tokens=4 us=1333
BATCH stage=decode rows=4 tokens=4 us=1344
BATCH stage=decode rows=4 tokens=4 us=1330
BATCH stage=decode rows=4 tokens=4 us=1330
BATCH stage=decode rows=3 tokens=3 us=1318
BATCH stage=prefill rows=1 tokens=128 us=2930
BATCH stage=decode rows=3 tokens=3 us=1332
BATCH stage=prefill rows=1 tokens=398 us=6650
BATCH stage=decode rows=4 tokens=4 us=1359
BATCH stage=decode rows=3 tokens=3 us=1242
BATCH stage=prefill rows=1 tokens=16 us=2458
BATCH stage=decode rows=4 tokens=4 us=1276
BATCH stage=decode rows=4 tokens=4 us=1260
BATCH stage=decode rows=4 tokens=4 us=1266
BATCH stage=decode rows=4 tokens=4 us=1263
BATCH stage=decode rows=4 tokens=4 us=1276
BATCH stage=decode rows=4 tokens=4 us=1273
BATCH stage=decode rows=4 tokens=4 us=1275
BATCH stage=decode rows=4 tokens=4 us=1259
BATCH stage=decode rows=4 tokens=4 us=1268
BATCH stage=decode rows=4 tokens=4 us=1268
BATCH stage=decode rows=4 tokens=4 us=1267
BATCH stage=decode rows=4 tokens=4 us=1279
BATCH stage=decode rows=4 tokens=4 us=1278
BATCH stage=decode rows=4 tokens=4 us=1279
BATCH stage=decode rows=4 tokens=4 us=1266
BATCH stage=decode rows=4 tokens=4 us=1263
BATCH stage=decode rows=4 tokens=4 us=1266
BATCH stage=decode rows=4 tokens=4 us=1282
BATCH stage=decode rows=4 tokens=4 us=1292
BATCH stage=decode rows=4 tokens=4 us=1294
BATCH stage=decode rows=4 tokens=4 us=1280
BATCH stage=decode rows=4 tokens=4 us=1279
BATCH stage=decode rows=4 tokens=4 us=1276
BATCH stage=decode rows=4 tokens=4 us=1297
BATCH stage=decode rows=4 tokens=4 us=1296
BATCH stage=decode rows=4 tokens=4 us=1283
BATCH stage=decode rows=4 tokens=4 us=1278
BATCH stage=decode rows=4 tokens=4 us=1276
BATCH stage=decode rows=4 tokens=4 us=1283
BATCH stage=decode rows=4 tokens=4 us=1286
BATCH stage=decode rows=4 tokens=4 us=1283
BATCH stage=decode rows=3 tokens=3 us=1268
BATCH stage=prefill rows=1 tokens=128 us=2926
BATCH stage=decode rows=4 tokens=4 us=1286
BATCH stage=decode rows=4 tokens=4 us=1291
BATCH stage=decode rows=4 tokens=4 us=1283
BATCH stage=decode rows=4 tokens=4 us=1300
BATCH stage=decode rows=4 tokens=4 us=1294
BATCH stage=decode rows=4 tokens=4 us=1285
BATCH stage=decode rows=4 tokens=4 us=1283
BATCH stage=decode rows=4 tokens=4 us=1282
BATCH stage=decode rows=4 tokens=4 us=1282
BATCH stage=decode rows=4 tokens=4 us=1293
BATCH stage=decode rows=4 tokens=4 us=1298
BATCH stage=decode rows=4 tokens=4 us=1282
BATCH stage=decode rows=4 tokens=4 us=1288
BATCH stage=decode rows=4 tokens=4 us=1284
BATCH stage=decode rows=4 tokens=4 us=1279
BATCH stage=decode rows=4 tokens=4 us=1285
BATCH stage=decode rows=4 tokens=4 us=1287
BATCH stage=decode rows=4 tokens=4 us=1327
BATCH stage=decode rows=4 tokens=4 us=1335
BATCH stage=decode rows=4 tokens=4 us=1330
BATCH stage=decode rows=4 tokens=4 us=1330
BATCH stage=decode rows=4 tokens=4 us=1332
BATCH stage=decode rows=4 tokens=4 us=1342
BATCH stage=decode rows=4 tokens=4 us=1332
BATCH stage=decode rows=4 tokens=4 us=1332
BATCH stage=decode rows=4 tokens=4 us=1330
BATCH stage=decode rows=4 tokens=4 us=1334
BATCH stage=decode rows=4 tokens=4 us=1331
BATCH stage=decode rows=3 tokens=3 us=1325
BATCH stage=prefill rows=1 tokens=398 us=6668
BATCH stage=decode rows=4 tokens=4 us=1367
BATCH stage=decode rows=3 tokens=3 us=1261
BATCH stage=prefill rows=1 tokens=16 us=2457
BATCH stage=decode rows=4 tokens=4 us=1265
BATCH stage=decode rows=4 tokens=4 us=1262
BATCH stage=decode rows=4 tokens=4 us=1263
BATCH stage=decode rows=4 tokens=4 us=1280
BATCH stage=decode rows=4 tokens=4 us=1286
BATCH stage=decode rows=4 tokens=4 us=1266
BATCH stage=decode rows=4 tokens=4 us=1280
BATCH stage=decode rows=4 tokens=4 us=1265
BATCH stage=decode rows=4 tokens=4 us=1277
BATCH stage=decode rows=4 tokens=4 us=1278
BATCH stage=decode rows=4 tokens=4 us=1276
BATCH stage=decode rows=4 tokens=4 us=1276
BATCH stage=decode rows=4 tokens=4 us=1268
BATCH stage=decode rows=4 tokens=4 us=1264
BATCH stage=decode rows=4 tokens=4 us=1263
BATCH stage=decode rows=4 tokens=4 us=1268
BATCH stage=decode rows=4 tokens=4 us=1275
BATCH stage=decode rows=4 tokens=4 us=1282
BATCH stage=decode rows=4 tokens=4 us=1283
BATCH stage=decode rows=4 tokens=4 us=1278
BATCH stage=decode rows=4 tokens=4 us=1289
BATCH stage=decode rows=4 tokens=4 us=1294
BATCH stage=decode rows=4 tokens=4 us=1276
BATCH stage=decode rows=4 tokens=4 us=1297
BATCH stage=decode rows=4 tokens=4 us=1281
BATCH stage=decode rows=4 tokens=4 us=1290
BATCH stage=decode rows=4 tokens=4 us=1283
BATCH stage=decode rows=4 tokens=4 us=1285
BATCH stage=decode rows=4 tokens=4 us=1275
BATCH stage=decode rows=4 tokens=4 us=1283
BATCH stage=decode rows=4 tokens=4 us=1288
BATCH stage=decode rows=3 tokens=3 us=1268
BATCH stage=prefill rows=1 tokens=128 us=2950
BATCH stage=decode rows=3 tokens=3 us=1260
BATCH stage=prefill rows=1 tokens=398 us=6639
BATCH stage=decode rows=4 tokens=4 us=1298
BATCH stage=decode rows=4 tokens=4 us=1287
BATCH stage=decode rows=4 tokens=4 us=1285
BATCH stage=decode rows=4 tokens=4 us=1284
BATCH stage=decode rows=4 tokens=4 us=1285
BATCH stage=decode rows=4 tokens=4 us=1283
BATCH stage=decode rows=4 tokens=4 us=1284
BATCH stage=decode rows=4 tokens=4 us=1294
BATCH stage=decode rows=4 tokens=4 us=1282
BATCH stage=decode rows=4 tokens=4 us=1284
BATCH stage=decode rows=4 tokens=4 us=1306
BATCH stage=decode rows=4 tokens=4 us=1289
BATCH stage=decode rows=4 tokens=4 us=1282
BATCH stage=decode rows=4 tokens=4 us=1284
BATCH stage=decode rows=4 tokens=4 us=1299
BATCH stage=decode rows=4 tokens=4 us=1281
BATCH stage=decode rows=4 tokens=4 us=1334
BATCH stage=decode rows=4 tokens=4 us=1349
BATCH stage=decode rows=4 tokens=4 us=1346
BATCH stage=decode rows=4 tokens=4 us=1332
BATCH stage=decode rows=4 tokens=4 us=1337
BATCH stage=decode rows=4 tokens=4 us=1334
BATCH stage=decode rows=4 tokens=4 us=1350
BATCH stage=decode rows=4 tokens=4 us=1347
BATCH stage=decode rows=4 tokens=4 us=1337
BATCH stage=decode rows=4 tokens=4 us=1349
BATCH stage=decode rows=4 tokens=4 us=1343
BATCH stage=decode rows=4 tokens=4 us=1337
BATCH stage=decode rows=4 tokens=4 us=1339
BATCH stage=decode rows=3 tokens=3 us=1254
BATCH stage=prefill rows=1 tokens=16 us=2454
BATCH stage=decode rows=4 tokens=4 us=1278
BATCH stage=decode rows=4 tokens=4 us=1279
BATCH stage=decode rows=4 tokens=4 us=1278
BATCH stage=decode rows=4 tokens=4 us=1279
BATCH stage=decode rows=4 tokens=4 us=1279
BATCH stage=decode rows=4 tokens=4 us=1265
BATCH stage=decode rows=4 tokens=4 us=1265
BATCH stage=decode rows=4 tokens=4 us=1281
BATCH stage=decode rows=4 tokens=4 us=1270
BATCH stage=decode rows=4 tokens=4 us=1280
BATCH stage=decode rows=4 tokens=4 us=1262
BATCH stage=decode rows=4 tokens=4 us=1284
BATCH stage=decode rows=4 tokens=4 us=1282
BATCH stage=decode rows=4 tokens=4 us=1272
BATCH stage=decode rows=4 tokens=4 us=1283
BATCH stage=decode rows=4 tokens=4 us=1282
BATCH stage=decode rows=4 tokens=4 us=1281
BATCH stage=decode rows=4 tokens=4 us=1300
BATCH stage=decode rows=4 tokens=4 us=1298
BATCH stage=decode rows=4 tokens=4 us=1297
BATCH stage=decode rows=4 tokens=4 us=1298
BATCH stage=decode rows=4 tokens=4 us=1286
BATCH stage=decode rows=4 tokens=4 us=1294
BATCH stage=decode rows=4 tokens=4 us=1292
BATCH stage=decode rows=4 tokens=4 us=1300
BATCH stage=decode rows=4 tokens=4 us=1297
BATCH stage=decode rows=4 tokens=4 us=1297
BATCH stage=decode rows=4 tokens=4 us=1303
BATCH stage=decode rows=4 tokens=4 us=1298
BATCH stage=decode rows=4 tokens=4 us=1291
BATCH stage=decode rows=4 tokens=4 us=1301
BATCH stage=decode rows=3 tokens=3 us=1280
BATCH stage=prefill rows=1 tokens=128 us=2936
BATCH stage=decode rows=3 tokens=3 us=1275
BATCH stage=prefill rows=1 tokens=398 us=6640
BATCH stage=decode rows=4 tokens=4 us=1305
BATCH stage=decode rows=4 tokens=4 us=1299
BATCH stage=decode rows=4 tokens=4 us=1307
BATCH stage=decode rows=4 tokens=4 us=1309
BATCH stage=decode rows=4 tokens=4 us=1301
BATCH stage=decode rows=4 tokens=4 us=1301
BATCH stage=decode rows=4 tokens=4 us=1303
BATCH stage=decode rows=4 tokens=4 us=1299
BATCH stage=decode rows=4 tokens=4 us=1302
BATCH stage=decode rows=4 tokens=4 us=1300
BATCH stage=decode rows=4 tokens=4 us=1302
BATCH stage=decode rows=4 tokens=4 us=1304
BATCH stage=decode rows=4 tokens=4 us=1303
BATCH stage=decode rows=4 tokens=4 us=1291
BATCH stage=decode rows=4 tokens=4 us=1292
BATCH stage=decode rows=4 tokens=4 us=1287
BATCH stage=decode rows=4 tokens=4 us=1341
BATCH stage=decode rows=4 tokens=4 us=1354
BATCH stage=decode rows=4 tokens=4 us=1350
BATCH stage=decode rows=4 tokens=4 us=1354
BATCH stage=decode rows=4 tokens=4 us=1353
BATCH stage=decode rows=4 tokens=4 us=1343
BATCH stage=decode rows=4 tokens=4 us=1344
BATCH stage=decode rows=4 tokens=4 us=1333
BATCH stage=decode rows=4 tokens=4 us=1348
BATCH stage=decode rows=4 tokens=4 us=1349
BATCH stage=decode rows=4 tokens=4 us=1348
BATCH stage=decode rows=4 tokens=4 us=1351
BATCH stage=decode rows=4 tokens=4 us=1346
BATCH stage=decode rows=3 tokens=3 us=1273
BATCH stage=prefill rows=1 tokens=16 us=2458
BATCH stage=decode rows=4 tokens=4 us=1291
BATCH stage=decode rows=4 tokens=4 us=1298
BATCH stage=decode rows=4 tokens=4 us=1279
BATCH stage=decode rows=4 tokens=4 us=1298
BATCH stage=decode rows=4 tokens=4 us=1299
BATCH stage=decode rows=4 tokens=4 us=1297
BATCH stage=decode rows=4 tokens=4 us=1295
BATCH stage=decode rows=4 tokens=4 us=1301
BATCH stage=decode rows=4 tokens=4 us=1287
BATCH stage=decode rows=4 tokens=4 us=1283
BATCH stage=decode rows=4 tokens=4 us=1283
BATCH stage=decode rows=4 tokens=4 us=1281
BATCH stage=decode rows=4 tokens=4 us=1282
BATCH stage=decode rows=4 tokens=4 us=1285
BATCH stage=decode rows=4 tokens=4 us=1280
BATCH stage=decode rows=4 tokens=4 us=1282
BATCH stage=decode rows=4 tokens=4 us=1300
BATCH stage=decode rows=4 tokens=4 us=1297
BATCH stage=decode rows=4 tokens=4 us=1299
BATCH stage=decode rows=4 tokens=4 us=1299
BATCH stage=decode rows=4 tokens=4 us=1295
BATCH stage=decode rows=4 tokens=4 us=1330
BATCH stage=decode rows=4 tokens=4 us=1347
BATCH stage=decode rows=4 tokens=4 us=1339
BATCH stage=decode rows=4 tokens=4 us=1350
BATCH stage=decode rows=4 tokens=4 us=1347
BATCH stage=decode rows=4 tokens=4 us=1346
BATCH stage=decode rows=4 tokens=4 us=1350
BATCH stage=decode rows=4 tokens=4 us=1347
BATCH stage=decode rows=4 tokens=4 us=1347
BATCH stage=decode rows=4 tokens=4 us=1347
BATCH stage=decode rows=3 tokens=3 us=1325
BATCH stage=prefill rows=1 tokens=128 us=2939
BATCH stage=decode rows=3 tokens=3 us=1345
BATCH stage=prefill rows=1 tokens=398 us=6626
BATCH stage=decode rows=4 tokens=4 us=1365
BATCH stage=decode rows=3 tokens=3 us=1262
BATCH stage=prefill rows=1 tokens=16 us=2460
BATCH stage=decode rows=4 tokens=4 us=1279
BATCH stage=decode rows=4 tokens=4 us=1279
BATCH stage=decode rows=4 tokens=4 us=1283
BATCH stage=decode rows=4 tokens=4 us=1279
BATCH stage=decode rows=4 tokens=4 us=1271
BATCH stage=decode rows=4 tokens=4 us=1285
BATCH stage=decode rows=4 tokens=4 us=1275
BATCH stage=decode rows=4 tokens=4 us=1272
BATCH stage=decode rows=4 tokens=4 us=1282
BATCH stage=decode rows=4 tokens=4 us=1279
BATCH stage=decode rows=4 tokens=4 us=1284
BATCH stage=decode rows=4 tokens=4 us=1283
BATCH stage=decode rows=4 tokens=4 us=1279
BATCH stage=decode rows=4 tokens=4 us=1282
BATCH stage=decode rows=4 tokens=4 us=1282
BATCH stage=decode rows=4 tokens=4 us=1282
BATCH stage=decode rows=4 tokens=4 us=1267
BATCH stage=decode rows=4 tokens=4 us=1292
BATCH stage=decode rows=4 tokens=4 us=1298
BATCH stage=decode rows=4 tokens=4 us=1298
BATCH stage=decode rows=4 tokens=4 us=1277
BATCH stage=decode rows=4 tokens=4 us=1301
BATCH stage=decode rows=4 tokens=4 us=1299
BATCH stage=decode rows=4 tokens=4 us=1301
BATCH stage=decode rows=4 tokens=4 us=1292
BATCH stage=decode rows=4 tokens=4 us=1294
BATCH stage=decode rows=4 tokens=4 us=1300
BATCH stage=decode rows=4 tokens=4 us=1302
BATCH stage=decode rows=4 tokens=4 us=1298
BATCH stage=decode rows=4 tokens=4 us=1290
BATCH stage=decode rows=4 tokens=4 us=1293
BATCH stage=decode rows=3 tokens=3 us=1273
BATCH stage=prefill rows=1 tokens=128 us=2930
BATCH stage=decode rows=4 tokens=4 us=1307
BATCH stage=decode rows=4 tokens=4 us=1300
BATCH stage=decode rows=4 tokens=4 us=1296
BATCH stage=decode rows=4 tokens=4 us=1299
BATCH stage=decode rows=4 tokens=4 us=1299
BATCH stage=decode rows=4 tokens=4 us=1303
BATCH stage=decode rows=4 tokens=4 us=1303
BATCH stage=decode rows=4 tokens=4 us=1299
BATCH stage=decode rows=4 tokens=4 us=1298
BATCH stage=decode rows=4 tokens=4 us=1299
BATCH stage=decode rows=4 tokens=4 us=1298
BATCH stage=decode rows=4 tokens=4 us=1297
BATCH stage=decode rows=4 tokens=4 us=1298
BATCH stage=decode rows=4 tokens=4 us=1303
BATCH stage=decode rows=4 tokens=4 us=1300
BATCH stage=decode rows=4 tokens=4 us=1299
BATCH stage=decode rows=4 tokens=4 us=1291
BATCH stage=decode rows=4 tokens=4 us=1314
BATCH stage=decode rows=4 tokens=4 us=1354
BATCH stage=decode rows=4 tokens=4 us=1352
BATCH stage=decode rows=4 tokens=4 us=1346
BATCH stage=decode rows=4 tokens=4 us=1351
BATCH stage=decode rows=4 tokens=4 us=1349
BATCH stage=decode rows=4 tokens=4 us=1349
BATCH stage=decode rows=4 tokens=4 us=1351
BATCH stage=decode rows=4 tokens=4 us=1348
BATCH stage=decode rows=4 tokens=4 us=1350
BATCH stage=decode rows=4 tokens=4 us=1351
BATCH stage=decode rows=3 tokens=3 us=1316
BATCH stage=prefill rows=1 tokens=398 us=6679
BATCH stage=decode rows=4 tokens=4 us=1366
BATCH stage=decode rows=3 tokens=3 us=1266
BATCH stage=prefill rows=1 tokens=16 us=2478
BATCH stage=decode rows=4 tokens=4 us=1289
BATCH stage=decode rows=4 tokens=4 us=1284
BATCH stage=decode rows=4 tokens=4 us=1266
BATCH stage=decode rows=4 tokens=4 us=1283
BATCH stage=decode rows=4 tokens=4 us=1280
BATCH stage=decode rows=4 tokens=4 us=1281
BATCH stage=decode rows=4 tokens=4 us=1283
BATCH stage=decode rows=4 tokens=4 us=1283
BATCH stage=decode rows=4 tokens=4 us=1286
BATCH stage=decode rows=4 tokens=4 us=1282
BATCH stage=decode rows=4 tokens=4 us=1280
BATCH stage=decode rows=4 tokens=4 us=1282
BATCH stage=decode rows=4 tokens=4 us=1287
BATCH stage=decode rows=4 tokens=4 us=1279
BATCH stage=decode rows=4 tokens=4 us=1278
BATCH stage=decode rows=4 tokens=4 us=1280
BATCH stage=decode rows=4 tokens=4 us=1283
BATCH stage=decode rows=4 tokens=4 us=1302
BATCH stage=decode rows=4 tokens=4 us=1298
BATCH stage=decode rows=4 tokens=4 us=1295
BATCH stage=decode rows=4 tokens=4 us=1302
BATCH stage=decode rows=4 tokens=4 us=1301
BATCH stage=decode rows=4 tokens=4 us=1296
BATCH stage=decode rows=4 tokens=4 us=1299
BATCH stage=decode rows=4 tokens=4 us=1286
BATCH stage=decode rows=4 tokens=4 us=1299
BATCH stage=decode rows=4 tokens=4 us=1297
BATCH stage=decode rows=4 tokens=4 us=1296
BATCH stage=decode rows=4 tokens=4 us=1294
BATCH stage=decode rows=4 tokens=4 us=1299
BATCH stage=decode rows=4 tokens=4 us=1297
BATCH stage=decode rows=3 tokens=3 us=1276
BATCH stage=prefill rows=1 tokens=128 us=2935
BATCH stage=decode rows=3 tokens=3 us=1277
BATCH stage=prefill rows=1 tokens=398 us=6661
BATCH stage=decode rows=4 tokens=4 us=1310
BATCH stage=decode rows=4 tokens=4 us=1300
BATCH stage=decode rows=4 tokens=4 us=1305
BATCH stage=decode rows=4 tokens=4 us=1303
BATCH stage=decode rows=4 tokens=4 us=1299
BATCH stage=decode rows=4 tokens=4 us=1297
BATCH stage=decode rows=4 tokens=4 us=1297
BATCH stage=decode rows=4 tokens=4 us=1299
BATCH stage=decode rows=4 tokens=4 us=1299
BATCH stage=decode rows=4 tokens=4 us=1301
BATCH stage=decode rows=4 tokens=4 us=1300
BATCH stage=decode rows=4 tokens=4 us=1301
BATCH stage=decode rows=4 tokens=4 us=1301
BATCH stage=decode rows=4 tokens=4 us=1302
BATCH stage=decode rows=4 tokens=4 us=1301
BATCH stage=decode rows=4 tokens=4 us=1293
BATCH stage=decode rows=4 tokens=4 us=1334
BATCH stage=decode rows=4 tokens=4 us=1335
BATCH stage=decode rows=4 tokens=4 us=1351
BATCH stage=decode rows=4 tokens=4 us=1352
BATCH stage=decode rows=4 tokens=4 us=1350
BATCH stage=decode rows=4 tokens=4 us=1344
BATCH stage=decode rows=4 tokens=4 us=1349
BATCH stage=decode rows=4 tokens=4 us=1345
BATCH stage=decode rows=4 tokens=4 us=1351
BATCH stage=decode rows=4 tokens=4 us=1344
BATCH stage=decode rows=4 tokens=4 us=1350
BATCH stage=decode rows=4 tokens=4 us=1332
BATCH stage=decode rows=4 tokens=4 us=1336
BATCH stage=decode rows=3 tokens=3 us=1260
BATCH stage=prefill rows=1 tokens=16 us=2455
BATCH stage=decode rows=4 tokens=4 us=1278
BATCH stage=decode rows=4 tokens=4 us=1272
BATCH stage=decode rows=4 tokens=4 us=1346
BATCH stage=decode rows=4 tokens=4 us=1273
BATCH stage=decode rows=4 tokens=4 us=1283
BATCH stage=decode rows=4 tokens=4 us=1279
BATCH stage=decode rows=4 tokens=4 us=1284
BATCH stage=decode rows=4 tokens=4 us=1280
BATCH stage=decode rows=4 tokens=4 us=1268
BATCH stage=decode rows=4 tokens=4 us=1282
BATCH stage=decode rows=4 tokens=4 us=1284
BATCH stage=decode rows=4 tokens=4 us=1265
BATCH stage=decode rows=4 tokens=4 us=1282
BATCH stage=decode rows=4 tokens=4 us=1282
BATCH stage=decode rows=4 tokens=4 us=1263
BATCH stage=decode rows=4 tokens=4 us=1280
BATCH stage=decode rows=4 tokens=4 us=1281
BATCH stage=decode rows=4 tokens=4 us=1291
BATCH stage=decode rows=4 tokens=4 us=1283
BATCH stage=decode rows=4 tokens=4 us=1283
BATCH stage=decode rows=4 tokens=4 us=1273
BATCH stage=decode rows=4 tokens=4 us=1298
BATCH stage=decode rows=4 tokens=4 us=1298
BATCH stage=decode rows=4 tokens=4 us=1301
BATCH stage=decode rows=4 tokens=4 us=1298
BATCH stage=decode rows=4 tokens=4 us=1300
BATCH stage=decode rows=4 tokens=4 us=1289
BATCH stage=decode rows=4 tokens=4 us=1299
BATCH stage=decode rows=4 tokens=4 us=1300
BATCH stage=decode rows=4 tokens=4 us=1298
BATCH stage=decode rows=4 tokens=4 us=1299
BATCH stage=decode rows=3 tokens=3 us=1272
BATCH stage=prefill rows=1 tokens=128 us=2941
BATCH stage=decode rows=3 tokens=3 us=1284
BATCH stage=prefill rows=1 tokens=398 us=6657
BATCH stage=decode rows=4 tokens=4 us=1315
BATCH stage=decode rows=4 tokens=4 us=1303
BATCH stage=decode rows=4 tokens=4 us=1294
BATCH stage=decode rows=4 tokens=4 us=1285
BATCH stage=decode rows=4 tokens=4 us=1288
BATCH stage=decode rows=4 tokens=4 us=1290
BATCH stage=decode rows=4 tokens=4 us=1299
BATCH stage=decode rows=4 tokens=4 us=1300
BATCH stage=decode rows=4 tokens=4 us=1311
BATCH stage=decode rows=4 tokens=4 us=1300
BATCH stage=decode rows=4 tokens=4 us=1302
BATCH stage=decode rows=4 tokens=4 us=1307
BATCH stage=decode rows=4 tokens=4 us=1306
BATCH stage=decode rows=4 tokens=4 us=1302
BATCH stage=decode rows=4 tokens=4 us=1291
BATCH stage=decode rows=4 tokens=4 us=1284
BATCH stage=decode rows=4 tokens=4 us=1337
BATCH stage=decode rows=4 tokens=4 us=1350
BATCH stage=decode rows=4 tokens=4 us=1350
BATCH stage=decode rows=4 tokens=4 us=1350
BATCH stage=decode rows=4 tokens=4 us=1333
BATCH stage=decode rows=4 tokens=4 us=1351
BATCH stage=decode rows=4 tokens=4 us=1357
BATCH stage=decode rows=4 tokens=4 us=1355
BATCH stage=decode rows=4 tokens=4 us=1348
BATCH stage=decode rows=4 tokens=4 us=1348
BATCH stage=decode rows=4 tokens=4 us=1352
BATCH stage=decode rows=4 tokens=4 us=1352
BATCH stage=decode rows=4 tokens=4 us=1349
BATCH stage=decode rows=3 tokens=3 us=1272
BATCH stage=prefill rows=1 tokens=16 us=2456
BATCH stage=decode rows=4 tokens=4 us=1297
BATCH stage=decode rows=4 tokens=4 us=1300
BATCH stage=decode rows=4 tokens=4 us=1298
BATCH stage=decode rows=4 tokens=4 us=1298
BATCH stage=decode rows=4 tokens=4 us=1299
BATCH stage=decode rows=4 tokens=4 us=1299
BATCH stage=decode rows=4 tokens=4 us=1297
BATCH stage=decode rows=4 tokens=4 us=1301
BATCH stage=decode rows=4 tokens=4 us=1299
BATCH stage=decode rows=4 tokens=4 us=1299
BATCH stage=decode rows=4 tokens=4 us=1296
BATCH stage=decode rows=4 tokens=4 us=1300
BATCH stage=decode rows=4 tokens=4 us=1296
BATCH stage=decode rows=4 tokens=4 us=1295
BATCH stage=decode rows=4 tokens=4 us=1300
BATCH stage=decode rows=4 tokens=4 us=1293
BATCH stage=decode rows=4 tokens=4 us=1302
BATCH stage=decode rows=4 tokens=4 us=1302
BATCH stage=decode rows=4 tokens=4 us=1301
BATCH stage=decode rows=4 tokens=4 us=1437
BATCH stage=decode rows=4 tokens=4 us=1329
BATCH stage=decode rows=4 tokens=4 us=1338
BATCH stage=decode rows=4 tokens=4 us=1350
BATCH stage=decode rows=4 tokens=4 us=1349
BATCH stage=decode rows=4 tokens=4 us=1350
BATCH stage=decode rows=4 tokens=4 us=1344
BATCH stage=decode rows=4 tokens=4 us=1350
BATCH stage=decode rows=4 tokens=4 us=1332
BATCH stage=decode rows=4 tokens=4 us=1330
BATCH stage=decode rows=4 tokens=4 us=1345
BATCH stage=decode rows=4 tokens=4 us=1348
BATCH stage=decode rows=3 tokens=3 us=1312
BATCH stage=prefill rows=1 tokens=128 us=2929
BATCH stage=decode rows=3 tokens=3 us=1326
BATCH stage=prefill rows=1 tokens=398 us=6658
BATCH stage=decode rows=4 tokens=4 us=1363
BATCH stage=decode rows=3 tokens=3 us=1263
BATCH stage=prefill rows=1 tokens=16 us=2434
BATCH stage=decode rows=4 tokens=4 us=1257
BATCH stage=decode rows=4 tokens=4 us=1267
BATCH stage=decode rows=4 tokens=4 us=1277
BATCH stage=decode rows=4 tokens=4 us=1285
BATCH stage=decode rows=4 tokens=4 us=1280
BATCH stage=decode rows=4 tokens=4 us=1264
BATCH stage=decode rows=4 tokens=4 us=1271
BATCH stage=decode rows=4 tokens=4 us=1266
BATCH stage=decode rows=4 tokens=4 us=1267
BATCH stage=decode rows=4 tokens=4 us=1267
BATCH stage=decode rows=4 tokens=4 us=1285
BATCH stage=decode rows=4 tokens=4 us=1283
BATCH stage=decode rows=4 tokens=4 us=1280
BATCH stage=decode rows=4 tokens=4 us=1275
BATCH stage=decode rows=4 tokens=4 us=1284
BATCH stage=decode rows=4 tokens=4 us=1264
BATCH stage=decode rows=4 tokens=4 us=1268
BATCH stage=decode rows=4 tokens=4 us=1284
BATCH stage=decode rows=4 tokens=4 us=1275
BATCH stage=decode rows=4 tokens=4 us=1279
BATCH stage=decode rows=4 tokens=4 us=1299
BATCH stage=decode rows=4 tokens=4 us=1289
BATCH stage=decode rows=4 tokens=4 us=1281
BATCH stage=decode rows=4 tokens=4 us=1296
BATCH stage=decode rows=4 tokens=4 us=1299
BATCH stage=decode rows=4 tokens=4 us=1300
BATCH stage=decode rows=4 tokens=4 us=1298
BATCH stage=decode rows=4 tokens=4 us=1296
BATCH stage=decode rows=4 tokens=4 us=1295
BATCH stage=decode rows=4 tokens=4 us=1300
BATCH stage=decode rows=4 tokens=4 us=1301
BATCH stage=decode rows=3 tokens=3 us=1259
BATCH stage=prefill rows=1 tokens=128 us=2943
BATCH stage=decode rows=4 tokens=4 us=1289
BATCH stage=decode rows=4 tokens=4 us=1296
BATCH stage=decode rows=4 tokens=4 us=1304
BATCH stage=decode rows=4 tokens=4 us=1299
BATCH stage=decode rows=4 tokens=4 us=1297
BATCH stage=decode rows=4 tokens=4 us=1286
BATCH stage=decode rows=4 tokens=4 us=1300
BATCH stage=decode rows=4 tokens=4 us=1302
BATCH stage=decode rows=4 tokens=4 us=1297
BATCH stage=decode rows=4 tokens=4 us=1305
BATCH stage=decode rows=4 tokens=4 us=1296
BATCH stage=decode rows=4 tokens=4 us=1299
BATCH stage=decode rows=4 tokens=4 us=1283
BATCH stage=decode rows=4 tokens=4 us=1328
BATCH stage=decode rows=4 tokens=4 us=1308
BATCH stage=decode rows=4 tokens=4 us=1301
BATCH stage=decode rows=4 tokens=4 us=1298
BATCH stage=decode rows=4 tokens=4 us=1322
BATCH stage=decode rows=4 tokens=4 us=1348
BATCH stage=decode rows=4 tokens=4 us=1350
BATCH stage=decode rows=4 tokens=4 us=1350
BATCH stage=decode rows=4 tokens=4 us=1333
BATCH stage=decode rows=4 tokens=4 us=1338
BATCH stage=decode rows=4 tokens=4 us=1333
BATCH stage=decode rows=4 tokens=4 us=1346
BATCH stage=decode rows=4 tokens=4 us=1351
BATCH stage=decode rows=4 tokens=4 us=1348
BATCH stage=decode rows=4 tokens=4 us=1347
BATCH stage=decode rows=3 tokens=3 us=1312
BATCH stage=prefill rows=1 tokens=398 us=6658
BATCH stage=decode rows=4 tokens=4 us=1375
BATCH stage=decode rows=3 tokens=3 us=1267
BATCH stage=prefill rows=1 tokens=16 us=2447
BATCH stage=decode rows=4 tokens=4 us=1288
BATCH stage=decode rows=4 tokens=4 us=1282
BATCH stage=decode rows=4 tokens=4 us=1282
BATCH stage=decode rows=4 tokens=4 us=1280
BATCH stage=decode rows=4 tokens=4 us=1287
BATCH stage=decode rows=4 tokens=4 us=1295
BATCH stage=decode rows=4 tokens=4 us=1282
BATCH stage=decode rows=4 tokens=4 us=1276
BATCH stage=decode rows=4 tokens=4 us=1266
BATCH stage=decode rows=4 tokens=4 us=1283
BATCH stage=decode rows=4 tokens=4 us=1277
BATCH stage=decode rows=4 tokens=4 us=1274
BATCH stage=decode rows=4 tokens=4 us=1283
BATCH stage=decode rows=4 tokens=4 us=1282
BATCH stage=decode rows=4 tokens=4 us=1279
BATCH stage=decode rows=4 tokens=4 us=1266
BATCH stage=decode rows=4 tokens=4 us=1267
BATCH stage=decode rows=4 tokens=4 us=1289
BATCH stage=decode rows=4 tokens=4 us=1299
BATCH stage=decode rows=4 tokens=4 us=1301
BATCH stage=decode rows=4 tokens=4 us=1299
BATCH stage=decode rows=4 tokens=4 us=1302
BATCH stage=decode rows=4 tokens=4 us=1290
BATCH stage=decode rows=4 tokens=4 us=1299
BATCH stage=decode rows=4 tokens=4 us=1301
BATCH stage=decode rows=4 tokens=4 us=1302
BATCH stage=decode rows=4 tokens=4 us=1299
BATCH stage=decode rows=4 tokens=4 us=1299
BATCH stage=decode rows=4 tokens=4 us=1293
BATCH stage=decode rows=4 tokens=4 us=1299
BATCH stage=decode rows=4 tokens=4 us=1299
BATCH stage=decode rows=3 tokens=3 us=1261
BATCH stage=prefill rows=1 tokens=128 us=2936
BATCH stage=decode rows=3 tokens=3 us=1284
BATCH stage=prefill rows=1 tokens=398 us=6654
BATCH stage=decode rows=4 tokens=4 us=1297
BATCH stage=decode rows=4 tokens=4 us=1287
BATCH stage=decode rows=4 tokens=4 us=1310
BATCH stage=decode rows=4 tokens=4 us=1318
BATCH stage=decode rows=4 tokens=4 us=1305
BATCH stage=decode rows=4 tokens=4 us=1302
BATCH stage=decode rows=4 tokens=4 us=1305
BATCH stage=decode rows=4 tokens=4 us=1301
BATCH stage=decode rows=4 tokens=4 us=1304
BATCH stage=decode rows=4 tokens=4 us=1309
BATCH stage=decode rows=4 tokens=4 us=1301
BATCH stage=decode rows=4 tokens=4 us=1298
BATCH stage=decode rows=4 tokens=4 us=1305
BATCH stage=decode rows=4 tokens=4 us=1302
BATCH stage=decode rows=4 tokens=4 us=1303
BATCH stage=decode rows=4 tokens=4 us=1307
BATCH stage=decode rows=4 tokens=4 us=1332
BATCH stage=decode rows=4 tokens=4 us=1351
BATCH stage=decode rows=4 tokens=4 us=1346
BATCH stage=decode rows=4 tokens=4 us=1349
BATCH stage=decode rows=4 tokens=4 us=1348
BATCH stage=decode rows=4 tokens=4 us=1351
BATCH stage=decode rows=4 tokens=4 us=1348
BATCH stage=decode rows=4 tokens=4 us=1350
BATCH stage=decode rows=4 tokens=4 us=1347
BATCH stage=decode rows=4 tokens=4 us=1335
BATCH stage=decode rows=4 tokens=4 us=1334
BATCH stage=decode rows=4 tokens=4 us=1346
BATCH stage=decode rows=4 tokens=4 us=1332
BATCH stage=decode rows=3 tokens=3 us=1265
BATCH stage=prefill rows=1 tokens=16 us=2454
BATCH stage=decode rows=4 tokens=4 us=1261
BATCH stage=decode rows=4 tokens=4 us=1285
BATCH stage=decode rows=4 tokens=4 us=1277
BATCH stage=decode rows=4 tokens=4 us=1263
BATCH stage=decode rows=4 tokens=4 us=1279
BATCH stage=decode rows=4 tokens=4 us=1277
BATCH stage=decode rows=4 tokens=4 us=1282
BATCH stage=decode rows=4 tokens=4 us=1284
BATCH stage=decode rows=4 tokens=4 us=1282
BATCH stage=decode rows=4 tokens=4 us=1282
BATCH stage=decode rows=4 tokens=4 us=1281
BATCH stage=decode rows=4 tokens=4 us=1284
BATCH stage=decode rows=4 tokens=4 us=1282
BATCH stage=decode rows=4 tokens=4 us=1285
BATCH stage=decode rows=4 tokens=4 us=1282
BATCH stage=decode rows=4 tokens=4 us=1287
BATCH stage=decode rows=4 tokens=4 us=1286
BATCH stage=decode rows=4 tokens=4 us=1301
BATCH stage=decode rows=4 tokens=4 us=1299
BATCH stage=decode rows=4 tokens=4 us=1297
BATCH stage=decode rows=4 tokens=4 us=1306
BATCH stage=decode rows=4 tokens=4 us=1284
BATCH stage=decode rows=4 tokens=4 us=1285
BATCH stage=decode rows=4 tokens=4 us=1302
BATCH stage=decode rows=4 tokens=4 us=1297
BATCH stage=decode rows=4 tokens=4 us=1291
BATCH stage=decode rows=4 tokens=4 us=1299
BATCH stage=decode rows=4 tokens=4 us=1301
BATCH stage=decode rows=4 tokens=4 us=1300
BATCH stage=decode rows=4 tokens=4 us=1293
BATCH stage=decode rows=4 tokens=4 us=1291
BATCH stage=decode rows=3 tokens=3 us=1277
BATCH stage=prefill rows=1 tokens=128 us=2943
BATCH stage=decode rows=3 tokens=3 us=1276
BATCH stage=prefill rows=1 tokens=398 us=6643
BATCH stage=decode rows=4 tokens=4 us=1312
BATCH stage=decode rows=4 tokens=4 us=1303
BATCH stage=decode rows=4 tokens=4 us=1300
BATCH stage=decode rows=4 tokens=4 us=1303
BATCH stage=decode rows=4 tokens=4 us=1301
BATCH stage=decode rows=4 tokens=4 us=1299
BATCH stage=decode rows=4 tokens=4 us=1287
BATCH stage=decode rows=4 tokens=4 us=1299
BATCH stage=decode rows=4 tokens=4 us=1301
BATCH stage=decode rows=4 tokens=4 us=1300
BATCH stage=decode rows=4 tokens=4 us=1299
BATCH stage=decode rows=4 tokens=4 us=1300
BATCH stage=decode rows=4 tokens=4 us=1298
BATCH stage=decode rows=4 tokens=4 us=1298
BATCH stage=decode rows=4 tokens=4 us=1304
BATCH stage=decode rows=4 tokens=4 us=1291
BATCH stage=decode rows=4 tokens=4 us=1332
BATCH stage=decode rows=4 tokens=4 us=1350
BATCH stage=decode rows=4 tokens=4 us=1349
BATCH stage=decode rows=4 tokens=4 us=1351
BATCH stage=decode rows=4 tokens=4 us=1352
BATCH stage=decode rows=4 tokens=4 us=1360
BATCH stage=decode rows=4 tokens=4 us=1352
BATCH stage=decode rows=4 tokens=4 us=1349
BATCH stage=decode rows=4 tokens=4 us=1350
BATCH stage=decode rows=4 tokens=4 us=1351
BATCH stage=decode rows=4 tokens=4 us=1347
BATCH stage=decode rows=4 tokens=4 us=1351
BATCH stage=decode rows=4 tokens=4 us=1347
BATCH stage=decode rows=3 tokens=3 us=1282
BATCH stage=prefill rows=1 tokens=16 us=2462
BATCH stage=decode rows=4 tokens=4 us=1294
BATCH stage=decode rows=4 tokens=4 us=1296
BATCH stage=decode rows=4 tokens=4 us=1296
BATCH stage=decode rows=4 tokens=4 us=1296
BATCH stage=decode rows=4 tokens=4 us=1308
BATCH stage=decode rows=4 tokens=4 us=1307
BATCH stage=decode rows=4 tokens=4 us=1301
BATCH stage=decode rows=4 tokens=4 us=1290
BATCH stage=decode rows=4 tokens=4 us=1305
BATCH stage=decode rows=4 tokens=4 us=1288
BATCH stage=decode rows=4 tokens=4 us=1286
BATCH stage=decode rows=4 tokens=4 us=1298
BATCH stage=decode rows=4 tokens=4 us=1299
BATCH stage=decode rows=4 tokens=4 us=1299
BATCH stage=decode rows=4 tokens=4 us=1303
BATCH stage=decode rows=4 tokens=4 us=1296
BATCH stage=decode rows=4 tokens=4 us=1299
BATCH stage=decode rows=4 tokens=4 us=1300
BATCH stage=decode rows=4 tokens=4 us=1298
BATCH stage=decode rows=4 tokens=4 us=1296
BATCH stage=decode rows=4 tokens=4 us=1277
BATCH stage=decode rows=4 tokens=4 us=1333
BATCH stage=decode rows=4 tokens=4 us=1347
BATCH stage=decode rows=4 tokens=4 us=1353
BATCH stage=decode rows=4 tokens=4 us=1352
BATCH stage=decode rows=4 tokens=4 us=1351
BATCH stage=decode rows=4 tokens=4 us=1348
BATCH stage=decode rows=4 tokens=4 us=1345
BATCH stage=decode rows=4 tokens=4 us=1349
BATCH stage=decode rows=4 tokens=4 us=1348
BATCH stage=decode rows=4 tokens=4 us=1349
BATCH stage=decode rows=3 tokens=3 us=1330
BATCH stage=prefill rows=1 tokens=128 us=2944
BATCH stage=decode rows=3 tokens=3 us=1345
BATCH stage=prefill rows=1 tokens=398 us=6665
BATCH stage=decode rows=4 tokens=4 us=1369
BATCH stage=decode rows=3 tokens=3 us=1267
BATCH stage=prefill rows=1 tokens=16 us=2462
BATCH stage=decode rows=4 tokens=4 us=1277
BATCH stage=decode rows=4 tokens=4 us=1286
BATCH stage=decode rows=4 tokens=4 us=1282
BATCH stage=decode rows=4 tokens=4 us=1286
BATCH stage=decode rows=4 tokens=4 us=1277
BATCH stage=decode rows=4 tokens=4 us=1282
BATCH stage=decode rows=4 tokens=4 us=1286
BATCH stage=decode rows=4 tokens=4 us=1274
BATCH stage=decode rows=4 tokens=4 us=1283
BATCH stage=decode rows=4 tokens=4 us=1282
BATCH stage=decode rows=4 tokens=4 us=1283
BATCH stage=decode rows=4 tokens=4 us=1286
BATCH stage=decode rows=4 tokens=4 us=1285
BATCH stage=decode rows=4 tokens=4 us=1273
BATCH stage=decode rows=4 tokens=4 us=1278
BATCH stage=decode rows=4 tokens=4 us=1282
BATCH stage=decode rows=4 tokens=4 us=1282
BATCH stage=decode rows=4 tokens=4 us=1301
BATCH stage=decode rows=4 tokens=4 us=1286
BATCH stage=decode rows=4 tokens=4 us=1297
BATCH stage=decode rows=4 tokens=4 us=1292
BATCH stage=decode rows=4 tokens=4 us=1294
BATCH stage=decode rows=4 tokens=4 us=1282
BATCH stage=decode rows=4 tokens=4 us=1283
BATCH stage=decode rows=4 tokens=4 us=1295
BATCH stage=decode rows=4 tokens=4 us=1299
BATCH stage=decode rows=4 tokens=4 us=1283
BATCH stage=decode rows=4 tokens=4 us=1294
BATCH stage=decode rows=4 tokens=4 us=1291
BATCH stage=decode rows=4 tokens=4 us=1302
BATCH stage=decode rows=4 tokens=4 us=1287
BATCH stage=decode rows=3 tokens=3 us=1278
BATCH stage=prefill rows=1 tokens=128 us=2937
BATCH stage=decode rows=4 tokens=4 us=1302
BATCH stage=decode rows=4 tokens=4 us=1300
BATCH stage=decode rows=4 tokens=4 us=1289
BATCH stage=decode rows=4 tokens=4 us=1288
BATCH stage=decode rows=4 tokens=4 us=1285
BATCH stage=decode rows=4 tokens=4 us=1303
BATCH stage=decode rows=4 tokens=4 us=1297
BATCH stage=decode rows=4 tokens=4 us=1285
BATCH stage=decode rows=4 tokens=4 us=1283
BATCH stage=decode rows=4 tokens=4 us=1292
BATCH stage=decode rows=4 tokens=4 us=1299
BATCH stage=decode rows=4 tokens=4 us=1286
BATCH stage=decode rows=4 tokens=4 us=1281
BATCH stage=decode rows=4 tokens=4 us=1289
BATCH stage=decode rows=4 tokens=4 us=1286
BATCH stage=decode rows=4 tokens=4 us=1285
BATCH stage=decode rows=4 tokens=4 us=1290
BATCH stage=decode rows=4 tokens=4 us=1319
BATCH stage=decode rows=4 tokens=4 us=1333
BATCH stage=decode rows=4 tokens=4 us=1333
BATCH stage=decode rows=4 tokens=4 us=1346
BATCH stage=decode rows=4 tokens=4 us=1338
BATCH stage=decode rows=4 tokens=4 us=1358
BATCH stage=decode rows=4 tokens=4 us=1335
BATCH stage=decode rows=4 tokens=4 us=1334
BATCH stage=decode rows=4 tokens=4 us=1333
BATCH stage=decode rows=4 tokens=4 us=1332
BATCH stage=decode rows=4 tokens=4 us=1334
BATCH stage=decode rows=3 tokens=3 us=1315
BATCH stage=prefill rows=1 tokens=398 us=6664
BATCH stage=decode rows=4 tokens=4 us=1359
BATCH stage=decode rows=3 tokens=3 us=1245
BATCH stage=prefill rows=1 tokens=16 us=2464
BATCH stage=decode rows=4 tokens=4 us=1263
BATCH stage=decode rows=4 tokens=4 us=1272
BATCH stage=decode rows=4 tokens=4 us=1276
BATCH stage=decode rows=4 tokens=4 us=1266
BATCH stage=decode rows=4 tokens=4 us=1266
BATCH stage=decode rows=4 tokens=4 us=1276
BATCH stage=decode rows=4 tokens=4 us=1280
BATCH stage=decode rows=4 tokens=4 us=1272
BATCH stage=decode rows=4 tokens=4 us=1276
BATCH stage=decode rows=4 tokens=4 us=1283
BATCH stage=decode rows=4 tokens=4 us=1266
BATCH stage=decode rows=4 tokens=4 us=1267
BATCH stage=decode rows=4 tokens=4 us=1278
BATCH stage=decode rows=4 tokens=4 us=1281
BATCH stage=decode rows=4 tokens=4 us=1265
BATCH stage=decode rows=4 tokens=4 us=1275
BATCH stage=decode rows=4 tokens=4 us=1269
BATCH stage=decode rows=4 tokens=4 us=1279
BATCH stage=decode rows=4 tokens=4 us=1277
BATCH stage=decode rows=4 tokens=4 us=1286
BATCH stage=decode rows=4 tokens=4 us=1282
BATCH stage=decode rows=4 tokens=4 us=1281
BATCH stage=decode rows=4 tokens=4 us=1288
BATCH stage=decode rows=4 tokens=4 us=1282
BATCH stage=decode rows=4 tokens=4 us=1303
BATCH stage=decode rows=4 tokens=4 us=1297
BATCH stage=decode rows=4 tokens=4 us=1280
BATCH stage=decode rows=4 tokens=4 us=1282
BATCH stage=decode rows=4 tokens=4 us=1282
BATCH stage=decode rows=4 tokens=4 us=1289
BATCH stage=decode rows=4 tokens=4 us=1299
BATCH stage=decode rows=3 tokens=3 us=1274
BATCH stage=prefill rows=1 tokens=128 us=2943
BATCH stage=decode rows=3 tokens=3 us=1268
BATCH stage=prefill rows=1 tokens=398 us=6663
BATCH stage=decode rows=4 tokens=4 us=1312
BATCH stage=decode rows=4 tokens=4 us=1302
BATCH stage=decode rows=4 tokens=4 us=1302
BATCH stage=decode rows=4 tokens=4 us=1298
BATCH stage=decode rows=4 tokens=4 us=1296
BATCH stage=decode rows=4 tokens=4 us=1300
BATCH stage=decode rows=4 tokens=4 us=1298
BATCH stage=decode rows=4 tokens=4 us=1301
BATCH stage=decode rows=4 tokens=4 us=1303
BATCH stage=decode rows=4 tokens=4 us=1302
BATCH stage=decode rows=4 tokens=4 us=1285
BATCH stage=decode rows=4 tokens=4 us=1284
BATCH stage=decode rows=4 tokens=4 us=1302
BATCH stage=decode rows=4 tokens=4 us=1303
BATCH stage=decode rows=4 tokens=4 us=1298
BATCH stage=decode rows=4 tokens=4 us=1293
BATCH stage=decode rows=4 tokens=4 us=1324
BATCH stage=decode rows=4 tokens=4 us=1349
BATCH stage=decode rows=4 tokens=4 us=1335
BATCH stage=decode rows=4 tokens=4 us=1340
BATCH stage=decode rows=4 tokens=4 us=1350
BATCH stage=decode rows=4 tokens=4 us=1351
BATCH stage=decode rows=4 tokens=4 us=1349
BATCH stage=decode rows=4 tokens=4 us=1350
BATCH stage=decode rows=4 tokens=4 us=1346
BATCH stage=decode rows=4 tokens=4 us=1351
BATCH stage=decode rows=4 tokens=4 us=1338
BATCH stage=decode rows=4 tokens=4 us=1347
BATCH stage=decode rows=4 tokens=4 us=1345
BATCH stage=decode rows=3 tokens=3 us=1254
BATCH stage=prefill rows=1 tokens=16 us=2449
BATCH stage=decode rows=4 tokens=4 us=1281
BATCH stage=decode rows=4 tokens=4 us=1286
BATCH stage=decode rows=4 tokens=4 us=1266
BATCH stage=decode rows=4 tokens=4 us=1269
BATCH stage=decode rows=4 tokens=4 us=1279
BATCH stage=decode rows=4 tokens=4 us=1279
BATCH stage=decode rows=4 tokens=4 us=1278
BATCH stage=decode rows=4 tokens=4 us=1276
BATCH stage=decode rows=4 tokens=4 us=1279
BATCH stage=decode rows=4 tokens=4 us=1273
BATCH stage=decode rows=4 tokens=4 us=1282
BATCH stage=decode rows=4 tokens=4 us=1264
BATCH stage=decode rows=4 tokens=4 us=1265
BATCH stage=decode rows=4 tokens=4 us=1268
BATCH stage=decode rows=4 tokens=4 us=1267
BATCH stage=decode rows=4 tokens=4 us=1270
BATCH stage=decode rows=4 tokens=4 us=1277
BATCH stage=decode rows=4 tokens=4 us=1297
BATCH stage=decode rows=4 tokens=4 us=1284
BATCH stage=decode rows=4 tokens=4 us=1296
BATCH stage=decode rows=4 tokens=4 us=1289
BATCH stage=decode rows=4 tokens=4 us=1293
BATCH stage=decode rows=4 tokens=4 us=1292
BATCH stage=decode rows=4 tokens=4 us=1299
BATCH stage=decode rows=4 tokens=4 us=1292
BATCH stage=decode rows=4 tokens=4 us=1301
BATCH stage=decode rows=4 tokens=4 us=1295
BATCH stage=decode rows=4 tokens=4 us=1289
BATCH stage=decode rows=4 tokens=4 us=1288
BATCH stage=decode rows=4 tokens=4 us=1302
BATCH stage=decode rows=4 tokens=4 us=1293
BATCH stage=decode rows=3 tokens=3 us=1265
BATCH stage=prefill rows=1 tokens=128 us=2932
BATCH stage=decode rows=3 tokens=3 us=1288
BATCH stage=prefill rows=1 tokens=398 us=6664
BATCH stage=decode rows=4 tokens=4 us=1317
BATCH stage=decode rows=4 tokens=4 us=1303
BATCH stage=decode rows=4 tokens=4 us=1298
BATCH stage=decode rows=4 tokens=4 us=1301
BATCH stage=decode rows=4 tokens=4 us=1295
BATCH stage=decode rows=4 tokens=4 us=1301
BATCH stage=decode rows=4 tokens=4 us=1296
BATCH stage=decode rows=4 tokens=4 us=1284
BATCH stage=decode rows=4 tokens=4 us=1296
BATCH stage=decode rows=4 tokens=4 us=1300
BATCH stage=decode rows=4 tokens=4 us=1300
BATCH stage=decode rows=4 tokens=4 us=1300
BATCH stage=decode rows=4 tokens=4 us=1298
BATCH stage=decode rows=4 tokens=4 us=1298
BATCH stage=decode rows=4 tokens=4 us=1302
BATCH stage=decode rows=4 tokens=4 us=1294
BATCH stage=decode rows=4 tokens=4 us=1330
BATCH stage=decode rows=4 tokens=4 us=1347
BATCH stage=decode rows=4 tokens=4 us=1333
BATCH stage=decode rows=4 tokens=4 us=1336
BATCH stage=decode rows=4 tokens=4 us=1336
BATCH stage=decode rows=4 tokens=4 us=1336
BATCH stage=decode rows=4 tokens=4 us=1343
BATCH stage=decode rows=4 tokens=4 us=1342
BATCH stage=decode rows=4 tokens=4 us=1337
BATCH stage=decode rows=4 tokens=4 us=1336
BATCH stage=decode rows=4 tokens=4 us=1339
BATCH stage=decode rows=4 tokens=4 us=1339
BATCH stage=decode rows=4 tokens=4 us=1332
BATCH stage=decode rows=3 tokens=3 us=1266
BATCH stage=prefill rows=1 tokens=16 us=2440
BATCH stage=decode rows=4 tokens=4 us=1278
BATCH stage=decode rows=4 tokens=4 us=1276
BATCH stage=decode rows=4 tokens=4 us=1284
BATCH stage=decode rows=4 tokens=4 us=1283
BATCH stage=decode rows=4 tokens=4 us=1299
BATCH stage=decode rows=4 tokens=4 us=1291
BATCH stage=decode rows=4 tokens=4 us=1282
BATCH stage=decode rows=4 tokens=4 us=1283
BATCH stage=decode rows=4 tokens=4 us=1296
BATCH stage=decode rows=4 tokens=4 us=1294
BATCH stage=decode rows=4 tokens=4 us=1284
BATCH stage=decode rows=4 tokens=4 us=1293
BATCH stage=decode rows=4 tokens=4 us=1285
BATCH stage=decode rows=4 tokens=4 us=1281
BATCH stage=decode rows=4 tokens=4 us=1281
BATCH stage=decode rows=4 tokens=4 us=1300
BATCH stage=decode rows=4 tokens=4 us=1293
BATCH stage=decode rows=4 tokens=4 us=1282
BATCH stage=decode rows=4 tokens=4 us=1285
BATCH stage=decode rows=4 tokens=4 us=1283
BATCH stage=decode rows=4 tokens=4 us=1293
BATCH stage=decode rows=4 tokens=4 us=1332
BATCH stage=decode rows=4 tokens=4 us=1332
BATCH stage=decode rows=4 tokens=4 us=1333
BATCH stage=decode rows=4 tokens=4 us=1331
BATCH stage=decode rows=4 tokens=4 us=1339
BATCH stage=decode rows=4 tokens=4 us=1354
BATCH stage=decode rows=4 tokens=4 us=1349
BATCH stage=decode rows=4 tokens=4 us=1336
BATCH stage=decode rows=4 tokens=4 us=1348
BATCH stage=decode rows=4 tokens=4 us=1343
BATCH stage=decode rows=3 tokens=3 us=1325
BATCH stage=prefill rows=1 tokens=128 us=2942
BATCH stage=decode rows=3 tokens=3 us=1357
BATCH stage=prefill rows=1 tokens=398 us=6705
BATCH stage=decode rows=4 tokens=4 us=1349
BATCH stage=decode rows=3 tokens=3 us=1264
BATCH stage=prefill rows=1 tokens=16 us=2454
BATCH stage=decode rows=4 tokens=4 us=1288
BATCH stage=decode rows=4 tokens=4 us=1289
BATCH stage=decode rows=4 tokens=4 us=1285
BATCH stage=decode rows=4 tokens=4 us=1272
BATCH stage=decode rows=4 tokens=4 us=1270
BATCH stage=decode rows=4 tokens=4 us=1266
BATCH stage=decode rows=4 tokens=4 us=1268
BATCH stage=decode rows=4 tokens=4 us=1265
BATCH stage=decode rows=4 tokens=4 us=1269
BATCH stage=decode rows=4 tokens=4 us=1277
BATCH stage=decode rows=4 tokens=4 us=1279
BATCH stage=decode rows=4 tokens=4 us=1284
BATCH stage=decode rows=4 tokens=4 us=1272
BATCH stage=decode rows=4 tokens=4 us=1268
BATCH stage=decode rows=4 tokens=4 us=1271
BATCH stage=decode rows=4 tokens=4 us=1274
BATCH stage=decode rows=4 tokens=4 us=1266
BATCH stage=decode rows=4 tokens=4 us=1288
BATCH stage=decode rows=4 tokens=4 us=1281
BATCH stage=decode rows=4 tokens=4 us=1277
BATCH stage=decode rows=4 tokens=4 us=1291
BATCH stage=decode rows=4 tokens=4 us=1276
BATCH stage=decode rows=4 tokens=4 us=1289
BATCH stage=decode rows=4 tokens=4 us=1291
BATCH stage=decode rows=4 tokens=4 us=1295
BATCH stage=decode rows=4 tokens=4 us=1294
BATCH stage=decode rows=4 tokens=4 us=1290
BATCH stage=decode rows=4 tokens=4 us=1304
BATCH stage=decode rows=4 tokens=4 us=1282
BATCH stage=decode rows=4 tokens=4 us=1283
BATCH stage=decode rows=4 tokens=4 us=1288
BATCH stage=decode rows=3 tokens=3 us=1265
BATCH stage=prefill rows=1 tokens=128 us=2945
BATCH stage=decode rows=4 tokens=4 us=1306
BATCH stage=decode rows=4 tokens=4 us=1301
BATCH stage=decode rows=4 tokens=4 us=1300
BATCH stage=decode rows=4 tokens=4 us=1295
BATCH stage=decode rows=4 tokens=4 us=1296
BATCH stage=decode rows=4 tokens=4 us=1287
BATCH stage=decode rows=4 tokens=4 us=1293
BATCH stage=decode rows=4 tokens=4 us=1294
BATCH stage=decode rows=4 tokens=4 us=1281
BATCH stage=decode rows=4 tokens=4 us=1299
BATCH stage=decode rows=4 tokens=4 us=1297
BATCH stage=decode rows=4 tokens=4 us=1299
BATCH stage=decode rows=4 tokens=4 us=1299
BATCH stage=decode rows=4 tokens=4 us=1286
BATCH stage=decode rows=4 tokens=4 us=1287
BATCH stage=decode rows=4 tokens=4 us=1300
BATCH stage=decode rows=4 tokens=4 us=1277
BATCH stage=decode rows=4 tokens=4 us=1324
BATCH stage=decode rows=4 tokens=4 us=1340
BATCH stage=decode rows=4 tokens=4 us=1345
BATCH stage=decode rows=4 tokens=4 us=1345
BATCH stage=decode rows=4 tokens=4 us=1333
BATCH stage=decode rows=4 tokens=4 us=1345
BATCH stage=decode rows=4 tokens=4 us=1342
BATCH stage=decode rows=4 tokens=4 us=1349
BATCH stage=decode rows=4 tokens=4 us=1351
BATCH stage=decode rows=4 tokens=4 us=1347
BATCH stage=decode rows=4 tokens=4 us=1342
BATCH stage=decode rows=3 tokens=3 us=1331
BATCH stage=prefill rows=1 tokens=398 us=6659
BATCH stage=decode rows=4 tokens=4 us=1366
BATCH stage=decode rows=3 tokens=3 us=1256
BATCH stage=prefill rows=1 tokens=16 us=2462
BATCH stage=decode rows=4 tokens=4 us=1271
BATCH stage=decode rows=4 tokens=4 us=1272
BATCH stage=decode rows=4 tokens=4 us=1282
BATCH stage=decode rows=4 tokens=4 us=1266
BATCH stage=decode rows=4 tokens=4 us=1277
BATCH stage=decode rows=4 tokens=4 us=1281
BATCH stage=decode rows=4 tokens=4 us=1277
BATCH stage=decode rows=4 tokens=4 us=1270
BATCH stage=decode rows=4 tokens=4 us=1270
BATCH stage=decode rows=4 tokens=4 us=1268
BATCH stage=decode rows=4 tokens=4 us=1266
BATCH stage=decode rows=4 tokens=4 us=1282
BATCH stage=decode rows=4 tokens=4 us=1283
BATCH stage=decode rows=4 tokens=4 us=1277
BATCH stage=decode rows=4 tokens=4 us=1280
BATCH stage=decode rows=4 tokens=4 us=1273
BATCH stage=decode rows=4 tokens=4 us=1276
BATCH stage=decode rows=4 tokens=4 us=1302
BATCH stage=decode rows=4 tokens=4 us=1292
BATCH stage=decode rows=4 tokens=4 us=1293
BATCH stage=decode rows=4 tokens=4 us=1302
BATCH stage=decode rows=4 tokens=4 us=1300
BATCH stage=decode rows=4 tokens=4 us=1295
BATCH stage=decode rows=4 tokens=4 us=1294
BATCH stage=decode rows=4 tokens=4 us=1289
BATCH stage=decode rows=4 tokens=4 us=1294
BATCH stage=decode rows=4 tokens=4 us=1291
BATCH stage=decode rows=4 tokens=4 us=1295
BATCH stage=decode rows=4 tokens=4 us=1294
BATCH stage=decode rows=4 tokens=4 us=1293
BATCH stage=decode rows=4 tokens=4 us=1298
BATCH stage=decode rows=3 tokens=3 us=1275
BATCH stage=prefill rows=1 tokens=128 us=2942
BATCH stage=decode rows=3 tokens=3 us=1284
BATCH stage=prefill rows=1 tokens=398 us=6651
BATCH stage=decode rows=4 tokens=4 us=1302
BATCH stage=decode rows=4 tokens=4 us=1298
BATCH stage=decode rows=4 tokens=4 us=1299
BATCH stage=decode rows=4 tokens=4 us=1299
BATCH stage=decode rows=4 tokens=4 us=1299
BATCH stage=decode rows=4 tokens=4 us=1300
BATCH stage=decode rows=4 tokens=4 us=1284
BATCH stage=decode rows=4 tokens=4 us=1281
BATCH stage=decode rows=4 tokens=4 us=1300
BATCH stage=decode rows=4 tokens=4 us=1287
BATCH stage=decode rows=4 tokens=4 us=1284
BATCH stage=decode rows=4 tokens=4 us=1285
BATCH stage=decode rows=4 tokens=4 us=1298
BATCH stage=decode rows=4 tokens=4 us=1288
BATCH stage=decode rows=4 tokens=4 us=1296
BATCH stage=decode rows=4 tokens=4 us=1289
BATCH stage=decode rows=4 tokens=4 us=1318
BATCH stage=decode rows=4 tokens=4 us=1331
BATCH stage=decode rows=4 tokens=4 us=1335
BATCH stage=decode rows=4 tokens=4 us=1332
BATCH stage=decode rows=4 tokens=4 us=1346
BATCH stage=decode rows=4 tokens=4 us=1334
BATCH stage=decode rows=4 tokens=4 us=1341
BATCH stage=decode rows=4 tokens=4 us=1337
BATCH stage=decode rows=4 tokens=4 us=1350
BATCH stage=decode rows=4 tokens=4 us=1341
BATCH stage=decode rows=4 tokens=4 us=1346
BATCH stage=decode rows=4 tokens=4 us=1348
BATCH stage=decode rows=4 tokens=4 us=1348
BATCH stage=decode rows=3 tokens=3 us=1248
BATCH stage=prefill rows=1 tokens=16 us=2454
BATCH stage=decode rows=4 tokens=4 us=1285
BATCH stage=decode rows=4 tokens=4 us=1270
BATCH stage=decode rows=4 tokens=4 us=1268
BATCH stage=decode rows=4 tokens=4 us=1266
BATCH stage=decode rows=4 tokens=4 us=1268
BATCH stage=decode rows=4 tokens=4 us=1266
BATCH stage=decode rows=4 tokens=4 us=1267
BATCH stage=decode rows=4 tokens=4 us=1268
BATCH stage=decode rows=4 tokens=4 us=1270
BATCH stage=decode rows=4 tokens=4 us=1278
BATCH stage=decode rows=4 tokens=4 us=1281
BATCH stage=decode rows=4 tokens=4 us=1278
BATCH stage=decode rows=4 tokens=4 us=1281
BATCH stage=decode rows=4 tokens=4 us=1280
BATCH stage=decode rows=4 tokens=4 us=1282
BATCH stage=decode rows=4 tokens=4 us=1287
BATCH stage=decode rows=4 tokens=4 us=1279
BATCH stage=decode rows=4 tokens=4 us=1283
BATCH stage=decode rows=4 tokens=4 us=1289
BATCH stage=decode rows=4 tokens=4 us=1282
BATCH stage=decode rows=4 tokens=4 us=1284
BATCH stage=decode rows=4 tokens=4 us=1284
BATCH stage=decode rows=4 tokens=4 us=1290
BATCH stage=decode rows=4 tokens=4 us=1283
BATCH stage=decode rows=4 tokens=4 us=1298
BATCH stage=decode rows=4 tokens=4 us=1296
BATCH stage=decode rows=4 tokens=4 us=1303
BATCH stage=decode rows=4 tokens=4 us=1287
BATCH stage=decode rows=4 tokens=4 us=1297
BATCH stage=decode rows=4 tokens=4 us=1290
BATCH stage=decode rows=4 tokens=4 us=1281
BATCH stage=decode rows=3 tokens=3 us=1268
BATCH stage=prefill rows=1 tokens=128 us=2939
BATCH stage=decode rows=3 tokens=3 us=1280
BATCH stage=prefill rows=1 tokens=398 us=6662
BATCH stage=decode rows=4 tokens=4 us=1306
BATCH stage=decode rows=4 tokens=4 us=1285
BATCH stage=decode rows=4 tokens=4 us=1298
BATCH stage=decode rows=4 tokens=4 us=1289
BATCH stage=decode rows=4 tokens=4 us=1289
BATCH stage=decode rows=4 tokens=4 us=1296
BATCH stage=decode rows=4 tokens=4 us=1292
BATCH stage=decode rows=4 tokens=4 us=1298
BATCH stage=decode rows=4 tokens=4 us=1283
BATCH stage=decode rows=4 tokens=4 us=1296
BATCH stage=decode rows=4 tokens=4 us=1296
BATCH stage=decode rows=4 tokens=4 us=1293
BATCH stage=decode rows=4 tokens=4 us=1303
BATCH stage=decode rows=4 tokens=4 us=1294
BATCH stage=decode rows=4 tokens=4 us=1290
BATCH stage=decode rows=4 tokens=4 us=1284
BATCH stage=decode rows=4 tokens=4 us=1336
BATCH stage=decode rows=4 tokens=4 us=1341
BATCH stage=decode rows=4 tokens=4 us=1340
BATCH stage=decode rows=4 tokens=4 us=1345
BATCH stage=decode rows=4 tokens=4 us=1336
BATCH stage=decode rows=4 tokens=4 us=1334
BATCH stage=decode rows=4 tokens=4 us=1334
BATCH stage=decode rows=4 tokens=4 us=1333
BATCH stage=decode rows=4 tokens=4 us=1337
BATCH stage=decode rows=4 tokens=4 us=1332
BATCH stage=decode rows=4 tokens=4 us=1332
BATCH stage=decode rows=4 tokens=4 us=1330
BATCH stage=decode rows=4 tokens=4 us=1334
BATCH stage=decode rows=3 tokens=3 us=1263
BATCH stage=prefill rows=1 tokens=16 us=2447
BATCH stage=decode rows=4 tokens=4 us=1276
BATCH stage=decode rows=4 tokens=4 us=1299
BATCH stage=decode rows=4 tokens=4 us=1290
BATCH stage=decode rows=4 tokens=4 us=1300
BATCH stage=decode rows=4 tokens=4 us=1279
BATCH stage=decode rows=4 tokens=4 us=1278
BATCH stage=decode rows=4 tokens=4 us=1284
BATCH stage=decode rows=4 tokens=4 us=1287
BATCH stage=decode rows=4 tokens=4 us=1281
BATCH stage=decode rows=4 tokens=4 us=1299
BATCH stage=decode rows=4 tokens=4 us=1298
BATCH stage=decode rows=4 tokens=4 us=1294
BATCH stage=decode rows=4 tokens=4 us=1302
BATCH stage=decode rows=4 tokens=4 us=1288
BATCH stage=decode rows=4 tokens=4 us=1290
BATCH stage=decode rows=4 tokens=4 us=1298
BATCH stage=decode rows=4 tokens=4 us=1283
BATCH stage=decode rows=4 tokens=4 us=1296
BATCH stage=decode rows=4 tokens=4 us=1301
BATCH stage=decode rows=4 tokens=4 us=1296
BATCH stage=decode rows=4 tokens=4 us=1274
BATCH stage=decode rows=4 tokens=4 us=1316
BATCH stage=decode rows=4 tokens=4 us=1348
BATCH stage=decode rows=4 tokens=4 us=1333
BATCH stage=decode rows=4 tokens=4 us=1331
BATCH stage=decode rows=4 tokens=4 us=1333
BATCH stage=decode rows=4 tokens=4 us=1334
BATCH stage=decode rows=4 tokens=4 us=1332
BATCH stage=decode rows=4 tokens=4 us=1330
BATCH stage=decode rows=4 tokens=4 us=1327
BATCH stage=decode rows=4 tokens=4 us=1334
BATCH stage=decode rows=3 tokens=3 us=1312
BATCH stage=prefill rows=1 tokens=128 us=2928
BATCH stage=decode rows=3 tokens=3 us=1343
BATCH stage=prefill rows=1 tokens=398 us=6645
BATCH stage=decode rows=4 tokens=4 us=1359
BATCH stage=decode rows=3 tokens=3 us=1250
BATCH stage=prefill rows=1 tokens=16 us=2456
BATCH stage=decode rows=4 tokens=4 us=1277
BATCH stage=decode rows=4 tokens=4 us=1271
BATCH stage=decode rows=4 tokens=4 us=1283
BATCH stage=decode rows=4 tokens=4 us=1281
BATCH stage=decode rows=4 tokens=4 us=1271
BATCH stage=decode rows=4 tokens=4 us=1285
BATCH stage=decode rows=4 tokens=4 us=1278
BATCH stage=decode rows=4 tokens=4 us=1277
BATCH stage=decode rows=4 tokens=4 us=1270
BATCH stage=decode rows=4 tokens=4 us=1283
BATCH stage=decode rows=4 tokens=4 us=1268
BATCH stage=decode rows=4 tokens=4 us=1280
BATCH stage=decode rows=4 tokens=4 us=1283
BATCH stage=decode rows=4 tokens=4 us=1277
BATCH stage=decode rows=4 tokens=4 us=1280
BATCH stage=decode rows=4 tokens=4 us=1283
BATCH stage=decode rows=4 tokens=4 us=1285
BATCH stage=decode rows=4 tokens=4 us=1305
BATCH stage=decode rows=4 tokens=4 us=1307
BATCH stage=decode rows=4 tokens=4 us=1287
BATCH stage=decode rows=4 tokens=4 us=1289
BATCH stage=decode rows=4 tokens=4 us=1294
BATCH stage=decode rows=4 tokens=4 us=1288
BATCH stage=decode rows=4 tokens=4 us=1296
BATCH stage=decode rows=4 tokens=4 us=1282
BATCH stage=decode rows=4 tokens=4 us=1287
BATCH stage=decode rows=4 tokens=4 us=1282
BATCH stage=decode rows=4 tokens=4 us=1281
BATCH stage=decode rows=4 tokens=4 us=1297
BATCH stage=decode rows=4 tokens=4 us=1292
BATCH stage=decode rows=4 tokens=4 us=1294
BATCH stage=decode rows=3 tokens=3 us=1266
BATCH stage=prefill rows=1 tokens=128 us=2939
BATCH stage=decode rows=4 tokens=4 us=1302
BATCH stage=decode rows=4 tokens=4 us=1302
BATCH stage=decode rows=4 tokens=4 us=1303
BATCH stage=decode rows=4 tokens=4 us=1303
BATCH stage=decode rows=4 tokens=4 us=1305
BATCH stage=decode rows=4 tokens=4 us=1282
BATCH stage=decode rows=4 tokens=4 us=1285
BATCH stage=decode rows=4 tokens=4 us=1284
BATCH stage=decode rows=4 tokens=4 us=1285
BATCH stage=decode rows=4 tokens=4 us=1282
BATCH stage=decode rows=4 tokens=4 us=1283
BATCH stage=decode rows=4 tokens=4 us=1283
BATCH stage=decode rows=4 tokens=4 us=1281
BATCH stage=decode rows=4 tokens=4 us=1280
BATCH stage=decode rows=4 tokens=4 us=1281
BATCH stage=decode rows=4 tokens=4 us=1284
BATCH stage=decode rows=4 tokens=4 us=1275
BATCH stage=decode rows=4 tokens=4 us=1315
BATCH stage=decode rows=4 tokens=4 us=1350
BATCH stage=decode rows=4 tokens=4 us=1349
BATCH stage=decode rows=4 tokens=4 us=1343
BATCH stage=decode rows=4 tokens=4 us=1338
BATCH stage=decode rows=4 tokens=4 us=1350
BATCH stage=decode rows=4 tokens=4 us=1351
BATCH stage=decode rows=4 tokens=4 us=1347
BATCH stage=decode rows=4 tokens=4 us=1338
BATCH stage=decode rows=4 tokens=4 us=1345
BATCH stage=decode rows=4 tokens=4 us=1350
BATCH stage=decode rows=3 tokens=3 us=1330
BATCH stage=prefill rows=1 tokens=398 us=6654
BATCH stage=decode rows=4 tokens=4 us=1363
BATCH stage=decode rows=3 tokens=3 us=1257
BATCH stage=prefill rows=1 tokens=16 us=2450
BATCH stage=decode rows=4 tokens=4 us=1260
BATCH stage=decode rows=4 tokens=4 us=1277
BATCH stage=decode rows=4 tokens=4 us=1279
BATCH stage=decode rows=4 tokens=4 us=1278
BATCH stage=decode rows=4 tokens=4 us=1276
BATCH stage=decode rows=4 tokens=4 us=1280
BATCH stage=decode rows=4 tokens=4 us=1273
BATCH stage=decode rows=4 tokens=4 us=1275
BATCH stage=decode rows=4 tokens=4 us=1267
BATCH stage=decode rows=4 tokens=4 us=1283
BATCH stage=decode rows=4 tokens=4 us=1271
BATCH stage=decode rows=4 tokens=4 us=1281
BATCH stage=decode rows=4 tokens=4 us=1280
BATCH stage=decode rows=4 tokens=4 us=1275
BATCH stage=decode rows=4 tokens=4 us=1273
BATCH stage=decode rows=4 tokens=4 us=1267
BATCH stage=decode rows=4 tokens=4 us=1269
BATCH stage=decode rows=4 tokens=4 us=1281
BATCH stage=decode rows=4 tokens=4 us=1297
BATCH stage=decode rows=4 tokens=4 us=1299
BATCH stage=decode rows=4 tokens=4 us=1299
BATCH stage=decode rows=4 tokens=4 us=1291
BATCH stage=decode rows=4 tokens=4 us=1283
BATCH stage=decode rows=4 tokens=4 us=1281
BATCH stage=decode rows=4 tokens=4 us=1282
BATCH stage=decode rows=4 tokens=4 us=1284
BATCH stage=decode rows=4 tokens=4 us=1301
BATCH stage=decode rows=4 tokens=4 us=1297
BATCH stage=decode rows=4 tokens=4 us=1296
BATCH stage=decode rows=4 tokens=4 us=1296
BATCH stage=decode rows=4 tokens=4 us=1279
BATCH stage=decode rows=3 tokens=3 us=1261
BATCH stage=prefill rows=1 tokens=128 us=2939
BATCH stage=decode rows=3 tokens=3 us=1259
BATCH stage=prefill rows=1 tokens=398 us=6652
BATCH stage=decode rows=4 tokens=4 us=1301
BATCH stage=decode rows=4 tokens=4 us=1287
BATCH stage=decode rows=4 tokens=4 us=1286
BATCH stage=decode rows=4 tokens=4 us=1291
BATCH stage=decode rows=4 tokens=4 us=1294
BATCH stage=decode rows=4 tokens=4 us=1295
BATCH stage=decode rows=4 tokens=4 us=1298
BATCH stage=decode rows=4 tokens=4 us=1302
BATCH stage=decode rows=4 tokens=4 us=1289
BATCH stage=decode rows=4 tokens=4 us=1302
BATCH stage=decode rows=4 tokens=4 us=1301
BATCH stage=decode rows=4 tokens=4 us=1294
BATCH stage=decode rows=4 tokens=4 us=1298
BATCH stage=decode rows=4 tokens=4 us=1300
BATCH stage=decode rows=4 tokens=4 us=1304
BATCH stage=decode rows=4 tokens=4 us=1302
BATCH stage=decode rows=4 tokens=4 us=1332
BATCH stage=decode rows=4 tokens=4 us=1341
BATCH stage=decode rows=4 tokens=4 us=1344
BATCH stage=decode rows=4 tokens=4 us=1342
BATCH stage=decode rows=4 tokens=4 us=1348
BATCH stage=decode rows=4 tokens=4 us=1344
BATCH stage=decode rows=4 tokens=4 us=1348
BATCH stage=decode rows=4 tokens=4 us=1348
BATCH stage=decode rows=4 tokens=4 us=1341
BATCH stage=decode rows=4 tokens=4 us=1344
BATCH stage=decode rows=4 tokens=4 us=1339
BATCH stage=decode rows=4 tokens=4 us=1336
BATCH stage=decode rows=4 tokens=4 us=1350
BATCH stage=decode rows=3 tokens=3 us=1264
BATCH stage=prefill rows=1 tokens=16 us=2453
BATCH stage=decode rows=4 tokens=4 us=1263
BATCH stage=decode rows=4 tokens=4 us=1274
BATCH stage=decode rows=4 tokens=4 us=1280
BATCH stage=decode rows=4 tokens=4 us=1277
BATCH stage=decode rows=4 tokens=4 us=1279
BATCH stage=decode rows=4 tokens=4 us=1269
BATCH stage=decode rows=4 tokens=4 us=1269
BATCH stage=decode rows=4 tokens=4 us=1266
BATCH stage=decode rows=4 tokens=4 us=1280
BATCH stage=decode rows=4 tokens=4 us=1269
BATCH stage=decode rows=4 tokens=4 us=1278
BATCH stage=decode rows=4 tokens=4 us=1281
BATCH stage=decode rows=4 tokens=4 us=1275
BATCH stage=decode rows=4 tokens=4 us=1268
BATCH stage=decode rows=4 tokens=4 us=1282
BATCH stage=decode rows=4 tokens=4 us=1267
BATCH stage=decode rows=4 tokens=4 us=1264
BATCH stage=decode rows=4 tokens=4 us=1297
BATCH stage=decode rows=4 tokens=4 us=1275
BATCH stage=decode rows=4 tokens=4 us=1288
BATCH stage=decode rows=4 tokens=4 us=1287
BATCH stage=decode rows=4 tokens=4 us=1292
BATCH stage=decode rows=4 tokens=4 us=1296
BATCH stage=decode rows=4 tokens=4 us=1293
BATCH stage=decode rows=4 tokens=4 us=1283
BATCH stage=decode rows=4 tokens=4 us=1277
BATCH stage=decode rows=4 tokens=4 us=1283
BATCH stage=decode rows=4 tokens=4 us=1280
BATCH stage=decode rows=4 tokens=4 us=1284
BATCH stage=decode rows=4 tokens=4 us=1281
BATCH stage=decode rows=4 tokens=4 us=1292
BATCH stage=decode rows=3 tokens=3 us=1260
BATCH stage=prefill rows=1 tokens=128 us=2939
BATCH stage=decode rows=3 tokens=3 us=1272
BATCH stage=prefill rows=1 tokens=398 us=6656
BATCH stage=decode rows=4 tokens=4 us=1298
BATCH stage=decode rows=4 tokens=4 us=1292
BATCH stage=decode rows=4 tokens=4 us=1284
BATCH stage=decode rows=4 tokens=4 us=1282
BATCH stage=decode rows=4 tokens=4 us=1285
BATCH stage=decode rows=4 tokens=4 us=1284
BATCH stage=decode rows=4 tokens=4 us=1284
BATCH stage=decode rows=4 tokens=4 us=1283
BATCH stage=decode rows=4 tokens=4 us=1293
BATCH stage=decode rows=4 tokens=4 us=1300
BATCH stage=decode rows=4 tokens=4 us=1296
BATCH stage=decode rows=4 tokens=4 us=1290
BATCH stage=decode rows=4 tokens=4 us=1299
BATCH stage=decode rows=4 tokens=4 us=1287
BATCH stage=decode rows=4 tokens=4 us=1297
BATCH stage=decode rows=4 tokens=4 us=1291
BATCH stage=decode rows=4 tokens=4 us=1322
BATCH stage=decode rows=4 tokens=4 us=1337
BATCH stage=decode rows=4 tokens=4 us=1335
BATCH stage=decode rows=4 tokens=4 us=1336
BATCH stage=decode rows=4 tokens=4 us=1334
BATCH stage=decode rows=4 tokens=4 us=1333
BATCH stage=decode rows=4 tokens=4 us=1331
BATCH stage=decode rows=4 tokens=4 us=1332
BATCH stage=decode rows=4 tokens=4 us=1333
BATCH stage=decode rows=4 tokens=4 us=1341
BATCH stage=decode rows=4 tokens=4 us=1333
BATCH stage=decode rows=4 tokens=4 us=1336
BATCH stage=decode rows=4 tokens=4 us=1338
BATCH stage=decode rows=3 tokens=3 us=1261
BATCH stage=prefill rows=1 tokens=16 us=2440
BATCH stage=decode rows=4 tokens=4 us=1281
BATCH stage=decode rows=4 tokens=4 us=1278
BATCH stage=decode rows=4 tokens=4 us=1287
BATCH stage=decode rows=4 tokens=4 us=1279
BATCH stage=decode rows=4 tokens=4 us=1287
BATCH stage=decode rows=4 tokens=4 us=1285
BATCH stage=decode rows=4 tokens=4 us=1281
BATCH stage=decode rows=4 tokens=4 us=1282
BATCH stage=decode rows=4 tokens=4 us=1293
BATCH stage=decode rows=4 tokens=4 us=1286
BATCH stage=decode rows=4 tokens=4 us=1282
BATCH stage=decode rows=4 tokens=4 us=1282
BATCH stage=decode rows=4 tokens=4 us=1282
BATCH stage=decode rows=4 tokens=4 us=1284
BATCH stage=decode rows=4 tokens=4 us=1281
BATCH stage=decode rows=4 tokens=4 us=1280
BATCH stage=decode rows=4 tokens=4 us=1295
BATCH stage=decode rows=4 tokens=4 us=1297
BATCH stage=decode rows=4 tokens=4 us=1280
BATCH stage=decode rows=4 tokens=4 us=1286
BATCH stage=decode rows=4 tokens=4 us=1275
BATCH stage=decode rows=4 tokens=4 us=1316
BATCH stage=decode rows=4 tokens=4 us=1339
BATCH stage=decode rows=4 tokens=4 us=1333
BATCH stage=decode rows=4 tokens=4 us=1343
BATCH stage=decode rows=4 tokens=4 us=1349
BATCH stage=decode rows=4 tokens=4 us=1343
BATCH stage=decode rows=4 tokens=4 us=1346
BATCH stage=decode rows=4 tokens=4 us=1346
BATCH stage=decode rows=4 tokens=4 us=1333
BATCH stage=decode rows=4 tokens=4 us=1330
BATCH stage=decode rows=3 tokens=3 us=1318
BATCH stage=prefill rows=1 tokens=128 us=2942
BATCH stage=decode rows=3 tokens=3 us=1338
BATCH stage=prefill rows=1 tokens=398 us=6660
BATCH stage=decode rows=4 tokens=4 us=1347
BATCH stage=decode rows=3 tokens=3 us=1257
BATCH stage=prefill rows=1 tokens=16 us=2452
BATCH stage=decode rows=4 tokens=4 us=1275
BATCH stage=decode rows=4 tokens=4 us=1267
BATCH stage=decode rows=4 tokens=4 us=1273
BATCH stage=decode rows=4 tokens=4 us=1279
BATCH stage=decode rows=4 tokens=4 us=1278
BATCH stage=decode rows=4 tokens=4 us=1279
BATCH stage=decode rows=4 tokens=4 us=1281
BATCH stage=decode rows=4 tokens=4 us=1265
BATCH stage=decode rows=4 tokens=4 us=1267
BATCH stage=decode rows=4 tokens=4 us=1279
BATCH stage=decode rows=4 tokens=4 us=1271
BATCH stage=decode rows=4 tokens=4 us=1264
BATCH stage=decode rows=4 tokens=4 us=1276
BATCH stage=decode rows=4 tokens=4 us=1280
BATCH stage=decode rows=4 tokens=4 us=1280
BATCH stage=decode rows=4 tokens=4 us=1280
BATCH stage=decode rows=4 tokens=4 us=1274
BATCH stage=decode rows=4 tokens=4 us=1290
BATCH stage=decode rows=4 tokens=4 us=1285
BATCH stage=decode rows=4 tokens=4 us=1285
BATCH stage=decode rows=4 tokens=4 us=1284
BATCH stage=decode rows=4 tokens=4 us=1297
BATCH stage=decode rows=4 tokens=4 us=1284
BATCH stage=decode rows=4 tokens=4 us=1285
BATCH stage=decode rows=4 tokens=4 us=1291
BATCH stage=decode rows=4 tokens=4 us=1294
BATCH stage=decode rows=4 tokens=4 us=1275
BATCH stage=decode rows=4 tokens=4 us=1299
BATCH stage=decode rows=4 tokens=4 us=1288
BATCH stage=decode rows=4 tokens=4 us=1282
BATCH stage=decode rows=4 tokens=4 us=1281
BATCH stage=decode rows=3 tokens=3 us=1266
BATCH stage=prefill rows=1 tokens=128 us=2940
BATCH stage=decode rows=4 tokens=4 us=1287
BATCH stage=decode rows=4 tokens=4 us=1283
BATCH stage=decode rows=4 tokens=4 us=1294
BATCH stage=decode rows=4 tokens=4 us=1300
BATCH stage=decode rows=4 tokens=4 us=1295
BATCH stage=decode rows=4 tokens=4 us=1299
BATCH stage=decode rows=4 tokens=4 us=1293
BATCH stage=decode rows=4 tokens=4 us=1296
BATCH stage=decode rows=4 tokens=4 us=1282
BATCH stage=decode rows=4 tokens=4 us=1282
BATCH stage=decode rows=4 tokens=4 us=1299
BATCH stage=decode rows=4 tokens=4 us=1320
BATCH stage=decode rows=4 tokens=4 us=1294
BATCH stage=decode rows=4 tokens=4 us=1298
BATCH stage=decode rows=4 tokens=4 us=1298
BATCH stage=decode rows=4 tokens=4 us=1299
BATCH stage=decode rows=4 tokens=4 us=1284
BATCH stage=decode rows=4 tokens=4 us=1328
BATCH stage=decode rows=4 tokens=4 us=1335
BATCH stage=decode rows=4 tokens=4 us=1347
BATCH stage=decode rows=4 tokens=4 us=1345
BATCH stage=decode rows=4 tokens=4 us=1351
BATCH stage=decode rows=4 tokens=4 us=1351
BATCH stage=decode rows=4 tokens=4 us=1350
BATCH stage=decode rows=4 tokens=4 us=1342
BATCH stage=decode rows=4 tokens=4 us=1345
BATCH stage=decode rows=4 tokens=4 us=1334
BATCH stage=decode rows=4 tokens=4 us=1335
BATCH stage=decode rows=3 tokens=3 us=1326
BATCH stage=prefill rows=1 tokens=398 us=6671
BATCH stage=decode rows=4 tokens=4 us=1349
BATCH stage=decode rows=3 tokens=3 us=1241
BATCH stage=prefill rows=1 tokens=16 us=2447
BATCH stage=decode rows=4 tokens=4 us=1263
BATCH stage=decode rows=4 tokens=4 us=1272
BATCH stage=decode rows=4 tokens=4 us=1272
BATCH stage=decode rows=4 tokens=4 us=1274
BATCH stage=decode rows=4 tokens=4 us=1269
BATCH stage=decode rows=4 tokens=4 us=1272
BATCH stage=decode rows=4 tokens=4 us=1271
BATCH stage=decode rows=4 tokens=4 us=1266
BATCH stage=decode rows=4 tokens=4 us=1264
BATCH stage=decode rows=4 tokens=4 us=1265
BATCH stage=decode rows=4 tokens=4 us=1279
BATCH stage=decode rows=4 tokens=4 us=1266
BATCH stage=decode rows=4 tokens=4 us=1268
BATCH stage=decode rows=4 tokens=4 us=1264
BATCH stage=decode rows=4 tokens=4 us=1264
BATCH stage=decode rows=4 tokens=4 us=1270
BATCH stage=decode rows=4 tokens=4 us=1277
BATCH stage=decode rows=4 tokens=4 us=1301
BATCH stage=decode rows=4 tokens=4 us=1275
BATCH stage=decode rows=4 tokens=4 us=1304
BATCH stage=decode rows=4 tokens=4 us=1293
BATCH stage=decode rows=4 tokens=4 us=1298
BATCH stage=decode rows=4 tokens=4 us=1293
BATCH stage=decode rows=4 tokens=4 us=1283
BATCH stage=decode rows=4 tokens=4 us=1290
BATCH stage=decode rows=4 tokens=4 us=1298
BATCH stage=decode rows=4 tokens=4 us=1290
BATCH stage=decode rows=4 tokens=4 us=1292
BATCH stage=decode rows=4 tokens=4 us=1288
BATCH stage=decode rows=4 tokens=4 us=1295
BATCH stage=decode rows=4 tokens=4 us=1297
BATCH stage=decode rows=3 tokens=3 us=1273
BATCH stage=prefill rows=1 tokens=128 us=2938
BATCH stage=decode rows=3 tokens=3 us=1280
BATCH stage=prefill rows=1 tokens=398 us=6653
BATCH stage=decode rows=4 tokens=4 us=1303
BATCH stage=decode rows=4 tokens=4 us=1304
BATCH stage=decode rows=4 tokens=4 us=1306
BATCH stage=decode rows=4 tokens=4 us=1295
BATCH stage=decode rows=4 tokens=4 us=1296
BATCH stage=decode rows=4 tokens=4 us=1302
BATCH stage=decode rows=4 tokens=4 us=1294
BATCH stage=decode rows=4 tokens=4 us=1286
BATCH stage=decode rows=4 tokens=4 us=1286
BATCH stage=decode rows=4 tokens=4 us=1295
BATCH stage=decode rows=4 tokens=4 us=1284
BATCH stage=decode rows=4 tokens=4 us=1287
BATCH stage=decode rows=4 tokens=4 us=1285
BATCH stage=decode rows=4 tokens=4 us=1286
BATCH stage=decode rows=4 tokens=4 us=1288
BATCH stage=decode rows=4 tokens=4 us=1288
BATCH stage=decode rows=4 tokens=4 us=1323
BATCH stage=decode rows=4 tokens=4 us=1337
BATCH stage=decode rows=4 tokens=4 us=1335
BATCH stage=decode rows=4 tokens=4 us=1336
BATCH stage=decode rows=4 tokens=4 us=1332
BATCH stage=decode rows=4 tokens=4 us=1337
BATCH stage=decode rows=4 tokens=4 us=1333
BATCH stage=decode rows=4 tokens=4 us=1334
BATCH stage=decode rows=4 tokens=4 us=1332
BATCH stage=decode rows=4 tokens=4 us=1335
BATCH stage=decode rows=4 tokens=4 us=1338
BATCH stage=decode rows=4 tokens=4 us=1335
BATCH stage=decode rows=4 tokens=4 us=1345
BATCH stage=decode rows=3 tokens=3 us=1250
BATCH stage=prefill rows=1 tokens=16 us=2445
BATCH stage=decode rows=4 tokens=4 us=1267
BATCH stage=decode rows=4 tokens=4 us=1293
BATCH stage=decode rows=4 tokens=4 us=1280
BATCH stage=decode rows=4 tokens=4 us=1267
BATCH stage=decode rows=4 tokens=4 us=1270
BATCH stage=decode rows=4 tokens=4 us=1268
BATCH stage=decode rows=4 tokens=4 us=1268
BATCH stage=decode rows=4 tokens=4 us=1266
BATCH stage=decode rows=4 tokens=4 us=1264
BATCH stage=decode rows=4 tokens=4 us=1266
BATCH stage=decode rows=4 tokens=4 us=1266
BATCH stage=decode rows=4 tokens=4 us=1268
BATCH stage=decode rows=4 tokens=4 us=1269
BATCH stage=decode rows=4 tokens=4 us=1268
BATCH stage=decode rows=4 tokens=4 us=1269
BATCH stage=decode rows=4 tokens=4 us=1265
BATCH stage=decode rows=4 tokens=4 us=1265
BATCH stage=decode rows=4 tokens=4 us=1284
BATCH stage=decode rows=4 tokens=4 us=1277
BATCH stage=decode rows=4 tokens=4 us=1284
BATCH stage=decode rows=4 tokens=4 us=1284
BATCH stage=decode rows=4 tokens=4 us=1284
BATCH stage=decode rows=4 tokens=4 us=1286
BATCH stage=decode rows=4 tokens=4 us=1280
BATCH stage=decode rows=4 tokens=4 us=1289
BATCH stage=decode rows=4 tokens=4 us=1281
BATCH stage=decode rows=4 tokens=4 us=1286
BATCH stage=decode rows=4 tokens=4 us=1281
BATCH stage=decode rows=4 tokens=4 us=1280
BATCH stage=decode rows=4 tokens=4 us=1286
BATCH stage=decode rows=4 tokens=4 us=1284
BATCH stage=decode rows=3 tokens=3 us=1262
BATCH stage=prefill rows=1 tokens=128 us=2943
BATCH stage=decode rows=3 tokens=3 us=1268
BATCH stage=prefill rows=1 tokens=398 us=6628
BATCH stage=decode rows=4 tokens=4 us=1297
BATCH stage=decode rows=4 tokens=4 us=1289
BATCH stage=decode rows=4 tokens=4 us=1300
BATCH stage=decode rows=4 tokens=4 us=1300
BATCH stage=decode rows=4 tokens=4 us=1299
BATCH stage=decode rows=4 tokens=4 us=1298
BATCH stage=decode rows=4 tokens=4 us=1298
BATCH stage=decode rows=4 tokens=4 us=1291
BATCH stage=decode rows=4 tokens=4 us=1300
BATCH stage=decode rows=4 tokens=4 us=1308
BATCH stage=decode rows=4 tokens=4 us=1289
BATCH stage=decode rows=4 tokens=4 us=1321
BATCH stage=decode rows=4 tokens=4 us=1303
BATCH stage=decode rows=4 tokens=4 us=1300
BATCH stage=decode rows=4 tokens=4 us=1301
BATCH stage=decode rows=4 tokens=4 us=1287
BATCH stage=decode rows=4 tokens=4 us=1328
BATCH stage=decode rows=4 tokens=4 us=1344
BATCH stage=decode rows=4 tokens=4 us=1338
BATCH stage=decode rows=4 tokens=4 us=1346
BATCH stage=decode rows=4 tokens=4 us=1336
BATCH stage=decode rows=4 tokens=4 us=1345
BATCH stage=decode rows=4 tokens=4 us=1354
BATCH stage=decode rows=4 tokens=4 us=1335
BATCH stage=decode rows=4 tokens=4 us=1335
BATCH stage=decode rows=4 tokens=4 us=1347
BATCH stage=decode rows=4 tokens=4 us=1354
BATCH stage=decode rows=4 tokens=4 us=1343
BATCH stage=decode rows=4 tokens=4 us=1335
BATCH stage=decode rows=3 tokens=3 us=1268
BATCH stage=prefill rows=1 tokens=16 us=2465
BATCH stage=decode rows=4 tokens=4 us=1289
BATCH stage=decode rows=4 tokens=4 us=1299
BATCH stage=decode rows=4 tokens=4 us=1306
BATCH stage=decode rows=4 tokens=4 us=1283
BATCH stage=decode rows=4 tokens=4 us=1290
BATCH stage=decode rows=4 tokens=4 us=1298
BATCH stage=decode rows=4 tokens=4 us=1295
BATCH stage=decode rows=4 tokens=4 us=1295
BATCH stage=decode rows=4 tokens=4 us=1300
BATCH stage=decode rows=4 tokens=4 us=1291
BATCH stage=decode rows=4 tokens=4 us=1291
BATCH stage=decode rows=4 tokens=4 us=1287
BATCH stage=decode rows=4 tokens=4 us=1284
BATCH stage=decode rows=4 tokens=4 us=1285
BATCH stage=decode rows=4 tokens=4 us=1292
BATCH stage=decode rows=4 tokens=4 us=1297
BATCH stage=decode rows=4 tokens=4 us=1295
BATCH stage=decode rows=4 tokens=4 us=1292
BATCH stage=decode rows=4 tokens=4 us=1298
BATCH stage=decode rows=4 tokens=4 us=1298
BATCH stage=decode rows=4 tokens=4 us=1280
BATCH stage=decode rows=4 tokens=4 us=1317
BATCH stage=decode rows=4 tokens=4 us=1331
BATCH stage=decode rows=4 tokens=4 us=1337
BATCH stage=decode rows=4 tokens=4 us=1343
BATCH stage=decode rows=4 tokens=4 us=1346
BATCH stage=decode rows=4 tokens=4 us=1350
BATCH stage=decode rows=4 tokens=4 us=1348
BATCH stage=decode rows=4 tokens=4 us=1346
BATCH stage=decode rows=4 tokens=4 us=1343
BATCH stage=decode rows=4 tokens=4 us=1344
BATCH stage=decode rows=3 tokens=3 us=1331
BATCH stage=prefill rows=1 tokens=128 us=2939
BATCH stage=decode rows=3 tokens=3 us=1327
BATCH stage=prefill rows=1 tokens=398 us=6652
BATCH stage=decode rows=4 tokens=4 us=1354
BATCH stage=decode rows=3 tokens=3 us=1261
BATCH stage=prefill rows=1 tokens=16 us=2461
BATCH stage=decode rows=4 tokens=4 us=1260
BATCH stage=decode rows=4 tokens=4 us=1267
BATCH stage=decode rows=4 tokens=4 us=1267
BATCH stage=decode rows=4 tokens=4 us=1268
BATCH stage=decode rows=4 tokens=4 us=1267
BATCH stage=decode rows=4 tokens=4 us=1264
BATCH stage=decode rows=4 tokens=4 us=1264
BATCH stage=decode rows=4 tokens=4 us=1266
BATCH stage=decode rows=4 tokens=4 us=1265
BATCH stage=decode rows=4 tokens=4 us=1263
BATCH stage=decode rows=4 tokens=4 us=1274
BATCH stage=decode rows=4 tokens=4 us=1269
BATCH stage=decode rows=4 tokens=4 us=1266
BATCH stage=decode rows=4 tokens=4 us=1265
BATCH stage=decode rows=4 tokens=4 us=1266
BATCH stage=decode rows=4 tokens=4 us=1267
BATCH stage=decode rows=4 tokens=4 us=1271
BATCH stage=decode rows=4 tokens=4 us=1282
BATCH stage=decode rows=4 tokens=4 us=1281
BATCH stage=decode rows=4 tokens=4 us=1281
BATCH stage=decode rows=4 tokens=4 us=1284
BATCH stage=decode rows=4 tokens=4 us=1283
BATCH stage=decode rows=4 tokens=4 us=1283
BATCH stage=decode rows=4 tokens=4 us=1292
BATCH stage=decode rows=4 tokens=4 us=1279
BATCH stage=decode rows=4 tokens=4 us=1291
BATCH stage=decode rows=4 tokens=4 us=1298
BATCH stage=decode rows=4 tokens=4 us=1287
BATCH stage=decode rows=4 tokens=4 us=1281
BATCH stage=decode rows=4 tokens=4 us=1285
BATCH stage=decode rows=4 tokens=4 us=1298
BATCH stage=decode rows=3 tokens=3 us=1257
BATCH stage=prefill rows=1 tokens=128 us=2941
BATCH stage=decode rows=4 tokens=4 us=1304
BATCH stage=decode rows=4 tokens=4 us=1292
BATCH stage=decode rows=4 tokens=4 us=1294
BATCH stage=decode rows=4 tokens=4 us=1301
BATCH stage=decode rows=4 tokens=4 us=1287
BATCH stage=decode rows=4 tokens=4 us=1296
BATCH stage=decode rows=4 tokens=4 us=1302
BATCH stage=decode rows=4 tokens=4 us=1291
BATCH stage=decode rows=4 tokens=4 us=1294
BATCH stage=decode rows=4 tokens=4 us=1292
BATCH stage=decode rows=4 tokens=4 us=1294
BATCH stage=decode rows=4 tokens=4 us=1296
BATCH stage=decode rows=4 tokens=4 us=1292
BATCH stage=decode rows=4 tokens=4 us=1303
BATCH stage=decode rows=4 tokens=4 us=1289
BATCH stage=decode rows=4 tokens=4 us=1289
BATCH stage=decode rows=4 tokens=4 us=1296
BATCH stage=decode rows=4 tokens=4 us=1340
BATCH stage=decode rows=4 tokens=4 us=1341
BATCH stage=decode rows=4 tokens=4 us=1348
BATCH stage=decode rows=4 tokens=4 us=1349
BATCH stage=decode rows=4 tokens=4 us=1352
BATCH stage=decode rows=4 tokens=4 us=1353
BATCH stage=decode rows=4 tokens=4 us=1362
BATCH stage=decode rows=4 tokens=4 us=1346
BATCH stage=decode rows=4 tokens=4 us=1337
BATCH stage=decode rows=4 tokens=4 us=1349
BATCH stage=decode rows=4 tokens=4 us=1349
BATCH stage=decode rows=3 tokens=3 us=1321
BATCH stage=prefill rows=1 tokens=398 us=6687
BATCH stage=decode rows=4 tokens=4 us=1377
BATCH stage=decode rows=3 tokens=3 us=1283
BATCH stage=prefill rows=1 tokens=16 us=2465
BATCH stage=decode rows=4 tokens=4 us=1270
BATCH stage=decode rows=4 tokens=4 us=1271
BATCH stage=decode rows=4 tokens=4 us=1280
BATCH stage=decode rows=4 tokens=4 us=1268
BATCH stage=decode rows=4 tokens=4 us=1268
BATCH stage=decode rows=4 tokens=4 us=1286
BATCH stage=decode rows=4 tokens=4 us=1280
BATCH stage=decode rows=4 tokens=4 us=1282
BATCH stage=decode rows=4 tokens=4 us=1277
BATCH stage=decode rows=4 tokens=4 us=1278
BATCH stage=decode rows=4 tokens=4 us=1282
BATCH stage=decode rows=4 tokens=4 us=1277
BATCH stage=decode rows=4 tokens=4 us=1273
BATCH stage=decode rows=4 tokens=4 us=1282
BATCH stage=decode rows=4 tokens=4 us=1282
BATCH stage=decode rows=4 tokens=4 us=1267
BATCH stage=decode rows=4 tokens=4 us=1266
BATCH stage=decode rows=4 tokens=4 us=1285
BATCH stage=decode rows=4 tokens=4 us=1299
BATCH stage=decode rows=4 tokens=4 us=1297
BATCH stage=decode rows=4 tokens=4 us=1280
BATCH stage=decode rows=4 tokens=4 us=1289
BATCH stage=decode rows=4 tokens=4 us=1285
BATCH stage=decode rows=4 tokens=4 us=1284
BATCH stage=decode rows=4 tokens=4 us=1282
BATCH stage=decode rows=4 tokens=4 us=1283
BATCH stage=decode rows=4 tokens=4 us=1285
BATCH stage=decode rows=4 tokens=4 us=1290
BATCH stage=decode rows=4 tokens=4 us=1288
BATCH stage=decode rows=4 tokens=4 us=1292
BATCH stage=decode rows=4 tokens=4 us=1293
BATCH stage=decode rows=3 tokens=3 us=1268
BATCH stage=prefill rows=1 tokens=128 us=2949
BATCH stage=decode rows=3 tokens=3 us=1292
BATCH stage=prefill rows=1 tokens=398 us=6670
BATCH stage=decode rows=4 tokens=4 us=1306
BATCH stage=decode rows=4 tokens=4 us=1294
BATCH stage=decode rows=4 tokens=4 us=1289
BATCH stage=decode rows=4 tokens=4 us=1295
BATCH stage=decode rows=4 tokens=4 us=1285
BATCH stage=decode rows=4 tokens=4 us=1302
BATCH stage=decode rows=4 tokens=4 us=1293
BATCH stage=decode rows=4 tokens=4 us=1298
BATCH stage=decode rows=4 tokens=4 us=1286
BATCH stage=decode rows=4 tokens=4 us=1284
BATCH stage=decode rows=4 tokens=4 us=1297
BATCH stage=decode rows=4 tokens=4 us=1292
BATCH stage=decode rows=4 tokens=4 us=1283
BATCH stage=decode rows=4 tokens=4 us=1299
BATCH stage=decode rows=4 tokens=4 us=1284
BATCH stage=decode rows=4 tokens=4 us=1278
BATCH stage=decode rows=4 tokens=4 us=1318
BATCH stage=decode rows=4 tokens=4 us=1349
BATCH stage=decode rows=4 tokens=4 us=1342
BATCH stage=decode rows=4 tokens=4 us=1335
BATCH stage=decode rows=4 tokens=4 us=1350
BATCH stage=decode rows=4 tokens=4 us=1342
BATCH stage=decode rows=4 tokens=4 us=1332
BATCH stage=decode rows=4 tokens=4 us=1334
BATCH stage=decode rows=4 tokens=4 us=1345
BATCH stage=decode rows=4 tokens=4 us=1346
BATCH stage=decode rows=4 tokens=4 us=1331
BATCH stage=decode rows=4 tokens=4 us=1333
BATCH stage=decode rows=4 tokens=4 us=1347
BATCH stage=decode rows=3 tokens=3 us=1248
BATCH stage=prefill rows=1 tokens=16 us=2454
BATCH stage=decode rows=4 tokens=4 us=1285
BATCH stage=decode rows=4 tokens=4 us=1284
BATCH stage=decode rows=4 tokens=4 us=1280
BATCH stage=decode rows=4 tokens=4 us=1284
BATCH stage=decode rows=4 tokens=4 us=1287
BATCH stage=decode rows=4 tokens=4 us=1281
BATCH stage=decode rows=4 tokens=4 us=1265
BATCH stage=decode rows=4 tokens=4 us=1275
BATCH stage=decode rows=4 tokens=4 us=1264
BATCH stage=decode rows=4 tokens=4 us=1275
BATCH stage=decode rows=4 tokens=4 us=1270
BATCH stage=decode rows=4 tokens=4 us=1278
BATCH stage=decode rows=4 tokens=4 us=1276
BATCH stage=decode rows=4 tokens=4 us=1263
BATCH stage=decode rows=4 tokens=4 us=1266
BATCH stage=decode rows=4 tokens=4 us=1266
BATCH stage=decode rows=4 tokens=4 us=1278
BATCH stage=decode rows=4 tokens=4 us=1292
BATCH stage=decode rows=4 tokens=4 us=1295
BATCH stage=decode rows=4 tokens=4 us=1296
BATCH stage=decode rows=4 tokens=4 us=1302
BATCH stage=decode rows=4 tokens=4 us=1287
BATCH stage=decode rows=4 tokens=4 us=1286
BATCH stage=decode rows=4 tokens=4 us=1289
BATCH stage=decode rows=4 tokens=4 us=1287
BATCH stage=decode rows=4 tokens=4 us=1288
BATCH stage=decode rows=4 tokens=4 us=1335
BATCH stage=decode rows=4 tokens=4 us=1288
BATCH stage=decode rows=4 tokens=4 us=1291
BATCH stage=decode rows=4 tokens=4 us=1299
BATCH stage=decode rows=4 tokens=4 us=1294
BATCH stage=decode rows=3 tokens=3 us=1266
BATCH stage=prefill rows=1 tokens=128 us=2945
BATCH stage=decode rows=3 tokens=3 us=1287
BATCH stage=prefill rows=1 tokens=398 us=6664
BATCH stage=decode rows=4 tokens=4 us=1299
BATCH stage=decode rows=4 tokens=4 us=1289
BATCH stage=decode rows=4 tokens=4 us=1297
BATCH stage=decode rows=4 tokens=4 us=1290
BATCH stage=decode rows=4 tokens=4 us=1300
BATCH stage=decode rows=4 tokens=4 us=1301
BATCH stage=decode rows=4 tokens=4 us=1306
BATCH stage=decode rows=4 tokens=4 us=1303
BATCH stage=decode rows=4 tokens=4 us=1305
BATCH stage=decode rows=4 tokens=4 us=1299
BATCH stage=decode rows=4 tokens=4 us=1297
BATCH stage=decode rows=4 tokens=4 us=1301
BATCH stage=decode rows=4 tokens=4 us=1293
BATCH stage=decode rows=4 tokens=4 us=1301
BATCH stage=decode rows=4 tokens=4 us=1296
BATCH stage=decode rows=4 tokens=4 us=1280
BATCH stage=decode rows=4 tokens=4 us=1317
BATCH stage=decode rows=4 tokens=4 us=1342
BATCH stage=decode rows=4 tokens=4 us=1341
BATCH stage=decode rows=4 tokens=4 us=1344
BATCH stage=decode rows=4 tokens=4 us=1343
BATCH stage=decode rows=4 tokens=4 us=1336
BATCH stage=decode rows=4 tokens=4 us=1334
BATCH stage=decode rows=4 tokens=4 us=1333
BATCH stage=decode rows=4 tokens=4 us=1340
BATCH stage=decode rows=4 tokens=4 us=1352
BATCH stage=decode rows=4 tokens=4 us=1359
BATCH stage=decode rows=4 tokens=4 us=1347
BATCH stage=decode rows=4 tokens=4 us=1363
BATCH stage=decode rows=3 tokens=3 us=1280
BATCH stage=prefill rows=1 tokens=16 us=2463
BATCH stage=decode rows=4 tokens=4 us=1296
BATCH stage=decode rows=4 tokens=4 us=1298
BATCH stage=decode rows=4 tokens=4 us=1304
BATCH stage=decode rows=4 tokens=4 us=1298
BATCH stage=decode rows=4 tokens=4 us=1299
BATCH stage=decode rows=4 tokens=4 us=1300
BATCH stage=decode rows=4 tokens=4 us=1301
BATCH stage=decode rows=4 tokens=4 us=1301
BATCH stage=decode rows=4 tokens=4 us=1291
BATCH stage=decode rows=4 tokens=4 us=1296
BATCH stage=decode rows=4 tokens=4 us=1301
BATCH stage=decode rows=4 tokens=4 us=1304
BATCH stage=decode rows=4 tokens=4 us=1296
BATCH stage=decode rows=4 tokens=4 us=1291
BATCH stage=decode rows=4 tokens=4 us=1303
BATCH stage=decode rows=4 tokens=4 us=1302
BATCH stage=decode rows=4 tokens=4 us=1300
BATCH stage=decode rows=4 tokens=4 us=1288
BATCH stage=decode rows=4 tokens=4 us=1295
BATCH stage=decode rows=4 tokens=4 us=1297
BATCH stage=decode rows=4 tokens=4 us=1294
BATCH stage=decode rows=4 tokens=4 us=1335
BATCH stage=decode rows=4 tokens=4 us=1349
BATCH stage=decode rows=4 tokens=4 us=1348
BATCH stage=decode rows=4 tokens=4 us=1349
BATCH stage=decode rows=4 tokens=4 us=1351
BATCH stage=decode rows=4 tokens=4 us=1339
BATCH stage=decode rows=4 tokens=4 us=1350
BATCH stage=decode rows=4 tokens=4 us=1345
BATCH stage=decode rows=4 tokens=4 us=1346
BATCH stage=decode rows=4 tokens=4 us=1348
BATCH stage=decode rows=3 tokens=3 us=1322
BATCH stage=prefill rows=1 tokens=128 us=2946
BATCH stage=decode rows=3 tokens=3 us=1335
BATCH stage=prefill rows=1 tokens=398 us=6658
BATCH stage=decode rows=4 tokens=4 us=1364
BATCH stage=decode rows=3 tokens=3 us=1257
BATCH stage=prefill rows=1 tokens=16 us=2465
BATCH stage=decode rows=4 tokens=4 us=1279
BATCH stage=decode rows=4 tokens=4 us=1291
BATCH stage=decode rows=4 tokens=4 us=1282
BATCH stage=decode rows=4 tokens=4 us=1283
BATCH stage=decode rows=4 tokens=4 us=1284
BATCH stage=decode rows=4 tokens=4 us=1278
BATCH stage=decode rows=4 tokens=4 us=1275
BATCH stage=decode rows=4 tokens=4 us=1287
BATCH stage=decode rows=4 tokens=4 us=1283
BATCH stage=decode rows=4 tokens=4 us=1282
BATCH stage=decode rows=4 tokens=4 us=1284
BATCH stage=decode rows=4 tokens=4 us=1279
BATCH stage=decode rows=4 tokens=4 us=1277
BATCH stage=decode rows=4 tokens=4 us=1282
BATCH stage=decode rows=4 tokens=4 us=1277
BATCH stage=decode rows=4 tokens=4 us=1269
BATCH stage=decode rows=4 tokens=4 us=1289
BATCH stage=decode rows=4 tokens=4 us=1301
BATCH stage=decode rows=4 tokens=4 us=1301
BATCH stage=decode rows=4 tokens=4 us=1276
BATCH stage=decode rows=4 tokens=4 us=1279
BATCH stage=decode rows=4 tokens=4 us=1284
BATCH stage=decode rows=4 tokens=4 us=1302
BATCH stage=decode rows=4 tokens=4 us=1301
BATCH stage=decode rows=4 tokens=4 us=1298
BATCH stage=decode rows=4 tokens=4 us=1301
BATCH stage=decode rows=4 tokens=4 us=1299
BATCH stage=decode rows=4 tokens=4 us=1301
BATCH stage=decode rows=4 tokens=4 us=1298
BATCH stage=decode rows=4 tokens=4 us=1296
BATCH stage=decode rows=4 tokens=4 us=1299
BATCH stage=decode rows=3 tokens=3 us=1272
BATCH stage=prefill rows=1 tokens=128 us=2957
BATCH stage=decode rows=4 tokens=4 us=1306
BATCH stage=decode rows=4 tokens=4 us=1299
BATCH stage=decode rows=4 tokens=4 us=1291
BATCH stage=decode rows=4 tokens=4 us=1302
BATCH stage=decode rows=4 tokens=4 us=1292
BATCH stage=decode rows=4 tokens=4 us=1285
BATCH stage=decode rows=4 tokens=4 us=1300
BATCH stage=decode rows=4 tokens=4 us=1299
BATCH stage=decode rows=4 tokens=4 us=1302
BATCH stage=decode rows=4 tokens=4 us=1304
BATCH stage=decode rows=4 tokens=4 us=1298
BATCH stage=decode rows=4 tokens=4 us=1297
BATCH stage=decode rows=4 tokens=4 us=1298
BATCH stage=decode rows=4 tokens=4 us=1286
BATCH stage=decode rows=4 tokens=4 us=1284
BATCH stage=decode rows=4 tokens=4 us=1285
BATCH stage=decode rows=4 tokens=4 us=1304
BATCH stage=decode rows=4 tokens=4 us=1336
BATCH stage=decode rows=4 tokens=4 us=1352
BATCH stage=decode rows=4 tokens=4 us=1349
BATCH stage=decode rows=4 tokens=4 us=1352
BATCH stage=decode rows=4 tokens=4 us=1348
BATCH stage=decode rows=4 tokens=4 us=1340
BATCH stage=decode rows=4 tokens=4 us=1347
BATCH stage=decode rows=4 tokens=4 us=1343
BATCH stage=decode rows=4 tokens=4 us=1352
BATCH stage=decode rows=4 tokens=4 us=1347
BATCH stage=decode rows=4 tokens=4 us=1348
BATCH stage=decode rows=3 tokens=3 us=1333
BATCH stage=prefill rows=1 tokens=398 us=6665
BATCH stage=decode rows=4 tokens=4 us=1366
BATCH stage=decode rows=3 tokens=3 us=1272
BATCH stage=prefill rows=1 tokens=16 us=2471
BATCH stage=decode rows=4 tokens=4 us=1264
BATCH stage=decode rows=4 tokens=4 us=1284
BATCH stage=decode rows=4 tokens=4 us=1287
BATCH stage=decode rows=4 tokens=4 us=1288
BATCH stage=decode rows=4 tokens=4 us=1283
BATCH stage=decode rows=4 tokens=4 us=1286
BATCH stage=decode rows=4 tokens=4 us=1283
BATCH stage=decode rows=4 tokens=4 us=1283
BATCH stage=decode rows=4 tokens=4 us=1283
BATCH stage=decode rows=4 tokens=4 us=1283
BATCH stage=decode rows=4 tokens=4 us=1281
BATCH stage=decode rows=4 tokens=4 us=1286
BATCH stage=decode rows=4 tokens=4 us=1284
BATCH stage=decode rows=4 tokens=4 us=1282
BATCH stage=decode rows=4 tokens=4 us=1286
BATCH stage=decode rows=4 tokens=4 us=1284
BATCH stage=decode rows=4 tokens=4 us=1294
BATCH stage=decode rows=4 tokens=4 us=1283
BATCH stage=decode rows=4 tokens=4 us=1301
BATCH stage=decode rows=4 tokens=4 us=1300
BATCH stage=decode rows=4 tokens=4 us=1289
BATCH stage=decode rows=4 tokens=4 us=1304
BATCH stage=decode rows=4 tokens=4 us=1296
BATCH stage=decode rows=4 tokens=4 us=1295
BATCH stage=decode rows=4 tokens=4 us=1290
BATCH stage=decode rows=4 tokens=4 us=1289
BATCH stage=decode rows=4 tokens=4 us=1300
BATCH stage=decode rows=4 tokens=4 us=1304
BATCH stage=decode rows=4 tokens=4 us=1292
BATCH stage=decode rows=4 tokens=4 us=1294
BATCH stage=decode rows=4 tokens=4 us=1292
BATCH stage=decode rows=3 tokens=3 us=1279
BATCH stage=prefill rows=1 tokens=128 us=2953
BATCH stage=decode rows=3 tokens=3 us=1286
BATCH stage=prefill rows=1 tokens=398 us=6681
BATCH stage=decode rows=4 tokens=4 us=1312
BATCH stage=decode rows=4 tokens=4 us=1295
BATCH stage=decode rows=4 tokens=4 us=1293
BATCH stage=decode rows=4 tokens=4 us=1294
BATCH stage=decode rows=4 tokens=4 us=1304
BATCH stage=decode rows=4 tokens=4 us=1302
BATCH stage=decode rows=4 tokens=4 us=1299
BATCH stage=decode rows=4 tokens=4 us=1287
BATCH stage=decode rows=4 tokens=4 us=1286
BATCH stage=decode rows=4 tokens=4 us=1298
BATCH stage=decode rows=4 tokens=4 us=1295
BATCH stage=decode rows=4 tokens=4 us=1297
BATCH stage=decode rows=4 tokens=4 us=1292
BATCH stage=decode rows=4 tokens=4 us=1294
BATCH stage=decode rows=4 tokens=4 us=1303
BATCH stage=decode rows=4 tokens=4 us=1301
BATCH stage=decode rows=4 tokens=4 us=1335
BATCH stage=decode rows=4 tokens=4 us=1355
BATCH stage=decode rows=4 tokens=4 us=1337
BATCH stage=decode rows=4 tokens=4 us=1355
BATCH stage=decode rows=4 tokens=4 us=1351
BATCH stage=decode rows=4 tokens=4 us=1352
BATCH stage=decode rows=4 tokens=4 us=1361
BATCH stage=decode rows=4 tokens=4 us=1355
BATCH stage=decode rows=4 tokens=4 us=1344
BATCH stage=decode rows=4 tokens=4 us=1351
BATCH stage=decode rows=4 tokens=4 us=1354
BATCH stage=decode rows=4 tokens=4 us=1361
BATCH stage=decode rows=4 tokens=4 us=1359
BATCH stage=decode rows=3 tokens=3 us=1270
BATCH stage=prefill rows=1 tokens=16 us=2458
BATCH stage=decode rows=4 tokens=4 us=1287
BATCH stage=decode rows=4 tokens=4 us=1272
BATCH stage=decode rows=4 tokens=4 us=1266
BATCH stage=decode rows=4 tokens=4 us=1268
BATCH stage=decode rows=4 tokens=4 us=1279
BATCH stage=decode rows=4 tokens=4 us=1280
BATCH stage=decode rows=4 tokens=4 us=1278
BATCH stage=decode rows=4 tokens=4 us=1278
BATCH stage=decode rows=4 tokens=4 us=1280
BATCH stage=decode rows=4 tokens=4 us=1282
BATCH stage=decode rows=4 tokens=4 us=1280
BATCH stage=decode rows=4 tokens=4 us=1284
BATCH stage=decode rows=4 tokens=4 us=1269
BATCH stage=decode rows=4 tokens=4 us=1280
BATCH stage=decode rows=4 tokens=4 us=1269
BATCH stage=decode rows=4 tokens=4 us=1279
BATCH stage=decode rows=4 tokens=4 us=1269
BATCH stage=decode rows=4 tokens=4 us=1298
BATCH stage=decode rows=4 tokens=4 us=1282
BATCH stage=decode rows=4 tokens=4 us=1282
BATCH stage=decode rows=4 tokens=4 us=1279
BATCH stage=decode rows=4 tokens=4 us=1276
BATCH stage=decode rows=4 tokens=4 us=1293
BATCH stage=decode rows=4 tokens=4 us=1293
BATCH stage=decode rows=4 tokens=4 us=1285
BATCH stage=decode rows=4 tokens=4 us=1284
BATCH stage=decode rows=4 tokens=4 us=1287
BATCH stage=decode rows=4 tokens=4 us=1295
BATCH stage=decode rows=4 tokens=4 us=1295
BATCH stage=decode rows=4 tokens=4 us=1297
BATCH stage=decode rows=4 tokens=4 us=1291
BATCH stage=decode rows=3 tokens=3 us=1280
BATCH stage=prefill rows=1 tokens=128 us=2952
BATCH stage=decode rows=3 tokens=3 us=1290
BATCH stage=prefill rows=1 tokens=398 us=6683
BATCH stage=decode rows=4 tokens=4 us=1318
BATCH stage=decode rows=4 tokens=4 us=1304
BATCH stage=decode rows=4 tokens=4 us=1303
BATCH stage=decode rows=4 tokens=4 us=1298
BATCH stage=decode rows=4 tokens=4 us=1301
BATCH stage=decode rows=4 tokens=4 us=1303
BATCH stage=decode rows=4 tokens=4 us=1284
BATCH stage=decode rows=4 tokens=4 us=1284
BATCH stage=decode rows=4 tokens=4 us=1287
BATCH stage=decode rows=4 tokens=4 us=1303
BATCH stage=decode rows=4 tokens=4 us=1303
BATCH stage=decode rows=4 tokens=4 us=1301
BATCH stage=decode rows=4 tokens=4 us=1300
BATCH stage=decode rows=4 tokens=4 us=1287
BATCH stage=decode rows=4 tokens=4 us=1288
BATCH stage=decode rows=4 tokens=4 us=1288
BATCH stage=decode rows=4 tokens=4 us=1336
BATCH stage=decode rows=4 tokens=4 us=1355
BATCH stage=decode rows=4 tokens=4 us=1356
BATCH stage=decode rows=4 tokens=4 us=1354
BATCH stage=decode rows=4 tokens=4 us=1352
BATCH stage=decode rows=4 tokens=4 us=1338
BATCH stage=decode rows=4 tokens=4 us=1361
BATCH stage=decode rows=4 tokens=4 us=1367
BATCH stage=decode rows=4 tokens=4 us=1362
BATCH stage=decode rows=4 tokens=4 us=1356
BATCH stage=decode rows=4 tokens=4 us=1354
BATCH stage=decode rows=4 tokens=4 us=1347
BATCH stage=decode rows=4 tokens=4 us=1351
BATCH stage=decode rows=3 tokens=3 us=1267
BATCH stage=prefill rows=1 tokens=16 us=2458
BATCH stage=decode rows=4 tokens=4 us=1277
BATCH stage=decode rows=4 tokens=4 us=1296
BATCH stage=decode rows=4 tokens=4 us=1301
BATCH stage=decode rows=4 tokens=4 us=1297
BATCH stage=decode rows=4 tokens=4 us=1283
BATCH stage=decode rows=4 tokens=4 us=1305
BATCH stage=decode rows=4 tokens=4 us=1303
BATCH stage=decode rows=4 tokens=4 us=1290
BATCH stage=decode rows=4 tokens=4 us=1300
BATCH stage=decode rows=4 tokens=4 us=1295
BATCH stage=decode rows=4 tokens=4 us=1302
BATCH stage=decode rows=4 tokens=4 us=1293
BATCH stage=decode rows=4 tokens=4 us=1299
BATCH stage=decode rows=4 tokens=4 us=1293
BATCH stage=decode rows=4 tokens=4 us=1298
BATCH stage=decode rows=4 tokens=4 us=1293
BATCH stage=decode rows=4 tokens=4 us=1301
BATCH stage=decode rows=4 tokens=4 us=1287
BATCH stage=decode rows=4 tokens=4 us=1285
BATCH stage=decode rows=4 tokens=4 us=1299
BATCH stage=decode rows=4 tokens=4 us=1291
BATCH stage=decode rows=4 tokens=4 us=1330
BATCH stage=decode rows=4 tokens=4 us=1333
BATCH stage=decode rows=4 tokens=4 us=1347
BATCH stage=decode rows=4 tokens=4 us=1335
BATCH stage=decode rows=4 tokens=4 us=1353
BATCH stage=decode rows=4 tokens=4 us=1341
BATCH stage=decode rows=4 tokens=4 us=1336
BATCH stage=decode rows=4 tokens=4 us=1336
BATCH stage=decode rows=4 tokens=4 us=1351
BATCH stage=decode rows=4 tokens=4 us=1353
BATCH stage=decode rows=3 tokens=3 us=1320
BATCH stage=prefill rows=1 tokens=128 us=2954
BATCH stage=decode rows=3 tokens=3 us=1343
BATCH stage=prefill rows=1 tokens=398 us=6673
BATCH stage=decode rows=4 tokens=4 us=1376
BATCH stage=decode rows=3 tokens=3 us=1260
BATCH stage=prefill rows=1 tokens=16 us=2473
BATCH stage=decode rows=4 tokens=4 us=1288
BATCH stage=decode rows=4 tokens=4 us=1290
BATCH stage=decode rows=4 tokens=4 us=1280
BATCH stage=decode rows=4 tokens=4 us=1289
BATCH stage=decode rows=4 tokens=4 us=1289
BATCH stage=decode rows=4 tokens=4 us=1283
BATCH stage=decode rows=4 tokens=4 us=1289
BATCH stage=decode rows=4 tokens=4 us=1282
BATCH stage=decode rows=4 tokens=4 us=1269
BATCH stage=decode rows=4 tokens=4 us=1272
BATCH stage=decode rows=4 tokens=4 us=1269
BATCH stage=decode rows=4 tokens=4 us=1269
BATCH stage=decode rows=4 tokens=4 us=1270
BATCH stage=decode rows=4 tokens=4 us=1273
BATCH stage=decode rows=4 tokens=4 us=1274
BATCH stage=decode rows=4 tokens=4 us=1279
BATCH stage=decode rows=4 tokens=4 us=1283
BATCH stage=decode rows=4 tokens=4 us=1289
BATCH stage=decode rows=4 tokens=4 us=1285
BATCH stage=decode rows=4 tokens=4 us=1289
BATCH stage=decode rows=4 tokens=4 us=1314
BATCH stage=decode rows=4 tokens=4 us=1292
BATCH stage=decode rows=4 tokens=4 us=1293
BATCH stage=decode rows=4 tokens=4 us=1294
BATCH stage=decode rows=4 tokens=4 us=1289
BATCH stage=decode rows=4 tokens=4 us=1283
BATCH stage=decode rows=4 tokens=4 us=1288
BATCH stage=decode rows=4 tokens=4 us=1282
BATCH stage=decode rows=4 tokens=4 us=1286
BATCH stage=decode rows=4 tokens=4 us=1288
BATCH stage=decode rows=4 tokens=4 us=1279
BATCH stage=decode rows=3 tokens=3 us=1263
BATCH stage=prefill rows=1 tokens=128 us=2937
BATCH stage=decode rows=4 tokens=4 us=1302
BATCH stage=decode rows=4 tokens=4 us=1290
BATCH stage=decode rows=4 tokens=4 us=1295
BATCH stage=decode rows=4 tokens=4 us=1298
BATCH stage=decode rows=4 tokens=4 us=1298
BATCH stage=decode rows=4 tokens=4 us=1304
BATCH stage=decode rows=4 tokens=4 us=1290
BATCH stage=decode rows=4 tokens=4 us=1287
BATCH stage=decode rows=4 tokens=4 us=1304
BATCH stage=decode rows=4 tokens=4 us=1287
BATCH stage=decode rows=4 tokens=4 us=1284
BATCH stage=decode rows=4 tokens=4 us=1303
BATCH stage=decode rows=4 tokens=4 us=1303
BATCH stage=decode rows=4 tokens=4 us=1308
BATCH stage=decode rows=4 tokens=4 us=1291
BATCH stage=decode rows=4 tokens=4 us=1293
BATCH stage=decode rows=4 tokens=4 us=1284
BATCH stage=decode rows=4 tokens=4 us=1336
BATCH stage=decode rows=4 tokens=4 us=1336
BATCH stage=decode rows=4 tokens=4 us=1346
BATCH stage=decode rows=4 tokens=4 us=1351
BATCH stage=decode rows=4 tokens=4 us=1345
BATCH stage=decode rows=4 tokens=4 us=1349
BATCH stage=decode rows=4 tokens=4 us=1350
BATCH stage=decode rows=4 tokens=4 us=1345
BATCH stage=decode rows=4 tokens=4 us=1331
BATCH stage=decode rows=4 tokens=4 us=1334
BATCH stage=decode rows=4 tokens=4 us=1333
BATCH stage=decode rows=3 tokens=3 us=1316
BATCH stage=prefill rows=1 tokens=398 us=6667
BATCH stage=decode rows=4 tokens=4 us=1368
BATCH stage=decode rows=3 tokens=3 us=1260
BATCH stage=prefill rows=1 tokens=16 us=2462
BATCH stage=decode rows=4 tokens=4 us=1265
BATCH stage=decode rows=4 tokens=4 us=1281
BATCH stage=decode rows=4 tokens=4 us=1279
BATCH stage=decode rows=4 tokens=4 us=1282
BATCH stage=decode rows=4 tokens=4 us=1269
BATCH stage=decode rows=4 tokens=4 us=1286
BATCH stage=decode rows=4 tokens=4 us=1268
BATCH stage=decode rows=4 tokens=4 us=1280
BATCH stage=decode rows=4 tokens=4 us=1267
BATCH stage=decode rows=4 tokens=4 us=1268
BATCH stage=decode rows=4 tokens=4 us=1268
BATCH stage=decode rows=4 tokens=4 us=1272
BATCH stage=decode rows=4 tokens=4 us=1272
BATCH stage=decode rows=4 tokens=4 us=1268
BATCH stage=decode rows=4 tokens=4 us=1284
BATCH stage=decode rows=4 tokens=4 us=1286
BATCH stage=decode rows=4 tokens=4 us=1285
BATCH stage=decode rows=4 tokens=4 us=1297
BATCH stage=decode rows=4 tokens=4 us=1301
BATCH stage=decode rows=4 tokens=4 us=1302
BATCH stage=decode rows=4 tokens=4 us=1299
BATCH stage=decode rows=4 tokens=4 us=1296
BATCH stage=decode rows=4 tokens=4 us=1300
BATCH stage=decode rows=4 tokens=4 us=1300
BATCH stage=decode rows=4 tokens=4 us=1282
BATCH stage=decode rows=4 tokens=4 us=1294
BATCH stage=decode rows=4 tokens=4 us=1298
BATCH stage=decode rows=4 tokens=4 us=1301
BATCH stage=decode rows=4 tokens=4 us=1292
BATCH stage=decode rows=4 tokens=4 us=1292
BATCH stage=decode rows=4 tokens=4 us=1291
BATCH stage=decode rows=3 tokens=3 us=1279
BATCH stage=prefill rows=1 tokens=128 us=2955
BATCH stage=decode rows=3 tokens=3 us=1263
BATCH stage=prefill rows=1 tokens=398 us=6682
BATCH stage=decode rows=4 tokens=4 us=1303
BATCH stage=decode rows=4 tokens=4 us=1292
BATCH stage=decode rows=4 tokens=4 us=1291
BATCH stage=decode rows=4 tokens=4 us=1286
BATCH stage=decode rows=4 tokens=4 us=1290
BATCH stage=decode rows=4 tokens=4 us=1290
BATCH stage=decode rows=4 tokens=4 us=1307
BATCH stage=decode rows=4 tokens=4 us=1300
BATCH stage=decode rows=4 tokens=4 us=1300
BATCH stage=decode rows=4 tokens=4 us=1301
BATCH stage=decode rows=4 tokens=4 us=1301
BATCH stage=decode rows=4 tokens=4 us=1301
BATCH stage=decode rows=4 tokens=4 us=1297
BATCH stage=decode rows=4 tokens=4 us=1288
BATCH stage=decode rows=4 tokens=4 us=1297
BATCH stage=decode rows=4 tokens=4 us=1306
BATCH stage=decode rows=4 tokens=4 us=1336
BATCH stage=decode rows=4 tokens=4 us=1350
BATCH stage=decode rows=4 tokens=4 us=1358
BATCH stage=decode rows=4 tokens=4 us=1344
BATCH stage=decode rows=4 tokens=4 us=1340
BATCH stage=decode rows=4 tokens=4 us=1349
BATCH stage=decode rows=4 tokens=4 us=1332
BATCH stage=decode rows=4 tokens=4 us=1335
BATCH stage=decode rows=4 tokens=4 us=1347
BATCH stage=decode rows=4 tokens=4 us=1346
BATCH stage=decode rows=4 tokens=4 us=1348
BATCH stage=decode rows=4 tokens=4 us=1347
BATCH stage=decode rows=4 tokens=4 us=1339
BATCH stage=decode rows=3 tokens=3 us=1264
BATCH stage=prefill rows=1 tokens=16 us=2460
BATCH stage=decode rows=4 tokens=4 us=1259
BATCH stage=decode rows=4 tokens=4 us=1278
BATCH stage=decode rows=4 tokens=4 us=1281
BATCH stage=decode rows=4 tokens=4 us=1277
BATCH stage=decode rows=4 tokens=4 us=1271
BATCH stage=decode rows=4 tokens=4 us=1277
BATCH stage=decode rows=4 tokens=4 us=1276
BATCH stage=decode rows=4 tokens=4 us=1282
BATCH stage=decode rows=4 tokens=4 us=1280
BATCH stage=decode rows=4 tokens=4 us=1273
BATCH stage=decode rows=4 tokens=4 us=1281
BATCH stage=decode rows=4 tokens=4 us=1277
BATCH stage=decode rows=4 tokens=4 us=1269
BATCH stage=decode rows=4 tokens=4 us=1278
BATCH stage=decode rows=4 tokens=4 us=1283
BATCH stage=decode rows=4 tokens=4 us=1284
BATCH stage=decode rows=4 tokens=4 us=1276
BATCH stage=decode rows=4 tokens=4 us=1281
BATCH stage=decode rows=4 tokens=4 us=1290
BATCH stage=decode rows=4 tokens=4 us=1290
BATCH stage=decode rows=4 tokens=4 us=1296
BATCH stage=decode rows=4 tokens=4 us=1302
BATCH stage=decode rows=4 tokens=4 us=1298
BATCH stage=decode rows=4 tokens=4 us=1295
BATCH stage=decode rows=4 tokens=4 us=1296
BATCH stage=decode rows=4 tokens=4 us=1288
BATCH stage=decode rows=4 tokens=4 us=1293
BATCH stage=decode rows=4 tokens=4 us=1300
BATCH stage=decode rows=4 tokens=4 us=1296
BATCH stage=decode rows=4 tokens=4 us=1297
BATCH stage=decode rows=4 tokens=4 us=1297
BATCH stage=decode rows=3 tokens=3 us=1279
BATCH stage=prefill rows=1 tokens=128 us=2943
BATCH stage=decode rows=3 tokens=3 us=1272
BATCH stage=prefill rows=1 tokens=398 us=6643
BATCH stage=decode rows=4 tokens=4 us=1311
BATCH stage=decode rows=4 tokens=4 us=1307
BATCH stage=decode rows=4 tokens=4 us=1289
BATCH stage=decode rows=4 tokens=4 us=1307
BATCH stage=decode rows=4 tokens=4 us=1301
BATCH stage=decode rows=4 tokens=4 us=1305
BATCH stage=decode rows=4 tokens=4 us=1298
BATCH stage=decode rows=4 tokens=4 us=1301
BATCH stage=decode rows=4 tokens=4 us=1300
BATCH stage=decode rows=4 tokens=4 us=1299
BATCH stage=decode rows=4 tokens=4 us=1292
BATCH stage=decode rows=4 tokens=4 us=1296
BATCH stage=decode rows=4 tokens=4 us=1301
BATCH stage=decode rows=4 tokens=4 us=1297
BATCH stage=decode rows=4 tokens=4 us=1298
BATCH stage=decode rows=4 tokens=4 us=1304
BATCH stage=decode rows=4 tokens=4 us=1335
BATCH stage=decode rows=4 tokens=4 us=1348
BATCH stage=decode rows=4 tokens=4 us=1343
BATCH stage=decode rows=4 tokens=4 us=1346
BATCH stage=decode rows=4 tokens=4 us=1350
BATCH stage=decode rows=4 tokens=4 us=1337
BATCH stage=decode rows=4 tokens=4 us=1345
BATCH stage=decode rows=4 tokens=4 us=1355
BATCH stage=decode rows=4 tokens=4 us=1350
BATCH stage=decode rows=4 tokens=4 us=1345
BATCH stage=decode rows=4 tokens=4 us=1336
BATCH stage=decode rows=4 tokens=4 us=1348
BATCH stage=decode rows=4 tokens=4 us=1349
BATCH stage=decode rows=3 tokens=3 us=1285
BATCH stage=prefill rows=1 tokens=16 us=2458
BATCH stage=decode rows=4 tokens=4 us=1296
BATCH stage=decode rows=4 tokens=4 us=1298
BATCH stage=decode rows=4 tokens=4 us=1296
BATCH stage=decode rows=4 tokens=4 us=1285
BATCH stage=decode rows=4 tokens=4 us=1302
BATCH stage=decode rows=4 tokens=4 us=1302
BATCH stage=decode rows=4 tokens=4 us=1299
BATCH stage=decode rows=4 tokens=4 us=1300
BATCH stage=decode rows=4 tokens=4 us=1297
BATCH stage=decode rows=4 tokens=4 us=1291
BATCH stage=decode rows=4 tokens=4 us=1297
BATCH stage=decode rows=4 tokens=4 us=1283
BATCH stage=decode rows=4 tokens=4 us=1297
BATCH stage=decode rows=4 tokens=4 us=1299
BATCH stage=decode rows=4 tokens=4 us=1296
BATCH stage=decode rows=4 tokens=4 us=1292
BATCH stage=decode rows=4 tokens=4 us=1297
BATCH stage=decode rows=4 tokens=4 us=1300
BATCH stage=decode rows=4 tokens=4 us=1296
BATCH stage=decode rows=4 tokens=4 us=1286
BATCH stage=decode rows=4 tokens=4 us=1277
BATCH stage=decode rows=4 tokens=4 us=1317
BATCH stage=decode rows=4 tokens=4 us=1346
BATCH stage=decode rows=4 tokens=4 us=1349
BATCH stage=decode rows=4 tokens=4 us=1350
BATCH stage=decode rows=4 tokens=4 us=1349
BATCH stage=decode rows=4 tokens=4 us=1347
BATCH stage=decode rows=4 tokens=4 us=1350
BATCH stage=decode rows=4 tokens=4 us=1332
BATCH stage=decode rows=4 tokens=4 us=1343
BATCH stage=decode rows=4 tokens=4 us=1346
BATCH stage=decode rows=3 tokens=3 us=1326
BATCH stage=prefill rows=1 tokens=128 us=2946
BATCH stage=decode rows=3 tokens=3 us=1338
BATCH stage=prefill rows=1 tokens=398 us=6670
BATCH stage=decode rows=4 tokens=4 us=1362
BATCH stage=decode rows=3 tokens=3 us=1256
BATCH stage=prefill rows=1 tokens=16 us=2447
BATCH stage=decode rows=4 tokens=4 us=1279
BATCH stage=decode rows=4 tokens=4 us=1281
BATCH stage=decode rows=4 tokens=4 us=1312
BATCH stage=decode rows=4 tokens=4 us=1279
BATCH stage=decode rows=4 tokens=4 us=1277
BATCH stage=decode rows=4 tokens=4 us=1278
BATCH stage=decode rows=4 tokens=4 us=1278
BATCH stage=decode rows=4 tokens=4 us=1275
BATCH stage=decode rows=4 tokens=4 us=1272
BATCH stage=decode rows=4 tokens=4 us=1278
BATCH stage=decode rows=4 tokens=4 us=1282
BATCH stage=decode rows=4 tokens=4 us=1276
BATCH stage=decode rows=4 tokens=4 us=1280
BATCH stage=decode rows=4 tokens=4 us=1279
BATCH stage=decode rows=4 tokens=4 us=1283
BATCH stage=decode rows=4 tokens=4 us=1277
BATCH stage=decode rows=4 tokens=4 us=1280
BATCH stage=decode rows=4 tokens=4 us=1294
BATCH stage=decode rows=4 tokens=4 us=1293
BATCH stage=decode rows=4 tokens=4 us=1281
BATCH stage=decode rows=4 tokens=4 us=1299
BATCH stage=decode rows=4 tokens=4 us=1298
BATCH stage=decode rows=4 tokens=4 us=1292
BATCH stage=decode rows=4 tokens=4 us=1281
BATCH stage=decode rows=4 tokens=4 us=1298
BATCH stage=decode rows=4 tokens=4 us=1292
BATCH stage=decode rows=4 tokens=4 us=1283
BATCH stage=decode rows=4 tokens=4 us=1289
BATCH stage=decode rows=4 tokens=4 us=1295
BATCH stage=decode rows=4 tokens=4 us=1297
BATCH stage=decode rows=4 tokens=4 us=1288
BATCH stage=decode rows=3 tokens=3 us=1263
BATCH stage=prefill rows=1 tokens=128 us=2945
BATCH stage=decode rows=4 tokens=4 us=1321
BATCH stage=decode rows=4 tokens=4 us=1302
BATCH stage=decode rows=4 tokens=4 us=1299
BATCH stage=decode rows=4 tokens=4 us=1289
BATCH stage=decode rows=4 tokens=4 us=1291
BATCH stage=decode rows=4 tokens=4 us=1286
BATCH stage=decode rows=4 tokens=4 us=1300
BATCH stage=decode rows=4 tokens=4 us=1290
BATCH stage=decode rows=4 tokens=4 us=1296
BATCH stage=decode rows=4 tokens=4 us=1306
BATCH stage=decode rows=4 tokens=4 us=1297
BATCH stage=decode rows=4 tokens=4 us=1297
BATCH stage=decode rows=4 tokens=4 us=1296
BATCH stage=decode rows=4 tokens=4 us=1300
BATCH stage=decode rows=4 tokens=4 us=1298
BATCH stage=decode rows=4 tokens=4 us=1298
BATCH stage=decode rows=4 tokens=4 us=1282
BATCH stage=decode rows=4 tokens=4 us=1337
BATCH stage=decode rows=4 tokens=4 us=1350
BATCH stage=decode rows=4 tokens=4 us=1348
BATCH stage=decode rows=4 tokens=4 us=1344
BATCH stage=decode rows=4 tokens=4 us=1348
BATCH stage=decode rows=4 tokens=4 us=1350
BATCH stage=decode rows=4 tokens=4 us=1339
BATCH stage=decode rows=4 tokens=4 us=1341
BATCH stage=decode rows=4 tokens=4 us=1343
BATCH stage=decode rows=4 tokens=4 us=1349
BATCH stage=decode rows=4 tokens=4 us=1355
BATCH stage=decode rows=3 tokens=3 us=1329
BATCH stage=prefill rows=1 tokens=398 us=6670
BATCH stage=decode rows=4 tokens=4 us=1364
BATCH stage=decode rows=3 tokens=3 us=1279
BATCH stage=prefill rows=1 tokens=16 us=2466
BATCH stage=decode rows=4 tokens=4 us=1280
BATCH stage=decode rows=4 tokens=4 us=1290
BATCH stage=decode rows=4 tokens=4 us=1281
BATCH stage=decode rows=4 tokens=4 us=1270
BATCH stage=decode rows=4 tokens=4 us=1292
BATCH stage=decode rows=4 tokens=4 us=1280
BATCH stage=decode rows=4 tokens=4 us=1281
BATCH stage=decode rows=4 tokens=4 us=1286
BATCH stage=decode rows=4 tokens=4 us=1281
BATCH stage=decode rows=4 tokens=4 us=1277
BATCH stage=decode rows=4 tokens=4 us=1284
BATCH stage=decode rows=4 tokens=4 us=1273
BATCH stage=decode rows=4 tokens=4 us=1267
BATCH stage=decode rows=4 tokens=4 us=1283
BATCH stage=decode rows=4 tokens=4 us=1276
BATCH stage=decode rows=4 tokens=4 us=1276
BATCH stage=decode rows=4 tokens=4 us=1279
BATCH stage=decode rows=4 tokens=4 us=1278
BATCH stage=decode rows=4 tokens=4 us=1294
BATCH stage=decode rows=4 tokens=4 us=1296
BATCH stage=decode rows=4 tokens=4 us=1290
BATCH stage=decode rows=4 tokens=4 us=1290
BATCH stage=decode rows=4 tokens=4 us=1297
BATCH stage=decode rows=4 tokens=4 us=1292
BATCH stage=decode rows=4 tokens=4 us=1292
BATCH stage=decode rows=4 tokens=4 us=1289
BATCH stage=decode rows=4 tokens=4 us=1293
BATCH stage=decode rows=4 tokens=4 us=1290
BATCH stage=decode rows=4 tokens=4 us=1292
BATCH stage=decode rows=4 tokens=4 us=1295
BATCH stage=decode rows=4 tokens=4 us=1297
BATCH stage=decode rows=3 tokens=3 us=1269
BATCH stage=prefill rows=1 tokens=128 us=2932
BATCH stage=decode rows=3 tokens=3 us=1281
BATCH stage=prefill rows=1 tokens=398 us=6636
BATCH stage=decode rows=4 tokens=4 us=1314
BATCH stage=decode rows=4 tokens=4 us=1301
BATCH stage=decode rows=4 tokens=4 us=1297
BATCH stage=decode rows=4 tokens=4 us=1286
BATCH stage=decode rows=4 tokens=4 us=1296
BATCH stage=decode rows=4 tokens=4 us=1295
BATCH stage=decode rows=4 tokens=4 us=1286
BATCH stage=decode rows=4 tokens=4 us=1285
BATCH stage=decode rows=4 tokens=4 us=1285
BATCH stage=decode rows=4 tokens=4 us=1295
BATCH stage=decode rows=4 tokens=4 us=1295
BATCH stage=decode rows=4 tokens=4 us=1289
BATCH stage=decode rows=4 tokens=4 us=1302
BATCH stage=decode rows=4 tokens=4 us=1298
BATCH stage=decode rows=4 tokens=4 us=1298
BATCH stage=decode rows=4 tokens=4 us=1294
BATCH stage=decode rows=4 tokens=4 us=1331
BATCH stage=decode rows=4 tokens=4 us=1348
BATCH stage=decode rows=4 tokens=4 us=1347
BATCH stage=decode rows=4 tokens=4 us=1343
BATCH stage=decode rows=4 tokens=4 us=1351
BATCH stage=decode rows=4 tokens=4 us=1348
BATCH stage=decode rows=4 tokens=4 us=1348
BATCH stage=decode rows=4 tokens=4 us=1349
BATCH stage=decode rows=4 tokens=4 us=1342
BATCH stage=decode rows=4 tokens=4 us=1350
BATCH stage=decode rows=4 tokens=4 us=1349
BATCH stage=decode rows=4 tokens=4 us=1349
BATCH stage=decode rows=4 tokens=4 us=1348
BATCH stage=decode rows=3 tokens=3 us=1263
BATCH stage=prefill rows=1 tokens=16 us=2452
BATCH stage=decode rows=4 tokens=4 us=1281
BATCH stage=decode rows=4 tokens=4 us=1281
BATCH stage=decode rows=4 tokens=4 us=1284
BATCH stage=decode rows=4 tokens=4 us=1281
BATCH stage=decode rows=4 tokens=4 us=1274
BATCH stage=decode rows=4 tokens=4 us=1283
BATCH stage=decode rows=4 tokens=4 us=1282
BATCH stage=decode rows=4 tokens=4 us=1280
BATCH stage=decode rows=4 tokens=4 us=1272
BATCH stage=decode rows=4 tokens=4 us=1279
BATCH stage=decode rows=4 tokens=4 us=1266
BATCH stage=decode rows=4 tokens=4 us=1281
BATCH stage=decode rows=4 tokens=4 us=1266
BATCH stage=decode rows=4 tokens=4 us=1269
BATCH stage=decode rows=4 tokens=4 us=1284
BATCH stage=decode rows=4 tokens=4 us=1283
BATCH stage=decode rows=4 tokens=4 us=1279
BATCH stage=decode rows=4 tokens=4 us=1294
BATCH stage=decode rows=4 tokens=4 us=1298
BATCH stage=decode rows=4 tokens=4 us=1283
BATCH stage=decode rows=4 tokens=4 us=1279
BATCH stage=decode rows=4 tokens=4 us=1283
BATCH stage=decode rows=4 tokens=4 us=1276
BATCH stage=decode rows=4 tokens=4 us=1298
BATCH stage=decode rows=4 tokens=4 us=1290
BATCH stage=decode rows=4 tokens=4 us=1295
BATCH stage=decode rows=4 tokens=4 us=1294
BATCH stage=decode rows=4 tokens=4 us=1297
BATCH stage=decode rows=4 tokens=4 us=1281
BATCH stage=decode rows=4 tokens=4 us=1283
BATCH stage=decode rows=4 tokens=4 us=1282
BATCH stage=decode rows=3 tokens=3 us=1269
BATCH stage=prefill rows=1 tokens=128 us=2942
BATCH stage=decode rows=3 tokens=3 us=1259
BATCH stage=prefill rows=1 tokens=398 us=6628
BATCH stage=decode rows=4 tokens=4 us=1298
BATCH stage=decode rows=4 tokens=4 us=1285
BATCH stage=decode rows=4 tokens=4 us=1286
BATCH stage=decode rows=4 tokens=4 us=1289
BATCH stage=decode rows=4 tokens=4 us=1281
BATCH stage=decode rows=4 tokens=4 us=1288
BATCH stage=decode rows=4 tokens=4 us=1297
BATCH stage=decode rows=4 tokens=4 us=1294
BATCH stage=decode rows=4 tokens=4 us=1299
BATCH stage=decode rows=4 tokens=4 us=1301
BATCH stage=decode rows=4 tokens=4 us=1299
BATCH stage=decode rows=4 tokens=4 us=1301
BATCH stage=decode rows=4 tokens=4 us=1299
BATCH stage=decode rows=4 tokens=4 us=1299
BATCH stage=decode rows=4 tokens=4 us=1297
BATCH stage=decode rows=4 tokens=4 us=1292
BATCH stage=decode rows=4 tokens=4 us=1339
BATCH stage=decode rows=4 tokens=4 us=1351
BATCH stage=decode rows=4 tokens=4 us=1333
BATCH stage=decode rows=4 tokens=4 us=1337
BATCH stage=decode rows=4 tokens=4 us=1333
BATCH stage=decode rows=4 tokens=4 us=1334
BATCH stage=decode rows=4 tokens=4 us=1333
BATCH stage=decode rows=4 tokens=4 us=1347
BATCH stage=decode rows=4 tokens=4 us=1336
BATCH stage=decode rows=4 tokens=4 us=1333
BATCH stage=decode rows=4 tokens=4 us=1335
BATCH stage=decode rows=4 tokens=4 us=1331
BATCH stage=decode rows=4 tokens=4 us=1335
BATCH stage=decode rows=3 tokens=3 us=1264
BATCH stage=prefill rows=1 tokens=16 us=2456
BATCH stage=decode rows=4 tokens=4 us=1290
BATCH stage=decode rows=4 tokens=4 us=1298
BATCH stage=decode rows=4 tokens=4 us=1298
BATCH stage=decode rows=4 tokens=4 us=1297
BATCH stage=decode rows=4 tokens=4 us=1297
BATCH stage=decode rows=4 tokens=4 us=1296
BATCH stage=decode rows=4 tokens=4 us=1304
BATCH stage=decode rows=4 tokens=4 us=1293
BATCH stage=decode rows=4 tokens=4 us=1295
BATCH stage=decode rows=4 tokens=4 us=1300
BATCH stage=decode rows=4 tokens=4 us=1299
BATCH stage=decode rows=4 tokens=4 us=1297
BATCH stage=decode rows=4 tokens=4 us=1302
BATCH stage=decode rows=4 tokens=4 us=1296
BATCH stage=decode rows=4 tokens=4 us=1299
BATCH stage=decode rows=4 tokens=4 us=1300
BATCH stage=decode rows=4 tokens=4 us=1294
BATCH stage=decode rows=4 tokens=4 us=1297
BATCH stage=decode rows=4 tokens=4 us=1302
BATCH stage=decode rows=4 tokens=4 us=1296
BATCH stage=decode rows=4 tokens=4 us=1281
BATCH stage=decode rows=4 tokens=4 us=1330
BATCH stage=decode rows=4 tokens=4 us=1349
BATCH stage=decode rows=4 tokens=4 us=1345
BATCH stage=decode rows=4 tokens=4 us=1342
BATCH stage=decode rows=4 tokens=4 us=1349
BATCH stage=decode rows=4 tokens=4 us=1349
BATCH stage=decode rows=4 tokens=4 us=1345
BATCH stage=decode rows=4 tokens=4 us=1347
BATCH stage=decode rows=4 tokens=4 us=1348
BATCH stage=decode rows=4 tokens=4 us=1346
BATCH stage=decode rows=3 tokens=3 us=1329
BATCH stage=prefill rows=1 tokens=128 us=2938
BATCH stage=decode rows=3 tokens=3 us=1340
BATCH stage=prefill rows=1 tokens=398 us=6644
BATCH stage=decode rows=4 tokens=4 us=1359
BATCH stage=decode rows=3 tokens=3 us=1261
BATCH stage=prefill rows=1 tokens=16 us=2451
BATCH stage=decode rows=4 tokens=4 us=1275
BATCH stage=decode rows=4 tokens=4 us=1281
BATCH stage=decode rows=4 tokens=4 us=1280
BATCH stage=decode rows=4 tokens=4 us=1264
BATCH stage=decode rows=4 tokens=4 us=1276
BATCH stage=decode rows=4 tokens=4 us=1276
BATCH stage=decode rows=4 tokens=4 us=1266
BATCH stage=decode rows=4 tokens=4 us=1265
BATCH stage=decode rows=4 tokens=4 us=1284
BATCH stage=decode rows=4 tokens=4 us=1281
BATCH stage=decode rows=4 tokens=4 us=1266
BATCH stage=decode rows=4 tokens=4 us=1280
BATCH stage=decode rows=4 tokens=4 us=1273
BATCH stage=decode rows=4 tokens=4 us=1276
BATCH stage=decode rows=4 tokens=4 us=1283
BATCH stage=decode rows=4 tokens=4 us=1280
BATCH stage=decode rows=4 tokens=4 us=1278
BATCH stage=decode rows=4 tokens=4 us=1288
BATCH stage=decode rows=4 tokens=4 us=1293
BATCH stage=decode rows=4 tokens=4 us=1291
BATCH stage=decode rows=4 tokens=4 us=1296
BATCH stage=decode rows=4 tokens=4 us=1290
BATCH stage=decode rows=4 tokens=4 us=1283
BATCH stage=decode rows=4 tokens=4 us=1296
BATCH stage=decode rows=4 tokens=4 us=1297
BATCH stage=decode rows=4 tokens=4 us=1282
BATCH stage=decode rows=4 tokens=4 us=1288
BATCH stage=decode rows=4 tokens=4 us=1295
BATCH stage=decode rows=4 tokens=4 us=1294
BATCH stage=decode rows=4 tokens=4 us=1284
BATCH stage=decode rows=4 tokens=4 us=1287
BATCH stage=decode rows=3 tokens=3 us=1269
BATCH stage=prefill rows=1 tokens=128 us=2939
BATCH stage=decode rows=4 tokens=4 us=1300
BATCH stage=decode rows=4 tokens=4 us=1297
BATCH stage=decode rows=4 tokens=4 us=1293
BATCH stage=decode rows=4 tokens=4 us=1292
BATCH stage=decode rows=4 tokens=4 us=1296
BATCH stage=decode rows=4 tokens=4 us=1301
BATCH stage=decode rows=4 tokens=4 us=1297
BATCH stage=decode rows=4 tokens=4 us=1298
BATCH stage=decode rows=4 tokens=4 us=1297
BATCH stage=decode rows=4 tokens=4 us=1296
BATCH stage=decode rows=4 tokens=4 us=1297
BATCH stage=decode rows=4 tokens=4 us=1280
BATCH stage=decode rows=4 tokens=4 us=1284
BATCH stage=decode rows=4 tokens=4 us=1298
BATCH stage=decode rows=4 tokens=4 us=1296
BATCH stage=decode rows=4 tokens=4 us=1300
BATCH stage=decode rows=4 tokens=4 us=1328
BATCH stage=decode rows=4 tokens=4 us=1335
BATCH stage=decode rows=4 tokens=4 us=1352
BATCH stage=decode rows=4 tokens=4 us=1339
BATCH stage=decode rows=4 tokens=4 us=1349
BATCH stage=decode rows=4 tokens=4 us=1349
BATCH stage=decode rows=4 tokens=4 us=1349
BATCH stage=decode rows=4 tokens=4 us=1349
BATCH stage=decode rows=4 tokens=4 us=1340
BATCH stage=decode rows=4 tokens=4 us=1348
BATCH stage=decode rows=4 tokens=4 us=1343
BATCH stage=decode rows=4 tokens=4 us=1331
BATCH stage=decode rows=3 tokens=3 us=1325
BATCH stage=prefill rows=1 tokens=398 us=6671
BATCH stage=decode rows=4 tokens=4 us=1347
BATCH stage=decode rows=3 tokens=3 us=1256
BATCH stage=prefill rows=1 tokens=16 us=2438
BATCH stage=decode rows=4 tokens=4 us=1271
BATCH stage=decode rows=4 tokens=4 us=1269
BATCH stage=decode rows=4 tokens=4 us=1265
BATCH stage=decode rows=4 tokens=4 us=1260
BATCH stage=decode rows=4 tokens=4 us=1277
BATCH stage=decode rows=4 tokens=4 us=1267
BATCH stage=decode rows=4 tokens=4 us=1265
BATCH stage=decode rows=4 tokens=4 us=1260
BATCH stage=decode rows=4 tokens=4 us=1280
BATCH stage=decode rows=4 tokens=4 us=1271
BATCH stage=decode rows=4 tokens=4 us=1267
BATCH stage=decode rows=4 tokens=4 us=1280
BATCH stage=decode rows=4 tokens=4 us=1279
BATCH stage=decode rows=4 tokens=4 us=1282
BATCH stage=decode rows=4 tokens=4 us=1269
BATCH stage=decode rows=4 tokens=4 us=1280
BATCH stage=decode rows=4 tokens=4 us=1275
BATCH stage=decode rows=4 tokens=4 us=1285
BATCH stage=decode rows=4 tokens=4 us=1296
BATCH stage=decode rows=4 tokens=4 us=1293
BATCH stage=decode rows=4 tokens=4 us=1297
BATCH stage=decode rows=4 tokens=4 us=1289
BATCH stage=decode rows=4 tokens=4 us=1283
BATCH stage=decode rows=4 tokens=4 us=1293
BATCH stage=decode rows=4 tokens=4 us=1295
BATCH stage=decode rows=4 tokens=4 us=1293
BATCH stage=decode rows=4 tokens=4 us=1291
BATCH stage=decode rows=4 tokens=4 us=1294
BATCH stage=decode rows=4 tokens=4 us=1278
BATCH stage=decode rows=4 tokens=4 us=1285
BATCH stage=decode rows=4 tokens=4 us=1293
BATCH stage=decode rows=3 tokens=3 us=1279
BATCH stage=prefill rows=1 tokens=128 us=2944
BATCH stage=decode rows=3 tokens=3 us=1286
BATCH stage=prefill rows=1 tokens=398 us=6655
BATCH stage=decode rows=4 tokens=4 us=1314
BATCH stage=decode rows=4 tokens=4 us=1301
BATCH stage=decode rows=4 tokens=4 us=1303
BATCH stage=decode rows=4 tokens=4 us=1301
BATCH stage=decode rows=4 tokens=4 us=1300
BATCH stage=decode rows=4 tokens=4 us=1301
BATCH stage=decode rows=4 tokens=4 us=1294
BATCH stage=decode rows=4 tokens=4 us=1288
BATCH stage=decode rows=4 tokens=4 us=1296
BATCH stage=decode rows=4 tokens=4 us=1283
BATCH stage=decode rows=4 tokens=4 us=1287
BATCH stage=decode rows=4 tokens=4 us=1299
BATCH stage=decode rows=4 tokens=4 us=1299
BATCH stage=decode rows=4 tokens=4 us=1296
BATCH stage=decode rows=4 tokens=4 us=1283
BATCH stage=decode rows=4 tokens=4 us=1295
BATCH stage=decode rows=4 tokens=4 us=1325
BATCH stage=decode rows=4 tokens=4 us=1340
BATCH stage=decode rows=4 tokens=4 us=1344
BATCH stage=decode rows=4 tokens=4 us=1335
BATCH stage=decode rows=4 tokens=4 us=1341
BATCH stage=decode rows=4 tokens=4 us=1351
BATCH stage=decode rows=4 tokens=4 us=1343
BATCH stage=decode rows=4 tokens=4 us=1349
BATCH stage=decode rows=4 tokens=4 us=1347
BATCH stage=decode rows=4 tokens=4 us=1334
BATCH stage=decode rows=4 tokens=4 us=1332
BATCH stage=decode rows=4 tokens=4 us=1333
BATCH stage=decode rows=4 tokens=4 us=1332
BATCH stage=decode rows=3 tokens=3 us=1241
BATCH stage=prefill rows=1 tokens=16 us=2451
BATCH stage=decode rows=4 tokens=4 us=1275
BATCH stage=decode rows=4 tokens=4 us=1282
BATCH stage=decode rows=4 tokens=4 us=1282
BATCH stage=decode rows=4 tokens=4 us=1282
BATCH stage=decode rows=4 tokens=4 us=1280
BATCH stage=decode rows=4 tokens=4 us=1281
BATCH stage=decode rows=4 tokens=4 us=1282
BATCH stage=decode rows=4 tokens=4 us=1268
BATCH stage=decode rows=4 tokens=4 us=1277
BATCH stage=decode rows=4 tokens=4 us=1279
BATCH stage=decode rows=4 tokens=4 us=1278
BATCH stage=decode rows=4 tokens=4 us=1274
BATCH stage=decode rows=4 tokens=4 us=1276
BATCH stage=decode rows=4 tokens=4 us=1280
BATCH stage=decode rows=4 tokens=4 us=1281
BATCH stage=decode rows=4 tokens=4 us=1281
BATCH stage=decode rows=4 tokens=4 us=1268
BATCH stage=decode rows=4 tokens=4 us=1296
BATCH stage=decode rows=4 tokens=4 us=1300
BATCH stage=decode rows=4 tokens=4 us=1289
BATCH stage=decode rows=4 tokens=4 us=1300
BATCH stage=decode rows=4 tokens=4 us=1297
BATCH stage=decode rows=4 tokens=4 us=1295
BATCH stage=decode rows=4 tokens=4 us=1292
BATCH stage=decode rows=4 tokens=4 us=1297
BATCH stage=decode rows=4 tokens=4 us=1296
BATCH stage=decode rows=4 tokens=4 us=1296
BATCH stage=decode rows=4 tokens=4 us=1300
BATCH stage=decode rows=4 tokens=4 us=1296
BATCH stage=decode rows=4 tokens=4 us=1294
BATCH stage=decode rows=4 tokens=4 us=1289
BATCH stage=decode rows=3 tokens=3 us=1269
BATCH stage=prefill rows=1 tokens=128 us=2928
BATCH stage=decode rows=3 tokens=3 us=1272
BATCH stage=prefill rows=1 tokens=398 us=6650
BATCH stage=decode rows=4 tokens=4 us=1303
BATCH stage=decode rows=4 tokens=4 us=1287
BATCH stage=decode rows=4 tokens=4 us=1301
BATCH stage=decode rows=4 tokens=4 us=1288
BATCH stage=decode rows=4 tokens=4 us=1301
BATCH stage=decode rows=4 tokens=4 us=1296
BATCH stage=decode rows=4 tokens=4 us=1284
BATCH stage=decode rows=4 tokens=4 us=1302
BATCH stage=decode rows=4 tokens=4 us=1301
BATCH stage=decode rows=4 tokens=4 us=1298
BATCH stage=decode rows=4 tokens=4 us=1302
BATCH stage=decode rows=4 tokens=4 us=1297
BATCH stage=decode rows=4 tokens=4 us=1295
BATCH stage=decode rows=4 tokens=4 us=1302
BATCH stage=decode rows=4 tokens=4 us=1300
BATCH stage=decode rows=4 tokens=4 us=1284
BATCH stage=decode rows=4 tokens=4 us=1333
BATCH stage=decode rows=4 tokens=4 us=1334
BATCH stage=decode rows=4 tokens=4 us=1334
BATCH stage=decode rows=4 tokens=4 us=1333
BATCH stage=decode rows=4 tokens=4 us=1347
BATCH stage=decode rows=4 tokens=4 us=1350
BATCH stage=decode rows=4 tokens=4 us=1340
BATCH stage=decode rows=4 tokens=4 us=1347
BATCH stage=decode rows=4 tokens=4 us=1348
BATCH stage=decode rows=4 tokens=4 us=1338
BATCH stage=decode rows=4 tokens=4 us=1333
BATCH stage=decode rows=4 tokens=4 us=1350
BATCH stage=decode rows=4 tokens=4 us=1344
BATCH stage=decode rows=3 tokens=3 us=1277
BATCH stage=prefill rows=1 tokens=16 us=2454
BATCH stage=decode rows=4 tokens=4 us=1286
BATCH stage=decode rows=4 tokens=4 us=1287
BATCH stage=decode rows=4 tokens=4 us=1285
BATCH stage=decode rows=4 tokens=4 us=1296
BATCH stage=decode rows=4 tokens=4 us=1302
BATCH stage=decode rows=4 tokens=4 us=1293
BATCH stage=decode rows=4 tokens=4 us=1300
BATCH stage=decode rows=4 tokens=4 us=1296
BATCH stage=decode rows=4 tokens=4 us=1293
BATCH stage=decode rows=4 tokens=4 us=1297
BATCH stage=decode rows=4 tokens=4 us=1295
BATCH stage=decode rows=4 tokens=4 us=1295
BATCH stage=decode rows=4 tokens=4 us=1296
BATCH stage=decode rows=4 tokens=4 us=1302
BATCH stage=decode rows=4 tokens=4 us=1300
BATCH stage=decode rows=4 tokens=4 us=1295
BATCH stage=decode rows=4 tokens=4 us=1296
BATCH stage=decode rows=4 tokens=4 us=1298
BATCH stage=decode rows=4 tokens=4 us=1297
BATCH stage=decode rows=4 tokens=4 us=1284
BATCH stage=decode rows=4 tokens=4 us=1277
BATCH stage=decode rows=4 tokens=4 us=1328
BATCH stage=decode rows=4 tokens=4 us=1330
BATCH stage=decode rows=4 tokens=4 us=1332
BATCH stage=decode rows=4 tokens=4 us=1334
BATCH stage=decode rows=4 tokens=4 us=1350
BATCH stage=decode rows=4 tokens=4 us=1347
BATCH stage=decode rows=4 tokens=4 us=1338
BATCH stage=decode rows=4 tokens=4 us=1337
BATCH stage=decode rows=4 tokens=4 us=1342
BATCH stage=decode rows=4 tokens=4 us=1342
BATCH stage=decode rows=3 tokens=3 us=1313
BATCH stage=prefill rows=1 tokens=128 us=2947
BATCH stage=decode rows=3 tokens=3 us=1326
BATCH stage=prefill rows=1 tokens=398 us=6667
BATCH stage=decode rows=4 tokens=4 us=1356
BATCH stage=decode rows=3 tokens=3 us=1260
BATCH stage=prefill rows=1 tokens=16 us=2454
BATCH stage=decode rows=4 tokens=4 us=1282
BATCH stage=decode rows=4 tokens=4 us=1283
BATCH stage=decode rows=4 tokens=4 us=1275
BATCH stage=decode rows=4 tokens=4 us=1277
BATCH stage=decode rows=4 tokens=4 us=1284
BATCH stage=decode rows=4 tokens=4 us=1278
BATCH stage=decode rows=4 tokens=4 us=1281
BATCH stage=decode rows=4 tokens=4 us=1270
BATCH stage=decode rows=4 tokens=4 us=1281
BATCH stage=decode rows=4 tokens=4 us=1281
BATCH stage=decode rows=4 tokens=4 us=1276
BATCH stage=decode rows=4 tokens=4 us=1272
BATCH stage=decode rows=4 tokens=4 us=1273
BATCH stage=decode rows=4 tokens=4 us=1278
BATCH stage=decode rows=4 tokens=4 us=1280
BATCH stage=decode rows=4 tokens=4 us=1279
BATCH stage=decode rows=4 tokens=4 us=1274
BATCH stage=decode rows=4 tokens=4 us=1284
BATCH stage=decode rows=4 tokens=4 us=1283
BATCH stage=decode rows=4 tokens=4 us=1285
BATCH stage=decode rows=4 tokens=4 us=1281
BATCH stage=decode rows=4 tokens=4 us=1286
BATCH stage=decode rows=4 tokens=4 us=1283
BATCH stage=decode rows=4 tokens=4 us=1281
BATCH stage=decode rows=4 tokens=4 us=1279
BATCH stage=decode rows=4 tokens=4 us=1283
BATCH stage=decode rows=4 tokens=4 us=1284
BATCH stage=decode rows=4 tokens=4 us=1285
BATCH stage=decode rows=4 tokens=4 us=1289
BATCH stage=decode rows=4 tokens=4 us=1285
BATCH stage=decode rows=4 tokens=4 us=1282
BATCH stage=decode rows=3 tokens=3 us=1273
BATCH stage=prefill rows=1 tokens=128 us=2938
BATCH stage=decode rows=4 tokens=4 us=1289
BATCH stage=decode rows=4 tokens=4 us=1292
BATCH stage=decode rows=4 tokens=4 us=1289
BATCH stage=decode rows=4 tokens=4 us=1292
BATCH stage=decode rows=4 tokens=4 us=1295
BATCH stage=decode rows=4 tokens=4 us=1286
BATCH stage=decode rows=4 tokens=4 us=1286
BATCH stage=decode rows=4 tokens=4 us=1287
BATCH stage=decode rows=4 tokens=4 us=1285
BATCH stage=decode rows=4 tokens=4 us=1286
BATCH stage=decode rows=4 tokens=4 us=1292
BATCH stage=decode rows=4 tokens=4 us=1299
BATCH stage=decode rows=4 tokens=4 us=1296
BATCH stage=decode rows=4 tokens=4 us=1284
BATCH stage=decode rows=4 tokens=4 us=1289
BATCH stage=decode rows=4 tokens=4 us=1282
BATCH stage=decode rows=4 tokens=4 us=1277
BATCH stage=decode rows=4 tokens=4 us=1318
BATCH stage=decode rows=4 tokens=4 us=1333
BATCH stage=decode rows=4 tokens=4 us=1334
BATCH stage=decode rows=4 tokens=4 us=1332
BATCH stage=decode rows=4 tokens=4 us=1332
BATCH stage=decode rows=4 tokens=4 us=1335
BATCH stage=decode rows=4 tokens=4 us=1334
BATCH stage=decode rows=4 tokens=4 us=1342
BATCH stage=decode rows=4 tokens=4 us=1346
BATCH stage=decode rows=4 tokens=4 us=1351
BATCH stage=decode rows=4 tokens=4 us=1341
BATCH stage=decode rows=3 tokens=3 us=1312
BATCH stage=prefill rows=1 tokens=398 us=6693
BATCH stage=decode rows=4 tokens=4 us=1351
BATCH stage=decode rows=3 tokens=3 us=1247
BATCH stage=prefill rows=1 tokens=16 us=2443
BATCH stage=decode rows=4 tokens=4 us=1260
BATCH stage=decode rows=4 tokens=4 us=1266
BATCH stage=decode rows=4 tokens=4 us=1258
BATCH stage=decode rows=4 tokens=4 us=1266
BATCH stage=decode rows=4 tokens=4 us=1265
BATCH stage=decode rows=4 tokens=4 us=1266
BATCH stage=decode rows=4 tokens=4 us=1273
BATCH stage=decode rows=4 tokens=4 us=1281
BATCH stage=decode rows=4 tokens=4 us=1267
BATCH stage=decode rows=4 tokens=4 us=1265
BATCH stage=decode rows=4 tokens=4 us=1266
BATCH stage=decode rows=4 tokens=4 us=1263
BATCH stage=decode rows=4 tokens=4 us=1263
BATCH stage=decode rows=4 tokens=4 us=1263
BATCH stage=decode rows=4 tokens=4 us=1265
BATCH stage=decode rows=4 tokens=4 us=1266
BATCH stage=decode rows=4 tokens=4 us=1279
BATCH stage=decode rows=4 tokens=4 us=1294
BATCH stage=decode rows=4 tokens=4 us=1290
BATCH stage=decode rows=4 tokens=4 us=1283
BATCH stage=decode rows=4 tokens=4 us=1283
BATCH stage=decode rows=4 tokens=4 us=1299
BATCH stage=decode rows=4 tokens=4 us=1297
BATCH stage=decode rows=4 tokens=4 us=1291
BATCH stage=decode rows=4 tokens=4 us=1297
BATCH stage=decode rows=4 tokens=4 us=1298
BATCH stage=decode rows=4 tokens=4 us=1293
BATCH stage=decode rows=4 tokens=4 us=1282
BATCH stage=decode rows=4 tokens=4 us=1281
BATCH stage=decode rows=4 tokens=4 us=1286
BATCH stage=decode rows=4 tokens=4 us=1293
BATCH stage=decode rows=3 tokens=3 us=1273
BATCH stage=prefill rows=1 tokens=128 us=2941
BATCH stage=decode rows=3 tokens=3 us=1275
BATCH stage=prefill rows=1 tokens=398 us=6654
BATCH stage=decode rows=4 tokens=4 us=1308
BATCH stage=decode rows=4 tokens=4 us=1298
BATCH stage=decode rows=4 tokens=4 us=1304
BATCH stage=decode rows=4 tokens=4 us=1301
BATCH stage=decode rows=4 tokens=4 us=1297
BATCH stage=decode rows=4 tokens=4 us=1298
BATCH stage=decode rows=4 tokens=4 us=1299
BATCH stage=decode rows=4 tokens=4 us=1298
BATCH stage=decode rows=4 tokens=4 us=1300
BATCH stage=decode rows=4 tokens=4 us=1282
BATCH stage=decode rows=4 tokens=4 us=1284
BATCH stage=decode rows=4 tokens=4 us=1283
BATCH stage=decode rows=4 tokens=4 us=1284
BATCH stage=decode rows=4 tokens=4 us=1283
BATCH stage=decode rows=4 tokens=4 us=1284
BATCH stage=decode rows=4 tokens=4 us=1283
BATCH stage=decode rows=4 tokens=4 us=1328
BATCH stage=decode rows=4 tokens=4 us=1338
BATCH stage=decode rows=4 tokens=4 us=1349
BATCH stage=decode rows=4 tokens=4 us=1335
BATCH stage=decode rows=4 tokens=4 us=1332
BATCH stage=decode rows=4 tokens=4 us=1343
BATCH stage=decode rows=4 tokens=4 us=1333
BATCH stage=decode rows=4 tokens=4 us=1341
BATCH stage=decode rows=4 tokens=4 us=1348
BATCH stage=decode rows=4 tokens=4 us=1347
BATCH stage=decode rows=4 tokens=4 us=1351
BATCH stage=decode rows=4 tokens=4 us=1352
BATCH stage=decode rows=4 tokens=4 us=1354
BATCH stage=decode rows=3 tokens=3 us=1264
BATCH stage=prefill rows=1 tokens=16 us=2462
BATCH stage=decode rows=4 tokens=4 us=1261
BATCH stage=decode rows=4 tokens=4 us=1264
BATCH stage=decode rows=4 tokens=4 us=1271
BATCH stage=decode rows=4 tokens=4 us=1270
BATCH stage=decode rows=4 tokens=4 us=1265
BATCH stage=decode rows=4 tokens=4 us=1266
BATCH stage=decode rows=4 tokens=4 us=1279
BATCH stage=decode rows=4 tokens=4 us=1272
BATCH stage=decode rows=4 tokens=4 us=1280
BATCH stage=decode rows=4 tokens=4 us=1280
BATCH stage=decode rows=4 tokens=4 us=1280
BATCH stage=decode rows=4 tokens=4 us=1267
BATCH stage=decode rows=4 tokens=4 us=1264
BATCH stage=decode rows=4 tokens=4 us=1270
BATCH stage=decode rows=4 tokens=4 us=1281
BATCH stage=decode rows=4 tokens=4 us=1259
BATCH stage=decode rows=4 tokens=4 us=1265
BATCH stage=decode rows=4 tokens=4 us=1283
BATCH stage=decode rows=4 tokens=4 us=1282
BATCH stage=decode rows=4 tokens=4 us=1297
BATCH stage=decode rows=4 tokens=4 us=1278
BATCH stage=decode rows=4 tokens=4 us=1282
BATCH stage=decode rows=4 tokens=4 us=1277
BATCH stage=decode rows=4 tokens=4 us=1284
BATCH stage=decode rows=4 tokens=4 us=1282
BATCH stage=decode rows=4 tokens=4 us=1275
BATCH stage=decode rows=4 tokens=4 us=1298
BATCH stage=decode rows=4 tokens=4 us=1281
BATCH stage=decode rows=4 tokens=4 us=1283
BATCH stage=decode rows=4 tokens=4 us=1279
BATCH stage=decode rows=4 tokens=4 us=1280
BATCH stage=decode rows=3 tokens=3 us=1261
BATCH stage=prefill rows=1 tokens=128 us=2943
BATCH stage=decode rows=3 tokens=3 us=1270
BATCH stage=prefill rows=1 tokens=398 us=6660
BATCH stage=decode rows=4 tokens=4 us=1314
BATCH stage=decode rows=4 tokens=4 us=1302
BATCH stage=decode rows=4 tokens=4 us=1302
BATCH stage=decode rows=4 tokens=4 us=1299
BATCH stage=decode rows=4 tokens=4 us=1298
BATCH stage=decode rows=4 tokens=4 us=1301
BATCH stage=decode rows=4 tokens=4 us=1295
BATCH stage=decode rows=4 tokens=4 us=1297
BATCH stage=decode rows=4 tokens=4 us=1301
BATCH stage=decode rows=4 tokens=4 us=1303
BATCH stage=decode rows=4 tokens=4 us=1294
BATCH stage=decode rows=4 tokens=4 us=1282
BATCH stage=decode rows=4 tokens=4 us=1285
BATCH stage=decode rows=4 tokens=4 us=1299
BATCH stage=decode rows=4 tokens=4 us=1294
BATCH stage=decode rows=4 tokens=4 us=1296
BATCH stage=decode rows=4 tokens=4 us=1332
BATCH stage=decode rows=4 tokens=4 us=1341
BATCH stage=decode rows=4 tokens=4 us=1347
BATCH stage=decode rows=4 tokens=4 us=1341
BATCH stage=decode rows=4 tokens=4 us=1341
BATCH stage=decode rows=4 tokens=4 us=1344
BATCH stage=decode rows=4 tokens=4 us=1350
BATCH stage=decode rows=4 tokens=4 us=1346
BATCH stage=decode rows=4 tokens=4 us=1341
BATCH stage=decode rows=4 tokens=4 us=1345
BATCH stage=decode rows=4 tokens=4 us=1352
BATCH stage=decode rows=4 tokens=4 us=1351
BATCH stage=decode rows=4 tokens=4 us=1348
BATCH stage=decode rows=3 tokens=3 us=1273
BATCH stage=prefill rows=1 tokens=16 us=2464
BATCH stage=decode rows=4 tokens=4 us=1299
BATCH stage=decode rows=4 tokens=4 us=1298
BATCH stage=decode rows=4 tokens=4 us=1281
BATCH stage=decode rows=4 tokens=4 us=1293
BATCH stage=decode rows=4 tokens=4 us=1300
BATCH stage=decode rows=4 tokens=4 us=1300
BATCH stage=decode rows=4 tokens=4 us=1303
BATCH stage=decode rows=4 tokens=4 us=1293
BATCH stage=decode rows=4 tokens=4 us=1301
BATCH stage=decode rows=4 tokens=4 us=1299
BATCH stage=decode rows=4 tokens=4 us=1302
BATCH stage=decode rows=4 tokens=4 us=1297
BATCH stage=decode rows=4 tokens=4 us=1296
BATCH stage=decode rows=4 tokens=4 us=1299
BATCH stage=decode rows=4 tokens=4 us=1298
BATCH stage=decode rows=4 tokens=4 us=1299
BATCH stage=decode rows=4 tokens=4 us=1302
BATCH stage=decode rows=4 tokens=4 us=1297
BATCH stage=decode rows=4 tokens=4 us=1295
BATCH stage=decode rows=4 tokens=4 us=1298
BATCH stage=decode rows=4 tokens=4 us=1285
BATCH stage=decode rows=4 tokens=4 us=1332
BATCH stage=decode rows=4 tokens=4 us=1347
BATCH stage=decode rows=4 tokens=4 us=1345
BATCH stage=decode rows=4 tokens=4 us=1335
BATCH stage=decode rows=4 tokens=4 us=1345
BATCH stage=decode rows=4 tokens=4 us=1343
BATCH stage=decode rows=4 tokens=4 us=1348
BATCH stage=decode rows=4 tokens=4 us=1348
BATCH stage=decode rows=4 tokens=4 us=1347
BATCH stage=decode rows=4 tokens=4 us=1351
BATCH stage=decode rows=3 tokens=3 us=1327
BATCH stage=prefill rows=1 tokens=128 us=2943
BATCH stage=decode rows=3 tokens=3 us=1325
BATCH stage=prefill rows=1 tokens=398 us=6631
BATCH stage=decode rows=4 tokens=4 us=1345
BATCH stage=decode rows=3 tokens=3 us=1247
BATCH stage=decode rows=3 tokens=3 us=1244
BATCH stage=decode rows=3 tokens=3 us=1245
BATCH stage=decode rows=3 tokens=3 us=1243
BATCH stage=decode rows=3 tokens=3 us=1243
BATCH stage=decode rows=3 tokens=3 us=1244
BATCH stage=decode rows=3 tokens=3 us=1236
BATCH stage=decode rows=3 tokens=3 us=1244
BATCH stage=decode rows=3 tokens=3 us=1248
BATCH stage=decode rows=3 tokens=3 us=1245
BATCH stage=decode rows=3 tokens=3 us=1254
BATCH stage=decode rows=3 tokens=3 us=1254
BATCH stage=decode rows=3 tokens=3 us=1242
BATCH stage=decode rows=3 tokens=3 us=1245
BATCH stage=decode rows=3 tokens=3 us=1251
BATCH stage=decode rows=3 tokens=3 us=1247
BATCH stage=decode rows=3 tokens=3 us=1244
BATCH stage=decode rows=3 tokens=3 us=1255
BATCH stage=decode rows=3 tokens=3 us=1263
BATCH stage=decode rows=3 tokens=3 us=1253
BATCH stage=decode rows=3 tokens=3 us=1270
BATCH stage=decode rows=3 tokens=3 us=1260
BATCH stage=decode rows=3 tokens=3 us=1280
BATCH stage=decode rows=3 tokens=3 us=1275
BATCH stage=decode rows=3 tokens=3 us=1266
BATCH stage=decode rows=3 tokens=3 us=1264
BATCH stage=decode rows=3 tokens=3 us=1261
BATCH stage=decode rows=3 tokens=3 us=1279
BATCH stage=decode rows=3 tokens=3 us=1277
BATCH stage=decode rows=3 tokens=3 us=1275
BATCH stage=decode rows=3 tokens=3 us=1274
BATCH stage=decode rows=3 tokens=3 us=1272
BATCH stage=decode rows=3 tokens=3 us=1269
BATCH stage=decode rows=3 tokens=3 us=1280
BATCH stage=decode rows=3 tokens=3 us=1282
BATCH stage=decode rows=3 tokens=3 us=1287
BATCH stage=decode rows=3 tokens=3 us=1333
BATCH stage=decode rows=3 tokens=3 us=1345
BATCH stage=decode rows=3 tokens=3 us=1393
BATCH stage=decode rows=3 tokens=3 us=1417
BATCH stage=decode rows=3 tokens=3 us=1410
BATCH stage=decode rows=3 tokens=3 us=1411
BATCH stage=decode rows=3 tokens=3 us=1411
BATCH stage=decode rows=3 tokens=3 us=1415
BATCH stage=decode rows=3 tokens=3 us=1426
BATCH stage=decode rows=3 tokens=3 us=1395
BATCH stage=decode rows=3 tokens=3 us=1403
BATCH stage=decode rows=3 tokens=3 us=1416
BATCH stage=decode rows=3 tokens=3 us=1396
BATCH stage=decode rows=3 tokens=3 us=1379
BATCH stage=decode rows=3 tokens=3 us=1414
BATCH stage=decode rows=3 tokens=3 us=1348
BATCH stage=decode rows=3 tokens=3 us=1334
BATCH stage=decode rows=3 tokens=3 us=1332
BATCH stage=decode rows=3 tokens=3 us=1328
BATCH stage=decode rows=3 tokens=3 us=1336
BATCH stage=decode rows=3 tokens=3 us=1334
BATCH stage=decode rows=3 tokens=3 us=1328
BATCH stage=decode rows=3 tokens=3 us=1334
BATCH stage=decode rows=3 tokens=3 us=1309
BATCH stage=decode rows=3 tokens=3 us=1315
BATCH stage=decode rows=2 tokens=2 us=1301
BATCH stage=decode rows=2 tokens=2 us=1293
BATCH stage=decode rows=1 tokens=1 us=1204
BATCH stage=decode rows=1 tokens=1 us=1197
BATCH stage=decode rows=1 tokens=1 us=1203
BATCH stage=decode rows=1 tokens=1 us=1206
BATCH stage=decode rows=1 tokens=1 us=1193
BATCH stage=decode rows=1 tokens=1 us=1196
BATCH stage=decode rows=1 tokens=1 us=1208
BATCH stage=decode rows=1 tokens=1 us=1213
BATCH stage=decode rows=1 tokens=1 us=1210
BATCH stage=decode rows=1 tokens=1 us=1191
BATCH stage=decode rows=1 tokens=1 us=1197
BATCH stage=decode rows=1 tokens=1 us=1194
BATCH stage=decode rows=1 tokens=1 us=1197
BATCH stage=decode rows=1 tokens=1 us=1192
BATCH stage=decode rows=1 tokens=1 us=1195
BATCH stage=decode rows=1 tokens=1 us=1195
BATCH stage=decode rows=1 tokens=1 us=1194
BATCH stage=decode rows=1 tokens=1 us=1199
BATCH stage=decode rows=1 tokens=1 us=1210
BATCH stage=decode rows=1 tokens=1 us=1208
BATCH stage=decode rows=1 tokens=1 us=1209
BATCH stage=decode rows=1 tokens=1 us=1225
BATCH stage=decode rows=1 tokens=1 us=1210
BATCH stage=decode rows=1 tokens=1 us=1211
BATCH stage=decode rows=1 tokens=1 us=1330
BATCH stage=decode rows=1 tokens=1 us=1303
BATCH stage=decode rows=1 tokens=1 us=1300
BATCH stage=decode rows=1 tokens=1 us=1232
BATCH stage=decode rows=1 tokens=1 us=1223
BATCH stage=decode rows=1 tokens=1 us=1213
BATCH stage=decode rows=1 tokens=1 us=1212
BATCH stage=decode rows=1 tokens=1 us=1218
BATCH stage=decode rows=1 tokens=1 us=1216
BATCH stage=decode rows=1 tokens=1 us=1228
BATCH stage=decode rows=1 tokens=1 us=1221
BATCH stage=decode rows=1 tokens=1 us=1217
BATCH stage=decode rows=1 tokens=1 us=1211
BATCH stage=decode rows=1 tokens=1 us=1208
BATCH stage=decode rows=1 tokens=1 us=1207
BATCH stage=decode rows=1 tokens=1 us=1211
BATCH stage=decode rows=1 tokens=1 us=1208
BATCH stage=decode rows=1 tokens=1 us=1208
BATCH stage=decode rows=1 tokens=1 us=1209
BATCH stage=decode rows=1 tokens=1 us=1213
BATCH stage=decode rows=1 tokens=1 us=1209
BATCH stage=decode rows=1 tokens=1 us=1210
BATCH stage=decode rows=1 tokens=1 us=1207
BATCH stage=decode rows=1 tokens=1 us=1208
BATCH stage=decode rows=1 tokens=1 us=1207
BATCH stage=decode rows=1 tokens=1 us=1200
BATCH stage=decode rows=1 tokens=1 us=1241
BATCH stage=decode rows=1 tokens=1 us=1260
BATCH stage=decode rows=1 tokens=1 us=1262
BATCH stage=decode rows=1 tokens=1 us=1502
BATCH stage=decode rows=1 tokens=1 us=1265
BATCH stage=decode rows=1 tokens=1 us=1264
BATCH stage=decode rows=1 tokens=1 us=1260
BATCH stage=decode rows=1 tokens=1 us=1265
BATCH stage=decode rows=1 tokens=1 us=1264
BATCH stage=decode rows=1 tokens=1 us=1264
BATCH stage=decode rows=1 tokens=1 us=1266
BATCH stage=decode rows=1 tokens=1 us=1267
BATCH stage=decode rows=1 tokens=1 us=1267
riley graceful shutdown requested by stdin
