RILEY_GRAPH prepared=true policy=Require fallback=false gpu_iteration_timing=false numerics=variable-smol-v3
riley listening on http://127.0.0.1:50323 (graceful_signals=SIGINT,SIGTERM graceful_stdin_shutdown=true)
BATCH stage=prefill rows=1 tokens=128 us=3055
BATCH stage=decode rows=1 tokens=1 us=1138
BATCH stage=prefill rows=1 tokens=16 us=2471
BATCH stage=decode rows=2 tokens=2 us=1042
BATCH stage=prefill rows=1 tokens=398 us=6763
BATCH stage=decode rows=3 tokens=3 us=1262
BATCH stage=prefill rows=1 tokens=16 us=2569
BATCH stage=decode rows=4 tokens=4 us=1391
BATCH stage=prefill rows=1 tokens=128 us=3033
BATCH stage=decode rows=5 tokens=5 us=1450
BATCH stage=prefill rows=1 tokens=398 us=6787
BATCH stage=decode rows=6 tokens=6 us=1483
BATCH stage=prefill rows=1 tokens=128 us=3038
BATCH stage=decode rows=7 tokens=7 us=1518
BATCH stage=prefill rows=1 tokens=16 us=2463
BATCH stage=decode rows=8 tokens=8 us=1376
BATCH stage=decode rows=8 tokens=8 us=1372
BATCH stage=decode rows=8 tokens=8 us=1371
BATCH stage=decode rows=8 tokens=8 us=1357
BATCH stage=decode rows=8 tokens=8 us=1356
BATCH stage=decode rows=8 tokens=8 us=1358
BATCH stage=decode rows=8 tokens=8 us=1568
BATCH stage=decode rows=8 tokens=8 us=1392
BATCH stage=decode rows=8 tokens=8 us=1369
BATCH stage=decode rows=8 tokens=8 us=1370
BATCH stage=decode rows=8 tokens=8 us=1372
BATCH stage=decode rows=8 tokens=8 us=1374
BATCH stage=decode rows=8 tokens=8 us=1380
BATCH stage=decode rows=8 tokens=8 us=1378
BATCH stage=decode rows=8 tokens=8 us=1370
BATCH stage=decode rows=8 tokens=8 us=1364
BATCH stage=decode rows=8 tokens=8 us=1384
BATCH stage=decode rows=8 tokens=8 us=1387
BATCH stage=decode rows=8 tokens=8 us=1385
BATCH stage=decode rows=8 tokens=8 us=1377
BATCH stage=decode rows=8 tokens=8 us=1383
BATCH stage=decode rows=8 tokens=8 us=1381
BATCH stage=decode rows=8 tokens=8 us=1386
BATCH stage=decode rows=8 tokens=8 us=1385
BATCH stage=decode rows=8 tokens=8 us=1385
BATCH stage=decode rows=7 tokens=7 us=1362
BATCH stage=prefill rows=1 tokens=398 us=6654
BATCH stage=decode rows=8 tokens=8 us=1394
BATCH stage=decode rows=7 tokens=7 us=1366
BATCH stage=prefill rows=1 tokens=16 us=2456
BATCH stage=decode rows=8 tokens=8 us=1378
BATCH stage=decode rows=8 tokens=8 us=1396
BATCH stage=decode rows=8 tokens=8 us=1397
BATCH stage=decode rows=7 tokens=7 us=1362
BATCH stage=prefill rows=1 tokens=128 us=2930
BATCH stage=decode rows=8 tokens=8 us=1391
BATCH stage=decode rows=8 tokens=8 us=1393
BATCH stage=decode rows=8 tokens=8 us=1378
BATCH stage=decode rows=8 tokens=8 us=1387
BATCH stage=decode rows=8 tokens=8 us=1384
BATCH stage=decode rows=8 tokens=8 us=1373
BATCH stage=decode rows=8 tokens=8 us=1383
BATCH stage=decode rows=8 tokens=8 us=1378
BATCH stage=decode rows=8 tokens=8 us=1373
BATCH stage=decode rows=8 tokens=8 us=1384
BATCH stage=decode rows=8 tokens=8 us=1374
BATCH stage=decode rows=8 tokens=8 us=1376
BATCH stage=decode rows=8 tokens=8 us=1389
BATCH stage=decode rows=8 tokens=8 us=1410
BATCH stage=decode rows=8 tokens=8 us=1396
BATCH stage=decode rows=8 tokens=8 us=1384
BATCH stage=decode rows=8 tokens=8 us=1400
BATCH stage=decode rows=8 tokens=8 us=1391
BATCH stage=decode rows=8 tokens=8 us=1394
BATCH stage=decode rows=8 tokens=8 us=1383
BATCH stage=decode rows=8 tokens=8 us=1384
BATCH stage=decode rows=8 tokens=8 us=1382
BATCH stage=decode rows=8 tokens=8 us=1392
BATCH stage=decode rows=8 tokens=8 us=1400
BATCH stage=decode rows=7 tokens=7 us=1385
BATCH stage=prefill rows=1 tokens=398 us=6656
BATCH stage=decode rows=8 tokens=8 us=1427
BATCH stage=decode rows=8 tokens=8 us=1405
BATCH stage=decode rows=7 tokens=7 us=1378
BATCH stage=prefill rows=1 tokens=16 us=2456
BATCH stage=decode rows=7 tokens=7 us=1373
BATCH stage=prefill rows=1 tokens=128 us=2924
BATCH stage=decode rows=8 tokens=8 us=1404
BATCH stage=decode rows=7 tokens=7 us=1373
BATCH stage=prefill rows=1 tokens=398 us=6654
BATCH stage=decode rows=8 tokens=8 us=1424
BATCH stage=decode rows=8 tokens=8 us=1417
BATCH stage=decode rows=8 tokens=8 us=1416
BATCH stage=decode rows=8 tokens=8 us=1409
BATCH stage=decode rows=8 tokens=8 us=1424
BATCH stage=decode rows=8 tokens=8 us=1425
BATCH stage=decode rows=8 tokens=8 us=1409
BATCH stage=decode rows=8 tokens=8 us=1410
BATCH stage=decode rows=8 tokens=8 us=1411
BATCH stage=decode rows=8 tokens=8 us=1400
BATCH stage=decode rows=8 tokens=8 us=1399
BATCH stage=decode rows=8 tokens=8 us=1411
BATCH stage=decode rows=8 tokens=8 us=1402
BATCH stage=decode rows=8 tokens=8 us=1410
BATCH stage=decode rows=8 tokens=8 us=1439
BATCH stage=decode rows=8 tokens=8 us=1436
BATCH stage=decode rows=8 tokens=8 us=1431
BATCH stage=decode rows=8 tokens=8 us=1441
BATCH stage=decode rows=8 tokens=8 us=1423
BATCH stage=decode rows=8 tokens=8 us=1419
BATCH stage=decode rows=8 tokens=8 us=1424
BATCH stage=decode rows=8 tokens=8 us=1422
BATCH stage=decode rows=8 tokens=8 us=1428
BATCH stage=decode rows=8 tokens=8 us=1426
BATCH stage=decode rows=8 tokens=8 us=1425
BATCH stage=decode rows=8 tokens=8 us=1424
BATCH stage=decode rows=8 tokens=8 us=1427
BATCH stage=decode rows=8 tokens=8 us=1429
BATCH stage=decode rows=7 tokens=7 us=1401
BATCH stage=prefill rows=1 tokens=16 us=2460
BATCH stage=decode rows=8 tokens=8 us=1414
BATCH stage=decode rows=8 tokens=8 us=1424
BATCH stage=decode rows=8 tokens=8 us=1455
BATCH stage=decode rows=7 tokens=7 us=1391
BATCH stage=prefill rows=1 tokens=128 us=2927
BATCH stage=decode rows=8 tokens=8 us=1433
BATCH stage=decode rows=8 tokens=8 us=1426
BATCH stage=decode rows=8 tokens=8 us=1424
BATCH stage=decode rows=8 tokens=8 us=1417
BATCH stage=decode rows=8 tokens=8 us=1420
BATCH stage=decode rows=8 tokens=8 us=1420
BATCH stage=decode rows=8 tokens=8 us=1424
BATCH stage=decode rows=8 tokens=8 us=1425
BATCH stage=decode rows=8 tokens=8 us=1425
BATCH stage=decode rows=8 tokens=8 us=1428
BATCH stage=decode rows=8 tokens=8 us=1432
BATCH stage=decode rows=8 tokens=8 us=1430
BATCH stage=decode rows=8 tokens=8 us=1413
BATCH stage=decode rows=8 tokens=8 us=1448
BATCH stage=decode rows=8 tokens=8 us=1469
BATCH stage=decode rows=8 tokens=8 us=1468
BATCH stage=decode rows=8 tokens=8 us=1468
BATCH stage=decode rows=8 tokens=8 us=1468
BATCH stage=decode rows=8 tokens=8 us=1467
BATCH stage=decode rows=8 tokens=8 us=1467
BATCH stage=decode rows=8 tokens=8 us=1463
BATCH stage=decode rows=8 tokens=8 us=1463
BATCH stage=decode rows=8 tokens=8 us=1455
BATCH stage=decode rows=8 tokens=8 us=1466
BATCH stage=decode rows=8 tokens=8 us=1467
BATCH stage=decode rows=8 tokens=8 us=1468
BATCH stage=decode rows=7 tokens=7 us=1436
BATCH stage=prefill rows=1 tokens=398 us=6674
BATCH stage=decode rows=7 tokens=7 us=1449
BATCH stage=prefill rows=1 tokens=16 us=2465
BATCH stage=decode rows=7 tokens=7 us=1442
BATCH stage=prefill rows=1 tokens=128 us=2935
BATCH stage=decode rows=7 tokens=7 us=1396
BATCH stage=prefill rows=1 tokens=398 us=6664
BATCH stage=decode rows=8 tokens=8 us=1441
BATCH stage=decode rows=8 tokens=8 us=1428
BATCH stage=decode rows=8 tokens=8 us=1430
BATCH stage=decode rows=8 tokens=8 us=1435
BATCH stage=decode rows=8 tokens=8 us=1430
BATCH stage=decode rows=8 tokens=8 us=1433
BATCH stage=decode rows=8 tokens=8 us=1431
BATCH stage=decode rows=8 tokens=8 us=1434
BATCH stage=decode rows=8 tokens=8 us=1433
BATCH stage=decode rows=8 tokens=8 us=1419
BATCH stage=decode rows=8 tokens=8 us=1436
BATCH stage=decode rows=8 tokens=8 us=1429
BATCH stage=decode rows=8 tokens=8 us=1435
BATCH stage=decode rows=8 tokens=8 us=1433
BATCH stage=decode rows=8 tokens=8 us=1457
BATCH stage=decode rows=8 tokens=8 us=1473
BATCH stage=decode rows=8 tokens=8 us=1449
BATCH stage=decode rows=8 tokens=8 us=1459
BATCH stage=decode rows=8 tokens=8 us=1465
BATCH stage=decode rows=8 tokens=8 us=1476
BATCH stage=decode rows=8 tokens=8 us=1470
BATCH stage=decode rows=8 tokens=8 us=1465
BATCH stage=decode rows=8 tokens=8 us=1455
BATCH stage=decode rows=8 tokens=8 us=1455
BATCH stage=decode rows=8 tokens=8 us=1472
BATCH stage=decode rows=8 tokens=8 us=1458
BATCH stage=decode rows=8 tokens=8 us=1464
BATCH stage=decode rows=7 tokens=7 us=1401
BATCH stage=prefill rows=1 tokens=16 us=2450
BATCH stage=decode rows=8 tokens=8 us=1413
BATCH stage=decode rows=7 tokens=7 us=1394
BATCH stage=prefill rows=1 tokens=128 us=2944
BATCH stage=decode rows=8 tokens=8 us=1418
BATCH stage=decode rows=8 tokens=8 us=1428
BATCH stage=decode rows=8 tokens=8 us=1419
BATCH stage=decode rows=7 tokens=7 us=1391
BATCH stage=prefill rows=1 tokens=398 us=6671
BATCH stage=decode rows=8 tokens=8 us=1457
BATCH stage=decode rows=8 tokens=8 us=1430
BATCH stage=decode rows=8 tokens=8 us=1435
BATCH stage=decode rows=8 tokens=8 us=1424
BATCH stage=decode rows=8 tokens=8 us=1432
BATCH stage=decode rows=8 tokens=8 us=1423
BATCH stage=decode rows=8 tokens=8 us=1435
BATCH stage=decode rows=8 tokens=8 us=1432
BATCH stage=decode rows=8 tokens=8 us=1418
BATCH stage=decode rows=8 tokens=8 us=1416
BATCH stage=decode rows=8 tokens=8 us=1422
BATCH stage=decode rows=8 tokens=8 us=1439
BATCH stage=decode rows=8 tokens=8 us=1444
BATCH stage=decode rows=8 tokens=8 us=1449
BATCH stage=decode rows=8 tokens=8 us=1441
BATCH stage=decode rows=8 tokens=8 us=1443
BATCH stage=decode rows=8 tokens=8 us=1457
BATCH stage=decode rows=8 tokens=8 us=1471
BATCH stage=decode rows=8 tokens=8 us=1460
BATCH stage=decode rows=8 tokens=8 us=1463
BATCH stage=decode rows=8 tokens=8 us=1460
BATCH stage=decode rows=8 tokens=8 us=1463
BATCH stage=decode rows=8 tokens=8 us=1467
BATCH stage=decode rows=8 tokens=8 us=1468
BATCH stage=decode rows=7 tokens=7 us=1445
BATCH stage=prefill rows=1 tokens=16 us=2460
BATCH stage=decode rows=7 tokens=7 us=1432
BATCH stage=prefill rows=1 tokens=128 us=2933
BATCH stage=decode rows=8 tokens=8 us=1465
BATCH stage=decode rows=8 tokens=8 us=1459
BATCH stage=decode rows=7 tokens=7 us=1423
BATCH stage=prefill rows=1 tokens=398 us=6679
BATCH stage=decode rows=8 tokens=8 us=1489
BATCH stage=decode rows=7 tokens=7 us=1396
BATCH stage=prefill rows=1 tokens=16 us=2467
BATCH stage=decode rows=8 tokens=8 us=1405
BATCH stage=decode rows=8 tokens=8 us=1413
BATCH stage=decode rows=8 tokens=8 us=1401
BATCH stage=decode rows=8 tokens=8 us=1412
BATCH stage=decode rows=8 tokens=8 us=1409
BATCH stage=decode rows=8 tokens=8 us=1408
BATCH stage=decode rows=8 tokens=8 us=1414
BATCH stage=decode rows=8 tokens=8 us=1405
BATCH stage=decode rows=8 tokens=8 us=1412
BATCH stage=decode rows=8 tokens=8 us=1404
BATCH stage=decode rows=8 tokens=8 us=1397
BATCH stage=decode rows=8 tokens=8 us=1411
BATCH stage=decode rows=8 tokens=8 us=1398
BATCH stage=decode rows=8 tokens=8 us=1397
BATCH stage=decode rows=8 tokens=8 us=1411
BATCH stage=decode rows=8 tokens=8 us=1418
BATCH stage=decode rows=8 tokens=8 us=1414
BATCH stage=decode rows=8 tokens=8 us=1412
BATCH stage=decode rows=8 tokens=8 us=1410
BATCH stage=decode rows=8 tokens=8 us=1409
BATCH stage=decode rows=8 tokens=8 us=1409
BATCH stage=decode rows=8 tokens=8 us=1405
BATCH stage=decode rows=8 tokens=8 us=1405
BATCH stage=decode rows=8 tokens=8 us=1409
BATCH stage=decode rows=8 tokens=8 us=1406
BATCH stage=decode rows=7 tokens=7 us=1394
BATCH stage=prefill rows=1 tokens=128 us=2935
BATCH stage=decode rows=8 tokens=8 us=1434
BATCH stage=decode rows=8 tokens=8 us=1409
BATCH stage=decode rows=7 tokens=7 us=1386
BATCH stage=prefill rows=1 tokens=398 us=6675
BATCH stage=decode rows=8 tokens=8 us=1444
BATCH stage=decode rows=8 tokens=8 us=1439
BATCH stage=decode rows=7 tokens=7 us=1396
BATCH stage=prefill rows=1 tokens=16 us=2458
BATCH stage=decode rows=8 tokens=8 us=1428
BATCH stage=decode rows=8 tokens=8 us=1436
BATCH stage=decode rows=8 tokens=8 us=1431
BATCH stage=decode rows=8 tokens=8 us=1421
BATCH stage=decode rows=8 tokens=8 us=1433
BATCH stage=decode rows=8 tokens=8 us=1427
BATCH stage=decode rows=8 tokens=8 us=1427
BATCH stage=decode rows=8 tokens=8 us=1422
BATCH stage=decode rows=8 tokens=8 us=1432
BATCH stage=decode rows=8 tokens=8 us=1432
BATCH stage=decode rows=8 tokens=8 us=1433
BATCH stage=decode rows=8 tokens=8 us=1423
BATCH stage=decode rows=8 tokens=8 us=1420
BATCH stage=decode rows=8 tokens=8 us=1409
BATCH stage=decode rows=8 tokens=8 us=1455
BATCH stage=decode rows=8 tokens=8 us=1451
BATCH stage=decode rows=8 tokens=8 us=1451
BATCH stage=decode rows=8 tokens=8 us=1452
BATCH stage=decode rows=8 tokens=8 us=1463
BATCH stage=decode rows=8 tokens=8 us=1473
BATCH stage=decode rows=8 tokens=8 us=1458
BATCH stage=decode rows=8 tokens=8 us=1452
BATCH stage=decode rows=8 tokens=8 us=1450
BATCH stage=decode rows=8 tokens=8 us=1451
BATCH stage=decode rows=8 tokens=8 us=1449
BATCH stage=decode rows=8 tokens=8 us=1449
BATCH stage=decode rows=7 tokens=7 us=1431
BATCH stage=prefill rows=1 tokens=128 us=2930
BATCH stage=decode rows=7 tokens=7 us=1431
BATCH stage=prefill rows=1 tokens=398 us=6645
BATCH stage=decode rows=8 tokens=8 us=1470
BATCH stage=decode rows=8 tokens=8 us=1447
BATCH stage=decode rows=7 tokens=7 us=1387
BATCH stage=prefill rows=1 tokens=16 us=2443
BATCH stage=decode rows=7 tokens=7 us=1387
BATCH stage=prefill rows=1 tokens=128 us=2920
BATCH stage=decode rows=8 tokens=8 us=1407
BATCH stage=decode rows=8 tokens=8 us=1402
BATCH stage=decode rows=8 tokens=8 us=1403
BATCH stage=decode rows=8 tokens=8 us=1412
BATCH stage=decode rows=8 tokens=8 us=1408
BATCH stage=decode rows=8 tokens=8 us=1407
BATCH stage=decode rows=8 tokens=8 us=1412
BATCH stage=decode rows=8 tokens=8 us=1418
BATCH stage=decode rows=8 tokens=8 us=1415
BATCH stage=decode rows=8 tokens=8 us=1418
BATCH stage=decode rows=8 tokens=8 us=1406
BATCH stage=decode rows=8 tokens=8 us=1407
BATCH stage=decode rows=8 tokens=8 us=1421
BATCH stage=decode rows=8 tokens=8 us=1408
BATCH stage=decode rows=8 tokens=8 us=1423
BATCH stage=decode rows=8 tokens=8 us=1423
BATCH stage=decode rows=8 tokens=8 us=1420
BATCH stage=decode rows=8 tokens=8 us=1427
BATCH stage=decode rows=8 tokens=8 us=1420
BATCH stage=decode rows=8 tokens=8 us=1447
BATCH stage=decode rows=8 tokens=8 us=1450
BATCH stage=decode rows=8 tokens=8 us=1459
BATCH stage=decode rows=8 tokens=8 us=1459
BATCH stage=decode rows=8 tokens=8 us=1462
BATCH stage=decode rows=8 tokens=8 us=1460
BATCH stage=decode rows=7 tokens=7 us=1435
BATCH stage=prefill rows=1 tokens=398 us=6680
BATCH stage=decode rows=8 tokens=8 us=1478
BATCH stage=decode rows=8 tokens=8 us=1462
BATCH stage=decode rows=8 tokens=8 us=1455
BATCH stage=decode rows=8 tokens=8 us=1454
BATCH stage=decode rows=7 tokens=7 us=1429
BATCH stage=prefill rows=1 tokens=16 us=2457
BATCH stage=decode rows=8 tokens=8 us=1463
BATCH stage=decode rows=7 tokens=7 us=1402
BATCH stage=prefill rows=1 tokens=128 us=2935
BATCH stage=decode rows=8 tokens=8 us=1432
BATCH stage=decode rows=8 tokens=8 us=1423
BATCH stage=decode rows=8 tokens=8 us=1422
BATCH stage=decode rows=8 tokens=8 us=1414
BATCH stage=decode rows=8 tokens=8 us=1425
BATCH stage=decode rows=8 tokens=8 us=1420
BATCH stage=decode rows=8 tokens=8 us=1414
BATCH stage=decode rows=8 tokens=8 us=1416
BATCH stage=decode rows=8 tokens=8 us=1414
BATCH stage=decode rows=8 tokens=8 us=1421
BATCH stage=decode rows=8 tokens=8 us=1409
BATCH stage=decode rows=8 tokens=8 us=1423
BATCH stage=decode rows=8 tokens=8 us=1422
BATCH stage=decode rows=8 tokens=8 us=1424
BATCH stage=decode rows=8 tokens=8 us=1419
BATCH stage=decode rows=8 tokens=8 us=1442
BATCH stage=decode rows=8 tokens=8 us=1457
BATCH stage=decode rows=8 tokens=8 us=1465
BATCH stage=decode rows=8 tokens=8 us=1462
BATCH stage=decode rows=8 tokens=8 us=1458
BATCH stage=decode rows=8 tokens=8 us=1465
BATCH stage=decode rows=8 tokens=8 us=1465
BATCH stage=decode rows=8 tokens=8 us=1464
BATCH stage=decode rows=8 tokens=8 us=1455
BATCH stage=decode rows=8 tokens=8 us=1465
BATCH stage=decode rows=7 tokens=7 us=1437
BATCH stage=prefill rows=1 tokens=398 us=6657
BATCH stage=decode rows=8 tokens=8 us=1469
BATCH stage=decode rows=8 tokens=8 us=1468
BATCH stage=decode rows=7 tokens=7 us=1402
BATCH stage=prefill rows=1 tokens=16 us=2462
BATCH stage=decode rows=7 tokens=7 us=1402
BATCH stage=prefill rows=1 tokens=128 us=2935
BATCH stage=decode rows=7 tokens=7 us=1390
BATCH stage=prefill rows=1 tokens=398 us=6666
BATCH stage=decode rows=8 tokens=8 us=1440
BATCH stage=decode rows=8 tokens=8 us=1442
BATCH stage=decode rows=8 tokens=8 us=1434
BATCH stage=decode rows=8 tokens=8 us=1431
BATCH stage=decode rows=8 tokens=8 us=1429
BATCH stage=decode rows=8 tokens=8 us=1416
BATCH stage=decode rows=8 tokens=8 us=1431
BATCH stage=decode rows=8 tokens=8 us=1432
BATCH stage=decode rows=8 tokens=8 us=1432
BATCH stage=decode rows=8 tokens=8 us=1433
BATCH stage=decode rows=8 tokens=8 us=1426
BATCH stage=decode rows=8 tokens=8 us=1432
BATCH stage=decode rows=8 tokens=8 us=1436
BATCH stage=decode rows=8 tokens=8 us=1438
BATCH stage=decode rows=8 tokens=8 us=1431
BATCH stage=decode rows=8 tokens=8 us=1451
BATCH stage=decode rows=8 tokens=8 us=1467
BATCH stage=decode rows=8 tokens=8 us=1458
BATCH stage=decode rows=8 tokens=8 us=1460
BATCH stage=decode rows=8 tokens=8 us=1460
BATCH stage=decode rows=8 tokens=8 us=1466
BATCH stage=decode rows=8 tokens=8 us=1460
BATCH stage=decode rows=8 tokens=8 us=1464
BATCH stage=decode rows=8 tokens=8 us=1458
BATCH stage=decode rows=8 tokens=8 us=1456
BATCH stage=decode rows=8 tokens=8 us=1465
BATCH stage=decode rows=8 tokens=8 us=1467
BATCH stage=decode rows=8 tokens=8 us=1465
BATCH stage=decode rows=7 tokens=7 us=1402
BATCH stage=prefill rows=1 tokens=16 us=2449
BATCH stage=decode rows=7 tokens=7 us=1401
BATCH stage=prefill rows=1 tokens=128 us=2933
BATCH stage=decode rows=8 tokens=8 us=1412
BATCH stage=decode rows=8 tokens=8 us=1411
BATCH stage=decode rows=7 tokens=7 us=1373
BATCH stage=prefill rows=1 tokens=398 us=6669
BATCH stage=decode rows=8 tokens=8 us=1434
BATCH stage=decode rows=8 tokens=8 us=1433
BATCH stage=decode rows=8 tokens=8 us=1437
BATCH stage=decode rows=8 tokens=8 us=1432
BATCH stage=decode rows=8 tokens=8 us=1434
BATCH stage=decode rows=8 tokens=8 us=1432
BATCH stage=decode rows=8 tokens=8 us=1433
BATCH stage=decode rows=8 tokens=8 us=1433
BATCH stage=decode rows=8 tokens=8 us=1432
BATCH stage=decode rows=8 tokens=8 us=1434
BATCH stage=decode rows=8 tokens=8 us=1431
BATCH stage=decode rows=8 tokens=8 us=1423
BATCH stage=decode rows=8 tokens=8 us=1435
BATCH stage=decode rows=8 tokens=8 us=1455
BATCH stage=decode rows=8 tokens=8 us=1469
BATCH stage=decode rows=8 tokens=8 us=1464
BATCH stage=decode rows=8 tokens=8 us=1467
BATCH stage=decode rows=8 tokens=8 us=1451
BATCH stage=decode rows=8 tokens=8 us=1453
BATCH stage=decode rows=8 tokens=8 us=1450
BATCH stage=decode rows=8 tokens=8 us=1454
BATCH stage=decode rows=8 tokens=8 us=1458
BATCH stage=decode rows=8 tokens=8 us=1467
BATCH stage=decode rows=8 tokens=8 us=1469
BATCH stage=decode rows=8 tokens=8 us=1470
BATCH stage=decode rows=8 tokens=8 us=1466
BATCH stage=decode rows=7 tokens=7 us=1413
BATCH stage=prefill rows=1 tokens=16 us=2463
BATCH stage=decode rows=7 tokens=7 us=1410
BATCH stage=prefill rows=1 tokens=128 us=2942
BATCH stage=decode rows=8 tokens=8 us=1433
BATCH stage=decode rows=7 tokens=7 us=1394
BATCH stage=prefill rows=1 tokens=398 us=6700
BATCH stage=decode rows=8 tokens=8 us=1454
BATCH stage=decode rows=8 tokens=8 us=1441
BATCH stage=decode rows=8 tokens=8 us=1437
BATCH stage=decode rows=8 tokens=8 us=1443
BATCH stage=decode rows=8 tokens=8 us=1437
BATCH stage=decode rows=8 tokens=8 us=1431
BATCH stage=decode rows=8 tokens=8 us=1433
BATCH stage=decode rows=8 tokens=8 us=1439
BATCH stage=decode rows=8 tokens=8 us=1435
BATCH stage=decode rows=8 tokens=8 us=1434
BATCH stage=decode rows=8 tokens=8 us=1434
BATCH stage=decode rows=8 tokens=8 us=1433
BATCH stage=decode rows=8 tokens=8 us=1425
BATCH stage=decode rows=8 tokens=8 us=1460
BATCH stage=decode rows=8 tokens=8 us=1467
BATCH stage=decode rows=8 tokens=8 us=1477
BATCH stage=decode rows=8 tokens=8 us=1469
BATCH stage=decode rows=8 tokens=8 us=1465
BATCH stage=decode rows=8 tokens=8 us=1468
BATCH stage=decode rows=8 tokens=8 us=1467
BATCH stage=decode rows=8 tokens=8 us=1462
BATCH stage=decode rows=8 tokens=8 us=1465
BATCH stage=decode rows=8 tokens=8 us=1470
BATCH stage=decode rows=8 tokens=8 us=1466
BATCH stage=decode rows=8 tokens=8 us=1466
BATCH stage=decode rows=8 tokens=8 us=1467
BATCH stage=decode rows=7 tokens=7 us=1403
BATCH stage=prefill rows=1 tokens=16 us=2460
BATCH stage=decode rows=8 tokens=8 us=1424
BATCH stage=decode rows=7 tokens=7 us=1393
BATCH stage=prefill rows=1 tokens=128 us=2941
BATCH stage=decode rows=8 tokens=8 us=1428
BATCH stage=decode rows=7 tokens=7 us=1394
BATCH stage=prefill rows=1 tokens=398 us=6660
BATCH stage=decode rows=8 tokens=8 us=1434
BATCH stage=decode rows=8 tokens=8 us=1438
BATCH stage=decode rows=8 tokens=8 us=1435
BATCH stage=decode rows=8 tokens=8 us=1434
BATCH stage=decode rows=8 tokens=8 us=1440
BATCH stage=decode rows=8 tokens=8 us=1443
BATCH stage=decode rows=8 tokens=8 us=1435
BATCH stage=decode rows=8 tokens=8 us=1429
BATCH stage=decode rows=8 tokens=8 us=1434
BATCH stage=decode rows=8 tokens=8 us=1434
BATCH stage=decode rows=8 tokens=8 us=1441
BATCH stage=decode rows=8 tokens=8 us=1431
BATCH stage=decode rows=8 tokens=8 us=1442
BATCH stage=decode rows=8 tokens=8 us=1438
BATCH stage=decode rows=8 tokens=8 us=1428
BATCH stage=decode rows=8 tokens=8 us=1458
BATCH stage=decode rows=8 tokens=8 us=1469
BATCH stage=decode rows=8 tokens=8 us=1467
BATCH stage=decode rows=8 tokens=8 us=1466
BATCH stage=decode rows=8 tokens=8 us=1465
BATCH stage=decode rows=8 tokens=8 us=1452
BATCH stage=decode rows=8 tokens=8 us=1465
BATCH stage=decode rows=8 tokens=8 us=1474
BATCH stage=decode rows=8 tokens=8 us=1467
BATCH stage=decode rows=8 tokens=8 us=1467
BATCH stage=decode rows=8 tokens=8 us=1468
BATCH stage=decode rows=8 tokens=8 us=1468
BATCH stage=decode rows=7 tokens=7 us=1443
BATCH stage=prefill rows=1 tokens=16 us=2459
BATCH stage=decode rows=7 tokens=7 us=1447
BATCH stage=prefill rows=1 tokens=128 us=2932
BATCH stage=decode rows=8 tokens=8 us=1467
BATCH stage=decode rows=7 tokens=7 us=1434
BATCH stage=prefill rows=1 tokens=398 us=6664
BATCH stage=decode rows=8 tokens=8 us=1464
BATCH stage=decode rows=8 tokens=8 us=1470
BATCH stage=decode rows=7 tokens=7 us=1399
BATCH stage=prefill rows=1 tokens=16 us=2461
BATCH stage=decode rows=8 tokens=8 us=1413
BATCH stage=decode rows=8 tokens=8 us=1422
BATCH stage=decode rows=8 tokens=8 us=1420
BATCH stage=decode rows=8 tokens=8 us=1425
BATCH stage=decode rows=8 tokens=8 us=1423
BATCH stage=decode rows=8 tokens=8 us=1425
BATCH stage=decode rows=8 tokens=8 us=1420
BATCH stage=decode rows=8 tokens=8 us=1420
BATCH stage=decode rows=8 tokens=8 us=1418
BATCH stage=decode rows=8 tokens=8 us=1424
BATCH stage=decode rows=8 tokens=8 us=1420
BATCH stage=decode rows=8 tokens=8 us=1427
BATCH stage=decode rows=8 tokens=8 us=1424
BATCH stage=decode rows=8 tokens=8 us=1421
BATCH stage=decode rows=8 tokens=8 us=1417
BATCH stage=decode rows=8 tokens=8 us=1421
BATCH stage=decode rows=8 tokens=8 us=1424
BATCH stage=decode rows=8 tokens=8 us=1423
BATCH stage=decode rows=8 tokens=8 us=1419
BATCH stage=decode rows=8 tokens=8 us=1447
BATCH stage=decode rows=8 tokens=8 us=1454
BATCH stage=decode rows=8 tokens=8 us=1457
BATCH stage=decode rows=8 tokens=8 us=1452
BATCH stage=decode rows=8 tokens=8 us=1454
BATCH stage=decode rows=8 tokens=8 us=1456
BATCH stage=decode rows=7 tokens=7 us=1433
BATCH stage=prefill rows=1 tokens=128 us=2941
BATCH stage=decode rows=8 tokens=8 us=1473
BATCH stage=decode rows=7 tokens=7 us=1430
BATCH stage=prefill rows=1 tokens=398 us=6674
BATCH stage=decode rows=8 tokens=8 us=1477
BATCH stage=decode rows=8 tokens=8 us=1468
BATCH stage=decode rows=8 tokens=8 us=1467
BATCH stage=decode rows=7 tokens=7 us=1436
BATCH stage=prefill rows=1 tokens=16 us=2455
BATCH stage=decode rows=7 tokens=7 us=1400
BATCH stage=prefill rows=1 tokens=128 us=2924
BATCH stage=decode rows=8 tokens=8 us=1407
BATCH stage=decode rows=8 tokens=8 us=1425
BATCH stage=decode rows=8 tokens=8 us=1412
BATCH stage=decode rows=8 tokens=8 us=1413
BATCH stage=decode rows=8 tokens=8 us=1413
BATCH stage=decode rows=8 tokens=8 us=1424
BATCH stage=decode rows=8 tokens=8 us=1405
BATCH stage=decode rows=8 tokens=8 us=1424
BATCH stage=decode rows=8 tokens=8 us=1419
BATCH stage=decode rows=8 tokens=8 us=1406
BATCH stage=decode rows=8 tokens=8 us=1418
BATCH stage=decode rows=8 tokens=8 us=1422
BATCH stage=decode rows=8 tokens=8 us=1408
BATCH stage=decode rows=8 tokens=8 us=1407
BATCH stage=decode rows=8 tokens=8 us=1407
BATCH stage=decode rows=8 tokens=8 us=1429
BATCH stage=decode rows=8 tokens=8 us=1433
BATCH stage=decode rows=8 tokens=8 us=1440
BATCH stage=decode rows=8 tokens=8 us=1446
BATCH stage=decode rows=8 tokens=8 us=1458
BATCH stage=decode rows=8 tokens=8 us=1462
BATCH stage=decode rows=8 tokens=8 us=1465
BATCH stage=decode rows=8 tokens=8 us=1463
BATCH stage=decode rows=8 tokens=8 us=1459
BATCH stage=decode rows=8 tokens=8 us=1464
BATCH stage=decode rows=7 tokens=7 us=1434
BATCH stage=prefill rows=1 tokens=398 us=6648
BATCH stage=decode rows=8 tokens=8 us=1471
BATCH stage=decode rows=8 tokens=8 us=1468
BATCH stage=decode rows=8 tokens=8 us=1459
BATCH stage=decode rows=7 tokens=7 us=1401
BATCH stage=prefill rows=1 tokens=16 us=2460
BATCH stage=decode rows=7 tokens=7 us=1397
BATCH stage=prefill rows=1 tokens=128 us=2927
BATCH stage=decode rows=8 tokens=8 us=1415
BATCH stage=decode rows=8 tokens=8 us=1415
BATCH stage=decode rows=8 tokens=8 us=1424
BATCH stage=decode rows=8 tokens=8 us=1413
BATCH stage=decode rows=8 tokens=8 us=1406
BATCH stage=decode rows=8 tokens=8 us=1420
BATCH stage=decode rows=8 tokens=8 us=1409
BATCH stage=decode rows=8 tokens=8 us=1422
BATCH stage=decode rows=8 tokens=8 us=1406
BATCH stage=decode rows=8 tokens=8 us=1406
BATCH stage=decode rows=8 tokens=8 us=1407
BATCH stage=decode rows=8 tokens=8 us=1423
BATCH stage=decode rows=8 tokens=8 us=1423
BATCH stage=decode rows=8 tokens=8 us=1420
BATCH stage=decode rows=8 tokens=8 us=1413
BATCH stage=decode rows=8 tokens=8 us=1426
BATCH stage=decode rows=8 tokens=8 us=1431
BATCH stage=decode rows=8 tokens=8 us=1454
BATCH stage=decode rows=8 tokens=8 us=1452
BATCH stage=decode rows=8 tokens=8 us=1462
BATCH stage=decode rows=8 tokens=8 us=1457
BATCH stage=decode rows=8 tokens=8 us=1450
BATCH stage=decode rows=8 tokens=8 us=1463
BATCH stage=decode rows=8 tokens=8 us=1463
BATCH stage=decode rows=8 tokens=8 us=1459
BATCH stage=decode rows=7 tokens=7 us=1430
BATCH stage=prefill rows=1 tokens=398 us=6676
BATCH stage=decode rows=8 tokens=8 us=1483
BATCH stage=decode rows=8 tokens=8 us=1462
BATCH stage=decode rows=8 tokens=8 us=1465
BATCH stage=decode rows=7 tokens=7 us=1411
BATCH stage=prefill rows=1 tokens=16 us=2463
BATCH stage=decode rows=7 tokens=7 us=1407
BATCH stage=prefill rows=1 tokens=128 us=2949
BATCH stage=decode rows=8 tokens=8 us=1408
BATCH stage=decode rows=7 tokens=7 us=1385
BATCH stage=prefill rows=1 tokens=398 us=6672
BATCH stage=decode rows=8 tokens=8 us=1453
BATCH stage=decode rows=8 tokens=8 us=1439
BATCH stage=decode rows=8 tokens=8 us=1436
BATCH stage=decode rows=8 tokens=8 us=1435
BATCH stage=decode rows=8 tokens=8 us=1436
BATCH stage=decode rows=8 tokens=8 us=1435
BATCH stage=decode rows=8 tokens=8 us=1421
BATCH stage=decode rows=8 tokens=8 us=1431
BATCH stage=decode rows=8 tokens=8 us=1416
BATCH stage=decode rows=8 tokens=8 us=1436
BATCH stage=decode rows=8 tokens=8 us=1429
BATCH stage=decode rows=8 tokens=8 us=1418
BATCH stage=decode rows=8 tokens=8 us=1432
BATCH stage=decode rows=8 tokens=8 us=1439
BATCH stage=decode rows=8 tokens=8 us=1437
BATCH stage=decode rows=8 tokens=8 us=1459
BATCH stage=decode rows=8 tokens=8 us=1456
BATCH stage=decode rows=8 tokens=8 us=1454
BATCH stage=decode rows=8 tokens=8 us=1465
BATCH stage=decode rows=8 tokens=8 us=1453
BATCH stage=decode rows=8 tokens=8 us=1449
BATCH stage=decode rows=8 tokens=8 us=1470
BATCH stage=decode rows=8 tokens=8 us=1451
BATCH stage=decode rows=8 tokens=8 us=1449
BATCH stage=decode rows=8 tokens=8 us=1449
BATCH stage=decode rows=8 tokens=8 us=1450
BATCH stage=decode rows=8 tokens=8 us=1440
BATCH stage=decode rows=7 tokens=7 us=1386
BATCH stage=prefill rows=1 tokens=16 us=2445
BATCH stage=decode rows=7 tokens=7 us=1381
BATCH stage=prefill rows=1 tokens=128 us=2923
BATCH stage=decode rows=8 tokens=8 us=1411
BATCH stage=decode rows=7 tokens=7 us=1377
BATCH stage=prefill rows=1 tokens=398 us=6668
BATCH stage=decode rows=8 tokens=8 us=1434
BATCH stage=decode rows=8 tokens=8 us=1427
BATCH stage=decode rows=8 tokens=8 us=1433
BATCH stage=decode rows=8 tokens=8 us=1431
BATCH stage=decode rows=8 tokens=8 us=1428
BATCH stage=decode rows=8 tokens=8 us=1429
BATCH stage=decode rows=8 tokens=8 us=1429
BATCH stage=decode rows=8 tokens=8 us=1426
BATCH stage=decode rows=8 tokens=8 us=1428
BATCH stage=decode rows=8 tokens=8 us=1428
BATCH stage=decode rows=8 tokens=8 us=1431
BATCH stage=decode rows=8 tokens=8 us=1427
BATCH stage=decode rows=8 tokens=8 us=1430
BATCH stage=decode rows=8 tokens=8 us=1429
BATCH stage=decode rows=8 tokens=8 us=1454
BATCH stage=decode rows=8 tokens=8 us=1466
BATCH stage=decode rows=8 tokens=8 us=1466
BATCH stage=decode rows=8 tokens=8 us=1464
BATCH stage=decode rows=8 tokens=8 us=1463
BATCH stage=decode rows=8 tokens=8 us=1463
BATCH stage=decode rows=8 tokens=8 us=1463
BATCH stage=decode rows=8 tokens=8 us=1464
BATCH stage=decode rows=8 tokens=8 us=1467
BATCH stage=decode rows=8 tokens=8 us=1464
BATCH stage=decode rows=8 tokens=8 us=1456
BATCH stage=decode rows=8 tokens=8 us=1462
BATCH stage=decode rows=8 tokens=8 us=1461
BATCH stage=decode rows=7 tokens=7 us=1394
BATCH stage=prefill rows=1 tokens=16 us=2459
BATCH stage=decode rows=7 tokens=7 us=1402
BATCH stage=prefill rows=1 tokens=128 us=2936
BATCH stage=decode rows=8 tokens=8 us=1422
BATCH stage=decode rows=7 tokens=7 us=1385
BATCH stage=prefill rows=1 tokens=398 us=6679
BATCH stage=decode rows=8 tokens=8 us=1447
BATCH stage=decode rows=8 tokens=8 us=1418
BATCH stage=decode rows=8 tokens=8 us=1430
BATCH stage=decode rows=8 tokens=8 us=1437
BATCH stage=decode rows=8 tokens=8 us=1426
BATCH stage=decode rows=8 tokens=8 us=1423
BATCH stage=decode rows=8 tokens=8 us=1437
BATCH stage=decode rows=8 tokens=8 us=1429
BATCH stage=decode rows=8 tokens=8 us=1432
BATCH stage=decode rows=8 tokens=8 us=1433
BATCH stage=decode rows=8 tokens=8 us=1472
BATCH stage=decode rows=8 tokens=8 us=1424
BATCH stage=decode rows=8 tokens=8 us=1425
BATCH stage=decode rows=8 tokens=8 us=1431
BATCH stage=decode rows=8 tokens=8 us=1442
BATCH stage=decode rows=8 tokens=8 us=1464
BATCH stage=decode rows=8 tokens=8 us=1457
BATCH stage=decode rows=8 tokens=8 us=1466
BATCH stage=decode rows=8 tokens=8 us=1463
BATCH stage=decode rows=8 tokens=8 us=1465
BATCH stage=decode rows=8 tokens=8 us=1466
BATCH stage=decode rows=8 tokens=8 us=1465
BATCH stage=decode rows=8 tokens=8 us=1448
BATCH stage=decode rows=8 tokens=8 us=1461
BATCH stage=decode rows=8 tokens=8 us=1455
BATCH stage=decode rows=8 tokens=8 us=1463
BATCH stage=decode rows=8 tokens=8 us=1465
BATCH stage=decode rows=7 tokens=7 us=1397
BATCH stage=prefill rows=1 tokens=16 us=2458
BATCH stage=decode rows=7 tokens=7 us=1390
BATCH stage=prefill rows=1 tokens=128 us=2941
BATCH stage=decode rows=8 tokens=8 us=1427
BATCH stage=decode rows=7 tokens=7 us=1400
BATCH stage=prefill rows=1 tokens=398 us=6656
BATCH stage=decode rows=8 tokens=8 us=1454
BATCH stage=decode rows=8 tokens=8 us=1437
BATCH stage=decode rows=8 tokens=8 us=1433
BATCH stage=decode rows=8 tokens=8 us=1437
BATCH stage=decode rows=8 tokens=8 us=1434
BATCH stage=decode rows=8 tokens=8 us=1440
BATCH stage=decode rows=8 tokens=8 us=1430
BATCH stage=decode rows=8 tokens=8 us=1430
BATCH stage=decode rows=8 tokens=8 us=1433
BATCH stage=decode rows=8 tokens=8 us=1435
BATCH stage=decode rows=8 tokens=8 us=1443
BATCH stage=decode rows=8 tokens=8 us=1441
BATCH stage=decode rows=8 tokens=8 us=1434
BATCH stage=decode rows=8 tokens=8 us=1432
BATCH stage=decode rows=8 tokens=8 us=1449
BATCH stage=decode rows=8 tokens=8 us=1465
BATCH stage=decode rows=8 tokens=8 us=1449
BATCH stage=decode rows=8 tokens=8 us=1464
BATCH stage=decode rows=8 tokens=8 us=1467
BATCH stage=decode rows=8 tokens=8 us=1462
BATCH stage=decode rows=8 tokens=8 us=1466
BATCH stage=decode rows=8 tokens=8 us=1454
BATCH stage=decode rows=8 tokens=8 us=1466
BATCH stage=decode rows=8 tokens=8 us=1468
BATCH stage=decode rows=8 tokens=8 us=1463
BATCH stage=decode rows=8 tokens=8 us=1465
BATCH stage=decode rows=8 tokens=8 us=1458
BATCH stage=decode rows=7 tokens=7 us=1461
BATCH stage=prefill rows=1 tokens=16 us=2471
BATCH stage=decode rows=7 tokens=7 us=1430
BATCH stage=prefill rows=1 tokens=128 us=2941
BATCH stage=decode rows=8 tokens=8 us=1468
BATCH stage=decode rows=7 tokens=7 us=1433
BATCH stage=prefill rows=1 tokens=398 us=6673
BATCH stage=decode rows=8 tokens=8 us=1470
BATCH stage=decode rows=8 tokens=8 us=1468
BATCH stage=decode rows=8 tokens=8 us=1466
BATCH stage=decode rows=7 tokens=7 us=1413
BATCH stage=prefill rows=1 tokens=16 us=2474
BATCH stage=decode rows=8 tokens=8 us=1423
BATCH stage=decode rows=8 tokens=8 us=1427
BATCH stage=decode rows=8 tokens=8 us=1426
BATCH stage=decode rows=8 tokens=8 us=1426
BATCH stage=decode rows=8 tokens=8 us=1417
BATCH stage=decode rows=8 tokens=8 us=1415
BATCH stage=decode rows=8 tokens=8 us=1420
BATCH stage=decode rows=8 tokens=8 us=1416
BATCH stage=decode rows=8 tokens=8 us=1423
BATCH stage=decode rows=8 tokens=8 us=1421
BATCH stage=decode rows=8 tokens=8 us=1417
BATCH stage=decode rows=8 tokens=8 us=1423
BATCH stage=decode rows=8 tokens=8 us=1414
BATCH stage=decode rows=8 tokens=8 us=1420
BATCH stage=decode rows=8 tokens=8 us=1420
BATCH stage=decode rows=8 tokens=8 us=1422
BATCH stage=decode rows=8 tokens=8 us=1422
BATCH stage=decode rows=8 tokens=8 us=1443
BATCH stage=decode rows=8 tokens=8 us=1457
BATCH stage=decode rows=8 tokens=8 us=1444
BATCH stage=decode rows=8 tokens=8 us=1445
BATCH stage=decode rows=8 tokens=8 us=1447
BATCH stage=decode rows=8 tokens=8 us=1460
BATCH stage=decode rows=8 tokens=8 us=1448
BATCH stage=decode rows=7 tokens=7 us=1441
BATCH stage=prefill rows=1 tokens=128 us=2951
BATCH stage=decode rows=8 tokens=8 us=1474
BATCH stage=decode rows=7 tokens=7 us=1428
BATCH stage=prefill rows=1 tokens=398 us=6663
BATCH stage=decode rows=8 tokens=8 us=1472
BATCH stage=decode rows=8 tokens=8 us=1473
BATCH stage=decode rows=8 tokens=8 us=1468
BATCH stage=decode rows=7 tokens=7 us=1397
BATCH stage=prefill rows=1 tokens=16 us=2458
BATCH stage=decode rows=7 tokens=7 us=1397
BATCH stage=prefill rows=1 tokens=128 us=2946
BATCH stage=decode rows=8 tokens=8 us=1425
BATCH stage=decode rows=8 tokens=8 us=1424
BATCH stage=decode rows=8 tokens=8 us=1460
BATCH stage=decode rows=8 tokens=8 us=1430
BATCH stage=decode rows=8 tokens=8 us=1425
BATCH stage=decode rows=8 tokens=8 us=1425
BATCH stage=decode rows=8 tokens=8 us=1418
BATCH stage=decode rows=8 tokens=8 us=1423
BATCH stage=decode rows=8 tokens=8 us=1424
BATCH stage=decode rows=8 tokens=8 us=1411
BATCH stage=decode rows=8 tokens=8 us=1423
BATCH stage=decode rows=8 tokens=8 us=1409
BATCH stage=decode rows=8 tokens=8 us=1423
BATCH stage=decode rows=8 tokens=8 us=1429
BATCH stage=decode rows=8 tokens=8 us=1422
BATCH stage=decode rows=8 tokens=8 us=1423
BATCH stage=decode rows=8 tokens=8 us=1431
BATCH stage=decode rows=8 tokens=8 us=1465
BATCH stage=decode rows=8 tokens=8 us=1452
BATCH stage=decode rows=8 tokens=8 us=1453
BATCH stage=decode rows=8 tokens=8 us=1453
BATCH stage=decode rows=8 tokens=8 us=1460
BATCH stage=decode rows=8 tokens=8 us=1462
BATCH stage=decode rows=8 tokens=8 us=1459
BATCH stage=decode rows=8 tokens=8 us=1463
BATCH stage=decode rows=7 tokens=7 us=1423
BATCH stage=prefill rows=1 tokens=398 us=6668
BATCH stage=decode rows=8 tokens=8 us=1477
BATCH stage=decode rows=8 tokens=8 us=1470
BATCH stage=decode rows=8 tokens=8 us=1465
BATCH stage=decode rows=7 tokens=7 us=1399
BATCH stage=prefill rows=1 tokens=16 us=2456
BATCH stage=decode rows=7 tokens=7 us=1397
BATCH stage=prefill rows=1 tokens=128 us=2934
BATCH stage=decode rows=8 tokens=8 us=1422
BATCH stage=decode rows=8 tokens=8 us=1424
BATCH stage=decode rows=8 tokens=8 us=1416
BATCH stage=decode rows=8 tokens=8 us=1414
BATCH stage=decode rows=8 tokens=8 us=1413
BATCH stage=decode rows=8 tokens=8 us=1411
BATCH stage=decode rows=8 tokens=8 us=1414
BATCH stage=decode rows=8 tokens=8 us=1420
BATCH stage=decode rows=8 tokens=8 us=1424
BATCH stage=decode rows=8 tokens=8 us=1422
BATCH stage=decode rows=8 tokens=8 us=1424
BATCH stage=decode rows=8 tokens=8 us=1420
BATCH stage=decode rows=8 tokens=8 us=1423
BATCH stage=decode rows=8 tokens=8 us=1419
BATCH stage=decode rows=8 tokens=8 us=1409
BATCH stage=decode rows=8 tokens=8 us=1409
BATCH stage=decode rows=8 tokens=8 us=1434
BATCH stage=decode rows=8 tokens=8 us=1452
BATCH stage=decode rows=8 tokens=8 us=1458
BATCH stage=decode rows=8 tokens=8 us=1462
BATCH stage=decode rows=8 tokens=8 us=1443
BATCH stage=decode rows=8 tokens=8 us=1464
BATCH stage=decode rows=8 tokens=8 us=1456
BATCH stage=decode rows=8 tokens=8 us=1462
BATCH stage=decode rows=8 tokens=8 us=1444
BATCH stage=decode rows=7 tokens=7 us=1448
BATCH stage=prefill rows=1 tokens=398 us=6709
BATCH stage=decode rows=8 tokens=8 us=1505
BATCH stage=decode rows=8 tokens=8 us=1483
BATCH stage=decode rows=8 tokens=8 us=1460
BATCH stage=decode rows=7 tokens=7 us=1413
BATCH stage=prefill rows=1 tokens=16 us=2465
BATCH stage=decode rows=7 tokens=7 us=1408
BATCH stage=prefill rows=1 tokens=128 us=2917
BATCH stage=decode rows=8 tokens=8 us=1415
BATCH stage=decode rows=7 tokens=7 us=1381
BATCH stage=prefill rows=1 tokens=398 us=6703
BATCH stage=decode rows=8 tokens=8 us=1463
BATCH stage=decode rows=8 tokens=8 us=1654
BATCH stage=decode rows=8 tokens=8 us=1685
BATCH stage=decode rows=8 tokens=8 us=1652
BATCH stage=decode rows=8 tokens=8 us=1654
BATCH stage=decode rows=8 tokens=8 us=1623
BATCH stage=decode rows=8 tokens=8 us=1635
BATCH stage=decode rows=8 tokens=8 us=1630
BATCH stage=decode rows=8 tokens=8 us=1467
BATCH stage=decode rows=8 tokens=8 us=1445
BATCH stage=decode rows=8 tokens=8 us=1442
BATCH stage=decode rows=8 tokens=8 us=1464
BATCH stage=decode rows=8 tokens=8 us=1429
BATCH stage=decode rows=8 tokens=8 us=1428
BATCH stage=decode rows=8 tokens=8 us=1448
BATCH stage=decode rows=8 tokens=8 us=1463
BATCH stage=decode rows=8 tokens=8 us=1466
BATCH stage=decode rows=8 tokens=8 us=1452
BATCH stage=decode rows=8 tokens=8 us=1469
BATCH stage=decode rows=8 tokens=8 us=1466
BATCH stage=decode rows=8 tokens=8 us=1465
BATCH stage=decode rows=8 tokens=8 us=1448
BATCH stage=decode rows=8 tokens=8 us=1451
BATCH stage=decode rows=8 tokens=8 us=1468
BATCH stage=decode rows=8 tokens=8 us=1451
BATCH stage=decode rows=8 tokens=8 us=1445
BATCH stage=decode rows=8 tokens=8 us=1453
BATCH stage=decode rows=7 tokens=7 us=1388
BATCH stage=prefill rows=1 tokens=16 us=2458
BATCH stage=decode rows=7 tokens=7 us=1408
BATCH stage=prefill rows=1 tokens=128 us=2939
BATCH stage=decode rows=8 tokens=8 us=1415
BATCH stage=decode rows=7 tokens=7 us=1377
BATCH stage=prefill rows=1 tokens=398 us=6679
BATCH stage=decode rows=8 tokens=8 us=1444
BATCH stage=decode rows=8 tokens=8 us=1423
BATCH stage=decode rows=8 tokens=8 us=1419
BATCH stage=decode rows=8 tokens=8 us=1433
BATCH stage=decode rows=8 tokens=8 us=1428
BATCH stage=decode rows=8 tokens=8 us=1430
BATCH stage=decode rows=8 tokens=8 us=1429
BATCH stage=decode rows=8 tokens=8 us=1425
BATCH stage=decode rows=8 tokens=8 us=1423
BATCH stage=decode rows=8 tokens=8 us=1425
BATCH stage=decode rows=8 tokens=8 us=1427
BATCH stage=decode rows=8 tokens=8 us=1434
BATCH stage=decode rows=8 tokens=8 us=1430
BATCH stage=decode rows=8 tokens=8 us=1433
BATCH stage=decode rows=8 tokens=8 us=1452
BATCH stage=decode rows=8 tokens=8 us=1451
BATCH stage=decode rows=8 tokens=8 us=1450
BATCH stage=decode rows=8 tokens=8 us=1449
BATCH stage=decode rows=8 tokens=8 us=1449
BATCH stage=decode rows=8 tokens=8 us=1465
BATCH stage=decode rows=8 tokens=8 us=1451
BATCH stage=decode rows=8 tokens=8 us=1464
BATCH stage=decode rows=8 tokens=8 us=1457
BATCH stage=decode rows=8 tokens=8 us=1449
BATCH stage=decode rows=8 tokens=8 us=1460
BATCH stage=decode rows=8 tokens=8 us=1452
BATCH stage=decode rows=8 tokens=8 us=1456
BATCH stage=decode rows=7 tokens=7 us=1386
BATCH stage=prefill rows=1 tokens=16 us=2460
BATCH stage=decode rows=7 tokens=7 us=1401
BATCH stage=prefill rows=1 tokens=128 us=2933
BATCH stage=decode rows=8 tokens=8 us=1414
BATCH stage=decode rows=7 tokens=7 us=1375
BATCH stage=prefill rows=1 tokens=398 us=6687
BATCH stage=decode rows=8 tokens=8 us=1437
BATCH stage=decode rows=8 tokens=8 us=1426
BATCH stage=decode rows=8 tokens=8 us=1417
BATCH stage=decode rows=8 tokens=8 us=1420
BATCH stage=decode rows=8 tokens=8 us=1431
BATCH stage=decode rows=8 tokens=8 us=1421
BATCH stage=decode rows=8 tokens=8 us=1429
BATCH stage=decode rows=8 tokens=8 us=1417
BATCH stage=decode rows=8 tokens=8 us=1417
BATCH stage=decode rows=8 tokens=8 us=1416
BATCH stage=decode rows=8 tokens=8 us=1416
BATCH stage=decode rows=8 tokens=8 us=1416
BATCH stage=decode rows=8 tokens=8 us=1418
BATCH stage=decode rows=8 tokens=8 us=1427
BATCH stage=decode rows=8 tokens=8 us=1444
BATCH stage=decode rows=8 tokens=8 us=1471
BATCH stage=decode rows=8 tokens=8 us=1464
BATCH stage=decode rows=8 tokens=8 us=1454
BATCH stage=decode rows=8 tokens=8 us=1449
BATCH stage=decode rows=8 tokens=8 us=1464
BATCH stage=decode rows=8 tokens=8 us=1464
BATCH stage=decode rows=8 tokens=8 us=1451
BATCH stage=decode rows=8 tokens=8 us=1454
BATCH stage=decode rows=8 tokens=8 us=1452
BATCH stage=decode rows=8 tokens=8 us=1465
BATCH stage=decode rows=8 tokens=8 us=1462
BATCH stage=decode rows=8 tokens=8 us=1448
BATCH stage=decode rows=7 tokens=7 us=1387
BATCH stage=prefill rows=1 tokens=16 us=2455
BATCH stage=decode rows=7 tokens=7 us=1402
BATCH stage=prefill rows=1 tokens=128 us=2936
BATCH stage=decode rows=8 tokens=8 us=1419
BATCH stage=decode rows=7 tokens=7 us=1388
BATCH stage=prefill rows=1 tokens=398 us=6671
BATCH stage=decode rows=8 tokens=8 us=1452
BATCH stage=decode rows=8 tokens=8 us=1438
BATCH stage=decode rows=8 tokens=8 us=1441
BATCH stage=decode rows=8 tokens=8 us=1432
BATCH stage=decode rows=8 tokens=8 us=1435
BATCH stage=decode rows=8 tokens=8 us=1426
BATCH stage=decode rows=8 tokens=8 us=1429
BATCH stage=decode rows=8 tokens=8 us=1438
BATCH stage=decode rows=8 tokens=8 us=1417
BATCH stage=decode rows=8 tokens=8 us=1424
BATCH stage=decode rows=8 tokens=8 us=1428
BATCH stage=decode rows=8 tokens=8 us=1438
BATCH stage=decode rows=8 tokens=8 us=1429
BATCH stage=decode rows=8 tokens=8 us=1439
BATCH stage=decode rows=8 tokens=8 us=1455
BATCH stage=decode rows=8 tokens=8 us=1467
BATCH stage=decode rows=8 tokens=8 us=1466
BATCH stage=decode rows=8 tokens=8 us=1464
BATCH stage=decode rows=8 tokens=8 us=1464
BATCH stage=decode rows=8 tokens=8 us=1469
BATCH stage=decode rows=8 tokens=8 us=1465
BATCH stage=decode rows=8 tokens=8 us=1463
BATCH stage=decode rows=8 tokens=8 us=1463
BATCH stage=decode rows=8 tokens=8 us=1464
BATCH stage=decode rows=8 tokens=8 us=1462
BATCH stage=decode rows=8 tokens=8 us=1462
BATCH stage=decode rows=8 tokens=8 us=1467
BATCH stage=decode rows=7 tokens=7 us=1437
BATCH stage=prefill rows=1 tokens=16 us=2459
BATCH stage=decode rows=7 tokens=7 us=1439
BATCH stage=prefill rows=1 tokens=128 us=2933
BATCH stage=decode rows=8 tokens=8 us=1465
BATCH stage=decode rows=7 tokens=7 us=1431
BATCH stage=prefill rows=1 tokens=398 us=6673
BATCH stage=decode rows=8 tokens=8 us=1473
BATCH stage=decode rows=8 tokens=8 us=1461
BATCH stage=decode rows=8 tokens=8 us=1461
BATCH stage=decode rows=7 tokens=7 us=1394
BATCH stage=prefill rows=1 tokens=16 us=2457
BATCH stage=decode rows=8 tokens=8 us=1408
BATCH stage=decode rows=8 tokens=8 us=1429
BATCH stage=decode rows=8 tokens=8 us=1413
BATCH stage=decode rows=8 tokens=8 us=1420
BATCH stage=decode rows=8 tokens=8 us=1421
BATCH stage=decode rows=8 tokens=8 us=1425
BATCH stage=decode rows=8 tokens=8 us=1423
BATCH stage=decode rows=8 tokens=8 us=1432
BATCH stage=decode rows=8 tokens=8 us=1421
BATCH stage=decode rows=8 tokens=8 us=1414
BATCH stage=decode rows=8 tokens=8 us=1421
BATCH stage=decode rows=8 tokens=8 us=1421
BATCH stage=decode rows=8 tokens=8 us=1419
BATCH stage=decode rows=8 tokens=8 us=1413
BATCH stage=decode rows=8 tokens=8 us=1414
BATCH stage=decode rows=8 tokens=8 us=1425
BATCH stage=decode rows=8 tokens=8 us=1423
BATCH stage=decode rows=8 tokens=8 us=1440
BATCH stage=decode rows=8 tokens=8 us=1457
BATCH stage=decode rows=8 tokens=8 us=1456
BATCH stage=decode rows=8 tokens=8 us=1461
BATCH stage=decode rows=8 tokens=8 us=1468
BATCH stage=decode rows=8 tokens=8 us=1462
BATCH stage=decode rows=8 tokens=8 us=1460
BATCH stage=decode rows=7 tokens=7 us=1434
BATCH stage=prefill rows=1 tokens=128 us=2938
BATCH stage=decode rows=8 tokens=8 us=1466
BATCH stage=decode rows=7 tokens=7 us=1434
BATCH stage=prefill rows=1 tokens=398 us=6664
BATCH stage=decode rows=8 tokens=8 us=1475
BATCH stage=decode rows=8 tokens=8 us=1464
BATCH stage=decode rows=8 tokens=8 us=1471
BATCH stage=decode rows=7 tokens=7 us=1402
BATCH stage=prefill rows=1 tokens=16 us=2456
BATCH stage=decode rows=7 tokens=7 us=1404
BATCH stage=prefill rows=1 tokens=128 us=2925
BATCH stage=decode rows=8 tokens=8 us=1428
BATCH stage=decode rows=8 tokens=8 us=1424
BATCH stage=decode rows=8 tokens=8 us=1419
BATCH stage=decode rows=8 tokens=8 us=1420
BATCH stage=decode rows=8 tokens=8 us=1423
BATCH stage=decode rows=8 tokens=8 us=1425
BATCH stage=decode rows=8 tokens=8 us=1421
BATCH stage=decode rows=8 tokens=8 us=1419
BATCH stage=decode rows=8 tokens=8 us=1419
BATCH stage=decode rows=8 tokens=8 us=1422
BATCH stage=decode rows=8 tokens=8 us=1423
BATCH stage=decode rows=8 tokens=8 us=1417
BATCH stage=decode rows=8 tokens=8 us=1424
BATCH stage=decode rows=8 tokens=8 us=1421
BATCH stage=decode rows=8 tokens=8 us=1428
BATCH stage=decode rows=8 tokens=8 us=1421
BATCH stage=decode rows=8 tokens=8 us=1446
BATCH stage=decode rows=8 tokens=8 us=1464
BATCH stage=decode rows=8 tokens=8 us=1449
BATCH stage=decode rows=8 tokens=8 us=1461
BATCH stage=decode rows=8 tokens=8 us=1464
BATCH stage=decode rows=8 tokens=8 us=1465
BATCH stage=decode rows=8 tokens=8 us=1462
BATCH stage=decode rows=8 tokens=8 us=1461
BATCH stage=decode rows=8 tokens=8 us=1460
BATCH stage=decode rows=7 tokens=7 us=1437
BATCH stage=prefill rows=1 tokens=398 us=6675
BATCH stage=decode rows=8 tokens=8 us=1477
BATCH stage=decode rows=8 tokens=8 us=1465
BATCH stage=decode rows=8 tokens=8 us=1457
BATCH stage=decode rows=7 tokens=7 us=1399
BATCH stage=prefill rows=1 tokens=16 us=2457
BATCH stage=decode rows=7 tokens=7 us=1394
BATCH stage=prefill rows=1 tokens=128 us=2923
BATCH stage=decode rows=8 tokens=8 us=1428
BATCH stage=decode rows=8 tokens=8 us=1426
BATCH stage=decode rows=8 tokens=8 us=1417
BATCH stage=decode rows=8 tokens=8 us=1421
BATCH stage=decode rows=8 tokens=8 us=1422
BATCH stage=decode rows=8 tokens=8 us=1422
BATCH stage=decode rows=8 tokens=8 us=1420
BATCH stage=decode rows=8 tokens=8 us=1419
BATCH stage=decode rows=8 tokens=8 us=1421
BATCH stage=decode rows=8 tokens=8 us=1421
BATCH stage=decode rows=8 tokens=8 us=1422
BATCH stage=decode rows=8 tokens=8 us=1420
BATCH stage=decode rows=8 tokens=8 us=1423
BATCH stage=decode rows=8 tokens=8 us=1428
BATCH stage=decode rows=8 tokens=8 us=1426
BATCH stage=decode rows=8 tokens=8 us=1425
BATCH stage=decode rows=8 tokens=8 us=1454
BATCH stage=decode rows=8 tokens=8 us=1462
BATCH stage=decode rows=8 tokens=8 us=1465
BATCH stage=decode rows=8 tokens=8 us=1463
BATCH stage=decode rows=8 tokens=8 us=1465
BATCH stage=decode rows=8 tokens=8 us=1456
BATCH stage=decode rows=8 tokens=8 us=1460
BATCH stage=decode rows=8 tokens=8 us=1454
BATCH stage=decode rows=8 tokens=8 us=1454
BATCH stage=decode rows=7 tokens=7 us=1430
BATCH stage=prefill rows=1 tokens=398 us=6648
BATCH stage=decode rows=8 tokens=8 us=1478
BATCH stage=decode rows=8 tokens=8 us=1459
BATCH stage=decode rows=8 tokens=8 us=1468
BATCH stage=decode rows=7 tokens=7 us=1400
BATCH stage=prefill rows=1 tokens=16 us=2458
BATCH stage=decode rows=7 tokens=7 us=1398
BATCH stage=prefill rows=1 tokens=128 us=2930
BATCH stage=decode rows=8 tokens=8 us=1411
BATCH stage=decode rows=7 tokens=7 us=1376
BATCH stage=prefill rows=1 tokens=398 us=6639
BATCH stage=decode rows=8 tokens=8 us=1432
BATCH stage=decode rows=8 tokens=8 us=1418
BATCH stage=decode rows=8 tokens=8 us=1424
BATCH stage=decode rows=8 tokens=8 us=1418
BATCH stage=decode rows=8 tokens=8 us=1485
BATCH stage=decode rows=8 tokens=8 us=1419
BATCH stage=decode rows=8 tokens=8 us=1428
BATCH stage=decode rows=8 tokens=8 us=1416
BATCH stage=decode rows=8 tokens=8 us=1416
BATCH stage=decode rows=8 tokens=8 us=1414
BATCH stage=decode rows=8 tokens=8 us=1419
BATCH stage=decode rows=8 tokens=8 us=1427
BATCH stage=decode rows=8 tokens=8 us=1421
BATCH stage=decode rows=8 tokens=8 us=1420
BATCH stage=decode rows=8 tokens=8 us=1444
BATCH stage=decode rows=8 tokens=8 us=1457
BATCH stage=decode rows=8 tokens=8 us=1454
BATCH stage=decode rows=8 tokens=8 us=1451
BATCH stage=decode rows=8 tokens=8 us=1450
BATCH stage=decode rows=8 tokens=8 us=1450
BATCH stage=decode rows=8 tokens=8 us=1449
BATCH stage=decode rows=8 tokens=8 us=1453
BATCH stage=decode rows=8 tokens=8 us=1456
BATCH stage=decode rows=8 tokens=8 us=1456
BATCH stage=decode rows=8 tokens=8 us=1448
BATCH stage=decode rows=8 tokens=8 us=1449
BATCH stage=decode rows=8 tokens=8 us=1448
BATCH stage=decode rows=7 tokens=7 us=1391
BATCH stage=prefill rows=1 tokens=16 us=2448
BATCH stage=decode rows=7 tokens=7 us=1400
BATCH stage=prefill rows=1 tokens=128 us=2919
BATCH stage=decode rows=8 tokens=8 us=1415
BATCH stage=decode rows=7 tokens=7 us=1376
BATCH stage=prefill rows=1 tokens=398 us=6646
BATCH stage=decode rows=8 tokens=8 us=1433
BATCH stage=decode rows=8 tokens=8 us=1431
BATCH stage=decode rows=8 tokens=8 us=1433
BATCH stage=decode rows=8 tokens=8 us=1434
BATCH stage=decode rows=8 tokens=8 us=1427
BATCH stage=decode rows=8 tokens=8 us=1430
BATCH stage=decode rows=8 tokens=8 us=1419
BATCH stage=decode rows=8 tokens=8 us=1419
BATCH stage=decode rows=8 tokens=8 us=1417
BATCH stage=decode rows=8 tokens=8 us=1423
BATCH stage=decode rows=8 tokens=8 us=1421
BATCH stage=decode rows=8 tokens=8 us=1418
BATCH stage=decode rows=8 tokens=8 us=1427
BATCH stage=decode rows=8 tokens=8 us=1426
BATCH stage=decode rows=8 tokens=8 us=1435
BATCH stage=decode rows=8 tokens=8 us=1454
BATCH stage=decode rows=8 tokens=8 us=1448
BATCH stage=decode rows=8 tokens=8 us=1454
BATCH stage=decode rows=8 tokens=8 us=1454
BATCH stage=decode rows=8 tokens=8 us=1461
BATCH stage=decode rows=8 tokens=8 us=1459
BATCH stage=decode rows=8 tokens=8 us=1457
BATCH stage=decode rows=8 tokens=8 us=1442
BATCH stage=decode rows=8 tokens=8 us=1452
BATCH stage=decode rows=8 tokens=8 us=1449
BATCH stage=decode rows=8 tokens=8 us=1452
BATCH stage=decode rows=8 tokens=8 us=1457
BATCH stage=decode rows=7 tokens=7 us=1389
BATCH stage=prefill rows=1 tokens=16 us=2458
BATCH stage=decode rows=7 tokens=7 us=1393
BATCH stage=prefill rows=1 tokens=128 us=2925
BATCH stage=decode rows=8 tokens=8 us=1428
BATCH stage=decode rows=7 tokens=7 us=1380
BATCH stage=prefill rows=1 tokens=398 us=6665
BATCH stage=decode rows=8 tokens=8 us=1440
BATCH stage=decode rows=8 tokens=8 us=1427
BATCH stage=decode rows=8 tokens=8 us=1426
BATCH stage=decode rows=8 tokens=8 us=1418
BATCH stage=decode rows=8 tokens=8 us=1422
BATCH stage=decode rows=8 tokens=8 us=1419
BATCH stage=decode rows=8 tokens=8 us=1419
BATCH stage=decode rows=8 tokens=8 us=1424
BATCH stage=decode rows=8 tokens=8 us=1420
BATCH stage=decode rows=8 tokens=8 us=1418
BATCH stage=decode rows=8 tokens=8 us=1418
BATCH stage=decode rows=8 tokens=8 us=1419
BATCH stage=decode rows=8 tokens=8 us=1422
BATCH stage=decode rows=8 tokens=8 us=1438
BATCH stage=decode rows=8 tokens=8 us=1442
BATCH stage=decode rows=8 tokens=8 us=1452
BATCH stage=decode rows=8 tokens=8 us=1454
BATCH stage=decode rows=8 tokens=8 us=1468
BATCH stage=decode rows=8 tokens=8 us=1465
BATCH stage=decode rows=8 tokens=8 us=1458
BATCH stage=decode rows=8 tokens=8 us=1463
BATCH stage=decode rows=8 tokens=8 us=1458
BATCH stage=decode rows=8 tokens=8 us=1449
BATCH stage=decode rows=8 tokens=8 us=1464
BATCH stage=decode rows=8 tokens=8 us=1454
BATCH stage=decode rows=8 tokens=8 us=1451
BATCH stage=decode rows=8 tokens=8 us=1448
BATCH stage=decode rows=7 tokens=7 us=1385
BATCH stage=prefill rows=1 tokens=16 us=2453
BATCH stage=decode rows=7 tokens=7 us=1394
BATCH stage=prefill rows=1 tokens=128 us=2926
BATCH stage=decode rows=8 tokens=8 us=1424
BATCH stage=decode rows=7 tokens=7 us=1390
BATCH stage=prefill rows=1 tokens=398 us=6664
BATCH stage=decode rows=8 tokens=8 us=1446
BATCH stage=decode rows=8 tokens=8 us=1437
BATCH stage=decode rows=8 tokens=8 us=1417
BATCH stage=decode rows=8 tokens=8 us=1434
BATCH stage=decode rows=8 tokens=8 us=1431
BATCH stage=decode rows=8 tokens=8 us=1427
BATCH stage=decode rows=8 tokens=8 us=1421
BATCH stage=decode rows=8 tokens=8 us=1428
BATCH stage=decode rows=8 tokens=8 us=1424
BATCH stage=decode rows=8 tokens=8 us=1432
BATCH stage=decode rows=8 tokens=8 us=1426
BATCH stage=decode rows=8 tokens=8 us=1427
BATCH stage=decode rows=8 tokens=8 us=1438
BATCH stage=decode rows=8 tokens=8 us=1424
BATCH stage=decode rows=8 tokens=8 us=1451
BATCH stage=decode rows=8 tokens=8 us=1450
BATCH stage=decode rows=8 tokens=8 us=1448
BATCH stage=decode rows=8 tokens=8 us=1452
BATCH stage=decode rows=8 tokens=8 us=1454
BATCH stage=decode rows=8 tokens=8 us=1451
BATCH stage=decode rows=8 tokens=8 us=1452
BATCH stage=decode rows=8 tokens=8 us=1470
BATCH stage=decode rows=8 tokens=8 us=1464
BATCH stage=decode rows=8 tokens=8 us=1462
BATCH stage=decode rows=8 tokens=8 us=1460
BATCH stage=decode rows=8 tokens=8 us=1453
BATCH stage=decode rows=8 tokens=8 us=1454
BATCH stage=decode rows=7 tokens=7 us=1430
BATCH stage=prefill rows=1 tokens=16 us=2455
BATCH stage=decode rows=7 tokens=7 us=1435
BATCH stage=prefill rows=1 tokens=128 us=2934
BATCH stage=decode rows=8 tokens=8 us=1456
BATCH stage=decode rows=7 tokens=7 us=1419
BATCH stage=prefill rows=1 tokens=398 us=6669
BATCH stage=decode rows=8 tokens=8 us=1475
BATCH stage=decode rows=8 tokens=8 us=1454
BATCH stage=decode rows=8 tokens=8 us=1458
BATCH stage=decode rows=7 tokens=7 us=1386
BATCH stage=prefill rows=1 tokens=16 us=2447
BATCH stage=decode rows=8 tokens=8 us=1409
BATCH stage=decode rows=8 tokens=8 us=1410
BATCH stage=decode rows=8 tokens=8 us=1424
BATCH stage=decode rows=8 tokens=8 us=1405
BATCH stage=decode rows=8 tokens=8 us=1416
BATCH stage=decode rows=8 tokens=8 us=1408
BATCH stage=decode rows=8 tokens=8 us=1409
BATCH stage=decode rows=8 tokens=8 us=1406
BATCH stage=decode rows=8 tokens=8 us=1407
BATCH stage=decode rows=8 tokens=8 us=1407
BATCH stage=decode rows=8 tokens=8 us=1409
BATCH stage=decode rows=8 tokens=8 us=1409
BATCH stage=decode rows=8 tokens=8 us=1407
BATCH stage=decode rows=8 tokens=8 us=1419
BATCH stage=decode rows=8 tokens=8 us=1408
BATCH stage=decode rows=8 tokens=8 us=1413
BATCH stage=decode rows=8 tokens=8 us=1408
BATCH stage=decode rows=8 tokens=8 us=1434
BATCH stage=decode rows=8 tokens=8 us=1452
BATCH stage=decode rows=8 tokens=8 us=1448
BATCH stage=decode rows=8 tokens=8 us=1446
BATCH stage=decode rows=8 tokens=8 us=1442
BATCH stage=decode rows=8 tokens=8 us=1445
BATCH stage=decode rows=8 tokens=8 us=1445
BATCH stage=decode rows=7 tokens=7 us=1417
BATCH stage=prefill rows=1 tokens=128 us=2935
BATCH stage=decode rows=8 tokens=8 us=1473
BATCH stage=decode rows=7 tokens=7 us=1432
BATCH stage=prefill rows=1 tokens=398 us=6670
BATCH stage=decode rows=8 tokens=8 us=1461
BATCH stage=decode rows=8 tokens=8 us=1447
BATCH stage=decode rows=8 tokens=8 us=1453
BATCH stage=decode rows=7 tokens=7 us=1399
BATCH stage=prefill rows=1 tokens=16 us=2453
BATCH stage=decode rows=7 tokens=7 us=1384
BATCH stage=prefill rows=1 tokens=128 us=2928
BATCH stage=decode rows=8 tokens=8 us=1414
BATCH stage=decode rows=8 tokens=8 us=1424
BATCH stage=decode rows=8 tokens=8 us=1405
BATCH stage=decode rows=8 tokens=8 us=1410
BATCH stage=decode rows=8 tokens=8 us=1408
BATCH stage=decode rows=8 tokens=8 us=1409
BATCH stage=decode rows=8 tokens=8 us=1406
BATCH stage=decode rows=8 tokens=8 us=1426
BATCH stage=decode rows=8 tokens=8 us=1421
BATCH stage=decode rows=8 tokens=8 us=1418
BATCH stage=decode rows=8 tokens=8 us=1424
BATCH stage=decode rows=8 tokens=8 us=1421
BATCH stage=decode rows=8 tokens=8 us=1419
BATCH stage=decode rows=8 tokens=8 us=1414
BATCH stage=decode rows=8 tokens=8 us=1409
BATCH stage=decode rows=8 tokens=8 us=1413
BATCH stage=decode rows=8 tokens=8 us=1427
BATCH stage=decode rows=8 tokens=8 us=1442
BATCH stage=decode rows=8 tokens=8 us=1448
BATCH stage=decode rows=8 tokens=8 us=1448
BATCH stage=decode rows=8 tokens=8 us=1441
BATCH stage=decode rows=8 tokens=8 us=1450
BATCH stage=decode rows=8 tokens=8 us=1441
BATCH stage=decode rows=8 tokens=8 us=1452
BATCH stage=decode rows=8 tokens=8 us=1459
BATCH stage=decode rows=7 tokens=7 us=1419
BATCH stage=prefill rows=1 tokens=398 us=6669
BATCH stage=decode rows=8 tokens=8 us=1472
BATCH stage=decode rows=8 tokens=8 us=1455
BATCH stage=decode rows=8 tokens=8 us=1464
BATCH stage=decode rows=7 tokens=7 us=1387
BATCH stage=prefill rows=1 tokens=16 us=2469
BATCH stage=decode rows=7 tokens=7 us=1391
BATCH stage=prefill rows=1 tokens=128 us=2937
BATCH stage=decode rows=8 tokens=8 us=1418
BATCH stage=decode rows=8 tokens=8 us=1424
BATCH stage=decode rows=8 tokens=8 us=1414
BATCH stage=decode rows=8 tokens=8 us=1411
BATCH stage=decode rows=8 tokens=8 us=1410
BATCH stage=decode rows=8 tokens=8 us=1482
BATCH stage=decode rows=8 tokens=8 us=1431
BATCH stage=decode rows=8 tokens=8 us=1415
BATCH stage=decode rows=8 tokens=8 us=1422
BATCH stage=decode rows=8 tokens=8 us=1407
BATCH stage=decode rows=8 tokens=8 us=1415
BATCH stage=decode rows=8 tokens=8 us=1407
BATCH stage=decode rows=8 tokens=8 us=1418
BATCH stage=decode rows=8 tokens=8 us=1429
BATCH stage=decode rows=8 tokens=8 us=1418
BATCH stage=decode rows=8 tokens=8 us=1412
BATCH stage=decode rows=8 tokens=8 us=1449
BATCH stage=decode rows=8 tokens=8 us=1460
BATCH stage=decode rows=8 tokens=8 us=1457
BATCH stage=decode rows=8 tokens=8 us=1451
BATCH stage=decode rows=8 tokens=8 us=1454
BATCH stage=decode rows=8 tokens=8 us=1455
BATCH stage=decode rows=8 tokens=8 us=1462
BATCH stage=decode rows=8 tokens=8 us=1448
BATCH stage=decode rows=8 tokens=8 us=1447
BATCH stage=decode rows=7 tokens=7 us=1416
BATCH stage=prefill rows=1 tokens=398 us=6663
BATCH stage=decode rows=8 tokens=8 us=1466
BATCH stage=decode rows=8 tokens=8 us=1453
BATCH stage=decode rows=8 tokens=8 us=1466
BATCH stage=decode rows=7 tokens=7 us=1387
BATCH stage=prefill rows=1 tokens=16 us=2465
BATCH stage=decode rows=7 tokens=7 us=1395
BATCH stage=prefill rows=1 tokens=128 us=2935
BATCH stage=decode rows=8 tokens=8 us=1420
BATCH stage=decode rows=7 tokens=7 us=1386
BATCH stage=prefill rows=1 tokens=398 us=6654
BATCH stage=decode rows=8 tokens=8 us=1444
BATCH stage=decode rows=8 tokens=8 us=1433
BATCH stage=decode rows=8 tokens=8 us=1432
BATCH stage=decode rows=8 tokens=8 us=1418
BATCH stage=decode rows=8 tokens=8 us=1420
BATCH stage=decode rows=8 tokens=8 us=1425
BATCH stage=decode rows=8 tokens=8 us=1428
BATCH stage=decode rows=8 tokens=8 us=1422
BATCH stage=decode rows=8 tokens=8 us=1429
BATCH stage=decode rows=8 tokens=8 us=1428
BATCH stage=decode rows=8 tokens=8 us=1421
BATCH stage=decode rows=8 tokens=8 us=1425
BATCH stage=decode rows=8 tokens=8 us=1427
BATCH stage=decode rows=8 tokens=8 us=1431
BATCH stage=decode rows=8 tokens=8 us=1440
BATCH stage=decode rows=8 tokens=8 us=1467
BATCH stage=decode rows=8 tokens=8 us=1453
BATCH stage=decode rows=8 tokens=8 us=1449
BATCH stage=decode rows=8 tokens=8 us=1454
BATCH stage=decode rows=8 tokens=8 us=1457
BATCH stage=decode rows=8 tokens=8 us=1464
BATCH stage=decode rows=8 tokens=8 us=1449
BATCH stage=decode rows=8 tokens=8 us=1462
BATCH stage=decode rows=8 tokens=8 us=1456
BATCH stage=decode rows=8 tokens=8 us=1461
BATCH stage=decode rows=8 tokens=8 us=1458
BATCH stage=decode rows=8 tokens=8 us=1449
BATCH stage=decode rows=7 tokens=7 us=1384
BATCH stage=prefill rows=1 tokens=16 us=2459
BATCH stage=decode rows=7 tokens=7 us=1390
BATCH stage=prefill rows=1 tokens=128 us=2932
BATCH stage=decode rows=8 tokens=8 us=1421
BATCH stage=decode rows=7 tokens=7 us=1378
BATCH stage=prefill rows=1 tokens=398 us=6656
BATCH stage=decode rows=8 tokens=8 us=1444
BATCH stage=decode rows=8 tokens=8 us=1420
BATCH stage=decode rows=8 tokens=8 us=1430
BATCH stage=decode rows=8 tokens=8 us=1419
BATCH stage=decode rows=8 tokens=8 us=1427
BATCH stage=decode rows=8 tokens=8 us=1513
BATCH stage=decode rows=8 tokens=8 us=1540
BATCH stage=decode rows=8 tokens=8 us=1460
BATCH stage=decode rows=8 tokens=8 us=1425
BATCH stage=decode rows=8 tokens=8 us=1432
BATCH stage=decode rows=8 tokens=8 us=1420
BATCH stage=decode rows=8 tokens=8 us=1427
BATCH stage=decode rows=8 tokens=8 us=1439
BATCH stage=decode rows=8 tokens=8 us=1432
BATCH stage=decode rows=8 tokens=8 us=1451
BATCH stage=decode rows=8 tokens=8 us=1466
BATCH stage=decode rows=8 tokens=8 us=1456
BATCH stage=decode rows=8 tokens=8 us=1459
BATCH stage=decode rows=8 tokens=8 us=1456
BATCH stage=decode rows=8 tokens=8 us=1458
BATCH stage=decode rows=8 tokens=8 us=1465
BATCH stage=decode rows=8 tokens=8 us=1469
BATCH stage=decode rows=8 tokens=8 us=1453
BATCH stage=decode rows=8 tokens=8 us=1450
BATCH stage=decode rows=8 tokens=8 us=1448
BATCH stage=decode rows=8 tokens=8 us=1448
BATCH stage=decode rows=8 tokens=8 us=1449
BATCH stage=decode rows=7 tokens=7 us=1389
BATCH stage=prefill rows=1 tokens=16 us=2450
BATCH stage=decode rows=7 tokens=7 us=1397
BATCH stage=prefill rows=1 tokens=128 us=2927
BATCH stage=decode rows=8 tokens=8 us=1422
BATCH stage=decode rows=7 tokens=7 us=1386
BATCH stage=prefill rows=1 tokens=398 us=6685
BATCH stage=decode rows=8 tokens=8 us=1445
BATCH stage=decode rows=8 tokens=8 us=1425
BATCH stage=decode rows=8 tokens=8 us=1427
BATCH stage=decode rows=8 tokens=8 us=1429
BATCH stage=decode rows=8 tokens=8 us=1425
BATCH stage=decode rows=8 tokens=8 us=1420
BATCH stage=decode rows=8 tokens=8 us=1423
BATCH stage=decode rows=8 tokens=8 us=1427
BATCH stage=decode rows=8 tokens=8 us=1422
BATCH stage=decode rows=8 tokens=8 us=1415
BATCH stage=decode rows=8 tokens=8 us=1420
BATCH stage=decode rows=8 tokens=8 us=1416
BATCH stage=decode rows=8 tokens=8 us=1418
BATCH stage=decode rows=8 tokens=8 us=1425
BATCH stage=decode rows=8 tokens=8 us=1447
BATCH stage=decode rows=8 tokens=8 us=1446
BATCH stage=decode rows=8 tokens=8 us=1463
BATCH stage=decode rows=8 tokens=8 us=1456
BATCH stage=decode rows=8 tokens=8 us=1449
BATCH stage=decode rows=8 tokens=8 us=1450
BATCH stage=decode rows=8 tokens=8 us=1460
BATCH stage=decode rows=8 tokens=8 us=1449
BATCH stage=decode rows=8 tokens=8 us=1448
BATCH stage=decode rows=8 tokens=8 us=1459
BATCH stage=decode rows=8 tokens=8 us=1457
BATCH stage=decode rows=8 tokens=8 us=1449
BATCH stage=decode rows=8 tokens=8 us=1445
BATCH stage=decode rows=7 tokens=7 us=1398
BATCH stage=prefill rows=1 tokens=16 us=2444
BATCH stage=decode rows=7 tokens=7 us=1395
BATCH stage=prefill rows=1 tokens=128 us=2931
BATCH stage=decode rows=8 tokens=8 us=1414
BATCH stage=decode rows=7 tokens=7 us=1376
BATCH stage=prefill rows=1 tokens=398 us=6657
BATCH stage=decode rows=8 tokens=8 us=1435
BATCH stage=decode rows=8 tokens=8 us=1428
BATCH stage=decode rows=8 tokens=8 us=1415
BATCH stage=decode rows=8 tokens=8 us=1419
BATCH stage=decode rows=8 tokens=8 us=1416
BATCH stage=decode rows=8 tokens=8 us=1423
BATCH stage=decode rows=8 tokens=8 us=1421
BATCH stage=decode rows=8 tokens=8 us=1416
BATCH stage=decode rows=8 tokens=8 us=1417
BATCH stage=decode rows=8 tokens=8 us=1424
BATCH stage=decode rows=8 tokens=8 us=1418
BATCH stage=decode rows=8 tokens=8 us=1415
BATCH stage=decode rows=8 tokens=8 us=1416
BATCH stage=decode rows=8 tokens=8 us=1416
BATCH stage=decode rows=8 tokens=8 us=1443
BATCH stage=decode rows=8 tokens=8 us=1455
BATCH stage=decode rows=8 tokens=8 us=1447
BATCH stage=decode rows=8 tokens=8 us=1456
BATCH stage=decode rows=8 tokens=8 us=1453
BATCH stage=decode rows=8 tokens=8 us=1453
BATCH stage=decode rows=8 tokens=8 us=1452
BATCH stage=decode rows=8 tokens=8 us=1452
BATCH stage=decode rows=8 tokens=8 us=1455
BATCH stage=decode rows=8 tokens=8 us=1450
BATCH stage=decode rows=8 tokens=8 us=1454
BATCH stage=decode rows=8 tokens=8 us=1457
BATCH stage=decode rows=8 tokens=8 us=1451
BATCH stage=decode rows=7 tokens=7 us=1429
BATCH stage=prefill rows=1 tokens=16 us=2458
BATCH stage=decode rows=7 tokens=7 us=1429
BATCH stage=prefill rows=1 tokens=128 us=2927
BATCH stage=decode rows=8 tokens=8 us=1443
BATCH stage=decode rows=7 tokens=7 us=1419
BATCH stage=prefill rows=1 tokens=398 us=6663
BATCH stage=decode rows=8 tokens=8 us=1461
BATCH stage=decode rows=8 tokens=8 us=1455
BATCH stage=decode rows=8 tokens=8 us=1453
BATCH stage=decode rows=7 tokens=7 us=1386
BATCH stage=prefill rows=1 tokens=16 us=2442
BATCH stage=decode rows=8 tokens=8 us=1408
BATCH stage=decode rows=8 tokens=8 us=1410
BATCH stage=decode rows=8 tokens=8 us=1408
BATCH stage=decode rows=8 tokens=8 us=1407
BATCH stage=decode rows=8 tokens=8 us=1406
BATCH stage=decode rows=8 tokens=8 us=1405
BATCH stage=decode rows=8 tokens=8 us=1407
BATCH stage=decode rows=8 tokens=8 us=1412
BATCH stage=decode rows=8 tokens=8 us=1409
BATCH stage=decode rows=8 tokens=8 us=1408
BATCH stage=decode rows=8 tokens=8 us=1409
BATCH stage=decode rows=8 tokens=8 us=1415
BATCH stage=decode rows=8 tokens=8 us=1410
BATCH stage=decode rows=8 tokens=8 us=1407
BATCH stage=decode rows=8 tokens=8 us=1409
BATCH stage=decode rows=8 tokens=8 us=1416
BATCH stage=decode rows=8 tokens=8 us=1409
BATCH stage=decode rows=8 tokens=8 us=1429
BATCH stage=decode rows=8 tokens=8 us=1449
BATCH stage=decode rows=8 tokens=8 us=1447
BATCH stage=decode rows=8 tokens=8 us=1458
BATCH stage=decode rows=8 tokens=8 us=1448
BATCH stage=decode rows=8 tokens=8 us=1460
BATCH stage=decode rows=8 tokens=8 us=1461
BATCH stage=decode rows=7 tokens=7 us=1434
BATCH stage=prefill rows=1 tokens=128 us=2941
BATCH stage=decode rows=8 tokens=8 us=1460
BATCH stage=decode rows=7 tokens=7 us=1422
BATCH stage=prefill rows=1 tokens=398 us=6682
BATCH stage=decode rows=8 tokens=8 us=1476
BATCH stage=decode rows=8 tokens=8 us=1453
BATCH stage=decode rows=8 tokens=8 us=1451
BATCH stage=decode rows=7 tokens=7 us=1393
BATCH stage=prefill rows=1 tokens=16 us=2456
BATCH stage=decode rows=7 tokens=7 us=1396
BATCH stage=prefill rows=1 tokens=128 us=2934
BATCH stage=decode rows=8 tokens=8 us=1415
BATCH stage=decode rows=8 tokens=8 us=1411
BATCH stage=decode rows=8 tokens=8 us=1413
BATCH stage=decode rows=8 tokens=8 us=1408
BATCH stage=decode rows=8 tokens=8 us=1408
BATCH stage=decode rows=8 tokens=8 us=1407
BATCH stage=decode rows=8 tokens=8 us=1405
BATCH stage=decode rows=8 tokens=8 us=1407
BATCH stage=decode rows=8 tokens=8 us=1406
BATCH stage=decode rows=8 tokens=8 us=1408
BATCH stage=decode rows=8 tokens=8 us=1408
BATCH stage=decode rows=8 tokens=8 us=1408
BATCH stage=decode rows=8 tokens=8 us=1406
BATCH stage=decode rows=8 tokens=8 us=1407
BATCH stage=decode rows=8 tokens=8 us=1413
BATCH stage=decode rows=8 tokens=8 us=1409
BATCH stage=decode rows=8 tokens=8 us=1429
BATCH stage=decode rows=8 tokens=8 us=1445
BATCH stage=decode rows=8 tokens=8 us=1450
BATCH stage=decode rows=8 tokens=8 us=1452
BATCH stage=decode rows=8 tokens=8 us=1456
BATCH stage=decode rows=8 tokens=8 us=1448
BATCH stage=decode rows=8 tokens=8 us=1452
BATCH stage=decode rows=8 tokens=8 us=1456
BATCH stage=decode rows=8 tokens=8 us=1453
BATCH stage=decode rows=7 tokens=7 us=1419
BATCH stage=prefill rows=1 tokens=398 us=6672
BATCH stage=decode rows=8 tokens=8 us=1465
BATCH stage=decode rows=8 tokens=8 us=1462
BATCH stage=decode rows=8 tokens=8 us=1451
BATCH stage=decode rows=7 tokens=7 us=1399
BATCH stage=prefill rows=1 tokens=16 us=2462
BATCH stage=decode rows=7 tokens=7 us=1396
BATCH stage=prefill rows=1 tokens=128 us=2936
BATCH stage=decode rows=8 tokens=8 us=1416
BATCH stage=decode rows=8 tokens=8 us=1409
BATCH stage=decode rows=8 tokens=8 us=1414
BATCH stage=decode rows=8 tokens=8 us=1407
BATCH stage=decode rows=8 tokens=8 us=1414
BATCH stage=decode rows=8 tokens=8 us=1406
BATCH stage=decode rows=8 tokens=8 us=1407
BATCH stage=decode rows=8 tokens=8 us=1419
BATCH stage=decode rows=8 tokens=8 us=1413
BATCH stage=decode rows=8 tokens=8 us=1441
BATCH stage=decode rows=8 tokens=8 us=1418
BATCH stage=decode rows=8 tokens=8 us=1410
BATCH stage=decode rows=8 tokens=8 us=1419
BATCH stage=decode rows=8 tokens=8 us=1410
BATCH stage=decode rows=8 tokens=8 us=1410
BATCH stage=decode rows=8 tokens=8 us=1408
BATCH stage=decode rows=8 tokens=8 us=1430
BATCH stage=decode rows=8 tokens=8 us=1444
BATCH stage=decode rows=8 tokens=8 us=1450
BATCH stage=decode rows=8 tokens=8 us=1450
BATCH stage=decode rows=8 tokens=8 us=1440
BATCH stage=decode rows=8 tokens=8 us=1450
BATCH stage=decode rows=8 tokens=8 us=1449
BATCH stage=decode rows=8 tokens=8 us=1449
BATCH stage=decode rows=8 tokens=8 us=1443
BATCH stage=decode rows=7 tokens=7 us=1420
BATCH stage=prefill rows=1 tokens=398 us=6670
BATCH stage=decode rows=8 tokens=8 us=1463
BATCH stage=decode rows=8 tokens=8 us=1458
BATCH stage=decode rows=8 tokens=8 us=1468
BATCH stage=decode rows=7 tokens=7 us=1398
BATCH stage=prefill rows=1 tokens=16 us=2457
BATCH stage=decode rows=7 tokens=7 us=1384
BATCH stage=prefill rows=1 tokens=128 us=2917
BATCH stage=decode rows=8 tokens=8 us=1415
BATCH stage=decode rows=7 tokens=7 us=1388
BATCH stage=prefill rows=1 tokens=398 us=6655
BATCH stage=decode rows=8 tokens=8 us=1433
BATCH stage=decode rows=8 tokens=8 us=1419
BATCH stage=decode rows=8 tokens=8 us=1426
BATCH stage=decode rows=8 tokens=8 us=1419
BATCH stage=decode rows=8 tokens=8 us=1436
BATCH stage=decode rows=8 tokens=8 us=1429
BATCH stage=decode rows=8 tokens=8 us=1416
BATCH stage=decode rows=8 tokens=8 us=1429
BATCH stage=decode rows=8 tokens=8 us=1418
BATCH stage=decode rows=8 tokens=8 us=1439
BATCH stage=decode rows=8 tokens=8 us=1429
BATCH stage=decode rows=8 tokens=8 us=1433
BATCH stage=decode rows=8 tokens=8 us=1433
BATCH stage=decode rows=8 tokens=8 us=1425
BATCH stage=decode rows=8 tokens=8 us=1437
BATCH stage=decode rows=8 tokens=8 us=1457
BATCH stage=decode rows=8 tokens=8 us=1453
BATCH stage=decode rows=8 tokens=8 us=1450
BATCH stage=decode rows=8 tokens=8 us=1464
BATCH stage=decode rows=8 tokens=8 us=1465
BATCH stage=decode rows=8 tokens=8 us=1459
BATCH stage=decode rows=8 tokens=8 us=1444
BATCH stage=decode rows=8 tokens=8 us=1449
BATCH stage=decode rows=8 tokens=8 us=1454
BATCH stage=decode rows=8 tokens=8 us=1451
BATCH stage=decode rows=8 tokens=8 us=1450
BATCH stage=decode rows=8 tokens=8 us=1454
BATCH stage=decode rows=7 tokens=7 us=1388
BATCH stage=prefill rows=1 tokens=16 us=2451
BATCH stage=decode rows=7 tokens=7 us=1388
BATCH stage=prefill rows=1 tokens=128 us=2940
BATCH stage=decode rows=8 tokens=8 us=1426
BATCH stage=decode rows=7 tokens=7 us=1384
BATCH stage=prefill rows=1 tokens=398 us=6677
BATCH stage=decode rows=8 tokens=8 us=1437
BATCH stage=decode rows=8 tokens=8 us=1420
BATCH stage=decode rows=8 tokens=8 us=1416
BATCH stage=decode rows=8 tokens=8 us=1417
BATCH stage=decode rows=8 tokens=8 us=1416
BATCH stage=decode rows=8 tokens=8 us=1416
BATCH stage=decode rows=8 tokens=8 us=1423
BATCH stage=decode rows=8 tokens=8 us=1434
BATCH stage=decode rows=8 tokens=8 us=1432
BATCH stage=decode rows=8 tokens=8 us=1427
BATCH stage=decode rows=8 tokens=8 us=1427
BATCH stage=decode rows=8 tokens=8 us=1428
BATCH stage=decode rows=8 tokens=8 us=1434
BATCH stage=decode rows=8 tokens=8 us=1426
BATCH stage=decode rows=8 tokens=8 us=1451
BATCH stage=decode rows=8 tokens=8 us=1467
BATCH stage=decode rows=8 tokens=8 us=1452
BATCH stage=decode rows=8 tokens=8 us=1467
BATCH stage=decode rows=8 tokens=8 us=1465
BATCH stage=decode rows=8 tokens=8 us=1463
BATCH stage=decode rows=8 tokens=8 us=1457
BATCH stage=decode rows=8 tokens=8 us=1460
BATCH stage=decode rows=8 tokens=8 us=1461
BATCH stage=decode rows=8 tokens=8 us=1447
BATCH stage=decode rows=8 tokens=8 us=1465
BATCH stage=decode rows=8 tokens=8 us=1464
BATCH stage=decode rows=8 tokens=8 us=1460
BATCH stage=decode rows=7 tokens=7 us=1397
BATCH stage=prefill rows=1 tokens=16 us=2448
BATCH stage=decode rows=7 tokens=7 us=1397
BATCH stage=prefill rows=1 tokens=128 us=2934
BATCH stage=decode rows=8 tokens=8 us=1427
BATCH stage=decode rows=7 tokens=7 us=1391
BATCH stage=prefill rows=1 tokens=398 us=6683
BATCH stage=decode rows=8 tokens=8 us=1437
BATCH stage=decode rows=8 tokens=8 us=1425
BATCH stage=decode rows=8 tokens=8 us=1430
BATCH stage=decode rows=8 tokens=8 us=1419
BATCH stage=decode rows=8 tokens=8 us=1432
BATCH stage=decode rows=8 tokens=8 us=1430
BATCH stage=decode rows=8 tokens=8 us=1420
BATCH stage=decode rows=8 tokens=8 us=1420
BATCH stage=decode rows=8 tokens=8 us=1419
BATCH stage=decode rows=8 tokens=8 us=1420
BATCH stage=decode rows=8 tokens=8 us=1417
BATCH stage=decode rows=8 tokens=8 us=1420
BATCH stage=decode rows=8 tokens=8 us=1418
BATCH stage=decode rows=8 tokens=8 us=1445
BATCH stage=decode rows=8 tokens=8 us=1457
BATCH stage=decode rows=8 tokens=8 us=1465
BATCH stage=decode rows=8 tokens=8 us=1463
BATCH stage=decode rows=8 tokens=8 us=1458
BATCH stage=decode rows=8 tokens=8 us=1453
BATCH stage=decode rows=8 tokens=8 us=1459
BATCH stage=decode rows=8 tokens=8 us=1469
BATCH stage=decode rows=8 tokens=8 us=1465
BATCH stage=decode rows=8 tokens=8 us=1455
BATCH stage=decode rows=8 tokens=8 us=1464
BATCH stage=decode rows=8 tokens=8 us=1462
BATCH stage=decode rows=8 tokens=8 us=1466
BATCH stage=decode rows=8 tokens=8 us=1455
BATCH stage=decode rows=7 tokens=7 us=1398
BATCH stage=prefill rows=1 tokens=16 us=2450
BATCH stage=decode rows=7 tokens=7 us=1403
BATCH stage=prefill rows=1 tokens=128 us=2936
BATCH stage=decode rows=8 tokens=8 us=1428
BATCH stage=decode rows=7 tokens=7 us=1383
BATCH stage=prefill rows=1 tokens=398 us=6660
BATCH stage=decode rows=8 tokens=8 us=1454
BATCH stage=decode rows=8 tokens=8 us=1436
BATCH stage=decode rows=8 tokens=8 us=1418
BATCH stage=decode rows=8 tokens=8 us=1433
BATCH stage=decode rows=8 tokens=8 us=1437
BATCH stage=decode rows=8 tokens=8 us=1441
BATCH stage=decode rows=8 tokens=8 us=1432
BATCH stage=decode rows=8 tokens=8 us=1435
BATCH stage=decode rows=8 tokens=8 us=1438
BATCH stage=decode rows=8 tokens=8 us=1423
BATCH stage=decode rows=8 tokens=8 us=1417
BATCH stage=decode rows=8 tokens=8 us=1418
BATCH stage=decode rows=8 tokens=8 us=1419
BATCH stage=decode rows=8 tokens=8 us=1424
BATCH stage=decode rows=8 tokens=8 us=1437
BATCH stage=decode rows=8 tokens=8 us=1463
BATCH stage=decode rows=8 tokens=8 us=1452
BATCH stage=decode rows=8 tokens=8 us=1467
BATCH stage=decode rows=8 tokens=8 us=1461
BATCH stage=decode rows=8 tokens=8 us=1453
BATCH stage=decode rows=8 tokens=8 us=1451
BATCH stage=decode rows=8 tokens=8 us=1457
BATCH stage=decode rows=8 tokens=8 us=1449
BATCH stage=decode rows=8 tokens=8 us=1451
BATCH stage=decode rows=8 tokens=8 us=1454
BATCH stage=decode rows=8 tokens=8 us=1460
BATCH stage=decode rows=8 tokens=8 us=1463
BATCH stage=decode rows=7 tokens=7 us=1433
BATCH stage=prefill rows=1 tokens=16 us=2457
BATCH stage=decode rows=7 tokens=7 us=1437
BATCH stage=prefill rows=1 tokens=128 us=2935
BATCH stage=decode rows=8 tokens=8 us=1453
BATCH stage=decode rows=7 tokens=7 us=1426
BATCH stage=prefill rows=1 tokens=398 us=6656
BATCH stage=decode rows=8 tokens=8 us=1458
BATCH stage=decode rows=8 tokens=8 us=1447
BATCH stage=decode rows=8 tokens=8 us=1456
BATCH stage=decode rows=7 tokens=7 us=1400
BATCH stage=prefill rows=1 tokens=16 us=2459
BATCH stage=decode rows=8 tokens=8 us=1423
BATCH stage=decode rows=8 tokens=8 us=1422
BATCH stage=decode rows=8 tokens=8 us=1420
BATCH stage=decode rows=8 tokens=8 us=1414
BATCH stage=decode rows=8 tokens=8 us=1406
BATCH stage=decode rows=8 tokens=8 us=1405
BATCH stage=decode rows=8 tokens=8 us=1408
BATCH stage=decode rows=8 tokens=8 us=1421
BATCH stage=decode rows=8 tokens=8 us=1412
BATCH stage=decode rows=8 tokens=8 us=1414
BATCH stage=decode rows=8 tokens=8 us=1424
BATCH stage=decode rows=8 tokens=8 us=1425
BATCH stage=decode rows=8 tokens=8 us=1419
BATCH stage=decode rows=8 tokens=8 us=1428
BATCH stage=decode rows=8 tokens=8 us=1411
BATCH stage=decode rows=8 tokens=8 us=1418
BATCH stage=decode rows=8 tokens=8 us=1424
BATCH stage=decode rows=8 tokens=8 us=1437
BATCH stage=decode rows=8 tokens=8 us=1444
BATCH stage=decode rows=8 tokens=8 us=1458
BATCH stage=decode rows=8 tokens=8 us=1446
BATCH stage=decode rows=8 tokens=8 us=1445
BATCH stage=decode rows=8 tokens=8 us=1449
BATCH stage=decode rows=8 tokens=8 us=1448
BATCH stage=decode rows=7 tokens=7 us=1430
BATCH stage=prefill rows=1 tokens=128 us=2933
BATCH stage=decode rows=8 tokens=8 us=1457
BATCH stage=decode rows=7 tokens=7 us=1421
BATCH stage=prefill rows=1 tokens=398 us=6664
BATCH stage=decode rows=8 tokens=8 us=1472
BATCH stage=decode rows=8 tokens=8 us=1468
BATCH stage=decode rows=8 tokens=8 us=1446
BATCH stage=decode rows=7 tokens=7 us=1400
BATCH stage=prefill rows=1 tokens=16 us=2450
BATCH stage=decode rows=7 tokens=7 us=1396
BATCH stage=prefill rows=1 tokens=128 us=2931
BATCH stage=decode rows=8 tokens=8 us=1427
BATCH stage=decode rows=8 tokens=8 us=1409
BATCH stage=decode rows=8 tokens=8 us=1408
BATCH stage=decode rows=8 tokens=8 us=1406
BATCH stage=decode rows=8 tokens=8 us=1406
BATCH stage=decode rows=8 tokens=8 us=1409
BATCH stage=decode rows=8 tokens=8 us=1412
BATCH stage=decode rows=8 tokens=8 us=1413
BATCH stage=decode rows=8 tokens=8 us=1406
BATCH stage=decode rows=8 tokens=8 us=1407
BATCH stage=decode rows=8 tokens=8 us=1427
BATCH stage=decode rows=8 tokens=8 us=1420
BATCH stage=decode rows=8 tokens=8 us=1419
BATCH stage=decode rows=8 tokens=8 us=1410
BATCH stage=decode rows=8 tokens=8 us=1420
BATCH stage=decode rows=8 tokens=8 us=1426
BATCH stage=decode rows=8 tokens=8 us=1446
BATCH stage=decode rows=8 tokens=8 us=1458
BATCH stage=decode rows=8 tokens=8 us=1468
BATCH stage=decode rows=8 tokens=8 us=1469
BATCH stage=decode rows=8 tokens=8 us=1463
BATCH stage=decode rows=8 tokens=8 us=1467
BATCH stage=decode rows=8 tokens=8 us=1469
BATCH stage=decode rows=8 tokens=8 us=1465
BATCH stage=decode rows=8 tokens=8 us=1457
BATCH stage=decode rows=7 tokens=7 us=1435
BATCH stage=prefill rows=1 tokens=398 us=6680
BATCH stage=decode rows=8 tokens=8 us=1475
BATCH stage=decode rows=8 tokens=8 us=1476
BATCH stage=decode rows=8 tokens=8 us=1473
BATCH stage=decode rows=7 tokens=7 us=1404
BATCH stage=prefill rows=1 tokens=16 us=2472
BATCH stage=decode rows=7 tokens=7 us=1400
BATCH stage=prefill rows=1 tokens=128 us=2933
BATCH stage=decode rows=8 tokens=8 us=1430
BATCH stage=decode rows=8 tokens=8 us=1414
BATCH stage=decode rows=8 tokens=8 us=1421
BATCH stage=decode rows=8 tokens=8 us=1407
BATCH stage=decode rows=8 tokens=8 us=1406
BATCH stage=decode rows=8 tokens=8 us=1417
BATCH stage=decode rows=8 tokens=8 us=1423
BATCH stage=decode rows=8 tokens=8 us=1405
BATCH stage=decode rows=8 tokens=8 us=1411
BATCH stage=decode rows=8 tokens=8 us=1403
BATCH stage=decode rows=8 tokens=8 us=1422
BATCH stage=decode rows=8 tokens=8 us=1414
BATCH stage=decode rows=8 tokens=8 us=1426
BATCH stage=decode rows=8 tokens=8 us=1431
BATCH stage=decode rows=8 tokens=8 us=1429
BATCH stage=decode rows=8 tokens=8 us=1425
BATCH stage=decode rows=8 tokens=8 us=1449
BATCH stage=decode rows=8 tokens=8 us=1458
BATCH stage=decode rows=8 tokens=8 us=1459
BATCH stage=decode rows=8 tokens=8 us=1465
BATCH stage=decode rows=8 tokens=8 us=1463
BATCH stage=decode rows=8 tokens=8 us=1463
BATCH stage=decode rows=8 tokens=8 us=1458
BATCH stage=decode rows=8 tokens=8 us=1462
BATCH stage=decode rows=8 tokens=8 us=1462
BATCH stage=decode rows=7 tokens=7 us=1428
BATCH stage=prefill rows=1 tokens=398 us=6686
BATCH stage=decode rows=8 tokens=8 us=1479
BATCH stage=decode rows=8 tokens=8 us=1465
BATCH stage=decode rows=8 tokens=8 us=1466
BATCH stage=decode rows=7 tokens=7 us=1398
BATCH stage=prefill rows=1 tokens=16 us=2456
BATCH stage=decode rows=7 tokens=7 us=1401
BATCH stage=prefill rows=1 tokens=128 us=2928
BATCH stage=decode rows=8 tokens=8 us=1430
BATCH stage=decode rows=7 tokens=7 us=1397
BATCH stage=prefill rows=1 tokens=398 us=6689
BATCH stage=decode rows=8 tokens=8 us=1442
BATCH stage=decode rows=8 tokens=8 us=1431
BATCH stage=decode rows=8 tokens=8 us=1430
BATCH stage=decode rows=8 tokens=8 us=1433
BATCH stage=decode rows=8 tokens=8 us=1429
BATCH stage=decode rows=8 tokens=8 us=1431
BATCH stage=decode rows=8 tokens=8 us=1430
BATCH stage=decode rows=8 tokens=8 us=1429
BATCH stage=decode rows=8 tokens=8 us=1427
BATCH stage=decode rows=8 tokens=8 us=1420
BATCH stage=decode rows=8 tokens=8 us=1420
BATCH stage=decode rows=8 tokens=8 us=1420
BATCH stage=decode rows=8 tokens=8 us=1435
BATCH stage=decode rows=8 tokens=8 us=1427
BATCH stage=decode rows=8 tokens=8 us=1452
BATCH stage=decode rows=8 tokens=8 us=1459
BATCH stage=decode rows=8 tokens=8 us=1465
BATCH stage=decode rows=8 tokens=8 us=1461
BATCH stage=decode rows=8 tokens=8 us=1470
BATCH stage=decode rows=8 tokens=8 us=1464
BATCH stage=decode rows=8 tokens=8 us=1458
BATCH stage=decode rows=8 tokens=8 us=1464
BATCH stage=decode rows=8 tokens=8 us=1459
BATCH stage=decode rows=8 tokens=8 us=1464
BATCH stage=decode rows=8 tokens=8 us=1466
BATCH stage=decode rows=8 tokens=8 us=1465
BATCH stage=decode rows=8 tokens=8 us=1465
BATCH stage=decode rows=7 tokens=7 us=1406
BATCH stage=prefill rows=1 tokens=16 us=2464
BATCH stage=decode rows=7 tokens=7 us=1406
BATCH stage=prefill rows=1 tokens=128 us=2929
BATCH stage=decode rows=8 tokens=8 us=1425
BATCH stage=decode rows=7 tokens=7 us=1391
BATCH stage=prefill rows=1 tokens=398 us=6660
BATCH stage=decode rows=8 tokens=8 us=1441
BATCH stage=decode rows=8 tokens=8 us=1436
BATCH stage=decode rows=8 tokens=8 us=1437
BATCH stage=decode rows=8 tokens=8 us=1433
BATCH stage=decode rows=8 tokens=8 us=1432
BATCH stage=decode rows=8 tokens=8 us=1432
BATCH stage=decode rows=8 tokens=8 us=1430
BATCH stage=decode rows=8 tokens=8 us=1431
BATCH stage=decode rows=8 tokens=8 us=1429
BATCH stage=decode rows=8 tokens=8 us=1434
BATCH stage=decode rows=8 tokens=8 us=1431
BATCH stage=decode rows=8 tokens=8 us=1431
BATCH stage=decode rows=8 tokens=8 us=1442
BATCH stage=decode rows=8 tokens=8 us=1441
BATCH stage=decode rows=8 tokens=8 us=1453
BATCH stage=decode rows=8 tokens=8 us=1446
BATCH stage=decode rows=8 tokens=8 us=1443
BATCH stage=decode rows=8 tokens=8 us=1451
BATCH stage=decode rows=8 tokens=8 us=1457
BATCH stage=decode rows=8 tokens=8 us=1453
BATCH stage=decode rows=8 tokens=8 us=1468
BATCH stage=decode rows=8 tokens=8 us=1471
BATCH stage=decode rows=8 tokens=8 us=1468
BATCH stage=decode rows=8 tokens=8 us=1464
BATCH stage=decode rows=8 tokens=8 us=1469
BATCH stage=decode rows=8 tokens=8 us=1465
BATCH stage=decode rows=8 tokens=8 us=1466
BATCH stage=decode rows=7 tokens=7 us=1402
BATCH stage=prefill rows=1 tokens=16 us=2462
BATCH stage=decode rows=7 tokens=7 us=1401
BATCH stage=prefill rows=1 tokens=128 us=2934
BATCH stage=decode rows=8 tokens=8 us=1430
BATCH stage=decode rows=7 tokens=7 us=1402
BATCH stage=prefill rows=1 tokens=398 us=6665
BATCH stage=decode rows=8 tokens=8 us=1451
BATCH stage=decode rows=8 tokens=8 us=1435
BATCH stage=decode rows=8 tokens=8 us=1439
BATCH stage=decode rows=8 tokens=8 us=1434
BATCH stage=decode rows=8 tokens=8 us=1433
BATCH stage=decode rows=8 tokens=8 us=1430
BATCH stage=decode rows=8 tokens=8 us=1432
BATCH stage=decode rows=8 tokens=8 us=1433
BATCH stage=decode rows=8 tokens=8 us=1435
BATCH stage=decode rows=8 tokens=8 us=1438
BATCH stage=decode rows=8 tokens=8 us=1433
BATCH stage=decode rows=8 tokens=8 us=1430
BATCH stage=decode rows=8 tokens=8 us=1433
BATCH stage=decode rows=8 tokens=8 us=1437
BATCH stage=decode rows=8 tokens=8 us=1458
BATCH stage=decode rows=8 tokens=8 us=1465
BATCH stage=decode rows=8 tokens=8 us=1467
BATCH stage=decode rows=8 tokens=8 us=1462
BATCH stage=decode rows=8 tokens=8 us=1469
BATCH stage=decode rows=8 tokens=8 us=1466
BATCH stage=decode rows=8 tokens=8 us=1468
BATCH stage=decode rows=8 tokens=8 us=1470
BATCH stage=decode rows=8 tokens=8 us=1470
BATCH stage=decode rows=8 tokens=8 us=1468
BATCH stage=decode rows=8 tokens=8 us=1463
BATCH stage=decode rows=8 tokens=8 us=1468
BATCH stage=decode rows=8 tokens=8 us=1464
BATCH stage=decode rows=7 tokens=7 us=1406
BATCH stage=prefill rows=1 tokens=16 us=2463
BATCH stage=decode rows=7 tokens=7 us=1398
BATCH stage=prefill rows=1 tokens=128 us=2940
BATCH stage=decode rows=8 tokens=8 us=1430
BATCH stage=decode rows=7 tokens=7 us=1392
BATCH stage=prefill rows=1 tokens=398 us=6680
BATCH stage=decode rows=8 tokens=8 us=1444
BATCH stage=decode rows=8 tokens=8 us=1430
BATCH stage=decode rows=8 tokens=8 us=1431
BATCH stage=decode rows=8 tokens=8 us=1435
BATCH stage=decode rows=8 tokens=8 us=1440
BATCH stage=decode rows=8 tokens=8 us=1437
BATCH stage=decode rows=8 tokens=8 us=1436
BATCH stage=decode rows=8 tokens=8 us=1434
BATCH stage=decode rows=8 tokens=8 us=1419
BATCH stage=decode rows=8 tokens=8 us=1424
BATCH stage=decode rows=8 tokens=8 us=1434
BATCH stage=decode rows=8 tokens=8 us=1440
BATCH stage=decode rows=8 tokens=8 us=1433
BATCH stage=decode rows=8 tokens=8 us=1442
BATCH stage=decode rows=8 tokens=8 us=1460
BATCH stage=decode rows=8 tokens=8 us=1463
BATCH stage=decode rows=8 tokens=8 us=1462
BATCH stage=decode rows=8 tokens=8 us=1460
BATCH stage=decode rows=8 tokens=8 us=1465
BATCH stage=decode rows=8 tokens=8 us=1478
BATCH stage=decode rows=8 tokens=8 us=1473
BATCH stage=decode rows=8 tokens=8 us=1471
BATCH stage=decode rows=8 tokens=8 us=1473
BATCH stage=decode rows=8 tokens=8 us=1468
BATCH stage=decode rows=8 tokens=8 us=1469
BATCH stage=decode rows=8 tokens=8 us=1466
BATCH stage=decode rows=8 tokens=8 us=1466
BATCH stage=decode rows=7 tokens=7 us=1448
BATCH stage=prefill rows=1 tokens=16 us=2462
BATCH stage=decode rows=7 tokens=7 us=1442
BATCH stage=prefill rows=1 tokens=128 us=2932
BATCH stage=decode rows=8 tokens=8 us=1465
BATCH stage=decode rows=7 tokens=7 us=1436
BATCH stage=prefill rows=1 tokens=398 us=6670
BATCH stage=decode rows=8 tokens=8 us=1459
BATCH stage=decode rows=8 tokens=8 us=1462
BATCH stage=decode rows=8 tokens=8 us=1466
BATCH stage=decode rows=7 tokens=7 us=1402
BATCH stage=prefill rows=1 tokens=16 us=2459
BATCH stage=decode rows=8 tokens=8 us=1419
BATCH stage=decode rows=8 tokens=8 us=1410
BATCH stage=decode rows=8 tokens=8 us=1431
BATCH stage=decode rows=8 tokens=8 us=1405
BATCH stage=decode rows=8 tokens=8 us=1418
BATCH stage=decode rows=8 tokens=8 us=1421
BATCH stage=decode rows=8 tokens=8 us=1406
BATCH stage=decode rows=8 tokens=8 us=1404
BATCH stage=decode rows=8 tokens=8 us=1420
BATCH stage=decode rows=8 tokens=8 us=1422
BATCH stage=decode rows=8 tokens=8 us=1408
BATCH stage=decode rows=8 tokens=8 us=1422
BATCH stage=decode rows=8 tokens=8 us=1421
BATCH stage=decode rows=8 tokens=8 us=1421
BATCH stage=decode rows=8 tokens=8 us=1430
BATCH stage=decode rows=8 tokens=8 us=1409
BATCH stage=decode rows=8 tokens=8 us=1419
BATCH stage=decode rows=8 tokens=8 us=1447
BATCH stage=decode rows=8 tokens=8 us=1458
BATCH stage=decode rows=8 tokens=8 us=1456
BATCH stage=decode rows=8 tokens=8 us=1462
BATCH stage=decode rows=8 tokens=8 us=1457
BATCH stage=decode rows=8 tokens=8 us=1461
BATCH stage=decode rows=8 tokens=8 us=1465
BATCH stage=decode rows=7 tokens=7 us=1438
BATCH stage=prefill rows=1 tokens=128 us=2939
BATCH stage=decode rows=8 tokens=8 us=1470
BATCH stage=decode rows=7 tokens=7 us=1432
BATCH stage=prefill rows=1 tokens=398 us=6665
BATCH stage=decode rows=8 tokens=8 us=1473
BATCH stage=decode rows=8 tokens=8 us=1471
BATCH stage=decode rows=8 tokens=8 us=1465
BATCH stage=decode rows=7 tokens=7 us=1402
BATCH stage=prefill rows=1 tokens=16 us=2461
BATCH stage=decode rows=7 tokens=7 us=1397
BATCH stage=prefill rows=1 tokens=128 us=2937
BATCH stage=decode rows=8 tokens=8 us=1427
BATCH stage=decode rows=8 tokens=8 us=1422
BATCH stage=decode rows=8 tokens=8 us=1421
BATCH stage=decode rows=8 tokens=8 us=1406
BATCH stage=decode rows=8 tokens=8 us=1421
BATCH stage=decode rows=8 tokens=8 us=1421
BATCH stage=decode rows=8 tokens=8 us=1411
BATCH stage=decode rows=8 tokens=8 us=1418
BATCH stage=decode rows=8 tokens=8 us=1423
BATCH stage=decode rows=8 tokens=8 us=1410
BATCH stage=decode rows=8 tokens=8 us=1424
BATCH stage=decode rows=8 tokens=8 us=1424
BATCH stage=decode rows=8 tokens=8 us=1420
BATCH stage=decode rows=8 tokens=8 us=1426
BATCH stage=decode rows=8 tokens=8 us=1423
BATCH stage=decode rows=8 tokens=8 us=1425
BATCH stage=decode rows=8 tokens=8 us=1443
BATCH stage=decode rows=8 tokens=8 us=1473
BATCH stage=decode rows=8 tokens=8 us=1465
BATCH stage=decode rows=8 tokens=8 us=1460
BATCH stage=decode rows=8 tokens=8 us=1463
BATCH stage=decode rows=8 tokens=8 us=1464
BATCH stage=decode rows=8 tokens=8 us=1462
BATCH stage=decode rows=8 tokens=8 us=1455
BATCH stage=decode rows=8 tokens=8 us=1462
BATCH stage=decode rows=7 tokens=7 us=1434
BATCH stage=prefill rows=1 tokens=398 us=6666
BATCH stage=decode rows=8 tokens=8 us=1471
BATCH stage=decode rows=8 tokens=8 us=1465
BATCH stage=decode rows=8 tokens=8 us=1464
BATCH stage=decode rows=7 tokens=7 us=1403
BATCH stage=prefill rows=1 tokens=16 us=2464
BATCH stage=decode rows=7 tokens=7 us=1394
BATCH stage=prefill rows=1 tokens=128 us=2941
BATCH stage=decode rows=8 tokens=8 us=1423
BATCH stage=decode rows=8 tokens=8 us=1424
BATCH stage=decode rows=8 tokens=8 us=1428
BATCH stage=decode rows=8 tokens=8 us=1423
BATCH stage=decode rows=8 tokens=8 us=1422
BATCH stage=decode rows=8 tokens=8 us=1418
BATCH stage=decode rows=8 tokens=8 us=1423
BATCH stage=decode rows=8 tokens=8 us=1405
BATCH stage=decode rows=8 tokens=8 us=1407
BATCH stage=decode rows=8 tokens=8 us=1421
BATCH stage=decode rows=8 tokens=8 us=1412
BATCH stage=decode rows=8 tokens=8 us=1405
BATCH stage=decode rows=8 tokens=8 us=1407
BATCH stage=decode rows=8 tokens=8 us=1406
BATCH stage=decode rows=8 tokens=8 us=1429
BATCH stage=decode rows=8 tokens=8 us=1423
BATCH stage=decode rows=8 tokens=8 us=1448
BATCH stage=decode rows=8 tokens=8 us=1449
BATCH stage=decode rows=8 tokens=8 us=1448
BATCH stage=decode rows=8 tokens=8 us=1463
BATCH stage=decode rows=8 tokens=8 us=1461
BATCH stage=decode rows=8 tokens=8 us=1462
BATCH stage=decode rows=8 tokens=8 us=1449
BATCH stage=decode rows=8 tokens=8 us=1444
BATCH stage=decode rows=8 tokens=8 us=1441
BATCH stage=decode rows=7 tokens=7 us=1419
BATCH stage=prefill rows=1 tokens=398 us=6667
BATCH stage=decode rows=8 tokens=8 us=1462
BATCH stage=decode rows=8 tokens=8 us=1458
BATCH stage=decode rows=8 tokens=8 us=1459
BATCH stage=decode rows=7 tokens=7 us=1395
BATCH stage=prefill rows=1 tokens=16 us=2453
BATCH stage=decode rows=7 tokens=7 us=1406
BATCH stage=prefill rows=1 tokens=128 us=2928
BATCH stage=decode rows=8 tokens=8 us=1426
BATCH stage=decode rows=7 tokens=7 us=1394
BATCH stage=prefill rows=1 tokens=398 us=6671
BATCH stage=decode rows=8 tokens=8 us=1453
BATCH stage=decode rows=8 tokens=8 us=1436
BATCH stage=decode rows=8 tokens=8 us=1420
BATCH stage=decode rows=8 tokens=8 us=1434
BATCH stage=decode rows=8 tokens=8 us=1437
BATCH stage=decode rows=8 tokens=8 us=1431
BATCH stage=decode rows=8 tokens=8 us=1433
BATCH stage=decode rows=8 tokens=8 us=1417
BATCH stage=decode rows=8 tokens=8 us=1433
BATCH stage=decode rows=8 tokens=8 us=1433
BATCH stage=decode rows=8 tokens=8 us=1431
BATCH stage=decode rows=8 tokens=8 us=1438
BATCH stage=decode rows=8 tokens=8 us=1424
BATCH stage=decode rows=8 tokens=8 us=1419
BATCH stage=decode rows=8 tokens=8 us=1452
BATCH stage=decode rows=8 tokens=8 us=1468
BATCH stage=decode rows=8 tokens=8 us=1467
BATCH stage=decode rows=8 tokens=8 us=1464
BATCH stage=decode rows=8 tokens=8 us=1472
BATCH stage=decode rows=8 tokens=8 us=1469
BATCH stage=decode rows=8 tokens=8 us=1470
BATCH stage=decode rows=8 tokens=8 us=1469
BATCH stage=decode rows=8 tokens=8 us=1461
BATCH stage=decode rows=8 tokens=8 us=1456
BATCH stage=decode rows=8 tokens=8 us=1465
BATCH stage=decode rows=8 tokens=8 us=1465
BATCH stage=decode rows=8 tokens=8 us=1461
BATCH stage=decode rows=7 tokens=7 us=1399
BATCH stage=prefill rows=1 tokens=16 us=2463
BATCH stage=decode rows=7 tokens=7 us=1402
BATCH stage=prefill rows=1 tokens=128 us=2928
BATCH stage=decode rows=8 tokens=8 us=1428
BATCH stage=decode rows=7 tokens=7 us=1399
BATCH stage=prefill rows=1 tokens=398 us=6667
BATCH stage=decode rows=8 tokens=8 us=1429
BATCH stage=decode rows=8 tokens=8 us=1437
BATCH stage=decode rows=8 tokens=8 us=1442
BATCH stage=decode rows=8 tokens=8 us=1445
BATCH stage=decode rows=8 tokens=8 us=1434
BATCH stage=decode rows=8 tokens=8 us=1432
BATCH stage=decode rows=8 tokens=8 us=1439
BATCH stage=decode rows=8 tokens=8 us=1435
BATCH stage=decode rows=8 tokens=8 us=1437
BATCH stage=decode rows=8 tokens=8 us=1432
BATCH stage=decode rows=8 tokens=8 us=1436
BATCH stage=decode rows=8 tokens=8 us=1434
BATCH stage=decode rows=8 tokens=8 us=1451
BATCH stage=decode rows=8 tokens=8 us=1440
BATCH stage=decode rows=8 tokens=8 us=1452
BATCH stage=decode rows=8 tokens=8 us=1460
BATCH stage=decode rows=8 tokens=8 us=1468
BATCH stage=decode rows=8 tokens=8 us=1464
BATCH stage=decode rows=8 tokens=8 us=1459
BATCH stage=decode rows=8 tokens=8 us=1470
BATCH stage=decode rows=8 tokens=8 us=1450
BATCH stage=decode rows=8 tokens=8 us=1450
BATCH stage=decode rows=8 tokens=8 us=1465
BATCH stage=decode rows=8 tokens=8 us=1470
BATCH stage=decode rows=8 tokens=8 us=1466
BATCH stage=decode rows=8 tokens=8 us=1467
BATCH stage=decode rows=8 tokens=8 us=1473
BATCH stage=decode rows=7 tokens=7 us=1406
BATCH stage=prefill rows=1 tokens=16 us=2460
BATCH stage=decode rows=7 tokens=7 us=1404
BATCH stage=prefill rows=1 tokens=128 us=2944
BATCH stage=decode rows=8 tokens=8 us=1430
BATCH stage=decode rows=7 tokens=7 us=1387
BATCH stage=prefill rows=1 tokens=398 us=6655
BATCH stage=decode rows=8 tokens=8 us=1453
BATCH stage=decode rows=8 tokens=8 us=1441
BATCH stage=decode rows=8 tokens=8 us=1436
BATCH stage=decode rows=8 tokens=8 us=1436
BATCH stage=decode rows=8 tokens=8 us=1436
BATCH stage=decode rows=8 tokens=8 us=1431
BATCH stage=decode rows=8 tokens=8 us=1435
BATCH stage=decode rows=8 tokens=8 us=1434
BATCH stage=decode rows=8 tokens=8 us=1432
BATCH stage=decode rows=8 tokens=8 us=1429
BATCH stage=decode rows=8 tokens=8 us=1435
BATCH stage=decode rows=8 tokens=8 us=1435
BATCH stage=decode rows=8 tokens=8 us=1434
BATCH stage=decode rows=8 tokens=8 us=1437
BATCH stage=decode rows=8 tokens=8 us=1469
BATCH stage=decode rows=8 tokens=8 us=1471
BATCH stage=decode rows=8 tokens=8 us=1464
BATCH stage=decode rows=8 tokens=8 us=1465
BATCH stage=decode rows=8 tokens=8 us=1464
BATCH stage=decode rows=8 tokens=8 us=1463
BATCH stage=decode rows=8 tokens=8 us=1467
BATCH stage=decode rows=8 tokens=8 us=1465
BATCH stage=decode rows=8 tokens=8 us=1465
BATCH stage=decode rows=8 tokens=8 us=1462
BATCH stage=decode rows=8 tokens=8 us=1449
BATCH stage=decode rows=8 tokens=8 us=1444
BATCH stage=decode rows=8 tokens=8 us=1464
BATCH stage=decode rows=7 tokens=7 us=1393
BATCH stage=prefill rows=1 tokens=16 us=2458
BATCH stage=decode rows=7 tokens=7 us=1405
BATCH stage=prefill rows=1 tokens=128 us=2945
BATCH stage=decode rows=8 tokens=8 us=1419
BATCH stage=decode rows=7 tokens=7 us=1375
BATCH stage=prefill rows=1 tokens=398 us=6661
BATCH stage=decode rows=8 tokens=8 us=1453
BATCH stage=decode rows=8 tokens=8 us=1445
BATCH stage=decode rows=8 tokens=8 us=1433
BATCH stage=decode rows=8 tokens=8 us=1438
BATCH stage=decode rows=8 tokens=8 us=1435
BATCH stage=decode rows=8 tokens=8 us=1443
BATCH stage=decode rows=8 tokens=8 us=1433
BATCH stage=decode rows=8 tokens=8 us=1439
BATCH stage=decode rows=8 tokens=8 us=1438
BATCH stage=decode rows=8 tokens=8 us=1440
BATCH stage=decode rows=8 tokens=8 us=1442
BATCH stage=decode rows=8 tokens=8 us=1441
BATCH stage=decode rows=8 tokens=8 us=1442
BATCH stage=decode rows=8 tokens=8 us=1434
BATCH stage=decode rows=8 tokens=8 us=1461
BATCH stage=decode rows=8 tokens=8 us=1470
BATCH stage=decode rows=8 tokens=8 us=1466
BATCH stage=decode rows=8 tokens=8 us=1464
BATCH stage=decode rows=8 tokens=8 us=1465
BATCH stage=decode rows=8 tokens=8 us=1470
BATCH stage=decode rows=8 tokens=8 us=1466
BATCH stage=decode rows=8 tokens=8 us=1467
BATCH stage=decode rows=8 tokens=8 us=1470
BATCH stage=decode rows=8 tokens=8 us=1467
BATCH stage=decode rows=8 tokens=8 us=1472
BATCH stage=decode rows=8 tokens=8 us=1452
BATCH stage=decode rows=8 tokens=8 us=1474
BATCH stage=decode rows=7 tokens=7 us=1445
BATCH stage=prefill rows=1 tokens=16 us=2462
BATCH stage=decode rows=7 tokens=7 us=1453
BATCH stage=prefill rows=1 tokens=128 us=2941
BATCH stage=decode rows=8 tokens=8 us=1467
BATCH stage=decode rows=7 tokens=7 us=1437
BATCH stage=prefill rows=1 tokens=398 us=6662
BATCH stage=decode rows=8 tokens=8 us=1477
BATCH stage=decode rows=8 tokens=8 us=1461
BATCH stage=decode rows=8 tokens=8 us=1466
BATCH stage=decode rows=7 tokens=7 us=1402
BATCH stage=prefill rows=1 tokens=16 us=2469
BATCH stage=decode rows=8 tokens=8 us=1422
BATCH stage=decode rows=8 tokens=8 us=1427
BATCH stage=decode rows=8 tokens=8 us=1424
BATCH stage=decode rows=8 tokens=8 us=1419
BATCH stage=decode rows=8 tokens=8 us=1419
BATCH stage=decode rows=8 tokens=8 us=1419
BATCH stage=decode rows=8 tokens=8 us=1422
BATCH stage=decode rows=8 tokens=8 us=1417
BATCH stage=decode rows=8 tokens=8 us=1420
BATCH stage=decode rows=8 tokens=8 us=1424
BATCH stage=decode rows=8 tokens=8 us=1422
BATCH stage=decode rows=8 tokens=8 us=1425
BATCH stage=decode rows=8 tokens=8 us=1423
BATCH stage=decode rows=8 tokens=8 us=1422
BATCH stage=decode rows=8 tokens=8 us=1421
BATCH stage=decode rows=8 tokens=8 us=1428
BATCH stage=decode rows=8 tokens=8 us=1426
BATCH stage=decode rows=8 tokens=8 us=1444
BATCH stage=decode rows=8 tokens=8 us=1456
BATCH stage=decode rows=8 tokens=8 us=1460
BATCH stage=decode rows=8 tokens=8 us=1467
BATCH stage=decode rows=8 tokens=8 us=1464
BATCH stage=decode rows=8 tokens=8 us=1464
BATCH stage=decode rows=8 tokens=8 us=1463
BATCH stage=decode rows=7 tokens=7 us=1436
BATCH stage=prefill rows=1 tokens=128 us=2932
BATCH stage=decode rows=8 tokens=8 us=1463
BATCH stage=decode rows=7 tokens=7 us=1438
BATCH stage=prefill rows=1 tokens=398 us=6675
BATCH stage=decode rows=8 tokens=8 us=1466
BATCH stage=decode rows=8 tokens=8 us=1468
BATCH stage=decode rows=8 tokens=8 us=1451
BATCH stage=decode rows=7 tokens=7 us=1397
BATCH stage=prefill rows=1 tokens=16 us=2460
BATCH stage=decode rows=7 tokens=7 us=1398
BATCH stage=prefill rows=1 tokens=128 us=2940
BATCH stage=decode rows=8 tokens=8 us=1431
BATCH stage=decode rows=8 tokens=8 us=1424
BATCH stage=decode rows=8 tokens=8 us=1416
BATCH stage=decode rows=8 tokens=8 us=1421
BATCH stage=decode rows=8 tokens=8 us=1422
BATCH stage=decode rows=8 tokens=8 us=1422
BATCH stage=decode rows=8 tokens=8 us=1421
BATCH stage=decode rows=8 tokens=8 us=1423
BATCH stage=decode rows=8 tokens=8 us=1420
BATCH stage=decode rows=8 tokens=8 us=1421
BATCH stage=decode rows=8 tokens=8 us=1425
BATCH stage=decode rows=8 tokens=8 us=1424
BATCH stage=decode rows=8 tokens=8 us=1424
BATCH stage=decode rows=8 tokens=8 us=1427
BATCH stage=decode rows=8 tokens=8 us=1430
BATCH stage=decode rows=8 tokens=8 us=1431
BATCH stage=decode rows=8 tokens=8 us=1448
BATCH stage=decode rows=8 tokens=8 us=1465
BATCH stage=decode rows=8 tokens=8 us=1461
BATCH stage=decode rows=8 tokens=8 us=1468
BATCH stage=decode rows=8 tokens=8 us=1468
BATCH stage=decode rows=8 tokens=8 us=1462
BATCH stage=decode rows=8 tokens=8 us=1466
BATCH stage=decode rows=8 tokens=8 us=1467
BATCH stage=decode rows=8 tokens=8 us=1456
BATCH stage=decode rows=7 tokens=7 us=1434
BATCH stage=prefill rows=1 tokens=398 us=6666
BATCH stage=decode rows=8 tokens=8 us=1484
BATCH stage=decode rows=8 tokens=8 us=1475
BATCH stage=decode rows=8 tokens=8 us=1452
BATCH stage=decode rows=7 tokens=7 us=1404
BATCH stage=prefill rows=1 tokens=16 us=2467
BATCH stage=decode rows=7 tokens=7 us=1403
BATCH stage=prefill rows=1 tokens=128 us=2940
BATCH stage=decode rows=8 tokens=8 us=1425
BATCH stage=decode rows=8 tokens=8 us=1432
BATCH stage=decode rows=8 tokens=8 us=1423
BATCH stage=decode rows=8 tokens=8 us=1424
BATCH stage=decode rows=8 tokens=8 us=1409
BATCH stage=decode rows=8 tokens=8 us=1424
BATCH stage=decode rows=8 tokens=8 us=1421
BATCH stage=decode rows=8 tokens=8 us=1408
BATCH stage=decode rows=8 tokens=8 us=1410
BATCH stage=decode rows=8 tokens=8 us=1420
BATCH stage=decode rows=8 tokens=8 us=1413
BATCH stage=decode rows=8 tokens=8 us=1427
BATCH stage=decode rows=8 tokens=8 us=1422
BATCH stage=decode rows=8 tokens=8 us=1421
BATCH stage=decode rows=8 tokens=8 us=1427
BATCH stage=decode rows=8 tokens=8 us=1409
BATCH stage=decode rows=8 tokens=8 us=1436
BATCH stage=decode rows=8 tokens=8 us=1463
BATCH stage=decode rows=8 tokens=8 us=1459
BATCH stage=decode rows=8 tokens=8 us=1458
BATCH stage=decode rows=8 tokens=8 us=1464
BATCH stage=decode rows=8 tokens=8 us=1442
BATCH stage=decode rows=8 tokens=8 us=1462
BATCH stage=decode rows=8 tokens=8 us=1455
BATCH stage=decode rows=8 tokens=8 us=1456
BATCH stage=decode rows=7 tokens=7 us=1438
BATCH stage=prefill rows=1 tokens=398 us=6676
BATCH stage=decode rows=8 tokens=8 us=1465
BATCH stage=decode rows=8 tokens=8 us=1466
BATCH stage=decode rows=8 tokens=8 us=1454
BATCH stage=decode rows=7 tokens=7 us=1394
BATCH stage=prefill rows=1 tokens=16 us=2463
BATCH stage=decode rows=7 tokens=7 us=1404
BATCH stage=prefill rows=1 tokens=128 us=2930
BATCH stage=decode rows=8 tokens=8 us=1431
BATCH stage=decode rows=7 tokens=7 us=1395
BATCH stage=prefill rows=1 tokens=398 us=6673
BATCH stage=decode rows=8 tokens=8 us=1451
BATCH stage=decode rows=8 tokens=8 us=1449
BATCH stage=decode rows=8 tokens=8 us=1438
BATCH stage=decode rows=8 tokens=8 us=1434
BATCH stage=decode rows=8 tokens=8 us=1436
BATCH stage=decode rows=8 tokens=8 us=1434
BATCH stage=decode rows=8 tokens=8 us=1422
BATCH stage=decode rows=8 tokens=8 us=1432
BATCH stage=decode rows=8 tokens=8 us=1416
BATCH stage=decode rows=8 tokens=8 us=1432
BATCH stage=decode rows=8 tokens=8 us=1427
BATCH stage=decode rows=8 tokens=8 us=1440
BATCH stage=decode rows=8 tokens=8 us=1442
BATCH stage=decode rows=8 tokens=8 us=1435
BATCH stage=decode rows=8 tokens=8 us=1438
BATCH stage=decode rows=8 tokens=8 us=1453
BATCH stage=decode rows=8 tokens=8 us=1446
BATCH stage=decode rows=8 tokens=8 us=1461
BATCH stage=decode rows=8 tokens=8 us=1463
BATCH stage=decode rows=8 tokens=8 us=1459
BATCH stage=decode rows=8 tokens=8 us=1464
BATCH stage=decode rows=8 tokens=8 us=1466
BATCH stage=decode rows=8 tokens=8 us=1465
BATCH stage=decode rows=8 tokens=8 us=1466
BATCH stage=decode rows=8 tokens=8 us=1457
BATCH stage=decode rows=8 tokens=8 us=1467
BATCH stage=decode rows=8 tokens=8 us=1468
BATCH stage=decode rows=7 tokens=7 us=1411
BATCH stage=prefill rows=1 tokens=16 us=2461
BATCH stage=decode rows=7 tokens=7 us=1398
BATCH stage=prefill rows=1 tokens=128 us=2935
BATCH stage=decode rows=8 tokens=8 us=1427
BATCH stage=decode rows=7 tokens=7 us=1401
BATCH stage=prefill rows=1 tokens=398 us=6677
BATCH stage=decode rows=8 tokens=8 us=1431
BATCH stage=decode rows=8 tokens=8 us=1442
BATCH stage=decode rows=8 tokens=8 us=1441
BATCH stage=decode rows=8 tokens=8 us=1438
BATCH stage=decode rows=8 tokens=8 us=1438
BATCH stage=decode rows=8 tokens=8 us=1427
BATCH stage=decode rows=8 tokens=8 us=1441
BATCH stage=decode rows=8 tokens=8 us=1436
BATCH stage=decode rows=8 tokens=8 us=1437
BATCH stage=decode rows=8 tokens=8 us=1436
BATCH stage=decode rows=8 tokens=8 us=1436
BATCH stage=decode rows=8 tokens=8 us=1432
BATCH stage=decode rows=8 tokens=8 us=1449
BATCH stage=decode rows=8 tokens=8 us=1444
BATCH stage=decode rows=8 tokens=8 us=1460
BATCH stage=decode rows=8 tokens=8 us=1469
BATCH stage=decode rows=8 tokens=8 us=1461
BATCH stage=decode rows=8 tokens=8 us=1471
BATCH stage=decode rows=8 tokens=8 us=1469
BATCH stage=decode rows=8 tokens=8 us=1471
BATCH stage=decode rows=8 tokens=8 us=1466
BATCH stage=decode rows=8 tokens=8 us=1465
BATCH stage=decode rows=8 tokens=8 us=1455
BATCH stage=decode rows=8 tokens=8 us=1464
BATCH stage=decode rows=8 tokens=8 us=1457
BATCH stage=decode rows=8 tokens=8 us=1463
BATCH stage=decode rows=8 tokens=8 us=1453
BATCH stage=decode rows=7 tokens=7 us=1406
BATCH stage=prefill rows=1 tokens=16 us=2451
BATCH stage=decode rows=7 tokens=7 us=1400
BATCH stage=prefill rows=1 tokens=128 us=2931
BATCH stage=decode rows=8 tokens=8 us=1425
BATCH stage=decode rows=7 tokens=7 us=1399
BATCH stage=prefill rows=1 tokens=398 us=6650
BATCH stage=decode rows=8 tokens=8 us=1445
BATCH stage=decode rows=8 tokens=8 us=1437
BATCH stage=decode rows=8 tokens=8 us=1440
BATCH stage=decode rows=8 tokens=8 us=1440
BATCH stage=decode rows=8 tokens=8 us=1432
BATCH stage=decode rows=8 tokens=8 us=1432
BATCH stage=decode rows=8 tokens=8 us=1432
BATCH stage=decode rows=8 tokens=8 us=1430
BATCH stage=decode rows=8 tokens=8 us=1439
BATCH stage=decode rows=8 tokens=8 us=1431
BATCH stage=decode rows=8 tokens=8 us=1426
BATCH stage=decode rows=8 tokens=8 us=1428
BATCH stage=decode rows=8 tokens=8 us=1426
BATCH stage=decode rows=8 tokens=8 us=1420
BATCH stage=decode rows=8 tokens=8 us=1462
BATCH stage=decode rows=8 tokens=8 us=1465
BATCH stage=decode rows=8 tokens=8 us=1442
BATCH stage=decode rows=8 tokens=8 us=1451
BATCH stage=decode rows=8 tokens=8 us=1454
BATCH stage=decode rows=8 tokens=8 us=1459
BATCH stage=decode rows=8 tokens=8 us=1453
BATCH stage=decode rows=8 tokens=8 us=1452
BATCH stage=decode rows=8 tokens=8 us=1444
BATCH stage=decode rows=8 tokens=8 us=1481
BATCH stage=decode rows=8 tokens=8 us=1492
BATCH stage=decode rows=8 tokens=8 us=1498
BATCH stage=decode rows=8 tokens=8 us=1462
BATCH stage=decode rows=7 tokens=7 us=1403
BATCH stage=prefill rows=1 tokens=16 us=2464
BATCH stage=decode rows=7 tokens=7 us=1396
BATCH stage=prefill rows=1 tokens=128 us=2945
BATCH stage=decode rows=8 tokens=8 us=1437
BATCH stage=decode rows=7 tokens=7 us=1404
BATCH stage=prefill rows=1 tokens=398 us=6668
BATCH stage=decode rows=8 tokens=8 us=1447
BATCH stage=decode rows=8 tokens=8 us=1449
BATCH stage=decode rows=8 tokens=8 us=1428
BATCH stage=decode rows=8 tokens=8 us=1445
BATCH stage=decode rows=8 tokens=8 us=1448
BATCH stage=decode rows=8 tokens=8 us=1440
BATCH stage=decode rows=8 tokens=8 us=1435
BATCH stage=decode rows=8 tokens=8 us=1442
BATCH stage=decode rows=8 tokens=8 us=1423
BATCH stage=decode rows=8 tokens=8 us=1442
BATCH stage=decode rows=8 tokens=8 us=1428
BATCH stage=decode rows=8 tokens=8 us=1428
BATCH stage=decode rows=8 tokens=8 us=1435
BATCH stage=decode rows=8 tokens=8 us=1424
BATCH stage=decode rows=8 tokens=8 us=1457
BATCH stage=decode rows=8 tokens=8 us=1475
BATCH stage=decode rows=8 tokens=8 us=1494
BATCH stage=decode rows=8 tokens=8 us=1467
BATCH stage=decode rows=8 tokens=8 us=1468
BATCH stage=decode rows=8 tokens=8 us=1458
BATCH stage=decode rows=8 tokens=8 us=1472
BATCH stage=decode rows=8 tokens=8 us=1467
BATCH stage=decode rows=8 tokens=8 us=1458
BATCH stage=decode rows=8 tokens=8 us=1470
BATCH stage=decode rows=8 tokens=8 us=1475
BATCH stage=decode rows=8 tokens=8 us=1469
BATCH stage=decode rows=8 tokens=8 us=1467
BATCH stage=decode rows=7 tokens=7 us=1448
BATCH stage=prefill rows=1 tokens=16 us=2466
BATCH stage=decode rows=7 tokens=7 us=1440
BATCH stage=prefill rows=1 tokens=128 us=2946
BATCH stage=decode rows=8 tokens=8 us=1479
BATCH stage=decode rows=7 tokens=7 us=1434
BATCH stage=prefill rows=1 tokens=398 us=6673
BATCH stage=decode rows=8 tokens=8 us=1494
BATCH stage=decode rows=8 tokens=8 us=1467
BATCH stage=decode rows=8 tokens=8 us=1466
BATCH stage=decode rows=7 tokens=7 us=1387
BATCH stage=prefill rows=1 tokens=16 us=2456
BATCH stage=decode rows=8 tokens=8 us=1410
BATCH stage=decode rows=8 tokens=8 us=1414
BATCH stage=decode rows=8 tokens=8 us=1423
BATCH stage=decode rows=8 tokens=8 us=1423
BATCH stage=decode rows=8 tokens=8 us=1412
BATCH stage=decode rows=8 tokens=8 us=1422
BATCH stage=decode rows=8 tokens=8 us=1417
BATCH stage=decode rows=8 tokens=8 us=1422
BATCH stage=decode rows=8 tokens=8 us=1423
BATCH stage=decode rows=8 tokens=8 us=1424
BATCH stage=decode rows=8 tokens=8 us=1415
BATCH stage=decode rows=8 tokens=8 us=1412
BATCH stage=decode rows=8 tokens=8 us=1420
BATCH stage=decode rows=8 tokens=8 us=1407
BATCH stage=decode rows=8 tokens=8 us=1423
BATCH stage=decode rows=8 tokens=8 us=1423
BATCH stage=decode rows=8 tokens=8 us=1415
BATCH stage=decode rows=8 tokens=8 us=1436
BATCH stage=decode rows=8 tokens=8 us=1449
BATCH stage=decode rows=8 tokens=8 us=1464
BATCH stage=decode rows=8 tokens=8 us=1458
BATCH stage=decode rows=8 tokens=8 us=1460
BATCH stage=decode rows=8 tokens=8 us=1463
BATCH stage=decode rows=8 tokens=8 us=1473
BATCH stage=decode rows=7 tokens=7 us=1431
BATCH stage=prefill rows=1 tokens=128 us=2950
BATCH stage=decode rows=8 tokens=8 us=1458
BATCH stage=decode rows=7 tokens=7 us=1441
BATCH stage=prefill rows=1 tokens=398 us=6681
BATCH stage=decode rows=8 tokens=8 us=1482
BATCH stage=decode rows=8 tokens=8 us=1508
BATCH stage=decode rows=8 tokens=8 us=1465
BATCH stage=decode rows=7 tokens=7 us=1396
BATCH stage=prefill rows=1 tokens=16 us=2451
BATCH stage=decode rows=7 tokens=7 us=1403
BATCH stage=prefill rows=1 tokens=128 us=2942
BATCH stage=decode rows=8 tokens=8 us=1436
BATCH stage=decode rows=8 tokens=8 us=1418
BATCH stage=decode rows=8 tokens=8 us=1419
BATCH stage=decode rows=8 tokens=8 us=1414
BATCH stage=decode rows=8 tokens=8 us=1413
BATCH stage=decode rows=8 tokens=8 us=1418
BATCH stage=decode rows=8 tokens=8 us=1408
BATCH stage=decode rows=8 tokens=8 us=1428
BATCH stage=decode rows=8 tokens=8 us=1413
BATCH stage=decode rows=8 tokens=8 us=1432
BATCH stage=decode rows=8 tokens=8 us=1416
BATCH stage=decode rows=8 tokens=8 us=1421
BATCH stage=decode rows=8 tokens=8 us=1416
BATCH stage=decode rows=8 tokens=8 us=1416
BATCH stage=decode rows=8 tokens=8 us=1422
BATCH stage=decode rows=8 tokens=8 us=1415
BATCH stage=decode rows=8 tokens=8 us=1447
BATCH stage=decode rows=8 tokens=8 us=1447
BATCH stage=decode rows=8 tokens=8 us=1448
BATCH stage=decode rows=8 tokens=8 us=1465
BATCH stage=decode rows=8 tokens=8 us=1453
BATCH stage=decode rows=8 tokens=8 us=1456
BATCH stage=decode rows=8 tokens=8 us=1461
BATCH stage=decode rows=8 tokens=8 us=1454
BATCH stage=decode rows=8 tokens=8 us=1439
BATCH stage=decode rows=7 tokens=7 us=1422
BATCH stage=prefill rows=1 tokens=398 us=6689
BATCH stage=decode rows=8 tokens=8 us=1471
BATCH stage=decode rows=8 tokens=8 us=1455
BATCH stage=decode rows=8 tokens=8 us=1462
BATCH stage=decode rows=7 tokens=7 us=1389
BATCH stage=prefill rows=1 tokens=16 us=2458
BATCH stage=decode rows=7 tokens=7 us=1403
BATCH stage=prefill rows=1 tokens=128 us=2931
BATCH stage=decode rows=8 tokens=8 us=1425
BATCH stage=decode rows=8 tokens=8 us=1413
BATCH stage=decode rows=8 tokens=8 us=1433
BATCH stage=decode rows=8 tokens=8 us=1424
BATCH stage=decode rows=8 tokens=8 us=1418
BATCH stage=decode rows=8 tokens=8 us=1425
BATCH stage=decode rows=8 tokens=8 us=1418
BATCH stage=decode rows=8 tokens=8 us=1409
BATCH stage=decode rows=8 tokens=8 us=1418
BATCH stage=decode rows=8 tokens=8 us=1411
BATCH stage=decode rows=8 tokens=8 us=1429
BATCH stage=decode rows=8 tokens=8 us=1418
BATCH stage=decode rows=8 tokens=8 us=1426
BATCH stage=decode rows=8 tokens=8 us=1422
BATCH stage=decode rows=8 tokens=8 us=1413
BATCH stage=decode rows=8 tokens=8 us=1407
BATCH stage=decode rows=8 tokens=8 us=1435
BATCH stage=decode rows=8 tokens=8 us=1463
BATCH stage=decode rows=8 tokens=8 us=1452
BATCH stage=decode rows=8 tokens=8 us=1457
BATCH stage=decode rows=8 tokens=8 us=1447
BATCH stage=decode rows=8 tokens=8 us=1450
BATCH stage=decode rows=8 tokens=8 us=1453
BATCH stage=decode rows=8 tokens=8 us=1464
BATCH stage=decode rows=8 tokens=8 us=1464
BATCH stage=decode rows=7 tokens=7 us=1424
BATCH stage=prefill rows=1 tokens=398 us=6668
BATCH stage=decode rows=8 tokens=8 us=1483
BATCH stage=decode rows=8 tokens=8 us=1474
BATCH stage=decode rows=8 tokens=8 us=1472
BATCH stage=decode rows=7 tokens=7 us=1399
BATCH stage=prefill rows=1 tokens=16 us=2461
BATCH stage=decode rows=7 tokens=7 us=1387
BATCH stage=prefill rows=1 tokens=128 us=2925
BATCH stage=decode rows=8 tokens=8 us=1410
BATCH stage=decode rows=7 tokens=7 us=1387
BATCH stage=prefill rows=1 tokens=398 us=6678
BATCH stage=decode rows=8 tokens=8 us=1451
BATCH stage=decode rows=8 tokens=8 us=1435
BATCH stage=decode rows=8 tokens=8 us=1428
BATCH stage=decode rows=8 tokens=8 us=1433
BATCH stage=decode rows=8 tokens=8 us=1425
BATCH stage=decode rows=8 tokens=8 us=1428
BATCH stage=decode rows=8 tokens=8 us=1430
BATCH stage=decode rows=8 tokens=8 us=1430
BATCH stage=decode rows=8 tokens=8 us=1432
BATCH stage=decode rows=8 tokens=8 us=1425
BATCH stage=decode rows=8 tokens=8 us=1439
BATCH stage=decode rows=8 tokens=8 us=1434
BATCH stage=decode rows=8 tokens=8 us=1439
BATCH stage=decode rows=8 tokens=8 us=1434
BATCH stage=decode rows=8 tokens=8 us=1454
BATCH stage=decode rows=8 tokens=8 us=1455
BATCH stage=decode rows=8 tokens=8 us=1461
BATCH stage=decode rows=8 tokens=8 us=1450
BATCH stage=decode rows=8 tokens=8 us=1462
BATCH stage=decode rows=8 tokens=8 us=1455
BATCH stage=decode rows=8 tokens=8 us=1454
BATCH stage=decode rows=8 tokens=8 us=1454
BATCH stage=decode rows=8 tokens=8 us=1456
BATCH stage=decode rows=8 tokens=8 us=1459
BATCH stage=decode rows=8 tokens=8 us=1465
BATCH stage=decode rows=8 tokens=8 us=1453
BATCH stage=decode rows=8 tokens=8 us=1462
BATCH stage=decode rows=7 tokens=7 us=1399
BATCH stage=prefill rows=1 tokens=16 us=2466
BATCH stage=decode rows=7 tokens=7 us=1405
BATCH stage=prefill rows=1 tokens=128 us=2932
BATCH stage=decode rows=8 tokens=8 us=1431
BATCH stage=decode rows=7 tokens=7 us=1388
BATCH stage=prefill rows=1 tokens=398 us=6682
BATCH stage=decode rows=8 tokens=8 us=1453
BATCH stage=decode rows=8 tokens=8 us=1427
BATCH stage=decode rows=8 tokens=8 us=1429
BATCH stage=decode rows=8 tokens=8 us=1430
BATCH stage=decode rows=8 tokens=8 us=1430
BATCH stage=decode rows=8 tokens=8 us=1428
BATCH stage=decode rows=8 tokens=8 us=1431
BATCH stage=decode rows=8 tokens=8 us=1419
BATCH stage=decode rows=8 tokens=8 us=1418
BATCH stage=decode rows=8 tokens=8 us=1420
BATCH stage=decode rows=8 tokens=8 us=1427
BATCH stage=decode rows=8 tokens=8 us=1428
BATCH stage=decode rows=8 tokens=8 us=1436
BATCH stage=decode rows=8 tokens=8 us=1434
BATCH stage=decode rows=8 tokens=8 us=1455
BATCH stage=decode rows=8 tokens=8 us=1464
BATCH stage=decode rows=8 tokens=8 us=1464
BATCH stage=decode rows=8 tokens=8 us=1456
BATCH stage=decode rows=8 tokens=8 us=1458
BATCH stage=decode rows=8 tokens=8 us=1468
BATCH stage=decode rows=8 tokens=8 us=1459
BATCH stage=decode rows=8 tokens=8 us=1459
BATCH stage=decode rows=8 tokens=8 us=1462
BATCH stage=decode rows=8 tokens=8 us=1461
BATCH stage=decode rows=8 tokens=8 us=1463
BATCH stage=decode rows=8 tokens=8 us=1464
BATCH stage=decode rows=8 tokens=8 us=1462
BATCH stage=decode rows=7 tokens=7 us=1404
BATCH stage=prefill rows=1 tokens=16 us=2449
BATCH stage=decode rows=7 tokens=7 us=1398
BATCH stage=prefill rows=1 tokens=128 us=2931
BATCH stage=decode rows=8 tokens=8 us=1427
BATCH stage=decode rows=7 tokens=7 us=1394
BATCH stage=prefill rows=1 tokens=398 us=6664
BATCH stage=decode rows=8 tokens=8 us=1445
BATCH stage=decode rows=8 tokens=8 us=1429
BATCH stage=decode rows=8 tokens=8 us=1423
BATCH stage=decode rows=8 tokens=8 us=1429
BATCH stage=decode rows=8 tokens=8 us=1424
BATCH stage=decode rows=8 tokens=8 us=1431
BATCH stage=decode rows=8 tokens=8 us=1425
BATCH stage=decode rows=8 tokens=8 us=1432
BATCH stage=decode rows=8 tokens=8 us=1431
BATCH stage=decode rows=8 tokens=8 us=1431
BATCH stage=decode rows=8 tokens=8 us=1428
BATCH stage=decode rows=8 tokens=8 us=1426
BATCH stage=decode rows=8 tokens=8 us=1417
BATCH stage=decode rows=8 tokens=8 us=1438
BATCH stage=decode rows=8 tokens=8 us=1450
BATCH stage=decode rows=8 tokens=8 us=1444
BATCH stage=decode rows=8 tokens=8 us=1466
BATCH stage=decode rows=8 tokens=8 us=1464
BATCH stage=decode rows=8 tokens=8 us=1467
BATCH stage=decode rows=8 tokens=8 us=1457
BATCH stage=decode rows=8 tokens=8 us=1459
BATCH stage=decode rows=8 tokens=8 us=1462
BATCH stage=decode rows=8 tokens=8 us=1446
BATCH stage=decode rows=8 tokens=8 us=1463
BATCH stage=decode rows=8 tokens=8 us=1456
BATCH stage=decode rows=8 tokens=8 us=1454
BATCH stage=decode rows=8 tokens=8 us=1450
BATCH stage=decode rows=7 tokens=7 us=1404
BATCH stage=prefill rows=1 tokens=16 us=2463
BATCH stage=decode rows=7 tokens=7 us=1397
BATCH stage=prefill rows=1 tokens=128 us=2933
BATCH stage=decode rows=8 tokens=8 us=1425
BATCH stage=decode rows=7 tokens=7 us=1397
BATCH stage=prefill rows=1 tokens=398 us=6689
BATCH stage=decode rows=8 tokens=8 us=1440
BATCH stage=decode rows=8 tokens=8 us=1435
BATCH stage=decode rows=8 tokens=8 us=1428
BATCH stage=decode rows=8 tokens=8 us=1440
BATCH stage=decode rows=8 tokens=8 us=1432
BATCH stage=decode rows=8 tokens=8 us=1434
BATCH stage=decode rows=8 tokens=8 us=1430
BATCH stage=decode rows=8 tokens=8 us=1426
BATCH stage=decode rows=8 tokens=8 us=1437
BATCH stage=decode rows=8 tokens=8 us=1448
BATCH stage=decode rows=8 tokens=8 us=1425
BATCH stage=decode rows=8 tokens=8 us=1438
BATCH stage=decode rows=8 tokens=8 us=1444
BATCH stage=decode rows=8 tokens=8 us=1438
BATCH stage=decode rows=8 tokens=8 us=1452
BATCH stage=decode rows=8 tokens=8 us=1471
BATCH stage=decode rows=8 tokens=8 us=1464
BATCH stage=decode rows=8 tokens=8 us=1463
BATCH stage=decode rows=8 tokens=8 us=1461
BATCH stage=decode rows=8 tokens=8 us=1469
BATCH stage=decode rows=8 tokens=8 us=1468
BATCH stage=decode rows=8 tokens=8 us=1470
BATCH stage=decode rows=8 tokens=8 us=1463
BATCH stage=decode rows=8 tokens=8 us=1460
BATCH stage=decode rows=8 tokens=8 us=1459
BATCH stage=decode rows=8 tokens=8 us=1457
BATCH stage=decode rows=8 tokens=8 us=1461
BATCH stage=decode rows=7 tokens=7 us=1427
BATCH stage=prefill rows=1 tokens=16 us=2462
BATCH stage=decode rows=7 tokens=7 us=1439
BATCH stage=prefill rows=1 tokens=128 us=2932
BATCH stage=decode rows=8 tokens=8 us=1464
BATCH stage=decode rows=7 tokens=7 us=1423
BATCH stage=prefill rows=1 tokens=398 us=6647
BATCH stage=decode rows=8 tokens=8 us=1477
BATCH stage=decode rows=8 tokens=8 us=1466
BATCH stage=decode rows=8 tokens=8 us=1466
BATCH stage=decode rows=7 tokens=7 us=1401
BATCH stage=prefill rows=1 tokens=16 us=2458
BATCH stage=decode rows=8 tokens=8 us=1411
BATCH stage=decode rows=8 tokens=8 us=1428
BATCH stage=decode rows=8 tokens=8 us=1421
BATCH stage=decode rows=8 tokens=8 us=1421
BATCH stage=decode rows=8 tokens=8 us=1424
BATCH stage=decode rows=8 tokens=8 us=1424
BATCH stage=decode rows=8 tokens=8 us=1424
BATCH stage=decode rows=8 tokens=8 us=1421
BATCH stage=decode rows=8 tokens=8 us=1409
BATCH stage=decode rows=8 tokens=8 us=1422
BATCH stage=decode rows=8 tokens=8 us=1418
BATCH stage=decode rows=8 tokens=8 us=1425
BATCH stage=decode rows=8 tokens=8 us=1415
BATCH stage=decode rows=8 tokens=8 us=1419
BATCH stage=decode rows=8 tokens=8 us=1419
BATCH stage=decode rows=8 tokens=8 us=1424
BATCH stage=decode rows=8 tokens=8 us=1419
BATCH stage=decode rows=8 tokens=8 us=1442
BATCH stage=decode rows=8 tokens=8 us=1452
BATCH stage=decode rows=8 tokens=8 us=1460
BATCH stage=decode rows=8 tokens=8 us=1442
BATCH stage=decode rows=8 tokens=8 us=1461
BATCH stage=decode rows=8 tokens=8 us=1445
BATCH stage=decode rows=8 tokens=8 us=1458
BATCH stage=decode rows=7 tokens=7 us=1424
BATCH stage=prefill rows=1 tokens=128 us=2936
BATCH stage=decode rows=8 tokens=8 us=1451
BATCH stage=decode rows=7 tokens=7 us=1435
BATCH stage=prefill rows=1 tokens=398 us=6668
BATCH stage=decode rows=8 tokens=8 us=1469
BATCH stage=decode rows=8 tokens=8 us=1464
BATCH stage=decode rows=8 tokens=8 us=1466
BATCH stage=decode rows=7 tokens=7 us=1387
BATCH stage=prefill rows=1 tokens=16 us=2459
BATCH stage=decode rows=7 tokens=7 us=1401
BATCH stage=prefill rows=1 tokens=128 us=2934
BATCH stage=decode rows=8 tokens=8 us=1408
BATCH stage=decode rows=8 tokens=8 us=1407
BATCH stage=decode rows=8 tokens=8 us=1413
BATCH stage=decode rows=8 tokens=8 us=1406
BATCH stage=decode rows=8 tokens=8 us=1416
BATCH stage=decode rows=8 tokens=8 us=1407
BATCH stage=decode rows=8 tokens=8 us=1422
BATCH stage=decode rows=8 tokens=8 us=1409
BATCH stage=decode rows=8 tokens=8 us=1428
BATCH stage=decode rows=8 tokens=8 us=1430
BATCH stage=decode rows=8 tokens=8 us=1430
BATCH stage=decode rows=8 tokens=8 us=1412
BATCH stage=decode rows=8 tokens=8 us=1414
BATCH stage=decode rows=8 tokens=8 us=1420
BATCH stage=decode rows=8 tokens=8 us=1438
BATCH stage=decode rows=8 tokens=8 us=1416
BATCH stage=decode rows=8 tokens=8 us=1440
BATCH stage=decode rows=8 tokens=8 us=1462
BATCH stage=decode rows=8 tokens=8 us=1453
BATCH stage=decode rows=8 tokens=8 us=1455
BATCH stage=decode rows=8 tokens=8 us=1445
BATCH stage=decode rows=8 tokens=8 us=1444
BATCH stage=decode rows=8 tokens=8 us=1447
BATCH stage=decode rows=8 tokens=8 us=1465
BATCH stage=decode rows=8 tokens=8 us=1458
BATCH stage=decode rows=7 tokens=7 us=1424
BATCH stage=prefill rows=1 tokens=398 us=6682
BATCH stage=decode rows=8 tokens=8 us=1478
BATCH stage=decode rows=8 tokens=8 us=1451
BATCH stage=decode rows=8 tokens=8 us=1470
BATCH stage=decode rows=7 tokens=7 us=1399
BATCH stage=prefill rows=1 tokens=16 us=2459
BATCH stage=decode rows=7 tokens=7 us=1403
BATCH stage=prefill rows=1 tokens=128 us=2935
BATCH stage=decode rows=8 tokens=8 us=1425
BATCH stage=decode rows=8 tokens=8 us=1425
BATCH stage=decode rows=8 tokens=8 us=1417
BATCH stage=decode rows=8 tokens=8 us=1425
BATCH stage=decode rows=8 tokens=8 us=1423
BATCH stage=decode rows=8 tokens=8 us=1424
BATCH stage=decode rows=8 tokens=8 us=1404
BATCH stage=decode rows=8 tokens=8 us=1406
BATCH stage=decode rows=8 tokens=8 us=1417
BATCH stage=decode rows=8 tokens=8 us=1409
BATCH stage=decode rows=8 tokens=8 us=1423
BATCH stage=decode rows=8 tokens=8 us=1415
BATCH stage=decode rows=8 tokens=8 us=1415
BATCH stage=decode rows=8 tokens=8 us=1421
BATCH stage=decode rows=8 tokens=8 us=1431
BATCH stage=decode rows=8 tokens=8 us=1424
BATCH stage=decode rows=8 tokens=8 us=1430
BATCH stage=decode rows=8 tokens=8 us=1443
BATCH stage=decode rows=8 tokens=8 us=1463
BATCH stage=decode rows=8 tokens=8 us=1462
BATCH stage=decode rows=8 tokens=8 us=1461
BATCH stage=decode rows=8 tokens=8 us=1452
BATCH stage=decode rows=8 tokens=8 us=1470
BATCH stage=decode rows=8 tokens=8 us=1460
BATCH stage=decode rows=8 tokens=8 us=1449
BATCH stage=decode rows=7 tokens=7 us=1429
BATCH stage=prefill rows=1 tokens=398 us=6684
BATCH stage=decode rows=8 tokens=8 us=1476
BATCH stage=decode rows=8 tokens=8 us=1460
BATCH stage=decode rows=8 tokens=8 us=1460
BATCH stage=decode rows=7 tokens=7 us=1400
BATCH stage=prefill rows=1 tokens=16 us=2459
BATCH stage=decode rows=7 tokens=7 us=1385
BATCH stage=prefill rows=1 tokens=128 us=2935
BATCH stage=decode rows=8 tokens=8 us=1421
BATCH stage=decode rows=7 tokens=7 us=1384
BATCH stage=prefill rows=1 tokens=398 us=6632
BATCH stage=decode rows=8 tokens=8 us=1454
BATCH stage=decode rows=8 tokens=8 us=1439
BATCH stage=decode rows=8 tokens=8 us=1434
BATCH stage=decode rows=8 tokens=8 us=1433
BATCH stage=decode rows=8 tokens=8 us=1430
BATCH stage=decode rows=8 tokens=8 us=1432
BATCH stage=decode rows=8 tokens=8 us=1426
BATCH stage=decode rows=8 tokens=8 us=1433
BATCH stage=decode rows=8 tokens=8 us=1434
BATCH stage=decode rows=8 tokens=8 us=1437
BATCH stage=decode rows=8 tokens=8 us=1430
BATCH stage=decode rows=8 tokens=8 us=1439
BATCH stage=decode rows=8 tokens=8 us=1424
BATCH stage=decode rows=8 tokens=8 us=1437
BATCH stage=decode rows=8 tokens=8 us=1452
BATCH stage=decode rows=8 tokens=8 us=1461
BATCH stage=decode rows=8 tokens=8 us=1458
BATCH stage=decode rows=8 tokens=8 us=1468
BATCH stage=decode rows=8 tokens=8 us=1464
BATCH stage=decode rows=8 tokens=8 us=1458
BATCH stage=decode rows=8 tokens=8 us=1451
BATCH stage=decode rows=8 tokens=8 us=1450
BATCH stage=decode rows=8 tokens=8 us=1448
BATCH stage=decode rows=8 tokens=8 us=1446
BATCH stage=decode rows=8 tokens=8 us=1454
BATCH stage=decode rows=8 tokens=8 us=1454
BATCH stage=decode rows=8 tokens=8 us=1451
BATCH stage=decode rows=7 tokens=7 us=1395
BATCH stage=prefill rows=1 tokens=16 us=2460
BATCH stage=decode rows=7 tokens=7 us=1405
BATCH stage=prefill rows=1 tokens=128 us=2932
BATCH stage=decode rows=8 tokens=8 us=1425
BATCH stage=decode rows=7 tokens=7 us=1379
BATCH stage=prefill rows=1 tokens=398 us=6665
BATCH stage=decode rows=8 tokens=8 us=1448
BATCH stage=decode rows=8 tokens=8 us=1420
BATCH stage=decode rows=8 tokens=8 us=1431
BATCH stage=decode rows=8 tokens=8 us=1434
BATCH stage=decode rows=8 tokens=8 us=1427
BATCH stage=decode rows=8 tokens=8 us=1415
BATCH stage=decode rows=8 tokens=8 us=1417
BATCH stage=decode rows=8 tokens=8 us=1439
BATCH stage=decode rows=8 tokens=8 us=1430
BATCH stage=decode rows=8 tokens=8 us=1428
BATCH stage=decode rows=8 tokens=8 us=1425
BATCH stage=decode rows=8 tokens=8 us=1424
BATCH stage=decode rows=8 tokens=8 us=1438
BATCH stage=decode rows=8 tokens=8 us=1433
BATCH stage=decode rows=8 tokens=8 us=1456
BATCH stage=decode rows=8 tokens=8 us=1467
BATCH stage=decode rows=8 tokens=8 us=1462
BATCH stage=decode rows=8 tokens=8 us=1462
BATCH stage=decode rows=8 tokens=8 us=1464
BATCH stage=decode rows=8 tokens=8 us=1462
BATCH stage=decode rows=8 tokens=8 us=1467
BATCH stage=decode rows=8 tokens=8 us=1466
BATCH stage=decode rows=8 tokens=8 us=1466
BATCH stage=decode rows=8 tokens=8 us=1467
BATCH stage=decode rows=8 tokens=8 us=1449
BATCH stage=decode rows=8 tokens=8 us=1462
BATCH stage=decode rows=8 tokens=8 us=1478
BATCH stage=decode rows=7 tokens=7 us=1402
BATCH stage=prefill rows=1 tokens=16 us=2459
BATCH stage=decode rows=7 tokens=7 us=1410
BATCH stage=prefill rows=1 tokens=128 us=2928
BATCH stage=decode rows=8 tokens=8 us=1417
BATCH stage=decode rows=7 tokens=7 us=1387
BATCH stage=prefill rows=1 tokens=398 us=6672
BATCH stage=decode rows=8 tokens=8 us=1447
BATCH stage=decode rows=8 tokens=8 us=1423
BATCH stage=decode rows=8 tokens=8 us=1432
BATCH stage=decode rows=8 tokens=8 us=1430
BATCH stage=decode rows=8 tokens=8 us=1418
BATCH stage=decode rows=8 tokens=8 us=1429
BATCH stage=decode rows=8 tokens=8 us=1438
BATCH stage=decode rows=8 tokens=8 us=1425
BATCH stage=decode rows=8 tokens=8 us=1423
BATCH stage=decode rows=8 tokens=8 us=1421
BATCH stage=decode rows=8 tokens=8 us=1424
BATCH stage=decode rows=8 tokens=8 us=1413
BATCH stage=decode rows=8 tokens=8 us=1415
BATCH stage=decode rows=8 tokens=8 us=1421
BATCH stage=decode rows=8 tokens=8 us=1433
BATCH stage=decode rows=8 tokens=8 us=1441
BATCH stage=decode rows=8 tokens=8 us=1442
BATCH stage=decode rows=8 tokens=8 us=1443
BATCH stage=decode rows=8 tokens=8 us=1442
BATCH stage=decode rows=8 tokens=8 us=1442
BATCH stage=decode rows=8 tokens=8 us=1451
BATCH stage=decode rows=8 tokens=8 us=1441
BATCH stage=decode rows=8 tokens=8 us=1447
BATCH stage=decode rows=8 tokens=8 us=1441
BATCH stage=decode rows=8 tokens=8 us=1489
BATCH stage=decode rows=8 tokens=8 us=1474
BATCH stage=decode rows=8 tokens=8 us=1451
BATCH stage=decode rows=7 tokens=7 us=1385
BATCH stage=prefill rows=1 tokens=16 us=2472
BATCH stage=decode rows=7 tokens=7 us=1416
BATCH stage=prefill rows=1 tokens=128 us=2918
BATCH stage=decode rows=8 tokens=8 us=1431
BATCH stage=decode rows=7 tokens=7 us=1402
BATCH stage=prefill rows=1 tokens=398 us=6710
BATCH stage=decode rows=8 tokens=8 us=1464
BATCH stage=decode rows=8 tokens=8 us=1443
BATCH stage=decode rows=8 tokens=8 us=1427
BATCH stage=decode rows=8 tokens=8 us=1431
BATCH stage=decode rows=8 tokens=8 us=1423
BATCH stage=decode rows=8 tokens=8 us=1435
BATCH stage=decode rows=8 tokens=8 us=1419
BATCH stage=decode rows=8 tokens=8 us=1434
BATCH stage=decode rows=8 tokens=8 us=1418
BATCH stage=decode rows=8 tokens=8 us=1424
BATCH stage=decode rows=8 tokens=8 us=1426
BATCH stage=decode rows=8 tokens=8 us=1418
BATCH stage=decode rows=8 tokens=8 us=1425
BATCH stage=decode rows=8 tokens=8 us=1417
BATCH stage=decode rows=8 tokens=8 us=1460
BATCH stage=decode rows=8 tokens=8 us=1466
BATCH stage=decode rows=8 tokens=8 us=1464
BATCH stage=decode rows=8 tokens=8 us=1466
BATCH stage=decode rows=8 tokens=8 us=1457
BATCH stage=decode rows=8 tokens=8 us=1458
BATCH stage=decode rows=8 tokens=8 us=1460
BATCH stage=decode rows=8 tokens=8 us=1465
BATCH stage=decode rows=8 tokens=8 us=1465
BATCH stage=decode rows=8 tokens=8 us=1473
BATCH stage=decode rows=8 tokens=8 us=1472
BATCH stage=decode rows=8 tokens=8 us=1463
BATCH stage=decode rows=8 tokens=8 us=1458
BATCH stage=decode rows=7 tokens=7 us=1442
BATCH stage=prefill rows=1 tokens=16 us=2463
BATCH stage=decode rows=7 tokens=7 us=1441
BATCH stage=prefill rows=1 tokens=128 us=2944
BATCH stage=decode rows=8 tokens=8 us=1454
BATCH stage=decode rows=7 tokens=7 us=1425
BATCH stage=prefill rows=1 tokens=398 us=6655
BATCH stage=decode rows=8 tokens=8 us=1459
BATCH stage=decode rows=8 tokens=8 us=1456
BATCH stage=decode rows=8 tokens=8 us=1451
BATCH stage=decode rows=7 tokens=7 us=1387
BATCH stage=prefill rows=1 tokens=16 us=2447
BATCH stage=decode rows=8 tokens=8 us=1408
BATCH stage=decode rows=8 tokens=8 us=1415
BATCH stage=decode rows=8 tokens=8 us=1407
BATCH stage=decode rows=8 tokens=8 us=1409
BATCH stage=decode rows=8 tokens=8 us=1415
BATCH stage=decode rows=8 tokens=8 us=1408
BATCH stage=decode rows=8 tokens=8 us=1414
BATCH stage=decode rows=8 tokens=8 us=1415
BATCH stage=decode rows=8 tokens=8 us=1411
BATCH stage=decode rows=8 tokens=8 us=1433
BATCH stage=decode rows=8 tokens=8 us=1428
BATCH stage=decode rows=8 tokens=8 us=1428
BATCH stage=decode rows=8 tokens=8 us=1416
BATCH stage=decode rows=8 tokens=8 us=1421
BATCH stage=decode rows=8 tokens=8 us=1426
BATCH stage=decode rows=8 tokens=8 us=1432
BATCH stage=decode rows=8 tokens=8 us=1433
BATCH stage=decode rows=8 tokens=8 us=1441
BATCH stage=decode rows=8 tokens=8 us=1456
BATCH stage=decode rows=8 tokens=8 us=1476
BATCH stage=decode rows=8 tokens=8 us=1458
BATCH stage=decode rows=8 tokens=8 us=1450
BATCH stage=decode rows=8 tokens=8 us=1458
BATCH stage=decode rows=8 tokens=8 us=1471
BATCH stage=decode rows=7 tokens=7 us=1440
BATCH stage=prefill rows=1 tokens=128 us=2939
BATCH stage=decode rows=8 tokens=8 us=1458
BATCH stage=decode rows=7 tokens=7 us=1423
BATCH stage=prefill rows=1 tokens=398 us=6662
BATCH stage=decode rows=8 tokens=8 us=1461
BATCH stage=decode rows=8 tokens=8 us=1457
BATCH stage=decode rows=8 tokens=8 us=1453
BATCH stage=decode rows=7 tokens=7 us=1390
BATCH stage=prefill rows=1 tokens=16 us=2460
BATCH stage=decode rows=7 tokens=7 us=1409
BATCH stage=prefill rows=1 tokens=128 us=2921
BATCH stage=decode rows=8 tokens=8 us=1413
BATCH stage=decode rows=8 tokens=8 us=1414
BATCH stage=decode rows=8 tokens=8 us=1401
BATCH stage=decode rows=8 tokens=8 us=1413
BATCH stage=decode rows=8 tokens=8 us=1422
BATCH stage=decode rows=8 tokens=8 us=1412
BATCH stage=decode rows=8 tokens=8 us=1416
BATCH stage=decode rows=8 tokens=8 us=1409
BATCH stage=decode rows=8 tokens=8 us=1415
BATCH stage=decode rows=8 tokens=8 us=1420
BATCH stage=decode rows=8 tokens=8 us=1411
BATCH stage=decode rows=8 tokens=8 us=1410
BATCH stage=decode rows=8 tokens=8 us=1413
BATCH stage=decode rows=8 tokens=8 us=1409
BATCH stage=decode rows=8 tokens=8 us=1403
BATCH stage=decode rows=8 tokens=8 us=1414
BATCH stage=decode rows=8 tokens=8 us=1440
BATCH stage=decode rows=8 tokens=8 us=1455
BATCH stage=decode rows=8 tokens=8 us=1442
BATCH stage=decode rows=8 tokens=8 us=1445
BATCH stage=decode rows=8 tokens=8 us=1448
BATCH stage=decode rows=8 tokens=8 us=1445
BATCH stage=decode rows=8 tokens=8 us=1449
BATCH stage=decode rows=8 tokens=8 us=1460
BATCH stage=decode rows=8 tokens=8 us=1448
BATCH stage=decode rows=7 tokens=7 us=1431
BATCH stage=prefill rows=1 tokens=398 us=6668
BATCH stage=decode rows=8 tokens=8 us=1467
BATCH stage=decode rows=8 tokens=8 us=1458
BATCH stage=decode rows=8 tokens=8 us=1470
BATCH stage=decode rows=7 tokens=7 us=1404
BATCH stage=prefill rows=1 tokens=16 us=2464
BATCH stage=decode rows=7 tokens=7 us=1387
BATCH stage=prefill rows=1 tokens=128 us=2941
BATCH stage=decode rows=8 tokens=8 us=1415
BATCH stage=decode rows=8 tokens=8 us=1430
BATCH stage=decode rows=8 tokens=8 us=1409
BATCH stage=decode rows=8 tokens=8 us=1411
BATCH stage=decode rows=8 tokens=8 us=1407
BATCH stage=decode rows=8 tokens=8 us=1407
BATCH stage=decode rows=8 tokens=8 us=1408
BATCH stage=decode rows=8 tokens=8 us=1410
BATCH stage=decode rows=8 tokens=8 us=1399
BATCH stage=decode rows=8 tokens=8 us=1412
BATCH stage=decode rows=8 tokens=8 us=1420
BATCH stage=decode rows=8 tokens=8 us=1418
BATCH stage=decode rows=8 tokens=8 us=1422
BATCH stage=decode rows=8 tokens=8 us=1416
BATCH stage=decode rows=8 tokens=8 us=1425
BATCH stage=decode rows=8 tokens=8 us=1411
BATCH stage=decode rows=8 tokens=8 us=1446
BATCH stage=decode rows=8 tokens=8 us=1457
BATCH stage=decode rows=8 tokens=8 us=1452
BATCH stage=decode rows=8 tokens=8 us=1454
BATCH stage=decode rows=8 tokens=8 us=1455
BATCH stage=decode rows=8 tokens=8 us=1451
BATCH stage=decode rows=8 tokens=8 us=1462
BATCH stage=decode rows=8 tokens=8 us=1464
BATCH stage=decode rows=8 tokens=8 us=1456
BATCH stage=decode rows=7 tokens=7 us=1438
BATCH stage=prefill rows=1 tokens=398 us=6645
BATCH stage=decode rows=8 tokens=8 us=1465
BATCH stage=decode rows=8 tokens=8 us=1462
BATCH stage=decode rows=8 tokens=8 us=1445
BATCH stage=decode rows=7 tokens=7 us=1392
BATCH stage=prefill rows=1 tokens=16 us=2447
BATCH stage=decode rows=7 tokens=7 us=1403
BATCH stage=prefill rows=1 tokens=128 us=2918
BATCH stage=decode rows=8 tokens=8 us=1418
BATCH stage=decode rows=7 tokens=7 us=1384
BATCH stage=prefill rows=1 tokens=398 us=6675
BATCH stage=decode rows=8 tokens=8 us=1441
BATCH stage=decode rows=8 tokens=8 us=1426
BATCH stage=decode rows=8 tokens=8 us=1431
BATCH stage=decode rows=8 tokens=8 us=1423
BATCH stage=decode rows=8 tokens=8 us=1418
BATCH stage=decode rows=8 tokens=8 us=1422
BATCH stage=decode rows=8 tokens=8 us=1415
BATCH stage=decode rows=8 tokens=8 us=1417
BATCH stage=decode rows=8 tokens=8 us=1418
BATCH stage=decode rows=8 tokens=8 us=1418
BATCH stage=decode rows=8 tokens=8 us=1416
BATCH stage=decode rows=8 tokens=8 us=1425
BATCH stage=decode rows=8 tokens=8 us=1424
BATCH stage=decode rows=8 tokens=8 us=1424
BATCH stage=decode rows=8 tokens=8 us=1438
BATCH stage=decode rows=8 tokens=8 us=1454
BATCH stage=decode rows=8 tokens=8 us=1451
BATCH stage=decode rows=8 tokens=8 us=1452
BATCH stage=decode rows=8 tokens=8 us=1450
BATCH stage=decode rows=8 tokens=8 us=1450
BATCH stage=decode rows=8 tokens=8 us=1450
BATCH stage=decode rows=8 tokens=8 us=1464
BATCH stage=decode rows=8 tokens=8 us=1462
BATCH stage=decode rows=8 tokens=8 us=1447
BATCH stage=decode rows=8 tokens=8 us=1452
BATCH stage=decode rows=8 tokens=8 us=1455
BATCH stage=decode rows=8 tokens=8 us=1449
BATCH stage=decode rows=7 tokens=7 us=1397
BATCH stage=prefill rows=1 tokens=16 us=2456
BATCH stage=decode rows=7 tokens=7 us=1399
BATCH stage=prefill rows=1 tokens=128 us=2938
BATCH stage=decode rows=8 tokens=8 us=1429
BATCH stage=decode rows=7 tokens=7 us=1392
BATCH stage=prefill rows=1 tokens=398 us=6665
BATCH stage=decode rows=8 tokens=8 us=1446
BATCH stage=decode rows=8 tokens=8 us=1422
BATCH stage=decode rows=8 tokens=8 us=1430
BATCH stage=decode rows=8 tokens=8 us=1439
BATCH stage=decode rows=8 tokens=8 us=1437
BATCH stage=decode rows=8 tokens=8 us=1425
BATCH stage=decode rows=8 tokens=8 us=1425
BATCH stage=decode rows=8 tokens=8 us=1424
BATCH stage=decode rows=8 tokens=8 us=1420
BATCH stage=decode rows=8 tokens=8 us=1435
BATCH stage=decode rows=8 tokens=8 us=1441
BATCH stage=decode rows=8 tokens=8 us=1435
BATCH stage=decode rows=8 tokens=8 us=1442
BATCH stage=decode rows=8 tokens=8 us=1442
BATCH stage=decode rows=8 tokens=8 us=1447
BATCH stage=decode rows=8 tokens=8 us=1460
BATCH stage=decode rows=8 tokens=8 us=1471
BATCH stage=decode rows=8 tokens=8 us=1450
BATCH stage=decode rows=8 tokens=8 us=1469
BATCH stage=decode rows=8 tokens=8 us=1454
BATCH stage=decode rows=8 tokens=8 us=1459
BATCH stage=decode rows=8 tokens=8 us=1453
BATCH stage=decode rows=8 tokens=8 us=1464
BATCH stage=decode rows=8 tokens=8 us=1450
BATCH stage=decode rows=8 tokens=8 us=1467
BATCH stage=decode rows=8 tokens=8 us=1454
BATCH stage=decode rows=8 tokens=8 us=1468
BATCH stage=decode rows=7 tokens=7 us=1403
BATCH stage=prefill rows=1 tokens=16 us=2455
BATCH stage=decode rows=7 tokens=7 us=1399
BATCH stage=prefill rows=1 tokens=128 us=2935
BATCH stage=decode rows=8 tokens=8 us=1424
BATCH stage=decode rows=7 tokens=7 us=1409
BATCH stage=prefill rows=1 tokens=398 us=6688
BATCH stage=decode rows=8 tokens=8 us=1501
BATCH stage=decode rows=8 tokens=8 us=1448
BATCH stage=decode rows=8 tokens=8 us=1439
BATCH stage=decode rows=8 tokens=8 us=1431
BATCH stage=decode rows=8 tokens=8 us=1421
BATCH stage=decode rows=8 tokens=8 us=1421
BATCH stage=decode rows=8 tokens=8 us=1420
BATCH stage=decode rows=8 tokens=8 us=1423
BATCH stage=decode rows=8 tokens=8 us=1422
BATCH stage=decode rows=8 tokens=8 us=1421
BATCH stage=decode rows=8 tokens=8 us=1420
BATCH stage=decode rows=8 tokens=8 us=1420
BATCH stage=decode rows=8 tokens=8 us=1422
BATCH stage=decode rows=8 tokens=8 us=1430
BATCH stage=decode rows=8 tokens=8 us=1452
BATCH stage=decode rows=8 tokens=8 us=1471
BATCH stage=decode rows=8 tokens=8 us=1469
BATCH stage=decode rows=8 tokens=8 us=1470
BATCH stage=decode rows=8 tokens=8 us=1465
BATCH stage=decode rows=8 tokens=8 us=1473
BATCH stage=decode rows=8 tokens=8 us=1472
BATCH stage=decode rows=8 tokens=8 us=1470
BATCH stage=decode rows=8 tokens=8 us=1461
BATCH stage=decode rows=8 tokens=8 us=1466
BATCH stage=decode rows=8 tokens=8 us=1463
BATCH stage=decode rows=8 tokens=8 us=1483
BATCH stage=decode rows=8 tokens=8 us=1461
BATCH stage=decode rows=7 tokens=7 us=1387
BATCH stage=prefill rows=1 tokens=16 us=2450
BATCH stage=decode rows=7 tokens=7 us=1388
BATCH stage=prefill rows=1 tokens=128 us=2924
BATCH stage=decode rows=8 tokens=8 us=1419
BATCH stage=decode rows=7 tokens=7 us=1379
BATCH stage=prefill rows=1 tokens=398 us=6677
BATCH stage=decode rows=8 tokens=8 us=1446
BATCH stage=decode rows=8 tokens=8 us=1443
BATCH stage=decode rows=8 tokens=8 us=1431
BATCH stage=decode rows=8 tokens=8 us=1436
BATCH stage=decode rows=8 tokens=8 us=1433
BATCH stage=decode rows=8 tokens=8 us=1432
BATCH stage=decode rows=8 tokens=8 us=1443
BATCH stage=decode rows=8 tokens=8 us=1432
BATCH stage=decode rows=8 tokens=8 us=1430
BATCH stage=decode rows=8 tokens=8 us=1436
BATCH stage=decode rows=8 tokens=8 us=1430
BATCH stage=decode rows=8 tokens=8 us=1432
BATCH stage=decode rows=8 tokens=8 us=1435
BATCH stage=decode rows=8 tokens=8 us=1430
BATCH stage=decode rows=8 tokens=8 us=1448
BATCH stage=decode rows=8 tokens=8 us=1449
BATCH stage=decode rows=8 tokens=8 us=1451
BATCH stage=decode rows=8 tokens=8 us=1442
BATCH stage=decode rows=8 tokens=8 us=1451
BATCH stage=decode rows=8 tokens=8 us=1449
BATCH stage=decode rows=8 tokens=8 us=1466
BATCH stage=decode rows=8 tokens=8 us=1463
BATCH stage=decode rows=8 tokens=8 us=1451
BATCH stage=decode rows=8 tokens=8 us=1465
BATCH stage=decode rows=8 tokens=8 us=1466
BATCH stage=decode rows=8 tokens=8 us=1448
BATCH stage=decode rows=8 tokens=8 us=1453
BATCH stage=decode rows=7 tokens=7 us=1435
BATCH stage=prefill rows=1 tokens=16 us=2458
BATCH stage=decode rows=7 tokens=7 us=1436
BATCH stage=prefill rows=1 tokens=128 us=2934
BATCH stage=decode rows=8 tokens=8 us=1459
BATCH stage=decode rows=7 tokens=7 us=1433
BATCH stage=prefill rows=1 tokens=398 us=6669
BATCH stage=decode rows=8 tokens=8 us=1461
BATCH stage=decode rows=8 tokens=8 us=1460
BATCH stage=decode rows=8 tokens=8 us=1446
BATCH stage=decode rows=7 tokens=7 us=1399
BATCH stage=prefill rows=1 tokens=16 us=2459
BATCH stage=decode rows=8 tokens=8 us=1422
BATCH stage=decode rows=8 tokens=8 us=1420
BATCH stage=decode rows=8 tokens=8 us=1423
BATCH stage=decode rows=8 tokens=8 us=1406
BATCH stage=decode rows=8 tokens=8 us=1417
BATCH stage=decode rows=8 tokens=8 us=1405
BATCH stage=decode rows=8 tokens=8 us=1404
BATCH stage=decode rows=8 tokens=8 us=1406
BATCH stage=decode rows=8 tokens=8 us=1406
BATCH stage=decode rows=8 tokens=8 us=1408
BATCH stage=decode rows=8 tokens=8 us=1407
BATCH stage=decode rows=8 tokens=8 us=1409
BATCH stage=decode rows=8 tokens=8 us=1405
BATCH stage=decode rows=8 tokens=8 us=1409
BATCH stage=decode rows=8 tokens=8 us=1416
BATCH stage=decode rows=8 tokens=8 us=1407
BATCH stage=decode rows=8 tokens=8 us=1410
BATCH stage=decode rows=8 tokens=8 us=1442
BATCH stage=decode rows=8 tokens=8 us=1454
BATCH stage=decode rows=8 tokens=8 us=1448
BATCH stage=decode rows=8 tokens=8 us=1448
BATCH stage=decode rows=8 tokens=8 us=1448
BATCH stage=decode rows=8 tokens=8 us=1448
BATCH stage=decode rows=8 tokens=8 us=1452
BATCH stage=decode rows=7 tokens=7 us=1431
BATCH stage=prefill rows=1 tokens=128 us=2939
BATCH stage=decode rows=8 tokens=8 us=1459
BATCH stage=decode rows=7 tokens=7 us=1419
BATCH stage=prefill rows=1 tokens=398 us=6666
BATCH stage=decode rows=8 tokens=8 us=1483
BATCH stage=decode rows=8 tokens=8 us=1471
BATCH stage=decode rows=8 tokens=8 us=1464
BATCH stage=decode rows=7 tokens=7 us=1394
BATCH stage=prefill rows=1 tokens=16 us=2453
BATCH stage=decode rows=7 tokens=7 us=1389
BATCH stage=prefill rows=1 tokens=128 us=2939
BATCH stage=decode rows=8 tokens=8 us=1423
BATCH stage=decode rows=8 tokens=8 us=1409
BATCH stage=decode rows=8 tokens=8 us=1418
BATCH stage=decode rows=8 tokens=8 us=1401
BATCH stage=decode rows=8 tokens=8 us=1416
BATCH stage=decode rows=8 tokens=8 us=1421
BATCH stage=decode rows=8 tokens=8 us=1413
BATCH stage=decode rows=8 tokens=8 us=1420
BATCH stage=decode rows=8 tokens=8 us=1414
BATCH stage=decode rows=8 tokens=8 us=1415
BATCH stage=decode rows=8 tokens=8 us=1408
BATCH stage=decode rows=8 tokens=8 us=1420
BATCH stage=decode rows=8 tokens=8 us=1425
BATCH stage=decode rows=8 tokens=8 us=1420
BATCH stage=decode rows=8 tokens=8 us=1410
BATCH stage=decode rows=8 tokens=8 us=1412
BATCH stage=decode rows=8 tokens=8 us=1439
BATCH stage=decode rows=8 tokens=8 us=1459
BATCH stage=decode rows=8 tokens=8 us=1463
BATCH stage=decode rows=8 tokens=8 us=1462
BATCH stage=decode rows=8 tokens=8 us=1461
BATCH stage=decode rows=8 tokens=8 us=1463
BATCH stage=decode rows=8 tokens=8 us=1462
BATCH stage=decode rows=8 tokens=8 us=1455
BATCH stage=decode rows=8 tokens=8 us=1462
BATCH stage=decode rows=7 tokens=7 us=1433
BATCH stage=prefill rows=1 tokens=398 us=6670
BATCH stage=decode rows=8 tokens=8 us=1467
BATCH stage=decode rows=8 tokens=8 us=1464
BATCH stage=decode rows=8 tokens=8 us=1465
BATCH stage=decode rows=7 tokens=7 us=1391
BATCH stage=prefill rows=1 tokens=16 us=2468
BATCH stage=decode rows=7 tokens=7 us=1396
BATCH stage=prefill rows=1 tokens=128 us=2917
BATCH stage=decode rows=8 tokens=8 us=1421
BATCH stage=decode rows=8 tokens=8 us=1425
BATCH stage=decode rows=8 tokens=8 us=1407
BATCH stage=decode rows=8 tokens=8 us=1433
BATCH stage=decode rows=8 tokens=8 us=1432
BATCH stage=decode rows=8 tokens=8 us=1431
BATCH stage=decode rows=8 tokens=8 us=1410
BATCH stage=decode rows=8 tokens=8 us=1409
BATCH stage=decode rows=8 tokens=8 us=1419
BATCH stage=decode rows=8 tokens=8 us=1416
BATCH stage=decode rows=8 tokens=8 us=1422
BATCH stage=decode rows=8 tokens=8 us=1418
BATCH stage=decode rows=8 tokens=8 us=1422
BATCH stage=decode rows=8 tokens=8 us=1410
BATCH stage=decode rows=8 tokens=8 us=1418
BATCH stage=decode rows=8 tokens=8 us=1418
BATCH stage=decode rows=8 tokens=8 us=1436
BATCH stage=decode rows=8 tokens=8 us=1450
BATCH stage=decode rows=8 tokens=8 us=1451
BATCH stage=decode rows=8 tokens=8 us=1443
BATCH stage=decode rows=8 tokens=8 us=1445
BATCH stage=decode rows=8 tokens=8 us=1456
BATCH stage=decode rows=8 tokens=8 us=1447
BATCH stage=decode rows=8 tokens=8 us=1461
BATCH stage=decode rows=8 tokens=8 us=1455
BATCH stage=decode rows=7 tokens=7 us=1429
BATCH stage=prefill rows=1 tokens=398 us=6660
BATCH stage=decode rows=8 tokens=8 us=1466
BATCH stage=decode rows=8 tokens=8 us=1457
BATCH stage=decode rows=8 tokens=8 us=1463
BATCH stage=decode rows=7 tokens=7 us=1406
BATCH stage=prefill rows=1 tokens=16 us=2460
BATCH stage=decode rows=7 tokens=7 us=1396
BATCH stage=prefill rows=1 tokens=128 us=2934
BATCH stage=decode rows=8 tokens=8 us=1417
BATCH stage=decode rows=7 tokens=7 us=1389
BATCH stage=prefill rows=1 tokens=398 us=6680
BATCH stage=decode rows=8 tokens=8 us=1430
BATCH stage=decode rows=8 tokens=8 us=1419
BATCH stage=decode rows=8 tokens=8 us=1428
BATCH stage=decode rows=8 tokens=8 us=1418
BATCH stage=decode rows=8 tokens=8 us=1436
BATCH stage=decode rows=8 tokens=8 us=1429
BATCH stage=decode rows=8 tokens=8 us=1433
BATCH stage=decode rows=8 tokens=8 us=1417
BATCH stage=decode rows=8 tokens=8 us=1422
BATCH stage=decode rows=8 tokens=8 us=1421
BATCH stage=decode rows=8 tokens=8 us=1434
BATCH stage=decode rows=8 tokens=8 us=1440
BATCH stage=decode rows=8 tokens=8 us=1427
BATCH stage=decode rows=8 tokens=8 us=1439
BATCH stage=decode rows=8 tokens=8 us=1455
BATCH stage=decode rows=8 tokens=8 us=1459
BATCH stage=decode rows=8 tokens=8 us=1455
BATCH stage=decode rows=8 tokens=8 us=1465
BATCH stage=decode rows=8 tokens=8 us=1466
BATCH stage=decode rows=8 tokens=8 us=1451
BATCH stage=decode rows=8 tokens=8 us=1449
BATCH stage=decode rows=8 tokens=8 us=1463
BATCH stage=decode rows=8 tokens=8 us=1450
BATCH stage=decode rows=8 tokens=8 us=1454
BATCH stage=decode rows=8 tokens=8 us=1459
BATCH stage=decode rows=8 tokens=8 us=1457
BATCH stage=decode rows=8 tokens=8 us=1457
BATCH stage=decode rows=7 tokens=7 us=1386
BATCH stage=prefill rows=1 tokens=16 us=2461
BATCH stage=decode rows=7 tokens=7 us=1385
BATCH stage=prefill rows=1 tokens=128 us=2928
BATCH stage=decode rows=8 tokens=8 us=1415
BATCH stage=decode rows=7 tokens=7 us=1381
BATCH stage=prefill rows=1 tokens=398 us=6691
BATCH stage=decode rows=8 tokens=8 us=1449
BATCH stage=decode rows=8 tokens=8 us=1426
BATCH stage=decode rows=8 tokens=8 us=1434
BATCH stage=decode rows=8 tokens=8 us=1426
BATCH stage=decode rows=8 tokens=8 us=1432
BATCH stage=decode rows=8 tokens=8 us=1425
BATCH stage=decode rows=8 tokens=8 us=1424
BATCH stage=decode rows=8 tokens=8 us=1432
BATCH stage=decode rows=8 tokens=8 us=1453
BATCH stage=decode rows=8 tokens=8 us=1440
BATCH stage=decode rows=8 tokens=8 us=1430
BATCH stage=decode rows=8 tokens=8 us=1446
BATCH stage=decode rows=8 tokens=8 us=1452
BATCH stage=decode rows=8 tokens=8 us=1448
BATCH stage=decode rows=8 tokens=8 us=1482
BATCH stage=decode rows=8 tokens=8 us=1467
BATCH stage=decode rows=8 tokens=8 us=1463
BATCH stage=decode rows=8 tokens=8 us=1460
BATCH stage=decode rows=8 tokens=8 us=1472
BATCH stage=decode rows=8 tokens=8 us=1470
BATCH stage=decode rows=8 tokens=8 us=1466
BATCH stage=decode rows=8 tokens=8 us=1474
BATCH stage=decode rows=8 tokens=8 us=1471
BATCH stage=decode rows=8 tokens=8 us=1473
BATCH stage=decode rows=8 tokens=8 us=1470
BATCH stage=decode rows=8 tokens=8 us=1476
BATCH stage=decode rows=8 tokens=8 us=1476
BATCH stage=decode rows=7 tokens=7 us=1413
BATCH stage=prefill rows=1 tokens=16 us=2468
BATCH stage=decode rows=7 tokens=7 us=1410
BATCH stage=prefill rows=1 tokens=128 us=2955
BATCH stage=decode rows=8 tokens=8 us=1434
BATCH stage=decode rows=7 tokens=7 us=1391
BATCH stage=prefill rows=1 tokens=398 us=6679
BATCH stage=decode rows=8 tokens=8 us=1443
BATCH stage=decode rows=8 tokens=8 us=1435
BATCH stage=decode rows=8 tokens=8 us=1418
BATCH stage=decode rows=8 tokens=8 us=1418
BATCH stage=decode rows=8 tokens=8 us=1432
BATCH stage=decode rows=8 tokens=8 us=1432
BATCH stage=decode rows=8 tokens=8 us=1428
BATCH stage=decode rows=8 tokens=8 us=1416
BATCH stage=decode rows=8 tokens=8 us=1427
BATCH stage=decode rows=8 tokens=8 us=1438
BATCH stage=decode rows=8 tokens=8 us=1438
BATCH stage=decode rows=8 tokens=8 us=1430
BATCH stage=decode rows=8 tokens=8 us=1428
BATCH stage=decode rows=8 tokens=8 us=1442
BATCH stage=decode rows=8 tokens=8 us=1452
BATCH stage=decode rows=8 tokens=8 us=1468
BATCH stage=decode rows=8 tokens=8 us=1469
BATCH stage=decode rows=8 tokens=8 us=1467
BATCH stage=decode rows=8 tokens=8 us=1466
BATCH stage=decode rows=8 tokens=8 us=1459
BATCH stage=decode rows=8 tokens=8 us=1461
BATCH stage=decode rows=8 tokens=8 us=1456
BATCH stage=decode rows=8 tokens=8 us=1461
BATCH stage=decode rows=8 tokens=8 us=1464
BATCH stage=decode rows=8 tokens=8 us=1465
BATCH stage=decode rows=8 tokens=8 us=1464
BATCH stage=decode rows=8 tokens=8 us=1465
BATCH stage=decode rows=7 tokens=7 us=1397
BATCH stage=prefill rows=1 tokens=16 us=2463
BATCH stage=decode rows=7 tokens=7 us=1403
BATCH stage=prefill rows=1 tokens=128 us=2928
BATCH stage=decode rows=8 tokens=8 us=1426
BATCH stage=decode rows=7 tokens=7 us=1377
BATCH stage=prefill rows=1 tokens=398 us=6674
BATCH stage=decode rows=8 tokens=8 us=1453
BATCH stage=decode rows=8 tokens=8 us=1427
BATCH stage=decode rows=8 tokens=8 us=1440
BATCH stage=decode rows=8 tokens=8 us=1439
BATCH stage=decode rows=8 tokens=8 us=1441
BATCH stage=decode rows=8 tokens=8 us=1433
BATCH stage=decode rows=8 tokens=8 us=1437
BATCH stage=decode rows=8 tokens=8 us=1417
BATCH stage=decode rows=8 tokens=8 us=1420
BATCH stage=decode rows=8 tokens=8 us=1437
BATCH stage=decode rows=8 tokens=8 us=1430
BATCH stage=decode rows=8 tokens=8 us=1427
BATCH stage=decode rows=8 tokens=8 us=1444
BATCH stage=decode rows=8 tokens=8 us=1422
BATCH stage=decode rows=8 tokens=8 us=1447
BATCH stage=decode rows=8 tokens=8 us=1469
BATCH stage=decode rows=8 tokens=8 us=1466
BATCH stage=decode rows=8 tokens=8 us=1460
BATCH stage=decode rows=8 tokens=8 us=1462
BATCH stage=decode rows=8 tokens=8 us=1465
BATCH stage=decode rows=8 tokens=8 us=1470
BATCH stage=decode rows=8 tokens=8 us=1465
BATCH stage=decode rows=8 tokens=8 us=1465
BATCH stage=decode rows=8 tokens=8 us=1454
BATCH stage=decode rows=8 tokens=8 us=1461
BATCH stage=decode rows=8 tokens=8 us=1465
BATCH stage=decode rows=8 tokens=8 us=1463
BATCH stage=decode rows=7 tokens=7 us=1446
BATCH stage=prefill rows=1 tokens=16 us=2461
BATCH stage=decode rows=7 tokens=7 us=1431
BATCH stage=prefill rows=1 tokens=128 us=2927
BATCH stage=decode rows=8 tokens=8 us=1466
BATCH stage=decode rows=7 tokens=7 us=1434
BATCH stage=prefill rows=1 tokens=398 us=6678
BATCH stage=decode rows=8 tokens=8 us=1474
BATCH stage=decode rows=8 tokens=8 us=1465
BATCH stage=decode rows=8 tokens=8 us=1467
BATCH stage=decode rows=7 tokens=7 us=1406
BATCH stage=prefill rows=1 tokens=16 us=2469
BATCH stage=decode rows=8 tokens=8 us=1422
BATCH stage=decode rows=8 tokens=8 us=1421
BATCH stage=decode rows=8 tokens=8 us=1425
BATCH stage=decode rows=8 tokens=8 us=1420
BATCH stage=decode rows=8 tokens=8 us=1419
BATCH stage=decode rows=8 tokens=8 us=1440
BATCH stage=decode rows=8 tokens=8 us=1429
BATCH stage=decode rows=8 tokens=8 us=1418
BATCH stage=decode rows=8 tokens=8 us=1412
BATCH stage=decode rows=8 tokens=8 us=1412
BATCH stage=decode rows=8 tokens=8 us=1448
BATCH stage=decode rows=8 tokens=8 us=1431
BATCH stage=decode rows=8 tokens=8 us=1425
BATCH stage=decode rows=8 tokens=8 us=1419
BATCH stage=decode rows=8 tokens=8 us=1416
BATCH stage=decode rows=8 tokens=8 us=1419
BATCH stage=decode rows=8 tokens=8 us=1421
BATCH stage=decode rows=8 tokens=8 us=1431
BATCH stage=decode rows=8 tokens=8 us=1448
BATCH stage=decode rows=8 tokens=8 us=1446
BATCH stage=decode rows=8 tokens=8 us=1449
BATCH stage=decode rows=8 tokens=8 us=1455
BATCH stage=decode rows=8 tokens=8 us=1455
BATCH stage=decode rows=8 tokens=8 us=1464
BATCH stage=decode rows=7 tokens=7 us=1429
BATCH stage=prefill rows=1 tokens=128 us=2942
BATCH stage=decode rows=8 tokens=8 us=1449
BATCH stage=decode rows=7 tokens=7 us=1420
BATCH stage=prefill rows=1 tokens=398 us=6675
BATCH stage=decode rows=8 tokens=8 us=1480
BATCH stage=decode rows=8 tokens=8 us=1476
BATCH stage=decode rows=8 tokens=8 us=1474
BATCH stage=decode rows=7 tokens=7 us=1415
BATCH stage=prefill rows=1 tokens=16 us=2460
BATCH stage=decode rows=7 tokens=7 us=1400
BATCH stage=prefill rows=1 tokens=128 us=2941
BATCH stage=decode rows=8 tokens=8 us=1428
BATCH stage=decode rows=8 tokens=8 us=1426
BATCH stage=decode rows=8 tokens=8 us=1416
BATCH stage=decode rows=8 tokens=8 us=1409
BATCH stage=decode rows=8 tokens=8 us=1421
BATCH stage=decode rows=8 tokens=8 us=1424
BATCH stage=decode rows=8 tokens=8 us=1419
BATCH stage=decode rows=8 tokens=8 us=1420
BATCH stage=decode rows=8 tokens=8 us=1419
BATCH stage=decode rows=8 tokens=8 us=1405
BATCH stage=decode rows=8 tokens=8 us=1425
BATCH stage=decode rows=8 tokens=8 us=1421
BATCH stage=decode rows=8 tokens=8 us=1418
BATCH stage=decode rows=8 tokens=8 us=1425
BATCH stage=decode rows=8 tokens=8 us=1417
BATCH stage=decode rows=8 tokens=8 us=1419
BATCH stage=decode rows=8 tokens=8 us=1439
BATCH stage=decode rows=8 tokens=8 us=1460
BATCH stage=decode rows=8 tokens=8 us=1458
BATCH stage=decode rows=8 tokens=8 us=1462
BATCH stage=decode rows=8 tokens=8 us=1464
BATCH stage=decode rows=8 tokens=8 us=1465
BATCH stage=decode rows=8 tokens=8 us=1450
BATCH stage=decode rows=8 tokens=8 us=1451
BATCH stage=decode rows=8 tokens=8 us=1448
BATCH stage=decode rows=7 tokens=7 us=1432
BATCH stage=prefill rows=1 tokens=398 us=6688
BATCH stage=decode rows=8 tokens=8 us=1465
BATCH stage=decode rows=8 tokens=8 us=1459
BATCH stage=decode rows=8 tokens=8 us=1454
BATCH stage=decode rows=7 tokens=7 us=1391
BATCH stage=prefill rows=1 tokens=16 us=2461
BATCH stage=decode rows=7 tokens=7 us=1411
BATCH stage=prefill rows=1 tokens=128 us=2936
BATCH stage=decode rows=8 tokens=8 us=1430
BATCH stage=decode rows=8 tokens=8 us=1426
BATCH stage=decode rows=8 tokens=8 us=1424
BATCH stage=decode rows=8 tokens=8 us=1419
BATCH stage=decode rows=8 tokens=8 us=1411
BATCH stage=decode rows=8 tokens=8 us=1427
BATCH stage=decode rows=8 tokens=8 us=1419
BATCH stage=decode rows=8 tokens=8 us=1415
BATCH stage=decode rows=8 tokens=8 us=1406
BATCH stage=decode rows=8 tokens=8 us=1424
BATCH stage=decode rows=8 tokens=8 us=1421
BATCH stage=decode rows=8 tokens=8 us=1427
BATCH stage=decode rows=8 tokens=8 us=1422
BATCH stage=decode rows=8 tokens=8 us=1413
BATCH stage=decode rows=8 tokens=8 us=1417
BATCH stage=decode rows=8 tokens=8 us=1417
BATCH stage=decode rows=8 tokens=8 us=1456
BATCH stage=decode rows=8 tokens=8 us=1456
BATCH stage=decode rows=8 tokens=8 us=1463
BATCH stage=decode rows=8 tokens=8 us=1466
BATCH stage=decode rows=8 tokens=8 us=1465
BATCH stage=decode rows=8 tokens=8 us=1464
BATCH stage=decode rows=8 tokens=8 us=1470
BATCH stage=decode rows=8 tokens=8 us=1449
BATCH stage=decode rows=8 tokens=8 us=1459
BATCH stage=decode rows=7 tokens=7 us=1427
BATCH stage=prefill rows=1 tokens=398 us=6655
BATCH stage=decode rows=8 tokens=8 us=1470
BATCH stage=decode rows=8 tokens=8 us=1473
BATCH stage=decode rows=8 tokens=8 us=1462
BATCH stage=decode rows=7 tokens=7 us=1396
BATCH stage=prefill rows=1 tokens=16 us=2448
BATCH stage=decode rows=7 tokens=7 us=1393
BATCH stage=prefill rows=1 tokens=128 us=2942
BATCH stage=decode rows=8 tokens=8 us=1419
BATCH stage=decode rows=7 tokens=7 us=1386
BATCH stage=prefill rows=1 tokens=398 us=6705
BATCH stage=decode rows=8 tokens=8 us=1446
BATCH stage=decode rows=8 tokens=8 us=1425
BATCH stage=decode rows=8 tokens=8 us=1432
BATCH stage=decode rows=8 tokens=8 us=1430
BATCH stage=decode rows=8 tokens=8 us=1431
BATCH stage=decode rows=8 tokens=8 us=1439
BATCH stage=decode rows=8 tokens=8 us=1435
BATCH stage=decode rows=8 tokens=8 us=1432
BATCH stage=decode rows=8 tokens=8 us=1434
BATCH stage=decode rows=8 tokens=8 us=1433
BATCH stage=decode rows=8 tokens=8 us=1433
BATCH stage=decode rows=8 tokens=8 us=1437
BATCH stage=decode rows=8 tokens=8 us=1429
BATCH stage=decode rows=8 tokens=8 us=1439
BATCH stage=decode rows=8 tokens=8 us=1454
BATCH stage=decode rows=8 tokens=8 us=1468
BATCH stage=decode rows=8 tokens=8 us=1461
BATCH stage=decode rows=8 tokens=8 us=1476
BATCH stage=decode rows=8 tokens=8 us=1479
BATCH stage=decode rows=8 tokens=8 us=1453
BATCH stage=decode rows=8 tokens=8 us=1456
BATCH stage=decode rows=8 tokens=8 us=1460
BATCH stage=decode rows=8 tokens=8 us=1459
BATCH stage=decode rows=8 tokens=8 us=1465
BATCH stage=decode rows=8 tokens=8 us=1453
BATCH stage=decode rows=8 tokens=8 us=1464
BATCH stage=decode rows=8 tokens=8 us=1449
BATCH stage=decode rows=7 tokens=7 us=1389
BATCH stage=prefill rows=1 tokens=16 us=2453
BATCH stage=decode rows=7 tokens=7 us=1413
BATCH stage=prefill rows=1 tokens=128 us=2932
BATCH stage=decode rows=8 tokens=8 us=1427
BATCH stage=decode rows=7 tokens=7 us=1395
BATCH stage=prefill rows=1 tokens=398 us=6671
BATCH stage=decode rows=8 tokens=8 us=1458
BATCH stage=decode rows=8 tokens=8 us=1424
BATCH stage=decode rows=8 tokens=8 us=1422
BATCH stage=decode rows=8 tokens=8 us=1423
BATCH stage=decode rows=8 tokens=8 us=1437
BATCH stage=decode rows=8 tokens=8 us=1432
BATCH stage=decode rows=8 tokens=8 us=1417
BATCH stage=decode rows=8 tokens=8 us=1419
BATCH stage=decode rows=8 tokens=8 us=1418
BATCH stage=decode rows=8 tokens=8 us=1423
BATCH stage=decode rows=8 tokens=8 us=1424
BATCH stage=decode rows=8 tokens=8 us=1436
BATCH stage=decode rows=8 tokens=8 us=1427
BATCH stage=decode rows=8 tokens=8 us=1440
BATCH stage=decode rows=8 tokens=8 us=1458
BATCH stage=decode rows=8 tokens=8 us=1460
BATCH stage=decode rows=8 tokens=8 us=1450
BATCH stage=decode rows=8 tokens=8 us=1466
BATCH stage=decode rows=8 tokens=8 us=1455
BATCH stage=decode rows=8 tokens=8 us=1468
BATCH stage=decode rows=8 tokens=8 us=1467
BATCH stage=decode rows=8 tokens=8 us=1470
BATCH stage=decode rows=8 tokens=8 us=1480
BATCH stage=decode rows=8 tokens=8 us=1457
BATCH stage=decode rows=8 tokens=8 us=1455
BATCH stage=decode rows=8 tokens=8 us=1473
BATCH stage=decode rows=8 tokens=8 us=1455
BATCH stage=decode rows=7 tokens=7 us=1398
BATCH stage=prefill rows=1 tokens=16 us=2460
BATCH stage=decode rows=7 tokens=7 us=1388
BATCH stage=prefill rows=1 tokens=128 us=2938
BATCH stage=decode rows=8 tokens=8 us=1430
BATCH stage=decode rows=7 tokens=7 us=1382
BATCH stage=prefill rows=1 tokens=398 us=6676
BATCH stage=decode rows=8 tokens=8 us=1444
BATCH stage=decode rows=8 tokens=8 us=1437
BATCH stage=decode rows=8 tokens=8 us=1436
BATCH stage=decode rows=8 tokens=8 us=1436
BATCH stage=decode rows=8 tokens=8 us=1432
BATCH stage=decode rows=8 tokens=8 us=1442
BATCH stage=decode rows=8 tokens=8 us=1426
BATCH stage=decode rows=8 tokens=8 us=1438
BATCH stage=decode rows=8 tokens=8 us=1438
BATCH stage=decode rows=8 tokens=8 us=1446
BATCH stage=decode rows=8 tokens=8 us=1445
BATCH stage=decode rows=8 tokens=8 us=1429
BATCH stage=decode rows=8 tokens=8 us=1441
BATCH stage=decode rows=8 tokens=8 us=1424
BATCH stage=decode rows=8 tokens=8 us=1450
BATCH stage=decode rows=8 tokens=8 us=1451
BATCH stage=decode rows=8 tokens=8 us=1476
BATCH stage=decode rows=8 tokens=8 us=1470
BATCH stage=decode rows=8 tokens=8 us=1476
BATCH stage=decode rows=8 tokens=8 us=1472
BATCH stage=decode rows=8 tokens=8 us=1472
BATCH stage=decode rows=8 tokens=8 us=1454
BATCH stage=decode rows=8 tokens=8 us=1468
BATCH stage=decode rows=8 tokens=8 us=1462
BATCH stage=decode rows=8 tokens=8 us=1471
BATCH stage=decode rows=8 tokens=8 us=1450
BATCH stage=decode rows=8 tokens=8 us=1460
BATCH stage=decode rows=7 tokens=7 us=1391
BATCH stage=prefill rows=1 tokens=16 us=2448
BATCH stage=decode rows=7 tokens=7 us=1388
BATCH stage=prefill rows=1 tokens=128 us=2926
BATCH stage=decode rows=8 tokens=8 us=1417
BATCH stage=decode rows=7 tokens=7 us=1383
BATCH stage=prefill rows=1 tokens=398 us=6670
BATCH stage=decode rows=8 tokens=8 us=1440
BATCH stage=decode rows=8 tokens=8 us=1420
BATCH stage=decode rows=8 tokens=8 us=1427
BATCH stage=decode rows=8 tokens=8 us=1423
BATCH stage=decode rows=8 tokens=8 us=1425
BATCH stage=decode rows=8 tokens=8 us=1418
BATCH stage=decode rows=8 tokens=8 us=1420
BATCH stage=decode rows=8 tokens=8 us=1422
BATCH stage=decode rows=8 tokens=8 us=1417
BATCH stage=decode rows=8 tokens=8 us=1426
BATCH stage=decode rows=8 tokens=8 us=1424
BATCH stage=decode rows=8 tokens=8 us=1431
BATCH stage=decode rows=8 tokens=8 us=1418
BATCH stage=decode rows=8 tokens=8 us=1429
BATCH stage=decode rows=8 tokens=8 us=1445
BATCH stage=decode rows=8 tokens=8 us=1459
BATCH stage=decode rows=8 tokens=8 us=1454
BATCH stage=decode rows=8 tokens=8 us=1451
BATCH stage=decode rows=8 tokens=8 us=1450
BATCH stage=decode rows=8 tokens=8 us=1458
BATCH stage=decode rows=8 tokens=8 us=1462
BATCH stage=decode rows=8 tokens=8 us=1463
BATCH stage=decode rows=8 tokens=8 us=1470
BATCH stage=decode rows=8 tokens=8 us=1462
BATCH stage=decode rows=8 tokens=8 us=1470
BATCH stage=decode rows=8 tokens=8 us=1469
BATCH stage=decode rows=8 tokens=8 us=1464
BATCH stage=decode rows=7 tokens=7 us=1424
BATCH stage=prefill rows=1 tokens=16 us=2458
BATCH stage=decode rows=7 tokens=7 us=1437
BATCH stage=prefill rows=1 tokens=128 us=2939
BATCH stage=decode rows=8 tokens=8 us=1458
BATCH stage=decode rows=7 tokens=7 us=1420
BATCH stage=prefill rows=1 tokens=398 us=6685
BATCH stage=decode rows=8 tokens=8 us=1473
BATCH stage=decode rows=8 tokens=8 us=1464
BATCH stage=decode rows=8 tokens=8 us=1452
BATCH stage=decode rows=7 tokens=7 us=1390
BATCH stage=prefill rows=1 tokens=16 us=2469
BATCH stage=decode rows=8 tokens=8 us=1425
BATCH stage=decode rows=8 tokens=8 us=1424
BATCH stage=decode rows=8 tokens=8 us=1424
BATCH stage=decode rows=8 tokens=8 us=1413
BATCH stage=decode rows=8 tokens=8 us=1419
BATCH stage=decode rows=8 tokens=8 us=1423
BATCH stage=decode rows=8 tokens=8 us=1492
BATCH stage=decode rows=8 tokens=8 us=1558
BATCH stage=decode rows=8 tokens=8 us=1441
BATCH stage=decode rows=8 tokens=8 us=1424
BATCH stage=decode rows=8 tokens=8 us=1418
BATCH stage=decode rows=8 tokens=8 us=1420
BATCH stage=decode rows=8 tokens=8 us=1420
BATCH stage=decode rows=8 tokens=8 us=1420
BATCH stage=decode rows=8 tokens=8 us=1434
BATCH stage=decode rows=8 tokens=8 us=1434
BATCH stage=decode rows=8 tokens=8 us=1437
BATCH stage=decode rows=8 tokens=8 us=1456
BATCH stage=decode rows=8 tokens=8 us=1472
BATCH stage=decode rows=8 tokens=8 us=1465
BATCH stage=decode rows=8 tokens=8 us=1469
BATCH stage=decode rows=8 tokens=8 us=1472
BATCH stage=decode rows=8 tokens=8 us=1463
BATCH stage=decode rows=8 tokens=8 us=1463
BATCH stage=decode rows=7 tokens=7 us=1448
BATCH stage=prefill rows=1 tokens=128 us=2962
BATCH stage=decode rows=8 tokens=8 us=1465
BATCH stage=decode rows=7 tokens=7 us=1444
BATCH stage=prefill rows=1 tokens=398 us=6664
BATCH stage=decode rows=8 tokens=8 us=1472
BATCH stage=decode rows=8 tokens=8 us=1466
BATCH stage=decode rows=8 tokens=8 us=1466
BATCH stage=decode rows=7 tokens=7 us=1391
BATCH stage=prefill rows=1 tokens=16 us=2440
BATCH stage=decode rows=7 tokens=7 us=1392
BATCH stage=prefill rows=1 tokens=128 us=2932
BATCH stage=decode rows=8 tokens=8 us=1426
BATCH stage=decode rows=8 tokens=8 us=1432
BATCH stage=decode rows=8 tokens=8 us=1422
BATCH stage=decode rows=8 tokens=8 us=1430
BATCH stage=decode rows=8 tokens=8 us=1411
BATCH stage=decode rows=8 tokens=8 us=1415
BATCH stage=decode rows=8 tokens=8 us=1413
BATCH stage=decode rows=8 tokens=8 us=1429
BATCH stage=decode rows=8 tokens=8 us=1421
BATCH stage=decode rows=8 tokens=8 us=1414
BATCH stage=decode rows=8 tokens=8 us=1411
BATCH stage=decode rows=8 tokens=8 us=1422
BATCH stage=decode rows=8 tokens=8 us=1424
BATCH stage=decode rows=8 tokens=8 us=1422
BATCH stage=decode rows=8 tokens=8 us=1425
BATCH stage=decode rows=8 tokens=8 us=1426
BATCH stage=decode rows=8 tokens=8 us=1442
BATCH stage=decode rows=8 tokens=8 us=1463
BATCH stage=decode rows=8 tokens=8 us=1456
BATCH stage=decode rows=8 tokens=8 us=1447
BATCH stage=decode rows=8 tokens=8 us=1457
BATCH stage=decode rows=8 tokens=8 us=1464
BATCH stage=decode rows=8 tokens=8 us=1458
BATCH stage=decode rows=8 tokens=8 us=1453
BATCH stage=decode rows=8 tokens=8 us=1453
BATCH stage=decode rows=7 tokens=7 us=1432
BATCH stage=prefill rows=1 tokens=398 us=6641
BATCH stage=decode rows=8 tokens=8 us=1472
BATCH stage=decode rows=8 tokens=8 us=1459
BATCH stage=decode rows=8 tokens=8 us=1466
BATCH stage=decode rows=7 tokens=7 us=1404
BATCH stage=prefill rows=1 tokens=16 us=2459
BATCH stage=decode rows=7 tokens=7 us=1396
BATCH stage=prefill rows=1 tokens=128 us=2937
BATCH stage=decode rows=8 tokens=8 us=1430
BATCH stage=decode rows=8 tokens=8 us=1430
BATCH stage=decode rows=8 tokens=8 us=1424
BATCH stage=decode rows=8 tokens=8 us=1420
BATCH stage=decode rows=8 tokens=8 us=1423
BATCH stage=decode rows=8 tokens=8 us=1426
BATCH stage=decode rows=8 tokens=8 us=1408
BATCH stage=decode rows=8 tokens=8 us=1424
BATCH stage=decode rows=8 tokens=8 us=1422
BATCH stage=decode rows=8 tokens=8 us=1416
BATCH stage=decode rows=8 tokens=8 us=1427
BATCH stage=decode rows=8 tokens=8 us=1417
BATCH stage=decode rows=8 tokens=8 us=1425
BATCH stage=decode rows=8 tokens=8 us=1424
BATCH stage=decode rows=8 tokens=8 us=1420
BATCH stage=decode rows=8 tokens=8 us=1420
BATCH stage=decode rows=8 tokens=8 us=1445
BATCH stage=decode rows=8 tokens=8 us=1463
BATCH stage=decode rows=8 tokens=8 us=1438
BATCH stage=decode rows=8 tokens=8 us=1444
BATCH stage=decode rows=8 tokens=8 us=1445
BATCH stage=decode rows=8 tokens=8 us=1463
BATCH stage=decode rows=8 tokens=8 us=1462
BATCH stage=decode rows=8 tokens=8 us=1451
BATCH stage=decode rows=8 tokens=8 us=1459
BATCH stage=decode rows=7 tokens=7 us=1435
BATCH stage=prefill rows=1 tokens=398 us=6649
BATCH stage=decode rows=8 tokens=8 us=1463
BATCH stage=decode rows=8 tokens=8 us=1463
BATCH stage=decode rows=8 tokens=8 us=1466
BATCH stage=decode rows=7 tokens=7 us=1395
BATCH stage=prefill rows=1 tokens=16 us=2465
BATCH stage=decode rows=7 tokens=7 us=1399
BATCH stage=prefill rows=1 tokens=128 us=2934
BATCH stage=decode rows=8 tokens=8 us=1419
BATCH stage=decode rows=7 tokens=7 us=1402
BATCH stage=prefill rows=1 tokens=398 us=6672
BATCH stage=decode rows=8 tokens=8 us=1443
BATCH stage=decode rows=8 tokens=8 us=1436
BATCH stage=decode rows=8 tokens=8 us=1435
BATCH stage=decode rows=8 tokens=8 us=1421
BATCH stage=decode rows=8 tokens=8 us=1432
BATCH stage=decode rows=8 tokens=8 us=1430
BATCH stage=decode rows=8 tokens=8 us=1432
BATCH stage=decode rows=8 tokens=8 us=1431
BATCH stage=decode rows=8 tokens=8 us=1421
BATCH stage=decode rows=8 tokens=8 us=1415
BATCH stage=decode rows=8 tokens=8 us=1418
BATCH stage=decode rows=8 tokens=8 us=1427
BATCH stage=decode rows=8 tokens=8 us=1422
BATCH stage=decode rows=8 tokens=8 us=1418
BATCH stage=decode rows=8 tokens=8 us=1439
BATCH stage=decode rows=8 tokens=8 us=1443
BATCH stage=decode rows=8 tokens=8 us=1446
BATCH stage=decode rows=8 tokens=8 us=1445
BATCH stage=decode rows=8 tokens=8 us=1452
BATCH stage=decode rows=8 tokens=8 us=1459
BATCH stage=decode rows=8 tokens=8 us=1453
BATCH stage=decode rows=8 tokens=8 us=1450
BATCH stage=decode rows=8 tokens=8 us=1457
BATCH stage=decode rows=8 tokens=8 us=1442
BATCH stage=decode rows=8 tokens=8 us=1452
BATCH stage=decode rows=8 tokens=8 us=1454
BATCH stage=decode rows=8 tokens=8 us=1444
BATCH stage=decode rows=7 tokens=7 us=1387
BATCH stage=prefill rows=1 tokens=16 us=2451
BATCH stage=decode rows=7 tokens=7 us=1402
BATCH stage=prefill rows=1 tokens=128 us=2935
BATCH stage=decode rows=8 tokens=8 us=1420
BATCH stage=decode rows=7 tokens=7 us=1395
BATCH stage=prefill rows=1 tokens=398 us=6654
BATCH stage=decode rows=8 tokens=8 us=1436
BATCH stage=decode rows=8 tokens=8 us=1418
BATCH stage=decode rows=8 tokens=8 us=1419
BATCH stage=decode rows=8 tokens=8 us=1428
BATCH stage=decode rows=8 tokens=8 us=1422
BATCH stage=decode rows=8 tokens=8 us=1416
BATCH stage=decode rows=8 tokens=8 us=1417
BATCH stage=decode rows=8 tokens=8 us=1415
BATCH stage=decode rows=8 tokens=8 us=1418
BATCH stage=decode rows=8 tokens=8 us=1414
BATCH stage=decode rows=8 tokens=8 us=1416
BATCH stage=decode rows=8 tokens=8 us=1415
BATCH stage=decode rows=8 tokens=8 us=1428
BATCH stage=decode rows=8 tokens=8 us=1422
BATCH stage=decode rows=8 tokens=8 us=1435
BATCH stage=decode rows=8 tokens=8 us=1457
BATCH stage=decode rows=8 tokens=8 us=1461
BATCH stage=decode rows=8 tokens=8 us=1453
BATCH stage=decode rows=8 tokens=8 us=1443
BATCH stage=decode rows=8 tokens=8 us=1445
BATCH stage=decode rows=8 tokens=8 us=1453
BATCH stage=decode rows=8 tokens=8 us=1452
BATCH stage=decode rows=8 tokens=8 us=1446
BATCH stage=decode rows=8 tokens=8 us=1441
BATCH stage=decode rows=8 tokens=8 us=1450
BATCH stage=decode rows=8 tokens=8 us=1447
BATCH stage=decode rows=8 tokens=8 us=1448
BATCH stage=decode rows=7 tokens=7 us=1400
BATCH stage=prefill rows=1 tokens=16 us=2466
BATCH stage=decode rows=7 tokens=7 us=1459
BATCH stage=prefill rows=1 tokens=128 us=2939
BATCH stage=decode rows=8 tokens=8 us=1428
BATCH stage=decode rows=7 tokens=7 us=1395
BATCH stage=prefill rows=1 tokens=398 us=6670
BATCH stage=decode rows=8 tokens=8 us=1431
BATCH stage=decode rows=8 tokens=8 us=1440
BATCH stage=decode rows=8 tokens=8 us=1440
BATCH stage=decode rows=8 tokens=8 us=1424
BATCH stage=decode rows=8 tokens=8 us=1434
BATCH stage=decode rows=8 tokens=8 us=1429
BATCH stage=decode rows=8 tokens=8 us=1431
BATCH stage=decode rows=8 tokens=8 us=1422
BATCH stage=decode rows=8 tokens=8 us=1423
BATCH stage=decode rows=8 tokens=8 us=1429
BATCH stage=decode rows=8 tokens=8 us=1434
BATCH stage=decode rows=8 tokens=8 us=1417
BATCH stage=decode rows=8 tokens=8 us=1435
BATCH stage=decode rows=8 tokens=8 us=1441
BATCH stage=decode rows=8 tokens=8 us=1452
BATCH stage=decode rows=8 tokens=8 us=1451
BATCH stage=decode rows=8 tokens=8 us=1460
BATCH stage=decode rows=8 tokens=8 us=1465
BATCH stage=decode rows=8 tokens=8 us=1453
BATCH stage=decode rows=8 tokens=8 us=1452
BATCH stage=decode rows=8 tokens=8 us=1459
BATCH stage=decode rows=8 tokens=8 us=1454
BATCH stage=decode rows=8 tokens=8 us=1449
BATCH stage=decode rows=8 tokens=8 us=1469
BATCH stage=decode rows=8 tokens=8 us=1458
BATCH stage=decode rows=8 tokens=8 us=1464
BATCH stage=decode rows=8 tokens=8 us=1462
BATCH stage=decode rows=7 tokens=7 us=1403
BATCH stage=decode rows=6 tokens=6 us=1367
BATCH stage=decode rows=6 tokens=6 us=1366
BATCH stage=decode rows=5 tokens=5 us=1341
BATCH stage=decode rows=5 tokens=5 us=1332
BATCH stage=decode rows=5 tokens=5 us=1338
BATCH stage=decode rows=5 tokens=5 us=1330
BATCH stage=decode rows=5 tokens=5 us=1328
BATCH stage=decode rows=5 tokens=5 us=1338
BATCH stage=decode rows=5 tokens=5 us=1336
BATCH stage=decode rows=5 tokens=5 us=1333
BATCH stage=decode rows=5 tokens=5 us=1336
BATCH stage=decode rows=5 tokens=5 us=1334
BATCH stage=decode rows=5 tokens=5 us=1329
BATCH stage=decode rows=5 tokens=5 us=1325
BATCH stage=decode rows=5 tokens=5 us=1324
BATCH stage=decode rows=5 tokens=5 us=1328
BATCH stage=decode rows=5 tokens=5 us=1321
BATCH stage=decode rows=5 tokens=5 us=1350
BATCH stage=decode rows=5 tokens=5 us=1360
BATCH stage=decode rows=5 tokens=5 us=1372
BATCH stage=decode rows=5 tokens=5 us=1377
BATCH stage=decode rows=5 tokens=5 us=1363
BATCH stage=decode rows=5 tokens=5 us=1368
BATCH stage=decode rows=5 tokens=5 us=1367
BATCH stage=decode rows=5 tokens=5 us=1359
BATCH stage=decode rows=5 tokens=5 us=1373
BATCH stage=decode rows=5 tokens=5 us=1364
BATCH stage=decode rows=5 tokens=5 us=1364
BATCH stage=decode rows=5 tokens=5 us=1365
BATCH stage=decode rows=5 tokens=5 us=1364
BATCH stage=decode rows=4 tokens=4 us=1355
BATCH stage=decode rows=4 tokens=4 us=1357
BATCH stage=decode rows=4 tokens=4 us=1345
BATCH stage=decode rows=3 tokens=3 us=1326
BATCH stage=decode rows=3 tokens=3 us=1321
BATCH stage=decode rows=3 tokens=3 us=1329
BATCH stage=decode rows=3 tokens=3 us=1319
BATCH stage=decode rows=2 tokens=2 us=1244
BATCH stage=decode rows=2 tokens=2 us=1240
BATCH stage=decode rows=2 tokens=2 us=1244
BATCH stage=decode rows=2 tokens=2 us=1245
BATCH stage=decode rows=2 tokens=2 us=1247
BATCH stage=decode rows=2 tokens=2 us=1244
BATCH stage=decode rows=2 tokens=2 us=1248
BATCH stage=decode rows=2 tokens=2 us=1237
BATCH stage=decode rows=2 tokens=2 us=1247
BATCH stage=decode rows=2 tokens=2 us=1234
BATCH stage=decode rows=2 tokens=2 us=1255
BATCH stage=decode rows=2 tokens=2 us=1235
BATCH stage=decode rows=2 tokens=2 us=1232
BATCH stage=decode rows=2 tokens=2 us=1232
BATCH stage=decode rows=2 tokens=2 us=1241
BATCH stage=decode rows=2 tokens=2 us=1248
BATCH stage=decode rows=2 tokens=2 us=1254
BATCH stage=decode rows=2 tokens=2 us=1247
BATCH stage=decode rows=2 tokens=2 us=1269
BATCH stage=decode rows=2 tokens=2 us=1293
BATCH stage=decode rows=2 tokens=2 us=1304
BATCH stage=decode rows=2 tokens=2 us=1296
BATCH stage=decode rows=2 tokens=2 us=1297
BATCH stage=decode rows=2 tokens=2 us=1293
BATCH stage=decode rows=2 tokens=2 us=1304
BATCH stage=decode rows=2 tokens=2 us=1299
BATCH stage=decode rows=2 tokens=2 us=1296
BATCH stage=decode rows=2 tokens=2 us=1303
BATCH stage=decode rows=2 tokens=2 us=1302
BATCH stage=decode rows=2 tokens=2 us=1296
BATCH stage=decode rows=2 tokens=2 us=1301
BATCH stage=decode rows=1 tokens=1 us=1214
BATCH stage=decode rows=1 tokens=1 us=1221
BATCH stage=decode rows=1 tokens=1 us=1221
BATCH stage=decode rows=1 tokens=1 us=1222
BATCH stage=decode rows=1 tokens=1 us=1218
BATCH stage=decode rows=1 tokens=1 us=1211
BATCH stage=decode rows=1 tokens=1 us=1206
BATCH stage=decode rows=1 tokens=1 us=1208
BATCH stage=decode rows=1 tokens=1 us=1208
BATCH stage=decode rows=1 tokens=1 us=1209
BATCH stage=decode rows=1 tokens=1 us=1211
BATCH stage=decode rows=1 tokens=1 us=1217
BATCH stage=decode rows=1 tokens=1 us=1225
BATCH stage=decode rows=1 tokens=1 us=1210
BATCH stage=decode rows=1 tokens=1 us=1212
BATCH stage=decode rows=1 tokens=1 us=1207
BATCH stage=decode rows=1 tokens=1 us=1208
BATCH stage=decode rows=1 tokens=1 us=1208
BATCH stage=decode rows=1 tokens=1 us=1257
BATCH stage=decode rows=1 tokens=1 us=1268
BATCH stage=decode rows=1 tokens=1 us=1277
BATCH stage=decode rows=1 tokens=1 us=1275
BATCH stage=decode rows=1 tokens=1 us=1283
BATCH stage=decode rows=1 tokens=1 us=1280
BATCH stage=decode rows=1 tokens=1 us=1267
BATCH stage=decode rows=1 tokens=1 us=1268
BATCH stage=decode rows=1 tokens=1 us=1261
BATCH stage=decode rows=1 tokens=1 us=1267
BATCH stage=decode rows=1 tokens=1 us=1267
BATCH stage=decode rows=1 tokens=1 us=1274
BATCH stage=decode rows=1 tokens=1 us=1283
riley graceful shutdown requested by stdin
