0	0	128	0	0
1	0	128	0	1
2	0	128	0	2
3	0	128	1	0
4	0	128	1	1
5	0	128	1	2
6	0	128	2	0
7	0	128	2	1
8	0	128	2	2
9	0	129	0	0
10	0	129	0	1
11	0	129	0	2
12	0	129	1	0
13	0	129	1	1
14	0	129	1	2
15	0	129	2	0
16	0	129	2	1
17	0	129	2	2
18	0	130	0	0
19	0	130	0	1
20	0	130	0	2
21	0	130	1	0
22	0	130	1	1
23	0	130	1	2
24	0	130	2	0
25	0	130	2	1
26	0	130	2	2
27	0	131	0	0
28	0	131	0	1
29	0	131	0	2
30	0	131	1	0
31	0	131	1	1
32	0	131	1	2
33	0	131	2	0
34	0	131	2	1
35	0	131	2	2
36	0	132	0	0
37	0	132	0	1
38	0	132	0	2
39	0	132	1	0
40	0	132	1	1
41	0	132	1	2
42	0	132	2	0
43	0	132	2	1
44	0	132	2	2
45	0	133	0	0
46	0	133	0	1
47	0	133	0	2
48	0	133	1	0
49	0	133	1	1
50	0	133	1	2
51	0	133	2	0
52	0	133	2	1
53	0	133	2	2
54	0	134	0	0
55	0	134	0	1
56	0	134	0	2
57	0	134	1	0
58	0	134	1	1
59	0	134	1	2
60	0	134	2	0
61	0	134	2	1
62	0	134	2	2
63	0	135	0	0
64	0	135	0	1
65	0	135	0	2
66	0	135	1	0
67	0	135	1	1
68	0	135	1	2
69	0	135	2	0
70	0	135	2	1
71	0	135	2	2
72	0	136	0	0
73	0	136	0	1
74	0	136	0	2
75	0	136	1	0
76	0	136	1	1
77	0	136	1	2
78	0	136	2	0
79	0	136	2	1
80	0	136	2	2
81	0	137	0	0
82	0	137	0	1
83	0	137	0	2
84	0	137	1	0
85	0	137	1	1
86	0	137	1	2
87	0	137	2	0
88	0	137	2	1
89	0	137	2	2
90	0	138	0	0
91	0	138	0	1
92	0	138	0	2
93	0	138	1	0
94	0	138	1	1
95	0	138	1	2
96	0	138	2	0
97	0	138	2	1
98	0	138	2	2
99	0	139	0	0
100	0	139	0	1
101	0	139	0	2
102	0	139	1	0
103	0	139	1	1
104	0	139	1	2
105	0	139	2	0
106	0	139	2	1
107	0	139	2	2
108	0	140	0	0
109	0	140	0	1
110	0	140	0	2
111	0	140	1	0
112	0	140	1	1
113	0	140	1	2
114	0	140	2	0
115	0	140	2	1
116	0	140	2	2
117	0	141	0	0
118	0	141	0	1
119	0	141	0	2
120	0	141	1	0
121	0	141	1	1
122	0	141	1	2
123	0	141	2	0
124	0	141	2	1
125	0	141	2	2
126	0	142	0	0
127	0	142	0	1
128	0	142	0	2
129	0	142	1	0
130	0	142	1	1
131	0	142	1	2
132	0	142	2	0
133	0	142	2	1
134	0	142	2	2
135	0	143	0	0
136	0	143	0	1
137	0	143	0	2
138	0	143	1	0
139	0	143	1	1
140	0	143	1	2
141	0	143	2	0
142	0	143	2	1
143	0	143	2	2
144	0	144	0	0
145	0	144	0	1
146	0	144	0	2
147	0	144	1	0
148	0	144	1	1
149	0	144	1	2
150	0	144	2	0
151	0	144	2	1
152	0	144	2	2
153	0	145	0	0
154	0	145	0	1
155	0	145	0	2
156	0	145	1	0
157	0	145	1	1
158	0	145	1	2
159	0	145	2	0
160	0	145	2	1
161	0	145	2	2
162	0	146	0	0
163	0	146	0	1
164	0	146	0	2
165	0	146	1	0
166	0	146	1	1
167	0	146	1	2
168	0	146	2	0
169	0	146	2	1
170	0	146	2	2
171	0	147	0	0
172	0	147	0	1
173	0	147	0	2
174	0	147	1	0
175	0	147	1	1
176	0	147	1	2
177	0	147	2	0
178	0	147	2	1
179	0	147	2	2
180	0	148	0	0
181	0	148	0	1
182	0	148	0	2
183	0	148	1	0
184	0	148	1	1
185	0	148	1	2
186	0	148	2	0
187	0	148	2	1
188	0	148	2	2
189	0	149	0	0
190	0	149	0	1
191	0	149	0	2
192	0	149	1	0
193	0	149	1	1
194	0	149	1	2
195	0	149	2	0
196	0	149	2	1
197	0	149	2	2
198	0	150	0	0
199	0	150	0	1
200	0	150	0	2
201	0	150	1	0
202	0	150	1	1
203	0	150	1	2
204	0	150	2	0
205	0	150	2	1
206	0	150	2	2
207	0	151	0	0
208	0	151	0	1
209	0	151	0	2
210	0	151	1	0
211	0	151	1	1
212	0	151	1	2
213	0	151	2	0
214	0	151	2	1
215	0	151	2	2
216	0	152	0	0
217	0	152	0	1
218	0	152	0	2
219	0	152	1	0
220	0	152	1	1
221	0	152	1	2
222	0	152	2	0
223	0	152	2	1
224	0	152	2	2
225	0	153	0	0
226	0	153	0	1
227	0	153	0	2
228	0	153	1	0
229	0	153	1	1
230	0	153	1	2
231	0	153	2	0
232	0	153	2	1
233	0	153	2	2
234	0	154	0	0
235	0	154	0	1
236	0	154	0	2
237	0	154	1	0
238	0	154	1	1
239	0	154	1	2
240	0	154	2	0
241	0	154	2	1
242	0	154	2	2
243	0	155	0	0
244	0	155	0	1
245	0	155	0	2
246	0	155	1	0
247	0	155	1	1
248	0	155	1	2
249	0	155	2	0
250	0	155	2	1
251	0	155	2	2
252	0	156	0	0
253	0	156	0	1
254	0	156	0	2
255	0	156	1	0
256	0	156	1	1
257	0	156	1	2
258	0	156	2	0
259	0	156	2	1
260	0	156	2	2
261	0	157	0	0
262	0	157	0	1
263	0	157	0	2
264	0	157	1	0
265	0	157	1	1
266	0	157	1	2
267	0	157	2	0
268	0	157	2	1
269	0	157	2	2
270	0	158	0	0
271	0	158	0	1
272	0	158	0	2
273	0	158	1	0
274	0	158	1	1
275	0	158	1	2
276	0	158	2	0
277	0	158	2	1
278	0	158	2	2
279	0	159	0	0
280	0	159	0	1
281	0	159	0	2
282	0	159	1	0
283	0	159	1	1
284	0	159	1	2
285	0	159	2	0
286	0	159	2	1
287	0	159	2	2
288	1	128	0	0
289	1	128	0	1
290	1	128	0	2
291	1	128	1	0
292	1	128	1	1
293	1	128	1	2
294	1	128	2	0
295	1	128	2	1
296	1	128	2	2
297	1	129	0	0
298	1	129	0	1
299	1	129	0	2
300	1	129	1	0
301	1	129	1	1
302	1	129	1	2
303	1	129	2	0
304	1	129	2	1
305	1	129	2	2
306	1	130	0	0
307	1	130	0	1
308	1	130	0	2
309	1	130	1	0
310	1	130	1	1
311	1	130	1	2
312	1	130	2	0
313	1	130	2	1
314	1	130	2	2
315	1	131	0	0
316	1	131	0	1
317	1	131	0	2
318	1	131	1	0
319	1	131	1	1
320	1	131	1	2
321	1	131	2	0
322	1	131	2	1
323	1	131	2	2
324	1	132	0	0
325	1	132	0	1
326	1	132	0	2
327	1	132	1	0
328	1	132	1	1
329	1	132	1	2
330	1	132	2	0
331	1	132	2	1
332	1	132	2	2
333	1	133	0	0
334	1	133	0	1
335	1	133	0	2
336	1	133	1	0
337	1	133	1	1
338	1	133	1	2
339	1	133	2	0
340	1	133	2	1
341	1	133	2	2
342	1	134	0	0
343	1	134	0	1
344	1	134	0	2
345	1	134	1	0
346	1	134	1	1
347	1	134	1	2
348	1	134	2	0
349	1	134	2	1
350	1	134	2	2
351	1	135	0	0
352	1	135	0	1
353	1	135	0	2
354	1	135	1	0
355	1	135	1	1
356	1	135	1	2
357	1	135	2	0
358	1	135	2	1
359	1	135	2	2
360	1	136	0	0
361	1	136	0	1
362	1	136	0	2
363	1	136	1	0
364	1	136	1	1
365	1	136	1	2
366	1	136	2	0
367	1	136	2	1
368	1	136	2	2
369	1	137	0	0
370	1	137	0	1
371	1	137	0	2
372	1	137	1	0
373	1	137	1	1
374	1	137	1	2
375	1	137	2	0
376	1	137	2	1
377	1	137	2	2
378	1	138	0	0
379	1	138	0	1
380	1	138	0	2
381	1	138	1	0
382	1	138	1	1
383	1	138	1	2
384	1	138	2	0
385	1	138	2	1
386	1	138	2	2
387	1	139	0	0
388	1	139	0	1
389	1	139	0	2
390	1	139	1	0
391	1	139	1	1
392	1	139	1	2
393	1	139	2	0
394	1	139	2	1
395	1	139	2	2
396	1	140	0	0
397	1	140	0	1
398	1	140	0	2
399	1	140	1	0
400	1	140	1	1
401	1	140	1	2
402	1	140	2	0
403	1	140	2	1
404	1	140	2	2
405	1	141	0	0
406	1	141	0	1
407	1	141	0	2
408	1	141	1	0
409	1	141	1	1
410	1	141	1	2
411	1	141	2	0
412	1	141	2	1
413	1	141	2	2
414	1	142	0	0
415	1	142	0	1
416	1	142	0	2
417	1	142	1	0
418	1	142	1	1
419	1	142	1	2
420	1	142	2	0
421	1	142	2	1
422	1	142	2	2
423	1	143	0	0
424	1	143	0	1
425	1	143	0	2
426	1	143	1	0
427	1	143	1	1
428	1	143	1	2
429	1	143	2	0
430	1	143	2	1
431	1	143	2	2
432	1	144	0	0
433	1	144	0	1
434	1	144	0	2
435	1	144	1	0
436	1	144	1	1
437	1	144	1	2
438	1	144	2	0
439	1	144	2	1
440	1	144	2	2
441	1	145	0	0
442	1	145	0	1
443	1	145	0	2
444	1	145	1	0
445	1	145	1	1
446	1	145	1	2
447	1	145	2	0
448	1	145	2	1
449	1	145	2	2
450	1	146	0	0
451	1	146	0	1
452	1	146	0	2
453	1	146	1	0
454	1	146	1	1
455	1	146	1	2
456	1	146	2	0
457	1	146	2	1
458	1	146	2	2
459	1	147	0	0
460	1	147	0	1
461	1	147	0	2
462	1	147	1	0
463	1	147	1	1
464	1	147	1	2
465	1	147	2	0
466	1	147	2	1
467	1	147	2	2
468	1	148	0	0
469	1	148	0	1
470	1	148	0	2
471	1	148	1	0
472	1	148	1	1
473	1	148	1	2
474	1	148	2	0
475	1	148	2	1
476	1	148	2	2
477	1	149	0	0
478	1	149	0	1
479	1	149	0	2
480	1	149	1	0
481	1	149	1	1
482	1	149	1	2
483	1	149	2	0
484	1	149	2	1
485	1	149	2	2
486	1	150	0	0
487	1	150	0	1
488	1	150	0	2
489	1	150	1	0
490	1	150	1	1
491	1	150	1	2
492	1	150	2	0
493	1	150	2	1
494	1	150	2	2
495	1	151	0	0
496	1	151	0	1
497	1	151	0	2
498	1	151	1	0
499	1	151	1	1
500	1	151	1	2
501	1	151	2	0
502	1	151	2	1
503	1	151	2	2
504	1	152	0	0
505	1	152	0	1
506	1	152	0	2
507	1	152	1	0
508	1	152	1	1
509	1	152	1	2
510	1	152	2	0
511	1	152	2	1
512	1	152	2	2
513	1	153	0	0
514	1	153	0	1
515	1	153	0	2
516	1	153	1	0
517	1	153	1	1
518	1	153	1	2
519	1	153	2	0
520	1	153	2	1
521	1	153	2	2
522	1	154	0	0
523	1	154	0	1
524	1	154	0	2
525	1	154	1	0
526	1	154	1	1
527	1	154	1	2
528	1	154	2	0
529	1	154	2	1
530	1	154	2	2
531	1	155	0	0
532	1	155	0	1
533	1	155	0	2
534	1	155	1	0
535	1	155	1	1
536	1	155	1	2
537	1	155	2	0
538	1	155	2	1
539	1	155	2	2
540	1	156	0	0
541	1	156	0	1
542	1	156	0	2
543	1	156	1	0
544	1	156	1	1
545	1	156	1	2
546	1	156	2	0
547	1	156	2	1
548	1	156	2	2
549	1	157	0	0
550	1	157	0	1
551	1	157	0	2
552	1	157	1	0
553	1	157	1	1
554	1	157	1	2
555	1	157	2	0
556	1	157	2	1
557	1	157	2	2
558	1	158	0	0
559	1	158	0	1
560	1	158	0	2
561	1	158	1	0
562	1	158	1	1
563	1	158	1	2
564	1	158	2	0
565	1	158	2	1
566	1	158	2	2
567	1	159	0	0
568	1	159	0	1
569	1	159	0	2
570	1	159	1	0
571	1	159	1	1
572	1	159	1	2
573	1	159	2	0
574	1	159	2	1
575	1	159	2	2
576	2	128	0	0
577	2	128	0	1
578	2	128	0	2
579	2	128	1	0
580	2	128	1	1
581	2	128	1	2
582	2	128	2	0
583	2	128	2	1
584	2	128	2	2
585	2	129	0	0
586	2	129	0	1
587	2	129	0	2
588	2	129	1	0
589	2	129	1	1
590	2	129	1	2
591	2	129	2	0
592	2	129	2	1
593	2	129	2	2
594	2	130	0	0
595	2	130	0	1
596	2	130	0	2
597	2	130	1	0
598	2	130	1	1
599	2	130	1	2
600	2	130	2	0
601	2	130	2	1
602	2	130	2	2
603	2	131	0	0
604	2	131	0	1
605	2	131	0	2
606	2	131	1	0
607	2	131	1	1
608	2	131	1	2
609	2	131	2	0
610	2	131	2	1
611	2	131	2	2
612	2	132	0	0
613	2	132	0	1
614	2	132	0	2
615	2	132	1	0
616	2	132	1	1
617	2	132	1	2
618	2	132	2	0
619	2	132	2	1
620	2	132	2	2
621	2	133	0	0
622	2	133	0	1
623	2	133	0	2
624	2	133	1	0
625	2	133	1	1
626	2	133	1	2
627	2	133	2	0
628	2	133	2	1
629	2	133	2	2
630	2	134	0	0
631	2	134	0	1
632	2	134	0	2
633	2	134	1	0
634	2	134	1	1
635	2	134	1	2
636	2	134	2	0
637	2	134	2	1
638	2	134	2	2
639	2	135	0	0
640	2	135	0	1
641	2	135	0	2
642	2	135	1	0
643	2	135	1	1
644	2	135	1	2
645	2	135	2	0
646	2	135	2	1
647	2	135	2	2
648	2	136	0	0
649	2	136	0	1
650	2	136	0	2
651	2	136	1	0
652	2	136	1	1
653	2	136	1	2
654	2	136	2	0
655	2	136	2	1
656	2	136	2	2
657	2	137	0	0
658	2	137	0	1
659	2	137	0	2
660	2	137	1	0
661	2	137	1	1
662	2	137	1	2
663	2	137	2	0
664	2	137	2	1
665	2	137	2	2
666	2	138	0	0
667	2	138	0	1
668	2	138	0	2
669	2	138	1	0
670	2	138	1	1
671	2	138	1	2
672	2	138	2	0
673	2	138	2	1
674	2	138	2	2
675	2	139	0	0
676	2	139	0	1
677	2	139	0	2
678	2	139	1	0
679	2	139	1	1
680	2	139	1	2
681	2	139	2	0
682	2	139	2	1
683	2	139	2	2
684	2	140	0	0
685	2	140	0	1
686	2	140	0	2
687	2	140	1	0
688	2	140	1	1
689	2	140	1	2
690	2	140	2	0
691	2	140	2	1
692	2	140	2	2
693	2	141	0	0
694	2	141	0	1
695	2	141	0	2
696	2	141	1	0
697	2	141	1	1
698	2	141	1	2
699	2	141	2	0
700	2	141	2	1
701	2	141	2	2
702	2	142	0	0
703	2	142	0	1
704	2	142	0	2
705	2	142	1	0
706	2	142	1	1
707	2	142	1	2
708	2	142	2	0
709	2	142	2	1
710	2	142	2	2
711	2	143	0	0
712	2	143	0	1
713	2	143	0	2
714	2	143	1	0
715	2	143	1	1
716	2	143	1	2
717	2	143	2	0
718	2	143	2	1
719	2	143	2	2
720	2	144	0	0
721	2	144	0	1
722	2	144	0	2
723	2	144	1	0
724	2	144	1	1
725	2	144	1	2
726	2	144	2	0
727	2	144	2	1
728	2	144	2	2
729	2	145	0	0
730	2	145	0	1
731	2	145	0	2
732	2	145	1	0
733	2	145	1	1
734	2	145	1	2
735	2	145	2	0
736	2	145	2	1
737	2	145	2	2
738	2	146	0	0
739	2	146	0	1
740	2	146	0	2
741	2	146	1	0
742	2	146	1	1
743	2	146	1	2
744	2	146	2	0
745	2	146	2	1
746	2	146	2	2
747	2	147	0	0
748	2	147	0	1
749	2	147	0	2
750	2	147	1	0
751	2	147	1	1
752	2	147	1	2
753	2	147	2	0
754	2	147	2	1
755	2	147	2	2
756	2	148	0	0
757	2	148	0	1
758	2	148	0	2
759	2	148	1	0
760	2	148	1	1
761	2	148	1	2
762	2	148	2	0
763	2	148	2	1
764	2	148	2	2
765	2	149	0	0
766	2	149	0	1
767	2	149	0	2
768	2	149	1	0
769	2	149	1	1
770	2	149	1	2
771	2	149	2	0
772	2	149	2	1
773	2	149	2	2
774	2	150	0	0
775	2	150	0	1
776	2	150	0	2
777	2	150	1	0
778	2	150	1	1
779	2	150	1	2
780	2	150	2	0
781	2	150	2	1
782	2	150	2	2
783	2	151	0	0
784	2	151	0	1
785	2	151	0	2
786	2	151	1	0
787	2	151	1	1
788	2	151	1	2
789	2	151	2	0
790	2	151	2	1
791	2	151	2	2
792	2	152	0	0
793	2	152	0	1
794	2	152	0	2
795	2	152	1	0
796	2	152	1	1
797	2	152	1	2
798	2	152	2	0
799	2	152	2	1
800	2	152	2	2
801	2	153	0	0
802	2	153	0	1
803	2	153	0	2
804	2	153	1	0
805	2	153	1	1
806	2	153	1	2
807	2	153	2	0
808	2	153	2	1
809	2	153	2	2
810	2	154	0	0
811	2	154	0	1
812	2	154	0	2
813	2	154	1	0
814	2	154	1	1
815	2	154	1	2
816	2	154	2	0
817	2	154	2	1
818	2	154	2	2
819	2	155	0	0
820	2	155	0	1
821	2	155	0	2
822	2	155	1	0
823	2	155	1	1
824	2	155	1	2
825	2	155	2	0
826	2	155	2	1
827	2	155	2	2
828	2	156	0	0
829	2	156	0	1
830	2	156	0	2
831	2	156	1	0
832	2	156	1	1
833	2	156	1	2
834	2	156	2	0
835	2	156	2	1
836	2	156	2	2
837	2	157	0	0
838	2	157	0	1
839	2	157	0	2
840	2	157	1	0
841	2	157	1	1
842	2	157	1	2
843	2	157	2	0
844	2	157	2	1
845	2	157	2	2
846	2	158	0	0
847	2	158	0	1
848	2	158	0	2
849	2	158	1	0
850	2	158	1	1
851	2	158	1	2
852	2	158	2	0
853	2	158	2	1
854	2	158	2	2
855	2	159	0	0
856	2	159	0	1
857	2	159	0	2
858	2	159	1	0
859	2	159	1	1
860	2	159	1	2
861	2	159	2	0
862	2	159	2	1
863	2	159	2	2
864	3	128	0	0
865	3	128	0	1
866	3	128	0	2
867	3	128	1	0
868	3	128	1	1
869	3	128	1	2
870	3	128	2	0
871	3	128	2	1
872	3	128	2	2
873	3	129	0	0
874	3	129	0	1
875	3	129	0	2
876	3	129	1	0
877	3	129	1	1
878	3	129	1	2
879	3	129	2	0
880	3	129	2	1
881	3	129	2	2
882	3	130	0	0
883	3	130	0	1
884	3	130	0	2
885	3	130	1	0
886	3	130	1	1
887	3	130	1	2
888	3	130	2	0
889	3	130	2	1
890	3	130	2	2
891	3	131	0	0
892	3	131	0	1
893	3	131	0	2
894	3	131	1	0
895	3	131	1	1
896	3	131	1	2
897	3	131	2	0
898	3	131	2	1
899	3	131	2	2
900	3	132	0	0
901	3	132	0	1
902	3	132	0	2
903	3	132	1	0
904	3	132	1	1
905	3	132	1	2
906	3	132	2	0
907	3	132	2	1
908	3	132	2	2
909	3	133	0	0
910	3	133	0	1
911	3	133	0	2
912	3	133	1	0
913	3	133	1	1
914	3	133	1	2
915	3	133	2	0
916	3	133	2	1
917	3	133	2	2
918	3	134	0	0
919	3	134	0	1
920	3	134	0	2
921	3	134	1	0
922	3	134	1	1
923	3	134	1	2
924	3	134	2	0
925	3	134	2	1
926	3	134	2	2
927	3	135	0	0
928	3	135	0	1
929	3	135	0	2
930	3	135	1	0
931	3	135	1	1
932	3	135	1	2
933	3	135	2	0
934	3	135	2	1
935	3	135	2	2
936	3	136	0	0
937	3	136	0	1
938	3	136	0	2
939	3	136	1	0
940	3	136	1	1
941	3	136	1	2
942	3	136	2	0
943	3	136	2	1
944	3	136	2	2
945	3	137	0	0
946	3	137	0	1
947	3	137	0	2
948	3	137	1	0
949	3	137	1	1
950	3	137	1	2
951	3	137	2	0
952	3	137	2	1
953	3	137	2	2
954	3	138	0	0
955	3	138	0	1
956	3	138	0	2
957	3	138	1	0
958	3	138	1	1
959	3	138	1	2
960	3	138	2	0
961	3	138	2	1
962	3	138	2	2
963	3	139	0	0
964	3	139	0	1
965	3	139	0	2
966	3	139	1	0
967	3	139	1	1
968	3	139	1	2
969	3	139	2	0
970	3	139	2	1
971	3	139	2	2
972	3	140	0	0
973	3	140	0	1
974	3	140	0	2
975	3	140	1	0
976	3	140	1	1
977	3	140	1	2
978	3	140	2	0
979	3	140	2	1
980	3	140	2	2
981	3	141	0	0
982	3	141	0	1
983	3	141	0	2
984	3	141	1	0
985	3	141	1	1
986	3	141	1	2
987	3	141	2	0
988	3	141	2	1
989	3	141	2	2
990	3	142	0	0
991	3	142	0	1
992	3	142	0	2
993	3	142	1	0
994	3	142	1	1
995	3	142	1	2
996	3	142	2	0
997	3	142	2	1
998	3	142	2	2
999	3	143	0	0
1000	3	143	0	1
1001	3	143	0	2
1002	3	143	1	0
1003	3	143	1	1
1004	3	143	1	2
1005	3	143	2	0
1006	3	143	2	1
1007	3	143	2	2
1008	3	144	0	0
1009	3	144	0	1
1010	3	144	0	2
1011	3	144	1	0
1012	3	144	1	1
1013	3	144	1	2
1014	3	144	2	0
1015	3	144	2	1
1016	3	144	2	2
1017	3	145	0	0
1018	3	145	0	1
1019	3	145	0	2
1020	3	145	1	0
1021	3	145	1	1
1022	3	145	1	2
1023	3	145	2	0
1024	3	145	2	1
1025	3	145	2	2
1026	3	146	0	0
1027	3	146	0	1
1028	3	146	0	2
1029	3	146	1	0
1030	3	146	1	1
1031	3	146	1	2
1032	3	146	2	0
1033	3	146	2	1
1034	3	146	2	2
1035	3	147	0	0
1036	3	147	0	1
1037	3	147	0	2
1038	3	147	1	0
1039	3	147	1	1
1040	3	147	1	2
1041	3	147	2	0
1042	3	147	2	1
1043	3	147	2	2
1044	3	148	0	0
1045	3	148	0	1
1046	3	148	0	2
1047	3	148	1	0
1048	3	148	1	1
1049	3	148	1	2
1050	3	148	2	0
1051	3	148	2	1
1052	3	148	2	2
1053	3	149	0	0
1054	3	149	0	1
1055	3	149	0	2
1056	3	149	1	0
1057	3	149	1	1
1058	3	149	1	2
1059	3	149	2	0
1060	3	149	2	1
1061	3	149	2	2
1062	3	150	0	0
1063	3	150	0	1
1064	3	150	0	2
1065	3	150	1	0
1066	3	150	1	1
1067	3	150	1	2
1068	3	150	2	0
1069	3	150	2	1
1070	3	150	2	2
1071	3	151	0	0
1072	3	151	0	1
1073	3	151	0	2
1074	3	151	1	0
1075	3	151	1	1
1076	3	151	1	2
1077	3	151	2	0
1078	3	151	2	1
1079	3	151	2	2
1080	3	152	0	0
1081	3	152	0	1
1082	3	152	0	2
1083	3	152	1	0
1084	3	152	1	1
1085	3	152	1	2
1086	3	152	2	0
1087	3	152	2	1
1088	3	152	2	2
1089	3	153	0	0
1090	3	153	0	1
1091	3	153	0	2
1092	3	153	1	0
1093	3	153	1	1
1094	3	153	1	2
1095	3	153	2	0
1096	3	153	2	1
1097	3	153	2	2
1098	3	154	0	0
1099	3	154	0	1
1100	3	154	0	2
1101	3	154	1	0
1102	3	154	1	1
1103	3	154	1	2
1104	3	154	2	0
1105	3	154	2	1
1106	3	154	2	2
1107	3	155	0	0
1108	3	155	0	1
1109	3	155	0	2
1110	3	155	1	0
1111	3	155	1	1
1112	3	155	1	2
1113	3	155	2	0
1114	3	155	2	1
1115	3	155	2	2
1116	3	156	0	0
1117	3	156	0	1
1118	3	156	0	2
1119	3	156	1	0
1120	3	156	1	1
1121	3	156	1	2
1122	3	156	2	0
1123	3	156	2	1
1124	3	156	2	2
1125	3	157	0	0
1126	3	157	0	1
1127	3	157	0	2
1128	3	157	1	0
1129	3	157	1	1
1130	3	157	1	2
1131	3	157	2	0
1132	3	157	2	1
1133	3	157	2	2
1134	3	158	0	0
1135	3	158	0	1
1136	3	158	0	2
1137	3	158	1	0
1138	3	158	1	1
1139	3	158	1	2
1140	3	158	2	0
1141	3	158	2	1
1142	3	158	2	2
1143	3	159	0	0
1144	3	159	0	1
1145	3	159	0	2
1146	3	159	1	0
1147	3	159	1	1
1148	3	159	1	2
1149	3	159	2	0
1150	3	159	2	1
1151	3	159	2	2
1152	4	128	0	0
1153	4	128	0	1
1154	4	128	0	2
1155	4	128	1	0
1156	4	128	1	1
1157	4	128	1	2
1158	4	128	2	0
1159	4	128	2	1
1160	4	128	2	2
1161	4	129	0	0
1162	4	129	0	1
1163	4	129	0	2
1164	4	129	1	0
1165	4	129	1	1
1166	4	129	1	2
1167	4	129	2	0
1168	4	129	2	1
1169	4	129	2	2
1170	4	130	0	0
1171	4	130	0	1
1172	4	130	0	2
1173	4	130	1	0
1174	4	130	1	1
1175	4	130	1	2
1176	4	130	2	0
1177	4	130	2	1
1178	4	130	2	2
1179	4	131	0	0
1180	4	131	0	1
1181	4	131	0	2
1182	4	131	1	0
1183	4	131	1	1
1184	4	131	1	2
1185	4	131	2	0
1186	4	131	2	1
1187	4	131	2	2
1188	4	132	0	0
1189	4	132	0	1
1190	4	132	0	2
1191	4	132	1	0
1192	4	132	1	1
1193	4	132	1	2
1194	4	132	2	0
1195	4	132	2	1
1196	4	132	2	2
1197	4	133	0	0
1198	4	133	0	1
1199	4	133	0	2
1200	4	133	1	0
1201	4	133	1	1
1202	4	133	1	2
1203	4	133	2	0
1204	4	133	2	1
1205	4	133	2	2
1206	4	134	0	0
1207	4	134	0	1
1208	4	134	0	2
1209	4	134	1	0
1210	4	134	1	1
1211	4	134	1	2
1212	4	134	2	0
1213	4	134	2	1
1214	4	134	2	2
1215	4	135	0	0
1216	4	135	0	1
1217	4	135	0	2
1218	4	135	1	0
1219	4	135	1	1
1220	4	135	1	2
1221	4	135	2	0
1222	4	135	2	1
1223	4	135	2	2
1224	4	136	0	0
1225	4	136	0	1
1226	4	136	0	2
1227	4	136	1	0
1228	4	136	1	1
1229	4	136	1	2
1230	4	136	2	0
1231	4	136	2	1
1232	4	136	2	2
1233	4	137	0	0
1234	4	137	0	1
1235	4	137	0	2
1236	4	137	1	0
1237	4	137	1	1
1238	4	137	1	2
1239	4	137	2	0
1240	4	137	2	1
1241	4	137	2	2
1242	4	138	0	0
1243	4	138	0	1
1244	4	138	0	2
1245	4	138	1	0
1246	4	138	1	1
1247	4	138	1	2
1248	4	138	2	0
1249	4	138	2	1
1250	4	138	2	2
1251	4	139	0	0
1252	4	139	0	1
1253	4	139	0	2
1254	4	139	1	0
1255	4	139	1	1
1256	4	139	1	2
1257	4	139	2	0
1258	4	139	2	1
1259	4	139	2	2
1260	4	140	0	0
1261	4	140	0	1
1262	4	140	0	2
1263	4	140	1	0
1264	4	140	1	1
1265	4	140	1	2
1266	4	140	2	0
1267	4	140	2	1
1268	4	140	2	2
1269	4	141	0	0
1270	4	141	0	1
1271	4	141	0	2
1272	4	141	1	0
1273	4	141	1	1
1274	4	141	1	2
1275	4	141	2	0
1276	4	141	2	1
1277	4	141	2	2
1278	4	142	0	0
1279	4	142	0	1
1280	4	142	0	2
1281	4	142	1	0
1282	4	142	1	1
1283	4	142	1	2
1284	4	142	2	0
1285	4	142	2	1
1286	4	142	2	2
1287	4	143	0	0
1288	4	143	0	1
1289	4	143	0	2
1290	4	143	1	0
1291	4	143	1	1
1292	4	143	1	2
1293	4	143	2	0
1294	4	143	2	1
1295	4	143	2	2
1296	4	144	0	0
1297	4	144	0	1
1298	4	144	0	2
1299	4	144	1	0
1300	4	144	1	1
1301	4	144	1	2
1302	4	144	2	0
1303	4	144	2	1
1304	4	144	2	2
1305	4	145	0	0
1306	4	145	0	1
1307	4	145	0	2
1308	4	145	1	0
1309	4	145	1	1
1310	4	145	1	2
1311	4	145	2	0
1312	4	145	2	1
1313	4	145	2	2
1314	4	146	0	0
1315	4	146	0	1
1316	4	146	0	2
1317	4	146	1	0
1318	4	146	1	1
1319	4	146	1	2
1320	4	146	2	0
1321	4	146	2	1
1322	4	146	2	2
1323	4	147	0	0
1324	4	147	0	1
1325	4	147	0	2
1326	4	147	1	0
1327	4	147	1	1
1328	4	147	1	2
1329	4	147	2	0
1330	4	147	2	1
1331	4	147	2	2
1332	4	148	0	0
1333	4	148	0	1
1334	4	148	0	2
1335	4	148	1	0
1336	4	148	1	1
1337	4	148	1	2
1338	4	148	2	0
1339	4	148	2	1
1340	4	148	2	2
1341	4	149	0	0
1342	4	149	0	1
1343	4	149	0	2
1344	4	149	1	0
1345	4	149	1	1
1346	4	149	1	2
1347	4	149	2	0
1348	4	149	2	1
1349	4	149	2	2
1350	4	150	0	0
1351	4	150	0	1
1352	4	150	0	2
1353	4	150	1	0
1354	4	150	1	1
1355	4	150	1	2
1356	4	150	2	0
1357	4	150	2	1
1358	4	150	2	2
1359	4	151	0	0
1360	4	151	0	1
1361	4	151	0	2
1362	4	151	1	0
1363	4	151	1	1
1364	4	151	1	2
1365	4	151	2	0
1366	4	151	2	1
1367	4	151	2	2
1368	4	152	0	0
1369	4	152	0	1
1370	4	152	0	2
1371	4	152	1	0
1372	4	152	1	1
1373	4	152	1	2
1374	4	152	2	0
1375	4	152	2	1
1376	4	152	2	2
1377	4	153	0	0
1378	4	153	0	1
1379	4	153	0	2
1380	4	153	1	0
1381	4	153	1	1
1382	4	153	1	2
1383	4	153	2	0
1384	4	153	2	1
1385	4	153	2	2
1386	4	154	0	0
1387	4	154	0	1
1388	4	154	0	2
1389	4	154	1	0
1390	4	154	1	1
1391	4	154	1	2
1392	4	154	2	0
1393	4	154	2	1
1394	4	154	2	2
1395	4	155	0	0
1396	4	155	0	1
1397	4	155	0	2
1398	4	155	1	0
1399	4	155	1	1
1400	4	155	1	2
1401	4	155	2	0
1402	4	155	2	1
1403	4	155	2	2
1404	4	156	0	0
1405	4	156	0	1
1406	4	156	0	2
1407	4	156	1	0
1408	4	156	1	1
1409	4	156	1	2
1410	4	156	2	0
1411	4	156	2	1
1412	4	156	2	2
1413	4	157	0	0
1414	4	157	0	1
1415	4	157	0	2
1416	4	157	1	0
1417	4	157	1	1
1418	4	157	1	2
1419	4	157	2	0
1420	4	157	2	1
1421	4	157	2	2
1422	4	158	0	0
1423	4	158	0	1
1424	4	158	0	2
1425	4	158	1	0
1426	4	158	1	1
1427	4	158	1	2
1428	4	158	2	0
1429	4	158	2	1
1430	4	158	2	2
1431	4	159	0	0
1432	4	159	0	1
1433	4	159	0	2
1434	4	159	1	0
1435	4	159	1	1
1436	4	159	1	2
1437	4	159	2	0
1438	4	159	2	1
1439	4	159	2	2
1440	5	128	0	0
1441	5	128	0	1
1442	5	128	0	2
1443	5	128	1	0
1444	5	128	1	1
1445	5	128	1	2
1446	5	128	2	0
1447	5	128	2	1
1448	5	128	2	2
1449	5	129	0	0
1450	5	129	0	1
1451	5	129	0	2
1452	5	129	1	0
1453	5	129	1	1
1454	5	129	1	2
1455	5	129	2	0
1456	5	129	2	1
1457	5	129	2	2
1458	5	130	0	0
1459	5	130	0	1
1460	5	130	0	2
1461	5	130	1	0
1462	5	130	1	1
1463	5	130	1	2
1464	5	130	2	0
1465	5	130	2	1
1466	5	130	2	2
1467	5	131	0	0
1468	5	131	0	1
1469	5	131	0	2
1470	5	131	1	0
1471	5	131	1	1
1472	5	131	1	2
1473	5	131	2	0
1474	5	131	2	1
1475	5	131	2	2
1476	5	132	0	0
1477	5	132	0	1
1478	5	132	0	2
1479	5	132	1	0
1480	5	132	1	1
1481	5	132	1	2
1482	5	132	2	0
1483	5	132	2	1
1484	5	132	2	2
1485	5	133	0	0
1486	5	133	0	1
1487	5	133	0	2
1488	5	133	1	0
1489	5	133	1	1
1490	5	133	1	2
1491	5	133	2	0
1492	5	133	2	1
1493	5	133	2	2
1494	5	134	0	0
1495	5	134	0	1
1496	5	134	0	2
1497	5	134	1	0
1498	5	134	1	1
1499	5	134	1	2
1500	5	134	2	0
1501	5	134	2	1
1502	5	134	2	2
1503	5	135	0	0
1504	5	135	0	1
1505	5	135	0	2
1506	5	135	1	0
1507	5	135	1	1
1508	5	135	1	2
1509	5	135	2	0
1510	5	135	2	1
1511	5	135	2	2
1512	5	136	0	0
1513	5	136	0	1
1514	5	136	0	2
1515	5	136	1	0
1516	5	136	1	1
1517	5	136	1	2
1518	5	136	2	0
1519	5	136	2	1
1520	5	136	2	2
1521	5	137	0	0
1522	5	137	0	1
1523	5	137	0	2
1524	5	137	1	0
1525	5	137	1	1
1526	5	137	1	2
1527	5	137	2	0
1528	5	137	2	1
1529	5	137	2	2
1530	5	138	0	0
1531	5	138	0	1
1532	5	138	0	2
1533	5	138	1	0
1534	5	138	1	1
1535	5	138	1	2
1536	5	138	2	0
1537	5	138	2	1
1538	5	138	2	2
1539	5	139	0	0
1540	5	139	0	1
1541	5	139	0	2
1542	5	139	1	0
1543	5	139	1	1
1544	5	139	1	2
1545	5	139	2	0
1546	5	139	2	1
1547	5	139	2	2
1548	5	140	0	0
1549	5	140	0	1
1550	5	140	0	2
1551	5	140	1	0
1552	5	140	1	1
1553	5	140	1	2
1554	5	140	2	0
1555	5	140	2	1
1556	5	140	2	2
1557	5	141	0	0
1558	5	141	0	1
1559	5	141	0	2
1560	5	141	1	0
1561	5	141	1	1
1562	5	141	1	2
1563	5	141	2	0
1564	5	141	2	1
1565	5	141	2	2
1566	5	142	0	0
1567	5	142	0	1
1568	5	142	0	2
1569	5	142	1	0
1570	5	142	1	1
1571	5	142	1	2
1572	5	142	2	0
1573	5	142	2	1
1574	5	142	2	2
1575	5	143	0	0
1576	5	143	0	1
1577	5	143	0	2
1578	5	143	1	0
1579	5	143	1	1
1580	5	143	1	2
1581	5	143	2	0
1582	5	143	2	1
1583	5	143	2	2
1584	5	144	0	0
1585	5	144	0	1
1586	5	144	0	2
1587	5	144	1	0
1588	5	144	1	1
1589	5	144	1	2
1590	5	144	2	0
1591	5	144	2	1
1592	5	144	2	2
1593	5	145	0	0
1594	5	145	0	1
1595	5	145	0	2
1596	5	145	1	0
1597	5	145	1	1
1598	5	145	1	2
1599	5	145	2	0
1600	5	145	2	1
1601	5	145	2	2
1602	5	146	0	0
1603	5	146	0	1
1604	5	146	0	2
1605	5	146	1	0
1606	5	146	1	1
1607	5	146	1	2
1608	5	146	2	0
1609	5	146	2	1
1610	5	146	2	2
1611	5	147	0	0
1612	5	147	0	1
1613	5	147	0	2
1614	5	147	1	0
1615	5	147	1	1
1616	5	147	1	2
1617	5	147	2	0
1618	5	147	2	1
1619	5	147	2	2
1620	5	148	0	0
1621	5	148	0	1
1622	5	148	0	2
1623	5	148	1	0
1624	5	148	1	1
1625	5	148	1	2
1626	5	148	2	0
1627	5	148	2	1
1628	5	148	2	2
1629	5	149	0	0
1630	5	149	0	1
1631	5	149	0	2
1632	5	149	1	0
1633	5	149	1	1
1634	5	149	1	2
1635	5	149	2	0
1636	5	149	2	1
1637	5	149	2	2
1638	5	150	0	0
1639	5	150	0	1
1640	5	150	0	2
1641	5	150	1	0
1642	5	150	1	1
1643	5	150	1	2
1644	5	150	2	0
1645	5	150	2	1
1646	5	150	2	2
1647	5	151	0	0
1648	5	151	0	1
1649	5	151	0	2
1650	5	151	1	0
1651	5	151	1	1
1652	5	151	1	2
1653	5	151	2	0
1654	5	151	2	1
1655	5	151	2	2
1656	5	152	0	0
1657	5	152	0	1
1658	5	152	0	2
1659	5	152	1	0
1660	5	152	1	1
1661	5	152	1	2
1662	5	152	2	0
1663	5	152	2	1
1664	5	152	2	2
1665	5	153	0	0
1666	5	153	0	1
1667	5	153	0	2
1668	5	153	1	0
1669	5	153	1	1
1670	5	153	1	2
1671	5	153	2	0
1672	5	153	2	1
1673	5	153	2	2
1674	5	154	0	0
1675	5	154	0	1
1676	5	154	0	2
1677	5	154	1	0
1678	5	154	1	1
1679	5	154	1	2
1680	5	154	2	0
1681	5	154	2	1
1682	5	154	2	2
1683	5	155	0	0
1684	5	155	0	1
1685	5	155	0	2
1686	5	155	1	0
1687	5	155	1	1
1688	5	155	1	2
1689	5	155	2	0
1690	5	155	2	1
1691	5	155	2	2
1692	5	156	0	0
1693	5	156	0	1
1694	5	156	0	2
1695	5	156	1	0
1696	5	156	1	1
1697	5	156	1	2
1698	5	156	2	0
1699	5	156	2	1
1700	5	156	2	2
1701	5	157	0	0
1702	5	157	0	1
1703	5	157	0	2
1704	5	157	1	0
1705	5	157	1	1
1706	5	157	1	2
1707	5	157	2	0
1708	5	157	2	1
1709	5	157	2	2
1710	5	158	0	0
1711	5	158	0	1
1712	5	158	0	2
1713	5	158	1	0
1714	5	158	1	1
1715	5	158	1	2
1716	5	158	2	0
1717	5	158	2	1
1718	5	158	2	2
1719	5	159	0	0
1720	5	159	0	1
1721	5	159	0	2
1722	5	159	1	0
1723	5	159	1	1
1724	5	159	1	2
1725	5	159	2	0
1726	5	159	2	1
1727	5	159	2	2
1728	6	128	0	0
1729	6	128	0	1
1730	6	128	0	2
1731	6	128	1	0
1732	6	128	1	1
1733	6	128	1	2
1734	6	128	2	0
1735	6	128	2	1
1736	6	128	2	2
1737	6	129	0	0
1738	6	129	0	1
1739	6	129	0	2
1740	6	129	1	0
1741	6	129	1	1
1742	6	129	1	2
1743	6	129	2	0
1744	6	129	2	1
1745	6	129	2	2
1746	6	130	0	0
1747	6	130	0	1
1748	6	130	0	2
1749	6	130	1	0
1750	6	130	1	1
1751	6	130	1	2
1752	6	130	2	0
1753	6	130	2	1
1754	6	130	2	2
1755	6	131	0	0
1756	6	131	0	1
1757	6	131	0	2
1758	6	131	1	0
1759	6	131	1	1
1760	6	131	1	2
1761	6	131	2	0
1762	6	131	2	1
1763	6	131	2	2
1764	6	132	0	0
1765	6	132	0	1
1766	6	132	0	2
1767	6	132	1	0
1768	6	132	1	1
1769	6	132	1	2
1770	6	132	2	0
1771	6	132	2	1
1772	6	132	2	2
1773	6	133	0	0
1774	6	133	0	1
1775	6	133	0	2
1776	6	133	1	0
1777	6	133	1	1
1778	6	133	1	2
1779	6	133	2	0
1780	6	133	2	1
1781	6	133	2	2
1782	6	134	0	0
1783	6	134	0	1
1784	6	134	0	2
1785	6	134	1	0
1786	6	134	1	1
1787	6	134	1	2
1788	6	134	2	0
1789	6	134	2	1
1790	6	134	2	2
1791	6	135	0	0
1792	6	135	0	1
1793	6	135	0	2
1794	6	135	1	0
1795	6	135	1	1
1796	6	135	1	2
1797	6	135	2	0
1798	6	135	2	1
1799	6	135	2	2
1800	6	136	0	0
1801	6	136	0	1
1802	6	136	0	2
1803	6	136	1	0
1804	6	136	1	1
1805	6	136	1	2
1806	6	136	2	0
1807	6	136	2	1
1808	6	136	2	2
1809	6	137	0	0
1810	6	137	0	1
1811	6	137	0	2
1812	6	137	1	0
1813	6	137	1	1
1814	6	137	1	2
1815	6	137	2	0
1816	6	137	2	1
1817	6	137	2	2
1818	6	138	0	0
1819	6	138	0	1
1820	6	138	0	2
1821	6	138	1	0
1822	6	138	1	1
1823	6	138	1	2
1824	6	138	2	0
1825	6	138	2	1
1826	6	138	2	2
1827	6	139	0	0
1828	6	139	0	1
1829	6	139	0	2
1830	6	139	1	0
1831	6	139	1	1
1832	6	139	1	2
1833	6	139	2	0
1834	6	139	2	1
1835	6	139	2	2
1836	6	140	0	0
1837	6	140	0	1
1838	6	140	0	2
1839	6	140	1	0
1840	6	140	1	1
1841	6	140	1	2
1842	6	140	2	0
1843	6	140	2	1
1844	6	140	2	2
1845	6	141	0	0
1846	6	141	0	1
1847	6	141	0	2
1848	6	141	1	0
1849	6	141	1	1
1850	6	141	1	2
1851	6	141	2	0
1852	6	141	2	1
1853	6	141	2	2
1854	6	142	0	0
1855	6	142	0	1
1856	6	142	0	2
1857	6	142	1	0
1858	6	142	1	1
1859	6	142	1	2
1860	6	142	2	0
1861	6	142	2	1
1862	6	142	2	2
1863	6	143	0	0
1864	6	143	0	1
1865	6	143	0	2
1866	6	143	1	0
1867	6	143	1	1
1868	6	143	1	2
1869	6	143	2	0
1870	6	143	2	1
1871	6	143	2	2
1872	6	144	0	0
1873	6	144	0	1
1874	6	144	0	2
1875	6	144	1	0
1876	6	144	1	1
1877	6	144	1	2
1878	6	144	2	0
1879	6	144	2	1
1880	6	144	2	2
1881	6	145	0	0
1882	6	145	0	1
1883	6	145	0	2
1884	6	145	1	0
1885	6	145	1	1
1886	6	145	1	2
1887	6	145	2	0
1888	6	145	2	1
1889	6	145	2	2
1890	6	146	0	0
1891	6	146	0	1
1892	6	146	0	2
1893	6	146	1	0
1894	6	146	1	1
1895	6	146	1	2
1896	6	146	2	0
1897	6	146	2	1
1898	6	146	2	2
1899	6	147	0	0
1900	6	147	0	1
1901	6	147	0	2
1902	6	147	1	0
1903	6	147	1	1
1904	6	147	1	2
1905	6	147	2	0
1906	6	147	2	1
1907	6	147	2	2
1908	6	148	0	0
1909	6	148	0	1
1910	6	148	0	2
1911	6	148	1	0
1912	6	148	1	1
1913	6	148	1	2
1914	6	148	2	0
1915	6	148	2	1
1916	6	148	2	2
1917	6	149	0	0
1918	6	149	0	1
1919	6	149	0	2
1920	6	149	1	0
1921	6	149	1	1
1922	6	149	1	2
1923	6	149	2	0
1924	6	149	2	1
1925	6	149	2	2
1926	6	150	0	0
1927	6	150	0	1
1928	6	150	0	2
1929	6	150	1	0
1930	6	150	1	1
1931	6	150	1	2
1932	6	150	2	0
1933	6	150	2	1
1934	6	150	2	2
1935	6	151	0	0
1936	6	151	0	1
1937	6	151	0	2
1938	6	151	1	0
1939	6	151	1	1
1940	6	151	1	2
1941	6	151	2	0
1942	6	151	2	1
1943	6	151	2	2
1944	6	152	0	0
1945	6	152	0	1
1946	6	152	0	2
1947	6	152	1	0
1948	6	152	1	1
1949	6	152	1	2
1950	6	152	2	0
1951	6	152	2	1
1952	6	152	2	2
1953	6	153	0	0
1954	6	153	0	1
1955	6	153	0	2
1956	6	153	1	0
1957	6	153	1	1
1958	6	153	1	2
1959	6	153	2	0
1960	6	153	2	1
1961	6	153	2	2
1962	6	154	0	0
1963	6	154	0	1
1964	6	154	0	2
1965	6	154	1	0
1966	6	154	1	1
1967	6	154	1	2
1968	6	154	2	0
1969	6	154	2	1
1970	6	154	2	2
1971	6	155	0	0
1972	6	155	0	1
1973	6	155	0	2
1974	6	155	1	0
1975	6	155	1	1
1976	6	155	1	2
1977	6	155	2	0
1978	6	155	2	1
1979	6	155	2	2
1980	6	156	0	0
1981	6	156	0	1
1982	6	156	0	2
1983	6	156	1	0
1984	6	156	1	1
1985	6	156	1	2
1986	6	156	2	0
1987	6	156	2	1
1988	6	156	2	2
1989	6	157	0	0
1990	6	157	0	1
1991	6	157	0	2
1992	6	157	1	0
1993	6	157	1	1
1994	6	157	1	2
1995	6	157	2	0
1996	6	157	2	1
1997	6	157	2	2
1998	6	158	0	0
1999	6	158	0	1
2000	6	158	0	2
2001	6	158	1	0
2002	6	158	1	1
2003	6	158	1	2
2004	6	158	2	0
2005	6	158	2	1
2006	6	158	2	2
2007	6	159	0	0
2008	6	159	0	1
2009	6	159	0	2
2010	6	159	1	0
2011	6	159	1	1
2012	6	159	1	2
2013	6	159	2	0
2014	6	159	2	1
2015	6	159	2	2
2016	7	128	0	0
2017	7	128	0	1
2018	7	128	0	2
2019	7	128	1	0
2020	7	128	1	1
2021	7	128	1	2
2022	7	128	2	0
2023	7	128	2	1
2024	7	128	2	2
2025	7	129	0	0
2026	7	129	0	1
2027	7	129	0	2
2028	7	129	1	0
2029	7	129	1	1
2030	7	129	1	2
2031	7	129	2	0
2032	7	129	2	1
2033	7	129	2	2
2034	7	130	0	0
2035	7	130	0	1
2036	7	130	0	2
2037	7	130	1	0
2038	7	130	1	1
2039	7	130	1	2
2040	7	130	2	0
2041	7	130	2	1
2042	7	130	2	2
2043	7	131	0	0
2044	7	131	0	1
2045	7	131	0	2
2046	7	131	1	0
2047	7	131	1	1
2048	7	131	1	2
2049	7	131	2	0
2050	7	131	2	1
2051	7	131	2	2
2052	7	132	0	0
2053	7	132	0	1
2054	7	132	0	2
2055	7	132	1	0
2056	7	132	1	1
2057	7	132	1	2
2058	7	132	2	0
2059	7	132	2	1
2060	7	132	2	2
2061	7	133	0	0
2062	7	133	0	1
2063	7	133	0	2
2064	7	133	1	0
2065	7	133	1	1
2066	7	133	1	2
2067	7	133	2	0
2068	7	133	2	1
2069	7	133	2	2
2070	7	134	0	0
2071	7	134	0	1
2072	7	134	0	2
2073	7	134	1	0
2074	7	134	1	1
2075	7	134	1	2
2076	7	134	2	0
2077	7	134	2	1
2078	7	134	2	2
2079	7	135	0	0
2080	7	135	0	1
2081	7	135	0	2
2082	7	135	1	0
2083	7	135	1	1
2084	7	135	1	2
2085	7	135	2	0
2086	7	135	2	1
2087	7	135	2	2
2088	7	136	0	0
2089	7	136	0	1
2090	7	136	0	2
2091	7	136	1	0
2092	7	136	1	1
2093	7	136	1	2
2094	7	136	2	0
2095	7	136	2	1
2096	7	136	2	2
2097	7	137	0	0
2098	7	137	0	1
2099	7	137	0	2
2100	7	137	1	0
2101	7	137	1	1
2102	7	137	1	2
2103	7	137	2	0
2104	7	137	2	1
2105	7	137	2	2
2106	7	138	0	0
2107	7	138	0	1
2108	7	138	0	2
2109	7	138	1	0
2110	7	138	1	1
2111	7	138	1	2
2112	7	138	2	0
2113	7	138	2	1
2114	7	138	2	2
2115	7	139	0	0
2116	7	139	0	1
2117	7	139	0	2
2118	7	139	1	0
2119	7	139	1	1
2120	7	139	1	2
2121	7	139	2	0
2122	7	139	2	1
2123	7	139	2	2
2124	7	140	0	0
2125	7	140	0	1
2126	7	140	0	2
2127	7	140	1	0
2128	7	140	1	1
2129	7	140	1	2
2130	7	140	2	0
2131	7	140	2	1
2132	7	140	2	2
2133	7	141	0	0
2134	7	141	0	1
2135	7	141	0	2
2136	7	141	1	0
2137	7	141	1	1
2138	7	141	1	2
2139	7	141	2	0
2140	7	141	2	1
2141	7	141	2	2
2142	7	142	0	0
2143	7	142	0	1
2144	7	142	0	2
2145	7	142	1	0
2146	7	142	1	1
2147	7	142	1	2
2148	7	142	2	0
2149	7	142	2	1
2150	7	142	2	2
2151	7	143	0	0
2152	7	143	0	1
2153	7	143	0	2
2154	7	143	1	0
2155	7	143	1	1
2156	7	143	1	2
2157	7	143	2	0
2158	7	143	2	1
2159	7	143	2	2
2160	7	144	0	0
2161	7	144	0	1
2162	7	144	0	2
2163	7	144	1	0
2164	7	144	1	1
2165	7	144	1	2
2166	7	144	2	0
2167	7	144	2	1
2168	7	144	2	2
2169	7	145	0	0
2170	7	145	0	1
2171	7	145	0	2
2172	7	145	1	0
2173	7	145	1	1
2174	7	145	1	2
2175	7	145	2	0
2176	7	145	2	1
2177	7	145	2	2
2178	7	146	0	0
2179	7	146	0	1
2180	7	146	0	2
2181	7	146	1	0
2182	7	146	1	1
2183	7	146	1	2
2184	7	146	2	0
2185	7	146	2	1
2186	7	146	2	2
2187	7	147	0	0
2188	7	147	0	1
2189	7	147	0	2
2190	7	147	1	0
2191	7	147	1	1
2192	7	147	1	2
2193	7	147	2	0
2194	7	147	2	1
2195	7	147	2	2
2196	7	148	0	0
2197	7	148	0	1
2198	7	148	0	2
2199	7	148	1	0
2200	7	148	1	1
2201	7	148	1	2
2202	7	148	2	0
2203	7	148	2	1
2204	7	148	2	2
2205	7	149	0	0
2206	7	149	0	1
2207	7	149	0	2
2208	7	149	1	0
2209	7	149	1	1
2210	7	149	1	2
2211	7	149	2	0
2212	7	149	2	1
2213	7	149	2	2
2214	7	150	0	0
2215	7	150	0	1
2216	7	150	0	2
2217	7	150	1	0
2218	7	150	1	1
2219	7	150	1	2
2220	7	150	2	0
2221	7	150	2	1
2222	7	150	2	2
2223	7	151	0	0
2224	7	151	0	1
2225	7	151	0	2
2226	7	151	1	0
2227	7	151	1	1
2228	7	151	1	2
2229	7	151	2	0
2230	7	151	2	1
2231	7	151	2	2
2232	7	152	0	0
2233	7	152	0	1
2234	7	152	0	2
2235	7	152	1	0
2236	7	152	1	1
2237	7	152	1	2
2238	7	152	2	0
2239	7	152	2	1
2240	7	152	2	2
2241	7	153	0	0
2242	7	153	0	1
2243	7	153	0	2
2244	7	153	1	0
2245	7	153	1	1
2246	7	153	1	2
2247	7	153	2	0
2248	7	153	2	1
2249	7	153	2	2
2250	7	154	0	0
2251	7	154	0	1
2252	7	154	0	2
2253	7	154	1	0
2254	7	154	1	1
2255	7	154	1	2
2256	7	154	2	0
2257	7	154	2	1
2258	7	154	2	2
2259	7	155	0	0
2260	7	155	0	1
2261	7	155	0	2
2262	7	155	1	0
2263	7	155	1	1
2264	7	155	1	2
2265	7	155	2	0
2266	7	155	2	1
2267	7	155	2	2
2268	7	156	0	0
2269	7	156	0	1
2270	7	156	0	2
2271	7	156	1	0
2272	7	156	1	1
2273	7	156	1	2
2274	7	156	2	0
2275	7	156	2	1
2276	7	156	2	2
2277	7	157	0	0
2278	7	157	0	1
2279	7	157	0	2
2280	7	157	1	0
2281	7	157	1	1
2282	7	157	1	2
2283	7	157	2	0
2284	7	157	2	1
2285	7	157	2	2
2286	7	158	0	0
2287	7	158	0	1
2288	7	158	0	2
2289	7	158	1	0
2290	7	158	1	1
2291	7	158	1	2
2292	7	158	2	0
2293	7	158	2	1
2294	7	158	2	2
2295	7	159	0	0
2296	7	159	0	1
2297	7	159	0	2
2298	7	159	1	0
2299	7	159	1	1
2300	7	159	1	2
2301	7	159	2	0
2302	7	159	2	1
2303	7	159	2	2
2304	8	128	0	0
2305	8	128	0	1
2306	8	128	0	2
2307	8	128	1	0
2308	8	128	1	1
2309	8	128	1	2
2310	8	128	2	0
2311	8	128	2	1
2312	8	128	2	2
2313	8	129	0	0
2314	8	129	0	1
2315	8	129	0	2
2316	8	129	1	0
2317	8	129	1	1
2318	8	129	1	2
2319	8	129	2	0
2320	8	129	2	1
2321	8	129	2	2
2322	8	130	0	0
2323	8	130	0	1
2324	8	130	0	2
2325	8	130	1	0
2326	8	130	1	1
2327	8	130	1	2
2328	8	130	2	0
2329	8	130	2	1
2330	8	130	2	2
2331	8	131	0	0
2332	8	131	0	1
2333	8	131	0	2
2334	8	131	1	0
2335	8	131	1	1
2336	8	131	1	2
2337	8	131	2	0
2338	8	131	2	1
2339	8	131	2	2
2340	8	132	0	0
2341	8	132	0	1
2342	8	132	0	2
2343	8	132	1	0
2344	8	132	1	1
2345	8	132	1	2
2346	8	132	2	0
2347	8	132	2	1
2348	8	132	2	2
2349	8	133	0	0
2350	8	133	0	1
2351	8	133	0	2
2352	8	133	1	0
2353	8	133	1	1
2354	8	133	1	2
2355	8	133	2	0
2356	8	133	2	1
2357	8	133	2	2
2358	8	134	0	0
2359	8	134	0	1
2360	8	134	0	2
2361	8	134	1	0
2362	8	134	1	1
2363	8	134	1	2
2364	8	134	2	0
2365	8	134	2	1
2366	8	134	2	2
2367	8	135	0	0
2368	8	135	0	1
2369	8	135	0	2
2370	8	135	1	0
2371	8	135	1	1
2372	8	135	1	2
2373	8	135	2	0
2374	8	135	2	1
2375	8	135	2	2
2376	8	136	0	0
2377	8	136	0	1
2378	8	136	0	2
2379	8	136	1	0
2380	8	136	1	1
2381	8	136	1	2
2382	8	136	2	0
2383	8	136	2	1
2384	8	136	2	2
2385	8	137	0	0
2386	8	137	0	1
2387	8	137	0	2
2388	8	137	1	0
2389	8	137	1	1
2390	8	137	1	2
2391	8	137	2	0
2392	8	137	2	1
2393	8	137	2	2
2394	8	138	0	0
2395	8	138	0	1
2396	8	138	0	2
2397	8	138	1	0
2398	8	138	1	1
2399	8	138	1	2
2400	8	138	2	0
2401	8	138	2	1
2402	8	138	2	2
2403	8	139	0	0
2404	8	139	0	1
2405	8	139	0	2
2406	8	139	1	0
2407	8	139	1	1
2408	8	139	1	2
2409	8	139	2	0
2410	8	139	2	1
2411	8	139	2	2
2412	8	140	0	0
2413	8	140	0	1
2414	8	140	0	2
2415	8	140	1	0
2416	8	140	1	1
2417	8	140	1	2
2418	8	140	2	0
2419	8	140	2	1
2420	8	140	2	2
2421	8	141	0	0
2422	8	141	0	1
2423	8	141	0	2
2424	8	141	1	0
2425	8	141	1	1
2426	8	141	1	2
2427	8	141	2	0
2428	8	141	2	1
2429	8	141	2	2
2430	8	142	0	0
2431	8	142	0	1
2432	8	142	0	2
2433	8	142	1	0
2434	8	142	1	1
2435	8	142	1	2
2436	8	142	2	0
2437	8	142	2	1
2438	8	142	2	2
2439	8	143	0	0
2440	8	143	0	1
2441	8	143	0	2
2442	8	143	1	0
2443	8	143	1	1
2444	8	143	1	2
2445	8	143	2	0
2446	8	143	2	1
2447	8	143	2	2
2448	8	144	0	0
2449	8	144	0	1
2450	8	144	0	2
2451	8	144	1	0
2452	8	144	1	1
2453	8	144	1	2
2454	8	144	2	0
2455	8	144	2	1
2456	8	144	2	2
2457	8	145	0	0
2458	8	145	0	1
2459	8	145	0	2
2460	8	145	1	0
2461	8	145	1	1
2462	8	145	1	2
2463	8	145	2	0
2464	8	145	2	1
2465	8	145	2	2
2466	8	146	0	0
2467	8	146	0	1
2468	8	146	0	2
2469	8	146	1	0
2470	8	146	1	1
2471	8	146	1	2
2472	8	146	2	0
2473	8	146	2	1
2474	8	146	2	2
2475	8	147	0	0
2476	8	147	0	1
2477	8	147	0	2
2478	8	147	1	0
2479	8	147	1	1
2480	8	147	1	2
2481	8	147	2	0
2482	8	147	2	1
2483	8	147	2	2
2484	8	148	0	0
2485	8	148	0	1
2486	8	148	0	2
2487	8	148	1	0
2488	8	148	1	1
2489	8	148	1	2
2490	8	148	2	0
2491	8	148	2	1
2492	8	148	2	2
2493	8	149	0	0
2494	8	149	0	1
2495	8	149	0	2
2496	8	149	1	0
2497	8	149	1	1
2498	8	149	1	2
2499	8	149	2	0
2500	8	149	2	1
2501	8	149	2	2
2502	8	150	0	0
2503	8	150	0	1
2504	8	150	0	2
2505	8	150	1	0
2506	8	150	1	1
2507	8	150	1	2
2508	8	150	2	0
2509	8	150	2	1
2510	8	150	2	2
2511	8	151	0	0
2512	8	151	0	1
2513	8	151	0	2
2514	8	151	1	0
2515	8	151	1	1
2516	8	151	1	2
2517	8	151	2	0
2518	8	151	2	1
2519	8	151	2	2
2520	8	152	0	0
2521	8	152	0	1
2522	8	152	0	2
2523	8	152	1	0
2524	8	152	1	1
2525	8	152	1	2
2526	8	152	2	0
2527	8	152	2	1
2528	8	152	2	2
2529	8	153	0	0
2530	8	153	0	1
2531	8	153	0	2
2532	8	153	1	0
2533	8	153	1	1
2534	8	153	1	2
2535	8	153	2	0
2536	8	153	2	1
2537	8	153	2	2
2538	8	154	0	0
2539	8	154	0	1
2540	8	154	0	2
2541	8	154	1	0
2542	8	154	1	1
2543	8	154	1	2
2544	8	154	2	0
2545	8	154	2	1
2546	8	154	2	2
2547	8	155	0	0
2548	8	155	0	1
2549	8	155	0	2
2550	8	155	1	0
2551	8	155	1	1
2552	8	155	1	2
2553	8	155	2	0
2554	8	155	2	1
2555	8	155	2	2
2556	8	156	0	0
2557	8	156	0	1
2558	8	156	0	2
2559	8	156	1	0
2560	8	156	1	1
2561	8	156	1	2
2562	8	156	2	0
2563	8	156	2	1
2564	8	156	2	2
2565	8	157	0	0
2566	8	157	0	1
2567	8	157	0	2
2568	8	157	1	0
2569	8	157	1	1
2570	8	157	1	2
2571	8	157	2	0
2572	8	157	2	1
2573	8	157	2	2
2574	8	158	0	0
2575	8	158	0	1
2576	8	158	0	2
2577	8	158	1	0
2578	8	158	1	1
2579	8	158	1	2
2580	8	158	2	0
2581	8	158	2	1
2582	8	158	2	2
2583	8	159	0	0
2584	8	159	0	1
2585	8	159	0	2
2586	8	159	1	0
2587	8	159	1	1
2588	8	159	1	2
2589	8	159	2	0
2590	8	159	2	1
2591	8	159	2	2
2592	9	128	0	0
2593	9	128	0	1
2594	9	128	0	2
2595	9	128	1	0
2596	9	128	1	1
2597	9	128	1	2
2598	9	128	2	0
2599	9	128	2	1
2600	9	128	2	2
2601	9	129	0	0
2602	9	129	0	1
2603	9	129	0	2
2604	9	129	1	0
2605	9	129	1	1
2606	9	129	1	2
2607	9	129	2	0
2608	9	129	2	1
2609	9	129	2	2
2610	9	130	0	0
2611	9	130	0	1
2612	9	130	0	2
2613	9	130	1	0
2614	9	130	1	1
2615	9	130	1	2
2616	9	130	2	0
2617	9	130	2	1
2618	9	130	2	2
2619	9	131	0	0
2620	9	131	0	1
2621	9	131	0	2
2622	9	131	1	0
2623	9	131	1	1
2624	9	131	1	2
2625	9	131	2	0
2626	9	131	2	1
2627	9	131	2	2
2628	9	132	0	0
2629	9	132	0	1
2630	9	132	0	2
2631	9	132	1	0
2632	9	132	1	1
2633	9	132	1	2
2634	9	132	2	0
2635	9	132	2	1
2636	9	132	2	2
2637	9	133	0	0
2638	9	133	0	1
2639	9	133	0	2
2640	9	133	1	0
2641	9	133	1	1
2642	9	133	1	2
2643	9	133	2	0
2644	9	133	2	1
2645	9	133	2	2
2646	9	134	0	0
2647	9	134	0	1
2648	9	134	0	2
2649	9	134	1	0
2650	9	134	1	1
2651	9	134	1	2
2652	9	134	2	0
2653	9	134	2	1
2654	9	134	2	2
2655	9	135	0	0
2656	9	135	0	1
2657	9	135	0	2
2658	9	135	1	0
2659	9	135	1	1
2660	9	135	1	2
2661	9	135	2	0
2662	9	135	2	1
2663	9	135	2	2
2664	9	136	0	0
2665	9	136	0	1
2666	9	136	0	2
2667	9	136	1	0
2668	9	136	1	1
2669	9	136	1	2
2670	9	136	2	0
2671	9	136	2	1
2672	9	136	2	2
2673	9	137	0	0
2674	9	137	0	1
2675	9	137	0	2
2676	9	137	1	0
2677	9	137	1	1
2678	9	137	1	2
2679	9	137	2	0
2680	9	137	2	1
2681	9	137	2	2
2682	9	138	0	0
2683	9	138	0	1
2684	9	138	0	2
2685	9	138	1	0
2686	9	138	1	1
2687	9	138	1	2
2688	9	138	2	0
2689	9	138	2	1
2690	9	138	2	2
2691	9	139	0	0
2692	9	139	0	1
2693	9	139	0	2
2694	9	139	1	0
2695	9	139	1	1
2696	9	139	1	2
2697	9	139	2	0
2698	9	139	2	1
2699	9	139	2	2
2700	9	140	0	0
2701	9	140	0	1
2702	9	140	0	2
2703	9	140	1	0
2704	9	140	1	1
2705	9	140	1	2
2706	9	140	2	0
2707	9	140	2	1
2708	9	140	2	2
2709	9	141	0	0
2710	9	141	0	1
2711	9	141	0	2
2712	9	141	1	0
2713	9	141	1	1
2714	9	141	1	2
2715	9	141	2	0
2716	9	141	2	1
2717	9	141	2	2
2718	9	142	0	0
2719	9	142	0	1
2720	9	142	0	2
2721	9	142	1	0
2722	9	142	1	1
2723	9	142	1	2
2724	9	142	2	0
2725	9	142	2	1
2726	9	142	2	2
2727	9	143	0	0
2728	9	143	0	1
2729	9	143	0	2
2730	9	143	1	0
2731	9	143	1	1
2732	9	143	1	2
2733	9	143	2	0
2734	9	143	2	1
2735	9	143	2	2
2736	9	144	0	0
2737	9	144	0	1
2738	9	144	0	2
2739	9	144	1	0
2740	9	144	1	1
2741	9	144	1	2
2742	9	144	2	0
2743	9	144	2	1
2744	9	144	2	2
2745	9	145	0	0
2746	9	145	0	1
2747	9	145	0	2
2748	9	145	1	0
2749	9	145	1	1
2750	9	145	1	2
2751	9	145	2	0
2752	9	145	2	1
2753	9	145	2	2
2754	9	146	0	0
2755	9	146	0	1
2756	9	146	0	2
2757	9	146	1	0
2758	9	146	1	1
2759	9	146	1	2
2760	9	146	2	0
2761	9	146	2	1
2762	9	146	2	2
2763	9	147	0	0
2764	9	147	0	1
2765	9	147	0	2
2766	9	147	1	0
2767	9	147	1	1
2768	9	147	1	2
2769	9	147	2	0
2770	9	147	2	1
2771	9	147	2	2
2772	9	148	0	0
2773	9	148	0	1
2774	9	148	0	2
2775	9	148	1	0
2776	9	148	1	1
2777	9	148	1	2
2778	9	148	2	0
2779	9	148	2	1
2780	9	148	2	2
2781	9	149	0	0
2782	9	149	0	1
2783	9	149	0	2
2784	9	149	1	0
2785	9	149	1	1
2786	9	149	1	2
2787	9	149	2	0
2788	9	149	2	1
2789	9	149	2	2
2790	9	150	0	0
2791	9	150	0	1
2792	9	150	0	2
2793	9	150	1	0
2794	9	150	1	1
2795	9	150	1	2
2796	9	150	2	0
2797	9	150	2	1
2798	9	150	2	2
2799	9	151	0	0
2800	9	151	0	1
2801	9	151	0	2
2802	9	151	1	0
2803	9	151	1	1
2804	9	151	1	2
2805	9	151	2	0
2806	9	151	2	1
2807	9	151	2	2
2808	9	152	0	0
2809	9	152	0	1
2810	9	152	0	2
2811	9	152	1	0
2812	9	152	1	1
2813	9	152	1	2
2814	9	152	2	0
2815	9	152	2	1
2816	9	152	2	2
2817	9	153	0	0
2818	9	153	0	1
2819	9	153	0	2
2820	9	153	1	0
2821	9	153	1	1
2822	9	153	1	2
2823	9	153	2	0
2824	9	153	2	1
2825	9	153	2	2
2826	9	154	0	0
2827	9	154	0	1
2828	9	154	0	2
2829	9	154	1	0
2830	9	154	1	1
2831	9	154	1	2
2832	9	154	2	0
2833	9	154	2	1
2834	9	154	2	2
2835	9	155	0	0
2836	9	155	0	1
2837	9	155	0	2
2838	9	155	1	0
2839	9	155	1	1
2840	9	155	1	2
2841	9	155	2	0
2842	9	155	2	1
2843	9	155	2	2
2844	9	156	0	0
2845	9	156	0	1
2846	9	156	0	2
2847	9	156	1	0
2848	9	156	1	1
2849	9	156	1	2
2850	9	156	2	0
2851	9	156	2	1
2852	9	156	2	2
2853	9	157	0	0
2854	9	157	0	1
2855	9	157	0	2
2856	9	157	1	0
2857	9	157	1	1
2858	9	157	1	2
2859	9	157	2	0
2860	9	157	2	1
2861	9	157	2	2
2862	9	158	0	0
2863	9	158	0	1
2864	9	158	0	2
2865	9	158	1	0
2866	9	158	1	1
2867	9	158	1	2
2868	9	158	2	0
2869	9	158	2	1
2870	9	158	2	2
2871	9	159	0	0
2872	9	159	0	1
2873	9	159	0	2
2874	9	159	1	0
2875	9	159	1	1
2876	9	159	1	2
2877	9	159	2	0
2878	9	159	2	1
2879	9	159	2	2
2880	10	128	0	0
2881	10	128	0	1
2882	10	128	0	2
2883	10	128	1	0
2884	10	128	1	1
2885	10	128	1	2
2886	10	128	2	0
2887	10	128	2	1
2888	10	128	2	2
2889	10	129	0	0
2890	10	129	0	1
2891	10	129	0	2
2892	10	129	1	0
2893	10	129	1	1
2894	10	129	1	2
2895	10	129	2	0
2896	10	129	2	1
2897	10	129	2	2
2898	10	130	0	0
2899	10	130	0	1
2900	10	130	0	2
2901	10	130	1	0
2902	10	130	1	1
2903	10	130	1	2
2904	10	130	2	0
2905	10	130	2	1
2906	10	130	2	2
2907	10	131	0	0
2908	10	131	0	1
2909	10	131	0	2
2910	10	131	1	0
2911	10	131	1	1
2912	10	131	1	2
2913	10	131	2	0
2914	10	131	2	1
2915	10	131	2	2
2916	10	132	0	0
2917	10	132	0	1
2918	10	132	0	2
2919	10	132	1	0
2920	10	132	1	1
2921	10	132	1	2
2922	10	132	2	0
2923	10	132	2	1
2924	10	132	2	2
2925	10	133	0	0
2926	10	133	0	1
2927	10	133	0	2
2928	10	133	1	0
2929	10	133	1	1
2930	10	133	1	2
2931	10	133	2	0
2932	10	133	2	1
2933	10	133	2	2
2934	10	134	0	0
2935	10	134	0	1
2936	10	134	0	2
2937	10	134	1	0
2938	10	134	1	1
2939	10	134	1	2
2940	10	134	2	0
2941	10	134	2	1
2942	10	134	2	2
2943	10	135	0	0
2944	10	135	0	1
2945	10	135	0	2
2946	10	135	1	0
2947	10	135	1	1
2948	10	135	1	2
2949	10	135	2	0
2950	10	135	2	1
2951	10	135	2	2
2952	10	136	0	0
2953	10	136	0	1
2954	10	136	0	2
2955	10	136	1	0
2956	10	136	1	1
2957	10	136	1	2
2958	10	136	2	0
2959	10	136	2	1
2960	10	136	2	2
2961	10	137	0	0
2962	10	137	0	1
2963	10	137	0	2
2964	10	137	1	0
2965	10	137	1	1
2966	10	137	1	2
2967	10	137	2	0
2968	10	137	2	1
2969	10	137	2	2
2970	10	138	0	0
2971	10	138	0	1
2972	10	138	0	2
2973	10	138	1	0
2974	10	138	1	1
2975	10	138	1	2
2976	10	138	2	0
2977	10	138	2	1
2978	10	138	2	2
2979	10	139	0	0
2980	10	139	0	1
2981	10	139	0	2
2982	10	139	1	0
2983	10	139	1	1
2984	10	139	1	2
2985	10	139	2	0
2986	10	139	2	1
2987	10	139	2	2
2988	10	140	0	0
2989	10	140	0	1
2990	10	140	0	2
2991	10	140	1	0
2992	10	140	1	1
2993	10	140	1	2
2994	10	140	2	0
2995	10	140	2	1
2996	10	140	2	2
2997	10	141	0	0
2998	10	141	0	1
2999	10	141	0	2
3000	10	141	1	0
3001	10	141	1	1
3002	10	141	1	2
3003	10	141	2	0
3004	10	141	2	1
3005	10	141	2	2
3006	10	142	0	0
3007	10	142	0	1
3008	10	142	0	2
3009	10	142	1	0
3010	10	142	1	1
3011	10	142	1	2
3012	10	142	2	0
3013	10	142	2	1
3014	10	142	2	2
3015	10	143	0	0
3016	10	143	0	1
3017	10	143	0	2
3018	10	143	1	0
3019	10	143	1	1
3020	10	143	1	2
3021	10	143	2	0
3022	10	143	2	1
3023	10	143	2	2
3024	10	144	0	0
3025	10	144	0	1
3026	10	144	0	2
3027	10	144	1	0
3028	10	144	1	1
3029	10	144	1	2
3030	10	144	2	0
3031	10	144	2	1
3032	10	144	2	2
3033	10	145	0	0
3034	10	145	0	1
3035	10	145	0	2
3036	10	145	1	0
3037	10	145	1	1
3038	10	145	1	2
3039	10	145	2	0
3040	10	145	2	1
3041	10	145	2	2
3042	10	146	0	0
3043	10	146	0	1
3044	10	146	0	2
3045	10	146	1	0
3046	10	146	1	1
3047	10	146	1	2
3048	10	146	2	0
3049	10	146	2	1
3050	10	146	2	2
3051	10	147	0	0
3052	10	147	0	1
3053	10	147	0	2
3054	10	147	1	0
3055	10	147	1	1
3056	10	147	1	2
3057	10	147	2	0
3058	10	147	2	1
3059	10	147	2	2
3060	10	148	0	0
3061	10	148	0	1
3062	10	148	0	2
3063	10	148	1	0
3064	10	148	1	1
3065	10	148	1	2
3066	10	148	2	0
3067	10	148	2	1
3068	10	148	2	2
3069	10	149	0	0
3070	10	149	0	1
3071	10	149	0	2
3072	10	149	1	0
3073	10	149	1	1
3074	10	149	1	2
3075	10	149	2	0
3076	10	149	2	1
3077	10	149	2	2
3078	10	150	0	0
3079	10	150	0	1
3080	10	150	0	2
3081	10	150	1	0
3082	10	150	1	1
3083	10	150	1	2
3084	10	150	2	0
3085	10	150	2	1
3086	10	150	2	2
3087	10	151	0	0
3088	10	151	0	1
3089	10	151	0	2
3090	10	151	1	0
3091	10	151	1	1
3092	10	151	1	2
3093	10	151	2	0
3094	10	151	2	1
3095	10	151	2	2
3096	10	152	0	0
3097	10	152	0	1
3098	10	152	0	2
3099	10	152	1	0
3100	10	152	1	1
3101	10	152	1	2
3102	10	152	2	0
3103	10	152	2	1
3104	10	152	2	2
3105	10	153	0	0
3106	10	153	0	1
3107	10	153	0	2
3108	10	153	1	0
3109	10	153	1	1
3110	10	153	1	2
3111	10	153	2	0
3112	10	153	2	1
3113	10	153	2	2
3114	10	154	0	0
3115	10	154	0	1
3116	10	154	0	2
3117	10	154	1	0
3118	10	154	1	1
3119	10	154	1	2
3120	10	154	2	0
3121	10	154	2	1
3122	10	154	2	2
3123	10	155	0	0
3124	10	155	0	1
3125	10	155	0	2
3126	10	155	1	0
3127	10	155	1	1
3128	10	155	1	2
3129	10	155	2	0
3130	10	155	2	1
3131	10	155	2	2
3132	10	156	0	0
3133	10	156	0	1
3134	10	156	0	2
3135	10	156	1	0
3136	10	156	1	1
3137	10	156	1	2
3138	10	156	2	0
3139	10	156	2	1
3140	10	156	2	2
3141	10	157	0	0
3142	10	157	0	1
3143	10	157	0	2
3144	10	157	1	0
3145	10	157	1	1
3146	10	157	1	2
3147	10	157	2	0
3148	10	157	2	1
3149	10	157	2	2
3150	10	158	0	0
3151	10	158	0	1
3152	10	158	0	2
3153	10	158	1	0
3154	10	158	1	1
3155	10	158	1	2
3156	10	158	2	0
3157	10	158	2	1
3158	10	158	2	2
3159	10	159	0	0
3160	10	159	0	1
3161	10	159	0	2
3162	10	159	1	0
3163	10	159	1	1
3164	10	159	1	2
3165	10	159	2	0
3166	10	159	2	1
3167	10	159	2	2
3168	11	128	0	0
3169	11	128	0	1
3170	11	128	0	2
3171	11	128	1	0
3172	11	128	1	1
3173	11	128	1	2
3174	11	128	2	0
3175	11	128	2	1
3176	11	128	2	2
3177	11	129	0	0
3178	11	129	0	1
3179	11	129	0	2
3180	11	129	1	0
3181	11	129	1	1
3182	11	129	1	2
3183	11	129	2	0
3184	11	129	2	1
3185	11	129	2	2
3186	11	130	0	0
3187	11	130	0	1
3188	11	130	0	2
3189	11	130	1	0
3190	11	130	1	1
3191	11	130	1	2
3192	11	130	2	0
3193	11	130	2	1
3194	11	130	2	2
3195	11	131	0	0
3196	11	131	0	1
3197	11	131	0	2
3198	11	131	1	0
3199	11	131	1	1
3200	11	131	1	2
3201	11	131	2	0
3202	11	131	2	1
3203	11	131	2	2
3204	11	132	0	0
3205	11	132	0	1
3206	11	132	0	2
3207	11	132	1	0
3208	11	132	1	1
3209	11	132	1	2
3210	11	132	2	0
3211	11	132	2	1
3212	11	132	2	2
3213	11	133	0	0
3214	11	133	0	1
3215	11	133	0	2
3216	11	133	1	0
3217	11	133	1	1
3218	11	133	1	2
3219	11	133	2	0
3220	11	133	2	1
3221	11	133	2	2
3222	11	134	0	0
3223	11	134	0	1
3224	11	134	0	2
3225	11	134	1	0
3226	11	134	1	1
3227	11	134	1	2
3228	11	134	2	0
3229	11	134	2	1
3230	11	134	2	2
3231	11	135	0	0
3232	11	135	0	1
3233	11	135	0	2
3234	11	135	1	0
3235	11	135	1	1
3236	11	135	1	2
3237	11	135	2	0
3238	11	135	2	1
3239	11	135	2	2
3240	11	136	0	0
3241	11	136	0	1
3242	11	136	0	2
3243	11	136	1	0
3244	11	136	1	1
3245	11	136	1	2
3246	11	136	2	0
3247	11	136	2	1
3248	11	136	2	2
3249	11	137	0	0
3250	11	137	0	1
3251	11	137	0	2
3252	11	137	1	0
3253	11	137	1	1
3254	11	137	1	2
3255	11	137	2	0
3256	11	137	2	1
3257	11	137	2	2
3258	11	138	0	0
3259	11	138	0	1
3260	11	138	0	2
3261	11	138	1	0
3262	11	138	1	1
3263	11	138	1	2
3264	11	138	2	0
3265	11	138	2	1
3266	11	138	2	2
3267	11	139	0	0
3268	11	139	0	1
3269	11	139	0	2
3270	11	139	1	0
3271	11	139	1	1
3272	11	139	1	2
3273	11	139	2	0
3274	11	139	2	1
3275	11	139	2	2
3276	11	140	0	0
3277	11	140	0	1
3278	11	140	0	2
3279	11	140	1	0
3280	11	140	1	1
3281	11	140	1	2
3282	11	140	2	0
3283	11	140	2	1
3284	11	140	2	2
3285	11	141	0	0
3286	11	141	0	1
3287	11	141	0	2
3288	11	141	1	0
3289	11	141	1	1
3290	11	141	1	2
3291	11	141	2	0
3292	11	141	2	1
3293	11	141	2	2
3294	11	142	0	0
3295	11	142	0	1
3296	11	142	0	2
3297	11	142	1	0
3298	11	142	1	1
3299	11	142	1	2
3300	11	142	2	0
3301	11	142	2	1
3302	11	142	2	2
3303	11	143	0	0
3304	11	143	0	1
3305	11	143	0	2
3306	11	143	1	0
3307	11	143	1	1
3308	11	143	1	2
3309	11	143	2	0
3310	11	143	2	1
3311	11	143	2	2
3312	11	144	0	0
3313	11	144	0	1
3314	11	144	0	2
3315	11	144	1	0
3316	11	144	1	1
3317	11	144	1	2
3318	11	144	2	0
3319	11	144	2	1
3320	11	144	2	2
3321	11	145	0	0
3322	11	145	0	1
3323	11	145	0	2
3324	11	145	1	0
3325	11	145	1	1
3326	11	145	1	2
3327	11	145	2	0
3328	11	145	2	1
3329	11	145	2	2
3330	11	146	0	0
3331	11	146	0	1
3332	11	146	0	2
3333	11	146	1	0
3334	11	146	1	1
3335	11	146	1	2
3336	11	146	2	0
3337	11	146	2	1
3338	11	146	2	2
3339	11	147	0	0
3340	11	147	0	1
3341	11	147	0	2
3342	11	147	1	0
3343	11	147	1	1
3344	11	147	1	2
3345	11	147	2	0
3346	11	147	2	1
3347	11	147	2	2
3348	11	148	0	0
3349	11	148	0	1
3350	11	148	0	2
3351	11	148	1	0
3352	11	148	1	1
3353	11	148	1	2
3354	11	148	2	0
3355	11	148	2	1
3356	11	148	2	2
3357	11	149	0	0
3358	11	149	0	1
3359	11	149	0	2
3360	11	149	1	0
3361	11	149	1	1
3362	11	149	1	2
3363	11	149	2	0
3364	11	149	2	1
3365	11	149	2	2
3366	11	150	0	0
3367	11	150	0	1
3368	11	150	0	2
3369	11	150	1	0
3370	11	150	1	1
3371	11	150	1	2
3372	11	150	2	0
3373	11	150	2	1
3374	11	150	2	2
3375	11	151	0	0
3376	11	151	0	1
3377	11	151	0	2
3378	11	151	1	0
3379	11	151	1	1
3380	11	151	1	2
3381	11	151	2	0
3382	11	151	2	1
3383	11	151	2	2
3384	11	152	0	0
3385	11	152	0	1
3386	11	152	0	2
3387	11	152	1	0
3388	11	152	1	1
3389	11	152	1	2
3390	11	152	2	0
3391	11	152	2	1
3392	11	152	2	2
3393	11	153	0	0
3394	11	153	0	1
3395	11	153	0	2
3396	11	153	1	0
3397	11	153	1	1
3398	11	153	1	2
3399	11	153	2	0
3400	11	153	2	1
3401	11	153	2	2
3402	11	154	0	0
3403	11	154	0	1
3404	11	154	0	2
3405	11	154	1	0
3406	11	154	1	1
3407	11	154	1	2
3408	11	154	2	0
3409	11	154	2	1
3410	11	154	2	2
3411	11	155	0	0
3412	11	155	0	1
3413	11	155	0	2
3414	11	155	1	0
3415	11	155	1	1
3416	11	155	1	2
3417	11	155	2	0
3418	11	155	2	1
3419	11	155	2	2
3420	11	156	0	0
3421	11	156	0	1
3422	11	156	0	2
3423	11	156	1	0
3424	11	156	1	1
3425	11	156	1	2
3426	11	156	2	0
3427	11	156	2	1
3428	11	156	2	2
3429	11	157	0	0
3430	11	157	0	1
3431	11	157	0	2
3432	11	157	1	0
3433	11	157	1	1
3434	11	157	1	2
3435	11	157	2	0
3436	11	157	2	1
3437	11	157	2	2
3438	11	158	0	0
3439	11	158	0	1
3440	11	158	0	2
3441	11	158	1	0
3442	11	158	1	1
3443	11	158	1	2
3444	11	158	2	0
3445	11	158	2	1
3446	11	158	2	2
3447	11	159	0	0
3448	11	159	0	1
3449	11	159	0	2
3450	11	159	1	0
3451	11	159	1	1
3452	11	159	1	2
3453	11	159	2	0
3454	11	159	2	1
3455	11	159	2	2
3456	12	128	0	0
3457	12	128	0	1
3458	12	128	0	2
3459	12	128	1	0
3460	12	128	1	1
3461	12	128	1	2
3462	12	128	2	0
3463	12	128	2	1
3464	12	128	2	2
3465	12	129	0	0
3466	12	129	0	1
3467	12	129	0	2
3468	12	129	1	0
3469	12	129	1	1
3470	12	129	1	2
3471	12	129	2	0
3472	12	129	2	1
3473	12	129	2	2
3474	12	130	0	0
3475	12	130	0	1
3476	12	130	0	2
3477	12	130	1	0
3478	12	130	1	1
3479	12	130	1	2
3480	12	130	2	0
3481	12	130	2	1
3482	12	130	2	2
3483	12	131	0	0
3484	12	131	0	1
3485	12	131	0	2
3486	12	131	1	0
3487	12	131	1	1
3488	12	131	1	2
3489	12	131	2	0
3490	12	131	2	1
3491	12	131	2	2
3492	12	132	0	0
3493	12	132	0	1
3494	12	132	0	2
3495	12	132	1	0
3496	12	132	1	1
3497	12	132	1	2
3498	12	132	2	0
3499	12	132	2	1
3500	12	132	2	2
3501	12	133	0	0
3502	12	133	0	1
3503	12	133	0	2
3504	12	133	1	0
3505	12	133	1	1
3506	12	133	1	2
3507	12	133	2	0
3508	12	133	2	1
3509	12	133	2	2
3510	12	134	0	0
3511	12	134	0	1
3512	12	134	0	2
3513	12	134	1	0
3514	12	134	1	1
3515	12	134	1	2
3516	12	134	2	0
3517	12	134	2	1
3518	12	134	2	2
3519	12	135	0	0
3520	12	135	0	1
3521	12	135	0	2
3522	12	135	1	0
3523	12	135	1	1
3524	12	135	1	2
3525	12	135	2	0
3526	12	135	2	1
3527	12	135	2	2
3528	12	136	0	0
3529	12	136	0	1
3530	12	136	0	2
3531	12	136	1	0
3532	12	136	1	1
3533	12	136	1	2
3534	12	136	2	0
3535	12	136	2	1
3536	12	136	2	2
3537	12	137	0	0
3538	12	137	0	1
3539	12	137	0	2
3540	12	137	1	0
3541	12	137	1	1
3542	12	137	1	2
3543	12	137	2	0
3544	12	137	2	1
3545	12	137	2	2
3546	12	138	0	0
3547	12	138	0	1
3548	12	138	0	2
3549	12	138	1	0
3550	12	138	1	1
3551	12	138	1	2
3552	12	138	2	0
3553	12	138	2	1
3554	12	138	2	2
3555	12	139	0	0
3556	12	139	0	1
3557	12	139	0	2
3558	12	139	1	0
3559	12	139	1	1
3560	12	139	1	2
3561	12	139	2	0
3562	12	139	2	1
3563	12	139	2	2
3564	12	140	0	0
3565	12	140	0	1
3566	12	140	0	2
3567	12	140	1	0
3568	12	140	1	1
3569	12	140	1	2
3570	12	140	2	0
3571	12	140	2	1
3572	12	140	2	2
3573	12	141	0	0
3574	12	141	0	1
3575	12	141	0	2
3576	12	141	1	0
3577	12	141	1	1
3578	12	141	1	2
3579	12	141	2	0
3580	12	141	2	1
3581	12	141	2	2
3582	12	142	0	0
3583	12	142	0	1
3584	12	142	0	2
3585	12	142	1	0
3586	12	142	1	1
3587	12	142	1	2
3588	12	142	2	0
3589	12	142	2	1
3590	12	142	2	2
3591	12	143	0	0
3592	12	143	0	1
3593	12	143	0	2
3594	12	143	1	0
3595	12	143	1	1
3596	12	143	1	2
3597	12	143	2	0
3598	12	143	2	1
3599	12	143	2	2
3600	12	144	0	0
3601	12	144	0	1
3602	12	144	0	2
3603	12	144	1	0
3604	12	144	1	1
3605	12	144	1	2
3606	12	144	2	0
3607	12	144	2	1
3608	12	144	2	2
3609	12	145	0	0
3610	12	145	0	1
3611	12	145	0	2
3612	12	145	1	0
3613	12	145	1	1
3614	12	145	1	2
3615	12	145	2	0
3616	12	145	2	1
3617	12	145	2	2
3618	12	146	0	0
3619	12	146	0	1
3620	12	146	0	2
3621	12	146	1	0
3622	12	146	1	1
3623	12	146	1	2
3624	12	146	2	0
3625	12	146	2	1
3626	12	146	2	2
3627	12	147	0	0
3628	12	147	0	1
3629	12	147	0	2
3630	12	147	1	0
3631	12	147	1	1
3632	12	147	1	2
3633	12	147	2	0
3634	12	147	2	1
3635	12	147	2	2
3636	12	148	0	0
3637	12	148	0	1
3638	12	148	0	2
3639	12	148	1	0
3640	12	148	1	1
3641	12	148	1	2
3642	12	148	2	0
3643	12	148	2	1
3644	12	148	2	2
3645	12	149	0	0
3646	12	149	0	1
3647	12	149	0	2
3648	12	149	1	0
3649	12	149	1	1
3650	12	149	1	2
3651	12	149	2	0
3652	12	149	2	1
3653	12	149	2	2
3654	12	150	0	0
3655	12	150	0	1
3656	12	150	0	2
3657	12	150	1	0
3658	12	150	1	1
3659	12	150	1	2
3660	12	150	2	0
3661	12	150	2	1
3662	12	150	2	2
3663	12	151	0	0
3664	12	151	0	1
3665	12	151	0	2
3666	12	151	1	0
3667	12	151	1	1
3668	12	151	1	2
3669	12	151	2	0
3670	12	151	2	1
3671	12	151	2	2
3672	12	152	0	0
3673	12	152	0	1
3674	12	152	0	2
3675	12	152	1	0
3676	12	152	1	1
3677	12	152	1	2
3678	12	152	2	0
3679	12	152	2	1
3680	12	152	2	2
3681	12	153	0	0
3682	12	153	0	1
3683	12	153	0	2
3684	12	153	1	0
3685	12	153	1	1
3686	12	153	1	2
3687	12	153	2	0
3688	12	153	2	1
3689	12	153	2	2
3690	12	154	0	0
3691	12	154	0	1
3692	12	154	0	2
3693	12	154	1	0
3694	12	154	1	1
3695	12	154	1	2
3696	12	154	2	0
3697	12	154	2	1
3698	12	154	2	2
3699	12	155	0	0
3700	12	155	0	1
3701	12	155	0	2
3702	12	155	1	0
3703	12	155	1	1
3704	12	155	1	2
3705	12	155	2	0
3706	12	155	2	1
3707	12	155	2	2
3708	12	156	0	0
3709	12	156	0	1
3710	12	156	0	2
3711	12	156	1	0
3712	12	156	1	1
3713	12	156	1	2
3714	12	156	2	0
3715	12	156	2	1
3716	12	156	2	2
3717	12	157	0	0
3718	12	157	0	1
3719	12	157	0	2
3720	12	157	1	0
3721	12	157	1	1
3722	12	157	1	2
3723	12	157	2	0
3724	12	157	2	1
3725	12	157	2	2
3726	12	158	0	0
3727	12	158	0	1
3728	12	158	0	2
3729	12	158	1	0
3730	12	158	1	1
3731	12	158	1	2
3732	12	158	2	0
3733	12	158	2	1
3734	12	158	2	2
3735	12	159	0	0
3736	12	159	0	1
3737	12	159	0	2
3738	12	159	1	0
3739	12	159	1	1
3740	12	159	1	2
3741	12	159	2	0
3742	12	159	2	1
3743	12	159	2	2
3744	13	128	0	0
3745	13	128	0	1
3746	13	128	0	2
3747	13	128	1	0
3748	13	128	1	1
3749	13	128	1	2
3750	13	128	2	0
3751	13	128	2	1
3752	13	128	2	2
3753	13	129	0	0
3754	13	129	0	1
3755	13	129	0	2
3756	13	129	1	0
3757	13	129	1	1
3758	13	129	1	2
3759	13	129	2	0
3760	13	129	2	1
3761	13	129	2	2
3762	13	130	0	0
3763	13	130	0	1
3764	13	130	0	2
3765	13	130	1	0
3766	13	130	1	1
3767	13	130	1	2
3768	13	130	2	0
3769	13	130	2	1
3770	13	130	2	2
3771	13	131	0	0
3772	13	131	0	1
3773	13	131	0	2
3774	13	131	1	0
3775	13	131	1	1
3776	13	131	1	2
3777	13	131	2	0
3778	13	131	2	1
3779	13	131	2	2
3780	13	132	0	0
3781	13	132	0	1
3782	13	132	0	2
3783	13	132	1	0
3784	13	132	1	1
3785	13	132	1	2
3786	13	132	2	0
3787	13	132	2	1
3788	13	132	2	2
3789	13	133	0	0
3790	13	133	0	1
3791	13	133	0	2
3792	13	133	1	0
3793	13	133	1	1
3794	13	133	1	2
3795	13	133	2	0
3796	13	133	2	1
3797	13	133	2	2
3798	13	134	0	0
3799	13	134	0	1
3800	13	134	0	2
3801	13	134	1	0
3802	13	134	1	1
3803	13	134	1	2
3804	13	134	2	0
3805	13	134	2	1
3806	13	134	2	2
3807	13	135	0	0
3808	13	135	0	1
3809	13	135	0	2
3810	13	135	1	0
3811	13	135	1	1
3812	13	135	1	2
3813	13	135	2	0
3814	13	135	2	1
3815	13	135	2	2
3816	13	136	0	0
3817	13	136	0	1
3818	13	136	0	2
3819	13	136	1	0
3820	13	136	1	1
3821	13	136	1	2
3822	13	136	2	0
3823	13	136	2	1
3824	13	136	2	2
3825	13	137	0	0
3826	13	137	0	1
3827	13	137	0	2
3828	13	137	1	0
3829	13	137	1	1
3830	13	137	1	2
3831	13	137	2	0
3832	13	137	2	1
3833	13	137	2	2
3834	13	138	0	0
3835	13	138	0	1
3836	13	138	0	2
3837	13	138	1	0
3838	13	138	1	1
3839	13	138	1	2
3840	13	138	2	0
3841	13	138	2	1
3842	13	138	2	2
3843	13	139	0	0
3844	13	139	0	1
3845	13	139	0	2
3846	13	139	1	0
3847	13	139	1	1
3848	13	139	1	2
3849	13	139	2	0
3850	13	139	2	1
3851	13	139	2	2
3852	13	140	0	0
3853	13	140	0	1
3854	13	140	0	2
3855	13	140	1	0
3856	13	140	1	1
3857	13	140	1	2
3858	13	140	2	0
3859	13	140	2	1
3860	13	140	2	2
3861	13	141	0	0
3862	13	141	0	1
3863	13	141	0	2
3864	13	141	1	0
3865	13	141	1	1
3866	13	141	1	2
3867	13	141	2	0
3868	13	141	2	1
3869	13	141	2	2
3870	13	142	0	0
3871	13	142	0	1
3872	13	142	0	2
3873	13	142	1	0
3874	13	142	1	1
3875	13	142	1	2
3876	13	142	2	0
3877	13	142	2	1
3878	13	142	2	2
3879	13	143	0	0
3880	13	143	0	1
3881	13	143	0	2
3882	13	143	1	0
3883	13	143	1	1
3884	13	143	1	2
3885	13	143	2	0
3886	13	143	2	1
3887	13	143	2	2
3888	13	144	0	0
3889	13	144	0	1
3890	13	144	0	2
3891	13	144	1	0
3892	13	144	1	1
3893	13	144	1	2
3894	13	144	2	0
3895	13	144	2	1
3896	13	144	2	2
3897	13	145	0	0
3898	13	145	0	1
3899	13	145	0	2
3900	13	145	1	0
3901	13	145	1	1
3902	13	145	1	2
3903	13	145	2	0
3904	13	145	2	1
3905	13	145	2	2
3906	13	146	0	0
3907	13	146	0	1
3908	13	146	0	2
3909	13	146	1	0
3910	13	146	1	1
3911	13	146	1	2
3912	13	146	2	0
3913	13	146	2	1
3914	13	146	2	2
3915	13	147	0	0
3916	13	147	0	1
3917	13	147	0	2
3918	13	147	1	0
3919	13	147	1	1
3920	13	147	1	2
3921	13	147	2	0
3922	13	147	2	1
3923	13	147	2	2
3924	13	148	0	0
3925	13	148	0	1
3926	13	148	0	2
3927	13	148	1	0
3928	13	148	1	1
3929	13	148	1	2
3930	13	148	2	0
3931	13	148	2	1
3932	13	148	2	2
3933	13	149	0	0
3934	13	149	0	1
3935	13	149	0	2
3936	13	149	1	0
3937	13	149	1	1
3938	13	149	1	2
3939	13	149	2	0
3940	13	149	2	1
3941	13	149	2	2
3942	13	150	0	0
3943	13	150	0	1
3944	13	150	0	2
3945	13	150	1	0
3946	13	150	1	1
3947	13	150	1	2
3948	13	150	2	0
3949	13	150	2	1
3950	13	150	2	2
3951	13	151	0	0
3952	13	151	0	1
3953	13	151	0	2
3954	13	151	1	0
3955	13	151	1	1
3956	13	151	1	2
3957	13	151	2	0
3958	13	151	2	1
3959	13	151	2	2
3960	13	152	0	0
3961	13	152	0	1
3962	13	152	0	2
3963	13	152	1	0
3964	13	152	1	1
3965	13	152	1	2
3966	13	152	2	0
3967	13	152	2	1
3968	13	152	2	2
3969	13	153	0	0
3970	13	153	0	1
3971	13	153	0	2
3972	13	153	1	0
3973	13	153	1	1
3974	13	153	1	2
3975	13	153	2	0
3976	13	153	2	1
3977	13	153	2	2
3978	13	154	0	0
3979	13	154	0	1
3980	13	154	0	2
3981	13	154	1	0
3982	13	154	1	1
3983	13	154	1	2
3984	13	154	2	0
3985	13	154	2	1
3986	13	154	2	2
3987	13	155	0	0
3988	13	155	0	1
3989	13	155	0	2
3990	13	155	1	0
3991	13	155	1	1
3992	13	155	1	2
3993	13	155	2	0
3994	13	155	2	1
3995	13	155	2	2
3996	13	156	0	0
3997	13	156	0	1
3998	13	156	0	2
3999	13	156	1	0
4000	13	156	1	1
4001	13	156	1	2
4002	13	156	2	0
4003	13	156	2	1
4004	13	156	2	2
4005	13	157	0	0
4006	13	157	0	1
4007	13	157	0	2
4008	13	157	1	0
4009	13	157	1	1
4010	13	157	1	2
4011	13	157	2	0
4012	13	157	2	1
4013	13	157	2	2
4014	13	158	0	0
4015	13	158	0	1
4016	13	158	0	2
4017	13	158	1	0
4018	13	158	1	1
4019	13	158	1	2
4020	13	158	2	0
4021	13	158	2	1
4022	13	158	2	2
4023	13	159	0	0
4024	13	159	0	1
4025	13	159	0	2
4026	13	159	1	0
4027	13	159	1	1
4028	13	159	1	2
4029	13	159	2	0
4030	13	159	2	1
4031	13	159	2	2
4032	14	128	0	0
4033	14	128	0	1
4034	14	128	0	2
4035	14	128	1	0
4036	14	128	1	1
4037	14	128	1	2
4038	14	128	2	0
4039	14	128	2	1
4040	14	128	2	2
4041	14	129	0	0
4042	14	129	0	1
4043	14	129	0	2
4044	14	129	1	0
4045	14	129	1	1
4046	14	129	1	2
4047	14	129	2	0
4048	14	129	2	1
4049	14	129	2	2
4050	14	130	0	0
4051	14	130	0	1
4052	14	130	0	2
4053	14	130	1	0
4054	14	130	1	1
4055	14	130	1	2
4056	14	130	2	0
4057	14	130	2	1
4058	14	130	2	2
4059	14	131	0	0
4060	14	131	0	1
4061	14	131	0	2
4062	14	131	1	0
4063	14	131	1	1
4064	14	131	1	2
4065	14	131	2	0
4066	14	131	2	1
4067	14	131	2	2
4068	14	132	0	0
4069	14	132	0	1
4070	14	132	0	2
4071	14	132	1	0
4072	14	132	1	1
4073	14	132	1	2
4074	14	132	2	0
4075	14	132	2	1
4076	14	132	2	2
4077	14	133	0	0
4078	14	133	0	1
4079	14	133	0	2
4080	14	133	1	0
4081	14	133	1	1
4082	14	133	1	2
4083	14	133	2	0
4084	14	133	2	1
4085	14	133	2	2
4086	14	134	0	0
4087	14	134	0	1
4088	14	134	0	2
4089	14	134	1	0
4090	14	134	1	1
4091	14	134	1	2
4092	14	134	2	0
4093	14	134	2	1
4094	14	134	2	2
4095	14	135	0	0
4096	14	135	0	1
4097	14	135	0	2
4098	14	135	1	0
4099	14	135	1	1
4100	14	135	1	2
4101	14	135	2	0
4102	14	135	2	1
4103	14	135	2	2
4104	14	136	0	0
4105	14	136	0	1
4106	14	136	0	2
4107	14	136	1	0
4108	14	136	1	1
4109	14	136	1	2
4110	14	136	2	0
4111	14	136	2	1
4112	14	136	2	2
4113	14	137	0	0
4114	14	137	0	1
4115	14	137	0	2
4116	14	137	1	0
4117	14	137	1	1
4118	14	137	1	2
4119	14	137	2	0
4120	14	137	2	1
4121	14	137	2	2
4122	14	138	0	0
4123	14	138	0	1
4124	14	138	0	2
4125	14	138	1	0
4126	14	138	1	1
4127	14	138	1	2
4128	14	138	2	0
4129	14	138	2	1
4130	14	138	2	2
4131	14	139	0	0
4132	14	139	0	1
4133	14	139	0	2
4134	14	139	1	0
4135	14	139	1	1
4136	14	139	1	2
4137	14	139	2	0
4138	14	139	2	1
4139	14	139	2	2
4140	14	140	0	0
4141	14	140	0	1
4142	14	140	0	2
4143	14	140	1	0
4144	14	140	1	1
4145	14	140	1	2
4146	14	140	2	0
4147	14	140	2	1
4148	14	140	2	2
4149	14	141	0	0
4150	14	141	0	1
4151	14	141	0	2
4152	14	141	1	0
4153	14	141	1	1
4154	14	141	1	2
4155	14	141	2	0
4156	14	141	2	1
4157	14	141	2	2
4158	14	142	0	0
4159	14	142	0	1
4160	14	142	0	2
4161	14	142	1	0
4162	14	142	1	1
4163	14	142	1	2
4164	14	142	2	0
4165	14	142	2	1
4166	14	142	2	2
4167	14	143	0	0
4168	14	143	0	1
4169	14	143	0	2
4170	14	143	1	0
4171	14	143	1	1
4172	14	143	1	2
4173	14	143	2	0
4174	14	143	2	1
4175	14	143	2	2
4176	14	144	0	0
4177	14	144	0	1
4178	14	144	0	2
4179	14	144	1	0
4180	14	144	1	1
4181	14	144	1	2
4182	14	144	2	0
4183	14	144	2	1
4184	14	144	2	2
4185	14	145	0	0
4186	14	145	0	1
4187	14	145	0	2
4188	14	145	1	0
4189	14	145	1	1
4190	14	145	1	2
4191	14	145	2	0
4192	14	145	2	1
4193	14	145	2	2
4194	14	146	0	0
4195	14	146	0	1
4196	14	146	0	2
4197	14	146	1	0
4198	14	146	1	1
4199	14	146	1	2
4200	14	146	2	0
4201	14	146	2	1
4202	14	146	2	2
4203	14	147	0	0
4204	14	147	0	1
4205	14	147	0	2
4206	14	147	1	0
4207	14	147	1	1
4208	14	147	1	2
4209	14	147	2	0
4210	14	147	2	1
4211	14	147	2	2
4212	14	148	0	0
4213	14	148	0	1
4214	14	148	0	2
4215	14	148	1	0
4216	14	148	1	1
4217	14	148	1	2
4218	14	148	2	0
4219	14	148	2	1
4220	14	148	2	2
4221	14	149	0	0
4222	14	149	0	1
4223	14	149	0	2
4224	14	149	1	0
4225	14	149	1	1
4226	14	149	1	2
4227	14	149	2	0
4228	14	149	2	1
4229	14	149	2	2
4230	14	150	0	0
4231	14	150	0	1
4232	14	150	0	2
4233	14	150	1	0
4234	14	150	1	1
4235	14	150	1	2
4236	14	150	2	0
4237	14	150	2	1
4238	14	150	2	2
4239	14	151	0	0
4240	14	151	0	1
4241	14	151	0	2
4242	14	151	1	0
4243	14	151	1	1
4244	14	151	1	2
4245	14	151	2	0
4246	14	151	2	1
4247	14	151	2	2
4248	14	152	0	0
4249	14	152	0	1
4250	14	152	0	2
4251	14	152	1	0
4252	14	152	1	1
4253	14	152	1	2
4254	14	152	2	0
4255	14	152	2	1
4256	14	152	2	2
4257	14	153	0	0
4258	14	153	0	1
4259	14	153	0	2
4260	14	153	1	0
4261	14	153	1	1
4262	14	153	1	2
4263	14	153	2	0
4264	14	153	2	1
4265	14	153	2	2
4266	14	154	0	0
4267	14	154	0	1
4268	14	154	0	2
4269	14	154	1	0
4270	14	154	1	1
4271	14	154	1	2
4272	14	154	2	0
4273	14	154	2	1
4274	14	154	2	2
4275	14	155	0	0
4276	14	155	0	1
4277	14	155	0	2
4278	14	155	1	0
4279	14	155	1	1
4280	14	155	1	2
4281	14	155	2	0
4282	14	155	2	1
4283	14	155	2	2
4284	14	156	0	0
4285	14	156	0	1
4286	14	156	0	2
4287	14	156	1	0
4288	14	156	1	1
4289	14	156	1	2
4290	14	156	2	0
4291	14	156	2	1
4292	14	156	2	2
4293	14	157	0	0
4294	14	157	0	1
4295	14	157	0	2
4296	14	157	1	0
4297	14	157	1	1
4298	14	157	1	2
4299	14	157	2	0
4300	14	157	2	1
4301	14	157	2	2
4302	14	158	0	0
4303	14	158	0	1
4304	14	158	0	2
4305	14	158	1	0
4306	14	158	1	1
4307	14	158	1	2
4308	14	158	2	0
4309	14	158	2	1
4310	14	158	2	2
4311	14	159	0	0
4312	14	159	0	1
4313	14	159	0	2
4314	14	159	1	0
4315	14	159	1	1
4316	14	159	1	2
4317	14	159	2	0
4318	14	159	2	1
4319	14	159	2	2
4320	15	128	0	0
4321	15	128	0	1
4322	15	128	0	2
4323	15	128	1	0
4324	15	128	1	1
4325	15	128	1	2
4326	15	128	2	0
4327	15	128	2	1
4328	15	128	2	2
4329	15	129	0	0
4330	15	129	0	1
4331	15	129	0	2
4332	15	129	1	0
4333	15	129	1	1
4334	15	129	1	2
4335	15	129	2	0
4336	15	129	2	1
4337	15	129	2	2
4338	15	130	0	0
4339	15	130	0	1
4340	15	130	0	2
4341	15	130	1	0
4342	15	130	1	1
4343	15	130	1	2
4344	15	130	2	0
4345	15	130	2	1
4346	15	130	2	2
4347	15	131	0	0
4348	15	131	0	1
4349	15	131	0	2
4350	15	131	1	0
4351	15	131	1	1
4352	15	131	1	2
4353	15	131	2	0
4354	15	131	2	1
4355	15	131	2	2
4356	15	132	0	0
4357	15	132	0	1
4358	15	132	0	2
4359	15	132	1	0
4360	15	132	1	1
4361	15	132	1	2
4362	15	132	2	0
4363	15	132	2	1
4364	15	132	2	2
4365	15	133	0	0
4366	15	133	0	1
4367	15	133	0	2
4368	15	133	1	0
4369	15	133	1	1
4370	15	133	1	2
4371	15	133	2	0
4372	15	133	2	1
4373	15	133	2	2
4374	15	134	0	0
4375	15	134	0	1
4376	15	134	0	2
4377	15	134	1	0
4378	15	134	1	1
4379	15	134	1	2
4380	15	134	2	0
4381	15	134	2	1
4382	15	134	2	2
4383	15	135	0	0
4384	15	135	0	1
4385	15	135	0	2
4386	15	135	1	0
4387	15	135	1	1
4388	15	135	1	2
4389	15	135	2	0
4390	15	135	2	1
4391	15	135	2	2
4392	15	136	0	0
4393	15	136	0	1
4394	15	136	0	2
4395	15	136	1	0
4396	15	136	1	1
4397	15	136	1	2
4398	15	136	2	0
4399	15	136	2	1
4400	15	136	2	2
4401	15	137	0	0
4402	15	137	0	1
4403	15	137	0	2
4404	15	137	1	0
4405	15	137	1	1
4406	15	137	1	2
4407	15	137	2	0
4408	15	137	2	1
4409	15	137	2	2
4410	15	138	0	0
4411	15	138	0	1
4412	15	138	0	2
4413	15	138	1	0
4414	15	138	1	1
4415	15	138	1	2
4416	15	138	2	0
4417	15	138	2	1
4418	15	138	2	2
4419	15	139	0	0
4420	15	139	0	1
4421	15	139	0	2
4422	15	139	1	0
4423	15	139	1	1
4424	15	139	1	2
4425	15	139	2	0
4426	15	139	2	1
4427	15	139	2	2
4428	15	140	0	0
4429	15	140	0	1
4430	15	140	0	2
4431	15	140	1	0
4432	15	140	1	1
4433	15	140	1	2
4434	15	140	2	0
4435	15	140	2	1
4436	15	140	2	2
4437	15	141	0	0
4438	15	141	0	1
4439	15	141	0	2
4440	15	141	1	0
4441	15	141	1	1
4442	15	141	1	2
4443	15	141	2	0
4444	15	141	2	1
4445	15	141	2	2
4446	15	142	0	0
4447	15	142	0	1
4448	15	142	0	2
4449	15	142	1	0
4450	15	142	1	1
4451	15	142	1	2
4452	15	142	2	0
4453	15	142	2	1
4454	15	142	2	2
4455	15	143	0	0
4456	15	143	0	1
4457	15	143	0	2
4458	15	143	1	0
4459	15	143	1	1
4460	15	143	1	2
4461	15	143	2	0
4462	15	143	2	1
4463	15	143	2	2
4464	15	144	0	0
4465	15	144	0	1
4466	15	144	0	2
4467	15	144	1	0
4468	15	144	1	1
4469	15	144	1	2
4470	15	144	2	0
4471	15	144	2	1
4472	15	144	2	2
4473	15	145	0	0
4474	15	145	0	1
4475	15	145	0	2
4476	15	145	1	0
4477	15	145	1	1
4478	15	145	1	2
4479	15	145	2	0
4480	15	145	2	1
4481	15	145	2	2
4482	15	146	0	0
4483	15	146	0	1
4484	15	146	0	2
4485	15	146	1	0
4486	15	146	1	1
4487	15	146	1	2
4488	15	146	2	0
4489	15	146	2	1
4490	15	146	2	2
4491	15	147	0	0
4492	15	147	0	1
4493	15	147	0	2
4494	15	147	1	0
4495	15	147	1	1
4496	15	147	1	2
4497	15	147	2	0
4498	15	147	2	1
4499	15	147	2	2
4500	15	148	0	0
4501	15	148	0	1
4502	15	148	0	2
4503	15	148	1	0
4504	15	148	1	1
4505	15	148	1	2
4506	15	148	2	0
4507	15	148	2	1
4508	15	148	2	2
4509	15	149	0	0
4510	15	149	0	1
4511	15	149	0	2
4512	15	149	1	0
4513	15	149	1	1
4514	15	149	1	2
4515	15	149	2	0
4516	15	149	2	1
4517	15	149	2	2
4518	15	150	0	0
4519	15	150	0	1
4520	15	150	0	2
4521	15	150	1	0
4522	15	150	1	1
4523	15	150	1	2
4524	15	150	2	0
4525	15	150	2	1
4526	15	150	2	2
4527	15	151	0	0
4528	15	151	0	1
4529	15	151	0	2
4530	15	151	1	0
4531	15	151	1	1
4532	15	151	1	2
4533	15	151	2	0
4534	15	151	2	1
4535	15	151	2	2
4536	15	152	0	0
4537	15	152	0	1
4538	15	152	0	2
4539	15	152	1	0
4540	15	152	1	1
4541	15	152	1	2
4542	15	152	2	0
4543	15	152	2	1
4544	15	152	2	2
4545	15	153	0	0
4546	15	153	0	1
4547	15	153	0	2
4548	15	153	1	0
4549	15	153	1	1
4550	15	153	1	2
4551	15	153	2	0
4552	15	153	2	1
4553	15	153	2	2
4554	15	154	0	0
4555	15	154	0	1
4556	15	154	0	2
4557	15	154	1	0
4558	15	154	1	1
4559	15	154	1	2
4560	15	154	2	0
4561	15	154	2	1
4562	15	154	2	2
4563	15	155	0	0
4564	15	155	0	1
4565	15	155	0	2
4566	15	155	1	0
4567	15	155	1	1
4568	15	155	1	2
4569	15	155	2	0
4570	15	155	2	1
4571	15	155	2	2
4572	15	156	0	0
4573	15	156	0	1
4574	15	156	0	2
4575	15	156	1	0
4576	15	156	1	1
4577	15	156	1	2
4578	15	156	2	0
4579	15	156	2	1
4580	15	156	2	2
4581	15	157	0	0
4582	15	157	0	1
4583	15	157	0	2
4584	15	157	1	0
4585	15	157	1	1
4586	15	157	1	2
4587	15	157	2	0
4588	15	157	2	1
4589	15	157	2	2
4590	15	158	0	0
4591	15	158	0	1
4592	15	158	0	2
4593	15	158	1	0
4594	15	158	1	1
4595	15	158	1	2
4596	15	158	2	0
4597	15	158	2	1
4598	15	158	2	2
4599	15	159	0	0
4600	15	159	0	1
4601	15	159	0	2
4602	15	159	1	0
4603	15	159	1	1
4604	15	159	1	2
4605	15	159	2	0
4606	15	159	2	1
4607	15	159	2	2
4608	16	128	0	0
4609	16	128	0	1
4610	16	128	0	2
4611	16	128	1	0
4612	16	128	1	1
4613	16	128	1	2
4614	16	128	2	0
4615	16	128	2	1
4616	16	128	2	2
4617	16	129	0	0
4618	16	129	0	1
4619	16	129	0	2
4620	16	129	1	0
4621	16	129	1	1
4622	16	129	1	2
4623	16	129	2	0
4624	16	129	2	1
4625	16	129	2	2
4626	16	130	0	0
4627	16	130	0	1
4628	16	130	0	2
4629	16	130	1	0
4630	16	130	1	1
4631	16	130	1	2
4632	16	130	2	0
4633	16	130	2	1
4634	16	130	2	2
4635	16	131	0	0
4636	16	131	0	1
4637	16	131	0	2
4638	16	131	1	0
4639	16	131	1	1
4640	16	131	1	2
4641	16	131	2	0
4642	16	131	2	1
4643	16	131	2	2
4644	16	132	0	0
4645	16	132	0	1
4646	16	132	0	2
4647	16	132	1	0
4648	16	132	1	1
4649	16	132	1	2
4650	16	132	2	0
4651	16	132	2	1
4652	16	132	2	2
4653	16	133	0	0
4654	16	133	0	1
4655	16	133	0	2
4656	16	133	1	0
4657	16	133	1	1
4658	16	133	1	2
4659	16	133	2	0
4660	16	133	2	1
4661	16	133	2	2
4662	16	134	0	0
4663	16	134	0	1
4664	16	134	0	2
4665	16	134	1	0
4666	16	134	1	1
4667	16	134	1	2
4668	16	134	2	0
4669	16	134	2	1
4670	16	134	2	2
4671	16	135	0	0
4672	16	135	0	1
4673	16	135	0	2
4674	16	135	1	0
4675	16	135	1	1
4676	16	135	1	2
4677	16	135	2	0
4678	16	135	2	1
4679	16	135	2	2
4680	16	136	0	0
4681	16	136	0	1
4682	16	136	0	2
4683	16	136	1	0
4684	16	136	1	1
4685	16	136	1	2
4686	16	136	2	0
4687	16	136	2	1
4688	16	136	2	2
4689	16	137	0	0
4690	16	137	0	1
4691	16	137	0	2
4692	16	137	1	0
4693	16	137	1	1
4694	16	137	1	2
4695	16	137	2	0
4696	16	137	2	1
4697	16	137	2	2
4698	16	138	0	0
4699	16	138	0	1
4700	16	138	0	2
4701	16	138	1	0
4702	16	138	1	1
4703	16	138	1	2
4704	16	138	2	0
4705	16	138	2	1
4706	16	138	2	2
4707	16	139	0	0
4708	16	139	0	1
4709	16	139	0	2
4710	16	139	1	0
4711	16	139	1	1
4712	16	139	1	2
4713	16	139	2	0
4714	16	139	2	1
4715	16	139	2	2
4716	16	140	0	0
4717	16	140	0	1
4718	16	140	0	2
4719	16	140	1	0
4720	16	140	1	1
4721	16	140	1	2
4722	16	140	2	0
4723	16	140	2	1
4724	16	140	2	2
4725	16	141	0	0
4726	16	141	0	1
4727	16	141	0	2
4728	16	141	1	0
4729	16	141	1	1
4730	16	141	1	2
4731	16	141	2	0
4732	16	141	2	1
4733	16	141	2	2
4734	16	142	0	0
4735	16	142	0	1
4736	16	142	0	2
4737	16	142	1	0
4738	16	142	1	1
4739	16	142	1	2
4740	16	142	2	0
4741	16	142	2	1
4742	16	142	2	2
4743	16	143	0	0
4744	16	143	0	1
4745	16	143	0	2
4746	16	143	1	0
4747	16	143	1	1
4748	16	143	1	2
4749	16	143	2	0
4750	16	143	2	1
4751	16	143	2	2
4752	16	144	0	0
4753	16	144	0	1
4754	16	144	0	2
4755	16	144	1	0
4756	16	144	1	1
4757	16	144	1	2
4758	16	144	2	0
4759	16	144	2	1
4760	16	144	2	2
4761	16	145	0	0
4762	16	145	0	1
4763	16	145	0	2
4764	16	145	1	0
4765	16	145	1	1
4766	16	145	1	2
4767	16	145	2	0
4768	16	145	2	1
4769	16	145	2	2
4770	16	146	0	0
4771	16	146	0	1
4772	16	146	0	2
4773	16	146	1	0
4774	16	146	1	1
4775	16	146	1	2
4776	16	146	2	0
4777	16	146	2	1
4778	16	146	2	2
4779	16	147	0	0
4780	16	147	0	1
4781	16	147	0	2
4782	16	147	1	0
4783	16	147	1	1
4784	16	147	1	2
4785	16	147	2	0
4786	16	147	2	1
4787	16	147	2	2
4788	16	148	0	0
4789	16	148	0	1
4790	16	148	0	2
4791	16	148	1	0
4792	16	148	1	1
4793	16	148	1	2
4794	16	148	2	0
4795	16	148	2	1
4796	16	148	2	2
4797	16	149	0	0
4798	16	149	0	1
4799	16	149	0	2
4800	16	149	1	0
4801	16	149	1	1
4802	16	149	1	2
4803	16	149	2	0
4804	16	149	2	1
4805	16	149	2	2
4806	16	150	0	0
4807	16	150	0	1
4808	16	150	0	2
4809	16	150	1	0
4810	16	150	1	1
4811	16	150	1	2
4812	16	150	2	0
4813	16	150	2	1
4814	16	150	2	2
4815	16	151	0	0
4816	16	151	0	1
4817	16	151	0	2
4818	16	151	1	0
4819	16	151	1	1
4820	16	151	1	2
4821	16	151	2	0
4822	16	151	2	1
4823	16	151	2	2
4824	16	152	0	0
4825	16	152	0	1
4826	16	152	0	2
4827	16	152	1	0
4828	16	152	1	1
4829	16	152	1	2
4830	16	152	2	0
4831	16	152	2	1
4832	16	152	2	2
4833	16	153	0	0
4834	16	153	0	1
4835	16	153	0	2
4836	16	153	1	0
4837	16	153	1	1
4838	16	153	1	2
4839	16	153	2	0
4840	16	153	2	1
4841	16	153	2	2
4842	16	154	0	0
4843	16	154	0	1
4844	16	154	0	2
4845	16	154	1	0
4846	16	154	1	1
4847	16	154	1	2
4848	16	154	2	0
4849	16	154	2	1
4850	16	154	2	2
4851	16	155	0	0
4852	16	155	0	1
4853	16	155	0	2
4854	16	155	1	0
4855	16	155	1	1
4856	16	155	1	2
4857	16	155	2	0
4858	16	155	2	1
4859	16	155	2	2
4860	16	156	0	0
4861	16	156	0	1
4862	16	156	0	2
4863	16	156	1	0
4864	16	156	1	1
4865	16	156	1	2
4866	16	156	2	0
4867	16	156	2	1
4868	16	156	2	2
4869	16	157	0	0
4870	16	157	0	1
4871	16	157	0	2
4872	16	157	1	0
4873	16	157	1	1
4874	16	157	1	2
4875	16	157	2	0
4876	16	157	2	1
4877	16	157	2	2
4878	16	158	0	0
4879	16	158	0	1
4880	16	158	0	2
4881	16	158	1	0
4882	16	158	1	1
4883	16	158	1	2
4884	16	158	2	0
4885	16	158	2	1
4886	16	158	2	2
4887	16	159	0	0
4888	16	159	0	1
4889	16	159	0	2
4890	16	159	1	0
4891	16	159	1	1
4892	16	159	1	2
4893	16	159	2	0
4894	16	159	2	1
4895	16	159	2	2
4896	17	128	0	0
4897	17	128	0	1
4898	17	128	0	2
4899	17	128	1	0
4900	17	128	1	1
4901	17	128	1	2
4902	17	128	2	0
4903	17	128	2	1
4904	17	128	2	2
4905	17	129	0	0
4906	17	129	0	1
4907	17	129	0	2
4908	17	129	1	0
4909	17	129	1	1
4910	17	129	1	2
4911	17	129	2	0
4912	17	129	2	1
4913	17	129	2	2
4914	17	130	0	0
4915	17	130	0	1
4916	17	130	0	2
4917	17	130	1	0
4918	17	130	1	1
4919	17	130	1	2
4920	17	130	2	0
4921	17	130	2	1
4922	17	130	2	2
4923	17	131	0	0
4924	17	131	0	1
4925	17	131	0	2
4926	17	131	1	0
4927	17	131	1	1
4928	17	131	1	2
4929	17	131	2	0
4930	17	131	2	1
4931	17	131	2	2
4932	17	132	0	0
4933	17	132	0	1
4934	17	132	0	2
4935	17	132	1	0
4936	17	132	1	1
4937	17	132	1	2
4938	17	132	2	0
4939	17	132	2	1
4940	17	132	2	2
4941	17	133	0	0
4942	17	133	0	1
4943	17	133	0	2
4944	17	133	1	0
4945	17	133	1	1
4946	17	133	1	2
4947	17	133	2	0
4948	17	133	2	1
4949	17	133	2	2
4950	17	134	0	0
4951	17	134	0	1
4952	17	134	0	2
4953	17	134	1	0
4954	17	134	1	1
4955	17	134	1	2
4956	17	134	2	0
4957	17	134	2	1
4958	17	134	2	2
4959	17	135	0	0
4960	17	135	0	1
4961	17	135	0	2
4962	17	135	1	0
4963	17	135	1	1
4964	17	135	1	2
4965	17	135	2	0
4966	17	135	2	1
4967	17	135	2	2
4968	17	136	0	0
4969	17	136	0	1
4970	17	136	0	2
4971	17	136	1	0
4972	17	136	1	1
4973	17	136	1	2
4974	17	136	2	0
4975	17	136	2	1
4976	17	136	2	2
4977	17	137	0	0
4978	17	137	0	1
4979	17	137	0	2
4980	17	137	1	0
4981	17	137	1	1
4982	17	137	1	2
4983	17	137	2	0
4984	17	137	2	1
4985	17	137	2	2
4986	17	138	0	0
4987	17	138	0	1
4988	17	138	0	2
4989	17	138	1	0
4990	17	138	1	1
4991	17	138	1	2
4992	17	138	2	0
4993	17	138	2	1
4994	17	138	2	2
4995	17	139	0	0
4996	17	139	0	1
4997	17	139	0	2
4998	17	139	1	0
4999	17	139	1	1
5000	17	139	1	2
5001	17	139	2	0
5002	17	139	2	1
5003	17	139	2	2
5004	17	140	0	0
5005	17	140	0	1
5006	17	140	0	2
5007	17	140	1	0
5008	17	140	1	1
5009	17	140	1	2
5010	17	140	2	0
5011	17	140	2	1
5012	17	140	2	2
5013	17	141	0	0
5014	17	141	0	1
5015	17	141	0	2
5016	17	141	1	0
5017	17	141	1	1
5018	17	141	1	2
5019	17	141	2	0
5020	17	141	2	1
5021	17	141	2	2
5022	17	142	0	0
5023	17	142	0	1
5024	17	142	0	2
5025	17	142	1	0
5026	17	142	1	1
5027	17	142	1	2
5028	17	142	2	0
5029	17	142	2	1
5030	17	142	2	2
5031	17	143	0	0
5032	17	143	0	1
5033	17	143	0	2
5034	17	143	1	0
5035	17	143	1	1
5036	17	143	1	2
5037	17	143	2	0
5038	17	143	2	1
5039	17	143	2	2
5040	17	144	0	0
5041	17	144	0	1
5042	17	144	0	2
5043	17	144	1	0
5044	17	144	1	1
5045	17	144	1	2
5046	17	144	2	0
5047	17	144	2	1
5048	17	144	2	2
5049	17	145	0	0
5050	17	145	0	1
5051	17	145	0	2
5052	17	145	1	0
5053	17	145	1	1
5054	17	145	1	2
5055	17	145	2	0
5056	17	145	2	1
5057	17	145	2	2
5058	17	146	0	0
5059	17	146	0	1
5060	17	146	0	2
5061	17	146	1	0
5062	17	146	1	1
5063	17	146	1	2
5064	17	146	2	0
5065	17	146	2	1
5066	17	146	2	2
5067	17	147	0	0
5068	17	147	0	1
5069	17	147	0	2
5070	17	147	1	0
5071	17	147	1	1
5072	17	147	1	2
5073	17	147	2	0
5074	17	147	2	1
5075	17	147	2	2
5076	17	148	0	0
5077	17	148	0	1
5078	17	148	0	2
5079	17	148	1	0
5080	17	148	1	1
5081	17	148	1	2
5082	17	148	2	0
5083	17	148	2	1
5084	17	148	2	2
5085	17	149	0	0
5086	17	149	0	1
5087	17	149	0	2
5088	17	149	1	0
5089	17	149	1	1
5090	17	149	1	2
5091	17	149	2	0
5092	17	149	2	1
5093	17	149	2	2
5094	17	150	0	0
5095	17	150	0	1
5096	17	150	0	2
5097	17	150	1	0
5098	17	150	1	1
5099	17	150	1	2
5100	17	150	2	0
5101	17	150	2	1
5102	17	150	2	2
5103	17	151	0	0
5104	17	151	0	1
5105	17	151	0	2
5106	17	151	1	0
5107	17	151	1	1
5108	17	151	1	2
5109	17	151	2	0
5110	17	151	2	1
5111	17	151	2	2
5112	17	152	0	0
5113	17	152	0	1
5114	17	152	0	2
5115	17	152	1	0
5116	17	152	1	1
5117	17	152	1	2
5118	17	152	2	0
5119	17	152	2	1
5120	17	152	2	2
5121	17	153	0	0
5122	17	153	0	1
5123	17	153	0	2
5124	17	153	1	0
5125	17	153	1	1
5126	17	153	1	2
5127	17	153	2	0
5128	17	153	2	1
5129	17	153	2	2
5130	17	154	0	0
5131	17	154	0	1
5132	17	154	0	2
5133	17	154	1	0
5134	17	154	1	1
5135	17	154	1	2
5136	17	154	2	0
5137	17	154	2	1
5138	17	154	2	2
5139	17	155	0	0
5140	17	155	0	1
5141	17	155	0	2
5142	17	155	1	0
5143	17	155	1	1
5144	17	155	1	2
5145	17	155	2	0
5146	17	155	2	1
5147	17	155	2	2
5148	17	156	0	0
5149	17	156	0	1
5150	17	156	0	2
5151	17	156	1	0
5152	17	156	1	1
5153	17	156	1	2
5154	17	156	2	0
5155	17	156	2	1
5156	17	156	2	2
5157	17	157	0	0
5158	17	157	0	1
5159	17	157	0	2
5160	17	157	1	0
5161	17	157	1	1
5162	17	157	1	2
5163	17	157	2	0
5164	17	157	2	1
5165	17	157	2	2
5166	17	158	0	0
5167	17	158	0	1
5168	17	158	0	2
5169	17	158	1	0
5170	17	158	1	1
5171	17	158	1	2
5172	17	158	2	0
5173	17	158	2	1
5174	17	158	2	2
5175	17	159	0	0
5176	17	159	0	1
5177	17	159	0	2
5178	17	159	1	0
5179	17	159	1	1
5180	17	159	1	2
5181	17	159	2	0
5182	17	159	2	1
5183	17	159	2	2
5184	18	128	0	0
5185	18	128	0	1
5186	18	128	0	2
5187	18	128	1	0
5188	18	128	1	1
5189	18	128	1	2
5190	18	128	2	0
5191	18	128	2	1
5192	18	128	2	2
5193	18	129	0	0
5194	18	129	0	1
5195	18	129	0	2
5196	18	129	1	0
5197	18	129	1	1
5198	18	129	1	2
5199	18	129	2	0
5200	18	129	2	1
5201	18	129	2	2
5202	18	130	0	0
5203	18	130	0	1
5204	18	130	0	2
5205	18	130	1	0
5206	18	130	1	1
5207	18	130	1	2
5208	18	130	2	0
5209	18	130	2	1
5210	18	130	2	2
5211	18	131	0	0
5212	18	131	0	1
5213	18	131	0	2
5214	18	131	1	0
5215	18	131	1	1
5216	18	131	1	2
5217	18	131	2	0
5218	18	131	2	1
5219	18	131	2	2
5220	18	132	0	0
5221	18	132	0	1
5222	18	132	0	2
5223	18	132	1	0
5224	18	132	1	1
5225	18	132	1	2
5226	18	132	2	0
5227	18	132	2	1
5228	18	132	2	2
5229	18	133	0	0
5230	18	133	0	1
5231	18	133	0	2
5232	18	133	1	0
5233	18	133	1	1
5234	18	133	1	2
5235	18	133	2	0
5236	18	133	2	1
5237	18	133	2	2
5238	18	134	0	0
5239	18	134	0	1
5240	18	134	0	2
5241	18	134	1	0
5242	18	134	1	1
5243	18	134	1	2
5244	18	134	2	0
5245	18	134	2	1
5246	18	134	2	2
5247	18	135	0	0
5248	18	135	0	1
5249	18	135	0	2
5250	18	135	1	0
5251	18	135	1	1
5252	18	135	1	2
5253	18	135	2	0
5254	18	135	2	1
5255	18	135	2	2
5256	18	136	0	0
5257	18	136	0	1
5258	18	136	0	2
5259	18	136	1	0
5260	18	136	1	1
5261	18	136	1	2
5262	18	136	2	0
5263	18	136	2	1
5264	18	136	2	2
5265	18	137	0	0
5266	18	137	0	1
5267	18	137	0	2
5268	18	137	1	0
5269	18	137	1	1
5270	18	137	1	2
5271	18	137	2	0
5272	18	137	2	1
5273	18	137	2	2
5274	18	138	0	0
5275	18	138	0	1
5276	18	138	0	2
5277	18	138	1	0
5278	18	138	1	1
5279	18	138	1	2
5280	18	138	2	0
5281	18	138	2	1
5282	18	138	2	2
5283	18	139	0	0
5284	18	139	0	1
5285	18	139	0	2
5286	18	139	1	0
5287	18	139	1	1
5288	18	139	1	2
5289	18	139	2	0
5290	18	139	2	1
5291	18	139	2	2
5292	18	140	0	0
5293	18	140	0	1
5294	18	140	0	2
5295	18	140	1	0
5296	18	140	1	1
5297	18	140	1	2
5298	18	140	2	0
5299	18	140	2	1
5300	18	140	2	2
5301	18	141	0	0
5302	18	141	0	1
5303	18	141	0	2
5304	18	141	1	0
5305	18	141	1	1
5306	18	141	1	2
5307	18	141	2	0
5308	18	141	2	1
5309	18	141	2	2
5310	18	142	0	0
5311	18	142	0	1
5312	18	142	0	2
5313	18	142	1	0
5314	18	142	1	1
5315	18	142	1	2
5316	18	142	2	0
5317	18	142	2	1
5318	18	142	2	2
5319	18	143	0	0
5320	18	143	0	1
5321	18	143	0	2
5322	18	143	1	0
5323	18	143	1	1
5324	18	143	1	2
5325	18	143	2	0
5326	18	143	2	1
5327	18	143	2	2
5328	18	144	0	0
5329	18	144	0	1
5330	18	144	0	2
5331	18	144	1	0
5332	18	144	1	1
5333	18	144	1	2
5334	18	144	2	0
5335	18	144	2	1
5336	18	144	2	2
5337	18	145	0	0
5338	18	145	0	1
5339	18	145	0	2
5340	18	145	1	0
5341	18	145	1	1
5342	18	145	1	2
5343	18	145	2	0
5344	18	145	2	1
5345	18	145	2	2
5346	18	146	0	0
5347	18	146	0	1
5348	18	146	0	2
5349	18	146	1	0
5350	18	146	1	1
5351	18	146	1	2
5352	18	146	2	0
5353	18	146	2	1
5354	18	146	2	2
5355	18	147	0	0
5356	18	147	0	1
5357	18	147	0	2
5358	18	147	1	0
5359	18	147	1	1
5360	18	147	1	2
5361	18	147	2	0
5362	18	147	2	1
5363	18	147	2	2
5364	18	148	0	0
5365	18	148	0	1
5366	18	148	0	2
5367	18	148	1	0
5368	18	148	1	1
5369	18	148	1	2
5370	18	148	2	0
5371	18	148	2	1
5372	18	148	2	2
5373	18	149	0	0
5374	18	149	0	1
5375	18	149	0	2
5376	18	149	1	0
5377	18	149	1	1
5378	18	149	1	2
5379	18	149	2	0
5380	18	149	2	1
5381	18	149	2	2
5382	18	150	0	0
5383	18	150	0	1
5384	18	150	0	2
5385	18	150	1	0
5386	18	150	1	1
5387	18	150	1	2
5388	18	150	2	0
5389	18	150	2	1
5390	18	150	2	2
5391	18	151	0	0
5392	18	151	0	1
5393	18	151	0	2
5394	18	151	1	0
5395	18	151	1	1
5396	18	151	1	2
5397	18	151	2	0
5398	18	151	2	1
5399	18	151	2	2
5400	18	152	0	0
5401	18	152	0	1
5402	18	152	0	2
5403	18	152	1	0
5404	18	152	1	1
5405	18	152	1	2
5406	18	152	2	0
5407	18	152	2	1
5408	18	152	2	2
5409	18	153	0	0
5410	18	153	0	1
5411	18	153	0	2
5412	18	153	1	0
5413	18	153	1	1
5414	18	153	1	2
5415	18	153	2	0
5416	18	153	2	1
5417	18	153	2	2
5418	18	154	0	0
5419	18	154	0	1
5420	18	154	0	2
5421	18	154	1	0
5422	18	154	1	1
5423	18	154	1	2
5424	18	154	2	0
5425	18	154	2	1
5426	18	154	2	2
5427	18	155	0	0
5428	18	155	0	1
5429	18	155	0	2
5430	18	155	1	0
5431	18	155	1	1
5432	18	155	1	2
5433	18	155	2	0
5434	18	155	2	1
5435	18	155	2	2
5436	18	156	0	0
5437	18	156	0	1
5438	18	156	0	2
5439	18	156	1	0
5440	18	156	1	1
5441	18	156	1	2
5442	18	156	2	0
5443	18	156	2	1
5444	18	156	2	2
5445	18	157	0	0
5446	18	157	0	1
5447	18	157	0	2
5448	18	157	1	0
5449	18	157	1	1
5450	18	157	1	2
5451	18	157	2	0
5452	18	157	2	1
5453	18	157	2	2
5454	18	158	0	0
5455	18	158	0	1
5456	18	158	0	2
5457	18	158	1	0
5458	18	158	1	1
5459	18	158	1	2
5460	18	158	2	0
5461	18	158	2	1
5462	18	158	2	2
5463	18	159	0	0
5464	18	159	0	1
5465	18	159	0	2
5466	18	159	1	0
5467	18	159	1	1
5468	18	159	1	2
5469	18	159	2	0
5470	18	159	2	1
5471	18	159	2	2
5472	19	128	0	0
5473	19	128	0	1
5474	19	128	0	2
5475	19	128	1	0
5476	19	128	1	1
5477	19	128	1	2
5478	19	128	2	0
5479	19	128	2	1
5480	19	128	2	2
5481	19	129	0	0
5482	19	129	0	1
5483	19	129	0	2
5484	19	129	1	0
5485	19	129	1	1
5486	19	129	1	2
5487	19	129	2	0
5488	19	129	2	1
5489	19	129	2	2
5490	19	130	0	0
5491	19	130	0	1
5492	19	130	0	2
5493	19	130	1	0
5494	19	130	1	1
5495	19	130	1	2
5496	19	130	2	0
5497	19	130	2	1
5498	19	130	2	2
5499	19	131	0	0
5500	19	131	0	1
5501	19	131	0	2
5502	19	131	1	0
5503	19	131	1	1
5504	19	131	1	2
5505	19	131	2	0
5506	19	131	2	1
5507	19	131	2	2
5508	19	132	0	0
5509	19	132	0	1
5510	19	132	0	2
5511	19	132	1	0
5512	19	132	1	1
5513	19	132	1	2
5514	19	132	2	0
5515	19	132	2	1
5516	19	132	2	2
5517	19	133	0	0
5518	19	133	0	1
5519	19	133	0	2
5520	19	133	1	0
5521	19	133	1	1
5522	19	133	1	2
5523	19	133	2	0
5524	19	133	2	1
5525	19	133	2	2
5526	19	134	0	0
5527	19	134	0	1
5528	19	134	0	2
5529	19	134	1	0
5530	19	134	1	1
5531	19	134	1	2
5532	19	134	2	0
5533	19	134	2	1
5534	19	134	2	2
5535	19	135	0	0
5536	19	135	0	1
5537	19	135	0	2
5538	19	135	1	0
5539	19	135	1	1
5540	19	135	1	2
5541	19	135	2	0
5542	19	135	2	1
5543	19	135	2	2
5544	19	136	0	0
5545	19	136	0	1
5546	19	136	0	2
5547	19	136	1	0
5548	19	136	1	1
5549	19	136	1	2
5550	19	136	2	0
5551	19	136	2	1
5552	19	136	2	2
5553	19	137	0	0
5554	19	137	0	1
5555	19	137	0	2
5556	19	137	1	0
5557	19	137	1	1
5558	19	137	1	2
5559	19	137	2	0
5560	19	137	2	1
5561	19	137	2	2
5562	19	138	0	0
5563	19	138	0	1
5564	19	138	0	2
5565	19	138	1	0
5566	19	138	1	1
5567	19	138	1	2
5568	19	138	2	0
5569	19	138	2	1
5570	19	138	2	2
5571	19	139	0	0
5572	19	139	0	1
5573	19	139	0	2
5574	19	139	1	0
5575	19	139	1	1
5576	19	139	1	2
5577	19	139	2	0
5578	19	139	2	1
5579	19	139	2	2
5580	19	140	0	0
5581	19	140	0	1
5582	19	140	0	2
5583	19	140	1	0
5584	19	140	1	1
5585	19	140	1	2
5586	19	140	2	0
5587	19	140	2	1
5588	19	140	2	2
5589	19	141	0	0
5590	19	141	0	1
5591	19	141	0	2
5592	19	141	1	0
5593	19	141	1	1
5594	19	141	1	2
5595	19	141	2	0
5596	19	141	2	1
5597	19	141	2	2
5598	19	142	0	0
5599	19	142	0	1
5600	19	142	0	2
5601	19	142	1	0
5602	19	142	1	1
5603	19	142	1	2
5604	19	142	2	0
5605	19	142	2	1
5606	19	142	2	2
5607	19	143	0	0
5608	19	143	0	1
5609	19	143	0	2
5610	19	143	1	0
5611	19	143	1	1
5612	19	143	1	2
5613	19	143	2	0
5614	19	143	2	1
5615	19	143	2	2
5616	19	144	0	0
5617	19	144	0	1
5618	19	144	0	2
5619	19	144	1	0
5620	19	144	1	1
5621	19	144	1	2
5622	19	144	2	0
5623	19	144	2	1
5624	19	144	2	2
5625	19	145	0	0
5626	19	145	0	1
5627	19	145	0	2
5628	19	145	1	0
5629	19	145	1	1
5630	19	145	1	2
5631	19	145	2	0
5632	19	145	2	1
5633	19	145	2	2
5634	19	146	0	0
5635	19	146	0	1
5636	19	146	0	2
5637	19	146	1	0
5638	19	146	1	1
5639	19	146	1	2
5640	19	146	2	0
5641	19	146	2	1
5642	19	146	2	2
5643	19	147	0	0
5644	19	147	0	1
5645	19	147	0	2
5646	19	147	1	0
5647	19	147	1	1
5648	19	147	1	2
5649	19	147	2	0
5650	19	147	2	1
5651	19	147	2	2
5652	19	148	0	0
5653	19	148	0	1
5654	19	148	0	2
5655	19	148	1	0
5656	19	148	1	1
5657	19	148	1	2
5658	19	148	2	0
5659	19	148	2	1
5660	19	148	2	2
5661	19	149	0	0
5662	19	149	0	1
5663	19	149	0	2
5664	19	149	1	0
5665	19	149	1	1
5666	19	149	1	2
5667	19	149	2	0
5668	19	149	2	1
5669	19	149	2	2
5670	19	150	0	0
5671	19	150	0	1
5672	19	150	0	2
5673	19	150	1	0
5674	19	150	1	1
5675	19	150	1	2
5676	19	150	2	0
5677	19	150	2	1
5678	19	150	2	2
5679	19	151	0	0
5680	19	151	0	1
5681	19	151	0	2
5682	19	151	1	0
5683	19	151	1	1
5684	19	151	1	2
5685	19	151	2	0
5686	19	151	2	1
5687	19	151	2	2
5688	19	152	0	0
5689	19	152	0	1
5690	19	152	0	2
5691	19	152	1	0
5692	19	152	1	1
5693	19	152	1	2
5694	19	152	2	0
5695	19	152	2	1
5696	19	152	2	2
5697	19	153	0	0
5698	19	153	0	1
5699	19	153	0	2
5700	19	153	1	0
5701	19	153	1	1
5702	19	153	1	2
5703	19	153	2	0
5704	19	153	2	1
5705	19	153	2	2
5706	19	154	0	0
5707	19	154	0	1
5708	19	154	0	2
5709	19	154	1	0
5710	19	154	1	1
5711	19	154	1	2
5712	19	154	2	0
5713	19	154	2	1
5714	19	154	2	2
5715	19	155	0	0
5716	19	155	0	1
5717	19	155	0	2
5718	19	155	1	0
5719	19	155	1	1
5720	19	155	1	2
5721	19	155	2	0
5722	19	155	2	1
5723	19	155	2	2
5724	19	156	0	0
5725	19	156	0	1
5726	19	156	0	2
5727	19	156	1	0
5728	19	156	1	1
5729	19	156	1	2
5730	19	156	2	0
5731	19	156	2	1
5732	19	156	2	2
5733	19	157	0	0
5734	19	157	0	1
5735	19	157	0	2
5736	19	157	1	0
5737	19	157	1	1
5738	19	157	1	2
5739	19	157	2	0
5740	19	157	2	1
5741	19	157	2	2
5742	19	158	0	0
5743	19	158	0	1
5744	19	158	0	2
5745	19	158	1	0
5746	19	158	1	1
5747	19	158	1	2
5748	19	158	2	0
5749	19	158	2	1
5750	19	158	2	2
5751	19	159	0	0
5752	19	159	0	1
5753	19	159	0	2
5754	19	159	1	0
5755	19	159	1	1
5756	19	159	1	2
5757	19	159	2	0
5758	19	159	2	1
5759	19	159	2	2
5760	20	128	0	0
5761	20	128	0	1
5762	20	128	0	2
5763	20	128	1	0
5764	20	128	1	1
5765	20	128	1	2
5766	20	128	2	0
5767	20	128	2	1
5768	20	128	2	2
5769	20	129	0	0
5770	20	129	0	1
5771	20	129	0	2
5772	20	129	1	0
5773	20	129	1	1
5774	20	129	1	2
5775	20	129	2	0
5776	20	129	2	1
5777	20	129	2	2
5778	20	130	0	0
5779	20	130	0	1
5780	20	130	0	2
5781	20	130	1	0
5782	20	130	1	1
5783	20	130	1	2
5784	20	130	2	0
5785	20	130	2	1
5786	20	130	2	2
5787	20	131	0	0
5788	20	131	0	1
5789	20	131	0	2
5790	20	131	1	0
5791	20	131	1	1
5792	20	131	1	2
5793	20	131	2	0
5794	20	131	2	1
5795	20	131	2	2
5796	20	132	0	0
5797	20	132	0	1
5798	20	132	0	2
5799	20	132	1	0
5800	20	132	1	1
5801	20	132	1	2
5802	20	132	2	0
5803	20	132	2	1
5804	20	132	2	2
5805	20	133	0	0
5806	20	133	0	1
5807	20	133	0	2
5808	20	133	1	0
5809	20	133	1	1
5810	20	133	1	2
5811	20	133	2	0
5812	20	133	2	1
5813	20	133	2	2
5814	20	134	0	0
5815	20	134	0	1
5816	20	134	0	2
5817	20	134	1	0
5818	20	134	1	1
5819	20	134	1	2
5820	20	134	2	0
5821	20	134	2	1
5822	20	134	2	2
5823	20	135	0	0
5824	20	135	0	1
5825	20	135	0	2
5826	20	135	1	0
5827	20	135	1	1
5828	20	135	1	2
5829	20	135	2	0
5830	20	135	2	1
5831	20	135	2	2
5832	20	136	0	0
5833	20	136	0	1
5834	20	136	0	2
5835	20	136	1	0
5836	20	136	1	1
5837	20	136	1	2
5838	20	136	2	0
5839	20	136	2	1
5840	20	136	2	2
5841	20	137	0	0
5842	20	137	0	1
5843	20	137	0	2
5844	20	137	1	0
5845	20	137	1	1
5846	20	137	1	2
5847	20	137	2	0
5848	20	137	2	1
5849	20	137	2	2
5850	20	138	0	0
5851	20	138	0	1
5852	20	138	0	2
5853	20	138	1	0
5854	20	138	1	1
5855	20	138	1	2
5856	20	138	2	0
5857	20	138	2	1
5858	20	138	2	2
5859	20	139	0	0
5860	20	139	0	1
5861	20	139	0	2
5862	20	139	1	0
5863	20	139	1	1
5864	20	139	1	2
5865	20	139	2	0
5866	20	139	2	1
5867	20	139	2	2
5868	20	140	0	0
5869	20	140	0	1
5870	20	140	0	2
5871	20	140	1	0
5872	20	140	1	1
5873	20	140	1	2
5874	20	140	2	0
5875	20	140	2	1
5876	20	140	2	2
5877	20	141	0	0
5878	20	141	0	1
5879	20	141	0	2
5880	20	141	1	0
5881	20	141	1	1
5882	20	141	1	2
5883	20	141	2	0
5884	20	141	2	1
5885	20	141	2	2
5886	20	142	0	0
5887	20	142	0	1
5888	20	142	0	2
5889	20	142	1	0
5890	20	142	1	1
5891	20	142	1	2
5892	20	142	2	0
5893	20	142	2	1
5894	20	142	2	2
5895	20	143	0	0
5896	20	143	0	1
5897	20	143	0	2
5898	20	143	1	0
5899	20	143	1	1
5900	20	143	1	2
5901	20	143	2	0
5902	20	143	2	1
5903	20	143	2	2
5904	20	144	0	0
5905	20	144	0	1
5906	20	144	0	2
5907	20	144	1	0
5908	20	144	1	1
5909	20	144	1	2
5910	20	144	2	0
5911	20	144	2	1
5912	20	144	2	2
5913	20	145	0	0
5914	20	145	0	1
5915	20	145	0	2
5916	20	145	1	0
5917	20	145	1	1
5918	20	145	1	2
5919	20	145	2	0
5920	20	145	2	1
5921	20	145	2	2
5922	20	146	0	0
5923	20	146	0	1
5924	20	146	0	2
5925	20	146	1	0
5926	20	146	1	1
5927	20	146	1	2
5928	20	146	2	0
5929	20	146	2	1
5930	20	146	2	2
5931	20	147	0	0
5932	20	147	0	1
5933	20	147	0	2
5934	20	147	1	0
5935	20	147	1	1
5936	20	147	1	2
5937	20	147	2	0
5938	20	147	2	1
5939	20	147	2	2
5940	20	148	0	0
5941	20	148	0	1
5942	20	148	0	2
5943	20	148	1	0
5944	20	148	1	1
5945	20	148	1	2
5946	20	148	2	0
5947	20	148	2	1
5948	20	148	2	2
5949	20	149	0	0
5950	20	149	0	1
5951	20	149	0	2
5952	20	149	1	0
5953	20	149	1	1
5954	20	149	1	2
5955	20	149	2	0
5956	20	149	2	1
5957	20	149	2	2
5958	20	150	0	0
5959	20	150	0	1
5960	20	150	0	2
5961	20	150	1	0
5962	20	150	1	1
5963	20	150	1	2
5964	20	150	2	0
5965	20	150	2	1
5966	20	150	2	2
5967	20	151	0	0
5968	20	151	0	1
5969	20	151	0	2
5970	20	151	1	0
5971	20	151	1	1
5972	20	151	1	2
5973	20	151	2	0
5974	20	151	2	1
5975	20	151	2	2
5976	20	152	0	0
5977	20	152	0	1
5978	20	152	0	2
5979	20	152	1	0
5980	20	152	1	1
5981	20	152	1	2
5982	20	152	2	0
5983	20	152	2	1
5984	20	152	2	2
5985	20	153	0	0
5986	20	153	0	1
5987	20	153	0	2
5988	20	153	1	0
5989	20	153	1	1
5990	20	153	1	2
5991	20	153	2	0
5992	20	153	2	1
5993	20	153	2	2
5994	20	154	0	0
5995	20	154	0	1
5996	20	154	0	2
5997	20	154	1	0
5998	20	154	1	1
5999	20	154	1	2
6000	20	154	2	0
6001	20	154	2	1
6002	20	154	2	2
6003	20	155	0	0
6004	20	155	0	1
6005	20	155	0	2
6006	20	155	1	0
6007	20	155	1	1
6008	20	155	1	2
6009	20	155	2	0
6010	20	155	2	1
6011	20	155	2	2
6012	20	156	0	0
6013	20	156	0	1
6014	20	156	0	2
6015	20	156	1	0
6016	20	156	1	1
6017	20	156	1	2
6018	20	156	2	0
6019	20	156	2	1
6020	20	156	2	2
6021	20	157	0	0
6022	20	157	0	1
6023	20	157	0	2
6024	20	157	1	0
6025	20	157	1	1
6026	20	157	1	2
6027	20	157	2	0
6028	20	157	2	1
6029	20	157	2	2
6030	20	158	0	0
6031	20	158	0	1
6032	20	158	0	2
6033	20	158	1	0
6034	20	158	1	1
6035	20	158	1	2
6036	20	158	2	0
6037	20	158	2	1
6038	20	158	2	2
6039	20	159	0	0
6040	20	159	0	1
6041	20	159	0	2
6042	20	159	1	0
6043	20	159	1	1
6044	20	159	1	2
6045	20	159	2	0
6046	20	159	2	1
6047	20	159	2	2
6048	21	128	0	0
6049	21	128	0	1
6050	21	128	0	2
6051	21	128	1	0
6052	21	128	1	1
6053	21	128	1	2
6054	21	128	2	0
6055	21	128	2	1
6056	21	128	2	2
6057	21	129	0	0
6058	21	129	0	1
6059	21	129	0	2
6060	21	129	1	0
6061	21	129	1	1
6062	21	129	1	2
6063	21	129	2	0
6064	21	129	2	1
6065	21	129	2	2
6066	21	130	0	0
6067	21	130	0	1
6068	21	130	0	2
6069	21	130	1	0
6070	21	130	1	1
6071	21	130	1	2
6072	21	130	2	0
6073	21	130	2	1
6074	21	130	2	2
6075	21	131	0	0
6076	21	131	0	1
6077	21	131	0	2
6078	21	131	1	0
6079	21	131	1	1
6080	21	131	1	2
6081	21	131	2	0
6082	21	131	2	1
6083	21	131	2	2
6084	21	132	0	0
6085	21	132	0	1
6086	21	132	0	2
6087	21	132	1	0
6088	21	132	1	1
6089	21	132	1	2
6090	21	132	2	0
6091	21	132	2	1
6092	21	132	2	2
6093	21	133	0	0
6094	21	133	0	1
6095	21	133	0	2
6096	21	133	1	0
6097	21	133	1	1
6098	21	133	1	2
6099	21	133	2	0
6100	21	133	2	1
6101	21	133	2	2
6102	21	134	0	0
6103	21	134	0	1
6104	21	134	0	2
6105	21	134	1	0
6106	21	134	1	1
6107	21	134	1	2
6108	21	134	2	0
6109	21	134	2	1
6110	21	134	2	2
6111	21	135	0	0
6112	21	135	0	1
6113	21	135	0	2
6114	21	135	1	0
6115	21	135	1	1
6116	21	135	1	2
6117	21	135	2	0
6118	21	135	2	1
6119	21	135	2	2
6120	21	136	0	0
6121	21	136	0	1
6122	21	136	0	2
6123	21	136	1	0
6124	21	136	1	1
6125	21	136	1	2
6126	21	136	2	0
6127	21	136	2	1
6128	21	136	2	2
6129	21	137	0	0
6130	21	137	0	1
6131	21	137	0	2
6132	21	137	1	0
6133	21	137	1	1
6134	21	137	1	2
6135	21	137	2	0
6136	21	137	2	1
6137	21	137	2	2
6138	21	138	0	0
6139	21	138	0	1
6140	21	138	0	2
6141	21	138	1	0
6142	21	138	1	1
6143	21	138	1	2
6144	21	138	2	0
6145	21	138	2	1
6146	21	138	2	2
6147	21	139	0	0
6148	21	139	0	1
6149	21	139	0	2
6150	21	139	1	0
6151	21	139	1	1
6152	21	139	1	2
6153	21	139	2	0
6154	21	139	2	1
6155	21	139	2	2
6156	21	140	0	0
6157	21	140	0	1
6158	21	140	0	2
6159	21	140	1	0
6160	21	140	1	1
6161	21	140	1	2
6162	21	140	2	0
6163	21	140	2	1
6164	21	140	2	2
6165	21	141	0	0
6166	21	141	0	1
6167	21	141	0	2
6168	21	141	1	0
6169	21	141	1	1
6170	21	141	1	2
6171	21	141	2	0
6172	21	141	2	1
6173	21	141	2	2
6174	21	142	0	0
6175	21	142	0	1
6176	21	142	0	2
6177	21	142	1	0
6178	21	142	1	1
6179	21	142	1	2
6180	21	142	2	0
6181	21	142	2	1
6182	21	142	2	2
6183	21	143	0	0
6184	21	143	0	1
6185	21	143	0	2
6186	21	143	1	0
6187	21	143	1	1
6188	21	143	1	2
6189	21	143	2	0
6190	21	143	2	1
6191	21	143	2	2
6192	21	144	0	0
6193	21	144	0	1
6194	21	144	0	2
6195	21	144	1	0
6196	21	144	1	1
6197	21	144	1	2
6198	21	144	2	0
6199	21	144	2	1
6200	21	144	2	2
6201	21	145	0	0
6202	21	145	0	1
6203	21	145	0	2
6204	21	145	1	0
6205	21	145	1	1
6206	21	145	1	2
6207	21	145	2	0
6208	21	145	2	1
6209	21	145	2	2
6210	21	146	0	0
6211	21	146	0	1
6212	21	146	0	2
6213	21	146	1	0
6214	21	146	1	1
6215	21	146	1	2
6216	21	146	2	0
6217	21	146	2	1
6218	21	146	2	2
6219	21	147	0	0
6220	21	147	0	1
6221	21	147	0	2
6222	21	147	1	0
6223	21	147	1	1
6224	21	147	1	2
6225	21	147	2	0
6226	21	147	2	1
6227	21	147	2	2
6228	21	148	0	0
6229	21	148	0	1
6230	21	148	0	2
6231	21	148	1	0
6232	21	148	1	1
6233	21	148	1	2
6234	21	148	2	0
6235	21	148	2	1
6236	21	148	2	2
6237	21	149	0	0
6238	21	149	0	1
6239	21	149	0	2
6240	21	149	1	0
6241	21	149	1	1
6242	21	149	1	2
6243	21	149	2	0
6244	21	149	2	1
6245	21	149	2	2
6246	21	150	0	0
6247	21	150	0	1
6248	21	150	0	2
6249	21	150	1	0
6250	21	150	1	1
6251	21	150	1	2
6252	21	150	2	0
6253	21	150	2	1
6254	21	150	2	2
6255	21	151	0	0
6256	21	151	0	1
6257	21	151	0	2
6258	21	151	1	0
6259	21	151	1	1
6260	21	151	1	2
6261	21	151	2	0
6262	21	151	2	1
6263	21	151	2	2
6264	21	152	0	0
6265	21	152	0	1
6266	21	152	0	2
6267	21	152	1	0
6268	21	152	1	1
6269	21	152	1	2
6270	21	152	2	0
6271	21	152	2	1
6272	21	152	2	2
6273	21	153	0	0
6274	21	153	0	1
6275	21	153	0	2
6276	21	153	1	0
6277	21	153	1	1
6278	21	153	1	2
6279	21	153	2	0
6280	21	153	2	1
6281	21	153	2	2
6282	21	154	0	0
6283	21	154	0	1
6284	21	154	0	2
6285	21	154	1	0
6286	21	154	1	1
6287	21	154	1	2
6288	21	154	2	0
6289	21	154	2	1
6290	21	154	2	2
6291	21	155	0	0
6292	21	155	0	1
6293	21	155	0	2
6294	21	155	1	0
6295	21	155	1	1
6296	21	155	1	2
6297	21	155	2	0
6298	21	155	2	1
6299	21	155	2	2
6300	21	156	0	0
6301	21	156	0	1
6302	21	156	0	2
6303	21	156	1	0
6304	21	156	1	1
6305	21	156	1	2
6306	21	156	2	0
6307	21	156	2	1
6308	21	156	2	2
6309	21	157	0	0
6310	21	157	0	1
6311	21	157	0	2
6312	21	157	1	0
6313	21	157	1	1
6314	21	157	1	2
6315	21	157	2	0
6316	21	157	2	1
6317	21	157	2	2
6318	21	158	0	0
6319	21	158	0	1
6320	21	158	0	2
6321	21	158	1	0
6322	21	158	1	1
6323	21	158	1	2
6324	21	158	2	0
6325	21	158	2	1
6326	21	158	2	2
6327	21	159	0	0
6328	21	159	0	1
6329	21	159	0	2
6330	21	159	1	0
6331	21	159	1	1
6332	21	159	1	2
6333	21	159	2	0
6334	21	159	2	1
6335	21	159	2	2
6336	22	128	0	0
6337	22	128	0	1
6338	22	128	0	2
6339	22	128	1	0
6340	22	128	1	1
6341	22	128	1	2
6342	22	128	2	0
6343	22	128	2	1
6344	22	128	2	2
6345	22	129	0	0
6346	22	129	0	1
6347	22	129	0	2
6348	22	129	1	0
6349	22	129	1	1
6350	22	129	1	2
6351	22	129	2	0
6352	22	129	2	1
6353	22	129	2	2
6354	22	130	0	0
6355	22	130	0	1
6356	22	130	0	2
6357	22	130	1	0
6358	22	130	1	1
6359	22	130	1	2
6360	22	130	2	0
6361	22	130	2	1
6362	22	130	2	2
6363	22	131	0	0
6364	22	131	0	1
6365	22	131	0	2
6366	22	131	1	0
6367	22	131	1	1
6368	22	131	1	2
6369	22	131	2	0
6370	22	131	2	1
6371	22	131	2	2
6372	22	132	0	0
6373	22	132	0	1
6374	22	132	0	2
6375	22	132	1	0
6376	22	132	1	1
6377	22	132	1	2
6378	22	132	2	0
6379	22	132	2	1
6380	22	132	2	2
6381	22	133	0	0
6382	22	133	0	1
6383	22	133	0	2
6384	22	133	1	0
6385	22	133	1	1
6386	22	133	1	2
6387	22	133	2	0
6388	22	133	2	1
6389	22	133	2	2
6390	22	134	0	0
6391	22	134	0	1
6392	22	134	0	2
6393	22	134	1	0
6394	22	134	1	1
6395	22	134	1	2
6396	22	134	2	0
6397	22	134	2	1
6398	22	134	2	2
6399	22	135	0	0
6400	22	135	0	1
6401	22	135	0	2
6402	22	135	1	0
6403	22	135	1	1
6404	22	135	1	2
6405	22	135	2	0
6406	22	135	2	1
6407	22	135	2	2
6408	22	136	0	0
6409	22	136	0	1
6410	22	136	0	2
6411	22	136	1	0
6412	22	136	1	1
6413	22	136	1	2
6414	22	136	2	0
6415	22	136	2	1
6416	22	136	2	2
6417	22	137	0	0
6418	22	137	0	1
6419	22	137	0	2
6420	22	137	1	0
6421	22	137	1	1
6422	22	137	1	2
6423	22	137	2	0
6424	22	137	2	1
6425	22	137	2	2
6426	22	138	0	0
6427	22	138	0	1
6428	22	138	0	2
6429	22	138	1	0
6430	22	138	1	1
6431	22	138	1	2
6432	22	138	2	0
6433	22	138	2	1
6434	22	138	2	2
6435	22	139	0	0
6436	22	139	0	1
6437	22	139	0	2
6438	22	139	1	0
6439	22	139	1	1
6440	22	139	1	2
6441	22	139	2	0
6442	22	139	2	1
6443	22	139	2	2
6444	22	140	0	0
6445	22	140	0	1
6446	22	140	0	2
6447	22	140	1	0
6448	22	140	1	1
6449	22	140	1	2
6450	22	140	2	0
6451	22	140	2	1
6452	22	140	2	2
6453	22	141	0	0
6454	22	141	0	1
6455	22	141	0	2
6456	22	141	1	0
6457	22	141	1	1
6458	22	141	1	2
6459	22	141	2	0
6460	22	141	2	1
6461	22	141	2	2
6462	22	142	0	0
6463	22	142	0	1
6464	22	142	0	2
6465	22	142	1	0
6466	22	142	1	1
6467	22	142	1	2
6468	22	142	2	0
6469	22	142	2	1
6470	22	142	2	2
6471	22	143	0	0
6472	22	143	0	1
6473	22	143	0	2
6474	22	143	1	0
6475	22	143	1	1
6476	22	143	1	2
6477	22	143	2	0
6478	22	143	2	1
6479	22	143	2	2
6480	22	144	0	0
6481	22	144	0	1
6482	22	144	0	2
6483	22	144	1	0
6484	22	144	1	1
6485	22	144	1	2
6486	22	144	2	0
6487	22	144	2	1
6488	22	144	2	2
6489	22	145	0	0
6490	22	145	0	1
6491	22	145	0	2
6492	22	145	1	0
6493	22	145	1	1
6494	22	145	1	2
6495	22	145	2	0
6496	22	145	2	1
6497	22	145	2	2
6498	22	146	0	0
6499	22	146	0	1
6500	22	146	0	2
6501	22	146	1	0
6502	22	146	1	1
6503	22	146	1	2
6504	22	146	2	0
6505	22	146	2	1
6506	22	146	2	2
6507	22	147	0	0
6508	22	147	0	1
6509	22	147	0	2
6510	22	147	1	0
6511	22	147	1	1
6512	22	147	1	2
6513	22	147	2	0
6514	22	147	2	1
6515	22	147	2	2
6516	22	148	0	0
6517	22	148	0	1
6518	22	148	0	2
6519	22	148	1	0
6520	22	148	1	1
6521	22	148	1	2
6522	22	148	2	0
6523	22	148	2	1
6524	22	148	2	2
6525	22	149	0	0
6526	22	149	0	1
6527	22	149	0	2
6528	22	149	1	0
6529	22	149	1	1
6530	22	149	1	2
6531	22	149	2	0
6532	22	149	2	1
6533	22	149	2	2
6534	22	150	0	0
6535	22	150	0	1
6536	22	150	0	2
6537	22	150	1	0
6538	22	150	1	1
6539	22	150	1	2
6540	22	150	2	0
6541	22	150	2	1
6542	22	150	2	2
6543	22	151	0	0
6544	22	151	0	1
6545	22	151	0	2
6546	22	151	1	0
6547	22	151	1	1
6548	22	151	1	2
6549	22	151	2	0
6550	22	151	2	1
6551	22	151	2	2
6552	22	152	0	0
6553	22	152	0	1
6554	22	152	0	2
6555	22	152	1	0
6556	22	152	1	1
6557	22	152	1	2
6558	22	152	2	0
6559	22	152	2	1
6560	22	152	2	2
6561	22	153	0	0
6562	22	153	0	1
6563	22	153	0	2
6564	22	153	1	0
6565	22	153	1	1
6566	22	153	1	2
6567	22	153	2	0
6568	22	153	2	1
6569	22	153	2	2
6570	22	154	0	0
6571	22	154	0	1
6572	22	154	0	2
6573	22	154	1	0
6574	22	154	1	1
6575	22	154	1	2
6576	22	154	2	0
6577	22	154	2	1
6578	22	154	2	2
6579	22	155	0	0
6580	22	155	0	1
6581	22	155	0	2
6582	22	155	1	0
6583	22	155	1	1
6584	22	155	1	2
6585	22	155	2	0
6586	22	155	2	1
6587	22	155	2	2
6588	22	156	0	0
6589	22	156	0	1
6590	22	156	0	2
6591	22	156	1	0
6592	22	156	1	1
6593	22	156	1	2
6594	22	156	2	0
6595	22	156	2	1
6596	22	156	2	2
6597	22	157	0	0
6598	22	157	0	1
6599	22	157	0	2
6600	22	157	1	0
6601	22	157	1	1
6602	22	157	1	2
6603	22	157	2	0
6604	22	157	2	1
6605	22	157	2	2
6606	22	158	0	0
6607	22	158	0	1
6608	22	158	0	2
6609	22	158	1	0
6610	22	158	1	1
6611	22	158	1	2
6612	22	158	2	0
6613	22	158	2	1
6614	22	158	2	2
6615	22	159	0	0
6616	22	159	0	1
6617	22	159	0	2
6618	22	159	1	0
6619	22	159	1	1
6620	22	159	1	2
6621	22	159	2	0
6622	22	159	2	1
6623	22	159	2	2
6624	23	128	0	0
6625	23	128	0	1
6626	23	128	0	2
6627	23	128	1	0
6628	23	128	1	1
6629	23	128	1	2
6630	23	128	2	0
6631	23	128	2	1
6632	23	128	2	2
6633	23	129	0	0
6634	23	129	0	1
6635	23	129	0	2
6636	23	129	1	0
6637	23	129	1	1
6638	23	129	1	2
6639	23	129	2	0
6640	23	129	2	1
6641	23	129	2	2
6642	23	130	0	0
6643	23	130	0	1
6644	23	130	0	2
6645	23	130	1	0
6646	23	130	1	1
6647	23	130	1	2
6648	23	130	2	0
6649	23	130	2	1
6650	23	130	2	2
6651	23	131	0	0
6652	23	131	0	1
6653	23	131	0	2
6654	23	131	1	0
6655	23	131	1	1
6656	23	131	1	2
6657	23	131	2	0
6658	23	131	2	1
6659	23	131	2	2
6660	23	132	0	0
6661	23	132	0	1
6662	23	132	0	2
6663	23	132	1	0
6664	23	132	1	1
6665	23	132	1	2
6666	23	132	2	0
6667	23	132	2	1
6668	23	132	2	2
6669	23	133	0	0
6670	23	133	0	1
6671	23	133	0	2
6672	23	133	1	0
6673	23	133	1	1
6674	23	133	1	2
6675	23	133	2	0
6676	23	133	2	1
6677	23	133	2	2
6678	23	134	0	0
6679	23	134	0	1
6680	23	134	0	2
6681	23	134	1	0
6682	23	134	1	1
6683	23	134	1	2
6684	23	134	2	0
6685	23	134	2	1
6686	23	134	2	2
6687	23	135	0	0
6688	23	135	0	1
6689	23	135	0	2
6690	23	135	1	0
6691	23	135	1	1
6692	23	135	1	2
6693	23	135	2	0
6694	23	135	2	1
6695	23	135	2	2
6696	23	136	0	0
6697	23	136	0	1
6698	23	136	0	2
6699	23	136	1	0
6700	23	136	1	1
6701	23	136	1	2
6702	23	136	2	0
6703	23	136	2	1
6704	23	136	2	2
6705	23	137	0	0
6706	23	137	0	1
6707	23	137	0	2
6708	23	137	1	0
6709	23	137	1	1
6710	23	137	1	2
6711	23	137	2	0
6712	23	137	2	1
6713	23	137	2	2
6714	23	138	0	0
6715	23	138	0	1
6716	23	138	0	2
6717	23	138	1	0
6718	23	138	1	1
6719	23	138	1	2
6720	23	138	2	0
6721	23	138	2	1
6722	23	138	2	2
6723	23	139	0	0
6724	23	139	0	1
6725	23	139	0	2
6726	23	139	1	0
6727	23	139	1	1
6728	23	139	1	2
6729	23	139	2	0
6730	23	139	2	1
6731	23	139	2	2
6732	23	140	0	0
6733	23	140	0	1
6734	23	140	0	2
6735	23	140	1	0
6736	23	140	1	1
6737	23	140	1	2
6738	23	140	2	0
6739	23	140	2	1
6740	23	140	2	2
6741	23	141	0	0
6742	23	141	0	1
6743	23	141	0	2
6744	23	141	1	0
6745	23	141	1	1
6746	23	141	1	2
6747	23	141	2	0
6748	23	141	2	1
6749	23	141	2	2
6750	23	142	0	0
6751	23	142	0	1
6752	23	142	0	2
6753	23	142	1	0
6754	23	142	1	1
6755	23	142	1	2
6756	23	142	2	0
6757	23	142	2	1
6758	23	142	2	2
6759	23	143	0	0
6760	23	143	0	1
6761	23	143	0	2
6762	23	143	1	0
6763	23	143	1	1
6764	23	143	1	2
6765	23	143	2	0
6766	23	143	2	1
6767	23	143	2	2
6768	23	144	0	0
6769	23	144	0	1
6770	23	144	0	2
6771	23	144	1	0
6772	23	144	1	1
6773	23	144	1	2
6774	23	144	2	0
6775	23	144	2	1
6776	23	144	2	2
6777	23	145	0	0
6778	23	145	0	1
6779	23	145	0	2
6780	23	145	1	0
6781	23	145	1	1
6782	23	145	1	2
6783	23	145	2	0
6784	23	145	2	1
6785	23	145	2	2
6786	23	146	0	0
6787	23	146	0	1
6788	23	146	0	2
6789	23	146	1	0
6790	23	146	1	1
6791	23	146	1	2
6792	23	146	2	0
6793	23	146	2	1
6794	23	146	2	2
6795	23	147	0	0
6796	23	147	0	1
6797	23	147	0	2
6798	23	147	1	0
6799	23	147	1	1
6800	23	147	1	2
6801	23	147	2	0
6802	23	147	2	1
6803	23	147	2	2
6804	23	148	0	0
6805	23	148	0	1
6806	23	148	0	2
6807	23	148	1	0
6808	23	148	1	1
6809	23	148	1	2
6810	23	148	2	0
6811	23	148	2	1
6812	23	148	2	2
6813	23	149	0	0
6814	23	149	0	1
6815	23	149	0	2
6816	23	149	1	0
6817	23	149	1	1
6818	23	149	1	2
6819	23	149	2	0
6820	23	149	2	1
6821	23	149	2	2
6822	23	150	0	0
6823	23	150	0	1
6824	23	150	0	2
6825	23	150	1	0
6826	23	150	1	1
6827	23	150	1	2
6828	23	150	2	0
6829	23	150	2	1
6830	23	150	2	2
6831	23	151	0	0
6832	23	151	0	1
6833	23	151	0	2
6834	23	151	1	0
6835	23	151	1	1
6836	23	151	1	2
6837	23	151	2	0
6838	23	151	2	1
6839	23	151	2	2
6840	23	152	0	0
6841	23	152	0	1
6842	23	152	0	2
6843	23	152	1	0
6844	23	152	1	1
6845	23	152	1	2
6846	23	152	2	0
6847	23	152	2	1
6848	23	152	2	2
6849	23	153	0	0
6850	23	153	0	1
6851	23	153	0	2
6852	23	153	1	0
6853	23	153	1	1
6854	23	153	1	2
6855	23	153	2	0
6856	23	153	2	1
6857	23	153	2	2
6858	23	154	0	0
6859	23	154	0	1
6860	23	154	0	2
6861	23	154	1	0
6862	23	154	1	1
6863	23	154	1	2
6864	23	154	2	0
6865	23	154	2	1
6866	23	154	2	2
6867	23	155	0	0
6868	23	155	0	1
6869	23	155	0	2
6870	23	155	1	0
6871	23	155	1	1
6872	23	155	1	2
6873	23	155	2	0
6874	23	155	2	1
6875	23	155	2	2
6876	23	156	0	0
6877	23	156	0	1
6878	23	156	0	2
6879	23	156	1	0
6880	23	156	1	1
6881	23	156	1	2
6882	23	156	2	0
6883	23	156	2	1
6884	23	156	2	2
6885	23	157	0	0
6886	23	157	0	1
6887	23	157	0	2
6888	23	157	1	0
6889	23	157	1	1
6890	23	157	1	2
6891	23	157	2	0
6892	23	157	2	1
6893	23	157	2	2
6894	23	158	0	0
6895	23	158	0	1
6896	23	158	0	2
6897	23	158	1	0
6898	23	158	1	1
6899	23	158	1	2
6900	23	158	2	0
6901	23	158	2	1
6902	23	158	2	2
6903	23	159	0	0
6904	23	159	0	1
6905	23	159	0	2
6906	23	159	1	0
6907	23	159	1	1
6908	23	159	1	2
6909	23	159	2	0
6910	23	159	2	1
6911	23	159	2	2
6912	24	128	0	0
6913	24	128	0	1
6914	24	128	0	2
6915	24	128	1	0
6916	24	128	1	1
6917	24	128	1	2
6918	24	128	2	0
6919	24	128	2	1
6920	24	128	2	2
6921	24	129	0	0
6922	24	129	0	1
6923	24	129	0	2
6924	24	129	1	0
6925	24	129	1	1
6926	24	129	1	2
6927	24	129	2	0
6928	24	129	2	1
6929	24	129	2	2
6930	24	130	0	0
6931	24	130	0	1
6932	24	130	0	2
6933	24	130	1	0
6934	24	130	1	1
6935	24	130	1	2
6936	24	130	2	0
6937	24	130	2	1
6938	24	130	2	2
6939	24	131	0	0
6940	24	131	0	1
6941	24	131	0	2
6942	24	131	1	0
6943	24	131	1	1
6944	24	131	1	2
6945	24	131	2	0
6946	24	131	2	1
6947	24	131	2	2
6948	24	132	0	0
6949	24	132	0	1
6950	24	132	0	2
6951	24	132	1	0
6952	24	132	1	1
6953	24	132	1	2
6954	24	132	2	0
6955	24	132	2	1
6956	24	132	2	2
6957	24	133	0	0
6958	24	133	0	1
6959	24	133	0	2
6960	24	133	1	0
6961	24	133	1	1
6962	24	133	1	2
6963	24	133	2	0
6964	24	133	2	1
6965	24	133	2	2
6966	24	134	0	0
6967	24	134	0	1
6968	24	134	0	2
6969	24	134	1	0
6970	24	134	1	1
6971	24	134	1	2
6972	24	134	2	0
6973	24	134	2	1
6974	24	134	2	2
6975	24	135	0	0
6976	24	135	0	1
6977	24	135	0	2
6978	24	135	1	0
6979	24	135	1	1
6980	24	135	1	2
6981	24	135	2	0
6982	24	135	2	1
6983	24	135	2	2
6984	24	136	0	0
6985	24	136	0	1
6986	24	136	0	2
6987	24	136	1	0
6988	24	136	1	1
6989	24	136	1	2
6990	24	136	2	0
6991	24	136	2	1
6992	24	136	2	2
6993	24	137	0	0
6994	24	137	0	1
6995	24	137	0	2
6996	24	137	1	0
6997	24	137	1	1
6998	24	137	1	2
6999	24	137	2	0
7000	24	137	2	1
7001	24	137	2	2
7002	24	138	0	0
7003	24	138	0	1
7004	24	138	0	2
7005	24	138	1	0
7006	24	138	1	1
7007	24	138	1	2
7008	24	138	2	0
7009	24	138	2	1
7010	24	138	2	2
7011	24	139	0	0
7012	24	139	0	1
7013	24	139	0	2
7014	24	139	1	0
7015	24	139	1	1
7016	24	139	1	2
7017	24	139	2	0
7018	24	139	2	1
7019	24	139	2	2
7020	24	140	0	0
7021	24	140	0	1
7022	24	140	0	2
7023	24	140	1	0
7024	24	140	1	1
7025	24	140	1	2
7026	24	140	2	0
7027	24	140	2	1
7028	24	140	2	2
7029	24	141	0	0
7030	24	141	0	1
7031	24	141	0	2
7032	24	141	1	0
7033	24	141	1	1
7034	24	141	1	2
7035	24	141	2	0
7036	24	141	2	1
7037	24	141	2	2
7038	24	142	0	0
7039	24	142	0	1
7040	24	142	0	2
7041	24	142	1	0
7042	24	142	1	1
7043	24	142	1	2
7044	24	142	2	0
7045	24	142	2	1
7046	24	142	2	2
7047	24	143	0	0
7048	24	143	0	1
7049	24	143	0	2
7050	24	143	1	0
7051	24	143	1	1
7052	24	143	1	2
7053	24	143	2	0
7054	24	143	2	1
7055	24	143	2	2
7056	24	144	0	0
7057	24	144	0	1
7058	24	144	0	2
7059	24	144	1	0
7060	24	144	1	1
7061	24	144	1	2
7062	24	144	2	0
7063	24	144	2	1
7064	24	144	2	2
7065	24	145	0	0
7066	24	145	0	1
7067	24	145	0	2
7068	24	145	1	0
7069	24	145	1	1
7070	24	145	1	2
7071	24	145	2	0
7072	24	145	2	1
7073	24	145	2	2
7074	24	146	0	0
7075	24	146	0	1
7076	24	146	0	2
7077	24	146	1	0
7078	24	146	1	1
7079	24	146	1	2
7080	24	146	2	0
7081	24	146	2	1
7082	24	146	2	2
7083	24	147	0	0
7084	24	147	0	1
7085	24	147	0	2
7086	24	147	1	0
7087	24	147	1	1
7088	24	147	1	2
7089	24	147	2	0
7090	24	147	2	1
7091	24	147	2	2
7092	24	148	0	0
7093	24	148	0	1
7094	24	148	0	2
7095	24	148	1	0
7096	24	148	1	1
7097	24	148	1	2
7098	24	148	2	0
7099	24	148	2	1
7100	24	148	2	2
7101	24	149	0	0
7102	24	149	0	1
7103	24	149	0	2
7104	24	149	1	0
7105	24	149	1	1
7106	24	149	1	2
7107	24	149	2	0
7108	24	149	2	1
7109	24	149	2	2
7110	24	150	0	0
7111	24	150	0	1
7112	24	150	0	2
7113	24	150	1	0
7114	24	150	1	1
7115	24	150	1	2
7116	24	150	2	0
7117	24	150	2	1
7118	24	150	2	2
7119	24	151	0	0
7120	24	151	0	1
7121	24	151	0	2
7122	24	151	1	0
7123	24	151	1	1
7124	24	151	1	2
7125	24	151	2	0
7126	24	151	2	1
7127	24	151	2	2
7128	24	152	0	0
7129	24	152	0	1
7130	24	152	0	2
7131	24	152	1	0
7132	24	152	1	1
7133	24	152	1	2
7134	24	152	2	0
7135	24	152	2	1
7136	24	152	2	2
7137	24	153	0	0
7138	24	153	0	1
7139	24	153	0	2
7140	24	153	1	0
7141	24	153	1	1
7142	24	153	1	2
7143	24	153	2	0
7144	24	153	2	1
7145	24	153	2	2
7146	24	154	0	0
7147	24	154	0	1
7148	24	154	0	2
7149	24	154	1	0
7150	24	154	1	1
7151	24	154	1	2
7152	24	154	2	0
7153	24	154	2	1
7154	24	154	2	2
7155	24	155	0	0
7156	24	155	0	1
7157	24	155	0	2
7158	24	155	1	0
7159	24	155	1	1
7160	24	155	1	2
7161	24	155	2	0
7162	24	155	2	1
7163	24	155	2	2
7164	24	156	0	0
7165	24	156	0	1
7166	24	156	0	2
7167	24	156	1	0
7168	24	156	1	1
7169	24	156	1	2
7170	24	156	2	0
7171	24	156	2	1
7172	24	156	2	2
7173	24	157	0	0
7174	24	157	0	1
7175	24	157	0	2
7176	24	157	1	0
7177	24	157	1	1
7178	24	157	1	2
7179	24	157	2	0
7180	24	157	2	1
7181	24	157	2	2
7182	24	158	0	0
7183	24	158	0	1
7184	24	158	0	2
7185	24	158	1	0
7186	24	158	1	1
7187	24	158	1	2
7188	24	158	2	0
7189	24	158	2	1
7190	24	158	2	2
7191	24	159	0	0
7192	24	159	0	1
7193	24	159	0	2
7194	24	159	1	0
7195	24	159	1	1
7196	24	159	1	2
7197	24	159	2	0
7198	24	159	2	1
7199	24	159	2	2
7200	25	128	0	0
7201	25	128	0	1
7202	25	128	0	2
7203	25	128	1	0
7204	25	128	1	1
7205	25	128	1	2
7206	25	128	2	0
7207	25	128	2	1
7208	25	128	2	2
7209	25	129	0	0
7210	25	129	0	1
7211	25	129	0	2
7212	25	129	1	0
7213	25	129	1	1
7214	25	129	1	2
7215	25	129	2	0
7216	25	129	2	1
7217	25	129	2	2
7218	25	130	0	0
7219	25	130	0	1
7220	25	130	0	2
7221	25	130	1	0
7222	25	130	1	1
7223	25	130	1	2
7224	25	130	2	0
7225	25	130	2	1
7226	25	130	2	2
7227	25	131	0	0
7228	25	131	0	1
7229	25	131	0	2
7230	25	131	1	0
7231	25	131	1	1
7232	25	131	1	2
7233	25	131	2	0
7234	25	131	2	1
7235	25	131	2	2
7236	25	132	0	0
7237	25	132	0	1
7238	25	132	0	2
7239	25	132	1	0
7240	25	132	1	1
7241	25	132	1	2
7242	25	132	2	0
7243	25	132	2	1
7244	25	132	2	2
7245	25	133	0	0
7246	25	133	0	1
7247	25	133	0	2
7248	25	133	1	0
7249	25	133	1	1
7250	25	133	1	2
7251	25	133	2	0
7252	25	133	2	1
7253	25	133	2	2
7254	25	134	0	0
7255	25	134	0	1
7256	25	134	0	2
7257	25	134	1	0
7258	25	134	1	1
7259	25	134	1	2
7260	25	134	2	0
7261	25	134	2	1
7262	25	134	2	2
7263	25	135	0	0
7264	25	135	0	1
7265	25	135	0	2
7266	25	135	1	0
7267	25	135	1	1
7268	25	135	1	2
7269	25	135	2	0
7270	25	135	2	1
7271	25	135	2	2
7272	25	136	0	0
7273	25	136	0	1
7274	25	136	0	2
7275	25	136	1	0
7276	25	136	1	1
7277	25	136	1	2
7278	25	136	2	0
7279	25	136	2	1
7280	25	136	2	2
7281	25	137	0	0
7282	25	137	0	1
7283	25	137	0	2
7284	25	137	1	0
7285	25	137	1	1
7286	25	137	1	2
7287	25	137	2	0
7288	25	137	2	1
7289	25	137	2	2
7290	25	138	0	0
7291	25	138	0	1
7292	25	138	0	2
7293	25	138	1	0
7294	25	138	1	1
7295	25	138	1	2
7296	25	138	2	0
7297	25	138	2	1
7298	25	138	2	2
7299	25	139	0	0
7300	25	139	0	1
7301	25	139	0	2
7302	25	139	1	0
7303	25	139	1	1
7304	25	139	1	2
7305	25	139	2	0
7306	25	139	2	1
7307	25	139	2	2
7308	25	140	0	0
7309	25	140	0	1
7310	25	140	0	2
7311	25	140	1	0
7312	25	140	1	1
7313	25	140	1	2
7314	25	140	2	0
7315	25	140	2	1
7316	25	140	2	2
7317	25	141	0	0
7318	25	141	0	1
7319	25	141	0	2
7320	25	141	1	0
7321	25	141	1	1
7322	25	141	1	2
7323	25	141	2	0
7324	25	141	2	1
7325	25	141	2	2
7326	25	142	0	0
7327	25	142	0	1
7328	25	142	0	2
7329	25	142	1	0
7330	25	142	1	1
7331	25	142	1	2
7332	25	142	2	0
7333	25	142	2	1
7334	25	142	2	2
7335	25	143	0	0
7336	25	143	0	1
7337	25	143	0	2
7338	25	143	1	0
7339	25	143	1	1
7340	25	143	1	2
7341	25	143	2	0
7342	25	143	2	1
7343	25	143	2	2
7344	25	144	0	0
7345	25	144	0	1
7346	25	144	0	2
7347	25	144	1	0
7348	25	144	1	1
7349	25	144	1	2
7350	25	144	2	0
7351	25	144	2	1
7352	25	144	2	2
7353	25	145	0	0
7354	25	145	0	1
7355	25	145	0	2
7356	25	145	1	0
7357	25	145	1	1
7358	25	145	1	2
7359	25	145	2	0
7360	25	145	2	1
7361	25	145	2	2
7362	25	146	0	0
7363	25	146	0	1
7364	25	146	0	2
7365	25	146	1	0
7366	25	146	1	1
7367	25	146	1	2
7368	25	146	2	0
7369	25	146	2	1
7370	25	146	2	2
7371	25	147	0	0
7372	25	147	0	1
7373	25	147	0	2
7374	25	147	1	0
7375	25	147	1	1
7376	25	147	1	2
7377	25	147	2	0
7378	25	147	2	1
7379	25	147	2	2
7380	25	148	0	0
7381	25	148	0	1
7382	25	148	0	2
7383	25	148	1	0
7384	25	148	1	1
7385	25	148	1	2
7386	25	148	2	0
7387	25	148	2	1
7388	25	148	2	2
7389	25	149	0	0
7390	25	149	0	1
7391	25	149	0	2
7392	25	149	1	0
7393	25	149	1	1
7394	25	149	1	2
7395	25	149	2	0
7396	25	149	2	1
7397	25	149	2	2
7398	25	150	0	0
7399	25	150	0	1
7400	25	150	0	2
7401	25	150	1	0
7402	25	150	1	1
7403	25	150	1	2
7404	25	150	2	0
7405	25	150	2	1
7406	25	150	2	2
7407	25	151	0	0
7408	25	151	0	1
7409	25	151	0	2
7410	25	151	1	0
7411	25	151	1	1
7412	25	151	1	2
7413	25	151	2	0
7414	25	151	2	1
7415	25	151	2	2
7416	25	152	0	0
7417	25	152	0	1
7418	25	152	0	2
7419	25	152	1	0
7420	25	152	1	1
7421	25	152	1	2
7422	25	152	2	0
7423	25	152	2	1
7424	25	152	2	2
7425	25	153	0	0
7426	25	153	0	1
7427	25	153	0	2
7428	25	153	1	0
7429	25	153	1	1
7430	25	153	1	2
7431	25	153	2	0
7432	25	153	2	1
7433	25	153	2	2
7434	25	154	0	0
7435	25	154	0	1
7436	25	154	0	2
7437	25	154	1	0
7438	25	154	1	1
7439	25	154	1	2
7440	25	154	2	0
7441	25	154	2	1
7442	25	154	2	2
7443	25	155	0	0
7444	25	155	0	1
7445	25	155	0	2
7446	25	155	1	0
7447	25	155	1	1
7448	25	155	1	2
7449	25	155	2	0
7450	25	155	2	1
7451	25	155	2	2
7452	25	156	0	0
7453	25	156	0	1
7454	25	156	0	2
7455	25	156	1	0
7456	25	156	1	1
7457	25	156	1	2
7458	25	156	2	0
7459	25	156	2	1
7460	25	156	2	2
7461	25	157	0	0
7462	25	157	0	1
7463	25	157	0	2
7464	25	157	1	0
7465	25	157	1	1
7466	25	157	1	2
7467	25	157	2	0
7468	25	157	2	1
7469	25	157	2	2
7470	25	158	0	0
7471	25	158	0	1
7472	25	158	0	2
7473	25	158	1	0
7474	25	158	1	1
7475	25	158	1	2
7476	25	158	2	0
7477	25	158	2	1
7478	25	158	2	2
7479	25	159	0	0
7480	25	159	0	1
7481	25	159	0	2
7482	25	159	1	0
7483	25	159	1	1
7484	25	159	1	2
7485	25	159	2	0
7486	25	159	2	1
7487	25	159	2	2
7488	26	128	0	0
7489	26	128	0	1
7490	26	128	0	2
7491	26	128	1	0
7492	26	128	1	1
7493	26	128	1	2
7494	26	128	2	0
7495	26	128	2	1
7496	26	128	2	2
7497	26	129	0	0
7498	26	129	0	1
7499	26	129	0	2
7500	26	129	1	0
7501	26	129	1	1
7502	26	129	1	2
7503	26	129	2	0
7504	26	129	2	1
7505	26	129	2	2
7506	26	130	0	0
7507	26	130	0	1
7508	26	130	0	2
7509	26	130	1	0
7510	26	130	1	1
7511	26	130	1	2
7512	26	130	2	0
7513	26	130	2	1
7514	26	130	2	2
7515	26	131	0	0
7516	26	131	0	1
7517	26	131	0	2
7518	26	131	1	0
7519	26	131	1	1
7520	26	131	1	2
7521	26	131	2	0
7522	26	131	2	1
7523	26	131	2	2
7524	26	132	0	0
7525	26	132	0	1
7526	26	132	0	2
7527	26	132	1	0
7528	26	132	1	1
7529	26	132	1	2
7530	26	132	2	0
7531	26	132	2	1
7532	26	132	2	2
7533	26	133	0	0
7534	26	133	0	1
7535	26	133	0	2
7536	26	133	1	0
7537	26	133	1	1
7538	26	133	1	2
7539	26	133	2	0
7540	26	133	2	1
7541	26	133	2	2
7542	26	134	0	0
7543	26	134	0	1
7544	26	134	0	2
7545	26	134	1	0
7546	26	134	1	1
7547	26	134	1	2
7548	26	134	2	0
7549	26	134	2	1
7550	26	134	2	2
7551	26	135	0	0
7552	26	135	0	1
7553	26	135	0	2
7554	26	135	1	0
7555	26	135	1	1
7556	26	135	1	2
7557	26	135	2	0
7558	26	135	2	1
7559	26	135	2	2
7560	26	136	0	0
7561	26	136	0	1
7562	26	136	0	2
7563	26	136	1	0
7564	26	136	1	1
7565	26	136	1	2
7566	26	136	2	0
7567	26	136	2	1
7568	26	136	2	2
7569	26	137	0	0
7570	26	137	0	1
7571	26	137	0	2
7572	26	137	1	0
7573	26	137	1	1
7574	26	137	1	2
7575	26	137	2	0
7576	26	137	2	1
7577	26	137	2	2
7578	26	138	0	0
7579	26	138	0	1
7580	26	138	0	2
7581	26	138	1	0
7582	26	138	1	1
7583	26	138	1	2
7584	26	138	2	0
7585	26	138	2	1
7586	26	138	2	2
7587	26	139	0	0
7588	26	139	0	1
7589	26	139	0	2
7590	26	139	1	0
7591	26	139	1	1
7592	26	139	1	2
7593	26	139	2	0
7594	26	139	2	1
7595	26	139	2	2
7596	26	140	0	0
7597	26	140	0	1
7598	26	140	0	2
7599	26	140	1	0
7600	26	140	1	1
7601	26	140	1	2
7602	26	140	2	0
7603	26	140	2	1
7604	26	140	2	2
7605	26	141	0	0
7606	26	141	0	1
7607	26	141	0	2
7608	26	141	1	0
7609	26	141	1	1
7610	26	141	1	2
7611	26	141	2	0
7612	26	141	2	1
7613	26	141	2	2
7614	26	142	0	0
7615	26	142	0	1
7616	26	142	0	2
7617	26	142	1	0
7618	26	142	1	1
7619	26	142	1	2
7620	26	142	2	0
7621	26	142	2	1
7622	26	142	2	2
7623	26	143	0	0
7624	26	143	0	1
7625	26	143	0	2
7626	26	143	1	0
7627	26	143	1	1
7628	26	143	1	2
7629	26	143	2	0
7630	26	143	2	1
7631	26	143	2	2
7632	26	144	0	0
7633	26	144	0	1
7634	26	144	0	2
7635	26	144	1	0
7636	26	144	1	1
7637	26	144	1	2
7638	26	144	2	0
7639	26	144	2	1
7640	26	144	2	2
7641	26	145	0	0
7642	26	145	0	1
7643	26	145	0	2
7644	26	145	1	0
7645	26	145	1	1
7646	26	145	1	2
7647	26	145	2	0
7648	26	145	2	1
7649	26	145	2	2
7650	26	146	0	0
7651	26	146	0	1
7652	26	146	0	2
7653	26	146	1	0
7654	26	146	1	1
7655	26	146	1	2
7656	26	146	2	0
7657	26	146	2	1
7658	26	146	2	2
7659	26	147	0	0
7660	26	147	0	1
7661	26	147	0	2
7662	26	147	1	0
7663	26	147	1	1
7664	26	147	1	2
7665	26	147	2	0
7666	26	147	2	1
7667	26	147	2	2
7668	26	148	0	0
7669	26	148	0	1
7670	26	148	0	2
7671	26	148	1	0
7672	26	148	1	1
7673	26	148	1	2
7674	26	148	2	0
7675	26	148	2	1
7676	26	148	2	2
7677	26	149	0	0
7678	26	149	0	1
7679	26	149	0	2
7680	26	149	1	0
7681	26	149	1	1
7682	26	149	1	2
7683	26	149	2	0
7684	26	149	2	1
7685	26	149	2	2
7686	26	150	0	0
7687	26	150	0	1
7688	26	150	0	2
7689	26	150	1	0
7690	26	150	1	1
7691	26	150	1	2
7692	26	150	2	0
7693	26	150	2	1
7694	26	150	2	2
7695	26	151	0	0
7696	26	151	0	1
7697	26	151	0	2
7698	26	151	1	0
7699	26	151	1	1
7700	26	151	1	2
7701	26	151	2	0
7702	26	151	2	1
7703	26	151	2	2
7704	26	152	0	0
7705	26	152	0	1
7706	26	152	0	2
7707	26	152	1	0
7708	26	152	1	1
7709	26	152	1	2
7710	26	152	2	0
7711	26	152	2	1
7712	26	152	2	2
7713	26	153	0	0
7714	26	153	0	1
7715	26	153	0	2
7716	26	153	1	0
7717	26	153	1	1
7718	26	153	1	2
7719	26	153	2	0
7720	26	153	2	1
7721	26	153	2	2
7722	26	154	0	0
7723	26	154	0	1
7724	26	154	0	2
7725	26	154	1	0
7726	26	154	1	1
7727	26	154	1	2
7728	26	154	2	0
7729	26	154	2	1
7730	26	154	2	2
7731	26	155	0	0
7732	26	155	0	1
7733	26	155	0	2
7734	26	155	1	0
7735	26	155	1	1
7736	26	155	1	2
7737	26	155	2	0
7738	26	155	2	1
7739	26	155	2	2
7740	26	156	0	0
7741	26	156	0	1
7742	26	156	0	2
7743	26	156	1	0
7744	26	156	1	1
7745	26	156	1	2
7746	26	156	2	0
7747	26	156	2	1
7748	26	156	2	2
7749	26	157	0	0
7750	26	157	0	1
7751	26	157	0	2
7752	26	157	1	0
7753	26	157	1	1
7754	26	157	1	2
7755	26	157	2	0
7756	26	157	2	1
7757	26	157	2	2
7758	26	158	0	0
7759	26	158	0	1
7760	26	158	0	2
7761	26	158	1	0
7762	26	158	1	1
7763	26	158	1	2
7764	26	158	2	0
7765	26	158	2	1
7766	26	158	2	2
7767	26	159	0	0
7768	26	159	0	1
7769	26	159	0	2
7770	26	159	1	0
7771	26	159	1	1
7772	26	159	1	2
7773	26	159	2	0
7774	26	159	2	1
7775	26	159	2	2
7776	27	128	0	0
7777	27	128	0	1
7778	27	128	0	2
7779	27	128	1	0
7780	27	128	1	1
7781	27	128	1	2
7782	27	128	2	0
7783	27	128	2	1
7784	27	128	2	2
7785	27	129	0	0
7786	27	129	0	1
7787	27	129	0	2
7788	27	129	1	0
7789	27	129	1	1
7790	27	129	1	2
7791	27	129	2	0
7792	27	129	2	1
7793	27	129	2	2
7794	27	130	0	0
7795	27	130	0	1
7796	27	130	0	2
7797	27	130	1	0
7798	27	130	1	1
7799	27	130	1	2
7800	27	130	2	0
7801	27	130	2	1
7802	27	130	2	2
7803	27	131	0	0
7804	27	131	0	1
7805	27	131	0	2
7806	27	131	1	0
7807	27	131	1	1
7808	27	131	1	2
7809	27	131	2	0
7810	27	131	2	1
7811	27	131	2	2
7812	27	132	0	0
7813	27	132	0	1
7814	27	132	0	2
7815	27	132	1	0
7816	27	132	1	1
7817	27	132	1	2
7818	27	132	2	0
7819	27	132	2	1
7820	27	132	2	2
7821	27	133	0	0
7822	27	133	0	1
7823	27	133	0	2
7824	27	133	1	0
7825	27	133	1	1
7826	27	133	1	2
7827	27	133	2	0
7828	27	133	2	1
7829	27	133	2	2
7830	27	134	0	0
7831	27	134	0	1
7832	27	134	0	2
7833	27	134	1	0
7834	27	134	1	1
7835	27	134	1	2
7836	27	134	2	0
7837	27	134	2	1
7838	27	134	2	2
7839	27	135	0	0
7840	27	135	0	1
7841	27	135	0	2
7842	27	135	1	0
7843	27	135	1	1
7844	27	135	1	2
7845	27	135	2	0
7846	27	135	2	1
7847	27	135	2	2
7848	27	136	0	0
7849	27	136	0	1
7850	27	136	0	2
7851	27	136	1	0
7852	27	136	1	1
7853	27	136	1	2
7854	27	136	2	0
7855	27	136	2	1
7856	27	136	2	2
7857	27	137	0	0
7858	27	137	0	1
7859	27	137	0	2
7860	27	137	1	0
7861	27	137	1	1
7862	27	137	1	2
7863	27	137	2	0
7864	27	137	2	1
7865	27	137	2	2
7866	27	138	0	0
7867	27	138	0	1
7868	27	138	0	2
7869	27	138	1	0
7870	27	138	1	1
7871	27	138	1	2
7872	27	138	2	0
7873	27	138	2	1
7874	27	138	2	2
7875	27	139	0	0
7876	27	139	0	1
7877	27	139	0	2
7878	27	139	1	0
7879	27	139	1	1
7880	27	139	1	2
7881	27	139	2	0
7882	27	139	2	1
7883	27	139	2	2
7884	27	140	0	0
7885	27	140	0	1
7886	27	140	0	2
7887	27	140	1	0
7888	27	140	1	1
7889	27	140	1	2
7890	27	140	2	0
7891	27	140	2	1
7892	27	140	2	2
7893	27	141	0	0
7894	27	141	0	1
7895	27	141	0	2
7896	27	141	1	0
7897	27	141	1	1
7898	27	141	1	2
7899	27	141	2	0
7900	27	141	2	1
7901	27	141	2	2
7902	27	142	0	0
7903	27	142	0	1
7904	27	142	0	2
7905	27	142	1	0
7906	27	142	1	1
7907	27	142	1	2
7908	27	142	2	0
7909	27	142	2	1
7910	27	142	2	2
7911	27	143	0	0
7912	27	143	0	1
7913	27	143	0	2
7914	27	143	1	0
7915	27	143	1	1
7916	27	143	1	2
7917	27	143	2	0
7918	27	143	2	1
7919	27	143	2	2
7920	27	144	0	0
7921	27	144	0	1
7922	27	144	0	2
7923	27	144	1	0
7924	27	144	1	1
7925	27	144	1	2
7926	27	144	2	0
7927	27	144	2	1
7928	27	144	2	2
7929	27	145	0	0
7930	27	145	0	1
7931	27	145	0	2
7932	27	145	1	0
7933	27	145	1	1
7934	27	145	1	2
7935	27	145	2	0
7936	27	145	2	1
7937	27	145	2	2
7938	27	146	0	0
7939	27	146	0	1
7940	27	146	0	2
7941	27	146	1	0
7942	27	146	1	1
7943	27	146	1	2
7944	27	146	2	0
7945	27	146	2	1
7946	27	146	2	2
7947	27	147	0	0
7948	27	147	0	1
7949	27	147	0	2
7950	27	147	1	0
7951	27	147	1	1
7952	27	147	1	2
7953	27	147	2	0
7954	27	147	2	1
7955	27	147	2	2
7956	27	148	0	0
7957	27	148	0	1
7958	27	148	0	2
7959	27	148	1	0
7960	27	148	1	1
7961	27	148	1	2
7962	27	148	2	0
7963	27	148	2	1
7964	27	148	2	2
7965	27	149	0	0
7966	27	149	0	1
7967	27	149	0	2
7968	27	149	1	0
7969	27	149	1	1
7970	27	149	1	2
7971	27	149	2	0
7972	27	149	2	1
7973	27	149	2	2
7974	27	150	0	0
7975	27	150	0	1
7976	27	150	0	2
7977	27	150	1	0
7978	27	150	1	1
7979	27	150	1	2
7980	27	150	2	0
7981	27	150	2	1
7982	27	150	2	2
7983	27	151	0	0
7984	27	151	0	1
7985	27	151	0	2
7986	27	151	1	0
7987	27	151	1	1
7988	27	151	1	2
7989	27	151	2	0
7990	27	151	2	1
7991	27	151	2	2
7992	27	152	0	0
7993	27	152	0	1
7994	27	152	0	2
7995	27	152	1	0
7996	27	152	1	1
7997	27	152	1	2
7998	27	152	2	0
7999	27	152	2	1
8000	27	152	2	2
8001	27	153	0	0
8002	27	153	0	1
8003	27	153	0	2
8004	27	153	1	0
8005	27	153	1	1
8006	27	153	1	2
8007	27	153	2	0
8008	27	153	2	1
8009	27	153	2	2
8010	27	154	0	0
8011	27	154	0	1
8012	27	154	0	2
8013	27	154	1	0
8014	27	154	1	1
8015	27	154	1	2
8016	27	154	2	0
8017	27	154	2	1
8018	27	154	2	2
8019	27	155	0	0
8020	27	155	0	1
8021	27	155	0	2
8022	27	155	1	0
8023	27	155	1	1
8024	27	155	1	2
8025	27	155	2	0
8026	27	155	2	1
8027	27	155	2	2
8028	27	156	0	0
8029	27	156	0	1
8030	27	156	0	2
8031	27	156	1	0
8032	27	156	1	1
8033	27	156	1	2
8034	27	156	2	0
8035	27	156	2	1
8036	27	156	2	2
8037	27	157	0	0
8038	27	157	0	1
8039	27	157	0	2
8040	27	157	1	0
8041	27	157	1	1
8042	27	157	1	2
8043	27	157	2	0
8044	27	157	2	1
8045	27	157	2	2
8046	27	158	0	0
8047	27	158	0	1
8048	27	158	0	2
8049	27	158	1	0
8050	27	158	1	1
8051	27	158	1	2
8052	27	158	2	0
8053	27	158	2	1
8054	27	158	2	2
8055	27	159	0	0
8056	27	159	0	1
8057	27	159	0	2
8058	27	159	1	0
8059	27	159	1	1
8060	27	159	1	2
8061	27	159	2	0
8062	27	159	2	1
8063	27	159	2	2
8064	28	128	0	0
8065	28	128	0	1
8066	28	128	0	2
8067	28	128	1	0
8068	28	128	1	1
8069	28	128	1	2
8070	28	128	2	0
8071	28	128	2	1
8072	28	128	2	2
8073	28	129	0	0
8074	28	129	0	1
8075	28	129	0	2
8076	28	129	1	0
8077	28	129	1	1
8078	28	129	1	2
8079	28	129	2	0
8080	28	129	2	1
8081	28	129	2	2
8082	28	130	0	0
8083	28	130	0	1
8084	28	130	0	2
8085	28	130	1	0
8086	28	130	1	1
8087	28	130	1	2
8088	28	130	2	0
8089	28	130	2	1
8090	28	130	2	2
8091	28	131	0	0
8092	28	131	0	1
8093	28	131	0	2
8094	28	131	1	0
8095	28	131	1	1
8096	28	131	1	2
8097	28	131	2	0
8098	28	131	2	1
8099	28	131	2	2
8100	28	132	0	0
8101	28	132	0	1
8102	28	132	0	2
8103	28	132	1	0
8104	28	132	1	1
8105	28	132	1	2
8106	28	132	2	0
8107	28	132	2	1
8108	28	132	2	2
8109	28	133	0	0
8110	28	133	0	1
8111	28	133	0	2
8112	28	133	1	0
8113	28	133	1	1
8114	28	133	1	2
8115	28	133	2	0
8116	28	133	2	1
8117	28	133	2	2
8118	28	134	0	0
8119	28	134	0	1
8120	28	134	0	2
8121	28	134	1	0
8122	28	134	1	1
8123	28	134	1	2
8124	28	134	2	0
8125	28	134	2	1
8126	28	134	2	2
8127	28	135	0	0
8128	28	135	0	1
8129	28	135	0	2
8130	28	135	1	0
8131	28	135	1	1
8132	28	135	1	2
8133	28	135	2	0
8134	28	135	2	1
8135	28	135	2	2
8136	28	136	0	0
8137	28	136	0	1
8138	28	136	0	2
8139	28	136	1	0
8140	28	136	1	1
8141	28	136	1	2
8142	28	136	2	0
8143	28	136	2	1
8144	28	136	2	2
8145	28	137	0	0
8146	28	137	0	1
8147	28	137	0	2
8148	28	137	1	0
8149	28	137	1	1
8150	28	137	1	2
8151	28	137	2	0
8152	28	137	2	1
8153	28	137	2	2
8154	28	138	0	0
8155	28	138	0	1
8156	28	138	0	2
8157	28	138	1	0
8158	28	138	1	1
8159	28	138	1	2
8160	28	138	2	0
8161	28	138	2	1
8162	28	138	2	2
8163	28	139	0	0
8164	28	139	0	1
8165	28	139	0	2
8166	28	139	1	0
8167	28	139	1	1
8168	28	139	1	2
8169	28	139	2	0
8170	28	139	2	1
8171	28	139	2	2
8172	28	140	0	0
8173	28	140	0	1
8174	28	140	0	2
8175	28	140	1	0
8176	28	140	1	1
8177	28	140	1	2
8178	28	140	2	0
8179	28	140	2	1
8180	28	140	2	2
8181	28	141	0	0
8182	28	141	0	1
8183	28	141	0	2
8184	28	141	1	0
8185	28	141	1	1
8186	28	141	1	2
8187	28	141	2	0
8188	28	141	2	1
8189	28	141	2	2
8190	28	142	0	0
8191	28	142	0	1
8192	28	142	0	2
8193	28	142	1	0
8194	28	142	1	1
8195	28	142	1	2
8196	28	142	2	0
8197	28	142	2	1
8198	28	142	2	2
8199	28	143	0	0
8200	28	143	0	1
8201	28	143	0	2
8202	28	143	1	0
8203	28	143	1	1
8204	28	143	1	2
8205	28	143	2	0
8206	28	143	2	1
8207	28	143	2	2
8208	28	144	0	0
8209	28	144	0	1
8210	28	144	0	2
8211	28	144	1	0
8212	28	144	1	1
8213	28	144	1	2
8214	28	144	2	0
8215	28	144	2	1
8216	28	144	2	2
8217	28	145	0	0
8218	28	145	0	1
8219	28	145	0	2
8220	28	145	1	0
8221	28	145	1	1
8222	28	145	1	2
8223	28	145	2	0
8224	28	145	2	1
8225	28	145	2	2
8226	28	146	0	0
8227	28	146	0	1
8228	28	146	0	2
8229	28	146	1	0
8230	28	146	1	1
8231	28	146	1	2
8232	28	146	2	0
8233	28	146	2	1
8234	28	146	2	2
8235	28	147	0	0
8236	28	147	0	1
8237	28	147	0	2
8238	28	147	1	0
8239	28	147	1	1
8240	28	147	1	2
8241	28	147	2	0
8242	28	147	2	1
8243	28	147	2	2
8244	28	148	0	0
8245	28	148	0	1
8246	28	148	0	2
8247	28	148	1	0
8248	28	148	1	1
8249	28	148	1	2
8250	28	148	2	0
8251	28	148	2	1
8252	28	148	2	2
8253	28	149	0	0
8254	28	149	0	1
8255	28	149	0	2
8256	28	149	1	0
8257	28	149	1	1
8258	28	149	1	2
8259	28	149	2	0
8260	28	149	2	1
8261	28	149	2	2
8262	28	150	0	0
8263	28	150	0	1
8264	28	150	0	2
8265	28	150	1	0
8266	28	150	1	1
8267	28	150	1	2
8268	28	150	2	0
8269	28	150	2	1
8270	28	150	2	2
8271	28	151	0	0
8272	28	151	0	1
8273	28	151	0	2
8274	28	151	1	0
8275	28	151	1	1
8276	28	151	1	2
8277	28	151	2	0
8278	28	151	2	1
8279	28	151	2	2
8280	28	152	0	0
8281	28	152	0	1
8282	28	152	0	2
8283	28	152	1	0
8284	28	152	1	1
8285	28	152	1	2
8286	28	152	2	0
8287	28	152	2	1
8288	28	152	2	2
8289	28	153	0	0
8290	28	153	0	1
8291	28	153	0	2
8292	28	153	1	0
8293	28	153	1	1
8294	28	153	1	2
8295	28	153	2	0
8296	28	153	2	1
8297	28	153	2	2
8298	28	154	0	0
8299	28	154	0	1
8300	28	154	0	2
8301	28	154	1	0
8302	28	154	1	1
8303	28	154	1	2
8304	28	154	2	0
8305	28	154	2	1
8306	28	154	2	2
8307	28	155	0	0
8308	28	155	0	1
8309	28	155	0	2
8310	28	155	1	0
8311	28	155	1	1
8312	28	155	1	2
8313	28	155	2	0
8314	28	155	2	1
8315	28	155	2	2
8316	28	156	0	0
8317	28	156	0	1
8318	28	156	0	2
8319	28	156	1	0
8320	28	156	1	1
8321	28	156	1	2
8322	28	156	2	0
8323	28	156	2	1
8324	28	156	2	2
8325	28	157	0	0
8326	28	157	0	1
8327	28	157	0	2
8328	28	157	1	0
8329	28	157	1	1
8330	28	157	1	2
8331	28	157	2	0
8332	28	157	2	1
8333	28	157	2	2
8334	28	158	0	0
8335	28	158	0	1
8336	28	158	0	2
8337	28	158	1	0
8338	28	158	1	1
8339	28	158	1	2
8340	28	158	2	0
8341	28	158	2	1
8342	28	158	2	2
8343	28	159	0	0
8344	28	159	0	1
8345	28	159	0	2
8346	28	159	1	0
8347	28	159	1	1
8348	28	159	1	2
8349	28	159	2	0
8350	28	159	2	1
8351	28	159	2	2
8352	29	128	0	0
8353	29	128	0	1
8354	29	128	0	2
8355	29	128	1	0
8356	29	128	1	1
8357	29	128	1	2
8358	29	128	2	0
8359	29	128	2	1
8360	29	128	2	2
8361	29	129	0	0
8362	29	129	0	1
8363	29	129	0	2
8364	29	129	1	0
8365	29	129	1	1
8366	29	129	1	2
8367	29	129	2	0
8368	29	129	2	1
8369	29	129	2	2
8370	29	130	0	0
8371	29	130	0	1
8372	29	130	0	2
8373	29	130	1	0
8374	29	130	1	1
8375	29	130	1	2
8376	29	130	2	0
8377	29	130	2	1
8378	29	130	2	2
8379	29	131	0	0
8380	29	131	0	1
8381	29	131	0	2
8382	29	131	1	0
8383	29	131	1	1
8384	29	131	1	2
8385	29	131	2	0
8386	29	131	2	1
8387	29	131	2	2
8388	29	132	0	0
8389	29	132	0	1
8390	29	132	0	2
8391	29	132	1	0
8392	29	132	1	1
8393	29	132	1	2
8394	29	132	2	0
8395	29	132	2	1
8396	29	132	2	2
8397	29	133	0	0
8398	29	133	0	1
8399	29	133	0	2
8400	29	133	1	0
8401	29	133	1	1
8402	29	133	1	2
8403	29	133	2	0
8404	29	133	2	1
8405	29	133	2	2
8406	29	134	0	0
8407	29	134	0	1
8408	29	134	0	2
8409	29	134	1	0
8410	29	134	1	1
8411	29	134	1	2
8412	29	134	2	0
8413	29	134	2	1
8414	29	134	2	2
8415	29	135	0	0
8416	29	135	0	1
8417	29	135	0	2
8418	29	135	1	0
8419	29	135	1	1
8420	29	135	1	2
8421	29	135	2	0
8422	29	135	2	1
8423	29	135	2	2
8424	29	136	0	0
8425	29	136	0	1
8426	29	136	0	2
8427	29	136	1	0
8428	29	136	1	1
8429	29	136	1	2
8430	29	136	2	0
8431	29	136	2	1
8432	29	136	2	2
8433	29	137	0	0
8434	29	137	0	1
8435	29	137	0	2
8436	29	137	1	0
8437	29	137	1	1
8438	29	137	1	2
8439	29	137	2	0
8440	29	137	2	1
8441	29	137	2	2
8442	29	138	0	0
8443	29	138	0	1
8444	29	138	0	2
8445	29	138	1	0
8446	29	138	1	1
8447	29	138	1	2
8448	29	138	2	0
8449	29	138	2	1
8450	29	138	2	2
8451	29	139	0	0
8452	29	139	0	1
8453	29	139	0	2
8454	29	139	1	0
8455	29	139	1	1
8456	29	139	1	2
8457	29	139	2	0
8458	29	139	2	1
8459	29	139	2	2
8460	29	140	0	0
8461	29	140	0	1
8462	29	140	0	2
8463	29	140	1	0
8464	29	140	1	1
8465	29	140	1	2
8466	29	140	2	0
8467	29	140	2	1
8468	29	140	2	2
8469	29	141	0	0
8470	29	141	0	1
8471	29	141	0	2
8472	29	141	1	0
8473	29	141	1	1
8474	29	141	1	2
8475	29	141	2	0
8476	29	141	2	1
8477	29	141	2	2
8478	29	142	0	0
8479	29	142	0	1
8480	29	142	0	2
8481	29	142	1	0
8482	29	142	1	1
8483	29	142	1	2
8484	29	142	2	0
8485	29	142	2	1
8486	29	142	2	2
8487	29	143	0	0
8488	29	143	0	1
8489	29	143	0	2
8490	29	143	1	0
8491	29	143	1	1
8492	29	143	1	2
8493	29	143	2	0
8494	29	143	2	1
8495	29	143	2	2
8496	29	144	0	0
8497	29	144	0	1
8498	29	144	0	2
8499	29	144	1	0
8500	29	144	1	1
8501	29	144	1	2
8502	29	144	2	0
8503	29	144	2	1
8504	29	144	2	2
8505	29	145	0	0
8506	29	145	0	1
8507	29	145	0	2
8508	29	145	1	0
8509	29	145	1	1
8510	29	145	1	2
8511	29	145	2	0
8512	29	145	2	1
8513	29	145	2	2
8514	29	146	0	0
8515	29	146	0	1
8516	29	146	0	2
8517	29	146	1	0
8518	29	146	1	1
8519	29	146	1	2
8520	29	146	2	0
8521	29	146	2	1
8522	29	146	2	2
8523	29	147	0	0
8524	29	147	0	1
8525	29	147	0	2
8526	29	147	1	0
8527	29	147	1	1
8528	29	147	1	2
8529	29	147	2	0
8530	29	147	2	1
8531	29	147	2	2
8532	29	148	0	0
8533	29	148	0	1
8534	29	148	0	2
8535	29	148	1	0
8536	29	148	1	1
8537	29	148	1	2
8538	29	148	2	0
8539	29	148	2	1
8540	29	148	2	2
8541	29	149	0	0
8542	29	149	0	1
8543	29	149	0	2
8544	29	149	1	0
8545	29	149	1	1
8546	29	149	1	2
8547	29	149	2	0
8548	29	149	2	1
8549	29	149	2	2
8550	29	150	0	0
8551	29	150	0	1
8552	29	150	0	2
8553	29	150	1	0
8554	29	150	1	1
8555	29	150	1	2
8556	29	150	2	0
8557	29	150	2	1
8558	29	150	2	2
8559	29	151	0	0
8560	29	151	0	1
8561	29	151	0	2
8562	29	151	1	0
8563	29	151	1	1
8564	29	151	1	2
8565	29	151	2	0
8566	29	151	2	1
8567	29	151	2	2
8568	29	152	0	0
8569	29	152	0	1
8570	29	152	0	2
8571	29	152	1	0
8572	29	152	1	1
8573	29	152	1	2
8574	29	152	2	0
8575	29	152	2	1
8576	29	152	2	2
8577	29	153	0	0
8578	29	153	0	1
8579	29	153	0	2
8580	29	153	1	0
8581	29	153	1	1
8582	29	153	1	2
8583	29	153	2	0
8584	29	153	2	1
8585	29	153	2	2
8586	29	154	0	0
8587	29	154	0	1
8588	29	154	0	2
8589	29	154	1	0
8590	29	154	1	1
8591	29	154	1	2
8592	29	154	2	0
8593	29	154	2	1
8594	29	154	2	2
8595	29	155	0	0
8596	29	155	0	1
8597	29	155	0	2
8598	29	155	1	0
8599	29	155	1	1
8600	29	155	1	2
8601	29	155	2	0
8602	29	155	2	1
8603	29	155	2	2
8604	29	156	0	0
8605	29	156	0	1
8606	29	156	0	2
8607	29	156	1	0
8608	29	156	1	1
8609	29	156	1	2
8610	29	156	2	0
8611	29	156	2	1
8612	29	156	2	2
8613	29	157	0	0
8614	29	157	0	1
8615	29	157	0	2
8616	29	157	1	0
8617	29	157	1	1
8618	29	157	1	2
8619	29	157	2	0
8620	29	157	2	1
8621	29	157	2	2
8622	29	158	0	0
8623	29	158	0	1
8624	29	158	0	2
8625	29	158	1	0
8626	29	158	1	1
8627	29	158	1	2
8628	29	158	2	0
8629	29	158	2	1
8630	29	158	2	2
8631	29	159	0	0
8632	29	159	0	1
8633	29	159	0	2
8634	29	159	1	0
8635	29	159	1	1
8636	29	159	1	2
8637	29	159	2	0
8638	29	159	2	1
8639	29	159	2	2
