{"schema":"riley.owned-graph-diagnostic.v1","kind":"graph","capture_id":1,"inventory_status":0,"nodes":403,"kernel_nodes":397,"memcpy_nodes":6,"other_nodes":0,"memcpy_params_status":0,"memcpy_unknown_nodes":0,"memcpy_bytes_complete":true,"h2d_bytes":604,"d2h_bytes":98344,"d2d_bytes":1152}
{"schema":"riley.decode-operator-diagnostic.v1","kind":"inventory","capture_id":1,"inventory_status":0,"event_record_nodes":0,"event_wait_nodes":0}
{"schema":"riley.decode-operator-diagnostic.v1","kind":"capture","capture_id":1,"phase":"prefill","operator":"attention","layer_mask":536903681,"interval_count":3,"expected_event_records":0,"recorded_event_records":0,"source_sha256":"2d148ef8cb76ee2fb23e1515063108d53c20cbc34ab125ab63cafd65fa3635b2","tool_sha256":"eec3de607508ca1fbda4ddc9860040df7a5380cdb77c159df9e2d2318c337052","historical_tool_sha256":"9f0f3a526ed1a47c3e6a37e33111a21356ac5b2d58294ff797ec0a40a5091b78","projection_events_compiled":true}
{"schema":"riley.owned-graph-diagnostic.v1","kind":"graph","capture_id":2,"inventory_status":0,"nodes":288,"kernel_nodes":277,"memcpy_nodes":5,"other_nodes":6,"memcpy_params_status":0,"memcpy_unknown_nodes":0,"memcpy_bytes_complete":true,"h2d_bytes":604,"d2h_bytes":98344,"d2d_bytes":0}
{"schema":"riley.decode-operator-diagnostic.v1","kind":"inventory","capture_id":2,"inventory_status":0,"event_record_nodes":6,"event_wait_nodes":0}
{"schema":"riley.decode-operator-diagnostic.v1","kind":"capture","capture_id":2,"phase":"decode","operator":"attention","layer_mask":536903681,"interval_count":3,"expected_event_records":6,"recorded_event_records":6,"source_sha256":"2d148ef8cb76ee2fb23e1515063108d53c20cbc34ab125ab63cafd65fa3635b2","tool_sha256":"eec3de607508ca1fbda4ddc9860040df7a5380cdb77c159df9e2d2318c337052","historical_tool_sha256":"9f0f3a526ed1a47c3e6a37e33111a21356ac5b2d58294ff797ec0a40a5091b78","projection_events_compiled":true}
RILEY_GRAPH prepared=true policy=Require fallback=false gpu_iteration_timing=false numerics=vllm-smol-p128-v1
riley listening on http://127.0.0.1:19341 (graceful_signals=SIGINT,SIGTERM graceful_stdin_shutdown=false)
{"schema":"riley.owned-graph-diagnostic.v1","kind":"replay","capture_id":1,"replay_id":1,"position":127,"host_staging_bytes":98344,"event_setup_ns":6969,"host_staging_ns":5546,"host_launch_ns":104072,"host_wait_ns":13670960,"cuda_graph_span_ns":13771488.190,"event_status":0,"launch_status":0,"completion_status":0}
{"schema":"riley.owned-graph-diagnostic.v1","kind":"read","capture_id":1,"replay_id":1,"host_read_bytes":98344,"host_read_ns":27237}
{"schema":"riley.owned-graph-diagnostic.v1","kind":"replay","capture_id":2,"replay_id":2,"position":128,"host_staging_bytes":98344,"event_setup_ns":1780,"host_staging_ns":5314,"host_launch_ns":78587,"host_wait_ns":2148861,"cuda_graph_span_ns":2224128.008,"event_status":0,"launch_status":0,"completion_status":0}
{"schema":"riley.decode-operator-diagnostic.v1","kind":"operation","capture_id":2,"replay_id":2,"position":128,"operator":"attention","launch_status":0,"completion_status":0,"intervals":[{"layer":0,"cuda_span_ns":58368.001,"event_status":0},{"layer":15,"cuda_span_ns":58368.001,"event_status":0},{"layer":29,"cuda_span_ns":40959.999,"event_status":0}],"cuda_sum_ns":157696.001}
{"schema":"riley.owned-graph-diagnostic.v1","kind":"read","capture_id":2,"replay_id":2,"host_read_bytes":98344,"host_read_ns":5449}
{"schema":"riley.owned-graph-diagnostic.v1","kind":"replay","capture_id":2,"replay_id":3,"position":129,"host_staging_bytes":98344,"event_setup_ns":559,"host_staging_ns":2403,"host_launch_ns":13226,"host_wait_ns":1868594,"cuda_graph_span_ns":1879423.976,"event_status":0,"launch_status":0,"completion_status":0}
{"schema":"riley.decode-operator-diagnostic.v1","kind":"operation","capture_id":2,"replay_id":3,"position":129,"operator":"attention","launch_status":0,"completion_status":0,"intervals":[{"layer":0,"cuda_span_ns":41983.999,"event_status":0},{"layer":15,"cuda_span_ns":41983.999,"event_status":0},{"layer":29,"cuda_span_ns":40959.999,"event_status":0}],"cuda_sum_ns":124927.998}
{"schema":"riley.owned-graph-diagnostic.v1","kind":"read","capture_id":2,"replay_id":3,"host_read_bytes":98344,"host_read_ns":4895}
{"schema":"riley.owned-graph-diagnostic.v1","kind":"replay","capture_id":2,"replay_id":4,"position":130,"host_staging_bytes":98344,"event_setup_ns":402,"host_staging_ns":1673,"host_launch_ns":11121,"host_wait_ns":1877539,"cuda_graph_span_ns":1886016.011,"event_status":0,"launch_status":0,"completion_status":0}
{"schema":"riley.decode-operator-diagnostic.v1","kind":"operation","capture_id":2,"replay_id":4,"position":130,"operator":"attention","launch_status":0,"completion_status":0,"intervals":[{"layer":0,"cuda_span_ns":40959.999,"event_status":0},{"layer":15,"cuda_span_ns":41983.999,"event_status":0},{"layer":29,"cuda_span_ns":40959.999,"event_status":0}],"cuda_sum_ns":123903.997}
{"schema":"riley.owned-graph-diagnostic.v1","kind":"read","capture_id":2,"replay_id":4,"host_read_bytes":98344,"host_read_ns":5191}
{"schema":"riley.owned-graph-diagnostic.v1","kind":"replay","capture_id":2,"replay_id":5,"position":131,"host_staging_bytes":98344,"event_setup_ns":467,"host_staging_ns":1654,"host_launch_ns":11505,"host_wait_ns":1876100,"cuda_graph_span_ns":1885087.967,"event_status":0,"launch_status":0,"completion_status":0}
{"schema":"riley.decode-operator-diagnostic.v1","kind":"operation","capture_id":2,"replay_id":5,"position":131,"operator":"attention","launch_status":0,"completion_status":0,"intervals":[{"layer":0,"cuda_span_ns":40959.999,"event_status":0},{"layer":15,"cuda_span_ns":41983.999,"event_status":0},{"layer":29,"cuda_span_ns":40959.999,"event_status":0}],"cuda_sum_ns":123903.997}
{"schema":"riley.owned-graph-diagnostic.v1","kind":"read","capture_id":2,"replay_id":5,"host_read_bytes":98344,"host_read_ns":4831}
{"schema":"riley.owned-graph-diagnostic.v1","kind":"replay","capture_id":2,"replay_id":6,"position":132,"host_staging_bytes":98344,"event_setup_ns":394,"host_staging_ns":1825,"host_launch_ns":11046,"host_wait_ns":1877514,"cuda_graph_span_ns":1886080.027,"event_status":0,"launch_status":0,"completion_status":0}
{"schema":"riley.decode-operator-diagnostic.v1","kind":"operation","capture_id":2,"replay_id":6,"position":132,"operator":"attention","launch_status":0,"completion_status":0,"intervals":[{"layer":0,"cuda_span_ns":41983.999,"event_status":0},{"layer":15,"cuda_span_ns":41983.999,"event_status":0},{"layer":29,"cuda_span_ns":40959.999,"event_status":0}],"cuda_sum_ns":124927.998}
{"schema":"riley.owned-graph-diagnostic.v1","kind":"read","capture_id":2,"replay_id":6,"host_read_bytes":98344,"host_read_ns":5159}
{"schema":"riley.owned-graph-diagnostic.v1","kind":"replay","capture_id":2,"replay_id":7,"position":133,"host_staging_bytes":98344,"event_setup_ns":395,"host_staging_ns":2062,"host_launch_ns":11319,"host_wait_ns":1876910,"cuda_graph_span_ns":1885568.023,"event_status":0,"launch_status":0,"completion_status":0}
{"schema":"riley.decode-operator-diagnostic.v1","kind":"operation","capture_id":2,"replay_id":7,"position":133,"operator":"attention","launch_status":0,"completion_status":0,"intervals":[{"layer":0,"cuda_span_ns":41983.999,"event_status":0},{"layer":15,"cuda_span_ns":40959.999,"event_status":0},{"layer":29,"cuda_span_ns":40959.999,"event_status":0}],"cuda_sum_ns":123903.997}
{"schema":"riley.owned-graph-diagnostic.v1","kind":"read","capture_id":2,"replay_id":7,"host_read_bytes":98344,"host_read_ns":5020}
{"schema":"riley.owned-graph-diagnostic.v1","kind":"replay","capture_id":2,"replay_id":8,"position":134,"host_staging_bytes":98344,"event_setup_ns":545,"host_staging_ns":1795,"host_launch_ns":10745,"host_wait_ns":1876413,"cuda_graph_span_ns":1884480.000,"event_status":0,"launch_status":0,"completion_status":0}
{"schema":"riley.decode-operator-diagnostic.v1","kind":"operation","capture_id":2,"replay_id":8,"position":134,"operator":"attention","launch_status":0,"completion_status":0,"intervals":[{"layer":0,"cuda_span_ns":41983.999,"event_status":0},{"layer":15,"cuda_span_ns":41983.999,"event_status":0},{"layer":29,"cuda_span_ns":40959.999,"event_status":0}],"cuda_sum_ns":124927.998}
{"schema":"riley.owned-graph-diagnostic.v1","kind":"read","capture_id":2,"replay_id":8,"host_read_bytes":98344,"host_read_ns":5665}
{"schema":"riley.owned-graph-diagnostic.v1","kind":"replay","capture_id":2,"replay_id":9,"position":135,"host_staging_bytes":98344,"event_setup_ns":511,"host_staging_ns":2180,"host_launch_ns":12207,"host_wait_ns":1878436,"cuda_graph_span_ns":1887935.996,"event_status":0,"launch_status":0,"completion_status":0}
{"schema":"riley.decode-operator-diagnostic.v1","kind":"operation","capture_id":2,"replay_id":9,"position":135,"operator":"attention","launch_status":0,"completion_status":0,"intervals":[{"layer":0,"cuda_span_ns":41983.999,"event_status":0},{"layer":15,"cuda_span_ns":41983.999,"event_status":0},{"layer":29,"cuda_span_ns":40959.999,"event_status":0}],"cuda_sum_ns":124927.998}
{"schema":"riley.owned-graph-diagnostic.v1","kind":"read","capture_id":2,"replay_id":9,"host_read_bytes":98344,"host_read_ns":4960}
{"schema":"riley.owned-graph-diagnostic.v1","kind":"replay","capture_id":2,"replay_id":10,"position":136,"host_staging_bytes":98344,"event_setup_ns":568,"host_staging_ns":1850,"host_launch_ns":11264,"host_wait_ns":1918539,"cuda_graph_span_ns":1927168.012,"event_status":0,"launch_status":0,"completion_status":0}
{"schema":"riley.decode-operator-diagnostic.v1","kind":"operation","capture_id":2,"replay_id":10,"position":136,"operator":"attention","launch_status":0,"completion_status":0,"intervals":[{"layer":0,"cuda_span_ns":43008.000,"event_status":0},{"layer":15,"cuda_span_ns":43008.000,"event_status":0},{"layer":29,"cuda_span_ns":41983.999,"event_status":0}],"cuda_sum_ns":127999.999}
{"schema":"riley.owned-graph-diagnostic.v1","kind":"read","capture_id":2,"replay_id":10,"host_read_bytes":98344,"host_read_ns":5149}
{"schema":"riley.owned-graph-diagnostic.v1","kind":"replay","capture_id":2,"replay_id":11,"position":137,"host_staging_bytes":98344,"event_setup_ns":416,"host_staging_ns":1988,"host_launch_ns":11496,"host_wait_ns":1926619,"cuda_graph_span_ns":1935456.038,"event_status":0,"launch_status":0,"completion_status":0}
{"schema":"riley.decode-operator-diagnostic.v1","kind":"operation","capture_id":2,"replay_id":11,"position":137,"operator":"attention","launch_status":0,"completion_status":0,"intervals":[{"layer":0,"cuda_span_ns":43008.000,"event_status":0},{"layer":15,"cuda_span_ns":44032.000,"event_status":0},{"layer":29,"cuda_span_ns":43008.000,"event_status":0}],"cuda_sum_ns":130047.999}
{"schema":"riley.owned-graph-diagnostic.v1","kind":"read","capture_id":2,"replay_id":11,"host_read_bytes":98344,"host_read_ns":5052}
{"schema":"riley.owned-graph-diagnostic.v1","kind":"replay","capture_id":2,"replay_id":12,"position":138,"host_staging_bytes":98344,"event_setup_ns":488,"host_staging_ns":1636,"host_launch_ns":10906,"host_wait_ns":1933514,"cuda_graph_span_ns":1941696.048,"event_status":0,"launch_status":0,"completion_status":0}
{"schema":"riley.decode-operator-diagnostic.v1","kind":"operation","capture_id":2,"replay_id":12,"position":138,"operator":"attention","launch_status":0,"completion_status":0,"intervals":[{"layer":0,"cuda_span_ns":44032.000,"event_status":0},{"layer":15,"cuda_span_ns":43008.000,"event_status":0},{"layer":29,"cuda_span_ns":43008.000,"event_status":0}],"cuda_sum_ns":130047.999}
{"schema":"riley.owned-graph-diagnostic.v1","kind":"read","capture_id":2,"replay_id":12,"host_read_bytes":98344,"host_read_ns":5006}
{"schema":"riley.owned-graph-diagnostic.v1","kind":"replay","capture_id":2,"replay_id":13,"position":139,"host_staging_bytes":98344,"event_setup_ns":560,"host_staging_ns":1688,"host_launch_ns":10849,"host_wait_ns":1925953,"cuda_graph_span_ns":1934144.020,"event_status":0,"launch_status":0,"completion_status":0}
{"schema":"riley.decode-operator-diagnostic.v1","kind":"operation","capture_id":2,"replay_id":13,"position":139,"operator":"attention","launch_status":0,"completion_status":0,"intervals":[{"layer":0,"cuda_span_ns":44032.000,"event_status":0},{"layer":15,"cuda_span_ns":44032.000,"event_status":0},{"layer":29,"cuda_span_ns":44032.000,"event_status":0}],"cuda_sum_ns":132096.000}
{"schema":"riley.owned-graph-diagnostic.v1","kind":"read","capture_id":2,"replay_id":13,"host_read_bytes":98344,"host_read_ns":4631}
{"schema":"riley.owned-graph-diagnostic.v1","kind":"replay","capture_id":2,"replay_id":14,"position":140,"host_staging_bytes":98344,"event_setup_ns":375,"host_staging_ns":1641,"host_launch_ns":11123,"host_wait_ns":1925228,"cuda_graph_span_ns":1933823.943,"event_status":0,"launch_status":0,"completion_status":0}
{"schema":"riley.decode-operator-diagnostic.v1","kind":"operation","capture_id":2,"replay_id":14,"position":140,"operator":"attention","launch_status":0,"completion_status":0,"intervals":[{"layer":0,"cuda_span_ns":44032.000,"event_status":0},{"layer":15,"cuda_span_ns":43008.000,"event_status":0},{"layer":29,"cuda_span_ns":43008.000,"event_status":0}],"cuda_sum_ns":130047.999}
{"schema":"riley.owned-graph-diagnostic.v1","kind":"read","capture_id":2,"replay_id":14,"host_read_bytes":98344,"host_read_ns":4876}
{"schema":"riley.owned-graph-diagnostic.v1","kind":"replay","capture_id":2,"replay_id":15,"position":141,"host_staging_bytes":98344,"event_setup_ns":358,"host_staging_ns":1617,"host_launch_ns":11167,"host_wait_ns":1934914,"cuda_graph_span_ns":1943423.986,"event_status":0,"launch_status":0,"completion_status":0}
{"schema":"riley.decode-operator-diagnostic.v1","kind":"operation","capture_id":2,"replay_id":15,"position":141,"operator":"attention","launch_status":0,"completion_status":0,"intervals":[{"layer":0,"cuda_span_ns":43008.000,"event_status":0},{"layer":15,"cuda_span_ns":43008.000,"event_status":0},{"layer":29,"cuda_span_ns":43008.000,"event_status":0}],"cuda_sum_ns":129023.999}
{"schema":"riley.owned-graph-diagnostic.v1","kind":"read","capture_id":2,"replay_id":15,"host_read_bytes":98344,"host_read_ns":4780}
{"schema":"riley.owned-graph-diagnostic.v1","kind":"replay","capture_id":2,"replay_id":16,"position":142,"host_staging_bytes":98344,"event_setup_ns":459,"host_staging_ns":1611,"host_launch_ns":11036,"host_wait_ns":1933944,"cuda_graph_span_ns":1942528.009,"event_status":0,"launch_status":0,"completion_status":0}
{"schema":"riley.decode-operator-diagnostic.v1","kind":"operation","capture_id":2,"replay_id":16,"position":142,"operator":"attention","launch_status":0,"completion_status":0,"intervals":[{"layer":0,"cuda_span_ns":44032.000,"event_status":0},{"layer":15,"cuda_span_ns":43008.000,"event_status":0},{"layer":29,"cuda_span_ns":43008.000,"event_status":0}],"cuda_sum_ns":130047.999}
{"schema":"riley.owned-graph-diagnostic.v1","kind":"read","capture_id":2,"replay_id":16,"host_read_bytes":98344,"host_read_ns":4407}
{"schema":"riley.owned-graph-diagnostic.v1","kind":"replay","capture_id":2,"replay_id":17,"position":143,"host_staging_bytes":98344,"event_setup_ns":314,"host_staging_ns":1636,"host_launch_ns":11026,"host_wait_ns":1933863,"cuda_graph_span_ns":1942271.948,"event_status":0,"launch_status":0,"completion_status":0}
{"schema":"riley.decode-operator-diagnostic.v1","kind":"operation","capture_id":2,"replay_id":17,"position":143,"operator":"attention","launch_status":0,"completion_status":0,"intervals":[{"layer":0,"cuda_span_ns":43008.000,"event_status":0},{"layer":15,"cuda_span_ns":43008.000,"event_status":0},{"layer":29,"cuda_span_ns":43008.000,"event_status":0}],"cuda_sum_ns":129023.999}
{"schema":"riley.owned-graph-diagnostic.v1","kind":"read","capture_id":2,"replay_id":17,"host_read_bytes":98344,"host_read_ns":4480}
{"schema":"riley.owned-graph-diagnostic.v1","kind":"replay","capture_id":2,"replay_id":18,"position":144,"host_staging_bytes":98344,"event_setup_ns":371,"host_staging_ns":1652,"host_launch_ns":11294,"host_wait_ns":1984327,"cuda_graph_span_ns":1993023.992,"event_status":0,"launch_status":0,"completion_status":0}
{"schema":"riley.decode-operator-diagnostic.v1","kind":"operation","capture_id":2,"replay_id":18,"position":144,"operator":"attention","launch_status":0,"completion_status":0,"intervals":[{"layer":0,"cuda_span_ns":46080.001,"event_status":0},{"layer":15,"cuda_span_ns":45056.000,"event_status":0},{"layer":29,"cuda_span_ns":45056.000,"event_status":0}],"cuda_sum_ns":136192.001}
{"schema":"riley.owned-graph-diagnostic.v1","kind":"read","capture_id":2,"replay_id":18,"host_read_bytes":98344,"host_read_ns":4472}
{"schema":"riley.owned-graph-diagnostic.v1","kind":"replay","capture_id":2,"replay_id":19,"position":145,"host_staging_bytes":98344,"event_setup_ns":398,"host_staging_ns":1552,"host_launch_ns":10800,"host_wait_ns":2000740,"cuda_graph_span_ns":2009056.091,"event_status":0,"launch_status":0,"completion_status":0}
{"schema":"riley.decode-operator-diagnostic.v1","kind":"operation","capture_id":2,"replay_id":19,"position":145,"operator":"attention","launch_status":0,"completion_status":0,"intervals":[{"layer":0,"cuda_span_ns":46080.001,"event_status":0},{"layer":15,"cuda_span_ns":46080.001,"event_status":0},{"layer":29,"cuda_span_ns":45056.000,"event_status":0}],"cuda_sum_ns":137216.002}
{"schema":"riley.owned-graph-diagnostic.v1","kind":"read","capture_id":2,"replay_id":19,"host_read_bytes":98344,"host_read_ns":4273}
{"schema":"riley.owned-graph-diagnostic.v1","kind":"replay","capture_id":2,"replay_id":20,"position":146,"host_staging_bytes":98344,"event_setup_ns":428,"host_staging_ns":1563,"host_launch_ns":10993,"host_wait_ns":1999337,"cuda_graph_span_ns":2007584.095,"event_status":0,"launch_status":0,"completion_status":0}
{"schema":"riley.decode-operator-diagnostic.v1","kind":"operation","capture_id":2,"replay_id":20,"position":146,"operator":"attention","launch_status":0,"completion_status":0,"intervals":[{"layer":0,"cuda_span_ns":46080.001,"event_status":0},{"layer":15,"cuda_span_ns":46080.001,"event_status":0},{"layer":29,"cuda_span_ns":46080.001,"event_status":0}],"cuda_sum_ns":138240.002}
{"schema":"riley.owned-graph-diagnostic.v1","kind":"read","capture_id":2,"replay_id":20,"host_read_bytes":98344,"host_read_ns":4999}
{"schema":"riley.owned-graph-diagnostic.v1","kind":"replay","capture_id":2,"replay_id":21,"position":147,"host_staging_bytes":98344,"event_setup_ns":316,"host_staging_ns":1597,"host_launch_ns":11264,"host_wait_ns":2001421,"cuda_graph_span_ns":2010047.913,"event_status":0,"launch_status":0,"completion_status":0}
{"schema":"riley.decode-operator-diagnostic.v1","kind":"operation","capture_id":2,"replay_id":21,"position":147,"operator":"attention","launch_status":0,"completion_status":0,"intervals":[{"layer":0,"cuda_span_ns":46080.001,"event_status":0},{"layer":15,"cuda_span_ns":46080.001,"event_status":0},{"layer":29,"cuda_span_ns":45056.000,"event_status":0}],"cuda_sum_ns":137216.002}
{"schema":"riley.owned-graph-diagnostic.v1","kind":"read","capture_id":2,"replay_id":21,"host_read_bytes":98344,"host_read_ns":4612}
{"schema":"riley.owned-graph-diagnostic.v1","kind":"replay","capture_id":2,"replay_id":22,"position":148,"host_staging_bytes":98344,"event_setup_ns":440,"host_staging_ns":1579,"host_launch_ns":11179,"host_wait_ns":2009574,"cuda_graph_span_ns":2018048.048,"event_status":0,"launch_status":0,"completion_status":0}
{"schema":"riley.decode-operator-diagnostic.v1","kind":"operation","capture_id":2,"replay_id":22,"position":148,"operator":"attention","launch_status":0,"completion_status":0,"intervals":[{"layer":0,"cuda_span_ns":46080.001,"event_status":0},{"layer":15,"cuda_span_ns":46080.001,"event_status":0},{"layer":29,"cuda_span_ns":46080.001,"event_status":0}],"cuda_sum_ns":138240.002}
{"schema":"riley.owned-graph-diagnostic.v1","kind":"read","capture_id":2,"replay_id":22,"host_read_bytes":98344,"host_read_ns":4891}
{"schema":"riley.owned-graph-diagnostic.v1","kind":"replay","capture_id":2,"replay_id":23,"position":149,"host_staging_bytes":98344,"event_setup_ns":577,"host_staging_ns":1605,"host_launch_ns":11356,"host_wait_ns":2001965,"cuda_graph_span_ns":2010688.066,"event_status":0,"launch_status":0,"completion_status":0}
{"schema":"riley.decode-operator-diagnostic.v1","kind":"operation","capture_id":2,"replay_id":23,"position":149,"operator":"attention","launch_status":0,"completion_status":0,"intervals":[{"layer":0,"cuda_span_ns":46080.001,"event_status":0},{"layer":15,"cuda_span_ns":46080.001,"event_status":0},{"layer":29,"cuda_span_ns":46080.001,"event_status":0}],"cuda_sum_ns":138240.002}
{"schema":"riley.owned-graph-diagnostic.v1","kind":"read","capture_id":2,"replay_id":23,"host_read_bytes":98344,"host_read_ns":5251}
{"schema":"riley.owned-graph-diagnostic.v1","kind":"replay","capture_id":2,"replay_id":24,"position":150,"host_staging_bytes":98344,"event_setup_ns":455,"host_staging_ns":1661,"host_launch_ns":11636,"host_wait_ns":2008717,"cuda_graph_span_ns":2017600.060,"event_status":0,"launch_status":0,"completion_status":0}
{"schema":"riley.decode-operator-diagnostic.v1","kind":"operation","capture_id":2,"replay_id":24,"position":150,"operator":"attention","launch_status":0,"completion_status":0,"intervals":[{"layer":0,"cuda_span_ns":46080.001,"event_status":0},{"layer":15,"cuda_span_ns":46080.001,"event_status":0},{"layer":29,"cuda_span_ns":46080.001,"event_status":0}],"cuda_sum_ns":138240.002}
{"schema":"riley.owned-graph-diagnostic.v1","kind":"read","capture_id":2,"replay_id":24,"host_read_bytes":98344,"host_read_ns":5136}
{"schema":"riley.owned-graph-diagnostic.v1","kind":"replay","capture_id":2,"replay_id":25,"position":151,"host_staging_bytes":98344,"event_setup_ns":605,"host_staging_ns":1687,"host_launch_ns":12308,"host_wait_ns":1999852,"cuda_graph_span_ns":2009248.018,"event_status":0,"launch_status":0,"completion_status":0}
{"schema":"riley.decode-operator-diagnostic.v1","kind":"operation","capture_id":2,"replay_id":25,"position":151,"operator":"attention","launch_status":0,"completion_status":0,"intervals":[{"layer":0,"cuda_span_ns":46080.001,"event_status":0},{"layer":15,"cuda_span_ns":46080.001,"event_status":0},{"layer":29,"cuda_span_ns":46080.001,"event_status":0}],"cuda_sum_ns":138240.002}
{"schema":"riley.owned-graph-diagnostic.v1","kind":"read","capture_id":2,"replay_id":25,"host_read_bytes":98344,"host_read_ns":5391}
{"schema":"riley.owned-graph-diagnostic.v1","kind":"replay","capture_id":2,"replay_id":26,"position":152,"host_staging_bytes":98344,"event_setup_ns":445,"host_staging_ns":1708,"host_launch_ns":12206,"host_wait_ns":2042590,"cuda_graph_span_ns":2052256.107,"event_status":0,"launch_status":0,"completion_status":0}
{"schema":"riley.decode-operator-diagnostic.v1","kind":"operation","capture_id":2,"replay_id":26,"position":152,"operator":"attention","launch_status":0,"completion_status":0,"intervals":[{"layer":0,"cuda_span_ns":48128.001,"event_status":0},{"layer":15,"cuda_span_ns":47104.001,"event_status":0},{"layer":29,"cuda_span_ns":46080.001,"event_status":0}],"cuda_sum_ns":141312.003}
{"schema":"riley.owned-graph-diagnostic.v1","kind":"read","capture_id":2,"replay_id":26,"host_read_bytes":98344,"host_read_ns":4894}
{"schema":"riley.owned-graph-diagnostic.v1","kind":"replay","capture_id":2,"replay_id":27,"position":153,"host_staging_bytes":98344,"event_setup_ns":335,"host_staging_ns":1700,"host_launch_ns":11901,"host_wait_ns":2057414,"cuda_graph_span_ns":2066656.113,"event_status":0,"launch_status":0,"completion_status":0}
{"schema":"riley.decode-operator-diagnostic.v1","kind":"operation","capture_id":2,"replay_id":27,"position":153,"operator":"attention","launch_status":0,"completion_status":0,"intervals":[{"layer":0,"cuda_span_ns":48128.001,"event_status":0},{"layer":15,"cuda_span_ns":47104.001,"event_status":0},{"layer":29,"cuda_span_ns":47104.001,"event_status":0}],"cuda_sum_ns":142336.003}
{"schema":"riley.owned-graph-diagnostic.v1","kind":"read","capture_id":2,"replay_id":27,"host_read_bytes":98344,"host_read_ns":4911}
{"schema":"riley.owned-graph-diagnostic.v1","kind":"replay","capture_id":2,"replay_id":28,"position":154,"host_staging_bytes":98344,"event_setup_ns":384,"host_staging_ns":1636,"host_launch_ns":20776,"host_wait_ns":2049437,"cuda_graph_span_ns":2067647.934,"event_status":0,"launch_status":0,"completion_status":0}
{"schema":"riley.decode-operator-diagnostic.v1","kind":"operation","capture_id":2,"replay_id":28,"position":154,"operator":"attention","launch_status":0,"completion_status":0,"intervals":[{"layer":0,"cuda_span_ns":47104.001,"event_status":0},{"layer":15,"cuda_span_ns":48128.001,"event_status":0},{"layer":29,"cuda_span_ns":47104.001,"event_status":0}],"cuda_sum_ns":142336.003}
{"schema":"riley.owned-graph-diagnostic.v1","kind":"read","capture_id":2,"replay_id":28,"host_read_bytes":98344,"host_read_ns":5191}
{"schema":"riley.owned-graph-diagnostic.v1","kind":"replay","capture_id":2,"replay_id":29,"position":155,"host_staging_bytes":98344,"event_setup_ns":444,"host_staging_ns":1611,"host_launch_ns":11333,"host_wait_ns":2056706,"cuda_graph_span_ns":2065279.961,"event_status":0,"launch_status":0,"completion_status":0}
{"schema":"riley.decode-operator-diagnostic.v1","kind":"operation","capture_id":2,"replay_id":29,"position":155,"operator":"attention","launch_status":0,"completion_status":0,"intervals":[{"layer":0,"cuda_span_ns":48128.001,"event_status":0},{"layer":15,"cuda_span_ns":48128.001,"event_status":0},{"layer":29,"cuda_span_ns":48128.001,"event_status":0}],"cuda_sum_ns":144384.004}
{"schema":"riley.owned-graph-diagnostic.v1","kind":"read","capture_id":2,"replay_id":29,"host_read_bytes":98344,"host_read_ns":4852}
{"schema":"riley.owned-graph-diagnostic.v1","kind":"replay","capture_id":2,"replay_id":30,"position":156,"host_staging_bytes":98344,"event_setup_ns":371,"host_staging_ns":1671,"host_launch_ns":12010,"host_wait_ns":2060375,"cuda_graph_span_ns":2069312.096,"event_status":0,"launch_status":0,"completion_status":0}
{"schema":"riley.decode-operator-diagnostic.v1","kind":"operation","capture_id":2,"replay_id":30,"position":156,"operator":"attention","launch_status":0,"completion_status":0,"intervals":[{"layer":0,"cuda_span_ns":48128.001,"event_status":0},{"layer":15,"cuda_span_ns":48128.001,"event_status":0},{"layer":29,"cuda_span_ns":47104.001,"event_status":0}],"cuda_sum_ns":143360.004}
{"schema":"riley.owned-graph-diagnostic.v1","kind":"read","capture_id":2,"replay_id":30,"host_read_bytes":98344,"host_read_ns":5732}
{"schema":"riley.owned-graph-diagnostic.v1","kind":"replay","capture_id":2,"replay_id":31,"position":157,"host_staging_bytes":98344,"event_setup_ns":963,"host_staging_ns":2016,"host_launch_ns":13502,"host_wait_ns":2058992,"cuda_graph_span_ns":2070111.990,"event_status":0,"launch_status":0,"completion_status":0}
{"schema":"riley.decode-operator-diagnostic.v1","kind":"operation","capture_id":2,"replay_id":31,"position":157,"operator":"attention","launch_status":0,"completion_status":0,"intervals":[{"layer":0,"cuda_span_ns":48128.001,"event_status":0},{"layer":15,"cuda_span_ns":48128.001,"event_status":0},{"layer":29,"cuda_span_ns":48128.001,"event_status":0}],"cuda_sum_ns":144384.004}
{"schema":"riley.owned-graph-diagnostic.v1","kind":"read","capture_id":2,"replay_id":31,"host_read_bytes":98344,"host_read_ns":4926}
{"schema":"riley.owned-graph-diagnostic.v1","kind":"replay","capture_id":2,"replay_id":32,"position":158,"host_staging_bytes":98344,"event_setup_ns":356,"host_staging_ns":1723,"host_launch_ns":12257,"host_wait_ns":2056376,"cuda_graph_span_ns":2065824.032,"event_status":0,"launch_status":0,"completion_status":0}
{"schema":"riley.decode-operator-diagnostic.v1","kind":"operation","capture_id":2,"replay_id":32,"position":158,"operator":"attention","launch_status":0,"completion_status":0,"intervals":[{"layer":0,"cuda_span_ns":48128.001,"event_status":0},{"layer":15,"cuda_span_ns":47104.001,"event_status":0},{"layer":29,"cuda_span_ns":47104.001,"event_status":0}],"cuda_sum_ns":142336.003}
{"schema":"riley.owned-graph-diagnostic.v1","kind":"read","capture_id":2,"replay_id":32,"host_read_bytes":98344,"host_read_ns":5237}
{"schema":"riley.owned-graph-diagnostic.v1","kind":"replay","capture_id":1,"replay_id":33,"position":127,"host_staging_bytes":98344,"event_setup_ns":5613,"host_staging_ns":3585,"host_launch_ns":19978,"host_wait_ns":13671249,"cuda_graph_span_ns":13688703.537,"event_status":0,"launch_status":0,"completion_status":0}
{"schema":"riley.owned-graph-diagnostic.v1","kind":"read","capture_id":1,"replay_id":33,"host_read_bytes":98344,"host_read_ns":7632}
{"schema":"riley.owned-graph-diagnostic.v1","kind":"replay","capture_id":2,"replay_id":34,"position":128,"host_staging_bytes":98344,"event_setup_ns":1330,"host_staging_ns":3096,"host_launch_ns":17658,"host_wait_ns":2197162,"cuda_graph_span_ns":2211967.945,"event_status":0,"launch_status":0,"completion_status":0}
{"schema":"riley.decode-operator-diagnostic.v1","kind":"operation","capture_id":2,"replay_id":34,"position":128,"operator":"attention","launch_status":0,"completion_status":0,"intervals":[{"layer":0,"cuda_span_ns":58368.001,"event_status":0},{"layer":15,"cuda_span_ns":57344.001,"event_status":0},{"layer":29,"cuda_span_ns":40959.999,"event_status":0}],"cuda_sum_ns":156672.001}
{"schema":"riley.owned-graph-diagnostic.v1","kind":"read","capture_id":2,"replay_id":34,"host_read_bytes":98344,"host_read_ns":4716}
{"schema":"riley.owned-graph-diagnostic.v1","kind":"replay","capture_id":2,"replay_id":35,"position":129,"host_staging_bytes":98344,"event_setup_ns":480,"host_staging_ns":1552,"host_launch_ns":10848,"host_wait_ns":1877000,"cuda_graph_span_ns":1885087.967,"event_status":0,"launch_status":0,"completion_status":0}
{"schema":"riley.decode-operator-diagnostic.v1","kind":"operation","capture_id":2,"replay_id":35,"position":129,"operator":"attention","launch_status":0,"completion_status":0,"intervals":[{"layer":0,"cuda_span_ns":40959.999,"event_status":0},{"layer":15,"cuda_span_ns":41983.999,"event_status":0},{"layer":29,"cuda_span_ns":40959.999,"event_status":0}],"cuda_sum_ns":123903.997}
{"schema":"riley.owned-graph-diagnostic.v1","kind":"read","capture_id":2,"replay_id":35,"host_read_bytes":98344,"host_read_ns":4743}
{"schema":"riley.owned-graph-diagnostic.v1","kind":"replay","capture_id":2,"replay_id":36,"position":130,"host_staging_bytes":98344,"event_setup_ns":427,"host_staging_ns":1566,"host_launch_ns":11171,"host_wait_ns":1876027,"cuda_graph_span_ns":1884672.046,"event_status":0,"launch_status":0,"completion_status":0}
{"schema":"riley.decode-operator-diagnostic.v1","kind":"operation","capture_id":2,"replay_id":36,"position":130,"operator":"attention","launch_status":0,"completion_status":0,"intervals":[{"layer":0,"cuda_span_ns":41983.999,"event_status":0},{"layer":15,"cuda_span_ns":40959.999,"event_status":0},{"layer":29,"cuda_span_ns":40959.999,"event_status":0}],"cuda_sum_ns":123903.997}
{"schema":"riley.owned-graph-diagnostic.v1","kind":"read","capture_id":2,"replay_id":36,"host_read_bytes":98344,"host_read_ns":4885}
{"schema":"riley.owned-graph-diagnostic.v1","kind":"replay","capture_id":2,"replay_id":37,"position":131,"host_staging_bytes":98344,"event_setup_ns":354,"host_staging_ns":1603,"host_launch_ns":10836,"host_wait_ns":1878030,"cuda_graph_span_ns":1886080.027,"event_status":0,"launch_status":0,"completion_status":0}
{"schema":"riley.decode-operator-diagnostic.v1","kind":"operation","capture_id":2,"replay_id":37,"position":131,"operator":"attention","launch_status":0,"completion_status":0,"intervals":[{"layer":0,"cuda_span_ns":40959.999,"event_status":0},{"layer":15,"cuda_span_ns":41983.999,"event_status":0},{"layer":29,"cuda_span_ns":40959.999,"event_status":0}],"cuda_sum_ns":123903.997}
{"schema":"riley.owned-graph-diagnostic.v1","kind":"read","capture_id":2,"replay_id":37,"host_read_bytes":98344,"host_read_ns":4746}
{"schema":"riley.owned-graph-diagnostic.v1","kind":"replay","capture_id":2,"replay_id":38,"position":132,"host_staging_bytes":98344,"event_setup_ns":346,"host_staging_ns":1598,"host_launch_ns":10741,"host_wait_ns":1875940,"cuda_graph_span_ns":1884127.975,"event_status":0,"launch_status":0,"completion_status":0}
{"schema":"riley.decode-operator-diagnostic.v1","kind":"operation","capture_id":2,"replay_id":38,"position":132,"operator":"attention","launch_status":0,"completion_status":0,"intervals":[{"layer":0,"cuda_span_ns":41983.999,"event_status":0},{"layer":15,"cuda_span_ns":41983.999,"event_status":0},{"layer":29,"cuda_span_ns":40959.999,"event_status":0}],"cuda_sum_ns":124927.998}
{"schema":"riley.owned-graph-diagnostic.v1","kind":"read","capture_id":2,"replay_id":38,"host_read_bytes":98344,"host_read_ns":4616}
{"schema":"riley.owned-graph-diagnostic.v1","kind":"replay","capture_id":2,"replay_id":39,"position":133,"host_staging_bytes":98344,"event_setup_ns":306,"host_staging_ns":1591,"host_launch_ns":10580,"host_wait_ns":1884088,"cuda_graph_span_ns":1892063.975,"event_status":0,"launch_status":0,"completion_status":0}
{"schema":"riley.decode-operator-diagnostic.v1","kind":"operation","capture_id":2,"replay_id":39,"position":133,"operator":"attention","launch_status":0,"completion_status":0,"intervals":[{"layer":0,"cuda_span_ns":41983.999,"event_status":0},{"layer":15,"cuda_span_ns":41983.999,"event_status":0},{"layer":29,"cuda_span_ns":41983.999,"event_status":0}],"cuda_sum_ns":125951.998}
{"schema":"riley.owned-graph-diagnostic.v1","kind":"read","capture_id":2,"replay_id":39,"host_read_bytes":98344,"host_read_ns":5280}
{"schema":"riley.owned-graph-diagnostic.v1","kind":"replay","capture_id":2,"replay_id":40,"position":134,"host_staging_bytes":98344,"event_setup_ns":299,"host_staging_ns":1652,"host_launch_ns":11278,"host_wait_ns":1878559,"cuda_graph_span_ns":1887392.044,"event_status":0,"launch_status":0,"completion_status":0}
{"schema":"riley.decode-operator-diagnostic.v1","kind":"operation","capture_id":2,"replay_id":40,"position":134,"operator":"attention","launch_status":0,"completion_status":0,"intervals":[{"layer":0,"cuda_span_ns":41983.999,"event_status":0},{"layer":15,"cuda_span_ns":41983.999,"event_status":0},{"layer":29,"cuda_span_ns":41983.999,"event_status":0}],"cuda_sum_ns":125951.998}
{"schema":"riley.owned-graph-diagnostic.v1","kind":"read","capture_id":2,"replay_id":40,"host_read_bytes":98344,"host_read_ns":5141}
{"schema":"riley.owned-graph-diagnostic.v1","kind":"replay","capture_id":2,"replay_id":41,"position":135,"host_staging_bytes":98344,"event_setup_ns":351,"host_staging_ns":1630,"host_launch_ns":10897,"host_wait_ns":1876413,"cuda_graph_span_ns":1884480.000,"event_status":0,"launch_status":0,"completion_status":0}
{"schema":"riley.decode-operator-diagnostic.v1","kind":"operation","capture_id":2,"replay_id":41,"position":135,"operator":"attention","launch_status":0,"completion_status":0,"intervals":[{"layer":0,"cuda_span_ns":41983.999,"event_status":0},{"layer":15,"cuda_span_ns":40959.999,"event_status":0},{"layer":29,"cuda_span_ns":40959.999,"event_status":0}],"cuda_sum_ns":123903.997}
{"schema":"riley.owned-graph-diagnostic.v1","kind":"read","capture_id":2,"replay_id":41,"host_read_bytes":98344,"host_read_ns":5459}
{"schema":"riley.owned-graph-diagnostic.v1","kind":"replay","capture_id":2,"replay_id":42,"position":136,"host_staging_bytes":98344,"event_setup_ns":414,"host_staging_ns":1696,"host_launch_ns":10623,"host_wait_ns":1919597,"cuda_graph_span_ns":1927456.021,"event_status":0,"launch_status":0,"completion_status":0}
{"schema":"riley.decode-operator-diagnostic.v1","kind":"operation","capture_id":2,"replay_id":42,"position":136,"operator":"attention","launch_status":0,"completion_status":0,"intervals":[{"layer":0,"cuda_span_ns":43008.000,"event_status":0},{"layer":15,"cuda_span_ns":43008.000,"event_status":0},{"layer":29,"cuda_span_ns":43008.000,"event_status":0}],"cuda_sum_ns":129023.999}
{"schema":"riley.owned-graph-diagnostic.v1","kind":"read","capture_id":2,"replay_id":42,"host_read_bytes":98344,"host_read_ns":4736}
{"schema":"riley.owned-graph-diagnostic.v1","kind":"replay","capture_id":2,"replay_id":43,"position":137,"host_staging_bytes":98344,"event_setup_ns":289,"host_staging_ns":1566,"host_launch_ns":13559,"host_wait_ns":1931133,"cuda_graph_span_ns":1942080.021,"event_status":0,"launch_status":0,"completion_status":0}
{"schema":"riley.decode-operator-diagnostic.v1","kind":"operation","capture_id":2,"replay_id":43,"position":137,"operator":"attention","launch_status":0,"completion_status":0,"intervals":[{"layer":0,"cuda_span_ns":44032.000,"event_status":0},{"layer":15,"cuda_span_ns":43008.000,"event_status":0},{"layer":29,"cuda_span_ns":43008.000,"event_status":0}],"cuda_sum_ns":130047.999}
{"schema":"riley.owned-graph-diagnostic.v1","kind":"read","capture_id":2,"replay_id":43,"host_read_bytes":98344,"host_read_ns":4614}
{"schema":"riley.owned-graph-diagnostic.v1","kind":"replay","capture_id":2,"replay_id":44,"position":138,"host_staging_bytes":98344,"event_setup_ns":347,"host_staging_ns":1573,"host_launch_ns":10398,"host_wait_ns":1928744,"cuda_graph_span_ns":1936543.941,"event_status":0,"launch_status":0,"completion_status":0}
{"schema":"riley.decode-operator-diagnostic.v1","kind":"operation","capture_id":2,"replay_id":44,"position":138,"operator":"attention","launch_status":0,"completion_status":0,"intervals":[{"layer":0,"cuda_span_ns":44032.000,"event_status":0},{"layer":15,"cuda_span_ns":44032.000,"event_status":0},{"layer":29,"cuda_span_ns":43008.000,"event_status":0}],"cuda_sum_ns":131072.000}
{"schema":"riley.owned-graph-diagnostic.v1","kind":"read","capture_id":2,"replay_id":44,"host_read_bytes":98344,"host_read_ns":4694}
{"schema":"riley.owned-graph-diagnostic.v1","kind":"replay","capture_id":2,"replay_id":45,"position":139,"host_staging_bytes":98344,"event_setup_ns":285,"host_staging_ns":1567,"host_launch_ns":11051,"host_wait_ns":1926793,"cuda_graph_span_ns":1935104.012,"event_status":0,"launch_status":0,"completion_status":0}
{"schema":"riley.decode-operator-diagnostic.v1","kind":"operation","capture_id":2,"replay_id":45,"position":139,"operator":"attention","launch_status":0,"completion_status":0,"intervals":[{"layer":0,"cuda_span_ns":43008.000,"event_status":0},{"layer":15,"cuda_span_ns":43008.000,"event_status":0},{"layer":29,"cuda_span_ns":43008.000,"event_status":0}],"cuda_sum_ns":129023.999}
{"schema":"riley.owned-graph-diagnostic.v1","kind":"read","capture_id":2,"replay_id":45,"host_read_bytes":98344,"host_read_ns":5033}
{"schema":"riley.owned-graph-diagnostic.v1","kind":"replay","capture_id":2,"replay_id":46,"position":140,"host_staging_bytes":98344,"event_setup_ns":312,"host_staging_ns":1611,"host_launch_ns":10765,"host_wait_ns":1926892,"cuda_graph_span_ns":1934911.966,"event_status":0,"launch_status":0,"completion_status":0}
{"schema":"riley.decode-operator-diagnostic.v1","kind":"operation","capture_id":2,"replay_id":46,"position":140,"operator":"attention","launch_status":0,"completion_status":0,"intervals":[{"layer":0,"cuda_span_ns":43008.000,"event_status":0},{"layer":15,"cuda_span_ns":44032.000,"event_status":0},{"layer":29,"cuda_span_ns":43008.000,"event_status":0}],"cuda_sum_ns":130047.999}
{"schema":"riley.owned-graph-diagnostic.v1","kind":"read","capture_id":2,"replay_id":46,"host_read_bytes":98344,"host_read_ns":4525}
{"schema":"riley.owned-graph-diagnostic.v1","kind":"replay","capture_id":2,"replay_id":47,"position":141,"host_staging_bytes":98344,"event_setup_ns":355,"host_staging_ns":1569,"host_launch_ns":10609,"host_wait_ns":1934374,"cuda_graph_span_ns":1942463.994,"event_status":0,"launch_status":0,"completion_status":0}
{"schema":"riley.decode-operator-diagnostic.v1","kind":"operation","capture_id":2,"replay_id":47,"position":141,"operator":"attention","launch_status":0,"completion_status":0,"intervals":[{"layer":0,"cuda_span_ns":44032.000,"event_status":0},{"layer":15,"cuda_span_ns":44032.000,"event_status":0},{"layer":29,"cuda_span_ns":43008.000,"event_status":0}],"cuda_sum_ns":131072.000}
{"schema":"riley.owned-graph-diagnostic.v1","kind":"read","capture_id":2,"replay_id":47,"host_read_bytes":98344,"host_read_ns":4524}
{"schema":"riley.owned-graph-diagnostic.v1","kind":"replay","capture_id":2,"replay_id":48,"position":142,"host_staging_bytes":98344,"event_setup_ns":288,"host_staging_ns":1567,"host_launch_ns":12184,"host_wait_ns":1928323,"cuda_graph_span_ns":1937824.011,"event_status":0,"launch_status":0,"completion_status":0}
{"schema":"riley.decode-operator-diagnostic.v1","kind":"operation","capture_id":2,"replay_id":48,"position":142,"operator":"attention","launch_status":0,"completion_status":0,"intervals":[{"layer":0,"cuda_span_ns":44032.000,"event_status":0},{"layer":15,"cuda_span_ns":44032.000,"event_status":0},{"layer":29,"cuda_span_ns":43008.000,"event_status":0}],"cuda_sum_ns":131072.000}
{"schema":"riley.owned-graph-diagnostic.v1","kind":"read","capture_id":2,"replay_id":48,"host_read_bytes":98344,"host_read_ns":5103}
{"schema":"riley.owned-graph-diagnostic.v1","kind":"replay","capture_id":2,"replay_id":49,"position":143,"host_staging_bytes":98344,"event_setup_ns":360,"host_staging_ns":1573,"host_launch_ns":10741,"host_wait_ns":1926284,"cuda_graph_span_ns":1934335.947,"event_status":0,"launch_status":0,"completion_status":0}
{"schema":"riley.decode-operator-diagnostic.v1","kind":"operation","capture_id":2,"replay_id":49,"position":143,"operator":"attention","launch_status":0,"completion_status":0,"intervals":[{"layer":0,"cuda_span_ns":44032.000,"event_status":0},{"layer":15,"cuda_span_ns":44032.000,"event_status":0},{"layer":29,"cuda_span_ns":43008.000,"event_status":0}],"cuda_sum_ns":131072.000}
{"schema":"riley.owned-graph-diagnostic.v1","kind":"read","capture_id":2,"replay_id":49,"host_read_bytes":98344,"host_read_ns":4773}
{"schema":"riley.owned-graph-diagnostic.v1","kind":"replay","capture_id":2,"replay_id":50,"position":144,"host_staging_bytes":98344,"event_setup_ns":365,"host_staging_ns":1559,"host_launch_ns":10865,"host_wait_ns":1992169,"cuda_graph_span_ns":2000479.937,"event_status":0,"launch_status":0,"completion_status":0}
{"schema":"riley.decode-operator-diagnostic.v1","kind":"operation","capture_id":2,"replay_id":50,"position":144,"operator":"attention","launch_status":0,"completion_status":0,"intervals":[{"layer":0,"cuda_span_ns":45056.000,"event_status":0},{"layer":15,"cuda_span_ns":45056.000,"event_status":0},{"layer":29,"cuda_span_ns":45056.000,"event_status":0}],"cuda_sum_ns":135168.001}
{"schema":"riley.owned-graph-diagnostic.v1","kind":"read","capture_id":2,"replay_id":50,"host_read_bytes":98344,"host_read_ns":4667}
{"schema":"riley.owned-graph-diagnostic.v1","kind":"replay","capture_id":2,"replay_id":51,"position":145,"host_staging_bytes":98344,"event_setup_ns":368,"host_staging_ns":1572,"host_launch_ns":10976,"host_wait_ns":1999642,"cuda_graph_span_ns":2007999.897,"event_status":0,"launch_status":0,"completion_status":0}
{"schema":"riley.decode-operator-diagnostic.v1","kind":"operation","capture_id":2,"replay_id":51,"position":145,"operator":"attention","launch_status":0,"completion_status":0,"intervals":[{"layer":0,"cuda_span_ns":46080.001,"event_status":0},{"layer":15,"cuda_span_ns":46080.001,"event_status":0},{"layer":29,"cuda_span_ns":46080.001,"event_status":0}],"cuda_sum_ns":138240.002}
{"schema":"riley.owned-graph-diagnostic.v1","kind":"read","capture_id":2,"replay_id":51,"host_read_bytes":98344,"host_read_ns":4473}
{"schema":"riley.owned-graph-diagnostic.v1","kind":"replay","capture_id":2,"replay_id":52,"position":146,"host_staging_bytes":98344,"event_setup_ns":320,"host_staging_ns":1600,"host_launch_ns":10808,"host_wait_ns":2001408,"cuda_graph_span_ns":2009504.080,"event_status":0,"launch_status":0,"completion_status":0}
{"schema":"riley.decode-operator-diagnostic.v1","kind":"operation","capture_id":2,"replay_id":52,"position":146,"operator":"attention","launch_status":0,"completion_status":0,"intervals":[{"layer":0,"cuda_span_ns":46080.001,"event_status":0},{"layer":15,"cuda_span_ns":46080.001,"event_status":0},{"layer":29,"cuda_span_ns":46080.001,"event_status":0}],"cuda_sum_ns":138240.002}
{"schema":"riley.owned-graph-diagnostic.v1","kind":"read","capture_id":2,"replay_id":52,"host_read_bytes":98344,"host_read_ns":4760}
{"schema":"riley.owned-graph-diagnostic.v1","kind":"replay","capture_id":2,"replay_id":53,"position":147,"host_staging_bytes":98344,"event_setup_ns":379,"host_staging_ns":1547,"host_launch_ns":10927,"host_wait_ns":2000456,"cuda_graph_span_ns":2008543.968,"event_status":0,"launch_status":0,"completion_status":0}
{"schema":"riley.decode-operator-diagnostic.v1","kind":"operation","capture_id":2,"replay_id":53,"position":147,"operator":"attention","launch_status":0,"completion_status":0,"intervals":[{"layer":0,"cuda_span_ns":46080.001,"event_status":0},{"layer":15,"cuda_span_ns":45056.000,"event_status":0},{"layer":29,"cuda_span_ns":46080.001,"event_status":0}],"cuda_sum_ns":137216.002}
{"schema":"riley.owned-graph-diagnostic.v1","kind":"read","capture_id":2,"replay_id":53,"host_read_bytes":98344,"host_read_ns":6326}
{"schema":"riley.owned-graph-diagnostic.v1","kind":"replay","capture_id":2,"replay_id":54,"position":148,"host_staging_bytes":98344,"event_setup_ns":380,"host_staging_ns":1569,"host_launch_ns":11261,"host_wait_ns":2008543,"cuda_graph_span_ns":2016927.958,"event_status":0,"launch_status":0,"completion_status":0}
{"schema":"riley.decode-operator-diagnostic.v1","kind":"operation","capture_id":2,"replay_id":54,"position":148,"operator":"attention","launch_status":0,"completion_status":0,"intervals":[{"layer":0,"cuda_span_ns":46080.001,"event_status":0},{"layer":15,"cuda_span_ns":46080.001,"event_status":0},{"layer":29,"cuda_span_ns":45056.000,"event_status":0}],"cuda_sum_ns":137216.002}
{"schema":"riley.owned-graph-diagnostic.v1","kind":"read","capture_id":2,"replay_id":54,"host_read_bytes":98344,"host_read_ns":4797}
{"schema":"riley.owned-graph-diagnostic.v1","kind":"replay","capture_id":2,"replay_id":55,"position":149,"host_staging_bytes":98344,"event_setup_ns":398,"host_staging_ns":1562,"host_launch_ns":10750,"host_wait_ns":2009431,"cuda_graph_span_ns":2017663.956,"event_status":0,"launch_status":0,"completion_status":0}
{"schema":"riley.decode-operator-diagnostic.v1","kind":"operation","capture_id":2,"replay_id":55,"position":149,"operator":"attention","launch_status":0,"completion_status":0,"intervals":[{"layer":0,"cuda_span_ns":46080.001,"event_status":0},{"layer":15,"cuda_span_ns":46080.001,"event_status":0},{"layer":29,"cuda_span_ns":45056.000,"event_status":0}],"cuda_sum_ns":137216.002}
{"schema":"riley.owned-graph-diagnostic.v1","kind":"read","capture_id":2,"replay_id":55,"host_read_bytes":98344,"host_read_ns":4780}
{"schema":"riley.owned-graph-diagnostic.v1","kind":"replay","capture_id":2,"replay_id":56,"position":150,"host_staging_bytes":98344,"event_setup_ns":356,"host_staging_ns":1556,"host_launch_ns":10853,"host_wait_ns":2009993,"cuda_graph_span_ns":2018368.006,"event_status":0,"launch_status":0,"completion_status":0}
{"schema":"riley.decode-operator-diagnostic.v1","kind":"operation","capture_id":2,"replay_id":56,"position":150,"operator":"attention","launch_status":0,"completion_status":0,"intervals":[{"layer":0,"cuda_span_ns":46080.001,"event_status":0},{"layer":15,"cuda_span_ns":46080.001,"event_status":0},{"layer":29,"cuda_span_ns":46080.001,"event_status":0}],"cuda_sum_ns":138240.002}
{"schema":"riley.owned-graph-diagnostic.v1","kind":"read","capture_id":2,"replay_id":56,"host_read_bytes":98344,"host_read_ns":4596}
{"schema":"riley.owned-graph-diagnostic.v1","kind":"replay","capture_id":2,"replay_id":57,"position":151,"host_staging_bytes":98344,"event_setup_ns":330,"host_staging_ns":1579,"host_launch_ns":10735,"host_wait_ns":1999935,"cuda_graph_span_ns":2007967.949,"event_status":0,"launch_status":0,"completion_status":0}
{"schema":"riley.decode-operator-diagnostic.v1","kind":"operation","capture_id":2,"replay_id":57,"position":151,"operator":"attention","launch_status":0,"completion_status":0,"intervals":[{"layer":0,"cuda_span_ns":46080.001,"event_status":0},{"layer":15,"cuda_span_ns":46080.001,"event_status":0},{"layer":29,"cuda_span_ns":46080.001,"event_status":0}],"cuda_sum_ns":138240.002}
{"schema":"riley.owned-graph-diagnostic.v1","kind":"read","capture_id":2,"replay_id":57,"host_read_bytes":98344,"host_read_ns":4610}
{"schema":"riley.owned-graph-diagnostic.v1","kind":"replay","capture_id":2,"replay_id":58,"position":152,"host_staging_bytes":98344,"event_setup_ns":369,"host_staging_ns":1553,"host_launch_ns":10996,"host_wait_ns":2049386,"cuda_graph_span_ns":2057535.887,"event_status":0,"launch_status":0,"completion_status":0}
{"schema":"riley.decode-operator-diagnostic.v1","kind":"operation","capture_id":2,"replay_id":58,"position":152,"operator":"attention","launch_status":0,"completion_status":0,"intervals":[{"layer":0,"cuda_span_ns":47104.001,"event_status":0},{"layer":15,"cuda_span_ns":47104.001,"event_status":0},{"layer":29,"cuda_span_ns":46080.001,"event_status":0}],"cuda_sum_ns":140288.003}
{"schema":"riley.owned-graph-diagnostic.v1","kind":"read","capture_id":2,"replay_id":58,"host_read_bytes":98344,"host_read_ns":4761}
{"schema":"riley.owned-graph-diagnostic.v1","kind":"replay","capture_id":2,"replay_id":59,"position":153,"host_staging_bytes":98344,"event_setup_ns":359,"host_staging_ns":1560,"host_launch_ns":10460,"host_wait_ns":2058871,"cuda_graph_span_ns":2066656.113,"event_status":0,"launch_status":0,"completion_status":0}
{"schema":"riley.decode-operator-diagnostic.v1","kind":"operation","capture_id":2,"replay_id":59,"position":153,"operator":"attention","launch_status":0,"completion_status":0,"intervals":[{"layer":0,"cuda_span_ns":48128.001,"event_status":0},{"layer":15,"cuda_span_ns":47104.001,"event_status":0},{"layer":29,"cuda_span_ns":47104.001,"event_status":0}],"cuda_sum_ns":142336.003}
{"schema":"riley.owned-graph-diagnostic.v1","kind":"read","capture_id":2,"replay_id":59,"host_read_bytes":98344,"host_read_ns":4472}
{"schema":"riley.owned-graph-diagnostic.v1","kind":"replay","capture_id":2,"replay_id":60,"position":154,"host_staging_bytes":98344,"event_setup_ns":440,"host_staging_ns":1543,"host_launch_ns":10833,"host_wait_ns":2057050,"cuda_graph_span_ns":2065439.939,"event_status":0,"launch_status":0,"completion_status":0}
{"schema":"riley.decode-operator-diagnostic.v1","kind":"operation","capture_id":2,"replay_id":60,"position":154,"operator":"attention","launch_status":0,"completion_status":0,"intervals":[{"layer":0,"cuda_span_ns":47104.001,"event_status":0},{"layer":15,"cuda_span_ns":48128.001,"event_status":0},{"layer":29,"cuda_span_ns":48128.001,"event_status":0}],"cuda_sum_ns":143360.004}
{"schema":"riley.owned-graph-diagnostic.v1","kind":"read","capture_id":2,"replay_id":60,"host_read_bytes":98344,"host_read_ns":4724}
{"schema":"riley.owned-graph-diagnostic.v1","kind":"replay","capture_id":2,"replay_id":61,"position":155,"host_staging_bytes":98344,"event_setup_ns":578,"host_staging_ns":1574,"host_launch_ns":10986,"host_wait_ns":2056473,"cuda_graph_span_ns":2064863.920,"event_status":0,"launch_status":0,"completion_status":0}
{"schema":"riley.decode-operator-diagnostic.v1","kind":"operation","capture_id":2,"replay_id":61,"position":155,"operator":"attention","launch_status":0,"completion_status":0,"intervals":[{"layer":0,"cuda_span_ns":48128.001,"event_status":0},{"layer":15,"cuda_span_ns":48128.001,"event_status":0},{"layer":29,"cuda_span_ns":48128.001,"event_status":0}],"cuda_sum_ns":144384.004}
{"schema":"riley.owned-graph-diagnostic.v1","kind":"read","capture_id":2,"replay_id":61,"host_read_bytes":98344,"host_read_ns":4642}
{"schema":"riley.owned-graph-diagnostic.v1","kind":"replay","capture_id":2,"replay_id":62,"position":156,"host_staging_bytes":98344,"event_setup_ns":458,"host_staging_ns":1553,"host_launch_ns":10740,"host_wait_ns":2058774,"cuda_graph_span_ns":2066848.040,"event_status":0,"launch_status":0,"completion_status":0}
{"schema":"riley.decode-operator-diagnostic.v1","kind":"operation","capture_id":2,"replay_id":62,"position":156,"operator":"attention","launch_status":0,"completion_status":0,"intervals":[{"layer":0,"cuda_span_ns":47104.001,"event_status":0},{"layer":15,"cuda_span_ns":48128.001,"event_status":0},{"layer":29,"cuda_span_ns":47104.001,"event_status":0}],"cuda_sum_ns":142336.003}
{"schema":"riley.owned-graph-diagnostic.v1","kind":"read","capture_id":2,"replay_id":62,"host_read_bytes":98344,"host_read_ns":5181}
{"schema":"riley.owned-graph-diagnostic.v1","kind":"replay","capture_id":2,"replay_id":63,"position":157,"host_staging_bytes":98344,"event_setup_ns":362,"host_staging_ns":1546,"host_launch_ns":10447,"host_wait_ns":2066769,"cuda_graph_span_ns":2074527.979,"event_status":0,"launch_status":0,"completion_status":0}
{"schema":"riley.decode-operator-diagnostic.v1","kind":"operation","capture_id":2,"replay_id":63,"position":157,"operator":"attention","launch_status":0,"completion_status":0,"intervals":[{"layer":0,"cuda_span_ns":48128.001,"event_status":0},{"layer":15,"cuda_span_ns":47104.001,"event_status":0},{"layer":29,"cuda_span_ns":47104.001,"event_status":0}],"cuda_sum_ns":142336.003}
{"schema":"riley.owned-graph-diagnostic.v1","kind":"read","capture_id":2,"replay_id":63,"host_read_bytes":98344,"host_read_ns":4638}
{"schema":"riley.owned-graph-diagnostic.v1","kind":"replay","capture_id":2,"replay_id":64,"position":158,"host_staging_bytes":98344,"event_setup_ns":424,"host_staging_ns":1571,"host_launch_ns":10914,"host_wait_ns":2059300,"cuda_graph_span_ns":2067552.090,"event_status":0,"launch_status":0,"completion_status":0}
{"schema":"riley.decode-operator-diagnostic.v1","kind":"operation","capture_id":2,"replay_id":64,"position":158,"operator":"attention","launch_status":0,"completion_status":0,"intervals":[{"layer":0,"cuda_span_ns":48128.001,"event_status":0},{"layer":15,"cuda_span_ns":48128.001,"event_status":0},{"layer":29,"cuda_span_ns":48128.001,"event_status":0}],"cuda_sum_ns":144384.004}
{"schema":"riley.owned-graph-diagnostic.v1","kind":"read","capture_id":2,"replay_id":64,"host_read_bytes":98344,"host_read_ns":4432}
{"schema":"riley.owned-graph-diagnostic.v1","kind":"replay","capture_id":1,"replay_id":65,"position":127,"host_staging_bytes":98344,"event_setup_ns":4614,"host_staging_ns":4071,"host_launch_ns":19632,"host_wait_ns":13654796,"cuda_graph_span_ns":13671551.704,"event_status":0,"launch_status":0,"completion_status":0}
{"schema":"riley.owned-graph-diagnostic.v1","kind":"read","capture_id":1,"replay_id":65,"host_read_bytes":98344,"host_read_ns":6079}
{"schema":"riley.owned-graph-diagnostic.v1","kind":"replay","capture_id":2,"replay_id":66,"position":128,"host_staging_bytes":98344,"event_setup_ns":1632,"host_staging_ns":2239,"host_launch_ns":20844,"host_wait_ns":2195568,"cuda_graph_span_ns":2214175.940,"event_status":0,"launch_status":0,"completion_status":0}
{"schema":"riley.decode-operator-diagnostic.v1","kind":"operation","capture_id":2,"replay_id":66,"position":128,"operator":"attention","launch_status":0,"completion_status":0,"intervals":[{"layer":0,"cuda_span_ns":58368.001,"event_status":0},{"layer":15,"cuda_span_ns":57344.001,"event_status":0},{"layer":29,"cuda_span_ns":40959.999,"event_status":0}],"cuda_sum_ns":156672.001}
{"schema":"riley.owned-graph-diagnostic.v1","kind":"read","capture_id":2,"replay_id":66,"host_read_bytes":98344,"host_read_ns":5196}
{"schema":"riley.owned-graph-diagnostic.v1","kind":"replay","capture_id":2,"replay_id":67,"position":129,"host_staging_bytes":98344,"event_setup_ns":585,"host_staging_ns":1561,"host_launch_ns":11741,"host_wait_ns":1877825,"cuda_graph_span_ns":1887071.967,"event_status":0,"launch_status":0,"completion_status":0}
{"schema":"riley.decode-operator-diagnostic.v1","kind":"operation","capture_id":2,"replay_id":67,"position":129,"operator":"attention","launch_status":0,"completion_status":0,"intervals":[{"layer":0,"cuda_span_ns":41983.999,"event_status":0},{"layer":15,"cuda_span_ns":41983.999,"event_status":0},{"layer":29,"cuda_span_ns":40959.999,"event_status":0}],"cuda_sum_ns":124927.998}
{"schema":"riley.owned-graph-diagnostic.v1","kind":"read","capture_id":2,"replay_id":67,"host_read_bytes":98344,"host_read_ns":4330}
{"schema":"riley.owned-graph-diagnostic.v1","kind":"replay","capture_id":2,"replay_id":68,"position":130,"host_staging_bytes":98344,"event_setup_ns":384,"host_staging_ns":1559,"host_launch_ns":11214,"host_wait_ns":1877143,"cuda_graph_span_ns":1885759.950,"event_status":0,"launch_status":0,"completion_status":0}
{"schema":"riley.decode-operator-diagnostic.v1","kind":"operation","capture_id":2,"replay_id":68,"position":130,"operator":"attention","launch_status":0,"completion_status":0,"intervals":[{"layer":0,"cuda_span_ns":41983.999,"event_status":0},{"layer":15,"cuda_span_ns":41983.999,"event_status":0},{"layer":29,"cuda_span_ns":40959.999,"event_status":0}],"cuda_sum_ns":124927.998}
{"schema":"riley.owned-graph-diagnostic.v1","kind":"read","capture_id":2,"replay_id":68,"host_read_bytes":98344,"host_read_ns":4486}
{"schema":"riley.owned-graph-diagnostic.v1","kind":"replay","capture_id":2,"replay_id":69,"position":131,"host_staging_bytes":98344,"event_setup_ns":428,"host_staging_ns":1552,"host_launch_ns":11202,"host_wait_ns":1876511,"cuda_graph_span_ns":1884639.978,"event_status":0,"launch_status":0,"completion_status":0}
{"schema":"riley.decode-operator-diagnostic.v1","kind":"operation","capture_id":2,"replay_id":69,"position":131,"operator":"attention","launch_status":0,"completion_status":0,"intervals":[{"layer":0,"cuda_span_ns":41983.999,"event_status":0},{"layer":15,"cuda_span_ns":40959.999,"event_status":0},{"layer":29,"cuda_span_ns":40959.999,"event_status":0}],"cuda_sum_ns":123903.997}
{"schema":"riley.owned-graph-diagnostic.v1","kind":"read","capture_id":2,"replay_id":69,"host_read_bytes":98344,"host_read_ns":5134}
{"schema":"riley.owned-graph-diagnostic.v1","kind":"replay","capture_id":2,"replay_id":70,"position":132,"host_staging_bytes":98344,"event_setup_ns":1026,"host_staging_ns":1882,"host_launch_ns":16242,"host_wait_ns":1877681,"cuda_graph_span_ns":1891615.987,"event_status":0,"launch_status":0,"completion_status":0}
{"schema":"riley.decode-operator-diagnostic.v1","kind":"operation","capture_id":2,"replay_id":70,"position":132,"operator":"attention","launch_status":0,"completion_status":0,"intervals":[{"layer":0,"cuda_span_ns":40959.999,"event_status":0},{"layer":15,"cuda_span_ns":41983.999,"event_status":0},{"layer":29,"cuda_span_ns":40959.999,"event_status":0}],"cuda_sum_ns":123903.997}
{"schema":"riley.owned-graph-diagnostic.v1","kind":"read","capture_id":2,"replay_id":70,"host_read_bytes":98344,"host_read_ns":4993}
{"schema":"riley.owned-graph-diagnostic.v1","kind":"replay","capture_id":2,"replay_id":71,"position":133,"host_staging_bytes":98344,"event_setup_ns":410,"host_staging_ns":1573,"host_launch_ns":13464,"host_wait_ns":1878487,"cuda_graph_span_ns":1889439.940,"event_status":0,"launch_status":0,"completion_status":0}
{"schema":"riley.decode-operator-diagnostic.v1","kind":"operation","capture_id":2,"replay_id":71,"position":133,"operator":"attention","launch_status":0,"completion_status":0,"intervals":[{"layer":0,"cuda_span_ns":41983.999,"event_status":0},{"layer":15,"cuda_span_ns":41983.999,"event_status":0},{"layer":29,"cuda_span_ns":41983.999,"event_status":0}],"cuda_sum_ns":125951.998}
{"schema":"riley.owned-graph-diagnostic.v1","kind":"read","capture_id":2,"replay_id":71,"host_read_bytes":98344,"host_read_ns":4558}
{"schema":"riley.owned-graph-diagnostic.v1","kind":"replay","capture_id":2,"replay_id":72,"position":134,"host_staging_bytes":98344,"event_setup_ns":339,"host_staging_ns":1541,"host_launch_ns":11160,"host_wait_ns":1876179,"cuda_graph_span_ns":1884799.957,"event_status":0,"launch_status":0,"completion_status":0}
{"schema":"riley.decode-operator-diagnostic.v1","kind":"operation","capture_id":2,"replay_id":72,"position":134,"operator":"attention","launch_status":0,"completion_status":0,"intervals":[{"layer":0,"cuda_span_ns":41983.999,"event_status":0},{"layer":15,"cuda_span_ns":41983.999,"event_status":0},{"layer":29,"cuda_span_ns":41983.999,"event_status":0}],"cuda_sum_ns":125951.998}
{"schema":"riley.owned-graph-diagnostic.v1","kind":"read","capture_id":2,"replay_id":72,"host_read_bytes":98344,"host_read_ns":4523}
{"schema":"riley.owned-graph-diagnostic.v1","kind":"replay","capture_id":2,"replay_id":73,"position":135,"host_staging_bytes":98344,"event_setup_ns":292,"host_staging_ns":1520,"host_launch_ns":11176,"host_wait_ns":1877471,"cuda_graph_span_ns":1886016.011,"event_status":0,"launch_status":0,"completion_status":0}
{"schema":"riley.decode-operator-diagnostic.v1","kind":"operation","capture_id":2,"replay_id":73,"position":135,"operator":"attention","launch_status":0,"completion_status":0,"intervals":[{"layer":0,"cuda_span_ns":41983.999,"event_status":0},{"layer":15,"cuda_span_ns":41983.999,"event_status":0},{"layer":29,"cuda_span_ns":40959.999,"event_status":0}],"cuda_sum_ns":124927.998}
{"schema":"riley.owned-graph-diagnostic.v1","kind":"read","capture_id":2,"replay_id":73,"host_read_bytes":98344,"host_read_ns":4454}
{"schema":"riley.owned-graph-diagnostic.v1","kind":"replay","capture_id":2,"replay_id":74,"position":136,"host_staging_bytes":98344,"event_setup_ns":354,"host_staging_ns":1549,"host_launch_ns":10930,"host_wait_ns":1917141,"cuda_graph_span_ns":1925279.975,"event_status":0,"launch_status":0,"completion_status":0}
{"schema":"riley.decode-operator-diagnostic.v1","kind":"operation","capture_id":2,"replay_id":74,"position":136,"operator":"attention","launch_status":0,"completion_status":0,"intervals":[{"layer":0,"cuda_span_ns":43008.000,"event_status":0},{"layer":15,"cuda_span_ns":43008.000,"event_status":0},{"layer":29,"cuda_span_ns":43008.000,"event_status":0}],"cuda_sum_ns":129023.999}
{"schema":"riley.owned-graph-diagnostic.v1","kind":"read","capture_id":2,"replay_id":74,"host_read_bytes":98344,"host_read_ns":4902}
{"schema":"riley.owned-graph-diagnostic.v1","kind":"replay","capture_id":2,"replay_id":75,"position":137,"host_staging_bytes":98344,"event_setup_ns":314,"host_staging_ns":1583,"host_launch_ns":10982,"host_wait_ns":1926726,"cuda_graph_span_ns":1935039.997,"event_status":0,"launch_status":0,"completion_status":0}
{"schema":"riley.decode-operator-diagnostic.v1","kind":"operation","capture_id":2,"replay_id":75,"position":137,"operator":"attention","launch_status":0,"completion_status":0,"intervals":[{"layer":0,"cuda_span_ns":43008.000,"event_status":0},{"layer":15,"cuda_span_ns":43008.000,"event_status":0},{"layer":29,"cuda_span_ns":43008.000,"event_status":0}],"cuda_sum_ns":129023.999}
{"schema":"riley.owned-graph-diagnostic.v1","kind":"read","capture_id":2,"replay_id":75,"host_read_bytes":98344,"host_read_ns":4687}
{"schema":"riley.owned-graph-diagnostic.v1","kind":"replay","capture_id":2,"replay_id":76,"position":138,"host_staging_bytes":98344,"event_setup_ns":323,"host_staging_ns":1559,"host_launch_ns":11102,"host_wait_ns":1926980,"cuda_graph_span_ns":1935487.986,"event_status":0,"launch_status":0,"completion_status":0}
{"schema":"riley.decode-operator-diagnostic.v1","kind":"operation","capture_id":2,"replay_id":76,"position":138,"operator":"attention","launch_status":0,"completion_status":0,"intervals":[{"layer":0,"cuda_span_ns":44032.000,"event_status":0},{"layer":15,"cuda_span_ns":43008.000,"event_status":0},{"layer":29,"cuda_span_ns":44032.000,"event_status":0}],"cuda_sum_ns":131072.000}
{"schema":"riley.owned-graph-diagnostic.v1","kind":"read","capture_id":2,"replay_id":76,"host_read_bytes":98344,"host_read_ns":4182}
{"schema":"riley.owned-graph-diagnostic.v1","kind":"replay","capture_id":2,"replay_id":77,"position":139,"host_staging_bytes":98344,"event_setup_ns":286,"host_staging_ns":1569,"host_launch_ns":11315,"host_wait_ns":1935459,"cuda_graph_span_ns":1944031.954,"event_status":0,"launch_status":0,"completion_status":0}
{"schema":"riley.decode-operator-diagnostic.v1","kind":"operation","capture_id":2,"replay_id":77,"position":139,"operator":"attention","launch_status":0,"completion_status":0,"intervals":[{"layer":0,"cuda_span_ns":44032.000,"event_status":0},{"layer":15,"cuda_span_ns":44032.000,"event_status":0},{"layer":29,"cuda_span_ns":43008.000,"event_status":0}],"cuda_sum_ns":131072.000}
{"schema":"riley.owned-graph-diagnostic.v1","kind":"read","capture_id":2,"replay_id":77,"host_read_bytes":98344,"host_read_ns":4346}
{"schema":"riley.owned-graph-diagnostic.v1","kind":"replay","capture_id":2,"replay_id":78,"position":140,"host_staging_bytes":98344,"event_setup_ns":297,"host_staging_ns":1566,"host_launch_ns":10969,"host_wait_ns":1929098,"cuda_graph_span_ns":1937247.992,"event_status":0,"launch_status":0,"completion_status":0}
{"schema":"riley.decode-operator-diagnostic.v1","kind":"operation","capture_id":2,"replay_id":78,"position":140,"operator":"attention","launch_status":0,"completion_status":0,"intervals":[{"layer":0,"cuda_span_ns":44032.000,"event_status":0},{"layer":15,"cuda_span_ns":43008.000,"event_status":0},{"layer":29,"cuda_span_ns":43008.000,"event_status":0}],"cuda_sum_ns":130047.999}
{"schema":"riley.owned-graph-diagnostic.v1","kind":"read","capture_id":2,"replay_id":78,"host_read_bytes":98344,"host_read_ns":4603}
{"schema":"riley.owned-graph-diagnostic.v1","kind":"replay","capture_id":2,"replay_id":79,"position":141,"host_staging_bytes":98344,"event_setup_ns":298,"host_staging_ns":1529,"host_launch_ns":11696,"host_wait_ns":1936052,"cuda_graph_span_ns":1945119.977,"event_status":0,"launch_status":0,"completion_status":0}
{"schema":"riley.decode-operator-diagnostic.v1","kind":"operation","capture_id":2,"replay_id":79,"position":141,"operator":"attention","launch_status":0,"completion_status":0,"intervals":[{"layer":0,"cuda_span_ns":44032.000,"event_status":0},{"layer":15,"cuda_span_ns":44032.000,"event_status":0},{"layer":29,"cuda_span_ns":43008.000,"event_status":0}],"cuda_sum_ns":131072.000}
{"schema":"riley.owned-graph-diagnostic.v1","kind":"read","capture_id":2,"replay_id":79,"host_read_bytes":98344,"host_read_ns":4567}
{"schema":"riley.owned-graph-diagnostic.v1","kind":"replay","capture_id":2,"replay_id":80,"position":142,"host_staging_bytes":98344,"event_setup_ns":357,"host_staging_ns":1588,"host_launch_ns":11759,"host_wait_ns":1935063,"cuda_graph_span_ns":1944128.036,"event_status":0,"launch_status":0,"completion_status":0}
{"schema":"riley.decode-operator-diagnostic.v1","kind":"operation","capture_id":2,"replay_id":80,"position":142,"operator":"attention","launch_status":0,"completion_status":0,"intervals":[{"layer":0,"cuda_span_ns":43008.000,"event_status":0},{"layer":15,"cuda_span_ns":43008.000,"event_status":0},{"layer":29,"cuda_span_ns":43008.000,"event_status":0}],"cuda_sum_ns":129023.999}
{"schema":"riley.owned-graph-diagnostic.v1","kind":"read","capture_id":2,"replay_id":80,"host_read_bytes":98344,"host_read_ns":5135}
{"schema":"riley.owned-graph-diagnostic.v1","kind":"replay","capture_id":2,"replay_id":81,"position":143,"host_staging_bytes":98344,"event_setup_ns":421,"host_staging_ns":1592,"host_launch_ns":11902,"host_wait_ns":1924993,"cuda_graph_span_ns":1934368.014,"event_status":0,"launch_status":0,"completion_status":0}
{"schema":"riley.decode-operator-diagnostic.v1","kind":"operation","capture_id":2,"replay_id":81,"position":143,"operator":"attention","launch_status":0,"completion_status":0,"intervals":[{"layer":0,"cuda_span_ns":44032.000,"event_status":0},{"layer":15,"cuda_span_ns":43008.000,"event_status":0},{"layer":29,"cuda_span_ns":43008.000,"event_status":0}],"cuda_sum_ns":130047.999}
{"schema":"riley.owned-graph-diagnostic.v1","kind":"read","capture_id":2,"replay_id":81,"host_read_bytes":98344,"host_read_ns":4503}
{"schema":"riley.owned-graph-diagnostic.v1","kind":"replay","capture_id":2,"replay_id":82,"position":144,"host_staging_bytes":98344,"event_setup_ns":352,"host_staging_ns":1545,"host_launch_ns":11370,"host_wait_ns":1991994,"cuda_graph_span_ns":2000832.081,"event_status":0,"launch_status":0,"completion_status":0}
{"schema":"riley.decode-operator-diagnostic.v1","kind":"operation","capture_id":2,"replay_id":82,"position":144,"operator":"attention","launch_status":0,"completion_status":0,"intervals":[{"layer":0,"cuda_span_ns":46080.001,"event_status":0},{"layer":15,"cuda_span_ns":45056.000,"event_status":0},{"layer":29,"cuda_span_ns":45056.000,"event_status":0}],"cuda_sum_ns":136192.001}
{"schema":"riley.owned-graph-diagnostic.v1","kind":"read","capture_id":2,"replay_id":82,"host_read_bytes":98344,"host_read_ns":4865}
{"schema":"riley.owned-graph-diagnostic.v1","kind":"replay","capture_id":2,"replay_id":83,"position":145,"host_staging_bytes":98344,"event_setup_ns":360,"host_staging_ns":1556,"host_launch_ns":11740,"host_wait_ns":2001597,"cuda_graph_span_ns":2010528.088,"event_status":0,"launch_status":0,"completion_status":0}
{"schema":"riley.decode-operator-diagnostic.v1","kind":"operation","capture_id":2,"replay_id":83,"position":145,"operator":"attention","launch_status":0,"completion_status":0,"intervals":[{"layer":0,"cuda_span_ns":46080.001,"event_status":0},{"layer":15,"cuda_span_ns":46080.001,"event_status":0},{"layer":29,"cuda_span_ns":45056.000,"event_status":0}],"cuda_sum_ns":137216.002}
{"schema":"riley.owned-graph-diagnostic.v1","kind":"read","capture_id":2,"replay_id":83,"host_read_bytes":98344,"host_read_ns":4978}
{"schema":"riley.owned-graph-diagnostic.v1","kind":"replay","capture_id":2,"replay_id":84,"position":146,"host_staging_bytes":98344,"event_setup_ns":357,"host_staging_ns":1540,"host_launch_ns":12668,"host_wait_ns":2001803,"cuda_graph_span_ns":2011744.022,"event_status":0,"launch_status":0,"completion_status":0}
{"schema":"riley.decode-operator-diagnostic.v1","kind":"operation","capture_id":2,"replay_id":84,"position":146,"operator":"attention","launch_status":0,"completion_status":0,"intervals":[{"layer":0,"cuda_span_ns":46080.001,"event_status":0},{"layer":15,"cuda_span_ns":46080.001,"event_status":0},{"layer":29,"cuda_span_ns":46080.001,"event_status":0}],"cuda_sum_ns":138240.002}
{"schema":"riley.owned-graph-diagnostic.v1","kind":"read","capture_id":2,"replay_id":84,"host_read_bytes":98344,"host_read_ns":4759}
{"schema":"riley.owned-graph-diagnostic.v1","kind":"replay","capture_id":2,"replay_id":85,"position":147,"host_staging_bytes":98344,"event_setup_ns":439,"host_staging_ns":1539,"host_launch_ns":12649,"host_wait_ns":2007298,"cuda_graph_span_ns":2017343.998,"event_status":0,"launch_status":0,"completion_status":0}
{"schema":"riley.decode-operator-diagnostic.v1","kind":"operation","capture_id":2,"replay_id":85,"position":147,"operator":"attention","launch_status":0,"completion_status":0,"intervals":[{"layer":0,"cuda_span_ns":46080.001,"event_status":0},{"layer":15,"cuda_span_ns":46080.001,"event_status":0},{"layer":29,"cuda_span_ns":46080.001,"event_status":0}],"cuda_sum_ns":138240.002}
{"schema":"riley.owned-graph-diagnostic.v1","kind":"read","capture_id":2,"replay_id":85,"host_read_bytes":98344,"host_read_ns":4767}
{"schema":"riley.owned-graph-diagnostic.v1","kind":"replay","capture_id":2,"replay_id":86,"position":148,"host_staging_bytes":98344,"event_setup_ns":639,"host_staging_ns":1574,"host_launch_ns":11781,"host_wait_ns":2001623,"cuda_graph_span_ns":2010879.993,"event_status":0,"launch_status":0,"completion_status":0}
{"schema":"riley.decode-operator-diagnostic.v1","kind":"operation","capture_id":2,"replay_id":86,"position":148,"operator":"attention","launch_status":0,"completion_status":0,"intervals":[{"layer":0,"cuda_span_ns":46080.001,"event_status":0},{"layer":15,"cuda_span_ns":46080.001,"event_status":0},{"layer":29,"cuda_span_ns":46080.001,"event_status":0}],"cuda_sum_ns":138240.002}
{"schema":"riley.owned-graph-diagnostic.v1","kind":"read","capture_id":2,"replay_id":86,"host_read_bytes":98344,"host_read_ns":4615}
{"schema":"riley.owned-graph-diagnostic.v1","kind":"replay","capture_id":2,"replay_id":87,"position":149,"host_staging_bytes":98344,"event_setup_ns":529,"host_staging_ns":1561,"host_launch_ns":11670,"host_wait_ns":2007822,"cuda_graph_span_ns":2016896.009,"event_status":0,"launch_status":0,"completion_status":0}
{"schema":"riley.decode-operator-diagnostic.v1","kind":"operation","capture_id":2,"replay_id":87,"position":149,"operator":"attention","launch_status":0,"completion_status":0,"intervals":[{"layer":0,"cuda_span_ns":47104.001,"event_status":0},{"layer":15,"cuda_span_ns":46080.001,"event_status":0},{"layer":29,"cuda_span_ns":46080.001,"event_status":0}],"cuda_sum_ns":139264.002}
{"schema":"riley.owned-graph-diagnostic.v1","kind":"read","capture_id":2,"replay_id":87,"host_read_bytes":98344,"host_read_ns":4484}
{"schema":"riley.owned-graph-diagnostic.v1","kind":"replay","capture_id":2,"replay_id":88,"position":150,"host_staging_bytes":98344,"event_setup_ns":440,"host_staging_ns":1565,"host_launch_ns":11489,"host_wait_ns":2007168,"cuda_graph_span_ns":2016160.011,"event_status":0,"launch_status":0,"completion_status":0}
{"schema":"riley.decode-operator-diagnostic.v1","kind":"operation","capture_id":2,"replay_id":88,"position":150,"operator":"attention","launch_status":0,"completion_status":0,"intervals":[{"layer":0,"cuda_span_ns":46080.001,"event_status":0},{"layer":15,"cuda_span_ns":46080.001,"event_status":0},{"layer":29,"cuda_span_ns":45056.000,"event_status":0}],"cuda_sum_ns":137216.002}
{"schema":"riley.owned-graph-diagnostic.v1","kind":"read","capture_id":2,"replay_id":88,"host_read_bytes":98344,"host_read_ns":4682}
{"schema":"riley.owned-graph-diagnostic.v1","kind":"replay","capture_id":2,"replay_id":89,"position":151,"host_staging_bytes":98344,"event_setup_ns":306,"host_staging_ns":1689,"host_launch_ns":14679,"host_wait_ns":1998639,"cuda_graph_span_ns":2010879.993,"event_status":0,"launch_status":0,"completion_status":0}
{"schema":"riley.decode-operator-diagnostic.v1","kind":"operation","capture_id":2,"replay_id":89,"position":151,"operator":"attention","launch_status":0,"completion_status":0,"intervals":[{"layer":0,"cuda_span_ns":46080.001,"event_status":0},{"layer":15,"cuda_span_ns":46080.001,"event_status":0},{"layer":29,"cuda_span_ns":46080.001,"event_status":0}],"cuda_sum_ns":138240.002}
{"schema":"riley.owned-graph-diagnostic.v1","kind":"read","capture_id":2,"replay_id":89,"host_read_bytes":98344,"host_read_ns":4924}
{"schema":"riley.owned-graph-diagnostic.v1","kind":"replay","capture_id":2,"replay_id":90,"position":152,"host_staging_bytes":98344,"event_setup_ns":449,"host_staging_ns":1545,"host_launch_ns":11735,"host_wait_ns":2042840,"cuda_graph_span_ns":2051872.015,"event_status":0,"launch_status":0,"completion_status":0}
{"schema":"riley.decode-operator-diagnostic.v1","kind":"operation","capture_id":2,"replay_id":90,"position":152,"operator":"attention","launch_status":0,"completion_status":0,"intervals":[{"layer":0,"cuda_span_ns":47104.001,"event_status":0},{"layer":15,"cuda_span_ns":47104.001,"event_status":0},{"layer":29,"cuda_span_ns":47104.001,"event_status":0}],"cuda_sum_ns":141312.003}
{"schema":"riley.owned-graph-diagnostic.v1","kind":"read","capture_id":2,"replay_id":90,"host_read_bytes":98344,"host_read_ns":5151}
{"schema":"riley.owned-graph-diagnostic.v1","kind":"replay","capture_id":2,"replay_id":91,"position":153,"host_staging_bytes":98344,"event_setup_ns":390,"host_staging_ns":1605,"host_launch_ns":11687,"host_wait_ns":2057634,"cuda_graph_span_ns":2066751.957,"event_status":0,"launch_status":0,"completion_status":0}
{"schema":"riley.decode-operator-diagnostic.v1","kind":"operation","capture_id":2,"replay_id":91,"position":153,"operator":"attention","launch_status":0,"completion_status":0,"intervals":[{"layer":0,"cuda_span_ns":47104.001,"event_status":0},{"layer":15,"cuda_span_ns":47104.001,"event_status":0},{"layer":29,"cuda_span_ns":47104.001,"event_status":0}],"cuda_sum_ns":141312.003}
{"schema":"riley.owned-graph-diagnostic.v1","kind":"read","capture_id":2,"replay_id":91,"host_read_bytes":98344,"host_read_ns":4319}
{"schema":"riley.owned-graph-diagnostic.v1","kind":"replay","capture_id":2,"replay_id":92,"position":154,"host_staging_bytes":98344,"event_setup_ns":284,"host_staging_ns":1573,"host_launch_ns":10960,"host_wait_ns":2058560,"cuda_graph_span_ns":2066976.070,"event_status":0,"launch_status":0,"completion_status":0}
{"schema":"riley.decode-operator-diagnostic.v1","kind":"operation","capture_id":2,"replay_id":92,"position":154,"operator":"attention","launch_status":0,"completion_status":0,"intervals":[{"layer":0,"cuda_span_ns":48128.001,"event_status":0},{"layer":15,"cuda_span_ns":47104.001,"event_status":0},{"layer":29,"cuda_span_ns":47104.001,"event_status":0}],"cuda_sum_ns":142336.003}
{"schema":"riley.owned-graph-diagnostic.v1","kind":"read","capture_id":2,"replay_id":92,"host_read_bytes":98344,"host_read_ns":4270}
{"schema":"riley.owned-graph-diagnostic.v1","kind":"replay","capture_id":2,"replay_id":93,"position":155,"host_staging_bytes":98344,"event_setup_ns":362,"host_staging_ns":1557,"host_launch_ns":12627,"host_wait_ns":2059309,"cuda_graph_span_ns":2068928.003,"event_status":0,"launch_status":0,"completion_status":0}
{"schema":"riley.decode-operator-diagnostic.v1","kind":"operation","capture_id":2,"replay_id":93,"position":155,"operator":"attention","launch_status":0,"completion_status":0,"intervals":[{"layer":0,"cuda_span_ns":47104.001,"event_status":0},{"layer":15,"cuda_span_ns":47104.001,"event_status":0},{"layer":29,"cuda_span_ns":47104.001,"event_status":0}],"cuda_sum_ns":141312.003}
{"schema":"riley.owned-graph-diagnostic.v1","kind":"read","capture_id":2,"replay_id":93,"host_read_bytes":98344,"host_read_ns":4689}
{"schema":"riley.owned-graph-diagnostic.v1","kind":"replay","capture_id":2,"replay_id":94,"position":156,"host_staging_bytes":98344,"event_setup_ns":361,"host_staging_ns":1557,"host_launch_ns":11407,"host_wait_ns":2058295,"cuda_graph_span_ns":2067167.997,"event_status":0,"launch_status":0,"completion_status":0}
{"schema":"riley.decode-operator-diagnostic.v1","kind":"operation","capture_id":2,"replay_id":94,"position":156,"operator":"attention","launch_status":0,"completion_status":0,"intervals":[{"layer":0,"cuda_span_ns":48128.001,"event_status":0},{"layer":15,"cuda_span_ns":47104.001,"event_status":0},{"layer":29,"cuda_span_ns":48128.001,"event_status":0}],"cuda_sum_ns":143360.004}
{"schema":"riley.owned-graph-diagnostic.v1","kind":"read","capture_id":2,"replay_id":94,"host_read_bytes":98344,"host_read_ns":5259}
{"schema":"riley.owned-graph-diagnostic.v1","kind":"replay","capture_id":2,"replay_id":95,"position":157,"host_staging_bytes":98344,"event_setup_ns":310,"host_staging_ns":1550,"host_launch_ns":10991,"host_wait_ns":2060713,"cuda_graph_span_ns":2069024.086,"event_status":0,"launch_status":0,"completion_status":0}
{"schema":"riley.decode-operator-diagnostic.v1","kind":"operation","capture_id":2,"replay_id":95,"position":157,"operator":"attention","launch_status":0,"completion_status":0,"intervals":[{"layer":0,"cuda_span_ns":48128.001,"event_status":0},{"layer":15,"cuda_span_ns":48128.001,"event_status":0},{"layer":29,"cuda_span_ns":48128.001,"event_status":0}],"cuda_sum_ns":144384.004}
{"schema":"riley.owned-graph-diagnostic.v1","kind":"read","capture_id":2,"replay_id":95,"host_read_bytes":98344,"host_read_ns":4480}
{"schema":"riley.owned-graph-diagnostic.v1","kind":"replay","capture_id":2,"replay_id":96,"position":158,"host_staging_bytes":98344,"event_setup_ns":342,"host_staging_ns":1558,"host_launch_ns":11290,"host_wait_ns":2058499,"cuda_graph_span_ns":2067167.997,"event_status":0,"launch_status":0,"completion_status":0}
{"schema":"riley.decode-operator-diagnostic.v1","kind":"operation","capture_id":2,"replay_id":96,"position":158,"operator":"attention","launch_status":0,"completion_status":0,"intervals":[{"layer":0,"cuda_span_ns":48128.001,"event_status":0},{"layer":15,"cuda_span_ns":47104.001,"event_status":0},{"layer":29,"cuda_span_ns":47104.001,"event_status":0}],"cuda_sum_ns":142336.003}
{"schema":"riley.owned-graph-diagnostic.v1","kind":"read","capture_id":2,"replay_id":96,"host_read_bytes":98344,"host_read_ns":4628}
{"schema":"riley.owned-graph-diagnostic.v1","kind":"replay","capture_id":1,"replay_id":97,"position":127,"host_staging_bytes":98344,"event_setup_ns":859,"host_staging_ns":1559,"host_launch_ns":10672,"host_wait_ns":13655535,"cuda_graph_span_ns":13662816.048,"event_status":0,"launch_status":0,"completion_status":0}
{"schema":"riley.owned-graph-diagnostic.v1","kind":"read","capture_id":1,"replay_id":97,"host_read_bytes":98344,"host_read_ns":5472}
{"schema":"riley.owned-graph-diagnostic.v1","kind":"replay","capture_id":2,"replay_id":98,"position":128,"host_staging_bytes":98344,"event_setup_ns":937,"host_staging_ns":1748,"host_launch_ns":14085,"host_wait_ns":2205335,"cuda_graph_span_ns":2216223.955,"event_status":0,"launch_status":0,"completion_status":0}
{"schema":"riley.decode-operator-diagnostic.v1","kind":"operation","capture_id":2,"replay_id":98,"position":128,"operator":"attention","launch_status":0,"completion_status":0,"intervals":[{"layer":0,"cuda_span_ns":58368.001,"event_status":0},{"layer":15,"cuda_span_ns":57344.001,"event_status":0},{"layer":29,"cuda_span_ns":40959.999,"event_status":0}],"cuda_sum_ns":156672.001}
{"schema":"riley.owned-graph-diagnostic.v1","kind":"read","capture_id":2,"replay_id":98,"host_read_bytes":98344,"host_read_ns":4771}
{"schema":"riley.owned-graph-diagnostic.v1","kind":"replay","capture_id":2,"replay_id":99,"position":129,"host_staging_bytes":98344,"event_setup_ns":590,"host_staging_ns":1591,"host_launch_ns":11121,"host_wait_ns":1878627,"cuda_graph_span_ns":1887104.034,"event_status":0,"launch_status":0,"completion_status":0}
{"schema":"riley.decode-operator-diagnostic.v1","kind":"operation","capture_id":2,"replay_id":99,"position":129,"operator":"attention","launch_status":0,"completion_status":0,"intervals":[{"layer":0,"cuda_span_ns":41983.999,"event_status":0},{"layer":15,"cuda_span_ns":41983.999,"event_status":0},{"layer":29,"cuda_span_ns":40959.999,"event_status":0}],"cuda_sum_ns":124927.998}
{"schema":"riley.owned-graph-diagnostic.v1","kind":"read","capture_id":2,"replay_id":99,"host_read_bytes":98344,"host_read_ns":5103}
{"schema":"riley.owned-graph-diagnostic.v1","kind":"replay","capture_id":2,"replay_id":100,"position":130,"host_staging_bytes":98344,"event_setup_ns":390,"host_staging_ns":1564,"host_launch_ns":11331,"host_wait_ns":1877835,"cuda_graph_span_ns":1886752.009,"event_status":0,"launch_status":0,"completion_status":0}
{"schema":"riley.decode-operator-diagnostic.v1","kind":"operation","capture_id":2,"replay_id":100,"position":130,"operator":"attention","launch_status":0,"completion_status":0,"intervals":[{"layer":0,"cuda_span_ns":41983.999,"event_status":0},{"layer":15,"cuda_span_ns":41983.999,"event_status":0},{"layer":29,"cuda_span_ns":40959.999,"event_status":0}],"cuda_sum_ns":124927.998}
{"schema":"riley.owned-graph-diagnostic.v1","kind":"read","capture_id":2,"replay_id":100,"host_read_bytes":98344,"host_read_ns":4976}
{"schema":"riley.owned-graph-diagnostic.v1","kind":"replay","capture_id":2,"replay_id":101,"position":131,"host_staging_bytes":98344,"event_setup_ns":419,"host_staging_ns":1564,"host_launch_ns":10973,"host_wait_ns":1877943,"cuda_graph_span_ns":1886240.005,"event_status":0,"launch_status":0,"completion_status":0}
{"schema":"riley.decode-operator-diagnostic.v1","kind":"operation","capture_id":2,"replay_id":101,"position":131,"operator":"attention","launch_status":0,"completion_status":0,"intervals":[{"layer":0,"cuda_span_ns":41983.999,"event_status":0},{"layer":15,"cuda_span_ns":40959.999,"event_status":0},{"layer":29,"cuda_span_ns":41983.999,"event_status":0}],"cuda_sum_ns":124927.998}
{"schema":"riley.owned-graph-diagnostic.v1","kind":"read","capture_id":2,"replay_id":101,"host_read_bytes":98344,"host_read_ns":4764}
{"schema":"riley.owned-graph-diagnostic.v1","kind":"replay","capture_id":2,"replay_id":102,"position":132,"host_staging_bytes":98344,"event_setup_ns":361,"host_staging_ns":1563,"host_launch_ns":11087,"host_wait_ns":1877198,"cuda_graph_span_ns":1885696.054,"event_status":0,"launch_status":0,"completion_status":0}
{"schema":"riley.decode-operator-diagnostic.v1","kind":"operation","capture_id":2,"replay_id":102,"position":132,"operator":"attention","launch_status":0,"completion_status":0,"intervals":[{"layer":0,"cuda_span_ns":41983.999,"event_status":0},{"layer":15,"cuda_span_ns":41983.999,"event_status":0},{"layer":29,"cuda_span_ns":40959.999,"event_status":0}],"cuda_sum_ns":124927.998}
{"schema":"riley.owned-graph-diagnostic.v1","kind":"read","capture_id":2,"replay_id":102,"host_read_bytes":98344,"host_read_ns":5141}
{"schema":"riley.owned-graph-diagnostic.v1","kind":"replay","capture_id":2,"replay_id":103,"position":133,"host_staging_bytes":98344,"event_setup_ns":571,"host_staging_ns":1555,"host_launch_ns":12212,"host_wait_ns":1878443,"cuda_graph_span_ns":1888192.058,"event_status":0,"launch_status":0,"completion_status":0}
{"schema":"riley.decode-operator-diagnostic.v1","kind":"operation","capture_id":2,"replay_id":103,"position":133,"operator":"attention","launch_status":0,"completion_status":0,"intervals":[{"layer":0,"cuda_span_ns":41983.999,"event_status":0},{"layer":15,"cuda_span_ns":41983.999,"event_status":0},{"layer":29,"cuda_span_ns":40959.999,"event_status":0}],"cuda_sum_ns":124927.998}
{"schema":"riley.owned-graph-diagnostic.v1","kind":"read","capture_id":2,"replay_id":103,"host_read_bytes":98344,"host_read_ns":4398}
{"schema":"riley.owned-graph-diagnostic.v1","kind":"replay","capture_id":2,"replay_id":104,"position":134,"host_staging_bytes":98344,"event_setup_ns":364,"host_staging_ns":1572,"host_launch_ns":11607,"host_wait_ns":1876344,"cuda_graph_span_ns":1885408.044,"event_status":0,"launch_status":0,"completion_status":0}
{"schema":"riley.decode-operator-diagnostic.v1","kind":"operation","capture_id":2,"replay_id":104,"position":134,"operator":"attention","launch_status":0,"completion_status":0,"intervals":[{"layer":0,"cuda_span_ns":41983.999,"event_status":0},{"layer":15,"cuda_span_ns":41983.999,"event_status":0},{"layer":29,"cuda_span_ns":41983.999,"event_status":0}],"cuda_sum_ns":125951.998}
{"schema":"riley.owned-graph-diagnostic.v1","kind":"read","capture_id":2,"replay_id":104,"host_read_bytes":98344,"host_read_ns":4586}
{"schema":"riley.owned-graph-diagnostic.v1","kind":"replay","capture_id":2,"replay_id":105,"position":135,"host_staging_bytes":98344,"event_setup_ns":375,"host_staging_ns":1599,"host_launch_ns":10975,"host_wait_ns":1877558,"cuda_graph_span_ns":1885951.996,"event_status":0,"launch_status":0,"completion_status":0}
{"schema":"riley.decode-operator-diagnostic.v1","kind":"operation","capture_id":2,"replay_id":105,"position":135,"operator":"attention","launch_status":0,"completion_status":0,"intervals":[{"layer":0,"cuda_span_ns":41983.999,"event_status":0},{"layer":15,"cuda_span_ns":41983.999,"event_status":0},{"layer":29,"cuda_span_ns":40959.999,"event_status":0}],"cuda_sum_ns":124927.998}
{"schema":"riley.owned-graph-diagnostic.v1","kind":"read","capture_id":2,"replay_id":105,"host_read_bytes":98344,"host_read_ns":5106}
{"schema":"riley.owned-graph-diagnostic.v1","kind":"replay","capture_id":2,"replay_id":106,"position":136,"host_staging_bytes":98344,"event_setup_ns":376,"host_staging_ns":1572,"host_launch_ns":10900,"host_wait_ns":1920250,"cuda_graph_span_ns":1928511.977,"event_status":0,"launch_status":0,"completion_status":0}
{"schema":"riley.decode-operator-diagnostic.v1","kind":"operation","capture_id":2,"replay_id":106,"position":136,"operator":"attention","launch_status":0,"completion_status":0,"intervals":[{"layer":0,"cuda_span_ns":43008.000,"event_status":0},{"layer":15,"cuda_span_ns":43008.000,"event_status":0},{"layer":29,"cuda_span_ns":43008.000,"event_status":0}],"cuda_sum_ns":129023.999}
{"schema":"riley.owned-graph-diagnostic.v1","kind":"read","capture_id":2,"replay_id":106,"host_read_bytes":98344,"host_read_ns":4737}
{"schema":"riley.owned-graph-diagnostic.v1","kind":"replay","capture_id":2,"replay_id":107,"position":137,"host_staging_bytes":98344,"event_setup_ns":347,"host_staging_ns":1587,"host_launch_ns":11298,"host_wait_ns":1926502,"cuda_graph_span_ns":1935232.043,"event_status":0,"launch_status":0,"completion_status":0}
{"schema":"riley.decode-operator-diagnostic.v1","kind":"operation","capture_id":2,"replay_id":107,"position":137,"operator":"attention","launch_status":0,"completion_status":0,"intervals":[{"layer":0,"cuda_span_ns":43008.000,"event_status":0},{"layer":15,"cuda_span_ns":43008.000,"event_status":0},{"layer":29,"cuda_span_ns":43008.000,"event_status":0}],"cuda_sum_ns":129023.999}
{"schema":"riley.owned-graph-diagnostic.v1","kind":"read","capture_id":2,"replay_id":107,"host_read_bytes":98344,"host_read_ns":4881}
{"schema":"riley.owned-graph-diagnostic.v1","kind":"replay","capture_id":2,"replay_id":108,"position":138,"host_staging_bytes":98344,"event_setup_ns":487,"host_staging_ns":1576,"host_launch_ns":11637,"host_wait_ns":1927162,"cuda_graph_span_ns":1936223.984,"event_status":0,"launch_status":0,"completion_status":0}
{"schema":"riley.decode-operator-diagnostic.v1","kind":"operation","capture_id":2,"replay_id":108,"position":138,"operator":"attention","launch_status":0,"completion_status":0,"intervals":[{"layer":0,"cuda_span_ns":44032.000,"event_status":0},{"layer":15,"cuda_span_ns":43008.000,"event_status":0},{"layer":29,"cuda_span_ns":43008.000,"event_status":0}],"cuda_sum_ns":130047.999}
{"schema":"riley.owned-graph-diagnostic.v1","kind":"read","capture_id":2,"replay_id":108,"host_read_bytes":98344,"host_read_ns":5165}
{"schema":"riley.owned-graph-diagnostic.v1","kind":"replay","capture_id":2,"replay_id":109,"position":139,"host_staging_bytes":98344,"event_setup_ns":401,"host_staging_ns":1608,"host_launch_ns":11191,"host_wait_ns":1933593,"cuda_graph_span_ns":1941951.990,"event_status":0,"launch_status":0,"completion_status":0}
{"schema":"riley.decode-operator-diagnostic.v1","kind":"operation","capture_id":2,"replay_id":109,"position":139,"operator":"attention","launch_status":0,"completion_status":0,"intervals":[{"layer":0,"cuda_span_ns":44032.000,"event_status":0},{"layer":15,"cuda_span_ns":44032.000,"event_status":0},{"layer":29,"cuda_span_ns":43008.000,"event_status":0}],"cuda_sum_ns":131072.000}
{"schema":"riley.owned-graph-diagnostic.v1","kind":"read","capture_id":2,"replay_id":109,"host_read_bytes":98344,"host_read_ns":5112}
{"schema":"riley.owned-graph-diagnostic.v1","kind":"replay","capture_id":2,"replay_id":110,"position":140,"host_staging_bytes":98344,"event_setup_ns":595,"host_staging_ns":1567,"host_launch_ns":11356,"host_wait_ns":1933672,"cuda_graph_span_ns":1942559.958,"event_status":0,"launch_status":0,"completion_status":0}
{"schema":"riley.decode-operator-diagnostic.v1","kind":"operation","capture_id":2,"replay_id":110,"position":140,"operator":"attention","launch_status":0,"completion_status":0,"intervals":[{"layer":0,"cuda_span_ns":44032.000,"event_status":0},{"layer":15,"cuda_span_ns":44032.000,"event_status":0},{"layer":29,"cuda_span_ns":43008.000,"event_status":0}],"cuda_sum_ns":131072.000}
{"schema":"riley.owned-graph-diagnostic.v1","kind":"read","capture_id":2,"replay_id":110,"host_read_bytes":98344,"host_read_ns":4684}
{"schema":"riley.owned-graph-diagnostic.v1","kind":"replay","capture_id":2,"replay_id":111,"position":141,"host_staging_bytes":98344,"event_setup_ns":530,"host_staging_ns":1605,"host_launch_ns":11664,"host_wait_ns":1935233,"cuda_graph_span_ns":1944383.979,"event_status":0,"launch_status":0,"completion_status":0}
{"schema":"riley.decode-operator-diagnostic.v1","kind":"operation","capture_id":2,"replay_id":111,"position":141,"operator":"attention","launch_status":0,"completion_status":0,"intervals":[{"layer":0,"cuda_span_ns":44032.000,"event_status":0},{"layer":15,"cuda_span_ns":43008.000,"event_status":0},{"layer":29,"cuda_span_ns":43008.000,"event_status":0}],"cuda_sum_ns":130047.999}
{"schema":"riley.owned-graph-diagnostic.v1","kind":"read","capture_id":2,"replay_id":111,"host_read_bytes":98344,"host_read_ns":4626}
{"schema":"riley.owned-graph-diagnostic.v1","kind":"replay","capture_id":2,"replay_id":112,"position":142,"host_staging_bytes":98344,"event_setup_ns":476,"host_staging_ns":1556,"host_launch_ns":11414,"host_wait_ns":1934020,"cuda_graph_span_ns":1943007.946,"event_status":0,"launch_status":0,"completion_status":0}
{"schema":"riley.decode-operator-diagnostic.v1","kind":"operation","capture_id":2,"replay_id":112,"position":142,"operator":"attention","launch_status":0,"completion_status":0,"intervals":[{"layer":0,"cuda_span_ns":44032.000,"event_status":0},{"layer":15,"cuda_span_ns":44032.000,"event_status":0},{"layer":29,"cuda_span_ns":43008.000,"event_status":0}],"cuda_sum_ns":131072.000}
{"schema":"riley.owned-graph-diagnostic.v1","kind":"read","capture_id":2,"replay_id":112,"host_read_bytes":98344,"host_read_ns":6628}
{"schema":"riley.owned-graph-diagnostic.v1","kind":"replay","capture_id":2,"replay_id":113,"position":143,"host_staging_bytes":98344,"event_setup_ns":544,"host_staging_ns":1784,"host_launch_ns":11614,"host_wait_ns":1926711,"cuda_graph_span_ns":1935711.980,"event_status":0,"launch_status":0,"completion_status":0}
{"schema":"riley.decode-operator-diagnostic.v1","kind":"operation","capture_id":2,"replay_id":113,"position":143,"operator":"attention","launch_status":0,"completion_status":0,"intervals":[{"layer":0,"cuda_span_ns":44032.000,"event_status":0},{"layer":15,"cuda_span_ns":44032.000,"event_status":0},{"layer":29,"cuda_span_ns":43008.000,"event_status":0}],"cuda_sum_ns":131072.000}
{"schema":"riley.owned-graph-diagnostic.v1","kind":"read","capture_id":2,"replay_id":113,"host_read_bytes":98344,"host_read_ns":5206}
{"schema":"riley.owned-graph-diagnostic.v1","kind":"replay","capture_id":2,"replay_id":114,"position":144,"host_staging_bytes":98344,"event_setup_ns":412,"host_staging_ns":1571,"host_launch_ns":11402,"host_wait_ns":1991602,"cuda_graph_span_ns":2000288.010,"event_status":0,"launch_status":0,"completion_status":0}
{"schema":"riley.decode-operator-diagnostic.v1","kind":"operation","capture_id":2,"replay_id":114,"position":144,"operator":"attention","launch_status":0,"completion_status":0,"intervals":[{"layer":0,"cuda_span_ns":46080.001,"event_status":0},{"layer":15,"cuda_span_ns":46080.001,"event_status":0},{"layer":29,"cuda_span_ns":45056.000,"event_status":0}],"cuda_sum_ns":137216.002}
{"schema":"riley.owned-graph-diagnostic.v1","kind":"read","capture_id":2,"replay_id":114,"host_read_bytes":98344,"host_read_ns":4665}
{"schema":"riley.owned-graph-diagnostic.v1","kind":"replay","capture_id":2,"replay_id":115,"position":145,"host_staging_bytes":98344,"event_setup_ns":431,"host_staging_ns":1571,"host_launch_ns":13615,"host_wait_ns":2002131,"cuda_graph_span_ns":2013439.894,"event_status":0,"launch_status":0,"completion_status":0}
{"schema":"riley.decode-operator-diagnostic.v1","kind":"operation","capture_id":2,"replay_id":115,"position":145,"operator":"attention","launch_status":0,"completion_status":0,"intervals":[{"layer":0,"cuda_span_ns":46080.001,"event_status":0},{"layer":15,"cuda_span_ns":46080.001,"event_status":0},{"layer":29,"cuda_span_ns":46080.001,"event_status":0}],"cuda_sum_ns":138240.002}
{"schema":"riley.owned-graph-diagnostic.v1","kind":"read","capture_id":2,"replay_id":115,"host_read_bytes":98344,"host_read_ns":5067}
{"schema":"riley.owned-graph-diagnostic.v1","kind":"replay","capture_id":2,"replay_id":116,"position":146,"host_staging_bytes":98344,"event_setup_ns":515,"host_staging_ns":1613,"host_launch_ns":11938,"host_wait_ns":1998866,"cuda_graph_span_ns":2008447.886,"event_status":0,"launch_status":0,"completion_status":0}
{"schema":"riley.decode-operator-diagnostic.v1","kind":"operation","capture_id":2,"replay_id":116,"position":146,"operator":"attention","launch_status":0,"completion_status":0,"intervals":[{"layer":0,"cuda_span_ns":46080.001,"event_status":0},{"layer":15,"cuda_span_ns":45056.000,"event_status":0},{"layer":29,"cuda_span_ns":45056.000,"event_status":0}],"cuda_sum_ns":136192.001}
{"schema":"riley.owned-graph-diagnostic.v1","kind":"read","capture_id":2,"replay_id":116,"host_read_bytes":98344,"host_read_ns":4818}
{"schema":"riley.owned-graph-diagnostic.v1","kind":"replay","capture_id":2,"replay_id":117,"position":147,"host_staging_bytes":98344,"event_setup_ns":446,"host_staging_ns":1581,"host_launch_ns":11035,"host_wait_ns":2000956,"cuda_graph_span_ns":2009599.924,"event_status":0,"launch_status":0,"completion_status":0}
{"schema":"riley.decode-operator-diagnostic.v1","kind":"operation","capture_id":2,"replay_id":117,"position":147,"operator":"attention","launch_status":0,"completion_status":0,"intervals":[{"layer":0,"cuda_span_ns":46080.001,"event_status":0},{"layer":15,"cuda_span_ns":46080.001,"event_status":0},{"layer":29,"cuda_span_ns":45056.000,"event_status":0}],"cuda_sum_ns":137216.002}
{"schema":"riley.owned-graph-diagnostic.v1","kind":"read","capture_id":2,"replay_id":117,"host_read_bytes":98344,"host_read_ns":4612}
{"schema":"riley.owned-graph-diagnostic.v1","kind":"replay","capture_id":2,"replay_id":118,"position":148,"host_staging_bytes":98344,"event_setup_ns":673,"host_staging_ns":1561,"host_launch_ns":11107,"host_wait_ns":2009011,"cuda_graph_span_ns":2017024.040,"event_status":0,"launch_status":0,"completion_status":0}
{"schema":"riley.decode-operator-diagnostic.v1","kind":"operation","capture_id":2,"replay_id":118,"position":148,"operator":"attention","launch_status":0,"completion_status":0,"intervals":[{"layer":0,"cuda_span_ns":46080.001,"event_status":0},{"layer":15,"cuda_span_ns":46080.001,"event_status":0},{"layer":29,"cuda_span_ns":45056.000,"event_status":0}],"cuda_sum_ns":137216.002}
{"schema":"riley.owned-graph-diagnostic.v1","kind":"read","capture_id":2,"replay_id":118,"host_read_bytes":98344,"host_read_ns":5468}
{"schema":"riley.owned-graph-diagnostic.v1","kind":"replay","capture_id":2,"replay_id":119,"position":149,"host_staging_bytes":98344,"event_setup_ns":711,"host_staging_ns":1846,"host_launch_ns":14182,"host_wait_ns":2007282,"cuda_graph_span_ns":2018975.973,"event_status":0,"launch_status":0,"completion_status":0}
{"schema":"riley.decode-operator-diagnostic.v1","kind":"operation","capture_id":2,"replay_id":119,"position":149,"operator":"attention","launch_status":0,"completion_status":0,"intervals":[{"layer":0,"cuda_span_ns":46080.001,"event_status":0},{"layer":15,"cuda_span_ns":46080.001,"event_status":0},{"layer":29,"cuda_span_ns":45056.000,"event_status":0}],"cuda_sum_ns":137216.002}
{"schema":"riley.owned-graph-diagnostic.v1","kind":"read","capture_id":2,"replay_id":119,"host_read_bytes":98344,"host_read_ns":5084}
{"schema":"riley.owned-graph-diagnostic.v1","kind":"replay","capture_id":2,"replay_id":120,"position":150,"host_staging_bytes":98344,"event_setup_ns":491,"host_staging_ns":1698,"host_launch_ns":12398,"host_wait_ns":2001640,"cuda_graph_span_ns":2010943.890,"event_status":0,"launch_status":0,"completion_status":0}
{"schema":"riley.decode-operator-diagnostic.v1","kind":"operation","capture_id":2,"replay_id":120,"position":150,"operator":"attention","launch_status":0,"completion_status":0,"intervals":[{"layer":0,"cuda_span_ns":46080.001,"event_status":0},{"layer":15,"cuda_span_ns":46080.001,"event_status":0},{"layer":29,"cuda_span_ns":46080.001,"event_status":0}],"cuda_sum_ns":138240.002}
{"schema":"riley.owned-graph-diagnostic.v1","kind":"read","capture_id":2,"replay_id":120,"host_read_bytes":98344,"host_read_ns":5143}
{"schema":"riley.owned-graph-diagnostic.v1","kind":"replay","capture_id":2,"replay_id":121,"position":151,"host_staging_bytes":98344,"event_setup_ns":616,"host_staging_ns":1649,"host_launch_ns":11388,"host_wait_ns":2007657,"cuda_graph_span_ns":2016223.907,"event_status":0,"launch_status":0,"completion_status":0}
{"schema":"riley.decode-operator-diagnostic.v1","kind":"operation","capture_id":2,"replay_id":121,"position":151,"operator":"attention","launch_status":0,"completion_status":0,"intervals":[{"layer":0,"cuda_span_ns":46080.001,"event_status":0},{"layer":15,"cuda_span_ns":45056.000,"event_status":0},{"layer":29,"cuda_span_ns":46080.001,"event_status":0}],"cuda_sum_ns":137216.002}
{"schema":"riley.owned-graph-diagnostic.v1","kind":"read","capture_id":2,"replay_id":121,"host_read_bytes":98344,"host_read_ns":5004}
{"schema":"riley.owned-graph-diagnostic.v1","kind":"replay","capture_id":2,"replay_id":122,"position":152,"host_staging_bytes":98344,"event_setup_ns":357,"host_staging_ns":1572,"host_launch_ns":10629,"host_wait_ns":2051179,"cuda_graph_span_ns":2059168.100,"event_status":0,"launch_status":0,"completion_status":0}
{"schema":"riley.decode-operator-diagnostic.v1","kind":"operation","capture_id":2,"replay_id":122,"position":152,"operator":"attention","launch_status":0,"completion_status":0,"intervals":[{"layer":0,"cuda_span_ns":48128.001,"event_status":0},{"layer":15,"cuda_span_ns":47104.001,"event_status":0},{"layer":29,"cuda_span_ns":46080.001,"event_status":0}],"cuda_sum_ns":141312.003}
{"schema":"riley.owned-graph-diagnostic.v1","kind":"read","capture_id":2,"replay_id":122,"host_read_bytes":98344,"host_read_ns":4338}
{"schema":"riley.owned-graph-diagnostic.v1","kind":"replay","capture_id":2,"replay_id":123,"position":153,"host_staging_bytes":98344,"event_setup_ns":438,"host_staging_ns":1571,"host_launch_ns":11167,"host_wait_ns":2057655,"cuda_graph_span_ns":2066303.968,"event_status":0,"launch_status":0,"completion_status":0}
{"schema":"riley.decode-operator-diagnostic.v1","kind":"operation","capture_id":2,"replay_id":123,"position":153,"operator":"attention","launch_status":0,"completion_status":0,"intervals":[{"layer":0,"cuda_span_ns":48128.001,"event_status":0},{"layer":15,"cuda_span_ns":47104.001,"event_status":0},{"layer":29,"cuda_span_ns":48128.001,"event_status":0}],"cuda_sum_ns":143360.004}
{"schema":"riley.owned-graph-diagnostic.v1","kind":"read","capture_id":2,"replay_id":123,"host_read_bytes":98344,"host_read_ns":4532}
{"schema":"riley.owned-graph-diagnostic.v1","kind":"replay","capture_id":2,"replay_id":124,"position":154,"host_staging_bytes":98344,"event_setup_ns":358,"host_staging_ns":1587,"host_launch_ns":11185,"host_wait_ns":2058626,"cuda_graph_span_ns":2066848.040,"event_status":0,"launch_status":0,"completion_status":0}
{"schema":"riley.decode-operator-diagnostic.v1","kind":"operation","capture_id":2,"replay_id":124,"position":154,"operator":"attention","launch_status":0,"completion_status":0,"intervals":[{"layer":0,"cuda_span_ns":48128.001,"event_status":0},{"layer":15,"cuda_span_ns":48128.001,"event_status":0},{"layer":29,"cuda_span_ns":47104.001,"event_status":0}],"cuda_sum_ns":143360.004}
{"schema":"riley.owned-graph-diagnostic.v1","kind":"read","capture_id":2,"replay_id":124,"host_read_bytes":98344,"host_read_ns":5032}
{"schema":"riley.owned-graph-diagnostic.v1","kind":"replay","capture_id":2,"replay_id":125,"position":155,"host_staging_bytes":98344,"event_setup_ns":485,"host_staging_ns":1609,"host_launch_ns":11229,"host_wait_ns":2059914,"cuda_graph_span_ns":2068320.036,"event_status":0,"launch_status":0,"completion_status":0}
{"schema":"riley.decode-operator-diagnostic.v1","kind":"operation","capture_id":2,"replay_id":125,"position":155,"operator":"attention","launch_status":0,"completion_status":0,"intervals":[{"layer":0,"cuda_span_ns":48128.001,"event_status":0},{"layer":15,"cuda_span_ns":48128.001,"event_status":0},{"layer":29,"cuda_span_ns":48128.001,"event_status":0}],"cuda_sum_ns":144384.004}
{"schema":"riley.owned-graph-diagnostic.v1","kind":"read","capture_id":2,"replay_id":125,"host_read_bytes":98344,"host_read_ns":4669}
{"schema":"riley.owned-graph-diagnostic.v1","kind":"replay","capture_id":2,"replay_id":126,"position":156,"host_staging_bytes":98344,"event_setup_ns":541,"host_staging_ns":1585,"host_launch_ns":11287,"host_wait_ns":2056297,"cuda_graph_span_ns":2064735.889,"event_status":0,"launch_status":0,"completion_status":0}
{"schema":"riley.decode-operator-diagnostic.v1","kind":"operation","capture_id":2,"replay_id":126,"position":156,"operator":"attention","launch_status":0,"completion_status":0,"intervals":[{"layer":0,"cuda_span_ns":48128.001,"event_status":0},{"layer":15,"cuda_span_ns":48128.001,"event_status":0},{"layer":29,"cuda_span_ns":47104.001,"event_status":0}],"cuda_sum_ns":143360.004}
{"schema":"riley.owned-graph-diagnostic.v1","kind":"read","capture_id":2,"replay_id":126,"host_read_bytes":98344,"host_read_ns":4917}
{"schema":"riley.owned-graph-diagnostic.v1","kind":"replay","capture_id":2,"replay_id":127,"position":157,"host_staging_bytes":98344,"event_setup_ns":406,"host_staging_ns":1582,"host_launch_ns":11434,"host_wait_ns":2059398,"cuda_graph_span_ns":2068128.109,"event_status":0,"launch_status":0,"completion_status":0}
{"schema":"riley.decode-operator-diagnostic.v1","kind":"operation","capture_id":2,"replay_id":127,"position":157,"operator":"attention","launch_status":0,"completion_status":0,"intervals":[{"layer":0,"cuda_span_ns":48128.001,"event_status":0},{"layer":15,"cuda_span_ns":48128.001,"event_status":0},{"layer":29,"cuda_span_ns":48128.001,"event_status":0}],"cuda_sum_ns":144384.004}
{"schema":"riley.owned-graph-diagnostic.v1","kind":"read","capture_id":2,"replay_id":127,"host_read_bytes":98344,"host_read_ns":4632}
{"schema":"riley.owned-graph-diagnostic.v1","kind":"replay","capture_id":2,"replay_id":128,"position":158,"host_staging_bytes":98344,"event_setup_ns":320,"host_staging_ns":1578,"host_launch_ns":11485,"host_wait_ns":2066572,"cuda_graph_span_ns":2075232.029,"event_status":0,"launch_status":0,"completion_status":0}
{"schema":"riley.decode-operator-diagnostic.v1","kind":"operation","capture_id":2,"replay_id":128,"position":158,"operator":"attention","launch_status":0,"completion_status":0,"intervals":[{"layer":0,"cuda_span_ns":48128.001,"event_status":0},{"layer":15,"cuda_span_ns":48128.001,"event_status":0},{"layer":29,"cuda_span_ns":47104.001,"event_status":0}],"cuda_sum_ns":143360.004}
{"schema":"riley.owned-graph-diagnostic.v1","kind":"read","capture_id":2,"replay_id":128,"host_read_bytes":98344,"host_read_ns":4387}
{"schema":"riley.owned-graph-diagnostic.v1","kind":"replay","capture_id":1,"replay_id":129,"position":127,"host_staging_bytes":98344,"event_setup_ns":522,"host_staging_ns":1737,"host_launch_ns":9020,"host_wait_ns":13685853,"cuda_graph_span_ns":13691007.614,"event_status":0,"launch_status":0,"completion_status":0}
{"schema":"riley.owned-graph-diagnostic.v1","kind":"read","capture_id":1,"replay_id":129,"host_read_bytes":98344,"host_read_ns":5191}
{"schema":"riley.owned-graph-diagnostic.v1","kind":"replay","capture_id":2,"replay_id":130,"position":128,"host_staging_bytes":98344,"event_setup_ns":578,"host_staging_ns":1697,"host_launch_ns":13820,"host_wait_ns":2201912,"cuda_graph_span_ns":2212735.891,"event_status":0,"launch_status":0,"completion_status":0}
{"schema":"riley.decode-operator-diagnostic.v1","kind":"operation","capture_id":2,"replay_id":130,"position":128,"operator":"attention","launch_status":0,"completion_status":0,"intervals":[{"layer":0,"cuda_span_ns":58368.001,"event_status":0},{"layer":15,"cuda_span_ns":57344.001,"event_status":0},{"layer":29,"cuda_span_ns":40959.999,"event_status":0}],"cuda_sum_ns":156672.001}
{"schema":"riley.owned-graph-diagnostic.v1","kind":"read","capture_id":2,"replay_id":130,"host_read_bytes":98344,"host_read_ns":5226}
{"schema":"riley.owned-graph-diagnostic.v1","kind":"replay","capture_id":2,"replay_id":131,"position":129,"host_staging_bytes":98344,"event_setup_ns":374,"host_staging_ns":1547,"host_launch_ns":10972,"host_wait_ns":1877181,"cuda_graph_span_ns":1885439.992,"event_status":0,"launch_status":0,"completion_status":0}
{"schema":"riley.decode-operator-diagnostic.v1","kind":"operation","capture_id":2,"replay_id":131,"position":129,"operator":"attention","launch_status":0,"completion_status":0,"intervals":[{"layer":0,"cuda_span_ns":41983.999,"event_status":0},{"layer":15,"cuda_span_ns":41983.999,"event_status":0},{"layer":29,"cuda_span_ns":40959.999,"event_status":0}],"cuda_sum_ns":124927.998}
{"schema":"riley.owned-graph-diagnostic.v1","kind":"read","capture_id":2,"replay_id":131,"host_read_bytes":98344,"host_read_ns":4771}
{"schema":"riley.owned-graph-diagnostic.v1","kind":"replay","capture_id":2,"replay_id":132,"position":130,"host_staging_bytes":98344,"event_setup_ns":397,"host_staging_ns":1554,"host_launch_ns":10908,"host_wait_ns":1878955,"cuda_graph_span_ns":1887231.946,"event_status":0,"launch_status":0,"completion_status":0}
{"schema":"riley.decode-operator-diagnostic.v1","kind":"operation","capture_id":2,"replay_id":132,"position":130,"operator":"attention","launch_status":0,"completion_status":0,"intervals":[{"layer":0,"cuda_span_ns":41983.999,"event_status":0},{"layer":15,"cuda_span_ns":41983.999,"event_status":0},{"layer":29,"cuda_span_ns":40959.999,"event_status":0}],"cuda_sum_ns":124927.998}
{"schema":"riley.owned-graph-diagnostic.v1","kind":"read","capture_id":2,"replay_id":132,"host_read_bytes":98344,"host_read_ns":4961}
{"schema":"riley.owned-graph-diagnostic.v1","kind":"replay","capture_id":2,"replay_id":133,"position":131,"host_staging_bytes":98344,"event_setup_ns":467,"host_staging_ns":1570,"host_launch_ns":10808,"host_wait_ns":1878051,"cuda_graph_span_ns":1885983.944,"event_status":0,"launch_status":0,"completion_status":0}
{"schema":"riley.decode-operator-diagnostic.v1","kind":"operation","capture_id":2,"replay_id":133,"position":131,"operator":"attention","launch_status":0,"completion_status":0,"intervals":[{"layer":0,"cuda_span_ns":40959.999,"event_status":0},{"layer":15,"cuda_span_ns":41983.999,"event_status":0},{"layer":29,"cuda_span_ns":40959.999,"event_status":0}],"cuda_sum_ns":123903.997}
{"schema":"riley.owned-graph-diagnostic.v1","kind":"read","capture_id":2,"replay_id":133,"host_read_bytes":98344,"host_read_ns":6280}
{"schema":"riley.owned-graph-diagnostic.v1","kind":"replay","capture_id":2,"replay_id":134,"position":132,"host_staging_bytes":98344,"event_setup_ns":344,"host_staging_ns":1539,"host_launch_ns":10922,"host_wait_ns":1876789,"cuda_graph_span_ns":1885151.982,"event_status":0,"launch_status":0,"completion_status":0}
{"schema":"riley.decode-operator-diagnostic.v1","kind":"operation","capture_id":2,"replay_id":134,"position":132,"operator":"attention","launch_status":0,"completion_status":0,"intervals":[{"layer":0,"cuda_span_ns":41983.999,"event_status":0},{"layer":15,"cuda_span_ns":41983.999,"event_status":0},{"layer":29,"cuda_span_ns":41983.999,"event_status":0}],"cuda_sum_ns":125951.998}
{"schema":"riley.owned-graph-diagnostic.v1","kind":"read","capture_id":2,"replay_id":134,"host_read_bytes":98344,"host_read_ns":5090}
{"schema":"riley.owned-graph-diagnostic.v1","kind":"replay","capture_id":2,"replay_id":135,"position":133,"host_staging_bytes":98344,"event_setup_ns":419,"host_staging_ns":1583,"host_launch_ns":10809,"host_wait_ns":1877886,"cuda_graph_span_ns":1886271.954,"event_status":0,"launch_status":0,"completion_status":0}
{"schema":"riley.decode-operator-diagnostic.v1","kind":"operation","capture_id":2,"replay_id":135,"position":133,"operator":"attention","launch_status":0,"completion_status":0,"intervals":[{"layer":0,"cuda_span_ns":41983.999,"event_status":0},{"layer":15,"cuda_span_ns":41983.999,"event_status":0},{"layer":29,"cuda_span_ns":40959.999,"event_status":0}],"cuda_sum_ns":124927.998}
{"schema":"riley.owned-graph-diagnostic.v1","kind":"read","capture_id":2,"replay_id":135,"host_read_bytes":98344,"host_read_ns":4323}
{"schema":"riley.owned-graph-diagnostic.v1","kind":"replay","capture_id":2,"replay_id":136,"position":134,"host_staging_bytes":98344,"event_setup_ns":295,"host_staging_ns":1564,"host_launch_ns":11053,"host_wait_ns":1876941,"cuda_graph_span_ns":1885439.992,"event_status":0,"launch_status":0,"completion_status":0}
{"schema":"riley.decode-operator-diagnostic.v1","kind":"operation","capture_id":2,"replay_id":136,"position":134,"operator":"attention","launch_status":0,"completion_status":0,"intervals":[{"layer":0,"cuda_span_ns":41983.999,"event_status":0},{"layer":15,"cuda_span_ns":41983.999,"event_status":0},{"layer":29,"cuda_span_ns":40959.999,"event_status":0}],"cuda_sum_ns":124927.998}
{"schema":"riley.owned-graph-diagnostic.v1","kind":"read","capture_id":2,"replay_id":136,"host_read_bytes":98344,"host_read_ns":5153}
{"schema":"riley.owned-graph-diagnostic.v1","kind":"replay","capture_id":2,"replay_id":137,"position":135,"host_staging_bytes":98344,"event_setup_ns":323,"host_staging_ns":1562,"host_launch_ns":10738,"host_wait_ns":1877699,"cuda_graph_span_ns":1885663.986,"event_status":0,"launch_status":0,"completion_status":0}
{"schema":"riley.decode-operator-diagnostic.v1","kind":"operation","capture_id":2,"replay_id":137,"position":135,"operator":"attention","launch_status":0,"completion_status":0,"intervals":[{"layer":0,"cuda_span_ns":41983.999,"event_status":0},{"layer":15,"cuda_span_ns":41983.999,"event_status":0},{"layer":29,"cuda_span_ns":40959.999,"event_status":0}],"cuda_sum_ns":124927.998}
{"schema":"riley.owned-graph-diagnostic.v1","kind":"read","capture_id":2,"replay_id":137,"host_read_bytes":98344,"host_read_ns":4244}
{"schema":"riley.owned-graph-diagnostic.v1","kind":"replay","capture_id":2,"replay_id":138,"position":136,"host_staging_bytes":98344,"event_setup_ns":315,"host_staging_ns":1529,"host_launch_ns":10951,"host_wait_ns":1917682,"cuda_graph_span_ns":1926144.004,"event_status":0,"launch_status":0,"completion_status":0}
{"schema":"riley.decode-operator-diagnostic.v1","kind":"operation","capture_id":2,"replay_id":138,"position":136,"operator":"attention","launch_status":0,"completion_status":0,"intervals":[{"layer":0,"cuda_span_ns":44032.000,"event_status":0},{"layer":15,"cuda_span_ns":43008.000,"event_status":0},{"layer":29,"cuda_span_ns":43008.000,"event_status":0}],"cuda_sum_ns":130047.999}
{"schema":"riley.owned-graph-diagnostic.v1","kind":"read","capture_id":2,"replay_id":138,"host_read_bytes":98344,"host_read_ns":4683}
{"schema":"riley.owned-graph-diagnostic.v1","kind":"replay","capture_id":2,"replay_id":139,"position":137,"host_staging_bytes":98344,"event_setup_ns":342,"host_staging_ns":1540,"host_launch_ns":10761,"host_wait_ns":1926373,"cuda_graph_span_ns":1934687.972,"event_status":0,"launch_status":0,"completion_status":0}
{"schema":"riley.decode-operator-diagnostic.v1","kind":"operation","capture_id":2,"replay_id":139,"position":137,"operator":"attention","launch_status":0,"completion_status":0,"intervals":[{"layer":0,"cuda_span_ns":44032.000,"event_status":0},{"layer":15,"cuda_span_ns":44032.000,"event_status":0},{"layer":29,"cuda_span_ns":43008.000,"event_status":0}],"cuda_sum_ns":131072.000}
{"schema":"riley.owned-graph-diagnostic.v1","kind":"read","capture_id":2,"replay_id":139,"host_read_bytes":98344,"host_read_ns":4796}
{"schema":"riley.owned-graph-diagnostic.v1","kind":"replay","capture_id":2,"replay_id":140,"position":138,"host_staging_bytes":98344,"event_setup_ns":375,"host_staging_ns":1544,"host_launch_ns":14199,"host_wait_ns":1928719,"cuda_graph_span_ns":1940544.009,"event_status":0,"launch_status":0,"completion_status":0}
{"schema":"riley.decode-operator-diagnostic.v1","kind":"operation","capture_id":2,"replay_id":140,"position":138,"operator":"attention","launch_status":0,"completion_status":0,"intervals":[{"layer":0,"cuda_span_ns":44032.000,"event_status":0},{"layer":15,"cuda_span_ns":44032.000,"event_status":0},{"layer":29,"cuda_span_ns":43008.000,"event_status":0}],"cuda_sum_ns":131072.000}
{"schema":"riley.owned-graph-diagnostic.v1","kind":"read","capture_id":2,"replay_id":140,"host_read_bytes":98344,"host_read_ns":4444}
{"schema":"riley.owned-graph-diagnostic.v1","kind":"replay","capture_id":2,"replay_id":141,"position":139,"host_staging_bytes":98344,"event_setup_ns":432,"host_staging_ns":1561,"host_launch_ns":11229,"host_wait_ns":1927735,"cuda_graph_span_ns":1936352.015,"event_status":0,"launch_status":0,"completion_status":0}
{"schema":"riley.decode-operator-diagnostic.v1","kind":"operation","capture_id":2,"replay_id":141,"position":139,"operator":"attention","launch_status":0,"completion_status":0,"intervals":[{"layer":0,"cuda_span_ns":44032.000,"event_status":0},{"layer":15,"cuda_span_ns":44032.000,"event_status":0},{"layer":29,"cuda_span_ns":43008.000,"event_status":0}],"cuda_sum_ns":131072.000}
{"schema":"riley.owned-graph-diagnostic.v1","kind":"read","capture_id":2,"replay_id":141,"host_read_bytes":98344,"host_read_ns":4644}
{"schema":"riley.owned-graph-diagnostic.v1","kind":"replay","capture_id":2,"replay_id":142,"position":140,"host_staging_bytes":98344,"event_setup_ns":313,"host_staging_ns":1575,"host_launch_ns":11174,"host_wait_ns":1936780,"cuda_graph_span_ns":1945152.044,"event_status":0,"launch_status":0,"completion_status":0}
{"schema":"riley.decode-operator-diagnostic.v1","kind":"operation","capture_id":2,"replay_id":142,"position":140,"operator":"attention","launch_status":0,"completion_status":0,"intervals":[{"layer":0,"cuda_span_ns":44032.000,"event_status":0},{"layer":15,"cuda_span_ns":44032.000,"event_status":0},{"layer":29,"cuda_span_ns":43008.000,"event_status":0}],"cuda_sum_ns":131072.000}
{"schema":"riley.owned-graph-diagnostic.v1","kind":"read","capture_id":2,"replay_id":142,"host_read_bytes":98344,"host_read_ns":4185}
{"schema":"riley.owned-graph-diagnostic.v1","kind":"replay","capture_id":2,"replay_id":143,"position":141,"host_staging_bytes":98344,"event_setup_ns":314,"host_staging_ns":1555,"host_launch_ns":10936,"host_wait_ns":1937033,"cuda_graph_span_ns":1945407.987,"event_status":0,"launch_status":0,"completion_status":0}
{"schema":"riley.decode-operator-diagnostic.v1","kind":"operation","capture_id":2,"replay_id":143,"position":141,"operator":"attention","launch_status":0,"completion_status":0,"intervals":[{"layer":0,"cuda_span_ns":44032.000,"event_status":0},{"layer":15,"cuda_span_ns":44032.000,"event_status":0},{"layer":29,"cuda_span_ns":43008.000,"event_status":0}],"cuda_sum_ns":131072.000}
{"schema":"riley.owned-graph-diagnostic.v1","kind":"read","capture_id":2,"replay_id":143,"host_read_bytes":98344,"host_read_ns":4804}
{"schema":"riley.owned-graph-diagnostic.v1","kind":"replay","capture_id":2,"replay_id":144,"position":142,"host_staging_bytes":98344,"event_setup_ns":316,"host_staging_ns":1552,"host_launch_ns":11029,"host_wait_ns":1935958,"cuda_graph_span_ns":1944319.963,"event_status":0,"launch_status":0,"completion_status":0}
{"schema":"riley.decode-operator-diagnostic.v1","kind":"operation","capture_id":2,"replay_id":144,"position":142,"operator":"attention","launch_status":0,"completion_status":0,"intervals":[{"layer":0,"cuda_span_ns":44032.000,"event_status":0},{"layer":15,"cuda_span_ns":43008.000,"event_status":0},{"layer":29,"cuda_span_ns":43008.000,"event_status":0}],"cuda_sum_ns":130047.999}
{"schema":"riley.owned-graph-diagnostic.v1","kind":"read","capture_id":2,"replay_id":144,"host_read_bytes":98344,"host_read_ns":4858}
{"schema":"riley.owned-graph-diagnostic.v1","kind":"replay","capture_id":2,"replay_id":145,"position":143,"host_staging_bytes":98344,"event_setup_ns":317,"host_staging_ns":1597,"host_launch_ns":11287,"host_wait_ns":1928901,"cuda_graph_span_ns":1937376.022,"event_status":0,"launch_status":0,"completion_status":0}
{"schema":"riley.decode-operator-diagnostic.v1","kind":"operation","capture_id":2,"replay_id":145,"position":143,"operator":"attention","launch_status":0,"completion_status":0,"intervals":[{"layer":0,"cuda_span_ns":44032.000,"event_status":0},{"layer":15,"cuda_span_ns":43008.000,"event_status":0},{"layer":29,"cuda_span_ns":43008.000,"event_status":0}],"cuda_sum_ns":130047.999}
{"schema":"riley.owned-graph-diagnostic.v1","kind":"read","capture_id":2,"replay_id":145,"host_read_bytes":98344,"host_read_ns":5430}
{"schema":"riley.owned-graph-diagnostic.v1","kind":"replay","capture_id":2,"replay_id":146,"position":144,"host_staging_bytes":98344,"event_setup_ns":353,"host_staging_ns":1563,"host_launch_ns":11164,"host_wait_ns":1994360,"cuda_graph_span_ns":2002784.014,"event_status":0,"launch_status":0,"completion_status":0}
{"schema":"riley.decode-operator-diagnostic.v1","kind":"operation","capture_id":2,"replay_id":146,"position":144,"operator":"attention","launch_status":0,"completion_status":0,"intervals":[{"layer":0,"cuda_span_ns":46080.001,"event_status":0},{"layer":15,"cuda_span_ns":46080.001,"event_status":0},{"layer":29,"cuda_span_ns":45056.000,"event_status":0}],"cuda_sum_ns":137216.002}
{"schema":"riley.owned-graph-diagnostic.v1","kind":"read","capture_id":2,"replay_id":146,"host_read_bytes":98344,"host_read_ns":4637}
{"schema":"riley.owned-graph-diagnostic.v1","kind":"replay","capture_id":2,"replay_id":147,"position":145,"host_staging_bytes":98344,"event_setup_ns":463,"host_staging_ns":1560,"host_launch_ns":11021,"host_wait_ns":2001760,"cuda_graph_span_ns":2010143.995,"event_status":0,"launch_status":0,"completion_status":0}
{"schema":"riley.decode-operator-diagnostic.v1","kind":"operation","capture_id":2,"replay_id":147,"position":145,"operator":"attention","launch_status":0,"completion_status":0,"intervals":[{"layer":0,"cuda_span_ns":46080.001,"event_status":0},{"layer":15,"cuda_span_ns":46080.001,"event_status":0},{"layer":29,"cuda_span_ns":46080.001,"event_status":0}],"cuda_sum_ns":138240.002}
{"schema":"riley.owned-graph-diagnostic.v1","kind":"read","capture_id":2,"replay_id":147,"host_read_bytes":98344,"host_read_ns":4774}
{"schema":"riley.owned-graph-diagnostic.v1","kind":"replay","capture_id":2,"replay_id":148,"position":146,"host_staging_bytes":98344,"event_setup_ns":562,"host_staging_ns":1572,"host_launch_ns":10912,"host_wait_ns":2001750,"cuda_graph_span_ns":2009952.068,"event_status":0,"launch_status":0,"completion_status":0}
{"schema":"riley.decode-operator-diagnostic.v1","kind":"operation","capture_id":2,"replay_id":148,"position":146,"operator":"attention","launch_status":0,"completion_status":0,"intervals":[{"layer":0,"cuda_span_ns":46080.001,"event_status":0},{"layer":15,"cuda_span_ns":46080.001,"event_status":0},{"layer":29,"cuda_span_ns":46080.001,"event_status":0}],"cuda_sum_ns":138240.002}
{"schema":"riley.owned-graph-diagnostic.v1","kind":"read","capture_id":2,"replay_id":148,"host_read_bytes":98344,"host_read_ns":4514}
{"schema":"riley.owned-graph-diagnostic.v1","kind":"replay","capture_id":2,"replay_id":149,"position":147,"host_staging_bytes":98344,"event_setup_ns":429,"host_staging_ns":1579,"host_launch_ns":11474,"host_wait_ns":2000890,"cuda_graph_span_ns":2009536.028,"event_status":0,"launch_status":0,"completion_status":0}
{"schema":"riley.decode-operator-diagnostic.v1","kind":"operation","capture_id":2,"replay_id":149,"position":147,"operator":"attention","launch_status":0,"completion_status":0,"intervals":[{"layer":0,"cuda_span_ns":46080.001,"event_status":0},{"layer":15,"cuda_span_ns":46080.001,"event_status":0},{"layer":29,"cuda_span_ns":46080.001,"event_status":0}],"cuda_sum_ns":138240.002}
{"schema":"riley.owned-graph-diagnostic.v1","kind":"read","capture_id":2,"replay_id":149,"host_read_bytes":98344,"host_read_ns":4622}
{"schema":"riley.owned-graph-diagnostic.v1","kind":"replay","capture_id":2,"replay_id":150,"position":148,"host_staging_bytes":98344,"event_setup_ns":309,"host_staging_ns":1567,"host_launch_ns":11009,"host_wait_ns":2002340,"cuda_graph_span_ns":2010816.097,"event_status":0,"launch_status":0,"completion_status":0}
{"schema":"riley.decode-operator-diagnostic.v1","kind":"operation","capture_id":2,"replay_id":150,"position":148,"operator":"attention","launch_status":0,"completion_status":0,"intervals":[{"layer":0,"cuda_span_ns":46080.001,"event_status":0},{"layer":15,"cuda_span_ns":45056.000,"event_status":0},{"layer":29,"cuda_span_ns":45056.000,"event_status":0}],"cuda_sum_ns":136192.001}
{"schema":"riley.owned-graph-diagnostic.v1","kind":"read","capture_id":2,"replay_id":150,"host_read_bytes":98344,"host_read_ns":4777}
{"schema":"riley.owned-graph-diagnostic.v1","kind":"replay","capture_id":2,"replay_id":151,"position":149,"host_staging_bytes":98344,"event_setup_ns":571,"host_staging_ns":1582,"host_launch_ns":11401,"host_wait_ns":2008833,"cuda_graph_span_ns":2017407.894,"event_status":0,"launch_status":0,"completion_status":0}
{"schema":"riley.decode-operator-diagnostic.v1","kind":"operation","capture_id":2,"replay_id":151,"position":149,"operator":"attention","launch_status":0,"completion_status":0,"intervals":[{"layer":0,"cuda_span_ns":46080.001,"event_status":0},{"layer":15,"cuda_span_ns":46080.001,"event_status":0},{"layer":29,"cuda_span_ns":45056.000,"event_status":0}],"cuda_sum_ns":137216.002}
{"schema":"riley.owned-graph-diagnostic.v1","kind":"read","capture_id":2,"replay_id":151,"host_read_bytes":98344,"host_read_ns":4766}
{"schema":"riley.owned-graph-diagnostic.v1","kind":"replay","capture_id":2,"replay_id":152,"position":150,"host_staging_bytes":98344,"event_setup_ns":497,"host_staging_ns":1609,"host_launch_ns":11064,"host_wait_ns":2009011,"cuda_graph_span_ns":2017440.081,"event_status":0,"launch_status":0,"completion_status":0}
{"schema":"riley.decode-operator-diagnostic.v1","kind":"operation","capture_id":2,"replay_id":152,"position":150,"operator":"attention","launch_status":0,"completion_status":0,"intervals":[{"layer":0,"cuda_span_ns":46080.001,"event_status":0},{"layer":15,"cuda_span_ns":46080.001,"event_status":0},{"layer":29,"cuda_span_ns":46080.001,"event_status":0}],"cuda_sum_ns":138240.002}
{"schema":"riley.owned-graph-diagnostic.v1","kind":"read","capture_id":2,"replay_id":152,"host_read_bytes":98344,"host_read_ns":4967}
{"schema":"riley.owned-graph-diagnostic.v1","kind":"replay","capture_id":2,"replay_id":153,"position":151,"host_staging_bytes":98344,"event_setup_ns":382,"host_staging_ns":1597,"host_launch_ns":11331,"host_wait_ns":2002391,"cuda_graph_span_ns":2010879.993,"event_status":0,"launch_status":0,"completion_status":0}
{"schema":"riley.decode-operator-diagnostic.v1","kind":"operation","capture_id":2,"replay_id":153,"position":151,"operator":"attention","launch_status":0,"completion_status":0,"intervals":[{"layer":0,"cuda_span_ns":46080.001,"event_status":0},{"layer":15,"cuda_span_ns":46080.001,"event_status":0},{"layer":29,"cuda_span_ns":46080.001,"event_status":0}],"cuda_sum_ns":138240.002}
{"schema":"riley.owned-graph-diagnostic.v1","kind":"read","capture_id":2,"replay_id":153,"host_read_bytes":98344,"host_read_ns":4816}
{"schema":"riley.owned-graph-diagnostic.v1","kind":"replay","capture_id":2,"replay_id":154,"position":152,"host_staging_bytes":98344,"event_setup_ns":382,"host_staging_ns":1546,"host_launch_ns":11660,"host_wait_ns":2041408,"cuda_graph_span_ns":2050784.111,"event_status":0,"launch_status":0,"completion_status":0}
{"schema":"riley.decode-operator-diagnostic.v1","kind":"operation","capture_id":2,"replay_id":154,"position":152,"operator":"attention","launch_status":0,"completion_status":0,"intervals":[{"layer":0,"cuda_span_ns":48128.001,"event_status":0},{"layer":15,"cuda_span_ns":47104.001,"event_status":0},{"layer":29,"cuda_span_ns":46080.001,"event_status":0}],"cuda_sum_ns":141312.003}
{"schema":"riley.owned-graph-diagnostic.v1","kind":"read","capture_id":2,"replay_id":154,"host_read_bytes":98344,"host_read_ns":4639}
{"schema":"riley.owned-graph-diagnostic.v1","kind":"replay","capture_id":2,"replay_id":155,"position":153,"host_staging_bytes":98344,"event_setup_ns":637,"host_staging_ns":1553,"host_launch_ns":11216,"host_wait_ns":2057554,"cuda_graph_span_ns":2065855.980,"event_status":0,"launch_status":0,"completion_status":0}
{"schema":"riley.decode-operator-diagnostic.v1","kind":"operation","capture_id":2,"replay_id":155,"position":153,"operator":"attention","launch_status":0,"completion_status":0,"intervals":[{"layer":0,"cuda_span_ns":48128.001,"event_status":0},{"layer":15,"cuda_span_ns":48128.001,"event_status":0},{"layer":29,"cuda_span_ns":48128.001,"event_status":0}],"cuda_sum_ns":144384.004}
{"schema":"riley.owned-graph-diagnostic.v1","kind":"read","capture_id":2,"replay_id":155,"host_read_bytes":98344,"host_read_ns":4845}
{"schema":"riley.owned-graph-diagnostic.v1","kind":"replay","capture_id":2,"replay_id":156,"position":154,"host_staging_bytes":98344,"event_setup_ns":406,"host_staging_ns":1543,"host_launch_ns":11011,"host_wait_ns":2057555,"cuda_graph_span_ns":2065984.011,"event_status":0,"launch_status":0,"completion_status":0}
{"schema":"riley.decode-operator-diagnostic.v1","kind":"operation","capture_id":2,"replay_id":156,"position":154,"operator":"attention","launch_status":0,"completion_status":0,"intervals":[{"layer":0,"cuda_span_ns":48128.001,"event_status":0},{"layer":15,"cuda_span_ns":48128.001,"event_status":0},{"layer":29,"cuda_span_ns":47104.001,"event_status":0}],"cuda_sum_ns":143360.004}
{"schema":"riley.owned-graph-diagnostic.v1","kind":"read","capture_id":2,"replay_id":156,"host_read_bytes":98344,"host_read_ns":4446}
{"schema":"riley.owned-graph-diagnostic.v1","kind":"replay","capture_id":2,"replay_id":157,"position":155,"host_staging_bytes":98344,"event_setup_ns":383,"host_staging_ns":1591,"host_launch_ns":10611,"host_wait_ns":2057531,"cuda_graph_span_ns":2065471.888,"event_status":0,"launch_status":0,"completion_status":0}
{"schema":"riley.decode-operator-diagnostic.v1","kind":"operation","capture_id":2,"replay_id":157,"position":155,"operator":"attention","launch_status":0,"completion_status":0,"intervals":[{"layer":0,"cuda_span_ns":48128.001,"event_status":0},{"layer":15,"cuda_span_ns":48128.001,"event_status":0},{"layer":29,"cuda_span_ns":48128.001,"event_status":0}],"cuda_sum_ns":144384.004}
{"schema":"riley.owned-graph-diagnostic.v1","kind":"read","capture_id":2,"replay_id":157,"host_read_bytes":98344,"host_read_ns":4335}
{"schema":"riley.owned-graph-diagnostic.v1","kind":"replay","capture_id":2,"replay_id":158,"position":156,"host_staging_bytes":98344,"event_setup_ns":447,"host_staging_ns":1573,"host_launch_ns":11147,"host_wait_ns":2058616,"cuda_graph_span_ns":2067199.945,"event_status":0,"launch_status":0,"completion_status":0}
{"schema":"riley.decode-operator-diagnostic.v1","kind":"operation","capture_id":2,"replay_id":158,"position":156,"operator":"attention","launch_status":0,"completion_status":0,"intervals":[{"layer":0,"cuda_span_ns":47104.001,"event_status":0},{"layer":15,"cuda_span_ns":48128.001,"event_status":0},{"layer":29,"cuda_span_ns":48128.001,"event_status":0}],"cuda_sum_ns":143360.004}
{"schema":"riley.owned-graph-diagnostic.v1","kind":"read","capture_id":2,"replay_id":158,"host_read_bytes":98344,"host_read_ns":4763}
{"schema":"riley.owned-graph-diagnostic.v1","kind":"replay","capture_id":2,"replay_id":159,"position":157,"host_staging_bytes":98344,"event_setup_ns":503,"host_staging_ns":1647,"host_launch_ns":10845,"host_wait_ns":2058230,"cuda_graph_span_ns":2066400.051,"event_status":0,"launch_status":0,"completion_status":0}
{"schema":"riley.decode-operator-diagnostic.v1","kind":"operation","capture_id":2,"replay_id":159,"position":157,"operator":"attention","launch_status":0,"completion_status":0,"intervals":[{"layer":0,"cuda_span_ns":48128.001,"event_status":0},{"layer":15,"cuda_span_ns":49152.002,"event_status":0},{"layer":29,"cuda_span_ns":47104.001,"event_status":0}],"cuda_sum_ns":144384.004}
{"schema":"riley.owned-graph-diagnostic.v1","kind":"read","capture_id":2,"replay_id":159,"host_read_bytes":98344,"host_read_ns":4368}
{"schema":"riley.owned-graph-diagnostic.v1","kind":"replay","capture_id":2,"replay_id":160,"position":158,"host_staging_bytes":98344,"event_setup_ns":486,"host_staging_ns":1559,"host_launch_ns":10951,"host_wait_ns":2056989,"cuda_graph_span_ns":2065471.888,"event_status":0,"launch_status":0,"completion_status":0}
{"schema":"riley.decode-operator-diagnostic.v1","kind":"operation","capture_id":2,"replay_id":160,"position":158,"operator":"attention","launch_status":0,"completion_status":0,"intervals":[{"layer":0,"cuda_span_ns":48128.001,"event_status":0},{"layer":15,"cuda_span_ns":48128.001,"event_status":0},{"layer":29,"cuda_span_ns":47104.001,"event_status":0}],"cuda_sum_ns":143360.004}
{"schema":"riley.owned-graph-diagnostic.v1","kind":"read","capture_id":2,"replay_id":160,"host_read_bytes":98344,"host_read_ns":5170}
{"schema":"riley.owned-graph-diagnostic.v1","kind":"replay","capture_id":1,"replay_id":161,"position":127,"host_staging_bytes":98344,"event_setup_ns":1019,"host_staging_ns":1702,"host_launch_ns":10836,"host_wait_ns":13663639,"cuda_graph_span_ns":13671008.110,"event_status":0,"launch_status":0,"completion_status":0}
{"schema":"riley.owned-graph-diagnostic.v1","kind":"read","capture_id":1,"replay_id":161,"host_read_bytes":98344,"host_read_ns":5175}
{"schema":"riley.owned-graph-diagnostic.v1","kind":"replay","capture_id":2,"replay_id":162,"position":128,"host_staging_bytes":98344,"event_setup_ns":855,"host_staging_ns":1977,"host_launch_ns":15077,"host_wait_ns":2207162,"cuda_graph_span_ns":2219680.071,"event_status":0,"launch_status":0,"completion_status":0}
{"schema":"riley.decode-operator-diagnostic.v1","kind":"operation","capture_id":2,"replay_id":162,"position":128,"operator":"attention","launch_status":0,"completion_status":0,"intervals":[{"layer":0,"cuda_span_ns":58368.001,"event_status":0},{"layer":15,"cuda_span_ns":57344.001,"event_status":0},{"layer":29,"cuda_span_ns":40959.999,"event_status":0}],"cuda_sum_ns":156672.001}
{"schema":"riley.owned-graph-diagnostic.v1","kind":"read","capture_id":2,"replay_id":162,"host_read_bytes":98344,"host_read_ns":4709}
{"schema":"riley.owned-graph-diagnostic.v1","kind":"replay","capture_id":2,"replay_id":163,"position":129,"host_staging_bytes":98344,"event_setup_ns":440,"host_staging_ns":1633,"host_launch_ns":11815,"host_wait_ns":1878074,"cuda_graph_span_ns":1887199.998,"event_status":0,"launch_status":0,"completion_status":0}
{"schema":"riley.decode-operator-diagnostic.v1","kind":"operation","capture_id":2,"replay_id":163,"position":129,"operator":"attention","launch_status":0,"completion_status":0,"intervals":[{"layer":0,"cuda_span_ns":41983.999,"event_status":0},{"layer":15,"cuda_span_ns":40959.999,"event_status":0},{"layer":29,"cuda_span_ns":40959.999,"event_status":0}],"cuda_sum_ns":123903.997}
{"schema":"riley.owned-graph-diagnostic.v1","kind":"read","capture_id":2,"replay_id":163,"host_read_bytes":98344,"host_read_ns":5321}
{"schema":"riley.owned-graph-diagnostic.v1","kind":"replay","capture_id":2,"replay_id":164,"position":130,"host_staging_bytes":98344,"event_setup_ns":563,"host_staging_ns":1694,"host_launch_ns":11347,"host_wait_ns":1877550,"cuda_graph_span_ns":1886175.990,"event_status":0,"launch_status":0,"completion_status":0}
{"schema":"riley.decode-operator-diagnostic.v1","kind":"operation","capture_id":2,"replay_id":164,"position":130,"operator":"attention","launch_status":0,"completion_status":0,"intervals":[{"layer":0,"cuda_span_ns":41983.999,"event_status":0},{"layer":15,"cuda_span_ns":41983.999,"event_status":0},{"layer":29,"cuda_span_ns":41983.999,"event_status":0}],"cuda_sum_ns":125951.998}
{"schema":"riley.owned-graph-diagnostic.v1","kind":"read","capture_id":2,"replay_id":164,"host_read_bytes":98344,"host_read_ns":4957}
{"schema":"riley.owned-graph-diagnostic.v1","kind":"replay","capture_id":2,"replay_id":165,"position":131,"host_staging_bytes":98344,"event_setup_ns":441,"host_staging_ns":1681,"host_launch_ns":11044,"host_wait_ns":1877683,"cuda_graph_span_ns":1886047.959,"event_status":0,"launch_status":0,"completion_status":0}
{"schema":"riley.decode-operator-diagnostic.v1","kind":"operation","capture_id":2,"replay_id":165,"position":131,"operator":"attention","launch_status":0,"completion_status":0,"intervals":[{"layer":0,"cuda_span_ns":41983.999,"event_status":0},{"layer":15,"cuda_span_ns":41983.999,"event_status":0},{"layer":29,"cuda_span_ns":40959.999,"event_status":0}],"cuda_sum_ns":124927.998}
{"schema":"riley.owned-graph-diagnostic.v1","kind":"read","capture_id":2,"replay_id":165,"host_read_bytes":98344,"host_read_ns":4864}
{"schema":"riley.owned-graph-diagnostic.v1","kind":"replay","capture_id":2,"replay_id":166,"position":132,"host_staging_bytes":98344,"event_setup_ns":384,"host_staging_ns":1653,"host_launch_ns":11445,"host_wait_ns":1878482,"cuda_graph_span_ns":1887104.034,"event_status":0,"launch_status":0,"completion_status":0}
{"schema":"riley.decode-operator-diagnostic.v1","kind":"operation","capture_id":2,"replay_id":166,"position":132,"operator":"attention","launch_status":0,"completion_status":0,"intervals":[{"layer":0,"cuda_span_ns":41983.999,"event_status":0},{"layer":15,"cuda_span_ns":41983.999,"event_status":0},{"layer":29,"cuda_span_ns":40959.999,"event_status":0}],"cuda_sum_ns":124927.998}
{"schema":"riley.owned-graph-diagnostic.v1","kind":"read","capture_id":2,"replay_id":166,"host_read_bytes":98344,"host_read_ns":4642}
{"schema":"riley.owned-graph-diagnostic.v1","kind":"replay","capture_id":2,"replay_id":167,"position":133,"host_staging_bytes":98344,"event_setup_ns":488,"host_staging_ns":1640,"host_launch_ns":12114,"host_wait_ns":1884435,"cuda_graph_span_ns":1894016.027,"event_status":0,"launch_status":0,"completion_status":0}
{"schema":"riley.decode-operator-diagnostic.v1","kind":"operation","capture_id":2,"replay_id":167,"position":133,"operator":"attention","launch_status":0,"completion_status":0,"intervals":[{"layer":0,"cuda_span_ns":41983.999,"event_status":0},{"layer":15,"cuda_span_ns":40959.999,"event_status":0},{"layer":29,"cuda_span_ns":41983.999,"event_status":0}],"cuda_sum_ns":124927.998}
{"schema":"riley.owned-graph-diagnostic.v1","kind":"read","capture_id":2,"replay_id":167,"host_read_bytes":98344,"host_read_ns":5042}
{"schema":"riley.owned-graph-diagnostic.v1","kind":"replay","capture_id":2,"replay_id":168,"position":134,"host_staging_bytes":98344,"event_setup_ns":359,"host_staging_ns":1586,"host_launch_ns":11000,"host_wait_ns":1876128,"cuda_graph_span_ns":1884735.942,"event_status":0,"launch_status":0,"completion_status":0}
{"schema":"riley.decode-operator-diagnostic.v1","kind":"operation","capture_id":2,"replay_id":168,"position":134,"operator":"attention","launch_status":0,"completion_status":0,"intervals":[{"layer":0,"cuda_span_ns":41983.999,"event_status":0},{"layer":15,"cuda_span_ns":41983.999,"event_status":0},{"layer":29,"cuda_span_ns":40959.999,"event_status":0}],"cuda_sum_ns":124927.998}
{"schema":"riley.owned-graph-diagnostic.v1","kind":"read","capture_id":2,"replay_id":168,"host_read_bytes":98344,"host_read_ns":5111}
{"schema":"riley.owned-graph-diagnostic.v1","kind":"replay","capture_id":2,"replay_id":169,"position":135,"host_staging_bytes":98344,"event_setup_ns":527,"host_staging_ns":1678,"host_launch_ns":11234,"host_wait_ns":1876212,"cuda_graph_span_ns":1884832.025,"event_status":0,"launch_status":0,"completion_status":0}
{"schema":"riley.decode-operator-diagnostic.v1","kind":"operation","capture_id":2,"replay_id":169,"position":135,"operator":"attention","launch_status":0,"completion_status":0,"intervals":[{"layer":0,"cuda_span_ns":41983.999,"event_status":0},{"layer":15,"cuda_span_ns":40959.999,"event_status":0},{"layer":29,"cuda_span_ns":40959.999,"event_status":0}],"cuda_sum_ns":123903.997}
{"schema":"riley.owned-graph-diagnostic.v1","kind":"read","capture_id":2,"replay_id":169,"host_read_bytes":98344,"host_read_ns":4879}
{"schema":"riley.owned-graph-diagnostic.v1","kind":"replay","capture_id":2,"replay_id":170,"position":136,"host_staging_bytes":98344,"event_setup_ns":327,"host_staging_ns":1571,"host_launch_ns":11089,"host_wait_ns":1919897,"cuda_graph_span_ns":1928223.968,"event_status":0,"launch_status":0,"completion_status":0}
{"schema":"riley.decode-operator-diagnostic.v1","kind":"operation","capture_id":2,"replay_id":170,"position":136,"operator":"attention","launch_status":0,"completion_status":0,"intervals":[{"layer":0,"cuda_span_ns":44032.000,"event_status":0},{"layer":15,"cuda_span_ns":43008.000,"event_status":0},{"layer":29,"cuda_span_ns":41983.999,"event_status":0}],"cuda_sum_ns":129023.999}
{"schema":"riley.owned-graph-diagnostic.v1","kind":"read","capture_id":2,"replay_id":170,"host_read_bytes":98344,"host_read_ns":4792}
{"schema":"riley.owned-graph-diagnostic.v1","kind":"replay","capture_id":2,"replay_id":171,"position":137,"host_staging_bytes":98344,"event_setup_ns":323,"host_staging_ns":1582,"host_launch_ns":11293,"host_wait_ns":1926719,"cuda_graph_span_ns":1935487.986,"event_status":0,"launch_status":0,"completion_status":0}
{"schema":"riley.decode-operator-diagnostic.v1","kind":"operation","capture_id":2,"replay_id":171,"position":137,"operator":"attention","launch_status":0,"completion_status":0,"intervals":[{"layer":0,"cuda_span_ns":43008.000,"event_status":0},{"layer":15,"cuda_span_ns":43008.000,"event_status":0},{"layer":29,"cuda_span_ns":43008.000,"event_status":0}],"cuda_sum_ns":129023.999}
{"schema":"riley.owned-graph-diagnostic.v1","kind":"read","capture_id":2,"replay_id":171,"host_read_bytes":98344,"host_read_ns":4625}
{"schema":"riley.owned-graph-diagnostic.v1","kind":"replay","capture_id":2,"replay_id":172,"position":138,"host_staging_bytes":98344,"event_setup_ns":528,"host_staging_ns":1595,"host_launch_ns":11140,"host_wait_ns":1928263,"cuda_graph_span_ns":1936895.967,"event_status":0,"launch_status":0,"completion_status":0}
{"schema":"riley.decode-operator-diagnostic.v1","kind":"operation","capture_id":2,"replay_id":172,"position":138,"operator":"attention","launch_status":0,"completion_status":0,"intervals":[{"layer":0,"cuda_span_ns":43008.000,"event_status":0},{"layer":15,"cuda_span_ns":43008.000,"event_status":0},{"layer":29,"cuda_span_ns":43008.000,"event_status":0}],"cuda_sum_ns":129023.999}
{"schema":"riley.owned-graph-diagnostic.v1","kind":"read","capture_id":2,"replay_id":172,"host_read_bytes":98344,"host_read_ns":4924}
{"schema":"riley.owned-graph-diagnostic.v1","kind":"replay","capture_id":2,"replay_id":173,"position":139,"host_staging_bytes":98344,"event_setup_ns":602,"host_staging_ns":1587,"host_launch_ns":11326,"host_wait_ns":1935567,"cuda_graph_span_ns":1944128.036,"event_status":0,"launch_status":0,"completion_status":0}
{"schema":"riley.decode-operator-diagnostic.v1","kind":"operation","capture_id":2,"replay_id":173,"position":139,"operator":"attention","launch_status":0,"completion_status":0,"intervals":[{"layer":0,"cuda_span_ns":44032.000,"event_status":0},{"layer":15,"cuda_span_ns":44032.000,"event_status":0},{"layer":29,"cuda_span_ns":43008.000,"event_status":0}],"cuda_sum_ns":131072.000}
{"schema":"riley.owned-graph-diagnostic.v1","kind":"read","capture_id":2,"replay_id":173,"host_read_bytes":98344,"host_read_ns":5116}
{"schema":"riley.owned-graph-diagnostic.v1","kind":"replay","capture_id":2,"replay_id":174,"position":140,"host_staging_bytes":98344,"event_setup_ns":564,"host_staging_ns":1564,"host_launch_ns":10815,"host_wait_ns":1935612,"cuda_graph_span_ns":1943680.048,"event_status":0,"launch_status":0,"completion_status":0}
{"schema":"riley.decode-operator-diagnostic.v1","kind":"operation","capture_id":2,"replay_id":174,"position":140,"operator":"attention","launch_status":0,"completion_status":0,"intervals":[{"layer":0,"cuda_span_ns":43008.000,"event_status":0},{"layer":15,"cuda_span_ns":43008.000,"event_status":0},{"layer":29,"cuda_span_ns":43008.000,"event_status":0}],"cuda_sum_ns":129023.999}
{"schema":"riley.owned-graph-diagnostic.v1","kind":"read","capture_id":2,"replay_id":174,"host_read_bytes":98344,"host_read_ns":4901}
{"schema":"riley.owned-graph-diagnostic.v1","kind":"replay","capture_id":2,"replay_id":175,"position":141,"host_staging_bytes":98344,"event_setup_ns":622,"host_staging_ns":1566,"host_launch_ns":11285,"host_wait_ns":1937511,"cuda_graph_span_ns":1946112.037,"event_status":0,"launch_status":0,"completion_status":0}
{"schema":"riley.decode-operator-diagnostic.v1","kind":"operation","capture_id":2,"replay_id":175,"position":141,"operator":"attention","launch_status":0,"completion_status":0,"intervals":[{"layer":0,"cuda_span_ns":43008.000,"event_status":0},{"layer":15,"cuda_span_ns":43008.000,"event_status":0},{"layer":29,"cuda_span_ns":44032.000,"event_status":0}],"cuda_sum_ns":130047.999}
{"schema":"riley.owned-graph-diagnostic.v1","kind":"read","capture_id":2,"replay_id":175,"host_read_bytes":98344,"host_read_ns":4867}
{"schema":"riley.owned-graph-diagnostic.v1","kind":"replay","capture_id":2,"replay_id":176,"position":142,"host_staging_bytes":98344,"event_setup_ns":432,"host_staging_ns":1670,"host_launch_ns":11744,"host_wait_ns":1935862,"cuda_graph_span_ns":1944895.983,"event_status":0,"launch_status":0,"completion_status":0}
{"schema":"riley.decode-operator-diagnostic.v1","kind":"operation","capture_id":2,"replay_id":176,"position":142,"operator":"attention","launch_status":0,"completion_status":0,"intervals":[{"layer":0,"cuda_span_ns":44032.000,"event_status":0},{"layer":15,"cuda_span_ns":44032.000,"event_status":0},{"layer":29,"cuda_span_ns":43008.000,"event_status":0}],"cuda_sum_ns":131072.000}
{"schema":"riley.owned-graph-diagnostic.v1","kind":"read","capture_id":2,"replay_id":176,"host_read_bytes":98344,"host_read_ns":4716}
{"schema":"riley.owned-graph-diagnostic.v1","kind":"replay","capture_id":2,"replay_id":177,"position":143,"host_staging_bytes":98344,"event_setup_ns":533,"host_staging_ns":1555,"host_launch_ns":11472,"host_wait_ns":1928355,"cuda_graph_span_ns":1936735.988,"event_status":0,"launch_status":0,"completion_status":0}
{"schema":"riley.decode-operator-diagnostic.v1","kind":"operation","capture_id":2,"replay_id":177,"position":143,"operator":"attention","launch_status":0,"completion_status":0,"intervals":[{"layer":0,"cuda_span_ns":43008.000,"event_status":0},{"layer":15,"cuda_span_ns":43008.000,"event_status":0},{"layer":29,"cuda_span_ns":43008.000,"event_status":0}],"cuda_sum_ns":129023.999}
{"schema":"riley.owned-graph-diagnostic.v1","kind":"read","capture_id":2,"replay_id":177,"host_read_bytes":98344,"host_read_ns":4318}
{"schema":"riley.owned-graph-diagnostic.v1","kind":"replay","capture_id":2,"replay_id":178,"position":144,"host_staging_bytes":98344,"event_setup_ns":424,"host_staging_ns":1559,"host_launch_ns":11100,"host_wait_ns":1992110,"cuda_graph_span_ns":2000576.019,"event_status":0,"launch_status":0,"completion_status":0}
{"schema":"riley.decode-operator-diagnostic.v1","kind":"operation","capture_id":2,"replay_id":178,"position":144,"operator":"attention","launch_status":0,"completion_status":0,"intervals":[{"layer":0,"cuda_span_ns":46080.001,"event_status":0},{"layer":15,"cuda_span_ns":46080.001,"event_status":0},{"layer":29,"cuda_span_ns":45056.000,"event_status":0}],"cuda_sum_ns":137216.002}
{"schema":"riley.owned-graph-diagnostic.v1","kind":"read","capture_id":2,"replay_id":178,"host_read_bytes":98344,"host_read_ns":4404}
{"schema":"riley.owned-graph-diagnostic.v1","kind":"replay","capture_id":2,"replay_id":179,"position":145,"host_staging_bytes":98344,"event_setup_ns":384,"host_staging_ns":1588,"host_launch_ns":10810,"host_wait_ns":2009641,"cuda_graph_span_ns":2017888.069,"event_status":0,"launch_status":0,"completion_status":0}
{"schema":"riley.decode-operator-diagnostic.v1","kind":"operation","capture_id":2,"replay_id":179,"position":145,"operator":"attention","launch_status":0,"completion_status":0,"intervals":[{"layer":0,"cuda_span_ns":47104.001,"event_status":0},{"layer":15,"cuda_span_ns":46080.001,"event_status":0},{"layer":29,"cuda_span_ns":46080.001,"event_status":0}],"cuda_sum_ns":139264.002}
{"schema":"riley.owned-graph-diagnostic.v1","kind":"read","capture_id":2,"replay_id":179,"host_read_bytes":98344,"host_read_ns":4505}
{"schema":"riley.owned-graph-diagnostic.v1","kind":"replay","capture_id":2,"replay_id":180,"position":146,"host_staging_bytes":98344,"event_setup_ns":393,"host_staging_ns":1562,"host_launch_ns":11130,"host_wait_ns":2009988,"cuda_graph_span_ns":2018239.975,"event_status":0,"launch_status":0,"completion_status":0}
{"schema":"riley.decode-operator-diagnostic.v1","kind":"operation","capture_id":2,"replay_id":180,"position":146,"operator":"attention","launch_status":0,"completion_status":0,"intervals":[{"layer":0,"cuda_span_ns":46080.001,"event_status":0},{"layer":15,"cuda_span_ns":46080.001,"event_status":0},{"layer":29,"cuda_span_ns":45056.000,"event_status":0}],"cuda_sum_ns":137216.002}
{"schema":"riley.owned-graph-diagnostic.v1","kind":"read","capture_id":2,"replay_id":180,"host_read_bytes":98344,"host_read_ns":4790}
{"schema":"riley.owned-graph-diagnostic.v1","kind":"replay","capture_id":2,"replay_id":181,"position":147,"host_staging_bytes":98344,"event_setup_ns":401,"host_staging_ns":1565,"host_launch_ns":11400,"host_wait_ns":2004185,"cuda_graph_span_ns":2012831.926,"event_status":0,"launch_status":0,"completion_status":0}
{"schema":"riley.decode-operator-diagnostic.v1","kind":"operation","capture_id":2,"replay_id":181,"position":147,"operator":"attention","launch_status":0,"completion_status":0,"intervals":[{"layer":0,"cuda_span_ns":46080.001,"event_status":0},{"layer":15,"cuda_span_ns":47104.001,"event_status":0},{"layer":29,"cuda_span_ns":46080.001,"event_status":0}],"cuda_sum_ns":139264.002}
{"schema":"riley.owned-graph-diagnostic.v1","kind":"read","capture_id":2,"replay_id":181,"host_read_bytes":98344,"host_read_ns":4496}
{"schema":"riley.owned-graph-diagnostic.v1","kind":"replay","capture_id":2,"replay_id":182,"position":148,"host_staging_bytes":98344,"event_setup_ns":387,"host_staging_ns":1602,"host_launch_ns":11074,"host_wait_ns":2010242,"cuda_graph_span_ns":2018752.098,"event_status":0,"launch_status":0,"completion_status":0}
{"schema":"riley.decode-operator-diagnostic.v1","kind":"operation","capture_id":2,"replay_id":182,"position":148,"operator":"attention","launch_status":0,"completion_status":0,"intervals":[{"layer":0,"cuda_span_ns":46080.001,"event_status":0},{"layer":15,"cuda_span_ns":46080.001,"event_status":0},{"layer":29,"cuda_span_ns":46080.001,"event_status":0}],"cuda_sum_ns":138240.002}
{"schema":"riley.owned-graph-diagnostic.v1","kind":"read","capture_id":2,"replay_id":182,"host_read_bytes":98344,"host_read_ns":4374}
{"schema":"riley.owned-graph-diagnostic.v1","kind":"replay","capture_id":2,"replay_id":183,"position":149,"host_staging_bytes":98344,"event_setup_ns":317,"host_staging_ns":1557,"host_launch_ns":11598,"host_wait_ns":2007015,"cuda_graph_span_ns":2016000.032,"event_status":0,"launch_status":0,"completion_status":0}
{"schema":"riley.decode-operator-diagnostic.v1","kind":"operation","capture_id":2,"replay_id":183,"position":149,"operator":"attention","launch_status":0,"completion_status":0,"intervals":[{"layer":0,"cuda_span_ns":47104.001,"event_status":0},{"layer":15,"cuda_span_ns":46080.001,"event_status":0},{"layer":29,"cuda_span_ns":45056.000,"event_status":0}],"cuda_sum_ns":138240.002}
{"schema":"riley.owned-graph-diagnostic.v1","kind":"read","capture_id":2,"replay_id":183,"host_read_bytes":98344,"host_read_ns":4425}
{"schema":"riley.owned-graph-diagnostic.v1","kind":"replay","capture_id":2,"replay_id":184,"position":150,"host_staging_bytes":98344,"event_setup_ns":446,"host_staging_ns":1545,"host_launch_ns":11119,"host_wait_ns":2001471,"cuda_graph_span_ns":2010143.995,"event_status":0,"launch_status":0,"completion_status":0}
{"schema":"riley.decode-operator-diagnostic.v1","kind":"operation","capture_id":2,"replay_id":184,"position":150,"operator":"attention","launch_status":0,"completion_status":0,"intervals":[{"layer":0,"cuda_span_ns":46080.001,"event_status":0},{"layer":15,"cuda_span_ns":46080.001,"event_status":0},{"layer":29,"cuda_span_ns":46080.001,"event_status":0}],"cuda_sum_ns":138240.002}
{"schema":"riley.owned-graph-diagnostic.v1","kind":"read","capture_id":2,"replay_id":184,"host_read_bytes":98344,"host_read_ns":4975}
{"schema":"riley.owned-graph-diagnostic.v1","kind":"replay","capture_id":2,"replay_id":185,"position":151,"host_staging_bytes":98344,"event_setup_ns":377,"host_staging_ns":1561,"host_launch_ns":11160,"host_wait_ns":2001353,"cuda_graph_span_ns":2009696.007,"event_status":0,"launch_status":0,"completion_status":0}
{"schema":"riley.decode-operator-diagnostic.v1","kind":"operation","capture_id":2,"replay_id":185,"position":151,"operator":"attention","launch_status":0,"completion_status":0,"intervals":[{"layer":0,"cuda_span_ns":46080.001,"event_status":0},{"layer":15,"cuda_span_ns":46080.001,"event_status":0},{"layer":29,"cuda_span_ns":45056.000,"event_status":0}],"cuda_sum_ns":137216.002}
{"schema":"riley.owned-graph-diagnostic.v1","kind":"read","capture_id":2,"replay_id":185,"host_read_bytes":98344,"host_read_ns":4614}
{"schema":"riley.owned-graph-diagnostic.v1","kind":"replay","capture_id":2,"replay_id":186,"position":152,"host_staging_bytes":98344,"event_setup_ns":309,"host_staging_ns":1602,"host_launch_ns":10991,"host_wait_ns":2050047,"cuda_graph_span_ns":2058336.020,"event_status":0,"launch_status":0,"completion_status":0}
{"schema":"riley.decode-operator-diagnostic.v1","kind":"operation","capture_id":2,"replay_id":186,"position":152,"operator":"attention","launch_status":0,"completion_status":0,"intervals":[{"layer":0,"cuda_span_ns":47104.001,"event_status":0},{"layer":15,"cuda_span_ns":47104.001,"event_status":0},{"layer":29,"cuda_span_ns":48128.001,"event_status":0}],"cuda_sum_ns":142336.003}
{"schema":"riley.owned-graph-diagnostic.v1","kind":"read","capture_id":2,"replay_id":186,"host_read_bytes":98344,"host_read_ns":4659}
{"schema":"riley.owned-graph-diagnostic.v1","kind":"replay","capture_id":2,"replay_id":187,"position":153,"host_staging_bytes":98344,"event_setup_ns":454,"host_staging_ns":1611,"host_launch_ns":12895,"host_wait_ns":2059728,"cuda_graph_span_ns":2069888.115,"event_status":0,"launch_status":0,"completion_status":0}
{"schema":"riley.decode-operator-diagnostic.v1","kind":"operation","capture_id":2,"replay_id":187,"position":153,"operator":"attention","launch_status":0,"completion_status":0,"intervals":[{"layer":0,"cuda_span_ns":47104.001,"event_status":0},{"layer":15,"cuda_span_ns":48128.001,"event_status":0},{"layer":29,"cuda_span_ns":47104.001,"event_status":0}],"cuda_sum_ns":142336.003}
{"schema":"riley.owned-graph-diagnostic.v1","kind":"read","capture_id":2,"replay_id":187,"host_read_bytes":98344,"host_read_ns":4816}
{"schema":"riley.owned-graph-diagnostic.v1","kind":"replay","capture_id":2,"replay_id":188,"position":154,"host_staging_bytes":98344,"event_setup_ns":367,"host_staging_ns":1601,"host_launch_ns":10956,"host_wait_ns":2058972,"cuda_graph_span_ns":2067104.101,"event_status":0,"launch_status":0,"completion_status":0}
{"schema":"riley.decode-operator-diagnostic.v1","kind":"operation","capture_id":2,"replay_id":188,"position":154,"operator":"attention","launch_status":0,"completion_status":0,"intervals":[{"layer":0,"cuda_span_ns":48128.001,"event_status":0},{"layer":15,"cuda_span_ns":48128.001,"event_status":0},{"layer":29,"cuda_span_ns":47104.001,"event_status":0}],"cuda_sum_ns":143360.004}
{"schema":"riley.owned-graph-diagnostic.v1","kind":"read","capture_id":2,"replay_id":188,"host_read_bytes":98344,"host_read_ns":4941}
{"schema":"riley.owned-graph-diagnostic.v1","kind":"replay","capture_id":2,"replay_id":189,"position":155,"host_staging_bytes":98344,"event_setup_ns":495,"host_staging_ns":1602,"host_launch_ns":11761,"host_wait_ns":2059163,"cuda_graph_span_ns":2068032.026,"event_status":0,"launch_status":0,"completion_status":0}
{"schema":"riley.decode-operator-diagnostic.v1","kind":"operation","capture_id":2,"replay_id":189,"position":155,"operator":"attention","launch_status":0,"completion_status":0,"intervals":[{"layer":0,"cuda_span_ns":48128.001,"event_status":0},{"layer":15,"cuda_span_ns":47104.001,"event_status":0},{"layer":29,"cuda_span_ns":47104.001,"event_status":0}],"cuda_sum_ns":142336.003}
{"schema":"riley.owned-graph-diagnostic.v1","kind":"read","capture_id":2,"replay_id":189,"host_read_bytes":98344,"host_read_ns":5087}
{"schema":"riley.owned-graph-diagnostic.v1","kind":"replay","capture_id":2,"replay_id":190,"position":156,"host_staging_bytes":98344,"event_setup_ns":520,"host_staging_ns":1634,"host_launch_ns":11191,"host_wait_ns":2058273,"cuda_graph_span_ns":2066368.103,"event_status":0,"launch_status":0,"completion_status":0}
{"schema":"riley.decode-operator-diagnostic.v1","kind":"operation","capture_id":2,"replay_id":190,"position":156,"operator":"attention","launch_status":0,"completion_status":0,"intervals":[{"layer":0,"cuda_span_ns":48128.001,"event_status":0},{"layer":15,"cuda_span_ns":48128.001,"event_status":0},{"layer":29,"cuda_span_ns":48128.001,"event_status":0}],"cuda_sum_ns":144384.004}
{"schema":"riley.owned-graph-diagnostic.v1","kind":"read","capture_id":2,"replay_id":190,"host_read_bytes":98344,"host_read_ns":5098}
{"schema":"riley.owned-graph-diagnostic.v1","kind":"replay","capture_id":2,"replay_id":191,"position":157,"host_staging_bytes":98344,"event_setup_ns":584,"host_staging_ns":1663,"host_launch_ns":12467,"host_wait_ns":2065050,"cuda_graph_span_ns":2074975.967,"event_status":0,"launch_status":0,"completion_status":0}
{"schema":"riley.decode-operator-diagnostic.v1","kind":"operation","capture_id":2,"replay_id":191,"position":157,"operator":"attention","launch_status":0,"completion_status":0,"intervals":[{"layer":0,"cuda_span_ns":48128.001,"event_status":0},{"layer":15,"cuda_span_ns":48128.001,"event_status":0},{"layer":29,"cuda_span_ns":48128.001,"event_status":0}],"cuda_sum_ns":144384.004}
{"schema":"riley.owned-graph-diagnostic.v1","kind":"read","capture_id":2,"replay_id":191,"host_read_bytes":98344,"host_read_ns":4804}
{"schema":"riley.owned-graph-diagnostic.v1","kind":"replay","capture_id":2,"replay_id":192,"position":158,"host_staging_bytes":98344,"event_setup_ns":554,"host_staging_ns":1650,"host_launch_ns":11353,"host_wait_ns":2059398,"cuda_graph_span_ns":2068192.005,"event_status":0,"launch_status":0,"completion_status":0}
{"schema":"riley.decode-operator-diagnostic.v1","kind":"operation","capture_id":2,"replay_id":192,"position":158,"operator":"attention","launch_status":0,"completion_status":0,"intervals":[{"layer":0,"cuda_span_ns":48128.001,"event_status":0},{"layer":15,"cuda_span_ns":47104.001,"event_status":0},{"layer":29,"cuda_span_ns":47104.001,"event_status":0}],"cuda_sum_ns":142336.003}
{"schema":"riley.owned-graph-diagnostic.v1","kind":"read","capture_id":2,"replay_id":192,"host_read_bytes":98344,"host_read_ns":4715}
riley graceful shutdown requested by SIGTERM
RILEY_GRAPH close replays=192
